complaint_id,city,complaint_latitude,complaint_longitude,actual_zone,predicted_zone,prediction_confidence,prob_zone_07,prob_zone_08,is_correct
CT009088,Noida,28.54630337607114,77.43257970269066,Zone_07,Zone_07,0.9941,0.9941,0.0057,True
CT008281,Gurugram,28.42015087192257,76.948070255845,Zone_08,Zone_08,0.99,0.01,0.99,True
CT006500,New Delhi,28.66156084235063,77.1920207749521,Zone_07,Zone_08,0.6823,0.3176,0.6823,False
CT010858,New Delhi,28.60382716094704,77.18241793023849,Zone_08,Zone_08,0.6154,0.3845,0.6154,True
CT016589,Noida,28.587459713292315,77.34819010011452,Zone_07,Zone_07,0.9619,0.9619,0.0381,True
CT001708,Gurugram,28.479938847683464,77.0318269040118,Zone_08,Zone_08,0.9906,0.0069,0.9906,True
CT008921,Gurugram,28.4442726149208,76.97195700031216,Zone_08,Zone_08,0.9985,0.0015,0.9985,True
CT009823,Faridabad,28.410065318313592,77.35719231194967,Zone_07,Zone_07,0.8096,0.8096,0.1903,True
CT013332,Gurugram,28.470118124275345,77.10781550677245,Zone_08,Zone_08,0.999,0.001,0.999,True
CT009553,New Delhi,28.63061039232862,77.11005455058954,Zone_08,Zone_08,0.6533,0.3466,0.6533,True
CT012062,New Delhi,28.590317003144843,77.24553247112812,Zone_07,Zone_08,0.736,0.2639,0.736,False
CT002655,Gurugram,28.488855169699782,77.08187131757931,Zone_08,Zone_08,0.9999,0.0001,0.9999,True
CT004204,New Delhi,28.666655055414555,77.27598079683045,Zone_08,Zone_08,0.7164,0.2835,0.7164,True
CT003813,Faridabad,28.435420050999276,77.3983121976395,Zone_08,Zone_07,0.8975,0.8975,0.1025,False
CT016709,New Delhi,28.590276274852737,77.21471211507536,Zone_07,Zone_07,0.5237,0.5237,0.4758,True
CT007551,Ghaziabad,28.629803711077717,77.46803023888322,Zone_07,Zone_07,0.9579,0.9579,0.0,True
CT005426,New Delhi,28.59560668572533,77.18704578848468,Zone_07,Zone_08,0.6069,0.3928,0.6069,False
CT009810,Noida,28.4950532672993,77.43151804737758,Zone_07,Zone_07,0.9927,0.9927,0.0069,True
CT011624,New Delhi,28.70449011315129,77.19521036052708,Zone_07,Zone_08,0.5172,0.4828,0.5172,False
CT004310,New Delhi,28.62807046639141,77.23227086054712,Zone_07,Zone_08,0.7508,0.2489,0.7508,False
CT003278,Faridabad,28.40510591977105,77.32159825899261,Zone_07,Zone_07,0.8052,0.8052,0.1913,True
CT013963,Ghaziabad,28.719153789965706,77.50688017948455,Zone_07,Zone_07,0.9854,0.9854,0.0,True
CT001833,Gurugram,28.507785195736293,77.01048514217833,Zone_08,Zone_08,0.981,0.0172,0.981,True
CT008639,Faridabad,28.40328570117534,77.34599766821032,Zone_07,Zone_07,0.8603,0.8603,0.1396,True
CT007172,Faridabad,28.4508842089984,77.3217746809584,Zone_07,Zone_07,0.8195,0.8195,0.1804,True
CT007097,Gurugram,28.44814024860408,77.03851983830103,Zone_08,Zone_08,0.9965,0.0035,0.9965,True
CT016127,Ghaziabad,28.65878021738188,77.42044545805665,Zone_07,Zone_07,0.981,0.981,0.0006,True
CT000783,Gurugram,28.47966433571265,77.02097185622847,Zone_08,Zone_08,0.9999,0.0001,0.9999,True
CT009681,Faridabad,28.36117336567236,77.33769601784752,Zone_07,Zone_07,0.8519,0.8519,0.1481,True
CT004975,New Delhi,28.59211266500556,77.27246566822268,Zone_08,Zone_07,0.5347,0.5347,0.4652,False
CT013719,New Delhi,28.64799852378702,77.19342469594443,Zone_08,Zone_08,0.6018,0.3981,0.6018,True
CT010507,New Delhi,28.69461985079121,77.19298943527211,Zone_08,Zone_08,0.5568,0.443,0.5568,True
CT007600,New Delhi,28.636197261499465,77.16127630304383,Zone_07,Zone_08,0.6812,0.3178,0.6812,False
CT013203,Faridabad,28.38902090291687,77.29062823595778,Zone_08,Zone_07,0.8248,0.8248,0.1752,False
CT004078,Faridabad,28.412389537868908,77.40063392460631,Zone_08,Zone_07,0.8096,0.8096,0.187,False
CT007860,Noida,28.542411201382187,77.3350398373431,Zone_07,Zone_07,0.9941,0.9941,0.0058,True
CT005027,Gurugram,28.354048491840302,77.00475729904043,Zone_08,Zone_08,0.9974,0.0026,0.9974,True
CT005141,New Delhi,28.634689044639316,77.15761889825707,Zone_08,Zone_08,0.5327,0.4672,0.5327,True
CT000867,Ghaziabad,28.58610710580505,77.49041773474882,Zone_07,Zone_07,0.9598,0.9598,0.0,True
CT017931,Gurugram,28.521538199059584,77.00681057462108,Zone_08,Zone_08,0.9999,0.0001,0.9999,True
CT004522,Gurugram,28.47202814024218,77.08502273023205,Zone_08,Zone_08,0.9887,0.0101,0.9887,True
CT013839,Faridabad,28.40738639704127,77.29416524501795,Zone_08,Zone_07,0.869,0.869,0.1309,False
CT000505,Faridabad,28.44334155857949,77.25734927292994,Zone_07,Zone_07,0.8216,0.8216,0.1784,True
CT013468,New Delhi,28.57478337548376,77.23905791745543,Zone_08,Zone_08,0.5755,0.4245,0.5755,True
CT014283,Noida,28.55740925972089,77.38027268744203,Zone_07,Zone_07,0.9902,0.9902,0.0097,True
CT009416,Faridabad,28.44839371753413,77.36267210364883,Zone_07,Zone_07,0.8002,0.8002,0.1997,True
CT004401,Noida,28.557962444413445,77.47761703507695,Zone_07,Zone_07,0.9725,0.9725,0.0275,True
CT007504,Gurugram,28.47873813040904,76.94952904510295,Zone_08,Zone_08,0.9946,0.0037,0.9946,True
CT009664,Ghaziabad,28.67991011516038,77.47210151378859,Zone_07,Zone_07,0.9667,0.9667,0.0,True
CT010407,Noida,28.4979465307347,77.38284635344924,Zone_07,Zone_07,0.9899,0.9899,0.0096,True
CT019595,Faridabad,28.402336657361904,77.30893790675674,Zone_07,Zone_07,0.7903,0.7903,0.2097,True
CT004626,New Delhi,28.55804871164377,77.2537380947023,Zone_08,Zone_08,0.6666,0.3331,0.6666,True
CT013079,New Delhi,28.637914927841923,77.13498193157253,Zone_08,Zone_08,0.6843,0.3157,0.6843,True
CT005339,Ghaziabad,28.689348682927104,77.47285197913914,Zone_07,Zone_07,0.9616,0.9616,0.0043,True
CT003635,New Delhi,28.59118310619995,77.22733920219237,Zone_08,Zone_08,0.6101,0.3898,0.6101,True
CT009719,Ghaziabad,28.771301561779072,77.4622044288818,Zone_07,Zone_07,0.9673,0.9673,0.0,True
CT014189,New Delhi,28.608322889895756,77.22722421677919,Zone_08,Zone_08,0.7469,0.2506,0.7469,True
CT010970,Gurugram,28.43669933659011,77.01781530489512,Zone_08,Zone_08,0.9999,0.0001,0.9999,True
CT005653,New Delhi,28.602543984677386,77.18445646623516,Zone_08,Zone_08,0.6268,0.373,0.6268,True
CT009081,Gurugram,28.46728658490941,77.06717017639644,Zone_08,Zone_08,0.9949,0.0051,0.9949,True
CT006659,Noida,28.58100144279348,77.40238806346835,Zone_07,Zone_07,0.998,0.998,0.0019,True
CT019996,Noida,28.519198876232387,77.34634117501352,Zone_07,Zone_07,0.9828,0.9828,0.0171,True
CT003298,Gurugram,28.39837242983433,76.92532986726758,Zone_08,Zone_08,0.9784,0.0055,0.9784,True
CT011839,New Delhi,28.633492149376117,77.17232451675011,Zone_07,Zone_08,0.5323,0.4676,0.5323,False
CT017042,Noida,28.566230380597897,77.46210312408019,Zone_07,Zone_07,0.983,0.983,0.0169,True
CT005039,Ghaziabad,28.678964312445007,77.48875193179907,Zone_07,Zone_07,0.9748,0.9748,0.0,True
CT003982,Gurugram,28.40019640696638,76.97950528842742,Zone_08,Zone_08,0.995,0.005,0.995,True
CT015520,Noida,28.50555865588272,77.45262682632591,Zone_07,Zone_07,0.938,0.938,0.062,True
CT000295,Ghaziabad,28.617485851128556,77.52032861467892,Zone_07,Zone_07,0.9816,0.9816,0.0,True
CT007314,New Delhi,28.622045291639022,77.15929751835353,Zone_07,Zone_08,0.5498,0.4501,0.5498,False
CT003262,New Delhi,28.693526924931547,77.17817432495025,Zone_08,Zone_08,0.7466,0.2534,0.7466,True
CT004334,Gurugram,28.46467761557067,77.0765475896643,Zone_08,Zone_08,0.9999,0.0001,0.9999,True
CT007218,New Delhi,28.59805803591216,77.11090463667881,Zone_08,Zone_08,0.6745,0.3255,0.6745,True
CT006086,Noida,28.5466925641819,77.35818851040798,Zone_07,Zone_07,0.9983,0.9983,0.0016,True
CT016112,Faridabad,28.38660253821701,77.25993981838742,Zone_08,Zone_07,0.7924,0.7924,0.19,False
CT017819,Gurugram,28.470790437516243,77.06484294453253,Zone_08,Zone_08,0.9987,0.0013,0.9987,True
CT015595,New Delhi,28.60666050073897,77.22221567836907,Zone_07,Zone_08,0.5466,0.4534,0.5466,False
CT001962,Gurugram,28.465269526829136,77.00076899303342,Zone_08,Zone_08,0.9997,0.0003,0.9997,True
CT015427,Ghaziabad,28.65899406118869,77.36875661906713,Zone_07,Zone_07,0.9682,0.9682,0.0011,True
CT010824,Gurugram,28.437117920525168,77.06297610861087,Zone_08,Zone_08,0.9983,0.0,0.9983,True
CT014791,Noida,28.440688236742403,77.43108947284519,Zone_07,Zone_07,0.9699,0.9699,0.03,True
CT017864,Faridabad,28.37740021724783,77.34659255076679,Zone_07,Zone_07,0.9057,0.9057,0.0925,True
CT001609,Gurugram,28.459755741142036,77.03003065595684,Zone_08,Zone_08,0.9975,0.0025,0.9975,True
CT006749,Gurugram,28.429202333127066,77.021281275653,Zone_08,Zone_08,0.9999,0.0001,0.9999,True
CT012475,New Delhi,28.63053178355074,77.17561732402213,Zone_07,Zone_08,0.6595,0.3404,0.6595,False
CT004979,Noida,28.54689713550271,77.30603410898682,Zone_07,Zone_07,0.9875,0.9875,0.0121,True
CT000279,Ghaziabad,28.658913407752237,77.48964650449942,Zone_07,Zone_07,0.9961,0.9961,0.0006,True
CT010980,Faridabad,28.414580305297765,77.3400350757716,Zone_07,Zone_07,0.8621,0.8621,0.1378,True
CT006758,Ghaziabad,28.73046425288214,77.38354091368372,Zone_07,Zone_07,0.9368,0.9368,0.0039,True
CT018344,New Delhi,28.645038756822792,77.23728694332112,Zone_08,Zone_08,0.5633,0.4366,0.5633,True
CT001934,Noida,28.57566819930845,77.45850866724945,Zone_07,Zone_07,0.9804,0.9804,0.0193,True
CT005877,New Delhi,28.63886024974818,77.20459046145882,Zone_08,Zone_08,0.6561,0.3438,0.6561,True
CT006948,New Delhi,28.541285602823837,77.1948688588531,Zone_07,Zone_08,0.6296,0.3703,0.6296,False
CT005543,New Delhi,28.58324769465656,77.16645026711171,Zone_08,Zone_08,0.699,0.2884,0.699,True
CT013777,Gurugram,28.455670397544548,77.08773471187207,Zone_08,Zone_08,0.9999,0.0001,0.9999,True
CT001599,Noida,28.52846730299694,77.36969611376642,Zone_07,Zone_07,0.9672,0.9672,0.0328,True
CT002165,Ghaziabad,28.663496143050896,77.47220982387901,Zone_07,Zone_07,0.9737,0.9737,0.0004,True
CT008548,Faridabad,28.3685188689282,77.30722121150792,Zone_07,Zone_07,0.8362,0.8362,0.162,True
CT006551,Ghaziabad,28.63698205464969,77.48028315490535,Zone_07,Zone_07,0.9833,0.9833,0.0,True
CT016437,Gurugram,28.511167894498644,77.06838216062403,Zone_08,Zone_08,0.9999,0.0001,0.9999,True
CT008293,Gurugram,28.431050598865816,77.08113055880304,Zone_08,Zone_08,0.9999,0.0001,0.9999,True
CT018027,New Delhi,28.692467909507887,77.28424560908867,Zone_07,Zone_08,0.702,0.2979,0.702,False
CT008935,Noida,28.51669994350696,77.3509498538743,Zone_07,Zone_07,0.9766,0.9766,0.0234,True
CT008153,Faridabad,28.42446075812134,77.32048002218197,Zone_07,Zone_07,0.8643,0.8643,0.134,True
CT011653,Faridabad,28.427011592049528,77.38229261501593,Zone_07,Zone_07,0.8559,0.8559,0.1441,True
CT016837,Faridabad,28.41065445711005,77.30141153668471,Zone_07,Zone_07,0.8579,0.8579,0.142,True
CT011005,Noida,28.49441117682958,77.36692504220488,Zone_07,Zone_07,0.9913,0.9913,0.0086,True
CT001018,Ghaziabad,28.634032815515265,77.49644543243579,Zone_07,Zone_07,0.9606,0.9606,0.0,True
CT000078,New Delhi,28.605914378606688,77.31296259489898,Zone_07,Zone_08,0.6714,0.3285,0.6714,False
CT009743,Faridabad,28.407560629478528,77.28986158518678,Zone_07,Zone_07,0.8356,0.8356,0.1609,True
CT000057,Gurugram,28.482313265743617,77.04115220510249,Zone_08,Zone_08,0.9898,0.0102,0.9898,True
CT012741,Ghaziabad,28.59570849253411,77.35958846306852,Zone_07,Zone_07,0.9653,0.9653,0.0018,True
CT008630,Ghaziabad,28.673297309736576,77.49350564684947,Zone_07,Zone_07,0.9858,0.9858,0.0008,True
CT018729,Gurugram,28.48287873784732,77.04959653344262,Zone_08,Zone_08,0.9999,0.0001,0.9999,True
CT018158,New Delhi,28.618270645913213,77.13142032946799,Zone_07,Zone_08,0.5937,0.4061,0.5937,False
CT014546,Faridabad,28.386719702083035,77.41826874549834,Zone_07,Zone_07,0.8615,0.8615,0.1385,True
CT012730,New Delhi,28.56147917666351,77.24421686598295,Zone_08,Zone_08,0.6743,0.3256,0.6743,True
CT010299,New Delhi,28.62022438142524,77.21600275523684,Zone_08,Zone_08,0.6697,0.3301,0.6697,True
CT005184,New Delhi,28.62991315316521,77.21316282041296,Zone_08,Zone_08,0.6787,0.3212,0.6787,True
CT004896,Gurugram,28.443621506329247,76.98124989047749,Zone_08,Zone_08,0.9999,0.0001,0.9999,True
CT004871,Gurugram,28.41776490450585,77.01775587535487,Zone_08,Zone_08,0.9999,0.0001,0.9999,True
CT014621,New Delhi,28.548204703908624,77.13179097704274,Zone_08,Zone_08,0.6547,0.3452,0.6547,True
CT010039,Faridabad,28.433487684167588,77.30900973854624,Zone_07,Zone_07,0.9143,0.9143,0.0844,True
CT019201,Noida,28.494478422215582,77.4404178455417,Zone_07,Zone_07,0.9972,0.9972,0.0027,True
CT019068,Noida,28.55599447067408,77.40699165320892,Zone_07,Zone_07,0.9986,0.9986,0.0008,True
CT005008,New Delhi,28.56471324448183,77.22590438782552,Zone_07,Zone_08,0.6736,0.3263,0.6736,False
CT012860,Faridabad,28.39889623689719,77.33900513539407,Zone_07,Zone_07,0.8671,0.8671,0.1328,True
CT000817,Ghaziabad,28.69692326533505,77.46031920810701,Zone_07,Zone_07,0.8915,0.8915,0.0067,True
CT008145,New Delhi,28.611725254524515,77.19813939304956,Zone_08,Zone_07,0.5062,0.5062,0.4936,False
CT005066,Faridabad,28.436543061896657,77.30461163188981,Zone_07,Zone_07,0.7809,0.7809,0.2191,True
CT011481,New Delhi,28.570524405145274,77.16328824975798,Zone_08,Zone_08,0.7481,0.2518,0.7481,True
CT017802,Ghaziabad,28.612992496474646,77.44891614823054,Zone_07,Zone_07,0.9645,0.9645,0.0066,True
CT017649,Gurugram,28.414893347323176,77.0542766069299,Zone_08,Zone_08,1.0,0.0,1.0,True
CT015231,New Delhi,28.573669167350225,77.25803976730681,Zone_08,Zone_08,0.6787,0.3213,0.6787,True
CT002758,New Delhi,28.597597940369,77.24720097323437,Zone_08,Zone_08,0.6245,0.3754,0.6245,True
CT014238,New Delhi,28.63249200968799,77.1552670387408,Zone_08,Zone_08,0.5963,0.4035,0.5963,True
CT008593,Ghaziabad,28.65728957556105,77.42625162137097,Zone_07,Zone_07,0.9848,0.9848,0.0,True
CT006575,Gurugram,28.405663531737297,77.00520340142056,Zone_08,Zone_08,0.9999,0.0001,0.9999,True
CT000384,Gurugram,28.4746292948918,76.98988899208747,Zone_08,Zone_08,0.9749,0.019,0.9749,True
CT002085,New Delhi,28.626709090536508,77.16330509977598,Zone_08,Zone_08,0.6954,0.3044,0.6954,True
CT006903,New Delhi,28.64341792460661,77.24352644761473,Zone_08,Zone_08,0.6861,0.3128,0.6861,True
CT014855,Ghaziabad,28.653878041866506,77.48590657340168,Zone_07,Zone_07,0.9823,0.9823,0.0,True
CT013946,Noida,28.570381158385693,77.43357338724718,Zone_07,Zone_07,0.9414,0.9414,0.027,True
CT012403,New Delhi,28.61217938620138,77.23043434353586,Zone_08,Zone_08,0.6437,0.3562,0.6437,True
CT012312,Gurugram,28.49651479132417,77.00710442453469,Zone_08,Zone_08,0.9998,0.0002,0.9998,True
CT010677,Gurugram,28.48630698771273,77.08024266031529,Zone_08,Zone_08,0.9998,0.0002,0.9998,True
CT005758,Gurugram,28.45951949498641,77.0548911192113,Zone_08,Zone_08,0.9997,0.0003,0.9997,True
CT005509,Noida,28.528101359106333,77.36744323767327,Zone_07,Zone_07,0.9933,0.9933,0.0066,True
CT013272,New Delhi,28.624675008794327,77.12848904394176,Zone_08,Zone_08,0.7196,0.2794,0.7196,True
CT012047,New Delhi,28.588581080267943,77.17219437676295,Zone_08,Zone_08,0.7076,0.2923,0.7076,True
CT008690,Ghaziabad,28.68423942851311,77.38278296372657,Zone_07,Zone_07,0.9638,0.9638,0.0025,True
CT001401,Gurugram,28.42560524289896,76.94341992280307,Zone_08,Zone_08,0.995,0.005,0.995,True
CT018264,Gurugram,28.4518074832037,77.06457406934469,Zone_08,Zone_08,0.9999,0.0001,0.9999,True
CT014188,Gurugram,28.487658819762945,77.1098923022709,Zone_08,Zone_08,0.999,0.001,0.999,True
CT019407,Ghaziabad,28.70268811935062,77.46743207944392,Zone_07,Zone_07,0.9762,0.9762,0.005,True
CT000900,Faridabad,28.42659793023132,77.18611238604794,Zone_07,Zone_07,0.6998,0.6998,0.2948,True
CT000976,New Delhi,28.701630854748704,77.2209922647025,Zone_07,Zone_08,0.6524,0.3471,0.6524,False
CT004110,Faridabad,28.372547619279565,77.33593587460003,Zone_07,Zone_07,0.8298,0.8298,0.1701,True
CT006240,Faridabad,28.385226506323946,77.2560603591822,Zone_08,Zone_07,0.7678,0.7678,0.2322,False
CT011917,Noida,28.50125931423654,77.37942674487378,Zone_07,Zone_07,0.9944,0.9944,0.0056,True
CT000252,Ghaziabad,28.69504098315194,77.41189009042438,Zone_07,Zone_07,0.993,0.993,0.0,True
CT002858,Gurugram,28.48521462679261,76.98519687456383,Zone_08,Zone_08,0.9999,0.0001,0.9999,True
CT007245,Gurugram,28.44386904685251,77.03184009963884,Zone_08,Zone_08,0.8654,0.052,0.8654,True
CT019637,New Delhi,28.636734068252608,77.26966640564663,Zone_07,Zone_08,0.5993,0.4006,0.5993,False
CT010137,New Delhi,28.630440323570195,77.19294839284082,Zone_08,Zone_08,0.7583,0.2415,0.7583,True
CT013800,New Delhi,28.61102310807302,77.25766260533088,Zone_08,Zone_08,0.6159,0.384,0.6159,True
CT014015,Noida,28.53430086676263,77.38438510550115,Zone_07,Zone_07,0.9874,0.9874,0.0084,True
CT011461,Gurugram,28.478952313044285,76.98701911951956,Zone_08,Zone_08,0.9999,0.0001,0.9999,True
CT002931,New Delhi,28.60155747355585,77.17520982215375,Zone_07,Zone_08,0.6379,0.3611,0.6379,False
CT010205,New Delhi,28.59075694625472,77.258661178732,Zone_08,Zone_08,0.6293,0.3706,0.6293,True
CT003516,Noida,28.57311401062708,77.38863967933878,Zone_07,Zone_07,0.9979,0.9979,0.002,True
CT008486,Ghaziabad,28.6733898175529,77.43989006313936,Zone_07,Zone_07,0.9052,0.9052,0.0043,True
CT008082,New Delhi,28.55547144361919,77.24831668619458,Zone_08,Zone_08,0.6987,0.301,0.6987,True
CT007265,Faridabad,28.38863420946165,77.33174299854372,Zone_08,Zone_07,0.7877,0.7877,0.2122,False
CT001339,Ghaziabad,28.687572102164296,77.50600942964569,Zone_07,Zone_07,0.9731,0.9731,0.0,True
CT012760,Gurugram,28.45860286875288,77.03030232283258,Zone_08,Zone_08,0.9979,0.0021,0.9979,True
CT013436,Gurugram,28.48395333309908,77.06419293515066,Zone_08,Zone_08,0.9793,0.0145,0.9793,True
CT000328,Faridabad,28.386175772147627,77.35204331494059,Zone_07,Zone_07,0.8271,0.8271,0.1729,True
CT016531,Faridabad,28.399713307854164,77.42622472615808,Zone_08,Zone_07,0.7734,0.7734,0.2265,False
CT015682,Gurugram,28.459954657088137,77.07839092001221,Zone_08,Zone_08,0.9999,0.0001,0.9999,True
CT007555,New Delhi,28.551924072675337,77.24190103257774,Zone_08,Zone_08,0.6759,0.324,0.6759,True
CT002862,Faridabad,28.448574314133342,77.32918167796768,Zone_07,Zone_07,0.8355,0.8355,0.1591,True
CT000102,New Delhi,28.595134893321124,77.22410047415897,Zone_07,Zone_07,0.5608,0.5608,0.4292,True
CT005383,Noida,28.56297453219981,77.44580545600346,Zone_07,Zone_07,0.9937,0.9937,0.0062,True
CT002361,Ghaziabad,28.71777246867335,77.479344491156,Zone_07,Zone_07,0.9278,0.9278,0.005,True
CT005168,Noida,28.56059764282293,77.37485973871651,Zone_07,Zone_07,0.9909,0.9909,0.009,True
CT013432,Gurugram,28.417952383714525,77.02447758263826,Zone_08,Zone_08,0.9999,0.0001,0.9999,True
CT009646,Gurugram,28.455515434961377,76.92449550504816,Zone_08,Zone_08,0.9577,0.0105,0.9577,True
CT006483,Ghaziabad,28.72412117294309,77.44988145405559,Zone_07,Zone_07,0.9852,0.9852,0.0002,True
CT005963,Gurugram,28.429420711696963,76.95000000498959,Zone_08,Zone_08,0.9762,0.0238,0.9762,True
CT001604,Noida,28.560128612255248,77.4276500955385,Zone_07,Zone_07,0.9925,0.9925,0.0067,True
CT001776,Faridabad,28.45635927779863,77.31775009667149,Zone_07,Zone_07,0.8333,0.8333,0.1666,True
CT004360,Noida,28.549415341482888,77.34742221283497,Zone_07,Zone_07,0.9941,0.9941,0.0059,True
CT009447,Faridabad,28.436503628948987,77.35515595957206,Zone_07,Zone_07,0.8401,0.8401,0.1587,True
CT002853,Noida,28.502997333689787,77.29809729138475,Zone_07,Zone_07,0.9307,0.9307,0.0693,True
CT003577,Ghaziabad,28.6470867550918,77.39525732037998,Zone_07,Zone_07,0.9887,0.9887,0.0,True
CT007796,New Delhi,28.625083640607983,77.21692598211004,Zone_07,Zone_08,0.6435,0.3564,0.6435,False
CT014447,New Delhi,28.64659008000944,77.13134651352131,Zone_08,Zone_08,0.5764,0.4236,0.5764,True
CT013630,Gurugram,28.449208341525345,77.1236233363184,Zone_08,Zone_08,0.9999,0.0001,0.9999,True
CT010660,Gurugram,28.44687668782279,76.99926952840757,Zone_08,Zone_08,0.9999,0.0001,0.9999,True
CT017627,Gurugram,28.48949911286251,77.04389792789803,Zone_08,Zone_08,1.0,0.0,1.0,True
CT002561,New Delhi,28.607535790550827,77.22384889018127,Zone_08,Zone_08,0.7705,0.2294,0.7705,True
CT000322,Gurugram,28.493216112640532,76.97731990603988,Zone_08,Zone_08,0.9788,0.0212,0.9788,True
CT011146,New Delhi,28.685314906908264,77.20500376593202,Zone_07,Zone_08,0.5557,0.4443,0.5557,False
CT001103,Noida,28.487472820975157,77.42039987222778,Zone_07,Zone_07,0.9947,0.9947,0.0051,True
CT004098,New Delhi,28.58231056717023,77.24576971154971,Zone_08,Zone_08,0.6666,0.3334,0.6666,True
CT004684,New Delhi,28.607472576111075,77.2070913439354,Zone_08,Zone_08,0.701,0.298,0.701,True
CT013783,New Delhi,28.603268844977563,77.29730264363342,Zone_07,Zone_08,0.6745,0.3254,0.6745,False
CT011541,Ghaziabad,28.66812524963901,77.44122064222861,Zone_07,Zone_07,0.9917,0.9917,0.0008,True
CT012287,Faridabad,28.423474544503964,77.34731670262278,Zone_07,Zone_07,0.8936,0.8936,0.1046,True
CT012410,New Delhi,28.58816281506029,77.16875905639878,Zone_07,Zone_08,0.677,0.323,0.677,False
CT006848,Gurugram,28.453114413938007,76.98315156825494,Zone_08,Zone_08,0.9674,0.0308,0.9674,True
CT006397,Noida,28.561293449725525,77.45155805083873,Zone_07,Zone_07,0.9943,0.9943,0.0051,True
CT004945,Faridabad,28.40192384384109,77.36102161552756,Zone_07,Zone_07,0.8843,0.8843,0.1156,True
CT019370,New Delhi,28.687593159582093,77.21796887737145,Zone_07,Zone_08,0.7155,0.2844,0.7155,False
CT011784,New Delhi,28.63754347201176,77.19865521251002,Zone_08,Zone_08,0.716,0.2839,0.716,True
CT008605,New Delhi,28.628412186904782,77.23963634603456,Zone_08,Zone_08,0.6358,0.3641,0.6358,True
CT019332,New Delhi,28.6297237342724,77.27959200320029,Zone_07,Zone_08,0.6097,0.3894,0.6097,False
CT009119,New Delhi,28.59182757642527,77.19816062481411,Zone_08,Zone_08,0.6156,0.3841,0.6156,True
CT006581,Ghaziabad,28.593338950270248,77.42611087886779,Zone_07,Zone_07,0.968,0.968,0.0,True
CT005589,Gurugram,28.49694959487949,76.93148174616594,Zone_08,Zone_08,0.9712,0.0072,0.9712,True
CT006872,Faridabad,28.47452137713279,77.31251276730302,Zone_08,Zone_07,0.8245,0.8245,0.1745,False
CT008563,Ghaziabad,28.674736728775464,77.44681362342347,Zone_07,Zone_07,0.9753,0.9753,0.0177,True
CT011130,Noida,28.57897779986056,77.41266279681417,Zone_07,Zone_07,0.9846,0.9846,0.0152,True
CT015828,Ghaziabad,28.68584691030468,77.401129740947,Zone_07,Zone_07,0.9488,0.9488,0.0,True
CT009274,New Delhi,28.585735163874094,77.2262323156932,Zone_07,Zone_08,0.6199,0.38,0.6199,False
CT008660,Gurugram,28.37595051665557,77.07022277696525,Zone_08,Zone_08,0.9973,0.0027,0.9973,True
CT011753,New Delhi,28.62181286174036,77.23392811878645,Zone_08,Zone_08,0.6736,0.3263,0.6736,True
CT018968,Faridabad,28.428496885103208,77.27033870018775,Zone_07,Zone_07,0.8192,0.8192,0.1808,True
CT014013,Noida,28.53595627708259,77.37559609664116,Zone_07,Zone_07,0.9904,0.9904,0.0094,True
CT004587,Faridabad,28.42663982270818,77.27673034815685,Zone_07,Zone_07,0.8284,0.8284,0.1715,True
CT015242,Noida,28.554768280678232,77.43612203248232,Zone_07,Zone_07,0.9943,0.9943,0.0052,True
CT018485,Noida,28.50635953002738,77.4368436196303,Zone_07,Zone_07,0.9817,0.9817,0.0181,True
CT019026,Faridabad,28.399301701727317,77.33775948502739,Zone_07,Zone_07,0.815,0.815,0.1849,True
CT007057,Ghaziabad,28.66466502830803,77.52853614089187,Zone_07,Zone_07,0.9879,0.9879,0.0026,True
CT000573,Gurugram,28.493904160804657,76.95514101006289,Zone_08,Zone_08,0.9958,0.0035,0.9958,True
CT004311,Faridabad,28.438989989934303,77.30933589808484,Zone_07,Zone_07,0.8495,0.8495,0.1413,True
CT008680,New Delhi,28.55349417430792,77.22794038086408,Zone_07,Zone_08,0.7294,0.2705,0.7294,False
CT014852,Noida,28.553391215798243,77.49446275981124,Zone_07,Zone_07,0.9711,0.9711,0.0276,True
CT009878,Ghaziabad,28.69544950602177,77.41486474758784,Zone_07,Zone_07,0.9491,0.9491,0.0,True
CT012447,New Delhi,28.67710959735101,77.19278475035728,Zone_07,Zone_08,0.7342,0.2655,0.7342,False
CT014768,Gurugram,28.4928798291202,77.03018859776256,Zone_08,Zone_08,0.9953,0.0047,0.9953,True
CT018980,New Delhi,28.568179864467616,77.20492260846044,Zone_08,Zone_08,0.7337,0.2662,0.7337,True
CT017075,Gurugram,28.475178566864727,77.08271705300717,Zone_08,Zone_08,0.9999,0.0001,0.9999,True
CT010812,New Delhi,28.60012573143224,77.2615688179326,Zone_08,Zone_08,0.5265,0.4654,0.5265,True
CT013717,New Delhi,28.590261084849896,77.2158795731461,Zone_08,Zone_08,0.5599,0.4399,0.5599,True
CT012100,New Delhi,28.596197047559706,77.28204075418498,Zone_08,Zone_08,0.7533,0.2466,0.7533,True
CT009506,New Delhi,28.62665711618922,77.211453706011,Zone_08,Zone_08,0.7058,0.2941,0.7058,True
CT009950,Faridabad,28.433028278111124,77.2953624980612,Zone_07,Zone_07,0.9046,0.9046,0.0901,True
CT002043,New Delhi,28.61733221987332,77.26168671110446,Zone_08,Zone_08,0.6931,0.3067,0.6931,True
CT006956,Gurugram,28.462275495187463,77.02742122999369,Zone_08,Zone_08,0.9999,0.0001,0.9999,True
CT017824,Ghaziabad,28.66719092793861,77.44316691155362,Zone_07,Zone_07,0.9739,0.9739,0.0,True
CT013005,Gurugram,28.520178325122,77.04250334295324,Zone_08,Zone_08,0.9978,0.0022,0.9978,True
CT006435,New Delhi,28.615503222328456,77.21803734137208,Zone_07,Zone_08,0.6264,0.3735,0.6264,False
CT014886,New Delhi,28.55961996714558,77.18304939317662,Zone_07,Zone_08,0.7606,0.2393,0.7606,False
CT019298,Faridabad,28.367745107054933,77.32475382564009,Zone_07,Zone_07,0.9113,0.9113,0.0853,True
CT001736,Noida,28.541943936583408,77.47213921942507,Zone_07,Zone_07,0.9572,0.9572,0.0426,True
CT014388,Gurugram,28.498002034268357,77.05434908076828,Zone_08,Zone_08,0.9951,0.0049,0.9951,True
CT000327,Noida,28.55182812825689,77.3331396121875,Zone_07,Zone_07,0.987,0.987,0.0128,True
CT013675,Faridabad,28.43968127110802,77.34205133154018,Zone_07,Zone_07,0.8598,0.8598,0.1402,True
CT016966,New Delhi,28.634897361419338,77.22989609370643,Zone_07,Zone_08,0.6114,0.3885,0.6114,False
CT002473,New Delhi,28.649576820139437,77.18901780568112,Zone_08,Zone_08,0.6413,0.3587,0.6413,True
CT001855,Ghaziabad,28.679107621346088,77.48812333892734,Zone_07,Zone_07,0.9938,0.9938,0.0,True
CT005475,New Delhi,28.656866499795044,77.27785724809758,Zone_08,Zone_08,0.7061,0.2937,0.7061,True
CT006628,New Delhi,28.603449463523926,77.25073001068128,Zone_08,Zone_08,0.6587,0.3412,0.6587,True
CT012025,New Delhi,28.55756286249024,77.12831014865529,Zone_07,Zone_08,0.5973,0.4027,0.5973,False
CT010615,New Delhi,28.62270687935828,77.19954334896589,Zone_07,Zone_08,0.6969,0.3031,0.6969,False
CT009226,Ghaziabad,28.729542209146103,77.48042066509355,Zone_07,Zone_07,0.9676,0.9676,0.0,True
CT016089,New Delhi,28.64015584447223,77.17185836888336,Zone_07,Zone_07,0.5177,0.5177,0.4822,True
CT000487,Gurugram,28.518105029145453,77.02599679222455,Zone_08,Zone_08,0.9981,0.0019,0.9981,True
CT012030,Faridabad,28.411291514190367,77.29920572700483,Zone_07,Zone_07,0.8373,0.8373,0.1626,True
CT019107,New Delhi,28.686245746138454,77.21398385648455,Zone_07,Zone_08,0.6805,0.3192,0.6805,False
CT001056,New Delhi,28.633232955968293,77.24934918234112,Zone_08,Zone_08,0.5488,0.451,0.5488,True
CT011505,Ghaziabad,28.63694304073536,77.53362224401329,Zone_07,Zone_07,0.8942,0.8942,0.0,True
CT019455,Faridabad,28.402606513666573,77.25058044936033,Zone_08,Zone_07,0.8233,0.8233,0.1766,False
CT005040,Noida,28.59989208411445,77.49212834545095,Zone_07,Zone_07,0.9347,0.9347,0.0438,True
CT008970,Faridabad,28.458642952809356,77.33615852110646,Zone_07,Zone_07,0.8501,0.8501,0.1488,True
CT009631,Noida,28.499842053763697,77.49576013205946,Zone_07,Zone_07,0.9802,0.9802,0.0186,True
CT013859,Faridabad,28.460473295128825,77.38790904027783,Zone_07,Zone_07,0.8749,0.8749,0.125,True
CT002195,New Delhi,28.610686032484704,77.18361094291771,Zone_07,Zone_08,0.6687,0.3311,0.6687,False
CT011796,New Delhi,28.599150617905583,77.20039496709677,Zone_08,Zone_08,0.6756,0.3244,0.6756,True
CT008277,Gurugram,28.43235408609716,77.01520634959888,Zone_08,Zone_08,1.0,0.0,1.0,True
CT011177,Gurugram,28.50594819750795,77.1234319755717,Zone_08,Zone_08,0.9695,0.0288,0.9695,True
CT018164,Noida,28.53078761854151,77.30691231350849,Zone_07,Zone_07,0.8837,0.8837,0.115,True
CT015404,New Delhi,28.61002288459264,77.20181781829045,Zone_08,Zone_08,0.5169,0.4831,0.5169,True
CT011406,Gurugram,28.476023051586637,77.00637987894603,Zone_08,Zone_08,0.9999,0.0001,0.9999,True
CT005337,New Delhi,28.622299531073907,77.13557352211714,Zone_08,Zone_08,0.6814,0.3185,0.6814,True
CT013059,Gurugram,28.45600676222669,77.05980981527395,Zone_08,Zone_08,0.9999,0.0001,0.9999,True
CT015549,Noida,28.52283522617766,77.37750442878533,Zone_07,Zone_07,0.9877,0.9877,0.0073,True
CT018322,New Delhi,28.611394517204808,77.14639544956589,Zone_08,Zone_08,0.7947,0.2052,0.7947,True
CT019831,New Delhi,28.621885804376262,77.17065968904944,Zone_08,Zone_08,0.7339,0.2659,0.7339,True
CT002715,Ghaziabad,28.716685171808454,77.39538267433753,Zone_07,Zone_07,0.9526,0.9526,0.0024,True
CT013894,Gurugram,28.464952944012754,76.9732708397048,Zone_08,Zone_08,0.9854,0.0146,0.9854,True
CT017287,Faridabad,28.403724043309104,77.31024942045778,Zone_07,Zone_07,0.8686,0.8686,0.1314,True
CT002456,Faridabad,28.43479189510523,77.2899814430052,Zone_07,Zone_07,0.8728,0.8728,0.1272,True
CT007087,Noida,28.580708173391027,77.39101632462766,Zone_07,Zone_07,0.9934,0.9934,0.0066,True
CT018088,Ghaziabad,28.625212354752385,77.44919877519014,Zone_07,Zone_07,0.9719,0.9719,0.0,True
CT008322,Faridabad,28.40995042461675,77.28144312657777,Zone_08,Zone_07,0.8133,0.8133,0.1866,False
CT012430,Gurugram,28.46246188633212,77.13839196743115,Zone_08,Zone_08,0.9999,0.0001,0.9999,True
CT008012,New Delhi,28.57486544971773,77.11374965704667,Zone_08,Zone_08,0.649,0.35,0.649,True
CT018561,Gurugram,28.412463298246116,77.08098828060487,Zone_08,Zone_08,0.9999,0.0001,0.9999,True
CT000839,Gurugram,28.482148952769467,77.01196089173364,Zone_08,Zone_08,0.9951,0.0049,0.9951,True
CT007775,New Delhi,28.651161844799788,77.16104062498898,Zone_08,Zone_08,0.653,0.347,0.653,True
CT017053,New Delhi,28.64898856967581,77.27277347299365,Zone_07,Zone_08,0.634,0.366,0.634,False
CT017671,New Delhi,28.662454332847837,77.20815986393747,Zone_08,Zone_08,0.5516,0.4484,0.5516,True
CT003248,Noida,28.52276759775253,77.3546033278412,Zone_07,Zone_07,0.9377,0.9377,0.0589,True
CT013904,Faridabad,28.42538155661301,77.42252778591254,Zone_07,Zone_07,0.8061,0.8061,0.1938,True
CT004273,Noida,28.508250163620584,77.32983205688834,Zone_07,Zone_07,0.9835,0.9835,0.0165,True
CT008796,New Delhi,28.5857909134689,77.21221586847508,Zone_07,Zone_08,0.6678,0.3321,0.6678,False
CT019703,New Delhi,28.585767945029925,77.23870193797325,Zone_08,Zone_08,0.6005,0.3979,0.6005,True
CT005835,Faridabad,28.350857973012435,77.37162320077516,Zone_07,Zone_07,0.7923,0.7923,0.2077,True
CT017418,Noida,28.49312056811124,77.3172529482298,Zone_07,Zone_07,0.9595,0.9595,0.0353,True
CT018039,Ghaziabad,28.733991839204386,77.41904252408192,Zone_07,Zone_07,0.9545,0.9545,0.0006,True
CT015316,Faridabad,28.408473158369173,77.31642901637588,Zone_07,Zone_07,0.9232,0.9232,0.0767,True
CT008400,Noida,28.51855186495448,77.39738374135165,Zone_07,Zone_07,0.993,0.993,0.007,True
CT012611,New Delhi,28.5994671050554,77.20588317927647,Zone_07,Zone_08,0.7299,0.27,0.7299,False
CT006627,New Delhi,28.63156810095976,77.20313355111612,Zone_08,Zone_08,0.6764,0.3235,0.6764,True
CT002688,New Delhi,28.619477817419423,77.1838328340898,Zone_08,Zone_08,0.6804,0.3195,0.6804,True
CT018299,Noida,28.54516459400953,77.3101944334571,Zone_07,Zone_07,0.9942,0.9942,0.0058,True
CT011243,Faridabad,28.40149715915421,77.29735632361503,Zone_07,Zone_07,0.8591,0.8591,0.1407,True
CT009304,Faridabad,28.40928746827824,77.32770203251013,Zone_07,Zone_07,0.7658,0.7658,0.2341,True
CT004764,Faridabad,28.37221537022126,77.36735131112873,Zone_07,Zone_07,0.8385,0.8385,0.1615,True
CT000371,Noida,28.53716539100435,77.40215671619715,Zone_07,Zone_07,0.9909,0.9909,0.0088,True
CT009564,New Delhi,28.645138455752456,77.23495432322288,Zone_07,Zone_08,0.6167,0.3832,0.6167,False
CT003417,New Delhi,28.57978243600708,77.12109568187526,Zone_07,Zone_08,0.6613,0.3386,0.6613,False
CT002819,Gurugram,28.46283872304591,76.9967358153141,Zone_08,Zone_08,0.9999,0.0001,0.9999,True
CT006738,New Delhi,28.596310711113933,77.18623488063338,Zone_08,Zone_08,0.6731,0.3254,0.6731,True
CT007313,Gurugram,28.420863085167092,77.04172054805427,Zone_08,Zone_08,0.9991,0.0009,0.9991,True
CT003779,Noida,28.518577658839963,77.35801642162454,Zone_07,Zone_07,0.9758,0.9758,0.0242,True
CT000627,Noida,28.534121164499005,77.39664033670695,Zone_07,Zone_07,0.9779,0.9779,0.0221,True
CT003870,Gurugram,28.43469154305585,76.98192304582409,Zone_08,Zone_08,0.9949,0.0051,0.9949,True
CT012818,Ghaziabad,28.70265872194501,77.45855894341403,Zone_07,Zone_07,0.97,0.97,0.0001,True
CT001289,Gurugram,28.426649149929435,77.08705162580802,Zone_08,Zone_08,0.9999,0.0001,0.9999,True
CT018636,Noida,28.51738192152202,77.39864993870133,Zone_07,Zone_07,0.9983,0.9983,0.0016,True
CT002098,Gurugram,28.468975385000792,77.03981671214322,Zone_08,Zone_08,0.9982,0.0018,0.9982,True
CT015097,New Delhi,28.635513637933386,77.2776133985926,Zone_08,Zone_08,0.7031,0.2968,0.7031,True
CT018113,New Delhi,28.55149328848849,77.183578290266,Zone_08,Zone_08,0.5175,0.4825,0.5175,True
CT006123,New Delhi,28.668069630726755,77.19551626440173,Zone_08,Zone_08,0.6777,0.3222,0.6777,True
CT008104,New Delhi,28.56415399373257,77.19911717249028,Zone_08,Zone_08,0.6537,0.3461,0.6537,True
CT011614,Noida,28.624652268690227,77.33730256702329,Zone_07,Zone_07,0.9911,0.9911,0.0084,True
CT012529,New Delhi,28.59359167317574,77.26080766717261,Zone_08,Zone_08,0.6607,0.3392,0.6607,True
CT010160,Noida,28.56428876538949,77.3670583597639,Zone_07,Zone_07,0.9925,0.9925,0.0075,True
CT012390,Noida,28.44162268526272,77.39381281914201,Zone_07,Zone_07,0.9921,0.9921,0.0078,True
CT006317,Faridabad,28.423380675994768,77.2640951387846,Zone_08,Zone_07,0.7679,0.7679,0.232,False
CT012517,Faridabad,28.41959642632375,77.33280048606031,Zone_07,Zone_07,0.8478,0.8478,0.1521,True
CT003517,New Delhi,28.62153199190548,77.1663369536021,Zone_07,Zone_08,0.5148,0.4851,0.5148,False
CT002883,Faridabad,28.426158360330376,77.38103834618413,Zone_07,Zone_07,0.8911,0.8911,0.1088,True
CT010528,New Delhi,28.657405332361915,77.1821213066226,Zone_08,Zone_08,0.6182,0.3815,0.6182,True
CT001193,Ghaziabad,28.66818095448312,77.47686548774715,Zone_07,Zone_07,0.9768,0.9768,0.0,True
CT003460,Noida,28.549784621118267,77.38392680301848,Zone_07,Zone_07,0.9962,0.9962,0.0038,True
CT012214,Ghaziabad,28.62041062997165,77.47053482319599,Zone_07,Zone_07,0.9491,0.9491,0.0,True
CT012514,New Delhi,28.570813026291823,77.14905054643229,Zone_08,Zone_08,0.6847,0.3152,0.6847,True
CT009647,Gurugram,28.43565010650766,77.0355446456303,Zone_08,Zone_08,0.9999,0.0001,0.9999,True
CT000822,New Delhi,28.6205663552469,77.15998969558696,Zone_08,Zone_08,0.665,0.3349,0.665,True
CT019069,Ghaziabad,28.678261620934723,77.5294143810015,Zone_07,Zone_07,0.9092,0.9092,0.0167,True
CT014822,New Delhi,28.63109018679116,77.15264271024331,Zone_08,Zone_08,0.6767,0.3232,0.6767,True
CT019278,Gurugram,28.49777281696093,77.0127805340762,Zone_08,Zone_08,0.9998,0.0002,0.9998,True
CT002975,Faridabad,28.390347768713493,77.33128022818518,Zone_07,Zone_07,0.8495,0.8495,0.1504,True
CT018639,New Delhi,28.60191798389324,77.23599711420383,Zone_08,Zone_08,0.5787,0.4212,0.5787,True
CT004502,Gurugram,28.47872796890166,77.06116955356575,Zone_08,Zone_08,0.9987,0.0013,0.9987,True
CT014690,Ghaziabad,28.66314326916504,77.48158843971792,Zone_07,Zone_07,0.9897,0.9897,0.0,True
CT012345,Noida,28.558718937107415,77.39246515784528,Zone_07,Zone_07,0.9822,0.9822,0.0177,True
CT016376,Noida,28.523731150031143,77.39096120882732,Zone_07,Zone_07,0.9939,0.9939,0.006,True
CT010478,Gurugram,28.530682276814552,77.10727462689059,Zone_08,Zone_08,0.9918,0.0002,0.9918,True
CT010142,Ghaziabad,28.68743340934859,77.44592780562205,Zone_07,Zone_07,0.9884,0.9884,0.0,True
CT016566,New Delhi,28.542465215755264,77.2437036218004,Zone_08,Zone_08,0.6016,0.3984,0.6016,True
CT018608,New Delhi,28.66497170519728,77.20424713415305,Zone_08,Zone_08,0.666,0.3339,0.666,True
CT002021,New Delhi,28.62575736832477,77.232506320038,Zone_07,Zone_08,0.7181,0.2818,0.7181,False
CT001696,Faridabad,28.4002939404776,77.36864813899406,Zone_08,Zone_07,0.8189,0.8189,0.1811,False
CT017528,Ghaziabad,28.715859244704703,77.43888990716867,Zone_07,Zone_07,0.9882,0.9882,0.0,True
CT009106,New Delhi,28.58365752726237,77.23443998301101,Zone_08,Zone_08,0.7147,0.2852,0.7147,True
CT014430,New Delhi,28.574373509290105,77.18820894499729,Zone_07,Zone_07,0.5199,0.5199,0.48,True
CT010898,Noida,28.50555782491355,77.44990635587905,Zone_07,Zone_07,0.9728,0.9728,0.0247,True
CT016542,Gurugram,28.483722129277837,77.01099272595813,Zone_08,Zone_08,0.9999,0.0001,0.9999,True
CT014322,New Delhi,28.65225819000325,77.22238082243916,Zone_08,Zone_08,0.731,0.2688,0.731,True
CT009829,Gurugram,28.421279115296837,76.98840495143436,Zone_08,Zone_08,1.0,0.0,1.0,True
CT014161,Gurugram,28.42372587556797,77.01456891220455,Zone_08,Zone_08,0.9691,0.0216,0.9691,True
CT006238,New Delhi,28.621678323305687,77.28229544234414,Zone_08,Zone_08,0.6042,0.3957,0.6042,True
CT004295,Noida,28.59751481434455,77.36437010654612,Zone_07,Zone_07,0.9699,0.9699,0.0299,True
CT010359,New Delhi,28.56112720544407,77.22858576757449,Zone_08,Zone_08,0.6629,0.337,0.6629,True
CT012143,Ghaziabad,28.648302190720177,77.46140026192786,Zone_07,Zone_07,0.9898,0.9898,0.0,True
CT002818,New Delhi,28.647706921092453,77.14764694929111,Zone_07,Zone_08,0.6458,0.3541,0.6458,False
CT008347,New Delhi,28.650016325027227,77.28914178901077,Zone_08,Zone_08,0.6314,0.3678,0.6314,True
CT013132,Noida,28.586579487833674,77.32309769049691,Zone_07,Zone_07,0.986,0.986,0.0139,True
CT003956,New Delhi,28.57291113996037,77.20364458462123,Zone_07,Zone_08,0.6882,0.3117,0.6882,False
CT009678,New Delhi,28.62683097083685,77.2652733911913,Zone_08,Zone_08,0.7308,0.2691,0.7308,True
CT014919,Noida,28.51388930486058,77.39021177679156,Zone_07,Zone_07,0.9873,0.9873,0.0127,True
CT004875,Faridabad,28.45528490689955,77.3453934877321,Zone_07,Zone_07,0.9129,0.9129,0.0871,True
CT004176,Faridabad,28.366777275861534,77.28264721692238,Zone_07,Zone_07,0.8474,0.8474,0.1524,True
CT006787,Gurugram,28.502292140099,77.03973104304232,Zone_08,Zone_08,0.9999,0.0001,0.9999,True
CT014596,New Delhi,28.65725628926215,77.18606497032258,Zone_08,Zone_08,0.7609,0.2391,0.7609,True
CT019773,Faridabad,28.35177173405861,77.29779490689793,Zone_07,Zone_07,0.8623,0.8623,0.1377,True
CT003083,New Delhi,28.649367596345755,77.27909606877641,Zone_08,Zone_08,0.5477,0.4523,0.5477,True
CT008204,New Delhi,28.56276664720718,77.12499337050869,Zone_08,Zone_07,0.5291,0.5291,0.4708,False
CT004184,Gurugram,28.518234355988746,77.00462911637696,Zone_08,Zone_08,0.9999,0.0001,0.9999,True
CT005712,Faridabad,28.41391122746569,77.31780925801257,Zone_07,Zone_07,0.8723,0.8723,0.1277,True
CT019193,Gurugram,28.410829016769352,77.05157081759464,Zone_08,Zone_08,0.9999,0.0001,0.9999,True
CT011941,Faridabad,28.415486831824868,77.2980555279513,Zone_07,Zone_07,0.8729,0.8729,0.1271,True
CT013413,New Delhi,28.67718509272889,77.25453115137705,Zone_08,Zone_08,0.6833,0.3166,0.6833,True
CT016404,Faridabad,28.420516709007963,77.35732287235525,Zone_07,Zone_07,0.8305,0.8305,0.1695,True
CT016903,Faridabad,28.404957942007822,77.27697034064056,Zone_08,Zone_07,0.8702,0.8702,0.1298,False
CT005401,New Delhi,28.61484254667576,77.20488629866699,Zone_07,Zone_08,0.5739,0.426,0.5739,False
CT006162,Faridabad,28.364191021036344,77.30458053438466,Zone_07,Zone_07,0.7691,0.7691,0.2308,True
CT002773,Ghaziabad,28.656193709892623,77.47112375613044,Zone_07,Zone_07,0.9815,0.9815,0.0,True
CT011647,New Delhi,28.63473245769801,77.28758271145519,Zone_08,Zone_08,0.6097,0.3903,0.6097,True
CT014740,Noida,28.546142257001968,77.43497044054791,Zone_07,Zone_07,0.9881,0.9881,0.0068,True
CT011561,Ghaziabad,28.654547223994705,77.55731283433636,Zone_07,Zone_07,0.9815,0.9815,0.0125,True
CT016317,New Delhi,28.63751045491878,77.16831533801326,Zone_08,Zone_08,0.6685,0.3314,0.6685,True
CT001303,Noida,28.57328369202108,77.31909548384007,Zone_07,Zone_07,0.9806,0.9806,0.0068,True
CT014955,New Delhi,28.60823392418672,77.2561258190007,Zone_07,Zone_08,0.6136,0.3864,0.6136,False
CT014514,New Delhi,28.573524234013323,77.25227004560958,Zone_07,Zone_08,0.6008,0.399,0.6008,False
CT015660,Noida,28.506012901839327,77.33604377256127,Zone_07,Zone_07,0.9352,0.9352,0.0638,True
CT001169,Noida,28.54693463228017,77.3149356282316,Zone_07,Zone_07,0.9547,0.9547,0.0436,True
CT016196,Faridabad,28.406427155307536,77.28958830908503,Zone_08,Zone_07,0.8639,0.8639,0.136,False
CT009944,Faridabad,28.43427433280714,77.32750936727751,Zone_07,Zone_07,0.8676,0.8676,0.1324,True
CT005272,Ghaziabad,28.66889271728532,77.38481389643546,Zone_07,Zone_07,0.9501,0.9501,0.0067,True
CT004460,Ghaziabad,28.638202837537065,77.51291390252908,Zone_07,Zone_07,0.931,0.931,0.0025,True
CT001005,New Delhi,28.5939718500866,77.26023357033361,Zone_08,Zone_08,0.6628,0.3371,0.6628,True
CT008089,Gurugram,28.48153564515659,77.0519987180701,Zone_08,Zone_08,0.9946,0.0037,0.9946,True
CT009339,Faridabad,28.440838891835725,77.41858892401623,Zone_08,Zone_07,0.8789,0.8789,0.1209,False
CT016789,Noida,28.504361158827493,77.37970507171397,Zone_07,Zone_07,0.9475,0.9475,0.0492,True
CT016552,New Delhi,28.646508250087887,77.32979034380556,Zone_07,Zone_08,0.5991,0.4009,0.5991,False
CT007964,New Delhi,28.662158285279595,77.27252838308598,Zone_08,Zone_08,0.5587,0.4412,0.5587,True
CT001142,Noida,28.56295555534296,77.47583607748285,Zone_07,Zone_07,0.9663,0.9663,0.0336,True
CT019606,Faridabad,28.34784132071197,77.32410394232804,Zone_07,Zone_07,0.8582,0.8582,0.1418,True
CT005179,Faridabad,28.339968777006288,77.32840465521683,Zone_07,Zone_07,0.8429,0.8429,0.1571,True
CT007943,New Delhi,28.584565493467977,77.17886013940318,Zone_08,Zone_07,0.5361,0.5361,0.4589,False
CT010354,Noida,28.498286815302183,77.36271372377223,Zone_07,Zone_07,0.9969,0.9969,0.0031,True
CT001453,Ghaziabad,28.71525840805826,77.41871599773607,Zone_07,Zone_07,0.9865,0.9865,0.0013,True
CT005952,Gurugram,28.46688329210529,77.00829146698838,Zone_08,Zone_08,0.9933,0.005,0.9933,True
CT011785,New Delhi,28.601175715550777,77.1376624880547,Zone_07,Zone_08,0.5614,0.4385,0.5614,False
CT001918,New Delhi,28.621081971592037,77.27475637264111,Zone_08,Zone_08,0.7195,0.2804,0.7195,True
CT009736,New Delhi,28.588195132032563,77.19975603723069,Zone_08,Zone_08,0.5683,0.4315,0.5683,True
CT002576,New Delhi,28.66647357123515,77.27558248380356,Zone_08,Zone_08,0.7611,0.2388,0.7611,True
CT002036,Noida,28.536146110510582,77.39752454188071,Zone_07,Zone_07,0.988,0.988,0.0115,True
CT010975,New Delhi,28.564649076138878,77.30234583165121,Zone_07,Zone_08,0.6184,0.3815,0.6184,False
CT000500,Faridabad,28.42058997703717,77.33140404632886,Zone_07,Zone_07,0.8575,0.8575,0.1424,True
CT008137,Faridabad,28.43566254501124,77.36120963292133,Zone_07,Zone_07,0.8874,0.8874,0.1126,True
CT007134,Gurugram,28.46083565319845,77.09366994332777,Zone_08,Zone_08,0.9899,0.0101,0.9899,True
CT011170,Noida,28.616703990978596,77.37554207207323,Zone_07,Zone_07,0.9845,0.9845,0.01,True
CT013382,Gurugram,28.526479660960515,76.99768795742074,Zone_08,Zone_08,0.9874,0.0126,0.9874,True
CT003550,Ghaziabad,28.68032063986202,77.47952530503315,Zone_07,Zone_07,0.9679,0.9679,0.0,True
CT007020,Faridabad,28.44199061866149,77.34589750742961,Zone_08,Zone_07,0.7587,0.7587,0.2412,False
CT017288,New Delhi,28.597920857217314,77.27653368751005,Zone_07,Zone_08,0.6659,0.334,0.6659,False
CT004858,New Delhi,28.548814906378748,77.27599102282373,Zone_07,Zone_08,0.6154,0.3846,0.6154,False
CT000135,New Delhi,28.624175196643627,77.19242749624331,Zone_08,Zone_08,0.5958,0.4041,0.5958,True
CT018247,New Delhi,28.579909457907767,77.26551917890824,Zone_08,Zone_08,0.545,0.4545,0.545,True
CT006911,Noida,28.56795145323187,77.3744543516226,Zone_07,Zone_07,0.9946,0.9946,0.0053,True
CT003689,New Delhi,28.59849592897371,77.14008219134385,Zone_08,Zone_08,0.6156,0.3843,0.6156,True
CT010602,Noida,28.521555993241865,77.4248857798676,Zone_07,Zone_07,0.9862,0.9862,0.0088,True
CT016730,Noida,28.514493235735763,77.32516879771912,Zone_07,Zone_07,0.9636,0.9636,0.0359,True
CT014092,Faridabad,28.39009992614611,77.31797301638991,Zone_07,Zone_07,0.7872,0.7872,0.2113,True
CT019746,New Delhi,28.628318459017304,77.13028333666126,Zone_08,Zone_08,0.6749,0.325,0.6749,True
CT019742,Noida,28.515367394270683,77.35426954195744,Zone_07,Zone_07,0.9407,0.9407,0.059,True
CT017985,New Delhi,28.60270789351057,77.26598304415081,Zone_07,Zone_08,0.6312,0.3688,0.6312,False
CT009121,New Delhi,28.629936974645627,77.20083026376128,Zone_08,Zone_08,0.7075,0.2923,0.7075,True
CT000959,Gurugram,28.38962013174413,77.08547937010908,Zone_08,Zone_08,0.9703,0.0285,0.9703,True
CT015715,New Delhi,28.621981759250048,77.23420176989094,Zone_07,Zone_08,0.6572,0.3427,0.6572,False
CT005647,New Delhi,28.575684218823294,77.27760814254887,Zone_08,Zone_08,0.5348,0.4651,0.5348,True
CT016269,Noida,28.553386740925827,77.4155883132095,Zone_07,Zone_07,0.9892,0.9892,0.0098,True
CT015275,New Delhi,28.57942045827563,77.22253425083927,Zone_08,Zone_08,0.7464,0.2535,0.7464,True
CT017372,Gurugram,28.446375032209986,77.02552558535353,Zone_08,Zone_08,0.9936,0.0047,0.9936,True
CT011372,Gurugram,28.435732540486384,77.03825209492905,Zone_08,Zone_08,1.0,0.0,1.0,True
CT000450,New Delhi,28.66525862839251,77.27434222028398,Zone_08,Zone_08,0.7152,0.2847,0.7152,True
CT017680,Faridabad,28.369025108028737,77.33453390412248,Zone_07,Zone_07,0.8476,0.8476,0.1522,True
CT012449,Noida,28.55818981306582,77.33798682331998,Zone_07,Zone_07,0.994,0.994,0.0056,True
CT018882,New Delhi,28.653422422795156,77.18044726528652,Zone_08,Zone_08,0.6629,0.337,0.6629,True
CT019070,Faridabad,28.334676379191794,77.30324993981445,Zone_07,Zone_07,0.865,0.865,0.135,True
CT008922,Noida,28.481860014043907,77.42383861736825,Zone_07,Zone_07,0.9972,0.9972,0.0026,True
CT006273,New Delhi,28.65174302827389,77.17760506739198,Zone_08,Zone_08,0.6392,0.3607,0.6392,True
CT009985,New Delhi,28.6221329592806,77.26169991190055,Zone_07,Zone_07,0.5371,0.5371,0.4628,True
CT002168,Gurugram,28.435561438807607,77.03254967847417,Zone_08,Zone_08,0.9889,0.0111,0.9889,True
CT008155,New Delhi,28.639963797232888,77.29486126120037,Zone_08,Zone_08,0.6412,0.3587,0.6412,True
CT015483,New Delhi,28.549658976000316,77.16480450058167,Zone_07,Zone_08,0.5652,0.4347,0.5652,False
CT000458,Gurugram,28.475380003228874,77.0142244687499,Zone_08,Zone_08,0.9999,0.0001,0.9999,True
CT012113,New Delhi,28.630220448476877,77.2098420723616,Zone_07,Zone_08,0.626,0.3738,0.626,False
CT011880,New Delhi,28.614512825009,77.2227071504749,Zone_08,Zone_08,0.7436,0.2563,0.7436,True
CT012505,Faridabad,28.47610833612153,77.2075853085217,Zone_07,Zone_07,0.7368,0.7368,0.2632,True
CT019292,Ghaziabad,28.6573407366071,77.45889826647883,Zone_07,Zone_07,0.9814,0.9814,0.0004,True
CT010878,Gurugram,28.482457337568377,77.02165037686461,Zone_08,Zone_08,0.9975,0.0025,0.9975,True
CT012832,Faridabad,28.44551269837717,77.24345602157435,Zone_07,Zone_07,0.887,0.887,0.113,True
CT017977,New Delhi,28.62292161010769,77.24185616530413,Zone_08,Zone_08,0.6967,0.3031,0.6967,True
CT011526,Noida,28.56282212932015,77.38585034465349,Zone_07,Zone_07,0.9961,0.9961,0.0034,True
CT003105,New Delhi,28.59403062832596,77.2374840571878,Zone_08,Zone_08,0.6352,0.3643,0.6352,True
CT001477,Gurugram,28.49782034643377,77.00902464570527,Zone_08,Zone_08,0.9999,0.0001,0.9999,True
CT010379,Faridabad,28.44514175020474,77.2796605672225,Zone_07,Zone_07,0.85,0.85,0.15,True
CT019769,Noida,28.53310481660253,77.36413412627124,Zone_07,Zone_07,0.9721,0.9721,0.0279,True
CT003337,Faridabad,28.413681836544693,77.22913952300989,Zone_07,Zone_07,0.7548,0.7548,0.2451,True
CT000844,Gurugram,28.446283694558357,77.01963093987382,Zone_08,Zone_08,0.9949,0.0051,0.9949,True
CT009092,Faridabad,28.4176588711909,77.30327967517428,Zone_07,Zone_07,0.8821,0.8821,0.1178,True
CT018309,Gurugram,28.417118134856494,76.98756351432422,Zone_08,Zone_08,0.9999,0.0001,0.9999,True
CT005936,Faridabad,28.39620501236892,77.33903813176585,Zone_07,Zone_07,0.8833,0.8833,0.1166,True
CT011298,Ghaziabad,28.615143307750465,77.47963357481756,Zone_07,Zone_07,0.9518,0.9518,0.0039,True
CT003670,Faridabad,28.381321193531456,77.3077860711893,Zone_08,Zone_07,0.8489,0.8489,0.151,False
CT009721,New Delhi,28.651740563571053,77.23317415380508,Zone_08,Zone_08,0.6619,0.3381,0.6619,True
CT006709,New Delhi,28.654246894537355,77.20844412552097,Zone_07,Zone_08,0.6343,0.3656,0.6343,False
CT014477,Gurugram,28.459003745081144,77.03106182747827,Zone_08,Zone_08,0.9865,0.0118,0.9865,True
CT006589,Ghaziabad,28.59237034353007,77.35381756372608,Zone_07,Zone_07,0.8701,0.8701,0.0116,True
CT014074,Faridabad,28.434407041425057,77.336500915659,Zone_07,Zone_07,0.8307,0.8307,0.1693,True
CT013445,Gurugram,28.512426236891727,77.00119830526901,Zone_08,Zone_08,0.9955,0.0031,0.9955,True
CT017387,Noida,28.544335330390638,77.38260498170301,Zone_07,Zone_07,0.9864,0.9864,0.0136,True
CT003559,New Delhi,28.625353398234108,77.19443935290157,Zone_08,Zone_08,0.6672,0.3326,0.6672,True
CT000203,Faridabad,28.4204495399162,77.34150785611044,Zone_07,Zone_07,0.8328,0.8328,0.1671,True
CT019211,Noida,28.561458073813185,77.4315742527917,Zone_07,Zone_07,0.9983,0.9983,0.0016,True
CT015768,Ghaziabad,28.667312624295448,77.48139688735432,Zone_07,Zone_07,0.9705,0.9705,0.0,True
CT014520,New Delhi,28.607817406050007,77.19201906087753,Zone_08,Zone_08,0.6751,0.3248,0.6751,True
CT003684,Gurugram,28.51341502593742,77.01512784800443,Zone_08,Zone_08,0.9877,0.0123,0.9877,True
CT016558,Faridabad,28.41959274023345,77.36565138890774,Zone_07,Zone_07,0.8476,0.8476,0.1506,True
CT014901,Ghaziabad,28.686986624264517,77.4654883130354,Zone_07,Zone_07,0.9084,0.9084,0.0,True
CT003830,New Delhi,28.60912119677993,77.20220440128729,Zone_08,Zone_08,0.6061,0.3938,0.6061,True
CT010350,Ghaziabad,28.683286581466525,77.49650293864569,Zone_07,Zone_07,0.9733,0.9733,0.0,True
CT018832,Noida,28.551846231800194,77.40212340262917,Zone_07,Zone_07,0.9967,0.9967,0.0033,True
CT005942,New Delhi,28.607415761057123,77.14163529232474,Zone_08,Zone_08,0.6588,0.3402,0.6588,True
CT011365,New Delhi,28.621995851923003,77.16297832053107,Zone_07,Zone_08,0.7294,0.2704,0.7294,False
CT017114,Noida,28.54018896015241,77.43933092303972,Zone_07,Zone_07,0.9855,0.9855,0.0105,True
CT009868,Noida,28.522376195669956,77.46468319820877,Zone_07,Zone_07,0.9739,0.9739,0.0261,True
CT013585,Faridabad,28.42597679726412,77.26169660664064,Zone_07,Zone_07,0.8921,0.8921,0.1041,True
CT018172,Noida,28.576938992740097,77.4831177381279,Zone_07,Zone_07,0.9823,0.9823,0.0174,True
CT000506,Noida,28.54895643484269,77.43343230121103,Zone_07,Zone_07,0.9267,0.9267,0.0674,True
CT015332,New Delhi,28.663079355411856,77.24844790723779,Zone_07,Zone_08,0.6585,0.3414,0.6585,False
CT019599,Faridabad,28.431760588522355,77.3219303925678,Zone_08,Zone_07,0.8321,0.8321,0.1679,False
CT001538,Noida,28.516179166425733,77.40670693185506,Zone_07,Zone_07,0.9916,0.9916,0.0078,True
CT009763,New Delhi,28.59211998416543,77.18108328338386,Zone_08,Zone_08,0.6693,0.3306,0.6693,True
CT018723,Ghaziabad,28.6628662668834,77.4523110461854,Zone_07,Zone_07,0.9877,0.9877,0.0,True
CT002032,Faridabad,28.40584108126473,77.35389719215912,Zone_07,Zone_07,0.8864,0.8864,0.1136,True
CT003586,Noida,28.553885935952096,77.36631228305058,Zone_07,Zone_07,0.9915,0.9915,0.0073,True
CT018857,Faridabad,28.37110063892568,77.35798709544656,Zone_07,Zone_07,0.7831,0.7831,0.2169,True
CT012590,Noida,28.53818997950357,77.3305851655412,Zone_07,Zone_07,0.9936,0.9936,0.0061,True
CT018040,Faridabad,28.40211009952044,77.36748446219583,Zone_07,Zone_07,0.8495,0.8495,0.1505,True
CT001175,Faridabad,28.42004375004736,77.28370998389815,Zone_07,Zone_07,0.8875,0.8875,0.1026,True
CT016173,Gurugram,28.465927624417137,76.95513371214867,Zone_08,Zone_08,0.999,0.001,0.999,True
CT002894,New Delhi,28.53508256523867,77.24730922415361,Zone_07,Zone_08,0.7547,0.2453,0.7547,False
CT006766,New Delhi,28.623304089431382,77.25645164313347,Zone_08,Zone_08,0.7201,0.2798,0.7201,True
CT003124,Gurugram,28.479974686924624,77.03717911102855,Zone_08,Zone_08,0.9999,0.0001,0.9999,True
CT007754,Ghaziabad,28.648579784592894,77.42304601898654,Zone_07,Zone_07,0.9821,0.9821,0.0,True
CT015637,New Delhi,28.64291958045704,77.13927429312223,Zone_08,Zone_08,0.644,0.3558,0.644,True
CT019802,New Delhi,28.600204513480552,77.23273362961417,Zone_08,Zone_08,0.6722,0.3275,0.6722,True
CT011523,Ghaziabad,28.68655729661629,77.46516700338141,Zone_07,Zone_07,0.9793,0.9793,0.005,True
CT009105,New Delhi,28.608443508409064,77.17746276248657,Zone_07,Zone_08,0.6549,0.345,0.6549,False
CT012441,Ghaziabad,28.67354965054256,77.52297761536197,Zone_07,Zone_07,0.9886,0.9886,0.0,True
CT011158,Ghaziabad,28.63456910821716,77.50270201337145,Zone_07,Zone_07,0.8689,0.8689,0.0,True
CT012167,Gurugram,28.41060484283945,77.0471720925648,Zone_08,Zone_08,0.9999,0.0001,0.9999,True
CT008914,Gurugram,28.506562405039222,76.94730387654205,Zone_08,Zone_08,0.9927,0.0073,0.9927,True
CT014438,New Delhi,28.579789658491013,77.26012502826993,Zone_08,Zone_08,0.5812,0.4187,0.5812,True
CT006585,Gurugram,28.44779832862205,77.07827247490822,Zone_08,Zone_08,0.9999,0.0001,0.9999,True
CT009786,New Delhi,28.66198014823011,77.2474781197559,Zone_08,Zone_08,0.7211,0.2788,0.7211,True
CT007010,Faridabad,28.430263153427664,77.37217365422187,Zone_07,Zone_07,0.8085,0.8085,0.1865,True
CT000935,Noida,28.505782699936308,77.43047930664139,Zone_07,Zone_07,0.9934,0.9934,0.0065,True
CT000672,Faridabad,28.34716795895912,77.34579186728298,Zone_07,Zone_07,0.8223,0.8223,0.1776,True
CT016209,New Delhi,28.578737846568327,77.20720563369153,Zone_07,Zone_08,0.7581,0.2402,0.7581,False
CT014280,Gurugram,28.48396525721888,77.01698269526953,Zone_08,Zone_08,0.9999,0.0001,0.9999,True
CT011090,New Delhi,28.583769097975395,77.19605269515121,Zone_08,Zone_08,0.584,0.4159,0.584,True
CT009745,Noida,28.51117379046068,77.42530371378076,Zone_07,Zone_07,0.9677,0.9677,0.0323,True
CT000880,New Delhi,28.624698929581687,77.23835826189118,Zone_07,Zone_08,0.6673,0.3325,0.6673,False
CT000492,New Delhi,28.67308493208772,77.19765761039244,Zone_07,Zone_08,0.5219,0.4768,0.5219,False
CT002636,Gurugram,28.480338968776092,76.99905357982269,Zone_08,Zone_08,0.9999,0.0001,0.9999,True
CT000983,Noida,28.600417312654056,77.31751460582008,Zone_07,Zone_07,0.996,0.996,0.0027,True
CT003560,Faridabad,28.377621647560748,77.33977383861387,Zone_08,Zone_07,0.8406,0.8406,0.1593,False
CT017795,New Delhi,28.581663144410296,77.2142330095952,Zone_08,Zone_08,0.6254,0.3746,0.6254,True
CT006943,Faridabad,28.429151533492817,77.32821289159583,Zone_07,Zone_07,0.7823,0.7823,0.2176,True
CT011767,New Delhi,28.564935472431724,77.31142561449101,Zone_07,Zone_08,0.5843,0.4128,0.5843,False
CT007834,New Delhi,28.61154760701393,77.19861360503471,Zone_07,Zone_08,0.7658,0.2341,0.7658,False
CT019612,Noida,28.55896787182956,77.47078968211441,Zone_07,Zone_07,0.9907,0.9907,0.0092,True
CT019244,Noida,28.55187802390403,77.39121755158627,Zone_07,Zone_07,0.9896,0.9896,0.0099,True
CT005770,Noida,28.55532761309288,77.41190735247179,Zone_07,Zone_07,0.9979,0.9979,0.002,True
CT006631,New Delhi,28.667532939324097,77.15564615978617,Zone_07,Zone_08,0.6528,0.3463,0.6528,False
CT012861,Faridabad,28.43287660138302,77.30152038995563,Zone_07,Zone_07,0.88,0.88,0.1199,True
CT009526,Faridabad,28.48243793734536,77.34751999392343,Zone_07,Zone_07,0.8135,0.8135,0.186,True
CT019690,Gurugram,28.482537098441245,77.01216233706747,Zone_08,Zone_08,0.9999,0.0001,0.9999,True
CT003954,New Delhi,28.58171538574897,77.14989766613498,Zone_08,Zone_08,0.6668,0.3331,0.6668,True
CT003832,New Delhi,28.61993100815628,77.14848208059507,Zone_07,Zone_08,0.5723,0.4261,0.5723,False
CT008849,Noida,28.524780227882378,77.35562031931912,Zone_07,Zone_07,0.9898,0.9898,0.0089,True
CT018566,New Delhi,28.55879002385433,77.23470148416972,Zone_07,Zone_08,0.5382,0.4614,0.5382,False
CT007235,New Delhi,28.568298158129178,77.1417284536572,Zone_08,Zone_08,0.5735,0.4265,0.5735,True
CT010792,Noida,28.521377126300912,77.47569867326683,Zone_07,Zone_07,0.9708,0.9708,0.0292,True
CT016060,Gurugram,28.43673974803907,77.03150704466654,Zone_08,Zone_08,0.9999,0.0001,0.9999,True
CT013929,New Delhi,28.63735662109845,77.1919126050183,Zone_07,Zone_08,0.5747,0.4252,0.5747,False
CT014966,New Delhi,28.57130252691516,77.24065357556174,Zone_08,Zone_08,0.6796,0.3204,0.6796,True
CT016335,Noida,28.550436201828614,77.38569322282318,Zone_07,Zone_07,0.9355,0.9355,0.0632,True
CT009391,New Delhi,28.536835986399375,77.19576896985323,Zone_08,Zone_08,0.6799,0.3201,0.6799,True
CT000080,Noida,28.56041758365937,77.43696870475831,Zone_07,Zone_07,0.9468,0.9468,0.0528,True
CT005513,Gurugram,28.42005601479837,77.00538195543197,Zone_08,Zone_08,1.0,0.0,1.0,True
CT014113,Gurugram,28.45601663471455,77.06285357072683,Zone_08,Zone_08,0.9999,0.0001,0.9999,True
CT019500,Ghaziabad,28.71965026915423,77.47425650323027,Zone_07,Zone_07,0.9872,0.9872,0.0069,True
CT002248,New Delhi,28.62889036084897,77.2255260064137,Zone_08,Zone_08,0.5158,0.4841,0.5158,True
CT006715,New Delhi,28.638136757469,77.19455510681993,Zone_08,Zone_08,0.7264,0.2735,0.7264,True
CT009301,Noida,28.575978041384147,77.4255594813769,Zone_07,Zone_07,0.9967,0.9967,0.0031,True
CT008040,Ghaziabad,28.71592302520054,77.45127615603961,Zone_07,Zone_07,0.9585,0.9585,0.0002,True
CT017007,Noida,28.494842730607647,77.2723310372218,Zone_07,Zone_07,0.9729,0.9729,0.0271,True
CT016737,New Delhi,28.559363482148072,77.21552223641727,Zone_08,Zone_08,0.7346,0.2652,0.7346,True
CT000710,Gurugram,28.45967831771791,77.06244555424772,Zone_08,Zone_08,0.9933,0.0067,0.9933,True
CT004804,Gurugram,28.401570856713438,76.93452847418209,Zone_08,Zone_08,0.9966,0.0034,0.9966,True
CT015789,Gurugram,28.43505986744761,77.08914751221823,Zone_08,Zone_08,0.9996,0.0001,0.9996,True
CT003183,Gurugram,28.472726869505536,76.95038159508529,Zone_08,Zone_08,0.9966,0.0001,0.9966,True
CT004560,New Delhi,28.63207019432524,77.22147269433702,Zone_07,Zone_08,0.557,0.4424,0.557,False
CT013311,Faridabad,28.39719565386481,77.20986200268817,Zone_07,Zone_07,0.8524,0.8524,0.1475,True
CT015337,New Delhi,28.570948396493563,77.15218955127312,Zone_08,Zone_08,0.5976,0.3963,0.5976,True
CT003326,Ghaziabad,28.71491445655648,77.51215762355453,Zone_07,Zone_07,0.9497,0.9497,0.0,True
CT008840,New Delhi,28.58924892101245,77.29987447030527,Zone_08,Zone_08,0.7401,0.2589,0.7401,True
CT012215,Gurugram,28.51438881992613,77.00971626872882,Zone_08,Zone_08,0.9999,0.0001,0.9999,True
CT018999,New Delhi,28.65459412837214,77.25880086858336,Zone_07,Zone_08,0.7473,0.2526,0.7473,False
CT011398,New Delhi,28.601279308387785,77.28120579468415,Zone_08,Zone_08,0.6773,0.3226,0.6773,True
CT012567,Gurugram,28.470001125495163,77.07296233884853,Zone_08,Zone_08,0.9966,0.0034,0.9966,True
CT018106,New Delhi,28.542698554227357,77.18218641480134,Zone_07,Zone_08,0.5654,0.4345,0.5654,False
CT011405,New Delhi,28.58956479620375,77.20845534510156,Zone_08,Zone_08,0.5997,0.4,0.5997,True
CT010998,Noida,28.54708779830028,77.39823726339796,Zone_07,Zone_07,0.9909,0.9909,0.0051,True
CT010466,Ghaziabad,28.694345909733524,77.48940475796655,Zone_07,Zone_07,0.9624,0.9624,0.0008,True
CT006967,Faridabad,28.44764833125791,77.3304126054341,Zone_07,Zone_07,0.8358,0.8358,0.1642,True
CT019366,Ghaziabad,28.637664421418155,77.53074685277478,Zone_07,Zone_07,0.9694,0.9694,0.0,True
CT018199,Ghaziabad,28.68349128436057,77.47442519463186,Zone_07,Zone_07,0.9852,0.9852,0.0104,True
CT000149,Gurugram,28.47802782784235,76.96716705623311,Zone_08,Zone_08,0.9999,0.0001,0.9999,True
CT015467,Ghaziabad,28.691551911986224,77.5549820262799,Zone_07,Zone_07,0.9822,0.9822,0.0,True
CT010625,Gurugram,28.46724562189212,76.9861627983343,Zone_08,Zone_08,0.9972,0.0028,0.9972,True
CT008775,New Delhi,28.700683544832888,77.17595943282977,Zone_08,Zone_08,0.5926,0.4074,0.5926,True
CT018217,New Delhi,28.58957498416559,77.13340240118836,Zone_08,Zone_08,0.7386,0.2613,0.7386,True
CT004556,Noida,28.54474996004485,77.39577172843205,Zone_07,Zone_07,0.9799,0.9799,0.0198,True
CT018715,New Delhi,28.691990734665204,77.24563650882891,Zone_07,Zone_07,0.532,0.532,0.4663,True
CT002345,New Delhi,28.614047076346328,77.29426614829268,Zone_08,Zone_08,0.6477,0.3522,0.6477,True
CT002196,Noida,28.53421631419195,77.40262239742633,Zone_08,Zone_07,0.9899,0.9899,0.01,False
CT005233,Gurugram,28.48139205094816,77.08525679919069,Zone_08,Zone_08,0.9899,0.0084,0.9899,True
CT008826,Ghaziabad,28.602028122197208,77.45154939639346,Zone_07,Zone_07,0.9345,0.9345,0.0083,True
CT018546,New Delhi,28.66976133895078,77.14814742551988,Zone_07,Zone_08,0.6854,0.3146,0.6854,False
CT012711,New Delhi,28.62548688758503,77.27379667123941,Zone_07,Zone_08,0.6469,0.3522,0.6469,False
CT012856,New Delhi,28.59784987755684,77.1998765502436,Zone_07,Zone_08,0.669,0.3309,0.669,False
CT012617,Faridabad,28.36459297960752,77.25338382287993,Zone_07,Zone_07,0.8553,0.8553,0.1446,True
CT015792,Ghaziabad,28.651069478640917,77.50357264001381,Zone_07,Zone_07,0.9881,0.9881,0.0008,True
CT001932,New Delhi,28.674181673257326,77.12717574124623,Zone_08,Zone_08,0.6868,0.313,0.6868,True
CT007076,Gurugram,28.425886699550023,77.03211375001102,Zone_08,Zone_08,0.9879,0.0103,0.9879,True
CT013335,Gurugram,28.46722822778502,77.09361819188572,Zone_08,Zone_08,0.9999,0.0001,0.9999,True
CT011875,Faridabad,28.40323406850331,77.30380124916404,Zone_07,Zone_07,0.8823,0.8823,0.1176,True
CT015782,New Delhi,28.648872543208707,77.22811841943859,Zone_07,Zone_08,0.7294,0.2706,0.7294,False
CT005171,New Delhi,28.579470176390764,77.22516461987888,Zone_08,Zone_08,0.6376,0.3624,0.6376,True
CT010826,New Delhi,28.61757500724642,77.22291758677375,Zone_08,Zone_08,0.7524,0.2475,0.7524,True
CT009804,New Delhi,28.66138791476974,77.2643186188014,Zone_07,Zone_08,0.6685,0.3314,0.6685,False
CT018108,Gurugram,28.469838029254458,77.04948072948639,Zone_08,Zone_08,0.99,0.01,0.99,True
CT005918,Noida,28.541965482062583,77.4386759903213,Zone_07,Zone_07,0.9891,0.9891,0.0108,True
CT001461,Noida,28.60514093352544,77.4101560986309,Zone_07,Zone_07,0.9804,0.9804,0.0195,True
CT018162,Noida,28.533305902066655,77.31892522538047,Zone_07,Zone_07,0.9866,0.9866,0.0134,True
CT007729,New Delhi,28.622654934291585,77.16402991203056,Zone_08,Zone_08,0.7431,0.2565,0.7431,True
CT002293,New Delhi,28.61557838635623,77.21975105716676,Zone_08,Zone_08,0.7076,0.2923,0.7076,True
CT015518,Faridabad,28.393201413032116,77.3486761135369,Zone_07,Zone_07,0.7558,0.7558,0.2442,True
CT007854,Gurugram,28.54606976279235,76.9802197043157,Zone_08,Zone_08,0.9891,0.0059,0.9891,True
CT019179,Noida,28.53232710592532,77.4314123767682,Zone_07,Zone_07,0.9943,0.9943,0.0056,True
CT002430,Noida,28.53644537785552,77.41920262212432,Zone_07,Zone_07,0.9961,0.9961,0.0026,True
CT016836,Gurugram,28.442144414701616,76.98286475870921,Zone_08,Zone_08,1.0,0.0,1.0,True
CT011234,Ghaziabad,28.64027098317539,77.53099960586616,Zone_07,Zone_07,0.9897,0.9897,0.0004,True
CT014200,New Delhi,28.62172837373285,77.26150244613075,Zone_08,Zone_08,0.5892,0.41,0.5892,True
CT016862,Ghaziabad,28.705138917027384,77.51291896820491,Zone_07,Zone_07,0.9859,0.9859,0.0,True
CT010787,New Delhi,28.563527437312185,77.18348729743565,Zone_08,Zone_08,0.6359,0.364,0.6359,True
CT018266,New Delhi,28.592490091288763,77.14516483458286,Zone_08,Zone_08,0.6416,0.3461,0.6416,True
CT014475,Gurugram,28.50359966655013,77.03510939564184,Zone_08,Zone_08,0.9999,0.0001,0.9999,True
CT005617,Gurugram,28.464501482085165,77.03175110832028,Zone_08,Zone_08,0.9949,0.0051,0.9949,True
CT017041,Gurugram,28.45283278271621,77.01857008682408,Zone_08,Zone_08,0.9999,0.0001,0.9999,True
CT005251,Gurugram,28.467507095918968,76.99715564063266,Zone_08,Zone_08,0.955,0.0432,0.955,True
CT007167,New Delhi,28.593688375118045,77.20466804850355,Zone_07,Zone_08,0.6186,0.3798,0.6186,False
CT010911,New Delhi,28.64935219197719,77.22947836265055,Zone_07,Zone_08,0.6769,0.323,0.6769,False
CT010893,Ghaziabad,28.676430736038256,77.36080315906626,Zone_07,Zone_07,0.92,0.92,0.0011,True
CT007509,New Delhi,28.66729858749694,77.23479055799953,Zone_08,Zone_08,0.6617,0.3382,0.6617,True
CT019596,Ghaziabad,28.67579258973877,77.35894131264996,Zone_07,Zone_07,0.9861,0.9861,0.0012,True
CT000648,Faridabad,28.44381901004992,77.33037125548852,Zone_07,Zone_07,0.7703,0.7703,0.2281,True
CT006691,Gurugram,28.431716674381004,77.03150226517556,Zone_08,Zone_08,0.9999,0.0001,0.9999,True
CT004302,New Delhi,28.59666950879158,77.21155738091035,Zone_08,Zone_08,0.6498,0.3492,0.6498,True
CT007675,Gurugram,28.4611644612635,77.07163321029947,Zone_08,Zone_08,0.9999,0.0001,0.9999,True
CT002016,Faridabad,28.364671933793428,77.37572501321412,Zone_07,Zone_07,0.8088,0.8088,0.1912,True
CT010884,Ghaziabad,28.652864303215463,77.40038222291274,Zone_07,Zone_07,0.9449,0.9449,0.0061,True
CT018354,Gurugram,28.45434787115909,77.02537026235393,Zone_08,Zone_08,0.9977,0.0023,0.9977,True
CT000274,New Delhi,28.644413549208856,77.22644215917083,Zone_08,Zone_08,0.7463,0.2536,0.7463,True
CT000834,New Delhi,28.600821591867053,77.22640839779828,Zone_07,Zone_07,0.5305,0.5305,0.469,True
CT013441,Noida,28.551721264291395,77.3871823589826,Zone_07,Zone_07,0.9959,0.9959,0.004,True
CT008528,New Delhi,28.664376548180293,77.22752930011279,Zone_08,Zone_08,0.7463,0.2535,0.7463,True
CT002089,New Delhi,28.65789487970052,77.22489996015474,Zone_08,Zone_08,0.6351,0.3648,0.6351,True
CT017079,Ghaziabad,28.6751482309823,77.41028994629009,Zone_07,Zone_07,0.9647,0.9647,0.0006,True
CT013141,New Delhi,28.598630248330696,77.17923103660685,Zone_08,Zone_08,0.6379,0.3621,0.6379,True
CT015863,Gurugram,28.44509464778761,77.04526699941133,Zone_08,Zone_08,0.9952,0.0048,0.9952,True
CT000004,New Delhi,28.5703235883404,77.19733941264383,Zone_07,Zone_08,0.6274,0.3726,0.6274,False
CT014671,Gurugram,28.42003252938199,76.9638504696797,Zone_08,Zone_08,0.9992,0.0001,0.9992,True
CT008997,Ghaziabad,28.644874837089727,77.3972247859735,Zone_07,Zone_07,0.9697,0.9697,0.0,True
CT009484,New Delhi,28.661426826930832,77.21756893395134,Zone_07,Zone_08,0.5807,0.4191,0.5807,False
CT007594,Noida,28.52073201492491,77.40135006032865,Zone_07,Zone_07,0.9958,0.9958,0.0042,True
CT006946,Noida,28.434987952017305,77.42603616094532,Zone_07,Zone_07,0.972,0.972,0.028,True
CT016590,Faridabad,28.420209740714554,77.27487645247918,Zone_07,Zone_07,0.7088,0.7088,0.2912,True
CT009197,Faridabad,28.38144582468257,77.27940101312223,Zone_07,Zone_07,0.8176,0.8176,0.1824,True
CT000365,New Delhi,28.613272230821725,77.2190693510228,Zone_07,Zone_08,0.6562,0.3437,0.6562,False
CT009009,New Delhi,28.55958183864796,77.24401271710708,Zone_07,Zone_08,0.7237,0.2762,0.7237,False
CT016579,Gurugram,28.42612456129804,77.06822859853733,Zone_08,Zone_08,0.9999,0.0001,0.9999,True
CT018620,Noida,28.542291155054613,77.34021637455547,Zone_07,Zone_07,0.9738,0.9738,0.0262,True
CT005821,New Delhi,28.585756461103987,77.2225941505088,Zone_07,Zone_08,0.7119,0.288,0.7119,False
CT019570,Ghaziabad,28.70828914200221,77.5067817491952,Zone_07,Zone_07,0.9801,0.9801,0.0,True
CT011046,Noida,28.500429138114743,77.42199170944058,Zone_07,Zone_07,0.9941,0.9941,0.0054,True
CT003683,Gurugram,28.450231942867603,77.06826826756061,Zone_08,Zone_08,0.9946,0.0037,0.9946,True
CT010246,Noida,28.53173849113156,77.38137725329157,Zone_07,Zone_07,0.9733,0.9733,0.0267,True
CT002626,Gurugram,28.49099610670797,76.99120480850327,Zone_08,Zone_08,0.9974,0.0026,0.9974,True
CT019623,Ghaziabad,28.61684754222756,77.45287522917202,Zone_07,Zone_07,0.9586,0.9586,0.0,True
CT000189,Noida,28.530285753487014,77.36561912392665,Zone_07,Zone_07,0.9922,0.9922,0.0077,True
CT009907,Faridabad,28.35090442877971,77.22236262928496,Zone_07,Zone_07,0.7961,0.7961,0.2038,True
CT018674,New Delhi,28.58660484437241,77.15389109738015,Zone_07,Zone_08,0.6422,0.3577,0.6422,False
CT004690,New Delhi,28.600583498586243,77.1977610269654,Zone_08,Zone_08,0.7011,0.2988,0.7011,True
CT002272,New Delhi,28.61998726708273,77.24262845103314,Zone_07,Zone_08,0.6308,0.3691,0.6308,False
CT002305,Gurugram,28.45632988667908,77.06336870405683,Zone_08,Zone_08,0.9999,0.0001,0.9999,True
CT009591,New Delhi,28.65842715129251,77.13012570085851,Zone_08,Zone_08,0.7736,0.2263,0.7736,True
CT009766,Faridabad,28.407254582726512,77.3004361723641,Zone_08,Zone_07,0.8406,0.8406,0.1593,False
CT005435,New Delhi,28.62761096429413,77.2183654456404,Zone_08,Zone_08,0.5941,0.4058,0.5941,True
CT010919,Noida,28.57611409027161,77.42806972660803,Zone_07,Zone_07,0.9838,0.9838,0.0112,True
CT004113,Noida,28.545578843078804,77.46482037413733,Zone_07,Zone_07,0.9973,0.9973,0.0026,True
CT018095,Gurugram,28.43944108305619,76.95667543176542,Zone_08,Zone_08,0.9999,0.0001,0.9999,True
CT002637,Gurugram,28.44588323196849,76.97449534812483,Zone_08,Zone_08,0.9825,0.0163,0.9825,True
CT019006,Noida,28.51886719753356,77.46353829392338,Zone_07,Zone_07,0.9645,0.9645,0.0352,True
CT006257,New Delhi,28.647731350943378,77.23360921145007,Zone_07,Zone_08,0.5244,0.4754,0.5244,False
CT000025,Noida,28.517998723743148,77.36832067045694,Zone_07,Zone_07,0.9905,0.9905,0.0095,True
CT009726,Noida,28.512602135649395,77.40997939902637,Zone_07,Zone_07,0.9501,0.9501,0.0495,True
CT004619,Gurugram,28.51098759060115,77.03954904175517,Zone_08,Zone_08,0.9998,0.0002,0.9998,True
CT019146,Ghaziabad,28.636956586480988,77.49964706286067,Zone_07,Zone_07,0.9816,0.9816,0.0,True
CT013218,New Delhi,28.620385600298096,77.21540823003298,Zone_08,Zone_08,0.6786,0.3204,0.6786,True
CT011718,New Delhi,28.61387095206691,77.17794087825682,Zone_07,Zone_08,0.6287,0.3712,0.6287,False
CT008071,Gurugram,28.416447714088125,76.99480529230215,Zone_08,Zone_08,0.9807,0.0176,0.9807,True
CT005631,Gurugram,28.437603863188592,77.03266853534709,Zone_08,Zone_08,0.9814,0.0169,0.9814,True
CT004129,Noida,28.552505488101712,77.39261964639378,Zone_07,Zone_07,0.9943,0.9943,0.0017,True
CT014583,Gurugram,28.49894932536672,77.03628189152445,Zone_08,Zone_08,0.9998,0.0002,0.9998,True
CT005670,Ghaziabad,28.678464094079285,77.47059660949417,Zone_07,Zone_07,0.9026,0.9026,0.0003,True
CT013563,Noida,28.540720976788645,77.37363788862781,Zone_07,Zone_07,0.9806,0.9806,0.0108,True
CT007661,Gurugram,28.434406667295267,76.98131720499637,Zone_08,Zone_08,0.9939,0.0061,0.9939,True
CT008984,Ghaziabad,28.65086216509329,77.53473537554329,Zone_07,Zone_07,0.9946,0.9946,0.0,True
CT018657,Ghaziabad,28.642995319658763,77.48097426397246,Zone_07,Zone_07,0.9862,0.9862,0.0079,True
CT017237,New Delhi,28.58887250562797,77.26175316978313,Zone_07,Zone_08,0.6816,0.3183,0.6816,False
CT011357,Faridabad,28.38418573085461,77.26918721478495,Zone_07,Zone_07,0.8049,0.8049,0.1951,True
CT002307,Faridabad,28.411348760302424,77.34468904894453,Zone_07,Zone_07,0.8889,0.8889,0.111,True
CT004135,Faridabad,28.409122059090457,77.28465375237836,Zone_08,Zone_07,0.7726,0.7726,0.2274,False
CT019063,Gurugram,28.478752737774485,76.94954539444508,Zone_08,Zone_08,0.9966,0.0034,0.9966,True
CT004977,Gurugram,28.4896093762556,76.95621472282875,Zone_08,Zone_08,0.9999,0.0001,0.9999,True
CT001128,New Delhi,28.616301001308603,77.20584523303363,Zone_07,Zone_08,0.7277,0.2722,0.7277,False
CT009576,Faridabad,28.456595075711625,77.29159965880412,Zone_07,Zone_07,0.8755,0.8755,0.1195,True
CT006437,Faridabad,28.43157883126858,77.30346128942955,Zone_07,Zone_07,0.8799,0.8799,0.1201,True
CT012271,Ghaziabad,28.65660108418897,77.45528080255481,Zone_07,Zone_07,0.978,0.978,0.0,True
CT009477,Faridabad,28.36366657673233,77.30619315138904,Zone_07,Zone_07,0.8173,0.8173,0.1809,True
CT000799,New Delhi,28.66464128782765,77.19538100598433,Zone_08,Zone_08,0.7355,0.2643,0.7355,True
CT015249,New Delhi,28.674350608988576,77.18523364749628,Zone_08,Zone_08,0.6746,0.3244,0.6746,True
CT006996,Ghaziabad,28.69240591727664,77.50585897898733,Zone_07,Zone_07,0.9839,0.9839,0.0,True
CT017459,New Delhi,28.593745832507285,77.22153414906441,Zone_07,Zone_08,0.5838,0.4162,0.5838,False
CT001828,Gurugram,28.45963959748396,77.06119657419633,Zone_08,Zone_08,0.9897,0.0086,0.9897,True
CT005058,Faridabad,28.369571125759315,77.24725686151125,Zone_07,Zone_07,0.7752,0.7752,0.2247,True
CT015957,New Delhi,28.61405135256026,77.2832309138348,Zone_08,Zone_08,0.7286,0.2712,0.7286,True
CT009099,Faridabad,28.43687967291489,77.35677977026492,Zone_07,Zone_07,0.8669,0.8669,0.133,True
CT000021,Noida,28.51390403185364,77.39377997766772,Zone_07,Zone_07,0.9966,0.9966,0.0009,True
CT011921,Noida,28.57577756579389,77.44012716077626,Zone_07,Zone_07,0.9856,0.9856,0.0144,True
CT002738,Faridabad,28.371535367855017,77.27646361452646,Zone_07,Zone_07,0.8359,0.8359,0.164,True
CT003420,Ghaziabad,28.63924488062828,77.41865892401489,Zone_07,Zone_07,0.9615,0.9615,0.0025,True
CT003589,Noida,28.47169802314904,77.331268363548,Zone_07,Zone_07,0.9893,0.9893,0.0107,True
CT004278,Ghaziabad,28.64603043059289,77.41435841189663,Zone_07,Zone_07,0.963,0.963,0.0,True
CT009746,Noida,28.487998968309977,77.38051521229268,Zone_07,Zone_07,0.9947,0.9947,0.0053,True
CT017411,New Delhi,28.62356742002842,77.1721499439671,Zone_08,Zone_08,0.708,0.2919,0.708,True
CT011842,Ghaziabad,28.65775731271629,77.5060116318607,Zone_07,Zone_07,0.9955,0.9955,0.0007,True
CT019969,New Delhi,28.58592518640469,77.18055572014659,Zone_08,Zone_08,0.5656,0.4343,0.5656,True
CT005106,Gurugram,28.453120584148063,77.06212547874087,Zone_08,Zone_08,1.0,0.0,1.0,True
CT019795,Ghaziabad,28.72813839488301,77.50448296042157,Zone_07,Zone_07,0.9734,0.9734,0.0,True
CT017712,Gurugram,28.45488344058038,77.01344886714831,Zone_08,Zone_08,0.9971,0.0029,0.9971,True
CT007470,New Delhi,28.56950820745021,77.296948145188,Zone_08,Zone_08,0.7207,0.2793,0.7207,True
CT012989,New Delhi,28.67532899460462,77.21869837071283,Zone_08,Zone_08,0.7453,0.2546,0.7453,True
CT000228,Faridabad,28.396554797783416,77.33795937063279,Zone_08,Zone_07,0.7194,0.7194,0.2805,False
CT007027,New Delhi,28.633697411316916,77.19081392042115,Zone_08,Zone_08,0.6792,0.3198,0.6792,True
CT015712,Gurugram,28.509862411970705,77.02947547407189,Zone_08,Zone_08,0.9869,0.0114,0.9869,True
CT015903,Ghaziabad,28.68996066887509,77.42950549477223,Zone_07,Zone_07,0.9594,0.9594,0.0,True
CT015359,New Delhi,28.565852025069155,77.24746474002853,Zone_08,Zone_08,0.6594,0.3405,0.6594,True
CT003894,Faridabad,28.386592228140152,77.36036271321304,Zone_08,Zone_07,0.9001,0.9001,0.0999,False
CT017997,New Delhi,28.68591336380248,77.14537338459708,Zone_07,Zone_08,0.5787,0.4199,0.5787,False
CT004277,Gurugram,28.449537509390503,77.04342231141209,Zone_08,Zone_08,0.9998,0.0002,0.9998,True
CT004384,Gurugram,28.482873881484696,77.01572320430832,Zone_08,Zone_08,1.0,0.0,1.0,True
CT013044,New Delhi,28.69821020339574,77.27291508916886,Zone_08,Zone_08,0.5402,0.4593,0.5402,True
CT015082,Faridabad,28.41781700043036,77.28715616400183,Zone_07,Zone_07,0.8261,0.8261,0.1738,True
CT019876,New Delhi,28.600251074257443,77.16090108034587,Zone_07,Zone_08,0.6932,0.3067,0.6932,False
CT015704,Ghaziabad,28.642497453409625,77.44442832490493,Zone_07,Zone_07,0.8931,0.8931,0.0,True
CT005710,New Delhi,28.56226951670718,77.16168009716837,Zone_07,Zone_08,0.6563,0.3436,0.6563,False
CT016476,Noida,28.52418519568153,77.41940062303955,Zone_07,Zone_07,0.9952,0.9952,0.0048,True
CT012895,New Delhi,28.55592705341948,77.12456960044226,Zone_08,Zone_08,0.6711,0.3289,0.6711,True
CT002675,New Delhi,28.605947976836013,77.22963147276026,Zone_08,Zone_08,0.6345,0.3654,0.6345,True
CT007639,Faridabad,28.36254291560345,77.37157965199695,Zone_07,Zone_07,0.8496,0.8496,0.1504,True
CT019239,Gurugram,28.48504742332109,77.02557207606576,Zone_08,Zone_08,0.9999,0.0001,0.9999,True
CT012618,Gurugram,28.360704539373284,76.98014194300008,Zone_08,Zone_08,0.9941,0.0059,0.9941,True
CT018307,New Delhi,28.662248789505558,77.177004363787,Zone_08,Zone_08,0.6974,0.3024,0.6974,True
CT016988,Gurugram,28.41242990494961,76.9947031343168,Zone_08,Zone_08,0.9974,0.0026,0.9974,True
CT018076,Noida,28.525349764723344,77.35111314055565,Zone_07,Zone_07,0.9828,0.9828,0.012,True
CT017096,Noida,28.56578840902486,77.438626617588,Zone_07,Zone_07,0.9951,0.9951,0.0048,True
CT015796,New Delhi,28.643643289669804,77.14489045528514,Zone_08,Zone_08,0.6432,0.3566,0.6432,True
CT000996,Gurugram,28.45997983761458,77.09750399441921,Zone_08,Zone_08,0.9859,0.0141,0.9859,True
CT016183,Gurugram,28.468131805738054,77.00218329641504,Zone_08,Zone_08,0.9998,0.0002,0.9998,True
CT007275,New Delhi,28.56791740939168,77.1383638520695,Zone_08,Zone_08,0.7044,0.2946,0.7044,True
CT010506,Noida,28.4824026911684,77.35409488075038,Zone_07,Zone_07,0.9986,0.9986,0.0013,True
CT013667,Faridabad,28.391669927658995,77.29166366343141,Zone_08,Zone_07,0.7746,0.7746,0.2254,False
CT010996,Ghaziabad,28.630796496774096,77.4763303724659,Zone_07,Zone_07,0.982,0.982,0.0006,True
CT009035,Gurugram,28.466611789302597,77.04956104877054,Zone_08,Zone_08,0.9999,0.0001,0.9999,True
CT011388,New Delhi,28.62795870575412,77.23659841308582,Zone_08,Zone_08,0.7527,0.2472,0.7527,True
CT006832,New Delhi,28.633367050113748,77.3425178040735,Zone_07,Zone_07,0.5074,0.5074,0.4921,True
CT011607,New Delhi,28.62955785630319,77.26262580178752,Zone_08,Zone_08,0.5326,0.4673,0.5326,True
CT011645,New Delhi,28.593517275823043,77.15230871255743,Zone_08,Zone_08,0.6842,0.3158,0.6842,True
CT003881,New Delhi,28.59608569851429,77.12098106994581,Zone_08,Zone_08,0.5546,0.4454,0.5546,True
CT013221,Faridabad,28.3785025955334,77.33712994107943,Zone_07,Zone_07,0.8446,0.8446,0.1553,True
CT011173,Noida,28.526024281398165,77.35847462168637,Zone_07,Zone_07,0.995,0.995,0.0048,True
CT002786,New Delhi,28.62001716630515,77.23492986927744,Zone_08,Zone_08,0.6618,0.3381,0.6618,True
CT007994,Ghaziabad,28.639369162485583,77.4066890176123,Zone_07,Zone_07,0.9842,0.9842,0.0067,True
CT017840,New Delhi,28.645004177306564,77.19580967244457,Zone_08,Zone_08,0.5811,0.4189,0.5811,True
CT007791,New Delhi,28.63455093287792,77.29410604633604,Zone_07,Zone_08,0.6572,0.3427,0.6572,False
CT016660,Gurugram,28.48512200513594,76.992903154039,Zone_08,Zone_08,0.9946,0.0037,0.9946,True
CT017698,Noida,28.61003067447948,77.3417019729302,Zone_07,Zone_07,0.9833,0.9833,0.0166,True
CT015884,Ghaziabad,28.6167682462642,77.473416603697,Zone_07,Zone_07,0.9625,0.9625,0.0,True
CT008196,Faridabad,28.424756792597982,77.2946574667593,Zone_07,Zone_07,0.7972,0.7972,0.1974,True
CT015224,Faridabad,28.41993974115218,77.3220858162785,Zone_07,Zone_07,0.828,0.828,0.1719,True
CT001943,Gurugram,28.449012299177724,77.060668335869,Zone_08,Zone_08,0.9878,0.011,0.9878,True
CT018071,New Delhi,28.616790342892266,77.26181701910585,Zone_08,Zone_08,0.72,0.2799,0.72,True
CT018571,Noida,28.56609874056017,77.32876446236027,Zone_07,Zone_07,0.9923,0.9923,0.0077,True
CT009178,Gurugram,28.455293910984253,77.07752996142735,Zone_08,Zone_08,1.0,0.0,1.0,True
CT002274,Ghaziabad,28.637570675223625,77.51119221457841,Zone_07,Zone_07,0.9732,0.9732,0.0,True
CT003973,Faridabad,28.4586056833927,77.36413441138356,Zone_07,Zone_07,0.8216,0.8216,0.1784,True
CT014734,Noida,28.51466403063131,77.30533987623906,Zone_07,Zone_07,0.9845,0.9845,0.0154,True
CT012164,New Delhi,28.658177585744607,77.23501455419603,Zone_07,Zone_08,0.5858,0.414,0.5858,False
CT018371,New Delhi,28.60759971367957,77.1567942647429,Zone_08,Zone_08,0.6487,0.3512,0.6487,True
CT014880,Noida,28.448273107301908,77.33146246991528,Zone_07,Zone_07,0.9812,0.9812,0.0187,True
CT001840,New Delhi,28.62092728641881,77.22152165263124,Zone_07,Zone_08,0.5645,0.4355,0.5645,False
CT000139,Noida,28.4935664044421,77.34929353257414,Zone_07,Zone_07,0.9449,0.9449,0.055,True
CT015005,Gurugram,28.45348908496516,77.00257536758325,Zone_08,Zone_08,0.9966,0.0034,0.9966,True
CT001574,Ghaziabad,28.62709061231824,77.43486911784196,Zone_07,Zone_07,0.9588,0.9588,0.0,True
CT017640,Ghaziabad,28.659645212739672,77.40576740760555,Zone_07,Zone_07,0.9667,0.9667,0.0,True
CT016267,New Delhi,28.6625375719075,77.20788556662089,Zone_08,Zone_08,0.5523,0.4469,0.5523,True
CT018969,Faridabad,28.40645511166562,77.30483568838251,Zone_07,Zone_07,0.8837,0.8837,0.1163,True
CT003833,Gurugram,28.43551319541748,77.0596602938303,Zone_08,Zone_08,0.9999,0.0001,0.9999,True
CT006378,Ghaziabad,28.70390928398973,77.43067117694785,Zone_07,Zone_07,0.9864,0.9864,0.0041,True
CT015179,Faridabad,28.405818514034188,77.33579799519792,Zone_07,Zone_07,0.8935,0.8935,0.1065,True
CT003569,Ghaziabad,28.70420781679598,77.5006265765324,Zone_07,Zone_07,0.9614,0.9614,0.0166,True
CT002461,Ghaziabad,28.68326450492367,77.44072244903488,Zone_07,Zone_07,0.9705,0.9705,0.0,True
CT008877,Ghaziabad,28.624408507571527,77.44438411183827,Zone_07,Zone_07,0.9647,0.9647,0.0,True
CT003842,New Delhi,28.60866495234449,77.27969815561467,Zone_08,Zone_08,0.6788,0.3211,0.6788,True
CT002604,Noida,28.530031879881737,77.49028129473186,Zone_07,Zone_07,0.9626,0.9626,0.0369,True
CT012085,Ghaziabad,28.707545403308163,77.48480494688465,Zone_07,Zone_07,0.989,0.989,0.0,True
CT011529,Noida,28.545895834395644,77.45941850410868,Zone_07,Zone_07,0.9958,0.9958,0.0042,True
CT016243,Ghaziabad,28.68045130294688,77.46261912419648,Zone_07,Zone_07,0.9863,0.9863,0.0,True
CT004393,Faridabad,28.38099380895612,77.33754509890205,Zone_07,Zone_07,0.8286,0.8286,0.1714,True
CT015506,Noida,28.50859312315334,77.43031136118111,Zone_07,Zone_07,0.9952,0.9952,0.0048,True
CT009918,Gurugram,28.48023299556712,77.02070725269742,Zone_08,Zone_08,0.9999,0.0001,0.9999,True
CT011864,Noida,28.512816398151788,77.4451405482914,Zone_07,Zone_07,0.9639,0.9639,0.0358,True
CT018196,Gurugram,28.437310035359324,77.00370488041357,Zone_08,Zone_08,0.9998,0.0002,0.9998,True
CT009074,New Delhi,28.608600796364232,77.19077237372797,Zone_08,Zone_08,0.6292,0.3707,0.6292,True
CT016296,Gurugram,28.44421977718637,77.11001071454561,Zone_08,Zone_08,0.9999,0.0001,0.9999,True
CT010032,Noida,28.49825496253332,77.43719971023135,Zone_07,Zone_07,0.9669,0.9669,0.0328,True
CT001458,Gurugram,28.47977874034062,77.0492037781775,Zone_08,Zone_08,0.9998,0.0002,0.9998,True
CT000368,New Delhi,28.64053591488354,77.18929390693756,Zone_08,Zone_08,0.6287,0.3711,0.6287,True
CT007866,Gurugram,28.456013946079352,77.02083669591829,Zone_08,Zone_08,0.9949,0.0051,0.9949,True
CT005981,Faridabad,28.43535938135556,77.25855358126442,Zone_07,Zone_07,0.7897,0.7897,0.2103,True
CT019232,Noida,28.57871196762035,77.35879664290847,Zone_07,Zone_07,0.9868,0.9868,0.0132,True
CT015653,Ghaziabad,28.693261224328985,77.43155546545132,Zone_07,Zone_07,0.9863,0.9863,0.0,True
CT019806,New Delhi,28.64352712701832,77.16284953067607,Zone_08,Zone_08,0.6652,0.3346,0.6652,True
CT013632,Ghaziabad,28.699818287761502,77.45969431831554,Zone_07,Zone_07,0.9864,0.9864,0.0006,True
CT016039,Faridabad,28.39877428160776,77.28339974786309,Zone_07,Zone_07,0.8609,0.8609,0.1373,True
CT005225,Gurugram,28.46140899214023,77.0293312652036,Zone_08,Zone_08,0.9996,0.0001,0.9996,True
CT017998,New Delhi,28.62961763160118,77.18680730867864,Zone_08,Zone_08,0.6864,0.3135,0.6864,True
CT003223,Noida,28.511514890917866,77.45075638685866,Zone_07,Zone_07,0.9868,0.9868,0.0132,True
CT019427,Noida,28.549906567551,77.32277838884055,Zone_07,Zone_07,0.9785,0.9785,0.0215,True
CT000990,Noida,28.616449080658622,77.38277122701032,Zone_07,Zone_07,0.9968,0.9968,0.0028,True
CT010330,Ghaziabad,28.65273169706657,77.50419619422574,Zone_07,Zone_07,0.959,0.959,0.0023,True
CT001985,New Delhi,28.58120883663429,77.23920111500537,Zone_07,Zone_08,0.6464,0.3535,0.6464,False
CT015218,Noida,28.50810091719302,77.37727316245721,Zone_07,Zone_07,0.9902,0.9902,0.0093,True
CT017145,New Delhi,28.603481785152216,77.21130748212705,Zone_08,Zone_08,0.6468,0.3467,0.6468,True
CT004925,Gurugram,28.423901811149346,76.99314618278099,Zone_08,Zone_08,0.9959,0.0041,0.9959,True
CT006455,New Delhi,28.587186438817582,77.19356132129084,Zone_07,Zone_08,0.5906,0.4093,0.5906,False
CT004482,New Delhi,28.64587739395612,77.21961137388205,Zone_07,Zone_08,0.6448,0.3551,0.6448,False
CT008356,Noida,28.534692429360064,77.37902239683783,Zone_07,Zone_07,0.9736,0.9736,0.0262,True
CT010251,Noida,28.474435006488577,77.38919499464868,Zone_07,Zone_07,0.9788,0.9788,0.0211,True
CT019032,Noida,28.530599344899677,77.36997375763943,Zone_07,Zone_07,0.9875,0.9875,0.0125,True
CT010318,Faridabad,28.393794907788056,77.2632879181148,Zone_07,Zone_07,0.833,0.833,0.1669,True
CT004377,New Delhi,28.595726191624845,77.17042558719908,Zone_08,Zone_08,0.5919,0.4076,0.5919,True
CT019436,Noida,28.492712454583533,77.3834567411935,Zone_07,Zone_07,0.9224,0.9224,0.0773,True
CT016260,Noida,28.52031617310795,77.399598068833,Zone_07,Zone_07,0.999,0.999,0.001,True
CT007870,New Delhi,28.66139277889588,77.15699314018187,Zone_08,Zone_08,0.5581,0.4418,0.5581,True
CT006504,Ghaziabad,28.68557231657507,77.32647908586264,Zone_07,Zone_07,0.9151,0.9151,0.0241,True
CT004196,Faridabad,28.42747131781596,77.35145408954145,Zone_07,Zone_07,0.8296,0.8296,0.1703,True
CT009461,Ghaziabad,28.619876936074203,77.4310593548647,Zone_07,Zone_07,0.9108,0.9108,0.0,True
CT002833,Gurugram,28.392180159409502,77.05742825078245,Zone_08,Zone_08,0.9832,0.0168,0.9832,True
CT017160,New Delhi,28.65468025692508,77.1561417169411,Zone_08,Zone_08,0.5355,0.4594,0.5355,True
CT007875,Faridabad,28.408761495580183,77.2952077568715,Zone_07,Zone_07,0.8332,0.8332,0.1627,True
CT009714,Noida,28.498192967922748,77.34507605268588,Zone_07,Zone_07,0.9844,0.9844,0.0156,True
CT004752,Faridabad,28.462109830598383,77.2473224143165,Zone_07,Zone_07,0.8215,0.8215,0.1784,True
CT016754,New Delhi,28.597832072553917,77.19797227962383,Zone_08,Zone_08,0.7234,0.2755,0.7234,True
CT014857,New Delhi,28.607801264853467,77.24974216899331,Zone_08,Zone_08,0.5231,0.4769,0.5231,True
CT006514,Noida,28.568497211277915,77.39845624432361,Zone_07,Zone_07,0.9848,0.9848,0.0148,True
CT008973,Ghaziabad,28.63357946759017,77.5101778022976,Zone_07,Zone_07,0.936,0.936,0.0008,True
CT001559,New Delhi,28.631497348826443,77.20973441607339,Zone_08,Zone_08,0.6709,0.3291,0.6709,True
CT004788,Noida,28.54316998881624,77.42604708689767,Zone_07,Zone_07,0.9763,0.9763,0.0235,True
CT018772,Gurugram,28.48912957742808,76.96056745035496,Zone_08,Zone_08,0.9999,0.0001,0.9999,True
CT001641,Noida,28.466725683087823,77.46259000894938,Zone_07,Zone_07,0.9748,0.9748,0.0242,True
CT013513,Noida,28.49680357699366,77.43521929558004,Zone_07,Zone_07,0.9605,0.9605,0.0395,True
CT017399,Noida,28.53054100975645,77.38648212490823,Zone_07,Zone_07,0.9983,0.9983,0.0016,True
CT017357,New Delhi,28.556211649850727,77.21364346592597,Zone_08,Zone_08,0.7416,0.2582,0.7416,True
CT003305,New Delhi,28.62208400924865,77.2140870543141,Zone_07,Zone_08,0.6588,0.3411,0.6588,False
CT019224,New Delhi,28.660005479106918,77.16561697632011,Zone_08,Zone_08,0.692,0.3078,0.692,True
CT019138,Ghaziabad,28.67414939795566,77.45879831764994,Zone_07,Zone_07,0.9449,0.9449,0.0,True
CT018651,New Delhi,28.588057125129627,77.33529060765362,Zone_08,Zone_08,0.6401,0.3589,0.6401,True
CT012973,Ghaziabad,28.75174372256185,77.41755394864997,Zone_07,Zone_07,0.9777,0.9777,0.0011,True
CT006312,Ghaziabad,28.676655724942965,77.4252222427369,Zone_07,Zone_07,0.9864,0.9864,0.0,True
CT005194,New Delhi,28.59452447625275,77.22029395280525,Zone_07,Zone_08,0.5053,0.4946,0.5053,False
CT016171,Noida,28.48784633931609,77.42482824005153,Zone_07,Zone_07,0.9915,0.9915,0.0083,True
CT004862,Ghaziabad,28.630963912595323,77.44322074612461,Zone_07,Zone_07,0.9271,0.9271,0.0,True
CT009539,New Delhi,28.5714605009453,77.18055963122485,Zone_07,Zone_08,0.5813,0.4136,0.5813,False
CT019446,Faridabad,28.464987653199472,77.27483233706128,Zone_07,Zone_07,0.8027,0.8027,0.1971,True
CT017579,New Delhi,28.64937019007831,77.22495125965817,Zone_08,Zone_08,0.684,0.3017,0.684,True
CT019056,Faridabad,28.44405793599668,77.325029856467,Zone_07,Zone_07,0.8179,0.8179,0.182,True
CT013824,Ghaziabad,28.65483052025468,77.42653063831929,Zone_07,Zone_07,0.9791,0.9791,0.006,True
CT013004,Gurugram,28.513898778519536,76.98456098740142,Zone_08,Zone_08,0.9918,0.0048,0.9918,True
CT005329,Gurugram,28.47195781538204,77.07047905038173,Zone_08,Zone_08,0.9926,0.0057,0.9926,True
CT016652,Noida,28.559833375578272,77.44270677112866,Zone_07,Zone_07,0.997,0.997,0.0015,True
CT006166,New Delhi,28.60051838669685,77.23101517917445,Zone_07,Zone_08,0.7039,0.296,0.7039,False
CT007254,New Delhi,28.588943500036383,77.2455627139285,Zone_08,Zone_08,0.613,0.3868,0.613,True
CT014561,Faridabad,28.38884780387097,77.30780510543633,Zone_07,Zone_07,0.8043,0.8043,0.1956,True
CT011948,Gurugram,28.46437044398924,77.05970128402427,Zone_08,Zone_08,0.9882,0.0101,0.9882,True
CT016840,Ghaziabad,28.64404207603716,77.48096314896159,Zone_07,Zone_07,0.9853,0.9853,0.0002,True
CT005034,Faridabad,28.43980549943846,77.29760975119137,Zone_08,Zone_07,0.8062,0.8062,0.1937,False
CT007085,New Delhi,28.651651257615832,77.3138851959576,Zone_08,Zone_08,0.5363,0.46,0.5363,True
CT008774,Noida,28.494595682443943,77.35855025815007,Zone_07,Zone_07,0.9928,0.9928,0.0072,True
CT003695,Noida,28.537271859475307,77.40560669170256,Zone_08,Zone_07,0.965,0.965,0.0347,False
CT001373,Gurugram,28.488808635841966,77.06353378440724,Zone_08,Zone_08,0.9999,0.0001,0.9999,True
CT006890,New Delhi,28.626432790486287,77.18140172959924,Zone_08,Zone_08,0.6827,0.3147,0.6827,True
CT011259,Gurugram,28.4611680416797,77.06177055091553,Zone_08,Zone_08,0.9982,0.0018,0.9982,True
CT002319,Gurugram,28.44567617011292,77.09450900307068,Zone_08,Zone_08,0.9999,0.0001,0.9999,True
CT008307,New Delhi,28.65214950819693,77.16385897244245,Zone_07,Zone_08,0.6482,0.3517,0.6482,False
CT002980,Ghaziabad,28.755991152486075,77.45350803890412,Zone_07,Zone_07,0.9951,0.9951,0.0001,True
CT016506,Noida,28.514307181136253,77.37246555063892,Zone_07,Zone_07,0.9956,0.9956,0.0044,True
CT005173,Ghaziabad,28.68833276923881,77.46015845229681,Zone_07,Zone_07,0.9914,0.9914,0.0,True
CT002070,Faridabad,28.448487701580536,77.30591305918261,Zone_07,Zone_07,0.9118,0.9118,0.0881,True
CT011261,Faridabad,28.409279182560358,77.3174799630838,Zone_07,Zone_07,0.9011,0.9011,0.0939,True
CT013048,New Delhi,28.63362909893987,77.13623667725285,Zone_08,Zone_08,0.7472,0.2527,0.7472,True
CT016854,New Delhi,28.605734077112064,77.15046871181022,Zone_08,Zone_08,0.6303,0.3696,0.6303,True
CT012747,Ghaziabad,28.74043503563524,77.45856289890196,Zone_07,Zone_07,0.9781,0.9781,0.0,True
CT014302,New Delhi,28.63419008200109,77.20657346209293,Zone_07,Zone_08,0.7001,0.2998,0.7001,False
CT004088,New Delhi,28.59759870912783,77.28570198409498,Zone_08,Zone_08,0.666,0.3309,0.666,True
CT006406,New Delhi,28.583581628923213,77.2879934423226,Zone_08,Zone_08,0.6776,0.3224,0.6776,True
CT007704,New Delhi,28.611957088209508,77.19258254356616,Zone_08,Zone_08,0.7204,0.2795,0.7204,True
CT006916,Ghaziabad,28.70959690556688,77.4372371317562,Zone_07,Zone_07,0.9793,0.9793,0.0052,True
CT011670,New Delhi,28.62850863806473,77.18076072456677,Zone_07,Zone_08,0.5707,0.4293,0.5707,False
CT002490,New Delhi,28.68793755305624,77.14032016322493,Zone_08,Zone_08,0.6459,0.354,0.6459,True
CT006101,Faridabad,28.41678293807544,77.40353451967137,Zone_07,Zone_07,0.867,0.867,0.1313,True
CT010257,Ghaziabad,28.649472477255134,77.42108125237321,Zone_07,Zone_07,0.9776,0.9776,0.0,True
CT015213,New Delhi,28.682105355465005,77.1767246757725,Zone_08,Zone_08,0.7212,0.2786,0.7212,True
CT013225,New Delhi,28.61419813233117,77.26149059645954,Zone_08,Zone_08,0.7435,0.2564,0.7435,True
CT007304,Gurugram,28.39237328924876,77.06833148581029,Zone_08,Zone_08,0.9874,0.0109,0.9874,True
CT009292,Ghaziabad,28.744758534153533,77.39468556030577,Zone_07,Zone_07,0.95,0.95,0.0,True
CT011993,Ghaziabad,28.66276051798452,77.4158045348926,Zone_07,Zone_07,0.9402,0.9402,0.0143,True
CT015029,New Delhi,28.63363659348178,77.10836098515122,Zone_07,Zone_08,0.5744,0.4212,0.5744,False
CT005982,Faridabad,28.40519015258908,77.36445529768741,Zone_07,Zone_07,0.8173,0.8173,0.1827,True
CT004353,New Delhi,28.63234927113868,77.20593027476768,Zone_07,Zone_08,0.8107,0.1892,0.8107,False
CT015896,Ghaziabad,28.57692045609742,77.4421843619608,Zone_07,Zone_07,0.9007,0.9007,0.0,True
CT004904,Ghaziabad,28.678396100580347,77.46215643012245,Zone_07,Zone_07,0.9727,0.9727,0.0132,True
CT010138,New Delhi,28.62801139379692,77.16458711234431,Zone_08,Zone_08,0.5187,0.4812,0.5187,True
CT013934,Gurugram,28.467433048966598,77.0390473065965,Zone_08,Zone_08,0.9999,0.0001,0.9999,True
CT007630,Ghaziabad,28.690153803955347,77.48162214995712,Zone_07,Zone_07,0.9682,0.9682,0.0,True
CT000367,Noida,28.52698082579776,77.45215892330182,Zone_07,Zone_07,0.9822,0.9822,0.0177,True
CT013840,Faridabad,28.469999246134957,77.30891435806313,Zone_07,Zone_07,0.8648,0.8648,0.1344,True
CT003876,Gurugram,28.497717848743267,77.050700272697,Zone_08,Zone_08,0.9998,0.0002,0.9998,True
CT004107,New Delhi,28.667387745620385,77.22041319763957,Zone_07,Zone_08,0.6793,0.3206,0.6793,False
CT019730,New Delhi,28.604332876851977,77.22371700776402,Zone_08,Zone_08,0.7385,0.2605,0.7385,True
CT014478,Ghaziabad,28.65216286664435,77.45466392679712,Zone_07,Zone_07,0.9891,0.9891,0.0,True
CT013908,Gurugram,28.4649805230384,76.95166026301781,Zone_08,Zone_08,0.9999,0.0001,0.9999,True
CT016425,New Delhi,28.62485677017266,77.2923995640921,Zone_07,Zone_08,0.7372,0.262,0.7372,False
CT006573,New Delhi,28.630170859787533,77.17314871486963,Zone_08,Zone_08,0.6818,0.3181,0.6818,True
CT003980,New Delhi,28.57252485357127,77.24501102680699,Zone_07,Zone_08,0.6375,0.3624,0.6375,False
CT005811,Faridabad,28.48036905561859,77.37633304101364,Zone_07,Zone_07,0.8882,0.8882,0.1112,True
CT004265,New Delhi,28.561289330719024,77.2088678142076,Zone_07,Zone_08,0.6159,0.384,0.6159,False
CT007667,Noida,28.57011383034824,77.42834131151146,Zone_07,Zone_07,0.9908,0.9908,0.0086,True
CT010793,Faridabad,28.39419843500832,77.28608746564188,Zone_07,Zone_07,0.8167,0.8167,0.1742,True
CT002621,Ghaziabad,28.670675696996277,77.45820852722541,Zone_07,Zone_07,0.9805,0.9805,0.005,True
CT008558,New Delhi,28.612785623219374,77.32671713537152,Zone_08,Zone_08,0.632,0.3678,0.632,True
CT009183,Gurugram,28.408675577126388,77.15160344611519,Zone_08,Zone_08,0.9676,0.0299,0.9676,True
CT005257,New Delhi,28.639322015633613,77.27513622415438,Zone_08,Zone_08,0.6347,0.3644,0.6347,True
CT019248,Faridabad,28.41566368040644,77.28532832423079,Zone_07,Zone_07,0.8045,0.8045,0.1955,True
CT010510,Noida,28.49802091644561,77.408292029726,Zone_07,Zone_07,0.9943,0.9943,0.004,True
CT001623,Noida,28.559629904579904,77.45337660011099,Zone_07,Zone_07,0.9872,0.9872,0.0126,True
CT018389,Noida,28.492245687849397,77.37695463083823,Zone_07,Zone_07,0.9849,0.9849,0.0151,True
CT009210,Noida,28.551039195327224,77.38893920701794,Zone_07,Zone_07,0.9912,0.9912,0.0087,True
CT010744,Noida,28.5506269910322,77.35890230512929,Zone_07,Zone_07,0.9898,0.9898,0.0101,True
CT017740,Faridabad,28.418125831193056,77.35407495050657,Zone_07,Zone_07,0.8653,0.8653,0.1331,True
CT004834,Noida,28.54664434876225,77.37002528519587,Zone_07,Zone_07,0.981,0.981,0.0115,True
CT013936,Gurugram,28.428600306236746,76.9509591809602,Zone_08,Zone_08,0.9919,0.0001,0.9919,True
CT001566,Gurugram,28.50683479685684,76.97306137788112,Zone_08,Zone_08,0.9998,0.0002,0.9998,True
CT011698,Faridabad,28.36149770180414,77.32001085006084,Zone_07,Zone_07,0.7495,0.7495,0.2504,True
CT008036,Ghaziabad,28.706603920855013,77.44892053217977,Zone_07,Zone_07,0.975,0.975,0.0,True
CT005000,New Delhi,28.622028932173222,77.16535833710834,Zone_08,Zone_08,0.6723,0.3275,0.6723,True
CT013835,New Delhi,28.610621379724947,77.22418023969362,Zone_07,Zone_08,0.5911,0.4086,0.5911,False
CT014410,New Delhi,28.65445598686792,77.15344004677483,Zone_08,Zone_08,0.6939,0.3058,0.6939,True
CT008781,New Delhi,28.65050750620033,77.27498564969034,Zone_07,Zone_08,0.6559,0.344,0.6559,False
CT006854,Gurugram,28.485938291204604,77.05398339031427,Zone_08,Zone_08,0.9999,0.0001,0.9999,True
CT004665,Faridabad,28.378017603031715,77.33928413180847,Zone_07,Zone_07,0.7902,0.7902,0.2097,True
CT013741,Faridabad,28.44572130624869,77.22246367084642,Zone_07,Zone_07,0.8578,0.8578,0.1422,True
CT018776,Gurugram,28.493736247472143,77.05170100066972,Zone_08,Zone_08,0.9919,0.0081,0.9919,True
CT006291,New Delhi,28.677634974569653,77.1682779001475,Zone_07,Zone_08,0.6551,0.3449,0.6551,False
CT012599,New Delhi,28.564074313504268,77.2429120812853,Zone_08,Zone_08,0.6256,0.3742,0.6256,True
CT007341,Faridabad,28.439893140193178,77.2844642207193,Zone_07,Zone_07,0.8368,0.8368,0.1631,True
CT011100,Gurugram,28.48885291176268,77.0014978578818,Zone_08,Zone_08,0.9999,0.0001,0.9999,True
CT015055,Ghaziabad,28.6584405672862,77.43945641260632,Zone_07,Zone_07,0.9907,0.9907,0.0,True
CT006319,Gurugram,28.497836535208705,76.99026091417669,Zone_08,Zone_08,0.9995,0.0002,0.9995,True
CT003115,Gurugram,28.4588486613446,77.02094554588577,Zone_08,Zone_08,0.9999,0.0001,0.9999,True
CT014272,Noida,28.601239363384128,77.37605530431576,Zone_07,Zone_07,0.9961,0.9961,0.0032,True
CT001118,Noida,28.49741579586512,77.38015620546224,Zone_07,Zone_07,0.9869,0.9869,0.0107,True
CT014203,Ghaziabad,28.621412567992223,77.44096960256162,Zone_07,Zone_07,0.9196,0.9196,0.0,True
CT013603,Gurugram,28.478856844248472,76.97939586821659,Zone_08,Zone_08,0.99,0.01,0.99,True
CT002208,Gurugram,28.432948953195584,77.05083690396998,Zone_08,Zone_08,1.0,0.0,1.0,True
CT006221,Gurugram,28.421514309465252,77.01319432474776,Zone_08,Zone_08,0.9966,0.0034,0.9966,True
CT019685,Gurugram,28.465214775474717,76.99366711594652,Zone_08,Zone_08,0.9898,0.0102,0.9898,True
CT003530,Gurugram,28.458179351695268,77.04618740745445,Zone_08,Zone_08,0.9877,0.0123,0.9877,True
CT015892,New Delhi,28.5885267525806,77.25148855910528,Zone_08,Zone_08,0.7512,0.2488,0.7512,True
CT011499,Faridabad,28.51124187044456,77.41099801828591,Zone_07,Zone_07,0.8837,0.8837,0.1128,True
CT005250,Ghaziabad,28.668430750509405,77.41947273709418,Zone_07,Zone_07,0.9891,0.9891,0.0,True
CT014381,Faridabad,28.45036096524497,77.33302494133632,Zone_07,Zone_07,0.8768,0.8768,0.1232,True
CT008883,New Delhi,28.603361959556665,77.16269499104173,Zone_07,Zone_08,0.6358,0.3637,0.6358,False
CT013493,Ghaziabad,28.63512621423537,77.49112931846689,Zone_07,Zone_07,0.9005,0.9005,0.0068,True
CT019104,New Delhi,28.665573646425177,77.17352493007161,Zone_08,Zone_08,0.6541,0.3457,0.6541,True
CT015843,Gurugram,28.45967974760025,77.02703711245675,Zone_08,Zone_08,0.9999,0.0001,0.9999,True
CT014644,New Delhi,28.543887909833828,77.24220760573196,Zone_07,Zone_08,0.7663,0.2336,0.7663,False
CT011815,Gurugram,28.465861687093952,77.03814308350988,Zone_08,Zone_08,1.0,0.0,1.0,True
CT001953,Noida,28.530746174048723,77.44020588652087,Zone_07,Zone_07,0.9813,0.9813,0.0187,True
CT012997,Ghaziabad,28.737827452966737,77.50453637932497,Zone_07,Zone_07,0.9591,0.9591,0.006,True
CT015999,Noida,28.56404418647666,77.39919565243692,Zone_07,Zone_07,0.9979,0.9979,0.0016,True
CT014007,Ghaziabad,28.6692186379368,77.38853451346966,Zone_07,Zone_07,0.9787,0.9787,0.005,True
CT011393,New Delhi,28.59484290754874,77.1880477305852,Zone_08,Zone_08,0.686,0.313,0.686,True
CT017804,New Delhi,28.67297165759704,77.22803630524194,Zone_07,Zone_08,0.6423,0.3577,0.6423,False
CT016247,Faridabad,28.40952180701303,77.35082424621406,Zone_07,Zone_07,0.8593,0.8593,0.1406,True
CT016546,Gurugram,28.45946117431897,77.06014481375303,Zone_08,Zone_08,0.9866,0.0117,0.9866,True
CT018385,New Delhi,28.64583062788288,77.2041826301859,Zone_08,Zone_08,0.6527,0.3472,0.6527,True
CT013621,New Delhi,28.660340766081557,77.12212154055476,Zone_07,Zone_08,0.6113,0.3852,0.6113,False
CT017269,Noida,28.513066363349207,77.41982697647256,Zone_07,Zone_07,0.9894,0.9894,0.0106,True
CT013140,Ghaziabad,28.670592567599204,77.48699142796093,Zone_07,Zone_07,0.9874,0.9874,0.0,True
CT000827,New Delhi,28.584998651628,77.20089555263773,Zone_08,Zone_08,0.711,0.2889,0.711,True
CT011791,New Delhi,28.592072187988443,77.17381470896571,Zone_07,Zone_08,0.673,0.3269,0.673,False
CT013330,Faridabad,28.343236232536924,77.33726027776581,Zone_07,Zone_07,0.8742,0.8742,0.1258,True
CT004583,Ghaziabad,28.669246563157085,77.43860303482323,Zone_07,Zone_07,0.9547,0.9547,0.0066,True
CT014788,Ghaziabad,28.66176243435948,77.44385812510026,Zone_07,Zone_07,0.9779,0.9779,0.0,True
CT011782,Faridabad,28.398288445872723,77.34566458891216,Zone_07,Zone_07,0.8268,0.8268,0.1731,True
CT014107,Noida,28.545024733880528,77.43018756464319,Zone_07,Zone_07,0.9731,0.9731,0.0269,True
CT011594,New Delhi,28.64272228324145,77.18236769854278,Zone_08,Zone_08,0.6148,0.3851,0.6148,True
CT017406,New Delhi,28.63393066086064,77.29646440048931,Zone_07,Zone_08,0.6499,0.35,0.6499,False
CT013916,New Delhi,28.603783771799755,77.1659291388901,Zone_08,Zone_08,0.7592,0.2405,0.7592,True
CT010180,New Delhi,28.6336959027845,77.1377548562251,Zone_08,Zone_08,0.5885,0.4104,0.5885,True
CT017695,Gurugram,28.46237146690138,77.01383474838627,Zone_08,Zone_08,0.9999,0.0001,0.9999,True
CT017177,New Delhi,28.64618762918085,77.18549770108642,Zone_07,Zone_08,0.6933,0.3065,0.6933,False
CT013733,Gurugram,28.488901258195696,76.95349711878865,Zone_08,Zone_08,0.9984,0.0016,0.9984,True
CT018565,New Delhi,28.541492078295708,77.22011520532469,Zone_07,Zone_08,0.6416,0.3583,0.6416,False
CT001890,Gurugram,28.373994029126308,77.0265128978657,Zone_08,Zone_08,0.9999,0.0001,0.9999,True
CT005661,Gurugram,28.491983643820745,77.1326003124461,Zone_08,Zone_08,0.9734,0.0204,0.9734,True
CT013626,New Delhi,28.585031403573577,77.17470062180827,Zone_07,Zone_08,0.5567,0.4432,0.5567,False
CT007821,New Delhi,28.55784456762532,77.19212786139002,Zone_08,Zone_08,0.7019,0.2981,0.7019,True
CT011650,Ghaziabad,28.68326932467711,77.47613749249713,Zone_07,Zone_07,0.9762,0.9762,0.0153,True
CT007071,New Delhi,28.653670328288428,77.25711301742338,Zone_08,Zone_07,0.5169,0.5169,0.4818,False
CT006190,New Delhi,28.59100581383196,77.18603191889743,Zone_07,Zone_08,0.5766,0.4233,0.5766,False
CT006969,New Delhi,28.65170234626165,77.19977423784442,Zone_08,Zone_08,0.722,0.2778,0.722,True
CT007502,New Delhi,28.58485225535991,77.13627608083358,Zone_07,Zone_08,0.6474,0.3523,0.6474,False
CT009264,Ghaziabad,28.665553981751543,77.5008980029904,Zone_07,Zone_07,0.9838,0.9838,0.0034,True
CT004052,New Delhi,28.59922174654342,77.0947064567309,Zone_07,Zone_08,0.613,0.3868,0.613,False
CT009828,Gurugram,28.417279627926057,76.97760356448862,Zone_08,Zone_08,0.9999,0.0001,0.9999,True
CT012879,New Delhi,28.61584110084634,77.3205890260268,Zone_08,Zone_08,0.6322,0.3678,0.6322,True
CT017181,New Delhi,28.627695503561515,77.16672611551685,Zone_08,Zone_08,0.6131,0.3869,0.6131,True
CT009712,Gurugram,28.44127757161519,77.0699925020842,Zone_08,Zone_08,0.9999,0.0001,0.9999,True
CT004523,Noida,28.49326301975588,77.47168894146681,Zone_07,Zone_07,0.9916,0.9916,0.0073,True
CT017063,Noida,28.548079568378554,77.30516543095624,Zone_07,Zone_07,0.9633,0.9633,0.0363,True
CT019406,Ghaziabad,28.687523124704587,77.44429615637664,Zone_07,Zone_07,0.9879,0.9879,0.0,True
CT016794,New Delhi,28.68452322715069,77.19436218794453,Zone_08,Zone_08,0.729,0.271,0.729,True
CT011562,Faridabad,28.424014509694864,77.35985384954094,Zone_07,Zone_07,0.7642,0.7642,0.2358,True
CT014945,Noida,28.50294952122369,77.41444246160154,Zone_07,Zone_07,0.9756,0.9756,0.0242,True
CT006576,New Delhi,28.615404774979623,77.15682046002328,Zone_07,Zone_08,0.704,0.2959,0.704,False
CT015207,New Delhi,28.620328467909424,77.16985645961175,Zone_08,Zone_08,0.6985,0.3012,0.6985,True
CT010223,New Delhi,28.59721068354496,77.2563089816657,Zone_08,Zone_08,0.7633,0.2366,0.7633,True
CT015380,Ghaziabad,28.7046472209914,77.4242879616746,Zone_07,Zone_07,0.9849,0.9849,0.0065,True
CT019799,New Delhi,28.537360344379845,77.14023367042428,Zone_07,Zone_08,0.692,0.3079,0.692,False
CT019863,Ghaziabad,28.67183086792292,77.49578238735955,Zone_07,Zone_07,0.9855,0.9855,0.0008,True
CT004557,Noida,28.556567964470304,77.41488554251346,Zone_07,Zone_07,0.9972,0.9972,0.0028,True
CT014193,New Delhi,28.62310127194281,77.06128872287391,Zone_08,Zone_08,0.5385,0.4214,0.5385,True
CT008060,Ghaziabad,28.710399164664903,77.43378398407596,Zone_07,Zone_07,0.9902,0.9902,0.0,True
CT008191,New Delhi,28.629967206972832,77.2243354704718,Zone_08,Zone_08,0.7155,0.2845,0.7155,True
CT012476,New Delhi,28.64597612108481,77.16876579061618,Zone_07,Zone_08,0.5798,0.4202,0.5798,False
CT013289,Faridabad,28.386564124437243,77.33158514146037,Zone_08,Zone_07,0.7894,0.7894,0.2105,False
CT008490,New Delhi,28.62756792265546,77.1834887845037,Zone_07,Zone_08,0.6821,0.3177,0.6821,False
CT006762,New Delhi,28.588598292623622,77.23984285541806,Zone_07,Zone_08,0.647,0.353,0.647,False
CT016792,Faridabad,28.44783902629165,77.36125975541312,Zone_07,Zone_07,0.8203,0.8203,0.1797,True
CT015622,Gurugram,28.45239797647945,77.0738023376578,Zone_08,Zone_08,0.9981,0.0019,0.9981,True
CT002910,Faridabad,28.450082833074607,77.32183217019407,Zone_07,Zone_07,0.8764,0.8764,0.1235,True
CT009608,Faridabad,28.383075659217702,77.33162943568023,Zone_08,Zone_07,0.8204,0.8204,0.1779,False
CT006538,New Delhi,28.65457732015682,77.11609369787811,Zone_08,Zone_08,0.5545,0.442,0.5545,True
CT001583,Gurugram,28.48949201241083,77.04318744461372,Zone_08,Zone_08,0.9981,0.0019,0.9981,True
CT011783,Faridabad,28.41624520469557,77.35104374938918,Zone_07,Zone_07,0.8775,0.8775,0.1224,True
CT004179,New Delhi,28.58244864984805,77.24721415815215,Zone_08,Zone_08,0.6302,0.3697,0.6302,True
CT018063,Ghaziabad,28.664458483255544,77.45130198493104,Zone_07,Zone_07,0.9949,0.9949,0.0006,True
CT015574,Noida,28.47548344766636,77.31964411226969,Zone_07,Zone_07,0.9926,0.9926,0.0073,True
CT002437,New Delhi,28.639208128887866,77.13448696218225,Zone_08,Zone_08,0.6602,0.3396,0.6602,True
CT014192,Noida,28.54940643780737,77.38193510547666,Zone_07,Zone_07,0.9738,0.9738,0.0257,True
CT000042,Ghaziabad,28.687164937678045,77.37675304411395,Zone_07,Zone_07,0.9705,0.9705,0.0003,True
CT002414,Faridabad,28.468802888443832,77.28904611907454,Zone_07,Zone_07,0.8333,0.8333,0.1663,True
CT013923,Gurugram,28.482869821565863,77.10386435196094,Zone_08,Zone_08,0.9998,0.0002,0.9998,True
CT013159,Ghaziabad,28.71849015202851,77.48345215195361,Zone_07,Zone_07,0.9839,0.9839,0.0,True
CT012257,New Delhi,28.58819979940066,77.16437144093176,Zone_07,Zone_08,0.5487,0.4512,0.5487,False
CT006918,New Delhi,28.545365554641023,77.1966186005377,Zone_07,Zone_07,0.5504,0.5504,0.4495,True
CT014715,New Delhi,28.57328641655477,77.1603396287579,Zone_08,Zone_08,0.6909,0.3088,0.6909,True
CT016400,Faridabad,28.37402242390284,77.20045221908724,Zone_07,Zone_07,0.8281,0.8281,0.1702,True
CT003675,Noida,28.45277493581634,77.37531469423764,Zone_07,Zone_07,0.9845,0.9845,0.0088,True
CT005919,Ghaziabad,28.698691498334053,77.4548383103117,Zone_07,Zone_07,0.9694,0.9694,0.0,True
CT012516,Noida,28.504239060388365,77.40943197650255,Zone_07,Zone_07,0.9406,0.9406,0.0592,True
CT005343,Ghaziabad,28.672789992010728,77.44156010332657,Zone_07,Zone_07,0.9238,0.9238,0.0003,True
CT008084,Faridabad,28.38209792327181,77.35087939538923,Zone_07,Zone_07,0.7853,0.7853,0.2146,True
CT019283,Noida,28.52115609429488,77.36505142075552,Zone_07,Zone_07,0.9588,0.9588,0.0412,True
CT013388,Ghaziabad,28.683607850405355,77.4869761740641,Zone_07,Zone_07,0.9841,0.9841,0.0004,True
CT004938,New Delhi,28.579553082475684,77.30569190450883,Zone_08,Zone_08,0.7138,0.2862,0.7138,True
CT008444,Gurugram,28.48130590317436,76.93335967698326,Zone_08,Zone_08,0.9777,0.0223,0.9777,True
CT006994,Faridabad,28.35009534483608,77.29781004610079,Zone_07,Zone_07,0.8401,0.8401,0.1599,True
CT002236,Ghaziabad,28.63319293801028,77.35058540159925,Zone_07,Zone_07,0.8554,0.8554,0.0033,True
CT007750,Noida,28.50244818220829,77.42280314064635,Zone_07,Zone_07,0.9769,0.9769,0.023,True
CT004350,Ghaziabad,28.641166931611917,77.51942445236988,Zone_07,Zone_07,0.994,0.994,0.0,True
CT001378,Ghaziabad,28.656817946624923,77.47390627619667,Zone_07,Zone_07,0.9791,0.9791,0.008,True
CT006024,Ghaziabad,28.628842369515706,77.43228114585428,Zone_07,Zone_07,0.8968,0.8968,0.0006,True
CT016644,New Delhi,28.592683529424967,77.21139249095697,Zone_08,Zone_08,0.7094,0.2906,0.7094,True
CT015315,Gurugram,28.4494930981008,76.98557957405482,Zone_08,Zone_08,1.0,0.0,1.0,True
CT000924,Faridabad,28.424327974484484,77.36162877295037,Zone_07,Zone_07,0.8749,0.8749,0.1198,True
CT006789,Noida,28.50485275424405,77.36259525625982,Zone_07,Zone_07,0.9972,0.9972,0.0024,True
CT006733,Ghaziabad,28.58214144919404,77.51121139279303,Zone_07,Zone_07,0.9059,0.9059,0.0005,True
CT002222,Gurugram,28.47465341897689,77.08345055718056,Zone_08,Zone_08,0.9933,0.0067,0.9933,True
CT017112,New Delhi,28.647596183317365,77.22247898452929,Zone_07,Zone_08,0.6499,0.3499,0.6499,False
CT000857,New Delhi,28.6253005477996,77.13621624933708,Zone_07,Zone_08,0.6643,0.3356,0.6643,False
CT006914,New Delhi,28.625335997388916,77.25545880995118,Zone_07,Zone_08,0.6674,0.3325,0.6674,False
CT006516,Gurugram,28.510541564734297,76.96819788092571,Zone_08,Zone_08,0.9965,0.0035,0.9965,True
CT014049,Gurugram,28.480981703945623,76.9259495939357,Zone_08,Zone_08,0.9779,0.0022,0.9779,True
CT017626,New Delhi,28.62007343000285,77.21805614095109,Zone_07,Zone_08,0.5748,0.4236,0.5748,False
CT005389,Gurugram,28.425270265632623,77.00827769896098,Zone_08,Zone_08,1.0,0.0,1.0,True
CT015820,New Delhi,28.603881571405772,77.25534276920816,Zone_08,Zone_08,0.6765,0.3234,0.6765,True
CT006639,Noida,28.49998792700553,77.31726521912167,Zone_07,Zone_07,0.9973,0.9973,0.0026,True
CT008008,Noida,28.55747525821249,77.40235968806076,Zone_07,Zone_07,0.9908,0.9908,0.0089,True
CT006302,Gurugram,28.49144029697124,77.05434658974181,Zone_08,Zone_08,0.9999,0.0001,0.9999,True
CT008927,Noida,28.57191168730194,77.45977092311963,Zone_07,Zone_07,0.9938,0.9938,0.0057,True
CT000729,Gurugram,28.488580799653363,77.01161721937372,Zone_08,Zone_08,0.9999,0.0001,0.9999,True
CT008438,Noida,28.515997246148928,77.29612542483557,Zone_07,Zone_07,0.9606,0.9606,0.0394,True
CT008287,Gurugram,28.420812933911943,76.9976746797819,Zone_08,Zone_08,0.9999,0.0001,0.9999,True
CT010727,New Delhi,28.65834780992566,77.25328023223156,Zone_07,Zone_08,0.6034,0.3965,0.6034,False
CT012624,New Delhi,28.658518209286147,77.25437067116476,Zone_08,Zone_08,0.7075,0.2922,0.7075,True
CT012663,Faridabad,28.369521947125957,77.31510874891993,Zone_08,Zone_07,0.9245,0.9245,0.0754,False
CT016689,Faridabad,28.40308234979644,77.32871212080958,Zone_08,Zone_07,0.783,0.783,0.217,False
CT008151,Faridabad,28.386351528951074,77.30254413241583,Zone_07,Zone_07,0.7963,0.7963,0.2036,True
CT002926,New Delhi,28.67633875423724,77.20257938336727,Zone_07,Zone_07,0.5023,0.5023,0.4977,True
CT016374,New Delhi,28.66384601427716,77.23110167042447,Zone_08,Zone_08,0.6685,0.3314,0.6685,True
CT000053,Noida,28.483866520074624,77.43620359673153,Zone_07,Zone_07,0.9606,0.9606,0.0393,True
CT014833,Ghaziabad,28.67632829486292,77.44644558820835,Zone_07,Zone_07,0.9673,0.9673,0.0,True
CT008986,Noida,28.49619410035844,77.41739773358081,Zone_07,Zone_07,0.9692,0.9692,0.0308,True
CT016306,Noida,28.55164456197834,77.35249141512959,Zone_07,Zone_07,0.9972,0.9972,0.0027,True
CT015059,Ghaziabad,28.72334574539616,77.3897611018163,Zone_07,Zone_07,0.9892,0.9892,0.0003,True
CT015021,Ghaziabad,28.66602497923945,77.42310155740088,Zone_07,Zone_07,0.9754,0.9754,0.0033,True
CT011709,Gurugram,28.4471778900995,77.07720781671613,Zone_08,Zone_08,0.9999,0.0001,0.9999,True
CT002532,New Delhi,28.594757073066493,77.1112507740243,Zone_08,Zone_08,0.6751,0.3248,0.6751,True
CT009346,Faridabad,28.39080292518646,77.28305696376114,Zone_07,Zone_07,0.8307,0.8307,0.1692,True
CT016733,New Delhi,28.62522806237571,77.16635170270139,Zone_08,Zone_08,0.6581,0.3418,0.6581,True
CT008750,Faridabad,28.366488278979283,77.27143937104721,Zone_07,Zone_07,0.8505,0.8505,0.1494,True
CT015779,New Delhi,28.642504077319,77.29868768843951,Zone_08,Zone_08,0.7078,0.2921,0.7078,True
CT005868,New Delhi,28.66460391034886,77.23023536375955,Zone_08,Zone_08,0.603,0.3969,0.603,True
CT013369,New Delhi,28.60269934696697,77.26172889671436,Zone_08,Zone_08,0.6293,0.3705,0.6293,True
CT013956,New Delhi,28.633118500874996,77.2302530000852,Zone_08,Zone_08,0.5665,0.4231,0.5665,True
CT018429,Faridabad,28.446688439300587,77.29402345333828,Zone_07,Zone_07,0.8033,0.8033,0.1967,True
CT005726,Ghaziabad,28.63347991523593,77.43694263395216,Zone_07,Zone_07,0.9826,0.9826,0.006,True
CT000412,New Delhi,28.576787617522665,77.27324539218085,Zone_07,Zone_08,0.6153,0.3846,0.6153,False
CT004842,Gurugram,28.377802394169617,77.04942011507097,Zone_08,Zone_08,0.9991,0.0009,0.9991,True
CT008146,New Delhi,28.587791258202003,77.16421358960372,Zone_08,Zone_08,0.7598,0.2401,0.7598,True
CT011039,Faridabad,28.480030412760392,77.2928688792103,Zone_07,Zone_07,0.8635,0.8635,0.1352,True
CT019258,Faridabad,28.32827652921204,77.32992217871444,Zone_07,Zone_07,0.8645,0.8645,0.1355,True
CT011139,Gurugram,28.446728992388447,77.05006734478974,Zone_08,Zone_08,0.9999,0.0001,0.9999,True
CT006488,New Delhi,28.61946159174515,77.12878269904449,Zone_08,Zone_08,0.7072,0.2918,0.7072,True
CT012107,New Delhi,28.597177670285745,77.19487609643726,Zone_08,Zone_08,0.707,0.2927,0.707,True
CT018434,New Delhi,28.60324816450717,77.295269220262,Zone_07,Zone_07,0.5476,0.5476,0.4524,True
CT014461,New Delhi,28.607260137663584,77.25948080042053,Zone_08,Zone_08,0.7718,0.228,0.7718,True
CT003628,New Delhi,28.635529133675373,77.19773057731813,Zone_07,Zone_08,0.537,0.4629,0.537,False
CT019590,Gurugram,28.470811475661385,77.00178788312577,Zone_08,Zone_08,0.9998,0.0002,0.9998,True
CT012800,New Delhi,28.647044809221992,77.22725244443406,Zone_08,Zone_08,0.6938,0.3061,0.6938,True
CT008265,New Delhi,28.62242309734892,77.17942328170065,Zone_08,Zone_08,0.6555,0.3444,0.6555,True
CT016156,Ghaziabad,28.62025857170538,77.43226050272317,Zone_07,Zone_07,0.9565,0.9565,0.0,True
CT016202,Faridabad,28.42511484816976,77.31875587794744,Zone_07,Zone_07,0.8616,0.8616,0.1383,True
CT001794,New Delhi,28.658544433544435,77.21086775673588,Zone_08,Zone_08,0.6382,0.3618,0.6382,True
CT005556,Ghaziabad,28.676020984692062,77.50860100151299,Zone_07,Zone_07,0.9523,0.9523,0.0034,True
CT019013,New Delhi,28.646884076690696,77.227644580071,Zone_08,Zone_08,0.7015,0.2985,0.7015,True
CT001324,Noida,28.542561555471355,77.36168481135422,Zone_07,Zone_07,0.996,0.996,0.0039,True
CT019463,Gurugram,28.530703827947548,77.07307914568766,Zone_08,Zone_08,0.9999,0.0001,0.9999,True
CT009648,Faridabad,28.40524876648937,77.28218307230388,Zone_07,Zone_07,0.7589,0.7589,0.241,True
CT008742,New Delhi,28.635103386848225,77.16755308199863,Zone_08,Zone_08,0.6672,0.3326,0.6672,True
CT000864,Faridabad,28.39195310361817,77.32679750639277,Zone_07,Zone_07,0.8337,0.8337,0.1662,True
CT005399,New Delhi,28.67252498176413,77.21029290776619,Zone_07,Zone_08,0.6593,0.3406,0.6593,False
CT006105,Gurugram,28.441798448609774,77.09858013365233,Zone_08,Zone_08,0.9999,0.0001,0.9999,True
CT009511,New Delhi,28.57056811237518,77.21320245705154,Zone_08,Zone_08,0.6057,0.3942,0.6057,True
CT005838,Faridabad,28.42740548972194,77.31391998943316,Zone_07,Zone_07,0.838,0.838,0.162,True
CT004885,Ghaziabad,28.719598049276783,77.43509491115115,Zone_07,Zone_07,0.979,0.979,0.0,True
CT010199,New Delhi,28.58130710498028,77.32879895856675,Zone_07,Zone_08,0.6192,0.3807,0.6192,False
CT012920,New Delhi,28.56313766219978,77.20314187802136,Zone_08,Zone_08,0.7272,0.2727,0.7272,True
CT016519,Gurugram,28.517073674118805,76.96934898730609,Zone_08,Zone_08,0.9999,0.0001,0.9999,True
CT005074,Faridabad,28.448017063892465,77.29305219351042,Zone_07,Zone_07,0.7491,0.7491,0.2508,True
CT001488,Gurugram,28.418809137140368,77.04744748977302,Zone_08,Zone_08,0.9999,0.0001,0.9999,True
CT009887,Noida,28.56824731652845,77.3955000468288,Zone_07,Zone_07,0.9878,0.9878,0.012,True
CT007112,New Delhi,28.594951449444835,77.21926659894365,Zone_08,Zone_08,0.7155,0.2843,0.7155,True
CT018411,Noida,28.57696148377945,77.31652294058537,Zone_07,Zone_07,0.9744,0.9744,0.0255,True
CT002481,Faridabad,28.37893513635041,77.33356090084212,Zone_07,Zone_07,0.8282,0.8282,0.1678,True
CT001753,Ghaziabad,28.705496364340288,77.52291765121728,Zone_07,Zone_07,0.9836,0.9836,0.0065,True
CT003405,Ghaziabad,28.6656074131939,77.38548136223692,Zone_07,Zone_07,0.9384,0.9384,0.003,True
CT011920,Gurugram,28.412951473762952,77.11788953352251,Zone_08,Zone_08,0.9999,0.0001,0.9999,True
CT015184,New Delhi,28.654327967041617,77.15219869869192,Zone_08,Zone_08,0.6324,0.3675,0.6324,True
CT000286,Gurugram,28.51592421545916,76.97755729213497,Zone_08,Zone_08,0.9999,0.0001,0.9999,True
CT005977,Noida,28.50453276590251,77.34638436718318,Zone_07,Zone_07,0.9882,0.9882,0.0118,True
CT005827,New Delhi,28.57238023267601,77.22157320278347,Zone_08,Zone_08,0.6582,0.3417,0.6582,True
CT007477,Gurugram,28.45684877705836,76.98009058815956,Zone_08,Zone_08,0.9999,0.0001,0.9999,True
CT008219,Gurugram,28.45871359630099,77.01956360485387,Zone_08,Zone_08,0.9999,0.0001,0.9999,True
CT004487,Noida,28.505374772999875,77.40085338648682,Zone_07,Zone_07,0.9913,0.9913,0.0086,True
CT017040,New Delhi,28.64963379771092,77.20605408290686,Zone_07,Zone_08,0.6424,0.3575,0.6424,False
CT004168,Gurugram,28.501016798524574,77.04766777409445,Zone_08,Zone_08,0.9999,0.0001,0.9999,True
CT003678,Faridabad,28.42772547389473,77.31048138491256,Zone_08,Zone_07,0.858,0.858,0.1419,False
CT015942,New Delhi,28.615455314279338,77.25696459124578,Zone_08,Zone_08,0.7523,0.2476,0.7523,True
CT013747,Ghaziabad,28.673332188157627,77.43137597413401,Zone_07,Zone_07,0.988,0.988,0.0004,True
CT018068,Faridabad,28.470680291405078,77.25242884085998,Zone_07,Zone_07,0.8582,0.8582,0.1417,True
CT010391,New Delhi,28.682104212116496,77.20415041242538,Zone_08,Zone_08,0.657,0.3422,0.657,True
CT013359,Gurugram,28.510891038687653,76.98913381865772,Zone_08,Zone_08,0.9992,0.0,0.9992,True
CT018483,Gurugram,28.4382050238819,77.04066454605088,Zone_08,Zone_08,0.9998,0.0002,0.9998,True
CT002355,Gurugram,28.441476123118147,77.05811737898993,Zone_08,Zone_08,0.9999,0.0001,0.9999,True
CT008411,New Delhi,28.674321242904927,77.18946412547217,Zone_08,Zone_08,0.6623,0.3356,0.6623,True
CT008871,Faridabad,28.442487066748477,77.24569144906866,Zone_08,Zone_07,0.8345,0.8345,0.1655,False
CT003637,Ghaziabad,28.717983569739665,77.40198968027525,Zone_07,Zone_07,0.8823,0.8823,0.0061,True
CT011585,Ghaziabad,28.711538633900407,77.37684862423788,Zone_07,Zone_07,0.9653,0.9653,0.0,True
CT019131,Gurugram,28.45334456536781,76.99143133306262,Zone_08,Zone_08,0.993,0.007,0.993,True
CT011808,Faridabad,28.448238234493765,77.29394999045941,Zone_07,Zone_07,0.8069,0.8069,0.1931,True
CT002627,Faridabad,28.453330712960792,77.41310171854818,Zone_07,Zone_07,0.9027,0.9027,0.0959,True
CT009263,New Delhi,28.61193083041381,77.14884976085283,Zone_07,Zone_08,0.6025,0.3973,0.6025,False
CT011362,Gurugram,28.409746698073047,77.00126029344524,Zone_08,Zone_08,0.995,0.005,0.995,True
CT015834,New Delhi,28.588039004222374,77.22441018464536,Zone_07,Zone_08,0.5811,0.4188,0.5811,False
CT014640,Ghaziabad,28.70469936489148,77.49204433521729,Zone_07,Zone_07,0.9891,0.9891,0.0009,True
CT013353,New Delhi,28.621832307553568,77.15947557208246,Zone_08,Zone_08,0.6783,0.3216,0.6783,True
CT013007,New Delhi,28.678964818805923,77.28260332023993,Zone_08,Zone_08,0.6091,0.3908,0.6091,True
CT003084,Noida,28.56797216169126,77.4632968301702,Zone_07,Zone_07,0.9841,0.9841,0.0158,True
CT018904,Ghaziabad,28.713841304327158,77.47192592508861,Zone_07,Zone_07,0.9834,0.9834,0.0,True
CT002625,Faridabad,28.40863804042316,77.31272524327002,Zone_07,Zone_07,0.8403,0.8403,0.1597,True
CT002469,New Delhi,28.6507346424572,77.18157259527965,Zone_07,Zone_08,0.6605,0.3394,0.6605,False
CT005956,New Delhi,28.633696089276576,77.2220515491592,Zone_08,Zone_08,0.7155,0.2843,0.7155,True
CT012042,Noida,28.52798960279587,77.44962773310567,Zone_07,Zone_07,0.9537,0.9537,0.0463,True
CT014930,Gurugram,28.45466430578801,77.01770668629531,Zone_08,Zone_08,0.9966,0.0034,0.9966,True
CT008284,Faridabad,28.425968588522075,77.33333606029676,Zone_07,Zone_07,0.8003,0.8003,0.1996,True
CT001238,Gurugram,28.39784501890354,77.01363918984381,Zone_08,Zone_08,0.991,0.009,0.991,True
CT003502,Faridabad,28.392763670926435,77.32390262269908,Zone_08,Zone_07,0.7368,0.7368,0.2632,False
CT009325,Gurugram,28.444735772245508,76.9802715762162,Zone_08,Zone_08,0.9999,0.0001,0.9999,True
CT000687,Gurugram,28.466226028934813,76.99955957066612,Zone_08,Zone_08,0.9998,0.0002,0.9998,True
CT009572,New Delhi,28.60412244288706,77.16948576127584,Zone_08,Zone_08,0.6887,0.3112,0.6887,True
CT012402,Noida,28.533955975460437,77.44285734544377,Zone_07,Zone_07,0.9978,0.9978,0.0021,True
CT008406,Ghaziabad,28.668056037194493,77.44610205027757,Zone_07,Zone_07,0.9663,0.9663,0.0,True
CT006720,Gurugram,28.432575431809305,77.09612095109046,Zone_08,Zone_08,0.997,0.003,0.997,True
CT008120,New Delhi,28.58474809904996,77.2621594350007,Zone_08,Zone_07,0.5338,0.5338,0.4662,False
CT016793,Gurugram,28.42661999395932,77.08520782923534,Zone_08,Zone_08,0.9999,0.0001,0.9999,True
CT010613,Ghaziabad,28.682160832484463,77.42251147294452,Zone_07,Zone_07,0.8736,0.8736,0.0093,True
CT014790,Faridabad,28.406097506936263,77.29019306336761,Zone_07,Zone_07,0.8405,0.8405,0.1595,True
CT019578,New Delhi,28.658192077509792,77.22715189792585,Zone_08,Zone_08,0.6476,0.3524,0.6476,True
CT017654,Ghaziabad,28.6069230606313,77.4498002850709,Zone_07,Zone_07,0.9101,0.9101,0.0,True
CT018078,Gurugram,28.475199263940844,77.09381608926716,Zone_08,Zone_08,0.9999,0.0001,0.9999,True
CT016875,New Delhi,28.58236121986388,77.17152246641496,Zone_07,Zone_08,0.5957,0.4043,0.5957,False
CT011338,Gurugram,28.453975698441354,76.98393880135491,Zone_08,Zone_08,0.9954,0.0046,0.9954,True
CT004409,Ghaziabad,28.727126414876047,77.45565142409376,Zone_07,Zone_07,0.9718,0.9718,0.0014,True
CT000334,Ghaziabad,28.648329665968024,77.41926034282557,Zone_07,Zone_07,0.9813,0.9813,0.0006,True
CT010348,Faridabad,28.3795853569547,77.34979303672382,Zone_08,Zone_07,0.8764,0.8764,0.1218,False
CT007162,Gurugram,28.466097880804515,76.9899300759977,Zone_08,Zone_08,0.9999,0.0001,0.9999,True
CT003259,Faridabad,28.423534097981204,77.29247091686557,Zone_07,Zone_07,0.9173,0.9173,0.0809,True
CT004190,Gurugram,28.488244329201983,77.06055415765978,Zone_08,Zone_08,0.9966,0.0034,0.9966,True
CT014251,New Delhi,28.565904566730712,77.25474913098859,Zone_07,Zone_08,0.5667,0.4318,0.5667,False
CT001672,New Delhi,28.63572673398597,77.22402438882273,Zone_07,Zone_07,0.5966,0.5966,0.4034,True
CT010298,Gurugram,28.46837687285657,77.07729875178485,Zone_08,Zone_08,0.9999,0.0001,0.9999,True
CT006412,Noida,28.56107264285041,77.36703855851025,Zone_07,Zone_07,0.9727,0.9727,0.0222,True
CT010168,Ghaziabad,28.75720415589705,77.42391892976846,Zone_07,Zone_07,0.9314,0.9314,0.0,True
CT018473,Ghaziabad,28.74413600146957,77.45966801368682,Zone_07,Zone_07,0.9712,0.9712,0.0,True
CT012319,Gurugram,28.42019163676927,76.94854906492375,Zone_08,Zone_08,0.9959,0.0041,0.9959,True
CT013881,New Delhi,28.61492223541528,77.2688441264351,Zone_08,Zone_08,0.662,0.3379,0.662,True
CT006237,Gurugram,28.415673142582627,77.02521570878098,Zone_08,Zone_08,0.9923,0.0077,0.9923,True
CT013521,New Delhi,28.59330980139308,77.26180995392758,Zone_07,Zone_08,0.6792,0.3206,0.6792,False
CT001735,Ghaziabad,28.65723673170329,77.47154771180386,Zone_07,Zone_07,0.9768,0.9768,0.002,True
CT010590,Faridabad,28.39468453232213,77.30063515734464,Zone_07,Zone_07,0.8617,0.8617,0.1383,True
CT003933,Faridabad,28.41194411217251,77.31175999449027,Zone_07,Zone_07,0.7741,0.7741,0.2259,True
CT016653,Noida,28.51282782809515,77.41636848010316,Zone_07,Zone_07,0.9866,0.9866,0.013,True
CT016290,Faridabad,28.41756994943187,77.34944834658883,Zone_07,Zone_07,0.6844,0.6844,0.3139,True
CT019126,Ghaziabad,28.67607904087321,77.47553257339943,Zone_07,Zone_07,0.9933,0.9933,0.0013,True
CT006276,New Delhi,28.58009174568904,77.25128279860925,Zone_08,Zone_08,0.6256,0.3743,0.6256,True
CT013067,Noida,28.60534366168352,77.40893695610207,Zone_07,Zone_07,0.9949,0.9949,0.005,True
CT010364,New Delhi,28.603578007381916,77.23028471550633,Zone_08,Zone_08,0.731,0.2689,0.731,True
CT002861,Gurugram,28.45667473040326,77.11280067720944,Zone_08,Zone_08,0.9963,0.0037,0.9963,True
CT011013,New Delhi,28.608019282065417,77.24558105937814,Zone_08,Zone_08,0.6243,0.3756,0.6243,True
CT015517,Faridabad,28.36428810542136,77.3136913081623,Zone_08,Zone_07,0.8254,0.8254,0.1746,False
CT004818,Faridabad,28.35840693277377,77.27570975081586,Zone_07,Zone_07,0.8746,0.8746,0.1254,True
CT014259,Gurugram,28.436132601205635,77.04348621060484,Zone_08,Zone_08,0.999,0.001,0.999,True
CT011711,New Delhi,28.608000578781564,77.20753782530429,Zone_08,Zone_08,0.5816,0.4183,0.5816,True
CT014212,Faridabad,28.371192520269304,77.29628602707976,Zone_07,Zone_07,0.8871,0.8871,0.1128,True
CT016082,New Delhi,28.61120972355412,77.27060477296433,Zone_08,Zone_08,0.7056,0.2943,0.7056,True
CT016782,Ghaziabad,28.655012653453465,77.42717110145395,Zone_07,Zone_07,0.9774,0.9774,0.0067,True
CT005303,New Delhi,28.648614676685643,77.09251706549684,Zone_07,Zone_07,0.5227,0.5227,0.4773,True
CT006548,Faridabad,28.417328098652504,77.34719186589844,Zone_08,Zone_07,0.8526,0.8526,0.1458,False
CT013970,Noida,28.55155147048399,77.4469409631213,Zone_07,Zone_07,0.9904,0.9904,0.0095,True
CT000064,Noida,28.533667589389285,77.26021207664535,Zone_07,Zone_07,0.9313,0.9313,0.0587,True
CT006218,New Delhi,28.567818189093025,77.21988938019122,Zone_08,Zone_08,0.703,0.2969,0.703,True
CT004015,Faridabad,28.354305521372613,77.30492752172809,Zone_07,Zone_07,0.7868,0.7868,0.2132,True
CT017842,Gurugram,28.47175862336617,77.06553124345763,Zone_08,Zone_08,0.9999,0.0001,0.9999,True
CT011807,New Delhi,28.58841181832149,77.10798929375112,Zone_08,Zone_08,0.6695,0.3305,0.6695,True
CT017379,New Delhi,28.71457168515592,77.21280300647639,Zone_08,Zone_08,0.5152,0.4798,0.5152,True
CT013314,Noida,28.48013040131185,77.39998894242873,Zone_07,Zone_07,0.9983,0.9983,0.0016,True
CT004874,New Delhi,28.624391068766883,77.11031861414698,Zone_07,Zone_08,0.5969,0.403,0.5969,False
CT015461,New Delhi,28.545798841520536,77.26584585742945,Zone_08,Zone_08,0.6595,0.3405,0.6595,True
CT000090,Faridabad,28.35394562160193,77.30281510538644,Zone_07,Zone_07,0.8222,0.8222,0.1777,True
CT005889,Ghaziabad,28.615855802559157,77.45855046102935,Zone_07,Zone_07,0.9206,0.9206,0.0,True
CT017869,New Delhi,28.64829961458934,77.22148768324266,Zone_08,Zone_08,0.7141,0.2858,0.7141,True
CT002899,New Delhi,28.64928763581432,77.20300988135547,Zone_08,Zone_08,0.6627,0.3372,0.6627,True
CT009872,Ghaziabad,28.64397158044293,77.45580981788501,Zone_07,Zone_07,0.9823,0.9823,0.0104,True
CT010969,New Delhi,28.66076776908319,77.1920969521413,Zone_08,Zone_08,0.6229,0.3769,0.6229,True
CT004093,Ghaziabad,28.70301581607922,77.57475715830789,Zone_07,Zone_07,0.9624,0.9624,0.0025,True
CT013950,Gurugram,28.470927913928588,77.01660279751638,Zone_08,Zone_08,0.9941,0.0059,0.9941,True
CT006116,Noida,28.543672375113317,77.35397517293865,Zone_07,Zone_07,0.9709,0.9709,0.0291,True
CT012962,New Delhi,28.602039273897628,77.22110508322999,Zone_08,Zone_08,0.6438,0.3561,0.6438,True
CT019323,New Delhi,28.672680394064532,77.15491761388625,Zone_07,Zone_08,0.6545,0.3454,0.6545,False
CT019559,Noida,28.498385307817504,77.48323335947504,Zone_07,Zone_07,0.9489,0.9489,0.0511,True
CT013068,Ghaziabad,28.653836575123243,77.44315531189086,Zone_07,Zone_07,0.98,0.98,0.0,True
CT019907,New Delhi,28.63104937918086,77.25925572124902,Zone_07,Zone_08,0.6068,0.3922,0.6068,False
CT019133,Noida,28.55049039015013,77.45284402266819,Zone_07,Zone_07,0.9942,0.9942,0.0058,True
CT012534,Gurugram,28.49066345110282,77.00691334330618,Zone_08,Zone_08,0.9942,0.0041,0.9942,True
CT009310,New Delhi,28.65718288105928,77.28689943851286,Zone_08,Zone_08,0.6829,0.317,0.6829,True
CT010226,New Delhi,28.65404625903686,77.2565022270335,Zone_08,Zone_08,0.6479,0.3412,0.6479,True
CT001570,Gurugram,28.53294251327016,76.99058137115817,Zone_08,Zone_08,0.9998,0.0002,0.9998,True
CT003766,Noida,28.534870563903063,77.40132565789965,Zone_07,Zone_07,0.9962,0.9962,0.0036,True
CT018944,Faridabad,28.45862122342284,77.33485296486292,Zone_07,Zone_07,0.8494,0.8494,0.1505,True
CT008822,Gurugram,28.386563812629856,76.99995853585969,Zone_08,Zone_08,0.9899,0.0101,0.9899,True
CT016322,New Delhi,28.590518411054838,77.14716713624291,Zone_08,Zone_08,0.6397,0.3602,0.6397,True
CT004128,Gurugram,28.433518482260936,77.01342459262628,Zone_08,Zone_08,0.9999,0.0001,0.9999,True
CT018447,Gurugram,28.43555174205084,76.96712940826976,Zone_08,Zone_08,0.9951,0.0049,0.9951,True
CT001430,Gurugram,28.47830089395097,76.97336633776797,Zone_08,Zone_08,0.9951,0.0049,0.9951,True
CT009312,Faridabad,28.434264889478165,77.2864785949772,Zone_07,Zone_07,0.8223,0.8223,0.1723,True
CT015044,Faridabad,28.39431805759341,77.29987101383429,Zone_07,Zone_07,0.8148,0.8148,0.1852,True
CT003423,New Delhi,28.610222579717924,77.19145143511483,Zone_08,Zone_08,0.7571,0.2419,0.7571,True
CT007014,New Delhi,28.564010159560425,77.17868858430364,Zone_08,Zone_08,0.6578,0.3412,0.6578,True
CT005623,New Delhi,28.617140419238023,77.26113200780318,Zone_08,Zone_08,0.7327,0.2672,0.7327,True
CT010428,Noida,28.52289171349919,77.36639258074484,Zone_07,Zone_07,0.9509,0.9509,0.0488,True
CT012686,Gurugram,28.407751717538734,77.02546410539553,Zone_08,Zone_08,0.9924,0.0076,0.9924,True
CT015527,Gurugram,28.406378748324137,76.9753910536617,Zone_08,Zone_08,0.9946,0.0054,0.9946,True
CT013627,New Delhi,28.61425989316506,77.23301337627653,Zone_08,Zone_08,0.6828,0.3171,0.6828,True
CT014825,Gurugram,28.394256241868018,77.00391851589478,Zone_08,Zone_08,0.9769,0.0214,0.9769,True
CT010594,Gurugram,28.4200620947368,76.92766957521775,Zone_08,Zone_08,0.9888,0.0001,0.9888,True
CT019721,Gurugram,28.467686248232297,76.97987367029444,Zone_08,Zone_08,0.9999,0.0001,0.9999,True
CT015319,Gurugram,28.47350420773545,77.00092602842493,Zone_08,Zone_08,0.9999,0.0001,0.9999,True
CT003896,New Delhi,28.61230059493901,77.2420259684423,Zone_08,Zone_08,0.6767,0.3232,0.6767,True
CT000653,New Delhi,28.63067441716244,77.23610976623199,Zone_08,Zone_08,0.6809,0.319,0.6809,True
CT003823,Faridabad,28.390355691005272,77.3799740598527,Zone_07,Zone_07,0.8545,0.8545,0.144,True
CT010171,Faridabad,28.415086468192467,77.34637894448969,Zone_07,Zone_07,0.8642,0.8642,0.1357,True
CT013486,Ghaziabad,28.67965702456433,77.48585567689214,Zone_07,Zone_07,0.9867,0.9867,0.0,True
CT019924,New Delhi,28.64715356534269,77.16035981918563,Zone_08,Zone_08,0.7064,0.2936,0.7064,True
CT018401,Noida,28.556745258721687,77.39650064571059,Zone_07,Zone_07,0.9972,0.9972,0.0027,True
CT010145,Faridabad,28.439065731893248,77.33406205690875,Zone_07,Zone_07,0.893,0.893,0.1069,True
CT016887,New Delhi,28.60533723721612,77.27913937927899,Zone_07,Zone_08,0.5474,0.4526,0.5474,False
CT010780,Gurugram,28.49309328583249,76.97934250646549,Zone_08,Zone_08,0.9999,0.0001,0.9999,True
CT004097,New Delhi,28.5981092656502,77.20220091038112,Zone_07,Zone_08,0.6219,0.378,0.6219,False
CT015785,Gurugram,28.384603480647588,77.03495382311708,Zone_08,Zone_08,0.9681,0.0257,0.9681,True
CT010040,Faridabad,28.422665554690752,77.24664486151363,Zone_07,Zone_07,0.8177,0.8177,0.1822,True
CT014419,Gurugram,28.388303638498783,77.04955769959074,Zone_08,Zone_08,0.9919,0.0001,0.9919,True
CT005080,New Delhi,28.63496270814912,77.17826190250288,Zone_07,Zone_08,0.7096,0.2903,0.7096,False
CT009522,New Delhi,28.57346554131755,77.19164540192047,Zone_08,Zone_08,0.5471,0.4526,0.5471,True
CT015529,Faridabad,28.35726924521861,77.28089717474933,Zone_07,Zone_07,0.8473,0.8473,0.1526,True
CT018155,Gurugram,28.464747126846945,77.06517057630231,Zone_08,Zone_08,0.9745,0.0158,0.9745,True
CT019041,Faridabad,28.388705299726045,77.36026215478151,Zone_07,Zone_07,0.8911,0.8911,0.1088,True
CT004385,Ghaziabad,28.710447673479603,77.46913529935823,Zone_07,Zone_07,0.9444,0.9444,0.0008,True
CT013896,Noida,28.61954773640937,77.364365717595,Zone_07,Zone_07,0.9958,0.9958,0.0037,True
CT012369,Faridabad,28.43721523274417,77.30518945243469,Zone_08,Zone_07,0.8024,0.8024,0.1976,False
CT012986,New Delhi,28.55458682357894,77.1952607286274,Zone_07,Zone_08,0.6263,0.3736,0.6263,False
CT002103,Noida,28.54408354946734,77.40196328333413,Zone_07,Zone_07,0.9928,0.9928,0.0071,True
CT014300,Faridabad,28.38456532850692,77.28102366938575,Zone_07,Zone_07,0.8543,0.8543,0.1456,True
CT003500,Ghaziabad,28.695101859732432,77.46799192419442,Zone_07,Zone_07,0.9548,0.9548,0.01,True
CT011952,Gurugram,28.53279418334923,77.07565613169713,Zone_08,Zone_08,0.9999,0.0001,0.9999,True
CT008618,New Delhi,28.609893151827663,77.18645314848689,Zone_08,Zone_08,0.6128,0.3869,0.6128,True
CT010720,Faridabad,28.440152431857133,77.30587071857084,Zone_07,Zone_07,0.8775,0.8775,0.1224,True
CT017128,New Delhi,28.59108042137119,77.21359244102202,Zone_07,Zone_08,0.6589,0.341,0.6589,False
CT011570,New Delhi,28.605958864414426,77.17086457053828,Zone_07,Zone_08,0.6983,0.3016,0.6983,False
CT015195,New Delhi,28.6114543544138,77.24446084160964,Zone_07,Zone_08,0.6487,0.3513,0.6487,False
CT015879,New Delhi,28.641137561492645,77.27272564862122,Zone_08,Zone_08,0.6029,0.3971,0.6029,True
CT003795,Faridabad,28.3833418644581,77.32248338560558,Zone_07,Zone_07,0.8711,0.8711,0.1223,True
CT018856,Gurugram,28.474606928429186,77.05793325394326,Zone_08,Zone_08,0.9999,0.0001,0.9999,True
CT008666,New Delhi,28.632773291001214,77.25059594686053,Zone_08,Zone_08,0.6992,0.3007,0.6992,True
CT014321,Faridabad,28.497573908390944,77.29268207137214,Zone_07,Zone_07,0.8413,0.8413,0.1586,True
CT016332,New Delhi,28.60942866784513,77.18235367735714,Zone_07,Zone_08,0.5731,0.4268,0.5731,False
CT016970,Faridabad,28.3778960321618,77.3619391916423,Zone_07,Zone_07,0.8414,0.8414,0.1586,True
CT003767,Faridabad,28.422099175720287,77.35115713528423,Zone_07,Zone_07,0.8534,0.8534,0.1463,True
CT002639,Ghaziabad,28.68381826771313,77.44139330396617,Zone_07,Zone_07,0.9718,0.9718,0.0005,True
CT012296,Noida,28.481142917254388,77.45178899685197,Zone_07,Zone_07,0.9916,0.9916,0.0083,True
CT010778,Gurugram,28.45532504745021,76.96561517716314,Zone_08,Zone_08,0.9999,0.0001,0.9999,True
CT006578,Noida,28.507021941634605,77.41314707274798,Zone_07,Zone_07,0.9892,0.9892,0.0105,True
CT015095,Faridabad,28.42958050464236,77.24697875781541,Zone_07,Zone_07,0.8178,0.8178,0.1822,True
CT017221,Noida,28.50799382360012,77.40112539656,Zone_07,Zone_07,0.9941,0.9941,0.0057,True
CT002504,Ghaziabad,28.69217785619534,77.54797252952116,Zone_07,Zone_07,0.9892,0.9892,0.0,True
CT006335,Noida,28.56360285450103,77.43379105461615,Zone_07,Zone_07,0.986,0.986,0.014,True
CT016667,New Delhi,28.635077405955787,77.20734207041006,Zone_07,Zone_07,0.5786,0.5786,0.4214,True
CT018425,New Delhi,28.611683466803203,77.11332784058632,Zone_07,Zone_08,0.6665,0.3334,0.6665,False
CT005892,New Delhi,28.608089211479527,77.2806683092923,Zone_07,Zone_07,0.5121,0.5121,0.4875,True
CT015586,New Delhi,28.591561827617777,77.16699476969384,Zone_08,Zone_08,0.6706,0.3293,0.6706,True
CT013842,New Delhi,28.57778491597012,77.18074442944652,Zone_07,Zone_08,0.7062,0.2937,0.7062,False
CT000065,New Delhi,28.55952795298648,77.17493512105882,Zone_07,Zone_08,0.6216,0.3783,0.6216,False
CT017290,Faridabad,28.395964361807284,77.34193535972317,Zone_07,Zone_07,0.7402,0.7402,0.2597,True
CT002144,Noida,28.4683005461813,77.36952554828727,Zone_07,Zone_07,0.9962,0.9962,0.0038,True
CT018243,Gurugram,28.423664800081006,76.98128762304634,Zone_08,Zone_08,0.9965,0.0035,0.9965,True
CT010642,Ghaziabad,28.64607227130156,77.46587934639331,Zone_07,Zone_07,0.949,0.949,0.0,True
CT017686,Gurugram,28.41800151286873,76.99556068184026,Zone_08,Zone_08,0.988,0.0102,0.988,True
CT014973,Gurugram,28.466489283339367,77.01812900965606,Zone_08,Zone_08,1.0,0.0,1.0,True
CT010933,New Delhi,28.5972358312194,77.26261438706695,Zone_07,Zone_08,0.6904,0.3095,0.6904,False
CT007095,New Delhi,28.61244151954027,77.19534095949328,Zone_08,Zone_08,0.7247,0.2751,0.7247,True
CT013522,Ghaziabad,28.70698166021557,77.42284727877362,Zone_07,Zone_07,0.9517,0.9517,0.0,True
CT005599,Faridabad,28.38100707506068,77.31832231603832,Zone_07,Zone_07,0.7701,0.7701,0.2299,True
CT005807,New Delhi,28.62474727140592,77.17601034788078,Zone_07,Zone_08,0.5981,0.4008,0.5981,False
CT002796,Faridabad,28.44212385890928,77.34360982103176,Zone_07,Zone_07,0.8709,0.8709,0.1291,True
CT003708,New Delhi,28.645055345327567,77.2058732242267,Zone_08,Zone_08,0.6899,0.3099,0.6899,True
CT000116,Ghaziabad,28.635645410908467,77.39728844971454,Zone_07,Zone_07,0.9641,0.9641,0.0,True
CT016481,Noida,28.47135909592452,77.36223475924902,Zone_07,Zone_07,0.9909,0.9909,0.0091,True
CT001780,Gurugram,28.419816220394857,77.01165251179302,Zone_08,Zone_08,0.9999,0.0001,0.9999,True
CT007346,Faridabad,28.39011121511229,77.25744718048071,Zone_07,Zone_07,0.7229,0.7229,0.277,True
CT002500,Gurugram,28.43625458478725,77.09169293376053,Zone_08,Zone_08,0.9999,0.0001,0.9999,True
CT003293,Faridabad,28.416538741207887,77.36456093600198,Zone_07,Zone_07,0.8253,0.8253,0.1747,True
CT012046,New Delhi,28.60213677266284,77.2577829728403,Zone_07,Zone_08,0.7131,0.2858,0.7131,False
CT014162,New Delhi,28.61036350004876,77.22132715276274,Zone_08,Zone_08,0.6076,0.3924,0.6076,True
CT015927,Ghaziabad,28.71031093563721,77.47597109203531,Zone_07,Zone_07,0.959,0.959,0.0,True
CT011520,Faridabad,28.429106348444517,77.33419311505762,Zone_07,Zone_07,0.8898,0.8898,0.1102,True
CT014906,New Delhi,28.62204887428983,77.18336196916587,Zone_08,Zone_08,0.687,0.3099,0.687,True
CT002726,Noida,28.56844037258418,77.37054460099372,Zone_07,Zone_07,0.992,0.992,0.0078,True
CT004552,New Delhi,28.542620937023,77.15531571579861,Zone_08,Zone_08,0.6769,0.3229,0.6769,True
CT014528,Ghaziabad,28.64971174805455,77.49397086559475,Zone_07,Zone_07,0.987,0.987,0.0,True
CT019865,Ghaziabad,28.60273904855245,77.41707686047303,Zone_07,Zone_07,0.9824,0.9824,0.0002,True
CT017678,New Delhi,28.568694116632116,77.19870244079888,Zone_08,Zone_08,0.665,0.335,0.665,True
CT006067,Gurugram,28.48703451561873,77.09706332765323,Zone_08,Zone_08,0.9778,0.0209,0.9778,True
CT018906,Ghaziabad,28.70102421386103,77.444297950706,Zone_07,Zone_07,0.984,0.984,0.0002,True
CT008368,Noida,28.551947233373145,77.40234189783712,Zone_07,Zone_07,0.9967,0.9967,0.0019,True
CT015312,Ghaziabad,28.73284220026869,77.39135389932237,Zone_07,Zone_07,0.983,0.983,0.0068,True
CT018573,Gurugram,28.403241487020995,77.05417487681692,Zone_08,Zone_08,0.9941,0.0059,0.9941,True
CT011848,Faridabad,28.398499740790296,77.28649384227796,Zone_07,Zone_07,0.7998,0.7998,0.1979,True
CT006471,Gurugram,28.455207666922497,77.00920584508405,Zone_08,Zone_08,0.9999,0.0001,0.9999,True
CT012538,Faridabad,28.435399111057063,77.29948954426705,Zone_07,Zone_07,0.8254,0.8254,0.1731,True
CT001095,New Delhi,28.60886332267032,77.22050976706852,Zone_07,Zone_08,0.6667,0.3333,0.6667,False
CT017901,Gurugram,28.48385665628505,77.11366811704158,Zone_08,Zone_08,0.9966,0.0034,0.9966,True
CT018126,Faridabad,28.362375798965303,77.28010773302634,Zone_07,Zone_07,0.8958,0.8958,0.1042,True
CT004586,Noida,28.55578165430182,77.34939521093422,Zone_07,Zone_07,0.9734,0.9734,0.0265,True
CT017733,Noida,28.55598903939102,77.38621306852889,Zone_07,Zone_07,0.9924,0.9924,0.0076,True
CT008844,New Delhi,28.61244092504475,77.19023848408862,Zone_07,Zone_08,0.6122,0.3876,0.6122,False
CT011440,Ghaziabad,28.69310319402572,77.57805046151954,Zone_07,Zone_07,0.954,0.954,0.0065,True
CT017908,New Delhi,28.56705568903224,77.13206986802332,Zone_07,Zone_08,0.5575,0.4425,0.5575,False
CT003625,New Delhi,28.594436637617303,77.22168441549806,Zone_07,Zone_07,0.6387,0.6387,0.3612,True
CT010584,Gurugram,28.423407242076227,77.0062214840221,Zone_08,Zone_08,0.9999,0.0001,0.9999,True
CT006932,New Delhi,28.584589124776677,77.22793529284446,Zone_08,Zone_08,0.7281,0.2718,0.7281,True
CT013662,Faridabad,28.45642765533765,77.34154940439875,Zone_07,Zone_07,0.8394,0.8394,0.1593,True
CT006098,Faridabad,28.386010896840336,77.35072934840424,Zone_07,Zone_07,0.8541,0.8541,0.1459,True
CT014681,Ghaziabad,28.65975317655636,77.47995304604967,Zone_07,Zone_07,0.9931,0.9931,0.0,True
CT018190,Ghaziabad,28.65152807832718,77.49739390818816,Zone_07,Zone_07,0.9868,0.9868,0.0,True
CT005035,New Delhi,28.56215634401549,77.28840871581754,Zone_08,Zone_08,0.6815,0.3185,0.6815,True
CT019090,Gurugram,28.454078912404384,77.02871646756479,Zone_08,Zone_08,0.9999,0.0001,0.9999,True
CT005830,Noida,28.536257654576097,77.41681186044927,Zone_07,Zone_07,0.9867,0.9867,0.0092,True
CT000875,New Delhi,28.54792214068077,77.16888515792186,Zone_08,Zone_08,0.6212,0.3788,0.6212,True
CT017825,Faridabad,28.425160530502964,77.31335067877633,Zone_07,Zone_07,0.8501,0.8501,0.1498,True
CT011193,New Delhi,28.58748915367337,77.16951620463404,Zone_08,Zone_08,0.5439,0.4557,0.5439,True
CT010806,New Delhi,28.557767464620603,77.16180799145036,Zone_08,Zone_08,0.6679,0.3311,0.6679,True
CT016466,Noida,28.649558653997463,77.38516231266,Zone_07,Zone_07,0.9904,0.9904,0.003,True
CT001577,Noida,28.55615228382627,77.28897989912745,Zone_07,Zone_07,0.9671,0.9671,0.0329,True
CT001395,Ghaziabad,28.643154848206013,77.40365129212122,Zone_07,Zone_07,0.9873,0.9873,0.0004,True
CT007481,Faridabad,28.39423823118423,77.31583252683022,Zone_07,Zone_07,0.8763,0.8763,0.1236,True
CT012740,New Delhi,28.578643105953848,77.19346484376976,Zone_07,Zone_08,0.5983,0.4016,0.5983,False
CT000396,Gurugram,28.440062296225356,77.00891291560973,Zone_08,Zone_08,0.9999,0.0001,0.9999,True
CT016624,New Delhi,28.678660530174227,77.16924319740141,Zone_07,Zone_08,0.6801,0.3198,0.6801,False
CT017554,Gurugram,28.458523446154327,77.0017617539942,Zone_08,Zone_08,0.9959,0.0041,0.9959,True
CT015361,Ghaziabad,28.668527092462654,77.54119683250401,Zone_07,Zone_07,0.9457,0.9457,0.0,True
CT003165,New Delhi,28.6336764954474,77.15442500165874,Zone_08,Zone_08,0.606,0.3939,0.606,True
CT019387,New Delhi,28.583972086497344,77.28824892033239,Zone_08,Zone_07,0.5507,0.5507,0.4484,False
CT004217,New Delhi,28.57353595709189,77.18088745778674,Zone_08,Zone_08,0.6113,0.3886,0.6113,True
CT010096,New Delhi,28.62206166128605,77.13310163404954,Zone_07,Zone_08,0.5583,0.4407,0.5583,False
CT005858,Faridabad,28.443478842497143,77.26769621077148,Zone_07,Zone_07,0.7957,0.7957,0.2042,True
CT012001,Faridabad,28.399769990531585,77.33599894625735,Zone_07,Zone_07,0.813,0.813,0.1816,True
CT006682,Ghaziabad,28.687407350088424,77.37107274410644,Zone_07,Zone_07,0.9301,0.9301,0.0017,True
CT001174,Noida,28.519237668935943,77.36757804780375,Zone_07,Zone_07,0.9927,0.9927,0.0073,True
CT003855,New Delhi,28.607342546298767,77.24049101732773,Zone_08,Zone_08,0.6837,0.3163,0.6837,True
CT015098,New Delhi,28.58545104790038,77.27320836051649,Zone_07,Zone_08,0.7517,0.2462,0.7517,False
CT016294,New Delhi,28.654434434340786,77.28047910413866,Zone_08,Zone_08,0.5586,0.4406,0.5586,True
CT001087,Noida,28.56120320410296,77.42965607166371,Zone_07,Zone_07,0.9935,0.9935,0.0014,True
CT005302,New Delhi,28.60906357135212,77.16426981191981,Zone_08,Zone_08,0.6946,0.3053,0.6946,True
CT015053,Faridabad,28.442609332881645,77.3086495357517,Zone_07,Zone_07,0.6753,0.6753,0.3246,True
CT019384,New Delhi,28.60163403374609,77.125844320265,Zone_07,Zone_08,0.6256,0.3741,0.6256,False
CT009630,New Delhi,28.5596156631234,77.30143090736297,Zone_07,Zone_08,0.5927,0.4071,0.5927,False
CT005255,Noida,28.485353465468297,77.37101923765026,Zone_07,Zone_07,0.9941,0.9941,0.0054,True
CT010851,Gurugram,28.45916113365943,77.08128066172178,Zone_08,Zone_08,0.9999,0.0001,0.9999,True
CT014247,New Delhi,28.59290093135281,77.23315575771115,Zone_08,Zone_08,0.6185,0.3815,0.6185,True
CT019480,Gurugram,28.548491986415705,77.05391081154193,Zone_08,Zone_08,0.9982,0.0018,0.9982,True
CT012112,Gurugram,28.46521646409667,77.01431119353559,Zone_08,Zone_08,0.9989,0.0011,0.9989,True
CT011638,New Delhi,28.67150733609773,77.19423488478677,Zone_08,Zone_08,0.6027,0.3972,0.6027,True
CT008320,Gurugram,28.40206500482964,77.00034690082231,Zone_08,Zone_08,0.9951,0.0049,0.9951,True
CT016521,Ghaziabad,28.692507031743787,77.49822931598055,Zone_07,Zone_07,0.9737,0.9737,0.0,True
CT012022,Gurugram,28.473766801160156,77.08248969360031,Zone_08,Zone_08,0.9999,0.0001,0.9999,True
CT011656,New Delhi,28.61913438185204,77.27979163027305,Zone_08,Zone_08,0.6509,0.349,0.6509,True
CT005009,New Delhi,28.590115872494657,77.23718101377347,Zone_07,Zone_08,0.7849,0.215,0.7849,False
CT016321,Noida,28.597925616100444,77.42752004921331,Zone_07,Zone_07,0.9971,0.9971,0.0015,True
CT011495,New Delhi,28.594542528197096,77.23360668719414,Zone_08,Zone_08,0.7227,0.2762,0.7227,True
CT017664,New Delhi,28.61878576890417,77.26286415811376,Zone_08,Zone_08,0.7901,0.2098,0.7901,True
CT005067,New Delhi,28.598427820274736,77.22996831253622,Zone_08,Zone_08,0.519,0.481,0.519,True
CT010959,Gurugram,28.434093325228407,76.96318896590873,Zone_08,Zone_08,0.9842,0.0158,0.9842,True
CT016622,Gurugram,28.424614058289453,76.97535255896828,Zone_08,Zone_08,0.9999,0.0001,0.9999,True
CT017715,New Delhi,28.643321749220767,77.16430291888601,Zone_08,Zone_07,0.5454,0.5454,0.4546,False
CT017870,Noida,28.580971867704967,77.3172223161845,Zone_07,Zone_07,0.9919,0.9919,0.008,True
CT008409,Ghaziabad,28.632753732202403,77.46410415470908,Zone_07,Zone_07,0.9699,0.9699,0.0,True
CT002287,Ghaziabad,28.678861246885003,77.47494821362376,Zone_07,Zone_07,0.9858,0.9858,0.0,True
CT014608,Faridabad,28.425773748979093,77.27755496428348,Zone_07,Zone_07,0.8737,0.8737,0.1244,True
CT000124,Gurugram,28.447127002994844,77.02591272784912,Zone_08,Zone_08,0.9966,0.0034,0.9966,True
CT002452,New Delhi,28.578001284528977,77.30238295006484,Zone_07,Zone_08,0.59,0.4099,0.59,False
CT015593,Faridabad,28.438340055560595,77.26584970184551,Zone_07,Zone_07,0.8726,0.8726,0.1274,True
CT011719,Faridabad,28.426365332180325,77.3334012785714,Zone_07,Zone_07,0.8419,0.8419,0.1581,True
CT003281,New Delhi,28.668679180546693,77.19904264788012,Zone_08,Zone_08,0.6188,0.3811,0.6188,True
CT003108,New Delhi,28.58522684866525,77.18664098776823,Zone_07,Zone_07,0.5361,0.5361,0.4639,True
CT012911,Faridabad,28.3718768938041,77.33063310169936,Zone_08,Zone_07,0.7816,0.7816,0.2182,False
CT013093,Gurugram,28.41847929305485,76.98962959457342,Zone_08,Zone_08,0.9949,0.0051,0.9949,True
CT007506,New Delhi,28.62003952476492,77.18379941497113,Zone_07,Zone_08,0.6864,0.3135,0.6864,False
CT007663,New Delhi,28.599743146749997,77.18819399424056,Zone_08,Zone_08,0.66,0.3399,0.66,True
CT010076,Noida,28.628283442171487,77.379910456201,Zone_07,Zone_07,0.9838,0.9838,0.0152,True
CT017524,Gurugram,28.420345090786636,77.06625862992077,Zone_08,Zone_08,0.9999,0.0001,0.9999,True
CT000461,Faridabad,28.412080907727137,77.34547166624644,Zone_07,Zone_07,0.8108,0.8108,0.1842,True
CT006110,New Delhi,28.62303996627377,77.2147794740518,Zone_08,Zone_08,0.6291,0.3708,0.6291,True
CT005801,Gurugram,28.436301407264537,77.04313343694656,Zone_08,Zone_08,0.9982,0.0018,0.9982,True
CT002468,New Delhi,28.545174836486296,77.20568492001915,Zone_08,Zone_08,0.6553,0.3446,0.6553,True
CT007215,Noida,28.513771025450577,77.41968143622482,Zone_07,Zone_07,0.9899,0.9899,0.0088,True
CT010934,Faridabad,28.430240497002902,77.28953983791074,Zone_07,Zone_07,0.8776,0.8776,0.1189,True
CT006805,Ghaziabad,28.720754481137583,77.47501992777674,Zone_07,Zone_07,0.9652,0.9652,0.0006,True
CT002446,Faridabad,28.494678230554204,77.29644786623976,Zone_07,Zone_07,0.8532,0.8532,0.1384,True
CT003597,Ghaziabad,28.618416435355133,77.49067525537482,Zone_07,Zone_07,0.9585,0.9585,0.0,True
CT007279,New Delhi,28.57294844042565,77.21855884100094,Zone_08,Zone_08,0.6484,0.3515,0.6484,True
CT013158,Gurugram,28.46095663675763,77.00736062203121,Zone_08,Zone_08,0.9999,0.0001,0.9999,True
CT017624,New Delhi,28.59396588551584,77.28815778893113,Zone_07,Zone_08,0.6392,0.3608,0.6392,False
CT007658,Noida,28.50894747988731,77.3124795020776,Zone_07,Zone_07,0.9871,0.9871,0.0088,True
CT012428,Ghaziabad,28.607099391048365,77.39499378904526,Zone_07,Zone_07,0.8993,0.8993,0.0114,True
CT001675,Noida,28.56854026904137,77.39296478211477,Zone_07,Zone_07,0.9882,0.9882,0.0093,True
CT015753,Gurugram,28.41190841207844,77.05732401797752,Zone_08,Zone_08,0.8565,0.0719,0.8565,True
CT012654,New Delhi,28.521688729432466,77.23237663535159,Zone_08,Zone_08,0.6489,0.351,0.6489,True
CT019923,Ghaziabad,28.6828782716796,77.49972050658333,Zone_07,Zone_07,0.9647,0.9647,0.0181,True
CT008531,New Delhi,28.60387070305759,77.24159397620777,Zone_08,Zone_08,0.6849,0.315,0.6849,True
CT018627,Gurugram,28.480518139743904,77.02315464274713,Zone_08,Zone_08,0.9797,0.0186,0.9797,True
CT001137,Gurugram,28.45925561663837,77.06972448665458,Zone_08,Zone_08,0.9999,0.0001,0.9999,True
CT015895,Noida,28.565813315319332,77.41571510736436,Zone_07,Zone_07,0.9734,0.9734,0.0266,True
CT006825,Faridabad,28.41206121094136,77.26258250595124,Zone_07,Zone_07,0.8581,0.8581,0.1401,True
CT006422,Faridabad,28.39955271607559,77.25799052696038,Zone_07,Zone_07,0.8488,0.8488,0.1511,True
CT000884,Gurugram,28.44203164735828,77.1030143901851,Zone_08,Zone_08,0.9999,0.0001,0.9999,True
CT002846,New Delhi,28.555346515584,77.12961496896524,Zone_08,Zone_08,0.6469,0.3528,0.6469,True
CT002415,Gurugram,28.39345948715853,77.00749327022291,Zone_08,Zone_08,0.9999,0.0001,0.9999,True
CT014233,Noida,28.53819418579164,77.40655282464196,Zone_07,Zone_07,0.9878,0.9878,0.0122,True
CT010411,Faridabad,28.41005451535922,77.33771685822578,Zone_08,Zone_07,0.7823,0.7823,0.216,False
CT007755,Gurugram,28.511228319559912,76.99331188259175,Zone_08,Zone_08,0.9999,0.0001,0.9999,True
CT003022,Noida,28.58475335379556,77.37457343985608,Zone_07,Zone_07,0.9771,0.9771,0.0227,True
CT008105,New Delhi,28.59659763845458,77.1905103186055,Zone_08,Zone_08,0.6359,0.3639,0.6359,True
CT011024,Noida,28.509108725119788,77.32286493891105,Zone_07,Zone_07,0.9536,0.9536,0.0463,True
CT000151,Ghaziabad,28.659793200470343,77.43290087170777,Zone_07,Zone_07,0.9821,0.9821,0.0,True
CT008589,Gurugram,28.41635215215508,76.98693244595414,Zone_08,Zone_08,0.9882,0.0118,0.9882,True
CT000394,New Delhi,28.643150368988547,77.29836169923169,Zone_08,Zone_08,0.6997,0.3002,0.6997,True
CT016796,Faridabad,28.4388936790694,77.27209310220469,Zone_07,Zone_07,0.8284,0.8284,0.1715,True
CT003496,Noida,28.58839066747572,77.40769694660186,Zone_07,Zone_07,0.9803,0.9803,0.0119,True
CT004363,New Delhi,28.64020007664289,77.23076012107377,Zone_08,Zone_08,0.6133,0.3867,0.6133,True
CT019218,New Delhi,28.64243127044214,77.21814517472284,Zone_08,Zone_08,0.7469,0.253,0.7469,True
CT019858,Noida,28.54608066108797,77.43590660235657,Zone_07,Zone_07,0.9847,0.9847,0.0152,True
CT010227,New Delhi,28.60564147676238,77.27125446358393,Zone_08,Zone_08,0.6331,0.3669,0.6331,True
CT009404,Gurugram,28.402284992488084,77.0471607018962,Zone_08,Zone_08,0.9908,0.0092,0.9908,True
CT019618,Gurugram,28.43915830668685,77.04704349428961,Zone_08,Zone_08,0.9999,0.0001,0.9999,True
CT016307,Faridabad,28.402910998161524,77.32362450686254,Zone_08,Zone_07,0.8243,0.8243,0.1757,False
CT014896,Ghaziabad,28.65782622073545,77.41438141503089,Zone_07,Zone_07,0.9849,0.9849,0.0006,True
CT014250,Gurugram,28.46104436437716,77.02069082205684,Zone_08,Zone_08,0.9998,0.0002,0.9998,True
CT004831,New Delhi,28.65216296242005,77.27148034998794,Zone_07,Zone_08,0.6548,0.3451,0.6548,False
CT002474,Faridabad,28.45518230843012,77.31258091753924,Zone_08,Zone_07,0.8705,0.8705,0.1295,False
CT008114,New Delhi,28.63081661029507,77.2089461328854,Zone_07,Zone_08,0.5895,0.41,0.5895,False
CT006432,Gurugram,28.445423618831864,77.0784239966862,Zone_08,Zone_08,0.9763,0.0237,0.9763,True
CT019206,Noida,28.55268069043463,77.35201515099081,Zone_07,Zone_07,0.9705,0.9705,0.0295,True
CT010621,Gurugram,28.457839121486995,76.98742936380798,Zone_08,Zone_08,0.9999,0.0001,0.9999,True
CT015186,Gurugram,28.33724591621795,77.02830279159305,Zone_08,Zone_08,0.9779,0.0203,0.9779,True
CT018985,Noida,28.59483989092729,77.33254796356199,Zone_07,Zone_07,0.9968,0.9968,0.003,True
CT017087,Gurugram,28.417263951482205,77.00290167221529,Zone_08,Zone_08,1.0,0.0,1.0,True
CT006845,New Delhi,28.617686872120878,77.22652761568209,Zone_08,Zone_08,0.6188,0.3812,0.6188,True
CT019341,New Delhi,28.5993836943745,77.21687051456199,Zone_07,Zone_08,0.6425,0.3574,0.6425,False
CT014483,Ghaziabad,28.61792674906101,77.32888028301502,Zone_07,Zone_07,0.9062,0.9062,0.0166,True
CT014926,New Delhi,28.596981431534136,77.19051333343401,Zone_08,Zone_08,0.6874,0.3125,0.6874,True
CT008162,Faridabad,28.4307281372248,77.3147336190524,Zone_07,Zone_07,0.8861,0.8861,0.1138,True
CT019675,New Delhi,28.61342361932024,77.15753099271645,Zone_07,Zone_08,0.6662,0.3187,0.6662,False
CT019282,Gurugram,28.38617452836485,77.08115101743599,Zone_08,Zone_08,0.9999,0.0001,0.9999,True
CT005135,Ghaziabad,28.639291602696584,77.53641569067506,Zone_07,Zone_07,0.9829,0.9829,0.0,True
CT008332,New Delhi,28.562505657094984,77.24172598723801,Zone_08,Zone_08,0.6713,0.3286,0.6713,True
CT016084,Ghaziabad,28.710177710540854,77.49732158254605,Zone_07,Zone_07,0.9761,0.9761,0.0075,True
CT014695,Noida,28.524001114531316,77.30970186324437,Zone_07,Zone_07,0.9916,0.9916,0.0082,True
CT015238,New Delhi,28.676580615230847,77.16726567351529,Zone_08,Zone_08,0.6694,0.3296,0.6694,True
CT014949,Noida,28.571734404902728,77.40015273377182,Zone_07,Zone_07,0.9931,0.9931,0.0065,True
CT013843,New Delhi,28.685763057676,77.30050617028087,Zone_08,Zone_08,0.5969,0.403,0.5969,True
CT001216,Faridabad,28.436076163389185,77.33654370248185,Zone_07,Zone_07,0.8184,0.8184,0.1816,True
CT001071,Ghaziabad,28.66439598204696,77.40661053202074,Zone_07,Zone_07,0.9883,0.9883,0.0065,True
CT006979,Noida,28.502740743405,77.36200417746028,Zone_07,Zone_07,0.9957,0.9957,0.0043,True
CT018661,Faridabad,28.40453080482435,77.23454569187898,Zone_07,Zone_07,0.8114,0.8114,0.1885,True
CT002370,Faridabad,28.437614118072748,77.38555359811495,Zone_07,Zone_07,0.9011,0.9011,0.0972,True
CT002132,Noida,28.53588932081417,77.28350496202528,Zone_07,Zone_07,0.9933,0.9933,0.0064,True
CT017744,Ghaziabad,28.728652287652256,77.41674421977548,Zone_07,Zone_07,0.9829,0.9829,0.0004,True
CT017030,Ghaziabad,28.65493442621532,77.49300771235848,Zone_07,Zone_07,0.945,0.945,0.006,True
CT001970,Faridabad,28.39656143271669,77.3564593057797,Zone_07,Zone_07,0.7849,0.7849,0.215,True
CT009534,Gurugram,28.49731623565013,77.00779778281711,Zone_08,Zone_08,0.9999,0.0001,0.9999,True
CT007613,New Delhi,28.59991072090388,77.06768746154071,Zone_07,Zone_08,0.6098,0.3701,0.6098,False
CT006768,Gurugram,28.462879366319488,76.98490666837888,Zone_08,Zone_08,0.9998,0.0002,0.9998,True
CT006323,Ghaziabad,28.651246162415227,77.49849900473727,Zone_07,Zone_07,0.9947,0.9947,0.0,True
CT008847,Noida,28.552902724944,77.36671693787672,Zone_07,Zone_07,0.976,0.976,0.0237,True
CT002933,Faridabad,28.413743145769093,77.27960437689873,Zone_08,Zone_07,0.7999,0.7999,0.2,False
CT017291,New Delhi,28.543152306321332,77.16610055627547,Zone_07,Zone_08,0.6657,0.3343,0.6657,False
CT018963,Noida,28.527978509914306,77.36031549461283,Zone_07,Zone_07,0.9955,0.9955,0.0045,True
CT009830,Faridabad,28.364437777407048,77.28055758232814,Zone_07,Zone_07,0.791,0.791,0.1995,True
CT018668,Ghaziabad,28.662867678183996,77.44977228961433,Zone_07,Zone_07,0.9718,0.9718,0.0006,True
CT004359,Gurugram,28.43826731851953,77.01240583554285,Zone_08,Zone_08,0.9918,0.0082,0.9918,True
CT014643,New Delhi,28.621489454070787,77.15796574496312,Zone_07,Zone_08,0.5879,0.4116,0.5879,False
CT008339,Gurugram,28.35677669489076,77.06394992972403,Zone_08,Zone_08,0.9941,0.0059,0.9941,True
CT009507,Faridabad,28.445404919426668,77.3355571204962,Zone_07,Zone_07,0.9229,0.9229,0.077,True
CT003012,Ghaziabad,28.6360015753519,77.47592259900794,Zone_07,Zone_07,0.9233,0.9233,0.0065,True
CT002034,Gurugram,28.46447629521009,77.09522029536205,Zone_08,Zone_08,0.9999,0.0001,0.9999,True
CT017587,Ghaziabad,28.6984850009265,77.45496386442866,Zone_07,Zone_07,0.9623,0.9623,0.0,True
CT004183,New Delhi,28.6798288402412,77.19518270405321,Zone_08,Zone_08,0.6682,0.3309,0.6682,True
CT013606,New Delhi,28.530157751181804,77.18442603229958,Zone_08,Zone_08,0.6879,0.312,0.6879,True
CT011806,New Delhi,28.615562454299763,77.14311056100229,Zone_08,Zone_08,0.6646,0.3353,0.6646,True
CT007945,New Delhi,28.624140848898158,77.24313012641065,Zone_07,Zone_08,0.6692,0.3306,0.6692,False
CT004657,Ghaziabad,28.68471920404328,77.4741518923993,Zone_07,Zone_07,0.9613,0.9613,0.0,True
CT017571,Gurugram,28.443717184843315,77.01285494381167,Zone_08,Zone_08,0.9999,0.0001,0.9999,True
CT002395,New Delhi,28.68207406250613,77.20394008813639,Zone_07,Zone_08,0.7683,0.2316,0.7683,False
CT006184,New Delhi,28.560534803433136,77.28622152684873,Zone_07,Zone_08,0.627,0.373,0.627,False
CT002260,Gurugram,28.52701836582162,77.08474521172198,Zone_08,Zone_08,0.9969,0.0031,0.9969,True
CT012544,Faridabad,28.333019537468488,77.29870748501055,Zone_07,Zone_07,0.819,0.819,0.1809,True
CT000082,Gurugram,28.46990511920918,77.00597097738066,Zone_08,Zone_08,0.9999,0.0001,0.9999,True
CT008599,Gurugram,28.48512685973991,77.0277108726906,Zone_08,Zone_08,1.0,0.0,1.0,True
CT011716,Ghaziabad,28.67209920489907,77.4044776205524,Zone_07,Zone_07,0.9777,0.9777,0.0,True
CT014699,Gurugram,28.47738927589544,77.04594743688389,Zone_08,Zone_08,0.9999,0.0001,0.9999,True
CT015110,Ghaziabad,28.644392911972822,77.38587328135152,Zone_07,Zone_07,0.9473,0.9473,0.0138,True
CT012484,Noida,28.535605159157,77.36610120771472,Zone_07,Zone_07,0.9705,0.9705,0.0295,True
CT003206,Gurugram,28.46813560045443,77.00374730950526,Zone_08,Zone_08,0.989,0.011,0.989,True
CT016270,Ghaziabad,28.657490147629183,77.4889547736075,Zone_07,Zone_07,0.9923,0.9923,0.0,True
CT013058,Faridabad,28.435402547615,77.29563630207711,Zone_07,Zone_07,0.8294,0.8294,0.1705,True
CT010490,New Delhi,28.66235369538027,77.21370443476991,Zone_08,Zone_08,0.6567,0.3433,0.6567,True
CT001830,Gurugram,28.45655532717132,77.02598763922666,Zone_08,Zone_08,0.9999,0.0001,0.9999,True
CT013174,Gurugram,28.382628654773907,77.06768342883859,Zone_08,Zone_08,0.9991,0.0009,0.9991,True
CT009505,Faridabad,28.408400029511448,77.31912158398711,Zone_07,Zone_07,0.8038,0.8038,0.1961,True
CT006522,Gurugram,28.502179383235884,76.97795146143223,Zone_08,Zone_08,0.9957,0.0043,0.9957,True
CT018660,Faridabad,28.455493515906078,77.3318645812485,Zone_08,Zone_07,0.7936,0.7936,0.2047,False
CT009048,Gurugram,28.45138641492241,77.0481844441289,Zone_08,Zone_08,0.9999,0.0001,0.9999,True
CT012780,Noida,28.50099554774713,77.38547237784562,Zone_07,Zone_07,0.9934,0.9934,0.0064,True
CT019844,Faridabad,28.450359118691487,77.32258595632818,Zone_07,Zone_07,0.8944,0.8944,0.1055,True
CT007820,Gurugram,28.495513017453217,76.900807834804,Zone_08,Zone_08,0.8478,0.0001,0.8478,True
CT015776,Ghaziabad,28.70077514582415,77.43625823755453,Zone_07,Zone_07,0.9657,0.9657,0.0,True
CT019503,New Delhi,28.5765983132538,77.23062606750254,Zone_07,Zone_08,0.6205,0.3794,0.6205,False
CT004274,Ghaziabad,28.71462644221245,77.4609271801362,Zone_07,Zone_07,0.9711,0.9711,0.0,True
CT011950,Gurugram,28.51448170814791,77.11944349465432,Zone_08,Zone_08,0.9938,0.0062,0.9938,True
CT019988,New Delhi,28.623390827649324,77.1665709176829,Zone_07,Zone_08,0.6757,0.3242,0.6757,False
CT005142,Faridabad,28.43953242441968,77.29753527204468,Zone_07,Zone_07,0.9121,0.9121,0.0878,True
CT007514,New Delhi,28.618777428241717,77.23702572655314,Zone_07,Zone_08,0.6151,0.3848,0.6151,False
CT008740,New Delhi,28.62842488711141,77.21091591502865,Zone_07,Zone_08,0.5597,0.4403,0.5597,False
CT016345,New Delhi,28.617554023897807,77.18321581005219,Zone_07,Zone_08,0.7026,0.2973,0.7026,False
CT001580,Ghaziabad,28.68671287797955,77.39024353194874,Zone_07,Zone_07,0.9699,0.9699,0.0037,True
CT019081,New Delhi,28.59186318719096,77.21314433735479,Zone_08,Zone_08,0.6324,0.3675,0.6324,True
CT013406,Gurugram,28.41254323259673,77.0281626668446,Zone_08,Zone_08,0.9999,0.0001,0.9999,True
CT008178,Faridabad,28.411249738799214,77.29342805706455,Zone_07,Zone_07,0.8134,0.8134,0.1866,True
CT013837,Noida,28.581870809608617,77.29855114166506,Zone_07,Zone_07,0.9836,0.9836,0.0163,True
CT011723,New Delhi,28.62453930862938,77.21495825874969,Zone_07,Zone_08,0.5922,0.4074,0.5922,False
CT010605,Gurugram,28.418228280736347,77.05224612451475,Zone_08,Zone_08,0.9997,0.0003,0.9997,True
CT012964,Noida,28.50399475719893,77.37944894904798,Zone_07,Zone_07,0.9763,0.9763,0.0162,True
CT019333,New Delhi,28.576497605053504,77.27976754524202,Zone_07,Zone_08,0.5953,0.4041,0.5953,False
CT005844,Faridabad,28.416981250234425,77.3460787294476,Zone_07,Zone_07,0.8443,0.8443,0.1556,True
CT019999,New Delhi,28.654357812679983,77.18343783531786,Zone_08,Zone_08,0.6944,0.3055,0.6944,True
CT010647,Gurugram,28.47386142698497,76.97492974878074,Zone_08,Zone_08,0.9982,0.0018,0.9982,True
CT019947,New Delhi,28.62722762074484,77.1686675043414,Zone_07,Zone_08,0.7384,0.2615,0.7384,False
CT005332,Noida,28.583327472892467,77.3929327321313,Zone_07,Zone_07,0.9935,0.9935,0.0061,True
CT003346,New Delhi,28.578394415199977,77.18654342519523,Zone_08,Zone_08,0.6639,0.336,0.6639,True
CT005609,Gurugram,28.439682345667745,77.02823201549475,Zone_08,Zone_08,0.989,0.0082,0.989,True
CT019514,Ghaziabad,28.70085726006509,77.44906184681972,Zone_07,Zone_07,0.9545,0.9545,0.0,True
CT006517,New Delhi,28.5648417673113,77.23531500626602,Zone_07,Zone_08,0.6274,0.3725,0.6274,False
CT014939,Noida,28.56070559846564,77.43303558728843,Zone_07,Zone_07,0.9915,0.9915,0.0084,True
CT014817,Noida,28.562147180567067,77.4235256415874,Zone_07,Zone_07,0.999,0.999,0.0008,True
CT013935,Noida,28.519467193278103,77.41539984454404,Zone_07,Zone_07,0.9809,0.9809,0.0189,True
CT011630,New Delhi,28.5603982925722,77.18732961113314,Zone_07,Zone_08,0.6449,0.3551,0.6449,False
CT014337,Gurugram,28.444501020906444,77.02019887327118,Zone_08,Zone_08,0.9877,0.0123,0.9877,True
CT005808,Ghaziabad,28.650883624137386,77.47387304832354,Zone_07,Zone_07,0.9082,0.9082,0.0003,True
CT008583,Faridabad,28.343701774130288,77.3442859046312,Zone_07,Zone_07,0.8246,0.8246,0.1754,True
CT007004,Faridabad,28.390384162060265,77.31151082837607,Zone_07,Zone_07,0.8798,0.8798,0.1201,True
CT003264,Gurugram,28.432792206862366,76.97850075647433,Zone_08,Zone_08,0.9949,0.0051,0.9949,True
CT001374,Noida,28.534412615831663,77.3044650425794,Zone_07,Zone_07,0.9706,0.9706,0.0292,True
CT011967,New Delhi,28.5798096804907,77.22194114786637,Zone_08,Zone_08,0.6972,0.3026,0.6972,True
CT015880,Noida,28.54123376388496,77.32163569571179,Zone_07,Zone_07,0.9856,0.9856,0.0143,True
CT015567,New Delhi,28.545590040691327,77.19503801319657,Zone_07,Zone_08,0.7008,0.2992,0.7008,False
CT010340,New Delhi,28.603171476241798,77.13553408706643,Zone_08,Zone_08,0.6515,0.3484,0.6515,True
CT015354,New Delhi,28.61281658527014,77.20174337290968,Zone_07,Zone_07,0.5519,0.5519,0.4481,True
CT015735,Ghaziabad,28.70254893208833,77.50773774211785,Zone_07,Zone_07,0.9934,0.9934,0.0,True
CT007361,Gurugram,28.481438045105826,76.99536523489185,Zone_08,Zone_08,0.9999,0.0001,0.9999,True
CT013885,Faridabad,28.327097879779902,77.37169414902077,Zone_08,Zone_07,0.8018,0.8018,0.1981,False
CT006582,New Delhi,28.60295052080504,77.25786863382424,Zone_07,Zone_08,0.7018,0.2982,0.7018,False
CT018781,New Delhi,28.642682102882816,77.22272695489735,Zone_08,Zone_08,0.6139,0.386,0.6139,True
CT012687,Noida,28.4974047934958,77.36777016232857,Zone_07,Zone_07,0.9883,0.9883,0.0113,True
CT003347,Noida,28.606932519513936,77.41556501549628,Zone_07,Zone_07,0.995,0.995,0.0049,True
CT001746,New Delhi,28.55471181808662,77.24765097301697,Zone_07,Zone_08,0.6629,0.337,0.6629,False
CT001279,Ghaziabad,28.6125861486761,77.45705413540503,Zone_07,Zone_07,0.9787,0.9787,0.0,True
CT011040,Ghaziabad,28.66410678008837,77.45722201469243,Zone_07,Zone_07,0.9952,0.9952,0.0,True
CT013598,Ghaziabad,28.70709996334021,77.49164302255842,Zone_07,Zone_07,0.97,0.97,0.0,True
CT011116,Gurugram,28.402703755971995,76.94074110179201,Zone_08,Zone_08,0.9999,0.0001,0.9999,True
CT013367,Gurugram,28.471425731078213,77.00780421362981,Zone_08,Zone_08,0.9966,0.0034,0.9966,True
CT015590,Noida,28.55711611069978,77.38065470406659,Zone_07,Zone_07,0.9876,0.9876,0.0123,True
CT017756,Noida,28.504220445169228,77.35084638092611,Zone_07,Zone_07,0.9961,0.9961,0.0023,True
CT015010,Gurugram,28.47848527539773,76.97396423381372,Zone_08,Zone_08,0.9949,0.0051,0.9949,True
CT000194,Ghaziabad,28.71713099178769,77.46654362313377,Zone_07,Zone_07,0.983,0.983,0.0072,True
CT002015,Gurugram,28.484321398892156,77.024839639839,Zone_08,Zone_08,0.9998,0.0002,0.9998,True
CT011047,Ghaziabad,28.681171017799624,77.40021775857642,Zone_07,Zone_07,0.9802,0.9802,0.0046,True
CT002235,Noida,28.543177612396608,77.4320355439737,Zone_07,Zone_07,0.9976,0.9976,0.0024,True
CT014149,New Delhi,28.6084968643377,77.22181939677884,Zone_08,Zone_08,0.7027,0.2963,0.7027,True
CT008504,New Delhi,28.54907420825951,77.20965023064248,Zone_08,Zone_08,0.7071,0.2929,0.7071,True
CT006191,Ghaziabad,28.602056290245976,77.4607628654275,Zone_07,Zone_07,0.9103,0.9103,0.005,True
CT016518,Faridabad,28.433820134077823,77.38981950672303,Zone_07,Zone_07,0.8065,0.8065,0.1934,True
CT010483,Noida,28.46268296492461,77.34270978458663,Zone_07,Zone_07,0.9975,0.9975,0.0025,True
CT008502,Noida,28.589292476161777,77.46701848323626,Zone_07,Zone_07,0.963,0.963,0.0369,True
CT013939,New Delhi,28.641289847748965,77.18664273616035,Zone_08,Zone_08,0.5423,0.4576,0.5423,True
CT000383,Noida,28.564023795442974,77.33665529150943,Zone_07,Zone_07,0.9967,0.9967,0.0032,True
CT001259,Faridabad,28.381181770944163,77.25423410472376,Zone_07,Zone_07,0.8308,0.8308,0.1692,True
CT012954,Faridabad,28.44830705756552,77.23533937050975,Zone_08,Zone_07,0.8235,0.8235,0.1765,False
CT007173,New Delhi,28.610958538404887,77.21295739859596,Zone_08,Zone_08,0.636,0.3639,0.636,True
CT013583,New Delhi,28.624400353450127,77.22732395002788,Zone_07,Zone_08,0.6713,0.3287,0.6713,False
CT011048,Gurugram,28.527667406379244,77.06179641393935,Zone_08,Zone_08,0.9999,0.0001,0.9999,True
CT019661,Gurugram,28.412214617314948,76.99576114947006,Zone_08,Zone_08,0.986,0.0112,0.986,True
CT000512,Ghaziabad,28.63235297915069,77.4770874966459,Zone_07,Zone_07,0.9707,0.9707,0.0,True
CT012501,New Delhi,28.60093372766964,77.16491912084965,Zone_07,Zone_08,0.6949,0.305,0.6949,False
CT005117,New Delhi,28.58652769733005,77.25423244339822,Zone_08,Zone_08,0.6905,0.3095,0.6905,True
CT000907,Gurugram,28.55395389732268,77.0073366161247,Zone_08,Zone_08,0.9831,0.0009,0.9831,True
CT005264,Ghaziabad,28.62342552635824,77.46938198457282,Zone_07,Zone_07,0.9903,0.9903,0.0,True
CT011795,New Delhi,28.60250455720616,77.17903533362114,Zone_08,Zone_08,0.7008,0.2991,0.7008,True
CT014951,Noida,28.527009057464177,77.48821257861636,Zone_07,Zone_07,0.916,0.916,0.0727,True
CT009695,Faridabad,28.4039513866912,77.36729386906549,Zone_07,Zone_07,0.7974,0.7974,0.185,True
CT000895,Noida,28.57214090028897,77.37730611190837,Zone_07,Zone_07,0.9859,0.9859,0.0139,True
CT017845,Noida,28.578690001038307,77.43718510701245,Zone_07,Zone_07,0.9987,0.9987,0.0011,True
CT010593,New Delhi,28.6119147972294,77.24525187726749,Zone_08,Zone_08,0.5741,0.4258,0.5741,True
CT007637,Gurugram,28.51511437686621,76.96399960482773,Zone_08,Zone_08,0.9948,0.0052,0.9948,True
CT013002,New Delhi,28.59647675284019,77.24722643585822,Zone_07,Zone_08,0.6002,0.3997,0.6002,False
CT007909,Faridabad,28.430655857393635,77.32548579984064,Zone_07,Zone_07,0.8505,0.8505,0.1494,True
CT010118,Faridabad,28.428249233510385,77.37507391996317,Zone_07,Zone_07,0.8671,0.8671,0.1328,True
CT018889,New Delhi,28.676199518732407,77.17493845751912,Zone_07,Zone_08,0.6622,0.3378,0.6622,False
CT005530,Noida,28.521098808134788,77.43447094187019,Zone_07,Zone_07,0.9931,0.9931,0.0066,True
CT005521,Gurugram,28.45332144366569,76.98683750452967,Zone_08,Zone_08,0.9999,0.0001,0.9999,True
CT002961,Noida,28.592465741846212,77.52822969271564,Zone_07,Zone_07,0.9593,0.9593,0.0383,True
CT008819,Noida,28.477724309463863,77.42899092545173,Zone_07,Zone_07,0.9399,0.9399,0.0601,True
CT011881,New Delhi,28.615454713676648,77.23863050407765,Zone_07,Zone_08,0.7343,0.2656,0.7343,False
CT003407,Faridabad,28.38784873287809,77.39396809489195,Zone_07,Zone_07,0.8388,0.8388,0.1469,True
CT014653,Gurugram,28.460499910452853,77.0716124577325,Zone_08,Zone_08,0.9999,0.0001,0.9999,True
CT013197,Ghaziabad,28.65973094794089,77.45962707822798,Zone_07,Zone_07,0.9799,0.9799,0.0,True
CT011416,Noida,28.58747221694998,77.36407563652811,Zone_07,Zone_07,0.9891,0.9891,0.0108,True
CT012162,New Delhi,28.58657959675884,77.13260669570411,Zone_08,Zone_08,0.6604,0.3394,0.6604,True
CT002791,Ghaziabad,28.65680742666016,77.3952287829686,Zone_07,Zone_07,0.9752,0.9752,0.0,True
CT017436,Ghaziabad,28.69123565752896,77.54488813859702,Zone_07,Zone_07,0.9228,0.9228,0.0006,True
CT010949,Gurugram,28.43663482459839,77.02671079565913,Zone_08,Zone_08,0.9996,0.0001,0.9996,True
CT010544,Noida,28.52013255413573,77.35436936220111,Zone_07,Zone_07,0.9801,0.9801,0.0198,True
CT016779,Faridabad,28.446772806074044,77.27556954969607,Zone_07,Zone_07,0.8586,0.8586,0.1413,True
CT016571,New Delhi,28.620097767681955,77.21118736820048,Zone_07,Zone_08,0.6272,0.3727,0.6272,False
CT014618,New Delhi,28.570481617804813,77.22020949757804,Zone_08,Zone_08,0.7396,0.2603,0.7396,True
CT006706,Gurugram,28.46929045740537,77.09253313312614,Zone_08,Zone_08,0.9999,0.0001,0.9999,True
CT003040,New Delhi,28.604137711124626,77.21584358096827,Zone_08,Zone_08,0.7128,0.2871,0.7128,True
CT019161,Faridabad,28.390714639327506,77.29482580547463,Zone_07,Zone_07,0.8433,0.8433,0.1566,True
CT012087,New Delhi,28.592014684495076,77.1507756095955,Zone_07,Zone_08,0.6188,0.3787,0.6188,False
CT018669,New Delhi,28.646654757308625,77.24624195171235,Zone_07,Zone_08,0.6992,0.3007,0.6992,False
CT010542,Gurugram,28.47349174035822,76.96562482183805,Zone_08,Zone_08,0.995,0.005,0.995,True
CT002835,New Delhi,28.616027032662707,77.21664446419584,Zone_08,Zone_08,0.6124,0.3875,0.6124,True
CT015217,Gurugram,28.394585949899625,77.0247383463256,Zone_08,Zone_08,0.9906,0.0077,0.9906,True
CT012787,New Delhi,28.63327086500429,77.23817637359488,Zone_08,Zone_08,0.6862,0.3137,0.6862,True
CT013937,Ghaziabad,28.708700062355124,77.40451956718213,Zone_07,Zone_07,0.9583,0.9583,0.0006,True
CT002830,New Delhi,28.56039727728983,77.20512400250217,Zone_08,Zone_08,0.6714,0.3284,0.6714,True
CT009923,New Delhi,28.667184726570444,77.23620638913633,Zone_08,Zone_08,0.7328,0.2671,0.7328,True
CT017358,Faridabad,28.422525749338654,77.27019058994637,Zone_07,Zone_07,0.7925,0.7925,0.2074,True
CT000890,New Delhi,28.575929769433568,77.2918484677593,Zone_08,Zone_08,0.5655,0.4241,0.5655,True
CT015659,New Delhi,28.65410746226822,77.14858205790938,Zone_07,Zone_08,0.5795,0.4197,0.5795,False
CT016015,Faridabad,28.44509497674034,77.34989502161515,Zone_07,Zone_07,0.8839,0.8839,0.1123,True
CT012378,Ghaziabad,28.64094247329546,77.46980100306078,Zone_07,Zone_07,0.9959,0.9959,0.0,True
CT014789,Gurugram,28.494268430974792,77.05413815974296,Zone_08,Zone_08,0.9998,0.0002,0.9998,True
CT017197,Faridabad,28.45727904443296,77.27001243370415,Zone_07,Zone_07,0.7821,0.7821,0.2171,True
CT000882,New Delhi,28.57931202503133,77.22462900321732,Zone_08,Zone_08,0.5899,0.4101,0.5899,True
CT014848,Gurugram,28.451808208235143,76.998258555977,Zone_08,Zone_08,1.0,0.0,1.0,True
CT002860,Gurugram,28.46798795517456,77.11006013975366,Zone_08,Zone_08,0.9999,0.0001,0.9999,True
CT012775,Gurugram,28.500219236832965,77.03352066378484,Zone_08,Zone_08,0.9965,0.0035,0.9965,True
CT013998,Gurugram,28.49340546398237,77.09840464842443,Zone_08,Zone_08,0.9956,0.0044,0.9956,True
CT011710,New Delhi,28.64397738530242,77.2021293754554,Zone_08,Zone_08,0.6533,0.3465,0.6533,True
CT012344,Ghaziabad,28.666908933453005,77.43817613213056,Zone_07,Zone_07,0.9817,0.9817,0.0,True
CT017481,Gurugram,28.47132479939402,76.94497608103143,Zone_08,Zone_08,0.9999,0.0001,0.9999,True
CT013144,Noida,28.530261838874868,77.41650424447516,Zone_07,Zone_07,0.9846,0.9846,0.0154,True
CT000930,New Delhi,28.620743600375075,77.18753857562788,Zone_08,Zone_08,0.6023,0.3976,0.6023,True
CT008217,Ghaziabad,28.695091827869483,77.44152227231237,Zone_07,Zone_07,0.9956,0.9956,0.0006,True
CT005587,Faridabad,28.397505524852452,77.30237043063774,Zone_07,Zone_07,0.8402,0.8402,0.1597,True
CT010522,Noida,28.51696683517516,77.42739808143503,Zone_07,Zone_07,0.9976,0.9976,0.0023,True
CT010355,Gurugram,28.404685520107986,77.00745847151725,Zone_08,Zone_08,1.0,0.0,1.0,True
CT000041,Gurugram,28.421726052415305,76.99965692593697,Zone_08,Zone_08,0.9965,0.0035,0.9965,True
CT009238,New Delhi,28.5671902925975,77.27248033073141,Zone_07,Zone_08,0.5623,0.4376,0.5623,False
CT006607,Ghaziabad,28.662270137858048,77.50225188187565,Zone_07,Zone_07,0.972,0.972,0.0065,True
CT008459,New Delhi,28.61851861393385,77.21640333403504,Zone_07,Zone_08,0.5077,0.4923,0.5077,False
CT009755,New Delhi,28.57370371845381,77.15891709011659,Zone_08,Zone_08,0.6619,0.3378,0.6619,True
CT011262,Ghaziabad,28.67668795200469,77.47112924140245,Zone_07,Zone_07,0.9924,0.9924,0.0,True
CT009349,New Delhi,28.599704834307094,77.21062297997675,Zone_08,Zone_08,0.6994,0.3005,0.6994,True
CT005311,Gurugram,28.47590894866426,77.04150989367432,Zone_08,Zone_08,0.9964,0.0036,0.9964,True
CT004381,Faridabad,28.416451461562037,77.396517765453,Zone_07,Zone_07,0.7041,0.7041,0.2666,True
CT005124,Faridabad,28.49209945027265,77.3331741540068,Zone_07,Zone_07,0.8612,0.8612,0.1363,True
CT018221,New Delhi,28.58561079278264,77.29863294517331,Zone_08,Zone_07,0.5025,0.5025,0.4974,False
CT012946,Gurugram,28.422173096459627,77.04643130576005,Zone_08,Zone_08,0.9999,0.0001,0.9999,True
CT019726,Faridabad,28.44817829862816,77.28896635173209,Zone_07,Zone_07,0.7889,0.7889,0.2111,True
CT006830,Noida,28.507725421489983,77.3760901731481,Zone_07,Zone_07,0.9827,0.9827,0.0169,True
CT005721,Noida,28.475859901305427,77.3327149992181,Zone_07,Zone_07,0.9881,0.9881,0.0119,True
CT017948,Faridabad,28.322082249158026,77.30000728977699,Zone_07,Zone_07,0.8513,0.8513,0.1486,True
CT018457,Noida,28.53321056455756,77.34211700718191,Zone_07,Zone_07,0.9942,0.9942,0.0055,True
CT016194,Noida,28.50921556357333,77.37215254962683,Zone_07,Zone_07,0.9888,0.9888,0.0108,True
CT012478,Faridabad,28.46570674850415,77.33638559864129,Zone_07,Zone_07,0.9017,0.9017,0.0983,True
CT001504,Gurugram,28.51197627048741,77.05907284446222,Zone_08,Zone_08,0.9998,0.0002,0.9998,True
CT005857,New Delhi,28.71054624586453,77.20965416299958,Zone_08,Zone_08,0.6786,0.3213,0.6786,True
CT016111,Ghaziabad,28.681305041284837,77.4525850624873,Zone_07,Zone_07,0.9481,0.9481,0.0009,True
CT012071,New Delhi,28.67227768076475,77.14925853011752,Zone_08,Zone_07,0.5389,0.5389,0.4611,False
CT003482,New Delhi,28.63195179474741,77.18359057848902,Zone_08,Zone_08,0.5975,0.4024,0.5975,True
CT019914,Noida,28.49810540802595,77.3286578168388,Zone_07,Zone_07,0.9958,0.9958,0.0042,True
CT002007,Gurugram,28.412572597455323,76.99176814995448,Zone_08,Zone_08,0.9821,0.0179,0.9821,True
CT003928,Ghaziabad,28.732727454087264,77.48739390689063,Zone_07,Zone_07,0.9873,0.9873,0.0,True
CT000945,Gurugram,28.508465666995736,76.9963624803247,Zone_08,Zone_08,0.9982,0.0018,0.9982,True
CT007564,Gurugram,28.46280526875893,76.98846108925255,Zone_08,Zone_08,0.9999,0.0001,0.9999,True
CT018986,Gurugram,28.43868826080243,76.98017459561461,Zone_08,Zone_08,1.0,0.0,1.0,True
CT007687,Gurugram,28.44195484083125,77.09645123886035,Zone_08,Zone_08,0.9998,0.0002,0.9998,True
CT005430,New Delhi,28.62916145320044,77.17476132634162,Zone_07,Zone_08,0.6174,0.3824,0.6174,False
CT002859,Noida,28.56868252927862,77.35460913020505,Zone_07,Zone_07,0.9553,0.9553,0.0444,True
CT015523,Gurugram,28.47500563353816,77.05926438264116,Zone_08,Zone_08,0.9919,0.0001,0.9919,True
CT006790,Ghaziabad,28.67806651953794,77.4837007984909,Zone_07,Zone_07,0.9673,0.9673,0.0,True
CT012756,Noida,28.50714977086677,77.3277064974217,Zone_07,Zone_07,0.9876,0.9876,0.0124,True
CT005995,Faridabad,28.443645063415225,77.32012781696118,Zone_07,Zone_07,0.8333,0.8333,0.1666,True
CT011924,Noida,28.533641574357357,77.39306024447659,Zone_07,Zone_07,0.9942,0.9942,0.0058,True
CT014491,Noida,28.546038811672634,77.3717554270218,Zone_07,Zone_07,0.9888,0.9888,0.0112,True
CT013325,New Delhi,28.615173851858827,77.17991394204284,Zone_08,Zone_08,0.5942,0.4058,0.5942,True
CT007146,New Delhi,28.64549172443826,77.22226250063623,Zone_08,Zone_08,0.6206,0.3793,0.6206,True
CT011566,Gurugram,28.483943991105285,77.095940268757,Zone_08,Zone_08,0.9999,0.0001,0.9999,True
CT005894,Ghaziabad,28.68232858493736,77.46000320920714,Zone_07,Zone_07,0.9809,0.9809,0.0,True
CT017210,New Delhi,28.655448052916277,77.33661561687259,Zone_08,Zone_08,0.7195,0.2805,0.7195,True
CT017965,Gurugram,28.47375986639824,77.05865967808904,Zone_08,Zone_08,1.0,0.0,1.0,True
CT003222,Noida,28.522048058027373,77.33986190075025,Zone_07,Zone_07,0.9934,0.9934,0.0059,True
CT009428,Gurugram,28.43751312790124,77.03834210194117,Zone_08,Zone_08,0.9999,0.0001,0.9999,True
CT014465,Noida,28.47926281335901,77.3262156952664,Zone_07,Zone_07,0.9811,0.9811,0.0151,True
CT003249,Ghaziabad,28.70660690947669,77.46371235869485,Zone_07,Zone_07,0.979,0.979,0.0,True
CT007792,Faridabad,28.425121065407115,77.3090010192455,Zone_07,Zone_07,0.8501,0.8501,0.1499,True
CT006509,New Delhi,28.56720098030312,77.18441482680994,Zone_08,Zone_08,0.693,0.3069,0.693,True
CT019399,Ghaziabad,28.59590235893458,77.45931531439743,Zone_07,Zone_07,0.9915,0.9915,0.0,True
CT016010,New Delhi,28.6393111487212,77.18594331849529,Zone_08,Zone_08,0.716,0.283,0.716,True
CT015749,Faridabad,28.426791155698123,77.30380677625878,Zone_07,Zone_07,0.7835,0.7835,0.2131,True
CT002380,New Delhi,28.60288091130407,77.27501820338276,Zone_08,Zone_07,0.533,0.533,0.4669,False
CT003431,Faridabad,28.43184918170824,77.37690171212265,Zone_07,Zone_07,0.7152,0.7152,0.2837,True
CT010648,Noida,28.53223363469355,77.34058066848922,Zone_07,Zone_07,0.9744,0.9744,0.0254,True
CT006155,Gurugram,28.43674550357567,76.99660284530661,Zone_08,Zone_08,1.0,0.0,1.0,True
CT017139,New Delhi,28.591712702906563,77.24530321558343,Zone_08,Zone_08,0.7375,0.2625,0.7375,True
CT009782,Faridabad,28.40011813452229,77.33826920904161,Zone_07,Zone_07,0.865,0.865,0.1256,True
CT008926,Gurugram,28.482066266442576,77.02547075457908,Zone_08,Zone_08,0.9924,0.0076,0.9924,True
CT005660,Noida,28.559352846161836,77.3753809248025,Zone_07,Zone_07,0.996,0.996,0.0039,True
CT007429,New Delhi,28.64752788690481,77.1986745145421,Zone_08,Zone_08,0.5803,0.4197,0.5803,True
CT007212,Noida,28.58089552728498,77.4326285528797,Zone_07,Zone_07,0.9976,0.9976,0.0021,True
CT012522,Faridabad,28.44377639000483,77.30526328595504,Zone_07,Zone_07,0.8221,0.8221,0.1778,True
CT005022,Ghaziabad,28.66998206920499,77.55560653670976,Zone_07,Zone_07,0.9786,0.9786,0.0,True
CT019813,New Delhi,28.573325857090165,77.14383954103404,Zone_07,Zone_08,0.6134,0.3865,0.6134,False
CT000991,New Delhi,28.618904361291804,77.2296344221124,Zone_08,Zone_08,0.6646,0.3354,0.6646,True
CT001705,Gurugram,28.45874105530371,77.0914030489488,Zone_08,Zone_08,0.9999,0.0001,0.9999,True
CT003079,New Delhi,28.62035073147249,77.20350319171244,Zone_08,Zone_08,0.6835,0.3164,0.6835,True
CT015931,New Delhi,28.589914174044303,77.13739617897693,Zone_07,Zone_08,0.5444,0.4555,0.5444,False
CT001996,Noida,28.583704354608845,77.39968062289759,Zone_07,Zone_07,0.9966,0.9966,0.0031,True
CT006287,Faridabad,28.458604531025102,77.38078409240562,Zone_07,Zone_07,0.8839,0.8839,0.1138,True
CT005405,Faridabad,28.356725210479382,77.41669809051696,Zone_08,Zone_07,0.7553,0.7553,0.2447,False
CT000031,Noida,28.585108740726767,77.39122139203337,Zone_07,Zone_07,0.9986,0.9986,0.0013,True
CT001138,Gurugram,28.518630665632458,77.05443168914286,Zone_08,Zone_08,0.9891,0.0109,0.9891,True
CT015859,New Delhi,28.64502088972342,77.25913780397958,Zone_08,Zone_08,0.6752,0.3247,0.6752,True
CT012802,New Delhi,28.6357663513228,77.13196804283055,Zone_08,Zone_08,0.5596,0.4402,0.5596,True
CT019379,New Delhi,28.60689889381081,77.26273206465395,Zone_07,Zone_08,0.6644,0.3347,0.6644,False
CT014097,Noida,28.510614586363264,77.38693368759444,Zone_07,Zone_07,0.9929,0.9929,0.0071,True
CT005151,New Delhi,28.62527578001656,77.21419109998722,Zone_08,Zone_08,0.6311,0.3686,0.6311,True
CT007980,Gurugram,28.496096268542104,77.05100069587843,Zone_08,Zone_08,0.9963,0.0037,0.9963,True
CT013356,Faridabad,28.40607616211301,77.38017837369362,Zone_07,Zone_07,0.9105,0.9105,0.0878,True
CT006788,New Delhi,28.597185684781177,77.1405876274485,Zone_07,Zone_08,0.567,0.433,0.567,False
CT019905,Faridabad,28.37351703851445,77.30767651187892,Zone_07,Zone_07,0.7212,0.7212,0.2787,True
CT006470,Ghaziabad,28.61322749309356,77.35806153328288,Zone_07,Zone_07,0.9328,0.9328,0.0008,True
CT012908,New Delhi,28.62495746788304,77.23007482228286,Zone_08,Zone_08,0.6855,0.3145,0.6855,True
CT007713,Gurugram,28.46449872557882,77.01883549892514,Zone_08,Zone_08,0.9999,0.0001,0.9999,True
CT015216,Gurugram,28.44112880524128,76.96999004070841,Zone_08,Zone_08,0.9949,0.0051,0.9949,True
CT008044,Gurugram,28.40711028484915,77.00516707533956,Zone_08,Zone_08,0.9992,0.0,0.9992,True
CT012448,New Delhi,28.629167997274468,77.28092140971523,Zone_08,Zone_08,0.7453,0.2546,0.7453,True
CT019403,Noida,28.53576027860741,77.35917443606913,Zone_07,Zone_07,0.9916,0.9916,0.008,True
CT006395,New Delhi,28.630028696583903,77.1953919481984,Zone_08,Zone_08,0.7218,0.2781,0.7218,True
CT003543,Ghaziabad,28.641361329037604,77.48881183508291,Zone_07,Zone_07,0.9135,0.9135,0.0003,True
CT008129,New Delhi,28.56294429094993,77.14606452007382,Zone_07,Zone_08,0.6294,0.3705,0.6294,False
CT019476,Ghaziabad,28.690815226607548,77.48737474525595,Zone_07,Zone_07,0.926,0.926,0.0,True
CT014041,Faridabad,28.338544026515557,77.32838544279348,Zone_08,Zone_07,0.8554,0.8554,0.1446,False
CT011397,Ghaziabad,28.698292711534663,77.46378552406391,Zone_07,Zone_07,0.9925,0.9925,0.0,True
CT007431,Ghaziabad,28.69707692553432,77.50091832292827,Zone_07,Zone_07,0.9927,0.9927,0.0,True
CT011211,New Delhi,28.64290416129063,77.21782463289343,Zone_08,Zone_08,0.6314,0.3684,0.6314,True
CT001338,New Delhi,28.552720643800065,77.23869235186186,Zone_08,Zone_08,0.6719,0.328,0.6719,True
CT008881,New Delhi,28.64753514715298,77.24384942585493,Zone_08,Zone_08,0.6482,0.3516,0.6482,True
CT005319,Gurugram,28.507418331334893,77.03061931484393,Zone_08,Zone_08,0.9963,0.0037,0.9963,True
CT014414,Noida,28.53309241587189,77.41218948861948,Zone_07,Zone_07,0.9952,0.9952,0.0047,True
CT015525,New Delhi,28.689578211758388,77.27313710913953,Zone_08,Zone_08,0.6482,0.3517,0.6482,True
CT007669,New Delhi,28.664173576585146,77.14463169349607,Zone_08,Zone_08,0.6307,0.3692,0.6307,True
CT019288,Gurugram,28.47458420502538,77.0160342680151,Zone_08,Zone_08,0.9992,0.0,0.9992,True
CT013639,Ghaziabad,28.677116734621997,77.49009059289581,Zone_07,Zone_07,0.9932,0.9932,0.0,True
CT010859,New Delhi,28.589002419609454,77.25426061321495,Zone_07,Zone_08,0.5893,0.4106,0.5893,False
CT000709,Gurugram,28.4797288869436,76.95422086138198,Zone_08,Zone_08,0.999,0.001,0.999,True
CT014021,New Delhi,28.6164461799486,77.17333095821408,Zone_07,Zone_08,0.662,0.3379,0.662,False
CT002030,New Delhi,28.632662168462065,77.18296423610714,Zone_08,Zone_08,0.7066,0.2934,0.7066,True
CT007595,New Delhi,28.62095432624858,77.26675506327202,Zone_08,Zone_08,0.6269,0.373,0.6269,True
CT018707,Faridabad,28.36603422468242,77.37378157539621,Zone_07,Zone_07,0.7841,0.7841,0.2119,True
CT014800,New Delhi,28.587508466044287,77.22099832508036,Zone_08,Zone_08,0.7246,0.2753,0.7246,True
CT016550,Gurugram,28.44537102679194,77.0202007777737,Zone_08,Zone_08,0.9999,0.0001,0.9999,True
CT019566,New Delhi,28.64102807587085,77.21031929286158,Zone_07,Zone_08,0.7224,0.2775,0.7224,False
CT011697,New Delhi,28.61761714860632,77.23913427619885,Zone_08,Zone_08,0.6999,0.3,0.6999,True
CT007268,New Delhi,28.58755374575384,77.17453119187165,Zone_08,Zone_08,0.6873,0.3124,0.6873,True
CT018663,Faridabad,28.404542418139236,77.40740532786613,Zone_07,Zone_07,0.7251,0.7251,0.2748,True
CT000881,Gurugram,28.48292198228102,77.04011611967246,Zone_08,Zone_08,0.9953,0.0047,0.9953,True
CT003613,New Delhi,28.59905578444258,77.15501773440839,Zone_08,Zone_08,0.5108,0.489,0.5108,True
CT010999,Faridabad,28.456211750857943,77.30878820674921,Zone_07,Zone_07,0.822,0.822,0.178,True
CT007409,New Delhi,28.587620329922025,77.239718213288,Zone_07,Zone_08,0.6523,0.3476,0.6523,False
CT011922,New Delhi,28.585437436417585,77.12721914406578,Zone_07,Zone_08,0.5735,0.4264,0.5735,False
CT006259,Gurugram,28.468529956587343,77.06312691752264,Zone_08,Zone_08,0.9923,0.0077,0.9923,True
CT019530,New Delhi,28.560646192595364,77.2609893102083,Zone_08,Zone_08,0.6358,0.3641,0.6358,True
CT016075,New Delhi,28.57985918350465,77.15890736337658,Zone_07,Zone_07,0.5083,0.5083,0.4857,True
CT000480,Gurugram,28.45539383870712,77.05061024019052,Zone_08,Zone_08,0.9996,0.0,0.9996,True
CT002533,New Delhi,28.621221225509824,77.22520901198158,Zone_08,Zone_08,0.7655,0.2344,0.7655,True
CT007328,Gurugram,28.466749501590805,76.99601576120133,Zone_08,Zone_08,0.9999,0.0001,0.9999,True
CT000947,New Delhi,28.63982716055325,77.2840307378379,Zone_08,Zone_08,0.7066,0.2934,0.7066,True
CT005859,Faridabad,28.43494932444069,77.22464543971816,Zone_07,Zone_07,0.8347,0.8347,0.1635,True
CT002331,New Delhi,28.57440595015619,77.26536848315102,Zone_08,Zone_08,0.7034,0.2957,0.7034,True
CT005246,New Delhi,28.660594578581374,77.24411066820264,Zone_08,Zone_08,0.736,0.2639,0.736,True
CT002207,New Delhi,28.656251689120587,77.13878968443512,Zone_07,Zone_08,0.6017,0.3907,0.6017,False
CT005652,Gurugram,28.495247557993505,76.98453871033023,Zone_08,Zone_08,0.9999,0.0001,0.9999,True
CT006018,Ghaziabad,28.686526624116635,77.5148574379125,Zone_07,Zone_07,0.976,0.976,0.0,True
CT013022,Gurugram,28.42572207868077,77.01089266787321,Zone_08,Zone_08,0.9657,0.0325,0.9657,True
CT007067,New Delhi,28.58112691430788,77.30901181035917,Zone_08,Zone_08,0.6368,0.3632,0.6368,True
CT005790,Gurugram,28.444520374507125,76.99251657664905,Zone_08,Zone_08,0.9999,0.0001,0.9999,True
CT009400,New Delhi,28.61213515047088,77.18412082170117,Zone_07,Zone_08,0.5417,0.458,0.5417,False
CT001344,Faridabad,28.4241352081169,77.35526591632201,Zone_07,Zone_07,0.8172,0.8172,0.1828,True
CT015990,Gurugram,28.44594608566947,77.02496654210036,Zone_08,Zone_08,0.9999,0.0001,0.9999,True
CT018258,Faridabad,28.386229062468104,77.32436922625716,Zone_08,Zone_07,0.7791,0.7791,0.2209,False
CT019804,New Delhi,28.633085556732848,77.17128128293962,Zone_08,Zone_08,0.562,0.4379,0.562,True
CT000387,New Delhi,28.580817678690657,77.22302942428395,Zone_07,Zone_08,0.5819,0.418,0.5819,False
CT018693,New Delhi,28.578271435138493,77.2922921220586,Zone_08,Zone_08,0.6564,0.3435,0.6564,True
CT014965,Faridabad,28.44412713357406,77.30473403148511,Zone_08,Zone_07,0.8641,0.8641,0.1267,False
CT017592,Gurugram,28.522641033130704,77.04125336889419,Zone_08,Zone_08,0.9999,0.0001,0.9999,True
CT016457,Noida,28.58829755587575,77.3392455116112,Zone_08,Zone_07,0.9903,0.9903,0.0071,False
CT008416,Ghaziabad,28.65780853394273,77.51247736628812,Zone_07,Zone_07,0.9854,0.9854,0.0013,True
CT013587,Gurugram,28.446047749723743,76.99887490357057,Zone_08,Zone_08,0.9907,0.0093,0.9907,True
CT017336,Ghaziabad,28.729734659697403,77.46149897345484,Zone_07,Zone_07,0.9396,0.9396,0.0003,True
CT018529,New Delhi,28.66378737548816,77.17171311508234,Zone_08,Zone_08,0.5398,0.4602,0.5398,True
CT015770,New Delhi,28.597792281368463,77.18450802995669,Zone_07,Zone_08,0.5122,0.4878,0.5122,False
CT011296,Ghaziabad,28.722287411800835,77.4227314864471,Zone_07,Zone_07,0.9785,0.9785,0.0,True
CT012456,Ghaziabad,28.68283466199423,77.44126099535708,Zone_07,Zone_07,0.9928,0.9928,0.0,True
CT014173,New Delhi,28.59927182248165,77.21548371085944,Zone_08,Zone_08,0.7018,0.2982,0.7018,True
CT003044,Gurugram,28.391570139105568,77.06175301027487,Zone_08,Zone_08,0.9885,0.0098,0.9885,True
CT003229,New Delhi,28.613220782624957,77.20456654915469,Zone_08,Zone_08,0.6679,0.3319,0.6679,True
CT012279,Faridabad,28.45336342987101,77.37396802023143,Zone_07,Zone_07,0.7793,0.7793,0.2195,True
CT005706,Gurugram,28.45617308320286,77.01644991454204,Zone_08,Zone_08,0.9999,0.0001,0.9999,True
CT004655,Gurugram,28.515063530347778,77.02522502274803,Zone_08,Zone_08,0.9924,0.0076,0.9924,True
CT008050,New Delhi,28.636886916939854,77.20955260944301,Zone_08,Zone_08,0.6242,0.3756,0.6242,True
CT013269,Gurugram,28.4747010576426,77.06634716677465,Zone_08,Zone_08,0.9999,0.0001,0.9999,True
CT004533,New Delhi,28.649755092554383,77.23997821995714,Zone_08,Zone_08,0.7328,0.2671,0.7328,True
CT002676,Faridabad,28.3433164778794,77.40107415048199,Zone_07,Zone_07,0.8263,0.8263,0.1736,True
CT005211,Gurugram,28.437826587112376,76.97948691867933,Zone_08,Zone_08,0.9854,0.0128,0.9854,True
CT013018,Gurugram,28.502000388236937,76.99529768949257,Zone_08,Zone_08,0.9998,0.0002,0.9998,True
CT008390,Faridabad,28.390512341626064,77.34227828970158,Zone_07,Zone_07,0.8436,0.8436,0.1563,True
CT008764,New Delhi,28.57162973821673,77.22763666405199,Zone_07,Zone_08,0.62,0.3799,0.62,False
CT007674,Gurugram,28.514826158457847,77.04414771277958,Zone_08,Zone_08,0.9936,0.0064,0.9936,True
CT012039,New Delhi,28.598644509708336,77.15715741625344,Zone_07,Zone_08,0.7321,0.2678,0.7321,False
CT007973,Faridabad,28.44177963949133,77.24439010523143,Zone_07,Zone_07,0.8175,0.8175,0.1825,True
CT006592,New Delhi,28.716692739525723,77.2491664737494,Zone_08,Zone_08,0.6132,0.3867,0.6132,True
CT016858,Noida,28.54445314263485,77.34010700719661,Zone_07,Zone_07,0.9983,0.9983,0.0016,True
CT015463,Noida,28.506438710636868,77.4222208366531,Zone_07,Zone_07,0.9953,0.9953,0.0046,True
CT010043,New Delhi,28.59923708189743,77.24302894444854,Zone_08,Zone_08,0.6614,0.3376,0.6614,True
CT018992,Faridabad,28.476271190834616,77.31224414177493,Zone_07,Zone_07,0.9006,0.9006,0.0978,True
