complaint_id,actual_zone,predicted_zone,prediction_confidence,second_probability,probability_margin,correct_prediction,top_zone,second_zone
CT012660,Zone_01,Zone_01,0.9999,0.0001,0.9998,True,Zone_01,Zone_03
CT009088,Zone_07,Zone_07,0.9941,0.0057,0.9884,True,Zone_07,Zone_08
CT008281,Zone_08,Zone_08,0.99,0.01,0.98,True,Zone_08,Zone_07
CT006500,Zone_07,Zone_08,0.6823,0.3176,0.3647,False,Zone_08,Zone_07
CT010858,Zone_08,Zone_08,0.6154,0.3845,0.2309,True,Zone_08,Zone_07
CT000998,Zone_02,Zone_02,1.0,0.0,1.0,True,Zone_02,Zone_10
CT003768,Zone_04,Zone_04,0.9999,0.0001,0.9998,True,Zone_04,Zone_05
CT016589,Zone_07,Zone_07,0.9619,0.0381,0.9238,True,Zone_07,Zone_08
CT001388,Zone_04,Zone_04,1.0,0.0,1.0,True,Zone_04,Zone_10
CT001708,Zone_08,Zone_08,0.9906,0.0069,0.9837,True,Zone_08,Zone_07
CT008921,Zone_08,Zone_08,0.9985,0.0015,0.997,True,Zone_08,Zone_07
CT009823,Zone_07,Zone_07,0.8096,0.1903,0.6193,True,Zone_07,Zone_08
CT013332,Zone_08,Zone_08,0.999,0.001,0.998,True,Zone_08,Zone_07
CT009553,Zone_08,Zone_08,0.6533,0.3466,0.3067,True,Zone_08,Zone_07
CT013426,Zone_04,Zone_04,0.9997,0.0003,0.9994,True,Zone_04,Zone_02
CT000407,Zone_04,Zone_04,0.9925,0.005,0.9875,True,Zone_04,Zone_06
CT006247,Zone_10,Zone_10,1.0,0.0,1.0,True,Zone_10,Zone_09
CT012062,Zone_07,Zone_08,0.736,0.2639,0.4721,False,Zone_08,Zone_07
CT002655,Zone_08,Zone_08,0.9999,0.0001,0.9998,True,Zone_08,Zone_07
CT002741,Zone_03,Zone_03,0.9933,0.0067,0.9866,True,Zone_03,Zone_01
CT004204,Zone_08,Zone_08,0.7164,0.2835,0.4329,True,Zone_08,Zone_07
CT016166,Zone_02,Zone_02,0.9951,0.0049,0.9902,True,Zone_02,Zone_01
CT003813,Zone_08,Zone_07,0.8975,0.1025,0.795,False,Zone_07,Zone_08
CT018692,Zone_04,Zone_04,1.0,0.0,1.0,True,Zone_04,Zone_10
CT016709,Zone_07,Zone_07,0.5237,0.4758,0.0479,True,Zone_07,Zone_08
CT007551,Zone_07,Zone_07,0.9579,0.0421,0.9158,True,Zone_07,Zone_06
CT005426,Zone_07,Zone_08,0.6069,0.3928,0.2141,False,Zone_08,Zone_07
CT009810,Zone_07,Zone_07,0.9927,0.0069,0.9858,True,Zone_07,Zone_08
CT019461,Zone_03,Zone_03,1.0,0.0,1.0,True,Zone_03,Zone_10
CT011624,Zone_07,Zone_08,0.5172,0.4828,0.0344,False,Zone_08,Zone_07
CT004310,Zone_07,Zone_08,0.7508,0.2489,0.5019,False,Zone_08,Zone_07
CT003278,Zone_07,Zone_07,0.8052,0.1913,0.6139,True,Zone_07,Zone_08
CT013963,Zone_07,Zone_07,0.9854,0.0146,0.9708,True,Zone_07,Zone_06
CT008759,Zone_05,Zone_05,0.9983,0.0017,0.9966,True,Zone_05,Zone_06
CT001833,Zone_08,Zone_08,0.981,0.0172,0.9638,True,Zone_08,Zone_07
CT006393,Zone_04,Zone_04,0.9999,0.0001,0.9998,True,Zone_04,Zone_05
CT008639,Zone_07,Zone_07,0.8603,0.1396,0.7207,True,Zone_07,Zone_08
CT009450,Zone_04,Zone_04,0.9999,0.0001,0.9998,True,Zone_04,Zone_05
CT007172,Zone_07,Zone_07,0.8195,0.1804,0.6391,True,Zone_07,Zone_08
CT007097,Zone_08,Zone_08,0.9965,0.0035,0.993,True,Zone_08,Zone_07
CT016127,Zone_07,Zone_07,0.981,0.0184,0.9626,True,Zone_07,Zone_06
CT000783,Zone_08,Zone_08,0.9999,0.0001,0.9998,True,Zone_08,Zone_07
CT009681,Zone_07,Zone_07,0.8519,0.1481,0.7038,True,Zone_07,Zone_08
CT004975,Zone_08,Zone_07,0.5347,0.4652,0.0695,False,Zone_07,Zone_08
CT013719,Zone_08,Zone_08,0.6018,0.3981,0.2037,True,Zone_08,Zone_07
CT003962,Zone_03,Zone_03,1.0,0.0,1.0,True,Zone_03,Zone_10
CT013819,Zone_04,Zone_04,0.9932,0.0045,0.9887,True,Zone_04,Zone_05
CT008385,Zone_01,Zone_01,0.9849,0.0151,0.9698,True,Zone_01,Zone_02
CT009653,Zone_03,Zone_03,1.0,0.0,1.0,True,Zone_03,Zone_10
CT007970,Zone_02,Zone_02,1.0,0.0,1.0,True,Zone_02,Zone_10
CT010507,Zone_08,Zone_08,0.5568,0.443,0.1138,True,Zone_08,Zone_07
CT007600,Zone_07,Zone_08,0.6812,0.3178,0.3634,False,Zone_08,Zone_07
CT010064,Zone_02,Zone_02,0.9984,0.0016,0.9968,True,Zone_02,Zone_05
CT019037,Zone_04,Zone_04,0.979,0.0096,0.9694,True,Zone_04,Zone_02
CT016233,Zone_01,Zone_01,1.0,0.0,1.0,True,Zone_01,Zone_10
CT016275,Zone_04,Zone_04,1.0,0.0,1.0,True,Zone_04,Zone_10
CT000294,Zone_03,Zone_03,0.9999,0.0001,0.9998,True,Zone_03,Zone_02
CT018802,Zone_02,Zone_02,1.0,0.0,1.0,True,Zone_02,Zone_10
CT013203,Zone_08,Zone_07,0.8248,0.1752,0.6496,False,Zone_07,Zone_08
CT001403,Zone_10,Zone_10,1.0,0.0,1.0,True,Zone_10,Zone_09
CT008298,Zone_04,Zone_04,1.0,0.0,1.0,True,Zone_04,Zone_10
CT004078,Zone_08,Zone_07,0.8096,0.187,0.6226,False,Zone_07,Zone_08
CT009342,Zone_02,Zone_02,1.0,0.0,1.0,True,Zone_02,Zone_10
CT007860,Zone_07,Zone_07,0.9941,0.0058,0.9883,True,Zone_07,Zone_08
CT005027,Zone_08,Zone_08,0.9974,0.0026,0.9948,True,Zone_08,Zone_07
CT012029,Zone_04,Zone_04,1.0,0.0,1.0,True,Zone_04,Zone_10
CT019786,Zone_04,Zone_04,0.9927,0.004,0.9887,True,Zone_04,Zone_08
CT005141,Zone_08,Zone_08,0.5327,0.4672,0.0655,True,Zone_08,Zone_07
CT005841,Zone_05,Zone_05,1.0,0.0,1.0,True,Zone_05,Zone_10
CT010730,Zone_06,Zone_06,1.0,0.0,1.0,True,Zone_06,Zone_10
CT014988,Zone_04,Zone_04,1.0,0.0,1.0,True,Zone_04,Zone_10
CT000867,Zone_07,Zone_07,0.9598,0.0402,0.9196,True,Zone_07,Zone_06
CT011310,Zone_01,Zone_01,0.9999,0.0001,0.9998,True,Zone_01,Zone_03
CT017931,Zone_08,Zone_08,0.9999,0.0001,0.9998,True,Zone_08,Zone_07
CT004522,Zone_08,Zone_08,0.9887,0.0101,0.9786,True,Zone_08,Zone_07
CT012269,Zone_02,Zone_02,1.0,0.0,1.0,True,Zone_02,Zone_10
CT013839,Zone_08,Zone_07,0.869,0.1309,0.7381,False,Zone_07,Zone_08
CT016788,Zone_02,Zone_02,1.0,0.0,1.0,True,Zone_02,Zone_10
CT000505,Zone_07,Zone_07,0.8216,0.1784,0.6432,True,Zone_07,Zone_08
CT013468,Zone_08,Zone_08,0.5755,0.4245,0.151,True,Zone_08,Zone_07
CT002172,Zone_04,Zone_04,0.992,0.0057,0.9863,True,Zone_04,Zone_03
CT016545,Zone_06,Zone_06,0.9942,0.0058,0.9884,True,Zone_06,Zone_07
CT014283,Zone_07,Zone_07,0.9902,0.0097,0.9805,True,Zone_07,Zone_08
CT009416,Zone_07,Zone_07,0.8002,0.1997,0.6005,True,Zone_07,Zone_08
CT004401,Zone_07,Zone_07,0.9725,0.0275,0.945,True,Zone_07,Zone_08
CT007056,Zone_05,Zone_05,0.9842,0.0155,0.9687,True,Zone_05,Zone_04
CT007504,Zone_08,Zone_08,0.9946,0.0037,0.9909,True,Zone_08,Zone_07
CT009420,Zone_10,Zone_10,1.0,0.0,1.0,True,Zone_10,Zone_09
CT013194,Zone_04,Zone_04,0.9949,0.0051,0.9898,True,Zone_04,Zone_05
CT009664,Zone_07,Zone_07,0.9667,0.0333,0.9334,True,Zone_07,Zone_06
CT015158,Zone_04,Zone_04,1.0,0.0,1.0,True,Zone_04,Zone_10
CT010407,Zone_07,Zone_07,0.9899,0.0096,0.9803,True,Zone_07,Zone_08
CT003993,Zone_03,Zone_03,1.0,0.0,1.0,True,Zone_03,Zone_10
CT019595,Zone_07,Zone_07,0.7903,0.2097,0.5806,True,Zone_07,Zone_08
CT015299,Zone_02,Zone_02,0.999,0.001,0.998,True,Zone_02,Zone_04
CT010761,Zone_01,Zone_01,0.9999,0.0001,0.9998,True,Zone_01,Zone_03
CT011987,Zone_03,Zone_03,0.9999,0.0001,0.9998,True,Zone_03,Zone_02
CT004626,Zone_08,Zone_08,0.6666,0.3331,0.3335,True,Zone_08,Zone_07
CT010533,Zone_04,Zone_04,1.0,0.0,1.0,True,Zone_04,Zone_10
CT013079,Zone_08,Zone_08,0.6843,0.3157,0.3686,True,Zone_08,Zone_07
CT009848,Zone_05,Zone_05,1.0,0.0,1.0,True,Zone_05,Zone_10
CT005339,Zone_07,Zone_07,0.9616,0.0341,0.9275,True,Zone_07,Zone_06
CT012719,Zone_05,Zone_05,0.9989,0.0011,0.9978,True,Zone_05,Zone_04
CT003635,Zone_08,Zone_08,0.6101,0.3898,0.2203,True,Zone_08,Zone_07
CT009719,Zone_07,Zone_07,0.9673,0.0327,0.9346,True,Zone_07,Zone_06
CT014189,Zone_08,Zone_08,0.7469,0.2506,0.4963,True,Zone_08,Zone_07
CT010970,Zone_08,Zone_08,0.9999,0.0001,0.9998,True,Zone_08,Zone_07
CT015323,Zone_04,Zone_04,1.0,0.0,1.0,True,Zone_04,Zone_10
CT005653,Zone_08,Zone_08,0.6268,0.373,0.2538,True,Zone_08,Zone_07
CT014443,Zone_03,Zone_03,0.9999,0.0001,0.9998,True,Zone_03,Zone_02
CT007873,Zone_04,Zone_04,0.9971,0.0021,0.995,True,Zone_04,Zone_09
CT012751,Zone_06,Zone_06,1.0,0.0,1.0,True,Zone_06,Zone_10
CT009081,Zone_08,Zone_08,0.9949,0.0051,0.9898,True,Zone_08,Zone_07
CT006659,Zone_07,Zone_07,0.998,0.0019,0.9961,True,Zone_07,Zone_08
CT008969,Zone_06,Zone_06,0.9913,0.0087,0.9826,True,Zone_06,Zone_07
CT004792,Zone_02,Zone_02,1.0,0.0,1.0,True,Zone_02,Zone_10
CT017262,Zone_04,Zone_04,0.9847,0.0139,0.9708,True,Zone_04,Zone_05
CT018069,Zone_06,Zone_06,1.0,0.0,1.0,True,Zone_06,Zone_10
CT006002,Zone_03,Zone_03,1.0,0.0,1.0,True,Zone_03,Zone_10
CT009413,Zone_04,Zone_04,0.9942,0.0043,0.9899,True,Zone_04,Zone_03
CT019996,Zone_07,Zone_07,0.9828,0.0171,0.9657,True,Zone_07,Zone_08
CT003298,Zone_08,Zone_08,0.9784,0.01,0.9684,True,Zone_08,Zone_05
CT011839,Zone_07,Zone_08,0.5323,0.4676,0.0647,False,Zone_08,Zone_07
CT017042,Zone_07,Zone_07,0.983,0.0169,0.9661,True,Zone_07,Zone_08
CT005039,Zone_07,Zone_07,0.9748,0.0252,0.9496,True,Zone_07,Zone_06
CT003982,Zone_08,Zone_08,0.995,0.005,0.99,True,Zone_08,Zone_07
CT002763,Zone_03,Zone_03,1.0,0.0,1.0,True,Zone_03,Zone_10
CT009618,Zone_02,Zone_02,1.0,0.0,1.0,True,Zone_02,Zone_10
CT015520,Zone_07,Zone_07,0.938,0.062,0.876,True,Zone_07,Zone_08
CT013951,Zone_06,Zone_06,1.0,0.0,1.0,True,Zone_06,Zone_10
CT007475,Zone_05,Zone_05,0.9835,0.014,0.9695,True,Zone_05,Zone_07
CT018372,Zone_01,Zone_01,0.9999,0.0001,0.9998,True,Zone_01,Zone_03
CT000295,Zone_07,Zone_07,0.9816,0.0184,0.9632,True,Zone_07,Zone_06
CT007314,Zone_07,Zone_08,0.5498,0.4501,0.0997,False,Zone_08,Zone_07
CT018520,Zone_04,Zone_04,0.9993,0.0006,0.9987,True,Zone_04,Zone_08
CT011118,Zone_05,Zone_05,0.9323,0.0371,0.8952,True,Zone_05,Zone_04
CT009672,Zone_10,Zone_10,1.0,0.0,1.0,True,Zone_10,Zone_09
CT003262,Zone_08,Zone_08,0.7466,0.2534,0.4932,True,Zone_08,Zone_07
CT018725,Zone_03,Zone_03,1.0,0.0,1.0,True,Zone_03,Zone_10
CT015620,Zone_04,Zone_04,0.9977,0.0023,0.9954,True,Zone_04,Zone_09
CT004334,Zone_08,Zone_08,0.9999,0.0001,0.9998,True,Zone_08,Zone_07
CT004039,Zone_05,Zone_05,1.0,0.0,1.0,True,Zone_05,Zone_10
CT007218,Zone_08,Zone_08,0.6745,0.3255,0.349,True,Zone_08,Zone_07
CT006086,Zone_07,Zone_07,0.9983,0.0016,0.9967,True,Zone_07,Zone_08
CT015623,Zone_04,Zone_04,0.9967,0.0033,0.9934,True,Zone_04,Zone_05
CT016112,Zone_08,Zone_07,0.7924,0.19,0.6024,False,Zone_07,Zone_08
CT016926,Zone_09,Zone_09,0.9988,0.0008,0.998,True,Zone_09,Zone_10
CT017819,Zone_08,Zone_08,0.9987,0.0013,0.9974,True,Zone_08,Zone_07
CT008901,Zone_01,Zone_01,1.0,0.0,1.0,True,Zone_01,Zone_10
CT015595,Zone_07,Zone_08,0.5466,0.4534,0.0932,False,Zone_08,Zone_07
CT001962,Zone_08,Zone_08,0.9997,0.0003,0.9994,True,Zone_08,Zone_07
CT015427,Zone_07,Zone_07,0.9682,0.0308,0.9374,True,Zone_07,Zone_06
CT007344,Zone_02,Zone_02,0.995,0.005,0.99,True,Zone_02,Zone_03
CT008936,Zone_10,Zone_10,1.0,0.0,1.0,True,Zone_10,Zone_09
CT010824,Zone_08,Zone_08,0.9983,0.0017,0.9966,True,Zone_08,Zone_05
CT014791,Zone_07,Zone_07,0.9699,0.03,0.9399,True,Zone_07,Zone_08
CT002779,Zone_04,Zone_04,0.9953,0.0045,0.9908,True,Zone_04,Zone_05
CT002493,Zone_02,Zone_02,1.0,0.0,1.0,True,Zone_02,Zone_10
CT019084,Zone_01,Zone_01,0.9999,0.0001,0.9998,True,Zone_01,Zone_03
CT003097,Zone_03,Zone_03,1.0,0.0,1.0,True,Zone_03,Zone_10
CT017864,Zone_07,Zone_07,0.9057,0.0925,0.8132,True,Zone_07,Zone_08
CT008264,Zone_10,Zone_10,1.0,0.0,1.0,True,Zone_10,Zone_09
CT004830,Zone_06,Zone_06,1.0,0.0,1.0,True,Zone_06,Zone_10
CT002923,Zone_03,Zone_03,1.0,0.0,1.0,True,Zone_03,Zone_10
CT001609,Zone_08,Zone_08,0.9975,0.0025,0.995,True,Zone_08,Zone_07
CT006749,Zone_08,Zone_08,0.9999,0.0001,0.9998,True,Zone_08,Zone_07
CT002459,Zone_04,Zone_04,0.9899,0.006,0.9839,True,Zone_04,Zone_09
CT014047,Zone_09,Zone_09,0.9943,0.005,0.9893,True,Zone_09,Zone_06
CT016301,Zone_01,Zone_01,0.9999,0.0001,0.9998,True,Zone_01,Zone_03
CT012475,Zone_07,Zone_08,0.6595,0.3404,0.3191,False,Zone_08,Zone_07
CT004979,Zone_07,Zone_07,0.9875,0.0121,0.9754,True,Zone_07,Zone_08
CT013722,Zone_04,Zone_04,0.9977,0.0021,0.9956,True,Zone_04,Zone_09
CT000279,Zone_07,Zone_07,0.9961,0.0033,0.9928,True,Zone_07,Zone_06
CT010980,Zone_07,Zone_07,0.8621,0.1378,0.7243,True,Zone_07,Zone_08
CT000100,Zone_10,Zone_10,0.995,0.005,0.99,True,Zone_10,Zone_09
CT006982,Zone_10,Zone_10,1.0,0.0,1.0,True,Zone_10,Zone_09
CT006758,Zone_07,Zone_07,0.9368,0.0593,0.8775,True,Zone_07,Zone_06
CT018344,Zone_08,Zone_08,0.5633,0.4366,0.1267,True,Zone_08,Zone_07
CT002312,Zone_02,Zone_02,0.9894,0.0106,0.9788,True,Zone_02,Zone_03
CT010930,Zone_04,Zone_04,1.0,0.0,1.0,True,Zone_04,Zone_10
CT019236,Zone_02,Zone_02,1.0,0.0,1.0,True,Zone_02,Zone_10
CT017551,Zone_05,Zone_05,0.9999,0.0001,0.9998,True,Zone_05,Zone_08
CT018597,Zone_01,Zone_01,0.9999,0.0001,0.9998,True,Zone_01,Zone_03
CT001934,Zone_07,Zone_07,0.9804,0.0193,0.9611,True,Zone_07,Zone_08
CT005877,Zone_08,Zone_08,0.6561,0.3438,0.3123,True,Zone_08,Zone_07
CT006948,Zone_07,Zone_08,0.6296,0.3703,0.2593,False,Zone_08,Zone_07
CT005543,Zone_08,Zone_08,0.699,0.2884,0.4106,True,Zone_08,Zone_07
CT013777,Zone_08,Zone_08,0.9999,0.0001,0.9998,True,Zone_08,Zone_07
CT001599,Zone_07,Zone_07,0.9672,0.0328,0.9344,True,Zone_07,Zone_08
CT002165,Zone_07,Zone_07,0.9737,0.026,0.9477,True,Zone_07,Zone_06
CT001591,Zone_01,Zone_01,0.9864,0.0063,0.9801,True,Zone_01,Zone_04
CT008548,Zone_07,Zone_07,0.8362,0.162,0.6742,True,Zone_07,Zone_08
CT006551,Zone_07,Zone_07,0.9833,0.0167,0.9666,True,Zone_07,Zone_06
CT001894,Zone_02,Zone_02,1.0,0.0,1.0,True,Zone_02,Zone_10
CT012329,Zone_01,Zone_01,0.9999,0.0001,0.9998,True,Zone_01,Zone_03
CT015795,Zone_05,Zone_05,0.9943,0.0055,0.9888,True,Zone_05,Zone_04
CT016437,Zone_08,Zone_08,0.9999,0.0001,0.9998,True,Zone_08,Zone_07
CT008293,Zone_08,Zone_08,0.9999,0.0001,0.9998,True,Zone_08,Zone_07
CT005519,Zone_03,Zone_03,1.0,0.0,1.0,True,Zone_03,Zone_10
CT018027,Zone_07,Zone_08,0.702,0.2979,0.4041,False,Zone_08,Zone_07
CT000272,Zone_01,Zone_01,0.9999,0.0001,0.9998,True,Zone_01,Zone_03
CT007079,Zone_03,Zone_03,1.0,0.0,1.0,True,Zone_03,Zone_10
CT008935,Zone_07,Zone_07,0.9766,0.0234,0.9532,True,Zone_07,Zone_08
CT008153,Zone_07,Zone_07,0.8643,0.134,0.7303,True,Zone_07,Zone_08
CT009995,Zone_04,Zone_04,1.0,0.0,1.0,True,Zone_04,Zone_10
CT011653,Zone_07,Zone_07,0.8559,0.1441,0.7118,True,Zone_07,Zone_08
CT016837,Zone_07,Zone_07,0.8579,0.142,0.7159,True,Zone_07,Zone_08
CT004779,Zone_04,Zone_04,1.0,0.0,1.0,True,Zone_04,Zone_10
CT011005,Zone_07,Zone_07,0.9913,0.0086,0.9827,True,Zone_07,Zone_08
CT001018,Zone_07,Zone_07,0.9606,0.0394,0.9212,True,Zone_07,Zone_06
CT011954,Zone_09,Zone_09,0.9793,0.01,0.9693,True,Zone_09,Zone_04
CT000078,Zone_07,Zone_08,0.6714,0.3285,0.3429,False,Zone_08,Zone_07
CT009743,Zone_07,Zone_07,0.8356,0.1609,0.6747,True,Zone_07,Zone_08
CT000057,Zone_08,Zone_08,0.9898,0.0102,0.9796,True,Zone_08,Zone_07
CT012741,Zone_07,Zone_07,0.9653,0.0329,0.9324,True,Zone_07,Zone_06
CT000319,Zone_04,Zone_04,0.9999,0.0001,0.9998,True,Zone_04,Zone_08
CT008630,Zone_07,Zone_07,0.9858,0.0134,0.9724,True,Zone_07,Zone_06
CT018729,Zone_08,Zone_08,0.9999,0.0001,0.9998,True,Zone_08,Zone_07
CT007025,Zone_03,Zone_03,1.0,0.0,1.0,True,Zone_03,Zone_10
CT008184,Zone_02,Zone_02,1.0,0.0,1.0,True,Zone_02,Zone_10
CT014282,Zone_01,Zone_01,0.9999,0.0001,0.9998,True,Zone_01,Zone_03
CT018158,Zone_07,Zone_08,0.5937,0.4061,0.1876,False,Zone_08,Zone_07
CT014546,Zone_07,Zone_07,0.8615,0.1385,0.723,True,Zone_07,Zone_08
CT012730,Zone_08,Zone_08,0.6743,0.3256,0.3487,True,Zone_08,Zone_07
CT010299,Zone_08,Zone_08,0.6697,0.3301,0.3396,True,Zone_08,Zone_07
CT005184,Zone_08,Zone_08,0.6787,0.3212,0.3575,True,Zone_08,Zone_07
CT004896,Zone_08,Zone_08,0.9999,0.0001,0.9998,True,Zone_08,Zone_07
CT004871,Zone_08,Zone_08,0.9999,0.0001,0.9998,True,Zone_08,Zone_07
CT014621,Zone_08,Zone_08,0.6547,0.3452,0.3095,True,Zone_08,Zone_07
CT010039,Zone_07,Zone_07,0.9143,0.0844,0.8299,True,Zone_07,Zone_08
CT019201,Zone_07,Zone_07,0.9972,0.0027,0.9945,True,Zone_07,Zone_08
CT009837,Zone_01,Zone_01,0.9999,0.0001,0.9998,True,Zone_01,Zone_03
CT019068,Zone_07,Zone_07,0.9986,0.0008,0.9978,True,Zone_07,Zone_08
CT005008,Zone_07,Zone_08,0.6736,0.3263,0.3473,False,Zone_08,Zone_07
CT012860,Zone_07,Zone_07,0.8671,0.1328,0.7343,True,Zone_07,Zone_08
CT000817,Zone_07,Zone_07,0.8915,0.1018,0.7897,True,Zone_07,Zone_06
CT008145,Zone_08,Zone_07,0.5062,0.4936,0.0126,False,Zone_07,Zone_08
CT005066,Zone_07,Zone_07,0.7809,0.2191,0.5618,True,Zone_07,Zone_08
CT011481,Zone_08,Zone_08,0.7481,0.2518,0.4963,True,Zone_08,Zone_07
CT017802,Zone_07,Zone_07,0.9645,0.0289,0.9356,True,Zone_07,Zone_06
CT017649,Zone_08,Zone_08,1.0,0.0,1.0,True,Zone_08,Zone_10
CT015285,Zone_01,Zone_01,0.9999,0.0001,0.9998,True,Zone_01,Zone_03
CT015231,Zone_08,Zone_08,0.6787,0.3213,0.3574,True,Zone_08,Zone_07
CT002758,Zone_08,Zone_08,0.6245,0.3754,0.2491,True,Zone_08,Zone_07
CT005525,Zone_04,Zone_04,0.9899,0.01,0.9799,True,Zone_04,Zone_09
CT016819,Zone_06,Zone_06,1.0,0.0,1.0,True,Zone_06,Zone_10
CT009946,Zone_02,Zone_02,0.9951,0.0049,0.9902,True,Zone_02,Zone_01
CT014238,Zone_08,Zone_08,0.5963,0.4035,0.1928,True,Zone_08,Zone_07
CT008593,Zone_07,Zone_07,0.9848,0.0152,0.9696,True,Zone_07,Zone_06
CT006575,Zone_08,Zone_08,0.9999,0.0001,0.9998,True,Zone_08,Zone_07
CT000384,Zone_08,Zone_08,0.9749,0.019,0.9559,True,Zone_08,Zone_07
CT001066,Zone_10,Zone_10,1.0,0.0,1.0,True,Zone_10,Zone_09
CT007051,Zone_10,Zone_10,1.0,0.0,1.0,True,Zone_10,Zone_09
CT017241,Zone_04,Zone_04,0.9998,0.0001,0.9997,True,Zone_04,Zone_08
CT002085,Zone_08,Zone_08,0.6954,0.3044,0.391,True,Zone_08,Zone_07
CT006903,Zone_08,Zone_08,0.6861,0.3128,0.3733,True,Zone_08,Zone_07
CT014855,Zone_07,Zone_07,0.9823,0.0177,0.9646,True,Zone_07,Zone_06
CT004515,Zone_03,Zone_03,1.0,0.0,1.0,True,Zone_03,Zone_10
CT006306,Zone_03,Zone_03,1.0,0.0,1.0,True,Zone_03,Zone_10
CT013358,Zone_03,Zone_03,1.0,0.0,1.0,True,Zone_03,Zone_10
CT013946,Zone_07,Zone_07,0.9414,0.027,0.9144,True,Zone_07,Zone_08
CT007536,Zone_10,Zone_10,1.0,0.0,1.0,True,Zone_10,Zone_09
CT012403,Zone_08,Zone_08,0.6437,0.3562,0.2875,True,Zone_08,Zone_07
CT012312,Zone_08,Zone_08,0.9998,0.0002,0.9996,True,Zone_08,Zone_07
CT010677,Zone_08,Zone_08,0.9998,0.0002,0.9996,True,Zone_08,Zone_07
CT005758,Zone_08,Zone_08,0.9997,0.0003,0.9994,True,Zone_08,Zone_07
CT005509,Zone_07,Zone_07,0.9933,0.0066,0.9867,True,Zone_07,Zone_08
CT004337,Zone_02,Zone_02,0.992,0.008,0.984,True,Zone_02,Zone_01
CT015227,Zone_04,Zone_04,0.9968,0.0032,0.9936,True,Zone_04,Zone_05
CT013272,Zone_08,Zone_08,0.7196,0.2794,0.4402,True,Zone_08,Zone_07
CT006556,Zone_05,Zone_05,0.9989,0.0011,0.9978,True,Zone_05,Zone_04
CT008256,Zone_01,Zone_01,0.9999,0.0001,0.9998,True,Zone_01,Zone_03
CT002732,Zone_04,Zone_04,1.0,0.0,1.0,True,Zone_04,Zone_10
CT019964,Zone_10,Zone_10,1.0,0.0,1.0,True,Zone_10,Zone_09
CT011348,Zone_02,Zone_02,0.9842,0.0108,0.9734,True,Zone_02,Zone_01
CT007445,Zone_02,Zone_02,0.9933,0.0067,0.9866,True,Zone_02,Zone_04
CT017530,Zone_05,Zone_05,0.9814,0.0182,0.9632,True,Zone_05,Zone_04
CT007065,Zone_05,Zone_05,0.9768,0.0118,0.965,True,Zone_05,Zone_08
CT004911,Zone_03,Zone_03,1.0,0.0,1.0,True,Zone_03,Zone_10
CT012047,Zone_08,Zone_08,0.7076,0.2923,0.4153,True,Zone_08,Zone_07
CT015087,Zone_03,Zone_03,1.0,0.0,1.0,True,Zone_03,Zone_10
CT002253,Zone_05,Zone_05,0.9844,0.0155,0.9689,True,Zone_05,Zone_04
CT008690,Zone_07,Zone_07,0.9638,0.0337,0.9301,True,Zone_07,Zone_06
CT001401,Zone_08,Zone_08,0.995,0.005,0.99,True,Zone_08,Zone_07
CT018264,Zone_08,Zone_08,0.9999,0.0001,0.9998,True,Zone_08,Zone_07
CT012499,Zone_04,Zone_04,0.9793,0.0076,0.9717,True,Zone_04,Zone_03
CT014188,Zone_08,Zone_08,0.999,0.001,0.998,True,Zone_08,Zone_07
CT001447,Zone_06,Zone_06,0.995,0.005,0.99,True,Zone_06,Zone_07
CT005759,Zone_04,Zone_04,0.9915,0.005,0.9865,True,Zone_04,Zone_03
CT001867,Zone_10,Zone_10,1.0,0.0,1.0,True,Zone_10,Zone_09
CT009660,Zone_05,Zone_05,0.983,0.0103,0.9727,True,Zone_05,Zone_04
CT019407,Zone_07,Zone_07,0.9762,0.0188,0.9574,True,Zone_07,Zone_06
CT000900,Zone_07,Zone_07,0.6998,0.2948,0.405,True,Zone_07,Zone_08
CT010112,Zone_04,Zone_04,0.9927,0.0049,0.9878,True,Zone_04,Zone_05
CT000976,Zone_07,Zone_08,0.6524,0.3471,0.3053,False,Zone_08,Zone_07
CT002203,Zone_06,Zone_06,1.0,0.0,1.0,True,Zone_06,Zone_10
CT011247,Zone_04,Zone_04,0.9998,0.0001,0.9997,True,Zone_04,Zone_08
CT004561,Zone_09,Zone_09,0.9992,0.0004,0.9988,True,Zone_09,Zone_10
CT004110,Zone_07,Zone_07,0.8298,0.1701,0.6597,True,Zone_07,Zone_08
CT006240,Zone_08,Zone_07,0.7678,0.2322,0.5356,False,Zone_07,Zone_08
CT011917,Zone_07,Zone_07,0.9944,0.0056,0.9888,True,Zone_07,Zone_08
CT012620,Zone_10,Zone_10,1.0,0.0,1.0,True,Zone_10,Zone_09
CT010265,Zone_04,Zone_04,0.9973,0.0023,0.995,True,Zone_04,Zone_09
CT000252,Zone_07,Zone_07,0.993,0.007,0.986,True,Zone_07,Zone_06
CT005214,Zone_06,Zone_06,1.0,0.0,1.0,True,Zone_06,Zone_10
CT002858,Zone_08,Zone_08,0.9999,0.0001,0.9998,True,Zone_08,Zone_07
CT007245,Zone_08,Zone_08,0.8654,0.052,0.8134,True,Zone_08,Zone_07
CT017432,Zone_03,Zone_03,0.995,0.005,0.99,True,Zone_03,Zone_04
CT019637,Zone_07,Zone_08,0.5993,0.4006,0.1987,False,Zone_08,Zone_07
CT002286,Zone_03,Zone_03,1.0,0.0,1.0,True,Zone_03,Zone_10
CT009084,Zone_01,Zone_01,1.0,0.0,1.0,True,Zone_01,Zone_10
CT005351,Zone_06,Zone_06,0.9948,0.0052,0.9896,True,Zone_06,Zone_04
CT010137,Zone_08,Zone_08,0.7583,0.2415,0.5168,True,Zone_08,Zone_07
CT005355,Zone_06,Zone_06,0.99,0.01,0.98,True,Zone_06,Zone_07
CT015330,Zone_04,Zone_04,0.9995,0.0003,0.9992,True,Zone_04,Zone_01
CT012079,Zone_03,Zone_03,1.0,0.0,1.0,True,Zone_03,Zone_10
CT013800,Zone_08,Zone_08,0.6159,0.384,0.2319,True,Zone_08,Zone_07
CT005866,Zone_04,Zone_04,0.9997,0.0003,0.9994,True,Zone_04,Zone_02
CT014015,Zone_07,Zone_07,0.9874,0.0084,0.979,True,Zone_07,Zone_08
CT007002,Zone_06,Zone_06,1.0,0.0,1.0,True,Zone_06,Zone_10
CT017012,Zone_03,Zone_03,1.0,0.0,1.0,True,Zone_03,Zone_10
CT011461,Zone_08,Zone_08,0.9999,0.0001,0.9998,True,Zone_08,Zone_07
CT013966,Zone_10,Zone_10,1.0,0.0,1.0,True,Zone_10,Zone_09
CT010263,Zone_02,Zone_02,0.9951,0.0049,0.9902,True,Zone_02,Zone_01
CT002931,Zone_07,Zone_08,0.6379,0.3611,0.2768,False,Zone_08,Zone_07
CT010205,Zone_08,Zone_08,0.6293,0.3706,0.2587,True,Zone_08,Zone_07
CT012727,Zone_06,Zone_07,0.9783,0.0142,0.9641,False,Zone_07,Zone_06
CT003516,Zone_07,Zone_07,0.9979,0.002,0.9959,True,Zone_07,Zone_08
CT008486,Zone_07,Zone_07,0.9052,0.0905,0.8147,True,Zone_07,Zone_06
CT008082,Zone_08,Zone_08,0.6987,0.301,0.3977,True,Zone_08,Zone_07
CT006042,Zone_02,Zone_02,1.0,0.0,1.0,True,Zone_02,Zone_10
CT018468,Zone_03,Zone_03,1.0,0.0,1.0,True,Zone_03,Zone_10
CT016401,Zone_06,Zone_06,1.0,0.0,1.0,True,Zone_06,Zone_10
CT003489,Zone_01,Zone_01,0.9999,0.0001,0.9998,True,Zone_01,Zone_03
CT016396,Zone_04,Zone_04,1.0,0.0,1.0,True,Zone_04,Zone_10
CT007265,Zone_08,Zone_07,0.7877,0.2122,0.5755,False,Zone_07,Zone_08
CT010317,Zone_04,Zone_04,1.0,0.0,1.0,True,Zone_04,Zone_10
CT010209,Zone_04,Zone_04,0.9995,0.0003,0.9992,True,Zone_04,Zone_01
CT001339,Zone_07,Zone_07,0.9731,0.0269,0.9462,True,Zone_07,Zone_06
CT000309,Zone_04,Zone_04,0.9924,0.0045,0.9879,True,Zone_04,Zone_05
CT012760,Zone_08,Zone_08,0.9979,0.0021,0.9958,True,Zone_08,Zone_07
CT013436,Zone_08,Zone_08,0.9793,0.0145,0.9648,True,Zone_08,Zone_07
CT000328,Zone_07,Zone_07,0.8271,0.1729,0.6542,True,Zone_07,Zone_08
CT008186,Zone_06,Zone_06,1.0,0.0,1.0,True,Zone_06,Zone_10
CT011835,Zone_04,Zone_04,0.9932,0.0045,0.9887,True,Zone_04,Zone_05
CT016186,Zone_03,Zone_03,1.0,0.0,1.0,True,Zone_03,Zone_10
CT005945,Zone_02,Zone_02,0.99,0.01,0.98,True,Zone_02,Zone_01
CT015121,Zone_04,Zone_04,0.998,0.0019,0.9961,True,Zone_04,Zone_09
CT017533,Zone_01,Zone_01,0.9998,0.0002,0.9996,True,Zone_01,Zone_03
CT016531,Zone_08,Zone_07,0.7734,0.2265,0.5469,False,Zone_07,Zone_08
CT005776,Zone_02,Zone_02,1.0,0.0,1.0,True,Zone_02,Zone_10
CT009633,Zone_04,Zone_04,0.9998,0.0001,0.9997,True,Zone_04,Zone_08
CT015682,Zone_08,Zone_08,0.9999,0.0001,0.9998,True,Zone_08,Zone_07
CT007555,Zone_08,Zone_08,0.6759,0.324,0.3519,True,Zone_08,Zone_07
CT009636,Zone_02,Zone_02,0.9984,0.0016,0.9968,True,Zone_02,Zone_05
CT001676,Zone_10,Zone_10,1.0,0.0,1.0,True,Zone_10,Zone_09
CT010219,Zone_02,Zone_02,1.0,0.0,1.0,True,Zone_02,Zone_10
CT008367,Zone_03,Zone_03,1.0,0.0,1.0,True,Zone_03,Zone_10
CT002862,Zone_07,Zone_07,0.8355,0.1591,0.6764,True,Zone_07,Zone_08
CT000102,Zone_07,Zone_07,0.5608,0.4292,0.1316,True,Zone_07,Zone_08
CT005383,Zone_07,Zone_07,0.9937,0.0062,0.9875,True,Zone_07,Zone_08
CT012289,Zone_10,Zone_10,1.0,0.0,1.0,True,Zone_10,Zone_09
CT007487,Zone_04,Zone_04,0.9998,0.0001,0.9997,True,Zone_04,Zone_08
CT014635,Zone_03,Zone_03,1.0,0.0,1.0,True,Zone_03,Zone_10
CT012661,Zone_10,Zone_10,1.0,0.0,1.0,True,Zone_10,Zone_09
CT016463,Zone_03,Zone_03,0.9999,0.0001,0.9998,True,Zone_03,Zone_02
CT002361,Zone_07,Zone_07,0.9278,0.0672,0.8606,True,Zone_07,Zone_06
CT005168,Zone_07,Zone_07,0.9909,0.009,0.9819,True,Zone_07,Zone_08
CT008420,Zone_03,Zone_03,0.994,0.006,0.988,True,Zone_03,Zone_04
CT013432,Zone_08,Zone_08,0.9999,0.0001,0.9998,True,Zone_08,Zone_07
CT009528,Zone_03,Zone_03,1.0,0.0,1.0,True,Zone_03,Zone_10
CT009646,Zone_08,Zone_08,0.9577,0.014,0.9437,True,Zone_08,Zone_05
CT007356,Zone_05,Zone_05,0.9857,0.0143,0.9714,True,Zone_05,Zone_04
CT007366,Zone_03,Zone_03,1.0,0.0,1.0,True,Zone_03,Zone_10
CT006483,Zone_07,Zone_07,0.9852,0.0146,0.9706,True,Zone_07,Zone_06
CT005963,Zone_08,Zone_08,0.9762,0.0238,0.9524,True,Zone_08,Zone_07
CT005657,Zone_06,Zone_06,1.0,0.0,1.0,True,Zone_06,Zone_10
CT001604,Zone_07,Zone_07,0.9925,0.0067,0.9858,True,Zone_07,Zone_08
CT001776,Zone_07,Zone_07,0.8333,0.1666,0.6667,True,Zone_07,Zone_08
CT002184,Zone_03,Zone_03,1.0,0.0,1.0,True,Zone_03,Zone_10
CT010406,Zone_01,Zone_01,0.997,0.003,0.994,True,Zone_01,Zone_04
CT004360,Zone_07,Zone_07,0.9941,0.0059,0.9882,True,Zone_07,Zone_08
CT019316,Zone_03,Zone_03,1.0,0.0,1.0,True,Zone_03,Zone_10
CT017514,Zone_04,Zone_04,1.0,0.0,1.0,True,Zone_04,Zone_10
CT015877,Zone_06,Zone_06,1.0,0.0,1.0,True,Zone_06,Zone_10
CT009447,Zone_07,Zone_07,0.8401,0.1587,0.6814,True,Zone_07,Zone_08
CT002853,Zone_07,Zone_07,0.9307,0.0693,0.8614,True,Zone_07,Zone_08
CT003577,Zone_07,Zone_07,0.9887,0.0113,0.9774,True,Zone_07,Zone_06
CT007796,Zone_07,Zone_08,0.6435,0.3564,0.2871,False,Zone_08,Zone_07
CT007836,Zone_04,Zone_04,0.9931,0.0067,0.9864,True,Zone_04,Zone_05
CT014447,Zone_08,Zone_08,0.5764,0.4236,0.1528,True,Zone_08,Zone_07
CT000714,Zone_06,Zone_06,1.0,0.0,1.0,True,Zone_06,Zone_10
CT017037,Zone_10,Zone_10,1.0,0.0,1.0,True,Zone_10,Zone_09
CT013630,Zone_08,Zone_08,0.9999,0.0001,0.9998,True,Zone_08,Zone_07
CT010660,Zone_08,Zone_08,0.9999,0.0001,0.9998,True,Zone_08,Zone_07
CT000052,Zone_02,Zone_02,0.9996,0.0004,0.9992,True,Zone_02,Zone_04
CT019391,Zone_04,Zone_04,1.0,0.0,1.0,True,Zone_04,Zone_10
CT017627,Zone_08,Zone_08,1.0,0.0,1.0,True,Zone_08,Zone_10
CT001028,Zone_05,Zone_05,0.9876,0.012,0.9756,True,Zone_05,Zone_04
CT010703,Zone_03,Zone_03,0.9899,0.01,0.9799,True,Zone_03,Zone_04
CT003315,Zone_04,Zone_04,0.9951,0.0049,0.9902,True,Zone_04,Zone_05
CT008272,Zone_03,Zone_03,1.0,0.0,1.0,True,Zone_03,Zone_10
CT019381,Zone_02,Zone_02,1.0,0.0,1.0,True,Zone_02,Zone_10
CT006600,Zone_05,Zone_05,0.9871,0.0128,0.9743,True,Zone_05,Zone_04
CT006128,Zone_02,Zone_02,1.0,0.0,1.0,True,Zone_02,Zone_10
CT009926,Zone_10,Zone_10,0.9961,0.0036,0.9925,True,Zone_10,Zone_09
CT001353,Zone_04,Zone_04,1.0,0.0,1.0,True,Zone_04,Zone_10
CT002561,Zone_08,Zone_08,0.7705,0.2294,0.5411,True,Zone_08,Zone_07
CT000322,Zone_08,Zone_08,0.9788,0.0212,0.9576,True,Zone_08,Zone_07
CT011146,Zone_07,Zone_08,0.5557,0.4443,0.1114,False,Zone_08,Zone_07
CT005484,Zone_05,Zone_05,0.9998,0.0002,0.9996,True,Zone_05,Zone_02
CT001103,Zone_07,Zone_07,0.9947,0.0051,0.9896,True,Zone_07,Zone_08
CT011025,Zone_04,Zone_04,0.9827,0.007,0.9757,True,Zone_04,Zone_01
CT011359,Zone_01,Zone_01,0.9999,0.0001,0.9998,True,Zone_01,Zone_03
CT014082,Zone_03,Zone_03,1.0,0.0,1.0,True,Zone_03,Zone_10
CT001252,Zone_03,Zone_03,1.0,0.0,1.0,True,Zone_03,Zone_10
CT004098,Zone_08,Zone_08,0.6666,0.3334,0.3332,True,Zone_08,Zone_07
CT010098,Zone_10,Zone_10,1.0,0.0,1.0,True,Zone_10,Zone_09
CT007311,Zone_05,Zone_05,1.0,0.0,1.0,True,Zone_05,Zone_10
CT004684,Zone_08,Zone_08,0.701,0.298,0.403,True,Zone_08,Zone_07
CT013783,Zone_07,Zone_08,0.6745,0.3254,0.3491,False,Zone_08,Zone_07
CT015509,Zone_03,Zone_03,0.9942,0.0058,0.9884,True,Zone_03,Zone_02
CT014916,Zone_01,Zone_01,0.9998,0.0002,0.9996,True,Zone_01,Zone_03
CT006085,Zone_03,Zone_03,1.0,0.0,1.0,True,Zone_03,Zone_10
CT011541,Zone_07,Zone_07,0.9917,0.0075,0.9842,True,Zone_07,Zone_06
CT014396,Zone_01,Zone_01,0.9999,0.0001,0.9998,True,Zone_01,Zone_03
CT004921,Zone_05,Zone_05,0.9927,0.0073,0.9854,True,Zone_05,Zone_04
CT012287,Zone_07,Zone_07,0.8936,0.1046,0.789,True,Zone_07,Zone_08
CT012410,Zone_07,Zone_08,0.677,0.323,0.354,False,Zone_08,Zone_07
CT012359,Zone_06,Zone_06,0.9898,0.0052,0.9846,True,Zone_06,Zone_04
CT006848,Zone_08,Zone_08,0.9674,0.0308,0.9366,True,Zone_08,Zone_07
CT015402,Zone_05,Zone_05,0.9834,0.0116,0.9718,True,Zone_05,Zone_04
CT014963,Zone_02,Zone_02,1.0,0.0,1.0,True,Zone_02,Zone_10
CT012127,Zone_04,Zone_04,0.9989,0.0011,0.9978,True,Zone_04,Zone_08
CT006397,Zone_07,Zone_07,0.9943,0.0051,0.9892,True,Zone_07,Zone_08
CT004945,Zone_07,Zone_07,0.8843,0.1156,0.7687,True,Zone_07,Zone_08
CT019370,Zone_07,Zone_08,0.7155,0.2844,0.4311,False,Zone_08,Zone_07
CT011784,Zone_08,Zone_08,0.716,0.2839,0.4321,True,Zone_08,Zone_07
CT008605,Zone_08,Zone_08,0.6358,0.3641,0.2717,True,Zone_08,Zone_07
CT015199,Zone_03,Zone_03,1.0,0.0,1.0,True,Zone_03,Zone_10
CT019332,Zone_07,Zone_08,0.6097,0.3894,0.2203,False,Zone_08,Zone_07
CT009119,Zone_08,Zone_08,0.6156,0.3841,0.2315,True,Zone_08,Zone_07
CT006581,Zone_07,Zone_07,0.968,0.032,0.936,True,Zone_07,Zone_06
CT005589,Zone_08,Zone_08,0.9712,0.0086,0.9626,True,Zone_08,Zone_05
CT006872,Zone_08,Zone_07,0.8245,0.1745,0.65,False,Zone_07,Zone_08
CT008563,Zone_07,Zone_07,0.9753,0.0177,0.9576,True,Zone_07,Zone_08
CT011130,Zone_07,Zone_07,0.9846,0.0152,0.9694,True,Zone_07,Zone_08
CT003852,Zone_04,Zone_04,0.9986,0.0014,0.9972,True,Zone_04,Zone_08
CT007623,Zone_03,Zone_03,1.0,0.0,1.0,True,Zone_03,Zone_10
CT015828,Zone_07,Zone_07,0.9488,0.0512,0.8976,True,Zone_07,Zone_06
CT016460,Zone_04,Zone_04,0.999,0.001,0.998,True,Zone_04,Zone_09
CT009274,Zone_07,Zone_08,0.6199,0.38,0.2399,False,Zone_08,Zone_07
CT008660,Zone_08,Zone_08,0.9973,0.0027,0.9946,True,Zone_08,Zone_07
CT005494,Zone_04,Zone_04,0.9969,0.0031,0.9938,True,Zone_04,Zone_05
CT011753,Zone_08,Zone_08,0.6736,0.3263,0.3473,True,Zone_08,Zone_07
CT012187,Zone_02,Zone_02,1.0,0.0,1.0,True,Zone_02,Zone_10
CT014550,Zone_02,Zone_02,1.0,0.0,1.0,True,Zone_02,Zone_10
CT018968,Zone_07,Zone_07,0.8192,0.1808,0.6384,True,Zone_07,Zone_08
CT014013,Zone_07,Zone_07,0.9904,0.0094,0.981,True,Zone_07,Zone_08
CT014086,Zone_04,Zone_04,1.0,0.0,1.0,True,Zone_04,Zone_10
CT018953,Zone_06,Zone_06,1.0,0.0,1.0,True,Zone_06,Zone_10
CT004587,Zone_07,Zone_07,0.8284,0.1715,0.6569,True,Zone_07,Zone_08
CT015242,Zone_07,Zone_07,0.9943,0.0052,0.9891,True,Zone_07,Zone_08
CT007558,Zone_04,Zone_04,0.9968,0.0032,0.9936,True,Zone_04,Zone_05
CT018485,Zone_07,Zone_07,0.9817,0.0181,0.9636,True,Zone_07,Zone_08
CT019026,Zone_07,Zone_07,0.815,0.1849,0.6301,True,Zone_07,Zone_08
CT007057,Zone_07,Zone_07,0.9879,0.0095,0.9784,True,Zone_07,Zone_06
CT000573,Zone_08,Zone_08,0.9958,0.0035,0.9923,True,Zone_08,Zone_07
CT004311,Zone_07,Zone_07,0.8495,0.1413,0.7082,True,Zone_07,Zone_08
CT010248,Zone_05,Zone_05,0.9761,0.011,0.9651,True,Zone_05,Zone_07
CT008680,Zone_07,Zone_08,0.7294,0.2705,0.4589,False,Zone_08,Zone_07
CT014852,Zone_07,Zone_07,0.9711,0.0276,0.9435,True,Zone_07,Zone_08
CT009878,Zone_07,Zone_07,0.9491,0.0509,0.8982,True,Zone_07,Zone_06
CT017732,Zone_02,Zone_02,1.0,0.0,1.0,True,Zone_02,Zone_10
CT012447,Zone_07,Zone_08,0.7342,0.2655,0.4687,False,Zone_08,Zone_07
CT018192,Zone_03,Zone_03,0.9999,0.0001,0.9998,True,Zone_03,Zone_02
CT014768,Zone_08,Zone_08,0.9953,0.0047,0.9906,True,Zone_08,Zone_07
CT018980,Zone_08,Zone_08,0.7337,0.2662,0.4675,True,Zone_08,Zone_07
CT017075,Zone_08,Zone_08,0.9999,0.0001,0.9998,True,Zone_08,Zone_07
CT010812,Zone_08,Zone_08,0.5265,0.4654,0.0611,True,Zone_08,Zone_07
CT013717,Zone_08,Zone_08,0.5599,0.4399,0.12,True,Zone_08,Zone_07
CT012100,Zone_08,Zone_08,0.7533,0.2466,0.5067,True,Zone_08,Zone_07
CT002967,Zone_04,Zone_04,1.0,0.0,1.0,True,Zone_04,Zone_10
CT008202,Zone_10,Zone_10,0.9997,0.0003,0.9994,True,Zone_10,Zone_03
CT009506,Zone_08,Zone_08,0.7058,0.2941,0.4117,True,Zone_08,Zone_07
CT018480,Zone_03,Zone_03,1.0,0.0,1.0,True,Zone_03,Zone_10
CT009950,Zone_07,Zone_07,0.9046,0.0901,0.8145,True,Zone_07,Zone_08
CT005137,Zone_02,Zone_02,0.9926,0.0021,0.9905,True,Zone_02,Zone_07
CT002043,Zone_08,Zone_08,0.6931,0.3067,0.3864,True,Zone_08,Zone_07
CT006956,Zone_08,Zone_08,0.9999,0.0001,0.9998,True,Zone_08,Zone_07
CT003442,Zone_01,Zone_01,0.9999,0.0001,0.9998,True,Zone_01,Zone_03
CT017824,Zone_07,Zone_07,0.9739,0.0261,0.9478,True,Zone_07,Zone_06
CT013005,Zone_08,Zone_08,0.9978,0.0022,0.9956,True,Zone_08,Zone_07
CT006435,Zone_07,Zone_08,0.6264,0.3735,0.2529,False,Zone_08,Zone_07
CT014886,Zone_07,Zone_08,0.7606,0.2393,0.5213,False,Zone_08,Zone_07
CT015690,Zone_10,Zone_10,0.9943,0.0057,0.9886,True,Zone_10,Zone_09
CT019298,Zone_07,Zone_07,0.9113,0.0853,0.826,True,Zone_07,Zone_08
CT001736,Zone_07,Zone_07,0.9572,0.0426,0.9146,True,Zone_07,Zone_08
CT015709,Zone_04,Zone_04,1.0,0.0,1.0,True,Zone_04,Zone_10
CT018558,Zone_01,Zone_01,0.9999,0.0001,0.9998,True,Zone_01,Zone_03
CT012394,Zone_02,Zone_02,1.0,0.0,1.0,True,Zone_02,Zone_10
CT014824,Zone_06,Zone_06,0.9772,0.0178,0.9594,True,Zone_06,Zone_07
CT012795,Zone_01,Zone_01,0.9966,0.0034,0.9932,True,Zone_01,Zone_03
CT005809,Zone_02,Zone_02,1.0,0.0,1.0,True,Zone_02,Zone_10
CT019615,Zone_04,Zone_04,0.9948,0.0052,0.9896,True,Zone_04,Zone_05
CT014388,Zone_08,Zone_08,0.9951,0.0049,0.9902,True,Zone_08,Zone_07
CT016434,Zone_06,Zone_06,0.9985,0.0015,0.997,True,Zone_06,Zone_03
CT000327,Zone_07,Zone_07,0.987,0.0128,0.9742,True,Zone_07,Zone_08
CT013675,Zone_07,Zone_07,0.8598,0.1402,0.7196,True,Zone_07,Zone_08
CT005286,Zone_03,Zone_03,1.0,0.0,1.0,True,Zone_03,Zone_10
CT016966,Zone_07,Zone_08,0.6114,0.3885,0.2229,False,Zone_08,Zone_07
CT008176,Zone_06,Zone_06,1.0,0.0,1.0,True,Zone_06,Zone_10
CT008244,Zone_05,Zone_05,0.9975,0.0025,0.995,True,Zone_05,Zone_04
CT002473,Zone_08,Zone_08,0.6413,0.3587,0.2826,True,Zone_08,Zone_07
CT001855,Zone_07,Zone_07,0.9938,0.0062,0.9876,True,Zone_07,Zone_06
CT005475,Zone_08,Zone_08,0.7061,0.2937,0.4124,True,Zone_08,Zone_07
CT015934,Zone_10,Zone_10,1.0,0.0,1.0,True,Zone_10,Zone_09
CT006628,Zone_08,Zone_08,0.6587,0.3412,0.3175,True,Zone_08,Zone_07
CT012025,Zone_07,Zone_08,0.5973,0.4027,0.1946,False,Zone_08,Zone_07
CT019266,Zone_06,Zone_06,0.9933,0.0062,0.9871,True,Zone_06,Zone_07
CT010615,Zone_07,Zone_08,0.6969,0.3031,0.3938,False,Zone_08,Zone_07
CT009226,Zone_07,Zone_07,0.9676,0.0324,0.9352,True,Zone_07,Zone_06
CT013100,Zone_05,Zone_05,0.9983,0.0017,0.9966,True,Zone_05,Zone_04
CT008225,Zone_04,Zone_04,0.9932,0.0067,0.9865,True,Zone_04,Zone_05
CT016089,Zone_07,Zone_07,0.5177,0.4822,0.0355,True,Zone_07,Zone_08
CT019846,Zone_04,Zone_04,1.0,0.0,1.0,True,Zone_04,Zone_10
CT000487,Zone_08,Zone_08,0.9981,0.0019,0.9962,True,Zone_08,Zone_07
CT015888,Zone_03,Zone_03,0.9905,0.0095,0.981,True,Zone_03,Zone_02
CT012030,Zone_07,Zone_07,0.8373,0.1626,0.6747,True,Zone_07,Zone_08
CT002869,Zone_10,Zone_10,1.0,0.0,1.0,True,Zone_10,Zone_09
CT019107,Zone_07,Zone_08,0.6805,0.3192,0.3613,False,Zone_08,Zone_07
CT012004,Zone_09,Zone_09,0.9952,0.0033,0.9919,True,Zone_09,Zone_04
CT001056,Zone_08,Zone_08,0.5488,0.451,0.0978,True,Zone_08,Zone_07
CT015614,Zone_02,Zone_02,1.0,0.0,1.0,True,Zone_02,Zone_10
CT011505,Zone_07,Zone_07,0.8942,0.1058,0.7884,True,Zone_07,Zone_06
CT019745,Zone_01,Zone_01,0.9999,0.0001,0.9998,True,Zone_01,Zone_03
CT019455,Zone_08,Zone_07,0.8233,0.1766,0.6467,False,Zone_07,Zone_08
CT005040,Zone_07,Zone_07,0.9347,0.0438,0.8909,True,Zone_07,Zone_08
CT008970,Zone_07,Zone_07,0.8501,0.1488,0.7013,True,Zone_07,Zone_08
CT009631,Zone_07,Zone_07,0.9802,0.0186,0.9616,True,Zone_07,Zone_08
CT013859,Zone_07,Zone_07,0.8749,0.125,0.7499,True,Zone_07,Zone_08
CT010244,Zone_04,Zone_04,0.9968,0.0032,0.9936,True,Zone_04,Zone_05
CT002195,Zone_07,Zone_08,0.6687,0.3311,0.3376,False,Zone_08,Zone_07
CT014923,Zone_05,Zone_05,0.9657,0.0322,0.9335,True,Zone_05,Zone_04
CT013754,Zone_03,Zone_03,0.9975,0.0025,0.995,True,Zone_03,Zone_02
CT009731,Zone_04,Zone_04,1.0,0.0,1.0,True,Zone_04,Zone_10
CT011796,Zone_08,Zone_08,0.6756,0.3244,0.3512,True,Zone_08,Zone_07
CT008277,Zone_08,Zone_08,1.0,0.0,1.0,True,Zone_08,Zone_10
CT011177,Zone_08,Zone_08,0.9695,0.0288,0.9407,True,Zone_08,Zone_07
CT018164,Zone_07,Zone_07,0.8837,0.115,0.7687,True,Zone_07,Zone_08
CT015404,Zone_08,Zone_08,0.5169,0.4831,0.0338,True,Zone_08,Zone_07
CT011406,Zone_08,Zone_08,0.9999,0.0001,0.9998,True,Zone_08,Zone_07
CT005337,Zone_08,Zone_08,0.6814,0.3185,0.3629,True,Zone_08,Zone_07
CT013059,Zone_08,Zone_08,0.9999,0.0001,0.9998,True,Zone_08,Zone_07
CT019856,Zone_01,Zone_01,0.9949,0.005,0.9899,True,Zone_01,Zone_02
CT015549,Zone_07,Zone_07,0.9877,0.0073,0.9804,True,Zone_07,Zone_08
CT018322,Zone_08,Zone_08,0.7947,0.2052,0.5895,True,Zone_08,Zone_07
CT015866,Zone_03,Zone_03,1.0,0.0,1.0,True,Zone_03,Zone_10
CT004840,Zone_03,Zone_03,1.0,0.0,1.0,True,Zone_03,Zone_10
CT019831,Zone_08,Zone_08,0.7339,0.2659,0.468,True,Zone_08,Zone_07
CT000584,Zone_05,Zone_05,0.9998,0.0002,0.9996,True,Zone_05,Zone_02
CT002715,Zone_07,Zone_07,0.9526,0.0451,0.9075,True,Zone_07,Zone_06
CT008232,Zone_01,Zone_01,0.9999,0.0001,0.9998,True,Zone_01,Zone_03
CT013894,Zone_08,Zone_08,0.9854,0.0146,0.9708,True,Zone_08,Zone_07
CT017287,Zone_07,Zone_07,0.8686,0.1314,0.7372,True,Zone_07,Zone_08
CT014399,Zone_01,Zone_01,0.9999,0.0001,0.9998,True,Zone_01,Zone_03
CT000737,Zone_01,Zone_01,0.9999,0.0001,0.9998,True,Zone_01,Zone_03
CT002456,Zone_07,Zone_07,0.8728,0.1272,0.7456,True,Zone_07,Zone_08
CT007087,Zone_07,Zone_07,0.9934,0.0066,0.9868,True,Zone_07,Zone_08
CT018088,Zone_07,Zone_07,0.9719,0.0281,0.9438,True,Zone_07,Zone_06
CT018167,Zone_10,Zone_10,1.0,0.0,1.0,True,Zone_10,Zone_09
CT000427,Zone_04,Zone_04,0.9953,0.0045,0.9908,True,Zone_04,Zone_05
CT008322,Zone_08,Zone_07,0.8133,0.1866,0.6267,False,Zone_07,Zone_08
CT010503,Zone_01,Zone_01,0.9949,0.0051,0.9898,True,Zone_01,Zone_02
CT015277,Zone_01,Zone_01,0.9936,0.0063,0.9873,True,Zone_01,Zone_02
CT011340,Zone_01,Zone_01,0.9999,0.0001,0.9998,True,Zone_01,Zone_03
CT018592,Zone_04,Zone_04,1.0,0.0,1.0,True,Zone_04,Zone_10
CT012430,Zone_08,Zone_08,0.9999,0.0001,0.9998,True,Zone_08,Zone_07
CT006697,Zone_04,Zone_04,1.0,0.0,1.0,True,Zone_04,Zone_10
CT008012,Zone_08,Zone_08,0.649,0.35,0.299,True,Zone_08,Zone_07
CT018561,Zone_08,Zone_08,0.9999,0.0001,0.9998,True,Zone_08,Zone_07
CT002003,Zone_10,Zone_10,1.0,0.0,1.0,True,Zone_10,Zone_09
CT017050,Zone_02,Zone_02,1.0,0.0,1.0,True,Zone_02,Zone_10
CT004540,Zone_05,Zone_05,0.99,0.01,0.98,True,Zone_05,Zone_08
CT002668,Zone_02,Zone_02,0.99,0.0067,0.9833,True,Zone_02,Zone_03
CT001412,Zone_10,Zone_10,1.0,0.0,1.0,True,Zone_10,Zone_09
CT002754,Zone_03,Zone_03,1.0,0.0,1.0,True,Zone_03,Zone_10
CT000839,Zone_08,Zone_08,0.9951,0.0049,0.9902,True,Zone_08,Zone_07
CT002311,Zone_09,Zone_09,0.9641,0.014,0.9501,True,Zone_09,Zone_07
CT007775,Zone_08,Zone_08,0.653,0.347,0.306,True,Zone_08,Zone_07
CT017053,Zone_07,Zone_08,0.634,0.366,0.268,False,Zone_08,Zone_07
CT008233,Zone_06,Zone_06,1.0,0.0,1.0,True,Zone_06,Zone_10
CT011366,Zone_06,Zone_06,1.0,0.0,1.0,True,Zone_06,Zone_10
CT010243,Zone_04,Zone_04,0.9814,0.01,0.9714,True,Zone_04,Zone_02
CT017671,Zone_08,Zone_08,0.5516,0.4484,0.1032,True,Zone_08,Zone_07
CT003248,Zone_07,Zone_07,0.9377,0.0589,0.8788,True,Zone_07,Zone_08
CT007111,Zone_10,Zone_10,1.0,0.0,1.0,True,Zone_10,Zone_09
CT016547,Zone_04,Zone_04,1.0,0.0,1.0,True,Zone_04,Zone_10
CT009284,Zone_01,Zone_01,0.9999,0.0001,0.9998,True,Zone_01,Zone_03
CT003263,Zone_02,Zone_02,0.9951,0.0049,0.9902,True,Zone_02,Zone_01
CT012936,Zone_04,Zone_04,0.9954,0.0027,0.9927,True,Zone_04,Zone_05
CT004961,Zone_03,Zone_03,1.0,0.0,1.0,True,Zone_03,Zone_10
CT008511,Zone_04,Zone_04,0.9915,0.004,0.9875,True,Zone_04,Zone_07
CT012653,Zone_03,Zone_03,1.0,0.0,1.0,True,Zone_03,Zone_10
CT013904,Zone_07,Zone_07,0.8061,0.1938,0.6123,True,Zone_07,Zone_08
CT004273,Zone_07,Zone_07,0.9835,0.0165,0.967,True,Zone_07,Zone_08
CT008118,Zone_04,Zone_04,0.9907,0.0092,0.9815,True,Zone_04,Zone_05
CT008796,Zone_07,Zone_08,0.6678,0.3321,0.3357,False,Zone_08,Zone_07
CT019703,Zone_08,Zone_08,0.6005,0.3979,0.2026,True,Zone_08,Zone_07
CT005835,Zone_07,Zone_07,0.7923,0.2077,0.5846,True,Zone_07,Zone_08
CT014369,Zone_10,Zone_10,1.0,0.0,1.0,True,Zone_10,Zone_09
CT003366,Zone_04,Zone_04,0.9999,0.0001,0.9998,True,Zone_04,Zone_05
CT010839,Zone_03,Zone_03,1.0,0.0,1.0,True,Zone_03,Zone_10
CT017418,Zone_07,Zone_07,0.9595,0.0353,0.9242,True,Zone_07,Zone_08
CT018039,Zone_07,Zone_07,0.9545,0.0449,0.9096,True,Zone_07,Zone_06
CT007267,Zone_04,Zone_04,0.9982,0.0017,0.9965,True,Zone_04,Zone_05
CT010795,Zone_03,Zone_03,1.0,0.0,1.0,True,Zone_03,Zone_10
CT002191,Zone_03,Zone_03,1.0,0.0,1.0,True,Zone_03,Zone_10
CT015316,Zone_07,Zone_07,0.9232,0.0767,0.8465,True,Zone_07,Zone_08
CT004035,Zone_03,Zone_03,1.0,0.0,1.0,True,Zone_03,Zone_10
CT008400,Zone_07,Zone_07,0.993,0.007,0.986,True,Zone_07,Zone_08
CT015297,Zone_03,Zone_03,1.0,0.0,1.0,True,Zone_03,Zone_10
CT016871,Zone_10,Zone_10,1.0,0.0,1.0,True,Zone_10,Zone_09
CT012611,Zone_07,Zone_08,0.7299,0.27,0.4599,False,Zone_08,Zone_07
CT018414,Zone_02,Zone_02,0.9963,0.0037,0.9926,True,Zone_02,Zone_01
CT017258,Zone_04,Zone_04,1.0,0.0,1.0,True,Zone_04,Zone_10
CT014932,Zone_01,Zone_01,0.9999,0.0001,0.9998,True,Zone_01,Zone_03
CT015310,Zone_04,Zone_04,1.0,0.0,1.0,True,Zone_04,Zone_10
CT014226,Zone_10,Zone_10,1.0,0.0,1.0,True,Zone_10,Zone_09
CT010508,Zone_03,Zone_03,1.0,0.0,1.0,True,Zone_03,Zone_10
CT006627,Zone_08,Zone_08,0.6764,0.3235,0.3529,True,Zone_08,Zone_07
CT002688,Zone_08,Zone_08,0.6804,0.3195,0.3609,True,Zone_08,Zone_07
CT009669,Zone_06,Zone_06,0.9915,0.008,0.9835,True,Zone_06,Zone_07
CT012969,Zone_02,Zone_02,0.9988,0.0012,0.9976,True,Zone_02,Zone_01
CT018299,Zone_07,Zone_07,0.9942,0.0058,0.9884,True,Zone_07,Zone_08
CT011243,Zone_07,Zone_07,0.8591,0.1407,0.7184,True,Zone_07,Zone_08
CT009304,Zone_07,Zone_07,0.7658,0.2341,0.5317,True,Zone_07,Zone_08
CT007916,Zone_10,Zone_10,0.9988,0.0012,0.9976,True,Zone_10,Zone_03
CT019588,Zone_04,Zone_04,0.9829,0.0096,0.9733,True,Zone_04,Zone_02
CT004764,Zone_07,Zone_07,0.8385,0.1615,0.677,True,Zone_07,Zone_08
CT011164,Zone_10,Zone_10,0.9988,0.0012,0.9976,True,Zone_10,Zone_03
CT000371,Zone_07,Zone_07,0.9909,0.0088,0.9821,True,Zone_07,Zone_08
CT009564,Zone_07,Zone_08,0.6167,0.3832,0.2335,False,Zone_08,Zone_07
CT015301,Zone_03,Zone_03,0.994,0.006,0.988,True,Zone_03,Zone_04
CT003417,Zone_07,Zone_08,0.6613,0.3386,0.3227,False,Zone_08,Zone_07
CT002819,Zone_08,Zone_08,0.9999,0.0001,0.9998,True,Zone_08,Zone_07
CT017991,Zone_02,Zone_02,1.0,0.0,1.0,True,Zone_02,Zone_10
CT018277,Zone_04,Zone_04,0.9948,0.0052,0.9896,True,Zone_04,Zone_05
CT008207,Zone_05,Zone_05,0.9935,0.004,0.9895,True,Zone_05,Zone_07
CT002328,Zone_01,Zone_01,1.0,0.0,1.0,True,Zone_01,Zone_10
CT017127,Zone_04,Zone_04,1.0,0.0,1.0,True,Zone_04,Zone_10
CT005729,Zone_06,Zone_06,1.0,0.0,1.0,True,Zone_06,Zone_10
CT006738,Zone_08,Zone_08,0.6731,0.3254,0.3477,True,Zone_08,Zone_07
CT007313,Zone_08,Zone_08,0.9991,0.0009,0.9982,True,Zone_08,Zone_07
CT003514,Zone_10,Zone_10,1.0,0.0,1.0,True,Zone_10,Zone_09
CT003779,Zone_07,Zone_07,0.9758,0.0242,0.9516,True,Zone_07,Zone_08
CT010705,Zone_01,Zone_01,0.9999,0.0001,0.9998,True,Zone_01,Zone_03
CT016455,Zone_03,Zone_03,1.0,0.0,1.0,True,Zone_03,Zone_10
CT012672,Zone_06,Zone_06,1.0,0.0,1.0,True,Zone_06,Zone_10
CT000627,Zone_07,Zone_07,0.9779,0.0221,0.9558,True,Zone_07,Zone_08
CT003870,Zone_08,Zone_08,0.9949,0.0051,0.9898,True,Zone_08,Zone_07
CT011939,Zone_04,Zone_04,0.9949,0.0051,0.9898,True,Zone_04,Zone_05
CT016853,Zone_02,Zone_02,1.0,0.0,1.0,True,Zone_02,Zone_10
CT017578,Zone_02,Zone_02,1.0,0.0,1.0,True,Zone_02,Zone_10
CT012818,Zone_07,Zone_07,0.97,0.0299,0.9401,True,Zone_07,Zone_06
CT012290,Zone_04,Zone_04,1.0,0.0,1.0,True,Zone_04,Zone_10
CT001289,Zone_08,Zone_08,0.9999,0.0001,0.9998,True,Zone_08,Zone_07
CT018636,Zone_07,Zone_07,0.9983,0.0016,0.9967,True,Zone_07,Zone_08
CT018644,Zone_04,Zone_04,0.9951,0.0049,0.9902,True,Zone_04,Zone_05
CT002098,Zone_08,Zone_08,0.9982,0.0018,0.9964,True,Zone_08,Zone_07
CT010167,Zone_06,Zone_06,0.9914,0.0046,0.9868,True,Zone_06,Zone_08
CT015097,Zone_08,Zone_08,0.7031,0.2968,0.4063,True,Zone_08,Zone_07
CT019367,Zone_04,Zone_04,0.9945,0.005,0.9895,True,Zone_04,Zone_03
CT006704,Zone_03,Zone_03,1.0,0.0,1.0,True,Zone_03,Zone_10
CT018113,Zone_08,Zone_08,0.5175,0.4825,0.035,True,Zone_08,Zone_07
CT007587,Zone_03,Zone_03,0.9999,0.0001,0.9998,True,Zone_03,Zone_02
CT015729,Zone_06,Zone_06,1.0,0.0,1.0,True,Zone_06,Zone_10
CT006123,Zone_08,Zone_08,0.6777,0.3222,0.3555,True,Zone_08,Zone_07
CT008104,Zone_08,Zone_08,0.6537,0.3461,0.3076,True,Zone_08,Zone_07
CT011614,Zone_07,Zone_07,0.9911,0.0084,0.9827,True,Zone_07,Zone_08
CT012529,Zone_08,Zone_08,0.6607,0.3392,0.3215,True,Zone_08,Zone_07
CT005793,Zone_03,Zone_03,1.0,0.0,1.0,True,Zone_03,Zone_10
CT010160,Zone_07,Zone_07,0.9925,0.0075,0.985,True,Zone_07,Zone_08
CT012390,Zone_07,Zone_07,0.9921,0.0078,0.9843,True,Zone_07,Zone_08
CT006317,Zone_08,Zone_07,0.7679,0.232,0.5359,False,Zone_07,Zone_08
CT004354,Zone_02,Zone_02,1.0,0.0,1.0,True,Zone_02,Zone_10
CT018924,Zone_01,Zone_01,0.9999,0.0001,0.9998,True,Zone_01,Zone_03
CT001710,Zone_04,Zone_04,0.998,0.0019,0.9961,True,Zone_04,Zone_09
CT009989,Zone_04,Zone_04,0.999,0.001,0.998,True,Zone_04,Zone_09
CT012517,Zone_07,Zone_07,0.8478,0.1521,0.6957,True,Zone_07,Zone_08
CT013695,Zone_01,Zone_01,0.9999,0.0001,0.9998,True,Zone_01,Zone_03
CT004105,Zone_06,Zone_06,1.0,0.0,1.0,True,Zone_06,Zone_10
CT001482,Zone_02,Zone_02,1.0,0.0,1.0,True,Zone_02,Zone_10
CT017599,Zone_03,Zone_03,1.0,0.0,1.0,True,Zone_03,Zone_10
CT014961,Zone_04,Zone_04,0.9996,0.0003,0.9993,True,Zone_04,Zone_02
CT000886,Zone_05,Zone_05,0.9918,0.008,0.9838,True,Zone_05,Zone_04
CT003517,Zone_07,Zone_08,0.5148,0.4851,0.0297,False,Zone_08,Zone_07
CT007880,Zone_10,Zone_10,1.0,0.0,1.0,True,Zone_10,Zone_09
CT002883,Zone_07,Zone_07,0.8911,0.1088,0.7823,True,Zone_07,Zone_08
CT013795,Zone_04,Zone_04,0.9873,0.01,0.9773,True,Zone_04,Zone_03
CT005089,Zone_10,Zone_10,0.9997,0.0003,0.9994,True,Zone_10,Zone_03
CT015738,Zone_10,Zone_10,1.0,0.0,1.0,True,Zone_10,Zone_09
CT006985,Zone_04,Zone_04,0.9948,0.0052,0.9896,True,Zone_04,Zone_05
CT010528,Zone_08,Zone_08,0.6182,0.3815,0.2367,True,Zone_08,Zone_07
CT001193,Zone_07,Zone_07,0.9768,0.0232,0.9536,True,Zone_07,Zone_06
CT008655,Zone_04,Zone_04,1.0,0.0,1.0,True,Zone_04,Zone_10
CT007655,Zone_01,Zone_01,0.9999,0.0001,0.9998,True,Zone_01,Zone_03
CT003460,Zone_07,Zone_07,0.9962,0.0038,0.9924,True,Zone_07,Zone_08
CT012214,Zone_07,Zone_07,0.9491,0.0509,0.8982,True,Zone_07,Zone_06
CT007427,Zone_09,Zone_09,0.9769,0.0223,0.9546,True,Zone_09,Zone_10
CT005887,Zone_04,Zone_04,0.9754,0.007,0.9684,True,Zone_04,Zone_01
CT012514,Zone_08,Zone_08,0.6847,0.3152,0.3695,True,Zone_08,Zone_07
CT019565,Zone_03,Zone_03,0.99,0.01,0.98,True,Zone_03,Zone_02
CT008165,Zone_05,Zone_05,0.9989,0.0011,0.9978,True,Zone_05,Zone_04
CT009647,Zone_08,Zone_08,0.9999,0.0001,0.9998,True,Zone_08,Zone_07
CT000822,Zone_08,Zone_08,0.665,0.3349,0.3301,True,Zone_08,Zone_07
CT019069,Zone_07,Zone_07,0.9092,0.0741,0.8351,True,Zone_07,Zone_06
CT005639,Zone_02,Zone_02,0.99,0.01,0.98,True,Zone_02,Zone_01
CT014822,Zone_08,Zone_08,0.6767,0.3232,0.3535,True,Zone_08,Zone_07
CT003142,Zone_01,Zone_01,0.9999,0.0001,0.9998,True,Zone_01,Zone_03
CT019976,Zone_05,Zone_05,0.9871,0.0058,0.9813,True,Zone_05,Zone_04
CT019278,Zone_08,Zone_08,0.9998,0.0002,0.9996,True,Zone_08,Zone_07
CT002975,Zone_07,Zone_07,0.8495,0.1504,0.6991,True,Zone_07,Zone_08
CT018639,Zone_08,Zone_08,0.5787,0.4212,0.1575,True,Zone_08,Zone_07
CT004502,Zone_08,Zone_08,0.9987,0.0013,0.9974,True,Zone_08,Zone_07
CT006537,Zone_03,Zone_03,1.0,0.0,1.0,True,Zone_03,Zone_10
CT014690,Zone_07,Zone_07,0.9897,0.0103,0.9794,True,Zone_07,Zone_06
CT012345,Zone_07,Zone_07,0.9822,0.0177,0.9645,True,Zone_07,Zone_08
CT002046,Zone_02,Zone_02,1.0,0.0,1.0,True,Zone_02,Zone_10
CT011364,Zone_04,Zone_04,1.0,0.0,1.0,True,Zone_04,Zone_10
CT016376,Zone_07,Zone_07,0.9939,0.006,0.9879,True,Zone_07,Zone_08
CT017115,Zone_04,Zone_04,0.999,0.001,0.998,True,Zone_04,Zone_08
CT010478,Zone_08,Zone_08,0.9918,0.008,0.9838,True,Zone_08,Zone_09
CT003125,Zone_01,Zone_01,0.9999,0.0001,0.9998,True,Zone_01,Zone_03
CT010142,Zone_07,Zone_07,0.9884,0.0067,0.9817,True,Zone_07,Zone_09
CT016566,Zone_08,Zone_08,0.6016,0.3984,0.2032,True,Zone_08,Zone_07
CT018608,Zone_08,Zone_08,0.666,0.3339,0.3321,True,Zone_08,Zone_07
CT002021,Zone_07,Zone_08,0.7181,0.2818,0.4363,False,Zone_08,Zone_07
CT006610,Zone_02,Zone_02,1.0,0.0,1.0,True,Zone_02,Zone_10
CT016630,Zone_02,Zone_02,1.0,0.0,1.0,True,Zone_02,Zone_10
CT001696,Zone_08,Zone_07,0.8189,0.1811,0.6378,False,Zone_07,Zone_08
CT017528,Zone_07,Zone_07,0.9882,0.0118,0.9764,True,Zone_07,Zone_06
CT009106,Zone_08,Zone_08,0.7147,0.2852,0.4295,True,Zone_08,Zone_07
CT018103,Zone_03,Zone_03,1.0,0.0,1.0,True,Zone_03,Zone_10
CT016471,Zone_05,Zone_05,0.9949,0.0051,0.9898,True,Zone_05,Zone_04
CT014430,Zone_07,Zone_07,0.5199,0.48,0.0399,True,Zone_07,Zone_08
CT010898,Zone_07,Zone_07,0.9728,0.0247,0.9481,True,Zone_07,Zone_08
CT016542,Zone_08,Zone_08,0.9999,0.0001,0.9998,True,Zone_08,Zone_07
CT014322,Zone_08,Zone_08,0.731,0.2688,0.4622,True,Zone_08,Zone_07
CT019318,Zone_03,Zone_03,1.0,0.0,1.0,True,Zone_03,Zone_10
CT003741,Zone_01,Zone_01,1.0,0.0,1.0,True,Zone_01,Zone_10
CT012190,Zone_03,Zone_03,1.0,0.0,1.0,True,Zone_03,Zone_10
CT004990,Zone_03,Zone_03,0.9999,0.0001,0.9998,True,Zone_03,Zone_02
CT010139,Zone_05,Zone_05,0.9932,0.0066,0.9866,True,Zone_05,Zone_04
CT009829,Zone_08,Zone_08,1.0,0.0,1.0,True,Zone_08,Zone_10
CT014161,Zone_08,Zone_08,0.9691,0.0216,0.9475,True,Zone_08,Zone_07
CT006238,Zone_08,Zone_08,0.6042,0.3957,0.2085,True,Zone_08,Zone_07
CT014687,Zone_01,Zone_01,0.9999,0.0001,0.9998,True,Zone_01,Zone_03
CT004295,Zone_07,Zone_07,0.9699,0.0299,0.94,True,Zone_07,Zone_08
CT010359,Zone_08,Zone_08,0.6629,0.337,0.3259,True,Zone_08,Zone_07
CT012143,Zone_07,Zone_07,0.9898,0.0102,0.9796,True,Zone_07,Zone_06
CT002818,Zone_07,Zone_08,0.6458,0.3541,0.2917,False,Zone_08,Zone_07
CT002169,Zone_04,Zone_04,1.0,0.0,1.0,True,Zone_04,Zone_10
CT011079,Zone_01,Zone_01,0.9899,0.01,0.9799,True,Zone_01,Zone_04
CT010915,Zone_10,Zone_10,1.0,0.0,1.0,True,Zone_10,Zone_09
CT009010,Zone_02,Zone_02,0.9911,0.0089,0.9822,True,Zone_02,Zone_04
CT019178,Zone_03,Zone_03,1.0,0.0,1.0,True,Zone_03,Zone_10
CT008347,Zone_08,Zone_08,0.6314,0.3678,0.2636,True,Zone_08,Zone_07
CT013132,Zone_07,Zone_07,0.986,0.0139,0.9721,True,Zone_07,Zone_08
CT003956,Zone_07,Zone_08,0.6882,0.3117,0.3765,False,Zone_08,Zone_07
CT012468,Zone_03,Zone_03,0.9999,0.0001,0.9998,True,Zone_03,Zone_02
CT009678,Zone_08,Zone_08,0.7308,0.2691,0.4617,True,Zone_08,Zone_07
CT004308,Zone_04,Zone_04,0.9948,0.0052,0.9896,True,Zone_04,Zone_05
CT014919,Zone_07,Zone_07,0.9873,0.0127,0.9746,True,Zone_07,Zone_08
CT002891,Zone_03,Zone_03,1.0,0.0,1.0,True,Zone_03,Zone_10
CT004875,Zone_07,Zone_07,0.9129,0.0871,0.8258,True,Zone_07,Zone_08
CT004176,Zone_07,Zone_07,0.8474,0.1524,0.695,True,Zone_07,Zone_08
CT006787,Zone_08,Zone_08,0.9999,0.0001,0.9998,True,Zone_08,Zone_07
CT014596,Zone_08,Zone_08,0.7609,0.2391,0.5218,True,Zone_08,Zone_07
CT019773,Zone_07,Zone_07,0.8623,0.1377,0.7246,True,Zone_07,Zone_08
CT003083,Zone_08,Zone_08,0.5477,0.4523,0.0954,True,Zone_08,Zone_07
CT013466,Zone_02,Zone_02,1.0,0.0,1.0,True,Zone_02,Zone_10
CT008204,Zone_08,Zone_07,0.5291,0.4708,0.0583,False,Zone_07,Zone_08
CT017426,Zone_06,Zone_06,1.0,0.0,1.0,True,Zone_06,Zone_10
CT005764,Zone_10,Zone_10,1.0,0.0,1.0,True,Zone_10,Zone_09
CT004184,Zone_08,Zone_08,0.9999,0.0001,0.9998,True,Zone_08,Zone_07
CT016110,Zone_06,Zone_06,0.995,0.005,0.99,True,Zone_06,Zone_07
CT005712,Zone_07,Zone_07,0.8723,0.1277,0.7446,True,Zone_07,Zone_08
CT003240,Zone_04,Zone_04,0.9995,0.0005,0.999,True,Zone_04,Zone_05
CT009098,Zone_05,Zone_05,1.0,0.0,1.0,True,Zone_05,Zone_10
CT019193,Zone_08,Zone_08,0.9999,0.0001,0.9998,True,Zone_08,Zone_07
CT006023,Zone_03,Zone_03,0.9999,0.0001,0.9998,True,Zone_03,Zone_02
CT011941,Zone_07,Zone_07,0.8729,0.1271,0.7458,True,Zone_07,Zone_08
CT011593,Zone_06,Zone_06,1.0,0.0,1.0,True,Zone_06,Zone_10
CT001697,Zone_01,Zone_01,0.9949,0.0051,0.9898,True,Zone_01,Zone_02
CT013413,Zone_08,Zone_08,0.6833,0.3166,0.3667,True,Zone_08,Zone_07
CT016404,Zone_07,Zone_07,0.8305,0.1695,0.661,True,Zone_07,Zone_08
CT016903,Zone_08,Zone_07,0.8702,0.1298,0.7404,False,Zone_07,Zone_08
CT005401,Zone_07,Zone_08,0.5739,0.426,0.1479,False,Zone_08,Zone_07
CT012368,Zone_01,Zone_01,0.9999,0.0001,0.9998,True,Zone_01,Zone_03
CT006162,Zone_07,Zone_07,0.7691,0.2308,0.5383,True,Zone_07,Zone_08
CT002773,Zone_07,Zone_07,0.9815,0.0185,0.963,True,Zone_07,Zone_06
CT003352,Zone_03,Zone_03,1.0,0.0,1.0,True,Zone_03,Zone_10
CT011647,Zone_08,Zone_08,0.6097,0.3903,0.2194,True,Zone_08,Zone_07
CT014740,Zone_07,Zone_07,0.9881,0.0068,0.9813,True,Zone_07,Zone_08
CT011561,Zone_07,Zone_07,0.9815,0.0125,0.969,True,Zone_07,Zone_08
CT019624,Zone_03,Zone_03,0.9953,0.0047,0.9906,True,Zone_03,Zone_04
CT009604,Zone_05,Zone_05,0.9871,0.0128,0.9743,True,Zone_05,Zone_04
CT004121,Zone_10,Zone_10,1.0,0.0,1.0,True,Zone_10,Zone_09
CT002436,Zone_10,Zone_10,1.0,0.0,1.0,True,Zone_10,Zone_09
CT016317,Zone_08,Zone_08,0.6685,0.3314,0.3371,True,Zone_08,Zone_07
CT001303,Zone_07,Zone_07,0.9806,0.0126,0.968,True,Zone_07,Zone_06
CT014955,Zone_07,Zone_08,0.6136,0.3864,0.2272,False,Zone_08,Zone_07
CT003109,Zone_01,Zone_01,0.9999,0.0001,0.9998,True,Zone_01,Zone_03
CT014514,Zone_07,Zone_08,0.6008,0.399,0.2018,False,Zone_08,Zone_07
CT015660,Zone_07,Zone_07,0.9352,0.0638,0.8714,True,Zone_07,Zone_08
CT001169,Zone_07,Zone_07,0.9547,0.0436,0.9111,True,Zone_07,Zone_08
CT016196,Zone_08,Zone_07,0.8639,0.136,0.7279,False,Zone_07,Zone_08
CT003239,Zone_04,Zone_04,0.994,0.005,0.989,True,Zone_04,Zone_05
CT009944,Zone_07,Zone_07,0.8676,0.1324,0.7352,True,Zone_07,Zone_08
CT005272,Zone_07,Zone_07,0.9501,0.0432,0.9069,True,Zone_07,Zone_06
CT008716,Zone_02,Zone_02,1.0,0.0,1.0,True,Zone_02,Zone_10
CT013102,Zone_03,Zone_03,1.0,0.0,1.0,True,Zone_03,Zone_10
CT004460,Zone_07,Zone_07,0.931,0.0665,0.8645,True,Zone_07,Zone_06
CT001005,Zone_08,Zone_08,0.6628,0.3371,0.3257,True,Zone_08,Zone_07
CT008089,Zone_08,Zone_08,0.9946,0.0037,0.9909,True,Zone_08,Zone_07
CT019203,Zone_04,Zone_04,0.9917,0.0083,0.9834,True,Zone_04,Zone_05
CT005305,Zone_02,Zone_02,1.0,0.0,1.0,True,Zone_02,Zone_10
CT001744,Zone_10,Zone_10,0.9968,0.0032,0.9936,True,Zone_10,Zone_03
CT009339,Zone_08,Zone_07,0.8789,0.1209,0.758,False,Zone_07,Zone_08
CT016789,Zone_07,Zone_07,0.9475,0.0492,0.8983,True,Zone_07,Zone_08
CT016552,Zone_07,Zone_08,0.5991,0.4009,0.1982,False,Zone_08,Zone_07
CT007964,Zone_08,Zone_08,0.5587,0.4412,0.1175,True,Zone_08,Zone_07
CT001142,Zone_07,Zone_07,0.9663,0.0336,0.9327,True,Zone_07,Zone_08
CT019606,Zone_07,Zone_07,0.8582,0.1418,0.7164,True,Zone_07,Zone_08
CT004707,Zone_03,Zone_03,1.0,0.0,1.0,True,Zone_03,Zone_10
CT005179,Zone_07,Zone_07,0.8429,0.1571,0.6858,True,Zone_07,Zone_08
CT006858,Zone_04,Zone_04,1.0,0.0,1.0,True,Zone_04,Zone_10
CT000205,Zone_02,Zone_02,1.0,0.0,1.0,True,Zone_02,Zone_10
CT012970,Zone_05,Zone_05,0.9844,0.0155,0.9689,True,Zone_05,Zone_04
CT007943,Zone_08,Zone_07,0.5361,0.4589,0.0772,False,Zone_07,Zone_08
CT003592,Zone_04,Zone_04,0.9996,0.0004,0.9992,True,Zone_04,Zone_08
CT002483,Zone_03,Zone_03,1.0,0.0,1.0,True,Zone_03,Zone_10
CT009311,Zone_01,Zone_01,0.9999,0.0001,0.9998,True,Zone_01,Zone_03
CT010354,Zone_07,Zone_07,0.9969,0.0031,0.9938,True,Zone_07,Zone_08
CT005979,Zone_03,Zone_03,1.0,0.0,1.0,True,Zone_03,Zone_10
CT001453,Zone_07,Zone_07,0.9865,0.0122,0.9743,True,Zone_07,Zone_06
CT017140,Zone_01,Zone_01,0.9999,0.0001,0.9998,True,Zone_01,Zone_03
CT005952,Zone_08,Zone_08,0.9933,0.005,0.9883,True,Zone_08,Zone_07
CT008506,Zone_04,Zone_04,0.996,0.0027,0.9933,True,Zone_04,Zone_05
CT011785,Zone_07,Zone_08,0.5614,0.4385,0.1229,False,Zone_08,Zone_07
CT001918,Zone_08,Zone_08,0.7195,0.2804,0.4391,True,Zone_08,Zone_07
CT009736,Zone_08,Zone_08,0.5683,0.4315,0.1368,True,Zone_08,Zone_07
CT004706,Zone_04,Zone_04,0.9957,0.0025,0.9932,True,Zone_04,Zone_05
CT005903,Zone_03,Zone_03,1.0,0.0,1.0,True,Zone_03,Zone_10
CT002576,Zone_08,Zone_08,0.7611,0.2388,0.5223,True,Zone_08,Zone_07
CT013165,Zone_04,Zone_04,1.0,0.0,1.0,True,Zone_04,Zone_10
CT010026,Zone_03,Zone_03,0.995,0.005,0.99,True,Zone_03,Zone_01
CT002036,Zone_07,Zone_07,0.988,0.0115,0.9765,True,Zone_07,Zone_08
CT010975,Zone_07,Zone_08,0.6184,0.3815,0.2369,False,Zone_08,Zone_07
CT018960,Zone_04,Zone_04,0.9949,0.0051,0.9898,True,Zone_04,Zone_05
CT000500,Zone_07,Zone_07,0.8575,0.1424,0.7151,True,Zone_07,Zone_08
CT004778,Zone_03,Zone_03,0.9995,0.0005,0.999,True,Zone_03,Zone_04
CT005045,Zone_04,Zone_04,0.9916,0.0082,0.9834,True,Zone_04,Zone_03
CT008137,Zone_07,Zone_07,0.8874,0.1126,0.7748,True,Zone_07,Zone_08
CT007134,Zone_08,Zone_08,0.9899,0.0101,0.9798,True,Zone_08,Zone_07
CT011170,Zone_07,Zone_07,0.9845,0.01,0.9745,True,Zone_07,Zone_08
CT000797,Zone_02,Zone_02,0.99,0.01,0.98,True,Zone_02,Zone_01
CT009627,Zone_01,Zone_01,0.9981,0.0019,0.9962,True,Zone_01,Zone_03
CT006074,Zone_01,Zone_01,0.9973,0.0025,0.9948,True,Zone_01,Zone_02
CT013382,Zone_08,Zone_08,0.9874,0.0126,0.9748,True,Zone_08,Zone_07
CT003550,Zone_07,Zone_07,0.9679,0.0321,0.9358,True,Zone_07,Zone_06
CT007020,Zone_08,Zone_07,0.7587,0.2412,0.5175,False,Zone_07,Zone_08
CT011897,Zone_04,Zone_04,0.9999,0.0001,0.9998,True,Zone_04,Zone_05
CT017288,Zone_07,Zone_08,0.6659,0.334,0.3319,False,Zone_08,Zone_07
CT007030,Zone_06,Zone_06,0.995,0.005,0.99,True,Zone_06,Zone_07
CT000342,Zone_10,Zone_10,1.0,0.0,1.0,True,Zone_10,Zone_09
CT019378,Zone_10,Zone_10,1.0,0.0,1.0,True,Zone_10,Zone_09
CT004858,Zone_07,Zone_08,0.6154,0.3846,0.2308,False,Zone_08,Zone_07
CT000135,Zone_08,Zone_08,0.5958,0.4041,0.1917,True,Zone_08,Zone_07
CT000204,Zone_03,Zone_03,1.0,0.0,1.0,True,Zone_03,Zone_10
CT012579,Zone_04,Zone_04,0.9976,0.0023,0.9953,True,Zone_04,Zone_09
CT006862,Zone_06,Zone_06,0.9913,0.0087,0.9826,True,Zone_06,Zone_07
CT018247,Zone_08,Zone_08,0.545,0.4545,0.0905,True,Zone_08,Zone_07
CT002023,Zone_02,Zone_02,0.9925,0.0075,0.985,True,Zone_02,Zone_03
CT005972,Zone_02,Zone_02,0.9933,0.0067,0.9866,True,Zone_02,Zone_04
CT006911,Zone_07,Zone_07,0.9946,0.0053,0.9893,True,Zone_07,Zone_08
CT011320,Zone_04,Zone_04,0.994,0.0045,0.9895,True,Zone_04,Zone_05
CT003689,Zone_08,Zone_08,0.6156,0.3843,0.2313,True,Zone_08,Zone_07
CT019772,Zone_02,Zone_02,1.0,0.0,1.0,True,Zone_02,Zone_10
CT010250,Zone_10,Zone_10,0.9975,0.0025,0.995,True,Zone_10,Zone_03
CT010602,Zone_07,Zone_07,0.9862,0.0088,0.9774,True,Zone_07,Zone_08
CT003667,Zone_01,Zone_01,0.9987,0.0012,0.9975,True,Zone_01,Zone_04
CT018941,Zone_05,Zone_05,0.9998,0.0002,0.9996,True,Zone_05,Zone_02
CT016730,Zone_07,Zone_07,0.9636,0.0359,0.9277,True,Zone_07,Zone_08
CT013433,Zone_04,Zone_04,0.995,0.005,0.99,True,Zone_04,Zone_05
CT011475,Zone_02,Zone_02,1.0,0.0,1.0,True,Zone_02,Zone_10
CT014092,Zone_07,Zone_07,0.7872,0.2113,0.5759,True,Zone_07,Zone_08
CT017296,Zone_10,Zone_10,1.0,0.0,1.0,True,Zone_10,Zone_09
CT019746,Zone_08,Zone_08,0.6749,0.325,0.3499,True,Zone_08,Zone_07
CT019742,Zone_07,Zone_07,0.9407,0.059,0.8817,True,Zone_07,Zone_08
CT017035,Zone_04,Zone_04,0.9997,0.0002,0.9995,True,Zone_04,Zone_08
CT017985,Zone_07,Zone_08,0.6312,0.3688,0.2624,False,Zone_08,Zone_07
CT000902,Zone_04,Zone_04,0.9998,0.0001,0.9997,True,Zone_04,Zone_08
CT015889,Zone_10,Zone_10,1.0,0.0,1.0,True,Zone_10,Zone_09
CT009121,Zone_08,Zone_08,0.7075,0.2923,0.4152,True,Zone_08,Zone_07
CT015019,Zone_02,Zone_02,1.0,0.0,1.0,True,Zone_02,Zone_10
CT000959,Zone_08,Zone_08,0.9703,0.0285,0.9418,True,Zone_08,Zone_07
CT015715,Zone_07,Zone_08,0.6572,0.3427,0.3145,False,Zone_08,Zone_07
CT011272,Zone_04,Zone_04,0.9921,0.0052,0.9869,True,Zone_04,Zone_05
CT003544,Zone_01,Zone_01,0.9815,0.0151,0.9664,True,Zone_01,Zone_02
CT005647,Zone_08,Zone_08,0.5348,0.4651,0.0697,True,Zone_08,Zone_07
CT002735,Zone_04,Zone_04,1.0,0.0,1.0,True,Zone_04,Zone_10
CT007999,Zone_04,Zone_04,0.982,0.0179,0.9641,True,Zone_04,Zone_03
CT016570,Zone_02,Zone_02,0.9842,0.01,0.9742,True,Zone_02,Zone_03
CT017223,Zone_04,Zone_04,0.9642,0.0196,0.9446,True,Zone_04,Zone_02
CT016269,Zone_07,Zone_07,0.9892,0.0098,0.9794,True,Zone_07,Zone_08
CT015275,Zone_08,Zone_08,0.7464,0.2535,0.4929,True,Zone_08,Zone_07
CT009516,Zone_10,Zone_10,1.0,0.0,1.0,True,Zone_10,Zone_09
CT004908,Zone_03,Zone_03,0.99,0.01,0.98,True,Zone_03,Zone_04
CT017372,Zone_08,Zone_08,0.9936,0.0047,0.9889,True,Zone_08,Zone_07
CT011372,Zone_08,Zone_08,1.0,0.0,1.0,True,Zone_08,Zone_10
CT017441,Zone_02,Zone_02,0.9996,0.0004,0.9992,True,Zone_02,Zone_04
CT019729,Zone_02,Zone_02,1.0,0.0,1.0,True,Zone_02,Zone_10
CT000450,Zone_08,Zone_08,0.7152,0.2847,0.4305,True,Zone_08,Zone_07
CT011216,Zone_03,Zone_03,1.0,0.0,1.0,True,Zone_03,Zone_10
CT015149,Zone_04,Zone_04,0.9999,0.0001,0.9998,True,Zone_04,Zone_05
CT006728,Zone_04,Zone_04,1.0,0.0,1.0,True,Zone_04,Zone_10
CT017680,Zone_07,Zone_07,0.8476,0.1522,0.6954,True,Zone_07,Zone_08
CT013533,Zone_01,Zone_01,0.9864,0.0102,0.9762,True,Zone_01,Zone_03
CT012449,Zone_07,Zone_07,0.994,0.0056,0.9884,True,Zone_07,Zone_08
CT018882,Zone_08,Zone_08,0.6629,0.337,0.3259,True,Zone_08,Zone_07
CT019070,Zone_07,Zone_07,0.865,0.135,0.73,True,Zone_07,Zone_08
CT018079,Zone_01,Zone_01,0.9977,0.0023,0.9954,True,Zone_01,Zone_04
CT019766,Zone_06,Zone_06,0.9907,0.0053,0.9854,True,Zone_06,Zone_08
CT008922,Zone_07,Zone_07,0.9972,0.0026,0.9946,True,Zone_07,Zone_08
CT007617,Zone_04,Zone_04,0.999,0.001,0.998,True,Zone_04,Zone_08
CT006273,Zone_08,Zone_08,0.6392,0.3607,0.2785,True,Zone_08,Zone_07
CT009985,Zone_07,Zone_07,0.5371,0.4628,0.0743,True,Zone_07,Zone_08
CT006632,Zone_02,Zone_02,1.0,0.0,1.0,True,Zone_02,Zone_10
CT002168,Zone_08,Zone_08,0.9889,0.0111,0.9778,True,Zone_08,Zone_07
CT008155,Zone_08,Zone_08,0.6412,0.3587,0.2825,True,Zone_08,Zone_07
CT015483,Zone_07,Zone_08,0.5652,0.4347,0.1305,False,Zone_08,Zone_07
CT000850,Zone_10,Zone_10,0.9997,0.0003,0.9994,True,Zone_10,Zone_03
CT000458,Zone_08,Zone_08,0.9999,0.0001,0.9998,True,Zone_08,Zone_07
CT007421,Zone_03,Zone_03,0.9967,0.0033,0.9934,True,Zone_03,Zone_01
CT016973,Zone_06,Zone_06,1.0,0.0,1.0,True,Zone_06,Zone_10
CT012113,Zone_07,Zone_08,0.626,0.3738,0.2522,False,Zone_08,Zone_07
CT011880,Zone_08,Zone_08,0.7436,0.2563,0.4873,True,Zone_08,Zone_07
CT012505,Zone_07,Zone_07,0.7368,0.2632,0.4736,True,Zone_07,Zone_08
CT019292,Zone_07,Zone_07,0.9814,0.0182,0.9632,True,Zone_07,Zone_06
CT011487,Zone_10,Zone_10,1.0,0.0,1.0,True,Zone_10,Zone_09
CT010878,Zone_08,Zone_08,0.9975,0.0025,0.995,True,Zone_08,Zone_07
CT005128,Zone_01,Zone_01,0.9999,0.0001,0.9998,True,Zone_01,Zone_03
CT012832,Zone_07,Zone_07,0.887,0.113,0.774,True,Zone_07,Zone_08
CT017977,Zone_08,Zone_08,0.6967,0.3031,0.3936,True,Zone_08,Zone_07
CT004021,Zone_01,Zone_01,0.9999,0.0001,0.9998,True,Zone_01,Zone_03
CT012065,Zone_04,Zone_04,0.9899,0.01,0.9799,True,Zone_04,Zone_03
CT004424,Zone_01,Zone_01,0.9999,0.0001,0.9998,True,Zone_01,Zone_03
CT007170,Zone_02,Zone_02,1.0,0.0,1.0,True,Zone_02,Zone_10
CT011526,Zone_07,Zone_07,0.9961,0.0034,0.9927,True,Zone_07,Zone_08
CT015318,Zone_02,Zone_02,0.9951,0.0049,0.9902,True,Zone_02,Zone_01
CT006595,Zone_09,Zone_09,0.9938,0.005,0.9888,True,Zone_09,Zone_04
CT003105,Zone_08,Zone_08,0.6352,0.3643,0.2709,True,Zone_08,Zone_07
CT001057,Zone_06,Zone_06,1.0,0.0,1.0,True,Zone_06,Zone_10
CT001477,Zone_08,Zone_08,0.9999,0.0001,0.9998,True,Zone_08,Zone_07
CT010379,Zone_07,Zone_07,0.85,0.15,0.7,True,Zone_07,Zone_08
CT015969,Zone_02,Zone_02,0.9984,0.0016,0.9968,True,Zone_02,Zone_05
CT019769,Zone_07,Zone_07,0.9721,0.0279,0.9442,True,Zone_07,Zone_08
CT003337,Zone_07,Zone_07,0.7548,0.2451,0.5097,True,Zone_07,Zone_08
CT013294,Zone_01,Zone_01,0.9949,0.0051,0.9898,True,Zone_01,Zone_02
CT000844,Zone_08,Zone_08,0.9949,0.0051,0.9898,True,Zone_08,Zone_07
CT009092,Zone_07,Zone_07,0.8821,0.1178,0.7643,True,Zone_07,Zone_08
CT018309,Zone_08,Zone_08,0.9999,0.0001,0.9998,True,Zone_08,Zone_07
CT005936,Zone_07,Zone_07,0.8833,0.1166,0.7667,True,Zone_07,Zone_08
CT000108,Zone_04,Zone_04,1.0,0.0,1.0,True,Zone_04,Zone_10
CT011298,Zone_07,Zone_07,0.9518,0.0443,0.9075,True,Zone_07,Zone_06
CT000878,Zone_04,Zone_04,0.9948,0.0052,0.9896,True,Zone_04,Zone_05
CT015809,Zone_02,Zone_02,1.0,0.0,1.0,True,Zone_02,Zone_10
CT000909,Zone_04,Zone_04,0.9998,0.0001,0.9997,True,Zone_04,Zone_08
CT013961,Zone_06,Zone_06,1.0,0.0,1.0,True,Zone_06,Zone_10
CT003670,Zone_08,Zone_07,0.8489,0.151,0.6979,False,Zone_07,Zone_08
CT000413,Zone_03,Zone_03,1.0,0.0,1.0,True,Zone_03,Zone_10
CT011477,Zone_03,Zone_03,0.995,0.005,0.99,True,Zone_03,Zone_04
CT006030,Zone_01,Zone_01,0.9949,0.0051,0.9898,True,Zone_01,Zone_02
CT016727,Zone_06,Zone_06,1.0,0.0,1.0,True,Zone_06,Zone_10
CT009721,Zone_08,Zone_08,0.6619,0.3381,0.3238,True,Zone_08,Zone_07
CT017975,Zone_06,Zone_06,0.9992,0.0008,0.9984,True,Zone_06,Zone_07
CT001837,Zone_02,Zone_02,1.0,0.0,1.0,True,Zone_02,Zone_10
CT006709,Zone_07,Zone_08,0.6343,0.3656,0.2687,False,Zone_08,Zone_07
CT014477,Zone_08,Zone_08,0.9865,0.0118,0.9747,True,Zone_08,Zone_07
CT014009,Zone_10,Zone_10,1.0,0.0,1.0,True,Zone_10,Zone_09
CT006589,Zone_07,Zone_07,0.8701,0.1183,0.7518,True,Zone_07,Zone_06
CT018973,Zone_03,Zone_03,1.0,0.0,1.0,True,Zone_03,Zone_10
CT014074,Zone_07,Zone_07,0.8307,0.1693,0.6614,True,Zone_07,Zone_08
CT013415,Zone_04,Zone_04,0.9908,0.009,0.9818,True,Zone_04,Zone_02
CT013445,Zone_08,Zone_08,0.9955,0.0031,0.9924,True,Zone_08,Zone_07
CT017387,Zone_07,Zone_07,0.9864,0.0136,0.9728,True,Zone_07,Zone_08
CT003559,Zone_08,Zone_08,0.6672,0.3326,0.3346,True,Zone_08,Zone_07
CT000203,Zone_07,Zone_07,0.8328,0.1671,0.6657,True,Zone_07,Zone_08
CT019211,Zone_07,Zone_07,0.9983,0.0016,0.9967,True,Zone_07,Zone_08
CT009621,Zone_03,Zone_03,1.0,0.0,1.0,True,Zone_03,Zone_10
CT015768,Zone_07,Zone_07,0.9705,0.0295,0.941,True,Zone_07,Zone_06
CT014520,Zone_08,Zone_08,0.6751,0.3248,0.3503,True,Zone_08,Zone_07
CT003684,Zone_08,Zone_08,0.9877,0.0123,0.9754,True,Zone_08,Zone_07
CT016558,Zone_07,Zone_07,0.8476,0.1506,0.697,True,Zone_07,Zone_08
CT014901,Zone_07,Zone_07,0.9084,0.0916,0.8168,True,Zone_07,Zone_06
CT003830,Zone_08,Zone_08,0.6061,0.3938,0.2123,True,Zone_08,Zone_07
CT014427,Zone_03,Zone_03,1.0,0.0,1.0,True,Zone_03,Zone_10
CT010350,Zone_07,Zone_07,0.9733,0.0267,0.9466,True,Zone_07,Zone_06
CT018832,Zone_07,Zone_07,0.9967,0.0033,0.9934,True,Zone_07,Zone_08
CT005223,Zone_03,Zone_03,1.0,0.0,1.0,True,Zone_03,Zone_10
CT005942,Zone_08,Zone_08,0.6588,0.3402,0.3186,True,Zone_08,Zone_07
CT006678,Zone_06,Zone_06,1.0,0.0,1.0,True,Zone_06,Zone_10
CT011365,Zone_07,Zone_08,0.7294,0.2704,0.459,False,Zone_08,Zone_07
CT015572,Zone_10,Zone_10,1.0,0.0,1.0,True,Zone_10,Zone_09
CT008729,Zone_03,Zone_03,1.0,0.0,1.0,True,Zone_03,Zone_10
CT017114,Zone_07,Zone_07,0.9855,0.0105,0.975,True,Zone_07,Zone_08
CT009196,Zone_03,Zone_03,1.0,0.0,1.0,True,Zone_03,Zone_10
CT019541,Zone_02,Zone_02,0.9956,0.0044,0.9912,True,Zone_02,Zone_04
CT006376,Zone_01,Zone_01,0.9999,0.0001,0.9998,True,Zone_01,Zone_03
CT009868,Zone_07,Zone_07,0.9739,0.0261,0.9478,True,Zone_07,Zone_08
CT018176,Zone_02,Zone_02,1.0,0.0,1.0,True,Zone_02,Zone_10
CT000131,Zone_01,Zone_01,0.9916,0.0083,0.9833,True,Zone_01,Zone_02
CT000231,Zone_03,Zone_03,0.9999,0.0001,0.9998,True,Zone_03,Zone_02
CT010957,Zone_10,Zone_10,1.0,0.0,1.0,True,Zone_10,Zone_09
CT017621,Zone_02,Zone_02,0.999,0.001,0.998,True,Zone_02,Zone_04
CT019419,Zone_04,Zone_04,1.0,0.0,1.0,True,Zone_04,Zone_10
CT006272,Zone_01,Zone_01,0.9999,0.0001,0.9998,True,Zone_01,Zone_03
CT013032,Zone_04,Zone_04,0.9946,0.0052,0.9894,True,Zone_04,Zone_05
CT010314,Zone_09,Zone_09,0.9843,0.0066,0.9777,True,Zone_09,Zone_10
CT017933,Zone_03,Zone_03,0.9899,0.01,0.9799,True,Zone_03,Zone_10
CT013585,Zone_07,Zone_07,0.8921,0.1041,0.788,True,Zone_07,Zone_08
CT018945,Zone_05,Zone_05,0.9814,0.01,0.9714,True,Zone_05,Zone_07
CT018172,Zone_07,Zone_07,0.9823,0.0174,0.9649,True,Zone_07,Zone_08
CT000506,Zone_07,Zone_07,0.9267,0.0674,0.8593,True,Zone_07,Zone_08
CT015332,Zone_07,Zone_08,0.6585,0.3414,0.3171,False,Zone_08,Zone_07
CT001971,Zone_04,Zone_04,0.9999,0.0001,0.9998,True,Zone_04,Zone_05
CT013285,Zone_10,Zone_10,1.0,0.0,1.0,True,Zone_10,Zone_09
CT019599,Zone_08,Zone_07,0.8321,0.1679,0.6642,False,Zone_07,Zone_08
CT001538,Zone_07,Zone_07,0.9916,0.0078,0.9838,True,Zone_07,Zone_08
CT009763,Zone_08,Zone_08,0.6693,0.3306,0.3387,True,Zone_08,Zone_07
CT017572,Zone_01,Zone_01,0.9999,0.0001,0.9998,True,Zone_01,Zone_03
CT003353,Zone_02,Zone_02,1.0,0.0,1.0,True,Zone_02,Zone_10
CT018723,Zone_07,Zone_07,0.9877,0.0123,0.9754,True,Zone_07,Zone_06
CT002032,Zone_07,Zone_07,0.8864,0.1136,0.7728,True,Zone_07,Zone_08
CT009510,Zone_02,Zone_02,1.0,0.0,1.0,True,Zone_02,Zone_10
CT014308,Zone_10,Zone_10,1.0,0.0,1.0,True,Zone_10,Zone_09
CT003586,Zone_07,Zone_07,0.9915,0.0073,0.9842,True,Zone_07,Zone_08
CT004769,Zone_01,Zone_01,0.9999,0.0001,0.9998,True,Zone_01,Zone_03
CT002113,Zone_01,Zone_01,0.9899,0.0082,0.9817,True,Zone_01,Zone_03
CT004926,Zone_04,Zone_04,1.0,0.0,1.0,True,Zone_04,Zone_10
CT014947,Zone_02,Zone_02,1.0,0.0,1.0,True,Zone_02,Zone_10
CT018857,Zone_07,Zone_07,0.7831,0.2169,0.5662,True,Zone_07,Zone_08
CT012590,Zone_07,Zone_07,0.9936,0.0061,0.9875,True,Zone_07,Zone_08
CT018040,Zone_07,Zone_07,0.8495,0.1505,0.699,True,Zone_07,Zone_08
CT014349,Zone_10,Zone_10,1.0,0.0,1.0,True,Zone_10,Zone_09
CT003478,Zone_06,Zone_06,0.9994,0.0006,0.9988,True,Zone_06,Zone_07
CT001175,Zone_07,Zone_07,0.8875,0.1026,0.7849,True,Zone_07,Zone_08
CT016173,Zone_08,Zone_08,0.999,0.001,0.998,True,Zone_08,Zone_07
CT002894,Zone_07,Zone_08,0.7547,0.2453,0.5094,False,Zone_08,Zone_07
CT006766,Zone_08,Zone_08,0.7201,0.2798,0.4403,True,Zone_08,Zone_07
CT019714,Zone_04,Zone_04,0.9998,0.0001,0.9997,True,Zone_04,Zone_08
CT009070,Zone_04,Zone_04,0.9997,0.0002,0.9995,True,Zone_04,Zone_08
CT018415,Zone_02,Zone_02,0.9951,0.0049,0.9902,True,Zone_02,Zone_01
CT003124,Zone_08,Zone_08,0.9999,0.0001,0.9998,True,Zone_08,Zone_07
CT007754,Zone_07,Zone_07,0.9821,0.0178,0.9643,True,Zone_07,Zone_06
CT015637,Zone_08,Zone_08,0.644,0.3558,0.2882,True,Zone_08,Zone_07
CT019802,Zone_08,Zone_08,0.6722,0.3275,0.3447,True,Zone_08,Zone_07
CT011523,Zone_07,Zone_07,0.9793,0.0157,0.9636,True,Zone_07,Zone_06
CT009105,Zone_07,Zone_08,0.6549,0.345,0.3099,False,Zone_08,Zone_07
CT009213,Zone_03,Zone_03,1.0,0.0,1.0,True,Zone_03,Zone_10
CT009486,Zone_04,Zone_04,0.9953,0.0045,0.9908,True,Zone_04,Zone_05
CT011988,Zone_01,Zone_01,0.9999,0.0001,0.9998,True,Zone_01,Zone_03
CT012441,Zone_07,Zone_07,0.9886,0.0114,0.9772,True,Zone_07,Zone_06
CT015020,Zone_04,Zone_04,1.0,0.0,1.0,True,Zone_04,Zone_10
CT009969,Zone_01,Zone_01,0.9999,0.0001,0.9998,True,Zone_01,Zone_03
CT014240,Zone_02,Zone_02,0.9951,0.0049,0.9902,True,Zone_02,Zone_01
CT011158,Zone_07,Zone_07,0.8689,0.1311,0.7378,True,Zone_07,Zone_06
CT012167,Zone_08,Zone_08,0.9999,0.0001,0.9998,True,Zone_08,Zone_07
CT000660,Zone_05,Zone_05,0.9862,0.0124,0.9738,True,Zone_05,Zone_04
CT002369,Zone_05,Zone_05,0.9754,0.0185,0.9569,True,Zone_05,Zone_04
CT017086,Zone_05,Zone_05,0.9162,0.0528,0.8634,True,Zone_05,Zone_04
CT001661,Zone_03,Zone_03,1.0,0.0,1.0,True,Zone_03,Zone_10
CT014557,Zone_02,Zone_02,0.999,0.001,0.998,True,Zone_02,Zone_04
CT008914,Zone_08,Zone_08,0.9927,0.0073,0.9854,True,Zone_08,Zone_07
CT014438,Zone_08,Zone_08,0.5812,0.4187,0.1625,True,Zone_08,Zone_07
CT006585,Zone_08,Zone_08,0.9999,0.0001,0.9998,True,Zone_08,Zone_07
CT015952,Zone_01,Zone_01,0.9999,0.0001,0.9998,True,Zone_01,Zone_03
CT010397,Zone_02,Zone_02,0.9822,0.0098,0.9724,True,Zone_02,Zone_01
CT009786,Zone_08,Zone_08,0.7211,0.2788,0.4423,True,Zone_08,Zone_07
CT015355,Zone_03,Zone_03,1.0,0.0,1.0,True,Zone_03,Zone_10
CT014779,Zone_06,Zone_06,1.0,0.0,1.0,True,Zone_06,Zone_10
CT007010,Zone_07,Zone_07,0.8085,0.1865,0.622,True,Zone_07,Zone_08
CT000935,Zone_07,Zone_07,0.9934,0.0065,0.9869,True,Zone_07,Zone_08
CT009315,Zone_01,Zone_01,0.9771,0.0147,0.9624,True,Zone_01,Zone_04
CT000672,Zone_07,Zone_07,0.8223,0.1776,0.6447,True,Zone_07,Zone_08
CT005093,Zone_04,Zone_04,1.0,0.0,1.0,True,Zone_04,Zone_10
CT005825,Zone_05,Zone_05,0.9619,0.0313,0.9306,True,Zone_05,Zone_04
CT016209,Zone_07,Zone_08,0.7581,0.2402,0.5179,False,Zone_08,Zone_07
CT008799,Zone_03,Zone_03,1.0,0.0,1.0,True,Zone_03,Zone_10
CT014280,Zone_08,Zone_08,0.9999,0.0001,0.9998,True,Zone_08,Zone_07
CT011090,Zone_08,Zone_08,0.584,0.4159,0.1681,True,Zone_08,Zone_07
CT009745,Zone_07,Zone_07,0.9677,0.0323,0.9354,True,Zone_07,Zone_08
CT000880,Zone_07,Zone_08,0.6673,0.3325,0.3348,False,Zone_08,Zone_07
CT000492,Zone_07,Zone_08,0.5219,0.4768,0.0451,False,Zone_08,Zone_07
CT004232,Zone_02,Zone_02,1.0,0.0,1.0,True,Zone_02,Zone_10
CT013753,Zone_06,Zone_06,0.9914,0.0046,0.9868,True,Zone_06,Zone_08
CT002636,Zone_08,Zone_08,0.9999,0.0001,0.9998,True,Zone_08,Zone_07
CT000983,Zone_07,Zone_07,0.996,0.0027,0.9933,True,Zone_07,Zone_08
CT011627,Zone_01,Zone_01,0.9971,0.0029,0.9942,True,Zone_01,Zone_04
CT002498,Zone_01,Zone_01,0.9999,0.0001,0.9998,True,Zone_01,Zone_03
CT003560,Zone_08,Zone_07,0.8406,0.1593,0.6813,False,Zone_07,Zone_08
CT017795,Zone_08,Zone_08,0.6254,0.3746,0.2508,True,Zone_08,Zone_07
CT006943,Zone_07,Zone_07,0.7823,0.2176,0.5647,True,Zone_07,Zone_08
CT000679,Zone_03,Zone_03,1.0,0.0,1.0,True,Zone_03,Zone_10
CT011767,Zone_07,Zone_08,0.5843,0.4128,0.1715,False,Zone_08,Zone_07
CT001081,Zone_04,Zone_04,0.9717,0.0267,0.945,True,Zone_04,Zone_03
CT008974,Zone_02,Zone_02,1.0,0.0,1.0,True,Zone_02,Zone_10
CT004965,Zone_04,Zone_04,0.9953,0.0045,0.9908,True,Zone_04,Zone_05
CT002338,Zone_05,Zone_05,0.9998,0.0002,0.9996,True,Zone_05,Zone_02
CT010175,Zone_01,Zone_01,0.9949,0.005,0.9899,True,Zone_01,Zone_02
CT003111,Zone_04,Zone_04,1.0,0.0,1.0,True,Zone_04,Zone_10
CT016461,Zone_04,Zone_04,0.9998,0.0001,0.9997,True,Zone_04,Zone_08
CT012844,Zone_01,Zone_01,0.9949,0.0051,0.9898,True,Zone_01,Zone_02
CT003410,Zone_03,Zone_03,0.9995,0.0005,0.999,True,Zone_03,Zone_04
CT007834,Zone_07,Zone_08,0.7658,0.2341,0.5317,False,Zone_08,Zone_07
CT014286,Zone_03,Zone_03,1.0,0.0,1.0,True,Zone_03,Zone_10
CT019612,Zone_07,Zone_07,0.9907,0.0092,0.9815,True,Zone_07,Zone_08
CT014305,Zone_10,Zone_10,0.9997,0.0003,0.9994,True,Zone_10,Zone_03
CT003385,Zone_01,Zone_01,0.9881,0.0083,0.9798,True,Zone_01,Zone_02
CT019244,Zone_07,Zone_07,0.9896,0.0099,0.9797,True,Zone_07,Zone_08
CT016500,Zone_04,Zone_04,0.9956,0.0041,0.9915,True,Zone_04,Zone_08
CT005770,Zone_07,Zone_07,0.9979,0.002,0.9959,True,Zone_07,Zone_08
CT006311,Zone_03,Zone_03,0.99,0.01,0.98,True,Zone_03,Zone_02
CT006631,Zone_07,Zone_08,0.6528,0.3463,0.3065,False,Zone_08,Zone_07
CT014224,Zone_10,Zone_10,1.0,0.0,1.0,True,Zone_10,Zone_09
CT006479,Zone_04,Zone_04,0.9934,0.005,0.9884,True,Zone_04,Zone_03
CT012861,Zone_07,Zone_07,0.88,0.1199,0.7601,True,Zone_07,Zone_08
CT007324,Zone_10,Zone_10,1.0,0.0,1.0,True,Zone_10,Zone_09
CT004164,Zone_05,Zone_05,0.9932,0.0067,0.9865,True,Zone_05,Zone_04
CT009526,Zone_07,Zone_07,0.8135,0.186,0.6275,True,Zone_07,Zone_08
CT016947,Zone_06,Zone_06,1.0,0.0,1.0,True,Zone_06,Zone_10
CT017124,Zone_10,Zone_10,1.0,0.0,1.0,True,Zone_10,Zone_09
CT019690,Zone_08,Zone_08,0.9999,0.0001,0.9998,True,Zone_08,Zone_07
CT014508,Zone_02,Zone_02,1.0,0.0,1.0,True,Zone_02,Zone_10
CT004472,Zone_04,Zone_04,1.0,0.0,1.0,True,Zone_04,Zone_10
CT014473,Zone_03,Zone_03,1.0,0.0,1.0,True,Zone_03,Zone_10
CT003954,Zone_08,Zone_08,0.6668,0.3331,0.3337,True,Zone_08,Zone_07
CT003832,Zone_07,Zone_08,0.5723,0.4261,0.1462,False,Zone_08,Zone_07
CT019581,Zone_01,Zone_01,0.9999,0.0001,0.9998,True,Zone_01,Zone_03
CT000595,Zone_02,Zone_02,0.9994,0.0006,0.9988,True,Zone_02,Zone_04
CT001586,Zone_10,Zone_10,1.0,0.0,1.0,True,Zone_10,Zone_09
CT008849,Zone_07,Zone_07,0.9898,0.0089,0.9809,True,Zone_07,Zone_08
CT018566,Zone_07,Zone_08,0.5382,0.4614,0.0768,False,Zone_08,Zone_07
CT007235,Zone_08,Zone_08,0.5735,0.4265,0.147,True,Zone_08,Zone_07
CT002999,Zone_10,Zone_10,0.9932,0.0068,0.9864,True,Zone_10,Zone_08
CT010792,Zone_07,Zone_07,0.9708,0.0292,0.9416,True,Zone_07,Zone_08
CT015872,Zone_10,Zone_10,1.0,0.0,1.0,True,Zone_10,Zone_09
CT008488,Zone_02,Zone_02,0.979,0.0125,0.9665,True,Zone_02,Zone_01
CT016060,Zone_08,Zone_08,0.9999,0.0001,0.9998,True,Zone_08,Zone_07
CT013929,Zone_07,Zone_08,0.5747,0.4252,0.1495,False,Zone_08,Zone_07
CT014966,Zone_08,Zone_08,0.6796,0.3204,0.3592,True,Zone_08,Zone_07
CT000633,Zone_02,Zone_02,0.9994,0.0006,0.9988,True,Zone_02,Zone_03
CT019291,Zone_02,Zone_02,1.0,0.0,1.0,True,Zone_02,Zone_10
CT015071,Zone_02,Zone_02,1.0,0.0,1.0,True,Zone_02,Zone_10
CT017340,Zone_03,Zone_03,1.0,0.0,1.0,True,Zone_03,Zone_10
CT018421,Zone_06,Zone_06,0.9865,0.0076,0.9789,True,Zone_06,Zone_07
CT016335,Zone_07,Zone_07,0.9355,0.0632,0.8723,True,Zone_07,Zone_08
CT009391,Zone_08,Zone_08,0.6799,0.3201,0.3598,True,Zone_08,Zone_07
CT005031,Zone_02,Zone_02,1.0,0.0,1.0,True,Zone_02,Zone_10
CT003662,Zone_06,Zone_06,0.994,0.006,0.988,True,Zone_06,Zone_07
CT000080,Zone_07,Zone_07,0.9468,0.0528,0.894,True,Zone_07,Zone_08
CT005513,Zone_08,Zone_08,1.0,0.0,1.0,True,Zone_08,Zone_10
CT003828,Zone_04,Zone_04,1.0,0.0,1.0,True,Zone_04,Zone_10
CT006081,Zone_01,Zone_01,0.9977,0.0014,0.9963,True,Zone_01,Zone_02
CT016370,Zone_04,Zone_04,1.0,0.0,1.0,True,Zone_04,Zone_10
CT014113,Zone_08,Zone_08,0.9999,0.0001,0.9998,True,Zone_08,Zone_07
CT003925,Zone_01,Zone_01,0.9999,0.0001,0.9998,True,Zone_01,Zone_03
CT018540,Zone_04,Zone_04,0.9903,0.005,0.9853,True,Zone_04,Zone_09
CT019500,Zone_07,Zone_07,0.9872,0.0069,0.9803,True,Zone_07,Zone_08
CT002248,Zone_08,Zone_08,0.5158,0.4841,0.0317,True,Zone_08,Zone_07
CT006715,Zone_08,Zone_08,0.7264,0.2735,0.4529,True,Zone_08,Zone_07
CT014175,Zone_01,Zone_01,1.0,0.0,1.0,True,Zone_01,Zone_10
CT009301,Zone_07,Zone_07,0.9967,0.0031,0.9936,True,Zone_07,Zone_08
CT008040,Zone_07,Zone_07,0.9585,0.0412,0.9173,True,Zone_07,Zone_06
CT017007,Zone_07,Zone_07,0.9729,0.0271,0.9458,True,Zone_07,Zone_08
CT012420,Zone_01,Zone_01,0.9999,0.0001,0.9998,True,Zone_01,Zone_03
CT016181,Zone_06,Zone_06,1.0,0.0,1.0,True,Zone_06,Zone_10
CT007175,Zone_04,Zone_04,1.0,0.0,1.0,True,Zone_04,Zone_10
CT016737,Zone_08,Zone_08,0.7346,0.2652,0.4694,True,Zone_08,Zone_07
CT009634,Zone_04,Zone_04,1.0,0.0,1.0,True,Zone_04,Zone_10
CT014245,Zone_04,Zone_04,1.0,0.0,1.0,True,Zone_04,Zone_10
CT000710,Zone_08,Zone_08,0.9933,0.0067,0.9866,True,Zone_08,Zone_07
CT000870,Zone_01,Zone_01,0.9804,0.018,0.9624,True,Zone_01,Zone_02
CT006696,Zone_04,Zone_04,0.995,0.005,0.99,True,Zone_04,Zone_05
CT004804,Zone_08,Zone_08,0.9966,0.0034,0.9932,True,Zone_08,Zone_07
CT006299,Zone_04,Zone_04,0.995,0.005,0.99,True,Zone_04,Zone_05
CT015789,Zone_08,Zone_08,0.9996,0.0003,0.9993,True,Zone_08,Zone_05
CT017294,Zone_01,Zone_01,0.9999,0.0001,0.9998,True,Zone_01,Zone_03
CT016179,Zone_04,Zone_04,0.9973,0.0027,0.9946,True,Zone_04,Zone_05
CT003183,Zone_08,Zone_08,0.9966,0.0033,0.9933,True,Zone_08,Zone_05
CT019007,Zone_06,Zone_06,1.0,0.0,1.0,True,Zone_06,Zone_10
CT004560,Zone_07,Zone_08,0.557,0.4424,0.1146,False,Zone_08,Zone_07
CT016920,Zone_03,Zone_03,1.0,0.0,1.0,True,Zone_03,Zone_10
CT013311,Zone_07,Zone_07,0.8524,0.1475,0.7049,True,Zone_07,Zone_08
CT006160,Zone_10,Zone_10,1.0,0.0,1.0,True,Zone_10,Zone_09
CT015337,Zone_08,Zone_08,0.5976,0.3963,0.2013,True,Zone_08,Zone_07
CT003326,Zone_07,Zone_07,0.9497,0.0503,0.8994,True,Zone_07,Zone_06
CT006185,Zone_01,Zone_01,0.9936,0.0063,0.9873,True,Zone_01,Zone_02
CT008840,Zone_08,Zone_08,0.7401,0.2589,0.4812,True,Zone_08,Zone_07
CT012215,Zone_08,Zone_08,0.9999,0.0001,0.9998,True,Zone_08,Zone_07
CT018999,Zone_07,Zone_08,0.7473,0.2526,0.4947,False,Zone_08,Zone_07
CT005260,Zone_01,Zone_01,0.9994,0.0006,0.9988,True,Zone_01,Zone_04
CT018337,Zone_04,Zone_04,0.896,0.0245,0.8715,True,Zone_04,Zone_05
CT011398,Zone_08,Zone_08,0.6773,0.3226,0.3547,True,Zone_08,Zone_07
CT013822,Zone_06,Zone_06,1.0,0.0,1.0,True,Zone_06,Zone_10
CT012567,Zone_08,Zone_08,0.9966,0.0034,0.9932,True,Zone_08,Zone_07
CT018106,Zone_07,Zone_08,0.5654,0.4345,0.1309,False,Zone_08,Zone_07
CT011405,Zone_08,Zone_08,0.5997,0.4,0.1997,True,Zone_08,Zone_07
CT015663,Zone_06,Zone_06,0.9835,0.0058,0.9777,True,Zone_06,Zone_07
CT010998,Zone_07,Zone_07,0.9909,0.0051,0.9858,True,Zone_07,Zone_08
CT010466,Zone_07,Zone_07,0.9624,0.0368,0.9256,True,Zone_07,Zone_06
CT013578,Zone_10,Zone_10,1.0,0.0,1.0,True,Zone_10,Zone_09
CT006967,Zone_07,Zone_07,0.8358,0.1642,0.6716,True,Zone_07,Zone_08
CT010607,Zone_05,Zone_05,0.9932,0.0066,0.9866,True,Zone_05,Zone_04
CT019366,Zone_07,Zone_07,0.9694,0.0306,0.9388,True,Zone_07,Zone_06
CT007464,Zone_06,Zone_06,1.0,0.0,1.0,True,Zone_06,Zone_10
CT006398,Zone_03,Zone_03,0.9906,0.0094,0.9812,True,Zone_03,Zone_02
CT017277,Zone_10,Zone_10,1.0,0.0,1.0,True,Zone_10,Zone_09
CT018199,Zone_07,Zone_07,0.9852,0.0104,0.9748,True,Zone_07,Zone_08
CT012748,Zone_04,Zone_04,1.0,0.0,1.0,True,Zone_04,Zone_10
CT000149,Zone_08,Zone_08,0.9999,0.0001,0.9998,True,Zone_08,Zone_07
CT019626,Zone_02,Zone_02,1.0,0.0,1.0,True,Zone_02,Zone_10
CT008011,Zone_10,Zone_10,1.0,0.0,1.0,True,Zone_10,Zone_09
CT015467,Zone_07,Zone_07,0.9822,0.01,0.9722,True,Zone_07,Zone_05
CT011287,Zone_10,Zone_10,1.0,0.0,1.0,True,Zone_10,Zone_09
CT007189,Zone_03,Zone_03,1.0,0.0,1.0,True,Zone_03,Zone_10
CT010435,Zone_04,Zone_04,0.9952,0.0048,0.9904,True,Zone_04,Zone_06
CT017259,Zone_04,Zone_04,1.0,0.0,1.0,True,Zone_04,Zone_10
CT017613,Zone_04,Zone_04,0.9953,0.0045,0.9908,True,Zone_04,Zone_05
CT010625,Zone_08,Zone_08,0.9972,0.0028,0.9944,True,Zone_08,Zone_07
CT008775,Zone_08,Zone_08,0.5926,0.4074,0.1852,True,Zone_08,Zone_07
CT001153,Zone_03,Zone_03,1.0,0.0,1.0,True,Zone_03,Zone_10
CT018217,Zone_08,Zone_08,0.7386,0.2613,0.4773,True,Zone_08,Zone_07
CT004556,Zone_07,Zone_07,0.9799,0.0198,0.9601,True,Zone_07,Zone_08
CT018715,Zone_07,Zone_07,0.532,0.4663,0.0657,True,Zone_07,Zone_08
CT017330,Zone_03,Zone_03,1.0,0.0,1.0,True,Zone_03,Zone_10
CT002345,Zone_08,Zone_08,0.6477,0.3522,0.2955,True,Zone_08,Zone_07
CT002196,Zone_08,Zone_07,0.9899,0.01,0.9799,False,Zone_07,Zone_08
CT005233,Zone_08,Zone_08,0.9899,0.0084,0.9815,True,Zone_08,Zone_07
CT008826,Zone_07,Zone_07,0.9345,0.0572,0.8773,True,Zone_07,Zone_06
CT018546,Zone_07,Zone_08,0.6854,0.3146,0.3708,False,Zone_08,Zone_07
CT008726,Zone_06,Zone_06,1.0,0.0,1.0,True,Zone_06,Zone_10
CT001878,Zone_04,Zone_04,0.9917,0.0034,0.9883,True,Zone_04,Zone_08
CT012711,Zone_07,Zone_08,0.6469,0.3522,0.2947,False,Zone_08,Zone_07
CT012856,Zone_07,Zone_08,0.669,0.3309,0.3381,False,Zone_08,Zone_07
CT012822,Zone_04,Zone_04,0.9952,0.0048,0.9904,True,Zone_04,Zone_06
CT001755,Zone_04,Zone_04,0.999,0.001,0.998,True,Zone_04,Zone_09
CT012615,Zone_03,Zone_03,1.0,0.0,1.0,True,Zone_03,Zone_10
CT012617,Zone_07,Zone_07,0.8553,0.1446,0.7107,True,Zone_07,Zone_08
CT007347,Zone_04,Zone_04,0.9997,0.0001,0.9996,True,Zone_04,Zone_08
CT013599,Zone_04,Zone_04,1.0,0.0,1.0,True,Zone_04,Zone_10
CT015792,Zone_07,Zone_07,0.9881,0.0111,0.977,True,Zone_07,Zone_06
CT018839,Zone_02,Zone_02,1.0,0.0,1.0,True,Zone_02,Zone_10
CT001932,Zone_08,Zone_08,0.6868,0.313,0.3738,True,Zone_08,Zone_07
CT001394,Zone_02,Zone_02,0.9925,0.0075,0.985,True,Zone_02,Zone_01
CT007076,Zone_08,Zone_08,0.9879,0.0103,0.9776,True,Zone_08,Zone_07
CT016131,Zone_02,Zone_02,1.0,0.0,1.0,True,Zone_02,Zone_10
CT017687,Zone_04,Zone_04,0.9869,0.006,0.9809,True,Zone_04,Zone_07
CT005690,Zone_06,Zone_06,1.0,0.0,1.0,True,Zone_06,Zone_10
CT014108,Zone_01,Zone_01,0.997,0.003,0.994,True,Zone_01,Zone_04
CT013335,Zone_08,Zone_08,0.9999,0.0001,0.9998,True,Zone_08,Zone_07
CT016143,Zone_01,Zone_01,0.9949,0.0051,0.9898,True,Zone_01,Zone_02
CT011875,Zone_07,Zone_07,0.8823,0.1176,0.7647,True,Zone_07,Zone_08
CT015782,Zone_07,Zone_08,0.7294,0.2706,0.4588,False,Zone_08,Zone_07
CT005171,Zone_08,Zone_08,0.6376,0.3624,0.2752,True,Zone_08,Zone_07
CT013015,Zone_04,Zone_04,0.9998,0.0001,0.9997,True,Zone_04,Zone_08
CT009135,Zone_02,Zone_02,1.0,0.0,1.0,True,Zone_02,Zone_10
CT011714,Zone_04,Zone_04,0.9999,0.0001,0.9998,True,Zone_04,Zone_05
CT019739,Zone_04,Zone_04,0.9877,0.0109,0.9768,True,Zone_04,Zone_05
CT010826,Zone_08,Zone_08,0.7524,0.2475,0.5049,True,Zone_08,Zone_07
CT006293,Zone_06,Zone_06,1.0,0.0,1.0,True,Zone_06,Zone_10
CT017518,Zone_02,Zone_02,0.8719,0.0446,0.8273,True,Zone_02,Zone_03
CT009029,Zone_02,Zone_02,0.99,0.0075,0.9825,True,Zone_02,Zone_03
CT007188,Zone_04,Zone_04,1.0,0.0,1.0,True,Zone_04,Zone_10
CT007876,Zone_03,Zone_03,1.0,0.0,1.0,True,Zone_03,Zone_10
CT004775,Zone_02,Zone_02,0.992,0.008,0.984,True,Zone_02,Zone_03
CT009804,Zone_07,Zone_08,0.6685,0.3314,0.3371,False,Zone_08,Zone_07
CT018108,Zone_08,Zone_08,0.99,0.01,0.98,True,Zone_08,Zone_07
CT005918,Zone_07,Zone_07,0.9891,0.0108,0.9783,True,Zone_07,Zone_08
CT001461,Zone_07,Zone_07,0.9804,0.0195,0.9609,True,Zone_07,Zone_08
CT018162,Zone_07,Zone_07,0.9866,0.0134,0.9732,True,Zone_07,Zone_08
CT007729,Zone_08,Zone_08,0.7431,0.2565,0.4866,True,Zone_08,Zone_07
CT003401,Zone_02,Zone_02,1.0,0.0,1.0,True,Zone_02,Zone_10
CT002293,Zone_08,Zone_08,0.7076,0.2923,0.4153,True,Zone_08,Zone_07
CT017134,Zone_03,Zone_03,1.0,0.0,1.0,True,Zone_03,Zone_10
CT015518,Zone_07,Zone_07,0.7558,0.2442,0.5116,True,Zone_07,Zone_08
CT007854,Zone_08,Zone_08,0.9891,0.0059,0.9832,True,Zone_08,Zone_07
CT019179,Zone_07,Zone_07,0.9943,0.0056,0.9887,True,Zone_07,Zone_08
CT002430,Zone_07,Zone_07,0.9961,0.0026,0.9935,True,Zone_07,Zone_08
CT001082,Zone_06,Zone_06,0.9915,0.008,0.9835,True,Zone_06,Zone_07
CT010815,Zone_03,Zone_03,1.0,0.0,1.0,True,Zone_03,Zone_10
CT007868,Zone_01,Zone_01,0.9914,0.0086,0.9828,True,Zone_01,Zone_04
CT016836,Zone_08,Zone_08,1.0,0.0,1.0,True,Zone_08,Zone_10
CT011234,Zone_07,Zone_07,0.9897,0.0099,0.9798,True,Zone_07,Zone_06
CT014200,Zone_08,Zone_08,0.5892,0.41,0.1792,True,Zone_08,Zone_07
CT016862,Zone_07,Zone_07,0.9859,0.0141,0.9718,True,Zone_07,Zone_06
CT010787,Zone_08,Zone_08,0.6359,0.364,0.2719,True,Zone_08,Zone_07
CT007485,Zone_04,Zone_04,1.0,0.0,1.0,True,Zone_04,Zone_10
CT018266,Zone_08,Zone_08,0.6416,0.3461,0.2955,True,Zone_08,Zone_07
CT004758,Zone_10,Zone_10,1.0,0.0,1.0,True,Zone_10,Zone_09
CT014475,Zone_08,Zone_08,0.9999,0.0001,0.9998,True,Zone_08,Zone_07
CT009818,Zone_02,Zone_02,0.9994,0.0006,0.9988,True,Zone_02,Zone_05
CT005617,Zone_08,Zone_08,0.9949,0.0051,0.9898,True,Zone_08,Zone_07
CT006622,Zone_04,Zone_04,1.0,0.0,1.0,True,Zone_04,Zone_10
CT017041,Zone_08,Zone_08,0.9999,0.0001,0.9998,True,Zone_08,Zone_07
CT017105,Zone_02,Zone_02,1.0,0.0,1.0,True,Zone_02,Zone_10
CT000635,Zone_02,Zone_02,1.0,0.0,1.0,True,Zone_02,Zone_10
CT005251,Zone_08,Zone_08,0.955,0.0432,0.9118,True,Zone_08,Zone_07
CT007167,Zone_07,Zone_08,0.6186,0.3798,0.2388,False,Zone_08,Zone_07
CT010911,Zone_07,Zone_08,0.6769,0.323,0.3539,False,Zone_08,Zone_07
CT003549,Zone_03,Zone_03,1.0,0.0,1.0,True,Zone_03,Zone_10
CT010893,Zone_07,Zone_07,0.92,0.0775,0.8425,True,Zone_07,Zone_06
CT007509,Zone_08,Zone_08,0.6617,0.3382,0.3235,True,Zone_08,Zone_07
CT016140,Zone_10,Zone_10,0.9986,0.0014,0.9972,True,Zone_10,Zone_05
CT019596,Zone_07,Zone_07,0.9861,0.0126,0.9735,True,Zone_07,Zone_06
CT000648,Zone_07,Zone_07,0.7703,0.2281,0.5422,True,Zone_07,Zone_08
CT002824,Zone_10,Zone_10,1.0,0.0,1.0,True,Zone_10,Zone_09
CT007843,Zone_02,Zone_02,1.0,0.0,1.0,True,Zone_02,Zone_10
CT006691,Zone_08,Zone_08,0.9999,0.0001,0.9998,True,Zone_08,Zone_07
CT004302,Zone_08,Zone_08,0.6498,0.3492,0.3006,True,Zone_08,Zone_07
CT018783,Zone_01,Zone_01,0.9879,0.0105,0.9774,True,Zone_01,Zone_02
CT007675,Zone_08,Zone_08,0.9999,0.0001,0.9998,True,Zone_08,Zone_07
CT015878,Zone_09,Zone_09,0.9799,0.01,0.9699,True,Zone_09,Zone_04
CT013746,Zone_06,Zone_07,0.947,0.053,0.894,False,Zone_07,Zone_06
CT002016,Zone_07,Zone_07,0.8088,0.1912,0.6176,True,Zone_07,Zone_08
CT010884,Zone_07,Zone_07,0.9449,0.049,0.8959,True,Zone_07,Zone_06
CT018354,Zone_08,Zone_08,0.9977,0.0023,0.9954,True,Zone_08,Zone_07
CT000274,Zone_08,Zone_08,0.7463,0.2536,0.4927,True,Zone_08,Zone_07
CT000834,Zone_07,Zone_07,0.5305,0.469,0.0615,True,Zone_07,Zone_08
CT013441,Zone_07,Zone_07,0.9959,0.004,0.9919,True,Zone_07,Zone_08
CT008528,Zone_08,Zone_08,0.7463,0.2535,0.4928,True,Zone_08,Zone_07
CT002089,Zone_08,Zone_08,0.6351,0.3648,0.2703,True,Zone_08,Zone_07
CT017079,Zone_07,Zone_07,0.9647,0.0347,0.93,True,Zone_07,Zone_06
CT013141,Zone_08,Zone_08,0.6379,0.3621,0.2758,True,Zone_08,Zone_07
CT015863,Zone_08,Zone_08,0.9952,0.0048,0.9904,True,Zone_08,Zone_07
CT017405,Zone_04,Zone_04,0.9964,0.0036,0.9928,True,Zone_04,Zone_05
CT000004,Zone_07,Zone_08,0.6274,0.3726,0.2548,False,Zone_08,Zone_07
CT014671,Zone_08,Zone_08,0.9992,0.0008,0.9984,True,Zone_08,Zone_04
CT018080,Zone_10,Zone_10,0.9997,0.0003,0.9994,True,Zone_10,Zone_03
CT008997,Zone_07,Zone_07,0.9697,0.0303,0.9394,True,Zone_07,Zone_06
CT009484,Zone_07,Zone_08,0.5807,0.4191,0.1616,False,Zone_08,Zone_07
CT007594,Zone_07,Zone_07,0.9958,0.0042,0.9916,True,Zone_07,Zone_08
CT001946,Zone_06,Zone_06,1.0,0.0,1.0,True,Zone_06,Zone_10
CT003677,Zone_04,Zone_04,0.9332,0.0349,0.8983,True,Zone_04,Zone_08
CT013781,Zone_05,Zone_05,0.9644,0.0155,0.9489,True,Zone_05,Zone_04
CT011573,Zone_04,Zone_04,0.9999,0.0001,0.9998,True,Zone_04,Zone_05
CT006946,Zone_07,Zone_07,0.972,0.028,0.944,True,Zone_07,Zone_08
CT016590,Zone_07,Zone_07,0.7088,0.2912,0.4176,True,Zone_07,Zone_08
CT000519,Zone_02,Zone_02,0.998,0.0013,0.9967,True,Zone_02,Zone_04
CT009197,Zone_07,Zone_07,0.8176,0.1824,0.6352,True,Zone_07,Zone_08
CT018275,Zone_04,Zone_04,0.8173,0.0863,0.731,True,Zone_04,Zone_03
CT003564,Zone_01,Zone_01,0.9998,0.0002,0.9996,True,Zone_01,Zone_03
CT016333,Zone_10,Zone_10,1.0,0.0,1.0,True,Zone_10,Zone_09
CT007045,Zone_10,Zone_10,0.9988,0.0012,0.9976,True,Zone_10,Zone_03
CT016462,Zone_06,Zone_06,0.99,0.01,0.98,True,Zone_06,Zone_07
CT000365,Zone_07,Zone_08,0.6562,0.3437,0.3125,False,Zone_08,Zone_07
CT000499,Zone_05,Zone_05,0.9899,0.01,0.9799,True,Zone_05,Zone_07
CT009009,Zone_07,Zone_08,0.7237,0.2762,0.4475,False,Zone_08,Zone_07
CT000798,Zone_03,Zone_03,0.9999,0.0001,0.9998,True,Zone_03,Zone_02
CT006957,Zone_04,Zone_04,0.9976,0.0023,0.9953,True,Zone_04,Zone_09
CT014209,Zone_02,Zone_02,1.0,0.0,1.0,True,Zone_02,Zone_10
CT016579,Zone_08,Zone_08,0.9999,0.0001,0.9998,True,Zone_08,Zone_07
CT018620,Zone_07,Zone_07,0.9738,0.0262,0.9476,True,Zone_07,Zone_08
CT005821,Zone_07,Zone_08,0.7119,0.288,0.4239,False,Zone_08,Zone_07
CT019570,Zone_07,Zone_07,0.9801,0.0199,0.9602,True,Zone_07,Zone_06
CT011046,Zone_07,Zone_07,0.9941,0.0054,0.9887,True,Zone_07,Zone_08
CT003683,Zone_08,Zone_08,0.9946,0.0037,0.9909,True,Zone_08,Zone_07
CT010246,Zone_07,Zone_07,0.9733,0.0267,0.9466,True,Zone_07,Zone_08
CT002626,Zone_08,Zone_08,0.9974,0.0026,0.9948,True,Zone_08,Zone_07
CT019623,Zone_07,Zone_07,0.9586,0.0414,0.9172,True,Zone_07,Zone_06
CT007707,Zone_01,Zone_01,0.9899,0.01,0.9799,True,Zone_01,Zone_04
CT000189,Zone_07,Zone_07,0.9922,0.0077,0.9845,True,Zone_07,Zone_08
CT009907,Zone_07,Zone_07,0.7961,0.2038,0.5923,True,Zone_07,Zone_08
CT018674,Zone_07,Zone_08,0.6422,0.3577,0.2845,False,Zone_08,Zone_07
CT006724,Zone_03,Zone_03,0.9833,0.01,0.9733,True,Zone_03,Zone_02
CT010070,Zone_03,Zone_03,1.0,0.0,1.0,True,Zone_03,Zone_10
CT004690,Zone_08,Zone_08,0.7011,0.2988,0.4023,True,Zone_08,Zone_07
CT002272,Zone_07,Zone_08,0.6308,0.3691,0.2617,False,Zone_08,Zone_07
CT002305,Zone_08,Zone_08,0.9999,0.0001,0.9998,True,Zone_08,Zone_07
CT011995,Zone_03,Zone_03,1.0,0.0,1.0,True,Zone_03,Zone_10
CT011390,Zone_04,Zone_04,0.9976,0.0023,0.9953,True,Zone_04,Zone_09
CT011887,Zone_10,Zone_10,1.0,0.0,1.0,True,Zone_10,Zone_09
CT019356,Zone_02,Zone_02,0.9984,0.0016,0.9968,True,Zone_02,Zone_05
CT012603,Zone_06,Zone_06,1.0,0.0,1.0,True,Zone_06,Zone_10
CT009591,Zone_08,Zone_08,0.7736,0.2263,0.5473,True,Zone_08,Zone_07
CT009766,Zone_08,Zone_07,0.8406,0.1593,0.6813,False,Zone_07,Zone_08
CT005435,Zone_08,Zone_08,0.5941,0.4058,0.1883,True,Zone_08,Zone_07
CT010919,Zone_07,Zone_07,0.9838,0.0112,0.9726,True,Zone_07,Zone_08
CT004113,Zone_07,Zone_07,0.9973,0.0026,0.9947,True,Zone_07,Zone_08
CT018095,Zone_08,Zone_08,0.9999,0.0001,0.9998,True,Zone_08,Zone_07
CT002637,Zone_08,Zone_08,0.9825,0.0163,0.9662,True,Zone_08,Zone_07
CT012005,Zone_01,Zone_01,0.9999,0.0001,0.9998,True,Zone_01,Zone_03
CT019006,Zone_07,Zone_07,0.9645,0.0352,0.9293,True,Zone_07,Zone_08
CT006257,Zone_07,Zone_08,0.5244,0.4754,0.049,False,Zone_08,Zone_07
CT008235,Zone_06,Zone_06,0.9839,0.0112,0.9727,True,Zone_06,Zone_07
CT000025,Zone_07,Zone_07,0.9905,0.0095,0.981,True,Zone_07,Zone_08
CT005515,Zone_03,Zone_03,1.0,0.0,1.0,True,Zone_03,Zone_10
CT009726,Zone_07,Zone_07,0.9501,0.0495,0.9006,True,Zone_07,Zone_08
CT004619,Zone_08,Zone_08,0.9998,0.0002,0.9996,True,Zone_08,Zone_07
CT019146,Zone_07,Zone_07,0.9816,0.0184,0.9632,True,Zone_07,Zone_06
CT013218,Zone_08,Zone_08,0.6786,0.3204,0.3582,True,Zone_08,Zone_07
CT014216,Zone_04,Zone_04,0.9996,0.0004,0.9992,True,Zone_04,Zone_08
CT016420,Zone_03,Zone_03,0.9976,0.0024,0.9952,True,Zone_03,Zone_04
CT011718,Zone_07,Zone_08,0.6287,0.3712,0.2575,False,Zone_08,Zone_07
CT000591,Zone_06,Zone_06,0.995,0.005,0.99,True,Zone_06,Zone_07
CT008071,Zone_08,Zone_08,0.9807,0.0176,0.9631,True,Zone_08,Zone_07
CT002806,Zone_04,Zone_04,0.9995,0.0003,0.9992,True,Zone_04,Zone_01
CT000931,Zone_04,Zone_04,0.9999,0.0001,0.9998,True,Zone_04,Zone_08
CT013397,Zone_03,Zone_03,1.0,0.0,1.0,True,Zone_03,Zone_10
CT005631,Zone_08,Zone_08,0.9814,0.0169,0.9645,True,Zone_08,Zone_07
CT012910,Zone_02,Zone_02,0.998,0.002,0.996,True,Zone_02,Zone_01
CT018976,Zone_01,Zone_01,0.9949,0.0051,0.9898,True,Zone_01,Zone_02
CT004129,Zone_07,Zone_07,0.9943,0.004,0.9903,True,Zone_07,Zone_06
CT005755,Zone_03,Zone_03,1.0,0.0,1.0,True,Zone_03,Zone_10
CT004958,Zone_04,Zone_04,0.9953,0.0045,0.9908,True,Zone_04,Zone_05
CT008801,Zone_01,Zone_01,0.9933,0.0067,0.9866,True,Zone_01,Zone_04
CT006079,Zone_02,Zone_02,0.9917,0.0067,0.985,True,Zone_02,Zone_01
CT003383,Zone_06,Zone_06,0.9948,0.0052,0.9896,True,Zone_06,Zone_04
CT007680,Zone_10,Zone_10,1.0,0.0,1.0,True,Zone_10,Zone_09
CT014583,Zone_08,Zone_08,0.9998,0.0002,0.9996,True,Zone_08,Zone_07
CT005670,Zone_07,Zone_07,0.9026,0.0971,0.8055,True,Zone_07,Zone_06
CT013563,Zone_07,Zone_07,0.9806,0.0108,0.9698,True,Zone_07,Zone_08
CT001019,Zone_02,Zone_02,1.0,0.0,1.0,True,Zone_02,Zone_10
CT018403,Zone_03,Zone_03,1.0,0.0,1.0,True,Zone_03,Zone_10
CT007661,Zone_08,Zone_08,0.9939,0.0061,0.9878,True,Zone_08,Zone_07
CT008984,Zone_07,Zone_07,0.9946,0.0054,0.9892,True,Zone_07,Zone_06
CT018657,Zone_07,Zone_07,0.9862,0.0079,0.9783,True,Zone_07,Zone_08
CT000665,Zone_04,Zone_04,1.0,0.0,1.0,True,Zone_04,Zone_10
CT017846,Zone_05,Zone_05,0.961,0.0106,0.9504,True,Zone_05,Zone_04
CT017237,Zone_07,Zone_08,0.6816,0.3183,0.3633,False,Zone_08,Zone_07
CT011357,Zone_07,Zone_07,0.8049,0.1951,0.6098,True,Zone_07,Zone_08
CT000379,Zone_05,Zone_05,0.9805,0.0166,0.9639,True,Zone_05,Zone_04
CT002307,Zone_07,Zone_07,0.8889,0.111,0.7779,True,Zone_07,Zone_08
CT004135,Zone_08,Zone_07,0.7726,0.2274,0.5452,False,Zone_07,Zone_08
CT019063,Zone_08,Zone_08,0.9966,0.0034,0.9932,True,Zone_08,Zone_07
CT008770,Zone_02,Zone_02,1.0,0.0,1.0,True,Zone_02,Zone_10
CT005241,Zone_03,Zone_03,1.0,0.0,1.0,True,Zone_03,Zone_10
CT002748,Zone_01,Zone_01,0.9999,0.0001,0.9998,True,Zone_01,Zone_03
CT004977,Zone_08,Zone_08,0.9999,0.0001,0.9998,True,Zone_08,Zone_07
CT008815,Zone_10,Zone_10,1.0,0.0,1.0,True,Zone_10,Zone_09
CT001128,Zone_07,Zone_08,0.7277,0.2722,0.4555,False,Zone_08,Zone_07
CT009576,Zone_07,Zone_07,0.8755,0.1195,0.756,True,Zone_07,Zone_08
CT006437,Zone_07,Zone_07,0.8799,0.1201,0.7598,True,Zone_07,Zone_08
CT001857,Zone_01,Zone_01,0.9999,0.0001,0.9998,True,Zone_01,Zone_03
CT007761,Zone_04,Zone_04,0.9982,0.0018,0.9964,True,Zone_04,Zone_09
CT015381,Zone_04,Zone_04,0.986,0.0082,0.9778,True,Zone_04,Zone_01
CT006330,Zone_04,Zone_04,0.9998,0.0001,0.9997,True,Zone_04,Zone_08
CT011642,Zone_02,Zone_02,1.0,0.0,1.0,True,Zone_02,Zone_10
CT012271,Zone_07,Zone_07,0.978,0.022,0.956,True,Zone_07,Zone_06
CT009477,Zone_07,Zone_07,0.8173,0.1809,0.6364,True,Zone_07,Zone_08
CT000799,Zone_08,Zone_08,0.7355,0.2643,0.4712,True,Zone_08,Zone_07
CT015249,Zone_08,Zone_08,0.6746,0.3244,0.3502,True,Zone_08,Zone_07
CT012845,Zone_01,Zone_01,0.9999,0.0001,0.9998,True,Zone_01,Zone_03
CT015761,Zone_04,Zone_04,0.9911,0.006,0.9851,True,Zone_04,Zone_05
CT006996,Zone_07,Zone_07,0.9839,0.0161,0.9678,True,Zone_07,Zone_06
CT017459,Zone_07,Zone_08,0.5838,0.4162,0.1676,False,Zone_08,Zone_07
CT001393,Zone_03,Zone_03,0.9999,0.0001,0.9998,True,Zone_03,Zone_02
CT001828,Zone_08,Zone_08,0.9897,0.0086,0.9811,True,Zone_08,Zone_07
CT005058,Zone_07,Zone_07,0.7752,0.2247,0.5505,True,Zone_07,Zone_08
CT015957,Zone_08,Zone_08,0.7286,0.2712,0.4574,True,Zone_08,Zone_07
CT009099,Zone_07,Zone_07,0.8669,0.133,0.7339,True,Zone_07,Zone_08
CT004677,Zone_03,Zone_03,1.0,0.0,1.0,True,Zone_03,Zone_10
CT000021,Zone_07,Zone_07,0.9966,0.0025,0.9941,True,Zone_07,Zone_06
CT002026,Zone_05,Zone_05,0.9275,0.0386,0.8889,True,Zone_05,Zone_04
CT011921,Zone_07,Zone_07,0.9856,0.0144,0.9712,True,Zone_07,Zone_08
CT009727,Zone_04,Zone_04,0.9918,0.0045,0.9873,True,Zone_04,Zone_05
CT002738,Zone_07,Zone_07,0.8359,0.164,0.6719,True,Zone_07,Zone_08
CT003420,Zone_07,Zone_07,0.9615,0.036,0.9255,True,Zone_07,Zone_06
CT011022,Zone_10,Zone_10,1.0,0.0,1.0,True,Zone_10,Zone_09
CT014142,Zone_01,Zone_01,0.9999,0.0001,0.9998,True,Zone_01,Zone_03
CT003589,Zone_07,Zone_07,0.9893,0.0107,0.9786,True,Zone_07,Zone_08
CT004278,Zone_07,Zone_07,0.963,0.0369,0.9261,True,Zone_07,Zone_06
CT009746,Zone_07,Zone_07,0.9947,0.0053,0.9894,True,Zone_07,Zone_08
CT017231,Zone_01,Zone_01,1.0,0.0,1.0,True,Zone_01,Zone_10
CT017411,Zone_08,Zone_08,0.708,0.2919,0.4161,True,Zone_08,Zone_07
CT011842,Zone_07,Zone_07,0.9955,0.0038,0.9917,True,Zone_07,Zone_06
CT019969,Zone_08,Zone_08,0.5656,0.4343,0.1313,True,Zone_08,Zone_07
CT009145,Zone_02,Zone_02,1.0,0.0,1.0,True,Zone_02,Zone_10
CT005106,Zone_08,Zone_08,1.0,0.0,1.0,True,Zone_08,Zone_10
CT019795,Zone_07,Zone_07,0.9734,0.0266,0.9468,True,Zone_07,Zone_06
CT004216,Zone_01,Zone_01,0.9999,0.0001,0.9998,True,Zone_01,Zone_03
CT017712,Zone_08,Zone_08,0.9971,0.0029,0.9942,True,Zone_08,Zone_07
CT015870,Zone_06,Zone_06,1.0,0.0,1.0,True,Zone_06,Zone_10
CT007470,Zone_08,Zone_08,0.7207,0.2793,0.4414,True,Zone_08,Zone_07
CT012989,Zone_08,Zone_08,0.7453,0.2546,0.4907,True,Zone_08,Zone_07
CT000228,Zone_08,Zone_07,0.7194,0.2805,0.4389,False,Zone_07,Zone_08
CT007027,Zone_08,Zone_08,0.6792,0.3198,0.3594,True,Zone_08,Zone_07
CT009902,Zone_01,Zone_01,0.9999,0.0001,0.9998,True,Zone_01,Zone_03
CT004096,Zone_04,Zone_04,0.9933,0.0067,0.9866,True,Zone_04,Zone_05
CT015712,Zone_08,Zone_08,0.9869,0.0114,0.9755,True,Zone_08,Zone_07
CT001364,Zone_02,Zone_02,0.9996,0.0004,0.9992,True,Zone_02,Zone_04
CT019900,Zone_04,Zone_04,0.9954,0.0027,0.9927,True,Zone_04,Zone_05
CT015903,Zone_07,Zone_07,0.9594,0.0406,0.9188,True,Zone_07,Zone_06
CT015359,Zone_08,Zone_08,0.6594,0.3405,0.3189,True,Zone_08,Zone_07
CT013499,Zone_03,Zone_03,1.0,0.0,1.0,True,Zone_03,Zone_10
CT009730,Zone_10,Zone_10,0.9997,0.0003,0.9994,True,Zone_10,Zone_03
CT003894,Zone_08,Zone_07,0.9001,0.0999,0.8002,False,Zone_07,Zone_08
CT004141,Zone_05,Zone_05,0.9816,0.01,0.9716,True,Zone_05,Zone_04
CT002903,Zone_03,Zone_03,1.0,0.0,1.0,True,Zone_03,Zone_10
CT017997,Zone_07,Zone_08,0.5787,0.4199,0.1588,False,Zone_08,Zone_07
CT004277,Zone_08,Zone_08,0.9998,0.0002,0.9996,True,Zone_08,Zone_07
CT004384,Zone_08,Zone_08,1.0,0.0,1.0,True,Zone_08,Zone_10
CT009218,Zone_09,Zone_09,0.9909,0.0077,0.9832,True,Zone_09,Zone_04
CT013044,Zone_08,Zone_08,0.5402,0.4593,0.0809,True,Zone_08,Zone_07
CT011960,Zone_01,Zone_01,0.9999,0.0001,0.9998,True,Zone_01,Zone_03
CT002194,Zone_02,Zone_02,1.0,0.0,1.0,True,Zone_02,Zone_10
CT009704,Zone_04,Zone_04,0.9996,0.0004,0.9992,True,Zone_04,Zone_08
CT015082,Zone_07,Zone_07,0.8261,0.1738,0.6523,True,Zone_07,Zone_08
CT008292,Zone_10,Zone_10,1.0,0.0,1.0,True,Zone_10,Zone_09
CT001245,Zone_04,Zone_04,1.0,0.0,1.0,True,Zone_04,Zone_10
CT013982,Zone_04,Zone_04,0.9914,0.006,0.9854,True,Zone_04,Zone_07
CT005004,Zone_03,Zone_03,1.0,0.0,1.0,True,Zone_03,Zone_10
CT019674,Zone_01,Zone_01,0.9999,0.0001,0.9998,True,Zone_01,Zone_03
CT019876,Zone_07,Zone_08,0.6932,0.3067,0.3865,False,Zone_08,Zone_07
CT010238,Zone_01,Zone_01,0.9857,0.008,0.9777,True,Zone_01,Zone_02
CT015704,Zone_07,Zone_07,0.8931,0.1069,0.7862,True,Zone_07,Zone_06
CT005710,Zone_07,Zone_08,0.6563,0.3436,0.3127,False,Zone_08,Zone_07
CT016476,Zone_07,Zone_07,0.9952,0.0048,0.9904,True,Zone_07,Zone_08
CT012045,Zone_03,Zone_03,1.0,0.0,1.0,True,Zone_03,Zone_10
CT012895,Zone_08,Zone_08,0.6711,0.3289,0.3422,True,Zone_08,Zone_07
CT002675,Zone_08,Zone_08,0.6345,0.3654,0.2691,True,Zone_08,Zone_07
CT007639,Zone_07,Zone_07,0.8496,0.1504,0.6992,True,Zone_07,Zone_08
CT019239,Zone_08,Zone_08,0.9999,0.0001,0.9998,True,Zone_08,Zone_07
CT006209,Zone_02,Zone_02,1.0,0.0,1.0,True,Zone_02,Zone_10
CT000590,Zone_02,Zone_02,1.0,0.0,1.0,True,Zone_02,Zone_10
CT001810,Zone_03,Zone_03,0.99,0.01,0.98,True,Zone_03,Zone_02
CT004647,Zone_06,Zone_06,0.9948,0.0052,0.9896,True,Zone_06,Zone_04
CT012618,Zone_08,Zone_08,0.9941,0.0059,0.9882,True,Zone_08,Zone_07
CT018307,Zone_08,Zone_08,0.6974,0.3024,0.395,True,Zone_08,Zone_07
CT002544,Zone_04,Zone_04,0.9953,0.0045,0.9908,True,Zone_04,Zone_05
CT017760,Zone_02,Zone_02,1.0,0.0,1.0,True,Zone_02,Zone_10
CT007426,Zone_01,Zone_01,0.9999,0.0001,0.9998,True,Zone_01,Zone_03
CT019264,Zone_04,Zone_04,0.9999,0.0001,0.9998,True,Zone_04,Zone_05
CT016988,Zone_08,Zone_08,0.9974,0.0026,0.9948,True,Zone_08,Zone_07
CT018076,Zone_07,Zone_07,0.9828,0.012,0.9708,True,Zone_07,Zone_08
CT017096,Zone_07,Zone_07,0.9951,0.0048,0.9903,True,Zone_07,Zone_08
CT010558,Zone_02,Zone_02,0.9933,0.0067,0.9866,True,Zone_02,Zone_01
CT015796,Zone_08,Zone_08,0.6432,0.3566,0.2866,True,Zone_08,Zone_07
CT000996,Zone_08,Zone_08,0.9859,0.0141,0.9718,True,Zone_08,Zone_07
CT011879,Zone_02,Zone_02,0.9934,0.0049,0.9885,True,Zone_02,Zone_01
CT016183,Zone_08,Zone_08,0.9998,0.0002,0.9996,True,Zone_08,Zone_07
CT007023,Zone_04,Zone_04,1.0,0.0,1.0,True,Zone_04,Zone_10
CT011691,Zone_01,Zone_01,0.9966,0.0034,0.9932,True,Zone_01,Zone_03
CT007275,Zone_08,Zone_08,0.7044,0.2946,0.4098,True,Zone_08,Zone_07
CT010506,Zone_07,Zone_07,0.9986,0.0013,0.9973,True,Zone_07,Zone_08
CT013162,Zone_01,Zone_01,0.9999,0.0001,0.9998,True,Zone_01,Zone_03
CT000263,Zone_04,Zone_04,0.9967,0.0033,0.9934,True,Zone_04,Zone_08
CT013020,Zone_01,Zone_01,0.9937,0.0063,0.9874,True,Zone_01,Zone_02
CT003622,Zone_04,Zone_04,0.9976,0.0023,0.9953,True,Zone_04,Zone_09
CT013210,Zone_06,Zone_06,1.0,0.0,1.0,True,Zone_06,Zone_10
CT013667,Zone_08,Zone_07,0.7746,0.2254,0.5492,False,Zone_07,Zone_08
CT010996,Zone_07,Zone_07,0.982,0.0174,0.9646,True,Zone_07,Zone_06
CT003545,Zone_04,Zone_04,0.9999,0.0001,0.9998,True,Zone_04,Zone_05
CT009035,Zone_08,Zone_08,0.9999,0.0001,0.9998,True,Zone_08,Zone_07
CT016735,Zone_05,Zone_05,0.9238,0.0437,0.8801,True,Zone_05,Zone_04
CT011388,Zone_08,Zone_08,0.7527,0.2472,0.5055,True,Zone_08,Zone_07
CT003756,Zone_04,Zone_04,0.9999,0.0001,0.9998,True,Zone_04,Zone_05
CT011814,Zone_09,Zone_09,0.9883,0.0104,0.9779,True,Zone_09,Zone_07
CT001730,Zone_05,Zone_05,0.9965,0.0035,0.993,True,Zone_05,Zone_08
CT008124,Zone_01,Zone_01,0.9999,0.0001,0.9998,True,Zone_01,Zone_03
CT006832,Zone_07,Zone_07,0.5074,0.4921,0.0153,True,Zone_07,Zone_08
CT011607,Zone_08,Zone_08,0.5326,0.4673,0.0653,True,Zone_08,Zone_07
CT011645,Zone_08,Zone_08,0.6842,0.3158,0.3684,True,Zone_08,Zone_07
CT003881,Zone_08,Zone_08,0.5546,0.4454,0.1092,True,Zone_08,Zone_07
CT004210,Zone_01,Zone_01,0.9999,0.0001,0.9998,True,Zone_01,Zone_03
CT001136,Zone_04,Zone_04,0.9999,0.0001,0.9998,True,Zone_04,Zone_05
CT013221,Zone_07,Zone_07,0.8446,0.1553,0.6893,True,Zone_07,Zone_08
CT005363,Zone_03,Zone_03,0.9999,0.0001,0.9998,True,Zone_03,Zone_02
CT011173,Zone_07,Zone_07,0.995,0.0048,0.9902,True,Zone_07,Zone_08
CT011966,Zone_03,Zone_03,1.0,0.0,1.0,True,Zone_03,Zone_10
CT002786,Zone_08,Zone_08,0.6618,0.3381,0.3237,True,Zone_08,Zone_07
CT011519,Zone_04,Zone_04,0.9953,0.0045,0.9908,True,Zone_04,Zone_05
CT007994,Zone_07,Zone_07,0.9842,0.0091,0.9751,True,Zone_07,Zone_06
CT009900,Zone_06,Zone_06,1.0,0.0,1.0,True,Zone_06,Zone_10
CT019150,Zone_03,Zone_03,1.0,0.0,1.0,True,Zone_03,Zone_10
CT015514,Zone_05,Zone_05,0.9944,0.0055,0.9889,True,Zone_05,Zone_04
CT012875,Zone_05,Zone_05,0.9971,0.0025,0.9946,True,Zone_05,Zone_04
CT008867,Zone_03,Zone_03,1.0,0.0,1.0,True,Zone_03,Zone_10
CT017840,Zone_08,Zone_08,0.5811,0.4189,0.1622,True,Zone_08,Zone_07
CT016251,Zone_01,Zone_01,0.9999,0.0001,0.9998,True,Zone_01,Zone_03
CT007791,Zone_07,Zone_08,0.6572,0.3427,0.3145,False,Zone_08,Zone_07
CT016660,Zone_08,Zone_08,0.9946,0.0037,0.9909,True,Zone_08,Zone_07
CT017698,Zone_07,Zone_07,0.9833,0.0166,0.9667,True,Zone_07,Zone_08
CT015884,Zone_07,Zone_07,0.9625,0.0375,0.925,True,Zone_07,Zone_06
CT013757,Zone_10,Zone_10,1.0,0.0,1.0,True,Zone_10,Zone_09
CT008196,Zone_07,Zone_07,0.7972,0.1974,0.5998,True,Zone_07,Zone_08
CT006981,Zone_10,Zone_10,1.0,0.0,1.0,True,Zone_10,Zone_09
CT018845,Zone_04,Zone_04,0.9951,0.0049,0.9902,True,Zone_04,Zone_05
CT015224,Zone_07,Zone_07,0.828,0.1719,0.6561,True,Zone_07,Zone_08
CT013273,Zone_06,Zone_06,1.0,0.0,1.0,True,Zone_06,Zone_10
CT005156,Zone_02,Zone_02,1.0,0.0,1.0,True,Zone_02,Zone_10
CT001943,Zone_08,Zone_08,0.9878,0.011,0.9768,True,Zone_08,Zone_07
CT018071,Zone_08,Zone_08,0.72,0.2799,0.4401,True,Zone_08,Zone_07
CT018571,Zone_07,Zone_07,0.9923,0.0077,0.9846,True,Zone_07,Zone_08
CT013597,Zone_04,Zone_04,0.9997,0.0001,0.9996,True,Zone_04,Zone_08
CT007733,Zone_04,Zone_04,0.9997,0.0002,0.9995,True,Zone_04,Zone_08
CT009178,Zone_08,Zone_08,1.0,0.0,1.0,True,Zone_08,Zone_10
CT002274,Zone_07,Zone_07,0.9732,0.0268,0.9464,True,Zone_07,Zone_06
CT014733,Zone_03,Zone_03,0.9967,0.0033,0.9934,True,Zone_03,Zone_04
CT003973,Zone_07,Zone_07,0.8216,0.1784,0.6432,True,Zone_07,Zone_08
CT001083,Zone_06,Zone_06,1.0,0.0,1.0,True,Zone_06,Zone_10
CT014734,Zone_07,Zone_07,0.9845,0.0154,0.9691,True,Zone_07,Zone_08
CT003209,Zone_03,Zone_03,1.0,0.0,1.0,True,Zone_03,Zone_10
CT004237,Zone_05,Zone_05,0.986,0.009,0.977,True,Zone_05,Zone_08
CT001649,Zone_06,Zone_06,1.0,0.0,1.0,True,Zone_06,Zone_10
CT010161,Zone_03,Zone_03,1.0,0.0,1.0,True,Zone_03,Zone_10
CT009733,Zone_09,Zone_09,0.9897,0.0103,0.9794,True,Zone_09,Zone_10
CT012164,Zone_07,Zone_08,0.5858,0.414,0.1718,False,Zone_08,Zone_07
CT007393,Zone_01,Zone_01,0.9949,0.0051,0.9898,True,Zone_01,Zone_02
CT018371,Zone_08,Zone_08,0.6487,0.3512,0.2975,True,Zone_08,Zone_07
CT010005,Zone_04,Zone_04,0.995,0.005,0.99,True,Zone_04,Zone_03
CT004173,Zone_09,Zone_09,0.9992,0.0004,0.9988,True,Zone_09,Zone_10
CT014880,Zone_07,Zone_07,0.9812,0.0187,0.9625,True,Zone_07,Zone_08
CT001840,Zone_07,Zone_08,0.5645,0.4355,0.129,False,Zone_08,Zone_07
CT000139,Zone_07,Zone_07,0.9449,0.055,0.8899,True,Zone_07,Zone_08
CT015005,Zone_08,Zone_08,0.9966,0.0034,0.9932,True,Zone_08,Zone_07
CT001574,Zone_07,Zone_07,0.9588,0.0411,0.9177,True,Zone_07,Zone_06
CT019652,Zone_04,Zone_04,0.9899,0.01,0.9799,True,Zone_04,Zone_06
CT011744,Zone_04,Zone_04,1.0,0.0,1.0,True,Zone_04,Zone_10
CT006461,Zone_01,Zone_01,0.9999,0.0001,0.9998,True,Zone_01,Zone_03
CT017640,Zone_07,Zone_07,0.9667,0.0333,0.9334,True,Zone_07,Zone_06
CT016267,Zone_08,Zone_08,0.5523,0.4469,0.1054,True,Zone_08,Zone_07
CT018969,Zone_07,Zone_07,0.8837,0.1163,0.7674,True,Zone_07,Zone_08
CT014409,Zone_05,Zone_05,0.9927,0.0069,0.9858,True,Zone_05,Zone_04
CT003833,Zone_08,Zone_08,0.9999,0.0001,0.9998,True,Zone_08,Zone_07
CT006378,Zone_07,Zone_07,0.9864,0.0095,0.9769,True,Zone_07,Zone_06
CT004543,Zone_10,Zone_10,0.9943,0.0057,0.9886,True,Zone_10,Zone_09
CT016147,Zone_03,Zone_03,1.0,0.0,1.0,True,Zone_03,Zone_10
CT015179,Zone_07,Zone_07,0.8935,0.1065,0.787,True,Zone_07,Zone_08
CT007147,Zone_04,Zone_04,0.999,0.001,0.998,True,Zone_04,Zone_09
CT002221,Zone_04,Zone_04,0.9979,0.0019,0.996,True,Zone_04,Zone_05
CT014888,Zone_06,Zone_07,0.9663,0.0337,0.9326,False,Zone_07,Zone_06
CT003569,Zone_07,Zone_07,0.9614,0.022,0.9394,True,Zone_07,Zone_06
CT002461,Zone_07,Zone_07,0.9705,0.0295,0.941,True,Zone_07,Zone_06
CT008877,Zone_07,Zone_07,0.9647,0.0352,0.9295,True,Zone_07,Zone_06
CT009563,Zone_02,Zone_02,0.9925,0.0075,0.985,True,Zone_02,Zone_01
CT015283,Zone_10,Zone_10,1.0,0.0,1.0,True,Zone_10,Zone_09
CT003842,Zone_08,Zone_08,0.6788,0.3211,0.3577,True,Zone_08,Zone_07
CT000727,Zone_04,Zone_04,0.9998,0.0001,0.9997,True,Zone_04,Zone_08
CT002604,Zone_07,Zone_07,0.9626,0.0369,0.9257,True,Zone_07,Zone_08
CT012085,Zone_07,Zone_07,0.989,0.011,0.978,True,Zone_07,Zone_06
CT018349,Zone_03,Zone_03,0.9933,0.0067,0.9866,True,Zone_03,Zone_01
CT011529,Zone_07,Zone_07,0.9958,0.0042,0.9916,True,Zone_07,Zone_08
CT007127,Zone_04,Zone_04,0.9999,0.0001,0.9998,True,Zone_04,Zone_05
CT016243,Zone_07,Zone_07,0.9863,0.0137,0.9726,True,Zone_07,Zone_06
CT010361,Zone_06,Zone_07,0.9619,0.0366,0.9253,False,Zone_07,Zone_06
CT011958,Zone_03,Zone_03,0.995,0.005,0.99,True,Zone_03,Zone_02
CT019558,Zone_06,Zone_06,0.9865,0.0076,0.9789,True,Zone_06,Zone_07
CT004393,Zone_07,Zone_07,0.8286,0.1714,0.6572,True,Zone_07,Zone_08
CT015506,Zone_07,Zone_07,0.9952,0.0048,0.9904,True,Zone_07,Zone_08
CT011124,Zone_02,Zone_02,1.0,0.0,1.0,True,Zone_02,Zone_10
CT003679,Zone_04,Zone_04,0.9999,0.0001,0.9998,True,Zone_04,Zone_08
CT002477,Zone_03,Zone_03,1.0,0.0,1.0,True,Zone_03,Zone_10
CT006752,Zone_04,Zone_04,1.0,0.0,1.0,True,Zone_04,Zone_10
CT009918,Zone_08,Zone_08,0.9999,0.0001,0.9998,True,Zone_08,Zone_07
CT001547,Zone_04,Zone_04,0.987,0.0095,0.9775,True,Zone_04,Zone_03
CT011861,Zone_10,Zone_10,0.9988,0.0012,0.9976,True,Zone_10,Zone_03
CT008302,Zone_05,Zone_05,0.9842,0.01,0.9742,True,Zone_05,Zone_04
CT016524,Zone_02,Zone_02,1.0,0.0,1.0,True,Zone_02,Zone_10
CT008004,Zone_02,Zone_02,0.9984,0.0016,0.9968,True,Zone_02,Zone_05
CT011864,Zone_07,Zone_07,0.9639,0.0358,0.9281,True,Zone_07,Zone_08
CT018196,Zone_08,Zone_08,0.9998,0.0002,0.9996,True,Zone_08,Zone_07
CT019832,Zone_10,Zone_10,0.995,0.005,0.99,True,Zone_10,Zone_08
CT009074,Zone_08,Zone_08,0.6292,0.3707,0.2585,True,Zone_08,Zone_07
CT016296,Zone_08,Zone_08,0.9999,0.0001,0.9998,True,Zone_08,Zone_07
CT007184,Zone_04,Zone_04,1.0,0.0,1.0,True,Zone_04,Zone_10
CT010032,Zone_07,Zone_07,0.9669,0.0328,0.9341,True,Zone_07,Zone_08
CT006888,Zone_04,Zone_04,0.994,0.0045,0.9895,True,Zone_04,Zone_05
CT000456,Zone_01,Zone_01,0.9999,0.0001,0.9998,True,Zone_01,Zone_03
CT001458,Zone_08,Zone_08,0.9998,0.0002,0.9996,True,Zone_08,Zone_07
CT018000,Zone_04,Zone_04,0.9999,0.0001,0.9998,True,Zone_04,Zone_05
CT000368,Zone_08,Zone_08,0.6287,0.3711,0.2576,True,Zone_08,Zone_07
CT007866,Zone_08,Zone_08,0.9949,0.0051,0.9898,True,Zone_08,Zone_07
CT015923,Zone_03,Zone_03,1.0,0.0,1.0,True,Zone_03,Zone_10
CT005981,Zone_07,Zone_07,0.7897,0.2103,0.5794,True,Zone_07,Zone_08
CT017944,Zone_01,Zone_01,0.9999,0.0001,0.9998,True,Zone_01,Zone_03
CT019232,Zone_07,Zone_07,0.9868,0.0132,0.9736,True,Zone_07,Zone_08
CT009992,Zone_04,Zone_04,0.9925,0.0075,0.985,True,Zone_04,Zone_05
CT011231,Zone_02,Zone_02,1.0,0.0,1.0,True,Zone_02,Zone_10
CT013481,Zone_04,Zone_04,1.0,0.0,1.0,True,Zone_04,Zone_10
CT013605,Zone_01,Zone_01,0.9966,0.0033,0.9933,True,Zone_01,Zone_02
CT015653,Zone_07,Zone_07,0.9863,0.0136,0.9727,True,Zone_07,Zone_06
CT019806,Zone_08,Zone_08,0.6652,0.3346,0.3306,True,Zone_08,Zone_07
CT012470,Zone_01,Zone_01,0.9998,0.0002,0.9996,True,Zone_01,Zone_03
CT005232,Zone_06,Zone_06,1.0,0.0,1.0,True,Zone_06,Zone_10
CT013632,Zone_07,Zone_07,0.9864,0.013,0.9734,True,Zone_07,Zone_06
CT011157,Zone_06,Zone_06,1.0,0.0,1.0,True,Zone_06,Zone_10
CT016039,Zone_07,Zone_07,0.8609,0.1373,0.7236,True,Zone_07,Zone_08
CT009422,Zone_02,Zone_02,0.9951,0.0049,0.9902,True,Zone_02,Zone_01
CT006410,Zone_01,Zone_01,0.9899,0.01,0.9799,True,Zone_01,Zone_02
CT005225,Zone_08,Zone_08,0.9996,0.0003,0.9993,True,Zone_08,Zone_05
CT003025,Zone_04,Zone_04,0.9932,0.0068,0.9864,True,Zone_04,Zone_05
CT006836,Zone_03,Zone_03,0.9999,0.0001,0.9998,True,Zone_03,Zone_02
CT017998,Zone_08,Zone_08,0.6864,0.3135,0.3729,True,Zone_08,Zone_07
CT018913,Zone_10,Zone_10,1.0,0.0,1.0,True,Zone_10,Zone_09
CT011227,Zone_04,Zone_04,0.9999,0.0001,0.9998,True,Zone_04,Zone_08
CT003223,Zone_07,Zone_07,0.9868,0.0132,0.9736,True,Zone_07,Zone_08
CT019427,Zone_07,Zone_07,0.9785,0.0215,0.957,True,Zone_07,Zone_08
CT014062,Zone_01,Zone_01,0.9999,0.0001,0.9998,True,Zone_01,Zone_03
CT007569,Zone_06,Zone_06,1.0,0.0,1.0,True,Zone_06,Zone_10
CT019939,Zone_04,Zone_04,1.0,0.0,1.0,True,Zone_04,Zone_10
CT000990,Zone_07,Zone_07,0.9968,0.0028,0.994,True,Zone_07,Zone_08
CT010330,Zone_07,Zone_07,0.959,0.0387,0.9203,True,Zone_07,Zone_06
CT001985,Zone_07,Zone_08,0.6464,0.3535,0.2929,False,Zone_08,Zone_07
CT015218,Zone_07,Zone_07,0.9902,0.0093,0.9809,True,Zone_07,Zone_08
CT002217,Zone_03,Zone_03,1.0,0.0,1.0,True,Zone_03,Zone_10
CT017145,Zone_08,Zone_08,0.6468,0.3467,0.3001,True,Zone_08,Zone_07
CT007048,Zone_04,Zone_04,0.9997,0.0002,0.9995,True,Zone_04,Zone_08
CT004925,Zone_08,Zone_08,0.9959,0.0041,0.9918,True,Zone_08,Zone_07
CT006455,Zone_07,Zone_08,0.5906,0.4093,0.1813,False,Zone_08,Zone_07
CT010468,Zone_01,Zone_01,1.0,0.0,1.0,True,Zone_01,Zone_10
CT020000,Zone_03,Zone_03,0.7988,0.1186,0.6802,True,Zone_03,Zone_04
CT006523,Zone_02,Zone_02,1.0,0.0,1.0,True,Zone_02,Zone_10
CT013676,Zone_09,Zone_09,0.9996,0.0004,0.9992,True,Zone_09,Zone_10
CT004482,Zone_07,Zone_08,0.6448,0.3551,0.2897,False,Zone_08,Zone_07
CT010455,Zone_05,Zone_05,1.0,0.0,1.0,True,Zone_05,Zone_10
CT000683,Zone_02,Zone_02,1.0,0.0,1.0,True,Zone_02,Zone_10
CT015703,Zone_04,Zone_04,0.9951,0.0049,0.9902,True,Zone_04,Zone_05
CT008356,Zone_07,Zone_07,0.9736,0.0262,0.9474,True,Zone_07,Zone_08
CT010251,Zone_07,Zone_07,0.9788,0.0211,0.9577,True,Zone_07,Zone_08
CT003990,Zone_09,Zone_09,0.9657,0.0186,0.9471,True,Zone_09,Zone_04
CT019032,Zone_07,Zone_07,0.9875,0.0125,0.975,True,Zone_07,Zone_08
CT010318,Zone_07,Zone_07,0.833,0.1669,0.6661,True,Zone_07,Zone_08
CT004377,Zone_08,Zone_08,0.5919,0.4076,0.1843,True,Zone_08,Zone_07
CT001187,Zone_05,Zone_05,1.0,0.0,1.0,True,Zone_05,Zone_10
CT004158,Zone_02,Zone_02,0.9925,0.0075,0.985,True,Zone_02,Zone_01
CT019436,Zone_07,Zone_07,0.9224,0.0773,0.8451,True,Zone_07,Zone_08
CT006701,Zone_04,Zone_04,0.9916,0.0045,0.9871,True,Zone_04,Zone_05
CT012513,Zone_04,Zone_04,0.9808,0.01,0.9708,True,Zone_04,Zone_05
CT016260,Zone_07,Zone_07,0.999,0.001,0.998,True,Zone_07,Zone_08
CT002968,Zone_04,Zone_04,0.9999,0.0001,0.9998,True,Zone_04,Zone_08
CT007870,Zone_08,Zone_08,0.5581,0.4418,0.1163,True,Zone_08,Zone_07
CT006504,Zone_07,Zone_07,0.9151,0.0608,0.8543,True,Zone_07,Zone_06
CT004196,Zone_07,Zone_07,0.8296,0.1703,0.6593,True,Zone_07,Zone_08
CT009461,Zone_07,Zone_07,0.9108,0.0892,0.8216,True,Zone_07,Zone_06
CT002833,Zone_08,Zone_08,0.9832,0.0168,0.9664,True,Zone_08,Zone_07
CT017160,Zone_08,Zone_08,0.5355,0.4594,0.0761,True,Zone_08,Zone_07
CT013150,Zone_04,Zone_04,0.9998,0.0001,0.9997,True,Zone_04,Zone_08
CT007875,Zone_07,Zone_07,0.8332,0.1627,0.6705,True,Zone_07,Zone_08
CT009714,Zone_07,Zone_07,0.9844,0.0156,0.9688,True,Zone_07,Zone_08
CT004752,Zone_07,Zone_07,0.8215,0.1784,0.6431,True,Zone_07,Zone_08
CT012254,Zone_02,Zone_02,1.0,0.0,1.0,True,Zone_02,Zone_10
CT016754,Zone_08,Zone_08,0.7234,0.2755,0.4479,True,Zone_08,Zone_07
CT014857,Zone_08,Zone_08,0.5231,0.4769,0.0462,True,Zone_08,Zone_07
CT019568,Zone_01,Zone_01,0.9998,0.0002,0.9996,True,Zone_01,Zone_03
CT012180,Zone_05,Zone_05,0.9899,0.01,0.9799,True,Zone_05,Zone_04
CT017142,Zone_02,Zone_02,1.0,0.0,1.0,True,Zone_02,Zone_10
CT006514,Zone_07,Zone_07,0.9848,0.0148,0.97,True,Zone_07,Zone_08
CT009965,Zone_02,Zone_02,0.9951,0.0049,0.9902,True,Zone_02,Zone_01
CT006208,Zone_04,Zone_04,0.995,0.005,0.99,True,Zone_04,Zone_05
CT008973,Zone_07,Zone_07,0.936,0.0631,0.8729,True,Zone_07,Zone_06
CT009225,Zone_02,Zone_02,0.9943,0.0057,0.9886,True,Zone_02,Zone_01
CT001559,Zone_08,Zone_08,0.6709,0.3291,0.3418,True,Zone_08,Zone_07
CT006414,Zone_10,Zone_10,1.0,0.0,1.0,True,Zone_10,Zone_09
CT004788,Zone_07,Zone_07,0.9763,0.0235,0.9528,True,Zone_07,Zone_08
CT018772,Zone_08,Zone_08,0.9999,0.0001,0.9998,True,Zone_08,Zone_07
CT008651,Zone_04,Zone_04,0.9999,0.0001,0.9998,True,Zone_04,Zone_05
CT002119,Zone_03,Zone_03,0.99,0.01,0.98,True,Zone_03,Zone_04
CT002838,Zone_04,Zone_04,0.9982,0.0018,0.9964,True,Zone_04,Zone_09
CT001641,Zone_07,Zone_07,0.9748,0.0242,0.9506,True,Zone_07,Zone_08
CT010984,Zone_03,Zone_03,0.9999,0.0001,0.9998,True,Zone_03,Zone_02
CT013553,Zone_02,Zone_02,1.0,0.0,1.0,True,Zone_02,Zone_10
CT012629,Zone_04,Zone_04,0.9951,0.0049,0.9902,True,Zone_04,Zone_05
CT013513,Zone_07,Zone_07,0.9605,0.0395,0.921,True,Zone_07,Zone_08
CT000402,Zone_06,Zone_06,1.0,0.0,1.0,True,Zone_06,Zone_10
CT017399,Zone_07,Zone_07,0.9983,0.0016,0.9967,True,Zone_07,Zone_08
CT001582,Zone_04,Zone_04,0.988,0.0119,0.9761,True,Zone_04,Zone_05
CT015920,Zone_06,Zone_06,0.9907,0.0053,0.9854,True,Zone_06,Zone_08
CT017298,Zone_05,Zone_05,0.9873,0.0124,0.9749,True,Zone_05,Zone_04
CT006850,Zone_10,Zone_10,0.9975,0.0025,0.995,True,Zone_10,Zone_09
CT009318,Zone_04,Zone_04,0.9999,0.0001,0.9998,True,Zone_04,Zone_05
CT010170,Zone_03,Zone_03,1.0,0.0,1.0,True,Zone_03,Zone_10
CT002110,Zone_03,Zone_03,1.0,0.0,1.0,True,Zone_03,Zone_10
CT017357,Zone_08,Zone_08,0.7416,0.2582,0.4834,True,Zone_08,Zone_07
CT008989,Zone_02,Zone_02,1.0,0.0,1.0,True,Zone_02,Zone_10
CT013666,Zone_04,Zone_04,0.9929,0.0057,0.9872,True,Zone_04,Zone_05
CT004317,Zone_10,Zone_10,1.0,0.0,1.0,True,Zone_10,Zone_09
CT003305,Zone_07,Zone_08,0.6588,0.3411,0.3177,False,Zone_08,Zone_07
CT005459,Zone_01,Zone_01,0.9999,0.0001,0.9998,True,Zone_01,Zone_03
CT007699,Zone_03,Zone_03,1.0,0.0,1.0,True,Zone_03,Zone_10
CT004664,Zone_03,Zone_03,0.9999,0.0001,0.9998,True,Zone_03,Zone_02
CT007153,Zone_09,Zone_09,0.9845,0.0077,0.9768,True,Zone_09,Zone_04
CT010402,Zone_03,Zone_03,0.99,0.01,0.98,True,Zone_03,Zone_04
CT019224,Zone_08,Zone_08,0.692,0.3078,0.3842,True,Zone_08,Zone_07
CT019138,Zone_07,Zone_07,0.9449,0.055,0.8899,True,Zone_07,Zone_06
CT018651,Zone_08,Zone_08,0.6401,0.3589,0.2812,True,Zone_08,Zone_07
CT010016,Zone_03,Zone_03,0.9925,0.0075,0.985,True,Zone_03,Zone_04
CT012973,Zone_07,Zone_07,0.9777,0.0212,0.9565,True,Zone_07,Zone_06
CT018737,Zone_01,Zone_01,0.9999,0.0001,0.9998,True,Zone_01,Zone_03
CT004555,Zone_04,Zone_04,0.9912,0.008,0.9832,True,Zone_04,Zone_02
CT003864,Zone_04,Zone_04,0.996,0.004,0.992,True,Zone_04,Zone_05
CT006312,Zone_07,Zone_07,0.9864,0.0136,0.9728,True,Zone_07,Zone_06
CT005194,Zone_07,Zone_08,0.5053,0.4946,0.0107,False,Zone_08,Zone_07
CT016171,Zone_07,Zone_07,0.9915,0.0083,0.9832,True,Zone_07,Zone_08
CT004862,Zone_07,Zone_07,0.9271,0.0729,0.8542,True,Zone_07,Zone_06
CT004187,Zone_03,Zone_03,0.9995,0.0005,0.999,True,Zone_03,Zone_04
CT015686,Zone_04,Zone_04,0.9947,0.0049,0.9898,True,Zone_04,Zone_05
CT009539,Zone_07,Zone_08,0.5813,0.4136,0.1677,False,Zone_08,Zone_07
CT010516,Zone_01,Zone_01,0.9999,0.0001,0.9998,True,Zone_01,Zone_03
CT019446,Zone_07,Zone_07,0.8027,0.1971,0.6056,True,Zone_07,Zone_08
CT012605,Zone_01,Zone_01,0.9999,0.0001,0.9998,True,Zone_01,Zone_03
CT017579,Zone_08,Zone_08,0.684,0.3017,0.3823,True,Zone_08,Zone_07
CT013342,Zone_03,Zone_03,0.9999,0.0001,0.9998,True,Zone_03,Zone_02
CT019056,Zone_07,Zone_07,0.8179,0.182,0.6359,True,Zone_07,Zone_08
CT001944,Zone_01,Zone_01,0.9999,0.0001,0.9998,True,Zone_01,Zone_03
CT013824,Zone_07,Zone_07,0.9791,0.0148,0.9643,True,Zone_07,Zone_06
CT007231,Zone_04,Zone_04,0.9999,0.0001,0.9998,True,Zone_04,Zone_08
CT014288,Zone_03,Zone_03,1.0,0.0,1.0,True,Zone_03,Zone_10
CT013004,Zone_08,Zone_08,0.9918,0.0048,0.987,True,Zone_08,Zone_07
CT015930,Zone_03,Zone_03,1.0,0.0,1.0,True,Zone_03,Zone_10
CT001895,Zone_04,Zone_04,0.9999,0.0001,0.9998,True,Zone_04,Zone_05
CT005329,Zone_08,Zone_08,0.9926,0.0057,0.9869,True,Zone_08,Zone_07
CT016652,Zone_07,Zone_07,0.997,0.0016,0.9954,True,Zone_07,Zone_06
CT008286,Zone_03,Zone_03,0.9883,0.0067,0.9816,True,Zone_03,Zone_04
CT006166,Zone_07,Zone_08,0.7039,0.296,0.4079,False,Zone_08,Zone_07
CT013571,Zone_04,Zone_04,1.0,0.0,1.0,True,Zone_04,Zone_10
CT007254,Zone_08,Zone_08,0.613,0.3868,0.2262,True,Zone_08,Zone_07
CT000169,Zone_04,Zone_04,0.9999,0.0001,0.9998,True,Zone_04,Zone_05
CT018899,Zone_10,Zone_10,1.0,0.0,1.0,True,Zone_10,Zone_09
CT014561,Zone_07,Zone_07,0.8043,0.1956,0.6087,True,Zone_07,Zone_08
CT011948,Zone_08,Zone_08,0.9882,0.0101,0.9781,True,Zone_08,Zone_07
CT016840,Zone_07,Zone_07,0.9853,0.0145,0.9708,True,Zone_07,Zone_06
CT005034,Zone_08,Zone_07,0.8062,0.1937,0.6125,False,Zone_07,Zone_08
CT007085,Zone_08,Zone_08,0.5363,0.46,0.0763,True,Zone_08,Zone_07
CT008774,Zone_07,Zone_07,0.9928,0.0072,0.9856,True,Zone_07,Zone_08
CT004014,Zone_02,Zone_02,1.0,0.0,1.0,True,Zone_02,Zone_10
CT003695,Zone_08,Zone_07,0.965,0.0347,0.9303,False,Zone_07,Zone_08
CT001373,Zone_08,Zone_08,0.9999,0.0001,0.9998,True,Zone_08,Zone_07
CT014739,Zone_04,Zone_04,0.9999,0.0001,0.9998,True,Zone_04,Zone_05
CT006890,Zone_08,Zone_08,0.6827,0.3147,0.368,True,Zone_08,Zone_07
CT001734,Zone_04,Zone_04,0.9953,0.0045,0.9908,True,Zone_04,Zone_05
CT000523,Zone_03,Zone_03,1.0,0.0,1.0,True,Zone_03,Zone_10
CT015202,Zone_05,Zone_05,0.9999,0.0001,0.9998,True,Zone_05,Zone_08
CT009236,Zone_04,Zone_04,0.9999,0.0001,0.9998,True,Zone_04,Zone_08
CT008065,Zone_10,Zone_10,1.0,0.0,1.0,True,Zone_10,Zone_09
CT011259,Zone_08,Zone_08,0.9982,0.0018,0.9964,True,Zone_08,Zone_07
CT007058,Zone_03,Zone_03,0.9999,0.0001,0.9998,True,Zone_03,Zone_02
CT002319,Zone_08,Zone_08,0.9999,0.0001,0.9998,True,Zone_08,Zone_07
CT015906,Zone_02,Zone_02,1.0,0.0,1.0,True,Zone_02,Zone_10
CT005238,Zone_03,Zone_03,1.0,0.0,1.0,True,Zone_03,Zone_10
CT003120,Zone_04,Zone_04,1.0,0.0,1.0,True,Zone_04,Zone_10
CT017332,Zone_04,Zone_04,0.9999,0.0001,0.9998,True,Zone_04,Zone_05
CT008307,Zone_07,Zone_08,0.6482,0.3517,0.2965,False,Zone_08,Zone_07
CT000176,Zone_02,Zone_02,1.0,0.0,1.0,True,Zone_02,Zone_10
CT003191,Zone_01,Zone_01,0.9999,0.0001,0.9998,True,Zone_01,Zone_03
CT002980,Zone_07,Zone_07,0.9951,0.0048,0.9903,True,Zone_07,Zone_06
CT012239,Zone_10,Zone_10,0.9997,0.0003,0.9994,True,Zone_10,Zone_03
CT010213,Zone_02,Zone_02,1.0,0.0,1.0,True,Zone_02,Zone_10
CT016506,Zone_07,Zone_07,0.9956,0.0044,0.9912,True,Zone_07,Zone_08
CT005173,Zone_07,Zone_07,0.9914,0.0086,0.9828,True,Zone_07,Zone_06
CT003960,Zone_05,Zone_05,0.986,0.0084,0.9776,True,Zone_05,Zone_02
CT013321,Zone_01,Zone_01,0.9999,0.0001,0.9998,True,Zone_01,Zone_03
CT015471,Zone_01,Zone_01,0.9999,0.0001,0.9998,True,Zone_01,Zone_03
CT012371,Zone_06,Zone_06,1.0,0.0,1.0,True,Zone_06,Zone_10
CT002070,Zone_07,Zone_07,0.9118,0.0881,0.8237,True,Zone_07,Zone_08
CT011261,Zone_07,Zone_07,0.9011,0.0939,0.8072,True,Zone_07,Zone_08
CT002322,Zone_02,Zone_02,0.9884,0.0067,0.9817,True,Zone_02,Zone_03
CT013048,Zone_08,Zone_08,0.7472,0.2527,0.4945,True,Zone_08,Zone_07
CT016313,Zone_06,Zone_06,1.0,0.0,1.0,True,Zone_06,Zone_10
CT010421,Zone_01,Zone_01,0.9999,0.0001,0.9998,True,Zone_01,Zone_03
CT016854,Zone_08,Zone_08,0.6303,0.3696,0.2607,True,Zone_08,Zone_07
CT012747,Zone_07,Zone_07,0.9781,0.0219,0.9562,True,Zone_07,Zone_06
CT014302,Zone_07,Zone_08,0.7001,0.2998,0.4003,False,Zone_08,Zone_07
CT004088,Zone_08,Zone_08,0.666,0.3309,0.3351,True,Zone_08,Zone_07
CT004644,Zone_02,Zone_02,1.0,0.0,1.0,True,Zone_02,Zone_10
CT006406,Zone_08,Zone_08,0.6776,0.3224,0.3552,True,Zone_08,Zone_07
CT003727,Zone_10,Zone_10,1.0,0.0,1.0,True,Zone_10,Zone_09
CT007704,Zone_08,Zone_08,0.7204,0.2795,0.4409,True,Zone_08,Zone_07
CT006916,Zone_07,Zone_07,0.9793,0.0155,0.9638,True,Zone_07,Zone_06
CT011670,Zone_07,Zone_08,0.5707,0.4293,0.1414,False,Zone_08,Zone_07
CT002490,Zone_08,Zone_08,0.6459,0.354,0.2919,True,Zone_08,Zone_07
CT010197,Zone_03,Zone_03,1.0,0.0,1.0,True,Zone_03,Zone_10
CT008100,Zone_10,Zone_10,1.0,0.0,1.0,True,Zone_10,Zone_09
CT019757,Zone_03,Zone_03,1.0,0.0,1.0,True,Zone_03,Zone_10
CT011778,Zone_04,Zone_04,0.9903,0.0057,0.9846,True,Zone_04,Zone_05
CT006101,Zone_07,Zone_07,0.867,0.1313,0.7357,True,Zone_07,Zone_08
CT000474,Zone_03,Zone_03,0.9995,0.0005,0.999,True,Zone_03,Zone_04
CT012953,Zone_04,Zone_04,0.9998,0.0001,0.9997,True,Zone_04,Zone_08
CT010257,Zone_07,Zone_07,0.9776,0.0224,0.9552,True,Zone_07,Zone_06
CT003267,Zone_01,Zone_01,0.9999,0.0001,0.9998,True,Zone_01,Zone_03
CT017246,Zone_04,Zone_04,0.9979,0.0019,0.996,True,Zone_04,Zone_05
CT015739,Zone_03,Zone_03,1.0,0.0,1.0,True,Zone_03,Zone_10
CT015213,Zone_08,Zone_08,0.7212,0.2786,0.4426,True,Zone_08,Zone_07
CT013225,Zone_08,Zone_08,0.7435,0.2564,0.4871,True,Zone_08,Zone_07
CT006804,Zone_05,Zone_05,0.9899,0.01,0.9799,True,Zone_05,Zone_04
CT007304,Zone_08,Zone_08,0.9874,0.0109,0.9765,True,Zone_08,Zone_07
CT009292,Zone_07,Zone_07,0.95,0.05,0.9,True,Zone_07,Zone_06
CT011993,Zone_07,Zone_07,0.9402,0.0455,0.8947,True,Zone_07,Zone_06
CT012935,Zone_09,Zone_09,0.9555,0.0161,0.9394,True,Zone_09,Zone_10
CT012298,Zone_02,Zone_02,0.9984,0.0016,0.9968,True,Zone_02,Zone_05
CT015029,Zone_07,Zone_08,0.5744,0.4212,0.1532,False,Zone_08,Zone_07
CT005982,Zone_07,Zone_07,0.8173,0.1827,0.6346,True,Zone_07,Zone_08
CT015209,Zone_04,Zone_04,0.9849,0.0151,0.9698,True,Zone_04,Zone_05
CT004353,Zone_07,Zone_08,0.8107,0.1892,0.6215,False,Zone_08,Zone_07
CT015896,Zone_07,Zone_07,0.9007,0.0993,0.8014,True,Zone_07,Zone_06
CT004904,Zone_07,Zone_07,0.9727,0.0141,0.9586,True,Zone_07,Zone_06
CT017327,Zone_06,Zone_07,0.9407,0.0593,0.8814,False,Zone_07,Zone_06
CT006925,Zone_04,Zone_04,1.0,0.0,1.0,True,Zone_04,Zone_10
CT016949,Zone_01,Zone_01,0.9936,0.0063,0.9873,True,Zone_01,Zone_02
CT013803,Zone_03,Zone_03,1.0,0.0,1.0,True,Zone_03,Zone_10
CT018163,Zone_10,Zone_10,1.0,0.0,1.0,True,Zone_10,Zone_09
CT010138,Zone_08,Zone_08,0.5187,0.4812,0.0375,True,Zone_08,Zone_07
CT002115,Zone_02,Zone_02,1.0,0.0,1.0,True,Zone_02,Zone_10
CT011675,Zone_02,Zone_02,1.0,0.0,1.0,True,Zone_02,Zone_10
CT012938,Zone_04,Zone_04,0.995,0.005,0.99,True,Zone_04,Zone_05
CT006231,Zone_06,Zone_06,1.0,0.0,1.0,True,Zone_06,Zone_10
CT013934,Zone_08,Zone_08,0.9999,0.0001,0.9998,True,Zone_08,Zone_07
CT019149,Zone_04,Zone_04,1.0,0.0,1.0,True,Zone_04,Zone_10
CT007630,Zone_07,Zone_07,0.9682,0.0318,0.9364,True,Zone_07,Zone_06
CT000367,Zone_07,Zone_07,0.9822,0.0177,0.9645,True,Zone_07,Zone_08
CT000429,Zone_02,Zone_02,0.9996,0.0004,0.9992,True,Zone_02,Zone_04
CT013840,Zone_07,Zone_07,0.8648,0.1344,0.7304,True,Zone_07,Zone_08
CT007482,Zone_06,Zone_06,1.0,0.0,1.0,True,Zone_06,Zone_10
CT012396,Zone_05,Zone_05,0.9829,0.0144,0.9685,True,Zone_05,Zone_04
CT003876,Zone_08,Zone_08,0.9998,0.0002,0.9996,True,Zone_08,Zone_07
CT004107,Zone_07,Zone_08,0.6793,0.3206,0.3587,False,Zone_08,Zone_07
CT004609,Zone_03,Zone_03,0.9906,0.0094,0.9812,True,Zone_03,Zone_02
CT019730,Zone_08,Zone_08,0.7385,0.2605,0.478,True,Zone_08,Zone_07
CT005384,Zone_01,Zone_01,0.9949,0.0051,0.9898,True,Zone_01,Zone_02
CT014478,Zone_07,Zone_07,0.9891,0.0109,0.9782,True,Zone_07,Zone_06
CT005160,Zone_04,Zone_04,0.9976,0.0023,0.9953,True,Zone_04,Zone_09
CT018917,Zone_05,Zone_05,0.9911,0.0078,0.9833,True,Zone_05,Zone_04
CT013908,Zone_08,Zone_08,0.9999,0.0001,0.9998,True,Zone_08,Zone_07
CT016425,Zone_07,Zone_08,0.7372,0.262,0.4752,False,Zone_08,Zone_07
CT006573,Zone_08,Zone_08,0.6818,0.3181,0.3637,True,Zone_08,Zone_07
CT009051,Zone_03,Zone_03,1.0,0.0,1.0,True,Zone_03,Zone_10
CT004104,Zone_04,Zone_04,0.999,0.001,0.998,True,Zone_04,Zone_08
CT004529,Zone_04,Zone_04,0.9995,0.0003,0.9992,True,Zone_04,Zone_01
CT003080,Zone_04,Zone_04,0.9948,0.0045,0.9903,True,Zone_04,Zone_05
CT011148,Zone_02,Zone_02,1.0,0.0,1.0,True,Zone_02,Zone_10
CT009496,Zone_03,Zone_03,1.0,0.0,1.0,True,Zone_03,Zone_10
CT018393,Zone_01,Zone_01,0.9999,0.0001,0.9998,True,Zone_01,Zone_03
CT007541,Zone_10,Zone_10,1.0,0.0,1.0,True,Zone_10,Zone_09
CT003980,Zone_07,Zone_08,0.6375,0.3624,0.2751,False,Zone_08,Zone_07
CT016162,Zone_04,Zone_04,0.9998,0.0001,0.9997,True,Zone_04,Zone_08
CT005811,Zone_07,Zone_07,0.8882,0.1112,0.777,True,Zone_07,Zone_08
CT004265,Zone_07,Zone_08,0.6159,0.384,0.2319,False,Zone_08,Zone_07
CT002298,Zone_02,Zone_02,0.9867,0.0067,0.98,True,Zone_02,Zone_04
CT005476,Zone_03,Zone_03,0.9949,0.005,0.9899,True,Zone_03,Zone_04
CT000892,Zone_10,Zone_10,1.0,0.0,1.0,True,Zone_10,Zone_09
CT007667,Zone_07,Zone_07,0.9908,0.0086,0.9822,True,Zone_07,Zone_08
CT010793,Zone_07,Zone_07,0.8167,0.1742,0.6425,True,Zone_07,Zone_08
CT013985,Zone_10,Zone_10,1.0,0.0,1.0,True,Zone_10,Zone_09
CT003668,Zone_03,Zone_03,1.0,0.0,1.0,True,Zone_03,Zone_10
CT004759,Zone_02,Zone_02,1.0,0.0,1.0,True,Zone_02,Zone_10
CT002621,Zone_07,Zone_07,0.9805,0.0145,0.966,True,Zone_07,Zone_06
CT014877,Zone_06,Zone_06,1.0,0.0,1.0,True,Zone_06,Zone_10
CT008558,Zone_08,Zone_08,0.632,0.3678,0.2642,True,Zone_08,Zone_07
CT009183,Zone_08,Zone_08,0.9676,0.0299,0.9377,True,Zone_08,Zone_07
CT008366,Zone_10,Zone_10,1.0,0.0,1.0,True,Zone_10,Zone_09
CT005257,Zone_08,Zone_08,0.6347,0.3644,0.2703,True,Zone_08,Zone_07
CT019248,Zone_07,Zone_07,0.8045,0.1955,0.609,True,Zone_07,Zone_08
CT010510,Zone_07,Zone_07,0.9943,0.004,0.9903,True,Zone_07,Zone_08
CT016053,Zone_10,Zone_10,1.0,0.0,1.0,True,Zone_10,Zone_09
CT001623,Zone_07,Zone_07,0.9872,0.0126,0.9746,True,Zone_07,Zone_08
CT018389,Zone_07,Zone_07,0.9849,0.0151,0.9698,True,Zone_07,Zone_08
CT008515,Zone_05,Zone_05,1.0,0.0,1.0,True,Zone_05,Zone_10
CT009442,Zone_10,Zone_10,0.99,0.01,0.98,True,Zone_10,Zone_08
CT017955,Zone_09,Zone_09,0.9926,0.0071,0.9855,True,Zone_09,Zone_10
CT016258,Zone_03,Zone_03,1.0,0.0,1.0,True,Zone_03,Zone_10
CT018617,Zone_02,Zone_02,0.9984,0.0016,0.9968,True,Zone_02,Zone_05
CT010955,Zone_06,Zone_06,1.0,0.0,1.0,True,Zone_06,Zone_10
CT012905,Zone_03,Zone_03,1.0,0.0,1.0,True,Zone_03,Zone_10
CT011705,Zone_03,Zone_03,1.0,0.0,1.0,True,Zone_03,Zone_10
CT009210,Zone_07,Zone_07,0.9912,0.0087,0.9825,True,Zone_07,Zone_08
CT010744,Zone_07,Zone_07,0.9898,0.0101,0.9797,True,Zone_07,Zone_08
CT001575,Zone_03,Zone_03,0.9925,0.0075,0.985,True,Zone_03,Zone_10
CT009750,Zone_03,Zone_03,1.0,0.0,1.0,True,Zone_03,Zone_10
CT019603,Zone_09,Zone_09,0.9874,0.0104,0.977,True,Zone_09,Zone_07
CT017224,Zone_04,Zone_04,0.9903,0.005,0.9853,True,Zone_04,Zone_02
CT003952,Zone_10,Zone_10,1.0,0.0,1.0,True,Zone_10,Zone_09
CT002709,Zone_01,Zone_01,0.9999,0.0001,0.9998,True,Zone_01,Zone_03
CT017740,Zone_07,Zone_07,0.8653,0.1331,0.7322,True,Zone_07,Zone_08
CT004834,Zone_07,Zone_07,0.981,0.0115,0.9695,True,Zone_07,Zone_08
CT007659,Zone_03,Zone_03,1.0,0.0,1.0,True,Zone_03,Zone_10
CT014138,Zone_10,Zone_10,1.0,0.0,1.0,True,Zone_10,Zone_09
CT013936,Zone_08,Zone_08,0.9919,0.008,0.9839,True,Zone_08,Zone_09
CT010186,Zone_03,Zone_03,1.0,0.0,1.0,True,Zone_03,Zone_10
CT001566,Zone_08,Zone_08,0.9998,0.0002,0.9996,True,Zone_08,Zone_07
CT006901,Zone_05,Zone_05,0.999,0.001,0.998,True,Zone_05,Zone_08
CT009170,Zone_04,Zone_04,0.9873,0.01,0.9773,True,Zone_04,Zone_09
CT001644,Zone_01,Zone_01,0.9936,0.0033,0.9903,True,Zone_01,Zone_02
CT018640,Zone_09,Zone_09,0.99,0.0062,0.9838,True,Zone_09,Zone_08
CT011698,Zone_07,Zone_07,0.7495,0.2504,0.4991,True,Zone_07,Zone_08
CT013858,Zone_04,Zone_04,0.9958,0.0032,0.9926,True,Zone_04,Zone_05
CT008036,Zone_07,Zone_07,0.975,0.025,0.95,True,Zone_07,Zone_06
CT000620,Zone_02,Zone_02,1.0,0.0,1.0,True,Zone_02,Zone_10
CT005000,Zone_08,Zone_08,0.6723,0.3275,0.3448,True,Zone_08,Zone_07
CT013835,Zone_07,Zone_08,0.5911,0.4086,0.1825,False,Zone_08,Zone_07
CT013161,Zone_02,Zone_02,1.0,0.0,1.0,True,Zone_02,Zone_10
CT014410,Zone_08,Zone_08,0.6939,0.3058,0.3881,True,Zone_08,Zone_07
CT004673,Zone_02,Zone_02,1.0,0.0,1.0,True,Zone_02,Zone_10
CT014750,Zone_06,Zone_06,1.0,0.0,1.0,True,Zone_06,Zone_10
CT010241,Zone_04,Zone_04,1.0,0.0,1.0,True,Zone_04,Zone_10
CT005552,Zone_02,Zone_02,1.0,0.0,1.0,True,Zone_02,Zone_10
CT013890,Zone_03,Zone_03,0.9999,0.0001,0.9998,True,Zone_03,Zone_02
CT009851,Zone_04,Zone_04,0.9998,0.0001,0.9997,True,Zone_04,Zone_08
CT009117,Zone_03,Zone_03,1.0,0.0,1.0,True,Zone_03,Zone_10
CT000914,Zone_10,Zone_10,0.9943,0.0057,0.9886,True,Zone_10,Zone_09
CT008781,Zone_07,Zone_08,0.6559,0.344,0.3119,False,Zone_08,Zone_07
CT006854,Zone_08,Zone_08,0.9999,0.0001,0.9998,True,Zone_08,Zone_07
CT004665,Zone_07,Zone_07,0.7902,0.2097,0.5805,True,Zone_07,Zone_08
CT018249,Zone_06,Zone_06,0.995,0.005,0.99,True,Zone_06,Zone_07
CT018001,Zone_03,Zone_03,1.0,0.0,1.0,True,Zone_03,Zone_10
CT009980,Zone_03,Zone_03,0.9989,0.0011,0.9978,True,Zone_03,Zone_02
CT013741,Zone_07,Zone_07,0.8578,0.1422,0.7156,True,Zone_07,Zone_08
CT018776,Zone_08,Zone_08,0.9919,0.0081,0.9838,True,Zone_08,Zone_07
CT011895,Zone_02,Zone_02,1.0,0.0,1.0,True,Zone_02,Zone_10
CT005849,Zone_03,Zone_03,0.9976,0.0024,0.9952,True,Zone_03,Zone_04
CT014991,Zone_06,Zone_06,1.0,0.0,1.0,True,Zone_06,Zone_10
CT015678,Zone_02,Zone_02,1.0,0.0,1.0,True,Zone_02,Zone_10
CT006291,Zone_07,Zone_08,0.6551,0.3449,0.3102,False,Zone_08,Zone_07
CT004338,Zone_02,Zone_02,0.9,0.06,0.84,True,Zone_02,Zone_03
CT012599,Zone_08,Zone_08,0.6256,0.3742,0.2514,True,Zone_08,Zone_07
CT007341,Zone_07,Zone_07,0.8368,0.1631,0.6737,True,Zone_07,Zone_08
CT009705,Zone_04,Zone_04,1.0,0.0,1.0,True,Zone_04,Zone_10
CT003318,Zone_03,Zone_03,1.0,0.0,1.0,True,Zone_03,Zone_10
CT014931,Zone_04,Zone_04,0.9999,0.0001,0.9998,True,Zone_04,Zone_08
CT015194,Zone_04,Zone_04,0.9982,0.0018,0.9964,True,Zone_04,Zone_09
CT011100,Zone_08,Zone_08,0.9999,0.0001,0.9998,True,Zone_08,Zone_07
CT007927,Zone_01,Zone_01,0.9999,0.0001,0.9998,True,Zone_01,Zone_03
CT012374,Zone_02,Zone_02,1.0,0.0,1.0,True,Zone_02,Zone_10
CT015055,Zone_07,Zone_07,0.9907,0.0093,0.9814,True,Zone_07,Zone_06
CT006319,Zone_08,Zone_08,0.9995,0.0003,0.9992,True,Zone_08,Zone_05
CT003115,Zone_08,Zone_08,0.9999,0.0001,0.9998,True,Zone_08,Zone_07
CT014272,Zone_07,Zone_07,0.9961,0.0032,0.9929,True,Zone_07,Zone_08
CT016088,Zone_02,Zone_02,1.0,0.0,1.0,True,Zone_02,Zone_10
CT008715,Zone_02,Zone_02,1.0,0.0,1.0,True,Zone_02,Zone_10
CT005403,Zone_05,Zone_05,0.9894,0.0104,0.979,True,Zone_05,Zone_04
CT001118,Zone_07,Zone_07,0.9869,0.0107,0.9762,True,Zone_07,Zone_08
CT014203,Zone_07,Zone_07,0.9196,0.0804,0.8392,True,Zone_07,Zone_06
CT013603,Zone_08,Zone_08,0.99,0.01,0.98,True,Zone_08,Zone_07
CT017056,Zone_01,Zone_01,0.9999,0.0001,0.9998,True,Zone_01,Zone_03
CT002208,Zone_08,Zone_08,1.0,0.0,1.0,True,Zone_08,Zone_10
CT006221,Zone_08,Zone_08,0.9966,0.0034,0.9932,True,Zone_08,Zone_07
CT019685,Zone_08,Zone_08,0.9898,0.0102,0.9796,True,Zone_08,Zone_07
CT003530,Zone_08,Zone_08,0.9877,0.0123,0.9754,True,Zone_08,Zone_07
CT015892,Zone_08,Zone_08,0.7512,0.2488,0.5024,True,Zone_08,Zone_07
CT009276,Zone_02,Zone_02,1.0,0.0,1.0,True,Zone_02,Zone_10
CT011499,Zone_07,Zone_07,0.8837,0.1128,0.7709,True,Zone_07,Zone_08
CT005250,Zone_07,Zone_07,0.9891,0.0109,0.9782,True,Zone_07,Zone_06
CT000830,Zone_04,Zone_04,0.9929,0.0067,0.9862,True,Zone_04,Zone_03
CT019390,Zone_04,Zone_04,0.9807,0.0177,0.963,True,Zone_04,Zone_05
CT014381,Zone_07,Zone_07,0.8768,0.1232,0.7536,True,Zone_07,Zone_08
CT016812,Zone_10,Zone_10,1.0,0.0,1.0,True,Zone_10,Zone_09
CT008883,Zone_07,Zone_08,0.6358,0.3637,0.2721,False,Zone_08,Zone_07
CT013493,Zone_07,Zone_07,0.9005,0.0926,0.8079,True,Zone_07,Zone_06
CT019104,Zone_08,Zone_08,0.6541,0.3457,0.3084,True,Zone_08,Zone_07
CT011223,Zone_02,Zone_02,1.0,0.0,1.0,True,Zone_02,Zone_10
CT014474,Zone_02,Zone_02,0.9963,0.0037,0.9926,True,Zone_02,Zone_01
CT015843,Zone_08,Zone_08,0.9999,0.0001,0.9998,True,Zone_08,Zone_07
CT014644,Zone_07,Zone_08,0.7663,0.2336,0.5327,False,Zone_08,Zone_07
CT005539,Zone_05,Zone_05,0.9763,0.0208,0.9555,True,Zone_05,Zone_04
CT011815,Zone_08,Zone_08,1.0,0.0,1.0,True,Zone_08,Zone_10
CT001953,Zone_07,Zone_07,0.9813,0.0187,0.9626,True,Zone_07,Zone_08
CT010789,Zone_02,Zone_02,1.0,0.0,1.0,True,Zone_02,Zone_10
CT012997,Zone_07,Zone_07,0.9591,0.0349,0.9242,True,Zone_07,Zone_06
CT015999,Zone_07,Zone_07,0.9979,0.0016,0.9963,True,Zone_07,Zone_08
CT017662,Zone_01,Zone_01,0.9981,0.0019,0.9962,True,Zone_01,Zone_03
CT012662,Zone_04,Zone_04,1.0,0.0,1.0,True,Zone_04,Zone_10
CT014464,Zone_04,Zone_04,0.9903,0.005,0.9853,True,Zone_04,Zone_09
CT003915,Zone_05,Zone_05,0.9948,0.005,0.9898,True,Zone_05,Zone_07
CT003849,Zone_04,Zone_04,0.9803,0.0145,0.9658,True,Zone_04,Zone_05
CT009762,Zone_02,Zone_02,1.0,0.0,1.0,True,Zone_02,Zone_10
CT015372,Zone_02,Zone_02,1.0,0.0,1.0,True,Zone_02,Zone_10
CT000282,Zone_01,Zone_01,0.9999,0.0001,0.9998,True,Zone_01,Zone_03
CT014007,Zone_07,Zone_07,0.9787,0.0163,0.9624,True,Zone_07,Zone_06
CT011393,Zone_08,Zone_08,0.686,0.313,0.373,True,Zone_08,Zone_07
CT017804,Zone_07,Zone_08,0.6423,0.3577,0.2846,False,Zone_08,Zone_07
CT016247,Zone_07,Zone_07,0.8593,0.1406,0.7187,True,Zone_07,Zone_08
CT011302,Zone_10,Zone_10,1.0,0.0,1.0,True,Zone_10,Zone_09
CT016546,Zone_08,Zone_08,0.9866,0.0117,0.9749,True,Zone_08,Zone_07
CT007929,Zone_02,Zone_02,1.0,0.0,1.0,True,Zone_02,Zone_10
CT018385,Zone_08,Zone_08,0.6527,0.3472,0.3055,True,Zone_08,Zone_07
CT005206,Zone_02,Zone_02,0.9951,0.0049,0.9902,True,Zone_02,Zone_01
CT017922,Zone_06,Zone_06,1.0,0.0,1.0,True,Zone_06,Zone_10
CT013621,Zone_07,Zone_08,0.6113,0.3852,0.2261,False,Zone_08,Zone_07
CT017269,Zone_07,Zone_07,0.9894,0.0106,0.9788,True,Zone_07,Zone_08
CT013140,Zone_07,Zone_07,0.9874,0.0126,0.9748,True,Zone_07,Zone_06
CT012218,Zone_04,Zone_04,1.0,0.0,1.0,True,Zone_04,Zone_10
CT000827,Zone_08,Zone_08,0.711,0.2889,0.4221,True,Zone_08,Zone_07
CT011791,Zone_07,Zone_08,0.673,0.3269,0.3461,False,Zone_08,Zone_07
CT011106,Zone_01,Zone_01,0.9949,0.0051,0.9898,True,Zone_01,Zone_02
CT010885,Zone_06,Zone_06,0.985,0.015,0.97,True,Zone_06,Zone_07
CT013330,Zone_07,Zone_07,0.8742,0.1258,0.7484,True,Zone_07,Zone_08
CT004583,Zone_07,Zone_07,0.9547,0.0287,0.926,True,Zone_07,Zone_06
CT014788,Zone_07,Zone_07,0.9779,0.0221,0.9558,True,Zone_07,Zone_06
CT001300,Zone_05,Zone_05,0.9971,0.0029,0.9942,True,Zone_05,Zone_08
CT011782,Zone_07,Zone_07,0.8268,0.1731,0.6537,True,Zone_07,Zone_08
CT009150,Zone_03,Zone_03,1.0,0.0,1.0,True,Zone_03,Zone_10
CT007601,Zone_09,Zone_09,0.9771,0.0104,0.9667,True,Zone_09,Zone_10
CT014107,Zone_07,Zone_07,0.9731,0.0269,0.9462,True,Zone_07,Zone_08
CT013183,Zone_03,Zone_03,0.9975,0.0024,0.9951,True,Zone_03,Zone_04
CT002945,Zone_04,Zone_04,1.0,0.0,1.0,True,Zone_04,Zone_10
CT011594,Zone_08,Zone_08,0.6148,0.3851,0.2297,True,Zone_08,Zone_07
CT017406,Zone_07,Zone_08,0.6499,0.35,0.2999,False,Zone_08,Zone_07
CT010579,Zone_04,Zone_04,0.9953,0.0045,0.9908,True,Zone_04,Zone_05
CT013916,Zone_08,Zone_08,0.7592,0.2405,0.5187,True,Zone_08,Zone_07
CT010180,Zone_08,Zone_08,0.5885,0.4104,0.1781,True,Zone_08,Zone_07
CT017695,Zone_08,Zone_08,0.9999,0.0001,0.9998,True,Zone_08,Zone_07
CT017177,Zone_07,Zone_08,0.6933,0.3065,0.3868,False,Zone_08,Zone_07
CT016847,Zone_04,Zone_04,0.9798,0.01,0.9698,True,Zone_04,Zone_02
CT013733,Zone_08,Zone_08,0.9984,0.0016,0.9968,True,Zone_08,Zone_07
CT018926,Zone_01,Zone_01,0.9999,0.0001,0.9998,True,Zone_01,Zone_03
CT018565,Zone_07,Zone_08,0.6416,0.3583,0.2833,False,Zone_08,Zone_07
CT001890,Zone_08,Zone_08,0.9999,0.0001,0.9998,True,Zone_08,Zone_07
CT004084,Zone_04,Zone_04,1.0,0.0,1.0,True,Zone_04,Zone_10
CT004692,Zone_04,Zone_04,0.9998,0.0001,0.9997,True,Zone_04,Zone_08
CT006765,Zone_04,Zone_04,1.0,0.0,1.0,True,Zone_04,Zone_10
CT005661,Zone_08,Zone_08,0.9734,0.0204,0.953,True,Zone_08,Zone_07
CT013626,Zone_07,Zone_08,0.5567,0.4432,0.1135,False,Zone_08,Zone_07
CT000475,Zone_04,Zone_04,0.994,0.005,0.989,True,Zone_04,Zone_05
CT007821,Zone_08,Zone_08,0.7019,0.2981,0.4038,True,Zone_08,Zone_07
CT011650,Zone_07,Zone_07,0.9762,0.0153,0.9609,True,Zone_07,Zone_08
CT007071,Zone_08,Zone_07,0.5169,0.4818,0.0351,False,Zone_07,Zone_08
CT000127,Zone_04,Zone_04,0.9999,0.0001,0.9998,True,Zone_04,Zone_05
CT006190,Zone_07,Zone_08,0.5766,0.4233,0.1533,False,Zone_08,Zone_07
CT019805,Zone_02,Zone_02,1.0,0.0,1.0,True,Zone_02,Zone_10
CT006969,Zone_08,Zone_08,0.722,0.2778,0.4442,True,Zone_08,Zone_07
CT007502,Zone_07,Zone_08,0.6474,0.3523,0.2951,False,Zone_08,Zone_07
CT014095,Zone_02,Zone_02,1.0,0.0,1.0,True,Zone_02,Zone_10
CT007831,Zone_10,Zone_10,1.0,0.0,1.0,True,Zone_10,Zone_09
CT009264,Zone_07,Zone_07,0.9838,0.0128,0.971,True,Zone_07,Zone_06
CT004763,Zone_06,Zone_06,0.995,0.005,0.99,True,Zone_06,Zone_07
CT018894,Zone_03,Zone_03,0.99,0.01,0.98,True,Zone_03,Zone_04
CT007606,Zone_10,Zone_10,1.0,0.0,1.0,True,Zone_10,Zone_09
CT001929,Zone_02,Zone_02,1.0,0.0,1.0,True,Zone_02,Zone_10
CT004052,Zone_07,Zone_08,0.613,0.3868,0.2262,False,Zone_08,Zone_07
CT005673,Zone_05,Zone_05,0.9871,0.0128,0.9743,True,Zone_05,Zone_04
CT004100,Zone_06,Zone_06,1.0,0.0,1.0,True,Zone_06,Zone_10
CT009828,Zone_08,Zone_08,0.9999,0.0001,0.9998,True,Zone_08,Zone_07
CT001093,Zone_04,Zone_04,0.9996,0.0004,0.9992,True,Zone_04,Zone_08
CT012879,Zone_08,Zone_08,0.6322,0.3678,0.2644,True,Zone_08,Zone_07
CT007871,Zone_02,Zone_02,0.9963,0.0037,0.9926,True,Zone_02,Zone_01
CT019270,Zone_02,Zone_02,1.0,0.0,1.0,True,Zone_02,Zone_10
CT017181,Zone_08,Zone_08,0.6131,0.3869,0.2262,True,Zone_08,Zone_07
CT007825,Zone_10,Zone_10,1.0,0.0,1.0,True,Zone_10,Zone_09
CT007398,Zone_04,Zone_04,0.9999,0.0001,0.9998,True,Zone_04,Zone_05
CT009712,Zone_08,Zone_08,0.9999,0.0001,0.9998,True,Zone_08,Zone_07
CT004523,Zone_07,Zone_07,0.9916,0.0073,0.9843,True,Zone_07,Zone_08
CT017063,Zone_07,Zone_07,0.9633,0.0363,0.927,True,Zone_07,Zone_08
CT012709,Zone_04,Zone_04,0.9946,0.0052,0.9894,True,Zone_04,Zone_05
CT019406,Zone_07,Zone_07,0.9879,0.0121,0.9758,True,Zone_07,Zone_06
CT010725,Zone_10,Zone_10,0.9986,0.0014,0.9972,True,Zone_10,Zone_05
CT016794,Zone_08,Zone_08,0.729,0.271,0.458,True,Zone_08,Zone_07
CT015767,Zone_02,Zone_02,1.0,0.0,1.0,True,Zone_02,Zone_10
CT011562,Zone_07,Zone_07,0.7642,0.2358,0.5284,True,Zone_07,Zone_08
CT005392,Zone_05,Zone_05,0.9834,0.0109,0.9725,True,Zone_05,Zone_08
CT007647,Zone_02,Zone_02,0.9958,0.0042,0.9916,True,Zone_02,Zone_03
CT014945,Zone_07,Zone_07,0.9756,0.0242,0.9514,True,Zone_07,Zone_08
CT006576,Zone_07,Zone_08,0.704,0.2959,0.4081,False,Zone_08,Zone_07
CT015207,Zone_08,Zone_08,0.6985,0.3012,0.3973,True,Zone_08,Zone_07
CT010223,Zone_08,Zone_08,0.7633,0.2366,0.5267,True,Zone_08,Zone_07
CT013738,Zone_05,Zone_05,1.0,0.0,1.0,True,Zone_05,Zone_10
CT015380,Zone_07,Zone_07,0.9849,0.0086,0.9763,True,Zone_07,Zone_06
CT019799,Zone_07,Zone_08,0.692,0.3079,0.3841,False,Zone_08,Zone_07
CT019863,Zone_07,Zone_07,0.9855,0.0137,0.9718,True,Zone_07,Zone_06
CT009575,Zone_02,Zone_02,1.0,0.0,1.0,True,Zone_02,Zone_10
CT004557,Zone_07,Zone_07,0.9972,0.0028,0.9944,True,Zone_07,Zone_08
CT014193,Zone_08,Zone_08,0.5385,0.4214,0.1171,True,Zone_08,Zone_07
CT014899,Zone_02,Zone_02,0.9913,0.0087,0.9826,True,Zone_02,Zone_01
CT015788,Zone_04,Zone_04,1.0,0.0,1.0,True,Zone_04,Zone_10
CT008060,Zone_07,Zone_07,0.9902,0.0098,0.9804,True,Zone_07,Zone_06
CT016153,Zone_05,Zone_05,0.9962,0.0031,0.9931,True,Zone_05,Zone_01
CT017364,Zone_03,Zone_03,0.9942,0.0058,0.9884,True,Zone_03,Zone_02
CT008191,Zone_08,Zone_08,0.7155,0.2845,0.431,True,Zone_08,Zone_07
CT003953,Zone_10,Zone_10,1.0,0.0,1.0,True,Zone_10,Zone_09
CT014511,Zone_10,Zone_10,1.0,0.0,1.0,True,Zone_10,Zone_09
CT012476,Zone_07,Zone_08,0.5798,0.4202,0.1596,False,Zone_08,Zone_07
CT013289,Zone_08,Zone_07,0.7894,0.2105,0.5789,False,Zone_07,Zone_08
CT008490,Zone_07,Zone_08,0.6821,0.3177,0.3644,False,Zone_08,Zone_07
CT006762,Zone_07,Zone_08,0.647,0.353,0.294,False,Zone_08,Zone_07
CT016792,Zone_07,Zone_07,0.8203,0.1797,0.6406,True,Zone_07,Zone_08
CT015622,Zone_08,Zone_08,0.9981,0.0019,0.9962,True,Zone_08,Zone_07
CT003614,Zone_06,Zone_06,0.9913,0.0087,0.9826,True,Zone_06,Zone_07
CT002910,Zone_07,Zone_07,0.8764,0.1235,0.7529,True,Zone_07,Zone_08
CT009608,Zone_08,Zone_07,0.8204,0.1779,0.6425,False,Zone_07,Zone_08
CT006538,Zone_08,Zone_08,0.5545,0.442,0.1125,True,Zone_08,Zone_07
CT016490,Zone_05,Zone_05,1.0,0.0,1.0,True,Zone_05,Zone_10
CT000762,Zone_03,Zone_03,1.0,0.0,1.0,True,Zone_03,Zone_10
CT001583,Zone_08,Zone_08,0.9981,0.0019,0.9962,True,Zone_08,Zone_07
CT005800,Zone_05,Zone_05,0.9942,0.0055,0.9887,True,Zone_05,Zone_04
CT011000,Zone_06,Zone_06,1.0,0.0,1.0,True,Zone_06,Zone_10
CT018448,Zone_02,Zone_02,0.998,0.0013,0.9967,True,Zone_02,Zone_04
CT011783,Zone_07,Zone_07,0.8775,0.1224,0.7551,True,Zone_07,Zone_08
CT005178,Zone_02,Zone_02,1.0,0.0,1.0,True,Zone_02,Zone_10
CT004179,Zone_08,Zone_08,0.6302,0.3697,0.2605,True,Zone_08,Zone_07
CT009446,Zone_04,Zone_04,1.0,0.0,1.0,True,Zone_04,Zone_10
CT012633,Zone_10,Zone_10,1.0,0.0,1.0,True,Zone_10,Zone_09
CT018063,Zone_07,Zone_07,0.9949,0.0045,0.9904,True,Zone_07,Zone_06
CT015574,Zone_07,Zone_07,0.9926,0.0073,0.9853,True,Zone_07,Zone_08
CT002437,Zone_08,Zone_08,0.6602,0.3396,0.3206,True,Zone_08,Zone_07
CT000744,Zone_02,Zone_02,1.0,0.0,1.0,True,Zone_02,Zone_10
CT003333,Zone_02,Zone_02,0.9984,0.0016,0.9968,True,Zone_02,Zone_05
CT014192,Zone_07,Zone_07,0.9738,0.0257,0.9481,True,Zone_07,Zone_08
CT019305,Zone_10,Zone_10,0.9997,0.0003,0.9994,True,Zone_10,Zone_03
CT016161,Zone_01,Zone_01,0.9967,0.0033,0.9934,True,Zone_01,Zone_02
CT000042,Zone_07,Zone_07,0.9705,0.0292,0.9413,True,Zone_07,Zone_06
CT002414,Zone_07,Zone_07,0.8333,0.1663,0.667,True,Zone_07,Zone_08
CT006874,Zone_04,Zone_04,0.9897,0.01,0.9797,True,Zone_04,Zone_09
CT018070,Zone_04,Zone_04,0.9924,0.0045,0.9879,True,Zone_04,Zone_05
CT016879,Zone_04,Zone_04,1.0,0.0,1.0,True,Zone_04,Zone_10
CT013923,Zone_08,Zone_08,0.9998,0.0002,0.9996,True,Zone_08,Zone_07
CT013159,Zone_07,Zone_07,0.9839,0.0161,0.9678,True,Zone_07,Zone_06
CT012257,Zone_07,Zone_08,0.5487,0.4512,0.0975,False,Zone_08,Zone_07
CT007638,Zone_10,Zone_10,1.0,0.0,1.0,True,Zone_10,Zone_09
CT006918,Zone_07,Zone_07,0.5504,0.4495,0.1009,True,Zone_07,Zone_08
CT019175,Zone_06,Zone_06,0.9907,0.0053,0.9854,True,Zone_06,Zone_08
CT014715,Zone_08,Zone_08,0.6909,0.3088,0.3821,True,Zone_08,Zone_07
CT013729,Zone_02,Zone_02,1.0,0.0,1.0,True,Zone_02,Zone_10
CT009237,Zone_05,Zone_05,0.9838,0.0071,0.9767,True,Zone_05,Zone_08
CT016400,Zone_07,Zone_07,0.8281,0.1702,0.6579,True,Zone_07,Zone_08
CT006314,Zone_03,Zone_03,0.9999,0.0001,0.9998,True,Zone_03,Zone_02
CT007258,Zone_06,Zone_06,1.0,0.0,1.0,True,Zone_06,Zone_10
CT003675,Zone_07,Zone_07,0.9845,0.0088,0.9757,True,Zone_07,Zone_08
CT005919,Zone_07,Zone_07,0.9694,0.0306,0.9388,True,Zone_07,Zone_06
CT002659,Zone_03,Zone_03,1.0,0.0,1.0,True,Zone_03,Zone_10
CT007939,Zone_01,Zone_01,0.9999,0.0001,0.9998,True,Zone_01,Zone_03
CT012516,Zone_07,Zone_07,0.9406,0.0592,0.8814,True,Zone_07,Zone_08
CT005343,Zone_07,Zone_07,0.9238,0.0759,0.8479,True,Zone_07,Zone_06
CT018366,Zone_05,Zone_05,0.995,0.005,0.99,True,Zone_05,Zone_07
CT008084,Zone_07,Zone_07,0.7853,0.2146,0.5707,True,Zone_07,Zone_08
CT019048,Zone_04,Zone_04,0.9973,0.0027,0.9946,True,Zone_04,Zone_05
CT019283,Zone_07,Zone_07,0.9588,0.0412,0.9176,True,Zone_07,Zone_08
CT013388,Zone_07,Zone_07,0.9841,0.0156,0.9685,True,Zone_07,Zone_06
CT004938,Zone_08,Zone_08,0.7138,0.2862,0.4276,True,Zone_08,Zone_07
CT008444,Zone_08,Zone_08,0.9777,0.0223,0.9554,True,Zone_08,Zone_07
CT006994,Zone_07,Zone_07,0.8401,0.1599,0.6802,True,Zone_07,Zone_08
CT002236,Zone_07,Zone_07,0.8554,0.1413,0.7141,True,Zone_07,Zone_06
CT007750,Zone_07,Zone_07,0.9769,0.023,0.9539,True,Zone_07,Zone_08
CT018522,Zone_03,Zone_03,1.0,0.0,1.0,True,Zone_03,Zone_10
CT004350,Zone_07,Zone_07,0.994,0.006,0.988,True,Zone_07,Zone_06
CT001378,Zone_07,Zone_07,0.9791,0.0129,0.9662,True,Zone_07,Zone_06
CT011743,Zone_09,Zone_09,0.9981,0.0011,0.997,True,Zone_09,Zone_10
CT006024,Zone_07,Zone_07,0.8968,0.1025,0.7943,True,Zone_07,Zone_06
CT009504,Zone_01,Zone_01,0.9999,0.0001,0.9998,True,Zone_01,Zone_03
CT016932,Zone_03,Zone_03,1.0,0.0,1.0,True,Zone_03,Zone_10
CT016644,Zone_08,Zone_08,0.7094,0.2906,0.4188,True,Zone_08,Zone_07
CT018239,Zone_04,Zone_04,0.9948,0.0052,0.9896,True,Zone_04,Zone_05
CT009632,Zone_10,Zone_10,1.0,0.0,1.0,True,Zone_10,Zone_09
CT015315,Zone_08,Zone_08,1.0,0.0,1.0,True,Zone_08,Zone_10
CT000924,Zone_07,Zone_07,0.8749,0.1198,0.7551,True,Zone_07,Zone_08
CT006789,Zone_07,Zone_07,0.9972,0.0024,0.9948,True,Zone_07,Zone_08
CT015104,Zone_02,Zone_02,1.0,0.0,1.0,True,Zone_02,Zone_10
CT006733,Zone_07,Zone_07,0.9059,0.0936,0.8123,True,Zone_07,Zone_06
CT002222,Zone_08,Zone_08,0.9933,0.0067,0.9866,True,Zone_08,Zone_07
CT005702,Zone_03,Zone_03,0.9939,0.006,0.9879,True,Zone_03,Zone_06
CT006421,Zone_04,Zone_04,1.0,0.0,1.0,True,Zone_04,Zone_10
CT018033,Zone_01,Zone_01,0.9999,0.0001,0.9998,True,Zone_01,Zone_03
CT003331,Zone_10,Zone_10,1.0,0.0,1.0,True,Zone_10,Zone_09
CT017112,Zone_07,Zone_08,0.6499,0.3499,0.3,False,Zone_08,Zone_07
CT006647,Zone_02,Zone_02,1.0,0.0,1.0,True,Zone_02,Zone_10
CT011919,Zone_10,Zone_10,0.9893,0.0057,0.9836,True,Zone_10,Zone_09
CT011476,Zone_02,Zone_02,1.0,0.0,1.0,True,Zone_02,Zone_10
CT000857,Zone_07,Zone_08,0.6643,0.3356,0.3287,False,Zone_08,Zone_07
CT006914,Zone_07,Zone_08,0.6674,0.3325,0.3349,False,Zone_08,Zone_07
CT013714,Zone_05,Zone_05,1.0,0.0,1.0,True,Zone_05,Zone_10
CT007981,Zone_05,Zone_05,1.0,0.0,1.0,True,Zone_05,Zone_10
CT008757,Zone_04,Zone_04,0.9932,0.0033,0.9899,True,Zone_04,Zone_09
CT006516,Zone_08,Zone_08,0.9965,0.0035,0.993,True,Zone_08,Zone_07
CT005398,Zone_04,Zone_04,0.9948,0.0052,0.9896,True,Zone_04,Zone_05
CT009007,Zone_03,Zone_03,1.0,0.0,1.0,True,Zone_03,Zone_10
CT014049,Zone_08,Zone_08,0.9779,0.0075,0.9704,True,Zone_08,Zone_04
CT017626,Zone_07,Zone_08,0.5748,0.4236,0.1512,False,Zone_08,Zone_07
CT005389,Zone_08,Zone_08,1.0,0.0,1.0,True,Zone_08,Zone_10
CT015820,Zone_08,Zone_08,0.6765,0.3234,0.3531,True,Zone_08,Zone_07
CT006639,Zone_07,Zone_07,0.9973,0.0026,0.9947,True,Zone_07,Zone_08
CT008008,Zone_07,Zone_07,0.9908,0.0089,0.9819,True,Zone_07,Zone_08
CT001972,Zone_10,Zone_10,1.0,0.0,1.0,True,Zone_10,Zone_09
CT006302,Zone_08,Zone_08,0.9999,0.0001,0.9998,True,Zone_08,Zone_07
CT002780,Zone_03,Zone_03,1.0,0.0,1.0,True,Zone_03,Zone_10
CT008927,Zone_07,Zone_07,0.9938,0.0057,0.9881,True,Zone_07,Zone_08
CT006475,Zone_03,Zone_03,0.99,0.01,0.98,True,Zone_03,Zone_10
CT000729,Zone_08,Zone_08,0.9999,0.0001,0.9998,True,Zone_08,Zone_07
CT008438,Zone_07,Zone_07,0.9606,0.0394,0.9212,True,Zone_07,Zone_08
CT008287,Zone_08,Zone_08,0.9999,0.0001,0.9998,True,Zone_08,Zone_07
CT010727,Zone_07,Zone_08,0.6034,0.3965,0.2069,False,Zone_08,Zone_07
CT006408,Zone_01,Zone_01,0.9892,0.0057,0.9835,True,Zone_01,Zone_02
CT009320,Zone_03,Zone_03,0.99,0.01,0.98,True,Zone_03,Zone_02
CT012624,Zone_08,Zone_08,0.7075,0.2922,0.4153,True,Zone_08,Zone_07
CT012663,Zone_08,Zone_07,0.9245,0.0754,0.8491,False,Zone_07,Zone_08
CT016689,Zone_08,Zone_07,0.783,0.217,0.566,False,Zone_07,Zone_08
CT011315,Zone_03,Zone_03,0.9892,0.0108,0.9784,True,Zone_03,Zone_04
CT008151,Zone_07,Zone_07,0.7963,0.2036,0.5927,True,Zone_07,Zone_08
CT002926,Zone_07,Zone_07,0.5023,0.4977,0.0046,True,Zone_07,Zone_08
CT016374,Zone_08,Zone_08,0.6685,0.3314,0.3371,True,Zone_08,Zone_07
CT008112,Zone_04,Zone_04,0.9953,0.0045,0.9908,True,Zone_04,Zone_05
CT000026,Zone_01,Zone_01,0.9949,0.0051,0.9898,True,Zone_01,Zone_02
CT000053,Zone_07,Zone_07,0.9606,0.0393,0.9213,True,Zone_07,Zone_08
CT014833,Zone_07,Zone_07,0.9673,0.0326,0.9347,True,Zone_07,Zone_06
CT006088,Zone_04,Zone_04,0.9834,0.01,0.9734,True,Zone_04,Zone_05
CT008986,Zone_07,Zone_07,0.9692,0.0308,0.9384,True,Zone_07,Zone_08
CT016306,Zone_07,Zone_07,0.9972,0.0027,0.9945,True,Zone_07,Zone_08
CT015059,Zone_07,Zone_07,0.9892,0.0105,0.9787,True,Zone_07,Zone_06
CT016648,Zone_04,Zone_04,0.9927,0.0049,0.9878,True,Zone_04,Zone_05
CT015021,Zone_07,Zone_07,0.9754,0.0213,0.9541,True,Zone_07,Zone_06
CT019994,Zone_01,Zone_01,0.9999,0.0001,0.9998,True,Zone_01,Zone_03
CT011415,Zone_10,Zone_10,1.0,0.0,1.0,True,Zone_10,Zone_09
CT011709,Zone_08,Zone_08,0.9999,0.0001,0.9998,True,Zone_08,Zone_07
CT002532,Zone_08,Zone_08,0.6751,0.3248,0.3503,True,Zone_08,Zone_07
CT017856,Zone_04,Zone_04,0.9915,0.004,0.9875,True,Zone_04,Zone_07
CT009346,Zone_07,Zone_07,0.8307,0.1692,0.6615,True,Zone_07,Zone_08
CT016733,Zone_08,Zone_08,0.6581,0.3418,0.3163,True,Zone_08,Zone_07
CT002404,Zone_06,Zone_06,0.9967,0.0033,0.9934,True,Zone_06,Zone_07
CT006096,Zone_05,Zone_05,0.9497,0.0322,0.9175,True,Zone_05,Zone_04
CT003416,Zone_04,Zone_04,0.9903,0.005,0.9853,True,Zone_04,Zone_02
CT018825,Zone_01,Zone_01,0.9945,0.0054,0.9891,True,Zone_01,Zone_04
CT006235,Zone_04,Zone_04,0.9997,0.0002,0.9995,True,Zone_04,Zone_08
CT019556,Zone_04,Zone_04,0.9865,0.0063,0.9802,True,Zone_04,Zone_05
CT009913,Zone_06,Zone_06,0.9948,0.0052,0.9896,True,Zone_06,Zone_04
CT008750,Zone_07,Zone_07,0.8505,0.1494,0.7011,True,Zone_07,Zone_08
CT003159,Zone_06,Zone_06,1.0,0.0,1.0,True,Zone_06,Zone_10
CT002921,Zone_09,Zone_09,0.9881,0.01,0.9781,True,Zone_09,Zone_04
CT004891,Zone_01,Zone_01,0.9999,0.0001,0.9998,True,Zone_01,Zone_03
CT015779,Zone_08,Zone_08,0.7078,0.2921,0.4157,True,Zone_08,Zone_07
CT005868,Zone_08,Zone_08,0.603,0.3969,0.2061,True,Zone_08,Zone_07
CT019223,Zone_04,Zone_04,0.9993,0.0004,0.9989,True,Zone_04,Zone_08
CT007546,Zone_04,Zone_04,0.9973,0.0027,0.9946,True,Zone_04,Zone_05
CT001478,Zone_09,Zone_09,0.9848,0.0079,0.9769,True,Zone_09,Zone_04
CT013369,Zone_08,Zone_08,0.6293,0.3705,0.2588,True,Zone_08,Zone_07
CT013956,Zone_08,Zone_08,0.5665,0.4231,0.1434,True,Zone_08,Zone_07
CT018429,Zone_07,Zone_07,0.8033,0.1967,0.6066,True,Zone_07,Zone_08
CT005726,Zone_07,Zone_07,0.9826,0.0114,0.9712,True,Zone_07,Zone_06
CT000412,Zone_07,Zone_08,0.6153,0.3846,0.2307,False,Zone_08,Zone_07
CT004842,Zone_08,Zone_08,0.9991,0.0009,0.9982,True,Zone_08,Zone_07
CT008146,Zone_08,Zone_08,0.7598,0.2401,0.5197,True,Zone_08,Zone_07
CT016703,Zone_03,Zone_03,1.0,0.0,1.0,True,Zone_03,Zone_10
CT011039,Zone_07,Zone_07,0.8635,0.1352,0.7283,True,Zone_07,Zone_08
CT009142,Zone_10,Zone_10,0.9986,0.0014,0.9972,True,Zone_10,Zone_08
CT019258,Zone_07,Zone_07,0.8645,0.1355,0.729,True,Zone_07,Zone_08
CT011139,Zone_08,Zone_08,0.9999,0.0001,0.9998,True,Zone_08,Zone_07
CT006488,Zone_08,Zone_08,0.7072,0.2918,0.4154,True,Zone_08,Zone_07
CT012107,Zone_08,Zone_08,0.707,0.2927,0.4143,True,Zone_08,Zone_07
CT016540,Zone_03,Zone_03,1.0,0.0,1.0,True,Zone_03,Zone_10
CT018434,Zone_07,Zone_07,0.5476,0.4524,0.0952,True,Zone_07,Zone_08
CT015143,Zone_02,Zone_02,0.999,0.001,0.998,True,Zone_02,Zone_04
CT001215,Zone_04,Zone_04,0.9871,0.01,0.9771,True,Zone_04,Zone_05
CT007471,Zone_01,Zone_01,0.9999,0.0001,0.9998,True,Zone_01,Zone_03
CT012124,Zone_10,Zone_10,1.0,0.0,1.0,True,Zone_10,Zone_09
CT009661,Zone_05,Zone_05,1.0,0.0,1.0,True,Zone_05,Zone_10
CT014461,Zone_08,Zone_08,0.7718,0.228,0.5438,True,Zone_08,Zone_07
CT008692,Zone_04,Zone_04,0.9979,0.0019,0.996,True,Zone_04,Zone_05
CT003628,Zone_07,Zone_08,0.537,0.4629,0.0741,False,Zone_08,Zone_07
CT019590,Zone_08,Zone_08,0.9998,0.0002,0.9996,True,Zone_08,Zone_07
CT012800,Zone_08,Zone_08,0.6938,0.3061,0.3877,True,Zone_08,Zone_07
CT015246,Zone_10,Zone_10,1.0,0.0,1.0,True,Zone_10,Zone_09
CT001899,Zone_02,Zone_02,1.0,0.0,1.0,True,Zone_02,Zone_10
CT008265,Zone_08,Zone_08,0.6555,0.3444,0.3111,True,Zone_08,Zone_07
CT016156,Zone_07,Zone_07,0.9565,0.0435,0.913,True,Zone_07,Zone_06
CT018186,Zone_03,Zone_03,1.0,0.0,1.0,True,Zone_03,Zone_10
CT016202,Zone_07,Zone_07,0.8616,0.1383,0.7233,True,Zone_07,Zone_08
CT001794,Zone_08,Zone_08,0.6382,0.3618,0.2764,True,Zone_08,Zone_07
CT005556,Zone_07,Zone_07,0.9523,0.0443,0.908,True,Zone_07,Zone_06
CT019013,Zone_08,Zone_08,0.7015,0.2985,0.403,True,Zone_08,Zone_07
CT008910,Zone_04,Zone_04,0.9869,0.007,0.9799,True,Zone_04,Zone_01
CT018228,Zone_05,Zone_05,0.9677,0.0163,0.9514,True,Zone_05,Zone_04
CT014335,Zone_02,Zone_02,1.0,0.0,1.0,True,Zone_02,Zone_10
CT006436,Zone_05,Zone_05,0.995,0.005,0.99,True,Zone_05,Zone_07
CT012123,Zone_01,Zone_01,0.9999,0.0001,0.9998,True,Zone_01,Zone_03
CT001324,Zone_07,Zone_07,0.996,0.0039,0.9921,True,Zone_07,Zone_08
CT013114,Zone_02,Zone_02,0.99,0.0075,0.9825,True,Zone_02,Zone_04
CT019463,Zone_08,Zone_08,0.9999,0.0001,0.9998,True,Zone_08,Zone_07
CT009648,Zone_07,Zone_07,0.7589,0.241,0.5179,True,Zone_07,Zone_08
CT014728,Zone_03,Zone_03,1.0,0.0,1.0,True,Zone_03,Zone_10
CT008742,Zone_08,Zone_08,0.6672,0.3326,0.3346,True,Zone_08,Zone_07
CT016974,Zone_03,Zone_03,1.0,0.0,1.0,True,Zone_03,Zone_10
CT005735,Zone_03,Zone_03,1.0,0.0,1.0,True,Zone_03,Zone_10
CT009053,Zone_06,Zone_06,1.0,0.0,1.0,True,Zone_06,Zone_10
CT000864,Zone_07,Zone_07,0.8337,0.1662,0.6675,True,Zone_07,Zone_08
CT000915,Zone_10,Zone_10,1.0,0.0,1.0,True,Zone_10,Zone_09
CT009593,Zone_06,Zone_06,1.0,0.0,1.0,True,Zone_06,Zone_10
CT014968,Zone_04,Zone_04,0.9997,0.0002,0.9995,True,Zone_04,Zone_08
CT016148,Zone_01,Zone_01,0.9917,0.0083,0.9834,True,Zone_01,Zone_02
CT014038,Zone_04,Zone_04,0.9977,0.0023,0.9954,True,Zone_04,Zone_09
CT000767,Zone_01,Zone_01,0.99,0.01,0.98,True,Zone_01,Zone_03
CT005399,Zone_07,Zone_08,0.6593,0.3406,0.3187,False,Zone_08,Zone_07
CT006105,Zone_08,Zone_08,0.9999,0.0001,0.9998,True,Zone_08,Zone_07
CT009511,Zone_08,Zone_08,0.6057,0.3942,0.2115,True,Zone_08,Zone_07
CT017430,Zone_04,Zone_04,1.0,0.0,1.0,True,Zone_04,Zone_10
CT000270,Zone_02,Zone_02,1.0,0.0,1.0,True,Zone_02,Zone_10
CT004428,Zone_03,Zone_03,0.99,0.01,0.98,True,Zone_03,Zone_02
CT005838,Zone_07,Zone_07,0.838,0.162,0.676,True,Zone_07,Zone_08
CT007947,Zone_10,Zone_10,1.0,0.0,1.0,True,Zone_10,Zone_09
CT004885,Zone_07,Zone_07,0.979,0.021,0.958,True,Zone_07,Zone_06
CT010199,Zone_07,Zone_08,0.6192,0.3807,0.2385,False,Zone_08,Zone_07
CT008425,Zone_04,Zone_04,0.9948,0.0052,0.9896,True,Zone_04,Zone_05
CT015376,Zone_04,Zone_04,1.0,0.0,1.0,True,Zone_04,Zone_10
CT014487,Zone_03,Zone_03,1.0,0.0,1.0,True,Zone_03,Zone_10
CT001625,Zone_05,Zone_05,0.9894,0.0104,0.979,True,Zone_05,Zone_04
CT005418,Zone_10,Zone_10,1.0,0.0,1.0,True,Zone_10,Zone_09
CT012920,Zone_08,Zone_08,0.7272,0.2727,0.4545,True,Zone_08,Zone_07
CT016519,Zone_08,Zone_08,0.9999,0.0001,0.9998,True,Zone_08,Zone_07
CT005074,Zone_07,Zone_07,0.7491,0.2508,0.4983,True,Zone_07,Zone_08
CT001488,Zone_08,Zone_08,0.9999,0.0001,0.9998,True,Zone_08,Zone_07
CT009887,Zone_07,Zone_07,0.9878,0.012,0.9758,True,Zone_07,Zone_08
CT007112,Zone_08,Zone_08,0.7155,0.2843,0.4312,True,Zone_08,Zone_07
CT019250,Zone_03,Zone_03,1.0,0.0,1.0,True,Zone_03,Zone_10
CT018411,Zone_07,Zone_07,0.9744,0.0255,0.9489,True,Zone_07,Zone_08
CT012712,Zone_04,Zone_04,0.9953,0.0045,0.9908,True,Zone_04,Zone_05
CT007237,Zone_05,Zone_05,0.9988,0.0011,0.9977,True,Zone_05,Zone_04
CT019744,Zone_01,Zone_01,0.9949,0.0051,0.9898,True,Zone_01,Zone_02
CT002481,Zone_07,Zone_07,0.8282,0.1678,0.6604,True,Zone_07,Zone_08
CT015320,Zone_03,Zone_03,1.0,0.0,1.0,True,Zone_03,Zone_10
CT001753,Zone_07,Zone_07,0.9836,0.0099,0.9737,True,Zone_07,Zone_06
CT003405,Zone_07,Zone_07,0.9384,0.0587,0.8797,True,Zone_07,Zone_06
CT016144,Zone_09,Zone_09,0.9625,0.0124,0.9501,True,Zone_09,Zone_07
CT017703,Zone_01,Zone_01,0.9999,0.0001,0.9998,True,Zone_01,Zone_03
CT016764,Zone_02,Zone_02,1.0,0.0,1.0,True,Zone_02,Zone_10
CT018801,Zone_01,Zone_01,0.9999,0.0001,0.9998,True,Zone_01,Zone_03
CT012408,Zone_01,Zone_01,1.0,0.0,1.0,True,Zone_01,Zone_10
CT011920,Zone_08,Zone_08,0.9999,0.0001,0.9998,True,Zone_08,Zone_07
CT015654,Zone_04,Zone_04,0.9791,0.0208,0.9583,True,Zone_04,Zone_05
CT015184,Zone_08,Zone_08,0.6324,0.3675,0.2649,True,Zone_08,Zone_07
CT000286,Zone_08,Zone_08,0.9999,0.0001,0.9998,True,Zone_08,Zone_07
CT005977,Zone_07,Zone_07,0.9882,0.0118,0.9764,True,Zone_07,Zone_08
CT005827,Zone_08,Zone_08,0.6582,0.3417,0.3165,True,Zone_08,Zone_07
CT014716,Zone_02,Zone_02,1.0,0.0,1.0,True,Zone_02,Zone_10
CT007477,Zone_08,Zone_08,0.9999,0.0001,0.9998,True,Zone_08,Zone_07
CT004281,Zone_02,Zone_02,0.9963,0.0037,0.9926,True,Zone_02,Zone_01
CT005094,Zone_05,Zone_05,0.9933,0.0067,0.9866,True,Zone_05,Zone_04
CT008219,Zone_08,Zone_08,0.9999,0.0001,0.9998,True,Zone_08,Zone_07
CT012334,Zone_04,Zone_04,0.9951,0.0049,0.9902,True,Zone_04,Zone_05
CT004487,Zone_07,Zone_07,0.9913,0.0086,0.9827,True,Zone_07,Zone_08
CT014214,Zone_04,Zone_04,0.9863,0.007,0.9793,True,Zone_04,Zone_01
CT017040,Zone_07,Zone_08,0.6424,0.3575,0.2849,False,Zone_08,Zone_07
CT012094,Zone_05,Zone_05,0.9943,0.0055,0.9888,True,Zone_05,Zone_04
CT004168,Zone_08,Zone_08,0.9999,0.0001,0.9998,True,Zone_08,Zone_07
CT003678,Zone_08,Zone_07,0.858,0.1419,0.7161,False,Zone_07,Zone_08
CT013674,Zone_01,Zone_01,0.9999,0.0001,0.9998,True,Zone_01,Zone_03
CT005060,Zone_02,Zone_02,1.0,0.0,1.0,True,Zone_02,Zone_10
CT015062,Zone_10,Zone_10,1.0,0.0,1.0,True,Zone_10,Zone_09
CT019115,Zone_03,Zone_03,1.0,0.0,1.0,True,Zone_03,Zone_10
CT010661,Zone_03,Zone_03,1.0,0.0,1.0,True,Zone_03,Zone_10
CT006532,Zone_09,Zone_09,0.9855,0.0131,0.9724,True,Zone_09,Zone_04
CT003805,Zone_02,Zone_02,1.0,0.0,1.0,True,Zone_02,Zone_10
CT001253,Zone_03,Zone_03,1.0,0.0,1.0,True,Zone_03,Zone_10
CT012689,Zone_03,Zone_03,1.0,0.0,1.0,True,Zone_03,Zone_10
CT015942,Zone_08,Zone_08,0.7523,0.2476,0.5047,True,Zone_08,Zone_07
CT001281,Zone_04,Zone_04,0.9948,0.0052,0.9896,True,Zone_04,Zone_05
CT008417,Zone_10,Zone_10,1.0,0.0,1.0,True,Zone_10,Zone_09
CT013747,Zone_07,Zone_07,0.988,0.0116,0.9764,True,Zone_07,Zone_06
CT018068,Zone_07,Zone_07,0.8582,0.1417,0.7165,True,Zone_07,Zone_08
CT010391,Zone_08,Zone_08,0.657,0.3422,0.3148,True,Zone_08,Zone_07
CT012438,Zone_02,Zone_02,1.0,0.0,1.0,True,Zone_02,Zone_10
CT013359,Zone_08,Zone_08,0.9992,0.0008,0.9984,True,Zone_08,Zone_04
CT018483,Zone_08,Zone_08,0.9998,0.0002,0.9996,True,Zone_08,Zone_07
CT014411,Zone_04,Zone_04,0.9968,0.0032,0.9936,True,Zone_04,Zone_05
CT002355,Zone_08,Zone_08,0.9999,0.0001,0.9998,True,Zone_08,Zone_07
CT010014,Zone_03,Zone_03,0.9999,0.0001,0.9998,True,Zone_03,Zone_02
CT002620,Zone_06,Zone_06,0.9985,0.0015,0.997,True,Zone_06,Zone_03
CT001635,Zone_10,Zone_10,1.0,0.0,1.0,True,Zone_10,Zone_09
CT008411,Zone_08,Zone_08,0.6623,0.3356,0.3267,True,Zone_08,Zone_07
CT007903,Zone_10,Zone_10,1.0,0.0,1.0,True,Zone_10,Zone_09
CT008871,Zone_08,Zone_07,0.8345,0.1655,0.669,False,Zone_07,Zone_08
CT007777,Zone_01,Zone_01,0.9871,0.01,0.9771,True,Zone_01,Zone_05
CT003637,Zone_07,Zone_07,0.8823,0.1115,0.7708,True,Zone_07,Zone_06
CT011585,Zone_07,Zone_07,0.9653,0.0347,0.9306,True,Zone_07,Zone_06
CT019131,Zone_08,Zone_08,0.993,0.007,0.986,True,Zone_08,Zone_07
CT011808,Zone_07,Zone_07,0.8069,0.1931,0.6138,True,Zone_07,Zone_08
CT002627,Zone_07,Zone_07,0.9027,0.0959,0.8068,True,Zone_07,Zone_08
CT004325,Zone_01,Zone_01,0.9999,0.0001,0.9998,True,Zone_01,Zone_03
CT009263,Zone_07,Zone_08,0.6025,0.3973,0.2052,False,Zone_08,Zone_07
CT006260,Zone_04,Zone_04,0.9998,0.0001,0.9997,True,Zone_04,Zone_08
CT011362,Zone_08,Zone_08,0.995,0.005,0.99,True,Zone_08,Zone_07
CT001877,Zone_04,Zone_04,0.9998,0.0001,0.9997,True,Zone_04,Zone_08
CT001589,Zone_04,Zone_04,0.9951,0.0049,0.9902,True,Zone_04,Zone_05
CT015834,Zone_07,Zone_08,0.5811,0.4188,0.1623,False,Zone_08,Zone_07
CT003940,Zone_03,Zone_03,1.0,0.0,1.0,True,Zone_03,Zone_10
CT014640,Zone_07,Zone_07,0.9891,0.01,0.9791,True,Zone_07,Zone_06
CT013353,Zone_08,Zone_08,0.6783,0.3216,0.3567,True,Zone_08,Zone_07
CT013007,Zone_08,Zone_08,0.6091,0.3908,0.2183,True,Zone_08,Zone_07
CT003084,Zone_07,Zone_07,0.9841,0.0158,0.9683,True,Zone_07,Zone_08
CT004863,Zone_04,Zone_04,0.9882,0.0071,0.9811,True,Zone_04,Zone_05
CT018159,Zone_10,Zone_10,1.0,0.0,1.0,True,Zone_10,Zone_09
CT008614,Zone_02,Zone_02,1.0,0.0,1.0,True,Zone_02,Zone_10
CT016857,Zone_04,Zone_04,0.9953,0.0045,0.9908,True,Zone_04,Zone_05
CT006663,Zone_03,Zone_03,1.0,0.0,1.0,True,Zone_03,Zone_10
CT018904,Zone_07,Zone_07,0.9834,0.0166,0.9668,True,Zone_07,Zone_06
CT005081,Zone_01,Zone_01,0.9999,0.0001,0.9998,True,Zone_01,Zone_03
CT000568,Zone_02,Zone_02,0.9994,0.0006,0.9988,True,Zone_02,Zone_05
CT004048,Zone_04,Zone_04,0.9914,0.0082,0.9832,True,Zone_04,Zone_03
CT002625,Zone_07,Zone_07,0.8403,0.1597,0.6806,True,Zone_07,Zone_08
CT002469,Zone_07,Zone_08,0.6605,0.3394,0.3211,False,Zone_08,Zone_07
CT013999,Zone_04,Zone_04,0.9963,0.0035,0.9928,True,Zone_04,Zone_09
CT005956,Zone_08,Zone_08,0.7155,0.2843,0.4312,True,Zone_08,Zone_07
CT012422,Zone_04,Zone_04,1.0,0.0,1.0,True,Zone_04,Zone_10
CT012042,Zone_07,Zone_07,0.9537,0.0463,0.9074,True,Zone_07,Zone_08
CT014930,Zone_08,Zone_08,0.9966,0.0034,0.9932,True,Zone_08,Zone_07
CT009268,Zone_06,Zone_07,0.9873,0.0126,0.9747,False,Zone_07,Zone_06
CT007292,Zone_04,Zone_04,0.9839,0.0115,0.9724,True,Zone_04,Zone_03
CT008284,Zone_07,Zone_07,0.8003,0.1996,0.6007,True,Zone_07,Zone_08
CT017875,Zone_03,Zone_03,1.0,0.0,1.0,True,Zone_03,Zone_10
CT001238,Zone_08,Zone_08,0.991,0.009,0.982,True,Zone_08,Zone_07
CT003502,Zone_08,Zone_07,0.7368,0.2632,0.4736,False,Zone_07,Zone_08
CT012069,Zone_03,Zone_03,0.9967,0.0033,0.9934,True,Zone_03,Zone_01
CT008432,Zone_02,Zone_02,1.0,0.0,1.0,True,Zone_02,Zone_10
CT011336,Zone_02,Zone_02,1.0,0.0,1.0,True,Zone_02,Zone_10
CT009325,Zone_08,Zone_08,0.9999,0.0001,0.9998,True,Zone_08,Zone_07
CT000687,Zone_08,Zone_08,0.9998,0.0002,0.9996,True,Zone_08,Zone_07
CT009993,Zone_05,Zone_05,0.9999,0.0001,0.9998,True,Zone_05,Zone_08
CT019589,Zone_04,Zone_04,0.9999,0.0001,0.9998,True,Zone_04,Zone_05
CT008482,Zone_01,Zone_01,0.9999,0.0001,0.9998,True,Zone_01,Zone_03
CT018581,Zone_01,Zone_01,0.9854,0.0131,0.9723,True,Zone_01,Zone_02
CT002890,Zone_03,Zone_03,1.0,0.0,1.0,True,Zone_03,Zone_10
CT009572,Zone_08,Zone_08,0.6887,0.3112,0.3775,True,Zone_08,Zone_07
CT003736,Zone_10,Zone_10,1.0,0.0,1.0,True,Zone_10,Zone_09
CT001863,Zone_09,Zone_09,0.9881,0.0119,0.9762,True,Zone_09,Zone_10
CT002847,Zone_04,Zone_04,0.9765,0.0133,0.9632,True,Zone_04,Zone_01
CT012402,Zone_07,Zone_07,0.9978,0.0021,0.9957,True,Zone_07,Zone_08
CT005648,Zone_03,Zone_03,1.0,0.0,1.0,True,Zone_03,Zone_10
CT000603,Zone_06,Zone_06,1.0,0.0,1.0,True,Zone_06,Zone_10
CT008604,Zone_10,Zone_10,1.0,0.0,1.0,True,Zone_10,Zone_09
CT008406,Zone_07,Zone_07,0.9663,0.0337,0.9326,True,Zone_07,Zone_06
CT006720,Zone_08,Zone_08,0.997,0.003,0.994,True,Zone_08,Zone_07
CT008120,Zone_08,Zone_07,0.5338,0.4662,0.0676,False,Zone_07,Zone_08
CT016793,Zone_08,Zone_08,0.9999,0.0001,0.9998,True,Zone_08,Zone_07
CT010613,Zone_07,Zone_07,0.8736,0.117,0.7566,True,Zone_07,Zone_06
CT007995,Zone_02,Zone_02,0.9951,0.0049,0.9902,True,Zone_02,Zone_01
CT014790,Zone_07,Zone_07,0.8405,0.1595,0.681,True,Zone_07,Zone_08
CT015860,Zone_10,Zone_10,1.0,0.0,1.0,True,Zone_10,Zone_09
CT019578,Zone_08,Zone_08,0.6476,0.3524,0.2952,True,Zone_08,Zone_07
CT017654,Zone_07,Zone_07,0.9101,0.0899,0.8202,True,Zone_07,Zone_06
CT018078,Zone_08,Zone_08,0.9999,0.0001,0.9998,True,Zone_08,Zone_07
CT005267,Zone_04,Zone_04,1.0,0.0,1.0,True,Zone_04,Zone_10
CT016748,Zone_10,Zone_10,1.0,0.0,1.0,True,Zone_10,Zone_09
CT004094,Zone_01,Zone_01,0.9867,0.0063,0.9804,True,Zone_01,Zone_02
CT016875,Zone_07,Zone_08,0.5957,0.4043,0.1914,False,Zone_08,Zone_07
CT011338,Zone_08,Zone_08,0.9954,0.0046,0.9908,True,Zone_08,Zone_07
CT004409,Zone_07,Zone_07,0.9718,0.0268,0.945,True,Zone_07,Zone_06
CT000334,Zone_07,Zone_07,0.9813,0.0181,0.9632,True,Zone_07,Zone_06
CT014329,Zone_10,Zone_10,0.9964,0.0033,0.9931,True,Zone_10,Zone_09
CT011548,Zone_04,Zone_04,1.0,0.0,1.0,True,Zone_04,Zone_10
CT010348,Zone_08,Zone_07,0.8764,0.1218,0.7546,False,Zone_07,Zone_08
CT007162,Zone_08,Zone_08,0.9999,0.0001,0.9998,True,Zone_08,Zone_07
CT017986,Zone_04,Zone_04,0.9933,0.0033,0.99,True,Zone_04,Zone_08
CT003259,Zone_07,Zone_07,0.9173,0.0809,0.8364,True,Zone_07,Zone_08
CT012024,Zone_02,Zone_02,1.0,0.0,1.0,True,Zone_02,Zone_10
CT004190,Zone_08,Zone_08,0.9966,0.0034,0.9932,True,Zone_08,Zone_07
CT013212,Zone_04,Zone_04,1.0,0.0,1.0,True,Zone_04,Zone_10
CT010084,Zone_10,Zone_10,0.9973,0.0027,0.9946,True,Zone_10,Zone_09
CT019890,Zone_03,Zone_03,0.9999,0.0001,0.9998,True,Zone_03,Zone_02
CT014251,Zone_07,Zone_08,0.5667,0.4318,0.1349,False,Zone_08,Zone_07
CT011725,Zone_02,Zone_02,1.0,0.0,1.0,True,Zone_02,Zone_10
CT013483,Zone_04,Zone_04,0.9998,0.0001,0.9997,True,Zone_04,Zone_08
CT017428,Zone_02,Zone_02,1.0,0.0,1.0,True,Zone_02,Zone_10
CT001672,Zone_07,Zone_07,0.5966,0.4034,0.1932,True,Zone_07,Zone_08
CT010298,Zone_08,Zone_08,0.9999,0.0001,0.9998,True,Zone_08,Zone_07
CT017323,Zone_10,Zone_10,1.0,0.0,1.0,True,Zone_10,Zone_09
CT006412,Zone_07,Zone_07,0.9727,0.0222,0.9505,True,Zone_07,Zone_08
CT009808,Zone_02,Zone_02,0.9963,0.0037,0.9926,True,Zone_02,Zone_01
CT006658,Zone_10,Zone_10,1.0,0.0,1.0,True,Zone_10,Zone_09
CT004598,Zone_01,Zone_01,0.9899,0.01,0.9799,True,Zone_01,Zone_04
CT010168,Zone_07,Zone_07,0.9314,0.0686,0.8628,True,Zone_07,Zone_06
CT018473,Zone_07,Zone_07,0.9712,0.0288,0.9424,True,Zone_07,Zone_06
CT009139,Zone_04,Zone_04,0.9997,0.0002,0.9995,True,Zone_04,Zone_08
CT012319,Zone_08,Zone_08,0.9959,0.0041,0.9918,True,Zone_08,Zone_07
CT002985,Zone_02,Zone_02,1.0,0.0,1.0,True,Zone_02,Zone_10
CT013881,Zone_08,Zone_08,0.662,0.3379,0.3241,True,Zone_08,Zone_07
CT013990,Zone_01,Zone_01,0.9999,0.0001,0.9998,True,Zone_01,Zone_03
CT006237,Zone_08,Zone_08,0.9923,0.0077,0.9846,True,Zone_08,Zone_07
CT013521,Zone_07,Zone_08,0.6792,0.3206,0.3586,False,Zone_08,Zone_07
CT001735,Zone_07,Zone_07,0.9768,0.0212,0.9556,True,Zone_07,Zone_06
CT010590,Zone_07,Zone_07,0.8617,0.1383,0.7234,True,Zone_07,Zone_08
CT003933,Zone_07,Zone_07,0.7741,0.2259,0.5482,True,Zone_07,Zone_08
CT016653,Zone_07,Zone_07,0.9866,0.013,0.9736,True,Zone_07,Zone_08
CT016290,Zone_07,Zone_07,0.6844,0.3139,0.3705,True,Zone_07,Zone_08
CT019126,Zone_07,Zone_07,0.9933,0.0054,0.9879,True,Zone_07,Zone_06
CT006243,Zone_02,Zone_02,1.0,0.0,1.0,True,Zone_02,Zone_10
CT006276,Zone_08,Zone_08,0.6256,0.3743,0.2513,True,Zone_08,Zone_07
CT013067,Zone_07,Zone_07,0.9949,0.005,0.9899,True,Zone_07,Zone_08
CT010364,Zone_08,Zone_08,0.731,0.2689,0.4621,True,Zone_08,Zone_07
CT002861,Zone_08,Zone_08,0.9963,0.0037,0.9926,True,Zone_08,Zone_07
CT011013,Zone_08,Zone_08,0.6243,0.3756,0.2487,True,Zone_08,Zone_07
CT012307,Zone_04,Zone_04,0.9999,0.0001,0.9998,True,Zone_04,Zone_05
CT008947,Zone_02,Zone_02,0.9994,0.0006,0.9988,True,Zone_02,Zone_03
CT015517,Zone_08,Zone_07,0.8254,0.1746,0.6508,False,Zone_07,Zone_08
CT004818,Zone_07,Zone_07,0.8746,0.1254,0.7492,True,Zone_07,Zone_08
CT009541,Zone_10,Zone_10,0.9986,0.0014,0.9972,True,Zone_10,Zone_05
CT002882,Zone_03,Zone_03,1.0,0.0,1.0,True,Zone_03,Zone_10
CT014259,Zone_08,Zone_08,0.999,0.001,0.998,True,Zone_08,Zone_07
CT019176,Zone_04,Zone_04,0.9775,0.0096,0.9679,True,Zone_04,Zone_01
CT011711,Zone_08,Zone_08,0.5816,0.4183,0.1633,True,Zone_08,Zone_07
CT014212,Zone_07,Zone_07,0.8871,0.1128,0.7743,True,Zone_07,Zone_08
CT015588,Zone_04,Zone_04,1.0,0.0,1.0,True,Zone_04,Zone_10
CT016082,Zone_08,Zone_08,0.7056,0.2943,0.4113,True,Zone_08,Zone_07
CT016782,Zone_07,Zone_07,0.9774,0.0159,0.9615,True,Zone_07,Zone_06
CT010115,Zone_02,Zone_02,1.0,0.0,1.0,True,Zone_02,Zone_10
CT005303,Zone_07,Zone_07,0.5227,0.4773,0.0454,True,Zone_07,Zone_08
CT007219,Zone_04,Zone_04,0.99,0.01,0.98,True,Zone_04,Zone_06
CT002069,Zone_04,Zone_04,0.9953,0.0045,0.9908,True,Zone_04,Zone_05
CT006548,Zone_08,Zone_07,0.8526,0.1458,0.7068,False,Zone_07,Zone_08
CT008348,Zone_03,Zone_03,1.0,0.0,1.0,True,Zone_03,Zone_10
CT017634,Zone_06,Zone_06,1.0,0.0,1.0,True,Zone_06,Zone_10
CT008474,Zone_02,Zone_02,1.0,0.0,1.0,True,Zone_02,Zone_10
CT011210,Zone_03,Zone_03,0.9999,0.0001,0.9998,True,Zone_03,Zone_02
CT013970,Zone_07,Zone_07,0.9904,0.0095,0.9809,True,Zone_07,Zone_08
CT019308,Zone_03,Zone_03,1.0,0.0,1.0,True,Zone_03,Zone_10
CT003495,Zone_03,Zone_03,1.0,0.0,1.0,True,Zone_03,Zone_10
CT000064,Zone_07,Zone_07,0.9313,0.0587,0.8726,True,Zone_07,Zone_08
CT006218,Zone_08,Zone_08,0.703,0.2969,0.4061,True,Zone_08,Zone_07
CT004015,Zone_07,Zone_07,0.7868,0.2132,0.5736,True,Zone_07,Zone_08
CT016527,Zone_01,Zone_01,0.9999,0.0001,0.9998,True,Zone_01,Zone_03
CT017842,Zone_08,Zone_08,0.9999,0.0001,0.9998,True,Zone_08,Zone_07
CT011807,Zone_08,Zone_08,0.6695,0.3305,0.339,True,Zone_08,Zone_07
CT017379,Zone_08,Zone_08,0.5152,0.4798,0.0354,True,Zone_08,Zone_07
CT007009,Zone_02,Zone_02,1.0,0.0,1.0,True,Zone_02,Zone_10
CT014096,Zone_05,Zone_05,0.9998,0.0002,0.9996,True,Zone_05,Zone_02
CT011290,Zone_01,Zone_01,0.9999,0.0001,0.9998,True,Zone_01,Zone_03
CT013314,Zone_07,Zone_07,0.9983,0.0016,0.9967,True,Zone_07,Zone_08
CT001991,Zone_03,Zone_03,0.9975,0.0024,0.9951,True,Zone_03,Zone_04
CT004874,Zone_07,Zone_08,0.5969,0.403,0.1939,False,Zone_08,Zone_07
CT015461,Zone_08,Zone_08,0.6595,0.3405,0.319,True,Zone_08,Zone_07
CT015725,Zone_10,Zone_10,1.0,0.0,1.0,True,Zone_10,Zone_09
CT000090,Zone_07,Zone_07,0.8222,0.1777,0.6445,True,Zone_07,Zone_08
CT010716,Zone_04,Zone_04,1.0,0.0,1.0,True,Zone_04,Zone_10
CT016894,Zone_01,Zone_01,0.9999,0.0001,0.9998,True,Zone_01,Zone_03
CT005889,Zone_07,Zone_07,0.9206,0.0794,0.8412,True,Zone_07,Zone_06
CT017869,Zone_08,Zone_08,0.7141,0.2858,0.4283,True,Zone_08,Zone_07
CT013363,Zone_04,Zone_04,0.9999,0.0001,0.9998,True,Zone_04,Zone_08
CT014632,Zone_02,Zone_02,1.0,0.0,1.0,True,Zone_02,Zone_10
CT002899,Zone_08,Zone_08,0.6627,0.3372,0.3255,True,Zone_08,Zone_07
CT017988,Zone_04,Zone_04,0.9933,0.0033,0.99,True,Zone_04,Zone_09
CT014342,Zone_04,Zone_04,0.9909,0.0082,0.9827,True,Zone_04,Zone_01
CT001947,Zone_01,Zone_01,0.9898,0.008,0.9818,True,Zone_01,Zone_02
CT011856,Zone_04,Zone_04,1.0,0.0,1.0,True,Zone_04,Zone_10
CT009872,Zone_07,Zone_07,0.9823,0.0104,0.9719,True,Zone_07,Zone_08
CT015536,Zone_03,Zone_03,0.9999,0.0001,0.9998,True,Zone_03,Zone_02
CT010969,Zone_08,Zone_08,0.6229,0.3769,0.246,True,Zone_08,Zone_07
CT004093,Zone_07,Zone_07,0.9624,0.0351,0.9273,True,Zone_07,Zone_06
CT014011,Zone_06,Zone_06,0.99,0.01,0.98,True,Zone_06,Zone_07
CT015689,Zone_04,Zone_04,0.9998,0.0001,0.9997,True,Zone_04,Zone_08
CT016265,Zone_10,Zone_10,1.0,0.0,1.0,True,Zone_10,Zone_09
CT013950,Zone_08,Zone_08,0.9941,0.0059,0.9882,True,Zone_08,Zone_07
CT006116,Zone_07,Zone_07,0.9709,0.0291,0.9418,True,Zone_07,Zone_08
CT012962,Zone_08,Zone_08,0.6438,0.3561,0.2877,True,Zone_08,Zone_07
CT011610,Zone_02,Zone_02,1.0,0.0,1.0,True,Zone_02,Zone_10
CT019323,Zone_07,Zone_08,0.6545,0.3454,0.3091,False,Zone_08,Zone_07
CT003978,Zone_03,Zone_03,0.9999,0.0001,0.9998,True,Zone_03,Zone_02
CT019559,Zone_07,Zone_07,0.9489,0.0511,0.8978,True,Zone_07,Zone_08
CT010737,Zone_05,Zone_05,0.9876,0.01,0.9776,True,Zone_05,Zone_07
CT011712,Zone_02,Zone_02,0.9925,0.0075,0.985,True,Zone_02,Zone_01
CT009915,Zone_04,Zone_04,0.9946,0.0052,0.9894,True,Zone_04,Zone_05
CT013068,Zone_07,Zone_07,0.98,0.02,0.96,True,Zone_07,Zone_06
CT019907,Zone_07,Zone_08,0.6068,0.3922,0.2146,False,Zone_08,Zone_07
CT019133,Zone_07,Zone_07,0.9942,0.0058,0.9884,True,Zone_07,Zone_08
CT010738,Zone_05,Zone_05,1.0,0.0,1.0,True,Zone_05,Zone_10
CT005095,Zone_09,Zone_09,0.989,0.0086,0.9804,True,Zone_09,Zone_04
CT006646,Zone_03,Zone_03,1.0,0.0,1.0,True,Zone_03,Zone_10
CT011147,Zone_03,Zone_03,0.99,0.01,0.98,True,Zone_03,Zone_04
CT012534,Zone_08,Zone_08,0.9942,0.0041,0.9901,True,Zone_08,Zone_07
CT006598,Zone_04,Zone_04,0.9953,0.0045,0.9908,True,Zone_04,Zone_05
CT009310,Zone_08,Zone_08,0.6829,0.317,0.3659,True,Zone_08,Zone_07
CT009437,Zone_04,Zone_04,0.9973,0.0027,0.9946,True,Zone_04,Zone_05
CT010226,Zone_08,Zone_08,0.6479,0.3412,0.3067,True,Zone_08,Zone_07
CT001570,Zone_08,Zone_08,0.9998,0.0002,0.9996,True,Zone_08,Zone_07
CT003766,Zone_07,Zone_07,0.9962,0.0036,0.9926,True,Zone_07,Zone_08
CT018944,Zone_07,Zone_07,0.8494,0.1505,0.6989,True,Zone_07,Zone_08
CT008822,Zone_08,Zone_08,0.9899,0.0101,0.9798,True,Zone_08,Zone_07
CT010819,Zone_04,Zone_04,0.9974,0.0021,0.9953,True,Zone_04,Zone_09
CT000795,Zone_02,Zone_02,1.0,0.0,1.0,True,Zone_02,Zone_10
CT016322,Zone_08,Zone_08,0.6397,0.3602,0.2795,True,Zone_08,Zone_07
CT004128,Zone_08,Zone_08,0.9999,0.0001,0.9998,True,Zone_08,Zone_07
CT013384,Zone_02,Zone_02,1.0,0.0,1.0,True,Zone_02,Zone_10
CT018447,Zone_08,Zone_08,0.9951,0.0049,0.9902,True,Zone_08,Zone_07
CT001430,Zone_08,Zone_08,0.9951,0.0049,0.9902,True,Zone_08,Zone_07
CT010609,Zone_10,Zone_10,1.0,0.0,1.0,True,Zone_10,Zone_09
CT009341,Zone_02,Zone_02,1.0,0.0,1.0,True,Zone_02,Zone_10
CT018952,Zone_05,Zone_05,0.9942,0.0055,0.9887,True,Zone_05,Zone_04
CT009312,Zone_07,Zone_07,0.8223,0.1723,0.65,True,Zone_07,Zone_08
CT001621,Zone_01,Zone_01,0.9945,0.0054,0.9891,True,Zone_01,Zone_04
CT015044,Zone_07,Zone_07,0.8148,0.1852,0.6296,True,Zone_07,Zone_08
CT001758,Zone_10,Zone_10,1.0,0.0,1.0,True,Zone_10,Zone_09
CT003423,Zone_08,Zone_08,0.7571,0.2419,0.5152,True,Zone_08,Zone_07
CT018346,Zone_04,Zone_04,0.9936,0.0063,0.9873,True,Zone_04,Zone_05
CT014099,Zone_06,Zone_06,1.0,0.0,1.0,True,Zone_06,Zone_10
CT007014,Zone_08,Zone_08,0.6578,0.3412,0.3166,True,Zone_08,Zone_07
CT005623,Zone_08,Zone_08,0.7327,0.2672,0.4655,True,Zone_08,Zone_07
CT010428,Zone_07,Zone_07,0.9509,0.0488,0.9021,True,Zone_07,Zone_08
CT012686,Zone_08,Zone_08,0.9924,0.0076,0.9848,True,Zone_08,Zone_07
CT015527,Zone_08,Zone_08,0.9946,0.0054,0.9892,True,Zone_08,Zone_07
CT012808,Zone_06,Zone_06,1.0,0.0,1.0,True,Zone_06,Zone_10
CT013627,Zone_08,Zone_08,0.6828,0.3171,0.3657,True,Zone_08,Zone_07
CT017569,Zone_03,Zone_03,0.9999,0.0001,0.9998,True,Zone_03,Zone_02
CT014825,Zone_08,Zone_08,0.9769,0.0214,0.9555,True,Zone_08,Zone_07
CT010594,Zone_08,Zone_08,0.9888,0.01,0.9788,True,Zone_08,Zone_05
CT019721,Zone_08,Zone_08,0.9999,0.0001,0.9998,True,Zone_08,Zone_07
CT015392,Zone_04,Zone_04,0.9848,0.0094,0.9754,True,Zone_04,Zone_02
CT015319,Zone_08,Zone_08,0.9999,0.0001,0.9998,True,Zone_08,Zone_07
CT004930,Zone_04,Zone_04,0.9973,0.0027,0.9946,True,Zone_04,Zone_05
CT006434,Zone_06,Zone_06,0.9814,0.0137,0.9677,True,Zone_06,Zone_07
CT016898,Zone_09,Zone_09,0.9693,0.0115,0.9578,True,Zone_09,Zone_07
CT010083,Zone_03,Zone_03,0.995,0.005,0.99,True,Zone_03,Zone_04
CT003896,Zone_08,Zone_08,0.6767,0.3232,0.3535,True,Zone_08,Zone_07
CT000653,Zone_08,Zone_08,0.6809,0.319,0.3619,True,Zone_08,Zone_07
CT014148,Zone_06,Zone_06,0.9913,0.0087,0.9826,True,Zone_06,Zone_07
CT000362,Zone_03,Zone_03,1.0,0.0,1.0,True,Zone_03,Zone_10
CT000191,Zone_10,Zone_10,1.0,0.0,1.0,True,Zone_10,Zone_09
CT003823,Zone_07,Zone_07,0.8545,0.144,0.7105,True,Zone_07,Zone_08
CT004182,Zone_03,Zone_03,1.0,0.0,1.0,True,Zone_03,Zone_10
CT011508,Zone_02,Zone_02,1.0,0.0,1.0,True,Zone_02,Zone_10
CT019163,Zone_04,Zone_04,0.9999,0.0001,0.9998,True,Zone_04,Zone_08
CT003282,Zone_02,Zone_02,1.0,0.0,1.0,True,Zone_02,Zone_10
CT009122,Zone_10,Zone_10,1.0,0.0,1.0,True,Zone_10,Zone_09
CT004071,Zone_05,Zone_05,0.9843,0.0154,0.9689,True,Zone_05,Zone_04
CT010374,Zone_04,Zone_04,0.9998,0.0001,0.9997,True,Zone_04,Zone_08
CT015633,Zone_03,Zone_03,0.9813,0.0117,0.9696,True,Zone_03,Zone_04
CT010171,Zone_07,Zone_07,0.8642,0.1357,0.7285,True,Zone_07,Zone_08
CT013486,Zone_07,Zone_07,0.9867,0.0133,0.9734,True,Zone_07,Zone_06
CT019924,Zone_08,Zone_08,0.7064,0.2936,0.4128,True,Zone_08,Zone_07
CT018401,Zone_07,Zone_07,0.9972,0.0027,0.9945,True,Zone_07,Zone_08
CT010338,Zone_06,Zone_06,0.9914,0.0046,0.9868,True,Zone_06,Zone_08
CT010145,Zone_07,Zone_07,0.893,0.1069,0.7861,True,Zone_07,Zone_08
CT016887,Zone_07,Zone_08,0.5474,0.4526,0.0948,False,Zone_08,Zone_07
CT007392,Zone_02,Zone_02,0.9951,0.0049,0.9902,True,Zone_02,Zone_01
CT010780,Zone_08,Zone_08,0.9999,0.0001,0.9998,True,Zone_08,Zone_07
CT004097,Zone_07,Zone_08,0.6219,0.378,0.2439,False,Zone_08,Zone_07
CT009234,Zone_06,Zone_06,1.0,0.0,1.0,True,Zone_06,Zone_10
CT015785,Zone_08,Zone_08,0.9681,0.0257,0.9424,True,Zone_08,Zone_07
CT003966,Zone_03,Zone_03,1.0,0.0,1.0,True,Zone_03,Zone_10
CT010040,Zone_07,Zone_07,0.8177,0.1822,0.6355,True,Zone_07,Zone_08
CT014419,Zone_08,Zone_08,0.9919,0.008,0.9839,True,Zone_08,Zone_09
CT005080,Zone_07,Zone_08,0.7096,0.2903,0.4193,False,Zone_08,Zone_07
CT009522,Zone_08,Zone_08,0.5471,0.4526,0.0945,True,Zone_08,Zone_07
CT012067,Zone_03,Zone_03,1.0,0.0,1.0,True,Zone_03,Zone_10
CT015529,Zone_07,Zone_07,0.8473,0.1526,0.6947,True,Zone_07,Zone_08
CT011378,Zone_04,Zone_04,0.9999,0.0001,0.9998,True,Zone_04,Zone_08
CT016808,Zone_02,Zone_02,0.9958,0.0042,0.9916,True,Zone_02,Zone_03
CT018155,Zone_08,Zone_08,0.9745,0.0158,0.9587,True,Zone_08,Zone_07
CT019041,Zone_07,Zone_07,0.8911,0.1088,0.7823,True,Zone_07,Zone_08
CT006179,Zone_05,Zone_05,0.9999,0.0001,0.9998,True,Zone_05,Zone_08
CT004385,Zone_07,Zone_07,0.9444,0.0549,0.8895,True,Zone_07,Zone_06
CT011134,Zone_10,Zone_10,1.0,0.0,1.0,True,Zone_10,Zone_09
CT018654,Zone_04,Zone_04,0.9998,0.0001,0.9997,True,Zone_04,Zone_08
CT010405,Zone_01,Zone_01,0.9899,0.01,0.9799,True,Zone_01,Zone_02
CT006953,Zone_03,Zone_03,1.0,0.0,1.0,True,Zone_03,Zone_10
CT013896,Zone_07,Zone_07,0.9958,0.0037,0.9921,True,Zone_07,Zone_08
CT012120,Zone_04,Zone_04,0.9979,0.0019,0.996,True,Zone_04,Zone_05
CT018213,Zone_01,Zone_01,0.9999,0.0001,0.9998,True,Zone_01,Zone_03
CT012369,Zone_08,Zone_07,0.8024,0.1976,0.6048,False,Zone_07,Zone_08
CT012986,Zone_07,Zone_08,0.6263,0.3736,0.2527,False,Zone_08,Zone_07
CT002103,Zone_07,Zone_07,0.9928,0.0071,0.9857,True,Zone_07,Zone_08
CT014300,Zone_07,Zone_07,0.8543,0.1456,0.7087,True,Zone_07,Zone_08
CT003500,Zone_07,Zone_07,0.9548,0.0352,0.9196,True,Zone_07,Zone_06
CT011952,Zone_08,Zone_08,0.9999,0.0001,0.9998,True,Zone_08,Zone_07
CT005836,Zone_03,Zone_03,1.0,0.0,1.0,True,Zone_03,Zone_10
CT014861,Zone_04,Zone_04,0.9816,0.0182,0.9634,True,Zone_04,Zone_03
CT004984,Zone_03,Zone_03,1.0,0.0,1.0,True,Zone_03,Zone_10
CT008618,Zone_08,Zone_08,0.6128,0.3869,0.2259,True,Zone_08,Zone_07
CT000751,Zone_04,Zone_04,0.9953,0.0045,0.9908,True,Zone_04,Zone_05
CT018877,Zone_02,Zone_02,1.0,0.0,1.0,True,Zone_02,Zone_10
CT010720,Zone_07,Zone_07,0.8775,0.1224,0.7551,True,Zone_07,Zone_08
CT017128,Zone_07,Zone_08,0.6589,0.341,0.3179,False,Zone_08,Zone_07
CT002099,Zone_03,Zone_03,0.9995,0.0005,0.999,True,Zone_03,Zone_04
CT011570,Zone_07,Zone_08,0.6983,0.3016,0.3967,False,Zone_08,Zone_07
CT015195,Zone_07,Zone_08,0.6487,0.3513,0.2974,False,Zone_08,Zone_07
CT015879,Zone_08,Zone_08,0.6029,0.3971,0.2058,True,Zone_08,Zone_07
CT005914,Zone_04,Zone_04,0.9973,0.0027,0.9946,True,Zone_04,Zone_05
CT003795,Zone_07,Zone_07,0.8711,0.1223,0.7488,True,Zone_07,Zone_08
CT017331,Zone_05,Zone_05,0.9766,0.0118,0.9648,True,Zone_05,Zone_08
CT018856,Zone_08,Zone_08,0.9999,0.0001,0.9998,True,Zone_08,Zone_07
CT018202,Zone_04,Zone_04,0.9999,0.0001,0.9998,True,Zone_04,Zone_08
CT000174,Zone_10,Zone_10,0.9912,0.0088,0.9824,True,Zone_10,Zone_09
CT001803,Zone_03,Zone_03,1.0,0.0,1.0,True,Zone_03,Zone_10
CT013328,Zone_04,Zone_04,0.9989,0.0006,0.9983,True,Zone_04,Zone_03
CT008666,Zone_08,Zone_08,0.6992,0.3007,0.3985,True,Zone_08,Zone_07
CT014321,Zone_07,Zone_07,0.8413,0.1586,0.6827,True,Zone_07,Zone_08
CT003453,Zone_02,Zone_02,1.0,0.0,1.0,True,Zone_02,Zone_10
CT009696,Zone_05,Zone_05,0.9988,0.0011,0.9977,True,Zone_05,Zone_04
CT016332,Zone_07,Zone_08,0.5731,0.4268,0.1463,False,Zone_08,Zone_07
CT016970,Zone_07,Zone_07,0.8414,0.1586,0.6828,True,Zone_07,Zone_08
CT004309,Zone_10,Zone_10,0.9982,0.0018,0.9964,True,Zone_10,Zone_08
CT003767,Zone_07,Zone_07,0.8534,0.1463,0.7071,True,Zone_07,Zone_08
CT002639,Zone_07,Zone_07,0.9718,0.0277,0.9441,True,Zone_07,Zone_06
CT006193,Zone_01,Zone_01,1.0,0.0,1.0,True,Zone_01,Zone_10
CT012296,Zone_07,Zone_07,0.9916,0.0083,0.9833,True,Zone_07,Zone_08
CT007395,Zone_06,Zone_07,0.8642,0.1333,0.7309,False,Zone_07,Zone_06
CT010778,Zone_08,Zone_08,0.9999,0.0001,0.9998,True,Zone_08,Zone_07
CT006578,Zone_07,Zone_07,0.9892,0.0105,0.9787,True,Zone_07,Zone_08
CT019074,Zone_09,Zone_09,0.9883,0.0086,0.9797,True,Zone_09,Zone_04
CT015095,Zone_07,Zone_07,0.8178,0.1822,0.6356,True,Zone_07,Zone_08
CT017221,Zone_07,Zone_07,0.9941,0.0057,0.9884,True,Zone_07,Zone_08
CT005042,Zone_03,Zone_03,1.0,0.0,1.0,True,Zone_03,Zone_10
CT009781,Zone_01,Zone_01,0.9999,0.0001,0.9998,True,Zone_01,Zone_03
CT002504,Zone_07,Zone_07,0.9892,0.0107,0.9785,True,Zone_07,Zone_06
CT006335,Zone_07,Zone_07,0.986,0.014,0.972,True,Zone_07,Zone_08
CT016667,Zone_07,Zone_07,0.5786,0.4214,0.1572,True,Zone_07,Zone_08
CT018425,Zone_07,Zone_08,0.6665,0.3334,0.3331,False,Zone_08,Zone_07
CT005892,Zone_07,Zone_07,0.5121,0.4875,0.0246,True,Zone_07,Zone_08
CT015586,Zone_08,Zone_08,0.6706,0.3293,0.3413,True,Zone_08,Zone_07
CT012258,Zone_02,Zone_02,0.9996,0.0004,0.9992,True,Zone_02,Zone_04
CT013842,Zone_07,Zone_08,0.7062,0.2937,0.4125,False,Zone_08,Zone_07
CT002692,Zone_05,Zone_05,0.9999,0.0001,0.9998,True,Zone_05,Zone_08
CT009460,Zone_10,Zone_10,1.0,0.0,1.0,True,Zone_10,Zone_09
CT000065,Zone_07,Zone_08,0.6216,0.3783,0.2433,False,Zone_08,Zone_07
CT000084,Zone_03,Zone_03,1.0,0.0,1.0,True,Zone_03,Zone_10
CT015701,Zone_06,Zone_06,0.98,0.02,0.96,True,Zone_06,Zone_07
CT015254,Zone_04,Zone_04,0.9848,0.01,0.9748,True,Zone_04,Zone_03
CT017290,Zone_07,Zone_07,0.7402,0.2597,0.4805,True,Zone_07,Zone_08
CT015986,Zone_03,Zone_03,1.0,0.0,1.0,True,Zone_03,Zone_10
CT015971,Zone_04,Zone_04,1.0,0.0,1.0,True,Zone_04,Zone_10
CT002144,Zone_07,Zone_07,0.9962,0.0038,0.9924,True,Zone_07,Zone_08
CT011515,Zone_04,Zone_04,0.9953,0.0045,0.9908,True,Zone_04,Zone_05
CT003208,Zone_02,Zone_02,1.0,0.0,1.0,True,Zone_02,Zone_10
CT004411,Zone_05,Zone_05,0.9857,0.0083,0.9774,True,Zone_05,Zone_04
CT017584,Zone_04,Zone_04,1.0,0.0,1.0,True,Zone_04,Zone_10
CT007858,Zone_04,Zone_04,0.9659,0.01,0.9559,True,Zone_04,Zone_10
CT018243,Zone_08,Zone_08,0.9965,0.0035,0.993,True,Zone_08,Zone_07
CT000069,Zone_02,Zone_02,1.0,0.0,1.0,True,Zone_02,Zone_10
CT017488,Zone_04,Zone_04,0.9563,0.0186,0.9377,True,Zone_04,Zone_05
CT010642,Zone_07,Zone_07,0.949,0.051,0.898,True,Zone_07,Zone_06
CT002476,Zone_02,Zone_02,1.0,0.0,1.0,True,Zone_02,Zone_10
CT009149,Zone_05,Zone_05,0.9998,0.0002,0.9996,True,Zone_05,Zone_02
CT017686,Zone_08,Zone_08,0.988,0.0102,0.9778,True,Zone_08,Zone_07
CT014973,Zone_08,Zone_08,1.0,0.0,1.0,True,Zone_08,Zone_10
CT010933,Zone_07,Zone_08,0.6904,0.3095,0.3809,False,Zone_08,Zone_07
CT018777,Zone_03,Zone_03,1.0,0.0,1.0,True,Zone_03,Zone_10
CT007095,Zone_08,Zone_08,0.7247,0.2751,0.4496,True,Zone_08,Zone_07
CT013522,Zone_07,Zone_07,0.9517,0.0483,0.9034,True,Zone_07,Zone_06
CT013427,Zone_10,Zone_10,0.9997,0.0003,0.9994,True,Zone_10,Zone_03
CT015959,Zone_04,Zone_04,0.9952,0.0048,0.9904,True,Zone_04,Zone_06
CT005599,Zone_07,Zone_07,0.7701,0.2299,0.5402,True,Zone_07,Zone_08
CT002880,Zone_02,Zone_02,1.0,0.0,1.0,True,Zone_02,Zone_10
CT002520,Zone_01,Zone_01,0.9999,0.0001,0.9998,True,Zone_01,Zone_03
CT005807,Zone_07,Zone_08,0.5981,0.4008,0.1973,False,Zone_08,Zone_07
CT017485,Zone_06,Zone_06,0.9907,0.0053,0.9854,True,Zone_06,Zone_08
CT008240,Zone_05,Zone_05,0.9924,0.0075,0.9849,True,Zone_05,Zone_04
CT006929,Zone_04,Zone_04,1.0,0.0,1.0,True,Zone_04,Zone_10
CT002796,Zone_07,Zone_07,0.8709,0.1291,0.7418,True,Zone_07,Zone_08
CT003772,Zone_10,Zone_10,1.0,0.0,1.0,True,Zone_10,Zone_09
CT003708,Zone_08,Zone_08,0.6899,0.3099,0.38,True,Zone_08,Zone_07
CT000116,Zone_07,Zone_07,0.9641,0.0359,0.9282,True,Zone_07,Zone_06
CT016609,Zone_02,Zone_02,0.9951,0.0049,0.9902,True,Zone_02,Zone_01
CT016481,Zone_07,Zone_07,0.9909,0.0091,0.9818,True,Zone_07,Zone_08
CT001780,Zone_08,Zone_08,0.9999,0.0001,0.9998,True,Zone_08,Zone_07
CT007346,Zone_07,Zone_07,0.7229,0.277,0.4459,True,Zone_07,Zone_08
CT002500,Zone_08,Zone_08,0.9999,0.0001,0.9998,True,Zone_08,Zone_07
CT009366,Zone_04,Zone_04,0.9838,0.0076,0.9762,True,Zone_04,Zone_03
CT017131,Zone_10,Zone_10,1.0,0.0,1.0,True,Zone_10,Zone_09
CT017628,Zone_06,Zone_06,0.99,0.01,0.98,True,Zone_06,Zone_10
CT018105,Zone_01,Zone_01,0.9907,0.008,0.9827,True,Zone_01,Zone_02
CT003103,Zone_10,Zone_10,1.0,0.0,1.0,True,Zone_10,Zone_09
CT003293,Zone_07,Zone_07,0.8253,0.1747,0.6506,True,Zone_07,Zone_08
CT012046,Zone_07,Zone_08,0.7131,0.2858,0.4273,False,Zone_08,Zone_07
CT014162,Zone_08,Zone_08,0.6076,0.3924,0.2152,True,Zone_08,Zone_07
CT015927,Zone_07,Zone_07,0.959,0.041,0.918,True,Zone_07,Zone_06
CT012893,Zone_04,Zone_04,0.9951,0.0049,0.9902,True,Zone_04,Zone_05
CT011520,Zone_07,Zone_07,0.8898,0.1102,0.7796,True,Zone_07,Zone_08
CT017752,Zone_04,Zone_04,0.9999,0.0001,0.9998,True,Zone_04,Zone_05
CT000775,Zone_02,Zone_02,0.9951,0.0049,0.9902,True,Zone_02,Zone_01
CT014906,Zone_08,Zone_08,0.687,0.3099,0.3771,True,Zone_08,Zone_07
CT002820,Zone_06,Zone_06,0.9914,0.0046,0.9868,True,Zone_06,Zone_08
CT002726,Zone_07,Zone_07,0.992,0.0078,0.9842,True,Zone_07,Zone_08
CT008661,Zone_04,Zone_04,1.0,0.0,1.0,True,Zone_04,Zone_10
CT003178,Zone_05,Zone_05,0.9842,0.0112,0.973,True,Zone_05,Zone_07
CT004552,Zone_08,Zone_08,0.6769,0.3229,0.354,True,Zone_08,Zone_07
CT014014,Zone_10,Zone_10,0.9975,0.0025,0.995,True,Zone_10,Zone_09
CT014528,Zone_07,Zone_07,0.987,0.013,0.974,True,Zone_07,Zone_06
CT019865,Zone_07,Zone_07,0.9824,0.0174,0.965,True,Zone_07,Zone_06
CT009880,Zone_04,Zone_04,1.0,0.0,1.0,True,Zone_04,Zone_10
CT017678,Zone_08,Zone_08,0.665,0.335,0.33,True,Zone_08,Zone_07
CT000593,Zone_04,Zone_04,0.9996,0.0004,0.9992,True,Zone_04,Zone_08
CT006067,Zone_08,Zone_08,0.9778,0.0209,0.9569,True,Zone_08,Zone_07
CT013672,Zone_06,Zone_06,0.9913,0.0087,0.9826,True,Zone_06,Zone_07
CT000628,Zone_03,Zone_03,0.999,0.001,0.998,True,Zone_03,Zone_02
CT012328,Zone_03,Zone_03,1.0,0.0,1.0,True,Zone_03,Zone_10
CT018906,Zone_07,Zone_07,0.984,0.0158,0.9682,True,Zone_07,Zone_06
CT008368,Zone_07,Zone_07,0.9967,0.0019,0.9948,True,Zone_07,Zone_08
CT015312,Zone_07,Zone_07,0.983,0.0102,0.9728,True,Zone_07,Zone_06
CT018573,Zone_08,Zone_08,0.9941,0.0059,0.9882,True,Zone_08,Zone_07
CT012840,Zone_09,Zone_09,0.9986,0.0011,0.9975,True,Zone_09,Zone_10
CT011848,Zone_07,Zone_07,0.7998,0.1979,0.6019,True,Zone_07,Zone_08
CT019009,Zone_02,Zone_02,0.9996,0.0004,0.9992,True,Zone_02,Zone_04
CT006471,Zone_08,Zone_08,0.9999,0.0001,0.9998,True,Zone_08,Zone_07
CT012538,Zone_07,Zone_07,0.8254,0.1731,0.6523,True,Zone_07,Zone_08
CT001095,Zone_07,Zone_08,0.6667,0.3333,0.3334,False,Zone_08,Zone_07
CT002974,Zone_10,Zone_10,1.0,0.0,1.0,True,Zone_10,Zone_09
CT001590,Zone_03,Zone_03,1.0,0.0,1.0,True,Zone_03,Zone_10
CT017901,Zone_08,Zone_08,0.9966,0.0034,0.9932,True,Zone_08,Zone_07
CT015138,Zone_04,Zone_04,0.9995,0.0003,0.9992,True,Zone_04,Zone_01
CT001579,Zone_09,Zone_09,0.9803,0.0107,0.9696,True,Zone_09,Zone_10
CT012299,Zone_01,Zone_01,0.9936,0.0063,0.9873,True,Zone_01,Zone_02
CT018126,Zone_07,Zone_07,0.8958,0.1042,0.7916,True,Zone_07,Zone_08
CT004586,Zone_07,Zone_07,0.9734,0.0265,0.9469,True,Zone_07,Zone_08
CT012399,Zone_03,Zone_03,1.0,0.0,1.0,True,Zone_03,Zone_10
CT017733,Zone_07,Zone_07,0.9924,0.0076,0.9848,True,Zone_07,Zone_08
CT003950,Zone_04,Zone_04,1.0,0.0,1.0,True,Zone_04,Zone_10
CT002028,Zone_05,Zone_05,0.9966,0.0033,0.9933,True,Zone_05,Zone_04
CT008844,Zone_07,Zone_08,0.6122,0.3876,0.2246,False,Zone_08,Zone_07
CT011440,Zone_07,Zone_07,0.954,0.0395,0.9145,True,Zone_07,Zone_06
CT018586,Zone_04,Zone_04,0.9899,0.01,0.9799,True,Zone_04,Zone_05
CT017908,Zone_07,Zone_08,0.5575,0.4425,0.115,False,Zone_08,Zone_07
CT003604,Zone_01,Zone_01,0.9999,0.0001,0.9998,True,Zone_01,Zone_03
CT003625,Zone_07,Zone_07,0.6387,0.3612,0.2775,True,Zone_07,Zone_08
CT010584,Zone_08,Zone_08,0.9999,0.0001,0.9998,True,Zone_08,Zone_07
CT006932,Zone_08,Zone_08,0.7281,0.2718,0.4563,True,Zone_08,Zone_07
CT013662,Zone_07,Zone_07,0.8394,0.1593,0.6801,True,Zone_07,Zone_08
CT006098,Zone_07,Zone_07,0.8541,0.1459,0.7082,True,Zone_07,Zone_08
CT014681,Zone_07,Zone_07,0.9931,0.0069,0.9862,True,Zone_07,Zone_06
CT018190,Zone_07,Zone_07,0.9868,0.0132,0.9736,True,Zone_07,Zone_06
CT005035,Zone_08,Zone_08,0.6815,0.3185,0.363,True,Zone_08,Zone_07
CT019771,Zone_01,Zone_01,0.9999,0.0001,0.9998,True,Zone_01,Zone_03
CT019090,Zone_08,Zone_08,0.9999,0.0001,0.9998,True,Zone_08,Zone_07
CT005830,Zone_07,Zone_07,0.9867,0.0092,0.9775,True,Zone_07,Zone_08
CT011389,Zone_03,Zone_03,0.99,0.006,0.984,True,Zone_03,Zone_04
CT000583,Zone_03,Zone_03,0.8402,0.0899,0.7503,True,Zone_03,Zone_04
CT007102,Zone_04,Zone_04,0.9974,0.0021,0.9953,True,Zone_04,Zone_09
CT000875,Zone_08,Zone_08,0.6212,0.3788,0.2424,True,Zone_08,Zone_07
CT017825,Zone_07,Zone_07,0.8501,0.1498,0.7003,True,Zone_07,Zone_08
CT011193,Zone_08,Zone_08,0.5439,0.4557,0.0882,True,Zone_08,Zone_07
CT010125,Zone_03,Zone_03,1.0,0.0,1.0,True,Zone_03,Zone_10
CT010806,Zone_08,Zone_08,0.6679,0.3311,0.3368,True,Zone_08,Zone_07
CT019297,Zone_04,Zone_04,0.984,0.01,0.974,True,Zone_04,Zone_03
CT016466,Zone_07,Zone_07,0.9904,0.0066,0.9838,True,Zone_07,Zone_06
CT019842,Zone_09,Zone_09,0.9904,0.0077,0.9827,True,Zone_09,Zone_04
CT014109,Zone_05,Zone_05,0.961,0.03,0.931,True,Zone_05,Zone_04
CT002064,Zone_03,Zone_03,1.0,0.0,1.0,True,Zone_03,Zone_10
CT001577,Zone_07,Zone_07,0.9671,0.0329,0.9342,True,Zone_07,Zone_08
CT010247,Zone_02,Zone_02,1.0,0.0,1.0,True,Zone_02,Zone_10
CT001395,Zone_07,Zone_07,0.9873,0.0124,0.9749,True,Zone_07,Zone_06
CT007481,Zone_07,Zone_07,0.8763,0.1236,0.7527,True,Zone_07,Zone_08
CT007513,Zone_02,Zone_02,1.0,0.0,1.0,True,Zone_02,Zone_10
CT012740,Zone_07,Zone_08,0.5983,0.4016,0.1967,False,Zone_08,Zone_07
CT007576,Zone_10,Zone_10,1.0,0.0,1.0,True,Zone_10,Zone_09
CT013547,Zone_10,Zone_10,1.0,0.0,1.0,True,Zone_10,Zone_09
CT017510,Zone_03,Zone_03,1.0,0.0,1.0,True,Zone_03,Zone_10
CT000396,Zone_08,Zone_08,0.9999,0.0001,0.9998,True,Zone_08,Zone_07
CT016624,Zone_07,Zone_08,0.6801,0.3198,0.3603,False,Zone_08,Zone_07
CT017554,Zone_08,Zone_08,0.9959,0.0041,0.9918,True,Zone_08,Zone_07
CT013442,Zone_03,Zone_03,1.0,0.0,1.0,True,Zone_03,Zone_10
CT017893,Zone_10,Zone_10,1.0,0.0,1.0,True,Zone_10,Zone_09
CT017003,Zone_01,Zone_01,0.9999,0.0001,0.9998,True,Zone_01,Zone_03
CT007942,Zone_05,Zone_05,0.9944,0.0055,0.9889,True,Zone_05,Zone_04
CT000094,Zone_05,Zone_05,0.986,0.0084,0.9776,True,Zone_05,Zone_02
CT018687,Zone_03,Zone_03,1.0,0.0,1.0,True,Zone_03,Zone_10
CT009004,Zone_02,Zone_02,1.0,0.0,1.0,True,Zone_02,Zone_10
CT015361,Zone_07,Zone_07,0.9457,0.0543,0.8914,True,Zone_07,Zone_06
CT002367,Zone_04,Zone_04,0.9958,0.004,0.9918,True,Zone_04,Zone_01
CT019100,Zone_04,Zone_04,1.0,0.0,1.0,True,Zone_04,Zone_10
CT013555,Zone_06,Zone_06,0.9913,0.0087,0.9826,True,Zone_06,Zone_07
CT003269,Zone_10,Zone_10,1.0,0.0,1.0,True,Zone_10,Zone_09
CT010548,Zone_05,Zone_05,0.9999,0.0001,0.9998,True,Zone_05,Zone_08
CT003165,Zone_08,Zone_08,0.606,0.3939,0.2121,True,Zone_08,Zone_07
CT019387,Zone_08,Zone_07,0.5507,0.4484,0.1023,False,Zone_07,Zone_08
CT010045,Zone_04,Zone_04,1.0,0.0,1.0,True,Zone_04,Zone_10
CT010741,Zone_10,Zone_10,1.0,0.0,1.0,True,Zone_10,Zone_09
CT013186,Zone_04,Zone_04,0.9953,0.0045,0.9908,True,Zone_04,Zone_05
CT004217,Zone_08,Zone_08,0.6113,0.3886,0.2227,True,Zone_08,Zone_07
CT010096,Zone_07,Zone_08,0.5583,0.4407,0.1176,False,Zone_08,Zone_07
CT008923,Zone_02,Zone_02,0.9984,0.0016,0.9968,True,Zone_02,Zone_05
CT005858,Zone_07,Zone_07,0.7957,0.2042,0.5915,True,Zone_07,Zone_08
CT005454,Zone_01,Zone_01,0.9998,0.0002,0.9996,True,Zone_01,Zone_03
CT003412,Zone_03,Zone_03,1.0,0.0,1.0,True,Zone_03,Zone_10
CT012001,Zone_07,Zone_07,0.813,0.1816,0.6314,True,Zone_07,Zone_08
CT008540,Zone_04,Zone_04,0.9977,0.0021,0.9956,True,Zone_04,Zone_09
CT006682,Zone_07,Zone_07,0.9301,0.0668,0.8633,True,Zone_07,Zone_06
CT001174,Zone_07,Zone_07,0.9927,0.0073,0.9854,True,Zone_07,Zone_08
CT003855,Zone_08,Zone_08,0.6837,0.3163,0.3674,True,Zone_08,Zone_07
CT015098,Zone_07,Zone_08,0.7517,0.2462,0.5055,False,Zone_08,Zone_07
CT005385,Zone_04,Zone_04,0.7986,0.0859,0.7127,True,Zone_04,Zone_03
CT000577,Zone_06,Zone_06,0.9967,0.0033,0.9934,True,Zone_06,Zone_07
CT016294,Zone_08,Zone_08,0.5586,0.4406,0.118,True,Zone_08,Zone_07
CT001087,Zone_07,Zone_07,0.9935,0.0051,0.9884,True,Zone_07,Zone_06
CT012219,Zone_10,Zone_10,0.9964,0.0036,0.9928,True,Zone_10,Zone_09
CT008200,Zone_01,Zone_01,0.9949,0.0051,0.9898,True,Zone_01,Zone_02
CT002294,Zone_04,Zone_04,1.0,0.0,1.0,True,Zone_04,Zone_10
CT015960,Zone_03,Zone_03,1.0,0.0,1.0,True,Zone_03,Zone_10
CT005302,Zone_08,Zone_08,0.6946,0.3053,0.3893,True,Zone_08,Zone_07
CT001611,Zone_04,Zone_04,0.9948,0.005,0.9898,True,Zone_04,Zone_02
CT019579,Zone_02,Zone_02,1.0,0.0,1.0,True,Zone_02,Zone_10
CT015053,Zone_07,Zone_07,0.6753,0.3246,0.3507,True,Zone_07,Zone_08
CT019384,Zone_07,Zone_08,0.6256,0.3741,0.2515,False,Zone_08,Zone_07
CT008977,Zone_02,Zone_02,0.9951,0.0049,0.9902,True,Zone_02,Zone_01
CT010529,Zone_03,Zone_03,1.0,0.0,1.0,True,Zone_03,Zone_10
CT000527,Zone_10,Zone_10,1.0,0.0,1.0,True,Zone_10,Zone_09
CT019465,Zone_03,Zone_03,1.0,0.0,1.0,True,Zone_03,Zone_10
CT009630,Zone_07,Zone_08,0.5927,0.4071,0.1856,False,Zone_08,Zone_07
CT018067,Zone_01,Zone_01,0.9999,0.0001,0.9998,True,Zone_01,Zone_03
CT003991,Zone_10,Zone_10,1.0,0.0,1.0,True,Zone_10,Zone_09
CT005255,Zone_07,Zone_07,0.9941,0.0054,0.9887,True,Zone_07,Zone_08
CT010851,Zone_08,Zone_08,0.9999,0.0001,0.9998,True,Zone_08,Zone_07
CT014247,Zone_08,Zone_08,0.6185,0.3815,0.237,True,Zone_08,Zone_07
CT010021,Zone_03,Zone_03,0.9906,0.0094,0.9812,True,Zone_03,Zone_02
CT019480,Zone_08,Zone_08,0.9982,0.0018,0.9964,True,Zone_08,Zone_07
CT017316,Zone_06,Zone_06,0.99,0.005,0.985,True,Zone_06,Zone_05
CT012112,Zone_08,Zone_08,0.9989,0.0011,0.9978,True,Zone_08,Zone_07
CT007288,Zone_03,Zone_03,1.0,0.0,1.0,True,Zone_03,Zone_10
CT006819,Zone_03,Zone_03,1.0,0.0,1.0,True,Zone_03,Zone_10
CT008536,Zone_04,Zone_04,0.9977,0.0021,0.9956,True,Zone_04,Zone_09
CT011638,Zone_08,Zone_08,0.6027,0.3972,0.2055,True,Zone_08,Zone_07
CT008320,Zone_08,Zone_08,0.9951,0.0049,0.9902,True,Zone_08,Zone_07
CT016521,Zone_07,Zone_07,0.9737,0.0263,0.9474,True,Zone_07,Zone_06
CT012022,Zone_08,Zone_08,0.9999,0.0001,0.9998,True,Zone_08,Zone_07
CT011656,Zone_08,Zone_08,0.6509,0.349,0.3019,True,Zone_08,Zone_07
CT005009,Zone_07,Zone_08,0.7849,0.215,0.5699,False,Zone_08,Zone_07
CT005692,Zone_03,Zone_03,1.0,0.0,1.0,True,Zone_03,Zone_10
CT016321,Zone_07,Zone_07,0.9971,0.0015,0.9956,True,Zone_07,Zone_08
CT016092,Zone_10,Zone_10,1.0,0.0,1.0,True,Zone_10,Zone_09
CT016100,Zone_10,Zone_10,0.9986,0.0014,0.9972,True,Zone_10,Zone_05
CT007333,Zone_05,Zone_05,0.9933,0.0066,0.9867,True,Zone_05,Zone_04
CT011495,Zone_08,Zone_08,0.7227,0.2762,0.4465,True,Zone_08,Zone_07
CT017664,Zone_08,Zone_08,0.7901,0.2098,0.5803,True,Zone_08,Zone_07
CT005067,Zone_08,Zone_08,0.519,0.481,0.038,True,Zone_08,Zone_07
CT010959,Zone_08,Zone_08,0.9842,0.0158,0.9684,True,Zone_08,Zone_07
CT016622,Zone_08,Zone_08,0.9999,0.0001,0.9998,True,Zone_08,Zone_07
CT018365,Zone_03,Zone_03,0.9979,0.002,0.9959,True,Zone_03,Zone_04
CT006798,Zone_01,Zone_01,0.9999,0.0001,0.9998,True,Zone_01,Zone_03
CT017715,Zone_08,Zone_07,0.5454,0.4546,0.0908,False,Zone_07,Zone_08
CT017870,Zone_07,Zone_07,0.9919,0.008,0.9839,True,Zone_07,Zone_08
CT008409,Zone_07,Zone_07,0.9699,0.03,0.9399,True,Zone_07,Zone_06
CT002645,Zone_04,Zone_04,0.9967,0.0033,0.9934,True,Zone_04,Zone_01
CT004058,Zone_10,Zone_10,0.9997,0.0003,0.9994,True,Zone_10,Zone_03
CT002287,Zone_07,Zone_07,0.9858,0.0142,0.9716,True,Zone_07,Zone_06
CT012259,Zone_04,Zone_04,0.9948,0.0052,0.9896,True,Zone_04,Zone_05
CT013041,Zone_10,Zone_10,1.0,0.0,1.0,True,Zone_10,Zone_09
CT014608,Zone_07,Zone_07,0.8737,0.1244,0.7493,True,Zone_07,Zone_08
CT014294,Zone_06,Zone_07,0.9824,0.0176,0.9648,False,Zone_07,Zone_06
CT000124,Zone_08,Zone_08,0.9966,0.0034,0.9932,True,Zone_08,Zone_07
CT008561,Zone_04,Zone_04,0.9977,0.0019,0.9958,True,Zone_04,Zone_09
CT002452,Zone_07,Zone_08,0.59,0.4099,0.1801,False,Zone_08,Zone_07
CT017129,Zone_05,Zone_05,1.0,0.0,1.0,True,Zone_05,Zone_10
CT015593,Zone_07,Zone_07,0.8726,0.1274,0.7452,True,Zone_07,Zone_08
CT011719,Zone_07,Zone_07,0.8419,0.1581,0.6838,True,Zone_07,Zone_08
CT003281,Zone_08,Zone_08,0.6188,0.3811,0.2377,True,Zone_08,Zone_07
CT011140,Zone_01,Zone_01,0.9858,0.0142,0.9716,True,Zone_01,Zone_04
CT003108,Zone_07,Zone_07,0.5361,0.4639,0.0722,True,Zone_07,Zone_08
CT012911,Zone_08,Zone_07,0.7816,0.2182,0.5634,False,Zone_07,Zone_08
CT013093,Zone_08,Zone_08,0.9949,0.0051,0.9898,True,Zone_08,Zone_07
CT004843,Zone_04,Zone_04,0.9996,0.0004,0.9992,True,Zone_04,Zone_08
CT007506,Zone_07,Zone_08,0.6864,0.3135,0.3729,False,Zone_08,Zone_07
CT007663,Zone_08,Zone_08,0.66,0.3399,0.3201,True,Zone_08,Zone_07
CT010076,Zone_07,Zone_07,0.9838,0.0152,0.9686,True,Zone_07,Zone_08
CT002310,Zone_06,Zone_06,0.7241,0.1617,0.5624,True,Zone_06,Zone_07
CT000290,Zone_03,Zone_03,1.0,0.0,1.0,True,Zone_03,Zone_10
CT017524,Zone_08,Zone_08,0.9999,0.0001,0.9998,True,Zone_08,Zone_07
CT016594,Zone_01,Zone_01,0.9999,0.0001,0.9998,True,Zone_01,Zone_03
CT019137,Zone_06,Zone_07,0.9054,0.0417,0.8637,False,Zone_07,Zone_06
CT000461,Zone_07,Zone_07,0.8108,0.1842,0.6266,True,Zone_07,Zone_08
CT003354,Zone_04,Zone_04,0.965,0.033,0.932,True,Zone_04,Zone_05
CT006110,Zone_08,Zone_08,0.6291,0.3708,0.2583,True,Zone_08,Zone_07
CT005801,Zone_08,Zone_08,0.9982,0.0018,0.9964,True,Zone_08,Zone_07
CT002468,Zone_08,Zone_08,0.6553,0.3446,0.3107,True,Zone_08,Zone_07
CT012560,Zone_04,Zone_04,0.9873,0.0063,0.981,True,Zone_04,Zone_05
CT007627,Zone_10,Zone_10,1.0,0.0,1.0,True,Zone_10,Zone_09
CT007215,Zone_07,Zone_07,0.9899,0.0088,0.9811,True,Zone_07,Zone_08
CT010934,Zone_07,Zone_07,0.8776,0.1189,0.7587,True,Zone_07,Zone_08
CT006805,Zone_07,Zone_07,0.9652,0.0342,0.931,True,Zone_07,Zone_06
CT002446,Zone_07,Zone_07,0.8532,0.1384,0.7148,True,Zone_07,Zone_08
CT017097,Zone_04,Zone_04,1.0,0.0,1.0,True,Zone_04,Zone_10
CT003284,Zone_03,Zone_03,1.0,0.0,1.0,True,Zone_03,Zone_10
CT003597,Zone_07,Zone_07,0.9585,0.0415,0.917,True,Zone_07,Zone_06
CT013248,Zone_01,Zone_01,0.9999,0.0001,0.9998,True,Zone_01,Zone_03
CT010422,Zone_01,Zone_01,0.9949,0.0051,0.9898,True,Zone_01,Zone_02
CT019672,Zone_04,Zone_04,0.9999,0.0001,0.9998,True,Zone_04,Zone_05
CT004629,Zone_01,Zone_01,1.0,0.0,1.0,True,Zone_01,Zone_10
CT007279,Zone_08,Zone_08,0.6484,0.3515,0.2969,True,Zone_08,Zone_07
CT001454,Zone_10,Zone_10,0.9986,0.0014,0.9972,True,Zone_10,Zone_05
CT006403,Zone_02,Zone_02,1.0,0.0,1.0,True,Zone_02,Zone_10
CT002875,Zone_03,Zone_03,0.99,0.01,0.98,True,Zone_03,Zone_02
CT008156,Zone_10,Zone_10,1.0,0.0,1.0,True,Zone_10,Zone_09
CT013158,Zone_08,Zone_08,0.9999,0.0001,0.9998,True,Zone_08,Zone_07
CT017624,Zone_07,Zone_08,0.6392,0.3608,0.2784,False,Zone_08,Zone_07
CT002624,Zone_10,Zone_10,1.0,0.0,1.0,True,Zone_10,Zone_09
CT007658,Zone_07,Zone_07,0.9871,0.0088,0.9783,True,Zone_07,Zone_08
CT012428,Zone_07,Zone_07,0.8993,0.0893,0.81,True,Zone_07,Zone_06
CT001675,Zone_07,Zone_07,0.9882,0.0093,0.9789,True,Zone_07,Zone_08
CT016115,Zone_02,Zone_02,1.0,0.0,1.0,True,Zone_02,Zone_10
CT002901,Zone_05,Zone_05,0.9964,0.0035,0.9929,True,Zone_05,Zone_08
CT016228,Zone_06,Zone_06,0.9835,0.0058,0.9777,True,Zone_06,Zone_07
CT015753,Zone_08,Zone_08,0.8565,0.0719,0.7846,True,Zone_08,Zone_07
CT017066,Zone_04,Zone_04,0.9999,0.0001,0.9998,True,Zone_04,Zone_08
CT005413,Zone_04,Zone_04,0.9999,0.0001,0.9998,True,Zone_04,Zone_05
CT012654,Zone_08,Zone_08,0.6489,0.351,0.2979,True,Zone_08,Zone_07
CT019923,Zone_07,Zone_07,0.9647,0.0181,0.9466,True,Zone_07,Zone_08
CT008531,Zone_08,Zone_08,0.6849,0.315,0.3699,True,Zone_08,Zone_07
CT018627,Zone_08,Zone_08,0.9797,0.0186,0.9611,True,Zone_08,Zone_07
CT001137,Zone_08,Zone_08,0.9999,0.0001,0.9998,True,Zone_08,Zone_07
CT012360,Zone_09,Zone_09,0.9917,0.0077,0.984,True,Zone_09,Zone_04
CT015895,Zone_07,Zone_07,0.9734,0.0266,0.9468,True,Zone_07,Zone_08
CT015385,Zone_03,Zone_03,1.0,0.0,1.0,True,Zone_03,Zone_10
CT006825,Zone_07,Zone_07,0.8581,0.1401,0.718,True,Zone_07,Zone_08
CT012834,Zone_03,Zone_03,0.995,0.005,0.99,True,Zone_03,Zone_04
CT005773,Zone_04,Zone_04,0.9995,0.0003,0.9992,True,Zone_04,Zone_01
CT011125,Zone_10,Zone_10,0.9961,0.0036,0.9925,True,Zone_10,Zone_09
CT005455,Zone_10,Zone_10,1.0,0.0,1.0,True,Zone_10,Zone_09
CT006422,Zone_07,Zone_07,0.8488,0.1511,0.6977,True,Zone_07,Zone_08
CT014048,Zone_10,Zone_10,1.0,0.0,1.0,True,Zone_10,Zone_09
CT000884,Zone_08,Zone_08,0.9999,0.0001,0.9998,True,Zone_08,Zone_07
CT014184,Zone_04,Zone_04,0.9948,0.0052,0.9896,True,Zone_04,Zone_05
CT002846,Zone_08,Zone_08,0.6469,0.3528,0.2941,True,Zone_08,Zone_07
CT003891,Zone_03,Zone_03,0.995,0.005,0.99,True,Zone_03,Zone_04
CT010433,Zone_04,Zone_04,0.995,0.0027,0.9923,True,Zone_04,Zone_05
CT002415,Zone_08,Zone_08,0.9999,0.0001,0.9998,True,Zone_08,Zone_07
CT014233,Zone_07,Zone_07,0.9878,0.0122,0.9756,True,Zone_07,Zone_08
CT010411,Zone_08,Zone_07,0.7823,0.216,0.5663,False,Zone_07,Zone_08
CT003463,Zone_02,Zone_02,1.0,0.0,1.0,True,Zone_02,Zone_10
CT007755,Zone_08,Zone_08,0.9999,0.0001,0.9998,True,Zone_08,Zone_07
CT006216,Zone_03,Zone_03,1.0,0.0,1.0,True,Zone_03,Zone_10
CT006046,Zone_05,Zone_05,0.9839,0.0104,0.9735,True,Zone_05,Zone_04
CT003022,Zone_07,Zone_07,0.9771,0.0227,0.9544,True,Zone_07,Zone_08
CT016846,Zone_03,Zone_03,0.9999,0.0001,0.9998,True,Zone_03,Zone_02
CT008105,Zone_08,Zone_08,0.6359,0.3639,0.272,True,Zone_08,Zone_07
CT001440,Zone_10,Zone_10,1.0,0.0,1.0,True,Zone_10,Zone_09
CT011024,Zone_07,Zone_07,0.9536,0.0463,0.9073,True,Zone_07,Zone_08
CT000151,Zone_07,Zone_07,0.9821,0.0179,0.9642,True,Zone_07,Zone_06
CT004151,Zone_04,Zone_04,0.9953,0.0045,0.9908,True,Zone_04,Zone_05
CT008589,Zone_08,Zone_08,0.9882,0.0118,0.9764,True,Zone_08,Zone_07
CT011404,Zone_01,Zone_01,0.9999,0.0001,0.9998,True,Zone_01,Zone_03
CT010485,Zone_04,Zone_04,0.9992,0.0006,0.9986,True,Zone_04,Zone_03
CT008319,Zone_04,Zone_04,0.9999,0.0001,0.9998,True,Zone_04,Zone_08
CT000394,Zone_08,Zone_08,0.6997,0.3002,0.3995,True,Zone_08,Zone_07
CT016796,Zone_07,Zone_07,0.8284,0.1715,0.6569,True,Zone_07,Zone_08
CT003496,Zone_07,Zone_07,0.9803,0.0119,0.9684,True,Zone_07,Zone_08
CT008055,Zone_10,Zone_10,0.9997,0.0003,0.9994,True,Zone_10,Zone_03
CT004363,Zone_08,Zone_08,0.6133,0.3867,0.2266,True,Zone_08,Zone_07
CT019218,Zone_08,Zone_08,0.7469,0.253,0.4939,True,Zone_08,Zone_07
CT009473,Zone_02,Zone_02,0.9984,0.0016,0.9968,True,Zone_02,Zone_05
CT004463,Zone_04,Zone_04,0.9948,0.0052,0.9896,True,Zone_04,Zone_05
CT006603,Zone_04,Zone_04,0.9999,0.0001,0.9998,True,Zone_04,Zone_08
CT016536,Zone_03,Zone_03,0.9999,0.0001,0.9998,True,Zone_03,Zone_02
CT019858,Zone_07,Zone_07,0.9847,0.0152,0.9695,True,Zone_07,Zone_08
CT010227,Zone_08,Zone_08,0.6331,0.3669,0.2662,True,Zone_08,Zone_07
CT000184,Zone_04,Zone_04,1.0,0.0,1.0,True,Zone_04,Zone_10
CT009404,Zone_08,Zone_08,0.9908,0.0092,0.9816,True,Zone_08,Zone_07
CT019618,Zone_08,Zone_08,0.9999,0.0001,0.9998,True,Zone_08,Zone_07
CT017174,Zone_04,Zone_04,0.9984,0.0014,0.997,True,Zone_04,Zone_09
CT016307,Zone_08,Zone_07,0.8243,0.1757,0.6486,False,Zone_07,Zone_08
CT014896,Zone_07,Zone_07,0.9849,0.0144,0.9705,True,Zone_07,Zone_06
CT011865,Zone_05,Zone_05,0.9944,0.0055,0.9889,True,Zone_05,Zone_04
CT005090,Zone_04,Zone_04,0.9999,0.0001,0.9998,True,Zone_04,Zone_08
CT014250,Zone_08,Zone_08,0.9998,0.0002,0.9996,True,Zone_08,Zone_07
CT016631,Zone_02,Zone_02,1.0,0.0,1.0,True,Zone_02,Zone_10
CT004831,Zone_07,Zone_08,0.6548,0.3451,0.3097,False,Zone_08,Zone_07
CT016273,Zone_02,Zone_02,0.9894,0.0106,0.9788,True,Zone_02,Zone_03
CT002422,Zone_01,Zone_01,0.9999,0.0001,0.9998,True,Zone_01,Zone_03
CT005041,Zone_04,Zone_04,0.994,0.0045,0.9895,True,Zone_04,Zone_05
CT002474,Zone_08,Zone_07,0.8705,0.1295,0.741,False,Zone_07,Zone_08
CT008114,Zone_07,Zone_08,0.5895,0.41,0.1795,False,Zone_08,Zone_07
CT006432,Zone_08,Zone_08,0.9763,0.0237,0.9526,True,Zone_08,Zone_07
CT019206,Zone_07,Zone_07,0.9705,0.0295,0.941,True,Zone_07,Zone_08
CT006137,Zone_10,Zone_10,1.0,0.0,1.0,True,Zone_10,Zone_09
CT010621,Zone_08,Zone_08,0.9999,0.0001,0.9998,True,Zone_08,Zone_07
CT006811,Zone_03,Zone_03,1.0,0.0,1.0,True,Zone_03,Zone_10
CT013866,Zone_03,Zone_03,0.9999,0.0001,0.9998,True,Zone_03,Zone_02
CT015186,Zone_08,Zone_08,0.9779,0.0203,0.9576,True,Zone_08,Zone_07
CT002133,Zone_09,Zone_09,0.9977,0.0023,0.9954,True,Zone_09,Zone_10
CT016716,Zone_03,Zone_03,1.0,0.0,1.0,True,Zone_03,Zone_10
CT018985,Zone_07,Zone_07,0.9968,0.003,0.9938,True,Zone_07,Zone_08
CT006405,Zone_01,Zone_01,1.0,0.0,1.0,True,Zone_01,Zone_10
CT002982,Zone_04,Zone_04,0.999,0.001,0.998,True,Zone_04,Zone_08
CT007580,Zone_05,Zone_05,0.9854,0.0128,0.9726,True,Zone_05,Zone_04
CT017087,Zone_08,Zone_08,1.0,0.0,1.0,True,Zone_08,Zone_10
CT002205,Zone_04,Zone_04,0.999,0.001,0.998,True,Zone_04,Zone_09
CT006845,Zone_08,Zone_08,0.6188,0.3812,0.2376,True,Zone_08,Zone_07
CT004851,Zone_01,Zone_01,1.0,0.0,1.0,True,Zone_01,Zone_10
CT019341,Zone_07,Zone_08,0.6425,0.3574,0.2851,False,Zone_08,Zone_07
CT014483,Zone_07,Zone_07,0.9062,0.0772,0.829,True,Zone_07,Zone_06
CT006606,Zone_03,Zone_03,1.0,0.0,1.0,True,Zone_03,Zone_10
CT011155,Zone_01,Zone_01,0.9999,0.0001,0.9998,True,Zone_01,Zone_03
CT014926,Zone_08,Zone_08,0.6874,0.3125,0.3749,True,Zone_08,Zone_07
CT008162,Zone_07,Zone_07,0.8861,0.1138,0.7723,True,Zone_07,Zone_08
CT013336,Zone_05,Zone_05,1.0,0.0,1.0,True,Zone_05,Zone_10
CT019675,Zone_07,Zone_08,0.6662,0.3187,0.3475,False,Zone_08,Zone_07
CT016256,Zone_03,Zone_03,0.9981,0.0018,0.9963,True,Zone_03,Zone_04
CT012503,Zone_04,Zone_04,0.9995,0.0003,0.9992,True,Zone_04,Zone_01
CT002484,Zone_04,Zone_04,0.9999,0.0001,0.9998,True,Zone_04,Zone_05
CT010521,Zone_06,Zone_06,1.0,0.0,1.0,True,Zone_06,Zone_10
CT014501,Zone_03,Zone_03,1.0,0.0,1.0,True,Zone_03,Zone_10
CT019282,Zone_08,Zone_08,0.9999,0.0001,0.9998,True,Zone_08,Zone_07
CT015286,Zone_03,Zone_03,0.9999,0.0001,0.9998,True,Zone_03,Zone_02
CT005135,Zone_07,Zone_07,0.9829,0.0171,0.9658,True,Zone_07,Zone_06
CT008332,Zone_08,Zone_08,0.6713,0.3286,0.3427,True,Zone_08,Zone_07
CT016084,Zone_07,Zone_07,0.9761,0.0164,0.9597,True,Zone_07,Zone_06
CT019945,Zone_02,Zone_02,1.0,0.0,1.0,True,Zone_02,Zone_10
CT005966,Zone_04,Zone_04,0.9863,0.01,0.9763,True,Zone_04,Zone_02
CT014695,Zone_07,Zone_07,0.9916,0.0082,0.9834,True,Zone_07,Zone_08
CT015238,Zone_08,Zone_08,0.6694,0.3296,0.3398,True,Zone_08,Zone_07
CT006490,Zone_09,Zone_09,0.9913,0.0077,0.9836,True,Zone_09,Zone_04
CT001094,Zone_04,Zone_04,0.9984,0.0014,0.997,True,Zone_04,Zone_09
CT017047,Zone_03,Zone_03,1.0,0.0,1.0,True,Zone_03,Zone_10
CT014949,Zone_07,Zone_07,0.9931,0.0065,0.9866,True,Zone_07,Zone_08
CT008300,Zone_04,Zone_04,0.9948,0.0052,0.9896,True,Zone_04,Zone_05
CT017848,Zone_02,Zone_02,0.9963,0.0037,0.9926,True,Zone_02,Zone_01
CT013843,Zone_08,Zone_08,0.5969,0.403,0.1939,True,Zone_08,Zone_07
CT019594,Zone_04,Zone_04,0.9999,0.0001,0.9998,True,Zone_04,Zone_08
CT004645,Zone_04,Zone_04,0.9959,0.004,0.9919,True,Zone_04,Zone_01
CT004287,Zone_06,Zone_06,1.0,0.0,1.0,True,Zone_06,Zone_10
CT001216,Zone_07,Zone_07,0.8184,0.1816,0.6368,True,Zone_07,Zone_08
CT000315,Zone_05,Zone_05,1.0,0.0,1.0,True,Zone_05,Zone_10
CT001071,Zone_07,Zone_07,0.9883,0.0065,0.9818,True,Zone_07,Zone_08
CT006833,Zone_04,Zone_04,0.9953,0.0045,0.9908,True,Zone_04,Zone_05
CT013242,Zone_04,Zone_04,1.0,0.0,1.0,True,Zone_04,Zone_10
CT006979,Zone_07,Zone_07,0.9957,0.0043,0.9914,True,Zone_07,Zone_08
CT018661,Zone_07,Zone_07,0.8114,0.1885,0.6229,True,Zone_07,Zone_08
CT018386,Zone_04,Zone_04,0.9981,0.0019,0.9962,True,Zone_04,Zone_09
CT002370,Zone_07,Zone_07,0.9011,0.0972,0.8039,True,Zone_07,Zone_08
CT002132,Zone_07,Zone_07,0.9933,0.0064,0.9869,True,Zone_07,Zone_08
CT017744,Zone_07,Zone_07,0.9829,0.0167,0.9662,True,Zone_07,Zone_06
CT017030,Zone_07,Zone_07,0.945,0.049,0.896,True,Zone_07,Zone_06
CT005641,Zone_05,Zone_05,0.983,0.0076,0.9754,True,Zone_05,Zone_08
CT001310,Zone_10,Zone_10,1.0,0.0,1.0,True,Zone_10,Zone_09
CT001970,Zone_07,Zone_07,0.7849,0.215,0.5699,True,Zone_07,Zone_08
CT018302,Zone_03,Zone_03,1.0,0.0,1.0,True,Zone_03,Zone_10
CT007017,Zone_05,Zone_05,1.0,0.0,1.0,True,Zone_05,Zone_10
CT009534,Zone_08,Zone_08,0.9999,0.0001,0.9998,True,Zone_08,Zone_07
CT007613,Zone_07,Zone_08,0.6098,0.3701,0.2397,False,Zone_08,Zone_07
CT007959,Zone_03,Zone_03,0.9999,0.0001,0.9998,True,Zone_03,Zone_02
CT011589,Zone_03,Zone_03,1.0,0.0,1.0,True,Zone_03,Zone_10
CT013010,Zone_05,Zone_05,0.9988,0.0011,0.9977,True,Zone_05,Zone_04
CT006768,Zone_08,Zone_08,0.9998,0.0002,0.9996,True,Zone_08,Zone_07
CT006323,Zone_07,Zone_07,0.9947,0.0053,0.9894,True,Zone_07,Zone_06
CT011059,Zone_10,Zone_10,0.9986,0.0014,0.9972,True,Zone_10,Zone_08
CT015151,Zone_02,Zone_02,1.0,0.0,1.0,True,Zone_02,Zone_10
CT006959,Zone_05,Zone_05,0.985,0.01,0.975,True,Zone_05,Zone_04
CT008847,Zone_07,Zone_07,0.976,0.0237,0.9523,True,Zone_07,Zone_08
CT002933,Zone_08,Zone_07,0.7999,0.2,0.5999,False,Zone_07,Zone_08
CT017291,Zone_07,Zone_08,0.6657,0.3343,0.3314,False,Zone_08,Zone_07
CT017333,Zone_01,Zone_01,0.9947,0.0051,0.9896,True,Zone_01,Zone_02
CT000747,Zone_04,Zone_04,0.9973,0.0027,0.9946,True,Zone_04,Zone_08
CT018963,Zone_07,Zone_07,0.9955,0.0045,0.991,True,Zone_07,Zone_08
CT003735,Zone_03,Zone_03,1.0,0.0,1.0,True,Zone_03,Zone_10
CT010146,Zone_06,Zone_06,1.0,0.0,1.0,True,Zone_06,Zone_10
CT009830,Zone_07,Zone_07,0.791,0.1995,0.5915,True,Zone_07,Zone_08
CT018668,Zone_07,Zone_07,0.9718,0.0276,0.9442,True,Zone_07,Zone_06
CT004359,Zone_08,Zone_08,0.9918,0.0082,0.9836,True,Zone_08,Zone_07
CT014643,Zone_07,Zone_08,0.5879,0.4116,0.1763,False,Zone_08,Zone_07
CT016761,Zone_06,Zone_06,1.0,0.0,1.0,True,Zone_06,Zone_10
CT002095,Zone_06,Zone_06,0.99,0.01,0.98,True,Zone_06,Zone_07
CT003860,Zone_03,Zone_03,1.0,0.0,1.0,True,Zone_03,Zone_10
CT008339,Zone_08,Zone_08,0.9941,0.0059,0.9882,True,Zone_08,Zone_07
CT013261,Zone_05,Zone_05,0.9681,0.0242,0.9439,True,Zone_05,Zone_04
CT009507,Zone_07,Zone_07,0.9229,0.077,0.8459,True,Zone_07,Zone_08
CT003012,Zone_07,Zone_07,0.9233,0.0702,0.8531,True,Zone_07,Zone_06
CT012141,Zone_05,Zone_05,0.9992,0.0005,0.9987,True,Zone_05,Zone_08
CT003130,Zone_10,Zone_10,0.9997,0.0003,0.9994,True,Zone_10,Zone_03
CT002174,Zone_03,Zone_03,0.9999,0.0001,0.9998,True,Zone_03,Zone_02
CT002034,Zone_08,Zone_08,0.9999,0.0001,0.9998,True,Zone_08,Zone_07
CT017587,Zone_07,Zone_07,0.9623,0.0376,0.9247,True,Zone_07,Zone_06
CT004183,Zone_08,Zone_08,0.6682,0.3309,0.3373,True,Zone_08,Zone_07
CT015099,Zone_06,Zone_07,0.9727,0.0272,0.9455,False,Zone_07,Zone_06
CT016293,Zone_04,Zone_04,0.9906,0.008,0.9826,True,Zone_04,Zone_02
CT013606,Zone_08,Zone_08,0.6879,0.312,0.3759,True,Zone_08,Zone_07
CT005730,Zone_04,Zone_04,0.9894,0.0052,0.9842,True,Zone_04,Zone_07
CT017148,Zone_05,Zone_05,0.9988,0.0011,0.9977,True,Zone_05,Zone_04
CT002424,Zone_03,Zone_03,1.0,0.0,1.0,True,Zone_03,Zone_10
CT016190,Zone_01,Zone_01,0.9999,0.0001,0.9998,True,Zone_01,Zone_03
CT005313,Zone_04,Zone_04,0.9948,0.0052,0.9896,True,Zone_04,Zone_05
CT013882,Zone_01,Zone_01,0.9999,0.0001,0.9998,True,Zone_01,Zone_03
CT010479,Zone_01,Zone_01,0.9999,0.0001,0.9998,True,Zone_01,Zone_03
CT011806,Zone_08,Zone_08,0.6646,0.3353,0.3293,True,Zone_08,Zone_07
CT007945,Zone_07,Zone_08,0.6692,0.3306,0.3386,False,Zone_08,Zone_07
CT009470,Zone_01,Zone_01,0.9999,0.0001,0.9998,True,Zone_01,Zone_03
CT004657,Zone_07,Zone_07,0.9613,0.0387,0.9226,True,Zone_07,Zone_06
CT017571,Zone_08,Zone_08,0.9999,0.0001,0.9998,True,Zone_08,Zone_07
CT002395,Zone_07,Zone_08,0.7683,0.2316,0.5367,False,Zone_08,Zone_07
CT006184,Zone_07,Zone_08,0.627,0.373,0.254,False,Zone_08,Zone_07
CT002260,Zone_08,Zone_08,0.9969,0.0031,0.9938,True,Zone_08,Zone_07
CT012544,Zone_07,Zone_07,0.819,0.1809,0.6381,True,Zone_07,Zone_08
CT000082,Zone_08,Zone_08,0.9999,0.0001,0.9998,True,Zone_08,Zone_07
CT008599,Zone_08,Zone_08,1.0,0.0,1.0,True,Zone_08,Zone_10
CT005271,Zone_10,Zone_10,1.0,0.0,1.0,True,Zone_10,Zone_09
CT011716,Zone_07,Zone_07,0.9777,0.0223,0.9554,True,Zone_07,Zone_06
CT014699,Zone_08,Zone_08,0.9999,0.0001,0.9998,True,Zone_08,Zone_07
CT015110,Zone_07,Zone_07,0.9473,0.039,0.9083,True,Zone_07,Zone_06
CT018536,Zone_02,Zone_02,1.0,0.0,1.0,True,Zone_02,Zone_10
CT004364,Zone_10,Zone_10,1.0,0.0,1.0,True,Zone_10,Zone_09
CT012484,Zone_07,Zone_07,0.9705,0.0295,0.941,True,Zone_07,Zone_08
CT003206,Zone_08,Zone_08,0.989,0.011,0.978,True,Zone_08,Zone_07
CT010724,Zone_03,Zone_03,1.0,0.0,1.0,True,Zone_03,Zone_10
CT016270,Zone_07,Zone_07,0.9923,0.0076,0.9847,True,Zone_07,Zone_06
CT009983,Zone_10,Zone_10,1.0,0.0,1.0,True,Zone_10,Zone_09
CT006545,Zone_04,Zone_04,0.9995,0.0003,0.9992,True,Zone_04,Zone_01
CT013058,Zone_07,Zone_07,0.8294,0.1705,0.6589,True,Zone_07,Zone_08
CT011391,Zone_04,Zone_04,0.9899,0.0051,0.9848,True,Zone_04,Zone_05
CT016543,Zone_04,Zone_04,0.9999,0.0001,0.9998,True,Zone_04,Zone_05
CT014697,Zone_01,Zone_01,0.9999,0.0001,0.9998,True,Zone_01,Zone_03
CT010490,Zone_08,Zone_08,0.6567,0.3433,0.3134,True,Zone_08,Zone_07
CT001830,Zone_08,Zone_08,0.9999,0.0001,0.9998,True,Zone_08,Zone_07
CT008718,Zone_02,Zone_02,0.99,0.01,0.98,True,Zone_02,Zone_03
CT013174,Zone_08,Zone_08,0.9991,0.0009,0.9982,True,Zone_08,Zone_07
CT009505,Zone_07,Zone_07,0.8038,0.1961,0.6077,True,Zone_07,Zone_08
CT006522,Zone_08,Zone_08,0.9957,0.0043,0.9914,True,Zone_08,Zone_07
CT018660,Zone_08,Zone_07,0.7936,0.2047,0.5889,False,Zone_07,Zone_08
CT015351,Zone_03,Zone_03,1.0,0.0,1.0,True,Zone_03,Zone_10
CT009048,Zone_08,Zone_08,0.9999,0.0001,0.9998,True,Zone_08,Zone_07
CT012780,Zone_07,Zone_07,0.9934,0.0064,0.987,True,Zone_07,Zone_08
CT019844,Zone_07,Zone_07,0.8944,0.1055,0.7889,True,Zone_07,Zone_08
CT012602,Zone_06,Zone_06,1.0,0.0,1.0,True,Zone_06,Zone_10
CT004285,Zone_06,Zone_06,0.9861,0.0053,0.9808,True,Zone_06,Zone_04
CT002864,Zone_03,Zone_03,1.0,0.0,1.0,True,Zone_03,Zone_10
CT007820,Zone_08,Zone_08,0.8478,0.0717,0.7761,True,Zone_08,Zone_05
CT015776,Zone_07,Zone_07,0.9657,0.0343,0.9314,True,Zone_07,Zone_06
CT019874,Zone_04,Zone_04,0.994,0.0045,0.9895,True,Zone_04,Zone_05
CT019503,Zone_07,Zone_08,0.6205,0.3794,0.2411,False,Zone_08,Zone_07
CT005881,Zone_04,Zone_04,1.0,0.0,1.0,True,Zone_04,Zone_10
CT013188,Zone_03,Zone_03,1.0,0.0,1.0,True,Zone_03,Zone_10
CT013895,Zone_01,Zone_01,0.9999,0.0001,0.9998,True,Zone_01,Zone_03
CT004274,Zone_07,Zone_07,0.9711,0.0289,0.9422,True,Zone_07,Zone_06
CT001154,Zone_03,Zone_03,1.0,0.0,1.0,True,Zone_03,Zone_10
CT011950,Zone_08,Zone_08,0.9938,0.0062,0.9876,True,Zone_08,Zone_07
CT004532,Zone_04,Zone_04,0.9909,0.0052,0.9857,True,Zone_04,Zone_05
CT014691,Zone_06,Zone_06,1.0,0.0,1.0,True,Zone_06,Zone_10
CT019988,Zone_07,Zone_08,0.6757,0.3242,0.3515,False,Zone_08,Zone_07
CT005142,Zone_07,Zone_07,0.9121,0.0878,0.8243,True,Zone_07,Zone_08
CT007514,Zone_07,Zone_08,0.6151,0.3848,0.2303,False,Zone_08,Zone_07
CT015396,Zone_06,Zone_06,1.0,0.0,1.0,True,Zone_06,Zone_10
CT008740,Zone_07,Zone_08,0.5597,0.4403,0.1194,False,Zone_08,Zone_07
CT016345,Zone_07,Zone_08,0.7026,0.2973,0.4053,False,Zone_08,Zone_07
CT001580,Zone_07,Zone_07,0.9699,0.0264,0.9435,True,Zone_07,Zone_06
CT019081,Zone_08,Zone_08,0.6324,0.3675,0.2649,True,Zone_08,Zone_07
CT002546,Zone_05,Zone_05,0.9898,0.0028,0.987,True,Zone_05,Zone_08
CT001046,Zone_04,Zone_04,0.9999,0.0001,0.9998,True,Zone_04,Zone_05
CT002075,Zone_05,Zone_05,0.9943,0.0055,0.9888,True,Zone_05,Zone_04
CT004981,Zone_06,Zone_06,1.0,0.0,1.0,True,Zone_06,Zone_10
CT006402,Zone_01,Zone_01,1.0,0.0,1.0,True,Zone_01,Zone_10
CT013406,Zone_08,Zone_08,0.9999,0.0001,0.9998,True,Zone_08,Zone_07
CT003999,Zone_04,Zone_04,0.9975,0.0025,0.995,True,Zone_04,Zone_05
CT008178,Zone_07,Zone_07,0.8134,0.1866,0.6268,True,Zone_07,Zone_08
CT019174,Zone_04,Zone_04,0.9947,0.0049,0.9898,True,Zone_04,Zone_05
CT002825,Zone_10,Zone_10,1.0,0.0,1.0,True,Zone_10,Zone_09
CT013837,Zone_07,Zone_07,0.9836,0.0163,0.9673,True,Zone_07,Zone_08
CT000646,Zone_06,Zone_07,0.9456,0.0544,0.8912,False,Zone_07,Zone_06
CT011723,Zone_07,Zone_08,0.5922,0.4074,0.1848,False,Zone_08,Zone_07
CT006219,Zone_01,Zone_01,0.9999,0.0001,0.9998,True,Zone_01,Zone_03
CT010605,Zone_08,Zone_08,0.9997,0.0003,0.9994,True,Zone_08,Zone_07
CT012964,Zone_07,Zone_07,0.9763,0.0162,0.9601,True,Zone_07,Zone_08
CT019333,Zone_07,Zone_08,0.5953,0.4041,0.1912,False,Zone_08,Zone_07
CT002781,Zone_03,Zone_03,1.0,0.0,1.0,True,Zone_03,Zone_10
CT005844,Zone_07,Zone_07,0.8443,0.1556,0.6887,True,Zone_07,Zone_08
CT016272,Zone_09,Zone_09,0.99,0.0057,0.9843,True,Zone_09,Zone_05
CT019999,Zone_08,Zone_08,0.6944,0.3055,0.3889,True,Zone_08,Zone_07
CT010647,Zone_08,Zone_08,0.9982,0.0018,0.9964,True,Zone_08,Zone_07
CT019947,Zone_07,Zone_08,0.7384,0.2615,0.4769,False,Zone_08,Zone_07
CT005332,Zone_07,Zone_07,0.9935,0.0061,0.9874,True,Zone_07,Zone_08
CT003346,Zone_08,Zone_08,0.6639,0.336,0.3279,True,Zone_08,Zone_07
CT005609,Zone_08,Zone_08,0.989,0.0082,0.9808,True,Zone_08,Zone_07
CT019514,Zone_07,Zone_07,0.9545,0.0455,0.909,True,Zone_07,Zone_06
CT013136,Zone_10,Zone_10,1.0,0.0,1.0,True,Zone_10,Zone_09
CT018254,Zone_01,Zone_01,0.9999,0.0001,0.9998,True,Zone_01,Zone_03
CT004521,Zone_03,Zone_03,0.9999,0.0001,0.9998,True,Zone_03,Zone_02
CT006517,Zone_07,Zone_08,0.6274,0.3725,0.2549,False,Zone_08,Zone_07
CT014939,Zone_07,Zone_07,0.9915,0.0084,0.9831,True,Zone_07,Zone_08
CT007530,Zone_01,Zone_01,0.9936,0.0063,0.9873,True,Zone_01,Zone_02
CT013699,Zone_04,Zone_04,0.9953,0.0045,0.9908,True,Zone_04,Zone_05
CT015302,Zone_01,Zone_01,0.9999,0.0001,0.9998,True,Zone_01,Zone_03
CT001845,Zone_03,Zone_03,1.0,0.0,1.0,True,Zone_03,Zone_10
CT016878,Zone_02,Zone_02,1.0,0.0,1.0,True,Zone_02,Zone_10
CT014213,Zone_03,Zone_03,1.0,0.0,1.0,True,Zone_03,Zone_10
CT004956,Zone_04,Zone_04,0.9856,0.0107,0.9749,True,Zone_04,Zone_03
CT017983,Zone_06,Zone_06,1.0,0.0,1.0,True,Zone_06,Zone_10
CT013838,Zone_05,Zone_05,0.99,0.01,0.98,True,Zone_05,Zone_04
CT010501,Zone_05,Zone_05,0.9858,0.0138,0.972,True,Zone_05,Zone_04
CT003157,Zone_02,Zone_02,0.996,0.004,0.992,True,Zone_02,Zone_03
CT014817,Zone_07,Zone_07,0.999,0.0008,0.9982,True,Zone_07,Zone_08
CT019780,Zone_01,Zone_01,0.9999,0.0001,0.9998,True,Zone_01,Zone_03
CT002061,Zone_10,Zone_10,1.0,0.0,1.0,True,Zone_10,Zone_09
CT013935,Zone_07,Zone_07,0.9809,0.0189,0.962,True,Zone_07,Zone_08
CT011630,Zone_07,Zone_08,0.6449,0.3551,0.2898,False,Zone_08,Zone_07
CT014337,Zone_08,Zone_08,0.9877,0.0123,0.9754,True,Zone_08,Zone_07
CT005808,Zone_07,Zone_07,0.9082,0.0915,0.8167,True,Zone_07,Zone_06
CT008583,Zone_07,Zone_07,0.8246,0.1754,0.6492,True,Zone_07,Zone_08
CT001061,Zone_10,Zone_10,1.0,0.0,1.0,True,Zone_10,Zone_09
CT007004,Zone_07,Zone_07,0.8798,0.1201,0.7597,True,Zone_07,Zone_08
CT003264,Zone_08,Zone_08,0.9949,0.0051,0.9898,True,Zone_08,Zone_07
CT002234,Zone_10,Zone_10,0.9986,0.0014,0.9972,True,Zone_10,Zone_05
CT013940,Zone_06,Zone_06,1.0,0.0,1.0,True,Zone_06,Zone_10
CT001374,Zone_07,Zone_07,0.9706,0.0292,0.9414,True,Zone_07,Zone_08
CT016783,Zone_02,Zone_02,1.0,0.0,1.0,True,Zone_02,Zone_10
CT013327,Zone_06,Zone_06,1.0,0.0,1.0,True,Zone_06,Zone_10
CT000454,Zone_01,Zone_01,0.9999,0.0001,0.9998,True,Zone_01,Zone_03
CT011967,Zone_08,Zone_08,0.6972,0.3026,0.3946,True,Zone_08,Zone_07
CT009771,Zone_05,Zone_05,0.993,0.0068,0.9862,True,Zone_05,Zone_04
CT006245,Zone_03,Zone_03,1.0,0.0,1.0,True,Zone_03,Zone_10
CT019358,Zone_02,Zone_02,1.0,0.0,1.0,True,Zone_02,Zone_10
CT015880,Zone_07,Zone_07,0.9856,0.0143,0.9713,True,Zone_07,Zone_08
CT015243,Zone_03,Zone_03,1.0,0.0,1.0,True,Zone_03,Zone_10
CT015567,Zone_07,Zone_08,0.7008,0.2992,0.4016,False,Zone_08,Zone_07
CT010340,Zone_08,Zone_08,0.6515,0.3484,0.3031,True,Zone_08,Zone_07
CT013245,Zone_04,Zone_04,1.0,0.0,1.0,True,Zone_04,Zone_10
CT015354,Zone_07,Zone_07,0.5519,0.4481,0.1038,True,Zone_07,Zone_08
CT013142,Zone_02,Zone_02,0.99,0.01,0.98,True,Zone_02,Zone_01
CT015735,Zone_07,Zone_07,0.9934,0.0065,0.9869,True,Zone_07,Zone_06
CT007361,Zone_08,Zone_08,0.9999,0.0001,0.9998,True,Zone_08,Zone_07
CT012161,Zone_02,Zone_02,0.995,0.005,0.99,True,Zone_02,Zone_03
CT007762,Zone_10,Zone_10,0.995,0.005,0.99,True,Zone_10,Zone_09
CT009990,Zone_04,Zone_04,0.9999,0.0001,0.9998,True,Zone_04,Zone_05
CT013885,Zone_08,Zone_07,0.8018,0.1981,0.6037,False,Zone_07,Zone_08
CT001692,Zone_06,Zone_06,0.9814,0.0137,0.9677,True,Zone_06,Zone_07
CT015993,Zone_03,Zone_03,1.0,0.0,1.0,True,Zone_03,Zone_10
CT006582,Zone_07,Zone_08,0.7018,0.2982,0.4036,False,Zone_08,Zone_07
CT014420,Zone_01,Zone_01,0.9999,0.0001,0.9998,True,Zone_01,Zone_03
CT007553,Zone_04,Zone_04,0.9996,0.0004,0.9992,True,Zone_04,Zone_08
CT018781,Zone_08,Zone_08,0.6139,0.386,0.2279,True,Zone_08,Zone_07
CT019256,Zone_02,Zone_02,1.0,0.0,1.0,True,Zone_02,Zone_10
CT009256,Zone_01,Zone_01,0.9999,0.0001,0.9998,True,Zone_01,Zone_03
CT012687,Zone_07,Zone_07,0.9883,0.0113,0.977,True,Zone_07,Zone_08
CT017407,Zone_04,Zone_04,0.994,0.0045,0.9895,True,Zone_04,Zone_05
CT003347,Zone_07,Zone_07,0.995,0.0049,0.9901,True,Zone_07,Zone_08
CT001746,Zone_07,Zone_08,0.6629,0.337,0.3259,False,Zone_08,Zone_07
CT001279,Zone_07,Zone_07,0.9787,0.0213,0.9574,True,Zone_07,Zone_06
CT011040,Zone_07,Zone_07,0.9952,0.0047,0.9905,True,Zone_07,Zone_06
CT012358,Zone_04,Zone_04,0.9974,0.0021,0.9953,True,Zone_04,Zone_09
CT018440,Zone_03,Zone_03,1.0,0.0,1.0,True,Zone_03,Zone_10
CT003092,Zone_06,Zone_06,0.9967,0.0033,0.9934,True,Zone_06,Zone_07
CT013598,Zone_07,Zone_07,0.97,0.03,0.94,True,Zone_07,Zone_06
CT011116,Zone_08,Zone_08,0.9999,0.0001,0.9998,True,Zone_08,Zone_07
CT013367,Zone_08,Zone_08,0.9966,0.0034,0.9932,True,Zone_08,Zone_07
CT005362,Zone_02,Zone_02,1.0,0.0,1.0,True,Zone_02,Zone_10
CT007978,Zone_10,Zone_10,1.0,0.0,1.0,True,Zone_10,Zone_09
CT019219,Zone_10,Zone_10,1.0,0.0,1.0,True,Zone_10,Zone_09
CT008245,Zone_10,Zone_10,1.0,0.0,1.0,True,Zone_10,Zone_09
CT004130,Zone_06,Zone_06,1.0,0.0,1.0,True,Zone_06,Zone_10
CT002667,Zone_06,Zone_06,0.9914,0.0046,0.9868,True,Zone_06,Zone_08
CT015590,Zone_07,Zone_07,0.9876,0.0123,0.9753,True,Zone_07,Zone_08
CT006774,Zone_10,Zone_10,1.0,0.0,1.0,True,Zone_10,Zone_09
CT017756,Zone_07,Zone_07,0.9961,0.0023,0.9938,True,Zone_07,Zone_08
CT015010,Zone_08,Zone_08,0.9949,0.0051,0.9898,True,Zone_08,Zone_07
CT011019,Zone_03,Zone_03,1.0,0.0,1.0,True,Zone_03,Zone_10
CT001847,Zone_04,Zone_04,1.0,0.0,1.0,True,Zone_04,Zone_10
CT008887,Zone_02,Zone_02,0.9994,0.0006,0.9988,True,Zone_02,Zone_03
CT004703,Zone_04,Zone_04,1.0,0.0,1.0,True,Zone_04,Zone_10
CT013283,Zone_09,Zone_09,0.9976,0.0016,0.996,True,Zone_09,Zone_10
CT000194,Zone_07,Zone_07,0.983,0.0098,0.9732,True,Zone_07,Zone_06
CT002015,Zone_08,Zone_08,0.9998,0.0002,0.9996,True,Zone_08,Zone_07
CT011611,Zone_02,Zone_02,1.0,0.0,1.0,True,Zone_02,Zone_10
CT011047,Zone_07,Zone_07,0.9802,0.0152,0.965,True,Zone_07,Zone_06
CT016387,Zone_01,Zone_01,0.9947,0.0051,0.9896,True,Zone_01,Zone_02
CT002235,Zone_07,Zone_07,0.9976,0.0024,0.9952,True,Zone_07,Zone_08
CT014149,Zone_08,Zone_08,0.7027,0.2963,0.4064,True,Zone_08,Zone_07
CT016098,Zone_03,Zone_03,1.0,0.0,1.0,True,Zone_03,Zone_10
CT008504,Zone_08,Zone_08,0.7071,0.2929,0.4142,True,Zone_08,Zone_07
CT010153,Zone_02,Zone_02,1.0,0.0,1.0,True,Zone_02,Zone_10
CT006191,Zone_07,Zone_07,0.9103,0.0846,0.8257,True,Zone_07,Zone_06
CT014620,Zone_03,Zone_03,0.9932,0.0067,0.9865,True,Zone_03,Zone_04
CT000032,Zone_10,Zone_10,1.0,0.0,1.0,True,Zone_10,Zone_09
CT016518,Zone_07,Zone_07,0.8065,0.1934,0.6131,True,Zone_07,Zone_08
CT010483,Zone_07,Zone_07,0.9975,0.0025,0.995,True,Zone_07,Zone_08
CT008502,Zone_07,Zone_07,0.963,0.0369,0.9261,True,Zone_07,Zone_08
CT013939,Zone_08,Zone_08,0.5423,0.4576,0.0847,True,Zone_08,Zone_07
CT000383,Zone_07,Zone_07,0.9967,0.0032,0.9935,True,Zone_07,Zone_08
CT001259,Zone_07,Zone_07,0.8308,0.1692,0.6616,True,Zone_07,Zone_08
CT018794,Zone_09,Zone_09,0.982,0.0095,0.9725,True,Zone_09,Zone_04
CT018193,Zone_01,Zone_01,0.9899,0.01,0.9799,True,Zone_01,Zone_02
CT012954,Zone_08,Zone_07,0.8235,0.1765,0.647,False,Zone_07,Zone_08
CT007983,Zone_06,Zone_06,1.0,0.0,1.0,True,Zone_06,Zone_10
CT012498,Zone_05,Zone_05,0.9998,0.0002,0.9996,True,Zone_05,Zone_02
CT007173,Zone_08,Zone_08,0.636,0.3639,0.2721,True,Zone_08,Zone_07
CT004494,Zone_03,Zone_03,1.0,0.0,1.0,True,Zone_03,Zone_10
CT014334,Zone_02,Zone_02,1.0,0.0,1.0,True,Zone_02,Zone_10
CT013583,Zone_07,Zone_08,0.6713,0.3287,0.3426,False,Zone_08,Zone_07
CT002789,Zone_10,Zone_10,1.0,0.0,1.0,True,Zone_10,Zone_09
CT011048,Zone_08,Zone_08,0.9999,0.0001,0.9998,True,Zone_08,Zone_07
CT019661,Zone_08,Zone_08,0.986,0.0112,0.9748,True,Zone_08,Zone_07
CT001233,Zone_01,Zone_01,0.9966,0.0033,0.9933,True,Zone_01,Zone_02
CT015933,Zone_02,Zone_02,0.99,0.01,0.98,True,Zone_02,Zone_03
CT000512,Zone_07,Zone_07,0.9707,0.0293,0.9414,True,Zone_07,Zone_06
CT017314,Zone_06,Zone_06,0.9933,0.0062,0.9871,True,Zone_06,Zone_07
CT012501,Zone_07,Zone_08,0.6949,0.305,0.3899,False,Zone_08,Zone_07
CT002870,Zone_02,Zone_02,1.0,0.0,1.0,True,Zone_02,Zone_10
CT015451,Zone_04,Zone_04,0.9923,0.0077,0.9846,True,Zone_04,Zone_05
CT005117,Zone_08,Zone_08,0.6905,0.3095,0.381,True,Zone_08,Zone_07
CT002716,Zone_01,Zone_01,0.9999,0.0001,0.9998,True,Zone_01,Zone_03
CT010802,Zone_04,Zone_04,0.984,0.01,0.974,True,Zone_04,Zone_03
CT002606,Zone_03,Zone_03,1.0,0.0,1.0,True,Zone_03,Zone_10
CT018086,Zone_03,Zone_03,1.0,0.0,1.0,True,Zone_03,Zone_10
CT009286,Zone_03,Zone_03,1.0,0.0,1.0,True,Zone_03,Zone_10
CT018800,Zone_05,Zone_05,0.9897,0.01,0.9797,True,Zone_05,Zone_07
CT000907,Zone_08,Zone_08,0.9831,0.01,0.9731,True,Zone_08,Zone_05
CT005264,Zone_07,Zone_07,0.9903,0.0097,0.9806,True,Zone_07,Zone_06
CT011779,Zone_05,Zone_05,0.995,0.005,0.99,True,Zone_05,Zone_04
CT013191,Zone_04,Zone_04,0.9879,0.0107,0.9772,True,Zone_04,Zone_05
CT011795,Zone_08,Zone_08,0.7008,0.2991,0.4017,True,Zone_08,Zone_07
CT014951,Zone_07,Zone_07,0.916,0.0727,0.8433,True,Zone_07,Zone_08
CT005734,Zone_06,Zone_06,0.9914,0.0046,0.9868,True,Zone_06,Zone_08
CT005847,Zone_10,Zone_10,0.9925,0.0075,0.985,True,Zone_10,Zone_09
CT009695,Zone_07,Zone_07,0.7974,0.185,0.6124,True,Zone_07,Zone_08
CT000423,Zone_02,Zone_02,1.0,0.0,1.0,True,Zone_02,Zone_10
CT009973,Zone_10,Zone_10,0.99,0.01,0.98,True,Zone_10,Zone_09
CT000895,Zone_07,Zone_07,0.9859,0.0139,0.972,True,Zone_07,Zone_08
CT017845,Zone_07,Zone_07,0.9987,0.0011,0.9976,True,Zone_07,Zone_08
CT010593,Zone_08,Zone_08,0.5741,0.4258,0.1483,True,Zone_08,Zone_07
CT007637,Zone_08,Zone_08,0.9948,0.0052,0.9896,True,Zone_08,Zone_07
CT015618,Zone_01,Zone_01,0.9999,0.0001,0.9998,True,Zone_01,Zone_03
CT013002,Zone_07,Zone_08,0.6002,0.3997,0.2005,False,Zone_08,Zone_07
CT005085,Zone_10,Zone_10,0.9978,0.0022,0.9956,True,Zone_10,Zone_02
CT004429,Zone_04,Zone_04,0.9867,0.0095,0.9772,True,Zone_04,Zone_03
CT014897,Zone_02,Zone_02,1.0,0.0,1.0,True,Zone_02,Zone_10
CT015369,Zone_04,Zone_04,0.9975,0.0025,0.995,True,Zone_04,Zone_05
CT007909,Zone_07,Zone_07,0.8505,0.1494,0.7011,True,Zone_07,Zone_08
CT004324,Zone_02,Zone_02,1.0,0.0,1.0,True,Zone_02,Zone_10
CT010619,Zone_10,Zone_10,1.0,0.0,1.0,True,Zone_10,Zone_09
CT001470,Zone_03,Zone_03,1.0,0.0,1.0,True,Zone_03,Zone_10
CT010118,Zone_07,Zone_07,0.8671,0.1328,0.7343,True,Zone_07,Zone_08
CT018889,Zone_07,Zone_08,0.6622,0.3378,0.3244,False,Zone_08,Zone_07
CT011819,Zone_02,Zone_02,1.0,0.0,1.0,True,Zone_02,Zone_10
CT015456,Zone_10,Zone_10,0.9975,0.0025,0.995,True,Zone_10,Zone_09
CT005530,Zone_07,Zone_07,0.9931,0.0066,0.9865,True,Zone_07,Zone_08
CT012530,Zone_03,Zone_03,1.0,0.0,1.0,True,Zone_03,Zone_10
CT018439,Zone_01,Zone_01,0.9999,0.0001,0.9998,True,Zone_01,Zone_03
CT018205,Zone_02,Zone_02,0.9951,0.0049,0.9902,True,Zone_02,Zone_01
CT013811,Zone_03,Zone_03,0.9967,0.0033,0.9934,True,Zone_03,Zone_04
CT015936,Zone_02,Zone_02,1.0,0.0,1.0,True,Zone_02,Zone_10
CT009280,Zone_06,Zone_06,1.0,0.0,1.0,True,Zone_06,Zone_10
CT005521,Zone_08,Zone_08,0.9999,0.0001,0.9998,True,Zone_08,Zone_07
CT002708,Zone_01,Zone_01,0.9999,0.0001,0.9998,True,Zone_01,Zone_03
CT002961,Zone_07,Zone_07,0.9593,0.0383,0.921,True,Zone_07,Zone_08
CT001105,Zone_03,Zone_03,1.0,0.0,1.0,True,Zone_03,Zone_10
CT008819,Zone_07,Zone_07,0.9399,0.0601,0.8798,True,Zone_07,Zone_08
CT011881,Zone_07,Zone_08,0.7343,0.2656,0.4687,False,Zone_08,Zone_07
CT003407,Zone_07,Zone_07,0.8388,0.1469,0.6919,True,Zone_07,Zone_08
CT014653,Zone_08,Zone_08,0.9999,0.0001,0.9998,True,Zone_08,Zone_07
CT007037,Zone_03,Zone_03,1.0,0.0,1.0,True,Zone_03,Zone_10
CT002597,Zone_03,Zone_03,0.9999,0.0001,0.9998,True,Zone_03,Zone_02
CT017198,Zone_04,Zone_04,0.9848,0.007,0.9778,True,Zone_04,Zone_01
CT013197,Zone_07,Zone_07,0.9799,0.0201,0.9598,True,Zone_07,Zone_06
CT017113,Zone_02,Zone_02,0.9934,0.0049,0.9885,True,Zone_02,Zone_01
CT006454,Zone_04,Zone_04,0.9999,0.0001,0.9998,True,Zone_04,Zone_08
CT011416,Zone_07,Zone_07,0.9891,0.0108,0.9783,True,Zone_07,Zone_08
CT012162,Zone_08,Zone_08,0.6604,0.3394,0.321,True,Zone_08,Zone_07
CT007500,Zone_02,Zone_02,1.0,0.0,1.0,True,Zone_02,Zone_10
CT003778,Zone_02,Zone_02,0.9984,0.0016,0.9968,True,Zone_02,Zone_05
CT009230,Zone_05,Zone_05,0.985,0.0075,0.9775,True,Zone_05,Zone_07
CT002791,Zone_07,Zone_07,0.9752,0.0248,0.9504,True,Zone_07,Zone_06
CT017436,Zone_07,Zone_07,0.9228,0.0766,0.8462,True,Zone_07,Zone_06
CT017904,Zone_01,Zone_01,0.9899,0.01,0.9799,True,Zone_01,Zone_02
CT010949,Zone_08,Zone_08,0.9996,0.0003,0.9993,True,Zone_08,Zone_05
CT010544,Zone_07,Zone_07,0.9801,0.0198,0.9603,True,Zone_07,Zone_08
CT010939,Zone_05,Zone_05,0.9988,0.0011,0.9977,True,Zone_05,Zone_04
CT003875,Zone_09,Zone_09,0.981,0.0107,0.9703,True,Zone_09,Zone_10
CT016779,Zone_07,Zone_07,0.8586,0.1413,0.7173,True,Zone_07,Zone_08
CT016571,Zone_07,Zone_08,0.6272,0.3727,0.2545,False,Zone_08,Zone_07
CT011190,Zone_04,Zone_04,0.9997,0.0002,0.9995,True,Zone_04,Zone_08
CT016864,Zone_03,Zone_03,0.9999,0.0001,0.9998,True,Zone_03,Zone_02
CT015672,Zone_02,Zone_02,0.9994,0.0006,0.9988,True,Zone_02,Zone_05
CT014618,Zone_08,Zone_08,0.7396,0.2603,0.4793,True,Zone_08,Zone_07
CT010551,Zone_06,Zone_06,1.0,0.0,1.0,True,Zone_06,Zone_10
CT006706,Zone_08,Zone_08,0.9999,0.0001,0.9998,True,Zone_08,Zone_07
CT018788,Zone_02,Zone_02,1.0,0.0,1.0,True,Zone_02,Zone_10
CT003040,Zone_08,Zone_08,0.7128,0.2871,0.4257,True,Zone_08,Zone_07
CT009689,Zone_03,Zone_03,0.99,0.01,0.98,True,Zone_03,Zone_04
CT019161,Zone_07,Zone_07,0.8433,0.1566,0.6867,True,Zone_07,Zone_08
CT006973,Zone_04,Zone_04,0.9906,0.008,0.9826,True,Zone_04,Zone_02
CT012087,Zone_07,Zone_08,0.6188,0.3787,0.2401,False,Zone_08,Zone_07
CT004257,Zone_02,Zone_02,0.9951,0.0049,0.9902,True,Zone_02,Zone_01
CT015185,Zone_10,Zone_10,0.9975,0.0025,0.995,True,Zone_10,Zone_03
CT018669,Zone_07,Zone_08,0.6992,0.3007,0.3985,False,Zone_08,Zone_07
CT010542,Zone_08,Zone_08,0.995,0.005,0.99,True,Zone_08,Zone_07
CT009204,Zone_04,Zone_04,1.0,0.0,1.0,True,Zone_04,Zone_10
CT002835,Zone_08,Zone_08,0.6124,0.3875,0.2249,True,Zone_08,Zone_07
CT015217,Zone_08,Zone_08,0.9906,0.0077,0.9829,True,Zone_08,Zone_07
CT012787,Zone_08,Zone_08,0.6862,0.3137,0.3725,True,Zone_08,Zone_07
CT003523,Zone_03,Zone_03,1.0,0.0,1.0,True,Zone_03,Zone_10
CT013937,Zone_07,Zone_07,0.9583,0.0311,0.9272,True,Zone_07,Zone_06
CT002830,Zone_08,Zone_08,0.6714,0.3284,0.343,True,Zone_08,Zone_07
CT011152,Zone_03,Zone_03,0.9981,0.0018,0.9963,True,Zone_03,Zone_04
CT009923,Zone_08,Zone_08,0.7328,0.2671,0.4657,True,Zone_08,Zone_07
CT017358,Zone_07,Zone_07,0.7925,0.2074,0.5851,True,Zone_07,Zone_08
CT000890,Zone_08,Zone_08,0.5655,0.4241,0.1414,True,Zone_08,Zone_07
CT007180,Zone_04,Zone_04,1.0,0.0,1.0,True,Zone_04,Zone_10
CT001904,Zone_03,Zone_03,1.0,0.0,1.0,True,Zone_03,Zone_10
CT002714,Zone_03,Zone_03,0.984,0.01,0.974,True,Zone_03,Zone_02
CT015659,Zone_07,Zone_08,0.5795,0.4197,0.1598,False,Zone_08,Zone_07
CT009245,Zone_05,Zone_05,0.9398,0.0408,0.899,True,Zone_05,Zone_04
CT016015,Zone_07,Zone_07,0.8839,0.1123,0.7716,True,Zone_07,Zone_08
CT002379,Zone_03,Zone_03,1.0,0.0,1.0,True,Zone_03,Zone_10
CT018387,Zone_10,Zone_10,1.0,0.0,1.0,True,Zone_10,Zone_09
CT002482,Zone_04,Zone_04,0.9598,0.0194,0.9404,True,Zone_04,Zone_02
CT011149,Zone_03,Zone_03,1.0,0.0,1.0,True,Zone_03,Zone_10
CT017032,Zone_02,Zone_02,0.9984,0.0016,0.9968,True,Zone_02,Zone_05
CT004276,Zone_02,Zone_02,1.0,0.0,1.0,True,Zone_02,Zone_10
CT012378,Zone_07,Zone_07,0.9959,0.0041,0.9918,True,Zone_07,Zone_06
CT014789,Zone_08,Zone_08,0.9998,0.0002,0.9996,True,Zone_08,Zone_07
CT017197,Zone_07,Zone_07,0.7821,0.2171,0.565,True,Zone_07,Zone_08
CT000882,Zone_08,Zone_08,0.5899,0.4101,0.1798,True,Zone_08,Zone_07
CT018101,Zone_05,Zone_05,0.9699,0.0238,0.9461,True,Zone_05,Zone_04
CT014848,Zone_08,Zone_08,1.0,0.0,1.0,True,Zone_08,Zone_10
CT002860,Zone_08,Zone_08,0.9999,0.0001,0.9998,True,Zone_08,Zone_07
CT005873,Zone_03,Zone_03,1.0,0.0,1.0,True,Zone_03,Zone_10
CT012775,Zone_08,Zone_08,0.9965,0.0035,0.993,True,Zone_08,Zone_07
CT013998,Zone_08,Zone_08,0.9956,0.0044,0.9912,True,Zone_08,Zone_07
CT011710,Zone_08,Zone_08,0.6533,0.3465,0.3068,True,Zone_08,Zone_07
CT012212,Zone_02,Zone_02,0.99,0.01,0.98,True,Zone_02,Zone_01
CT015259,Zone_01,Zone_01,0.9999,0.0001,0.9998,True,Zone_01,Zone_03
CT006324,Zone_03,Zone_03,0.9989,0.0011,0.9978,True,Zone_03,Zone_02
CT012344,Zone_07,Zone_07,0.9817,0.0183,0.9634,True,Zone_07,Zone_06
CT010889,Zone_05,Zone_05,0.9726,0.0128,0.9598,True,Zone_05,Zone_08
CT017481,Zone_08,Zone_08,0.9999,0.0001,0.9998,True,Zone_08,Zone_07
CT007824,Zone_04,Zone_04,0.9661,0.02,0.9461,True,Zone_04,Zone_03
CT013144,Zone_07,Zone_07,0.9846,0.0154,0.9692,True,Zone_07,Zone_08
CT003455,Zone_09,Zone_09,0.9756,0.0167,0.9589,True,Zone_09,Zone_04
CT010675,Zone_10,Zone_10,1.0,0.0,1.0,True,Zone_10,Zone_09
CT006195,Zone_02,Zone_02,1.0,0.0,1.0,True,Zone_02,Zone_10
CT001989,Zone_10,Zone_10,0.9888,0.0112,0.9776,True,Zone_10,Zone_09
CT014022,Zone_04,Zone_04,0.9898,0.01,0.9798,True,Zone_04,Zone_01
CT000930,Zone_08,Zone_08,0.6023,0.3976,0.2047,True,Zone_08,Zone_07
CT017027,Zone_06,Zone_06,0.9933,0.0062,0.9871,True,Zone_06,Zone_07
CT007438,Zone_04,Zone_04,1.0,0.0,1.0,True,Zone_04,Zone_10
CT008217,Zone_07,Zone_07,0.9956,0.0039,0.9917,True,Zone_07,Zone_06
CT007723,Zone_02,Zone_02,0.9984,0.0016,0.9968,True,Zone_02,Zone_05
CT005587,Zone_07,Zone_07,0.8402,0.1597,0.6805,True,Zone_07,Zone_08
CT011684,Zone_10,Zone_10,1.0,0.0,1.0,True,Zone_10,Zone_09
CT002374,Zone_04,Zone_04,0.9946,0.005,0.9896,True,Zone_04,Zone_03
CT010522,Zone_07,Zone_07,0.9976,0.0023,0.9953,True,Zone_07,Zone_08
CT010355,Zone_08,Zone_08,1.0,0.0,1.0,True,Zone_08,Zone_10
CT000041,Zone_08,Zone_08,0.9965,0.0035,0.993,True,Zone_08,Zone_07
CT009238,Zone_07,Zone_08,0.5623,0.4376,0.1247,False,Zone_08,Zone_07
CT015081,Zone_05,Zone_05,0.9881,0.0119,0.9762,True,Zone_05,Zone_08
CT006607,Zone_07,Zone_07,0.972,0.0215,0.9505,True,Zone_07,Zone_06
CT008459,Zone_07,Zone_08,0.5077,0.4923,0.0154,False,Zone_08,Zone_07
CT009755,Zone_08,Zone_08,0.6619,0.3378,0.3241,True,Zone_08,Zone_07
CT000178,Zone_09,Zone_09,0.9723,0.01,0.9623,True,Zone_09,Zone_10
CT007044,Zone_04,Zone_04,0.9917,0.005,0.9867,True,Zone_04,Zone_02
CT011262,Zone_07,Zone_07,0.9924,0.0076,0.9848,True,Zone_07,Zone_06
CT008358,Zone_03,Zone_03,0.9949,0.0051,0.9898,True,Zone_03,Zone_02
CT003101,Zone_10,Zone_10,1.0,0.0,1.0,True,Zone_10,Zone_09
CT009349,Zone_08,Zone_08,0.6994,0.3005,0.3989,True,Zone_08,Zone_07
CT005311,Zone_08,Zone_08,0.9964,0.0036,0.9928,True,Zone_08,Zone_07
CT003878,Zone_10,Zone_10,1.0,0.0,1.0,True,Zone_10,Zone_09
CT007244,Zone_06,Zone_07,0.9593,0.0407,0.9186,False,Zone_07,Zone_06
CT005176,Zone_02,Zone_02,1.0,0.0,1.0,True,Zone_02,Zone_10
CT004381,Zone_07,Zone_07,0.7041,0.2666,0.4375,True,Zone_07,Zone_08
CT005124,Zone_07,Zone_07,0.8612,0.1363,0.7249,True,Zone_07,Zone_08
CT018221,Zone_08,Zone_07,0.5025,0.4974,0.0051,False,Zone_07,Zone_08
CT012946,Zone_08,Zone_08,0.9999,0.0001,0.9998,True,Zone_08,Zone_07
CT016960,Zone_01,Zone_01,0.9999,0.0001,0.9998,True,Zone_01,Zone_03
CT019726,Zone_07,Zone_07,0.7889,0.2111,0.5778,True,Zone_07,Zone_08
CT006830,Zone_07,Zone_07,0.9827,0.0169,0.9658,True,Zone_07,Zone_08
CT005721,Zone_07,Zone_07,0.9881,0.0119,0.9762,True,Zone_07,Zone_08
CT006154,Zone_04,Zone_04,0.9967,0.0033,0.9934,True,Zone_04,Zone_05
CT016577,Zone_02,Zone_02,0.9963,0.0037,0.9926,True,Zone_02,Zone_01
CT017948,Zone_07,Zone_07,0.8513,0.1486,0.7027,True,Zone_07,Zone_08
CT014479,Zone_02,Zone_02,1.0,0.0,1.0,True,Zone_02,Zone_10
CT018457,Zone_07,Zone_07,0.9942,0.0055,0.9887,True,Zone_07,Zone_08
CT016194,Zone_07,Zone_07,0.9888,0.0108,0.978,True,Zone_07,Zone_08
CT000449,Zone_02,Zone_02,1.0,0.0,1.0,True,Zone_02,Zone_10
CT014471,Zone_04,Zone_04,1.0,0.0,1.0,True,Zone_04,Zone_10
CT013607,Zone_02,Zone_02,0.9967,0.0033,0.9934,True,Zone_02,Zone_03
CT002325,Zone_04,Zone_04,0.9982,0.0017,0.9965,True,Zone_04,Zone_05
CT012478,Zone_07,Zone_07,0.9017,0.0983,0.8034,True,Zone_07,Zone_08
CT001504,Zone_08,Zone_08,0.9998,0.0002,0.9996,True,Zone_08,Zone_07
CT005857,Zone_08,Zone_08,0.6786,0.3213,0.3573,True,Zone_08,Zone_07
CT016111,Zone_07,Zone_07,0.9481,0.051,0.8971,True,Zone_07,Zone_06
CT016031,Zone_06,Zone_06,0.9914,0.0046,0.9868,True,Zone_06,Zone_08
CT000905,Zone_10,Zone_10,1.0,0.0,1.0,True,Zone_10,Zone_09
CT005943,Zone_03,Zone_03,1.0,0.0,1.0,True,Zone_03,Zone_10
CT012071,Zone_08,Zone_07,0.5389,0.4611,0.0778,False,Zone_07,Zone_08
CT000323,Zone_04,Zone_04,0.9999,0.0001,0.9998,True,Zone_04,Zone_05
CT001157,Zone_02,Zone_02,1.0,0.0,1.0,True,Zone_02,Zone_10
CT005493,Zone_04,Zone_04,0.9898,0.01,0.9798,True,Zone_04,Zone_01
CT007378,Zone_10,Zone_10,1.0,0.0,1.0,True,Zone_10,Zone_09
CT003482,Zone_08,Zone_08,0.5975,0.4024,0.1951,True,Zone_08,Zone_07
CT019914,Zone_07,Zone_07,0.9958,0.0042,0.9916,True,Zone_07,Zone_08
CT003835,Zone_04,Zone_04,0.9937,0.0033,0.9904,True,Zone_04,Zone_01
CT002007,Zone_08,Zone_08,0.9821,0.0179,0.9642,True,Zone_08,Zone_07
CT016549,Zone_01,Zone_01,0.9999,0.0001,0.9998,True,Zone_01,Zone_03
CT013072,Zone_03,Zone_03,0.9999,0.0001,0.9998,True,Zone_03,Zone_02
CT013545,Zone_03,Zone_03,1.0,0.0,1.0,True,Zone_03,Zone_10
CT003928,Zone_07,Zone_07,0.9873,0.0127,0.9746,True,Zone_07,Zone_06
CT008150,Zone_03,Zone_03,1.0,0.0,1.0,True,Zone_03,Zone_10
CT019775,Zone_02,Zone_02,0.9994,0.0006,0.9988,True,Zone_02,Zone_03
CT000945,Zone_08,Zone_08,0.9982,0.0018,0.9964,True,Zone_08,Zone_07
CT007564,Zone_08,Zone_08,0.9999,0.0001,0.9998,True,Zone_08,Zone_07
CT012491,Zone_02,Zone_02,1.0,0.0,1.0,True,Zone_02,Zone_10
CT018986,Zone_08,Zone_08,1.0,0.0,1.0,True,Zone_08,Zone_10
CT017214,Zone_10,Zone_10,1.0,0.0,1.0,True,Zone_10,Zone_09
CT007687,Zone_08,Zone_08,0.9998,0.0002,0.9996,True,Zone_08,Zone_07
CT018863,Zone_06,Zone_06,0.9785,0.0058,0.9727,True,Zone_06,Zone_07
CT012421,Zone_04,Zone_04,0.9952,0.0048,0.9904,True,Zone_04,Zone_06
CT013254,Zone_04,Zone_04,0.9953,0.0045,0.9908,True,Zone_04,Zone_05
CT005430,Zone_07,Zone_08,0.6174,0.3824,0.235,False,Zone_08,Zone_07
CT008873,Zone_02,Zone_02,1.0,0.0,1.0,True,Zone_02,Zone_10
CT002859,Zone_07,Zone_07,0.9553,0.0444,0.9109,True,Zone_07,Zone_08
CT015523,Zone_08,Zone_08,0.9919,0.008,0.9839,True,Zone_08,Zone_09
CT006790,Zone_07,Zone_07,0.9673,0.0327,0.9346,True,Zone_07,Zone_06
CT012756,Zone_07,Zone_07,0.9876,0.0124,0.9752,True,Zone_07,Zone_08
CT005995,Zone_07,Zone_07,0.8333,0.1666,0.6667,True,Zone_07,Zone_08
CT001852,Zone_06,Zone_06,0.985,0.01,0.975,True,Zone_06,Zone_07
CT011924,Zone_07,Zone_07,0.9942,0.0058,0.9884,True,Zone_07,Zone_08
CT012657,Zone_01,Zone_01,0.9849,0.0101,0.9748,True,Zone_01,Zone_03
CT005069,Zone_04,Zone_04,1.0,0.0,1.0,True,Zone_04,Zone_10
CT011977,Zone_02,Zone_02,1.0,0.0,1.0,True,Zone_02,Zone_10
CT006246,Zone_03,Zone_03,0.9886,0.01,0.9786,True,Zone_03,Zone_04
CT006507,Zone_10,Zone_10,1.0,0.0,1.0,True,Zone_10,Zone_09
CT005162,Zone_10,Zone_10,0.9986,0.0014,0.9972,True,Zone_10,Zone_05
CT014491,Zone_07,Zone_07,0.9888,0.0112,0.9776,True,Zone_07,Zone_08
CT013325,Zone_08,Zone_08,0.5942,0.4058,0.1884,True,Zone_08,Zone_07
CT007179,Zone_06,Zone_06,0.9915,0.008,0.9835,True,Zone_06,Zone_07
CT011619,Zone_04,Zone_04,0.995,0.0027,0.9923,True,Zone_04,Zone_05
CT007146,Zone_08,Zone_08,0.6206,0.3793,0.2413,True,Zone_08,Zone_07
CT011566,Zone_08,Zone_08,0.9999,0.0001,0.9998,True,Zone_08,Zone_07
CT007972,Zone_03,Zone_03,1.0,0.0,1.0,True,Zone_03,Zone_10
CT015265,Zone_01,Zone_01,0.9999,0.0001,0.9998,True,Zone_01,Zone_03
CT007331,Zone_01,Zone_01,0.9999,0.0001,0.9998,True,Zone_01,Zone_03
CT005894,Zone_07,Zone_07,0.9809,0.0191,0.9618,True,Zone_07,Zone_06
CT005198,Zone_04,Zone_04,0.9999,0.0001,0.9998,True,Zone_04,Zone_05
CT017210,Zone_08,Zone_08,0.7195,0.2805,0.439,True,Zone_08,Zone_07
CT013403,Zone_05,Zone_05,0.99,0.01,0.98,True,Zone_05,Zone_07
CT018621,Zone_01,Zone_01,0.9999,0.0001,0.9998,True,Zone_01,Zone_03
CT017965,Zone_08,Zone_08,1.0,0.0,1.0,True,Zone_08,Zone_10
CT018602,Zone_04,Zone_04,0.9998,0.0001,0.9997,True,Zone_04,Zone_08
CT003222,Zone_07,Zone_07,0.9934,0.0059,0.9875,True,Zone_07,Zone_08
CT009428,Zone_08,Zone_08,0.9999,0.0001,0.9998,True,Zone_08,Zone_07
CT014465,Zone_07,Zone_07,0.9811,0.0151,0.966,True,Zone_07,Zone_08
CT007358,Zone_03,Zone_03,1.0,0.0,1.0,True,Zone_03,Zone_10
CT017757,Zone_05,Zone_05,0.9935,0.004,0.9895,True,Zone_05,Zone_07
CT015760,Zone_04,Zone_04,1.0,0.0,1.0,True,Zone_04,Zone_10
CT014915,Zone_02,Zone_02,1.0,0.0,1.0,True,Zone_02,Zone_10
CT009571,Zone_03,Zone_03,1.0,0.0,1.0,True,Zone_03,Zone_10
CT003249,Zone_07,Zone_07,0.979,0.021,0.958,True,Zone_07,Zone_06
CT008509,Zone_10,Zone_10,1.0,0.0,1.0,True,Zone_10,Zone_09
CT000005,Zone_03,Zone_03,1.0,0.0,1.0,True,Zone_03,Zone_10
CT018746,Zone_06,Zone_06,0.99,0.0088,0.9812,True,Zone_06,Zone_07
CT007792,Zone_07,Zone_07,0.8501,0.1499,0.7002,True,Zone_07,Zone_08
CT002166,Zone_04,Zone_04,1.0,0.0,1.0,True,Zone_04,Zone_10
CT006509,Zone_08,Zone_08,0.693,0.3069,0.3861,True,Zone_08,Zone_07
CT019399,Zone_07,Zone_07,0.9915,0.0085,0.983,True,Zone_07,Zone_06
CT010696,Zone_03,Zone_03,0.99,0.01,0.98,True,Zone_03,Zone_04
CT016010,Zone_08,Zone_08,0.716,0.283,0.433,True,Zone_08,Zone_07
CT015749,Zone_07,Zone_07,0.7835,0.2131,0.5704,True,Zone_07,Zone_08
CT002380,Zone_08,Zone_07,0.533,0.4669,0.0661,False,Zone_07,Zone_08
CT007380,Zone_04,Zone_04,1.0,0.0,1.0,True,Zone_04,Zone_10
CT003431,Zone_07,Zone_07,0.7152,0.2837,0.4315,True,Zone_07,Zone_08
CT010648,Zone_07,Zone_07,0.9744,0.0254,0.949,True,Zone_07,Zone_08
CT009684,Zone_04,Zone_04,0.9823,0.01,0.9723,True,Zone_04,Zone_05
CT004369,Zone_03,Zone_03,1.0,0.0,1.0,True,Zone_03,Zone_10
CT006612,Zone_04,Zone_04,0.9865,0.0133,0.9732,True,Zone_04,Zone_01
CT019460,Zone_04,Zone_04,0.9999,0.0001,0.9998,True,Zone_04,Zone_08
CT011226,Zone_04,Zone_04,0.9895,0.0094,0.9801,True,Zone_04,Zone_02
CT006155,Zone_08,Zone_08,1.0,0.0,1.0,True,Zone_08,Zone_10
CT004464,Zone_10,Zone_10,0.9986,0.0014,0.9972,True,Zone_10,Zone_05
CT017139,Zone_08,Zone_08,0.7375,0.2625,0.475,True,Zone_08,Zone_07
CT009782,Zone_07,Zone_07,0.865,0.1256,0.7394,True,Zone_07,Zone_08
CT008926,Zone_08,Zone_08,0.9924,0.0076,0.9848,True,Zone_08,Zone_07
CT002224,Zone_01,Zone_01,0.9999,0.0001,0.9998,True,Zone_01,Zone_03
CT005660,Zone_07,Zone_07,0.996,0.0039,0.9921,True,Zone_07,Zone_08
CT007429,Zone_08,Zone_08,0.5803,0.4197,0.1606,True,Zone_08,Zone_07
CT012020,Zone_01,Zone_01,0.9999,0.0001,0.9998,True,Zone_01,Zone_03
CT007212,Zone_07,Zone_07,0.9976,0.0021,0.9955,True,Zone_07,Zone_08
CT012522,Zone_07,Zone_07,0.8221,0.1778,0.6443,True,Zone_07,Zone_08
CT012270,Zone_03,Zone_03,0.9999,0.0001,0.9998,True,Zone_03,Zone_02
CT015148,Zone_10,Zone_10,0.996,0.004,0.992,True,Zone_10,Zone_09
CT018124,Zone_01,Zone_01,0.9999,0.0001,0.9998,True,Zone_01,Zone_03
CT016747,Zone_03,Zone_03,1.0,0.0,1.0,True,Zone_03,Zone_10
CT015415,Zone_04,Zone_04,0.9894,0.0104,0.979,True,Zone_04,Zone_03
CT003419,Zone_02,Zone_02,1.0,0.0,1.0,True,Zone_02,Zone_10
CT009333,Zone_05,Zone_05,0.9988,0.0011,0.9977,True,Zone_05,Zone_04
CT000903,Zone_02,Zone_02,1.0,0.0,1.0,True,Zone_02,Zone_10
CT005022,Zone_07,Zone_07,0.9786,0.0214,0.9572,True,Zone_07,Zone_06
CT014665,Zone_02,Zone_02,1.0,0.0,1.0,True,Zone_02,Zone_10
CT019813,Zone_07,Zone_08,0.6134,0.3865,0.2269,False,Zone_08,Zone_07
CT018317,Zone_02,Zone_02,1.0,0.0,1.0,True,Zone_02,Zone_10
CT016715,Zone_03,Zone_03,0.995,0.005,0.99,True,Zone_03,Zone_04
CT008803,Zone_03,Zone_03,1.0,0.0,1.0,True,Zone_03,Zone_10
CT000991,Zone_08,Zone_08,0.6646,0.3354,0.3292,True,Zone_08,Zone_07
CT001705,Zone_08,Zone_08,0.9999,0.0001,0.9998,True,Zone_08,Zone_07
CT003079,Zone_08,Zone_08,0.6835,0.3164,0.3671,True,Zone_08,Zone_07
CT009811,Zone_04,Zone_04,0.9949,0.0051,0.9898,True,Zone_04,Zone_05
CT016070,Zone_02,Zone_02,1.0,0.0,1.0,True,Zone_02,Zone_10
CT015931,Zone_07,Zone_08,0.5444,0.4555,0.0889,False,Zone_08,Zone_07
CT001996,Zone_07,Zone_07,0.9966,0.0031,0.9935,True,Zone_07,Zone_08
CT006252,Zone_01,Zone_01,0.9998,0.0002,0.9996,True,Zone_01,Zone_03
CT006287,Zone_07,Zone_07,0.8839,0.1138,0.7701,True,Zone_07,Zone_08
CT005405,Zone_08,Zone_07,0.7553,0.2447,0.5106,False,Zone_07,Zone_08
CT000031,Zone_07,Zone_07,0.9986,0.0013,0.9973,True,Zone_07,Zone_08
CT009282,Zone_09,Zone_09,0.9927,0.0073,0.9854,True,Zone_09,Zone_10
CT001138,Zone_08,Zone_08,0.9891,0.0109,0.9782,True,Zone_08,Zone_07
CT015859,Zone_08,Zone_08,0.6752,0.3247,0.3505,True,Zone_08,Zone_07
CT013776,Zone_05,Zone_05,0.9703,0.0155,0.9548,True,Zone_05,Zone_04
CT012900,Zone_04,Zone_04,1.0,0.0,1.0,True,Zone_04,Zone_10
CT000759,Zone_02,Zone_02,0.9984,0.0016,0.9968,True,Zone_02,Zone_05
CT012802,Zone_08,Zone_08,0.5596,0.4402,0.1194,True,Zone_08,Zone_07
CT019379,Zone_07,Zone_08,0.6644,0.3347,0.3297,False,Zone_08,Zone_07
CT006143,Zone_03,Zone_03,0.9999,0.0001,0.9998,True,Zone_03,Zone_02
CT014097,Zone_07,Zone_07,0.9929,0.0071,0.9858,True,Zone_07,Zone_08
CT005151,Zone_08,Zone_08,0.6311,0.3686,0.2625,True,Zone_08,Zone_07
CT013412,Zone_04,Zone_04,0.9865,0.01,0.9765,True,Zone_04,Zone_03
CT010336,Zone_10,Zone_10,0.995,0.005,0.99,True,Zone_10,Zone_09
CT003780,Zone_10,Zone_10,0.9986,0.0014,0.9972,True,Zone_10,Zone_05
CT018908,Zone_01,Zone_01,0.9999,0.0001,0.9998,True,Zone_01,Zone_03
CT019784,Zone_04,Zone_04,0.9998,0.0001,0.9997,True,Zone_04,Zone_08
CT017781,Zone_01,Zone_01,0.9999,0.0001,0.9998,True,Zone_01,Zone_03
CT015502,Zone_10,Zone_10,1.0,0.0,1.0,True,Zone_10,Zone_09
CT005780,Zone_03,Zone_03,1.0,0.0,1.0,True,Zone_03,Zone_10
CT007980,Zone_08,Zone_08,0.9963,0.0037,0.9926,True,Zone_08,Zone_07
CT019464,Zone_02,Zone_02,1.0,0.0,1.0,True,Zone_02,Zone_10
CT014924,Zone_04,Zone_04,0.9914,0.006,0.9854,True,Zone_04,Zone_07
CT013356,Zone_07,Zone_07,0.9105,0.0878,0.8227,True,Zone_07,Zone_08
CT018388,Zone_04,Zone_04,0.9999,0.0001,0.9998,True,Zone_04,Zone_08
CT018198,Zone_02,Zone_02,1.0,0.0,1.0,True,Zone_02,Zone_10
CT018395,Zone_04,Zone_04,1.0,0.0,1.0,True,Zone_04,Zone_10
CT006788,Zone_07,Zone_08,0.567,0.433,0.134,False,Zone_08,Zone_07
CT019905,Zone_07,Zone_07,0.7212,0.2787,0.4425,True,Zone_07,Zone_08
CT014401,Zone_03,Zone_03,0.9999,0.0001,0.9998,True,Zone_03,Zone_02
CT001327,Zone_05,Zone_05,1.0,0.0,1.0,True,Zone_05,Zone_10
CT006470,Zone_07,Zone_07,0.9328,0.0664,0.8664,True,Zone_07,Zone_06
CT014785,Zone_03,Zone_03,1.0,0.0,1.0,True,Zone_03,Zone_10
CT012908,Zone_08,Zone_08,0.6855,0.3145,0.371,True,Zone_08,Zone_07
CT007713,Zone_08,Zone_08,0.9999,0.0001,0.9998,True,Zone_08,Zone_07
CT015216,Zone_08,Zone_08,0.9949,0.0051,0.9898,True,Zone_08,Zone_07
CT009329,Zone_02,Zone_02,1.0,0.0,1.0,True,Zone_02,Zone_10
CT007402,Zone_04,Zone_04,0.9953,0.0045,0.9908,True,Zone_04,Zone_05
CT008044,Zone_08,Zone_08,0.9992,0.0008,0.9984,True,Zone_08,Zone_04
CT004985,Zone_04,Zone_04,0.999,0.001,0.998,True,Zone_04,Zone_08
CT003653,Zone_04,Zone_04,1.0,0.0,1.0,True,Zone_04,Zone_10
CT011770,Zone_01,Zone_01,0.9999,0.0001,0.9998,True,Zone_01,Zone_03
CT014639,Zone_04,Zone_04,1.0,0.0,1.0,True,Zone_04,Zone_10
CT017343,Zone_01,Zone_01,0.9751,0.016,0.9591,True,Zone_01,Zone_02
CT014870,Zone_04,Zone_04,0.9951,0.0049,0.9902,True,Zone_04,Zone_05
CT004622,Zone_10,Zone_10,1.0,0.0,1.0,True,Zone_10,Zone_09
CT012448,Zone_08,Zone_08,0.7453,0.2546,0.4907,True,Zone_08,Zone_07
CT017939,Zone_05,Zone_05,0.9949,0.0049,0.99,True,Zone_05,Zone_04
CT005115,Zone_03,Zone_03,1.0,0.0,1.0,True,Zone_03,Zone_10
CT011065,Zone_01,Zone_01,0.9999,0.0001,0.9998,True,Zone_01,Zone_03
CT019403,Zone_07,Zone_07,0.9916,0.008,0.9836,True,Zone_07,Zone_08
CT006395,Zone_08,Zone_08,0.7218,0.2781,0.4437,True,Zone_08,Zone_07
CT003543,Zone_07,Zone_07,0.9135,0.0861,0.8274,True,Zone_07,Zone_06
CT008129,Zone_07,Zone_08,0.6294,0.3705,0.2589,False,Zone_08,Zone_07
CT009201,Zone_03,Zone_03,0.9085,0.0615,0.847,True,Zone_03,Zone_02
CT019476,Zone_07,Zone_07,0.926,0.074,0.852,True,Zone_07,Zone_06
CT007403,Zone_04,Zone_04,0.9996,0.0004,0.9992,True,Zone_04,Zone_08
CT008439,Zone_10,Zone_10,0.9896,0.0104,0.9792,True,Zone_10,Zone_03
CT014041,Zone_08,Zone_07,0.8554,0.1446,0.7108,False,Zone_07,Zone_08
CT010184,Zone_02,Zone_02,0.9922,0.0078,0.9844,True,Zone_02,Zone_01
CT015178,Zone_02,Zone_02,0.99,0.01,0.98,True,Zone_02,Zone_01
CT011397,Zone_07,Zone_07,0.9925,0.0075,0.985,True,Zone_07,Zone_06
CT007431,Zone_07,Zone_07,0.9927,0.0072,0.9855,True,Zone_07,Zone_06
CT011211,Zone_08,Zone_08,0.6314,0.3684,0.263,True,Zone_08,Zone_07
CT017611,Zone_02,Zone_02,0.983,0.0103,0.9727,True,Zone_02,Zone_01
CT001338,Zone_08,Zone_08,0.6719,0.328,0.3439,True,Zone_08,Zone_07
CT012342,Zone_10,Zone_10,0.9986,0.0014,0.9972,True,Zone_10,Zone_05
CT014820,Zone_04,Zone_04,0.9948,0.0052,0.9896,True,Zone_04,Zone_05
CT008215,Zone_04,Zone_04,0.9879,0.0063,0.9816,True,Zone_04,Zone_05
CT007786,Zone_10,Zone_10,1.0,0.0,1.0,True,Zone_10,Zone_09
CT008881,Zone_08,Zone_08,0.6482,0.3516,0.2966,True,Zone_08,Zone_07
CT005319,Zone_08,Zone_08,0.9963,0.0037,0.9926,True,Zone_08,Zone_07
CT010195,Zone_02,Zone_02,1.0,0.0,1.0,True,Zone_02,Zone_10
CT018923,Zone_06,Zone_06,0.9914,0.0046,0.9868,True,Zone_06,Zone_08
CT014414,Zone_07,Zone_07,0.9952,0.0047,0.9905,True,Zone_07,Zone_08
CT015525,Zone_08,Zone_08,0.6482,0.3517,0.2965,True,Zone_08,Zone_07
CT007669,Zone_08,Zone_08,0.6307,0.3692,0.2615,True,Zone_08,Zone_07
CT019288,Zone_08,Zone_08,0.9992,0.0008,0.9984,True,Zone_08,Zone_04
CT013639,Zone_07,Zone_07,0.9932,0.0068,0.9864,True,Zone_07,Zone_06
CT010859,Zone_07,Zone_08,0.5893,0.4106,0.1787,False,Zone_08,Zone_07
CT017423,Zone_04,Zone_04,0.9997,0.0002,0.9995,True,Zone_04,Zone_08
CT007202,Zone_04,Zone_04,0.9969,0.0031,0.9938,True,Zone_04,Zone_05
CT010517,Zone_02,Zone_02,0.99,0.01,0.98,True,Zone_02,Zone_01
CT010835,Zone_04,Zone_04,1.0,0.0,1.0,True,Zone_04,Zone_10
CT014592,Zone_10,Zone_10,0.9897,0.0103,0.9794,True,Zone_10,Zone_03
CT000709,Zone_08,Zone_08,0.999,0.001,0.998,True,Zone_08,Zone_07
CT014021,Zone_07,Zone_08,0.662,0.3379,0.3241,False,Zone_08,Zone_07
CT002030,Zone_08,Zone_08,0.7066,0.2934,0.4132,True,Zone_08,Zone_07
CT009347,Zone_05,Zone_05,0.9949,0.0051,0.9898,True,Zone_05,Zone_04
CT007595,Zone_08,Zone_08,0.6269,0.373,0.2539,True,Zone_08,Zone_07
CT018707,Zone_07,Zone_07,0.7841,0.2119,0.5722,True,Zone_07,Zone_08
CT014800,Zone_08,Zone_08,0.7246,0.2753,0.4493,True,Zone_08,Zone_07
CT002394,Zone_02,Zone_02,1.0,0.0,1.0,True,Zone_02,Zone_10
CT016550,Zone_08,Zone_08,0.9999,0.0001,0.9998,True,Zone_08,Zone_07
CT019566,Zone_07,Zone_08,0.7224,0.2775,0.4449,False,Zone_08,Zone_07
CT009444,Zone_04,Zone_04,0.995,0.005,0.99,True,Zone_04,Zone_05
CT011697,Zone_08,Zone_08,0.6999,0.3,0.3999,True,Zone_08,Zone_07
CT005582,Zone_05,Zone_05,0.9878,0.0122,0.9756,True,Zone_05,Zone_04
CT015436,Zone_05,Zone_05,0.9817,0.01,0.9717,True,Zone_05,Zone_07
CT017753,Zone_10,Zone_10,0.998,0.002,0.996,True,Zone_10,Zone_05
CT016697,Zone_01,Zone_01,0.9949,0.0051,0.9898,True,Zone_01,Zone_02
CT007268,Zone_08,Zone_08,0.6873,0.3124,0.3749,True,Zone_08,Zone_07
CT018663,Zone_07,Zone_07,0.7251,0.2748,0.4503,True,Zone_07,Zone_08
CT007168,Zone_01,Zone_01,1.0,0.0,1.0,True,Zone_01,Zone_10
CT000881,Zone_08,Zone_08,0.9953,0.0047,0.9906,True,Zone_08,Zone_07
CT003613,Zone_08,Zone_08,0.5108,0.489,0.0218,True,Zone_08,Zone_07
CT010999,Zone_07,Zone_07,0.822,0.178,0.644,True,Zone_07,Zone_08
CT007409,Zone_07,Zone_08,0.6523,0.3476,0.3047,False,Zone_08,Zone_07
CT011922,Zone_07,Zone_08,0.5735,0.4264,0.1471,False,Zone_08,Zone_07
CT006259,Zone_08,Zone_08,0.9923,0.0077,0.9846,True,Zone_08,Zone_07
CT000644,Zone_04,Zone_04,0.984,0.01,0.974,True,Zone_04,Zone_01
CT004803,Zone_02,Zone_02,1.0,0.0,1.0,True,Zone_02,Zone_10
CT016945,Zone_10,Zone_10,1.0,0.0,1.0,True,Zone_10,Zone_09
CT019530,Zone_08,Zone_08,0.6358,0.3641,0.2717,True,Zone_08,Zone_07
CT015295,Zone_06,Zone_06,1.0,0.0,1.0,True,Zone_06,Zone_10
CT014040,Zone_04,Zone_04,1.0,0.0,1.0,True,Zone_04,Zone_10
CT007714,Zone_04,Zone_04,0.9995,0.0003,0.9992,True,Zone_04,Zone_01
CT016075,Zone_07,Zone_07,0.5083,0.4857,0.0226,True,Zone_07,Zone_08
CT007307,Zone_02,Zone_02,1.0,0.0,1.0,True,Zone_02,Zone_10
CT015205,Zone_01,Zone_01,0.9999,0.0001,0.9998,True,Zone_01,Zone_03
CT010169,Zone_06,Zone_06,0.9915,0.008,0.9835,True,Zone_06,Zone_07
CT018937,Zone_03,Zone_03,1.0,0.0,1.0,True,Zone_03,Zone_10
CT000480,Zone_08,Zone_08,0.9996,0.0003,0.9993,True,Zone_08,Zone_05
CT002533,Zone_08,Zone_08,0.7655,0.2344,0.5311,True,Zone_08,Zone_07
CT000753,Zone_04,Zone_04,0.9965,0.0033,0.9932,True,Zone_04,Zone_02
CT016711,Zone_03,Zone_03,0.9999,0.0001,0.9998,True,Zone_03,Zone_02
CT012337,Zone_03,Zone_03,0.99,0.01,0.98,True,Zone_03,Zone_04
CT008306,Zone_03,Zone_03,0.9933,0.0067,0.9866,True,Zone_03,Zone_01
CT005387,Zone_03,Zone_03,0.9967,0.0033,0.9934,True,Zone_03,Zone_04
CT007328,Zone_08,Zone_08,0.9999,0.0001,0.9998,True,Zone_08,Zone_07
CT012255,Zone_02,Zone_02,1.0,0.0,1.0,True,Zone_02,Zone_10
CT003132,Zone_06,Zone_06,0.9933,0.0062,0.9871,True,Zone_06,Zone_07
CT000947,Zone_08,Zone_08,0.7066,0.2934,0.4132,True,Zone_08,Zone_07
CT001520,Zone_01,Zone_01,0.9907,0.0063,0.9844,True,Zone_01,Zone_02
CT015335,Zone_04,Zone_04,0.9895,0.01,0.9795,True,Zone_04,Zone_03
CT005859,Zone_07,Zone_07,0.8347,0.1635,0.6712,True,Zone_07,Zone_08
CT012647,Zone_03,Zone_03,0.9919,0.008,0.9839,True,Zone_03,Zone_10
CT006993,Zone_06,Zone_06,0.9985,0.0015,0.997,True,Zone_06,Zone_03
CT002331,Zone_08,Zone_08,0.7034,0.2957,0.4077,True,Zone_08,Zone_07
CT005246,Zone_08,Zone_08,0.736,0.2639,0.4721,True,Zone_08,Zone_07
CT008312,Zone_04,Zone_04,0.9999,0.0001,0.9998,True,Zone_04,Zone_05
CT015726,Zone_04,Zone_04,0.9953,0.0045,0.9908,True,Zone_04,Zone_05
CT004431,Zone_04,Zone_04,0.9937,0.0036,0.9901,True,Zone_04,Zone_05
CT012876,Zone_05,Zone_05,0.9999,0.0001,0.9998,True,Zone_05,Zone_08
CT011871,Zone_02,Zone_02,1.0,0.0,1.0,True,Zone_02,Zone_10
CT002207,Zone_07,Zone_08,0.6017,0.3907,0.211,False,Zone_08,Zone_07
CT009552,Zone_03,Zone_03,0.9999,0.0001,0.9998,True,Zone_03,Zone_02
CT001371,Zone_03,Zone_03,1.0,0.0,1.0,True,Zone_03,Zone_10
CT005652,Zone_08,Zone_08,0.9999,0.0001,0.9998,True,Zone_08,Zone_07
CT011317,Zone_04,Zone_04,0.9942,0.0052,0.989,True,Zone_04,Zone_05
CT006018,Zone_07,Zone_07,0.976,0.024,0.952,True,Zone_07,Zone_06
CT018231,Zone_02,Zone_02,1.0,0.0,1.0,True,Zone_02,Zone_10
CT013022,Zone_08,Zone_08,0.9657,0.0325,0.9332,True,Zone_08,Zone_07
CT007135,Zone_04,Zone_04,0.9951,0.0049,0.9902,True,Zone_04,Zone_05
CT007067,Zone_08,Zone_08,0.6368,0.3632,0.2736,True,Zone_08,Zone_07
CT005790,Zone_08,Zone_08,0.9999,0.0001,0.9998,True,Zone_08,Zone_07
CT013850,Zone_04,Zone_04,0.9998,0.0001,0.9997,True,Zone_04,Zone_08
CT018493,Zone_02,Zone_02,0.995,0.005,0.99,True,Zone_02,Zone_04
CT009400,Zone_07,Zone_08,0.5417,0.458,0.0837,False,Zone_08,Zone_07
CT015890,Zone_03,Zone_03,1.0,0.0,1.0,True,Zone_03,Zone_10
CT017302,Zone_05,Zone_05,0.9833,0.0128,0.9705,True,Zone_05,Zone_04
CT001344,Zone_07,Zone_07,0.8172,0.1828,0.6344,True,Zone_07,Zone_08
CT006939,Zone_02,Zone_02,0.9963,0.0037,0.9926,True,Zone_02,Zone_01
CT015990,Zone_08,Zone_08,0.9999,0.0001,0.9998,True,Zone_08,Zone_07
CT018258,Zone_08,Zone_07,0.7791,0.2209,0.5582,False,Zone_07,Zone_08
CT019804,Zone_08,Zone_08,0.562,0.4379,0.1241,True,Zone_08,Zone_07
CT000387,Zone_07,Zone_08,0.5819,0.418,0.1639,False,Zone_08,Zone_07
CT018693,Zone_08,Zone_08,0.6564,0.3435,0.3129,True,Zone_08,Zone_07
CT014965,Zone_08,Zone_07,0.8641,0.1267,0.7374,False,Zone_07,Zone_08
CT010489,Zone_09,Zone_09,0.9827,0.0165,0.9662,True,Zone_09,Zone_04
CT017592,Zone_08,Zone_08,0.9999,0.0001,0.9998,True,Zone_08,Zone_07
CT016457,Zone_08,Zone_07,0.9903,0.0071,0.9832,False,Zone_07,Zone_08
CT003468,Zone_04,Zone_04,0.9976,0.0023,0.9953,True,Zone_04,Zone_09
CT008416,Zone_07,Zone_07,0.9854,0.0132,0.9722,True,Zone_07,Zone_06
CT013587,Zone_08,Zone_08,0.9907,0.0093,0.9814,True,Zone_08,Zone_07
CT009199,Zone_04,Zone_04,0.9983,0.0017,0.9966,True,Zone_04,Zone_01
CT017336,Zone_07,Zone_07,0.9396,0.0601,0.8795,True,Zone_07,Zone_06
CT018529,Zone_08,Zone_08,0.5398,0.4602,0.0796,True,Zone_08,Zone_07
CT015770,Zone_07,Zone_08,0.5122,0.4878,0.0244,False,Zone_08,Zone_07
CT003203,Zone_06,Zone_06,1.0,0.0,1.0,True,Zone_06,Zone_10
CT011296,Zone_07,Zone_07,0.9785,0.0215,0.957,True,Zone_07,Zone_06
CT012456,Zone_07,Zone_07,0.9928,0.0072,0.9856,True,Zone_07,Zone_06
CT012888,Zone_04,Zone_04,0.9953,0.0045,0.9908,True,Zone_04,Zone_05
CT011432,Zone_02,Zone_02,1.0,0.0,1.0,True,Zone_02,Zone_10
CT014173,Zone_08,Zone_08,0.7018,0.2982,0.4036,True,Zone_08,Zone_07
CT003044,Zone_08,Zone_08,0.9885,0.0098,0.9787,True,Zone_08,Zone_07
CT019352,Zone_02,Zone_02,1.0,0.0,1.0,True,Zone_02,Zone_10
CT003229,Zone_08,Zone_08,0.6679,0.3319,0.336,True,Zone_08,Zone_07
CT012279,Zone_07,Zone_07,0.7793,0.2195,0.5598,True,Zone_07,Zone_08
CT005706,Zone_08,Zone_08,0.9999,0.0001,0.9998,True,Zone_08,Zone_07
CT015519,Zone_01,Zone_01,0.9949,0.0051,0.9898,True,Zone_01,Zone_02
CT010323,Zone_01,Zone_01,0.9999,0.0001,0.9998,True,Zone_01,Zone_03
CT004655,Zone_08,Zone_08,0.9924,0.0076,0.9848,True,Zone_08,Zone_07
CT002179,Zone_04,Zone_04,0.979,0.01,0.969,True,Zone_04,Zone_03
CT008050,Zone_08,Zone_08,0.6242,0.3756,0.2486,True,Zone_08,Zone_07
CT013269,Zone_08,Zone_08,0.9999,0.0001,0.9998,True,Zone_08,Zone_07
CT004533,Zone_08,Zone_08,0.7328,0.2671,0.4657,True,Zone_08,Zone_07
CT008148,Zone_01,Zone_01,0.9999,0.0001,0.9998,True,Zone_01,Zone_03
CT002676,Zone_07,Zone_07,0.8263,0.1736,0.6527,True,Zone_07,Zone_08
CT016876,Zone_02,Zone_02,0.9984,0.0016,0.9968,True,Zone_02,Zone_05
CT005211,Zone_08,Zone_08,0.9854,0.0128,0.9726,True,Zone_08,Zone_07
CT013018,Zone_08,Zone_08,0.9998,0.0002,0.9996,True,Zone_08,Zone_07
CT006779,Zone_04,Zone_04,0.9912,0.0067,0.9845,True,Zone_04,Zone_05
CT007996,Zone_04,Zone_04,1.0,0.0,1.0,True,Zone_04,Zone_10
CT008390,Zone_07,Zone_07,0.8436,0.1563,0.6873,True,Zone_07,Zone_08
CT019719,Zone_10,Zone_10,1.0,0.0,1.0,True,Zone_10,Zone_09
CT008764,Zone_07,Zone_08,0.62,0.3799,0.2401,False,Zone_08,Zone_07
CT011734,Zone_03,Zone_03,1.0,0.0,1.0,True,Zone_03,Zone_10
CT010988,Zone_09,Zone_09,0.9793,0.0107,0.9686,True,Zone_09,Zone_04
CT007674,Zone_08,Zone_08,0.9936,0.0064,0.9872,True,Zone_08,Zone_07
CT012039,Zone_07,Zone_08,0.7321,0.2678,0.4643,False,Zone_08,Zone_07
CT007973,Zone_07,Zone_07,0.8175,0.1825,0.635,True,Zone_07,Zone_08
CT008954,Zone_10,Zone_10,1.0,0.0,1.0,True,Zone_10,Zone_09
CT018045,Zone_06,Zone_06,0.99,0.01,0.98,True,Zone_06,Zone_07
CT008999,Zone_10,Zone_10,0.9982,0.0018,0.9964,True,Zone_10,Zone_08
CT007529,Zone_05,Zone_05,1.0,0.0,1.0,True,Zone_05,Zone_10
CT006592,Zone_08,Zone_08,0.6132,0.3867,0.2265,True,Zone_08,Zone_07
CT001110,Zone_01,Zone_01,0.9999,0.0001,0.9998,True,Zone_01,Zone_03
CT002518,Zone_01,Zone_01,0.997,0.003,0.994,True,Zone_01,Zone_04
CT011030,Zone_10,Zone_10,1.0,0.0,1.0,True,Zone_10,Zone_09
CT016858,Zone_07,Zone_07,0.9983,0.0016,0.9967,True,Zone_07,Zone_08
CT013464,Zone_04,Zone_04,0.9971,0.0021,0.995,True,Zone_04,Zone_09
CT015463,Zone_07,Zone_07,0.9953,0.0046,0.9907,True,Zone_07,Zone_08
CT013854,Zone_05,Zone_05,0.9716,0.0155,0.9561,True,Zone_05,Zone_04
CT010043,Zone_08,Zone_08,0.6614,0.3376,0.3238,True,Zone_08,Zone_07
CT018992,Zone_07,Zone_07,0.9006,0.0978,0.8028,True,Zone_07,Zone_08
