complaint_id,actual_zone,predicted_zone,prediction_confidence,prob_zone_01,prob_zone_02,prob_zone_03,prob_zone_04,prob_zone_05,prob_zone_06,prob_zone_07,prob_zone_08,prob_zone_09,prob_zone_10
CT012660,Zone_01,Zone_10,0.1249,0.1068,0.0762,0.1171,0.094,0.105,0.0696,0.1202,0.1066,0.0796,0.1249
CT009088,Zone_07,Zone_02,0.7468,0.0,0.7468,0.0,0.0,0.0,0.0,0.0722,0.181,0.0,0.0
CT008281,Zone_08,Zone_09,0.3918,0.0734,0.0433,0.0627,0.0967,0.0596,0.0812,0.0628,0.0892,0.3918,0.0393
CT006500,Zone_07,Zone_01,0.1507,0.1507,0.0996,0.1317,0.1126,0.0392,0.0978,0.1046,0.1155,0.0322,0.1161
CT010858,Zone_08,Zone_04,0.1457,0.1204,0.1446,0.1341,0.1457,0.0721,0.0841,0.1085,0.0888,0.0,0.1017
CT000998,Zone_02,Zone_09,0.1658,0.132,0.1039,0.0795,0.1041,0.0757,0.0916,0.0886,0.1088,0.1658,0.0498
CT003768,Zone_04,Zone_03,0.1402,0.1303,0.1153,0.1402,0.1202,0.0953,0.0817,0.093,0.109,0.0174,0.0976
CT016589,Zone_07,Zone_02,0.1601,0.0872,0.1601,0.1191,0.0835,0.1417,0.0,0.1261,0.158,0.0,0.1244
CT001388,Zone_04,Zone_10,0.2028,0.0237,0.1864,0.0647,0.1816,0.077,0.035,0.0865,0.1423,0.0,0.2028
CT001708,Zone_08,Zone_06,0.1824,0.0742,0.0876,0.1013,0.0888,0.1406,0.1824,0.0903,0.1026,0.066,0.0661
CT008921,Zone_08,Zone_08,0.3449,0.1507,0.0,0.0,0.1444,0.0,0.2224,0.1376,0.3449,0.0,0.0
CT009823,Zone_07,Zone_09,0.6531,0.1223,0.0,0.0,0.0586,0.0,0.0,0.0,0.035,0.6531,0.1309
CT013332,Zone_08,Zone_08,0.2525,0.1961,0.0772,0.067,0.047,0.0797,0.0,0.1232,0.2525,0.0,0.1574
CT009553,Zone_08,Zone_01,0.1141,0.1141,0.0883,0.0883,0.1037,0.1139,0.1113,0.0978,0.0876,0.1007,0.0942
CT013426,Zone_04,Zone_05,0.2955,0.0,0.2861,0.2483,0.0871,0.2955,0.0,0.083,0.0,0.0,0.0
CT000407,Zone_04,Zone_10,0.3863,0.0,0.284,0.0,0.0,0.0,0.0,0.3297,0.0,0.0,0.3863
CT006247,Zone_10,Zone_05,0.1425,0.1169,0.1117,0.0884,0.088,0.1425,0.1232,0.1011,0.1075,0.0223,0.0983
CT012062,Zone_07,Zone_02,0.2493,0.1056,0.2493,0.101,0.0911,0.0,0.2182,0.0868,0.1027,0.0,0.0452
CT002655,Zone_08,Zone_10,0.2449,0.2288,0.0,0.0781,0.0731,0.062,0.1126,0.1132,0.0873,0.0,0.2449
CT002741,Zone_03,Zone_10,0.6434,0.0,0.0,0.0,0.288,0.0,0.0,0.0686,0.0,0.0,0.6434
CT004204,Zone_08,Zone_01,0.1141,0.1141,0.0883,0.0883,0.1037,0.1139,0.1113,0.0978,0.0876,0.1007,0.0942
CT016166,Zone_02,Zone_05,0.1425,0.1169,0.1117,0.0884,0.088,0.1425,0.1232,0.1011,0.1075,0.0223,0.0983
CT003813,Zone_08,Zone_05,0.3344,0.2058,0.081,0.0703,0.0986,0.3344,0.0,0.0705,0.0294,0.0,0.1101
CT018692,Zone_04,Zone_02,0.1388,0.0964,0.1388,0.1316,0.1033,0.0717,0.1277,0.11,0.1089,0.0262,0.0856
CT016709,Zone_07,Zone_06,0.1824,0.0742,0.0876,0.1013,0.0888,0.1406,0.1824,0.0903,0.1026,0.066,0.0661
CT007551,Zone_07,Zone_10,0.3029,0.1348,0.1061,0.1013,0.0646,0.0219,0.0597,0.1047,0.1041,0.0,0.3029
CT005426,Zone_07,Zone_01,0.1141,0.1141,0.0883,0.0883,0.1037,0.1139,0.1113,0.0978,0.0876,0.1007,0.0942
CT009810,Zone_07,Zone_07,0.1716,0.1378,0.1479,0.0428,0.09,0.1425,0.0555,0.1716,0.1183,0.0669,0.0268
CT019461,Zone_03,Zone_09,0.9149,0.0,0.0,0.0,0.041,0.0,0.0,0.0196,0.0245,0.9149,0.0
CT011624,Zone_07,Zone_01,0.2104,0.2104,0.0276,0.0479,0.084,0.114,0.0,0.1361,0.0803,0.1872,0.1126
CT004310,Zone_07,Zone_10,0.1591,0.088,0.1265,0.116,0.1061,0.1035,0.0582,0.1351,0.1076,0.0,0.1591
CT003278,Zone_07,Zone_01,0.4929,0.4929,0.0,0.0,0.0,0.0,0.0,0.2251,0.282,0.0,0.0
CT013963,Zone_07,Zone_10,0.1249,0.1068,0.0762,0.1171,0.094,0.105,0.0696,0.1202,0.1066,0.0796,0.1249
CT008759,Zone_05,Zone_08,0.2123,0.131,0.1031,0.1193,0.0837,0.071,0.0,0.1396,0.2123,0.0,0.1402
CT001833,Zone_08,Zone_10,0.1591,0.088,0.1265,0.116,0.1061,0.1035,0.0582,0.1351,0.1076,0.0,0.1591
CT006393,Zone_04,Zone_01,0.1141,0.1141,0.0883,0.0883,0.1037,0.1139,0.1113,0.0978,0.0876,0.1007,0.0942
CT008639,Zone_07,Zone_06,0.1863,0.1052,0.0331,0.115,0.1311,0.0342,0.1863,0.1153,0.1445,0.0,0.1351
CT009450,Zone_04,Zone_09,0.8758,0.082,0.0,0.0,0.0,0.0,0.0,0.0187,0.0235,0.8758,0.0
CT007172,Zone_07,Zone_10,0.1973,0.0691,0.0181,0.1259,0.1546,0.1873,0.0,0.1158,0.1319,0.0,0.1973
CT007097,Zone_08,Zone_01,0.1141,0.1141,0.0883,0.0883,0.1037,0.1139,0.1113,0.0978,0.0876,0.1007,0.0942
CT016127,Zone_07,Zone_05,0.2043,0.1109,0.0815,0.0859,0.0815,0.2043,0.0764,0.0962,0.0973,0.079,0.087
CT000783,Zone_08,Zone_06,0.3626,0.2457,0.0,0.3356,0.0,0.0,0.3626,0.0561,0.0,0.0,0.0
CT009681,Zone_07,Zone_01,0.1141,0.1141,0.0883,0.0883,0.1037,0.1139,0.1113,0.0978,0.0876,0.1007,0.0942
CT004975,Zone_08,Zone_10,0.2388,0.0837,0.0439,0.0571,0.1603,0.136,0.0412,0.1274,0.1117,0.0,0.2388
CT013719,Zone_08,Zone_01,0.1141,0.1141,0.0883,0.0883,0.1037,0.1139,0.1113,0.0978,0.0876,0.1007,0.0942
CT003962,Zone_03,Zone_02,0.1388,0.0964,0.1388,0.1316,0.1033,0.0717,0.1277,0.11,0.1089,0.0262,0.0856
CT013819,Zone_04,Zone_01,0.1507,0.1507,0.0996,0.1317,0.1126,0.0392,0.0978,0.1046,0.1155,0.0322,0.1161
CT008385,Zone_01,Zone_10,0.2089,0.0976,0.1536,0.0222,0.1403,0.1058,0.0,0.104,0.1676,0.0,0.2089
CT009653,Zone_03,Zone_04,0.6593,0.0,0.0,0.0,0.6593,0.0,0.0,0.2095,0.1312,0.0,0.0
CT007970,Zone_02,Zone_01,0.1141,0.1141,0.0883,0.0883,0.1037,0.1139,0.1113,0.0978,0.0876,0.1007,0.0942
CT010507,Zone_08,Zone_09,0.9689,0.0,0.0,0.0,0.0,0.0,0.0,0.0138,0.0173,0.9689,0.0
CT007600,Zone_07,Zone_10,0.1249,0.1068,0.0762,0.1171,0.094,0.105,0.0696,0.1202,0.1066,0.0796,0.1249
CT010064,Zone_02,Zone_01,0.1403,0.1403,0.0759,0.1078,0.1092,0.114,0.1293,0.1201,0.1003,0.0,0.1032
CT019037,Zone_04,Zone_01,0.3169,0.3169,0.0,0.2164,0.3036,0.0,0.0,0.0724,0.0907,0.0,0.0
CT016233,Zone_01,Zone_04,0.1798,0.0577,0.1136,0.1578,0.1798,0.0469,0.0852,0.1352,0.1156,0.0,0.1081
CT016275,Zone_04,Zone_02,0.1388,0.0964,0.1388,0.1316,0.1033,0.0717,0.1277,0.11,0.1089,0.0262,0.0856
CT000294,Zone_03,Zone_05,0.2043,0.1109,0.0815,0.0859,0.0815,0.2043,0.0764,0.0962,0.0973,0.079,0.087
CT018802,Zone_02,Zone_05,0.1425,0.1169,0.1117,0.0884,0.088,0.1425,0.1232,0.1011,0.1075,0.0223,0.0983
CT013203,Zone_08,Zone_10,0.1591,0.088,0.1265,0.116,0.1061,0.1035,0.0582,0.1351,0.1076,0.0,0.1591
CT001403,Zone_10,Zone_01,0.1507,0.1507,0.0996,0.1317,0.1126,0.0392,0.0978,0.1046,0.1155,0.0322,0.1161
CT008298,Zone_04,Zone_10,0.1591,0.088,0.1265,0.116,0.1061,0.1035,0.0582,0.1351,0.1076,0.0,0.1591
CT004078,Zone_08,Zone_01,0.1723,0.1723,0.0775,0.1009,0.1061,0.06,0.0908,0.0927,0.1549,0.0,0.1449
CT009342,Zone_02,Zone_01,0.1141,0.1141,0.0883,0.0883,0.1037,0.1139,0.1113,0.0978,0.0876,0.1007,0.0942
CT007860,Zone_07,Zone_01,0.1723,0.1723,0.0775,0.1009,0.1061,0.06,0.0908,0.0927,0.1549,0.0,0.1449
CT005027,Zone_08,Zone_01,0.6779,0.6779,0.0,0.1543,0.0,0.0,0.0,0.1032,0.0646,0.0,0.0
CT012029,Zone_04,Zone_10,0.1737,0.1025,0.1076,0.1342,0.1105,0.0972,0.0756,0.1131,0.0855,0.0,0.1737
CT019786,Zone_04,Zone_05,0.4844,0.149,0.0,0.0,0.0,0.4844,0.0,0.0681,0.2985,0.0,0.0
CT005141,Zone_08,Zone_10,0.2388,0.0837,0.0439,0.0571,0.1603,0.136,0.0412,0.1274,0.1117,0.0,0.2388
CT005841,Zone_05,Zone_04,0.2078,0.1928,0.0569,0.0823,0.2078,0.0783,0.0356,0.1706,0.1241,0.0,0.0516
CT010730,Zone_06,Zone_01,0.1141,0.1141,0.0883,0.0883,0.1037,0.1139,0.1113,0.0978,0.0876,0.1007,0.0942
CT014988,Zone_04,Zone_06,0.224,0.1619,0.0637,0.0899,0.0776,0.0658,0.224,0.1017,0.1071,0.0,0.1083
CT000867,Zone_07,Zone_06,0.2431,0.1177,0.1296,0.1125,0.1691,0.0383,0.2431,0.1021,0.0875,0.0,0.0
CT011310,Zone_01,Zone_10,0.6795,0.2117,0.0,0.0,0.0,0.0,0.0,0.0483,0.0606,0.0,0.6795
CT017931,Zone_08,Zone_10,0.1249,0.1068,0.0762,0.1171,0.094,0.105,0.0696,0.1202,0.1066,0.0796,0.1249
CT004522,Zone_08,Zone_06,0.2914,0.1128,0.0222,0.0771,0.0541,0.0917,0.2914,0.1353,0.0646,0.0,0.1509
CT012269,Zone_02,Zone_05,0.1425,0.1169,0.1117,0.0884,0.088,0.1425,0.1232,0.1011,0.1075,0.0223,0.0983
CT013839,Zone_08,Zone_02,0.1388,0.0964,0.1388,0.1316,0.1033,0.0717,0.1277,0.11,0.1089,0.0262,0.0856
CT016788,Zone_02,Zone_10,0.2449,0.2288,0.0,0.0781,0.0731,0.062,0.1126,0.1132,0.0873,0.0,0.2449
CT000505,Zone_07,Zone_09,0.1658,0.132,0.1039,0.0795,0.1041,0.0757,0.0916,0.0886,0.1088,0.1658,0.0498
CT013468,Zone_08,Zone_04,0.1457,0.1204,0.1446,0.1341,0.1457,0.0721,0.0841,0.1085,0.0888,0.0,0.1017
CT002172,Zone_04,Zone_08,0.2525,0.1961,0.0772,0.067,0.047,0.0797,0.0,0.1232,0.2525,0.0,0.1574
CT016545,Zone_06,Zone_02,0.1388,0.0964,0.1388,0.1316,0.1033,0.0717,0.1277,0.11,0.1089,0.0262,0.0856
CT014283,Zone_07,Zone_02,0.1388,0.0964,0.1388,0.1316,0.1033,0.0717,0.1277,0.11,0.1089,0.0262,0.0856
CT009416,Zone_07,Zone_01,0.1141,0.1141,0.0883,0.0883,0.1037,0.1139,0.1113,0.0978,0.0876,0.1007,0.0942
CT004401,Zone_07,Zone_10,0.1591,0.088,0.1265,0.116,0.1061,0.1035,0.0582,0.1351,0.1076,0.0,0.1591
CT007056,Zone_05,Zone_01,0.5671,0.5671,0.0,0.0,0.0,0.0,0.0,0.1295,0.0,0.0,0.3034
CT007504,Zone_08,Zone_09,0.2122,0.1034,0.0876,0.1086,0.0609,0.0388,0.1056,0.1053,0.0842,0.2122,0.0936
CT009420,Zone_10,Zone_05,0.6918,0.0,0.0,0.1454,0.102,0.6918,0.0,0.0,0.0609,0.0,0.0
CT013194,Zone_04,Zone_10,0.3029,0.1348,0.1061,0.1013,0.0646,0.0219,0.0597,0.1047,0.1041,0.0,0.3029
CT009664,Zone_07,Zone_01,0.1141,0.1141,0.0883,0.0883,0.1037,0.1139,0.1113,0.0978,0.0876,0.1007,0.0942
CT015158,Zone_04,Zone_04,0.1457,0.1204,0.1446,0.1341,0.1457,0.0721,0.0841,0.1085,0.0888,0.0,0.1017
CT010407,Zone_07,Zone_02,0.1388,0.0964,0.1388,0.1316,0.1033,0.0717,0.1277,0.11,0.1089,0.0262,0.0856
CT003993,Zone_03,Zone_10,0.1249,0.1068,0.0762,0.1171,0.094,0.105,0.0696,0.1202,0.1066,0.0796,0.1249
CT019595,Zone_07,Zone_10,0.1737,0.1025,0.1076,0.1342,0.1105,0.0972,0.0756,0.1131,0.0855,0.0,0.1737
CT015299,Zone_02,Zone_02,0.1388,0.0964,0.1388,0.1316,0.1033,0.0717,0.1277,0.11,0.1089,0.0262,0.0856
CT010761,Zone_01,Zone_03,0.1402,0.1303,0.1153,0.1402,0.1202,0.0953,0.0817,0.093,0.109,0.0174,0.0976
CT011987,Zone_03,Zone_01,0.1141,0.1141,0.0883,0.0883,0.1037,0.1139,0.1113,0.0978,0.0876,0.1007,0.0942
CT004626,Zone_08,Zone_10,0.2151,0.1675,0.0659,0.0687,0.1284,0.0545,0.0989,0.1339,0.0671,0.0,0.2151
CT010533,Zone_04,Zone_10,0.1249,0.1068,0.0762,0.1171,0.094,0.105,0.0696,0.1202,0.1066,0.0796,0.1249
CT013079,Zone_08,Zone_01,0.1507,0.1507,0.0996,0.1317,0.1126,0.0392,0.0978,0.1046,0.1155,0.0322,0.1161
CT009848,Zone_05,Zone_05,0.1586,0.0976,0.1097,0.1048,0.0868,0.1586,0.144,0.0923,0.0718,0.0,0.1343
CT005339,Zone_07,Zone_02,0.1388,0.0964,0.1388,0.1316,0.1033,0.0717,0.1277,0.11,0.1089,0.0262,0.0856
CT012719,Zone_05,Zone_08,0.2333,0.1133,0.1069,0.0309,0.0868,0.2209,0.0334,0.0776,0.2333,0.0,0.0969
CT003635,Zone_08,Zone_02,0.3867,0.1229,0.3867,0.0559,0.0392,0.0,0.0604,0.159,0.1758,0.0,0.0
CT009719,Zone_07,Zone_03,0.1402,0.1303,0.1153,0.1402,0.1202,0.0953,0.0817,0.093,0.109,0.0174,0.0976
CT014189,Zone_08,Zone_02,0.3812,0.0404,0.3812,0.1379,0.174,0.0,0.0596,0.083,0.0808,0.0,0.0432
CT010970,Zone_08,Zone_08,0.2016,0.0,0.1232,0.1069,0.1125,0.1273,0.0,0.1609,0.2016,0.0,0.1676
CT015323,Zone_04,Zone_02,0.1388,0.0964,0.1388,0.1316,0.1033,0.0717,0.1277,0.11,0.1089,0.0262,0.0856
CT005653,Zone_08,Zone_10,0.1249,0.1068,0.0762,0.1171,0.094,0.105,0.0696,0.1202,0.1066,0.0796,0.1249
CT014443,Zone_03,Zone_02,0.1388,0.0964,0.1388,0.1316,0.1033,0.0717,0.1277,0.11,0.1089,0.0262,0.0856
CT007873,Zone_04,Zone_03,0.197,0.0961,0.0908,0.197,0.129,0.0625,0.0,0.1361,0.165,0.0,0.1235
CT012751,Zone_06,Zone_10,0.6691,0.0,0.164,0.0,0.0,0.0,0.0,0.0476,0.1193,0.0,0.6691
CT009081,Zone_08,Zone_09,0.7465,0.0,0.0,0.0,0.0,0.0,0.0,0.0639,0.04,0.7465,0.1496
CT006659,Zone_07,Zone_05,0.2784,0.1402,0.1348,0.1276,0.0448,0.2784,0.023,0.1031,0.098,0.0,0.05
CT008969,Zone_06,Zone_02,0.613,0.0,0.613,0.0,0.1866,0.0,0.0,0.0889,0.1114,0.0,0.0
CT004792,Zone_02,Zone_10,0.1591,0.088,0.1265,0.116,0.1061,0.1035,0.0582,0.1351,0.1076,0.0,0.1591
CT017262,Zone_04,Zone_01,0.1141,0.1141,0.0883,0.0883,0.1037,0.1139,0.1113,0.0978,0.0876,0.1007,0.0942
CT018069,Zone_06,Zone_06,0.224,0.1619,0.0637,0.0899,0.0776,0.0658,0.224,0.1017,0.1071,0.0,0.1083
CT006002,Zone_03,Zone_10,0.1737,0.1025,0.1076,0.1342,0.1105,0.0972,0.0756,0.1131,0.0855,0.0,0.1737
CT009413,Zone_04,Zone_05,0.1743,0.1475,0.1161,0.0549,0.1092,0.1743,0.0396,0.1041,0.0537,0.1432,0.0574
CT019996,Zone_07,Zone_04,0.3543,0.1057,0.0,0.0,0.3543,0.1717,0.0,0.2171,0.1511,0.0,0.0
CT003298,Zone_08,Zone_06,0.2477,0.0672,0.0925,0.1032,0.1045,0.0273,0.2477,0.0537,0.0528,0.1793,0.0719
CT011839,Zone_07,Zone_10,0.1591,0.088,0.1265,0.116,0.1061,0.1035,0.0582,0.1351,0.1076,0.0,0.1591
CT017042,Zone_07,Zone_03,0.1402,0.1303,0.1153,0.1402,0.1202,0.0953,0.0817,0.093,0.109,0.0174,0.0976
CT005039,Zone_07,Zone_06,0.4769,0.0,0.0,0.2207,0.1548,0.0,0.4769,0.1476,0.0,0.0,0.0
CT003982,Zone_08,Zone_10,0.1249,0.1068,0.0762,0.1171,0.094,0.105,0.0696,0.1202,0.1066,0.0796,0.1249
CT002763,Zone_03,Zone_07,0.1716,0.1378,0.1479,0.0428,0.09,0.1425,0.0555,0.1716,0.1183,0.0669,0.0268
CT009618,Zone_02,Zone_10,0.2151,0.1675,0.0659,0.0687,0.1284,0.0545,0.0989,0.1339,0.0671,0.0,0.2151
CT015520,Zone_07,Zone_06,0.1863,0.1052,0.0331,0.115,0.1311,0.0342,0.1863,0.1153,0.1445,0.0,0.1351
CT013951,Zone_06,Zone_02,0.1601,0.0872,0.1601,0.1191,0.0835,0.1417,0.0,0.1261,0.158,0.0,0.1244
CT007475,Zone_05,Zone_02,0.1388,0.0964,0.1388,0.1316,0.1033,0.0717,0.1277,0.11,0.1089,0.0262,0.0856
CT018372,Zone_01,Zone_04,0.6114,0.0,0.0,0.0,0.6114,0.0,0.0,0.3886,0.0,0.0,0.0
CT000295,Zone_07,Zone_05,0.2043,0.1109,0.0815,0.0859,0.0815,0.2043,0.0764,0.0962,0.0973,0.079,0.087
CT007314,Zone_07,Zone_09,0.6271,0.0,0.1848,0.0,0.0,0.0,0.0,0.0536,0.1344,0.6271,0.0
CT018520,Zone_04,Zone_10,0.2028,0.0237,0.1864,0.0647,0.1816,0.077,0.035,0.0865,0.1423,0.0,0.2028
CT011118,Zone_05,Zone_02,0.1388,0.0964,0.1388,0.1316,0.1033,0.0717,0.1277,0.11,0.1089,0.0262,0.0856
CT009672,Zone_10,Zone_02,0.1388,0.0964,0.1388,0.1316,0.1033,0.0717,0.1277,0.11,0.1089,0.0262,0.0856
CT003262,Zone_08,Zone_05,0.6836,0.1402,0.0,0.0,0.0,0.6836,0.0,0.096,0.0802,0.0,0.0
CT018725,Zone_03,Zone_10,0.2151,0.1675,0.0659,0.0687,0.1284,0.0545,0.0989,0.1339,0.0671,0.0,0.2151
CT015620,Zone_04,Zone_03,0.1402,0.1303,0.1153,0.1402,0.1202,0.0953,0.0817,0.093,0.109,0.0174,0.0976
CT004334,Zone_08,Zone_01,0.1141,0.1141,0.0883,0.0883,0.1037,0.1139,0.1113,0.0978,0.0876,0.1007,0.0942
CT004039,Zone_05,Zone_10,0.2151,0.1675,0.0659,0.0687,0.1284,0.0545,0.0989,0.1339,0.0671,0.0,0.2151
CT007218,Zone_08,Zone_02,0.3808,0.0,0.3808,0.0,0.2318,0.0,0.0,0.1105,0.2769,0.0,0.0
CT006086,Zone_07,Zone_03,0.1402,0.1303,0.1153,0.1402,0.1202,0.0953,0.0817,0.093,0.109,0.0174,0.0976
CT015623,Zone_04,Zone_09,0.5919,0.1109,0.0,0.1514,0.0,0.0,0.0,0.0506,0.0952,0.5919,0.0
CT016112,Zone_08,Zone_02,0.3341,0.0,0.3341,0.0414,0.2034,0.0986,0.0,0.0969,0.2256,0.0,0.0
CT016926,Zone_09,Zone_09,0.2401,0.1349,0.0354,0.0614,0.0754,0.0365,0.0663,0.077,0.1286,0.2401,0.1443
CT017819,Zone_08,Zone_10,0.1591,0.088,0.1265,0.116,0.1061,0.1035,0.0582,0.1351,0.1076,0.0,0.1591
CT008901,Zone_01,Zone_01,0.1403,0.1403,0.0759,0.1078,0.1092,0.114,0.1293,0.1201,0.1003,0.0,0.1032
CT015595,Zone_07,Zone_01,0.2019,0.2019,0.0927,0.1839,0.0887,0.0273,0.0993,0.1114,0.0867,0.0,0.108
CT001962,Zone_08,Zone_02,0.1388,0.0964,0.1388,0.1316,0.1033,0.0717,0.1277,0.11,0.1089,0.0262,0.0856
CT015427,Zone_07,Zone_08,0.3326,0.0,0.3049,0.0,0.1856,0.0,0.0,0.1769,0.3326,0.0,0.0
CT007344,Zone_02,Zone_01,0.1403,0.1403,0.0759,0.1078,0.1092,0.114,0.1293,0.1201,0.1003,0.0,0.1032
CT008936,Zone_10,Zone_10,0.1249,0.1068,0.0762,0.1171,0.094,0.105,0.0696,0.1202,0.1066,0.0796,0.1249
CT010824,Zone_08,Zone_01,0.7472,0.7472,0.196,0.0,0.0,0.0,0.0,0.0569,0.0,0.0,0.0
CT014791,Zone_07,Zone_01,0.1141,0.1141,0.0883,0.0883,0.1037,0.1139,0.1113,0.0978,0.0876,0.1007,0.0942
CT002779,Zone_04,Zone_01,0.309,0.309,0.0608,0.0791,0.037,0.0,0.0,0.1147,0.1105,0.2062,0.0827
CT002493,Zone_02,Zone_08,0.5408,0.0,0.2125,0.0,0.0,0.0,0.0,0.2467,0.5408,0.0,0.0
CT019084,Zone_01,Zone_01,0.1141,0.1141,0.0883,0.0883,0.1037,0.1139,0.1113,0.0978,0.0876,0.1007,0.0942
CT003097,Zone_03,Zone_02,0.4337,0.1378,0.4337,0.0,0.066,0.0,0.0,0.1259,0.2366,0.0,0.0
CT017864,Zone_07,Zone_08,0.3449,0.1507,0.0,0.0,0.1444,0.0,0.2224,0.1376,0.3449,0.0,0.0
CT008264,Zone_10,Zone_05,0.5766,0.0,0.0,0.1212,0.0,0.5766,0.2617,0.0405,0.0,0.0,0.0
CT004830,Zone_06,Zone_01,0.268,0.268,0.0,0.1464,0.1027,0.1742,0.0,0.0979,0.1533,0.0,0.0574
CT002923,Zone_03,Zone_06,0.224,0.1619,0.0637,0.0899,0.0776,0.0658,0.224,0.1017,0.1071,0.0,0.1083
CT001609,Zone_08,Zone_06,0.2661,0.0,0.1419,0.0924,0.0864,0.1466,0.2661,0.0927,0.0774,0.0,0.0965
CT006749,Zone_08,Zone_06,0.2477,0.0672,0.0925,0.1032,0.1045,0.0273,0.2477,0.0537,0.0528,0.1793,0.0719
CT002459,Zone_04,Zone_06,0.7811,0.0,0.0,0.0904,0.0,0.0,0.7811,0.0907,0.0379,0.0,0.0
CT014047,Zone_09,Zone_08,0.3449,0.1507,0.0,0.0,0.1444,0.0,0.2224,0.1376,0.3449,0.0,0.0
CT016301,Zone_01,Zone_08,0.4084,0.0,0.3744,0.0,0.0,0.0,0.0,0.2173,0.4084,0.0,0.0
CT012475,Zone_07,Zone_10,0.1569,0.0838,0.0989,0.1073,0.1254,0.0511,0.1391,0.1267,0.1109,0.0,0.1569
CT004979,Zone_07,Zone_06,0.4769,0.0,0.0,0.2207,0.1548,0.0,0.4769,0.1476,0.0,0.0,0.0
CT013722,Zone_04,Zone_01,0.2019,0.2019,0.0927,0.1839,0.0887,0.0273,0.0993,0.1114,0.0867,0.0,0.108
CT000279,Zone_07,Zone_05,0.2043,0.1109,0.0815,0.0859,0.0815,0.2043,0.0764,0.0962,0.0973,0.079,0.087
CT010980,Zone_07,Zone_03,0.1402,0.1303,0.1153,0.1402,0.1202,0.0953,0.0817,0.093,0.109,0.0174,0.0976
CT000100,Zone_10,Zone_03,0.1402,0.1303,0.1153,0.1402,0.1202,0.0953,0.0817,0.093,0.109,0.0174,0.0976
CT006982,Zone_10,Zone_01,0.1141,0.1141,0.0883,0.0883,0.1037,0.1139,0.1113,0.0978,0.0876,0.1007,0.0942
CT006758,Zone_07,Zone_02,0.2466,0.0,0.2466,0.214,0.075,0.0,0.0,0.1789,0.2017,0.0,0.0838
CT018344,Zone_08,Zone_05,0.2642,0.0542,0.0,0.148,0.0779,0.2642,0.2399,0.1114,0.0465,0.0,0.058
CT002312,Zone_02,Zone_01,0.1141,0.1141,0.0883,0.0883,0.1037,0.1139,0.1113,0.0978,0.0876,0.1007,0.0942
CT010930,Zone_04,Zone_04,0.4916,0.0,0.0,0.1752,0.4916,0.0,0.0,0.0586,0.0,0.0,0.2746
CT019236,Zone_02,Zone_05,0.2043,0.1109,0.0815,0.0859,0.0815,0.2043,0.0764,0.0962,0.0973,0.079,0.087
CT017551,Zone_05,Zone_03,0.197,0.0961,0.0908,0.197,0.129,0.0625,0.0,0.1361,0.165,0.0,0.1235
CT018597,Zone_01,Zone_01,0.1507,0.1507,0.0996,0.1317,0.1126,0.0392,0.0978,0.1046,0.1155,0.0322,0.1161
CT001934,Zone_07,Zone_02,0.2493,0.1056,0.2493,0.101,0.0911,0.0,0.2182,0.0868,0.1027,0.0,0.0452
CT005877,Zone_08,Zone_02,0.1388,0.0964,0.1388,0.1316,0.1033,0.0717,0.1277,0.11,0.1089,0.0262,0.0856
CT006948,Zone_07,Zone_02,0.1388,0.0964,0.1388,0.1316,0.1033,0.0717,0.1277,0.11,0.1089,0.0262,0.0856
CT005543,Zone_08,Zone_04,0.184,0.1397,0.0824,0.0477,0.184,0.1703,0.0515,0.1196,0.1299,0.0,0.0747
CT013777,Zone_08,Zone_10,0.1591,0.088,0.1265,0.116,0.1061,0.1035,0.0582,0.1351,0.1076,0.0,0.1591
CT001599,Zone_07,Zone_10,0.1591,0.088,0.1265,0.116,0.1061,0.1035,0.0582,0.1351,0.1076,0.0,0.1591
CT002165,Zone_07,Zone_01,0.1141,0.1141,0.0883,0.0883,0.1037,0.1139,0.1113,0.0978,0.0876,0.1007,0.0942
CT001591,Zone_01,Zone_01,0.1141,0.1141,0.0883,0.0883,0.1037,0.1139,0.1113,0.0978,0.0876,0.1007,0.0942
CT008548,Zone_07,Zone_10,0.3981,0.0,0.0,0.3812,0.1782,0.0,0.0,0.0425,0.0,0.0,0.3981
CT006551,Zone_07,Zone_05,0.1425,0.1169,0.1117,0.0884,0.088,0.1425,0.1232,0.1011,0.1075,0.0223,0.0983
CT001894,Zone_02,Zone_03,0.1402,0.1303,0.1153,0.1402,0.1202,0.0953,0.0817,0.093,0.109,0.0174,0.0976
CT012329,Zone_01,Zone_06,0.8563,0.0,0.0,0.0,0.0,0.0,0.8563,0.0883,0.0553,0.0,0.0
CT015795,Zone_05,Zone_03,0.1402,0.1303,0.1153,0.1402,0.1202,0.0953,0.0817,0.093,0.109,0.0174,0.0976
CT016437,Zone_08,Zone_01,0.1141,0.1141,0.0883,0.0883,0.1037,0.1139,0.1113,0.0978,0.0876,0.1007,0.0942
CT008293,Zone_08,Zone_06,0.4576,0.0,0.0,0.1412,0.099,0.168,0.4576,0.0236,0.0,0.0,0.1106
CT005519,Zone_03,Zone_01,0.1141,0.1141,0.0883,0.0883,0.1037,0.1139,0.1113,0.0978,0.0876,0.1007,0.0942
CT018027,Zone_07,Zone_06,0.4281,0.0,0.2283,0.0,0.0,0.0,0.4281,0.0331,0.0,0.0,0.3105
CT000272,Zone_01,Zone_08,0.3817,0.0,0.0,0.3037,0.213,0.0,0.0,0.1015,0.3817,0.0,0.0
CT007079,Zone_03,Zone_05,0.3629,0.0,0.3514,0.0,0.107,0.3629,0.0,0.051,0.1278,0.0,0.0
CT008935,Zone_07,Zone_05,0.6673,0.0,0.0,0.0,0.0983,0.6673,0.0,0.2344,0.0,0.0,0.0
CT008153,Zone_07,Zone_07,0.3348,0.0,0.1648,0.0,0.2007,0.0,0.0,0.3348,0.2997,0.0,0.0
CT009995,Zone_04,Zone_02,0.1388,0.0964,0.1388,0.1316,0.1033,0.0717,0.1277,0.11,0.1089,0.0262,0.0856
CT011653,Zone_07,Zone_10,0.1249,0.1068,0.0762,0.1171,0.094,0.105,0.0696,0.1202,0.1066,0.0796,0.1249
CT016837,Zone_07,Zone_01,0.1141,0.1141,0.0883,0.0883,0.1037,0.1139,0.1113,0.0978,0.0876,0.1007,0.0942
CT004779,Zone_04,Zone_02,0.1388,0.0964,0.1388,0.1316,0.1033,0.0717,0.1277,0.11,0.1089,0.0262,0.0856
CT011005,Zone_07,Zone_05,0.3629,0.0,0.3514,0.0,0.107,0.3629,0.0,0.051,0.1278,0.0,0.0
CT001018,Zone_07,Zone_01,0.1141,0.1141,0.0883,0.0883,0.1037,0.1139,0.1113,0.0978,0.0876,0.1007,0.0942
CT011954,Zone_09,Zone_04,0.1457,0.1204,0.1446,0.1341,0.1457,0.0721,0.0841,0.1085,0.0888,0.0,0.1017
CT000078,Zone_07,Zone_03,0.1402,0.1303,0.1153,0.1402,0.1202,0.0953,0.0817,0.093,0.109,0.0174,0.0976
CT009743,Zone_07,Zone_04,0.1457,0.1204,0.1446,0.1341,0.1457,0.0721,0.0841,0.1085,0.0888,0.0,0.1017
CT000057,Zone_08,Zone_01,0.1141,0.1141,0.0883,0.0883,0.1037,0.1139,0.1113,0.0978,0.0876,0.1007,0.0942
CT012741,Zone_07,Zone_02,0.2082,0.1323,0.2082,0.2033,0.0951,0.0,0.0488,0.1209,0.0852,0.0,0.1062
CT000319,Zone_04,Zone_04,0.2078,0.1928,0.0569,0.0823,0.2078,0.0783,0.0356,0.1706,0.1241,0.0,0.0516
CT008630,Zone_07,Zone_10,0.1249,0.1068,0.0762,0.1171,0.094,0.105,0.0696,0.1202,0.1066,0.0796,0.1249
CT018729,Zone_08,Zone_05,0.1586,0.0976,0.1097,0.1048,0.0868,0.1586,0.144,0.0923,0.0718,0.0,0.1343
CT007025,Zone_03,Zone_01,0.1403,0.1403,0.0759,0.1078,0.1092,0.114,0.1293,0.1201,0.1003,0.0,0.1032
CT008184,Zone_02,Zone_09,0.8434,0.0527,0.0414,0.0,0.0505,0.0,0.0,0.012,0.0,0.8434,0.0
CT014282,Zone_01,Zone_03,0.6329,0.0,0.0,0.6329,0.0,0.0,0.0,0.0529,0.0663,0.0,0.2479
CT018158,Zone_07,Zone_02,0.166,0.1356,0.166,0.0926,0.13,0.0735,0.1334,0.0654,0.0905,0.0,0.1129
CT014546,Zone_07,Zone_09,0.6871,0.0,0.0,0.0879,0.0,0.1046,0.0,0.0147,0.0368,0.6871,0.0689
CT012730,Zone_08,Zone_05,0.1425,0.1169,0.1117,0.0884,0.088,0.1425,0.1232,0.1011,0.1075,0.0223,0.0983
CT010299,Zone_08,Zone_10,0.1591,0.088,0.1265,0.116,0.1061,0.1035,0.0582,0.1351,0.1076,0.0,0.1591
CT005184,Zone_08,Zone_01,0.1403,0.1403,0.0759,0.1078,0.1092,0.114,0.1293,0.1201,0.1003,0.0,0.1032
CT004896,Zone_08,Zone_06,0.224,0.1619,0.0637,0.0899,0.0776,0.0658,0.224,0.1017,0.1071,0.0,0.1083
CT004871,Zone_08,Zone_03,0.197,0.0961,0.0908,0.197,0.129,0.0625,0.0,0.1361,0.165,0.0,0.1235
CT014621,Zone_08,Zone_04,0.3815,0.0,0.2089,0.0,0.3815,0.0,0.0,0.1818,0.2278,0.0,0.0
CT010039,Zone_07,Zone_07,0.1716,0.1378,0.1479,0.0428,0.09,0.1425,0.0555,0.1716,0.1183,0.0669,0.0268
CT019201,Zone_07,Zone_08,0.2123,0.131,0.1031,0.1193,0.0837,0.071,0.0,0.1396,0.2123,0.0,0.1402
CT009837,Zone_01,Zone_06,0.3629,0.164,0.0,0.168,0.1178,0.0,0.3629,0.0936,0.0938,0.0,0.0
CT019068,Zone_07,Zone_10,0.1591,0.088,0.1265,0.116,0.1061,0.1035,0.0582,0.1351,0.1076,0.0,0.1591
CT005008,Zone_07,Zone_03,0.1402,0.1303,0.1153,0.1402,0.1202,0.0953,0.0817,0.093,0.109,0.0174,0.0976
CT012860,Zone_07,Zone_02,0.3867,0.1229,0.3867,0.0559,0.0392,0.0,0.0604,0.159,0.1758,0.0,0.0
CT000817,Zone_07,Zone_03,0.6333,0.0,0.0,0.6333,0.2961,0.0,0.0,0.0706,0.0,0.0,0.0
CT008145,Zone_08,Zone_10,0.2388,0.0837,0.0439,0.0571,0.1603,0.136,0.0412,0.1274,0.1117,0.0,0.2388
CT005066,Zone_07,Zone_04,0.2078,0.1928,0.0569,0.0823,0.2078,0.0783,0.0356,0.1706,0.1241,0.0,0.0516
CT011481,Zone_08,Zone_02,0.6678,0.0,0.6678,0.0,0.1016,0.0,0.0,0.0484,0.1821,0.0,0.0
CT017802,Zone_07,Zone_01,0.1723,0.1723,0.0775,0.1009,0.1061,0.06,0.0908,0.0927,0.1549,0.0,0.1449
CT017649,Zone_08,Zone_09,0.8063,0.0755,0.0,0.0,0.0362,0.0,0.0,0.0172,0.0648,0.8063,0.0
CT015285,Zone_01,Zone_06,0.8662,0.0,0.0,0.1002,0.0,0.0,0.8662,0.0335,0.0,0.0,0.0
CT015231,Zone_08,Zone_01,0.1141,0.1141,0.0883,0.0883,0.1037,0.1139,0.1113,0.0978,0.0876,0.1007,0.0942
CT002758,Zone_08,Zone_01,0.1141,0.1141,0.0883,0.0883,0.1037,0.1139,0.1113,0.0978,0.0876,0.1007,0.0942
CT005525,Zone_04,Zone_05,0.2043,0.1109,0.0815,0.0859,0.0815,0.2043,0.0764,0.0962,0.0973,0.079,0.087
CT016819,Zone_06,Zone_09,0.2122,0.1034,0.0876,0.1086,0.0609,0.0388,0.1056,0.1053,0.0842,0.2122,0.0936
CT009946,Zone_02,Zone_10,0.1249,0.1068,0.0762,0.1171,0.094,0.105,0.0696,0.1202,0.1066,0.0796,0.1249
CT014238,Zone_08,Zone_01,0.1141,0.1141,0.0883,0.0883,0.1037,0.1139,0.1113,0.0978,0.0876,0.1007,0.0942
CT008593,Zone_07,Zone_10,0.1855,0.1733,0.0341,0.1184,0.1453,0.0,0.1279,0.0792,0.1364,0.0,0.1855
CT006575,Zone_08,Zone_02,0.1388,0.0964,0.1388,0.1316,0.1033,0.0717,0.1277,0.11,0.1089,0.0262,0.0856
CT000384,Zone_08,Zone_10,0.1591,0.088,0.1265,0.116,0.1061,0.1035,0.0582,0.1351,0.1076,0.0,0.1591
CT001066,Zone_10,Zone_06,0.2918,0.1978,0.1556,0.0,0.0947,0.0,0.2918,0.0903,0.1697,0.0,0.0
CT007051,Zone_10,Zone_05,0.1743,0.1475,0.1161,0.0549,0.1092,0.1743,0.0396,0.1041,0.0537,0.1432,0.0574
CT017241,Zone_04,Zone_05,0.2043,0.1109,0.0815,0.0859,0.0815,0.2043,0.0764,0.0962,0.0973,0.079,0.087
CT002085,Zone_08,Zone_02,0.1601,0.0872,0.1601,0.1191,0.0835,0.1417,0.0,0.1261,0.158,0.0,0.1244
CT006903,Zone_08,Zone_08,0.2525,0.1961,0.0772,0.067,0.047,0.0797,0.0,0.1232,0.2525,0.0,0.1574
CT014855,Zone_07,Zone_05,0.1425,0.1169,0.1117,0.0884,0.088,0.1425,0.1232,0.1011,0.1075,0.0223,0.0983
CT004515,Zone_03,Zone_05,0.2859,0.0,0.0,0.2403,0.0843,0.2859,0.0,0.0,0.2013,0.0,0.1882
CT006306,Zone_03,Zone_01,0.1507,0.1507,0.0996,0.1317,0.1126,0.0392,0.0978,0.1046,0.1155,0.0322,0.1161
CT013358,Zone_03,Zone_10,0.1973,0.0691,0.0181,0.1259,0.1546,0.1873,0.0,0.1158,0.1319,0.0,0.1973
CT013946,Zone_07,Zone_05,0.276,0.1698,0.0,0.0,0.0814,0.276,0.0,0.1939,0.0972,0.0,0.1817
CT007536,Zone_10,Zone_10,0.1737,0.1025,0.1076,0.1342,0.1105,0.0972,0.0756,0.1131,0.0855,0.0,0.1737
CT012403,Zone_08,Zone_02,0.1388,0.0964,0.1388,0.1316,0.1033,0.0717,0.1277,0.11,0.1089,0.0262,0.0856
CT012312,Zone_08,Zone_10,0.1737,0.1025,0.1076,0.1342,0.1105,0.0972,0.0756,0.1131,0.0855,0.0,0.1737
CT010677,Zone_08,Zone_02,0.252,0.0961,0.252,0.1313,0.0767,0.0,0.0473,0.0878,0.1375,0.0,0.1714
CT005758,Zone_08,Zone_05,0.2784,0.1402,0.1348,0.1276,0.0448,0.2784,0.023,0.1031,0.098,0.0,0.05
CT005509,Zone_07,Zone_09,0.3595,0.1347,0.053,0.046,0.0968,0.0,0.0994,0.0615,0.0771,0.3595,0.0721
CT004337,Zone_02,Zone_10,0.3029,0.1348,0.1061,0.1013,0.0646,0.0219,0.0597,0.1047,0.1041,0.0,0.3029
CT015227,Zone_04,Zone_09,0.6888,0.0,0.0508,0.0,0.0309,0.1048,0.0952,0.0295,0.0,0.6888,0.0
CT013272,Zone_08,Zone_07,0.4577,0.0,0.0,0.0,0.16,0.0,0.0,0.4577,0.3823,0.0,0.0
CT006556,Zone_05,Zone_05,0.458,0.0,0.2217,0.0,0.135,0.458,0.0,0.0643,0.1209,0.0,0.0
CT008256,Zone_01,Zone_02,0.1388,0.0964,0.1388,0.1316,0.1033,0.0717,0.1277,0.11,0.1089,0.0262,0.0856
CT002732,Zone_04,Zone_10,0.1249,0.1068,0.0762,0.1171,0.094,0.105,0.0696,0.1202,0.1066,0.0796,0.1249
CT019964,Zone_10,Zone_09,0.5448,0.0,0.0,0.0697,0.0489,0.0,0.0,0.1398,0.0876,0.5448,0.1092
CT011348,Zone_02,Zone_04,0.2078,0.1928,0.0569,0.0823,0.2078,0.0783,0.0356,0.1706,0.1241,0.0,0.0516
CT007445,Zone_02,Zone_01,0.1141,0.1141,0.0883,0.0883,0.1037,0.1139,0.1113,0.0978,0.0876,0.1007,0.0942
CT017530,Zone_05,Zone_04,0.1457,0.1204,0.1446,0.1341,0.1457,0.0721,0.0841,0.1085,0.0888,0.0,0.1017
CT007065,Zone_05,Zone_10,0.1249,0.1068,0.0762,0.1171,0.094,0.105,0.0696,0.1202,0.1066,0.0796,0.1249
CT004911,Zone_03,Zone_04,0.1457,0.1204,0.1446,0.1341,0.1457,0.0721,0.0841,0.1085,0.0888,0.0,0.1017
CT012047,Zone_08,Zone_05,0.2043,0.1109,0.0815,0.0859,0.0815,0.2043,0.0764,0.0962,0.0973,0.079,0.087
CT015087,Zone_03,Zone_09,0.2122,0.1034,0.0876,0.1086,0.0609,0.0388,0.1056,0.1053,0.0842,0.2122,0.0936
CT002253,Zone_05,Zone_01,0.1141,0.1141,0.0883,0.0883,0.1037,0.1139,0.1113,0.0978,0.0876,0.1007,0.0942
CT008690,Zone_07,Zone_03,0.6141,0.0,0.0,0.6141,0.0,0.0,0.0,0.0,0.3859,0.0,0.0
CT001401,Zone_08,Zone_01,0.1403,0.1403,0.0759,0.1078,0.1092,0.114,0.1293,0.1201,0.1003,0.0,0.1032
CT018264,Zone_08,Zone_08,0.3449,0.1507,0.0,0.0,0.1444,0.0,0.2224,0.1376,0.3449,0.0,0.0
CT012499,Zone_04,Zone_04,0.1457,0.1204,0.1446,0.1341,0.1457,0.0721,0.0841,0.1085,0.0888,0.0,0.1017
CT014188,Zone_08,Zone_10,0.1591,0.088,0.1265,0.116,0.1061,0.1035,0.0582,0.1351,0.1076,0.0,0.1591
CT001447,Zone_06,Zone_02,0.1388,0.0964,0.1388,0.1316,0.1033,0.0717,0.1277,0.11,0.1089,0.0262,0.0856
CT005759,Zone_04,Zone_10,0.2151,0.1675,0.0659,0.0687,0.1284,0.0545,0.0989,0.1339,0.0671,0.0,0.2151
CT001867,Zone_10,Zone_09,0.6876,0.1288,0.0,0.088,0.0,0.0,0.0,0.0588,0.0368,0.6876,0.0
CT009660,Zone_05,Zone_09,0.3918,0.0734,0.0433,0.0627,0.0967,0.0596,0.0812,0.0628,0.0892,0.3918,0.0393
CT019407,Zone_07,Zone_10,0.1249,0.1068,0.0762,0.1171,0.094,0.105,0.0696,0.1202,0.1066,0.0796,0.1249
CT000900,Zone_07,Zone_02,0.1388,0.0964,0.1388,0.1316,0.1033,0.0717,0.1277,0.11,0.1089,0.0262,0.0856
CT010112,Zone_04,Zone_06,0.3626,0.2457,0.0,0.3356,0.0,0.0,0.3626,0.0561,0.0,0.0,0.0
CT000976,Zone_07,Zone_04,0.1798,0.0577,0.1136,0.1578,0.1798,0.0469,0.0852,0.1352,0.1156,0.0,0.1081
CT002203,Zone_06,Zone_06,0.2024,0.0915,0.1439,0.0625,0.1314,0.0743,0.2024,0.1044,0.0916,0.0,0.0979
CT011247,Zone_04,Zone_08,0.2333,0.1133,0.1069,0.0309,0.0868,0.2209,0.0334,0.0776,0.2333,0.0,0.0969
CT004561,Zone_09,Zone_10,0.1737,0.1025,0.1076,0.1342,0.1105,0.0972,0.0756,0.1131,0.0855,0.0,0.1737
CT004110,Zone_07,Zone_04,0.1798,0.0577,0.1136,0.1578,0.1798,0.0469,0.0852,0.1352,0.1156,0.0,0.1081
CT006240,Zone_08,Zone_06,0.1824,0.0742,0.0876,0.1013,0.0888,0.1406,0.1824,0.0903,0.1026,0.066,0.0661
CT011917,Zone_07,Zone_05,0.1586,0.0976,0.1097,0.1048,0.0868,0.1586,0.144,0.0923,0.0718,0.0,0.1343
CT012620,Zone_10,Zone_01,0.1141,0.1141,0.0883,0.0883,0.1037,0.1139,0.1113,0.0978,0.0876,0.1007,0.0942
CT010265,Zone_04,Zone_01,0.1507,0.1507,0.0996,0.1317,0.1126,0.0392,0.0978,0.1046,0.1155,0.0322,0.1161
CT000252,Zone_07,Zone_01,0.1141,0.1141,0.0883,0.0883,0.1037,0.1139,0.1113,0.0978,0.0876,0.1007,0.0942
CT005214,Zone_06,Zone_01,0.1733,0.1733,0.0909,0.1315,0.0646,0.1565,0.0284,0.1539,0.0771,0.0,0.1237
CT002858,Zone_08,Zone_01,0.1141,0.1141,0.0883,0.0883,0.1037,0.1139,0.1113,0.0978,0.0876,0.1007,0.0942
CT007245,Zone_08,Zone_03,0.1402,0.1303,0.1153,0.1402,0.1202,0.0953,0.0817,0.093,0.109,0.0174,0.0976
CT017432,Zone_03,Zone_05,0.1425,0.1169,0.1117,0.0884,0.088,0.1425,0.1232,0.1011,0.1075,0.0223,0.0983
CT019637,Zone_07,Zone_08,0.5849,0.0,0.3217,0.0,0.0,0.0,0.0,0.0934,0.5849,0.0,0.0
CT002286,Zone_03,Zone_03,0.3206,0.1304,0.1231,0.3206,0.1499,0.0424,0.0385,0.1429,0.0522,0.0,0.0
CT009084,Zone_01,Zone_04,0.1457,0.1204,0.1446,0.1341,0.1457,0.0721,0.0841,0.1085,0.0888,0.0,0.1017
CT005351,Zone_06,Zone_05,0.2784,0.1402,0.1348,0.1276,0.0448,0.2784,0.023,0.1031,0.098,0.0,0.05
CT010137,Zone_08,Zone_09,0.6876,0.0,0.0,0.0,0.0,0.2093,0.0,0.0294,0.0737,0.6876,0.0
CT005355,Zone_06,Zone_10,0.1249,0.1068,0.0762,0.1171,0.094,0.105,0.0696,0.1202,0.1066,0.0796,0.1249
CT015330,Zone_04,Zone_10,0.2089,0.0976,0.1536,0.0222,0.1403,0.1058,0.0,0.104,0.1676,0.0,0.2089
CT012079,Zone_03,Zone_01,0.1507,0.1507,0.0996,0.1317,0.1126,0.0392,0.0978,0.1046,0.1155,0.0322,0.1161
CT013800,Zone_08,Zone_09,0.6876,0.1288,0.0,0.088,0.0,0.0,0.0,0.0588,0.0368,0.6876,0.0
CT005866,Zone_04,Zone_10,0.1737,0.1025,0.1076,0.1342,0.1105,0.0972,0.0756,0.1131,0.0855,0.0,0.1737
CT014015,Zone_07,Zone_04,0.1457,0.1204,0.1446,0.1341,0.1457,0.0721,0.0841,0.1085,0.0888,0.0,0.1017
CT007002,Zone_06,Zone_01,0.4706,0.4706,0.1234,0.2143,0.0751,0.0,0.0,0.0716,0.0449,0.0,0.0
CT017012,Zone_03,Zone_10,0.1591,0.088,0.1265,0.116,0.1061,0.1035,0.0582,0.1351,0.1076,0.0,0.1591
CT011461,Zone_08,Zone_10,0.1569,0.0838,0.0989,0.1073,0.1254,0.0511,0.1391,0.1267,0.1109,0.0,0.1569
CT013966,Zone_10,Zone_02,0.1388,0.0964,0.1388,0.1316,0.1033,0.0717,0.1277,0.11,0.1089,0.0262,0.0856
CT010263,Zone_02,Zone_10,0.1249,0.1068,0.0762,0.1171,0.094,0.105,0.0696,0.1202,0.1066,0.0796,0.1249
CT002931,Zone_07,Zone_10,0.3029,0.1348,0.1061,0.1013,0.0646,0.0219,0.0597,0.1047,0.1041,0.0,0.3029
CT010205,Zone_08,Zone_08,0.2123,0.131,0.1031,0.1193,0.0837,0.071,0.0,0.1396,0.2123,0.0,0.1402
CT012727,Zone_06,Zone_01,0.2019,0.2019,0.0927,0.1839,0.0887,0.0273,0.0993,0.1114,0.0867,0.0,0.108
CT003516,Zone_07,Zone_01,0.1723,0.1723,0.0775,0.1009,0.1061,0.06,0.0908,0.0927,0.1549,0.0,0.1449
CT008486,Zone_07,Zone_06,0.4823,0.0,0.0857,0.0744,0.0,0.1771,0.4823,0.1493,0.0312,0.0,0.0
CT008082,Zone_08,Zone_02,0.1388,0.0964,0.1388,0.1316,0.1033,0.0717,0.1277,0.11,0.1089,0.0262,0.0856
CT006042,Zone_02,Zone_08,0.2333,0.1133,0.1069,0.0309,0.0868,0.2209,0.0334,0.0776,0.2333,0.0,0.0969
CT018468,Zone_03,Zone_01,0.1141,0.1141,0.0883,0.0883,0.1037,0.1139,0.1113,0.0978,0.0876,0.1007,0.0942
CT016401,Zone_06,Zone_05,0.3692,0.0,0.1787,0.0,0.0,0.3692,0.3352,0.0519,0.065,0.0,0.0
CT003489,Zone_01,Zone_01,0.1141,0.1141,0.0883,0.0883,0.1037,0.1139,0.1113,0.0978,0.0876,0.1007,0.0942
CT016396,Zone_04,Zone_06,0.4823,0.0,0.0857,0.0744,0.0,0.1771,0.4823,0.1493,0.0312,0.0,0.0
CT007265,Zone_08,Zone_10,0.1591,0.088,0.1265,0.116,0.1061,0.1035,0.0582,0.1351,0.1076,0.0,0.1591
CT010317,Zone_04,Zone_05,0.2043,0.1109,0.0815,0.0859,0.0815,0.2043,0.0764,0.0962,0.0973,0.079,0.087
CT010209,Zone_04,Zone_03,0.7993,0.0,0.0,0.7993,0.0,0.0,0.0,0.0891,0.1116,0.0,0.0
CT001339,Zone_07,Zone_03,0.1402,0.1303,0.1153,0.1402,0.1202,0.0953,0.0817,0.093,0.109,0.0174,0.0976
CT000309,Zone_04,Zone_10,0.1591,0.088,0.1265,0.116,0.1061,0.1035,0.0582,0.1351,0.1076,0.0,0.1591
CT012760,Zone_08,Zone_10,0.1249,0.1068,0.0762,0.1171,0.094,0.105,0.0696,0.1202,0.1066,0.0796,0.1249
CT013436,Zone_08,Zone_07,0.1716,0.1378,0.1479,0.0428,0.09,0.1425,0.0555,0.1716,0.1183,0.0669,0.0268
CT000328,Zone_07,Zone_04,0.4329,0.0,0.0,0.3086,0.4329,0.0,0.0,0.0,0.2585,0.0,0.0
CT008186,Zone_06,Zone_10,0.1249,0.1068,0.0762,0.1171,0.094,0.105,0.0696,0.1202,0.1066,0.0796,0.1249
CT011835,Zone_04,Zone_01,0.1507,0.1507,0.0996,0.1317,0.1126,0.0392,0.0978,0.1046,0.1155,0.0322,0.1161
CT016186,Zone_03,Zone_02,0.5107,0.0,0.5107,0.0,0.1554,0.0,0.0,0.1482,0.1857,0.0,0.0
CT005945,Zone_02,Zone_10,0.2028,0.0237,0.1864,0.0647,0.1816,0.077,0.035,0.0865,0.1423,0.0,0.2028
CT015121,Zone_04,Zone_08,0.2123,0.131,0.1031,0.1193,0.0837,0.071,0.0,0.1396,0.2123,0.0,0.1402
CT017533,Zone_01,Zone_10,0.2942,0.0,0.2163,0.0939,0.0658,0.0,0.0,0.2511,0.0787,0.0,0.2942
CT016531,Zone_08,Zone_05,0.7884,0.0,0.0954,0.0,0.1162,0.7884,0.0,0.0,0.0,0.0,0.0
CT005776,Zone_02,Zone_10,0.4369,0.2041,0.0,0.0,0.1956,0.0,0.0,0.0466,0.1168,0.0,0.4369
CT009633,Zone_04,Zone_05,0.2784,0.1402,0.1348,0.1276,0.0448,0.2784,0.023,0.1031,0.098,0.0,0.05
CT015682,Zone_08,Zone_05,0.1586,0.0976,0.1097,0.1048,0.0868,0.1586,0.144,0.0923,0.0718,0.0,0.1343
CT007555,Zone_08,Zone_09,0.6237,0.0584,0.0689,0.0399,0.056,0.0,0.0,0.0467,0.0752,0.6237,0.0313
CT009636,Zone_02,Zone_01,0.1141,0.1141,0.0883,0.0883,0.1037,0.1139,0.1113,0.0978,0.0876,0.1007,0.0942
CT001676,Zone_10,Zone_03,0.5764,0.0,0.2656,0.5764,0.0809,0.0,0.0,0.0771,0.0,0.0,0.0
CT010219,Zone_02,Zone_10,0.1737,0.1025,0.1076,0.1342,0.1105,0.0972,0.0756,0.1131,0.0855,0.0,0.1737
CT008367,Zone_03,Zone_06,0.3213,0.0726,0.1142,0.0991,0.1391,0.118,0.3213,0.0166,0.0415,0.0,0.0777
CT002862,Zone_07,Zone_02,0.1388,0.0964,0.1388,0.1316,0.1033,0.0717,0.1277,0.11,0.1089,0.0262,0.0856
CT000102,Zone_07,Zone_06,0.3977,0.0,0.2121,0.1841,0.1291,0.0,0.3977,0.0,0.0771,0.0,0.0
CT005383,Zone_07,Zone_10,0.1973,0.0691,0.0181,0.1259,0.1546,0.1873,0.0,0.1158,0.1319,0.0,0.1973
CT012289,Zone_10,Zone_01,0.1141,0.1141,0.0883,0.0883,0.1037,0.1139,0.1113,0.0978,0.0876,0.1007,0.0942
CT007487,Zone_04,Zone_07,0.6763,0.0,0.0,0.0,0.2027,0.0,0.0,0.6763,0.121,0.0,0.0
CT014635,Zone_03,Zone_04,0.2819,0.0,0.2315,0.2009,0.2819,0.0,0.0,0.2015,0.0842,0.0,0.0
CT012661,Zone_10,Zone_01,0.1141,0.1141,0.0883,0.0883,0.1037,0.1139,0.1113,0.0978,0.0876,0.1007,0.0942
CT016463,Zone_03,Zone_01,0.1141,0.1141,0.0883,0.0883,0.1037,0.1139,0.1113,0.0978,0.0876,0.1007,0.0942
CT002361,Zone_07,Zone_10,0.1591,0.088,0.1265,0.116,0.1061,0.1035,0.0582,0.1351,0.1076,0.0,0.1591
CT005168,Zone_07,Zone_09,0.8072,0.0,0.0,0.0,0.0241,0.0,0.0744,0.0115,0.0288,0.8072,0.0539
CT008420,Zone_03,Zone_10,0.1249,0.1068,0.0762,0.1171,0.094,0.105,0.0696,0.1202,0.1066,0.0796,0.1249
CT013432,Zone_08,Zone_08,0.2333,0.1133,0.1069,0.0309,0.0868,0.2209,0.0334,0.0776,0.2333,0.0,0.0969
CT009528,Zone_03,Zone_10,0.1591,0.088,0.1265,0.116,0.1061,0.1035,0.0582,0.1351,0.1076,0.0,0.1591
CT009646,Zone_08,Zone_04,0.1457,0.1204,0.1446,0.1341,0.1457,0.0721,0.0841,0.1085,0.0888,0.0,0.1017
CT007356,Zone_05,Zone_05,0.3472,0.0712,0.056,0.0973,0.0,0.3472,0.1051,0.1301,0.0407,0.0,0.1524
CT007366,Zone_03,Zone_10,0.1249,0.1068,0.0762,0.1171,0.094,0.105,0.0696,0.1202,0.1066,0.0796,0.1249
CT006483,Zone_07,Zone_01,0.1141,0.1141,0.0883,0.0883,0.1037,0.1139,0.1113,0.0978,0.0876,0.1007,0.0942
CT005963,Zone_08,Zone_09,0.8072,0.0,0.0,0.0,0.0241,0.0,0.0744,0.0115,0.0288,0.8072,0.0539
CT005657,Zone_06,Zone_10,0.3503,0.0,0.2576,0.2236,0.0,0.0,0.0,0.0748,0.0937,0.0,0.3503
CT001604,Zone_07,Zone_09,0.8309,0.0,0.0,0.0,0.0,0.0,0.0,0.0355,0.1336,0.8309,0.0
CT001776,Zone_07,Zone_01,0.1141,0.1141,0.0883,0.0883,0.1037,0.1139,0.1113,0.0978,0.0876,0.1007,0.0942
CT002184,Zone_03,Zone_05,0.1586,0.0976,0.1097,0.1048,0.0868,0.1586,0.144,0.0923,0.0718,0.0,0.1343
CT010406,Zone_01,Zone_02,0.2082,0.1323,0.2082,0.2033,0.0951,0.0,0.0488,0.1209,0.0852,0.0,0.1062
CT004360,Zone_07,Zone_02,0.1388,0.0964,0.1388,0.1316,0.1033,0.0717,0.1277,0.11,0.1089,0.0262,0.0856
CT019316,Zone_03,Zone_09,0.8624,0.0,0.0424,0.0368,0.0,0.0,0.0,0.0123,0.0462,0.8624,0.0
CT017514,Zone_04,Zone_05,0.2199,0.0773,0.1217,0.1452,0.0648,0.2199,0.1141,0.0883,0.1272,0.0,0.0414
CT015877,Zone_06,Zone_01,0.1141,0.1141,0.0883,0.0883,0.1037,0.1139,0.1113,0.0978,0.0876,0.1007,0.0942
CT009447,Zone_07,Zone_06,0.4281,0.0,0.2283,0.0,0.0,0.0,0.4281,0.0331,0.0,0.0,0.3105
CT002853,Zone_07,Zone_09,0.2122,0.1034,0.0876,0.1086,0.0609,0.0388,0.1056,0.1053,0.0842,0.2122,0.0936
CT003577,Zone_07,Zone_10,0.1249,0.1068,0.0762,0.1171,0.094,0.105,0.0696,0.1202,0.1066,0.0796,0.1249
CT007796,Zone_07,Zone_10,0.1591,0.088,0.1265,0.116,0.1061,0.1035,0.0582,0.1351,0.1076,0.0,0.1591
CT007836,Zone_04,Zone_01,0.1723,0.1723,0.0775,0.1009,0.1061,0.06,0.0908,0.0927,0.1549,0.0,0.1449
CT014447,Zone_08,Zone_10,0.1591,0.088,0.1265,0.116,0.1061,0.1035,0.0582,0.1351,0.1076,0.0,0.1591
CT000714,Zone_06,Zone_02,0.3951,0.3013,0.3951,0.0686,0.0,0.0,0.0,0.2064,0.0287,0.0,0.0
CT017037,Zone_10,Zone_10,0.1569,0.0838,0.0989,0.1073,0.1254,0.0511,0.1391,0.1267,0.1109,0.0,0.1569
CT013630,Zone_08,Zone_10,0.1737,0.1025,0.1076,0.1342,0.1105,0.0972,0.0756,0.1131,0.0855,0.0,0.1737
CT010660,Zone_08,Zone_09,0.3855,0.0181,0.1279,0.111,0.0432,0.0,0.1066,0.1072,0.062,0.3855,0.0386
CT000052,Zone_02,Zone_02,0.1388,0.0964,0.1388,0.1316,0.1033,0.0717,0.1277,0.11,0.1089,0.0262,0.0856
CT019391,Zone_04,Zone_03,0.197,0.0961,0.0908,0.197,0.129,0.0625,0.0,0.1361,0.165,0.0,0.1235
CT017627,Zone_08,Zone_09,0.8434,0.0527,0.0414,0.0,0.0505,0.0,0.0,0.012,0.0,0.8434,0.0
CT001028,Zone_05,Zone_10,0.1591,0.088,0.1265,0.116,0.1061,0.1035,0.0582,0.1351,0.1076,0.0,0.1591
CT010703,Zone_03,Zone_05,0.2784,0.1402,0.1348,0.1276,0.0448,0.2784,0.023,0.1031,0.098,0.0,0.05
CT003315,Zone_04,Zone_01,0.1141,0.1141,0.0883,0.0883,0.1037,0.1139,0.1113,0.0978,0.0876,0.1007,0.0942
CT008272,Zone_03,Zone_01,0.1141,0.1141,0.0883,0.0883,0.1037,0.1139,0.1113,0.0978,0.0876,0.1007,0.0942
CT019381,Zone_02,Zone_09,0.1658,0.132,0.1039,0.0795,0.1041,0.0757,0.0916,0.0886,0.1088,0.1658,0.0498
CT006600,Zone_05,Zone_09,0.2122,0.1034,0.0876,0.1086,0.0609,0.0388,0.1056,0.1053,0.0842,0.2122,0.0936
CT006128,Zone_02,Zone_02,0.4382,0.0,0.4382,0.2852,0.1334,0.0,0.0,0.0636,0.0797,0.0,0.0
CT009926,Zone_10,Zone_02,0.657,0.0,0.657,0.0,0.2,0.0,0.0,0.143,0.0,0.0,0.0
CT001353,Zone_04,Zone_01,0.1141,0.1141,0.0883,0.0883,0.1037,0.1139,0.1113,0.0978,0.0876,0.1007,0.0942
CT002561,Zone_08,Zone_10,0.4228,0.0,0.3109,0.0,0.0631,0.0,0.0,0.0902,0.113,0.0,0.4228
CT000322,Zone_08,Zone_10,0.1249,0.1068,0.0762,0.1171,0.094,0.105,0.0696,0.1202,0.1066,0.0796,0.1249
CT011146,Zone_07,Zone_02,0.1388,0.0964,0.1388,0.1316,0.1033,0.0717,0.1277,0.11,0.1089,0.0262,0.0856
CT005484,Zone_05,Zone_02,0.2493,0.1056,0.2493,0.101,0.0911,0.0,0.2182,0.0868,0.1027,0.0,0.0452
CT001103,Zone_07,Zone_06,0.5426,0.0,0.1447,0.0,0.1762,0.0,0.5426,0.084,0.0526,0.0,0.0
CT011025,Zone_04,Zone_01,0.1141,0.1141,0.0883,0.0883,0.1037,0.1139,0.1113,0.0978,0.0876,0.1007,0.0942
CT011359,Zone_01,Zone_05,0.2199,0.0773,0.1217,0.1452,0.0648,0.2199,0.1141,0.0883,0.1272,0.0,0.0414
CT014082,Zone_03,Zone_01,0.1141,0.1141,0.0883,0.0883,0.1037,0.1139,0.1113,0.0978,0.0876,0.1007,0.0942
CT001252,Zone_03,Zone_06,0.4698,0.0,0.0,0.0,0.4575,0.0,0.4698,0.0727,0.0,0.0,0.0
CT004098,Zone_08,Zone_10,0.4151,0.0,0.0,0.0,0.1858,0.0,0.0,0.1771,0.222,0.0,0.4151
CT010098,Zone_10,Zone_01,0.6249,0.6249,0.0,0.0,0.0,0.0,0.0,0.107,0.2681,0.0,0.0
CT007311,Zone_05,Zone_05,0.1425,0.1169,0.1117,0.0884,0.088,0.1425,0.1232,0.1011,0.1075,0.0223,0.0983
CT004684,Zone_08,Zone_03,0.8101,0.0,0.0,0.8101,0.0,0.0,0.0,0.0542,0.1357,0.0,0.0
CT013783,Zone_07,Zone_04,0.2078,0.1928,0.0569,0.0823,0.2078,0.0783,0.0356,0.1706,0.1241,0.0,0.0516
CT015509,Zone_03,Zone_01,0.1141,0.1141,0.0883,0.0883,0.1037,0.1139,0.1113,0.0978,0.0876,0.1007,0.0942
CT014916,Zone_01,Zone_05,0.2784,0.1402,0.1348,0.1276,0.0448,0.2784,0.023,0.1031,0.098,0.0,0.05
CT006085,Zone_03,Zone_09,0.5335,0.0,0.0,0.0341,0.1197,0.0,0.0737,0.1141,0.0715,0.5335,0.0535
CT011541,Zone_07,Zone_01,0.1141,0.1141,0.0883,0.0883,0.1037,0.1139,0.1113,0.0978,0.0876,0.1007,0.0942
CT014396,Zone_01,Zone_07,1.0,0.0,0.0,0.0,0.0,0.0,0.0,1.0,0.0,0.0,0.0
CT004921,Zone_05,Zone_02,0.1388,0.0964,0.1388,0.1316,0.1033,0.0717,0.1277,0.11,0.1089,0.0262,0.0856
CT012287,Zone_07,Zone_02,0.7146,0.0,0.7146,0.0,0.0,0.0,0.0,0.1555,0.1299,0.0,0.0
CT012410,Zone_07,Zone_10,0.1973,0.0691,0.0181,0.1259,0.1546,0.1873,0.0,0.1158,0.1319,0.0,0.1973
CT012359,Zone_06,Zone_01,0.1723,0.1723,0.0775,0.1009,0.1061,0.06,0.0908,0.0927,0.1549,0.0,0.1449
CT006848,Zone_08,Zone_05,0.1425,0.1169,0.1117,0.0884,0.088,0.1425,0.1232,0.1011,0.1075,0.0223,0.0983
CT015402,Zone_05,Zone_10,0.3555,0.0,0.0,0.2269,0.0,0.0,0.0,0.2276,0.1901,0.0,0.3555
CT014963,Zone_02,Zone_05,0.231,0.0474,0.1118,0.0971,0.0454,0.231,0.2097,0.0649,0.0407,0.0,0.1521
CT012127,Zone_04,Zone_08,0.2525,0.1961,0.0772,0.067,0.047,0.0797,0.0,0.1232,0.2525,0.0,0.1574
CT006397,Zone_07,Zone_10,0.1591,0.088,0.1265,0.116,0.1061,0.1035,0.0582,0.1351,0.1076,0.0,0.1591
CT004945,Zone_07,Zone_10,0.1249,0.1068,0.0762,0.1171,0.094,0.105,0.0696,0.1202,0.1066,0.0796,0.1249
CT019370,Zone_07,Zone_10,0.1591,0.088,0.1265,0.116,0.1061,0.1035,0.0582,0.1351,0.1076,0.0,0.1591
CT011784,Zone_08,Zone_02,0.1388,0.0964,0.1388,0.1316,0.1033,0.0717,0.1277,0.11,0.1089,0.0262,0.0856
CT008605,Zone_08,Zone_05,0.1586,0.0976,0.1097,0.1048,0.0868,0.1586,0.144,0.0923,0.0718,0.0,0.1343
CT015199,Zone_03,Zone_02,0.1388,0.0964,0.1388,0.1316,0.1033,0.0717,0.1277,0.11,0.1089,0.0262,0.0856
CT019332,Zone_07,Zone_06,0.2024,0.0915,0.1439,0.0625,0.1314,0.0743,0.2024,0.1044,0.0916,0.0,0.0979
CT009119,Zone_08,Zone_09,0.4326,0.0608,0.0159,0.0968,0.0582,0.0329,0.0299,0.0601,0.1043,0.4326,0.1084
CT006581,Zone_07,Zone_04,0.2332,0.0304,0.1676,0.0623,0.2332,0.0495,0.0898,0.1389,0.1306,0.0,0.0977
CT005589,Zone_08,Zone_01,0.2019,0.2019,0.0927,0.1839,0.0887,0.0273,0.0993,0.1114,0.0867,0.0,0.108
CT006872,Zone_08,Zone_09,0.8567,0.0535,0.0,0.0,0.0256,0.0,0.0,0.0489,0.0153,0.8567,0.0
CT008563,Zone_07,Zone_08,0.6527,0.0,0.0,0.0,0.0,0.0,0.0,0.3473,0.6527,0.0,0.0
CT011130,Zone_07,Zone_01,0.1507,0.1507,0.0996,0.1317,0.1126,0.0392,0.0978,0.1046,0.1155,0.0322,0.1161
CT003852,Zone_04,Zone_06,0.224,0.1619,0.0637,0.0899,0.0776,0.0658,0.224,0.1017,0.1071,0.0,0.1083
CT007623,Zone_03,Zone_06,0.2647,0.0,0.0941,0.2042,0.0573,0.0,0.2647,0.1365,0.0513,0.0,0.1919
CT015828,Zone_07,Zone_05,0.1425,0.1169,0.1117,0.0884,0.088,0.1425,0.1232,0.1011,0.1075,0.0223,0.0983
CT016460,Zone_04,Zone_10,0.1249,0.1068,0.0762,0.1171,0.094,0.105,0.0696,0.1202,0.1066,0.0796,0.1249
CT009274,Zone_07,Zone_10,0.1249,0.1068,0.0762,0.1171,0.094,0.105,0.0696,0.1202,0.1066,0.0796,0.1249
CT008660,Zone_08,Zone_06,0.3348,0.2269,0.1786,0.0,0.0,0.0,0.3348,0.0,0.2597,0.0,0.0
CT005494,Zone_04,Zone_10,0.1591,0.088,0.1265,0.116,0.1061,0.1035,0.0582,0.1351,0.1076,0.0,0.1591
CT011753,Zone_08,Zone_10,0.2151,0.1675,0.0659,0.0687,0.1284,0.0545,0.0989,0.1339,0.0671,0.0,0.2151
CT012187,Zone_02,Zone_02,0.1388,0.0964,0.1388,0.1316,0.1033,0.0717,0.1277,0.11,0.1089,0.0262,0.0856
CT014550,Zone_02,Zone_04,0.2078,0.1928,0.0569,0.0823,0.2078,0.0783,0.0356,0.1706,0.1241,0.0,0.0516
CT018968,Zone_07,Zone_06,0.6329,0.0,0.0,0.1465,0.0,0.0,0.6329,0.0979,0.1227,0.0,0.0
CT014013,Zone_07,Zone_01,0.1507,0.1507,0.0996,0.1317,0.1126,0.0392,0.0978,0.1046,0.1155,0.0322,0.1161
CT014086,Zone_04,Zone_10,0.1249,0.1068,0.0762,0.1171,0.094,0.105,0.0696,0.1202,0.1066,0.0796,0.1249
CT018953,Zone_06,Zone_01,0.1507,0.1507,0.0996,0.1317,0.1126,0.0392,0.0978,0.1046,0.1155,0.0322,0.1161
CT004587,Zone_07,Zone_01,0.1141,0.1141,0.0883,0.0883,0.1037,0.1139,0.1113,0.0978,0.0876,0.1007,0.0942
CT015242,Zone_07,Zone_10,0.1591,0.088,0.1265,0.116,0.1061,0.1035,0.0582,0.1351,0.1076,0.0,0.1591
CT007558,Zone_04,Zone_01,0.1403,0.1403,0.0759,0.1078,0.1092,0.114,0.1293,0.1201,0.1003,0.0,0.1032
CT018485,Zone_07,Zone_10,0.1973,0.0691,0.0181,0.1259,0.1546,0.1873,0.0,0.1158,0.1319,0.0,0.1973
CT019026,Zone_07,Zone_01,0.648,0.648,0.0,0.0,0.0,0.0,0.0,0.074,0.2781,0.0,0.0
CT007057,Zone_07,Zone_01,0.2463,0.2463,0.1938,0.0,0.236,0.0,0.0,0.1125,0.2114,0.0,0.0
CT000573,Zone_08,Zone_09,0.6395,0.0,0.0,0.0818,0.0,0.0,0.0,0.082,0.0685,0.6395,0.1282
CT004311,Zone_07,Zone_03,0.2748,0.0,0.1583,0.2748,0.0964,0.0,0.1484,0.0919,0.2302,0.0,0.0
CT010248,Zone_05,Zone_01,0.3759,0.3759,0.0,0.2567,0.09,0.0,0.2773,0.0,0.0,0.0,0.0
CT008680,Zone_07,Zone_08,0.2333,0.1133,0.1069,0.0309,0.0868,0.2209,0.0334,0.0776,0.2333,0.0,0.0969
CT014852,Zone_07,Zone_02,0.1388,0.0964,0.1388,0.1316,0.1033,0.0717,0.1277,0.11,0.1089,0.0262,0.0856
CT009878,Zone_07,Zone_03,0.2748,0.0,0.1583,0.2748,0.0964,0.0,0.1484,0.0919,0.2302,0.0,0.0
CT017732,Zone_02,Zone_01,0.648,0.648,0.0,0.0,0.0,0.0,0.0,0.074,0.2781,0.0,0.0
CT012447,Zone_07,Zone_09,0.7718,0.0723,0.0,0.0,0.0,0.0,0.0,0.0165,0.062,0.7718,0.0773
CT018192,Zone_03,Zone_06,0.224,0.1619,0.0637,0.0899,0.0776,0.0658,0.224,0.1017,0.1071,0.0,0.1083
CT014768,Zone_08,Zone_01,0.337,0.337,0.0994,0.1438,0.1009,0.0,0.0,0.0962,0.1326,0.0,0.0901
CT018980,Zone_08,Zone_09,0.7402,0.0,0.1091,0.0,0.0,0.0,0.0,0.0317,0.119,0.7402,0.0
CT017075,Zone_08,Zone_01,0.1141,0.1141,0.0883,0.0883,0.1037,0.1139,0.1113,0.0978,0.0876,0.1007,0.0942
CT010812,Zone_08,Zone_09,0.5229,0.0,0.0,0.0669,0.0,0.1592,0.1445,0.0224,0.0841,0.5229,0.0
CT013717,Zone_08,Zone_04,0.1457,0.1204,0.1446,0.1341,0.1457,0.0721,0.0841,0.1085,0.0888,0.0,0.1017
CT012100,Zone_08,Zone_05,0.8307,0.0,0.0,0.0,0.0816,0.8307,0.0,0.0389,0.0487,0.0,0.0
CT002967,Zone_04,Zone_06,0.8311,0.0,0.0,0.0,0.0,0.0,0.8311,0.1286,0.0403,0.0,0.0
CT008202,Zone_10,Zone_03,0.3206,0.1304,0.1231,0.3206,0.1499,0.0424,0.0385,0.1429,0.0522,0.0,0.0
CT009506,Zone_08,Zone_06,0.4769,0.0,0.0,0.2207,0.1548,0.0,0.4769,0.1476,0.0,0.0,0.0
CT018480,Zone_03,Zone_03,0.3407,0.1663,0.0,0.3407,0.0398,0.0,0.0,0.2278,0.0476,0.0,0.1779
CT009950,Zone_07,Zone_02,0.1388,0.0964,0.1388,0.1316,0.1033,0.0717,0.1277,0.11,0.1089,0.0262,0.0856
CT005137,Zone_02,Zone_10,0.5595,0.2614,0.0,0.0,0.0,0.0,0.0,0.1791,0.0,0.0,0.5595
CT002043,Zone_08,Zone_02,0.1601,0.0872,0.1601,0.1191,0.0835,0.1417,0.0,0.1261,0.158,0.0,0.1244
CT006956,Zone_08,Zone_01,0.1141,0.1141,0.0883,0.0883,0.1037,0.1139,0.1113,0.0978,0.0876,0.1007,0.0942
CT003442,Zone_01,Zone_02,0.1601,0.0872,0.1601,0.1191,0.0835,0.1417,0.0,0.1261,0.158,0.0,0.1244
CT017824,Zone_07,Zone_10,0.1591,0.088,0.1265,0.116,0.1061,0.1035,0.0582,0.1351,0.1076,0.0,0.1591
CT013005,Zone_08,Zone_04,0.2556,0.0,0.18,0.2083,0.2556,0.0,0.0,0.1219,0.1527,0.0,0.0816
CT006435,Zone_07,Zone_06,0.5372,0.0,0.0,0.0,0.1744,0.0,0.5372,0.0416,0.0521,0.0,0.1948
CT014886,Zone_07,Zone_03,0.1402,0.1303,0.1153,0.1402,0.1202,0.0953,0.0817,0.093,0.109,0.0174,0.0976
CT015690,Zone_10,Zone_01,0.2019,0.2019,0.0927,0.1839,0.0887,0.0273,0.0993,0.1114,0.0867,0.0,0.108
CT019298,Zone_07,Zone_10,0.1591,0.088,0.1265,0.116,0.1061,0.1035,0.0582,0.1351,0.1076,0.0,0.1591
CT001736,Zone_07,Zone_01,0.1723,0.1723,0.0775,0.1009,0.1061,0.06,0.0908,0.0927,0.1549,0.0,0.1449
CT015709,Zone_04,Zone_01,0.1141,0.1141,0.0883,0.0883,0.1037,0.1139,0.1113,0.0978,0.0876,0.1007,0.0942
CT018558,Zone_01,Zone_10,0.452,0.0,0.0,0.1443,0.0,0.3433,0.0,0.0,0.0604,0.0,0.452
CT012394,Zone_02,Zone_06,0.3144,0.0,0.0,0.291,0.1021,0.0,0.3144,0.0487,0.2438,0.0,0.0
CT014824,Zone_06,Zone_02,0.1388,0.0964,0.1388,0.1316,0.1033,0.0717,0.1277,0.11,0.1089,0.0262,0.0856
CT012795,Zone_01,Zone_10,0.1569,0.0838,0.0989,0.1073,0.1254,0.0511,0.1391,0.1267,0.1109,0.0,0.1569
CT005809,Zone_02,Zone_01,0.1507,0.1507,0.0996,0.1317,0.1126,0.0392,0.0978,0.1046,0.1155,0.0322,0.1161
CT019615,Zone_04,Zone_04,0.3056,0.2126,0.0558,0.0,0.3056,0.1152,0.0,0.1133,0.1217,0.0,0.0758
CT014388,Zone_08,Zone_03,0.1402,0.1303,0.1153,0.1402,0.1202,0.0953,0.0817,0.093,0.109,0.0174,0.0976
CT016434,Zone_06,Zone_03,0.1402,0.1303,0.1153,0.1402,0.1202,0.0953,0.0817,0.093,0.109,0.0174,0.0976
CT000327,Zone_07,Zone_04,0.3924,0.0,0.0,0.2797,0.3924,0.0,0.0,0.0935,0.2344,0.0,0.0
CT013675,Zone_07,Zone_03,0.1402,0.1303,0.1153,0.1402,0.1202,0.0953,0.0817,0.093,0.109,0.0174,0.0976
CT005286,Zone_03,Zone_02,0.5163,0.0,0.5163,0.1494,0.2095,0.0,0.0,0.1248,0.0,0.0,0.0
CT016966,Zone_07,Zone_01,0.1141,0.1141,0.0883,0.0883,0.1037,0.1139,0.1113,0.0978,0.0876,0.1007,0.0942
CT008176,Zone_06,Zone_01,0.1141,0.1141,0.0883,0.0883,0.1037,0.1139,0.1113,0.0978,0.0876,0.1007,0.0942
CT008244,Zone_05,Zone_01,0.1723,0.1723,0.0775,0.1009,0.1061,0.06,0.0908,0.0927,0.1549,0.0,0.1449
CT002473,Zone_08,Zone_02,0.1601,0.0872,0.1601,0.1191,0.0835,0.1417,0.0,0.1261,0.158,0.0,0.1244
CT001855,Zone_07,Zone_01,0.1141,0.1141,0.0883,0.0883,0.1037,0.1139,0.1113,0.0978,0.0876,0.1007,0.0942
CT005475,Zone_08,Zone_04,0.3924,0.0,0.0,0.2797,0.3924,0.0,0.0,0.0935,0.2344,0.0,0.0
CT015934,Zone_10,Zone_02,0.3341,0.0,0.3341,0.0414,0.2034,0.0986,0.0,0.0969,0.2256,0.0,0.0
CT006628,Zone_08,Zone_03,0.1402,0.1303,0.1153,0.1402,0.1202,0.0953,0.0817,0.093,0.109,0.0174,0.0976
CT012025,Zone_07,Zone_10,0.1249,0.1068,0.0762,0.1171,0.094,0.105,0.0696,0.1202,0.1066,0.0796,0.1249
CT019266,Zone_06,Zone_10,0.2834,0.0,0.0,0.1809,0.1269,0.0,0.0,0.1814,0.2273,0.0,0.2834
CT010615,Zone_07,Zone_01,0.1141,0.1141,0.0883,0.0883,0.1037,0.1139,0.1113,0.0978,0.0876,0.1007,0.0942
CT009226,Zone_07,Zone_02,0.1388,0.0964,0.1388,0.1316,0.1033,0.0717,0.1277,0.11,0.1089,0.0262,0.0856
CT013100,Zone_05,Zone_01,0.5693,0.5693,0.0,0.0,0.0,0.0,0.0,0.1733,0.0543,0.0,0.2031
CT008225,Zone_04,Zone_10,0.2151,0.1675,0.0659,0.0687,0.1284,0.0545,0.0989,0.1339,0.0671,0.0,0.2151
CT016089,Zone_07,Zone_08,0.5482,0.0,0.0,0.0,0.306,0.0,0.0,0.1458,0.5482,0.0,0.0
CT019846,Zone_04,Zone_04,0.2242,0.117,0.1381,0.1199,0.2242,0.0951,0.0,0.0801,0.1004,0.0,0.1252
CT000487,Zone_08,Zone_01,0.1723,0.1723,0.0775,0.1009,0.1061,0.06,0.0908,0.0927,0.1549,0.0,0.1449
CT015888,Zone_03,Zone_01,0.1141,0.1141,0.0883,0.0883,0.1037,0.1139,0.1113,0.0978,0.0876,0.1007,0.0942
CT012030,Zone_07,Zone_04,0.1798,0.0577,0.1136,0.1578,0.1798,0.0469,0.0852,0.1352,0.1156,0.0,0.1081
CT002869,Zone_10,Zone_10,0.2028,0.0237,0.1864,0.0647,0.1816,0.077,0.035,0.0865,0.1423,0.0,0.2028
CT019107,Zone_07,Zone_01,0.2463,0.2463,0.1938,0.0,0.236,0.0,0.0,0.1125,0.2114,0.0,0.0
CT012004,Zone_09,Zone_05,0.523,0.1609,0.0,0.0,0.0771,0.523,0.0,0.147,0.0921,0.0,0.0
CT001056,Zone_08,Zone_01,0.1141,0.1141,0.0883,0.0883,0.1037,0.1139,0.1113,0.0978,0.0876,0.1007,0.0942
CT015614,Zone_02,Zone_09,0.8567,0.0535,0.0,0.0,0.0256,0.0,0.0,0.0489,0.0153,0.8567,0.0
CT011505,Zone_07,Zone_01,0.1141,0.1141,0.0883,0.0883,0.1037,0.1139,0.1113,0.0978,0.0876,0.1007,0.0942
CT019745,Zone_01,Zone_05,0.2043,0.1109,0.0815,0.0859,0.0815,0.2043,0.0764,0.0962,0.0973,0.079,0.087
CT019455,Zone_08,Zone_10,0.1249,0.1068,0.0762,0.1171,0.094,0.105,0.0696,0.1202,0.1066,0.0796,0.1249
CT005040,Zone_07,Zone_01,0.1141,0.1141,0.0883,0.0883,0.1037,0.1139,0.1113,0.0978,0.0876,0.1007,0.0942
CT008970,Zone_07,Zone_05,0.3408,0.0,0.0,0.1074,0.2009,0.3408,0.0,0.1077,0.075,0.0,0.1683
CT009631,Zone_07,Zone_05,0.1586,0.0976,0.1097,0.1048,0.0868,0.1586,0.144,0.0923,0.0718,0.0,0.1343
CT013859,Zone_07,Zone_09,0.8546,0.0,0.0,0.0,0.0767,0.0,0.0,0.0,0.0687,0.8546,0.0
CT010244,Zone_04,Zone_03,0.1402,0.1303,0.1153,0.1402,0.1202,0.0953,0.0817,0.093,0.109,0.0174,0.0976
CT002195,Zone_07,Zone_01,0.1141,0.1141,0.0883,0.0883,0.1037,0.1139,0.1113,0.0978,0.0876,0.1007,0.0942
CT014923,Zone_05,Zone_01,0.1141,0.1141,0.0883,0.0883,0.1037,0.1139,0.1113,0.0978,0.0876,0.1007,0.0942
CT013754,Zone_03,Zone_01,0.1141,0.1141,0.0883,0.0883,0.1037,0.1139,0.1113,0.0978,0.0876,0.1007,0.0942
CT009731,Zone_04,Zone_04,0.6593,0.0,0.0,0.0,0.6593,0.0,0.0,0.2095,0.1312,0.0,0.0
CT011796,Zone_08,Zone_01,0.1141,0.1141,0.0883,0.0883,0.1037,0.1139,0.1113,0.0978,0.0876,0.1007,0.0942
CT008277,Zone_08,Zone_05,0.3582,0.0,0.0,0.0,0.3167,0.3582,0.3252,0.0,0.0,0.0,0.0
CT011177,Zone_08,Zone_02,0.4189,0.0,0.4189,0.0,0.1275,0.0,0.3928,0.0608,0.0,0.0,0.0
CT018164,Zone_07,Zone_06,0.1824,0.0742,0.0876,0.1013,0.0888,0.1406,0.1824,0.0903,0.1026,0.066,0.0661
CT015404,Zone_08,Zone_02,0.1388,0.0964,0.1388,0.1316,0.1033,0.0717,0.1277,0.11,0.1089,0.0262,0.0856
CT011406,Zone_08,Zone_01,0.1141,0.1141,0.0883,0.0883,0.1037,0.1139,0.1113,0.0978,0.0876,0.1007,0.0942
CT005337,Zone_08,Zone_02,0.1388,0.0964,0.1388,0.1316,0.1033,0.0717,0.1277,0.11,0.1089,0.0262,0.0856
CT013059,Zone_08,Zone_01,0.1141,0.1141,0.0883,0.0883,0.1037,0.1139,0.1113,0.0978,0.0876,0.1007,0.0942
CT019856,Zone_01,Zone_01,0.1141,0.1141,0.0883,0.0883,0.1037,0.1139,0.1113,0.0978,0.0876,0.1007,0.0942
CT015549,Zone_07,Zone_01,0.3192,0.3192,0.0,0.218,0.1529,0.0,0.0,0.2186,0.0913,0.0,0.0
CT018322,Zone_08,Zone_01,0.1141,0.1141,0.0883,0.0883,0.1037,0.1139,0.1113,0.0978,0.0876,0.1007,0.0942
CT015866,Zone_03,Zone_03,0.1402,0.1303,0.1153,0.1402,0.1202,0.0953,0.0817,0.093,0.109,0.0174,0.0976
CT004840,Zone_03,Zone_10,0.1591,0.088,0.1265,0.116,0.1061,0.1035,0.0582,0.1351,0.1076,0.0,0.1591
CT019831,Zone_08,Zone_05,0.1425,0.1169,0.1117,0.0884,0.088,0.1425,0.1232,0.1011,0.1075,0.0223,0.0983
CT000584,Zone_05,Zone_03,0.1402,0.1303,0.1153,0.1402,0.1202,0.0953,0.0817,0.093,0.109,0.0174,0.0976
CT002715,Zone_07,Zone_10,0.6691,0.0,0.164,0.0,0.0,0.0,0.0,0.0476,0.1193,0.0,0.6691
CT008232,Zone_01,Zone_02,0.1388,0.0964,0.1388,0.1316,0.1033,0.0717,0.1277,0.11,0.1089,0.0262,0.0856
CT013894,Zone_08,Zone_03,0.4206,0.0,0.0,0.4206,0.0983,0.0,0.0,0.1875,0.2936,0.0,0.0
CT017287,Zone_07,Zone_02,0.3867,0.1229,0.3867,0.0559,0.0392,0.0,0.0604,0.159,0.1758,0.0,0.0
CT014399,Zone_01,Zone_06,0.3782,0.2563,0.0,0.1751,0.0,0.0,0.3782,0.1171,0.0733,0.0,0.0
CT000737,Zone_01,Zone_01,0.648,0.648,0.0,0.0,0.0,0.0,0.0,0.074,0.2781,0.0,0.0
CT002456,Zone_07,Zone_10,0.1591,0.088,0.1265,0.116,0.1061,0.1035,0.0582,0.1351,0.1076,0.0,0.1591
CT007087,Zone_07,Zone_03,0.197,0.0961,0.0908,0.197,0.129,0.0625,0.0,0.1361,0.165,0.0,0.1235
CT018088,Zone_07,Zone_09,0.7569,0.0,0.0,0.0,0.034,0.0,0.2092,0.0,0.0,0.7569,0.0
CT018167,Zone_10,Zone_10,0.3728,0.3484,0.0,0.0,0.0,0.0,0.0,0.0795,0.1993,0.0,0.3728
CT000427,Zone_04,Zone_10,0.1591,0.088,0.1265,0.116,0.1061,0.1035,0.0582,0.1351,0.1076,0.0,0.1591
CT008322,Zone_08,Zone_10,0.1249,0.1068,0.0762,0.1171,0.094,0.105,0.0696,0.1202,0.1066,0.0796,0.1249
CT010503,Zone_01,Zone_10,0.3295,0.0,0.2423,0.2103,0.1475,0.0,0.0,0.0703,0.0,0.0,0.3295
CT015277,Zone_01,Zone_02,0.166,0.1356,0.166,0.0926,0.13,0.0735,0.1334,0.0654,0.0905,0.0,0.1129
CT011340,Zone_01,Zone_05,0.1425,0.1169,0.1117,0.0884,0.088,0.1425,0.1232,0.1011,0.1075,0.0223,0.0983
CT018592,Zone_04,Zone_02,0.3119,0.0,0.3119,0.0,0.1899,0.0,0.0,0.2715,0.2268,0.0,0.0
CT012430,Zone_08,Zone_04,0.2556,0.0,0.18,0.2083,0.2556,0.0,0.0,0.1219,0.1527,0.0,0.0816
CT006697,Zone_04,Zone_02,0.1388,0.0964,0.1388,0.1316,0.1033,0.0717,0.1277,0.11,0.1089,0.0262,0.0856
CT008012,Zone_08,Zone_10,0.1249,0.1068,0.0762,0.1171,0.094,0.105,0.0696,0.1202,0.1066,0.0796,0.1249
CT018561,Zone_08,Zone_09,0.5335,0.0,0.0,0.0341,0.1197,0.0,0.0737,0.1141,0.0715,0.5335,0.0535
CT002003,Zone_10,Zone_09,0.6957,0.0,0.0,0.267,0.0,0.0,0.0,0.0,0.0373,0.6957,0.0
CT017050,Zone_02,Zone_10,0.3029,0.1348,0.1061,0.1013,0.0646,0.0219,0.0597,0.1047,0.1041,0.0,0.3029
CT004540,Zone_05,Zone_10,0.1855,0.1733,0.0341,0.1184,0.1453,0.0,0.1279,0.0792,0.1364,0.0,0.1855
CT002668,Zone_02,Zone_10,0.1249,0.1068,0.0762,0.1171,0.094,0.105,0.0696,0.1202,0.1066,0.0796,0.1249
CT001412,Zone_10,Zone_10,0.1973,0.0691,0.0181,0.1259,0.1546,0.1873,0.0,0.1158,0.1319,0.0,0.1973
CT002754,Zone_03,Zone_10,0.3555,0.0,0.0,0.2269,0.0,0.0,0.0,0.2276,0.1901,0.0,0.3555
CT000839,Zone_08,Zone_10,0.3728,0.3484,0.0,0.0,0.0,0.0,0.0,0.0795,0.1993,0.0,0.3728
CT002311,Zone_09,Zone_10,0.4627,0.0,0.3403,0.1477,0.0,0.0,0.0,0.0494,0.0,0.0,0.4627
CT007775,Zone_08,Zone_10,0.1737,0.1025,0.1076,0.1342,0.1105,0.0972,0.0756,0.1131,0.0855,0.0,0.1737
CT017053,Zone_07,Zone_04,0.1457,0.1204,0.1446,0.1341,0.1457,0.0721,0.0841,0.1085,0.0888,0.0,0.1017
CT008233,Zone_06,Zone_09,0.6871,0.0,0.0,0.0879,0.0,0.1046,0.0,0.0147,0.0368,0.6871,0.0689
CT011366,Zone_06,Zone_10,0.1249,0.1068,0.0762,0.1171,0.094,0.105,0.0696,0.1202,0.1066,0.0796,0.1249
CT010243,Zone_04,Zone_08,0.2333,0.1133,0.1069,0.0309,0.0868,0.2209,0.0334,0.0776,0.2333,0.0,0.0969
CT017671,Zone_08,Zone_02,0.1388,0.0964,0.1388,0.1316,0.1033,0.0717,0.1277,0.11,0.1089,0.0262,0.0856
CT003248,Zone_07,Zone_01,0.1141,0.1141,0.0883,0.0883,0.1037,0.1139,0.1113,0.0978,0.0876,0.1007,0.0942
CT007111,Zone_10,Zone_02,0.1388,0.0964,0.1388,0.1316,0.1033,0.0717,0.1277,0.11,0.1089,0.0262,0.0856
CT016547,Zone_04,Zone_03,0.1402,0.1303,0.1153,0.1402,0.1202,0.0953,0.0817,0.093,0.109,0.0174,0.0976
CT009284,Zone_01,Zone_08,0.6373,0.0,0.0,0.2173,0.0,0.0,0.0,0.1453,0.6373,0.0,0.0
CT003263,Zone_02,Zone_10,0.2151,0.1675,0.0659,0.0687,0.1284,0.0545,0.0989,0.1339,0.0671,0.0,0.2151
CT012936,Zone_04,Zone_09,0.8461,0.0,0.0,0.0,0.0,0.0,0.0,0.1086,0.0453,0.8461,0.0
CT004961,Zone_03,Zone_05,0.1586,0.0976,0.1097,0.1048,0.0868,0.1586,0.144,0.0923,0.0718,0.0,0.1343
CT008511,Zone_04,Zone_02,0.1388,0.0964,0.1388,0.1316,0.1033,0.0717,0.1277,0.11,0.1089,0.0262,0.0856
CT012653,Zone_03,Zone_01,0.1141,0.1141,0.0883,0.0883,0.1037,0.1139,0.1113,0.0978,0.0876,0.1007,0.0942
CT013904,Zone_07,Zone_02,0.2082,0.1323,0.2082,0.2033,0.0951,0.0,0.0488,0.1209,0.0852,0.0,0.1062
CT004273,Zone_07,Zone_01,0.1141,0.1141,0.0883,0.0883,0.1037,0.1139,0.1113,0.0978,0.0876,0.1007,0.0942
CT008118,Zone_04,Zone_04,0.4332,0.0,0.0,0.4117,0.4332,0.0,0.0,0.0688,0.0862,0.0,0.0
CT008796,Zone_07,Zone_03,0.5856,0.0,0.0,0.5856,0.1369,0.0,0.0,0.1958,0.0818,0.0,0.0
CT019703,Zone_08,Zone_03,0.4206,0.0,0.0,0.4206,0.0983,0.0,0.0,0.1875,0.2936,0.0,0.0
CT005835,Zone_07,Zone_06,0.2102,0.1832,0.1121,0.0695,0.1073,0.0,0.2102,0.0604,0.1048,0.0,0.1525
CT014369,Zone_10,Zone_08,0.6373,0.0,0.0,0.2173,0.0,0.0,0.0,0.1453,0.6373,0.0,0.0
CT003366,Zone_04,Zone_09,0.8758,0.082,0.0,0.0,0.0,0.0,0.0,0.0187,0.0235,0.8758,0.0
CT010839,Zone_03,Zone_01,0.1141,0.1141,0.0883,0.0883,0.1037,0.1139,0.1113,0.0978,0.0876,0.1007,0.0942
CT017418,Zone_07,Zone_02,0.1388,0.0964,0.1388,0.1316,0.1033,0.0717,0.1277,0.11,0.1089,0.0262,0.0856
CT018039,Zone_07,Zone_02,0.1601,0.0872,0.1601,0.1191,0.0835,0.1417,0.0,0.1261,0.158,0.0,0.1244
CT007267,Zone_04,Zone_10,0.2089,0.0976,0.1536,0.0222,0.1403,0.1058,0.0,0.104,0.1676,0.0,0.2089
CT010795,Zone_03,Zone_10,0.2388,0.0837,0.0439,0.0571,0.1603,0.136,0.0412,0.1274,0.1117,0.0,0.2388
CT002191,Zone_03,Zone_10,0.2028,0.0237,0.1864,0.0647,0.1816,0.077,0.035,0.0865,0.1423,0.0,0.2028
CT015316,Zone_07,Zone_09,0.2122,0.1034,0.0876,0.1086,0.0609,0.0388,0.1056,0.1053,0.0842,0.2122,0.0936
CT004035,Zone_03,Zone_04,0.1457,0.1204,0.1446,0.1341,0.1457,0.0721,0.0841,0.1085,0.0888,0.0,0.1017
CT008400,Zone_07,Zone_01,0.1403,0.1403,0.0759,0.1078,0.1092,0.114,0.1293,0.1201,0.1003,0.0,0.1032
CT015297,Zone_03,Zone_10,0.1591,0.088,0.1265,0.116,0.1061,0.1035,0.0582,0.1351,0.1076,0.0,0.1591
CT016871,Zone_10,Zone_10,0.3029,0.1348,0.1061,0.1013,0.0646,0.0219,0.0597,0.1047,0.1041,0.0,0.3029
CT012611,Zone_07,Zone_03,0.1402,0.1303,0.1153,0.1402,0.1202,0.0953,0.0817,0.093,0.109,0.0174,0.0976
CT018414,Zone_02,Zone_04,0.6861,0.0,0.0,0.0,0.6861,0.0,0.0,0.109,0.2049,0.0,0.0
CT017258,Zone_04,Zone_10,0.1737,0.1025,0.1076,0.1342,0.1105,0.0972,0.0756,0.1131,0.0855,0.0,0.1737
CT014932,Zone_01,Zone_03,0.1402,0.1303,0.1153,0.1402,0.1202,0.0953,0.0817,0.093,0.109,0.0174,0.0976
CT015310,Zone_04,Zone_06,0.1863,0.1052,0.0331,0.115,0.1311,0.0342,0.1863,0.1153,0.1445,0.0,0.1351
CT014226,Zone_10,Zone_03,0.1402,0.1303,0.1153,0.1402,0.1202,0.0953,0.0817,0.093,0.109,0.0174,0.0976
CT010508,Zone_03,Zone_06,0.2102,0.1832,0.1121,0.0695,0.1073,0.0,0.2102,0.0604,0.1048,0.0,0.1525
CT006627,Zone_08,Zone_10,0.5541,0.0,0.2037,0.0,0.124,0.0,0.0,0.1182,0.0,0.0,0.5541
CT002688,Zone_08,Zone_01,0.1141,0.1141,0.0883,0.0883,0.1037,0.1139,0.1113,0.0978,0.0876,0.1007,0.0942
CT009669,Zone_06,Zone_05,0.3132,0.0,0.3033,0.0,0.0,0.3132,0.2844,0.044,0.0551,0.0,0.0
CT012969,Zone_02,Zone_01,0.1141,0.1141,0.0883,0.0883,0.1037,0.1139,0.1113,0.0978,0.0876,0.1007,0.0942
CT018299,Zone_07,Zone_09,0.5341,0.2001,0.0787,0.0,0.0,0.0,0.0,0.0228,0.0572,0.5341,0.107
CT011243,Zone_07,Zone_01,0.1141,0.1141,0.0883,0.0883,0.1037,0.1139,0.1113,0.0978,0.0876,0.1007,0.0942
CT009304,Zone_07,Zone_02,0.1388,0.0964,0.1388,0.1316,0.1033,0.0717,0.1277,0.11,0.1089,0.0262,0.0856
CT007916,Zone_10,Zone_01,0.2017,0.2017,0.1299,0.1879,0.0527,0.0894,0.0812,0.1131,0.1049,0.0,0.0392
CT019588,Zone_04,Zone_03,0.4143,0.0,0.2386,0.4143,0.0,0.0,0.0,0.0,0.3471,0.0,0.0
CT004764,Zone_07,Zone_10,0.1249,0.1068,0.0762,0.1171,0.094,0.105,0.0696,0.1202,0.1066,0.0796,0.1249
CT011164,Zone_10,Zone_06,0.3583,0.2428,0.0,0.0,0.2326,0.0,0.3583,0.1663,0.0,0.0,0.0
CT000371,Zone_07,Zone_01,0.1141,0.1141,0.0883,0.0883,0.1037,0.1139,0.1113,0.0978,0.0876,0.1007,0.0942
CT009564,Zone_07,Zone_05,0.1586,0.0976,0.1097,0.1048,0.0868,0.1586,0.144,0.0923,0.0718,0.0,0.1343
CT015301,Zone_03,Zone_10,0.1591,0.088,0.1265,0.116,0.1061,0.1035,0.0582,0.1351,0.1076,0.0,0.1591
CT003417,Zone_07,Zone_01,0.1141,0.1141,0.0883,0.0883,0.1037,0.1139,0.1113,0.0978,0.0876,0.1007,0.0942
CT002819,Zone_08,Zone_06,0.2918,0.1978,0.1556,0.0,0.0947,0.0,0.2918,0.0903,0.1697,0.0,0.0
CT017991,Zone_02,Zone_02,0.166,0.1356,0.166,0.0926,0.13,0.0735,0.1334,0.0654,0.0905,0.0,0.1129
CT018277,Zone_04,Zone_05,0.1743,0.1475,0.1161,0.0549,0.1092,0.1743,0.0396,0.1041,0.0537,0.1432,0.0574
CT008207,Zone_05,Zone_05,0.6673,0.0,0.0,0.0,0.0983,0.6673,0.0,0.2344,0.0,0.0,0.0
CT002328,Zone_01,Zone_01,0.1141,0.1141,0.0883,0.0883,0.1037,0.1139,0.1113,0.0978,0.0876,0.1007,0.0942
CT017127,Zone_04,Zone_03,0.197,0.0961,0.0908,0.197,0.129,0.0625,0.0,0.1361,0.165,0.0,0.1235
CT005729,Zone_06,Zone_05,0.2955,0.0,0.2861,0.2483,0.0871,0.2955,0.0,0.083,0.0,0.0,0.0
CT006738,Zone_08,Zone_01,0.2017,0.2017,0.1299,0.1879,0.0527,0.0894,0.0812,0.1131,0.1049,0.0,0.0392
CT007313,Zone_08,Zone_10,0.1569,0.0838,0.0989,0.1073,0.1254,0.0511,0.1391,0.1267,0.1109,0.0,0.1569
CT003514,Zone_10,Zone_10,0.2388,0.0837,0.0439,0.0571,0.1603,0.136,0.0412,0.1274,0.1117,0.0,0.2388
CT003779,Zone_07,Zone_10,0.1591,0.088,0.1265,0.116,0.1061,0.1035,0.0582,0.1351,0.1076,0.0,0.1591
CT010705,Zone_01,Zone_02,0.1388,0.0964,0.1388,0.1316,0.1033,0.0717,0.1277,0.11,0.1089,0.0262,0.0856
CT016455,Zone_03,Zone_03,0.1402,0.1303,0.1153,0.1402,0.1202,0.0953,0.0817,0.093,0.109,0.0174,0.0976
CT012672,Zone_06,Zone_07,0.1716,0.1378,0.1479,0.0428,0.09,0.1425,0.0555,0.1716,0.1183,0.0669,0.0268
CT000627,Zone_07,Zone_09,0.7277,0.0,0.0,0.0931,0.0,0.0,0.0,0.0622,0.117,0.7277,0.0
CT003870,Zone_08,Zone_01,0.1141,0.1141,0.0883,0.0883,0.1037,0.1139,0.1113,0.0978,0.0876,0.1007,0.0942
CT011939,Zone_04,Zone_10,0.1591,0.088,0.1265,0.116,0.1061,0.1035,0.0582,0.1351,0.1076,0.0,0.1591
CT016853,Zone_02,Zone_09,0.1658,0.132,0.1039,0.0795,0.1041,0.0757,0.0916,0.0886,0.1088,0.1658,0.0498
CT017578,Zone_02,Zone_06,0.809,0.0,0.0539,0.0,0.0,0.0,0.809,0.0782,0.0588,0.0,0.0
CT012818,Zone_07,Zone_05,0.4533,0.0,0.0732,0.3175,0.0445,0.4533,0.0,0.0849,0.0266,0.0,0.0
CT012290,Zone_04,Zone_10,0.1249,0.1068,0.0762,0.1171,0.094,0.105,0.0696,0.1202,0.1066,0.0796,0.1249
CT001289,Zone_08,Zone_10,0.4554,0.0,0.0,0.0,0.2039,0.0,0.0,0.0972,0.2435,0.0,0.4554
CT018636,Zone_07,Zone_02,0.2493,0.1056,0.2493,0.101,0.0911,0.0,0.2182,0.0868,0.1027,0.0,0.0452
CT018644,Zone_04,Zone_10,0.1591,0.088,0.1265,0.116,0.1061,0.1035,0.0582,0.1351,0.1076,0.0,0.1591
CT002098,Zone_08,Zone_10,0.4151,0.0,0.0,0.0,0.1858,0.0,0.0,0.1771,0.222,0.0,0.4151
CT010167,Zone_06,Zone_04,0.1457,0.1204,0.1446,0.1341,0.1457,0.0721,0.0841,0.1085,0.0888,0.0,0.1017
CT015097,Zone_08,Zone_02,0.1388,0.0964,0.1388,0.1316,0.1033,0.0717,0.1277,0.11,0.1089,0.0262,0.0856
CT019367,Zone_04,Zone_01,0.1141,0.1141,0.0883,0.0883,0.1037,0.1139,0.1113,0.0978,0.0876,0.1007,0.0942
CT006704,Zone_03,Zone_02,0.166,0.1356,0.166,0.0926,0.13,0.0735,0.1334,0.0654,0.0905,0.0,0.1129
CT018113,Zone_08,Zone_01,0.1141,0.1141,0.0883,0.0883,0.1037,0.1139,0.1113,0.0978,0.0876,0.1007,0.0942
CT007587,Zone_03,Zone_02,0.1388,0.0964,0.1388,0.1316,0.1033,0.0717,0.1277,0.11,0.1089,0.0262,0.0856
CT015729,Zone_06,Zone_09,0.1658,0.132,0.1039,0.0795,0.1041,0.0757,0.0916,0.0886,0.1088,0.1658,0.0498
CT006123,Zone_08,Zone_10,0.1737,0.1025,0.1076,0.1342,0.1105,0.0972,0.0756,0.1131,0.0855,0.0,0.1737
CT008104,Zone_08,Zone_03,0.1402,0.1303,0.1153,0.1402,0.1202,0.0953,0.0817,0.093,0.109,0.0174,0.0976
CT011614,Zone_07,Zone_01,0.1141,0.1141,0.0883,0.0883,0.1037,0.1139,0.1113,0.0978,0.0876,0.1007,0.0942
CT012529,Zone_08,Zone_05,0.1425,0.1169,0.1117,0.0884,0.088,0.1425,0.1232,0.1011,0.1075,0.0223,0.0983
CT005793,Zone_03,Zone_01,0.1507,0.1507,0.0996,0.1317,0.1126,0.0392,0.0978,0.1046,0.1155,0.0322,0.1161
CT010160,Zone_07,Zone_09,0.7522,0.0,0.0,0.0,0.135,0.0,0.0,0.0322,0.0806,0.7522,0.0
CT012390,Zone_07,Zone_07,0.1716,0.1378,0.1479,0.0428,0.09,0.1425,0.0555,0.1716,0.1183,0.0669,0.0268
CT006317,Zone_08,Zone_03,0.1402,0.1303,0.1153,0.1402,0.1202,0.0953,0.0817,0.093,0.109,0.0174,0.0976
CT004354,Zone_02,Zone_05,0.3041,0.0,0.1473,0.2556,0.0896,0.3041,0.0,0.0427,0.1606,0.0,0.0
CT018924,Zone_01,Zone_02,0.1388,0.0964,0.1388,0.1316,0.1033,0.0717,0.1277,0.11,0.1089,0.0262,0.0856
CT001710,Zone_04,Zone_10,0.1249,0.1068,0.0762,0.1171,0.094,0.105,0.0696,0.1202,0.1066,0.0796,0.1249
CT009989,Zone_04,Zone_06,0.5372,0.0,0.0,0.0,0.1744,0.0,0.5372,0.0416,0.0521,0.0,0.1948
CT012517,Zone_07,Zone_01,0.268,0.268,0.0,0.1464,0.1027,0.1742,0.0,0.0979,0.1533,0.0,0.0574
CT013695,Zone_01,Zone_01,0.1141,0.1141,0.0883,0.0883,0.1037,0.1139,0.1113,0.0978,0.0876,0.1007,0.0942
CT004105,Zone_06,Zone_01,0.1403,0.1403,0.0759,0.1078,0.1092,0.114,0.1293,0.1201,0.1003,0.0,0.1032
CT001482,Zone_02,Zone_06,0.6708,0.0,0.0,0.1552,0.1089,0.0,0.6708,0.0,0.065,0.0,0.0
CT017599,Zone_03,Zone_01,0.1141,0.1141,0.0883,0.0883,0.1037,0.1139,0.1113,0.0978,0.0876,0.1007,0.0942
CT014961,Zone_04,Zone_10,0.3555,0.0,0.0,0.2269,0.0,0.0,0.0,0.2276,0.1901,0.0,0.3555
CT000886,Zone_05,Zone_04,0.1798,0.0577,0.1136,0.1578,0.1798,0.0469,0.0852,0.1352,0.1156,0.0,0.1081
CT003517,Zone_07,Zone_10,0.1249,0.1068,0.0762,0.1171,0.094,0.105,0.0696,0.1202,0.1066,0.0796,0.1249
CT007880,Zone_10,Zone_06,0.2914,0.1128,0.0222,0.0771,0.0541,0.0917,0.2914,0.1353,0.0646,0.0,0.1509
CT002883,Zone_07,Zone_01,0.1141,0.1141,0.0883,0.0883,0.1037,0.1139,0.1113,0.0978,0.0876,0.1007,0.0942
CT013795,Zone_04,Zone_07,0.2966,0.1856,0.0,0.0,0.1334,0.0,0.0,0.2966,0.1858,0.0,0.1986
CT005089,Zone_10,Zone_10,0.6193,0.0,0.1518,0.0,0.1848,0.0,0.0,0.0441,0.0,0.0,0.6193
CT015738,Zone_10,Zone_03,0.3117,0.0,0.0,0.3117,0.2187,0.0,0.0,0.2084,0.2612,0.0,0.0
CT006985,Zone_04,Zone_01,0.268,0.268,0.0,0.1464,0.1027,0.1742,0.0,0.0979,0.1533,0.0,0.0574
CT010528,Zone_08,Zone_09,0.4326,0.0608,0.0159,0.0968,0.0582,0.0329,0.0299,0.0601,0.1043,0.4326,0.1084
CT001193,Zone_07,Zone_05,0.1586,0.0976,0.1097,0.1048,0.0868,0.1586,0.144,0.0923,0.0718,0.0,0.1343
CT008655,Zone_04,Zone_09,0.3918,0.0734,0.0433,0.0627,0.0967,0.0596,0.0812,0.0628,0.0892,0.3918,0.0393
CT007655,Zone_01,Zone_05,0.4162,0.2561,0.0,0.0,0.1227,0.4162,0.0,0.0585,0.1465,0.0,0.0
CT003460,Zone_07,Zone_02,0.1388,0.0964,0.1388,0.1316,0.1033,0.0717,0.1277,0.11,0.1089,0.0262,0.0856
CT012214,Zone_07,Zone_02,0.1388,0.0964,0.1388,0.1316,0.1033,0.0717,0.1277,0.11,0.1089,0.0262,0.0856
CT007427,Zone_09,Zone_08,0.3449,0.1507,0.0,0.0,0.1444,0.0,0.2224,0.1376,0.3449,0.0,0.0
CT005887,Zone_04,Zone_01,0.1403,0.1403,0.0759,0.1078,0.1092,0.114,0.1293,0.1201,0.1003,0.0,0.1032
CT012514,Zone_08,Zone_01,0.1733,0.1733,0.0909,0.1315,0.0646,0.1565,0.0284,0.1539,0.0771,0.0,0.1237
CT019565,Zone_03,Zone_09,0.3918,0.0734,0.0433,0.0627,0.0967,0.0596,0.0812,0.0628,0.0892,0.3918,0.0393
CT008165,Zone_05,Zone_05,0.2784,0.1402,0.1348,0.1276,0.0448,0.2784,0.023,0.1031,0.098,0.0,0.05
CT009647,Zone_08,Zone_06,0.224,0.1619,0.0637,0.0899,0.0776,0.0658,0.224,0.1017,0.1071,0.0,0.1083
CT000822,Zone_08,Zone_10,0.2151,0.1675,0.0659,0.0687,0.1284,0.0545,0.0989,0.1339,0.0671,0.0,0.2151
CT019069,Zone_07,Zone_06,0.5892,0.0,0.0,0.0,0.0,0.0,0.5892,0.1823,0.2285,0.0,0.0
CT005639,Zone_02,Zone_01,0.3006,0.3006,0.0,0.0411,0.0576,0.0,0.2661,0.1373,0.0688,0.0,0.1286
CT014822,Zone_08,Zone_05,0.2199,0.0773,0.1217,0.1452,0.0648,0.2199,0.1141,0.0883,0.1272,0.0,0.0414
CT003142,Zone_01,Zone_05,0.523,0.1609,0.0,0.0,0.0771,0.523,0.0,0.147,0.0921,0.0,0.0
CT019976,Zone_05,Zone_02,0.2082,0.1323,0.2082,0.2033,0.0951,0.0,0.0488,0.1209,0.0852,0.0,0.1062
CT019278,Zone_08,Zone_05,0.2171,0.0742,0.0701,0.1014,0.0356,0.2171,0.1752,0.0678,0.1316,0.0,0.1271
CT002975,Zone_07,Zone_01,0.268,0.268,0.0,0.1464,0.1027,0.1742,0.0,0.0979,0.1533,0.0,0.0574
CT018639,Zone_08,Zone_10,0.356,0.3327,0.0,0.0,0.1594,0.0,0.0,0.1519,0.0,0.0,0.356
CT004502,Zone_08,Zone_05,0.2171,0.0742,0.0701,0.1014,0.0356,0.2171,0.1752,0.0678,0.1316,0.0,0.1271
CT006537,Zone_03,Zone_06,0.224,0.1619,0.0637,0.0899,0.0776,0.0658,0.224,0.1017,0.1071,0.0,0.1083
CT014690,Zone_07,Zone_04,0.1457,0.1204,0.1446,0.1341,0.1457,0.0721,0.0841,0.1085,0.0888,0.0,0.1017
CT012345,Zone_07,Zone_02,0.1388,0.0964,0.1388,0.1316,0.1033,0.0717,0.1277,0.11,0.1089,0.0262,0.0856
CT002046,Zone_02,Zone_07,0.5828,0.0,0.0,0.0,0.0,0.0,0.0,0.5828,0.4172,0.0,0.0
CT011364,Zone_04,Zone_03,0.3372,0.0,0.0,0.3372,0.1577,0.0,0.0,0.1879,0.1412,0.0,0.1761
CT016376,Zone_07,Zone_10,0.1591,0.088,0.1265,0.116,0.1061,0.1035,0.0582,0.1351,0.1076,0.0,0.1591
CT017115,Zone_04,Zone_10,0.1249,0.1068,0.0762,0.1171,0.094,0.105,0.0696,0.1202,0.1066,0.0796,0.1249
CT010478,Zone_08,Zone_10,0.1569,0.0838,0.0989,0.1073,0.1254,0.0511,0.1391,0.1267,0.1109,0.0,0.1569
CT003125,Zone_01,Zone_01,0.2138,0.2138,0.1346,0.0584,0.0819,0.0,0.0,0.166,0.208,0.0,0.1373
CT010142,Zone_07,Zone_10,0.1249,0.1068,0.0762,0.1171,0.094,0.105,0.0696,0.1202,0.1066,0.0796,0.1249
CT016566,Zone_08,Zone_08,0.2016,0.0,0.1232,0.1069,0.1125,0.1273,0.0,0.1609,0.2016,0.0,0.1676
CT018608,Zone_08,Zone_02,0.1601,0.0872,0.1601,0.1191,0.0835,0.1417,0.0,0.1261,0.158,0.0,0.1244
CT002021,Zone_07,Zone_02,0.3035,0.1286,0.3035,0.0,0.0,0.0,0.1897,0.0294,0.0736,0.0,0.2752
CT006610,Zone_02,Zone_01,0.1723,0.1723,0.0775,0.1009,0.1061,0.06,0.0908,0.0927,0.1549,0.0,0.1449
CT016630,Zone_02,Zone_02,0.1388,0.0964,0.1388,0.1316,0.1033,0.0717,0.1277,0.11,0.1089,0.0262,0.0856
CT001696,Zone_08,Zone_04,0.4916,0.0,0.0,0.1752,0.4916,0.0,0.0,0.0586,0.0,0.0,0.2746
CT017528,Zone_07,Zone_10,0.3029,0.1348,0.1061,0.1013,0.0646,0.0219,0.0597,0.1047,0.1041,0.0,0.3029
CT009106,Zone_08,Zone_04,0.4329,0.0,0.0,0.3086,0.4329,0.0,0.0,0.0,0.2585,0.0,0.0
CT018103,Zone_03,Zone_05,0.2784,0.1402,0.1348,0.1276,0.0448,0.2784,0.023,0.1031,0.098,0.0,0.05
CT016471,Zone_05,Zone_04,0.514,0.0,0.2814,0.0,0.514,0.0,0.0,0.0,0.2046,0.0,0.0
CT014430,Zone_07,Zone_05,0.1743,0.1475,0.1161,0.0549,0.1092,0.1743,0.0396,0.1041,0.0537,0.1432,0.0574
CT010898,Zone_07,Zone_10,0.2388,0.0837,0.0439,0.0571,0.1603,0.136,0.0412,0.1274,0.1117,0.0,0.2388
CT016542,Zone_08,Zone_06,0.7373,0.0,0.0,0.0,0.1197,0.0,0.7373,0.0,0.143,0.0,0.0
CT014322,Zone_08,Zone_08,0.5567,0.0,0.0,0.3322,0.0,0.0,0.0,0.1111,0.5567,0.0,0.0
CT019318,Zone_03,Zone_03,0.3206,0.1304,0.1231,0.3206,0.1499,0.0424,0.0385,0.1429,0.0522,0.0,0.0
CT003741,Zone_01,Zone_09,0.6876,0.1288,0.0,0.088,0.0,0.0,0.0,0.0588,0.0368,0.6876,0.0
CT012190,Zone_03,Zone_05,0.8277,0.0,0.1336,0.0,0.0,0.8277,0.0,0.0388,0.0,0.0,0.0
CT004990,Zone_03,Zone_04,0.7589,0.0,0.0,0.0,0.7589,0.0,0.0,0.2411,0.0,0.0,0.0
CT010139,Zone_05,Zone_05,0.2171,0.0742,0.0701,0.1014,0.0356,0.2171,0.1752,0.0678,0.1316,0.0,0.1271
CT009829,Zone_08,Zone_04,0.3056,0.2126,0.0558,0.0,0.3056,0.1152,0.0,0.1133,0.1217,0.0,0.0758
CT014161,Zone_08,Zone_10,0.1737,0.1025,0.1076,0.1342,0.1105,0.0972,0.0756,0.1131,0.0855,0.0,0.1737
CT006238,Zone_08,Zone_10,0.1249,0.1068,0.0762,0.1171,0.094,0.105,0.0696,0.1202,0.1066,0.0796,0.1249
CT014687,Zone_01,Zone_05,0.2171,0.0742,0.0701,0.1014,0.0356,0.2171,0.1752,0.0678,0.1316,0.0,0.1271
CT004295,Zone_07,Zone_09,0.2401,0.1349,0.0354,0.0614,0.0754,0.0365,0.0663,0.077,0.1286,0.2401,0.1443
CT010359,Zone_08,Zone_10,0.1569,0.0838,0.0989,0.1073,0.1254,0.0511,0.1391,0.1267,0.1109,0.0,0.1569
CT012143,Zone_07,Zone_03,0.6988,0.0,0.161,0.6988,0.0,0.0,0.0,0.1402,0.0,0.0,0.0
CT002818,Zone_07,Zone_02,0.1388,0.0964,0.1388,0.1316,0.1033,0.0717,0.1277,0.11,0.1089,0.0262,0.0856
CT002169,Zone_04,Zone_03,0.5174,0.0,0.0,0.5174,0.0,0.4104,0.0,0.0,0.0722,0.0,0.0
CT011079,Zone_01,Zone_04,0.77,0.0,0.0,0.0,0.77,0.0,0.0,0.0,0.23,0.0,0.0
CT010915,Zone_10,Zone_10,0.7817,0.0,0.115,0.0,0.07,0.0,0.0,0.0334,0.0,0.0,0.7817
CT009010,Zone_02,Zone_08,0.2333,0.1133,0.1069,0.0309,0.0868,0.2209,0.0334,0.0776,0.2333,0.0,0.0969
CT019178,Zone_03,Zone_01,0.1141,0.1141,0.0883,0.0883,0.1037,0.1139,0.1113,0.0978,0.0876,0.1007,0.0942
CT008347,Zone_08,Zone_01,0.1141,0.1141,0.0883,0.0883,0.1037,0.1139,0.1113,0.0978,0.0876,0.1007,0.0942
CT013132,Zone_07,Zone_10,0.1591,0.088,0.1265,0.116,0.1061,0.1035,0.0582,0.1351,0.1076,0.0,0.1591
CT003956,Zone_07,Zone_01,0.1141,0.1141,0.0883,0.0883,0.1037,0.1139,0.1113,0.0978,0.0876,0.1007,0.0942
CT012468,Zone_03,Zone_05,0.1425,0.1169,0.1117,0.0884,0.088,0.1425,0.1232,0.1011,0.1075,0.0223,0.0983
CT009678,Zone_08,Zone_05,0.5923,0.0,0.0,0.0,0.2619,0.5923,0.0,0.0416,0.1043,0.0,0.0
CT004308,Zone_04,Zone_01,0.1141,0.1141,0.0883,0.0883,0.1037,0.1139,0.1113,0.0978,0.0876,0.1007,0.0942
CT014919,Zone_07,Zone_01,0.2528,0.2528,0.0,0.1726,0.2422,0.0,0.0,0.1154,0.217,0.0,0.0
CT002891,Zone_03,Zone_10,0.3863,0.0,0.284,0.0,0.0,0.0,0.0,0.3297,0.0,0.0,0.3863
CT004875,Zone_07,Zone_10,0.1249,0.1068,0.0762,0.1171,0.094,0.105,0.0696,0.1202,0.1066,0.0796,0.1249
CT004176,Zone_07,Zone_01,0.1141,0.1141,0.0883,0.0883,0.1037,0.1139,0.1113,0.0978,0.0876,0.1007,0.0942
CT006787,Zone_08,Zone_02,0.1388,0.0964,0.1388,0.1316,0.1033,0.0717,0.1277,0.11,0.1089,0.0262,0.0856
CT014596,Zone_08,Zone_08,0.4084,0.0,0.3744,0.0,0.0,0.0,0.0,0.2173,0.4084,0.0,0.0
CT019773,Zone_07,Zone_06,0.3583,0.2428,0.0,0.0,0.2326,0.0,0.3583,0.1663,0.0,0.0,0.0
CT003083,Zone_08,Zone_07,0.1716,0.1378,0.1479,0.0428,0.09,0.1425,0.0555,0.1716,0.1183,0.0669,0.0268
CT013466,Zone_02,Zone_03,0.7993,0.0,0.0,0.7993,0.0,0.0,0.0,0.0891,0.1116,0.0,0.0
CT008204,Zone_08,Zone_04,0.1457,0.1204,0.1446,0.1341,0.1457,0.0721,0.0841,0.1085,0.0888,0.0,0.1017
CT017426,Zone_06,Zone_09,0.8434,0.0527,0.0414,0.0,0.0505,0.0,0.0,0.012,0.0,0.8434,0.0
CT005764,Zone_10,Zone_10,0.1569,0.0838,0.0989,0.1073,0.1254,0.0511,0.1391,0.1267,0.1109,0.0,0.1569
CT004184,Zone_08,Zone_01,0.1141,0.1141,0.0883,0.0883,0.1037,0.1139,0.1113,0.0978,0.0876,0.1007,0.0942
CT016110,Zone_06,Zone_05,0.3679,0.0754,0.1187,0.1546,0.0723,0.3679,0.0,0.1895,0.0216,0.0,0.0
CT005712,Zone_07,Zone_01,0.1141,0.1141,0.0883,0.0883,0.1037,0.1139,0.1113,0.0978,0.0876,0.1007,0.0942
CT003240,Zone_04,Zone_02,0.1388,0.0964,0.1388,0.1316,0.1033,0.0717,0.1277,0.11,0.1089,0.0262,0.0856
CT009098,Zone_05,Zone_01,0.1141,0.1141,0.0883,0.0883,0.1037,0.1139,0.1113,0.0978,0.0876,0.1007,0.0942
CT019193,Zone_08,Zone_06,0.6287,0.2131,0.0,0.0,0.0,0.0,0.6287,0.0973,0.061,0.0,0.0
CT006023,Zone_03,Zone_01,0.1141,0.1141,0.0883,0.0883,0.1037,0.1139,0.1113,0.0978,0.0876,0.1007,0.0942
CT011941,Zone_07,Zone_03,0.1402,0.1303,0.1153,0.1402,0.1202,0.0953,0.0817,0.093,0.109,0.0174,0.0976
CT011593,Zone_06,Zone_01,0.1723,0.1723,0.0775,0.1009,0.1061,0.06,0.0908,0.0927,0.1549,0.0,0.1449
CT001697,Zone_01,Zone_08,0.241,0.0,0.1105,0.1918,0.0673,0.0,0.2072,0.0321,0.241,0.0,0.1502
CT013413,Zone_08,Zone_01,0.3524,0.3524,0.2773,0.0,0.1688,0.0,0.0,0.0,0.2016,0.0,0.0
CT016404,Zone_07,Zone_09,0.6271,0.0,0.1848,0.0,0.0,0.0,0.0,0.0536,0.1344,0.6271,0.0
CT016903,Zone_08,Zone_01,0.2017,0.2017,0.1299,0.1879,0.0527,0.0894,0.0812,0.1131,0.1049,0.0,0.0392
CT005401,Zone_07,Zone_01,0.1141,0.1141,0.0883,0.0883,0.1037,0.1139,0.1113,0.0978,0.0876,0.1007,0.0942
CT012368,Zone_01,Zone_01,0.1141,0.1141,0.0883,0.0883,0.1037,0.1139,0.1113,0.0978,0.0876,0.1007,0.0942
CT006162,Zone_07,Zone_05,0.4957,0.0,0.0,0.1042,0.3653,0.4957,0.0,0.0348,0.0,0.0,0.0
CT002773,Zone_07,Zone_10,0.1591,0.088,0.1265,0.116,0.1061,0.1035,0.0582,0.1351,0.1076,0.0,0.1591
CT003352,Zone_03,Zone_01,0.1141,0.1141,0.0883,0.0883,0.1037,0.1139,0.1113,0.0978,0.0876,0.1007,0.0942
CT011647,Zone_08,Zone_06,0.1863,0.1052,0.0331,0.115,0.1311,0.0342,0.1863,0.1153,0.1445,0.0,0.1351
CT014740,Zone_07,Zone_01,0.1141,0.1141,0.0883,0.0883,0.1037,0.1139,0.1113,0.0978,0.0876,0.1007,0.0942
CT011561,Zone_07,Zone_10,0.4662,0.2179,0.0,0.0,0.1044,0.0,0.0,0.1492,0.0623,0.0,0.4662
CT019624,Zone_03,Zone_04,0.2556,0.0,0.18,0.2083,0.2556,0.0,0.0,0.1219,0.1527,0.0,0.0816
CT009604,Zone_05,Zone_09,0.2122,0.1034,0.0876,0.1086,0.0609,0.0388,0.1056,0.1053,0.0842,0.2122,0.0936
CT004121,Zone_10,Zone_01,0.1141,0.1141,0.0883,0.0883,0.1037,0.1139,0.1113,0.0978,0.0876,0.1007,0.0942
CT002436,Zone_10,Zone_09,0.7439,0.0,0.1096,0.0,0.0667,0.0,0.0,0.0,0.0797,0.7439,0.0
CT016317,Zone_08,Zone_06,0.1863,0.1052,0.0331,0.115,0.1311,0.0342,0.1863,0.1153,0.1445,0.0,0.1351
CT001303,Zone_07,Zone_10,0.3981,0.0,0.0,0.3812,0.1782,0.0,0.0,0.0425,0.0,0.0,0.3981
CT014955,Zone_07,Zone_04,0.2332,0.0304,0.1676,0.0623,0.2332,0.0495,0.0898,0.1389,0.1306,0.0,0.0977
CT003109,Zone_01,Zone_05,0.2043,0.1109,0.0815,0.0859,0.0815,0.2043,0.0764,0.0962,0.0973,0.079,0.087
CT014514,Zone_07,Zone_05,0.7884,0.0,0.0954,0.0,0.1162,0.7884,0.0,0.0,0.0,0.0,0.0
CT015660,Zone_07,Zone_02,0.166,0.1356,0.166,0.0926,0.13,0.0735,0.1334,0.0654,0.0905,0.0,0.1129
CT001169,Zone_07,Zone_06,0.809,0.0,0.0539,0.0,0.0,0.0,0.809,0.0782,0.0588,0.0,0.0
CT016196,Zone_08,Zone_01,0.1141,0.1141,0.0883,0.0883,0.1037,0.1139,0.1113,0.0978,0.0876,0.1007,0.0942
CT003239,Zone_04,Zone_10,0.1249,0.1068,0.0762,0.1171,0.094,0.105,0.0696,0.1202,0.1066,0.0796,0.1249
CT009944,Zone_07,Zone_10,0.1249,0.1068,0.0762,0.1171,0.094,0.105,0.0696,0.1202,0.1066,0.0796,0.1249
CT005272,Zone_07,Zone_10,0.1591,0.088,0.1265,0.116,0.1061,0.1035,0.0582,0.1351,0.1076,0.0,0.1591
CT008716,Zone_02,Zone_01,0.1141,0.1141,0.0883,0.0883,0.1037,0.1139,0.1113,0.0978,0.0876,0.1007,0.0942
CT013102,Zone_03,Zone_09,0.1658,0.132,0.1039,0.0795,0.1041,0.0757,0.0916,0.0886,0.1088,0.1658,0.0498
CT004460,Zone_07,Zone_01,0.5575,0.5575,0.2193,0.0,0.0,0.0,0.0,0.0636,0.1595,0.0,0.0
CT001005,Zone_08,Zone_05,0.3582,0.0,0.0,0.0,0.3167,0.3582,0.3252,0.0,0.0,0.0,0.0
CT008089,Zone_08,Zone_02,0.1388,0.0964,0.1388,0.1316,0.1033,0.0717,0.1277,0.11,0.1089,0.0262,0.0856
CT019203,Zone_04,Zone_06,0.1824,0.0742,0.0876,0.1013,0.0888,0.1406,0.1824,0.0903,0.1026,0.066,0.0661
CT005305,Zone_02,Zone_05,0.2199,0.0773,0.1217,0.1452,0.0648,0.2199,0.1141,0.0883,0.1272,0.0,0.0414
CT001744,Zone_10,Zone_04,0.1798,0.0577,0.1136,0.1578,0.1798,0.0469,0.0852,0.1352,0.1156,0.0,0.1081
CT009339,Zone_08,Zone_10,0.3029,0.1348,0.1061,0.1013,0.0646,0.0219,0.0597,0.1047,0.1041,0.0,0.3029
CT016789,Zone_07,Zone_01,0.1141,0.1141,0.0883,0.0883,0.1037,0.1139,0.1113,0.0978,0.0876,0.1007,0.0942
CT016552,Zone_07,Zone_05,0.276,0.1698,0.0,0.0,0.0814,0.276,0.0,0.1939,0.0972,0.0,0.1817
CT007964,Zone_08,Zone_05,0.2199,0.0773,0.1217,0.1452,0.0648,0.2199,0.1141,0.0883,0.1272,0.0,0.0414
CT001142,Zone_07,Zone_10,0.1591,0.088,0.1265,0.116,0.1061,0.1035,0.0582,0.1351,0.1076,0.0,0.1591
CT019606,Zone_07,Zone_01,0.1141,0.1141,0.0883,0.0883,0.1037,0.1139,0.1113,0.0978,0.0876,0.1007,0.0942
CT004707,Zone_03,Zone_09,0.6237,0.0584,0.0689,0.0399,0.056,0.0,0.0,0.0467,0.0752,0.6237,0.0313
CT005179,Zone_07,Zone_10,0.1249,0.1068,0.0762,0.1171,0.094,0.105,0.0696,0.1202,0.1066,0.0796,0.1249
CT006858,Zone_04,Zone_09,0.3918,0.0734,0.0433,0.0627,0.0967,0.0596,0.0812,0.0628,0.0892,0.3918,0.0393
CT000205,Zone_02,Zone_10,0.326,0.0,0.2397,0.2081,0.0,0.0,0.0,0.1391,0.0872,0.0,0.326
CT012970,Zone_05,Zone_10,0.1591,0.088,0.1265,0.116,0.1061,0.1035,0.0582,0.1351,0.1076,0.0,0.1591
CT007943,Zone_08,Zone_09,0.8758,0.082,0.0,0.0,0.0,0.0,0.0,0.0187,0.0235,0.8758,0.0
CT003592,Zone_04,Zone_02,0.1388,0.0964,0.1388,0.1316,0.1033,0.0717,0.1277,0.11,0.1089,0.0262,0.0856
CT002483,Zone_03,Zone_03,0.4988,0.0,0.0,0.4988,0.0,0.0,0.0,0.0834,0.4179,0.0,0.0
CT009311,Zone_01,Zone_07,0.1716,0.1378,0.1479,0.0428,0.09,0.1425,0.0555,0.1716,0.1183,0.0669,0.0268
CT010354,Zone_07,Zone_01,0.1141,0.1141,0.0883,0.0883,0.1037,0.1139,0.1113,0.0978,0.0876,0.1007,0.0942
CT005979,Zone_03,Zone_02,0.1388,0.0964,0.1388,0.1316,0.1033,0.0717,0.1277,0.11,0.1089,0.0262,0.0856
CT001453,Zone_07,Zone_10,0.1591,0.088,0.1265,0.116,0.1061,0.1035,0.0582,0.1351,0.1076,0.0,0.1591
CT017140,Zone_01,Zone_02,0.1388,0.0964,0.1388,0.1316,0.1033,0.0717,0.1277,0.11,0.1089,0.0262,0.0856
CT005952,Zone_08,Zone_06,0.2914,0.1128,0.0222,0.0771,0.0541,0.0917,0.2914,0.1353,0.0646,0.0,0.1509
CT008506,Zone_04,Zone_09,0.4326,0.0608,0.0159,0.0968,0.0582,0.0329,0.0299,0.0601,0.1043,0.4326,0.1084
CT011785,Zone_07,Zone_01,0.1141,0.1141,0.0883,0.0883,0.1037,0.1139,0.1113,0.0978,0.0876,0.1007,0.0942
CT001918,Zone_08,Zone_01,0.1507,0.1507,0.0996,0.1317,0.1126,0.0392,0.0978,0.1046,0.1155,0.0322,0.1161
CT009736,Zone_08,Zone_10,0.2942,0.0,0.2163,0.0939,0.0658,0.0,0.0,0.2511,0.0787,0.0,0.2942
CT004706,Zone_04,Zone_05,0.1425,0.1169,0.1117,0.0884,0.088,0.1425,0.1232,0.1011,0.1075,0.0223,0.0983
CT005903,Zone_03,Zone_06,0.8081,0.0,0.0,0.0,0.0874,0.0,0.8081,0.0,0.1045,0.0,0.0
CT002576,Zone_08,Zone_06,0.4769,0.0,0.0,0.2207,0.1548,0.0,0.4769,0.1476,0.0,0.0,0.0
CT013165,Zone_04,Zone_06,0.3421,0.2318,0.1824,0.0,0.1111,0.0,0.3421,0.0,0.1326,0.0,0.0
CT010026,Zone_03,Zone_02,0.1388,0.0964,0.1388,0.1316,0.1033,0.0717,0.1277,0.11,0.1089,0.0262,0.0856
CT002036,Zone_07,Zone_02,0.1601,0.0872,0.1601,0.1191,0.0835,0.1417,0.0,0.1261,0.158,0.0,0.1244
CT010975,Zone_07,Zone_03,0.1402,0.1303,0.1153,0.1402,0.1202,0.0953,0.0817,0.093,0.109,0.0174,0.0976
CT018960,Zone_04,Zone_01,0.1141,0.1141,0.0883,0.0883,0.1037,0.1139,0.1113,0.0978,0.0876,0.1007,0.0942
CT000500,Zone_07,Zone_01,0.1141,0.1141,0.0883,0.0883,0.1037,0.1139,0.1113,0.0978,0.0876,0.1007,0.0942
CT004778,Zone_03,Zone_02,0.1388,0.0964,0.1388,0.1316,0.1033,0.0717,0.1277,0.11,0.1089,0.0262,0.0856
CT005045,Zone_04,Zone_06,0.8526,0.0,0.0,0.0,0.0923,0.0,0.8526,0.0,0.0551,0.0,0.0
CT008137,Zone_07,Zone_10,0.1249,0.1068,0.0762,0.1171,0.094,0.105,0.0696,0.1202,0.1066,0.0796,0.1249
CT007134,Zone_08,Zone_01,0.1403,0.1403,0.0759,0.1078,0.1092,0.114,0.1293,0.1201,0.1003,0.0,0.1032
CT011170,Zone_07,Zone_06,0.1824,0.0742,0.0876,0.1013,0.0888,0.1406,0.1824,0.0903,0.1026,0.066,0.0661
CT000797,Zone_02,Zone_06,0.3213,0.0726,0.1142,0.0991,0.1391,0.118,0.3213,0.0166,0.0415,0.0,0.0777
CT009627,Zone_01,Zone_02,0.252,0.0961,0.252,0.1313,0.0767,0.0,0.0473,0.0878,0.1375,0.0,0.1714
CT006074,Zone_01,Zone_06,0.1824,0.0742,0.0876,0.1013,0.0888,0.1406,0.1824,0.0903,0.1026,0.066,0.0661
CT013382,Zone_08,Zone_10,0.4369,0.2041,0.0,0.0,0.1956,0.0,0.0,0.0466,0.1168,0.0,0.4369
CT003550,Zone_07,Zone_06,0.5979,0.0,0.1594,0.1384,0.0,0.0,0.5979,0.0463,0.058,0.0,0.0
CT007020,Zone_08,Zone_10,0.2151,0.1675,0.0659,0.0687,0.1284,0.0545,0.0989,0.1339,0.0671,0.0,0.2151
CT011897,Zone_04,Zone_10,0.2388,0.0837,0.0439,0.0571,0.1603,0.136,0.0412,0.1274,0.1117,0.0,0.2388
CT017288,Zone_07,Zone_02,0.4034,0.0,0.4034,0.0,0.0,0.0,0.0,0.1756,0.1467,0.0,0.2743
CT007030,Zone_06,Zone_04,0.2332,0.0304,0.1676,0.0623,0.2332,0.0495,0.0898,0.1389,0.1306,0.0,0.0977
CT000342,Zone_10,Zone_10,0.1249,0.1068,0.0762,0.1171,0.094,0.105,0.0696,0.1202,0.1066,0.0796,0.1249
CT019378,Zone_10,Zone_01,0.1141,0.1141,0.0883,0.0883,0.1037,0.1139,0.1113,0.0978,0.0876,0.1007,0.0942
CT004858,Zone_07,Zone_05,0.5704,0.0,0.0,0.1198,0.0841,0.5704,0.0,0.1002,0.1255,0.0,0.0
CT000135,Zone_08,Zone_10,0.4852,0.0,0.1784,0.1548,0.0,0.0,0.0,0.0518,0.1297,0.0,0.4852
CT000204,Zone_03,Zone_09,0.6876,0.1288,0.0,0.088,0.0,0.0,0.0,0.0588,0.0368,0.6876,0.0
CT012579,Zone_04,Zone_05,0.4844,0.149,0.0,0.0,0.0,0.4844,0.0,0.0681,0.2985,0.0,0.0
CT006862,Zone_06,Zone_01,0.1141,0.1141,0.0883,0.0883,0.1037,0.1139,0.1113,0.0978,0.0876,0.1007,0.0942
CT018247,Zone_08,Zone_04,0.1457,0.1204,0.1446,0.1341,0.1457,0.0721,0.0841,0.1085,0.0888,0.0,0.1017
CT002023,Zone_02,Zone_09,0.3918,0.0734,0.0433,0.0627,0.0967,0.0596,0.0812,0.0628,0.0892,0.3918,0.0393
CT005972,Zone_02,Zone_01,0.1141,0.1141,0.0883,0.0883,0.1037,0.1139,0.1113,0.0978,0.0876,0.1007,0.0942
CT006911,Zone_07,Zone_02,0.1388,0.0964,0.1388,0.1316,0.1033,0.0717,0.1277,0.11,0.1089,0.0262,0.0856
CT011320,Zone_04,Zone_10,0.3029,0.1348,0.1061,0.1013,0.0646,0.0219,0.0597,0.1047,0.1041,0.0,0.3029
CT003689,Zone_08,Zone_02,0.1388,0.0964,0.1388,0.1316,0.1033,0.0717,0.1277,0.11,0.1089,0.0262,0.0856
CT019772,Zone_02,Zone_03,0.1402,0.1303,0.1153,0.1402,0.1202,0.0953,0.0817,0.093,0.109,0.0174,0.0976
CT010250,Zone_10,Zone_10,0.1591,0.088,0.1265,0.116,0.1061,0.1035,0.0582,0.1351,0.1076,0.0,0.1591
CT010602,Zone_07,Zone_09,0.4326,0.0608,0.0159,0.0968,0.0582,0.0329,0.0299,0.0601,0.1043,0.4326,0.1084
CT003667,Zone_01,Zone_02,0.1388,0.0964,0.1388,0.1316,0.1033,0.0717,0.1277,0.11,0.1089,0.0262,0.0856
CT018941,Zone_05,Zone_02,0.1388,0.0964,0.1388,0.1316,0.1033,0.0717,0.1277,0.11,0.1089,0.0262,0.0856
CT016730,Zone_07,Zone_06,0.3629,0.164,0.0,0.168,0.1178,0.0,0.3629,0.0936,0.0938,0.0,0.0
CT013433,Zone_04,Zone_10,0.1591,0.088,0.1265,0.116,0.1061,0.1035,0.0582,0.1351,0.1076,0.0,0.1591
CT011475,Zone_02,Zone_06,0.7811,0.0,0.0,0.0904,0.0,0.0,0.7811,0.0907,0.0379,0.0,0.0
CT014092,Zone_07,Zone_07,0.6763,0.0,0.0,0.0,0.2027,0.0,0.0,0.6763,0.121,0.0,0.0
CT017296,Zone_10,Zone_01,0.3968,0.3968,0.0,0.0,0.1901,0.3225,0.0,0.0906,0.0,0.0,0.0
CT019746,Zone_08,Zone_01,0.1141,0.1141,0.0883,0.0883,0.1037,0.1139,0.1113,0.0978,0.0876,0.1007,0.0942
CT019742,Zone_07,Zone_01,0.1141,0.1141,0.0883,0.0883,0.1037,0.1139,0.1113,0.0978,0.0876,0.1007,0.0942
CT017035,Zone_04,Zone_06,0.2477,0.0672,0.0925,0.1032,0.1045,0.0273,0.2477,0.0537,0.0528,0.1793,0.0719
CT017985,Zone_07,Zone_01,0.1141,0.1141,0.0883,0.0883,0.1037,0.1139,0.1113,0.0978,0.0876,0.1007,0.0942
CT000902,Zone_04,Zone_08,0.5408,0.0,0.2125,0.0,0.0,0.0,0.0,0.2467,0.5408,0.0,0.0
CT015889,Zone_10,Zone_01,0.1141,0.1141,0.0883,0.0883,0.1037,0.1139,0.1113,0.0978,0.0876,0.1007,0.0942
CT009121,Zone_08,Zone_06,0.1863,0.1052,0.0331,0.115,0.1311,0.0342,0.1863,0.1153,0.1445,0.0,0.1351
CT015019,Zone_02,Zone_09,0.1658,0.132,0.1039,0.0795,0.1041,0.0757,0.0916,0.0886,0.1088,0.1658,0.0498
CT000959,Zone_08,Zone_05,0.1743,0.1475,0.1161,0.0549,0.1092,0.1743,0.0396,0.1041,0.0537,0.1432,0.0574
CT015715,Zone_07,Zone_05,0.2043,0.1109,0.0815,0.0859,0.0815,0.2043,0.0764,0.0962,0.0973,0.079,0.087
CT011272,Zone_04,Zone_05,0.1743,0.1475,0.1161,0.0549,0.1092,0.1743,0.0396,0.1041,0.0537,0.1432,0.0574
CT003544,Zone_01,Zone_06,0.2477,0.0672,0.0925,0.1032,0.1045,0.0273,0.2477,0.0537,0.0528,0.1793,0.0719
CT005647,Zone_08,Zone_06,0.5664,0.0,0.151,0.0,0.1839,0.0,0.5664,0.0438,0.0549,0.0,0.0
CT002735,Zone_04,Zone_09,0.8063,0.0755,0.0,0.0,0.0362,0.0,0.0,0.0172,0.0648,0.8063,0.0
CT007999,Zone_04,Zone_04,0.2819,0.0,0.2315,0.2009,0.2819,0.0,0.0,0.2015,0.0842,0.0,0.0
CT016570,Zone_02,Zone_01,0.1141,0.1141,0.0883,0.0883,0.1037,0.1139,0.1113,0.0978,0.0876,0.1007,0.0942
CT017223,Zone_04,Zone_05,0.3332,0.0,0.0,0.0,0.0982,0.3332,0.3025,0.0468,0.0,0.0,0.2194
CT016269,Zone_07,Zone_10,0.1249,0.1068,0.0762,0.1171,0.094,0.105,0.0696,0.1202,0.1066,0.0796,0.1249
CT015275,Zone_08,Zone_01,0.1141,0.1141,0.0883,0.0883,0.1037,0.1139,0.1113,0.0978,0.0876,0.1007,0.0942
CT009516,Zone_10,Zone_01,0.1733,0.1733,0.0909,0.1315,0.0646,0.1565,0.0284,0.1539,0.0771,0.0,0.1237
CT004908,Zone_03,Zone_02,0.1388,0.0964,0.1388,0.1316,0.1033,0.0717,0.1277,0.11,0.1089,0.0262,0.0856
CT017372,Zone_08,Zone_04,0.1457,0.1204,0.1446,0.1341,0.1457,0.0721,0.0841,0.1085,0.0888,0.0,0.1017
CT011372,Zone_08,Zone_06,0.8311,0.0,0.0,0.0,0.0,0.0,0.8311,0.1286,0.0403,0.0,0.0
CT017441,Zone_02,Zone_10,0.8487,0.0,0.0,0.0,0.0,0.0,0.0,0.0,0.1513,0.0,0.8487
CT019729,Zone_02,Zone_01,0.1141,0.1141,0.0883,0.0883,0.1037,0.1139,0.1113,0.0978,0.0876,0.1007,0.0942
CT000450,Zone_08,Zone_10,0.3555,0.0,0.0,0.2269,0.0,0.0,0.0,0.2276,0.1901,0.0,0.3555
CT011216,Zone_03,Zone_06,0.5461,0.0,0.0,0.0722,0.152,0.0,0.5461,0.1087,0.121,0.0,0.0
CT015149,Zone_04,Zone_04,0.2332,0.0304,0.1676,0.0623,0.2332,0.0495,0.0898,0.1389,0.1306,0.0,0.0977
CT006728,Zone_04,Zone_03,0.1402,0.1303,0.1153,0.1402,0.1202,0.0953,0.0817,0.093,0.109,0.0174,0.0976
CT017680,Zone_07,Zone_01,0.1141,0.1141,0.0883,0.0883,0.1037,0.1139,0.1113,0.0978,0.0876,0.1007,0.0942
CT013533,Zone_01,Zone_04,0.1798,0.0577,0.1136,0.1578,0.1798,0.0469,0.0852,0.1352,0.1156,0.0,0.1081
CT012449,Zone_07,Zone_02,0.1388,0.0964,0.1388,0.1316,0.1033,0.0717,0.1277,0.11,0.1089,0.0262,0.0856
CT018882,Zone_08,Zone_02,0.1388,0.0964,0.1388,0.1316,0.1033,0.0717,0.1277,0.11,0.1089,0.0262,0.0856
CT019070,Zone_07,Zone_06,0.32,0.1446,0.1138,0.0988,0.0346,0.0,0.32,0.066,0.1448,0.0,0.0774
CT018079,Zone_01,Zone_05,0.1425,0.1169,0.1117,0.0884,0.088,0.1425,0.1232,0.1011,0.1075,0.0223,0.0983
CT019766,Zone_06,Zone_01,0.2104,0.2104,0.0276,0.0479,0.084,0.114,0.0,0.1361,0.0803,0.1872,0.1126
CT008922,Zone_07,Zone_10,0.2151,0.1675,0.0659,0.0687,0.1284,0.0545,0.0989,0.1339,0.0671,0.0,0.2151
CT007617,Zone_04,Zone_10,0.6412,0.0,0.0,0.2046,0.0,0.0,0.0,0.0684,0.0857,0.0,0.6412
CT006273,Zone_08,Zone_10,0.3357,0.0,0.0,0.1071,0.2254,0.0,0.0,0.1074,0.2244,0.0,0.3357
CT009985,Zone_07,Zone_05,0.1425,0.1169,0.1117,0.0884,0.088,0.1425,0.1232,0.1011,0.1075,0.0223,0.0983
CT006632,Zone_02,Zone_10,0.1591,0.088,0.1265,0.116,0.1061,0.1035,0.0582,0.1351,0.1076,0.0,0.1591
CT002168,Zone_08,Zone_04,0.2078,0.1928,0.0569,0.0823,0.2078,0.0783,0.0356,0.1706,0.1241,0.0,0.0516
CT008155,Zone_08,Zone_03,0.197,0.0961,0.0908,0.197,0.129,0.0625,0.0,0.1361,0.165,0.0,0.1235
CT015483,Zone_07,Zone_01,0.1141,0.1141,0.0883,0.0883,0.1037,0.1139,0.1113,0.0978,0.0876,0.1007,0.0942
CT000850,Zone_10,Zone_02,0.2493,0.1056,0.2493,0.101,0.0911,0.0,0.2182,0.0868,0.1027,0.0,0.0452
CT000458,Zone_08,Zone_09,0.5341,0.2001,0.0787,0.0,0.0,0.0,0.0,0.0228,0.0572,0.5341,0.107
CT007421,Zone_03,Zone_01,0.1141,0.1141,0.0883,0.0883,0.1037,0.1139,0.1113,0.0978,0.0876,0.1007,0.0942
CT016973,Zone_06,Zone_01,0.1507,0.1507,0.0996,0.1317,0.1126,0.0392,0.0978,0.1046,0.1155,0.0322,0.1161
CT012113,Zone_07,Zone_07,0.5442,0.0,0.0,0.0,0.2854,0.0,0.0,0.5442,0.1704,0.0,0.0
CT011880,Zone_08,Zone_01,0.1141,0.1141,0.0883,0.0883,0.1037,0.1139,0.1113,0.0978,0.0876,0.1007,0.0942
CT012505,Zone_07,Zone_10,0.1249,0.1068,0.0762,0.1171,0.094,0.105,0.0696,0.1202,0.1066,0.0796,0.1249
CT019292,Zone_07,Zone_01,0.1141,0.1141,0.0883,0.0883,0.1037,0.1139,0.1113,0.0978,0.0876,0.1007,0.0942
CT011487,Zone_10,Zone_09,0.2122,0.1034,0.0876,0.1086,0.0609,0.0388,0.1056,0.1053,0.0842,0.2122,0.0936
CT010878,Zone_08,Zone_06,0.1824,0.0742,0.0876,0.1013,0.0888,0.1406,0.1824,0.0903,0.1026,0.066,0.0661
CT005128,Zone_01,Zone_01,0.1723,0.1723,0.0775,0.1009,0.1061,0.06,0.0908,0.0927,0.1549,0.0,0.1449
CT012832,Zone_07,Zone_04,0.1798,0.0577,0.1136,0.1578,0.1798,0.0469,0.0852,0.1352,0.1156,0.0,0.1081
CT017977,Zone_08,Zone_01,0.1507,0.1507,0.0996,0.1317,0.1126,0.0392,0.0978,0.1046,0.1155,0.0322,0.1161
CT004021,Zone_01,Zone_09,0.5335,0.0,0.0,0.0341,0.1197,0.0,0.0737,0.1141,0.0715,0.5335,0.0535
CT012065,Zone_04,Zone_03,0.1402,0.1303,0.1153,0.1402,0.1202,0.0953,0.0817,0.093,0.109,0.0174,0.0976
CT004424,Zone_01,Zone_03,0.5233,0.0,0.0,0.5233,0.3671,0.0,0.0,0.0,0.1096,0.0,0.0
CT007170,Zone_02,Zone_05,0.2171,0.0742,0.0701,0.1014,0.0356,0.2171,0.1752,0.0678,0.1316,0.0,0.1271
CT011526,Zone_07,Zone_09,0.8758,0.082,0.0,0.0,0.0,0.0,0.0,0.0187,0.0235,0.8758,0.0
CT015318,Zone_02,Zone_10,0.2151,0.1675,0.0659,0.0687,0.1284,0.0545,0.0989,0.1339,0.0671,0.0,0.2151
CT006595,Zone_09,Zone_05,0.2171,0.0742,0.0701,0.1014,0.0356,0.2171,0.1752,0.0678,0.1316,0.0,0.1271
CT003105,Zone_08,Zone_09,0.2401,0.1349,0.0354,0.0614,0.0754,0.0365,0.0663,0.077,0.1286,0.2401,0.1443
CT001057,Zone_06,Zone_10,0.1591,0.088,0.1265,0.116,0.1061,0.1035,0.0582,0.1351,0.1076,0.0,0.1591
CT001477,Zone_08,Zone_03,0.3372,0.0,0.0,0.3372,0.1577,0.0,0.0,0.1879,0.1412,0.0,0.1761
CT010379,Zone_07,Zone_04,0.1798,0.0577,0.1136,0.1578,0.1798,0.0469,0.0852,0.1352,0.1156,0.0,0.1081
CT015969,Zone_02,Zone_03,0.1402,0.1303,0.1153,0.1402,0.1202,0.0953,0.0817,0.093,0.109,0.0174,0.0976
CT019769,Zone_07,Zone_09,0.2122,0.1034,0.0876,0.1086,0.0609,0.0388,0.1056,0.1053,0.0842,0.2122,0.0936
CT003337,Zone_07,Zone_06,0.1863,0.1052,0.0331,0.115,0.1311,0.0342,0.1863,0.1153,0.1445,0.0,0.1351
CT013294,Zone_01,Zone_02,0.2493,0.1056,0.2493,0.101,0.0911,0.0,0.2182,0.0868,0.1027,0.0,0.0452
CT000844,Zone_08,Zone_09,0.7103,0.0,0.1047,0.0909,0.0637,0.0,0.0,0.0304,0.0,0.7103,0.0
CT009092,Zone_07,Zone_03,0.197,0.0961,0.0908,0.197,0.129,0.0625,0.0,0.1361,0.165,0.0,0.1235
CT018309,Zone_08,Zone_01,0.1733,0.1733,0.0909,0.1315,0.0646,0.1565,0.0284,0.1539,0.0771,0.0,0.1237
CT005936,Zone_07,Zone_03,0.1402,0.1303,0.1153,0.1402,0.1202,0.0953,0.0817,0.093,0.109,0.0174,0.0976
CT000108,Zone_04,Zone_05,0.5766,0.0,0.0,0.1212,0.0,0.5766,0.2617,0.0405,0.0,0.0,0.0
CT011298,Zone_07,Zone_10,0.5149,0.0,0.0,0.2191,0.0,0.0,0.0,0.0366,0.2294,0.0,0.5149
CT000878,Zone_04,Zone_01,0.1403,0.1403,0.0759,0.1078,0.1092,0.114,0.1293,0.1201,0.1003,0.0,0.1032
CT015809,Zone_02,Zone_10,0.1737,0.1025,0.1076,0.1342,0.1105,0.0972,0.0756,0.1131,0.0855,0.0,0.1737
CT000909,Zone_04,Zone_10,0.1249,0.1068,0.0762,0.1171,0.094,0.105,0.0696,0.1202,0.1066,0.0796,0.1249
CT013961,Zone_06,Zone_02,0.1388,0.0964,0.1388,0.1316,0.1033,0.0717,0.1277,0.11,0.1089,0.0262,0.0856
CT003670,Zone_08,Zone_01,0.1733,0.1733,0.0909,0.1315,0.0646,0.1565,0.0284,0.1539,0.0771,0.0,0.1237
CT000413,Zone_03,Zone_05,0.4714,0.0,0.0,0.3962,0.0,0.4714,0.0,0.1325,0.0,0.0,0.0
CT011477,Zone_03,Zone_04,0.1457,0.1204,0.1446,0.1341,0.1457,0.0721,0.0841,0.1085,0.0888,0.0,0.1017
CT006030,Zone_01,Zone_05,0.3334,0.2051,0.1614,0.0,0.0491,0.3334,0.1513,0.0703,0.0293,0.0,0.0
CT016727,Zone_06,Zone_05,0.3031,0.1865,0.1468,0.0,0.0893,0.3031,0.0,0.0213,0.0534,0.0,0.1996
CT009721,Zone_08,Zone_01,0.1141,0.1141,0.0883,0.0883,0.1037,0.1139,0.1113,0.0978,0.0876,0.1007,0.0942
CT017975,Zone_06,Zone_02,0.3867,0.1229,0.3867,0.0559,0.0392,0.0,0.0604,0.159,0.1758,0.0,0.0
CT001837,Zone_02,Zone_02,0.1388,0.0964,0.1388,0.1316,0.1033,0.0717,0.1277,0.11,0.1089,0.0262,0.0856
CT006709,Zone_07,Zone_01,0.337,0.337,0.0994,0.1438,0.1009,0.0,0.0,0.0962,0.1326,0.0,0.0901
CT014477,Zone_08,Zone_05,0.1743,0.1475,0.1161,0.0549,0.1092,0.1743,0.0396,0.1041,0.0537,0.1432,0.0574
CT014009,Zone_10,Zone_05,0.1586,0.0976,0.1097,0.1048,0.0868,0.1586,0.144,0.0923,0.0718,0.0,0.1343
CT006589,Zone_07,Zone_06,0.2102,0.1832,0.1121,0.0695,0.1073,0.0,0.2102,0.0604,0.1048,0.0,0.1525
CT018973,Zone_03,Zone_10,0.1591,0.088,0.1265,0.116,0.1061,0.1035,0.0582,0.1351,0.1076,0.0,0.1591
CT014074,Zone_07,Zone_01,0.1141,0.1141,0.0883,0.0883,0.1037,0.1139,0.1113,0.0978,0.0876,0.1007,0.0942
CT013415,Zone_04,Zone_08,0.2333,0.1133,0.1069,0.0309,0.0868,0.2209,0.0334,0.0776,0.2333,0.0,0.0969
CT013445,Zone_08,Zone_04,0.1798,0.0577,0.1136,0.1578,0.1798,0.0469,0.0852,0.1352,0.1156,0.0,0.1081
CT017387,Zone_07,Zone_03,0.197,0.0961,0.0908,0.197,0.129,0.0625,0.0,0.1361,0.165,0.0,0.1235
CT003559,Zone_08,Zone_01,0.1141,0.1141,0.0883,0.0883,0.1037,0.1139,0.1113,0.0978,0.0876,0.1007,0.0942
CT000203,Zone_07,Zone_01,0.1141,0.1141,0.0883,0.0883,0.1037,0.1139,0.1113,0.0978,0.0876,0.1007,0.0942
CT019211,Zone_07,Zone_01,0.1141,0.1141,0.0883,0.0883,0.1037,0.1139,0.1113,0.0978,0.0876,0.1007,0.0942
CT009621,Zone_03,Zone_01,0.1403,0.1403,0.0759,0.1078,0.1092,0.114,0.1293,0.1201,0.1003,0.0,0.1032
CT015768,Zone_07,Zone_01,0.1141,0.1141,0.0883,0.0883,0.1037,0.1139,0.1113,0.0978,0.0876,0.1007,0.0942
CT014520,Zone_08,Zone_01,0.1723,0.1723,0.0775,0.1009,0.1061,0.06,0.0908,0.0927,0.1549,0.0,0.1449
CT003684,Zone_08,Zone_02,0.1388,0.0964,0.1388,0.1316,0.1033,0.0717,0.1277,0.11,0.1089,0.0262,0.0856
CT016558,Zone_07,Zone_10,0.8075,0.0,0.0,0.0,0.1205,0.0,0.0,0.0,0.072,0.0,0.8075
CT014901,Zone_07,Zone_02,0.1388,0.0964,0.1388,0.1316,0.1033,0.0717,0.1277,0.11,0.1089,0.0262,0.0856
CT003830,Zone_08,Zone_10,0.3029,0.1348,0.1061,0.1013,0.0646,0.0219,0.0597,0.1047,0.1041,0.0,0.3029
CT014427,Zone_03,Zone_05,0.1586,0.0976,0.1097,0.1048,0.0868,0.1586,0.144,0.0923,0.0718,0.0,0.1343
CT010350,Zone_07,Zone_08,0.2016,0.0,0.1232,0.1069,0.1125,0.1273,0.0,0.1609,0.2016,0.0,0.1676
CT018832,Zone_07,Zone_02,0.1388,0.0964,0.1388,0.1316,0.1033,0.0717,0.1277,0.11,0.1089,0.0262,0.0856
CT005223,Zone_03,Zone_04,0.184,0.1397,0.0824,0.0477,0.184,0.1703,0.0515,0.1196,0.1299,0.0,0.0747
CT005942,Zone_08,Zone_10,0.4662,0.2179,0.0,0.0,0.1044,0.0,0.0,0.1492,0.0623,0.0,0.4662
CT006678,Zone_06,Zone_05,0.6836,0.1402,0.0,0.0,0.0,0.6836,0.0,0.096,0.0802,0.0,0.0
CT011365,Zone_07,Zone_01,0.1141,0.1141,0.0883,0.0883,0.1037,0.1139,0.1113,0.0978,0.0876,0.1007,0.0942
CT015572,Zone_10,Zone_01,0.6681,0.6681,0.0,0.0,0.16,0.0,0.0,0.0763,0.0956,0.0,0.0
CT008729,Zone_03,Zone_09,0.4669,0.0437,0.0344,0.0896,0.0,0.0,0.1936,0.0499,0.0751,0.4669,0.0468
CT017114,Zone_07,Zone_01,0.1733,0.1733,0.0909,0.1315,0.0646,0.1565,0.0284,0.1539,0.0771,0.0,0.1237
CT009196,Zone_03,Zone_03,0.1402,0.1303,0.1153,0.1402,0.1202,0.0953,0.0817,0.093,0.109,0.0174,0.0976
CT019541,Zone_02,Zone_05,0.6918,0.0,0.0,0.1454,0.102,0.6918,0.0,0.0,0.0609,0.0,0.0
CT006376,Zone_01,Zone_08,0.2333,0.1133,0.1069,0.0309,0.0868,0.2209,0.0334,0.0776,0.2333,0.0,0.0969
CT009868,Zone_07,Zone_07,0.1716,0.1378,0.1479,0.0428,0.09,0.1425,0.0555,0.1716,0.1183,0.0669,0.0268
CT018176,Zone_02,Zone_10,0.1737,0.1025,0.1076,0.1342,0.1105,0.0972,0.0756,0.1131,0.0855,0.0,0.1737
CT000131,Zone_01,Zone_01,0.1141,0.1141,0.0883,0.0883,0.1037,0.1139,0.1113,0.0978,0.0876,0.1007,0.0942
CT000231,Zone_03,Zone_04,0.1457,0.1204,0.1446,0.1341,0.1457,0.0721,0.0841,0.1085,0.0888,0.0,0.1017
CT010957,Zone_10,Zone_03,0.6325,0.0,0.1822,0.6325,0.0,0.0,0.0,0.0529,0.1325,0.0,0.0
CT017621,Zone_02,Zone_05,0.1425,0.1169,0.1117,0.0884,0.088,0.1425,0.1232,0.1011,0.1075,0.0223,0.0983
CT019419,Zone_04,Zone_09,0.3918,0.0734,0.0433,0.0627,0.0967,0.0596,0.0812,0.0628,0.0892,0.3918,0.0393
CT006272,Zone_01,Zone_01,0.2019,0.2019,0.0927,0.1839,0.0887,0.0273,0.0993,0.1114,0.0867,0.0,0.108
CT013032,Zone_04,Zone_01,0.1141,0.1141,0.0883,0.0883,0.1037,0.1139,0.1113,0.0978,0.0876,0.1007,0.0942
CT010314,Zone_09,Zone_04,0.184,0.1397,0.0824,0.0477,0.184,0.1703,0.0515,0.1196,0.1299,0.0,0.0747
CT017933,Zone_03,Zone_01,0.309,0.309,0.0608,0.0791,0.037,0.0,0.0,0.1147,0.1105,0.2062,0.0827
CT013585,Zone_07,Zone_01,0.1141,0.1141,0.0883,0.0883,0.1037,0.1139,0.1113,0.0978,0.0876,0.1007,0.0942
CT018945,Zone_05,Zone_02,0.1388,0.0964,0.1388,0.1316,0.1033,0.0717,0.1277,0.11,0.1089,0.0262,0.0856
CT018172,Zone_07,Zone_02,0.166,0.1356,0.166,0.0926,0.13,0.0735,0.1334,0.0654,0.0905,0.0,0.1129
CT000506,Zone_07,Zone_06,0.4184,0.2836,0.0,0.0,0.1358,0.0,0.4184,0.0,0.1622,0.0,0.0
CT015332,Zone_07,Zone_04,0.5458,0.0,0.0,0.3891,0.5458,0.0,0.0,0.065,0.0,0.0,0.0
CT001971,Zone_04,Zone_01,0.2104,0.2104,0.0276,0.0479,0.084,0.114,0.0,0.1361,0.0803,0.1872,0.1126
CT013285,Zone_10,Zone_01,0.1141,0.1141,0.0883,0.0883,0.1037,0.1139,0.1113,0.0978,0.0876,0.1007,0.0942
CT019599,Zone_08,Zone_05,0.1425,0.1169,0.1117,0.0884,0.088,0.1425,0.1232,0.1011,0.1075,0.0223,0.0983
CT001538,Zone_07,Zone_03,0.197,0.0961,0.0908,0.197,0.129,0.0625,0.0,0.1361,0.165,0.0,0.1235
CT009763,Zone_08,Zone_10,0.1591,0.088,0.1265,0.116,0.1061,0.1035,0.0582,0.1351,0.1076,0.0,0.1591
CT017572,Zone_01,Zone_03,0.1402,0.1303,0.1153,0.1402,0.1202,0.0953,0.0817,0.093,0.109,0.0174,0.0976
CT003353,Zone_02,Zone_01,0.1141,0.1141,0.0883,0.0883,0.1037,0.1139,0.1113,0.0978,0.0876,0.1007,0.0942
CT018723,Zone_07,Zone_10,0.3029,0.1348,0.1061,0.1013,0.0646,0.0219,0.0597,0.1047,0.1041,0.0,0.3029
CT002032,Zone_07,Zone_09,0.4326,0.0608,0.0159,0.0968,0.0582,0.0329,0.0299,0.0601,0.1043,0.4326,0.1084
CT009510,Zone_02,Zone_06,0.2024,0.0915,0.1439,0.0625,0.1314,0.0743,0.2024,0.1044,0.0916,0.0,0.0979
CT014308,Zone_10,Zone_10,0.1249,0.1068,0.0762,0.1171,0.094,0.105,0.0696,0.1202,0.1066,0.0796,0.1249
CT003586,Zone_07,Zone_01,0.1507,0.1507,0.0996,0.1317,0.1126,0.0392,0.0978,0.1046,0.1155,0.0322,0.1161
CT004769,Zone_01,Zone_04,0.2078,0.1928,0.0569,0.0823,0.2078,0.0783,0.0356,0.1706,0.1241,0.0,0.0516
CT002113,Zone_01,Zone_04,0.2819,0.0,0.2315,0.2009,0.2819,0.0,0.0,0.2015,0.0842,0.0,0.0
CT004926,Zone_04,Zone_10,0.1855,0.1733,0.0341,0.1184,0.1453,0.0,0.1279,0.0792,0.1364,0.0,0.1855
CT014947,Zone_02,Zone_03,0.1402,0.1303,0.1153,0.1402,0.1202,0.0953,0.0817,0.093,0.109,0.0174,0.0976
CT018857,Zone_07,Zone_10,0.6219,0.0,0.2286,0.0,0.0,0.0,0.0,0.0663,0.0831,0.0,0.6219
CT012590,Zone_07,Zone_10,0.4237,0.3959,0.0,0.1352,0.0,0.0,0.0,0.0452,0.0,0.0,0.4237
CT018040,Zone_07,Zone_03,0.3206,0.1304,0.1231,0.3206,0.1499,0.0424,0.0385,0.1429,0.0522,0.0,0.0
CT014349,Zone_10,Zone_01,0.1141,0.1141,0.0883,0.0883,0.1037,0.1139,0.1113,0.0978,0.0876,0.1007,0.0942
CT003478,Zone_06,Zone_01,0.1141,0.1141,0.0883,0.0883,0.1037,0.1139,0.1113,0.0978,0.0876,0.1007,0.0942
CT001175,Zone_07,Zone_05,0.1425,0.1169,0.1117,0.0884,0.088,0.1425,0.1232,0.1011,0.1075,0.0223,0.0983
CT016173,Zone_08,Zone_01,0.1141,0.1141,0.0883,0.0883,0.1037,0.1139,0.1113,0.0978,0.0876,0.1007,0.0942
CT002894,Zone_07,Zone_01,0.1141,0.1141,0.0883,0.0883,0.1037,0.1139,0.1113,0.0978,0.0876,0.1007,0.0942
CT006766,Zone_08,Zone_04,0.2792,0.0,0.0,0.2654,0.2792,0.0,0.0,0.1775,0.2779,0.0,0.0
CT019714,Zone_04,Zone_01,0.1723,0.1723,0.0775,0.1009,0.1061,0.06,0.0908,0.0927,0.1549,0.0,0.1449
CT009070,Zone_04,Zone_05,0.8277,0.0,0.1336,0.0,0.0,0.8277,0.0,0.0388,0.0,0.0,0.0
CT018415,Zone_02,Zone_08,0.2123,0.131,0.1031,0.1193,0.0837,0.071,0.0,0.1396,0.2123,0.0,0.1402
CT003124,Zone_08,Zone_02,0.8211,0.0,0.8211,0.0,0.0,0.0,0.0,0.0794,0.0995,0.0,0.0
CT007754,Zone_07,Zone_04,0.1457,0.1204,0.1446,0.1341,0.1457,0.0721,0.0841,0.1085,0.0888,0.0,0.1017
CT015637,Zone_08,Zone_05,0.1586,0.0976,0.1097,0.1048,0.0868,0.1586,0.144,0.0923,0.0718,0.0,0.1343
CT019802,Zone_08,Zone_06,0.2431,0.1177,0.1296,0.1125,0.1691,0.0383,0.2431,0.1021,0.0875,0.0,0.0
CT011523,Zone_07,Zone_06,0.1824,0.0742,0.0876,0.1013,0.0888,0.1406,0.1824,0.0903,0.1026,0.066,0.0661
CT009105,Zone_07,Zone_07,0.1716,0.1378,0.1479,0.0428,0.09,0.1425,0.0555,0.1716,0.1183,0.0669,0.0268
CT009213,Zone_03,Zone_10,0.1591,0.088,0.1265,0.116,0.1061,0.1035,0.0582,0.1351,0.1076,0.0,0.1591
CT009486,Zone_04,Zone_05,0.4486,0.0,0.0,0.1885,0.0,0.4486,0.0,0.126,0.2369,0.0,0.0
CT011988,Zone_01,Zone_01,0.1141,0.1141,0.0883,0.0883,0.1037,0.1139,0.1113,0.0978,0.0876,0.1007,0.0942
CT012441,Zone_07,Zone_06,0.2102,0.1832,0.1121,0.0695,0.1073,0.0,0.2102,0.0604,0.1048,0.0,0.1525
CT015020,Zone_04,Zone_02,0.1388,0.0964,0.1388,0.1316,0.1033,0.0717,0.1277,0.11,0.1089,0.0262,0.0856
CT009969,Zone_01,Zone_09,0.7439,0.0,0.1096,0.0,0.0667,0.0,0.0,0.0,0.0797,0.7439,0.0
CT014240,Zone_02,Zone_10,0.1737,0.1025,0.1076,0.1342,0.1105,0.0972,0.0756,0.1131,0.0855,0.0,0.1737
CT011158,Zone_07,Zone_02,0.1388,0.0964,0.1388,0.1316,0.1033,0.0717,0.1277,0.11,0.1089,0.0262,0.0856
CT012167,Zone_08,Zone_09,0.3855,0.0181,0.1279,0.111,0.0432,0.0,0.1066,0.1072,0.062,0.3855,0.0386
CT000660,Zone_05,Zone_07,0.3191,0.0,0.2749,0.2386,0.1674,0.0,0.0,0.3191,0.0,0.0,0.0
CT002369,Zone_05,Zone_01,0.2917,0.2917,0.2295,0.1992,0.2795,0.0,0.0,0.0,0.0,0.0,0.0
CT017086,Zone_05,Zone_05,0.1743,0.1475,0.1161,0.0549,0.1092,0.1743,0.0396,0.1041,0.0537,0.1432,0.0574
CT001661,Zone_03,Zone_01,0.1507,0.1507,0.0996,0.1317,0.1126,0.0392,0.0978,0.1046,0.1155,0.0322,0.1161
CT014557,Zone_02,Zone_06,0.224,0.1619,0.0637,0.0899,0.0776,0.0658,0.224,0.1017,0.1071,0.0,0.1083
CT008914,Zone_08,Zone_04,0.2078,0.1928,0.0569,0.0823,0.2078,0.0783,0.0356,0.1706,0.1241,0.0,0.0516
CT014438,Zone_08,Zone_09,0.5824,0.0,0.0858,0.0,0.0523,0.0,0.161,0.0249,0.0936,0.5824,0.0
CT006585,Zone_08,Zone_10,0.1591,0.088,0.1265,0.116,0.1061,0.1035,0.0582,0.1351,0.1076,0.0,0.1591
CT015952,Zone_01,Zone_10,0.4852,0.0,0.1784,0.1548,0.0,0.0,0.0,0.0518,0.1297,0.0,0.4852
CT010397,Zone_02,Zone_01,0.1141,0.1141,0.0883,0.0883,0.1037,0.1139,0.1113,0.0978,0.0876,0.1007,0.0942
CT009786,Zone_08,Zone_09,0.1658,0.132,0.1039,0.0795,0.1041,0.0757,0.0916,0.0886,0.1088,0.1658,0.0498
CT015355,Zone_03,Zone_01,0.1141,0.1141,0.0883,0.0883,0.1037,0.1139,0.1113,0.0978,0.0876,0.1007,0.0942
CT014779,Zone_06,Zone_10,0.1249,0.1068,0.0762,0.1171,0.094,0.105,0.0696,0.1202,0.1066,0.0796,0.1249
CT007010,Zone_07,Zone_04,0.3056,0.2126,0.0558,0.0,0.3056,0.1152,0.0,0.1133,0.1217,0.0,0.0758
CT000935,Zone_07,Zone_03,0.3206,0.1304,0.1231,0.3206,0.1499,0.0424,0.0385,0.1429,0.0522,0.0,0.0
CT009315,Zone_01,Zone_05,0.4561,0.0,0.0,0.3833,0.0,0.4561,0.0,0.0,0.1606,0.0,0.0
CT000672,Zone_07,Zone_06,0.32,0.1446,0.1138,0.0988,0.0346,0.0,0.32,0.066,0.1448,0.0,0.0774
CT005093,Zone_04,Zone_03,0.197,0.0961,0.0908,0.197,0.129,0.0625,0.0,0.1361,0.165,0.0,0.1235
CT005825,Zone_05,Zone_02,0.3119,0.0,0.3119,0.0,0.1899,0.0,0.0,0.2715,0.2268,0.0,0.0
CT016209,Zone_07,Zone_01,0.2233,0.2233,0.0351,0.122,0.0428,0.2178,0.1318,0.1122,0.115,0.0,0.0
CT008799,Zone_03,Zone_01,0.6779,0.6779,0.0,0.1543,0.0,0.0,0.0,0.1032,0.0646,0.0,0.0
CT014280,Zone_08,Zone_02,0.1388,0.0964,0.1388,0.1316,0.1033,0.0717,0.1277,0.11,0.1089,0.0262,0.0856
CT011090,Zone_08,Zone_02,0.1388,0.0964,0.1388,0.1316,0.1033,0.0717,0.1277,0.11,0.1089,0.0262,0.0856
CT009745,Zone_07,Zone_10,0.1249,0.1068,0.0762,0.1171,0.094,0.105,0.0696,0.1202,0.1066,0.0796,0.1249
CT000880,Zone_07,Zone_01,0.1141,0.1141,0.0883,0.0883,0.1037,0.1139,0.1113,0.0978,0.0876,0.1007,0.0942
CT000492,Zone_07,Zone_05,0.1743,0.1475,0.1161,0.0549,0.1092,0.1743,0.0396,0.1041,0.0537,0.1432,0.0574
CT004232,Zone_02,Zone_01,0.1141,0.1141,0.0883,0.0883,0.1037,0.1139,0.1113,0.0978,0.0876,0.1007,0.0942
CT013753,Zone_06,Zone_04,0.1457,0.1204,0.1446,0.1341,0.1457,0.0721,0.0841,0.1085,0.0888,0.0,0.1017
CT002636,Zone_08,Zone_01,0.1403,0.1403,0.0759,0.1078,0.1092,0.114,0.1293,0.1201,0.1003,0.0,0.1032
CT000983,Zone_07,Zone_09,0.2401,0.1349,0.0354,0.0614,0.0754,0.0365,0.0663,0.077,0.1286,0.2401,0.1443
CT011627,Zone_01,Zone_02,0.363,0.2307,0.363,0.0,0.0,0.0,0.3403,0.0,0.066,0.0,0.0
CT002498,Zone_01,Zone_10,0.2028,0.0237,0.1864,0.0647,0.1816,0.077,0.035,0.0865,0.1423,0.0,0.2028
CT003560,Zone_08,Zone_02,0.6652,0.0,0.6652,0.0,0.0,0.0,0.0,0.0483,0.0605,0.0,0.2261
CT017795,Zone_08,Zone_02,0.1388,0.0964,0.1388,0.1316,0.1033,0.0717,0.1277,0.11,0.1089,0.0262,0.0856
CT006943,Zone_07,Zone_05,0.1586,0.0976,0.1097,0.1048,0.0868,0.1586,0.144,0.0923,0.0718,0.0,0.1343
CT000679,Zone_03,Zone_06,0.2798,0.1897,0.0746,0.0648,0.1363,0.0,0.2798,0.065,0.1899,0.0,0.0
CT011767,Zone_07,Zone_02,0.1388,0.0964,0.1388,0.1316,0.1033,0.0717,0.1277,0.11,0.1089,0.0262,0.0856
CT001081,Zone_04,Zone_05,0.4957,0.0,0.0,0.1042,0.3653,0.4957,0.0,0.0348,0.0,0.0,0.0
CT008974,Zone_02,Zone_06,0.2431,0.1177,0.1296,0.1125,0.1691,0.0383,0.2431,0.1021,0.0875,0.0,0.0
CT004965,Zone_04,Zone_07,0.6661,0.0,0.0,0.0,0.0,0.0,0.0,0.6661,0.3339,0.0,0.0
CT002338,Zone_05,Zone_04,0.184,0.1397,0.0824,0.0477,0.184,0.1703,0.0515,0.1196,0.1299,0.0,0.0747
CT010175,Zone_01,Zone_10,0.5417,0.0,0.1328,0.0,0.1617,0.0,0.0,0.1156,0.0483,0.0,0.5417
CT003111,Zone_04,Zone_03,0.1402,0.1303,0.1153,0.1402,0.1202,0.0953,0.0817,0.093,0.109,0.0174,0.0976
CT016461,Zone_04,Zone_03,0.197,0.0961,0.0908,0.197,0.129,0.0625,0.0,0.1361,0.165,0.0,0.1235
CT012844,Zone_01,Zone_04,0.4044,0.0,0.0,0.1441,0.4044,0.343,0.0,0.0482,0.0604,0.0,0.0
CT003410,Zone_03,Zone_02,0.1388,0.0964,0.1388,0.1316,0.1033,0.0717,0.1277,0.11,0.1089,0.0262,0.0856
CT007834,Zone_07,Zone_06,0.6329,0.0,0.0,0.1465,0.0,0.0,0.6329,0.0979,0.1227,0.0,0.0
CT014286,Zone_03,Zone_01,0.1141,0.1141,0.0883,0.0883,0.1037,0.1139,0.1113,0.0978,0.0876,0.1007,0.0942
CT019612,Zone_07,Zone_03,0.1402,0.1303,0.1153,0.1402,0.1202,0.0953,0.0817,0.093,0.109,0.0174,0.0976
CT014305,Zone_10,Zone_02,0.3812,0.0404,0.3812,0.1379,0.174,0.0,0.0596,0.083,0.0808,0.0,0.0432
CT003385,Zone_01,Zone_01,0.2019,0.2019,0.0927,0.1839,0.0887,0.0273,0.0993,0.1114,0.0867,0.0,0.108
CT019244,Zone_07,Zone_01,0.1141,0.1141,0.0883,0.0883,0.1037,0.1139,0.1113,0.0978,0.0876,0.1007,0.0942
CT016500,Zone_04,Zone_01,0.1723,0.1723,0.0775,0.1009,0.1061,0.06,0.0908,0.0927,0.1549,0.0,0.1449
CT005770,Zone_07,Zone_02,0.363,0.2307,0.363,0.0,0.0,0.0,0.3403,0.0,0.066,0.0,0.0
CT006311,Zone_03,Zone_01,0.1141,0.1141,0.0883,0.0883,0.1037,0.1139,0.1113,0.0978,0.0876,0.1007,0.0942
CT006631,Zone_07,Zone_01,0.1141,0.1141,0.0883,0.0883,0.1037,0.1139,0.1113,0.0978,0.0876,0.1007,0.0942
CT014224,Zone_10,Zone_06,0.1863,0.1052,0.0331,0.115,0.1311,0.0342,0.1863,0.1153,0.1445,0.0,0.1351
CT006479,Zone_04,Zone_01,0.5993,0.5993,0.0,0.0,0.1435,0.0,0.0,0.0,0.2572,0.0,0.0
CT012861,Zone_07,Zone_09,0.2401,0.1349,0.0354,0.0614,0.0754,0.0365,0.0663,0.077,0.1286,0.2401,0.1443
CT007324,Zone_10,Zone_02,0.1388,0.0964,0.1388,0.1316,0.1033,0.0717,0.1277,0.11,0.1089,0.0262,0.0856
CT004164,Zone_05,Zone_10,0.1249,0.1068,0.0762,0.1171,0.094,0.105,0.0696,0.1202,0.1066,0.0796,0.1249
CT009526,Zone_07,Zone_10,0.1249,0.1068,0.0762,0.1171,0.094,0.105,0.0696,0.1202,0.1066,0.0796,0.1249
CT016947,Zone_06,Zone_10,0.1249,0.1068,0.0762,0.1171,0.094,0.105,0.0696,0.1202,0.1066,0.0796,0.1249
CT017124,Zone_10,Zone_06,0.5892,0.0,0.0,0.0,0.0,0.0,0.5892,0.1823,0.2285,0.0,0.0
CT019690,Zone_08,Zone_07,0.1716,0.1378,0.1479,0.0428,0.09,0.1425,0.0555,0.1716,0.1183,0.0669,0.0268
CT014508,Zone_02,Zone_06,0.1824,0.0742,0.0876,0.1013,0.0888,0.1406,0.1824,0.0903,0.1026,0.066,0.0661
CT004472,Zone_04,Zone_03,0.1402,0.1303,0.1153,0.1402,0.1202,0.0953,0.0817,0.093,0.109,0.0174,0.0976
CT014473,Zone_03,Zone_02,0.1388,0.0964,0.1388,0.1316,0.1033,0.0717,0.1277,0.11,0.1089,0.0262,0.0856
CT003954,Zone_08,Zone_01,0.1403,0.1403,0.0759,0.1078,0.1092,0.114,0.1293,0.1201,0.1003,0.0,0.1032
CT003832,Zone_07,Zone_02,0.3867,0.1229,0.3867,0.0559,0.0392,0.0,0.0604,0.159,0.1758,0.0,0.0
CT019581,Zone_01,Zone_01,0.1507,0.1507,0.0996,0.1317,0.1126,0.0392,0.0978,0.1046,0.1155,0.0322,0.1161
CT000595,Zone_02,Zone_02,0.1388,0.0964,0.1388,0.1316,0.1033,0.0717,0.1277,0.11,0.1089,0.0262,0.0856
CT001586,Zone_10,Zone_05,0.2784,0.1402,0.1348,0.1276,0.0448,0.2784,0.023,0.1031,0.098,0.0,0.05
CT008849,Zone_07,Zone_10,0.1569,0.0838,0.0989,0.1073,0.1254,0.0511,0.1391,0.1267,0.1109,0.0,0.1569
CT018566,Zone_07,Zone_02,0.1388,0.0964,0.1388,0.1316,0.1033,0.0717,0.1277,0.11,0.1089,0.0262,0.0856
CT007235,Zone_08,Zone_01,0.3524,0.3524,0.2773,0.0,0.1688,0.0,0.0,0.0,0.2016,0.0,0.0
CT002999,Zone_10,Zone_02,0.1388,0.0964,0.1388,0.1316,0.1033,0.0717,0.1277,0.11,0.1089,0.0262,0.0856
CT010792,Zone_07,Zone_01,0.2233,0.2233,0.0351,0.122,0.0428,0.2178,0.1318,0.1122,0.115,0.0,0.0
CT015872,Zone_10,Zone_01,0.1141,0.1141,0.0883,0.0883,0.1037,0.1139,0.1113,0.0978,0.0876,0.1007,0.0942
CT008488,Zone_02,Zone_10,0.356,0.3327,0.0,0.0,0.1594,0.0,0.0,0.1519,0.0,0.0,0.356
CT016060,Zone_08,Zone_02,0.1388,0.0964,0.1388,0.1316,0.1033,0.0717,0.1277,0.11,0.1089,0.0262,0.0856
CT013929,Zone_07,Zone_07,0.2208,0.0,0.2174,0.0943,0.0662,0.0,0.2038,0.2208,0.1976,0.0,0.0
CT014966,Zone_08,Zone_03,0.3206,0.1304,0.1231,0.3206,0.1499,0.0424,0.0385,0.1429,0.0522,0.0,0.0
CT000633,Zone_02,Zone_01,0.1141,0.1141,0.0883,0.0883,0.1037,0.1139,0.1113,0.0978,0.0876,0.1007,0.0942
CT019291,Zone_02,Zone_10,0.2151,0.1675,0.0659,0.0687,0.1284,0.0545,0.0989,0.1339,0.0671,0.0,0.2151
CT015071,Zone_02,Zone_05,0.7211,0.0,0.0,0.0,0.0,0.7211,0.0,0.152,0.1269,0.0,0.0
CT017340,Zone_03,Zone_05,0.1425,0.1169,0.1117,0.0884,0.088,0.1425,0.1232,0.1011,0.1075,0.0223,0.0983
CT018421,Zone_06,Zone_01,0.2104,0.2104,0.0276,0.0479,0.084,0.114,0.0,0.1361,0.0803,0.1872,0.1126
CT016335,Zone_07,Zone_02,0.245,0.2335,0.245,0.1063,0.1864,0.1265,0.0,0.0355,0.0668,0.0,0.0
CT009391,Zone_08,Zone_03,0.1402,0.1303,0.1153,0.1402,0.1202,0.0953,0.0817,0.093,0.109,0.0174,0.0976
CT005031,Zone_02,Zone_03,0.6377,0.0,0.1837,0.6377,0.1118,0.0,0.0,0.0,0.0668,0.0,0.0
CT003662,Zone_06,Zone_03,0.2748,0.0,0.1583,0.2748,0.0964,0.0,0.1484,0.0919,0.2302,0.0,0.0
CT000080,Zone_07,Zone_10,0.3029,0.1348,0.1061,0.1013,0.0646,0.0219,0.0597,0.1047,0.1041,0.0,0.3029
CT005513,Zone_08,Zone_01,0.6813,0.6813,0.0,0.0,0.1632,0.0,0.0,0.1556,0.0,0.0,0.0
CT003828,Zone_04,Zone_01,0.2019,0.2019,0.0927,0.1839,0.0887,0.0273,0.0993,0.1114,0.0867,0.0,0.108
CT006081,Zone_01,Zone_06,0.1863,0.1052,0.0331,0.115,0.1311,0.0342,0.1863,0.1153,0.1445,0.0,0.1351
CT016370,Zone_04,Zone_05,0.1425,0.1169,0.1117,0.0884,0.088,0.1425,0.1232,0.1011,0.1075,0.0223,0.0983
CT014113,Zone_08,Zone_10,0.3029,0.1348,0.1061,0.1013,0.0646,0.0219,0.0597,0.1047,0.1041,0.0,0.3029
CT003925,Zone_01,Zone_01,0.2233,0.2233,0.0351,0.122,0.0428,0.2178,0.1318,0.1122,0.115,0.0,0.0
CT018540,Zone_04,Zone_01,0.2138,0.2138,0.1346,0.0584,0.0819,0.0,0.0,0.166,0.208,0.0,0.1373
CT019500,Zone_07,Zone_10,0.1591,0.088,0.1265,0.116,0.1061,0.1035,0.0582,0.1351,0.1076,0.0,0.1591
CT002248,Zone_08,Zone_10,0.1591,0.088,0.1265,0.116,0.1061,0.1035,0.0582,0.1351,0.1076,0.0,0.1591
CT006715,Zone_08,Zone_10,0.1737,0.1025,0.1076,0.1342,0.1105,0.0972,0.0756,0.1131,0.0855,0.0,0.1737
CT014175,Zone_01,Zone_02,0.1388,0.0964,0.1388,0.1316,0.1033,0.0717,0.1277,0.11,0.1089,0.0262,0.0856
CT009301,Zone_07,Zone_10,0.3029,0.1348,0.1061,0.1013,0.0646,0.0219,0.0597,0.1047,0.1041,0.0,0.3029
CT008040,Zone_07,Zone_04,0.3056,0.2126,0.0558,0.0,0.3056,0.1152,0.0,0.1133,0.1217,0.0,0.0758
CT017007,Zone_07,Zone_05,0.7326,0.0,0.0,0.0,0.2159,0.7326,0.0,0.0515,0.0,0.0,0.0
CT012420,Zone_01,Zone_08,0.3326,0.0,0.3049,0.0,0.1856,0.0,0.0,0.1769,0.3326,0.0,0.0
CT016181,Zone_06,Zone_04,0.3808,0.1987,0.0,0.0,0.3808,0.0,0.0,0.1361,0.2843,0.0,0.0
CT007175,Zone_04,Zone_04,0.1798,0.0577,0.1136,0.1578,0.1798,0.0469,0.0852,0.1352,0.1156,0.0,0.1081
CT016737,Zone_08,Zone_10,0.1737,0.1025,0.1076,0.1342,0.1105,0.0972,0.0756,0.1131,0.0855,0.0,0.1737
CT009634,Zone_04,Zone_10,0.5149,0.0,0.0,0.2191,0.0,0.0,0.0,0.0366,0.2294,0.0,0.5149
CT014245,Zone_04,Zone_05,0.2859,0.0,0.0,0.2403,0.0843,0.2859,0.0,0.0,0.2013,0.0,0.1882
CT000710,Zone_08,Zone_05,0.1425,0.1169,0.1117,0.0884,0.088,0.1425,0.1232,0.1011,0.1075,0.0223,0.0983
CT000870,Zone_01,Zone_01,0.2017,0.2017,0.1299,0.1879,0.0527,0.0894,0.0812,0.1131,0.1049,0.0,0.0392
CT006696,Zone_04,Zone_02,0.1388,0.0964,0.1388,0.1316,0.1033,0.0717,0.1277,0.11,0.1089,0.0262,0.0856
CT004804,Zone_08,Zone_01,0.1141,0.1141,0.0883,0.0883,0.1037,0.1139,0.1113,0.0978,0.0876,0.1007,0.0942
CT006299,Zone_04,Zone_05,0.1425,0.1169,0.1117,0.0884,0.088,0.1425,0.1232,0.1011,0.1075,0.0223,0.0983
CT015789,Zone_08,Zone_03,0.1402,0.1303,0.1153,0.1402,0.1202,0.0953,0.0817,0.093,0.109,0.0174,0.0976
CT017294,Zone_01,Zone_09,0.7103,0.0,0.1047,0.0909,0.0637,0.0,0.0,0.0304,0.0,0.7103,0.0
CT016179,Zone_04,Zone_01,0.309,0.309,0.0608,0.0791,0.037,0.0,0.0,0.1147,0.1105,0.2062,0.0827
CT003183,Zone_08,Zone_02,0.1388,0.0964,0.1388,0.1316,0.1033,0.0717,0.1277,0.11,0.1089,0.0262,0.0856
CT019007,Zone_06,Zone_10,0.1249,0.1068,0.0762,0.1171,0.094,0.105,0.0696,0.1202,0.1066,0.0796,0.1249
CT004560,Zone_07,Zone_10,0.1737,0.1025,0.1076,0.1342,0.1105,0.0972,0.0756,0.1131,0.0855,0.0,0.1737
CT016920,Zone_03,Zone_02,0.252,0.0961,0.252,0.1313,0.0767,0.0,0.0473,0.0878,0.1375,0.0,0.1714
CT013311,Zone_07,Zone_05,0.3408,0.0,0.0,0.1074,0.2009,0.3408,0.0,0.1077,0.075,0.0,0.1683
CT006160,Zone_10,Zone_09,0.6957,0.0,0.0,0.267,0.0,0.0,0.0,0.0,0.0373,0.6957,0.0
CT015337,Zone_08,Zone_05,0.6836,0.1402,0.0,0.0,0.0,0.6836,0.0,0.096,0.0802,0.0,0.0
CT003326,Zone_07,Zone_01,0.1141,0.1141,0.0883,0.0883,0.1037,0.1139,0.1113,0.0978,0.0876,0.1007,0.0942
CT006185,Zone_01,Zone_01,0.1141,0.1141,0.0883,0.0883,0.1037,0.1139,0.1113,0.0978,0.0876,0.1007,0.0942
CT008840,Zone_08,Zone_06,0.4331,0.0,0.231,0.0,0.0,0.0,0.4331,0.0,0.3359,0.0,0.0
CT012215,Zone_08,Zone_10,0.8619,0.0,0.0,0.0,0.0,0.0,0.0,0.0613,0.0768,0.0,0.8619
CT018999,Zone_07,Zone_05,0.1425,0.1169,0.1117,0.0884,0.088,0.1425,0.1232,0.1011,0.1075,0.0223,0.0983
CT005260,Zone_01,Zone_01,0.2104,0.2104,0.0276,0.0479,0.084,0.114,0.0,0.1361,0.0803,0.1872,0.1126
CT018337,Zone_04,Zone_09,0.3918,0.0734,0.0433,0.0627,0.0967,0.0596,0.0812,0.0628,0.0892,0.3918,0.0393
CT011398,Zone_08,Zone_05,0.4753,0.0,0.0,0.0,0.1401,0.4753,0.0,0.1336,0.251,0.0,0.0
CT013822,Zone_06,Zone_10,0.2388,0.0837,0.0439,0.0571,0.1603,0.136,0.0412,0.1274,0.1117,0.0,0.2388
CT012567,Zone_08,Zone_06,0.1863,0.1052,0.0331,0.115,0.1311,0.0342,0.1863,0.1153,0.1445,0.0,0.1351
CT018106,Zone_07,Zone_10,0.1591,0.088,0.1265,0.116,0.1061,0.1035,0.0582,0.1351,0.1076,0.0,0.1591
CT011405,Zone_08,Zone_06,0.8662,0.0,0.0,0.1002,0.0,0.0,0.8662,0.0335,0.0,0.0,0.0
CT015663,Zone_06,Zone_02,0.5182,0.0,0.5182,0.0,0.0526,0.1784,0.0,0.1253,0.1256,0.0,0.0
CT010998,Zone_07,Zone_05,0.2171,0.0742,0.0701,0.1014,0.0356,0.2171,0.1752,0.0678,0.1316,0.0,0.1271
CT010466,Zone_07,Zone_04,0.1457,0.1204,0.1446,0.1341,0.1457,0.0721,0.0841,0.1085,0.0888,0.0,0.1017
CT013578,Zone_10,Zone_01,0.1141,0.1141,0.0883,0.0883,0.1037,0.1139,0.1113,0.0978,0.0876,0.1007,0.0942
CT006967,Zone_07,Zone_02,0.1388,0.0964,0.1388,0.1316,0.1033,0.0717,0.1277,0.11,0.1089,0.0262,0.0856
CT010607,Zone_05,Zone_01,0.1507,0.1507,0.0996,0.1317,0.1126,0.0392,0.0978,0.1046,0.1155,0.0322,0.1161
CT019366,Zone_07,Zone_06,0.5618,0.0,0.0,0.26,0.0912,0.0,0.5618,0.0869,0.0,0.0,0.0
CT007464,Zone_06,Zone_09,0.5926,0.0,0.0,0.0,0.1063,0.0,0.0,0.0,0.0635,0.5926,0.2375
CT006398,Zone_03,Zone_07,1.0,0.0,0.0,0.0,0.0,0.0,0.0,1.0,0.0,0.0,0.0
CT017277,Zone_10,Zone_01,0.2565,0.2565,0.0,0.1752,0.2458,0.0,0.0,0.1757,0.1468,0.0,0.0
CT018199,Zone_07,Zone_05,0.3344,0.2058,0.081,0.0703,0.0986,0.3344,0.0,0.0705,0.0294,0.0,0.1101
CT012748,Zone_04,Zone_05,0.6642,0.0,0.0,0.0,0.1958,0.6642,0.0,0.14,0.0,0.0,0.0
CT000149,Zone_08,Zone_06,0.3067,0.2078,0.1635,0.0,0.0996,0.0,0.3067,0.0,0.0,0.0,0.2224
CT019626,Zone_02,Zone_03,0.2748,0.0,0.1583,0.2748,0.0964,0.0,0.1484,0.0919,0.2302,0.0,0.0
CT008011,Zone_10,Zone_03,0.1402,0.1303,0.1153,0.1402,0.1202,0.0953,0.0817,0.093,0.109,0.0174,0.0976
CT015467,Zone_07,Zone_07,0.6661,0.0,0.0,0.0,0.0,0.0,0.0,0.6661,0.3339,0.0,0.0
CT011287,Zone_10,Zone_04,0.1457,0.1204,0.1446,0.1341,0.1457,0.0721,0.0841,0.1085,0.0888,0.0,0.1017
CT007189,Zone_03,Zone_10,0.1591,0.088,0.1265,0.116,0.1061,0.1035,0.0582,0.1351,0.1076,0.0,0.1591
CT010435,Zone_04,Zone_06,0.1824,0.0742,0.0876,0.1013,0.0888,0.1406,0.1824,0.0903,0.1026,0.066,0.0661
CT017259,Zone_04,Zone_02,0.1388,0.0964,0.1388,0.1316,0.1033,0.0717,0.1277,0.11,0.1089,0.0262,0.0856
CT017613,Zone_04,Zone_10,0.1249,0.1068,0.0762,0.1171,0.094,0.105,0.0696,0.1202,0.1066,0.0796,0.1249
CT010625,Zone_08,Zone_03,0.197,0.0961,0.0908,0.197,0.129,0.0625,0.0,0.1361,0.165,0.0,0.1235
CT008775,Zone_08,Zone_08,0.5408,0.0,0.2125,0.0,0.0,0.0,0.0,0.2467,0.5408,0.0,0.0
CT001153,Zone_03,Zone_01,0.1141,0.1141,0.0883,0.0883,0.1037,0.1139,0.1113,0.0978,0.0876,0.1007,0.0942
CT018217,Zone_08,Zone_02,0.1388,0.0964,0.1388,0.1316,0.1033,0.0717,0.1277,0.11,0.1089,0.0262,0.0856
CT004556,Zone_07,Zone_09,0.1658,0.132,0.1039,0.0795,0.1041,0.0757,0.0916,0.0886,0.1088,0.1658,0.0498
CT018715,Zone_07,Zone_06,0.2914,0.1128,0.0222,0.0771,0.0541,0.0917,0.2914,0.1353,0.0646,0.0,0.1509
CT017330,Zone_03,Zone_03,0.6377,0.0,0.1837,0.6377,0.1118,0.0,0.0,0.0,0.0668,0.0,0.0
CT002345,Zone_08,Zone_02,0.4382,0.0,0.4382,0.2852,0.1334,0.0,0.0,0.0636,0.0797,0.0,0.0
CT002196,Zone_08,Zone_10,0.1249,0.1068,0.0762,0.1171,0.094,0.105,0.0696,0.1202,0.1066,0.0796,0.1249
CT005233,Zone_08,Zone_04,0.1798,0.0577,0.1136,0.1578,0.1798,0.0469,0.0852,0.1352,0.1156,0.0,0.1081
CT008826,Zone_07,Zone_10,0.1569,0.0838,0.0989,0.1073,0.1254,0.0511,0.1391,0.1267,0.1109,0.0,0.1569
CT018546,Zone_07,Zone_01,0.1403,0.1403,0.0759,0.1078,0.1092,0.114,0.1293,0.1201,0.1003,0.0,0.1032
CT008726,Zone_06,Zone_06,0.2024,0.0915,0.1439,0.0625,0.1314,0.0743,0.2024,0.1044,0.0916,0.0,0.0979
CT001878,Zone_04,Zone_01,0.1141,0.1141,0.0883,0.0883,0.1037,0.1139,0.1113,0.0978,0.0876,0.1007,0.0942
CT012711,Zone_07,Zone_01,0.1141,0.1141,0.0883,0.0883,0.1037,0.1139,0.1113,0.0978,0.0876,0.1007,0.0942
CT012856,Zone_07,Zone_10,0.1737,0.1025,0.1076,0.1342,0.1105,0.0972,0.0756,0.1131,0.0855,0.0,0.1737
CT012822,Zone_04,Zone_05,0.487,0.0,0.0,0.0,0.3589,0.487,0.0,0.0684,0.0857,0.0,0.0
CT001755,Zone_04,Zone_07,0.2966,0.1856,0.0,0.0,0.1334,0.0,0.0,0.2966,0.1858,0.0,0.1986
CT012615,Zone_03,Zone_01,0.1141,0.1141,0.0883,0.0883,0.1037,0.1139,0.1113,0.0978,0.0876,0.1007,0.0942
CT012617,Zone_07,Zone_02,0.3341,0.0,0.3341,0.0414,0.2034,0.0986,0.0,0.0969,0.2256,0.0,0.0
CT007347,Zone_04,Zone_01,0.1141,0.1141,0.0883,0.0883,0.1037,0.1139,0.1113,0.0978,0.0876,0.1007,0.0942
CT013599,Zone_04,Zone_10,0.1591,0.088,0.1265,0.116,0.1061,0.1035,0.0582,0.1351,0.1076,0.0,0.1591
CT015792,Zone_07,Zone_01,0.1141,0.1141,0.0883,0.0883,0.1037,0.1139,0.1113,0.0978,0.0876,0.1007,0.0942
CT018839,Zone_02,Zone_10,0.1249,0.1068,0.0762,0.1171,0.094,0.105,0.0696,0.1202,0.1066,0.0796,0.1249
CT001932,Zone_08,Zone_01,0.1507,0.1507,0.0996,0.1317,0.1126,0.0392,0.0978,0.1046,0.1155,0.0322,0.1161
CT001394,Zone_02,Zone_04,0.2078,0.1928,0.0569,0.0823,0.2078,0.0783,0.0356,0.1706,0.1241,0.0,0.0516
CT007076,Zone_08,Zone_05,0.1586,0.0976,0.1097,0.1048,0.0868,0.1586,0.144,0.0923,0.0718,0.0,0.1343
CT016131,Zone_02,Zone_05,0.2043,0.1109,0.0815,0.0859,0.0815,0.2043,0.0764,0.0962,0.0973,0.079,0.087
CT017687,Zone_04,Zone_09,0.2122,0.1034,0.0876,0.1086,0.0609,0.0388,0.1056,0.1053,0.0842,0.2122,0.0936
CT005690,Zone_06,Zone_02,0.4189,0.0,0.4189,0.0,0.1275,0.0,0.3928,0.0608,0.0,0.0,0.0
CT014108,Zone_01,Zone_02,0.1388,0.0964,0.1388,0.1316,0.1033,0.0717,0.1277,0.11,0.1089,0.0262,0.0856
CT013335,Zone_08,Zone_01,0.1141,0.1141,0.0883,0.0883,0.1037,0.1139,0.1113,0.0978,0.0876,0.1007,0.0942
CT016143,Zone_01,Zone_09,0.2401,0.1349,0.0354,0.0614,0.0754,0.0365,0.0663,0.077,0.1286,0.2401,0.1443
CT011875,Zone_07,Zone_04,0.1798,0.0577,0.1136,0.1578,0.1798,0.0469,0.0852,0.1352,0.1156,0.0,0.1081
CT015782,Zone_07,Zone_01,0.1723,0.1723,0.0775,0.1009,0.1061,0.06,0.0908,0.0927,0.1549,0.0,0.1449
CT005171,Zone_08,Zone_06,0.32,0.1446,0.1138,0.0988,0.0346,0.0,0.32,0.066,0.1448,0.0,0.0774
CT013015,Zone_04,Zone_05,0.2784,0.1402,0.1348,0.1276,0.0448,0.2784,0.023,0.1031,0.098,0.0,0.05
CT009135,Zone_02,Zone_08,0.2525,0.1961,0.0772,0.067,0.047,0.0797,0.0,0.1232,0.2525,0.0,0.1574
CT011714,Zone_04,Zone_10,0.8004,0.0,0.0,0.0,0.0,0.0,0.0,0.0569,0.1427,0.0,0.8004
CT019739,Zone_04,Zone_09,0.6641,0.0,0.0979,0.0,0.0397,0.0,0.0,0.0947,0.0593,0.6641,0.0444
CT010826,Zone_08,Zone_10,0.7669,0.0,0.141,0.0,0.0,0.0,0.0,0.0409,0.0513,0.0,0.7669
CT006293,Zone_06,Zone_01,0.309,0.309,0.0608,0.0791,0.037,0.0,0.0,0.1147,0.1105,0.2062,0.0827
CT017518,Zone_02,Zone_01,0.1507,0.1507,0.0996,0.1317,0.1126,0.0392,0.0978,0.1046,0.1155,0.0322,0.1161
CT009029,Zone_02,Zone_04,0.2078,0.1928,0.0569,0.0823,0.2078,0.0783,0.0356,0.1706,0.1241,0.0,0.0516
CT007188,Zone_04,Zone_07,0.1716,0.1378,0.1479,0.0428,0.09,0.1425,0.0555,0.1716,0.1183,0.0669,0.0268
CT007876,Zone_03,Zone_05,0.1743,0.1475,0.1161,0.0549,0.1092,0.1743,0.0396,0.1041,0.0537,0.1432,0.0574
CT004775,Zone_02,Zone_04,0.3836,0.089,0.07,0.0,0.3836,0.0,0.0,0.3047,0.1527,0.0,0.0
CT009804,Zone_07,Zone_07,0.6763,0.0,0.0,0.0,0.2027,0.0,0.0,0.6763,0.121,0.0,0.0
CT018108,Zone_08,Zone_09,0.2122,0.1034,0.0876,0.1086,0.0609,0.0388,0.1056,0.1053,0.0842,0.2122,0.0936
CT005918,Zone_07,Zone_05,0.1586,0.0976,0.1097,0.1048,0.0868,0.1586,0.144,0.0923,0.0718,0.0,0.1343
CT001461,Zone_07,Zone_01,0.1141,0.1141,0.0883,0.0883,0.1037,0.1139,0.1113,0.0978,0.0876,0.1007,0.0942
CT018162,Zone_07,Zone_10,0.1569,0.0838,0.0989,0.1073,0.1254,0.0511,0.1391,0.1267,0.1109,0.0,0.1569
CT007729,Zone_08,Zone_03,0.6377,0.0,0.1837,0.6377,0.1118,0.0,0.0,0.0,0.0668,0.0,0.0
CT003401,Zone_02,Zone_01,0.1141,0.1141,0.0883,0.0883,0.1037,0.1139,0.1113,0.0978,0.0876,0.1007,0.0942
CT002293,Zone_08,Zone_01,0.1141,0.1141,0.0883,0.0883,0.1037,0.1139,0.1113,0.0978,0.0876,0.1007,0.0942
CT017134,Zone_03,Zone_10,0.2089,0.0976,0.1536,0.0222,0.1403,0.1058,0.0,0.104,0.1676,0.0,0.2089
CT015518,Zone_07,Zone_06,0.2661,0.0,0.1419,0.0924,0.0864,0.1466,0.2661,0.0927,0.0774,0.0,0.0965
CT007854,Zone_08,Zone_02,0.2082,0.1323,0.2082,0.2033,0.0951,0.0,0.0488,0.1209,0.0852,0.0,0.1062
CT019179,Zone_07,Zone_04,0.3056,0.2126,0.0558,0.0,0.3056,0.1152,0.0,0.1133,0.1217,0.0,0.0758
CT002430,Zone_07,Zone_09,0.6237,0.0584,0.0689,0.0399,0.056,0.0,0.0,0.0467,0.0752,0.6237,0.0313
CT001082,Zone_06,Zone_05,0.4486,0.0,0.0,0.1885,0.0,0.4486,0.0,0.126,0.2369,0.0,0.0
CT010815,Zone_03,Zone_01,0.4672,0.4672,0.3676,0.0,0.1119,0.0,0.0,0.0533,0.0,0.0,0.0
CT007868,Zone_01,Zone_01,0.3192,0.3192,0.0,0.218,0.1529,0.0,0.0,0.2186,0.0913,0.0,0.0
CT016836,Zone_08,Zone_08,0.6373,0.0,0.0,0.2173,0.0,0.0,0.0,0.1453,0.6373,0.0,0.0
CT011234,Zone_07,Zone_10,0.1591,0.088,0.1265,0.116,0.1061,0.1035,0.0582,0.1351,0.1076,0.0,0.1591
CT014200,Zone_08,Zone_01,0.1141,0.1141,0.0883,0.0883,0.1037,0.1139,0.1113,0.0978,0.0876,0.1007,0.0942
CT016862,Zone_07,Zone_03,0.197,0.0961,0.0908,0.197,0.129,0.0625,0.0,0.1361,0.165,0.0,0.1235
CT010787,Zone_08,Zone_10,0.1249,0.1068,0.0762,0.1171,0.094,0.105,0.0696,0.1202,0.1066,0.0796,0.1249
CT007485,Zone_04,Zone_07,0.2966,0.1856,0.0,0.0,0.1334,0.0,0.0,0.2966,0.1858,0.0,0.1986
CT018266,Zone_08,Zone_01,0.1141,0.1141,0.0883,0.0883,0.1037,0.1139,0.1113,0.0978,0.0876,0.1007,0.0942
CT004758,Zone_10,Zone_01,0.1723,0.1723,0.0775,0.1009,0.1061,0.06,0.0908,0.0927,0.1549,0.0,0.1449
CT014475,Zone_08,Zone_05,0.1586,0.0976,0.1097,0.1048,0.0868,0.1586,0.144,0.0923,0.0718,0.0,0.1343
CT009818,Zone_02,Zone_05,0.4957,0.0,0.0,0.1042,0.3653,0.4957,0.0,0.0348,0.0,0.0,0.0
CT005617,Zone_08,Zone_03,0.197,0.0961,0.0908,0.197,0.129,0.0625,0.0,0.1361,0.165,0.0,0.1235
CT006622,Zone_04,Zone_10,0.2388,0.0837,0.0439,0.0571,0.1603,0.136,0.0412,0.1274,0.1117,0.0,0.2388
CT017041,Zone_08,Zone_01,0.1141,0.1141,0.0883,0.0883,0.1037,0.1139,0.1113,0.0978,0.0876,0.1007,0.0942
CT017105,Zone_02,Zone_08,0.3795,0.0,0.0,0.0,0.3177,0.0,0.0,0.3029,0.3795,0.0,0.0
CT000635,Zone_02,Zone_03,0.197,0.0961,0.0908,0.197,0.129,0.0625,0.0,0.1361,0.165,0.0,0.1235
CT005251,Zone_08,Zone_07,0.2208,0.0,0.2174,0.0943,0.0662,0.0,0.2038,0.2208,0.1976,0.0,0.0
CT007167,Zone_07,Zone_02,0.1388,0.0964,0.1388,0.1316,0.1033,0.0717,0.1277,0.11,0.1089,0.0262,0.0856
CT010911,Zone_07,Zone_01,0.1507,0.1507,0.0996,0.1317,0.1126,0.0392,0.0978,0.1046,0.1155,0.0322,0.1161
CT003549,Zone_03,Zone_01,0.1403,0.1403,0.0759,0.1078,0.1092,0.114,0.1293,0.1201,0.1003,0.0,0.1032
CT010893,Zone_07,Zone_10,0.2151,0.1675,0.0659,0.0687,0.1284,0.0545,0.0989,0.1339,0.0671,0.0,0.2151
CT007509,Zone_08,Zone_04,0.2078,0.1928,0.0569,0.0823,0.2078,0.0783,0.0356,0.1706,0.1241,0.0,0.0516
CT016140,Zone_10,Zone_01,0.1141,0.1141,0.0883,0.0883,0.1037,0.1139,0.1113,0.0978,0.0876,0.1007,0.0942
CT019596,Zone_07,Zone_10,0.3029,0.1348,0.1061,0.1013,0.0646,0.0219,0.0597,0.1047,0.1041,0.0,0.3029
CT000648,Zone_07,Zone_06,0.2918,0.1978,0.1556,0.0,0.0947,0.0,0.2918,0.0903,0.1697,0.0,0.0
CT002824,Zone_10,Zone_02,0.1388,0.0964,0.1388,0.1316,0.1033,0.0717,0.1277,0.11,0.1089,0.0262,0.0856
CT007843,Zone_02,Zone_01,0.1507,0.1507,0.0996,0.1317,0.1126,0.0392,0.0978,0.1046,0.1155,0.0322,0.1161
CT006691,Zone_08,Zone_05,0.3344,0.2058,0.081,0.0703,0.0986,0.3344,0.0,0.0705,0.0294,0.0,0.1101
CT004302,Zone_08,Zone_06,0.547,0.0,0.0,0.0,0.1776,0.0,0.547,0.1693,0.1061,0.0,0.0
CT018783,Zone_01,Zone_06,0.9065,0.0,0.0,0.0,0.0,0.0,0.9065,0.0935,0.0,0.0,0.0
CT007675,Zone_08,Zone_09,0.8072,0.0,0.0,0.0,0.0241,0.0,0.0744,0.0115,0.0288,0.8072,0.0539
CT015878,Zone_09,Zone_05,0.5704,0.0,0.0,0.1198,0.0841,0.5704,0.0,0.1002,0.1255,0.0,0.0
CT013746,Zone_06,Zone_04,0.77,0.0,0.0,0.0,0.77,0.0,0.0,0.0,0.23,0.0,0.0
CT002016,Zone_07,Zone_02,0.1388,0.0964,0.1388,0.1316,0.1033,0.0717,0.1277,0.11,0.1089,0.0262,0.0856
CT010884,Zone_07,Zone_09,0.2122,0.1034,0.0876,0.1086,0.0609,0.0388,0.1056,0.1053,0.0842,0.2122,0.0936
CT018354,Zone_08,Zone_01,0.1141,0.1141,0.0883,0.0883,0.1037,0.1139,0.1113,0.0978,0.0876,0.1007,0.0942
CT000274,Zone_08,Zone_05,0.1586,0.0976,0.1097,0.1048,0.0868,0.1586,0.144,0.0923,0.0718,0.0,0.1343
CT000834,Zone_07,Zone_02,0.3867,0.1229,0.3867,0.0559,0.0392,0.0,0.0604,0.159,0.1758,0.0,0.0
CT013441,Zone_07,Zone_01,0.1723,0.1723,0.0775,0.1009,0.1061,0.06,0.0908,0.0927,0.1549,0.0,0.1449
CT008528,Zone_08,Zone_02,0.2419,0.0615,0.2419,0.2099,0.1178,0.0,0.0,0.2106,0.1583,0.0,0.0
CT002089,Zone_08,Zone_01,0.1141,0.1141,0.0883,0.0883,0.1037,0.1139,0.1113,0.0978,0.0876,0.1007,0.0942
CT017079,Zone_07,Zone_03,0.1402,0.1303,0.1153,0.1402,0.1202,0.0953,0.0817,0.093,0.109,0.0174,0.0976
CT013141,Zone_08,Zone_08,0.618,0.0,0.0,0.0,0.2587,0.0,0.0,0.1233,0.618,0.0,0.0
CT015863,Zone_08,Zone_10,0.1591,0.088,0.1265,0.116,0.1061,0.1035,0.0582,0.1351,0.1076,0.0,0.1591
CT017405,Zone_04,Zone_06,0.5461,0.0,0.0,0.0722,0.152,0.0,0.5461,0.1087,0.121,0.0,0.0
CT000004,Zone_07,Zone_04,0.2332,0.0304,0.1676,0.0623,0.2332,0.0495,0.0898,0.1389,0.1306,0.0,0.0977
CT014671,Zone_08,Zone_01,0.1141,0.1141,0.0883,0.0883,0.1037,0.1139,0.1113,0.0978,0.0876,0.1007,0.0942
CT018080,Zone_10,Zone_10,0.3728,0.3484,0.0,0.0,0.0,0.0,0.0,0.0795,0.1993,0.0,0.3728
CT008997,Zone_07,Zone_01,0.1141,0.1141,0.0883,0.0883,0.1037,0.1139,0.1113,0.0978,0.0876,0.1007,0.0942
CT009484,Zone_07,Zone_10,0.1249,0.1068,0.0762,0.1171,0.094,0.105,0.0696,0.1202,0.1066,0.0796,0.1249
CT007594,Zone_07,Zone_02,0.166,0.1356,0.166,0.0926,0.13,0.0735,0.1334,0.0654,0.0905,0.0,0.1129
CT001946,Zone_06,Zone_04,0.3836,0.089,0.07,0.0,0.3836,0.0,0.0,0.3047,0.1527,0.0,0.0
CT003677,Zone_04,Zone_09,0.522,0.0,0.0769,0.0668,0.0468,0.0,0.0,0.0223,0.0559,0.522,0.2092
CT013781,Zone_05,Zone_05,0.4353,0.0,0.0,0.3658,0.0,0.4353,0.0,0.1223,0.0766,0.0,0.0
CT011573,Zone_04,Zone_06,0.224,0.1619,0.0637,0.0899,0.0776,0.0658,0.224,0.1017,0.1071,0.0,0.1083
CT006946,Zone_07,Zone_10,0.1591,0.088,0.1265,0.116,0.1061,0.1035,0.0582,0.1351,0.1076,0.0,0.1591
CT016590,Zone_07,Zone_08,0.4929,0.0,0.2711,0.0,0.0,0.0,0.0,0.236,0.4929,0.0,0.0
CT000519,Zone_02,Zone_07,0.3348,0.0,0.1648,0.0,0.2007,0.0,0.0,0.3348,0.2997,0.0,0.0
CT009197,Zone_07,Zone_02,0.1388,0.0964,0.1388,0.1316,0.1033,0.0717,0.1277,0.11,0.1089,0.0262,0.0856
CT018275,Zone_04,Zone_01,0.3597,0.3597,0.283,0.0,0.1723,0.0,0.0,0.0821,0.1029,0.0,0.0
CT003564,Zone_01,Zone_08,0.3449,0.1507,0.0,0.0,0.1444,0.0,0.2224,0.1376,0.3449,0.0,0.0
CT016333,Zone_10,Zone_10,0.1569,0.0838,0.0989,0.1073,0.1254,0.0511,0.1391,0.1267,0.1109,0.0,0.1569
CT007045,Zone_10,Zone_06,0.7373,0.0,0.0,0.0,0.1197,0.0,0.7373,0.0,0.143,0.0,0.0
CT016462,Zone_06,Zone_02,0.166,0.1356,0.166,0.0926,0.13,0.0735,0.1334,0.0654,0.0905,0.0,0.1129
CT000365,Zone_07,Zone_05,0.1586,0.0976,0.1097,0.1048,0.0868,0.1586,0.144,0.0923,0.0718,0.0,0.1343
CT000499,Zone_05,Zone_07,0.5442,0.0,0.0,0.0,0.2854,0.0,0.0,0.5442,0.1704,0.0,0.0
CT009009,Zone_07,Zone_01,0.1141,0.1141,0.0883,0.0883,0.1037,0.1139,0.1113,0.0978,0.0876,0.1007,0.0942
CT000798,Zone_03,Zone_05,0.2675,0.0823,0.0863,0.1686,0.0526,0.2675,0.081,0.0814,0.0628,0.0,0.1174
CT006957,Zone_04,Zone_09,0.1658,0.132,0.1039,0.0795,0.1041,0.0757,0.0916,0.0886,0.1088,0.1658,0.0498
CT014209,Zone_02,Zone_03,0.197,0.0961,0.0908,0.197,0.129,0.0625,0.0,0.1361,0.165,0.0,0.1235
CT016579,Zone_08,Zone_03,0.1402,0.1303,0.1153,0.1402,0.1202,0.0953,0.0817,0.093,0.109,0.0174,0.0976
CT018620,Zone_07,Zone_09,0.3855,0.0181,0.1279,0.111,0.0432,0.0,0.1066,0.1072,0.062,0.3855,0.0386
CT005821,Zone_07,Zone_10,0.2028,0.0237,0.1864,0.0647,0.1816,0.077,0.035,0.0865,0.1423,0.0,0.2028
CT019570,Zone_07,Zone_03,0.1402,0.1303,0.1153,0.1402,0.1202,0.0953,0.0817,0.093,0.109,0.0174,0.0976
CT011046,Zone_07,Zone_01,0.5666,0.5666,0.2229,0.0,0.0,0.0,0.0,0.1294,0.0811,0.0,0.0
CT003683,Zone_08,Zone_06,0.2914,0.1128,0.0222,0.0771,0.0541,0.0917,0.2914,0.1353,0.0646,0.0,0.1509
CT010246,Zone_07,Zone_03,0.1402,0.1303,0.1153,0.1402,0.1202,0.0953,0.0817,0.093,0.109,0.0174,0.0976
CT002626,Zone_08,Zone_05,0.2043,0.1109,0.0815,0.0859,0.0815,0.2043,0.0764,0.0962,0.0973,0.079,0.087
CT019623,Zone_07,Zone_03,0.1402,0.1303,0.1153,0.1402,0.1202,0.0953,0.0817,0.093,0.109,0.0174,0.0976
CT007707,Zone_01,Zone_04,0.77,0.0,0.0,0.0,0.77,0.0,0.0,0.0,0.23,0.0,0.0
CT000189,Zone_07,Zone_10,0.3295,0.0,0.2423,0.2103,0.1475,0.0,0.0,0.0703,0.0,0.0,0.3295
CT009907,Zone_07,Zone_10,0.1249,0.1068,0.0762,0.1171,0.094,0.105,0.0696,0.1202,0.1066,0.0796,0.1249
CT018674,Zone_07,Zone_02,0.1388,0.0964,0.1388,0.1316,0.1033,0.0717,0.1277,0.11,0.1089,0.0262,0.0856
CT006724,Zone_03,Zone_05,0.2955,0.0,0.2861,0.2483,0.0871,0.2955,0.0,0.083,0.0,0.0,0.0
CT010070,Zone_03,Zone_01,0.3524,0.3524,0.2773,0.0,0.1688,0.0,0.0,0.0,0.2016,0.0,0.0
CT004690,Zone_08,Zone_02,0.3812,0.0404,0.3812,0.1379,0.174,0.0,0.0596,0.083,0.0808,0.0,0.0432
CT002272,Zone_07,Zone_05,0.3551,0.2185,0.0,0.0,0.314,0.3551,0.0,0.0499,0.0625,0.0,0.0
CT002305,Zone_08,Zone_09,0.1658,0.132,0.1039,0.0795,0.1041,0.0757,0.0916,0.0886,0.1088,0.1658,0.0498
CT011995,Zone_03,Zone_01,0.1141,0.1141,0.0883,0.0883,0.1037,0.1139,0.1113,0.0978,0.0876,0.1007,0.0942
CT011390,Zone_04,Zone_02,0.2493,0.1056,0.2493,0.101,0.0911,0.0,0.2182,0.0868,0.1027,0.0,0.0452
CT011887,Zone_10,Zone_10,0.1249,0.1068,0.0762,0.1171,0.094,0.105,0.0696,0.1202,0.1066,0.0796,0.1249
CT019356,Zone_02,Zone_02,0.6384,0.0,0.6384,0.0,0.1295,0.0,0.0,0.0,0.2321,0.0,0.0
CT012603,Zone_06,Zone_10,0.4962,0.0,0.0,0.0,0.0,0.0,0.0,0.1059,0.398,0.0,0.4962
CT009591,Zone_08,Zone_10,0.3357,0.0,0.0,0.1071,0.2254,0.0,0.0,0.1074,0.2244,0.0,0.3357
CT009766,Zone_08,Zone_01,0.5272,0.5272,0.0,0.0,0.1263,0.0,0.0,0.1204,0.2262,0.0,0.0
CT005435,Zone_08,Zone_08,0.8337,0.0,0.0,0.0,0.0,0.0,0.0,0.1663,0.8337,0.0,0.0
CT010919,Zone_07,Zone_01,0.767,0.767,0.0,0.1746,0.0,0.0,0.0,0.0584,0.0,0.0,0.0
CT004113,Zone_07,Zone_04,0.3836,0.089,0.07,0.0,0.3836,0.0,0.0,0.3047,0.1527,0.0,0.0
CT018095,Zone_08,Zone_04,0.2078,0.1928,0.0569,0.0823,0.2078,0.0783,0.0356,0.1706,0.1241,0.0,0.0516
CT002637,Zone_08,Zone_02,0.1388,0.0964,0.1388,0.1316,0.1033,0.0717,0.1277,0.11,0.1089,0.0262,0.0856
CT012005,Zone_01,Zone_05,0.1425,0.1169,0.1117,0.0884,0.088,0.1425,0.1232,0.1011,0.1075,0.0223,0.0983
CT019006,Zone_07,Zone_02,0.6652,0.0,0.6652,0.0,0.0,0.0,0.0,0.0483,0.0605,0.0,0.2261
CT006257,Zone_07,Zone_10,0.2388,0.0837,0.0439,0.0571,0.1603,0.136,0.0412,0.1274,0.1117,0.0,0.2388
CT008235,Zone_06,Zone_02,0.5916,0.0,0.5916,0.0,0.0,0.0,0.0,0.0858,0.3226,0.0,0.0
CT000025,Zone_07,Zone_10,0.1249,0.1068,0.0762,0.1171,0.094,0.105,0.0696,0.1202,0.1066,0.0796,0.1249
CT005515,Zone_03,Zone_05,0.1586,0.0976,0.1097,0.1048,0.0868,0.1586,0.144,0.0923,0.0718,0.0,0.1343
CT009726,Zone_07,Zone_01,0.3192,0.3192,0.0,0.218,0.1529,0.0,0.0,0.2186,0.0913,0.0,0.0
CT004619,Zone_08,Zone_05,0.1586,0.0976,0.1097,0.1048,0.0868,0.1586,0.144,0.0923,0.0718,0.0,0.1343
CT019146,Zone_07,Zone_09,0.2122,0.1034,0.0876,0.1086,0.0609,0.0388,0.1056,0.1053,0.0842,0.2122,0.0936
CT013218,Zone_08,Zone_02,0.2493,0.1056,0.2493,0.101,0.0911,0.0,0.2182,0.0868,0.1027,0.0,0.0452
CT014216,Zone_04,Zone_10,0.1249,0.1068,0.0762,0.1171,0.094,0.105,0.0696,0.1202,0.1066,0.0796,0.1249
CT016420,Zone_03,Zone_07,0.3348,0.0,0.1648,0.0,0.2007,0.0,0.0,0.3348,0.2997,0.0,0.0
CT011718,Zone_07,Zone_02,0.245,0.2335,0.245,0.1063,0.1864,0.1265,0.0,0.0355,0.0668,0.0,0.0
CT000591,Zone_06,Zone_10,0.1591,0.088,0.1265,0.116,0.1061,0.1035,0.0582,0.1351,0.1076,0.0,0.1591
CT008071,Zone_08,Zone_07,0.3348,0.0,0.1648,0.0,0.2007,0.0,0.0,0.3348,0.2997,0.0,0.0
CT002806,Zone_04,Zone_06,0.2477,0.0672,0.0925,0.1032,0.1045,0.0273,0.2477,0.0537,0.0528,0.1793,0.0719
CT000931,Zone_04,Zone_10,0.1249,0.1068,0.0762,0.1171,0.094,0.105,0.0696,0.1202,0.1066,0.0796,0.1249
CT013397,Zone_03,Zone_04,0.184,0.1397,0.0824,0.0477,0.184,0.1703,0.0515,0.1196,0.1299,0.0,0.0747
CT005631,Zone_08,Zone_04,0.1457,0.1204,0.1446,0.1341,0.1457,0.0721,0.0841,0.1085,0.0888,0.0,0.1017
CT012910,Zone_02,Zone_10,0.2089,0.0976,0.1536,0.0222,0.1403,0.1058,0.0,0.104,0.1676,0.0,0.2089
CT018976,Zone_01,Zone_10,0.1249,0.1068,0.0762,0.1171,0.094,0.105,0.0696,0.1202,0.1066,0.0796,0.1249
CT004129,Zone_07,Zone_10,0.4554,0.0,0.0,0.0,0.2039,0.0,0.0,0.0972,0.2435,0.0,0.4554
CT005755,Zone_03,Zone_06,0.3213,0.0726,0.1142,0.0991,0.1391,0.118,0.3213,0.0166,0.0415,0.0,0.0777
CT004958,Zone_04,Zone_05,0.7144,0.0,0.1153,0.1001,0.0702,0.7144,0.0,0.0,0.0,0.0,0.0
CT008801,Zone_01,Zone_07,0.1716,0.1378,0.1479,0.0428,0.09,0.1425,0.0555,0.1716,0.1183,0.0669,0.0268
CT006079,Zone_02,Zone_04,0.2332,0.0304,0.1676,0.0623,0.2332,0.0495,0.0898,0.1389,0.1306,0.0,0.0977
CT003383,Zone_06,Zone_06,0.1824,0.0742,0.0876,0.1013,0.0888,0.1406,0.1824,0.0903,0.1026,0.066,0.0661
CT007680,Zone_10,Zone_06,0.2477,0.0672,0.0925,0.1032,0.1045,0.0273,0.2477,0.0537,0.0528,0.1793,0.0719
CT014583,Zone_08,Zone_01,0.1141,0.1141,0.0883,0.0883,0.1037,0.1139,0.1113,0.0978,0.0876,0.1007,0.0942
CT005670,Zone_07,Zone_06,0.2914,0.1128,0.0222,0.0771,0.0541,0.0917,0.2914,0.1353,0.0646,0.0,0.1509
CT013563,Zone_07,Zone_02,0.6323,0.0,0.6323,0.0,0.0,0.0,0.0,0.0612,0.3065,0.0,0.0
CT001019,Zone_02,Zone_05,0.1586,0.0976,0.1097,0.1048,0.0868,0.1586,0.144,0.0923,0.0718,0.0,0.1343
CT018403,Zone_03,Zone_09,0.3918,0.0734,0.0433,0.0627,0.0967,0.0596,0.0812,0.0628,0.0892,0.3918,0.0393
CT007661,Zone_08,Zone_10,0.1249,0.1068,0.0762,0.1171,0.094,0.105,0.0696,0.1202,0.1066,0.0796,0.1249
CT008984,Zone_07,Zone_01,0.1507,0.1507,0.0996,0.1317,0.1126,0.0392,0.0978,0.1046,0.1155,0.0322,0.1161
CT018657,Zone_07,Zone_09,0.8461,0.0,0.0,0.0,0.0,0.0,0.0,0.1086,0.0453,0.8461,0.0
CT000665,Zone_04,Zone_06,0.1824,0.0742,0.0876,0.1013,0.0888,0.1406,0.1824,0.0903,0.1026,0.066,0.0661
CT017846,Zone_05,Zone_03,0.3206,0.1304,0.1231,0.3206,0.1499,0.0424,0.0385,0.1429,0.0522,0.0,0.0
CT017237,Zone_07,Zone_01,0.1141,0.1141,0.0883,0.0883,0.1037,0.1139,0.1113,0.0978,0.0876,0.1007,0.0942
CT011357,Zone_07,Zone_09,0.4326,0.0608,0.0159,0.0968,0.0582,0.0329,0.0299,0.0601,0.1043,0.4326,0.1084
CT000379,Zone_05,Zone_01,0.1507,0.1507,0.0996,0.1317,0.1126,0.0392,0.0978,0.1046,0.1155,0.0322,0.1161
CT002307,Zone_07,Zone_02,0.1388,0.0964,0.1388,0.1316,0.1033,0.0717,0.1277,0.11,0.1089,0.0262,0.0856
CT004135,Zone_08,Zone_09,0.1658,0.132,0.1039,0.0795,0.1041,0.0757,0.0916,0.0886,0.1088,0.1658,0.0498
CT019063,Zone_08,Zone_01,0.2565,0.2565,0.0,0.1752,0.2458,0.0,0.0,0.1757,0.1468,0.0,0.0
CT008770,Zone_02,Zone_10,0.1591,0.088,0.1265,0.116,0.1061,0.1035,0.0582,0.1351,0.1076,0.0,0.1591
CT005241,Zone_03,Zone_02,0.1388,0.0964,0.1388,0.1316,0.1033,0.0717,0.1277,0.11,0.1089,0.0262,0.0856
CT002748,Zone_01,Zone_02,0.1388,0.0964,0.1388,0.1316,0.1033,0.0717,0.1277,0.11,0.1089,0.0262,0.0856
CT004977,Zone_08,Zone_01,0.1141,0.1141,0.0883,0.0883,0.1037,0.1139,0.1113,0.0978,0.0876,0.1007,0.0942
CT008815,Zone_10,Zone_04,0.2078,0.1928,0.0569,0.0823,0.2078,0.0783,0.0356,0.1706,0.1241,0.0,0.0516
CT001128,Zone_07,Zone_05,0.2955,0.0,0.2861,0.2483,0.0871,0.2955,0.0,0.083,0.0,0.0,0.0
CT009576,Zone_07,Zone_03,0.3117,0.0,0.0,0.3117,0.2187,0.0,0.0,0.2084,0.2612,0.0,0.0
CT006437,Zone_07,Zone_10,0.3029,0.1348,0.1061,0.1013,0.0646,0.0219,0.0597,0.1047,0.1041,0.0,0.3029
CT001857,Zone_01,Zone_10,0.1591,0.088,0.1265,0.116,0.1061,0.1035,0.0582,0.1351,0.1076,0.0,0.1591
CT007761,Zone_04,Zone_06,0.224,0.1619,0.0637,0.0899,0.0776,0.0658,0.224,0.1017,0.1071,0.0,0.1083
CT015381,Zone_04,Zone_10,0.1591,0.088,0.1265,0.116,0.1061,0.1035,0.0582,0.1351,0.1076,0.0,0.1591
CT006330,Zone_04,Zone_02,0.1388,0.0964,0.1388,0.1316,0.1033,0.0717,0.1277,0.11,0.1089,0.0262,0.0856
CT011642,Zone_02,Zone_10,0.1591,0.088,0.1265,0.116,0.1061,0.1035,0.0582,0.1351,0.1076,0.0,0.1591
CT012271,Zone_07,Zone_04,0.2078,0.1928,0.0569,0.0823,0.2078,0.0783,0.0356,0.1706,0.1241,0.0,0.0516
CT009477,Zone_07,Zone_02,0.166,0.1356,0.166,0.0926,0.13,0.0735,0.1334,0.0654,0.0905,0.0,0.1129
CT000799,Zone_08,Zone_10,0.1737,0.1025,0.1076,0.1342,0.1105,0.0972,0.0756,0.1131,0.0855,0.0,0.1737
CT015249,Zone_08,Zone_10,0.3132,0.0976,0.1536,0.1333,0.0467,0.0,0.144,0.0,0.1117,0.0,0.3132
CT012845,Zone_01,Zone_03,0.1402,0.1303,0.1153,0.1402,0.1202,0.0953,0.0817,0.093,0.109,0.0174,0.0976
CT015761,Zone_04,Zone_02,0.1388,0.0964,0.1388,0.1316,0.1033,0.0717,0.1277,0.11,0.1089,0.0262,0.0856
CT006996,Zone_07,Zone_02,0.1388,0.0964,0.1388,0.1316,0.1033,0.0717,0.1277,0.11,0.1089,0.0262,0.0856
CT017459,Zone_07,Zone_08,0.2016,0.0,0.1232,0.1069,0.1125,0.1273,0.0,0.1609,0.2016,0.0,0.1676
CT001393,Zone_03,Zone_02,0.1601,0.0872,0.1601,0.1191,0.0835,0.1417,0.0,0.1261,0.158,0.0,0.1244
CT001828,Zone_08,Zone_02,0.2466,0.0,0.2466,0.214,0.075,0.0,0.0,0.1789,0.2017,0.0,0.0838
CT005058,Zone_07,Zone_09,0.1658,0.132,0.1039,0.0795,0.1041,0.0757,0.0916,0.0886,0.1088,0.1658,0.0498
CT015957,Zone_08,Zone_10,0.1249,0.1068,0.0762,0.1171,0.094,0.105,0.0696,0.1202,0.1066,0.0796,0.1249
CT009099,Zone_07,Zone_02,0.4146,0.2635,0.4146,0.0,0.1262,0.0,0.0,0.1203,0.0754,0.0,0.0
CT004677,Zone_03,Zone_06,0.2431,0.1177,0.1296,0.1125,0.1691,0.0383,0.2431,0.1021,0.0875,0.0,0.0
CT000021,Zone_07,Zone_10,0.1737,0.1025,0.1076,0.1342,0.1105,0.0972,0.0756,0.1131,0.0855,0.0,0.1737
CT002026,Zone_05,Zone_05,0.1586,0.0976,0.1097,0.1048,0.0868,0.1586,0.144,0.0923,0.0718,0.0,0.1343
CT011921,Zone_07,Zone_05,0.3334,0.2051,0.1614,0.0,0.0491,0.3334,0.1513,0.0703,0.0293,0.0,0.0
CT009727,Zone_04,Zone_05,0.231,0.0474,0.1118,0.0971,0.0454,0.231,0.2097,0.0649,0.0407,0.0,0.1521
CT002738,Zone_07,Zone_01,0.1141,0.1141,0.0883,0.0883,0.1037,0.1139,0.1113,0.0978,0.0876,0.1007,0.0942
CT003420,Zone_07,Zone_06,0.2647,0.0,0.0941,0.2042,0.0573,0.0,0.2647,0.1365,0.0513,0.0,0.1919
CT011022,Zone_10,Zone_04,0.1457,0.1204,0.1446,0.1341,0.1457,0.0721,0.0841,0.1085,0.0888,0.0,0.1017
CT014142,Zone_01,Zone_01,0.5289,0.5289,0.0,0.0,0.1689,0.0,0.0,0.2013,0.1009,0.0,0.0
CT003589,Zone_07,Zone_01,0.1403,0.1403,0.0759,0.1078,0.1092,0.114,0.1293,0.1201,0.1003,0.0,0.1032
CT004278,Zone_07,Zone_01,0.3968,0.3968,0.0,0.0,0.1901,0.3225,0.0,0.0906,0.0,0.0,0.0
CT009746,Zone_07,Zone_10,0.1249,0.1068,0.0762,0.1171,0.094,0.105,0.0696,0.1202,0.1066,0.0796,0.1249
CT017231,Zone_01,Zone_02,0.1388,0.0964,0.1388,0.1316,0.1033,0.0717,0.1277,0.11,0.1089,0.0262,0.0856
CT017411,Zone_08,Zone_10,0.1591,0.088,0.1265,0.116,0.1061,0.1035,0.0582,0.1351,0.1076,0.0,0.1591
CT011842,Zone_07,Zone_06,0.5461,0.0,0.0,0.0722,0.152,0.0,0.5461,0.1087,0.121,0.0,0.0
CT019969,Zone_08,Zone_05,0.1425,0.1169,0.1117,0.0884,0.088,0.1425,0.1232,0.1011,0.1075,0.0223,0.0983
CT009145,Zone_02,Zone_06,0.5664,0.0,0.151,0.0,0.1839,0.0,0.5664,0.0438,0.0549,0.0,0.0
CT005106,Zone_08,Zone_04,0.8935,0.0,0.0,0.0,0.8935,0.0,0.0,0.1065,0.0,0.0,0.0
CT019795,Zone_07,Zone_01,0.268,0.268,0.0,0.1464,0.1027,0.1742,0.0,0.0979,0.1533,0.0,0.0574
CT004216,Zone_01,Zone_09,0.3918,0.0734,0.0433,0.0627,0.0967,0.0596,0.0812,0.0628,0.0892,0.3918,0.0393
CT017712,Zone_08,Zone_02,0.1388,0.0964,0.1388,0.1316,0.1033,0.0717,0.1277,0.11,0.1089,0.0262,0.0856
CT015870,Zone_06,Zone_03,0.1402,0.1303,0.1153,0.1402,0.1202,0.0953,0.0817,0.093,0.109,0.0174,0.0976
CT007470,Zone_08,Zone_02,0.6271,0.0,0.6271,0.0,0.1909,0.0,0.0,0.182,0.0,0.0,0.0
CT012989,Zone_08,Zone_01,0.1403,0.1403,0.0759,0.1078,0.1092,0.114,0.1293,0.1201,0.1003,0.0,0.1032
CT000228,Zone_08,Zone_09,0.1658,0.132,0.1039,0.0795,0.1041,0.0757,0.0916,0.0886,0.1088,0.1658,0.0498
CT007027,Zone_08,Zone_03,0.33,0.0805,0.0634,0.33,0.2315,0.0,0.0,0.1103,0.1843,0.0,0.0
CT009902,Zone_01,Zone_10,0.1855,0.1733,0.0341,0.1184,0.1453,0.0,0.1279,0.0792,0.1364,0.0,0.1855
CT004096,Zone_04,Zone_10,0.1569,0.0838,0.0989,0.1073,0.1254,0.0511,0.1391,0.1267,0.1109,0.0,0.1569
CT015712,Zone_08,Zone_02,0.1388,0.0964,0.1388,0.1316,0.1033,0.0717,0.1277,0.11,0.1089,0.0262,0.0856
CT001364,Zone_02,Zone_09,0.8368,0.0,0.0,0.0,0.0,0.1274,0.0,0.0358,0.0,0.8368,0.0
CT019900,Zone_04,Zone_07,0.4141,0.0,0.0,0.4129,0.0,0.0,0.0,0.4141,0.173,0.0,0.0
CT015903,Zone_07,Zone_04,0.1457,0.1204,0.1446,0.1341,0.1457,0.0721,0.0841,0.1085,0.0888,0.0,0.1017
CT015359,Zone_08,Zone_10,0.1249,0.1068,0.0762,0.1171,0.094,0.105,0.0696,0.1202,0.1066,0.0796,0.1249
CT013499,Zone_03,Zone_04,0.3056,0.2126,0.0558,0.0,0.3056,0.1152,0.0,0.1133,0.1217,0.0,0.0758
CT009730,Zone_10,Zone_05,0.1586,0.0976,0.1097,0.1048,0.0868,0.1586,0.144,0.0923,0.0718,0.0,0.1343
CT003894,Zone_08,Zone_06,0.2024,0.0915,0.1439,0.0625,0.1314,0.0743,0.2024,0.1044,0.0916,0.0,0.0979
CT004141,Zone_05,Zone_10,0.3745,0.35,0.2754,0.0,0.0,0.0,0.0,0.0,0.0,0.0,0.3745
CT002903,Zone_03,Zone_01,0.1141,0.1141,0.0883,0.0883,0.1037,0.1139,0.1113,0.0978,0.0876,0.1007,0.0942
CT017997,Zone_07,Zone_04,0.1457,0.1204,0.1446,0.1341,0.1457,0.0721,0.0841,0.1085,0.0888,0.0,0.1017
CT004277,Zone_08,Zone_10,0.1249,0.1068,0.0762,0.1171,0.094,0.105,0.0696,0.1202,0.1066,0.0796,0.1249
CT004384,Zone_08,Zone_01,0.1723,0.1723,0.0775,0.1009,0.1061,0.06,0.0908,0.0927,0.1549,0.0,0.1449
CT009218,Zone_09,Zone_03,0.1402,0.1303,0.1153,0.1402,0.1202,0.0953,0.0817,0.093,0.109,0.0174,0.0976
CT013044,Zone_08,Zone_09,0.8717,0.0816,0.0,0.0,0.0,0.0,0.0,0.0,0.0467,0.8717,0.0
CT011960,Zone_01,Zone_10,0.1591,0.088,0.1265,0.116,0.1061,0.1035,0.0582,0.1351,0.1076,0.0,0.1591
CT002194,Zone_02,Zone_05,0.2784,0.1402,0.1348,0.1276,0.0448,0.2784,0.023,0.1031,0.098,0.0,0.05
CT009704,Zone_04,Zone_04,0.1798,0.0577,0.1136,0.1578,0.1798,0.0469,0.0852,0.1352,0.1156,0.0,0.1081
CT015082,Zone_07,Zone_01,0.1141,0.1141,0.0883,0.0883,0.1037,0.1139,0.1113,0.0978,0.0876,0.1007,0.0942
CT008292,Zone_10,Zone_06,0.8526,0.0,0.0,0.0,0.0923,0.0,0.8526,0.0,0.0551,0.0,0.0
CT001245,Zone_04,Zone_06,0.8311,0.0,0.0,0.0,0.0,0.0,0.8311,0.1286,0.0403,0.0,0.0
CT013982,Zone_04,Zone_04,0.2078,0.1928,0.0569,0.0823,0.2078,0.0783,0.0356,0.1706,0.1241,0.0,0.0516
CT005004,Zone_03,Zone_05,0.5704,0.0,0.0,0.1198,0.0841,0.5704,0.0,0.1002,0.1255,0.0,0.0
CT019674,Zone_01,Zone_10,0.1569,0.0838,0.0989,0.1073,0.1254,0.0511,0.1391,0.1267,0.1109,0.0,0.1569
CT019876,Zone_07,Zone_09,0.7569,0.0,0.0,0.0,0.034,0.0,0.2092,0.0,0.0,0.7569,0.0
CT010238,Zone_01,Zone_04,0.2078,0.1928,0.0569,0.0823,0.2078,0.0783,0.0356,0.1706,0.1241,0.0,0.0516
CT015704,Zone_07,Zone_06,0.2914,0.1128,0.0222,0.0771,0.0541,0.0917,0.2914,0.1353,0.0646,0.0,0.1509
CT005710,Zone_07,Zone_02,0.2493,0.1056,0.2493,0.101,0.0911,0.0,0.2182,0.0868,0.1027,0.0,0.0452
CT016476,Zone_07,Zone_02,0.1388,0.0964,0.1388,0.1316,0.1033,0.0717,0.1277,0.11,0.1089,0.0262,0.0856
CT012045,Zone_03,Zone_01,0.1141,0.1141,0.0883,0.0883,0.1037,0.1139,0.1113,0.0978,0.0876,0.1007,0.0942
CT012895,Zone_08,Zone_10,0.1591,0.088,0.1265,0.116,0.1061,0.1035,0.0582,0.1351,0.1076,0.0,0.1591
CT002675,Zone_08,Zone_10,0.1249,0.1068,0.0762,0.1171,0.094,0.105,0.0696,0.1202,0.1066,0.0796,0.1249
CT007639,Zone_07,Zone_10,0.1591,0.088,0.1265,0.116,0.1061,0.1035,0.0582,0.1351,0.1076,0.0,0.1591
CT019239,Zone_08,Zone_01,0.1141,0.1141,0.0883,0.0883,0.1037,0.1139,0.1113,0.0978,0.0876,0.1007,0.0942
CT006209,Zone_02,Zone_05,0.2171,0.0742,0.0701,0.1014,0.0356,0.2171,0.1752,0.0678,0.1316,0.0,0.1271
CT000590,Zone_02,Zone_09,0.6706,0.0,0.0988,0.0,0.0602,0.0,0.0,0.0,0.0359,0.6706,0.1344
CT001810,Zone_03,Zone_10,0.1591,0.088,0.1265,0.116,0.1061,0.1035,0.0582,0.1351,0.1076,0.0,0.1591
CT004647,Zone_06,Zone_01,0.1141,0.1141,0.0883,0.0883,0.1037,0.1139,0.1113,0.0978,0.0876,0.1007,0.0942
CT012618,Zone_08,Zone_01,0.1403,0.1403,0.0759,0.1078,0.1092,0.114,0.1293,0.1201,0.1003,0.0,0.1032
CT018307,Zone_08,Zone_01,0.1141,0.1141,0.0883,0.0883,0.1037,0.1139,0.1113,0.0978,0.0876,0.1007,0.0942
CT002544,Zone_04,Zone_10,0.1591,0.088,0.1265,0.116,0.1061,0.1035,0.0582,0.1351,0.1076,0.0,0.1591
CT017760,Zone_02,Zone_02,0.3812,0.0404,0.3812,0.1379,0.174,0.0,0.0596,0.083,0.0808,0.0,0.0432
CT007426,Zone_01,Zone_05,0.3408,0.0,0.0,0.1074,0.2009,0.3408,0.0,0.1077,0.075,0.0,0.1683
CT019264,Zone_04,Zone_02,0.3917,0.0,0.3917,0.085,0.1192,0.0,0.1836,0.1137,0.1068,0.0,0.0
CT016988,Zone_08,Zone_02,0.1388,0.0964,0.1388,0.1316,0.1033,0.0717,0.1277,0.11,0.1089,0.0262,0.0856
CT018076,Zone_07,Zone_10,0.4261,0.0,0.0,0.0,0.0,0.3236,0.0,0.1364,0.1139,0.0,0.4261
CT017096,Zone_07,Zone_05,0.1425,0.1169,0.1117,0.0884,0.088,0.1425,0.1232,0.1011,0.1075,0.0223,0.0983
CT010558,Zone_02,Zone_06,0.3629,0.164,0.0,0.168,0.1178,0.0,0.3629,0.0936,0.0938,0.0,0.0
CT015796,Zone_08,Zone_03,0.1402,0.1303,0.1153,0.1402,0.1202,0.0953,0.0817,0.093,0.109,0.0174,0.0976
CT000996,Zone_08,Zone_05,0.3551,0.2185,0.0,0.0,0.314,0.3551,0.0,0.0499,0.0625,0.0,0.0
CT011879,Zone_02,Zone_07,0.1716,0.1378,0.1479,0.0428,0.09,0.1425,0.0555,0.1716,0.1183,0.0669,0.0268
CT016183,Zone_08,Zone_02,0.2082,0.1323,0.2082,0.2033,0.0951,0.0,0.0488,0.1209,0.0852,0.0,0.1062
CT007023,Zone_04,Zone_05,0.6673,0.0,0.0,0.0,0.0983,0.6673,0.0,0.2344,0.0,0.0,0.0
CT011691,Zone_01,Zone_10,0.3863,0.0,0.284,0.0,0.0,0.0,0.0,0.3297,0.0,0.0,0.3863
CT007275,Zone_08,Zone_08,0.6373,0.0,0.0,0.2173,0.0,0.0,0.0,0.1453,0.6373,0.0,0.0
CT010506,Zone_07,Zone_04,0.2078,0.1928,0.0569,0.0823,0.2078,0.0783,0.0356,0.1706,0.1241,0.0,0.0516
CT013162,Zone_01,Zone_01,0.1141,0.1141,0.0883,0.0883,0.1037,0.1139,0.1113,0.0978,0.0876,0.1007,0.0942
CT000263,Zone_04,Zone_01,0.1723,0.1723,0.0775,0.1009,0.1061,0.06,0.0908,0.0927,0.1549,0.0,0.1449
CT013020,Zone_01,Zone_03,0.5935,0.0,0.0,0.5935,0.2081,0.0,0.0,0.1984,0.0,0.0,0.0
CT003622,Zone_04,Zone_09,0.3855,0.0181,0.1279,0.111,0.0432,0.0,0.1066,0.1072,0.062,0.3855,0.0386
CT013210,Zone_06,Zone_07,0.1716,0.1378,0.1479,0.0428,0.09,0.1425,0.0555,0.1716,0.1183,0.0669,0.0268
CT013667,Zone_08,Zone_06,0.1824,0.0742,0.0876,0.1013,0.0888,0.1406,0.1824,0.0903,0.1026,0.066,0.0661
CT010996,Zone_07,Zone_01,0.1507,0.1507,0.0996,0.1317,0.1126,0.0392,0.0978,0.1046,0.1155,0.0322,0.1161
CT003545,Zone_04,Zone_04,0.2332,0.0304,0.1676,0.0623,0.2332,0.0495,0.0898,0.1389,0.1306,0.0,0.0977
CT009035,Zone_08,Zone_10,0.1249,0.1068,0.0762,0.1171,0.094,0.105,0.0696,0.1202,0.1066,0.0796,0.1249
CT016735,Zone_05,Zone_06,0.2812,0.1906,0.0,0.0,0.1826,0.0,0.2812,0.087,0.0545,0.0,0.204
CT011388,Zone_08,Zone_08,0.6373,0.0,0.0,0.2173,0.0,0.0,0.0,0.1453,0.6373,0.0,0.0
CT003756,Zone_04,Zone_06,0.224,0.1619,0.0637,0.0899,0.0776,0.0658,0.224,0.1017,0.1071,0.0,0.1083
CT011814,Zone_09,Zone_01,0.1723,0.1723,0.0775,0.1009,0.1061,0.06,0.0908,0.0927,0.1549,0.0,0.1449
CT001730,Zone_05,Zone_10,0.2151,0.1675,0.0659,0.0687,0.1284,0.0545,0.0989,0.1339,0.0671,0.0,0.2151
CT008124,Zone_01,Zone_02,0.3867,0.1229,0.3867,0.0559,0.0392,0.0,0.0604,0.159,0.1758,0.0,0.0
CT006832,Zone_07,Zone_04,0.1457,0.1204,0.1446,0.1341,0.1457,0.0721,0.0841,0.1085,0.0888,0.0,0.1017
CT011607,Zone_08,Zone_04,0.1457,0.1204,0.1446,0.1341,0.1457,0.0721,0.0841,0.1085,0.0888,0.0,0.1017
CT011645,Zone_08,Zone_06,0.7373,0.0,0.0,0.0,0.1197,0.0,0.7373,0.0,0.143,0.0,0.0
CT003881,Zone_08,Zone_10,0.1249,0.1068,0.0762,0.1171,0.094,0.105,0.0696,0.1202,0.1066,0.0796,0.1249
CT004210,Zone_01,Zone_02,0.8211,0.0,0.8211,0.0,0.0,0.0,0.0,0.0794,0.0995,0.0,0.0
CT001136,Zone_04,Zone_01,0.1507,0.1507,0.0996,0.1317,0.1126,0.0392,0.0978,0.1046,0.1155,0.0322,0.1161
CT013221,Zone_07,Zone_10,0.1737,0.1025,0.1076,0.1342,0.1105,0.0972,0.0756,0.1131,0.0855,0.0,0.1737
CT005363,Zone_03,Zone_02,0.1388,0.0964,0.1388,0.1316,0.1033,0.0717,0.1277,0.11,0.1089,0.0262,0.0856
CT011173,Zone_07,Zone_01,0.1141,0.1141,0.0883,0.0883,0.1037,0.1139,0.1113,0.0978,0.0876,0.1007,0.0942
CT011966,Zone_03,Zone_04,0.184,0.1397,0.0824,0.0477,0.184,0.1703,0.0515,0.1196,0.1299,0.0,0.0747
CT002786,Zone_08,Zone_09,0.6957,0.0,0.0,0.267,0.0,0.0,0.0,0.0,0.0373,0.6957,0.0
CT011519,Zone_04,Zone_10,0.1249,0.1068,0.0762,0.1171,0.094,0.105,0.0696,0.1202,0.1066,0.0796,0.1249
CT007994,Zone_07,Zone_10,0.1591,0.088,0.1265,0.116,0.1061,0.1035,0.0582,0.1351,0.1076,0.0,0.1591
CT009900,Zone_06,Zone_10,0.1591,0.088,0.1265,0.116,0.1061,0.1035,0.0582,0.1351,0.1076,0.0,0.1591
CT019150,Zone_03,Zone_10,0.1249,0.1068,0.0762,0.1171,0.094,0.105,0.0696,0.1202,0.1066,0.0796,0.1249
CT015514,Zone_05,Zone_10,0.1591,0.088,0.1265,0.116,0.1061,0.1035,0.0582,0.1351,0.1076,0.0,0.1591
CT012875,Zone_05,Zone_06,0.6646,0.0,0.0,0.0,0.0719,0.0,0.6646,0.1028,0.0,0.0,0.1607
CT008867,Zone_03,Zone_04,0.2332,0.0304,0.1676,0.0623,0.2332,0.0495,0.0898,0.1389,0.1306,0.0,0.0977
CT017840,Zone_08,Zone_03,0.3206,0.1304,0.1231,0.3206,0.1499,0.0424,0.0385,0.1429,0.0522,0.0,0.0
CT016251,Zone_01,Zone_10,0.2089,0.0976,0.1536,0.0222,0.1403,0.1058,0.0,0.104,0.1676,0.0,0.2089
CT007791,Zone_07,Zone_02,0.1388,0.0964,0.1388,0.1316,0.1033,0.0717,0.1277,0.11,0.1089,0.0262,0.0856
CT016660,Zone_08,Zone_09,0.3083,0.0,0.0454,0.0789,0.2213,0.1877,0.0,0.0923,0.0661,0.3083,0.0
CT017698,Zone_07,Zone_03,0.3407,0.1663,0.0,0.3407,0.0398,0.0,0.0,0.2278,0.0476,0.0,0.1779
CT015884,Zone_07,Zone_10,0.1737,0.1025,0.1076,0.1342,0.1105,0.0972,0.0756,0.1131,0.0855,0.0,0.1737
CT013757,Zone_10,Zone_06,0.829,0.0,0.0,0.0,0.0,0.0,0.829,0.171,0.0,0.0,0.0
CT008196,Zone_07,Zone_02,0.1388,0.0964,0.1388,0.1316,0.1033,0.0717,0.1277,0.11,0.1089,0.0262,0.0856
CT006981,Zone_10,Zone_05,0.2043,0.1109,0.0815,0.0859,0.0815,0.2043,0.0764,0.0962,0.0973,0.079,0.087
CT018845,Zone_04,Zone_10,0.1591,0.088,0.1265,0.116,0.1061,0.1035,0.0582,0.1351,0.1076,0.0,0.1591
CT015224,Zone_07,Zone_01,0.1141,0.1141,0.0883,0.0883,0.1037,0.1139,0.1113,0.0978,0.0876,0.1007,0.0942
CT013273,Zone_06,Zone_03,0.3206,0.1304,0.1231,0.3206,0.1499,0.0424,0.0385,0.1429,0.0522,0.0,0.0
CT005156,Zone_02,Zone_02,0.2419,0.0615,0.2419,0.2099,0.1178,0.0,0.0,0.2106,0.1583,0.0,0.0
CT001943,Zone_08,Zone_05,0.6052,0.0,0.0,0.1272,0.2676,0.6052,0.0,0.0,0.0,0.0,0.0
CT018071,Zone_08,Zone_01,0.1141,0.1141,0.0883,0.0883,0.1037,0.1139,0.1113,0.0978,0.0876,0.1007,0.0942
CT018571,Zone_07,Zone_04,0.1457,0.1204,0.1446,0.1341,0.1457,0.0721,0.0841,0.1085,0.0888,0.0,0.1017
CT013597,Zone_04,Zone_10,0.1249,0.1068,0.0762,0.1171,0.094,0.105,0.0696,0.1202,0.1066,0.0796,0.1249
CT007733,Zone_04,Zone_04,0.2332,0.0304,0.1676,0.0623,0.2332,0.0495,0.0898,0.1389,0.1306,0.0,0.0977
CT009178,Zone_08,Zone_02,0.1388,0.0964,0.1388,0.1316,0.1033,0.0717,0.1277,0.11,0.1089,0.0262,0.0856
CT002274,Zone_07,Zone_10,0.1737,0.1025,0.1076,0.1342,0.1105,0.0972,0.0756,0.1131,0.0855,0.0,0.1737
CT014733,Zone_03,Zone_09,0.6641,0.0,0.0979,0.0,0.0397,0.0,0.0,0.0947,0.0593,0.6641,0.0444
CT003973,Zone_07,Zone_02,0.4397,0.0,0.4397,0.0,0.1338,0.0,0.0,0.1276,0.0,0.0,0.2989
CT001083,Zone_06,Zone_07,0.2208,0.0,0.2174,0.0943,0.0662,0.0,0.2038,0.2208,0.1976,0.0,0.0
CT014734,Zone_07,Zone_06,0.8311,0.0,0.0,0.0,0.0,0.0,0.8311,0.1286,0.0403,0.0,0.0
CT003209,Zone_03,Zone_09,0.2122,0.1034,0.0876,0.1086,0.0609,0.0388,0.1056,0.1053,0.0842,0.2122,0.0936
CT004237,Zone_05,Zone_05,0.1743,0.1475,0.1161,0.0549,0.1092,0.1743,0.0396,0.1041,0.0537,0.1432,0.0574
CT001649,Zone_06,Zone_01,0.1507,0.1507,0.0996,0.1317,0.1126,0.0392,0.0978,0.1046,0.1155,0.0322,0.1161
CT010161,Zone_03,Zone_01,0.1403,0.1403,0.0759,0.1078,0.1092,0.114,0.1293,0.1201,0.1003,0.0,0.1032
CT009733,Zone_09,Zone_10,0.3555,0.0,0.0,0.2269,0.0,0.0,0.0,0.2276,0.1901,0.0,0.3555
CT012164,Zone_07,Zone_04,0.1457,0.1204,0.1446,0.1341,0.1457,0.0721,0.0841,0.1085,0.0888,0.0,0.1017
CT007393,Zone_01,Zone_01,0.1723,0.1723,0.0775,0.1009,0.1061,0.06,0.0908,0.0927,0.1549,0.0,0.1449
CT018371,Zone_08,Zone_05,0.2043,0.1109,0.0815,0.0859,0.0815,0.2043,0.0764,0.0962,0.0973,0.079,0.087
CT010005,Zone_04,Zone_05,0.2043,0.1109,0.0815,0.0859,0.0815,0.2043,0.0764,0.0962,0.0973,0.079,0.087
CT004173,Zone_09,Zone_09,0.2401,0.1349,0.0354,0.0614,0.0754,0.0365,0.0663,0.077,0.1286,0.2401,0.1443
CT014880,Zone_07,Zone_01,0.4735,0.4735,0.1863,0.0,0.3402,0.0,0.0,0.0,0.0,0.0,0.0
CT001840,Zone_07,Zone_09,0.8461,0.0,0.0,0.0,0.0,0.0,0.0,0.1086,0.0453,0.8461,0.0
CT000139,Zone_07,Zone_09,0.3731,0.0,0.11,0.1432,0.1004,0.0568,0.0,0.0718,0.07,0.3731,0.0748
CT015005,Zone_08,Zone_02,0.1388,0.0964,0.1388,0.1316,0.1033,0.0717,0.1277,0.11,0.1089,0.0262,0.0856
CT001574,Zone_07,Zone_05,0.487,0.0,0.0,0.0,0.3589,0.487,0.0,0.0684,0.0857,0.0,0.0
CT019652,Zone_04,Zone_01,0.2017,0.2017,0.1299,0.1879,0.0527,0.0894,0.0812,0.1131,0.1049,0.0,0.0392
CT011744,Zone_04,Zone_05,0.4162,0.2561,0.0,0.0,0.1227,0.4162,0.0,0.0585,0.1465,0.0,0.0
CT006461,Zone_01,Zone_02,0.1388,0.0964,0.1388,0.1316,0.1033,0.0717,0.1277,0.11,0.1089,0.0262,0.0856
CT017640,Zone_07,Zone_09,0.7462,0.0,0.11,0.0,0.0,0.0,0.0,0.0638,0.08,0.7462,0.0
CT016267,Zone_08,Zone_09,0.6531,0.1223,0.0,0.0,0.0586,0.0,0.0,0.0,0.035,0.6531,0.1309
CT018969,Zone_07,Zone_07,0.8482,0.0,0.0,0.0,0.0,0.0,0.0,0.8482,0.1518,0.0,0.0
CT014409,Zone_05,Zone_06,0.3629,0.164,0.0,0.168,0.1178,0.0,0.3629,0.0936,0.0938,0.0,0.0
CT003833,Zone_08,Zone_05,0.1425,0.1169,0.1117,0.0884,0.088,0.1425,0.1232,0.1011,0.1075,0.0223,0.0983
CT006378,Zone_07,Zone_04,0.5932,0.0,0.0,0.0,0.5932,0.0,0.0,0.0,0.1417,0.0,0.265
CT004543,Zone_10,Zone_02,0.1388,0.0964,0.1388,0.1316,0.1033,0.0717,0.1277,0.11,0.1089,0.0262,0.0856
CT016147,Zone_03,Zone_02,0.3812,0.0404,0.3812,0.1379,0.174,0.0,0.0596,0.083,0.0808,0.0,0.0432
CT015179,Zone_07,Zone_05,0.2043,0.1109,0.0815,0.0859,0.0815,0.2043,0.0764,0.0962,0.0973,0.079,0.087
CT007147,Zone_04,Zone_06,0.5372,0.0,0.0,0.0,0.1744,0.0,0.5372,0.0416,0.0521,0.0,0.1948
CT002221,Zone_04,Zone_01,0.1141,0.1141,0.0883,0.0883,0.1037,0.1139,0.1113,0.0978,0.0876,0.1007,0.0942
CT014888,Zone_06,Zone_10,0.2089,0.0976,0.1536,0.0222,0.1403,0.1058,0.0,0.104,0.1676,0.0,0.2089
CT003569,Zone_07,Zone_01,0.1141,0.1141,0.0883,0.0883,0.1037,0.1139,0.1113,0.0978,0.0876,0.1007,0.0942
CT002461,Zone_07,Zone_09,0.2401,0.1349,0.0354,0.0614,0.0754,0.0365,0.0663,0.077,0.1286,0.2401,0.1443
CT008877,Zone_07,Zone_10,0.1249,0.1068,0.0762,0.1171,0.094,0.105,0.0696,0.1202,0.1066,0.0796,0.1249
CT009563,Zone_02,Zone_06,0.1824,0.0742,0.0876,0.1013,0.0888,0.1406,0.1824,0.0903,0.1026,0.066,0.0661
CT015283,Zone_10,Zone_05,0.2675,0.0823,0.0863,0.1686,0.0526,0.2675,0.081,0.0814,0.0628,0.0,0.1174
CT003842,Zone_08,Zone_04,0.1457,0.1204,0.1446,0.1341,0.1457,0.0721,0.0841,0.1085,0.0888,0.0,0.1017
CT000727,Zone_04,Zone_10,0.4356,0.0,0.3203,0.0,0.0,0.0,0.0,0.1859,0.0582,0.0,0.4356
CT002604,Zone_07,Zone_02,0.1388,0.0964,0.1388,0.1316,0.1033,0.0717,0.1277,0.11,0.1089,0.0262,0.0856
CT012085,Zone_07,Zone_09,0.4669,0.0437,0.0344,0.0896,0.0,0.0,0.1936,0.0499,0.0751,0.4669,0.0468
CT018349,Zone_03,Zone_04,0.3836,0.089,0.07,0.0,0.3836,0.0,0.0,0.3047,0.1527,0.0,0.0
CT011529,Zone_07,Zone_10,0.4554,0.0,0.0,0.0,0.2039,0.0,0.0,0.0972,0.2435,0.0,0.4554
CT007127,Zone_04,Zone_10,0.5562,0.2599,0.0,0.0,0.1245,0.0,0.0,0.0593,0.0,0.0,0.5562
CT016243,Zone_07,Zone_05,0.1425,0.1169,0.1117,0.0884,0.088,0.1425,0.1232,0.1011,0.1075,0.0223,0.0983
CT010361,Zone_06,Zone_10,0.1569,0.0838,0.0989,0.1073,0.1254,0.0511,0.1391,0.1267,0.1109,0.0,0.1569
CT011958,Zone_03,Zone_05,0.1743,0.1475,0.1161,0.0549,0.1092,0.1743,0.0396,0.1041,0.0537,0.1432,0.0574
CT019558,Zone_06,Zone_08,0.2016,0.0,0.1232,0.1069,0.1125,0.1273,0.0,0.1609,0.2016,0.0,0.1676
CT004393,Zone_07,Zone_01,0.1141,0.1141,0.0883,0.0883,0.1037,0.1139,0.1113,0.0978,0.0876,0.1007,0.0942
CT015506,Zone_07,Zone_03,0.1402,0.1303,0.1153,0.1402,0.1202,0.0953,0.0817,0.093,0.109,0.0174,0.0976
CT011124,Zone_02,Zone_10,0.1737,0.1025,0.1076,0.1342,0.1105,0.0972,0.0756,0.1131,0.0855,0.0,0.1737
CT003679,Zone_04,Zone_05,0.8771,0.0,0.0,0.0921,0.0,0.8771,0.0,0.0308,0.0,0.0,0.0
CT002477,Zone_03,Zone_10,0.1591,0.088,0.1265,0.116,0.1061,0.1035,0.0582,0.1351,0.1076,0.0,0.1591
CT006752,Zone_04,Zone_09,0.1658,0.132,0.1039,0.0795,0.1041,0.0757,0.0916,0.0886,0.1088,0.1658,0.0498
CT009918,Zone_08,Zone_01,0.1141,0.1141,0.0883,0.0883,0.1037,0.1139,0.1113,0.0978,0.0876,0.1007,0.0942
CT001547,Zone_04,Zone_02,0.1388,0.0964,0.1388,0.1316,0.1033,0.0717,0.1277,0.11,0.1089,0.0262,0.0856
CT011861,Zone_10,Zone_04,0.1798,0.0577,0.1136,0.1578,0.1798,0.0469,0.0852,0.1352,0.1156,0.0,0.1081
CT008302,Zone_05,Zone_02,0.1388,0.0964,0.1388,0.1316,0.1033,0.0717,0.1277,0.11,0.1089,0.0262,0.0856
CT016524,Zone_02,Zone_10,0.1591,0.088,0.1265,0.116,0.1061,0.1035,0.0582,0.1351,0.1076,0.0,0.1591
CT008004,Zone_02,Zone_02,0.166,0.1356,0.166,0.0926,0.13,0.0735,0.1334,0.0654,0.0905,0.0,0.1129
CT011864,Zone_07,Zone_01,0.1141,0.1141,0.0883,0.0883,0.1037,0.1139,0.1113,0.0978,0.0876,0.1007,0.0942
CT018196,Zone_08,Zone_02,0.6848,0.0,0.6848,0.0,0.0,0.0,0.0,0.0662,0.249,0.0,0.0
CT019832,Zone_10,Zone_09,0.8072,0.0,0.0,0.0,0.0241,0.0,0.0744,0.0115,0.0288,0.8072,0.0539
CT009074,Zone_08,Zone_03,0.1402,0.1303,0.1153,0.1402,0.1202,0.0953,0.0817,0.093,0.109,0.0174,0.0976
CT016296,Zone_08,Zone_04,0.2556,0.0,0.18,0.2083,0.2556,0.0,0.0,0.1219,0.1527,0.0,0.0816
CT007184,Zone_04,Zone_03,0.197,0.0961,0.0908,0.197,0.129,0.0625,0.0,0.1361,0.165,0.0,0.1235
CT010032,Zone_07,Zone_03,0.33,0.0805,0.0634,0.33,0.2315,0.0,0.0,0.1103,0.1843,0.0,0.0
CT006888,Zone_04,Zone_04,0.1457,0.1204,0.1446,0.1341,0.1457,0.0721,0.0841,0.1085,0.0888,0.0,0.1017
CT000456,Zone_01,Zone_10,0.1855,0.1733,0.0341,0.1184,0.1453,0.0,0.1279,0.0792,0.1364,0.0,0.1855
CT001458,Zone_08,Zone_10,0.2089,0.0976,0.1536,0.0222,0.1403,0.1058,0.0,0.104,0.1676,0.0,0.2089
CT018000,Zone_04,Zone_04,0.2556,0.0,0.18,0.2083,0.2556,0.0,0.0,0.1219,0.1527,0.0,0.0816
CT000368,Zone_08,Zone_10,0.3132,0.0976,0.1536,0.1333,0.0467,0.0,0.144,0.0,0.1117,0.0,0.3132
CT007866,Zone_08,Zone_01,0.1403,0.1403,0.0759,0.1078,0.1092,0.114,0.1293,0.1201,0.1003,0.0,0.1032
CT015923,Zone_03,Zone_09,0.6872,0.0,0.0,0.0,0.0617,0.1046,0.095,0.0147,0.0368,0.6872,0.0
CT005981,Zone_07,Zone_06,0.3629,0.164,0.0,0.168,0.1178,0.0,0.3629,0.0936,0.0938,0.0,0.0
CT017944,Zone_01,Zone_01,0.1141,0.1141,0.0883,0.0883,0.1037,0.1139,0.1113,0.0978,0.0876,0.1007,0.0942
CT019232,Zone_07,Zone_05,0.3041,0.0,0.1473,0.2556,0.0896,0.3041,0.0,0.0427,0.1606,0.0,0.0
CT009992,Zone_04,Zone_04,0.6269,0.0,0.0,0.1787,0.6269,0.0,0.0,0.1195,0.0749,0.0,0.0
CT011231,Zone_02,Zone_02,0.1388,0.0964,0.1388,0.1316,0.1033,0.0717,0.1277,0.11,0.1089,0.0262,0.0856
CT013481,Zone_04,Zone_01,0.3524,0.3524,0.2773,0.0,0.1688,0.0,0.0,0.0,0.2016,0.0,0.0
CT013605,Zone_01,Zone_09,0.5421,0.0,0.0,0.0,0.0486,0.0,0.1498,0.0927,0.0581,0.5421,0.1086
CT015653,Zone_07,Zone_01,0.1141,0.1141,0.0883,0.0883,0.1037,0.1139,0.1113,0.0978,0.0876,0.1007,0.0942
CT019806,Zone_08,Zone_01,0.767,0.767,0.0,0.1746,0.0,0.0,0.0,0.0584,0.0,0.0,0.0
CT012470,Zone_01,Zone_02,0.166,0.1356,0.166,0.0926,0.13,0.0735,0.1334,0.0654,0.0905,0.0,0.1129
CT005232,Zone_06,Zone_10,0.1591,0.088,0.1265,0.116,0.1061,0.1035,0.0582,0.1351,0.1076,0.0,0.1591
CT013632,Zone_07,Zone_01,0.1141,0.1141,0.0883,0.0883,0.1037,0.1139,0.1113,0.0978,0.0876,0.1007,0.0942
CT011157,Zone_06,Zone_09,0.2401,0.1349,0.0354,0.0614,0.0754,0.0365,0.0663,0.077,0.1286,0.2401,0.1443
CT016039,Zone_07,Zone_05,0.1743,0.1475,0.1161,0.0549,0.1092,0.1743,0.0396,0.1041,0.0537,0.1432,0.0574
CT009422,Zone_02,Zone_10,0.1569,0.0838,0.0989,0.1073,0.1254,0.0511,0.1391,0.1267,0.1109,0.0,0.1569
CT006410,Zone_01,Zone_06,0.3213,0.0726,0.1142,0.0991,0.1391,0.118,0.3213,0.0166,0.0415,0.0,0.0777
CT005225,Zone_08,Zone_10,0.1737,0.1025,0.1076,0.1342,0.1105,0.0972,0.0756,0.1131,0.0855,0.0,0.1737
CT003025,Zone_04,Zone_10,0.1591,0.088,0.1265,0.116,0.1061,0.1035,0.0582,0.1351,0.1076,0.0,0.1591
CT006836,Zone_03,Zone_10,0.3029,0.1348,0.1061,0.1013,0.0646,0.0219,0.0597,0.1047,0.1041,0.0,0.3029
CT017998,Zone_08,Zone_01,0.1507,0.1507,0.0996,0.1317,0.1126,0.0392,0.0978,0.1046,0.1155,0.0322,0.1161
CT018913,Zone_10,Zone_10,0.1973,0.0691,0.0181,0.1259,0.1546,0.1873,0.0,0.1158,0.1319,0.0,0.1973
CT011227,Zone_04,Zone_01,0.1723,0.1723,0.0775,0.1009,0.1061,0.06,0.0908,0.0927,0.1549,0.0,0.1449
CT003223,Zone_07,Zone_10,0.3088,0.2164,0.1135,0.0985,0.0691,0.0,0.0,0.1318,0.0619,0.0,0.3088
CT019427,Zone_07,Zone_09,0.2122,0.1034,0.0876,0.1086,0.0609,0.0388,0.1056,0.1053,0.0842,0.2122,0.0936
CT014062,Zone_01,Zone_01,0.1141,0.1141,0.0883,0.0883,0.1037,0.1139,0.1113,0.0978,0.0876,0.1007,0.0942
CT007569,Zone_06,Zone_03,0.1402,0.1303,0.1153,0.1402,0.1202,0.0953,0.0817,0.093,0.109,0.0174,0.0976
CT019939,Zone_04,Zone_02,0.1388,0.0964,0.1388,0.1316,0.1033,0.0717,0.1277,0.11,0.1089,0.0262,0.0856
CT000990,Zone_07,Zone_07,0.1716,0.1378,0.1479,0.0428,0.09,0.1425,0.0555,0.1716,0.1183,0.0669,0.0268
CT010330,Zone_07,Zone_09,0.5919,0.1109,0.0,0.1514,0.0,0.0,0.0,0.0506,0.0952,0.5919,0.0
CT001985,Zone_07,Zone_02,0.1388,0.0964,0.1388,0.1316,0.1033,0.0717,0.1277,0.11,0.1089,0.0262,0.0856
CT015218,Zone_07,Zone_10,0.1249,0.1068,0.0762,0.1171,0.094,0.105,0.0696,0.1202,0.1066,0.0796,0.1249
CT002217,Zone_03,Zone_09,0.1658,0.132,0.1039,0.0795,0.1041,0.0757,0.0916,0.0886,0.1088,0.1658,0.0498
CT017145,Zone_08,Zone_01,0.5272,0.5272,0.0,0.0,0.1263,0.0,0.0,0.1204,0.2262,0.0,0.0
CT007048,Zone_04,Zone_10,0.2028,0.0237,0.1864,0.0647,0.1816,0.077,0.035,0.0865,0.1423,0.0,0.2028
CT004925,Zone_08,Zone_02,0.1388,0.0964,0.1388,0.1316,0.1033,0.0717,0.1277,0.11,0.1089,0.0262,0.0856
CT006455,Zone_07,Zone_10,0.1249,0.1068,0.0762,0.1171,0.094,0.105,0.0696,0.1202,0.1066,0.0796,0.1249
CT010468,Zone_01,Zone_10,0.1249,0.1068,0.0762,0.1171,0.094,0.105,0.0696,0.1202,0.1066,0.0796,0.1249
CT020000,Zone_03,Zone_01,0.1141,0.1141,0.0883,0.0883,0.1037,0.1139,0.1113,0.0978,0.0876,0.1007,0.0942
CT006523,Zone_02,Zone_09,0.1658,0.132,0.1039,0.0795,0.1041,0.0757,0.0916,0.0886,0.1088,0.1658,0.0498
CT013676,Zone_09,Zone_05,0.231,0.0474,0.1118,0.0971,0.0454,0.231,0.2097,0.0649,0.0407,0.0,0.1521
CT004482,Zone_07,Zone_03,0.1402,0.1303,0.1153,0.1402,0.1202,0.0953,0.0817,0.093,0.109,0.0174,0.0976
CT010455,Zone_05,Zone_04,0.2242,0.117,0.1381,0.1199,0.2242,0.0951,0.0,0.0801,0.1004,0.0,0.1252
CT000683,Zone_02,Zone_01,0.1507,0.1507,0.0996,0.1317,0.1126,0.0392,0.0978,0.1046,0.1155,0.0322,0.1161
CT015703,Zone_04,Zone_04,0.1798,0.0577,0.1136,0.1578,0.1798,0.0469,0.0852,0.1352,0.1156,0.0,0.1081
CT008356,Zone_07,Zone_01,0.1141,0.1141,0.0883,0.0883,0.1037,0.1139,0.1113,0.0978,0.0876,0.1007,0.0942
CT010251,Zone_07,Zone_05,0.1425,0.1169,0.1117,0.0884,0.088,0.1425,0.1232,0.1011,0.1075,0.0223,0.0983
CT003990,Zone_09,Zone_04,0.3056,0.2126,0.0558,0.0,0.3056,0.1152,0.0,0.1133,0.1217,0.0,0.0758
CT019032,Zone_07,Zone_01,0.1141,0.1141,0.0883,0.0883,0.1037,0.1139,0.1113,0.0978,0.0876,0.1007,0.0942
CT010318,Zone_07,Zone_10,0.1569,0.0838,0.0989,0.1073,0.1254,0.0511,0.1391,0.1267,0.1109,0.0,0.1569
CT004377,Zone_08,Zone_05,0.2784,0.1402,0.1348,0.1276,0.0448,0.2784,0.023,0.1031,0.098,0.0,0.05
CT001187,Zone_05,Zone_01,0.6681,0.6681,0.0,0.0,0.16,0.0,0.0,0.0763,0.0956,0.0,0.0
CT004158,Zone_02,Zone_06,0.1824,0.0742,0.0876,0.1013,0.0888,0.1406,0.1824,0.0903,0.1026,0.066,0.0661
CT019436,Zone_07,Zone_01,0.1141,0.1141,0.0883,0.0883,0.1037,0.1139,0.1113,0.0978,0.0876,0.1007,0.0942
CT006701,Zone_04,Zone_03,0.1402,0.1303,0.1153,0.1402,0.1202,0.0953,0.0817,0.093,0.109,0.0174,0.0976
CT012513,Zone_04,Zone_05,0.1586,0.0976,0.1097,0.1048,0.0868,0.1586,0.144,0.0923,0.0718,0.0,0.1343
CT016260,Zone_07,Zone_05,0.1586,0.0976,0.1097,0.1048,0.0868,0.1586,0.144,0.0923,0.0718,0.0,0.1343
CT002968,Zone_04,Zone_02,0.1388,0.0964,0.1388,0.1316,0.1033,0.0717,0.1277,0.11,0.1089,0.0262,0.0856
CT007870,Zone_08,Zone_01,0.1733,0.1733,0.0909,0.1315,0.0646,0.1565,0.0284,0.1539,0.0771,0.0,0.1237
CT006504,Zone_07,Zone_02,0.1388,0.0964,0.1388,0.1316,0.1033,0.0717,0.1277,0.11,0.1089,0.0262,0.0856
CT004196,Zone_07,Zone_05,0.3745,0.0,0.1813,0.1574,0.2208,0.3745,0.0,0.0,0.0659,0.0,0.0
CT009461,Zone_07,Zone_04,0.3836,0.089,0.07,0.0,0.3836,0.0,0.0,0.3047,0.1527,0.0,0.0
CT002833,Zone_08,Zone_10,0.3029,0.1348,0.1061,0.1013,0.0646,0.0219,0.0597,0.1047,0.1041,0.0,0.3029
CT017160,Zone_08,Zone_01,0.2019,0.2019,0.0927,0.1839,0.0887,0.0273,0.0993,0.1114,0.0867,0.0,0.108
CT013150,Zone_04,Zone_10,0.1249,0.1068,0.0762,0.1171,0.094,0.105,0.0696,0.1202,0.1066,0.0796,0.1249
CT007875,Zone_07,Zone_02,0.1388,0.0964,0.1388,0.1316,0.1033,0.0717,0.1277,0.11,0.1089,0.0262,0.0856
CT009714,Zone_07,Zone_01,0.1403,0.1403,0.0759,0.1078,0.1092,0.114,0.1293,0.1201,0.1003,0.0,0.1032
CT004752,Zone_07,Zone_09,0.6888,0.0,0.0508,0.0,0.0309,0.1048,0.0952,0.0295,0.0,0.6888,0.0
CT012254,Zone_02,Zone_06,0.1863,0.1052,0.0331,0.115,0.1311,0.0342,0.1863,0.1153,0.1445,0.0,0.1351
CT016754,Zone_08,Zone_10,0.1737,0.1025,0.1076,0.1342,0.1105,0.0972,0.0756,0.1131,0.0855,0.0,0.1737
CT014857,Zone_08,Zone_07,0.1716,0.1378,0.1479,0.0428,0.09,0.1425,0.0555,0.1716,0.1183,0.0669,0.0268
CT019568,Zone_01,Zone_09,0.7462,0.0,0.11,0.0,0.0,0.0,0.0,0.0638,0.08,0.7462,0.0
CT012180,Zone_05,Zone_02,0.1388,0.0964,0.1388,0.1316,0.1033,0.0717,0.1277,0.11,0.1089,0.0262,0.0856
CT017142,Zone_02,Zone_10,0.3029,0.1348,0.1061,0.1013,0.0646,0.0219,0.0597,0.1047,0.1041,0.0,0.3029
CT006514,Zone_07,Zone_09,0.6673,0.0,0.0,0.0,0.1197,0.0,0.1844,0.0285,0.0,0.6673,0.0
CT009965,Zone_02,Zone_01,0.2104,0.2104,0.0276,0.0479,0.084,0.114,0.0,0.1361,0.0803,0.1872,0.1126
CT006208,Zone_04,Zone_02,0.1601,0.0872,0.1601,0.1191,0.0835,0.1417,0.0,0.1261,0.158,0.0,0.1244
CT008973,Zone_07,Zone_02,0.1388,0.0964,0.1388,0.1316,0.1033,0.0717,0.1277,0.11,0.1089,0.0262,0.0856
CT009225,Zone_02,Zone_02,0.166,0.1356,0.166,0.0926,0.13,0.0735,0.1334,0.0654,0.0905,0.0,0.1129
CT001559,Zone_08,Zone_03,0.8101,0.0,0.0,0.8101,0.0,0.0,0.0,0.0542,0.1357,0.0,0.0
CT006414,Zone_10,Zone_10,0.1249,0.1068,0.0762,0.1171,0.094,0.105,0.0696,0.1202,0.1066,0.0796,0.1249
CT004788,Zone_07,Zone_01,0.1141,0.1141,0.0883,0.0883,0.1037,0.1139,0.1113,0.0978,0.0876,0.1007,0.0942
CT018772,Zone_08,Zone_10,0.1249,0.1068,0.0762,0.1171,0.094,0.105,0.0696,0.1202,0.1066,0.0796,0.1249
CT008651,Zone_04,Zone_10,0.1249,0.1068,0.0762,0.1171,0.094,0.105,0.0696,0.1202,0.1066,0.0796,0.1249
CT002119,Zone_03,Zone_10,0.1591,0.088,0.1265,0.116,0.1061,0.1035,0.0582,0.1351,0.1076,0.0,0.1591
CT002838,Zone_04,Zone_01,0.1733,0.1733,0.0909,0.1315,0.0646,0.1565,0.0284,0.1539,0.0771,0.0,0.1237
CT001641,Zone_07,Zone_09,0.6641,0.0,0.0979,0.0,0.0397,0.0,0.0,0.0947,0.0593,0.6641,0.0444
CT010984,Zone_03,Zone_06,0.1824,0.0742,0.0876,0.1013,0.0888,0.1406,0.1824,0.0903,0.1026,0.066,0.0661
CT013553,Zone_02,Zone_04,0.184,0.1397,0.0824,0.0477,0.184,0.1703,0.0515,0.1196,0.1299,0.0,0.0747
CT012629,Zone_04,Zone_10,0.1591,0.088,0.1265,0.116,0.1061,0.1035,0.0582,0.1351,0.1076,0.0,0.1591
CT013513,Zone_07,Zone_01,0.1141,0.1141,0.0883,0.0883,0.1037,0.1139,0.1113,0.0978,0.0876,0.1007,0.0942
CT000402,Zone_06,Zone_09,0.4326,0.0608,0.0159,0.0968,0.0582,0.0329,0.0299,0.0601,0.1043,0.4326,0.1084
CT017399,Zone_07,Zone_09,0.5919,0.1109,0.0,0.1514,0.0,0.0,0.0,0.0506,0.0952,0.5919,0.0
CT001582,Zone_04,Zone_10,0.1973,0.0691,0.0181,0.1259,0.1546,0.1873,0.0,0.1158,0.1319,0.0,0.1973
CT015920,Zone_06,Zone_10,0.2388,0.0837,0.0439,0.0571,0.1603,0.136,0.0412,0.1274,0.1117,0.0,0.2388
CT017298,Zone_05,Zone_05,0.6889,0.0,0.1112,0.0,0.1354,0.6889,0.0,0.0645,0.0,0.0,0.0
CT006850,Zone_10,Zone_01,0.1141,0.1141,0.0883,0.0883,0.1037,0.1139,0.1113,0.0978,0.0876,0.1007,0.0942
CT009318,Zone_04,Zone_10,0.1569,0.0838,0.0989,0.1073,0.1254,0.0511,0.1391,0.1267,0.1109,0.0,0.1569
CT010170,Zone_03,Zone_03,0.1402,0.1303,0.1153,0.1402,0.1202,0.0953,0.0817,0.093,0.109,0.0174,0.0976
CT002110,Zone_03,Zone_09,0.1658,0.132,0.1039,0.0795,0.1041,0.0757,0.0916,0.0886,0.1088,0.1658,0.0498
CT017357,Zone_08,Zone_01,0.1141,0.1141,0.0883,0.0883,0.1037,0.1139,0.1113,0.0978,0.0876,0.1007,0.0942
CT008989,Zone_02,Zone_10,0.3029,0.1348,0.1061,0.1013,0.0646,0.0219,0.0597,0.1047,0.1041,0.0,0.3029
CT013666,Zone_04,Zone_06,0.809,0.0,0.0539,0.0,0.0,0.0,0.809,0.0782,0.0588,0.0,0.0
CT004317,Zone_10,Zone_10,0.1591,0.088,0.1265,0.116,0.1061,0.1035,0.0582,0.1351,0.1076,0.0,0.1591
CT003305,Zone_07,Zone_01,0.1141,0.1141,0.0883,0.0883,0.1037,0.1139,0.1113,0.0978,0.0876,0.1007,0.0942
CT005459,Zone_01,Zone_07,0.1716,0.1378,0.1479,0.0428,0.09,0.1425,0.0555,0.1716,0.1183,0.0669,0.0268
CT007699,Zone_03,Zone_05,0.4305,0.1766,0.0695,0.0603,0.0423,0.4305,0.0,0.0,0.1263,0.0,0.0945
CT004664,Zone_03,Zone_09,0.3918,0.0734,0.0433,0.0627,0.0967,0.0596,0.0812,0.0628,0.0892,0.3918,0.0393
CT007153,Zone_09,Zone_10,0.1249,0.1068,0.0762,0.1171,0.094,0.105,0.0696,0.1202,0.1066,0.0796,0.1249
CT010402,Zone_03,Zone_02,0.7546,0.0,0.7546,0.0,0.0919,0.0,0.0,0.0438,0.1097,0.0,0.0
CT019224,Zone_08,Zone_03,0.1402,0.1303,0.1153,0.1402,0.1202,0.0953,0.0817,0.093,0.109,0.0174,0.0976
CT019138,Zone_07,Zone_01,0.1141,0.1141,0.0883,0.0883,0.1037,0.1139,0.1113,0.0978,0.0876,0.1007,0.0942
CT018651,Zone_08,Zone_08,0.2525,0.1961,0.0772,0.067,0.047,0.0797,0.0,0.1232,0.2525,0.0,0.1574
CT010016,Zone_03,Zone_06,0.1824,0.0742,0.0876,0.1013,0.0888,0.1406,0.1824,0.0903,0.1026,0.066,0.0661
CT012973,Zone_07,Zone_10,0.3029,0.1348,0.1061,0.1013,0.0646,0.0219,0.0597,0.1047,0.1041,0.0,0.3029
CT018737,Zone_01,Zone_02,0.1388,0.0964,0.1388,0.1316,0.1033,0.0717,0.1277,0.11,0.1089,0.0262,0.0856
CT004555,Zone_04,Zone_05,0.6573,0.0,0.0,0.0,0.1291,0.6573,0.0,0.0308,0.0386,0.0,0.1442
CT003864,Zone_04,Zone_02,0.1388,0.0964,0.1388,0.1316,0.1033,0.0717,0.1277,0.11,0.1089,0.0262,0.0856
CT006312,Zone_07,Zone_04,0.8935,0.0,0.0,0.0,0.8935,0.0,0.0,0.1065,0.0,0.0,0.0
CT005194,Zone_07,Zone_10,0.1591,0.088,0.1265,0.116,0.1061,0.1035,0.0582,0.1351,0.1076,0.0,0.1591
CT016171,Zone_07,Zone_10,0.1249,0.1068,0.0762,0.1171,0.094,0.105,0.0696,0.1202,0.1066,0.0796,0.1249
CT004862,Zone_07,Zone_05,0.1586,0.0976,0.1097,0.1048,0.0868,0.1586,0.144,0.0923,0.0718,0.0,0.1343
CT004187,Zone_03,Zone_02,0.1388,0.0964,0.1388,0.1316,0.1033,0.0717,0.1277,0.11,0.1089,0.0262,0.0856
CT015686,Zone_04,Zone_01,0.1507,0.1507,0.0996,0.1317,0.1126,0.0392,0.0978,0.1046,0.1155,0.0322,0.1161
CT009539,Zone_07,Zone_01,0.1403,0.1403,0.0759,0.1078,0.1092,0.114,0.1293,0.1201,0.1003,0.0,0.1032
CT010516,Zone_01,Zone_10,0.1249,0.1068,0.0762,0.1171,0.094,0.105,0.0696,0.1202,0.1066,0.0796,0.1249
CT019446,Zone_07,Zone_02,0.2082,0.1323,0.2082,0.2033,0.0951,0.0,0.0488,0.1209,0.0852,0.0,0.1062
CT012605,Zone_01,Zone_10,0.2388,0.0837,0.0439,0.0571,0.1603,0.136,0.0412,0.1274,0.1117,0.0,0.2388
CT017579,Zone_08,Zone_03,0.33,0.0805,0.0634,0.33,0.2315,0.0,0.0,0.1103,0.1843,0.0,0.0
CT013342,Zone_03,Zone_02,0.2493,0.1056,0.2493,0.101,0.0911,0.0,0.2182,0.0868,0.1027,0.0,0.0452
CT019056,Zone_07,Zone_04,0.3056,0.2126,0.0558,0.0,0.3056,0.1152,0.0,0.1133,0.1217,0.0,0.0758
CT001944,Zone_01,Zone_06,0.3144,0.0,0.0,0.291,0.1021,0.0,0.3144,0.0487,0.2438,0.0,0.0
CT013824,Zone_07,Zone_05,0.2784,0.1402,0.1348,0.1276,0.0448,0.2784,0.023,0.1031,0.098,0.0,0.05
CT007231,Zone_04,Zone_01,0.1141,0.1141,0.0883,0.0883,0.1037,0.1139,0.1113,0.0978,0.0876,0.1007,0.0942
CT014288,Zone_03,Zone_02,0.1388,0.0964,0.1388,0.1316,0.1033,0.0717,0.1277,0.11,0.1089,0.0262,0.0856
CT013004,Zone_08,Zone_05,0.1425,0.1169,0.1117,0.0884,0.088,0.1425,0.1232,0.1011,0.1075,0.0223,0.0983
CT015930,Zone_03,Zone_08,0.4084,0.0,0.3744,0.0,0.0,0.0,0.0,0.2173,0.4084,0.0,0.0
CT001895,Zone_04,Zone_01,0.337,0.337,0.0994,0.1438,0.1009,0.0,0.0,0.0962,0.1326,0.0,0.0901
CT005329,Zone_08,Zone_02,0.1388,0.0964,0.1388,0.1316,0.1033,0.0717,0.1277,0.11,0.1089,0.0262,0.0856
CT016652,Zone_07,Zone_07,0.1716,0.1378,0.1479,0.0428,0.09,0.1425,0.0555,0.1716,0.1183,0.0669,0.0268
CT008286,Zone_03,Zone_02,0.1601,0.0872,0.1601,0.1191,0.0835,0.1417,0.0,0.1261,0.158,0.0,0.1244
CT006166,Zone_07,Zone_02,0.1388,0.0964,0.1388,0.1316,0.1033,0.0717,0.1277,0.11,0.1089,0.0262,0.0856
CT013571,Zone_04,Zone_10,0.1591,0.088,0.1265,0.116,0.1061,0.1035,0.0582,0.1351,0.1076,0.0,0.1591
CT007254,Zone_08,Zone_09,0.2122,0.1034,0.0876,0.1086,0.0609,0.0388,0.1056,0.1053,0.0842,0.2122,0.0936
CT000169,Zone_04,Zone_10,0.1591,0.088,0.1265,0.116,0.1061,0.1035,0.0582,0.1351,0.1076,0.0,0.1591
CT018899,Zone_10,Zone_02,0.1388,0.0964,0.1388,0.1316,0.1033,0.0717,0.1277,0.11,0.1089,0.0262,0.0856
CT014561,Zone_07,Zone_10,0.5018,0.0,0.0,0.1068,0.0,0.0,0.2306,0.0714,0.0894,0.0,0.5018
CT011948,Zone_08,Zone_02,0.1388,0.0964,0.1388,0.1316,0.1033,0.0717,0.1277,0.11,0.1089,0.0262,0.0856
CT016840,Zone_07,Zone_01,0.1141,0.1141,0.0883,0.0883,0.1037,0.1139,0.1113,0.0978,0.0876,0.1007,0.0942
CT005034,Zone_08,Zone_02,0.4757,0.0,0.4757,0.2065,0.1448,0.0,0.0,0.0,0.173,0.0,0.0
CT007085,Zone_08,Zone_04,0.1798,0.0577,0.1136,0.1578,0.1798,0.0469,0.0852,0.1352,0.1156,0.0,0.1081
CT008774,Zone_07,Zone_02,0.1388,0.0964,0.1388,0.1316,0.1033,0.0717,0.1277,0.11,0.1089,0.0262,0.0856
CT004014,Zone_02,Zone_10,0.1591,0.088,0.1265,0.116,0.1061,0.1035,0.0582,0.1351,0.1076,0.0,0.1591
CT003695,Zone_08,Zone_09,0.522,0.0,0.0769,0.0668,0.0468,0.0,0.0,0.0223,0.0559,0.522,0.2092
CT001373,Zone_08,Zone_09,0.7462,0.0,0.11,0.0,0.0,0.0,0.0,0.0638,0.08,0.7462,0.0
CT014739,Zone_04,Zone_01,0.1507,0.1507,0.0996,0.1317,0.1126,0.0392,0.0978,0.1046,0.1155,0.0322,0.1161
CT006890,Zone_08,Zone_09,0.6687,0.1253,0.0986,0.0,0.0,0.0,0.0,0.0,0.1075,0.6687,0.0
CT001734,Zone_04,Zone_01,0.1141,0.1141,0.0883,0.0883,0.1037,0.1139,0.1113,0.0978,0.0876,0.1007,0.0942
CT000523,Zone_03,Zone_10,0.1737,0.1025,0.1076,0.1342,0.1105,0.0972,0.0756,0.1131,0.0855,0.0,0.1737
CT015202,Zone_05,Zone_08,0.7148,0.0,0.0,0.0,0.0,0.0,0.0,0.2852,0.7148,0.0,0.0
CT009236,Zone_04,Zone_02,0.4382,0.0,0.4382,0.2852,0.1334,0.0,0.0,0.0636,0.0797,0.0,0.0
CT008065,Zone_10,Zone_01,0.1403,0.1403,0.0759,0.1078,0.1092,0.114,0.1293,0.1201,0.1003,0.0,0.1032
CT011259,Zone_08,Zone_09,0.6871,0.0,0.0,0.0879,0.0,0.1046,0.0,0.0147,0.0368,0.6871,0.0689
CT007058,Zone_03,Zone_10,0.1737,0.1025,0.1076,0.1342,0.1105,0.0972,0.0756,0.1131,0.0855,0.0,0.1737
CT002319,Zone_08,Zone_02,0.166,0.1356,0.166,0.0926,0.13,0.0735,0.1334,0.0654,0.0905,0.0,0.1129
CT015906,Zone_02,Zone_06,0.4769,0.0,0.0,0.2207,0.1548,0.0,0.4769,0.1476,0.0,0.0,0.0
CT005238,Zone_03,Zone_02,0.2082,0.1323,0.2082,0.2033,0.0951,0.0,0.0488,0.1209,0.0852,0.0,0.1062
CT003120,Zone_04,Zone_06,0.224,0.1619,0.0637,0.0899,0.0776,0.0658,0.224,0.1017,0.1071,0.0,0.1083
CT017332,Zone_04,Zone_03,0.1402,0.1303,0.1153,0.1402,0.1202,0.0953,0.0817,0.093,0.109,0.0174,0.0976
CT008307,Zone_07,Zone_01,0.2017,0.2017,0.1299,0.1879,0.0527,0.0894,0.0812,0.1131,0.1049,0.0,0.0392
CT000176,Zone_02,Zone_05,0.3334,0.2051,0.1614,0.0,0.0491,0.3334,0.1513,0.0703,0.0293,0.0,0.0
CT003191,Zone_01,Zone_05,0.2199,0.0773,0.1217,0.1452,0.0648,0.2199,0.1141,0.0883,0.1272,0.0,0.0414
CT002980,Zone_07,Zone_03,0.3206,0.1304,0.1231,0.3206,0.1499,0.0424,0.0385,0.1429,0.0522,0.0,0.0
CT012239,Zone_10,Zone_01,0.767,0.767,0.0,0.1746,0.0,0.0,0.0,0.0584,0.0,0.0,0.0
CT010213,Zone_02,Zone_06,0.224,0.1619,0.0637,0.0899,0.0776,0.0658,0.224,0.1017,0.1071,0.0,0.1083
CT016506,Zone_07,Zone_05,0.4561,0.0,0.0,0.3833,0.0,0.4561,0.0,0.0,0.1606,0.0,0.0
CT005173,Zone_07,Zone_01,0.1507,0.1507,0.0996,0.1317,0.1126,0.0392,0.0978,0.1046,0.1155,0.0322,0.1161
CT003960,Zone_05,Zone_03,0.1402,0.1303,0.1153,0.1402,0.1202,0.0953,0.0817,0.093,0.109,0.0174,0.0976
CT013321,Zone_01,Zone_03,0.4812,0.0,0.0,0.4812,0.3375,0.0,0.0,0.0804,0.1008,0.0,0.0
CT015471,Zone_01,Zone_01,0.1507,0.1507,0.0996,0.1317,0.1126,0.0392,0.0978,0.1046,0.1155,0.0322,0.1161
CT012371,Zone_06,Zone_05,0.1586,0.0976,0.1097,0.1048,0.0868,0.1586,0.144,0.0923,0.0718,0.0,0.1343
CT002070,Zone_07,Zone_01,0.1141,0.1141,0.0883,0.0883,0.1037,0.1139,0.1113,0.0978,0.0876,0.1007,0.0942
CT011261,Zone_07,Zone_07,0.5828,0.0,0.0,0.0,0.0,0.0,0.0,0.5828,0.4172,0.0,0.0
CT002322,Zone_02,Zone_10,0.1249,0.1068,0.0762,0.1171,0.094,0.105,0.0696,0.1202,0.1066,0.0796,0.1249
CT013048,Zone_08,Zone_09,0.3918,0.0734,0.0433,0.0627,0.0967,0.0596,0.0812,0.0628,0.0892,0.3918,0.0393
CT016313,Zone_06,Zone_07,0.367,0.3215,0.0,0.2195,0.0,0.0,0.0,0.367,0.092,0.0,0.0
CT010421,Zone_01,Zone_05,0.2171,0.0742,0.0701,0.1014,0.0356,0.2171,0.1752,0.0678,0.1316,0.0,0.1271
CT016854,Zone_08,Zone_02,0.1601,0.0872,0.1601,0.1191,0.0835,0.1417,0.0,0.1261,0.158,0.0,0.1244
CT012747,Zone_07,Zone_10,0.1591,0.088,0.1265,0.116,0.1061,0.1035,0.0582,0.1351,0.1076,0.0,0.1591
CT014302,Zone_07,Zone_04,0.1798,0.0577,0.1136,0.1578,0.1798,0.0469,0.0852,0.1352,0.1156,0.0,0.1081
CT004088,Zone_08,Zone_10,0.2388,0.0837,0.0439,0.0571,0.1603,0.136,0.0412,0.1274,0.1117,0.0,0.2388
CT004644,Zone_02,Zone_01,0.1141,0.1141,0.0883,0.0883,0.1037,0.1139,0.1113,0.0978,0.0876,0.1007,0.0942
CT006406,Zone_08,Zone_09,0.1658,0.132,0.1039,0.0795,0.1041,0.0757,0.0916,0.0886,0.1088,0.1658,0.0498
CT003727,Zone_10,Zone_06,0.224,0.1619,0.0637,0.0899,0.0776,0.0658,0.224,0.1017,0.1071,0.0,0.1083
CT007704,Zone_08,Zone_04,0.2242,0.117,0.1381,0.1199,0.2242,0.0951,0.0,0.0801,0.1004,0.0,0.1252
CT006916,Zone_07,Zone_05,0.2199,0.0773,0.1217,0.1452,0.0648,0.2199,0.1141,0.0883,0.1272,0.0,0.0414
CT011670,Zone_07,Zone_04,0.1798,0.0577,0.1136,0.1578,0.1798,0.0469,0.0852,0.1352,0.1156,0.0,0.1081
CT002490,Zone_08,Zone_09,0.1658,0.132,0.1039,0.0795,0.1041,0.0757,0.0916,0.0886,0.1088,0.1658,0.0498
CT010197,Zone_03,Zone_06,0.2647,0.0,0.0941,0.2042,0.0573,0.0,0.2647,0.1365,0.0513,0.0,0.1919
CT008100,Zone_10,Zone_02,0.1388,0.0964,0.1388,0.1316,0.1033,0.0717,0.1277,0.11,0.1089,0.0262,0.0856
CT019757,Zone_03,Zone_02,0.3035,0.1286,0.3035,0.0,0.0,0.0,0.1897,0.0294,0.0736,0.0,0.2752
CT011778,Zone_04,Zone_03,0.3815,0.0,0.0,0.3815,0.0,0.0,0.0,0.0,0.3196,0.0,0.2989
CT006101,Zone_07,Zone_09,0.7277,0.0,0.0,0.0931,0.0,0.0,0.0,0.0622,0.117,0.7277,0.0
CT000474,Zone_03,Zone_04,0.3808,0.1987,0.0,0.0,0.3808,0.0,0.0,0.1361,0.2843,0.0,0.0
CT012953,Zone_04,Zone_10,0.1249,0.1068,0.0762,0.1171,0.094,0.105,0.0696,0.1202,0.1066,0.0796,0.1249
CT010257,Zone_07,Zone_06,0.224,0.1619,0.0637,0.0899,0.0776,0.0658,0.224,0.1017,0.1071,0.0,0.1083
CT003267,Zone_01,Zone_06,0.1863,0.1052,0.0331,0.115,0.1311,0.0342,0.1863,0.1153,0.1445,0.0,0.1351
CT017246,Zone_04,Zone_01,0.1141,0.1141,0.0883,0.0883,0.1037,0.1139,0.1113,0.0978,0.0876,0.1007,0.0942
CT015739,Zone_03,Zone_01,0.1141,0.1141,0.0883,0.0883,0.1037,0.1139,0.1113,0.0978,0.0876,0.1007,0.0942
CT015213,Zone_08,Zone_02,0.2419,0.0615,0.2419,0.2099,0.1178,0.0,0.0,0.2106,0.1583,0.0,0.0
CT013225,Zone_08,Zone_06,0.8081,0.0,0.0,0.0,0.0874,0.0,0.8081,0.0,0.1045,0.0,0.0
CT006804,Zone_05,Zone_04,0.3836,0.089,0.07,0.0,0.3836,0.0,0.0,0.3047,0.1527,0.0,0.0
CT007304,Zone_08,Zone_09,0.2122,0.1034,0.0876,0.1086,0.0609,0.0388,0.1056,0.1053,0.0842,0.2122,0.0936
CT009292,Zone_07,Zone_03,0.1402,0.1303,0.1153,0.1402,0.1202,0.0953,0.0817,0.093,0.109,0.0174,0.0976
CT011993,Zone_07,Zone_05,0.3031,0.1865,0.1468,0.0,0.0893,0.3031,0.0,0.0213,0.0534,0.0,0.1996
CT012935,Zone_09,Zone_02,0.6323,0.0,0.6323,0.0,0.0,0.0,0.0,0.0612,0.3065,0.0,0.0
CT012298,Zone_02,Zone_03,0.1402,0.1303,0.1153,0.1402,0.1202,0.0953,0.0817,0.093,0.109,0.0174,0.0976
CT015029,Zone_07,Zone_10,0.7143,0.0,0.0,0.114,0.0,0.0,0.0,0.0762,0.0955,0.0,0.7143
CT005982,Zone_07,Zone_01,0.1141,0.1141,0.0883,0.0883,0.1037,0.1139,0.1113,0.0978,0.0876,0.1007,0.0942
CT015209,Zone_04,Zone_02,0.2902,0.0738,0.2902,0.0504,0.212,0.0,0.2177,0.0505,0.1055,0.0,0.0
CT004353,Zone_07,Zone_01,0.1141,0.1141,0.0883,0.0883,0.1037,0.1139,0.1113,0.0978,0.0876,0.1007,0.0942
CT015896,Zone_07,Zone_05,0.1425,0.1169,0.1117,0.0884,0.088,0.1425,0.1232,0.1011,0.1075,0.0223,0.0983
CT004904,Zone_07,Zone_05,0.2784,0.1402,0.1348,0.1276,0.0448,0.2784,0.023,0.1031,0.098,0.0,0.05
CT017327,Zone_06,Zone_02,0.5163,0.0,0.5163,0.1494,0.2095,0.0,0.0,0.1248,0.0,0.0,0.0
CT006925,Zone_04,Zone_03,0.197,0.0961,0.0908,0.197,0.129,0.0625,0.0,0.1361,0.165,0.0,0.1235
CT016949,Zone_01,Zone_01,0.1141,0.1141,0.0883,0.0883,0.1037,0.1139,0.1113,0.0978,0.0876,0.1007,0.0942
CT013803,Zone_03,Zone_01,0.1403,0.1403,0.0759,0.1078,0.1092,0.114,0.1293,0.1201,0.1003,0.0,0.1032
CT018163,Zone_10,Zone_10,0.1737,0.1025,0.1076,0.1342,0.1105,0.0972,0.0756,0.1131,0.0855,0.0,0.1737
CT010138,Zone_08,Zone_10,0.1249,0.1068,0.0762,0.1171,0.094,0.105,0.0696,0.1202,0.1066,0.0796,0.1249
CT002115,Zone_02,Zone_08,0.3795,0.0,0.0,0.0,0.3177,0.0,0.0,0.3029,0.3795,0.0,0.0
CT011675,Zone_02,Zone_05,0.2199,0.0773,0.1217,0.1452,0.0648,0.2199,0.1141,0.0883,0.1272,0.0,0.0414
CT012938,Zone_04,Zone_02,0.1388,0.0964,0.1388,0.1316,0.1033,0.0717,0.1277,0.11,0.1089,0.0262,0.0856
CT006231,Zone_06,Zone_01,0.1141,0.1141,0.0883,0.0883,0.1037,0.1139,0.1113,0.0978,0.0876,0.1007,0.0942
CT013934,Zone_08,Zone_09,0.7522,0.0,0.0,0.0,0.135,0.0,0.0,0.0322,0.0806,0.7522,0.0
CT019149,Zone_04,Zone_09,0.5655,0.0,0.0,0.0723,0.0507,0.1721,0.0,0.0484,0.0909,0.5655,0.0
CT007630,Zone_07,Zone_05,0.1586,0.0976,0.1097,0.1048,0.0868,0.1586,0.144,0.0923,0.0718,0.0,0.1343
CT000367,Zone_07,Zone_10,0.1973,0.0691,0.0181,0.1259,0.1546,0.1873,0.0,0.1158,0.1319,0.0,0.1973
CT000429,Zone_02,Zone_04,0.3808,0.1987,0.0,0.0,0.3808,0.0,0.0,0.1361,0.2843,0.0,0.0
CT013840,Zone_07,Zone_05,0.1425,0.1169,0.1117,0.0884,0.088,0.1425,0.1232,0.1011,0.1075,0.0223,0.0983
CT007482,Zone_06,Zone_06,0.4184,0.2836,0.0,0.0,0.1358,0.0,0.4184,0.0,0.1622,0.0,0.0
CT012396,Zone_05,Zone_01,0.1507,0.1507,0.0996,0.1317,0.1126,0.0392,0.0978,0.1046,0.1155,0.0322,0.1161
CT003876,Zone_08,Zone_10,0.1569,0.0838,0.0989,0.1073,0.1254,0.0511,0.1391,0.1267,0.1109,0.0,0.1569
CT004107,Zone_07,Zone_10,0.3728,0.3484,0.0,0.0,0.0,0.0,0.0,0.0795,0.1993,0.0,0.3728
CT004609,Zone_03,Zone_06,0.3819,0.0,0.0,0.0,0.2479,0.0,0.3819,0.0,0.3702,0.0,0.0
CT019730,Zone_08,Zone_06,0.224,0.1619,0.0637,0.0899,0.0776,0.0658,0.224,0.1017,0.1071,0.0,0.1083
CT005384,Zone_01,Zone_05,0.3472,0.0712,0.056,0.0973,0.0,0.3472,0.1051,0.1301,0.0407,0.0,0.1524
CT014478,Zone_07,Zone_02,0.3867,0.1229,0.3867,0.0559,0.0392,0.0,0.0604,0.159,0.1758,0.0,0.0
CT005160,Zone_04,Zone_05,0.2642,0.0542,0.0,0.148,0.0779,0.2642,0.2399,0.1114,0.0465,0.0,0.058
CT018917,Zone_05,Zone_01,0.1141,0.1141,0.0883,0.0883,0.1037,0.1139,0.1113,0.0978,0.0876,0.1007,0.0942
CT013908,Zone_08,Zone_03,0.6329,0.0,0.0,0.6329,0.0,0.0,0.0,0.0529,0.0663,0.0,0.2479
CT016425,Zone_07,Zone_05,0.2784,0.1402,0.1348,0.1276,0.0448,0.2784,0.023,0.1031,0.098,0.0,0.05
CT006573,Zone_08,Zone_02,0.1388,0.0964,0.1388,0.1316,0.1033,0.0717,0.1277,0.11,0.1089,0.0262,0.0856
CT009051,Zone_03,Zone_10,0.1591,0.088,0.1265,0.116,0.1061,0.1035,0.0582,0.1351,0.1076,0.0,0.1591
CT004104,Zone_04,Zone_03,0.197,0.0961,0.0908,0.197,0.129,0.0625,0.0,0.1361,0.165,0.0,0.1235
CT004529,Zone_04,Zone_05,0.1425,0.1169,0.1117,0.0884,0.088,0.1425,0.1232,0.1011,0.1075,0.0223,0.0983
CT003080,Zone_04,Zone_01,0.1403,0.1403,0.0759,0.1078,0.1092,0.114,0.1293,0.1201,0.1003,0.0,0.1032
CT011148,Zone_02,Zone_01,0.1141,0.1141,0.0883,0.0883,0.1037,0.1139,0.1113,0.0978,0.0876,0.1007,0.0942
CT009496,Zone_03,Zone_01,0.1141,0.1141,0.0883,0.0883,0.1037,0.1139,0.1113,0.0978,0.0876,0.1007,0.0942
CT018393,Zone_01,Zone_05,0.1425,0.1169,0.1117,0.0884,0.088,0.1425,0.1232,0.1011,0.1075,0.0223,0.0983
CT007541,Zone_10,Zone_10,0.1591,0.088,0.1265,0.116,0.1061,0.1035,0.0582,0.1351,0.1076,0.0,0.1591
CT003980,Zone_07,Zone_02,0.1388,0.0964,0.1388,0.1316,0.1033,0.0717,0.1277,0.11,0.1089,0.0262,0.0856
CT016162,Zone_04,Zone_02,0.1388,0.0964,0.1388,0.1316,0.1033,0.0717,0.1277,0.11,0.1089,0.0262,0.0856
CT005811,Zone_07,Zone_05,0.2043,0.1109,0.0815,0.0859,0.0815,0.2043,0.0764,0.0962,0.0973,0.079,0.087
CT004265,Zone_07,Zone_06,0.1863,0.1052,0.0331,0.115,0.1311,0.0342,0.1863,0.1153,0.1445,0.0,0.1351
CT002298,Zone_02,Zone_01,0.1141,0.1141,0.0883,0.0883,0.1037,0.1139,0.1113,0.0978,0.0876,0.1007,0.0942
CT005476,Zone_03,Zone_01,0.309,0.309,0.0608,0.0791,0.037,0.0,0.0,0.1147,0.1105,0.2062,0.0827
CT000892,Zone_10,Zone_10,0.1569,0.0838,0.0989,0.1073,0.1254,0.0511,0.1391,0.1267,0.1109,0.0,0.1569
CT007667,Zone_07,Zone_03,0.1402,0.1303,0.1153,0.1402,0.1202,0.0953,0.0817,0.093,0.109,0.0174,0.0976
CT010793,Zone_07,Zone_08,0.3817,0.0,0.0,0.3037,0.213,0.0,0.0,0.1015,0.3817,0.0,0.0
CT013985,Zone_10,Zone_04,0.586,0.0,0.3209,0.0,0.586,0.0,0.0,0.0931,0.0,0.0,0.0
CT003668,Zone_03,Zone_06,0.6287,0.2131,0.0,0.0,0.0,0.0,0.6287,0.0973,0.061,0.0,0.0
CT004759,Zone_02,Zone_09,0.3918,0.0734,0.0433,0.0627,0.0967,0.0596,0.0812,0.0628,0.0892,0.3918,0.0393
CT002621,Zone_07,Zone_01,0.1403,0.1403,0.0759,0.1078,0.1092,0.114,0.1293,0.1201,0.1003,0.0,0.1032
CT014877,Zone_06,Zone_03,0.1402,0.1303,0.1153,0.1402,0.1202,0.0953,0.0817,0.093,0.109,0.0174,0.0976
CT008558,Zone_08,Zone_01,0.1507,0.1507,0.0996,0.1317,0.1126,0.0392,0.0978,0.1046,0.1155,0.0322,0.1161
CT009183,Zone_08,Zone_05,0.1425,0.1169,0.1117,0.0884,0.088,0.1425,0.1232,0.1011,0.1075,0.0223,0.0983
CT008366,Zone_10,Zone_05,0.1425,0.1169,0.1117,0.0884,0.088,0.1425,0.1232,0.1011,0.1075,0.0223,0.0983
CT005257,Zone_08,Zone_03,0.1402,0.1303,0.1153,0.1402,0.1202,0.0953,0.0817,0.093,0.109,0.0174,0.0976
CT019248,Zone_07,Zone_10,0.1973,0.0691,0.0181,0.1259,0.1546,0.1873,0.0,0.1158,0.1319,0.0,0.1973
CT010510,Zone_07,Zone_10,0.4228,0.0,0.3109,0.0,0.0631,0.0,0.0,0.0902,0.113,0.0,0.4228
CT016053,Zone_10,Zone_10,0.1591,0.088,0.1265,0.116,0.1061,0.1035,0.0582,0.1351,0.1076,0.0,0.1591
CT001623,Zone_07,Zone_05,0.4533,0.0,0.0732,0.3175,0.0445,0.4533,0.0,0.0849,0.0266,0.0,0.0
CT018389,Zone_07,Zone_10,0.1249,0.1068,0.0762,0.1171,0.094,0.105,0.0696,0.1202,0.1066,0.0796,0.1249
CT008515,Zone_05,Zone_02,0.3341,0.0,0.3341,0.0414,0.2034,0.0986,0.0,0.0969,0.2256,0.0,0.0
CT009442,Zone_10,Zone_01,0.1141,0.1141,0.0883,0.0883,0.1037,0.1139,0.1113,0.0978,0.0876,0.1007,0.0942
CT017955,Zone_09,Zone_02,0.1388,0.0964,0.1388,0.1316,0.1033,0.0717,0.1277,0.11,0.1089,0.0262,0.0856
CT016258,Zone_03,Zone_02,0.7468,0.0,0.7468,0.0,0.0,0.0,0.0,0.0722,0.181,0.0,0.0
CT018617,Zone_02,Zone_09,0.2122,0.1034,0.0876,0.1086,0.0609,0.0388,0.1056,0.1053,0.0842,0.2122,0.0936
CT010955,Zone_06,Zone_01,0.1141,0.1141,0.0883,0.0883,0.1037,0.1139,0.1113,0.0978,0.0876,0.1007,0.0942
CT012905,Zone_03,Zone_03,0.5121,0.0,0.295,0.5121,0.0,0.0,0.0,0.0856,0.1073,0.0,0.0
CT011705,Zone_03,Zone_10,0.1973,0.0691,0.0181,0.1259,0.1546,0.1873,0.0,0.1158,0.1319,0.0,0.1973
CT009210,Zone_07,Zone_01,0.1141,0.1141,0.0883,0.0883,0.1037,0.1139,0.1113,0.0978,0.0876,0.1007,0.0942
CT010744,Zone_07,Zone_08,0.4929,0.0,0.2711,0.0,0.0,0.0,0.0,0.236,0.4929,0.0,0.0
CT001575,Zone_03,Zone_02,0.8211,0.0,0.8211,0.0,0.0,0.0,0.0,0.0794,0.0995,0.0,0.0
CT009750,Zone_03,Zone_10,0.1569,0.0838,0.0989,0.1073,0.1254,0.0511,0.1391,0.1267,0.1109,0.0,0.1569
CT019603,Zone_09,Zone_10,0.7817,0.0,0.115,0.0,0.07,0.0,0.0,0.0334,0.0,0.0,0.7817
CT017224,Zone_04,Zone_01,0.1507,0.1507,0.0996,0.1317,0.1126,0.0392,0.0978,0.1046,0.1155,0.0322,0.1161
CT003952,Zone_10,Zone_06,0.32,0.1446,0.1138,0.0988,0.0346,0.0,0.32,0.066,0.1448,0.0,0.0774
CT002709,Zone_01,Zone_03,0.6687,0.0,0.2568,0.6687,0.0,0.0,0.0,0.0745,0.0,0.0,0.0
CT017740,Zone_07,Zone_02,0.3812,0.0404,0.3812,0.1379,0.174,0.0,0.0596,0.083,0.0808,0.0,0.0432
CT004834,Zone_07,Zone_08,0.4929,0.0,0.2711,0.0,0.0,0.0,0.0,0.236,0.4929,0.0,0.0
CT007659,Zone_03,Zone_04,0.1798,0.0577,0.1136,0.1578,0.1798,0.0469,0.0852,0.1352,0.1156,0.0,0.1081
CT014138,Zone_10,Zone_09,0.3855,0.0181,0.1279,0.111,0.0432,0.0,0.1066,0.1072,0.062,0.3855,0.0386
CT013936,Zone_08,Zone_01,0.1403,0.1403,0.0759,0.1078,0.1092,0.114,0.1293,0.1201,0.1003,0.0,0.1032
CT010186,Zone_03,Zone_01,0.1141,0.1141,0.0883,0.0883,0.1037,0.1139,0.1113,0.0978,0.0876,0.1007,0.0942
CT001566,Zone_08,Zone_09,0.5491,0.1029,0.0809,0.0,0.0,0.1672,0.0,0.0705,0.0294,0.5491,0.0
CT006901,Zone_05,Zone_06,0.2477,0.0672,0.0925,0.1032,0.1045,0.0273,0.2477,0.0537,0.0528,0.1793,0.0719
CT009170,Zone_04,Zone_09,0.2122,0.1034,0.0876,0.1086,0.0609,0.0388,0.1056,0.1053,0.0842,0.2122,0.0936
CT001644,Zone_01,Zone_01,0.2233,0.2233,0.0351,0.122,0.0428,0.2178,0.1318,0.1122,0.115,0.0,0.0
CT018640,Zone_09,Zone_08,0.2525,0.1961,0.0772,0.067,0.047,0.0797,0.0,0.1232,0.2525,0.0,0.1574
CT011698,Zone_07,Zone_06,0.2383,0.1615,0.0,0.2206,0.0774,0.0,0.2383,0.0369,0.0924,0.0,0.1728
CT013858,Zone_04,Zone_01,0.1141,0.1141,0.0883,0.0883,0.1037,0.1139,0.1113,0.0978,0.0876,0.1007,0.0942
CT008036,Zone_07,Zone_02,0.1388,0.0964,0.1388,0.1316,0.1033,0.0717,0.1277,0.11,0.1089,0.0262,0.0856
CT000620,Zone_02,Zone_09,0.2122,0.1034,0.0876,0.1086,0.0609,0.0388,0.1056,0.1053,0.0842,0.2122,0.0936
CT005000,Zone_08,Zone_02,0.1388,0.0964,0.1388,0.1316,0.1033,0.0717,0.1277,0.11,0.1089,0.0262,0.0856
CT013835,Zone_07,Zone_01,0.309,0.309,0.0608,0.0791,0.037,0.0,0.0,0.1147,0.1105,0.2062,0.0827
CT013161,Zone_02,Zone_03,0.3206,0.1304,0.1231,0.3206,0.1499,0.0424,0.0385,0.1429,0.0522,0.0,0.0
CT014410,Zone_08,Zone_09,0.8842,0.0,0.0,0.0377,0.0529,0.0,0.0,0.0252,0.0,0.8842,0.0
CT004673,Zone_02,Zone_02,0.6323,0.0,0.6323,0.0,0.0,0.0,0.0,0.0612,0.3065,0.0,0.0
CT014750,Zone_06,Zone_03,0.1402,0.1303,0.1153,0.1402,0.1202,0.0953,0.0817,0.093,0.109,0.0174,0.0976
CT010241,Zone_04,Zone_03,0.1402,0.1303,0.1153,0.1402,0.1202,0.0953,0.0817,0.093,0.109,0.0174,0.0976
CT005552,Zone_02,Zone_05,0.487,0.0,0.0,0.0,0.3589,0.487,0.0,0.0684,0.0857,0.0,0.0
CT013890,Zone_03,Zone_06,0.224,0.1619,0.0637,0.0899,0.0776,0.0658,0.224,0.1017,0.1071,0.0,0.1083
CT009851,Zone_04,Zone_01,0.1141,0.1141,0.0883,0.0883,0.1037,0.1139,0.1113,0.0978,0.0876,0.1007,0.0942
CT009117,Zone_03,Zone_05,0.1425,0.1169,0.1117,0.0884,0.088,0.1425,0.1232,0.1011,0.1075,0.0223,0.0983
CT000914,Zone_10,Zone_10,0.1249,0.1068,0.0762,0.1171,0.094,0.105,0.0696,0.1202,0.1066,0.0796,0.1249
CT008781,Zone_07,Zone_05,0.5378,0.0827,0.0651,0.0565,0.0,0.5378,0.1221,0.0,0.0473,0.0,0.0885
CT006854,Zone_08,Zone_09,0.6237,0.0584,0.0689,0.0399,0.056,0.0,0.0,0.0467,0.0752,0.6237,0.0313
CT004665,Zone_07,Zone_07,0.3191,0.0,0.2749,0.2386,0.1674,0.0,0.0,0.3191,0.0,0.0,0.0
CT018249,Zone_06,Zone_06,0.4281,0.0,0.2283,0.0,0.0,0.0,0.4281,0.0331,0.0,0.0,0.3105
CT018001,Zone_03,Zone_09,0.6237,0.0584,0.0689,0.0399,0.056,0.0,0.0,0.0467,0.0752,0.6237,0.0313
CT009980,Zone_03,Zone_01,0.1141,0.1141,0.0883,0.0883,0.1037,0.1139,0.1113,0.0978,0.0876,0.1007,0.0942
CT013741,Zone_07,Zone_01,0.1141,0.1141,0.0883,0.0883,0.1037,0.1139,0.1113,0.0978,0.0876,0.1007,0.0942
CT018776,Zone_08,Zone_10,0.1591,0.088,0.1265,0.116,0.1061,0.1035,0.0582,0.1351,0.1076,0.0,0.1591
CT011895,Zone_02,Zone_09,0.8434,0.0527,0.0414,0.0,0.0505,0.0,0.0,0.012,0.0,0.8434,0.0
CT005849,Zone_03,Zone_07,0.3348,0.0,0.1648,0.0,0.2007,0.0,0.0,0.3348,0.2997,0.0,0.0
CT014991,Zone_06,Zone_01,0.1141,0.1141,0.0883,0.0883,0.1037,0.1139,0.1113,0.0978,0.0876,0.1007,0.0942
CT015678,Zone_02,Zone_01,0.1141,0.1141,0.0883,0.0883,0.1037,0.1139,0.1113,0.0978,0.0876,0.1007,0.0942
CT006291,Zone_07,Zone_06,0.2477,0.0672,0.0925,0.1032,0.1045,0.0273,0.2477,0.0537,0.0528,0.1793,0.0719
CT004338,Zone_02,Zone_10,0.1249,0.1068,0.0762,0.1171,0.094,0.105,0.0696,0.1202,0.1066,0.0796,0.1249
CT012599,Zone_08,Zone_09,0.2122,0.1034,0.0876,0.1086,0.0609,0.0388,0.1056,0.1053,0.0842,0.2122,0.0936
CT007341,Zone_07,Zone_03,0.33,0.0805,0.0634,0.33,0.2315,0.0,0.0,0.1103,0.1843,0.0,0.0
CT009705,Zone_04,Zone_03,0.5639,0.0,0.0,0.5639,0.0,0.0,0.0,0.0628,0.0787,0.0,0.2945
CT003318,Zone_03,Zone_10,0.3412,0.0,0.2509,0.0,0.1527,0.0,0.0,0.0728,0.1824,0.0,0.3412
CT014931,Zone_04,Zone_10,0.1569,0.0838,0.0989,0.1073,0.1254,0.0511,0.1391,0.1267,0.1109,0.0,0.1569
CT015194,Zone_04,Zone_09,0.2401,0.1349,0.0354,0.0614,0.0754,0.0365,0.0663,0.077,0.1286,0.2401,0.1443
CT011100,Zone_08,Zone_01,0.1403,0.1403,0.0759,0.1078,0.1092,0.114,0.1293,0.1201,0.1003,0.0,0.1032
CT007927,Zone_01,Zone_05,0.2043,0.1109,0.0815,0.0859,0.0815,0.2043,0.0764,0.0962,0.0973,0.079,0.087
CT012374,Zone_02,Zone_07,0.1716,0.1378,0.1479,0.0428,0.09,0.1425,0.0555,0.1716,0.1183,0.0669,0.0268
CT015055,Zone_07,Zone_05,0.2043,0.1109,0.0815,0.0859,0.0815,0.2043,0.0764,0.0962,0.0973,0.079,0.087
CT006319,Zone_08,Zone_02,0.1388,0.0964,0.1388,0.1316,0.1033,0.0717,0.1277,0.11,0.1089,0.0262,0.0856
CT003115,Zone_08,Zone_03,0.5695,0.0,0.0,0.5695,0.1331,0.0,0.0,0.0,0.0,0.0,0.2974
CT014272,Zone_07,Zone_09,0.1658,0.132,0.1039,0.0795,0.1041,0.0757,0.0916,0.0886,0.1088,0.1658,0.0498
CT016088,Zone_02,Zone_02,0.2419,0.0615,0.2419,0.2099,0.1178,0.0,0.0,0.2106,0.1583,0.0,0.0
CT008715,Zone_02,Zone_05,0.231,0.0474,0.1118,0.0971,0.0454,0.231,0.2097,0.0649,0.0407,0.0,0.1521
CT005403,Zone_05,Zone_01,0.1141,0.1141,0.0883,0.0883,0.1037,0.1139,0.1113,0.0978,0.0876,0.1007,0.0942
CT001118,Zone_07,Zone_05,0.1586,0.0976,0.1097,0.1048,0.0868,0.1586,0.144,0.0923,0.0718,0.0,0.1343
CT014203,Zone_07,Zone_01,0.1723,0.1723,0.0775,0.1009,0.1061,0.06,0.0908,0.0927,0.1549,0.0,0.1449
CT013603,Zone_08,Zone_07,0.1716,0.1378,0.1479,0.0428,0.09,0.1425,0.0555,0.1716,0.1183,0.0669,0.0268
CT017056,Zone_01,Zone_09,0.8434,0.0527,0.0414,0.0,0.0505,0.0,0.0,0.012,0.0,0.8434,0.0
CT002208,Zone_08,Zone_10,0.4369,0.2041,0.0,0.0,0.1956,0.0,0.0,0.0466,0.1168,0.0,0.4369
CT006221,Zone_08,Zone_03,0.3372,0.0,0.0,0.3372,0.1577,0.0,0.0,0.1879,0.1412,0.0,0.1761
CT019685,Zone_08,Zone_02,0.1388,0.0964,0.1388,0.1316,0.1033,0.0717,0.1277,0.11,0.1089,0.0262,0.0856
CT003530,Zone_08,Zone_10,0.1249,0.1068,0.0762,0.1171,0.094,0.105,0.0696,0.1202,0.1066,0.0796,0.1249
CT015892,Zone_08,Zone_01,0.6681,0.6681,0.0,0.0,0.16,0.0,0.0,0.0763,0.0956,0.0,0.0
CT009276,Zone_02,Zone_09,0.7718,0.0723,0.0,0.0,0.0,0.0,0.0,0.0165,0.062,0.7718,0.0773
CT011499,Zone_07,Zone_08,0.2525,0.1961,0.0772,0.067,0.047,0.0797,0.0,0.1232,0.2525,0.0,0.1574
CT005250,Zone_07,Zone_10,0.1591,0.088,0.1265,0.116,0.1061,0.1035,0.0582,0.1351,0.1076,0.0,0.1591
CT000830,Zone_04,Zone_04,0.2078,0.1928,0.0569,0.0823,0.2078,0.0783,0.0356,0.1706,0.1241,0.0,0.0516
CT019390,Zone_04,Zone_10,0.1591,0.088,0.1265,0.116,0.1061,0.1035,0.0582,0.1351,0.1076,0.0,0.1591
CT014381,Zone_07,Zone_02,0.1388,0.0964,0.1388,0.1316,0.1033,0.0717,0.1277,0.11,0.1089,0.0262,0.0856
CT016812,Zone_10,Zone_10,0.1249,0.1068,0.0762,0.1171,0.094,0.105,0.0696,0.1202,0.1066,0.0796,0.1249
CT008883,Zone_07,Zone_01,0.5289,0.5289,0.0,0.0,0.1689,0.0,0.0,0.2013,0.1009,0.0,0.0
CT013493,Zone_07,Zone_01,0.1141,0.1141,0.0883,0.0883,0.1037,0.1139,0.1113,0.0978,0.0876,0.1007,0.0942
CT019104,Zone_08,Zone_10,0.1249,0.1068,0.0762,0.1171,0.094,0.105,0.0696,0.1202,0.1066,0.0796,0.1249
CT011223,Zone_02,Zone_05,0.1743,0.1475,0.1161,0.0549,0.1092,0.1743,0.0396,0.1041,0.0537,0.1432,0.0574
CT014474,Zone_02,Zone_05,0.1743,0.1475,0.1161,0.0549,0.1092,0.1743,0.0396,0.1041,0.0537,0.1432,0.0574
CT015843,Zone_08,Zone_01,0.1141,0.1141,0.0883,0.0883,0.1037,0.1139,0.1113,0.0978,0.0876,0.1007,0.0942
CT014644,Zone_07,Zone_01,0.5272,0.5272,0.0,0.0,0.1263,0.0,0.0,0.1204,0.2262,0.0,0.0
CT005539,Zone_05,Zone_01,0.1507,0.1507,0.0996,0.1317,0.1126,0.0392,0.0978,0.1046,0.1155,0.0322,0.1161
CT011815,Zone_08,Zone_02,0.4514,0.1912,0.4514,0.1306,0.1832,0.0,0.0,0.0437,0.0,0.0,0.0
CT001953,Zone_07,Zone_10,0.1249,0.1068,0.0762,0.1171,0.094,0.105,0.0696,0.1202,0.1066,0.0796,0.1249
CT010789,Zone_02,Zone_01,0.1141,0.1141,0.0883,0.0883,0.1037,0.1139,0.1113,0.0978,0.0876,0.1007,0.0942
CT012997,Zone_07,Zone_06,0.1824,0.0742,0.0876,0.1013,0.0888,0.1406,0.1824,0.0903,0.1026,0.066,0.0661
CT015999,Zone_07,Zone_05,0.1425,0.1169,0.1117,0.0884,0.088,0.1425,0.1232,0.1011,0.1075,0.0223,0.0983
CT017662,Zone_01,Zone_02,0.1388,0.0964,0.1388,0.1316,0.1033,0.0717,0.1277,0.11,0.1089,0.0262,0.0856
CT012662,Zone_04,Zone_09,0.5448,0.0,0.0,0.0697,0.0489,0.0,0.0,0.1398,0.0876,0.5448,0.1092
CT014464,Zone_04,Zone_05,0.3679,0.0754,0.1187,0.1546,0.0723,0.3679,0.0,0.1895,0.0216,0.0,0.0
CT003915,Zone_05,Zone_09,0.8772,0.0,0.0646,0.0,0.0394,0.0,0.0,0.0188,0.0,0.8772,0.0
CT003849,Zone_04,Zone_01,0.2104,0.2104,0.0276,0.0479,0.084,0.114,0.0,0.1361,0.0803,0.1872,0.1126
CT009762,Zone_02,Zone_04,0.1457,0.1204,0.1446,0.1341,0.1457,0.0721,0.0841,0.1085,0.0888,0.0,0.1017
CT015372,Zone_02,Zone_01,0.1507,0.1507,0.0996,0.1317,0.1126,0.0392,0.0978,0.1046,0.1155,0.0322,0.1161
CT000282,Zone_01,Zone_02,0.2419,0.0615,0.2419,0.2099,0.1178,0.0,0.0,0.2106,0.1583,0.0,0.0
CT014007,Zone_07,Zone_04,0.7589,0.0,0.0,0.0,0.7589,0.0,0.0,0.2411,0.0,0.0,0.0
CT011393,Zone_08,Zone_10,0.1249,0.1068,0.0762,0.1171,0.094,0.105,0.0696,0.1202,0.1066,0.0796,0.1249
CT017804,Zone_07,Zone_01,0.1141,0.1141,0.0883,0.0883,0.1037,0.1139,0.1113,0.0978,0.0876,0.1007,0.0942
CT016247,Zone_07,Zone_09,0.2401,0.1349,0.0354,0.0614,0.0754,0.0365,0.0663,0.077,0.1286,0.2401,0.1443
CT011302,Zone_10,Zone_01,0.2017,0.2017,0.1299,0.1879,0.0527,0.0894,0.0812,0.1131,0.1049,0.0,0.0392
CT016546,Zone_08,Zone_02,0.4034,0.0,0.4034,0.0,0.0,0.0,0.0,0.1756,0.1467,0.0,0.2743
CT007929,Zone_02,Zone_03,0.1402,0.1303,0.1153,0.1402,0.1202,0.0953,0.0817,0.093,0.109,0.0174,0.0976
CT018385,Zone_08,Zone_05,0.3679,0.0754,0.1187,0.1546,0.0723,0.3679,0.0,0.1895,0.0216,0.0,0.0
CT005206,Zone_02,Zone_06,0.4698,0.0,0.0,0.0,0.4575,0.0,0.4698,0.0727,0.0,0.0,0.0
CT017922,Zone_06,Zone_02,0.1388,0.0964,0.1388,0.1316,0.1033,0.0717,0.1277,0.11,0.1089,0.0262,0.0856
CT013621,Zone_07,Zone_01,0.1141,0.1141,0.0883,0.0883,0.1037,0.1139,0.1113,0.0978,0.0876,0.1007,0.0942
CT017269,Zone_07,Zone_01,0.1141,0.1141,0.0883,0.0883,0.1037,0.1139,0.1113,0.0978,0.0876,0.1007,0.0942
CT013140,Zone_07,Zone_02,0.3867,0.1229,0.3867,0.0559,0.0392,0.0,0.0604,0.159,0.1758,0.0,0.0
CT012218,Zone_04,Zone_04,0.1798,0.0577,0.1136,0.1578,0.1798,0.0469,0.0852,0.1352,0.1156,0.0,0.1081
CT000827,Zone_08,Zone_09,0.1658,0.132,0.1039,0.0795,0.1041,0.0757,0.0916,0.0886,0.1088,0.1658,0.0498
CT011791,Zone_07,Zone_01,0.1723,0.1723,0.0775,0.1009,0.1061,0.06,0.0908,0.0927,0.1549,0.0,0.1449
CT011106,Zone_01,Zone_05,0.4844,0.149,0.0,0.0,0.0,0.4844,0.0,0.0681,0.2985,0.0,0.0
CT010885,Zone_06,Zone_01,0.6779,0.6779,0.0,0.1543,0.0,0.0,0.0,0.1032,0.0646,0.0,0.0
CT013330,Zone_07,Zone_01,0.2017,0.2017,0.1299,0.1879,0.0527,0.0894,0.0812,0.1131,0.1049,0.0,0.0392
CT004583,Zone_07,Zone_02,0.5602,0.0,0.5602,0.0,0.0,0.3857,0.0,0.0542,0.0,0.0,0.0
CT014788,Zone_07,Zone_08,0.4929,0.0,0.2711,0.0,0.0,0.0,0.0,0.236,0.4929,0.0,0.0
CT001300,Zone_05,Zone_01,0.1141,0.1141,0.0883,0.0883,0.1037,0.1139,0.1113,0.0978,0.0876,0.1007,0.0942
CT011782,Zone_07,Zone_04,0.3836,0.089,0.07,0.0,0.3836,0.0,0.0,0.3047,0.1527,0.0,0.0
CT009150,Zone_03,Zone_03,0.197,0.0961,0.0908,0.197,0.129,0.0625,0.0,0.1361,0.165,0.0,0.1235
CT007601,Zone_09,Zone_05,0.1586,0.0976,0.1097,0.1048,0.0868,0.1586,0.144,0.0923,0.0718,0.0,0.1343
CT014107,Zone_07,Zone_05,0.2043,0.1109,0.0815,0.0859,0.0815,0.2043,0.0764,0.0962,0.0973,0.079,0.087
CT013183,Zone_03,Zone_10,0.3029,0.1348,0.1061,0.1013,0.0646,0.0219,0.0597,0.1047,0.1041,0.0,0.3029
CT002945,Zone_04,Zone_10,0.5149,0.0,0.0,0.2191,0.0,0.0,0.0,0.0366,0.2294,0.0,0.5149
CT011594,Zone_08,Zone_05,0.1425,0.1169,0.1117,0.0884,0.088,0.1425,0.1232,0.1011,0.1075,0.0223,0.0983
CT017406,Zone_07,Zone_10,0.1569,0.0838,0.0989,0.1073,0.1254,0.0511,0.1391,0.1267,0.1109,0.0,0.1569
CT010579,Zone_04,Zone_04,0.1798,0.0577,0.1136,0.1578,0.1798,0.0469,0.0852,0.1352,0.1156,0.0,0.1081
CT013916,Zone_08,Zone_10,0.2028,0.0237,0.1864,0.0647,0.1816,0.077,0.035,0.0865,0.1423,0.0,0.2028
CT010180,Zone_08,Zone_05,0.1586,0.0976,0.1097,0.1048,0.0868,0.1586,0.144,0.0923,0.0718,0.0,0.1343
CT017695,Zone_08,Zone_05,0.543,0.0,0.0,0.2282,0.0,0.543,0.0,0.2289,0.0,0.0,0.0
CT017177,Zone_07,Zone_05,0.3099,0.0,0.1501,0.0,0.0,0.3099,0.2814,0.0,0.0546,0.0,0.2041
CT016847,Zone_04,Zone_05,0.4957,0.0,0.0,0.1042,0.3653,0.4957,0.0,0.0348,0.0,0.0,0.0
CT013733,Zone_08,Zone_10,0.1249,0.1068,0.0762,0.1171,0.094,0.105,0.0696,0.1202,0.1066,0.0796,0.1249
CT018926,Zone_01,Zone_04,0.3056,0.2126,0.0558,0.0,0.3056,0.1152,0.0,0.1133,0.1217,0.0,0.0758
CT018565,Zone_07,Zone_03,0.1402,0.1303,0.1153,0.1402,0.1202,0.0953,0.0817,0.093,0.109,0.0174,0.0976
CT001890,Zone_08,Zone_03,0.1402,0.1303,0.1153,0.1402,0.1202,0.0953,0.0817,0.093,0.109,0.0174,0.0976
CT004084,Zone_04,Zone_01,0.1141,0.1141,0.0883,0.0883,0.1037,0.1139,0.1113,0.0978,0.0876,0.1007,0.0942
CT004692,Zone_04,Zone_10,0.1249,0.1068,0.0762,0.1171,0.094,0.105,0.0696,0.1202,0.1066,0.0796,0.1249
CT006765,Zone_04,Zone_02,0.1388,0.0964,0.1388,0.1316,0.1033,0.0717,0.1277,0.11,0.1089,0.0262,0.0856
CT005661,Zone_08,Zone_02,0.1388,0.0964,0.1388,0.1316,0.1033,0.0717,0.1277,0.11,0.1089,0.0262,0.0856
CT013626,Zone_07,Zone_03,0.1402,0.1303,0.1153,0.1402,0.1202,0.0953,0.0817,0.093,0.109,0.0174,0.0976
CT000475,Zone_04,Zone_01,0.3091,0.3091,0.2432,0.2111,0.1481,0.0,0.0,0.0,0.0884,0.0,0.0
CT007821,Zone_08,Zone_01,0.1141,0.1141,0.0883,0.0883,0.1037,0.1139,0.1113,0.0978,0.0876,0.1007,0.0942
CT011650,Zone_07,Zone_10,0.2028,0.0237,0.1864,0.0647,0.1816,0.077,0.035,0.0865,0.1423,0.0,0.2028
CT007071,Zone_08,Zone_07,0.2966,0.1856,0.0,0.0,0.1334,0.0,0.0,0.2966,0.1858,0.0,0.1986
CT000127,Zone_04,Zone_10,0.1249,0.1068,0.0762,0.1171,0.094,0.105,0.0696,0.1202,0.1066,0.0796,0.1249
CT006190,Zone_07,Zone_01,0.5693,0.5693,0.0,0.0,0.0,0.0,0.0,0.1733,0.0543,0.0,0.2031
CT019805,Zone_02,Zone_07,0.1716,0.1378,0.1479,0.0428,0.09,0.1425,0.0555,0.1716,0.1183,0.0669,0.0268
CT006969,Zone_08,Zone_05,0.2043,0.1109,0.0815,0.0859,0.0815,0.2043,0.0764,0.0962,0.0973,0.079,0.087
CT007502,Zone_07,Zone_05,0.231,0.0474,0.1118,0.0971,0.0454,0.231,0.2097,0.0649,0.0407,0.0,0.1521
CT014095,Zone_02,Zone_02,0.1388,0.0964,0.1388,0.1316,0.1033,0.0717,0.1277,0.11,0.1089,0.0262,0.0856
CT007831,Zone_10,Zone_05,0.1425,0.1169,0.1117,0.0884,0.088,0.1425,0.1232,0.1011,0.1075,0.0223,0.0983
CT009264,Zone_07,Zone_10,0.4662,0.2179,0.0,0.0,0.1044,0.0,0.0,0.1492,0.0623,0.0,0.4662
CT004763,Zone_06,Zone_06,0.2102,0.1832,0.1121,0.0695,0.1073,0.0,0.2102,0.0604,0.1048,0.0,0.1525
CT018894,Zone_03,Zone_10,0.2449,0.2288,0.0,0.0781,0.0731,0.062,0.1126,0.1132,0.0873,0.0,0.2449
CT007606,Zone_10,Zone_02,0.1388,0.0964,0.1388,0.1316,0.1033,0.0717,0.1277,0.11,0.1089,0.0262,0.0856
CT001929,Zone_02,Zone_05,0.1743,0.1475,0.1161,0.0549,0.1092,0.1743,0.0396,0.1041,0.0537,0.1432,0.0574
CT004052,Zone_07,Zone_02,0.4337,0.1378,0.4337,0.0,0.066,0.0,0.0,0.1259,0.2366,0.0,0.0
CT005673,Zone_05,Zone_06,0.2477,0.0672,0.0925,0.1032,0.1045,0.0273,0.2477,0.0537,0.0528,0.1793,0.0719
CT004100,Zone_06,Zone_09,0.8624,0.0,0.0424,0.0368,0.0,0.0,0.0,0.0123,0.0462,0.8624,0.0
CT009828,Zone_08,Zone_01,0.1141,0.1141,0.0883,0.0883,0.1037,0.1139,0.1113,0.0978,0.0876,0.1007,0.0942
CT001093,Zone_04,Zone_05,0.2171,0.0742,0.0701,0.1014,0.0356,0.2171,0.1752,0.0678,0.1316,0.0,0.1271
CT012879,Zone_08,Zone_10,0.1591,0.088,0.1265,0.116,0.1061,0.1035,0.0582,0.1351,0.1076,0.0,0.1591
CT007871,Zone_02,Zone_10,0.2388,0.0837,0.0439,0.0571,0.1603,0.136,0.0412,0.1274,0.1117,0.0,0.2388
CT019270,Zone_02,Zone_05,0.3408,0.0,0.0,0.1074,0.2009,0.3408,0.0,0.1077,0.075,0.0,0.1683
CT017181,Zone_08,Zone_10,0.1249,0.1068,0.0762,0.1171,0.094,0.105,0.0696,0.1202,0.1066,0.0796,0.1249
CT007825,Zone_10,Zone_01,0.337,0.337,0.0994,0.1438,0.1009,0.0,0.0,0.0962,0.1326,0.0,0.0901
CT007398,Zone_04,Zone_10,0.1249,0.1068,0.0762,0.1171,0.094,0.105,0.0696,0.1202,0.1066,0.0796,0.1249
CT009712,Zone_08,Zone_08,0.2123,0.131,0.1031,0.1193,0.0837,0.071,0.0,0.1396,0.2123,0.0,0.1402
CT004523,Zone_07,Zone_01,0.1141,0.1141,0.0883,0.0883,0.1037,0.1139,0.1113,0.0978,0.0876,0.1007,0.0942
CT017063,Zone_07,Zone_02,0.1388,0.0964,0.1388,0.1316,0.1033,0.0717,0.1277,0.11,0.1089,0.0262,0.0856
CT012709,Zone_04,Zone_10,0.1591,0.088,0.1265,0.116,0.1061,0.1035,0.0582,0.1351,0.1076,0.0,0.1591
CT019406,Zone_07,Zone_01,0.1141,0.1141,0.0883,0.0883,0.1037,0.1139,0.1113,0.0978,0.0876,0.1007,0.0942
CT010725,Zone_10,Zone_05,0.1743,0.1475,0.1161,0.0549,0.1092,0.1743,0.0396,0.1041,0.0537,0.1432,0.0574
CT016794,Zone_08,Zone_02,0.3808,0.0,0.3808,0.0,0.2318,0.0,0.0,0.1105,0.2769,0.0,0.0
CT015767,Zone_02,Zone_10,0.5417,0.0,0.1328,0.0,0.1617,0.0,0.0,0.1156,0.0483,0.0,0.5417
CT011562,Zone_07,Zone_09,0.5919,0.1109,0.0,0.1514,0.0,0.0,0.0,0.0506,0.0952,0.5919,0.0
CT005392,Zone_05,Zone_05,0.4486,0.0,0.0,0.1885,0.0,0.4486,0.0,0.126,0.2369,0.0,0.0
CT007647,Zone_02,Zone_01,0.1141,0.1141,0.0883,0.0883,0.1037,0.1139,0.1113,0.0978,0.0876,0.1007,0.0942
CT014945,Zone_07,Zone_01,0.2019,0.2019,0.0927,0.1839,0.0887,0.0273,0.0993,0.1114,0.0867,0.0,0.108
CT006576,Zone_07,Zone_02,0.252,0.0961,0.252,0.1313,0.0767,0.0,0.0473,0.0878,0.1375,0.0,0.1714
CT015207,Zone_08,Zone_04,0.1798,0.0577,0.1136,0.1578,0.1798,0.0469,0.0852,0.1352,0.1156,0.0,0.1081
CT010223,Zone_08,Zone_01,0.2017,0.2017,0.1299,0.1879,0.0527,0.0894,0.0812,0.1131,0.1049,0.0,0.0392
CT013738,Zone_05,Zone_01,0.4929,0.4929,0.0,0.0,0.0,0.0,0.0,0.2251,0.282,0.0,0.0
CT015380,Zone_07,Zone_08,0.618,0.0,0.0,0.0,0.2587,0.0,0.0,0.1233,0.618,0.0,0.0
CT019799,Zone_07,Zone_10,0.4356,0.0,0.3203,0.0,0.0,0.0,0.0,0.1859,0.0582,0.0,0.4356
CT019863,Zone_07,Zone_05,0.5923,0.0,0.0,0.0,0.2619,0.5923,0.0,0.0416,0.1043,0.0,0.0
CT009575,Zone_02,Zone_09,0.1658,0.132,0.1039,0.0795,0.1041,0.0757,0.0916,0.0886,0.1088,0.1658,0.0498
CT004557,Zone_07,Zone_06,0.2914,0.1128,0.0222,0.0771,0.0541,0.0917,0.2914,0.1353,0.0646,0.0,0.1509
CT014193,Zone_08,Zone_05,0.1425,0.1169,0.1117,0.0884,0.088,0.1425,0.1232,0.1011,0.1075,0.0223,0.0983
CT014899,Zone_02,Zone_03,0.3206,0.1304,0.1231,0.3206,0.1499,0.0424,0.0385,0.1429,0.0522,0.0,0.0
CT015788,Zone_04,Zone_09,0.2401,0.1349,0.0354,0.0614,0.0754,0.0365,0.0663,0.077,0.1286,0.2401,0.1443
CT008060,Zone_07,Zone_03,0.4143,0.0,0.2386,0.4143,0.0,0.0,0.0,0.0,0.3471,0.0,0.0
CT016153,Zone_05,Zone_04,0.2819,0.0,0.2315,0.2009,0.2819,0.0,0.0,0.2015,0.0842,0.0,0.0
CT017364,Zone_03,Zone_05,0.1586,0.0976,0.1097,0.1048,0.0868,0.1586,0.144,0.0923,0.0718,0.0,0.1343
CT008191,Zone_08,Zone_09,0.1658,0.132,0.1039,0.0795,0.1041,0.0757,0.0916,0.0886,0.1088,0.1658,0.0498
CT003953,Zone_10,Zone_01,0.1141,0.1141,0.0883,0.0883,0.1037,0.1139,0.1113,0.0978,0.0876,0.1007,0.0942
CT014511,Zone_10,Zone_04,0.367,0.0,0.0,0.157,0.367,0.0,0.0,0.2624,0.1315,0.0,0.082
CT012476,Zone_07,Zone_03,0.6988,0.0,0.161,0.6988,0.0,0.0,0.0,0.1402,0.0,0.0,0.0
CT013289,Zone_08,Zone_08,0.2525,0.1961,0.0772,0.067,0.047,0.0797,0.0,0.1232,0.2525,0.0,0.1574
CT008490,Zone_07,Zone_06,0.6006,0.0,0.0,0.139,0.0975,0.0,0.6006,0.0465,0.1165,0.0,0.0
CT006762,Zone_07,Zone_10,0.1591,0.088,0.1265,0.116,0.1061,0.1035,0.0582,0.1351,0.1076,0.0,0.1591
CT016792,Zone_07,Zone_01,0.1141,0.1141,0.0883,0.0883,0.1037,0.1139,0.1113,0.0978,0.0876,0.1007,0.0942
CT015622,Zone_08,Zone_02,0.4146,0.2635,0.4146,0.0,0.1262,0.0,0.0,0.1203,0.0754,0.0,0.0
CT003614,Zone_06,Zone_01,0.1141,0.1141,0.0883,0.0883,0.1037,0.1139,0.1113,0.0978,0.0876,0.1007,0.0942
CT002910,Zone_07,Zone_10,0.2151,0.1675,0.0659,0.0687,0.1284,0.0545,0.0989,0.1339,0.0671,0.0,0.2151
CT009608,Zone_08,Zone_03,0.1402,0.1303,0.1153,0.1402,0.1202,0.0953,0.0817,0.093,0.109,0.0174,0.0976
CT006538,Zone_08,Zone_01,0.3968,0.3968,0.0,0.0,0.1901,0.3225,0.0,0.0906,0.0,0.0,0.0
CT016490,Zone_05,Zone_10,0.2442,0.1521,0.1197,0.1558,0.1457,0.0,0.0,0.1389,0.0435,0.0,0.2442
CT000762,Zone_03,Zone_03,0.197,0.0961,0.0908,0.197,0.129,0.0625,0.0,0.1361,0.165,0.0,0.1235
CT001583,Zone_08,Zone_10,0.1737,0.1025,0.1076,0.1342,0.1105,0.0972,0.0756,0.1131,0.0855,0.0,0.1737
CT005800,Zone_05,Zone_04,0.184,0.1397,0.0824,0.0477,0.184,0.1703,0.0515,0.1196,0.1299,0.0,0.0747
CT011000,Zone_06,Zone_05,0.3472,0.0712,0.056,0.0973,0.0,0.3472,0.1051,0.1301,0.0407,0.0,0.1524
CT018448,Zone_02,Zone_10,0.1591,0.088,0.1265,0.116,0.1061,0.1035,0.0582,0.1351,0.1076,0.0,0.1591
CT011783,Zone_07,Zone_10,0.1569,0.0838,0.0989,0.1073,0.1254,0.0511,0.1391,0.1267,0.1109,0.0,0.1569
CT005178,Zone_02,Zone_01,0.2017,0.2017,0.1299,0.1879,0.0527,0.0894,0.0812,0.1131,0.1049,0.0,0.0392
CT004179,Zone_08,Zone_02,0.4334,0.0,0.4334,0.0,0.0,0.0,0.0,0.2515,0.3151,0.0,0.0
CT009446,Zone_04,Zone_10,0.2388,0.0837,0.0439,0.0571,0.1603,0.136,0.0412,0.1274,0.1117,0.0,0.2388
CT012633,Zone_10,Zone_01,0.1141,0.1141,0.0883,0.0883,0.1037,0.1139,0.1113,0.0978,0.0876,0.1007,0.0942
CT018063,Zone_07,Zone_10,0.2089,0.0976,0.1536,0.0222,0.1403,0.1058,0.0,0.104,0.1676,0.0,0.2089
CT015574,Zone_07,Zone_01,0.5289,0.5289,0.0,0.0,0.1689,0.0,0.0,0.2013,0.1009,0.0,0.0
CT002437,Zone_08,Zone_01,0.1141,0.1141,0.0883,0.0883,0.1037,0.1139,0.1113,0.0978,0.0876,0.1007,0.0942
CT000744,Zone_02,Zone_02,0.1388,0.0964,0.1388,0.1316,0.1033,0.0717,0.1277,0.11,0.1089,0.0262,0.0856
CT003333,Zone_02,Zone_09,0.522,0.0,0.0769,0.0668,0.0468,0.0,0.0,0.0223,0.0559,0.522,0.2092
CT014192,Zone_07,Zone_04,0.4667,0.0,0.0,0.0,0.4667,0.0,0.0,0.0,0.1858,0.0,0.3475
CT019305,Zone_10,Zone_02,0.4101,0.0,0.4101,0.1186,0.1664,0.0,0.0,0.119,0.0,0.0,0.1859
CT016161,Zone_01,Zone_04,0.2332,0.0304,0.1676,0.0623,0.2332,0.0495,0.0898,0.1389,0.1306,0.0,0.0977
CT000042,Zone_07,Zone_10,0.3132,0.0976,0.1536,0.1333,0.0467,0.0,0.144,0.0,0.1117,0.0,0.3132
CT002414,Zone_07,Zone_02,0.1388,0.0964,0.1388,0.1316,0.1033,0.0717,0.1277,0.11,0.1089,0.0262,0.0856
CT006874,Zone_04,Zone_10,0.1249,0.1068,0.0762,0.1171,0.094,0.105,0.0696,0.1202,0.1066,0.0796,0.1249
CT018070,Zone_04,Zone_01,0.1141,0.1141,0.0883,0.0883,0.1037,0.1139,0.1113,0.0978,0.0876,0.1007,0.0942
CT016879,Zone_04,Zone_02,0.3466,0.0,0.3466,0.3008,0.0,0.0,0.0,0.1006,0.252,0.0,0.0
CT013923,Zone_08,Zone_10,0.1591,0.088,0.1265,0.116,0.1061,0.1035,0.0582,0.1351,0.1076,0.0,0.1591
CT013159,Zone_07,Zone_04,0.6111,0.0,0.0,0.0,0.6111,0.0,0.0,0.1456,0.2433,0.0,0.0
CT012257,Zone_07,Zone_06,0.2431,0.1177,0.1296,0.1125,0.1691,0.0383,0.2431,0.1021,0.0875,0.0,0.0
CT007638,Zone_10,Zone_02,0.1601,0.0872,0.1601,0.1191,0.0835,0.1417,0.0,0.1261,0.158,0.0,0.1244
CT006918,Zone_07,Zone_10,0.1591,0.088,0.1265,0.116,0.1061,0.1035,0.0582,0.1351,0.1076,0.0,0.1591
CT019175,Zone_06,Zone_01,0.3759,0.3759,0.0,0.2567,0.09,0.0,0.2773,0.0,0.0,0.0,0.0
CT014715,Zone_08,Zone_03,0.197,0.0961,0.0908,0.197,0.129,0.0625,0.0,0.1361,0.165,0.0,0.1235
CT013729,Zone_02,Zone_10,0.1249,0.1068,0.0762,0.1171,0.094,0.105,0.0696,0.1202,0.1066,0.0796,0.1249
CT009237,Zone_05,Zone_03,0.1402,0.1303,0.1153,0.1402,0.1202,0.0953,0.0817,0.093,0.109,0.0174,0.0976
CT016400,Zone_07,Zone_05,0.1743,0.1475,0.1161,0.0549,0.1092,0.1743,0.0396,0.1041,0.0537,0.1432,0.0574
CT006314,Zone_03,Zone_01,0.1141,0.1141,0.0883,0.0883,0.1037,0.1139,0.1113,0.0978,0.0876,0.1007,0.0942
CT007258,Zone_06,Zone_06,0.3819,0.0,0.0,0.0,0.2479,0.0,0.3819,0.0,0.3702,0.0,0.0
CT003675,Zone_07,Zone_02,0.1388,0.0964,0.1388,0.1316,0.1033,0.0717,0.1277,0.11,0.1089,0.0262,0.0856
CT005919,Zone_07,Zone_03,0.197,0.0961,0.0908,0.197,0.129,0.0625,0.0,0.1361,0.165,0.0,0.1235
CT002659,Zone_03,Zone_01,0.1507,0.1507,0.0996,0.1317,0.1126,0.0392,0.0978,0.1046,0.1155,0.0322,0.1161
CT007939,Zone_01,Zone_03,0.6377,0.0,0.1837,0.6377,0.1118,0.0,0.0,0.0,0.0668,0.0,0.0
CT012516,Zone_07,Zone_01,0.1141,0.1141,0.0883,0.0883,0.1037,0.1139,0.1113,0.0978,0.0876,0.1007,0.0942
CT005343,Zone_07,Zone_06,0.2914,0.1128,0.0222,0.0771,0.0541,0.0917,0.2914,0.1353,0.0646,0.0,0.1509
CT018366,Zone_05,Zone_02,0.1388,0.0964,0.1388,0.1316,0.1033,0.0717,0.1277,0.11,0.1089,0.0262,0.0856
CT008084,Zone_07,Zone_05,0.2171,0.0742,0.0701,0.1014,0.0356,0.2171,0.1752,0.0678,0.1316,0.0,0.1271
CT019048,Zone_04,Zone_01,0.1141,0.1141,0.0883,0.0883,0.1037,0.1139,0.1113,0.0978,0.0876,0.1007,0.0942
CT019283,Zone_07,Zone_01,0.1141,0.1141,0.0883,0.0883,0.1037,0.1139,0.1113,0.0978,0.0876,0.1007,0.0942
CT013388,Zone_07,Zone_10,0.1591,0.088,0.1265,0.116,0.1061,0.1035,0.0582,0.1351,0.1076,0.0,0.1591
CT004938,Zone_08,Zone_09,0.1658,0.132,0.1039,0.0795,0.1041,0.0757,0.0916,0.0886,0.1088,0.1658,0.0498
CT008444,Zone_08,Zone_02,0.1388,0.0964,0.1388,0.1316,0.1033,0.0717,0.1277,0.11,0.1089,0.0262,0.0856
CT006994,Zone_07,Zone_05,0.4264,0.2624,0.0,0.0,0.2513,0.4264,0.0,0.0599,0.0,0.0,0.0
CT002236,Zone_07,Zone_06,0.2024,0.0915,0.1439,0.0625,0.1314,0.0743,0.2024,0.1044,0.0916,0.0,0.0979
CT007750,Zone_07,Zone_02,0.1601,0.0872,0.1601,0.1191,0.0835,0.1417,0.0,0.1261,0.158,0.0,0.1244
CT018522,Zone_03,Zone_01,0.1141,0.1141,0.0883,0.0883,0.1037,0.1139,0.1113,0.0978,0.0876,0.1007,0.0942
CT004350,Zone_07,Zone_03,0.6377,0.0,0.1837,0.6377,0.1118,0.0,0.0,0.0,0.0668,0.0,0.0
CT001378,Zone_07,Zone_10,0.3029,0.1348,0.1061,0.1013,0.0646,0.0219,0.0597,0.1047,0.1041,0.0,0.3029
CT011743,Zone_09,Zone_10,0.1569,0.0838,0.0989,0.1073,0.1254,0.0511,0.1391,0.1267,0.1109,0.0,0.1569
CT006024,Zone_07,Zone_05,0.1425,0.1169,0.1117,0.0884,0.088,0.1425,0.1232,0.1011,0.1075,0.0223,0.0983
CT009504,Zone_01,Zone_10,0.1249,0.1068,0.0762,0.1171,0.094,0.105,0.0696,0.1202,0.1066,0.0796,0.1249
CT016932,Zone_03,Zone_04,0.6593,0.0,0.0,0.0,0.6593,0.0,0.0,0.2095,0.1312,0.0,0.0
CT016644,Zone_08,Zone_02,0.3867,0.1229,0.3867,0.0559,0.0392,0.0,0.0604,0.159,0.1758,0.0,0.0
CT018239,Zone_04,Zone_05,0.2171,0.0742,0.0701,0.1014,0.0356,0.2171,0.1752,0.0678,0.1316,0.0,0.1271
CT009632,Zone_10,Zone_01,0.1141,0.1141,0.0883,0.0883,0.1037,0.1139,0.1113,0.0978,0.0876,0.1007,0.0942
CT015315,Zone_08,Zone_01,0.1507,0.1507,0.0996,0.1317,0.1126,0.0392,0.0978,0.1046,0.1155,0.0322,0.1161
CT000924,Zone_07,Zone_05,0.7482,0.0,0.0,0.1048,0.147,0.7482,0.0,0.0,0.0,0.0,0.0
CT006789,Zone_07,Zone_02,0.1388,0.0964,0.1388,0.1316,0.1033,0.0717,0.1277,0.11,0.1089,0.0262,0.0856
CT015104,Zone_02,Zone_01,0.1141,0.1141,0.0883,0.0883,0.1037,0.1139,0.1113,0.0978,0.0876,0.1007,0.0942
CT006733,Zone_07,Zone_10,0.2388,0.0837,0.0439,0.0571,0.1603,0.136,0.0412,0.1274,0.1117,0.0,0.2388
CT002222,Zone_08,Zone_03,0.1402,0.1303,0.1153,0.1402,0.1202,0.0953,0.0817,0.093,0.109,0.0174,0.0976
CT005702,Zone_03,Zone_02,0.1388,0.0964,0.1388,0.1316,0.1033,0.0717,0.1277,0.11,0.1089,0.0262,0.0856
CT006421,Zone_04,Zone_01,0.1141,0.1141,0.0883,0.0883,0.1037,0.1139,0.1113,0.0978,0.0876,0.1007,0.0942
CT018033,Zone_01,Zone_10,0.3863,0.0,0.284,0.0,0.0,0.0,0.0,0.3297,0.0,0.0,0.3863
CT003331,Zone_10,Zone_01,0.1141,0.1141,0.0883,0.0883,0.1037,0.1139,0.1113,0.0978,0.0876,0.1007,0.0942
CT017112,Zone_07,Zone_03,0.1402,0.1303,0.1153,0.1402,0.1202,0.0953,0.0817,0.093,0.109,0.0174,0.0976
CT006647,Zone_02,Zone_05,0.2043,0.1109,0.0815,0.0859,0.0815,0.2043,0.0764,0.0962,0.0973,0.079,0.087
CT011919,Zone_10,Zone_05,0.1425,0.1169,0.1117,0.0884,0.088,0.1425,0.1232,0.1011,0.1075,0.0223,0.0983
CT011476,Zone_02,Zone_10,0.1973,0.0691,0.0181,0.1259,0.1546,0.1873,0.0,0.1158,0.1319,0.0,0.1973
CT000857,Zone_07,Zone_05,0.1425,0.1169,0.1117,0.0884,0.088,0.1425,0.1232,0.1011,0.1075,0.0223,0.0983
CT006914,Zone_07,Zone_01,0.1141,0.1141,0.0883,0.0883,0.1037,0.1139,0.1113,0.0978,0.0876,0.1007,0.0942
CT013714,Zone_05,Zone_01,0.1723,0.1723,0.0775,0.1009,0.1061,0.06,0.0908,0.0927,0.1549,0.0,0.1449
CT007981,Zone_05,Zone_04,0.184,0.1397,0.0824,0.0477,0.184,0.1703,0.0515,0.1196,0.1299,0.0,0.0747
CT008757,Zone_04,Zone_10,0.1569,0.0838,0.0989,0.1073,0.1254,0.0511,0.1391,0.1267,0.1109,0.0,0.1569
CT006516,Zone_08,Zone_06,0.1863,0.1052,0.0331,0.115,0.1311,0.0342,0.1863,0.1153,0.1445,0.0,0.1351
CT005398,Zone_04,Zone_03,0.1402,0.1303,0.1153,0.1402,0.1202,0.0953,0.0817,0.093,0.109,0.0174,0.0976
CT009007,Zone_03,Zone_01,0.2019,0.2019,0.0927,0.1839,0.0887,0.0273,0.0993,0.1114,0.0867,0.0,0.108
CT014049,Zone_08,Zone_02,0.1388,0.0964,0.1388,0.1316,0.1033,0.0717,0.1277,0.11,0.1089,0.0262,0.0856
CT017626,Zone_07,Zone_10,0.1569,0.0838,0.0989,0.1073,0.1254,0.0511,0.1391,0.1267,0.1109,0.0,0.1569
CT005389,Zone_08,Zone_05,0.8834,0.0,0.0,0.0,0.0,0.8834,0.0,0.0,0.1166,0.0,0.0
CT015820,Zone_08,Zone_02,0.1388,0.0964,0.1388,0.1316,0.1033,0.0717,0.1277,0.11,0.1089,0.0262,0.0856
CT006639,Zone_07,Zone_05,0.3472,0.0712,0.056,0.0973,0.0,0.3472,0.1051,0.1301,0.0407,0.0,0.1524
CT008008,Zone_07,Zone_01,0.1141,0.1141,0.0883,0.0883,0.1037,0.1139,0.1113,0.0978,0.0876,0.1007,0.0942
CT001972,Zone_10,Zone_10,0.4487,0.0,0.0,0.0,0.067,0.0,0.4125,0.0319,0.04,0.0,0.4487
CT006302,Zone_08,Zone_02,0.1388,0.0964,0.1388,0.1316,0.1033,0.0717,0.1277,0.11,0.1089,0.0262,0.0856
CT002780,Zone_03,Zone_10,0.2028,0.0237,0.1864,0.0647,0.1816,0.077,0.035,0.0865,0.1423,0.0,0.2028
CT008927,Zone_07,Zone_06,0.224,0.1619,0.0637,0.0899,0.0776,0.0658,0.224,0.1017,0.1071,0.0,0.1083
CT006475,Zone_03,Zone_09,0.2122,0.1034,0.0876,0.1086,0.0609,0.0388,0.1056,0.1053,0.0842,0.2122,0.0936
CT000729,Zone_08,Zone_10,0.1591,0.088,0.1265,0.116,0.1061,0.1035,0.0582,0.1351,0.1076,0.0,0.1591
CT008438,Zone_07,Zone_05,0.2043,0.1109,0.0815,0.0859,0.0815,0.2043,0.0764,0.0962,0.0973,0.079,0.087
CT008287,Zone_08,Zone_09,0.3855,0.0181,0.1279,0.111,0.0432,0.0,0.1066,0.1072,0.062,0.3855,0.0386
CT010727,Zone_07,Zone_10,0.1569,0.0838,0.0989,0.1073,0.1254,0.0511,0.1391,0.1267,0.1109,0.0,0.1569
CT006408,Zone_01,Zone_10,0.1249,0.1068,0.0762,0.1171,0.094,0.105,0.0696,0.1202,0.1066,0.0796,0.1249
CT009320,Zone_03,Zone_01,0.1141,0.1141,0.0883,0.0883,0.1037,0.1139,0.1113,0.0978,0.0876,0.1007,0.0942
CT012624,Zone_08,Zone_05,0.1425,0.1169,0.1117,0.0884,0.088,0.1425,0.1232,0.1011,0.1075,0.0223,0.0983
CT012663,Zone_08,Zone_02,0.1601,0.0872,0.1601,0.1191,0.0835,0.1417,0.0,0.1261,0.158,0.0,0.1244
CT016689,Zone_08,Zone_01,0.1403,0.1403,0.0759,0.1078,0.1092,0.114,0.1293,0.1201,0.1003,0.0,0.1032
CT011315,Zone_03,Zone_07,0.1716,0.1378,0.1479,0.0428,0.09,0.1425,0.0555,0.1716,0.1183,0.0669,0.0268
CT008151,Zone_07,Zone_08,0.2525,0.1961,0.0772,0.067,0.047,0.0797,0.0,0.1232,0.2525,0.0,0.1574
CT002926,Zone_07,Zone_10,0.1591,0.088,0.1265,0.116,0.1061,0.1035,0.0582,0.1351,0.1076,0.0,0.1591
CT016374,Zone_08,Zone_08,0.3449,0.1507,0.0,0.0,0.1444,0.0,0.2224,0.1376,0.3449,0.0,0.0
CT008112,Zone_04,Zone_01,0.1141,0.1141,0.0883,0.0883,0.1037,0.1139,0.1113,0.0978,0.0876,0.1007,0.0942
CT000026,Zone_01,Zone_09,0.2122,0.1034,0.0876,0.1086,0.0609,0.0388,0.1056,0.1053,0.0842,0.2122,0.0936
CT000053,Zone_07,Zone_06,0.6006,0.0,0.0,0.139,0.0975,0.0,0.6006,0.0465,0.1165,0.0,0.0
CT014833,Zone_07,Zone_09,0.3918,0.0734,0.0433,0.0627,0.0967,0.0596,0.0812,0.0628,0.0892,0.3918,0.0393
CT006088,Zone_04,Zone_01,0.1733,0.1733,0.0909,0.1315,0.0646,0.1565,0.0284,0.1539,0.0771,0.0,0.1237
CT008986,Zone_07,Zone_10,0.1249,0.1068,0.0762,0.1171,0.094,0.105,0.0696,0.1202,0.1066,0.0796,0.1249
CT016306,Zone_07,Zone_01,0.1141,0.1141,0.0883,0.0883,0.1037,0.1139,0.1113,0.0978,0.0876,0.1007,0.0942
CT015059,Zone_07,Zone_01,0.1507,0.1507,0.0996,0.1317,0.1126,0.0392,0.0978,0.1046,0.1155,0.0322,0.1161
CT016648,Zone_04,Zone_04,0.2332,0.0304,0.1676,0.0623,0.2332,0.0495,0.0898,0.1389,0.1306,0.0,0.0977
CT015021,Zone_07,Zone_03,0.3815,0.0,0.0,0.3815,0.0,0.0,0.0,0.0,0.3196,0.0,0.2989
CT019994,Zone_01,Zone_01,0.337,0.337,0.0994,0.1438,0.1009,0.0,0.0,0.0962,0.1326,0.0,0.0901
CT011415,Zone_10,Zone_09,0.3855,0.0181,0.1279,0.111,0.0432,0.0,0.1066,0.1072,0.062,0.3855,0.0386
CT011709,Zone_08,Zone_03,0.1402,0.1303,0.1153,0.1402,0.1202,0.0953,0.0817,0.093,0.109,0.0174,0.0976
CT002532,Zone_08,Zone_04,0.3056,0.2126,0.0558,0.0,0.3056,0.1152,0.0,0.1133,0.1217,0.0,0.0758
CT017856,Zone_04,Zone_09,0.6237,0.0584,0.0689,0.0399,0.056,0.0,0.0,0.0467,0.0752,0.6237,0.0313
CT009346,Zone_07,Zone_08,0.6108,0.0,0.0,0.2916,0.0,0.0,0.0,0.0975,0.6108,0.0,0.0
CT016733,Zone_08,Zone_03,0.1402,0.1303,0.1153,0.1402,0.1202,0.0953,0.0817,0.093,0.109,0.0174,0.0976
CT002404,Zone_06,Zone_02,0.1388,0.0964,0.1388,0.1316,0.1033,0.0717,0.1277,0.11,0.1089,0.0262,0.0856
CT006096,Zone_05,Zone_10,0.1591,0.088,0.1265,0.116,0.1061,0.1035,0.0582,0.1351,0.1076,0.0,0.1591
CT003416,Zone_04,Zone_05,0.2043,0.1109,0.0815,0.0859,0.0815,0.2043,0.0764,0.0962,0.0973,0.079,0.087
CT018825,Zone_01,Zone_10,0.1569,0.0838,0.0989,0.1073,0.1254,0.0511,0.1391,0.1267,0.1109,0.0,0.1569
CT006235,Zone_04,Zone_08,0.2333,0.1133,0.1069,0.0309,0.0868,0.2209,0.0334,0.0776,0.2333,0.0,0.0969
CT019556,Zone_04,Zone_10,0.1737,0.1025,0.1076,0.1342,0.1105,0.0972,0.0756,0.1131,0.0855,0.0,0.1737
CT009913,Zone_06,Zone_10,0.1737,0.1025,0.1076,0.1342,0.1105,0.0972,0.0756,0.1131,0.0855,0.0,0.1737
CT008750,Zone_07,Zone_01,0.5289,0.5289,0.0,0.0,0.1689,0.0,0.0,0.2013,0.1009,0.0,0.0
CT003159,Zone_06,Zone_10,0.1591,0.088,0.1265,0.116,0.1061,0.1035,0.0582,0.1351,0.1076,0.0,0.1591
CT002921,Zone_09,Zone_06,0.5461,0.0,0.0,0.0722,0.152,0.0,0.5461,0.1087,0.121,0.0,0.0
CT004891,Zone_01,Zone_09,0.2401,0.1349,0.0354,0.0614,0.0754,0.0365,0.0663,0.077,0.1286,0.2401,0.1443
CT015779,Zone_08,Zone_02,0.6652,0.0,0.6652,0.0,0.0,0.0,0.0,0.0483,0.0605,0.0,0.2261
CT005868,Zone_08,Zone_01,0.1141,0.1141,0.0883,0.0883,0.1037,0.1139,0.1113,0.0978,0.0876,0.1007,0.0942
CT019223,Zone_04,Zone_02,0.1388,0.0964,0.1388,0.1316,0.1033,0.0717,0.1277,0.11,0.1089,0.0262,0.0856
CT007546,Zone_04,Zone_02,0.166,0.1356,0.166,0.0926,0.13,0.0735,0.1334,0.0654,0.0905,0.0,0.1129
CT001478,Zone_09,Zone_09,0.3855,0.0181,0.1279,0.111,0.0432,0.0,0.1066,0.1072,0.062,0.3855,0.0386
CT013369,Zone_08,Zone_01,0.1141,0.1141,0.0883,0.0883,0.1037,0.1139,0.1113,0.0978,0.0876,0.1007,0.0942
CT013956,Zone_08,Zone_04,0.4686,0.0,0.0,0.0,0.4686,0.0,0.0,0.1117,0.4198,0.0,0.0
CT018429,Zone_07,Zone_10,0.1591,0.088,0.1265,0.116,0.1061,0.1035,0.0582,0.1351,0.1076,0.0,0.1591
CT005726,Zone_07,Zone_06,0.2798,0.1897,0.0746,0.0648,0.1363,0.0,0.2798,0.065,0.1899,0.0,0.0
CT000412,Zone_07,Zone_01,0.1141,0.1141,0.0883,0.0883,0.1037,0.1139,0.1113,0.0978,0.0876,0.1007,0.0942
CT004842,Zone_08,Zone_08,0.2333,0.1133,0.1069,0.0309,0.0868,0.2209,0.0334,0.0776,0.2333,0.0,0.0969
CT008146,Zone_08,Zone_09,0.1658,0.132,0.1039,0.0795,0.1041,0.0757,0.0916,0.0886,0.1088,0.1658,0.0498
CT016703,Zone_03,Zone_03,0.3407,0.1663,0.0,0.3407,0.0398,0.0,0.0,0.2278,0.0476,0.0,0.1779
CT011039,Zone_07,Zone_02,0.5163,0.0,0.5163,0.1494,0.2095,0.0,0.0,0.1248,0.0,0.0,0.0
CT009142,Zone_10,Zone_10,0.2666,0.0,0.196,0.0,0.2387,0.0,0.0,0.2275,0.0713,0.0,0.2666
CT019258,Zone_07,Zone_01,0.337,0.337,0.0994,0.1438,0.1009,0.0,0.0,0.0962,0.1326,0.0,0.0901
CT011139,Zone_08,Zone_09,0.3918,0.0734,0.0433,0.0627,0.0967,0.0596,0.0812,0.0628,0.0892,0.3918,0.0393
CT006488,Zone_08,Zone_06,0.2647,0.0,0.0941,0.2042,0.0573,0.0,0.2647,0.1365,0.0513,0.0,0.1919
CT012107,Zone_08,Zone_03,0.3917,0.0,0.0,0.3917,0.1374,0.0,0.0,0.0,0.1641,0.0,0.3069
CT016540,Zone_03,Zone_05,0.1425,0.1169,0.1117,0.0884,0.088,0.1425,0.1232,0.1011,0.1075,0.0223,0.0983
CT018434,Zone_07,Zone_01,0.2104,0.2104,0.0276,0.0479,0.084,0.114,0.0,0.1361,0.0803,0.1872,0.1126
CT015143,Zone_02,Zone_02,0.1388,0.0964,0.1388,0.1316,0.1033,0.0717,0.1277,0.11,0.1089,0.0262,0.0856
CT001215,Zone_04,Zone_02,0.1388,0.0964,0.1388,0.1316,0.1033,0.0717,0.1277,0.11,0.1089,0.0262,0.0856
CT007471,Zone_01,Zone_10,0.2151,0.1675,0.0659,0.0687,0.1284,0.0545,0.0989,0.1339,0.0671,0.0,0.2151
CT012124,Zone_10,Zone_10,0.1249,0.1068,0.0762,0.1171,0.094,0.105,0.0696,0.1202,0.1066,0.0796,0.1249
CT009661,Zone_05,Zone_01,0.1723,0.1723,0.0775,0.1009,0.1061,0.06,0.0908,0.0927,0.1549,0.0,0.1449
CT014461,Zone_08,Zone_10,0.1973,0.0691,0.0181,0.1259,0.1546,0.1873,0.0,0.1158,0.1319,0.0,0.1973
CT008692,Zone_04,Zone_09,0.4326,0.0608,0.0159,0.0968,0.0582,0.0329,0.0299,0.0601,0.1043,0.4326,0.1084
CT003628,Zone_07,Zone_09,0.3595,0.1347,0.053,0.046,0.0968,0.0,0.0994,0.0615,0.0771,0.3595,0.0721
CT019590,Zone_08,Zone_02,0.3917,0.0,0.3917,0.085,0.1192,0.0,0.1836,0.1137,0.1068,0.0,0.0
CT012800,Zone_08,Zone_01,0.1723,0.1723,0.0775,0.1009,0.1061,0.06,0.0908,0.0927,0.1549,0.0,0.1449
CT015246,Zone_10,Zone_05,0.2199,0.0773,0.1217,0.1452,0.0648,0.2199,0.1141,0.0883,0.1272,0.0,0.0414
CT001899,Zone_02,Zone_05,0.1425,0.1169,0.1117,0.0884,0.088,0.1425,0.1232,0.1011,0.1075,0.0223,0.0983
CT008265,Zone_08,Zone_01,0.1141,0.1141,0.0883,0.0883,0.1037,0.1139,0.1113,0.0978,0.0876,0.1007,0.0942
CT016156,Zone_07,Zone_05,0.1743,0.1475,0.1161,0.0549,0.1092,0.1743,0.0396,0.1041,0.0537,0.1432,0.0574
CT018186,Zone_03,Zone_02,0.1388,0.0964,0.1388,0.1316,0.1033,0.0717,0.1277,0.11,0.1089,0.0262,0.0856
CT016202,Zone_07,Zone_09,0.8063,0.0755,0.0,0.0,0.0362,0.0,0.0,0.0172,0.0648,0.8063,0.0
CT001794,Zone_08,Zone_02,0.1388,0.0964,0.1388,0.1316,0.1033,0.0717,0.1277,0.11,0.1089,0.0262,0.0856
CT005556,Zone_07,Zone_10,0.1591,0.088,0.1265,0.116,0.1061,0.1035,0.0582,0.1351,0.1076,0.0,0.1591
CT019013,Zone_08,Zone_06,0.3881,0.0,0.0,0.1797,0.252,0.0,0.3881,0.1802,0.0,0.0,0.0
CT008910,Zone_04,Zone_02,0.2082,0.1323,0.2082,0.2033,0.0951,0.0,0.0488,0.1209,0.0852,0.0,0.1062
CT018228,Zone_05,Zone_01,0.5693,0.5693,0.0,0.0,0.0,0.0,0.0,0.1733,0.0543,0.0,0.2031
CT014335,Zone_02,Zone_10,0.1737,0.1025,0.1076,0.1342,0.1105,0.0972,0.0756,0.1131,0.0855,0.0,0.1737
CT006436,Zone_05,Zone_01,0.2233,0.2233,0.0351,0.122,0.0428,0.2178,0.1318,0.1122,0.115,0.0,0.0
CT012123,Zone_01,Zone_02,0.166,0.1356,0.166,0.0926,0.13,0.0735,0.1334,0.0654,0.0905,0.0,0.1129
CT001324,Zone_07,Zone_01,0.1141,0.1141,0.0883,0.0883,0.1037,0.1139,0.1113,0.0978,0.0876,0.1007,0.0942
CT013114,Zone_02,Zone_08,0.2016,0.0,0.1232,0.1069,0.1125,0.1273,0.0,0.1609,0.2016,0.0,0.1676
CT019463,Zone_08,Zone_09,0.3918,0.0734,0.0433,0.0627,0.0967,0.0596,0.0812,0.0628,0.0892,0.3918,0.0393
CT009648,Zone_07,Zone_10,0.3251,0.0,0.0,0.1037,0.0728,0.2469,0.0,0.2081,0.0435,0.0,0.3251
CT014728,Zone_03,Zone_01,0.1141,0.1141,0.0883,0.0883,0.1037,0.1139,0.1113,0.0978,0.0876,0.1007,0.0942
CT008742,Zone_08,Zone_10,0.1737,0.1025,0.1076,0.1342,0.1105,0.0972,0.0756,0.1131,0.0855,0.0,0.1737
CT016974,Zone_03,Zone_03,0.1402,0.1303,0.1153,0.1402,0.1202,0.0953,0.0817,0.093,0.109,0.0174,0.0976
CT005735,Zone_03,Zone_05,0.1425,0.1169,0.1117,0.0884,0.088,0.1425,0.1232,0.1011,0.1075,0.0223,0.0983
CT009053,Zone_06,Zone_09,0.7718,0.0723,0.0,0.0,0.0,0.0,0.0,0.0165,0.062,0.7718,0.0773
CT000864,Zone_07,Zone_05,0.2043,0.1109,0.0815,0.0859,0.0815,0.2043,0.0764,0.0962,0.0973,0.079,0.087
CT000915,Zone_10,Zone_10,0.1737,0.1025,0.1076,0.1342,0.1105,0.0972,0.0756,0.1131,0.0855,0.0,0.1737
CT009593,Zone_06,Zone_02,0.6351,0.0,0.6351,0.0,0.0,0.0,0.0,0.0,0.077,0.0,0.2879
CT014968,Zone_04,Zone_03,0.6377,0.0,0.0,0.6377,0.1491,0.0,0.0,0.2132,0.0,0.0,0.0
CT016148,Zone_01,Zone_01,0.1141,0.1141,0.0883,0.0883,0.1037,0.1139,0.1113,0.0978,0.0876,0.1007,0.0942
CT014038,Zone_04,Zone_01,0.1141,0.1141,0.0883,0.0883,0.1037,0.1139,0.1113,0.0978,0.0876,0.1007,0.0942
CT000767,Zone_01,Zone_06,0.2914,0.1128,0.0222,0.0771,0.0541,0.0917,0.2914,0.1353,0.0646,0.0,0.1509
CT005399,Zone_07,Zone_05,0.231,0.0474,0.1118,0.0971,0.0454,0.231,0.2097,0.0649,0.0407,0.0,0.1521
CT006105,Zone_08,Zone_06,0.6031,0.0,0.0,0.0,0.0,0.0,0.6031,0.28,0.1169,0.0,0.0
CT009511,Zone_08,Zone_02,0.1388,0.0964,0.1388,0.1316,0.1033,0.0717,0.1277,0.11,0.1089,0.0262,0.0856
CT017430,Zone_04,Zone_10,0.2151,0.1675,0.0659,0.0687,0.1284,0.0545,0.0989,0.1339,0.0671,0.0,0.2151
CT000270,Zone_02,Zone_01,0.1141,0.1141,0.0883,0.0883,0.1037,0.1139,0.1113,0.0978,0.0876,0.1007,0.0942
CT004428,Zone_03,Zone_02,0.4071,0.0,0.4071,0.0,0.1239,0.0,0.0,0.1181,0.074,0.0,0.2768
CT005838,Zone_07,Zone_10,0.1249,0.1068,0.0762,0.1171,0.094,0.105,0.0696,0.1202,0.1066,0.0796,0.1249
CT007947,Zone_10,Zone_01,0.6681,0.6681,0.0,0.0,0.16,0.0,0.0,0.0763,0.0956,0.0,0.0
CT004885,Zone_07,Zone_02,0.2493,0.1056,0.2493,0.101,0.0911,0.0,0.2182,0.0868,0.1027,0.0,0.0452
CT010199,Zone_07,Zone_01,0.1141,0.1141,0.0883,0.0883,0.1037,0.1139,0.1113,0.0978,0.0876,0.1007,0.0942
CT008425,Zone_04,Zone_05,0.2171,0.0742,0.0701,0.1014,0.0356,0.2171,0.1752,0.0678,0.1316,0.0,0.1271
CT015376,Zone_04,Zone_01,0.3006,0.3006,0.0,0.0411,0.0576,0.0,0.2661,0.1373,0.0688,0.0,0.1286
CT014487,Zone_03,Zone_01,0.1141,0.1141,0.0883,0.0883,0.1037,0.1139,0.1113,0.0978,0.0876,0.1007,0.0942
CT001625,Zone_05,Zone_01,0.1141,0.1141,0.0883,0.0883,0.1037,0.1139,0.1113,0.0978,0.0876,0.1007,0.0942
CT005418,Zone_10,Zone_10,0.1249,0.1068,0.0762,0.1171,0.094,0.105,0.0696,0.1202,0.1066,0.0796,0.1249
CT012920,Zone_08,Zone_10,0.2028,0.0237,0.1864,0.0647,0.1816,0.077,0.035,0.0865,0.1423,0.0,0.2028
CT016519,Zone_08,Zone_09,0.3855,0.0181,0.1279,0.111,0.0432,0.0,0.1066,0.1072,0.062,0.3855,0.0386
CT005074,Zone_07,Zone_01,0.1507,0.1507,0.0996,0.1317,0.1126,0.0392,0.0978,0.1046,0.1155,0.0322,0.1161
CT001488,Zone_08,Zone_01,0.1141,0.1141,0.0883,0.0883,0.1037,0.1139,0.1113,0.0978,0.0876,0.1007,0.0942
CT009887,Zone_07,Zone_10,0.2089,0.0976,0.1536,0.0222,0.1403,0.1058,0.0,0.104,0.1676,0.0,0.2089
CT007112,Zone_08,Zone_05,0.543,0.0,0.0,0.2282,0.0,0.543,0.0,0.2289,0.0,0.0,0.0
CT019250,Zone_03,Zone_08,0.342,0.0,0.2352,0.0,0.2863,0.0,0.0,0.1365,0.342,0.0,0.0
CT018411,Zone_07,Zone_09,0.522,0.0,0.0769,0.0668,0.0468,0.0,0.0,0.0223,0.0559,0.522,0.2092
CT012712,Zone_04,Zone_02,0.3812,0.0404,0.3812,0.1379,0.174,0.0,0.0596,0.083,0.0808,0.0,0.0432
CT007237,Zone_05,Zone_10,0.1249,0.1068,0.0762,0.1171,0.094,0.105,0.0696,0.1202,0.1066,0.0796,0.1249
CT019744,Zone_01,Zone_10,0.1249,0.1068,0.0762,0.1171,0.094,0.105,0.0696,0.1202,0.1066,0.0796,0.1249
CT002481,Zone_07,Zone_02,0.1388,0.0964,0.1388,0.1316,0.1033,0.0717,0.1277,0.11,0.1089,0.0262,0.0856
CT015320,Zone_03,Zone_01,0.1141,0.1141,0.0883,0.0883,0.1037,0.1139,0.1113,0.0978,0.0876,0.1007,0.0942
CT001753,Zone_07,Zone_10,0.1737,0.1025,0.1076,0.1342,0.1105,0.0972,0.0756,0.1131,0.0855,0.0,0.1737
CT003405,Zone_07,Zone_01,0.5671,0.5671,0.0,0.0,0.0,0.0,0.0,0.1295,0.0,0.0,0.3034
CT016144,Zone_09,Zone_05,0.2859,0.0,0.0,0.2403,0.0843,0.2859,0.0,0.0,0.2013,0.0,0.1882
CT017703,Zone_01,Zone_01,0.1141,0.1141,0.0883,0.0883,0.1037,0.1139,0.1113,0.0978,0.0876,0.1007,0.0942
CT016764,Zone_02,Zone_05,0.5923,0.0,0.0,0.0,0.2619,0.5923,0.0,0.0416,0.1043,0.0,0.0
CT018801,Zone_01,Zone_04,0.2792,0.0,0.0,0.2654,0.2792,0.0,0.0,0.1775,0.2779,0.0,0.0
CT012408,Zone_01,Zone_04,0.1457,0.1204,0.1446,0.1341,0.1457,0.0721,0.0841,0.1085,0.0888,0.0,0.1017
CT011920,Zone_08,Zone_02,0.1388,0.0964,0.1388,0.1316,0.1033,0.0717,0.1277,0.11,0.1089,0.0262,0.0856
CT015654,Zone_04,Zone_06,0.4769,0.0,0.0,0.2207,0.1548,0.0,0.4769,0.1476,0.0,0.0,0.0
CT015184,Zone_08,Zone_02,0.3035,0.1286,0.3035,0.0,0.0,0.0,0.1897,0.0294,0.0736,0.0,0.2752
CT000286,Zone_08,Zone_02,0.166,0.1356,0.166,0.0926,0.13,0.0735,0.1334,0.0654,0.0905,0.0,0.1129
CT005977,Zone_07,Zone_02,0.2493,0.1056,0.2493,0.101,0.0911,0.0,0.2182,0.0868,0.1027,0.0,0.0452
CT005827,Zone_08,Zone_01,0.1141,0.1141,0.0883,0.0883,0.1037,0.1139,0.1113,0.0978,0.0876,0.1007,0.0942
CT014716,Zone_02,Zone_04,0.4198,0.0,0.0,0.1197,0.4198,0.0,0.0,0.3602,0.1003,0.0,0.0
CT007477,Zone_08,Zone_01,0.1141,0.1141,0.0883,0.0883,0.1037,0.1139,0.1113,0.0978,0.0876,0.1007,0.0942
CT004281,Zone_02,Zone_10,0.1591,0.088,0.1265,0.116,0.1061,0.1035,0.0582,0.1351,0.1076,0.0,0.1591
CT005094,Zone_05,Zone_01,0.2017,0.2017,0.1299,0.1879,0.0527,0.0894,0.0812,0.1131,0.1049,0.0,0.0392
CT008219,Zone_08,Zone_10,0.1249,0.1068,0.0762,0.1171,0.094,0.105,0.0696,0.1202,0.1066,0.0796,0.1249
CT012334,Zone_04,Zone_01,0.1141,0.1141,0.0883,0.0883,0.1037,0.1139,0.1113,0.0978,0.0876,0.1007,0.0942
CT004487,Zone_07,Zone_09,0.2122,0.1034,0.0876,0.1086,0.0609,0.0388,0.1056,0.1053,0.0842,0.2122,0.0936
CT014214,Zone_04,Zone_10,0.1591,0.088,0.1265,0.116,0.1061,0.1035,0.0582,0.1351,0.1076,0.0,0.1591
CT017040,Zone_07,Zone_02,0.1601,0.0872,0.1601,0.1191,0.0835,0.1417,0.0,0.1261,0.158,0.0,0.1244
CT012094,Zone_05,Zone_10,0.1249,0.1068,0.0762,0.1171,0.094,0.105,0.0696,0.1202,0.1066,0.0796,0.1249
CT004168,Zone_08,Zone_01,0.2138,0.2138,0.1346,0.0584,0.0819,0.0,0.0,0.166,0.208,0.0,0.1373
CT003678,Zone_08,Zone_09,0.3918,0.0734,0.0433,0.0627,0.0967,0.0596,0.0812,0.0628,0.0892,0.3918,0.0393
CT013674,Zone_01,Zone_10,0.2442,0.1521,0.1197,0.1558,0.1457,0.0,0.0,0.1389,0.0435,0.0,0.2442
CT005060,Zone_02,Zone_01,0.1141,0.1141,0.0883,0.0883,0.1037,0.1139,0.1113,0.0978,0.0876,0.1007,0.0942
CT015062,Zone_10,Zone_09,0.8842,0.0,0.0,0.0377,0.0529,0.0,0.0,0.0252,0.0,0.8842,0.0
CT019115,Zone_03,Zone_03,0.5639,0.0,0.0,0.5639,0.0,0.0,0.0,0.0628,0.0787,0.0,0.2945
CT010661,Zone_03,Zone_02,0.4397,0.0,0.4397,0.0,0.1338,0.0,0.0,0.1276,0.0,0.0,0.2989
CT006532,Zone_09,Zone_01,0.1141,0.1141,0.0883,0.0883,0.1037,0.1139,0.1113,0.0978,0.0876,0.1007,0.0942
CT003805,Zone_02,Zone_01,0.1141,0.1141,0.0883,0.0883,0.1037,0.1139,0.1113,0.0978,0.0876,0.1007,0.0942
CT001253,Zone_03,Zone_10,0.1249,0.1068,0.0762,0.1171,0.094,0.105,0.0696,0.1202,0.1066,0.0796,0.1249
CT012689,Zone_03,Zone_10,0.4115,0.0,0.0,0.0,0.3684,0.0,0.0,0.0,0.22,0.0,0.4115
CT015942,Zone_08,Zone_09,0.1658,0.132,0.1039,0.0795,0.1041,0.0757,0.0916,0.0886,0.1088,0.1658,0.0498
CT001281,Zone_04,Zone_01,0.1403,0.1403,0.0759,0.1078,0.1092,0.114,0.1293,0.1201,0.1003,0.0,0.1032
CT008417,Zone_10,Zone_03,0.2748,0.0,0.1583,0.2748,0.0964,0.0,0.1484,0.0919,0.2302,0.0,0.0
CT013747,Zone_07,Zone_04,0.1798,0.0577,0.1136,0.1578,0.1798,0.0469,0.0852,0.1352,0.1156,0.0,0.1081
CT018068,Zone_07,Zone_01,0.1141,0.1141,0.0883,0.0883,0.1037,0.1139,0.1113,0.0978,0.0876,0.1007,0.0942
CT010391,Zone_08,Zone_10,0.1249,0.1068,0.0762,0.1171,0.094,0.105,0.0696,0.1202,0.1066,0.0796,0.1249
CT012438,Zone_02,Zone_02,0.5916,0.0,0.5916,0.0,0.0,0.0,0.0,0.0858,0.3226,0.0,0.0
CT013359,Zone_08,Zone_05,0.1425,0.1169,0.1117,0.0884,0.088,0.1425,0.1232,0.1011,0.1075,0.0223,0.0983
CT018483,Zone_08,Zone_08,0.2123,0.131,0.1031,0.1193,0.0837,0.071,0.0,0.1396,0.2123,0.0,0.1402
CT014411,Zone_04,Zone_03,0.1402,0.1303,0.1153,0.1402,0.1202,0.0953,0.0817,0.093,0.109,0.0174,0.0976
CT002355,Zone_08,Zone_10,0.2089,0.0976,0.1536,0.0222,0.1403,0.1058,0.0,0.104,0.1676,0.0,0.2089
CT010014,Zone_03,Zone_10,0.2388,0.0837,0.0439,0.0571,0.1603,0.136,0.0412,0.1274,0.1117,0.0,0.2388
CT002620,Zone_06,Zone_06,0.224,0.1619,0.0637,0.0899,0.0776,0.0658,0.224,0.1017,0.1071,0.0,0.1083
CT001635,Zone_10,Zone_01,0.1141,0.1141,0.0883,0.0883,0.1037,0.1139,0.1113,0.0978,0.0876,0.1007,0.0942
CT008411,Zone_08,Zone_01,0.4929,0.4929,0.0,0.0,0.0,0.0,0.0,0.2251,0.282,0.0,0.0
CT007903,Zone_10,Zone_02,0.1388,0.0964,0.1388,0.1316,0.1033,0.0717,0.1277,0.11,0.1089,0.0262,0.0856
CT008871,Zone_08,Zone_02,0.1388,0.0964,0.1388,0.1316,0.1033,0.0717,0.1277,0.11,0.1089,0.0262,0.0856
CT007777,Zone_01,Zone_02,0.1388,0.0964,0.1388,0.1316,0.1033,0.0717,0.1277,0.11,0.1089,0.0262,0.0856
CT003637,Zone_07,Zone_06,0.6953,0.0,0.0,0.1073,0.0,0.0,0.6953,0.1076,0.0899,0.0,0.0
CT011585,Zone_07,Zone_05,0.1586,0.0976,0.1097,0.1048,0.0868,0.1586,0.144,0.0923,0.0718,0.0,0.1343
CT019131,Zone_08,Zone_01,0.1141,0.1141,0.0883,0.0883,0.1037,0.1139,0.1113,0.0978,0.0876,0.1007,0.0942
CT011808,Zone_07,Zone_03,0.1402,0.1303,0.1153,0.1402,0.1202,0.0953,0.0817,0.093,0.109,0.0174,0.0976
CT002627,Zone_07,Zone_02,0.4101,0.0,0.4101,0.1186,0.1664,0.0,0.0,0.119,0.0,0.0,0.1859
CT004325,Zone_01,Zone_09,0.2401,0.1349,0.0354,0.0614,0.0754,0.0365,0.0663,0.077,0.1286,0.2401,0.1443
CT009263,Zone_07,Zone_01,0.1141,0.1141,0.0883,0.0883,0.1037,0.1139,0.1113,0.0978,0.0876,0.1007,0.0942
CT006260,Zone_04,Zone_10,0.2151,0.1675,0.0659,0.0687,0.1284,0.0545,0.0989,0.1339,0.0671,0.0,0.2151
CT011362,Zone_08,Zone_10,0.2028,0.0237,0.1864,0.0647,0.1816,0.077,0.035,0.0865,0.1423,0.0,0.2028
CT001877,Zone_04,Zone_02,0.3812,0.0404,0.3812,0.1379,0.174,0.0,0.0596,0.083,0.0808,0.0,0.0432
CT001589,Zone_04,Zone_10,0.1591,0.088,0.1265,0.116,0.1061,0.1035,0.0582,0.1351,0.1076,0.0,0.1591
CT015834,Zone_07,Zone_07,1.0,0.0,0.0,0.0,0.0,0.0,0.0,1.0,0.0,0.0,0.0
CT003940,Zone_03,Zone_01,0.4387,0.4387,0.0,0.0,0.2101,0.0,0.0,0.1002,0.251,0.0,0.0
CT014640,Zone_07,Zone_09,0.1658,0.132,0.1039,0.0795,0.1041,0.0757,0.0916,0.0886,0.1088,0.1658,0.0498
CT013353,Zone_08,Zone_02,0.1388,0.0964,0.1388,0.1316,0.1033,0.0717,0.1277,0.11,0.1089,0.0262,0.0856
CT013007,Zone_08,Zone_01,0.1141,0.1141,0.0883,0.0883,0.1037,0.1139,0.1113,0.0978,0.0876,0.1007,0.0942
CT003084,Zone_07,Zone_01,0.1141,0.1141,0.0883,0.0883,0.1037,0.1139,0.1113,0.0978,0.0876,0.1007,0.0942
CT004863,Zone_04,Zone_10,0.2666,0.0,0.196,0.0,0.2387,0.0,0.0,0.2275,0.0713,0.0,0.2666
CT018159,Zone_10,Zone_02,0.1388,0.0964,0.1388,0.1316,0.1033,0.0717,0.1277,0.11,0.1089,0.0262,0.0856
CT008614,Zone_02,Zone_10,0.1737,0.1025,0.1076,0.1342,0.1105,0.0972,0.0756,0.1131,0.0855,0.0,0.1737
CT016857,Zone_04,Zone_10,0.3295,0.0,0.2423,0.2103,0.1475,0.0,0.0,0.0703,0.0,0.0,0.3295
CT006663,Zone_03,Zone_06,0.2024,0.0915,0.1439,0.0625,0.1314,0.0743,0.2024,0.1044,0.0916,0.0,0.0979
CT018904,Zone_07,Zone_02,0.4514,0.1912,0.4514,0.1306,0.1832,0.0,0.0,0.0437,0.0,0.0,0.0
CT005081,Zone_01,Zone_09,0.2122,0.1034,0.0876,0.1086,0.0609,0.0388,0.1056,0.1053,0.0842,0.2122,0.0936
CT000568,Zone_02,Zone_10,0.1591,0.088,0.1265,0.116,0.1061,0.1035,0.0582,0.1351,0.1076,0.0,0.1591
CT004048,Zone_04,Zone_02,0.2466,0.0,0.2466,0.214,0.075,0.0,0.0,0.1789,0.2017,0.0,0.0838
CT002625,Zone_07,Zone_05,0.2199,0.0773,0.1217,0.1452,0.0648,0.2199,0.1141,0.0883,0.1272,0.0,0.0414
CT002469,Zone_07,Zone_06,0.32,0.1446,0.1138,0.0988,0.0346,0.0,0.32,0.066,0.1448,0.0,0.0774
CT013999,Zone_04,Zone_01,0.2019,0.2019,0.0927,0.1839,0.0887,0.0273,0.0993,0.1114,0.0867,0.0,0.108
CT005956,Zone_08,Zone_10,0.1249,0.1068,0.0762,0.1171,0.094,0.105,0.0696,0.1202,0.1066,0.0796,0.1249
CT012422,Zone_04,Zone_01,0.1141,0.1141,0.0883,0.0883,0.1037,0.1139,0.1113,0.0978,0.0876,0.1007,0.0942
CT012042,Zone_07,Zone_04,0.4667,0.0,0.0,0.0,0.4667,0.0,0.0,0.0,0.1858,0.0,0.3475
CT014930,Zone_08,Zone_02,0.1388,0.0964,0.1388,0.1316,0.1033,0.0717,0.1277,0.11,0.1089,0.0262,0.0856
CT009268,Zone_06,Zone_03,0.3407,0.1663,0.0,0.3407,0.0398,0.0,0.0,0.2278,0.0476,0.0,0.1779
CT007292,Zone_04,Zone_01,0.1141,0.1141,0.0883,0.0883,0.1037,0.1139,0.1113,0.0978,0.0876,0.1007,0.0942
CT008284,Zone_07,Zone_01,0.1141,0.1141,0.0883,0.0883,0.1037,0.1139,0.1113,0.0978,0.0876,0.1007,0.0942
CT017875,Zone_03,Zone_02,0.1388,0.0964,0.1388,0.1316,0.1033,0.0717,0.1277,0.11,0.1089,0.0262,0.0856
CT001238,Zone_08,Zone_06,0.224,0.1619,0.0637,0.0899,0.0776,0.0658,0.224,0.1017,0.1071,0.0,0.1083
CT003502,Zone_08,Zone_10,0.1973,0.0691,0.0181,0.1259,0.1546,0.1873,0.0,0.1158,0.1319,0.0,0.1973
CT012069,Zone_03,Zone_09,0.4778,0.179,0.0704,0.0611,0.0429,0.0,0.0,0.0409,0.128,0.4778,0.0
CT008432,Zone_02,Zone_10,0.1973,0.0691,0.0181,0.1259,0.1546,0.1873,0.0,0.1158,0.1319,0.0,0.1973
CT011336,Zone_02,Zone_05,0.2171,0.0742,0.0701,0.1014,0.0356,0.2171,0.1752,0.0678,0.1316,0.0,0.1271
CT009325,Zone_08,Zone_02,0.1388,0.0964,0.1388,0.1316,0.1033,0.0717,0.1277,0.11,0.1089,0.0262,0.0856
CT000687,Zone_08,Zone_08,0.5408,0.0,0.2125,0.0,0.0,0.0,0.0,0.2467,0.5408,0.0,0.0
CT009993,Zone_05,Zone_02,0.2419,0.0615,0.2419,0.2099,0.1178,0.0,0.0,0.2106,0.1583,0.0,0.0
CT019589,Zone_04,Zone_10,0.1249,0.1068,0.0762,0.1171,0.094,0.105,0.0696,0.1202,0.1066,0.0796,0.1249
CT008482,Zone_01,Zone_09,0.9462,0.0,0.0,0.0403,0.0,0.0,0.0,0.0135,0.0,0.9462,0.0
CT018581,Zone_01,Zone_06,0.4698,0.0,0.0,0.0,0.4575,0.0,0.4698,0.0727,0.0,0.0,0.0
CT002890,Zone_03,Zone_09,0.6641,0.0,0.0979,0.0,0.0397,0.0,0.0,0.0947,0.0593,0.6641,0.0444
CT009572,Zone_08,Zone_10,0.1737,0.1025,0.1076,0.1342,0.1105,0.0972,0.0756,0.1131,0.0855,0.0,0.1737
CT003736,Zone_10,Zone_07,0.4577,0.0,0.0,0.0,0.16,0.0,0.0,0.4577,0.3823,0.0,0.0
CT001863,Zone_09,Zone_06,0.2431,0.1177,0.1296,0.1125,0.1691,0.0383,0.2431,0.1021,0.0875,0.0,0.0
CT002847,Zone_04,Zone_06,0.2647,0.0,0.0941,0.2042,0.0573,0.0,0.2647,0.1365,0.0513,0.0,0.1919
CT012402,Zone_07,Zone_09,0.8461,0.0,0.0,0.0,0.0,0.0,0.0,0.1086,0.0453,0.8461,0.0
CT005648,Zone_03,Zone_01,0.1141,0.1141,0.0883,0.0883,0.1037,0.1139,0.1113,0.0978,0.0876,0.1007,0.0942
CT000603,Zone_06,Zone_03,0.1402,0.1303,0.1153,0.1402,0.1202,0.0953,0.0817,0.093,0.109,0.0174,0.0976
CT008604,Zone_10,Zone_10,0.3029,0.1348,0.1061,0.1013,0.0646,0.0219,0.0597,0.1047,0.1041,0.0,0.3029
CT008406,Zone_07,Zone_03,0.1402,0.1303,0.1153,0.1402,0.1202,0.0953,0.0817,0.093,0.109,0.0174,0.0976
CT006720,Zone_08,Zone_05,0.4305,0.1766,0.0695,0.0603,0.0423,0.4305,0.0,0.0,0.1263,0.0,0.0945
CT008120,Zone_08,Zone_01,0.3006,0.3006,0.0,0.0411,0.0576,0.0,0.2661,0.1373,0.0688,0.0,0.1286
CT016793,Zone_08,Zone_09,0.5341,0.2001,0.0787,0.0,0.0,0.0,0.0,0.0228,0.0572,0.5341,0.107
CT010613,Zone_07,Zone_10,0.1737,0.1025,0.1076,0.1342,0.1105,0.0972,0.0756,0.1131,0.0855,0.0,0.1737
CT007995,Zone_02,Zone_10,0.3503,0.0,0.2576,0.2236,0.0,0.0,0.0,0.0748,0.0937,0.0,0.3503
CT014790,Zone_07,Zone_05,0.1425,0.1169,0.1117,0.0884,0.088,0.1425,0.1232,0.1011,0.1075,0.0223,0.0983
CT015860,Zone_10,Zone_09,0.5335,0.0,0.0,0.0341,0.1197,0.0,0.0737,0.1141,0.0715,0.5335,0.0535
CT019578,Zone_08,Zone_01,0.1403,0.1403,0.0759,0.1078,0.1092,0.114,0.1293,0.1201,0.1003,0.0,0.1032
CT017654,Zone_07,Zone_04,0.3836,0.089,0.07,0.0,0.3836,0.0,0.0,0.3047,0.1527,0.0,0.0
CT018078,Zone_08,Zone_07,0.3944,0.0,0.0,0.2359,0.0,0.0,0.0,0.3944,0.0,0.0,0.3697
CT005267,Zone_04,Zone_05,0.4844,0.149,0.0,0.0,0.0,0.4844,0.0,0.0681,0.2985,0.0,0.0
CT016748,Zone_10,Zone_10,0.3029,0.1348,0.1061,0.1013,0.0646,0.0219,0.0597,0.1047,0.1041,0.0,0.3029
CT004094,Zone_01,Zone_01,0.2019,0.2019,0.0927,0.1839,0.0887,0.0273,0.0993,0.1114,0.0867,0.0,0.108
CT016875,Zone_07,Zone_05,0.1425,0.1169,0.1117,0.0884,0.088,0.1425,0.1232,0.1011,0.1075,0.0223,0.0983
CT011338,Zone_08,Zone_05,0.3099,0.0,0.1501,0.0,0.0,0.3099,0.2814,0.0,0.0546,0.0,0.2041
CT004409,Zone_07,Zone_01,0.1141,0.1141,0.0883,0.0883,0.1037,0.1139,0.1113,0.0978,0.0876,0.1007,0.0942
CT000334,Zone_07,Zone_01,0.1141,0.1141,0.0883,0.0883,0.1037,0.1139,0.1113,0.0978,0.0876,0.1007,0.0942
CT014329,Zone_10,Zone_06,0.7373,0.0,0.0,0.0,0.1197,0.0,0.7373,0.0,0.143,0.0,0.0
CT011548,Zone_04,Zone_05,0.7482,0.0,0.0,0.1048,0.147,0.7482,0.0,0.0,0.0,0.0,0.0
CT010348,Zone_08,Zone_04,0.6269,0.0,0.0,0.1787,0.6269,0.0,0.0,0.1195,0.0749,0.0,0.0
CT007162,Zone_08,Zone_01,0.1141,0.1141,0.0883,0.0883,0.1037,0.1139,0.1113,0.0978,0.0876,0.1007,0.0942
CT017986,Zone_04,Zone_06,0.2661,0.0,0.1419,0.0924,0.0864,0.1466,0.2661,0.0927,0.0774,0.0,0.0965
CT003259,Zone_07,Zone_04,0.1457,0.1204,0.1446,0.1341,0.1457,0.0721,0.0841,0.1085,0.0888,0.0,0.1017
CT012024,Zone_02,Zone_09,0.1658,0.132,0.1039,0.0795,0.1041,0.0757,0.0916,0.0886,0.1088,0.1658,0.0498
CT004190,Zone_08,Zone_01,0.1141,0.1141,0.0883,0.0883,0.1037,0.1139,0.1113,0.0978,0.0876,0.1007,0.0942
CT013212,Zone_04,Zone_06,0.1824,0.0742,0.0876,0.1013,0.0888,0.1406,0.1824,0.0903,0.1026,0.066,0.0661
CT010084,Zone_10,Zone_06,0.8081,0.0,0.0,0.0,0.0874,0.0,0.8081,0.0,0.1045,0.0,0.0
CT019890,Zone_03,Zone_01,0.1141,0.1141,0.0883,0.0883,0.1037,0.1139,0.1113,0.0978,0.0876,0.1007,0.0942
CT014251,Zone_07,Zone_02,0.3867,0.1229,0.3867,0.0559,0.0392,0.0,0.0604,0.159,0.1758,0.0,0.0
CT011725,Zone_02,Zone_06,0.1824,0.0742,0.0876,0.1013,0.0888,0.1406,0.1824,0.0903,0.1026,0.066,0.0661
CT013483,Zone_04,Zone_05,0.4844,0.149,0.0,0.0,0.0,0.4844,0.0,0.0681,0.2985,0.0,0.0
CT017428,Zone_02,Zone_06,0.2102,0.1832,0.1121,0.0695,0.1073,0.0,0.2102,0.0604,0.1048,0.0,0.1525
CT001672,Zone_07,Zone_01,0.2104,0.2104,0.0276,0.0479,0.084,0.114,0.0,0.1361,0.0803,0.1872,0.1126
CT010298,Zone_08,Zone_05,0.1586,0.0976,0.1097,0.1048,0.0868,0.1586,0.144,0.0923,0.0718,0.0,0.1343
CT017323,Zone_10,Zone_04,0.1798,0.0577,0.1136,0.1578,0.1798,0.0469,0.0852,0.1352,0.1156,0.0,0.1081
CT006412,Zone_07,Zone_02,0.1601,0.0872,0.1601,0.1191,0.0835,0.1417,0.0,0.1261,0.158,0.0,0.1244
CT009808,Zone_02,Zone_05,0.3679,0.0754,0.1187,0.1546,0.0723,0.3679,0.0,0.1895,0.0216,0.0,0.0
CT006658,Zone_10,Zone_05,0.5709,0.0,0.0,0.0,0.1683,0.5709,0.0,0.1604,0.1005,0.0,0.0
CT004598,Zone_01,Zone_05,0.3031,0.1865,0.1468,0.0,0.0893,0.3031,0.0,0.0213,0.0534,0.0,0.1996
CT010168,Zone_07,Zone_02,0.1388,0.0964,0.1388,0.1316,0.1033,0.0717,0.1277,0.11,0.1089,0.0262,0.0856
CT018473,Zone_07,Zone_10,0.1591,0.088,0.1265,0.116,0.1061,0.1035,0.0582,0.1351,0.1076,0.0,0.1591
CT009139,Zone_04,Zone_05,0.2784,0.1402,0.1348,0.1276,0.0448,0.2784,0.023,0.1031,0.098,0.0,0.05
CT012319,Zone_08,Zone_03,0.3958,0.0,0.228,0.3958,0.0,0.0,0.0,0.0662,0.0,0.0,0.3101
CT002985,Zone_02,Zone_01,0.1141,0.1141,0.0883,0.0883,0.1037,0.1139,0.1113,0.0978,0.0876,0.1007,0.0942
CT013881,Zone_08,Zone_01,0.1507,0.1507,0.0996,0.1317,0.1126,0.0392,0.0978,0.1046,0.1155,0.0322,0.1161
CT013990,Zone_01,Zone_03,0.3206,0.1304,0.1231,0.3206,0.1499,0.0424,0.0385,0.1429,0.0522,0.0,0.0
CT006237,Zone_08,Zone_01,0.1141,0.1141,0.0883,0.0883,0.1037,0.1139,0.1113,0.0978,0.0876,0.1007,0.0942
CT013521,Zone_07,Zone_03,0.197,0.0961,0.0908,0.197,0.129,0.0625,0.0,0.1361,0.165,0.0,0.1235
CT001735,Zone_07,Zone_01,0.1141,0.1141,0.0883,0.0883,0.1037,0.1139,0.1113,0.0978,0.0876,0.1007,0.0942
CT010590,Zone_07,Zone_04,0.2078,0.1928,0.0569,0.0823,0.2078,0.0783,0.0356,0.1706,0.1241,0.0,0.0516
CT003933,Zone_07,Zone_02,0.5916,0.0,0.5916,0.0,0.0,0.0,0.0,0.0858,0.3226,0.0,0.0
CT016653,Zone_07,Zone_05,0.3679,0.0754,0.1187,0.1546,0.0723,0.3679,0.0,0.1895,0.0216,0.0,0.0
CT016290,Zone_07,Zone_09,0.7402,0.0,0.1091,0.0,0.0,0.0,0.0,0.0317,0.119,0.7402,0.0
CT019126,Zone_07,Zone_08,0.2333,0.1133,0.1069,0.0309,0.0868,0.2209,0.0334,0.0776,0.2333,0.0,0.0969
CT006243,Zone_02,Zone_04,0.3056,0.2126,0.0558,0.0,0.3056,0.1152,0.0,0.1133,0.1217,0.0,0.0758
CT006276,Zone_08,Zone_01,0.1141,0.1141,0.0883,0.0883,0.1037,0.1139,0.1113,0.0978,0.0876,0.1007,0.0942
CT013067,Zone_07,Zone_04,0.4332,0.0,0.0,0.4117,0.4332,0.0,0.0,0.0688,0.0862,0.0,0.0
CT010364,Zone_08,Zone_01,0.2138,0.2138,0.1346,0.0584,0.0819,0.0,0.0,0.166,0.208,0.0,0.1373
CT002861,Zone_08,Zone_02,0.1388,0.0964,0.1388,0.1316,0.1033,0.0717,0.1277,0.11,0.1089,0.0262,0.0856
CT011013,Zone_08,Zone_02,0.1388,0.0964,0.1388,0.1316,0.1033,0.0717,0.1277,0.11,0.1089,0.0262,0.0856
CT012307,Zone_04,Zone_03,0.1402,0.1303,0.1153,0.1402,0.1202,0.0953,0.0817,0.093,0.109,0.0174,0.0976
CT008947,Zone_02,Zone_04,0.6111,0.0,0.0,0.0,0.6111,0.0,0.0,0.1456,0.2433,0.0,0.0
CT015517,Zone_08,Zone_06,0.224,0.1619,0.0637,0.0899,0.0776,0.0658,0.224,0.1017,0.1071,0.0,0.1083
CT004818,Zone_07,Zone_01,0.5671,0.5671,0.0,0.0,0.0,0.0,0.0,0.1295,0.0,0.0,0.3034
CT009541,Zone_10,Zone_09,0.1658,0.132,0.1039,0.0795,0.1041,0.0757,0.0916,0.0886,0.1088,0.1658,0.0498
CT002882,Zone_03,Zone_04,0.367,0.0,0.0,0.157,0.367,0.0,0.0,0.2624,0.1315,0.0,0.082
CT014259,Zone_08,Zone_05,0.4844,0.149,0.0,0.0,0.0,0.4844,0.0,0.0681,0.2985,0.0,0.0
CT019176,Zone_04,Zone_02,0.7204,0.0,0.7204,0.0,0.1096,0.0,0.0,0.1045,0.0655,0.0,0.0
CT011711,Zone_08,Zone_04,0.1798,0.0577,0.1136,0.1578,0.1798,0.0469,0.0852,0.1352,0.1156,0.0,0.1081
CT014212,Zone_07,Zone_09,0.5116,0.0,0.1508,0.1309,0.0,0.0,0.0,0.0219,0.0822,0.5116,0.1025
CT015588,Zone_04,Zone_06,0.5605,0.0,0.0,0.0,0.182,0.0,0.5605,0.0,0.0543,0.0,0.2032
CT016082,Zone_08,Zone_05,0.1586,0.0976,0.1097,0.1048,0.0868,0.1586,0.144,0.0923,0.0718,0.0,0.1343
CT016782,Zone_07,Zone_01,0.1403,0.1403,0.0759,0.1078,0.1092,0.114,0.1293,0.1201,0.1003,0.0,0.1032
CT010115,Zone_02,Zone_01,0.1507,0.1507,0.0996,0.1317,0.1126,0.0392,0.0978,0.1046,0.1155,0.0322,0.1161
CT005303,Zone_07,Zone_10,0.3251,0.0,0.0,0.1037,0.0728,0.2469,0.0,0.2081,0.0435,0.0,0.3251
CT007219,Zone_04,Zone_10,0.1591,0.088,0.1265,0.116,0.1061,0.1035,0.0582,0.1351,0.1076,0.0,0.1591
CT002069,Zone_04,Zone_01,0.1141,0.1141,0.0883,0.0883,0.1037,0.1139,0.1113,0.0978,0.0876,0.1007,0.0942
CT006548,Zone_08,Zone_06,0.809,0.0,0.0539,0.0,0.0,0.0,0.809,0.0782,0.0588,0.0,0.0
CT008348,Zone_03,Zone_02,0.6652,0.0,0.6652,0.0,0.0,0.0,0.0,0.0483,0.0605,0.0,0.2261
CT017634,Zone_06,Zone_10,0.1591,0.088,0.1265,0.116,0.1061,0.1035,0.0582,0.1351,0.1076,0.0,0.1591
CT008474,Zone_02,Zone_02,0.166,0.1356,0.166,0.0926,0.13,0.0735,0.1334,0.0654,0.0905,0.0,0.1129
CT011210,Zone_03,Zone_09,0.6237,0.0584,0.0689,0.0399,0.056,0.0,0.0,0.0467,0.0752,0.6237,0.0313
CT013970,Zone_07,Zone_10,0.1249,0.1068,0.0762,0.1171,0.094,0.105,0.0696,0.1202,0.1066,0.0796,0.1249
CT019308,Zone_03,Zone_01,0.1733,0.1733,0.0909,0.1315,0.0646,0.1565,0.0284,0.1539,0.0771,0.0,0.1237
CT003495,Zone_03,Zone_02,0.1388,0.0964,0.1388,0.1316,0.1033,0.0717,0.1277,0.11,0.1089,0.0262,0.0856
CT000064,Zone_07,Zone_10,0.3863,0.0,0.284,0.0,0.0,0.0,0.0,0.3297,0.0,0.0,0.3863
CT006218,Zone_08,Zone_04,0.3836,0.089,0.07,0.0,0.3836,0.0,0.0,0.3047,0.1527,0.0,0.0
CT004015,Zone_07,Zone_06,0.2024,0.0915,0.1439,0.0625,0.1314,0.0743,0.2024,0.1044,0.0916,0.0,0.0979
CT016527,Zone_01,Zone_06,0.2966,0.0,0.1581,0.0,0.1926,0.0,0.2966,0.1377,0.0,0.0,0.2151
CT017842,Zone_08,Zone_01,0.1723,0.1723,0.0775,0.1009,0.1061,0.06,0.0908,0.0927,0.1549,0.0,0.1449
CT011807,Zone_08,Zone_10,0.2388,0.0837,0.0439,0.0571,0.1603,0.136,0.0412,0.1274,0.1117,0.0,0.2388
CT017379,Zone_08,Zone_03,0.5438,0.0,0.0,0.5438,0.0954,0.0,0.0,0.0909,0.0569,0.0,0.213
CT007009,Zone_02,Zone_01,0.1141,0.1141,0.0883,0.0883,0.1037,0.1139,0.1113,0.0978,0.0876,0.1007,0.0942
CT014096,Zone_05,Zone_05,0.1425,0.1169,0.1117,0.0884,0.088,0.1425,0.1232,0.1011,0.1075,0.0223,0.0983
CT011290,Zone_01,Zone_01,0.4793,0.4793,0.0,0.0,0.0,0.0,0.0,0.1094,0.4113,0.0,0.0
CT013314,Zone_07,Zone_05,0.1586,0.0976,0.1097,0.1048,0.0868,0.1586,0.144,0.0923,0.0718,0.0,0.1343
CT001991,Zone_03,Zone_04,0.1457,0.1204,0.1446,0.1341,0.1457,0.0721,0.0841,0.1085,0.0888,0.0,0.1017
CT004874,Zone_07,Zone_10,0.1737,0.1025,0.1076,0.1342,0.1105,0.0972,0.0756,0.1131,0.0855,0.0,0.1737
CT015461,Zone_08,Zone_01,0.1141,0.1141,0.0883,0.0883,0.1037,0.1139,0.1113,0.0978,0.0876,0.1007,0.0942
CT015725,Zone_10,Zone_01,0.1141,0.1141,0.0883,0.0883,0.1037,0.1139,0.1113,0.0978,0.0876,0.1007,0.0942
CT000090,Zone_07,Zone_01,0.1403,0.1403,0.0759,0.1078,0.1092,0.114,0.1293,0.1201,0.1003,0.0,0.1032
CT010716,Zone_04,Zone_03,0.1402,0.1303,0.1153,0.1402,0.1202,0.0953,0.0817,0.093,0.109,0.0174,0.0976
CT016894,Zone_01,Zone_09,0.4778,0.179,0.0704,0.0611,0.0429,0.0,0.0,0.0409,0.128,0.4778,0.0
CT005889,Zone_07,Zone_06,0.3067,0.2078,0.1635,0.0,0.0996,0.0,0.3067,0.0,0.0,0.0,0.2224
CT017869,Zone_08,Zone_10,0.1737,0.1025,0.1076,0.1342,0.1105,0.0972,0.0756,0.1131,0.0855,0.0,0.1737
CT013363,Zone_04,Zone_01,0.1141,0.1141,0.0883,0.0883,0.1037,0.1139,0.1113,0.0978,0.0876,0.1007,0.0942
CT014632,Zone_02,Zone_01,0.1141,0.1141,0.0883,0.0883,0.1037,0.1139,0.1113,0.0978,0.0876,0.1007,0.0942
CT002899,Zone_08,Zone_05,0.2043,0.1109,0.0815,0.0859,0.0815,0.2043,0.0764,0.0962,0.0973,0.079,0.087
CT017988,Zone_04,Zone_05,0.3551,0.2185,0.0,0.0,0.314,0.3551,0.0,0.0499,0.0625,0.0,0.0
CT014342,Zone_04,Zone_03,0.5935,0.0,0.0,0.5935,0.2081,0.0,0.0,0.1984,0.0,0.0,0.0
CT001947,Zone_01,Zone_01,0.3006,0.3006,0.0,0.0411,0.0576,0.0,0.2661,0.1373,0.0688,0.0,0.1286
CT011856,Zone_04,Zone_01,0.1141,0.1141,0.0883,0.0883,0.1037,0.1139,0.1113,0.0978,0.0876,0.1007,0.0942
CT009872,Zone_07,Zone_09,0.2122,0.1034,0.0876,0.1086,0.0609,0.0388,0.1056,0.1053,0.0842,0.2122,0.0936
CT015536,Zone_03,Zone_03,0.1402,0.1303,0.1153,0.1402,0.1202,0.0953,0.0817,0.093,0.109,0.0174,0.0976
CT010969,Zone_08,Zone_10,0.1569,0.0838,0.0989,0.1073,0.1254,0.0511,0.1391,0.1267,0.1109,0.0,0.1569
CT004093,Zone_07,Zone_09,0.6687,0.1253,0.0986,0.0,0.0,0.0,0.0,0.0,0.1075,0.6687,0.0
CT014011,Zone_06,Zone_10,0.3029,0.1348,0.1061,0.1013,0.0646,0.0219,0.0597,0.1047,0.1041,0.0,0.3029
CT015689,Zone_04,Zone_01,0.1733,0.1733,0.0909,0.1315,0.0646,0.1565,0.0284,0.1539,0.0771,0.0,0.1237
CT016265,Zone_10,Zone_05,0.2171,0.0742,0.0701,0.1014,0.0356,0.2171,0.1752,0.0678,0.1316,0.0,0.1271
CT013950,Zone_08,Zone_07,0.1716,0.1378,0.1479,0.0428,0.09,0.1425,0.0555,0.1716,0.1183,0.0669,0.0268
CT006116,Zone_07,Zone_03,0.3206,0.1304,0.1231,0.3206,0.1499,0.0424,0.0385,0.1429,0.0522,0.0,0.0
CT012962,Zone_08,Zone_10,0.2151,0.1675,0.0659,0.0687,0.1284,0.0545,0.0989,0.1339,0.0671,0.0,0.2151
CT011610,Zone_02,Zone_04,0.184,0.1397,0.0824,0.0477,0.184,0.1703,0.0515,0.1196,0.1299,0.0,0.0747
CT019323,Zone_07,Zone_07,0.1716,0.1378,0.1479,0.0428,0.09,0.1425,0.0555,0.1716,0.1183,0.0669,0.0268
CT003978,Zone_03,Zone_03,0.197,0.0961,0.0908,0.197,0.129,0.0625,0.0,0.1361,0.165,0.0,0.1235
CT019559,Zone_07,Zone_08,0.2333,0.1133,0.1069,0.0309,0.0868,0.2209,0.0334,0.0776,0.2333,0.0,0.0969
CT010737,Zone_05,Zone_02,0.1388,0.0964,0.1388,0.1316,0.1033,0.0717,0.1277,0.11,0.1089,0.0262,0.0856
CT011712,Zone_02,Zone_06,0.1824,0.0742,0.0876,0.1013,0.0888,0.1406,0.1824,0.0903,0.1026,0.066,0.0661
CT009915,Zone_04,Zone_02,0.3812,0.0404,0.3812,0.1379,0.174,0.0,0.0596,0.083,0.0808,0.0,0.0432
CT013068,Zone_07,Zone_02,0.1388,0.0964,0.1388,0.1316,0.1033,0.0717,0.1277,0.11,0.1089,0.0262,0.0856
CT019907,Zone_07,Zone_10,0.1973,0.0691,0.0181,0.1259,0.1546,0.1873,0.0,0.1158,0.1319,0.0,0.1973
CT019133,Zone_07,Zone_05,0.2043,0.1109,0.0815,0.0859,0.0815,0.2043,0.0764,0.0962,0.0973,0.079,0.087
CT010738,Zone_05,Zone_06,0.6287,0.2131,0.0,0.0,0.0,0.0,0.6287,0.0973,0.061,0.0,0.0
CT005095,Zone_09,Zone_06,0.3213,0.0726,0.1142,0.0991,0.1391,0.118,0.3213,0.0166,0.0415,0.0,0.0777
CT006646,Zone_03,Zone_04,0.3056,0.2126,0.0558,0.0,0.3056,0.1152,0.0,0.1133,0.1217,0.0,0.0758
CT011147,Zone_03,Zone_10,0.1973,0.0691,0.0181,0.1259,0.1546,0.1873,0.0,0.1158,0.1319,0.0,0.1973
CT012534,Zone_08,Zone_04,0.2332,0.0304,0.1676,0.0623,0.2332,0.0495,0.0898,0.1389,0.1306,0.0,0.0977
CT006598,Zone_04,Zone_04,0.2332,0.0304,0.1676,0.0623,0.2332,0.0495,0.0898,0.1389,0.1306,0.0,0.0977
CT009310,Zone_08,Zone_09,0.2401,0.1349,0.0354,0.0614,0.0754,0.0365,0.0663,0.077,0.1286,0.2401,0.1443
CT009437,Zone_04,Zone_01,0.1141,0.1141,0.0883,0.0883,0.1037,0.1139,0.1113,0.0978,0.0876,0.1007,0.0942
CT010226,Zone_08,Zone_01,0.1141,0.1141,0.0883,0.0883,0.1037,0.1139,0.1113,0.0978,0.0876,0.1007,0.0942
CT001570,Zone_08,Zone_05,0.2784,0.1402,0.1348,0.1276,0.0448,0.2784,0.023,0.1031,0.098,0.0,0.05
CT003766,Zone_07,Zone_03,0.4206,0.0,0.0,0.4206,0.0983,0.0,0.0,0.1875,0.2936,0.0,0.0
CT018944,Zone_07,Zone_06,0.5461,0.0,0.0,0.0722,0.152,0.0,0.5461,0.1087,0.121,0.0,0.0
CT008822,Zone_08,Zone_03,0.197,0.0961,0.0908,0.197,0.129,0.0625,0.0,0.1361,0.165,0.0,0.1235
CT010819,Zone_04,Zone_04,0.6637,0.0,0.0,0.0,0.6637,0.0,0.0,0.2373,0.0991,0.0,0.0
CT000795,Zone_02,Zone_05,0.2043,0.1109,0.0815,0.0859,0.0815,0.2043,0.0764,0.0962,0.0973,0.079,0.087
CT016322,Zone_08,Zone_05,0.2784,0.1402,0.1348,0.1276,0.0448,0.2784,0.023,0.1031,0.098,0.0,0.05
CT004128,Zone_08,Zone_05,0.2784,0.1402,0.1348,0.1276,0.0448,0.2784,0.023,0.1031,0.098,0.0,0.05
CT013384,Zone_02,Zone_10,0.2151,0.1675,0.0659,0.0687,0.1284,0.0545,0.0989,0.1339,0.0671,0.0,0.2151
CT018447,Zone_08,Zone_01,0.1141,0.1141,0.0883,0.0883,0.1037,0.1139,0.1113,0.0978,0.0876,0.1007,0.0942
CT001430,Zone_08,Zone_03,1.0,0.0,0.0,1.0,0.0,0.0,0.0,0.0,0.0,0.0,0.0
CT010609,Zone_10,Zone_01,0.1141,0.1141,0.0883,0.0883,0.1037,0.1139,0.1113,0.0978,0.0876,0.1007,0.0942
CT009341,Zone_02,Zone_10,0.1591,0.088,0.1265,0.116,0.1061,0.1035,0.0582,0.1351,0.1076,0.0,0.1591
CT018952,Zone_05,Zone_01,0.1141,0.1141,0.0883,0.0883,0.1037,0.1139,0.1113,0.0978,0.0876,0.1007,0.0942
CT009312,Zone_07,Zone_06,0.2102,0.1832,0.1121,0.0695,0.1073,0.0,0.2102,0.0604,0.1048,0.0,0.1525
CT001621,Zone_01,Zone_04,0.3836,0.089,0.07,0.0,0.3836,0.0,0.0,0.3047,0.1527,0.0,0.0
CT015044,Zone_07,Zone_02,0.1388,0.0964,0.1388,0.1316,0.1033,0.0717,0.1277,0.11,0.1089,0.0262,0.0856
CT001758,Zone_10,Zone_05,0.2199,0.0773,0.1217,0.1452,0.0648,0.2199,0.1141,0.0883,0.1272,0.0,0.0414
CT003423,Zone_08,Zone_01,0.2138,0.2138,0.1346,0.0584,0.0819,0.0,0.0,0.166,0.208,0.0,0.1373
CT018346,Zone_04,Zone_06,0.4769,0.0,0.0,0.2207,0.1548,0.0,0.4769,0.1476,0.0,0.0,0.0
CT014099,Zone_06,Zone_06,0.1824,0.0742,0.0876,0.1013,0.0888,0.1406,0.1824,0.0903,0.1026,0.066,0.0661
CT007014,Zone_08,Zone_05,0.2675,0.0823,0.0863,0.1686,0.0526,0.2675,0.081,0.0814,0.0628,0.0,0.1174
CT005623,Zone_08,Zone_10,0.5741,0.0,0.2111,0.0,0.0,0.0,0.0,0.0613,0.1535,0.0,0.5741
CT010428,Zone_07,Zone_02,0.1388,0.0964,0.1388,0.1316,0.1033,0.0717,0.1277,0.11,0.1089,0.0262,0.0856
CT012686,Zone_08,Zone_05,0.4576,0.0,0.2215,0.1923,0.0,0.4576,0.0,0.1286,0.0,0.0,0.0
CT015527,Zone_08,Zone_02,0.9324,0.0,0.9324,0.0,0.0,0.0,0.0,0.0676,0.0,0.0,0.0
CT012808,Zone_06,Zone_06,0.5618,0.0,0.0,0.26,0.0912,0.0,0.5618,0.0869,0.0,0.0,0.0
CT013627,Zone_08,Zone_03,0.1402,0.1303,0.1153,0.1402,0.1202,0.0953,0.0817,0.093,0.109,0.0174,0.0976
CT017569,Zone_03,Zone_03,0.5695,0.0,0.0,0.5695,0.1331,0.0,0.0,0.0,0.0,0.0,0.2974
CT014825,Zone_08,Zone_06,0.5461,0.0,0.0,0.0722,0.152,0.0,0.5461,0.1087,0.121,0.0,0.0
CT010594,Zone_08,Zone_10,0.7575,0.0,0.0,0.0,0.0,0.0,0.0,0.2425,0.0,0.0,0.7575
CT019721,Zone_08,Zone_03,0.6329,0.0,0.0,0.6329,0.0,0.0,0.0,0.0529,0.0663,0.0,0.2479
CT015392,Zone_04,Zone_10,0.4554,0.0,0.0,0.0,0.2039,0.0,0.0,0.0972,0.2435,0.0,0.4554
CT015319,Zone_08,Zone_09,0.2122,0.1034,0.0876,0.1086,0.0609,0.0388,0.1056,0.1053,0.0842,0.2122,0.0936
CT004930,Zone_04,Zone_06,0.2431,0.1177,0.1296,0.1125,0.1691,0.0383,0.2431,0.1021,0.0875,0.0,0.0
CT006434,Zone_06,Zone_02,0.1601,0.0872,0.1601,0.1191,0.0835,0.1417,0.0,0.1261,0.158,0.0,0.1244
CT016898,Zone_09,Zone_02,0.1388,0.0964,0.1388,0.1316,0.1033,0.0717,0.1277,0.11,0.1089,0.0262,0.0856
CT010083,Zone_03,Zone_01,0.2019,0.2019,0.0927,0.1839,0.0887,0.0273,0.0993,0.1114,0.0867,0.0,0.108
CT003896,Zone_08,Zone_01,0.1507,0.1507,0.0996,0.1317,0.1126,0.0392,0.0978,0.1046,0.1155,0.0322,0.1161
CT000653,Zone_08,Zone_06,0.5979,0.0,0.1594,0.1384,0.0,0.0,0.5979,0.0463,0.058,0.0,0.0
CT014148,Zone_06,Zone_02,0.3341,0.0,0.3341,0.0414,0.2034,0.0986,0.0,0.0969,0.2256,0.0,0.0
CT000362,Zone_03,Zone_04,0.514,0.0,0.2814,0.0,0.514,0.0,0.0,0.0,0.2046,0.0,0.0
CT000191,Zone_10,Zone_10,0.1591,0.088,0.1265,0.116,0.1061,0.1035,0.0582,0.1351,0.1076,0.0,0.1591
CT003823,Zone_07,Zone_10,0.1737,0.1025,0.1076,0.1342,0.1105,0.0972,0.0756,0.1131,0.0855,0.0,0.1737
CT004182,Zone_03,Zone_09,0.3855,0.0181,0.1279,0.111,0.0432,0.0,0.1066,0.1072,0.062,0.3855,0.0386
CT011508,Zone_02,Zone_07,0.1716,0.1378,0.1479,0.0428,0.09,0.1425,0.0555,0.1716,0.1183,0.0669,0.0268
CT019163,Zone_04,Zone_02,0.2493,0.1056,0.2493,0.101,0.0911,0.0,0.2182,0.0868,0.1027,0.0,0.0452
CT003282,Zone_02,Zone_01,0.1141,0.1141,0.0883,0.0883,0.1037,0.1139,0.1113,0.0978,0.0876,0.1007,0.0942
CT009122,Zone_10,Zone_07,0.1716,0.1378,0.1479,0.0428,0.09,0.1425,0.0555,0.1716,0.1183,0.0669,0.0268
CT004071,Zone_05,Zone_02,0.2493,0.1056,0.2493,0.101,0.0911,0.0,0.2182,0.0868,0.1027,0.0,0.0452
CT010374,Zone_04,Zone_01,0.1141,0.1141,0.0883,0.0883,0.1037,0.1139,0.1113,0.0978,0.0876,0.1007,0.0942
CT015633,Zone_03,Zone_01,0.1141,0.1141,0.0883,0.0883,0.1037,0.1139,0.1113,0.0978,0.0876,0.1007,0.0942
CT010171,Zone_07,Zone_01,0.1141,0.1141,0.0883,0.0883,0.1037,0.1139,0.1113,0.0978,0.0876,0.1007,0.0942
CT013486,Zone_07,Zone_03,0.6988,0.0,0.161,0.6988,0.0,0.0,0.0,0.1402,0.0,0.0,0.0
CT019924,Zone_08,Zone_10,0.1591,0.088,0.1265,0.116,0.1061,0.1035,0.0582,0.1351,0.1076,0.0,0.1591
CT018401,Zone_07,Zone_03,0.6988,0.0,0.161,0.6988,0.0,0.0,0.0,0.1402,0.0,0.0,0.0
CT010338,Zone_06,Zone_05,0.1743,0.1475,0.1161,0.0549,0.1092,0.1743,0.0396,0.1041,0.0537,0.1432,0.0574
CT010145,Zone_07,Zone_03,0.3206,0.1304,0.1231,0.3206,0.1499,0.0424,0.0385,0.1429,0.0522,0.0,0.0
CT016887,Zone_07,Zone_03,0.6329,0.0,0.0,0.6329,0.0,0.0,0.0,0.0529,0.0663,0.0,0.2479
CT007392,Zone_02,Zone_10,0.1249,0.1068,0.0762,0.1171,0.094,0.105,0.0696,0.1202,0.1066,0.0796,0.1249
CT010780,Zone_08,Zone_02,0.1388,0.0964,0.1388,0.1316,0.1033,0.0717,0.1277,0.11,0.1089,0.0262,0.0856
CT004097,Zone_07,Zone_10,0.6691,0.0,0.164,0.0,0.0,0.0,0.0,0.0476,0.1193,0.0,0.6691
CT009234,Zone_06,Zone_05,0.1425,0.1169,0.1117,0.0884,0.088,0.1425,0.1232,0.1011,0.1075,0.0223,0.0983
CT015785,Zone_08,Zone_05,0.1425,0.1169,0.1117,0.0884,0.088,0.1425,0.1232,0.1011,0.1075,0.0223,0.0983
CT003966,Zone_03,Zone_05,0.5247,0.0,0.0,0.0,0.3093,0.5247,0.0,0.0737,0.0924,0.0,0.0
CT010040,Zone_07,Zone_05,0.2199,0.0773,0.1217,0.1452,0.0648,0.2199,0.1141,0.0883,0.1272,0.0,0.0414
CT014419,Zone_08,Zone_06,0.8662,0.0,0.0,0.1002,0.0,0.0,0.8662,0.0335,0.0,0.0,0.0
CT005080,Zone_07,Zone_05,0.2171,0.0742,0.0701,0.1014,0.0356,0.2171,0.1752,0.0678,0.1316,0.0,0.1271
CT009522,Zone_08,Zone_05,0.4518,0.139,0.1094,0.0,0.0,0.4518,0.0,0.0317,0.1193,0.0,0.1487
CT012067,Zone_03,Zone_10,0.1249,0.1068,0.0762,0.1171,0.094,0.105,0.0696,0.1202,0.1066,0.0796,0.1249
CT015529,Zone_07,Zone_01,0.4706,0.4706,0.1234,0.2143,0.0751,0.0,0.0,0.0716,0.0449,0.0,0.0
CT011378,Zone_04,Zone_04,0.8935,0.0,0.0,0.0,0.8935,0.0,0.0,0.1065,0.0,0.0,0.0
CT016808,Zone_02,Zone_01,0.1507,0.1507,0.0996,0.1317,0.1126,0.0392,0.0978,0.1046,0.1155,0.0322,0.1161
CT018155,Zone_08,Zone_02,0.1388,0.0964,0.1388,0.1316,0.1033,0.0717,0.1277,0.11,0.1089,0.0262,0.0856
CT019041,Zone_07,Zone_03,0.1402,0.1303,0.1153,0.1402,0.1202,0.0953,0.0817,0.093,0.109,0.0174,0.0976
CT006179,Zone_05,Zone_02,0.1388,0.0964,0.1388,0.1316,0.1033,0.0717,0.1277,0.11,0.1089,0.0262,0.0856
CT004385,Zone_07,Zone_10,0.1569,0.0838,0.0989,0.1073,0.1254,0.0511,0.1391,0.1267,0.1109,0.0,0.1569
CT011134,Zone_10,Zone_05,0.7211,0.0,0.0,0.0,0.0,0.7211,0.0,0.152,0.1269,0.0,0.0
CT018654,Zone_04,Zone_10,0.1249,0.1068,0.0762,0.1171,0.094,0.105,0.0696,0.1202,0.1066,0.0796,0.1249
CT010405,Zone_01,Zone_07,0.8272,0.0,0.0,0.0,0.0,0.0,0.0,0.8272,0.1728,0.0,0.0
CT006953,Zone_03,Zone_04,0.1798,0.0577,0.1136,0.1578,0.1798,0.0469,0.0852,0.1352,0.1156,0.0,0.1081
CT013896,Zone_07,Zone_04,0.4332,0.0,0.0,0.4117,0.4332,0.0,0.0,0.0688,0.0862,0.0,0.0
CT012120,Zone_04,Zone_02,0.3812,0.0404,0.3812,0.1379,0.174,0.0,0.0596,0.083,0.0808,0.0,0.0432
CT018213,Zone_01,Zone_05,0.1425,0.1169,0.1117,0.0884,0.088,0.1425,0.1232,0.1011,0.1075,0.0223,0.0983
CT012369,Zone_08,Zone_02,0.3867,0.1229,0.3867,0.0559,0.0392,0.0,0.0604,0.159,0.1758,0.0,0.0
CT012986,Zone_07,Zone_01,0.1141,0.1141,0.0883,0.0883,0.1037,0.1139,0.1113,0.0978,0.0876,0.1007,0.0942
CT002103,Zone_07,Zone_05,0.6673,0.0,0.0,0.0,0.0983,0.6673,0.0,0.2344,0.0,0.0,0.0
CT014300,Zone_07,Zone_02,0.2082,0.1323,0.2082,0.2033,0.0951,0.0,0.0488,0.1209,0.0852,0.0,0.1062
CT003500,Zone_07,Zone_10,0.5149,0.0,0.0,0.2191,0.0,0.0,0.0,0.0366,0.2294,0.0,0.5149
CT011952,Zone_08,Zone_10,0.1569,0.0838,0.0989,0.1073,0.1254,0.0511,0.1391,0.1267,0.1109,0.0,0.1569
CT005836,Zone_03,Zone_02,0.3951,0.3013,0.3951,0.0686,0.0,0.0,0.0,0.2064,0.0287,0.0,0.0
CT014861,Zone_04,Zone_02,0.1388,0.0964,0.1388,0.1316,0.1033,0.0717,0.1277,0.11,0.1089,0.0262,0.0856
CT004984,Zone_03,Zone_05,0.2784,0.1402,0.1348,0.1276,0.0448,0.2784,0.023,0.1031,0.098,0.0,0.05
CT008618,Zone_08,Zone_05,0.4305,0.1766,0.0695,0.0603,0.0423,0.4305,0.0,0.0,0.1263,0.0,0.0945
CT000751,Zone_04,Zone_05,0.2171,0.0742,0.0701,0.1014,0.0356,0.2171,0.1752,0.0678,0.1316,0.0,0.1271
CT018877,Zone_02,Zone_04,0.6114,0.0,0.0,0.0,0.6114,0.0,0.0,0.3886,0.0,0.0,0.0
CT010720,Zone_07,Zone_03,0.3206,0.1304,0.1231,0.3206,0.1499,0.0424,0.0385,0.1429,0.0522,0.0,0.0
CT017128,Zone_07,Zone_10,0.1249,0.1068,0.0762,0.1171,0.094,0.105,0.0696,0.1202,0.1066,0.0796,0.1249
CT002099,Zone_03,Zone_02,0.1388,0.0964,0.1388,0.1316,0.1033,0.0717,0.1277,0.11,0.1089,0.0262,0.0856
CT011570,Zone_07,Zone_01,0.1723,0.1723,0.0775,0.1009,0.1061,0.06,0.0908,0.0927,0.1549,0.0,0.1449
CT015195,Zone_07,Zone_06,0.6953,0.0,0.0,0.1073,0.0,0.0,0.6953,0.1076,0.0899,0.0,0.0
CT015879,Zone_08,Zone_02,0.2466,0.0,0.2466,0.214,0.075,0.0,0.0,0.1789,0.2017,0.0,0.0838
CT005914,Zone_04,Zone_10,0.1973,0.0691,0.0181,0.1259,0.1546,0.1873,0.0,0.1158,0.1319,0.0,0.1973
CT003795,Zone_07,Zone_06,0.2914,0.1128,0.0222,0.0771,0.0541,0.0917,0.2914,0.1353,0.0646,0.0,0.1509
CT017331,Zone_05,Zone_04,0.2332,0.0304,0.1676,0.0623,0.2332,0.0495,0.0898,0.1389,0.1306,0.0,0.0977
CT018856,Zone_08,Zone_03,0.6917,0.0,0.0,0.6917,0.0,0.0,0.0,0.3083,0.0,0.0,0.0
CT018202,Zone_04,Zone_01,0.1141,0.1141,0.0883,0.0883,0.1037,0.1139,0.1113,0.0978,0.0876,0.1007,0.0942
CT000174,Zone_10,Zone_06,0.2431,0.1177,0.1296,0.1125,0.1691,0.0383,0.2431,0.1021,0.0875,0.0,0.0
CT001803,Zone_03,Zone_06,0.6953,0.0,0.0,0.1073,0.0,0.0,0.6953,0.1076,0.0899,0.0,0.0
CT013328,Zone_04,Zone_05,0.1425,0.1169,0.1117,0.0884,0.088,0.1425,0.1232,0.1011,0.1075,0.0223,0.0983
CT008666,Zone_08,Zone_10,0.1569,0.0838,0.0989,0.1073,0.1254,0.0511,0.1391,0.1267,0.1109,0.0,0.1569
CT014321,Zone_07,Zone_10,0.1249,0.1068,0.0762,0.1171,0.094,0.105,0.0696,0.1202,0.1066,0.0796,0.1249
CT003453,Zone_02,Zone_09,0.2401,0.1349,0.0354,0.0614,0.0754,0.0365,0.0663,0.077,0.1286,0.2401,0.1443
CT009696,Zone_05,Zone_05,0.2171,0.0742,0.0701,0.1014,0.0356,0.2171,0.1752,0.0678,0.1316,0.0,0.1271
CT016332,Zone_07,Zone_03,0.3407,0.1663,0.0,0.3407,0.0398,0.0,0.0,0.2278,0.0476,0.0,0.1779
CT016970,Zone_07,Zone_06,0.2661,0.0,0.1419,0.0924,0.0864,0.1466,0.2661,0.0927,0.0774,0.0,0.0965
CT004309,Zone_10,Zone_09,0.6237,0.0584,0.0689,0.0399,0.056,0.0,0.0,0.0467,0.0752,0.6237,0.0313
CT003767,Zone_07,Zone_01,0.1141,0.1141,0.0883,0.0883,0.1037,0.1139,0.1113,0.0978,0.0876,0.1007,0.0942
CT002639,Zone_07,Zone_01,0.1141,0.1141,0.0883,0.0883,0.1037,0.1139,0.1113,0.0978,0.0876,0.1007,0.0942
CT006193,Zone_01,Zone_06,0.2914,0.1128,0.0222,0.0771,0.0541,0.0917,0.2914,0.1353,0.0646,0.0,0.1509
CT012296,Zone_07,Zone_01,0.1141,0.1141,0.0883,0.0883,0.1037,0.1139,0.1113,0.0978,0.0876,0.1007,0.0942
CT007395,Zone_06,Zone_05,0.1586,0.0976,0.1097,0.1048,0.0868,0.1586,0.144,0.0923,0.0718,0.0,0.1343
CT010778,Zone_08,Zone_09,0.4326,0.0608,0.0159,0.0968,0.0582,0.0329,0.0299,0.0601,0.1043,0.4326,0.1084
CT006578,Zone_07,Zone_02,0.3812,0.0404,0.3812,0.1379,0.174,0.0,0.0596,0.083,0.0808,0.0,0.0432
CT019074,Zone_09,Zone_04,0.1798,0.0577,0.1136,0.1578,0.1798,0.0469,0.0852,0.1352,0.1156,0.0,0.1081
CT015095,Zone_07,Zone_06,0.3881,0.0,0.0,0.1797,0.252,0.0,0.3881,0.1802,0.0,0.0,0.0
CT017221,Zone_07,Zone_02,0.4034,0.0,0.4034,0.0,0.0,0.0,0.0,0.1756,0.1467,0.0,0.2743
CT005042,Zone_03,Zone_10,0.1249,0.1068,0.0762,0.1171,0.094,0.105,0.0696,0.1202,0.1066,0.0796,0.1249
CT009781,Zone_01,Zone_09,0.8642,0.0,0.0,0.0,0.0388,0.0,0.0,0.0739,0.0232,0.8642,0.0
CT002504,Zone_07,Zone_01,0.7292,0.7292,0.0,0.0,0.0,0.0,0.0,0.1665,0.1043,0.0,0.0
CT006335,Zone_07,Zone_08,0.241,0.0,0.1105,0.1918,0.0673,0.0,0.2072,0.0321,0.241,0.0,0.1502
CT016667,Zone_07,Zone_10,0.3981,0.0,0.0,0.3812,0.1782,0.0,0.0,0.0425,0.0,0.0,0.3981
CT018425,Zone_07,Zone_05,0.2784,0.1402,0.1348,0.1276,0.0448,0.2784,0.023,0.1031,0.098,0.0,0.05
CT005892,Zone_07,Zone_09,0.3083,0.0,0.0454,0.0789,0.2213,0.1877,0.0,0.0923,0.0661,0.3083,0.0
CT015586,Zone_08,Zone_01,0.337,0.337,0.0994,0.1438,0.1009,0.0,0.0,0.0962,0.1326,0.0,0.0901
CT012258,Zone_02,Zone_02,0.1388,0.0964,0.1388,0.1316,0.1033,0.0717,0.1277,0.11,0.1089,0.0262,0.0856
CT013842,Zone_07,Zone_06,0.6953,0.0,0.0,0.1073,0.0,0.0,0.6953,0.1076,0.0899,0.0,0.0
CT002692,Zone_05,Zone_06,0.5605,0.0,0.0,0.0,0.182,0.0,0.5605,0.0,0.0543,0.0,0.2032
CT009460,Zone_10,Zone_10,0.3029,0.1348,0.1061,0.1013,0.0646,0.0219,0.0597,0.1047,0.1041,0.0,0.3029
CT000065,Zone_07,Zone_06,0.3511,0.0,0.0,0.1625,0.2279,0.0,0.3511,0.0543,0.2042,0.0,0.0
CT000084,Zone_03,Zone_10,0.1591,0.088,0.1265,0.116,0.1061,0.1035,0.0582,0.1351,0.1076,0.0,0.1591
CT015701,Zone_06,Zone_04,0.2332,0.0304,0.1676,0.0623,0.2332,0.0495,0.0898,0.1389,0.1306,0.0,0.0977
CT015254,Zone_04,Zone_09,0.6237,0.0584,0.0689,0.0399,0.056,0.0,0.0,0.0467,0.0752,0.6237,0.0313
CT017290,Zone_07,Zone_05,0.4518,0.139,0.1094,0.0,0.0,0.4518,0.0,0.0317,0.1193,0.0,0.1487
CT015986,Zone_03,Zone_02,0.3035,0.1286,0.3035,0.0,0.0,0.0,0.1897,0.0294,0.0736,0.0,0.2752
CT015971,Zone_04,Zone_05,0.6673,0.0,0.0,0.0,0.0983,0.6673,0.0,0.2344,0.0,0.0,0.0
CT002144,Zone_07,Zone_06,0.224,0.1619,0.0637,0.0899,0.0776,0.0658,0.224,0.1017,0.1071,0.0,0.1083
CT011515,Zone_04,Zone_10,0.1249,0.1068,0.0762,0.1171,0.094,0.105,0.0696,0.1202,0.1066,0.0796,0.1249
CT003208,Zone_02,Zone_10,0.1737,0.1025,0.1076,0.1342,0.1105,0.0972,0.0756,0.1131,0.0855,0.0,0.1737
CT004411,Zone_05,Zone_02,0.1601,0.0872,0.1601,0.1191,0.0835,0.1417,0.0,0.1261,0.158,0.0,0.1244
CT017584,Zone_04,Zone_02,0.2695,0.0,0.2695,0.2339,0.1641,0.0,0.0,0.2346,0.098,0.0,0.0
CT007858,Zone_04,Zone_02,0.1388,0.0964,0.1388,0.1316,0.1033,0.0717,0.1277,0.11,0.1089,0.0262,0.0856
CT018243,Zone_08,Zone_08,0.3795,0.0,0.0,0.0,0.3177,0.0,0.0,0.3029,0.3795,0.0,0.0
CT000069,Zone_02,Zone_03,0.1402,0.1303,0.1153,0.1402,0.1202,0.0953,0.0817,0.093,0.109,0.0174,0.0976
CT017488,Zone_04,Zone_05,0.6673,0.0,0.0,0.0,0.0983,0.6673,0.0,0.2344,0.0,0.0,0.0
CT010642,Zone_07,Zone_10,0.1737,0.1025,0.1076,0.1342,0.1105,0.0972,0.0756,0.1131,0.0855,0.0,0.1737
CT002476,Zone_02,Zone_09,0.2401,0.1349,0.0354,0.0614,0.0754,0.0365,0.0663,0.077,0.1286,0.2401,0.1443
CT009149,Zone_05,Zone_01,0.1141,0.1141,0.0883,0.0883,0.1037,0.1139,0.1113,0.0978,0.0876,0.1007,0.0942
CT017686,Zone_08,Zone_04,0.1457,0.1204,0.1446,0.1341,0.1457,0.0721,0.0841,0.1085,0.0888,0.0,0.1017
CT014973,Zone_08,Zone_03,0.197,0.0961,0.0908,0.197,0.129,0.0625,0.0,0.1361,0.165,0.0,0.1235
CT010933,Zone_07,Zone_01,0.1141,0.1141,0.0883,0.0883,0.1037,0.1139,0.1113,0.0978,0.0876,0.1007,0.0942
CT018777,Zone_03,Zone_05,0.1586,0.0976,0.1097,0.1048,0.0868,0.1586,0.144,0.0923,0.0718,0.0,0.1343
CT007095,Zone_08,Zone_03,1.0,0.0,0.0,1.0,0.0,0.0,0.0,0.0,0.0,0.0,0.0
CT013522,Zone_07,Zone_05,0.458,0.0,0.2217,0.0,0.135,0.458,0.0,0.0643,0.1209,0.0,0.0
CT013427,Zone_10,Zone_09,0.9689,0.0,0.0,0.0,0.0,0.0,0.0,0.0138,0.0173,0.9689,0.0
CT015959,Zone_04,Zone_01,0.1723,0.1723,0.0775,0.1009,0.1061,0.06,0.0908,0.0927,0.1549,0.0,0.1449
CT005599,Zone_07,Zone_03,0.2748,0.0,0.1583,0.2748,0.0964,0.0,0.1484,0.0919,0.2302,0.0,0.0
CT002880,Zone_02,Zone_07,0.1716,0.1378,0.1479,0.0428,0.09,0.1425,0.0555,0.1716,0.1183,0.0669,0.0268
CT002520,Zone_01,Zone_10,0.1249,0.1068,0.0762,0.1171,0.094,0.105,0.0696,0.1202,0.1066,0.0796,0.1249
CT005807,Zone_07,Zone_09,0.2122,0.1034,0.0876,0.1086,0.0609,0.0388,0.1056,0.1053,0.0842,0.2122,0.0936
CT017485,Zone_06,Zone_10,0.1591,0.088,0.1265,0.116,0.1061,0.1035,0.0582,0.1351,0.1076,0.0,0.1591
CT008240,Zone_05,Zone_10,0.1249,0.1068,0.0762,0.1171,0.094,0.105,0.0696,0.1202,0.1066,0.0796,0.1249
CT006929,Zone_04,Zone_10,0.1249,0.1068,0.0762,0.1171,0.094,0.105,0.0696,0.1202,0.1066,0.0796,0.1249
CT002796,Zone_07,Zone_03,0.3206,0.1304,0.1231,0.3206,0.1499,0.0424,0.0385,0.1429,0.0522,0.0,0.0
CT003772,Zone_10,Zone_02,0.7146,0.0,0.7146,0.0,0.0,0.0,0.0,0.1555,0.1299,0.0,0.0
CT003708,Zone_08,Zone_02,0.1601,0.0872,0.1601,0.1191,0.0835,0.1417,0.0,0.1261,0.158,0.0,0.1244
CT000116,Zone_07,Zone_09,0.2401,0.1349,0.0354,0.0614,0.0754,0.0365,0.0663,0.077,0.1286,0.2401,0.1443
CT016609,Zone_02,Zone_03,0.3407,0.1663,0.0,0.3407,0.0398,0.0,0.0,0.2278,0.0476,0.0,0.1779
CT016481,Zone_07,Zone_10,0.2449,0.2288,0.0,0.0781,0.0731,0.062,0.1126,0.1132,0.0873,0.0,0.2449
CT001780,Zone_08,Zone_02,0.1388,0.0964,0.1388,0.1316,0.1033,0.0717,0.1277,0.11,0.1089,0.0262,0.0856
CT007346,Zone_07,Zone_09,0.5919,0.1109,0.0,0.1514,0.0,0.0,0.0,0.0506,0.0952,0.5919,0.0
CT002500,Zone_08,Zone_01,0.1141,0.1141,0.0883,0.0883,0.1037,0.1139,0.1113,0.0978,0.0876,0.1007,0.0942
CT009366,Zone_04,Zone_05,0.1743,0.1475,0.1161,0.0549,0.1092,0.1743,0.0396,0.1041,0.0537,0.1432,0.0574
CT017131,Zone_10,Zone_07,0.3191,0.0,0.2749,0.2386,0.1674,0.0,0.0,0.3191,0.0,0.0,0.0
CT017628,Zone_06,Zone_03,0.3206,0.1304,0.1231,0.3206,0.1499,0.0424,0.0385,0.1429,0.0522,0.0,0.0
CT018105,Zone_01,Zone_05,0.5709,0.0,0.0,0.0,0.1683,0.5709,0.0,0.1604,0.1005,0.0,0.0
CT003103,Zone_10,Zone_10,0.1249,0.1068,0.0762,0.1171,0.094,0.105,0.0696,0.1202,0.1066,0.0796,0.1249
CT003293,Zone_07,Zone_02,0.3917,0.0,0.3917,0.085,0.1192,0.0,0.1836,0.1137,0.1068,0.0,0.0
CT012046,Zone_07,Zone_05,0.1425,0.1169,0.1117,0.0884,0.088,0.1425,0.1232,0.1011,0.1075,0.0223,0.0983
CT014162,Zone_08,Zone_01,0.1141,0.1141,0.0883,0.0883,0.1037,0.1139,0.1113,0.0978,0.0876,0.1007,0.0942
CT015927,Zone_07,Zone_10,0.4261,0.0,0.0,0.0,0.0,0.3236,0.0,0.1364,0.1139,0.0,0.4261
CT012893,Zone_04,Zone_01,0.6779,0.6779,0.0,0.1543,0.0,0.0,0.0,0.1032,0.0646,0.0,0.0
CT011520,Zone_07,Zone_10,0.1591,0.088,0.1265,0.116,0.1061,0.1035,0.0582,0.1351,0.1076,0.0,0.1591
CT017752,Zone_04,Zone_04,0.8629,0.0,0.0,0.0,0.8629,0.0,0.0,0.1371,0.0,0.0,0.0
CT000775,Zone_02,Zone_04,0.3836,0.089,0.07,0.0,0.3836,0.0,0.0,0.3047,0.1527,0.0,0.0
CT014906,Zone_08,Zone_05,0.2199,0.0773,0.1217,0.1452,0.0648,0.2199,0.1141,0.0883,0.1272,0.0,0.0414
CT002820,Zone_06,Zone_09,0.5229,0.0,0.0,0.0669,0.0,0.1592,0.1445,0.0224,0.0841,0.5229,0.0
CT002726,Zone_07,Zone_01,0.1507,0.1507,0.0996,0.1317,0.1126,0.0392,0.0978,0.1046,0.1155,0.0322,0.1161
CT008661,Zone_04,Zone_01,0.1141,0.1141,0.0883,0.0883,0.1037,0.1139,0.1113,0.0978,0.0876,0.1007,0.0942
CT003178,Zone_05,Zone_09,0.8309,0.0,0.0,0.0,0.0,0.0,0.0,0.0355,0.1336,0.8309,0.0
CT004552,Zone_08,Zone_05,0.2043,0.1109,0.0815,0.0859,0.0815,0.2043,0.0764,0.0962,0.0973,0.079,0.087
CT014014,Zone_10,Zone_01,0.1141,0.1141,0.0883,0.0883,0.1037,0.1139,0.1113,0.0978,0.0876,0.1007,0.0942
CT014528,Zone_07,Zone_02,0.1388,0.0964,0.1388,0.1316,0.1033,0.0717,0.1277,0.11,0.1089,0.0262,0.0856
CT019865,Zone_07,Zone_01,0.1141,0.1141,0.0883,0.0883,0.1037,0.1139,0.1113,0.0978,0.0876,0.1007,0.0942
CT009880,Zone_04,Zone_05,0.1425,0.1169,0.1117,0.0884,0.088,0.1425,0.1232,0.1011,0.1075,0.0223,0.0983
CT017678,Zone_08,Zone_01,0.1141,0.1141,0.0883,0.0883,0.1037,0.1139,0.1113,0.0978,0.0876,0.1007,0.0942
CT000593,Zone_04,Zone_05,0.7144,0.0,0.1153,0.1001,0.0702,0.7144,0.0,0.0,0.0,0.0,0.0
CT006067,Zone_08,Zone_02,0.1388,0.0964,0.1388,0.1316,0.1033,0.0717,0.1277,0.11,0.1089,0.0262,0.0856
CT013672,Zone_06,Zone_03,0.1402,0.1303,0.1153,0.1402,0.1202,0.0953,0.0817,0.093,0.109,0.0174,0.0976
CT000628,Zone_03,Zone_10,0.2442,0.1521,0.1197,0.1558,0.1457,0.0,0.0,0.1389,0.0435,0.0,0.2442
CT012328,Zone_03,Zone_01,0.2019,0.2019,0.0927,0.1839,0.0887,0.0273,0.0993,0.1114,0.0867,0.0,0.108
CT018906,Zone_07,Zone_01,0.1141,0.1141,0.0883,0.0883,0.1037,0.1139,0.1113,0.0978,0.0876,0.1007,0.0942
CT008368,Zone_07,Zone_01,0.1141,0.1141,0.0883,0.0883,0.1037,0.1139,0.1113,0.0978,0.0876,0.1007,0.0942
CT015312,Zone_07,Zone_02,0.166,0.1356,0.166,0.0926,0.13,0.0735,0.1334,0.0654,0.0905,0.0,0.1129
CT018573,Zone_08,Zone_09,0.5919,0.1109,0.0,0.1514,0.0,0.0,0.0,0.0506,0.0952,0.5919,0.0
CT012840,Zone_09,Zone_03,0.6325,0.0,0.1822,0.6325,0.0,0.0,0.0,0.0529,0.1325,0.0,0.0
CT011848,Zone_07,Zone_09,0.8642,0.0,0.0,0.0,0.0388,0.0,0.0,0.0739,0.0232,0.8642,0.0
CT019009,Zone_02,Zone_03,0.4143,0.0,0.2386,0.4143,0.0,0.0,0.0,0.0,0.3471,0.0,0.0
CT006471,Zone_08,Zone_01,0.1141,0.1141,0.0883,0.0883,0.1037,0.1139,0.1113,0.0978,0.0876,0.1007,0.0942
CT012538,Zone_07,Zone_10,0.4228,0.0,0.3109,0.0,0.0631,0.0,0.0,0.0902,0.113,0.0,0.4228
CT001095,Zone_07,Zone_01,0.1141,0.1141,0.0883,0.0883,0.1037,0.1139,0.1113,0.0978,0.0876,0.1007,0.0942
CT002974,Zone_10,Zone_07,0.1716,0.1378,0.1479,0.0428,0.09,0.1425,0.0555,0.1716,0.1183,0.0669,0.0268
CT001590,Zone_03,Zone_09,0.2122,0.1034,0.0876,0.1086,0.0609,0.0388,0.1056,0.1053,0.0842,0.2122,0.0936
CT017901,Zone_08,Zone_03,0.5121,0.0,0.295,0.5121,0.0,0.0,0.0,0.0856,0.1073,0.0,0.0
CT015138,Zone_04,Zone_02,0.2695,0.0,0.2695,0.2339,0.1641,0.0,0.0,0.2346,0.098,0.0,0.0
CT001579,Zone_09,Zone_04,0.184,0.1397,0.0824,0.0477,0.184,0.1703,0.0515,0.1196,0.1299,0.0,0.0747
CT012299,Zone_01,Zone_10,0.1591,0.088,0.1265,0.116,0.1061,0.1035,0.0582,0.1351,0.1076,0.0,0.1591
CT018126,Zone_07,Zone_10,0.1249,0.1068,0.0762,0.1171,0.094,0.105,0.0696,0.1202,0.1066,0.0796,0.1249
CT004586,Zone_07,Zone_05,0.3408,0.0,0.0,0.1074,0.2009,0.3408,0.0,0.1077,0.075,0.0,0.1683
CT012399,Zone_03,Zone_10,0.2151,0.1675,0.0659,0.0687,0.1284,0.0545,0.0989,0.1339,0.0671,0.0,0.2151
CT017733,Zone_07,Zone_02,0.7204,0.0,0.7204,0.0,0.1096,0.0,0.0,0.1045,0.0655,0.0,0.0
CT003950,Zone_04,Zone_09,0.2122,0.1034,0.0876,0.1086,0.0609,0.0388,0.1056,0.1053,0.0842,0.2122,0.0936
CT002028,Zone_05,Zone_09,0.3083,0.0,0.0454,0.0789,0.2213,0.1877,0.0,0.0923,0.0661,0.3083,0.0
CT008844,Zone_07,Zone_10,0.1569,0.0838,0.0989,0.1073,0.1254,0.0511,0.1391,0.1267,0.1109,0.0,0.1569
CT011440,Zone_07,Zone_06,0.3133,0.2123,0.0,0.0,0.1017,0.0,0.3133,0.1454,0.0,0.0,0.2272
CT018586,Zone_04,Zone_06,0.2102,0.1832,0.1121,0.0695,0.1073,0.0,0.2102,0.0604,0.1048,0.0,0.1525
CT017908,Zone_07,Zone_08,0.2016,0.0,0.1232,0.1069,0.1125,0.1273,0.0,0.1609,0.2016,0.0,0.1676
CT003604,Zone_01,Zone_10,0.1249,0.1068,0.0762,0.1171,0.094,0.105,0.0696,0.1202,0.1066,0.0796,0.1249
CT003625,Zone_07,Zone_10,0.1249,0.1068,0.0762,0.1171,0.094,0.105,0.0696,0.1202,0.1066,0.0796,0.1249
CT010584,Zone_08,Zone_02,0.2493,0.1056,0.2493,0.101,0.0911,0.0,0.2182,0.0868,0.1027,0.0,0.0452
CT006932,Zone_08,Zone_01,0.3968,0.3968,0.0,0.0,0.1901,0.3225,0.0,0.0906,0.0,0.0,0.0
CT013662,Zone_07,Zone_10,0.2151,0.1675,0.0659,0.0687,0.1284,0.0545,0.0989,0.1339,0.0671,0.0,0.2151
CT006098,Zone_07,Zone_03,0.1402,0.1303,0.1153,0.1402,0.1202,0.0953,0.0817,0.093,0.109,0.0174,0.0976
CT014681,Zone_07,Zone_04,0.1798,0.0577,0.1136,0.1578,0.1798,0.0469,0.0852,0.1352,0.1156,0.0,0.1081
CT018190,Zone_07,Zone_10,0.1591,0.088,0.1265,0.116,0.1061,0.1035,0.0582,0.1351,0.1076,0.0,0.1591
CT005035,Zone_08,Zone_01,0.1723,0.1723,0.0775,0.1009,0.1061,0.06,0.0908,0.0927,0.1549,0.0,0.1449
CT019771,Zone_01,Zone_02,0.8211,0.0,0.8211,0.0,0.0,0.0,0.0,0.0794,0.0995,0.0,0.0
CT019090,Zone_08,Zone_07,0.4141,0.0,0.0,0.4129,0.0,0.0,0.0,0.4141,0.173,0.0,0.0
CT005830,Zone_07,Zone_05,0.6836,0.1402,0.0,0.0,0.0,0.6836,0.0,0.096,0.0802,0.0,0.0
CT011389,Zone_03,Zone_05,0.1425,0.1169,0.1117,0.0884,0.088,0.1425,0.1232,0.1011,0.1075,0.0223,0.0983
CT000583,Zone_03,Zone_03,0.1402,0.1303,0.1153,0.1402,0.1202,0.0953,0.0817,0.093,0.109,0.0174,0.0976
CT007102,Zone_04,Zone_04,0.6637,0.0,0.0,0.0,0.6637,0.0,0.0,0.2373,0.0991,0.0,0.0
CT000875,Zone_08,Zone_01,0.1507,0.1507,0.0996,0.1317,0.1126,0.0392,0.0978,0.1046,0.1155,0.0322,0.1161
CT017825,Zone_07,Zone_05,0.3679,0.0754,0.1187,0.1546,0.0723,0.3679,0.0,0.1895,0.0216,0.0,0.0
CT011193,Zone_08,Zone_09,0.3595,0.1347,0.053,0.046,0.0968,0.0,0.0994,0.0615,0.0771,0.3595,0.0721
CT010125,Zone_03,Zone_01,0.1141,0.1141,0.0883,0.0883,0.1037,0.1139,0.1113,0.0978,0.0876,0.1007,0.0942
CT010806,Zone_08,Zone_05,0.4305,0.1766,0.0695,0.0603,0.0423,0.4305,0.0,0.0,0.1263,0.0,0.0945
CT019297,Zone_04,Zone_10,0.2028,0.0237,0.1864,0.0647,0.1816,0.077,0.035,0.0865,0.1423,0.0,0.2028
CT016466,Zone_07,Zone_06,0.5461,0.0,0.0,0.0722,0.152,0.0,0.5461,0.1087,0.121,0.0,0.0
CT019842,Zone_09,Zone_07,0.1716,0.1378,0.1479,0.0428,0.09,0.1425,0.0555,0.1716,0.1183,0.0669,0.0268
CT014109,Zone_05,Zone_02,0.1388,0.0964,0.1388,0.1316,0.1033,0.0717,0.1277,0.11,0.1089,0.0262,0.0856
CT002064,Zone_03,Zone_10,0.1249,0.1068,0.0762,0.1171,0.094,0.105,0.0696,0.1202,0.1066,0.0796,0.1249
CT001577,Zone_07,Zone_10,0.1249,0.1068,0.0762,0.1171,0.094,0.105,0.0696,0.1202,0.1066,0.0796,0.1249
CT010247,Zone_02,Zone_09,0.3731,0.0,0.11,0.1432,0.1004,0.0568,0.0,0.0718,0.07,0.3731,0.0748
CT001395,Zone_07,Zone_01,0.1141,0.1141,0.0883,0.0883,0.1037,0.1139,0.1113,0.0978,0.0876,0.1007,0.0942
CT007481,Zone_07,Zone_05,0.2784,0.1402,0.1348,0.1276,0.0448,0.2784,0.023,0.1031,0.098,0.0,0.05
CT007513,Zone_02,Zone_05,0.6673,0.0,0.0,0.0,0.0983,0.6673,0.0,0.2344,0.0,0.0,0.0
CT012740,Zone_07,Zone_10,0.1569,0.0838,0.0989,0.1073,0.1254,0.0511,0.1391,0.1267,0.1109,0.0,0.1569
CT007576,Zone_10,Zone_05,0.7211,0.0,0.0,0.0,0.0,0.7211,0.0,0.152,0.1269,0.0,0.0
CT013547,Zone_10,Zone_09,0.4326,0.0608,0.0159,0.0968,0.0582,0.0329,0.0299,0.0601,0.1043,0.4326,0.1084
CT017510,Zone_03,Zone_10,0.1973,0.0691,0.0181,0.1259,0.1546,0.1873,0.0,0.1158,0.1319,0.0,0.1973
CT000396,Zone_08,Zone_03,0.3407,0.1663,0.0,0.3407,0.0398,0.0,0.0,0.2278,0.0476,0.0,0.1779
CT016624,Zone_07,Zone_02,0.1388,0.0964,0.1388,0.1316,0.1033,0.0717,0.1277,0.11,0.1089,0.0262,0.0856
CT017554,Zone_08,Zone_03,0.3407,0.1663,0.0,0.3407,0.0398,0.0,0.0,0.2278,0.0476,0.0,0.1779
CT013442,Zone_03,Zone_10,0.2089,0.0976,0.1536,0.0222,0.1403,0.1058,0.0,0.104,0.1676,0.0,0.2089
CT017893,Zone_10,Zone_01,0.1141,0.1141,0.0883,0.0883,0.1037,0.1139,0.1113,0.0978,0.0876,0.1007,0.0942
CT017003,Zone_01,Zone_01,0.1141,0.1141,0.0883,0.0883,0.1037,0.1139,0.1113,0.0978,0.0876,0.1007,0.0942
CT007942,Zone_05,Zone_01,0.1141,0.1141,0.0883,0.0883,0.1037,0.1139,0.1113,0.0978,0.0876,0.1007,0.0942
CT000094,Zone_05,Zone_03,0.1402,0.1303,0.1153,0.1402,0.1202,0.0953,0.0817,0.093,0.109,0.0174,0.0976
CT018687,Zone_03,Zone_03,0.1402,0.1303,0.1153,0.1402,0.1202,0.0953,0.0817,0.093,0.109,0.0174,0.0976
CT009004,Zone_02,Zone_01,0.3784,0.3784,0.0,0.0,0.3625,0.0,0.0,0.2592,0.0,0.0,0.0
CT015361,Zone_07,Zone_05,0.2171,0.0742,0.0701,0.1014,0.0356,0.2171,0.1752,0.0678,0.1316,0.0,0.1271
CT002367,Zone_04,Zone_10,0.5741,0.0,0.2111,0.0,0.0,0.0,0.0,0.0613,0.1535,0.0,0.5741
CT019100,Zone_04,Zone_01,0.1141,0.1141,0.0883,0.0883,0.1037,0.1139,0.1113,0.0978,0.0876,0.1007,0.0942
CT013555,Zone_06,Zone_01,0.1141,0.1141,0.0883,0.0883,0.1037,0.1139,0.1113,0.0978,0.0876,0.1007,0.0942
CT003269,Zone_10,Zone_04,0.2332,0.0304,0.1676,0.0623,0.2332,0.0495,0.0898,0.1389,0.1306,0.0,0.0977
CT010548,Zone_05,Zone_10,0.1569,0.0838,0.0989,0.1073,0.1254,0.0511,0.1391,0.1267,0.1109,0.0,0.1569
CT003165,Zone_08,Zone_10,0.1591,0.088,0.1265,0.116,0.1061,0.1035,0.0582,0.1351,0.1076,0.0,0.1591
CT019387,Zone_08,Zone_10,0.3029,0.1348,0.1061,0.1013,0.0646,0.0219,0.0597,0.1047,0.1041,0.0,0.3029
CT010045,Zone_04,Zone_09,0.5655,0.0,0.0,0.0723,0.0507,0.1721,0.0,0.0484,0.0909,0.5655,0.0
CT010741,Zone_10,Zone_01,0.3091,0.3091,0.2432,0.2111,0.1481,0.0,0.0,0.0,0.0884,0.0,0.0
CT013186,Zone_04,Zone_01,0.1141,0.1141,0.0883,0.0883,0.1037,0.1139,0.1113,0.0978,0.0876,0.1007,0.0942
CT004217,Zone_08,Zone_01,0.2233,0.2233,0.0351,0.122,0.0428,0.2178,0.1318,0.1122,0.115,0.0,0.0
CT010096,Zone_07,Zone_02,0.5163,0.0,0.5163,0.1494,0.2095,0.0,0.0,0.1248,0.0,0.0,0.0
CT008923,Zone_02,Zone_01,0.1141,0.1141,0.0883,0.0883,0.1037,0.1139,0.1113,0.0978,0.0876,0.1007,0.0942
CT005858,Zone_07,Zone_08,0.2123,0.131,0.1031,0.1193,0.0837,0.071,0.0,0.1396,0.2123,0.0,0.1402
CT005454,Zone_01,Zone_10,0.1249,0.1068,0.0762,0.1171,0.094,0.105,0.0696,0.1202,0.1066,0.0796,0.1249
CT003412,Zone_03,Zone_02,0.1388,0.0964,0.1388,0.1316,0.1033,0.0717,0.1277,0.11,0.1089,0.0262,0.0856
CT012001,Zone_07,Zone_06,0.8526,0.0,0.0,0.0,0.0923,0.0,0.8526,0.0,0.0551,0.0,0.0
CT008540,Zone_04,Zone_03,0.1402,0.1303,0.1153,0.1402,0.1202,0.0953,0.0817,0.093,0.109,0.0174,0.0976
CT006682,Zone_07,Zone_10,0.1569,0.0838,0.0989,0.1073,0.1254,0.0511,0.1391,0.1267,0.1109,0.0,0.1569
CT001174,Zone_07,Zone_01,0.1403,0.1403,0.0759,0.1078,0.1092,0.114,0.1293,0.1201,0.1003,0.0,0.1032
CT003855,Zone_08,Zone_05,0.4259,0.0,0.0,0.179,0.1255,0.4259,0.0,0.1197,0.1499,0.0,0.0
CT015098,Zone_07,Zone_02,0.5182,0.0,0.5182,0.0,0.0526,0.1784,0.0,0.1253,0.1256,0.0,0.0
CT005385,Zone_04,Zone_02,0.4406,0.0,0.4406,0.1912,0.0,0.0,0.0,0.1279,0.2403,0.0,0.0
CT000577,Zone_06,Zone_10,0.1249,0.1068,0.0762,0.1171,0.094,0.105,0.0696,0.1202,0.1066,0.0796,0.1249
CT016294,Zone_08,Zone_03,0.1402,0.1303,0.1153,0.1402,0.1202,0.0953,0.0817,0.093,0.109,0.0174,0.0976
CT001087,Zone_07,Zone_06,0.224,0.1619,0.0637,0.0899,0.0776,0.0658,0.224,0.1017,0.1071,0.0,0.1083
CT012219,Zone_10,Zone_04,0.3543,0.1057,0.0,0.0,0.3543,0.1717,0.0,0.2171,0.1511,0.0,0.0
CT008200,Zone_01,Zone_01,0.1507,0.1507,0.0996,0.1317,0.1126,0.0392,0.0978,0.1046,0.1155,0.0322,0.1161
CT002294,Zone_04,Zone_10,0.1249,0.1068,0.0762,0.1171,0.094,0.105,0.0696,0.1202,0.1066,0.0796,0.1249
CT015960,Zone_03,Zone_02,0.9324,0.0,0.9324,0.0,0.0,0.0,0.0,0.0676,0.0,0.0,0.0
CT005302,Zone_08,Zone_01,0.1141,0.1141,0.0883,0.0883,0.1037,0.1139,0.1113,0.0978,0.0876,0.1007,0.0942
CT001611,Zone_04,Zone_05,0.2043,0.1109,0.0815,0.0859,0.0815,0.2043,0.0764,0.0962,0.0973,0.079,0.087
CT019579,Zone_02,Zone_05,0.2171,0.0742,0.0701,0.1014,0.0356,0.2171,0.1752,0.0678,0.1316,0.0,0.1271
CT015053,Zone_07,Zone_05,0.2043,0.1109,0.0815,0.0859,0.0815,0.2043,0.0764,0.0962,0.0973,0.079,0.087
CT019384,Zone_07,Zone_01,0.1141,0.1141,0.0883,0.0883,0.1037,0.1139,0.1113,0.0978,0.0876,0.1007,0.0942
CT008977,Zone_02,Zone_05,0.2675,0.0823,0.0863,0.1686,0.0526,0.2675,0.081,0.0814,0.0628,0.0,0.1174
CT010529,Zone_03,Zone_06,0.2874,0.0,0.0,0.2661,0.0933,0.0,0.2874,0.089,0.0557,0.0,0.2085
CT000527,Zone_10,Zone_10,0.1569,0.0838,0.0989,0.1073,0.1254,0.0511,0.1391,0.1267,0.1109,0.0,0.1569
CT019465,Zone_03,Zone_01,0.1141,0.1141,0.0883,0.0883,0.1037,0.1139,0.1113,0.0978,0.0876,0.1007,0.0942
CT009630,Zone_07,Zone_02,0.3341,0.0,0.3341,0.0414,0.2034,0.0986,0.0,0.0969,0.2256,0.0,0.0
CT018067,Zone_01,Zone_03,0.1402,0.1303,0.1153,0.1402,0.1202,0.0953,0.0817,0.093,0.109,0.0174,0.0976
CT003991,Zone_10,Zone_01,0.6681,0.6681,0.0,0.0,0.16,0.0,0.0,0.0763,0.0956,0.0,0.0
CT005255,Zone_07,Zone_10,0.1737,0.1025,0.1076,0.1342,0.1105,0.0972,0.0756,0.1131,0.0855,0.0,0.1737
CT010851,Zone_08,Zone_06,0.5618,0.0,0.0,0.26,0.0912,0.0,0.5618,0.0869,0.0,0.0,0.0
CT014247,Zone_08,Zone_01,0.1141,0.1141,0.0883,0.0883,0.1037,0.1139,0.1113,0.0978,0.0876,0.1007,0.0942
CT010021,Zone_03,Zone_05,0.3332,0.0,0.0,0.0,0.0982,0.3332,0.3025,0.0468,0.0,0.0,0.2194
CT019480,Zone_08,Zone_06,0.3583,0.2428,0.0,0.0,0.2326,0.0,0.3583,0.1663,0.0,0.0,0.0
CT017316,Zone_06,Zone_01,0.1141,0.1141,0.0883,0.0883,0.1037,0.1139,0.1113,0.0978,0.0876,0.1007,0.0942
CT012112,Zone_08,Zone_01,0.1141,0.1141,0.0883,0.0883,0.1037,0.1139,0.1113,0.0978,0.0876,0.1007,0.0942
CT007288,Zone_03,Zone_01,0.1507,0.1507,0.0996,0.1317,0.1126,0.0392,0.0978,0.1046,0.1155,0.0322,0.1161
CT006819,Zone_03,Zone_10,0.1591,0.088,0.1265,0.116,0.1061,0.1035,0.0582,0.1351,0.1076,0.0,0.1591
CT008536,Zone_04,Zone_05,0.5704,0.0,0.0,0.1198,0.0841,0.5704,0.0,0.1002,0.1255,0.0,0.0
CT011638,Zone_08,Zone_06,0.2966,0.0,0.1581,0.0,0.1926,0.0,0.2966,0.1377,0.0,0.0,0.2151
CT008320,Zone_08,Zone_01,0.1141,0.1141,0.0883,0.0883,0.1037,0.1139,0.1113,0.0978,0.0876,0.1007,0.0942
CT016521,Zone_07,Zone_06,0.4803,0.0,0.0,0.2223,0.0,0.0,0.4803,0.2973,0.0,0.0,0.0
CT012022,Zone_08,Zone_10,0.1249,0.1068,0.0762,0.1171,0.094,0.105,0.0696,0.1202,0.1066,0.0796,0.1249
CT011656,Zone_08,Zone_01,0.1141,0.1141,0.0883,0.0883,0.1037,0.1139,0.1113,0.0978,0.0876,0.1007,0.0942
CT005009,Zone_07,Zone_10,0.2028,0.0237,0.1864,0.0647,0.1816,0.077,0.035,0.0865,0.1423,0.0,0.2028
CT005692,Zone_03,Zone_01,0.5693,0.5693,0.0,0.0,0.0,0.0,0.0,0.1733,0.0543,0.0,0.2031
CT016321,Zone_07,Zone_10,0.1249,0.1068,0.0762,0.1171,0.094,0.105,0.0696,0.1202,0.1066,0.0796,0.1249
CT016092,Zone_10,Zone_04,0.184,0.1397,0.0824,0.0477,0.184,0.1703,0.0515,0.1196,0.1299,0.0,0.0747
CT016100,Zone_10,Zone_02,0.1388,0.0964,0.1388,0.1316,0.1033,0.0717,0.1277,0.11,0.1089,0.0262,0.0856
CT007333,Zone_05,Zone_05,0.3472,0.0712,0.056,0.0973,0.0,0.3472,0.1051,0.1301,0.0407,0.0,0.1524
CT011495,Zone_08,Zone_02,0.1388,0.0964,0.1388,0.1316,0.1033,0.0717,0.1277,0.11,0.1089,0.0262,0.0856
CT017664,Zone_08,Zone_01,0.2138,0.2138,0.1346,0.0584,0.0819,0.0,0.0,0.166,0.208,0.0,0.1373
CT005067,Zone_08,Zone_10,0.1591,0.088,0.1265,0.116,0.1061,0.1035,0.0582,0.1351,0.1076,0.0,0.1591
CT010959,Zone_08,Zone_10,0.1591,0.088,0.1265,0.116,0.1061,0.1035,0.0582,0.1351,0.1076,0.0,0.1591
CT016622,Zone_08,Zone_06,0.3144,0.0,0.0,0.291,0.1021,0.0,0.3144,0.0487,0.2438,0.0,0.0
CT018365,Zone_03,Zone_04,0.1457,0.1204,0.1446,0.1341,0.1457,0.0721,0.0841,0.1085,0.0888,0.0,0.1017
CT006798,Zone_01,Zone_01,0.1141,0.1141,0.0883,0.0883,0.1037,0.1139,0.1113,0.0978,0.0876,0.1007,0.0942
CT017715,Zone_08,Zone_07,0.1716,0.1378,0.1479,0.0428,0.09,0.1425,0.0555,0.1716,0.1183,0.0669,0.0268
CT017870,Zone_07,Zone_07,0.1716,0.1378,0.1479,0.0428,0.09,0.1425,0.0555,0.1716,0.1183,0.0669,0.0268
CT008409,Zone_07,Zone_02,0.1388,0.0964,0.1388,0.1316,0.1033,0.0717,0.1277,0.11,0.1089,0.0262,0.0856
CT002645,Zone_04,Zone_05,0.1425,0.1169,0.1117,0.0884,0.088,0.1425,0.1232,0.1011,0.1075,0.0223,0.0983
CT004058,Zone_10,Zone_02,0.2419,0.0615,0.2419,0.2099,0.1178,0.0,0.0,0.2106,0.1583,0.0,0.0
CT002287,Zone_07,Zone_03,0.8101,0.0,0.0,0.8101,0.0,0.0,0.0,0.0542,0.1357,0.0,0.0
CT012259,Zone_04,Zone_03,0.4776,0.0,0.2751,0.4776,0.1675,0.0,0.0,0.0798,0.0,0.0,0.0
CT013041,Zone_10,Zone_10,0.1591,0.088,0.1265,0.116,0.1061,0.1035,0.0582,0.1351,0.1076,0.0,0.1591
CT014608,Zone_07,Zone_04,0.1457,0.1204,0.1446,0.1341,0.1457,0.0721,0.0841,0.1085,0.0888,0.0,0.1017
CT014294,Zone_06,Zone_02,0.1388,0.0964,0.1388,0.1316,0.1033,0.0717,0.1277,0.11,0.1089,0.0262,0.0856
CT000124,Zone_08,Zone_06,0.2647,0.0,0.0941,0.2042,0.0573,0.0,0.2647,0.1365,0.0513,0.0,0.1919
CT008561,Zone_04,Zone_01,0.1507,0.1507,0.0996,0.1317,0.1126,0.0392,0.0978,0.1046,0.1155,0.0322,0.1161
CT002452,Zone_07,Zone_01,0.1141,0.1141,0.0883,0.0883,0.1037,0.1139,0.1113,0.0978,0.0876,0.1007,0.0942
CT017129,Zone_05,Zone_01,0.1723,0.1723,0.0775,0.1009,0.1061,0.06,0.0908,0.0927,0.1549,0.0,0.1449
CT015593,Zone_07,Zone_03,0.1402,0.1303,0.1153,0.1402,0.1202,0.0953,0.0817,0.093,0.109,0.0174,0.0976
CT011719,Zone_07,Zone_10,0.8619,0.0,0.0,0.0,0.0,0.0,0.0,0.0613,0.0768,0.0,0.8619
CT003281,Zone_08,Zone_07,0.5155,0.0,0.0,0.0,0.0,0.0,0.0,0.5155,0.4845,0.0,0.0
CT011140,Zone_01,Zone_06,0.2661,0.0,0.1419,0.0924,0.0864,0.1466,0.2661,0.0927,0.0774,0.0,0.0965
CT003108,Zone_07,Zone_07,0.1716,0.1378,0.1479,0.0428,0.09,0.1425,0.0555,0.1716,0.1183,0.0669,0.0268
CT012911,Zone_08,Zone_03,0.1402,0.1303,0.1153,0.1402,0.1202,0.0953,0.0817,0.093,0.109,0.0174,0.0976
CT013093,Zone_08,Zone_01,0.1141,0.1141,0.0883,0.0883,0.1037,0.1139,0.1113,0.0978,0.0876,0.1007,0.0942
CT004843,Zone_04,Zone_04,0.518,0.4326,0.0,0.0,0.518,0.0,0.0,0.0494,0.0,0.0,0.0
CT007506,Zone_07,Zone_02,0.1601,0.0872,0.1601,0.1191,0.0835,0.1417,0.0,0.1261,0.158,0.0,0.1244
CT007663,Zone_08,Zone_02,0.3466,0.0,0.3466,0.3008,0.0,0.0,0.0,0.1006,0.252,0.0,0.0
CT010076,Zone_07,Zone_01,0.1141,0.1141,0.0883,0.0883,0.1037,0.1139,0.1113,0.0978,0.0876,0.1007,0.0942
CT002310,Zone_06,Zone_02,0.1388,0.0964,0.1388,0.1316,0.1033,0.0717,0.1277,0.11,0.1089,0.0262,0.0856
CT000290,Zone_03,Zone_10,0.1591,0.088,0.1265,0.116,0.1061,0.1035,0.0582,0.1351,0.1076,0.0,0.1591
CT017524,Zone_08,Zone_09,0.5919,0.1109,0.0,0.1514,0.0,0.0,0.0,0.0506,0.0952,0.5919,0.0
CT016594,Zone_01,Zone_09,0.3918,0.0734,0.0433,0.0627,0.0967,0.0596,0.0812,0.0628,0.0892,0.3918,0.0393
CT019137,Zone_06,Zone_01,0.2017,0.2017,0.1299,0.1879,0.0527,0.0894,0.0812,0.1131,0.1049,0.0,0.0392
CT000461,Zone_07,Zone_04,0.4667,0.0,0.0,0.0,0.4667,0.0,0.0,0.0,0.1858,0.0,0.3475
CT003354,Zone_04,Zone_08,0.5849,0.0,0.3217,0.0,0.0,0.0,0.0,0.0934,0.5849,0.0,0.0
CT006110,Zone_08,Zone_04,0.2332,0.0304,0.1676,0.0623,0.2332,0.0495,0.0898,0.1389,0.1306,0.0,0.0977
CT005801,Zone_08,Zone_05,0.4844,0.149,0.0,0.0,0.0,0.4844,0.0,0.0681,0.2985,0.0,0.0
CT002468,Zone_08,Zone_06,0.2661,0.0,0.1419,0.0924,0.0864,0.1466,0.2661,0.0927,0.0774,0.0,0.0965
CT012560,Zone_04,Zone_05,0.1425,0.1169,0.1117,0.0884,0.088,0.1425,0.1232,0.1011,0.1075,0.0223,0.0983
CT007627,Zone_10,Zone_01,0.1141,0.1141,0.0883,0.0883,0.1037,0.1139,0.1113,0.0978,0.0876,0.1007,0.0942
CT007215,Zone_07,Zone_10,0.1249,0.1068,0.0762,0.1171,0.094,0.105,0.0696,0.1202,0.1066,0.0796,0.1249
CT010934,Zone_07,Zone_04,0.1457,0.1204,0.1446,0.1341,0.1457,0.0721,0.0841,0.1085,0.0888,0.0,0.1017
CT006805,Zone_07,Zone_01,0.1723,0.1723,0.0775,0.1009,0.1061,0.06,0.0908,0.0927,0.1549,0.0,0.1449
CT002446,Zone_07,Zone_05,0.1425,0.1169,0.1117,0.0884,0.088,0.1425,0.1232,0.1011,0.1075,0.0223,0.0983
CT017097,Zone_04,Zone_06,0.1824,0.0742,0.0876,0.1013,0.0888,0.1406,0.1824,0.0903,0.1026,0.066,0.0661
CT003284,Zone_03,Zone_02,0.2902,0.0738,0.2902,0.0504,0.212,0.0,0.2177,0.0505,0.1055,0.0,0.0
CT003597,Zone_07,Zone_05,0.2171,0.0742,0.0701,0.1014,0.0356,0.2171,0.1752,0.0678,0.1316,0.0,0.1271
CT013248,Zone_01,Zone_10,0.1249,0.1068,0.0762,0.1171,0.094,0.105,0.0696,0.1202,0.1066,0.0796,0.1249
CT010422,Zone_01,Zone_04,0.1798,0.0577,0.1136,0.1578,0.1798,0.0469,0.0852,0.1352,0.1156,0.0,0.1081
CT019672,Zone_04,Zone_03,0.6687,0.0,0.2568,0.6687,0.0,0.0,0.0,0.0745,0.0,0.0,0.0
CT004629,Zone_01,Zone_10,0.1249,0.1068,0.0762,0.1171,0.094,0.105,0.0696,0.1202,0.1066,0.0796,0.1249
CT007279,Zone_08,Zone_05,0.1425,0.1169,0.1117,0.0884,0.088,0.1425,0.1232,0.1011,0.1075,0.0223,0.0983
CT001454,Zone_10,Zone_05,0.3408,0.0,0.0,0.1074,0.2009,0.3408,0.0,0.1077,0.075,0.0,0.1683
CT006403,Zone_02,Zone_06,0.6031,0.0,0.0,0.0,0.0,0.0,0.6031,0.28,0.1169,0.0,0.0
CT002875,Zone_03,Zone_05,0.2199,0.0773,0.1217,0.1452,0.0648,0.2199,0.1141,0.0883,0.1272,0.0,0.0414
CT008156,Zone_10,Zone_01,0.1141,0.1141,0.0883,0.0883,0.1037,0.1139,0.1113,0.0978,0.0876,0.1007,0.0942
CT013158,Zone_08,Zone_01,0.1507,0.1507,0.0996,0.1317,0.1126,0.0392,0.0978,0.1046,0.1155,0.0322,0.1161
CT017624,Zone_07,Zone_09,0.4326,0.0608,0.0159,0.0968,0.0582,0.0329,0.0299,0.0601,0.1043,0.4326,0.1084
CT002624,Zone_10,Zone_01,0.309,0.309,0.0608,0.0791,0.037,0.0,0.0,0.1147,0.1105,0.2062,0.0827
CT007658,Zone_07,Zone_01,0.1723,0.1723,0.0775,0.1009,0.1061,0.06,0.0908,0.0927,0.1549,0.0,0.1449
CT012428,Zone_07,Zone_09,0.6237,0.0584,0.0689,0.0399,0.056,0.0,0.0,0.0467,0.0752,0.6237,0.0313
CT001675,Zone_07,Zone_10,0.1591,0.088,0.1265,0.116,0.1061,0.1035,0.0582,0.1351,0.1076,0.0,0.1591
CT016115,Zone_02,Zone_10,0.1249,0.1068,0.0762,0.1171,0.094,0.105,0.0696,0.1202,0.1066,0.0796,0.1249
CT002901,Zone_05,Zone_01,0.1723,0.1723,0.0775,0.1009,0.1061,0.06,0.0908,0.0927,0.1549,0.0,0.1449
CT016228,Zone_06,Zone_05,0.4162,0.2561,0.0,0.0,0.1227,0.4162,0.0,0.0585,0.1465,0.0,0.0
CT015753,Zone_08,Zone_09,0.2122,0.1034,0.0876,0.1086,0.0609,0.0388,0.1056,0.1053,0.0842,0.2122,0.0936
CT017066,Zone_04,Zone_04,0.2556,0.0,0.18,0.2083,0.2556,0.0,0.0,0.1219,0.1527,0.0,0.0816
CT005413,Zone_04,Zone_09,0.2122,0.1034,0.0876,0.1086,0.0609,0.0388,0.1056,0.1053,0.0842,0.2122,0.0936
CT012654,Zone_08,Zone_10,0.1569,0.0838,0.0989,0.1073,0.1254,0.0511,0.1391,0.1267,0.1109,0.0,0.1569
CT019923,Zone_07,Zone_05,0.6673,0.0,0.0,0.0,0.0983,0.6673,0.0,0.2344,0.0,0.0,0.0
CT008531,Zone_08,Zone_03,0.197,0.0961,0.0908,0.197,0.129,0.0625,0.0,0.1361,0.165,0.0,0.1235
CT018627,Zone_08,Zone_04,0.1457,0.1204,0.1446,0.1341,0.1457,0.0721,0.0841,0.1085,0.0888,0.0,0.1017
CT001137,Zone_08,Zone_03,0.1402,0.1303,0.1153,0.1402,0.1202,0.0953,0.0817,0.093,0.109,0.0174,0.0976
CT012360,Zone_09,Zone_02,0.1388,0.0964,0.1388,0.1316,0.1033,0.0717,0.1277,0.11,0.1089,0.0262,0.0856
CT015895,Zone_07,Zone_02,0.1388,0.0964,0.1388,0.1316,0.1033,0.0717,0.1277,0.11,0.1089,0.0262,0.0856
CT015385,Zone_03,Zone_10,0.4662,0.2179,0.0,0.0,0.1044,0.0,0.0,0.1492,0.0623,0.0,0.4662
CT006825,Zone_07,Zone_02,0.4101,0.0,0.4101,0.1186,0.1664,0.0,0.0,0.119,0.0,0.0,0.1859
CT012834,Zone_03,Zone_02,0.2493,0.1056,0.2493,0.101,0.0911,0.0,0.2182,0.0868,0.1027,0.0,0.0452
CT005773,Zone_04,Zone_05,0.2642,0.0542,0.0,0.148,0.0779,0.2642,0.2399,0.1114,0.0465,0.0,0.058
CT011125,Zone_10,Zone_02,0.1388,0.0964,0.1388,0.1316,0.1033,0.0717,0.1277,0.11,0.1089,0.0262,0.0856
CT005455,Zone_10,Zone_10,0.2151,0.1675,0.0659,0.0687,0.1284,0.0545,0.0989,0.1339,0.0671,0.0,0.2151
CT006422,Zone_07,Zone_10,0.2151,0.1675,0.0659,0.0687,0.1284,0.0545,0.0989,0.1339,0.0671,0.0,0.2151
CT014048,Zone_10,Zone_02,0.1388,0.0964,0.1388,0.1316,0.1033,0.0717,0.1277,0.11,0.1089,0.0262,0.0856
CT000884,Zone_08,Zone_02,0.1388,0.0964,0.1388,0.1316,0.1033,0.0717,0.1277,0.11,0.1089,0.0262,0.0856
CT014184,Zone_04,Zone_05,0.3344,0.2058,0.081,0.0703,0.0986,0.3344,0.0,0.0705,0.0294,0.0,0.1101
CT002846,Zone_08,Zone_10,0.2028,0.0237,0.1864,0.0647,0.1816,0.077,0.035,0.0865,0.1423,0.0,0.2028
CT003891,Zone_03,Zone_06,0.2431,0.1177,0.1296,0.1125,0.1691,0.0383,0.2431,0.1021,0.0875,0.0,0.0
CT010433,Zone_04,Zone_01,0.1141,0.1141,0.0883,0.0883,0.1037,0.1139,0.1113,0.0978,0.0876,0.1007,0.0942
CT002415,Zone_08,Zone_01,0.1723,0.1723,0.0775,0.1009,0.1061,0.06,0.0908,0.0927,0.1549,0.0,0.1449
CT014233,Zone_07,Zone_04,0.3836,0.089,0.07,0.0,0.3836,0.0,0.0,0.3047,0.1527,0.0,0.0
CT010411,Zone_08,Zone_08,0.3817,0.0,0.0,0.3037,0.213,0.0,0.0,0.1015,0.3817,0.0,0.0
CT003463,Zone_02,Zone_01,0.2019,0.2019,0.0927,0.1839,0.0887,0.0273,0.0993,0.1114,0.0867,0.0,0.108
CT007755,Zone_08,Zone_01,0.4735,0.4735,0.1863,0.0,0.3402,0.0,0.0,0.0,0.0,0.0,0.0
CT006216,Zone_03,Zone_10,0.1249,0.1068,0.0762,0.1171,0.094,0.105,0.0696,0.1202,0.1066,0.0796,0.1249
CT006046,Zone_05,Zone_04,0.1798,0.0577,0.1136,0.1578,0.1798,0.0469,0.0852,0.1352,0.1156,0.0,0.1081
CT003022,Zone_07,Zone_09,0.2122,0.1034,0.0876,0.1086,0.0609,0.0388,0.1056,0.1053,0.0842,0.2122,0.0936
CT016846,Zone_03,Zone_01,0.1141,0.1141,0.0883,0.0883,0.1037,0.1139,0.1113,0.0978,0.0876,0.1007,0.0942
CT008105,Zone_08,Zone_01,0.1733,0.1733,0.0909,0.1315,0.0646,0.1565,0.0284,0.1539,0.0771,0.0,0.1237
CT001440,Zone_10,Zone_03,1.0,0.0,0.0,1.0,0.0,0.0,0.0,0.0,0.0,0.0,0.0
CT011024,Zone_07,Zone_01,0.1141,0.1141,0.0883,0.0883,0.1037,0.1139,0.1113,0.0978,0.0876,0.1007,0.0942
CT000151,Zone_07,Zone_08,0.2123,0.131,0.1031,0.1193,0.0837,0.071,0.0,0.1396,0.2123,0.0,0.1402
CT004151,Zone_04,Zone_01,0.1141,0.1141,0.0883,0.0883,0.1037,0.1139,0.1113,0.0978,0.0876,0.1007,0.0942
CT008589,Zone_08,Zone_10,0.1249,0.1068,0.0762,0.1171,0.094,0.105,0.0696,0.1202,0.1066,0.0796,0.1249
CT011404,Zone_01,Zone_02,0.1388,0.0964,0.1388,0.1316,0.1033,0.0717,0.1277,0.11,0.1089,0.0262,0.0856
CT010485,Zone_04,Zone_06,0.7918,0.0,0.0,0.0,0.0857,0.0,0.7918,0.1225,0.0,0.0,0.0
CT008319,Zone_04,Zone_10,0.1249,0.1068,0.0762,0.1171,0.094,0.105,0.0696,0.1202,0.1066,0.0796,0.1249
CT000394,Zone_08,Zone_01,0.1141,0.1141,0.0883,0.0883,0.1037,0.1139,0.1113,0.0978,0.0876,0.1007,0.0942
CT016796,Zone_07,Zone_09,0.3855,0.0181,0.1279,0.111,0.0432,0.0,0.1066,0.1072,0.062,0.3855,0.0386
CT003496,Zone_07,Zone_01,0.1141,0.1141,0.0883,0.0883,0.1037,0.1139,0.1113,0.0978,0.0876,0.1007,0.0942
CT008055,Zone_10,Zone_06,0.3782,0.2563,0.0,0.1751,0.0,0.0,0.3782,0.1171,0.0733,0.0,0.0
CT004363,Zone_08,Zone_06,0.1863,0.1052,0.0331,0.115,0.1311,0.0342,0.1863,0.1153,0.1445,0.0,0.1351
CT019218,Zone_08,Zone_02,0.3951,0.3013,0.3951,0.0686,0.0,0.0,0.0,0.2064,0.0287,0.0,0.0
CT009473,Zone_02,Zone_01,0.1141,0.1141,0.0883,0.0883,0.1037,0.1139,0.1113,0.0978,0.0876,0.1007,0.0942
CT004463,Zone_04,Zone_10,0.1591,0.088,0.1265,0.116,0.1061,0.1035,0.0582,0.1351,0.1076,0.0,0.1591
CT006603,Zone_04,Zone_02,0.7694,0.0,0.7694,0.0,0.1561,0.0,0.0,0.0744,0.0,0.0,0.0
CT016536,Zone_03,Zone_05,0.3408,0.0,0.0,0.1074,0.2009,0.3408,0.0,0.1077,0.075,0.0,0.1683
CT019858,Zone_07,Zone_02,0.1388,0.0964,0.1388,0.1316,0.1033,0.0717,0.1277,0.11,0.1089,0.0262,0.0856
CT010227,Zone_08,Zone_05,0.1425,0.1169,0.1117,0.0884,0.088,0.1425,0.1232,0.1011,0.1075,0.0223,0.0983
CT000184,Zone_04,Zone_02,0.1388,0.0964,0.1388,0.1316,0.1033,0.0717,0.1277,0.11,0.1089,0.0262,0.0856
CT009404,Zone_08,Zone_01,0.268,0.268,0.0,0.1464,0.1027,0.1742,0.0,0.0979,0.1533,0.0,0.0574
CT019618,Zone_08,Zone_04,0.367,0.0,0.0,0.157,0.367,0.0,0.0,0.2624,0.1315,0.0,0.082
CT017174,Zone_04,Zone_02,0.5585,0.0,0.5585,0.0,0.34,0.0,0.0,0.0,0.1015,0.0,0.0
CT016307,Zone_08,Zone_01,0.1141,0.1141,0.0883,0.0883,0.1037,0.1139,0.1113,0.0978,0.0876,0.1007,0.0942
CT014896,Zone_07,Zone_07,0.4577,0.0,0.0,0.0,0.16,0.0,0.0,0.4577,0.3823,0.0,0.0
CT011865,Zone_05,Zone_09,0.5116,0.0,0.1508,0.1309,0.0,0.0,0.0,0.0219,0.0822,0.5116,0.1025
CT005090,Zone_04,Zone_05,0.1425,0.1169,0.1117,0.0884,0.088,0.1425,0.1232,0.1011,0.1075,0.0223,0.0983
CT014250,Zone_08,Zone_01,0.1141,0.1141,0.0883,0.0883,0.1037,0.1139,0.1113,0.0978,0.0876,0.1007,0.0942
CT016631,Zone_02,Zone_05,0.4353,0.0,0.0,0.3658,0.0,0.4353,0.0,0.1223,0.0766,0.0,0.0
CT004831,Zone_07,Zone_01,0.1141,0.1141,0.0883,0.0883,0.1037,0.1139,0.1113,0.0978,0.0876,0.1007,0.0942
CT016273,Zone_02,Zone_06,0.4281,0.0,0.2283,0.0,0.0,0.0,0.4281,0.0331,0.0,0.0,0.3105
CT002422,Zone_01,Zone_05,0.2784,0.1402,0.1348,0.1276,0.0448,0.2784,0.023,0.1031,0.098,0.0,0.05
CT005041,Zone_04,Zone_02,0.2082,0.1323,0.2082,0.2033,0.0951,0.0,0.0488,0.1209,0.0852,0.0,0.1062
CT002474,Zone_08,Zone_06,0.3583,0.2428,0.0,0.0,0.2326,0.0,0.3583,0.1663,0.0,0.0,0.0
CT008114,Zone_07,Zone_04,0.1457,0.1204,0.1446,0.1341,0.1457,0.0721,0.0841,0.1085,0.0888,0.0,0.1017
CT006432,Zone_08,Zone_10,0.1591,0.088,0.1265,0.116,0.1061,0.1035,0.0582,0.1351,0.1076,0.0,0.1591
CT019206,Zone_07,Zone_01,0.1141,0.1141,0.0883,0.0883,0.1037,0.1139,0.1113,0.0978,0.0876,0.1007,0.0942
CT006137,Zone_10,Zone_04,0.1457,0.1204,0.1446,0.1341,0.1457,0.0721,0.0841,0.1085,0.0888,0.0,0.1017
CT010621,Zone_08,Zone_08,0.5849,0.0,0.3217,0.0,0.0,0.0,0.0,0.0934,0.5849,0.0,0.0
CT006811,Zone_03,Zone_02,0.2902,0.0738,0.2902,0.0504,0.212,0.0,0.2177,0.0505,0.1055,0.0,0.0
CT013866,Zone_03,Zone_01,0.1141,0.1141,0.0883,0.0883,0.1037,0.1139,0.1113,0.0978,0.0876,0.1007,0.0942
CT015186,Zone_08,Zone_04,0.1457,0.1204,0.1446,0.1341,0.1457,0.0721,0.0841,0.1085,0.0888,0.0,0.1017
CT002133,Zone_09,Zone_01,0.2019,0.2019,0.0927,0.1839,0.0887,0.0273,0.0993,0.1114,0.0867,0.0,0.108
CT016716,Zone_03,Zone_04,0.3543,0.1057,0.0,0.0,0.3543,0.1717,0.0,0.2171,0.1511,0.0,0.0
CT018985,Zone_07,Zone_01,0.1141,0.1141,0.0883,0.0883,0.1037,0.1139,0.1113,0.0978,0.0876,0.1007,0.0942
CT006405,Zone_01,Zone_03,0.1402,0.1303,0.1153,0.1402,0.1202,0.0953,0.0817,0.093,0.109,0.0174,0.0976
CT002982,Zone_04,Zone_04,0.586,0.0,0.3209,0.0,0.586,0.0,0.0,0.0931,0.0,0.0,0.0
CT007580,Zone_05,Zone_07,0.6661,0.0,0.0,0.0,0.0,0.0,0.0,0.6661,0.3339,0.0,0.0
CT017087,Zone_08,Zone_02,0.3812,0.0404,0.3812,0.1379,0.174,0.0,0.0596,0.083,0.0808,0.0,0.0432
CT002205,Zone_04,Zone_01,0.2017,0.2017,0.1299,0.1879,0.0527,0.0894,0.0812,0.1131,0.1049,0.0,0.0392
CT006845,Zone_08,Zone_01,0.1141,0.1141,0.0883,0.0883,0.1037,0.1139,0.1113,0.0978,0.0876,0.1007,0.0942
CT004851,Zone_01,Zone_06,0.224,0.1619,0.0637,0.0899,0.0776,0.0658,0.224,0.1017,0.1071,0.0,0.1083
CT019341,Zone_07,Zone_05,0.2043,0.1109,0.0815,0.0859,0.0815,0.2043,0.0764,0.0962,0.0973,0.079,0.087
CT014483,Zone_07,Zone_10,0.1249,0.1068,0.0762,0.1171,0.094,0.105,0.0696,0.1202,0.1066,0.0796,0.1249
CT006606,Zone_03,Zone_09,0.1658,0.132,0.1039,0.0795,0.1041,0.0757,0.0916,0.0886,0.1088,0.1658,0.0498
CT011155,Zone_01,Zone_01,0.1141,0.1141,0.0883,0.0883,0.1037,0.1139,0.1113,0.0978,0.0876,0.1007,0.0942
CT014926,Zone_08,Zone_04,0.1798,0.0577,0.1136,0.1578,0.1798,0.0469,0.0852,0.1352,0.1156,0.0,0.1081
CT008162,Zone_07,Zone_06,0.4576,0.0,0.0,0.1412,0.099,0.168,0.4576,0.0236,0.0,0.0,0.1106
CT013336,Zone_05,Zone_01,0.6249,0.6249,0.0,0.0,0.0,0.0,0.0,0.107,0.2681,0.0,0.0
CT019675,Zone_07,Zone_10,0.1249,0.1068,0.0762,0.1171,0.094,0.105,0.0696,0.1202,0.1066,0.0796,0.1249
CT016256,Zone_03,Zone_02,0.7204,0.0,0.7204,0.0,0.1096,0.0,0.0,0.1045,0.0655,0.0,0.0
CT012503,Zone_04,Zone_05,0.4714,0.0,0.0,0.3962,0.0,0.4714,0.0,0.1325,0.0,0.0,0.0
CT002484,Zone_04,Zone_06,0.224,0.1619,0.0637,0.0899,0.0776,0.0658,0.224,0.1017,0.1071,0.0,0.1083
CT010521,Zone_06,Zone_03,0.197,0.0961,0.0908,0.197,0.129,0.0625,0.0,0.1361,0.165,0.0,0.1235
CT014501,Zone_03,Zone_02,0.1388,0.0964,0.1388,0.1316,0.1033,0.0717,0.1277,0.11,0.1089,0.0262,0.0856
CT019282,Zone_08,Zone_03,0.3372,0.0,0.0,0.3372,0.1577,0.0,0.0,0.1879,0.1412,0.0,0.1761
CT015286,Zone_03,Zone_05,0.1425,0.1169,0.1117,0.0884,0.088,0.1425,0.1232,0.1011,0.1075,0.0223,0.0983
CT005135,Zone_07,Zone_01,0.1141,0.1141,0.0883,0.0883,0.1037,0.1139,0.1113,0.0978,0.0876,0.1007,0.0942
CT008332,Zone_08,Zone_01,0.3299,0.3299,0.2596,0.0,0.3161,0.0,0.0,0.0,0.0944,0.0,0.0
CT016084,Zone_07,Zone_03,0.4143,0.0,0.2386,0.4143,0.0,0.0,0.0,0.0,0.3471,0.0,0.0
CT019945,Zone_02,Zone_02,0.1388,0.0964,0.1388,0.1316,0.1033,0.0717,0.1277,0.11,0.1089,0.0262,0.0856
CT005966,Zone_04,Zone_01,0.1141,0.1141,0.0883,0.0883,0.1037,0.1139,0.1113,0.0978,0.0876,0.1007,0.0942
CT014695,Zone_07,Zone_01,0.1141,0.1141,0.0883,0.0883,0.1037,0.1139,0.1113,0.0978,0.0876,0.1007,0.0942
CT015238,Zone_08,Zone_06,0.224,0.1619,0.0637,0.0899,0.0776,0.0658,0.224,0.1017,0.1071,0.0,0.1083
CT006490,Zone_09,Zone_01,0.1723,0.1723,0.0775,0.1009,0.1061,0.06,0.0908,0.0927,0.1549,0.0,0.1449
CT001094,Zone_04,Zone_07,0.3191,0.0,0.2749,0.2386,0.1674,0.0,0.0,0.3191,0.0,0.0,0.0
CT017047,Zone_03,Zone_02,0.3808,0.0,0.3808,0.0,0.2318,0.0,0.0,0.1105,0.2769,0.0,0.0
CT014949,Zone_07,Zone_02,0.1388,0.0964,0.1388,0.1316,0.1033,0.0717,0.1277,0.11,0.1089,0.0262,0.0856
CT008300,Zone_04,Zone_03,0.1402,0.1303,0.1153,0.1402,0.1202,0.0953,0.0817,0.093,0.109,0.0174,0.0976
CT017848,Zone_02,Zone_04,0.1798,0.0577,0.1136,0.1578,0.1798,0.0469,0.0852,0.1352,0.1156,0.0,0.1081
CT013843,Zone_08,Zone_02,0.1388,0.0964,0.1388,0.1316,0.1033,0.0717,0.1277,0.11,0.1089,0.0262,0.0856
CT019594,Zone_04,Zone_04,0.1798,0.0577,0.1136,0.1578,0.1798,0.0469,0.0852,0.1352,0.1156,0.0,0.1081
CT004645,Zone_04,Zone_02,0.1388,0.0964,0.1388,0.1316,0.1033,0.0717,0.1277,0.11,0.1089,0.0262,0.0856
CT004287,Zone_06,Zone_01,0.2019,0.2019,0.0927,0.1839,0.0887,0.0273,0.0993,0.1114,0.0867,0.0,0.108
CT001216,Zone_07,Zone_02,0.2902,0.0738,0.2902,0.0504,0.212,0.0,0.2177,0.0505,0.1055,0.0,0.0
CT000315,Zone_05,Zone_10,0.1737,0.1025,0.1076,0.1342,0.1105,0.0972,0.0756,0.1131,0.0855,0.0,0.1737
CT001071,Zone_07,Zone_04,0.184,0.1397,0.0824,0.0477,0.184,0.1703,0.0515,0.1196,0.1299,0.0,0.0747
CT006833,Zone_04,Zone_10,0.2388,0.0837,0.0439,0.0571,0.1603,0.136,0.0412,0.1274,0.1117,0.0,0.2388
CT013242,Zone_04,Zone_06,0.1824,0.0742,0.0876,0.1013,0.0888,0.1406,0.1824,0.0903,0.1026,0.066,0.0661
CT006979,Zone_07,Zone_07,0.1716,0.1378,0.1479,0.0428,0.09,0.1425,0.0555,0.1716,0.1183,0.0669,0.0268
CT018661,Zone_07,Zone_05,0.8259,0.0,0.0,0.0,0.0,0.8259,0.0,0.1741,0.0,0.0,0.0
CT018386,Zone_04,Zone_03,0.1402,0.1303,0.1153,0.1402,0.1202,0.0953,0.0817,0.093,0.109,0.0174,0.0976
CT002370,Zone_07,Zone_05,0.1743,0.1475,0.1161,0.0549,0.1092,0.1743,0.0396,0.1041,0.0537,0.1432,0.0574
CT002132,Zone_07,Zone_10,0.3555,0.0,0.0,0.2269,0.0,0.0,0.0,0.2276,0.1901,0.0,0.3555
CT017744,Zone_07,Zone_10,0.3981,0.0,0.0,0.3812,0.1782,0.0,0.0,0.0425,0.0,0.0,0.3981
CT017030,Zone_07,Zone_01,0.5693,0.5693,0.0,0.0,0.0,0.0,0.0,0.1733,0.0543,0.0,0.2031
CT005641,Zone_05,Zone_04,0.2242,0.117,0.1381,0.1199,0.2242,0.0951,0.0,0.0801,0.1004,0.0,0.1252
CT001310,Zone_10,Zone_10,0.1591,0.088,0.1265,0.116,0.1061,0.1035,0.0582,0.1351,0.1076,0.0,0.1591
CT001970,Zone_07,Zone_10,0.3029,0.1348,0.1061,0.1013,0.0646,0.0219,0.0597,0.1047,0.1041,0.0,0.3029
CT018302,Zone_03,Zone_01,0.1141,0.1141,0.0883,0.0883,0.1037,0.1139,0.1113,0.0978,0.0876,0.1007,0.0942
CT007017,Zone_05,Zone_08,0.2525,0.1961,0.0772,0.067,0.047,0.0797,0.0,0.1232,0.2525,0.0,0.1574
CT009534,Zone_08,Zone_01,0.1141,0.1141,0.0883,0.0883,0.1037,0.1139,0.1113,0.0978,0.0876,0.1007,0.0942
CT007613,Zone_07,Zone_05,0.2043,0.1109,0.0815,0.0859,0.0815,0.2043,0.0764,0.0962,0.0973,0.079,0.087
CT007959,Zone_03,Zone_01,0.1141,0.1141,0.0883,0.0883,0.1037,0.1139,0.1113,0.0978,0.0876,0.1007,0.0942
CT011589,Zone_03,Zone_06,0.3881,0.0,0.0,0.1797,0.252,0.0,0.3881,0.1802,0.0,0.0,0.0
CT013010,Zone_05,Zone_06,0.8311,0.0,0.0,0.0,0.0,0.0,0.8311,0.1286,0.0403,0.0,0.0
CT006768,Zone_08,Zone_10,0.1591,0.088,0.1265,0.116,0.1061,0.1035,0.0582,0.1351,0.1076,0.0,0.1591
CT006323,Zone_07,Zone_10,0.1249,0.1068,0.0762,0.1171,0.094,0.105,0.0696,0.1202,0.1066,0.0796,0.1249
CT011059,Zone_10,Zone_05,0.3551,0.2185,0.0,0.0,0.314,0.3551,0.0,0.0499,0.0625,0.0,0.0
CT015151,Zone_02,Zone_10,0.8075,0.0,0.0,0.0,0.1205,0.0,0.0,0.0,0.072,0.0,0.8075
CT006959,Zone_05,Zone_09,0.3918,0.0734,0.0433,0.0627,0.0967,0.0596,0.0812,0.0628,0.0892,0.3918,0.0393
CT008847,Zone_07,Zone_05,0.2199,0.0773,0.1217,0.1452,0.0648,0.2199,0.1141,0.0883,0.1272,0.0,0.0414
CT002933,Zone_08,Zone_10,0.3894,0.0,0.0,0.2485,0.0,0.0,0.2685,0.0415,0.0521,0.0,0.3894
CT017291,Zone_07,Zone_01,0.268,0.268,0.0,0.1464,0.1027,0.1742,0.0,0.0979,0.1533,0.0,0.0574
CT017333,Zone_01,Zone_04,0.1457,0.1204,0.1446,0.1341,0.1457,0.0721,0.0841,0.1085,0.0888,0.0,0.1017
CT000747,Zone_04,Zone_04,0.1457,0.1204,0.1446,0.1341,0.1457,0.0721,0.0841,0.1085,0.0888,0.0,0.1017
CT018963,Zone_07,Zone_09,0.6706,0.0,0.0988,0.0,0.0602,0.0,0.0,0.0,0.0359,0.6706,0.1344
CT003735,Zone_03,Zone_08,0.2333,0.1133,0.1069,0.0309,0.0868,0.2209,0.0334,0.0776,0.2333,0.0,0.0969
CT010146,Zone_06,Zone_09,0.6271,0.0,0.1848,0.0,0.0,0.0,0.0,0.0536,0.1344,0.6271,0.0
CT009830,Zone_07,Zone_02,0.7546,0.0,0.7546,0.0,0.0919,0.0,0.0,0.0438,0.1097,0.0,0.0
CT018668,Zone_07,Zone_01,0.268,0.268,0.0,0.1464,0.1027,0.1742,0.0,0.0979,0.1533,0.0,0.0574
CT004359,Zone_08,Zone_01,0.268,0.268,0.0,0.1464,0.1027,0.1742,0.0,0.0979,0.1533,0.0,0.0574
CT014643,Zone_07,Zone_01,0.5666,0.5666,0.2229,0.0,0.0,0.0,0.0,0.1294,0.0811,0.0,0.0
CT016761,Zone_06,Zone_05,0.2199,0.0773,0.1217,0.1452,0.0648,0.2199,0.1141,0.0883,0.1272,0.0,0.0414
CT002095,Zone_06,Zone_09,0.8717,0.0816,0.0,0.0,0.0,0.0,0.0,0.0,0.0467,0.8717,0.0
CT003860,Zone_03,Zone_04,0.367,0.0,0.0,0.157,0.367,0.0,0.0,0.2624,0.1315,0.0,0.082
CT008339,Zone_08,Zone_05,0.2043,0.1109,0.0815,0.0859,0.0815,0.2043,0.0764,0.0962,0.0973,0.079,0.087
CT013261,Zone_05,Zone_05,0.1425,0.1169,0.1117,0.0884,0.088,0.1425,0.1232,0.1011,0.1075,0.0223,0.0983
CT009507,Zone_07,Zone_07,0.1716,0.1378,0.1479,0.0428,0.09,0.1425,0.0555,0.1716,0.1183,0.0669,0.0268
CT003012,Zone_07,Zone_01,0.309,0.309,0.0608,0.0791,0.037,0.0,0.0,0.1147,0.1105,0.2062,0.0827
CT012141,Zone_05,Zone_08,0.2016,0.0,0.1232,0.1069,0.1125,0.1273,0.0,0.1609,0.2016,0.0,0.1676
CT003130,Zone_10,Zone_01,0.2017,0.2017,0.1299,0.1879,0.0527,0.0894,0.0812,0.1131,0.1049,0.0,0.0392
CT002174,Zone_03,Zone_09,0.6888,0.0,0.0508,0.0,0.0309,0.1048,0.0952,0.0295,0.0,0.6888,0.0
CT002034,Zone_08,Zone_01,0.1141,0.1141,0.0883,0.0883,0.1037,0.1139,0.1113,0.0978,0.0876,0.1007,0.0942
CT017587,Zone_07,Zone_03,0.1402,0.1303,0.1153,0.1402,0.1202,0.0953,0.0817,0.093,0.109,0.0174,0.0976
CT004183,Zone_08,Zone_01,0.1141,0.1141,0.0883,0.0883,0.1037,0.1139,0.1113,0.0978,0.0876,0.1007,0.0942
CT015099,Zone_06,Zone_04,0.1457,0.1204,0.1446,0.1341,0.1457,0.0721,0.0841,0.1085,0.0888,0.0,0.1017
CT016293,Zone_04,Zone_02,0.1388,0.0964,0.1388,0.1316,0.1033,0.0717,0.1277,0.11,0.1089,0.0262,0.0856
CT013606,Zone_08,Zone_01,0.1507,0.1507,0.0996,0.1317,0.1126,0.0392,0.0978,0.1046,0.1155,0.0322,0.1161
CT005730,Zone_04,Zone_02,0.1388,0.0964,0.1388,0.1316,0.1033,0.0717,0.1277,0.11,0.1089,0.0262,0.0856
CT017148,Zone_05,Zone_06,0.224,0.1619,0.0637,0.0899,0.0776,0.0658,0.224,0.1017,0.1071,0.0,0.1083
CT002424,Zone_03,Zone_01,0.3524,0.3524,0.2773,0.0,0.1688,0.0,0.0,0.0,0.2016,0.0,0.0
CT016190,Zone_01,Zone_02,0.1601,0.0872,0.1601,0.1191,0.0835,0.1417,0.0,0.1261,0.158,0.0,0.1244
CT005313,Zone_04,Zone_05,0.1743,0.1475,0.1161,0.0549,0.1092,0.1743,0.0396,0.1041,0.0537,0.1432,0.0574
CT013882,Zone_01,Zone_02,0.3224,0.0,0.3224,0.2798,0.0,0.0,0.0,0.2806,0.1172,0.0,0.0
CT010479,Zone_01,Zone_10,0.2449,0.2288,0.0,0.0781,0.0731,0.062,0.1126,0.1132,0.0873,0.0,0.2449
CT011806,Zone_08,Zone_01,0.1141,0.1141,0.0883,0.0883,0.1037,0.1139,0.1113,0.0978,0.0876,0.1007,0.0942
CT007945,Zone_07,Zone_06,0.3348,0.2269,0.1786,0.0,0.0,0.0,0.3348,0.0,0.2597,0.0,0.0
CT009470,Zone_01,Zone_06,0.4281,0.0,0.2283,0.0,0.0,0.0,0.4281,0.0331,0.0,0.0,0.3105
CT004657,Zone_07,Zone_04,0.2078,0.1928,0.0569,0.0823,0.2078,0.0783,0.0356,0.1706,0.1241,0.0,0.0516
CT017571,Zone_08,Zone_05,0.2043,0.1109,0.0815,0.0859,0.0815,0.2043,0.0764,0.0962,0.0973,0.079,0.087
CT002395,Zone_07,Zone_01,0.2138,0.2138,0.1346,0.0584,0.0819,0.0,0.0,0.166,0.208,0.0,0.1373
CT006184,Zone_07,Zone_01,0.1141,0.1141,0.0883,0.0883,0.1037,0.1139,0.1113,0.0978,0.0876,0.1007,0.0942
CT002260,Zone_08,Zone_10,0.3132,0.0976,0.1536,0.1333,0.0467,0.0,0.144,0.0,0.1117,0.0,0.3132
CT012544,Zone_07,Zone_01,0.1141,0.1141,0.0883,0.0883,0.1037,0.1139,0.1113,0.0978,0.0876,0.1007,0.0942
CT000082,Zone_08,Zone_10,0.1591,0.088,0.1265,0.116,0.1061,0.1035,0.0582,0.1351,0.1076,0.0,0.1591
CT008599,Zone_08,Zone_02,0.1388,0.0964,0.1388,0.1316,0.1033,0.0717,0.1277,0.11,0.1089,0.0262,0.0856
CT005271,Zone_10,Zone_01,0.337,0.337,0.0994,0.1438,0.1009,0.0,0.0,0.0962,0.1326,0.0,0.0901
CT011716,Zone_07,Zone_02,0.2493,0.1056,0.2493,0.101,0.0911,0.0,0.2182,0.0868,0.1027,0.0,0.0452
CT014699,Zone_08,Zone_10,0.1591,0.088,0.1265,0.116,0.1061,0.1035,0.0582,0.1351,0.1076,0.0,0.1591
CT015110,Zone_07,Zone_01,0.6249,0.6249,0.0,0.0,0.0,0.0,0.0,0.107,0.2681,0.0,0.0
CT018536,Zone_02,Zone_08,0.618,0.0,0.0,0.0,0.2587,0.0,0.0,0.1233,0.618,0.0,0.0
CT004364,Zone_10,Zone_02,0.1388,0.0964,0.1388,0.1316,0.1033,0.0717,0.1277,0.11,0.1089,0.0262,0.0856
CT012484,Zone_07,Zone_01,0.5693,0.5693,0.0,0.0,0.0,0.0,0.0,0.1733,0.0543,0.0,0.2031
CT003206,Zone_08,Zone_10,0.1569,0.0838,0.0989,0.1073,0.1254,0.0511,0.1391,0.1267,0.1109,0.0,0.1569
CT010724,Zone_03,Zone_04,0.3056,0.2126,0.0558,0.0,0.3056,0.1152,0.0,0.1133,0.1217,0.0,0.0758
CT016270,Zone_07,Zone_01,0.1723,0.1723,0.0775,0.1009,0.1061,0.06,0.0908,0.0927,0.1549,0.0,0.1449
CT009983,Zone_10,Zone_07,0.5442,0.0,0.0,0.0,0.2854,0.0,0.0,0.5442,0.1704,0.0,0.0
CT006545,Zone_04,Zone_01,0.1141,0.1141,0.0883,0.0883,0.1037,0.1139,0.1113,0.0978,0.0876,0.1007,0.0942
CT013058,Zone_07,Zone_05,0.3408,0.0,0.0,0.1074,0.2009,0.3408,0.0,0.1077,0.075,0.0,0.1683
CT011391,Zone_04,Zone_01,0.2019,0.2019,0.0927,0.1839,0.0887,0.0273,0.0993,0.1114,0.0867,0.0,0.108
CT016543,Zone_04,Zone_02,0.4337,0.1378,0.4337,0.0,0.066,0.0,0.0,0.1259,0.2366,0.0,0.0
CT014697,Zone_01,Zone_03,0.3815,0.0,0.0,0.3815,0.0,0.0,0.0,0.0,0.3196,0.0,0.2989
CT010490,Zone_08,Zone_09,0.3731,0.0,0.11,0.1432,0.1004,0.0568,0.0,0.0718,0.07,0.3731,0.0748
CT001830,Zone_08,Zone_10,0.1249,0.1068,0.0762,0.1171,0.094,0.105,0.0696,0.1202,0.1066,0.0796,0.1249
CT008718,Zone_02,Zone_01,0.1141,0.1141,0.0883,0.0883,0.1037,0.1139,0.1113,0.0978,0.0876,0.1007,0.0942
CT013174,Zone_08,Zone_10,0.1249,0.1068,0.0762,0.1171,0.094,0.105,0.0696,0.1202,0.1066,0.0796,0.1249
CT009505,Zone_07,Zone_09,0.3855,0.0181,0.1279,0.111,0.0432,0.0,0.1066,0.1072,0.062,0.3855,0.0386
CT006522,Zone_08,Zone_01,0.5993,0.5993,0.0,0.0,0.1435,0.0,0.0,0.0,0.2572,0.0,0.0
CT018660,Zone_08,Zone_04,0.7589,0.0,0.0,0.0,0.7589,0.0,0.0,0.2411,0.0,0.0,0.0
CT015351,Zone_03,Zone_01,0.1507,0.1507,0.0996,0.1317,0.1126,0.0392,0.0978,0.1046,0.1155,0.0322,0.1161
CT009048,Zone_08,Zone_10,0.2028,0.0237,0.1864,0.0647,0.1816,0.077,0.035,0.0865,0.1423,0.0,0.2028
CT012780,Zone_07,Zone_05,0.2784,0.1402,0.1348,0.1276,0.0448,0.2784,0.023,0.1031,0.098,0.0,0.05
CT019844,Zone_07,Zone_01,0.1141,0.1141,0.0883,0.0883,0.1037,0.1139,0.1113,0.0978,0.0876,0.1007,0.0942
CT012602,Zone_06,Zone_01,0.1403,0.1403,0.0759,0.1078,0.1092,0.114,0.1293,0.1201,0.1003,0.0,0.1032
CT004285,Zone_06,Zone_04,0.1457,0.1204,0.1446,0.1341,0.1457,0.0721,0.0841,0.1085,0.0888,0.0,0.1017
CT002864,Zone_03,Zone_10,0.3029,0.1348,0.1061,0.1013,0.0646,0.0219,0.0597,0.1047,0.1041,0.0,0.3029
CT007820,Zone_08,Zone_10,0.1569,0.0838,0.0989,0.1073,0.1254,0.0511,0.1391,0.1267,0.1109,0.0,0.1569
CT015776,Zone_07,Zone_04,0.2078,0.1928,0.0569,0.0823,0.2078,0.0783,0.0356,0.1706,0.1241,0.0,0.0516
CT019874,Zone_04,Zone_09,0.6641,0.0,0.0979,0.0,0.0397,0.0,0.0,0.0947,0.0593,0.6641,0.0444
CT019503,Zone_07,Zone_02,0.1388,0.0964,0.1388,0.1316,0.1033,0.0717,0.1277,0.11,0.1089,0.0262,0.0856
CT005881,Zone_04,Zone_07,0.1716,0.1378,0.1479,0.0428,0.09,0.1425,0.0555,0.1716,0.1183,0.0669,0.0268
CT013188,Zone_03,Zone_02,0.245,0.2335,0.245,0.1063,0.1864,0.1265,0.0,0.0355,0.0668,0.0,0.0
CT013895,Zone_01,Zone_04,0.8075,0.0,0.0,0.0,0.8075,0.0,0.0,0.1925,0.0,0.0,0.0
CT004274,Zone_07,Zone_04,0.1798,0.0577,0.1136,0.1578,0.1798,0.0469,0.0852,0.1352,0.1156,0.0,0.1081
CT001154,Zone_03,Zone_08,0.2525,0.1961,0.0772,0.067,0.047,0.0797,0.0,0.1232,0.2525,0.0,0.1574
CT011950,Zone_08,Zone_06,0.4698,0.0,0.0,0.0,0.4575,0.0,0.4698,0.0727,0.0,0.0,0.0
CT004532,Zone_04,Zone_09,0.6872,0.0,0.0,0.0,0.0617,0.1046,0.095,0.0147,0.0368,0.6872,0.0
CT014691,Zone_06,Zone_04,0.77,0.0,0.0,0.0,0.77,0.0,0.0,0.0,0.23,0.0,0.0
CT019988,Zone_07,Zone_05,0.2784,0.1402,0.1348,0.1276,0.0448,0.2784,0.023,0.1031,0.098,0.0,0.05
CT005142,Zone_07,Zone_06,0.6953,0.0,0.0,0.1073,0.0,0.0,0.6953,0.1076,0.0899,0.0,0.0
CT007514,Zone_07,Zone_02,0.1388,0.0964,0.1388,0.1316,0.1033,0.0717,0.1277,0.11,0.1089,0.0262,0.0856
CT015396,Zone_06,Zone_05,0.1425,0.1169,0.1117,0.0884,0.088,0.1425,0.1232,0.1011,0.1075,0.0223,0.0983
CT008740,Zone_07,Zone_08,0.5482,0.0,0.0,0.0,0.306,0.0,0.0,0.1458,0.5482,0.0,0.0
CT016345,Zone_07,Zone_10,0.1249,0.1068,0.0762,0.1171,0.094,0.105,0.0696,0.1202,0.1066,0.0796,0.1249
CT001580,Zone_07,Zone_02,0.2082,0.1323,0.2082,0.2033,0.0951,0.0,0.0488,0.1209,0.0852,0.0,0.1062
CT019081,Zone_08,Zone_01,0.1141,0.1141,0.0883,0.0883,0.1037,0.1139,0.1113,0.0978,0.0876,0.1007,0.0942
CT002546,Zone_05,Zone_08,0.3795,0.0,0.0,0.0,0.3177,0.0,0.0,0.3029,0.3795,0.0,0.0
CT001046,Zone_04,Zone_09,0.1658,0.132,0.1039,0.0795,0.1041,0.0757,0.0916,0.0886,0.1088,0.1658,0.0498
CT002075,Zone_05,Zone_06,0.7214,0.0,0.0,0.167,0.0,0.0,0.7214,0.1116,0.0,0.0,0.0
CT004981,Zone_06,Zone_06,0.8662,0.0,0.0,0.1002,0.0,0.0,0.8662,0.0335,0.0,0.0,0.0
CT006402,Zone_01,Zone_01,0.1403,0.1403,0.0759,0.1078,0.1092,0.114,0.1293,0.1201,0.1003,0.0,0.1032
CT013406,Zone_08,Zone_06,0.809,0.0,0.0539,0.0,0.0,0.0,0.809,0.0782,0.0588,0.0,0.0
CT003999,Zone_04,Zone_10,0.1737,0.1025,0.1076,0.1342,0.1105,0.0972,0.0756,0.1131,0.0855,0.0,0.1737
CT008178,Zone_07,Zone_10,0.1591,0.088,0.1265,0.116,0.1061,0.1035,0.0582,0.1351,0.1076,0.0,0.1591
CT019174,Zone_04,Zone_01,0.1507,0.1507,0.0996,0.1317,0.1126,0.0392,0.0978,0.1046,0.1155,0.0322,0.1161
CT002825,Zone_10,Zone_06,0.2477,0.0672,0.0925,0.1032,0.1045,0.0273,0.2477,0.0537,0.0528,0.1793,0.0719
CT013837,Zone_07,Zone_05,0.2043,0.1109,0.0815,0.0859,0.0815,0.2043,0.0764,0.0962,0.0973,0.079,0.087
CT000646,Zone_06,Zone_04,0.1798,0.0577,0.1136,0.1578,0.1798,0.0469,0.0852,0.1352,0.1156,0.0,0.1081
CT011723,Zone_07,Zone_09,0.6623,0.1241,0.0976,0.0,0.0594,0.0,0.0,0.0566,0.0,0.6623,0.0
CT006219,Zone_01,Zone_01,0.1141,0.1141,0.0883,0.0883,0.1037,0.1139,0.1113,0.0978,0.0876,0.1007,0.0942
CT010605,Zone_08,Zone_09,0.6606,0.2475,0.0,0.0,0.0,0.0,0.0,0.0565,0.0354,0.6606,0.0
CT012964,Zone_07,Zone_01,0.1141,0.1141,0.0883,0.0883,0.1037,0.1139,0.1113,0.0978,0.0876,0.1007,0.0942
CT019333,Zone_07,Zone_10,0.1249,0.1068,0.0762,0.1171,0.094,0.105,0.0696,0.1202,0.1066,0.0796,0.1249
CT002781,Zone_03,Zone_01,0.1141,0.1141,0.0883,0.0883,0.1037,0.1139,0.1113,0.0978,0.0876,0.1007,0.0942
CT005844,Zone_07,Zone_10,0.1591,0.088,0.1265,0.116,0.1061,0.1035,0.0582,0.1351,0.1076,0.0,0.1591
CT016272,Zone_09,Zone_05,0.1425,0.1169,0.1117,0.0884,0.088,0.1425,0.1232,0.1011,0.1075,0.0223,0.0983
CT019999,Zone_08,Zone_10,0.1591,0.088,0.1265,0.116,0.1061,0.1035,0.0582,0.1351,0.1076,0.0,0.1591
CT010647,Zone_08,Zone_02,0.1388,0.0964,0.1388,0.1316,0.1033,0.0717,0.1277,0.11,0.1089,0.0262,0.0856
CT019947,Zone_07,Zone_04,0.586,0.0,0.3209,0.0,0.586,0.0,0.0,0.0931,0.0,0.0,0.0
CT005332,Zone_07,Zone_01,0.1507,0.1507,0.0996,0.1317,0.1126,0.0392,0.0978,0.1046,0.1155,0.0322,0.1161
CT003346,Zone_08,Zone_05,0.2199,0.0773,0.1217,0.1452,0.0648,0.2199,0.1141,0.0883,0.1272,0.0,0.0414
CT005609,Zone_08,Zone_06,0.5979,0.0,0.1594,0.1384,0.0,0.0,0.5979,0.0463,0.058,0.0,0.0
CT019514,Zone_07,Zone_03,0.1402,0.1303,0.1153,0.1402,0.1202,0.0953,0.0817,0.093,0.109,0.0174,0.0976
CT013136,Zone_10,Zone_09,0.2122,0.1034,0.0876,0.1086,0.0609,0.0388,0.1056,0.1053,0.0842,0.2122,0.0936
CT018254,Zone_01,Zone_01,0.6681,0.6681,0.0,0.0,0.16,0.0,0.0,0.0763,0.0956,0.0,0.0
CT004521,Zone_03,Zone_08,0.3449,0.1507,0.0,0.0,0.1444,0.0,0.2224,0.1376,0.3449,0.0,0.0
CT006517,Zone_07,Zone_02,0.1388,0.0964,0.1388,0.1316,0.1033,0.0717,0.1277,0.11,0.1089,0.0262,0.0856
CT014939,Zone_07,Zone_09,0.2122,0.1034,0.0876,0.1086,0.0609,0.0388,0.1056,0.1053,0.0842,0.2122,0.0936
CT007530,Zone_01,Zone_05,0.3679,0.0754,0.1187,0.1546,0.0723,0.3679,0.0,0.1895,0.0216,0.0,0.0
CT013699,Zone_04,Zone_01,0.1141,0.1141,0.0883,0.0883,0.1037,0.1139,0.1113,0.0978,0.0876,0.1007,0.0942
CT015302,Zone_01,Zone_10,0.1591,0.088,0.1265,0.116,0.1061,0.1035,0.0582,0.1351,0.1076,0.0,0.1591
CT001845,Zone_03,Zone_03,0.33,0.0805,0.0634,0.33,0.2315,0.0,0.0,0.1103,0.1843,0.0,0.0
CT016878,Zone_02,Zone_05,0.1586,0.0976,0.1097,0.1048,0.0868,0.1586,0.144,0.0923,0.0718,0.0,0.1343
CT014213,Zone_03,Zone_02,0.1388,0.0964,0.1388,0.1316,0.1033,0.0717,0.1277,0.11,0.1089,0.0262,0.0856
CT004956,Zone_04,Zone_03,0.1402,0.1303,0.1153,0.1402,0.1202,0.0953,0.0817,0.093,0.109,0.0174,0.0976
CT017983,Zone_06,Zone_03,0.6141,0.0,0.0,0.6141,0.0,0.0,0.0,0.0,0.3859,0.0,0.0
CT013838,Zone_05,Zone_06,0.7214,0.0,0.0,0.167,0.0,0.0,0.7214,0.1116,0.0,0.0,0.0
CT010501,Zone_05,Zone_01,0.2019,0.2019,0.0927,0.1839,0.0887,0.0273,0.0993,0.1114,0.0867,0.0,0.108
CT003157,Zone_02,Zone_01,0.1723,0.1723,0.0775,0.1009,0.1061,0.06,0.0908,0.0927,0.1549,0.0,0.1449
CT014817,Zone_07,Zone_09,0.7439,0.0,0.1096,0.0,0.0667,0.0,0.0,0.0,0.0797,0.7439,0.0
CT019780,Zone_01,Zone_01,0.1141,0.1141,0.0883,0.0883,0.1037,0.1139,0.1113,0.0978,0.0876,0.1007,0.0942
CT002061,Zone_10,Zone_08,0.2333,0.1133,0.1069,0.0309,0.0868,0.2209,0.0334,0.0776,0.2333,0.0,0.0969
CT013935,Zone_07,Zone_01,0.2019,0.2019,0.0927,0.1839,0.0887,0.0273,0.0993,0.1114,0.0867,0.0,0.108
CT011630,Zone_07,Zone_10,0.2151,0.1675,0.0659,0.0687,0.1284,0.0545,0.0989,0.1339,0.0671,0.0,0.2151
CT014337,Zone_08,Zone_10,0.1249,0.1068,0.0762,0.1171,0.094,0.105,0.0696,0.1202,0.1066,0.0796,0.1249
CT005808,Zone_07,Zone_02,0.1388,0.0964,0.1388,0.1316,0.1033,0.0717,0.1277,0.11,0.1089,0.0262,0.0856
CT008583,Zone_07,Zone_02,0.5585,0.0,0.5585,0.0,0.34,0.0,0.0,0.0,0.1015,0.0,0.0
CT001061,Zone_10,Zone_10,0.1249,0.1068,0.0762,0.1171,0.094,0.105,0.0696,0.1202,0.1066,0.0796,0.1249
CT007004,Zone_07,Zone_01,0.2019,0.2019,0.0927,0.1839,0.0887,0.0273,0.0993,0.1114,0.0867,0.0,0.108
CT003264,Zone_08,Zone_03,0.1402,0.1303,0.1153,0.1402,0.1202,0.0953,0.0817,0.093,0.109,0.0174,0.0976
CT002234,Zone_10,Zone_02,0.1388,0.0964,0.1388,0.1316,0.1033,0.0717,0.1277,0.11,0.1089,0.0262,0.0856
CT013940,Zone_06,Zone_10,0.4151,0.0,0.0,0.0,0.1858,0.0,0.0,0.1771,0.222,0.0,0.4151
CT001374,Zone_07,Zone_04,0.1457,0.1204,0.1446,0.1341,0.1457,0.0721,0.0841,0.1085,0.0888,0.0,0.1017
CT016783,Zone_02,Zone_10,0.1249,0.1068,0.0762,0.1171,0.094,0.105,0.0696,0.1202,0.1066,0.0796,0.1249
CT013327,Zone_06,Zone_02,0.3867,0.1229,0.3867,0.0559,0.0392,0.0,0.0604,0.159,0.1758,0.0,0.0
CT000454,Zone_01,Zone_05,0.5704,0.0,0.0,0.1198,0.0841,0.5704,0.0,0.1002,0.1255,0.0,0.0
CT011967,Zone_08,Zone_04,0.3056,0.2126,0.0558,0.0,0.3056,0.1152,0.0,0.1133,0.1217,0.0,0.0758
CT009771,Zone_05,Zone_09,0.5919,0.1109,0.0,0.1514,0.0,0.0,0.0,0.0506,0.0952,0.5919,0.0
CT006245,Zone_03,Zone_02,0.1388,0.0964,0.1388,0.1316,0.1033,0.0717,0.1277,0.11,0.1089,0.0262,0.0856
CT019358,Zone_02,Zone_04,0.367,0.0,0.0,0.157,0.367,0.0,0.0,0.2624,0.1315,0.0,0.082
CT015880,Zone_07,Zone_05,0.5966,0.1836,0.0,0.1254,0.0,0.5966,0.0,0.0419,0.0525,0.0,0.0
CT015243,Zone_03,Zone_01,0.1141,0.1141,0.0883,0.0883,0.1037,0.1139,0.1113,0.0978,0.0876,0.1007,0.0942
CT015567,Zone_07,Zone_02,0.166,0.1356,0.166,0.0926,0.13,0.0735,0.1334,0.0654,0.0905,0.0,0.1129
CT010340,Zone_08,Zone_02,0.1388,0.0964,0.1388,0.1316,0.1033,0.0717,0.1277,0.11,0.1089,0.0262,0.0856
CT013245,Zone_04,Zone_10,0.1591,0.088,0.1265,0.116,0.1061,0.1035,0.0582,0.1351,0.1076,0.0,0.1591
CT015354,Zone_07,Zone_09,0.2122,0.1034,0.0876,0.1086,0.0609,0.0388,0.1056,0.1053,0.0842,0.2122,0.0936
CT013142,Zone_02,Zone_10,0.3745,0.35,0.2754,0.0,0.0,0.0,0.0,0.0,0.0,0.0,0.3745
CT015735,Zone_07,Zone_10,0.2834,0.0,0.0,0.1809,0.1269,0.0,0.0,0.1814,0.2273,0.0,0.2834
CT007361,Zone_08,Zone_06,0.2647,0.0,0.0941,0.2042,0.0573,0.0,0.2647,0.1365,0.0513,0.0,0.1919
CT012161,Zone_02,Zone_01,0.1733,0.1733,0.0909,0.1315,0.0646,0.1565,0.0284,0.1539,0.0771,0.0,0.1237
CT007762,Zone_10,Zone_10,0.1591,0.088,0.1265,0.116,0.1061,0.1035,0.0582,0.1351,0.1076,0.0,0.1591
CT009990,Zone_04,Zone_10,0.1249,0.1068,0.0762,0.1171,0.094,0.105,0.0696,0.1202,0.1066,0.0796,0.1249
CT013885,Zone_08,Zone_01,0.1507,0.1507,0.0996,0.1317,0.1126,0.0392,0.0978,0.1046,0.1155,0.0322,0.1161
CT001692,Zone_06,Zone_05,0.1425,0.1169,0.1117,0.0884,0.088,0.1425,0.1232,0.1011,0.1075,0.0223,0.0983
CT015993,Zone_03,Zone_01,0.1507,0.1507,0.0996,0.1317,0.1126,0.0392,0.0978,0.1046,0.1155,0.0322,0.1161
CT006582,Zone_07,Zone_01,0.1507,0.1507,0.0996,0.1317,0.1126,0.0392,0.0978,0.1046,0.1155,0.0322,0.1161
CT014420,Zone_01,Zone_06,0.2477,0.0672,0.0925,0.1032,0.1045,0.0273,0.2477,0.0537,0.0528,0.1793,0.0719
CT007553,Zone_04,Zone_05,0.2171,0.0742,0.0701,0.1014,0.0356,0.2171,0.1752,0.0678,0.1316,0.0,0.1271
CT018781,Zone_08,Zone_04,0.1457,0.1204,0.1446,0.1341,0.1457,0.0721,0.0841,0.1085,0.0888,0.0,0.1017
CT019256,Zone_02,Zone_06,0.32,0.1446,0.1138,0.0988,0.0346,0.0,0.32,0.066,0.1448,0.0,0.0774
CT009256,Zone_01,Zone_01,0.1141,0.1141,0.0883,0.0883,0.1037,0.1139,0.1113,0.0978,0.0876,0.1007,0.0942
CT012687,Zone_07,Zone_02,0.2493,0.1056,0.2493,0.101,0.0911,0.0,0.2182,0.0868,0.1027,0.0,0.0452
CT017407,Zone_04,Zone_05,0.3911,0.2407,0.0,0.0,0.2306,0.3911,0.0,0.0,0.1377,0.0,0.0
CT003347,Zone_07,Zone_05,0.2043,0.1109,0.0815,0.0859,0.0815,0.2043,0.0764,0.0962,0.0973,0.079,0.087
CT001746,Zone_07,Zone_10,0.4356,0.0,0.3203,0.0,0.0,0.0,0.0,0.1859,0.0582,0.0,0.4356
CT001279,Zone_07,Zone_04,0.1457,0.1204,0.1446,0.1341,0.1457,0.0721,0.0841,0.1085,0.0888,0.0,0.1017
CT011040,Zone_07,Zone_06,0.2477,0.0672,0.0925,0.1032,0.1045,0.0273,0.2477,0.0537,0.0528,0.1793,0.0719
CT012358,Zone_04,Zone_01,0.1507,0.1507,0.0996,0.1317,0.1126,0.0392,0.0978,0.1046,0.1155,0.0322,0.1161
CT018440,Zone_03,Zone_10,0.2151,0.1675,0.0659,0.0687,0.1284,0.0545,0.0989,0.1339,0.0671,0.0,0.2151
CT003092,Zone_06,Zone_03,0.1402,0.1303,0.1153,0.1402,0.1202,0.0953,0.0817,0.093,0.109,0.0174,0.0976
CT013598,Zone_07,Zone_03,0.1402,0.1303,0.1153,0.1402,0.1202,0.0953,0.0817,0.093,0.109,0.0174,0.0976
CT011116,Zone_08,Zone_10,0.1249,0.1068,0.0762,0.1171,0.094,0.105,0.0696,0.1202,0.1066,0.0796,0.1249
CT013367,Zone_08,Zone_09,0.7522,0.0,0.0,0.0,0.135,0.0,0.0,0.0322,0.0806,0.7522,0.0
CT005362,Zone_02,Zone_03,0.197,0.0961,0.0908,0.197,0.129,0.0625,0.0,0.1361,0.165,0.0,0.1235
CT007978,Zone_10,Zone_01,0.2138,0.2138,0.1346,0.0584,0.0819,0.0,0.0,0.166,0.208,0.0,0.1373
CT019219,Zone_10,Zone_10,0.1737,0.1025,0.1076,0.1342,0.1105,0.0972,0.0756,0.1131,0.0855,0.0,0.1737
CT008245,Zone_10,Zone_10,0.3555,0.0,0.0,0.2269,0.0,0.0,0.0,0.2276,0.1901,0.0,0.3555
CT004130,Zone_06,Zone_05,0.1425,0.1169,0.1117,0.0884,0.088,0.1425,0.1232,0.1011,0.1075,0.0223,0.0983
CT002667,Zone_06,Zone_02,0.1601,0.0872,0.1601,0.1191,0.0835,0.1417,0.0,0.1261,0.158,0.0,0.1244
CT015590,Zone_07,Zone_10,0.1249,0.1068,0.0762,0.1171,0.094,0.105,0.0696,0.1202,0.1066,0.0796,0.1249
CT006774,Zone_10,Zone_06,0.4987,0.0,0.0,0.2308,0.0,0.0,0.4987,0.0772,0.1934,0.0,0.0
CT017756,Zone_07,Zone_03,0.7434,0.0,0.0,0.7434,0.1738,0.0,0.0,0.0828,0.0,0.0,0.0
CT015010,Zone_08,Zone_05,0.2043,0.1109,0.0815,0.0859,0.0815,0.2043,0.0764,0.0962,0.0973,0.079,0.087
CT011019,Zone_03,Zone_10,0.1249,0.1068,0.0762,0.1171,0.094,0.105,0.0696,0.1202,0.1066,0.0796,0.1249
CT001847,Zone_04,Zone_01,0.1141,0.1141,0.0883,0.0883,0.1037,0.1139,0.1113,0.0978,0.0876,0.1007,0.0942
CT008887,Zone_02,Zone_09,0.8546,0.0,0.0,0.0,0.0767,0.0,0.0,0.0,0.0687,0.8546,0.0
CT004703,Zone_04,Zone_10,0.1249,0.1068,0.0762,0.1171,0.094,0.105,0.0696,0.1202,0.1066,0.0796,0.1249
CT013283,Zone_09,Zone_01,0.1507,0.1507,0.0996,0.1317,0.1126,0.0392,0.0978,0.1046,0.1155,0.0322,0.1161
CT000194,Zone_07,Zone_05,0.231,0.0474,0.1118,0.0971,0.0454,0.231,0.2097,0.0649,0.0407,0.0,0.1521
CT002015,Zone_08,Zone_06,0.1824,0.0742,0.0876,0.1013,0.0888,0.1406,0.1824,0.0903,0.1026,0.066,0.0661
CT011611,Zone_02,Zone_10,0.1973,0.0691,0.0181,0.1259,0.1546,0.1873,0.0,0.1158,0.1319,0.0,0.1973
CT011047,Zone_07,Zone_01,0.1141,0.1141,0.0883,0.0883,0.1037,0.1139,0.1113,0.0978,0.0876,0.1007,0.0942
CT016387,Zone_01,Zone_02,0.1388,0.0964,0.1388,0.1316,0.1033,0.0717,0.1277,0.11,0.1089,0.0262,0.0856
CT002235,Zone_07,Zone_05,0.1425,0.1169,0.1117,0.0884,0.088,0.1425,0.1232,0.1011,0.1075,0.0223,0.0983
CT014149,Zone_08,Zone_02,0.1388,0.0964,0.1388,0.1316,0.1033,0.0717,0.1277,0.11,0.1089,0.0262,0.0856
CT016098,Zone_03,Zone_05,0.2171,0.0742,0.0701,0.1014,0.0356,0.2171,0.1752,0.0678,0.1316,0.0,0.1271
CT008504,Zone_08,Zone_10,0.2028,0.0237,0.1864,0.0647,0.1816,0.077,0.035,0.0865,0.1423,0.0,0.2028
CT010153,Zone_02,Zone_08,0.3449,0.1507,0.0,0.0,0.1444,0.0,0.2224,0.1376,0.3449,0.0,0.0
CT006191,Zone_07,Zone_02,0.1388,0.0964,0.1388,0.1316,0.1033,0.0717,0.1277,0.11,0.1089,0.0262,0.0856
CT014620,Zone_03,Zone_10,0.3029,0.1348,0.1061,0.1013,0.0646,0.0219,0.0597,0.1047,0.1041,0.0,0.3029
CT000032,Zone_10,Zone_06,0.2431,0.1177,0.1296,0.1125,0.1691,0.0383,0.2431,0.1021,0.0875,0.0,0.0
CT016518,Zone_07,Zone_01,0.1141,0.1141,0.0883,0.0883,0.1037,0.1139,0.1113,0.0978,0.0876,0.1007,0.0942
CT010483,Zone_07,Zone_06,0.7918,0.0,0.0,0.0,0.0857,0.0,0.7918,0.1225,0.0,0.0,0.0
CT008502,Zone_07,Zone_07,0.3191,0.0,0.2749,0.2386,0.1674,0.0,0.0,0.3191,0.0,0.0,0.0
CT013939,Zone_08,Zone_01,0.2233,0.2233,0.0351,0.122,0.0428,0.2178,0.1318,0.1122,0.115,0.0,0.0
CT000383,Zone_07,Zone_01,0.1141,0.1141,0.0883,0.0883,0.1037,0.1139,0.1113,0.0978,0.0876,0.1007,0.0942
CT001259,Zone_07,Zone_02,0.1388,0.0964,0.1388,0.1316,0.1033,0.0717,0.1277,0.11,0.1089,0.0262,0.0856
CT018794,Zone_09,Zone_01,0.1141,0.1141,0.0883,0.0883,0.1037,0.1139,0.1113,0.0978,0.0876,0.1007,0.0942
CT018193,Zone_01,Zone_03,0.5121,0.0,0.295,0.5121,0.0,0.0,0.0,0.0856,0.1073,0.0,0.0
CT012954,Zone_08,Zone_09,0.1658,0.132,0.1039,0.0795,0.1041,0.0757,0.0916,0.0886,0.1088,0.1658,0.0498
CT007983,Zone_06,Zone_04,0.5932,0.0,0.0,0.0,0.5932,0.0,0.0,0.0,0.1417,0.0,0.265
CT012498,Zone_05,Zone_02,0.2419,0.0615,0.2419,0.2099,0.1178,0.0,0.0,0.2106,0.1583,0.0,0.0
CT007173,Zone_08,Zone_01,0.1141,0.1141,0.0883,0.0883,0.1037,0.1139,0.1113,0.0978,0.0876,0.1007,0.0942
CT004494,Zone_03,Zone_03,0.6377,0.0,0.0,0.6377,0.1491,0.0,0.0,0.2132,0.0,0.0,0.0
CT014334,Zone_02,Zone_01,0.2019,0.2019,0.0927,0.1839,0.0887,0.0273,0.0993,0.1114,0.0867,0.0,0.108
CT013583,Zone_07,Zone_08,0.3326,0.0,0.3049,0.0,0.1856,0.0,0.0,0.1769,0.3326,0.0,0.0
CT002789,Zone_10,Zone_01,0.2138,0.2138,0.1346,0.0584,0.0819,0.0,0.0,0.166,0.208,0.0,0.1373
CT011048,Zone_08,Zone_08,0.2123,0.131,0.1031,0.1193,0.0837,0.071,0.0,0.1396,0.2123,0.0,0.1402
CT019661,Zone_08,Zone_01,0.337,0.337,0.0994,0.1438,0.1009,0.0,0.0,0.0962,0.1326,0.0,0.0901
CT001233,Zone_01,Zone_01,0.1141,0.1141,0.0883,0.0883,0.1037,0.1139,0.1113,0.0978,0.0876,0.1007,0.0942
CT015933,Zone_02,Zone_01,0.1733,0.1733,0.0909,0.1315,0.0646,0.1565,0.0284,0.1539,0.0771,0.0,0.1237
CT000512,Zone_07,Zone_06,0.2024,0.0915,0.1439,0.0625,0.1314,0.0743,0.2024,0.1044,0.0916,0.0,0.0979
CT017314,Zone_06,Zone_10,0.2028,0.0237,0.1864,0.0647,0.1816,0.077,0.035,0.0865,0.1423,0.0,0.2028
CT012501,Zone_07,Zone_06,0.2431,0.1177,0.1296,0.1125,0.1691,0.0383,0.2431,0.1021,0.0875,0.0,0.0
CT002870,Zone_02,Zone_09,0.5421,0.0,0.0,0.0,0.0486,0.0,0.1498,0.0927,0.0581,0.5421,0.1086
CT015451,Zone_04,Zone_03,0.7434,0.0,0.0,0.7434,0.1738,0.0,0.0,0.0828,0.0,0.0,0.0
CT005117,Zone_08,Zone_02,0.2419,0.0615,0.2419,0.2099,0.1178,0.0,0.0,0.2106,0.1583,0.0,0.0
CT002716,Zone_01,Zone_01,0.1141,0.1141,0.0883,0.0883,0.1037,0.1139,0.1113,0.0978,0.0876,0.1007,0.0942
CT010802,Zone_04,Zone_10,0.1591,0.088,0.1265,0.116,0.1061,0.1035,0.0582,0.1351,0.1076,0.0,0.1591
CT002606,Zone_03,Zone_09,0.6271,0.0,0.1848,0.0,0.0,0.0,0.0,0.0536,0.1344,0.6271,0.0
CT018086,Zone_03,Zone_03,0.3372,0.0,0.0,0.3372,0.1577,0.0,0.0,0.1879,0.1412,0.0,0.1761
CT009286,Zone_03,Zone_04,0.4822,0.0,0.0,0.0,0.4822,0.0,0.0,0.2298,0.288,0.0,0.0
CT018800,Zone_05,Zone_09,0.3083,0.0,0.0454,0.0789,0.2213,0.1877,0.0,0.0923,0.0661,0.3083,0.0
CT000907,Zone_08,Zone_09,0.1658,0.132,0.1039,0.0795,0.1041,0.0757,0.0916,0.0886,0.1088,0.1658,0.0498
CT005264,Zone_07,Zone_04,0.2332,0.0304,0.1676,0.0623,0.2332,0.0495,0.0898,0.1389,0.1306,0.0,0.0977
CT011779,Zone_05,Zone_09,0.1658,0.132,0.1039,0.0795,0.1041,0.0757,0.0916,0.0886,0.1088,0.1658,0.0498
CT013191,Zone_04,Zone_01,0.1141,0.1141,0.0883,0.0883,0.1037,0.1139,0.1113,0.0978,0.0876,0.1007,0.0942
CT011795,Zone_08,Zone_02,0.9324,0.0,0.9324,0.0,0.0,0.0,0.0,0.0676,0.0,0.0,0.0
CT014951,Zone_07,Zone_10,0.1591,0.088,0.1265,0.116,0.1061,0.1035,0.0582,0.1351,0.1076,0.0,0.1591
CT005734,Zone_06,Zone_02,0.1388,0.0964,0.1388,0.1316,0.1033,0.0717,0.1277,0.11,0.1089,0.0262,0.0856
CT005847,Zone_10,Zone_10,0.2666,0.0,0.196,0.0,0.2387,0.0,0.0,0.2275,0.0713,0.0,0.2666
CT009695,Zone_07,Zone_05,0.4957,0.0,0.0,0.1042,0.3653,0.4957,0.0,0.0348,0.0,0.0,0.0
CT000423,Zone_02,Zone_10,0.2449,0.2288,0.0,0.0781,0.0731,0.062,0.1126,0.1132,0.0873,0.0,0.2449
CT009973,Zone_10,Zone_05,0.1586,0.0976,0.1097,0.1048,0.0868,0.1586,0.144,0.0923,0.0718,0.0,0.1343
CT000895,Zone_07,Zone_06,0.2431,0.1177,0.1296,0.1125,0.1691,0.0383,0.2431,0.1021,0.0875,0.0,0.0
CT017845,Zone_07,Zone_01,0.1141,0.1141,0.0883,0.0883,0.1037,0.1139,0.1113,0.0978,0.0876,0.1007,0.0942
CT010593,Zone_08,Zone_01,0.1141,0.1141,0.0883,0.0883,0.1037,0.1139,0.1113,0.0978,0.0876,0.1007,0.0942
CT007637,Zone_08,Zone_03,0.197,0.0961,0.0908,0.197,0.129,0.0625,0.0,0.1361,0.165,0.0,0.1235
CT015618,Zone_01,Zone_05,0.1425,0.1169,0.1117,0.0884,0.088,0.1425,0.1232,0.1011,0.1075,0.0223,0.0983
CT013002,Zone_07,Zone_09,0.3918,0.0734,0.0433,0.0627,0.0967,0.0596,0.0812,0.0628,0.0892,0.3918,0.0393
CT005085,Zone_10,Zone_05,0.4957,0.0,0.0,0.1042,0.3653,0.4957,0.0,0.0348,0.0,0.0,0.0
CT004429,Zone_04,Zone_02,0.1388,0.0964,0.1388,0.1316,0.1033,0.0717,0.1277,0.11,0.1089,0.0262,0.0856
CT014897,Zone_02,Zone_01,0.1507,0.1507,0.0996,0.1317,0.1126,0.0392,0.0978,0.1046,0.1155,0.0322,0.1161
CT015369,Zone_04,Zone_10,0.1249,0.1068,0.0762,0.1171,0.094,0.105,0.0696,0.1202,0.1066,0.0796,0.1249
CT007909,Zone_07,Zone_10,0.5741,0.0,0.2111,0.0,0.0,0.0,0.0,0.0613,0.1535,0.0,0.5741
CT004324,Zone_02,Zone_06,0.5461,0.0,0.0,0.0722,0.152,0.0,0.5461,0.1087,0.121,0.0,0.0
CT010619,Zone_10,Zone_09,0.2122,0.1034,0.0876,0.1086,0.0609,0.0388,0.1056,0.1053,0.0842,0.2122,0.0936
CT001470,Zone_03,Zone_07,0.8482,0.0,0.0,0.0,0.0,0.0,0.0,0.8482,0.1518,0.0,0.0
CT010118,Zone_07,Zone_01,0.1141,0.1141,0.0883,0.0883,0.1037,0.1139,0.1113,0.0978,0.0876,0.1007,0.0942
CT018889,Zone_07,Zone_05,0.1425,0.1169,0.1117,0.0884,0.088,0.1425,0.1232,0.1011,0.1075,0.0223,0.0983
CT011819,Zone_02,Zone_02,0.1388,0.0964,0.1388,0.1316,0.1033,0.0717,0.1277,0.11,0.1089,0.0262,0.0856
CT015456,Zone_10,Zone_01,0.1141,0.1141,0.0883,0.0883,0.1037,0.1139,0.1113,0.0978,0.0876,0.1007,0.0942
CT005530,Zone_07,Zone_03,0.197,0.0961,0.0908,0.197,0.129,0.0625,0.0,0.1361,0.165,0.0,0.1235
CT012530,Zone_03,Zone_05,0.1425,0.1169,0.1117,0.0884,0.088,0.1425,0.1232,0.1011,0.1075,0.0223,0.0983
CT018439,Zone_01,Zone_04,0.2078,0.1928,0.0569,0.0823,0.2078,0.0783,0.0356,0.1706,0.1241,0.0,0.0516
CT018205,Zone_02,Zone_05,0.8277,0.0,0.1336,0.0,0.0,0.8277,0.0,0.0388,0.0,0.0,0.0
CT013811,Zone_03,Zone_01,0.1141,0.1141,0.0883,0.0883,0.1037,0.1139,0.1113,0.0978,0.0876,0.1007,0.0942
CT015936,Zone_02,Zone_04,0.2792,0.0,0.0,0.2654,0.2792,0.0,0.0,0.1775,0.2779,0.0,0.0
CT009280,Zone_06,Zone_06,0.1863,0.1052,0.0331,0.115,0.1311,0.0342,0.1863,0.1153,0.1445,0.0,0.1351
CT005521,Zone_08,Zone_10,0.3029,0.1348,0.1061,0.1013,0.0646,0.0219,0.0597,0.1047,0.1041,0.0,0.3029
CT002708,Zone_01,Zone_01,0.1141,0.1141,0.0883,0.0883,0.1037,0.1139,0.1113,0.0978,0.0876,0.1007,0.0942
CT002961,Zone_07,Zone_09,0.6271,0.0,0.1848,0.0,0.0,0.0,0.0,0.0536,0.1344,0.6271,0.0
CT001105,Zone_03,Zone_10,0.4318,0.2018,0.0,0.0,0.1933,0.0,0.0,0.0,0.1732,0.0,0.4318
CT008819,Zone_07,Zone_09,0.4326,0.0608,0.0159,0.0968,0.0582,0.0329,0.0299,0.0601,0.1043,0.4326,0.1084
CT011881,Zone_07,Zone_10,0.1569,0.0838,0.0989,0.1073,0.1254,0.0511,0.1391,0.1267,0.1109,0.0,0.1569
CT003407,Zone_07,Zone_10,0.3745,0.35,0.2754,0.0,0.0,0.0,0.0,0.0,0.0,0.0,0.3745
CT014653,Zone_08,Zone_08,0.5849,0.0,0.3217,0.0,0.0,0.0,0.0,0.0934,0.5849,0.0,0.0
CT007037,Zone_03,Zone_03,0.7434,0.0,0.0,0.7434,0.1738,0.0,0.0,0.0828,0.0,0.0,0.0
CT002597,Zone_03,Zone_10,0.1973,0.0691,0.0181,0.1259,0.1546,0.1873,0.0,0.1158,0.1319,0.0,0.1973
CT017198,Zone_04,Zone_05,0.276,0.1698,0.0,0.0,0.0814,0.276,0.0,0.1939,0.0972,0.0,0.1817
CT013197,Zone_07,Zone_02,0.166,0.1356,0.166,0.0926,0.13,0.0735,0.1334,0.0654,0.0905,0.0,0.1129
CT017113,Zone_02,Zone_01,0.1141,0.1141,0.0883,0.0883,0.1037,0.1139,0.1113,0.0978,0.0876,0.1007,0.0942
CT006454,Zone_04,Zone_05,0.2043,0.1109,0.0815,0.0859,0.0815,0.2043,0.0764,0.0962,0.0973,0.079,0.087
CT011416,Zone_07,Zone_02,0.2082,0.1323,0.2082,0.2033,0.0951,0.0,0.0488,0.1209,0.0852,0.0,0.1062
CT012162,Zone_08,Zone_01,0.1141,0.1141,0.0883,0.0883,0.1037,0.1139,0.1113,0.0978,0.0876,0.1007,0.0942
CT007500,Zone_02,Zone_05,0.1425,0.1169,0.1117,0.0884,0.088,0.1425,0.1232,0.1011,0.1075,0.0223,0.0983
CT003778,Zone_02,Zone_03,0.4541,0.0,0.0,0.4541,0.0,0.0,0.0,0.0,0.1902,0.0,0.3557
CT009230,Zone_05,Zone_05,0.6371,0.0,0.0,0.0,0.0939,0.6371,0.0,0.0448,0.2243,0.0,0.0
CT002791,Zone_07,Zone_10,0.1249,0.1068,0.0762,0.1171,0.094,0.105,0.0696,0.1202,0.1066,0.0796,0.1249
CT017436,Zone_07,Zone_06,0.2024,0.0915,0.1439,0.0625,0.1314,0.0743,0.2024,0.1044,0.0916,0.0,0.0979
CT017904,Zone_01,Zone_09,0.1658,0.132,0.1039,0.0795,0.1041,0.0757,0.0916,0.0886,0.1088,0.1658,0.0498
CT010949,Zone_08,Zone_02,0.1601,0.0872,0.1601,0.1191,0.0835,0.1417,0.0,0.1261,0.158,0.0,0.1244
CT010544,Zone_07,Zone_01,0.1507,0.1507,0.0996,0.1317,0.1126,0.0392,0.0978,0.1046,0.1155,0.0322,0.1161
CT010939,Zone_05,Zone_10,0.1249,0.1068,0.0762,0.1171,0.094,0.105,0.0696,0.1202,0.1066,0.0796,0.1249
CT003875,Zone_09,Zone_03,0.1402,0.1303,0.1153,0.1402,0.1202,0.0953,0.0817,0.093,0.109,0.0174,0.0976
CT016779,Zone_07,Zone_01,0.1141,0.1141,0.0883,0.0883,0.1037,0.1139,0.1113,0.0978,0.0876,0.1007,0.0942
CT016571,Zone_07,Zone_02,0.1388,0.0964,0.1388,0.1316,0.1033,0.0717,0.1277,0.11,0.1089,0.0262,0.0856
CT011190,Zone_04,Zone_10,0.2028,0.0237,0.1864,0.0647,0.1816,0.077,0.035,0.0865,0.1423,0.0,0.2028
CT016864,Zone_03,Zone_01,0.1141,0.1141,0.0883,0.0883,0.1037,0.1139,0.1113,0.0978,0.0876,0.1007,0.0942
CT015672,Zone_02,Zone_03,0.1402,0.1303,0.1153,0.1402,0.1202,0.0953,0.0817,0.093,0.109,0.0174,0.0976
CT014618,Zone_08,Zone_01,0.1141,0.1141,0.0883,0.0883,0.1037,0.1139,0.1113,0.0978,0.0876,0.1007,0.0942
CT010551,Zone_06,Zone_10,0.1249,0.1068,0.0762,0.1171,0.094,0.105,0.0696,0.1202,0.1066,0.0796,0.1249
CT006706,Zone_08,Zone_09,0.6623,0.1241,0.0976,0.0,0.0594,0.0,0.0,0.0566,0.0,0.6623,0.0
CT018788,Zone_02,Zone_03,0.197,0.0961,0.0908,0.197,0.129,0.0625,0.0,0.1361,0.165,0.0,0.1235
CT003040,Zone_08,Zone_03,0.1402,0.1303,0.1153,0.1402,0.1202,0.0953,0.0817,0.093,0.109,0.0174,0.0976
CT009689,Zone_03,Zone_05,0.1425,0.1169,0.1117,0.0884,0.088,0.1425,0.1232,0.1011,0.1075,0.0223,0.0983
CT019161,Zone_07,Zone_01,0.2017,0.2017,0.1299,0.1879,0.0527,0.0894,0.0812,0.1131,0.1049,0.0,0.0392
CT006973,Zone_04,Zone_07,0.3348,0.0,0.1648,0.0,0.2007,0.0,0.0,0.3348,0.2997,0.0,0.0
CT012087,Zone_07,Zone_05,0.1743,0.1475,0.1161,0.0549,0.1092,0.1743,0.0396,0.1041,0.0537,0.1432,0.0574
CT004257,Zone_02,Zone_01,0.1141,0.1141,0.0883,0.0883,0.1037,0.1139,0.1113,0.0978,0.0876,0.1007,0.0942
CT015185,Zone_10,Zone_02,0.245,0.2335,0.245,0.1063,0.1864,0.1265,0.0,0.0355,0.0668,0.0,0.0
CT018669,Zone_07,Zone_05,0.2171,0.0742,0.0701,0.1014,0.0356,0.2171,0.1752,0.0678,0.1316,0.0,0.1271
CT010542,Zone_08,Zone_02,0.1601,0.0872,0.1601,0.1191,0.0835,0.1417,0.0,0.1261,0.158,0.0,0.1244
CT009204,Zone_04,Zone_03,0.197,0.0961,0.0908,0.197,0.129,0.0625,0.0,0.1361,0.165,0.0,0.1235
CT002835,Zone_08,Zone_05,0.276,0.1698,0.0,0.0,0.0814,0.276,0.0,0.1939,0.0972,0.0,0.1817
CT015217,Zone_08,Zone_09,0.2401,0.1349,0.0354,0.0614,0.0754,0.0365,0.0663,0.077,0.1286,0.2401,0.1443
CT012787,Zone_08,Zone_03,0.3206,0.1304,0.1231,0.3206,0.1499,0.0424,0.0385,0.1429,0.0522,0.0,0.0
CT003523,Zone_03,Zone_05,0.1425,0.1169,0.1117,0.0884,0.088,0.1425,0.1232,0.1011,0.1075,0.0223,0.0983
CT013937,Zone_07,Zone_06,0.3213,0.0726,0.1142,0.0991,0.1391,0.118,0.3213,0.0166,0.0415,0.0,0.0777
CT002830,Zone_08,Zone_09,0.9462,0.0,0.0,0.0403,0.0,0.0,0.0,0.0135,0.0,0.9462,0.0
CT011152,Zone_03,Zone_03,0.4812,0.0,0.0,0.4812,0.3375,0.0,0.0,0.0804,0.1008,0.0,0.0
CT009923,Zone_08,Zone_01,0.1507,0.1507,0.0996,0.1317,0.1126,0.0392,0.0978,0.1046,0.1155,0.0322,0.1161
CT017358,Zone_07,Zone_01,0.1141,0.1141,0.0883,0.0883,0.1037,0.1139,0.1113,0.0978,0.0876,0.1007,0.0942
CT000890,Zone_08,Zone_04,0.4686,0.0,0.0,0.0,0.4686,0.0,0.0,0.1117,0.4198,0.0,0.0
CT007180,Zone_04,Zone_02,0.1388,0.0964,0.1388,0.1316,0.1033,0.0717,0.1277,0.11,0.1089,0.0262,0.0856
CT001904,Zone_03,Zone_10,0.1249,0.1068,0.0762,0.1171,0.094,0.105,0.0696,0.1202,0.1066,0.0796,0.1249
CT002714,Zone_03,Zone_07,0.5828,0.0,0.0,0.0,0.0,0.0,0.0,0.5828,0.4172,0.0,0.0
CT015659,Zone_07,Zone_06,0.224,0.1619,0.0637,0.0899,0.0776,0.0658,0.224,0.1017,0.1071,0.0,0.1083
CT009245,Zone_05,Zone_06,0.2431,0.1177,0.1296,0.1125,0.1691,0.0383,0.2431,0.1021,0.0875,0.0,0.0
CT016015,Zone_07,Zone_01,0.1141,0.1141,0.0883,0.0883,0.1037,0.1139,0.1113,0.0978,0.0876,0.1007,0.0942
CT002379,Zone_03,Zone_01,0.1733,0.1733,0.0909,0.1315,0.0646,0.1565,0.0284,0.1539,0.0771,0.0,0.1237
CT018387,Zone_10,Zone_06,0.2661,0.0,0.1419,0.0924,0.0864,0.1466,0.2661,0.0927,0.0774,0.0,0.0965
CT002482,Zone_04,Zone_03,0.5438,0.0,0.0,0.5438,0.0954,0.0,0.0,0.0909,0.0569,0.0,0.213
CT011149,Zone_03,Zone_01,0.2233,0.2233,0.0351,0.122,0.0428,0.2178,0.1318,0.1122,0.115,0.0,0.0
CT017032,Zone_02,Zone_03,0.3407,0.1663,0.0,0.3407,0.0398,0.0,0.0,0.2278,0.0476,0.0,0.1779
CT004276,Zone_02,Zone_10,0.7278,0.0,0.0,0.0,0.0,0.0,0.0,0.0776,0.1946,0.0,0.7278
CT012378,Zone_07,Zone_08,0.2333,0.1133,0.1069,0.0309,0.0868,0.2209,0.0334,0.0776,0.2333,0.0,0.0969
CT014789,Zone_08,Zone_02,0.1388,0.0964,0.1388,0.1316,0.1033,0.0717,0.1277,0.11,0.1089,0.0262,0.0856
CT017197,Zone_07,Zone_05,0.2043,0.1109,0.0815,0.0859,0.0815,0.2043,0.0764,0.0962,0.0973,0.079,0.087
CT000882,Zone_08,Zone_10,0.1249,0.1068,0.0762,0.1171,0.094,0.105,0.0696,0.1202,0.1066,0.0796,0.1249
CT018101,Zone_05,Zone_05,0.7806,0.0,0.0,0.0,0.0,0.7806,0.0,0.2194,0.0,0.0,0.0
CT014848,Zone_08,Zone_01,0.1723,0.1723,0.0775,0.1009,0.1061,0.06,0.0908,0.0927,0.1549,0.0,0.1449
CT002860,Zone_08,Zone_10,0.1591,0.088,0.1265,0.116,0.1061,0.1035,0.0582,0.1351,0.1076,0.0,0.1591
CT005873,Zone_03,Zone_01,0.1141,0.1141,0.0883,0.0883,0.1037,0.1139,0.1113,0.0978,0.0876,0.1007,0.0942
CT012775,Zone_08,Zone_02,0.4397,0.0,0.4397,0.0,0.1338,0.0,0.0,0.1276,0.0,0.0,0.2989
CT013998,Zone_08,Zone_01,0.1141,0.1141,0.0883,0.0883,0.1037,0.1139,0.1113,0.0978,0.0876,0.1007,0.0942
CT011710,Zone_08,Zone_01,0.1141,0.1141,0.0883,0.0883,0.1037,0.1139,0.1113,0.0978,0.0876,0.1007,0.0942
CT012212,Zone_02,Zone_03,0.6333,0.0,0.0,0.6333,0.2961,0.0,0.0,0.0706,0.0,0.0,0.0
CT015259,Zone_01,Zone_08,0.5408,0.0,0.2125,0.0,0.0,0.0,0.0,0.2467,0.5408,0.0,0.0
CT006324,Zone_03,Zone_03,0.4206,0.0,0.0,0.4206,0.0983,0.0,0.0,0.1875,0.2936,0.0,0.0
CT012344,Zone_07,Zone_10,0.1569,0.0838,0.0989,0.1073,0.1254,0.0511,0.1391,0.1267,0.1109,0.0,0.1569
CT010889,Zone_05,Zone_02,0.1388,0.0964,0.1388,0.1316,0.1033,0.0717,0.1277,0.11,0.1089,0.0262,0.0856
CT017481,Zone_08,Zone_05,0.1586,0.0976,0.1097,0.1048,0.0868,0.1586,0.144,0.0923,0.0718,0.0,0.1343
CT007824,Zone_04,Zone_09,0.6237,0.0584,0.0689,0.0399,0.056,0.0,0.0,0.0467,0.0752,0.6237,0.0313
CT013144,Zone_07,Zone_10,0.1249,0.1068,0.0762,0.1171,0.094,0.105,0.0696,0.1202,0.1066,0.0796,0.1249
CT003455,Zone_09,Zone_10,0.1591,0.088,0.1265,0.116,0.1061,0.1035,0.0582,0.1351,0.1076,0.0,0.1591
CT010675,Zone_10,Zone_03,0.3972,0.2908,0.2288,0.3972,0.0,0.0,0.0,0.0,0.0832,0.0,0.0
CT006195,Zone_02,Zone_06,0.2647,0.0,0.0941,0.2042,0.0573,0.0,0.2647,0.1365,0.0513,0.0,0.1919
CT001989,Zone_10,Zone_10,0.1249,0.1068,0.0762,0.1171,0.094,0.105,0.0696,0.1202,0.1066,0.0796,0.1249
CT014022,Zone_04,Zone_10,0.1249,0.1068,0.0762,0.1171,0.094,0.105,0.0696,0.1202,0.1066,0.0796,0.1249
CT000930,Zone_08,Zone_02,0.1388,0.0964,0.1388,0.1316,0.1033,0.0717,0.1277,0.11,0.1089,0.0262,0.0856
CT017027,Zone_06,Zone_10,0.3295,0.0,0.2423,0.2103,0.1475,0.0,0.0,0.0703,0.0,0.0,0.3295
CT007438,Zone_04,Zone_02,0.1388,0.0964,0.1388,0.1316,0.1033,0.0717,0.1277,0.11,0.1089,0.0262,0.0856
CT008217,Zone_07,Zone_01,0.1141,0.1141,0.0883,0.0883,0.1037,0.1139,0.1113,0.0978,0.0876,0.1007,0.0942
CT007723,Zone_02,Zone_01,0.1141,0.1141,0.0883,0.0883,0.1037,0.1139,0.1113,0.0978,0.0876,0.1007,0.0942
CT005587,Zone_07,Zone_09,0.3918,0.0734,0.0433,0.0627,0.0967,0.0596,0.0812,0.0628,0.0892,0.3918,0.0393
CT011684,Zone_10,Zone_09,0.4326,0.0608,0.0159,0.0968,0.0582,0.0329,0.0299,0.0601,0.1043,0.4326,0.1084
CT002374,Zone_04,Zone_09,0.3918,0.0734,0.0433,0.0627,0.0967,0.0596,0.0812,0.0628,0.0892,0.3918,0.0393
CT010522,Zone_07,Zone_09,0.1658,0.132,0.1039,0.0795,0.1041,0.0757,0.0916,0.0886,0.1088,0.1658,0.0498
CT010355,Zone_08,Zone_01,0.1507,0.1507,0.0996,0.1317,0.1126,0.0392,0.0978,0.1046,0.1155,0.0322,0.1161
CT000041,Zone_08,Zone_10,0.1591,0.088,0.1265,0.116,0.1061,0.1035,0.0582,0.1351,0.1076,0.0,0.1591
CT009238,Zone_07,Zone_01,0.1141,0.1141,0.0883,0.0883,0.1037,0.1139,0.1113,0.0978,0.0876,0.1007,0.0942
CT015081,Zone_05,Zone_09,0.1658,0.132,0.1039,0.0795,0.1041,0.0757,0.0916,0.0886,0.1088,0.1658,0.0498
CT006607,Zone_07,Zone_03,0.6377,0.0,0.1837,0.6377,0.1118,0.0,0.0,0.0,0.0668,0.0,0.0
CT008459,Zone_07,Zone_02,0.1388,0.0964,0.1388,0.1316,0.1033,0.0717,0.1277,0.11,0.1089,0.0262,0.0856
CT009755,Zone_08,Zone_10,0.1591,0.088,0.1265,0.116,0.1061,0.1035,0.0582,0.1351,0.1076,0.0,0.1591
CT000178,Zone_09,Zone_02,0.5163,0.0,0.5163,0.1494,0.2095,0.0,0.0,0.1248,0.0,0.0,0.0
CT007044,Zone_04,Zone_10,0.1249,0.1068,0.0762,0.1171,0.094,0.105,0.0696,0.1202,0.1066,0.0796,0.1249
CT011262,Zone_07,Zone_05,0.839,0.0,0.0,0.0,0.0824,0.839,0.0,0.0786,0.0,0.0,0.0
CT008358,Zone_03,Zone_01,0.1141,0.1141,0.0883,0.0883,0.1037,0.1139,0.1113,0.0978,0.0876,0.1007,0.0942
CT003101,Zone_10,Zone_01,0.6779,0.6779,0.0,0.1543,0.0,0.0,0.0,0.1032,0.0646,0.0,0.0
CT009349,Zone_08,Zone_01,0.1141,0.1141,0.0883,0.0883,0.1037,0.1139,0.1113,0.0978,0.0876,0.1007,0.0942
CT005311,Zone_08,Zone_01,0.1141,0.1141,0.0883,0.0883,0.1037,0.1139,0.1113,0.0978,0.0876,0.1007,0.0942
CT003878,Zone_10,Zone_09,0.1658,0.132,0.1039,0.0795,0.1041,0.0757,0.0916,0.0886,0.1088,0.1658,0.0498
CT007244,Zone_06,Zone_05,0.1586,0.0976,0.1097,0.1048,0.0868,0.1586,0.144,0.0923,0.0718,0.0,0.1343
CT005176,Zone_02,Zone_01,0.1403,0.1403,0.0759,0.1078,0.1092,0.114,0.1293,0.1201,0.1003,0.0,0.1032
CT004381,Zone_07,Zone_02,0.1601,0.0872,0.1601,0.1191,0.0835,0.1417,0.0,0.1261,0.158,0.0,0.1244
CT005124,Zone_07,Zone_10,0.1591,0.088,0.1265,0.116,0.1061,0.1035,0.0582,0.1351,0.1076,0.0,0.1591
CT018221,Zone_08,Zone_05,0.6052,0.0,0.0,0.1272,0.2676,0.6052,0.0,0.0,0.0,0.0,0.0
CT012946,Zone_08,Zone_10,0.2089,0.0976,0.1536,0.0222,0.1403,0.1058,0.0,0.104,0.1676,0.0,0.2089
CT016960,Zone_01,Zone_03,0.1402,0.1303,0.1153,0.1402,0.1202,0.0953,0.0817,0.093,0.109,0.0174,0.0976
CT019726,Zone_07,Zone_05,0.1425,0.1169,0.1117,0.0884,0.088,0.1425,0.1232,0.1011,0.1075,0.0223,0.0983
CT006830,Zone_07,Zone_04,0.5932,0.0,0.0,0.0,0.5932,0.0,0.0,0.0,0.1417,0.0,0.265
CT005721,Zone_07,Zone_06,0.2024,0.0915,0.1439,0.0625,0.1314,0.0743,0.2024,0.1044,0.0916,0.0,0.0979
CT006154,Zone_04,Zone_09,0.8717,0.0816,0.0,0.0,0.0,0.0,0.0,0.0,0.0467,0.8717,0.0
CT016577,Zone_02,Zone_02,0.3083,0.0,0.3083,0.1338,0.0,0.0,0.289,0.0447,0.2242,0.0,0.0
CT017948,Zone_07,Zone_10,0.4662,0.2179,0.0,0.0,0.1044,0.0,0.0,0.1492,0.0623,0.0,0.4662
CT014479,Zone_02,Zone_03,0.1402,0.1303,0.1153,0.1402,0.1202,0.0953,0.0817,0.093,0.109,0.0174,0.0976
CT018457,Zone_07,Zone_02,0.1388,0.0964,0.1388,0.1316,0.1033,0.0717,0.1277,0.11,0.1089,0.0262,0.0856
CT016194,Zone_07,Zone_10,0.3251,0.0,0.0,0.1037,0.0728,0.2469,0.0,0.2081,0.0435,0.0,0.3251
CT000449,Zone_02,Zone_04,0.2332,0.0304,0.1676,0.0623,0.2332,0.0495,0.0898,0.1389,0.1306,0.0,0.0977
CT014471,Zone_04,Zone_02,0.1388,0.0964,0.1388,0.1316,0.1033,0.0717,0.1277,0.11,0.1089,0.0262,0.0856
CT013607,Zone_02,Zone_02,0.1388,0.0964,0.1388,0.1316,0.1033,0.0717,0.1277,0.11,0.1089,0.0262,0.0856
CT002325,Zone_04,Zone_10,0.2151,0.1675,0.0659,0.0687,0.1284,0.0545,0.0989,0.1339,0.0671,0.0,0.2151
CT012478,Zone_07,Zone_01,0.1141,0.1141,0.0883,0.0883,0.1037,0.1139,0.1113,0.0978,0.0876,0.1007,0.0942
CT001504,Zone_08,Zone_10,0.1569,0.0838,0.0989,0.1073,0.1254,0.0511,0.1391,0.1267,0.1109,0.0,0.1569
CT005857,Zone_08,Zone_05,0.8771,0.0,0.0,0.0921,0.0,0.8771,0.0,0.0308,0.0,0.0,0.0
CT016111,Zone_07,Zone_03,0.1402,0.1303,0.1153,0.1402,0.1202,0.0953,0.0817,0.093,0.109,0.0174,0.0976
CT016031,Zone_06,Zone_10,0.1249,0.1068,0.0762,0.1171,0.094,0.105,0.0696,0.1202,0.1066,0.0796,0.1249
CT000905,Zone_10,Zone_05,0.1586,0.0976,0.1097,0.1048,0.0868,0.1586,0.144,0.0923,0.0718,0.0,0.1343
CT005943,Zone_03,Zone_01,0.1141,0.1141,0.0883,0.0883,0.1037,0.1139,0.1113,0.0978,0.0876,0.1007,0.0942
CT012071,Zone_08,Zone_09,0.8567,0.0535,0.0,0.0,0.0256,0.0,0.0,0.0489,0.0153,0.8567,0.0
CT000323,Zone_04,Zone_02,0.3341,0.0,0.3341,0.0414,0.2034,0.0986,0.0,0.0969,0.2256,0.0,0.0
CT001157,Zone_02,Zone_10,0.2666,0.0,0.196,0.0,0.2387,0.0,0.0,0.2275,0.0713,0.0,0.2666
CT005493,Zone_04,Zone_09,0.8461,0.0,0.0,0.0,0.0,0.0,0.0,0.1086,0.0453,0.8461,0.0
CT007378,Zone_10,Zone_03,0.6988,0.0,0.161,0.6988,0.0,0.0,0.0,0.1402,0.0,0.0,0.0
CT003482,Zone_08,Zone_01,0.1141,0.1141,0.0883,0.0883,0.1037,0.1139,0.1113,0.0978,0.0876,0.1007,0.0942
CT019914,Zone_07,Zone_10,0.1249,0.1068,0.0762,0.1171,0.094,0.105,0.0696,0.1202,0.1066,0.0796,0.1249
CT003835,Zone_04,Zone_06,0.1824,0.0742,0.0876,0.1013,0.0888,0.1406,0.1824,0.0903,0.1026,0.066,0.0661
CT002007,Zone_08,Zone_10,0.1737,0.1025,0.1076,0.1342,0.1105,0.0972,0.0756,0.1131,0.0855,0.0,0.1737
CT016549,Zone_01,Zone_04,0.3836,0.089,0.07,0.0,0.3836,0.0,0.0,0.3047,0.1527,0.0,0.0
CT013072,Zone_03,Zone_02,0.2082,0.1323,0.2082,0.2033,0.0951,0.0,0.0488,0.1209,0.0852,0.0,0.1062
CT013545,Zone_03,Zone_01,0.1507,0.1507,0.0996,0.1317,0.1126,0.0392,0.0978,0.1046,0.1155,0.0322,0.1161
CT003928,Zone_07,Zone_01,0.1141,0.1141,0.0883,0.0883,0.1037,0.1139,0.1113,0.0978,0.0876,0.1007,0.0942
CT008150,Zone_03,Zone_02,0.1388,0.0964,0.1388,0.1316,0.1033,0.0717,0.1277,0.11,0.1089,0.0262,0.0856
CT019775,Zone_02,Zone_07,0.4622,0.0,0.4551,0.0,0.0,0.0,0.0,0.4622,0.0827,0.0,0.0
CT000945,Zone_08,Zone_10,0.1591,0.088,0.1265,0.116,0.1061,0.1035,0.0582,0.1351,0.1076,0.0,0.1591
CT007564,Zone_08,Zone_10,0.1737,0.1025,0.1076,0.1342,0.1105,0.0972,0.0756,0.1131,0.0855,0.0,0.1737
CT012491,Zone_02,Zone_01,0.1733,0.1733,0.0909,0.1315,0.0646,0.1565,0.0284,0.1539,0.0771,0.0,0.1237
CT018986,Zone_08,Zone_02,0.3867,0.1229,0.3867,0.0559,0.0392,0.0,0.0604,0.159,0.1758,0.0,0.0
CT017214,Zone_10,Zone_06,0.3144,0.0,0.0,0.291,0.1021,0.0,0.3144,0.0487,0.2438,0.0,0.0
CT007687,Zone_08,Zone_09,0.4326,0.0608,0.0159,0.0968,0.0582,0.0329,0.0299,0.0601,0.1043,0.4326,0.1084
CT018863,Zone_06,Zone_10,0.4852,0.0,0.1784,0.1548,0.0,0.0,0.0,0.0518,0.1297,0.0,0.4852
CT012421,Zone_04,Zone_06,0.2102,0.1832,0.1121,0.0695,0.1073,0.0,0.2102,0.0604,0.1048,0.0,0.1525
CT013254,Zone_04,Zone_04,0.3289,0.1717,0.0,0.2345,0.3289,0.0,0.0,0.1176,0.1473,0.0,0.0
CT005430,Zone_07,Zone_01,0.1141,0.1141,0.0883,0.0883,0.1037,0.1139,0.1113,0.0978,0.0876,0.1007,0.0942
CT008873,Zone_02,Zone_03,0.3972,0.2908,0.2288,0.3972,0.0,0.0,0.0,0.0,0.0832,0.0,0.0
CT002859,Zone_07,Zone_03,0.3372,0.0,0.0,0.3372,0.1577,0.0,0.0,0.1879,0.1412,0.0,0.1761
CT015523,Zone_08,Zone_06,0.2477,0.0672,0.0925,0.1032,0.1045,0.0273,0.2477,0.0537,0.0528,0.1793,0.0719
CT006790,Zone_07,Zone_05,0.2171,0.0742,0.0701,0.1014,0.0356,0.2171,0.1752,0.0678,0.1316,0.0,0.1271
CT012756,Zone_07,Zone_10,0.1591,0.088,0.1265,0.116,0.1061,0.1035,0.0582,0.1351,0.1076,0.0,0.1591
CT005995,Zone_07,Zone_03,0.3206,0.1304,0.1231,0.3206,0.1499,0.0424,0.0385,0.1429,0.0522,0.0,0.0
CT001852,Zone_06,Zone_10,0.3251,0.0,0.0,0.1037,0.0728,0.2469,0.0,0.2081,0.0435,0.0,0.3251
CT011924,Zone_07,Zone_05,0.8277,0.0,0.1336,0.0,0.0,0.8277,0.0,0.0388,0.0,0.0,0.0
CT012657,Zone_01,Zone_05,0.7884,0.0,0.0954,0.0,0.1162,0.7884,0.0,0.0,0.0,0.0,0.0
CT005069,Zone_04,Zone_09,0.2122,0.1034,0.0876,0.1086,0.0609,0.0388,0.1056,0.1053,0.0842,0.2122,0.0936
CT011977,Zone_02,Zone_10,0.1249,0.1068,0.0762,0.1171,0.094,0.105,0.0696,0.1202,0.1066,0.0796,0.1249
CT006246,Zone_03,Zone_05,0.7638,0.0,0.0,0.0,0.075,0.7638,0.0,0.0715,0.0896,0.0,0.0
CT006507,Zone_10,Zone_06,0.4184,0.2836,0.0,0.0,0.1358,0.0,0.4184,0.0,0.1622,0.0,0.0
CT005162,Zone_10,Zone_02,0.252,0.0961,0.252,0.1313,0.0767,0.0,0.0473,0.0878,0.1375,0.0,0.1714
CT014491,Zone_07,Zone_01,0.1141,0.1141,0.0883,0.0883,0.1037,0.1139,0.1113,0.0978,0.0876,0.1007,0.0942
CT013325,Zone_08,Zone_05,0.1425,0.1169,0.1117,0.0884,0.088,0.1425,0.1232,0.1011,0.1075,0.0223,0.0983
CT007179,Zone_06,Zone_03,0.5639,0.0,0.0,0.5639,0.0,0.0,0.0,0.0628,0.0787,0.0,0.2945
CT011619,Zone_04,Zone_10,0.3029,0.1348,0.1061,0.1013,0.0646,0.0219,0.0597,0.1047,0.1041,0.0,0.3029
CT007146,Zone_08,Zone_01,0.1141,0.1141,0.0883,0.0883,0.1037,0.1139,0.1113,0.0978,0.0876,0.1007,0.0942
CT011566,Zone_08,Zone_07,0.5331,0.4669,0.0,0.0,0.0,0.0,0.0,0.5331,0.0,0.0,0.0
CT007972,Zone_03,Zone_10,0.5018,0.0,0.0,0.1068,0.0,0.0,0.2306,0.0714,0.0894,0.0,0.5018
CT015265,Zone_01,Zone_04,0.6114,0.0,0.0,0.0,0.6114,0.0,0.0,0.3886,0.0,0.0,0.0
CT007331,Zone_01,Zone_10,0.1249,0.1068,0.0762,0.1171,0.094,0.105,0.0696,0.1202,0.1066,0.0796,0.1249
CT005894,Zone_07,Zone_04,0.1457,0.1204,0.1446,0.1341,0.1457,0.0721,0.0841,0.1085,0.0888,0.0,0.1017
CT005198,Zone_04,Zone_09,0.1658,0.132,0.1039,0.0795,0.1041,0.0757,0.0916,0.0886,0.1088,0.1658,0.0498
CT017210,Zone_08,Zone_05,0.487,0.0,0.0,0.0,0.3589,0.487,0.0,0.0684,0.0857,0.0,0.0
CT013403,Zone_05,Zone_07,0.1716,0.1378,0.1479,0.0428,0.09,0.1425,0.0555,0.1716,0.1183,0.0669,0.0268
CT018621,Zone_01,Zone_05,0.2171,0.0742,0.0701,0.1014,0.0356,0.2171,0.1752,0.0678,0.1316,0.0,0.1271
CT017965,Zone_08,Zone_05,0.1425,0.1169,0.1117,0.0884,0.088,0.1425,0.1232,0.1011,0.1075,0.0223,0.0983
CT018602,Zone_04,Zone_06,0.2914,0.1128,0.0222,0.0771,0.0541,0.0917,0.2914,0.1353,0.0646,0.0,0.1509
CT003222,Zone_07,Zone_02,0.1388,0.0964,0.1388,0.1316,0.1033,0.0717,0.1277,0.11,0.1089,0.0262,0.0856
CT009428,Zone_08,Zone_09,0.2122,0.1034,0.0876,0.1086,0.0609,0.0388,0.1056,0.1053,0.0842,0.2122,0.0936
CT014465,Zone_07,Zone_10,0.4852,0.0,0.1784,0.1548,0.0,0.0,0.0,0.0518,0.1297,0.0,0.4852
CT007358,Zone_03,Zone_05,0.2642,0.0542,0.0,0.148,0.0779,0.2642,0.2399,0.1114,0.0465,0.0,0.058
CT017757,Zone_05,Zone_01,0.1723,0.1723,0.0775,0.1009,0.1061,0.06,0.0908,0.0927,0.1549,0.0,0.1449
CT015760,Zone_04,Zone_07,0.2208,0.0,0.2174,0.0943,0.0662,0.0,0.2038,0.2208,0.1976,0.0,0.0
CT014915,Zone_02,Zone_02,0.1388,0.0964,0.1388,0.1316,0.1033,0.0717,0.1277,0.11,0.1089,0.0262,0.0856
CT009571,Zone_03,Zone_02,0.1388,0.0964,0.1388,0.1316,0.1033,0.0717,0.1277,0.11,0.1089,0.0262,0.0856
CT003249,Zone_07,Zone_06,0.4576,0.0,0.0,0.1412,0.099,0.168,0.4576,0.0236,0.0,0.0,0.1106
CT008509,Zone_10,Zone_01,0.337,0.337,0.0994,0.1438,0.1009,0.0,0.0,0.0962,0.1326,0.0,0.0901
CT000005,Zone_03,Zone_02,0.6271,0.0,0.6271,0.0,0.1909,0.0,0.0,0.182,0.0,0.0,0.0
CT018746,Zone_06,Zone_05,0.3265,0.0,0.1581,0.2744,0.0,0.3265,0.0,0.1835,0.0575,0.0,0.0
CT007792,Zone_07,Zone_02,0.2419,0.0615,0.2419,0.2099,0.1178,0.0,0.0,0.2106,0.1583,0.0,0.0
CT002166,Zone_04,Zone_06,0.9538,0.0,0.0,0.0,0.0,0.0,0.9538,0.0,0.0462,0.0,0.0
CT006509,Zone_08,Zone_01,0.1141,0.1141,0.0883,0.0883,0.1037,0.1139,0.1113,0.0978,0.0876,0.1007,0.0942
CT019399,Zone_07,Zone_10,0.1249,0.1068,0.0762,0.1171,0.094,0.105,0.0696,0.1202,0.1066,0.0796,0.1249
CT010696,Zone_03,Zone_01,0.1403,0.1403,0.0759,0.1078,0.1092,0.114,0.1293,0.1201,0.1003,0.0,0.1032
CT016010,Zone_08,Zone_04,0.4332,0.0,0.0,0.4117,0.4332,0.0,0.0,0.0688,0.0862,0.0,0.0
CT015749,Zone_07,Zone_10,0.2028,0.0237,0.1864,0.0647,0.1816,0.077,0.035,0.0865,0.1423,0.0,0.2028
CT002380,Zone_08,Zone_02,0.4397,0.0,0.4397,0.0,0.1338,0.0,0.0,0.1276,0.0,0.0,0.2989
CT007380,Zone_04,Zone_10,0.1855,0.1733,0.0341,0.1184,0.1453,0.0,0.1279,0.0792,0.1364,0.0,0.1855
CT003431,Zone_07,Zone_04,0.3836,0.089,0.07,0.0,0.3836,0.0,0.0,0.3047,0.1527,0.0,0.0
CT010648,Zone_07,Zone_10,0.1569,0.0838,0.0989,0.1073,0.1254,0.0511,0.1391,0.1267,0.1109,0.0,0.1569
CT009684,Zone_04,Zone_05,0.1586,0.0976,0.1097,0.1048,0.0868,0.1586,0.144,0.0923,0.0718,0.0,0.1343
CT004369,Zone_03,Zone_01,0.337,0.337,0.0994,0.1438,0.1009,0.0,0.0,0.0962,0.1326,0.0,0.0901
CT006612,Zone_04,Zone_09,0.8717,0.0816,0.0,0.0,0.0,0.0,0.0,0.0,0.0467,0.8717,0.0
CT019460,Zone_04,Zone_02,0.2493,0.1056,0.2493,0.101,0.0911,0.0,0.2182,0.0868,0.1027,0.0,0.0452
CT011226,Zone_04,Zone_01,0.1141,0.1141,0.0883,0.0883,0.1037,0.1139,0.1113,0.0978,0.0876,0.1007,0.0942
CT006155,Zone_08,Zone_01,0.1507,0.1507,0.0996,0.1317,0.1126,0.0392,0.0978,0.1046,0.1155,0.0322,0.1161
CT004464,Zone_10,Zone_03,0.6988,0.0,0.161,0.6988,0.0,0.0,0.0,0.1402,0.0,0.0,0.0
CT017139,Zone_08,Zone_05,0.1425,0.1169,0.1117,0.0884,0.088,0.1425,0.1232,0.1011,0.1075,0.0223,0.0983
CT009782,Zone_07,Zone_02,0.1388,0.0964,0.1388,0.1316,0.1033,0.0717,0.1277,0.11,0.1089,0.0262,0.0856
CT008926,Zone_08,Zone_10,0.1249,0.1068,0.0762,0.1171,0.094,0.105,0.0696,0.1202,0.1066,0.0796,0.1249
CT002224,Zone_01,Zone_05,0.2043,0.1109,0.0815,0.0859,0.0815,0.2043,0.0764,0.0962,0.0973,0.079,0.087
CT005660,Zone_07,Zone_10,0.1973,0.0691,0.0181,0.1259,0.1546,0.1873,0.0,0.1158,0.1319,0.0,0.1973
CT007429,Zone_08,Zone_09,0.2122,0.1034,0.0876,0.1086,0.0609,0.0388,0.1056,0.1053,0.0842,0.2122,0.0936
CT012020,Zone_01,Zone_06,0.4803,0.0,0.0,0.2223,0.0,0.0,0.4803,0.2973,0.0,0.0,0.0
CT007212,Zone_07,Zone_06,0.2914,0.1128,0.0222,0.0771,0.0541,0.0917,0.2914,0.1353,0.0646,0.0,0.1509
CT012522,Zone_07,Zone_09,0.3855,0.0181,0.1279,0.111,0.0432,0.0,0.1066,0.1072,0.062,0.3855,0.0386
CT012270,Zone_03,Zone_10,0.3029,0.1348,0.1061,0.1013,0.0646,0.0219,0.0597,0.1047,0.1041,0.0,0.3029
CT015148,Zone_10,Zone_05,0.6371,0.0,0.0,0.0,0.0939,0.6371,0.0,0.0448,0.2243,0.0,0.0
CT018124,Zone_01,Zone_07,0.3191,0.0,0.2749,0.2386,0.1674,0.0,0.0,0.3191,0.0,0.0,0.0
CT016747,Zone_03,Zone_09,0.6271,0.0,0.1848,0.0,0.0,0.0,0.0,0.0536,0.1344,0.6271,0.0
CT015415,Zone_04,Zone_03,0.1402,0.1303,0.1153,0.1402,0.1202,0.0953,0.0817,0.093,0.109,0.0174,0.0976
CT003419,Zone_02,Zone_01,0.1141,0.1141,0.0883,0.0883,0.1037,0.1139,0.1113,0.0978,0.0876,0.1007,0.0942
CT009333,Zone_05,Zone_08,0.2333,0.1133,0.1069,0.0309,0.0868,0.2209,0.0334,0.0776,0.2333,0.0,0.0969
CT000903,Zone_02,Zone_04,0.1457,0.1204,0.1446,0.1341,0.1457,0.0721,0.0841,0.1085,0.0888,0.0,0.1017
CT005022,Zone_07,Zone_06,0.1824,0.0742,0.0876,0.1013,0.0888,0.1406,0.1824,0.0903,0.1026,0.066,0.0661
CT014665,Zone_02,Zone_01,0.2019,0.2019,0.0927,0.1839,0.0887,0.0273,0.0993,0.1114,0.0867,0.0,0.108
CT019813,Zone_07,Zone_03,0.1402,0.1303,0.1153,0.1402,0.1202,0.0953,0.0817,0.093,0.109,0.0174,0.0976
CT018317,Zone_02,Zone_01,0.309,0.309,0.0608,0.0791,0.037,0.0,0.0,0.1147,0.1105,0.2062,0.0827
CT016715,Zone_03,Zone_04,0.1457,0.1204,0.1446,0.1341,0.1457,0.0721,0.0841,0.1085,0.0888,0.0,0.1017
CT008803,Zone_03,Zone_04,0.7589,0.0,0.0,0.0,0.7589,0.0,0.0,0.2411,0.0,0.0,0.0
CT000991,Zone_08,Zone_09,0.6872,0.0,0.0,0.0,0.0617,0.1046,0.095,0.0147,0.0368,0.6872,0.0
CT001705,Zone_08,Zone_09,0.2122,0.1034,0.0876,0.1086,0.0609,0.0388,0.1056,0.1053,0.0842,0.2122,0.0936
CT003079,Zone_08,Zone_10,0.1249,0.1068,0.0762,0.1171,0.094,0.105,0.0696,0.1202,0.1066,0.0796,0.1249
CT009811,Zone_04,Zone_10,0.1591,0.088,0.1265,0.116,0.1061,0.1035,0.0582,0.1351,0.1076,0.0,0.1591
CT016070,Zone_02,Zone_05,0.4714,0.0,0.0,0.3962,0.0,0.4714,0.0,0.1325,0.0,0.0,0.0
CT015931,Zone_07,Zone_09,0.8642,0.0,0.0,0.0,0.0388,0.0,0.0,0.0739,0.0232,0.8642,0.0
CT001996,Zone_07,Zone_04,0.2078,0.1928,0.0569,0.0823,0.2078,0.0783,0.0356,0.1706,0.1241,0.0,0.0516
CT006252,Zone_01,Zone_09,0.7277,0.0,0.0,0.0931,0.0,0.0,0.0,0.0622,0.117,0.7277,0.0
CT006287,Zone_07,Zone_02,0.1388,0.0964,0.1388,0.1316,0.1033,0.0717,0.1277,0.11,0.1089,0.0262,0.0856
CT005405,Zone_08,Zone_10,0.1249,0.1068,0.0762,0.1171,0.094,0.105,0.0696,0.1202,0.1066,0.0796,0.1249
CT000031,Zone_07,Zone_02,0.2493,0.1056,0.2493,0.101,0.0911,0.0,0.2182,0.0868,0.1027,0.0,0.0452
CT009282,Zone_09,Zone_10,0.1973,0.0691,0.0181,0.1259,0.1546,0.1873,0.0,0.1158,0.1319,0.0,0.1973
CT001138,Zone_08,Zone_05,0.6673,0.0,0.0,0.0,0.0983,0.6673,0.0,0.2344,0.0,0.0,0.0
CT015859,Zone_08,Zone_01,0.1141,0.1141,0.0883,0.0883,0.1037,0.1139,0.1113,0.0978,0.0876,0.1007,0.0942
CT013776,Zone_05,Zone_10,0.3981,0.0,0.0,0.3812,0.1782,0.0,0.0,0.0425,0.0,0.0,0.3981
CT012900,Zone_04,Zone_05,0.8771,0.0,0.0,0.0921,0.0,0.8771,0.0,0.0308,0.0,0.0,0.0
CT000759,Zone_02,Zone_03,0.1402,0.1303,0.1153,0.1402,0.1202,0.0953,0.0817,0.093,0.109,0.0174,0.0976
CT012802,Zone_08,Zone_01,0.1141,0.1141,0.0883,0.0883,0.1037,0.1139,0.1113,0.0978,0.0876,0.1007,0.0942
CT019379,Zone_07,Zone_03,0.1402,0.1303,0.1153,0.1402,0.1202,0.0953,0.0817,0.093,0.109,0.0174,0.0976
CT006143,Zone_03,Zone_01,0.1141,0.1141,0.0883,0.0883,0.1037,0.1139,0.1113,0.0978,0.0876,0.1007,0.0942
CT014097,Zone_07,Zone_05,0.1586,0.0976,0.1097,0.1048,0.0868,0.1586,0.144,0.0923,0.0718,0.0,0.1343
CT005151,Zone_08,Zone_02,0.4189,0.0,0.4189,0.0,0.1275,0.0,0.3928,0.0608,0.0,0.0,0.0
CT013412,Zone_04,Zone_05,0.1586,0.0976,0.1097,0.1048,0.0868,0.1586,0.144,0.0923,0.0718,0.0,0.1343
CT010336,Zone_10,Zone_01,0.337,0.337,0.0994,0.1438,0.1009,0.0,0.0,0.0962,0.1326,0.0,0.0901
CT003780,Zone_10,Zone_10,0.3088,0.2164,0.1135,0.0985,0.0691,0.0,0.0,0.1318,0.0619,0.0,0.3088
CT018908,Zone_01,Zone_10,0.5562,0.2599,0.0,0.0,0.1245,0.0,0.0,0.0593,0.0,0.0,0.5562
CT019784,Zone_04,Zone_10,0.4261,0.0,0.0,0.0,0.0,0.3236,0.0,0.1364,0.1139,0.0,0.4261
CT017781,Zone_01,Zone_10,0.1569,0.0838,0.0989,0.1073,0.1254,0.0511,0.1391,0.1267,0.1109,0.0,0.1569
CT015502,Zone_10,Zone_01,0.2019,0.2019,0.0927,0.1839,0.0887,0.0273,0.0993,0.1114,0.0867,0.0,0.108
CT005780,Zone_03,Zone_10,0.1249,0.1068,0.0762,0.1171,0.094,0.105,0.0696,0.1202,0.1066,0.0796,0.1249
CT007980,Zone_08,Zone_01,0.1141,0.1141,0.0883,0.0883,0.1037,0.1139,0.1113,0.0978,0.0876,0.1007,0.0942
CT019464,Zone_02,Zone_02,0.1388,0.0964,0.1388,0.1316,0.1033,0.0717,0.1277,0.11,0.1089,0.0262,0.0856
CT014924,Zone_04,Zone_02,0.1388,0.0964,0.1388,0.1316,0.1033,0.0717,0.1277,0.11,0.1089,0.0262,0.0856
CT013356,Zone_07,Zone_07,0.3348,0.0,0.1648,0.0,0.2007,0.0,0.0,0.3348,0.2997,0.0,0.0
CT018388,Zone_04,Zone_05,0.2784,0.1402,0.1348,0.1276,0.0448,0.2784,0.023,0.1031,0.098,0.0,0.05
CT018198,Zone_02,Zone_10,0.1249,0.1068,0.0762,0.1171,0.094,0.105,0.0696,0.1202,0.1066,0.0796,0.1249
CT018395,Zone_04,Zone_10,0.1737,0.1025,0.1076,0.1342,0.1105,0.0972,0.0756,0.1131,0.0855,0.0,0.1737
CT006788,Zone_07,Zone_01,0.1141,0.1141,0.0883,0.0883,0.1037,0.1139,0.1113,0.0978,0.0876,0.1007,0.0942
CT019905,Zone_07,Zone_07,0.367,0.3215,0.0,0.2195,0.0,0.0,0.0,0.367,0.092,0.0,0.0
CT014401,Zone_03,Zone_05,0.2043,0.1109,0.0815,0.0859,0.0815,0.2043,0.0764,0.0962,0.0973,0.079,0.087
CT001327,Zone_05,Zone_01,0.1141,0.1141,0.0883,0.0883,0.1037,0.1139,0.1113,0.0978,0.0876,0.1007,0.0942
CT006470,Zone_07,Zone_03,0.1402,0.1303,0.1153,0.1402,0.1202,0.0953,0.0817,0.093,0.109,0.0174,0.0976
CT014785,Zone_03,Zone_05,0.231,0.0474,0.1118,0.0971,0.0454,0.231,0.2097,0.0649,0.0407,0.0,0.1521
CT012908,Zone_08,Zone_01,0.1723,0.1723,0.0775,0.1009,0.1061,0.06,0.0908,0.0927,0.1549,0.0,0.1449
CT007713,Zone_08,Zone_10,0.1249,0.1068,0.0762,0.1171,0.094,0.105,0.0696,0.1202,0.1066,0.0796,0.1249
CT015216,Zone_08,Zone_05,0.8771,0.0,0.0,0.0921,0.0,0.8771,0.0,0.0308,0.0,0.0,0.0
CT009329,Zone_02,Zone_05,0.1586,0.0976,0.1097,0.1048,0.0868,0.1586,0.144,0.0923,0.0718,0.0,0.1343
CT007402,Zone_04,Zone_01,0.1141,0.1141,0.0883,0.0883,0.1037,0.1139,0.1113,0.0978,0.0876,0.1007,0.0942
CT008044,Zone_08,Zone_01,0.3169,0.3169,0.0,0.2164,0.3036,0.0,0.0,0.0724,0.0907,0.0,0.0
CT004985,Zone_04,Zone_07,0.5709,0.0,0.0,0.0,0.0,0.0,0.0,0.5709,0.4291,0.0,0.0
CT003653,Zone_04,Zone_06,0.2874,0.0,0.0,0.2661,0.0933,0.0,0.2874,0.089,0.0557,0.0,0.2085
CT011770,Zone_01,Zone_02,0.1388,0.0964,0.1388,0.1316,0.1033,0.0717,0.1277,0.11,0.1089,0.0262,0.0856
CT014639,Zone_04,Zone_04,0.2078,0.1928,0.0569,0.0823,0.2078,0.0783,0.0356,0.1706,0.1241,0.0,0.0516
CT017343,Zone_01,Zone_06,0.4823,0.0,0.0857,0.0744,0.0,0.1771,0.4823,0.1493,0.0312,0.0,0.0
CT014870,Zone_04,Zone_01,0.1403,0.1403,0.0759,0.1078,0.1092,0.114,0.1293,0.1201,0.1003,0.0,0.1032
CT004622,Zone_10,Zone_05,0.4305,0.1766,0.0695,0.0603,0.0423,0.4305,0.0,0.0,0.1263,0.0,0.0945
CT012448,Zone_08,Zone_03,0.1402,0.1303,0.1153,0.1402,0.1202,0.0953,0.0817,0.093,0.109,0.0174,0.0976
CT017939,Zone_05,Zone_01,0.767,0.767,0.0,0.1746,0.0,0.0,0.0,0.0584,0.0,0.0,0.0
CT005115,Zone_03,Zone_01,0.4706,0.4706,0.1234,0.2143,0.0751,0.0,0.0,0.0716,0.0449,0.0,0.0
CT011065,Zone_01,Zone_05,0.1586,0.0976,0.1097,0.1048,0.0868,0.1586,0.144,0.0923,0.0718,0.0,0.1343
CT019403,Zone_07,Zone_01,0.1141,0.1141,0.0883,0.0883,0.1037,0.1139,0.1113,0.0978,0.0876,0.1007,0.0942
CT006395,Zone_08,Zone_06,0.2812,0.1906,0.0,0.0,0.1826,0.0,0.2812,0.087,0.0545,0.0,0.204
CT003543,Zone_07,Zone_02,0.2466,0.0,0.2466,0.214,0.075,0.0,0.0,0.1789,0.2017,0.0,0.0838
CT008129,Zone_07,Zone_01,0.1141,0.1141,0.0883,0.0883,0.1037,0.1139,0.1113,0.0978,0.0876,0.1007,0.0942
CT009201,Zone_03,Zone_09,0.9128,0.0,0.0448,0.0,0.0,0.0,0.0,0.026,0.0163,0.9128,0.0
CT019476,Zone_07,Zone_05,0.1425,0.1169,0.1117,0.0884,0.088,0.1425,0.1232,0.1011,0.1075,0.0223,0.0983
CT007403,Zone_04,Zone_02,0.4707,0.0,0.4707,0.2043,0.0,0.0,0.0,0.0683,0.2567,0.0,0.0
CT008439,Zone_10,Zone_09,0.8434,0.0527,0.0414,0.0,0.0505,0.0,0.0,0.012,0.0,0.8434,0.0
CT014041,Zone_08,Zone_01,0.309,0.309,0.0608,0.0791,0.037,0.0,0.0,0.1147,0.1105,0.2062,0.0827
CT010184,Zone_02,Zone_01,0.1141,0.1141,0.0883,0.0883,0.1037,0.1139,0.1113,0.0978,0.0876,0.1007,0.0942
CT015178,Zone_02,Zone_06,0.3782,0.2563,0.0,0.1751,0.0,0.0,0.3782,0.1171,0.0733,0.0,0.0
CT011397,Zone_07,Zone_01,0.1141,0.1141,0.0883,0.0883,0.1037,0.1139,0.1113,0.0978,0.0876,0.1007,0.0942
CT007431,Zone_07,Zone_10,0.1591,0.088,0.1265,0.116,0.1061,0.1035,0.0582,0.1351,0.1076,0.0,0.1591
CT011211,Zone_08,Zone_01,0.337,0.337,0.0994,0.1438,0.1009,0.0,0.0,0.0962,0.1326,0.0,0.0901
CT017611,Zone_02,Zone_03,0.5438,0.0,0.0,0.5438,0.0954,0.0,0.0,0.0909,0.0569,0.0,0.213
CT001338,Zone_08,Zone_02,0.1388,0.0964,0.1388,0.1316,0.1033,0.0717,0.1277,0.11,0.1089,0.0262,0.0856
CT012342,Zone_10,Zone_09,0.8063,0.0755,0.0,0.0,0.0362,0.0,0.0,0.0172,0.0648,0.8063,0.0
CT014820,Zone_04,Zone_10,0.1591,0.088,0.1265,0.116,0.1061,0.1035,0.0582,0.1351,0.1076,0.0,0.1591
CT008215,Zone_04,Zone_01,0.3524,0.3524,0.2773,0.0,0.1688,0.0,0.0,0.0,0.2016,0.0,0.0
CT007786,Zone_10,Zone_01,0.2138,0.2138,0.1346,0.0584,0.0819,0.0,0.0,0.166,0.208,0.0,0.1373
CT008881,Zone_08,Zone_02,0.166,0.1356,0.166,0.0926,0.13,0.0735,0.1334,0.0654,0.0905,0.0,0.1129
CT005319,Zone_08,Zone_10,0.1249,0.1068,0.0762,0.1171,0.094,0.105,0.0696,0.1202,0.1066,0.0796,0.1249
CT010195,Zone_02,Zone_03,0.1402,0.1303,0.1153,0.1402,0.1202,0.0953,0.0817,0.093,0.109,0.0174,0.0976
CT018923,Zone_06,Zone_02,0.1388,0.0964,0.1388,0.1316,0.1033,0.0717,0.1277,0.11,0.1089,0.0262,0.0856
CT014414,Zone_07,Zone_06,0.2914,0.1128,0.0222,0.0771,0.0541,0.0917,0.2914,0.1353,0.0646,0.0,0.1509
CT015525,Zone_08,Zone_10,0.1591,0.088,0.1265,0.116,0.1061,0.1035,0.0582,0.1351,0.1076,0.0,0.1591
CT007669,Zone_08,Zone_10,0.1591,0.088,0.1265,0.116,0.1061,0.1035,0.0582,0.1351,0.1076,0.0,0.1591
CT019288,Zone_08,Zone_02,0.9324,0.0,0.9324,0.0,0.0,0.0,0.0,0.0676,0.0,0.0,0.0
CT013639,Zone_07,Zone_05,0.2784,0.1402,0.1348,0.1276,0.0448,0.2784,0.023,0.1031,0.098,0.0,0.05
CT010859,Zone_07,Zone_08,0.3326,0.0,0.3049,0.0,0.1856,0.0,0.0,0.1769,0.3326,0.0,0.0
CT017423,Zone_04,Zone_02,0.3867,0.1229,0.3867,0.0559,0.0392,0.0,0.0604,0.159,0.1758,0.0,0.0
CT007202,Zone_04,Zone_02,0.613,0.0,0.613,0.0,0.1866,0.0,0.0,0.0889,0.1114,0.0,0.0
CT010517,Zone_02,Zone_04,0.3836,0.089,0.07,0.0,0.3836,0.0,0.0,0.3047,0.1527,0.0,0.0
CT010835,Zone_04,Zone_02,0.7546,0.0,0.7546,0.0,0.0919,0.0,0.0,0.0438,0.1097,0.0,0.0
CT014592,Zone_10,Zone_02,0.245,0.2335,0.245,0.1063,0.1864,0.1265,0.0,0.0355,0.0668,0.0,0.0
CT000709,Zone_08,Zone_07,0.2736,0.2397,0.1886,0.0,0.2296,0.0,0.0,0.2736,0.0686,0.0,0.0
CT014021,Zone_07,Zone_06,0.1863,0.1052,0.0331,0.115,0.1311,0.0342,0.1863,0.1153,0.1445,0.0,0.1351
CT002030,Zone_08,Zone_02,0.613,0.0,0.613,0.0,0.1866,0.0,0.0,0.0889,0.1114,0.0,0.0
CT009347,Zone_05,Zone_02,0.1388,0.0964,0.1388,0.1316,0.1033,0.0717,0.1277,0.11,0.1089,0.0262,0.0856
CT007595,Zone_08,Zone_01,0.268,0.268,0.0,0.1464,0.1027,0.1742,0.0,0.0979,0.1533,0.0,0.0574
CT018707,Zone_07,Zone_02,0.4034,0.0,0.4034,0.0,0.0,0.0,0.0,0.1756,0.1467,0.0,0.2743
CT014800,Zone_08,Zone_06,0.2102,0.1832,0.1121,0.0695,0.1073,0.0,0.2102,0.0604,0.1048,0.0,0.1525
CT002394,Zone_02,Zone_10,0.3029,0.1348,0.1061,0.1013,0.0646,0.0219,0.0597,0.1047,0.1041,0.0,0.3029
CT016550,Zone_08,Zone_06,0.1824,0.0742,0.0876,0.1013,0.0888,0.1406,0.1824,0.0903,0.1026,0.066,0.0661
CT019566,Zone_07,Zone_01,0.2017,0.2017,0.1299,0.1879,0.0527,0.0894,0.0812,0.1131,0.1049,0.0,0.0392
CT009444,Zone_04,Zone_02,0.1388,0.0964,0.1388,0.1316,0.1033,0.0717,0.1277,0.11,0.1089,0.0262,0.0856
CT011697,Zone_08,Zone_02,0.2082,0.1323,0.2082,0.2033,0.0951,0.0,0.0488,0.1209,0.0852,0.0,0.1062
CT005582,Zone_05,Zone_07,0.2208,0.0,0.2174,0.0943,0.0662,0.0,0.2038,0.2208,0.1976,0.0,0.0
CT015436,Zone_05,Zone_10,0.1249,0.1068,0.0762,0.1171,0.094,0.105,0.0696,0.1202,0.1066,0.0796,0.1249
CT017753,Zone_10,Zone_05,0.1586,0.0976,0.1097,0.1048,0.0868,0.1586,0.144,0.0923,0.0718,0.0,0.1343
CT016697,Zone_01,Zone_01,0.1141,0.1141,0.0883,0.0883,0.1037,0.1139,0.1113,0.0978,0.0876,0.1007,0.0942
CT007268,Zone_08,Zone_01,0.1723,0.1723,0.0775,0.1009,0.1061,0.06,0.0908,0.0927,0.1549,0.0,0.1449
CT018663,Zone_07,Zone_01,0.5666,0.5666,0.2229,0.0,0.0,0.0,0.0,0.1294,0.0811,0.0,0.0
CT007168,Zone_01,Zone_05,0.4264,0.2624,0.0,0.0,0.2513,0.4264,0.0,0.0599,0.0,0.0,0.0
CT000881,Zone_08,Zone_08,0.6527,0.0,0.0,0.0,0.0,0.0,0.0,0.3473,0.6527,0.0,0.0
CT003613,Zone_08,Zone_02,0.1388,0.0964,0.1388,0.1316,0.1033,0.0717,0.1277,0.11,0.1089,0.0262,0.0856
CT010999,Zone_07,Zone_01,0.1141,0.1141,0.0883,0.0883,0.1037,0.1139,0.1113,0.0978,0.0876,0.1007,0.0942
CT007409,Zone_07,Zone_03,0.1402,0.1303,0.1153,0.1402,0.1202,0.0953,0.0817,0.093,0.109,0.0174,0.0976
CT011922,Zone_07,Zone_05,0.6918,0.0,0.0,0.1454,0.102,0.6918,0.0,0.0,0.0609,0.0,0.0
CT006259,Zone_08,Zone_06,0.3626,0.2457,0.0,0.3356,0.0,0.0,0.3626,0.0561,0.0,0.0,0.0
CT000644,Zone_04,Zone_01,0.1507,0.1507,0.0996,0.1317,0.1126,0.0392,0.0978,0.1046,0.1155,0.0322,0.1161
CT004803,Zone_02,Zone_06,0.2647,0.0,0.0941,0.2042,0.0573,0.0,0.2647,0.1365,0.0513,0.0,0.1919
CT016945,Zone_10,Zone_04,0.2078,0.1928,0.0569,0.0823,0.2078,0.0783,0.0356,0.1706,0.1241,0.0,0.0516
CT019530,Zone_08,Zone_06,0.1824,0.0742,0.0876,0.1013,0.0888,0.1406,0.1824,0.0903,0.1026,0.066,0.0661
CT015295,Zone_06,Zone_10,0.5541,0.0,0.2037,0.0,0.124,0.0,0.0,0.1182,0.0,0.0,0.5541
CT014040,Zone_04,Zone_01,0.1141,0.1141,0.0883,0.0883,0.1037,0.1139,0.1113,0.0978,0.0876,0.1007,0.0942
CT007714,Zone_04,Zone_01,0.1141,0.1141,0.0883,0.0883,0.1037,0.1139,0.1113,0.0978,0.0876,0.1007,0.0942
CT016075,Zone_07,Zone_04,0.1457,0.1204,0.1446,0.1341,0.1457,0.0721,0.0841,0.1085,0.0888,0.0,0.1017
CT007307,Zone_02,Zone_01,0.1507,0.1507,0.0996,0.1317,0.1126,0.0392,0.0978,0.1046,0.1155,0.0322,0.1161
CT015205,Zone_01,Zone_05,0.2043,0.1109,0.0815,0.0859,0.0815,0.2043,0.0764,0.0962,0.0973,0.079,0.087
CT010169,Zone_06,Zone_04,0.2792,0.0,0.0,0.2654,0.2792,0.0,0.0,0.1775,0.2779,0.0,0.0
CT018937,Zone_03,Zone_04,0.2078,0.1928,0.0569,0.0823,0.2078,0.0783,0.0356,0.1706,0.1241,0.0,0.0516
CT000480,Zone_08,Zone_01,0.5575,0.5575,0.2193,0.0,0.0,0.0,0.0,0.0636,0.1595,0.0,0.0
CT002533,Zone_08,Zone_02,0.5602,0.0,0.5602,0.0,0.0,0.3857,0.0,0.0542,0.0,0.0,0.0
CT000753,Zone_04,Zone_05,0.4753,0.0,0.0,0.0,0.1401,0.4753,0.0,0.1336,0.251,0.0,0.0
CT016711,Zone_03,Zone_07,0.2208,0.0,0.2174,0.0943,0.0662,0.0,0.2038,0.2208,0.1976,0.0,0.0
CT012337,Zone_03,Zone_02,0.1388,0.0964,0.1388,0.1316,0.1033,0.0717,0.1277,0.11,0.1089,0.0262,0.0856
CT008306,Zone_03,Zone_10,0.2089,0.0976,0.1536,0.0222,0.1403,0.1058,0.0,0.104,0.1676,0.0,0.2089
CT005387,Zone_03,Zone_01,0.1141,0.1141,0.0883,0.0883,0.1037,0.1139,0.1113,0.0978,0.0876,0.1007,0.0942
CT007328,Zone_08,Zone_09,0.6237,0.0584,0.0689,0.0399,0.056,0.0,0.0,0.0467,0.0752,0.6237,0.0313
CT012255,Zone_02,Zone_06,0.8563,0.0,0.0,0.0,0.0,0.0,0.8563,0.0883,0.0553,0.0,0.0
CT003132,Zone_06,Zone_06,0.5618,0.0,0.0,0.26,0.0912,0.0,0.5618,0.0869,0.0,0.0,0.0
CT000947,Zone_08,Zone_01,0.1507,0.1507,0.0996,0.1317,0.1126,0.0392,0.0978,0.1046,0.1155,0.0322,0.1161
CT001520,Zone_01,Zone_01,0.1141,0.1141,0.0883,0.0883,0.1037,0.1139,0.1113,0.0978,0.0876,0.1007,0.0942
CT015335,Zone_04,Zone_06,0.2477,0.0672,0.0925,0.1032,0.1045,0.0273,0.2477,0.0537,0.0528,0.1793,0.0719
CT005859,Zone_07,Zone_05,0.6124,0.0,0.0,0.0,0.0,0.6124,0.0,0.1721,0.2156,0.0,0.0
CT012647,Zone_03,Zone_04,0.6637,0.0,0.0,0.0,0.6637,0.0,0.0,0.2373,0.0991,0.0,0.0
CT006993,Zone_06,Zone_06,0.224,0.1619,0.0637,0.0899,0.0776,0.0658,0.224,0.1017,0.1071,0.0,0.1083
CT002331,Zone_08,Zone_10,0.2028,0.0237,0.1864,0.0647,0.1816,0.077,0.035,0.0865,0.1423,0.0,0.2028
CT005246,Zone_08,Zone_09,0.4669,0.0437,0.0344,0.0896,0.0,0.0,0.1936,0.0499,0.0751,0.4669,0.0468
CT008312,Zone_04,Zone_01,0.7472,0.7472,0.196,0.0,0.0,0.0,0.0,0.0569,0.0,0.0,0.0
CT015726,Zone_04,Zone_10,0.1591,0.088,0.1265,0.116,0.1061,0.1035,0.0582,0.1351,0.1076,0.0,0.1591
CT004431,Zone_04,Zone_10,0.1249,0.1068,0.0762,0.1171,0.094,0.105,0.0696,0.1202,0.1066,0.0796,0.1249
CT012876,Zone_05,Zone_01,0.2019,0.2019,0.0927,0.1839,0.0887,0.0273,0.0993,0.1114,0.0867,0.0,0.108
CT011871,Zone_02,Zone_05,0.3139,0.1931,0.0,0.2638,0.185,0.3139,0.0,0.0441,0.0,0.0,0.0
CT002207,Zone_07,Zone_04,0.2332,0.0304,0.1676,0.0623,0.2332,0.0495,0.0898,0.1389,0.1306,0.0,0.0977
CT009552,Zone_03,Zone_05,0.2043,0.1109,0.0815,0.0859,0.0815,0.2043,0.0764,0.0962,0.0973,0.079,0.087
CT001371,Zone_03,Zone_02,0.1388,0.0964,0.1388,0.1316,0.1033,0.0717,0.1277,0.11,0.1089,0.0262,0.0856
CT005652,Zone_08,Zone_09,0.1658,0.132,0.1039,0.0795,0.1041,0.0757,0.0916,0.0886,0.1088,0.1658,0.0498
CT011317,Zone_04,Zone_10,0.1591,0.088,0.1265,0.116,0.1061,0.1035,0.0582,0.1351,0.1076,0.0,0.1591
CT006018,Zone_07,Zone_10,0.1591,0.088,0.1265,0.116,0.1061,0.1035,0.0582,0.1351,0.1076,0.0,0.1591
CT018231,Zone_02,Zone_05,0.2043,0.1109,0.0815,0.0859,0.0815,0.2043,0.0764,0.0962,0.0973,0.079,0.087
CT013022,Zone_08,Zone_01,0.1733,0.1733,0.0909,0.1315,0.0646,0.1565,0.0284,0.1539,0.0771,0.0,0.1237
CT007135,Zone_04,Zone_02,0.3917,0.0,0.3917,0.085,0.1192,0.0,0.1836,0.1137,0.1068,0.0,0.0
CT007067,Zone_08,Zone_09,0.7462,0.0,0.11,0.0,0.0,0.0,0.0,0.0638,0.08,0.7462,0.0
CT005790,Zone_08,Zone_06,0.5664,0.0,0.151,0.0,0.1839,0.0,0.5664,0.0438,0.0549,0.0,0.0
CT013850,Zone_04,Zone_10,0.1249,0.1068,0.0762,0.1171,0.094,0.105,0.0696,0.1202,0.1066,0.0796,0.1249
CT018493,Zone_02,Zone_10,0.2449,0.2288,0.0,0.0781,0.0731,0.062,0.1126,0.1132,0.0873,0.0,0.2449
CT009400,Zone_07,Zone_02,0.3341,0.0,0.3341,0.0414,0.2034,0.0986,0.0,0.0969,0.2256,0.0,0.0
CT015890,Zone_03,Zone_10,0.2942,0.0,0.2163,0.0939,0.0658,0.0,0.0,0.2511,0.0787,0.0,0.2942
CT017302,Zone_05,Zone_01,0.1507,0.1507,0.0996,0.1317,0.1126,0.0392,0.0978,0.1046,0.1155,0.0322,0.1161
CT001344,Zone_07,Zone_02,0.1388,0.0964,0.1388,0.1316,0.1033,0.0717,0.1277,0.11,0.1089,0.0262,0.0856
CT006939,Zone_02,Zone_01,0.1141,0.1141,0.0883,0.0883,0.1037,0.1139,0.1113,0.0978,0.0876,0.1007,0.0942
CT015990,Zone_08,Zone_10,0.4261,0.0,0.0,0.0,0.0,0.3236,0.0,0.1364,0.1139,0.0,0.4261
CT018258,Zone_08,Zone_03,0.1402,0.1303,0.1153,0.1402,0.1202,0.0953,0.0817,0.093,0.109,0.0174,0.0976
CT019804,Zone_08,Zone_06,0.1824,0.0742,0.0876,0.1013,0.0888,0.1406,0.1824,0.0903,0.1026,0.066,0.0661
CT000387,Zone_07,Zone_10,0.1249,0.1068,0.0762,0.1171,0.094,0.105,0.0696,0.1202,0.1066,0.0796,0.1249
CT018693,Zone_08,Zone_01,0.1141,0.1141,0.0883,0.0883,0.1037,0.1139,0.1113,0.0978,0.0876,0.1007,0.0942
CT014965,Zone_08,Zone_07,0.6661,0.0,0.0,0.0,0.0,0.0,0.0,0.6661,0.3339,0.0,0.0
CT010489,Zone_09,Zone_10,0.1591,0.088,0.1265,0.116,0.1061,0.1035,0.0582,0.1351,0.1076,0.0,0.1591
CT017592,Zone_08,Zone_01,0.1141,0.1141,0.0883,0.0883,0.1037,0.1139,0.1113,0.0978,0.0876,0.1007,0.0942
CT016457,Zone_08,Zone_01,0.1723,0.1723,0.0775,0.1009,0.1061,0.06,0.0908,0.0927,0.1549,0.0,0.1449
CT003468,Zone_04,Zone_01,0.1141,0.1141,0.0883,0.0883,0.1037,0.1139,0.1113,0.0978,0.0876,0.1007,0.0942
CT008416,Zone_07,Zone_08,0.3449,0.1507,0.0,0.0,0.1444,0.0,0.2224,0.1376,0.3449,0.0,0.0
CT013587,Zone_08,Zone_01,0.1141,0.1141,0.0883,0.0883,0.1037,0.1139,0.1113,0.0978,0.0876,0.1007,0.0942
CT009199,Zone_04,Zone_04,0.8935,0.0,0.0,0.0,0.8935,0.0,0.0,0.1065,0.0,0.0,0.0
CT017336,Zone_07,Zone_02,0.1388,0.0964,0.1388,0.1316,0.1033,0.0717,0.1277,0.11,0.1089,0.0262,0.0856
CT018529,Zone_08,Zone_01,0.2019,0.2019,0.0927,0.1839,0.0887,0.0273,0.0993,0.1114,0.0867,0.0,0.108
CT015770,Zone_07,Zone_06,0.3629,0.164,0.0,0.168,0.1178,0.0,0.3629,0.0936,0.0938,0.0,0.0
CT003203,Zone_06,Zone_06,0.2024,0.0915,0.1439,0.0625,0.1314,0.0743,0.2024,0.1044,0.0916,0.0,0.0979
CT011296,Zone_07,Zone_03,0.197,0.0961,0.0908,0.197,0.129,0.0625,0.0,0.1361,0.165,0.0,0.1235
CT012456,Zone_07,Zone_02,0.1388,0.0964,0.1388,0.1316,0.1033,0.0717,0.1277,0.11,0.1089,0.0262,0.0856
CT012888,Zone_04,Zone_02,0.2419,0.0615,0.2419,0.2099,0.1178,0.0,0.0,0.2106,0.1583,0.0,0.0
CT011432,Zone_02,Zone_09,0.6237,0.0584,0.0689,0.0399,0.056,0.0,0.0,0.0467,0.0752,0.6237,0.0313
CT014173,Zone_08,Zone_02,0.1388,0.0964,0.1388,0.1316,0.1033,0.0717,0.1277,0.11,0.1089,0.0262,0.0856
CT003044,Zone_08,Zone_02,0.3341,0.0,0.3341,0.0414,0.2034,0.0986,0.0,0.0969,0.2256,0.0,0.0
CT019352,Zone_02,Zone_04,0.2078,0.1928,0.0569,0.0823,0.2078,0.0783,0.0356,0.1706,0.1241,0.0,0.0516
CT003229,Zone_08,Zone_07,0.1716,0.1378,0.1479,0.0428,0.09,0.1425,0.0555,0.1716,0.1183,0.0669,0.0268
CT012279,Zone_07,Zone_02,0.1388,0.0964,0.1388,0.1316,0.1033,0.0717,0.1277,0.11,0.1089,0.0262,0.0856
CT005706,Zone_08,Zone_06,0.3511,0.0,0.0,0.1625,0.2279,0.0,0.3511,0.0543,0.2042,0.0,0.0
CT015519,Zone_01,Zone_09,0.6957,0.0,0.0,0.267,0.0,0.0,0.0,0.0,0.0373,0.6957,0.0
CT010323,Zone_01,Zone_05,0.1425,0.1169,0.1117,0.0884,0.088,0.1425,0.1232,0.1011,0.1075,0.0223,0.0983
CT004655,Zone_08,Zone_04,0.184,0.1397,0.0824,0.0477,0.184,0.1703,0.0515,0.1196,0.1299,0.0,0.0747
CT002179,Zone_04,Zone_02,0.2082,0.1323,0.2082,0.2033,0.0951,0.0,0.0488,0.1209,0.0852,0.0,0.1062
CT008050,Zone_08,Zone_01,0.1141,0.1141,0.0883,0.0883,0.1037,0.1139,0.1113,0.0978,0.0876,0.1007,0.0942
CT013269,Zone_08,Zone_09,0.1658,0.132,0.1039,0.0795,0.1041,0.0757,0.0916,0.0886,0.1088,0.1658,0.0498
CT004533,Zone_08,Zone_03,0.197,0.0961,0.0908,0.197,0.129,0.0625,0.0,0.1361,0.165,0.0,0.1235
CT008148,Zone_01,Zone_05,0.2171,0.0742,0.0701,0.1014,0.0356,0.2171,0.1752,0.0678,0.1316,0.0,0.1271
CT002676,Zone_07,Zone_02,0.1601,0.0872,0.1601,0.1191,0.0835,0.1417,0.0,0.1261,0.158,0.0,0.1244
CT016876,Zone_02,Zone_09,0.2122,0.1034,0.0876,0.1086,0.0609,0.0388,0.1056,0.1053,0.0842,0.2122,0.0936
CT005211,Zone_08,Zone_05,0.1425,0.1169,0.1117,0.0884,0.088,0.1425,0.1232,0.1011,0.1075,0.0223,0.0983
CT013018,Zone_08,Zone_02,0.3812,0.0404,0.3812,0.1379,0.174,0.0,0.0596,0.083,0.0808,0.0,0.0432
CT006779,Zone_04,Zone_05,0.1586,0.0976,0.1097,0.1048,0.0868,0.1586,0.144,0.0923,0.0718,0.0,0.1343
CT007996,Zone_04,Zone_06,0.3881,0.0,0.0,0.1797,0.252,0.0,0.3881,0.1802,0.0,0.0,0.0
CT008390,Zone_07,Zone_06,0.2661,0.0,0.1419,0.0924,0.0864,0.1466,0.2661,0.0927,0.0774,0.0,0.0965
CT019719,Zone_10,Zone_05,0.1425,0.1169,0.1117,0.0884,0.088,0.1425,0.1232,0.1011,0.1075,0.0223,0.0983
CT008764,Zone_07,Zone_02,0.1388,0.0964,0.1388,0.1316,0.1033,0.0717,0.1277,0.11,0.1089,0.0262,0.0856
CT011734,Zone_03,Zone_05,0.1425,0.1169,0.1117,0.0884,0.088,0.1425,0.1232,0.1011,0.1075,0.0223,0.0983
CT010988,Zone_09,Zone_03,0.1402,0.1303,0.1153,0.1402,0.1202,0.0953,0.0817,0.093,0.109,0.0174,0.0976
CT007674,Zone_08,Zone_03,0.8101,0.0,0.0,0.8101,0.0,0.0,0.0,0.0542,0.1357,0.0,0.0
CT012039,Zone_07,Zone_04,0.4329,0.0,0.0,0.3086,0.4329,0.0,0.0,0.0,0.2585,0.0,0.0
CT007973,Zone_07,Zone_10,0.1591,0.088,0.1265,0.116,0.1061,0.1035,0.0582,0.1351,0.1076,0.0,0.1591
CT008954,Zone_10,Zone_10,0.1591,0.088,0.1265,0.116,0.1061,0.1035,0.0582,0.1351,0.1076,0.0,0.1591
CT018045,Zone_06,Zone_09,0.6871,0.0,0.0,0.0879,0.0,0.1046,0.0,0.0147,0.0368,0.6871,0.0689
CT008999,Zone_10,Zone_06,0.2024,0.0915,0.1439,0.0625,0.1314,0.0743,0.2024,0.1044,0.0916,0.0,0.0979
CT007529,Zone_05,Zone_05,0.4844,0.149,0.0,0.0,0.0,0.4844,0.0,0.0681,0.2985,0.0,0.0
CT006592,Zone_08,Zone_01,0.1141,0.1141,0.0883,0.0883,0.1037,0.1139,0.1113,0.0978,0.0876,0.1007,0.0942
CT001110,Zone_01,Zone_05,0.2642,0.0542,0.0,0.148,0.0779,0.2642,0.2399,0.1114,0.0465,0.0,0.058
CT002518,Zone_01,Zone_02,0.1388,0.0964,0.1388,0.1316,0.1033,0.0717,0.1277,0.11,0.1089,0.0262,0.0856
CT011030,Zone_10,Zone_10,0.1737,0.1025,0.1076,0.1342,0.1105,0.0972,0.0756,0.1131,0.0855,0.0,0.1737
CT016858,Zone_07,Zone_08,0.342,0.0,0.2352,0.0,0.2863,0.0,0.0,0.1365,0.342,0.0,0.0
CT013464,Zone_04,Zone_08,0.2333,0.1133,0.1069,0.0309,0.0868,0.2209,0.0334,0.0776,0.2333,0.0,0.0969
CT015463,Zone_07,Zone_05,0.1425,0.1169,0.1117,0.0884,0.088,0.1425,0.1232,0.1011,0.1075,0.0223,0.0983
CT013854,Zone_05,Zone_01,0.5671,0.5671,0.0,0.0,0.0,0.0,0.0,0.1295,0.0,0.0,0.3034
CT010043,Zone_08,Zone_10,0.3132,0.0976,0.1536,0.1333,0.0467,0.0,0.144,0.0,0.1117,0.0,0.3132
CT018992,Zone_07,Zone_10,0.1591,0.088,0.1265,0.116,0.1061,0.1035,0.0582,0.1351,0.1076,0.0,0.1591
