complaint_id,actual_zone,predicted_zone,prediction_confidence,prob_zone_01,prob_zone_02,prob_zone_03,prob_zone_04,prob_zone_05,prob_zone_06,prob_zone_07,prob_zone_08,prob_zone_09,prob_zone_10
CT012660,Zone_01,Zone_08,0.268,0.0784,0.0458,0.0719,0.1503,0.0719,0.0196,0.2418,0.268,0.0131,0.0392
CT009088,Zone_07,Zone_07,0.3074,0.0649,0.026,0.1126,0.1472,0.0216,0.039,0.3074,0.1861,0.0087,0.0866
CT008281,Zone_08,Zone_08,0.425,0.1,0.075,0.025,0.1,0.0,0.075,0.125,0.425,0.0,0.075
CT006500,Zone_07,Zone_07,0.2706,0.0771,0.0717,0.0986,0.1452,0.0323,0.0305,0.2706,0.19,0.0125,0.0717
CT010858,Zone_08,Zone_08,0.3281,0.0391,0.0391,0.1641,0.1406,0.0312,0.0547,0.1016,0.3281,0.0078,0.0938
CT000998,Zone_02,Zone_08,0.2821,0.0769,0.1538,0.1795,0.0769,0.0,0.0513,0.1282,0.2821,0.0256,0.0256
CT003768,Zone_04,Zone_07,0.3228,0.0582,0.0741,0.0917,0.1429,0.0247,0.0406,0.3228,0.1817,0.0106,0.0529
CT016589,Zone_07,Zone_07,0.4,0.0,0.0,0.0,0.2,0.0,0.1,0.4,0.3,0.0,0.0
CT001388,Zone_04,Zone_07,0.4359,0.0,0.0513,0.1026,0.1026,0.0513,0.0256,0.4359,0.1795,0.0256,0.0256
CT001708,Zone_08,Zone_07,0.2786,0.0627,0.0807,0.0945,0.1261,0.0385,0.0471,0.2786,0.203,0.014,0.0549
CT008921,Zone_08,Zone_08,0.2571,0.0707,0.0511,0.0797,0.1564,0.0496,0.0406,0.2256,0.2571,0.012,0.0571
CT009823,Zone_07,Zone_07,0.6667,0.0,0.0,0.0,0.0,0.1111,0.0,0.6667,0.1111,0.1111,0.0
CT013332,Zone_08,Zone_08,0.268,0.0784,0.0458,0.0719,0.1503,0.0719,0.0196,0.2418,0.268,0.0131,0.0392
CT009553,Zone_08,Zone_07,0.2786,0.0627,0.0807,0.0945,0.1261,0.0385,0.0471,0.2786,0.203,0.014,0.0549
CT013426,Zone_04,Zone_07,0.2786,0.0627,0.0807,0.0945,0.1261,0.0385,0.0471,0.2786,0.203,0.014,0.0549
CT000407,Zone_04,Zone_07,0.8571,0.0,0.0,0.0,0.0,0.0,0.0,0.8571,0.1429,0.0,0.0
CT006247,Zone_10,Zone_07,0.2786,0.0627,0.0807,0.0945,0.1261,0.0385,0.0471,0.2786,0.203,0.014,0.0549
CT012062,Zone_07,Zone_07,0.2786,0.0627,0.0807,0.0945,0.1261,0.0385,0.0471,0.2786,0.203,0.014,0.0549
CT002655,Zone_08,Zone_07,0.2969,0.0625,0.1406,0.0469,0.0781,0.0625,0.0469,0.2969,0.1875,0.0,0.0781
CT002741,Zone_03,Zone_08,0.4286,0.1429,0.0952,0.1429,0.0476,0.0,0.0,0.1429,0.4286,0.0,0.0
CT004204,Zone_08,Zone_07,0.4286,0.0952,0.0,0.0952,0.0476,0.0,0.0476,0.4286,0.2857,0.0,0.0
CT016166,Zone_02,Zone_07,0.2786,0.0627,0.0807,0.0945,0.1261,0.0385,0.0471,0.2786,0.203,0.014,0.0549
CT003813,Zone_08,Zone_08,0.2917,0.0833,0.0,0.0833,0.125,0.2083,0.0,0.125,0.2917,0.0,0.0833
CT018692,Zone_04,Zone_03,0.3333,0.0,0.0,0.3333,0.0,0.0,0.3333,0.3333,0.0,0.0,0.0
CT016709,Zone_07,Zone_03,0.6667,0.1667,0.0,0.6667,0.0,0.0,0.0,0.1667,0.0,0.0,0.0
CT007551,Zone_07,Zone_07,0.3235,0.0686,0.076,0.076,0.1397,0.0392,0.0343,0.3235,0.1716,0.0196,0.0515
CT005426,Zone_07,Zone_07,0.2786,0.0627,0.0807,0.0945,0.1261,0.0385,0.0471,0.2786,0.203,0.014,0.0549
CT009810,Zone_07,Zone_07,0.266,0.0496,0.1064,0.0922,0.1206,0.039,0.0532,0.266,0.2021,0.0035,0.0674
CT019461,Zone_03,Zone_07,0.323,0.0431,0.0781,0.0956,0.1211,0.039,0.0256,0.323,0.1965,0.0108,0.0673
CT011624,Zone_07,Zone_07,0.266,0.0496,0.1064,0.0922,0.1206,0.039,0.0532,0.266,0.2021,0.0035,0.0674
CT004310,Zone_07,Zone_07,0.3206,0.1221,0.084,0.0916,0.1374,0.0305,0.0153,0.3206,0.1298,0.0,0.0687
CT003278,Zone_07,Zone_07,0.3143,0.0643,0.1143,0.05,0.1286,0.0286,0.0643,0.3143,0.2143,0.0071,0.0143
CT013963,Zone_07,Zone_07,0.323,0.0431,0.0781,0.0956,0.1211,0.039,0.0256,0.323,0.1965,0.0108,0.0673
CT008759,Zone_05,Zone_07,0.2941,0.0294,0.1078,0.098,0.0588,0.0392,0.0098,0.2941,0.2353,0.0196,0.1078
CT001833,Zone_08,Zone_07,0.3235,0.0686,0.076,0.076,0.1397,0.0392,0.0343,0.3235,0.1716,0.0196,0.0515
CT006393,Zone_04,Zone_07,0.3871,0.0571,0.0571,0.0546,0.1191,0.0372,0.0298,0.3871,0.201,0.0099,0.0471
CT008639,Zone_07,Zone_07,0.2786,0.0627,0.0807,0.0945,0.1261,0.0385,0.0471,0.2786,0.203,0.014,0.0549
CT009450,Zone_04,Zone_07,0.6667,0.0,0.1111,0.1111,0.1111,0.0,0.0,0.6667,0.0,0.0,0.0
CT007172,Zone_07,Zone_07,0.3247,0.0515,0.0979,0.0773,0.0773,0.0309,0.0155,0.3247,0.2474,0.0052,0.0722
CT007097,Zone_08,Zone_08,0.268,0.0784,0.0458,0.0719,0.1503,0.0719,0.0196,0.2418,0.268,0.0131,0.0392
CT016127,Zone_07,Zone_07,0.323,0.0431,0.0781,0.0956,0.1211,0.039,0.0256,0.323,0.1965,0.0108,0.0673
CT000783,Zone_08,Zone_07,0.2786,0.0627,0.0807,0.0945,0.1261,0.0385,0.0471,0.2786,0.203,0.014,0.0549
CT009681,Zone_07,Zone_07,0.2786,0.0627,0.0807,0.0945,0.1261,0.0385,0.0471,0.2786,0.203,0.014,0.0549
CT004975,Zone_08,Zone_07,0.266,0.0496,0.1064,0.0922,0.1206,0.039,0.0532,0.266,0.2021,0.0035,0.0674
CT013719,Zone_08,Zone_07,0.2786,0.0627,0.0807,0.0945,0.1261,0.0385,0.0471,0.2786,0.203,0.014,0.0549
CT003962,Zone_03,Zone_07,0.2941,0.0471,0.0471,0.0706,0.1647,0.0471,0.0471,0.2941,0.2706,0.0,0.0118
CT013819,Zone_04,Zone_07,0.2706,0.0771,0.0717,0.0986,0.1452,0.0323,0.0305,0.2706,0.19,0.0125,0.0717
CT008385,Zone_01,Zone_07,0.2786,0.0627,0.0807,0.0945,0.1261,0.0385,0.0471,0.2786,0.203,0.014,0.0549
CT009653,Zone_03,Zone_07,0.2786,0.0627,0.0807,0.0945,0.1261,0.0385,0.0471,0.2786,0.203,0.014,0.0549
CT007970,Zone_02,Zone_07,0.2786,0.0627,0.0807,0.0945,0.1261,0.0385,0.0471,0.2786,0.203,0.014,0.0549
CT010507,Zone_08,Zone_07,0.3235,0.0686,0.076,0.076,0.1397,0.0392,0.0343,0.3235,0.1716,0.0196,0.0515
CT007600,Zone_07,Zone_08,0.5,0.0,0.0,0.0,0.0,0.0,0.0,0.0,0.5,0.0,0.5
CT010064,Zone_02,Zone_08,0.2222,0.0556,0.0556,0.0778,0.1111,0.0778,0.1444,0.2111,0.2222,0.0111,0.0333
CT019037,Zone_04,Zone_07,0.375,0.0625,0.0,0.1875,0.0625,0.0,0.0625,0.375,0.0,0.0,0.25
CT016233,Zone_01,Zone_07,0.3228,0.0582,0.0741,0.0917,0.1429,0.0247,0.0406,0.3228,0.1817,0.0106,0.0529
CT016275,Zone_04,Zone_03,0.2,0.0,0.0,0.2,0.2,0.2,0.0,0.2,0.0,0.0,0.2
CT000294,Zone_03,Zone_08,0.2571,0.0707,0.0511,0.0797,0.1564,0.0496,0.0406,0.2256,0.2571,0.012,0.0571
CT018802,Zone_02,Zone_02,0.2,0.1,0.2,0.1,0.2,0.0,0.2,0.15,0.05,0.0,0.0
CT013203,Zone_08,Zone_08,0.2424,0.1212,0.0606,0.1818,0.0303,0.0909,0.0,0.1818,0.2424,0.0606,0.0303
CT001403,Zone_10,Zone_07,0.2706,0.0771,0.0717,0.0986,0.1452,0.0323,0.0305,0.2706,0.19,0.0125,0.0717
CT008298,Zone_04,Zone_08,0.3455,0.0364,0.0364,0.0364,0.2727,0.0364,0.0545,0.1455,0.3455,0.0,0.0364
CT004078,Zone_08,Zone_07,0.2786,0.0627,0.0807,0.0945,0.1261,0.0385,0.0471,0.2786,0.203,0.014,0.0549
CT009342,Zone_02,Zone_08,0.2222,0.0556,0.0556,0.0778,0.1111,0.0778,0.1444,0.2111,0.2222,0.0111,0.0333
CT007860,Zone_07,Zone_07,0.2786,0.0627,0.0807,0.0945,0.1261,0.0385,0.0471,0.2786,0.203,0.014,0.0549
CT005027,Zone_08,Zone_08,0.2917,0.0833,0.0,0.0833,0.125,0.2083,0.0,0.125,0.2917,0.0,0.0833
CT012029,Zone_04,Zone_07,0.323,0.0431,0.0781,0.0956,0.1211,0.039,0.0256,0.323,0.1965,0.0108,0.0673
CT019786,Zone_04,Zone_08,0.425,0.1,0.075,0.025,0.1,0.0,0.075,0.125,0.425,0.0,0.075
CT005141,Zone_08,Zone_07,0.323,0.0431,0.0781,0.0956,0.1211,0.039,0.0256,0.323,0.1965,0.0108,0.0673
CT005841,Zone_05,Zone_08,0.3281,0.0391,0.0391,0.1641,0.1406,0.0312,0.0547,0.1016,0.3281,0.0078,0.0938
CT010730,Zone_06,Zone_07,0.2786,0.0627,0.0807,0.0945,0.1261,0.0385,0.0471,0.2786,0.203,0.014,0.0549
CT014988,Zone_04,Zone_07,0.3247,0.0515,0.0979,0.0773,0.0773,0.0309,0.0155,0.3247,0.2474,0.0052,0.0722
CT000867,Zone_07,Zone_07,0.2786,0.0627,0.0807,0.0945,0.1261,0.0385,0.0471,0.2786,0.203,0.014,0.0549
CT011310,Zone_01,Zone_07,0.3871,0.0571,0.0571,0.0546,0.1191,0.0372,0.0298,0.3871,0.201,0.0099,0.0471
CT017931,Zone_08,Zone_08,0.3019,0.0943,0.0472,0.1415,0.0566,0.0283,0.0189,0.217,0.3019,0.0566,0.0377
CT004522,Zone_08,Zone_02,0.4,0.0,0.4,0.0,0.2,0.0,0.2,0.0,0.0,0.0,0.2
CT012269,Zone_02,Zone_07,0.3228,0.0582,0.0741,0.0917,0.1429,0.0247,0.0406,0.3228,0.1817,0.0106,0.0529
CT013839,Zone_08,Zone_07,0.2786,0.0627,0.0807,0.0945,0.1261,0.0385,0.0471,0.2786,0.203,0.014,0.0549
CT016788,Zone_02,Zone_08,0.4,0.0333,0.1,0.1,0.0,0.0333,0.0333,0.2,0.4,0.0333,0.0667
CT000505,Zone_07,Zone_08,0.4909,0.0545,0.0727,0.0364,0.0727,0.0,0.0364,0.1091,0.4909,0.0,0.1273
CT013468,Zone_08,Zone_07,0.3941,0.0632,0.052,0.0595,0.145,0.0372,0.0297,0.3941,0.1375,0.0074,0.0743
CT002172,Zone_04,Zone_08,0.3281,0.0391,0.0391,0.1641,0.1406,0.0312,0.0547,0.1016,0.3281,0.0078,0.0938
CT016545,Zone_06,Zone_07,0.3228,0.0582,0.0741,0.0917,0.1429,0.0247,0.0406,0.3228,0.1817,0.0106,0.0529
CT014283,Zone_07,Zone_08,0.2903,0.0968,0.2258,0.0645,0.0645,0.0323,0.0,0.1613,0.2903,0.0,0.0645
CT009416,Zone_07,Zone_07,0.3206,0.1221,0.084,0.0916,0.1374,0.0305,0.0153,0.3206,0.1298,0.0,0.0687
CT004401,Zone_07,Zone_07,0.2786,0.0627,0.0807,0.0945,0.1261,0.0385,0.0471,0.2786,0.203,0.014,0.0549
CT007056,Zone_05,Zone_08,0.3455,0.0364,0.0364,0.0364,0.2727,0.0364,0.0545,0.1455,0.3455,0.0,0.0364
CT007504,Zone_08,Zone_07,0.3235,0.0686,0.076,0.076,0.1397,0.0392,0.0343,0.3235,0.1716,0.0196,0.0515
CT009420,Zone_10,Zone_07,0.6667,0.0,0.1111,0.1111,0.1111,0.0,0.0,0.6667,0.0,0.0,0.0
CT013194,Zone_04,Zone_07,0.323,0.0431,0.0781,0.0956,0.1211,0.039,0.0256,0.323,0.1965,0.0108,0.0673
CT009664,Zone_07,Zone_07,0.2786,0.0627,0.0807,0.0945,0.1261,0.0385,0.0471,0.2786,0.203,0.014,0.0549
CT015158,Zone_04,Zone_07,0.3235,0.0686,0.076,0.076,0.1397,0.0392,0.0343,0.3235,0.1716,0.0196,0.0515
CT010407,Zone_07,Zone_08,0.2571,0.0707,0.0511,0.0797,0.1564,0.0496,0.0406,0.2256,0.2571,0.012,0.0571
CT003993,Zone_03,Zone_07,0.3404,0.0638,0.1489,0.0638,0.1702,0.0,0.0,0.3404,0.1915,0.0,0.0213
CT019595,Zone_07,Zone_04,0.3333,0.0,0.0741,0.1852,0.3333,0.037,0.0,0.037,0.2222,0.0,0.1111
CT015299,Zone_02,Zone_03,0.2727,0.0,0.0,0.2727,0.1818,0.0,0.1818,0.0909,0.2727,0.0,0.0
CT010761,Zone_01,Zone_07,0.2786,0.0627,0.0807,0.0945,0.1261,0.0385,0.0471,0.2786,0.203,0.014,0.0549
CT011987,Zone_03,Zone_07,0.2786,0.0627,0.0807,0.0945,0.1261,0.0385,0.0471,0.2786,0.203,0.014,0.0549
CT004626,Zone_08,Zone_08,0.2571,0.0707,0.0511,0.0797,0.1564,0.0496,0.0406,0.2256,0.2571,0.012,0.0571
CT010533,Zone_04,Zone_07,0.323,0.0431,0.0781,0.0956,0.1211,0.039,0.0256,0.323,0.1965,0.0108,0.0673
CT013079,Zone_08,Zone_07,0.3166,0.0452,0.0754,0.0905,0.1055,0.0151,0.0603,0.3166,0.2412,0.005,0.0452
CT009848,Zone_05,Zone_07,0.2786,0.0627,0.0807,0.0945,0.1261,0.0385,0.0471,0.2786,0.203,0.014,0.0549
CT005339,Zone_07,Zone_07,0.3871,0.0571,0.0571,0.0546,0.1191,0.0372,0.0298,0.3871,0.201,0.0099,0.0471
CT012719,Zone_05,Zone_08,0.381,0.0952,0.0159,0.0159,0.127,0.0794,0.0635,0.2063,0.381,0.0,0.0159
CT003635,Zone_08,Zone_07,0.3228,0.0582,0.0741,0.0917,0.1429,0.0247,0.0406,0.3228,0.1817,0.0106,0.0529
CT009719,Zone_07,Zone_07,0.2786,0.0627,0.0807,0.0945,0.1261,0.0385,0.0471,0.2786,0.203,0.014,0.0549
CT014189,Zone_08,Zone_04,0.375,0.0,0.0,0.25,0.375,0.125,0.0,0.0,0.25,0.0,0.0
CT010970,Zone_08,Zone_08,0.1887,0.1132,0.1132,0.0566,0.0566,0.1132,0.0755,0.1698,0.1887,0.0189,0.0943
CT015323,Zone_04,Zone_07,0.323,0.0431,0.0781,0.0956,0.1211,0.039,0.0256,0.323,0.1965,0.0108,0.0673
CT005653,Zone_08,Zone_07,0.323,0.0431,0.0781,0.0956,0.1211,0.039,0.0256,0.323,0.1965,0.0108,0.0673
CT014443,Zone_03,Zone_08,0.2903,0.0968,0.2258,0.0645,0.0645,0.0323,0.0,0.1613,0.2903,0.0,0.0645
CT007873,Zone_04,Zone_07,0.2786,0.0627,0.0807,0.0945,0.1261,0.0385,0.0471,0.2786,0.203,0.014,0.0549
CT012751,Zone_06,Zone_01,0.2632,0.2632,0.0526,0.1053,0.0,0.0,0.1053,0.1053,0.2105,0.0,0.1579
CT009081,Zone_08,Zone_07,0.3125,0.0104,0.0417,0.1146,0.1354,0.0521,0.0208,0.3125,0.2708,0.0208,0.0208
CT006659,Zone_07,Zone_07,0.3228,0.0582,0.0741,0.0917,0.1429,0.0247,0.0406,0.3228,0.1817,0.0106,0.0529
CT008969,Zone_06,Zone_07,0.2786,0.0627,0.0807,0.0945,0.1261,0.0385,0.0471,0.2786,0.203,0.014,0.0549
CT004792,Zone_02,Zone_07,0.3235,0.0686,0.076,0.076,0.1397,0.0392,0.0343,0.3235,0.1716,0.0196,0.0515
CT017262,Zone_04,Zone_07,0.2786,0.0627,0.0807,0.0945,0.1261,0.0385,0.0471,0.2786,0.203,0.014,0.0549
CT018069,Zone_06,Zone_08,0.2571,0.0707,0.0511,0.0797,0.1564,0.0496,0.0406,0.2256,0.2571,0.012,0.0571
CT006002,Zone_03,Zone_07,0.2786,0.0627,0.0807,0.0945,0.1261,0.0385,0.0471,0.2786,0.203,0.014,0.0549
CT009413,Zone_04,Zone_04,0.5,0.0,0.0,0.0,0.5,0.0,0.0,0.25,0.125,0.125,0.0
CT019996,Zone_07,Zone_07,0.2786,0.0627,0.0807,0.0945,0.1261,0.0385,0.0471,0.2786,0.203,0.014,0.0549
CT003298,Zone_08,Zone_07,0.2786,0.0627,0.0807,0.0945,0.1261,0.0385,0.0471,0.2786,0.203,0.014,0.0549
CT011839,Zone_07,Zone_07,0.3228,0.0582,0.0741,0.0917,0.1429,0.0247,0.0406,0.3228,0.1817,0.0106,0.0529
CT017042,Zone_07,Zone_07,0.2786,0.0627,0.0807,0.0945,0.1261,0.0385,0.0471,0.2786,0.203,0.014,0.0549
CT005039,Zone_07,Zone_07,0.2786,0.0627,0.0807,0.0945,0.1261,0.0385,0.0471,0.2786,0.203,0.014,0.0549
CT003982,Zone_08,Zone_08,0.5556,0.0,0.0,0.1111,0.0,0.0,0.0,0.1111,0.5556,0.0,0.2222
CT002763,Zone_03,Zone_07,0.3118,0.0753,0.043,0.1075,0.086,0.0323,0.0323,0.3118,0.2796,0.0215,0.0108
CT009618,Zone_02,Zone_07,0.323,0.0431,0.0781,0.0956,0.1211,0.039,0.0256,0.323,0.1965,0.0108,0.0673
CT015520,Zone_07,Zone_07,0.2786,0.0627,0.0807,0.0945,0.1261,0.0385,0.0471,0.2786,0.203,0.014,0.0549
CT013951,Zone_06,Zone_07,0.2786,0.0627,0.0807,0.0945,0.1261,0.0385,0.0471,0.2786,0.203,0.014,0.0549
CT007475,Zone_05,Zone_07,0.2786,0.0627,0.0807,0.0945,0.1261,0.0385,0.0471,0.2786,0.203,0.014,0.0549
CT018372,Zone_01,Zone_07,0.4627,0.0149,0.0299,0.0746,0.0448,0.0448,0.0299,0.4627,0.194,0.0,0.1045
CT000295,Zone_07,Zone_07,0.323,0.0431,0.0781,0.0956,0.1211,0.039,0.0256,0.323,0.1965,0.0108,0.0673
CT007314,Zone_07,Zone_07,0.266,0.0496,0.1064,0.0922,0.1206,0.039,0.0532,0.266,0.2021,0.0035,0.0674
CT018520,Zone_04,Zone_02,0.6,0.0,0.6,0.0,0.0,0.0,0.0,0.0,0.2,0.0,0.2
CT011118,Zone_05,Zone_01,0.5,0.5,0.0,0.0,0.0,0.1667,0.0,0.3333,0.0,0.0,0.0
CT009672,Zone_10,Zone_08,0.2727,0.1136,0.0455,0.0682,0.1818,0.0682,0.0,0.1364,0.2727,0.0227,0.0909
CT003262,Zone_08,Zone_07,0.4627,0.0149,0.0299,0.0746,0.0448,0.0448,0.0299,0.4627,0.194,0.0,0.1045
CT018725,Zone_03,Zone_07,0.266,0.0496,0.1064,0.0922,0.1206,0.039,0.0532,0.266,0.2021,0.0035,0.0674
CT015620,Zone_04,Zone_07,0.2786,0.0627,0.0807,0.0945,0.1261,0.0385,0.0471,0.2786,0.203,0.014,0.0549
CT004334,Zone_08,Zone_07,0.3074,0.0649,0.026,0.1126,0.1472,0.0216,0.039,0.3074,0.1861,0.0087,0.0866
CT004039,Zone_05,Zone_07,0.323,0.0431,0.0781,0.0956,0.1211,0.039,0.0256,0.323,0.1965,0.0108,0.0673
CT007218,Zone_08,Zone_02,0.8,0.0,0.8,0.0,0.0,0.2,0.0,0.0,0.0,0.0,0.0
CT006086,Zone_07,Zone_07,0.2786,0.0627,0.0807,0.0945,0.1261,0.0385,0.0471,0.2786,0.203,0.014,0.0549
CT015623,Zone_04,Zone_03,0.25,0.0417,0.2083,0.25,0.0833,0.0417,0.0417,0.0833,0.1667,0.0,0.0833
CT016112,Zone_08,Zone_07,0.75,0.0,0.125,0.0,0.0,0.0,0.0,0.75,0.125,0.0,0.0
CT016926,Zone_09,Zone_02,0.2,0.1,0.2,0.1,0.2,0.0,0.2,0.15,0.05,0.0,0.0
CT017819,Zone_08,Zone_08,0.2812,0.0536,0.0804,0.1071,0.0848,0.0357,0.067,0.2277,0.2812,0.0,0.0625
CT008901,Zone_01,Zone_07,0.2786,0.0627,0.0807,0.0945,0.1261,0.0385,0.0471,0.2786,0.203,0.014,0.0549
CT015595,Zone_07,Zone_04,0.4545,0.0455,0.0909,0.1364,0.4545,0.0,0.0909,0.1364,0.0455,0.0,0.0
CT001962,Zone_08,Zone_07,0.3871,0.0571,0.0571,0.0546,0.1191,0.0372,0.0298,0.3871,0.201,0.0099,0.0471
CT015427,Zone_07,Zone_07,0.2706,0.0771,0.0717,0.0986,0.1452,0.0323,0.0305,0.2706,0.19,0.0125,0.0717
CT007344,Zone_02,Zone_07,0.3871,0.0571,0.0571,0.0546,0.1191,0.0372,0.0298,0.3871,0.201,0.0099,0.0471
CT008936,Zone_10,Zone_08,0.2812,0.0536,0.0804,0.1071,0.0848,0.0357,0.067,0.2277,0.2812,0.0,0.0625
CT010824,Zone_08,Zone_04,0.2651,0.0602,0.0361,0.1205,0.2651,0.0241,0.0,0.241,0.2169,0.0,0.0361
CT014791,Zone_07,Zone_07,0.2786,0.0627,0.0807,0.0945,0.1261,0.0385,0.0471,0.2786,0.203,0.014,0.0549
CT002779,Zone_04,Zone_07,0.2786,0.0627,0.0807,0.0945,0.1261,0.0385,0.0471,0.2786,0.203,0.014,0.0549
CT002493,Zone_02,Zone_08,0.3019,0.0943,0.0472,0.1415,0.0566,0.0283,0.0189,0.217,0.3019,0.0566,0.0377
CT019084,Zone_01,Zone_07,0.2786,0.0627,0.0807,0.0945,0.1261,0.0385,0.0471,0.2786,0.203,0.014,0.0549
CT003097,Zone_03,Zone_07,0.323,0.0431,0.0781,0.0956,0.1211,0.039,0.0256,0.323,0.1965,0.0108,0.0673
CT017864,Zone_07,Zone_01,0.2,0.2,0.2,0.0,0.0,0.0,0.0,0.2,0.2,0.0,0.2
CT008264,Zone_10,Zone_08,0.4737,0.1053,0.0526,0.0526,0.0526,0.0,0.0,0.1053,0.4737,0.0526,0.1053
CT004830,Zone_06,Zone_07,0.3871,0.0571,0.0571,0.0546,0.1191,0.0372,0.0298,0.3871,0.201,0.0099,0.0471
CT002923,Zone_03,Zone_01,0.2,0.2,0.1,0.2,0.1,0.0,0.0,0.2,0.0,0.1,0.1
CT001609,Zone_08,Zone_07,0.2941,0.0471,0.0471,0.0706,0.1647,0.0471,0.0471,0.2941,0.2706,0.0,0.0118
CT006749,Zone_08,Zone_07,0.2786,0.0627,0.0807,0.0945,0.1261,0.0385,0.0471,0.2786,0.203,0.014,0.0549
CT002459,Zone_04,Zone_07,0.323,0.0431,0.0781,0.0956,0.1211,0.039,0.0256,0.323,0.1965,0.0108,0.0673
CT014047,Zone_09,Zone_08,0.2571,0.0707,0.0511,0.0797,0.1564,0.0496,0.0406,0.2256,0.2571,0.012,0.0571
CT016301,Zone_01,Zone_02,0.5,0.0,0.5,0.0,0.0,0.0,0.0,0.5,0.0,0.0,0.0
CT012475,Zone_07,Zone_03,0.3333,0.0,0.0,0.3333,0.0,0.0,0.1667,0.3333,0.1667,0.0,0.0
CT004979,Zone_07,Zone_07,0.2353,0.0392,0.1765,0.1569,0.0196,0.0196,0.0784,0.2353,0.2157,0.0,0.0588
CT013722,Zone_04,Zone_07,0.6667,0.0,0.0,0.0,0.0,0.0,0.0,0.6667,0.0,0.0,0.3333
CT000279,Zone_07,Zone_08,0.381,0.0952,0.0159,0.0159,0.127,0.0794,0.0635,0.2063,0.381,0.0,0.0159
CT010980,Zone_07,Zone_04,0.6154,0.0,0.0,0.0769,0.6154,0.0,0.0,0.3077,0.0,0.0,0.0
CT000100,Zone_10,Zone_07,0.2786,0.0627,0.0807,0.0945,0.1261,0.0385,0.0471,0.2786,0.203,0.014,0.0549
CT006982,Zone_10,Zone_07,0.2786,0.0627,0.0807,0.0945,0.1261,0.0385,0.0471,0.2786,0.203,0.014,0.0549
CT006758,Zone_07,Zone_03,0.2581,0.0,0.1935,0.2581,0.1935,0.0,0.0,0.1613,0.1935,0.0,0.0
CT018344,Zone_08,Zone_07,0.323,0.0431,0.0781,0.0956,0.1211,0.039,0.0256,0.323,0.1965,0.0108,0.0673
CT002312,Zone_02,Zone_07,0.3871,0.0571,0.0571,0.0546,0.1191,0.0372,0.0298,0.3871,0.201,0.0099,0.0471
CT010930,Zone_04,Zone_08,0.25,0.15,0.0,0.0,0.15,0.15,0.15,0.1,0.25,0.0,0.05
CT019236,Zone_02,Zone_08,0.2094,0.0942,0.0942,0.0942,0.1466,0.0681,0.0314,0.1466,0.2094,0.0105,0.1047
CT017551,Zone_05,Zone_08,0.381,0.0952,0.0159,0.0159,0.127,0.0794,0.0635,0.2063,0.381,0.0,0.0159
CT018597,Zone_01,Zone_07,0.2706,0.0771,0.0717,0.0986,0.1452,0.0323,0.0305,0.2706,0.19,0.0125,0.0717
CT001934,Zone_07,Zone_07,0.2786,0.0627,0.0807,0.0945,0.1261,0.0385,0.0471,0.2786,0.203,0.014,0.0549
CT005877,Zone_08,Zone_07,0.323,0.0431,0.0781,0.0956,0.1211,0.039,0.0256,0.323,0.1965,0.0108,0.0673
CT006948,Zone_07,Zone_07,0.2941,0.0294,0.1078,0.098,0.0588,0.0392,0.0098,0.2941,0.2353,0.0196,0.1078
CT005543,Zone_08,Zone_07,0.3448,0.0172,0.0862,0.1724,0.1724,0.0345,0.0517,0.3448,0.069,0.0345,0.0172
CT013777,Zone_08,Zone_07,0.323,0.0431,0.0781,0.0956,0.1211,0.039,0.0256,0.323,0.1965,0.0108,0.0673
CT001599,Zone_07,Zone_07,0.3206,0.1221,0.084,0.0916,0.1374,0.0305,0.0153,0.3206,0.1298,0.0,0.0687
CT002165,Zone_07,Zone_07,0.2786,0.0627,0.0807,0.0945,0.1261,0.0385,0.0471,0.2786,0.203,0.014,0.0549
CT001591,Zone_01,Zone_07,0.2786,0.0627,0.0807,0.0945,0.1261,0.0385,0.0471,0.2786,0.203,0.014,0.0549
CT008548,Zone_07,Zone_08,0.2812,0.0536,0.0804,0.1071,0.0848,0.0357,0.067,0.2277,0.2812,0.0,0.0625
CT006551,Zone_07,Zone_07,0.2706,0.0771,0.0717,0.0986,0.1452,0.0323,0.0305,0.2706,0.19,0.0125,0.0717
CT001894,Zone_02,Zone_07,0.2786,0.0627,0.0807,0.0945,0.1261,0.0385,0.0471,0.2786,0.203,0.014,0.0549
CT012329,Zone_01,Zone_04,0.2651,0.0602,0.0361,0.1205,0.2651,0.0241,0.0,0.241,0.2169,0.0,0.0361
CT015795,Zone_05,Zone_08,0.268,0.0784,0.0458,0.0719,0.1503,0.0719,0.0196,0.2418,0.268,0.0131,0.0392
CT016437,Zone_08,Zone_08,0.2222,0.0556,0.0556,0.0778,0.1111,0.0778,0.1444,0.2111,0.2222,0.0111,0.0333
CT008293,Zone_08,Zone_08,0.3281,0.0391,0.0391,0.1641,0.1406,0.0312,0.0547,0.1016,0.3281,0.0078,0.0938
CT005519,Zone_03,Zone_07,0.2786,0.0627,0.0807,0.0945,0.1261,0.0385,0.0471,0.2786,0.203,0.014,0.0549
CT018027,Zone_07,Zone_07,0.3871,0.0571,0.0571,0.0546,0.1191,0.0372,0.0298,0.3871,0.201,0.0099,0.0471
CT000272,Zone_01,Zone_08,0.3077,0.1538,0.2308,0.0769,0.0769,0.0,0.0,0.0769,0.3077,0.0,0.0769
CT007079,Zone_03,Zone_03,0.4286,0.2857,0.0,0.4286,0.0,0.0,0.0,0.1429,0.1429,0.0,0.0
CT008935,Zone_07,Zone_07,0.3871,0.0571,0.0571,0.0546,0.1191,0.0372,0.0298,0.3871,0.201,0.0099,0.0471
CT008153,Zone_07,Zone_07,0.5263,0.1579,0.0,0.0526,0.0,0.0526,0.0,0.5263,0.1053,0.0,0.1053
CT009995,Zone_04,Zone_07,0.2424,0.0455,0.0758,0.1364,0.1818,0.0758,0.0303,0.2424,0.1061,0.0,0.1061
CT011653,Zone_07,Zone_08,0.3247,0.0909,0.1299,0.0779,0.1169,0.026,0.026,0.1558,0.3247,0.013,0.039
CT016837,Zone_07,Zone_07,0.3074,0.0649,0.026,0.1126,0.1472,0.0216,0.039,0.3074,0.1861,0.0087,0.0866
CT004779,Zone_04,Zone_07,0.3941,0.0632,0.052,0.0595,0.145,0.0372,0.0297,0.3941,0.1375,0.0074,0.0743
CT011005,Zone_07,Zone_07,0.4627,0.0149,0.0299,0.0746,0.0448,0.0448,0.0299,0.4627,0.194,0.0,0.1045
CT001018,Zone_07,Zone_07,0.2786,0.0627,0.0807,0.0945,0.1261,0.0385,0.0471,0.2786,0.203,0.014,0.0549
CT011954,Zone_09,Zone_07,0.3235,0.0686,0.076,0.076,0.1397,0.0392,0.0343,0.3235,0.1716,0.0196,0.0515
CT000078,Zone_07,Zone_07,0.3125,0.0104,0.0417,0.1146,0.1354,0.0521,0.0208,0.3125,0.2708,0.0208,0.0208
CT009743,Zone_07,Zone_07,0.266,0.0496,0.1064,0.0922,0.1206,0.039,0.0532,0.266,0.2021,0.0035,0.0674
CT000057,Zone_08,Zone_07,0.3871,0.0571,0.0571,0.0546,0.1191,0.0372,0.0298,0.3871,0.201,0.0099,0.0471
CT012741,Zone_07,Zone_07,0.323,0.0431,0.0781,0.0956,0.1211,0.039,0.0256,0.323,0.1965,0.0108,0.0673
CT000319,Zone_04,Zone_07,0.9,0.0,0.0,0.0,0.0,0.0,0.0,0.9,0.1,0.0,0.0
CT008630,Zone_07,Zone_03,0.1944,0.0,0.1667,0.1944,0.1111,0.1111,0.0278,0.1944,0.1944,0.0,0.0
CT018729,Zone_08,Zone_07,0.2786,0.0627,0.0807,0.0945,0.1261,0.0385,0.0471,0.2786,0.203,0.014,0.0549
CT007025,Zone_03,Zone_07,0.3235,0.0686,0.076,0.076,0.1397,0.0392,0.0343,0.3235,0.1716,0.0196,0.0515
CT008184,Zone_02,Zone_07,0.2786,0.0627,0.0807,0.0945,0.1261,0.0385,0.0471,0.2786,0.203,0.014,0.0549
CT014282,Zone_01,Zone_07,0.3074,0.0649,0.026,0.1126,0.1472,0.0216,0.039,0.3074,0.1861,0.0087,0.0866
CT018158,Zone_07,Zone_07,0.3235,0.0686,0.076,0.076,0.1397,0.0392,0.0343,0.3235,0.1716,0.0196,0.0515
CT014546,Zone_07,Zone_08,0.3019,0.0943,0.0472,0.1415,0.0566,0.0283,0.0189,0.217,0.3019,0.0566,0.0377
CT012730,Zone_08,Zone_07,0.3228,0.0582,0.0741,0.0917,0.1429,0.0247,0.0406,0.3228,0.1817,0.0106,0.0529
CT010299,Zone_08,Zone_09,0.4,0.2,0.0,0.0,0.2,0.0,0.0,0.0,0.2,0.4,0.0
CT005184,Zone_08,Zone_08,0.2094,0.0942,0.0942,0.0942,0.1466,0.0681,0.0314,0.1466,0.2094,0.0105,0.1047
CT004896,Zone_08,Zone_08,0.268,0.0784,0.0458,0.0719,0.1503,0.0719,0.0196,0.2418,0.268,0.0131,0.0392
CT004871,Zone_08,Zone_07,0.323,0.0431,0.0781,0.0956,0.1211,0.039,0.0256,0.323,0.1965,0.0108,0.0673
CT014621,Zone_08,Zone_07,0.323,0.0431,0.0781,0.0956,0.1211,0.039,0.0256,0.323,0.1965,0.0108,0.0673
CT010039,Zone_07,Zone_07,0.3235,0.0686,0.076,0.076,0.1397,0.0392,0.0343,0.3235,0.1716,0.0196,0.0515
CT019201,Zone_07,Zone_07,0.2786,0.0627,0.0807,0.0945,0.1261,0.0385,0.0471,0.2786,0.203,0.014,0.0549
CT009837,Zone_01,Zone_07,0.3125,0.0104,0.0417,0.1146,0.1354,0.0521,0.0208,0.3125,0.2708,0.0208,0.0208
CT019068,Zone_07,Zone_07,0.3235,0.0686,0.076,0.076,0.1397,0.0392,0.0343,0.3235,0.1716,0.0196,0.0515
CT005008,Zone_07,Zone_07,0.2786,0.0627,0.0807,0.0945,0.1261,0.0385,0.0471,0.2786,0.203,0.014,0.0549
CT012860,Zone_07,Zone_07,0.3871,0.0571,0.0571,0.0546,0.1191,0.0372,0.0298,0.3871,0.201,0.0099,0.0471
CT000817,Zone_07,Zone_03,0.4444,0.0,0.1111,0.4444,0.1111,0.1111,0.0,0.0,0.2222,0.0,0.0
CT008145,Zone_08,Zone_07,0.6,0.0,0.0,0.2,0.0,0.0,0.0,0.6,0.0,0.0,0.2
CT005066,Zone_07,Zone_07,0.9,0.0,0.0,0.0,0.0,0.0,0.0,0.9,0.1,0.0,0.0
CT011481,Zone_08,Zone_06,0.2222,0.1111,0.0,0.0,0.1111,0.1111,0.2222,0.2222,0.0,0.0,0.2222
CT017802,Zone_07,Zone_07,0.2786,0.0627,0.0807,0.0945,0.1261,0.0385,0.0471,0.2786,0.203,0.014,0.0549
CT017649,Zone_08,Zone_07,0.2706,0.0771,0.0717,0.0986,0.1452,0.0323,0.0305,0.2706,0.19,0.0125,0.0717
CT015285,Zone_01,Zone_07,0.8,0.0,0.0,0.0,0.0,0.0,0.0,0.8,0.2,0.0,0.0
CT015231,Zone_08,Zone_04,0.3333,0.0,0.1667,0.0,0.3333,0.1667,0.0,0.0,0.1667,0.0,0.1667
CT002758,Zone_08,Zone_07,0.2786,0.0627,0.0807,0.0945,0.1261,0.0385,0.0471,0.2786,0.203,0.014,0.0549
CT005525,Zone_04,Zone_07,0.2786,0.0627,0.0807,0.0945,0.1261,0.0385,0.0471,0.2786,0.203,0.014,0.0549
CT016819,Zone_06,Zone_08,0.3663,0.0594,0.0792,0.0792,0.0693,0.0693,0.0594,0.0891,0.3663,0.0198,0.1089
CT009946,Zone_02,Zone_07,0.3404,0.0638,0.1489,0.0638,0.1702,0.0,0.0,0.3404,0.1915,0.0,0.0213
CT014238,Zone_08,Zone_07,0.3228,0.0582,0.0741,0.0917,0.1429,0.0247,0.0406,0.3228,0.1817,0.0106,0.0529
CT008593,Zone_07,Zone_07,0.3143,0.0643,0.1143,0.05,0.1286,0.0286,0.0643,0.3143,0.2143,0.0071,0.0143
CT006575,Zone_08,Zone_07,0.2786,0.0627,0.0807,0.0945,0.1261,0.0385,0.0471,0.2786,0.203,0.014,0.0549
CT000384,Zone_08,Zone_07,0.4286,0.0571,0.0857,0.1429,0.1143,0.0857,0.0571,0.4286,0.0286,0.0,0.0
CT001066,Zone_10,Zone_08,0.7857,0.0,0.0,0.0714,0.0714,0.0714,0.0,0.0,0.7857,0.0,0.0
CT007051,Zone_10,Zone_04,0.6667,0.0,0.1111,0.0,0.6667,0.0,0.0,0.1111,0.1111,0.0,0.0
CT017241,Zone_04,Zone_07,0.2786,0.0627,0.0807,0.0945,0.1261,0.0385,0.0471,0.2786,0.203,0.014,0.0549
CT002085,Zone_08,Zone_08,0.3696,0.0217,0.0435,0.1087,0.0217,0.0217,0.0652,0.3043,0.3696,0.0217,0.0217
CT006903,Zone_08,Zone_07,0.3247,0.0515,0.0979,0.0773,0.0773,0.0309,0.0155,0.3247,0.2474,0.0052,0.0722
CT014855,Zone_07,Zone_07,0.2786,0.0627,0.0807,0.0945,0.1261,0.0385,0.0471,0.2786,0.203,0.014,0.0549
CT004515,Zone_03,Zone_07,0.3941,0.0632,0.052,0.0595,0.145,0.0372,0.0297,0.3941,0.1375,0.0074,0.0743
CT006306,Zone_03,Zone_07,0.2706,0.0771,0.0717,0.0986,0.1452,0.0323,0.0305,0.2706,0.19,0.0125,0.0717
CT013358,Zone_03,Zone_07,0.3247,0.0515,0.0979,0.0773,0.0773,0.0309,0.0155,0.3247,0.2474,0.0052,0.0722
CT013946,Zone_07,Zone_07,0.2786,0.0627,0.0807,0.0945,0.1261,0.0385,0.0471,0.2786,0.203,0.014,0.0549
CT007536,Zone_10,Zone_08,0.2571,0.0707,0.0511,0.0797,0.1564,0.0496,0.0406,0.2256,0.2571,0.012,0.0571
CT012403,Zone_08,Zone_07,0.2786,0.0627,0.0807,0.0945,0.1261,0.0385,0.0471,0.2786,0.203,0.014,0.0549
CT012312,Zone_08,Zone_07,0.2786,0.0627,0.0807,0.0945,0.1261,0.0385,0.0471,0.2786,0.203,0.014,0.0549
CT010677,Zone_08,Zone_08,0.2821,0.0769,0.1538,0.1795,0.0769,0.0,0.0513,0.1282,0.2821,0.0256,0.0256
CT005758,Zone_08,Zone_03,0.2581,0.0,0.1935,0.2581,0.1935,0.0,0.0,0.1613,0.1935,0.0,0.0
CT005509,Zone_07,Zone_04,0.225,0.1,0.2,0.1,0.225,0.05,0.025,0.1,0.125,0.025,0.05
CT004337,Zone_02,Zone_07,0.3077,0.1538,0.0,0.1538,0.0,0.0,0.0769,0.3077,0.1538,0.0,0.1538
CT015227,Zone_04,Zone_07,0.2786,0.0627,0.0807,0.0945,0.1261,0.0385,0.0471,0.2786,0.203,0.014,0.0549
CT013272,Zone_08,Zone_04,0.6,0.0,0.0,0.0,0.6,0.2,0.2,0.0,0.0,0.0,0.0
CT006556,Zone_05,Zone_08,0.4286,0.1429,0.0952,0.1429,0.0476,0.0,0.0,0.1429,0.4286,0.0,0.0
CT008256,Zone_01,Zone_07,0.3448,0.0172,0.0862,0.1724,0.1724,0.0345,0.0517,0.3448,0.069,0.0345,0.0172
CT002732,Zone_04,Zone_08,0.3333,0.1111,0.1111,0.1111,0.0,0.1111,0.0,0.2222,0.3333,0.0,0.0
CT019964,Zone_10,Zone_08,0.2812,0.0536,0.0804,0.1071,0.0848,0.0357,0.067,0.2277,0.2812,0.0,0.0625
CT011348,Zone_02,Zone_07,0.3941,0.0632,0.052,0.0595,0.145,0.0372,0.0297,0.3941,0.1375,0.0074,0.0743
CT007445,Zone_02,Zone_07,0.2786,0.0627,0.0807,0.0945,0.1261,0.0385,0.0471,0.2786,0.203,0.014,0.0549
CT017530,Zone_05,Zone_07,0.8333,0.0,0.0,0.0,0.0,0.0,0.0,0.8333,0.0,0.0,0.1667
CT007065,Zone_05,Zone_07,0.2786,0.0627,0.0807,0.0945,0.1261,0.0385,0.0471,0.2786,0.203,0.014,0.0549
CT004911,Zone_03,Zone_07,0.3235,0.0686,0.076,0.076,0.1397,0.0392,0.0343,0.3235,0.1716,0.0196,0.0515
CT012047,Zone_08,Zone_07,0.2786,0.0627,0.0807,0.0945,0.1261,0.0385,0.0471,0.2786,0.203,0.014,0.0549
CT015087,Zone_03,Zone_04,0.4167,0.0833,0.0,0.25,0.4167,0.0,0.0833,0.0,0.0833,0.0,0.0833
CT002253,Zone_05,Zone_07,0.3206,0.1221,0.084,0.0916,0.1374,0.0305,0.0153,0.3206,0.1298,0.0,0.0687
CT008690,Zone_07,Zone_03,0.4286,0.2857,0.0,0.4286,0.0,0.0,0.0,0.1429,0.1429,0.0,0.0
CT001401,Zone_08,Zone_04,0.8571,0.0,0.0,0.0,0.8571,0.0,0.0,0.0,0.1429,0.0,0.0
CT018264,Zone_08,Zone_07,0.323,0.0431,0.0781,0.0956,0.1211,0.039,0.0256,0.323,0.1965,0.0108,0.0673
CT012499,Zone_04,Zone_07,0.3235,0.0686,0.076,0.076,0.1397,0.0392,0.0343,0.3235,0.1716,0.0196,0.0515
CT014188,Zone_08,Zone_07,0.3247,0.0515,0.0979,0.0773,0.0773,0.0309,0.0155,0.3247,0.2474,0.0052,0.0722
CT001447,Zone_06,Zone_07,0.3228,0.0582,0.0741,0.0917,0.1429,0.0247,0.0406,0.3228,0.1817,0.0106,0.0529
CT005759,Zone_04,Zone_07,0.2786,0.0627,0.0807,0.0945,0.1261,0.0385,0.0471,0.2786,0.203,0.014,0.0549
CT001867,Zone_10,Zone_07,0.2786,0.0627,0.0807,0.0945,0.1261,0.0385,0.0471,0.2786,0.203,0.014,0.0549
CT009660,Zone_05,Zone_07,0.3118,0.0753,0.043,0.1075,0.086,0.0323,0.0323,0.3118,0.2796,0.0215,0.0108
CT019407,Zone_07,Zone_07,0.2786,0.0627,0.0807,0.0945,0.1261,0.0385,0.0471,0.2786,0.203,0.014,0.0549
CT000900,Zone_07,Zone_07,0.3228,0.0582,0.0741,0.0917,0.1429,0.0247,0.0406,0.3228,0.1817,0.0106,0.0529
CT010112,Zone_04,Zone_07,0.2786,0.0627,0.0807,0.0945,0.1261,0.0385,0.0471,0.2786,0.203,0.014,0.0549
CT000976,Zone_07,Zone_07,0.266,0.0496,0.1064,0.0922,0.1206,0.039,0.0532,0.266,0.2021,0.0035,0.0674
CT002203,Zone_06,Zone_07,0.2786,0.0627,0.0807,0.0945,0.1261,0.0385,0.0471,0.2786,0.203,0.014,0.0549
CT011247,Zone_04,Zone_07,0.3166,0.0452,0.0754,0.0905,0.1055,0.0151,0.0603,0.3166,0.2412,0.005,0.0452
CT004561,Zone_09,Zone_04,0.3333,0.0,0.0741,0.1852,0.3333,0.037,0.0,0.037,0.2222,0.0,0.1111
CT004110,Zone_07,Zone_07,0.2786,0.0627,0.0807,0.0945,0.1261,0.0385,0.0471,0.2786,0.203,0.014,0.0549
CT006240,Zone_08,Zone_07,0.5833,0.0,0.0833,0.0,0.0,0.0,0.0,0.5833,0.25,0.0,0.0833
CT011917,Zone_07,Zone_07,0.323,0.0431,0.0781,0.0956,0.1211,0.039,0.0256,0.323,0.1965,0.0108,0.0673
CT012620,Zone_10,Zone_07,0.3206,0.1221,0.084,0.0916,0.1374,0.0305,0.0153,0.3206,0.1298,0.0,0.0687
CT010265,Zone_04,Zone_07,0.2706,0.0771,0.0717,0.0986,0.1452,0.0323,0.0305,0.2706,0.19,0.0125,0.0717
CT000252,Zone_07,Zone_07,0.2424,0.0455,0.0758,0.1364,0.1818,0.0758,0.0303,0.2424,0.1061,0.0,0.1061
CT005214,Zone_06,Zone_07,0.2786,0.0627,0.0807,0.0945,0.1261,0.0385,0.0471,0.2786,0.203,0.014,0.0549
CT002858,Zone_08,Zone_07,0.2786,0.0627,0.0807,0.0945,0.1261,0.0385,0.0471,0.2786,0.203,0.014,0.0549
CT007245,Zone_08,Zone_07,0.2786,0.0627,0.0807,0.0945,0.1261,0.0385,0.0471,0.2786,0.203,0.014,0.0549
CT017432,Zone_03,Zone_08,0.2571,0.0707,0.0511,0.0797,0.1564,0.0496,0.0406,0.2256,0.2571,0.012,0.0571
CT019637,Zone_07,Zone_07,0.323,0.0431,0.0781,0.0956,0.1211,0.039,0.0256,0.323,0.1965,0.0108,0.0673
CT002286,Zone_03,Zone_07,0.323,0.0431,0.0781,0.0956,0.1211,0.039,0.0256,0.323,0.1965,0.0108,0.0673
CT009084,Zone_01,Zone_07,0.3235,0.0686,0.076,0.076,0.1397,0.0392,0.0343,0.3235,0.1716,0.0196,0.0515
CT005351,Zone_06,Zone_08,0.2571,0.0707,0.0511,0.0797,0.1564,0.0496,0.0406,0.2256,0.2571,0.012,0.0571
CT010137,Zone_08,Zone_08,0.3663,0.0594,0.0792,0.0792,0.0693,0.0693,0.0594,0.0891,0.3663,0.0198,0.1089
CT005355,Zone_06,Zone_07,0.323,0.0431,0.0781,0.0956,0.1211,0.039,0.0256,0.323,0.1965,0.0108,0.0673
CT015330,Zone_04,Zone_07,0.8,0.0,0.0,0.0,0.0,0.0,0.0,0.8,0.2,0.0,0.0
CT012079,Zone_03,Zone_07,0.2706,0.0771,0.0717,0.0986,0.1452,0.0323,0.0305,0.2706,0.19,0.0125,0.0717
CT013800,Zone_08,Zone_07,0.2786,0.0627,0.0807,0.0945,0.1261,0.0385,0.0471,0.2786,0.203,0.014,0.0549
CT005866,Zone_04,Zone_07,0.3871,0.0571,0.0571,0.0546,0.1191,0.0372,0.0298,0.3871,0.201,0.0099,0.0471
CT014015,Zone_07,Zone_07,0.2786,0.0627,0.0807,0.0945,0.1261,0.0385,0.0471,0.2786,0.203,0.014,0.0549
CT007002,Zone_06,Zone_08,0.2094,0.0942,0.0942,0.0942,0.1466,0.0681,0.0314,0.1466,0.2094,0.0105,0.1047
CT017012,Zone_03,Zone_08,1.0,0.0,0.0,0.0,0.0,0.0,0.0,0.0,1.0,0.0,0.0
CT011461,Zone_08,Zone_07,0.2786,0.0627,0.0807,0.0945,0.1261,0.0385,0.0471,0.2786,0.203,0.014,0.0549
CT013966,Zone_10,Zone_07,0.6667,0.0,0.1667,0.0,0.0,0.0,0.0,0.6667,0.0,0.0,0.1667
CT010263,Zone_02,Zone_07,0.3247,0.0515,0.0979,0.0773,0.0773,0.0309,0.0155,0.3247,0.2474,0.0052,0.0722
CT002931,Zone_07,Zone_07,0.3247,0.0515,0.0979,0.0773,0.0773,0.0309,0.0155,0.3247,0.2474,0.0052,0.0722
CT010205,Zone_08,Zone_07,0.2786,0.0627,0.0807,0.0945,0.1261,0.0385,0.0471,0.2786,0.203,0.014,0.0549
CT012727,Zone_06,Zone_07,0.3074,0.0649,0.026,0.1126,0.1472,0.0216,0.039,0.3074,0.1861,0.0087,0.0866
CT003516,Zone_07,Zone_07,0.2786,0.0627,0.0807,0.0945,0.1261,0.0385,0.0471,0.2786,0.203,0.014,0.0549
CT008486,Zone_07,Zone_07,0.2786,0.0627,0.0807,0.0945,0.1261,0.0385,0.0471,0.2786,0.203,0.014,0.0549
CT008082,Zone_08,Zone_03,0.2,0.0,0.0,0.2,0.2,0.2,0.0,0.2,0.0,0.0,0.2
CT006042,Zone_02,Zone_07,0.266,0.0496,0.1064,0.0922,0.1206,0.039,0.0532,0.266,0.2021,0.0035,0.0674
CT018468,Zone_03,Zone_07,0.2786,0.0627,0.0807,0.0945,0.1261,0.0385,0.0471,0.2786,0.203,0.014,0.0549
CT016401,Zone_06,Zone_07,0.2786,0.0627,0.0807,0.0945,0.1261,0.0385,0.0471,0.2786,0.203,0.014,0.0549
CT003489,Zone_01,Zone_03,0.25,0.0833,0.1667,0.25,0.0,0.1667,0.0,0.1667,0.0833,0.0833,0.0
CT016396,Zone_04,Zone_03,0.4,0.0,0.0,0.4,0.4,0.0,0.0,0.0,0.2,0.0,0.0
CT007265,Zone_08,Zone_07,0.25,0.0625,0.1875,0.125,0.1875,0.0,0.0,0.25,0.125,0.0,0.0625
CT010317,Zone_04,Zone_08,0.2571,0.0707,0.0511,0.0797,0.1564,0.0496,0.0406,0.2256,0.2571,0.012,0.0571
CT010209,Zone_04,Zone_07,0.3143,0.0643,0.1143,0.05,0.1286,0.0286,0.0643,0.3143,0.2143,0.0071,0.0143
CT001339,Zone_07,Zone_04,0.225,0.1,0.2,0.1,0.225,0.05,0.025,0.1,0.125,0.025,0.05
CT000309,Zone_04,Zone_07,0.3247,0.0515,0.0979,0.0773,0.0773,0.0309,0.0155,0.3247,0.2474,0.0052,0.0722
CT012760,Zone_08,Zone_07,0.323,0.0431,0.0781,0.0956,0.1211,0.039,0.0256,0.323,0.1965,0.0108,0.0673
CT013436,Zone_08,Zone_01,0.25,0.25,0.125,0.0,0.25,0.0,0.125,0.125,0.0,0.0,0.125
CT000328,Zone_07,Zone_08,0.4444,0.0,0.0,0.2222,0.2222,0.0,0.0,0.0,0.4444,0.0,0.1111
CT008186,Zone_06,Zone_07,0.2786,0.0627,0.0807,0.0945,0.1261,0.0385,0.0471,0.2786,0.203,0.014,0.0549
CT011835,Zone_04,Zone_07,0.2706,0.0771,0.0717,0.0986,0.1452,0.0323,0.0305,0.2706,0.19,0.0125,0.0717
CT016186,Zone_03,Zone_08,0.4375,0.0312,0.0625,0.0,0.25,0.0,0.0312,0.125,0.4375,0.0312,0.0312
CT005945,Zone_02,Zone_04,0.2857,0.1429,0.0,0.0,0.2857,0.0,0.1429,0.2857,0.0,0.0,0.1429
CT015121,Zone_04,Zone_07,0.2786,0.0627,0.0807,0.0945,0.1261,0.0385,0.0471,0.2786,0.203,0.014,0.0549
CT017533,Zone_01,Zone_07,0.266,0.0496,0.1064,0.0922,0.1206,0.039,0.0532,0.266,0.2021,0.0035,0.0674
CT016531,Zone_08,Zone_07,0.2706,0.0771,0.0717,0.0986,0.1452,0.0323,0.0305,0.2706,0.19,0.0125,0.0717
CT005776,Zone_02,Zone_04,0.6667,0.0,0.0,0.0,0.6667,0.0,0.1667,0.0,0.0,0.0,0.1667
CT009633,Zone_04,Zone_07,0.2353,0.0392,0.1765,0.1569,0.0196,0.0196,0.0784,0.2353,0.2157,0.0,0.0588
CT015682,Zone_08,Zone_07,0.3228,0.0582,0.0741,0.0917,0.1429,0.0247,0.0406,0.3228,0.1817,0.0106,0.0529
CT007555,Zone_08,Zone_07,0.2786,0.0627,0.0807,0.0945,0.1261,0.0385,0.0471,0.2786,0.203,0.014,0.0549
CT009636,Zone_02,Zone_07,0.2786,0.0627,0.0807,0.0945,0.1261,0.0385,0.0471,0.2786,0.203,0.014,0.0549
CT001676,Zone_10,Zone_07,0.266,0.0496,0.1064,0.0922,0.1206,0.039,0.0532,0.266,0.2021,0.0035,0.0674
CT010219,Zone_02,Zone_07,0.3941,0.0632,0.052,0.0595,0.145,0.0372,0.0297,0.3941,0.1375,0.0074,0.0743
CT008367,Zone_03,Zone_08,0.3077,0.1538,0.2308,0.0769,0.0769,0.0,0.0,0.0769,0.3077,0.0,0.0769
CT002862,Zone_07,Zone_07,0.2424,0.0455,0.0758,0.1364,0.1818,0.0758,0.0303,0.2424,0.1061,0.0,0.1061
CT000102,Zone_07,Zone_07,0.6667,0.0,0.0,0.0,0.0,0.0,0.0,0.6667,0.3333,0.0,0.0
CT005383,Zone_07,Zone_07,0.3247,0.0515,0.0979,0.0773,0.0773,0.0309,0.0155,0.3247,0.2474,0.0052,0.0722
CT012289,Zone_10,Zone_07,0.2786,0.0627,0.0807,0.0945,0.1261,0.0385,0.0471,0.2786,0.203,0.014,0.0549
CT007487,Zone_04,Zone_07,0.3143,0.0643,0.1143,0.05,0.1286,0.0286,0.0643,0.3143,0.2143,0.0071,0.0143
CT014635,Zone_03,Zone_07,0.2786,0.0627,0.0807,0.0945,0.1261,0.0385,0.0471,0.2786,0.203,0.014,0.0549
CT012661,Zone_10,Zone_07,0.3206,0.1221,0.084,0.0916,0.1374,0.0305,0.0153,0.3206,0.1298,0.0,0.0687
CT016463,Zone_03,Zone_07,0.2786,0.0627,0.0807,0.0945,0.1261,0.0385,0.0471,0.2786,0.203,0.014,0.0549
CT002361,Zone_07,Zone_02,0.5,0.0,0.5,0.0,0.1667,0.0,0.0,0.0,0.3333,0.0,0.0
CT005168,Zone_07,Zone_07,0.2941,0.0294,0.1078,0.098,0.0588,0.0392,0.0098,0.2941,0.2353,0.0196,0.1078
CT008420,Zone_03,Zone_07,0.2706,0.0771,0.0717,0.0986,0.1452,0.0323,0.0305,0.2706,0.19,0.0125,0.0717
CT013432,Zone_08,Zone_07,0.2786,0.0627,0.0807,0.0945,0.1261,0.0385,0.0471,0.2786,0.203,0.014,0.0549
CT009528,Zone_03,Zone_07,0.323,0.0431,0.0781,0.0956,0.1211,0.039,0.0256,0.323,0.1965,0.0108,0.0673
CT009646,Zone_08,Zone_07,0.266,0.0496,0.1064,0.0922,0.1206,0.039,0.0532,0.266,0.2021,0.0035,0.0674
CT007356,Zone_05,Zone_07,0.3166,0.0452,0.0754,0.0905,0.1055,0.0151,0.0603,0.3166,0.2412,0.005,0.0452
CT007366,Zone_03,Zone_03,0.4,0.0,0.0,0.4,0.0,0.2,0.0,0.4,0.0,0.0,0.0
CT006483,Zone_07,Zone_07,0.2786,0.0627,0.0807,0.0945,0.1261,0.0385,0.0471,0.2786,0.203,0.014,0.0549
CT005963,Zone_08,Zone_07,0.3871,0.0571,0.0571,0.0546,0.1191,0.0372,0.0298,0.3871,0.201,0.0099,0.0471
CT005657,Zone_06,Zone_07,0.323,0.0431,0.0781,0.0956,0.1211,0.039,0.0256,0.323,0.1965,0.0108,0.0673
CT001604,Zone_07,Zone_02,0.6,0.2,0.6,0.0,0.0,0.0,0.0,0.2,0.0,0.0,0.0
CT001776,Zone_07,Zone_07,0.2786,0.0627,0.0807,0.0945,0.1261,0.0385,0.0471,0.2786,0.203,0.014,0.0549
CT002184,Zone_03,Zone_07,0.3085,0.0638,0.1383,0.0532,0.0745,0.0426,0.0426,0.3085,0.234,0.0,0.0426
CT010406,Zone_01,Zone_07,0.2786,0.0627,0.0807,0.0945,0.1261,0.0385,0.0471,0.2786,0.203,0.014,0.0549
CT004360,Zone_07,Zone_07,0.2786,0.0627,0.0807,0.0945,0.1261,0.0385,0.0471,0.2786,0.203,0.014,0.0549
CT019316,Zone_03,Zone_08,0.2812,0.0536,0.0804,0.1071,0.0848,0.0357,0.067,0.2277,0.2812,0.0,0.0625
CT017514,Zone_04,Zone_07,0.3247,0.0515,0.0979,0.0773,0.0773,0.0309,0.0155,0.3247,0.2474,0.0052,0.0722
CT015877,Zone_06,Zone_07,0.2786,0.0627,0.0807,0.0945,0.1261,0.0385,0.0471,0.2786,0.203,0.014,0.0549
CT009447,Zone_07,Zone_02,0.2432,0.1351,0.2432,0.1351,0.1081,0.0,0.1081,0.0811,0.1081,0.027,0.0541
CT002853,Zone_07,Zone_08,0.2094,0.0942,0.0942,0.0942,0.1466,0.0681,0.0314,0.1466,0.2094,0.0105,0.1047
CT003577,Zone_07,Zone_08,0.2812,0.0536,0.0804,0.1071,0.0848,0.0357,0.067,0.2277,0.2812,0.0,0.0625
CT007796,Zone_07,Zone_07,0.2786,0.0627,0.0807,0.0945,0.1261,0.0385,0.0471,0.2786,0.203,0.014,0.0549
CT007836,Zone_04,Zone_10,0.6,0.0,0.0,0.0,0.0,0.0,0.2,0.2,0.0,0.0,0.6
CT014447,Zone_08,Zone_07,0.2786,0.0627,0.0807,0.0945,0.1261,0.0385,0.0471,0.2786,0.203,0.014,0.0549
CT000714,Zone_06,Zone_07,0.4627,0.0149,0.0299,0.0746,0.0448,0.0448,0.0299,0.4627,0.194,0.0,0.1045
CT017037,Zone_10,Zone_07,0.3228,0.0582,0.0741,0.0917,0.1429,0.0247,0.0406,0.3228,0.1817,0.0106,0.0529
CT013630,Zone_08,Zone_04,0.3333,0.1667,0.0,0.1667,0.3333,0.1667,0.0,0.0,0.0,0.0,0.1667
CT010660,Zone_08,Zone_07,0.2786,0.0627,0.0807,0.0945,0.1261,0.0385,0.0471,0.2786,0.203,0.014,0.0549
CT000052,Zone_02,Zone_08,0.2094,0.0942,0.0942,0.0942,0.1466,0.0681,0.0314,0.1466,0.2094,0.0105,0.1047
CT019391,Zone_04,Zone_07,0.2706,0.0771,0.0717,0.0986,0.1452,0.0323,0.0305,0.2706,0.19,0.0125,0.0717
CT017627,Zone_08,Zone_04,0.3333,0.0,0.0741,0.1852,0.3333,0.037,0.0,0.037,0.2222,0.0,0.1111
CT001028,Zone_05,Zone_07,0.2706,0.0771,0.0717,0.0986,0.1452,0.0323,0.0305,0.2706,0.19,0.0125,0.0717
CT010703,Zone_03,Zone_07,0.266,0.0496,0.1064,0.0922,0.1206,0.039,0.0532,0.266,0.2021,0.0035,0.0674
CT003315,Zone_04,Zone_07,0.2786,0.0627,0.0807,0.0945,0.1261,0.0385,0.0471,0.2786,0.203,0.014,0.0549
CT008272,Zone_03,Zone_08,0.268,0.0784,0.0458,0.0719,0.1503,0.0719,0.0196,0.2418,0.268,0.0131,0.0392
CT019381,Zone_02,Zone_08,0.381,0.0952,0.0159,0.0159,0.127,0.0794,0.0635,0.2063,0.381,0.0,0.0159
CT006600,Zone_05,Zone_07,0.2969,0.0625,0.1406,0.0469,0.0781,0.0625,0.0469,0.2969,0.1875,0.0,0.0781
CT006128,Zone_02,Zone_07,0.2786,0.0627,0.0807,0.0945,0.1261,0.0385,0.0471,0.2786,0.203,0.014,0.0549
CT009926,Zone_10,Zone_07,0.2353,0.0392,0.1765,0.1569,0.0196,0.0196,0.0784,0.2353,0.2157,0.0,0.0588
CT001353,Zone_04,Zone_07,0.3206,0.1221,0.084,0.0916,0.1374,0.0305,0.0153,0.3206,0.1298,0.0,0.0687
CT002561,Zone_08,Zone_08,0.3571,0.0,0.0,0.0,0.0714,0.0,0.2143,0.2143,0.3571,0.0,0.1429
CT000322,Zone_08,Zone_08,0.2571,0.0707,0.0511,0.0797,0.1564,0.0496,0.0406,0.2256,0.2571,0.012,0.0571
CT011146,Zone_07,Zone_07,0.2786,0.0627,0.0807,0.0945,0.1261,0.0385,0.0471,0.2786,0.203,0.014,0.0549
CT005484,Zone_05,Zone_07,0.2786,0.0627,0.0807,0.0945,0.1261,0.0385,0.0471,0.2786,0.203,0.014,0.0549
CT001103,Zone_07,Zone_07,0.2786,0.0627,0.0807,0.0945,0.1261,0.0385,0.0471,0.2786,0.203,0.014,0.0549
CT011025,Zone_04,Zone_07,0.2786,0.0627,0.0807,0.0945,0.1261,0.0385,0.0471,0.2786,0.203,0.014,0.0549
CT011359,Zone_01,Zone_07,0.3228,0.0582,0.0741,0.0917,0.1429,0.0247,0.0406,0.3228,0.1817,0.0106,0.0529
CT014082,Zone_03,Zone_07,0.2786,0.0627,0.0807,0.0945,0.1261,0.0385,0.0471,0.2786,0.203,0.014,0.0549
CT001252,Zone_03,Zone_07,0.2706,0.0771,0.0717,0.0986,0.1452,0.0323,0.0305,0.2706,0.19,0.0125,0.0717
CT004098,Zone_08,Zone_07,0.2786,0.0627,0.0807,0.0945,0.1261,0.0385,0.0471,0.2786,0.203,0.014,0.0549
CT010098,Zone_10,Zone_08,0.2571,0.0707,0.0511,0.0797,0.1564,0.0496,0.0406,0.2256,0.2571,0.012,0.0571
CT007311,Zone_05,Zone_08,0.3281,0.0391,0.0391,0.1641,0.1406,0.0312,0.0547,0.1016,0.3281,0.0078,0.0938
CT004684,Zone_08,Zone_07,0.3143,0.0643,0.1143,0.05,0.1286,0.0286,0.0643,0.3143,0.2143,0.0071,0.0143
CT013783,Zone_07,Zone_07,0.2786,0.0627,0.0807,0.0945,0.1261,0.0385,0.0471,0.2786,0.203,0.014,0.0549
CT015509,Zone_03,Zone_07,0.2424,0.0455,0.0758,0.1364,0.1818,0.0758,0.0303,0.2424,0.1061,0.0,0.1061
CT014916,Zone_01,Zone_07,0.266,0.0496,0.1064,0.0922,0.1206,0.039,0.0532,0.266,0.2021,0.0035,0.0674
CT006085,Zone_03,Zone_07,0.3871,0.0571,0.0571,0.0546,0.1191,0.0372,0.0298,0.3871,0.201,0.0099,0.0471
CT011541,Zone_07,Zone_08,0.3247,0.0909,0.1299,0.0779,0.1169,0.026,0.026,0.1558,0.3247,0.013,0.039
CT014396,Zone_01,Zone_07,0.2786,0.0627,0.0807,0.0945,0.1261,0.0385,0.0471,0.2786,0.203,0.014,0.0549
CT004921,Zone_05,Zone_07,0.3941,0.0632,0.052,0.0595,0.145,0.0372,0.0297,0.3941,0.1375,0.0074,0.0743
CT012287,Zone_07,Zone_07,0.266,0.0496,0.1064,0.0922,0.1206,0.039,0.0532,0.266,0.2021,0.0035,0.0674
CT012410,Zone_07,Zone_08,0.2571,0.0707,0.0511,0.0797,0.1564,0.0496,0.0406,0.2256,0.2571,0.012,0.0571
CT012359,Zone_06,Zone_07,0.2786,0.0627,0.0807,0.0945,0.1261,0.0385,0.0471,0.2786,0.203,0.014,0.0549
CT006848,Zone_08,Zone_07,0.3941,0.0632,0.052,0.0595,0.145,0.0372,0.0297,0.3941,0.1375,0.0074,0.0743
CT015402,Zone_05,Zone_07,0.2786,0.0627,0.0807,0.0945,0.1261,0.0385,0.0471,0.2786,0.203,0.014,0.0549
CT014963,Zone_02,Zone_08,0.2571,0.0707,0.0511,0.0797,0.1564,0.0496,0.0406,0.2256,0.2571,0.012,0.0571
CT012127,Zone_04,Zone_08,0.268,0.0784,0.0458,0.0719,0.1503,0.0719,0.0196,0.2418,0.268,0.0131,0.0392
CT006397,Zone_07,Zone_07,0.266,0.0496,0.1064,0.0922,0.1206,0.039,0.0532,0.266,0.2021,0.0035,0.0674
CT004945,Zone_07,Zone_07,0.2786,0.0627,0.0807,0.0945,0.1261,0.0385,0.0471,0.2786,0.203,0.014,0.0549
CT019370,Zone_07,Zone_08,1.0,0.0,0.0,0.0,0.0,0.0,0.0,0.0,1.0,0.0,0.0
CT011784,Zone_08,Zone_08,0.2727,0.1136,0.0455,0.0682,0.1818,0.0682,0.0,0.1364,0.2727,0.0227,0.0909
CT008605,Zone_08,Zone_07,0.2786,0.0627,0.0807,0.0945,0.1261,0.0385,0.0471,0.2786,0.203,0.014,0.0549
CT015199,Zone_03,Zone_07,0.3228,0.0582,0.0741,0.0917,0.1429,0.0247,0.0406,0.3228,0.1817,0.0106,0.0529
CT019332,Zone_07,Zone_07,0.3228,0.0582,0.0741,0.0917,0.1429,0.0247,0.0406,0.3228,0.1817,0.0106,0.0529
CT009119,Zone_08,Zone_08,0.2571,0.0707,0.0511,0.0797,0.1564,0.0496,0.0406,0.2256,0.2571,0.012,0.0571
CT006581,Zone_07,Zone_07,0.3871,0.0571,0.0571,0.0546,0.1191,0.0372,0.0298,0.3871,0.201,0.0099,0.0471
CT005589,Zone_08,Zone_07,0.2706,0.0771,0.0717,0.0986,0.1452,0.0323,0.0305,0.2706,0.19,0.0125,0.0717
CT006872,Zone_08,Zone_05,0.4,0.0,0.0,0.0,0.0,0.4,0.0,0.2,0.2,0.0,0.2
CT008563,Zone_07,Zone_07,0.2353,0.0392,0.1765,0.1569,0.0196,0.0196,0.0784,0.2353,0.2157,0.0,0.0588
CT011130,Zone_07,Zone_07,0.2706,0.0771,0.0717,0.0986,0.1452,0.0323,0.0305,0.2706,0.19,0.0125,0.0717
CT003852,Zone_04,Zone_08,0.2812,0.0536,0.0804,0.1071,0.0848,0.0357,0.067,0.2277,0.2812,0.0,0.0625
CT007623,Zone_03,Zone_03,0.4,0.0,0.0,0.4,0.0,0.2,0.2,0.2,0.0,0.0,0.0
CT015828,Zone_07,Zone_07,0.3941,0.0632,0.052,0.0595,0.145,0.0372,0.0297,0.3941,0.1375,0.0074,0.0743
CT016460,Zone_04,Zone_04,0.25,0.0,0.125,0.0,0.25,0.25,0.0,0.125,0.125,0.0,0.125
CT009274,Zone_07,Zone_07,0.3871,0.0571,0.0571,0.0546,0.1191,0.0372,0.0298,0.3871,0.201,0.0099,0.0471
CT008660,Zone_08,Zone_07,0.8,0.0,0.0,0.2,0.0,0.0,0.0,0.8,0.0,0.0,0.0
CT005494,Zone_04,Zone_07,0.3074,0.0649,0.026,0.1126,0.1472,0.0216,0.039,0.3074,0.1861,0.0087,0.0866
CT011753,Zone_08,Zone_07,0.2786,0.0627,0.0807,0.0945,0.1261,0.0385,0.0471,0.2786,0.203,0.014,0.0549
CT012187,Zone_02,Zone_07,0.2941,0.0471,0.0471,0.0706,0.1647,0.0471,0.0471,0.2941,0.2706,0.0,0.0118
CT014550,Zone_02,Zone_08,0.3281,0.0391,0.0391,0.1641,0.1406,0.0312,0.0547,0.1016,0.3281,0.0078,0.0938
CT018968,Zone_07,Zone_02,0.8,0.0,0.8,0.0,0.0,0.2,0.0,0.0,0.0,0.0,0.0
CT014013,Zone_07,Zone_07,0.2706,0.0771,0.0717,0.0986,0.1452,0.0323,0.0305,0.2706,0.19,0.0125,0.0717
CT014086,Zone_04,Zone_07,0.323,0.0431,0.0781,0.0956,0.1211,0.039,0.0256,0.323,0.1965,0.0108,0.0673
CT018953,Zone_06,Zone_07,0.2706,0.0771,0.0717,0.0986,0.1452,0.0323,0.0305,0.2706,0.19,0.0125,0.0717
CT004587,Zone_07,Zone_08,0.4444,0.0556,0.0556,0.1111,0.1111,0.0278,0.0,0.1111,0.4444,0.0556,0.0278
CT015242,Zone_07,Zone_07,0.323,0.0431,0.0781,0.0956,0.1211,0.039,0.0256,0.323,0.1965,0.0108,0.0673
CT007558,Zone_04,Zone_07,0.3228,0.0582,0.0741,0.0917,0.1429,0.0247,0.0406,0.3228,0.1817,0.0106,0.0529
CT018485,Zone_07,Zone_08,0.2571,0.0707,0.0511,0.0797,0.1564,0.0496,0.0406,0.2256,0.2571,0.012,0.0571
CT019026,Zone_07,Zone_07,0.4627,0.0149,0.0299,0.0746,0.0448,0.0448,0.0299,0.4627,0.194,0.0,0.1045
CT007057,Zone_07,Zone_07,0.2786,0.0627,0.0807,0.0945,0.1261,0.0385,0.0471,0.2786,0.203,0.014,0.0549
CT000573,Zone_08,Zone_07,0.8,0.0,0.0,0.0,0.0,0.0,0.0,0.8,0.2,0.0,0.0
CT004311,Zone_07,Zone_08,0.6667,0.0,0.0,0.0,0.0,0.0,0.1667,0.1667,0.6667,0.0,0.0
CT010248,Zone_05,Zone_08,0.2812,0.0536,0.0804,0.1071,0.0848,0.0357,0.067,0.2277,0.2812,0.0,0.0625
CT008680,Zone_07,Zone_07,0.323,0.0431,0.0781,0.0956,0.1211,0.039,0.0256,0.323,0.1965,0.0108,0.0673
CT014852,Zone_07,Zone_07,0.2786,0.0627,0.0807,0.0945,0.1261,0.0385,0.0471,0.2786,0.203,0.014,0.0549
CT009878,Zone_07,Zone_07,0.3333,0.0833,0.0417,0.1042,0.0208,0.0208,0.0208,0.3333,0.25,0.0417,0.0833
CT017732,Zone_02,Zone_02,0.6667,0.0,0.6667,0.0,0.0,0.0,0.0,0.1667,0.1667,0.0,0.0
CT012447,Zone_07,Zone_08,0.2571,0.0707,0.0511,0.0797,0.1564,0.0496,0.0406,0.2256,0.2571,0.012,0.0571
CT018192,Zone_03,Zone_08,0.2571,0.0707,0.0511,0.0797,0.1564,0.0496,0.0406,0.2256,0.2571,0.012,0.0571
CT014768,Zone_08,Zone_07,0.2786,0.0627,0.0807,0.0945,0.1261,0.0385,0.0471,0.2786,0.203,0.014,0.0549
CT018980,Zone_08,Zone_07,0.5,0.0,0.0,0.0,0.1667,0.0,0.0,0.5,0.3333,0.0,0.0
CT017075,Zone_08,Zone_07,0.3206,0.1221,0.084,0.0916,0.1374,0.0305,0.0153,0.3206,0.1298,0.0,0.0687
CT010812,Zone_08,Zone_03,0.6,0.0,0.0,0.6,0.4,0.0,0.0,0.0,0.0,0.0,0.0
CT013717,Zone_08,Zone_07,0.8,0.0,0.2,0.0,0.0,0.0,0.0,0.8,0.0,0.0,0.0
CT012100,Zone_08,Zone_04,0.6,0.0,0.0,0.0,0.6,0.0,0.0,0.0,0.4,0.0,0.0
CT002967,Zone_04,Zone_08,0.425,0.1,0.075,0.025,0.1,0.0,0.075,0.125,0.425,0.0,0.075
CT008202,Zone_10,Zone_07,0.323,0.0431,0.0781,0.0956,0.1211,0.039,0.0256,0.323,0.1965,0.0108,0.0673
CT009506,Zone_08,Zone_07,0.8,0.0,0.0,0.0,0.0,0.2,0.0,0.8,0.0,0.0,0.0
CT018480,Zone_03,Zone_07,0.2786,0.0627,0.0807,0.0945,0.1261,0.0385,0.0471,0.2786,0.203,0.014,0.0549
CT009950,Zone_07,Zone_07,0.2786,0.0627,0.0807,0.0945,0.1261,0.0385,0.0471,0.2786,0.203,0.014,0.0549
CT005137,Zone_02,Zone_04,0.3333,0.1111,0.0,0.0,0.3333,0.0,0.1111,0.1111,0.1111,0.0,0.2222
CT002043,Zone_08,Zone_08,0.2571,0.0707,0.0511,0.0797,0.1564,0.0496,0.0406,0.2256,0.2571,0.012,0.0571
CT006956,Zone_08,Zone_07,0.3206,0.1221,0.084,0.0916,0.1374,0.0305,0.0153,0.3206,0.1298,0.0,0.0687
CT003442,Zone_01,Zone_07,0.2786,0.0627,0.0807,0.0945,0.1261,0.0385,0.0471,0.2786,0.203,0.014,0.0549
CT017824,Zone_07,Zone_07,0.323,0.0431,0.0781,0.0956,0.1211,0.039,0.0256,0.323,0.1965,0.0108,0.0673
CT013005,Zone_08,Zone_07,0.2786,0.0627,0.0807,0.0945,0.1261,0.0385,0.0471,0.2786,0.203,0.014,0.0549
CT006435,Zone_07,Zone_07,0.323,0.0431,0.0781,0.0956,0.1211,0.039,0.0256,0.323,0.1965,0.0108,0.0673
CT014886,Zone_07,Zone_08,0.8333,0.0,0.1667,0.0,0.0,0.0,0.0,0.0,0.8333,0.0,0.0
CT015690,Zone_10,Zone_10,0.25,0.125,0.0,0.125,0.125,0.0,0.125,0.125,0.125,0.0,0.25
CT019298,Zone_07,Zone_07,0.3235,0.0686,0.076,0.076,0.1397,0.0392,0.0343,0.3235,0.1716,0.0196,0.0515
CT001736,Zone_07,Zone_07,0.2941,0.0294,0.1078,0.098,0.0588,0.0392,0.0098,0.2941,0.2353,0.0196,0.1078
CT015709,Zone_04,Zone_07,0.2786,0.0627,0.0807,0.0945,0.1261,0.0385,0.0471,0.2786,0.203,0.014,0.0549
CT018558,Zone_01,Zone_03,0.6,0.2,0.0,0.6,0.0,0.0,0.0,0.0,0.0,0.0,0.2
CT012394,Zone_02,Zone_08,0.2571,0.0707,0.0511,0.0797,0.1564,0.0496,0.0406,0.2256,0.2571,0.012,0.0571
CT014824,Zone_06,Zone_04,0.4,0.0,0.0,0.2,0.4,0.0,0.2,0.2,0.0,0.0,0.0
CT012795,Zone_01,Zone_08,0.381,0.0952,0.0159,0.0159,0.127,0.0794,0.0635,0.2063,0.381,0.0,0.0159
CT005809,Zone_02,Zone_07,0.3166,0.0452,0.0754,0.0905,0.1055,0.0151,0.0603,0.3166,0.2412,0.005,0.0452
CT019615,Zone_04,Zone_04,0.2651,0.0602,0.0361,0.1205,0.2651,0.0241,0.0,0.241,0.2169,0.0,0.0361
CT014388,Zone_08,Zone_07,0.2786,0.0627,0.0807,0.0945,0.1261,0.0385,0.0471,0.2786,0.203,0.014,0.0549
CT016434,Zone_06,Zone_08,0.268,0.0784,0.0458,0.0719,0.1503,0.0719,0.0196,0.2418,0.268,0.0131,0.0392
CT000327,Zone_07,Zone_07,0.2786,0.0627,0.0807,0.0945,0.1261,0.0385,0.0471,0.2786,0.203,0.014,0.0549
CT013675,Zone_07,Zone_07,0.4595,0.0405,0.0946,0.0541,0.0541,0.0135,0.0541,0.4595,0.1486,0.0135,0.0676
CT005286,Zone_03,Zone_07,0.3125,0.0104,0.0417,0.1146,0.1354,0.0521,0.0208,0.3125,0.2708,0.0208,0.0208
CT016966,Zone_07,Zone_07,0.3074,0.0649,0.026,0.1126,0.1472,0.0216,0.039,0.3074,0.1861,0.0087,0.0866
CT008176,Zone_06,Zone_07,0.3228,0.0582,0.0741,0.0917,0.1429,0.0247,0.0406,0.3228,0.1817,0.0106,0.0529
CT008244,Zone_05,Zone_08,0.2094,0.0942,0.0942,0.0942,0.1466,0.0681,0.0314,0.1466,0.2094,0.0105,0.1047
CT002473,Zone_08,Zone_08,0.2571,0.0707,0.0511,0.0797,0.1564,0.0496,0.0406,0.2256,0.2571,0.012,0.0571
CT001855,Zone_07,Zone_07,0.2786,0.0627,0.0807,0.0945,0.1261,0.0385,0.0471,0.2786,0.203,0.014,0.0549
CT005475,Zone_08,Zone_04,0.3636,0.1136,0.1591,0.0909,0.3636,0.0,0.0909,0.0682,0.0455,0.0455,0.0227
CT015934,Zone_10,Zone_07,0.266,0.0496,0.1064,0.0922,0.1206,0.039,0.0532,0.266,0.2021,0.0035,0.0674
CT006628,Zone_08,Zone_07,0.2786,0.0627,0.0807,0.0945,0.1261,0.0385,0.0471,0.2786,0.203,0.014,0.0549
CT012025,Zone_07,Zone_07,0.323,0.0431,0.0781,0.0956,0.1211,0.039,0.0256,0.323,0.1965,0.0108,0.0673
CT019266,Zone_06,Zone_08,0.625,0.0,0.0,0.0,0.0,0.0,0.0,0.25,0.625,0.0,0.125
CT010615,Zone_07,Zone_08,0.3455,0.0364,0.0364,0.0364,0.2727,0.0364,0.0545,0.1455,0.3455,0.0,0.0364
CT009226,Zone_07,Zone_07,0.323,0.0431,0.0781,0.0956,0.1211,0.039,0.0256,0.323,0.1965,0.0108,0.0673
CT013100,Zone_05,Zone_07,0.2786,0.0627,0.0807,0.0945,0.1261,0.0385,0.0471,0.2786,0.203,0.014,0.0549
CT008225,Zone_04,Zone_07,0.323,0.0431,0.0781,0.0956,0.1211,0.039,0.0256,0.323,0.1965,0.0108,0.0673
CT016089,Zone_07,Zone_02,0.8333,0.0,0.8333,0.0,0.0,0.0,0.0,0.1667,0.0,0.0,0.0
CT019846,Zone_04,Zone_07,0.2786,0.0627,0.0807,0.0945,0.1261,0.0385,0.0471,0.2786,0.203,0.014,0.0549
CT000487,Zone_08,Zone_07,0.2786,0.0627,0.0807,0.0945,0.1261,0.0385,0.0471,0.2786,0.203,0.014,0.0549
CT015888,Zone_03,Zone_07,0.2786,0.0627,0.0807,0.0945,0.1261,0.0385,0.0471,0.2786,0.203,0.014,0.0549
CT012030,Zone_07,Zone_07,0.2786,0.0627,0.0807,0.0945,0.1261,0.0385,0.0471,0.2786,0.203,0.014,0.0549
CT002869,Zone_10,Zone_07,0.4359,0.0,0.0513,0.1026,0.1026,0.0513,0.0256,0.4359,0.1795,0.0256,0.0256
CT019107,Zone_07,Zone_08,0.2571,0.0707,0.0511,0.0797,0.1564,0.0496,0.0406,0.2256,0.2571,0.012,0.0571
CT012004,Zone_09,Zone_07,0.3871,0.0571,0.0571,0.0546,0.1191,0.0372,0.0298,0.3871,0.201,0.0099,0.0471
CT001056,Zone_08,Zone_07,0.2786,0.0627,0.0807,0.0945,0.1261,0.0385,0.0471,0.2786,0.203,0.014,0.0549
CT015614,Zone_02,Zone_07,0.3235,0.0686,0.076,0.076,0.1397,0.0392,0.0343,0.3235,0.1716,0.0196,0.0515
CT011505,Zone_07,Zone_07,0.2786,0.0627,0.0807,0.0945,0.1261,0.0385,0.0471,0.2786,0.203,0.014,0.0549
CT019745,Zone_01,Zone_08,0.2571,0.0707,0.0511,0.0797,0.1564,0.0496,0.0406,0.2256,0.2571,0.012,0.0571
CT019455,Zone_08,Zone_07,0.2706,0.0771,0.0717,0.0986,0.1452,0.0323,0.0305,0.2706,0.19,0.0125,0.0717
CT005040,Zone_07,Zone_08,0.2222,0.0556,0.0556,0.0778,0.1111,0.0778,0.1444,0.2111,0.2222,0.0111,0.0333
CT008970,Zone_07,Zone_07,0.323,0.0431,0.0781,0.0956,0.1211,0.039,0.0256,0.323,0.1965,0.0108,0.0673
CT009631,Zone_07,Zone_07,0.323,0.0431,0.0781,0.0956,0.1211,0.039,0.0256,0.323,0.1965,0.0108,0.0673
CT013859,Zone_07,Zone_07,0.2786,0.0627,0.0807,0.0945,0.1261,0.0385,0.0471,0.2786,0.203,0.014,0.0549
CT010244,Zone_04,Zone_07,0.1667,0.0833,0.1111,0.0833,0.1389,0.1111,0.0556,0.1667,0.0833,0.0,0.1667
CT002195,Zone_07,Zone_07,0.3228,0.0582,0.0741,0.0917,0.1429,0.0247,0.0406,0.3228,0.1817,0.0106,0.0529
CT014923,Zone_05,Zone_07,0.2786,0.0627,0.0807,0.0945,0.1261,0.0385,0.0471,0.2786,0.203,0.014,0.0549
CT013754,Zone_03,Zone_07,0.3871,0.0571,0.0571,0.0546,0.1191,0.0372,0.0298,0.3871,0.201,0.0099,0.0471
CT009731,Zone_04,Zone_10,0.4444,0.1111,0.2222,0.1111,0.0,0.0,0.1111,0.0,0.0,0.0,0.4444
CT011796,Zone_08,Zone_07,0.3871,0.0571,0.0571,0.0546,0.1191,0.0372,0.0298,0.3871,0.201,0.0099,0.0471
CT008277,Zone_08,Zone_10,0.2857,0.1429,0.0,0.1429,0.1429,0.1429,0.1429,0.0,0.0,0.0,0.2857
CT011177,Zone_08,Zone_02,0.2632,0.0789,0.2632,0.1053,0.1053,0.0526,0.0263,0.1053,0.2105,0.0,0.0526
CT018164,Zone_07,Zone_04,0.6,0.0,0.0,0.0,0.6,0.0,0.0,0.0,0.2,0.0,0.2
CT015404,Zone_08,Zone_02,0.2632,0.0789,0.2632,0.1053,0.1053,0.0526,0.0263,0.1053,0.2105,0.0,0.0526
CT011406,Zone_08,Zone_07,0.2786,0.0627,0.0807,0.0945,0.1261,0.0385,0.0471,0.2786,0.203,0.014,0.0549
CT005337,Zone_08,Zone_07,0.3228,0.0582,0.0741,0.0917,0.1429,0.0247,0.0406,0.3228,0.1817,0.0106,0.0529
CT013059,Zone_08,Zone_07,0.2786,0.0627,0.0807,0.0945,0.1261,0.0385,0.0471,0.2786,0.203,0.014,0.0549
CT019856,Zone_01,Zone_07,0.2786,0.0627,0.0807,0.0945,0.1261,0.0385,0.0471,0.2786,0.203,0.014,0.0549
CT015549,Zone_07,Zone_08,0.2571,0.0707,0.0511,0.0797,0.1564,0.0496,0.0406,0.2256,0.2571,0.012,0.0571
CT018322,Zone_08,Zone_07,0.6429,0.0714,0.0,0.1429,0.0,0.0714,0.0714,0.6429,0.0,0.0,0.0
CT015866,Zone_03,Zone_07,0.2786,0.0627,0.0807,0.0945,0.1261,0.0385,0.0471,0.2786,0.203,0.014,0.0549
CT004840,Zone_03,Zone_07,0.3247,0.0515,0.0979,0.0773,0.0773,0.0309,0.0155,0.3247,0.2474,0.0052,0.0722
CT019831,Zone_08,Zone_08,0.2094,0.0942,0.0942,0.0942,0.1466,0.0681,0.0314,0.1466,0.2094,0.0105,0.1047
CT000584,Zone_05,Zone_07,0.2786,0.0627,0.0807,0.0945,0.1261,0.0385,0.0471,0.2786,0.203,0.014,0.0549
CT002715,Zone_07,Zone_07,0.2353,0.0392,0.1765,0.1569,0.0196,0.0196,0.0784,0.2353,0.2157,0.0,0.0588
CT008232,Zone_01,Zone_04,0.3636,0.1136,0.1591,0.0909,0.3636,0.0,0.0909,0.0682,0.0455,0.0455,0.0227
CT013894,Zone_08,Zone_04,0.25,0.0208,0.0833,0.1042,0.25,0.0208,0.0208,0.25,0.1667,0.0,0.0833
CT017287,Zone_07,Zone_07,0.3228,0.0582,0.0741,0.0917,0.1429,0.0247,0.0406,0.3228,0.1817,0.0106,0.0529
CT014399,Zone_01,Zone_08,0.25,0.15,0.0,0.0,0.15,0.15,0.15,0.1,0.25,0.0,0.05
CT000737,Zone_01,Zone_08,0.25,0.15,0.0,0.0,0.15,0.15,0.15,0.1,0.25,0.0,0.05
CT002456,Zone_07,Zone_07,0.323,0.0431,0.0781,0.0956,0.1211,0.039,0.0256,0.323,0.1965,0.0108,0.0673
CT007087,Zone_07,Zone_04,0.25,0.0208,0.0833,0.1042,0.25,0.0208,0.0208,0.25,0.1667,0.0,0.0833
CT018088,Zone_07,Zone_07,0.2786,0.0627,0.0807,0.0945,0.1261,0.0385,0.0471,0.2786,0.203,0.014,0.0549
CT018167,Zone_10,Zone_08,0.2812,0.0536,0.0804,0.1071,0.0848,0.0357,0.067,0.2277,0.2812,0.0,0.0625
CT000427,Zone_04,Zone_07,0.5556,0.0,0.0,0.0,0.0,0.0,0.0,0.5556,0.3333,0.0,0.1111
CT008322,Zone_08,Zone_07,0.2786,0.0627,0.0807,0.0945,0.1261,0.0385,0.0471,0.2786,0.203,0.014,0.0549
CT010503,Zone_01,Zone_04,0.6667,0.0,0.0,0.0,0.6667,0.0,0.0,0.3333,0.0,0.0,0.0
CT015277,Zone_01,Zone_07,0.2786,0.0627,0.0807,0.0945,0.1261,0.0385,0.0471,0.2786,0.203,0.014,0.0549
CT011340,Zone_01,Zone_03,0.1944,0.0,0.1667,0.1944,0.1111,0.1111,0.0278,0.1944,0.1944,0.0,0.0
CT018592,Zone_04,Zone_07,0.8,0.0,0.0,0.0,0.2,0.0,0.0,0.8,0.0,0.0,0.0
CT012430,Zone_08,Zone_08,0.2571,0.0707,0.0511,0.0797,0.1564,0.0496,0.0406,0.2256,0.2571,0.012,0.0571
CT006697,Zone_04,Zone_08,0.2571,0.0707,0.0511,0.0797,0.1564,0.0496,0.0406,0.2256,0.2571,0.012,0.0571
CT008012,Zone_08,Zone_08,0.268,0.0784,0.0458,0.0719,0.1503,0.0719,0.0196,0.2418,0.268,0.0131,0.0392
CT018561,Zone_08,Zone_07,0.3871,0.0571,0.0571,0.0546,0.1191,0.0372,0.0298,0.3871,0.201,0.0099,0.0471
CT002003,Zone_10,Zone_07,0.323,0.0431,0.0781,0.0956,0.1211,0.039,0.0256,0.323,0.1965,0.0108,0.0673
CT017050,Zone_02,Zone_07,0.3247,0.0515,0.0979,0.0773,0.0773,0.0309,0.0155,0.3247,0.2474,0.0052,0.0722
CT004540,Zone_05,Zone_08,0.6667,0.0,0.0,0.0,0.0,0.1667,0.0,0.0,0.6667,0.0,0.1667
CT002668,Zone_02,Zone_07,0.4,0.0,0.0,0.0,0.2,0.2,0.0,0.4,0.0,0.2,0.0
CT001412,Zone_10,Zone_08,0.2821,0.0769,0.1538,0.1795,0.0769,0.0,0.0513,0.1282,0.2821,0.0256,0.0256
CT002754,Zone_03,Zone_07,0.2786,0.0627,0.0807,0.0945,0.1261,0.0385,0.0471,0.2786,0.203,0.014,0.0549
CT000839,Zone_08,Zone_07,0.2424,0.0455,0.0758,0.1364,0.1818,0.0758,0.0303,0.2424,0.1061,0.0,0.1061
CT002311,Zone_09,Zone_07,0.3333,0.0833,0.0417,0.1042,0.0208,0.0208,0.0208,0.3333,0.25,0.0417,0.0833
CT007775,Zone_08,Zone_07,0.3228,0.0582,0.0741,0.0917,0.1429,0.0247,0.0406,0.3228,0.1817,0.0106,0.0529
CT017053,Zone_07,Zone_08,0.2812,0.0536,0.0804,0.1071,0.0848,0.0357,0.067,0.2277,0.2812,0.0,0.0625
CT008233,Zone_06,Zone_07,0.2786,0.0627,0.0807,0.0945,0.1261,0.0385,0.0471,0.2786,0.203,0.014,0.0549
CT011366,Zone_06,Zone_07,0.2786,0.0627,0.0807,0.0945,0.1261,0.0385,0.0471,0.2786,0.203,0.014,0.0549
CT010243,Zone_04,Zone_08,0.2273,0.0909,0.0909,0.1364,0.0909,0.1136,0.0455,0.1591,0.2273,0.0,0.0455
CT017671,Zone_08,Zone_04,0.625,0.0,0.0,0.0,0.625,0.0,0.0,0.375,0.0,0.0,0.0
CT003248,Zone_07,Zone_07,0.2786,0.0627,0.0807,0.0945,0.1261,0.0385,0.0471,0.2786,0.203,0.014,0.0549
CT007111,Zone_10,Zone_07,0.2786,0.0627,0.0807,0.0945,0.1261,0.0385,0.0471,0.2786,0.203,0.014,0.0549
CT016547,Zone_04,Zone_07,0.3125,0.0104,0.0417,0.1146,0.1354,0.0521,0.0208,0.3125,0.2708,0.0208,0.0208
CT009284,Zone_01,Zone_03,0.375,0.0,0.0,0.375,0.0,0.0,0.0,0.375,0.25,0.0,0.0
CT003263,Zone_02,Zone_07,0.2786,0.0627,0.0807,0.0945,0.1261,0.0385,0.0471,0.2786,0.203,0.014,0.0549
CT012936,Zone_04,Zone_07,0.2786,0.0627,0.0807,0.0945,0.1261,0.0385,0.0471,0.2786,0.203,0.014,0.0549
CT004961,Zone_03,Zone_07,0.3228,0.0582,0.0741,0.0917,0.1429,0.0247,0.0406,0.3228,0.1817,0.0106,0.0529
CT008511,Zone_04,Zone_08,0.2727,0.1136,0.0455,0.0682,0.1818,0.0682,0.0,0.1364,0.2727,0.0227,0.0909
CT012653,Zone_03,Zone_07,0.2786,0.0627,0.0807,0.0945,0.1261,0.0385,0.0471,0.2786,0.203,0.014,0.0549
CT013904,Zone_07,Zone_07,0.323,0.0431,0.0781,0.0956,0.1211,0.039,0.0256,0.323,0.1965,0.0108,0.0673
CT004273,Zone_07,Zone_07,0.2786,0.0627,0.0807,0.0945,0.1261,0.0385,0.0471,0.2786,0.203,0.014,0.0549
CT008118,Zone_04,Zone_08,0.4,0.0,0.2,0.0,0.0,0.0,0.0,0.2,0.4,0.0,0.2
CT008796,Zone_07,Zone_07,0.2786,0.0627,0.0807,0.0945,0.1261,0.0385,0.0471,0.2786,0.203,0.014,0.0549
CT019703,Zone_08,Zone_07,0.2786,0.0627,0.0807,0.0945,0.1261,0.0385,0.0471,0.2786,0.203,0.014,0.0549
CT005835,Zone_07,Zone_08,0.3247,0.0909,0.1299,0.0779,0.1169,0.026,0.026,0.1558,0.3247,0.013,0.039
CT014369,Zone_10,Zone_04,0.2651,0.0602,0.0361,0.1205,0.2651,0.0241,0.0,0.241,0.2169,0.0,0.0361
CT003366,Zone_04,Zone_07,0.6667,0.0,0.1111,0.1111,0.1111,0.0,0.0,0.6667,0.0,0.0,0.0
CT010839,Zone_03,Zone_07,0.2786,0.0627,0.0807,0.0945,0.1261,0.0385,0.0471,0.2786,0.203,0.014,0.0549
CT017418,Zone_07,Zone_07,0.4,0.2,0.2,0.2,0.0,0.0,0.0,0.4,0.0,0.0,0.0
CT018039,Zone_07,Zone_07,0.2786,0.0627,0.0807,0.0945,0.1261,0.0385,0.0471,0.2786,0.203,0.014,0.0549
CT007267,Zone_04,Zone_08,0.2094,0.0942,0.0942,0.0942,0.1466,0.0681,0.0314,0.1466,0.2094,0.0105,0.1047
CT010795,Zone_03,Zone_07,0.4595,0.0405,0.0946,0.0541,0.0541,0.0135,0.0541,0.4595,0.1486,0.0135,0.0676
CT002191,Zone_03,Zone_08,0.5238,0.0476,0.1429,0.0476,0.0476,0.0,0.0476,0.0952,0.5238,0.0,0.0476
CT015316,Zone_07,Zone_07,0.2786,0.0627,0.0807,0.0945,0.1261,0.0385,0.0471,0.2786,0.203,0.014,0.0549
CT004035,Zone_03,Zone_07,0.3235,0.0686,0.076,0.076,0.1397,0.0392,0.0343,0.3235,0.1716,0.0196,0.0515
CT008400,Zone_07,Zone_07,0.2706,0.0771,0.0717,0.0986,0.1452,0.0323,0.0305,0.2706,0.19,0.0125,0.0717
CT015297,Zone_03,Zone_08,0.2424,0.1212,0.0606,0.1818,0.0303,0.0909,0.0,0.1818,0.2424,0.0606,0.0303
CT016871,Zone_10,Zone_08,0.2571,0.0707,0.0511,0.0797,0.1564,0.0496,0.0406,0.2256,0.2571,0.012,0.0571
CT012611,Zone_07,Zone_07,0.3206,0.1221,0.084,0.0916,0.1374,0.0305,0.0153,0.3206,0.1298,0.0,0.0687
CT018414,Zone_02,Zone_03,0.375,0.0,0.0,0.375,0.0,0.0,0.0,0.375,0.25,0.0,0.0
CT017258,Zone_04,Zone_07,0.2786,0.0627,0.0807,0.0945,0.1261,0.0385,0.0471,0.2786,0.203,0.014,0.0549
CT014932,Zone_01,Zone_08,0.8333,0.0,0.0,0.1667,0.0,0.0,0.0,0.0,0.8333,0.0,0.0
CT015310,Zone_04,Zone_07,0.4444,0.1111,0.0,0.0,0.1111,0.0,0.0,0.4444,0.2222,0.0,0.1111
CT014226,Zone_10,Zone_07,0.2786,0.0627,0.0807,0.0945,0.1261,0.0385,0.0471,0.2786,0.203,0.014,0.0549
CT010508,Zone_03,Zone_07,0.2786,0.0627,0.0807,0.0945,0.1261,0.0385,0.0471,0.2786,0.203,0.014,0.0549
CT006627,Zone_08,Zone_07,0.2786,0.0627,0.0807,0.0945,0.1261,0.0385,0.0471,0.2786,0.203,0.014,0.0549
CT002688,Zone_08,Zone_07,0.3871,0.0571,0.0571,0.0546,0.1191,0.0372,0.0298,0.3871,0.201,0.0099,0.0471
CT009669,Zone_06,Zone_08,0.3571,0.0,0.0,0.0,0.0714,0.0,0.2143,0.2143,0.3571,0.0,0.1429
CT012969,Zone_02,Zone_07,0.2786,0.0627,0.0807,0.0945,0.1261,0.0385,0.0471,0.2786,0.203,0.014,0.0549
CT018299,Zone_07,Zone_04,0.225,0.1,0.2,0.1,0.225,0.05,0.025,0.1,0.125,0.025,0.05
CT011243,Zone_07,Zone_07,0.2786,0.0627,0.0807,0.0945,0.1261,0.0385,0.0471,0.2786,0.203,0.014,0.0549
CT009304,Zone_07,Zone_07,0.3,0.05,0.1,0.1,0.1,0.05,0.1,0.3,0.1,0.05,0.05
CT007916,Zone_10,Zone_07,0.2969,0.0625,0.1406,0.0469,0.0781,0.0625,0.0469,0.2969,0.1875,0.0,0.0781
CT019588,Zone_04,Zone_08,0.6667,0.0,0.1111,0.1111,0.0,0.0,0.1111,0.0,0.6667,0.0,0.0
CT004764,Zone_07,Zone_07,0.3247,0.0515,0.0979,0.0773,0.0773,0.0309,0.0155,0.3247,0.2474,0.0052,0.0722
CT011164,Zone_10,Zone_07,0.3074,0.0649,0.026,0.1126,0.1472,0.0216,0.039,0.3074,0.1861,0.0087,0.0866
CT000371,Zone_07,Zone_07,0.3125,0.0104,0.0417,0.1146,0.1354,0.0521,0.0208,0.3125,0.2708,0.0208,0.0208
CT009564,Zone_07,Zone_07,0.323,0.0431,0.0781,0.0956,0.1211,0.039,0.0256,0.323,0.1965,0.0108,0.0673
CT015301,Zone_03,Zone_07,0.3118,0.0753,0.043,0.1075,0.086,0.0323,0.0323,0.3118,0.2796,0.0215,0.0108
CT003417,Zone_07,Zone_08,0.2424,0.1212,0.0606,0.1818,0.0303,0.0909,0.0,0.1818,0.2424,0.0606,0.0303
CT002819,Zone_08,Zone_08,0.3636,0.0,0.0909,0.1818,0.0909,0.0455,0.0455,0.1364,0.3636,0.0,0.0455
CT017991,Zone_02,Zone_07,0.3235,0.0686,0.076,0.076,0.1397,0.0392,0.0343,0.3235,0.1716,0.0196,0.0515
CT018277,Zone_04,Zone_07,0.6,0.0,0.0,0.0,0.4,0.0,0.0,0.6,0.0,0.0,0.0
CT008207,Zone_05,Zone_08,0.2094,0.0942,0.0942,0.0942,0.1466,0.0681,0.0314,0.1466,0.2094,0.0105,0.1047
CT002328,Zone_01,Zone_07,0.2786,0.0627,0.0807,0.0945,0.1261,0.0385,0.0471,0.2786,0.203,0.014,0.0549
CT017127,Zone_04,Zone_07,0.2786,0.0627,0.0807,0.0945,0.1261,0.0385,0.0471,0.2786,0.203,0.014,0.0549
CT005729,Zone_06,Zone_04,0.6,0.0,0.0,0.2,0.6,0.0,0.0,0.2,0.0,0.0,0.0
CT006738,Zone_08,Zone_07,0.3118,0.0753,0.043,0.1075,0.086,0.0323,0.0323,0.3118,0.2796,0.0215,0.0108
CT007313,Zone_08,Zone_07,0.2786,0.0627,0.0807,0.0945,0.1261,0.0385,0.0471,0.2786,0.203,0.014,0.0549
CT003514,Zone_10,Zone_07,0.266,0.0496,0.1064,0.0922,0.1206,0.039,0.0532,0.266,0.2021,0.0035,0.0674
CT003779,Zone_07,Zone_08,0.2571,0.0707,0.0511,0.0797,0.1564,0.0496,0.0406,0.2256,0.2571,0.012,0.0571
CT010705,Zone_01,Zone_07,0.2786,0.0627,0.0807,0.0945,0.1261,0.0385,0.0471,0.2786,0.203,0.014,0.0549
CT016455,Zone_03,Zone_07,0.2786,0.0627,0.0807,0.0945,0.1261,0.0385,0.0471,0.2786,0.203,0.014,0.0549
CT012672,Zone_06,Zone_07,0.2786,0.0627,0.0807,0.0945,0.1261,0.0385,0.0471,0.2786,0.203,0.014,0.0549
CT000627,Zone_07,Zone_07,0.8571,0.0,0.0,0.0,0.0,0.0,0.0,0.8571,0.1429,0.0,0.0
CT003870,Zone_08,Zone_07,0.3206,0.1221,0.084,0.0916,0.1374,0.0305,0.0153,0.3206,0.1298,0.0,0.0687
CT011939,Zone_04,Zone_07,0.2786,0.0627,0.0807,0.0945,0.1261,0.0385,0.0471,0.2786,0.203,0.014,0.0549
CT016853,Zone_02,Zone_09,0.4,0.2,0.0,0.0,0.2,0.0,0.0,0.0,0.2,0.4,0.0
CT017578,Zone_02,Zone_04,0.2651,0.0602,0.0361,0.1205,0.2651,0.0241,0.0,0.241,0.2169,0.0,0.0361
CT012818,Zone_07,Zone_07,0.6,0.0,0.0,0.2,0.0,0.0,0.0,0.6,0.0,0.0,0.2
CT012290,Zone_04,Zone_07,0.3871,0.0571,0.0571,0.0546,0.1191,0.0372,0.0298,0.3871,0.201,0.0099,0.0471
CT001289,Zone_08,Zone_07,0.323,0.0431,0.0781,0.0956,0.1211,0.039,0.0256,0.323,0.1965,0.0108,0.0673
CT018636,Zone_07,Zone_07,0.2786,0.0627,0.0807,0.0945,0.1261,0.0385,0.0471,0.2786,0.203,0.014,0.0549
CT018644,Zone_04,Zone_07,0.323,0.0431,0.0781,0.0956,0.1211,0.039,0.0256,0.323,0.1965,0.0108,0.0673
CT002098,Zone_08,Zone_07,0.323,0.0431,0.0781,0.0956,0.1211,0.039,0.0256,0.323,0.1965,0.0108,0.0673
CT010167,Zone_06,Zone_04,0.4,0.2,0.2,0.2,0.4,0.0,0.0,0.0,0.0,0.0,0.0
CT015097,Zone_08,Zone_08,0.5,0.0,0.0,0.0,0.0,0.1667,0.1667,0.1667,0.5,0.0,0.0
CT019367,Zone_04,Zone_07,0.2786,0.0627,0.0807,0.0945,0.1261,0.0385,0.0471,0.2786,0.203,0.014,0.0549
CT006704,Zone_03,Zone_08,0.2571,0.0707,0.0511,0.0797,0.1564,0.0496,0.0406,0.2256,0.2571,0.012,0.0571
CT018113,Zone_08,Zone_07,0.2786,0.0627,0.0807,0.0945,0.1261,0.0385,0.0471,0.2786,0.203,0.014,0.0549
CT007587,Zone_03,Zone_02,0.5,0.0,0.5,0.0,0.0,0.0,0.0,0.0,0.5,0.0,0.0
CT015729,Zone_06,Zone_07,0.3118,0.0753,0.043,0.1075,0.086,0.0323,0.0323,0.3118,0.2796,0.0215,0.0108
CT006123,Zone_08,Zone_07,0.3871,0.0571,0.0571,0.0546,0.1191,0.0372,0.0298,0.3871,0.201,0.0099,0.0471
CT008104,Zone_08,Zone_07,0.4595,0.0405,0.0946,0.0541,0.0541,0.0135,0.0541,0.4595,0.1486,0.0135,0.0676
CT011614,Zone_07,Zone_07,0.2786,0.0627,0.0807,0.0945,0.1261,0.0385,0.0471,0.2786,0.203,0.014,0.0549
CT012529,Zone_08,Zone_07,0.2786,0.0627,0.0807,0.0945,0.1261,0.0385,0.0471,0.2786,0.203,0.014,0.0549
CT005793,Zone_03,Zone_07,0.2706,0.0771,0.0717,0.0986,0.1452,0.0323,0.0305,0.2706,0.19,0.0125,0.0717
CT010160,Zone_07,Zone_07,0.3228,0.0582,0.0741,0.0917,0.1429,0.0247,0.0406,0.3228,0.1817,0.0106,0.0529
CT012390,Zone_07,Zone_07,0.2786,0.0627,0.0807,0.0945,0.1261,0.0385,0.0471,0.2786,0.203,0.014,0.0549
CT006317,Zone_08,Zone_08,0.2222,0.0556,0.0556,0.0778,0.1111,0.0778,0.1444,0.2111,0.2222,0.0111,0.0333
CT004354,Zone_02,Zone_07,0.2706,0.0771,0.0717,0.0986,0.1452,0.0323,0.0305,0.2706,0.19,0.0125,0.0717
CT018924,Zone_01,Zone_08,0.5,0.0,0.0,0.0,0.0,0.1667,0.1667,0.1667,0.5,0.0,0.0
CT001710,Zone_04,Zone_08,0.3019,0.0943,0.0472,0.1415,0.0566,0.0283,0.0189,0.217,0.3019,0.0566,0.0377
CT009989,Zone_04,Zone_07,0.323,0.0431,0.0781,0.0956,0.1211,0.039,0.0256,0.323,0.1965,0.0108,0.0673
CT012517,Zone_07,Zone_07,0.3871,0.0571,0.0571,0.0546,0.1191,0.0372,0.0298,0.3871,0.201,0.0099,0.0471
CT013695,Zone_01,Zone_07,0.2786,0.0627,0.0807,0.0945,0.1261,0.0385,0.0471,0.2786,0.203,0.014,0.0549
CT004105,Zone_06,Zone_03,0.6,0.0,0.0,0.6,0.0,0.0,0.0,0.0,0.4,0.0,0.0
CT001482,Zone_02,Zone_08,0.3019,0.0943,0.0472,0.1415,0.0566,0.0283,0.0189,0.217,0.3019,0.0566,0.0377
CT017599,Zone_03,Zone_07,0.2786,0.0627,0.0807,0.0945,0.1261,0.0385,0.0471,0.2786,0.203,0.014,0.0549
CT014961,Zone_04,Zone_07,0.2786,0.0627,0.0807,0.0945,0.1261,0.0385,0.0471,0.2786,0.203,0.014,0.0549
CT000886,Zone_05,Zone_07,0.266,0.0496,0.1064,0.0922,0.1206,0.039,0.0532,0.266,0.2021,0.0035,0.0674
CT003517,Zone_07,Zone_07,0.323,0.0431,0.0781,0.0956,0.1211,0.039,0.0256,0.323,0.1965,0.0108,0.0673
CT007880,Zone_10,Zone_08,0.6667,0.0,0.1111,0.1111,0.0,0.0,0.1111,0.0,0.6667,0.0,0.0
CT002883,Zone_07,Zone_07,0.4286,0.0952,0.0,0.0952,0.0476,0.0,0.0476,0.4286,0.2857,0.0,0.0
CT013795,Zone_04,Zone_07,0.3941,0.0632,0.052,0.0595,0.145,0.0372,0.0297,0.3941,0.1375,0.0074,0.0743
CT005089,Zone_10,Zone_07,0.323,0.0431,0.0781,0.0956,0.1211,0.039,0.0256,0.323,0.1965,0.0108,0.0673
CT015738,Zone_10,Zone_07,0.3228,0.0582,0.0741,0.0917,0.1429,0.0247,0.0406,0.3228,0.1817,0.0106,0.0529
CT006985,Zone_04,Zone_07,0.3871,0.0571,0.0571,0.0546,0.1191,0.0372,0.0298,0.3871,0.201,0.0099,0.0471
CT010528,Zone_08,Zone_08,0.2571,0.0707,0.0511,0.0797,0.1564,0.0496,0.0406,0.2256,0.2571,0.012,0.0571
CT001193,Zone_07,Zone_07,0.3228,0.0582,0.0741,0.0917,0.1429,0.0247,0.0406,0.3228,0.1817,0.0106,0.0529
CT008655,Zone_04,Zone_07,0.3118,0.0753,0.043,0.1075,0.086,0.0323,0.0323,0.3118,0.2796,0.0215,0.0108
CT007655,Zone_01,Zone_07,0.5625,0.0625,0.0625,0.125,0.0,0.0,0.0,0.5625,0.1875,0.0,0.0
CT003460,Zone_07,Zone_08,0.2903,0.0968,0.2258,0.0645,0.0645,0.0323,0.0,0.1613,0.2903,0.0,0.0645
CT012214,Zone_07,Zone_01,0.4,0.4,0.0,0.0,0.0,0.2,0.0,0.2,0.2,0.0,0.0
CT007427,Zone_09,Zone_08,0.2222,0.0556,0.0556,0.0778,0.1111,0.0778,0.1444,0.2111,0.2222,0.0111,0.0333
CT005887,Zone_04,Zone_07,0.6667,0.0,0.0,0.0,0.0,0.0,0.0,0.6667,0.0,0.0,0.3333
CT012514,Zone_08,Zone_07,0.2786,0.0627,0.0807,0.0945,0.1261,0.0385,0.0471,0.2786,0.203,0.014,0.0549
CT019565,Zone_03,Zone_07,0.2786,0.0627,0.0807,0.0945,0.1261,0.0385,0.0471,0.2786,0.203,0.014,0.0549
CT008165,Zone_05,Zone_07,0.2706,0.0771,0.0717,0.0986,0.1452,0.0323,0.0305,0.2706,0.19,0.0125,0.0717
CT009647,Zone_08,Zone_08,0.268,0.0784,0.0458,0.0719,0.1503,0.0719,0.0196,0.2418,0.268,0.0131,0.0392
CT000822,Zone_08,Zone_07,0.4595,0.0405,0.0946,0.0541,0.0541,0.0135,0.0541,0.4595,0.1486,0.0135,0.0676
CT019069,Zone_07,Zone_07,0.2083,0.0417,0.125,0.0833,0.0833,0.0,0.1667,0.2083,0.2083,0.0417,0.0417
CT005639,Zone_02,Zone_07,0.3235,0.0686,0.076,0.076,0.1397,0.0392,0.0343,0.3235,0.1716,0.0196,0.0515
CT014822,Zone_08,Zone_01,0.3571,0.3571,0.0,0.1429,0.2143,0.0714,0.0714,0.0714,0.0,0.0714,0.0
CT003142,Zone_01,Zone_07,0.5833,0.0,0.0833,0.0,0.0,0.0,0.0,0.5833,0.25,0.0,0.0833
CT019976,Zone_05,Zone_07,0.323,0.0431,0.0781,0.0956,0.1211,0.039,0.0256,0.323,0.1965,0.0108,0.0673
CT019278,Zone_08,Zone_08,0.2812,0.0536,0.0804,0.1071,0.0848,0.0357,0.067,0.2277,0.2812,0.0,0.0625
CT002975,Zone_07,Zone_07,0.3871,0.0571,0.0571,0.0546,0.1191,0.0372,0.0298,0.3871,0.201,0.0099,0.0471
CT018639,Zone_08,Zone_02,0.2632,0.0526,0.2632,0.0,0.0526,0.0526,0.0526,0.2632,0.0526,0.0,0.2105
CT004502,Zone_08,Zone_08,0.2812,0.0536,0.0804,0.1071,0.0848,0.0357,0.067,0.2277,0.2812,0.0,0.0625
CT006537,Zone_03,Zone_08,0.2571,0.0707,0.0511,0.0797,0.1564,0.0496,0.0406,0.2256,0.2571,0.012,0.0571
CT014690,Zone_07,Zone_07,0.3235,0.0686,0.076,0.076,0.1397,0.0392,0.0343,0.3235,0.1716,0.0196,0.0515
CT012345,Zone_07,Zone_07,0.3228,0.0582,0.0741,0.0917,0.1429,0.0247,0.0406,0.3228,0.1817,0.0106,0.0529
CT002046,Zone_02,Zone_07,0.2786,0.0627,0.0807,0.0945,0.1261,0.0385,0.0471,0.2786,0.203,0.014,0.0549
CT011364,Zone_04,Zone_08,0.8,0.0,0.0,0.0,0.2,0.0,0.0,0.0,0.8,0.0,0.0
CT016376,Zone_07,Zone_08,0.268,0.0784,0.0458,0.0719,0.1503,0.0719,0.0196,0.2418,0.268,0.0131,0.0392
CT017115,Zone_04,Zone_03,0.6,0.0,0.0,0.6,0.0,0.0,0.0,0.0,0.4,0.0,0.0
CT010478,Zone_08,Zone_07,0.2786,0.0627,0.0807,0.0945,0.1261,0.0385,0.0471,0.2786,0.203,0.014,0.0549
CT003125,Zone_01,Zone_08,0.8,0.0,0.0,0.0,0.0,0.0,0.0,0.0,0.8,0.0,0.2
CT010142,Zone_07,Zone_07,0.3871,0.0571,0.0571,0.0546,0.1191,0.0372,0.0298,0.3871,0.201,0.0099,0.0471
CT016566,Zone_08,Zone_07,0.3247,0.0515,0.0979,0.0773,0.0773,0.0309,0.0155,0.3247,0.2474,0.0052,0.0722
CT018608,Zone_08,Zone_07,0.2786,0.0627,0.0807,0.0945,0.1261,0.0385,0.0471,0.2786,0.203,0.014,0.0549
CT002021,Zone_07,Zone_07,0.2786,0.0627,0.0807,0.0945,0.1261,0.0385,0.0471,0.2786,0.203,0.014,0.0549
CT006610,Zone_02,Zone_07,0.2786,0.0627,0.0807,0.0945,0.1261,0.0385,0.0471,0.2786,0.203,0.014,0.0549
CT016630,Zone_02,Zone_07,0.3871,0.0571,0.0571,0.0546,0.1191,0.0372,0.0298,0.3871,0.201,0.0099,0.0471
CT001696,Zone_08,Zone_02,0.4,0.0,0.4,0.0,0.4,0.0,0.0,0.0,0.2,0.0,0.0
CT017528,Zone_07,Zone_07,0.323,0.0431,0.0781,0.0956,0.1211,0.039,0.0256,0.323,0.1965,0.0108,0.0673
CT009106,Zone_08,Zone_03,0.2,0.0,0.0,0.2,0.2,0.2,0.0,0.2,0.0,0.0,0.2
CT018103,Zone_03,Zone_07,0.2786,0.0627,0.0807,0.0945,0.1261,0.0385,0.0471,0.2786,0.203,0.014,0.0549
CT016471,Zone_05,Zone_08,0.2571,0.0707,0.0511,0.0797,0.1564,0.0496,0.0406,0.2256,0.2571,0.012,0.0571
CT014430,Zone_07,Zone_07,0.3235,0.0686,0.076,0.076,0.1397,0.0392,0.0343,0.3235,0.1716,0.0196,0.0515
CT010898,Zone_07,Zone_07,0.2786,0.0627,0.0807,0.0945,0.1261,0.0385,0.0471,0.2786,0.203,0.014,0.0549
CT016542,Zone_08,Zone_07,0.625,0.0,0.0,0.0,0.25,0.125,0.0,0.625,0.0,0.0,0.0
CT014322,Zone_08,Zone_04,0.225,0.1,0.2,0.1,0.225,0.05,0.025,0.1,0.125,0.025,0.05
CT019318,Zone_03,Zone_07,0.323,0.0431,0.0781,0.0956,0.1211,0.039,0.0256,0.323,0.1965,0.0108,0.0673
CT003741,Zone_01,Zone_07,0.2786,0.0627,0.0807,0.0945,0.1261,0.0385,0.0471,0.2786,0.203,0.014,0.0549
CT012190,Zone_03,Zone_07,0.3247,0.0515,0.0979,0.0773,0.0773,0.0309,0.0155,0.3247,0.2474,0.0052,0.0722
CT004990,Zone_03,Zone_08,0.2571,0.0707,0.0511,0.0797,0.1564,0.0496,0.0406,0.2256,0.2571,0.012,0.0571
CT010139,Zone_05,Zone_08,0.2812,0.0536,0.0804,0.1071,0.0848,0.0357,0.067,0.2277,0.2812,0.0,0.0625
CT009829,Zone_08,Zone_04,0.3333,0.0,0.0,0.0,0.3333,0.0,0.3333,0.3333,0.0,0.0,0.0
CT014161,Zone_08,Zone_07,0.2786,0.0627,0.0807,0.0945,0.1261,0.0385,0.0471,0.2786,0.203,0.014,0.0549
CT006238,Zone_08,Zone_08,0.2812,0.0536,0.0804,0.1071,0.0848,0.0357,0.067,0.2277,0.2812,0.0,0.0625
CT014687,Zone_01,Zone_08,0.6364,0.0,0.0,0.0909,0.0,0.0,0.0909,0.0909,0.6364,0.0,0.0909
CT004295,Zone_07,Zone_08,0.3281,0.0391,0.0391,0.1641,0.1406,0.0312,0.0547,0.1016,0.3281,0.0078,0.0938
CT010359,Zone_08,Zone_07,0.2786,0.0627,0.0807,0.0945,0.1261,0.0385,0.0471,0.2786,0.203,0.014,0.0549
CT012143,Zone_07,Zone_07,0.2786,0.0627,0.0807,0.0945,0.1261,0.0385,0.0471,0.2786,0.203,0.014,0.0549
CT002818,Zone_07,Zone_08,0.425,0.1,0.075,0.025,0.1,0.0,0.075,0.125,0.425,0.0,0.075
CT002169,Zone_04,Zone_07,0.8333,0.0,0.0,0.0,0.0,0.0,0.0,0.8333,0.0,0.0,0.1667
CT011079,Zone_01,Zone_08,0.4375,0.0312,0.0625,0.0,0.25,0.0,0.0312,0.125,0.4375,0.0312,0.0312
CT010915,Zone_10,Zone_07,0.2786,0.0627,0.0807,0.0945,0.1261,0.0385,0.0471,0.2786,0.203,0.014,0.0549
CT009010,Zone_02,Zone_07,0.8333,0.0,0.0,0.0,0.0,0.0,0.0,0.8333,0.0,0.0,0.1667
CT019178,Zone_03,Zone_08,0.268,0.0784,0.0458,0.0719,0.1503,0.0719,0.0196,0.2418,0.268,0.0131,0.0392
CT008347,Zone_08,Zone_07,0.3228,0.0582,0.0741,0.0917,0.1429,0.0247,0.0406,0.3228,0.1817,0.0106,0.0529
CT013132,Zone_07,Zone_07,0.3247,0.0515,0.0979,0.0773,0.0773,0.0309,0.0155,0.3247,0.2474,0.0052,0.0722
CT003956,Zone_07,Zone_04,0.8571,0.0,0.0,0.0,0.8571,0.0,0.0,0.0,0.1429,0.0,0.0
CT012468,Zone_03,Zone_07,0.2786,0.0627,0.0807,0.0945,0.1261,0.0385,0.0471,0.2786,0.203,0.014,0.0549
CT009678,Zone_08,Zone_08,0.3281,0.0391,0.0391,0.1641,0.1406,0.0312,0.0547,0.1016,0.3281,0.0078,0.0938
CT004308,Zone_04,Zone_03,0.2581,0.0,0.1935,0.2581,0.1935,0.0,0.0,0.1613,0.1935,0.0,0.0
CT014919,Zone_07,Zone_08,0.3281,0.0391,0.0391,0.1641,0.1406,0.0312,0.0547,0.1016,0.3281,0.0078,0.0938
CT002891,Zone_03,Zone_08,0.3663,0.0594,0.0792,0.0792,0.0693,0.0693,0.0594,0.0891,0.3663,0.0198,0.1089
CT004875,Zone_07,Zone_07,0.2786,0.0627,0.0807,0.0945,0.1261,0.0385,0.0471,0.2786,0.203,0.014,0.0549
CT004176,Zone_07,Zone_07,0.2786,0.0627,0.0807,0.0945,0.1261,0.0385,0.0471,0.2786,0.203,0.014,0.0549
CT006787,Zone_08,Zone_08,0.3696,0.0217,0.0435,0.1087,0.0217,0.0217,0.0652,0.3043,0.3696,0.0217,0.0217
CT014596,Zone_08,Zone_08,1.0,0.0,0.0,0.0,0.0,0.0,0.0,0.0,1.0,0.0,0.0
CT019773,Zone_07,Zone_07,0.2786,0.0627,0.0807,0.0945,0.1261,0.0385,0.0471,0.2786,0.203,0.014,0.0549
CT003083,Zone_08,Zone_07,0.2786,0.0627,0.0807,0.0945,0.1261,0.0385,0.0471,0.2786,0.203,0.014,0.0549
CT013466,Zone_02,Zone_04,0.2651,0.0602,0.0361,0.1205,0.2651,0.0241,0.0,0.241,0.2169,0.0,0.0361
CT008204,Zone_08,Zone_07,0.3941,0.0632,0.052,0.0595,0.145,0.0372,0.0297,0.3941,0.1375,0.0074,0.0743
CT017426,Zone_06,Zone_07,0.2786,0.0627,0.0807,0.0945,0.1261,0.0385,0.0471,0.2786,0.203,0.014,0.0549
CT005764,Zone_10,Zone_07,0.6429,0.0714,0.0,0.1429,0.0,0.0714,0.0714,0.6429,0.0,0.0,0.0
CT004184,Zone_08,Zone_07,0.2786,0.0627,0.0807,0.0945,0.1261,0.0385,0.0471,0.2786,0.203,0.014,0.0549
CT016110,Zone_06,Zone_07,0.2786,0.0627,0.0807,0.0945,0.1261,0.0385,0.0471,0.2786,0.203,0.014,0.0549
CT005712,Zone_07,Zone_07,0.3228,0.0582,0.0741,0.0917,0.1429,0.0247,0.0406,0.3228,0.1817,0.0106,0.0529
CT003240,Zone_04,Zone_07,0.5714,0.2857,0.0,0.0,0.0,0.0,0.0,0.5714,0.1429,0.0,0.0
CT009098,Zone_05,Zone_07,0.2786,0.0627,0.0807,0.0945,0.1261,0.0385,0.0471,0.2786,0.203,0.014,0.0549
CT019193,Zone_08,Zone_07,0.875,0.0,0.0,0.0,0.0,0.0,0.0,0.875,0.125,0.0,0.0
CT006023,Zone_03,Zone_07,0.2786,0.0627,0.0807,0.0945,0.1261,0.0385,0.0471,0.2786,0.203,0.014,0.0549
CT011941,Zone_07,Zone_07,0.3228,0.0582,0.0741,0.0917,0.1429,0.0247,0.0406,0.3228,0.1817,0.0106,0.0529
CT011593,Zone_06,Zone_07,0.323,0.0431,0.0781,0.0956,0.1211,0.039,0.0256,0.323,0.1965,0.0108,0.0673
CT001697,Zone_01,Zone_08,0.2571,0.0707,0.0511,0.0797,0.1564,0.0496,0.0406,0.2256,0.2571,0.012,0.0571
CT013413,Zone_08,Zone_07,0.4,0.0,0.0,0.0,0.2,0.0,0.1,0.4,0.3,0.0,0.0
CT016404,Zone_07,Zone_07,0.3166,0.0452,0.0754,0.0905,0.1055,0.0151,0.0603,0.3166,0.2412,0.005,0.0452
CT016903,Zone_08,Zone_07,0.323,0.0431,0.0781,0.0956,0.1211,0.039,0.0256,0.323,0.1965,0.0108,0.0673
CT005401,Zone_07,Zone_07,0.2786,0.0627,0.0807,0.0945,0.1261,0.0385,0.0471,0.2786,0.203,0.014,0.0549
CT012368,Zone_01,Zone_07,0.2786,0.0627,0.0807,0.0945,0.1261,0.0385,0.0471,0.2786,0.203,0.014,0.0549
CT006162,Zone_07,Zone_07,0.2706,0.0771,0.0717,0.0986,0.1452,0.0323,0.0305,0.2706,0.19,0.0125,0.0717
CT002773,Zone_07,Zone_07,0.3247,0.0515,0.0979,0.0773,0.0773,0.0309,0.0155,0.3247,0.2474,0.0052,0.0722
CT003352,Zone_03,Zone_07,0.2786,0.0627,0.0807,0.0945,0.1261,0.0385,0.0471,0.2786,0.203,0.014,0.0549
CT011647,Zone_08,Zone_07,0.266,0.0496,0.1064,0.0922,0.1206,0.039,0.0532,0.266,0.2021,0.0035,0.0674
CT014740,Zone_07,Zone_07,0.2786,0.0627,0.0807,0.0945,0.1261,0.0385,0.0471,0.2786,0.203,0.014,0.0549
CT011561,Zone_07,Zone_07,0.2706,0.0771,0.0717,0.0986,0.1452,0.0323,0.0305,0.2706,0.19,0.0125,0.0717
CT019624,Zone_03,Zone_04,0.8571,0.0,0.0,0.0,0.8571,0.0,0.0,0.0,0.1429,0.0,0.0
CT009604,Zone_05,Zone_08,0.3663,0.0594,0.0792,0.0792,0.0693,0.0693,0.0594,0.0891,0.3663,0.0198,0.1089
CT004121,Zone_10,Zone_07,0.2786,0.0627,0.0807,0.0945,0.1261,0.0385,0.0471,0.2786,0.203,0.014,0.0549
CT002436,Zone_10,Zone_07,0.3228,0.0582,0.0741,0.0917,0.1429,0.0247,0.0406,0.3228,0.1817,0.0106,0.0529
CT016317,Zone_08,Zone_07,0.323,0.0431,0.0781,0.0956,0.1211,0.039,0.0256,0.323,0.1965,0.0108,0.0673
CT001303,Zone_07,Zone_07,0.6667,0.0,0.3333,0.0,0.0,0.0,0.0,0.6667,0.0,0.0,0.0
CT014955,Zone_07,Zone_07,0.2786,0.0627,0.0807,0.0945,0.1261,0.0385,0.0471,0.2786,0.203,0.014,0.0549
CT003109,Zone_01,Zone_07,0.2786,0.0627,0.0807,0.0945,0.1261,0.0385,0.0471,0.2786,0.203,0.014,0.0549
CT014514,Zone_07,Zone_08,0.2571,0.0707,0.0511,0.0797,0.1564,0.0496,0.0406,0.2256,0.2571,0.012,0.0571
CT015660,Zone_07,Zone_07,0.2706,0.0771,0.0717,0.0986,0.1452,0.0323,0.0305,0.2706,0.19,0.0125,0.0717
CT001169,Zone_07,Zone_07,0.3143,0.0643,0.1143,0.05,0.1286,0.0286,0.0643,0.3143,0.2143,0.0071,0.0143
CT016196,Zone_08,Zone_07,0.3074,0.0649,0.026,0.1126,0.1472,0.0216,0.039,0.3074,0.1861,0.0087,0.0866
CT003239,Zone_04,Zone_08,0.2571,0.0707,0.0511,0.0797,0.1564,0.0496,0.0406,0.2256,0.2571,0.012,0.0571
CT009944,Zone_07,Zone_07,0.323,0.0431,0.0781,0.0956,0.1211,0.039,0.0256,0.323,0.1965,0.0108,0.0673
CT005272,Zone_07,Zone_08,0.5556,0.0,0.0,0.2222,0.0,0.0,0.0,0.2222,0.5556,0.0,0.0
CT008716,Zone_02,Zone_07,0.2786,0.0627,0.0807,0.0945,0.1261,0.0385,0.0471,0.2786,0.203,0.014,0.0549
CT013102,Zone_03,Zone_08,0.4909,0.0545,0.0727,0.0364,0.0727,0.0,0.0364,0.1091,0.4909,0.0,0.1273
CT004460,Zone_07,Zone_07,0.5556,0.0,0.1111,0.0,0.0,0.1111,0.1111,0.5556,0.0,0.0,0.1111
CT001005,Zone_08,Zone_07,0.625,0.0,0.0,0.0,0.25,0.125,0.0,0.625,0.0,0.0,0.0
CT008089,Zone_08,Zone_04,0.4444,0.1111,0.0,0.2222,0.4444,0.0,0.0,0.1111,0.1111,0.0,0.0
CT019203,Zone_04,Zone_07,0.2786,0.0627,0.0807,0.0945,0.1261,0.0385,0.0471,0.2786,0.203,0.014,0.0549
CT005305,Zone_02,Zone_07,0.323,0.0431,0.0781,0.0956,0.1211,0.039,0.0256,0.323,0.1965,0.0108,0.0673
CT001744,Zone_10,Zone_07,0.2969,0.0625,0.1406,0.0469,0.0781,0.0625,0.0469,0.2969,0.1875,0.0,0.0781
CT009339,Zone_08,Zone_07,0.2786,0.0627,0.0807,0.0945,0.1261,0.0385,0.0471,0.2786,0.203,0.014,0.0549
CT016789,Zone_07,Zone_07,0.2786,0.0627,0.0807,0.0945,0.1261,0.0385,0.0471,0.2786,0.203,0.014,0.0549
CT016552,Zone_07,Zone_07,0.2786,0.0627,0.0807,0.0945,0.1261,0.0385,0.0471,0.2786,0.203,0.014,0.0549
CT007964,Zone_08,Zone_07,0.323,0.0431,0.0781,0.0956,0.1211,0.039,0.0256,0.323,0.1965,0.0108,0.0673
CT001142,Zone_07,Zone_07,0.3871,0.0571,0.0571,0.0546,0.1191,0.0372,0.0298,0.3871,0.201,0.0099,0.0471
CT019606,Zone_07,Zone_07,0.3871,0.0571,0.0571,0.0546,0.1191,0.0372,0.0298,0.3871,0.201,0.0099,0.0471
CT004707,Zone_03,Zone_08,0.2094,0.0942,0.0942,0.0942,0.1466,0.0681,0.0314,0.1466,0.2094,0.0105,0.1047
CT005179,Zone_07,Zone_07,0.2786,0.0627,0.0807,0.0945,0.1261,0.0385,0.0471,0.2786,0.203,0.014,0.0549
CT006858,Zone_04,Zone_07,0.2786,0.0627,0.0807,0.0945,0.1261,0.0385,0.0471,0.2786,0.203,0.014,0.0549
CT000205,Zone_02,Zone_07,0.4167,0.0833,0.0833,0.0833,0.0,0.0,0.0833,0.4167,0.0833,0.0,0.1667
CT012970,Zone_05,Zone_07,0.3118,0.0753,0.043,0.1075,0.086,0.0323,0.0323,0.3118,0.2796,0.0215,0.0108
CT007943,Zone_08,Zone_10,0.4,0.2,0.0,0.2,0.0,0.2,0.0,0.0,0.0,0.0,0.4
CT003592,Zone_04,Zone_08,0.5455,0.2727,0.0,0.0,0.0909,0.0,0.0,0.0,0.5455,0.0,0.0909
CT002483,Zone_03,Zone_07,0.6,0.0,0.2,0.0,0.0,0.0,0.2,0.6,0.0,0.0,0.0
CT009311,Zone_01,Zone_07,0.2969,0.0625,0.1406,0.0469,0.0781,0.0625,0.0469,0.2969,0.1875,0.0,0.0781
CT010354,Zone_07,Zone_07,0.2786,0.0627,0.0807,0.0945,0.1261,0.0385,0.0471,0.2786,0.203,0.014,0.0549
CT005979,Zone_03,Zone_07,0.2786,0.0627,0.0807,0.0945,0.1261,0.0385,0.0471,0.2786,0.203,0.014,0.0549
CT001453,Zone_07,Zone_07,0.7778,0.0,0.0,0.0,0.0,0.0,0.0,0.7778,0.1111,0.0,0.1111
CT017140,Zone_01,Zone_07,0.3228,0.0582,0.0741,0.0917,0.1429,0.0247,0.0406,0.3228,0.1817,0.0106,0.0529
CT005952,Zone_08,Zone_02,0.6,0.2,0.6,0.0,0.0,0.0,0.0,0.2,0.0,0.0,0.0
CT008506,Zone_04,Zone_07,0.2706,0.0771,0.0717,0.0986,0.1452,0.0323,0.0305,0.2706,0.19,0.0125,0.0717
CT011785,Zone_07,Zone_07,0.2786,0.0627,0.0807,0.0945,0.1261,0.0385,0.0471,0.2786,0.203,0.014,0.0549
CT001918,Zone_08,Zone_07,0.2706,0.0771,0.0717,0.0986,0.1452,0.0323,0.0305,0.2706,0.19,0.0125,0.0717
CT009736,Zone_08,Zone_07,0.2786,0.0627,0.0807,0.0945,0.1261,0.0385,0.0471,0.2786,0.203,0.014,0.0549
CT004706,Zone_04,Zone_07,0.3941,0.0632,0.052,0.0595,0.145,0.0372,0.0297,0.3941,0.1375,0.0074,0.0743
CT005903,Zone_03,Zone_08,0.8,0.0,0.0,0.0,0.0,0.0,0.2,0.0,0.8,0.0,0.0
CT002576,Zone_08,Zone_08,0.3455,0.0364,0.0364,0.0364,0.2727,0.0364,0.0545,0.1455,0.3455,0.0,0.0364
CT013165,Zone_04,Zone_07,0.2786,0.0627,0.0807,0.0945,0.1261,0.0385,0.0471,0.2786,0.203,0.014,0.0549
CT010026,Zone_03,Zone_07,0.5263,0.1579,0.0,0.0526,0.0,0.0526,0.0,0.5263,0.1053,0.0,0.1053
CT002036,Zone_07,Zone_07,0.266,0.0496,0.1064,0.0922,0.1206,0.039,0.0532,0.266,0.2021,0.0035,0.0674
CT010975,Zone_07,Zone_07,0.2786,0.0627,0.0807,0.0945,0.1261,0.0385,0.0471,0.2786,0.203,0.014,0.0549
CT018960,Zone_04,Zone_07,0.2786,0.0627,0.0807,0.0945,0.1261,0.0385,0.0471,0.2786,0.203,0.014,0.0549
CT000500,Zone_07,Zone_07,0.2786,0.0627,0.0807,0.0945,0.1261,0.0385,0.0471,0.2786,0.203,0.014,0.0549
CT004778,Zone_03,Zone_08,0.2094,0.0942,0.0942,0.0942,0.1466,0.0681,0.0314,0.1466,0.2094,0.0105,0.1047
CT005045,Zone_04,Zone_07,0.2786,0.0627,0.0807,0.0945,0.1261,0.0385,0.0471,0.2786,0.203,0.014,0.0549
CT008137,Zone_07,Zone_07,0.323,0.0431,0.0781,0.0956,0.1211,0.039,0.0256,0.323,0.1965,0.0108,0.0673
CT007134,Zone_08,Zone_07,0.2706,0.0771,0.0717,0.0986,0.1452,0.0323,0.0305,0.2706,0.19,0.0125,0.0717
CT011170,Zone_07,Zone_08,0.6667,0.0,0.1111,0.1111,0.0,0.0,0.1111,0.0,0.6667,0.0,0.0
CT000797,Zone_02,Zone_03,0.3333,0.0,0.0,0.3333,0.3333,0.0,0.0,0.1667,0.1667,0.0,0.0
CT009627,Zone_01,Zone_03,0.25,0.0417,0.2083,0.25,0.0833,0.0417,0.0417,0.0833,0.1667,0.0,0.0833
CT006074,Zone_01,Zone_02,0.2632,0.0789,0.2632,0.1053,0.1053,0.0526,0.0263,0.1053,0.2105,0.0,0.0526
CT013382,Zone_08,Zone_07,0.4444,0.0,0.0,0.1111,0.0,0.0,0.0,0.4444,0.2222,0.0,0.2222
CT003550,Zone_07,Zone_07,0.323,0.0431,0.0781,0.0956,0.1211,0.039,0.0256,0.323,0.1965,0.0108,0.0673
CT007020,Zone_08,Zone_08,0.3663,0.0594,0.0792,0.0792,0.0693,0.0693,0.0594,0.0891,0.3663,0.0198,0.1089
CT011897,Zone_04,Zone_07,0.4595,0.0405,0.0946,0.0541,0.0541,0.0135,0.0541,0.4595,0.1486,0.0135,0.0676
CT017288,Zone_07,Zone_07,0.3871,0.0571,0.0571,0.0546,0.1191,0.0372,0.0298,0.3871,0.201,0.0099,0.0471
CT007030,Zone_06,Zone_08,0.5556,0.0,0.0,0.0,0.1111,0.0,0.0,0.1111,0.5556,0.0,0.2222
CT000342,Zone_10,Zone_07,0.266,0.0496,0.1064,0.0922,0.1206,0.039,0.0532,0.266,0.2021,0.0035,0.0674
CT019378,Zone_10,Zone_07,0.3074,0.0649,0.026,0.1126,0.1472,0.0216,0.039,0.3074,0.1861,0.0087,0.0866
CT004858,Zone_07,Zone_07,0.3085,0.0638,0.1383,0.0532,0.0745,0.0426,0.0426,0.3085,0.234,0.0,0.0426
CT000135,Zone_08,Zone_02,0.2632,0.0526,0.2632,0.0,0.0526,0.0526,0.0526,0.2632,0.0526,0.0,0.2105
CT000204,Zone_03,Zone_07,0.4595,0.0405,0.0946,0.0541,0.0541,0.0135,0.0541,0.4595,0.1486,0.0135,0.0676
CT012579,Zone_04,Zone_08,0.3696,0.0217,0.0435,0.1087,0.0217,0.0217,0.0652,0.3043,0.3696,0.0217,0.0217
CT006862,Zone_06,Zone_07,0.2786,0.0627,0.0807,0.0945,0.1261,0.0385,0.0471,0.2786,0.203,0.014,0.0549
CT018247,Zone_08,Zone_07,0.3235,0.0686,0.076,0.076,0.1397,0.0392,0.0343,0.3235,0.1716,0.0196,0.0515
CT002023,Zone_02,Zone_07,0.3871,0.0571,0.0571,0.0546,0.1191,0.0372,0.0298,0.3871,0.201,0.0099,0.0471
CT005972,Zone_02,Zone_07,0.2786,0.0627,0.0807,0.0945,0.1261,0.0385,0.0471,0.2786,0.203,0.014,0.0549
CT006911,Zone_07,Zone_07,0.4286,0.1429,0.0,0.0,0.2857,0.0,0.0,0.4286,0.1429,0.0,0.0
CT011320,Zone_04,Zone_07,0.323,0.0431,0.0781,0.0956,0.1211,0.039,0.0256,0.323,0.1965,0.0108,0.0673
CT003689,Zone_08,Zone_07,0.3871,0.0571,0.0571,0.0546,0.1191,0.0372,0.0298,0.3871,0.201,0.0099,0.0471
CT019772,Zone_02,Zone_07,0.3074,0.0649,0.026,0.1126,0.1472,0.0216,0.039,0.3074,0.1861,0.0087,0.0866
CT010250,Zone_10,Zone_08,1.0,0.0,0.0,0.0,0.0,0.0,0.0,0.0,1.0,0.0,0.0
CT010602,Zone_07,Zone_08,0.2821,0.0769,0.1538,0.1795,0.0769,0.0,0.0513,0.1282,0.2821,0.0256,0.0256
CT003667,Zone_01,Zone_07,0.5833,0.0,0.0833,0.0,0.0,0.0,0.0,0.5833,0.25,0.0,0.0833
CT018941,Zone_05,Zone_07,0.3085,0.0638,0.1383,0.0532,0.0745,0.0426,0.0426,0.3085,0.234,0.0,0.0426
CT016730,Zone_07,Zone_07,0.3125,0.0104,0.0417,0.1146,0.1354,0.0521,0.0208,0.3125,0.2708,0.0208,0.0208
CT013433,Zone_04,Zone_07,0.3206,0.1221,0.084,0.0916,0.1374,0.0305,0.0153,0.3206,0.1298,0.0,0.0687
CT011475,Zone_02,Zone_07,0.2786,0.0627,0.0807,0.0945,0.1261,0.0385,0.0471,0.2786,0.203,0.014,0.0549
CT014092,Zone_07,Zone_07,0.3143,0.0643,0.1143,0.05,0.1286,0.0286,0.0643,0.3143,0.2143,0.0071,0.0143
CT017296,Zone_10,Zone_08,0.7143,0.0,0.1429,0.1429,0.0,0.0,0.0,0.0,0.7143,0.0,0.0
CT019746,Zone_08,Zone_07,0.2786,0.0627,0.0807,0.0945,0.1261,0.0385,0.0471,0.2786,0.203,0.014,0.0549
CT019742,Zone_07,Zone_07,0.4286,0.0952,0.0,0.0952,0.0476,0.0,0.0476,0.4286,0.2857,0.0,0.0
CT017035,Zone_04,Zone_08,0.3281,0.0391,0.0391,0.1641,0.1406,0.0312,0.0547,0.1016,0.3281,0.0078,0.0938
CT017985,Zone_07,Zone_07,0.2786,0.0627,0.0807,0.0945,0.1261,0.0385,0.0471,0.2786,0.203,0.014,0.0549
CT000902,Zone_04,Zone_07,0.9,0.0,0.0,0.0,0.0,0.0,0.0,0.9,0.1,0.0,0.0
CT015889,Zone_10,Zone_07,0.2786,0.0627,0.0807,0.0945,0.1261,0.0385,0.0471,0.2786,0.203,0.014,0.0549
CT009121,Zone_08,Zone_07,0.2786,0.0627,0.0807,0.0945,0.1261,0.0385,0.0471,0.2786,0.203,0.014,0.0549
CT015019,Zone_02,Zone_04,0.4,0.2,0.0,0.0,0.4,0.0,0.0,0.2,0.2,0.0,0.0
CT000959,Zone_08,Zone_07,0.3235,0.0686,0.076,0.076,0.1397,0.0392,0.0343,0.3235,0.1716,0.0196,0.0515
CT015715,Zone_07,Zone_07,0.2786,0.0627,0.0807,0.0945,0.1261,0.0385,0.0471,0.2786,0.203,0.014,0.0549
CT011272,Zone_04,Zone_07,0.5,0.1667,0.3333,0.0,0.0,0.0,0.0,0.5,0.0,0.0,0.0
CT003544,Zone_01,Zone_01,0.3571,0.3571,0.0,0.1429,0.2143,0.0714,0.0714,0.0714,0.0,0.0714,0.0
CT005647,Zone_08,Zone_07,0.266,0.0496,0.1064,0.0922,0.1206,0.039,0.0532,0.266,0.2021,0.0035,0.0674
CT002735,Zone_04,Zone_07,0.3074,0.0649,0.026,0.1126,0.1472,0.0216,0.039,0.3074,0.1861,0.0087,0.0866
CT007999,Zone_04,Zone_07,0.2786,0.0627,0.0807,0.0945,0.1261,0.0385,0.0471,0.2786,0.203,0.014,0.0549
CT016570,Zone_02,Zone_07,0.2786,0.0627,0.0807,0.0945,0.1261,0.0385,0.0471,0.2786,0.203,0.014,0.0549
CT017223,Zone_04,Zone_07,0.2941,0.0294,0.1078,0.098,0.0588,0.0392,0.0098,0.2941,0.2353,0.0196,0.1078
CT016269,Zone_07,Zone_07,0.2786,0.0627,0.0807,0.0945,0.1261,0.0385,0.0471,0.2786,0.203,0.014,0.0549
CT015275,Zone_08,Zone_07,0.3125,0.0104,0.0417,0.1146,0.1354,0.0521,0.0208,0.3125,0.2708,0.0208,0.0208
CT009516,Zone_10,Zone_07,0.2786,0.0627,0.0807,0.0945,0.1261,0.0385,0.0471,0.2786,0.203,0.014,0.0549
CT004908,Zone_03,Zone_07,0.4,0.0,0.2,0.0,0.2,0.0,0.0,0.4,0.0,0.0,0.2
CT017372,Zone_08,Zone_07,0.266,0.0496,0.1064,0.0922,0.1206,0.039,0.0532,0.266,0.2021,0.0035,0.0674
CT011372,Zone_08,Zone_07,0.2941,0.0471,0.0471,0.0706,0.1647,0.0471,0.0471,0.2941,0.2706,0.0,0.0118
CT017441,Zone_02,Zone_08,0.5455,0.2727,0.0,0.0,0.0909,0.0,0.0,0.0,0.5455,0.0,0.0909
CT019729,Zone_02,Zone_07,0.25,0.0625,0.1875,0.125,0.1875,0.0,0.0,0.25,0.125,0.0,0.0625
CT000450,Zone_08,Zone_08,0.2571,0.0707,0.0511,0.0797,0.1564,0.0496,0.0406,0.2256,0.2571,0.012,0.0571
CT011216,Zone_03,Zone_07,0.323,0.0431,0.0781,0.0956,0.1211,0.039,0.0256,0.323,0.1965,0.0108,0.0673
CT015149,Zone_04,Zone_07,0.2786,0.0627,0.0807,0.0945,0.1261,0.0385,0.0471,0.2786,0.203,0.014,0.0549
CT006728,Zone_04,Zone_07,0.2786,0.0627,0.0807,0.0945,0.1261,0.0385,0.0471,0.2786,0.203,0.014,0.0549
CT017680,Zone_07,Zone_07,0.2786,0.0627,0.0807,0.0945,0.1261,0.0385,0.0471,0.2786,0.203,0.014,0.0549
CT013533,Zone_01,Zone_07,0.266,0.0496,0.1064,0.0922,0.1206,0.039,0.0532,0.266,0.2021,0.0035,0.0674
CT012449,Zone_07,Zone_02,0.2432,0.1351,0.2432,0.1351,0.1081,0.0,0.1081,0.0811,0.1081,0.027,0.0541
CT018882,Zone_08,Zone_04,0.25,0.0208,0.0833,0.1042,0.25,0.0208,0.0208,0.25,0.1667,0.0,0.0833
CT019070,Zone_07,Zone_07,0.2786,0.0627,0.0807,0.0945,0.1261,0.0385,0.0471,0.2786,0.203,0.014,0.0549
CT018079,Zone_01,Zone_07,0.3941,0.0632,0.052,0.0595,0.145,0.0372,0.0297,0.3941,0.1375,0.0074,0.0743
CT019766,Zone_06,Zone_07,0.3235,0.0686,0.076,0.076,0.1397,0.0392,0.0343,0.3235,0.1716,0.0196,0.0515
CT008922,Zone_07,Zone_07,0.2786,0.0627,0.0807,0.0945,0.1261,0.0385,0.0471,0.2786,0.203,0.014,0.0549
CT007617,Zone_04,Zone_07,0.4444,0.0,0.0,0.1111,0.0,0.0,0.0,0.4444,0.2222,0.0,0.2222
CT006273,Zone_08,Zone_07,0.2786,0.0627,0.0807,0.0945,0.1261,0.0385,0.0471,0.2786,0.203,0.014,0.0549
CT009985,Zone_07,Zone_07,0.3941,0.0632,0.052,0.0595,0.145,0.0372,0.0297,0.3941,0.1375,0.0074,0.0743
CT006632,Zone_02,Zone_07,0.3247,0.0515,0.0979,0.0773,0.0773,0.0309,0.0155,0.3247,0.2474,0.0052,0.0722
CT002168,Zone_08,Zone_07,0.3871,0.0571,0.0571,0.0546,0.1191,0.0372,0.0298,0.3871,0.201,0.0099,0.0471
CT008155,Zone_08,Zone_07,0.2786,0.0627,0.0807,0.0945,0.1261,0.0385,0.0471,0.2786,0.203,0.014,0.0549
CT015483,Zone_07,Zone_04,0.2857,0.0952,0.0,0.0476,0.2857,0.0,0.0,0.2857,0.1429,0.0,0.1429
CT000850,Zone_10,Zone_07,0.3228,0.0582,0.0741,0.0917,0.1429,0.0247,0.0406,0.3228,0.1817,0.0106,0.0529
CT000458,Zone_08,Zone_07,0.8,0.0,0.0,0.2,0.0,0.0,0.0,0.8,0.0,0.0,0.0
CT007421,Zone_03,Zone_07,0.2786,0.0627,0.0807,0.0945,0.1261,0.0385,0.0471,0.2786,0.203,0.014,0.0549
CT016973,Zone_06,Zone_07,0.2706,0.0771,0.0717,0.0986,0.1452,0.0323,0.0305,0.2706,0.19,0.0125,0.0717
CT012113,Zone_07,Zone_07,0.2786,0.0627,0.0807,0.0945,0.1261,0.0385,0.0471,0.2786,0.203,0.014,0.0549
CT011880,Zone_08,Zone_08,0.3281,0.0391,0.0391,0.1641,0.1406,0.0312,0.0547,0.1016,0.3281,0.0078,0.0938
CT012505,Zone_07,Zone_08,0.5556,0.0,0.0,0.2222,0.0,0.0,0.0,0.2222,0.5556,0.0,0.0
CT019292,Zone_07,Zone_07,0.2786,0.0627,0.0807,0.0945,0.1261,0.0385,0.0471,0.2786,0.203,0.014,0.0549
CT011487,Zone_10,Zone_04,0.4545,0.0455,0.0909,0.1364,0.4545,0.0,0.0909,0.1364,0.0455,0.0,0.0
CT010878,Zone_08,Zone_07,0.2941,0.0471,0.0471,0.0706,0.1647,0.0471,0.0471,0.2941,0.2706,0.0,0.0118
CT005128,Zone_01,Zone_07,0.6,0.0,0.0,0.2,0.0,0.0,0.0,0.6,0.2,0.0,0.0
CT012832,Zone_07,Zone_07,0.2786,0.0627,0.0807,0.0945,0.1261,0.0385,0.0471,0.2786,0.203,0.014,0.0549
CT017977,Zone_08,Zone_07,0.2706,0.0771,0.0717,0.0986,0.1452,0.0323,0.0305,0.2706,0.19,0.0125,0.0717
CT004021,Zone_01,Zone_07,0.3871,0.0571,0.0571,0.0546,0.1191,0.0372,0.0298,0.3871,0.201,0.0099,0.0471
CT012065,Zone_04,Zone_07,0.3228,0.0582,0.0741,0.0917,0.1429,0.0247,0.0406,0.3228,0.1817,0.0106,0.0529
CT004424,Zone_01,Zone_08,0.25,0.15,0.0,0.0,0.15,0.15,0.15,0.1,0.25,0.0,0.05
CT007170,Zone_02,Zone_08,0.2812,0.0536,0.0804,0.1071,0.0848,0.0357,0.067,0.2277,0.2812,0.0,0.0625
CT011526,Zone_07,Zone_04,0.4286,0.1429,0.0,0.1429,0.4286,0.0,0.0,0.2857,0.0,0.0,0.0
CT015318,Zone_02,Zone_07,0.323,0.0431,0.0781,0.0956,0.1211,0.039,0.0256,0.323,0.1965,0.0108,0.0673
CT006595,Zone_09,Zone_08,0.2812,0.0536,0.0804,0.1071,0.0848,0.0357,0.067,0.2277,0.2812,0.0,0.0625
CT003105,Zone_08,Zone_07,0.3941,0.0632,0.052,0.0595,0.145,0.0372,0.0297,0.3941,0.1375,0.0074,0.0743
CT001057,Zone_06,Zone_07,0.4,0.0,0.2,0.0,0.2,0.0,0.0,0.4,0.2,0.0,0.0
CT001477,Zone_08,Zone_07,0.875,0.0,0.0,0.0,0.0,0.0,0.0,0.875,0.125,0.0,0.0
CT010379,Zone_07,Zone_07,0.2786,0.0627,0.0807,0.0945,0.1261,0.0385,0.0471,0.2786,0.203,0.014,0.0549
CT015969,Zone_02,Zone_07,0.2786,0.0627,0.0807,0.0945,0.1261,0.0385,0.0471,0.2786,0.203,0.014,0.0549
CT019769,Zone_07,Zone_04,0.6667,0.0,0.0,0.0,0.6667,0.0,0.0,0.1667,0.0,0.1667,0.0
CT003337,Zone_07,Zone_07,0.6667,0.0,0.1111,0.1111,0.1111,0.0,0.0,0.6667,0.0,0.0,0.0
CT013294,Zone_01,Zone_07,0.2786,0.0627,0.0807,0.0945,0.1261,0.0385,0.0471,0.2786,0.203,0.014,0.0549
CT000844,Zone_08,Zone_07,0.2353,0.0392,0.1765,0.1569,0.0196,0.0196,0.0784,0.2353,0.2157,0.0,0.0588
CT009092,Zone_07,Zone_07,0.2786,0.0627,0.0807,0.0945,0.1261,0.0385,0.0471,0.2786,0.203,0.014,0.0549
CT018309,Zone_08,Zone_07,0.2786,0.0627,0.0807,0.0945,0.1261,0.0385,0.0471,0.2786,0.203,0.014,0.0549
CT005936,Zone_07,Zone_07,0.2786,0.0627,0.0807,0.0945,0.1261,0.0385,0.0471,0.2786,0.203,0.014,0.0549
CT000108,Zone_04,Zone_03,0.2222,0.0,0.1111,0.2222,0.2222,0.0,0.1111,0.0,0.2222,0.0,0.1111
CT011298,Zone_07,Zone_07,0.3143,0.0643,0.1143,0.05,0.1286,0.0286,0.0643,0.3143,0.2143,0.0071,0.0143
CT000878,Zone_04,Zone_08,0.8333,0.0,0.1667,0.0,0.0,0.0,0.0,0.0,0.8333,0.0,0.0
CT015809,Zone_02,Zone_08,0.3333,0.1667,0.0,0.0,0.0,0.0,0.0,0.1667,0.3333,0.0,0.3333
CT000909,Zone_04,Zone_07,0.323,0.0431,0.0781,0.0956,0.1211,0.039,0.0256,0.323,0.1965,0.0108,0.0673
CT013961,Zone_06,Zone_07,0.2786,0.0627,0.0807,0.0945,0.1261,0.0385,0.0471,0.2786,0.203,0.014,0.0549
CT003670,Zone_08,Zone_07,0.2786,0.0627,0.0807,0.0945,0.1261,0.0385,0.0471,0.2786,0.203,0.014,0.0549
CT000413,Zone_03,Zone_08,0.2571,0.0707,0.0511,0.0797,0.1564,0.0496,0.0406,0.2256,0.2571,0.012,0.0571
CT011477,Zone_03,Zone_07,0.3941,0.0632,0.052,0.0595,0.145,0.0372,0.0297,0.3941,0.1375,0.0074,0.0743
CT006030,Zone_01,Zone_08,0.2571,0.0707,0.0511,0.0797,0.1564,0.0496,0.0406,0.2256,0.2571,0.012,0.0571
CT016727,Zone_06,Zone_08,0.5238,0.0476,0.1429,0.0476,0.0476,0.0,0.0476,0.0952,0.5238,0.0,0.0476
CT009721,Zone_08,Zone_07,0.3125,0.0104,0.0417,0.1146,0.1354,0.0521,0.0208,0.3125,0.2708,0.0208,0.0208
CT017975,Zone_06,Zone_07,0.4595,0.0405,0.0946,0.0541,0.0541,0.0135,0.0541,0.4595,0.1486,0.0135,0.0676
CT001837,Zone_02,Zone_07,0.2941,0.0471,0.0471,0.0706,0.1647,0.0471,0.0471,0.2941,0.2706,0.0,0.0118
CT006709,Zone_07,Zone_07,0.2786,0.0627,0.0807,0.0945,0.1261,0.0385,0.0471,0.2786,0.203,0.014,0.0549
CT014477,Zone_08,Zone_10,0.25,0.125,0.0,0.125,0.125,0.0,0.125,0.125,0.125,0.0,0.25
CT014009,Zone_10,Zone_07,0.5,0.25,0.0,0.0,0.0833,0.0,0.0,0.5,0.0833,0.0,0.0833
CT006589,Zone_07,Zone_07,0.2786,0.0627,0.0807,0.0945,0.1261,0.0385,0.0471,0.2786,0.203,0.014,0.0549
CT018973,Zone_03,Zone_08,0.268,0.0784,0.0458,0.0719,0.1503,0.0719,0.0196,0.2418,0.268,0.0131,0.0392
CT014074,Zone_07,Zone_08,0.3247,0.0909,0.1299,0.0779,0.1169,0.026,0.026,0.1558,0.3247,0.013,0.039
CT013415,Zone_04,Zone_07,0.266,0.0496,0.1064,0.0922,0.1206,0.039,0.0532,0.266,0.2021,0.0035,0.0674
CT013445,Zone_08,Zone_07,0.6667,0.0,0.1111,0.1111,0.1111,0.0,0.0,0.6667,0.0,0.0,0.0
CT017387,Zone_07,Zone_04,0.25,0.0208,0.0833,0.1042,0.25,0.0208,0.0208,0.25,0.1667,0.0,0.0833
CT003559,Zone_08,Zone_07,0.2786,0.0627,0.0807,0.0945,0.1261,0.0385,0.0471,0.2786,0.203,0.014,0.0549
CT000203,Zone_07,Zone_04,0.2857,0.1429,0.1429,0.1429,0.2857,0.0,0.2857,0.0,0.0,0.0,0.0
CT019211,Zone_07,Zone_07,0.2786,0.0627,0.0807,0.0945,0.1261,0.0385,0.0471,0.2786,0.203,0.014,0.0549
CT009621,Zone_03,Zone_07,0.2786,0.0627,0.0807,0.0945,0.1261,0.0385,0.0471,0.2786,0.203,0.014,0.0549
CT015768,Zone_07,Zone_07,0.2786,0.0627,0.0807,0.0945,0.1261,0.0385,0.0471,0.2786,0.203,0.014,0.0549
CT014520,Zone_08,Zone_07,0.2786,0.0627,0.0807,0.0945,0.1261,0.0385,0.0471,0.2786,0.203,0.014,0.0549
CT003684,Zone_08,Zone_07,0.2786,0.0627,0.0807,0.0945,0.1261,0.0385,0.0471,0.2786,0.203,0.014,0.0549
CT016558,Zone_07,Zone_08,0.4444,0.1111,0.0,0.0,0.2222,0.0,0.0,0.2222,0.4444,0.0,0.0
CT014901,Zone_07,Zone_07,0.2786,0.0627,0.0807,0.0945,0.1261,0.0385,0.0471,0.2786,0.203,0.014,0.0549
CT003830,Zone_08,Zone_07,0.2786,0.0627,0.0807,0.0945,0.1261,0.0385,0.0471,0.2786,0.203,0.014,0.0549
CT014427,Zone_03,Zone_07,0.2786,0.0627,0.0807,0.0945,0.1261,0.0385,0.0471,0.2786,0.203,0.014,0.0549
CT010350,Zone_07,Zone_08,0.1887,0.1132,0.1132,0.0566,0.0566,0.1132,0.0755,0.1698,0.1887,0.0189,0.0943
CT018832,Zone_07,Zone_07,0.3941,0.0632,0.052,0.0595,0.145,0.0372,0.0297,0.3941,0.1375,0.0074,0.0743
CT005223,Zone_03,Zone_08,0.2571,0.0707,0.0511,0.0797,0.1564,0.0496,0.0406,0.2256,0.2571,0.012,0.0571
CT005942,Zone_08,Zone_08,0.3247,0.0909,0.1299,0.0779,0.1169,0.026,0.026,0.1558,0.3247,0.013,0.039
CT006678,Zone_06,Zone_08,0.3636,0.0,0.0909,0.1818,0.0909,0.0455,0.0455,0.1364,0.3636,0.0,0.0455
CT011365,Zone_07,Zone_01,0.4286,0.4286,0.0,0.0,0.0,0.0,0.1429,0.0,0.4286,0.0,0.0
CT015572,Zone_10,Zone_03,0.4286,0.2857,0.0,0.4286,0.0,0.0,0.0,0.1429,0.1429,0.0,0.0
CT008729,Zone_03,Zone_08,0.2821,0.0769,0.1538,0.1795,0.0769,0.0,0.0513,0.1282,0.2821,0.0256,0.0256
CT017114,Zone_07,Zone_07,0.2786,0.0627,0.0807,0.0945,0.1261,0.0385,0.0471,0.2786,0.203,0.014,0.0549
CT009196,Zone_03,Zone_07,0.2786,0.0627,0.0807,0.0945,0.1261,0.0385,0.0471,0.2786,0.203,0.014,0.0549
CT019541,Zone_02,Zone_03,0.6,0.0,0.0,0.6,0.0,0.0,0.0,0.0,0.4,0.0,0.0
CT006376,Zone_01,Zone_07,0.2786,0.0627,0.0807,0.0945,0.1261,0.0385,0.0471,0.2786,0.203,0.014,0.0549
CT009868,Zone_07,Zone_07,0.3235,0.0686,0.076,0.076,0.1397,0.0392,0.0343,0.3235,0.1716,0.0196,0.0515
CT018176,Zone_02,Zone_07,0.2786,0.0627,0.0807,0.0945,0.1261,0.0385,0.0471,0.2786,0.203,0.014,0.0549
CT000131,Zone_01,Zone_02,0.2857,0.1429,0.2857,0.0,0.2857,0.0,0.0,0.2857,0.0,0.0,0.0
CT000231,Zone_03,Zone_07,0.3235,0.0686,0.076,0.076,0.1397,0.0392,0.0343,0.3235,0.1716,0.0196,0.0515
CT010957,Zone_10,Zone_07,0.5625,0.0625,0.0625,0.125,0.0,0.0,0.0,0.5625,0.1875,0.0,0.0
CT017621,Zone_02,Zone_07,0.3941,0.0632,0.052,0.0595,0.145,0.0372,0.0297,0.3941,0.1375,0.0074,0.0743
CT019419,Zone_04,Zone_04,0.6,0.0,0.0,0.2,0.6,0.0,0.0,0.2,0.0,0.0,0.0
CT006272,Zone_01,Zone_07,0.3247,0.0515,0.0979,0.0773,0.0773,0.0309,0.0155,0.3247,0.2474,0.0052,0.0722
CT013032,Zone_04,Zone_07,0.2786,0.0627,0.0807,0.0945,0.1261,0.0385,0.0471,0.2786,0.203,0.014,0.0549
CT010314,Zone_09,Zone_08,0.268,0.0784,0.0458,0.0719,0.1503,0.0719,0.0196,0.2418,0.268,0.0131,0.0392
CT017933,Zone_03,Zone_07,0.2786,0.0627,0.0807,0.0945,0.1261,0.0385,0.0471,0.2786,0.203,0.014,0.0549
CT013585,Zone_07,Zone_07,0.2786,0.0627,0.0807,0.0945,0.1261,0.0385,0.0471,0.2786,0.203,0.014,0.0549
CT018945,Zone_05,Zone_04,0.2941,0.0294,0.1176,0.0588,0.2941,0.0588,0.1176,0.0882,0.1765,0.0294,0.0294
CT018172,Zone_07,Zone_07,0.2786,0.0627,0.0807,0.0945,0.1261,0.0385,0.0471,0.2786,0.203,0.014,0.0549
CT000506,Zone_07,Zone_08,0.4375,0.0312,0.0625,0.0,0.25,0.0,0.0312,0.125,0.4375,0.0312,0.0312
CT015332,Zone_07,Zone_07,0.2786,0.0627,0.0807,0.0945,0.1261,0.0385,0.0471,0.2786,0.203,0.014,0.0549
CT001971,Zone_04,Zone_07,0.3235,0.0686,0.076,0.076,0.1397,0.0392,0.0343,0.3235,0.1716,0.0196,0.0515
CT013285,Zone_10,Zone_07,0.4,0.0,0.2,0.0,0.2,0.0,0.0,0.4,0.2,0.0,0.0
CT019599,Zone_08,Zone_08,0.4286,0.1429,0.0952,0.1429,0.0476,0.0,0.0,0.1429,0.4286,0.0,0.0
CT001538,Zone_07,Zone_07,0.2786,0.0627,0.0807,0.0945,0.1261,0.0385,0.0471,0.2786,0.203,0.014,0.0549
CT009763,Zone_08,Zone_07,0.3206,0.1221,0.084,0.0916,0.1374,0.0305,0.0153,0.3206,0.1298,0.0,0.0687
CT017572,Zone_01,Zone_07,0.2786,0.0627,0.0807,0.0945,0.1261,0.0385,0.0471,0.2786,0.203,0.014,0.0549
CT003353,Zone_02,Zone_07,0.2786,0.0627,0.0807,0.0945,0.1261,0.0385,0.0471,0.2786,0.203,0.014,0.0549
CT018723,Zone_07,Zone_07,0.3247,0.0515,0.0979,0.0773,0.0773,0.0309,0.0155,0.3247,0.2474,0.0052,0.0722
CT002032,Zone_07,Zone_07,0.3247,0.0515,0.0979,0.0773,0.0773,0.0309,0.0155,0.3247,0.2474,0.0052,0.0722
CT009510,Zone_02,Zone_07,0.3085,0.0638,0.1383,0.0532,0.0745,0.0426,0.0426,0.3085,0.234,0.0,0.0426
CT014308,Zone_10,Zone_07,0.2786,0.0627,0.0807,0.0945,0.1261,0.0385,0.0471,0.2786,0.203,0.014,0.0549
CT003586,Zone_07,Zone_07,0.2706,0.0771,0.0717,0.0986,0.1452,0.0323,0.0305,0.2706,0.19,0.0125,0.0717
CT004769,Zone_01,Zone_07,0.9,0.0,0.0,0.0,0.0,0.0,0.0,0.9,0.1,0.0,0.0
CT002113,Zone_01,Zone_07,0.2786,0.0627,0.0807,0.0945,0.1261,0.0385,0.0471,0.2786,0.203,0.014,0.0549
CT004926,Zone_04,Zone_03,0.3333,0.0,0.0,0.3333,0.0,0.0,0.0,0.1667,0.3333,0.0,0.1667
CT014947,Zone_02,Zone_08,0.2222,0.0556,0.0556,0.0778,0.1111,0.0778,0.1444,0.2111,0.2222,0.0111,0.0333
CT018857,Zone_07,Zone_07,0.2353,0.0392,0.1765,0.1569,0.0196,0.0196,0.0784,0.2353,0.2157,0.0,0.0588
CT012590,Zone_07,Zone_06,0.3333,0.1667,0.0,0.0,0.0,0.0,0.3333,0.0,0.3333,0.0,0.1667
CT018040,Zone_07,Zone_07,0.3118,0.0753,0.043,0.1075,0.086,0.0323,0.0323,0.3118,0.2796,0.0215,0.0108
CT014349,Zone_10,Zone_07,0.2786,0.0627,0.0807,0.0945,0.1261,0.0385,0.0471,0.2786,0.203,0.014,0.0549
CT003478,Zone_06,Zone_08,0.2094,0.0942,0.0942,0.0942,0.1466,0.0681,0.0314,0.1466,0.2094,0.0105,0.1047
CT001175,Zone_07,Zone_07,0.2786,0.0627,0.0807,0.0945,0.1261,0.0385,0.0471,0.2786,0.203,0.014,0.0549
CT016173,Zone_08,Zone_07,0.3871,0.0571,0.0571,0.0546,0.1191,0.0372,0.0298,0.3871,0.201,0.0099,0.0471
CT002894,Zone_07,Zone_08,0.268,0.0784,0.0458,0.0719,0.1503,0.0719,0.0196,0.2418,0.268,0.0131,0.0392
CT006766,Zone_08,Zone_04,0.3333,0.1111,0.0,0.0,0.3333,0.0,0.1111,0.1111,0.1111,0.0,0.2222
CT019714,Zone_04,Zone_07,0.2786,0.0627,0.0807,0.0945,0.1261,0.0385,0.0471,0.2786,0.203,0.014,0.0549
CT009070,Zone_04,Zone_07,0.2786,0.0627,0.0807,0.0945,0.1261,0.0385,0.0471,0.2786,0.203,0.014,0.0549
CT018415,Zone_02,Zone_07,0.2786,0.0627,0.0807,0.0945,0.1261,0.0385,0.0471,0.2786,0.203,0.014,0.0549
CT003124,Zone_08,Zone_07,0.3143,0.0643,0.1143,0.05,0.1286,0.0286,0.0643,0.3143,0.2143,0.0071,0.0143
CT007754,Zone_07,Zone_07,0.2786,0.0627,0.0807,0.0945,0.1261,0.0385,0.0471,0.2786,0.203,0.014,0.0549
CT015637,Zone_08,Zone_07,0.2786,0.0627,0.0807,0.0945,0.1261,0.0385,0.0471,0.2786,0.203,0.014,0.0549
CT019802,Zone_08,Zone_08,0.2571,0.0707,0.0511,0.0797,0.1564,0.0496,0.0406,0.2256,0.2571,0.012,0.0571
CT011523,Zone_07,Zone_04,0.6,0.0,0.0,0.0,0.6,0.0,0.0,0.0,0.2,0.0,0.2
CT009105,Zone_07,Zone_07,0.3871,0.0571,0.0571,0.0546,0.1191,0.0372,0.0298,0.3871,0.201,0.0099,0.0471
CT009213,Zone_03,Zone_07,0.2786,0.0627,0.0807,0.0945,0.1261,0.0385,0.0471,0.2786,0.203,0.014,0.0549
CT009486,Zone_04,Zone_07,0.3143,0.0643,0.1143,0.05,0.1286,0.0286,0.0643,0.3143,0.2143,0.0071,0.0143
CT011988,Zone_01,Zone_07,0.2786,0.0627,0.0807,0.0945,0.1261,0.0385,0.0471,0.2786,0.203,0.014,0.0549
CT012441,Zone_07,Zone_07,0.3871,0.0571,0.0571,0.0546,0.1191,0.0372,0.0298,0.3871,0.201,0.0099,0.0471
CT015020,Zone_04,Zone_07,0.2786,0.0627,0.0807,0.0945,0.1261,0.0385,0.0471,0.2786,0.203,0.014,0.0549
CT009969,Zone_01,Zone_08,0.2424,0.1212,0.0606,0.1818,0.0303,0.0909,0.0,0.1818,0.2424,0.0606,0.0303
CT014240,Zone_02,Zone_07,0.2786,0.0627,0.0807,0.0945,0.1261,0.0385,0.0471,0.2786,0.203,0.014,0.0549
CT011158,Zone_07,Zone_07,0.8571,0.0,0.0,0.0,0.0,0.0,0.1429,0.8571,0.0,0.0,0.0
CT012167,Zone_08,Zone_07,0.3228,0.0582,0.0741,0.0917,0.1429,0.0247,0.0406,0.3228,0.1817,0.0106,0.0529
CT000660,Zone_05,Zone_04,0.2651,0.0602,0.0361,0.1205,0.2651,0.0241,0.0,0.241,0.2169,0.0,0.0361
CT002369,Zone_05,Zone_08,0.5,0.0,0.0,0.0,0.125,0.0,0.125,0.25,0.5,0.0,0.0
CT017086,Zone_05,Zone_07,0.6667,0.0,0.0,0.0,0.0,0.0,0.0,0.6667,0.3333,0.0,0.0
CT001661,Zone_03,Zone_07,0.2706,0.0771,0.0717,0.0986,0.1452,0.0323,0.0305,0.2706,0.19,0.0125,0.0717
CT014557,Zone_02,Zone_07,0.3235,0.0686,0.076,0.076,0.1397,0.0392,0.0343,0.3235,0.1716,0.0196,0.0515
CT008914,Zone_08,Zone_07,0.323,0.0431,0.0781,0.0956,0.1211,0.039,0.0256,0.323,0.1965,0.0108,0.0673
CT014438,Zone_08,Zone_07,0.2786,0.0627,0.0807,0.0945,0.1261,0.0385,0.0471,0.2786,0.203,0.014,0.0549
CT006585,Zone_08,Zone_07,0.323,0.0431,0.0781,0.0956,0.1211,0.039,0.0256,0.323,0.1965,0.0108,0.0673
CT015952,Zone_01,Zone_07,0.5,0.0,0.0,0.0,0.0,0.0,0.0,0.5,0.5,0.0,0.0
CT010397,Zone_02,Zone_07,0.25,0.0625,0.1875,0.125,0.1875,0.0,0.0,0.25,0.125,0.0,0.0625
CT009786,Zone_08,Zone_08,0.3019,0.0943,0.0472,0.1415,0.0566,0.0283,0.0189,0.217,0.3019,0.0566,0.0377
CT015355,Zone_03,Zone_07,0.3228,0.0582,0.0741,0.0917,0.1429,0.0247,0.0406,0.3228,0.1817,0.0106,0.0529
CT014779,Zone_06,Zone_07,0.2786,0.0627,0.0807,0.0945,0.1261,0.0385,0.0471,0.2786,0.203,0.014,0.0549
CT007010,Zone_07,Zone_04,0.2651,0.0602,0.0361,0.1205,0.2651,0.0241,0.0,0.241,0.2169,0.0,0.0361
CT000935,Zone_07,Zone_07,0.2706,0.0771,0.0717,0.0986,0.1452,0.0323,0.0305,0.2706,0.19,0.0125,0.0717
CT009315,Zone_01,Zone_07,0.75,0.0,0.0,0.0,0.0,0.0,0.0,0.75,0.25,0.0,0.0
CT000672,Zone_07,Zone_07,0.2786,0.0627,0.0807,0.0945,0.1261,0.0385,0.0471,0.2786,0.203,0.014,0.0549
CT005093,Zone_04,Zone_07,0.2786,0.0627,0.0807,0.0945,0.1261,0.0385,0.0471,0.2786,0.203,0.014,0.0549
CT005825,Zone_05,Zone_08,0.2571,0.0707,0.0511,0.0797,0.1564,0.0496,0.0406,0.2256,0.2571,0.012,0.0571
CT016209,Zone_07,Zone_08,0.2094,0.0942,0.0942,0.0942,0.1466,0.0681,0.0314,0.1466,0.2094,0.0105,0.1047
CT008799,Zone_03,Zone_04,0.6154,0.0,0.0,0.0769,0.6154,0.0,0.0,0.3077,0.0,0.0,0.0
CT014280,Zone_08,Zone_08,0.5455,0.2727,0.0,0.0,0.0909,0.0,0.0,0.0,0.5455,0.0,0.0909
CT011090,Zone_08,Zone_07,0.3085,0.0638,0.1383,0.0532,0.0745,0.0426,0.0426,0.3085,0.234,0.0,0.0426
CT009745,Zone_07,Zone_07,0.2786,0.0627,0.0807,0.0945,0.1261,0.0385,0.0471,0.2786,0.203,0.014,0.0549
CT000880,Zone_07,Zone_07,0.2786,0.0627,0.0807,0.0945,0.1261,0.0385,0.0471,0.2786,0.203,0.014,0.0549
CT000492,Zone_07,Zone_07,0.3478,0.1522,0.0652,0.1522,0.1304,0.0217,0.0217,0.3478,0.1087,0.0,0.0
CT004232,Zone_02,Zone_07,0.2786,0.0627,0.0807,0.0945,0.1261,0.0385,0.0471,0.2786,0.203,0.014,0.0549
CT013753,Zone_06,Zone_07,0.3235,0.0686,0.076,0.076,0.1397,0.0392,0.0343,0.3235,0.1716,0.0196,0.0515
CT002636,Zone_08,Zone_07,0.2786,0.0627,0.0807,0.0945,0.1261,0.0385,0.0471,0.2786,0.203,0.014,0.0549
CT000983,Zone_07,Zone_07,0.2786,0.0627,0.0807,0.0945,0.1261,0.0385,0.0471,0.2786,0.203,0.014,0.0549
CT011627,Zone_01,Zone_07,0.2786,0.0627,0.0807,0.0945,0.1261,0.0385,0.0471,0.2786,0.203,0.014,0.0549
CT002498,Zone_01,Zone_04,0.6,0.0,0.0,0.0,0.6,0.2,0.2,0.0,0.0,0.0,0.0
CT003560,Zone_08,Zone_08,0.2571,0.0707,0.0511,0.0797,0.1564,0.0496,0.0406,0.2256,0.2571,0.012,0.0571
CT017795,Zone_08,Zone_07,0.5,0.25,0.0,0.0,0.0833,0.0,0.0,0.5,0.0833,0.0,0.0833
CT006943,Zone_07,Zone_10,0.4,0.2,0.0,0.2,0.0,0.0,0.0,0.0,0.2,0.0,0.4
CT000679,Zone_03,Zone_08,0.5556,0.0,0.0,0.0,0.1111,0.0,0.0,0.1111,0.5556,0.0,0.2222
CT011767,Zone_07,Zone_07,0.8571,0.0,0.0,0.0,0.0,0.0,0.1429,0.8571,0.0,0.0,0.0
CT001081,Zone_04,Zone_04,0.2857,0.0952,0.0,0.0476,0.2857,0.0,0.0,0.2857,0.1429,0.0,0.1429
CT008974,Zone_02,Zone_07,0.2786,0.0627,0.0807,0.0945,0.1261,0.0385,0.0471,0.2786,0.203,0.014,0.0549
CT004965,Zone_04,Zone_07,0.3143,0.0643,0.1143,0.05,0.1286,0.0286,0.0643,0.3143,0.2143,0.0071,0.0143
CT002338,Zone_05,Zone_08,0.1887,0.1132,0.1132,0.0566,0.0566,0.1132,0.0755,0.1698,0.1887,0.0189,0.0943
CT010175,Zone_01,Zone_04,0.4545,0.0455,0.0909,0.1364,0.4545,0.0,0.0909,0.1364,0.0455,0.0,0.0
CT003111,Zone_04,Zone_07,0.2786,0.0627,0.0807,0.0945,0.1261,0.0385,0.0471,0.2786,0.203,0.014,0.0549
CT016461,Zone_04,Zone_07,0.3871,0.0571,0.0571,0.0546,0.1191,0.0372,0.0298,0.3871,0.201,0.0099,0.0471
CT012844,Zone_01,Zone_08,1.0,0.0,0.0,0.0,0.0,0.0,0.0,0.0,1.0,0.0,0.0
CT003410,Zone_03,Zone_07,0.3871,0.0571,0.0571,0.0546,0.1191,0.0372,0.0298,0.3871,0.201,0.0099,0.0471
CT007834,Zone_07,Zone_07,0.4359,0.0,0.0513,0.1026,0.1026,0.0513,0.0256,0.4359,0.1795,0.0256,0.0256
CT014286,Zone_03,Zone_08,0.6,0.1,0.0,0.0,0.1,0.0,0.1,0.1,0.6,0.0,0.0
CT019612,Zone_07,Zone_07,0.2786,0.0627,0.0807,0.0945,0.1261,0.0385,0.0471,0.2786,0.203,0.014,0.0549
CT014305,Zone_10,Zone_01,0.25,0.25,0.125,0.25,0.125,0.0,0.0,0.0,0.25,0.0,0.0
CT003385,Zone_01,Zone_10,0.25,0.125,0.0,0.125,0.125,0.0,0.125,0.125,0.125,0.0,0.25
CT019244,Zone_07,Zone_07,0.2786,0.0627,0.0807,0.0945,0.1261,0.0385,0.0471,0.2786,0.203,0.014,0.0549
CT016500,Zone_04,Zone_08,0.381,0.1429,0.0476,0.0476,0.1429,0.0,0.0476,0.0476,0.381,0.0,0.1429
CT005770,Zone_07,Zone_07,0.2786,0.0627,0.0807,0.0945,0.1261,0.0385,0.0471,0.2786,0.203,0.014,0.0549
CT006311,Zone_03,Zone_07,0.2786,0.0627,0.0807,0.0945,0.1261,0.0385,0.0471,0.2786,0.203,0.014,0.0549
CT006631,Zone_07,Zone_07,0.2786,0.0627,0.0807,0.0945,0.1261,0.0385,0.0471,0.2786,0.203,0.014,0.0549
CT014224,Zone_10,Zone_07,0.3074,0.0649,0.026,0.1126,0.1472,0.0216,0.039,0.3074,0.1861,0.0087,0.0866
CT006479,Zone_04,Zone_08,0.8333,0.1667,0.0,0.0,0.0,0.0,0.0,0.0,0.8333,0.0,0.0
CT012861,Zone_07,Zone_07,0.2786,0.0627,0.0807,0.0945,0.1261,0.0385,0.0471,0.2786,0.203,0.014,0.0549
CT007324,Zone_10,Zone_07,0.2786,0.0627,0.0807,0.0945,0.1261,0.0385,0.0471,0.2786,0.203,0.014,0.0549
CT004164,Zone_05,Zone_07,0.323,0.0431,0.0781,0.0956,0.1211,0.039,0.0256,0.323,0.1965,0.0108,0.0673
CT009526,Zone_07,Zone_08,0.268,0.0784,0.0458,0.0719,0.1503,0.0719,0.0196,0.2418,0.268,0.0131,0.0392
CT016947,Zone_06,Zone_07,0.3166,0.0452,0.0754,0.0905,0.1055,0.0151,0.0603,0.3166,0.2412,0.005,0.0452
CT017124,Zone_10,Zone_07,0.4444,0.0,0.0,0.1111,0.0,0.0,0.0,0.4444,0.2222,0.0,0.2222
CT019690,Zone_08,Zone_07,0.6667,0.0,0.0,0.0,0.0,0.1111,0.0,0.6667,0.1111,0.1111,0.0
CT014508,Zone_02,Zone_07,0.875,0.0,0.125,0.0,0.0,0.0,0.0,0.875,0.0,0.0,0.0
CT004472,Zone_04,Zone_07,0.2786,0.0627,0.0807,0.0945,0.1261,0.0385,0.0471,0.2786,0.203,0.014,0.0549
CT014473,Zone_03,Zone_07,0.2786,0.0627,0.0807,0.0945,0.1261,0.0385,0.0471,0.2786,0.203,0.014,0.0549
CT003954,Zone_08,Zone_07,0.2786,0.0627,0.0807,0.0945,0.1261,0.0385,0.0471,0.2786,0.203,0.014,0.0549
CT003832,Zone_07,Zone_07,0.3228,0.0582,0.0741,0.0917,0.1429,0.0247,0.0406,0.3228,0.1817,0.0106,0.0529
CT019581,Zone_01,Zone_07,0.2706,0.0771,0.0717,0.0986,0.1452,0.0323,0.0305,0.2706,0.19,0.0125,0.0717
CT000595,Zone_02,Zone_07,0.2786,0.0627,0.0807,0.0945,0.1261,0.0385,0.0471,0.2786,0.203,0.014,0.0549
CT001586,Zone_10,Zone_07,0.2786,0.0627,0.0807,0.0945,0.1261,0.0385,0.0471,0.2786,0.203,0.014,0.0549
CT008849,Zone_07,Zone_07,0.323,0.0431,0.0781,0.0956,0.1211,0.039,0.0256,0.323,0.1965,0.0108,0.0673
CT018566,Zone_07,Zone_07,0.3941,0.0632,0.052,0.0595,0.145,0.0372,0.0297,0.3941,0.1375,0.0074,0.0743
CT007235,Zone_08,Zone_07,0.2786,0.0627,0.0807,0.0945,0.1261,0.0385,0.0471,0.2786,0.203,0.014,0.0549
CT002999,Zone_10,Zone_02,0.2632,0.0789,0.2632,0.1053,0.1053,0.0526,0.0263,0.1053,0.2105,0.0,0.0526
CT010792,Zone_07,Zone_07,0.2786,0.0627,0.0807,0.0945,0.1261,0.0385,0.0471,0.2786,0.203,0.014,0.0549
CT015872,Zone_10,Zone_08,0.3281,0.0391,0.0391,0.1641,0.1406,0.0312,0.0547,0.1016,0.3281,0.0078,0.0938
CT008488,Zone_02,Zone_07,0.3913,0.0,0.0435,0.0,0.1304,0.0,0.1304,0.3913,0.3043,0.0,0.0
CT016060,Zone_08,Zone_07,0.2786,0.0627,0.0807,0.0945,0.1261,0.0385,0.0471,0.2786,0.203,0.014,0.0549
CT013929,Zone_07,Zone_07,0.2786,0.0627,0.0807,0.0945,0.1261,0.0385,0.0471,0.2786,0.203,0.014,0.0549
CT014966,Zone_08,Zone_07,0.3166,0.0452,0.0754,0.0905,0.1055,0.0151,0.0603,0.3166,0.2412,0.005,0.0452
CT000633,Zone_02,Zone_07,0.2786,0.0627,0.0807,0.0945,0.1261,0.0385,0.0471,0.2786,0.203,0.014,0.0549
CT019291,Zone_02,Zone_08,0.2094,0.0942,0.0942,0.0942,0.1466,0.0681,0.0314,0.1466,0.2094,0.0105,0.1047
CT015071,Zone_02,Zone_07,0.875,0.0,0.0,0.0,0.0,0.125,0.0,0.875,0.0,0.0,0.0
CT017340,Zone_03,Zone_07,0.2786,0.0627,0.0807,0.0945,0.1261,0.0385,0.0471,0.2786,0.203,0.014,0.0549
CT018421,Zone_06,Zone_07,0.266,0.0496,0.1064,0.0922,0.1206,0.039,0.0532,0.266,0.2021,0.0035,0.0674
CT016335,Zone_07,Zone_08,0.6667,0.0,0.0,0.0,0.1667,0.1667,0.0,0.0,0.6667,0.0,0.0
CT009391,Zone_08,Zone_07,0.4545,0.0,0.1818,0.0909,0.1818,0.0,0.0909,0.4545,0.0,0.0,0.0
CT005031,Zone_02,Zone_07,0.6667,0.0,0.0,0.0,0.0,0.1111,0.0,0.6667,0.1111,0.1111,0.0
CT003662,Zone_06,Zone_07,0.4627,0.0149,0.0299,0.0746,0.0448,0.0448,0.0299,0.4627,0.194,0.0,0.1045
CT000080,Zone_07,Zone_07,0.56,0.04,0.08,0.12,0.08,0.0,0.0,0.56,0.08,0.0,0.04
CT005513,Zone_08,Zone_07,0.2647,0.1176,0.0882,0.0882,0.2059,0.0294,0.0294,0.2647,0.1176,0.0,0.0588
CT003828,Zone_04,Zone_03,0.5,0.0,0.0,0.5,0.5,0.0,0.0,0.0,0.0,0.0,0.0
CT006081,Zone_01,Zone_07,0.3478,0.1522,0.0652,0.1522,0.1304,0.0217,0.0217,0.3478,0.1087,0.0,0.0
CT016370,Zone_04,Zone_02,0.8333,0.0,0.8333,0.0,0.0,0.0,0.0,0.1667,0.0,0.0,0.0
CT014113,Zone_08,Zone_05,0.3333,0.0,0.0,0.0,0.1667,0.3333,0.1667,0.0,0.3333,0.0,0.0
CT003925,Zone_01,Zone_07,0.2786,0.0627,0.0807,0.0945,0.1261,0.0385,0.0471,0.2786,0.203,0.014,0.0549
CT018540,Zone_04,Zone_10,0.8,0.0,0.0,0.0,0.0,0.0,0.0,0.0,0.2,0.0,0.8
CT019500,Zone_07,Zone_07,0.2706,0.0771,0.0717,0.0986,0.1452,0.0323,0.0305,0.2706,0.19,0.0125,0.0717
CT002248,Zone_08,Zone_07,0.323,0.0431,0.0781,0.0956,0.1211,0.039,0.0256,0.323,0.1965,0.0108,0.0673
CT006715,Zone_08,Zone_08,0.3281,0.0391,0.0391,0.1641,0.1406,0.0312,0.0547,0.1016,0.3281,0.0078,0.0938
CT014175,Zone_01,Zone_07,0.2786,0.0627,0.0807,0.0945,0.1261,0.0385,0.0471,0.2786,0.203,0.014,0.0549
CT009301,Zone_07,Zone_07,0.2786,0.0627,0.0807,0.0945,0.1261,0.0385,0.0471,0.2786,0.203,0.014,0.0549
CT008040,Zone_07,Zone_02,0.4,0.0,0.4,0.0,0.2,0.0,0.0,0.4,0.0,0.0,0.0
CT017007,Zone_07,Zone_08,0.25,0.15,0.0,0.0,0.15,0.15,0.15,0.1,0.25,0.0,0.05
CT012420,Zone_01,Zone_08,0.2571,0.0707,0.0511,0.0797,0.1564,0.0496,0.0406,0.2256,0.2571,0.012,0.0571
CT016181,Zone_06,Zone_08,0.425,0.1,0.075,0.025,0.1,0.0,0.075,0.125,0.425,0.0,0.075
CT007175,Zone_04,Zone_07,0.2786,0.0627,0.0807,0.0945,0.1261,0.0385,0.0471,0.2786,0.203,0.014,0.0549
CT016737,Zone_08,Zone_08,0.2571,0.0707,0.0511,0.0797,0.1564,0.0496,0.0406,0.2256,0.2571,0.012,0.0571
CT009634,Zone_04,Zone_07,0.3143,0.0643,0.1143,0.05,0.1286,0.0286,0.0643,0.3143,0.2143,0.0071,0.0143
CT014245,Zone_04,Zone_08,0.4,0.0333,0.1,0.1,0.0,0.0333,0.0333,0.2,0.4,0.0333,0.0667
CT000710,Zone_08,Zone_08,0.3281,0.0391,0.0391,0.1641,0.1406,0.0312,0.0547,0.1016,0.3281,0.0078,0.0938
CT000870,Zone_01,Zone_07,0.3235,0.0686,0.076,0.076,0.1397,0.0392,0.0343,0.3235,0.1716,0.0196,0.0515
CT006696,Zone_04,Zone_07,0.3871,0.0571,0.0571,0.0546,0.1191,0.0372,0.0298,0.3871,0.201,0.0099,0.0471
CT004804,Zone_08,Zone_07,0.4595,0.0405,0.0946,0.0541,0.0541,0.0135,0.0541,0.4595,0.1486,0.0135,0.0676
CT006299,Zone_04,Zone_07,0.2786,0.0627,0.0807,0.0945,0.1261,0.0385,0.0471,0.2786,0.203,0.014,0.0549
CT015789,Zone_08,Zone_07,0.5333,0.0,0.0667,0.0667,0.0,0.0,0.0667,0.5333,0.2667,0.0,0.0
CT017294,Zone_01,Zone_07,0.2353,0.0392,0.1765,0.1569,0.0196,0.0196,0.0784,0.2353,0.2157,0.0,0.0588
CT016179,Zone_04,Zone_07,0.2786,0.0627,0.0807,0.0945,0.1261,0.0385,0.0471,0.2786,0.203,0.014,0.0549
CT003183,Zone_08,Zone_07,0.2786,0.0627,0.0807,0.0945,0.1261,0.0385,0.0471,0.2786,0.203,0.014,0.0549
CT019007,Zone_06,Zone_07,0.3118,0.0753,0.043,0.1075,0.086,0.0323,0.0323,0.3118,0.2796,0.0215,0.0108
CT004560,Zone_07,Zone_07,0.3941,0.0632,0.052,0.0595,0.145,0.0372,0.0297,0.3941,0.1375,0.0074,0.0743
CT016920,Zone_03,Zone_08,0.2903,0.0968,0.2258,0.0645,0.0645,0.0323,0.0,0.1613,0.2903,0.0,0.0645
CT013311,Zone_07,Zone_07,0.323,0.0431,0.0781,0.0956,0.1211,0.039,0.0256,0.323,0.1965,0.0108,0.0673
CT006160,Zone_10,Zone_07,0.323,0.0431,0.0781,0.0956,0.1211,0.039,0.0256,0.323,0.1965,0.0108,0.0673
CT015337,Zone_08,Zone_02,0.5,0.0,0.5,0.0,0.0,0.1667,0.0,0.1667,0.1667,0.0,0.0
CT003326,Zone_07,Zone_07,0.2786,0.0627,0.0807,0.0945,0.1261,0.0385,0.0471,0.2786,0.203,0.014,0.0549
CT006185,Zone_01,Zone_07,0.2786,0.0627,0.0807,0.0945,0.1261,0.0385,0.0471,0.2786,0.203,0.014,0.0549
CT008840,Zone_08,Zone_02,0.4,0.0,0.4,0.0,0.0,0.0,0.0,0.4,0.2,0.0,0.0
CT012215,Zone_08,Zone_08,0.8,0.0,0.0,0.0,0.2,0.0,0.0,0.0,0.8,0.0,0.0
CT018999,Zone_07,Zone_08,0.4286,0.1429,0.0952,0.1429,0.0476,0.0,0.0,0.1429,0.4286,0.0,0.0
CT005260,Zone_01,Zone_07,0.266,0.0496,0.1064,0.0922,0.1206,0.039,0.0532,0.266,0.2021,0.0035,0.0674
CT018337,Zone_04,Zone_07,0.6111,0.0556,0.0556,0.1111,0.0556,0.0,0.0556,0.6111,0.0556,0.0,0.0
CT011398,Zone_08,Zone_07,0.2786,0.0627,0.0807,0.0945,0.1261,0.0385,0.0471,0.2786,0.203,0.014,0.0549
CT013822,Zone_06,Zone_07,0.3871,0.0571,0.0571,0.0546,0.1191,0.0372,0.0298,0.3871,0.201,0.0099,0.0471
CT012567,Zone_08,Zone_07,0.3125,0.0104,0.0417,0.1146,0.1354,0.0521,0.0208,0.3125,0.2708,0.0208,0.0208
CT018106,Zone_07,Zone_07,0.2786,0.0627,0.0807,0.0945,0.1261,0.0385,0.0471,0.2786,0.203,0.014,0.0549
CT011405,Zone_08,Zone_08,0.2571,0.0707,0.0511,0.0797,0.1564,0.0496,0.0406,0.2256,0.2571,0.012,0.0571
CT015663,Zone_06,Zone_02,0.25,0.125,0.25,0.0,0.25,0.125,0.0,0.25,0.0,0.0,0.0
CT010998,Zone_07,Zone_08,0.2812,0.0536,0.0804,0.1071,0.0848,0.0357,0.067,0.2277,0.2812,0.0,0.0625
CT010466,Zone_07,Zone_07,0.266,0.0496,0.1064,0.0922,0.1206,0.039,0.0532,0.266,0.2021,0.0035,0.0674
CT013578,Zone_10,Zone_07,0.2786,0.0627,0.0807,0.0945,0.1261,0.0385,0.0471,0.2786,0.203,0.014,0.0549
CT006967,Zone_07,Zone_08,0.3696,0.0217,0.0435,0.1087,0.0217,0.0217,0.0652,0.3043,0.3696,0.0217,0.0217
CT010607,Zone_05,Zone_07,0.2706,0.0771,0.0717,0.0986,0.1452,0.0323,0.0305,0.2706,0.19,0.0125,0.0717
CT019366,Zone_07,Zone_07,0.4444,0.0,0.0,0.1111,0.0,0.0,0.0,0.4444,0.2222,0.0,0.2222
CT007464,Zone_06,Zone_08,0.5,0.0,0.1667,0.0,0.1667,0.0,0.0,0.1667,0.5,0.0,0.0
CT006398,Zone_03,Zone_07,0.2969,0.0625,0.1406,0.0469,0.0781,0.0625,0.0469,0.2969,0.1875,0.0,0.0781
CT017277,Zone_10,Zone_07,0.3118,0.0753,0.043,0.1075,0.086,0.0323,0.0323,0.3118,0.2796,0.0215,0.0108
CT018199,Zone_07,Zone_08,0.2821,0.0769,0.1538,0.1795,0.0769,0.0,0.0513,0.1282,0.2821,0.0256,0.0256
CT012748,Zone_04,Zone_07,0.2706,0.0771,0.0717,0.0986,0.1452,0.0323,0.0305,0.2706,0.19,0.0125,0.0717
CT000149,Zone_08,Zone_07,0.2786,0.0627,0.0807,0.0945,0.1261,0.0385,0.0471,0.2786,0.203,0.014,0.0549
CT019626,Zone_02,Zone_07,0.6667,0.0,0.0,0.1667,0.0,0.0,0.1667,0.6667,0.0,0.0,0.0
CT008011,Zone_10,Zone_07,0.2786,0.0627,0.0807,0.0945,0.1261,0.0385,0.0471,0.2786,0.203,0.014,0.0549
CT015467,Zone_07,Zone_06,0.3333,0.0,0.0,0.0,0.1667,0.0,0.3333,0.0,0.3333,0.0,0.1667
CT011287,Zone_10,Zone_07,0.3235,0.0686,0.076,0.076,0.1397,0.0392,0.0343,0.3235,0.1716,0.0196,0.0515
CT007189,Zone_03,Zone_07,0.323,0.0431,0.0781,0.0956,0.1211,0.039,0.0256,0.323,0.1965,0.0108,0.0673
CT010435,Zone_04,Zone_07,0.2786,0.0627,0.0807,0.0945,0.1261,0.0385,0.0471,0.2786,0.203,0.014,0.0549
CT017259,Zone_04,Zone_07,0.2786,0.0627,0.0807,0.0945,0.1261,0.0385,0.0471,0.2786,0.203,0.014,0.0549
CT017613,Zone_04,Zone_07,0.323,0.0431,0.0781,0.0956,0.1211,0.039,0.0256,0.323,0.1965,0.0108,0.0673
CT010625,Zone_08,Zone_08,0.2571,0.0707,0.0511,0.0797,0.1564,0.0496,0.0406,0.2256,0.2571,0.012,0.0571
CT008775,Zone_08,Zone_07,0.2786,0.0627,0.0807,0.0945,0.1261,0.0385,0.0471,0.2786,0.203,0.014,0.0549
CT001153,Zone_03,Zone_07,0.2786,0.0627,0.0807,0.0945,0.1261,0.0385,0.0471,0.2786,0.203,0.014,0.0549
CT018217,Zone_08,Zone_08,0.4667,0.0,0.0667,0.2,0.0,0.0,0.0667,0.0,0.4667,0.0,0.2
CT004556,Zone_07,Zone_08,0.2094,0.0942,0.0942,0.0942,0.1466,0.0681,0.0314,0.1466,0.2094,0.0105,0.1047
CT018715,Zone_07,Zone_08,0.6667,0.0,0.1111,0.1111,0.0,0.0,0.1111,0.0,0.6667,0.0,0.0
CT017330,Zone_03,Zone_07,0.3228,0.0582,0.0741,0.0917,0.1429,0.0247,0.0406,0.3228,0.1817,0.0106,0.0529
CT002345,Zone_08,Zone_07,0.2786,0.0627,0.0807,0.0945,0.1261,0.0385,0.0471,0.2786,0.203,0.014,0.0549
CT002196,Zone_08,Zone_07,0.3871,0.0571,0.0571,0.0546,0.1191,0.0372,0.0298,0.3871,0.201,0.0099,0.0471
CT005233,Zone_08,Zone_07,0.266,0.0496,0.1064,0.0922,0.1206,0.039,0.0532,0.266,0.2021,0.0035,0.0674
CT008826,Zone_07,Zone_03,0.1944,0.0,0.1667,0.1944,0.1111,0.1111,0.0278,0.1944,0.1944,0.0,0.0
CT018546,Zone_07,Zone_08,0.3663,0.0594,0.0792,0.0792,0.0693,0.0693,0.0594,0.0891,0.3663,0.0198,0.1089
CT008726,Zone_06,Zone_04,0.3333,0.0,0.0741,0.1852,0.3333,0.037,0.0,0.037,0.2222,0.0,0.1111
CT001878,Zone_04,Zone_07,0.2786,0.0627,0.0807,0.0945,0.1261,0.0385,0.0471,0.2786,0.203,0.014,0.0549
CT012711,Zone_07,Zone_07,0.3228,0.0582,0.0741,0.0917,0.1429,0.0247,0.0406,0.3228,0.1817,0.0106,0.0529
CT012856,Zone_07,Zone_07,0.3871,0.0571,0.0571,0.0546,0.1191,0.0372,0.0298,0.3871,0.201,0.0099,0.0471
CT012822,Zone_04,Zone_08,1.0,0.0,0.0,0.0,0.0,0.0,0.0,0.0,1.0,0.0,0.0
CT001755,Zone_04,Zone_07,0.3941,0.0632,0.052,0.0595,0.145,0.0372,0.0297,0.3941,0.1375,0.0074,0.0743
CT012615,Zone_03,Zone_07,0.3074,0.0649,0.026,0.1126,0.1472,0.0216,0.039,0.3074,0.1861,0.0087,0.0866
CT012617,Zone_07,Zone_08,0.2571,0.0707,0.0511,0.0797,0.1564,0.0496,0.0406,0.2256,0.2571,0.012,0.0571
CT007347,Zone_04,Zone_07,0.3871,0.0571,0.0571,0.0546,0.1191,0.0372,0.0298,0.3871,0.201,0.0099,0.0471
CT013599,Zone_04,Zone_07,0.3125,0.0104,0.0417,0.1146,0.1354,0.0521,0.0208,0.3125,0.2708,0.0208,0.0208
CT015792,Zone_07,Zone_08,0.268,0.0784,0.0458,0.0719,0.1503,0.0719,0.0196,0.2418,0.268,0.0131,0.0392
CT018839,Zone_02,Zone_07,0.2706,0.0771,0.0717,0.0986,0.1452,0.0323,0.0305,0.2706,0.19,0.0125,0.0717
CT001932,Zone_08,Zone_07,0.3166,0.0452,0.0754,0.0905,0.1055,0.0151,0.0603,0.3166,0.2412,0.005,0.0452
CT001394,Zone_02,Zone_07,0.2786,0.0627,0.0807,0.0945,0.1261,0.0385,0.0471,0.2786,0.203,0.014,0.0549
CT007076,Zone_08,Zone_07,0.3448,0.0172,0.0862,0.1724,0.1724,0.0345,0.0517,0.3448,0.069,0.0345,0.0172
CT016131,Zone_02,Zone_08,0.2571,0.0707,0.0511,0.0797,0.1564,0.0496,0.0406,0.2256,0.2571,0.012,0.0571
CT017687,Zone_04,Zone_07,0.25,0.0625,0.1875,0.125,0.1875,0.0,0.0,0.25,0.125,0.0,0.0625
CT005690,Zone_06,Zone_07,0.4444,0.0,0.0,0.1111,0.0,0.1111,0.0,0.4444,0.1111,0.0,0.2222
CT014108,Zone_01,Zone_07,0.2786,0.0627,0.0807,0.0945,0.1261,0.0385,0.0471,0.2786,0.203,0.014,0.0549
CT013335,Zone_08,Zone_07,0.2786,0.0627,0.0807,0.0945,0.1261,0.0385,0.0471,0.2786,0.203,0.014,0.0549
CT016143,Zone_01,Zone_04,0.3333,0.0,0.0741,0.1852,0.3333,0.037,0.0,0.037,0.2222,0.0,0.1111
CT011875,Zone_07,Zone_07,0.2786,0.0627,0.0807,0.0945,0.1261,0.0385,0.0471,0.2786,0.203,0.014,0.0549
CT015782,Zone_07,Zone_08,0.2727,0.1136,0.0455,0.0682,0.1818,0.0682,0.0,0.1364,0.2727,0.0227,0.0909
CT005171,Zone_08,Zone_07,0.323,0.0431,0.0781,0.0956,0.1211,0.039,0.0256,0.323,0.1965,0.0108,0.0673
CT013015,Zone_04,Zone_07,0.2786,0.0627,0.0807,0.0945,0.1261,0.0385,0.0471,0.2786,0.203,0.014,0.0549
CT009135,Zone_02,Zone_08,0.268,0.0784,0.0458,0.0719,0.1503,0.0719,0.0196,0.2418,0.268,0.0131,0.0392
CT011714,Zone_04,Zone_08,0.3696,0.0217,0.0435,0.1087,0.0217,0.0217,0.0652,0.3043,0.3696,0.0217,0.0217
CT019739,Zone_04,Zone_08,1.0,0.0,0.0,0.0,0.0,0.0,0.0,0.0,1.0,0.0,0.0
CT010826,Zone_08,Zone_01,0.3333,0.3333,0.0,0.1111,0.0,0.0,0.0,0.0,0.2222,0.0,0.3333
CT006293,Zone_06,Zone_07,0.3074,0.0649,0.026,0.1126,0.1472,0.0216,0.039,0.3074,0.1861,0.0087,0.0866
CT017518,Zone_02,Zone_07,0.2706,0.0771,0.0717,0.0986,0.1452,0.0323,0.0305,0.2706,0.19,0.0125,0.0717
CT009029,Zone_02,Zone_07,0.3941,0.0632,0.052,0.0595,0.145,0.0372,0.0297,0.3941,0.1375,0.0074,0.0743
CT007188,Zone_04,Zone_07,0.2706,0.0771,0.0717,0.0986,0.1452,0.0323,0.0305,0.2706,0.19,0.0125,0.0717
CT007876,Zone_03,Zone_07,0.7143,0.0,0.0,0.0,0.2857,0.0,0.0,0.7143,0.0,0.0,0.0
CT004775,Zone_02,Zone_04,0.5714,0.1429,0.0,0.0,0.5714,0.0,0.1429,0.1429,0.0,0.0,0.0
CT009804,Zone_07,Zone_07,0.4627,0.0149,0.0299,0.0746,0.0448,0.0448,0.0299,0.4627,0.194,0.0,0.1045
CT018108,Zone_08,Zone_07,0.3166,0.0452,0.0754,0.0905,0.1055,0.0151,0.0603,0.3166,0.2412,0.005,0.0452
CT005918,Zone_07,Zone_07,0.2786,0.0627,0.0807,0.0945,0.1261,0.0385,0.0471,0.2786,0.203,0.014,0.0549
CT001461,Zone_07,Zone_07,0.2786,0.0627,0.0807,0.0945,0.1261,0.0385,0.0471,0.2786,0.203,0.014,0.0549
CT018162,Zone_07,Zone_07,0.3871,0.0571,0.0571,0.0546,0.1191,0.0372,0.0298,0.3871,0.201,0.0099,0.0471
CT007729,Zone_08,Zone_07,0.3118,0.0753,0.043,0.1075,0.086,0.0323,0.0323,0.3118,0.2796,0.0215,0.0108
CT003401,Zone_02,Zone_07,0.2786,0.0627,0.0807,0.0945,0.1261,0.0385,0.0471,0.2786,0.203,0.014,0.0549
CT002293,Zone_08,Zone_07,0.56,0.04,0.08,0.12,0.08,0.0,0.0,0.56,0.08,0.0,0.04
CT017134,Zone_03,Zone_08,0.3247,0.0909,0.1299,0.0779,0.1169,0.026,0.026,0.1558,0.3247,0.013,0.039
CT015518,Zone_07,Zone_07,0.4595,0.0405,0.0946,0.0541,0.0541,0.0135,0.0541,0.4595,0.1486,0.0135,0.0676
CT007854,Zone_08,Zone_07,0.323,0.0431,0.0781,0.0956,0.1211,0.039,0.0256,0.323,0.1965,0.0108,0.0673
CT019179,Zone_07,Zone_04,0.3333,0.1111,0.0,0.0,0.3333,0.0,0.1111,0.1111,0.1111,0.0,0.2222
CT002430,Zone_07,Zone_07,0.2786,0.0627,0.0807,0.0945,0.1261,0.0385,0.0471,0.2786,0.203,0.014,0.0549
CT001082,Zone_06,Zone_08,0.7857,0.0,0.0,0.0714,0.0714,0.0714,0.0,0.0,0.7857,0.0,0.0
CT010815,Zone_03,Zone_07,0.3235,0.0686,0.076,0.076,0.1397,0.0392,0.0343,0.3235,0.1716,0.0196,0.0515
CT007868,Zone_01,Zone_07,0.3074,0.0649,0.026,0.1126,0.1472,0.0216,0.039,0.3074,0.1861,0.0087,0.0866
CT016836,Zone_08,Zone_03,0.3333,0.1667,0.0,0.3333,0.0,0.0,0.1667,0.1667,0.0,0.0,0.1667
CT011234,Zone_07,Zone_07,0.3247,0.0515,0.0979,0.0773,0.0773,0.0309,0.0155,0.3247,0.2474,0.0052,0.0722
CT014200,Zone_08,Zone_07,0.3228,0.0582,0.0741,0.0917,0.1429,0.0247,0.0406,0.3228,0.1817,0.0106,0.0529
CT016862,Zone_07,Zone_07,0.2706,0.0771,0.0717,0.0986,0.1452,0.0323,0.0305,0.2706,0.19,0.0125,0.0717
CT010787,Zone_08,Zone_07,0.323,0.0431,0.0781,0.0956,0.1211,0.039,0.0256,0.323,0.1965,0.0108,0.0673
CT007485,Zone_04,Zone_07,0.266,0.0496,0.1064,0.0922,0.1206,0.039,0.0532,0.266,0.2021,0.0035,0.0674
CT018266,Zone_08,Zone_07,0.2786,0.0627,0.0807,0.0945,0.1261,0.0385,0.0471,0.2786,0.203,0.014,0.0549
CT004758,Zone_10,Zone_07,0.4762,0.0,0.0952,0.0476,0.0,0.0,0.0,0.4762,0.3333,0.0,0.0476
CT014475,Zone_08,Zone_07,0.2786,0.0627,0.0807,0.0945,0.1261,0.0385,0.0471,0.2786,0.203,0.014,0.0549
CT009818,Zone_02,Zone_02,0.4,0.0,0.4,0.2,0.0,0.0,0.0,0.0,0.4,0.0,0.0
CT005617,Zone_08,Zone_07,0.3228,0.0582,0.0741,0.0917,0.1429,0.0247,0.0406,0.3228,0.1817,0.0106,0.0529
CT006622,Zone_04,Zone_07,0.323,0.0431,0.0781,0.0956,0.1211,0.039,0.0256,0.323,0.1965,0.0108,0.0673
CT017041,Zone_08,Zone_07,0.2786,0.0627,0.0807,0.0945,0.1261,0.0385,0.0471,0.2786,0.203,0.014,0.0549
CT017105,Zone_02,Zone_07,0.3143,0.0643,0.1143,0.05,0.1286,0.0286,0.0643,0.3143,0.2143,0.0071,0.0143
CT000635,Zone_02,Zone_07,0.2786,0.0627,0.0807,0.0945,0.1261,0.0385,0.0471,0.2786,0.203,0.014,0.0549
CT005251,Zone_08,Zone_07,0.3235,0.0686,0.076,0.076,0.1397,0.0392,0.0343,0.3235,0.1716,0.0196,0.0515
CT007167,Zone_07,Zone_07,0.3448,0.0172,0.0862,0.1724,0.1724,0.0345,0.0517,0.3448,0.069,0.0345,0.0172
CT010911,Zone_07,Zone_07,0.3166,0.0452,0.0754,0.0905,0.1055,0.0151,0.0603,0.3166,0.2412,0.005,0.0452
CT003549,Zone_03,Zone_04,0.6667,0.0,0.0,0.0,0.6667,0.0,0.0,0.1667,0.0,0.1667,0.0
CT010893,Zone_07,Zone_08,0.2094,0.0942,0.0942,0.0942,0.1466,0.0681,0.0314,0.1466,0.2094,0.0105,0.1047
CT007509,Zone_08,Zone_07,0.3448,0.0172,0.0862,0.1724,0.1724,0.0345,0.0517,0.3448,0.069,0.0345,0.0172
CT016140,Zone_10,Zone_07,0.2786,0.0627,0.0807,0.0945,0.1261,0.0385,0.0471,0.2786,0.203,0.014,0.0549
CT019596,Zone_07,Zone_07,0.2786,0.0627,0.0807,0.0945,0.1261,0.0385,0.0471,0.2786,0.203,0.014,0.0549
CT000648,Zone_07,Zone_07,0.5,0.0,0.0,0.0,0.0,0.0,0.0,0.5,0.5,0.0,0.0
CT002824,Zone_10,Zone_07,0.2786,0.0627,0.0807,0.0945,0.1261,0.0385,0.0471,0.2786,0.203,0.014,0.0549
CT007843,Zone_02,Zone_07,0.2706,0.0771,0.0717,0.0986,0.1452,0.0323,0.0305,0.2706,0.19,0.0125,0.0717
CT006691,Zone_08,Zone_07,0.2786,0.0627,0.0807,0.0945,0.1261,0.0385,0.0471,0.2786,0.203,0.014,0.0549
CT004302,Zone_08,Zone_07,0.3247,0.0515,0.0979,0.0773,0.0773,0.0309,0.0155,0.3247,0.2474,0.0052,0.0722
CT018783,Zone_01,Zone_07,0.6,0.2,0.2,0.0,0.0,0.0,0.0,0.6,0.0,0.0,0.0
CT007675,Zone_08,Zone_07,0.323,0.0431,0.0781,0.0956,0.1211,0.039,0.0256,0.323,0.1965,0.0108,0.0673
CT015878,Zone_09,Zone_07,0.3235,0.0686,0.076,0.076,0.1397,0.0392,0.0343,0.3235,0.1716,0.0196,0.0515
CT013746,Zone_06,Zone_08,0.5,0.0,0.1667,0.0,0.1667,0.0,0.0,0.1667,0.5,0.0,0.0
CT002016,Zone_07,Zone_08,0.425,0.1,0.075,0.025,0.1,0.0,0.075,0.125,0.425,0.0,0.075
CT010884,Zone_07,Zone_07,0.25,0.0625,0.1875,0.125,0.1875,0.0,0.0,0.25,0.125,0.0,0.0625
CT018354,Zone_08,Zone_07,0.2424,0.0455,0.0758,0.1364,0.1818,0.0758,0.0303,0.2424,0.1061,0.0,0.1061
CT000274,Zone_08,Zone_08,0.4667,0.0,0.0667,0.2,0.0,0.0,0.0667,0.0,0.4667,0.0,0.2
CT000834,Zone_07,Zone_07,0.3235,0.0686,0.076,0.076,0.1397,0.0392,0.0343,0.3235,0.1716,0.0196,0.0515
CT013441,Zone_07,Zone_08,0.381,0.1429,0.0476,0.0476,0.1429,0.0,0.0476,0.0476,0.381,0.0,0.1429
CT008528,Zone_08,Zone_08,0.2424,0.1212,0.0606,0.1818,0.0303,0.0909,0.0,0.1818,0.2424,0.0606,0.0303
CT002089,Zone_08,Zone_07,0.2786,0.0627,0.0807,0.0945,0.1261,0.0385,0.0471,0.2786,0.203,0.014,0.0549
CT017079,Zone_07,Zone_07,0.2786,0.0627,0.0807,0.0945,0.1261,0.0385,0.0471,0.2786,0.203,0.014,0.0549
CT013141,Zone_08,Zone_07,0.375,0.0625,0.0,0.1875,0.0625,0.0,0.0625,0.375,0.0,0.0,0.25
CT015863,Zone_08,Zone_07,0.2706,0.0771,0.0717,0.0986,0.1452,0.0323,0.0305,0.2706,0.19,0.0125,0.0717
CT017405,Zone_04,Zone_07,0.3235,0.0686,0.076,0.076,0.1397,0.0392,0.0343,0.3235,0.1716,0.0196,0.0515
CT000004,Zone_07,Zone_07,0.2786,0.0627,0.0807,0.0945,0.1261,0.0385,0.0471,0.2786,0.203,0.014,0.0549
CT014671,Zone_08,Zone_01,0.2632,0.2632,0.0526,0.1053,0.0,0.0,0.1053,0.1053,0.2105,0.0,0.1579
CT018080,Zone_10,Zone_07,0.1667,0.0833,0.1111,0.0833,0.1389,0.1111,0.0556,0.1667,0.0833,0.0,0.1667
CT008997,Zone_07,Zone_08,0.2094,0.0942,0.0942,0.0942,0.1466,0.0681,0.0314,0.1466,0.2094,0.0105,0.1047
CT009484,Zone_07,Zone_07,0.2786,0.0627,0.0807,0.0945,0.1261,0.0385,0.0471,0.2786,0.203,0.014,0.0549
CT007594,Zone_07,Zone_07,0.2786,0.0627,0.0807,0.0945,0.1261,0.0385,0.0471,0.2786,0.203,0.014,0.0549
CT001946,Zone_06,Zone_07,0.375,0.125,0.0,0.125,0.25,0.125,0.0,0.375,0.0,0.0,0.0
CT003677,Zone_04,Zone_04,0.5714,0.0,0.0,0.1429,0.5714,0.0,0.0,0.1429,0.0,0.0,0.1429
CT013781,Zone_05,Zone_07,0.2786,0.0627,0.0807,0.0945,0.1261,0.0385,0.0471,0.2786,0.203,0.014,0.0549
CT011573,Zone_04,Zone_07,0.2353,0.1765,0.1765,0.0588,0.1765,0.1176,0.0,0.2353,0.0588,0.0,0.0
CT006946,Zone_07,Zone_07,0.2786,0.0627,0.0807,0.0945,0.1261,0.0385,0.0471,0.2786,0.203,0.014,0.0549
CT016590,Zone_07,Zone_08,0.2727,0.1136,0.0455,0.0682,0.1818,0.0682,0.0,0.1364,0.2727,0.0227,0.0909
CT000519,Zone_02,Zone_07,0.3235,0.0686,0.076,0.076,0.1397,0.0392,0.0343,0.3235,0.1716,0.0196,0.0515
CT009197,Zone_07,Zone_08,0.5333,0.0,0.0,0.1333,0.0,0.0667,0.1333,0.1333,0.5333,0.0,0.0
CT018275,Zone_04,Zone_08,0.2571,0.0707,0.0511,0.0797,0.1564,0.0496,0.0406,0.2256,0.2571,0.012,0.0571
CT003564,Zone_01,Zone_07,0.4286,0.0571,0.0857,0.1429,0.1143,0.0857,0.0571,0.4286,0.0286,0.0,0.0
CT016333,Zone_10,Zone_07,0.5,0.0556,0.0,0.0,0.0,0.0556,0.0556,0.5,0.2222,0.0,0.1111
CT007045,Zone_10,Zone_03,0.4,0.0,0.0,0.4,0.0,0.2,0.2,0.2,0.0,0.0,0.0
CT016462,Zone_06,Zone_08,0.2571,0.0707,0.0511,0.0797,0.1564,0.0496,0.0406,0.2256,0.2571,0.012,0.0571
CT000365,Zone_07,Zone_07,0.2786,0.0627,0.0807,0.0945,0.1261,0.0385,0.0471,0.2786,0.203,0.014,0.0549
CT000499,Zone_05,Zone_07,0.323,0.0431,0.0781,0.0956,0.1211,0.039,0.0256,0.323,0.1965,0.0108,0.0673
CT009009,Zone_07,Zone_08,0.268,0.0784,0.0458,0.0719,0.1503,0.0719,0.0196,0.2418,0.268,0.0131,0.0392
CT000798,Zone_03,Zone_08,0.2571,0.0707,0.0511,0.0797,0.1564,0.0496,0.0406,0.2256,0.2571,0.012,0.0571
CT006957,Zone_04,Zone_08,0.381,0.0952,0.0159,0.0159,0.127,0.0794,0.0635,0.2063,0.381,0.0,0.0159
CT014209,Zone_02,Zone_07,0.323,0.0431,0.0781,0.0956,0.1211,0.039,0.0256,0.323,0.1965,0.0108,0.0673
CT016579,Zone_08,Zone_07,0.2786,0.0627,0.0807,0.0945,0.1261,0.0385,0.0471,0.2786,0.203,0.014,0.0549
CT018620,Zone_07,Zone_03,0.4,0.0,0.0,0.4,0.0,0.2,0.0,0.4,0.0,0.0,0.0
CT005821,Zone_07,Zone_04,0.6667,0.0,0.0,0.0,0.6667,0.0,0.0,0.3333,0.0,0.0,0.0
CT019570,Zone_07,Zone_07,0.2786,0.0627,0.0807,0.0945,0.1261,0.0385,0.0471,0.2786,0.203,0.014,0.0549
CT011046,Zone_07,Zone_07,0.266,0.0496,0.1064,0.0922,0.1206,0.039,0.0532,0.266,0.2021,0.0035,0.0674
CT003683,Zone_08,Zone_07,0.625,0.0,0.0,0.0,0.0,0.0,0.25,0.625,0.0,0.0,0.125
CT010246,Zone_07,Zone_07,0.2786,0.0627,0.0807,0.0945,0.1261,0.0385,0.0471,0.2786,0.203,0.014,0.0549
CT002626,Zone_08,Zone_07,0.2786,0.0627,0.0807,0.0945,0.1261,0.0385,0.0471,0.2786,0.203,0.014,0.0549
CT019623,Zone_07,Zone_07,0.2786,0.0627,0.0807,0.0945,0.1261,0.0385,0.0471,0.2786,0.203,0.014,0.0549
CT007707,Zone_01,Zone_08,0.4375,0.0312,0.0625,0.0,0.25,0.0,0.0312,0.125,0.4375,0.0312,0.0312
CT000189,Zone_07,Zone_07,0.3143,0.0643,0.1143,0.05,0.1286,0.0286,0.0643,0.3143,0.2143,0.0071,0.0143
CT009907,Zone_07,Zone_08,0.2571,0.0707,0.0511,0.0797,0.1564,0.0496,0.0406,0.2256,0.2571,0.012,0.0571
CT018674,Zone_07,Zone_07,0.2424,0.0455,0.0758,0.1364,0.1818,0.0758,0.0303,0.2424,0.1061,0.0,0.1061
CT006724,Zone_03,Zone_07,0.2786,0.0627,0.0807,0.0945,0.1261,0.0385,0.0471,0.2786,0.203,0.014,0.0549
CT010070,Zone_03,Zone_07,0.2786,0.0627,0.0807,0.0945,0.1261,0.0385,0.0471,0.2786,0.203,0.014,0.0549
CT004690,Zone_08,Zone_08,0.4286,0.0,0.1429,0.0,0.0,0.0,0.0,0.2857,0.4286,0.0,0.1429
CT002272,Zone_07,Zone_07,0.2786,0.0627,0.0807,0.0945,0.1261,0.0385,0.0471,0.2786,0.203,0.014,0.0549
CT002305,Zone_08,Zone_07,0.3404,0.0638,0.1489,0.0638,0.1702,0.0,0.0,0.3404,0.1915,0.0,0.0213
CT011995,Zone_03,Zone_07,0.2786,0.0627,0.0807,0.0945,0.1261,0.0385,0.0471,0.2786,0.203,0.014,0.0549
CT011390,Zone_04,Zone_07,0.4286,0.1429,0.0,0.0,0.2857,0.0,0.0,0.4286,0.1429,0.0,0.0
CT011887,Zone_10,Zone_07,0.266,0.0496,0.1064,0.0922,0.1206,0.039,0.0532,0.266,0.2021,0.0035,0.0674
CT019356,Zone_02,Zone_07,0.1667,0.0833,0.1111,0.0833,0.1389,0.1111,0.0556,0.1667,0.0833,0.0,0.1667
CT012603,Zone_06,Zone_07,0.4627,0.0149,0.0299,0.0746,0.0448,0.0448,0.0299,0.4627,0.194,0.0,0.1045
CT009591,Zone_08,Zone_07,0.2969,0.0625,0.1406,0.0469,0.0781,0.0625,0.0469,0.2969,0.1875,0.0,0.0781
CT009766,Zone_08,Zone_08,0.5,0.0,0.1667,0.0,0.0,0.1667,0.0,0.1667,0.5,0.0,0.0
CT005435,Zone_08,Zone_07,0.3333,0.0833,0.0417,0.1042,0.0208,0.0208,0.0208,0.3333,0.25,0.0417,0.0833
CT010919,Zone_07,Zone_08,0.2571,0.0707,0.0511,0.0797,0.1564,0.0496,0.0406,0.2256,0.2571,0.012,0.0571
CT004113,Zone_07,Zone_07,0.3118,0.0753,0.043,0.1075,0.086,0.0323,0.0323,0.3118,0.2796,0.0215,0.0108
CT018095,Zone_08,Zone_07,0.2786,0.0627,0.0807,0.0945,0.1261,0.0385,0.0471,0.2786,0.203,0.014,0.0549
CT002637,Zone_08,Zone_01,0.5,0.5,0.0,0.0,0.0,0.1667,0.0,0.3333,0.0,0.0,0.0
CT012005,Zone_01,Zone_08,0.3281,0.0391,0.0391,0.1641,0.1406,0.0312,0.0547,0.1016,0.3281,0.0078,0.0938
CT019006,Zone_07,Zone_08,0.381,0.0952,0.0159,0.0159,0.127,0.0794,0.0635,0.2063,0.381,0.0,0.0159
CT006257,Zone_07,Zone_07,0.3235,0.0686,0.076,0.076,0.1397,0.0392,0.0343,0.3235,0.1716,0.0196,0.0515
CT008235,Zone_06,Zone_07,0.5,0.1667,0.0,0.3333,0.0,0.0,0.0,0.5,0.0,0.0,0.0
CT000025,Zone_07,Zone_07,0.2786,0.0627,0.0807,0.0945,0.1261,0.0385,0.0471,0.2786,0.203,0.014,0.0549
CT005515,Zone_03,Zone_07,0.323,0.0431,0.0781,0.0956,0.1211,0.039,0.0256,0.323,0.1965,0.0108,0.0673
CT009726,Zone_07,Zone_07,0.56,0.04,0.08,0.12,0.08,0.0,0.0,0.56,0.08,0.0,0.04
CT004619,Zone_08,Zone_07,0.2786,0.0627,0.0807,0.0945,0.1261,0.0385,0.0471,0.2786,0.203,0.014,0.0549
CT019146,Zone_07,Zone_07,0.2786,0.0627,0.0807,0.0945,0.1261,0.0385,0.0471,0.2786,0.203,0.014,0.0549
CT013218,Zone_08,Zone_08,0.3247,0.0909,0.1299,0.0779,0.1169,0.026,0.026,0.1558,0.3247,0.013,0.039
CT014216,Zone_04,Zone_07,0.2786,0.0627,0.0807,0.0945,0.1261,0.0385,0.0471,0.2786,0.203,0.014,0.0549
CT016420,Zone_03,Zone_07,0.3235,0.0686,0.076,0.076,0.1397,0.0392,0.0343,0.3235,0.1716,0.0196,0.0515
CT011718,Zone_07,Zone_07,0.2786,0.0627,0.0807,0.0945,0.1261,0.0385,0.0471,0.2786,0.203,0.014,0.0549
CT000591,Zone_06,Zone_07,0.2786,0.0627,0.0807,0.0945,0.1261,0.0385,0.0471,0.2786,0.203,0.014,0.0549
CT008071,Zone_08,Zone_07,0.3478,0.1522,0.0652,0.1522,0.1304,0.0217,0.0217,0.3478,0.1087,0.0,0.0
CT002806,Zone_04,Zone_07,0.2786,0.0627,0.0807,0.0945,0.1261,0.0385,0.0471,0.2786,0.203,0.014,0.0549
CT000931,Zone_04,Zone_07,0.3404,0.0638,0.1489,0.0638,0.1702,0.0,0.0,0.3404,0.1915,0.0,0.0213
CT013397,Zone_03,Zone_08,0.2571,0.0707,0.0511,0.0797,0.1564,0.0496,0.0406,0.2256,0.2571,0.012,0.0571
CT005631,Zone_08,Zone_04,0.4,0.2,0.2,0.2,0.4,0.0,0.0,0.0,0.0,0.0,0.0
CT012910,Zone_02,Zone_08,0.2094,0.0942,0.0942,0.0942,0.1466,0.0681,0.0314,0.1466,0.2094,0.0105,0.1047
CT018976,Zone_01,Zone_08,0.7692,0.0,0.0,0.0,0.0,0.0,0.0,0.2308,0.7692,0.0,0.0
CT004129,Zone_07,Zone_07,0.323,0.0431,0.0781,0.0956,0.1211,0.039,0.0256,0.323,0.1965,0.0108,0.0673
CT005755,Zone_03,Zone_08,0.3571,0.0,0.0,0.0,0.0714,0.0,0.2143,0.2143,0.3571,0.0,0.1429
CT004958,Zone_04,Zone_07,0.2786,0.0627,0.0807,0.0945,0.1261,0.0385,0.0471,0.2786,0.203,0.014,0.0549
CT008801,Zone_01,Zone_07,0.2786,0.0627,0.0807,0.0945,0.1261,0.0385,0.0471,0.2786,0.203,0.014,0.0549
CT006079,Zone_02,Zone_07,0.323,0.0431,0.0781,0.0956,0.1211,0.039,0.0256,0.323,0.1965,0.0108,0.0673
CT003383,Zone_06,Zone_07,0.2786,0.0627,0.0807,0.0945,0.1261,0.0385,0.0471,0.2786,0.203,0.014,0.0549
CT007680,Zone_10,Zone_07,0.2786,0.0627,0.0807,0.0945,0.1261,0.0385,0.0471,0.2786,0.203,0.014,0.0549
CT014583,Zone_08,Zone_07,0.56,0.04,0.08,0.12,0.08,0.0,0.0,0.56,0.08,0.0,0.04
CT005670,Zone_07,Zone_07,0.266,0.0496,0.1064,0.0922,0.1206,0.039,0.0532,0.266,0.2021,0.0035,0.0674
CT013563,Zone_07,Zone_08,0.4375,0.0312,0.0625,0.0,0.25,0.0,0.0312,0.125,0.4375,0.0312,0.0312
CT001019,Zone_02,Zone_07,0.323,0.0431,0.0781,0.0956,0.1211,0.039,0.0256,0.323,0.1965,0.0108,0.0673
CT018403,Zone_03,Zone_07,0.2786,0.0627,0.0807,0.0945,0.1261,0.0385,0.0471,0.2786,0.203,0.014,0.0549
CT007661,Zone_08,Zone_07,0.3118,0.0753,0.043,0.1075,0.086,0.0323,0.0323,0.3118,0.2796,0.0215,0.0108
CT008984,Zone_07,Zone_07,0.2706,0.0771,0.0717,0.0986,0.1452,0.0323,0.0305,0.2706,0.19,0.0125,0.0717
CT018657,Zone_07,Zone_07,0.2786,0.0627,0.0807,0.0945,0.1261,0.0385,0.0471,0.2786,0.203,0.014,0.0549
CT000665,Zone_04,Zone_07,0.3871,0.0571,0.0571,0.0546,0.1191,0.0372,0.0298,0.3871,0.201,0.0099,0.0471
CT017846,Zone_05,Zone_07,0.323,0.0431,0.0781,0.0956,0.1211,0.039,0.0256,0.323,0.1965,0.0108,0.0673
CT017237,Zone_07,Zone_08,0.3455,0.0364,0.0364,0.0364,0.2727,0.0364,0.0545,0.1455,0.3455,0.0,0.0364
CT011357,Zone_07,Zone_07,0.3206,0.1221,0.084,0.0916,0.1374,0.0305,0.0153,0.3206,0.1298,0.0,0.0687
CT000379,Zone_05,Zone_08,0.2424,0.1212,0.0606,0.1818,0.0303,0.0909,0.0,0.1818,0.2424,0.0606,0.0303
CT002307,Zone_07,Zone_07,0.2786,0.0627,0.0807,0.0945,0.1261,0.0385,0.0471,0.2786,0.203,0.014,0.0549
CT004135,Zone_08,Zone_02,0.2857,0.0,0.2857,0.0,0.2857,0.0,0.1429,0.0,0.1429,0.0,0.1429
CT019063,Zone_08,Zone_07,0.5714,0.0,0.0,0.0,0.0,0.0,0.1429,0.5714,0.2857,0.0,0.0
CT008770,Zone_02,Zone_07,0.2786,0.0627,0.0807,0.0945,0.1261,0.0385,0.0471,0.2786,0.203,0.014,0.0549
CT005241,Zone_03,Zone_07,0.2786,0.0627,0.0807,0.0945,0.1261,0.0385,0.0471,0.2786,0.203,0.014,0.0549
CT002748,Zone_01,Zone_07,0.2941,0.0471,0.0471,0.0706,0.1647,0.0471,0.0471,0.2941,0.2706,0.0,0.0118
CT004977,Zone_08,Zone_08,0.2094,0.0942,0.0942,0.0942,0.1466,0.0681,0.0314,0.1466,0.2094,0.0105,0.1047
CT008815,Zone_10,Zone_08,0.6,0.0,0.0,0.0,0.0,0.0,0.0,0.4,0.6,0.0,0.0
CT001128,Zone_07,Zone_08,0.381,0.1429,0.0476,0.0476,0.1429,0.0,0.0476,0.0476,0.381,0.0,0.1429
CT009576,Zone_07,Zone_07,0.2786,0.0627,0.0807,0.0945,0.1261,0.0385,0.0471,0.2786,0.203,0.014,0.0549
CT006437,Zone_07,Zone_07,0.323,0.0431,0.0781,0.0956,0.1211,0.039,0.0256,0.323,0.1965,0.0108,0.0673
CT001857,Zone_01,Zone_07,0.3871,0.0571,0.0571,0.0546,0.1191,0.0372,0.0298,0.3871,0.201,0.0099,0.0471
CT007761,Zone_04,Zone_07,0.3941,0.0632,0.052,0.0595,0.145,0.0372,0.0297,0.3941,0.1375,0.0074,0.0743
CT015381,Zone_04,Zone_07,0.323,0.0431,0.0781,0.0956,0.1211,0.039,0.0256,0.323,0.1965,0.0108,0.0673
CT006330,Zone_04,Zone_10,0.3333,0.2222,0.0,0.0,0.0,0.0,0.1111,0.1111,0.2222,0.0,0.3333
CT011642,Zone_02,Zone_01,0.25,0.25,0.125,0.0,0.25,0.0,0.125,0.125,0.0,0.0,0.125
CT012271,Zone_07,Zone_07,0.3871,0.0571,0.0571,0.0546,0.1191,0.0372,0.0298,0.3871,0.201,0.0099,0.0471
CT009477,Zone_07,Zone_07,0.266,0.0496,0.1064,0.0922,0.1206,0.039,0.0532,0.266,0.2021,0.0035,0.0674
CT000799,Zone_08,Zone_08,0.4286,0.1429,0.0952,0.1429,0.0476,0.0,0.0,0.1429,0.4286,0.0,0.0
CT015249,Zone_08,Zone_08,0.1887,0.1132,0.1132,0.0566,0.0566,0.1132,0.0755,0.1698,0.1887,0.0189,0.0943
CT012845,Zone_01,Zone_07,0.4595,0.0405,0.0946,0.0541,0.0541,0.0135,0.0541,0.4595,0.1486,0.0135,0.0676
CT015761,Zone_04,Zone_04,0.4,0.0,0.0,0.2,0.4,0.0,0.2,0.2,0.0,0.0,0.0
CT006996,Zone_07,Zone_07,0.3871,0.0571,0.0571,0.0546,0.1191,0.0372,0.0298,0.3871,0.201,0.0099,0.0471
CT017459,Zone_07,Zone_07,0.3247,0.0515,0.0979,0.0773,0.0773,0.0309,0.0155,0.3247,0.2474,0.0052,0.0722
CT001393,Zone_03,Zone_07,0.2786,0.0627,0.0807,0.0945,0.1261,0.0385,0.0471,0.2786,0.203,0.014,0.0549
CT001828,Zone_08,Zone_07,0.2786,0.0627,0.0807,0.0945,0.1261,0.0385,0.0471,0.2786,0.203,0.014,0.0549
CT005058,Zone_07,Zone_06,0.6,0.0,0.0,0.2,0.0,0.0,0.6,0.2,0.0,0.0,0.0
CT015957,Zone_08,Zone_07,0.2969,0.0625,0.1406,0.0469,0.0781,0.0625,0.0469,0.2969,0.1875,0.0,0.0781
CT009099,Zone_07,Zone_07,0.2786,0.0627,0.0807,0.0945,0.1261,0.0385,0.0471,0.2786,0.203,0.014,0.0549
CT004677,Zone_03,Zone_07,0.2786,0.0627,0.0807,0.0945,0.1261,0.0385,0.0471,0.2786,0.203,0.014,0.0549
CT000021,Zone_07,Zone_07,0.3941,0.0632,0.052,0.0595,0.145,0.0372,0.0297,0.3941,0.1375,0.0074,0.0743
CT002026,Zone_05,Zone_04,0.3636,0.1136,0.1591,0.0909,0.3636,0.0,0.0909,0.0682,0.0455,0.0455,0.0227
CT011921,Zone_07,Zone_08,0.3663,0.0594,0.0792,0.0792,0.0693,0.0693,0.0594,0.0891,0.3663,0.0198,0.1089
CT009727,Zone_04,Zone_08,0.2571,0.0707,0.0511,0.0797,0.1564,0.0496,0.0406,0.2256,0.2571,0.012,0.0571
CT002738,Zone_07,Zone_07,0.2786,0.0627,0.0807,0.0945,0.1261,0.0385,0.0471,0.2786,0.203,0.014,0.0549
CT003420,Zone_07,Zone_07,0.625,0.0,0.0,0.0,0.25,0.125,0.0,0.625,0.0,0.0,0.0
CT011022,Zone_10,Zone_07,0.4286,0.0571,0.0857,0.1429,0.1143,0.0857,0.0571,0.4286,0.0286,0.0,0.0
CT014142,Zone_01,Zone_08,0.2571,0.0707,0.0511,0.0797,0.1564,0.0496,0.0406,0.2256,0.2571,0.012,0.0571
CT003589,Zone_07,Zone_07,0.3228,0.0582,0.0741,0.0917,0.1429,0.0247,0.0406,0.3228,0.1817,0.0106,0.0529
CT004278,Zone_07,Zone_07,0.2083,0.0417,0.125,0.0833,0.0833,0.0,0.1667,0.2083,0.2083,0.0417,0.0417
CT009746,Zone_07,Zone_08,0.2812,0.0536,0.0804,0.1071,0.0848,0.0357,0.067,0.2277,0.2812,0.0,0.0625
CT017231,Zone_01,Zone_07,0.8889,0.1111,0.0,0.0,0.0,0.0,0.0,0.8889,0.0,0.0,0.0
CT017411,Zone_08,Zone_08,0.4909,0.0545,0.0727,0.0364,0.0727,0.0,0.0364,0.1091,0.4909,0.0,0.1273
CT011842,Zone_07,Zone_07,0.2786,0.0627,0.0807,0.0945,0.1261,0.0385,0.0471,0.2786,0.203,0.014,0.0549
CT019969,Zone_08,Zone_07,0.3941,0.0632,0.052,0.0595,0.145,0.0372,0.0297,0.3941,0.1375,0.0074,0.0743
CT009145,Zone_02,Zone_03,0.1944,0.0,0.1667,0.1944,0.1111,0.1111,0.0278,0.1944,0.1944,0.0,0.0
CT005106,Zone_08,Zone_04,0.2651,0.0602,0.0361,0.1205,0.2651,0.0241,0.0,0.241,0.2169,0.0,0.0361
CT019795,Zone_07,Zone_07,0.3871,0.0571,0.0571,0.0546,0.1191,0.0372,0.0298,0.3871,0.201,0.0099,0.0471
CT004216,Zone_01,Zone_07,0.2786,0.0627,0.0807,0.0945,0.1261,0.0385,0.0471,0.2786,0.203,0.014,0.0549
CT017712,Zone_08,Zone_08,0.4667,0.0,0.0667,0.2,0.0,0.0,0.0667,0.0,0.4667,0.0,0.2
CT015870,Zone_06,Zone_07,0.2786,0.0627,0.0807,0.0945,0.1261,0.0385,0.0471,0.2786,0.203,0.014,0.0549
CT007470,Zone_08,Zone_08,0.4444,0.1111,0.0,0.0,0.2222,0.0,0.0,0.2222,0.4444,0.0,0.0
CT012989,Zone_08,Zone_07,0.2969,0.0625,0.1406,0.0469,0.0781,0.0625,0.0469,0.2969,0.1875,0.0,0.0781
CT000228,Zone_08,Zone_08,0.5714,0.0,0.4286,0.0,0.0,0.0,0.0,0.0,0.5714,0.0,0.0
CT007027,Zone_08,Zone_07,0.2083,0.0417,0.125,0.0833,0.0833,0.0,0.1667,0.2083,0.2083,0.0417,0.0417
CT009902,Zone_01,Zone_08,0.3636,0.0,0.0909,0.1818,0.0909,0.0455,0.0455,0.1364,0.3636,0.0,0.0455
CT004096,Zone_04,Zone_07,0.3871,0.0571,0.0571,0.0546,0.1191,0.0372,0.0298,0.3871,0.201,0.0099,0.0471
CT015712,Zone_08,Zone_02,0.5,0.0,0.5,0.0,0.0,0.0,0.0,0.0,0.5,0.0,0.0
CT001364,Zone_02,Zone_07,0.2941,0.0294,0.1078,0.098,0.0588,0.0392,0.0098,0.2941,0.2353,0.0196,0.1078
CT019900,Zone_04,Zone_01,0.3333,0.3333,0.0,0.1111,0.0,0.0,0.0,0.0,0.2222,0.0,0.3333
CT015903,Zone_07,Zone_07,0.266,0.0496,0.1064,0.0922,0.1206,0.039,0.0532,0.266,0.2021,0.0035,0.0674
CT015359,Zone_08,Zone_07,0.2786,0.0627,0.0807,0.0945,0.1261,0.0385,0.0471,0.2786,0.203,0.014,0.0549
CT013499,Zone_03,Zone_02,0.4,0.0,0.4,0.0,0.2,0.0,0.0,0.4,0.0,0.0,0.0
CT009730,Zone_10,Zone_07,0.323,0.0431,0.0781,0.0956,0.1211,0.039,0.0256,0.323,0.1965,0.0108,0.0673
CT003894,Zone_08,Zone_07,0.2786,0.0627,0.0807,0.0945,0.1261,0.0385,0.0471,0.2786,0.203,0.014,0.0549
CT004141,Zone_05,Zone_07,0.6667,0.0,0.0,0.1111,0.2222,0.0,0.0,0.6667,0.0,0.0,0.0
CT002903,Zone_03,Zone_07,0.2786,0.0627,0.0807,0.0945,0.1261,0.0385,0.0471,0.2786,0.203,0.014,0.0549
CT017997,Zone_07,Zone_07,0.3235,0.0686,0.076,0.076,0.1397,0.0392,0.0343,0.3235,0.1716,0.0196,0.0515
CT004277,Zone_08,Zone_08,0.5,0.0,0.0,0.0,0.0,0.0,0.0,0.0,0.5,0.0,0.5
CT004384,Zone_08,Zone_08,0.381,0.1429,0.0476,0.0476,0.1429,0.0,0.0476,0.0476,0.381,0.0,0.1429
CT009218,Zone_09,Zone_08,0.2222,0.0556,0.0556,0.0778,0.1111,0.0778,0.1444,0.2111,0.2222,0.0111,0.0333
CT013044,Zone_08,Zone_03,0.4444,0.0,0.1111,0.4444,0.1111,0.1111,0.0,0.0,0.2222,0.0,0.0
CT011960,Zone_01,Zone_07,0.2706,0.0771,0.0717,0.0986,0.1452,0.0323,0.0305,0.2706,0.19,0.0125,0.0717
CT002194,Zone_02,Zone_07,0.2786,0.0627,0.0807,0.0945,0.1261,0.0385,0.0471,0.2786,0.203,0.014,0.0549
CT009704,Zone_04,Zone_08,0.2812,0.0536,0.0804,0.1071,0.0848,0.0357,0.067,0.2277,0.2812,0.0,0.0625
CT015082,Zone_07,Zone_07,0.2786,0.0627,0.0807,0.0945,0.1261,0.0385,0.0471,0.2786,0.203,0.014,0.0549
CT008292,Zone_10,Zone_07,0.3228,0.0582,0.0741,0.0917,0.1429,0.0247,0.0406,0.3228,0.1817,0.0106,0.0529
CT001245,Zone_04,Zone_10,0.3333,0.2222,0.0,0.0,0.0,0.0,0.1111,0.1111,0.2222,0.0,0.3333
CT013982,Zone_04,Zone_08,0.2571,0.0707,0.0511,0.0797,0.1564,0.0496,0.0406,0.2256,0.2571,0.012,0.0571
CT005004,Zone_03,Zone_07,0.3085,0.0638,0.1383,0.0532,0.0745,0.0426,0.0426,0.3085,0.234,0.0,0.0426
CT019674,Zone_01,Zone_08,0.2812,0.0536,0.0804,0.1071,0.0848,0.0357,0.067,0.2277,0.2812,0.0,0.0625
CT019876,Zone_07,Zone_04,0.5,0.0,0.0,0.0,0.5,0.0,0.0,0.0,0.3333,0.1667,0.0
CT010238,Zone_01,Zone_08,0.5714,0.0,0.0,0.1429,0.2857,0.0,0.0,0.0,0.5714,0.0,0.0
CT015704,Zone_07,Zone_04,0.3333,0.1667,0.1667,0.0,0.3333,0.0,0.1667,0.0,0.1667,0.0,0.0
CT005710,Zone_07,Zone_07,0.3228,0.0582,0.0741,0.0917,0.1429,0.0247,0.0406,0.3228,0.1817,0.0106,0.0529
CT016476,Zone_07,Zone_07,0.2786,0.0627,0.0807,0.0945,0.1261,0.0385,0.0471,0.2786,0.203,0.014,0.0549
CT012045,Zone_03,Zone_07,0.2786,0.0627,0.0807,0.0945,0.1261,0.0385,0.0471,0.2786,0.203,0.014,0.0549
CT012895,Zone_08,Zone_08,0.2812,0.0536,0.0804,0.1071,0.0848,0.0357,0.067,0.2277,0.2812,0.0,0.0625
CT002675,Zone_08,Zone_07,0.2786,0.0627,0.0807,0.0945,0.1261,0.0385,0.0471,0.2786,0.203,0.014,0.0549
CT007639,Zone_07,Zone_07,0.2706,0.0771,0.0717,0.0986,0.1452,0.0323,0.0305,0.2706,0.19,0.0125,0.0717
CT019239,Zone_08,Zone_07,0.2786,0.0627,0.0807,0.0945,0.1261,0.0385,0.0471,0.2786,0.203,0.014,0.0549
CT006209,Zone_02,Zone_08,0.2812,0.0536,0.0804,0.1071,0.0848,0.0357,0.067,0.2277,0.2812,0.0,0.0625
CT000590,Zone_02,Zone_07,0.2786,0.0627,0.0807,0.0945,0.1261,0.0385,0.0471,0.2786,0.203,0.014,0.0549
CT001810,Zone_03,Zone_07,0.3478,0.1522,0.0652,0.1522,0.1304,0.0217,0.0217,0.3478,0.1087,0.0,0.0
CT004647,Zone_06,Zone_07,0.2786,0.0627,0.0807,0.0945,0.1261,0.0385,0.0471,0.2786,0.203,0.014,0.0549
CT012618,Zone_08,Zone_07,0.2786,0.0627,0.0807,0.0945,0.1261,0.0385,0.0471,0.2786,0.203,0.014,0.0549
CT018307,Zone_08,Zone_07,0.3125,0.0104,0.0417,0.1146,0.1354,0.0521,0.0208,0.3125,0.2708,0.0208,0.0208
CT002544,Zone_04,Zone_08,1.0,0.0,0.0,0.0,0.0,0.0,0.0,0.0,1.0,0.0,0.0
CT017760,Zone_02,Zone_07,0.3143,0.0643,0.1143,0.05,0.1286,0.0286,0.0643,0.3143,0.2143,0.0071,0.0143
CT007426,Zone_01,Zone_07,0.323,0.0431,0.0781,0.0956,0.1211,0.039,0.0256,0.323,0.1965,0.0108,0.0673
CT019264,Zone_04,Zone_08,0.1887,0.1132,0.1132,0.0566,0.0566,0.1132,0.0755,0.1698,0.1887,0.0189,0.0943
CT016988,Zone_08,Zone_04,0.3636,0.1136,0.1591,0.0909,0.3636,0.0,0.0909,0.0682,0.0455,0.0455,0.0227
CT018076,Zone_07,Zone_07,0.2786,0.0627,0.0807,0.0945,0.1261,0.0385,0.0471,0.2786,0.203,0.014,0.0549
CT017096,Zone_07,Zone_07,0.2786,0.0627,0.0807,0.0945,0.1261,0.0385,0.0471,0.2786,0.203,0.014,0.0549
CT010558,Zone_02,Zone_04,0.4286,0.1429,0.0,0.1429,0.4286,0.0,0.0,0.2857,0.0,0.0,0.0
CT015796,Zone_08,Zone_07,0.2786,0.0627,0.0807,0.0945,0.1261,0.0385,0.0471,0.2786,0.203,0.014,0.0549
CT000996,Zone_08,Zone_08,0.3663,0.0594,0.0792,0.0792,0.0693,0.0693,0.0594,0.0891,0.3663,0.0198,0.1089
CT011879,Zone_02,Zone_07,0.2969,0.0625,0.1406,0.0469,0.0781,0.0625,0.0469,0.2969,0.1875,0.0,0.0781
CT016183,Zone_08,Zone_07,0.2786,0.0627,0.0807,0.0945,0.1261,0.0385,0.0471,0.2786,0.203,0.014,0.0549
CT007023,Zone_04,Zone_07,0.2424,0.0455,0.0758,0.1364,0.1818,0.0758,0.0303,0.2424,0.1061,0.0,0.1061
CT011691,Zone_01,Zone_08,0.2917,0.0833,0.0,0.0833,0.125,0.2083,0.0,0.125,0.2917,0.0,0.0833
CT007275,Zone_08,Zone_04,0.2651,0.0602,0.0361,0.1205,0.2651,0.0241,0.0,0.241,0.2169,0.0,0.0361
CT010506,Zone_07,Zone_07,0.3228,0.0582,0.0741,0.0917,0.1429,0.0247,0.0406,0.3228,0.1817,0.0106,0.0529
CT013162,Zone_01,Zone_07,0.2786,0.0627,0.0807,0.0945,0.1261,0.0385,0.0471,0.2786,0.203,0.014,0.0549
CT000263,Zone_04,Zone_07,0.6,0.0,0.0,0.2,0.0,0.0,0.0,0.6,0.2,0.0,0.0
CT013020,Zone_01,Zone_07,0.4286,0.0571,0.0857,0.1429,0.1143,0.0857,0.0571,0.4286,0.0286,0.0,0.0
CT003622,Zone_04,Zone_08,0.3696,0.0217,0.0435,0.1087,0.0217,0.0217,0.0652,0.3043,0.3696,0.0217,0.0217
CT013210,Zone_06,Zone_07,0.2706,0.0771,0.0717,0.0986,0.1452,0.0323,0.0305,0.2706,0.19,0.0125,0.0717
CT013667,Zone_08,Zone_04,0.3333,0.1667,0.1667,0.0,0.3333,0.0,0.1667,0.0,0.1667,0.0,0.0
CT010996,Zone_07,Zone_07,0.3166,0.0452,0.0754,0.0905,0.1055,0.0151,0.0603,0.3166,0.2412,0.005,0.0452
CT003545,Zone_04,Zone_07,0.2786,0.0627,0.0807,0.0945,0.1261,0.0385,0.0471,0.2786,0.203,0.014,0.0549
CT009035,Zone_08,Zone_03,0.1944,0.0,0.1667,0.1944,0.1111,0.1111,0.0278,0.1944,0.1944,0.0,0.0
CT016735,Zone_05,Zone_07,0.3333,0.0833,0.0417,0.1042,0.0208,0.0208,0.0208,0.3333,0.25,0.0417,0.0833
CT011388,Zone_08,Zone_04,0.2651,0.0602,0.0361,0.1205,0.2651,0.0241,0.0,0.241,0.2169,0.0,0.0361
CT003756,Zone_04,Zone_07,0.266,0.0496,0.1064,0.0922,0.1206,0.039,0.0532,0.266,0.2021,0.0035,0.0674
CT011814,Zone_09,Zone_07,0.3228,0.0582,0.0741,0.0917,0.1429,0.0247,0.0406,0.3228,0.1817,0.0106,0.0529
CT001730,Zone_05,Zone_07,0.323,0.0431,0.0781,0.0956,0.1211,0.039,0.0256,0.323,0.1965,0.0108,0.0673
CT008124,Zone_01,Zone_01,0.4,0.4,0.2,0.0,0.0,0.0,0.0,0.4,0.0,0.0,0.0
CT006832,Zone_07,Zone_08,0.2273,0.0909,0.0909,0.1364,0.0909,0.1136,0.0455,0.1591,0.2273,0.0,0.0455
CT011607,Zone_08,Zone_07,0.3235,0.0686,0.076,0.076,0.1397,0.0392,0.0343,0.3235,0.1716,0.0196,0.0515
CT011645,Zone_08,Zone_07,0.2706,0.0771,0.0717,0.0986,0.1452,0.0323,0.0305,0.2706,0.19,0.0125,0.0717
CT003881,Zone_08,Zone_07,0.323,0.0431,0.0781,0.0956,0.1211,0.039,0.0256,0.323,0.1965,0.0108,0.0673
CT004210,Zone_01,Zone_07,0.2786,0.0627,0.0807,0.0945,0.1261,0.0385,0.0471,0.2786,0.203,0.014,0.0549
CT001136,Zone_04,Zone_07,0.2706,0.0771,0.0717,0.0986,0.1452,0.0323,0.0305,0.2706,0.19,0.0125,0.0717
CT013221,Zone_07,Zone_08,0.2571,0.0707,0.0511,0.0797,0.1564,0.0496,0.0406,0.2256,0.2571,0.012,0.0571
CT005363,Zone_03,Zone_07,0.2786,0.0627,0.0807,0.0945,0.1261,0.0385,0.0471,0.2786,0.203,0.014,0.0549
CT011173,Zone_07,Zone_07,0.2786,0.0627,0.0807,0.0945,0.1261,0.0385,0.0471,0.2786,0.203,0.014,0.0549
CT011966,Zone_03,Zone_08,0.2571,0.0707,0.0511,0.0797,0.1564,0.0496,0.0406,0.2256,0.2571,0.012,0.0571
CT002786,Zone_08,Zone_07,0.375,0.0625,0.0,0.1875,0.0625,0.0,0.0625,0.375,0.0,0.0,0.25
CT011519,Zone_04,Zone_08,0.2424,0.1212,0.0606,0.1818,0.0303,0.0909,0.0,0.1818,0.2424,0.0606,0.0303
CT007994,Zone_07,Zone_08,0.2571,0.0707,0.0511,0.0797,0.1564,0.0496,0.0406,0.2256,0.2571,0.012,0.0571
CT009900,Zone_06,Zone_01,0.2,0.2,0.1,0.2,0.1,0.0,0.0,0.2,0.0,0.1,0.1
CT019150,Zone_03,Zone_07,0.2786,0.0627,0.0807,0.0945,0.1261,0.0385,0.0471,0.2786,0.203,0.014,0.0549
CT015514,Zone_05,Zone_07,0.3247,0.0515,0.0979,0.0773,0.0773,0.0309,0.0155,0.3247,0.2474,0.0052,0.0722
CT012875,Zone_05,Zone_01,0.2857,0.2857,0.1429,0.1429,0.0,0.1429,0.0,0.2857,0.0,0.0,0.0
CT008867,Zone_03,Zone_07,0.323,0.0431,0.0781,0.0956,0.1211,0.039,0.0256,0.323,0.1965,0.0108,0.0673
CT017840,Zone_08,Zone_07,0.323,0.0431,0.0781,0.0956,0.1211,0.039,0.0256,0.323,0.1965,0.0108,0.0673
CT016251,Zone_01,Zone_07,0.4762,0.0,0.0952,0.0476,0.0,0.0,0.0,0.4762,0.3333,0.0,0.0476
CT007791,Zone_07,Zone_07,0.2786,0.0627,0.0807,0.0945,0.1261,0.0385,0.0471,0.2786,0.203,0.014,0.0549
CT016660,Zone_08,Zone_07,0.266,0.0496,0.1064,0.0922,0.1206,0.039,0.0532,0.266,0.2021,0.0035,0.0674
CT017698,Zone_07,Zone_04,0.2857,0.1429,0.1429,0.1429,0.2857,0.0,0.2857,0.0,0.0,0.0,0.0
CT015884,Zone_07,Zone_07,0.2786,0.0627,0.0807,0.0945,0.1261,0.0385,0.0471,0.2786,0.203,0.014,0.0549
CT013757,Zone_10,Zone_07,0.4627,0.0149,0.0299,0.0746,0.0448,0.0448,0.0299,0.4627,0.194,0.0,0.1045
CT008196,Zone_07,Zone_08,0.2094,0.0942,0.0942,0.0942,0.1466,0.0681,0.0314,0.1466,0.2094,0.0105,0.1047
CT006981,Zone_10,Zone_07,0.323,0.0431,0.0781,0.0956,0.1211,0.039,0.0256,0.323,0.1965,0.0108,0.0673
CT018845,Zone_04,Zone_07,0.323,0.0431,0.0781,0.0956,0.1211,0.039,0.0256,0.323,0.1965,0.0108,0.0673
CT015224,Zone_07,Zone_07,0.2786,0.0627,0.0807,0.0945,0.1261,0.0385,0.0471,0.2786,0.203,0.014,0.0549
CT013273,Zone_06,Zone_07,0.323,0.0431,0.0781,0.0956,0.1211,0.039,0.0256,0.323,0.1965,0.0108,0.0673
CT005156,Zone_02,Zone_07,0.2786,0.0627,0.0807,0.0945,0.1261,0.0385,0.0471,0.2786,0.203,0.014,0.0549
CT001943,Zone_08,Zone_08,0.2273,0.0909,0.0909,0.1364,0.0909,0.1136,0.0455,0.1591,0.2273,0.0,0.0455
CT018071,Zone_08,Zone_08,0.2222,0.0556,0.0556,0.0778,0.1111,0.0778,0.1444,0.2111,0.2222,0.0111,0.0333
CT018571,Zone_07,Zone_07,0.2786,0.0627,0.0807,0.0945,0.1261,0.0385,0.0471,0.2786,0.203,0.014,0.0549
CT013597,Zone_04,Zone_07,0.3871,0.0571,0.0571,0.0546,0.1191,0.0372,0.0298,0.3871,0.201,0.0099,0.0471
CT007733,Zone_04,Zone_07,0.2786,0.0627,0.0807,0.0945,0.1261,0.0385,0.0471,0.2786,0.203,0.014,0.0549
CT009178,Zone_08,Zone_07,0.2941,0.0471,0.0471,0.0706,0.1647,0.0471,0.0471,0.2941,0.2706,0.0,0.0118
CT002274,Zone_07,Zone_07,0.3228,0.0582,0.0741,0.0917,0.1429,0.0247,0.0406,0.3228,0.1817,0.0106,0.0529
CT014733,Zone_03,Zone_04,0.2857,0.0952,0.0,0.0476,0.2857,0.0,0.0,0.2857,0.1429,0.0,0.1429
CT003973,Zone_07,Zone_08,0.2094,0.0942,0.0942,0.0942,0.1466,0.0681,0.0314,0.1466,0.2094,0.0105,0.1047
CT001083,Zone_06,Zone_07,0.2786,0.0627,0.0807,0.0945,0.1261,0.0385,0.0471,0.2786,0.203,0.014,0.0549
CT014734,Zone_07,Zone_08,0.2812,0.0536,0.0804,0.1071,0.0848,0.0357,0.067,0.2277,0.2812,0.0,0.0625
CT003209,Zone_03,Zone_03,0.2581,0.0,0.1935,0.2581,0.1935,0.0,0.0,0.1613,0.1935,0.0,0.0
CT004237,Zone_05,Zone_07,0.3913,0.0,0.0435,0.0,0.1304,0.0,0.1304,0.3913,0.3043,0.0,0.0
CT001649,Zone_06,Zone_07,0.2706,0.0771,0.0717,0.0986,0.1452,0.0323,0.0305,0.2706,0.19,0.0125,0.0717
CT010161,Zone_03,Zone_07,0.2786,0.0627,0.0807,0.0945,0.1261,0.0385,0.0471,0.2786,0.203,0.014,0.0549
CT009733,Zone_09,Zone_08,0.2094,0.0942,0.0942,0.0942,0.1466,0.0681,0.0314,0.1466,0.2094,0.0105,0.1047
CT012164,Zone_07,Zone_07,0.3235,0.0686,0.076,0.076,0.1397,0.0392,0.0343,0.3235,0.1716,0.0196,0.0515
CT007393,Zone_01,Zone_07,0.323,0.0431,0.0781,0.0956,0.1211,0.039,0.0256,0.323,0.1965,0.0108,0.0673
CT018371,Zone_08,Zone_07,0.3228,0.0582,0.0741,0.0917,0.1429,0.0247,0.0406,0.3228,0.1817,0.0106,0.0529
CT010005,Zone_04,Zone_07,0.2786,0.0627,0.0807,0.0945,0.1261,0.0385,0.0471,0.2786,0.203,0.014,0.0549
CT004173,Zone_09,Zone_04,0.3333,0.0,0.0741,0.1852,0.3333,0.037,0.0,0.037,0.2222,0.0,0.1111
CT014880,Zone_07,Zone_07,0.3143,0.0643,0.1143,0.05,0.1286,0.0286,0.0643,0.3143,0.2143,0.0071,0.0143
CT001840,Zone_07,Zone_07,0.2786,0.0627,0.0807,0.0945,0.1261,0.0385,0.0471,0.2786,0.203,0.014,0.0549
CT000139,Zone_07,Zone_07,0.2941,0.0294,0.1078,0.098,0.0588,0.0392,0.0098,0.2941,0.2353,0.0196,0.1078
CT015005,Zone_08,Zone_08,0.4667,0.0,0.0667,0.2,0.0,0.0,0.0667,0.0,0.4667,0.0,0.2
CT001574,Zone_07,Zone_07,0.2786,0.0627,0.0807,0.0945,0.1261,0.0385,0.0471,0.2786,0.203,0.014,0.0549
CT019652,Zone_04,Zone_07,0.2786,0.0627,0.0807,0.0945,0.1261,0.0385,0.0471,0.2786,0.203,0.014,0.0549
CT011744,Zone_04,Zone_02,0.5,0.0,0.5,0.0,0.0,0.1667,0.0,0.1667,0.1667,0.0,0.0
CT006461,Zone_01,Zone_07,0.4,0.0,0.0,0.0,0.2,0.0,0.1,0.4,0.3,0.0,0.0
CT017640,Zone_07,Zone_07,0.6111,0.0556,0.0556,0.1111,0.0556,0.0,0.0556,0.6111,0.0556,0.0,0.0
CT016267,Zone_08,Zone_07,0.266,0.0496,0.1064,0.0922,0.1206,0.039,0.0532,0.266,0.2021,0.0035,0.0674
CT018969,Zone_07,Zone_07,0.2786,0.0627,0.0807,0.0945,0.1261,0.0385,0.0471,0.2786,0.203,0.014,0.0549
CT014409,Zone_05,Zone_07,0.3074,0.0649,0.026,0.1126,0.1472,0.0216,0.039,0.3074,0.1861,0.0087,0.0866
CT003833,Zone_08,Zone_07,0.2786,0.0627,0.0807,0.0945,0.1261,0.0385,0.0471,0.2786,0.203,0.014,0.0549
CT006378,Zone_07,Zone_08,0.3247,0.0909,0.1299,0.0779,0.1169,0.026,0.026,0.1558,0.3247,0.013,0.039
CT004543,Zone_10,Zone_07,0.4,0.2,0.0,0.2,0.0,0.0,0.2,0.4,0.0,0.0,0.0
CT016147,Zone_03,Zone_04,0.2651,0.0602,0.0361,0.1205,0.2651,0.0241,0.0,0.241,0.2169,0.0,0.0361
CT015179,Zone_07,Zone_07,0.323,0.0431,0.0781,0.0956,0.1211,0.039,0.0256,0.323,0.1965,0.0108,0.0673
CT007147,Zone_04,Zone_07,0.323,0.0431,0.0781,0.0956,0.1211,0.039,0.0256,0.323,0.1965,0.0108,0.0673
CT002221,Zone_04,Zone_07,0.2786,0.0627,0.0807,0.0945,0.1261,0.0385,0.0471,0.2786,0.203,0.014,0.0549
CT014888,Zone_06,Zone_07,0.2424,0.0455,0.0758,0.1364,0.1818,0.0758,0.0303,0.2424,0.1061,0.0,0.1061
CT003569,Zone_07,Zone_08,0.2094,0.0942,0.0942,0.0942,0.1466,0.0681,0.0314,0.1466,0.2094,0.0105,0.1047
CT002461,Zone_07,Zone_10,0.4444,0.1111,0.2222,0.1111,0.0,0.0,0.1111,0.0,0.0,0.0,0.4444
CT008877,Zone_07,Zone_07,0.375,0.0625,0.0,0.1875,0.0625,0.0,0.0625,0.375,0.0,0.0,0.25
CT009563,Zone_02,Zone_07,0.4444,0.0,0.0,0.1111,0.0,0.1111,0.0,0.4444,0.1111,0.0,0.2222
CT015283,Zone_10,Zone_07,0.3235,0.0686,0.076,0.076,0.1397,0.0392,0.0343,0.3235,0.1716,0.0196,0.0515
CT003842,Zone_08,Zone_07,0.266,0.0496,0.1064,0.0922,0.1206,0.039,0.0532,0.266,0.2021,0.0035,0.0674
CT000727,Zone_04,Zone_07,0.3228,0.0582,0.0741,0.0917,0.1429,0.0247,0.0406,0.3228,0.1817,0.0106,0.0529
CT002604,Zone_07,Zone_08,0.6,0.0,0.0,0.0,0.0,0.0,0.0,0.4,0.6,0.0,0.0
CT012085,Zone_07,Zone_08,0.6,0.0,0.0,0.0,0.2,0.0,0.0,0.0,0.6,0.2,0.0
CT018349,Zone_03,Zone_04,0.6,0.0,0.0,0.0,0.6,0.0,0.0,0.4,0.0,0.0,0.0
CT011529,Zone_07,Zone_07,0.2786,0.0627,0.0807,0.0945,0.1261,0.0385,0.0471,0.2786,0.203,0.014,0.0549
CT007127,Zone_04,Zone_07,0.5625,0.0625,0.0625,0.125,0.0,0.0,0.0,0.5625,0.1875,0.0,0.0
CT016243,Zone_07,Zone_07,0.2786,0.0627,0.0807,0.0945,0.1261,0.0385,0.0471,0.2786,0.203,0.014,0.0549
CT010361,Zone_06,Zone_07,0.2786,0.0627,0.0807,0.0945,0.1261,0.0385,0.0471,0.2786,0.203,0.014,0.0549
CT011958,Zone_03,Zone_07,0.8889,0.0,0.0,0.0,0.0,0.0,0.0,0.8889,0.1111,0.0,0.0
CT019558,Zone_06,Zone_07,0.3235,0.0686,0.076,0.076,0.1397,0.0392,0.0343,0.3235,0.1716,0.0196,0.0515
CT004393,Zone_07,Zone_07,0.2786,0.0627,0.0807,0.0945,0.1261,0.0385,0.0471,0.2786,0.203,0.014,0.0549
CT015506,Zone_07,Zone_07,0.2786,0.0627,0.0807,0.0945,0.1261,0.0385,0.0471,0.2786,0.203,0.014,0.0549
CT011124,Zone_02,Zone_07,0.3941,0.0632,0.052,0.0595,0.145,0.0372,0.0297,0.3941,0.1375,0.0074,0.0743
CT003679,Zone_04,Zone_07,0.2786,0.0627,0.0807,0.0945,0.1261,0.0385,0.0471,0.2786,0.203,0.014,0.0549
CT002477,Zone_03,Zone_07,0.3125,0.0104,0.0417,0.1146,0.1354,0.0521,0.0208,0.3125,0.2708,0.0208,0.0208
CT006752,Zone_04,Zone_07,0.8571,0.0,0.0,0.0,0.0,0.1429,0.0,0.8571,0.0,0.0,0.0
CT009918,Zone_08,Zone_07,0.2786,0.0627,0.0807,0.0945,0.1261,0.0385,0.0471,0.2786,0.203,0.014,0.0549
CT001547,Zone_04,Zone_08,0.2571,0.0707,0.0511,0.0797,0.1564,0.0496,0.0406,0.2256,0.2571,0.012,0.0571
CT011861,Zone_10,Zone_07,0.2786,0.0627,0.0807,0.0945,0.1261,0.0385,0.0471,0.2786,0.203,0.014,0.0549
CT008302,Zone_05,Zone_07,0.2786,0.0627,0.0807,0.0945,0.1261,0.0385,0.0471,0.2786,0.203,0.014,0.0549
CT016524,Zone_02,Zone_08,0.2812,0.0536,0.0804,0.1071,0.0848,0.0357,0.067,0.2277,0.2812,0.0,0.0625
CT008004,Zone_02,Zone_07,0.3228,0.0582,0.0741,0.0917,0.1429,0.0247,0.0406,0.3228,0.1817,0.0106,0.0529
CT011864,Zone_07,Zone_07,0.2786,0.0627,0.0807,0.0945,0.1261,0.0385,0.0471,0.2786,0.203,0.014,0.0549
CT018196,Zone_08,Zone_08,0.5556,0.0,0.0,0.1111,0.0,0.0,0.0,0.1111,0.5556,0.0,0.2222
CT019832,Zone_10,Zone_07,0.323,0.0431,0.0781,0.0956,0.1211,0.039,0.0256,0.323,0.1965,0.0108,0.0673
CT009074,Zone_08,Zone_08,0.2917,0.0833,0.0,0.0833,0.125,0.2083,0.0,0.125,0.2917,0.0,0.0833
CT016296,Zone_08,Zone_07,0.2786,0.0627,0.0807,0.0945,0.1261,0.0385,0.0471,0.2786,0.203,0.014,0.0549
CT007184,Zone_04,Zone_07,0.3871,0.0571,0.0571,0.0546,0.1191,0.0372,0.0298,0.3871,0.201,0.0099,0.0471
CT010032,Zone_07,Zone_08,0.4375,0.0312,0.0625,0.0,0.25,0.0,0.0312,0.125,0.4375,0.0312,0.0312
CT006888,Zone_04,Zone_07,0.3235,0.0686,0.076,0.076,0.1397,0.0392,0.0343,0.3235,0.1716,0.0196,0.0515
CT000456,Zone_01,Zone_07,0.3143,0.0643,0.1143,0.05,0.1286,0.0286,0.0643,0.3143,0.2143,0.0071,0.0143
CT001458,Zone_08,Zone_04,0.3636,0.1136,0.1591,0.0909,0.3636,0.0,0.0909,0.0682,0.0455,0.0455,0.0227
CT018000,Zone_04,Zone_08,0.2571,0.0707,0.0511,0.0797,0.1564,0.0496,0.0406,0.2256,0.2571,0.012,0.0571
CT000368,Zone_08,Zone_08,0.2571,0.0707,0.0511,0.0797,0.1564,0.0496,0.0406,0.2256,0.2571,0.012,0.0571
CT007866,Zone_08,Zone_08,0.5714,0.1429,0.0,0.0,0.2857,0.0,0.0,0.0,0.5714,0.0,0.0
CT015923,Zone_03,Zone_07,0.2353,0.0392,0.1765,0.1569,0.0196,0.0196,0.0784,0.2353,0.2157,0.0,0.0588
CT005981,Zone_07,Zone_07,0.6667,0.0,0.1111,0.1111,0.1111,0.0,0.0,0.6667,0.0,0.0,0.0
CT017944,Zone_01,Zone_07,0.3228,0.0582,0.0741,0.0917,0.1429,0.0247,0.0406,0.3228,0.1817,0.0106,0.0529
CT019232,Zone_07,Zone_07,0.2786,0.0627,0.0807,0.0945,0.1261,0.0385,0.0471,0.2786,0.203,0.014,0.0549
CT009992,Zone_04,Zone_08,0.3455,0.0364,0.0364,0.0364,0.2727,0.0364,0.0545,0.1455,0.3455,0.0,0.0364
CT011231,Zone_02,Zone_07,0.2786,0.0627,0.0807,0.0945,0.1261,0.0385,0.0471,0.2786,0.203,0.014,0.0549
CT013481,Zone_04,Zone_07,0.4,0.0,0.0,0.2,0.0,0.0,0.0,0.4,0.4,0.0,0.0
CT013605,Zone_01,Zone_08,0.3019,0.0943,0.0472,0.1415,0.0566,0.0283,0.0189,0.217,0.3019,0.0566,0.0377
CT015653,Zone_07,Zone_07,0.2786,0.0627,0.0807,0.0945,0.1261,0.0385,0.0471,0.2786,0.203,0.014,0.0549
CT019806,Zone_08,Zone_07,0.2706,0.0771,0.0717,0.0986,0.1452,0.0323,0.0305,0.2706,0.19,0.0125,0.0717
CT012470,Zone_01,Zone_07,0.266,0.0496,0.1064,0.0922,0.1206,0.039,0.0532,0.266,0.2021,0.0035,0.0674
CT005232,Zone_06,Zone_07,0.2706,0.0771,0.0717,0.0986,0.1452,0.0323,0.0305,0.2706,0.19,0.0125,0.0717
CT013632,Zone_07,Zone_07,0.5,0.0556,0.0,0.0,0.0,0.0556,0.0556,0.5,0.2222,0.0,0.1111
CT011157,Zone_06,Zone_07,0.323,0.0431,0.0781,0.0956,0.1211,0.039,0.0256,0.323,0.1965,0.0108,0.0673
CT016039,Zone_07,Zone_07,0.6667,0.0,0.0,0.0,0.0,0.0,0.0,0.6667,0.3333,0.0,0.0
CT009422,Zone_02,Zone_07,0.323,0.0431,0.0781,0.0956,0.1211,0.039,0.0256,0.323,0.1965,0.0108,0.0673
CT006410,Zone_01,Zone_02,0.6667,0.0,0.6667,0.0,0.0,0.0,0.0,0.1667,0.1667,0.0,0.0
CT005225,Zone_08,Zone_08,0.3333,0.1111,0.1111,0.1111,0.0,0.1111,0.0,0.2222,0.3333,0.0,0.0
CT003025,Zone_04,Zone_07,0.323,0.0431,0.0781,0.0956,0.1211,0.039,0.0256,0.323,0.1965,0.0108,0.0673
CT006836,Zone_03,Zone_07,0.323,0.0431,0.0781,0.0956,0.1211,0.039,0.0256,0.323,0.1965,0.0108,0.0673
CT017998,Zone_08,Zone_08,0.3611,0.0556,0.0556,0.0833,0.1667,0.0278,0.0278,0.1111,0.3611,0.0556,0.0556
CT018913,Zone_10,Zone_07,0.3247,0.0515,0.0979,0.0773,0.0773,0.0309,0.0155,0.3247,0.2474,0.0052,0.0722
CT011227,Zone_04,Zone_07,0.2786,0.0627,0.0807,0.0945,0.1261,0.0385,0.0471,0.2786,0.203,0.014,0.0549
CT003223,Zone_07,Zone_07,0.2786,0.0627,0.0807,0.0945,0.1261,0.0385,0.0471,0.2786,0.203,0.014,0.0549
CT019427,Zone_07,Zone_07,0.3166,0.0452,0.0754,0.0905,0.1055,0.0151,0.0603,0.3166,0.2412,0.005,0.0452
CT014062,Zone_01,Zone_07,0.2786,0.0627,0.0807,0.0945,0.1261,0.0385,0.0471,0.2786,0.203,0.014,0.0549
CT007569,Zone_06,Zone_07,0.2786,0.0627,0.0807,0.0945,0.1261,0.0385,0.0471,0.2786,0.203,0.014,0.0549
CT019939,Zone_04,Zone_07,0.2786,0.0627,0.0807,0.0945,0.1261,0.0385,0.0471,0.2786,0.203,0.014,0.0549
CT000990,Zone_07,Zone_07,0.2786,0.0627,0.0807,0.0945,0.1261,0.0385,0.0471,0.2786,0.203,0.014,0.0549
CT010330,Zone_07,Zone_03,0.25,0.0417,0.2083,0.25,0.0833,0.0417,0.0417,0.0833,0.1667,0.0,0.0833
CT001985,Zone_07,Zone_07,0.2786,0.0627,0.0807,0.0945,0.1261,0.0385,0.0471,0.2786,0.203,0.014,0.0549
CT015218,Zone_07,Zone_07,0.266,0.0496,0.1064,0.0922,0.1206,0.039,0.0532,0.266,0.2021,0.0035,0.0674
CT002217,Zone_03,Zone_07,0.8571,0.0,0.0,0.0,0.0,0.1429,0.0,0.8571,0.0,0.0,0.0
CT017145,Zone_08,Zone_07,0.3333,0.0833,0.0417,0.1042,0.0208,0.0208,0.0208,0.3333,0.25,0.0417,0.0833
CT007048,Zone_04,Zone_04,0.6667,0.0,0.0,0.0,0.6667,0.0,0.0,0.3333,0.0,0.0,0.0
CT004925,Zone_08,Zone_07,0.2786,0.0627,0.0807,0.0945,0.1261,0.0385,0.0471,0.2786,0.203,0.014,0.0549
CT006455,Zone_07,Zone_07,0.2786,0.0627,0.0807,0.0945,0.1261,0.0385,0.0471,0.2786,0.203,0.014,0.0549
CT010468,Zone_01,Zone_07,0.2786,0.0627,0.0807,0.0945,0.1261,0.0385,0.0471,0.2786,0.203,0.014,0.0549
CT020000,Zone_03,Zone_07,0.3206,0.1221,0.084,0.0916,0.1374,0.0305,0.0153,0.3206,0.1298,0.0,0.0687
CT006523,Zone_02,Zone_02,0.3333,0.2222,0.3333,0.0,0.2222,0.0,0.0,0.1111,0.1111,0.0,0.0
CT013676,Zone_09,Zone_07,0.3166,0.0452,0.0754,0.0905,0.1055,0.0151,0.0603,0.3166,0.2412,0.005,0.0452
CT004482,Zone_07,Zone_07,0.2786,0.0627,0.0807,0.0945,0.1261,0.0385,0.0471,0.2786,0.203,0.014,0.0549
CT010455,Zone_05,Zone_07,0.323,0.0431,0.0781,0.0956,0.1211,0.039,0.0256,0.323,0.1965,0.0108,0.0673
CT000683,Zone_02,Zone_07,0.3166,0.0452,0.0754,0.0905,0.1055,0.0151,0.0603,0.3166,0.2412,0.005,0.0452
CT015703,Zone_04,Zone_07,0.2786,0.0627,0.0807,0.0945,0.1261,0.0385,0.0471,0.2786,0.203,0.014,0.0549
CT008356,Zone_07,Zone_07,0.2786,0.0627,0.0807,0.0945,0.1261,0.0385,0.0471,0.2786,0.203,0.014,0.0549
CT010251,Zone_07,Zone_07,0.3871,0.0571,0.0571,0.0546,0.1191,0.0372,0.0298,0.3871,0.201,0.0099,0.0471
CT003990,Zone_09,Zone_07,0.5556,0.0,0.1111,0.0,0.0,0.1111,0.1111,0.5556,0.0,0.0,0.1111
CT019032,Zone_07,Zone_07,0.2786,0.0627,0.0807,0.0945,0.1261,0.0385,0.0471,0.2786,0.203,0.014,0.0549
CT010318,Zone_07,Zone_07,0.2786,0.0627,0.0807,0.0945,0.1261,0.0385,0.0471,0.2786,0.203,0.014,0.0549
CT004377,Zone_08,Zone_07,0.3941,0.0632,0.052,0.0595,0.145,0.0372,0.0297,0.3941,0.1375,0.0074,0.0743
CT001187,Zone_05,Zone_08,0.3636,0.0,0.0909,0.1818,0.0909,0.0455,0.0455,0.1364,0.3636,0.0,0.0455
CT004158,Zone_02,Zone_07,0.323,0.0431,0.0781,0.0956,0.1211,0.039,0.0256,0.323,0.1965,0.0108,0.0673
CT019436,Zone_07,Zone_07,0.2786,0.0627,0.0807,0.0945,0.1261,0.0385,0.0471,0.2786,0.203,0.014,0.0549
CT006701,Zone_04,Zone_07,0.2786,0.0627,0.0807,0.0945,0.1261,0.0385,0.0471,0.2786,0.203,0.014,0.0549
CT012513,Zone_04,Zone_07,0.2786,0.0627,0.0807,0.0945,0.1261,0.0385,0.0471,0.2786,0.203,0.014,0.0549
CT016260,Zone_07,Zone_07,0.323,0.0431,0.0781,0.0956,0.1211,0.039,0.0256,0.323,0.1965,0.0108,0.0673
CT002968,Zone_04,Zone_02,0.2432,0.1351,0.2432,0.1351,0.1081,0.0,0.1081,0.0811,0.1081,0.027,0.0541
CT007870,Zone_08,Zone_07,0.2786,0.0627,0.0807,0.0945,0.1261,0.0385,0.0471,0.2786,0.203,0.014,0.0549
CT006504,Zone_07,Zone_07,0.3228,0.0582,0.0741,0.0917,0.1429,0.0247,0.0406,0.3228,0.1817,0.0106,0.0529
CT004196,Zone_07,Zone_07,0.3143,0.0643,0.1143,0.05,0.1286,0.0286,0.0643,0.3143,0.2143,0.0071,0.0143
CT009461,Zone_07,Zone_08,0.2273,0.0909,0.0909,0.1364,0.0909,0.1136,0.0455,0.1591,0.2273,0.0,0.0455
CT002833,Zone_08,Zone_08,0.2571,0.0707,0.0511,0.0797,0.1564,0.0496,0.0406,0.2256,0.2571,0.012,0.0571
CT017160,Zone_08,Zone_07,0.3074,0.0649,0.026,0.1126,0.1472,0.0216,0.039,0.3074,0.1861,0.0087,0.0866
CT013150,Zone_04,Zone_07,0.3235,0.0686,0.076,0.076,0.1397,0.0392,0.0343,0.3235,0.1716,0.0196,0.0515
CT007875,Zone_07,Zone_07,0.2786,0.0627,0.0807,0.0945,0.1261,0.0385,0.0471,0.2786,0.203,0.014,0.0549
CT009714,Zone_07,Zone_08,0.6364,0.0,0.0,0.0909,0.0,0.0,0.0909,0.0909,0.6364,0.0,0.0909
CT004752,Zone_07,Zone_07,0.2786,0.0627,0.0807,0.0945,0.1261,0.0385,0.0471,0.2786,0.203,0.014,0.0549
CT012254,Zone_02,Zone_07,0.3125,0.0104,0.0417,0.1146,0.1354,0.0521,0.0208,0.3125,0.2708,0.0208,0.0208
CT016754,Zone_08,Zone_07,0.8,0.0,0.0,0.0,0.0,0.2,0.0,0.8,0.0,0.0,0.0
CT014857,Zone_08,Zone_07,0.3235,0.0686,0.076,0.076,0.1397,0.0392,0.0343,0.3235,0.1716,0.0196,0.0515
CT019568,Zone_01,Zone_07,0.266,0.0496,0.1064,0.0922,0.1206,0.039,0.0532,0.266,0.2021,0.0035,0.0674
CT012180,Zone_05,Zone_07,0.323,0.0431,0.0781,0.0956,0.1211,0.039,0.0256,0.323,0.1965,0.0108,0.0673
CT017142,Zone_02,Zone_07,0.3247,0.0515,0.0979,0.0773,0.0773,0.0309,0.0155,0.3247,0.2474,0.0052,0.0722
CT006514,Zone_07,Zone_07,0.2786,0.0627,0.0807,0.0945,0.1261,0.0385,0.0471,0.2786,0.203,0.014,0.0549
CT009965,Zone_02,Zone_07,0.2786,0.0627,0.0807,0.0945,0.1261,0.0385,0.0471,0.2786,0.203,0.014,0.0549
CT006208,Zone_04,Zone_08,0.3281,0.0391,0.0391,0.1641,0.1406,0.0312,0.0547,0.1016,0.3281,0.0078,0.0938
CT008973,Zone_07,Zone_07,0.4,0.0,0.2,0.2,0.0,0.0,0.0,0.4,0.2,0.0,0.0
CT009225,Zone_02,Zone_07,0.2706,0.0771,0.0717,0.0986,0.1452,0.0323,0.0305,0.2706,0.19,0.0125,0.0717
CT001559,Zone_08,Zone_07,0.3143,0.0643,0.1143,0.05,0.1286,0.0286,0.0643,0.3143,0.2143,0.0071,0.0143
CT006414,Zone_10,Zone_07,0.3235,0.0686,0.076,0.076,0.1397,0.0392,0.0343,0.3235,0.1716,0.0196,0.0515
CT004788,Zone_07,Zone_04,0.2857,0.1429,0.1429,0.1429,0.2857,0.0,0.2857,0.0,0.0,0.0,0.0
CT018772,Zone_08,Zone_07,0.2786,0.0627,0.0807,0.0945,0.1261,0.0385,0.0471,0.2786,0.203,0.014,0.0549
CT008651,Zone_04,Zone_07,0.2786,0.0627,0.0807,0.0945,0.1261,0.0385,0.0471,0.2786,0.203,0.014,0.0549
CT002119,Zone_03,Zone_08,0.7692,0.0,0.0,0.0,0.0,0.0,0.0,0.2308,0.7692,0.0,0.0
CT002838,Zone_04,Zone_07,0.2786,0.0627,0.0807,0.0945,0.1261,0.0385,0.0471,0.2786,0.203,0.014,0.0549
CT001641,Zone_07,Zone_03,0.4286,0.0,0.0,0.4286,0.1429,0.0,0.0,0.4286,0.0,0.0,0.0
CT010984,Zone_03,Zone_07,0.2786,0.0627,0.0807,0.0945,0.1261,0.0385,0.0471,0.2786,0.203,0.014,0.0549
CT013553,Zone_02,Zone_08,0.7692,0.0,0.0,0.0,0.0,0.0,0.0,0.2308,0.7692,0.0,0.0
CT012629,Zone_04,Zone_07,0.3118,0.0753,0.043,0.1075,0.086,0.0323,0.0323,0.3118,0.2796,0.0215,0.0108
CT013513,Zone_07,Zone_07,0.2786,0.0627,0.0807,0.0945,0.1261,0.0385,0.0471,0.2786,0.203,0.014,0.0549
CT000402,Zone_06,Zone_07,0.3206,0.1221,0.084,0.0916,0.1374,0.0305,0.0153,0.3206,0.1298,0.0,0.0687
CT017399,Zone_07,Zone_07,0.3118,0.0753,0.043,0.1075,0.086,0.0323,0.0323,0.3118,0.2796,0.0215,0.0108
CT001582,Zone_04,Zone_08,0.2821,0.0769,0.1538,0.1795,0.0769,0.0,0.0513,0.1282,0.2821,0.0256,0.0256
CT015920,Zone_06,Zone_07,1.0,0.0,0.0,0.0,0.0,0.0,0.0,1.0,0.0,0.0,0.0
CT017298,Zone_05,Zone_07,0.4167,0.0833,0.0833,0.0833,0.0,0.0,0.0833,0.4167,0.0833,0.0,0.1667
CT006850,Zone_10,Zone_08,1.0,0.0,0.0,0.0,0.0,0.0,0.0,0.0,1.0,0.0,0.0
CT009318,Zone_04,Zone_07,0.2706,0.0771,0.0717,0.0986,0.1452,0.0323,0.0305,0.2706,0.19,0.0125,0.0717
CT010170,Zone_03,Zone_07,0.4545,0.0,0.1818,0.0909,0.1818,0.0,0.0909,0.4545,0.0,0.0,0.0
CT002110,Zone_03,Zone_08,0.2094,0.0942,0.0942,0.0942,0.1466,0.0681,0.0314,0.1466,0.2094,0.0105,0.1047
CT017357,Zone_08,Zone_07,0.2786,0.0627,0.0807,0.0945,0.1261,0.0385,0.0471,0.2786,0.203,0.014,0.0549
CT008989,Zone_02,Zone_07,0.3247,0.0515,0.0979,0.0773,0.0773,0.0309,0.0155,0.3247,0.2474,0.0052,0.0722
CT013666,Zone_04,Zone_04,0.2651,0.0602,0.0361,0.1205,0.2651,0.0241,0.0,0.241,0.2169,0.0,0.0361
CT004317,Zone_10,Zone_07,0.5556,0.0,0.0,0.0,0.0,0.0,0.0,0.5556,0.3333,0.0,0.1111
CT003305,Zone_07,Zone_07,0.2786,0.0627,0.0807,0.0945,0.1261,0.0385,0.0471,0.2786,0.203,0.014,0.0549
CT005459,Zone_01,Zone_08,0.2812,0.0536,0.0804,0.1071,0.0848,0.0357,0.067,0.2277,0.2812,0.0,0.0625
CT007699,Zone_03,Zone_08,0.2571,0.0707,0.0511,0.0797,0.1564,0.0496,0.0406,0.2256,0.2571,0.012,0.0571
CT004664,Zone_03,Zone_07,0.2786,0.0627,0.0807,0.0945,0.1261,0.0385,0.0471,0.2786,0.203,0.014,0.0549
CT007153,Zone_09,Zone_08,0.3611,0.0556,0.0556,0.0833,0.1667,0.0278,0.0278,0.1111,0.3611,0.0556,0.0556
CT010402,Zone_03,Zone_08,0.6,0.0,0.0,0.0,0.0,0.0,0.0,0.4,0.6,0.0,0.0
CT019224,Zone_08,Zone_08,0.268,0.0784,0.0458,0.0719,0.1503,0.0719,0.0196,0.2418,0.268,0.0131,0.0392
CT019138,Zone_07,Zone_07,0.2786,0.0627,0.0807,0.0945,0.1261,0.0385,0.0471,0.2786,0.203,0.014,0.0549
CT018651,Zone_08,Zone_07,0.3247,0.0515,0.0979,0.0773,0.0773,0.0309,0.0155,0.3247,0.2474,0.0052,0.0722
CT010016,Zone_03,Zone_04,0.5,0.0,0.0,0.0,0.5,0.0,0.0,0.0,0.3333,0.1667,0.0
CT012973,Zone_07,Zone_07,0.56,0.04,0.08,0.12,0.08,0.0,0.0,0.56,0.08,0.0,0.04
CT018737,Zone_01,Zone_08,0.2571,0.0707,0.0511,0.0797,0.1564,0.0496,0.0406,0.2256,0.2571,0.012,0.0571
CT004555,Zone_04,Zone_07,0.3448,0.0172,0.0862,0.1724,0.1724,0.0345,0.0517,0.3448,0.069,0.0345,0.0172
CT003864,Zone_04,Zone_04,0.4,0.0,0.0,0.2,0.4,0.0,0.2,0.2,0.0,0.0,0.0
CT006312,Zone_07,Zone_07,0.2786,0.0627,0.0807,0.0945,0.1261,0.0385,0.0471,0.2786,0.203,0.014,0.0549
CT005194,Zone_07,Zone_07,1.0,0.0,0.0,0.0,0.0,0.0,0.0,1.0,0.0,0.0,0.0
CT016171,Zone_07,Zone_08,0.381,0.0952,0.0159,0.0159,0.127,0.0794,0.0635,0.2063,0.381,0.0,0.0159
CT004862,Zone_07,Zone_07,0.2786,0.0627,0.0807,0.0945,0.1261,0.0385,0.0471,0.2786,0.203,0.014,0.0549
CT004187,Zone_03,Zone_07,0.3871,0.0571,0.0571,0.0546,0.1191,0.0372,0.0298,0.3871,0.201,0.0099,0.0471
CT015686,Zone_04,Zone_07,0.3166,0.0452,0.0754,0.0905,0.1055,0.0151,0.0603,0.3166,0.2412,0.005,0.0452
CT009539,Zone_07,Zone_07,0.3074,0.0649,0.026,0.1126,0.1472,0.0216,0.039,0.3074,0.1861,0.0087,0.0866
CT010516,Zone_01,Zone_08,0.3663,0.0594,0.0792,0.0792,0.0693,0.0693,0.0594,0.0891,0.3663,0.0198,0.1089
CT019446,Zone_07,Zone_07,0.2786,0.0627,0.0807,0.0945,0.1261,0.0385,0.0471,0.2786,0.203,0.014,0.0549
CT012605,Zone_01,Zone_07,0.323,0.0431,0.0781,0.0956,0.1211,0.039,0.0256,0.323,0.1965,0.0108,0.0673
CT017579,Zone_08,Zone_07,0.4627,0.0149,0.0299,0.0746,0.0448,0.0448,0.0299,0.4627,0.194,0.0,0.1045
CT013342,Zone_03,Zone_08,0.381,0.0952,0.0159,0.0159,0.127,0.0794,0.0635,0.2063,0.381,0.0,0.0159
CT019056,Zone_07,Zone_02,0.3333,0.0,0.3333,0.0,0.3333,0.1667,0.0,0.0,0.1667,0.0,0.0
CT001944,Zone_01,Zone_07,0.2706,0.0771,0.0717,0.0986,0.1452,0.0323,0.0305,0.2706,0.19,0.0125,0.0717
CT013824,Zone_07,Zone_07,0.3166,0.0452,0.0754,0.0905,0.1055,0.0151,0.0603,0.3166,0.2412,0.005,0.0452
CT007231,Zone_04,Zone_07,0.2786,0.0627,0.0807,0.0945,0.1261,0.0385,0.0471,0.2786,0.203,0.014,0.0549
CT014288,Zone_03,Zone_07,0.2786,0.0627,0.0807,0.0945,0.1261,0.0385,0.0471,0.2786,0.203,0.014,0.0549
CT013004,Zone_08,Zone_07,0.2786,0.0627,0.0807,0.0945,0.1261,0.0385,0.0471,0.2786,0.203,0.014,0.0549
CT015930,Zone_03,Zone_08,1.0,0.0,0.0,0.0,0.0,0.0,0.0,0.0,1.0,0.0,0.0
CT001895,Zone_04,Zone_07,0.2786,0.0627,0.0807,0.0945,0.1261,0.0385,0.0471,0.2786,0.203,0.014,0.0549
CT005329,Zone_08,Zone_04,0.7143,0.0,0.0,0.0,0.7143,0.0,0.0,0.1429,0.1429,0.0,0.0
CT016652,Zone_07,Zone_08,0.6,0.1,0.0,0.0,0.1,0.0,0.1,0.1,0.6,0.0,0.0
CT008286,Zone_03,Zone_07,0.3941,0.0632,0.052,0.0595,0.145,0.0372,0.0297,0.3941,0.1375,0.0074,0.0743
CT006166,Zone_07,Zone_07,0.3871,0.0571,0.0571,0.0546,0.1191,0.0372,0.0298,0.3871,0.201,0.0099,0.0471
CT013571,Zone_04,Zone_07,0.323,0.0431,0.0781,0.0956,0.1211,0.039,0.0256,0.323,0.1965,0.0108,0.0673
CT007254,Zone_08,Zone_08,0.2571,0.0707,0.0511,0.0797,0.1564,0.0496,0.0406,0.2256,0.2571,0.012,0.0571
CT000169,Zone_04,Zone_05,0.4,0.0,0.0,0.0,0.0,0.4,0.0,0.2,0.2,0.0,0.2
CT018899,Zone_10,Zone_07,0.323,0.0431,0.0781,0.0956,0.1211,0.039,0.0256,0.323,0.1965,0.0108,0.0673
CT014561,Zone_07,Zone_03,0.25,0.0417,0.2083,0.25,0.0833,0.0417,0.0417,0.0833,0.1667,0.0,0.0833
CT011948,Zone_08,Zone_07,0.3941,0.0632,0.052,0.0595,0.145,0.0372,0.0297,0.3941,0.1375,0.0074,0.0743
CT016840,Zone_07,Zone_07,0.2786,0.0627,0.0807,0.0945,0.1261,0.0385,0.0471,0.2786,0.203,0.014,0.0549
CT005034,Zone_08,Zone_08,0.3333,0.1667,0.1667,0.1667,0.0,0.0,0.1667,0.0,0.3333,0.0,0.0
CT007085,Zone_08,Zone_04,0.3333,0.0,0.0,0.1667,0.3333,0.0,0.0,0.3333,0.1667,0.0,0.0
CT008774,Zone_07,Zone_08,0.425,0.1,0.075,0.025,0.1,0.0,0.075,0.125,0.425,0.0,0.075
CT004014,Zone_02,Zone_08,0.3455,0.0364,0.0364,0.0364,0.2727,0.0364,0.0545,0.1455,0.3455,0.0,0.0364
CT003695,Zone_08,Zone_04,0.4,0.0,0.0,0.0,0.4,0.0,0.0,0.4,0.0,0.0,0.2
CT001373,Zone_08,Zone_02,0.6,0.0,0.6,0.0,0.0,0.0,0.0,0.2,0.2,0.0,0.0
CT014739,Zone_04,Zone_07,0.2706,0.0771,0.0717,0.0986,0.1452,0.0323,0.0305,0.2706,0.19,0.0125,0.0717
CT006890,Zone_08,Zone_03,0.4,0.0,0.0,0.4,0.0,0.2,0.2,0.2,0.0,0.0,0.0
CT001734,Zone_04,Zone_07,0.2786,0.0627,0.0807,0.0945,0.1261,0.0385,0.0471,0.2786,0.203,0.014,0.0549
CT000523,Zone_03,Zone_08,0.4667,0.0,0.0667,0.2,0.0,0.0,0.0667,0.0,0.4667,0.0,0.2
CT015202,Zone_05,Zone_08,0.25,0.15,0.0,0.0,0.15,0.15,0.15,0.1,0.25,0.0,0.05
CT009236,Zone_04,Zone_07,0.2786,0.0627,0.0807,0.0945,0.1261,0.0385,0.0471,0.2786,0.203,0.014,0.0549
CT008065,Zone_10,Zone_07,0.3871,0.0571,0.0571,0.0546,0.1191,0.0372,0.0298,0.3871,0.201,0.0099,0.0471
CT011259,Zone_08,Zone_07,0.2786,0.0627,0.0807,0.0945,0.1261,0.0385,0.0471,0.2786,0.203,0.014,0.0549
CT007058,Zone_03,Zone_07,0.3941,0.0632,0.052,0.0595,0.145,0.0372,0.0297,0.3941,0.1375,0.0074,0.0743
CT002319,Zone_08,Zone_07,0.2786,0.0627,0.0807,0.0945,0.1261,0.0385,0.0471,0.2786,0.203,0.014,0.0549
CT015906,Zone_02,Zone_08,0.8333,0.0,0.0,0.0,0.0,0.0,0.0,0.1667,0.8333,0.0,0.0
CT005238,Zone_03,Zone_07,0.2786,0.0627,0.0807,0.0945,0.1261,0.0385,0.0471,0.2786,0.203,0.014,0.0549
CT003120,Zone_04,Zone_08,0.5,0.0,0.0,0.0,0.0,0.25,0.0,0.25,0.5,0.0,0.0
CT017332,Zone_04,Zone_07,0.2786,0.0627,0.0807,0.0945,0.1261,0.0385,0.0471,0.2786,0.203,0.014,0.0549
CT008307,Zone_07,Zone_07,0.2786,0.0627,0.0807,0.0945,0.1261,0.0385,0.0471,0.2786,0.203,0.014,0.0549
CT000176,Zone_02,Zone_08,0.2571,0.0707,0.0511,0.0797,0.1564,0.0496,0.0406,0.2256,0.2571,0.012,0.0571
CT003191,Zone_01,Zone_07,0.2786,0.0627,0.0807,0.0945,0.1261,0.0385,0.0471,0.2786,0.203,0.014,0.0549
CT002980,Zone_07,Zone_07,0.323,0.0431,0.0781,0.0956,0.1211,0.039,0.0256,0.323,0.1965,0.0108,0.0673
CT012239,Zone_10,Zone_08,0.4286,0.0,0.1429,0.1429,0.0,0.0,0.1429,0.1429,0.4286,0.0,0.0
CT010213,Zone_02,Zone_08,0.268,0.0784,0.0458,0.0719,0.1503,0.0719,0.0196,0.2418,0.268,0.0131,0.0392
CT016506,Zone_07,Zone_07,0.2786,0.0627,0.0807,0.0945,0.1261,0.0385,0.0471,0.2786,0.203,0.014,0.0549
CT005173,Zone_07,Zone_07,0.2706,0.0771,0.0717,0.0986,0.1452,0.0323,0.0305,0.2706,0.19,0.0125,0.0717
CT003960,Zone_05,Zone_07,0.2786,0.0627,0.0807,0.0945,0.1261,0.0385,0.0471,0.2786,0.203,0.014,0.0549
CT013321,Zone_01,Zone_03,0.2581,0.0,0.1935,0.2581,0.1935,0.0,0.0,0.1613,0.1935,0.0,0.0
CT015471,Zone_01,Zone_08,0.3611,0.0556,0.0556,0.0833,0.1667,0.0278,0.0278,0.1111,0.3611,0.0556,0.0556
CT012371,Zone_06,Zone_04,0.3636,0.1136,0.1591,0.0909,0.3636,0.0,0.0909,0.0682,0.0455,0.0455,0.0227
CT002070,Zone_07,Zone_07,0.2786,0.0627,0.0807,0.0945,0.1261,0.0385,0.0471,0.2786,0.203,0.014,0.0549
CT011261,Zone_07,Zone_07,0.3941,0.0632,0.052,0.0595,0.145,0.0372,0.0297,0.3941,0.1375,0.0074,0.0743
CT002322,Zone_02,Zone_07,0.2786,0.0627,0.0807,0.0945,0.1261,0.0385,0.0471,0.2786,0.203,0.014,0.0549
CT013048,Zone_08,Zone_07,0.6111,0.0556,0.0556,0.1111,0.0556,0.0,0.0556,0.6111,0.0556,0.0,0.0
CT016313,Zone_06,Zone_07,0.3871,0.0571,0.0571,0.0546,0.1191,0.0372,0.0298,0.3871,0.201,0.0099,0.0471
CT010421,Zone_01,Zone_08,0.2812,0.0536,0.0804,0.1071,0.0848,0.0357,0.067,0.2277,0.2812,0.0,0.0625
CT016854,Zone_08,Zone_08,0.2571,0.0707,0.0511,0.0797,0.1564,0.0496,0.0406,0.2256,0.2571,0.012,0.0571
CT012747,Zone_07,Zone_07,0.3235,0.0686,0.076,0.076,0.1397,0.0392,0.0343,0.3235,0.1716,0.0196,0.0515
CT014302,Zone_07,Zone_07,0.2786,0.0627,0.0807,0.0945,0.1261,0.0385,0.0471,0.2786,0.203,0.014,0.0549
CT004088,Zone_08,Zone_02,0.6,0.0,0.6,0.0,0.4,0.0,0.0,0.0,0.0,0.0,0.0
CT004644,Zone_02,Zone_08,0.3281,0.0391,0.0391,0.1641,0.1406,0.0312,0.0547,0.1016,0.3281,0.0078,0.0938
CT006406,Zone_08,Zone_08,0.3019,0.0943,0.0472,0.1415,0.0566,0.0283,0.0189,0.217,0.3019,0.0566,0.0377
CT003727,Zone_10,Zone_03,0.3333,0.0,0.0,0.3333,0.0,0.0,0.1667,0.0,0.1667,0.3333,0.0
CT007704,Zone_08,Zone_07,0.2786,0.0627,0.0807,0.0945,0.1261,0.0385,0.0471,0.2786,0.203,0.014,0.0549
CT006916,Zone_07,Zone_07,0.2786,0.0627,0.0807,0.0945,0.1261,0.0385,0.0471,0.2786,0.203,0.014,0.0549
CT011670,Zone_07,Zone_07,0.3074,0.0649,0.026,0.1126,0.1472,0.0216,0.039,0.3074,0.1861,0.0087,0.0866
CT002490,Zone_08,Zone_08,0.2821,0.0769,0.1538,0.1795,0.0769,0.0,0.0513,0.1282,0.2821,0.0256,0.0256
CT010197,Zone_03,Zone_07,0.5556,0.1111,0.1111,0.0,0.2222,0.0,0.0,0.5556,0.0,0.0,0.0
CT008100,Zone_10,Zone_07,0.3871,0.0571,0.0571,0.0546,0.1191,0.0372,0.0298,0.3871,0.201,0.0099,0.0471
CT019757,Zone_03,Zone_07,0.323,0.0431,0.0781,0.0956,0.1211,0.039,0.0256,0.323,0.1965,0.0108,0.0673
CT011778,Zone_04,Zone_03,0.3333,0.1667,0.0,0.3333,0.0,0.0,0.1667,0.1667,0.0,0.0,0.1667
CT006101,Zone_07,Zone_07,0.8,0.0,0.0,0.0,0.0,0.0,0.0,0.8,0.2,0.0,0.0
CT000474,Zone_03,Zone_07,0.3871,0.0571,0.0571,0.0546,0.1191,0.0372,0.0298,0.3871,0.201,0.0099,0.0471
CT012953,Zone_04,Zone_08,0.3247,0.0909,0.1299,0.0779,0.1169,0.026,0.026,0.1558,0.3247,0.013,0.039
CT010257,Zone_07,Zone_07,0.3247,0.0515,0.0979,0.0773,0.0773,0.0309,0.0155,0.3247,0.2474,0.0052,0.0722
CT003267,Zone_01,Zone_07,0.2706,0.0771,0.0717,0.0986,0.1452,0.0323,0.0305,0.2706,0.19,0.0125,0.0717
CT017246,Zone_04,Zone_07,0.3125,0.0104,0.0417,0.1146,0.1354,0.0521,0.0208,0.3125,0.2708,0.0208,0.0208
CT015739,Zone_03,Zone_07,0.3871,0.0571,0.0571,0.0546,0.1191,0.0372,0.0298,0.3871,0.201,0.0099,0.0471
CT015213,Zone_08,Zone_07,0.4444,0.0,0.3333,0.1111,0.1111,0.0,0.0,0.4444,0.0,0.0,0.0
CT013225,Zone_08,Zone_07,0.5,0.0,0.0,0.0,0.0,0.0,0.0,0.5,0.5,0.0,0.0
CT006804,Zone_05,Zone_08,0.4,0.0333,0.1,0.1,0.0,0.0333,0.0333,0.2,0.4,0.0333,0.0667
CT007304,Zone_08,Zone_01,0.2,0.2,0.2,0.0,0.0,0.0,0.0,0.2,0.2,0.0,0.2
CT009292,Zone_07,Zone_07,0.2786,0.0627,0.0807,0.0945,0.1261,0.0385,0.0471,0.2786,0.203,0.014,0.0549
CT011993,Zone_07,Zone_08,0.7143,0.0,0.1429,0.1429,0.0,0.0,0.0,0.0,0.7143,0.0,0.0
CT012935,Zone_09,Zone_10,0.8,0.0,0.0,0.0,0.0,0.0,0.0,0.0,0.2,0.0,0.8
CT012298,Zone_02,Zone_07,0.2786,0.0627,0.0807,0.0945,0.1261,0.0385,0.0471,0.2786,0.203,0.014,0.0549
CT015029,Zone_07,Zone_07,0.3448,0.0172,0.0862,0.1724,0.1724,0.0345,0.0517,0.3448,0.069,0.0345,0.0172
CT005982,Zone_07,Zone_08,0.3281,0.0391,0.0391,0.1641,0.1406,0.0312,0.0547,0.1016,0.3281,0.0078,0.0938
CT015209,Zone_04,Zone_04,0.6,0.0,0.0,0.2,0.6,0.0,0.0,0.0,0.2,0.0,0.0
CT004353,Zone_07,Zone_08,0.2094,0.0942,0.0942,0.0942,0.1466,0.0681,0.0314,0.1466,0.2094,0.0105,0.1047
CT015896,Zone_07,Zone_08,0.8571,0.0,0.0,0.0,0.0,0.0,0.0,0.1429,0.8571,0.0,0.0
CT004904,Zone_07,Zone_08,0.3529,0.0588,0.0,0.0588,0.2941,0.0588,0.0,0.1176,0.3529,0.0,0.0588
CT017327,Zone_06,Zone_08,0.4,0.0,0.0,0.0,0.0,0.2,0.0,0.2,0.4,0.0,0.2
CT006925,Zone_04,Zone_08,0.4667,0.0,0.0667,0.2,0.0,0.0,0.0667,0.0,0.4667,0.0,0.2
CT016949,Zone_01,Zone_07,0.2786,0.0627,0.0807,0.0945,0.1261,0.0385,0.0471,0.2786,0.203,0.014,0.0549
CT013803,Zone_03,Zone_07,0.2706,0.0771,0.0717,0.0986,0.1452,0.0323,0.0305,0.2706,0.19,0.0125,0.0717
CT018163,Zone_10,Zone_07,0.2786,0.0627,0.0807,0.0945,0.1261,0.0385,0.0471,0.2786,0.203,0.014,0.0549
CT010138,Zone_08,Zone_07,0.3235,0.0686,0.076,0.076,0.1397,0.0392,0.0343,0.3235,0.1716,0.0196,0.0515
CT002115,Zone_02,Zone_07,0.4627,0.0149,0.0299,0.0746,0.0448,0.0448,0.0299,0.4627,0.194,0.0,0.1045
CT011675,Zone_02,Zone_07,0.323,0.0431,0.0781,0.0956,0.1211,0.039,0.0256,0.323,0.1965,0.0108,0.0673
CT012938,Zone_04,Zone_07,0.2941,0.0471,0.0471,0.0706,0.1647,0.0471,0.0471,0.2941,0.2706,0.0,0.0118
CT006231,Zone_06,Zone_07,0.2786,0.0627,0.0807,0.0945,0.1261,0.0385,0.0471,0.2786,0.203,0.014,0.0549
CT013934,Zone_08,Zone_07,0.2786,0.0627,0.0807,0.0945,0.1261,0.0385,0.0471,0.2786,0.203,0.014,0.0549
CT019149,Zone_04,Zone_08,0.2571,0.0707,0.0511,0.0797,0.1564,0.0496,0.0406,0.2256,0.2571,0.012,0.0571
CT007630,Zone_07,Zone_07,0.2786,0.0627,0.0807,0.0945,0.1261,0.0385,0.0471,0.2786,0.203,0.014,0.0549
CT000367,Zone_07,Zone_04,0.2941,0.0294,0.1176,0.0588,0.2941,0.0588,0.1176,0.0882,0.1765,0.0294,0.0294
CT000429,Zone_02,Zone_08,0.5556,0.0,0.0,0.1111,0.0,0.0,0.0,0.1111,0.5556,0.0,0.2222
CT013840,Zone_07,Zone_07,0.3228,0.0582,0.0741,0.0917,0.1429,0.0247,0.0406,0.3228,0.1817,0.0106,0.0529
CT007482,Zone_06,Zone_04,0.6667,0.1667,0.0,0.1667,0.6667,0.0,0.0,0.0,0.0,0.0,0.0
CT012396,Zone_05,Zone_07,0.6429,0.0714,0.0,0.1429,0.0,0.0714,0.0714,0.6429,0.0,0.0,0.0
CT003876,Zone_08,Zone_07,0.3228,0.0582,0.0741,0.0917,0.1429,0.0247,0.0406,0.3228,0.1817,0.0106,0.0529
CT004107,Zone_07,Zone_07,0.2786,0.0627,0.0807,0.0945,0.1261,0.0385,0.0471,0.2786,0.203,0.014,0.0549
CT004609,Zone_03,Zone_07,0.2786,0.0627,0.0807,0.0945,0.1261,0.0385,0.0471,0.2786,0.203,0.014,0.0549
CT019730,Zone_08,Zone_01,0.2,0.2,0.1,0.2,0.1,0.0,0.0,0.2,0.0,0.1,0.1
CT005384,Zone_01,Zone_07,0.3247,0.0515,0.0979,0.0773,0.0773,0.0309,0.0155,0.3247,0.2474,0.0052,0.0722
CT014478,Zone_07,Zone_08,0.3019,0.0943,0.0472,0.1415,0.0566,0.0283,0.0189,0.217,0.3019,0.0566,0.0377
CT005160,Zone_04,Zone_08,0.3019,0.0943,0.0472,0.1415,0.0566,0.0283,0.0189,0.217,0.3019,0.0566,0.0377
CT018917,Zone_05,Zone_07,0.2786,0.0627,0.0807,0.0945,0.1261,0.0385,0.0471,0.2786,0.203,0.014,0.0549
CT013908,Zone_08,Zone_02,0.4,0.0,0.4,0.2,0.0,0.0,0.0,0.0,0.4,0.0,0.0
CT016425,Zone_07,Zone_07,0.3228,0.0582,0.0741,0.0917,0.1429,0.0247,0.0406,0.3228,0.1817,0.0106,0.0529
CT006573,Zone_08,Zone_07,0.2786,0.0627,0.0807,0.0945,0.1261,0.0385,0.0471,0.2786,0.203,0.014,0.0549
CT009051,Zone_03,Zone_07,0.2786,0.0627,0.0807,0.0945,0.1261,0.0385,0.0471,0.2786,0.203,0.014,0.0549
CT004104,Zone_04,Zone_08,0.2571,0.0707,0.0511,0.0797,0.1564,0.0496,0.0406,0.2256,0.2571,0.012,0.0571
CT004529,Zone_04,Zone_07,0.2786,0.0627,0.0807,0.0945,0.1261,0.0385,0.0471,0.2786,0.203,0.014,0.0549
CT003080,Zone_04,Zone_07,0.2786,0.0627,0.0807,0.0945,0.1261,0.0385,0.0471,0.2786,0.203,0.014,0.0549
CT011148,Zone_02,Zone_07,0.3228,0.0582,0.0741,0.0917,0.1429,0.0247,0.0406,0.3228,0.1817,0.0106,0.0529
CT009496,Zone_03,Zone_07,0.2786,0.0627,0.0807,0.0945,0.1261,0.0385,0.0471,0.2786,0.203,0.014,0.0549
CT018393,Zone_01,Zone_07,0.3448,0.0172,0.0862,0.1724,0.1724,0.0345,0.0517,0.3448,0.069,0.0345,0.0172
CT007541,Zone_10,Zone_07,0.3118,0.0753,0.043,0.1075,0.086,0.0323,0.0323,0.3118,0.2796,0.0215,0.0108
CT003980,Zone_07,Zone_07,0.3228,0.0582,0.0741,0.0917,0.1429,0.0247,0.0406,0.3228,0.1817,0.0106,0.0529
CT016162,Zone_04,Zone_07,0.2786,0.0627,0.0807,0.0945,0.1261,0.0385,0.0471,0.2786,0.203,0.014,0.0549
CT005811,Zone_07,Zone_07,0.323,0.0431,0.0781,0.0956,0.1211,0.039,0.0256,0.323,0.1965,0.0108,0.0673
CT004265,Zone_07,Zone_07,0.323,0.0431,0.0781,0.0956,0.1211,0.039,0.0256,0.323,0.1965,0.0108,0.0673
CT002298,Zone_02,Zone_01,0.7143,0.7143,0.1429,0.0,0.0,0.1429,0.0,0.0,0.0,0.0,0.0
CT005476,Zone_03,Zone_07,0.266,0.0496,0.1064,0.0922,0.1206,0.039,0.0532,0.266,0.2021,0.0035,0.0674
CT000892,Zone_10,Zone_07,0.2786,0.0627,0.0807,0.0945,0.1261,0.0385,0.0471,0.2786,0.203,0.014,0.0549
CT007667,Zone_07,Zone_08,0.268,0.0784,0.0458,0.0719,0.1503,0.0719,0.0196,0.2418,0.268,0.0131,0.0392
CT010793,Zone_07,Zone_03,0.6667,0.0,0.0,0.6667,0.0,0.0,0.0,0.1667,0.0,0.0,0.1667
CT013985,Zone_10,Zone_07,0.2647,0.1176,0.0882,0.0882,0.2059,0.0294,0.0294,0.2647,0.1176,0.0,0.0588
CT003668,Zone_03,Zone_07,0.2083,0.0417,0.125,0.0833,0.0833,0.0,0.1667,0.2083,0.2083,0.0417,0.0417
CT004759,Zone_02,Zone_07,0.2786,0.0627,0.0807,0.0945,0.1261,0.0385,0.0471,0.2786,0.203,0.014,0.0549
CT002621,Zone_07,Zone_08,0.3663,0.0594,0.0792,0.0792,0.0693,0.0693,0.0594,0.0891,0.3663,0.0198,0.1089
CT014877,Zone_06,Zone_07,0.2786,0.0627,0.0807,0.0945,0.1261,0.0385,0.0471,0.2786,0.203,0.014,0.0549
CT008558,Zone_08,Zone_07,0.2706,0.0771,0.0717,0.0986,0.1452,0.0323,0.0305,0.2706,0.19,0.0125,0.0717
CT009183,Zone_08,Zone_04,0.625,0.0,0.0,0.0,0.625,0.0,0.0,0.375,0.0,0.0,0.0
CT008366,Zone_10,Zone_07,0.3941,0.0632,0.052,0.0595,0.145,0.0372,0.0297,0.3941,0.1375,0.0074,0.0743
CT005257,Zone_08,Zone_07,0.3228,0.0582,0.0741,0.0917,0.1429,0.0247,0.0406,0.3228,0.1817,0.0106,0.0529
CT019248,Zone_07,Zone_07,0.2706,0.0771,0.0717,0.0986,0.1452,0.0323,0.0305,0.2706,0.19,0.0125,0.0717
CT010510,Zone_07,Zone_01,0.3333,0.3333,0.0,0.1111,0.0,0.0,0.0,0.0,0.2222,0.0,0.3333
CT016053,Zone_10,Zone_07,0.3247,0.0515,0.0979,0.0773,0.0773,0.0309,0.0155,0.3247,0.2474,0.0052,0.0722
CT001623,Zone_07,Zone_03,0.375,0.0,0.0,0.375,0.125,0.125,0.125,0.0,0.25,0.0,0.0
CT018389,Zone_07,Zone_07,0.2706,0.0771,0.0717,0.0986,0.1452,0.0323,0.0305,0.2706,0.19,0.0125,0.0717
CT008515,Zone_05,Zone_08,0.2571,0.0707,0.0511,0.0797,0.1564,0.0496,0.0406,0.2256,0.2571,0.012,0.0571
CT009442,Zone_10,Zone_08,0.4444,0.0556,0.0556,0.1111,0.1111,0.0278,0.0,0.1111,0.4444,0.0556,0.0278
CT017955,Zone_09,Zone_07,0.2786,0.0627,0.0807,0.0945,0.1261,0.0385,0.0471,0.2786,0.203,0.014,0.0549
CT016258,Zone_03,Zone_07,0.2786,0.0627,0.0807,0.0945,0.1261,0.0385,0.0471,0.2786,0.203,0.014,0.0549
CT018617,Zone_02,Zone_07,0.3871,0.0571,0.0571,0.0546,0.1191,0.0372,0.0298,0.3871,0.201,0.0099,0.0471
CT010955,Zone_06,Zone_07,0.2786,0.0627,0.0807,0.0945,0.1261,0.0385,0.0471,0.2786,0.203,0.014,0.0549
CT012905,Zone_03,Zone_08,0.2917,0.0833,0.0,0.0833,0.125,0.2083,0.0,0.125,0.2917,0.0,0.0833
CT011705,Zone_03,Zone_07,0.3085,0.0638,0.1383,0.0532,0.0745,0.0426,0.0426,0.3085,0.234,0.0,0.0426
CT009210,Zone_07,Zone_07,0.3206,0.1221,0.084,0.0916,0.1374,0.0305,0.0153,0.3206,0.1298,0.0,0.0687
CT010744,Zone_07,Zone_07,0.2786,0.0627,0.0807,0.0945,0.1261,0.0385,0.0471,0.2786,0.203,0.014,0.0549
CT001575,Zone_03,Zone_04,0.2651,0.0602,0.0361,0.1205,0.2651,0.0241,0.0,0.241,0.2169,0.0,0.0361
CT009750,Zone_03,Zone_07,0.3871,0.0571,0.0571,0.0546,0.1191,0.0372,0.0298,0.3871,0.201,0.0099,0.0471
CT019603,Zone_09,Zone_07,0.2786,0.0627,0.0807,0.0945,0.1261,0.0385,0.0471,0.2786,0.203,0.014,0.0549
CT017224,Zone_04,Zone_07,0.2706,0.0771,0.0717,0.0986,0.1452,0.0323,0.0305,0.2706,0.19,0.0125,0.0717
CT003952,Zone_10,Zone_07,0.2786,0.0627,0.0807,0.0945,0.1261,0.0385,0.0471,0.2786,0.203,0.014,0.0549
CT002709,Zone_01,Zone_07,0.2786,0.0627,0.0807,0.0945,0.1261,0.0385,0.0471,0.2786,0.203,0.014,0.0549
CT017740,Zone_07,Zone_04,0.6667,0.0,0.0,0.0,0.6667,0.0,0.0,0.3333,0.0,0.0,0.0
CT004834,Zone_07,Zone_04,0.3636,0.1136,0.1591,0.0909,0.3636,0.0,0.0909,0.0682,0.0455,0.0455,0.0227
CT007659,Zone_03,Zone_07,0.2786,0.0627,0.0807,0.0945,0.1261,0.0385,0.0471,0.2786,0.203,0.014,0.0549
CT014138,Zone_10,Zone_07,0.3228,0.0582,0.0741,0.0917,0.1429,0.0247,0.0406,0.3228,0.1817,0.0106,0.0529
CT013936,Zone_08,Zone_08,0.8333,0.0,0.1667,0.0,0.0,0.0,0.0,0.0,0.8333,0.0,0.0
CT010186,Zone_03,Zone_07,0.3074,0.0649,0.026,0.1126,0.1472,0.0216,0.039,0.3074,0.1861,0.0087,0.0866
CT001566,Zone_08,Zone_07,0.5833,0.0,0.0833,0.0,0.0,0.0,0.0,0.5833,0.25,0.0,0.0833
CT006901,Zone_05,Zone_07,0.2786,0.0627,0.0807,0.0945,0.1261,0.0385,0.0471,0.2786,0.203,0.014,0.0549
CT009170,Zone_04,Zone_07,0.2786,0.0627,0.0807,0.0945,0.1261,0.0385,0.0471,0.2786,0.203,0.014,0.0549
CT001644,Zone_01,Zone_07,0.2786,0.0627,0.0807,0.0945,0.1261,0.0385,0.0471,0.2786,0.203,0.014,0.0549
CT018640,Zone_09,Zone_08,0.2571,0.0707,0.0511,0.0797,0.1564,0.0496,0.0406,0.2256,0.2571,0.012,0.0571
CT011698,Zone_07,Zone_07,0.3143,0.0643,0.1143,0.05,0.1286,0.0286,0.0643,0.3143,0.2143,0.0071,0.0143
CT013858,Zone_04,Zone_07,0.2786,0.0627,0.0807,0.0945,0.1261,0.0385,0.0471,0.2786,0.203,0.014,0.0549
CT008036,Zone_07,Zone_07,0.3228,0.0582,0.0741,0.0917,0.1429,0.0247,0.0406,0.3228,0.1817,0.0106,0.0529
CT000620,Zone_02,Zone_07,0.3166,0.0452,0.0754,0.0905,0.1055,0.0151,0.0603,0.3166,0.2412,0.005,0.0452
CT005000,Zone_08,Zone_07,0.2353,0.1765,0.1765,0.0588,0.1765,0.1176,0.0,0.2353,0.0588,0.0,0.0
CT013835,Zone_07,Zone_08,0.2571,0.0707,0.0511,0.0797,0.1564,0.0496,0.0406,0.2256,0.2571,0.012,0.0571
CT013161,Zone_02,Zone_07,0.2706,0.0771,0.0717,0.0986,0.1452,0.0323,0.0305,0.2706,0.19,0.0125,0.0717
CT014410,Zone_08,Zone_08,0.2571,0.0707,0.0511,0.0797,0.1564,0.0496,0.0406,0.2256,0.2571,0.012,0.0571
CT004673,Zone_02,Zone_08,0.8,0.0,0.0,0.0,0.0,0.0,0.2,0.0,0.8,0.0,0.0
CT014750,Zone_06,Zone_07,0.2786,0.0627,0.0807,0.0945,0.1261,0.0385,0.0471,0.2786,0.203,0.014,0.0549
CT010241,Zone_04,Zone_07,0.2786,0.0627,0.0807,0.0945,0.1261,0.0385,0.0471,0.2786,0.203,0.014,0.0549
CT005552,Zone_02,Zone_07,0.2786,0.0627,0.0807,0.0945,0.1261,0.0385,0.0471,0.2786,0.203,0.014,0.0549
CT013890,Zone_03,Zone_08,0.2571,0.0707,0.0511,0.0797,0.1564,0.0496,0.0406,0.2256,0.2571,0.012,0.0571
CT009851,Zone_04,Zone_07,0.2786,0.0627,0.0807,0.0945,0.1261,0.0385,0.0471,0.2786,0.203,0.014,0.0549
CT009117,Zone_03,Zone_04,0.2353,0.1176,0.1765,0.0588,0.2353,0.0588,0.0,0.1176,0.0588,0.0,0.1765
CT000914,Zone_10,Zone_08,0.6,0.2,0.0,0.0,0.0,0.0,0.0,0.2,0.6,0.0,0.0
CT008781,Zone_07,Zone_04,0.3636,0.1136,0.1591,0.0909,0.3636,0.0,0.0909,0.0682,0.0455,0.0455,0.0227
CT006854,Zone_08,Zone_07,0.3871,0.0571,0.0571,0.0546,0.1191,0.0372,0.0298,0.3871,0.201,0.0099,0.0471
CT004665,Zone_07,Zone_04,0.2651,0.0602,0.0361,0.1205,0.2651,0.0241,0.0,0.241,0.2169,0.0,0.0361
CT018249,Zone_06,Zone_07,0.2786,0.0627,0.0807,0.0945,0.1261,0.0385,0.0471,0.2786,0.203,0.014,0.0549
CT018001,Zone_03,Zone_07,0.2786,0.0627,0.0807,0.0945,0.1261,0.0385,0.0471,0.2786,0.203,0.014,0.0549
CT009980,Zone_03,Zone_04,0.2857,0.1429,0.1429,0.1429,0.2857,0.0,0.2857,0.0,0.0,0.0,0.0
CT013741,Zone_07,Zone_08,0.2094,0.0942,0.0942,0.0942,0.1466,0.0681,0.0314,0.1466,0.2094,0.0105,0.1047
CT018776,Zone_08,Zone_08,0.2571,0.0707,0.0511,0.0797,0.1564,0.0496,0.0406,0.2256,0.2571,0.012,0.0571
CT011895,Zone_02,Zone_07,0.2786,0.0627,0.0807,0.0945,0.1261,0.0385,0.0471,0.2786,0.203,0.014,0.0549
CT005849,Zone_03,Zone_04,0.6667,0.0,0.0,0.0,0.6667,0.0,0.0,0.3333,0.0,0.0,0.0
CT014991,Zone_06,Zone_08,0.5556,0.0,0.0,0.0,0.1111,0.0,0.0,0.1111,0.5556,0.0,0.2222
CT015678,Zone_02,Zone_07,0.3125,0.0104,0.0417,0.1146,0.1354,0.0521,0.0208,0.3125,0.2708,0.0208,0.0208
CT006291,Zone_07,Zone_07,0.2786,0.0627,0.0807,0.0945,0.1261,0.0385,0.0471,0.2786,0.203,0.014,0.0549
CT004338,Zone_02,Zone_08,0.3663,0.0594,0.0792,0.0792,0.0693,0.0693,0.0594,0.0891,0.3663,0.0198,0.1089
CT012599,Zone_08,Zone_08,0.2571,0.0707,0.0511,0.0797,0.1564,0.0496,0.0406,0.2256,0.2571,0.012,0.0571
CT007341,Zone_07,Zone_03,0.4,0.2,0.0,0.4,0.2,0.0,0.0,0.0,0.2,0.0,0.0
CT009705,Zone_04,Zone_04,0.3333,0.0,0.0,0.2222,0.3333,0.0,0.0,0.3333,0.0,0.0,0.1111
CT003318,Zone_03,Zone_07,0.2941,0.0294,0.1078,0.098,0.0588,0.0392,0.0098,0.2941,0.2353,0.0196,0.1078
CT014931,Zone_04,Zone_08,0.2094,0.0942,0.0942,0.0942,0.1466,0.0681,0.0314,0.1466,0.2094,0.0105,0.1047
CT015194,Zone_04,Zone_07,0.266,0.0496,0.1064,0.0922,0.1206,0.039,0.0532,0.266,0.2021,0.0035,0.0674
CT011100,Zone_08,Zone_04,0.6667,0.0,0.0,0.0,0.6667,0.0,0.0,0.1667,0.0,0.1667,0.0
CT007927,Zone_01,Zone_07,0.2786,0.0627,0.0807,0.0945,0.1261,0.0385,0.0471,0.2786,0.203,0.014,0.0549
CT012374,Zone_02,Zone_07,0.2786,0.0627,0.0807,0.0945,0.1261,0.0385,0.0471,0.2786,0.203,0.014,0.0549
CT015055,Zone_07,Zone_07,0.2786,0.0627,0.0807,0.0945,0.1261,0.0385,0.0471,0.2786,0.203,0.014,0.0549
CT006319,Zone_08,Zone_08,0.2903,0.0968,0.2258,0.0645,0.0645,0.0323,0.0,0.1613,0.2903,0.0,0.0645
CT003115,Zone_08,Zone_08,0.2571,0.0707,0.0511,0.0797,0.1564,0.0496,0.0406,0.2256,0.2571,0.012,0.0571
CT014272,Zone_07,Zone_08,0.4909,0.0545,0.0727,0.0364,0.0727,0.0,0.0364,0.1091,0.4909,0.0,0.1273
CT016088,Zone_02,Zone_08,0.3611,0.0556,0.0556,0.0833,0.1667,0.0278,0.0278,0.1111,0.3611,0.0556,0.0556
CT008715,Zone_02,Zone_08,0.3529,0.0588,0.0,0.0588,0.2941,0.0588,0.0,0.1176,0.3529,0.0,0.0588
CT005403,Zone_05,Zone_07,0.2786,0.0627,0.0807,0.0945,0.1261,0.0385,0.0471,0.2786,0.203,0.014,0.0549
CT001118,Zone_07,Zone_07,0.2786,0.0627,0.0807,0.0945,0.1261,0.0385,0.0471,0.2786,0.203,0.014,0.0549
CT014203,Zone_07,Zone_08,0.2094,0.0942,0.0942,0.0942,0.1466,0.0681,0.0314,0.1466,0.2094,0.0105,0.1047
CT013603,Zone_08,Zone_07,0.2706,0.0771,0.0717,0.0986,0.1452,0.0323,0.0305,0.2706,0.19,0.0125,0.0717
CT017056,Zone_01,Zone_07,0.2786,0.0627,0.0807,0.0945,0.1261,0.0385,0.0471,0.2786,0.203,0.014,0.0549
CT002208,Zone_08,Zone_04,0.6667,0.1667,0.0,0.1667,0.6667,0.0,0.0,0.0,0.0,0.0,0.0
CT006221,Zone_08,Zone_07,0.2083,0.0417,0.125,0.0833,0.0833,0.0,0.1667,0.2083,0.2083,0.0417,0.0417
CT019685,Zone_08,Zone_07,0.3448,0.0172,0.0862,0.1724,0.1724,0.0345,0.0517,0.3448,0.069,0.0345,0.0172
CT003530,Zone_08,Zone_07,0.2706,0.0771,0.0717,0.0986,0.1452,0.0323,0.0305,0.2706,0.19,0.0125,0.0717
CT015892,Zone_08,Zone_08,0.4444,0.0,0.0,0.0,0.3333,0.0,0.0,0.0,0.4444,0.0,0.2222
CT009276,Zone_02,Zone_08,0.2571,0.0707,0.0511,0.0797,0.1564,0.0496,0.0406,0.2256,0.2571,0.012,0.0571
CT011499,Zone_07,Zone_07,0.3941,0.0632,0.052,0.0595,0.145,0.0372,0.0297,0.3941,0.1375,0.0074,0.0743
CT005250,Zone_07,Zone_07,0.323,0.0431,0.0781,0.0956,0.1211,0.039,0.0256,0.323,0.1965,0.0108,0.0673
CT000830,Zone_04,Zone_04,0.25,0.0208,0.0833,0.1042,0.25,0.0208,0.0208,0.25,0.1667,0.0,0.0833
CT019390,Zone_04,Zone_07,0.2786,0.0627,0.0807,0.0945,0.1261,0.0385,0.0471,0.2786,0.203,0.014,0.0549
CT014381,Zone_07,Zone_07,0.3228,0.0582,0.0741,0.0917,0.1429,0.0247,0.0406,0.3228,0.1817,0.0106,0.0529
CT016812,Zone_10,Zone_07,0.2786,0.0627,0.0807,0.0945,0.1261,0.0385,0.0471,0.2786,0.203,0.014,0.0549
CT008883,Zone_07,Zone_08,0.2571,0.0707,0.0511,0.0797,0.1564,0.0496,0.0406,0.2256,0.2571,0.012,0.0571
CT013493,Zone_07,Zone_02,0.5,0.0,0.5,0.0,0.1667,0.0,0.0,0.0,0.3333,0.0,0.0
CT019104,Zone_08,Zone_09,0.4,0.2,0.0,0.0,0.2,0.0,0.0,0.0,0.2,0.4,0.0
CT011223,Zone_02,Zone_07,0.7,0.0,0.0,0.1,0.1,0.1,0.0,0.7,0.0,0.0,0.0
CT014474,Zone_02,Zone_04,0.6667,0.0,0.0,0.0,0.6667,0.0,0.0,0.3333,0.0,0.0,0.0
CT015843,Zone_08,Zone_07,0.2786,0.0627,0.0807,0.0945,0.1261,0.0385,0.0471,0.2786,0.203,0.014,0.0549
CT014644,Zone_07,Zone_08,0.7857,0.0,0.0,0.0714,0.0714,0.0714,0.0,0.0,0.7857,0.0,0.0
CT005539,Zone_05,Zone_07,0.3166,0.0452,0.0754,0.0905,0.1055,0.0151,0.0603,0.3166,0.2412,0.005,0.0452
CT011815,Zone_08,Zone_02,0.4,0.0,0.4,0.0,0.4,0.0,0.0,0.0,0.2,0.0,0.0
CT001953,Zone_07,Zone_07,0.3871,0.0571,0.0571,0.0546,0.1191,0.0372,0.0298,0.3871,0.201,0.0099,0.0471
CT010789,Zone_02,Zone_07,0.3871,0.0571,0.0571,0.0546,0.1191,0.0372,0.0298,0.3871,0.201,0.0099,0.0471
CT012997,Zone_07,Zone_07,0.2786,0.0627,0.0807,0.0945,0.1261,0.0385,0.0471,0.2786,0.203,0.014,0.0549
CT015999,Zone_07,Zone_07,0.2786,0.0627,0.0807,0.0945,0.1261,0.0385,0.0471,0.2786,0.203,0.014,0.0549
CT017662,Zone_01,Zone_07,0.2353,0.1765,0.1765,0.0588,0.1765,0.1176,0.0,0.2353,0.0588,0.0,0.0
CT012662,Zone_04,Zone_07,0.3074,0.0649,0.026,0.1126,0.1472,0.0216,0.039,0.3074,0.1861,0.0087,0.0866
CT014464,Zone_04,Zone_08,0.2571,0.0707,0.0511,0.0797,0.1564,0.0496,0.0406,0.2256,0.2571,0.012,0.0571
CT003915,Zone_05,Zone_03,0.2941,0.0,0.0588,0.2941,0.1176,0.0,0.0588,0.1765,0.1765,0.1176,0.0
CT003849,Zone_04,Zone_07,0.2786,0.0627,0.0807,0.0945,0.1261,0.0385,0.0471,0.2786,0.203,0.014,0.0549
CT009762,Zone_02,Zone_07,0.2786,0.0627,0.0807,0.0945,0.1261,0.0385,0.0471,0.2786,0.203,0.014,0.0549
CT015372,Zone_02,Zone_07,0.2706,0.0771,0.0717,0.0986,0.1452,0.0323,0.0305,0.2706,0.19,0.0125,0.0717
CT000282,Zone_01,Zone_07,0.2706,0.0771,0.0717,0.0986,0.1452,0.0323,0.0305,0.2706,0.19,0.0125,0.0717
CT014007,Zone_07,Zone_07,0.35,0.0,0.0,0.05,0.15,0.0,0.05,0.35,0.35,0.0,0.05
CT011393,Zone_08,Zone_07,0.2706,0.0771,0.0717,0.0986,0.1452,0.0323,0.0305,0.2706,0.19,0.0125,0.0717
CT017804,Zone_07,Zone_07,0.2786,0.0627,0.0807,0.0945,0.1261,0.0385,0.0471,0.2786,0.203,0.014,0.0549
CT016247,Zone_07,Zone_07,0.3871,0.0571,0.0571,0.0546,0.1191,0.0372,0.0298,0.3871,0.201,0.0099,0.0471
CT011302,Zone_10,Zone_07,0.2786,0.0627,0.0807,0.0945,0.1261,0.0385,0.0471,0.2786,0.203,0.014,0.0549
CT016546,Zone_08,Zone_01,0.2,0.2,0.2,0.0,0.0,0.2,0.0,0.2,0.2,0.0,0.0
CT007929,Zone_02,Zone_07,0.2786,0.0627,0.0807,0.0945,0.1261,0.0385,0.0471,0.2786,0.203,0.014,0.0549
CT018385,Zone_08,Zone_07,0.2786,0.0627,0.0807,0.0945,0.1261,0.0385,0.0471,0.2786,0.203,0.014,0.0549
CT005206,Zone_02,Zone_07,0.323,0.0431,0.0781,0.0956,0.1211,0.039,0.0256,0.323,0.1965,0.0108,0.0673
CT017922,Zone_06,Zone_07,0.2353,0.1765,0.1765,0.0588,0.1765,0.1176,0.0,0.2353,0.0588,0.0,0.0
CT013621,Zone_07,Zone_07,0.3228,0.0582,0.0741,0.0917,0.1429,0.0247,0.0406,0.3228,0.1817,0.0106,0.0529
CT017269,Zone_07,Zone_07,0.2786,0.0627,0.0807,0.0945,0.1261,0.0385,0.0471,0.2786,0.203,0.014,0.0549
CT013140,Zone_07,Zone_07,0.3228,0.0582,0.0741,0.0917,0.1429,0.0247,0.0406,0.3228,0.1817,0.0106,0.0529
CT012218,Zone_04,Zone_07,0.2706,0.0771,0.0717,0.0986,0.1452,0.0323,0.0305,0.2706,0.19,0.0125,0.0717
CT000827,Zone_08,Zone_07,0.2969,0.0625,0.1406,0.0469,0.0781,0.0625,0.0469,0.2969,0.1875,0.0,0.0781
CT011791,Zone_07,Zone_08,0.2727,0.1136,0.0455,0.0682,0.1818,0.0682,0.0,0.1364,0.2727,0.0227,0.0909
CT011106,Zone_01,Zone_07,0.2786,0.0627,0.0807,0.0945,0.1261,0.0385,0.0471,0.2786,0.203,0.014,0.0549
CT010885,Zone_06,Zone_07,0.5714,0.2857,0.0,0.0,0.0,0.0,0.0,0.5714,0.1429,0.0,0.0
CT013330,Zone_07,Zone_07,0.2786,0.0627,0.0807,0.0945,0.1261,0.0385,0.0471,0.2786,0.203,0.014,0.0549
CT004583,Zone_07,Zone_04,0.6667,0.1667,0.0,0.1667,0.6667,0.0,0.0,0.0,0.0,0.0,0.0
CT014788,Zone_07,Zone_07,0.2941,0.0471,0.0471,0.0706,0.1647,0.0471,0.0471,0.2941,0.2706,0.0,0.0118
CT001300,Zone_05,Zone_07,0.2786,0.0627,0.0807,0.0945,0.1261,0.0385,0.0471,0.2786,0.203,0.014,0.0549
CT011782,Zone_07,Zone_07,0.2969,0.0625,0.1406,0.0469,0.0781,0.0625,0.0469,0.2969,0.1875,0.0,0.0781
CT009150,Zone_03,Zone_08,0.2812,0.0536,0.0804,0.1071,0.0848,0.0357,0.067,0.2277,0.2812,0.0,0.0625
CT007601,Zone_09,Zone_07,0.2786,0.0627,0.0807,0.0945,0.1261,0.0385,0.0471,0.2786,0.203,0.014,0.0549
CT014107,Zone_07,Zone_07,0.2786,0.0627,0.0807,0.0945,0.1261,0.0385,0.0471,0.2786,0.203,0.014,0.0549
CT013183,Zone_03,Zone_07,0.266,0.0496,0.1064,0.0922,0.1206,0.039,0.0532,0.266,0.2021,0.0035,0.0674
CT002945,Zone_04,Zone_07,0.3143,0.0643,0.1143,0.05,0.1286,0.0286,0.0643,0.3143,0.2143,0.0071,0.0143
CT011594,Zone_08,Zone_07,0.2786,0.0627,0.0807,0.0945,0.1261,0.0385,0.0471,0.2786,0.203,0.014,0.0549
CT017406,Zone_07,Zone_07,0.2706,0.0771,0.0717,0.0986,0.1452,0.0323,0.0305,0.2706,0.19,0.0125,0.0717
CT010579,Zone_04,Zone_07,0.2786,0.0627,0.0807,0.0945,0.1261,0.0385,0.0471,0.2786,0.203,0.014,0.0549
CT013916,Zone_08,Zone_04,0.6,0.0,0.0,0.0,0.6,0.2,0.2,0.0,0.0,0.0,0.0
CT010180,Zone_08,Zone_07,0.3085,0.0638,0.1383,0.0532,0.0745,0.0426,0.0426,0.3085,0.234,0.0,0.0426
CT017695,Zone_08,Zone_08,0.3019,0.0943,0.0472,0.1415,0.0566,0.0283,0.0189,0.217,0.3019,0.0566,0.0377
CT017177,Zone_07,Zone_07,0.2786,0.0627,0.0807,0.0945,0.1261,0.0385,0.0471,0.2786,0.203,0.014,0.0549
CT016847,Zone_04,Zone_04,0.4545,0.0455,0.0909,0.1364,0.4545,0.0,0.0909,0.1364,0.0455,0.0,0.0
CT013733,Zone_08,Zone_07,0.3247,0.0515,0.0979,0.0773,0.0773,0.0309,0.0155,0.3247,0.2474,0.0052,0.0722
CT018926,Zone_01,Zone_04,0.3333,0.1111,0.0,0.0,0.3333,0.0,0.1111,0.1111,0.1111,0.0,0.2222
CT018565,Zone_07,Zone_07,0.2786,0.0627,0.0807,0.0945,0.1261,0.0385,0.0471,0.2786,0.203,0.014,0.0549
CT001890,Zone_08,Zone_07,0.3228,0.0582,0.0741,0.0917,0.1429,0.0247,0.0406,0.3228,0.1817,0.0106,0.0529
CT004084,Zone_04,Zone_07,0.2786,0.0627,0.0807,0.0945,0.1261,0.0385,0.0471,0.2786,0.203,0.014,0.0549
CT004692,Zone_04,Zone_08,0.2571,0.0707,0.0511,0.0797,0.1564,0.0496,0.0406,0.2256,0.2571,0.012,0.0571
CT006765,Zone_04,Zone_04,0.2941,0.0294,0.1176,0.0588,0.2941,0.0588,0.1176,0.0882,0.1765,0.0294,0.0294
CT005661,Zone_08,Zone_07,0.3941,0.0632,0.052,0.0595,0.145,0.0372,0.0297,0.3941,0.1375,0.0074,0.0743
CT013626,Zone_07,Zone_07,0.2786,0.0627,0.0807,0.0945,0.1261,0.0385,0.0471,0.2786,0.203,0.014,0.0549
CT000475,Zone_04,Zone_07,0.3118,0.0753,0.043,0.1075,0.086,0.0323,0.0323,0.3118,0.2796,0.0215,0.0108
CT007821,Zone_08,Zone_08,0.268,0.0784,0.0458,0.0719,0.1503,0.0719,0.0196,0.2418,0.268,0.0131,0.0392
CT011650,Zone_07,Zone_02,0.8,0.0,0.8,0.0,0.0,0.2,0.0,0.0,0.0,0.0,0.0
CT007071,Zone_08,Zone_07,0.266,0.0496,0.1064,0.0922,0.1206,0.039,0.0532,0.266,0.2021,0.0035,0.0674
CT000127,Zone_04,Zone_07,0.2786,0.0627,0.0807,0.0945,0.1261,0.0385,0.0471,0.2786,0.203,0.014,0.0549
CT006190,Zone_07,Zone_07,0.2786,0.0627,0.0807,0.0945,0.1261,0.0385,0.0471,0.2786,0.203,0.014,0.0549
CT019805,Zone_02,Zone_08,0.3281,0.0391,0.0391,0.1641,0.1406,0.0312,0.0547,0.1016,0.3281,0.0078,0.0938
CT006969,Zone_08,Zone_08,0.2571,0.0707,0.0511,0.0797,0.1564,0.0496,0.0406,0.2256,0.2571,0.012,0.0571
CT007502,Zone_07,Zone_08,0.2571,0.0707,0.0511,0.0797,0.1564,0.0496,0.0406,0.2256,0.2571,0.012,0.0571
CT014095,Zone_02,Zone_08,0.5333,0.0,0.0,0.1333,0.0,0.0667,0.1333,0.1333,0.5333,0.0,0.0
CT007831,Zone_10,Zone_07,0.3871,0.0571,0.0571,0.0546,0.1191,0.0372,0.0298,0.3871,0.201,0.0099,0.0471
CT009264,Zone_07,Zone_08,0.3247,0.0909,0.1299,0.0779,0.1169,0.026,0.026,0.1558,0.3247,0.013,0.039
CT004763,Zone_06,Zone_07,0.2786,0.0627,0.0807,0.0945,0.1261,0.0385,0.0471,0.2786,0.203,0.014,0.0549
CT018894,Zone_03,Zone_07,0.266,0.0496,0.1064,0.0922,0.1206,0.039,0.0532,0.266,0.2021,0.0035,0.0674
CT007606,Zone_10,Zone_07,0.2786,0.0627,0.0807,0.0945,0.1261,0.0385,0.0471,0.2786,0.203,0.014,0.0549
CT001929,Zone_02,Zone_07,0.3478,0.1522,0.0652,0.1522,0.1304,0.0217,0.0217,0.3478,0.1087,0.0,0.0
CT004052,Zone_07,Zone_07,0.323,0.0431,0.0781,0.0956,0.1211,0.039,0.0256,0.323,0.1965,0.0108,0.0673
CT005673,Zone_05,Zone_07,0.2786,0.0627,0.0807,0.0945,0.1261,0.0385,0.0471,0.2786,0.203,0.014,0.0549
CT004100,Zone_06,Zone_08,0.2424,0.1212,0.0606,0.1818,0.0303,0.0909,0.0,0.1818,0.2424,0.0606,0.0303
CT009828,Zone_08,Zone_07,0.2786,0.0627,0.0807,0.0945,0.1261,0.0385,0.0471,0.2786,0.203,0.014,0.0549
CT001093,Zone_04,Zone_08,0.2812,0.0536,0.0804,0.1071,0.0848,0.0357,0.067,0.2277,0.2812,0.0,0.0625
CT012879,Zone_08,Zone_07,0.3118,0.0753,0.043,0.1075,0.086,0.0323,0.0323,0.3118,0.2796,0.0215,0.0108
CT007871,Zone_02,Zone_08,0.2571,0.0707,0.0511,0.0797,0.1564,0.0496,0.0406,0.2256,0.2571,0.012,0.0571
CT019270,Zone_02,Zone_07,0.2706,0.0771,0.0717,0.0986,0.1452,0.0323,0.0305,0.2706,0.19,0.0125,0.0717
CT017181,Zone_08,Zone_07,0.323,0.0431,0.0781,0.0956,0.1211,0.039,0.0256,0.323,0.1965,0.0108,0.0673
CT007825,Zone_10,Zone_07,0.2786,0.0627,0.0807,0.0945,0.1261,0.0385,0.0471,0.2786,0.203,0.014,0.0549
CT007398,Zone_04,Zone_07,0.2786,0.0627,0.0807,0.0945,0.1261,0.0385,0.0471,0.2786,0.203,0.014,0.0549
CT009712,Zone_08,Zone_07,0.2786,0.0627,0.0807,0.0945,0.1261,0.0385,0.0471,0.2786,0.203,0.014,0.0549
CT004523,Zone_07,Zone_07,0.2786,0.0627,0.0807,0.0945,0.1261,0.0385,0.0471,0.2786,0.203,0.014,0.0549
CT017063,Zone_07,Zone_08,0.2571,0.0707,0.0511,0.0797,0.1564,0.0496,0.0406,0.2256,0.2571,0.012,0.0571
CT012709,Zone_04,Zone_07,0.3871,0.0571,0.0571,0.0546,0.1191,0.0372,0.0298,0.3871,0.201,0.0099,0.0471
CT019406,Zone_07,Zone_07,0.2786,0.0627,0.0807,0.0945,0.1261,0.0385,0.0471,0.2786,0.203,0.014,0.0549
CT010725,Zone_10,Zone_04,0.4286,0.1429,0.0,0.0,0.4286,0.0,0.0,0.1429,0.2857,0.0,0.0
CT016794,Zone_08,Zone_02,0.375,0.125,0.375,0.0,0.0,0.0,0.0,0.0,0.375,0.0,0.125
CT015767,Zone_02,Zone_07,0.323,0.0431,0.0781,0.0956,0.1211,0.039,0.0256,0.323,0.1965,0.0108,0.0673
CT011562,Zone_07,Zone_08,0.3696,0.0217,0.0435,0.1087,0.0217,0.0217,0.0652,0.3043,0.3696,0.0217,0.0217
CT005392,Zone_05,Zone_08,0.4375,0.0312,0.0625,0.0,0.25,0.0,0.0312,0.125,0.4375,0.0312,0.0312
CT007647,Zone_02,Zone_07,0.3206,0.1221,0.084,0.0916,0.1374,0.0305,0.0153,0.3206,0.1298,0.0,0.0687
CT014945,Zone_07,Zone_08,0.4444,0.0556,0.0556,0.1111,0.1111,0.0278,0.0,0.1111,0.4444,0.0556,0.0278
CT006576,Zone_07,Zone_04,0.5714,0.1429,0.0,0.0,0.5714,0.0,0.1429,0.1429,0.0,0.0,0.0
CT015207,Zone_08,Zone_07,0.2786,0.0627,0.0807,0.0945,0.1261,0.0385,0.0471,0.2786,0.203,0.014,0.0549
CT010223,Zone_08,Zone_03,0.2941,0.0,0.0588,0.2941,0.1176,0.0,0.0588,0.1765,0.1765,0.1176,0.0
CT013738,Zone_05,Zone_07,0.5625,0.0625,0.0625,0.125,0.0,0.0,0.0,0.5625,0.1875,0.0,0.0
CT015380,Zone_07,Zone_08,0.2571,0.0707,0.0511,0.0797,0.1564,0.0496,0.0406,0.2256,0.2571,0.012,0.0571
CT019799,Zone_07,Zone_04,0.25,0.0208,0.0833,0.1042,0.25,0.0208,0.0208,0.25,0.1667,0.0,0.0833
CT019863,Zone_07,Zone_08,0.3281,0.0391,0.0391,0.1641,0.1406,0.0312,0.0547,0.1016,0.3281,0.0078,0.0938
CT009575,Zone_02,Zone_08,0.2094,0.0942,0.0942,0.0942,0.1466,0.0681,0.0314,0.1466,0.2094,0.0105,0.1047
CT004557,Zone_07,Zone_02,0.6,0.2,0.6,0.0,0.0,0.0,0.0,0.2,0.0,0.0,0.0
CT014193,Zone_08,Zone_07,0.3085,0.0638,0.1383,0.0532,0.0745,0.0426,0.0426,0.3085,0.234,0.0,0.0426
CT014899,Zone_02,Zone_04,0.2857,0.0952,0.0,0.0476,0.2857,0.0,0.0,0.2857,0.1429,0.0,0.1429
CT015788,Zone_04,Zone_07,0.3941,0.0632,0.052,0.0595,0.145,0.0372,0.0297,0.3941,0.1375,0.0074,0.0743
CT008060,Zone_07,Zone_07,0.2786,0.0627,0.0807,0.0945,0.1261,0.0385,0.0471,0.2786,0.203,0.014,0.0549
CT016153,Zone_05,Zone_07,0.4444,0.0,0.0,0.0,0.2222,0.1111,0.0,0.4444,0.2222,0.0,0.0
CT017364,Zone_03,Zone_07,0.2786,0.0627,0.0807,0.0945,0.1261,0.0385,0.0471,0.2786,0.203,0.014,0.0549
CT008191,Zone_08,Zone_08,0.4909,0.0545,0.0727,0.0364,0.0727,0.0,0.0364,0.1091,0.4909,0.0,0.1273
CT003953,Zone_10,Zone_07,0.2786,0.0627,0.0807,0.0945,0.1261,0.0385,0.0471,0.2786,0.203,0.014,0.0549
CT014511,Zone_10,Zone_07,0.2786,0.0627,0.0807,0.0945,0.1261,0.0385,0.0471,0.2786,0.203,0.014,0.0549
CT012476,Zone_07,Zone_07,0.2786,0.0627,0.0807,0.0945,0.1261,0.0385,0.0471,0.2786,0.203,0.014,0.0549
CT013289,Zone_08,Zone_08,0.268,0.0784,0.0458,0.0719,0.1503,0.0719,0.0196,0.2418,0.268,0.0131,0.0392
CT008490,Zone_07,Zone_03,0.375,0.0,0.0,0.375,0.125,0.0,0.0,0.125,0.25,0.0,0.125
CT006762,Zone_07,Zone_07,0.3871,0.0571,0.0571,0.0546,0.1191,0.0372,0.0298,0.3871,0.201,0.0099,0.0471
CT016792,Zone_07,Zone_08,0.268,0.0784,0.0458,0.0719,0.1503,0.0719,0.0196,0.2418,0.268,0.0131,0.0392
CT015622,Zone_08,Zone_07,0.2786,0.0627,0.0807,0.0945,0.1261,0.0385,0.0471,0.2786,0.203,0.014,0.0549
CT003614,Zone_06,Zone_07,0.2786,0.0627,0.0807,0.0945,0.1261,0.0385,0.0471,0.2786,0.203,0.014,0.0549
CT002910,Zone_07,Zone_07,0.2786,0.0627,0.0807,0.0945,0.1261,0.0385,0.0471,0.2786,0.203,0.014,0.0549
CT009608,Zone_08,Zone_07,0.2786,0.0627,0.0807,0.0945,0.1261,0.0385,0.0471,0.2786,0.203,0.014,0.0549
CT006538,Zone_08,Zone_07,0.2083,0.0417,0.125,0.0833,0.0833,0.0,0.1667,0.2083,0.2083,0.0417,0.0417
CT016490,Zone_05,Zone_07,0.4595,0.0405,0.0946,0.0541,0.0541,0.0135,0.0541,0.4595,0.1486,0.0135,0.0676
CT000762,Zone_03,Zone_07,0.3871,0.0571,0.0571,0.0546,0.1191,0.0372,0.0298,0.3871,0.201,0.0099,0.0471
CT001583,Zone_08,Zone_07,0.2786,0.0627,0.0807,0.0945,0.1261,0.0385,0.0471,0.2786,0.203,0.014,0.0549
CT005800,Zone_05,Zone_08,0.2571,0.0707,0.0511,0.0797,0.1564,0.0496,0.0406,0.2256,0.2571,0.012,0.0571
CT011000,Zone_06,Zone_08,0.3019,0.0943,0.0472,0.1415,0.0566,0.0283,0.0189,0.217,0.3019,0.0566,0.0377
CT018448,Zone_02,Zone_07,0.323,0.0431,0.0781,0.0956,0.1211,0.039,0.0256,0.323,0.1965,0.0108,0.0673
CT011783,Zone_07,Zone_07,0.2786,0.0627,0.0807,0.0945,0.1261,0.0385,0.0471,0.2786,0.203,0.014,0.0549
CT005178,Zone_02,Zone_07,0.3941,0.0632,0.052,0.0595,0.145,0.0372,0.0297,0.3941,0.1375,0.0074,0.0743
CT004179,Zone_08,Zone_07,0.3228,0.0582,0.0741,0.0917,0.1429,0.0247,0.0406,0.3228,0.1817,0.0106,0.0529
CT009446,Zone_04,Zone_08,0.3455,0.0364,0.0364,0.0364,0.2727,0.0364,0.0545,0.1455,0.3455,0.0,0.0364
CT012633,Zone_10,Zone_07,0.2786,0.0627,0.0807,0.0945,0.1261,0.0385,0.0471,0.2786,0.203,0.014,0.0549
CT018063,Zone_07,Zone_08,0.2094,0.0942,0.0942,0.0942,0.1466,0.0681,0.0314,0.1466,0.2094,0.0105,0.1047
CT015574,Zone_07,Zone_08,0.2571,0.0707,0.0511,0.0797,0.1564,0.0496,0.0406,0.2256,0.2571,0.012,0.0571
CT002437,Zone_08,Zone_07,0.2786,0.0627,0.0807,0.0945,0.1261,0.0385,0.0471,0.2786,0.203,0.014,0.0549
CT000744,Zone_02,Zone_07,0.2786,0.0627,0.0807,0.0945,0.1261,0.0385,0.0471,0.2786,0.203,0.014,0.0549
CT003333,Zone_02,Zone_07,0.4359,0.0,0.0513,0.1026,0.1026,0.0513,0.0256,0.4359,0.1795,0.0256,0.0256
CT014192,Zone_07,Zone_04,0.3333,0.1667,0.0,0.1667,0.3333,0.1667,0.0,0.0,0.0,0.0,0.1667
CT019305,Zone_10,Zone_07,0.3941,0.0632,0.052,0.0595,0.145,0.0372,0.0297,0.3941,0.1375,0.0074,0.0743
CT016161,Zone_01,Zone_07,0.323,0.0431,0.0781,0.0956,0.1211,0.039,0.0256,0.323,0.1965,0.0108,0.0673
CT000042,Zone_07,Zone_07,0.3247,0.0515,0.0979,0.0773,0.0773,0.0309,0.0155,0.3247,0.2474,0.0052,0.0722
CT002414,Zone_07,Zone_07,0.3228,0.0582,0.0741,0.0917,0.1429,0.0247,0.0406,0.3228,0.1817,0.0106,0.0529
CT006874,Zone_04,Zone_08,0.4286,0.1429,0.0952,0.1429,0.0476,0.0,0.0,0.1429,0.4286,0.0,0.0
CT018070,Zone_04,Zone_07,0.3871,0.0571,0.0571,0.0546,0.1191,0.0372,0.0298,0.3871,0.201,0.0099,0.0471
CT016879,Zone_04,Zone_04,0.6154,0.0,0.0,0.0769,0.6154,0.0,0.0,0.3077,0.0,0.0,0.0
CT013923,Zone_08,Zone_07,0.3206,0.1221,0.084,0.0916,0.1374,0.0305,0.0153,0.3206,0.1298,0.0,0.0687
CT013159,Zone_07,Zone_07,0.2786,0.0627,0.0807,0.0945,0.1261,0.0385,0.0471,0.2786,0.203,0.014,0.0549
CT012257,Zone_07,Zone_07,0.323,0.0431,0.0781,0.0956,0.1211,0.039,0.0256,0.323,0.1965,0.0108,0.0673
CT007638,Zone_10,Zone_07,0.4595,0.0405,0.0946,0.0541,0.0541,0.0135,0.0541,0.4595,0.1486,0.0135,0.0676
CT006918,Zone_07,Zone_07,0.3478,0.1522,0.0652,0.1522,0.1304,0.0217,0.0217,0.3478,0.1087,0.0,0.0
CT019175,Zone_06,Zone_07,0.266,0.0496,0.1064,0.0922,0.1206,0.039,0.0532,0.266,0.2021,0.0035,0.0674
CT014715,Zone_08,Zone_08,0.2571,0.0707,0.0511,0.0797,0.1564,0.0496,0.0406,0.2256,0.2571,0.012,0.0571
CT013729,Zone_02,Zone_07,0.3247,0.0515,0.0979,0.0773,0.0773,0.0309,0.0155,0.3247,0.2474,0.0052,0.0722
CT009237,Zone_05,Zone_07,0.3228,0.0582,0.0741,0.0917,0.1429,0.0247,0.0406,0.3228,0.1817,0.0106,0.0529
CT016400,Zone_07,Zone_02,0.375,0.0,0.375,0.0,0.0,0.0,0.125,0.375,0.0,0.125,0.0
CT006314,Zone_03,Zone_08,0.2094,0.0942,0.0942,0.0942,0.1466,0.0681,0.0314,0.1466,0.2094,0.0105,0.1047
CT007258,Zone_06,Zone_07,0.2786,0.0627,0.0807,0.0945,0.1261,0.0385,0.0471,0.2786,0.203,0.014,0.0549
CT003675,Zone_07,Zone_07,0.4643,0.0,0.1071,0.1071,0.0,0.0357,0.0357,0.4643,0.1786,0.0,0.0714
CT005919,Zone_07,Zone_07,0.2786,0.0627,0.0807,0.0945,0.1261,0.0385,0.0471,0.2786,0.203,0.014,0.0549
CT002659,Zone_03,Zone_08,0.4286,0.1429,0.0952,0.1429,0.0476,0.0,0.0,0.1429,0.4286,0.0,0.0
CT007939,Zone_01,Zone_07,0.2786,0.0627,0.0807,0.0945,0.1261,0.0385,0.0471,0.2786,0.203,0.014,0.0549
CT012516,Zone_07,Zone_07,0.2786,0.0627,0.0807,0.0945,0.1261,0.0385,0.0471,0.2786,0.203,0.014,0.0549
CT005343,Zone_07,Zone_04,0.4444,0.1111,0.0,0.2222,0.4444,0.0,0.0,0.1111,0.1111,0.0,0.0
CT018366,Zone_05,Zone_07,0.2941,0.0294,0.1078,0.098,0.0588,0.0392,0.0098,0.2941,0.2353,0.0196,0.1078
CT008084,Zone_07,Zone_08,0.2812,0.0536,0.0804,0.1071,0.0848,0.0357,0.067,0.2277,0.2812,0.0,0.0625
CT019048,Zone_04,Zone_08,0.268,0.0784,0.0458,0.0719,0.1503,0.0719,0.0196,0.2418,0.268,0.0131,0.0392
CT019283,Zone_07,Zone_07,0.3228,0.0582,0.0741,0.0917,0.1429,0.0247,0.0406,0.3228,0.1817,0.0106,0.0529
CT013388,Zone_07,Zone_07,0.3247,0.0515,0.0979,0.0773,0.0773,0.0309,0.0155,0.3247,0.2474,0.0052,0.0722
CT004938,Zone_08,Zone_08,0.3019,0.0943,0.0472,0.1415,0.0566,0.0283,0.0189,0.217,0.3019,0.0566,0.0377
CT008444,Zone_08,Zone_07,0.4762,0.0,0.0952,0.0476,0.0,0.0,0.0,0.4762,0.3333,0.0,0.0476
CT006994,Zone_07,Zone_07,0.3448,0.0172,0.0862,0.1724,0.1724,0.0345,0.0517,0.3448,0.069,0.0345,0.0172
CT002236,Zone_07,Zone_07,0.3228,0.0582,0.0741,0.0917,0.1429,0.0247,0.0406,0.3228,0.1817,0.0106,0.0529
CT007750,Zone_07,Zone_07,0.3871,0.0571,0.0571,0.0546,0.1191,0.0372,0.0298,0.3871,0.201,0.0099,0.0471
CT018522,Zone_03,Zone_07,0.3871,0.0571,0.0571,0.0546,0.1191,0.0372,0.0298,0.3871,0.201,0.0099,0.0471
CT004350,Zone_07,Zone_07,0.323,0.0431,0.0781,0.0956,0.1211,0.039,0.0256,0.323,0.1965,0.0108,0.0673
CT001378,Zone_07,Zone_07,0.3247,0.0515,0.0979,0.0773,0.0773,0.0309,0.0155,0.3247,0.2474,0.0052,0.0722
CT011743,Zone_09,Zone_07,0.2786,0.0627,0.0807,0.0945,0.1261,0.0385,0.0471,0.2786,0.203,0.014,0.0549
CT006024,Zone_07,Zone_07,0.5333,0.0,0.0667,0.0667,0.0,0.0,0.0667,0.5333,0.2667,0.0,0.0
CT009504,Zone_01,Zone_07,0.2786,0.0627,0.0807,0.0945,0.1261,0.0385,0.0471,0.2786,0.203,0.014,0.0549
CT016932,Zone_03,Zone_08,0.2812,0.0536,0.0804,0.1071,0.0848,0.0357,0.067,0.2277,0.2812,0.0,0.0625
CT016644,Zone_08,Zone_04,0.225,0.1,0.2,0.1,0.225,0.05,0.025,0.1,0.125,0.025,0.05
CT018239,Zone_04,Zone_08,0.2812,0.0536,0.0804,0.1071,0.0848,0.0357,0.067,0.2277,0.2812,0.0,0.0625
CT009632,Zone_10,Zone_07,0.2786,0.0627,0.0807,0.0945,0.1261,0.0385,0.0471,0.2786,0.203,0.014,0.0549
CT015315,Zone_08,Zone_07,0.2706,0.0771,0.0717,0.0986,0.1452,0.0323,0.0305,0.2706,0.19,0.0125,0.0717
CT000924,Zone_07,Zone_07,0.4444,0.0,0.0,0.1111,0.0,0.1111,0.0,0.4444,0.1111,0.0,0.2222
CT006789,Zone_07,Zone_07,0.2786,0.0627,0.0807,0.0945,0.1261,0.0385,0.0471,0.2786,0.203,0.014,0.0549
CT015104,Zone_02,Zone_07,0.2786,0.0627,0.0807,0.0945,0.1261,0.0385,0.0471,0.2786,0.203,0.014,0.0549
CT006733,Zone_07,Zone_08,0.2222,0.0556,0.0556,0.0778,0.1111,0.0778,0.1444,0.2111,0.2222,0.0111,0.0333
CT002222,Zone_08,Zone_08,0.2903,0.0968,0.2258,0.0645,0.0645,0.0323,0.0,0.1613,0.2903,0.0,0.0645
CT005702,Zone_03,Zone_05,0.375,0.0,0.125,0.0,0.0,0.375,0.125,0.125,0.0,0.0,0.25
CT006421,Zone_04,Zone_07,0.2786,0.0627,0.0807,0.0945,0.1261,0.0385,0.0471,0.2786,0.203,0.014,0.0549
CT018033,Zone_01,Zone_07,0.3125,0.0104,0.0417,0.1146,0.1354,0.0521,0.0208,0.3125,0.2708,0.0208,0.0208
CT003331,Zone_10,Zone_07,0.2786,0.0627,0.0807,0.0945,0.1261,0.0385,0.0471,0.2786,0.203,0.014,0.0549
CT017112,Zone_07,Zone_07,0.3228,0.0582,0.0741,0.0917,0.1429,0.0247,0.0406,0.3228,0.1817,0.0106,0.0529
CT006647,Zone_02,Zone_08,0.2571,0.0707,0.0511,0.0797,0.1564,0.0496,0.0406,0.2256,0.2571,0.012,0.0571
CT011919,Zone_10,Zone_07,0.8333,0.0,0.0,0.0,0.0,0.0,0.0,0.8333,0.0,0.0,0.1667
CT011476,Zone_02,Zone_08,0.2571,0.0707,0.0511,0.0797,0.1564,0.0496,0.0406,0.2256,0.2571,0.012,0.0571
CT000857,Zone_07,Zone_07,0.3228,0.0582,0.0741,0.0917,0.1429,0.0247,0.0406,0.3228,0.1817,0.0106,0.0529
CT006914,Zone_07,Zone_07,0.2786,0.0627,0.0807,0.0945,0.1261,0.0385,0.0471,0.2786,0.203,0.014,0.0549
CT013714,Zone_05,Zone_07,0.2786,0.0627,0.0807,0.0945,0.1261,0.0385,0.0471,0.2786,0.203,0.014,0.0549
CT007981,Zone_05,Zone_08,0.2571,0.0707,0.0511,0.0797,0.1564,0.0496,0.0406,0.2256,0.2571,0.012,0.0571
CT008757,Zone_04,Zone_07,0.323,0.0431,0.0781,0.0956,0.1211,0.039,0.0256,0.323,0.1965,0.0108,0.0673
CT006516,Zone_08,Zone_07,0.323,0.0431,0.0781,0.0956,0.1211,0.039,0.0256,0.323,0.1965,0.0108,0.0673
CT005398,Zone_04,Zone_07,0.4167,0.0833,0.0833,0.0833,0.0,0.0,0.0833,0.4167,0.0833,0.0,0.1667
CT009007,Zone_03,Zone_07,0.3074,0.0649,0.026,0.1126,0.1472,0.0216,0.039,0.3074,0.1861,0.0087,0.0866
CT014049,Zone_08,Zone_07,0.323,0.0431,0.0781,0.0956,0.1211,0.039,0.0256,0.323,0.1965,0.0108,0.0673
CT017626,Zone_07,Zone_07,0.2786,0.0627,0.0807,0.0945,0.1261,0.0385,0.0471,0.2786,0.203,0.014,0.0549
CT005389,Zone_08,Zone_03,0.2,0.0,0.0,0.2,0.2,0.2,0.0,0.2,0.0,0.0,0.2
CT015820,Zone_08,Zone_07,0.2941,0.0471,0.0471,0.0706,0.1647,0.0471,0.0471,0.2941,0.2706,0.0,0.0118
CT006639,Zone_07,Zone_08,0.268,0.0784,0.0458,0.0719,0.1503,0.0719,0.0196,0.2418,0.268,0.0131,0.0392
CT008008,Zone_07,Zone_07,0.2786,0.0627,0.0807,0.0945,0.1261,0.0385,0.0471,0.2786,0.203,0.014,0.0549
CT001972,Zone_10,Zone_08,0.2571,0.0707,0.0511,0.0797,0.1564,0.0496,0.0406,0.2256,0.2571,0.012,0.0571
CT006302,Zone_08,Zone_07,0.3228,0.0582,0.0741,0.0917,0.1429,0.0247,0.0406,0.3228,0.1817,0.0106,0.0529
CT002780,Zone_03,Zone_08,0.5238,0.0476,0.1429,0.0476,0.0476,0.0,0.0476,0.0952,0.5238,0.0,0.0476
CT008927,Zone_07,Zone_07,0.266,0.0496,0.1064,0.0922,0.1206,0.039,0.0532,0.266,0.2021,0.0035,0.0674
CT006475,Zone_03,Zone_07,0.2706,0.0771,0.0717,0.0986,0.1452,0.0323,0.0305,0.2706,0.19,0.0125,0.0717
CT000729,Zone_08,Zone_07,0.323,0.0431,0.0781,0.0956,0.1211,0.039,0.0256,0.323,0.1965,0.0108,0.0673
CT008438,Zone_07,Zone_07,0.2786,0.0627,0.0807,0.0945,0.1261,0.0385,0.0471,0.2786,0.203,0.014,0.0549
CT008287,Zone_08,Zone_08,0.3247,0.0909,0.1299,0.0779,0.1169,0.026,0.026,0.1558,0.3247,0.013,0.039
CT010727,Zone_07,Zone_07,0.323,0.0431,0.0781,0.0956,0.1211,0.039,0.0256,0.323,0.1965,0.0108,0.0673
CT006408,Zone_01,Zone_08,0.268,0.0784,0.0458,0.0719,0.1503,0.0719,0.0196,0.2418,0.268,0.0131,0.0392
CT009320,Zone_03,Zone_07,0.2786,0.0627,0.0807,0.0945,0.1261,0.0385,0.0471,0.2786,0.203,0.014,0.0549
CT012624,Zone_08,Zone_08,0.2571,0.0707,0.0511,0.0797,0.1564,0.0496,0.0406,0.2256,0.2571,0.012,0.0571
CT012663,Zone_08,Zone_07,0.3871,0.0571,0.0571,0.0546,0.1191,0.0372,0.0298,0.3871,0.201,0.0099,0.0471
CT016689,Zone_08,Zone_04,0.25,0.0,0.125,0.0,0.25,0.25,0.0,0.125,0.125,0.0,0.125
CT011315,Zone_03,Zone_02,0.8333,0.0,0.8333,0.0,0.0,0.0,0.0,0.1667,0.0,0.0,0.0
CT008151,Zone_07,Zone_07,0.2706,0.0771,0.0717,0.0986,0.1452,0.0323,0.0305,0.2706,0.19,0.0125,0.0717
CT002926,Zone_07,Zone_07,0.2786,0.0627,0.0807,0.0945,0.1261,0.0385,0.0471,0.2786,0.203,0.014,0.0549
CT016374,Zone_08,Zone_07,0.2786,0.0627,0.0807,0.0945,0.1261,0.0385,0.0471,0.2786,0.203,0.014,0.0549
CT008112,Zone_04,Zone_07,0.2786,0.0627,0.0807,0.0945,0.1261,0.0385,0.0471,0.2786,0.203,0.014,0.0549
CT000026,Zone_01,Zone_07,0.2786,0.0627,0.0807,0.0945,0.1261,0.0385,0.0471,0.2786,0.203,0.014,0.0549
CT000053,Zone_07,Zone_02,0.35,0.05,0.35,0.05,0.1,0.0,0.1,0.1,0.25,0.0,0.0
CT014833,Zone_07,Zone_07,0.323,0.0431,0.0781,0.0956,0.1211,0.039,0.0256,0.323,0.1965,0.0108,0.0673
CT006088,Zone_04,Zone_07,0.2786,0.0627,0.0807,0.0945,0.1261,0.0385,0.0471,0.2786,0.203,0.014,0.0549
CT008986,Zone_07,Zone_08,0.2812,0.0536,0.0804,0.1071,0.0848,0.0357,0.067,0.2277,0.2812,0.0,0.0625
CT016306,Zone_07,Zone_07,0.2786,0.0627,0.0807,0.0945,0.1261,0.0385,0.0471,0.2786,0.203,0.014,0.0549
CT015059,Zone_07,Zone_07,0.2706,0.0771,0.0717,0.0986,0.1452,0.0323,0.0305,0.2706,0.19,0.0125,0.0717
CT016648,Zone_04,Zone_07,0.323,0.0431,0.0781,0.0956,0.1211,0.039,0.0256,0.323,0.1965,0.0108,0.0673
CT015021,Zone_07,Zone_08,0.7857,0.0,0.0,0.0714,0.0714,0.0714,0.0,0.0,0.7857,0.0,0.0
CT019994,Zone_01,Zone_07,0.2786,0.0627,0.0807,0.0945,0.1261,0.0385,0.0471,0.2786,0.203,0.014,0.0549
CT011415,Zone_10,Zone_08,0.3696,0.0217,0.0435,0.1087,0.0217,0.0217,0.0652,0.3043,0.3696,0.0217,0.0217
CT011709,Zone_08,Zone_07,0.2786,0.0627,0.0807,0.0945,0.1261,0.0385,0.0471,0.2786,0.203,0.014,0.0549
CT002532,Zone_08,Zone_04,0.2651,0.0602,0.0361,0.1205,0.2651,0.0241,0.0,0.241,0.2169,0.0,0.0361
CT017856,Zone_04,Zone_07,0.3871,0.0571,0.0571,0.0546,0.1191,0.0372,0.0298,0.3871,0.201,0.0099,0.0471
CT009346,Zone_07,Zone_02,0.3333,0.0,0.3333,0.0,0.1667,0.0,0.0,0.1667,0.3333,0.0,0.0
CT016733,Zone_08,Zone_07,0.2786,0.0627,0.0807,0.0945,0.1261,0.0385,0.0471,0.2786,0.203,0.014,0.0549
CT002404,Zone_06,Zone_07,0.8,0.0,0.2,0.0,0.0,0.0,0.0,0.8,0.0,0.0,0.0
CT006096,Zone_05,Zone_03,0.25,0.0833,0.1667,0.25,0.0,0.1667,0.0,0.1667,0.0833,0.0833,0.0
CT003416,Zone_04,Zone_07,0.2786,0.0627,0.0807,0.0945,0.1261,0.0385,0.0471,0.2786,0.203,0.014,0.0549
CT018825,Zone_01,Zone_07,0.323,0.0431,0.0781,0.0956,0.1211,0.039,0.0256,0.323,0.1965,0.0108,0.0673
CT006235,Zone_04,Zone_07,0.2786,0.0627,0.0807,0.0945,0.1261,0.0385,0.0471,0.2786,0.203,0.014,0.0549
CT019556,Zone_04,Zone_08,0.3281,0.0391,0.0391,0.1641,0.1406,0.0312,0.0547,0.1016,0.3281,0.0078,0.0938
CT009913,Zone_06,Zone_08,0.2571,0.0707,0.0511,0.0797,0.1564,0.0496,0.0406,0.2256,0.2571,0.012,0.0571
CT008750,Zone_07,Zone_08,0.2571,0.0707,0.0511,0.0797,0.1564,0.0496,0.0406,0.2256,0.2571,0.012,0.0571
CT003159,Zone_06,Zone_07,0.4444,0.0,0.3333,0.1111,0.1111,0.0,0.0,0.4444,0.0,0.0,0.0
CT002921,Zone_09,Zone_07,0.3871,0.0571,0.0571,0.0546,0.1191,0.0372,0.0298,0.3871,0.201,0.0099,0.0471
CT004891,Zone_01,Zone_07,0.2786,0.0627,0.0807,0.0945,0.1261,0.0385,0.0471,0.2786,0.203,0.014,0.0549
CT015779,Zone_08,Zone_07,0.2706,0.0771,0.0717,0.0986,0.1452,0.0323,0.0305,0.2706,0.19,0.0125,0.0717
CT005868,Zone_08,Zone_07,0.2786,0.0627,0.0807,0.0945,0.1261,0.0385,0.0471,0.2786,0.203,0.014,0.0549
CT019223,Zone_04,Zone_07,0.2786,0.0627,0.0807,0.0945,0.1261,0.0385,0.0471,0.2786,0.203,0.014,0.0549
CT007546,Zone_04,Zone_07,0.2786,0.0627,0.0807,0.0945,0.1261,0.0385,0.0471,0.2786,0.203,0.014,0.0549
CT001478,Zone_09,Zone_07,0.2786,0.0627,0.0807,0.0945,0.1261,0.0385,0.0471,0.2786,0.203,0.014,0.0549
CT013369,Zone_08,Zone_07,0.2786,0.0627,0.0807,0.0945,0.1261,0.0385,0.0471,0.2786,0.203,0.014,0.0549
CT013956,Zone_08,Zone_07,0.3913,0.0,0.0435,0.0,0.1304,0.0,0.1304,0.3913,0.3043,0.0,0.0
CT018429,Zone_07,Zone_01,0.3571,0.3571,0.0,0.1429,0.2143,0.0714,0.0714,0.0714,0.0,0.0714,0.0
CT005726,Zone_07,Zone_07,0.3074,0.0649,0.026,0.1126,0.1472,0.0216,0.039,0.3074,0.1861,0.0087,0.0866
CT000412,Zone_07,Zone_07,0.2786,0.0627,0.0807,0.0945,0.1261,0.0385,0.0471,0.2786,0.203,0.014,0.0549
CT004842,Zone_08,Zone_07,0.2786,0.0627,0.0807,0.0945,0.1261,0.0385,0.0471,0.2786,0.203,0.014,0.0549
CT008146,Zone_08,Zone_07,0.1667,0.0833,0.1111,0.0833,0.1389,0.1111,0.0556,0.1667,0.0833,0.0,0.1667
CT016703,Zone_03,Zone_08,0.2094,0.0942,0.0942,0.0942,0.1466,0.0681,0.0314,0.1466,0.2094,0.0105,0.1047
CT011039,Zone_07,Zone_08,0.2571,0.0707,0.0511,0.0797,0.1564,0.0496,0.0406,0.2256,0.2571,0.012,0.0571
CT009142,Zone_10,Zone_07,0.3941,0.0632,0.052,0.0595,0.145,0.0372,0.0297,0.3941,0.1375,0.0074,0.0743
CT019258,Zone_07,Zone_07,0.2786,0.0627,0.0807,0.0945,0.1261,0.0385,0.0471,0.2786,0.203,0.014,0.0549
CT011139,Zone_08,Zone_07,0.323,0.0431,0.0781,0.0956,0.1211,0.039,0.0256,0.323,0.1965,0.0108,0.0673
CT006488,Zone_08,Zone_08,0.4,0.0,0.2,0.0,0.0,0.0,0.0,0.2,0.4,0.0,0.2
CT012107,Zone_08,Zone_08,0.2571,0.0707,0.0511,0.0797,0.1564,0.0496,0.0406,0.2256,0.2571,0.012,0.0571
CT016540,Zone_03,Zone_07,0.2786,0.0627,0.0807,0.0945,0.1261,0.0385,0.0471,0.2786,0.203,0.014,0.0549
CT018434,Zone_07,Zone_08,0.6,0.0,0.2,0.0,0.0,0.0,0.2,0.0,0.6,0.0,0.0
CT015143,Zone_02,Zone_07,0.4,0.0,0.0,0.0,0.2,0.0,0.0,0.4,0.4,0.0,0.0
CT001215,Zone_04,Zone_03,0.4,0.0,0.0,0.4,0.0,0.0,0.0,0.0,0.4,0.0,0.2
CT007471,Zone_01,Zone_08,0.2571,0.0707,0.0511,0.0797,0.1564,0.0496,0.0406,0.2256,0.2571,0.012,0.0571
CT012124,Zone_10,Zone_07,0.2786,0.0627,0.0807,0.0945,0.1261,0.0385,0.0471,0.2786,0.203,0.014,0.0549
CT009661,Zone_05,Zone_07,0.2786,0.0627,0.0807,0.0945,0.1261,0.0385,0.0471,0.2786,0.203,0.014,0.0549
CT014461,Zone_08,Zone_08,0.268,0.0784,0.0458,0.0719,0.1503,0.0719,0.0196,0.2418,0.268,0.0131,0.0392
CT008692,Zone_04,Zone_07,0.3247,0.0515,0.0979,0.0773,0.0773,0.0309,0.0155,0.3247,0.2474,0.0052,0.0722
CT003628,Zone_07,Zone_02,0.4,0.0,0.4,0.2,0.2,0.0,0.0,0.2,0.0,0.0,0.0
CT019590,Zone_08,Zone_07,0.3125,0.0104,0.0417,0.1146,0.1354,0.0521,0.0208,0.3125,0.2708,0.0208,0.0208
CT012800,Zone_08,Zone_07,0.4444,0.0,0.0,0.0,0.2222,0.1111,0.0,0.4444,0.2222,0.0,0.0
CT015246,Zone_10,Zone_08,0.2571,0.0707,0.0511,0.0797,0.1564,0.0496,0.0406,0.2256,0.2571,0.012,0.0571
CT001899,Zone_02,Zone_08,0.381,0.0952,0.0159,0.0159,0.127,0.0794,0.0635,0.2063,0.381,0.0,0.0159
CT008265,Zone_08,Zone_07,0.2786,0.0627,0.0807,0.0945,0.1261,0.0385,0.0471,0.2786,0.203,0.014,0.0549
CT016156,Zone_07,Zone_01,0.2857,0.2857,0.1429,0.0,0.1429,0.1429,0.0,0.0,0.2857,0.0,0.0
CT018186,Zone_03,Zone_07,0.2786,0.0627,0.0807,0.0945,0.1261,0.0385,0.0471,0.2786,0.203,0.014,0.0549
CT016202,Zone_07,Zone_07,0.3074,0.0649,0.026,0.1126,0.1472,0.0216,0.039,0.3074,0.1861,0.0087,0.0866
CT001794,Zone_08,Zone_07,0.323,0.0431,0.0781,0.0956,0.1211,0.039,0.0256,0.323,0.1965,0.0108,0.0673
CT005556,Zone_07,Zone_08,0.2812,0.0536,0.0804,0.1071,0.0848,0.0357,0.067,0.2277,0.2812,0.0,0.0625
CT019013,Zone_08,Zone_07,0.3228,0.0582,0.0741,0.0917,0.1429,0.0247,0.0406,0.3228,0.1817,0.0106,0.0529
CT008910,Zone_04,Zone_07,0.2786,0.0627,0.0807,0.0945,0.1261,0.0385,0.0471,0.2786,0.203,0.014,0.0549
CT018228,Zone_05,Zone_08,0.425,0.1,0.075,0.025,0.1,0.0,0.075,0.125,0.425,0.0,0.075
CT014335,Zone_02,Zone_07,0.2786,0.0627,0.0807,0.0945,0.1261,0.0385,0.0471,0.2786,0.203,0.014,0.0549
CT006436,Zone_05,Zone_07,0.2786,0.0627,0.0807,0.0945,0.1261,0.0385,0.0471,0.2786,0.203,0.014,0.0549
CT012123,Zone_01,Zone_08,0.3019,0.0943,0.0472,0.1415,0.0566,0.0283,0.0189,0.217,0.3019,0.0566,0.0377
CT001324,Zone_07,Zone_07,0.3228,0.0582,0.0741,0.0917,0.1429,0.0247,0.0406,0.3228,0.1817,0.0106,0.0529
CT013114,Zone_02,Zone_04,0.6667,0.0,0.0,0.0,0.6667,0.0,0.0,0.3333,0.0,0.0,0.0
CT019463,Zone_08,Zone_07,0.2786,0.0627,0.0807,0.0945,0.1261,0.0385,0.0471,0.2786,0.203,0.014,0.0549
CT009648,Zone_07,Zone_07,0.5556,0.1111,0.1111,0.0,0.2222,0.0,0.0,0.5556,0.0,0.0,0.0
CT014728,Zone_03,Zone_08,1.0,0.0,0.0,0.0,0.0,0.0,0.0,0.0,1.0,0.0,0.0
CT008742,Zone_08,Zone_07,0.2786,0.0627,0.0807,0.0945,0.1261,0.0385,0.0471,0.2786,0.203,0.014,0.0549
CT016974,Zone_03,Zone_07,0.2786,0.0627,0.0807,0.0945,0.1261,0.0385,0.0471,0.2786,0.203,0.014,0.0549
CT005735,Zone_03,Zone_08,0.2571,0.0707,0.0511,0.0797,0.1564,0.0496,0.0406,0.2256,0.2571,0.012,0.0571
CT009053,Zone_06,Zone_08,0.2571,0.0707,0.0511,0.0797,0.1564,0.0496,0.0406,0.2256,0.2571,0.012,0.0571
CT000864,Zone_07,Zone_07,0.2786,0.0627,0.0807,0.0945,0.1261,0.0385,0.0471,0.2786,0.203,0.014,0.0549
CT000915,Zone_10,Zone_07,0.3228,0.0582,0.0741,0.0917,0.1429,0.0247,0.0406,0.3228,0.1817,0.0106,0.0529
CT009593,Zone_06,Zone_02,0.4286,0.0,0.4286,0.1429,0.1429,0.0,0.1429,0.0,0.0,0.0,0.1429
CT014968,Zone_04,Zone_08,0.268,0.0784,0.0458,0.0719,0.1503,0.0719,0.0196,0.2418,0.268,0.0131,0.0392
CT016148,Zone_01,Zone_07,0.4,0.0,0.2,0.0,0.2,0.0,0.0,0.4,0.2,0.0,0.0
CT014038,Zone_04,Zone_08,0.2424,0.1212,0.0606,0.1818,0.0303,0.0909,0.0,0.1818,0.2424,0.0606,0.0303
CT000767,Zone_01,Zone_08,0.6667,0.0,0.1111,0.1111,0.0,0.0,0.1111,0.0,0.6667,0.0,0.0
CT005399,Zone_07,Zone_08,0.2571,0.0707,0.0511,0.0797,0.1564,0.0496,0.0406,0.2256,0.2571,0.012,0.0571
CT006105,Zone_08,Zone_07,0.2786,0.0627,0.0807,0.0945,0.1261,0.0385,0.0471,0.2786,0.203,0.014,0.0549
CT009511,Zone_08,Zone_07,0.3228,0.0582,0.0741,0.0917,0.1429,0.0247,0.0406,0.3228,0.1817,0.0106,0.0529
CT017430,Zone_04,Zone_07,0.3941,0.0632,0.052,0.0595,0.145,0.0372,0.0297,0.3941,0.1375,0.0074,0.0743
CT000270,Zone_02,Zone_07,0.2786,0.0627,0.0807,0.0945,0.1261,0.0385,0.0471,0.2786,0.203,0.014,0.0549
CT004428,Zone_03,Zone_07,0.3478,0.1522,0.0652,0.1522,0.1304,0.0217,0.0217,0.3478,0.1087,0.0,0.0
CT005838,Zone_07,Zone_07,0.2706,0.0771,0.0717,0.0986,0.1452,0.0323,0.0305,0.2706,0.19,0.0125,0.0717
CT007947,Zone_10,Zone_07,0.4359,0.0,0.0513,0.1026,0.1026,0.0513,0.0256,0.4359,0.1795,0.0256,0.0256
CT004885,Zone_07,Zone_07,0.2786,0.0627,0.0807,0.0945,0.1261,0.0385,0.0471,0.2786,0.203,0.014,0.0549
CT010199,Zone_07,Zone_07,0.2786,0.0627,0.0807,0.0945,0.1261,0.0385,0.0471,0.2786,0.203,0.014,0.0549
CT008425,Zone_04,Zone_04,0.4286,0.1429,0.0,0.1429,0.4286,0.0,0.0,0.2857,0.0,0.0,0.0
CT015376,Zone_04,Zone_07,0.3235,0.0686,0.076,0.076,0.1397,0.0392,0.0343,0.3235,0.1716,0.0196,0.0515
CT014487,Zone_03,Zone_07,0.2786,0.0627,0.0807,0.0945,0.1261,0.0385,0.0471,0.2786,0.203,0.014,0.0549
CT001625,Zone_05,Zone_07,0.3871,0.0571,0.0571,0.0546,0.1191,0.0372,0.0298,0.3871,0.201,0.0099,0.0471
CT005418,Zone_10,Zone_07,0.2786,0.0627,0.0807,0.0945,0.1261,0.0385,0.0471,0.2786,0.203,0.014,0.0549
CT012920,Zone_08,Zone_07,0.4359,0.0,0.0513,0.1026,0.1026,0.0513,0.0256,0.4359,0.1795,0.0256,0.0256
CT016519,Zone_08,Zone_04,0.2941,0.0294,0.1176,0.0588,0.2941,0.0588,0.1176,0.0882,0.1765,0.0294,0.0294
CT005074,Zone_07,Zone_07,0.2706,0.0771,0.0717,0.0986,0.1452,0.0323,0.0305,0.2706,0.19,0.0125,0.0717
CT001488,Zone_08,Zone_08,0.268,0.0784,0.0458,0.0719,0.1503,0.0719,0.0196,0.2418,0.268,0.0131,0.0392
CT009887,Zone_07,Zone_08,0.381,0.0952,0.0159,0.0159,0.127,0.0794,0.0635,0.2063,0.381,0.0,0.0159
CT007112,Zone_08,Zone_07,0.6667,0.0,0.0,0.0,0.0,0.1111,0.0,0.6667,0.1111,0.1111,0.0
CT019250,Zone_03,Zone_08,0.8889,0.0,0.0,0.0,0.1111,0.0,0.0,0.0,0.8889,0.0,0.0
CT018411,Zone_07,Zone_02,0.6,0.2,0.6,0.0,0.0,0.0,0.2,0.0,0.0,0.0,0.0
CT012712,Zone_04,Zone_07,0.4359,0.0,0.0513,0.1026,0.1026,0.0513,0.0256,0.4359,0.1795,0.0256,0.0256
CT007237,Zone_05,Zone_08,0.2812,0.0536,0.0804,0.1071,0.0848,0.0357,0.067,0.2277,0.2812,0.0,0.0625
CT019744,Zone_01,Zone_07,0.2786,0.0627,0.0807,0.0945,0.1261,0.0385,0.0471,0.2786,0.203,0.014,0.0549
CT002481,Zone_07,Zone_04,0.25,0.0208,0.0833,0.1042,0.25,0.0208,0.0208,0.25,0.1667,0.0,0.0833
CT015320,Zone_03,Zone_07,0.2786,0.0627,0.0807,0.0945,0.1261,0.0385,0.0471,0.2786,0.203,0.014,0.0549
CT001753,Zone_07,Zone_08,0.2571,0.0707,0.0511,0.0797,0.1564,0.0496,0.0406,0.2256,0.2571,0.012,0.0571
CT003405,Zone_07,Zone_10,0.25,0.125,0.0,0.125,0.125,0.0,0.125,0.125,0.125,0.0,0.25
CT016144,Zone_09,Zone_07,0.266,0.0496,0.1064,0.0922,0.1206,0.039,0.0532,0.266,0.2021,0.0035,0.0674
CT017703,Zone_01,Zone_07,0.56,0.04,0.08,0.12,0.08,0.0,0.0,0.56,0.08,0.0,0.04
CT016764,Zone_02,Zone_08,0.3281,0.0391,0.0391,0.1641,0.1406,0.0312,0.0547,0.1016,0.3281,0.0078,0.0938
CT018801,Zone_01,Zone_04,0.2651,0.0602,0.0361,0.1205,0.2651,0.0241,0.0,0.241,0.2169,0.0,0.0361
CT012408,Zone_01,Zone_07,0.4286,0.0571,0.0857,0.1429,0.1143,0.0857,0.0571,0.4286,0.0286,0.0,0.0
CT011920,Zone_08,Zone_07,0.6667,0.0,0.1667,0.0,0.0,0.0,0.0,0.6667,0.0,0.0,0.1667
CT015654,Zone_04,Zone_07,0.3941,0.0632,0.052,0.0595,0.145,0.0372,0.0297,0.3941,0.1375,0.0074,0.0743
CT015184,Zone_08,Zone_07,0.323,0.0431,0.0781,0.0956,0.1211,0.039,0.0256,0.323,0.1965,0.0108,0.0673
CT000286,Zone_08,Zone_07,0.2786,0.0627,0.0807,0.0945,0.1261,0.0385,0.0471,0.2786,0.203,0.014,0.0549
CT005977,Zone_07,Zone_07,0.3871,0.0571,0.0571,0.0546,0.1191,0.0372,0.0298,0.3871,0.201,0.0099,0.0471
CT005827,Zone_08,Zone_07,0.2786,0.0627,0.0807,0.0945,0.1261,0.0385,0.0471,0.2786,0.203,0.014,0.0549
CT014716,Zone_02,Zone_07,0.6667,0.0,0.0,0.0,0.0,0.0,0.0,0.6667,0.3333,0.0,0.0
CT007477,Zone_08,Zone_07,0.2786,0.0627,0.0807,0.0945,0.1261,0.0385,0.0471,0.2786,0.203,0.014,0.0549
CT004281,Zone_02,Zone_07,0.3247,0.0515,0.0979,0.0773,0.0773,0.0309,0.0155,0.3247,0.2474,0.0052,0.0722
CT005094,Zone_05,Zone_07,0.323,0.0431,0.0781,0.0956,0.1211,0.039,0.0256,0.323,0.1965,0.0108,0.0673
CT008219,Zone_08,Zone_07,0.323,0.0431,0.0781,0.0956,0.1211,0.039,0.0256,0.323,0.1965,0.0108,0.0673
CT012334,Zone_04,Zone_02,0.2857,0.1429,0.2857,0.0,0.2857,0.0,0.0,0.2857,0.0,0.0,0.0
CT004487,Zone_07,Zone_07,0.2786,0.0627,0.0807,0.0945,0.1261,0.0385,0.0471,0.2786,0.203,0.014,0.0549
CT014214,Zone_04,Zone_08,0.2812,0.0536,0.0804,0.1071,0.0848,0.0357,0.067,0.2277,0.2812,0.0,0.0625
CT017040,Zone_07,Zone_07,0.2786,0.0627,0.0807,0.0945,0.1261,0.0385,0.0471,0.2786,0.203,0.014,0.0549
CT012094,Zone_05,Zone_07,0.2786,0.0627,0.0807,0.0945,0.1261,0.0385,0.0471,0.2786,0.203,0.014,0.0549
CT004168,Zone_08,Zone_04,0.2651,0.0602,0.0361,0.1205,0.2651,0.0241,0.0,0.241,0.2169,0.0,0.0361
CT003678,Zone_08,Zone_07,0.2786,0.0627,0.0807,0.0945,0.1261,0.0385,0.0471,0.2786,0.203,0.014,0.0549
CT013674,Zone_01,Zone_07,0.3871,0.0571,0.0571,0.0546,0.1191,0.0372,0.0298,0.3871,0.201,0.0099,0.0471
CT005060,Zone_02,Zone_07,0.2786,0.0627,0.0807,0.0945,0.1261,0.0385,0.0471,0.2786,0.203,0.014,0.0549
CT015062,Zone_10,Zone_08,0.3696,0.0217,0.0435,0.1087,0.0217,0.0217,0.0652,0.3043,0.3696,0.0217,0.0217
CT019115,Zone_03,Zone_08,0.25,0.15,0.0,0.0,0.15,0.15,0.15,0.1,0.25,0.0,0.05
CT010661,Zone_03,Zone_07,0.4167,0.0833,0.0833,0.0833,0.0,0.0,0.0833,0.4167,0.0833,0.0,0.1667
CT006532,Zone_09,Zone_07,0.2786,0.0627,0.0807,0.0945,0.1261,0.0385,0.0471,0.2786,0.203,0.014,0.0549
CT003805,Zone_02,Zone_07,0.2786,0.0627,0.0807,0.0945,0.1261,0.0385,0.0471,0.2786,0.203,0.014,0.0549
CT001253,Zone_03,Zone_07,0.323,0.0431,0.0781,0.0956,0.1211,0.039,0.0256,0.323,0.1965,0.0108,0.0673
CT012689,Zone_03,Zone_03,0.2222,0.0,0.1111,0.2222,0.2222,0.0,0.1111,0.0,0.2222,0.0,0.1111
CT015942,Zone_08,Zone_08,0.3019,0.0943,0.0472,0.1415,0.0566,0.0283,0.0189,0.217,0.3019,0.0566,0.0377
CT001281,Zone_04,Zone_08,0.6364,0.0,0.0,0.0909,0.0,0.0,0.0909,0.0909,0.6364,0.0,0.0909
CT008417,Zone_10,Zone_07,0.3143,0.0643,0.1143,0.05,0.1286,0.0286,0.0643,0.3143,0.2143,0.0071,0.0143
CT013747,Zone_07,Zone_04,0.25,0.0208,0.0833,0.1042,0.25,0.0208,0.0208,0.25,0.1667,0.0,0.0833
CT018068,Zone_07,Zone_08,0.3281,0.0391,0.0391,0.1641,0.1406,0.0312,0.0547,0.1016,0.3281,0.0078,0.0938
CT010391,Zone_08,Zone_08,0.381,0.0952,0.0159,0.0159,0.127,0.0794,0.0635,0.2063,0.381,0.0,0.0159
CT012438,Zone_02,Zone_07,0.323,0.0431,0.0781,0.0956,0.1211,0.039,0.0256,0.323,0.1965,0.0108,0.0673
CT013359,Zone_08,Zone_07,0.2706,0.0771,0.0717,0.0986,0.1452,0.0323,0.0305,0.2706,0.19,0.0125,0.0717
CT018483,Zone_08,Zone_04,0.2941,0.0294,0.1176,0.0588,0.2941,0.0588,0.1176,0.0882,0.1765,0.0294,0.0294
CT014411,Zone_04,Zone_07,0.3074,0.0649,0.026,0.1126,0.1472,0.0216,0.039,0.3074,0.1861,0.0087,0.0866
CT002355,Zone_08,Zone_07,0.2786,0.0627,0.0807,0.0945,0.1261,0.0385,0.0471,0.2786,0.203,0.014,0.0549
CT010014,Zone_03,Zone_08,0.2571,0.0707,0.0511,0.0797,0.1564,0.0496,0.0406,0.2256,0.2571,0.012,0.0571
CT002620,Zone_06,Zone_07,0.3206,0.1221,0.084,0.0916,0.1374,0.0305,0.0153,0.3206,0.1298,0.0,0.0687
CT001635,Zone_10,Zone_07,0.2786,0.0627,0.0807,0.0945,0.1261,0.0385,0.0471,0.2786,0.203,0.014,0.0549
CT008411,Zone_08,Zone_07,0.3143,0.0643,0.1143,0.05,0.1286,0.0286,0.0643,0.3143,0.2143,0.0071,0.0143
CT007903,Zone_10,Zone_08,0.2727,0.1136,0.0455,0.0682,0.1818,0.0682,0.0,0.1364,0.2727,0.0227,0.0909
CT008871,Zone_08,Zone_07,0.3228,0.0582,0.0741,0.0917,0.1429,0.0247,0.0406,0.3228,0.1817,0.0106,0.0529
CT007777,Zone_01,Zone_07,0.3871,0.0571,0.0571,0.0546,0.1191,0.0372,0.0298,0.3871,0.201,0.0099,0.0471
CT003637,Zone_07,Zone_08,0.4667,0.0,0.0667,0.2,0.0,0.0,0.0667,0.0,0.4667,0.0,0.2
CT011585,Zone_07,Zone_07,0.2786,0.0627,0.0807,0.0945,0.1261,0.0385,0.0471,0.2786,0.203,0.014,0.0549
CT019131,Zone_08,Zone_07,0.3871,0.0571,0.0571,0.0546,0.1191,0.0372,0.0298,0.3871,0.201,0.0099,0.0471
CT011808,Zone_07,Zone_07,0.3404,0.0638,0.1489,0.0638,0.1702,0.0,0.0,0.3404,0.1915,0.0,0.0213
CT002627,Zone_07,Zone_07,0.3235,0.0686,0.076,0.076,0.1397,0.0392,0.0343,0.3235,0.1716,0.0196,0.0515
CT004325,Zone_01,Zone_07,0.2786,0.0627,0.0807,0.0945,0.1261,0.0385,0.0471,0.2786,0.203,0.014,0.0549
CT009263,Zone_07,Zone_07,0.2786,0.0627,0.0807,0.0945,0.1261,0.0385,0.0471,0.2786,0.203,0.014,0.0549
CT006260,Zone_04,Zone_07,0.3941,0.0632,0.052,0.0595,0.145,0.0372,0.0297,0.3941,0.1375,0.0074,0.0743
CT011362,Zone_08,Zone_02,0.8,0.0,0.8,0.0,0.0,0.2,0.0,0.0,0.0,0.0,0.0
CT001877,Zone_04,Zone_02,0.4,0.0,0.4,0.0,0.0,0.0,0.0,0.4,0.2,0.0,0.0
CT001589,Zone_04,Zone_07,0.323,0.0431,0.0781,0.0956,0.1211,0.039,0.0256,0.323,0.1965,0.0108,0.0673
CT015834,Zone_07,Zone_07,0.2786,0.0627,0.0807,0.0945,0.1261,0.0385,0.0471,0.2786,0.203,0.014,0.0549
CT003940,Zone_03,Zone_08,0.2571,0.0707,0.0511,0.0797,0.1564,0.0496,0.0406,0.2256,0.2571,0.012,0.0571
CT014640,Zone_07,Zone_08,0.4909,0.0545,0.0727,0.0364,0.0727,0.0,0.0364,0.1091,0.4909,0.0,0.1273
CT013353,Zone_08,Zone_07,0.2786,0.0627,0.0807,0.0945,0.1261,0.0385,0.0471,0.2786,0.203,0.014,0.0549
CT013007,Zone_08,Zone_07,0.2786,0.0627,0.0807,0.0945,0.1261,0.0385,0.0471,0.2786,0.203,0.014,0.0549
CT003084,Zone_07,Zone_07,0.3074,0.0649,0.026,0.1126,0.1472,0.0216,0.039,0.3074,0.1861,0.0087,0.0866
CT004863,Zone_04,Zone_07,0.3118,0.0753,0.043,0.1075,0.086,0.0323,0.0323,0.3118,0.2796,0.0215,0.0108
CT018159,Zone_10,Zone_08,0.5455,0.2727,0.0,0.0,0.0909,0.0,0.0,0.0,0.5455,0.0,0.0909
CT008614,Zone_02,Zone_08,0.2571,0.0707,0.0511,0.0797,0.1564,0.0496,0.0406,0.2256,0.2571,0.012,0.0571
CT016857,Zone_04,Zone_02,0.4,0.0,0.4,0.0,0.4,0.0,0.0,0.0,0.2,0.0,0.0
CT006663,Zone_03,Zone_07,0.2786,0.0627,0.0807,0.0945,0.1261,0.0385,0.0471,0.2786,0.203,0.014,0.0549
CT018904,Zone_07,Zone_07,0.2647,0.1176,0.0882,0.0882,0.2059,0.0294,0.0294,0.2647,0.1176,0.0,0.0588
CT005081,Zone_01,Zone_07,0.2786,0.0627,0.0807,0.0945,0.1261,0.0385,0.0471,0.2786,0.203,0.014,0.0549
CT000568,Zone_02,Zone_07,0.3206,0.1221,0.084,0.0916,0.1374,0.0305,0.0153,0.3206,0.1298,0.0,0.0687
CT004048,Zone_04,Zone_07,0.2786,0.0627,0.0807,0.0945,0.1261,0.0385,0.0471,0.2786,0.203,0.014,0.0549
CT002625,Zone_07,Zone_07,0.4595,0.0405,0.0946,0.0541,0.0541,0.0135,0.0541,0.4595,0.1486,0.0135,0.0676
CT002469,Zone_07,Zone_07,0.323,0.0431,0.0781,0.0956,0.1211,0.039,0.0256,0.323,0.1965,0.0108,0.0673
CT013999,Zone_04,Zone_07,0.75,0.0,0.125,0.0,0.0,0.0,0.0,0.75,0.125,0.0,0.0
CT005956,Zone_08,Zone_08,0.2571,0.0707,0.0511,0.0797,0.1564,0.0496,0.0406,0.2256,0.2571,0.012,0.0571
CT012422,Zone_04,Zone_07,0.2786,0.0627,0.0807,0.0945,0.1261,0.0385,0.0471,0.2786,0.203,0.014,0.0549
CT012042,Zone_07,Zone_08,0.2094,0.0942,0.0942,0.0942,0.1466,0.0681,0.0314,0.1466,0.2094,0.0105,0.1047
CT014930,Zone_08,Zone_10,0.3333,0.2222,0.0,0.0,0.0,0.0,0.1111,0.1111,0.2222,0.0,0.3333
CT009268,Zone_06,Zone_07,0.2786,0.0627,0.0807,0.0945,0.1261,0.0385,0.0471,0.2786,0.203,0.014,0.0549
CT007292,Zone_04,Zone_07,0.2786,0.0627,0.0807,0.0945,0.1261,0.0385,0.0471,0.2786,0.203,0.014,0.0549
CT008284,Zone_07,Zone_07,0.2786,0.0627,0.0807,0.0945,0.1261,0.0385,0.0471,0.2786,0.203,0.014,0.0549
CT017875,Zone_03,Zone_07,0.2786,0.0627,0.0807,0.0945,0.1261,0.0385,0.0471,0.2786,0.203,0.014,0.0549
CT001238,Zone_08,Zone_07,0.2706,0.0771,0.0717,0.0986,0.1452,0.0323,0.0305,0.2706,0.19,0.0125,0.0717
CT003502,Zone_08,Zone_07,0.2706,0.0771,0.0717,0.0986,0.1452,0.0323,0.0305,0.2706,0.19,0.0125,0.0717
CT012069,Zone_03,Zone_07,0.2786,0.0627,0.0807,0.0945,0.1261,0.0385,0.0471,0.2786,0.203,0.014,0.0549
CT008432,Zone_02,Zone_07,0.2706,0.0771,0.0717,0.0986,0.1452,0.0323,0.0305,0.2706,0.19,0.0125,0.0717
CT011336,Zone_02,Zone_08,0.2812,0.0536,0.0804,0.1071,0.0848,0.0357,0.067,0.2277,0.2812,0.0,0.0625
CT009325,Zone_08,Zone_07,0.2786,0.0627,0.0807,0.0945,0.1261,0.0385,0.0471,0.2786,0.203,0.014,0.0549
CT000687,Zone_08,Zone_07,0.3448,0.0172,0.0862,0.1724,0.1724,0.0345,0.0517,0.3448,0.069,0.0345,0.0172
CT009993,Zone_05,Zone_07,0.3228,0.0582,0.0741,0.0917,0.1429,0.0247,0.0406,0.3228,0.1817,0.0106,0.0529
CT019589,Zone_04,Zone_03,0.1944,0.0,0.1667,0.1944,0.1111,0.1111,0.0278,0.1944,0.1944,0.0,0.0
CT008482,Zone_01,Zone_07,0.2969,0.0625,0.1406,0.0469,0.0781,0.0625,0.0469,0.2969,0.1875,0.0,0.0781
CT018581,Zone_01,Zone_03,0.3333,0.0,0.2222,0.3333,0.0,0.2222,0.0,0.1111,0.1111,0.0,0.0
CT002890,Zone_03,Zone_07,0.2786,0.0627,0.0807,0.0945,0.1261,0.0385,0.0471,0.2786,0.203,0.014,0.0549
CT009572,Zone_08,Zone_07,0.4286,0.0,0.1429,0.1429,0.0,0.0,0.1429,0.4286,0.1429,0.0,0.0
CT003736,Zone_10,Zone_07,0.4359,0.0,0.0513,0.1026,0.1026,0.0513,0.0256,0.4359,0.1795,0.0256,0.0256
CT001863,Zone_09,Zone_08,0.2571,0.0707,0.0511,0.0797,0.1564,0.0496,0.0406,0.2256,0.2571,0.012,0.0571
CT002847,Zone_04,Zone_02,0.375,0.125,0.375,0.0,0.0,0.0,0.0,0.0,0.375,0.0,0.125
CT012402,Zone_07,Zone_07,0.8,0.0,0.0,0.0,0.0,0.0,0.0,0.8,0.2,0.0,0.0
CT005648,Zone_03,Zone_07,0.2786,0.0627,0.0807,0.0945,0.1261,0.0385,0.0471,0.2786,0.203,0.014,0.0549
CT000603,Zone_06,Zone_07,0.2786,0.0627,0.0807,0.0945,0.1261,0.0385,0.0471,0.2786,0.203,0.014,0.0549
CT008604,Zone_10,Zone_07,0.3228,0.0582,0.0741,0.0917,0.1429,0.0247,0.0406,0.3228,0.1817,0.0106,0.0529
CT008406,Zone_07,Zone_07,0.3228,0.0582,0.0741,0.0917,0.1429,0.0247,0.0406,0.3228,0.1817,0.0106,0.0529
CT006720,Zone_08,Zone_02,0.3333,0.2222,0.3333,0.0,0.2222,0.0,0.0,0.1111,0.1111,0.0,0.0
CT008120,Zone_08,Zone_07,0.3235,0.0686,0.076,0.076,0.1397,0.0392,0.0343,0.3235,0.1716,0.0196,0.0515
CT016793,Zone_08,Zone_07,0.2969,0.0625,0.1406,0.0469,0.0781,0.0625,0.0469,0.2969,0.1875,0.0,0.0781
CT010613,Zone_07,Zone_07,0.266,0.0496,0.1064,0.0922,0.1206,0.039,0.0532,0.266,0.2021,0.0035,0.0674
CT007995,Zone_02,Zone_08,0.6,0.0,0.0,0.0,0.2,0.0,0.0,0.0,0.6,0.2,0.0
CT014790,Zone_07,Zone_08,0.3281,0.0391,0.0391,0.1641,0.1406,0.0312,0.0547,0.1016,0.3281,0.0078,0.0938
CT015860,Zone_10,Zone_07,0.3871,0.0571,0.0571,0.0546,0.1191,0.0372,0.0298,0.3871,0.201,0.0099,0.0471
CT019578,Zone_08,Zone_07,0.2786,0.0627,0.0807,0.0945,0.1261,0.0385,0.0471,0.2786,0.203,0.014,0.0549
CT017654,Zone_07,Zone_07,0.3941,0.0632,0.052,0.0595,0.145,0.0372,0.0297,0.3941,0.1375,0.0074,0.0743
CT018078,Zone_08,Zone_07,0.2786,0.0627,0.0807,0.0945,0.1261,0.0385,0.0471,0.2786,0.203,0.014,0.0549
CT005267,Zone_04,Zone_08,0.2571,0.0707,0.0511,0.0797,0.1564,0.0496,0.0406,0.2256,0.2571,0.012,0.0571
CT016748,Zone_10,Zone_07,0.3228,0.0582,0.0741,0.0917,0.1429,0.0247,0.0406,0.3228,0.1817,0.0106,0.0529
CT004094,Zone_01,Zone_07,0.2706,0.0771,0.0717,0.0986,0.1452,0.0323,0.0305,0.2706,0.19,0.0125,0.0717
CT016875,Zone_07,Zone_07,0.2786,0.0627,0.0807,0.0945,0.1261,0.0385,0.0471,0.2786,0.203,0.014,0.0549
CT011338,Zone_08,Zone_07,0.323,0.0431,0.0781,0.0956,0.1211,0.039,0.0256,0.323,0.1965,0.0108,0.0673
CT004409,Zone_07,Zone_07,0.2786,0.0627,0.0807,0.0945,0.1261,0.0385,0.0471,0.2786,0.203,0.014,0.0549
CT000334,Zone_07,Zone_07,0.2786,0.0627,0.0807,0.0945,0.1261,0.0385,0.0471,0.2786,0.203,0.014,0.0549
CT014329,Zone_10,Zone_03,0.6,0.0,0.0,0.6,0.0,0.0,0.0,0.2,0.2,0.0,0.0
CT011548,Zone_04,Zone_08,0.2571,0.0707,0.0511,0.0797,0.1564,0.0496,0.0406,0.2256,0.2571,0.012,0.0571
CT010348,Zone_08,Zone_08,0.6,0.2,0.0,0.0,0.0,0.0,0.0,0.2,0.6,0.0,0.0
CT007162,Zone_08,Zone_08,0.2094,0.0942,0.0942,0.0942,0.1466,0.0681,0.0314,0.1466,0.2094,0.0105,0.1047
CT017986,Zone_04,Zone_07,0.25,0.0625,0.1875,0.125,0.1875,0.0,0.0,0.25,0.125,0.0,0.0625
CT003259,Zone_07,Zone_07,0.3941,0.0632,0.052,0.0595,0.145,0.0372,0.0297,0.3941,0.1375,0.0074,0.0743
CT012024,Zone_02,Zone_07,0.8571,0.0,0.0,0.0,0.0,0.1429,0.0,0.8571,0.0,0.0,0.0
CT004190,Zone_08,Zone_07,0.2786,0.0627,0.0807,0.0945,0.1261,0.0385,0.0471,0.2786,0.203,0.014,0.0549
CT013212,Zone_04,Zone_08,0.6667,0.0,0.1111,0.1111,0.0,0.0,0.1111,0.0,0.6667,0.0,0.0
CT010084,Zone_10,Zone_04,0.6667,0.0,0.0,0.0,0.6667,0.0,0.1667,0.0,0.0,0.0,0.1667
CT019890,Zone_03,Zone_07,0.3228,0.0582,0.0741,0.0917,0.1429,0.0247,0.0406,0.3228,0.1817,0.0106,0.0529
CT014251,Zone_07,Zone_07,0.3228,0.0582,0.0741,0.0917,0.1429,0.0247,0.0406,0.3228,0.1817,0.0106,0.0529
CT011725,Zone_02,Zone_08,1.0,0.0,0.0,0.0,0.0,0.0,0.0,0.0,1.0,0.0,0.0
CT013483,Zone_04,Zone_07,0.2786,0.0627,0.0807,0.0945,0.1261,0.0385,0.0471,0.2786,0.203,0.014,0.0549
CT017428,Zone_02,Zone_07,0.3871,0.0571,0.0571,0.0546,0.1191,0.0372,0.0298,0.3871,0.201,0.0099,0.0471
CT001672,Zone_07,Zone_07,0.3235,0.0686,0.076,0.076,0.1397,0.0392,0.0343,0.3235,0.1716,0.0196,0.0515
CT010298,Zone_08,Zone_07,0.5,0.25,0.0,0.0,0.0833,0.0,0.0,0.5,0.0833,0.0,0.0833
CT017323,Zone_10,Zone_07,0.2706,0.0771,0.0717,0.0986,0.1452,0.0323,0.0305,0.2706,0.19,0.0125,0.0717
CT006412,Zone_07,Zone_08,0.2571,0.0707,0.0511,0.0797,0.1564,0.0496,0.0406,0.2256,0.2571,0.012,0.0571
CT009808,Zone_02,Zone_07,0.2786,0.0627,0.0807,0.0945,0.1261,0.0385,0.0471,0.2786,0.203,0.014,0.0549
CT006658,Zone_10,Zone_04,0.4286,0.1429,0.0,0.0,0.4286,0.0,0.0,0.1429,0.2857,0.0,0.0
CT004598,Zone_01,Zone_08,0.6667,0.0,0.0,0.0,0.0,0.1667,0.0,0.0,0.6667,0.0,0.1667
CT010168,Zone_07,Zone_07,0.323,0.0431,0.0781,0.0956,0.1211,0.039,0.0256,0.323,0.1965,0.0108,0.0673
CT018473,Zone_07,Zone_08,0.2812,0.0536,0.0804,0.1071,0.0848,0.0357,0.067,0.2277,0.2812,0.0,0.0625
CT009139,Zone_04,Zone_07,0.2786,0.0627,0.0807,0.0945,0.1261,0.0385,0.0471,0.2786,0.203,0.014,0.0549
CT012319,Zone_08,Zone_07,0.2786,0.0627,0.0807,0.0945,0.1261,0.0385,0.0471,0.2786,0.203,0.014,0.0549
CT002985,Zone_02,Zone_08,0.2094,0.0942,0.0942,0.0942,0.1466,0.0681,0.0314,0.1466,0.2094,0.0105,0.1047
CT013881,Zone_08,Zone_07,0.3166,0.0452,0.0754,0.0905,0.1055,0.0151,0.0603,0.3166,0.2412,0.005,0.0452
CT013990,Zone_01,Zone_08,0.2812,0.0536,0.0804,0.1071,0.0848,0.0357,0.067,0.2277,0.2812,0.0,0.0625
CT006237,Zone_08,Zone_07,0.2786,0.0627,0.0807,0.0945,0.1261,0.0385,0.0471,0.2786,0.203,0.014,0.0549
CT013521,Zone_07,Zone_07,0.2786,0.0627,0.0807,0.0945,0.1261,0.0385,0.0471,0.2786,0.203,0.014,0.0549
CT001735,Zone_07,Zone_07,0.2786,0.0627,0.0807,0.0945,0.1261,0.0385,0.0471,0.2786,0.203,0.014,0.0549
CT010590,Zone_07,Zone_08,0.2571,0.0707,0.0511,0.0797,0.1564,0.0496,0.0406,0.2256,0.2571,0.012,0.0571
CT003933,Zone_07,Zone_08,0.3663,0.0594,0.0792,0.0792,0.0693,0.0693,0.0594,0.0891,0.3663,0.0198,0.1089
CT016653,Zone_07,Zone_07,0.2786,0.0627,0.0807,0.0945,0.1261,0.0385,0.0471,0.2786,0.203,0.014,0.0549
CT016290,Zone_07,Zone_07,0.5556,0.0,0.1111,0.0,0.0,0.1111,0.1111,0.5556,0.0,0.0,0.1111
CT019126,Zone_07,Zone_08,0.268,0.0784,0.0458,0.0719,0.1503,0.0719,0.0196,0.2418,0.268,0.0131,0.0392
CT006243,Zone_02,Zone_04,0.2651,0.0602,0.0361,0.1205,0.2651,0.0241,0.0,0.241,0.2169,0.0,0.0361
CT006276,Zone_08,Zone_07,0.3871,0.0571,0.0571,0.0546,0.1191,0.0372,0.0298,0.3871,0.201,0.0099,0.0471
CT013067,Zone_07,Zone_02,0.4,0.0,0.4,0.0,0.4,0.0,0.0,0.0,0.2,0.0,0.0
CT010364,Zone_08,Zone_08,0.8,0.0,0.0,0.0,0.2,0.0,0.0,0.0,0.8,0.0,0.0
CT002861,Zone_08,Zone_08,0.2094,0.0942,0.0942,0.0942,0.1466,0.0681,0.0314,0.1466,0.2094,0.0105,0.1047
CT011013,Zone_08,Zone_07,0.2786,0.0627,0.0807,0.0945,0.1261,0.0385,0.0471,0.2786,0.203,0.014,0.0549
CT012307,Zone_04,Zone_07,0.2786,0.0627,0.0807,0.0945,0.1261,0.0385,0.0471,0.2786,0.203,0.014,0.0549
CT008947,Zone_02,Zone_07,0.2786,0.0627,0.0807,0.0945,0.1261,0.0385,0.0471,0.2786,0.203,0.014,0.0549
CT015517,Zone_08,Zone_07,0.3085,0.0638,0.1383,0.0532,0.0745,0.0426,0.0426,0.3085,0.234,0.0,0.0426
CT004818,Zone_07,Zone_07,0.2786,0.0627,0.0807,0.0945,0.1261,0.0385,0.0471,0.2786,0.203,0.014,0.0549
CT009541,Zone_10,Zone_04,0.4,0.2,0.0,0.0,0.4,0.0,0.0,0.2,0.2,0.0,0.0
CT002882,Zone_03,Zone_07,0.3235,0.0686,0.076,0.076,0.1397,0.0392,0.0343,0.3235,0.1716,0.0196,0.0515
CT014259,Zone_08,Zone_07,0.3448,0.0172,0.0862,0.1724,0.1724,0.0345,0.0517,0.3448,0.069,0.0345,0.0172
CT019176,Zone_04,Zone_07,0.3118,0.0753,0.043,0.1075,0.086,0.0323,0.0323,0.3118,0.2796,0.0215,0.0108
CT011711,Zone_08,Zone_01,0.2,0.2,0.0,0.2,0.0,0.0,0.0,0.2,0.2,0.0,0.2
CT014212,Zone_07,Zone_08,0.2571,0.0707,0.0511,0.0797,0.1564,0.0496,0.0406,0.2256,0.2571,0.012,0.0571
CT015588,Zone_04,Zone_08,0.5,0.0,0.1667,0.0,0.1667,0.0,0.0,0.1667,0.5,0.0,0.0
CT016082,Zone_08,Zone_07,0.2786,0.0627,0.0807,0.0945,0.1261,0.0385,0.0471,0.2786,0.203,0.014,0.0549
CT016782,Zone_07,Zone_03,0.4286,0.0,0.0,0.4286,0.1429,0.0,0.0,0.4286,0.0,0.0,0.0
CT010115,Zone_02,Zone_07,0.2706,0.0771,0.0717,0.0986,0.1452,0.0323,0.0305,0.2706,0.19,0.0125,0.0717
CT005303,Zone_07,Zone_02,0.2632,0.0789,0.2632,0.1053,0.1053,0.0526,0.0263,0.1053,0.2105,0.0,0.0526
CT007219,Zone_04,Zone_05,0.6,0.0,0.0,0.0,0.0,0.6,0.2,0.2,0.0,0.0,0.0
CT002069,Zone_04,Zone_07,0.3228,0.0582,0.0741,0.0917,0.1429,0.0247,0.0406,0.3228,0.1817,0.0106,0.0529
CT006548,Zone_08,Zone_07,0.75,0.0,0.0,0.0,0.0,0.0,0.0,0.75,0.25,0.0,0.0
CT008348,Zone_03,Zone_07,0.2786,0.0627,0.0807,0.0945,0.1261,0.0385,0.0471,0.2786,0.203,0.014,0.0549
CT017634,Zone_06,Zone_03,0.2581,0.0,0.1935,0.2581,0.1935,0.0,0.0,0.1613,0.1935,0.0,0.0
CT008474,Zone_02,Zone_08,0.2571,0.0707,0.0511,0.0797,0.1564,0.0496,0.0406,0.2256,0.2571,0.012,0.0571
CT011210,Zone_03,Zone_08,0.2094,0.0942,0.0942,0.0942,0.1466,0.0681,0.0314,0.1466,0.2094,0.0105,0.1047
CT013970,Zone_07,Zone_08,0.268,0.0784,0.0458,0.0719,0.1503,0.0719,0.0196,0.2418,0.268,0.0131,0.0392
CT019308,Zone_03,Zone_07,0.6667,0.0,0.0,0.0,0.0,0.0,0.0,0.6667,0.3333,0.0,0.0
CT003495,Zone_03,Zone_07,0.2786,0.0627,0.0807,0.0945,0.1261,0.0385,0.0471,0.2786,0.203,0.014,0.0549
CT000064,Zone_07,Zone_08,0.3455,0.0364,0.0364,0.0364,0.2727,0.0364,0.0545,0.1455,0.3455,0.0,0.0364
CT006218,Zone_08,Zone_08,0.4,0.0333,0.1,0.1,0.0,0.0333,0.0333,0.2,0.4,0.0333,0.0667
CT004015,Zone_07,Zone_07,0.6,0.0,0.2,0.0,0.0,0.0,0.2,0.6,0.0,0.0,0.0
CT016527,Zone_01,Zone_08,0.2571,0.0707,0.0511,0.0797,0.1564,0.0496,0.0406,0.2256,0.2571,0.012,0.0571
CT017842,Zone_08,Zone_07,0.3228,0.0582,0.0741,0.0917,0.1429,0.0247,0.0406,0.3228,0.1817,0.0106,0.0529
CT011807,Zone_08,Zone_07,0.4444,0.0,0.3333,0.1111,0.1111,0.0,0.0,0.4444,0.0,0.0,0.0
CT017379,Zone_08,Zone_08,0.4444,0.0556,0.0556,0.1111,0.1111,0.0278,0.0,0.1111,0.4444,0.0556,0.0278
CT007009,Zone_02,Zone_08,0.3281,0.0391,0.0391,0.1641,0.1406,0.0312,0.0547,0.1016,0.3281,0.0078,0.0938
CT014096,Zone_05,Zone_07,0.2786,0.0627,0.0807,0.0945,0.1261,0.0385,0.0471,0.2786,0.203,0.014,0.0549
CT011290,Zone_01,Zone_04,0.25,0.0208,0.0833,0.1042,0.25,0.0208,0.0208,0.25,0.1667,0.0,0.0833
CT013314,Zone_07,Zone_07,0.2786,0.0627,0.0807,0.0945,0.1261,0.0385,0.0471,0.2786,0.203,0.014,0.0549
CT001991,Zone_03,Zone_07,0.3235,0.0686,0.076,0.076,0.1397,0.0392,0.0343,0.3235,0.1716,0.0196,0.0515
CT004874,Zone_07,Zone_07,0.3228,0.0582,0.0741,0.0917,0.1429,0.0247,0.0406,0.3228,0.1817,0.0106,0.0529
CT015461,Zone_08,Zone_07,0.3206,0.1221,0.084,0.0916,0.1374,0.0305,0.0153,0.3206,0.1298,0.0,0.0687
CT015725,Zone_10,Zone_07,0.2786,0.0627,0.0807,0.0945,0.1261,0.0385,0.0471,0.2786,0.203,0.014,0.0549
CT000090,Zone_07,Zone_07,0.3247,0.0515,0.0979,0.0773,0.0773,0.0309,0.0155,0.3247,0.2474,0.0052,0.0722
CT010716,Zone_04,Zone_07,0.2786,0.0627,0.0807,0.0945,0.1261,0.0385,0.0471,0.2786,0.203,0.014,0.0549
CT016894,Zone_01,Zone_07,0.2786,0.0627,0.0807,0.0945,0.1261,0.0385,0.0471,0.2786,0.203,0.014,0.0549
CT005889,Zone_07,Zone_07,0.2786,0.0627,0.0807,0.0945,0.1261,0.0385,0.0471,0.2786,0.203,0.014,0.0549
CT017869,Zone_08,Zone_08,0.2094,0.0942,0.0942,0.0942,0.1466,0.0681,0.0314,0.1466,0.2094,0.0105,0.1047
CT013363,Zone_04,Zone_07,0.2786,0.0627,0.0807,0.0945,0.1261,0.0385,0.0471,0.2786,0.203,0.014,0.0549
CT014632,Zone_02,Zone_07,0.2786,0.0627,0.0807,0.0945,0.1261,0.0385,0.0471,0.2786,0.203,0.014,0.0549
CT002899,Zone_08,Zone_07,0.2786,0.0627,0.0807,0.0945,0.1261,0.0385,0.0471,0.2786,0.203,0.014,0.0549
CT017988,Zone_04,Zone_04,0.3333,0.0,0.0741,0.1852,0.3333,0.037,0.0,0.037,0.2222,0.0,0.1111
CT014342,Zone_04,Zone_07,0.3478,0.1522,0.0652,0.1522,0.1304,0.0217,0.0217,0.3478,0.1087,0.0,0.0
CT001947,Zone_01,Zone_07,0.6,0.2,0.0,0.0,0.0,0.0,0.2,0.6,0.0,0.0,0.0
CT011856,Zone_04,Zone_07,0.2786,0.0627,0.0807,0.0945,0.1261,0.0385,0.0471,0.2786,0.203,0.014,0.0549
CT009872,Zone_07,Zone_08,0.2821,0.0769,0.1538,0.1795,0.0769,0.0,0.0513,0.1282,0.2821,0.0256,0.0256
CT015536,Zone_03,Zone_07,0.2786,0.0627,0.0807,0.0945,0.1261,0.0385,0.0471,0.2786,0.203,0.014,0.0549
CT010969,Zone_08,Zone_07,0.5333,0.0,0.0667,0.0667,0.0,0.0,0.0667,0.5333,0.2667,0.0,0.0
CT004093,Zone_07,Zone_07,0.5556,0.0,0.1111,0.0,0.0,0.1111,0.1111,0.5556,0.0,0.0,0.1111
CT014011,Zone_06,Zone_07,0.3074,0.0649,0.026,0.1126,0.1472,0.0216,0.039,0.3074,0.1861,0.0087,0.0866
CT015689,Zone_04,Zone_07,0.3941,0.0632,0.052,0.0595,0.145,0.0372,0.0297,0.3941,0.1375,0.0074,0.0743
CT016265,Zone_10,Zone_08,0.6364,0.0,0.0,0.0909,0.0,0.0,0.0909,0.0909,0.6364,0.0,0.0909
CT013950,Zone_08,Zone_07,0.2786,0.0627,0.0807,0.0945,0.1261,0.0385,0.0471,0.2786,0.203,0.014,0.0549
CT006116,Zone_07,Zone_07,0.323,0.0431,0.0781,0.0956,0.1211,0.039,0.0256,0.323,0.1965,0.0108,0.0673
CT012962,Zone_08,Zone_07,0.323,0.0431,0.0781,0.0956,0.1211,0.039,0.0256,0.323,0.1965,0.0108,0.0673
CT011610,Zone_02,Zone_08,0.2571,0.0707,0.0511,0.0797,0.1564,0.0496,0.0406,0.2256,0.2571,0.012,0.0571
CT019323,Zone_07,Zone_07,0.2786,0.0627,0.0807,0.0945,0.1261,0.0385,0.0471,0.2786,0.203,0.014,0.0549
CT003978,Zone_03,Zone_07,0.3228,0.0582,0.0741,0.0917,0.1429,0.0247,0.0406,0.3228,0.1817,0.0106,0.0529
CT019559,Zone_07,Zone_07,0.2786,0.0627,0.0807,0.0945,0.1261,0.0385,0.0471,0.2786,0.203,0.014,0.0549
CT010737,Zone_05,Zone_07,0.2786,0.0627,0.0807,0.0945,0.1261,0.0385,0.0471,0.2786,0.203,0.014,0.0549
CT011712,Zone_02,Zone_08,0.425,0.1,0.075,0.025,0.1,0.0,0.075,0.125,0.425,0.0,0.075
CT009915,Zone_04,Zone_04,0.2651,0.0602,0.0361,0.1205,0.2651,0.0241,0.0,0.241,0.2169,0.0,0.0361
CT013068,Zone_07,Zone_07,0.2786,0.0627,0.0807,0.0945,0.1261,0.0385,0.0471,0.2786,0.203,0.014,0.0549
CT019907,Zone_07,Zone_07,0.3448,0.0172,0.0862,0.1724,0.1724,0.0345,0.0517,0.3448,0.069,0.0345,0.0172
CT019133,Zone_07,Zone_07,0.3228,0.0582,0.0741,0.0917,0.1429,0.0247,0.0406,0.3228,0.1817,0.0106,0.0529
CT010738,Zone_05,Zone_07,0.4627,0.0149,0.0299,0.0746,0.0448,0.0448,0.0299,0.4627,0.194,0.0,0.1045
CT005095,Zone_09,Zone_03,0.3333,0.0,0.0,0.3333,0.0,0.0,0.0,0.1667,0.3333,0.0,0.1667
CT006646,Zone_03,Zone_04,0.3333,0.0,0.0,0.0,0.3333,0.0,0.3333,0.3333,0.0,0.0,0.0
CT011147,Zone_03,Zone_08,0.7692,0.0,0.0,0.0,0.0,0.0,0.0,0.2308,0.7692,0.0,0.0
CT012534,Zone_08,Zone_07,1.0,0.0,0.0,0.0,0.0,0.0,0.0,1.0,0.0,0.0,0.0
CT006598,Zone_04,Zone_07,0.323,0.0431,0.0781,0.0956,0.1211,0.039,0.0256,0.323,0.1965,0.0108,0.0673
CT009310,Zone_08,Zone_07,0.2786,0.0627,0.0807,0.0945,0.1261,0.0385,0.0471,0.2786,0.203,0.014,0.0549
CT009437,Zone_04,Zone_07,0.2786,0.0627,0.0807,0.0945,0.1261,0.0385,0.0471,0.2786,0.203,0.014,0.0549
CT010226,Zone_08,Zone_07,0.3206,0.1221,0.084,0.0916,0.1374,0.0305,0.0153,0.3206,0.1298,0.0,0.0687
CT001570,Zone_08,Zone_07,0.3228,0.0582,0.0741,0.0917,0.1429,0.0247,0.0406,0.3228,0.1817,0.0106,0.0529
CT003766,Zone_07,Zone_07,0.3118,0.0753,0.043,0.1075,0.086,0.0323,0.0323,0.3118,0.2796,0.0215,0.0108
CT018944,Zone_07,Zone_07,0.3206,0.1221,0.084,0.0916,0.1374,0.0305,0.0153,0.3206,0.1298,0.0,0.0687
CT008822,Zone_08,Zone_07,0.2786,0.0627,0.0807,0.0945,0.1261,0.0385,0.0471,0.2786,0.203,0.014,0.0549
CT010819,Zone_04,Zone_07,0.2706,0.0771,0.0717,0.0986,0.1452,0.0323,0.0305,0.2706,0.19,0.0125,0.0717
CT000795,Zone_02,Zone_07,0.323,0.0431,0.0781,0.0956,0.1211,0.039,0.0256,0.323,0.1965,0.0108,0.0673
CT016322,Zone_08,Zone_07,0.2786,0.0627,0.0807,0.0945,0.1261,0.0385,0.0471,0.2786,0.203,0.014,0.0549
CT004128,Zone_08,Zone_07,0.3228,0.0582,0.0741,0.0917,0.1429,0.0247,0.0406,0.3228,0.1817,0.0106,0.0529
CT013384,Zone_02,Zone_08,0.2094,0.0942,0.0942,0.0942,0.1466,0.0681,0.0314,0.1466,0.2094,0.0105,0.1047
CT018447,Zone_08,Zone_07,0.2786,0.0627,0.0807,0.0945,0.1261,0.0385,0.0471,0.2786,0.203,0.014,0.0549
CT001430,Zone_08,Zone_08,0.2571,0.0707,0.0511,0.0797,0.1564,0.0496,0.0406,0.2256,0.2571,0.012,0.0571
CT010609,Zone_10,Zone_07,0.3228,0.0582,0.0741,0.0917,0.1429,0.0247,0.0406,0.3228,0.1817,0.0106,0.0529
CT009341,Zone_02,Zone_08,0.2571,0.0707,0.0511,0.0797,0.1564,0.0496,0.0406,0.2256,0.2571,0.012,0.0571
CT018952,Zone_05,Zone_07,0.2786,0.0627,0.0807,0.0945,0.1261,0.0385,0.0471,0.2786,0.203,0.014,0.0549
CT009312,Zone_07,Zone_07,0.2786,0.0627,0.0807,0.0945,0.1261,0.0385,0.0471,0.2786,0.203,0.014,0.0549
CT001621,Zone_01,Zone_07,0.3118,0.0753,0.043,0.1075,0.086,0.0323,0.0323,0.3118,0.2796,0.0215,0.0108
CT015044,Zone_07,Zone_07,0.5,0.25,0.0,0.0,0.0833,0.0,0.0,0.5,0.0833,0.0,0.0833
CT001758,Zone_10,Zone_08,0.2812,0.0536,0.0804,0.1071,0.0848,0.0357,0.067,0.2277,0.2812,0.0,0.0625
CT003423,Zone_08,Zone_08,0.6,0.0,0.0,0.0,0.4,0.0,0.0,0.0,0.6,0.0,0.0
CT018346,Zone_04,Zone_07,0.8,0.0,0.0,0.0,0.0,0.0,0.0,0.8,0.2,0.0,0.0
CT014099,Zone_06,Zone_08,0.2571,0.0707,0.0511,0.0797,0.1564,0.0496,0.0406,0.2256,0.2571,0.012,0.0571
CT007014,Zone_08,Zone_07,0.3125,0.0104,0.0417,0.1146,0.1354,0.0521,0.0208,0.3125,0.2708,0.0208,0.0208
CT005623,Zone_08,Zone_07,0.323,0.0431,0.0781,0.0956,0.1211,0.039,0.0256,0.323,0.1965,0.0108,0.0673
CT010428,Zone_07,Zone_07,0.4643,0.0,0.1071,0.1071,0.0,0.0357,0.0357,0.4643,0.1786,0.0,0.0714
CT012686,Zone_08,Zone_07,0.2353,0.0392,0.1765,0.1569,0.0196,0.0196,0.0784,0.2353,0.2157,0.0,0.0588
CT015527,Zone_08,Zone_02,0.8,0.0,0.8,0.0,0.0,0.2,0.0,0.0,0.0,0.0,0.0
CT012808,Zone_06,Zone_07,1.0,0.0,0.0,0.0,0.0,0.0,0.0,1.0,0.0,0.0,0.0
CT013627,Zone_08,Zone_07,0.3125,0.0104,0.0417,0.1146,0.1354,0.0521,0.0208,0.3125,0.2708,0.0208,0.0208
CT017569,Zone_03,Zone_08,0.2571,0.0707,0.0511,0.0797,0.1564,0.0496,0.0406,0.2256,0.2571,0.012,0.0571
CT014825,Zone_08,Zone_07,0.7,0.0,0.0,0.1,0.1,0.1,0.0,0.7,0.0,0.0,0.0
CT010594,Zone_08,Zone_07,0.2786,0.0627,0.0807,0.0945,0.1261,0.0385,0.0471,0.2786,0.203,0.014,0.0549
CT019721,Zone_08,Zone_07,0.3125,0.0104,0.0417,0.1146,0.1354,0.0521,0.0208,0.3125,0.2708,0.0208,0.0208
CT015392,Zone_04,Zone_07,0.323,0.0431,0.0781,0.0956,0.1211,0.039,0.0256,0.323,0.1965,0.0108,0.0673
CT015319,Zone_08,Zone_07,0.2786,0.0627,0.0807,0.0945,0.1261,0.0385,0.0471,0.2786,0.203,0.014,0.0549
CT004930,Zone_04,Zone_07,0.4595,0.0405,0.0946,0.0541,0.0541,0.0135,0.0541,0.4595,0.1486,0.0135,0.0676
CT006434,Zone_06,Zone_07,0.3941,0.0632,0.052,0.0595,0.145,0.0372,0.0297,0.3941,0.1375,0.0074,0.0743
CT016898,Zone_09,Zone_02,0.8333,0.0,0.8333,0.0,0.0,0.0,0.0,0.1667,0.0,0.0,0.0
CT010083,Zone_03,Zone_07,0.56,0.04,0.08,0.12,0.08,0.0,0.0,0.56,0.08,0.0,0.04
CT003896,Zone_08,Zone_07,0.2706,0.0771,0.0717,0.0986,0.1452,0.0323,0.0305,0.2706,0.19,0.0125,0.0717
CT000653,Zone_08,Zone_07,0.3871,0.0571,0.0571,0.0546,0.1191,0.0372,0.0298,0.3871,0.201,0.0099,0.0471
CT014148,Zone_06,Zone_08,0.2571,0.0707,0.0511,0.0797,0.1564,0.0496,0.0406,0.2256,0.2571,0.012,0.0571
CT000362,Zone_03,Zone_07,0.3247,0.0515,0.0979,0.0773,0.0773,0.0309,0.0155,0.3247,0.2474,0.0052,0.0722
CT000191,Zone_10,Zone_08,0.2571,0.0707,0.0511,0.0797,0.1564,0.0496,0.0406,0.2256,0.2571,0.012,0.0571
CT003823,Zone_07,Zone_07,0.5714,0.1429,0.0,0.0,0.1429,0.0,0.0,0.5714,0.1429,0.0,0.0
CT004182,Zone_03,Zone_08,0.3247,0.0909,0.1299,0.0779,0.1169,0.026,0.026,0.1558,0.3247,0.013,0.039
CT011508,Zone_02,Zone_07,0.3235,0.0686,0.076,0.076,0.1397,0.0392,0.0343,0.3235,0.1716,0.0196,0.0515
CT019163,Zone_04,Zone_07,0.323,0.0431,0.0781,0.0956,0.1211,0.039,0.0256,0.323,0.1965,0.0108,0.0673
CT003282,Zone_02,Zone_07,0.2786,0.0627,0.0807,0.0945,0.1261,0.0385,0.0471,0.2786,0.203,0.014,0.0549
CT009122,Zone_10,Zone_07,0.3941,0.0632,0.052,0.0595,0.145,0.0372,0.0297,0.3941,0.1375,0.0074,0.0743
CT004071,Zone_05,Zone_08,0.3281,0.0391,0.0391,0.1641,0.1406,0.0312,0.0547,0.1016,0.3281,0.0078,0.0938
CT010374,Zone_04,Zone_07,0.2786,0.0627,0.0807,0.0945,0.1261,0.0385,0.0471,0.2786,0.203,0.014,0.0549
CT015633,Zone_03,Zone_07,0.2786,0.0627,0.0807,0.0945,0.1261,0.0385,0.0471,0.2786,0.203,0.014,0.0549
CT010171,Zone_07,Zone_07,0.2786,0.0627,0.0807,0.0945,0.1261,0.0385,0.0471,0.2786,0.203,0.014,0.0549
CT013486,Zone_07,Zone_07,0.2786,0.0627,0.0807,0.0945,0.1261,0.0385,0.0471,0.2786,0.203,0.014,0.0549
CT019924,Zone_08,Zone_07,0.3125,0.0104,0.0417,0.1146,0.1354,0.0521,0.0208,0.3125,0.2708,0.0208,0.0208
CT018401,Zone_07,Zone_07,0.2706,0.0771,0.0717,0.0986,0.1452,0.0323,0.0305,0.2706,0.19,0.0125,0.0717
CT010338,Zone_06,Zone_04,0.4,0.0,0.0,0.0,0.4,0.0,0.0,0.0,0.4,0.2,0.0
CT010145,Zone_07,Zone_08,0.4444,0.0556,0.0556,0.1111,0.1111,0.0278,0.0,0.1111,0.4444,0.0556,0.0278
CT016887,Zone_07,Zone_07,0.3074,0.0649,0.026,0.1126,0.1472,0.0216,0.039,0.3074,0.1861,0.0087,0.0866
CT007392,Zone_02,Zone_07,0.2786,0.0627,0.0807,0.0945,0.1261,0.0385,0.0471,0.2786,0.203,0.014,0.0549
CT010780,Zone_08,Zone_07,0.2786,0.0627,0.0807,0.0945,0.1261,0.0385,0.0471,0.2786,0.203,0.014,0.0549
CT004097,Zone_07,Zone_07,0.3074,0.0649,0.026,0.1126,0.1472,0.0216,0.039,0.3074,0.1861,0.0087,0.0866
CT009234,Zone_06,Zone_07,0.2786,0.0627,0.0807,0.0945,0.1261,0.0385,0.0471,0.2786,0.203,0.014,0.0549
CT015785,Zone_08,Zone_07,0.3941,0.0632,0.052,0.0595,0.145,0.0372,0.0297,0.3941,0.1375,0.0074,0.0743
CT003966,Zone_03,Zone_01,0.25,0.25,0.125,0.25,0.125,0.0,0.0,0.0,0.25,0.0,0.0
CT010040,Zone_07,Zone_07,0.3118,0.0753,0.043,0.1075,0.086,0.0323,0.0323,0.3118,0.2796,0.0215,0.0108
CT014419,Zone_08,Zone_07,0.2786,0.0627,0.0807,0.0945,0.1261,0.0385,0.0471,0.2786,0.203,0.014,0.0549
CT005080,Zone_07,Zone_08,0.2812,0.0536,0.0804,0.1071,0.0848,0.0357,0.067,0.2277,0.2812,0.0,0.0625
CT009522,Zone_08,Zone_07,0.3941,0.0632,0.052,0.0595,0.145,0.0372,0.0297,0.3941,0.1375,0.0074,0.0743
CT012067,Zone_03,Zone_07,0.3404,0.0638,0.1489,0.0638,0.1702,0.0,0.0,0.3404,0.1915,0.0,0.0213
CT015529,Zone_07,Zone_07,0.323,0.0431,0.0781,0.0956,0.1211,0.039,0.0256,0.323,0.1965,0.0108,0.0673
CT011378,Zone_04,Zone_08,0.3281,0.0391,0.0391,0.1641,0.1406,0.0312,0.0547,0.1016,0.3281,0.0078,0.0938
CT016808,Zone_02,Zone_08,0.3611,0.0556,0.0556,0.0833,0.1667,0.0278,0.0278,0.1111,0.3611,0.0556,0.0556
CT018155,Zone_08,Zone_01,0.2,0.2,0.2,0.0,0.0,0.2,0.0,0.2,0.2,0.0,0.0
CT019041,Zone_07,Zone_07,0.2786,0.0627,0.0807,0.0945,0.1261,0.0385,0.0471,0.2786,0.203,0.014,0.0549
CT006179,Zone_05,Zone_07,0.8,0.0,0.0,0.0,0.0,0.0,0.0,0.8,0.2,0.0,0.0
CT004385,Zone_07,Zone_08,0.4444,0.1111,0.0,0.0,0.2222,0.0,0.0,0.2222,0.4444,0.0,0.0
CT011134,Zone_10,Zone_07,0.2969,0.0625,0.1406,0.0469,0.0781,0.0625,0.0469,0.2969,0.1875,0.0,0.0781
CT018654,Zone_04,Zone_07,0.2786,0.0627,0.0807,0.0945,0.1261,0.0385,0.0471,0.2786,0.203,0.014,0.0549
CT010405,Zone_01,Zone_07,0.4627,0.0149,0.0299,0.0746,0.0448,0.0448,0.0299,0.4627,0.194,0.0,0.1045
CT006953,Zone_03,Zone_08,0.3019,0.0943,0.0472,0.1415,0.0566,0.0283,0.0189,0.217,0.3019,0.0566,0.0377
CT013896,Zone_07,Zone_02,0.4,0.0,0.4,0.0,0.4,0.0,0.0,0.0,0.2,0.0,0.0
CT012120,Zone_04,Zone_07,0.4359,0.0,0.0513,0.1026,0.1026,0.0513,0.0256,0.4359,0.1795,0.0256,0.0256
CT018213,Zone_01,Zone_07,0.2786,0.0627,0.0807,0.0945,0.1261,0.0385,0.0471,0.2786,0.203,0.014,0.0549
CT012369,Zone_08,Zone_04,0.225,0.1,0.2,0.1,0.225,0.05,0.025,0.1,0.125,0.025,0.05
CT012986,Zone_07,Zone_07,0.2786,0.0627,0.0807,0.0945,0.1261,0.0385,0.0471,0.2786,0.203,0.014,0.0549
CT002103,Zone_07,Zone_07,0.625,0.0,0.0,0.0,0.0,0.0,0.0,0.625,0.0,0.0,0.375
CT014300,Zone_07,Zone_07,0.2786,0.0627,0.0807,0.0945,0.1261,0.0385,0.0471,0.2786,0.203,0.014,0.0549
CT003500,Zone_07,Zone_07,0.5625,0.0625,0.0625,0.125,0.0,0.0,0.0,0.5625,0.1875,0.0,0.0
CT011952,Zone_08,Zone_07,0.323,0.0431,0.0781,0.0956,0.1211,0.039,0.0256,0.323,0.1965,0.0108,0.0673
CT005836,Zone_03,Zone_07,0.5714,0.0,0.1429,0.0,0.0,0.1429,0.1429,0.5714,0.0,0.0,0.0
CT014861,Zone_04,Zone_07,0.2786,0.0627,0.0807,0.0945,0.1261,0.0385,0.0471,0.2786,0.203,0.014,0.0549
CT004984,Zone_03,Zone_07,0.2706,0.0771,0.0717,0.0986,0.1452,0.0323,0.0305,0.2706,0.19,0.0125,0.0717
CT008618,Zone_08,Zone_08,0.2571,0.0707,0.0511,0.0797,0.1564,0.0496,0.0406,0.2256,0.2571,0.012,0.0571
CT000751,Zone_04,Zone_08,0.2812,0.0536,0.0804,0.1071,0.0848,0.0357,0.067,0.2277,0.2812,0.0,0.0625
CT018877,Zone_02,Zone_02,0.4286,0.0,0.4286,0.1429,0.1429,0.0,0.1429,0.0,0.0,0.0,0.1429
CT010720,Zone_07,Zone_01,0.3571,0.3571,0.0,0.1429,0.2143,0.0714,0.0714,0.0714,0.0,0.0714,0.0
CT017128,Zone_07,Zone_07,0.3871,0.0571,0.0571,0.0546,0.1191,0.0372,0.0298,0.3871,0.201,0.0099,0.0471
CT002099,Zone_03,Zone_04,0.5,0.0,0.0,0.0,0.5,0.0,0.0,0.1667,0.0,0.1667,0.1667
CT011570,Zone_07,Zone_07,0.2786,0.0627,0.0807,0.0945,0.1261,0.0385,0.0471,0.2786,0.203,0.014,0.0549
CT015195,Zone_07,Zone_07,0.875,0.0,0.125,0.0,0.0,0.0,0.0,0.875,0.0,0.0,0.0
CT015879,Zone_08,Zone_03,0.2581,0.0,0.1935,0.2581,0.1935,0.0,0.0,0.1613,0.1935,0.0,0.0
CT005914,Zone_04,Zone_07,0.3206,0.1221,0.084,0.0916,0.1374,0.0305,0.0153,0.3206,0.1298,0.0,0.0687
CT003795,Zone_07,Zone_03,0.6667,0.1667,0.0,0.6667,0.0,0.0,0.0,0.1667,0.0,0.0,0.0
CT017331,Zone_05,Zone_07,0.3871,0.0571,0.0571,0.0546,0.1191,0.0372,0.0298,0.3871,0.201,0.0099,0.0471
CT018856,Zone_08,Zone_07,0.3404,0.0638,0.1489,0.0638,0.1702,0.0,0.0,0.3404,0.1915,0.0,0.0213
CT018202,Zone_04,Zone_07,0.2786,0.0627,0.0807,0.0945,0.1261,0.0385,0.0471,0.2786,0.203,0.014,0.0549
CT000174,Zone_10,Zone_07,0.2786,0.0627,0.0807,0.0945,0.1261,0.0385,0.0471,0.2786,0.203,0.014,0.0549
CT001803,Zone_03,Zone_07,0.3118,0.0753,0.043,0.1075,0.086,0.0323,0.0323,0.3118,0.2796,0.0215,0.0108
CT013328,Zone_04,Zone_07,0.2786,0.0627,0.0807,0.0945,0.1261,0.0385,0.0471,0.2786,0.203,0.014,0.0549
CT008666,Zone_08,Zone_08,0.3247,0.0909,0.1299,0.0779,0.1169,0.026,0.026,0.1558,0.3247,0.013,0.039
CT014321,Zone_07,Zone_07,0.2786,0.0627,0.0807,0.0945,0.1261,0.0385,0.0471,0.2786,0.203,0.014,0.0549
CT003453,Zone_02,Zone_07,0.266,0.0496,0.1064,0.0922,0.1206,0.039,0.0532,0.266,0.2021,0.0035,0.0674
CT009696,Zone_05,Zone_08,0.2222,0.0556,0.0556,0.0778,0.1111,0.0778,0.1444,0.2111,0.2222,0.0111,0.0333
CT016332,Zone_07,Zone_07,0.2786,0.0627,0.0807,0.0945,0.1261,0.0385,0.0471,0.2786,0.203,0.014,0.0549
CT016970,Zone_07,Zone_07,0.2786,0.0627,0.0807,0.0945,0.1261,0.0385,0.0471,0.2786,0.203,0.014,0.0549
CT004309,Zone_10,Zone_07,0.3871,0.0571,0.0571,0.0546,0.1191,0.0372,0.0298,0.3871,0.201,0.0099,0.0471
CT003767,Zone_07,Zone_07,0.2786,0.0627,0.0807,0.0945,0.1261,0.0385,0.0471,0.2786,0.203,0.014,0.0549
CT002639,Zone_07,Zone_07,0.2786,0.0627,0.0807,0.0945,0.1261,0.0385,0.0471,0.2786,0.203,0.014,0.0549
CT006193,Zone_01,Zone_04,0.5,0.0,0.0,0.0,0.5,0.0,0.0,0.0,0.3333,0.0,0.1667
CT012296,Zone_07,Zone_07,0.2786,0.0627,0.0807,0.0945,0.1261,0.0385,0.0471,0.2786,0.203,0.014,0.0549
CT007395,Zone_06,Zone_08,0.6,0.2,0.0,0.0,0.0,0.0,0.0,0.2,0.6,0.0,0.0
CT010778,Zone_08,Zone_08,0.4909,0.0545,0.0727,0.0364,0.0727,0.0,0.0364,0.1091,0.4909,0.0,0.1273
CT006578,Zone_07,Zone_04,0.6,0.0,0.0,0.2,0.6,0.0,0.0,0.0,0.2,0.0,0.0
CT019074,Zone_09,Zone_07,0.3074,0.0649,0.026,0.1126,0.1472,0.0216,0.039,0.3074,0.1861,0.0087,0.0866
CT015095,Zone_07,Zone_07,0.2941,0.0294,0.1078,0.098,0.0588,0.0392,0.0098,0.2941,0.2353,0.0196,0.1078
CT017221,Zone_07,Zone_07,0.2786,0.0627,0.0807,0.0945,0.1261,0.0385,0.0471,0.2786,0.203,0.014,0.0549
CT005042,Zone_03,Zone_07,0.2786,0.0627,0.0807,0.0945,0.1261,0.0385,0.0471,0.2786,0.203,0.014,0.0549
CT009781,Zone_01,Zone_07,0.4627,0.0149,0.0299,0.0746,0.0448,0.0448,0.0299,0.4627,0.194,0.0,0.1045
CT002504,Zone_07,Zone_07,0.3333,0.0833,0.0417,0.1042,0.0208,0.0208,0.0208,0.3333,0.25,0.0417,0.0833
CT006335,Zone_07,Zone_08,0.3529,0.0588,0.0,0.0588,0.2941,0.0588,0.0,0.1176,0.3529,0.0,0.0588
CT016667,Zone_07,Zone_01,0.4286,0.4286,0.0,0.2857,0.0,0.0,0.0,0.1429,0.0,0.0,0.1429
CT018425,Zone_07,Zone_07,0.2786,0.0627,0.0807,0.0945,0.1261,0.0385,0.0471,0.2786,0.203,0.014,0.0549
CT005892,Zone_07,Zone_04,0.5,0.0,0.0,0.0,0.5,0.0,0.0,0.0,0.3333,0.0,0.1667
CT015586,Zone_08,Zone_07,0.2786,0.0627,0.0807,0.0945,0.1261,0.0385,0.0471,0.2786,0.203,0.014,0.0549
CT012258,Zone_02,Zone_08,0.5455,0.2727,0.0,0.0,0.0909,0.0,0.0,0.0,0.5455,0.0,0.0909
CT013842,Zone_07,Zone_04,0.3333,0.0,0.0741,0.1852,0.3333,0.037,0.0,0.037,0.2222,0.0,0.1111
CT002692,Zone_05,Zone_02,0.3333,0.0,0.3333,0.0,0.1667,0.0,0.0,0.1667,0.3333,0.0,0.0
CT009460,Zone_10,Zone_07,0.2786,0.0627,0.0807,0.0945,0.1261,0.0385,0.0471,0.2786,0.203,0.014,0.0549
CT000065,Zone_07,Zone_07,0.3228,0.0582,0.0741,0.0917,0.1429,0.0247,0.0406,0.3228,0.1817,0.0106,0.0529
CT000084,Zone_03,Zone_07,0.2786,0.0627,0.0807,0.0945,0.1261,0.0385,0.0471,0.2786,0.203,0.014,0.0549
CT015701,Zone_06,Zone_07,0.3166,0.0452,0.0754,0.0905,0.1055,0.0151,0.0603,0.3166,0.2412,0.005,0.0452
CT015254,Zone_04,Zone_04,0.3636,0.1136,0.1591,0.0909,0.3636,0.0,0.0909,0.0682,0.0455,0.0455,0.0227
CT017290,Zone_07,Zone_07,0.3404,0.0638,0.1489,0.0638,0.1702,0.0,0.0,0.3404,0.1915,0.0,0.0213
CT015986,Zone_03,Zone_07,0.2786,0.0627,0.0807,0.0945,0.1261,0.0385,0.0471,0.2786,0.203,0.014,0.0549
CT015971,Zone_04,Zone_07,0.3871,0.0571,0.0571,0.0546,0.1191,0.0372,0.0298,0.3871,0.201,0.0099,0.0471
CT002144,Zone_07,Zone_07,0.3235,0.0686,0.076,0.076,0.1397,0.0392,0.0343,0.3235,0.1716,0.0196,0.0515
CT011515,Zone_04,Zone_07,0.323,0.0431,0.0781,0.0956,0.1211,0.039,0.0256,0.323,0.1965,0.0108,0.0673
CT003208,Zone_02,Zone_08,0.3333,0.1111,0.1111,0.1111,0.0,0.1111,0.0,0.2222,0.3333,0.0,0.0
CT004411,Zone_05,Zone_08,0.3281,0.0391,0.0391,0.1641,0.1406,0.0312,0.0547,0.1016,0.3281,0.0078,0.0938
CT017584,Zone_04,Zone_07,0.2786,0.0627,0.0807,0.0945,0.1261,0.0385,0.0471,0.2786,0.203,0.014,0.0549
CT007858,Zone_04,Zone_02,0.2632,0.0789,0.2632,0.1053,0.1053,0.0526,0.0263,0.1053,0.2105,0.0,0.0526
CT018243,Zone_08,Zone_07,0.4627,0.0149,0.0299,0.0746,0.0448,0.0448,0.0299,0.4627,0.194,0.0,0.1045
CT000069,Zone_02,Zone_07,0.2786,0.0627,0.0807,0.0945,0.1261,0.0385,0.0471,0.2786,0.203,0.014,0.0549
CT017488,Zone_04,Zone_07,0.3871,0.0571,0.0571,0.0546,0.1191,0.0372,0.0298,0.3871,0.201,0.0099,0.0471
CT010642,Zone_07,Zone_08,0.2273,0.0909,0.0909,0.1364,0.0909,0.1136,0.0455,0.1591,0.2273,0.0,0.0455
CT002476,Zone_02,Zone_04,0.3333,0.0,0.0741,0.1852,0.3333,0.037,0.0,0.037,0.2222,0.0,0.1111
CT009149,Zone_05,Zone_07,0.2786,0.0627,0.0807,0.0945,0.1261,0.0385,0.0471,0.2786,0.203,0.014,0.0549
CT017686,Zone_08,Zone_07,0.4286,0.0571,0.0857,0.1429,0.1143,0.0857,0.0571,0.4286,0.0286,0.0,0.0
CT014973,Zone_08,Zone_04,0.3333,0.0,0.0741,0.1852,0.3333,0.037,0.0,0.037,0.2222,0.0,0.1111
CT010933,Zone_07,Zone_07,0.3125,0.0104,0.0417,0.1146,0.1354,0.0521,0.0208,0.3125,0.2708,0.0208,0.0208
CT018777,Zone_03,Zone_07,0.3085,0.0638,0.1383,0.0532,0.0745,0.0426,0.0426,0.3085,0.234,0.0,0.0426
CT007095,Zone_08,Zone_08,0.2812,0.0536,0.0804,0.1071,0.0848,0.0357,0.067,0.2277,0.2812,0.0,0.0625
CT013522,Zone_07,Zone_07,0.2786,0.0627,0.0807,0.0945,0.1261,0.0385,0.0471,0.2786,0.203,0.014,0.0549
CT013427,Zone_10,Zone_07,0.3235,0.0686,0.076,0.076,0.1397,0.0392,0.0343,0.3235,0.1716,0.0196,0.0515
CT015959,Zone_04,Zone_08,0.2094,0.0942,0.0942,0.0942,0.1466,0.0681,0.0314,0.1466,0.2094,0.0105,0.1047
CT005599,Zone_07,Zone_08,0.3636,0.0,0.0909,0.1818,0.0909,0.0455,0.0455,0.1364,0.3636,0.0,0.0455
CT002880,Zone_02,Zone_07,0.2786,0.0627,0.0807,0.0945,0.1261,0.0385,0.0471,0.2786,0.203,0.014,0.0549
CT002520,Zone_01,Zone_07,0.3247,0.0515,0.0979,0.0773,0.0773,0.0309,0.0155,0.3247,0.2474,0.0052,0.0722
CT005807,Zone_07,Zone_07,0.3247,0.0515,0.0979,0.0773,0.0773,0.0309,0.0155,0.3247,0.2474,0.0052,0.0722
CT017485,Zone_06,Zone_08,1.0,0.0,0.0,0.0,0.0,0.0,0.0,0.0,1.0,0.0,0.0
CT008240,Zone_05,Zone_03,0.1944,0.0,0.1667,0.1944,0.1111,0.1111,0.0278,0.1944,0.1944,0.0,0.0
CT006929,Zone_04,Zone_07,0.3247,0.0515,0.0979,0.0773,0.0773,0.0309,0.0155,0.3247,0.2474,0.0052,0.0722
CT002796,Zone_07,Zone_07,0.3228,0.0582,0.0741,0.0917,0.1429,0.0247,0.0406,0.3228,0.1817,0.0106,0.0529
CT003772,Zone_10,Zone_07,0.266,0.0496,0.1064,0.0922,0.1206,0.039,0.0532,0.266,0.2021,0.0035,0.0674
CT003708,Zone_08,Zone_07,0.2786,0.0627,0.0807,0.0945,0.1261,0.0385,0.0471,0.2786,0.203,0.014,0.0549
CT000116,Zone_07,Zone_07,0.2786,0.0627,0.0807,0.0945,0.1261,0.0385,0.0471,0.2786,0.203,0.014,0.0549
CT016609,Zone_02,Zone_07,0.2786,0.0627,0.0807,0.0945,0.1261,0.0385,0.0471,0.2786,0.203,0.014,0.0549
CT016481,Zone_07,Zone_03,0.25,0.0417,0.2083,0.25,0.0833,0.0417,0.0417,0.0833,0.1667,0.0,0.0833
CT001780,Zone_08,Zone_07,0.2786,0.0627,0.0807,0.0945,0.1261,0.0385,0.0471,0.2786,0.203,0.014,0.0549
CT007346,Zone_07,Zone_03,0.25,0.0417,0.2083,0.25,0.0833,0.0417,0.0417,0.0833,0.1667,0.0,0.0833
CT002500,Zone_08,Zone_07,0.2786,0.0627,0.0807,0.0945,0.1261,0.0385,0.0471,0.2786,0.203,0.014,0.0549
CT009366,Zone_04,Zone_01,0.2857,0.2857,0.1429,0.1429,0.0,0.1429,0.0,0.2857,0.0,0.0,0.0
CT017131,Zone_10,Zone_04,0.2651,0.0602,0.0361,0.1205,0.2651,0.0241,0.0,0.241,0.2169,0.0,0.0361
CT017628,Zone_06,Zone_07,0.323,0.0431,0.0781,0.0956,0.1211,0.039,0.0256,0.323,0.1965,0.0108,0.0673
CT018105,Zone_01,Zone_07,0.3235,0.0686,0.076,0.076,0.1397,0.0392,0.0343,0.3235,0.1716,0.0196,0.0515
CT003103,Zone_10,Zone_07,0.2969,0.0625,0.1406,0.0469,0.0781,0.0625,0.0469,0.2969,0.1875,0.0,0.0781
CT003293,Zone_07,Zone_01,0.3571,0.3571,0.0,0.1429,0.2143,0.0714,0.0714,0.0714,0.0,0.0714,0.0
CT012046,Zone_07,Zone_08,0.2812,0.0536,0.0804,0.1071,0.0848,0.0357,0.067,0.2277,0.2812,0.0,0.0625
CT014162,Zone_08,Zone_07,0.2786,0.0627,0.0807,0.0945,0.1261,0.0385,0.0471,0.2786,0.203,0.014,0.0549
CT015927,Zone_07,Zone_07,0.2786,0.0627,0.0807,0.0945,0.1261,0.0385,0.0471,0.2786,0.203,0.014,0.0549
CT012893,Zone_04,Zone_08,0.2917,0.0833,0.0,0.0833,0.125,0.2083,0.0,0.125,0.2917,0.0,0.0833
CT011520,Zone_07,Zone_07,0.3206,0.1221,0.084,0.0916,0.1374,0.0305,0.0153,0.3206,0.1298,0.0,0.0687
CT017752,Zone_04,Zone_07,0.5,0.0,0.0,0.0,0.1667,0.0,0.0,0.5,0.3333,0.0,0.0
CT000775,Zone_02,Zone_07,0.2969,0.0625,0.1406,0.0469,0.0781,0.0625,0.0469,0.2969,0.1875,0.0,0.0781
CT014906,Zone_08,Zone_04,0.4444,0.0,0.0,0.3333,0.4444,0.0,0.0,0.1111,0.1111,0.0,0.0
CT002820,Zone_06,Zone_07,0.3941,0.0632,0.052,0.0595,0.145,0.0372,0.0297,0.3941,0.1375,0.0074,0.0743
CT002726,Zone_07,Zone_07,0.3166,0.0452,0.0754,0.0905,0.1055,0.0151,0.0603,0.3166,0.2412,0.005,0.0452
CT008661,Zone_04,Zone_07,0.3871,0.0571,0.0571,0.0546,0.1191,0.0372,0.0298,0.3871,0.201,0.0099,0.0471
CT003178,Zone_05,Zone_08,0.2571,0.0707,0.0511,0.0797,0.1564,0.0496,0.0406,0.2256,0.2571,0.012,0.0571
CT004552,Zone_08,Zone_07,0.2786,0.0627,0.0807,0.0945,0.1261,0.0385,0.0471,0.2786,0.203,0.014,0.0549
CT014014,Zone_10,Zone_05,0.3333,0.0,0.0,0.0,0.1667,0.3333,0.1667,0.0,0.3333,0.0,0.0
CT014528,Zone_07,Zone_07,0.2424,0.0455,0.0758,0.1364,0.1818,0.0758,0.0303,0.2424,0.1061,0.0,0.1061
CT019865,Zone_07,Zone_07,0.3074,0.0649,0.026,0.1126,0.1472,0.0216,0.039,0.3074,0.1861,0.0087,0.0866
CT009880,Zone_04,Zone_07,0.2786,0.0627,0.0807,0.0945,0.1261,0.0385,0.0471,0.2786,0.203,0.014,0.0549
CT017678,Zone_08,Zone_08,0.268,0.0784,0.0458,0.0719,0.1503,0.0719,0.0196,0.2418,0.268,0.0131,0.0392
CT000593,Zone_04,Zone_08,0.2812,0.0536,0.0804,0.1071,0.0848,0.0357,0.067,0.2277,0.2812,0.0,0.0625
CT006067,Zone_08,Zone_02,0.2632,0.0789,0.2632,0.1053,0.1053,0.0526,0.0263,0.1053,0.2105,0.0,0.0526
CT013672,Zone_06,Zone_07,0.2786,0.0627,0.0807,0.0945,0.1261,0.0385,0.0471,0.2786,0.203,0.014,0.0549
CT000628,Zone_03,Zone_07,0.3228,0.0582,0.0741,0.0917,0.1429,0.0247,0.0406,0.3228,0.1817,0.0106,0.0529
CT012328,Zone_03,Zone_07,0.3074,0.0649,0.026,0.1126,0.1472,0.0216,0.039,0.3074,0.1861,0.0087,0.0866
CT018906,Zone_07,Zone_07,0.3074,0.0649,0.026,0.1126,0.1472,0.0216,0.039,0.3074,0.1861,0.0087,0.0866
CT008368,Zone_07,Zone_07,0.2786,0.0627,0.0807,0.0945,0.1261,0.0385,0.0471,0.2786,0.203,0.014,0.0549
CT015312,Zone_07,Zone_07,0.2706,0.0771,0.0717,0.0986,0.1452,0.0323,0.0305,0.2706,0.19,0.0125,0.0717
CT018573,Zone_08,Zone_01,0.25,0.25,0.125,0.0,0.25,0.125,0.0,0.0,0.125,0.125,0.0
CT012840,Zone_09,Zone_03,0.3333,0.0,0.0,0.3333,0.3333,0.0,0.0,0.1667,0.1667,0.0,0.0
CT011848,Zone_07,Zone_05,0.375,0.0,0.125,0.0,0.0,0.375,0.125,0.125,0.0,0.0,0.25
CT019009,Zone_02,Zone_08,0.2727,0.1136,0.0455,0.0682,0.1818,0.0682,0.0,0.1364,0.2727,0.0227,0.0909
CT006471,Zone_08,Zone_07,0.2786,0.0627,0.0807,0.0945,0.1261,0.0385,0.0471,0.2786,0.203,0.014,0.0549
CT012538,Zone_07,Zone_08,0.3571,0.0,0.0,0.0,0.0714,0.0,0.2143,0.2143,0.3571,0.0,0.1429
CT001095,Zone_07,Zone_07,0.4167,0.0833,0.0833,0.0833,0.0,0.0,0.0833,0.4167,0.0833,0.0,0.1667
CT002974,Zone_10,Zone_07,0.2786,0.0627,0.0807,0.0945,0.1261,0.0385,0.0471,0.2786,0.203,0.014,0.0549
CT001590,Zone_03,Zone_07,0.3166,0.0452,0.0754,0.0905,0.1055,0.0151,0.0603,0.3166,0.2412,0.005,0.0452
CT017901,Zone_08,Zone_07,0.2786,0.0627,0.0807,0.0945,0.1261,0.0385,0.0471,0.2786,0.203,0.014,0.0549
CT015138,Zone_04,Zone_04,0.2941,0.0294,0.1176,0.0588,0.2941,0.0588,0.1176,0.0882,0.1765,0.0294,0.0294
CT001579,Zone_09,Zone_08,0.268,0.0784,0.0458,0.0719,0.1503,0.0719,0.0196,0.2418,0.268,0.0131,0.0392
CT012299,Zone_01,Zone_07,0.2706,0.0771,0.0717,0.0986,0.1452,0.0323,0.0305,0.2706,0.19,0.0125,0.0717
CT018126,Zone_07,Zone_07,0.3871,0.0571,0.0571,0.0546,0.1191,0.0372,0.0298,0.3871,0.201,0.0099,0.0471
CT004586,Zone_07,Zone_07,0.2786,0.0627,0.0807,0.0945,0.1261,0.0385,0.0471,0.2786,0.203,0.014,0.0549
CT012399,Zone_03,Zone_07,0.3871,0.0571,0.0571,0.0546,0.1191,0.0372,0.0298,0.3871,0.201,0.0099,0.0471
CT017733,Zone_07,Zone_07,0.2941,0.0294,0.1078,0.098,0.0588,0.0392,0.0098,0.2941,0.2353,0.0196,0.1078
CT003950,Zone_04,Zone_04,0.4167,0.0833,0.0,0.25,0.4167,0.0,0.0833,0.0,0.0833,0.0,0.0833
CT002028,Zone_05,Zone_02,0.3333,0.0,0.3333,0.1667,0.3333,0.0,0.0,0.1667,0.0,0.0,0.0
CT008844,Zone_07,Zone_07,0.323,0.0431,0.0781,0.0956,0.1211,0.039,0.0256,0.323,0.1965,0.0108,0.0673
CT011440,Zone_07,Zone_08,0.2571,0.0707,0.0511,0.0797,0.1564,0.0496,0.0406,0.2256,0.2571,0.012,0.0571
CT018586,Zone_04,Zone_08,0.375,0.25,0.125,0.0,0.125,0.0,0.0,0.125,0.375,0.0,0.0
CT017908,Zone_07,Zone_07,0.3247,0.0515,0.0979,0.0773,0.0773,0.0309,0.0155,0.3247,0.2474,0.0052,0.0722
CT003604,Zone_01,Zone_07,0.2786,0.0627,0.0807,0.0945,0.1261,0.0385,0.0471,0.2786,0.203,0.014,0.0549
CT003625,Zone_07,Zone_07,0.3235,0.0686,0.076,0.076,0.1397,0.0392,0.0343,0.3235,0.1716,0.0196,0.0515
CT010584,Zone_08,Zone_03,0.1944,0.0,0.1667,0.1944,0.1111,0.1111,0.0278,0.1944,0.1944,0.0,0.0
CT006932,Zone_08,Zone_08,0.4375,0.0312,0.0625,0.0,0.25,0.0,0.0312,0.125,0.4375,0.0312,0.0312
CT013662,Zone_07,Zone_08,0.2571,0.0707,0.0511,0.0797,0.1564,0.0496,0.0406,0.2256,0.2571,0.012,0.0571
CT006098,Zone_07,Zone_07,0.2786,0.0627,0.0807,0.0945,0.1261,0.0385,0.0471,0.2786,0.203,0.014,0.0549
CT014681,Zone_07,Zone_07,0.3074,0.0649,0.026,0.1126,0.1472,0.0216,0.039,0.3074,0.1861,0.0087,0.0866
CT018190,Zone_07,Zone_07,0.323,0.0431,0.0781,0.0956,0.1211,0.039,0.0256,0.323,0.1965,0.0108,0.0673
CT005035,Zone_08,Zone_07,0.2786,0.0627,0.0807,0.0945,0.1261,0.0385,0.0471,0.2786,0.203,0.014,0.0549
CT019771,Zone_01,Zone_07,0.2786,0.0627,0.0807,0.0945,0.1261,0.0385,0.0471,0.2786,0.203,0.014,0.0549
CT019090,Zone_08,Zone_07,0.3143,0.0643,0.1143,0.05,0.1286,0.0286,0.0643,0.3143,0.2143,0.0071,0.0143
CT005830,Zone_07,Zone_07,0.4627,0.0149,0.0299,0.0746,0.0448,0.0448,0.0299,0.4627,0.194,0.0,0.1045
CT011389,Zone_03,Zone_07,0.266,0.0496,0.1064,0.0922,0.1206,0.039,0.0532,0.266,0.2021,0.0035,0.0674
CT000583,Zone_03,Zone_07,0.2786,0.0627,0.0807,0.0945,0.1261,0.0385,0.0471,0.2786,0.203,0.014,0.0549
CT007102,Zone_04,Zone_08,0.2571,0.0707,0.0511,0.0797,0.1564,0.0496,0.0406,0.2256,0.2571,0.012,0.0571
CT000875,Zone_08,Zone_07,0.3166,0.0452,0.0754,0.0905,0.1055,0.0151,0.0603,0.3166,0.2412,0.005,0.0452
CT017825,Zone_07,Zone_01,0.3571,0.3571,0.0,0.1429,0.2143,0.0714,0.0714,0.0714,0.0,0.0714,0.0
CT011193,Zone_08,Zone_07,0.3235,0.0686,0.076,0.076,0.1397,0.0392,0.0343,0.3235,0.1716,0.0196,0.0515
CT010125,Zone_03,Zone_07,0.3074,0.0649,0.026,0.1126,0.1472,0.0216,0.039,0.3074,0.1861,0.0087,0.0866
CT010806,Zone_08,Zone_01,0.3571,0.3571,0.0,0.1429,0.2143,0.0714,0.0714,0.0714,0.0,0.0714,0.0
CT019297,Zone_04,Zone_08,0.8333,0.1667,0.0,0.0,0.0,0.0,0.0,0.0,0.8333,0.0,0.0
CT016466,Zone_07,Zone_07,0.323,0.0431,0.0781,0.0956,0.1211,0.039,0.0256,0.323,0.1965,0.0108,0.0673
CT019842,Zone_09,Zone_07,0.2786,0.0627,0.0807,0.0945,0.1261,0.0385,0.0471,0.2786,0.203,0.014,0.0549
CT014109,Zone_05,Zone_07,0.266,0.0496,0.1064,0.0922,0.1206,0.039,0.0532,0.266,0.2021,0.0035,0.0674
CT002064,Zone_03,Zone_07,0.2786,0.0627,0.0807,0.0945,0.1261,0.0385,0.0471,0.2786,0.203,0.014,0.0549
CT001577,Zone_07,Zone_08,0.3611,0.0556,0.0556,0.0833,0.1667,0.0278,0.0278,0.1111,0.3611,0.0556,0.0556
CT010247,Zone_02,Zone_07,0.4643,0.0,0.1071,0.1071,0.0,0.0357,0.0357,0.4643,0.1786,0.0,0.0714
CT001395,Zone_07,Zone_07,0.2786,0.0627,0.0807,0.0945,0.1261,0.0385,0.0471,0.2786,0.203,0.014,0.0549
CT007481,Zone_07,Zone_04,0.25,0.0208,0.0833,0.1042,0.25,0.0208,0.0208,0.25,0.1667,0.0,0.0833
CT007513,Zone_02,Zone_07,0.3871,0.0571,0.0571,0.0546,0.1191,0.0372,0.0298,0.3871,0.201,0.0099,0.0471
CT012740,Zone_07,Zone_07,0.2786,0.0627,0.0807,0.0945,0.1261,0.0385,0.0471,0.2786,0.203,0.014,0.0549
CT007576,Zone_10,Zone_01,0.2857,0.2857,0.1429,0.0,0.0,0.0,0.1429,0.0,0.1429,0.0,0.2857
CT013547,Zone_10,Zone_07,0.3166,0.0452,0.0754,0.0905,0.1055,0.0151,0.0603,0.3166,0.2412,0.005,0.0452
CT017510,Zone_03,Zone_07,0.2706,0.0771,0.0717,0.0986,0.1452,0.0323,0.0305,0.2706,0.19,0.0125,0.0717
CT000396,Zone_08,Zone_07,0.2786,0.0627,0.0807,0.0945,0.1261,0.0385,0.0471,0.2786,0.203,0.014,0.0549
CT016624,Zone_07,Zone_07,0.2786,0.0627,0.0807,0.0945,0.1261,0.0385,0.0471,0.2786,0.203,0.014,0.0549
CT017554,Zone_08,Zone_07,0.2786,0.0627,0.0807,0.0945,0.1261,0.0385,0.0471,0.2786,0.203,0.014,0.0549
CT013442,Zone_03,Zone_07,0.2786,0.0627,0.0807,0.0945,0.1261,0.0385,0.0471,0.2786,0.203,0.014,0.0549
CT017893,Zone_10,Zone_07,0.2786,0.0627,0.0807,0.0945,0.1261,0.0385,0.0471,0.2786,0.203,0.014,0.0549
CT017003,Zone_01,Zone_07,0.3871,0.0571,0.0571,0.0546,0.1191,0.0372,0.0298,0.3871,0.201,0.0099,0.0471
CT007942,Zone_05,Zone_07,0.2786,0.0627,0.0807,0.0945,0.1261,0.0385,0.0471,0.2786,0.203,0.014,0.0549
CT000094,Zone_05,Zone_07,0.2786,0.0627,0.0807,0.0945,0.1261,0.0385,0.0471,0.2786,0.203,0.014,0.0549
CT018687,Zone_03,Zone_07,0.2786,0.0627,0.0807,0.0945,0.1261,0.0385,0.0471,0.2786,0.203,0.014,0.0549
CT009004,Zone_02,Zone_08,0.2571,0.0707,0.0511,0.0797,0.1564,0.0496,0.0406,0.2256,0.2571,0.012,0.0571
CT015361,Zone_07,Zone_08,0.2812,0.0536,0.0804,0.1071,0.0848,0.0357,0.067,0.2277,0.2812,0.0,0.0625
CT002367,Zone_04,Zone_07,0.3228,0.0582,0.0741,0.0917,0.1429,0.0247,0.0406,0.3228,0.1817,0.0106,0.0529
CT019100,Zone_04,Zone_07,0.7778,0.0,0.0,0.0,0.0,0.0,0.0,0.7778,0.1111,0.0,0.1111
CT013555,Zone_06,Zone_07,0.2786,0.0627,0.0807,0.0945,0.1261,0.0385,0.0471,0.2786,0.203,0.014,0.0549
CT003269,Zone_10,Zone_07,0.323,0.0431,0.0781,0.0956,0.1211,0.039,0.0256,0.323,0.1965,0.0108,0.0673
CT010548,Zone_05,Zone_07,0.8,0.0,0.0,0.0,0.0,0.0,0.0,0.8,0.2,0.0,0.0
CT003165,Zone_08,Zone_07,0.2786,0.0627,0.0807,0.0945,0.1261,0.0385,0.0471,0.2786,0.203,0.014,0.0549
CT019387,Zone_08,Zone_04,0.6667,0.0,0.1111,0.0,0.6667,0.0,0.0,0.1111,0.1111,0.0,0.0
CT010045,Zone_04,Zone_07,0.2786,0.0627,0.0807,0.0945,0.1261,0.0385,0.0471,0.2786,0.203,0.014,0.0549
CT010741,Zone_10,Zone_08,0.2571,0.0707,0.0511,0.0797,0.1564,0.0496,0.0406,0.2256,0.2571,0.012,0.0571
CT013186,Zone_04,Zone_07,0.2786,0.0627,0.0807,0.0945,0.1261,0.0385,0.0471,0.2786,0.203,0.014,0.0549
CT004217,Zone_08,Zone_07,0.2786,0.0627,0.0807,0.0945,0.1261,0.0385,0.0471,0.2786,0.203,0.014,0.0549
CT010096,Zone_07,Zone_07,0.3913,0.0,0.0435,0.0,0.1304,0.0,0.1304,0.3913,0.3043,0.0,0.0
CT008923,Zone_02,Zone_07,0.2786,0.0627,0.0807,0.0945,0.1261,0.0385,0.0471,0.2786,0.203,0.014,0.0549
CT005858,Zone_07,Zone_08,0.2571,0.0707,0.0511,0.0797,0.1564,0.0496,0.0406,0.2256,0.2571,0.012,0.0571
CT005454,Zone_01,Zone_07,0.3235,0.0686,0.076,0.076,0.1397,0.0392,0.0343,0.3235,0.1716,0.0196,0.0515
CT003412,Zone_03,Zone_08,0.5333,0.0,0.0,0.1333,0.0,0.0667,0.1333,0.1333,0.5333,0.0,0.0
CT012001,Zone_07,Zone_07,0.2786,0.0627,0.0807,0.0945,0.1261,0.0385,0.0471,0.2786,0.203,0.014,0.0549
CT008540,Zone_04,Zone_07,0.2786,0.0627,0.0807,0.0945,0.1261,0.0385,0.0471,0.2786,0.203,0.014,0.0549
CT006682,Zone_07,Zone_08,0.381,0.0952,0.0159,0.0159,0.127,0.0794,0.0635,0.2063,0.381,0.0,0.0159
CT001174,Zone_07,Zone_07,0.3478,0.1522,0.0652,0.1522,0.1304,0.0217,0.0217,0.3478,0.1087,0.0,0.0
CT003855,Zone_08,Zone_07,0.2786,0.0627,0.0807,0.0945,0.1261,0.0385,0.0471,0.2786,0.203,0.014,0.0549
CT015098,Zone_07,Zone_08,0.3571,0.0,0.0,0.0,0.0714,0.0,0.2143,0.2143,0.3571,0.0,0.1429
CT005385,Zone_04,Zone_01,0.25,0.25,0.125,0.25,0.125,0.0,0.0,0.0,0.25,0.0,0.0
CT000577,Zone_06,Zone_07,0.2786,0.0627,0.0807,0.0945,0.1261,0.0385,0.0471,0.2786,0.203,0.014,0.0549
CT016294,Zone_08,Zone_07,0.3228,0.0582,0.0741,0.0917,0.1429,0.0247,0.0406,0.3228,0.1817,0.0106,0.0529
CT001087,Zone_07,Zone_08,0.2812,0.0536,0.0804,0.1071,0.0848,0.0357,0.067,0.2277,0.2812,0.0,0.0625
CT012219,Zone_10,Zone_07,0.3125,0.0104,0.0417,0.1146,0.1354,0.0521,0.0208,0.3125,0.2708,0.0208,0.0208
CT008200,Zone_01,Zone_07,0.2706,0.0771,0.0717,0.0986,0.1452,0.0323,0.0305,0.2706,0.19,0.0125,0.0717
CT002294,Zone_04,Zone_07,0.2786,0.0627,0.0807,0.0945,0.1261,0.0385,0.0471,0.2786,0.203,0.014,0.0549
CT015960,Zone_03,Zone_08,0.4,0.0,0.2,0.0,0.0,0.0,0.0,0.2,0.4,0.0,0.2
CT005302,Zone_08,Zone_08,0.3247,0.0909,0.1299,0.0779,0.1169,0.026,0.026,0.1558,0.3247,0.013,0.039
CT001611,Zone_04,Zone_07,0.2786,0.0627,0.0807,0.0945,0.1261,0.0385,0.0471,0.2786,0.203,0.014,0.0549
CT019579,Zone_02,Zone_08,0.2812,0.0536,0.0804,0.1071,0.0848,0.0357,0.067,0.2277,0.2812,0.0,0.0625
CT015053,Zone_07,Zone_08,0.2571,0.0707,0.0511,0.0797,0.1564,0.0496,0.0406,0.2256,0.2571,0.012,0.0571
CT019384,Zone_07,Zone_07,0.2786,0.0627,0.0807,0.0945,0.1261,0.0385,0.0471,0.2786,0.203,0.014,0.0549
CT008977,Zone_02,Zone_07,0.3448,0.0172,0.0862,0.1724,0.1724,0.0345,0.0517,0.3448,0.069,0.0345,0.0172
CT010529,Zone_03,Zone_07,0.2786,0.0627,0.0807,0.0945,0.1261,0.0385,0.0471,0.2786,0.203,0.014,0.0549
CT000527,Zone_10,Zone_07,0.3228,0.0582,0.0741,0.0917,0.1429,0.0247,0.0406,0.3228,0.1817,0.0106,0.0529
CT019465,Zone_03,Zone_08,0.2094,0.0942,0.0942,0.0942,0.1466,0.0681,0.0314,0.1466,0.2094,0.0105,0.1047
CT009630,Zone_07,Zone_08,0.2571,0.0707,0.0511,0.0797,0.1564,0.0496,0.0406,0.2256,0.2571,0.012,0.0571
CT018067,Zone_01,Zone_07,0.4444,0.0,0.3333,0.1111,0.1111,0.0,0.0,0.4444,0.0,0.0,0.0
CT003991,Zone_10,Zone_08,0.5238,0.0476,0.1429,0.0476,0.0476,0.0,0.0476,0.0952,0.5238,0.0,0.0476
CT005255,Zone_07,Zone_08,0.2571,0.0707,0.0511,0.0797,0.1564,0.0496,0.0406,0.2256,0.2571,0.012,0.0571
CT010851,Zone_08,Zone_08,0.625,0.0,0.0,0.0,0.0,0.0,0.0,0.25,0.625,0.0,0.125
CT014247,Zone_08,Zone_07,0.2786,0.0627,0.0807,0.0945,0.1261,0.0385,0.0471,0.2786,0.203,0.014,0.0549
CT010021,Zone_03,Zone_07,0.2941,0.0294,0.1078,0.098,0.0588,0.0392,0.0098,0.2941,0.2353,0.0196,0.1078
CT019480,Zone_08,Zone_07,0.323,0.0431,0.0781,0.0956,0.1211,0.039,0.0256,0.323,0.1965,0.0108,0.0673
CT017316,Zone_06,Zone_07,0.2786,0.0627,0.0807,0.0945,0.1261,0.0385,0.0471,0.2786,0.203,0.014,0.0549
CT012112,Zone_08,Zone_07,0.3871,0.0571,0.0571,0.0546,0.1191,0.0372,0.0298,0.3871,0.201,0.0099,0.0471
CT007288,Zone_03,Zone_08,0.4286,0.1429,0.0952,0.1429,0.0476,0.0,0.0,0.1429,0.4286,0.0,0.0
CT006819,Zone_03,Zone_07,0.3228,0.0582,0.0741,0.0917,0.1429,0.0247,0.0406,0.3228,0.1817,0.0106,0.0529
CT008536,Zone_04,Zone_08,0.2571,0.0707,0.0511,0.0797,0.1564,0.0496,0.0406,0.2256,0.2571,0.012,0.0571
CT011638,Zone_08,Zone_07,0.2786,0.0627,0.0807,0.0945,0.1261,0.0385,0.0471,0.2786,0.203,0.014,0.0549
CT008320,Zone_08,Zone_07,0.2786,0.0627,0.0807,0.0945,0.1261,0.0385,0.0471,0.2786,0.203,0.014,0.0549
CT016521,Zone_07,Zone_07,0.2786,0.0627,0.0807,0.0945,0.1261,0.0385,0.0471,0.2786,0.203,0.014,0.0549
CT012022,Zone_08,Zone_07,0.3404,0.0638,0.1489,0.0638,0.1702,0.0,0.0,0.3404,0.1915,0.0,0.0213
CT011656,Zone_08,Zone_07,0.3228,0.0582,0.0741,0.0917,0.1429,0.0247,0.0406,0.3228,0.1817,0.0106,0.0529
CT005009,Zone_07,Zone_04,0.6667,0.0,0.0,0.0,0.6667,0.0,0.0,0.3333,0.0,0.0,0.0
CT005692,Zone_03,Zone_07,0.2786,0.0627,0.0807,0.0945,0.1261,0.0385,0.0471,0.2786,0.203,0.014,0.0549
CT016321,Zone_07,Zone_07,0.323,0.0431,0.0781,0.0956,0.1211,0.039,0.0256,0.323,0.1965,0.0108,0.0673
CT016092,Zone_10,Zone_07,0.35,0.0,0.0,0.05,0.15,0.0,0.05,0.35,0.35,0.0,0.05
CT016100,Zone_10,Zone_01,0.4,0.4,0.0,0.0,0.0,0.2,0.0,0.2,0.2,0.0,0.0
CT007333,Zone_05,Zone_07,0.3166,0.0452,0.0754,0.0905,0.1055,0.0151,0.0603,0.3166,0.2412,0.005,0.0452
CT011495,Zone_08,Zone_08,0.5333,0.0,0.0,0.1333,0.0,0.0667,0.1333,0.1333,0.5333,0.0,0.0
CT017664,Zone_08,Zone_07,0.5,0.1667,0.0,0.0,0.1667,0.0,0.1667,0.5,0.0,0.0,0.0
CT005067,Zone_08,Zone_07,0.2786,0.0627,0.0807,0.0945,0.1261,0.0385,0.0471,0.2786,0.203,0.014,0.0549
CT010959,Zone_08,Zone_03,0.3333,0.1667,0.0,0.3333,0.3333,0.1667,0.0,0.0,0.0,0.0,0.0
CT016622,Zone_08,Zone_08,0.3281,0.0391,0.0391,0.1641,0.1406,0.0312,0.0547,0.1016,0.3281,0.0078,0.0938
CT018365,Zone_03,Zone_07,0.3941,0.0632,0.052,0.0595,0.145,0.0372,0.0297,0.3941,0.1375,0.0074,0.0743
CT006798,Zone_01,Zone_07,0.2786,0.0627,0.0807,0.0945,0.1261,0.0385,0.0471,0.2786,0.203,0.014,0.0549
CT017715,Zone_08,Zone_02,0.8333,0.0,0.8333,0.0,0.0,0.0,0.0,0.1667,0.0,0.0,0.0
CT017870,Zone_07,Zone_07,0.2786,0.0627,0.0807,0.0945,0.1261,0.0385,0.0471,0.2786,0.203,0.014,0.0549
CT008409,Zone_07,Zone_07,0.3228,0.0582,0.0741,0.0917,0.1429,0.0247,0.0406,0.3228,0.1817,0.0106,0.0529
CT002645,Zone_04,Zone_08,0.2273,0.0909,0.0909,0.1364,0.0909,0.1136,0.0455,0.1591,0.2273,0.0,0.0455
CT004058,Zone_10,Zone_07,0.2786,0.0627,0.0807,0.0945,0.1261,0.0385,0.0471,0.2786,0.203,0.014,0.0549
CT002287,Zone_07,Zone_01,0.25,0.25,0.125,0.25,0.125,0.0,0.0,0.0,0.25,0.0,0.0
CT012259,Zone_04,Zone_07,0.5714,0.0,0.2857,0.0,0.1429,0.0,0.0,0.5714,0.0,0.0,0.0
CT013041,Zone_10,Zone_01,0.25,0.25,0.125,0.0,0.25,0.0,0.125,0.125,0.0,0.0,0.125
CT014608,Zone_07,Zone_07,0.2786,0.0627,0.0807,0.0945,0.1261,0.0385,0.0471,0.2786,0.203,0.014,0.0549
CT014294,Zone_06,Zone_07,0.3228,0.0582,0.0741,0.0917,0.1429,0.0247,0.0406,0.3228,0.1817,0.0106,0.0529
CT000124,Zone_08,Zone_07,0.625,0.0,0.0,0.0,0.25,0.125,0.0,0.625,0.0,0.0,0.0
CT008561,Zone_04,Zone_07,0.2706,0.0771,0.0717,0.0986,0.1452,0.0323,0.0305,0.2706,0.19,0.0125,0.0717
CT002452,Zone_07,Zone_07,0.2786,0.0627,0.0807,0.0945,0.1261,0.0385,0.0471,0.2786,0.203,0.014,0.0549
CT017129,Zone_05,Zone_07,0.2786,0.0627,0.0807,0.0945,0.1261,0.0385,0.0471,0.2786,0.203,0.014,0.0549
CT015593,Zone_07,Zone_07,0.2786,0.0627,0.0807,0.0945,0.1261,0.0385,0.0471,0.2786,0.203,0.014,0.0549
CT011719,Zone_07,Zone_07,0.5,0.25,0.25,0.0,0.0,0.0,0.0,0.5,0.0,0.0,0.0
CT003281,Zone_08,Zone_07,0.3166,0.0452,0.0754,0.0905,0.1055,0.0151,0.0603,0.3166,0.2412,0.005,0.0452
CT011140,Zone_01,Zone_08,0.2727,0.1136,0.0455,0.0682,0.1818,0.0682,0.0,0.1364,0.2727,0.0227,0.0909
CT003108,Zone_07,Zone_07,0.3235,0.0686,0.076,0.076,0.1397,0.0392,0.0343,0.3235,0.1716,0.0196,0.0515
CT012911,Zone_08,Zone_07,0.4,0.2,0.0,0.2,0.0,0.0,0.2,0.4,0.0,0.0,0.0
CT013093,Zone_08,Zone_07,0.2786,0.0627,0.0807,0.0945,0.1261,0.0385,0.0471,0.2786,0.203,0.014,0.0549
CT004843,Zone_04,Zone_08,0.2812,0.0536,0.0804,0.1071,0.0848,0.0357,0.067,0.2277,0.2812,0.0,0.0625
CT007506,Zone_07,Zone_07,0.2424,0.0455,0.0758,0.1364,0.1818,0.0758,0.0303,0.2424,0.1061,0.0,0.1061
CT007663,Zone_08,Zone_07,0.323,0.0431,0.0781,0.0956,0.1211,0.039,0.0256,0.323,0.1965,0.0108,0.0673
CT010076,Zone_07,Zone_04,0.25,0.0,0.125,0.0,0.25,0.25,0.0,0.125,0.125,0.0,0.125
CT002310,Zone_06,Zone_04,0.4444,0.1111,0.0,0.2222,0.4444,0.0,0.0,0.1111,0.1111,0.0,0.0
CT000290,Zone_03,Zone_07,0.323,0.0431,0.0781,0.0956,0.1211,0.039,0.0256,0.323,0.1965,0.0108,0.0673
CT017524,Zone_08,Zone_07,0.3118,0.0753,0.043,0.1075,0.086,0.0323,0.0323,0.3118,0.2796,0.0215,0.0108
CT016594,Zone_01,Zone_02,0.2432,0.1351,0.2432,0.1351,0.1081,0.0,0.1081,0.0811,0.1081,0.027,0.0541
CT019137,Zone_06,Zone_07,0.3235,0.0686,0.076,0.076,0.1397,0.0392,0.0343,0.3235,0.1716,0.0196,0.0515
CT000461,Zone_07,Zone_07,0.4,0.0,0.0,0.2,0.0,0.0,0.0,0.4,0.4,0.0,0.0
CT003354,Zone_04,Zone_07,0.323,0.0431,0.0781,0.0956,0.1211,0.039,0.0256,0.323,0.1965,0.0108,0.0673
CT006110,Zone_08,Zone_07,0.2786,0.0627,0.0807,0.0945,0.1261,0.0385,0.0471,0.2786,0.203,0.014,0.0549
CT005801,Zone_08,Zone_07,0.2786,0.0627,0.0807,0.0945,0.1261,0.0385,0.0471,0.2786,0.203,0.014,0.0549
CT002468,Zone_08,Zone_07,0.2786,0.0627,0.0807,0.0945,0.1261,0.0385,0.0471,0.2786,0.203,0.014,0.0549
CT012560,Zone_04,Zone_07,0.375,0.0,0.125,0.0,0.0,0.0,0.125,0.375,0.375,0.0,0.0
CT007627,Zone_10,Zone_07,0.2786,0.0627,0.0807,0.0945,0.1261,0.0385,0.0471,0.2786,0.203,0.014,0.0549
CT007215,Zone_07,Zone_07,0.323,0.0431,0.0781,0.0956,0.1211,0.039,0.0256,0.323,0.1965,0.0108,0.0673
CT010934,Zone_07,Zone_07,0.3235,0.0686,0.076,0.076,0.1397,0.0392,0.0343,0.3235,0.1716,0.0196,0.0515
CT006805,Zone_07,Zone_07,0.2786,0.0627,0.0807,0.0945,0.1261,0.0385,0.0471,0.2786,0.203,0.014,0.0549
CT002446,Zone_07,Zone_07,0.3941,0.0632,0.052,0.0595,0.145,0.0372,0.0297,0.3941,0.1375,0.0074,0.0743
CT017097,Zone_04,Zone_07,0.323,0.0431,0.0781,0.0956,0.1211,0.039,0.0256,0.323,0.1965,0.0108,0.0673
CT003284,Zone_03,Zone_08,0.4,0.0,0.0,0.2,0.2,0.0,0.0,0.0,0.4,0.0,0.2
CT003597,Zone_07,Zone_08,0.2812,0.0536,0.0804,0.1071,0.0848,0.0357,0.067,0.2277,0.2812,0.0,0.0625
CT013248,Zone_01,Zone_07,0.3871,0.0571,0.0571,0.0546,0.1191,0.0372,0.0298,0.3871,0.201,0.0099,0.0471
CT010422,Zone_01,Zone_07,0.2786,0.0627,0.0807,0.0945,0.1261,0.0385,0.0471,0.2786,0.203,0.014,0.0549
CT019672,Zone_04,Zone_07,0.2786,0.0627,0.0807,0.0945,0.1261,0.0385,0.0471,0.2786,0.203,0.014,0.0549
CT004629,Zone_01,Zone_07,0.3235,0.0686,0.076,0.076,0.1397,0.0392,0.0343,0.3235,0.1716,0.0196,0.0515
CT007279,Zone_08,Zone_07,0.2786,0.0627,0.0807,0.0945,0.1261,0.0385,0.0471,0.2786,0.203,0.014,0.0549
CT001454,Zone_10,Zone_08,0.2812,0.0536,0.0804,0.1071,0.0848,0.0357,0.067,0.2277,0.2812,0.0,0.0625
CT006403,Zone_02,Zone_07,0.3235,0.0686,0.076,0.076,0.1397,0.0392,0.0343,0.3235,0.1716,0.0196,0.0515
CT002875,Zone_03,Zone_04,0.4444,0.0,0.0,0.3333,0.4444,0.0,0.0,0.1111,0.1111,0.0,0.0
CT008156,Zone_10,Zone_07,0.3228,0.0582,0.0741,0.0917,0.1429,0.0247,0.0406,0.3228,0.1817,0.0106,0.0529
CT013158,Zone_08,Zone_07,0.3166,0.0452,0.0754,0.0905,0.1055,0.0151,0.0603,0.3166,0.2412,0.005,0.0452
CT017624,Zone_07,Zone_08,0.1887,0.1132,0.1132,0.0566,0.0566,0.1132,0.0755,0.1698,0.1887,0.0189,0.0943
CT002624,Zone_10,Zone_08,0.2571,0.0707,0.0511,0.0797,0.1564,0.0496,0.0406,0.2256,0.2571,0.012,0.0571
CT007658,Zone_07,Zone_07,0.2786,0.0627,0.0807,0.0945,0.1261,0.0385,0.0471,0.2786,0.203,0.014,0.0549
CT012428,Zone_07,Zone_07,0.3,0.05,0.1,0.1,0.1,0.05,0.1,0.3,0.1,0.05,0.05
CT001675,Zone_07,Zone_07,0.7143,0.0,0.0,0.0,0.2857,0.0,0.0,0.7143,0.0,0.0,0.0
CT016115,Zone_02,Zone_04,0.2353,0.1176,0.1765,0.0588,0.2353,0.0588,0.0,0.1176,0.0588,0.0,0.1765
CT002901,Zone_05,Zone_07,0.3228,0.0582,0.0741,0.0917,0.1429,0.0247,0.0406,0.3228,0.1817,0.0106,0.0529
CT016228,Zone_06,Zone_08,0.4737,0.1053,0.0526,0.0526,0.0526,0.0,0.0,0.1053,0.4737,0.0526,0.1053
CT015753,Zone_08,Zone_07,0.3074,0.0649,0.026,0.1126,0.1472,0.0216,0.039,0.3074,0.1861,0.0087,0.0866
CT017066,Zone_04,Zone_07,0.2786,0.0627,0.0807,0.0945,0.1261,0.0385,0.0471,0.2786,0.203,0.014,0.0549
CT005413,Zone_04,Zone_07,0.2786,0.0627,0.0807,0.0945,0.1261,0.0385,0.0471,0.2786,0.203,0.014,0.0549
CT012654,Zone_08,Zone_08,0.3663,0.0594,0.0792,0.0792,0.0693,0.0693,0.0594,0.0891,0.3663,0.0198,0.1089
CT019923,Zone_07,Zone_07,0.625,0.0,0.0,0.0,0.0,0.0,0.0,0.625,0.0,0.0,0.375
CT008531,Zone_08,Zone_07,0.2786,0.0627,0.0807,0.0945,0.1261,0.0385,0.0471,0.2786,0.203,0.014,0.0549
CT018627,Zone_08,Zone_07,0.2786,0.0627,0.0807,0.0945,0.1261,0.0385,0.0471,0.2786,0.203,0.014,0.0549
CT001137,Zone_08,Zone_07,0.2786,0.0627,0.0807,0.0945,0.1261,0.0385,0.0471,0.2786,0.203,0.014,0.0549
CT012360,Zone_09,Zone_07,0.2786,0.0627,0.0807,0.0945,0.1261,0.0385,0.0471,0.2786,0.203,0.014,0.0549
CT015895,Zone_07,Zone_07,0.8889,0.1111,0.0,0.0,0.0,0.0,0.0,0.8889,0.0,0.0,0.0
CT015385,Zone_03,Zone_08,0.2571,0.0707,0.0511,0.0797,0.1564,0.0496,0.0406,0.2256,0.2571,0.012,0.0571
CT006825,Zone_07,Zone_07,0.3235,0.0686,0.076,0.076,0.1397,0.0392,0.0343,0.3235,0.1716,0.0196,0.0515
CT012834,Zone_03,Zone_08,0.3247,0.0909,0.1299,0.0779,0.1169,0.026,0.026,0.1558,0.3247,0.013,0.039
CT005773,Zone_04,Zone_07,0.2786,0.0627,0.0807,0.0945,0.1261,0.0385,0.0471,0.2786,0.203,0.014,0.0549
CT011125,Zone_10,Zone_04,0.2353,0.1176,0.1765,0.0588,0.2353,0.0588,0.0,0.1176,0.0588,0.0,0.1765
CT005455,Zone_10,Zone_07,0.2786,0.0627,0.0807,0.0945,0.1261,0.0385,0.0471,0.2786,0.203,0.014,0.0549
CT006422,Zone_07,Zone_07,0.3871,0.0571,0.0571,0.0546,0.1191,0.0372,0.0298,0.3871,0.201,0.0099,0.0471
CT014048,Zone_10,Zone_07,0.2941,0.0294,0.1078,0.098,0.0588,0.0392,0.0098,0.2941,0.2353,0.0196,0.1078
CT000884,Zone_08,Zone_07,0.2786,0.0627,0.0807,0.0945,0.1261,0.0385,0.0471,0.2786,0.203,0.014,0.0549
CT014184,Zone_04,Zone_07,0.3871,0.0571,0.0571,0.0546,0.1191,0.0372,0.0298,0.3871,0.201,0.0099,0.0471
CT002846,Zone_08,Zone_08,0.4,0.0,0.0,0.2,0.2,0.0,0.0,0.0,0.4,0.0,0.2
CT003891,Zone_03,Zone_07,0.3166,0.0452,0.0754,0.0905,0.1055,0.0151,0.0603,0.3166,0.2412,0.005,0.0452
CT010433,Zone_04,Zone_08,0.268,0.0784,0.0458,0.0719,0.1503,0.0719,0.0196,0.2418,0.268,0.0131,0.0392
CT002415,Zone_08,Zone_07,0.323,0.0431,0.0781,0.0956,0.1211,0.039,0.0256,0.323,0.1965,0.0108,0.0673
CT014233,Zone_07,Zone_08,0.4,0.0333,0.1,0.1,0.0,0.0333,0.0333,0.2,0.4,0.0333,0.0667
CT010411,Zone_08,Zone_03,0.3333,0.0,0.0,0.3333,0.3333,0.0,0.0,0.1667,0.1667,0.0,0.0
CT003463,Zone_02,Zone_07,0.3074,0.0649,0.026,0.1126,0.1472,0.0216,0.039,0.3074,0.1861,0.0087,0.0866
CT007755,Zone_08,Zone_07,0.3143,0.0643,0.1143,0.05,0.1286,0.0286,0.0643,0.3143,0.2143,0.0071,0.0143
CT006216,Zone_03,Zone_08,0.5,0.0,0.0,0.0,0.0,0.25,0.0,0.25,0.5,0.0,0.0
CT006046,Zone_05,Zone_08,0.2812,0.0536,0.0804,0.1071,0.0848,0.0357,0.067,0.2277,0.2812,0.0,0.0625
CT003022,Zone_07,Zone_07,0.3166,0.0452,0.0754,0.0905,0.1055,0.0151,0.0603,0.3166,0.2412,0.005,0.0452
CT016846,Zone_03,Zone_08,0.2094,0.0942,0.0942,0.0942,0.1466,0.0681,0.0314,0.1466,0.2094,0.0105,0.1047
CT008105,Zone_08,Zone_07,0.2786,0.0627,0.0807,0.0945,0.1261,0.0385,0.0471,0.2786,0.203,0.014,0.0549
CT001440,Zone_10,Zone_07,0.2706,0.0771,0.0717,0.0986,0.1452,0.0323,0.0305,0.2706,0.19,0.0125,0.0717
CT011024,Zone_07,Zone_07,0.3206,0.1221,0.084,0.0916,0.1374,0.0305,0.0153,0.3206,0.1298,0.0,0.0687
CT000151,Zone_07,Zone_07,0.4,0.0,0.0,0.0,0.2,0.0,0.1,0.4,0.3,0.0,0.0
CT004151,Zone_04,Zone_07,0.2786,0.0627,0.0807,0.0945,0.1261,0.0385,0.0471,0.2786,0.203,0.014,0.0549
CT008589,Zone_08,Zone_07,0.375,0.0625,0.0,0.1875,0.0625,0.0,0.0625,0.375,0.0,0.0,0.25
CT011404,Zone_01,Zone_07,0.2786,0.0627,0.0807,0.0945,0.1261,0.0385,0.0471,0.2786,0.203,0.014,0.0549
CT010485,Zone_04,Zone_07,0.266,0.0496,0.1064,0.0922,0.1206,0.039,0.0532,0.266,0.2021,0.0035,0.0674
CT008319,Zone_04,Zone_08,0.2571,0.0707,0.0511,0.0797,0.1564,0.0496,0.0406,0.2256,0.2571,0.012,0.0571
CT000394,Zone_08,Zone_08,0.3281,0.0391,0.0391,0.1641,0.1406,0.0312,0.0547,0.1016,0.3281,0.0078,0.0938
CT016796,Zone_07,Zone_08,0.3696,0.0217,0.0435,0.1087,0.0217,0.0217,0.0652,0.3043,0.3696,0.0217,0.0217
CT003496,Zone_07,Zone_08,0.381,0.0952,0.0159,0.0159,0.127,0.0794,0.0635,0.2063,0.381,0.0,0.0159
CT008055,Zone_10,Zone_08,0.3571,0.0,0.0,0.0,0.0714,0.0,0.2143,0.2143,0.3571,0.0,0.1429
CT004363,Zone_08,Zone_07,0.4444,0.1111,0.0,0.0,0.1111,0.0,0.0,0.4444,0.2222,0.0,0.1111
CT019218,Zone_08,Zone_07,0.5625,0.0625,0.0625,0.125,0.0,0.0,0.0,0.5625,0.1875,0.0,0.0
CT009473,Zone_02,Zone_07,0.2786,0.0627,0.0807,0.0945,0.1261,0.0385,0.0471,0.2786,0.203,0.014,0.0549
CT004463,Zone_04,Zone_07,0.2706,0.0771,0.0717,0.0986,0.1452,0.0323,0.0305,0.2706,0.19,0.0125,0.0717
CT006603,Zone_04,Zone_08,0.2571,0.0707,0.0511,0.0797,0.1564,0.0496,0.0406,0.2256,0.2571,0.012,0.0571
CT016536,Zone_03,Zone_07,0.2786,0.0627,0.0807,0.0945,0.1261,0.0385,0.0471,0.2786,0.203,0.014,0.0549
CT019858,Zone_07,Zone_08,0.3281,0.0391,0.0391,0.1641,0.1406,0.0312,0.0547,0.1016,0.3281,0.0078,0.0938
CT010227,Zone_08,Zone_07,0.3448,0.0172,0.0862,0.1724,0.1724,0.0345,0.0517,0.3448,0.069,0.0345,0.0172
CT000184,Zone_04,Zone_07,0.3871,0.0571,0.0571,0.0546,0.1191,0.0372,0.0298,0.3871,0.201,0.0099,0.0471
CT009404,Zone_08,Zone_04,0.25,0.0,0.125,0.0,0.25,0.25,0.0,0.125,0.125,0.0,0.125
CT019618,Zone_08,Zone_07,0.2786,0.0627,0.0807,0.0945,0.1261,0.0385,0.0471,0.2786,0.203,0.014,0.0549
CT017174,Zone_04,Zone_07,0.375,0.0,0.0,0.125,0.125,0.0,0.125,0.375,0.25,0.0,0.0
CT016307,Zone_08,Zone_08,0.5714,0.1429,0.0,0.0,0.2857,0.0,0.0,0.0,0.5714,0.0,0.0
CT014896,Zone_07,Zone_04,0.625,0.0,0.125,0.125,0.625,0.0,0.0,0.125,0.0,0.0,0.0
CT011865,Zone_05,Zone_07,0.2786,0.0627,0.0807,0.0945,0.1261,0.0385,0.0471,0.2786,0.203,0.014,0.0549
CT005090,Zone_04,Zone_07,0.2786,0.0627,0.0807,0.0945,0.1261,0.0385,0.0471,0.2786,0.203,0.014,0.0549
CT014250,Zone_08,Zone_07,0.2786,0.0627,0.0807,0.0945,0.1261,0.0385,0.0471,0.2786,0.203,0.014,0.0549
CT016631,Zone_02,Zone_07,0.2424,0.0455,0.0758,0.1364,0.1818,0.0758,0.0303,0.2424,0.1061,0.0,0.1061
CT004831,Zone_07,Zone_07,0.2786,0.0627,0.0807,0.0945,0.1261,0.0385,0.0471,0.2786,0.203,0.014,0.0549
CT016273,Zone_02,Zone_07,0.3871,0.0571,0.0571,0.0546,0.1191,0.0372,0.0298,0.3871,0.201,0.0099,0.0471
CT002422,Zone_01,Zone_07,0.2786,0.0627,0.0807,0.0945,0.1261,0.0385,0.0471,0.2786,0.203,0.014,0.0549
CT005041,Zone_04,Zone_07,0.2786,0.0627,0.0807,0.0945,0.1261,0.0385,0.0471,0.2786,0.203,0.014,0.0549
CT002474,Zone_08,Zone_07,0.323,0.0431,0.0781,0.0956,0.1211,0.039,0.0256,0.323,0.1965,0.0108,0.0673
CT008114,Zone_07,Zone_07,0.266,0.0496,0.1064,0.0922,0.1206,0.039,0.0532,0.266,0.2021,0.0035,0.0674
CT006432,Zone_08,Zone_08,0.2571,0.0707,0.0511,0.0797,0.1564,0.0496,0.0406,0.2256,0.2571,0.012,0.0571
CT019206,Zone_07,Zone_07,0.2786,0.0627,0.0807,0.0945,0.1261,0.0385,0.0471,0.2786,0.203,0.014,0.0549
CT006137,Zone_10,Zone_07,0.2786,0.0627,0.0807,0.0945,0.1261,0.0385,0.0471,0.2786,0.203,0.014,0.0549
CT010621,Zone_08,Zone_07,0.2786,0.0627,0.0807,0.0945,0.1261,0.0385,0.0471,0.2786,0.203,0.014,0.0549
CT006811,Zone_03,Zone_08,0.6667,0.0,0.0,0.0,0.1667,0.0,0.1667,0.0,0.6667,0.0,0.0
CT013866,Zone_03,Zone_07,0.2786,0.0627,0.0807,0.0945,0.1261,0.0385,0.0471,0.2786,0.203,0.014,0.0549
CT015186,Zone_08,Zone_04,0.3333,0.0,0.0,0.1667,0.3333,0.0,0.0,0.3333,0.1667,0.0,0.0
CT002133,Zone_09,Zone_04,0.6154,0.0,0.0,0.0769,0.6154,0.0,0.0,0.3077,0.0,0.0,0.0
CT016716,Zone_03,Zone_07,0.3166,0.0452,0.0754,0.0905,0.1055,0.0151,0.0603,0.3166,0.2412,0.005,0.0452
CT018985,Zone_07,Zone_07,0.2786,0.0627,0.0807,0.0945,0.1261,0.0385,0.0471,0.2786,0.203,0.014,0.0549
CT006405,Zone_01,Zone_07,0.2786,0.0627,0.0807,0.0945,0.1261,0.0385,0.0471,0.2786,0.203,0.014,0.0549
CT002982,Zone_04,Zone_08,0.6667,0.0,0.0,0.1667,0.0,0.0,0.1667,0.0,0.6667,0.0,0.0
CT007580,Zone_05,Zone_07,0.3143,0.0643,0.1143,0.05,0.1286,0.0286,0.0643,0.3143,0.2143,0.0071,0.0143
CT017087,Zone_08,Zone_02,0.8,0.0,0.8,0.0,0.0,0.2,0.0,0.0,0.0,0.0,0.0
CT002205,Zone_04,Zone_08,0.381,0.0952,0.0159,0.0159,0.127,0.0794,0.0635,0.2063,0.381,0.0,0.0159
CT006845,Zone_08,Zone_07,0.2786,0.0627,0.0807,0.0945,0.1261,0.0385,0.0471,0.2786,0.203,0.014,0.0549
CT004851,Zone_01,Zone_08,0.2571,0.0707,0.0511,0.0797,0.1564,0.0496,0.0406,0.2256,0.2571,0.012,0.0571
CT019341,Zone_07,Zone_07,0.2786,0.0627,0.0807,0.0945,0.1261,0.0385,0.0471,0.2786,0.203,0.014,0.0549
CT014483,Zone_07,Zone_07,0.266,0.0496,0.1064,0.0922,0.1206,0.039,0.0532,0.266,0.2021,0.0035,0.0674
CT006606,Zone_03,Zone_08,0.2821,0.0769,0.1538,0.1795,0.0769,0.0,0.0513,0.1282,0.2821,0.0256,0.0256
CT011155,Zone_01,Zone_07,0.4595,0.0405,0.0946,0.0541,0.0541,0.0135,0.0541,0.4595,0.1486,0.0135,0.0676
CT014926,Zone_08,Zone_07,0.2786,0.0627,0.0807,0.0945,0.1261,0.0385,0.0471,0.2786,0.203,0.014,0.0549
CT008162,Zone_07,Zone_07,0.2786,0.0627,0.0807,0.0945,0.1261,0.0385,0.0471,0.2786,0.203,0.014,0.0549
CT013336,Zone_05,Zone_07,0.3085,0.0638,0.1383,0.0532,0.0745,0.0426,0.0426,0.3085,0.234,0.0,0.0426
CT019675,Zone_07,Zone_07,0.3871,0.0571,0.0571,0.0546,0.1191,0.0372,0.0298,0.3871,0.201,0.0099,0.0471
CT016256,Zone_03,Zone_07,0.323,0.0431,0.0781,0.0956,0.1211,0.039,0.0256,0.323,0.1965,0.0108,0.0673
CT012503,Zone_04,Zone_08,0.2273,0.0909,0.0909,0.1364,0.0909,0.1136,0.0455,0.1591,0.2273,0.0,0.0455
CT002484,Zone_04,Zone_07,0.3247,0.0515,0.0979,0.0773,0.0773,0.0309,0.0155,0.3247,0.2474,0.0052,0.0722
CT010521,Zone_06,Zone_07,0.8333,0.0,0.0,0.0,0.0,0.1667,0.0,0.8333,0.0,0.0,0.0
CT014501,Zone_03,Zone_08,0.5,0.0,0.0,0.0,0.125,0.0,0.125,0.25,0.5,0.0,0.0
CT019282,Zone_08,Zone_07,0.4286,0.0,0.1429,0.1429,0.0,0.1429,0.0,0.4286,0.1429,0.0,0.0
CT015286,Zone_03,Zone_07,0.35,0.0,0.0,0.05,0.15,0.0,0.05,0.35,0.35,0.0,0.05
CT005135,Zone_07,Zone_07,0.2786,0.0627,0.0807,0.0945,0.1261,0.0385,0.0471,0.2786,0.203,0.014,0.0549
CT008332,Zone_08,Zone_07,0.2786,0.0627,0.0807,0.0945,0.1261,0.0385,0.0471,0.2786,0.203,0.014,0.0549
CT016084,Zone_07,Zone_08,0.2727,0.1136,0.0455,0.0682,0.1818,0.0682,0.0,0.1364,0.2727,0.0227,0.0909
CT019945,Zone_02,Zone_08,0.2571,0.0707,0.0511,0.0797,0.1564,0.0496,0.0406,0.2256,0.2571,0.012,0.0571
CT005966,Zone_04,Zone_07,0.3074,0.0649,0.026,0.1126,0.1472,0.0216,0.039,0.3074,0.1861,0.0087,0.0866
CT014695,Zone_07,Zone_07,0.2786,0.0627,0.0807,0.0945,0.1261,0.0385,0.0471,0.2786,0.203,0.014,0.0549
CT015238,Zone_08,Zone_08,0.1887,0.1132,0.1132,0.0566,0.0566,0.1132,0.0755,0.1698,0.1887,0.0189,0.0943
CT006490,Zone_09,Zone_07,0.323,0.0431,0.0781,0.0956,0.1211,0.039,0.0256,0.323,0.1965,0.0108,0.0673
CT001094,Zone_04,Zone_02,0.3333,0.0,0.3333,0.0,0.3333,0.1667,0.0,0.0,0.1667,0.0,0.0
CT017047,Zone_03,Zone_07,0.4359,0.0,0.0513,0.1026,0.1026,0.0513,0.0256,0.4359,0.1795,0.0256,0.0256
CT014949,Zone_07,Zone_07,0.2786,0.0627,0.0807,0.0945,0.1261,0.0385,0.0471,0.2786,0.203,0.014,0.0549
CT008300,Zone_04,Zone_04,0.6154,0.0,0.0,0.0769,0.6154,0.0,0.0,0.3077,0.0,0.0,0.0
CT017848,Zone_02,Zone_07,0.6,0.0,0.0,0.0,0.4,0.0,0.0,0.6,0.0,0.0,0.0
CT013843,Zone_08,Zone_07,0.323,0.0431,0.0781,0.0956,0.1211,0.039,0.0256,0.323,0.1965,0.0108,0.0673
CT019594,Zone_04,Zone_07,0.2786,0.0627,0.0807,0.0945,0.1261,0.0385,0.0471,0.2786,0.203,0.014,0.0549
CT004645,Zone_04,Zone_07,0.3228,0.0582,0.0741,0.0917,0.1429,0.0247,0.0406,0.3228,0.1817,0.0106,0.0529
CT004287,Zone_06,Zone_08,0.2571,0.0707,0.0511,0.0797,0.1564,0.0496,0.0406,0.2256,0.2571,0.012,0.0571
CT001216,Zone_07,Zone_08,0.8889,0.0,0.0,0.0,0.1111,0.0,0.0,0.0,0.8889,0.0,0.0
CT000315,Zone_05,Zone_07,0.2424,0.0455,0.0758,0.1364,0.1818,0.0758,0.0303,0.2424,0.1061,0.0,0.1061
CT001071,Zone_07,Zone_08,0.2571,0.0707,0.0511,0.0797,0.1564,0.0496,0.0406,0.2256,0.2571,0.012,0.0571
CT006833,Zone_04,Zone_07,0.266,0.0496,0.1064,0.0922,0.1206,0.039,0.0532,0.266,0.2021,0.0035,0.0674
CT013242,Zone_04,Zone_08,0.5333,0.0,0.0,0.1333,0.0,0.0667,0.1333,0.1333,0.5333,0.0,0.0
CT006979,Zone_07,Zone_07,0.266,0.0496,0.1064,0.0922,0.1206,0.039,0.0532,0.266,0.2021,0.0035,0.0674
CT018661,Zone_07,Zone_08,0.2571,0.0707,0.0511,0.0797,0.1564,0.0496,0.0406,0.2256,0.2571,0.012,0.0571
CT018386,Zone_04,Zone_07,0.2786,0.0627,0.0807,0.0945,0.1261,0.0385,0.0471,0.2786,0.203,0.014,0.0549
CT002370,Zone_07,Zone_07,0.3478,0.1522,0.0652,0.1522,0.1304,0.0217,0.0217,0.3478,0.1087,0.0,0.0
CT002132,Zone_07,Zone_07,0.2786,0.0627,0.0807,0.0945,0.1261,0.0385,0.0471,0.2786,0.203,0.014,0.0549
CT017744,Zone_07,Zone_07,0.2706,0.0771,0.0717,0.0986,0.1452,0.0323,0.0305,0.2706,0.19,0.0125,0.0717
CT017030,Zone_07,Zone_07,0.2786,0.0627,0.0807,0.0945,0.1261,0.0385,0.0471,0.2786,0.203,0.014,0.0549
CT005641,Zone_05,Zone_04,0.3333,0.0,0.0741,0.1852,0.3333,0.037,0.0,0.037,0.2222,0.0,0.1111
CT001310,Zone_10,Zone_07,0.3235,0.0686,0.076,0.076,0.1397,0.0392,0.0343,0.3235,0.1716,0.0196,0.0515
CT001970,Zone_07,Zone_07,0.3074,0.0649,0.026,0.1126,0.1472,0.0216,0.039,0.3074,0.1861,0.0087,0.0866
CT018302,Zone_03,Zone_07,0.2786,0.0627,0.0807,0.0945,0.1261,0.0385,0.0471,0.2786,0.203,0.014,0.0549
CT007017,Zone_05,Zone_07,0.3247,0.0515,0.0979,0.0773,0.0773,0.0309,0.0155,0.3247,0.2474,0.0052,0.0722
CT009534,Zone_08,Zone_07,0.2786,0.0627,0.0807,0.0945,0.1261,0.0385,0.0471,0.2786,0.203,0.014,0.0549
CT007613,Zone_07,Zone_07,0.2786,0.0627,0.0807,0.0945,0.1261,0.0385,0.0471,0.2786,0.203,0.014,0.0549
CT007959,Zone_03,Zone_07,0.3228,0.0582,0.0741,0.0917,0.1429,0.0247,0.0406,0.3228,0.1817,0.0106,0.0529
CT011589,Zone_03,Zone_07,0.2786,0.0627,0.0807,0.0945,0.1261,0.0385,0.0471,0.2786,0.203,0.014,0.0549
CT013010,Zone_05,Zone_08,0.2812,0.0536,0.0804,0.1071,0.0848,0.0357,0.067,0.2277,0.2812,0.0,0.0625
CT006768,Zone_08,Zone_07,0.3125,0.0104,0.0417,0.1146,0.1354,0.0521,0.0208,0.3125,0.2708,0.0208,0.0208
CT006323,Zone_07,Zone_07,0.2786,0.0627,0.0807,0.0945,0.1261,0.0385,0.0471,0.2786,0.203,0.014,0.0549
CT011059,Zone_10,Zone_08,0.3696,0.0217,0.0435,0.1087,0.0217,0.0217,0.0652,0.3043,0.3696,0.0217,0.0217
CT015151,Zone_02,Zone_07,0.2786,0.0627,0.0807,0.0945,0.1261,0.0385,0.0471,0.2786,0.203,0.014,0.0549
CT006959,Zone_05,Zone_07,0.2786,0.0627,0.0807,0.0945,0.1261,0.0385,0.0471,0.2786,0.203,0.014,0.0549
CT008847,Zone_07,Zone_07,0.323,0.0431,0.0781,0.0956,0.1211,0.039,0.0256,0.323,0.1965,0.0108,0.0673
CT002933,Zone_08,Zone_04,0.2651,0.0602,0.0361,0.1205,0.2651,0.0241,0.0,0.241,0.2169,0.0,0.0361
CT017291,Zone_07,Zone_07,0.3871,0.0571,0.0571,0.0546,0.1191,0.0372,0.0298,0.3871,0.201,0.0099,0.0471
CT017333,Zone_01,Zone_08,0.2273,0.0909,0.0909,0.1364,0.0909,0.1136,0.0455,0.1591,0.2273,0.0,0.0455
CT000747,Zone_04,Zone_07,0.3235,0.0686,0.076,0.076,0.1397,0.0392,0.0343,0.3235,0.1716,0.0196,0.0515
CT018963,Zone_07,Zone_08,0.8333,0.0,0.0,0.1667,0.0,0.0,0.0,0.0,0.8333,0.0,0.0
CT003735,Zone_03,Zone_07,0.2786,0.0627,0.0807,0.0945,0.1261,0.0385,0.0471,0.2786,0.203,0.014,0.0549
CT010146,Zone_06,Zone_07,0.6429,0.0714,0.0,0.1429,0.0,0.0714,0.0714,0.6429,0.0,0.0,0.0
CT009830,Zone_07,Zone_03,0.4444,0.0,0.1111,0.4444,0.1111,0.1111,0.0,0.0,0.2222,0.0,0.0
CT018668,Zone_07,Zone_07,0.2424,0.0455,0.0758,0.1364,0.1818,0.0758,0.0303,0.2424,0.1061,0.0,0.1061
CT004359,Zone_08,Zone_07,0.2424,0.0455,0.0758,0.1364,0.1818,0.0758,0.0303,0.2424,0.1061,0.0,0.1061
CT014643,Zone_07,Zone_07,0.266,0.0496,0.1064,0.0922,0.1206,0.039,0.0532,0.266,0.2021,0.0035,0.0674
CT016761,Zone_06,Zone_07,0.2786,0.0627,0.0807,0.0945,0.1261,0.0385,0.0471,0.2786,0.203,0.014,0.0549
CT002095,Zone_06,Zone_07,0.6111,0.0556,0.0556,0.1111,0.0556,0.0,0.0556,0.6111,0.0556,0.0,0.0
CT003860,Zone_03,Zone_07,0.2786,0.0627,0.0807,0.0945,0.1261,0.0385,0.0471,0.2786,0.203,0.014,0.0549
CT008339,Zone_08,Zone_07,0.3228,0.0582,0.0741,0.0917,0.1429,0.0247,0.0406,0.3228,0.1817,0.0106,0.0529
CT013261,Zone_05,Zone_08,0.2571,0.0707,0.0511,0.0797,0.1564,0.0496,0.0406,0.2256,0.2571,0.012,0.0571
CT009507,Zone_07,Zone_07,0.2786,0.0627,0.0807,0.0945,0.1261,0.0385,0.0471,0.2786,0.203,0.014,0.0549
CT003012,Zone_07,Zone_07,0.266,0.0496,0.1064,0.0922,0.1206,0.039,0.0532,0.266,0.2021,0.0035,0.0674
CT012141,Zone_05,Zone_07,0.3247,0.0515,0.0979,0.0773,0.0773,0.0309,0.0155,0.3247,0.2474,0.0052,0.0722
CT003130,Zone_10,Zone_07,0.323,0.0431,0.0781,0.0956,0.1211,0.039,0.0256,0.323,0.1965,0.0108,0.0673
CT002174,Zone_03,Zone_07,0.2786,0.0627,0.0807,0.0945,0.1261,0.0385,0.0471,0.2786,0.203,0.014,0.0549
CT002034,Zone_08,Zone_08,0.2424,0.1212,0.0606,0.1818,0.0303,0.0909,0.0,0.1818,0.2424,0.0606,0.0303
CT017587,Zone_07,Zone_07,0.2786,0.0627,0.0807,0.0945,0.1261,0.0385,0.0471,0.2786,0.203,0.014,0.0549
CT004183,Zone_08,Zone_07,0.2786,0.0627,0.0807,0.0945,0.1261,0.0385,0.0471,0.2786,0.203,0.014,0.0549
CT015099,Zone_06,Zone_07,0.3235,0.0686,0.076,0.076,0.1397,0.0392,0.0343,0.3235,0.1716,0.0196,0.0515
CT016293,Zone_04,Zone_07,0.3941,0.0632,0.052,0.0595,0.145,0.0372,0.0297,0.3941,0.1375,0.0074,0.0743
CT013606,Zone_08,Zone_07,0.3166,0.0452,0.0754,0.0905,0.1055,0.0151,0.0603,0.3166,0.2412,0.005,0.0452
CT005730,Zone_04,Zone_07,0.323,0.0431,0.0781,0.0956,0.1211,0.039,0.0256,0.323,0.1965,0.0108,0.0673
CT017148,Zone_05,Zone_07,0.2706,0.0771,0.0717,0.0986,0.1452,0.0323,0.0305,0.2706,0.19,0.0125,0.0717
CT002424,Zone_03,Zone_07,0.4,0.0,0.0,0.0,0.2,0.0,0.1,0.4,0.3,0.0,0.0
CT016190,Zone_01,Zone_08,0.3281,0.0391,0.0391,0.1641,0.1406,0.0312,0.0547,0.1016,0.3281,0.0078,0.0938
CT005313,Zone_04,Zone_07,0.5,0.1667,0.3333,0.0,0.0,0.0,0.0,0.5,0.0,0.0,0.0
CT013882,Zone_01,Zone_07,0.5,0.0,0.0,0.0,0.1667,0.0,0.0,0.5,0.3333,0.0,0.0
CT010479,Zone_01,Zone_08,0.4,0.0333,0.1,0.1,0.0,0.0333,0.0333,0.2,0.4,0.0333,0.0667
CT011806,Zone_08,Zone_07,0.2786,0.0627,0.0807,0.0945,0.1261,0.0385,0.0471,0.2786,0.203,0.014,0.0549
CT007945,Zone_07,Zone_08,0.5714,0.0,0.0,0.1429,0.0,0.0,0.0,0.2857,0.5714,0.0,0.0
CT009470,Zone_01,Zone_07,0.2786,0.0627,0.0807,0.0945,0.1261,0.0385,0.0471,0.2786,0.203,0.014,0.0549
CT004657,Zone_07,Zone_07,0.2786,0.0627,0.0807,0.0945,0.1261,0.0385,0.0471,0.2786,0.203,0.014,0.0549
CT017571,Zone_08,Zone_07,0.3228,0.0582,0.0741,0.0917,0.1429,0.0247,0.0406,0.3228,0.1817,0.0106,0.0529
CT002395,Zone_07,Zone_07,0.5,0.1667,0.0,0.0,0.1667,0.0,0.1667,0.5,0.0,0.0,0.0
CT006184,Zone_07,Zone_07,0.2786,0.0627,0.0807,0.0945,0.1261,0.0385,0.0471,0.2786,0.203,0.014,0.0549
CT002260,Zone_08,Zone_08,0.2571,0.0707,0.0511,0.0797,0.1564,0.0496,0.0406,0.2256,0.2571,0.012,0.0571
CT012544,Zone_07,Zone_07,0.3206,0.1221,0.084,0.0916,0.1374,0.0305,0.0153,0.3206,0.1298,0.0,0.0687
CT000082,Zone_08,Zone_08,0.5556,0.0,0.0,0.0,0.1111,0.0,0.0,0.1111,0.5556,0.0,0.2222
CT008599,Zone_08,Zone_08,0.425,0.1,0.075,0.025,0.1,0.0,0.075,0.125,0.425,0.0,0.075
CT005271,Zone_10,Zone_07,0.2786,0.0627,0.0807,0.0945,0.1261,0.0385,0.0471,0.2786,0.203,0.014,0.0549
CT011716,Zone_07,Zone_07,0.3228,0.0582,0.0741,0.0917,0.1429,0.0247,0.0406,0.3228,0.1817,0.0106,0.0529
CT014699,Zone_08,Zone_07,0.3228,0.0582,0.0741,0.0917,0.1429,0.0247,0.0406,0.3228,0.1817,0.0106,0.0529
CT015110,Zone_07,Zone_08,0.3247,0.0909,0.1299,0.0779,0.1169,0.026,0.026,0.1558,0.3247,0.013,0.039
CT018536,Zone_02,Zone_07,0.375,0.0625,0.0,0.1875,0.0625,0.0,0.0625,0.375,0.0,0.0,0.25
CT004364,Zone_10,Zone_07,0.2786,0.0627,0.0807,0.0945,0.1261,0.0385,0.0471,0.2786,0.203,0.014,0.0549
CT012484,Zone_07,Zone_07,0.25,0.0625,0.1875,0.125,0.1875,0.0,0.0,0.25,0.125,0.0,0.0625
CT003206,Zone_08,Zone_07,0.4,0.0,0.0,0.2,0.0,0.2,0.0,0.4,0.0,0.0,0.2
CT010724,Zone_03,Zone_04,0.2651,0.0602,0.0361,0.1205,0.2651,0.0241,0.0,0.241,0.2169,0.0,0.0361
CT016270,Zone_07,Zone_07,0.323,0.0431,0.0781,0.0956,0.1211,0.039,0.0256,0.323,0.1965,0.0108,0.0673
CT009983,Zone_10,Zone_07,0.3235,0.0686,0.076,0.076,0.1397,0.0392,0.0343,0.3235,0.1716,0.0196,0.0515
CT006545,Zone_04,Zone_07,0.2786,0.0627,0.0807,0.0945,0.1261,0.0385,0.0471,0.2786,0.203,0.014,0.0549
CT013058,Zone_07,Zone_07,0.2706,0.0771,0.0717,0.0986,0.1452,0.0323,0.0305,0.2706,0.19,0.0125,0.0717
CT011391,Zone_04,Zone_07,0.3125,0.0104,0.0417,0.1146,0.1354,0.0521,0.0208,0.3125,0.2708,0.0208,0.0208
CT016543,Zone_04,Zone_07,0.2786,0.0627,0.0807,0.0945,0.1261,0.0385,0.0471,0.2786,0.203,0.014,0.0549
CT014697,Zone_01,Zone_07,0.5,0.0,0.0,0.0,0.0,0.0,0.0,0.5,0.5,0.0,0.0
CT010490,Zone_08,Zone_07,0.2786,0.0627,0.0807,0.0945,0.1261,0.0385,0.0471,0.2786,0.203,0.014,0.0549
CT001830,Zone_08,Zone_07,0.2786,0.0627,0.0807,0.0945,0.1261,0.0385,0.0471,0.2786,0.203,0.014,0.0549
CT008718,Zone_02,Zone_07,0.4167,0.0833,0.0833,0.0833,0.0,0.0,0.0833,0.4167,0.0833,0.0,0.1667
CT013174,Zone_08,Zone_07,0.2786,0.0627,0.0807,0.0945,0.1261,0.0385,0.0471,0.2786,0.203,0.014,0.0549
CT009505,Zone_07,Zone_04,0.2941,0.0294,0.1176,0.0588,0.2941,0.0588,0.1176,0.0882,0.1765,0.0294,0.0294
CT006522,Zone_08,Zone_08,0.25,0.15,0.0,0.0,0.15,0.15,0.15,0.1,0.25,0.0,0.05
CT018660,Zone_08,Zone_04,0.2651,0.0602,0.0361,0.1205,0.2651,0.0241,0.0,0.241,0.2169,0.0,0.0361
CT015351,Zone_03,Zone_08,0.3611,0.0556,0.0556,0.0833,0.1667,0.0278,0.0278,0.1111,0.3611,0.0556,0.0556
CT009048,Zone_08,Zone_04,0.6,0.0,0.0,0.0,0.6,0.2,0.2,0.0,0.0,0.0,0.0
CT012780,Zone_07,Zone_08,0.2571,0.0707,0.0511,0.0797,0.1564,0.0496,0.0406,0.2256,0.2571,0.012,0.0571
CT019844,Zone_07,Zone_07,0.3871,0.0571,0.0571,0.0546,0.1191,0.0372,0.0298,0.3871,0.201,0.0099,0.0471
CT012602,Zone_06,Zone_07,0.2786,0.0627,0.0807,0.0945,0.1261,0.0385,0.0471,0.2786,0.203,0.014,0.0549
CT004285,Zone_06,Zone_07,0.3235,0.0686,0.076,0.076,0.1397,0.0392,0.0343,0.3235,0.1716,0.0196,0.0515
CT002864,Zone_03,Zone_07,0.323,0.0431,0.0781,0.0956,0.1211,0.039,0.0256,0.323,0.1965,0.0108,0.0673
CT007820,Zone_08,Zone_07,0.5333,0.0,0.0667,0.0667,0.0,0.0,0.0667,0.5333,0.2667,0.0,0.0
CT015776,Zone_07,Zone_08,0.3663,0.0594,0.0792,0.0792,0.0693,0.0693,0.0594,0.0891,0.3663,0.0198,0.1089
CT019874,Zone_04,Zone_07,0.2786,0.0627,0.0807,0.0945,0.1261,0.0385,0.0471,0.2786,0.203,0.014,0.0549
CT019503,Zone_07,Zone_07,0.2353,0.1765,0.1765,0.0588,0.1765,0.1176,0.0,0.2353,0.0588,0.0,0.0
CT005881,Zone_04,Zone_04,0.225,0.1,0.2,0.1,0.225,0.05,0.025,0.1,0.125,0.025,0.05
CT013188,Zone_03,Zone_07,0.323,0.0431,0.0781,0.0956,0.1211,0.039,0.0256,0.323,0.1965,0.0108,0.0673
CT013895,Zone_01,Zone_03,0.2222,0.0,0.1111,0.2222,0.2222,0.0,0.1111,0.0,0.2222,0.0,0.1111
CT004274,Zone_07,Zone_07,0.3228,0.0582,0.0741,0.0917,0.1429,0.0247,0.0406,0.3228,0.1817,0.0106,0.0529
CT001154,Zone_03,Zone_08,0.2571,0.0707,0.0511,0.0797,0.1564,0.0496,0.0406,0.2256,0.2571,0.012,0.0571
CT011950,Zone_08,Zone_07,0.2786,0.0627,0.0807,0.0945,0.1261,0.0385,0.0471,0.2786,0.203,0.014,0.0549
CT004532,Zone_04,Zone_07,0.2786,0.0627,0.0807,0.0945,0.1261,0.0385,0.0471,0.2786,0.203,0.014,0.0549
CT014691,Zone_06,Zone_08,0.8,0.0,0.0,0.0,0.2,0.0,0.0,0.0,0.8,0.0,0.0
CT019988,Zone_07,Zone_07,0.2786,0.0627,0.0807,0.0945,0.1261,0.0385,0.0471,0.2786,0.203,0.014,0.0549
CT005142,Zone_07,Zone_07,0.2786,0.0627,0.0807,0.0945,0.1261,0.0385,0.0471,0.2786,0.203,0.014,0.0549
CT007514,Zone_07,Zone_07,0.2941,0.0294,0.1078,0.098,0.0588,0.0392,0.0098,0.2941,0.2353,0.0196,0.1078
CT015396,Zone_06,Zone_07,0.3228,0.0582,0.0741,0.0917,0.1429,0.0247,0.0406,0.3228,0.1817,0.0106,0.0529
CT008740,Zone_07,Zone_07,0.323,0.0431,0.0781,0.0956,0.1211,0.039,0.0256,0.323,0.1965,0.0108,0.0673
CT016345,Zone_07,Zone_08,0.2812,0.0536,0.0804,0.1071,0.0848,0.0357,0.067,0.2277,0.2812,0.0,0.0625
CT001580,Zone_07,Zone_07,0.323,0.0431,0.0781,0.0956,0.1211,0.039,0.0256,0.323,0.1965,0.0108,0.0673
CT019081,Zone_08,Zone_07,0.2786,0.0627,0.0807,0.0945,0.1261,0.0385,0.0471,0.2786,0.203,0.014,0.0549
CT002546,Zone_05,Zone_08,0.5,0.0,0.0,0.1,0.2,0.0,0.1,0.1,0.5,0.0,0.0
CT001046,Zone_04,Zone_07,0.3118,0.0753,0.043,0.1075,0.086,0.0323,0.0323,0.3118,0.2796,0.0215,0.0108
CT002075,Zone_05,Zone_07,0.3143,0.0643,0.1143,0.05,0.1286,0.0286,0.0643,0.3143,0.2143,0.0071,0.0143
CT004981,Zone_06,Zone_07,0.2786,0.0627,0.0807,0.0945,0.1261,0.0385,0.0471,0.2786,0.203,0.014,0.0549
CT006402,Zone_01,Zone_07,0.3235,0.0686,0.076,0.076,0.1397,0.0392,0.0343,0.3235,0.1716,0.0196,0.0515
CT013406,Zone_08,Zone_07,0.3143,0.0643,0.1143,0.05,0.1286,0.0286,0.0643,0.3143,0.2143,0.0071,0.0143
CT003999,Zone_04,Zone_07,0.2786,0.0627,0.0807,0.0945,0.1261,0.0385,0.0471,0.2786,0.203,0.014,0.0549
CT008178,Zone_07,Zone_08,0.3455,0.0364,0.0364,0.0364,0.2727,0.0364,0.0545,0.1455,0.3455,0.0,0.0364
CT019174,Zone_04,Zone_08,0.3611,0.0556,0.0556,0.0833,0.1667,0.0278,0.0278,0.1111,0.3611,0.0556,0.0556
CT002825,Zone_10,Zone_07,0.2786,0.0627,0.0807,0.0945,0.1261,0.0385,0.0471,0.2786,0.203,0.014,0.0549
CT013837,Zone_07,Zone_07,0.2786,0.0627,0.0807,0.0945,0.1261,0.0385,0.0471,0.2786,0.203,0.014,0.0549
CT000646,Zone_06,Zone_07,0.2786,0.0627,0.0807,0.0945,0.1261,0.0385,0.0471,0.2786,0.203,0.014,0.0549
CT011723,Zone_07,Zone_07,0.5263,0.1579,0.0,0.0526,0.0,0.0526,0.0,0.5263,0.1053,0.0,0.1053
CT006219,Zone_01,Zone_07,0.3871,0.0571,0.0571,0.0546,0.1191,0.0372,0.0298,0.3871,0.201,0.0099,0.0471
CT010605,Zone_08,Zone_07,0.3871,0.0571,0.0571,0.0546,0.1191,0.0372,0.0298,0.3871,0.201,0.0099,0.0471
CT012964,Zone_07,Zone_07,0.8889,0.1111,0.0,0.0,0.0,0.0,0.0,0.8889,0.0,0.0,0.0
CT019333,Zone_07,Zone_07,0.3235,0.0686,0.076,0.076,0.1397,0.0392,0.0343,0.3235,0.1716,0.0196,0.0515
CT002781,Zone_03,Zone_07,0.2786,0.0627,0.0807,0.0945,0.1261,0.0385,0.0471,0.2786,0.203,0.014,0.0549
CT005844,Zone_07,Zone_07,0.5,0.0556,0.0,0.0,0.0,0.0556,0.0556,0.5,0.2222,0.0,0.1111
CT016272,Zone_09,Zone_07,0.3228,0.0582,0.0741,0.0917,0.1429,0.0247,0.0406,0.3228,0.1817,0.0106,0.0529
CT019999,Zone_08,Zone_08,0.2094,0.0942,0.0942,0.0942,0.1466,0.0681,0.0314,0.1466,0.2094,0.0105,0.1047
CT010647,Zone_08,Zone_10,0.6,0.0,0.0,0.0,0.0,0.0,0.2,0.2,0.0,0.0,0.6
CT019947,Zone_07,Zone_04,0.3333,0.0,0.0,0.2222,0.3333,0.0,0.0,0.3333,0.0,0.0,0.1111
CT005332,Zone_07,Zone_07,0.2706,0.0771,0.0717,0.0986,0.1452,0.0323,0.0305,0.2706,0.19,0.0125,0.0717
CT003346,Zone_08,Zone_03,0.2581,0.0,0.1935,0.2581,0.1935,0.0,0.0,0.1613,0.1935,0.0,0.0
CT005609,Zone_08,Zone_07,0.2786,0.0627,0.0807,0.0945,0.1261,0.0385,0.0471,0.2786,0.203,0.014,0.0549
CT019514,Zone_07,Zone_07,0.2786,0.0627,0.0807,0.0945,0.1261,0.0385,0.0471,0.2786,0.203,0.014,0.0549
CT013136,Zone_10,Zone_07,0.8,0.0,0.0,0.0,0.0,0.0,0.0,0.8,0.2,0.0,0.0
CT018254,Zone_01,Zone_07,0.2786,0.0627,0.0807,0.0945,0.1261,0.0385,0.0471,0.2786,0.203,0.014,0.0549
CT004521,Zone_03,Zone_07,0.323,0.0431,0.0781,0.0956,0.1211,0.039,0.0256,0.323,0.1965,0.0108,0.0673
CT006517,Zone_07,Zone_07,0.3228,0.0582,0.0741,0.0917,0.1429,0.0247,0.0406,0.3228,0.1817,0.0106,0.0529
CT014939,Zone_07,Zone_04,0.4545,0.0455,0.0909,0.1364,0.4545,0.0,0.0909,0.1364,0.0455,0.0,0.0
CT007530,Zone_01,Zone_07,0.2786,0.0627,0.0807,0.0945,0.1261,0.0385,0.0471,0.2786,0.203,0.014,0.0549
CT013699,Zone_04,Zone_07,0.2786,0.0627,0.0807,0.0945,0.1261,0.0385,0.0471,0.2786,0.203,0.014,0.0549
CT015302,Zone_01,Zone_08,0.5556,0.0,0.0,0.0,0.1111,0.0,0.0,0.1111,0.5556,0.0,0.2222
CT001845,Zone_03,Zone_02,0.2632,0.0526,0.2632,0.0,0.0526,0.0526,0.0526,0.2632,0.0526,0.0,0.2105
CT016878,Zone_02,Zone_08,0.3696,0.0217,0.0435,0.1087,0.0217,0.0217,0.0652,0.3043,0.3696,0.0217,0.0217
CT014213,Zone_03,Zone_07,0.4762,0.0,0.0952,0.0476,0.0,0.0,0.0,0.4762,0.3333,0.0,0.0476
CT004956,Zone_04,Zone_08,0.268,0.0784,0.0458,0.0719,0.1503,0.0719,0.0196,0.2418,0.268,0.0131,0.0392
CT017983,Zone_06,Zone_04,0.6667,0.0,0.0,0.0,0.6667,0.0,0.0,0.3333,0.0,0.0,0.0
CT013838,Zone_05,Zone_07,0.2786,0.0627,0.0807,0.0945,0.1261,0.0385,0.0471,0.2786,0.203,0.014,0.0549
CT010501,Zone_05,Zone_07,0.3166,0.0452,0.0754,0.0905,0.1055,0.0151,0.0603,0.3166,0.2412,0.005,0.0452
CT003157,Zone_02,Zone_07,0.2786,0.0627,0.0807,0.0945,0.1261,0.0385,0.0471,0.2786,0.203,0.014,0.0549
CT014817,Zone_07,Zone_07,0.323,0.0431,0.0781,0.0956,0.1211,0.039,0.0256,0.323,0.1965,0.0108,0.0673
CT019780,Zone_01,Zone_07,0.3125,0.0104,0.0417,0.1146,0.1354,0.0521,0.0208,0.3125,0.2708,0.0208,0.0208
CT002061,Zone_10,Zone_07,0.2786,0.0627,0.0807,0.0945,0.1261,0.0385,0.0471,0.2786,0.203,0.014,0.0549
CT013935,Zone_07,Zone_07,0.2706,0.0771,0.0717,0.0986,0.1452,0.0323,0.0305,0.2706,0.19,0.0125,0.0717
CT011630,Zone_07,Zone_07,0.323,0.0431,0.0781,0.0956,0.1211,0.039,0.0256,0.323,0.1965,0.0108,0.0673
CT014337,Zone_08,Zone_07,0.3871,0.0571,0.0571,0.0546,0.1191,0.0372,0.0298,0.3871,0.201,0.0099,0.0471
CT005808,Zone_07,Zone_05,0.375,0.0,0.125,0.0,0.0,0.375,0.125,0.125,0.0,0.0,0.25
CT008583,Zone_07,Zone_08,0.2571,0.0707,0.0511,0.0797,0.1564,0.0496,0.0406,0.2256,0.2571,0.012,0.0571
CT001061,Zone_10,Zone_07,0.3871,0.0571,0.0571,0.0546,0.1191,0.0372,0.0298,0.3871,0.201,0.0099,0.0471
CT007004,Zone_07,Zone_07,0.3074,0.0649,0.026,0.1126,0.1472,0.0216,0.039,0.3074,0.1861,0.0087,0.0866
CT003264,Zone_08,Zone_07,0.2786,0.0627,0.0807,0.0945,0.1261,0.0385,0.0471,0.2786,0.203,0.014,0.0549
CT002234,Zone_10,Zone_03,0.2,0.0,0.0,0.2,0.2,0.2,0.0,0.2,0.0,0.0,0.2
CT013940,Zone_06,Zone_07,0.2786,0.0627,0.0807,0.0945,0.1261,0.0385,0.0471,0.2786,0.203,0.014,0.0549
CT001374,Zone_07,Zone_07,0.266,0.0496,0.1064,0.0922,0.1206,0.039,0.0532,0.266,0.2021,0.0035,0.0674
CT016783,Zone_02,Zone_07,0.2786,0.0627,0.0807,0.0945,0.1261,0.0385,0.0471,0.2786,0.203,0.014,0.0549
CT013327,Zone_06,Zone_07,0.3228,0.0582,0.0741,0.0917,0.1429,0.0247,0.0406,0.3228,0.1817,0.0106,0.0529
CT000454,Zone_01,Zone_07,0.3247,0.0515,0.0979,0.0773,0.0773,0.0309,0.0155,0.3247,0.2474,0.0052,0.0722
CT011967,Zone_08,Zone_04,0.2651,0.0602,0.0361,0.1205,0.2651,0.0241,0.0,0.241,0.2169,0.0,0.0361
CT009771,Zone_05,Zone_03,0.25,0.0417,0.2083,0.25,0.0833,0.0417,0.0417,0.0833,0.1667,0.0,0.0833
CT006245,Zone_03,Zone_08,0.5333,0.0,0.0,0.1333,0.0,0.0667,0.1333,0.1333,0.5333,0.0,0.0
CT019358,Zone_02,Zone_07,0.2786,0.0627,0.0807,0.0945,0.1261,0.0385,0.0471,0.2786,0.203,0.014,0.0549
CT015880,Zone_07,Zone_01,0.2857,0.2857,0.0,0.1429,0.0,0.2857,0.0,0.0,0.2857,0.0,0.0
CT015243,Zone_03,Zone_07,0.2786,0.0627,0.0807,0.0945,0.1261,0.0385,0.0471,0.2786,0.203,0.014,0.0549
CT015567,Zone_07,Zone_07,0.2353,0.0392,0.1765,0.1569,0.0196,0.0196,0.0784,0.2353,0.2157,0.0,0.0588
CT010340,Zone_08,Zone_07,0.2941,0.0294,0.1078,0.098,0.0588,0.0392,0.0098,0.2941,0.2353,0.0196,0.1078
CT013245,Zone_04,Zone_08,0.2812,0.0536,0.0804,0.1071,0.0848,0.0357,0.067,0.2277,0.2812,0.0,0.0625
CT015354,Zone_07,Zone_08,0.6,0.0,0.2,0.0,0.0,0.0,0.2,0.0,0.6,0.0,0.0
CT013142,Zone_02,Zone_07,0.6667,0.0,0.0,0.1111,0.2222,0.0,0.0,0.6667,0.0,0.0,0.0
CT015735,Zone_07,Zone_08,0.3333,0.0,0.1667,0.1667,0.1667,0.1667,0.0,0.0,0.3333,0.0,0.0
CT007361,Zone_08,Zone_03,0.4286,0.2857,0.0,0.4286,0.0,0.0,0.0,0.1429,0.1429,0.0,0.0
CT012161,Zone_02,Zone_07,0.3871,0.0571,0.0571,0.0546,0.1191,0.0372,0.0298,0.3871,0.201,0.0099,0.0471
CT007762,Zone_10,Zone_07,0.2786,0.0627,0.0807,0.0945,0.1261,0.0385,0.0471,0.2786,0.203,0.014,0.0549
CT009990,Zone_04,Zone_07,0.3404,0.0638,0.1489,0.0638,0.1702,0.0,0.0,0.3404,0.1915,0.0,0.0213
CT013885,Zone_08,Zone_07,0.2706,0.0771,0.0717,0.0986,0.1452,0.0323,0.0305,0.2706,0.19,0.0125,0.0717
CT001692,Zone_06,Zone_07,0.266,0.0496,0.1064,0.0922,0.1206,0.039,0.0532,0.266,0.2021,0.0035,0.0674
CT015993,Zone_03,Zone_07,0.2706,0.0771,0.0717,0.0986,0.1452,0.0323,0.0305,0.2706,0.19,0.0125,0.0717
CT006582,Zone_07,Zone_07,0.3166,0.0452,0.0754,0.0905,0.1055,0.0151,0.0603,0.3166,0.2412,0.005,0.0452
CT014420,Zone_01,Zone_08,0.268,0.0784,0.0458,0.0719,0.1503,0.0719,0.0196,0.2418,0.268,0.0131,0.0392
CT007553,Zone_04,Zone_08,0.6364,0.0,0.0,0.0909,0.0,0.0,0.0909,0.0909,0.6364,0.0,0.0909
CT018781,Zone_08,Zone_08,0.6,0.2,0.0,0.0,0.0,0.0,0.0,0.2,0.6,0.0,0.0
CT019256,Zone_02,Zone_07,0.3228,0.0582,0.0741,0.0917,0.1429,0.0247,0.0406,0.3228,0.1817,0.0106,0.0529
CT009256,Zone_01,Zone_08,0.3247,0.0909,0.1299,0.0779,0.1169,0.026,0.026,0.1558,0.3247,0.013,0.039
CT012687,Zone_07,Zone_07,0.2786,0.0627,0.0807,0.0945,0.1261,0.0385,0.0471,0.2786,0.203,0.014,0.0549
CT017407,Zone_04,Zone_07,0.2786,0.0627,0.0807,0.0945,0.1261,0.0385,0.0471,0.2786,0.203,0.014,0.0549
CT003347,Zone_07,Zone_07,0.2786,0.0627,0.0807,0.0945,0.1261,0.0385,0.0471,0.2786,0.203,0.014,0.0549
CT001746,Zone_07,Zone_04,0.25,0.0208,0.0833,0.1042,0.25,0.0208,0.0208,0.25,0.1667,0.0,0.0833
CT001279,Zone_07,Zone_07,0.6667,0.0,0.0,0.0,0.0,0.0,0.0,0.6667,0.3333,0.0,0.0
CT011040,Zone_07,Zone_07,0.2786,0.0627,0.0807,0.0945,0.1261,0.0385,0.0471,0.2786,0.203,0.014,0.0549
CT012358,Zone_04,Zone_07,0.2706,0.0771,0.0717,0.0986,0.1452,0.0323,0.0305,0.2706,0.19,0.0125,0.0717
CT018440,Zone_03,Zone_07,0.3941,0.0632,0.052,0.0595,0.145,0.0372,0.0297,0.3941,0.1375,0.0074,0.0743
CT003092,Zone_06,Zone_07,0.2786,0.0627,0.0807,0.0945,0.1261,0.0385,0.0471,0.2786,0.203,0.014,0.0549
CT013598,Zone_07,Zone_07,0.2786,0.0627,0.0807,0.0945,0.1261,0.0385,0.0471,0.2786,0.203,0.014,0.0549
CT011116,Zone_08,Zone_07,0.2786,0.0627,0.0807,0.0945,0.1261,0.0385,0.0471,0.2786,0.203,0.014,0.0549
CT013367,Zone_08,Zone_08,0.3663,0.0594,0.0792,0.0792,0.0693,0.0693,0.0594,0.0891,0.3663,0.0198,0.1089
CT005362,Zone_02,Zone_07,0.2786,0.0627,0.0807,0.0945,0.1261,0.0385,0.0471,0.2786,0.203,0.014,0.0549
CT007978,Zone_10,Zone_07,0.75,0.0,0.0,0.0,0.0,0.0,0.0,0.75,0.25,0.0,0.0
CT019219,Zone_10,Zone_07,0.2786,0.0627,0.0807,0.0945,0.1261,0.0385,0.0471,0.2786,0.203,0.014,0.0549
CT008245,Zone_10,Zone_07,0.2786,0.0627,0.0807,0.0945,0.1261,0.0385,0.0471,0.2786,0.203,0.014,0.0549
CT004130,Zone_06,Zone_07,0.2786,0.0627,0.0807,0.0945,0.1261,0.0385,0.0471,0.2786,0.203,0.014,0.0549
CT002667,Zone_06,Zone_07,0.36,0.0,0.08,0.32,0.04,0.04,0.04,0.36,0.0,0.04,0.08
CT015590,Zone_07,Zone_07,0.2969,0.0625,0.1406,0.0469,0.0781,0.0625,0.0469,0.2969,0.1875,0.0,0.0781
CT006774,Zone_10,Zone_08,0.2571,0.0707,0.0511,0.0797,0.1564,0.0496,0.0406,0.2256,0.2571,0.012,0.0571
CT017756,Zone_07,Zone_07,0.3333,0.0833,0.0417,0.1042,0.0208,0.0208,0.0208,0.3333,0.25,0.0417,0.0833
CT015010,Zone_08,Zone_07,0.2786,0.0627,0.0807,0.0945,0.1261,0.0385,0.0471,0.2786,0.203,0.014,0.0549
CT011019,Zone_03,Zone_03,0.1944,0.0,0.1667,0.1944,0.1111,0.1111,0.0278,0.1944,0.1944,0.0,0.0
CT001847,Zone_04,Zone_07,0.2786,0.0627,0.0807,0.0945,0.1261,0.0385,0.0471,0.2786,0.203,0.014,0.0549
CT008887,Zone_02,Zone_07,0.2786,0.0627,0.0807,0.0945,0.1261,0.0385,0.0471,0.2786,0.203,0.014,0.0549
CT004703,Zone_04,Zone_07,0.323,0.0431,0.0781,0.0956,0.1211,0.039,0.0256,0.323,0.1965,0.0108,0.0673
CT013283,Zone_09,Zone_07,0.2706,0.0771,0.0717,0.0986,0.1452,0.0323,0.0305,0.2706,0.19,0.0125,0.0717
CT000194,Zone_07,Zone_08,0.268,0.0784,0.0458,0.0719,0.1503,0.0719,0.0196,0.2418,0.268,0.0131,0.0392
CT002015,Zone_08,Zone_08,0.2571,0.0707,0.0511,0.0797,0.1564,0.0496,0.0406,0.2256,0.2571,0.012,0.0571
CT011611,Zone_02,Zone_07,0.3166,0.0452,0.0754,0.0905,0.1055,0.0151,0.0603,0.3166,0.2412,0.005,0.0452
CT011047,Zone_07,Zone_07,0.2786,0.0627,0.0807,0.0945,0.1261,0.0385,0.0471,0.2786,0.203,0.014,0.0549
CT016387,Zone_01,Zone_07,0.3941,0.0632,0.052,0.0595,0.145,0.0372,0.0297,0.3941,0.1375,0.0074,0.0743
CT002235,Zone_07,Zone_10,0.4444,0.1111,0.2222,0.1111,0.0,0.0,0.1111,0.0,0.0,0.0,0.4444
CT014149,Zone_08,Zone_07,0.35,0.0,0.0,0.05,0.15,0.0,0.05,0.35,0.35,0.0,0.05
CT016098,Zone_03,Zone_08,0.2812,0.0536,0.0804,0.1071,0.0848,0.0357,0.067,0.2277,0.2812,0.0,0.0625
CT008504,Zone_08,Zone_04,0.6,0.0,0.0,0.2,0.6,0.0,0.0,0.0,0.2,0.0,0.0
CT010153,Zone_02,Zone_08,0.2571,0.0707,0.0511,0.0797,0.1564,0.0496,0.0406,0.2256,0.2571,0.012,0.0571
CT006191,Zone_07,Zone_07,0.2786,0.0627,0.0807,0.0945,0.1261,0.0385,0.0471,0.2786,0.203,0.014,0.0549
CT014620,Zone_03,Zone_07,0.3228,0.0582,0.0741,0.0917,0.1429,0.0247,0.0406,0.3228,0.1817,0.0106,0.0529
CT000032,Zone_10,Zone_07,0.2706,0.0771,0.0717,0.0986,0.1452,0.0323,0.0305,0.2706,0.19,0.0125,0.0717
CT016518,Zone_07,Zone_08,0.268,0.0784,0.0458,0.0719,0.1503,0.0719,0.0196,0.2418,0.268,0.0131,0.0392
CT010483,Zone_07,Zone_08,0.2571,0.0707,0.0511,0.0797,0.1564,0.0496,0.0406,0.2256,0.2571,0.012,0.0571
CT008502,Zone_07,Zone_03,0.3333,0.1667,0.0,0.3333,0.0,0.0,0.1667,0.1667,0.0,0.0,0.1667
CT013939,Zone_08,Zone_07,0.2786,0.0627,0.0807,0.0945,0.1261,0.0385,0.0471,0.2786,0.203,0.014,0.0549
CT000383,Zone_07,Zone_07,0.2786,0.0627,0.0807,0.0945,0.1261,0.0385,0.0471,0.2786,0.203,0.014,0.0549
CT001259,Zone_07,Zone_08,0.2571,0.0707,0.0511,0.0797,0.1564,0.0496,0.0406,0.2256,0.2571,0.012,0.0571
CT018794,Zone_09,Zone_08,0.4286,0.0,0.1429,0.1429,0.0,0.0,0.1429,0.1429,0.4286,0.0,0.0
CT018193,Zone_01,Zone_07,0.2786,0.0627,0.0807,0.0945,0.1261,0.0385,0.0471,0.2786,0.203,0.014,0.0549
CT012954,Zone_08,Zone_08,0.2821,0.0769,0.1538,0.1795,0.0769,0.0,0.0513,0.1282,0.2821,0.0256,0.0256
CT007983,Zone_06,Zone_03,0.1944,0.0,0.1667,0.1944,0.1111,0.1111,0.0278,0.1944,0.1944,0.0,0.0
CT012498,Zone_05,Zone_07,0.2786,0.0627,0.0807,0.0945,0.1261,0.0385,0.0471,0.2786,0.203,0.014,0.0549
CT007173,Zone_08,Zone_07,0.2786,0.0627,0.0807,0.0945,0.1261,0.0385,0.0471,0.2786,0.203,0.014,0.0549
CT004494,Zone_03,Zone_07,0.2786,0.0627,0.0807,0.0945,0.1261,0.0385,0.0471,0.2786,0.203,0.014,0.0549
CT014334,Zone_02,Zone_07,0.8571,0.0,0.0,0.0,0.0,0.0,0.0,0.8571,0.1429,0.0,0.0
CT013583,Zone_07,Zone_07,0.2706,0.0771,0.0717,0.0986,0.1452,0.0323,0.0305,0.2706,0.19,0.0125,0.0717
CT002789,Zone_10,Zone_07,0.3143,0.0643,0.1143,0.05,0.1286,0.0286,0.0643,0.3143,0.2143,0.0071,0.0143
CT011048,Zone_08,Zone_04,0.3333,0.0,0.0741,0.1852,0.3333,0.037,0.0,0.037,0.2222,0.0,0.1111
CT019661,Zone_08,Zone_07,0.2786,0.0627,0.0807,0.0945,0.1261,0.0385,0.0471,0.2786,0.203,0.014,0.0549
CT001233,Zone_01,Zone_07,0.3074,0.0649,0.026,0.1126,0.1472,0.0216,0.039,0.3074,0.1861,0.0087,0.0866
CT015933,Zone_02,Zone_07,0.3941,0.0632,0.052,0.0595,0.145,0.0372,0.0297,0.3941,0.1375,0.0074,0.0743
CT000512,Zone_07,Zone_07,0.2786,0.0627,0.0807,0.0945,0.1261,0.0385,0.0471,0.2786,0.203,0.014,0.0549
CT017314,Zone_06,Zone_07,0.4359,0.0,0.0513,0.1026,0.1026,0.0513,0.0256,0.4359,0.1795,0.0256,0.0256
CT012501,Zone_07,Zone_08,0.3019,0.0943,0.0472,0.1415,0.0566,0.0283,0.0189,0.217,0.3019,0.0566,0.0377
CT002870,Zone_02,Zone_08,0.4444,0.0,0.0,0.0,0.2222,0.0,0.0,0.3333,0.4444,0.0,0.0
CT015451,Zone_04,Zone_07,0.3913,0.0,0.0435,0.0,0.1304,0.0,0.1304,0.3913,0.3043,0.0,0.0
CT005117,Zone_08,Zone_07,0.2786,0.0627,0.0807,0.0945,0.1261,0.0385,0.0471,0.2786,0.203,0.014,0.0549
CT002716,Zone_01,Zone_08,0.3247,0.0909,0.1299,0.0779,0.1169,0.026,0.026,0.1558,0.3247,0.013,0.039
CT010802,Zone_04,Zone_01,0.2,0.2,0.1,0.2,0.1,0.0,0.0,0.2,0.0,0.1,0.1
CT002606,Zone_03,Zone_08,0.8,0.0,0.0,0.0,0.0,0.0,0.2,0.0,0.8,0.0,0.0
CT018086,Zone_03,Zone_07,0.875,0.0,0.0,0.0,0.0,0.0,0.0,0.875,0.125,0.0,0.0
CT009286,Zone_03,Zone_04,0.4,0.0,0.0,0.0,0.4,0.2,0.0,0.0,0.4,0.0,0.0
CT018800,Zone_05,Zone_04,0.5,0.0,0.0,0.0,0.5,0.0,0.0,0.0,0.3333,0.0,0.1667
CT000907,Zone_08,Zone_08,0.2821,0.0769,0.1538,0.1795,0.0769,0.0,0.0513,0.1282,0.2821,0.0256,0.0256
CT005264,Zone_07,Zone_07,0.3871,0.0571,0.0571,0.0546,0.1191,0.0372,0.0298,0.3871,0.201,0.0099,0.0471
CT011779,Zone_05,Zone_04,0.6,0.0,0.0,0.2,0.6,0.0,0.0,0.2,0.0,0.0,0.0
CT013191,Zone_04,Zone_07,0.3125,0.0104,0.0417,0.1146,0.1354,0.0521,0.0208,0.3125,0.2708,0.0208,0.0208
CT011795,Zone_08,Zone_02,0.8,0.0,0.8,0.0,0.0,0.2,0.0,0.0,0.0,0.0,0.0
CT014951,Zone_07,Zone_07,0.4286,0.0952,0.0,0.0952,0.0476,0.0,0.0476,0.4286,0.2857,0.0,0.0
CT005734,Zone_06,Zone_03,0.2727,0.0,0.0,0.2727,0.1818,0.0,0.1818,0.0909,0.2727,0.0,0.0
CT005847,Zone_10,Zone_07,0.2786,0.0627,0.0807,0.0945,0.1261,0.0385,0.0471,0.2786,0.203,0.014,0.0549
CT009695,Zone_07,Zone_07,0.3074,0.0649,0.026,0.1126,0.1472,0.0216,0.039,0.3074,0.1861,0.0087,0.0866
CT000423,Zone_02,Zone_08,0.4,0.0333,0.1,0.1,0.0,0.0333,0.0333,0.2,0.4,0.0333,0.0667
CT009973,Zone_10,Zone_07,0.2786,0.0627,0.0807,0.0945,0.1261,0.0385,0.0471,0.2786,0.203,0.014,0.0549
CT000895,Zone_07,Zone_07,0.3166,0.0452,0.0754,0.0905,0.1055,0.0151,0.0603,0.3166,0.2412,0.005,0.0452
CT017845,Zone_07,Zone_07,0.2786,0.0627,0.0807,0.0945,0.1261,0.0385,0.0471,0.2786,0.203,0.014,0.0549
CT010593,Zone_08,Zone_07,0.2786,0.0627,0.0807,0.0945,0.1261,0.0385,0.0471,0.2786,0.203,0.014,0.0549
CT007637,Zone_08,Zone_08,0.381,0.0952,0.0159,0.0159,0.127,0.0794,0.0635,0.2063,0.381,0.0,0.0159
CT015618,Zone_01,Zone_07,0.2786,0.0627,0.0807,0.0945,0.1261,0.0385,0.0471,0.2786,0.203,0.014,0.0549
CT013002,Zone_07,Zone_07,0.323,0.0431,0.0781,0.0956,0.1211,0.039,0.0256,0.323,0.1965,0.0108,0.0673
CT005085,Zone_10,Zone_07,0.3125,0.0104,0.0417,0.1146,0.1354,0.0521,0.0208,0.3125,0.2708,0.0208,0.0208
CT004429,Zone_04,Zone_07,0.3871,0.0571,0.0571,0.0546,0.1191,0.0372,0.0298,0.3871,0.201,0.0099,0.0471
CT014897,Zone_02,Zone_07,0.2706,0.0771,0.0717,0.0986,0.1452,0.0323,0.0305,0.2706,0.19,0.0125,0.0717
CT015369,Zone_04,Zone_07,0.266,0.0496,0.1064,0.0922,0.1206,0.039,0.0532,0.266,0.2021,0.0035,0.0674
CT007909,Zone_07,Zone_08,0.2571,0.0707,0.0511,0.0797,0.1564,0.0496,0.0406,0.2256,0.2571,0.012,0.0571
CT004324,Zone_02,Zone_07,0.266,0.0496,0.1064,0.0922,0.1206,0.039,0.0532,0.266,0.2021,0.0035,0.0674
CT010619,Zone_10,Zone_03,0.2581,0.0,0.1935,0.2581,0.1935,0.0,0.0,0.1613,0.1935,0.0,0.0
CT001470,Zone_03,Zone_07,0.2786,0.0627,0.0807,0.0945,0.1261,0.0385,0.0471,0.2786,0.203,0.014,0.0549
CT010118,Zone_07,Zone_07,0.2786,0.0627,0.0807,0.0945,0.1261,0.0385,0.0471,0.2786,0.203,0.014,0.0549
CT018889,Zone_07,Zone_08,0.5,0.0,0.0,0.0,0.125,0.0,0.125,0.25,0.5,0.0,0.0
CT011819,Zone_02,Zone_07,0.323,0.0431,0.0781,0.0956,0.1211,0.039,0.0256,0.323,0.1965,0.0108,0.0673
CT015456,Zone_10,Zone_07,0.6667,0.0,0.1667,0.0,0.0,0.0,0.0,0.6667,0.0,0.0,0.1667
CT005530,Zone_07,Zone_08,0.3696,0.0217,0.0435,0.1087,0.0217,0.0217,0.0652,0.3043,0.3696,0.0217,0.0217
CT012530,Zone_03,Zone_08,0.2571,0.0707,0.0511,0.0797,0.1564,0.0496,0.0406,0.2256,0.2571,0.012,0.0571
CT018439,Zone_01,Zone_08,0.2094,0.0942,0.0942,0.0942,0.1466,0.0681,0.0314,0.1466,0.2094,0.0105,0.1047
CT018205,Zone_02,Zone_08,0.268,0.0784,0.0458,0.0719,0.1503,0.0719,0.0196,0.2418,0.268,0.0131,0.0392
CT013811,Zone_03,Zone_04,0.4545,0.0455,0.0909,0.1364,0.4545,0.0,0.0909,0.1364,0.0455,0.0,0.0
CT015936,Zone_02,Zone_04,0.2651,0.0602,0.0361,0.1205,0.2651,0.0241,0.0,0.241,0.2169,0.0,0.0361
CT009280,Zone_06,Zone_07,0.2706,0.0771,0.0717,0.0986,0.1452,0.0323,0.0305,0.2706,0.19,0.0125,0.0717
CT005521,Zone_08,Zone_07,0.323,0.0431,0.0781,0.0956,0.1211,0.039,0.0256,0.323,0.1965,0.0108,0.0673
CT002708,Zone_01,Zone_07,0.2786,0.0627,0.0807,0.0945,0.1261,0.0385,0.0471,0.2786,0.203,0.014,0.0549
CT002961,Zone_07,Zone_07,0.2706,0.0771,0.0717,0.0986,0.1452,0.0323,0.0305,0.2706,0.19,0.0125,0.0717
CT001105,Zone_03,Zone_04,0.6,0.0,0.0,0.0,0.6,0.0,0.0,0.0,0.4,0.0,0.0
CT008819,Zone_07,Zone_01,0.3571,0.3571,0.0,0.1429,0.2143,0.0714,0.0714,0.0714,0.0,0.0714,0.0
CT011881,Zone_07,Zone_08,0.2094,0.0942,0.0942,0.0942,0.1466,0.0681,0.0314,0.1466,0.2094,0.0105,0.1047
CT003407,Zone_07,Zone_03,0.4,0.0,0.2,0.4,0.2,0.0,0.0,0.0,0.2,0.0,0.0
CT014653,Zone_08,Zone_07,0.323,0.0431,0.0781,0.0956,0.1211,0.039,0.0256,0.323,0.1965,0.0108,0.0673
CT007037,Zone_03,Zone_07,0.3333,0.0833,0.0417,0.1042,0.0208,0.0208,0.0208,0.3333,0.25,0.0417,0.0833
CT002597,Zone_03,Zone_07,0.3247,0.0515,0.0979,0.0773,0.0773,0.0309,0.0155,0.3247,0.2474,0.0052,0.0722
CT017198,Zone_04,Zone_07,0.2786,0.0627,0.0807,0.0945,0.1261,0.0385,0.0471,0.2786,0.203,0.014,0.0549
CT013197,Zone_07,Zone_07,0.2706,0.0771,0.0717,0.0986,0.1452,0.0323,0.0305,0.2706,0.19,0.0125,0.0717
CT017113,Zone_02,Zone_07,0.2786,0.0627,0.0807,0.0945,0.1261,0.0385,0.0471,0.2786,0.203,0.014,0.0549
CT006454,Zone_04,Zone_07,0.323,0.0431,0.0781,0.0956,0.1211,0.039,0.0256,0.323,0.1965,0.0108,0.0673
CT011416,Zone_07,Zone_07,0.2786,0.0627,0.0807,0.0945,0.1261,0.0385,0.0471,0.2786,0.203,0.014,0.0549
CT012162,Zone_08,Zone_07,0.2786,0.0627,0.0807,0.0945,0.1261,0.0385,0.0471,0.2786,0.203,0.014,0.0549
CT007500,Zone_02,Zone_07,0.2786,0.0627,0.0807,0.0945,0.1261,0.0385,0.0471,0.2786,0.203,0.014,0.0549
CT003778,Zone_02,Zone_08,0.4444,0.0,0.0,0.2222,0.2222,0.0,0.0,0.0,0.4444,0.0,0.1111
CT009230,Zone_05,Zone_08,0.8889,0.0,0.0,0.0,0.1111,0.0,0.0,0.0,0.8889,0.0,0.0
CT002791,Zone_07,Zone_07,0.4444,0.0,0.3333,0.1111,0.1111,0.0,0.0,0.4444,0.0,0.0,0.0
CT017436,Zone_07,Zone_08,0.3696,0.0217,0.0435,0.1087,0.0217,0.0217,0.0652,0.3043,0.3696,0.0217,0.0217
CT017904,Zone_01,Zone_01,0.3571,0.3571,0.0,0.1429,0.2143,0.0714,0.0714,0.0714,0.0,0.0714,0.0
CT010949,Zone_08,Zone_07,0.3871,0.0571,0.0571,0.0546,0.1191,0.0372,0.0298,0.3871,0.201,0.0099,0.0471
CT010544,Zone_07,Zone_07,0.3166,0.0452,0.0754,0.0905,0.1055,0.0151,0.0603,0.3166,0.2412,0.005,0.0452
CT010939,Zone_05,Zone_07,0.2706,0.0771,0.0717,0.0986,0.1452,0.0323,0.0305,0.2706,0.19,0.0125,0.0717
CT003875,Zone_09,Zone_07,0.2786,0.0627,0.0807,0.0945,0.1261,0.0385,0.0471,0.2786,0.203,0.014,0.0549
CT016779,Zone_07,Zone_07,0.3074,0.0649,0.026,0.1126,0.1472,0.0216,0.039,0.3074,0.1861,0.0087,0.0866
CT016571,Zone_07,Zone_07,0.3228,0.0582,0.0741,0.0917,0.1429,0.0247,0.0406,0.3228,0.1817,0.0106,0.0529
CT011190,Zone_04,Zone_08,0.5238,0.0476,0.1429,0.0476,0.0476,0.0,0.0476,0.0952,0.5238,0.0,0.0476
CT016864,Zone_03,Zone_07,0.2786,0.0627,0.0807,0.0945,0.1261,0.0385,0.0471,0.2786,0.203,0.014,0.0549
CT015672,Zone_02,Zone_07,0.2786,0.0627,0.0807,0.0945,0.1261,0.0385,0.0471,0.2786,0.203,0.014,0.0549
CT014618,Zone_08,Zone_07,0.2786,0.0627,0.0807,0.0945,0.1261,0.0385,0.0471,0.2786,0.203,0.014,0.0549
CT010551,Zone_06,Zone_08,0.2571,0.0707,0.0511,0.0797,0.1564,0.0496,0.0406,0.2256,0.2571,0.012,0.0571
CT006706,Zone_08,Zone_07,0.2786,0.0627,0.0807,0.0945,0.1261,0.0385,0.0471,0.2786,0.203,0.014,0.0549
CT018788,Zone_02,Zone_07,0.2786,0.0627,0.0807,0.0945,0.1261,0.0385,0.0471,0.2786,0.203,0.014,0.0549
CT003040,Zone_08,Zone_07,0.3228,0.0582,0.0741,0.0917,0.1429,0.0247,0.0406,0.3228,0.1817,0.0106,0.0529
CT009689,Zone_03,Zone_07,0.266,0.0496,0.1064,0.0922,0.1206,0.039,0.0532,0.266,0.2021,0.0035,0.0674
CT019161,Zone_07,Zone_04,0.225,0.1,0.2,0.1,0.225,0.05,0.025,0.1,0.125,0.025,0.05
CT006973,Zone_04,Zone_07,0.3235,0.0686,0.076,0.076,0.1397,0.0392,0.0343,0.3235,0.1716,0.0196,0.0515
CT012087,Zone_07,Zone_04,0.375,0.125,0.125,0.0,0.375,0.0,0.0,0.125,0.125,0.0,0.125
CT004257,Zone_02,Zone_07,0.2786,0.0627,0.0807,0.0945,0.1261,0.0385,0.0471,0.2786,0.203,0.014,0.0549
CT015185,Zone_10,Zone_07,0.3871,0.0571,0.0571,0.0546,0.1191,0.0372,0.0298,0.3871,0.201,0.0099,0.0471
CT018669,Zone_07,Zone_08,0.2812,0.0536,0.0804,0.1071,0.0848,0.0357,0.067,0.2277,0.2812,0.0,0.0625
CT010542,Zone_08,Zone_02,0.2432,0.1351,0.2432,0.1351,0.1081,0.0,0.1081,0.0811,0.1081,0.027,0.0541
CT009204,Zone_04,Zone_07,0.2786,0.0627,0.0807,0.0945,0.1261,0.0385,0.0471,0.2786,0.203,0.014,0.0549
CT002835,Zone_08,Zone_07,0.2786,0.0627,0.0807,0.0945,0.1261,0.0385,0.0471,0.2786,0.203,0.014,0.0549
CT015217,Zone_08,Zone_07,0.266,0.0496,0.1064,0.0922,0.1206,0.039,0.0532,0.266,0.2021,0.0035,0.0674
CT012787,Zone_08,Zone_07,0.56,0.04,0.08,0.12,0.08,0.0,0.0,0.56,0.08,0.0,0.04
CT003523,Zone_03,Zone_07,0.3941,0.0632,0.052,0.0595,0.145,0.0372,0.0297,0.3941,0.1375,0.0074,0.0743
CT013937,Zone_07,Zone_02,0.4,0.0,0.4,0.0,0.4,0.0,0.0,0.0,0.2,0.0,0.0
CT002830,Zone_08,Zone_07,0.2786,0.0627,0.0807,0.0945,0.1261,0.0385,0.0471,0.2786,0.203,0.014,0.0549
CT011152,Zone_03,Zone_08,0.2571,0.0707,0.0511,0.0797,0.1564,0.0496,0.0406,0.2256,0.2571,0.012,0.0571
CT009923,Zone_08,Zone_07,0.56,0.04,0.08,0.12,0.08,0.0,0.0,0.56,0.08,0.0,0.04
CT017358,Zone_07,Zone_07,0.3125,0.0104,0.0417,0.1146,0.1354,0.0521,0.0208,0.3125,0.2708,0.0208,0.0208
CT000890,Zone_08,Zone_08,0.4286,0.0,0.0,0.0,0.0,0.2857,0.0,0.2857,0.4286,0.0,0.0
CT007180,Zone_04,Zone_07,0.5,0.25,0.0,0.0,0.0833,0.0,0.0,0.5,0.0833,0.0,0.0833
CT001904,Zone_03,Zone_03,0.2581,0.0,0.1935,0.2581,0.1935,0.0,0.0,0.1613,0.1935,0.0,0.0
CT002714,Zone_03,Zone_07,0.266,0.0496,0.1064,0.0922,0.1206,0.039,0.0532,0.266,0.2021,0.0035,0.0674
CT015659,Zone_07,Zone_07,0.3235,0.0686,0.076,0.076,0.1397,0.0392,0.0343,0.3235,0.1716,0.0196,0.0515
CT009245,Zone_05,Zone_07,0.3118,0.0753,0.043,0.1075,0.086,0.0323,0.0323,0.3118,0.2796,0.0215,0.0108
CT016015,Zone_07,Zone_07,0.2786,0.0627,0.0807,0.0945,0.1261,0.0385,0.0471,0.2786,0.203,0.014,0.0549
CT002379,Zone_03,Zone_07,0.2786,0.0627,0.0807,0.0945,0.1261,0.0385,0.0471,0.2786,0.203,0.014,0.0549
CT018387,Zone_10,Zone_04,0.3636,0.1136,0.1591,0.0909,0.3636,0.0,0.0909,0.0682,0.0455,0.0455,0.0227
CT002482,Zone_04,Zone_02,0.5,0.0,0.5,0.0,0.0,0.0,0.0,0.1667,0.1667,0.1667,0.0
CT011149,Zone_03,Zone_08,0.8571,0.0,0.0,0.0,0.0,0.0,0.0,0.1429,0.8571,0.0,0.0
CT017032,Zone_02,Zone_07,0.2786,0.0627,0.0807,0.0945,0.1261,0.0385,0.0471,0.2786,0.203,0.014,0.0549
CT004276,Zone_02,Zone_08,0.6667,0.0,0.0,0.0,0.0,0.1667,0.0,0.0,0.6667,0.0,0.1667
CT012378,Zone_07,Zone_07,0.323,0.0431,0.0781,0.0956,0.1211,0.039,0.0256,0.323,0.1965,0.0108,0.0673
CT014789,Zone_08,Zone_08,0.2571,0.0707,0.0511,0.0797,0.1564,0.0496,0.0406,0.2256,0.2571,0.012,0.0571
CT017197,Zone_07,Zone_08,0.381,0.0952,0.0159,0.0159,0.127,0.0794,0.0635,0.2063,0.381,0.0,0.0159
CT000882,Zone_08,Zone_07,0.323,0.0431,0.0781,0.0956,0.1211,0.039,0.0256,0.323,0.1965,0.0108,0.0673
CT018101,Zone_05,Zone_08,0.3281,0.0391,0.0391,0.1641,0.1406,0.0312,0.0547,0.1016,0.3281,0.0078,0.0938
CT014848,Zone_08,Zone_08,0.425,0.1,0.075,0.025,0.1,0.0,0.075,0.125,0.425,0.0,0.075
CT002860,Zone_08,Zone_07,0.3228,0.0582,0.0741,0.0917,0.1429,0.0247,0.0406,0.3228,0.1817,0.0106,0.0529
CT005873,Zone_03,Zone_07,0.2786,0.0627,0.0807,0.0945,0.1261,0.0385,0.0471,0.2786,0.203,0.014,0.0549
CT012775,Zone_08,Zone_07,0.3206,0.1221,0.084,0.0916,0.1374,0.0305,0.0153,0.3206,0.1298,0.0,0.0687
CT013998,Zone_08,Zone_03,0.2581,0.0,0.1935,0.2581,0.1935,0.0,0.0,0.1613,0.1935,0.0,0.0
CT011710,Zone_08,Zone_07,0.2786,0.0627,0.0807,0.0945,0.1261,0.0385,0.0471,0.2786,0.203,0.014,0.0549
CT012212,Zone_02,Zone_07,0.8571,0.0,0.0,0.0,0.0,0.0,0.1429,0.8571,0.0,0.0,0.0
CT015259,Zone_01,Zone_07,0.3448,0.0172,0.0862,0.1724,0.1724,0.0345,0.0517,0.3448,0.069,0.0345,0.0172
CT006324,Zone_03,Zone_07,0.3074,0.0649,0.026,0.1126,0.1472,0.0216,0.039,0.3074,0.1861,0.0087,0.0866
CT012344,Zone_07,Zone_07,0.3871,0.0571,0.0571,0.0546,0.1191,0.0372,0.0298,0.3871,0.201,0.0099,0.0471
CT010889,Zone_05,Zone_08,0.6667,0.0,0.0,0.0,0.1667,0.1667,0.0,0.0,0.6667,0.0,0.0
CT017481,Zone_08,Zone_07,0.2786,0.0627,0.0807,0.0945,0.1261,0.0385,0.0471,0.2786,0.203,0.014,0.0549
CT007824,Zone_04,Zone_07,0.2786,0.0627,0.0807,0.0945,0.1261,0.0385,0.0471,0.2786,0.203,0.014,0.0549
CT013144,Zone_07,Zone_08,0.3663,0.0594,0.0792,0.0792,0.0693,0.0693,0.0594,0.0891,0.3663,0.0198,0.1089
CT003455,Zone_09,Zone_07,0.323,0.0431,0.0781,0.0956,0.1211,0.039,0.0256,0.323,0.1965,0.0108,0.0673
CT010675,Zone_10,Zone_07,0.2786,0.0627,0.0807,0.0945,0.1261,0.0385,0.0471,0.2786,0.203,0.014,0.0549
CT006195,Zone_02,Zone_07,0.4627,0.0149,0.0299,0.0746,0.0448,0.0448,0.0299,0.4627,0.194,0.0,0.1045
CT001989,Zone_10,Zone_07,0.2706,0.0771,0.0717,0.0986,0.1452,0.0323,0.0305,0.2706,0.19,0.0125,0.0717
CT014022,Zone_04,Zone_07,0.323,0.0431,0.0781,0.0956,0.1211,0.039,0.0256,0.323,0.1965,0.0108,0.0673
CT000930,Zone_08,Zone_08,0.3696,0.0217,0.0435,0.1087,0.0217,0.0217,0.0652,0.3043,0.3696,0.0217,0.0217
CT017027,Zone_06,Zone_07,0.4359,0.0,0.0513,0.1026,0.1026,0.0513,0.0256,0.4359,0.1795,0.0256,0.0256
CT007438,Zone_04,Zone_02,0.2632,0.0789,0.2632,0.1053,0.1053,0.0526,0.0263,0.1053,0.2105,0.0,0.0526
CT008217,Zone_07,Zone_07,0.2424,0.0455,0.0758,0.1364,0.1818,0.0758,0.0303,0.2424,0.1061,0.0,0.1061
CT007723,Zone_02,Zone_07,0.2786,0.0627,0.0807,0.0945,0.1261,0.0385,0.0471,0.2786,0.203,0.014,0.0549
CT005587,Zone_07,Zone_07,0.2786,0.0627,0.0807,0.0945,0.1261,0.0385,0.0471,0.2786,0.203,0.014,0.0549
CT011684,Zone_10,Zone_08,0.2571,0.0707,0.0511,0.0797,0.1564,0.0496,0.0406,0.2256,0.2571,0.012,0.0571
CT002374,Zone_04,Zone_07,0.2786,0.0627,0.0807,0.0945,0.1261,0.0385,0.0471,0.2786,0.203,0.014,0.0549
CT010522,Zone_07,Zone_07,0.6,0.0,0.0,0.0,0.0,0.0,0.0,0.6,0.4,0.0,0.0
CT010355,Zone_08,Zone_07,0.2706,0.0771,0.0717,0.0986,0.1452,0.0323,0.0305,0.2706,0.19,0.0125,0.0717
CT000041,Zone_08,Zone_07,0.3228,0.0582,0.0741,0.0917,0.1429,0.0247,0.0406,0.3228,0.1817,0.0106,0.0529
CT009238,Zone_07,Zone_07,0.2786,0.0627,0.0807,0.0945,0.1261,0.0385,0.0471,0.2786,0.203,0.014,0.0549
CT015081,Zone_05,Zone_07,0.2969,0.0625,0.1406,0.0469,0.0781,0.0625,0.0469,0.2969,0.1875,0.0,0.0781
CT006607,Zone_07,Zone_08,0.2571,0.0707,0.0511,0.0797,0.1564,0.0496,0.0406,0.2256,0.2571,0.012,0.0571
CT008459,Zone_07,Zone_04,0.4,0.0,0.0,0.2,0.4,0.0,0.2,0.2,0.0,0.0,0.0
CT009755,Zone_08,Zone_08,0.2571,0.0707,0.0511,0.0797,0.1564,0.0496,0.0406,0.2256,0.2571,0.012,0.0571
CT000178,Zone_09,Zone_03,0.4286,0.0,0.0,0.4286,0.1429,0.0,0.0,0.4286,0.0,0.0,0.0
CT007044,Zone_04,Zone_07,0.2706,0.0771,0.0717,0.0986,0.1452,0.0323,0.0305,0.2706,0.19,0.0125,0.0717
CT011262,Zone_07,Zone_07,0.3228,0.0582,0.0741,0.0917,0.1429,0.0247,0.0406,0.3228,0.1817,0.0106,0.0529
CT008358,Zone_03,Zone_07,0.2786,0.0627,0.0807,0.0945,0.1261,0.0385,0.0471,0.2786,0.203,0.014,0.0549
CT003101,Zone_10,Zone_08,0.2917,0.0833,0.0,0.0833,0.125,0.2083,0.0,0.125,0.2917,0.0,0.0833
CT009349,Zone_08,Zone_07,0.2786,0.0627,0.0807,0.0945,0.1261,0.0385,0.0471,0.2786,0.203,0.014,0.0549
CT005311,Zone_08,Zone_07,0.3871,0.0571,0.0571,0.0546,0.1191,0.0372,0.0298,0.3871,0.201,0.0099,0.0471
CT003878,Zone_10,Zone_08,0.3019,0.0943,0.0472,0.1415,0.0566,0.0283,0.0189,0.217,0.3019,0.0566,0.0377
CT007244,Zone_06,Zone_07,0.2786,0.0627,0.0807,0.0945,0.1261,0.0385,0.0471,0.2786,0.203,0.014,0.0549
CT005176,Zone_02,Zone_07,0.6,0.0,0.0,0.0,0.4,0.0,0.0,0.6,0.0,0.0,0.0
CT004381,Zone_07,Zone_07,0.2706,0.0771,0.0717,0.0986,0.1452,0.0323,0.0305,0.2706,0.19,0.0125,0.0717
CT005124,Zone_07,Zone_07,0.4286,0.0952,0.0,0.0952,0.0476,0.0,0.0476,0.4286,0.2857,0.0,0.0
CT018221,Zone_08,Zone_07,0.3941,0.0632,0.052,0.0595,0.145,0.0372,0.0297,0.3941,0.1375,0.0074,0.0743
CT012946,Zone_08,Zone_07,0.2786,0.0627,0.0807,0.0945,0.1261,0.0385,0.0471,0.2786,0.203,0.014,0.0549
CT016960,Zone_01,Zone_07,0.2786,0.0627,0.0807,0.0945,0.1261,0.0385,0.0471,0.2786,0.203,0.014,0.0549
CT019726,Zone_07,Zone_04,0.3333,0.0,0.0741,0.1852,0.3333,0.037,0.0,0.037,0.2222,0.0,0.1111
CT006830,Zone_07,Zone_08,0.3281,0.0391,0.0391,0.1641,0.1406,0.0312,0.0547,0.1016,0.3281,0.0078,0.0938
CT005721,Zone_07,Zone_07,0.3085,0.0638,0.1383,0.0532,0.0745,0.0426,0.0426,0.3085,0.234,0.0,0.0426
CT006154,Zone_04,Zone_08,0.4,0.0333,0.1,0.1,0.0,0.0333,0.0333,0.2,0.4,0.0333,0.0667
CT016577,Zone_02,Zone_01,0.4286,0.4286,0.0,0.2857,0.0,0.0,0.0,0.1429,0.0,0.0,0.1429
CT017948,Zone_07,Zone_08,0.2571,0.0707,0.0511,0.0797,0.1564,0.0496,0.0406,0.2256,0.2571,0.012,0.0571
CT014479,Zone_02,Zone_07,0.2786,0.0627,0.0807,0.0945,0.1261,0.0385,0.0471,0.2786,0.203,0.014,0.0549
CT018457,Zone_07,Zone_07,0.2786,0.0627,0.0807,0.0945,0.1261,0.0385,0.0471,0.2786,0.203,0.014,0.0549
CT016194,Zone_07,Zone_07,1.0,0.0,0.0,0.0,0.0,0.0,0.0,1.0,0.0,0.0,0.0
CT000449,Zone_02,Zone_07,0.323,0.0431,0.0781,0.0956,0.1211,0.039,0.0256,0.323,0.1965,0.0108,0.0673
CT014471,Zone_04,Zone_07,0.4643,0.0,0.1071,0.1071,0.0,0.0357,0.0357,0.4643,0.1786,0.0,0.0714
CT013607,Zone_02,Zone_07,0.3228,0.0582,0.0741,0.0917,0.1429,0.0247,0.0406,0.3228,0.1817,0.0106,0.0529
CT002325,Zone_04,Zone_08,0.2094,0.0942,0.0942,0.0942,0.1466,0.0681,0.0314,0.1466,0.2094,0.0105,0.1047
CT012478,Zone_07,Zone_07,0.3228,0.0582,0.0741,0.0917,0.1429,0.0247,0.0406,0.3228,0.1817,0.0106,0.0529
CT001504,Zone_08,Zone_07,0.3404,0.0638,0.1489,0.0638,0.1702,0.0,0.0,0.3404,0.1915,0.0,0.0213
CT005857,Zone_08,Zone_07,0.2706,0.0771,0.0717,0.0986,0.1452,0.0323,0.0305,0.2706,0.19,0.0125,0.0717
CT016111,Zone_07,Zone_07,0.3228,0.0582,0.0741,0.0917,0.1429,0.0247,0.0406,0.3228,0.1817,0.0106,0.0529
CT016031,Zone_06,Zone_07,0.3235,0.0686,0.076,0.076,0.1397,0.0392,0.0343,0.3235,0.1716,0.0196,0.0515
CT000905,Zone_10,Zone_07,0.2786,0.0627,0.0807,0.0945,0.1261,0.0385,0.0471,0.2786,0.203,0.014,0.0549
CT005943,Zone_03,Zone_07,0.2786,0.0627,0.0807,0.0945,0.1261,0.0385,0.0471,0.2786,0.203,0.014,0.0549
CT012071,Zone_08,Zone_07,0.3913,0.0,0.0435,0.0,0.1304,0.0,0.1304,0.3913,0.3043,0.0,0.0
CT000323,Zone_04,Zone_08,0.3529,0.0588,0.0,0.0588,0.2941,0.0588,0.0,0.1176,0.3529,0.0,0.0588
CT001157,Zone_02,Zone_07,0.2786,0.0627,0.0807,0.0945,0.1261,0.0385,0.0471,0.2786,0.203,0.014,0.0549
CT005493,Zone_04,Zone_08,1.0,0.0,0.0,0.0,0.0,0.0,0.0,0.0,1.0,0.0,0.0
CT007378,Zone_10,Zone_08,0.268,0.0784,0.0458,0.0719,0.1503,0.0719,0.0196,0.2418,0.268,0.0131,0.0392
CT003482,Zone_08,Zone_07,0.2786,0.0627,0.0807,0.0945,0.1261,0.0385,0.0471,0.2786,0.203,0.014,0.0549
CT019914,Zone_07,Zone_07,0.3871,0.0571,0.0571,0.0546,0.1191,0.0372,0.0298,0.3871,0.201,0.0099,0.0471
CT003835,Zone_04,Zone_07,0.3941,0.0632,0.052,0.0595,0.145,0.0372,0.0297,0.3941,0.1375,0.0074,0.0743
CT002007,Zone_08,Zone_07,0.3941,0.0632,0.052,0.0595,0.145,0.0372,0.0297,0.3941,0.1375,0.0074,0.0743
CT016549,Zone_01,Zone_08,0.4909,0.0545,0.0727,0.0364,0.0727,0.0,0.0364,0.1091,0.4909,0.0,0.1273
CT013072,Zone_03,Zone_07,0.2786,0.0627,0.0807,0.0945,0.1261,0.0385,0.0471,0.2786,0.203,0.014,0.0549
CT013545,Zone_03,Zone_07,0.2706,0.0771,0.0717,0.0986,0.1452,0.0323,0.0305,0.2706,0.19,0.0125,0.0717
CT003928,Zone_07,Zone_07,0.3871,0.0571,0.0571,0.0546,0.1191,0.0372,0.0298,0.3871,0.201,0.0099,0.0471
CT008150,Zone_03,Zone_02,0.2432,0.1351,0.2432,0.1351,0.1081,0.0,0.1081,0.0811,0.1081,0.027,0.0541
CT019775,Zone_02,Zone_07,0.2786,0.0627,0.0807,0.0945,0.1261,0.0385,0.0471,0.2786,0.203,0.014,0.0549
CT000945,Zone_08,Zone_07,0.3247,0.0515,0.0979,0.0773,0.0773,0.0309,0.0155,0.3247,0.2474,0.0052,0.0722
CT007564,Zone_08,Zone_07,0.875,0.0,0.125,0.0,0.0,0.0,0.0,0.875,0.0,0.0,0.0
CT012491,Zone_02,Zone_07,0.2786,0.0627,0.0807,0.0945,0.1261,0.0385,0.0471,0.2786,0.203,0.014,0.0549
CT018986,Zone_08,Zone_07,0.3166,0.0452,0.0754,0.0905,0.1055,0.0151,0.0603,0.3166,0.2412,0.005,0.0452
CT017214,Zone_10,Zone_08,1.0,0.0,0.0,0.0,0.0,0.0,0.0,0.0,1.0,0.0,0.0
CT007687,Zone_08,Zone_08,0.3529,0.0588,0.0,0.0588,0.2941,0.0588,0.0,0.1176,0.3529,0.0,0.0588
CT018863,Zone_06,Zone_04,0.4286,0.1429,0.0,0.0,0.4286,0.0,0.0,0.1429,0.2857,0.0,0.0
CT012421,Zone_04,Zone_07,0.2786,0.0627,0.0807,0.0945,0.1261,0.0385,0.0471,0.2786,0.203,0.014,0.0549
CT013254,Zone_04,Zone_08,0.2571,0.0707,0.0511,0.0797,0.1564,0.0496,0.0406,0.2256,0.2571,0.012,0.0571
CT005430,Zone_07,Zone_07,0.2786,0.0627,0.0807,0.0945,0.1261,0.0385,0.0471,0.2786,0.203,0.014,0.0549
CT008873,Zone_02,Zone_07,0.2786,0.0627,0.0807,0.0945,0.1261,0.0385,0.0471,0.2786,0.203,0.014,0.0549
CT002859,Zone_07,Zone_07,0.4627,0.0149,0.0299,0.0746,0.0448,0.0448,0.0299,0.4627,0.194,0.0,0.1045
CT015523,Zone_08,Zone_07,0.2786,0.0627,0.0807,0.0945,0.1261,0.0385,0.0471,0.2786,0.203,0.014,0.0549
CT006790,Zone_07,Zone_08,0.2812,0.0536,0.0804,0.1071,0.0848,0.0357,0.067,0.2277,0.2812,0.0,0.0625
CT012756,Zone_07,Zone_07,0.266,0.0496,0.1064,0.0922,0.1206,0.039,0.0532,0.266,0.2021,0.0035,0.0674
CT005995,Zone_07,Zone_07,0.2706,0.0771,0.0717,0.0986,0.1452,0.0323,0.0305,0.2706,0.19,0.0125,0.0717
CT001852,Zone_06,Zone_05,0.25,0.0,0.125,0.0,0.125,0.25,0.125,0.125,0.25,0.0,0.0
CT011924,Zone_07,Zone_07,0.2786,0.0627,0.0807,0.0945,0.1261,0.0385,0.0471,0.2786,0.203,0.014,0.0549
CT012657,Zone_01,Zone_03,0.3333,0.0,0.0,0.3333,0.0,0.0,0.0,0.3333,0.0,0.0,0.3333
CT005069,Zone_04,Zone_03,0.2581,0.0,0.1935,0.2581,0.1935,0.0,0.0,0.1613,0.1935,0.0,0.0
CT011977,Zone_02,Zone_08,0.268,0.0784,0.0458,0.0719,0.1503,0.0719,0.0196,0.2418,0.268,0.0131,0.0392
CT006246,Zone_03,Zone_02,0.4,0.0,0.4,0.2,0.0,0.0,0.0,0.0,0.4,0.0,0.0
CT006507,Zone_10,Zone_08,0.7143,0.0,0.1429,0.1429,0.0,0.0,0.0,0.0,0.7143,0.0,0.0
CT005162,Zone_10,Zone_07,0.875,0.0,0.0,0.0,0.0,0.125,0.0,0.875,0.0,0.0,0.0
CT014491,Zone_07,Zone_07,0.3074,0.0649,0.026,0.1126,0.1472,0.0216,0.039,0.3074,0.1861,0.0087,0.0866
CT013325,Zone_08,Zone_07,0.2786,0.0627,0.0807,0.0945,0.1261,0.0385,0.0471,0.2786,0.203,0.014,0.0549
CT007179,Zone_06,Zone_04,0.2651,0.0602,0.0361,0.1205,0.2651,0.0241,0.0,0.241,0.2169,0.0,0.0361
CT011619,Zone_04,Zone_07,0.323,0.0431,0.0781,0.0956,0.1211,0.039,0.0256,0.323,0.1965,0.0108,0.0673
CT007146,Zone_08,Zone_07,0.2786,0.0627,0.0807,0.0945,0.1261,0.0385,0.0471,0.2786,0.203,0.014,0.0549
CT011566,Zone_08,Zone_07,0.4286,0.0952,0.0,0.0952,0.0476,0.0,0.0476,0.4286,0.2857,0.0,0.0
CT007972,Zone_03,Zone_08,0.3247,0.0909,0.1299,0.0779,0.1169,0.026,0.026,0.1558,0.3247,0.013,0.039
CT015265,Zone_01,Zone_08,0.3636,0.0,0.0909,0.1818,0.0909,0.0455,0.0455,0.1364,0.3636,0.0,0.0455
CT007331,Zone_01,Zone_08,0.2571,0.0707,0.0511,0.0797,0.1564,0.0496,0.0406,0.2256,0.2571,0.012,0.0571
CT005894,Zone_07,Zone_07,0.266,0.0496,0.1064,0.0922,0.1206,0.039,0.0532,0.266,0.2021,0.0035,0.0674
CT005198,Zone_04,Zone_08,0.3019,0.0943,0.0472,0.1415,0.0566,0.0283,0.0189,0.217,0.3019,0.0566,0.0377
CT017210,Zone_08,Zone_07,0.2786,0.0627,0.0807,0.0945,0.1261,0.0385,0.0471,0.2786,0.203,0.014,0.0549
CT013403,Zone_05,Zone_07,0.2786,0.0627,0.0807,0.0945,0.1261,0.0385,0.0471,0.2786,0.203,0.014,0.0549
CT018621,Zone_01,Zone_08,0.2222,0.0556,0.0556,0.0778,0.1111,0.0778,0.1444,0.2111,0.2222,0.0111,0.0333
CT017965,Zone_08,Zone_07,0.5714,0.0,0.0,0.0,0.0,0.0,0.1429,0.5714,0.2857,0.0,0.0
CT018602,Zone_04,Zone_04,0.3333,0.1667,0.1667,0.0,0.3333,0.0,0.1667,0.0,0.1667,0.0,0.0
CT003222,Zone_07,Zone_01,0.2,0.2,0.2,0.0,0.0,0.2,0.0,0.2,0.2,0.0,0.0
CT009428,Zone_08,Zone_07,0.2786,0.0627,0.0807,0.0945,0.1261,0.0385,0.0471,0.2786,0.203,0.014,0.0549
CT014465,Zone_07,Zone_07,0.5556,0.0,0.1111,0.0,0.0,0.1111,0.1111,0.5556,0.0,0.0,0.1111
CT007358,Zone_03,Zone_07,0.3118,0.0753,0.043,0.1075,0.086,0.0323,0.0323,0.3118,0.2796,0.0215,0.0108
CT017757,Zone_05,Zone_07,0.3228,0.0582,0.0741,0.0917,0.1429,0.0247,0.0406,0.3228,0.1817,0.0106,0.0529
CT015760,Zone_04,Zone_08,0.2812,0.0536,0.0804,0.1071,0.0848,0.0357,0.067,0.2277,0.2812,0.0,0.0625
CT014915,Zone_02,Zone_07,0.2786,0.0627,0.0807,0.0945,0.1261,0.0385,0.0471,0.2786,0.203,0.014,0.0549
CT009571,Zone_03,Zone_10,0.3333,0.2222,0.0,0.0,0.0,0.0,0.1111,0.1111,0.2222,0.0,0.3333
CT003249,Zone_07,Zone_07,0.323,0.0431,0.0781,0.0956,0.1211,0.039,0.0256,0.323,0.1965,0.0108,0.0673
CT008509,Zone_10,Zone_07,0.2786,0.0627,0.0807,0.0945,0.1261,0.0385,0.0471,0.2786,0.203,0.014,0.0549
CT000005,Zone_03,Zone_02,0.2632,0.0789,0.2632,0.1053,0.1053,0.0526,0.0263,0.1053,0.2105,0.0,0.0526
CT018746,Zone_06,Zone_07,0.2647,0.1176,0.0882,0.0882,0.2059,0.0294,0.0294,0.2647,0.1176,0.0,0.0588
CT007792,Zone_07,Zone_07,0.2706,0.0771,0.0717,0.0986,0.1452,0.0323,0.0305,0.2706,0.19,0.0125,0.0717
CT002166,Zone_04,Zone_07,0.2786,0.0627,0.0807,0.0945,0.1261,0.0385,0.0471,0.2786,0.203,0.014,0.0549
CT006509,Zone_08,Zone_08,0.268,0.0784,0.0458,0.0719,0.1503,0.0719,0.0196,0.2418,0.268,0.0131,0.0392
CT019399,Zone_07,Zone_07,0.3871,0.0571,0.0571,0.0546,0.1191,0.0372,0.0298,0.3871,0.201,0.0099,0.0471
CT010696,Zone_03,Zone_07,0.3074,0.0649,0.026,0.1126,0.1472,0.0216,0.039,0.3074,0.1861,0.0087,0.0866
CT016010,Zone_08,Zone_08,0.8889,0.0,0.0,0.0,0.1111,0.0,0.0,0.0,0.8889,0.0,0.0
CT015749,Zone_07,Zone_02,0.8,0.0,0.8,0.0,0.0,0.2,0.0,0.0,0.0,0.0,0.0
CT002380,Zone_08,Zone_10,0.375,0.0,0.125,0.125,0.0,0.125,0.0,0.125,0.125,0.0,0.375
CT007380,Zone_04,Zone_08,0.3636,0.0,0.0909,0.1818,0.0909,0.0455,0.0455,0.1364,0.3636,0.0,0.0455
CT003431,Zone_07,Zone_08,0.2821,0.0769,0.1538,0.1795,0.0769,0.0,0.0513,0.1282,0.2821,0.0256,0.0256
CT010648,Zone_07,Zone_08,0.4444,0.1111,0.0,0.0,0.2222,0.0,0.0,0.2222,0.4444,0.0,0.0
CT009684,Zone_04,Zone_07,0.6,0.0,0.0,0.0,0.4,0.0,0.0,0.6,0.0,0.0,0.0
CT004369,Zone_03,Zone_07,0.2786,0.0627,0.0807,0.0945,0.1261,0.0385,0.0471,0.2786,0.203,0.014,0.0549
CT006612,Zone_04,Zone_03,0.4444,0.0,0.1111,0.4444,0.1111,0.1111,0.0,0.0,0.2222,0.0,0.0
CT019460,Zone_04,Zone_07,0.2786,0.0627,0.0807,0.0945,0.1261,0.0385,0.0471,0.2786,0.203,0.014,0.0549
CT011226,Zone_04,Zone_07,0.2786,0.0627,0.0807,0.0945,0.1261,0.0385,0.0471,0.2786,0.203,0.014,0.0549
CT006155,Zone_08,Zone_08,0.3611,0.0556,0.0556,0.0833,0.1667,0.0278,0.0278,0.1111,0.3611,0.0556,0.0556
CT004464,Zone_10,Zone_07,0.2786,0.0627,0.0807,0.0945,0.1261,0.0385,0.0471,0.2786,0.203,0.014,0.0549
CT017139,Zone_08,Zone_07,0.3228,0.0582,0.0741,0.0917,0.1429,0.0247,0.0406,0.3228,0.1817,0.0106,0.0529
CT009782,Zone_07,Zone_07,0.2786,0.0627,0.0807,0.0945,0.1261,0.0385,0.0471,0.2786,0.203,0.014,0.0549
CT008926,Zone_08,Zone_08,0.5714,0.0,0.4286,0.0,0.0,0.0,0.0,0.0,0.5714,0.0,0.0
CT002224,Zone_01,Zone_08,0.381,0.0952,0.0159,0.0159,0.127,0.0794,0.0635,0.2063,0.381,0.0,0.0159
CT005660,Zone_07,Zone_08,0.2821,0.0769,0.1538,0.1795,0.0769,0.0,0.0513,0.1282,0.2821,0.0256,0.0256
CT007429,Zone_08,Zone_08,0.4348,0.087,0.0435,0.0435,0.1304,0.1304,0.087,0.0,0.4348,0.0,0.0435
CT012020,Zone_01,Zone_07,0.2786,0.0627,0.0807,0.0945,0.1261,0.0385,0.0471,0.2786,0.203,0.014,0.0549
CT007212,Zone_07,Zone_02,0.6,0.2,0.6,0.0,0.0,0.0,0.0,0.2,0.0,0.0,0.0
CT012522,Zone_07,Zone_07,0.3085,0.0638,0.1383,0.0532,0.0745,0.0426,0.0426,0.3085,0.234,0.0,0.0426
CT012270,Zone_03,Zone_07,0.3247,0.0515,0.0979,0.0773,0.0773,0.0309,0.0155,0.3247,0.2474,0.0052,0.0722
CT015148,Zone_10,Zone_02,0.4,0.0,0.4,0.0,0.0,0.0,0.0,0.4,0.2,0.0,0.0
CT018124,Zone_01,Zone_08,0.6667,0.0,0.0,0.1667,0.0,0.0,0.1667,0.0,0.6667,0.0,0.0
CT016747,Zone_03,Zone_07,0.2786,0.0627,0.0807,0.0945,0.1261,0.0385,0.0471,0.2786,0.203,0.014,0.0549
CT015415,Zone_04,Zone_07,0.2786,0.0627,0.0807,0.0945,0.1261,0.0385,0.0471,0.2786,0.203,0.014,0.0549
CT003419,Zone_02,Zone_07,0.25,0.0625,0.1875,0.125,0.1875,0.0,0.0,0.25,0.125,0.0,0.0625
CT009333,Zone_05,Zone_08,0.2812,0.0536,0.0804,0.1071,0.0848,0.0357,0.067,0.2277,0.2812,0.0,0.0625
CT000903,Zone_02,Zone_07,0.3235,0.0686,0.076,0.076,0.1397,0.0392,0.0343,0.3235,0.1716,0.0196,0.0515
CT005022,Zone_07,Zone_07,0.6,0.0,0.0,0.0,0.0,0.0,0.0,0.6,0.4,0.0,0.0
CT014665,Zone_02,Zone_04,0.2857,0.0952,0.0,0.0476,0.2857,0.0,0.0,0.2857,0.1429,0.0,0.1429
CT019813,Zone_07,Zone_07,0.2786,0.0627,0.0807,0.0945,0.1261,0.0385,0.0471,0.2786,0.203,0.014,0.0549
CT018317,Zone_02,Zone_08,0.2571,0.0707,0.0511,0.0797,0.1564,0.0496,0.0406,0.2256,0.2571,0.012,0.0571
CT016715,Zone_03,Zone_07,0.7,0.0,0.0,0.1,0.1,0.1,0.0,0.7,0.0,0.0,0.0
CT008803,Zone_03,Zone_08,0.2571,0.0707,0.0511,0.0797,0.1564,0.0496,0.0406,0.2256,0.2571,0.012,0.0571
CT000991,Zone_08,Zone_07,0.2786,0.0627,0.0807,0.0945,0.1261,0.0385,0.0471,0.2786,0.203,0.014,0.0549
CT001705,Zone_08,Zone_07,0.2786,0.0627,0.0807,0.0945,0.1261,0.0385,0.0471,0.2786,0.203,0.014,0.0549
CT003079,Zone_08,Zone_07,0.3166,0.0452,0.0754,0.0905,0.1055,0.0151,0.0603,0.3166,0.2412,0.005,0.0452
CT009811,Zone_04,Zone_03,0.3333,0.1667,0.0,0.3333,0.3333,0.1667,0.0,0.0,0.0,0.0,0.0
CT016070,Zone_02,Zone_08,0.2571,0.0707,0.0511,0.0797,0.1564,0.0496,0.0406,0.2256,0.2571,0.012,0.0571
CT015931,Zone_07,Zone_02,0.2632,0.0526,0.2632,0.0,0.0526,0.0526,0.0526,0.2632,0.0526,0.0,0.2105
CT001996,Zone_07,Zone_08,0.2571,0.0707,0.0511,0.0797,0.1564,0.0496,0.0406,0.2256,0.2571,0.012,0.0571
CT006252,Zone_01,Zone_07,0.4286,0.0571,0.0857,0.1429,0.1143,0.0857,0.0571,0.4286,0.0286,0.0,0.0
CT006287,Zone_07,Zone_07,0.8571,0.0,0.0,0.0,0.0,0.0,0.1429,0.8571,0.0,0.0,0.0
CT005405,Zone_08,Zone_08,0.3663,0.0594,0.0792,0.0792,0.0693,0.0693,0.0594,0.0891,0.3663,0.0198,0.1089
CT000031,Zone_07,Zone_07,0.3228,0.0582,0.0741,0.0917,0.1429,0.0247,0.0406,0.3228,0.1817,0.0106,0.0529
CT009282,Zone_09,Zone_08,0.2571,0.0707,0.0511,0.0797,0.1564,0.0496,0.0406,0.2256,0.2571,0.012,0.0571
CT001138,Zone_08,Zone_07,0.3871,0.0571,0.0571,0.0546,0.1191,0.0372,0.0298,0.3871,0.201,0.0099,0.0471
CT015859,Zone_08,Zone_07,0.2786,0.0627,0.0807,0.0945,0.1261,0.0385,0.0471,0.2786,0.203,0.014,0.0549
CT013776,Zone_05,Zone_07,0.2786,0.0627,0.0807,0.0945,0.1261,0.0385,0.0471,0.2786,0.203,0.014,0.0549
CT012900,Zone_04,Zone_07,0.323,0.0431,0.0781,0.0956,0.1211,0.039,0.0256,0.323,0.1965,0.0108,0.0673
CT000759,Zone_02,Zone_07,0.2786,0.0627,0.0807,0.0945,0.1261,0.0385,0.0471,0.2786,0.203,0.014,0.0549
CT012802,Zone_08,Zone_07,0.2786,0.0627,0.0807,0.0945,0.1261,0.0385,0.0471,0.2786,0.203,0.014,0.0549
CT019379,Zone_07,Zone_08,0.3247,0.0909,0.1299,0.0779,0.1169,0.026,0.026,0.1558,0.3247,0.013,0.039
CT006143,Zone_03,Zone_07,0.2786,0.0627,0.0807,0.0945,0.1261,0.0385,0.0471,0.2786,0.203,0.014,0.0549
CT014097,Zone_07,Zone_07,0.2786,0.0627,0.0807,0.0945,0.1261,0.0385,0.0471,0.2786,0.203,0.014,0.0549
CT005151,Zone_08,Zone_07,0.323,0.0431,0.0781,0.0956,0.1211,0.039,0.0256,0.323,0.1965,0.0108,0.0673
CT013412,Zone_04,Zone_07,0.2786,0.0627,0.0807,0.0945,0.1261,0.0385,0.0471,0.2786,0.203,0.014,0.0549
CT010336,Zone_10,Zone_07,0.2786,0.0627,0.0807,0.0945,0.1261,0.0385,0.0471,0.2786,0.203,0.014,0.0549
CT003780,Zone_10,Zone_07,0.2786,0.0627,0.0807,0.0945,0.1261,0.0385,0.0471,0.2786,0.203,0.014,0.0549
CT018908,Zone_01,Zone_07,0.5,0.25,0.25,0.0,0.0,0.0,0.0,0.5,0.0,0.0,0.0
CT019784,Zone_04,Zone_07,0.2786,0.0627,0.0807,0.0945,0.1261,0.0385,0.0471,0.2786,0.203,0.014,0.0549
CT017781,Zone_01,Zone_07,0.3228,0.0582,0.0741,0.0917,0.1429,0.0247,0.0406,0.3228,0.1817,0.0106,0.0529
CT015502,Zone_10,Zone_07,0.3074,0.0649,0.026,0.1126,0.1472,0.0216,0.039,0.3074,0.1861,0.0087,0.0866
CT005780,Zone_03,Zone_07,0.3247,0.0515,0.0979,0.0773,0.0773,0.0309,0.0155,0.3247,0.2474,0.0052,0.0722
CT007980,Zone_08,Zone_07,0.3871,0.0571,0.0571,0.0546,0.1191,0.0372,0.0298,0.3871,0.201,0.0099,0.0471
CT019464,Zone_02,Zone_07,0.2786,0.0627,0.0807,0.0945,0.1261,0.0385,0.0471,0.2786,0.203,0.014,0.0549
CT014924,Zone_04,Zone_07,0.3228,0.0582,0.0741,0.0917,0.1429,0.0247,0.0406,0.3228,0.1817,0.0106,0.0529
CT013356,Zone_07,Zone_07,0.3913,0.0,0.0435,0.0,0.1304,0.0,0.1304,0.3913,0.3043,0.0,0.0
CT018388,Zone_04,Zone_07,0.2786,0.0627,0.0807,0.0945,0.1261,0.0385,0.0471,0.2786,0.203,0.014,0.0549
CT018198,Zone_02,Zone_08,0.2812,0.0536,0.0804,0.1071,0.0848,0.0357,0.067,0.2277,0.2812,0.0,0.0625
CT018395,Zone_04,Zone_07,0.3228,0.0582,0.0741,0.0917,0.1429,0.0247,0.0406,0.3228,0.1817,0.0106,0.0529
CT006788,Zone_07,Zone_07,0.2786,0.0627,0.0807,0.0945,0.1261,0.0385,0.0471,0.2786,0.203,0.014,0.0549
CT019905,Zone_07,Zone_07,0.2786,0.0627,0.0807,0.0945,0.1261,0.0385,0.0471,0.2786,0.203,0.014,0.0549
CT014401,Zone_03,Zone_07,0.2786,0.0627,0.0807,0.0945,0.1261,0.0385,0.0471,0.2786,0.203,0.014,0.0549
CT001327,Zone_05,Zone_08,0.3247,0.0909,0.1299,0.0779,0.1169,0.026,0.026,0.1558,0.3247,0.013,0.039
CT006470,Zone_07,Zone_08,0.3281,0.0391,0.0391,0.1641,0.1406,0.0312,0.0547,0.1016,0.3281,0.0078,0.0938
CT014785,Zone_03,Zone_08,0.2571,0.0707,0.0511,0.0797,0.1564,0.0496,0.0406,0.2256,0.2571,0.012,0.0571
CT012908,Zone_08,Zone_08,0.5455,0.2727,0.0,0.0,0.0909,0.0,0.0,0.0,0.5455,0.0,0.0909
CT007713,Zone_08,Zone_07,0.2786,0.0627,0.0807,0.0945,0.1261,0.0385,0.0471,0.2786,0.203,0.014,0.0549
CT015216,Zone_08,Zone_07,0.2786,0.0627,0.0807,0.0945,0.1261,0.0385,0.0471,0.2786,0.203,0.014,0.0549
CT009329,Zone_02,Zone_07,0.3085,0.0638,0.1383,0.0532,0.0745,0.0426,0.0426,0.3085,0.234,0.0,0.0426
CT007402,Zone_04,Zone_07,0.2786,0.0627,0.0807,0.0945,0.1261,0.0385,0.0471,0.2786,0.203,0.014,0.0549
CT008044,Zone_08,Zone_08,0.425,0.1,0.075,0.025,0.1,0.0,0.075,0.125,0.425,0.0,0.075
CT004985,Zone_04,Zone_08,0.2571,0.0707,0.0511,0.0797,0.1564,0.0496,0.0406,0.2256,0.2571,0.012,0.0571
CT003653,Zone_04,Zone_04,0.5,0.0,0.0,0.1667,0.5,0.0,0.0,0.1667,0.0,0.1667,0.0
CT011770,Zone_01,Zone_07,0.2786,0.0627,0.0807,0.0945,0.1261,0.0385,0.0471,0.2786,0.203,0.014,0.0549
CT014639,Zone_04,Zone_07,0.3228,0.0582,0.0741,0.0917,0.1429,0.0247,0.0406,0.3228,0.1817,0.0106,0.0529
CT017343,Zone_01,Zone_07,0.3228,0.0582,0.0741,0.0917,0.1429,0.0247,0.0406,0.3228,0.1817,0.0106,0.0529
CT014870,Zone_04,Zone_07,0.2786,0.0627,0.0807,0.0945,0.1261,0.0385,0.0471,0.2786,0.203,0.014,0.0549
CT004622,Zone_10,Zone_07,0.3247,0.0515,0.0979,0.0773,0.0773,0.0309,0.0155,0.3247,0.2474,0.0052,0.0722
CT012448,Zone_08,Zone_08,0.2222,0.0556,0.0556,0.0778,0.1111,0.0778,0.1444,0.2111,0.2222,0.0111,0.0333
CT017939,Zone_05,Zone_07,0.3074,0.0649,0.026,0.1126,0.1472,0.0216,0.039,0.3074,0.1861,0.0087,0.0866
CT005115,Zone_03,Zone_07,0.2786,0.0627,0.0807,0.0945,0.1261,0.0385,0.0471,0.2786,0.203,0.014,0.0549
CT011065,Zone_01,Zone_08,0.4667,0.0,0.0667,0.2,0.0,0.0,0.0667,0.0,0.4667,0.0,0.2
CT019403,Zone_07,Zone_07,0.2786,0.0627,0.0807,0.0945,0.1261,0.0385,0.0471,0.2786,0.203,0.014,0.0549
CT006395,Zone_08,Zone_08,0.4375,0.0312,0.0625,0.0,0.25,0.0,0.0312,0.125,0.4375,0.0312,0.0312
CT003543,Zone_07,Zone_03,0.375,0.0,0.0,0.375,0.125,0.0,0.0,0.125,0.25,0.0,0.125
CT008129,Zone_07,Zone_07,0.2786,0.0627,0.0807,0.0945,0.1261,0.0385,0.0471,0.2786,0.203,0.014,0.0549
CT009201,Zone_03,Zone_08,0.2812,0.0536,0.0804,0.1071,0.0848,0.0357,0.067,0.2277,0.2812,0.0,0.0625
CT019476,Zone_07,Zone_08,0.3333,0.1667,0.0,0.0,0.0,0.0,0.0,0.1667,0.3333,0.0,0.3333
CT007403,Zone_04,Zone_08,0.5,0.0,0.0,0.1,0.2,0.0,0.1,0.1,0.5,0.0,0.0
CT008439,Zone_10,Zone_07,0.2786,0.0627,0.0807,0.0945,0.1261,0.0385,0.0471,0.2786,0.203,0.014,0.0549
CT014041,Zone_08,Zone_07,0.3074,0.0649,0.026,0.1126,0.1472,0.0216,0.039,0.3074,0.1861,0.0087,0.0866
CT010184,Zone_02,Zone_07,0.2786,0.0627,0.0807,0.0945,0.1261,0.0385,0.0471,0.2786,0.203,0.014,0.0549
CT015178,Zone_02,Zone_04,0.3333,0.0,0.0,0.2222,0.3333,0.0,0.0,0.3333,0.0,0.0,0.1111
CT011397,Zone_07,Zone_01,0.4,0.4,0.2,0.0,0.0,0.0,0.0,0.4,0.0,0.0,0.0
CT007431,Zone_07,Zone_07,0.323,0.0431,0.0781,0.0956,0.1211,0.039,0.0256,0.323,0.1965,0.0108,0.0673
CT011211,Zone_08,Zone_07,0.2786,0.0627,0.0807,0.0945,0.1261,0.0385,0.0471,0.2786,0.203,0.014,0.0549
CT017611,Zone_02,Zone_01,0.7143,0.7143,0.1429,0.0,0.0,0.1429,0.0,0.0,0.0,0.0,0.0
CT001338,Zone_08,Zone_07,0.4,0.0,0.0,0.0,0.2,0.0,0.1,0.4,0.3,0.0,0.0
CT012342,Zone_10,Zone_07,0.3077,0.1538,0.0,0.1538,0.0,0.0,0.0769,0.3077,0.1538,0.0,0.1538
CT014820,Zone_04,Zone_04,0.3333,0.0,0.1667,0.0,0.3333,0.1667,0.0,0.0,0.1667,0.0,0.1667
CT008215,Zone_04,Zone_08,0.3696,0.0217,0.0435,0.1087,0.0217,0.0217,0.0652,0.3043,0.3696,0.0217,0.0217
CT007786,Zone_10,Zone_07,0.4627,0.0149,0.0299,0.0746,0.0448,0.0448,0.0299,0.4627,0.194,0.0,0.1045
CT008881,Zone_08,Zone_07,0.3228,0.0582,0.0741,0.0917,0.1429,0.0247,0.0406,0.3228,0.1817,0.0106,0.0529
CT005319,Zone_08,Zone_07,0.3871,0.0571,0.0571,0.0546,0.1191,0.0372,0.0298,0.3871,0.201,0.0099,0.0471
CT010195,Zone_02,Zone_07,0.3228,0.0582,0.0741,0.0917,0.1429,0.0247,0.0406,0.3228,0.1817,0.0106,0.0529
CT018923,Zone_06,Zone_07,0.266,0.0496,0.1064,0.0922,0.1206,0.039,0.0532,0.266,0.2021,0.0035,0.0674
CT014414,Zone_07,Zone_07,0.3941,0.0632,0.052,0.0595,0.145,0.0372,0.0297,0.3941,0.1375,0.0074,0.0743
CT015525,Zone_08,Zone_08,0.2821,0.0769,0.1538,0.1795,0.0769,0.0,0.0513,0.1282,0.2821,0.0256,0.0256
CT007669,Zone_08,Zone_07,0.3125,0.0104,0.0417,0.1146,0.1354,0.0521,0.0208,0.3125,0.2708,0.0208,0.0208
CT019288,Zone_08,Zone_07,0.3143,0.0643,0.1143,0.05,0.1286,0.0286,0.0643,0.3143,0.2143,0.0071,0.0143
CT013639,Zone_07,Zone_07,0.2786,0.0627,0.0807,0.0945,0.1261,0.0385,0.0471,0.2786,0.203,0.014,0.0549
CT010859,Zone_07,Zone_07,0.2786,0.0627,0.0807,0.0945,0.1261,0.0385,0.0471,0.2786,0.203,0.014,0.0549
CT017423,Zone_04,Zone_07,0.3228,0.0582,0.0741,0.0917,0.1429,0.0247,0.0406,0.3228,0.1817,0.0106,0.0529
CT007202,Zone_04,Zone_02,0.4,0.0,0.4,0.0,0.2,0.2,0.0,0.0,0.2,0.0,0.0
CT010517,Zone_02,Zone_07,0.3941,0.0632,0.052,0.0595,0.145,0.0372,0.0297,0.3941,0.1375,0.0074,0.0743
CT010835,Zone_04,Zone_02,0.6,0.0,0.6,0.0,0.0,0.0,0.0,0.2,0.2,0.0,0.0
CT014592,Zone_10,Zone_07,0.2424,0.0455,0.0758,0.1364,0.1818,0.0758,0.0303,0.2424,0.1061,0.0,0.1061
CT000709,Zone_08,Zone_08,0.6,0.1,0.0,0.0,0.1,0.0,0.1,0.1,0.6,0.0,0.0
CT014021,Zone_07,Zone_07,0.2786,0.0627,0.0807,0.0945,0.1261,0.0385,0.0471,0.2786,0.203,0.014,0.0549
CT002030,Zone_08,Zone_07,0.2706,0.0771,0.0717,0.0986,0.1452,0.0323,0.0305,0.2706,0.19,0.0125,0.0717
CT009347,Zone_05,Zone_02,0.2432,0.1351,0.2432,0.1351,0.1081,0.0,0.1081,0.0811,0.1081,0.027,0.0541
CT007595,Zone_08,Zone_07,0.3871,0.0571,0.0571,0.0546,0.1191,0.0372,0.0298,0.3871,0.201,0.0099,0.0471
CT018707,Zone_07,Zone_07,0.323,0.0431,0.0781,0.0956,0.1211,0.039,0.0256,0.323,0.1965,0.0108,0.0673
CT014800,Zone_08,Zone_02,0.2,0.1,0.2,0.1,0.2,0.0,0.2,0.15,0.05,0.0,0.0
CT002394,Zone_02,Zone_07,0.3235,0.0686,0.076,0.076,0.1397,0.0392,0.0343,0.3235,0.1716,0.0196,0.0515
CT016550,Zone_08,Zone_08,0.3281,0.0391,0.0391,0.1641,0.1406,0.0312,0.0547,0.1016,0.3281,0.0078,0.0938
CT019566,Zone_07,Zone_07,0.2786,0.0627,0.0807,0.0945,0.1261,0.0385,0.0471,0.2786,0.203,0.014,0.0549
CT009444,Zone_04,Zone_04,0.2941,0.0294,0.1176,0.0588,0.2941,0.0588,0.1176,0.0882,0.1765,0.0294,0.0294
CT011697,Zone_08,Zone_07,0.2786,0.0627,0.0807,0.0945,0.1261,0.0385,0.0471,0.2786,0.203,0.014,0.0549
CT005582,Zone_05,Zone_07,0.323,0.0431,0.0781,0.0956,0.1211,0.039,0.0256,0.323,0.1965,0.0108,0.0673
CT015436,Zone_05,Zone_08,0.268,0.0784,0.0458,0.0719,0.1503,0.0719,0.0196,0.2418,0.268,0.0131,0.0392
CT017753,Zone_10,Zone_01,0.5,0.5,0.0,0.0,0.0,0.1667,0.0,0.3333,0.0,0.0,0.0
CT016697,Zone_01,Zone_07,0.2786,0.0627,0.0807,0.0945,0.1261,0.0385,0.0471,0.2786,0.203,0.014,0.0549
CT007268,Zone_08,Zone_08,0.2571,0.0707,0.0511,0.0797,0.1564,0.0496,0.0406,0.2256,0.2571,0.012,0.0571
CT018663,Zone_07,Zone_07,0.323,0.0431,0.0781,0.0956,0.1211,0.039,0.0256,0.323,0.1965,0.0108,0.0673
CT007168,Zone_01,Zone_08,0.2571,0.0707,0.0511,0.0797,0.1564,0.0496,0.0406,0.2256,0.2571,0.012,0.0571
CT000881,Zone_08,Zone_07,0.3166,0.0452,0.0754,0.0905,0.1055,0.0151,0.0603,0.3166,0.2412,0.005,0.0452
CT003613,Zone_08,Zone_04,0.4444,0.1111,0.0,0.2222,0.4444,0.0,0.0,0.1111,0.1111,0.0,0.0
CT010999,Zone_07,Zone_08,0.268,0.0784,0.0458,0.0719,0.1503,0.0719,0.0196,0.2418,0.268,0.0131,0.0392
CT007409,Zone_07,Zone_07,0.2786,0.0627,0.0807,0.0945,0.1261,0.0385,0.0471,0.2786,0.203,0.014,0.0549
CT011922,Zone_07,Zone_07,0.3074,0.0649,0.026,0.1126,0.1472,0.0216,0.039,0.3074,0.1861,0.0087,0.0866
CT006259,Zone_08,Zone_07,0.2786,0.0627,0.0807,0.0945,0.1261,0.0385,0.0471,0.2786,0.203,0.014,0.0549
CT000644,Zone_04,Zone_07,0.3166,0.0452,0.0754,0.0905,0.1055,0.0151,0.0603,0.3166,0.2412,0.005,0.0452
CT004803,Zone_02,Zone_08,0.5238,0.0476,0.1429,0.0476,0.0476,0.0,0.0476,0.0952,0.5238,0.0,0.0476
CT016945,Zone_10,Zone_10,0.3333,0.2222,0.0,0.0,0.0,0.0,0.1111,0.1111,0.2222,0.0,0.3333
CT019530,Zone_08,Zone_07,0.2786,0.0627,0.0807,0.0945,0.1261,0.0385,0.0471,0.2786,0.203,0.014,0.0549
CT015295,Zone_06,Zone_07,0.3228,0.0582,0.0741,0.0917,0.1429,0.0247,0.0406,0.3228,0.1817,0.0106,0.0529
CT014040,Zone_04,Zone_08,0.3281,0.0391,0.0391,0.1641,0.1406,0.0312,0.0547,0.1016,0.3281,0.0078,0.0938
CT007714,Zone_04,Zone_07,0.2786,0.0627,0.0807,0.0945,0.1261,0.0385,0.0471,0.2786,0.203,0.014,0.0549
CT016075,Zone_07,Zone_07,0.266,0.0496,0.1064,0.0922,0.1206,0.039,0.0532,0.266,0.2021,0.0035,0.0674
CT007307,Zone_02,Zone_08,0.3611,0.0556,0.0556,0.0833,0.1667,0.0278,0.0278,0.1111,0.3611,0.0556,0.0556
CT015205,Zone_01,Zone_07,0.323,0.0431,0.0781,0.0956,0.1211,0.039,0.0256,0.323,0.1965,0.0108,0.0673
CT010169,Zone_06,Zone_04,0.2651,0.0602,0.0361,0.1205,0.2651,0.0241,0.0,0.241,0.2169,0.0,0.0361
CT018937,Zone_03,Zone_08,0.4,0.2,0.2,0.0,0.2,0.0,0.0,0.0,0.4,0.0,0.0
CT000480,Zone_08,Zone_07,0.2647,0.1176,0.0882,0.0882,0.2059,0.0294,0.0294,0.2647,0.1176,0.0,0.0588
CT002533,Zone_08,Zone_04,0.375,0.0,0.0,0.25,0.375,0.125,0.0,0.0,0.25,0.0,0.0
CT000753,Zone_04,Zone_07,0.2786,0.0627,0.0807,0.0945,0.1261,0.0385,0.0471,0.2786,0.203,0.014,0.0549
CT016711,Zone_03,Zone_07,0.323,0.0431,0.0781,0.0956,0.1211,0.039,0.0256,0.323,0.1965,0.0108,0.0673
CT012337,Zone_03,Zone_07,0.8,0.0,0.2,0.0,0.0,0.0,0.0,0.8,0.0,0.0,0.0
CT008306,Zone_03,Zone_07,0.6,0.0,0.2,0.0,0.0,0.0,0.2,0.6,0.0,0.0,0.0
CT005387,Zone_03,Zone_03,0.25,0.0833,0.1667,0.25,0.0,0.1667,0.0,0.1667,0.0833,0.0833,0.0
CT007328,Zone_08,Zone_08,0.2727,0.1136,0.0455,0.0682,0.1818,0.0682,0.0,0.1364,0.2727,0.0227,0.0909
CT012255,Zone_02,Zone_04,0.2651,0.0602,0.0361,0.1205,0.2651,0.0241,0.0,0.241,0.2169,0.0,0.0361
CT003132,Zone_06,Zone_08,0.6667,0.0,0.0,0.1667,0.0,0.0,0.1667,0.0,0.6667,0.0,0.0
CT000947,Zone_08,Zone_08,0.2222,0.0556,0.0556,0.0778,0.1111,0.0778,0.1444,0.2111,0.2222,0.0111,0.0333
CT001520,Zone_01,Zone_07,0.2786,0.0627,0.0807,0.0945,0.1261,0.0385,0.0471,0.2786,0.203,0.014,0.0549
CT015335,Zone_04,Zone_07,0.3166,0.0452,0.0754,0.0905,0.1055,0.0151,0.0603,0.3166,0.2412,0.005,0.0452
CT005859,Zone_07,Zone_07,0.2786,0.0627,0.0807,0.0945,0.1261,0.0385,0.0471,0.2786,0.203,0.014,0.0549
CT012647,Zone_03,Zone_07,0.2786,0.0627,0.0807,0.0945,0.1261,0.0385,0.0471,0.2786,0.203,0.014,0.0549
CT006993,Zone_06,Zone_08,0.268,0.0784,0.0458,0.0719,0.1503,0.0719,0.0196,0.2418,0.268,0.0131,0.0392
CT002331,Zone_08,Zone_07,0.4359,0.0,0.0513,0.1026,0.1026,0.0513,0.0256,0.4359,0.1795,0.0256,0.0256
CT005246,Zone_08,Zone_08,0.6,0.0,0.0,0.0,0.2,0.0,0.0,0.0,0.6,0.2,0.0
CT008312,Zone_04,Zone_04,0.2651,0.0602,0.0361,0.1205,0.2651,0.0241,0.0,0.241,0.2169,0.0,0.0361
CT015726,Zone_04,Zone_07,0.323,0.0431,0.0781,0.0956,0.1211,0.039,0.0256,0.323,0.1965,0.0108,0.0673
CT004431,Zone_04,Zone_08,0.381,0.0952,0.0159,0.0159,0.127,0.0794,0.0635,0.2063,0.381,0.0,0.0159
CT012876,Zone_05,Zone_07,0.3247,0.0515,0.0979,0.0773,0.0773,0.0309,0.0155,0.3247,0.2474,0.0052,0.0722
CT011871,Zone_02,Zone_02,0.4,0.2,0.4,0.2,0.0,0.0,0.2,0.0,0.0,0.0,0.0
CT002207,Zone_07,Zone_07,0.2786,0.0627,0.0807,0.0945,0.1261,0.0385,0.0471,0.2786,0.203,0.014,0.0549
CT009552,Zone_03,Zone_07,0.323,0.0431,0.0781,0.0956,0.1211,0.039,0.0256,0.323,0.1965,0.0108,0.0673
CT001371,Zone_03,Zone_07,0.266,0.0496,0.1064,0.0922,0.1206,0.039,0.0532,0.266,0.2021,0.0035,0.0674
CT005652,Zone_08,Zone_07,0.2969,0.0625,0.1406,0.0469,0.0781,0.0625,0.0469,0.2969,0.1875,0.0,0.0781
CT011317,Zone_04,Zone_08,0.2821,0.0769,0.1538,0.1795,0.0769,0.0,0.0513,0.1282,0.2821,0.0256,0.0256
CT006018,Zone_07,Zone_07,0.3235,0.0686,0.076,0.076,0.1397,0.0392,0.0343,0.3235,0.1716,0.0196,0.0515
CT018231,Zone_02,Zone_07,0.2786,0.0627,0.0807,0.0945,0.1261,0.0385,0.0471,0.2786,0.203,0.014,0.0549
CT013022,Zone_08,Zone_07,0.3941,0.0632,0.052,0.0595,0.145,0.0372,0.0297,0.3941,0.1375,0.0074,0.0743
CT007135,Zone_04,Zone_07,0.3125,0.0104,0.0417,0.1146,0.1354,0.0521,0.0208,0.3125,0.2708,0.0208,0.0208
CT007067,Zone_08,Zone_03,0.25,0.0417,0.2083,0.25,0.0833,0.0417,0.0417,0.0833,0.1667,0.0,0.0833
CT005790,Zone_08,Zone_08,0.3281,0.0391,0.0391,0.1641,0.1406,0.0312,0.0547,0.1016,0.3281,0.0078,0.0938
CT013850,Zone_04,Zone_08,0.2571,0.0707,0.0511,0.0797,0.1564,0.0496,0.0406,0.2256,0.2571,0.012,0.0571
CT018493,Zone_02,Zone_08,0.3019,0.0943,0.0472,0.1415,0.0566,0.0283,0.0189,0.217,0.3019,0.0566,0.0377
CT009400,Zone_07,Zone_08,0.2571,0.0707,0.0511,0.0797,0.1564,0.0496,0.0406,0.2256,0.2571,0.012,0.0571
CT015890,Zone_03,Zone_07,0.2786,0.0627,0.0807,0.0945,0.1261,0.0385,0.0471,0.2786,0.203,0.014,0.0549
CT017302,Zone_05,Zone_07,0.2706,0.0771,0.0717,0.0986,0.1452,0.0323,0.0305,0.2706,0.19,0.0125,0.0717
CT001344,Zone_07,Zone_08,0.5,0.0,0.0,0.0,0.0,0.1667,0.1667,0.1667,0.5,0.0,0.0
CT006939,Zone_02,Zone_07,0.3125,0.0104,0.0417,0.1146,0.1354,0.0521,0.0208,0.3125,0.2708,0.0208,0.0208
CT015990,Zone_08,Zone_07,0.2786,0.0627,0.0807,0.0945,0.1261,0.0385,0.0471,0.2786,0.203,0.014,0.0549
CT018258,Zone_08,Zone_07,0.3125,0.0104,0.0417,0.1146,0.1354,0.0521,0.0208,0.3125,0.2708,0.0208,0.0208
CT019804,Zone_08,Zone_07,0.3228,0.0582,0.0741,0.0917,0.1429,0.0247,0.0406,0.3228,0.1817,0.0106,0.0529
CT000387,Zone_07,Zone_07,0.323,0.0431,0.0781,0.0956,0.1211,0.039,0.0256,0.323,0.1965,0.0108,0.0673
CT018693,Zone_08,Zone_07,0.2786,0.0627,0.0807,0.0945,0.1261,0.0385,0.0471,0.2786,0.203,0.014,0.0549
CT014965,Zone_08,Zone_07,0.3333,0.0833,0.0417,0.1042,0.0208,0.0208,0.0208,0.3333,0.25,0.0417,0.0833
CT010489,Zone_09,Zone_07,0.2706,0.0771,0.0717,0.0986,0.1452,0.0323,0.0305,0.2706,0.19,0.0125,0.0717
CT017592,Zone_08,Zone_07,0.2786,0.0627,0.0807,0.0945,0.1261,0.0385,0.0471,0.2786,0.203,0.014,0.0549
CT016457,Zone_08,Zone_07,0.4643,0.0,0.1071,0.1071,0.0,0.0357,0.0357,0.4643,0.1786,0.0,0.0714
CT003468,Zone_04,Zone_07,0.6667,0.0,0.1667,0.0,0.0,0.0,0.0,0.6667,0.0,0.0,0.1667
CT008416,Zone_07,Zone_07,0.323,0.0431,0.0781,0.0956,0.1211,0.039,0.0256,0.323,0.1965,0.0108,0.0673
CT013587,Zone_08,Zone_07,0.2424,0.0455,0.0758,0.1364,0.1818,0.0758,0.0303,0.2424,0.1061,0.0,0.1061
CT009199,Zone_04,Zone_08,0.3281,0.0391,0.0391,0.1641,0.1406,0.0312,0.0547,0.1016,0.3281,0.0078,0.0938
CT017336,Zone_07,Zone_07,0.5556,0.2222,0.0,0.0,0.0,0.0,0.1111,0.5556,0.1111,0.0,0.0
CT018529,Zone_08,Zone_04,0.2857,0.0952,0.0,0.0476,0.2857,0.0,0.0,0.2857,0.1429,0.0,0.1429
CT015770,Zone_07,Zone_01,0.2632,0.2632,0.0526,0.1053,0.0,0.0,0.1053,0.1053,0.2105,0.0,0.1579
CT003203,Zone_06,Zone_07,0.2786,0.0627,0.0807,0.0945,0.1261,0.0385,0.0471,0.2786,0.203,0.014,0.0549
CT011296,Zone_07,Zone_07,0.2786,0.0627,0.0807,0.0945,0.1261,0.0385,0.0471,0.2786,0.203,0.014,0.0549
CT012456,Zone_07,Zone_02,0.2432,0.1351,0.2432,0.1351,0.1081,0.0,0.1081,0.0811,0.1081,0.027,0.0541
CT012888,Zone_04,Zone_08,0.2812,0.0536,0.0804,0.1071,0.0848,0.0357,0.067,0.2277,0.2812,0.0,0.0625
CT011432,Zone_02,Zone_07,0.2941,0.0471,0.0471,0.0706,0.1647,0.0471,0.0471,0.2941,0.2706,0.0,0.0118
CT014173,Zone_08,Zone_07,0.2786,0.0627,0.0807,0.0945,0.1261,0.0385,0.0471,0.2786,0.203,0.014,0.0549
CT003044,Zone_08,Zone_07,0.8,0.0,0.0,0.0,0.0,0.0,0.0,0.8,0.2,0.0,0.0
CT019352,Zone_02,Zone_07,0.2786,0.0627,0.0807,0.0945,0.1261,0.0385,0.0471,0.2786,0.203,0.014,0.0549
CT003229,Zone_08,Zone_07,0.3871,0.0571,0.0571,0.0546,0.1191,0.0372,0.0298,0.3871,0.201,0.0099,0.0471
CT012279,Zone_07,Zone_07,0.375,0.0,0.125,0.0,0.125,0.125,0.25,0.375,0.0,0.0,0.0
CT005706,Zone_08,Zone_07,0.2786,0.0627,0.0807,0.0945,0.1261,0.0385,0.0471,0.2786,0.203,0.014,0.0549
CT015519,Zone_01,Zone_07,0.323,0.0431,0.0781,0.0956,0.1211,0.039,0.0256,0.323,0.1965,0.0108,0.0673
CT010323,Zone_01,Zone_08,0.2571,0.0707,0.0511,0.0797,0.1564,0.0496,0.0406,0.2256,0.2571,0.012,0.0571
CT004655,Zone_08,Zone_08,0.5,0.0,0.0,0.0,0.0,0.0,0.0,0.0,0.5,0.0,0.5
CT002179,Zone_04,Zone_07,0.2786,0.0627,0.0807,0.0945,0.1261,0.0385,0.0471,0.2786,0.203,0.014,0.0549
CT008050,Zone_08,Zone_07,0.2424,0.0455,0.0758,0.1364,0.1818,0.0758,0.0303,0.2424,0.1061,0.0,0.1061
CT013269,Zone_08,Zone_08,0.3019,0.0943,0.0472,0.1415,0.0566,0.0283,0.0189,0.217,0.3019,0.0566,0.0377
CT004533,Zone_08,Zone_08,0.2812,0.0536,0.0804,0.1071,0.0848,0.0357,0.067,0.2277,0.2812,0.0,0.0625
CT008148,Zone_01,Zone_08,0.2222,0.0556,0.0556,0.0778,0.1111,0.0778,0.1444,0.2111,0.2222,0.0111,0.0333
CT002676,Zone_07,Zone_07,0.2786,0.0627,0.0807,0.0945,0.1261,0.0385,0.0471,0.2786,0.203,0.014,0.0549
CT016876,Zone_02,Zone_07,0.2786,0.0627,0.0807,0.0945,0.1261,0.0385,0.0471,0.2786,0.203,0.014,0.0549
CT005211,Zone_08,Zone_08,0.2273,0.0909,0.0909,0.1364,0.0909,0.1136,0.0455,0.1591,0.2273,0.0,0.0455
CT013018,Zone_08,Zone_04,0.375,0.0,0.0,0.25,0.375,0.125,0.0,0.0,0.25,0.0,0.0
CT006779,Zone_04,Zone_07,0.3228,0.0582,0.0741,0.0917,0.1429,0.0247,0.0406,0.3228,0.1817,0.0106,0.0529
CT007996,Zone_04,Zone_07,0.2941,0.0294,0.1078,0.098,0.0588,0.0392,0.0098,0.2941,0.2353,0.0196,0.1078
CT008390,Zone_07,Zone_07,0.2786,0.0627,0.0807,0.0945,0.1261,0.0385,0.0471,0.2786,0.203,0.014,0.0549
CT019719,Zone_10,Zone_07,0.323,0.0431,0.0781,0.0956,0.1211,0.039,0.0256,0.323,0.1965,0.0108,0.0673
CT008764,Zone_07,Zone_07,0.2786,0.0627,0.0807,0.0945,0.1261,0.0385,0.0471,0.2786,0.203,0.014,0.0549
CT011734,Zone_03,Zone_08,0.3281,0.0391,0.0391,0.1641,0.1406,0.0312,0.0547,0.1016,0.3281,0.0078,0.0938
CT010988,Zone_09,Zone_07,0.2786,0.0627,0.0807,0.0945,0.1261,0.0385,0.0471,0.2786,0.203,0.014,0.0549
CT007674,Zone_08,Zone_07,0.5714,0.0,0.1429,0.0,0.0,0.1429,0.1429,0.5714,0.0,0.0,0.0
CT012039,Zone_07,Zone_07,0.2083,0.0417,0.125,0.0833,0.0833,0.0,0.1667,0.2083,0.2083,0.0417,0.0417
CT007973,Zone_07,Zone_07,0.3247,0.0515,0.0979,0.0773,0.0773,0.0309,0.0155,0.3247,0.2474,0.0052,0.0722
CT008954,Zone_10,Zone_07,0.2786,0.0627,0.0807,0.0945,0.1261,0.0385,0.0471,0.2786,0.203,0.014,0.0549
CT018045,Zone_06,Zone_07,0.2786,0.0627,0.0807,0.0945,0.1261,0.0385,0.0471,0.2786,0.203,0.014,0.0549
CT008999,Zone_10,Zone_04,0.3333,0.0,0.0741,0.1852,0.3333,0.037,0.0,0.037,0.2222,0.0,0.1111
CT007529,Zone_05,Zone_08,0.2571,0.0707,0.0511,0.0797,0.1564,0.0496,0.0406,0.2256,0.2571,0.012,0.0571
CT006592,Zone_08,Zone_07,0.2786,0.0627,0.0807,0.0945,0.1261,0.0385,0.0471,0.2786,0.203,0.014,0.0549
CT001110,Zone_01,Zone_07,0.2786,0.0627,0.0807,0.0945,0.1261,0.0385,0.0471,0.2786,0.203,0.014,0.0549
CT002518,Zone_01,Zone_02,0.4,0.2,0.4,0.2,0.0,0.0,0.2,0.0,0.0,0.0,0.0
CT011030,Zone_10,Zone_10,0.3333,0.2222,0.0,0.0,0.0,0.0,0.1111,0.1111,0.2222,0.0,0.3333
CT016858,Zone_07,Zone_02,0.4,0.0,0.4,0.0,0.4,0.0,0.0,0.0,0.2,0.0,0.0
CT013464,Zone_04,Zone_07,0.323,0.0431,0.0781,0.0956,0.1211,0.039,0.0256,0.323,0.1965,0.0108,0.0673
CT015463,Zone_07,Zone_07,0.2786,0.0627,0.0807,0.0945,0.1261,0.0385,0.0471,0.2786,0.203,0.014,0.0549
CT013854,Zone_05,Zone_08,0.2571,0.0707,0.0511,0.0797,0.1564,0.0496,0.0406,0.2256,0.2571,0.012,0.0571
CT010043,Zone_08,Zone_07,0.3247,0.0515,0.0979,0.0773,0.0773,0.0309,0.0155,0.3247,0.2474,0.0052,0.0722
CT018992,Zone_07,Zone_07,0.323,0.0431,0.0781,0.0956,0.1211,0.039,0.0256,0.323,0.1965,0.0108,0.0673
