complaint_id,actual_zone,predicted_zone,prediction_confidence,prob_zone_01,prob_zone_02,prob_zone_03,prob_zone_04,prob_zone_05,prob_zone_06,prob_zone_07,prob_zone_08,prob_zone_09,prob_zone_10
CT012660,Zone_01,Zone_01,0.1263,0.1263,0.0915,0.1039,0.0985,0.122,0.0807,0.0989,0.1118,0.053,0.1134
CT009088,Zone_07,Zone_03,0.1392,0.1011,0.0861,0.1392,0.113,0.1061,0.0729,0.1134,0.0852,0.093,0.09
CT008281,Zone_08,Zone_06,0.1153,0.1002,0.1076,0.0981,0.0992,0.0932,0.1153,0.0944,0.0977,0.0927,0.1017
CT006500,Zone_07,Zone_01,0.1185,0.1185,0.1031,0.1078,0.0946,0.0701,0.1149,0.0976,0.1146,0.0713,0.1076
CT010858,Zone_08,Zone_05,0.1263,0.1237,0.0988,0.109,0.1003,0.1263,0.0816,0.1079,0.0923,0.0592,0.1007
CT000998,Zone_02,Zone_09,0.166,0.1122,0.1367,0.0775,0.0834,0.0805,0.0605,0.0884,0.0897,0.166,0.1052
CT003768,Zone_04,Zone_02,0.1276,0.1066,0.1276,0.1006,0.0917,0.0835,0.0976,0.1194,0.0843,0.0803,0.1084
CT016589,Zone_07,Zone_06,0.1312,0.0898,0.0909,0.0959,0.0888,0.1155,0.1312,0.0864,0.1261,0.0729,0.1024
CT001388,Zone_04,Zone_02,0.1339,0.0991,0.1339,0.0882,0.1248,0.0802,0.0842,0.1011,0.1084,0.0571,0.1229
CT001708,Zone_08,Zone_06,0.1486,0.0965,0.1106,0.1108,0.09,0.1195,0.1486,0.1088,0.0676,0.0601,0.0876
CT008921,Zone_08,Zone_08,0.1219,0.1078,0.0786,0.1093,0.1094,0.1159,0.0935,0.084,0.1219,0.0947,0.0849
CT009823,Zone_07,Zone_05,0.138,0.0813,0.0893,0.0977,0.0737,0.138,0.0896,0.0804,0.1183,0.1312,0.1006
CT013332,Zone_08,Zone_05,0.1645,0.0932,0.0879,0.111,0.084,0.1645,0.0618,0.0896,0.1048,0.07,0.1334
CT009553,Zone_08,Zone_09,0.1379,0.1111,0.0691,0.1015,0.1003,0.1081,0.0936,0.0888,0.0925,0.1379,0.097
CT013426,Zone_04,Zone_06,0.1544,0.076,0.1088,0.0816,0.0775,0.0896,0.1544,0.0945,0.0758,0.1427,0.0992
CT000407,Zone_04,Zone_10,0.1423,0.1274,0.099,0.1127,0.1106,0.1274,0.0357,0.1135,0.0812,0.0501,0.1423
CT006247,Zone_10,Zone_06,0.1235,0.0679,0.113,0.1104,0.0974,0.1129,0.1235,0.0876,0.0973,0.0881,0.102
CT012062,Zone_07,Zone_06,0.1339,0.0903,0.0983,0.0941,0.0887,0.1071,0.1339,0.0817,0.102,0.1153,0.0886
CT002655,Zone_08,Zone_09,0.2676,0.0883,0.1135,0.0698,0.0721,0.0774,0.0696,0.0688,0.0977,0.2676,0.0752
CT002741,Zone_03,Zone_06,0.1574,0.0962,0.1199,0.0749,0.0814,0.1207,0.1574,0.0657,0.129,0.067,0.0877
CT004204,Zone_08,Zone_08,0.1323,0.1169,0.0633,0.087,0.1022,0.1066,0.1151,0.0726,0.1323,0.1313,0.0729
CT016166,Zone_02,Zone_09,0.1303,0.0858,0.1145,0.0921,0.0907,0.1113,0.1082,0.0929,0.0796,0.1303,0.0944
CT003813,Zone_08,Zone_10,0.1146,0.106,0.0967,0.0827,0.1039,0.1093,0.0928,0.0937,0.0887,0.1117,0.1146
CT018692,Zone_04,Zone_01,0.1314,0.1314,0.0909,0.0802,0.0993,0.1097,0.1077,0.0919,0.1311,0.0778,0.08
CT016709,Zone_07,Zone_10,0.1179,0.0887,0.1092,0.0794,0.1143,0.1158,0.0999,0.117,0.0784,0.0793,0.1179
CT007551,Zone_07,Zone_05,0.1105,0.1021,0.1034,0.0937,0.0846,0.1105,0.0993,0.1019,0.0899,0.1048,0.1098
CT005426,Zone_07,Zone_01,0.1245,0.1245,0.0647,0.0959,0.1047,0.1172,0.1061,0.1065,0.0882,0.0877,0.1047
CT009810,Zone_07,Zone_02,0.182,0.1153,0.182,0.1519,0.1007,0.1005,0.0568,0.1276,0.0831,0.0341,0.048
CT019461,Zone_03,Zone_05,0.1289,0.1053,0.0656,0.0923,0.0957,0.1289,0.0869,0.1012,0.0986,0.1117,0.1138
CT011624,Zone_07,Zone_07,0.1341,0.0902,0.1292,0.1025,0.0985,0.0901,0.0876,0.1341,0.0771,0.0838,0.1069
CT004310,Zone_07,Zone_08,0.14,0.1066,0.0796,0.1374,0.0991,0.1208,0.0723,0.0907,0.14,0.0551,0.0985
CT003278,Zone_07,Zone_02,0.1469,0.1006,0.1469,0.0835,0.1264,0.0803,0.073,0.1051,0.1095,0.0527,0.122
CT013963,Zone_07,Zone_01,0.1246,0.1246,0.0718,0.1192,0.0939,0.1128,0.0884,0.117,0.1046,0.0555,0.1122
CT008759,Zone_05,Zone_10,0.1305,0.0973,0.093,0.1065,0.0761,0.1156,0.0749,0.0866,0.1087,0.1109,0.1305
CT001833,Zone_08,Zone_01,0.1548,0.1548,0.1097,0.1046,0.1372,0.1404,0.0255,0.0927,0.0788,0.0615,0.0949
CT006393,Zone_04,Zone_10,0.1253,0.0985,0.0976,0.088,0.1145,0.1115,0.0766,0.1226,0.0897,0.0757,0.1253
CT008639,Zone_07,Zone_09,0.1543,0.0968,0.1185,0.0814,0.09,0.0868,0.0899,0.0978,0.0726,0.1543,0.1118
CT009450,Zone_04,Zone_01,0.1489,0.1489,0.1135,0.1394,0.095,0.0831,0.0534,0.0983,0.0907,0.074,0.1036
CT007172,Zone_07,Zone_01,0.1154,0.1154,0.1095,0.0906,0.0902,0.1082,0.0894,0.0915,0.0986,0.1013,0.1053
CT007097,Zone_08,Zone_09,0.1575,0.1,0.0719,0.1016,0.0992,0.0847,0.0935,0.0909,0.1085,0.1575,0.0922
CT016127,Zone_07,Zone_05,0.1302,0.1205,0.0715,0.1113,0.0851,0.1302,0.1023,0.0919,0.107,0.0698,0.1105
CT000783,Zone_08,Zone_03,0.1438,0.0659,0.0995,0.1438,0.1177,0.0639,0.1024,0.1193,0.0927,0.1127,0.0823
CT009681,Zone_07,Zone_09,0.1617,0.1131,0.0695,0.0795,0.1116,0.0918,0.0853,0.0972,0.0808,0.1617,0.1094
CT004975,Zone_08,Zone_05,0.1283,0.0736,0.1126,0.0768,0.1029,0.1283,0.0841,0.1173,0.0756,0.1112,0.1177
CT013719,Zone_08,Zone_05,0.1259,0.1034,0.1047,0.0869,0.098,0.1259,0.1017,0.1229,0.0763,0.0828,0.0975
CT003962,Zone_03,Zone_03,0.1277,0.1104,0.118,0.1277,0.105,0.08,0.0808,0.1125,0.1149,0.0707,0.0801
CT013819,Zone_04,Zone_06,0.1386,0.0858,0.0959,0.1378,0.0936,0.0622,0.1386,0.1093,0.1109,0.059,0.107
CT008385,Zone_01,Zone_09,0.1616,0.0794,0.0922,0.085,0.0885,0.0943,0.1355,0.0914,0.0792,0.1616,0.093
CT009653,Zone_03,Zone_04,0.1382,0.0898,0.1101,0.1265,0.1382,0.0488,0.0727,0.128,0.0983,0.1072,0.0804
CT007970,Zone_02,Zone_09,0.1343,0.1143,0.1199,0.0793,0.1011,0.0924,0.0631,0.0976,0.0792,0.1343,0.1187
CT010507,Zone_08,Zone_09,0.2181,0.0943,0.0894,0.0845,0.1085,0.0795,0.0714,0.0953,0.0671,0.2181,0.0918
CT007600,Zone_07,Zone_03,0.128,0.0764,0.0847,0.128,0.1038,0.0768,0.1092,0.1156,0.1193,0.0828,0.1034
CT010064,Zone_02,Zone_01,0.1193,0.1193,0.1122,0.0952,0.0911,0.1019,0.1178,0.0935,0.1136,0.0491,0.1062
CT019037,Zone_04,Zone_02,0.1311,0.0925,0.1311,0.0928,0.0912,0.1105,0.0676,0.1113,0.0856,0.0894,0.1279
CT016233,Zone_01,Zone_09,0.1285,0.0779,0.1191,0.0966,0.0994,0.0796,0.1185,0.1096,0.0781,0.1285,0.0928
CT016275,Zone_04,Zone_09,0.1314,0.0799,0.1043,0.1048,0.0903,0.0931,0.1164,0.083,0.1104,0.1314,0.0863
CT000294,Zone_03,Zone_05,0.1259,0.1047,0.0794,0.0945,0.0937,0.1259,0.1153,0.0891,0.1102,0.0908,0.0963
CT018802,Zone_02,Zone_06,0.1543,0.098,0.1033,0.1061,0.0956,0.0916,0.1543,0.0829,0.1197,0.0543,0.0942
CT013203,Zone_08,Zone_08,0.117,0.1116,0.0933,0.0867,0.0928,0.1062,0.0938,0.0945,0.117,0.0982,0.1061
CT001403,Zone_10,Zone_01,0.1355,0.1355,0.0765,0.1212,0.0943,0.0983,0.0915,0.0886,0.119,0.0494,0.1256
CT008298,Zone_04,Zone_08,0.1374,0.122,0.0779,0.1239,0.0987,0.1239,0.0698,0.0883,0.1374,0.0517,0.1065
CT004078,Zone_08,Zone_09,0.1472,0.0798,0.1261,0.0889,0.0947,0.093,0.1108,0.0811,0.0807,0.1472,0.0976
CT009342,Zone_02,Zone_02,0.1185,0.1054,0.1185,0.0824,0.1156,0.1003,0.118,0.108,0.1165,0.0438,0.0914
CT007860,Zone_07,Zone_09,0.1803,0.0918,0.1002,0.0835,0.088,0.079,0.1066,0.0932,0.0713,0.1803,0.1061
CT005027,Zone_08,Zone_07,0.1259,0.0995,0.0805,0.1023,0.1041,0.1173,0.0659,0.1259,0.0733,0.1066,0.1245
CT012029,Zone_04,Zone_09,0.129,0.0957,0.0945,0.1061,0.084,0.0971,0.069,0.1143,0.0923,0.129,0.1181
CT019786,Zone_04,Zone_06,0.1662,0.0629,0.1192,0.1259,0.0786,0.0816,0.1662,0.088,0.1053,0.0618,0.1105
CT005141,Zone_08,Zone_07,0.1438,0.1063,0.0966,0.097,0.1034,0.0966,0.0544,0.1438,0.0819,0.0999,0.1202
CT005841,Zone_05,Zone_08,0.1341,0.0805,0.0916,0.1161,0.0954,0.1248,0.0915,0.0856,0.1341,0.0817,0.0987
CT010730,Zone_06,Zone_01,0.1345,0.1345,0.0894,0.0847,0.118,0.1114,0.074,0.1143,0.0897,0.0861,0.0979
CT014988,Zone_04,Zone_03,0.1174,0.1099,0.1014,0.1174,0.0867,0.1075,0.0825,0.1001,0.1012,0.09,0.1034
CT000867,Zone_07,Zone_05,0.1266,0.0831,0.1209,0.089,0.1051,0.1266,0.0999,0.1079,0.0846,0.0572,0.1256
CT011310,Zone_01,Zone_06,0.1198,0.0814,0.1083,0.0775,0.1069,0.1054,0.1198,0.1005,0.0834,0.1108,0.106
CT017931,Zone_08,Zone_09,0.2255,0.0768,0.1006,0.0981,0.0683,0.0817,0.0882,0.0733,0.1065,0.2255,0.0811
CT004522,Zone_08,Zone_10,0.1831,0.1733,0.0704,0.1353,0.0367,0.1366,0.0871,0.029,0.1468,0.0018,0.1831
CT012269,Zone_02,Zone_02,0.1247,0.1083,0.1247,0.0856,0.0878,0.0776,0.0911,0.1168,0.0908,0.1123,0.105
CT013839,Zone_08,Zone_09,0.1303,0.1207,0.0996,0.0884,0.0995,0.0975,0.0708,0.1076,0.0939,0.1303,0.0918
CT016788,Zone_02,Zone_05,0.1224,0.1168,0.0787,0.1121,0.0743,0.1224,0.0971,0.0766,0.1216,0.1068,0.0937
CT000505,Zone_07,Zone_09,0.2074,0.1075,0.0979,0.0793,0.0824,0.0811,0.0783,0.0719,0.0966,0.2074,0.0976
CT013468,Zone_08,Zone_01,0.138,0.138,0.1054,0.1149,0.1195,0.0797,0.0896,0.1215,0.0921,0.0466,0.0928
CT002172,Zone_04,Zone_08,0.1197,0.1155,0.0844,0.1113,0.0989,0.1194,0.085,0.0915,0.1197,0.0694,0.1049
CT016545,Zone_06,Zone_07,0.1321,0.0915,0.1088,0.1106,0.0948,0.089,0.1057,0.1321,0.086,0.0902,0.0913
CT014283,Zone_07,Zone_06,0.1368,0.0986,0.1185,0.097,0.0764,0.1009,0.1368,0.0768,0.1099,0.1104,0.0747
CT009416,Zone_07,Zone_05,0.1415,0.1041,0.1008,0.0781,0.0957,0.1415,0.0832,0.0821,0.0999,0.0923,0.1223
CT004401,Zone_07,Zone_04,0.1367,0.0921,0.071,0.1135,0.1367,0.0656,0.0916,0.1254,0.1135,0.0984,0.0923
CT007056,Zone_05,Zone_08,0.1186,0.1031,0.1008,0.1182,0.0982,0.1039,0.1144,0.072,0.1186,0.0943,0.0766
CT007504,Zone_08,Zone_09,0.1764,0.1016,0.1077,0.0761,0.0768,0.1062,0.0792,0.0831,0.0911,0.1764,0.1017
CT009420,Zone_10,Zone_09,0.1573,0.1096,0.0811,0.1062,0.0862,0.085,0.0858,0.0777,0.1027,0.1573,0.1085
CT013194,Zone_04,Zone_09,0.1347,0.1045,0.0823,0.1135,0.0899,0.0882,0.0772,0.1015,0.0966,0.1347,0.1116
CT009664,Zone_07,Zone_01,0.1323,0.1323,0.0837,0.0905,0.113,0.1291,0.0829,0.0963,0.102,0.0838,0.0863
CT015158,Zone_04,Zone_09,0.1457,0.1231,0.1095,0.0804,0.0895,0.0988,0.0641,0.1077,0.0769,0.1457,0.1042
CT010407,Zone_07,Zone_06,0.1216,0.1053,0.0951,0.093,0.0997,0.1117,0.1216,0.0855,0.0926,0.1147,0.0807
CT003993,Zone_03,Zone_09,0.1415,0.1014,0.1164,0.0905,0.0856,0.1002,0.0622,0.0976,0.0969,0.1415,0.1077
CT019595,Zone_07,Zone_08,0.1326,0.0956,0.0918,0.1114,0.0954,0.0908,0.1301,0.0909,0.1326,0.0436,0.1178
CT015299,Zone_02,Zone_04,0.1348,0.0998,0.1245,0.0901,0.1348,0.1256,0.0954,0.1338,0.0683,0.0444,0.0832
CT010761,Zone_01,Zone_01,0.1279,0.1279,0.0776,0.1082,0.0989,0.1099,0.1066,0.0919,0.0979,0.0625,0.1186
CT011987,Zone_03,Zone_01,0.1309,0.1309,0.1196,0.0872,0.0925,0.1022,0.0854,0.1013,0.0905,0.0902,0.1003
CT004626,Zone_08,Zone_06,0.1354,0.0818,0.0896,0.0763,0.0832,0.1343,0.1354,0.084,0.1033,0.1057,0.1063
CT010533,Zone_04,Zone_07,0.1517,0.0956,0.0888,0.1055,0.1288,0.082,0.0735,0.1517,0.1033,0.071,0.0998
CT013079,Zone_08,Zone_02,0.1223,0.1105,0.1223,0.0957,0.0974,0.0706,0.0901,0.0929,0.1121,0.1152,0.0932
CT009848,Zone_05,Zone_05,0.1355,0.107,0.0809,0.0798,0.1002,0.1355,0.1157,0.0882,0.1138,0.087,0.0921
CT005339,Zone_07,Zone_06,0.1521,0.0718,0.1111,0.0769,0.0943,0.1246,0.1521,0.0974,0.0892,0.0734,0.1092
CT012719,Zone_05,Zone_08,0.1685,0.1435,0.0855,0.1072,0.1116,0.0884,0.0836,0.0927,0.1685,0.0419,0.077
CT003635,Zone_08,Zone_10,0.1299,0.1006,0.121,0.0878,0.0878,0.0915,0.1062,0.1121,0.0836,0.0795,0.1299
CT009719,Zone_07,Zone_09,0.1388,0.1079,0.0569,0.0953,0.108,0.0966,0.1048,0.0972,0.0897,0.1388,0.1047
CT014189,Zone_08,Zone_04,0.148,0.1164,0.1017,0.0791,0.148,0.0998,0.0801,0.1009,0.117,0.0415,0.1155
CT010970,Zone_08,Zone_09,0.1193,0.0872,0.0825,0.1115,0.0868,0.1048,0.1044,0.096,0.1021,0.1193,0.1054
CT015323,Zone_04,Zone_09,0.1171,0.0847,0.1045,0.1079,0.0801,0.1098,0.1094,0.1152,0.0765,0.1171,0.0947
CT005653,Zone_08,Zone_09,0.1505,0.0934,0.1011,0.0734,0.105,0.1098,0.0791,0.1011,0.0871,0.1505,0.0995
CT014443,Zone_03,Zone_08,0.1268,0.11,0.1102,0.0866,0.0766,0.1132,0.1081,0.082,0.1268,0.1018,0.0847
CT007873,Zone_04,Zone_06,0.121,0.1126,0.0643,0.0955,0.101,0.0961,0.121,0.1196,0.0957,0.1042,0.09
CT012751,Zone_06,Zone_09,0.1253,0.1066,0.081,0.106,0.1156,0.0804,0.1058,0.1014,0.0868,0.1253,0.091
CT009081,Zone_08,Zone_10,0.1245,0.1205,0.0994,0.099,0.1086,0.0978,0.0619,0.0966,0.1034,0.0883,0.1245
CT006659,Zone_07,Zone_07,0.1325,0.0818,0.114,0.1242,0.1274,0.0525,0.091,0.1325,0.099,0.0965,0.0811
CT008969,Zone_06,Zone_06,0.1423,0.0603,0.0892,0.1249,0.1026,0.0747,0.1423,0.1039,0.0811,0.1411,0.0799
CT004792,Zone_02,Zone_09,0.1664,0.0838,0.1232,0.092,0.086,0.0929,0.0639,0.0964,0.091,0.1664,0.1044
CT017262,Zone_04,Zone_03,0.1384,0.1298,0.1161,0.1384,0.1214,0.0832,0.0346,0.0862,0.0815,0.096,0.1129
CT018069,Zone_06,Zone_05,0.1281,0.1179,0.0838,0.0973,0.0886,0.1281,0.1099,0.08,0.1135,0.0775,0.1033
CT006002,Zone_03,Zone_09,0.1547,0.0815,0.0998,0.1115,0.1252,0.0561,0.0768,0.1141,0.0996,0.1547,0.0806
CT009413,Zone_04,Zone_09,0.1699,0.1055,0.1242,0.0898,0.0983,0.0814,0.0607,0.0898,0.0844,0.1699,0.096
CT019996,Zone_07,Zone_09,0.1509,0.0764,0.1109,0.108,0.0926,0.096,0.1056,0.1061,0.0692,0.1509,0.0843
CT003298,Zone_08,Zone_09,0.1223,0.0907,0.1189,0.092,0.0946,0.1076,0.1045,0.0956,0.0786,0.1223,0.0952
CT011839,Zone_07,Zone_07,0.1458,0.115,0.1168,0.097,0.0961,0.0741,0.0703,0.1458,0.0827,0.0827,0.1194
CT017042,Zone_07,Zone_10,0.117,0.1095,0.1052,0.0918,0.1025,0.1134,0.0653,0.115,0.0774,0.1029,0.117
CT005039,Zone_07,Zone_04,0.118,0.1063,0.0987,0.1049,0.118,0.091,0.0927,0.0862,0.0885,0.1149,0.0987
CT003982,Zone_08,Zone_05,0.1227,0.1078,0.0825,0.1032,0.0956,0.1227,0.0951,0.0894,0.1222,0.0589,0.1227
CT002763,Zone_03,Zone_09,0.1793,0.0905,0.1037,0.1083,0.084,0.0729,0.0972,0.0918,0.0899,0.1793,0.0826
CT009618,Zone_02,Zone_05,0.1455,0.105,0.0918,0.081,0.0968,0.1455,0.0835,0.1096,0.0897,0.0824,0.1147
CT015520,Zone_07,Zone_10,0.1217,0.1183,0.0887,0.0979,0.0953,0.1035,0.0929,0.0828,0.0973,0.1015,0.1217
CT013951,Zone_06,Zone_05,0.1316,0.1004,0.101,0.0726,0.0881,0.1316,0.1188,0.0904,0.0932,0.1106,0.0932
CT007475,Zone_05,Zone_09,0.153,0.091,0.1241,0.0985,0.0829,0.0865,0.0742,0.1103,0.0787,0.153,0.1008
CT018372,Zone_01,Zone_02,0.1501,0.0856,0.1501,0.0777,0.1145,0.0748,0.1231,0.1023,0.1131,0.0518,0.1069
CT000295,Zone_07,Zone_02,0.121,0.0946,0.121,0.114,0.0959,0.0854,0.0914,0.1143,0.0877,0.1078,0.0879
CT007314,Zone_07,Zone_04,0.1453,0.0949,0.0932,0.1055,0.1453,0.1047,0.0962,0.1366,0.0914,0.0476,0.0846
CT018520,Zone_04,Zone_02,0.1465,0.0766,0.1465,0.0931,0.1262,0.0868,0.1227,0.0949,0.1073,0.0491,0.0969
CT011118,Zone_05,Zone_02,0.1799,0.0738,0.1799,0.1046,0.0851,0.0941,0.1326,0.0946,0.0696,0.0798,0.0861
CT009672,Zone_10,Zone_03,0.1254,0.0946,0.0889,0.1254,0.0901,0.1251,0.0964,0.0855,0.1115,0.0865,0.0959
CT003262,Zone_08,Zone_08,0.1334,0.072,0.0916,0.1157,0.1224,0.0982,0.1038,0.0898,0.1334,0.0646,0.1085
CT018725,Zone_03,Zone_05,0.1342,0.0902,0.0974,0.0816,0.0875,0.1342,0.1075,0.0939,0.1113,0.0872,0.1094
CT015620,Zone_04,Zone_09,0.1402,0.1073,0.0944,0.0875,0.0968,0.0899,0.0776,0.1044,0.0886,0.1402,0.1133
CT004334,Zone_08,Zone_01,0.1154,0.1154,0.0828,0.1126,0.1104,0.1096,0.0687,0.1047,0.0832,0.0989,0.1138
CT004039,Zone_05,Zone_05,0.1412,0.0907,0.0908,0.0772,0.0886,0.1412,0.0959,0.1193,0.0823,0.1114,0.1026
CT007218,Zone_08,Zone_06,0.1317,0.0776,0.1007,0.0795,0.1306,0.0678,0.1317,0.0807,0.1147,0.1158,0.101
CT006086,Zone_07,Zone_03,0.1215,0.0979,0.0972,0.1215,0.1085,0.1211,0.0747,0.1208,0.092,0.058,0.1082
CT015623,Zone_04,Zone_09,0.2478,0.066,0.1166,0.089,0.0658,0.0696,0.1113,0.0673,0.0956,0.2478,0.0711
CT016112,Zone_08,Zone_03,0.1378,0.0821,0.0882,0.1378,0.135,0.1104,0.0861,0.1062,0.0946,0.0431,0.1164
CT016926,Zone_09,Zone_08,0.1413,0.1119,0.0745,0.1162,0.0964,0.1109,0.1083,0.0885,0.1413,0.0698,0.0824
CT017819,Zone_08,Zone_03,0.1512,0.0857,0.1165,0.1512,0.0892,0.0763,0.1114,0.1091,0.1092,0.0602,0.0912
CT008901,Zone_01,Zone_06,0.1315,0.1131,0.0819,0.1038,0.0958,0.0957,0.1315,0.1087,0.0901,0.0634,0.1159
CT015595,Zone_07,Zone_03,0.1134,0.085,0.1124,0.1134,0.0993,0.0951,0.0953,0.1085,0.081,0.1065,0.1037
CT001962,Zone_08,Zone_06,0.1297,0.0899,0.0834,0.0788,0.1183,0.1248,0.1297,0.1201,0.1046,0.0517,0.0986
CT015427,Zone_07,Zone_03,0.142,0.1045,0.1027,0.142,0.1066,0.0516,0.1132,0.1165,0.1043,0.0707,0.0881
CT007344,Zone_02,Zone_10,0.1269,0.0945,0.1014,0.0838,0.1184,0.0909,0.1086,0.1237,0.0928,0.0589,0.1269
CT008936,Zone_10,Zone_10,0.1226,0.0958,0.0862,0.1039,0.092,0.0968,0.116,0.1025,0.1165,0.0678,0.1226
CT010824,Zone_08,Zone_04,0.1392,0.1014,0.1246,0.0929,0.1392,0.0591,0.1036,0.1116,0.0984,0.0439,0.1252
CT014791,Zone_07,Zone_06,0.1281,0.1065,0.0823,0.0933,0.089,0.0976,0.1281,0.1012,0.0897,0.107,0.1052
CT002779,Zone_04,Zone_06,0.1183,0.0896,0.1021,0.093,0.1096,0.1051,0.1183,0.0938,0.0995,0.0882,0.1008
CT002493,Zone_02,Zone_09,0.1714,0.0851,0.0874,0.103,0.0657,0.0995,0.0955,0.0769,0.1112,0.1714,0.1044
CT019084,Zone_01,Zone_06,0.1382,0.1152,0.0604,0.0933,0.0941,0.1,0.1382,0.0866,0.0975,0.0979,0.1169
CT003097,Zone_03,Zone_07,0.1426,0.1048,0.112,0.106,0.0938,0.0764,0.0686,0.1426,0.0769,0.1122,0.1066
CT017864,Zone_07,Zone_07,0.1141,0.1037,0.1114,0.1008,0.1124,0.0903,0.1012,0.1141,0.0865,0.0951,0.0845
CT008264,Zone_10,Zone_04,0.1404,0.1007,0.1028,0.0873,0.1404,0.1157,0.0945,0.1037,0.1146,0.0396,0.1006
CT004830,Zone_06,Zone_07,0.1329,0.086,0.0848,0.0969,0.1197,0.1254,0.0833,0.1329,0.0898,0.0647,0.1164
CT002923,Zone_03,Zone_08,0.1283,0.1146,0.0805,0.1255,0.0803,0.1146,0.0983,0.0749,0.1283,0.0829,0.1001
CT001609,Zone_08,Zone_06,0.1517,0.0855,0.1084,0.1204,0.0746,0.0974,0.1517,0.0838,0.11,0.0691,0.0991
CT006749,Zone_08,Zone_09,0.1505,0.0929,0.078,0.0954,0.1017,0.092,0.1275,0.0999,0.0858,0.1505,0.0764
CT002459,Zone_04,Zone_09,0.1174,0.111,0.0673,0.1044,0.0946,0.1105,0.085,0.1053,0.1017,0.1174,0.1026
CT014047,Zone_09,Zone_05,0.1272,0.1084,0.0834,0.1104,0.1041,0.1272,0.0942,0.0998,0.1012,0.0819,0.0894
CT016301,Zone_01,Zone_05,0.117,0.1083,0.1038,0.0844,0.1066,0.117,0.1092,0.0681,0.1103,0.1079,0.0843
CT012475,Zone_07,Zone_09,0.156,0.1077,0.0923,0.0964,0.0846,0.099,0.0673,0.0915,0.1072,0.156,0.0981
CT004979,Zone_07,Zone_03,0.1353,0.1035,0.1024,0.1353,0.1085,0.1001,0.0753,0.0785,0.1113,0.0819,0.1031
CT013722,Zone_04,Zone_07,0.1449,0.1168,0.1171,0.1084,0.105,0.0674,0.0642,0.1449,0.0804,0.0777,0.1181
CT000279,Zone_07,Zone_05,0.1322,0.118,0.1013,0.0722,0.0939,0.1322,0.0935,0.0907,0.1155,0.0849,0.0977
CT010980,Zone_07,Zone_01,0.1417,0.1417,0.0872,0.1032,0.1197,0.1074,0.0627,0.124,0.0869,0.0671,0.1003
CT000100,Zone_10,Zone_03,0.1234,0.0875,0.0898,0.1234,0.1076,0.1122,0.0745,0.1218,0.1115,0.0828,0.0889
CT006982,Zone_10,Zone_05,0.1251,0.1221,0.1114,0.0767,0.0918,0.1251,0.0847,0.0959,0.0868,0.0909,0.1145
CT006758,Zone_07,Zone_05,0.1268,0.0865,0.0687,0.0966,0.1159,0.1268,0.1074,0.1164,0.0992,0.0813,0.1013
CT018344,Zone_08,Zone_07,0.1208,0.1037,0.087,0.0974,0.0909,0.0851,0.0866,0.1208,0.0968,0.1182,0.1136
CT002312,Zone_02,Zone_05,0.136,0.0953,0.0985,0.0629,0.1259,0.136,0.0746,0.119,0.0848,0.0799,0.1231
CT010930,Zone_04,Zone_04,0.1362,0.0742,0.1158,0.1036,0.1362,0.0979,0.1234,0.1037,0.1197,0.0391,0.0865
CT019236,Zone_02,Zone_06,0.1278,0.1155,0.1146,0.0826,0.0828,0.104,0.1278,0.0806,0.1218,0.0783,0.0921
CT017551,Zone_05,Zone_06,0.1333,0.1269,0.0735,0.085,0.1041,0.1059,0.1333,0.0926,0.1164,0.0768,0.0855
CT018597,Zone_01,Zone_01,0.1317,0.1317,0.0663,0.1083,0.1115,0.0689,0.1169,0.1067,0.1128,0.0756,0.1013
CT001934,Zone_07,Zone_05,0.1301,0.1156,0.0851,0.0757,0.1006,0.1301,0.1199,0.0966,0.0961,0.0727,0.1076
CT005877,Zone_08,Zone_07,0.1524,0.0997,0.0829,0.1079,0.1343,0.0586,0.0648,0.1524,0.1078,0.1013,0.0904
CT006948,Zone_07,Zone_02,0.1675,0.1008,0.1675,0.0963,0.0836,0.0847,0.0779,0.1002,0.0886,0.0885,0.1118
CT005543,Zone_08,Zone_05,0.1215,0.0991,0.0961,0.0875,0.0874,0.1215,0.1151,0.0848,0.0976,0.0981,0.1127
CT013777,Zone_08,Zone_10,0.1327,0.1045,0.0816,0.0907,0.0949,0.1069,0.0781,0.0937,0.0881,0.1288,0.1327
CT001599,Zone_07,Zone_10,0.1284,0.0986,0.0945,0.1026,0.0899,0.1083,0.0784,0.0844,0.1192,0.0957,0.1284
CT002165,Zone_07,Zone_01,0.1253,0.1253,0.11,0.0754,0.1005,0.1215,0.0773,0.0902,0.0826,0.098,0.1191
CT001591,Zone_01,Zone_09,0.1399,0.0746,0.0613,0.1108,0.1071,0.1007,0.1083,0.1,0.1043,0.1399,0.093
CT008548,Zone_07,Zone_02,0.1398,0.0974,0.1398,0.1035,0.1197,0.1059,0.0785,0.1117,0.0755,0.072,0.0959
CT006551,Zone_07,Zone_03,0.1272,0.0984,0.1,0.1272,0.0996,0.0747,0.0771,0.1006,0.1172,0.1044,0.1006
CT001894,Zone_02,Zone_02,0.1212,0.1196,0.1212,0.1066,0.0908,0.0815,0.0617,0.1141,0.0857,0.114,0.105
CT012329,Zone_01,Zone_04,0.1574,0.0984,0.096,0.0977,0.1574,0.0883,0.0618,0.1027,0.1355,0.0594,0.1027
CT015795,Zone_05,Zone_05,0.1329,0.1124,0.1008,0.1054,0.0928,0.1329,0.0719,0.1023,0.0997,0.065,0.1167
CT016437,Zone_08,Zone_01,0.1333,0.1333,0.1171,0.0907,0.0962,0.1023,0.1043,0.0915,0.1083,0.0614,0.0949
CT008293,Zone_08,Zone_05,0.1357,0.0774,0.1165,0.1088,0.0896,0.1357,0.0699,0.1027,0.1041,0.0676,0.1276
CT005519,Zone_03,Zone_09,0.1206,0.111,0.0983,0.0757,0.094,0.1198,0.1014,0.0832,0.0849,0.1206,0.111
CT018027,Zone_07,Zone_05,0.1412,0.0813,0.0861,0.062,0.1126,0.1412,0.1021,0.1051,0.089,0.1052,0.1155
CT000272,Zone_01,Zone_04,0.1353,0.1014,0.1009,0.0812,0.1353,0.1015,0.1218,0.099,0.123,0.0277,0.1083
CT007079,Zone_03,Zone_02,0.1575,0.0674,0.1575,0.0922,0.1244,0.0866,0.1198,0.0959,0.1006,0.0614,0.0943
CT008935,Zone_07,Zone_02,0.1329,0.0794,0.1329,0.0791,0.1078,0.0936,0.1046,0.1092,0.0812,0.1083,0.1039
CT008153,Zone_07,Zone_07,0.1348,0.0931,0.0989,0.1114,0.1168,0.0727,0.0814,0.1348,0.0982,0.0983,0.0943
CT009995,Zone_04,Zone_07,0.1364,0.0771,0.1166,0.0915,0.1104,0.0711,0.1325,0.1364,0.0764,0.0894,0.0985
CT011653,Zone_07,Zone_10,0.1233,0.0951,0.0973,0.1229,0.0748,0.1212,0.0944,0.0912,0.1126,0.0673,0.1233
CT016837,Zone_07,Zone_01,0.1297,0.1297,0.1096,0.0884,0.1056,0.1044,0.0895,0.0951,0.0823,0.084,0.1114
CT004779,Zone_04,Zone_02,0.1435,0.0869,0.1435,0.0916,0.0862,0.1128,0.0701,0.1027,0.0936,0.0917,0.1209
CT011005,Zone_07,Zone_08,0.1306,0.0769,0.1247,0.0766,0.1211,0.0783,0.1125,0.0902,0.1306,0.0905,0.0986
CT001018,Zone_07,Zone_07,0.1174,0.1077,0.1045,0.0993,0.0881,0.104,0.1053,0.1174,0.0789,0.0985,0.0962
CT011954,Zone_09,Zone_07,0.1411,0.1022,0.1127,0.0922,0.108,0.093,0.103,0.1411,0.0607,0.0781,0.1091
CT000078,Zone_07,Zone_10,0.1312,0.1104,0.0924,0.1016,0.1023,0.1153,0.0647,0.0929,0.0959,0.0934,0.1312
CT009743,Zone_07,Zone_05,0.1309,0.1299,0.0892,0.112,0.1026,0.1309,0.0554,0.1058,0.1079,0.0751,0.0913
CT000057,Zone_08,Zone_04,0.144,0.0923,0.09,0.0803,0.144,0.1096,0.0734,0.111,0.092,0.1164,0.0909
CT012741,Zone_07,Zone_01,0.1218,0.1218,0.1022,0.1111,0.0911,0.0944,0.0855,0.1152,0.0968,0.08,0.1018
CT000319,Zone_04,Zone_08,0.1379,0.1311,0.0891,0.1048,0.107,0.104,0.0851,0.0965,0.1379,0.0627,0.0818
CT008630,Zone_07,Zone_01,0.1235,0.1235,0.0928,0.0986,0.0978,0.1222,0.0861,0.0968,0.1141,0.057,0.1111
CT018729,Zone_08,Zone_02,0.1179,0.1023,0.1179,0.0981,0.0891,0.1091,0.1145,0.0947,0.08,0.0992,0.0952
CT007025,Zone_03,Zone_07,0.1546,0.089,0.1111,0.0898,0.1445,0.1095,0.0841,0.1546,0.0731,0.0541,0.0901
CT008184,Zone_02,Zone_07,0.1274,0.0842,0.0883,0.086,0.1248,0.0736,0.1054,0.1274,0.104,0.0952,0.1112
CT014282,Zone_01,Zone_10,0.1321,0.1254,0.0954,0.1031,0.1046,0.0979,0.0778,0.095,0.0809,0.0879,0.1321
CT018158,Zone_07,Zone_09,0.146,0.1097,0.0836,0.1,0.1118,0.0863,0.0851,0.1072,0.0737,0.146,0.0967
CT014546,Zone_07,Zone_09,0.1549,0.0937,0.1011,0.1124,0.0968,0.0994,0.0788,0.0854,0.1145,0.1549,0.0631
CT012730,Zone_08,Zone_03,0.1436,0.1172,0.1265,0.1436,0.1052,0.087,0.0481,0.0999,0.0888,0.0781,0.1055
CT010299,Zone_08,Zone_01,0.1251,0.1251,0.1045,0.1041,0.0823,0.0983,0.0646,0.0982,0.1053,0.1105,0.1071
CT005184,Zone_08,Zone_01,0.1239,0.1239,0.1182,0.0824,0.094,0.1006,0.122,0.0895,0.1113,0.0511,0.1069
CT004896,Zone_08,Zone_08,0.1285,0.1113,0.0801,0.123,0.086,0.1223,0.1034,0.0771,0.1285,0.0494,0.119
CT004871,Zone_08,Zone_10,0.1231,0.0927,0.0914,0.1026,0.0981,0.1188,0.1158,0.0964,0.1048,0.0563,0.1231
CT014621,Zone_08,Zone_01,0.1433,0.1433,0.0976,0.111,0.1269,0.1274,0.0343,0.0851,0.0994,0.0689,0.1061
CT010039,Zone_07,Zone_09,0.1547,0.085,0.0943,0.083,0.1047,0.1034,0.0872,0.1342,0.0634,0.1547,0.09
CT019201,Zone_07,Zone_09,0.1977,0.0927,0.0587,0.1064,0.0882,0.0926,0.0873,0.0925,0.1027,0.1977,0.0812
CT009837,Zone_01,Zone_04,0.1204,0.113,0.116,0.1067,0.1204,0.1079,0.0623,0.0994,0.0942,0.0816,0.0983
CT019068,Zone_07,Zone_02,0.1303,0.0926,0.1303,0.1081,0.0855,0.0912,0.0604,0.1136,0.0921,0.1202,0.1059
CT005008,Zone_07,Zone_07,0.1213,0.0943,0.0959,0.1158,0.0806,0.104,0.1096,0.1213,0.0847,0.105,0.0888
CT012860,Zone_07,Zone_07,0.1396,0.0769,0.1096,0.0756,0.113,0.1184,0.0985,0.1396,0.0825,0.0561,0.1299
CT000817,Zone_07,Zone_09,0.2557,0.071,0.1402,0.0808,0.0668,0.0945,0.0819,0.0731,0.0699,0.2557,0.066
CT008145,Zone_08,Zone_05,0.124,0.095,0.1143,0.0984,0.1069,0.124,0.1105,0.0993,0.0779,0.0727,0.101
CT005066,Zone_07,Zone_01,0.1278,0.1278,0.0946,0.0975,0.0952,0.0822,0.1125,0.086,0.1207,0.0739,0.1097
CT011481,Zone_08,Zone_06,0.1541,0.0789,0.118,0.0585,0.1118,0.1195,0.1541,0.0747,0.1485,0.0332,0.1028
CT017802,Zone_07,Zone_09,0.163,0.1069,0.095,0.0727,0.0894,0.101,0.1111,0.0719,0.1042,0.163,0.0848
CT017649,Zone_08,Zone_01,0.1278,0.1278,0.0973,0.1205,0.1173,0.0719,0.0779,0.1099,0.1107,0.0604,0.1063
CT015285,Zone_01,Zone_06,0.1421,0.1271,0.083,0.098,0.0896,0.1025,0.1421,0.079,0.1266,0.0476,0.1044
CT015231,Zone_08,Zone_06,0.117,0.1159,0.1073,0.0749,0.0953,0.0989,0.117,0.0843,0.1126,0.0979,0.0959
CT002758,Zone_08,Zone_06,0.127,0.1052,0.0875,0.1024,0.0907,0.0836,0.127,0.1251,0.0783,0.1055,0.0948
CT005525,Zone_04,Zone_06,0.1237,0.1091,0.1048,0.0875,0.0842,0.1023,0.1237,0.0946,0.096,0.0889,0.109
CT016819,Zone_06,Zone_10,0.1413,0.0864,0.0885,0.1073,0.0804,0.1194,0.0992,0.0751,0.1163,0.0861,0.1413
CT009946,Zone_02,Zone_09,0.1721,0.0975,0.1127,0.0873,0.0737,0.0815,0.0769,0.0858,0.1007,0.1721,0.1118
CT014238,Zone_08,Zone_01,0.1343,0.1343,0.1156,0.0773,0.1223,0.097,0.0687,0.1152,0.0796,0.0825,0.1075
CT008593,Zone_07,Zone_02,0.1329,0.0671,0.1329,0.0769,0.1305,0.1115,0.1187,0.0949,0.1109,0.0398,0.1167
CT006575,Zone_08,Zone_09,0.1728,0.0656,0.121,0.1083,0.0949,0.0932,0.1165,0.0866,0.0736,0.1728,0.0673
CT000384,Zone_08,Zone_07,0.1525,0.095,0.0986,0.118,0.1162,0.1051,0.0602,0.1525,0.0746,0.1124,0.0673
CT001066,Zone_10,Zone_08,0.1423,0.0825,0.0898,0.1081,0.1385,0.0954,0.0824,0.0957,0.1423,0.0587,0.1066
CT007051,Zone_10,Zone_09,0.1777,0.1042,0.0961,0.0894,0.0905,0.0781,0.0625,0.1,0.0805,0.1777,0.1211
CT017241,Zone_04,Zone_06,0.1256,0.1003,0.0963,0.096,0.0789,0.1094,0.1256,0.0935,0.0974,0.0929,0.1098
CT002085,Zone_08,Zone_05,0.1334,0.1151,0.1117,0.0651,0.0962,0.1334,0.0927,0.0971,0.1104,0.0827,0.0955
CT006903,Zone_08,Zone_01,0.1126,0.1126,0.1089,0.098,0.0895,0.1056,0.0908,0.0945,0.1004,0.0974,0.1023
CT014855,Zone_07,Zone_09,0.1451,0.0928,0.1158,0.0904,0.0855,0.0815,0.098,0.1166,0.0782,0.1451,0.096
CT004515,Zone_03,Zone_01,0.1234,0.1234,0.0992,0.106,0.089,0.0979,0.1095,0.0837,0.0953,0.1021,0.0939
CT006306,Zone_03,Zone_01,0.1475,0.1475,0.096,0.1057,0.1108,0.0934,0.0833,0.1105,0.1138,0.0449,0.0942
CT013358,Zone_03,Zone_05,0.1319,0.0891,0.0968,0.0931,0.1092,0.1319,0.084,0.1134,0.0979,0.0644,0.1201
CT013946,Zone_07,Zone_07,0.1418,0.1177,0.0818,0.1139,0.1358,0.0826,0.0672,0.1418,0.1029,0.0644,0.092
CT007536,Zone_10,Zone_05,0.1351,0.1021,0.0693,0.1064,0.0976,0.1351,0.0892,0.1042,0.1096,0.0828,0.1036
CT012403,Zone_08,Zone_06,0.1295,0.0857,0.0882,0.1022,0.1197,0.082,0.1295,0.1166,0.1039,0.0837,0.0885
CT012312,Zone_08,Zone_09,0.153,0.0862,0.0959,0.0855,0.0998,0.0871,0.1227,0.1088,0.0901,0.153,0.071
CT010677,Zone_08,Zone_09,0.1771,0.0824,0.1082,0.0952,0.069,0.1048,0.1063,0.0666,0.1015,0.1771,0.0888
CT005758,Zone_08,Zone_03,0.1245,0.0804,0.0911,0.1245,0.1183,0.1205,0.1028,0.1133,0.0948,0.0654,0.0889
CT005509,Zone_07,Zone_03,0.1267,0.1009,0.1149,0.1267,0.0908,0.1073,0.0984,0.0919,0.0939,0.0736,0.1016
CT004337,Zone_02,Zone_09,0.1656,0.0964,0.1117,0.0917,0.095,0.0778,0.0963,0.0832,0.0908,0.1656,0.0914
CT015227,Zone_04,Zone_09,0.1239,0.1001,0.1134,0.0886,0.0961,0.0903,0.0851,0.0969,0.0864,0.1239,0.1193
CT013272,Zone_08,Zone_06,0.1468,0.076,0.1108,0.0772,0.1071,0.1061,0.1468,0.076,0.1351,0.0545,0.1102
CT006556,Zone_05,Zone_08,0.1485,0.1333,0.0898,0.0847,0.0979,0.0994,0.1286,0.0798,0.1485,0.0565,0.0816
CT008256,Zone_01,Zone_06,0.1468,0.0695,0.0817,0.0922,0.1026,0.1075,0.1468,0.101,0.0885,0.1053,0.1049
CT002732,Zone_04,Zone_06,0.1382,0.0978,0.1084,0.1055,0.0821,0.0954,0.1382,0.1093,0.1088,0.0646,0.09
CT019964,Zone_10,Zone_08,0.1447,0.0913,0.0813,0.12,0.1091,0.077,0.0998,0.084,0.1447,0.1222,0.0705
CT011348,Zone_02,Zone_05,0.1639,0.1207,0.1061,0.1076,0.115,0.1639,0.0423,0.0815,0.0956,0.0655,0.1018
CT007445,Zone_02,Zone_09,0.2001,0.1053,0.0556,0.0828,0.1041,0.0883,0.1006,0.0789,0.102,0.2001,0.0821
CT017530,Zone_05,Zone_04,0.14,0.1154,0.0833,0.0919,0.14,0.1036,0.1146,0.1332,0.0933,0.0411,0.0837
CT007065,Zone_05,Zone_06,0.1264,0.0903,0.0972,0.102,0.0856,0.0842,0.1264,0.1195,0.0854,0.1024,0.107
CT004911,Zone_03,Zone_02,0.1451,0.1045,0.1451,0.1094,0.101,0.0818,0.0765,0.121,0.0935,0.0558,0.1113
CT012047,Zone_08,Zone_05,0.1302,0.1109,0.0771,0.1085,0.0952,0.1302,0.0952,0.0933,0.1162,0.0901,0.0834
CT015087,Zone_03,Zone_02,0.1236,0.1103,0.1236,0.1226,0.0887,0.1004,0.0911,0.1113,0.0866,0.0444,0.1211
CT002253,Zone_05,Zone_10,0.1334,0.117,0.0628,0.0921,0.0952,0.0963,0.1122,0.0723,0.1118,0.1069,0.1334
CT008690,Zone_07,Zone_02,0.1447,0.0621,0.1447,0.0965,0.1149,0.0972,0.1233,0.0916,0.1033,0.0687,0.0977
CT001401,Zone_08,Zone_08,0.1462,0.131,0.0934,0.083,0.1095,0.0864,0.1351,0.0796,0.1462,0.0444,0.0914
CT018264,Zone_08,Zone_08,0.1162,0.0882,0.0879,0.1119,0.1148,0.1036,0.0856,0.0996,0.1162,0.105,0.0873
CT012499,Zone_04,Zone_09,0.1894,0.1163,0.115,0.073,0.08,0.1104,0.053,0.0844,0.084,0.1894,0.0944
CT014188,Zone_08,Zone_05,0.1282,0.092,0.0785,0.1113,0.0894,0.1282,0.0855,0.0901,0.0969,0.1003,0.1278
CT001447,Zone_06,Zone_02,0.1558,0.092,0.1558,0.0857,0.0835,0.0746,0.1258,0.1002,0.0799,0.11,0.0926
CT005759,Zone_04,Zone_09,0.1435,0.0895,0.1002,0.0728,0.0856,0.1139,0.094,0.0956,0.0872,0.1435,0.1178
CT001867,Zone_10,Zone_09,0.1688,0.0733,0.0979,0.1197,0.0858,0.0904,0.0971,0.1041,0.0815,0.1688,0.0813
CT009660,Zone_05,Zone_09,0.1964,0.0867,0.0865,0.1114,0.0805,0.0854,0.0742,0.08,0.116,0.1964,0.0828
CT019407,Zone_07,Zone_10,0.1334,0.1033,0.1092,0.0877,0.0897,0.0952,0.0884,0.103,0.085,0.105,0.1334
CT000900,Zone_07,Zone_09,0.153,0.0874,0.1372,0.0823,0.0741,0.086,0.1244,0.087,0.0782,0.153,0.0905
CT010112,Zone_04,Zone_03,0.1251,0.0733,0.108,0.1251,0.1229,0.0692,0.0788,0.1221,0.0904,0.1222,0.088
CT000976,Zone_07,Zone_09,0.1297,0.1101,0.1231,0.1065,0.0915,0.1011,0.0689,0.0933,0.0948,0.1297,0.081
CT002203,Zone_06,Zone_09,0.183,0.0954,0.0864,0.095,0.0813,0.0693,0.1058,0.1003,0.0878,0.183,0.0958
CT011247,Zone_04,Zone_08,0.1511,0.104,0.0733,0.1117,0.1003,0.1042,0.1158,0.0848,0.1511,0.0597,0.0952
CT004561,Zone_09,Zone_08,0.1313,0.0954,0.0869,0.1227,0.1091,0.0975,0.0897,0.1016,0.1313,0.0878,0.0779
CT004110,Zone_07,Zone_09,0.1251,0.0973,0.1067,0.0906,0.1018,0.1005,0.1175,0.0779,0.0985,0.1251,0.0841
CT006240,Zone_08,Zone_10,0.1204,0.1077,0.0871,0.1117,0.0807,0.1098,0.0857,0.0829,0.1194,0.0945,0.1204
CT011917,Zone_07,Zone_05,0.1201,0.101,0.0917,0.0971,0.0834,0.1201,0.0968,0.1046,0.0998,0.0958,0.1097
CT012620,Zone_10,Zone_01,0.1367,0.1367,0.101,0.1137,0.1111,0.0985,0.0395,0.1059,0.1104,0.0787,0.1045
CT010265,Zone_04,Zone_01,0.1319,0.1319,0.1102,0.0975,0.0984,0.0765,0.0862,0.1001,0.1096,0.0729,0.1168
CT000252,Zone_07,Zone_04,0.1366,0.1025,0.0646,0.0899,0.1366,0.0907,0.1099,0.1331,0.0937,0.0768,0.1021
CT005214,Zone_06,Zone_05,0.1421,0.0996,0.0901,0.0765,0.0928,0.1421,0.0772,0.0984,0.0867,0.1178,0.1188
CT002858,Zone_08,Zone_09,0.1192,0.1008,0.1006,0.0951,0.0897,0.0874,0.1111,0.1139,0.0811,0.1192,0.101
CT007245,Zone_08,Zone_09,0.1311,0.1122,0.082,0.0995,0.1079,0.1052,0.069,0.1037,0.0863,0.1311,0.103
CT017432,Zone_03,Zone_05,0.1394,0.1006,0.0715,0.1047,0.0851,0.1394,0.1323,0.0776,0.1122,0.0683,0.1085
CT019637,Zone_07,Zone_09,0.1224,0.0892,0.1189,0.1064,0.0921,0.0879,0.0988,0.1087,0.0897,0.1224,0.0859
CT002286,Zone_03,Zone_09,0.1407,0.0888,0.0741,0.1251,0.1038,0.0926,0.0753,0.1019,0.093,0.1407,0.1047
CT009084,Zone_01,Zone_09,0.2082,0.0932,0.1107,0.0789,0.0883,0.0846,0.0657,0.1172,0.0608,0.2082,0.0924
CT005351,Zone_06,Zone_09,0.1413,0.0822,0.0689,0.1053,0.0933,0.1098,0.1273,0.079,0.0972,0.1413,0.0956
CT010137,Zone_08,Zone_08,0.1281,0.0808,0.0967,0.1262,0.0885,0.1071,0.1094,0.0789,0.1281,0.0789,0.1055
CT005355,Zone_06,Zone_07,0.1223,0.1158,0.0774,0.1185,0.0943,0.094,0.0722,0.1223,0.1007,0.0849,0.1199
CT015330,Zone_04,Zone_09,0.1412,0.0943,0.1175,0.1018,0.1051,0.0712,0.0951,0.0812,0.1173,0.1412,0.0752
CT012079,Zone_03,Zone_01,0.1341,0.1341,0.0874,0.1111,0.1055,0.0907,0.1076,0.1053,0.1178,0.0525,0.088
CT013800,Zone_08,Zone_03,0.1312,0.0766,0.0933,0.1312,0.0859,0.1132,0.1244,0.1054,0.0893,0.0987,0.0818
CT005866,Zone_04,Zone_07,0.1296,0.0822,0.127,0.0768,0.1058,0.0935,0.111,0.1296,0.0908,0.0676,0.1157
CT014015,Zone_07,Zone_05,0.1344,0.1286,0.095,0.088,0.1089,0.1344,0.092,0.1123,0.0756,0.0696,0.0956
CT007002,Zone_06,Zone_01,0.129,0.129,0.0953,0.0827,0.1055,0.1045,0.1146,0.1031,0.1229,0.057,0.0854
CT017012,Zone_03,Zone_01,0.1205,0.1205,0.0969,0.1097,0.0896,0.1172,0.0869,0.0989,0.1126,0.0574,0.1103
CT011461,Zone_08,Zone_10,0.1242,0.0917,0.0851,0.0846,0.0825,0.0944,0.1182,0.1012,0.0947,0.1234,0.1242
CT013966,Zone_10,Zone_06,0.1223,0.1043,0.1104,0.0803,0.0846,0.1024,0.1223,0.1028,0.1112,0.0941,0.0876
CT010263,Zone_02,Zone_07,0.1302,0.0924,0.0869,0.1174,0.1184,0.069,0.0812,0.1302,0.1152,0.083,0.1064
CT002931,Zone_07,Zone_09,0.1301,0.0914,0.0837,0.1077,0.0854,0.105,0.095,0.0898,0.1077,0.1301,0.1041
CT010205,Zone_08,Zone_09,0.1556,0.0876,0.0948,0.0966,0.0788,0.0916,0.0909,0.106,0.0892,0.1556,0.1087
CT012727,Zone_06,Zone_01,0.143,0.143,0.0832,0.0995,0.1238,0.1133,0.0672,0.1143,0.0879,0.0593,0.1087
CT003516,Zone_07,Zone_09,0.1779,0.0936,0.106,0.0809,0.077,0.0889,0.0993,0.087,0.091,0.1779,0.0985
CT008486,Zone_07,Zone_05,0.1724,0.075,0.0985,0.0898,0.0773,0.1724,0.1269,0.0828,0.0812,0.089,0.1071
CT008082,Zone_08,Zone_08,0.1341,0.0881,0.0741,0.1114,0.0829,0.1298,0.1098,0.0858,0.1341,0.0718,0.1122
CT006042,Zone_02,Zone_05,0.1487,0.1098,0.0806,0.0966,0.1059,0.1487,0.0728,0.101,0.1015,0.0905,0.0926
CT018468,Zone_03,Zone_07,0.1275,0.1062,0.1093,0.1156,0.0899,0.0932,0.1092,0.1275,0.0818,0.0761,0.0912
CT016401,Zone_06,Zone_09,0.1675,0.0742,0.0927,0.0989,0.0804,0.0777,0.1168,0.1029,0.0992,0.1675,0.09
CT003489,Zone_01,Zone_10,0.1335,0.1147,0.0819,0.094,0.0942,0.0891,0.1091,0.0856,0.1051,0.0928,0.1335
CT016396,Zone_04,Zone_06,0.155,0.084,0.1205,0.1108,0.0842,0.091,0.155,0.0894,0.0948,0.0674,0.1029
CT007265,Zone_08,Zone_08,0.1375,0.1027,0.1058,0.0984,0.0812,0.1171,0.1016,0.0711,0.1375,0.0702,0.1144
CT010317,Zone_04,Zone_05,0.1271,0.0994,0.0718,0.1015,0.0952,0.1271,0.1082,0.0841,0.1245,0.0976,0.0907
CT010209,Zone_04,Zone_08,0.1234,0.0885,0.1073,0.0979,0.1159,0.087,0.1128,0.0959,0.1234,0.0567,0.1146
CT001339,Zone_07,Zone_09,0.1324,0.1139,0.076,0.121,0.0867,0.0976,0.074,0.095,0.1133,0.1324,0.09
CT000309,Zone_04,Zone_04,0.1244,0.0875,0.0986,0.0881,0.1244,0.1223,0.0807,0.1228,0.083,0.0729,0.1197
CT012760,Zone_08,Zone_07,0.1418,0.0973,0.092,0.1034,0.0948,0.126,0.0823,0.1418,0.081,0.0806,0.1009
CT013436,Zone_08,Zone_03,0.1368,0.1063,0.1211,0.1368,0.1141,0.1027,0.0758,0.12,0.0778,0.0597,0.0855
CT000328,Zone_07,Zone_03,0.1286,0.1043,0.1006,0.1286,0.1003,0.0887,0.0791,0.0889,0.1092,0.0996,0.1006
CT008186,Zone_06,Zone_02,0.1305,0.1286,0.1305,0.1136,0.1115,0.1081,0.0471,0.0792,0.0945,0.0634,0.1235
CT011835,Zone_04,Zone_01,0.1292,0.1292,0.1253,0.1187,0.0978,0.0668,0.0644,0.1162,0.1025,0.0665,0.1127
CT016186,Zone_03,Zone_06,0.1679,0.0872,0.0907,0.0902,0.1233,0.0928,0.1679,0.0821,0.142,0.0443,0.0795
CT005945,Zone_02,Zone_04,0.1483,0.1019,0.0928,0.0942,0.1483,0.1157,0.0882,0.0863,0.1367,0.0356,0.1004
CT015121,Zone_04,Zone_06,0.1143,0.0961,0.0899,0.0991,0.0805,0.1122,0.1143,0.104,0.0948,0.1053,0.1039
CT017533,Zone_01,Zone_02,0.1403,0.1114,0.1403,0.1202,0.0959,0.0749,0.0831,0.126,0.0713,0.077,0.1
CT016531,Zone_08,Zone_10,0.132,0.1082,0.1057,0.1006,0.1053,0.0947,0.0745,0.1008,0.1004,0.0779,0.132
CT005776,Zone_02,Zone_06,0.1554,0.0589,0.122,0.088,0.1227,0.0746,0.1554,0.0752,0.136,0.0879,0.0791
CT009633,Zone_04,Zone_03,0.1274,0.0907,0.0967,0.1274,0.0923,0.1144,0.0906,0.0769,0.1202,0.0878,0.1029
CT015682,Zone_08,Zone_07,0.1277,0.1066,0.1126,0.1023,0.1054,0.0954,0.0868,0.1277,0.0817,0.0833,0.0983
CT007555,Zone_08,Zone_05,0.1558,0.0824,0.1038,0.0899,0.0847,0.1558,0.1132,0.0932,0.0828,0.0904,0.1038
CT009636,Zone_02,Zone_07,0.1279,0.1223,0.0833,0.1066,0.1062,0.0943,0.0647,0.1279,0.0841,0.1057,0.1048
CT001676,Zone_10,Zone_07,0.1291,0.0883,0.1184,0.1268,0.0908,0.0971,0.1222,0.1291,0.0728,0.062,0.0926
CT010219,Zone_02,Zone_05,0.1338,0.1194,0.0927,0.0775,0.0987,0.1338,0.0771,0.1005,0.0907,0.1214,0.0883
CT008367,Zone_03,Zone_08,0.1483,0.0979,0.1367,0.0747,0.1154,0.0887,0.132,0.0797,0.1483,0.0272,0.0994
CT002862,Zone_07,Zone_06,0.1424,0.0853,0.098,0.0827,0.1126,0.0953,0.1424,0.1142,0.0812,0.0895,0.0988
CT000102,Zone_07,Zone_04,0.1727,0.139,0.0919,0.1384,0.1727,0.0539,0.042,0.1624,0.0679,0.0386,0.0933
CT005383,Zone_07,Zone_03,0.14,0.1282,0.1204,0.14,0.1074,0.132,0.0378,0.0744,0.0933,0.0562,0.1103
CT012289,Zone_10,Zone_01,0.1354,0.1354,0.0815,0.0922,0.1069,0.0985,0.0887,0.1008,0.0921,0.1073,0.0965
CT007487,Zone_04,Zone_02,0.1424,0.09,0.1424,0.0889,0.1207,0.0711,0.0935,0.1207,0.1144,0.04,0.1182
CT014635,Zone_03,Zone_06,0.1318,0.0987,0.0691,0.0998,0.0945,0.1228,0.1318,0.0945,0.0814,0.1135,0.094
CT012661,Zone_10,Zone_09,0.1338,0.1014,0.0799,0.1114,0.0992,0.1113,0.0584,0.0832,0.1186,0.1338,0.1028
CT016463,Zone_03,Zone_01,0.1274,0.1274,0.0908,0.0916,0.1016,0.1089,0.1115,0.101,0.0994,0.0836,0.0841
CT002361,Zone_07,Zone_08,0.1479,0.1223,0.1037,0.1055,0.0958,0.0794,0.1042,0.0883,0.1479,0.0559,0.097
CT005168,Zone_07,Zone_09,0.1277,0.0949,0.1241,0.1024,0.0825,0.09,0.0658,0.0951,0.0936,0.1277,0.1239
CT008420,Zone_03,Zone_03,0.1428,0.0818,0.0969,0.1428,0.0972,0.1077,0.0879,0.1175,0.1011,0.0646,0.1024
CT013432,Zone_08,Zone_05,0.129,0.117,0.0815,0.1111,0.1064,0.129,0.0871,0.1037,0.1109,0.0649,0.0884
CT009528,Zone_03,Zone_01,0.1247,0.1247,0.0728,0.095,0.1192,0.1138,0.0659,0.1107,0.1063,0.0986,0.0929
CT009646,Zone_08,Zone_01,0.1549,0.1549,0.149,0.1149,0.1321,0.1028,0.0275,0.111,0.0704,0.0471,0.0902
CT007356,Zone_05,Zone_02,0.1335,0.1124,0.1335,0.1038,0.0909,0.0654,0.1067,0.113,0.1062,0.0543,0.1138
CT007366,Zone_03,Zone_03,0.1253,0.0798,0.123,0.1253,0.0849,0.0941,0.1035,0.0994,0.1032,0.079,0.1078
CT006483,Zone_07,Zone_07,0.1249,0.1239,0.0867,0.1147,0.1119,0.1081,0.0842,0.1249,0.0924,0.0787,0.0744
CT005963,Zone_08,Zone_04,0.1608,0.0818,0.0553,0.0909,0.1608,0.0699,0.1003,0.1592,0.1093,0.0324,0.14
CT005657,Zone_06,Zone_09,0.1218,0.1046,0.0654,0.107,0.091,0.1129,0.0899,0.1032,0.1035,0.1218,0.1007
CT001604,Zone_07,Zone_06,0.1416,0.0819,0.0814,0.0902,0.0957,0.1139,0.1416,0.1137,0.0772,0.1068,0.0975
CT001776,Zone_07,Zone_01,0.1505,0.1505,0.1454,0.1273,0.1121,0.0945,0.0678,0.1256,0.0918,0.0222,0.0628
CT002184,Zone_03,Zone_06,0.1364,0.0772,0.0832,0.0964,0.074,0.1256,0.1364,0.0845,0.108,0.0996,0.1152
CT010406,Zone_01,Zone_06,0.1173,0.105,0.1068,0.0919,0.0894,0.0992,0.1173,0.0896,0.0977,0.1043,0.0989
CT004360,Zone_07,Zone_06,0.135,0.074,0.1033,0.1187,0.0923,0.1024,0.135,0.0994,0.0852,0.116,0.0737
CT019316,Zone_03,Zone_09,0.1461,0.0889,0.1092,0.1208,0.1095,0.0672,0.0868,0.0814,0.1167,0.1461,0.0734
CT017514,Zone_04,Zone_06,0.127,0.0895,0.0911,0.1134,0.0788,0.1026,0.127,0.0928,0.1086,0.0897,0.1065
CT015877,Zone_06,Zone_01,0.1236,0.1236,0.0886,0.0912,0.0948,0.1113,0.0737,0.0822,0.0926,0.123,0.1189
CT009447,Zone_07,Zone_06,0.136,0.0999,0.0976,0.0891,0.083,0.0821,0.136,0.0847,0.1233,0.091,0.1133
CT002853,Zone_07,Zone_01,0.1182,0.1182,0.1074,0.0867,0.0901,0.097,0.1175,0.0992,0.1142,0.0613,0.1084
CT003577,Zone_07,Zone_10,0.1171,0.1045,0.0936,0.1067,0.0975,0.0951,0.1036,0.1051,0.1145,0.0622,0.1171
CT007796,Zone_07,Zone_06,0.1306,0.1139,0.0893,0.0967,0.0989,0.114,0.1306,0.098,0.0906,0.0651,0.1029
CT007836,Zone_04,Zone_06,0.1508,0.0963,0.0674,0.1043,0.0978,0.0822,0.1508,0.0923,0.128,0.0382,0.1426
CT014447,Zone_08,Zone_09,0.1166,0.0958,0.1019,0.0976,0.0953,0.0845,0.1101,0.1101,0.0824,0.1166,0.1057
CT000714,Zone_06,Zone_02,0.1289,0.0754,0.1289,0.0987,0.1039,0.0867,0.1243,0.1024,0.1142,0.0522,0.1133
CT017037,Zone_10,Zone_02,0.1235,0.0955,0.1235,0.0913,0.0864,0.0855,0.1154,0.1154,0.088,0.0802,0.1188
CT013630,Zone_08,Zone_08,0.1297,0.1284,0.0852,0.0799,0.0959,0.1195,0.1038,0.089,0.1297,0.0843,0.0843
CT010660,Zone_08,Zone_06,0.1224,0.1043,0.103,0.0996,0.0813,0.1006,0.1224,0.0953,0.0997,0.1038,0.09
CT000052,Zone_02,Zone_06,0.1378,0.0968,0.1353,0.0815,0.0767,0.1043,0.1378,0.0682,0.1264,0.0694,0.1036
CT019391,Zone_04,Zone_03,0.135,0.101,0.1061,0.135,0.1037,0.0663,0.0774,0.1074,0.1184,0.0908,0.0938
CT017627,Zone_08,Zone_08,0.1439,0.1039,0.0694,0.1048,0.0974,0.0959,0.1158,0.0869,0.1439,0.083,0.099
CT001028,Zone_05,Zone_08,0.1247,0.1037,0.1026,0.1078,0.0957,0.084,0.1223,0.0837,0.1247,0.0631,0.1124
CT010703,Zone_03,Zone_09,0.12,0.1104,0.116,0.0991,0.1007,0.1028,0.0912,0.0999,0.0834,0.12,0.0764
CT003315,Zone_04,Zone_05,0.1163,0.0908,0.1044,0.0941,0.1036,0.1163,0.1134,0.0984,0.0872,0.0795,0.1124
CT008272,Zone_03,Zone_10,0.1345,0.081,0.0946,0.1041,0.0969,0.111,0.0974,0.1022,0.0986,0.0798,0.1345
CT019381,Zone_02,Zone_08,0.1346,0.1244,0.072,0.0897,0.0858,0.1021,0.1058,0.0775,0.1346,0.1277,0.0805
CT006600,Zone_05,Zone_09,0.1374,0.087,0.1271,0.1033,0.0811,0.0892,0.0957,0.0885,0.0962,0.1374,0.0946
CT006128,Zone_02,Zone_05,0.1328,0.1052,0.0682,0.0923,0.0847,0.1328,0.1279,0.0765,0.1011,0.0911,0.1202
CT009926,Zone_10,Zone_03,0.1393,0.0872,0.119,0.1393,0.106,0.0955,0.068,0.0992,0.1006,0.0913,0.0939
CT001353,Zone_04,Zone_09,0.1386,0.1139,0.0862,0.0979,0.1068,0.1042,0.0541,0.0838,0.1133,0.1386,0.1013
CT002561,Zone_08,Zone_08,0.1571,0.0929,0.1189,0.1088,0.134,0.0869,0.0983,0.0882,0.1571,0.0299,0.085
CT000322,Zone_08,Zone_03,0.1334,0.0933,0.0681,0.1334,0.0939,0.1182,0.0871,0.1328,0.0986,0.0835,0.0911
CT011146,Zone_07,Zone_02,0.1309,0.0713,0.1309,0.1065,0.0889,0.086,0.129,0.1057,0.0823,0.1044,0.095
CT005484,Zone_05,Zone_06,0.1217,0.1059,0.1017,0.086,0.0807,0.1082,0.1217,0.088,0.0964,0.1158,0.0955
CT001103,Zone_07,Zone_09,0.1215,0.1086,0.0836,0.098,0.1159,0.0945,0.1092,0.0873,0.0851,0.1215,0.0963
CT011025,Zone_04,Zone_01,0.1127,0.1127,0.1067,0.0809,0.0983,0.1091,0.1094,0.0883,0.0882,0.0991,0.1073
CT011359,Zone_01,Zone_02,0.1256,0.1023,0.1256,0.099,0.0904,0.0821,0.104,0.1221,0.085,0.068,0.1216
CT014082,Zone_03,Zone_07,0.1332,0.1286,0.0922,0.1051,0.1096,0.1033,0.0947,0.1332,0.0803,0.0692,0.0838
CT001252,Zone_03,Zone_08,0.1348,0.1139,0.0906,0.1079,0.1072,0.0792,0.0917,0.1012,0.1348,0.0776,0.0961
CT004098,Zone_08,Zone_09,0.1507,0.1007,0.0532,0.0914,0.0948,0.0942,0.113,0.1078,0.0924,0.1507,0.1017
CT010098,Zone_10,Zone_07,0.1223,0.099,0.0641,0.1198,0.0957,0.1186,0.0819,0.1223,0.1114,0.0872,0.0999
CT007311,Zone_05,Zone_05,0.1321,0.1307,0.0915,0.0977,0.1028,0.1321,0.0598,0.0913,0.1242,0.0738,0.096
CT004684,Zone_08,Zone_08,0.1276,0.0874,0.1161,0.0852,0.1179,0.0984,0.1244,0.0843,0.1276,0.0469,0.1116
CT013783,Zone_07,Zone_09,0.1511,0.0819,0.1055,0.1073,0.0883,0.0812,0.1065,0.091,0.0993,0.1511,0.0879
CT015509,Zone_03,Zone_09,0.1491,0.0773,0.0893,0.0775,0.1159,0.0738,0.1262,0.1109,0.0912,0.1491,0.0886
CT014916,Zone_01,Zone_09,0.1398,0.1042,0.1014,0.098,0.1075,0.0875,0.0796,0.1141,0.0796,0.1398,0.0884
CT006085,Zone_03,Zone_05,0.1457,0.0962,0.1013,0.0747,0.1317,0.1457,0.0701,0.1221,0.0836,0.0612,0.1134
CT011541,Zone_07,Zone_10,0.127,0.1038,0.0918,0.1054,0.0807,0.1038,0.0834,0.0867,0.1058,0.1115,0.127
CT014396,Zone_01,Zone_06,0.1342,0.0927,0.0742,0.1055,0.1059,0.0915,0.1342,0.1021,0.1259,0.0664,0.1015
CT004921,Zone_05,Zone_09,0.1591,0.095,0.1097,0.0861,0.0933,0.1185,0.0826,0.0854,0.0904,0.1591,0.0798
CT012287,Zone_07,Zone_02,0.1473,0.0797,0.1473,0.1149,0.0991,0.0922,0.1249,0.1171,0.0727,0.0466,0.1056
CT012410,Zone_07,Zone_05,0.1481,0.0948,0.0867,0.0703,0.0993,0.1481,0.0751,0.0917,0.0878,0.1264,0.1198
CT012359,Zone_06,Zone_10,0.1269,0.1088,0.0887,0.0821,0.0885,0.1218,0.1068,0.0833,0.0989,0.0942,0.1269
CT006848,Zone_08,Zone_07,0.1574,0.1024,0.0744,0.123,0.1406,0.0609,0.1133,0.1574,0.0849,0.0672,0.0757
CT015402,Zone_05,Zone_06,0.1245,0.1068,0.0795,0.077,0.0955,0.1194,0.1245,0.1058,0.1007,0.0881,0.1026
CT014963,Zone_02,Zone_07,0.1144,0.1085,0.0837,0.1002,0.104,0.1142,0.1074,0.1144,0.0895,0.0906,0.0876
CT012127,Zone_04,Zone_10,0.123,0.1107,0.1107,0.1091,0.0871,0.1118,0.0715,0.091,0.1137,0.0714,0.123
CT006397,Zone_07,Zone_02,0.1256,0.123,0.1256,0.0948,0.0817,0.1015,0.0683,0.1021,0.0913,0.1136,0.0981
CT004945,Zone_07,Zone_10,0.111,0.1093,0.1036,0.0897,0.0894,0.103,0.1061,0.1106,0.0938,0.0835,0.111
CT019370,Zone_07,Zone_08,0.1438,0.121,0.0962,0.1283,0.0862,0.0866,0.0979,0.096,0.1438,0.0421,0.1019
CT011784,Zone_08,Zone_03,0.1294,0.0909,0.1148,0.1294,0.0917,0.0997,0.084,0.1014,0.1166,0.081,0.0905
CT008605,Zone_08,Zone_03,0.1117,0.0964,0.0998,0.1117,0.0983,0.1068,0.0869,0.1092,0.0848,0.1067,0.0993
CT015199,Zone_03,Zone_07,0.1445,0.0883,0.0938,0.1043,0.1214,0.0656,0.1001,0.1445,0.108,0.0817,0.0923
CT019332,Zone_07,Zone_02,0.1381,0.113,0.1381,0.0845,0.0929,0.09,0.0807,0.1173,0.0823,0.0887,0.1124
CT009119,Zone_08,Zone_05,0.1268,0.0912,0.0724,0.105,0.0988,0.1268,0.1123,0.0997,0.0908,0.1109,0.092
CT006581,Zone_07,Zone_04,0.1244,0.0763,0.1155,0.0797,0.1244,0.083,0.1104,0.105,0.0962,0.1168,0.0927
CT005589,Zone_08,Zone_01,0.1375,0.1375,0.0755,0.1238,0.1132,0.0969,0.0745,0.1079,0.1131,0.0485,0.1092
CT006872,Zone_08,Zone_01,0.135,0.135,0.0928,0.1019,0.1087,0.096,0.0995,0.0886,0.0993,0.0612,0.1169
CT008563,Zone_07,Zone_03,0.1337,0.0949,0.0759,0.1337,0.1028,0.0971,0.0885,0.0765,0.1098,0.1087,0.1121
CT011130,Zone_07,Zone_03,0.1607,0.1455,0.1301,0.1607,0.11,0.0966,0.063,0.1144,0.1024,0.0112,0.066
CT003852,Zone_04,Zone_06,0.1343,0.1004,0.0752,0.1335,0.0871,0.0732,0.1343,0.0972,0.1223,0.0725,0.1042
CT007623,Zone_03,Zone_02,0.1318,0.0811,0.1318,0.0668,0.1225,0.1294,0.1261,0.0832,0.1002,0.0545,0.1043
CT015828,Zone_07,Zone_05,0.1324,0.1264,0.0869,0.0953,0.0969,0.1324,0.057,0.1166,0.1002,0.0802,0.1082
CT016460,Zone_04,Zone_05,0.1335,0.1047,0.074,0.1068,0.1091,0.1335,0.1045,0.1031,0.1285,0.0297,0.1062
CT009274,Zone_07,Zone_10,0.1299,0.086,0.1097,0.0837,0.1105,0.0942,0.092,0.1264,0.0899,0.0776,0.1299
CT008660,Zone_08,Zone_09,0.2408,0.0774,0.0847,0.1072,0.0782,0.0901,0.0758,0.0783,0.0989,0.2408,0.0687
CT005494,Zone_04,Zone_10,0.1326,0.1303,0.0712,0.1056,0.1078,0.1095,0.0816,0.0933,0.0971,0.0708,0.1326
CT011753,Zone_08,Zone_09,0.1588,0.0774,0.1024,0.0631,0.0928,0.112,0.1218,0.0847,0.0896,0.1588,0.0973
CT012187,Zone_02,Zone_07,0.1472,0.0886,0.0573,0.1163,0.1305,0.0322,0.1456,0.1472,0.1167,0.0429,0.1229
CT014550,Zone_02,Zone_09,0.1327,0.0821,0.0763,0.1104,0.0879,0.1009,0.1172,0.073,0.1203,0.1327,0.0992
CT018968,Zone_07,Zone_04,0.15,0.0785,0.0757,0.0811,0.15,0.0802,0.1159,0.0767,0.1377,0.1255,0.0788
CT014013,Zone_07,Zone_01,0.1319,0.1319,0.0846,0.1039,0.1102,0.0796,0.1085,0.1014,0.1183,0.0634,0.0983
CT014086,Zone_04,Zone_07,0.1284,0.1021,0.0932,0.1058,0.0882,0.0858,0.0624,0.1284,0.0868,0.1247,0.1224
CT018953,Zone_06,Zone_01,0.1237,0.1237,0.1211,0.1127,0.0971,0.0649,0.0854,0.1075,0.1049,0.0715,0.1112
CT004587,Zone_07,Zone_10,0.1383,0.1123,0.1011,0.1001,0.1122,0.1264,0.0828,0.0875,0.0881,0.0512,0.1383
CT015242,Zone_07,Zone_09,0.1549,0.1009,0.0809,0.0823,0.0941,0.0909,0.0809,0.1022,0.0905,0.1549,0.1223
CT007558,Zone_04,Zone_02,0.126,0.1009,0.126,0.0864,0.0969,0.0821,0.1064,0.1081,0.0832,0.0855,0.1244
CT018485,Zone_07,Zone_05,0.1311,0.1134,0.0721,0.1079,0.0852,0.1311,0.1198,0.0761,0.1084,0.0796,0.1064
CT019026,Zone_07,Zone_04,0.1242,0.0828,0.103,0.0776,0.1242,0.1137,0.1103,0.0939,0.1176,0.0598,0.117
CT007057,Zone_07,Zone_09,0.1557,0.0994,0.0917,0.1151,0.1016,0.0926,0.074,0.0863,0.0941,0.1557,0.0894
CT000573,Zone_08,Zone_01,0.1363,0.1363,0.0981,0.0966,0.0968,0.0905,0.0852,0.0899,0.1175,0.0677,0.1213
CT004311,Zone_07,Zone_06,0.147,0.1041,0.0958,0.0881,0.1395,0.0911,0.147,0.0982,0.1228,0.0303,0.0831
CT010248,Zone_05,Zone_03,0.1474,0.09,0.1066,0.1474,0.1129,0.0892,0.1019,0.1145,0.1128,0.0385,0.0863
CT008680,Zone_07,Zone_01,0.1198,0.1198,0.0705,0.1065,0.1129,0.111,0.0683,0.109,0.1098,0.0949,0.0972
CT014852,Zone_07,Zone_09,0.1628,0.0865,0.0972,0.101,0.1032,0.0801,0.1101,0.1042,0.0867,0.1628,0.0681
CT009878,Zone_07,Zone_06,0.1449,0.0808,0.1355,0.0939,0.1207,0.0637,0.1449,0.1226,0.0889,0.0456,0.1034
CT017732,Zone_02,Zone_06,0.1514,0.0755,0.1094,0.1027,0.121,0.1019,0.1514,0.0831,0.1245,0.0377,0.0927
CT012447,Zone_07,Zone_03,0.1322,0.085,0.0906,0.1322,0.0902,0.1018,0.1151,0.0838,0.1098,0.1129,0.0785
CT018192,Zone_03,Zone_05,0.1216,0.0977,0.0721,0.1151,0.0885,0.1216,0.1132,0.0933,0.1135,0.0997,0.0853
CT014768,Zone_08,Zone_07,0.131,0.095,0.0934,0.1174,0.1191,0.0544,0.0957,0.131,0.1054,0.0932,0.0954
CT018980,Zone_08,Zone_08,0.1437,0.0863,0.0842,0.1109,0.1418,0.0969,0.0622,0.1029,0.1437,0.0695,0.1016
CT017075,Zone_08,Zone_01,0.1203,0.1203,0.0908,0.1152,0.0901,0.088,0.095,0.1026,0.1028,0.0761,0.1191
CT010812,Zone_08,Zone_01,0.1175,0.1175,0.1137,0.1042,0.1043,0.0974,0.1049,0.1,0.0904,0.0746,0.093
CT013717,Zone_08,Zone_04,0.1458,0.1211,0.1129,0.0907,0.1458,0.1029,0.1045,0.13,0.0899,0.0278,0.0746
CT012100,Zone_08,Zone_08,0.1302,0.1118,0.0928,0.087,0.1265,0.1088,0.1057,0.09,0.1302,0.0256,0.1216
CT002967,Zone_04,Zone_03,0.1233,0.1026,0.1107,0.1233,0.0874,0.0801,0.0972,0.0978,0.105,0.0917,0.1041
CT008202,Zone_10,Zone_01,0.1136,0.1136,0.1031,0.1102,0.1044,0.0968,0.0871,0.1008,0.0989,0.0978,0.0874
CT009506,Zone_08,Zone_10,0.1369,0.0845,0.083,0.1,0.0808,0.1285,0.0895,0.0937,0.1113,0.0918,0.1369
CT018480,Zone_03,Zone_04,0.1286,0.1074,0.1054,0.0914,0.1286,0.0718,0.0758,0.1187,0.099,0.0998,0.102
CT009950,Zone_07,Zone_04,0.1392,0.0767,0.1064,0.1323,0.1392,0.062,0.1004,0.1345,0.086,0.0994,0.0631
CT005137,Zone_02,Zone_04,0.1544,0.0682,0.1527,0.1049,0.1544,0.0912,0.1082,0.089,0.0889,0.062,0.0807
CT002043,Zone_08,Zone_05,0.1607,0.0848,0.08,0.0892,0.0858,0.1607,0.099,0.0893,0.0952,0.1075,0.1084
CT006956,Zone_08,Zone_10,0.1213,0.1185,0.108,0.1111,0.0858,0.1087,0.082,0.0944,0.1048,0.0655,0.1213
CT003442,Zone_01,Zone_09,0.1608,0.0925,0.0827,0.0743,0.0941,0.1043,0.095,0.1026,0.0797,0.1608,0.1141
CT017824,Zone_07,Zone_09,0.1437,0.0881,0.0807,0.1139,0.0878,0.0896,0.0849,0.1201,0.0853,0.1437,0.1059
CT013005,Zone_08,Zone_04,0.1318,0.0897,0.0742,0.125,0.1318,0.0613,0.1243,0.1208,0.099,0.0858,0.0881
CT006435,Zone_07,Zone_07,0.1552,0.1037,0.0716,0.1287,0.1303,0.0723,0.074,0.1552,0.1141,0.0647,0.0854
CT014886,Zone_07,Zone_09,0.158,0.1003,0.0773,0.0888,0.0821,0.112,0.0942,0.0742,0.1242,0.158,0.089
CT015690,Zone_10,Zone_04,0.1507,0.1232,0.0961,0.0856,0.1507,0.1266,0.0639,0.1154,0.112,0.0434,0.0831
CT019298,Zone_07,Zone_07,0.1685,0.0856,0.1153,0.1218,0.1281,0.06,0.0584,0.1685,0.0795,0.0987,0.0842
CT001736,Zone_07,Zone_02,0.1209,0.0952,0.1209,0.0992,0.0779,0.1149,0.1088,0.0797,0.0989,0.0964,0.1082
CT015709,Zone_04,Zone_02,0.1614,0.1436,0.1614,0.1357,0.1174,0.0867,0.0515,0.1279,0.0849,0.0272,0.0636
CT018558,Zone_01,Zone_06,0.1471,0.1021,0.1,0.0966,0.0705,0.1135,0.1471,0.0603,0.1417,0.0828,0.0855
CT012394,Zone_02,Zone_03,0.1231,0.0834,0.0891,0.1231,0.0959,0.0999,0.1132,0.0955,0.107,0.1088,0.0842
CT014824,Zone_06,Zone_02,0.1636,0.0949,0.1636,0.1259,0.091,0.0774,0.0851,0.1065,0.0726,0.0822,0.1007
CT012795,Zone_01,Zone_08,0.1381,0.1169,0.1051,0.0906,0.075,0.1043,0.0811,0.0786,0.1381,0.1163,0.094
CT005809,Zone_02,Zone_06,0.1512,0.1279,0.0656,0.0957,0.0993,0.0872,0.1512,0.0771,0.1184,0.0672,0.1104
CT019615,Zone_04,Zone_04,0.1393,0.0896,0.1138,0.0915,0.1393,0.0846,0.108,0.107,0.1186,0.0458,0.1018
CT014388,Zone_08,Zone_06,0.1126,0.1096,0.0791,0.1114,0.0897,0.0975,0.1126,0.1095,0.0888,0.0933,0.1084
CT016434,Zone_06,Zone_03,0.1267,0.1074,0.1161,0.1267,0.0858,0.0826,0.0656,0.1058,0.1023,0.0873,0.1204
CT000327,Zone_07,Zone_09,0.173,0.0908,0.1205,0.0746,0.0862,0.1196,0.0701,0.0908,0.0721,0.173,0.1024
CT013675,Zone_07,Zone_09,0.1173,0.0955,0.1106,0.0928,0.0873,0.105,0.0907,0.1166,0.0856,0.1173,0.0987
CT005286,Zone_03,Zone_10,0.1249,0.1004,0.0791,0.1228,0.0909,0.0916,0.0964,0.086,0.1106,0.0972,0.1249
CT016966,Zone_07,Zone_01,0.1306,0.1306,0.0653,0.1024,0.1161,0.0785,0.0979,0.1019,0.0887,0.1201,0.0984
CT008176,Zone_06,Zone_02,0.1312,0.1076,0.1312,0.0811,0.0936,0.075,0.1043,0.0982,0.0843,0.1244,0.1003
CT008244,Zone_05,Zone_08,0.1415,0.1288,0.0963,0.0785,0.0932,0.1237,0.1019,0.0753,0.1415,0.0697,0.0911
CT002473,Zone_08,Zone_05,0.1481,0.097,0.0912,0.0722,0.094,0.1481,0.0804,0.1,0.0916,0.1095,0.116
CT001855,Zone_07,Zone_01,0.1241,0.1241,0.0646,0.0955,0.1045,0.1174,0.1066,0.1062,0.0883,0.0884,0.1046
CT005475,Zone_08,Zone_05,0.1638,0.0674,0.0945,0.0789,0.1073,0.1638,0.1134,0.0971,0.0845,0.0877,0.1053
CT015934,Zone_10,Zone_09,0.1125,0.0968,0.1101,0.1074,0.0991,0.1078,0.0941,0.0945,0.0929,0.1125,0.0847
CT006628,Zone_08,Zone_09,0.1935,0.0818,0.0993,0.0881,0.091,0.0851,0.1046,0.081,0.09,0.1935,0.0855
CT012025,Zone_07,Zone_09,0.146,0.1069,0.0835,0.0883,0.1121,0.0846,0.0781,0.1187,0.0968,0.146,0.0851
CT019266,Zone_06,Zone_02,0.1331,0.0736,0.1331,0.1023,0.1202,0.0961,0.1169,0.0949,0.1067,0.0564,0.0998
CT010615,Zone_07,Zone_01,0.1244,0.1244,0.115,0.0859,0.1,0.1033,0.1113,0.0819,0.1099,0.0709,0.0974
CT009226,Zone_07,Zone_07,0.1472,0.0982,0.0713,0.1205,0.1251,0.0762,0.0825,0.1472,0.1192,0.0752,0.0846
CT013100,Zone_05,Zone_06,0.1187,0.0969,0.082,0.0963,0.0769,0.1152,0.1187,0.08,0.107,0.1157,0.1112
CT008225,Zone_04,Zone_09,0.1365,0.081,0.1107,0.0831,0.0954,0.1187,0.097,0.1035,0.0862,0.1365,0.0879
CT016089,Zone_07,Zone_07,0.1311,0.0872,0.1238,0.1014,0.1118,0.1287,0.078,0.1311,0.0629,0.0775,0.0976
CT019846,Zone_04,Zone_09,0.1247,0.0993,0.1008,0.0874,0.083,0.0884,0.1233,0.0908,0.1005,0.1247,0.1018
CT000487,Zone_08,Zone_04,0.1806,0.0612,0.0625,0.1229,0.1806,0.0328,0.1208,0.125,0.1324,0.0773,0.0846
CT015888,Zone_03,Zone_09,0.144,0.1043,0.0958,0.0833,0.0835,0.0915,0.1147,0.0866,0.0947,0.144,0.1016
CT012030,Zone_07,Zone_09,0.1188,0.1023,0.1182,0.0993,0.1165,0.0871,0.0765,0.0916,0.085,0.1188,0.1047
CT002869,Zone_10,Zone_02,0.1305,0.0964,0.1305,0.0894,0.1222,0.0828,0.0855,0.1002,0.1095,0.0597,0.1238
CT019107,Zone_07,Zone_09,0.1376,0.0834,0.0687,0.1215,0.1027,0.0995,0.1149,0.0813,0.0965,0.1376,0.0938
CT012004,Zone_09,Zone_02,0.1335,0.0737,0.1335,0.0766,0.099,0.1024,0.1125,0.1023,0.0863,0.1026,0.1111
CT001056,Zone_08,Zone_02,0.1302,0.095,0.1302,0.104,0.101,0.0884,0.0832,0.1255,0.0874,0.0707,0.1147
CT015614,Zone_02,Zone_09,0.1699,0.1313,0.0869,0.0764,0.0876,0.1149,0.0571,0.075,0.0928,0.1699,0.1082
CT011505,Zone_07,Zone_05,0.1278,0.1249,0.0813,0.1004,0.1094,0.1278,0.0856,0.0992,0.1055,0.083,0.0829
CT019745,Zone_01,Zone_05,0.1279,0.0932,0.0694,0.1143,0.087,0.1279,0.1237,0.0917,0.1095,0.0814,0.1019
CT019455,Zone_08,Zone_08,0.1334,0.1126,0.0846,0.1059,0.1018,0.0965,0.1236,0.0927,0.1334,0.0508,0.0981
CT005040,Zone_07,Zone_01,0.1344,0.1344,0.1188,0.0973,0.0914,0.0903,0.1086,0.0906,0.114,0.0702,0.0844
CT008970,Zone_07,Zone_09,0.1275,0.119,0.0836,0.0807,0.1147,0.1055,0.0616,0.1051,0.0862,0.1275,0.1162
CT009631,Zone_07,Zone_05,0.1281,0.1081,0.0882,0.1068,0.1004,0.1281,0.0931,0.1094,0.0898,0.0816,0.0944
CT013859,Zone_07,Zone_09,0.1206,0.0996,0.0992,0.0968,0.1053,0.0957,0.1083,0.0871,0.0938,0.1206,0.0935
CT010244,Zone_04,Zone_02,0.142,0.139,0.142,0.139,0.1046,0.1002,0.056,0.1065,0.1089,0.0393,0.0645
CT002195,Zone_07,Zone_01,0.122,0.122,0.0817,0.1036,0.1087,0.0774,0.0922,0.1165,0.0981,0.1158,0.0841
CT014923,Zone_05,Zone_10,0.1189,0.1023,0.0638,0.1017,0.0914,0.1137,0.1177,0.084,0.0998,0.1067,0.1189
CT013754,Zone_03,Zone_04,0.1259,0.0973,0.0975,0.0735,0.1259,0.0977,0.0965,0.1055,0.088,0.1008,0.1173
CT009731,Zone_04,Zone_03,0.1485,0.0882,0.1044,0.1485,0.0892,0.0878,0.0665,0.0947,0.1097,0.1122,0.0989
CT011796,Zone_08,Zone_09,0.1191,0.0829,0.112,0.0843,0.115,0.0995,0.083,0.1143,0.0925,0.1191,0.0974
CT008277,Zone_08,Zone_02,0.1387,0.0885,0.1387,0.0751,0.1279,0.0764,0.0944,0.1044,0.1122,0.0557,0.1266
CT011177,Zone_08,Zone_05,0.1453,0.1008,0.1196,0.0843,0.0914,0.1453,0.0624,0.1068,0.0804,0.0954,0.1137
CT018164,Zone_07,Zone_06,0.1618,0.1035,0.1035,0.0896,0.0783,0.1234,0.1618,0.0777,0.1143,0.064,0.084
CT015404,Zone_08,Zone_09,0.1809,0.0697,0.1254,0.1123,0.1008,0.0743,0.0998,0.1013,0.0715,0.1809,0.0639
CT011406,Zone_08,Zone_05,0.1452,0.1166,0.1034,0.0746,0.0934,0.1452,0.0773,0.098,0.0855,0.0993,0.1068
CT005337,Zone_08,Zone_06,0.1381,0.0921,0.1285,0.0744,0.0789,0.0784,0.1381,0.0991,0.0929,0.1139,0.1037
CT013059,Zone_08,Zone_09,0.166,0.1109,0.0973,0.0755,0.0908,0.0973,0.0819,0.0821,0.0875,0.166,0.1106
CT019856,Zone_01,Zone_03,0.1408,0.1358,0.1106,0.1408,0.1118,0.1059,0.049,0.0884,0.0917,0.0633,0.1028
CT015549,Zone_07,Zone_03,0.1539,0.1225,0.1292,0.1539,0.1381,0.1137,0.0367,0.0658,0.0938,0.0549,0.0914
CT018322,Zone_08,Zone_08,0.1388,0.1353,0.0969,0.0983,0.0985,0.1121,0.0906,0.0863,0.1388,0.0539,0.0893
CT015866,Zone_03,Zone_07,0.1147,0.1098,0.0987,0.1004,0.0889,0.0977,0.1023,0.1147,0.0927,0.0967,0.0982
CT004840,Zone_03,Zone_10,0.123,0.1031,0.1016,0.0874,0.0981,0.115,0.1056,0.0834,0.0955,0.0873,0.123
CT019831,Zone_08,Zone_01,0.129,0.129,0.127,0.0722,0.0874,0.1031,0.1058,0.0816,0.1173,0.0896,0.0871
CT000584,Zone_05,Zone_06,0.1154,0.1004,0.0959,0.1098,0.078,0.1049,0.1154,0.0973,0.1011,0.106,0.0912
CT002715,Zone_07,Zone_03,0.1582,0.0912,0.0729,0.1582,0.095,0.0994,0.0917,0.0846,0.1036,0.0986,0.1048
CT008232,Zone_01,Zone_04,0.1272,0.0832,0.0874,0.1211,0.1272,0.074,0.1191,0.1154,0.11,0.0863,0.0763
CT013894,Zone_08,Zone_04,0.1423,0.0855,0.0876,0.1104,0.1423,0.0922,0.0768,0.1188,0.0975,0.0865,0.1024
CT017287,Zone_07,Zone_07,0.1272,0.1016,0.1076,0.1118,0.0877,0.0948,0.0779,0.1272,0.0845,0.0816,0.1253
CT014399,Zone_01,Zone_08,0.1797,0.0958,0.0986,0.0801,0.1305,0.102,0.1261,0.0778,0.1797,0.0278,0.0815
CT000737,Zone_01,Zone_08,0.1318,0.0929,0.0978,0.0918,0.127,0.1085,0.1209,0.0995,0.1318,0.0313,0.0983
CT002456,Zone_07,Zone_07,0.1222,0.0906,0.0878,0.1137,0.0863,0.1042,0.0919,0.1222,0.0872,0.1174,0.0986
CT007087,Zone_07,Zone_04,0.1201,0.0788,0.1034,0.105,0.1201,0.1112,0.1157,0.1135,0.1041,0.0604,0.0876
CT018088,Zone_07,Zone_06,0.1187,0.0826,0.0898,0.1094,0.0879,0.1149,0.1187,0.0948,0.1018,0.1096,0.0904
CT018167,Zone_10,Zone_03,0.1364,0.0946,0.0929,0.1364,0.0995,0.0863,0.1159,0.0843,0.1231,0.0837,0.0833
CT000427,Zone_04,Zone_03,0.1287,0.1273,0.0731,0.1287,0.0841,0.0983,0.0691,0.0912,0.1202,0.0947,0.1134
CT008322,Zone_08,Zone_05,0.1401,0.1037,0.1001,0.0732,0.0972,0.1401,0.1087,0.1006,0.0862,0.0692,0.1211
CT010503,Zone_01,Zone_04,0.14,0.0872,0.1206,0.1097,0.14,0.081,0.0701,0.1038,0.1179,0.0577,0.1119
CT015277,Zone_01,Zone_09,0.1807,0.0839,0.0688,0.1059,0.0902,0.095,0.1265,0.0761,0.0914,0.1807,0.0815
CT011340,Zone_01,Zone_08,0.1342,0.115,0.0881,0.1086,0.0986,0.1241,0.0811,0.091,0.1342,0.0651,0.0942
CT018592,Zone_04,Zone_03,0.1622,0.0968,0.1113,0.1622,0.0913,0.1416,0.1009,0.108,0.1034,0.0163,0.0684
CT012430,Zone_08,Zone_04,0.1359,0.0861,0.0875,0.0947,0.1359,0.0854,0.0901,0.1125,0.1042,0.1045,0.099
CT006697,Zone_04,Zone_05,0.1366,0.0895,0.0726,0.0911,0.0828,0.1366,0.1304,0.0807,0.1145,0.1092,0.0927
CT008012,Zone_08,Zone_10,0.1321,0.1027,0.0935,0.1103,0.084,0.1136,0.0743,0.0919,0.119,0.0787,0.1321
CT018561,Zone_08,Zone_04,0.1246,0.0984,0.0986,0.0921,0.1246,0.1011,0.0727,0.1211,0.09,0.0806,0.1208
CT002003,Zone_10,Zone_07,0.1209,0.1043,0.115,0.0913,0.0928,0.099,0.0677,0.1209,0.0721,0.1194,0.1176
CT017050,Zone_02,Zone_06,0.1241,0.0927,0.0993,0.0914,0.0875,0.1022,0.1241,0.0798,0.1051,0.1158,0.102
CT004540,Zone_05,Zone_04,0.1286,0.0867,0.1084,0.073,0.1286,0.0923,0.1188,0.096,0.1274,0.0545,0.1143
CT002668,Zone_02,Zone_09,0.224,0.089,0.0974,0.0786,0.0845,0.0965,0.0599,0.0848,0.098,0.224,0.0872
CT001412,Zone_10,Zone_09,0.1553,0.1103,0.1082,0.086,0.0845,0.1045,0.0673,0.0728,0.106,0.1553,0.1051
CT002754,Zone_03,Zone_05,0.1282,0.1258,0.0821,0.0869,0.1074,0.1282,0.0701,0.1076,0.1061,0.0984,0.0874
CT000839,Zone_08,Zone_04,0.1323,0.0809,0.0763,0.1127,0.1323,0.0955,0.1139,0.112,0.0945,0.0922,0.0897
CT002311,Zone_09,Zone_02,0.1447,0.0947,0.1447,0.0755,0.1217,0.0861,0.08,0.1083,0.0978,0.0788,0.1124
CT007775,Zone_08,Zone_06,0.1218,0.1027,0.0952,0.1026,0.087,0.0938,0.1218,0.1147,0.1028,0.0682,0.1112
CT017053,Zone_07,Zone_01,0.1292,0.1292,0.1182,0.1088,0.0997,0.081,0.0798,0.1133,0.0899,0.0666,0.1134
CT008233,Zone_06,Zone_03,0.1365,0.0913,0.0873,0.1365,0.1092,0.1192,0.0833,0.1071,0.0991,0.0931,0.0739
CT011366,Zone_06,Zone_07,0.126,0.0691,0.1203,0.0966,0.0963,0.1147,0.1194,0.126,0.0805,0.0724,0.1048
CT010243,Zone_04,Zone_07,0.1223,0.1142,0.0779,0.0885,0.1098,0.1048,0.0762,0.1223,0.0949,0.116,0.0954
CT017671,Zone_08,Zone_03,0.1253,0.0842,0.0994,0.1253,0.1075,0.1104,0.0938,0.1174,0.0989,0.0826,0.0805
CT003248,Zone_07,Zone_07,0.1177,0.1111,0.1139,0.0977,0.0974,0.1013,0.0856,0.1177,0.0784,0.0986,0.0983
CT007111,Zone_10,Zone_09,0.1226,0.0911,0.1225,0.0913,0.0806,0.1164,0.1071,0.1041,0.0726,0.1226,0.0918
CT016547,Zone_04,Zone_10,0.1277,0.1004,0.0873,0.098,0.096,0.1212,0.0696,0.089,0.0993,0.1115,0.1277
CT009284,Zone_01,Zone_02,0.1475,0.0793,0.1475,0.1023,0.1392,0.08,0.1105,0.0938,0.1033,0.046,0.098
CT003263,Zone_02,Zone_05,0.1407,0.0905,0.0864,0.0743,0.0874,0.1407,0.1119,0.1055,0.09,0.0935,0.1198
CT012936,Zone_04,Zone_07,0.1358,0.093,0.0714,0.1332,0.1115,0.0615,0.1044,0.1358,0.0996,0.0908,0.0987
CT004961,Zone_03,Zone_09,0.1306,0.0861,0.1083,0.1019,0.0844,0.0754,0.1281,0.1103,0.0745,0.1306,0.1003
CT008511,Zone_04,Zone_02,0.1379,0.11,0.1379,0.0999,0.0937,0.1007,0.0772,0.1033,0.0963,0.0779,0.1031
CT012653,Zone_03,Zone_09,0.1415,0.1041,0.081,0.091,0.095,0.0962,0.1118,0.0879,0.0992,0.1415,0.0923
CT013904,Zone_07,Zone_01,0.1421,0.1421,0.0839,0.1006,0.097,0.1114,0.0971,0.0973,0.1039,0.059,0.1077
CT004273,Zone_07,Zone_05,0.1333,0.1068,0.1007,0.0743,0.0914,0.1333,0.1079,0.0928,0.0901,0.1044,0.0984
CT008118,Zone_04,Zone_08,0.1453,0.0846,0.0835,0.0791,0.1245,0.1243,0.1128,0.0875,0.1453,0.0487,0.1095
CT008796,Zone_07,Zone_06,0.1253,0.0826,0.0875,0.1228,0.0907,0.1089,0.1253,0.0806,0.0986,0.1114,0.0915
CT019703,Zone_08,Zone_03,0.1113,0.0926,0.0951,0.1113,0.1059,0.0945,0.1104,0.1003,0.0969,0.0974,0.0956
CT005835,Zone_07,Zone_10,0.1256,0.0911,0.1002,0.0987,0.0777,0.1191,0.1029,0.0791,0.1227,0.083,0.1256
CT014369,Zone_10,Zone_04,0.1298,0.091,0.1148,0.0844,0.1298,0.0819,0.1168,0.0858,0.1188,0.0579,0.119
CT003366,Zone_04,Zone_01,0.1353,0.1353,0.108,0.134,0.0898,0.0889,0.0593,0.0947,0.0955,0.0928,0.1016
CT010839,Zone_03,Zone_09,0.1646,0.0828,0.0952,0.1151,0.0836,0.0886,0.0859,0.1107,0.0733,0.1646,0.1002
CT017418,Zone_07,Zone_02,0.1329,0.1118,0.1329,0.1077,0.1019,0.1028,0.126,0.0922,0.1021,0.0373,0.0852
CT018039,Zone_07,Zone_05,0.1274,0.101,0.077,0.0809,0.0956,0.1274,0.1162,0.103,0.0847,0.1052,0.109
CT007267,Zone_04,Zone_01,0.1267,0.1267,0.1203,0.0675,0.0899,0.1234,0.0983,0.0807,0.1104,0.0811,0.1016
CT010795,Zone_03,Zone_10,0.1274,0.1018,0.1218,0.0844,0.1007,0.1043,0.0922,0.1258,0.0788,0.0628,0.1274
CT002191,Zone_03,Zone_02,0.1369,0.0872,0.1369,0.0824,0.1178,0.082,0.0996,0.0975,0.1174,0.0541,0.1252
CT015316,Zone_07,Zone_06,0.1156,0.0789,0.1097,0.0958,0.0948,0.1097,0.1156,0.0895,0.0804,0.1142,0.1114
CT004035,Zone_03,Zone_02,0.1261,0.1229,0.1261,0.0966,0.095,0.0716,0.0726,0.1153,0.0905,0.1052,0.1041
CT008400,Zone_07,Zone_08,0.1466,0.1127,0.0774,0.1255,0.107,0.093,0.1058,0.0927,0.1466,0.046,0.0932
CT015297,Zone_03,Zone_08,0.1358,0.1186,0.111,0.0849,0.0839,0.0927,0.0817,0.0749,0.1358,0.1267,0.0899
CT016871,Zone_10,Zone_05,0.1269,0.1006,0.0642,0.1138,0.0869,0.1269,0.105,0.0792,0.1194,0.0952,0.1088
CT012611,Zone_07,Zone_03,0.1393,0.1241,0.0829,0.1393,0.1016,0.1152,0.0661,0.1003,0.1256,0.0546,0.0904
CT018414,Zone_02,Zone_04,0.1246,0.0672,0.1188,0.1034,0.1246,0.0995,0.1034,0.0943,0.1124,0.0661,0.1102
CT017258,Zone_04,Zone_02,0.1204,0.0808,0.1204,0.1029,0.0887,0.113,0.097,0.1037,0.0935,0.0854,0.1147
CT014932,Zone_01,Zone_09,0.2249,0.0903,0.082,0.1082,0.0696,0.0679,0.0757,0.091,0.0968,0.2249,0.0935
CT015310,Zone_04,Zone_09,0.1986,0.1124,0.0817,0.0934,0.0983,0.0883,0.0435,0.0854,0.1128,0.1986,0.0855
CT014226,Zone_10,Zone_05,0.1229,0.122,0.0834,0.0945,0.1119,0.1229,0.0974,0.0984,0.0927,0.0798,0.0969
CT010508,Zone_03,Zone_05,0.1335,0.127,0.0847,0.078,0.1037,0.1335,0.1006,0.0959,0.0912,0.088,0.0974
CT006627,Zone_08,Zone_09,0.1595,0.078,0.1083,0.0876,0.0872,0.0868,0.1479,0.0712,0.0897,0.1595,0.0837
CT002688,Zone_08,Zone_04,0.1375,0.1071,0.0969,0.0807,0.1375,0.0989,0.0776,0.1335,0.0893,0.0784,0.1
CT009669,Zone_06,Zone_08,0.1581,0.0842,0.1211,0.1043,0.124,0.0906,0.1292,0.0766,0.1581,0.0346,0.0772
CT012969,Zone_02,Zone_09,0.2028,0.0863,0.1044,0.0824,0.0815,0.0789,0.113,0.0801,0.0927,0.2028,0.0778
CT018299,Zone_07,Zone_09,0.1835,0.0907,0.1179,0.1031,0.0788,0.0709,0.0841,0.0835,0.1078,0.1835,0.0798
CT011243,Zone_07,Zone_09,0.1329,0.1172,0.0931,0.0881,0.0991,0.0955,0.0864,0.1015,0.0932,0.1329,0.0931
CT009304,Zone_07,Zone_05,0.1347,0.0824,0.0793,0.1089,0.0874,0.1347,0.1178,0.0752,0.1136,0.1232,0.0775
CT007916,Zone_10,Zone_09,0.1343,0.095,0.1031,0.1042,0.0832,0.1029,0.0979,0.077,0.1124,0.1343,0.0899
CT019588,Zone_04,Zone_05,0.1638,0.0792,0.1111,0.0815,0.0786,0.1638,0.0867,0.0793,0.0891,0.1227,0.1081
CT004764,Zone_07,Zone_03,0.1248,0.0818,0.0947,0.1248,0.0803,0.1044,0.1205,0.1146,0.095,0.0861,0.0977
CT011164,Zone_10,Zone_06,0.1147,0.1029,0.1063,0.1073,0.1065,0.0926,0.1147,0.0868,0.0968,0.0954,0.0907
CT000371,Zone_07,Zone_01,0.1353,0.1353,0.0802,0.1103,0.1185,0.102,0.0571,0.0866,0.1146,0.0898,0.1057
CT009564,Zone_07,Zone_05,0.1233,0.0982,0.0879,0.1007,0.081,0.1233,0.0946,0.1046,0.1007,0.0988,0.1102
CT015301,Zone_03,Zone_09,0.1574,0.1103,0.1082,0.0887,0.0839,0.1061,0.0662,0.0915,0.0871,0.1574,0.1007
CT003417,Zone_07,Zone_06,0.1486,0.1114,0.0893,0.075,0.0895,0.0826,0.1486,0.0745,0.113,0.1315,0.0847
CT002819,Zone_08,Zone_08,0.1409,0.0683,0.0989,0.118,0.1182,0.1054,0.1232,0.0794,0.1409,0.0576,0.0901
CT017991,Zone_02,Zone_04,0.1367,0.0957,0.0918,0.0974,0.1367,0.0983,0.093,0.1358,0.0789,0.0841,0.0883
CT018277,Zone_04,Zone_02,0.1281,0.1077,0.1281,0.099,0.1047,0.0889,0.0791,0.1094,0.0661,0.1064,0.1106
CT008207,Zone_05,Zone_04,0.1307,0.1071,0.1096,0.0715,0.1307,0.1201,0.123,0.0987,0.1054,0.055,0.0788
CT002328,Zone_01,Zone_07,0.1336,0.1068,0.1256,0.0997,0.0924,0.0811,0.0681,0.1336,0.0743,0.1173,0.1011
CT017127,Zone_04,Zone_09,0.1167,0.103,0.1044,0.1083,0.0964,0.0973,0.1117,0.0889,0.0981,0.1167,0.0753
CT005729,Zone_06,Zone_09,0.2103,0.0897,0.1055,0.0823,0.0689,0.09,0.0861,0.0718,0.0982,0.2103,0.0971
CT006738,Zone_08,Zone_03,0.1304,0.0786,0.1273,0.1304,0.095,0.0942,0.0699,0.1003,0.0924,0.1226,0.0892
CT007313,Zone_08,Zone_06,0.1359,0.088,0.0977,0.0932,0.0788,0.1092,0.1359,0.1106,0.0855,0.0963,0.1048
CT003514,Zone_10,Zone_05,0.1461,0.0989,0.0998,0.0832,0.0914,0.1461,0.0821,0.1035,0.0849,0.1032,0.1067
CT003779,Zone_07,Zone_05,0.1272,0.1078,0.0807,0.0963,0.1108,0.1272,0.1024,0.0908,0.1021,0.0752,0.1067
CT010705,Zone_01,Zone_09,0.1423,0.0972,0.0704,0.1113,0.094,0.1005,0.1254,0.0902,0.1008,0.1423,0.0678
CT016455,Zone_03,Zone_06,0.1296,0.0723,0.0842,0.1223,0.0868,0.0783,0.1296,0.1214,0.0927,0.1062,0.1062
CT012672,Zone_06,Zone_07,0.1242,0.0869,0.115,0.1175,0.0914,0.0965,0.0795,0.1242,0.0839,0.1139,0.0912
CT000627,Zone_07,Zone_02,0.1505,0.1477,0.1505,0.1302,0.1127,0.1095,0.0622,0.1304,0.0779,0.0184,0.0606
CT003870,Zone_08,Zone_10,0.1348,0.0771,0.067,0.1223,0.0861,0.1121,0.1293,0.0742,0.1148,0.0823,0.1348
CT011939,Zone_04,Zone_04,0.1226,0.0652,0.1132,0.1179,0.1226,0.058,0.1139,0.1221,0.1081,0.0792,0.0998
CT016853,Zone_02,Zone_01,0.1316,0.1316,0.0738,0.0985,0.0946,0.0943,0.0902,0.0959,0.1048,0.1271,0.0891
CT017578,Zone_02,Zone_04,0.1374,0.0824,0.0877,0.1169,0.1374,0.1038,0.0814,0.0903,0.1356,0.065,0.0995
CT012818,Zone_07,Zone_09,0.1461,0.1038,0.0845,0.0933,0.1048,0.0965,0.1162,0.0918,0.0755,0.1461,0.0875
CT012290,Zone_04,Zone_04,0.1354,0.1034,0.0847,0.0807,0.1354,0.1079,0.0988,0.1254,0.098,0.0577,0.108
CT001289,Zone_08,Zone_05,0.126,0.1106,0.0664,0.0885,0.1041,0.126,0.0743,0.095,0.1106,0.1242,0.1004
CT018636,Zone_07,Zone_06,0.1442,0.0772,0.0935,0.0888,0.0897,0.0932,0.1442,0.0955,0.0888,0.1141,0.1149
CT018644,Zone_04,Zone_07,0.1251,0.1133,0.0766,0.102,0.108,0.1189,0.0817,0.1251,0.0841,0.0927,0.0977
CT002098,Zone_08,Zone_07,0.1488,0.0877,0.0892,0.1167,0.1445,0.0676,0.0777,0.1488,0.0997,0.0888,0.0791
CT010167,Zone_06,Zone_06,0.1291,0.1098,0.0956,0.1088,0.0903,0.087,0.1291,0.1137,0.0749,0.0999,0.0908
CT015097,Zone_08,Zone_06,0.1392,0.1074,0.1097,0.0911,0.0845,0.0884,0.1392,0.0893,0.1224,0.0645,0.1034
CT019367,Zone_04,Zone_09,0.1937,0.0934,0.108,0.0877,0.0837,0.0873,0.0844,0.0866,0.0904,0.1937,0.0847
CT006704,Zone_03,Zone_09,0.1416,0.0851,0.0881,0.0973,0.1034,0.104,0.1089,0.0807,0.1,0.1416,0.0909
CT018113,Zone_08,Zone_07,0.129,0.1164,0.1173,0.0986,0.0956,0.0795,0.0594,0.129,0.0826,0.1095,0.112
CT007587,Zone_03,Zone_09,0.1323,0.1069,0.1242,0.0864,0.087,0.1038,0.0864,0.1085,0.0743,0.1323,0.0901
CT015729,Zone_06,Zone_09,0.1791,0.1116,0.0857,0.086,0.0963,0.0712,0.0892,0.0961,0.0959,0.1791,0.0889
CT006123,Zone_08,Zone_04,0.127,0.0815,0.079,0.0866,0.127,0.1084,0.0883,0.1226,0.104,0.114,0.0886
CT008104,Zone_08,Zone_07,0.1216,0.1011,0.1198,0.0871,0.0987,0.1097,0.0894,0.1216,0.0801,0.08,0.1125
CT011614,Zone_07,Zone_07,0.1247,0.1092,0.1071,0.0841,0.1042,0.0993,0.0685,0.1247,0.0789,0.1079,0.116
CT012529,Zone_08,Zone_06,0.12,0.0955,0.0973,0.1068,0.076,0.1079,0.12,0.0969,0.1047,0.0993,0.0956
CT005793,Zone_03,Zone_03,0.1314,0.1196,0.0665,0.1314,0.1079,0.0735,0.08,0.107,0.1222,0.0976,0.0943
CT010160,Zone_07,Zone_07,0.1474,0.0853,0.117,0.1201,0.081,0.076,0.1091,0.1474,0.0794,0.0802,0.1046
CT012390,Zone_07,Zone_09,0.1246,0.0782,0.1091,0.1229,0.0818,0.0994,0.1183,0.0957,0.0862,0.1246,0.0838
CT006317,Zone_08,Zone_08,0.1543,0.1341,0.0899,0.1098,0.0933,0.1061,0.0725,0.0785,0.1543,0.0958,0.0656
CT004354,Zone_02,Zone_06,0.1397,0.0995,0.0956,0.1022,0.0852,0.0728,0.1397,0.0937,0.1222,0.0742,0.1148
CT018924,Zone_01,Zone_06,0.1411,0.0983,0.1289,0.0862,0.0841,0.066,0.1411,0.1022,0.1119,0.0682,0.113
CT001710,Zone_04,Zone_09,0.122,0.1078,0.1089,0.0945,0.0747,0.106,0.0905,0.0839,0.1094,0.122,0.1023
CT009989,Zone_04,Zone_07,0.1486,0.0665,0.0989,0.1421,0.113,0.0589,0.0885,0.1486,0.1117,0.0726,0.0993
CT012517,Zone_07,Zone_07,0.1313,0.099,0.0815,0.0988,0.1241,0.1231,0.1013,0.1313,0.1003,0.0498,0.0908
CT013695,Zone_01,Zone_01,0.1175,0.1175,0.0979,0.0897,0.1034,0.1061,0.0949,0.0867,0.0992,0.1072,0.0973
CT004105,Zone_06,Zone_03,0.1234,0.0927,0.0953,0.1234,0.0729,0.0995,0.0948,0.086,0.1206,0.1074,0.1076
CT001482,Zone_02,Zone_09,0.2175,0.0829,0.1146,0.0873,0.0737,0.0719,0.0929,0.0752,0.1082,0.2175,0.0758
CT017599,Zone_03,Zone_09,0.1568,0.1123,0.0589,0.0794,0.1122,0.0826,0.1057,0.1029,0.0875,0.1568,0.1019
CT014961,Zone_04,Zone_06,0.1219,0.0985,0.1005,0.0795,0.0827,0.1087,0.1219,0.1004,0.0978,0.1032,0.1068
CT000886,Zone_05,Zone_04,0.1108,0.1087,0.1099,0.0974,0.1108,0.1014,0.079,0.105,0.0795,0.108,0.1002
CT003517,Zone_07,Zone_07,0.1324,0.1122,0.1055,0.0962,0.0962,0.076,0.0635,0.1324,0.0863,0.1146,0.1171
CT007880,Zone_10,Zone_09,0.1551,0.0828,0.1442,0.0919,0.0944,0.0811,0.0919,0.1137,0.0679,0.1551,0.0772
CT002883,Zone_07,Zone_01,0.1313,0.1313,0.0853,0.0853,0.1111,0.1129,0.101,0.0928,0.1147,0.0752,0.0903
CT013795,Zone_04,Zone_02,0.1459,0.1103,0.1459,0.1045,0.1018,0.077,0.0839,0.1456,0.0665,0.0581,0.1064
CT005089,Zone_10,Zone_09,0.1209,0.0828,0.1126,0.1194,0.12,0.0954,0.0829,0.0981,0.0838,0.1209,0.084
CT015738,Zone_10,Zone_02,0.1299,0.1053,0.1299,0.1032,0.1161,0.0742,0.0687,0.1194,0.0818,0.1077,0.0935
CT006985,Zone_04,Zone_07,0.1169,0.0911,0.0993,0.0968,0.1169,0.1098,0.103,0.1169,0.0947,0.0662,0.1053
CT010528,Zone_08,Zone_05,0.1249,0.0818,0.068,0.098,0.0887,0.1249,0.1175,0.1119,0.0803,0.1231,0.1058
CT001193,Zone_07,Zone_02,0.1229,0.1054,0.1229,0.0867,0.0916,0.0863,0.089,0.1215,0.0881,0.0933,0.1153
CT008655,Zone_04,Zone_09,0.1922,0.0955,0.0741,0.1108,0.0848,0.1063,0.0629,0.0801,0.1123,0.1922,0.081
CT007655,Zone_01,Zone_02,0.1277,0.1051,0.1277,0.0894,0.1249,0.0899,0.1071,0.0982,0.1135,0.0355,0.1087
CT003460,Zone_07,Zone_06,0.1695,0.0714,0.1164,0.082,0.0869,0.119,0.1695,0.086,0.1194,0.0572,0.0921
CT012214,Zone_07,Zone_09,0.1719,0.1128,0.1148,0.0818,0.1003,0.0924,0.0721,0.1075,0.0673,0.1719,0.079
CT007427,Zone_09,Zone_08,0.1445,0.1199,0.0889,0.0908,0.1061,0.1114,0.1071,0.0766,0.1445,0.0839,0.0708
CT005887,Zone_04,Zone_10,0.119,0.1118,0.0991,0.1085,0.0982,0.0911,0.0973,0.1154,0.0899,0.0696,0.119
CT012514,Zone_08,Zone_03,0.1207,0.1022,0.0696,0.1207,0.118,0.0691,0.1075,0.1132,0.1185,0.083,0.0981
CT019565,Zone_03,Zone_09,0.1202,0.1186,0.095,0.0861,0.1147,0.1192,0.0742,0.0908,0.0908,0.1202,0.0905
CT008165,Zone_05,Zone_03,0.1197,0.113,0.1,0.1197,0.1053,0.0834,0.0849,0.0911,0.1148,0.0869,0.101
CT009647,Zone_08,Zone_03,0.1367,0.0968,0.0956,0.1367,0.0805,0.1076,0.0871,0.0912,0.1193,0.0687,0.1166
CT000822,Zone_08,Zone_02,0.1213,0.0903,0.1213,0.0678,0.0853,0.1107,0.1116,0.101,0.0882,0.1175,0.1063
CT019069,Zone_07,Zone_08,0.2017,0.0907,0.0725,0.1115,0.0739,0.077,0.1709,0.0432,0.2017,0.0044,0.1542
CT005639,Zone_02,Zone_07,0.1296,0.1166,0.1108,0.1115,0.1089,0.0852,0.0918,0.1296,0.0758,0.0744,0.0955
CT014822,Zone_08,Zone_09,0.127,0.1098,0.1199,0.1049,0.0786,0.0791,0.0617,0.1102,0.0981,0.127,0.1107
CT003142,Zone_01,Zone_09,0.1217,0.1029,0.1035,0.1129,0.0999,0.1033,0.066,0.0886,0.1079,0.1217,0.0932
CT019976,Zone_05,Zone_01,0.119,0.119,0.0994,0.1161,0.0893,0.0957,0.0846,0.1161,0.0977,0.0807,0.1016
CT019278,Zone_08,Zone_01,0.1304,0.1304,0.1039,0.1208,0.1126,0.0759,0.0688,0.1231,0.1056,0.0562,0.1026
CT002975,Zone_07,Zone_07,0.1323,0.1032,0.0846,0.0965,0.1284,0.119,0.1001,0.1323,0.0983,0.0468,0.091
CT018639,Zone_08,Zone_04,0.1409,0.1085,0.1083,0.0674,0.1409,0.1126,0.0793,0.1058,0.1081,0.0619,0.1072
CT004502,Zone_08,Zone_08,0.1203,0.103,0.0943,0.1178,0.0876,0.0881,0.1197,0.0905,0.1203,0.0785,0.1001
CT006537,Zone_03,Zone_05,0.1276,0.0764,0.0715,0.0846,0.1174,0.1276,0.1196,0.1184,0.0954,0.078,0.1109
CT014690,Zone_07,Zone_02,0.135,0.1202,0.135,0.0891,0.0886,0.0941,0.043,0.1117,0.0821,0.114,0.1223
CT012345,Zone_07,Zone_09,0.1243,0.0945,0.1127,0.1006,0.0824,0.0983,0.1203,0.0972,0.0894,0.1243,0.0803
CT002046,Zone_02,Zone_09,0.1437,0.1004,0.0827,0.107,0.0919,0.101,0.1084,0.0936,0.0896,0.1437,0.0816
CT011364,Zone_04,Zone_08,0.1337,0.0807,0.0819,0.0942,0.1189,0.1126,0.1266,0.0907,0.1337,0.0477,0.113
CT016376,Zone_07,Zone_03,0.1389,0.106,0.1001,0.1389,0.1102,0.0997,0.0633,0.1214,0.1018,0.0617,0.0969
CT017115,Zone_04,Zone_08,0.1221,0.0888,0.0965,0.1092,0.0714,0.1001,0.105,0.081,0.1221,0.1215,0.1044
CT010478,Zone_08,Zone_01,0.1434,0.1434,0.1135,0.1105,0.1242,0.1372,0.0465,0.0827,0.0973,0.043,0.1016
CT003125,Zone_01,Zone_10,0.1319,0.0816,0.1066,0.0795,0.119,0.095,0.1207,0.0802,0.1223,0.0632,0.1319
CT010142,Zone_07,Zone_04,0.1306,0.1001,0.0799,0.0839,0.1306,0.1151,0.0966,0.1237,0.0981,0.0604,0.1115
CT016566,Zone_08,Zone_03,0.1189,0.0903,0.0686,0.1189,0.0845,0.0884,0.1187,0.1105,0.099,0.1163,0.1049
CT018608,Zone_08,Zone_09,0.1318,0.1008,0.0792,0.0763,0.0901,0.1134,0.1273,0.0963,0.0887,0.1318,0.0962
CT002021,Zone_07,Zone_09,0.1216,0.0856,0.0984,0.1051,0.1017,0.1072,0.1119,0.0931,0.1094,0.1216,0.0659
CT006610,Zone_02,Zone_09,0.125,0.1108,0.0891,0.0814,0.1,0.1133,0.0866,0.0989,0.0902,0.125,0.1048
CT016630,Zone_02,Zone_05,0.1331,0.0942,0.1057,0.0747,0.1059,0.1331,0.0929,0.113,0.0943,0.0741,0.112
CT001696,Zone_08,Zone_08,0.1256,0.1022,0.1059,0.0928,0.1251,0.0916,0.1067,0.0893,0.1256,0.0433,0.1176
CT017528,Zone_07,Zone_03,0.126,0.1098,0.085,0.126,0.0865,0.0871,0.0761,0.1152,0.0981,0.1058,0.1103
CT009106,Zone_08,Zone_02,0.1648,0.0634,0.1648,0.099,0.1124,0.097,0.1192,0.0894,0.1019,0.0644,0.0885
CT018103,Zone_03,Zone_03,0.1277,0.0707,0.0843,0.1277,0.1017,0.0819,0.1221,0.1079,0.0909,0.1165,0.0964
CT016471,Zone_05,Zone_05,0.1357,0.1325,0.0848,0.087,0.1194,0.1357,0.0678,0.0917,0.0899,0.076,0.1152
CT014430,Zone_07,Zone_02,0.1432,0.1031,0.1432,0.0892,0.1139,0.0828,0.0843,0.1007,0.0677,0.1276,0.0875
CT010898,Zone_07,Zone_10,0.1332,0.0887,0.0793,0.0837,0.0962,0.1311,0.0958,0.0933,0.0874,0.1114,0.1332
CT016542,Zone_08,Zone_06,0.1413,0.0718,0.1106,0.0851,0.1228,0.105,0.1413,0.07,0.1375,0.0652,0.0906
CT014322,Zone_08,Zone_09,0.2077,0.0862,0.0842,0.098,0.0868,0.0831,0.0833,0.0762,0.1296,0.2077,0.0649
CT019318,Zone_03,Zone_05,0.1209,0.1041,0.0907,0.1168,0.1021,0.1209,0.0809,0.1008,0.094,0.0878,0.102
CT003741,Zone_01,Zone_06,0.1363,0.102,0.0749,0.1039,0.0812,0.1346,0.1363,0.0957,0.0909,0.0839,0.0965
CT012190,Zone_03,Zone_05,0.1234,0.099,0.0969,0.0945,0.0877,0.1234,0.1084,0.0892,0.0985,0.0802,0.1222
CT004990,Zone_03,Zone_06,0.1593,0.1004,0.0756,0.084,0.0816,0.1241,0.1593,0.0707,0.1159,0.0774,0.111
CT010139,Zone_05,Zone_03,0.1307,0.1228,0.0646,0.1307,0.1011,0.0809,0.1194,0.1126,0.1177,0.0592,0.091
CT009829,Zone_08,Zone_08,0.1548,0.11,0.0988,0.0813,0.1465,0.099,0.0973,0.088,0.1548,0.0304,0.094
CT014161,Zone_08,Zone_02,0.1364,0.0822,0.1364,0.1008,0.0947,0.1001,0.0941,0.1271,0.0751,0.0828,0.1069
CT006238,Zone_08,Zone_06,0.1394,0.082,0.1188,0.1247,0.089,0.0739,0.1394,0.1021,0.1098,0.0668,0.0935
CT014687,Zone_01,Zone_06,0.1496,0.1237,0.0641,0.1227,0.0904,0.0832,0.1496,0.0905,0.1236,0.0499,0.1021
CT004295,Zone_07,Zone_05,0.1247,0.1214,0.0903,0.0936,0.0957,0.1247,0.0925,0.0916,0.1146,0.0717,0.1039
CT010359,Zone_08,Zone_10,0.117,0.1139,0.0792,0.0768,0.1042,0.1133,0.1125,0.0967,0.0952,0.0912,0.117
CT012143,Zone_07,Zone_02,0.1217,0.1096,0.1217,0.1027,0.0896,0.0778,0.086,0.1085,0.0911,0.1073,0.1058
CT002818,Zone_07,Zone_03,0.1259,0.1046,0.1124,0.1259,0.0888,0.0815,0.1094,0.1054,0.1089,0.0653,0.0978
CT002169,Zone_04,Zone_07,0.1258,0.0907,0.1127,0.0877,0.1247,0.0869,0.118,0.1258,0.1074,0.0561,0.09
CT011079,Zone_01,Zone_04,0.1382,0.0945,0.1125,0.0905,0.1382,0.1006,0.1,0.0971,0.113,0.0523,0.1014
CT010915,Zone_10,Zone_04,0.1382,0.0964,0.0557,0.1179,0.1382,0.0555,0.0917,0.1272,0.1195,0.1213,0.0766
CT009010,Zone_02,Zone_08,0.1407,0.1286,0.0964,0.1091,0.1077,0.0968,0.1107,0.0938,0.1407,0.0377,0.0784
CT019178,Zone_03,Zone_03,0.1219,0.1136,0.0702,0.1219,0.0964,0.0918,0.0694,0.1081,0.1007,0.1075,0.1204
CT008347,Zone_08,Zone_02,0.1231,0.1081,0.1231,0.0913,0.0847,0.0824,0.0985,0.1072,0.0847,0.1184,0.1016
CT013132,Zone_07,Zone_09,0.1169,0.0937,0.0923,0.0989,0.0944,0.104,0.0943,0.108,0.0886,0.1169,0.1089
CT003956,Zone_07,Zone_05,0.1294,0.118,0.1066,0.0858,0.0925,0.1294,0.0901,0.0795,0.1072,0.0831,0.1078
CT012468,Zone_03,Zone_09,0.2155,0.0809,0.0997,0.0818,0.0775,0.0811,0.1165,0.0771,0.0933,0.2155,0.0765
CT009678,Zone_08,Zone_01,0.126,0.126,0.091,0.1004,0.0982,0.1184,0.0868,0.0966,0.1125,0.0701,0.1
CT004308,Zone_04,Zone_10,0.1197,0.0855,0.0849,0.0941,0.1145,0.1081,0.0973,0.1074,0.0897,0.0988,0.1197
CT014919,Zone_07,Zone_08,0.1316,0.111,0.0767,0.1145,0.0953,0.1203,0.0593,0.0915,0.1316,0.1012,0.0988
CT002891,Zone_03,Zone_10,0.1458,0.1023,0.0967,0.1071,0.101,0.127,0.0744,0.0894,0.1038,0.0524,0.1458
CT004875,Zone_07,Zone_07,0.145,0.0849,0.1005,0.1249,0.1441,0.0625,0.0958,0.145,0.0998,0.0689,0.0736
CT004176,Zone_07,Zone_01,0.128,0.128,0.0787,0.0972,0.1093,0.0981,0.0834,0.0942,0.1072,0.1223,0.0814
CT006787,Zone_08,Zone_06,0.1518,0.1014,0.1366,0.0843,0.0816,0.0938,0.1518,0.0765,0.1104,0.085,0.0786
CT014596,Zone_08,Zone_08,0.139,0.1223,0.1151,0.0979,0.1129,0.0783,0.1191,0.0703,0.139,0.0679,0.0773
CT019773,Zone_07,Zone_09,0.1299,0.0659,0.1191,0.1149,0.1069,0.0833,0.1289,0.1022,0.0761,0.1299,0.0728
CT003083,Zone_08,Zone_02,0.1294,0.0986,0.1294,0.1098,0.1014,0.0882,0.0777,0.1273,0.0797,0.0956,0.0924
CT013466,Zone_02,Zone_04,0.1252,0.0877,0.1083,0.0859,0.1252,0.0859,0.115,0.0855,0.1201,0.0697,0.1167
CT008204,Zone_08,Zone_02,0.1291,0.1198,0.1291,0.101,0.0986,0.0857,0.0915,0.1138,0.0738,0.0901,0.0967
CT017426,Zone_06,Zone_09,0.162,0.0795,0.0855,0.0895,0.0835,0.0966,0.1342,0.0747,0.102,0.162,0.0924
CT005764,Zone_10,Zone_06,0.1359,0.1078,0.1092,0.0847,0.0855,0.1075,0.1359,0.0863,0.1188,0.062,0.1023
CT004184,Zone_08,Zone_09,0.1627,0.092,0.0907,0.0988,0.0868,0.0679,0.1045,0.1259,0.0743,0.1627,0.0964
CT016110,Zone_06,Zone_09,0.1495,0.0906,0.0799,0.1065,0.1045,0.0873,0.1208,0.1004,0.0781,0.1495,0.0825
CT005712,Zone_07,Zone_01,0.1147,0.1147,0.1021,0.1089,0.1041,0.0868,0.0897,0.114,0.1066,0.096,0.077
CT003240,Zone_04,Zone_09,0.1373,0.0759,0.0964,0.114,0.0862,0.0969,0.1106,0.0842,0.1118,0.1373,0.0867
CT009098,Zone_05,Zone_10,0.1195,0.0831,0.1142,0.1052,0.0903,0.1042,0.0884,0.1159,0.09,0.0891,0.1195
CT019193,Zone_08,Zone_06,0.1521,0.0779,0.1113,0.0724,0.1095,0.0857,0.1521,0.0844,0.1278,0.0551,0.1236
CT006023,Zone_03,Zone_09,0.1177,0.1112,0.0996,0.0901,0.0823,0.1092,0.1096,0.0907,0.0928,0.1177,0.097
CT011941,Zone_07,Zone_07,0.1181,0.1027,0.1173,0.1032,0.087,0.0896,0.0919,0.1181,0.0848,0.0971,0.1082
CT011593,Zone_06,Zone_09,0.1767,0.0912,0.1158,0.0906,0.0805,0.0855,0.0826,0.0949,0.0813,0.1767,0.1009
CT001697,Zone_01,Zone_06,0.1271,0.0798,0.0874,0.1003,0.0917,0.1259,0.1271,0.0775,0.1038,0.1014,0.1051
CT013413,Zone_08,Zone_03,0.1185,0.1049,0.0984,0.1185,0.0799,0.1042,0.1065,0.095,0.1179,0.0679,0.1067
CT016404,Zone_07,Zone_08,0.1533,0.1064,0.0774,0.1116,0.1016,0.1051,0.11,0.0844,0.1533,0.0616,0.0885
CT016903,Zone_08,Zone_09,0.1332,0.0913,0.0937,0.1097,0.1026,0.0853,0.0933,0.1159,0.0874,0.1332,0.0878
CT005401,Zone_07,Zone_07,0.1301,0.1069,0.1065,0.0996,0.118,0.1017,0.0774,0.1301,0.0898,0.0634,0.1065
CT012368,Zone_01,Zone_01,0.1285,0.1285,0.1166,0.0842,0.0905,0.1066,0.0859,0.0983,0.0906,0.0969,0.102
CT006162,Zone_07,Zone_01,0.141,0.141,0.1039,0.1233,0.1188,0.0697,0.0771,0.1175,0.098,0.0432,0.1074
CT002773,Zone_07,Zone_10,0.1275,0.1053,0.0872,0.1051,0.0907,0.1225,0.082,0.1003,0.0972,0.0822,0.1275
CT003352,Zone_03,Zone_01,0.1378,0.1378,0.0864,0.1049,0.0936,0.111,0.115,0.09,0.1009,0.0636,0.0966
CT011647,Zone_08,Zone_01,0.1262,0.1262,0.102,0.093,0.1033,0.0877,0.0907,0.0932,0.1052,0.0804,0.1183
CT014740,Zone_07,Zone_02,0.1499,0.1287,0.1499,0.1313,0.12,0.0969,0.0773,0.119,0.0887,0.0308,0.0575
CT011561,Zone_07,Zone_06,0.1336,0.0826,0.0815,0.0947,0.0835,0.1265,0.1336,0.0843,0.1235,0.0671,0.1229
CT019624,Zone_03,Zone_04,0.141,0.1075,0.1045,0.0758,0.141,0.082,0.0946,0.1038,0.1184,0.0838,0.0884
CT009604,Zone_05,Zone_10,0.1371,0.1211,0.0827,0.104,0.0848,0.1265,0.1035,0.0808,0.1165,0.043,0.1371
CT004121,Zone_10,Zone_01,0.1244,0.1244,0.0753,0.1024,0.107,0.1167,0.0865,0.1041,0.0898,0.0819,0.1118
CT002436,Zone_10,Zone_02,0.13,0.1086,0.13,0.0899,0.0919,0.0901,0.094,0.1148,0.0828,0.0749,0.1231
CT016317,Zone_08,Zone_01,0.1562,0.1562,0.1091,0.1235,0.1283,0.1119,0.0263,0.0758,0.089,0.0535,0.1264
CT001303,Zone_07,Zone_03,0.1503,0.103,0.1162,0.1503,0.1348,0.0769,0.0983,0.1087,0.0937,0.0525,0.0656
CT014955,Zone_07,Zone_09,0.1591,0.0935,0.1147,0.0771,0.1009,0.0848,0.1023,0.0822,0.0881,0.1591,0.0973
CT003109,Zone_01,Zone_01,0.1196,0.1196,0.0983,0.1069,0.1033,0.0884,0.0815,0.1161,0.0959,0.0942,0.0958
CT014514,Zone_07,Zone_05,0.1453,0.08,0.0769,0.1013,0.1247,0.1453,0.0675,0.1252,0.0957,0.0591,0.1244
CT015660,Zone_07,Zone_02,0.1227,0.0879,0.1227,0.1213,0.1144,0.0861,0.0912,0.0847,0.1022,0.107,0.0826
CT001169,Zone_07,Zone_04,0.1306,0.0774,0.0947,0.1114,0.1306,0.0936,0.119,0.0941,0.1296,0.0629,0.0867
CT016196,Zone_08,Zone_10,0.1204,0.1193,0.1184,0.0903,0.1056,0.0849,0.0727,0.0995,0.0788,0.1101,0.1204
CT003239,Zone_04,Zone_07,0.1356,0.0973,0.0749,0.103,0.1325,0.1198,0.081,0.1356,0.1066,0.0466,0.1028
CT009944,Zone_07,Zone_05,0.1246,0.1239,0.0764,0.1088,0.1045,0.1246,0.0769,0.1211,0.0971,0.0648,0.102
CT005272,Zone_07,Zone_01,0.1444,0.1444,0.0864,0.0848,0.107,0.1198,0.1002,0.0784,0.121,0.0493,0.1087
CT008716,Zone_02,Zone_01,0.1279,0.1279,0.0944,0.0832,0.1201,0.0972,0.0706,0.1016,0.0817,0.1185,0.1047
CT013102,Zone_03,Zone_09,0.1608,0.0985,0.0948,0.0996,0.0745,0.1081,0.0878,0.0742,0.1037,0.1608,0.0979
CT004460,Zone_07,Zone_05,0.1323,0.0832,0.1019,0.0832,0.1267,0.1323,0.1011,0.0907,0.1146,0.0527,0.1136
CT001005,Zone_08,Zone_08,0.1402,0.085,0.1331,0.08,0.1094,0.1021,0.1286,0.078,0.1402,0.0436,0.0999
CT008089,Zone_08,Zone_02,0.191,0.1209,0.191,0.1468,0.1048,0.0599,0.0954,0.1417,0.0801,0.0097,0.0496
CT019203,Zone_04,Zone_06,0.1399,0.106,0.0907,0.1055,0.0893,0.1135,0.1399,0.093,0.0939,0.074,0.0942
CT005305,Zone_02,Zone_03,0.1234,0.1201,0.0675,0.1234,0.0889,0.1047,0.091,0.099,0.1099,0.0822,0.1134
CT001744,Zone_10,Zone_09,0.1543,0.0974,0.1,0.103,0.0888,0.084,0.0897,0.0779,0.1092,0.1543,0.0957
CT009339,Zone_08,Zone_09,0.1134,0.1055,0.0959,0.0971,0.0845,0.0948,0.1056,0.094,0.096,0.1134,0.113
CT016789,Zone_07,Zone_09,0.1739,0.0917,0.1186,0.095,0.0993,0.0751,0.0807,0.1079,0.0766,0.1739,0.0812
CT016552,Zone_07,Zone_04,0.1226,0.0967,0.0964,0.1006,0.1226,0.0692,0.0989,0.114,0.103,0.1011,0.0976
CT007964,Zone_08,Zone_07,0.1312,0.1236,0.0719,0.1074,0.1037,0.1171,0.0732,0.1312,0.0949,0.0718,0.1052
CT001142,Zone_07,Zone_04,0.1527,0.0849,0.094,0.1002,0.1527,0.1056,0.0799,0.1382,0.0878,0.0676,0.089
CT019606,Zone_07,Zone_04,0.1398,0.1112,0.0814,0.0938,0.1398,0.1014,0.0863,0.1339,0.0929,0.0592,0.1
CT004707,Zone_03,Zone_05,0.1409,0.0992,0.1289,0.0651,0.0937,0.1409,0.1303,0.0772,0.098,0.0724,0.0944
CT005179,Zone_07,Zone_05,0.1128,0.1063,0.1054,0.0987,0.088,0.1128,0.1101,0.1024,0.095,0.072,0.1093
CT006858,Zone_04,Zone_09,0.1699,0.0943,0.0509,0.0889,0.093,0.1149,0.1078,0.0834,0.1048,0.1699,0.0922
CT000205,Zone_02,Zone_02,0.1405,0.1038,0.1405,0.1223,0.1095,0.0751,0.073,0.0987,0.0991,0.069,0.1092
CT012970,Zone_05,Zone_09,0.1921,0.1067,0.0927,0.0846,0.0838,0.082,0.0675,0.0807,0.1029,0.1921,0.107
CT007943,Zone_08,Zone_01,0.1375,0.1375,0.1203,0.0955,0.1021,0.0971,0.0738,0.1079,0.0742,0.0918,0.0997
CT003592,Zone_04,Zone_03,0.1224,0.0675,0.1212,0.1224,0.0906,0.0968,0.1179,0.0829,0.1098,0.1042,0.0867
CT002483,Zone_03,Zone_09,0.1415,0.0789,0.103,0.0998,0.0776,0.0909,0.104,0.0811,0.1134,0.1415,0.1098
CT009311,Zone_01,Zone_09,0.1358,0.0957,0.1331,0.0936,0.0939,0.1149,0.0607,0.0977,0.0868,0.1358,0.0879
CT010354,Zone_07,Zone_09,0.144,0.1009,0.115,0.0859,0.0977,0.0847,0.1001,0.0914,0.0878,0.144,0.0925
CT005979,Zone_03,Zone_09,0.1568,0.0814,0.0581,0.1256,0.1214,0.0555,0.079,0.1301,0.119,0.1568,0.0731
CT001453,Zone_07,Zone_03,0.1271,0.1237,0.0993,0.1271,0.1079,0.0874,0.0511,0.1255,0.1173,0.059,0.1018
CT017140,Zone_01,Zone_06,0.1384,0.0821,0.1356,0.0851,0.0758,0.0823,0.1384,0.0943,0.0804,0.1242,0.1018
CT005952,Zone_08,Zone_09,0.1433,0.0877,0.1245,0.0906,0.0845,0.1163,0.0842,0.1138,0.066,0.1433,0.0892
CT008506,Zone_04,Zone_08,0.1228,0.1109,0.103,0.1186,0.0921,0.0812,0.1192,0.0926,0.1228,0.0554,0.1042
CT011785,Zone_07,Zone_01,0.1207,0.1207,0.0904,0.0949,0.1138,0.1079,0.1016,0.1165,0.0814,0.0847,0.0882
CT001918,Zone_08,Zone_01,0.129,0.129,0.0822,0.1031,0.1007,0.1032,0.1097,0.0976,0.1177,0.0625,0.0942
CT009736,Zone_08,Zone_01,0.1175,0.1175,0.0894,0.1037,0.1049,0.111,0.0721,0.1136,0.0878,0.0829,0.117
CT004706,Zone_04,Zone_09,0.2242,0.0955,0.0696,0.0771,0.0844,0.0851,0.12,0.0809,0.0862,0.2242,0.0771
CT005903,Zone_03,Zone_02,0.1401,0.0754,0.1401,0.0857,0.1075,0.0735,0.1346,0.1067,0.1179,0.0403,0.1184
CT002576,Zone_08,Zone_08,0.1342,0.1155,0.1198,0.1138,0.107,0.0949,0.0902,0.0722,0.1342,0.0647,0.0876
CT013165,Zone_04,Zone_09,0.1297,0.0953,0.111,0.1089,0.1126,0.0752,0.0766,0.1054,0.0883,0.1297,0.097
CT010026,Zone_03,Zone_07,0.1281,0.0809,0.1108,0.1233,0.1175,0.0642,0.1271,0.1281,0.095,0.0705,0.0826
CT002036,Zone_07,Zone_02,0.1173,0.104,0.1173,0.0787,0.0953,0.0993,0.0803,0.1093,0.0928,0.1167,0.1062
CT010975,Zone_07,Zone_01,0.1117,0.1117,0.1024,0.0966,0.097,0.1093,0.1019,0.0943,0.0893,0.0894,0.1079
CT018960,Zone_04,Zone_09,0.1432,0.1175,0.0978,0.0859,0.0937,0.0974,0.0753,0.0873,0.0864,0.1432,0.1156
CT000500,Zone_07,Zone_05,0.1396,0.1389,0.0878,0.088,0.1076,0.1396,0.0707,0.1065,0.0867,0.0672,0.1071
CT004778,Zone_03,Zone_04,0.1321,0.0971,0.1065,0.0805,0.1321,0.1229,0.1158,0.0955,0.1268,0.05,0.0728
CT005045,Zone_04,Zone_09,0.1936,0.0657,0.0894,0.0941,0.0688,0.0858,0.1434,0.0772,0.0991,0.1936,0.0829
CT008137,Zone_07,Zone_10,0.1332,0.1242,0.0704,0.0888,0.096,0.1233,0.0938,0.0895,0.1001,0.0807,0.1332
CT007134,Zone_08,Zone_06,0.1227,0.0977,0.1016,0.1177,0.1098,0.0793,0.1227,0.1092,0.1166,0.0355,0.1099
CT011170,Zone_07,Zone_02,0.13,0.1085,0.13,0.0953,0.0881,0.0874,0.1281,0.0979,0.0973,0.0635,0.1039
CT000797,Zone_02,Zone_04,0.1454,0.0761,0.1158,0.097,0.1454,0.102,0.1117,0.0933,0.1341,0.0459,0.0788
CT009627,Zone_01,Zone_02,0.1379,0.0688,0.1379,0.1209,0.0747,0.0852,0.1111,0.0835,0.0976,0.1332,0.0871
CT006074,Zone_01,Zone_02,0.1257,0.1178,0.1257,0.0971,0.0929,0.0846,0.1061,0.1068,0.0973,0.0654,0.1063
CT013382,Zone_08,Zone_08,0.1414,0.0857,0.0795,0.0969,0.1349,0.0842,0.1045,0.0987,0.1414,0.082,0.0922
CT003550,Zone_07,Zone_07,0.1302,0.1107,0.067,0.1072,0.102,0.0981,0.0779,0.1302,0.1015,0.1023,0.1031
CT007020,Zone_08,Zone_10,0.135,0.088,0.1073,0.0887,0.0853,0.1142,0.0794,0.098,0.1041,0.1001,0.135
CT011897,Zone_04,Zone_07,0.1447,0.0986,0.1179,0.095,0.0985,0.0946,0.0833,0.1447,0.0823,0.0708,0.1143
CT017288,Zone_07,Zone_05,0.1403,0.0714,0.1046,0.084,0.1103,0.1403,0.1209,0.1198,0.0832,0.0585,0.107
CT007030,Zone_06,Zone_09,0.1449,0.0827,0.1086,0.1105,0.0868,0.083,0.0878,0.082,0.1132,0.1449,0.1005
CT000342,Zone_10,Zone_09,0.1311,0.115,0.123,0.0878,0.0783,0.1045,0.0744,0.0969,0.0935,0.1311,0.0954
CT019378,Zone_10,Zone_03,0.1264,0.0742,0.109,0.1264,0.0926,0.0969,0.1069,0.1134,0.0769,0.0968,0.1069
CT004858,Zone_07,Zone_06,0.1157,0.0945,0.0935,0.1036,0.087,0.0998,0.1157,0.1031,0.103,0.098,0.102
CT000135,Zone_08,Zone_04,0.1308,0.0974,0.0854,0.0714,0.1308,0.1092,0.1286,0.1043,0.1113,0.0657,0.096
CT000204,Zone_03,Zone_07,0.1307,0.0744,0.1065,0.0874,0.0821,0.1129,0.1177,0.1307,0.0755,0.1005,0.1123
CT012579,Zone_04,Zone_05,0.1218,0.1074,0.107,0.0858,0.0755,0.1218,0.1128,0.0776,0.1217,0.101,0.0894
CT006862,Zone_06,Zone_03,0.1236,0.0955,0.0571,0.1236,0.0943,0.1128,0.1091,0.1167,0.0948,0.1184,0.0777
CT018247,Zone_08,Zone_01,0.1406,0.1406,0.0945,0.0793,0.1111,0.1298,0.0755,0.1159,0.0758,0.0841,0.0932
CT002023,Zone_02,Zone_05,0.1243,0.083,0.1078,0.0677,0.1241,0.1243,0.1039,0.1092,0.0766,0.0963,0.1072
CT005972,Zone_02,Zone_01,0.128,0.128,0.0658,0.095,0.1222,0.1094,0.0915,0.0945,0.0979,0.1038,0.0919
CT006911,Zone_07,Zone_02,0.1387,0.0911,0.1387,0.0936,0.088,0.1065,0.0812,0.0901,0.0981,0.1096,0.103
CT011320,Zone_04,Zone_09,0.2323,0.0873,0.0964,0.0763,0.0891,0.076,0.0871,0.0802,0.0908,0.2323,0.0845
CT003689,Zone_08,Zone_10,0.1586,0.0886,0.0711,0.1274,0.0938,0.0985,0.13,0.0878,0.1334,0.0108,0.1586
CT019772,Zone_02,Zone_07,0.1209,0.1207,0.0992,0.1197,0.1074,0.0843,0.0813,0.1209,0.0892,0.0838,0.0935
CT010250,Zone_10,Zone_10,0.1202,0.1162,0.1,0.1014,0.1027,0.0802,0.0852,0.1054,0.0954,0.0934,0.1202
CT010602,Zone_07,Zone_02,0.1352,0.1197,0.1352,0.1329,0.0985,0.1198,0.0831,0.0884,0.1216,0.0385,0.0623
CT003667,Zone_01,Zone_09,0.1213,0.0885,0.1125,0.11,0.0987,0.0902,0.1003,0.0885,0.1072,0.1213,0.0828
CT018941,Zone_05,Zone_06,0.1289,0.0724,0.0901,0.0953,0.0981,0.1211,0.1289,0.1053,0.1107,0.0765,0.1017
CT016730,Zone_07,Zone_03,0.1408,0.1053,0.0973,0.1408,0.1016,0.1091,0.0846,0.0852,0.1026,0.0664,0.1071
CT013433,Zone_04,Zone_10,0.1275,0.0972,0.0921,0.1135,0.0889,0.1075,0.0758,0.0875,0.12,0.09,0.1275
CT011475,Zone_02,Zone_06,0.1215,0.1086,0.1097,0.0848,0.0837,0.1044,0.1215,0.092,0.0983,0.0969,0.1001
CT014092,Zone_07,Zone_04,0.1452,0.1044,0.1041,0.0964,0.1452,0.0837,0.07,0.1211,0.1198,0.0427,0.1126
CT017296,Zone_10,Zone_06,0.1898,0.0613,0.1254,0.0751,0.0956,0.1018,0.1898,0.067,0.1247,0.0511,0.1082
CT019746,Zone_08,Zone_09,0.1407,0.1074,0.1177,0.0892,0.0872,0.0793,0.0918,0.0986,0.0893,0.1407,0.0989
CT019742,Zone_07,Zone_05,0.1621,0.1188,0.1032,0.0666,0.1024,0.1621,0.0767,0.0795,0.0982,0.0805,0.112
CT017035,Zone_04,Zone_05,0.1176,0.099,0.0997,0.1154,0.1018,0.1176,0.0826,0.0979,0.0996,0.092,0.0943
CT017985,Zone_07,Zone_09,0.2054,0.0961,0.069,0.0797,0.0851,0.0784,0.1173,0.0793,0.0854,0.2054,0.1043
CT000902,Zone_04,Zone_06,0.1576,0.0796,0.0829,0.1077,0.0725,0.0999,0.1576,0.0785,0.1327,0.0737,0.1149
CT015889,Zone_10,Zone_09,0.1545,0.097,0.068,0.0736,0.0964,0.0992,0.1052,0.1083,0.0825,0.1545,0.1153
CT009121,Zone_08,Zone_09,0.1231,0.1124,0.0905,0.0874,0.1178,0.1061,0.0705,0.0934,0.1005,0.1231,0.0984
CT015019,Zone_02,Zone_01,0.1393,0.1393,0.107,0.0923,0.0983,0.0899,0.0455,0.1015,0.0957,0.1334,0.0969
CT000959,Zone_08,Zone_01,0.1285,0.1285,0.0993,0.1008,0.1254,0.0991,0.0958,0.1269,0.0715,0.0674,0.0852
CT015715,Zone_07,Zone_06,0.128,0.0965,0.0937,0.1003,0.0769,0.1111,0.128,0.0933,0.098,0.0932,0.109
CT011272,Zone_04,Zone_02,0.1659,0.1262,0.1659,0.1142,0.1108,0.0578,0.0784,0.1274,0.0753,0.0427,0.1014
CT003544,Zone_01,Zone_09,0.1895,0.0884,0.0989,0.1069,0.0814,0.077,0.0948,0.089,0.0891,0.1895,0.0849
CT005647,Zone_08,Zone_03,0.1348,0.0964,0.1215,0.1348,0.104,0.0869,0.0986,0.096,0.0917,0.0783,0.0918
CT002735,Zone_04,Zone_07,0.1479,0.0999,0.0815,0.1406,0.1409,0.0574,0.0584,0.1479,0.1004,0.0773,0.0957
CT007999,Zone_04,Zone_05,0.1236,0.0846,0.1038,0.1089,0.1038,0.1236,0.1092,0.0965,0.073,0.1164,0.0802
CT016570,Zone_02,Zone_03,0.1497,0.1169,0.1174,0.1497,0.105,0.1363,0.0434,0.0733,0.0907,0.0615,0.1058
CT017223,Zone_04,Zone_09,0.128,0.0973,0.1189,0.0884,0.0782,0.1103,0.0832,0.0766,0.0967,0.128,0.1223
CT016269,Zone_07,Zone_10,0.1302,0.0992,0.1079,0.0792,0.0995,0.1138,0.0834,0.1101,0.0819,0.0948,0.1302
CT015275,Zone_08,Zone_09,0.164,0.1038,0.089,0.0968,0.1131,0.0913,0.068,0.0763,0.1203,0.164,0.0775
CT009516,Zone_10,Zone_09,0.1378,0.0924,0.0974,0.0988,0.0818,0.0973,0.0948,0.1161,0.0852,0.1378,0.0985
CT004908,Zone_03,Zone_02,0.1767,0.1225,0.1767,0.1275,0.0945,0.1011,0.1064,0.1074,0.0949,0.0168,0.0522
CT017372,Zone_08,Zone_02,0.1449,0.1224,0.1449,0.1003,0.0954,0.0651,0.0863,0.1292,0.0888,0.0656,0.102
CT011372,Zone_08,Zone_06,0.1239,0.0857,0.0966,0.1091,0.0871,0.1021,0.1239,0.0909,0.1057,0.0975,0.1014
CT017441,Zone_02,Zone_10,0.1224,0.0841,0.1067,0.1162,0.0777,0.0929,0.1096,0.0881,0.103,0.0992,0.1224
CT019729,Zone_02,Zone_06,0.1198,0.095,0.1041,0.0894,0.1054,0.1178,0.1198,0.103,0.118,0.0501,0.0974
CT000450,Zone_08,Zone_05,0.1266,0.102,0.0695,0.0921,0.1006,0.1266,0.0935,0.0918,0.117,0.1226,0.0843
CT011216,Zone_03,Zone_05,0.1399,0.0945,0.0848,0.107,0.0908,0.1399,0.0787,0.1358,0.0781,0.0817,0.1087
CT015149,Zone_04,Zone_03,0.1152,0.1018,0.0879,0.1152,0.1071,0.0988,0.0894,0.1088,0.0989,0.1048,0.0873
CT006728,Zone_04,Zone_07,0.1254,0.1039,0.0727,0.1223,0.0864,0.0865,0.1062,0.1254,0.0909,0.1019,0.1037
CT017680,Zone_07,Zone_06,0.1133,0.0948,0.1003,0.089,0.1122,0.1022,0.1133,0.0921,0.0948,0.1082,0.0933
CT013533,Zone_01,Zone_02,0.1305,0.0781,0.1305,0.1166,0.1008,0.0975,0.0953,0.1058,0.0866,0.1009,0.0878
CT012449,Zone_07,Zone_03,0.134,0.0895,0.0932,0.134,0.0877,0.0901,0.1308,0.0858,0.1302,0.0795,0.0792
CT018882,Zone_08,Zone_02,0.1331,0.0737,0.1331,0.089,0.1113,0.1131,0.0835,0.0949,0.0851,0.1209,0.0954
CT019070,Zone_07,Zone_09,0.1432,0.0873,0.099,0.0969,0.0753,0.0917,0.1044,0.0949,0.0933,0.1432,0.1141
CT018079,Zone_01,Zone_07,0.1285,0.0996,0.0971,0.1149,0.1064,0.1082,0.1239,0.1285,0.0738,0.0713,0.0763
CT019766,Zone_06,Zone_09,0.1755,0.1104,0.091,0.0827,0.1097,0.0881,0.069,0.1215,0.0773,0.1755,0.0748
CT008922,Zone_07,Zone_05,0.1243,0.0691,0.1012,0.1015,0.0903,0.1243,0.1035,0.1173,0.0864,0.114,0.0925
CT007617,Zone_04,Zone_06,0.1574,0.0753,0.0871,0.0941,0.11,0.0879,0.1574,0.0868,0.1322,0.059,0.1101
CT006273,Zone_08,Zone_09,0.1569,0.083,0.0671,0.114,0.113,0.1036,0.1005,0.094,0.0936,0.1569,0.0742
CT009985,Zone_07,Zone_03,0.1343,0.0769,0.1176,0.1343,0.0915,0.0792,0.1274,0.1115,0.0863,0.0651,0.1102
CT006632,Zone_02,Zone_10,0.1231,0.1113,0.0952,0.0972,0.096,0.1132,0.0851,0.1018,0.0975,0.0796,0.1231
CT002168,Zone_08,Zone_09,0.1231,0.0783,0.1079,0.0793,0.1166,0.0854,0.0979,0.1189,0.1007,0.1231,0.0918
CT008155,Zone_08,Zone_01,0.1314,0.1314,0.0881,0.0864,0.0954,0.1221,0.1004,0.0995,0.1011,0.068,0.1077
CT015483,Zone_07,Zone_07,0.1244,0.1136,0.1161,0.0778,0.1117,0.096,0.0704,0.1244,0.0719,0.0987,0.1194
CT000850,Zone_10,Zone_09,0.1347,0.095,0.1005,0.0925,0.103,0.077,0.1166,0.1025,0.0833,0.1347,0.0949
CT000458,Zone_08,Zone_09,0.2476,0.0856,0.0975,0.0965,0.0798,0.0688,0.0639,0.0785,0.1024,0.2476,0.0794
CT007421,Zone_03,Zone_03,0.1285,0.093,0.0886,0.1285,0.1062,0.1219,0.0935,0.1118,0.0883,0.0592,0.109
CT016973,Zone_06,Zone_01,0.1367,0.1367,0.111,0.1017,0.1004,0.0746,0.0812,0.1028,0.1073,0.0662,0.1181
CT012113,Zone_07,Zone_01,0.1134,0.1134,0.089,0.0976,0.098,0.0971,0.0877,0.1082,0.094,0.1064,0.1086
CT011880,Zone_08,Zone_05,0.136,0.1086,0.1024,0.0942,0.0912,0.136,0.0797,0.0968,0.1019,0.0745,0.1147
CT012505,Zone_07,Zone_08,0.1482,0.1261,0.0916,0.1011,0.0849,0.1114,0.1178,0.0729,0.1482,0.0328,0.1132
CT019292,Zone_07,Zone_09,0.1408,0.1133,0.0829,0.0862,0.0928,0.0869,0.1198,0.0887,0.0873,0.1408,0.1013
CT011487,Zone_10,Zone_03,0.1319,0.0765,0.1022,0.1319,0.0939,0.0938,0.1068,0.1113,0.081,0.0953,0.1074
CT010878,Zone_08,Zone_06,0.1787,0.1084,0.0985,0.1008,0.0812,0.101,0.1787,0.0687,0.1199,0.0511,0.0917
CT005128,Zone_01,Zone_06,0.161,0.0976,0.1305,0.0985,0.0928,0.0826,0.161,0.064,0.1351,0.0695,0.0684
CT012832,Zone_07,Zone_04,0.1433,0.0723,0.1185,0.1374,0.1433,0.0528,0.1007,0.1279,0.0948,0.0785,0.0738
CT017977,Zone_08,Zone_06,0.1273,0.1081,0.0793,0.1015,0.0969,0.0945,0.1273,0.1059,0.1091,0.0728,0.1047
CT004021,Zone_01,Zone_05,0.1477,0.0969,0.0965,0.0912,0.1202,0.1477,0.0635,0.1398,0.0847,0.0471,0.1124
CT012065,Zone_04,Zone_10,0.1104,0.1054,0.0888,0.1047,0.0945,0.0931,0.11,0.1074,0.0974,0.0885,0.1104
CT004424,Zone_01,Zone_08,0.1386,0.0911,0.0854,0.0998,0.1151,0.1003,0.1318,0.0834,0.1386,0.0319,0.1226
CT007170,Zone_02,Zone_03,0.1294,0.1071,0.0966,0.1294,0.083,0.0864,0.117,0.101,0.1211,0.0607,0.0979
CT011526,Zone_07,Zone_01,0.1369,0.1369,0.1062,0.1323,0.1033,0.0751,0.0864,0.1023,0.1037,0.048,0.1058
CT015318,Zone_02,Zone_05,0.1403,0.1004,0.0828,0.0814,0.0928,0.1403,0.079,0.1184,0.0895,0.0984,0.1171
CT006595,Zone_09,Zone_08,0.139,0.1109,0.0698,0.1245,0.1096,0.0864,0.0943,0.0884,0.139,0.0909,0.0862
CT003105,Zone_08,Zone_01,0.131,0.131,0.0917,0.0776,0.0889,0.1287,0.1109,0.0883,0.0897,0.1008,0.0925
CT001057,Zone_06,Zone_08,0.1261,0.1093,0.0915,0.0932,0.1094,0.1119,0.1132,0.0939,0.1261,0.082,0.0697
CT001477,Zone_08,Zone_06,0.1617,0.0843,0.1314,0.0651,0.1034,0.0952,0.1617,0.0706,0.1587,0.036,0.0936
CT010379,Zone_07,Zone_09,0.1584,0.0851,0.1012,0.1236,0.0956,0.0825,0.0809,0.0898,0.095,0.1584,0.088
CT015969,Zone_02,Zone_09,0.1502,0.0917,0.0683,0.1012,0.0857,0.0894,0.1166,0.1045,0.091,0.1502,0.1013
CT019769,Zone_07,Zone_10,0.131,0.0781,0.0901,0.1118,0.0978,0.1191,0.102,0.0887,0.1136,0.068,0.131
CT003337,Zone_07,Zone_09,0.1352,0.1146,0.1152,0.1049,0.0864,0.0774,0.0586,0.0894,0.0924,0.1352,0.126
CT013294,Zone_01,Zone_09,0.1458,0.1052,0.1074,0.0808,0.0879,0.0983,0.0821,0.0952,0.0824,0.1458,0.1148
CT000844,Zone_08,Zone_03,0.1563,0.0971,0.089,0.1563,0.0909,0.1137,0.0669,0.0973,0.112,0.0694,0.1074
CT009092,Zone_07,Zone_09,0.1189,0.1099,0.0976,0.0908,0.0973,0.0932,0.095,0.1048,0.0997,0.1189,0.0928
CT018309,Zone_08,Zone_09,0.1678,0.0843,0.1017,0.1185,0.0916,0.0838,0.1111,0.082,0.0858,0.1678,0.0734
CT005936,Zone_07,Zone_01,0.1119,0.1119,0.0858,0.1107,0.1078,0.1052,0.0698,0.1066,0.1035,0.1095,0.0891
CT000108,Zone_04,Zone_08,0.1539,0.0784,0.0947,0.1194,0.1375,0.0896,0.0932,0.0955,0.1539,0.06,0.078
CT011298,Zone_07,Zone_08,0.1775,0.0959,0.0815,0.1147,0.1273,0.1158,0.086,0.0889,0.1775,0.0274,0.085
CT000878,Zone_04,Zone_04,0.1275,0.0973,0.0823,0.0861,0.1275,0.121,0.1154,0.1061,0.1255,0.0443,0.0945
CT015809,Zone_02,Zone_01,0.1374,0.1374,0.1131,0.0879,0.1127,0.1105,0.0933,0.118,0.0951,0.0531,0.079
CT000909,Zone_04,Zone_05,0.1592,0.098,0.0801,0.1035,0.0911,0.1592,0.0765,0.112,0.0858,0.0716,0.1223
CT013961,Zone_06,Zone_09,0.2027,0.0853,0.1326,0.0868,0.0852,0.0749,0.0967,0.0836,0.0809,0.2027,0.0713
CT003670,Zone_08,Zone_09,0.1225,0.0805,0.0839,0.1087,0.0904,0.1041,0.1192,0.0875,0.1016,0.1225,0.1017
CT000413,Zone_03,Zone_03,0.1472,0.0913,0.0823,0.1472,0.1014,0.0971,0.0776,0.1152,0.1058,0.0877,0.0944
CT011477,Zone_03,Zone_02,0.1324,0.1232,0.1324,0.0958,0.0999,0.1131,0.0851,0.1167,0.0696,0.0614,0.1028
CT006030,Zone_01,Zone_05,0.1525,0.073,0.0765,0.0902,0.0753,0.1525,0.13,0.0821,0.1016,0.107,0.1119
CT016727,Zone_06,Zone_06,0.1613,0.0758,0.1361,0.0747,0.108,0.0968,0.1613,0.0812,0.1097,0.0461,0.1104
CT009721,Zone_08,Zone_10,0.1326,0.0998,0.0893,0.1131,0.0855,0.1022,0.0818,0.082,0.1046,0.1092,0.1326
CT017975,Zone_06,Zone_07,0.1341,0.0997,0.119,0.0755,0.0997,0.0947,0.0948,0.1341,0.0801,0.0781,0.1244
CT001837,Zone_02,Zone_06,0.1721,0.0769,0.0864,0.1257,0.0913,0.0736,0.1721,0.0735,0.1147,0.1085,0.0774
CT006709,Zone_07,Zone_07,0.1496,0.115,0.0779,0.1346,0.1366,0.0685,0.0761,0.1496,0.1035,0.0572,0.081
CT014477,Zone_08,Zone_01,0.163,0.163,0.1295,0.1038,0.1161,0.097,0.0629,0.0945,0.0989,0.0569,0.0773
CT014009,Zone_10,Zone_02,0.1172,0.1041,0.1172,0.0976,0.0867,0.111,0.1106,0.0901,0.1091,0.0802,0.0935
CT006589,Zone_07,Zone_09,0.2228,0.0685,0.1205,0.0717,0.0704,0.0809,0.1419,0.0649,0.0865,0.2228,0.0719
CT018973,Zone_03,Zone_03,0.1312,0.1198,0.0719,0.1312,0.0978,0.1305,0.0542,0.1016,0.1263,0.0631,0.1036
CT014074,Zone_07,Zone_02,0.1258,0.0811,0.1258,0.1084,0.0855,0.0989,0.1038,0.091,0.1098,0.0733,0.1224
CT013415,Zone_04,Zone_07,0.1446,0.1008,0.0985,0.0872,0.1388,0.1099,0.0571,0.1446,0.0911,0.0806,0.0914
CT013445,Zone_08,Zone_03,0.1239,0.1016,0.1,0.1239,0.0922,0.1013,0.0807,0.0772,0.1055,0.1192,0.0983
CT017387,Zone_07,Zone_04,0.1217,0.0802,0.1038,0.1072,0.1217,0.1099,0.1126,0.1154,0.1031,0.0581,0.0881
CT003559,Zone_08,Zone_05,0.1362,0.1054,0.0985,0.0751,0.0901,0.1362,0.107,0.0922,0.09,0.1062,0.0993
CT000203,Zone_07,Zone_04,0.1316,0.1174,0.1137,0.0826,0.1316,0.1122,0.0668,0.12,0.0821,0.0529,0.1208
CT019211,Zone_07,Zone_09,0.1393,0.1085,0.0735,0.1016,0.1143,0.0794,0.1035,0.1074,0.0895,0.1393,0.0829
CT009621,Zone_03,Zone_06,0.126,0.0815,0.1213,0.0811,0.0995,0.0991,0.126,0.0881,0.0811,0.1187,0.1036
CT015768,Zone_07,Zone_01,0.125,0.125,0.077,0.1212,0.0999,0.1115,0.0727,0.1095,0.0927,0.0882,0.1024
CT014520,Zone_08,Zone_09,0.2135,0.076,0.1028,0.0734,0.0746,0.083,0.1266,0.074,0.0975,0.2135,0.0787
CT003684,Zone_08,Zone_09,0.1401,0.104,0.0842,0.0965,0.1031,0.0939,0.0779,0.11,0.1075,0.1401,0.0828
CT016558,Zone_07,Zone_02,0.1351,0.1067,0.1351,0.1232,0.0895,0.0871,0.0641,0.116,0.0831,0.0705,0.1247
CT014901,Zone_07,Zone_09,0.2096,0.076,0.1006,0.0993,0.0938,0.0801,0.0846,0.092,0.0957,0.2096,0.0682
CT003830,Zone_08,Zone_09,0.1339,0.1032,0.0968,0.0785,0.0916,0.0855,0.1179,0.0836,0.0927,0.1339,0.1162
CT014427,Zone_03,Zone_09,0.1388,0.0914,0.1108,0.1033,0.0994,0.0907,0.0912,0.0928,0.0912,0.1388,0.0903
CT010350,Zone_07,Zone_09,0.1226,0.0888,0.088,0.0989,0.0896,0.1011,0.1136,0.093,0.1013,0.1226,0.1032
CT018832,Zone_07,Zone_07,0.1623,0.1222,0.1401,0.143,0.1074,0.1003,0.0775,0.1623,0.0768,0.0142,0.0561
CT005223,Zone_03,Zone_05,0.1365,0.1108,0.0761,0.0977,0.1076,0.1365,0.0921,0.0867,0.1144,0.0874,0.0906
CT005942,Zone_08,Zone_10,0.1315,0.0942,0.0875,0.1116,0.0786,0.121,0.078,0.0883,0.1215,0.0877,0.1315
CT006678,Zone_06,Zone_08,0.1377,0.0711,0.1074,0.0951,0.1187,0.1231,0.1105,0.0737,0.1377,0.0618,0.1009
CT011365,Zone_07,Zone_06,0.1398,0.1123,0.0949,0.1017,0.0912,0.08,0.1398,0.1126,0.0995,0.0837,0.0843
CT015572,Zone_10,Zone_04,0.1331,0.076,0.1095,0.0865,0.1331,0.1124,0.1269,0.0914,0.1155,0.0613,0.0874
CT008729,Zone_03,Zone_09,0.1472,0.0858,0.0961,0.1019,0.1001,0.1037,0.0832,0.0762,0.1247,0.1472,0.0811
CT017114,Zone_07,Zone_09,0.1549,0.0857,0.1035,0.1017,0.0769,0.0878,0.1287,0.0846,0.0882,0.1549,0.088
CT009196,Zone_03,Zone_09,0.1348,0.093,0.0748,0.1151,0.0865,0.0732,0.1203,0.125,0.0796,0.1348,0.0978
CT019541,Zone_02,Zone_09,0.1361,0.1016,0.1358,0.1128,0.0952,0.0806,0.0754,0.0868,0.0885,0.1361,0.0872
CT006376,Zone_01,Zone_05,0.1327,0.1125,0.0784,0.1142,0.103,0.1327,0.0872,0.1031,0.1126,0.0682,0.0881
CT009868,Zone_07,Zone_09,0.1345,0.1089,0.1093,0.0832,0.1029,0.1235,0.0812,0.0891,0.0773,0.1345,0.0899
CT018176,Zone_02,Zone_09,0.1562,0.0889,0.104,0.0906,0.0752,0.0939,0.0992,0.0912,0.0944,0.1562,0.1064
CT000131,Zone_01,Zone_01,0.127,0.127,0.114,0.0897,0.1022,0.0887,0.106,0.0947,0.1107,0.0724,0.0947
CT000231,Zone_03,Zone_09,0.1208,0.1183,0.0874,0.0809,0.0987,0.1163,0.0874,0.1185,0.0723,0.1208,0.0995
CT010957,Zone_10,Zone_04,0.1449,0.1068,0.0978,0.0988,0.1449,0.1042,0.0946,0.096,0.1381,0.0322,0.0866
CT017621,Zone_02,Zone_07,0.1339,0.1054,0.1226,0.0689,0.1153,0.1249,0.0725,0.1339,0.0785,0.0737,0.1043
CT019419,Zone_04,Zone_09,0.2452,0.0911,0.074,0.0761,0.0688,0.0743,0.1054,0.0722,0.0998,0.2452,0.0931
CT006272,Zone_01,Zone_10,0.1216,0.0977,0.0924,0.0965,0.094,0.1069,0.1007,0.0944,0.0978,0.0978,0.1216
CT013032,Zone_04,Zone_09,0.1155,0.1087,0.1015,0.0801,0.0962,0.0981,0.1084,0.0976,0.09,0.1155,0.1038
CT010314,Zone_09,Zone_10,0.1233,0.0976,0.0797,0.1056,0.0826,0.0989,0.1085,0.0849,0.114,0.105,0.1233
CT017933,Zone_03,Zone_09,0.1364,0.1002,0.0698,0.0834,0.0961,0.1085,0.116,0.0841,0.0986,0.1364,0.107
CT013585,Zone_07,Zone_09,0.1162,0.1153,0.0701,0.0948,0.1017,0.1061,0.0895,0.1112,0.0923,0.1162,0.1028
CT018945,Zone_05,Zone_06,0.159,0.0687,0.096,0.1033,0.067,0.1091,0.159,0.0754,0.1008,0.127,0.0937
CT018172,Zone_07,Zone_09,0.1504,0.0931,0.1148,0.0995,0.1119,0.0812,0.0976,0.0857,0.0899,0.1504,0.076
CT000506,Zone_07,Zone_06,0.1655,0.067,0.1331,0.086,0.1113,0.0927,0.1655,0.0628,0.1223,0.071,0.0883
CT015332,Zone_07,Zone_03,0.1251,0.0844,0.1044,0.1251,0.0934,0.0993,0.1212,0.1126,0.0907,0.0913,0.0776
CT001971,Zone_04,Zone_07,0.1284,0.1265,0.1118,0.0865,0.0962,0.1,0.0764,0.1284,0.0744,0.1003,0.0994
CT013285,Zone_10,Zone_01,0.1312,0.1312,0.0998,0.1029,0.1077,0.0992,0.1108,0.117,0.1041,0.0523,0.0749
CT019599,Zone_08,Zone_08,0.146,0.1359,0.0883,0.0925,0.0994,0.0989,0.1208,0.0831,0.146,0.0519,0.0832
CT001538,Zone_07,Zone_07,0.1241,0.1109,0.0894,0.0973,0.1035,0.0888,0.0832,0.1241,0.0933,0.1147,0.0948
CT009763,Zone_08,Zone_03,0.127,0.1122,0.1103,0.127,0.0845,0.1013,0.0818,0.1026,0.1096,0.0515,0.1193
CT017572,Zone_01,Zone_07,0.1161,0.0998,0.0854,0.1152,0.0864,0.0876,0.0948,0.1161,0.0949,0.1119,0.1079
CT003353,Zone_02,Zone_05,0.1514,0.1329,0.0841,0.0836,0.0927,0.1514,0.0928,0.0844,0.0945,0.0634,0.1201
CT018723,Zone_07,Zone_06,0.1259,0.1008,0.1015,0.1,0.0863,0.0974,0.1259,0.0922,0.1039,0.0824,0.1098
CT002032,Zone_07,Zone_09,0.1554,0.091,0.0719,0.0851,0.0922,0.0868,0.1264,0.0909,0.0935,0.1554,0.1068
CT009510,Zone_02,Zone_06,0.1122,0.0959,0.0924,0.0979,0.0867,0.1012,0.1122,0.101,0.1009,0.111,0.1007
CT014308,Zone_10,Zone_01,0.1297,0.1297,0.0889,0.0911,0.0968,0.1259,0.1185,0.0887,0.0987,0.0467,0.115
CT003586,Zone_07,Zone_06,0.1255,0.0891,0.1223,0.1027,0.1008,0.0758,0.1255,0.0888,0.1105,0.0747,0.1097
CT004769,Zone_01,Zone_08,0.1261,0.1087,0.1071,0.0924,0.088,0.0964,0.1096,0.0852,0.1261,0.0776,0.1088
CT002113,Zone_01,Zone_09,0.1419,0.1071,0.1034,0.102,0.0958,0.105,0.0708,0.102,0.0798,0.1419,0.0924
CT004926,Zone_04,Zone_06,0.1729,0.0794,0.0857,0.0781,0.108,0.1126,0.1729,0.0683,0.1454,0.0298,0.1198
CT014947,Zone_02,Zone_05,0.1384,0.1099,0.1008,0.0997,0.0863,0.1384,0.0814,0.0866,0.13,0.0628,0.1041
CT018857,Zone_07,Zone_09,0.1874,0.0833,0.1101,0.1042,0.1036,0.076,0.0825,0.0707,0.1052,0.1874,0.077
CT012590,Zone_07,Zone_01,0.1295,0.1295,0.1279,0.1011,0.1062,0.095,0.0894,0.0855,0.1169,0.0742,0.0744
CT018040,Zone_07,Zone_09,0.158,0.0804,0.1085,0.1416,0.0904,0.0916,0.0652,0.0901,0.0977,0.158,0.0765
CT014349,Zone_10,Zone_09,0.1692,0.0967,0.0687,0.0967,0.0796,0.0828,0.1205,0.0908,0.0897,0.1692,0.1052
CT003478,Zone_06,Zone_01,0.1451,0.1451,0.1265,0.077,0.0989,0.112,0.0822,0.09,0.1038,0.0596,0.1048
CT001175,Zone_07,Zone_02,0.1441,0.0852,0.1441,0.1027,0.0912,0.1014,0.1,0.1106,0.0773,0.0879,0.0997
CT016173,Zone_08,Zone_07,0.1298,0.0933,0.1102,0.0951,0.1143,0.0945,0.0784,0.1298,0.0867,0.079,0.1189
CT002894,Zone_07,Zone_08,0.1227,0.1184,0.0633,0.1133,0.1054,0.0926,0.0801,0.0941,0.1227,0.1085,0.1014
CT006766,Zone_08,Zone_08,0.1504,0.0863,0.1059,0.1223,0.1352,0.0978,0.0949,0.0796,0.1504,0.0333,0.0943
CT019714,Zone_04,Zone_06,0.1635,0.0958,0.1001,0.0911,0.0842,0.1225,0.1635,0.0896,0.0844,0.0762,0.0927
CT009070,Zone_04,Zone_05,0.1186,0.1134,0.1057,0.0902,0.0902,0.1186,0.1027,0.0984,0.0903,0.0723,0.1182
CT018415,Zone_02,Zone_09,0.2059,0.0854,0.0756,0.0962,0.0732,0.0792,0.1058,0.0921,0.0862,0.2059,0.1003
CT003124,Zone_08,Zone_10,0.1253,0.093,0.1061,0.0944,0.1179,0.0929,0.1062,0.0927,0.1167,0.0549,0.1253
CT007754,Zone_07,Zone_01,0.1429,0.1429,0.0987,0.1046,0.1146,0.1016,0.0674,0.1235,0.0741,0.0771,0.0955
CT015637,Zone_08,Zone_06,0.1379,0.0931,0.1253,0.085,0.0828,0.1146,0.1379,0.0853,0.0861,0.0901,0.0998
CT019802,Zone_08,Zone_05,0.1573,0.071,0.0818,0.0712,0.1168,0.1573,0.1081,0.098,0.0942,0.07,0.1317
CT011523,Zone_07,Zone_06,0.1575,0.0991,0.1089,0.0765,0.1133,0.1189,0.1575,0.0844,0.1163,0.0347,0.0903
CT009105,Zone_07,Zone_07,0.1361,0.0864,0.0985,0.1037,0.1355,0.128,0.0761,0.1361,0.0837,0.0612,0.0908
CT009213,Zone_03,Zone_10,0.1159,0.1158,0.1109,0.086,0.1004,0.1083,0.1026,0.0933,0.0887,0.078,0.1159
CT009486,Zone_04,Zone_10,0.1233,0.0931,0.1115,0.1011,0.1169,0.0934,0.0858,0.1021,0.1221,0.0505,0.1233
CT011988,Zone_01,Zone_01,0.137,0.137,0.0879,0.083,0.1099,0.1258,0.0924,0.102,0.0885,0.0751,0.0985
CT012441,Zone_07,Zone_05,0.1166,0.0931,0.1049,0.0784,0.1094,0.1166,0.1158,0.1132,0.0952,0.0675,0.1058
CT015020,Zone_04,Zone_06,0.1337,0.0918,0.105,0.0975,0.0811,0.1008,0.1337,0.1121,0.0871,0.1044,0.0865
CT009969,Zone_01,Zone_01,0.1345,0.1345,0.1109,0.0837,0.0975,0.1074,0.0891,0.0958,0.1118,0.0618,0.1076
CT014240,Zone_02,Zone_09,0.1915,0.0754,0.0887,0.0894,0.08,0.0839,0.1408,0.0871,0.0823,0.1915,0.0808
CT011158,Zone_07,Zone_09,0.2182,0.0963,0.0898,0.0676,0.0996,0.0899,0.0848,0.1051,0.0799,0.2182,0.0689
CT012167,Zone_08,Zone_07,0.1306,0.0985,0.0978,0.0912,0.0893,0.0642,0.1174,0.1306,0.0834,0.1243,0.1034
CT000660,Zone_05,Zone_02,0.1321,0.0642,0.1321,0.1022,0.1234,0.0845,0.129,0.0896,0.1198,0.0412,0.1139
CT002369,Zone_05,Zone_02,0.1274,0.0952,0.1274,0.125,0.0985,0.1127,0.0749,0.0974,0.0842,0.09,0.0947
CT017086,Zone_05,Zone_09,0.1244,0.1114,0.0667,0.0984,0.1184,0.0834,0.1053,0.1228,0.0724,0.1244,0.0969
CT001661,Zone_03,Zone_10,0.1207,0.0989,0.0981,0.095,0.0993,0.0991,0.0844,0.0934,0.1022,0.1088,0.1207
CT014557,Zone_02,Zone_07,0.1335,0.0959,0.0687,0.0827,0.1314,0.1189,0.1008,0.1335,0.0881,0.0831,0.0969
CT008914,Zone_08,Zone_09,0.194,0.093,0.0782,0.0844,0.0933,0.0947,0.0921,0.0913,0.1024,0.194,0.0767
CT014438,Zone_08,Zone_09,0.19,0.085,0.0774,0.0853,0.0824,0.0775,0.1295,0.0943,0.077,0.19,0.1016
CT006585,Zone_08,Zone_10,0.1163,0.1153,0.0999,0.0832,0.1005,0.1098,0.0879,0.0984,0.0905,0.0982,0.1163
CT015952,Zone_01,Zone_08,0.1304,0.0901,0.0884,0.1022,0.123,0.1085,0.1176,0.104,0.1304,0.0291,0.1067
CT010397,Zone_02,Zone_01,0.141,0.141,0.1409,0.1155,0.1015,0.14,0.037,0.0685,0.1112,0.0474,0.097
CT009786,Zone_08,Zone_09,0.134,0.121,0.1094,0.093,0.0792,0.1,0.0805,0.0849,0.1014,0.134,0.0966
CT015355,Zone_03,Zone_07,0.1227,0.0995,0.117,0.0914,0.0866,0.0818,0.1002,0.1227,0.0854,0.1062,0.1092
CT014779,Zone_06,Zone_07,0.1164,0.1095,0.1067,0.0969,0.0911,0.0957,0.1077,0.1164,0.0951,0.0754,0.1056
CT007010,Zone_07,Zone_04,0.1454,0.0977,0.095,0.0928,0.1454,0.1153,0.0863,0.0898,0.1294,0.0398,0.1085
CT000935,Zone_07,Zone_03,0.1628,0.1039,0.0875,0.1628,0.0981,0.0886,0.0869,0.1034,0.1186,0.055,0.0951
CT009315,Zone_01,Zone_07,0.1361,0.0806,0.1122,0.0841,0.1196,0.0929,0.0951,0.1361,0.08,0.1036,0.0958
CT000672,Zone_07,Zone_01,0.1153,0.1153,0.087,0.1017,0.0954,0.1137,0.1132,0.1043,0.1053,0.077,0.087
CT005093,Zone_04,Zone_08,0.1161,0.1062,0.0765,0.1004,0.1019,0.1136,0.1046,0.111,0.1161,0.0819,0.0877
CT005825,Zone_05,Zone_05,0.1511,0.0849,0.0631,0.1065,0.0763,0.1511,0.1511,0.0728,0.1097,0.0603,0.1242
CT016209,Zone_07,Zone_08,0.1444,0.1079,0.0789,0.0786,0.096,0.1226,0.1206,0.0857,0.1444,0.0834,0.0819
CT008799,Zone_03,Zone_07,0.1308,0.1049,0.1198,0.0805,0.1106,0.0892,0.0842,0.1308,0.0764,0.0747,0.1288
CT014280,Zone_08,Zone_03,0.1273,0.0754,0.1267,0.1273,0.0864,0.0858,0.0929,0.0837,0.1013,0.1198,0.1007
CT011090,Zone_08,Zone_06,0.1263,0.0871,0.1078,0.0947,0.0853,0.0991,0.1263,0.0919,0.0889,0.1257,0.0932
CT009745,Zone_07,Zone_06,0.1241,0.1112,0.0721,0.1032,0.0925,0.098,0.1241,0.1018,0.1047,0.0684,0.1239
CT000880,Zone_07,Zone_06,0.1372,0.078,0.0939,0.09,0.0989,0.0873,0.1372,0.092,0.0861,0.1215,0.1152
CT000492,Zone_07,Zone_03,0.1248,0.107,0.1116,0.1248,0.1019,0.0686,0.0795,0.1118,0.0765,0.1004,0.1179
CT004232,Zone_02,Zone_01,0.1234,0.1234,0.0768,0.0872,0.1176,0.0918,0.087,0.1075,0.0896,0.1196,0.0994
CT013753,Zone_06,Zone_09,0.1486,0.1246,0.1194,0.0869,0.0806,0.1008,0.0664,0.0962,0.0867,0.1486,0.0899
CT002636,Zone_08,Zone_10,0.1257,0.0717,0.1088,0.1046,0.0922,0.1017,0.1257,0.0953,0.0933,0.0812,0.1257
CT000983,Zone_07,Zone_06,0.1653,0.1046,0.0658,0.0888,0.0858,0.1076,0.1653,0.0971,0.0893,0.0997,0.0959
CT011627,Zone_01,Zone_04,0.1341,0.1011,0.0981,0.0956,0.1341,0.0698,0.0894,0.1195,0.0992,0.1073,0.0859
CT002498,Zone_01,Zone_08,0.1319,0.0813,0.1156,0.0861,0.1131,0.1015,0.1277,0.0838,0.1319,0.0388,0.1201
CT003560,Zone_08,Zone_06,0.1277,0.0867,0.0746,0.1151,0.0994,0.0984,0.1277,0.0865,0.0992,0.1217,0.0908
CT017795,Zone_08,Zone_02,0.1318,0.1128,0.1318,0.0944,0.0864,0.1018,0.0929,0.0821,0.1244,0.0701,0.1033
CT006943,Zone_07,Zone_10,0.2348,0.143,0.1066,0.1219,0.0517,0.11,0.0662,0.042,0.1178,0.0059,0.2348
CT000679,Zone_03,Zone_10,0.1284,0.0979,0.1147,0.1119,0.0879,0.0862,0.0694,0.094,0.1047,0.1049,0.1284
CT011767,Zone_07,Zone_09,0.1492,0.1122,0.0955,0.0909,0.0968,0.1114,0.0513,0.0979,0.1041,0.1492,0.0907
CT001081,Zone_04,Zone_04,0.1293,0.12,0.1013,0.1128,0.1293,0.1034,0.0579,0.1246,0.0746,0.0795,0.0967
CT008974,Zone_02,Zone_05,0.1248,0.0782,0.1144,0.0934,0.094,0.1248,0.1086,0.1014,0.0913,0.0783,0.1155
CT004965,Zone_04,Zone_02,0.1267,0.0802,0.1267,0.1011,0.1194,0.089,0.093,0.0936,0.1204,0.073,0.1037
CT002338,Zone_05,Zone_10,0.1102,0.0949,0.0884,0.1012,0.0852,0.1095,0.1088,0.099,0.0997,0.1031,0.1102
CT010175,Zone_01,Zone_10,0.1297,0.1118,0.1073,0.1065,0.0998,0.0813,0.0651,0.116,0.0811,0.1013,0.1297
CT003111,Zone_04,Zone_09,0.1599,0.0947,0.0812,0.1035,0.0864,0.0684,0.0934,0.1221,0.0852,0.1599,0.1052
CT016461,Zone_04,Zone_06,0.1344,0.0842,0.0927,0.088,0.1189,0.1011,0.1344,0.1009,0.112,0.0746,0.0933
CT012844,Zone_01,Zone_06,0.1278,0.0792,0.1117,0.089,0.0948,0.1085,0.1278,0.0923,0.1113,0.0741,0.1113
CT003410,Zone_03,Zone_04,0.13,0.0866,0.0942,0.0929,0.13,0.122,0.116,0.1141,0.1029,0.0573,0.0839
CT007834,Zone_07,Zone_08,0.1478,0.0784,0.0951,0.079,0.1345,0.0982,0.1103,0.0769,0.1478,0.1057,0.0741
CT014286,Zone_03,Zone_07,0.125,0.0873,0.0932,0.1157,0.1046,0.1185,0.1047,0.125,0.0926,0.0506,0.1078
CT019612,Zone_07,Zone_09,0.1623,0.0926,0.076,0.0876,0.1005,0.1028,0.0788,0.1031,0.0764,0.1623,0.1199
CT014305,Zone_10,Zone_04,0.1349,0.0937,0.1235,0.0989,0.1349,0.1083,0.0878,0.0897,0.1187,0.043,0.1013
CT003385,Zone_01,Zone_04,0.1383,0.1312,0.1207,0.0851,0.1383,0.0991,0.0569,0.1331,0.0899,0.0393,0.1065
CT019244,Zone_07,Zone_05,0.1243,0.1069,0.0949,0.0709,0.1054,0.1243,0.0921,0.1021,0.0828,0.1157,0.105
CT016500,Zone_04,Zone_06,0.1647,0.0717,0.1334,0.1042,0.0834,0.0804,0.1647,0.0837,0.0965,0.0916,0.0905
CT005770,Zone_07,Zone_09,0.1374,0.1068,0.0735,0.0844,0.1064,0.0937,0.1269,0.0946,0.0798,0.1374,0.0965
CT006311,Zone_03,Zone_01,0.1232,0.1232,0.073,0.094,0.1127,0.1003,0.0771,0.1068,0.1036,0.1199,0.0895
CT006631,Zone_07,Zone_05,0.1268,0.111,0.0581,0.1037,0.1013,0.1268,0.1,0.0962,0.1032,0.1088,0.091
CT014224,Zone_10,Zone_10,0.1396,0.0999,0.1022,0.0929,0.0934,0.0972,0.0822,0.0957,0.0822,0.1148,0.1396
CT006479,Zone_04,Zone_10,0.1387,0.0945,0.1027,0.0857,0.1306,0.0893,0.0877,0.0927,0.1188,0.0592,0.1387
CT012861,Zone_07,Zone_06,0.1274,0.0787,0.0969,0.113,0.087,0.1137,0.1274,0.101,0.09,0.1103,0.082
CT007324,Zone_10,Zone_02,0.1213,0.0871,0.1213,0.1029,0.115,0.065,0.1189,0.1192,0.0967,0.0849,0.089
CT004164,Zone_05,Zone_01,0.1212,0.1212,0.1088,0.0933,0.097,0.1189,0.0757,0.1207,0.0739,0.0752,0.1152
CT009526,Zone_07,Zone_03,0.1283,0.1106,0.0935,0.1283,0.0954,0.0976,0.0635,0.1122,0.1112,0.0729,0.1147
CT016947,Zone_06,Zone_10,0.1282,0.1027,0.1087,0.0865,0.0973,0.0911,0.0965,0.1042,0.1061,0.0787,0.1282
CT017124,Zone_10,Zone_06,0.1544,0.0798,0.0872,0.0846,0.1118,0.0767,0.1544,0.0903,0.1243,0.0771,0.1137
CT019690,Zone_08,Zone_09,0.1578,0.0918,0.1355,0.1035,0.0816,0.0908,0.0722,0.0909,0.0943,0.1578,0.0816
CT014508,Zone_02,Zone_06,0.1626,0.1056,0.0754,0.1085,0.0801,0.1004,0.1626,0.0811,0.1359,0.043,0.1073
CT004472,Zone_04,Zone_07,0.1336,0.1178,0.0916,0.104,0.1017,0.1173,0.0857,0.1336,0.0853,0.0778,0.0851
CT014473,Zone_03,Zone_09,0.1464,0.0813,0.1176,0.1063,0.0813,0.1024,0.0958,0.0981,0.0893,0.1464,0.0816
CT003954,Zone_08,Zone_04,0.1194,0.0829,0.0882,0.0986,0.1194,0.0557,0.1117,0.1147,0.1074,0.1145,0.1069
CT003832,Zone_07,Zone_07,0.1271,0.1011,0.1239,0.0838,0.09,0.075,0.1077,0.1271,0.0854,0.0863,0.1197
CT019581,Zone_01,Zone_02,0.1312,0.1165,0.1312,0.1122,0.0928,0.0609,0.1029,0.1172,0.1036,0.0613,0.1013
CT000595,Zone_02,Zone_09,0.141,0.0831,0.1302,0.0875,0.0776,0.0855,0.112,0.0953,0.0857,0.141,0.1021
CT001586,Zone_10,Zone_09,0.2042,0.0815,0.0961,0.0998,0.0995,0.0771,0.0921,0.0896,0.089,0.2042,0.0712
CT008849,Zone_07,Zone_07,0.1251,0.1022,0.0991,0.0961,0.087,0.105,0.0976,0.1251,0.0852,0.1009,0.1017
CT018566,Zone_07,Zone_02,0.1435,0.1082,0.1435,0.0838,0.0838,0.089,0.0722,0.1117,0.0855,0.1109,0.1114
CT007235,Zone_08,Zone_05,0.1215,0.0983,0.093,0.103,0.08,0.1215,0.0928,0.1087,0.0933,0.1018,0.1076
CT002999,Zone_10,Zone_09,0.2545,0.0696,0.1152,0.0836,0.0913,0.0774,0.0813,0.0908,0.0732,0.2545,0.0632
CT010792,Zone_07,Zone_09,0.1587,0.0789,0.1159,0.0805,0.0765,0.0879,0.1144,0.0937,0.0814,0.1587,0.1121
CT015872,Zone_10,Zone_05,0.1188,0.1085,0.0625,0.1165,0.0892,0.1188,0.0998,0.0968,0.1109,0.0878,0.1094
CT008488,Zone_02,Zone_04,0.1347,0.099,0.0956,0.0848,0.1347,0.0807,0.0954,0.1029,0.0975,0.0813,0.1281
CT016060,Zone_08,Zone_09,0.1558,0.0779,0.114,0.1056,0.0736,0.0833,0.1116,0.0938,0.0859,0.1558,0.0985
CT013929,Zone_07,Zone_10,0.128,0.1024,0.1053,0.0945,0.0899,0.0819,0.0841,0.1194,0.0861,0.1083,0.128
CT014966,Zone_08,Zone_08,0.1191,0.1093,0.0948,0.1185,0.1103,0.0881,0.0919,0.0897,0.1191,0.0806,0.0978
CT000633,Zone_02,Zone_05,0.1337,0.1018,0.0896,0.0701,0.0968,0.1337,0.0961,0.0917,0.0842,0.1156,0.1204
CT019291,Zone_02,Zone_05,0.1416,0.0913,0.1108,0.0597,0.1166,0.1416,0.1184,0.1004,0.1142,0.0475,0.0995
CT015071,Zone_02,Zone_09,0.1806,0.1115,0.0936,0.0932,0.0859,0.0888,0.0673,0.0908,0.1041,0.1806,0.0841
CT017340,Zone_03,Zone_09,0.169,0.0976,0.0854,0.0887,0.0884,0.0679,0.098,0.1157,0.0838,0.169,0.1056
CT018421,Zone_06,Zone_07,0.1364,0.1209,0.0942,0.1095,0.1179,0.0871,0.1008,0.1364,0.0755,0.0681,0.0896
CT016335,Zone_07,Zone_10,0.2365,0.1248,0.0829,0.1417,0.0388,0.1433,0.0761,0.0366,0.1165,0.0026,0.2365
CT009391,Zone_08,Zone_03,0.1287,0.11,0.0994,0.1287,0.0809,0.1084,0.0787,0.0995,0.1087,0.0732,0.1126
CT005031,Zone_02,Zone_09,0.1647,0.0855,0.0936,0.1126,0.0817,0.0837,0.097,0.0778,0.1151,0.1647,0.0883
CT003662,Zone_06,Zone_08,0.1303,0.0807,0.0963,0.0864,0.109,0.0998,0.1082,0.0926,0.1303,0.0664,0.1302
CT000080,Zone_07,Zone_01,0.1301,0.1301,0.104,0.0935,0.0953,0.1013,0.0875,0.0869,0.1155,0.0834,0.1023
CT005513,Zone_08,Zone_04,0.1295,0.0977,0.0941,0.1015,0.1295,0.1072,0.1117,0.1026,0.128,0.0327,0.0952
CT003828,Zone_04,Zone_04,0.1309,0.1027,0.0877,0.1231,0.1309,0.0947,0.0628,0.1239,0.0953,0.0995,0.0795
CT006081,Zone_01,Zone_02,0.1351,0.105,0.1351,0.1,0.1076,0.0813,0.0914,0.1145,0.0662,0.0792,0.1196
CT016370,Zone_04,Zone_03,0.1455,0.0737,0.1111,0.1455,0.1018,0.0846,0.1109,0.0996,0.0812,0.1136,0.0779
CT014113,Zone_08,Zone_01,0.1524,0.1524,0.0849,0.0932,0.1016,0.1136,0.0942,0.0769,0.1234,0.0544,0.1054
CT003925,Zone_01,Zone_05,0.1256,0.0903,0.0946,0.0884,0.0917,0.1256,0.1151,0.0934,0.1032,0.0776,0.1201
CT018540,Zone_04,Zone_04,0.1335,0.0827,0.1164,0.0756,0.1335,0.1116,0.0831,0.0909,0.1054,0.0689,0.1319
CT019500,Zone_07,Zone_08,0.1275,0.1117,0.0772,0.1132,0.1063,0.1042,0.1082,0.0862,0.1275,0.057,0.1086
CT002248,Zone_08,Zone_07,0.1336,0.0956,0.1167,0.112,0.1027,0.0829,0.0819,0.1336,0.0832,0.0952,0.0961
CT006715,Zone_08,Zone_02,0.1289,0.0775,0.1289,0.124,0.0987,0.0941,0.1008,0.0843,0.1038,0.108,0.0799
CT014175,Zone_01,Zone_06,0.1643,0.0653,0.0934,0.0947,0.0821,0.0812,0.1643,0.1102,0.0817,0.1324,0.0948
CT009301,Zone_07,Zone_03,0.1176,0.0994,0.09,0.1176,0.0814,0.097,0.1051,0.0976,0.0963,0.1026,0.113
CT008040,Zone_07,Zone_08,0.1522,0.0755,0.0953,0.1016,0.146,0.0895,0.1002,0.0832,0.1522,0.0784,0.0783
CT017007,Zone_07,Zone_04,0.1321,0.0708,0.1079,0.1057,0.1321,0.0976,0.1307,0.1045,0.1197,0.039,0.092
CT012420,Zone_01,Zone_04,0.1303,0.0836,0.0957,0.1242,0.1303,0.1066,0.0951,0.1128,0.1016,0.0607,0.0894
CT016181,Zone_06,Zone_08,0.1219,0.1078,0.0912,0.0898,0.0964,0.085,0.1143,0.0976,0.1219,0.0863,0.1096
CT007175,Zone_04,Zone_02,0.1266,0.0761,0.1266,0.1164,0.1014,0.0891,0.1231,0.0921,0.1,0.0862,0.089
CT016737,Zone_08,Zone_05,0.1351,0.1081,0.0777,0.1018,0.0824,0.1351,0.112,0.0783,0.1173,0.0855,0.1018
CT009634,Zone_04,Zone_04,0.1356,0.0862,0.1294,0.0876,0.1356,0.1051,0.0669,0.1275,0.0896,0.0467,0.1254
CT014245,Zone_04,Zone_09,0.1311,0.1062,0.0722,0.1117,0.0734,0.107,0.1002,0.0736,0.1245,0.1311,0.1
CT000710,Zone_08,Zone_03,0.132,0.0898,0.099,0.132,0.0975,0.1104,0.0908,0.1026,0.1076,0.0831,0.0872
CT000870,Zone_01,Zone_04,0.1345,0.0861,0.0985,0.1081,0.1345,0.0585,0.0864,0.1314,0.094,0.1145,0.088
CT006696,Zone_04,Zone_07,0.144,0.0886,0.1299,0.0869,0.1082,0.0929,0.0828,0.144,0.089,0.0685,0.109
CT004804,Zone_08,Zone_09,0.1333,0.0967,0.0912,0.0783,0.1061,0.0821,0.098,0.1263,0.0757,0.1333,0.1124
CT006299,Zone_04,Zone_05,0.122,0.1149,0.1063,0.095,0.0888,0.122,0.0839,0.104,0.0911,0.0849,0.1091
CT015789,Zone_08,Zone_08,0.1386,0.1124,0.0599,0.1136,0.0993,0.1006,0.1057,0.1028,0.1386,0.0942,0.073
CT017294,Zone_01,Zone_03,0.1384,0.0925,0.099,0.1384,0.0882,0.1175,0.0879,0.0863,0.1144,0.0705,0.105
CT016179,Zone_04,Zone_09,0.1226,0.1118,0.1008,0.0945,0.1096,0.0828,0.1008,0.1,0.0995,0.1226,0.0777
CT003183,Zone_08,Zone_09,0.1506,0.0837,0.1114,0.1139,0.0817,0.0803,0.0894,0.1126,0.0802,0.1506,0.0962
CT019007,Zone_06,Zone_03,0.1302,0.0873,0.0873,0.1302,0.0889,0.1111,0.0728,0.1033,0.1148,0.1016,0.1027
CT004560,Zone_07,Zone_09,0.1382,0.0993,0.1192,0.0723,0.0873,0.0981,0.0826,0.1085,0.0752,0.1382,0.1193
CT016920,Zone_03,Zone_09,0.1363,0.101,0.1268,0.0974,0.0708,0.0957,0.1081,0.0689,0.1214,0.1363,0.0736
CT013311,Zone_07,Zone_07,0.143,0.1142,0.1035,0.1146,0.097,0.0728,0.0577,0.143,0.0854,0.0954,0.1165
CT006160,Zone_10,Zone_05,0.1323,0.1084,0.0678,0.1123,0.0933,0.1323,0.08,0.0988,0.1177,0.1058,0.0836
CT015337,Zone_08,Zone_04,0.1464,0.0827,0.1188,0.1249,0.1464,0.0669,0.1013,0.1138,0.0916,0.0579,0.0956
CT003326,Zone_07,Zone_07,0.1174,0.116,0.1009,0.0933,0.0951,0.0882,0.0777,0.1174,0.0896,0.109,0.1127
CT006185,Zone_01,Zone_05,0.159,0.1024,0.0872,0.0733,0.0982,0.159,0.0879,0.0863,0.0793,0.1102,0.1161
CT008840,Zone_08,Zone_06,0.1621,0.0757,0.0873,0.0802,0.109,0.0931,0.1621,0.0803,0.1305,0.0676,0.1141
CT012215,Zone_08,Zone_06,0.1337,0.0766,0.1208,0.0987,0.1243,0.0964,0.1337,0.0851,0.1324,0.0419,0.0903
CT018999,Zone_07,Zone_08,0.153,0.1306,0.0976,0.0868,0.1004,0.09,0.1343,0.0842,0.153,0.0406,0.0825
CT005260,Zone_01,Zone_07,0.1359,0.1221,0.1008,0.1073,0.1135,0.0999,0.1076,0.1359,0.0761,0.0547,0.0821
CT018337,Zone_04,Zone_09,0.2005,0.1016,0.0965,0.0799,0.0706,0.0998,0.0701,0.0753,0.1022,0.2005,0.1035
CT011398,Zone_08,Zone_06,0.115,0.114,0.0838,0.0813,0.0983,0.1023,0.115,0.0937,0.103,0.1128,0.0958
CT013822,Zone_06,Zone_07,0.1381,0.0817,0.1014,0.0862,0.1339,0.1044,0.074,0.1381,0.0915,0.0905,0.0983
CT012567,Zone_08,Zone_10,0.1438,0.1152,0.0917,0.1011,0.0929,0.1089,0.0767,0.078,0.1113,0.0803,0.1438
CT018106,Zone_07,Zone_07,0.128,0.0801,0.0994,0.1265,0.1106,0.0978,0.11,0.128,0.0864,0.0661,0.0951
CT011405,Zone_08,Zone_06,0.1361,0.0893,0.0776,0.0916,0.0927,0.1222,0.1361,0.1064,0.0963,0.0907,0.0971
CT015663,Zone_06,Zone_02,0.1418,0.0931,0.1418,0.1045,0.1284,0.0971,0.0934,0.1054,0.0985,0.0282,0.1097
CT010998,Zone_07,Zone_02,0.1205,0.1061,0.1205,0.0992,0.0972,0.0839,0.0993,0.1189,0.1024,0.0673,0.1053
CT010466,Zone_07,Zone_05,0.1317,0.1061,0.1205,0.1062,0.0968,0.1317,0.0852,0.1097,0.0825,0.0526,0.1087
CT013578,Zone_10,Zone_06,0.123,0.0742,0.0866,0.0939,0.0999,0.0992,0.123,0.122,0.0862,0.1032,0.1118
CT006967,Zone_07,Zone_08,0.1483,0.1118,0.0852,0.0899,0.0996,0.1143,0.1119,0.0922,0.1483,0.0739,0.0729
CT010607,Zone_05,Zone_01,0.1339,0.1339,0.116,0.1141,0.0954,0.0831,0.0854,0.1082,0.11,0.0492,0.1048
CT019366,Zone_07,Zone_08,0.132,0.0853,0.1199,0.0876,0.1146,0.1063,0.1064,0.088,0.132,0.0458,0.1143
CT007464,Zone_06,Zone_06,0.1548,0.0699,0.103,0.0931,0.115,0.1167,0.1548,0.0787,0.1326,0.0426,0.0935
CT006398,Zone_03,Zone_09,0.1741,0.0945,0.0969,0.0782,0.0717,0.0883,0.1033,0.0755,0.1088,0.1741,0.1087
CT017277,Zone_10,Zone_09,0.1492,0.0735,0.0688,0.1224,0.0796,0.1006,0.1138,0.089,0.1109,0.1492,0.0922
CT018199,Zone_07,Zone_09,0.163,0.1021,0.0959,0.075,0.09,0.112,0.0728,0.0774,0.097,0.163,0.1148
CT012748,Zone_04,Zone_08,0.1438,0.1068,0.0741,0.1241,0.0943,0.1124,0.1071,0.0913,0.1438,0.0591,0.0868
CT000149,Zone_08,Zone_09,0.1457,0.0698,0.0978,0.101,0.0834,0.1337,0.1123,0.0921,0.0811,0.1457,0.083
CT019626,Zone_02,Zone_06,0.1655,0.0778,0.115,0.0888,0.1251,0.0885,0.1655,0.0843,0.1137,0.0436,0.0976
CT008011,Zone_10,Zone_01,0.1238,0.1238,0.0849,0.0995,0.098,0.1119,0.105,0.1031,0.0995,0.0921,0.0823
CT015467,Zone_07,Zone_10,0.1396,0.0851,0.091,0.1054,0.1108,0.1014,0.1174,0.0874,0.1272,0.0346,0.1396
CT011287,Zone_10,Zone_02,0.1299,0.1211,0.1299,0.0896,0.1069,0.1134,0.0838,0.1065,0.0682,0.0748,0.1057
CT007189,Zone_03,Zone_05,0.1332,0.1308,0.0744,0.1042,0.1119,0.1332,0.0639,0.1086,0.1044,0.0711,0.0975
CT010435,Zone_04,Zone_06,0.1585,0.1064,0.0982,0.0849,0.084,0.1356,0.1585,0.0704,0.0932,0.0707,0.0982
CT017259,Zone_04,Zone_06,0.1219,0.0911,0.0981,0.1037,0.0789,0.1046,0.1219,0.114,0.0861,0.1152,0.0863
CT017613,Zone_04,Zone_01,0.1228,0.1228,0.1091,0.0948,0.0977,0.1178,0.0741,0.1219,0.0733,0.0727,0.1157
CT010625,Zone_08,Zone_05,0.1317,0.0851,0.0744,0.1002,0.1263,0.1317,0.1019,0.1075,0.1254,0.065,0.0825
CT008775,Zone_08,Zone_09,0.1894,0.0693,0.0891,0.085,0.0758,0.0847,0.1283,0.0901,0.0959,0.1894,0.0925
CT001153,Zone_03,Zone_06,0.1267,0.0761,0.1245,0.1057,0.0903,0.0878,0.1267,0.1195,0.0814,0.0934,0.0946
CT018217,Zone_08,Zone_06,0.1638,0.0989,0.1114,0.0943,0.0928,0.0791,0.1638,0.0712,0.1554,0.055,0.0782
CT004556,Zone_07,Zone_01,0.1621,0.1621,0.1109,0.0869,0.0999,0.1055,0.0643,0.0861,0.1282,0.0743,0.0818
CT018715,Zone_07,Zone_07,0.1384,0.0793,0.1236,0.1012,0.1225,0.0558,0.0833,0.1384,0.089,0.1328,0.0739
CT017330,Zone_03,Zone_02,0.1238,0.0912,0.1238,0.1105,0.1013,0.0831,0.1079,0.1113,0.0896,0.0805,0.1009
CT002345,Zone_08,Zone_06,0.1435,0.0687,0.0821,0.1052,0.0817,0.1021,0.1435,0.0948,0.0896,0.1157,0.1167
CT002196,Zone_08,Zone_07,0.1397,0.0983,0.0998,0.0963,0.1158,0.1054,0.0859,0.1397,0.0965,0.0526,0.1098
CT005233,Zone_08,Zone_03,0.1503,0.0927,0.1402,0.1503,0.1176,0.0556,0.1137,0.1039,0.0943,0.064,0.0677
CT008826,Zone_07,Zone_10,0.1328,0.1149,0.1083,0.0975,0.0864,0.1021,0.0997,0.0911,0.1133,0.054,0.1328
CT018546,Zone_07,Zone_02,0.1369,0.1081,0.1369,0.1,0.0872,0.0775,0.0863,0.1107,0.0983,0.06,0.1351
CT008726,Zone_06,Zone_06,0.1458,0.1024,0.103,0.1023,0.0831,0.0828,0.1458,0.0949,0.1224,0.0573,0.106
CT001878,Zone_04,Zone_01,0.1198,0.1198,0.0672,0.0957,0.1064,0.0946,0.1176,0.0979,0.0939,0.1195,0.0873
CT012711,Zone_07,Zone_01,0.1457,0.1457,0.1205,0.0898,0.1121,0.0853,0.0672,0.1276,0.083,0.0722,0.0967
CT012856,Zone_07,Zone_07,0.1223,0.0622,0.1073,0.106,0.1038,0.1069,0.1189,0.1223,0.099,0.0684,0.1053
CT012822,Zone_04,Zone_06,0.1205,0.1134,0.1176,0.0919,0.1056,0.1041,0.1205,0.0787,0.1166,0.0732,0.0785
CT001755,Zone_04,Zone_03,0.1394,0.1004,0.1193,0.1394,0.1152,0.0975,0.0746,0.1303,0.0827,0.0533,0.0873
CT012615,Zone_03,Zone_09,0.1266,0.1252,0.0607,0.0957,0.1248,0.0943,0.0846,0.0932,0.0959,0.1266,0.099
CT012617,Zone_07,Zone_09,0.1143,0.0883,0.0941,0.1018,0.1074,0.1026,0.1059,0.0859,0.1021,0.1143,0.0977
CT007347,Zone_04,Zone_07,0.1497,0.1084,0.1075,0.0816,0.1329,0.1056,0.0689,0.1497,0.0844,0.0535,0.1074
CT013599,Zone_04,Zone_08,0.1207,0.1144,0.0777,0.1134,0.1073,0.117,0.0674,0.0939,0.1207,0.0705,0.1176
CT015792,Zone_07,Zone_10,0.1232,0.1202,0.1057,0.1056,0.0914,0.0885,0.0786,0.0951,0.1033,0.0883,0.1232
CT018839,Zone_02,Zone_06,0.135,0.0837,0.127,0.1133,0.0913,0.0742,0.135,0.0988,0.1178,0.0488,0.1102
CT001932,Zone_08,Zone_01,0.1202,0.1202,0.1018,0.0955,0.1003,0.11,0.1011,0.1011,0.1063,0.0538,0.11
CT001394,Zone_02,Zone_06,0.1643,0.1141,0.066,0.0891,0.0843,0.1031,0.1643,0.0812,0.1045,0.0993,0.0941
CT007076,Zone_08,Zone_05,0.1276,0.0883,0.1085,0.0926,0.0854,0.1276,0.1257,0.0937,0.0852,0.0848,0.1082
CT016131,Zone_02,Zone_08,0.1299,0.1003,0.0657,0.1266,0.0955,0.1215,0.079,0.0983,0.1299,0.1018,0.0814
CT017687,Zone_04,Zone_06,0.1307,0.1006,0.0969,0.0793,0.0872,0.1054,0.1307,0.0841,0.1165,0.0912,0.108
CT005690,Zone_06,Zone_09,0.1343,0.063,0.0693,0.1189,0.1079,0.0802,0.1228,0.1156,0.0992,0.1343,0.0887
CT014108,Zone_01,Zone_06,0.1397,0.0955,0.1262,0.0839,0.0808,0.1013,0.1397,0.0839,0.0878,0.1107,0.0902
CT013335,Zone_08,Zone_09,0.1217,0.1036,0.1052,0.0877,0.0909,0.1149,0.0885,0.1066,0.078,0.1217,0.103
CT016143,Zone_01,Zone_06,0.1481,0.1005,0.0992,0.0912,0.0804,0.092,0.1481,0.0875,0.1214,0.0674,0.1125
CT011875,Zone_07,Zone_03,0.1412,0.0689,0.1104,0.1412,0.0929,0.0986,0.1181,0.0924,0.1,0.0852,0.0923
CT015782,Zone_07,Zone_09,0.1766,0.0664,0.1311,0.0967,0.0822,0.0878,0.1159,0.0607,0.1066,0.1766,0.0759
CT005171,Zone_08,Zone_01,0.1212,0.1212,0.0745,0.0874,0.1012,0.1034,0.0859,0.1037,0.1009,0.1206,0.1012
CT013015,Zone_04,Zone_02,0.115,0.1024,0.115,0.1038,0.0983,0.1076,0.1074,0.0948,0.0812,0.1122,0.0772
CT009135,Zone_02,Zone_01,0.1188,0.1188,0.0849,0.1151,0.1006,0.1173,0.0813,0.0936,0.1178,0.0646,0.1059
CT011714,Zone_04,Zone_06,0.127,0.1051,0.1004,0.0934,0.0814,0.1237,0.127,0.081,0.1154,0.0751,0.0976
CT019739,Zone_04,Zone_01,0.1379,0.1379,0.0826,0.1196,0.1248,0.068,0.0743,0.1223,0.0827,0.0806,0.1071
CT010826,Zone_08,Zone_06,0.1352,0.0841,0.0874,0.1079,0.1093,0.0889,0.1352,0.1017,0.1238,0.0519,0.1099
CT006293,Zone_06,Zone_09,0.1588,0.0953,0.084,0.1005,0.1029,0.0942,0.098,0.0866,0.0975,0.1588,0.0821
CT017518,Zone_02,Zone_06,0.1446,0.0956,0.0968,0.118,0.103,0.0841,0.1446,0.0809,0.1236,0.0433,0.1102
CT009029,Zone_02,Zone_09,0.155,0.073,0.0915,0.0879,0.0852,0.0882,0.1162,0.1198,0.0793,0.155,0.1038
CT007188,Zone_04,Zone_06,0.1605,0.1016,0.0797,0.1247,0.0996,0.0749,0.1605,0.0916,0.1119,0.0652,0.0904
CT007876,Zone_03,Zone_02,0.1271,0.1117,0.1271,0.1167,0.097,0.1008,0.0908,0.0991,0.0852,0.063,0.1086
CT004775,Zone_02,Zone_09,0.1751,0.0738,0.1444,0.0897,0.073,0.0807,0.1151,0.0705,0.0953,0.1751,0.0824
CT009804,Zone_07,Zone_08,0.1317,0.0852,0.107,0.0819,0.1156,0.088,0.1126,0.0957,0.1317,0.0609,0.1214
CT018108,Zone_08,Zone_06,0.1212,0.1038,0.1041,0.1137,0.1125,0.0832,0.1212,0.1077,0.108,0.0539,0.0918
CT005918,Zone_07,Zone_06,0.1149,0.1054,0.0733,0.1068,0.1069,0.1104,0.1149,0.0965,0.0939,0.1131,0.0788
CT001461,Zone_07,Zone_01,0.1307,0.1307,0.0851,0.0924,0.09,0.12,0.1257,0.0825,0.1027,0.0698,0.1011
CT018162,Zone_07,Zone_05,0.1203,0.0892,0.1042,0.0806,0.1067,0.1203,0.1146,0.115,0.0972,0.0599,0.1125
CT007729,Zone_08,Zone_09,0.1397,0.0886,0.09,0.1352,0.0848,0.0978,0.0726,0.0831,0.1242,0.1397,0.0839
CT003401,Zone_02,Zone_09,0.1743,0.0981,0.0661,0.0887,0.092,0.0786,0.104,0.0976,0.083,0.1743,0.1175
CT002293,Zone_08,Zone_01,0.1351,0.1351,0.0854,0.0867,0.1171,0.1297,0.0875,0.0767,0.1258,0.0727,0.0834
CT017134,Zone_03,Zone_10,0.1184,0.1046,0.084,0.0957,0.0808,0.1005,0.1106,0.0889,0.1073,0.1093,0.1184
CT015518,Zone_07,Zone_06,0.1431,0.07,0.1223,0.0766,0.0701,0.1217,0.1431,0.0845,0.0815,0.1239,0.1064
CT007854,Zone_08,Zone_01,0.135,0.135,0.0835,0.0888,0.1133,0.1094,0.081,0.1033,0.0964,0.0924,0.097
CT019179,Zone_07,Zone_04,0.1424,0.0629,0.1354,0.1153,0.1424,0.0914,0.0962,0.0876,0.1214,0.0464,0.1011
CT002430,Zone_07,Zone_05,0.1425,0.084,0.1105,0.0975,0.0859,0.1425,0.091,0.1183,0.0711,0.1092,0.0899
CT001082,Zone_06,Zone_08,0.1514,0.0802,0.0756,0.0998,0.1348,0.1037,0.1063,0.0853,0.1514,0.058,0.1049
CT010815,Zone_03,Zone_07,0.1648,0.1082,0.0772,0.1307,0.1475,0.0557,0.1062,0.1648,0.0809,0.0541,0.0747
CT007868,Zone_01,Zone_02,0.1445,0.11,0.1445,0.1152,0.12,0.0707,0.0654,0.1321,0.0686,0.0851,0.0885
CT016836,Zone_08,Zone_02,0.1547,0.0907,0.1547,0.0883,0.1293,0.0683,0.1008,0.1052,0.1067,0.0349,0.1211
CT011234,Zone_07,Zone_04,0.1232,0.0875,0.0931,0.0842,0.1232,0.1121,0.0915,0.1112,0.1022,0.0753,0.1198
CT014200,Zone_08,Zone_02,0.1324,0.1162,0.1324,0.0914,0.0977,0.0714,0.0918,0.1062,0.0815,0.112,0.0995
CT016862,Zone_07,Zone_03,0.1295,0.095,0.1158,0.1295,0.0999,0.0677,0.0993,0.0972,0.1195,0.0848,0.0912
CT010787,Zone_08,Zone_01,0.117,0.117,0.0976,0.1071,0.0934,0.1086,0.0819,0.1163,0.0928,0.0715,0.1138
CT007485,Zone_04,Zone_05,0.1419,0.1287,0.0938,0.0794,0.095,0.1419,0.1039,0.0951,0.087,0.0632,0.1121
CT018266,Zone_08,Zone_09,0.1278,0.1159,0.0618,0.1004,0.099,0.108,0.1054,0.0939,0.1081,0.1278,0.0797
CT004758,Zone_10,Zone_06,0.1534,0.1091,0.0882,0.0686,0.0847,0.1017,0.1534,0.0771,0.112,0.1098,0.0955
CT014475,Zone_08,Zone_09,0.1811,0.0788,0.1261,0.0827,0.0872,0.0813,0.1261,0.0792,0.0805,0.1811,0.077
CT009818,Zone_02,Zone_01,0.1858,0.1858,0.105,0.1004,0.1271,0.0816,0.0653,0.0923,0.1215,0.028,0.0929
CT005617,Zone_08,Zone_01,0.1258,0.1258,0.109,0.086,0.0975,0.0938,0.0934,0.1163,0.0936,0.072,0.1126
CT006622,Zone_04,Zone_07,0.1675,0.0961,0.0953,0.1154,0.1341,0.0623,0.0494,0.1675,0.0915,0.081,0.1073
CT017041,Zone_08,Zone_09,0.1388,0.1199,0.0903,0.1007,0.1147,0.0889,0.0684,0.0943,0.1013,0.1388,0.0828
CT017105,Zone_02,Zone_04,0.1428,0.0862,0.0989,0.0983,0.1428,0.0838,0.0949,0.107,0.1356,0.064,0.0885
CT000635,Zone_02,Zone_06,0.1583,0.0786,0.0893,0.1004,0.0877,0.1192,0.1583,0.0859,0.1052,0.0526,0.1227
CT005251,Zone_08,Zone_07,0.172,0.1037,0.1088,0.1077,0.1243,0.0516,0.0453,0.172,0.0811,0.1048,0.1006
CT007167,Zone_07,Zone_06,0.146,0.0738,0.0964,0.09,0.0764,0.1102,0.146,0.0859,0.0922,0.1198,0.1093
CT010911,Zone_07,Zone_06,0.1263,0.1111,0.0764,0.095,0.0977,0.0648,0.1263,0.0869,0.1072,0.1191,0.1155
CT003549,Zone_03,Zone_10,0.1164,0.1158,0.0891,0.0915,0.1033,0.1163,0.0968,0.0893,0.1134,0.0681,0.1164
CT010893,Zone_07,Zone_05,0.1425,0.1102,0.1119,0.0638,0.0958,0.1425,0.1164,0.0833,0.1098,0.0644,0.1019
CT007509,Zone_08,Zone_09,0.1249,0.0829,0.0829,0.0938,0.077,0.1163,0.1235,0.09,0.1033,0.1249,0.1054
CT016140,Zone_10,Zone_01,0.1223,0.1223,0.096,0.1065,0.1038,0.087,0.081,0.1137,0.0934,0.106,0.0903
CT019596,Zone_07,Zone_06,0.1401,0.076,0.1199,0.0916,0.0917,0.0871,0.1401,0.0888,0.0957,0.0973,0.1117
CT000648,Zone_07,Zone_03,0.1272,0.0741,0.1179,0.1272,0.1265,0.0782,0.0933,0.1015,0.1232,0.0494,0.1085
CT002824,Zone_10,Zone_06,0.131,0.0831,0.0743,0.1093,0.1045,0.0593,0.131,0.1244,0.109,0.1183,0.0867
CT007843,Zone_02,Zone_06,0.132,0.0817,0.1143,0.121,0.0874,0.0818,0.132,0.0954,0.1161,0.0599,0.1103
CT006691,Zone_08,Zone_09,0.1292,0.0949,0.0968,0.0812,0.101,0.111,0.0683,0.1095,0.0797,0.1292,0.1283
CT004302,Zone_08,Zone_09,0.1372,0.1023,0.0927,0.0897,0.089,0.1077,0.1048,0.0771,0.0958,0.1372,0.1038
CT018783,Zone_01,Zone_06,0.1289,0.0898,0.0732,0.1086,0.1207,0.0733,0.1289,0.1116,0.0946,0.1091,0.0901
CT007675,Zone_08,Zone_09,0.1305,0.0972,0.1125,0.0856,0.0791,0.1083,0.1147,0.0872,0.0898,0.1305,0.0952
CT015878,Zone_09,Zone_05,0.1313,0.1042,0.111,0.0968,0.1071,0.1313,0.0756,0.1284,0.0724,0.0662,0.1071
CT013746,Zone_06,Zone_06,0.1433,0.0817,0.1128,0.0909,0.1215,0.1107,0.1433,0.0896,0.1207,0.0378,0.0911
CT002016,Zone_07,Zone_08,0.1221,0.1204,0.0907,0.1016,0.1044,0.079,0.0825,0.1132,0.1221,0.0838,0.1024
CT010884,Zone_07,Zone_06,0.1232,0.1124,0.1048,0.0869,0.086,0.1164,0.1232,0.0852,0.1129,0.0593,0.1128
CT018354,Zone_08,Zone_04,0.1242,0.0846,0.0931,0.0906,0.1242,0.0698,0.1145,0.1229,0.0899,0.1196,0.0907
CT000274,Zone_08,Zone_06,0.1479,0.0984,0.1124,0.0775,0.0962,0.1092,0.1479,0.0721,0.1221,0.0787,0.0855
CT000834,Zone_07,Zone_02,0.1363,0.1112,0.1363,0.0968,0.0899,0.0685,0.0954,0.1285,0.0929,0.0651,0.1154
CT013441,Zone_07,Zone_06,0.1511,0.0768,0.1391,0.105,0.0874,0.0781,0.1511,0.0849,0.1024,0.0775,0.0979
CT008528,Zone_08,Zone_08,0.1393,0.121,0.0935,0.1162,0.1071,0.066,0.1373,0.0833,0.1393,0.0589,0.0774
CT002089,Zone_08,Zone_04,0.1155,0.1008,0.1039,0.1016,0.1155,0.1098,0.1034,0.1097,0.091,0.0583,0.1059
CT017079,Zone_07,Zone_03,0.125,0.096,0.0596,0.125,0.0958,0.103,0.1108,0.1223,0.0986,0.1167,0.072
CT013141,Zone_08,Zone_10,0.1183,0.1161,0.1016,0.0957,0.0974,0.0987,0.0692,0.1168,0.1089,0.0773,0.1183
CT015863,Zone_08,Zone_08,0.145,0.1147,0.079,0.1156,0.115,0.0991,0.0967,0.0824,0.145,0.0597,0.0929
CT017405,Zone_04,Zone_07,0.1341,0.1216,0.1109,0.1202,0.1092,0.0981,0.08,0.1341,0.0857,0.0352,0.105
CT000004,Zone_07,Zone_09,0.1892,0.0804,0.0997,0.0701,0.0903,0.0894,0.1167,0.075,0.088,0.1892,0.1013
CT014671,Zone_08,Zone_09,0.1229,0.1227,0.1191,0.0857,0.1055,0.0782,0.055,0.1151,0.0773,0.1229,0.1186
CT018080,Zone_10,Zone_09,0.1703,0.0974,0.1001,0.1141,0.087,0.1049,0.0633,0.0761,0.1068,0.1703,0.0802
CT008997,Zone_07,Zone_06,0.1324,0.112,0.1081,0.0825,0.0801,0.1062,0.1324,0.077,0.1206,0.0947,0.0864
CT009484,Zone_07,Zone_07,0.1267,0.1152,0.0919,0.0978,0.1031,0.1128,0.1075,0.1267,0.0861,0.0685,0.0905
CT007594,Zone_07,Zone_03,0.145,0.0909,0.0928,0.145,0.1301,0.0675,0.0888,0.1224,0.105,0.0766,0.0809
CT001946,Zone_06,Zone_09,0.1276,0.0612,0.1051,0.0934,0.0724,0.1233,0.1128,0.0845,0.1126,0.1276,0.107
CT003677,Zone_04,Zone_04,0.1451,0.0906,0.1166,0.0881,0.1451,0.0998,0.1259,0.0774,0.1113,0.0424,0.1029
CT013781,Zone_05,Zone_09,0.1319,0.1059,0.1043,0.0894,0.1144,0.1123,0.0801,0.0951,0.0829,0.1319,0.0837
CT011573,Zone_04,Zone_03,0.1245,0.0859,0.0727,0.1245,0.0756,0.0995,0.1114,0.0873,0.1201,0.1077,0.1153
CT006946,Zone_07,Zone_07,0.1206,0.1159,0.0927,0.0985,0.1125,0.1071,0.1039,0.1206,0.0844,0.0734,0.091
CT016590,Zone_07,Zone_05,0.1586,0.0898,0.1125,0.0791,0.0781,0.1586,0.0995,0.0734,0.0935,0.1042,0.1113
CT000519,Zone_02,Zone_07,0.175,0.1267,0.1401,0.1348,0.1406,0.0694,0.061,0.175,0.0847,0.0178,0.0499
CT009197,Zone_07,Zone_02,0.1312,0.0983,0.1312,0.1022,0.084,0.0657,0.1281,0.1084,0.1149,0.0636,0.1036
CT018275,Zone_04,Zone_04,0.1389,0.0955,0.0681,0.1211,0.1389,0.0768,0.0721,0.1262,0.1383,0.0825,0.0804
CT003564,Zone_01,Zone_03,0.1196,0.1153,0.0897,0.1196,0.1124,0.0959,0.0999,0.1132,0.0922,0.076,0.0857
CT016333,Zone_10,Zone_05,0.1427,0.0969,0.094,0.08,0.0872,0.1427,0.1129,0.0949,0.1144,0.0743,0.1027
CT007045,Zone_10,Zone_06,0.1809,0.0473,0.149,0.0902,0.1165,0.0879,0.1809,0.0711,0.1142,0.0482,0.0948
CT016462,Zone_06,Zone_06,0.1142,0.096,0.0759,0.1125,0.1047,0.1018,0.1142,0.0871,0.0945,0.1138,0.0995
CT000365,Zone_07,Zone_06,0.1376,0.0913,0.123,0.0886,0.0815,0.1155,0.1376,0.086,0.087,0.09,0.0994
CT000499,Zone_05,Zone_09,0.1213,0.099,0.105,0.1136,0.1061,0.0881,0.0673,0.109,0.091,0.1213,0.0998
CT009009,Zone_07,Zone_08,0.1264,0.1259,0.0868,0.1235,0.1037,0.1159,0.0712,0.0966,0.1264,0.0595,0.0906
CT000798,Zone_03,Zone_05,0.1206,0.1086,0.0902,0.107,0.1007,0.1206,0.1129,0.1029,0.0887,0.0836,0.0846
CT006957,Zone_04,Zone_09,0.1306,0.1194,0.0966,0.0888,0.0787,0.0808,0.1139,0.0771,0.1298,0.1306,0.0844
CT014209,Zone_02,Zone_01,0.1181,0.1181,0.0733,0.104,0.0913,0.1169,0.1028,0.1088,0.1087,0.0667,0.1095
CT016579,Zone_08,Zone_06,0.1275,0.1123,0.0743,0.0944,0.0928,0.1024,0.1275,0.0753,0.1054,0.1126,0.1032
CT018620,Zone_07,Zone_02,0.1277,0.0799,0.1277,0.1094,0.0854,0.0946,0.1119,0.0942,0.1034,0.0864,0.107
CT005821,Zone_07,Zone_04,0.1328,0.0794,0.1264,0.1013,0.1328,0.0811,0.0984,0.0933,0.1184,0.0539,0.115
CT019570,Zone_07,Zone_05,0.123,0.1071,0.0911,0.0918,0.1017,0.123,0.0869,0.1063,0.0849,0.0886,0.1185
CT011046,Zone_07,Zone_09,0.1367,0.1021,0.1017,0.0696,0.0927,0.1226,0.0856,0.1044,0.0789,0.1367,0.1056
CT003683,Zone_08,Zone_09,0.1586,0.0975,0.1069,0.1005,0.0874,0.0646,0.0972,0.1077,0.0814,0.1586,0.0982
CT010246,Zone_07,Zone_03,0.1157,0.1155,0.0765,0.1157,0.1056,0.1151,0.0875,0.0917,0.1127,0.1034,0.0764
CT002626,Zone_08,Zone_09,0.1707,0.0804,0.098,0.0828,0.0877,0.1099,0.1017,0.0877,0.0918,0.1707,0.0892
CT019623,Zone_07,Zone_07,0.117,0.1017,0.0923,0.1141,0.0841,0.1014,0.1022,0.117,0.0966,0.0908,0.0998
CT007707,Zone_01,Zone_04,0.1387,0.0937,0.1313,0.0942,0.1387,0.0928,0.0798,0.1061,0.1064,0.056,0.101
CT000189,Zone_07,Zone_10,0.1371,0.0834,0.1097,0.0802,0.1255,0.1131,0.0705,0.1088,0.1115,0.0602,0.1371
CT009907,Zone_07,Zone_05,0.1267,0.0987,0.0741,0.0982,0.119,0.1267,0.1014,0.11,0.1134,0.0405,0.1178
CT018674,Zone_07,Zone_04,0.1319,0.0914,0.0699,0.0846,0.1319,0.0955,0.0889,0.1215,0.1049,0.1211,0.0903
CT006724,Zone_03,Zone_09,0.1827,0.0954,0.0811,0.0846,0.0875,0.1142,0.109,0.0703,0.1006,0.1827,0.0744
CT010070,Zone_03,Zone_09,0.1266,0.108,0.1082,0.0828,0.092,0.1001,0.0811,0.1171,0.0745,0.1266,0.1095
CT004690,Zone_08,Zone_02,0.1421,0.0737,0.1421,0.0855,0.1298,0.0971,0.0963,0.0884,0.1124,0.0443,0.1304
CT002272,Zone_07,Zone_05,0.1398,0.1152,0.096,0.0858,0.1028,0.1398,0.1058,0.109,0.0803,0.0682,0.0972
CT002305,Zone_08,Zone_09,0.1713,0.0984,0.1047,0.1131,0.0723,0.0855,0.0653,0.089,0.0977,0.1713,0.1028
CT011995,Zone_03,Zone_05,0.1504,0.1258,0.0781,0.1057,0.1053,0.1504,0.0638,0.1003,0.1007,0.0753,0.0945
CT011390,Zone_04,Zone_02,0.1279,0.0885,0.1279,0.1002,0.0876,0.1005,0.0955,0.0885,0.0973,0.1148,0.0991
CT011887,Zone_10,Zone_05,0.1249,0.1023,0.109,0.0844,0.0902,0.1249,0.0947,0.1004,0.0861,0.0948,0.1131
CT019356,Zone_02,Zone_05,0.1233,0.1106,0.1087,0.0983,0.0864,0.1233,0.0766,0.0972,0.1035,0.0924,0.1031
CT012603,Zone_06,Zone_08,0.1522,0.1097,0.107,0.0693,0.1283,0.1223,0.103,0.0805,0.1522,0.0338,0.0938
CT009591,Zone_08,Zone_09,0.152,0.101,0.1068,0.109,0.0991,0.1053,0.0599,0.0897,0.1111,0.152,0.0661
CT009766,Zone_08,Zone_08,0.1333,0.0772,0.1106,0.0967,0.1018,0.105,0.1317,0.0928,0.1333,0.0418,0.1091
CT005435,Zone_08,Zone_02,0.1356,0.0939,0.1356,0.0807,0.123,0.0852,0.0666,0.1211,0.1021,0.0696,0.1221
CT010919,Zone_07,Zone_03,0.1716,0.0678,0.0803,0.1716,0.1157,0.0727,0.1023,0.1114,0.1191,0.0748,0.0843
CT004113,Zone_07,Zone_09,0.1558,0.0961,0.1471,0.0915,0.0768,0.0729,0.0784,0.0973,0.0897,0.1558,0.0943
CT018095,Zone_08,Zone_06,0.1267,0.0871,0.0996,0.0992,0.1094,0.0652,0.1267,0.1241,0.1125,0.0791,0.0971
CT002637,Zone_08,Zone_07,0.1289,0.1189,0.1247,0.1009,0.1133,0.1074,0.0951,0.1289,0.0667,0.0636,0.0806
CT012005,Zone_01,Zone_01,0.1194,0.1194,0.0723,0.1007,0.0976,0.1051,0.1052,0.0986,0.1122,0.0853,0.1037
CT019006,Zone_07,Zone_06,0.1385,0.108,0.09,0.1085,0.098,0.0805,0.1385,0.0826,0.1199,0.1036,0.0703
CT006257,Zone_07,Zone_09,0.1697,0.0946,0.1295,0.0646,0.0867,0.1012,0.0677,0.0995,0.0782,0.1697,0.1083
CT008235,Zone_06,Zone_07,0.1384,0.1054,0.1005,0.0792,0.1056,0.1314,0.0633,0.1384,0.0643,0.109,0.1029
CT000025,Zone_07,Zone_02,0.1272,0.0754,0.1272,0.1176,0.0896,0.087,0.1218,0.1251,0.0771,0.0981,0.0811
CT005515,Zone_03,Zone_05,0.1217,0.0802,0.0989,0.1186,0.0994,0.1217,0.0976,0.1074,0.0834,0.1108,0.082
CT009726,Zone_07,Zone_08,0.1352,0.1232,0.093,0.113,0.1161,0.0656,0.1298,0.0773,0.1352,0.0659,0.0809
CT004619,Zone_08,Zone_05,0.1184,0.0779,0.1075,0.1184,0.1002,0.1184,0.1164,0.1029,0.0814,0.0971,0.0797
CT019146,Zone_07,Zone_03,0.1319,0.088,0.0886,0.1319,0.1038,0.1206,0.1058,0.1132,0.0841,0.0652,0.0987
CT013218,Zone_08,Zone_10,0.1303,0.0951,0.0897,0.1057,0.0794,0.1198,0.0801,0.0871,0.1222,0.0906,0.1303
CT014216,Zone_04,Zone_03,0.1179,0.0775,0.1113,0.1179,0.087,0.1144,0.1125,0.1003,0.084,0.0938,0.1012
CT016420,Zone_03,Zone_07,0.1461,0.1085,0.1061,0.101,0.12,0.07,0.0733,0.1461,0.0873,0.0979,0.0899
CT011718,Zone_07,Zone_06,0.1318,0.0828,0.1155,0.0894,0.0946,0.1016,0.1318,0.0739,0.0879,0.1316,0.091
CT000591,Zone_06,Zone_06,0.1243,0.0941,0.0968,0.1058,0.0989,0.1043,0.1243,0.1032,0.1013,0.0491,0.1222
CT008071,Zone_08,Zone_07,0.1495,0.0946,0.1255,0.0929,0.1244,0.0527,0.0706,0.1495,0.0797,0.1161,0.094
CT002806,Zone_04,Zone_09,0.1349,0.0802,0.1032,0.0853,0.0974,0.1253,0.0943,0.1094,0.0764,0.1349,0.0936
CT000931,Zone_04,Zone_09,0.1499,0.1082,0.1239,0.0954,0.0793,0.0782,0.0673,0.0918,0.1,0.1499,0.106
CT013397,Zone_03,Zone_05,0.1498,0.075,0.0813,0.1002,0.0824,0.1498,0.1139,0.1042,0.0854,0.1071,0.1007
CT005631,Zone_08,Zone_05,0.1343,0.1193,0.1227,0.089,0.1016,0.1343,0.0761,0.1182,0.0693,0.0721,0.0973
CT012910,Zone_02,Zone_08,0.1521,0.1206,0.0888,0.0931,0.1397,0.082,0.0739,0.1082,0.1521,0.0713,0.0702
CT018976,Zone_01,Zone_09,0.1254,0.0819,0.0864,0.1168,0.0663,0.1126,0.1044,0.0768,0.1188,0.1254,0.1105
CT004129,Zone_07,Zone_05,0.1258,0.1109,0.0665,0.0887,0.1043,0.1258,0.074,0.0952,0.1105,0.1236,0.1005
CT005755,Zone_03,Zone_04,0.1427,0.0748,0.1344,0.0963,0.1427,0.071,0.1195,0.0817,0.1248,0.0779,0.0767
CT004958,Zone_04,Zone_09,0.1279,0.1064,0.0957,0.1105,0.1154,0.0859,0.0689,0.103,0.0888,0.1279,0.0976
CT008801,Zone_01,Zone_06,0.1377,0.0856,0.0653,0.1288,0.091,0.1011,0.1377,0.103,0.0887,0.1016,0.0972
CT006079,Zone_02,Zone_09,0.1399,0.0865,0.0884,0.1277,0.0889,0.0806,0.0788,0.1201,0.0929,0.1399,0.0962
CT003383,Zone_06,Zone_10,0.1226,0.1143,0.0954,0.0818,0.0934,0.1121,0.1085,0.0867,0.0991,0.0861,0.1226
CT007680,Zone_10,Zone_09,0.1327,0.0941,0.1272,0.0946,0.0929,0.0884,0.1104,0.0958,0.0823,0.1327,0.0815
CT014583,Zone_08,Zone_01,0.1342,0.1342,0.1118,0.0688,0.1146,0.1316,0.0875,0.0835,0.0959,0.0675,0.1046
CT005670,Zone_07,Zone_06,0.1151,0.1072,0.1131,0.0882,0.0826,0.1,0.1151,0.1,0.109,0.0828,0.1017
CT013563,Zone_07,Zone_06,0.1347,0.0749,0.1254,0.0684,0.1231,0.1113,0.1347,0.0818,0.1049,0.0652,0.1103
CT001019,Zone_02,Zone_05,0.1191,0.0897,0.0949,0.0901,0.1071,0.1191,0.1034,0.1086,0.1007,0.0777,0.1087
CT018403,Zone_03,Zone_09,0.1278,0.1115,0.1053,0.0703,0.0903,0.1079,0.0916,0.0894,0.0896,0.1278,0.1164
CT007661,Zone_08,Zone_05,0.1243,0.1061,0.0698,0.1231,0.0846,0.1243,0.0667,0.0918,0.1213,0.1126,0.0996
CT008984,Zone_07,Zone_08,0.1365,0.1224,0.0777,0.1193,0.1028,0.105,0.0983,0.0933,0.1365,0.0607,0.0841
CT018657,Zone_07,Zone_03,0.1477,0.0783,0.0646,0.1477,0.1394,0.0629,0.0874,0.1338,0.105,0.1134,0.0676
CT000665,Zone_04,Zone_05,0.1259,0.0753,0.1013,0.1022,0.1205,0.1259,0.1155,0.1093,0.0861,0.0655,0.0984
CT017846,Zone_05,Zone_04,0.1141,0.1064,0.0981,0.0917,0.1141,0.1113,0.0857,0.0895,0.0926,0.1114,0.0991
CT017237,Zone_07,Zone_01,0.1266,0.1266,0.11,0.0849,0.0962,0.1259,0.0834,0.0811,0.1047,0.0767,0.1104
CT011357,Zone_07,Zone_05,0.1426,0.0976,0.0703,0.106,0.0829,0.1426,0.1078,0.0627,0.1263,0.0762,0.1276
CT000379,Zone_05,Zone_06,0.1378,0.1275,0.0917,0.1129,0.0921,0.066,0.1378,0.0928,0.1372,0.0514,0.0906
CT002307,Zone_07,Zone_06,0.1443,0.0702,0.1372,0.1104,0.084,0.0856,0.1443,0.0916,0.0862,0.1028,0.0877
CT004135,Zone_08,Zone_09,0.139,0.121,0.0603,0.1066,0.0809,0.0932,0.0997,0.0765,0.1096,0.139,0.1131
CT019063,Zone_08,Zone_03,0.1207,0.1104,0.0827,0.1207,0.0955,0.0893,0.0921,0.1035,0.115,0.0908,0.0999
CT008770,Zone_02,Zone_10,0.1221,0.1036,0.0913,0.0973,0.0891,0.093,0.0973,0.11,0.0927,0.1035,0.1221
CT005241,Zone_03,Zone_06,0.1179,0.1118,0.0892,0.086,0.0992,0.1142,0.1179,0.1157,0.086,0.0993,0.0806
CT002748,Zone_01,Zone_03,0.1389,0.0793,0.1041,0.1389,0.1026,0.0887,0.124,0.0913,0.1261,0.0691,0.0759
CT004977,Zone_08,Zone_01,0.1289,0.1289,0.1278,0.0782,0.0934,0.1075,0.0784,0.074,0.1282,0.0747,0.1091
CT008815,Zone_10,Zone_03,0.1332,0.0919,0.0959,0.1332,0.086,0.1131,0.0886,0.0851,0.1172,0.0979,0.0911
CT001128,Zone_07,Zone_06,0.1316,0.0921,0.1098,0.1073,0.0967,0.0776,0.1316,0.074,0.1057,0.1209,0.0842
CT009576,Zone_07,Zone_04,0.1507,0.1023,0.1058,0.1272,0.1507,0.063,0.0669,0.1219,0.0997,0.081,0.0815
CT006437,Zone_07,Zone_09,0.1625,0.1066,0.089,0.0797,0.0923,0.0884,0.0883,0.0885,0.0932,0.1625,0.1114
CT001857,Zone_01,Zone_10,0.1252,0.0785,0.0874,0.0863,0.1102,0.111,0.1087,0.1043,0.0957,0.0925,0.1252
CT007761,Zone_04,Zone_09,0.1741,0.0945,0.081,0.0834,0.0809,0.0964,0.1173,0.0937,0.0858,0.1741,0.0928
CT015381,Zone_04,Zone_01,0.1298,0.1298,0.0746,0.0991,0.1226,0.1096,0.0632,0.1144,0.1049,0.0888,0.0931
CT006330,Zone_04,Zone_06,0.1362,0.0749,0.1128,0.1292,0.0813,0.0828,0.1362,0.097,0.1166,0.082,0.0872
CT011642,Zone_02,Zone_02,0.147,0.0844,0.147,0.1256,0.0991,0.0954,0.0903,0.1014,0.0792,0.0762,0.1014
CT012271,Zone_07,Zone_07,0.1279,0.0809,0.1269,0.0702,0.1061,0.0879,0.1242,0.1279,0.0902,0.0667,0.119
CT009477,Zone_07,Zone_09,0.1452,0.0912,0.101,0.0874,0.1074,0.1211,0.0921,0.081,0.0841,0.1452,0.0895
CT000799,Zone_08,Zone_08,0.1545,0.1282,0.0971,0.088,0.0992,0.0897,0.1368,0.0842,0.1545,0.0408,0.0813
CT015249,Zone_08,Zone_09,0.1265,0.0995,0.099,0.088,0.0904,0.1006,0.119,0.0779,0.1002,0.1265,0.099
CT012845,Zone_01,Zone_07,0.1183,0.0971,0.1112,0.0945,0.0883,0.1041,0.0888,0.1183,0.085,0.1133,0.0993
CT015761,Zone_04,Zone_02,0.1444,0.0989,0.1444,0.122,0.091,0.0787,0.1426,0.1037,0.0844,0.0464,0.0879
CT006996,Zone_07,Zone_04,0.1333,0.0989,0.1036,0.0844,0.1333,0.1169,0.115,0.1196,0.0856,0.0561,0.0865
CT017459,Zone_07,Zone_09,0.1199,0.1008,0.0934,0.0927,0.0967,0.0979,0.1029,0.0945,0.0954,0.1199,0.1057
CT001393,Zone_03,Zone_05,0.1451,0.0995,0.0911,0.073,0.0844,0.1451,0.1056,0.0874,0.0888,0.1272,0.0979
CT001828,Zone_08,Zone_09,0.1431,0.0881,0.0965,0.0816,0.088,0.1217,0.1319,0.0973,0.0643,0.1431,0.0876
CT005058,Zone_07,Zone_01,0.1449,0.1449,0.0933,0.0934,0.1047,0.1044,0.0684,0.0869,0.1,0.1132,0.0907
CT015957,Zone_08,Zone_05,0.1368,0.0999,0.0964,0.0849,0.0793,0.1368,0.0862,0.0871,0.1021,0.1132,0.1141
CT009099,Zone_07,Zone_07,0.1251,0.1,0.1025,0.102,0.1173,0.0665,0.1042,0.1251,0.1058,0.0839,0.0927
CT004677,Zone_03,Zone_05,0.1242,0.0798,0.11,0.092,0.0938,0.1242,0.1108,0.1005,0.0818,0.1067,0.1005
CT000021,Zone_07,Zone_07,0.1324,0.086,0.107,0.1192,0.0891,0.1019,0.1112,0.1324,0.0764,0.0839,0.093
CT002026,Zone_05,Zone_05,0.1356,0.0875,0.0874,0.1055,0.0926,0.1356,0.1263,0.0883,0.0983,0.0847,0.0939
CT011921,Zone_07,Zone_08,0.1354,0.0925,0.0668,0.1126,0.087,0.1251,0.0879,0.0828,0.1354,0.0985,0.1113
CT009727,Zone_04,Zone_05,0.1312,0.114,0.0806,0.0814,0.1031,0.1312,0.0856,0.0819,0.1007,0.1235,0.0979
CT002738,Zone_07,Zone_01,0.1225,0.1225,0.1127,0.0957,0.0908,0.0952,0.1089,0.0992,0.0931,0.0861,0.0958
CT003420,Zone_07,Zone_06,0.1338,0.0573,0.1183,0.0725,0.1139,0.1316,0.1338,0.0841,0.1167,0.0534,0.1185
CT011022,Zone_10,Zone_09,0.1334,0.1171,0.0697,0.0946,0.1069,0.1163,0.0711,0.0937,0.1051,0.1334,0.092
CT014142,Zone_01,Zone_05,0.1478,0.1194,0.0805,0.0904,0.1038,0.1478,0.0774,0.0954,0.0961,0.0788,0.1104
CT003589,Zone_07,Zone_10,0.1168,0.1165,0.1063,0.0759,0.1155,0.0947,0.1009,0.1093,0.0847,0.0794,0.1168
CT004278,Zone_07,Zone_02,0.1474,0.0828,0.1474,0.0911,0.1223,0.0763,0.0903,0.104,0.1058,0.0647,0.1152
CT009746,Zone_07,Zone_08,0.1294,0.1009,0.0931,0.1149,0.1044,0.073,0.1179,0.0996,0.1294,0.0881,0.0786
CT017231,Zone_01,Zone_06,0.1643,0.0919,0.1356,0.0813,0.0798,0.097,0.1643,0.0851,0.0949,0.0966,0.0735
CT017411,Zone_08,Zone_09,0.1868,0.0988,0.1008,0.0796,0.08,0.0845,0.0887,0.0723,0.1047,0.1868,0.1036
CT011842,Zone_07,Zone_05,0.143,0.0901,0.0867,0.0747,0.0879,0.143,0.1142,0.0838,0.0897,0.1153,0.1144
CT019969,Zone_08,Zone_07,0.1635,0.0877,0.1209,0.1092,0.1343,0.0509,0.0614,0.1635,0.0862,0.1062,0.0797
CT009145,Zone_02,Zone_08,0.1181,0.0843,0.0918,0.1174,0.0862,0.107,0.0947,0.078,0.1181,0.1124,0.1102
CT005106,Zone_08,Zone_04,0.1195,0.0895,0.1118,0.09,0.1195,0.1056,0.1158,0.0842,0.1174,0.0476,0.1185
CT019795,Zone_07,Zone_07,0.1233,0.0775,0.1047,0.1089,0.1132,0.0858,0.0987,0.1233,0.0982,0.1017,0.0881
CT004216,Zone_01,Zone_09,0.1668,0.1017,0.0799,0.0975,0.0971,0.1077,0.0957,0.0815,0.096,0.1668,0.0762
CT017712,Zone_08,Zone_06,0.1414,0.0865,0.116,0.1063,0.0811,0.1031,0.1414,0.0659,0.1154,0.1225,0.0617
CT015870,Zone_06,Zone_07,0.1261,0.1108,0.0565,0.1121,0.1029,0.083,0.1005,0.1261,0.0931,0.1162,0.0988
CT007470,Zone_08,Zone_03,0.135,0.0898,0.082,0.135,0.0902,0.1148,0.0825,0.0868,0.1249,0.1006,0.0934
CT012989,Zone_08,Zone_01,0.1202,0.1202,0.1093,0.1062,0.0983,0.0832,0.0711,0.1057,0.1169,0.0991,0.09
CT000228,Zone_08,Zone_01,0.1485,0.1485,0.0954,0.0963,0.0818,0.1263,0.0779,0.069,0.1381,0.0689,0.0979
CT007027,Zone_08,Zone_06,0.136,0.0646,0.1099,0.0911,0.0973,0.1195,0.136,0.0753,0.1285,0.0625,0.1155
CT009902,Zone_01,Zone_06,0.1492,0.086,0.0734,0.0862,0.1304,0.0982,0.1492,0.0892,0.1348,0.0518,0.1008
CT004096,Zone_04,Zone_07,0.1284,0.0974,0.0984,0.0827,0.1135,0.1154,0.0895,0.1284,0.0963,0.063,0.1153
CT015712,Zone_08,Zone_09,0.2286,0.0767,0.1341,0.0739,0.08,0.0769,0.1059,0.0838,0.0715,0.2286,0.0686
CT001364,Zone_02,Zone_09,0.1248,0.0833,0.1024,0.1107,0.0734,0.1063,0.1067,0.0769,0.0997,0.1248,0.1158
CT019900,Zone_04,Zone_06,0.1374,0.0956,0.1001,0.09,0.1213,0.0817,0.1374,0.0994,0.1166,0.0467,0.1112
CT015903,Zone_07,Zone_09,0.129,0.1021,0.1272,0.0717,0.0912,0.1087,0.0786,0.1221,0.0715,0.129,0.098
CT015359,Zone_08,Zone_09,0.152,0.0873,0.1095,0.075,0.09,0.0871,0.1218,0.0859,0.0918,0.152,0.0996
CT013499,Zone_03,Zone_08,0.158,0.0811,0.0857,0.0972,0.1398,0.1148,0.1077,0.0781,0.158,0.044,0.0938
CT009730,Zone_10,Zone_09,0.1469,0.0901,0.1237,0.1007,0.1036,0.0887,0.078,0.0947,0.0802,0.1469,0.0935
CT003894,Zone_08,Zone_06,0.1268,0.0751,0.1144,0.1057,0.0885,0.0885,0.1268,0.1121,0.0964,0.0896,0.1028
CT004141,Zone_05,Zone_04,0.1294,0.0976,0.1242,0.087,0.1294,0.0868,0.1134,0.0914,0.1131,0.0305,0.1265
CT002903,Zone_03,Zone_01,0.1324,0.1324,0.1174,0.103,0.0931,0.0988,0.0791,0.109,0.0903,0.0772,0.0998
CT017997,Zone_07,Zone_01,0.1308,0.1308,0.0752,0.0872,0.1032,0.1025,0.0976,0.1174,0.0809,0.1203,0.085
CT004277,Zone_08,Zone_08,0.1178,0.0864,0.0976,0.1083,0.1148,0.0684,0.1097,0.1173,0.1178,0.0792,0.1004
CT004384,Zone_08,Zone_06,0.16,0.0927,0.1148,0.0957,0.0801,0.0895,0.16,0.083,0.1071,0.072,0.105
CT009218,Zone_09,Zone_06,0.1285,0.1157,0.1131,0.0947,0.0836,0.0952,0.1285,0.0852,0.1227,0.0797,0.0816
CT013044,Zone_08,Zone_09,0.1682,0.0909,0.136,0.0985,0.0848,0.1008,0.0829,0.0811,0.0852,0.1682,0.0716
CT011960,Zone_01,Zone_01,0.1365,0.1365,0.0829,0.0983,0.1167,0.0928,0.0889,0.1029,0.1185,0.0603,0.1022
CT002194,Zone_02,Zone_09,0.1587,0.1021,0.0963,0.0939,0.0984,0.0874,0.1036,0.082,0.0937,0.1587,0.0839
CT009704,Zone_04,Zone_03,0.1345,0.0875,0.1131,0.1345,0.1004,0.0647,0.1134,0.1009,0.1143,0.0733,0.0979
CT015082,Zone_07,Zone_01,0.1476,0.1476,0.0927,0.0845,0.1126,0.1317,0.0688,0.1083,0.0852,0.0625,0.1062
CT008292,Zone_10,Zone_02,0.1427,0.0962,0.1427,0.0818,0.0822,0.0873,0.1115,0.1123,0.0762,0.1111,0.0988
CT001245,Zone_04,Zone_08,0.1287,0.0927,0.0893,0.1164,0.0789,0.0808,0.1274,0.0934,0.1287,0.084,0.1085
CT013982,Zone_04,Zone_06,0.1332,0.0735,0.0825,0.0991,0.0871,0.1124,0.1332,0.0841,0.1082,0.1219,0.098
CT005004,Zone_03,Zone_06,0.1145,0.0884,0.0872,0.1109,0.0821,0.1039,0.1145,0.1029,0.1053,0.1037,0.1011
CT019674,Zone_01,Zone_07,0.1353,0.121,0.0975,0.1197,0.1047,0.0705,0.085,0.1353,0.1158,0.052,0.0985
CT019876,Zone_07,Zone_10,0.1328,0.0816,0.1135,0.1077,0.071,0.0956,0.1075,0.0984,0.1076,0.0842,0.1328
CT010238,Zone_01,Zone_07,0.1451,0.1142,0.0999,0.112,0.1449,0.065,0.0948,0.1451,0.1124,0.0417,0.0699
CT015704,Zone_07,Zone_09,0.1316,0.1062,0.1102,0.0835,0.0923,0.1111,0.0921,0.0864,0.114,0.1316,0.0726
CT005710,Zone_07,Zone_07,0.1298,0.1068,0.1019,0.0963,0.1055,0.0918,0.0894,0.1298,0.0887,0.1125,0.0773
CT016476,Zone_07,Zone_09,0.1505,0.0887,0.076,0.1069,0.0861,0.103,0.0902,0.0954,0.1184,0.1505,0.0847
CT012045,Zone_03,Zone_03,0.1383,0.1281,0.1011,0.1383,0.1049,0.1215,0.0492,0.0827,0.0911,0.073,0.1101
CT012895,Zone_08,Zone_03,0.1298,0.1118,0.0896,0.1298,0.0925,0.0858,0.088,0.1051,0.1199,0.067,0.1108
CT002675,Zone_08,Zone_10,0.1263,0.1029,0.1101,0.0932,0.0886,0.0997,0.082,0.1027,0.0861,0.1083,0.1263
CT007639,Zone_07,Zone_02,0.1335,0.0954,0.1335,0.123,0.0981,0.0716,0.1185,0.1051,0.1048,0.058,0.092
CT019239,Zone_08,Zone_01,0.1253,0.1253,0.0843,0.0927,0.1048,0.0946,0.1042,0.1006,0.0983,0.104,0.0912
CT006209,Zone_02,Zone_03,0.1213,0.1071,0.1079,0.1213,0.0871,0.0698,0.0906,0.1058,0.1116,0.0948,0.1039
CT000590,Zone_02,Zone_09,0.1673,0.0969,0.1058,0.1176,0.1003,0.0848,0.059,0.0927,0.0878,0.1673,0.0879
CT001810,Zone_03,Zone_07,0.1315,0.0876,0.1168,0.0947,0.1046,0.0918,0.0716,0.1315,0.0779,0.1064,0.1172
CT004647,Zone_06,Zone_06,0.1263,0.1121,0.0852,0.0849,0.0919,0.0975,0.1263,0.0988,0.0874,0.1077,0.108
CT012618,Zone_08,Zone_10,0.1148,0.0986,0.093,0.101,0.0908,0.0977,0.1103,0.1084,0.0948,0.0908,0.1148
CT018307,Zone_08,Zone_10,0.1346,0.1125,0.1179,0.0865,0.1035,0.1114,0.0449,0.0982,0.0886,0.1019,0.1346
CT002544,Zone_04,Zone_01,0.1185,0.1185,0.0965,0.1076,0.0887,0.1184,0.0892,0.0977,0.1136,0.0599,0.1098
CT017760,Zone_02,Zone_08,0.148,0.1068,0.0803,0.0833,0.1319,0.0973,0.1358,0.0863,0.148,0.0361,0.0942
CT007426,Zone_01,Zone_07,0.1282,0.114,0.0813,0.0962,0.1143,0.0859,0.0608,0.1282,0.0902,0.1241,0.1051
CT019264,Zone_04,Zone_06,0.1201,0.0912,0.1004,0.0971,0.093,0.1,0.1201,0.0982,0.087,0.1152,0.0978
CT016988,Zone_08,Zone_02,0.1499,0.0932,0.1499,0.1224,0.1293,0.1162,0.1034,0.1243,0.0897,0.0152,0.0564
CT018076,Zone_07,Zone_03,0.1322,0.117,0.1222,0.1322,0.0953,0.1139,0.1088,0.1083,0.1056,0.0337,0.063
CT017096,Zone_07,Zone_06,0.1415,0.0847,0.1007,0.0925,0.0993,0.1013,0.1415,0.1003,0.1034,0.0769,0.0994
CT010558,Zone_02,Zone_03,0.1463,0.0911,0.0928,0.1463,0.1013,0.0638,0.1186,0.1039,0.0989,0.0907,0.0926
CT015796,Zone_08,Zone_01,0.1358,0.1358,0.0879,0.1019,0.1074,0.1297,0.0702,0.1154,0.0902,0.0614,0.1002
CT000996,Zone_08,Zone_07,0.1121,0.1036,0.1113,0.1015,0.0985,0.1075,0.0793,0.1121,0.1039,0.0775,0.1048
CT011879,Zone_02,Zone_09,0.1405,0.094,0.125,0.1221,0.0809,0.0999,0.063,0.0936,0.0902,0.1405,0.0909
CT016183,Zone_08,Zone_01,0.1095,0.1095,0.1021,0.1063,0.083,0.109,0.107,0.0984,0.096,0.0824,0.1063
CT007023,Zone_04,Zone_06,0.1364,0.0785,0.0955,0.0963,0.128,0.0952,0.1364,0.1064,0.0831,0.0971,0.0836
CT011691,Zone_01,Zone_01,0.1336,0.1336,0.097,0.0864,0.1187,0.1301,0.0575,0.1113,0.076,0.0585,0.131
CT007275,Zone_08,Zone_06,0.1296,0.0822,0.114,0.0816,0.1232,0.0982,0.1296,0.0761,0.1282,0.0523,0.1146
CT010506,Zone_07,Zone_02,0.1301,0.1036,0.1301,0.0938,0.0819,0.0847,0.0877,0.1133,0.0904,0.1162,0.0984
CT013162,Zone_01,Zone_07,0.1316,0.1224,0.0726,0.0963,0.1114,0.0752,0.0806,0.1316,0.0837,0.1234,0.1028
CT000263,Zone_04,Zone_06,0.1336,0.1007,0.1313,0.0879,0.1018,0.107,0.1336,0.0705,0.1027,0.0901,0.0743
CT013020,Zone_01,Zone_03,0.1308,0.0992,0.0698,0.1308,0.1107,0.1103,0.0941,0.0905,0.109,0.0938,0.0917
CT003622,Zone_04,Zone_01,0.1265,0.1265,0.1257,0.0772,0.0867,0.1021,0.1063,0.0836,0.119,0.0872,0.0857
CT013210,Zone_06,Zone_03,0.1328,0.0946,0.1267,0.1328,0.0967,0.071,0.1179,0.1054,0.1041,0.0649,0.0858
CT013667,Zone_08,Zone_06,0.1462,0.1185,0.0925,0.0677,0.0802,0.1304,0.1462,0.0733,0.1203,0.0789,0.0921
CT010996,Zone_07,Zone_01,0.1421,0.1421,0.1139,0.0958,0.0996,0.08,0.0952,0.1011,0.1112,0.0446,0.1166
CT003545,Zone_04,Zone_07,0.1296,0.0946,0.0951,0.1193,0.1065,0.0824,0.1004,0.1296,0.0884,0.1098,0.0739
CT009035,Zone_08,Zone_01,0.1217,0.1217,0.0935,0.1072,0.098,0.1163,0.0872,0.101,0.1158,0.0528,0.1066
CT016735,Zone_05,Zone_04,0.1441,0.0897,0.1405,0.1149,0.1441,0.0881,0.1119,0.1013,0.0948,0.0323,0.0824
CT011388,Zone_08,Zone_02,0.1345,0.0883,0.1345,0.0811,0.1287,0.0775,0.099,0.0902,0.1134,0.0692,0.1182
CT003756,Zone_04,Zone_07,0.128,0.1055,0.0891,0.0972,0.1022,0.121,0.0945,0.128,0.0796,0.099,0.0839
CT011814,Zone_09,Zone_07,0.1323,0.0926,0.0965,0.093,0.0992,0.0747,0.1321,0.1323,0.0674,0.1305,0.0817
CT001730,Zone_05,Zone_05,0.1319,0.106,0.0892,0.0755,0.0974,0.1319,0.0807,0.1194,0.0894,0.0959,0.1146
CT008124,Zone_01,Zone_01,0.1226,0.1226,0.1004,0.1149,0.1074,0.0911,0.0544,0.12,0.119,0.0671,0.1031
CT006832,Zone_07,Zone_05,0.1246,0.0932,0.1008,0.1152,0.1037,0.1246,0.0634,0.1046,0.11,0.0888,0.0956
CT011607,Zone_08,Zone_09,0.1833,0.107,0.0861,0.075,0.089,0.0913,0.1061,0.0945,0.0758,0.1833,0.092
CT011645,Zone_08,Zone_03,0.1284,0.1067,0.1102,0.1284,0.1027,0.0794,0.1179,0.0941,0.1215,0.0527,0.0865
CT003881,Zone_08,Zone_07,0.1307,0.1077,0.0897,0.114,0.0886,0.0981,0.0821,0.1307,0.0971,0.0843,0.1075
CT004210,Zone_01,Zone_03,0.1352,0.102,0.1032,0.1352,0.1039,0.089,0.0657,0.1071,0.085,0.1135,0.0953
CT001136,Zone_04,Zone_01,0.1475,0.1475,0.0928,0.1058,0.0981,0.0981,0.1014,0.0908,0.1207,0.0377,0.1071
CT013221,Zone_07,Zone_05,0.1257,0.0694,0.0937,0.0941,0.1154,0.1257,0.1237,0.0944,0.1108,0.0767,0.0961
CT005363,Zone_03,Zone_06,0.1378,0.0971,0.0926,0.1033,0.0897,0.1126,0.1378,0.0965,0.0947,0.0908,0.085
CT011173,Zone_07,Zone_09,0.1373,0.112,0.113,0.0854,0.1011,0.0865,0.0755,0.0961,0.0793,0.1373,0.1137
CT011966,Zone_03,Zone_06,0.121,0.1071,0.0613,0.0883,0.1015,0.1195,0.121,0.0923,0.0975,0.1073,0.1043
CT002786,Zone_08,Zone_05,0.1559,0.0957,0.0842,0.1011,0.0829,0.1559,0.068,0.0989,0.1058,0.0768,0.1306
CT011519,Zone_04,Zone_08,0.1364,0.1309,0.1064,0.0879,0.1035,0.1004,0.0923,0.0979,0.1364,0.0425,0.1018
CT007994,Zone_07,Zone_05,0.1409,0.0868,0.0729,0.0919,0.1361,0.1409,0.0896,0.0981,0.1191,0.067,0.0976
CT009900,Zone_06,Zone_08,0.1325,0.109,0.0816,0.1221,0.0783,0.1175,0.1019,0.0748,0.1325,0.0776,0.1048
CT019150,Zone_03,Zone_10,0.1168,0.0988,0.0942,0.1046,0.0829,0.1155,0.1139,0.1034,0.0959,0.0739,0.1168
CT015514,Zone_05,Zone_10,0.1191,0.0869,0.1004,0.0915,0.1119,0.1164,0.1067,0.1126,0.1015,0.0532,0.1191
CT012875,Zone_05,Zone_09,0.1501,0.1031,0.1044,0.0994,0.1079,0.1036,0.0815,0.0846,0.0836,0.1501,0.0818
CT008867,Zone_03,Zone_09,0.1583,0.0866,0.0739,0.1013,0.1438,0.0589,0.0712,0.1207,0.1069,0.1583,0.0784
CT017840,Zone_08,Zone_09,0.1785,0.0919,0.1022,0.0942,0.1187,0.0823,0.0749,0.0844,0.0885,0.1785,0.0845
CT016251,Zone_01,Zone_06,0.1442,0.0939,0.0828,0.0858,0.1078,0.0605,0.1442,0.102,0.1325,0.1076,0.0829
CT007791,Zone_07,Zone_09,0.1797,0.0755,0.0736,0.1041,0.1004,0.0525,0.0977,0.1215,0.0976,0.1797,0.0976
CT016660,Zone_08,Zone_09,0.1455,0.0995,0.1229,0.0724,0.0862,0.1016,0.0784,0.1058,0.0764,0.1455,0.1115
CT017698,Zone_07,Zone_04,0.1327,0.111,0.102,0.1127,0.1327,0.0634,0.083,0.124,0.097,0.0732,0.101
CT015884,Zone_07,Zone_07,0.1384,0.1047,0.09,0.1004,0.1369,0.0585,0.075,0.1384,0.1014,0.1099,0.0847
CT013757,Zone_10,Zone_08,0.1447,0.0888,0.0979,0.1009,0.1291,0.1081,0.0673,0.1002,0.1447,0.0677,0.0954
CT008196,Zone_07,Zone_02,0.1469,0.1201,0.1469,0.0795,0.089,0.0976,0.1113,0.0806,0.1027,0.0917,0.0807
CT006981,Zone_10,Zone_01,0.1293,0.1293,0.0894,0.1066,0.0965,0.0919,0.0797,0.1042,0.1014,0.088,0.113
CT018845,Zone_04,Zone_04,0.1571,0.1137,0.0734,0.1199,0.1571,0.0696,0.0597,0.1339,0.1192,0.073,0.0805
CT015224,Zone_07,Zone_09,0.138,0.1002,0.1172,0.0895,0.0985,0.0813,0.1029,0.0939,0.089,0.138,0.0895
CT013273,Zone_06,Zone_09,0.135,0.0975,0.0812,0.1068,0.1092,0.1049,0.0751,0.0884,0.0904,0.135,0.1116
CT005156,Zone_02,Zone_09,0.2028,0.0815,0.1095,0.0928,0.0961,0.0713,0.1128,0.0761,0.0951,0.2028,0.0619
CT001943,Zone_08,Zone_07,0.127,0.1209,0.0939,0.1051,0.12,0.1009,0.0747,0.127,0.0867,0.0879,0.0829
CT018071,Zone_08,Zone_08,0.1292,0.121,0.1125,0.112,0.0811,0.1189,0.0729,0.0846,0.1292,0.0549,0.1127
CT018571,Zone_07,Zone_09,0.1356,0.1065,0.1219,0.0876,0.1013,0.0933,0.0756,0.1036,0.065,0.1356,0.1096
CT013597,Zone_04,Zone_07,0.1334,0.0979,0.0933,0.0857,0.1298,0.1079,0.0797,0.1334,0.0936,0.0679,0.1109
CT007733,Zone_04,Zone_09,0.2123,0.0739,0.0914,0.074,0.0856,0.0791,0.1156,0.0834,0.0898,0.2123,0.095
CT009178,Zone_08,Zone_06,0.171,0.0931,0.1214,0.0889,0.0792,0.0865,0.171,0.0795,0.109,0.0702,0.1013
CT002274,Zone_07,Zone_02,0.133,0.1027,0.133,0.0849,0.0846,0.0757,0.1172,0.1052,0.0897,0.1132,0.0939
CT014733,Zone_03,Zone_01,0.1446,0.1446,0.0902,0.0912,0.1276,0.1015,0.0535,0.1277,0.0679,0.0857,0.1101
CT003973,Zone_07,Zone_05,0.1359,0.1166,0.1136,0.0834,0.0915,0.1359,0.0842,0.0833,0.1265,0.0484,0.1164
CT001083,Zone_06,Zone_10,0.1269,0.1015,0.1073,0.109,0.0894,0.0892,0.0844,0.1141,0.0877,0.0905,0.1269
CT014734,Zone_07,Zone_08,0.1181,0.114,0.0997,0.1128,0.0889,0.0805,0.0921,0.1012,0.1181,0.0818,0.1109
CT003209,Zone_03,Zone_07,0.1238,0.0875,0.1135,0.0843,0.1207,0.1116,0.1144,0.1238,0.0759,0.0547,0.1134
CT004237,Zone_05,Zone_02,0.1388,0.1188,0.1388,0.0885,0.1069,0.1026,0.0499,0.1207,0.0733,0.0732,0.1273
CT001649,Zone_06,Zone_03,0.1338,0.0823,0.1089,0.1338,0.0868,0.0836,0.1221,0.0982,0.1129,0.0605,0.1108
CT010161,Zone_03,Zone_06,0.1215,0.101,0.0991,0.0758,0.0931,0.0983,0.1215,0.0973,0.0923,0.1062,0.1153
CT009733,Zone_09,Zone_08,0.1356,0.1299,0.0887,0.0759,0.1046,0.1271,0.0821,0.0899,0.1356,0.0888,0.0775
CT012164,Zone_07,Zone_01,0.1413,0.1413,0.0863,0.0998,0.111,0.0888,0.0784,0.1156,0.0992,0.0817,0.0979
CT007393,Zone_01,Zone_09,0.1244,0.1042,0.0943,0.0844,0.0798,0.1118,0.1037,0.094,0.101,0.1244,0.1023
CT018371,Zone_08,Zone_07,0.1176,0.1118,0.1023,0.1005,0.0963,0.0958,0.0993,0.1176,0.0938,0.0833,0.0992
CT010005,Zone_04,Zone_01,0.1218,0.1218,0.0882,0.1083,0.0989,0.1101,0.1044,0.1092,0.1026,0.0678,0.0887
CT004173,Zone_09,Zone_08,0.1434,0.1257,0.0782,0.1068,0.1068,0.1003,0.0877,0.1003,0.1434,0.0645,0.0864
CT014880,Zone_07,Zone_02,0.1523,0.0698,0.1523,0.1061,0.1237,0.0876,0.1159,0.1078,0.095,0.0299,0.1118
CT001840,Zone_07,Zone_09,0.1532,0.0883,0.0661,0.1046,0.1201,0.0524,0.0999,0.1138,0.0957,0.1532,0.106
CT000139,Zone_07,Zone_05,0.1213,0.0859,0.1138,0.1146,0.0734,0.1213,0.1089,0.0824,0.1017,0.0837,0.1143
CT015005,Zone_08,Zone_06,0.1466,0.089,0.1018,0.094,0.0906,0.0971,0.1466,0.0851,0.1302,0.0861,0.0795
CT001574,Zone_07,Zone_03,0.1347,0.0782,0.1098,0.1347,0.1031,0.1019,0.096,0.0975,0.0841,0.1196,0.0752
CT019652,Zone_04,Zone_09,0.1127,0.0886,0.0869,0.103,0.0964,0.1072,0.1127,0.0864,0.0948,0.1127,0.1114
CT011744,Zone_04,Zone_02,0.1355,0.0915,0.1355,0.0863,0.13,0.0979,0.1205,0.0947,0.0947,0.0457,0.1032
CT006461,Zone_01,Zone_02,0.1165,0.1051,0.1165,0.1036,0.0877,0.0689,0.1069,0.0986,0.1145,0.0951,0.1031
CT017640,Zone_07,Zone_09,0.1629,0.1116,0.1042,0.0881,0.0899,0.0891,0.0734,0.0898,0.1164,0.1629,0.0745
CT016267,Zone_08,Zone_09,0.1972,0.0861,0.1001,0.1001,0.0799,0.1086,0.0759,0.0748,0.1019,0.1972,0.0753
CT018969,Zone_07,Zone_03,0.1201,0.12,0.1103,0.1201,0.1119,0.0947,0.0702,0.1192,0.0892,0.0745,0.09
CT014409,Zone_05,Zone_02,0.125,0.0822,0.125,0.1203,0.1006,0.083,0.1071,0.1181,0.0714,0.111,0.0813
CT003833,Zone_08,Zone_06,0.1166,0.1121,0.1085,0.0813,0.0903,0.1124,0.1166,0.0934,0.0913,0.0894,0.1046
CT006378,Zone_07,Zone_10,0.1285,0.1022,0.1049,0.0921,0.0831,0.0972,0.0965,0.0866,0.1132,0.0956,0.1285
CT004543,Zone_10,Zone_02,0.1483,0.1218,0.1483,0.0729,0.0943,0.1041,0.0832,0.1043,0.0848,0.1006,0.0858
CT016147,Zone_03,Zone_10,0.134,0.095,0.1325,0.0813,0.1279,0.0906,0.0696,0.0925,0.1072,0.0695,0.134
CT015179,Zone_07,Zone_09,0.1348,0.0859,0.1094,0.1057,0.0876,0.098,0.0952,0.1035,0.0883,0.1348,0.0916
CT007147,Zone_04,Zone_07,0.1468,0.096,0.0912,0.1238,0.1152,0.0641,0.0819,0.1468,0.1106,0.0756,0.0949
CT002221,Zone_04,Zone_01,0.1423,0.1423,0.0871,0.0891,0.1118,0.1247,0.0848,0.1055,0.0862,0.0672,0.1012
CT014888,Zone_06,Zone_06,0.1342,0.089,0.0815,0.0777,0.1078,0.1041,0.1342,0.115,0.0931,0.0899,0.1077
CT003569,Zone_07,Zone_01,0.1399,0.1399,0.0939,0.0753,0.1122,0.1207,0.0791,0.0745,0.1316,0.0989,0.074
CT002461,Zone_07,Zone_03,0.12,0.0936,0.076,0.12,0.0744,0.1007,0.1082,0.0945,0.1134,0.1073,0.1118
CT008877,Zone_07,Zone_05,0.1536,0.098,0.0847,0.1039,0.0842,0.1536,0.0656,0.101,0.1045,0.0727,0.1316
CT009563,Zone_02,Zone_06,0.1668,0.0752,0.0629,0.0967,0.1034,0.1282,0.1668,0.0874,0.0971,0.0744,0.1079
CT015283,Zone_10,Zone_03,0.1249,0.0987,0.0892,0.1249,0.0998,0.1173,0.0917,0.1105,0.0853,0.0628,0.1197
CT003842,Zone_08,Zone_09,0.1291,0.0997,0.1184,0.0837,0.1043,0.0887,0.0903,0.1043,0.0954,0.1291,0.0861
CT000727,Zone_04,Zone_02,0.1277,0.0954,0.1277,0.0998,0.1038,0.0762,0.0983,0.1189,0.0893,0.0959,0.0947
CT002604,Zone_07,Zone_05,0.1225,0.1044,0.1041,0.1098,0.0765,0.1225,0.0744,0.0941,0.1137,0.0852,0.1153
CT012085,Zone_07,Zone_09,0.1723,0.1143,0.0888,0.1024,0.0915,0.0934,0.0549,0.0864,0.115,0.1723,0.081
CT018349,Zone_03,Zone_09,0.1579,0.0678,0.1312,0.0959,0.0683,0.0995,0.1025,0.0744,0.1031,0.1579,0.0994
CT011529,Zone_07,Zone_09,0.1873,0.0901,0.0661,0.0712,0.0845,0.1063,0.1173,0.0867,0.0855,0.1873,0.1051
CT007127,Zone_04,Zone_06,0.1266,0.0824,0.1074,0.1028,0.1057,0.1084,0.1266,0.0912,0.1224,0.0412,0.1118
CT016243,Zone_07,Zone_06,0.1487,0.0675,0.1066,0.0991,0.0764,0.1013,0.1487,0.0898,0.0996,0.0984,0.1125
CT010361,Zone_06,Zone_02,0.1259,0.0829,0.1259,0.101,0.0928,0.1014,0.1185,0.1014,0.0861,0.0959,0.0941
CT011958,Zone_03,Zone_07,0.1234,0.1201,0.1225,0.1057,0.1098,0.087,0.0968,0.1234,0.068,0.0712,0.0955
CT019558,Zone_06,Zone_07,0.1282,0.1119,0.1232,0.1135,0.1024,0.0963,0.0854,0.1282,0.0758,0.0617,0.1017
CT004393,Zone_07,Zone_06,0.1434,0.1277,0.0684,0.1014,0.0917,0.0982,0.1434,0.0898,0.1008,0.0801,0.0985
CT015506,Zone_07,Zone_01,0.1238,0.1238,0.0789,0.1075,0.0991,0.1069,0.0741,0.1093,0.0986,0.1061,0.0958
CT011124,Zone_02,Zone_05,0.1285,0.1117,0.0876,0.1092,0.1006,0.1285,0.1166,0.098,0.0896,0.0481,0.1102
CT003679,Zone_04,Zone_01,0.1478,0.1478,0.112,0.1073,0.1262,0.13,0.034,0.081,0.0959,0.0669,0.0986
CT002477,Zone_03,Zone_10,0.1294,0.112,0.11,0.0977,0.0901,0.1101,0.085,0.0851,0.1063,0.0744,0.1294
CT006752,Zone_04,Zone_09,0.2199,0.1033,0.1096,0.0819,0.0775,0.0865,0.0488,0.0776,0.089,0.2199,0.1058
CT009918,Zone_08,Zone_09,0.1368,0.1119,0.0972,0.0771,0.1005,0.0949,0.0975,0.0857,0.0844,0.1368,0.114
CT001547,Zone_04,Zone_05,0.134,0.0862,0.0704,0.0954,0.1276,0.134,0.0855,0.1148,0.1291,0.0681,0.089
CT011861,Zone_10,Zone_03,0.1146,0.1015,0.1002,0.1146,0.0958,0.1034,0.1128,0.0918,0.0979,0.0876,0.0944
CT008302,Zone_05,Zone_09,0.1894,0.1005,0.0786,0.0876,0.0899,0.1067,0.0782,0.0848,0.1055,0.1894,0.0788
CT016524,Zone_02,Zone_02,0.1377,0.085,0.1377,0.1375,0.095,0.0745,0.1172,0.1162,0.0928,0.0369,0.1072
CT008004,Zone_02,Zone_09,0.13,0.0906,0.1126,0.1092,0.1034,0.0881,0.0743,0.1107,0.0833,0.13,0.0978
CT011864,Zone_07,Zone_07,0.1276,0.1211,0.0656,0.1041,0.1063,0.0923,0.1092,0.1276,0.0926,0.0888,0.0924
CT018196,Zone_08,Zone_10,0.1255,0.1114,0.0821,0.0902,0.096,0.1085,0.0967,0.0915,0.1161,0.0819,0.1255
CT019832,Zone_10,Zone_09,0.174,0.0832,0.1121,0.1014,0.0966,0.0823,0.0765,0.1016,0.0818,0.174,0.0906
CT009074,Zone_08,Zone_05,0.1127,0.0809,0.1126,0.1059,0.1038,0.1127,0.101,0.1006,0.0887,0.0862,0.1076
CT016296,Zone_08,Zone_04,0.1461,0.1161,0.0802,0.115,0.1461,0.0721,0.0756,0.1299,0.1181,0.0741,0.0728
CT007184,Zone_04,Zone_04,0.1369,0.1096,0.0884,0.0867,0.1369,0.1324,0.0724,0.1229,0.1089,0.0567,0.0849
CT010032,Zone_07,Zone_05,0.1362,0.0773,0.1188,0.078,0.1145,0.1362,0.1161,0.0813,0.1329,0.041,0.1038
CT006888,Zone_04,Zone_09,0.334,0.0834,0.1058,0.0644,0.0744,0.0688,0.0603,0.0674,0.0757,0.334,0.0658
CT000456,Zone_01,Zone_02,0.1371,0.094,0.1371,0.0849,0.123,0.0776,0.0945,0.0999,0.1126,0.0613,0.1151
CT001458,Zone_08,Zone_06,0.1354,0.0645,0.1007,0.1173,0.1192,0.0687,0.1354,0.0953,0.1082,0.1089,0.0817
CT018000,Zone_04,Zone_04,0.1362,0.0997,0.0987,0.0979,0.1362,0.0885,0.068,0.1317,0.1018,0.0714,0.1061
CT000368,Zone_08,Zone_09,0.1549,0.091,0.0531,0.0984,0.0915,0.1123,0.1262,0.0798,0.1003,0.1549,0.0927
CT007866,Zone_08,Zone_06,0.1396,0.1316,0.0904,0.0719,0.1008,0.12,0.1396,0.0675,0.1187,0.0475,0.112
CT015923,Zone_03,Zone_09,0.1299,0.1047,0.0988,0.1045,0.1068,0.0923,0.0768,0.0755,0.1036,0.1299,0.1072
CT005981,Zone_07,Zone_01,0.1246,0.1246,0.1164,0.1158,0.1036,0.1014,0.0667,0.0827,0.0968,0.0965,0.0955
CT017944,Zone_01,Zone_01,0.138,0.138,0.1174,0.0793,0.1146,0.0992,0.0692,0.1241,0.0806,0.0706,0.107
CT019232,Zone_07,Zone_06,0.1422,0.0793,0.0913,0.0943,0.0773,0.0894,0.1422,0.109,0.0892,0.1257,0.1023
CT009992,Zone_04,Zone_08,0.128,0.1107,0.1098,0.1061,0.1261,0.0665,0.0795,0.1134,0.128,0.0722,0.0876
CT011231,Zone_02,Zone_09,0.162,0.0793,0.1157,0.1188,0.0794,0.0803,0.091,0.119,0.0688,0.162,0.0858
CT013481,Zone_04,Zone_02,0.1294,0.1232,0.1294,0.0787,0.0928,0.1107,0.0925,0.1064,0.0941,0.0796,0.0927
CT013605,Zone_01,Zone_09,0.1411,0.067,0.1217,0.1083,0.0827,0.0954,0.1073,0.0742,0.1157,0.1411,0.0865
CT015653,Zone_07,Zone_07,0.1237,0.1198,0.0894,0.1025,0.1108,0.0952,0.0524,0.1237,0.1002,0.1172,0.0888
CT019806,Zone_08,Zone_03,0.1529,0.0775,0.0831,0.1529,0.0934,0.0955,0.125,0.0747,0.1298,0.0731,0.0949
CT012470,Zone_01,Zone_01,0.1211,0.1211,0.1184,0.1205,0.1092,0.0845,0.0907,0.106,0.1,0.0661,0.0834
CT005232,Zone_06,Zone_06,0.136,0.0998,0.1018,0.123,0.0981,0.0827,0.136,0.0904,0.1234,0.029,0.1157
CT013632,Zone_07,Zone_01,0.1303,0.1303,0.087,0.0871,0.0951,0.1202,0.1133,0.0841,0.1208,0.0828,0.0793
CT011157,Zone_06,Zone_07,0.1143,0.1086,0.095,0.0843,0.0888,0.1036,0.0937,0.1143,0.0966,0.1051,0.1099
CT016039,Zone_07,Zone_10,0.1213,0.1167,0.115,0.1158,0.1009,0.0903,0.0744,0.099,0.0814,0.0852,0.1213
CT009422,Zone_02,Zone_07,0.1181,0.1101,0.0917,0.0921,0.0891,0.1054,0.0867,0.1181,0.0947,0.0984,0.1136
CT006410,Zone_01,Zone_04,0.1473,0.0781,0.1137,0.1005,0.1473,0.0996,0.1112,0.0934,0.1317,0.0504,0.0741
CT005225,Zone_08,Zone_06,0.1198,0.1099,0.0856,0.1027,0.0928,0.1156,0.1198,0.1087,0.1122,0.0809,0.0719
CT003025,Zone_04,Zone_10,0.1269,0.1134,0.086,0.0897,0.1016,0.0861,0.0727,0.1103,0.088,0.1252,0.1269
CT006836,Zone_03,Zone_03,0.1185,0.0828,0.1103,0.1185,0.0957,0.0882,0.0947,0.1059,0.0975,0.0964,0.1099
CT017998,Zone_08,Zone_02,0.1287,0.1165,0.1287,0.1004,0.1022,0.0653,0.0873,0.0979,0.1107,0.0997,0.0912
CT018913,Zone_10,Zone_09,0.1416,0.0892,0.0967,0.0866,0.0903,0.1032,0.119,0.0927,0.085,0.1416,0.0956
CT011227,Zone_04,Zone_05,0.1482,0.1164,0.103,0.0771,0.0982,0.1482,0.0948,0.0883,0.083,0.094,0.0971
CT003223,Zone_07,Zone_09,0.1223,0.1126,0.0872,0.0924,0.1044,0.0962,0.0837,0.0985,0.0908,0.1223,0.1118
CT019427,Zone_07,Zone_08,0.1355,0.1209,0.0808,0.1007,0.113,0.0981,0.1071,0.0869,0.1355,0.0623,0.0948
CT014062,Zone_01,Zone_09,0.1561,0.1179,0.1217,0.0787,0.0963,0.0828,0.0637,0.0933,0.0812,0.1561,0.1083
CT007569,Zone_06,Zone_07,0.1235,0.1204,0.0817,0.1061,0.1038,0.1071,0.0979,0.1235,0.0973,0.0723,0.0899
CT019939,Zone_04,Zone_09,0.1462,0.0902,0.1208,0.0902,0.0882,0.1019,0.1336,0.0712,0.0871,0.1462,0.0705
CT000990,Zone_07,Zone_03,0.1214,0.1001,0.0981,0.1214,0.1025,0.1179,0.0816,0.1099,0.086,0.1,0.0825
CT010330,Zone_07,Zone_09,0.1295,0.0919,0.1274,0.0971,0.0719,0.0756,0.099,0.0991,0.1055,0.1295,0.103
CT001985,Zone_07,Zone_09,0.1824,0.0704,0.1078,0.0981,0.0821,0.0738,0.1548,0.0868,0.0731,0.1824,0.0708
CT015218,Zone_07,Zone_05,0.1429,0.1141,0.0861,0.0885,0.1039,0.1429,0.0827,0.1077,0.0887,0.0808,0.1046
CT002217,Zone_03,Zone_09,0.1954,0.1123,0.1226,0.0824,0.0843,0.0779,0.0499,0.0829,0.0901,0.1954,0.1021
CT017145,Zone_08,Zone_02,0.1326,0.095,0.1326,0.0778,0.1185,0.0997,0.1082,0.1067,0.1042,0.0389,0.1185
CT007048,Zone_04,Zone_02,0.1398,0.0736,0.1398,0.0899,0.1259,0.0776,0.1268,0.0956,0.1174,0.0459,0.1075
CT004925,Zone_08,Zone_06,0.1331,0.0886,0.1208,0.1002,0.0821,0.0974,0.1331,0.1068,0.0739,0.1166,0.0805
CT006455,Zone_07,Zone_03,0.1593,0.1158,0.121,0.1593,0.0968,0.1066,0.0824,0.1449,0.0976,0.0152,0.0603
CT010468,Zone_01,Zone_06,0.1209,0.0957,0.1056,0.0961,0.0831,0.1081,0.1209,0.1142,0.0851,0.0913,0.0999
CT020000,Zone_03,Zone_09,0.1244,0.1094,0.1008,0.0904,0.0927,0.0912,0.0844,0.0812,0.1032,0.1244,0.1224
CT006523,Zone_02,Zone_09,0.2229,0.082,0.0601,0.0968,0.0773,0.104,0.0829,0.0766,0.0908,0.2229,0.1067
CT013676,Zone_09,Zone_08,0.1268,0.1249,0.0858,0.0988,0.1042,0.1088,0.0936,0.093,0.1268,0.0618,0.1023
CT004482,Zone_07,Zone_05,0.1329,0.0956,0.0861,0.0977,0.0898,0.1329,0.0939,0.1182,0.0916,0.0912,0.103
CT010455,Zone_05,Zone_07,0.1289,0.0862,0.0784,0.1103,0.1092,0.0647,0.0835,0.1289,0.1101,0.1206,0.1081
CT000683,Zone_02,Zone_06,0.1331,0.125,0.0776,0.092,0.1007,0.088,0.1331,0.0725,0.1234,0.0719,0.1159
CT015703,Zone_04,Zone_04,0.1129,0.1036,0.1049,0.0995,0.1129,0.0964,0.0995,0.097,0.0936,0.0982,0.0944
CT008356,Zone_07,Zone_07,0.1142,0.1049,0.0743,0.0876,0.1063,0.1067,0.0998,0.1142,0.082,0.1141,0.1102
CT010251,Zone_07,Zone_07,0.124,0.1052,0.0885,0.0884,0.1231,0.1042,0.0819,0.124,0.1015,0.0599,0.1232
CT003990,Zone_09,Zone_04,0.1442,0.0933,0.108,0.0942,0.1442,0.1164,0.0847,0.0907,0.1106,0.0341,0.1237
CT019032,Zone_07,Zone_01,0.1144,0.1144,0.105,0.0784,0.0979,0.1133,0.1053,0.0864,0.0867,0.1014,0.1113
CT010318,Zone_07,Zone_10,0.1341,0.097,0.0771,0.1092,0.0834,0.1215,0.1129,0.0895,0.0976,0.0775,0.1341
CT004377,Zone_08,Zone_09,0.1608,0.0886,0.14,0.0953,0.1042,0.0978,0.0734,0.1002,0.0721,0.1608,0.0674
CT001187,Zone_05,Zone_06,0.1664,0.0693,0.0803,0.083,0.101,0.1009,0.1664,0.077,0.1326,0.0744,0.1152
CT004158,Zone_02,Zone_10,0.1177,0.1154,0.1014,0.1012,0.1006,0.1029,0.0864,0.0989,0.0862,0.0892,0.1177
CT019436,Zone_07,Zone_05,0.1331,0.1181,0.0744,0.0933,0.1101,0.1331,0.0652,0.0999,0.1025,0.1122,0.0913
CT006701,Zone_04,Zone_05,0.1166,0.0769,0.1093,0.1129,0.0932,0.1166,0.1065,0.1085,0.0928,0.0803,0.103
CT012513,Zone_04,Zone_02,0.1224,0.103,0.1224,0.0963,0.0867,0.121,0.0948,0.0962,0.0816,0.097,0.101
CT016260,Zone_07,Zone_02,0.1181,0.0871,0.1181,0.0923,0.0953,0.1026,0.1002,0.105,0.0864,0.116,0.0969
CT002968,Zone_04,Zone_06,0.1384,0.1069,0.081,0.095,0.0962,0.1021,0.1384,0.0835,0.1355,0.0696,0.0917
CT007870,Zone_08,Zone_09,0.1467,0.0906,0.0994,0.1031,0.0853,0.0852,0.1079,0.1034,0.0822,0.1467,0.0963
CT006504,Zone_07,Zone_06,0.1201,0.0898,0.1199,0.0885,0.0759,0.0893,0.1201,0.1005,0.0935,0.1182,0.1043
CT004196,Zone_07,Zone_02,0.1332,0.0798,0.1332,0.0922,0.1202,0.082,0.0973,0.0943,0.1261,0.0797,0.0953
CT009461,Zone_07,Zone_09,0.1359,0.0828,0.1032,0.0982,0.0913,0.113,0.081,0.0942,0.1153,0.1359,0.0851
CT002833,Zone_08,Zone_06,0.1515,0.091,0.0666,0.0889,0.0812,0.1333,0.1515,0.064,0.1129,0.0943,0.1162
CT017160,Zone_08,Zone_03,0.164,0.1154,0.1094,0.164,0.1366,0.1089,0.0493,0.1587,0.0806,0.0077,0.0694
CT013150,Zone_04,Zone_07,0.1332,0.1095,0.1045,0.0939,0.1191,0.117,0.0656,0.1332,0.0724,0.0962,0.0885
CT007875,Zone_07,Zone_09,0.1449,0.0806,0.111,0.0954,0.0808,0.0858,0.103,0.1051,0.0788,0.1449,0.1146
CT009714,Zone_07,Zone_06,0.1284,0.1123,0.0951,0.1162,0.0952,0.0735,0.1284,0.0959,0.1185,0.0436,0.1212
CT004752,Zone_07,Zone_09,0.1425,0.1054,0.0865,0.0942,0.1077,0.0914,0.0824,0.0925,0.1073,0.1425,0.09
CT012254,Zone_02,Zone_10,0.1308,0.1043,0.1219,0.0997,0.092,0.0844,0.0698,0.0917,0.1018,0.1037,0.1308
CT016754,Zone_08,Zone_08,0.129,0.0781,0.0867,0.1179,0.07,0.1172,0.111,0.0827,0.129,0.0828,0.1246
CT014857,Zone_08,Zone_02,0.1343,0.1116,0.1343,0.1168,0.1213,0.0951,0.0857,0.1287,0.0674,0.0682,0.0709
CT019568,Zone_01,Zone_09,0.1666,0.0767,0.132,0.087,0.0741,0.0974,0.092,0.088,0.0948,0.1666,0.0914
CT012180,Zone_05,Zone_09,0.1759,0.0675,0.0854,0.1151,0.1031,0.0528,0.0859,0.1231,0.1152,0.1759,0.0759
CT017142,Zone_02,Zone_09,0.1321,0.0901,0.0949,0.0821,0.0842,0.1097,0.1239,0.0741,0.1034,0.1321,0.1054
CT006514,Zone_07,Zone_09,0.1327,0.0961,0.0916,0.0891,0.0854,0.087,0.1157,0.1031,0.0964,0.1327,0.1028
CT009965,Zone_02,Zone_07,0.1371,0.1161,0.1275,0.0949,0.0973,0.0861,0.0556,0.1371,0.0662,0.1082,0.1111
CT006208,Zone_04,Zone_10,0.1194,0.0932,0.1187,0.1028,0.0866,0.1091,0.079,0.1124,0.1,0.0787,0.1194
CT008973,Zone_07,Zone_03,0.1165,0.0962,0.1163,0.1165,0.0845,0.1031,0.0931,0.0993,0.1012,0.0915,0.0982
CT009225,Zone_02,Zone_03,0.1157,0.108,0.0981,0.1157,0.1071,0.0899,0.1081,0.0803,0.1133,0.0892,0.0903
CT001559,Zone_08,Zone_02,0.1544,0.0949,0.1544,0.0803,0.1225,0.0714,0.1073,0.1076,0.1065,0.0437,0.1115
CT006414,Zone_10,Zone_07,0.1519,0.0789,0.1215,0.0899,0.1207,0.1074,0.0711,0.1519,0.0745,0.0886,0.0956
CT004788,Zone_07,Zone_01,0.1261,0.1261,0.106,0.0889,0.0963,0.0999,0.0944,0.0889,0.0868,0.1103,0.1024
CT018772,Zone_08,Zone_07,0.1245,0.0767,0.1046,0.1107,0.1175,0.047,0.1079,0.1245,0.1081,0.1204,0.0826
CT008651,Zone_04,Zone_07,0.131,0.0607,0.1011,0.116,0.0868,0.1188,0.1203,0.131,0.0827,0.0727,0.11
CT002119,Zone_03,Zone_09,0.1201,0.0968,0.0985,0.109,0.0735,0.1095,0.0884,0.0791,0.1168,0.1201,0.1082
CT002838,Zone_04,Zone_09,0.139,0.0793,0.0788,0.0821,0.0777,0.1233,0.1213,0.0901,0.0991,0.139,0.1094
CT001641,Zone_07,Zone_09,0.1412,0.1304,0.0774,0.0989,0.1023,0.101,0.0774,0.0974,0.0832,0.1412,0.0908
CT010984,Zone_03,Zone_06,0.1659,0.0851,0.0976,0.0937,0.0863,0.1081,0.1659,0.0786,0.1097,0.0767,0.0983
CT013553,Zone_02,Zone_09,0.1257,0.1039,0.1057,0.1051,0.0785,0.097,0.092,0.0806,0.1151,0.1257,0.0965
CT012629,Zone_04,Zone_09,0.1681,0.0917,0.0831,0.1032,0.0756,0.1095,0.0708,0.0749,0.1133,0.1681,0.1098
CT013513,Zone_07,Zone_09,0.147,0.1045,0.0692,0.093,0.1063,0.0845,0.127,0.0787,0.0936,0.147,0.0962
CT000402,Zone_06,Zone_05,0.1405,0.0777,0.0626,0.0969,0.0835,0.1405,0.0973,0.0754,0.1052,0.1311,0.1297
CT017399,Zone_07,Zone_09,0.1596,0.0823,0.0878,0.1243,0.0801,0.1008,0.0791,0.0776,0.1269,0.1596,0.0814
CT001582,Zone_04,Zone_09,0.1913,0.1004,0.0712,0.0886,0.0902,0.12,0.0719,0.0634,0.126,0.1913,0.077
CT015920,Zone_06,Zone_05,0.1355,0.0937,0.093,0.073,0.103,0.1355,0.0839,0.1084,0.0789,0.1079,0.1228
CT017298,Zone_05,Zone_10,0.1302,0.094,0.1234,0.0949,0.0954,0.1062,0.0755,0.1058,0.0974,0.0772,0.1302
CT006850,Zone_10,Zone_06,0.1333,0.1009,0.0749,0.0881,0.0874,0.0937,0.1333,0.0865,0.1103,0.1266,0.0984
CT009318,Zone_04,Zone_06,0.128,0.1008,0.0968,0.1154,0.08,0.0961,0.128,0.0932,0.121,0.06,0.1087
CT010170,Zone_03,Zone_03,0.1297,0.1033,0.1062,0.1297,0.0813,0.0879,0.0611,0.1045,0.102,0.1043,0.1196
CT002110,Zone_03,Zone_09,0.1358,0.1085,0.1049,0.0685,0.0852,0.1307,0.0882,0.0651,0.1222,0.1358,0.091
CT017357,Zone_08,Zone_01,0.1158,0.1158,0.0636,0.1034,0.107,0.1131,0.1041,0.1016,0.1058,0.1007,0.0849
CT008989,Zone_02,Zone_06,0.1203,0.0863,0.0911,0.1037,0.0823,0.1064,0.1203,0.0815,0.108,0.1191,0.1012
CT013666,Zone_04,Zone_08,0.1487,0.0787,0.074,0.1258,0.1326,0.1252,0.0985,0.0784,0.1487,0.0423,0.0958
CT004317,Zone_10,Zone_08,0.1285,0.1127,0.071,0.1266,0.0849,0.1169,0.0747,0.0759,0.1285,0.0974,0.1115
CT003305,Zone_07,Zone_01,0.1293,0.1293,0.071,0.0924,0.1035,0.0964,0.1179,0.1049,0.0938,0.102,0.0889
CT005459,Zone_01,Zone_03,0.144,0.0918,0.0968,0.144,0.0958,0.0629,0.1279,0.1115,0.101,0.08,0.0884
CT007699,Zone_03,Zone_09,0.1371,0.0911,0.0576,0.1014,0.0999,0.1081,0.1229,0.1022,0.0863,0.1371,0.0934
CT004664,Zone_03,Zone_09,0.1384,0.0896,0.0942,0.0889,0.0761,0.0927,0.1303,0.0869,0.1042,0.1384,0.0987
CT007153,Zone_09,Zone_03,0.1261,0.0854,0.1025,0.1261,0.0844,0.0728,0.1222,0.0911,0.1211,0.1016,0.0927
CT010402,Zone_03,Zone_09,0.2136,0.079,0.07,0.0703,0.0712,0.1183,0.109,0.0684,0.106,0.2136,0.0941
CT019224,Zone_08,Zone_10,0.1264,0.1141,0.1188,0.1235,0.0861,0.0884,0.0481,0.1102,0.0982,0.0861,0.1264
CT019138,Zone_07,Zone_01,0.1273,0.1273,0.1084,0.0864,0.0964,0.111,0.0948,0.0992,0.0847,0.0816,0.1103
CT018651,Zone_08,Zone_09,0.1406,0.0981,0.096,0.088,0.0889,0.1003,0.1158,0.0779,0.099,0.1406,0.0954
CT010016,Zone_03,Zone_05,0.1391,0.104,0.0778,0.0929,0.0761,0.1391,0.1245,0.0723,0.124,0.0577,0.1317
CT012973,Zone_07,Zone_01,0.1229,0.1229,0.1004,0.0948,0.092,0.1046,0.0916,0.0855,0.1175,0.0894,0.1013
CT018737,Zone_01,Zone_05,0.1176,0.1063,0.0759,0.096,0.096,0.1176,0.1022,0.0978,0.1149,0.1017,0.0917
CT004555,Zone_04,Zone_07,0.1294,0.0821,0.1041,0.1167,0.1141,0.074,0.1067,0.1294,0.0984,0.078,0.0966
CT003864,Zone_04,Zone_02,0.152,0.0966,0.152,0.1183,0.0859,0.0992,0.1176,0.0951,0.0795,0.0621,0.0938
CT006312,Zone_07,Zone_09,0.1798,0.0892,0.1044,0.1038,0.0873,0.0969,0.0725,0.0872,0.0908,0.1798,0.0881
CT005194,Zone_07,Zone_09,0.1842,0.1097,0.1095,0.0821,0.0841,0.088,0.0651,0.0858,0.0874,0.1842,0.1042
CT016171,Zone_07,Zone_01,0.1286,0.1286,0.1111,0.0879,0.096,0.1043,0.0948,0.0976,0.1155,0.062,0.1023
CT004862,Zone_07,Zone_09,0.1716,0.0898,0.1003,0.0915,0.1099,0.0944,0.1016,0.0821,0.0949,0.1716,0.0639
CT004187,Zone_03,Zone_07,0.1294,0.0962,0.0959,0.0893,0.1294,0.1209,0.0985,0.1294,0.0914,0.0569,0.092
CT015686,Zone_04,Zone_10,0.128,0.1175,0.0951,0.0808,0.1078,0.1077,0.0767,0.0903,0.1021,0.0938,0.128
CT009539,Zone_07,Zone_01,0.1427,0.1427,0.0902,0.0934,0.1231,0.111,0.0851,0.1051,0.0846,0.0479,0.1169
CT010516,Zone_01,Zone_10,0.1339,0.1005,0.1193,0.1,0.0841,0.0844,0.0815,0.0985,0.1056,0.0923,0.1339
CT019446,Zone_07,Zone_01,0.1181,0.1181,0.0829,0.0941,0.1104,0.1115,0.1014,0.0893,0.1122,0.0933,0.0869
CT012605,Zone_01,Zone_07,0.1637,0.0751,0.0978,0.1357,0.1337,0.0725,0.0655,0.1637,0.0909,0.0777,0.0874
CT017579,Zone_08,Zone_02,0.1289,0.0844,0.1289,0.0802,0.1094,0.0995,0.0852,0.093,0.1175,0.0754,0.1265
CT013342,Zone_03,Zone_06,0.1514,0.1089,0.0855,0.0783,0.0798,0.0917,0.1514,0.0778,0.1163,0.1235,0.0868
CT019056,Zone_07,Zone_04,0.1494,0.1,0.0923,0.0978,0.1494,0.1043,0.0997,0.0886,0.126,0.0375,0.1045
CT001944,Zone_01,Zone_03,0.1241,0.1065,0.1075,0.1241,0.1018,0.0801,0.1235,0.0904,0.1209,0.064,0.0812
CT013824,Zone_07,Zone_08,0.1171,0.1111,0.1046,0.1121,0.1019,0.0874,0.116,0.0863,0.1171,0.0779,0.0858
CT007231,Zone_04,Zone_01,0.1322,0.1322,0.0895,0.0842,0.1021,0.1124,0.105,0.098,0.0959,0.0955,0.0852
CT014288,Zone_03,Zone_09,0.2059,0.0712,0.0828,0.1266,0.0883,0.0682,0.0972,0.1027,0.0779,0.2059,0.0791
CT013004,Zone_08,Zone_03,0.1333,0.0656,0.1057,0.1333,0.0962,0.0897,0.1194,0.1057,0.1006,0.0982,0.0855
CT015930,Zone_03,Zone_04,0.1448,0.1025,0.116,0.081,0.1448,0.1026,0.1054,0.0895,0.1127,0.0641,0.0813
CT001895,Zone_04,Zone_07,0.1356,0.0973,0.0948,0.1254,0.1136,0.065,0.0926,0.1356,0.1056,0.0815,0.0885
CT005329,Zone_08,Zone_02,0.1486,0.0877,0.1486,0.121,0.1016,0.0742,0.0957,0.098,0.0636,0.1405,0.0691
CT016652,Zone_07,Zone_07,0.1382,0.074,0.1377,0.1036,0.1223,0.0998,0.1073,0.1382,0.0684,0.0633,0.0856
CT008286,Zone_03,Zone_07,0.1329,0.098,0.1226,0.0872,0.1039,0.0991,0.083,0.1329,0.0658,0.1083,0.0992
CT006166,Zone_07,Zone_07,0.1313,0.0921,0.0874,0.0911,0.122,0.1075,0.0843,0.1313,0.0971,0.091,0.0963
CT013571,Zone_04,Zone_03,0.1405,0.0753,0.081,0.1405,0.1104,0.1048,0.0807,0.1277,0.1014,0.0933,0.0848
CT007254,Zone_08,Zone_04,0.1417,0.0884,0.0685,0.11,0.1417,0.0805,0.0924,0.1047,0.1338,0.0902,0.09
CT000169,Zone_04,Zone_03,0.1371,0.1185,0.0728,0.1371,0.0893,0.0862,0.1155,0.0912,0.1302,0.0426,0.1164
CT018899,Zone_10,Zone_05,0.1276,0.1051,0.0912,0.091,0.0919,0.1276,0.1019,0.0827,0.1106,0.1219,0.076
CT014561,Zone_07,Zone_09,0.1486,0.0797,0.0847,0.1204,0.0641,0.1143,0.1024,0.0729,0.118,0.1486,0.095
CT011948,Zone_08,Zone_06,0.1335,0.0879,0.0811,0.1064,0.0945,0.0842,0.1335,0.0862,0.1128,0.1301,0.0832
CT016840,Zone_07,Zone_09,0.1341,0.117,0.0761,0.0984,0.1124,0.0969,0.0878,0.0863,0.1091,0.1341,0.0818
CT005034,Zone_08,Zone_03,0.1285,0.0968,0.0853,0.1285,0.078,0.0982,0.1123,0.1003,0.1247,0.0676,0.1085
CT007085,Zone_08,Zone_05,0.1171,0.1086,0.1161,0.0792,0.1092,0.1171,0.1006,0.0811,0.1002,0.0969,0.0909
CT008774,Zone_07,Zone_06,0.1221,0.0885,0.1013,0.0982,0.0768,0.0803,0.1221,0.0906,0.1182,0.103,0.121
CT004014,Zone_02,Zone_01,0.1354,0.1354,0.0974,0.0809,0.116,0.1161,0.1056,0.0861,0.1149,0.0548,0.0928
CT003695,Zone_08,Zone_08,0.1489,0.127,0.1121,0.0721,0.126,0.1102,0.1052,0.0718,0.1489,0.0206,0.1061
CT001373,Zone_08,Zone_09,0.1583,0.0944,0.1005,0.0706,0.0784,0.1424,0.0734,0.074,0.1078,0.1583,0.1002
CT014739,Zone_04,Zone_01,0.1304,0.1304,0.0761,0.1239,0.0893,0.1055,0.119,0.0853,0.1199,0.0423,0.1084
CT006890,Zone_08,Zone_06,0.1442,0.0755,0.1235,0.0708,0.1284,0.0915,0.1442,0.0736,0.1166,0.0991,0.0769
CT001734,Zone_04,Zone_01,0.1279,0.1279,0.0663,0.0958,0.1071,0.0815,0.1084,0.1058,0.092,0.1199,0.0953
CT000523,Zone_03,Zone_08,0.1618,0.0948,0.1025,0.1249,0.0882,0.0851,0.1366,0.0771,0.1618,0.0545,0.0745
CT015202,Zone_05,Zone_02,0.1424,0.0788,0.1424,0.0969,0.1094,0.0753,0.1155,0.1117,0.1181,0.0381,0.1139
CT009236,Zone_04,Zone_09,0.1304,0.1035,0.1073,0.0908,0.0855,0.1094,0.0666,0.1009,0.0827,0.1304,0.1228
CT008065,Zone_10,Zone_04,0.1451,0.1011,0.0809,0.0791,0.1451,0.1015,0.1017,0.1184,0.0946,0.0614,0.1163
CT011259,Zone_08,Zone_09,0.1324,0.0884,0.0828,0.113,0.1061,0.1142,0.0865,0.1072,0.0966,0.1324,0.0728
CT007058,Zone_03,Zone_09,0.2479,0.0855,0.1017,0.0738,0.0798,0.0817,0.0759,0.0953,0.082,0.2479,0.0765
CT002319,Zone_08,Zone_01,0.1193,0.1193,0.1065,0.0958,0.1143,0.1016,0.0717,0.0946,0.0862,0.1046,0.1054
CT015906,Zone_02,Zone_10,0.1299,0.1172,0.0772,0.1145,0.0833,0.1231,0.0765,0.0837,0.1218,0.0728,0.1299
CT005238,Zone_03,Zone_01,0.1208,0.1208,0.0887,0.0952,0.1065,0.11,0.1061,0.0972,0.1003,0.0842,0.091
CT003120,Zone_04,Zone_06,0.1178,0.089,0.088,0.1171,0.0765,0.1074,0.1178,0.0893,0.1087,0.1118,0.0944
CT017332,Zone_04,Zone_03,0.1148,0.1089,0.1095,0.1148,0.0922,0.0886,0.0749,0.1141,0.0852,0.0978,0.1139
CT008307,Zone_07,Zone_03,0.1562,0.0588,0.1006,0.1562,0.1227,0.0582,0.1076,0.1249,0.103,0.0982,0.0699
CT000176,Zone_02,Zone_05,0.1698,0.0665,0.0811,0.0818,0.1029,0.1698,0.1105,0.1044,0.1001,0.0646,0.1184
CT003191,Zone_01,Zone_09,0.1415,0.0827,0.0997,0.1044,0.0877,0.0739,0.1102,0.1101,0.0968,0.1415,0.093
CT002980,Zone_07,Zone_09,0.1625,0.1005,0.1058,0.1045,0.1087,0.0755,0.0666,0.0952,0.0899,0.1625,0.0909
CT012239,Zone_10,Zone_08,0.1289,0.0971,0.093,0.1268,0.0892,0.108,0.1061,0.0844,0.1289,0.0887,0.0777
CT010213,Zone_02,Zone_03,0.1318,0.0903,0.0738,0.1318,0.0783,0.0973,0.1046,0.0911,0.118,0.0973,0.1176
CT016506,Zone_07,Zone_07,0.1289,0.0759,0.1184,0.089,0.1238,0.0668,0.0922,0.1289,0.086,0.1157,0.1032
CT005173,Zone_07,Zone_01,0.1164,0.1164,0.1125,0.0897,0.1035,0.0888,0.0804,0.106,0.1001,0.0886,0.114
CT003960,Zone_05,Zone_07,0.1156,0.1152,0.1092,0.1139,0.0944,0.0876,0.0681,0.1156,0.0817,0.1002,0.1141
CT013321,Zone_01,Zone_04,0.1339,0.0929,0.0764,0.0901,0.1339,0.1264,0.0754,0.1325,0.0975,0.0824,0.0925
CT015471,Zone_01,Zone_06,0.1312,0.1136,0.0915,0.0939,0.1065,0.074,0.1312,0.072,0.1232,0.1058,0.0883
CT012371,Zone_06,Zone_05,0.1426,0.1038,0.0949,0.0921,0.106,0.1426,0.087,0.0823,0.1027,0.1039,0.0848
CT002070,Zone_07,Zone_06,0.1272,0.0833,0.0708,0.1061,0.1015,0.1118,0.1272,0.1049,0.0918,0.0933,0.1092
CT011261,Zone_07,Zone_09,0.1414,0.121,0.0786,0.0784,0.1041,0.1058,0.0743,0.1223,0.0796,0.1414,0.0945
CT002322,Zone_02,Zone_10,0.1319,0.1043,0.1116,0.0847,0.0907,0.0934,0.0899,0.1026,0.0852,0.1056,0.1319
CT013048,Zone_08,Zone_09,0.1954,0.0955,0.0919,0.0727,0.0785,0.111,0.0823,0.0776,0.0995,0.1954,0.0956
CT016313,Zone_06,Zone_07,0.1313,0.0805,0.1179,0.074,0.1243,0.115,0.0709,0.1313,0.0761,0.0944,0.1157
CT010421,Zone_01,Zone_03,0.1335,0.1017,0.0931,0.1335,0.0854,0.0572,0.1172,0.1236,0.1066,0.0767,0.105
CT016854,Zone_08,Zone_05,0.1356,0.0825,0.0835,0.0876,0.0875,0.1356,0.1117,0.1,0.1002,0.1085,0.1029
CT012747,Zone_07,Zone_09,0.1366,0.1013,0.0926,0.0843,0.097,0.1066,0.0719,0.1127,0.0851,0.1366,0.1121
CT014302,Zone_07,Zone_04,0.1358,0.0914,0.1021,0.1227,0.1358,0.0604,0.1033,0.1244,0.1076,0.0669,0.0855
CT004088,Zone_08,Zone_05,0.1264,0.1234,0.1246,0.0738,0.0882,0.1264,0.0748,0.091,0.1082,0.0921,0.0976
CT004644,Zone_02,Zone_09,0.1504,0.0908,0.1109,0.0823,0.0948,0.1048,0.0818,0.0859,0.1019,0.1504,0.0966
CT006406,Zone_08,Zone_02,0.128,0.0887,0.128,0.1136,0.0826,0.0896,0.09,0.0906,0.1046,0.1071,0.1053
CT003727,Zone_10,Zone_05,0.1363,0.1051,0.0772,0.1143,0.0964,0.1363,0.0655,0.0865,0.1207,0.0859,0.1122
CT007704,Zone_08,Zone_09,0.1191,0.1149,0.0742,0.0998,0.1065,0.1072,0.0685,0.1117,0.1097,0.1191,0.0884
CT006916,Zone_07,Zone_07,0.1157,0.1103,0.0721,0.1083,0.109,0.0956,0.0903,0.1157,0.1119,0.0898,0.097
CT011670,Zone_07,Zone_03,0.1422,0.0822,0.1137,0.1422,0.1013,0.0785,0.0983,0.1252,0.0749,0.085,0.0987
CT002490,Zone_08,Zone_09,0.1989,0.1086,0.0964,0.0824,0.0799,0.0947,0.0604,0.0738,0.0956,0.1989,0.1093
CT010197,Zone_03,Zone_06,0.1641,0.0821,0.0845,0.0836,0.1206,0.1084,0.1641,0.0848,0.1134,0.0626,0.0959
CT008100,Zone_10,Zone_07,0.1295,0.0754,0.1163,0.1017,0.104,0.0942,0.0826,0.1295,0.0875,0.1004,0.1084
CT019757,Zone_03,Zone_09,0.1389,0.0786,0.1073,0.1135,0.083,0.0938,0.1022,0.1054,0.0938,0.1389,0.0835
CT011778,Zone_04,Zone_10,0.1339,0.0887,0.1131,0.0845,0.1283,0.0793,0.12,0.0882,0.118,0.0461,0.1339
CT006101,Zone_07,Zone_01,0.1276,0.1276,0.1088,0.0878,0.0989,0.1014,0.0671,0.1123,0.0787,0.1138,0.1037
CT000474,Zone_03,Zone_07,0.1159,0.0886,0.1116,0.0744,0.1093,0.0978,0.0897,0.1159,0.089,0.112,0.1117
CT012953,Zone_04,Zone_10,0.1353,0.1125,0.0956,0.1006,0.088,0.0947,0.0701,0.0983,0.1097,0.0951,0.1353
CT010257,Zone_07,Zone_07,0.1184,0.083,0.0891,0.1113,0.1063,0.1167,0.0999,0.1184,0.103,0.0657,0.1067
CT003267,Zone_01,Zone_03,0.1481,0.1183,0.0744,0.1481,0.0971,0.0856,0.0767,0.0962,0.1166,0.0571,0.13
CT017246,Zone_04,Zone_01,0.1278,0.1278,0.094,0.1016,0.1127,0.1064,0.0397,0.0911,0.1089,0.108,0.1097
CT015739,Zone_03,Zone_04,0.1237,0.1006,0.1055,0.0818,0.1237,0.1112,0.0994,0.1108,0.0893,0.0653,0.1125
CT015213,Zone_08,Zone_03,0.1439,0.1124,0.085,0.1439,0.1007,0.0669,0.1287,0.0882,0.1429,0.0555,0.0758
CT013225,Zone_08,Zone_06,0.1377,0.0615,0.1302,0.1056,0.1123,0.0814,0.1377,0.0992,0.1214,0.0285,0.1221
CT006804,Zone_05,Zone_09,0.1524,0.0763,0.0911,0.1115,0.0797,0.1071,0.1046,0.0889,0.1111,0.1524,0.0773
CT007304,Zone_08,Zone_06,0.1345,0.1059,0.1168,0.1073,0.0968,0.0831,0.1345,0.1003,0.0943,0.054,0.1071
CT009292,Zone_07,Zone_09,0.1664,0.0939,0.07,0.1028,0.0791,0.0768,0.1244,0.0954,0.094,0.1664,0.0971
CT011993,Zone_07,Zone_06,0.165,0.0758,0.1424,0.0682,0.1114,0.0923,0.165,0.0839,0.1138,0.0426,0.1046
CT012935,Zone_09,Zone_02,0.1465,0.0673,0.1465,0.0848,0.1455,0.1163,0.11,0.099,0.0823,0.0524,0.0958
CT012298,Zone_02,Zone_02,0.1284,0.0946,0.1284,0.1149,0.0991,0.1016,0.0802,0.115,0.0862,0.0607,0.1193
CT015029,Zone_07,Zone_06,0.1406,0.0776,0.0633,0.1099,0.0748,0.116,0.1406,0.0847,0.0965,0.1261,0.1104
CT005982,Zone_07,Zone_05,0.1361,0.1065,0.1057,0.0882,0.0912,0.1361,0.0868,0.0935,0.104,0.072,0.1161
CT015209,Zone_04,Zone_04,0.1367,0.094,0.0927,0.0752,0.1367,0.1136,0.1236,0.086,0.1231,0.0392,0.1159
CT004353,Zone_07,Zone_08,0.1561,0.1336,0.0932,0.0948,0.1018,0.1177,0.0811,0.0773,0.1561,0.064,0.0803
CT015896,Zone_07,Zone_06,0.1528,0.1165,0.0818,0.0743,0.0843,0.1372,0.1528,0.0677,0.1249,0.05,0.1105
CT004904,Zone_07,Zone_09,0.1625,0.0864,0.093,0.1183,0.0788,0.118,0.0713,0.0706,0.1151,0.1625,0.086
CT017327,Zone_06,Zone_09,0.1362,0.1063,0.1062,0.0869,0.0929,0.1066,0.0918,0.0899,0.0849,0.1362,0.0981
CT006925,Zone_04,Zone_06,0.1266,0.1047,0.1093,0.0999,0.0926,0.0966,0.1266,0.0755,0.1251,0.1032,0.0665
CT016949,Zone_01,Zone_05,0.1495,0.1094,0.0957,0.0763,0.0957,0.1495,0.0744,0.0894,0.0833,0.1162,0.1101
CT013803,Zone_03,Zone_06,0.1266,0.1131,0.1061,0.1026,0.0959,0.0789,0.1266,0.0924,0.1144,0.0564,0.1138
CT018163,Zone_10,Zone_09,0.1404,0.0887,0.075,0.089,0.1034,0.109,0.1269,0.0983,0.083,0.1404,0.0864
CT010138,Zone_08,Zone_07,0.1482,0.0849,0.1113,0.0882,0.1059,0.1184,0.0652,0.1482,0.0747,0.0851,0.118
CT002115,Zone_02,Zone_08,0.1334,0.057,0.1185,0.1283,0.1275,0.0876,0.1086,0.0989,0.1334,0.0416,0.0987
CT011675,Zone_02,Zone_07,0.1325,0.1206,0.0702,0.1141,0.102,0.1179,0.0731,0.1325,0.0949,0.0696,0.1049
CT012938,Zone_04,Zone_08,0.1377,0.0933,0.089,0.1111,0.083,0.1229,0.1374,0.0722,0.1377,0.0716,0.0818
CT006231,Zone_06,Zone_05,0.172,0.1009,0.0907,0.0902,0.0899,0.172,0.0766,0.1014,0.0821,0.0785,0.1177
CT013934,Zone_08,Zone_09,0.1239,0.0976,0.1044,0.1008,0.0813,0.0878,0.0939,0.1012,0.0906,0.1239,0.1186
CT019149,Zone_04,Zone_05,0.1575,0.1061,0.0752,0.0932,0.0956,0.1575,0.0855,0.0911,0.0996,0.0884,0.1077
CT007630,Zone_07,Zone_06,0.1397,0.0787,0.0954,0.0932,0.0993,0.1156,0.1397,0.1014,0.1011,0.0674,0.1082
CT000367,Zone_07,Zone_05,0.1247,0.0955,0.0929,0.0993,0.0778,0.1247,0.0963,0.0853,0.1019,0.1208,0.1055
CT000429,Zone_02,Zone_10,0.1243,0.1027,0.0929,0.0883,0.0904,0.1072,0.0847,0.0933,0.1134,0.1027,0.1243
CT013840,Zone_07,Zone_07,0.1336,0.1095,0.0909,0.1123,0.0949,0.0906,0.0806,0.1336,0.0991,0.0949,0.0936
CT007482,Zone_06,Zone_06,0.1679,0.0865,0.1052,0.0806,0.1166,0.0986,0.1679,0.0696,0.1213,0.046,0.1077
CT012396,Zone_05,Zone_08,0.1385,0.1178,0.1105,0.0849,0.0963,0.1021,0.126,0.0855,0.1385,0.0482,0.0902
CT003876,Zone_08,Zone_06,0.1427,0.1009,0.1051,0.0973,0.0896,0.0867,0.1427,0.1216,0.0869,0.0619,0.1073
CT004107,Zone_07,Zone_03,0.1113,0.1022,0.0966,0.1113,0.1083,0.1109,0.0938,0.0874,0.0904,0.1099,0.0893
CT004609,Zone_03,Zone_09,0.1301,0.1137,0.1001,0.0773,0.0925,0.094,0.082,0.1062,0.0888,0.1301,0.1154
CT019730,Zone_08,Zone_03,0.1334,0.0958,0.0928,0.1334,0.0725,0.1016,0.0827,0.0853,0.1181,0.1213,0.0965
CT005384,Zone_01,Zone_10,0.1103,0.1058,0.0923,0.1004,0.087,0.1065,0.0926,0.0964,0.1045,0.1043,0.1103
CT014478,Zone_07,Zone_02,0.1235,0.0984,0.1235,0.0874,0.0819,0.1067,0.0731,0.1022,0.0948,0.1195,0.1125
CT005160,Zone_04,Zone_09,0.1596,0.1001,0.1043,0.0876,0.0752,0.0861,0.0947,0.0805,0.1107,0.1596,0.1012
CT018917,Zone_05,Zone_01,0.1412,0.1412,0.0944,0.0871,0.094,0.1215,0.1024,0.0873,0.1017,0.0686,0.1017
CT013908,Zone_08,Zone_01,0.1396,0.1396,0.1148,0.0894,0.104,0.1067,0.0926,0.083,0.1023,0.0592,0.1085
CT016425,Zone_07,Zone_02,0.137,0.1111,0.137,0.0918,0.1092,0.0925,0.0731,0.1074,0.0812,0.0958,0.101
CT006573,Zone_08,Zone_06,0.1342,0.0887,0.125,0.0984,0.0931,0.0989,0.1342,0.0793,0.0899,0.117,0.0756
CT009051,Zone_03,Zone_05,0.1308,0.1227,0.0863,0.0785,0.1006,0.1308,0.1243,0.0769,0.0982,0.0643,0.1175
CT004104,Zone_04,Zone_09,0.12,0.0877,0.091,0.1126,0.0982,0.0996,0.1098,0.0936,0.1037,0.12,0.0838
CT004529,Zone_04,Zone_09,0.1764,0.1045,0.0885,0.0823,0.1116,0.0923,0.0692,0.0995,0.1051,0.1764,0.0705
CT003080,Zone_04,Zone_01,0.132,0.132,0.0897,0.0895,0.1107,0.1164,0.1004,0.1093,0.0907,0.0515,0.1098
CT011148,Zone_02,Zone_06,0.1332,0.1256,0.086,0.0952,0.0951,0.0765,0.1332,0.1031,0.0925,0.0874,0.1053
CT009496,Zone_03,Zone_09,0.1209,0.1053,0.0852,0.0919,0.1033,0.0987,0.0792,0.1182,0.0767,0.1209,0.1207
CT018393,Zone_01,Zone_05,0.1306,0.0888,0.0917,0.089,0.0811,0.1306,0.1201,0.083,0.1016,0.0955,0.1186
CT007541,Zone_10,Zone_09,0.1371,0.08,0.1145,0.1109,0.0851,0.0868,0.0791,0.0906,0.1096,0.1371,0.1065
CT003980,Zone_07,Zone_07,0.1418,0.0878,0.1116,0.1223,0.0941,0.0857,0.1095,0.1418,0.0731,0.0966,0.0777
CT016162,Zone_04,Zone_03,0.1356,0.0614,0.0981,0.1356,0.1246,0.0645,0.1282,0.1337,0.1029,0.0649,0.086
CT005811,Zone_07,Zone_09,0.1283,0.096,0.0768,0.0922,0.088,0.1269,0.0797,0.1027,0.0917,0.1283,0.1176
CT004265,Zone_07,Zone_04,0.1391,0.111,0.0826,0.1066,0.1391,0.0602,0.0689,0.1226,0.1076,0.0887,0.1126
CT002298,Zone_02,Zone_09,0.1541,0.1068,0.0582,0.1048,0.1138,0.0884,0.0916,0.1078,0.0877,0.1541,0.0869
CT005476,Zone_03,Zone_02,0.1189,0.1102,0.1189,0.1159,0.1177,0.0771,0.1058,0.1185,0.0797,0.0857,0.0705
CT000892,Zone_10,Zone_05,0.114,0.1119,0.0901,0.0905,0.1019,0.114,0.0806,0.1065,0.0908,0.0999,0.1138
CT007667,Zone_07,Zone_03,0.1233,0.1125,0.1034,0.1233,0.0829,0.1058,0.0812,0.0989,0.1081,0.072,0.1119
CT010793,Zone_07,Zone_06,0.1323,0.0732,0.1234,0.0887,0.1286,0.1148,0.1323,0.1009,0.0982,0.0251,0.1148
CT013985,Zone_10,Zone_04,0.1351,0.1084,0.1009,0.0965,0.1351,0.113,0.0832,0.1079,0.1225,0.0314,0.101
CT003668,Zone_03,Zone_02,0.1262,0.0796,0.1262,0.0797,0.114,0.0888,0.1248,0.0865,0.1167,0.0677,0.1161
CT004759,Zone_02,Zone_09,0.135,0.0986,0.1127,0.0846,0.0897,0.0957,0.1169,0.0863,0.0792,0.135,0.1015
CT002621,Zone_07,Zone_10,0.1352,0.0953,0.0964,0.0962,0.0869,0.0917,0.1,0.0833,0.111,0.1041,0.1352
CT014877,Zone_06,Zone_09,0.1845,0.0807,0.0709,0.1018,0.0944,0.0846,0.0931,0.1166,0.0848,0.1845,0.0887
CT008558,Zone_08,Zone_03,0.1458,0.1036,0.1152,0.1458,0.0851,0.0675,0.1027,0.118,0.1032,0.0507,0.1083
CT009183,Zone_08,Zone_06,0.1312,0.126,0.0962,0.1,0.0926,0.1198,0.1312,0.0926,0.0844,0.067,0.0902
CT008366,Zone_10,Zone_02,0.1386,0.1098,0.1386,0.0892,0.0839,0.0902,0.0661,0.1153,0.0846,0.108,0.1142
CT005257,Zone_08,Zone_09,0.1361,0.0963,0.0979,0.0995,0.082,0.0667,0.1249,0.1139,0.0877,0.1361,0.095
CT019248,Zone_07,Zone_08,0.1207,0.1141,0.1025,0.1137,0.093,0.0825,0.1153,0.092,0.1207,0.0625,0.1038
CT010510,Zone_07,Zone_06,0.1314,0.0803,0.0899,0.122,0.1287,0.0841,0.1314,0.0955,0.1247,0.052,0.0914
CT016053,Zone_10,Zone_10,0.1222,0.1061,0.0884,0.0958,0.1001,0.1007,0.0806,0.1045,0.0971,0.1044,0.1222
CT001623,Zone_07,Zone_02,0.1728,0.1172,0.1728,0.1309,0.1202,0.1045,0.0694,0.1281,0.0714,0.036,0.0496
CT018389,Zone_07,Zone_10,0.1287,0.1065,0.0805,0.1038,0.0965,0.1056,0.0824,0.1071,0.1118,0.0771,0.1287
CT008515,Zone_05,Zone_03,0.1113,0.086,0.0915,0.1113,0.0973,0.1082,0.1092,0.093,0.1056,0.1016,0.0965
CT009442,Zone_10,Zone_10,0.1308,0.1064,0.0944,0.1035,0.1101,0.1204,0.104,0.0841,0.0894,0.0569,0.1308
CT017955,Zone_09,Zone_06,0.1544,0.0836,0.1224,0.0893,0.0818,0.0961,0.1544,0.1055,0.0754,0.0997,0.0919
CT016258,Zone_03,Zone_07,0.138,0.0797,0.0865,0.1301,0.1348,0.0715,0.0939,0.138,0.1055,0.0685,0.0916
CT018617,Zone_02,Zone_07,0.1241,0.0978,0.107,0.0836,0.1148,0.106,0.1091,0.1241,0.0916,0.0458,0.1202
CT010955,Zone_06,Zone_09,0.1528,0.1062,0.1191,0.0789,0.0978,0.0926,0.0776,0.0925,0.085,0.1528,0.0975
CT012905,Zone_03,Zone_09,0.117,0.0866,0.115,0.1033,0.1064,0.1114,0.0941,0.0997,0.0792,0.117,0.0875
CT011705,Zone_03,Zone_09,0.114,0.1011,0.095,0.0877,0.0893,0.1027,0.1099,0.0977,0.0979,0.114,0.1047
CT009210,Zone_07,Zone_10,0.1353,0.1217,0.1226,0.1049,0.0889,0.0924,0.0474,0.103,0.0936,0.0901,0.1353
CT010744,Zone_07,Zone_09,0.2579,0.0668,0.1032,0.0646,0.0748,0.1061,0.115,0.065,0.076,0.2579,0.0706
CT001575,Zone_03,Zone_04,0.1339,0.0848,0.0634,0.0879,0.1339,0.096,0.1313,0.0863,0.1217,0.0797,0.1151
CT009750,Zone_03,Zone_07,0.1429,0.0956,0.1055,0.0752,0.1293,0.0946,0.1063,0.1429,0.0905,0.0501,0.1099
CT019603,Zone_09,Zone_04,0.139,0.1056,0.0777,0.1097,0.139,0.0612,0.0927,0.1347,0.1091,0.084,0.0862
CT017224,Zone_04,Zone_02,0.1296,0.1154,0.1296,0.0977,0.104,0.0779,0.0948,0.1215,0.0982,0.0518,0.1091
CT003952,Zone_10,Zone_06,0.1246,0.1078,0.1117,0.0882,0.0843,0.1002,0.1246,0.0944,0.0996,0.0925,0.0967
CT002709,Zone_01,Zone_09,0.1408,0.1031,0.1135,0.11,0.1007,0.0803,0.0809,0.0942,0.0892,0.1408,0.0874
CT017740,Zone_07,Zone_04,0.1375,0.0962,0.1268,0.0956,0.1375,0.1057,0.0873,0.0898,0.1179,0.0423,0.1008
CT004834,Zone_07,Zone_05,0.1621,0.078,0.0982,0.0739,0.0853,0.1621,0.1218,0.0747,0.0828,0.1175,0.1057
CT007659,Zone_03,Zone_03,0.1244,0.0625,0.1133,0.1244,0.1022,0.0964,0.1209,0.1006,0.0848,0.1033,0.0917
CT014138,Zone_10,Zone_07,0.1242,0.1026,0.1187,0.1025,0.0849,0.0767,0.0895,0.1242,0.0936,0.1055,0.1017
CT013936,Zone_08,Zone_02,0.1481,0.1369,0.1481,0.1061,0.1155,0.1138,0.0522,0.0654,0.1156,0.0448,0.1015
CT010186,Zone_03,Zone_01,0.1217,0.1217,0.1168,0.0891,0.1061,0.0842,0.069,0.0998,0.0768,0.1185,0.118
CT001566,Zone_08,Zone_08,0.1265,0.0957,0.0883,0.1011,0.0838,0.1012,0.1122,0.0716,0.1265,0.1259,0.0938
CT006901,Zone_05,Zone_09,0.1378,0.092,0.0761,0.0941,0.1085,0.089,0.1201,0.1172,0.0835,0.1378,0.0818
CT009170,Zone_04,Zone_03,0.1331,0.0845,0.0814,0.1331,0.1092,0.0612,0.0993,0.1311,0.105,0.08,0.1152
CT001644,Zone_01,Zone_06,0.1367,0.0923,0.1147,0.0829,0.0854,0.0983,0.1367,0.0996,0.0839,0.1011,0.1051
CT018640,Zone_09,Zone_05,0.1362,0.1004,0.0674,0.1125,0.0788,0.1362,0.1318,0.0733,0.1111,0.0862,0.1023
CT011698,Zone_07,Zone_08,0.1374,0.0816,0.1027,0.1063,0.1142,0.0983,0.1022,0.0985,0.1374,0.0404,0.1184
CT013858,Zone_04,Zone_09,0.228,0.078,0.0756,0.0697,0.1001,0.0921,0.1065,0.0825,0.0787,0.228,0.0888
CT008036,Zone_07,Zone_06,0.1333,0.0943,0.1284,0.0752,0.0803,0.0786,0.1333,0.1005,0.0918,0.1119,0.1057
CT000620,Zone_02,Zone_02,0.1259,0.1056,0.1259,0.092,0.0947,0.0654,0.1185,0.1007,0.1048,0.0689,0.1235
CT005000,Zone_08,Zone_03,0.1219,0.0891,0.0919,0.1219,0.0769,0.0952,0.1196,0.0903,0.0992,0.1115,0.1042
CT013835,Zone_07,Zone_03,0.1254,0.1068,0.0753,0.1254,0.1011,0.1168,0.0939,0.0951,0.1084,0.0794,0.0978
CT013161,Zone_02,Zone_03,0.1445,0.098,0.1211,0.1445,0.1276,0.0684,0.0818,0.1009,0.1019,0.0716,0.0841
CT014410,Zone_08,Zone_09,0.1304,0.0849,0.0875,0.097,0.0924,0.1286,0.1131,0.074,0.0998,0.1304,0.0924
CT004673,Zone_02,Zone_10,0.1292,0.0682,0.1092,0.0928,0.1109,0.121,0.0989,0.0988,0.1159,0.0551,0.1292
CT014750,Zone_06,Zone_02,0.1285,0.0949,0.1285,0.1153,0.0992,0.1014,0.0798,0.1153,0.0861,0.0602,0.1194
CT010241,Zone_04,Zone_02,0.1254,0.0907,0.1254,0.1251,0.0907,0.0936,0.0861,0.1127,0.0935,0.0764,0.1057
CT005552,Zone_02,Zone_03,0.1176,0.1089,0.0988,0.1176,0.1077,0.1016,0.0715,0.1006,0.0906,0.1021,0.1005
CT013890,Zone_03,Zone_05,0.1378,0.1056,0.0978,0.096,0.0947,0.1378,0.0772,0.1004,0.095,0.089,0.1063
CT009851,Zone_04,Zone_01,0.1256,0.1256,0.0856,0.0991,0.105,0.1135,0.0958,0.0949,0.1125,0.0922,0.0756
CT009117,Zone_03,Zone_09,0.1254,0.1056,0.0921,0.0976,0.104,0.0922,0.0732,0.0981,0.1185,0.1254,0.0933
CT000914,Zone_10,Zone_01,0.1286,0.1286,0.1178,0.0855,0.0795,0.1032,0.0623,0.0926,0.1174,0.1236,0.0894
CT008781,Zone_07,Zone_06,0.1381,0.0712,0.1047,0.0985,0.0876,0.1099,0.1381,0.0768,0.0972,0.1306,0.0854
CT006854,Zone_08,Zone_05,0.1469,0.0865,0.1218,0.0741,0.1202,0.1469,0.0876,0.1195,0.078,0.064,0.1015
CT004665,Zone_07,Zone_08,0.1323,0.0772,0.1074,0.095,0.118,0.0991,0.1283,0.0794,0.1323,0.0513,0.1119
CT018249,Zone_06,Zone_06,0.1449,0.111,0.0768,0.077,0.0834,0.1099,0.1449,0.0713,0.1075,0.1161,0.102
CT018001,Zone_03,Zone_05,0.1272,0.0886,0.1134,0.0805,0.0921,0.1272,0.118,0.1047,0.0822,0.0937,0.0995
CT009980,Zone_03,Zone_09,0.1274,0.1188,0.0832,0.0933,0.0949,0.0874,0.1116,0.092,0.0861,0.1274,0.1053
CT013741,Zone_07,Zone_01,0.1475,0.1475,0.0991,0.085,0.1088,0.1152,0.079,0.0856,0.1343,0.0742,0.0714
CT018776,Zone_08,Zone_04,0.1369,0.0914,0.0713,0.0981,0.1369,0.1243,0.0824,0.1223,0.1072,0.061,0.1051
CT011895,Zone_02,Zone_05,0.1146,0.1076,0.0757,0.086,0.1062,0.1146,0.1045,0.0921,0.1118,0.1015,0.1
CT005849,Zone_03,Zone_07,0.1423,0.0762,0.1181,0.0871,0.1417,0.0877,0.0584,0.1423,0.0805,0.1014,0.1066
CT014991,Zone_06,Zone_10,0.1364,0.1099,0.1147,0.0948,0.0894,0.0971,0.0502,0.0891,0.0938,0.1246,0.1364
CT015678,Zone_02,Zone_01,0.1348,0.1348,0.0964,0.1011,0.102,0.0982,0.0678,0.0812,0.103,0.0813,0.1343
CT006291,Zone_07,Zone_05,0.1217,0.1,0.094,0.0912,0.1047,0.1217,0.0951,0.0908,0.0876,0.1112,0.1036
CT004338,Zone_02,Zone_10,0.124,0.1044,0.1078,0.1086,0.082,0.1025,0.101,0.0963,0.1124,0.061,0.124
CT012599,Zone_08,Zone_05,0.1407,0.1074,0.0695,0.1012,0.0946,0.1407,0.1163,0.0732,0.1009,0.0557,0.1405
CT007341,Zone_07,Zone_02,0.1394,0.0757,0.1394,0.0738,0.1094,0.092,0.1179,0.0981,0.1021,0.0667,0.125
CT009705,Zone_04,Zone_04,0.1332,0.0774,0.1295,0.1081,0.1332,0.0744,0.1023,0.0974,0.1211,0.05,0.1065
CT003318,Zone_03,Zone_10,0.124,0.1066,0.0998,0.0939,0.0805,0.1165,0.082,0.0927,0.1149,0.0891,0.124
CT014931,Zone_04,Zone_05,0.1265,0.1096,0.1082,0.0677,0.0964,0.1265,0.1128,0.0963,0.1125,0.0704,0.0996
CT015194,Zone_04,Zone_05,0.1266,0.1097,0.1089,0.0759,0.0864,0.1266,0.094,0.1017,0.0795,0.1155,0.102
CT011100,Zone_08,Zone_10,0.1236,0.1134,0.1107,0.0902,0.1066,0.0893,0.0876,0.1044,0.1036,0.0705,0.1236
CT007927,Zone_01,Zone_09,0.1611,0.0914,0.0844,0.085,0.0941,0.0927,0.12,0.0882,0.1013,0.1611,0.0817
CT012374,Zone_02,Zone_03,0.1202,0.0748,0.1062,0.1202,0.0845,0.1139,0.119,0.0966,0.0831,0.1085,0.0932
CT015055,Zone_07,Zone_09,0.1143,0.0944,0.0885,0.1108,0.0787,0.0991,0.1119,0.0937,0.0979,0.1143,0.1106
CT006319,Zone_08,Zone_08,0.1385,0.1078,0.0856,0.0914,0.0849,0.1202,0.1334,0.0838,0.1385,0.0783,0.0761
CT003115,Zone_08,Zone_09,0.1232,0.1052,0.1067,0.1009,0.11,0.1038,0.0838,0.0786,0.0983,0.1232,0.0895
CT014272,Zone_07,Zone_09,0.1719,0.1048,0.1307,0.0851,0.0825,0.0715,0.0785,0.0884,0.0927,0.1719,0.0939
CT016088,Zone_02,Zone_09,0.1265,0.0961,0.1152,0.1132,0.1095,0.0611,0.11,0.0837,0.115,0.1265,0.0697
CT008715,Zone_02,Zone_05,0.134,0.11,0.0793,0.1079,0.0839,0.134,0.0665,0.0837,0.116,0.1226,0.0961
CT005403,Zone_05,Zone_09,0.173,0.0944,0.091,0.0729,0.0984,0.1099,0.067,0.1019,0.0754,0.173,0.1161
CT001118,Zone_07,Zone_06,0.1532,0.0825,0.1205,0.0861,0.0896,0.1155,0.1532,0.0729,0.0887,0.1015,0.0895
CT014203,Zone_07,Zone_06,0.137,0.1119,0.1131,0.0676,0.0847,0.1157,0.137,0.0743,0.116,0.0864,0.0933
CT013603,Zone_08,Zone_03,0.1327,0.0973,0.0747,0.1327,0.1064,0.081,0.126,0.1083,0.1045,0.0832,0.0859
CT017056,Zone_01,Zone_06,0.1258,0.0843,0.0904,0.0993,0.0946,0.0998,0.1258,0.0861,0.1002,0.1186,0.1009
CT002208,Zone_08,Zone_06,0.1444,0.0953,0.088,0.0818,0.1174,0.1017,0.1444,0.0761,0.1356,0.0457,0.114
CT006221,Zone_08,Zone_02,0.1397,0.0727,0.1397,0.0923,0.108,0.0888,0.1159,0.0875,0.1056,0.0773,0.1121
CT019685,Zone_08,Zone_08,0.1164,0.0835,0.0903,0.1059,0.106,0.0836,0.0911,0.1115,0.1164,0.1094,0.1024
CT003530,Zone_08,Zone_08,0.1316,0.1127,0.0693,0.1262,0.0992,0.1054,0.091,0.1022,0.1316,0.0555,0.1068
CT015892,Zone_08,Zone_02,0.1409,0.0858,0.1409,0.0841,0.1353,0.0884,0.0809,0.0889,0.1178,0.0746,0.1034
CT009276,Zone_02,Zone_03,0.1328,0.0836,0.0867,0.1328,0.0954,0.1004,0.1068,0.0984,0.1067,0.1041,0.0852
CT011499,Zone_07,Zone_02,0.1181,0.1035,0.1181,0.1049,0.0979,0.1082,0.1176,0.103,0.0769,0.071,0.0989
CT005250,Zone_07,Zone_07,0.1512,0.1023,0.0875,0.1284,0.1249,0.052,0.0686,0.1512,0.1033,0.0775,0.1043
CT000830,Zone_04,Zone_09,0.1423,0.0709,0.1106,0.0884,0.1286,0.0827,0.1109,0.099,0.0976,0.1423,0.0689
CT019390,Zone_04,Zone_04,0.1403,0.1131,0.1316,0.1209,0.1403,0.1316,0.0421,0.0774,0.0866,0.0682,0.0883
CT014381,Zone_07,Zone_09,0.1334,0.1035,0.082,0.0887,0.093,0.0774,0.1311,0.1124,0.0935,0.1334,0.0851
CT016812,Zone_10,Zone_10,0.1245,0.1031,0.0783,0.1142,0.0874,0.0972,0.0996,0.1107,0.1026,0.0823,0.1245
CT008883,Zone_07,Zone_05,0.1352,0.1214,0.0765,0.1014,0.1062,0.1352,0.0876,0.0967,0.0944,0.0737,0.107
CT013493,Zone_07,Zone_06,0.134,0.1153,0.0885,0.0822,0.0971,0.0932,0.134,0.0817,0.1086,0.1015,0.0979
CT019104,Zone_08,Zone_01,0.1373,0.1373,0.0869,0.0996,0.0959,0.1092,0.0634,0.1023,0.1103,0.0998,0.0952
CT011223,Zone_02,Zone_01,0.1495,0.1495,0.1059,0.1156,0.1251,0.0928,0.0742,0.1162,0.0869,0.0398,0.0941
CT014474,Zone_02,Zone_01,0.1188,0.1188,0.1169,0.1032,0.1148,0.1027,0.1002,0.108,0.0828,0.0525,0.0999
CT015843,Zone_08,Zone_05,0.1202,0.1148,0.077,0.1114,0.0908,0.1202,0.0939,0.1068,0.0872,0.0828,0.1151
CT014644,Zone_07,Zone_06,0.137,0.0753,0.1049,0.0896,0.1092,0.1018,0.137,0.0859,0.1284,0.0484,0.1195
CT005539,Zone_05,Zone_03,0.1488,0.1354,0.1024,0.1488,0.1096,0.0722,0.109,0.1206,0.1138,0.0203,0.0678
CT011815,Zone_08,Zone_08,0.1272,0.113,0.1049,0.0823,0.1245,0.1148,0.1076,0.0846,0.1272,0.027,0.114
CT001953,Zone_07,Zone_04,0.1322,0.0761,0.0999,0.0922,0.1322,0.1145,0.109,0.1288,0.0976,0.042,0.1078
CT010789,Zone_02,Zone_04,0.1316,0.1055,0.0989,0.0812,0.1316,0.1089,0.0899,0.1049,0.0999,0.0769,0.1023
CT012997,Zone_07,Zone_05,0.1286,0.0876,0.0919,0.0911,0.0895,0.1286,0.1157,0.0927,0.1037,0.0787,0.1204
CT015999,Zone_07,Zone_07,0.1317,0.0761,0.0694,0.1156,0.1313,0.0631,0.1146,0.1317,0.096,0.1279,0.0741
CT017662,Zone_01,Zone_02,0.1546,0.0979,0.1546,0.1151,0.0828,0.0848,0.0704,0.1089,0.0886,0.0848,0.112
CT012662,Zone_04,Zone_09,0.1573,0.0984,0.0712,0.1089,0.1156,0.1071,0.0623,0.0915,0.1035,0.1573,0.0842
CT014464,Zone_04,Zone_09,0.1277,0.0818,0.0928,0.116,0.1019,0.1055,0.1112,0.0896,0.0883,0.1277,0.0852
CT003915,Zone_05,Zone_01,0.1167,0.1167,0.1162,0.0904,0.1064,0.1076,0.1146,0.0781,0.1144,0.0736,0.0819
CT003849,Zone_04,Zone_07,0.1394,0.1187,0.1281,0.0974,0.0986,0.0849,0.0536,0.1394,0.0653,0.1021,0.1119
CT009762,Zone_02,Zone_09,0.1753,0.1004,0.1189,0.0825,0.0906,0.0864,0.0818,0.0951,0.0706,0.1753,0.0985
CT015372,Zone_02,Zone_02,0.1431,0.1235,0.1431,0.1021,0.0951,0.0645,0.0849,0.1193,0.1023,0.0579,0.1073
CT000282,Zone_01,Zone_02,0.1433,0.1141,0.1433,0.1127,0.1089,0.0646,0.0852,0.1094,0.1059,0.0656,0.0904
CT014007,Zone_07,Zone_06,0.1441,0.0902,0.0976,0.0849,0.0797,0.1028,0.1441,0.0826,0.107,0.1057,0.1054
CT011393,Zone_08,Zone_06,0.1411,0.0989,0.0985,0.1016,0.0861,0.0853,0.1411,0.0868,0.127,0.0589,0.1159
CT017804,Zone_07,Zone_04,0.1205,0.089,0.0882,0.1144,0.1205,0.1005,0.0884,0.1082,0.1061,0.0976,0.0874
CT016247,Zone_07,Zone_05,0.1365,0.0979,0.081,0.0819,0.1215,0.1365,0.1087,0.1175,0.0989,0.0599,0.0962
CT011302,Zone_10,Zone_09,0.12,0.0911,0.1058,0.1116,0.0984,0.1008,0.0821,0.0953,0.0897,0.12,0.1053
CT016546,Zone_08,Zone_02,0.1467,0.107,0.1467,0.086,0.1088,0.1366,0.0867,0.1132,0.0572,0.0617,0.0961
CT007929,Zone_02,Zone_03,0.1285,0.1144,0.0581,0.1285,0.1055,0.0975,0.089,0.124,0.1062,0.0944,0.0825
CT018385,Zone_08,Zone_09,0.1414,0.1014,0.0789,0.0985,0.1117,0.0829,0.1111,0.0967,0.0875,0.1414,0.0899
CT005206,Zone_02,Zone_09,0.1432,0.115,0.0808,0.0986,0.1026,0.0983,0.0598,0.1054,0.1078,0.1432,0.0885
CT017922,Zone_06,Zone_08,0.1209,0.0982,0.0944,0.1134,0.0762,0.1142,0.0826,0.0981,0.1209,0.0851,0.1169
CT013621,Zone_07,Zone_09,0.1212,0.101,0.0931,0.1123,0.083,0.0726,0.1107,0.1165,0.0833,0.1212,0.1062
CT017269,Zone_07,Zone_05,0.1275,0.1086,0.1031,0.0859,0.0994,0.1275,0.0924,0.1235,0.0733,0.0874,0.0989
CT013140,Zone_07,Zone_07,0.133,0.0884,0.1069,0.1169,0.0819,0.0814,0.1069,0.133,0.0862,0.0768,0.1215
CT012218,Zone_04,Zone_03,0.126,0.112,0.1048,0.126,0.1096,0.0701,0.1044,0.0938,0.1172,0.0634,0.0987
CT000827,Zone_08,Zone_01,0.1243,0.1243,0.1213,0.089,0.0809,0.1011,0.0702,0.089,0.1034,0.124,0.0968
CT011791,Zone_07,Zone_05,0.1208,0.1188,0.1048,0.0976,0.0991,0.1208,0.0924,0.0894,0.0978,0.0815,0.0976
CT011106,Zone_01,Zone_05,0.1233,0.0987,0.0937,0.0944,0.0794,0.1233,0.0936,0.105,0.0938,0.1102,0.1079
CT010885,Zone_06,Zone_10,0.1343,0.113,0.0871,0.1261,0.098,0.1302,0.0482,0.1096,0.0979,0.0556,0.1343
CT013330,Zone_07,Zone_06,0.1293,0.0659,0.1259,0.1269,0.1007,0.0864,0.1293,0.1137,0.0874,0.0803,0.0836
CT004583,Zone_07,Zone_06,0.1495,0.0871,0.1052,0.0725,0.1243,0.0916,0.1495,0.0705,0.1353,0.0707,0.0934
CT014788,Zone_07,Zone_06,0.1266,0.0964,0.1083,0.0883,0.0882,0.1234,0.1266,0.084,0.0988,0.0862,0.0998
CT001300,Zone_05,Zone_05,0.126,0.1135,0.083,0.1016,0.1034,0.126,0.0534,0.1021,0.0972,0.1202,0.0994
CT011782,Zone_07,Zone_05,0.1274,0.0975,0.1035,0.0756,0.0799,0.1274,0.0988,0.0848,0.106,0.1215,0.1049
CT009150,Zone_03,Zone_03,0.1245,0.1101,0.1099,0.1245,0.1008,0.0889,0.0967,0.0945,0.1212,0.068,0.0854
CT007601,Zone_09,Zone_09,0.1527,0.0982,0.0834,0.0935,0.0991,0.0902,0.1092,0.1004,0.0794,0.1527,0.0939
CT014107,Zone_07,Zone_03,0.1253,0.109,0.0761,0.1253,0.0944,0.1213,0.0905,0.1014,0.1205,0.0832,0.0784
CT013183,Zone_03,Zone_02,0.1415,0.1119,0.1415,0.0892,0.0877,0.082,0.0798,0.1285,0.0756,0.1012,0.1025
CT002945,Zone_04,Zone_02,0.1382,0.1042,0.1382,0.0926,0.1249,0.092,0.0978,0.103,0.1215,0.0251,0.1006
CT011594,Zone_08,Zone_06,0.1432,0.0913,0.1067,0.089,0.0826,0.0985,0.1432,0.1133,0.0864,0.0904,0.0985
CT017406,Zone_07,Zone_06,0.1346,0.0955,0.1029,0.1143,0.1078,0.0819,0.1346,0.1062,0.1127,0.0581,0.0859
CT010579,Zone_04,Zone_02,0.1309,0.085,0.1309,0.1138,0.1135,0.0968,0.1051,0.0969,0.0841,0.0913,0.0825
CT013916,Zone_08,Zone_05,0.1397,0.0699,0.1016,0.0652,0.1225,0.1397,0.1233,0.073,0.1248,0.0545,0.1256
CT010180,Zone_08,Zone_02,0.1222,0.0991,0.1222,0.0825,0.091,0.1221,0.1,0.0836,0.0841,0.1079,0.1077
CT017695,Zone_08,Zone_09,0.1577,0.1094,0.1035,0.0867,0.0734,0.1053,0.0877,0.0788,0.1037,0.1577,0.0938
CT017177,Zone_07,Zone_06,0.14,0.0828,0.0886,0.1211,0.084,0.1184,0.14,0.0857,0.1072,0.0583,0.1137
CT016847,Zone_04,Zone_01,0.1361,0.1361,0.0945,0.101,0.1253,0.0804,0.0616,0.1245,0.0813,0.0894,0.106
CT013733,Zone_08,Zone_03,0.118,0.0909,0.0905,0.118,0.0845,0.1027,0.1071,0.1096,0.1056,0.0821,0.1091
CT018926,Zone_01,Zone_04,0.1345,0.0719,0.1049,0.1037,0.1345,0.0993,0.1226,0.0728,0.1339,0.0639,0.0923
CT018565,Zone_07,Zone_05,0.1261,0.1003,0.0738,0.0822,0.1021,0.1261,0.1064,0.0971,0.0818,0.1173,0.1128
CT001890,Zone_08,Zone_07,0.1426,0.1046,0.1021,0.1045,0.1049,0.0937,0.0744,0.1426,0.078,0.1038,0.0914
CT004084,Zone_04,Zone_01,0.135,0.135,0.0872,0.0961,0.0926,0.1128,0.1223,0.0863,0.1019,0.07,0.0957
CT004692,Zone_04,Zone_05,0.137,0.0981,0.0733,0.1121,0.0946,0.137,0.1036,0.0988,0.1086,0.0711,0.1028
CT006765,Zone_04,Zone_06,0.1561,0.0778,0.0892,0.0898,0.0709,0.1073,0.1561,0.079,0.1128,0.118,0.0992
CT005661,Zone_08,Zone_06,0.1593,0.0744,0.1435,0.1014,0.0877,0.0854,0.1593,0.1029,0.0726,0.0947,0.0781
CT013626,Zone_07,Zone_07,0.1203,0.1126,0.0966,0.1112,0.0897,0.097,0.0934,0.1203,0.0914,0.0876,0.1002
CT000475,Zone_04,Zone_09,0.139,0.0962,0.0935,0.1083,0.0747,0.1003,0.0792,0.0865,0.122,0.139,0.1002
CT007821,Zone_08,Zone_10,0.1275,0.1201,0.1092,0.1077,0.0899,0.0945,0.0644,0.0994,0.1045,0.0828,0.1275
CT011650,Zone_07,Zone_08,0.1471,0.0928,0.1306,0.0864,0.1418,0.0917,0.1164,0.069,0.1471,0.0332,0.0912
CT007071,Zone_08,Zone_07,0.1474,0.0983,0.1468,0.103,0.094,0.0718,0.1039,0.1474,0.0696,0.0651,0.1001
CT000127,Zone_04,Zone_06,0.127,0.074,0.0834,0.1201,0.0943,0.1259,0.127,0.1049,0.0964,0.0583,0.1157
CT006190,Zone_07,Zone_09,0.1478,0.0733,0.0993,0.1059,0.0718,0.0969,0.1083,0.1111,0.0838,0.1478,0.1018
CT019805,Zone_02,Zone_02,0.1241,0.1073,0.1241,0.1143,0.1104,0.1199,0.0626,0.116,0.08,0.0725,0.0928
CT006969,Zone_08,Zone_06,0.1406,0.0962,0.0689,0.1169,0.0787,0.1231,0.1406,0.0802,0.1195,0.0664,0.1095
CT007502,Zone_07,Zone_05,0.1292,0.1201,0.0854,0.0864,0.0995,0.1292,0.088,0.0916,0.1037,0.1004,0.0957
CT014095,Zone_02,Zone_02,0.1296,0.0995,0.1296,0.1247,0.0978,0.0705,0.0913,0.1075,0.1141,0.0769,0.0881
CT007831,Zone_10,Zone_05,0.1316,0.086,0.0743,0.0986,0.1198,0.1316,0.1057,0.1195,0.1203,0.0556,0.0886
CT009264,Zone_07,Zone_10,0.1314,0.0941,0.0875,0.1114,0.0786,0.1211,0.0782,0.0881,0.1215,0.088,0.1314
CT004763,Zone_06,Zone_09,0.1505,0.0898,0.1163,0.0927,0.0889,0.1038,0.1277,0.0728,0.0857,0.1505,0.0719
CT018894,Zone_03,Zone_09,0.2312,0.0977,0.1196,0.077,0.0712,0.0823,0.0602,0.0887,0.0837,0.2312,0.0885
CT007606,Zone_10,Zone_05,0.1363,0.121,0.0847,0.086,0.0926,0.1363,0.09,0.0956,0.0984,0.1035,0.092
CT001929,Zone_02,Zone_09,0.1641,0.1052,0.1203,0.086,0.1023,0.0664,0.0887,0.0909,0.0931,0.1641,0.0831
CT004052,Zone_07,Zone_07,0.1504,0.0927,0.0925,0.1263,0.1151,0.0557,0.0573,0.1504,0.0977,0.1026,0.1098
CT005673,Zone_05,Zone_02,0.1279,0.0989,0.1279,0.1006,0.0955,0.0883,0.1027,0.0993,0.0808,0.1214,0.0845
CT004100,Zone_06,Zone_04,0.1386,0.0905,0.0901,0.0831,0.1386,0.0904,0.1373,0.091,0.116,0.0828,0.0802
CT009828,Zone_08,Zone_07,0.1166,0.1039,0.1016,0.0985,0.0915,0.0863,0.107,0.1166,0.0803,0.1119,0.1022
CT001093,Zone_04,Zone_06,0.1282,0.1032,0.0722,0.1249,0.0865,0.0646,0.1282,0.1018,0.1152,0.0963,0.1071
CT012879,Zone_08,Zone_09,0.1521,0.1053,0.0965,0.1007,0.0802,0.0971,0.0722,0.0874,0.1096,0.1521,0.0989
CT007871,Zone_02,Zone_05,0.1481,0.0743,0.0754,0.0961,0.0828,0.1481,0.1203,0.0795,0.0974,0.1095,0.1165
CT019270,Zone_02,Zone_03,0.1206,0.1102,0.1151,0.1206,0.0918,0.0634,0.0958,0.1119,0.1099,0.0622,0.1191
CT017181,Zone_08,Zone_03,0.1172,0.1002,0.0902,0.1172,0.1027,0.1019,0.1007,0.1164,0.0963,0.0766,0.0978
CT007825,Zone_10,Zone_06,0.1335,0.1048,0.0626,0.1175,0.1195,0.0656,0.1335,0.1182,0.1145,0.0705,0.0932
CT007398,Zone_04,Zone_07,0.1306,0.0889,0.0919,0.1004,0.0912,0.1053,0.0757,0.1306,0.0863,0.105,0.1248
CT009712,Zone_08,Zone_03,0.1271,0.0888,0.053,0.1271,0.1226,0.0755,0.1001,0.1222,0.1232,0.1118,0.0757
CT004523,Zone_07,Zone_09,0.1612,0.0936,0.0884,0.1029,0.1085,0.0875,0.0921,0.1072,0.0958,0.1612,0.063
CT017063,Zone_07,Zone_05,0.133,0.0881,0.0717,0.0983,0.0878,0.133,0.1214,0.1009,0.0936,0.1189,0.0863
CT012709,Zone_04,Zone_02,0.1311,0.0867,0.1311,0.0725,0.1199,0.0868,0.1031,0.1236,0.0864,0.0721,0.1178
CT019406,Zone_07,Zone_01,0.1295,0.1295,0.0851,0.093,0.1068,0.0942,0.1002,0.1015,0.0967,0.0998,0.093
CT010725,Zone_10,Zone_01,0.1328,0.1328,0.1034,0.0926,0.1123,0.0978,0.0457,0.1081,0.0825,0.1143,0.1105
CT016794,Zone_08,Zone_06,0.1296,0.0715,0.128,0.0714,0.1235,0.0803,0.1296,0.0748,0.1243,0.096,0.1006
CT015767,Zone_02,Zone_09,0.1485,0.1126,0.0763,0.0917,0.1168,0.0924,0.0526,0.1129,0.0998,0.1485,0.0965
CT011562,Zone_07,Zone_08,0.1682,0.1132,0.0891,0.0932,0.086,0.1099,0.0988,0.0725,0.1682,0.0978,0.0713
CT005392,Zone_05,Zone_04,0.1294,0.0885,0.1046,0.0966,0.1294,0.1081,0.0997,0.0961,0.1173,0.0572,0.1023
CT007647,Zone_02,Zone_08,0.1156,0.1117,0.0771,0.1126,0.0972,0.0806,0.1101,0.0833,0.1156,0.1076,0.1041
CT014945,Zone_07,Zone_04,0.1496,0.1183,0.0816,0.0852,0.1496,0.1168,0.0691,0.1322,0.0907,0.048,0.1085
CT006576,Zone_07,Zone_09,0.1678,0.067,0.1404,0.1092,0.0854,0.0859,0.1062,0.0698,0.0947,0.1678,0.0736
CT015207,Zone_08,Zone_03,0.1212,0.092,0.0938,0.1212,0.0898,0.108,0.1198,0.0897,0.0998,0.0934,0.0925
CT010223,Zone_08,Zone_08,0.1385,0.0907,0.1052,0.1038,0.1279,0.0643,0.123,0.1004,0.1385,0.0686,0.0777
CT013738,Zone_05,Zone_08,0.1228,0.0983,0.1184,0.0892,0.1221,0.0928,0.0986,0.105,0.1228,0.0368,0.116
CT015380,Zone_07,Zone_09,0.1402,0.0863,0.0875,0.1014,0.0908,0.11,0.1039,0.0808,0.1114,0.1402,0.0876
CT019799,Zone_07,Zone_07,0.1307,0.081,0.1307,0.0908,0.1297,0.0797,0.1096,0.1307,0.0899,0.058,0.0999
CT019863,Zone_07,Zone_01,0.1216,0.1216,0.0914,0.1038,0.0971,0.1176,0.0915,0.097,0.1155,0.0642,0.1003
CT009575,Zone_02,Zone_09,0.1427,0.1121,0.111,0.0773,0.0782,0.1005,0.099,0.0628,0.1296,0.1427,0.0869
CT004557,Zone_07,Zone_09,0.1525,0.0916,0.1088,0.0927,0.0826,0.111,0.087,0.0986,0.0811,0.1525,0.0941
CT014193,Zone_08,Zone_07,0.1125,0.0888,0.0811,0.1116,0.0827,0.1054,0.0941,0.1125,0.1087,0.1061,0.1089
CT014899,Zone_02,Zone_03,0.1287,0.1021,0.0927,0.1287,0.1127,0.0801,0.0513,0.1162,0.0831,0.1242,0.1089
CT015788,Zone_04,Zone_06,0.1516,0.0951,0.0974,0.0903,0.1178,0.1168,0.1516,0.1165,0.0833,0.0278,0.1035
CT008060,Zone_07,Zone_05,0.1362,0.0906,0.1146,0.075,0.0867,0.1362,0.1219,0.0863,0.0823,0.1102,0.0961
CT016153,Zone_05,Zone_08,0.1219,0.1158,0.0772,0.1075,0.093,0.11,0.1201,0.0935,0.1219,0.0685,0.0924
CT017364,Zone_03,Zone_09,0.2291,0.0862,0.0637,0.0755,0.0994,0.0879,0.1102,0.0781,0.1023,0.2291,0.0675
CT008191,Zone_08,Zone_09,0.1662,0.109,0.1029,0.0865,0.0774,0.1135,0.0669,0.0757,0.0994,0.1662,0.1026
CT003953,Zone_10,Zone_07,0.1174,0.1114,0.0965,0.1087,0.0869,0.1147,0.0785,0.1174,0.0886,0.0848,0.1124
CT014511,Zone_10,Zone_04,0.1358,0.0996,0.079,0.1108,0.1358,0.0653,0.0618,0.1269,0.1134,0.1284,0.0791
CT012476,Zone_07,Zone_07,0.1392,0.0934,0.1123,0.1287,0.0863,0.079,0.0817,0.1392,0.0798,0.0966,0.1028
CT013289,Zone_08,Zone_03,0.1359,0.0952,0.0886,0.1359,0.0779,0.1198,0.0841,0.0861,0.1126,0.0766,0.1233
CT008490,Zone_07,Zone_09,0.2362,0.0851,0.1156,0.0943,0.0674,0.0828,0.0714,0.075,0.083,0.2362,0.0891
CT006762,Zone_07,Zone_04,0.1246,0.0844,0.0999,0.1157,0.1246,0.1106,0.1149,0.1198,0.0943,0.0382,0.0977
CT016792,Zone_07,Zone_10,0.1261,0.1083,0.1173,0.1035,0.0855,0.0889,0.0691,0.0962,0.1009,0.1043,0.1261
CT015622,Zone_08,Zone_07,0.1289,0.1066,0.1023,0.0952,0.1247,0.06,0.075,0.1289,0.1006,0.1027,0.104
CT003614,Zone_06,Zone_07,0.1203,0.1143,0.0761,0.1117,0.0976,0.0794,0.111,0.1203,0.0817,0.1023,0.1057
CT002910,Zone_07,Zone_05,0.1353,0.0903,0.0902,0.0881,0.0877,0.1353,0.1045,0.1139,0.0953,0.0886,0.1061
CT009608,Zone_08,Zone_09,0.1211,0.1098,0.0902,0.1168,0.0851,0.0879,0.0918,0.1023,0.0939,0.1211,0.101
CT006538,Zone_08,Zone_02,0.1447,0.0877,0.1447,0.0759,0.1129,0.0918,0.1343,0.0785,0.1409,0.0399,0.0935
CT016490,Zone_05,Zone_07,0.1512,0.0821,0.1092,0.1002,0.1195,0.0724,0.0851,0.1512,0.0945,0.0772,0.1086
CT000762,Zone_03,Zone_04,0.1343,0.0845,0.0968,0.0829,0.1343,0.0952,0.1111,0.1198,0.1041,0.0897,0.0816
CT001583,Zone_08,Zone_07,0.1218,0.0709,0.1194,0.1037,0.1161,0.0623,0.1163,0.1218,0.0999,0.1071,0.0825
CT005800,Zone_05,Zone_05,0.1385,0.0936,0.0853,0.086,0.0942,0.1385,0.0963,0.102,0.0931,0.0968,0.1142
CT011000,Zone_06,Zone_05,0.133,0.1085,0.1059,0.0836,0.0839,0.133,0.0785,0.0886,0.1018,0.1092,0.1069
CT018448,Zone_02,Zone_07,0.159,0.0823,0.0943,0.1278,0.157,0.0666,0.0707,0.159,0.0862,0.0613,0.0946
CT011783,Zone_07,Zone_07,0.126,0.0897,0.0981,0.0946,0.092,0.1071,0.0758,0.126,0.0878,0.1137,0.1152
CT005178,Zone_02,Zone_09,0.1544,0.0947,0.1029,0.0884,0.096,0.0915,0.1027,0.0939,0.086,0.1544,0.0895
CT004179,Zone_08,Zone_07,0.158,0.0789,0.0982,0.133,0.1045,0.0561,0.0816,0.158,0.1015,0.0864,0.1019
CT009446,Zone_04,Zone_05,0.1566,0.1,0.0945,0.0876,0.0955,0.1566,0.1036,0.0816,0.1056,0.0636,0.1113
CT012633,Zone_10,Zone_05,0.1251,0.1058,0.0792,0.0799,0.0989,0.1251,0.1129,0.1044,0.0832,0.1,0.1107
CT018063,Zone_07,Zone_01,0.1411,0.1411,0.1,0.0717,0.0994,0.1224,0.0971,0.0842,0.1208,0.0817,0.0816
CT015574,Zone_07,Zone_05,0.1398,0.1275,0.0854,0.0872,0.1092,0.1398,0.0755,0.0975,0.0947,0.0734,0.1099
CT002437,Zone_08,Zone_05,0.1382,0.122,0.1034,0.0768,0.1051,0.1382,0.0854,0.1033,0.0796,0.0748,0.1115
CT000744,Zone_02,Zone_09,0.1564,0.1102,0.1231,0.0775,0.0856,0.0864,0.0752,0.0964,0.0876,0.1564,0.1017
CT003333,Zone_02,Zone_06,0.1433,0.1056,0.0742,0.0916,0.1214,0.1021,0.1433,0.0841,0.1236,0.0336,0.1206
CT014192,Zone_07,Zone_08,0.129,0.1169,0.0997,0.092,0.0859,0.1168,0.0869,0.0772,0.129,0.1163,0.0792
CT019305,Zone_10,Zone_02,0.1386,0.093,0.1386,0.1067,0.1171,0.0861,0.0841,0.1002,0.0728,0.1294,0.072
CT016161,Zone_01,Zone_09,0.1807,0.0835,0.1118,0.0977,0.0984,0.0777,0.0821,0.1206,0.0657,0.1807,0.0818
CT000042,Zone_07,Zone_09,0.1342,0.0954,0.0722,0.1042,0.081,0.0962,0.1268,0.0881,0.0978,0.1342,0.1042
CT002414,Zone_07,Zone_02,0.1434,0.0782,0.1434,0.1052,0.0796,0.0745,0.1288,0.1233,0.0701,0.1141,0.0828
CT006874,Zone_04,Zone_08,0.1459,0.1206,0.1178,0.0885,0.0872,0.0823,0.1362,0.0806,0.1459,0.0465,0.0944
CT018070,Zone_04,Zone_10,0.1203,0.0896,0.0884,0.0829,0.1176,0.1066,0.0959,0.1049,0.0891,0.1048,0.1203
CT016879,Zone_04,Zone_03,0.1209,0.1058,0.1041,0.1209,0.1143,0.0914,0.0913,0.1058,0.0933,0.0798,0.0933
CT013923,Zone_08,Zone_10,0.1237,0.1222,0.0775,0.0927,0.1095,0.1042,0.0657,0.0943,0.1112,0.099,0.1237
CT013159,Zone_07,Zone_05,0.1487,0.1022,0.0911,0.0623,0.0931,0.1487,0.0779,0.0889,0.0825,0.129,0.1244
CT012257,Zone_07,Zone_10,0.1361,0.1097,0.0951,0.0899,0.1018,0.1216,0.0521,0.1202,0.0773,0.0962,0.1361
CT007638,Zone_10,Zone_02,0.1248,0.1025,0.1248,0.0724,0.0931,0.0994,0.0998,0.1083,0.0826,0.1193,0.0978
CT006918,Zone_07,Zone_02,0.1449,0.1145,0.1449,0.1041,0.1121,0.0748,0.0758,0.1379,0.0633,0.0613,0.1114
CT019175,Zone_06,Zone_07,0.1433,0.1244,0.1033,0.1134,0.1154,0.0971,0.0984,0.1433,0.0751,0.0421,0.0875
CT014715,Zone_08,Zone_06,0.1682,0.1004,0.0603,0.0942,0.0824,0.1053,0.1682,0.0742,0.1123,0.1058,0.0969
CT013729,Zone_02,Zone_06,0.136,0.0831,0.0969,0.1099,0.0826,0.099,0.136,0.1119,0.0929,0.0844,0.1032
CT009237,Zone_05,Zone_02,0.1297,0.1092,0.1297,0.1101,0.0879,0.0727,0.0985,0.1198,0.0878,0.0875,0.0967
CT016400,Zone_07,Zone_09,0.1338,0.1088,0.1049,0.113,0.102,0.0654,0.0918,0.115,0.066,0.1338,0.0993
CT006314,Zone_03,Zone_01,0.1423,0.1423,0.0945,0.0798,0.1017,0.1115,0.1101,0.0854,0.1184,0.0778,0.0786
CT007258,Zone_06,Zone_09,0.1267,0.0996,0.0687,0.0837,0.0996,0.108,0.104,0.0979,0.1141,0.1267,0.0977
CT003675,Zone_07,Zone_03,0.1222,0.1047,0.1196,0.1222,0.0843,0.0926,0.1038,0.0976,0.1064,0.0724,0.0963
CT005919,Zone_07,Zone_07,0.1254,0.1067,0.0912,0.099,0.0992,0.1113,0.1191,0.1254,0.09,0.0731,0.085
CT002659,Zone_03,Zone_08,0.1314,0.1302,0.1134,0.0858,0.1019,0.1004,0.1112,0.0882,0.1314,0.042,0.0955
CT007939,Zone_01,Zone_09,0.147,0.0801,0.1092,0.1097,0.1024,0.0844,0.1061,0.0875,0.0977,0.147,0.0758
CT012516,Zone_07,Zone_10,0.1208,0.1086,0.0786,0.0952,0.0956,0.1041,0.0924,0.0911,0.0939,0.1198,0.1208
CT005343,Zone_07,Zone_05,0.1207,0.0828,0.1051,0.0861,0.0938,0.1207,0.112,0.1062,0.0931,0.109,0.0913
CT018366,Zone_05,Zone_08,0.1254,0.0944,0.0945,0.0968,0.0796,0.1162,0.088,0.0847,0.1254,0.0953,0.125
CT008084,Zone_07,Zone_01,0.1294,0.1294,0.1052,0.1217,0.0969,0.0734,0.079,0.109,0.11,0.0613,0.114
CT019048,Zone_04,Zone_01,0.1191,0.1191,0.0965,0.1026,0.0976,0.0964,0.0914,0.0781,0.1153,0.0983,0.1048
CT019283,Zone_07,Zone_09,0.1424,0.0995,0.1217,0.08,0.0877,0.0812,0.1073,0.0935,0.0854,0.1424,0.1015
CT013388,Zone_07,Zone_03,0.1176,0.0818,0.0778,0.1176,0.1166,0.0746,0.083,0.1149,0.115,0.1094,0.1093
CT004938,Zone_08,Zone_09,0.1337,0.1105,0.1251,0.106,0.0774,0.0799,0.0712,0.1007,0.0929,0.1337,0.1027
CT008444,Zone_08,Zone_08,0.1309,0.0907,0.0969,0.0913,0.1027,0.1155,0.1033,0.1151,0.1309,0.0564,0.0973
CT006994,Zone_07,Zone_09,0.1359,0.0828,0.1033,0.0884,0.0799,0.1177,0.124,0.1041,0.0745,0.1359,0.0894
CT002236,Zone_07,Zone_02,0.1292,0.1087,0.1292,0.089,0.0921,0.0846,0.0985,0.1142,0.0827,0.0945,0.1066
CT007750,Zone_07,Zone_05,0.155,0.0875,0.0959,0.0624,0.1143,0.155,0.1035,0.1097,0.0882,0.0766,0.1069
CT018522,Zone_03,Zone_07,0.1285,0.0983,0.1185,0.0799,0.1156,0.1005,0.0641,0.1285,0.0848,0.088,0.1218
CT004350,Zone_07,Zone_09,0.1249,0.0993,0.1026,0.1165,0.1073,0.0747,0.0638,0.1247,0.0907,0.1249,0.0955
CT001378,Zone_07,Zone_09,0.1388,0.0979,0.0907,0.0852,0.0899,0.1042,0.0995,0.0834,0.1036,0.1388,0.1067
CT011743,Zone_09,Zone_05,0.1421,0.0993,0.0983,0.0733,0.0945,0.1421,0.1134,0.0992,0.088,0.0731,0.1189
CT006024,Zone_07,Zone_06,0.1429,0.1127,0.0883,0.0813,0.0894,0.0826,0.1429,0.0968,0.114,0.1015,0.0905
CT009504,Zone_01,Zone_10,0.1167,0.1034,0.0965,0.0847,0.0902,0.0893,0.1062,0.106,0.0942,0.1128,0.1167
CT016932,Zone_03,Zone_03,0.1496,0.1038,0.1076,0.1496,0.1025,0.066,0.0804,0.1031,0.1108,0.0883,0.088
CT016644,Zone_08,Zone_01,0.1145,0.1145,0.106,0.1103,0.0808,0.0867,0.102,0.0951,0.114,0.0785,0.1122
CT018239,Zone_04,Zone_02,0.122,0.1054,0.122,0.1184,0.0937,0.0636,0.1054,0.1083,0.1071,0.0711,0.105
CT009632,Zone_10,Zone_07,0.1188,0.094,0.0983,0.0962,0.1107,0.0994,0.1089,0.1188,0.0948,0.0818,0.0971
CT015315,Zone_08,Zone_06,0.1464,0.1121,0.0563,0.1342,0.09,0.0934,0.1464,0.0805,0.118,0.0576,0.1115
CT000924,Zone_07,Zone_06,0.1399,0.091,0.0681,0.0894,0.0967,0.102,0.1399,0.095,0.09,0.1385,0.0895
CT006789,Zone_07,Zone_09,0.1359,0.114,0.0933,0.0956,0.0945,0.1014,0.0696,0.1082,0.096,0.1359,0.0915
CT015104,Zone_02,Zone_09,0.1421,0.0874,0.1031,0.0839,0.0904,0.112,0.0841,0.12,0.0733,0.1421,0.1038
CT006733,Zone_07,Zone_05,0.1408,0.1068,0.0975,0.0889,0.0929,0.1408,0.1043,0.0957,0.1102,0.0521,0.1109
CT002222,Zone_08,Zone_08,0.1424,0.1093,0.111,0.1083,0.0787,0.1048,0.103,0.0815,0.1424,0.0626,0.0983
CT005702,Zone_03,Zone_02,0.1254,0.0849,0.1254,0.0948,0.1023,0.1062,0.1129,0.1064,0.0766,0.1099,0.0807
CT006421,Zone_04,Zone_09,0.1254,0.1212,0.0871,0.1029,0.0993,0.0982,0.0738,0.1071,0.0887,0.1254,0.0963
CT018033,Zone_01,Zone_02,0.1296,0.0969,0.1296,0.1202,0.1128,0.1114,0.0648,0.1034,0.0862,0.0575,0.1172
CT003331,Zone_10,Zone_01,0.1244,0.1244,0.0737,0.1135,0.0946,0.0797,0.1063,0.1,0.0952,0.1052,0.1073
CT017112,Zone_07,Zone_02,0.1268,0.1066,0.1268,0.104,0.0831,0.0843,0.0792,0.1196,0.089,0.1066,0.1009
CT006647,Zone_02,Zone_05,0.1349,0.0837,0.085,0.0966,0.084,0.1349,0.1177,0.0935,0.1033,0.0914,0.1099
CT011919,Zone_10,Zone_01,0.1186,0.1186,0.0741,0.0993,0.109,0.1034,0.1146,0.1084,0.1115,0.0897,0.0713
CT011476,Zone_02,Zone_05,0.1291,0.107,0.0968,0.0857,0.0971,0.1291,0.0968,0.0926,0.0929,0.0991,0.1029
CT000857,Zone_07,Zone_09,0.132,0.0995,0.1178,0.0898,0.0798,0.0861,0.1062,0.1024,0.0869,0.132,0.0995
CT006914,Zone_07,Zone_05,0.1254,0.1039,0.0948,0.0997,0.0841,0.1254,0.1087,0.095,0.0906,0.087,0.1108
CT013714,Zone_05,Zone_09,0.1772,0.0786,0.105,0.0666,0.0825,0.0897,0.1345,0.0776,0.0934,0.1772,0.0948
CT007981,Zone_05,Zone_09,0.133,0.1015,0.0595,0.0925,0.0919,0.1087,0.1301,0.088,0.1034,0.133,0.0914
CT008757,Zone_04,Zone_07,0.1142,0.0917,0.0937,0.1096,0.0972,0.1117,0.1135,0.1142,0.0852,0.0905,0.0927
CT006516,Zone_08,Zone_09,0.1601,0.0989,0.0971,0.1046,0.0884,0.0805,0.0679,0.1045,0.0913,0.1601,0.1067
CT005398,Zone_04,Zone_02,0.1326,0.1091,0.1326,0.1079,0.0904,0.0856,0.0601,0.107,0.0964,0.0856,0.1254
CT009007,Zone_03,Zone_06,0.1296,0.087,0.1023,0.1216,0.1038,0.0993,0.1296,0.1063,0.0889,0.0506,0.1108
CT014049,Zone_08,Zone_09,0.1191,0.0709,0.1014,0.1017,0.0777,0.106,0.1161,0.0954,0.103,0.1191,0.1087
CT017626,Zone_07,Zone_06,0.1245,0.0893,0.0867,0.103,0.0781,0.1111,0.1245,0.1073,0.0962,0.0882,0.1156
CT005389,Zone_08,Zone_02,0.14,0.072,0.14,0.0852,0.1326,0.1209,0.0913,0.1034,0.104,0.0505,0.1
CT015820,Zone_08,Zone_08,0.1226,0.0937,0.1096,0.1173,0.0942,0.088,0.1177,0.0958,0.1226,0.0757,0.0854
CT006639,Zone_07,Zone_05,0.1215,0.1189,0.0786,0.1124,0.1009,0.1215,0.0666,0.0998,0.1206,0.0614,0.1192
CT008008,Zone_07,Zone_01,0.1256,0.1256,0.113,0.0882,0.0962,0.0998,0.0804,0.1183,0.0883,0.0834,0.1066
CT001972,Zone_10,Zone_06,0.1524,0.0966,0.0535,0.1105,0.0784,0.1176,0.1524,0.0748,0.109,0.102,0.1051
CT006302,Zone_08,Zone_06,0.1249,0.0975,0.1186,0.1011,0.096,0.0827,0.1249,0.1152,0.0853,0.0897,0.0889
CT002780,Zone_03,Zone_02,0.1377,0.0677,0.1377,0.0834,0.1169,0.0906,0.1364,0.0885,0.119,0.046,0.1138
CT008927,Zone_07,Zone_01,0.1126,0.1126,0.1098,0.1062,0.0922,0.0912,0.1027,0.1015,0.108,0.073,0.1028
CT006475,Zone_03,Zone_10,0.1211,0.1165,0.0718,0.1184,0.1074,0.0877,0.105,0.0953,0.1157,0.0612,0.1211
CT000729,Zone_08,Zone_07,0.1263,0.0931,0.0848,0.1114,0.1196,0.0721,0.0798,0.1263,0.1061,0.1011,0.1057
CT008438,Zone_07,Zone_09,0.1806,0.0859,0.1084,0.0843,0.0824,0.081,0.1143,0.0831,0.0962,0.1806,0.0837
CT008287,Zone_08,Zone_03,0.1255,0.0749,0.1199,0.1255,0.0814,0.0968,0.1061,0.0947,0.1142,0.0711,0.1155
CT010727,Zone_07,Zone_05,0.1249,0.1085,0.0906,0.0961,0.087,0.1249,0.0872,0.1043,0.0927,0.0886,0.1201
CT006408,Zone_01,Zone_03,0.1153,0.0995,0.1085,0.1153,0.105,0.112,0.0851,0.1021,0.1031,0.0696,0.0997
CT009320,Zone_03,Zone_09,0.1363,0.122,0.0762,0.0761,0.117,0.1257,0.0649,0.0836,0.0984,0.1363,0.0999
CT012624,Zone_08,Zone_06,0.1183,0.0907,0.0986,0.103,0.1009,0.1133,0.1183,0.0809,0.1025,0.1019,0.0898
CT012663,Zone_08,Zone_05,0.1382,0.0765,0.1261,0.069,0.1299,0.1382,0.0824,0.1233,0.0778,0.0793,0.0975
CT016689,Zone_08,Zone_06,0.1403,0.1085,0.0893,0.0742,0.1232,0.1151,0.1403,0.0854,0.1248,0.0323,0.1069
CT011315,Zone_03,Zone_03,0.1322,0.1159,0.123,0.1322,0.1092,0.0913,0.1028,0.1064,0.0887,0.0401,0.0905
CT008151,Zone_07,Zone_08,0.1219,0.1114,0.1011,0.1167,0.0917,0.0827,0.1166,0.0923,0.1219,0.0631,0.1026
CT002926,Zone_07,Zone_07,0.1169,0.1096,0.1134,0.0952,0.0998,0.1035,0.0945,0.1169,0.0745,0.0834,0.1092
CT016374,Zone_08,Zone_09,0.1335,0.1133,0.0753,0.0906,0.109,0.1062,0.0876,0.0831,0.1106,0.1335,0.0908
CT008112,Zone_04,Zone_01,0.1233,0.1233,0.0626,0.0941,0.1116,0.0803,0.1017,0.122,0.0892,0.1131,0.1021
CT000026,Zone_01,Zone_02,0.1175,0.113,0.1175,0.1008,0.0954,0.11,0.1046,0.116,0.0722,0.0545,0.116
CT000053,Zone_07,Zone_04,0.1197,0.0732,0.0683,0.112,0.1197,0.0889,0.101,0.1068,0.1136,0.0994,0.117
CT014833,Zone_07,Zone_09,0.1441,0.0936,0.1019,0.1048,0.0838,0.0856,0.1017,0.0981,0.0892,0.1441,0.097
CT006088,Zone_04,Zone_09,0.1227,0.1004,0.1128,0.0967,0.0896,0.1042,0.0885,0.0961,0.0802,0.1227,0.1087
CT008986,Zone_07,Zone_10,0.1168,0.1005,0.0901,0.1098,0.0944,0.098,0.1039,0.1046,0.1164,0.0655,0.1168
CT016306,Zone_07,Zone_01,0.1346,0.1346,0.1036,0.0846,0.1068,0.095,0.0633,0.1098,0.0882,0.1171,0.097
CT015059,Zone_07,Zone_02,0.1183,0.1021,0.1183,0.1038,0.0909,0.0714,0.1127,0.0985,0.1058,0.0849,0.1117
CT016648,Zone_04,Zone_09,0.169,0.0974,0.1052,0.0829,0.1042,0.0815,0.0819,0.092,0.0885,0.169,0.0974
CT015021,Zone_07,Zone_10,0.1316,0.0846,0.1116,0.0801,0.1251,0.0811,0.1284,0.0854,0.1204,0.0518,0.1316
CT019994,Zone_01,Zone_07,0.1401,0.0872,0.0961,0.1284,0.1093,0.054,0.0707,0.1401,0.0996,0.1214,0.0933
CT011415,Zone_10,Zone_08,0.1531,0.1096,0.112,0.1005,0.0821,0.0815,0.143,0.0827,0.1531,0.047,0.0887
CT011709,Zone_08,Zone_09,0.2227,0.0816,0.0808,0.0955,0.0806,0.0629,0.1236,0.0882,0.0905,0.2227,0.0736
CT002532,Zone_08,Zone_04,0.1473,0.0904,0.1112,0.0979,0.1473,0.0854,0.0942,0.1013,0.1335,0.0481,0.0907
CT017856,Zone_04,Zone_05,0.1577,0.0803,0.1147,0.0784,0.111,0.1577,0.0901,0.1158,0.0816,0.0688,0.1015
CT009346,Zone_07,Zone_08,0.1656,0.0776,0.0872,0.0909,0.1257,0.1187,0.1228,0.0793,0.1656,0.0432,0.0891
CT016733,Zone_08,Zone_05,0.1138,0.1084,0.097,0.0934,0.0936,0.1138,0.0993,0.092,0.0887,0.108,0.1058
CT002404,Zone_06,Zone_02,0.1412,0.0712,0.1412,0.1226,0.0798,0.0965,0.114,0.0846,0.0923,0.1106,0.0871
CT006096,Zone_05,Zone_10,0.1319,0.0884,0.1174,0.1128,0.081,0.0936,0.0876,0.0962,0.1024,0.0887,0.1319
CT003416,Zone_04,Zone_01,0.1253,0.1253,0.0909,0.1043,0.1012,0.1082,0.1046,0.1087,0.1014,0.0663,0.089
CT018825,Zone_01,Zone_07,0.1256,0.0836,0.1121,0.1026,0.0958,0.0878,0.0967,0.1256,0.0955,0.0842,0.1161
CT006235,Zone_04,Zone_05,0.1449,0.1128,0.0779,0.0962,0.1018,0.1449,0.0909,0.0935,0.1096,0.0787,0.0935
CT019556,Zone_04,Zone_10,0.1316,0.0981,0.1083,0.1001,0.0912,0.1233,0.0938,0.0817,0.1181,0.0538,0.1316
CT009913,Zone_06,Zone_05,0.1425,0.0955,0.0723,0.1017,0.0826,0.1425,0.1363,0.077,0.1155,0.0632,0.1134
CT008750,Zone_07,Zone_05,0.1655,0.0864,0.0786,0.074,0.0932,0.1655,0.0948,0.0761,0.0863,0.1275,0.1176
CT003159,Zone_06,Zone_01,0.125,0.125,0.0999,0.1125,0.0917,0.1077,0.0812,0.1056,0.1161,0.0556,0.1047
CT002921,Zone_09,Zone_05,0.1315,0.0898,0.0999,0.0772,0.1221,0.1315,0.1012,0.1299,0.0877,0.0426,0.1181
CT004891,Zone_01,Zone_06,0.1305,0.1033,0.0773,0.0877,0.087,0.1275,0.1305,0.0922,0.1039,0.0938,0.0967
CT015779,Zone_08,Zone_03,0.1369,0.0833,0.1284,0.1369,0.1064,0.0774,0.102,0.0978,0.1182,0.0587,0.0907
CT005868,Zone_08,Zone_09,0.1247,0.0982,0.101,0.0919,0.0885,0.0869,0.1165,0.1117,0.0821,0.1247,0.0985
CT019223,Zone_04,Zone_02,0.141,0.0737,0.141,0.095,0.0908,0.0864,0.1295,0.1024,0.0759,0.1219,0.0834
CT007546,Zone_04,Zone_03,0.1586,0.0807,0.068,0.1586,0.1223,0.0606,0.1045,0.1247,0.1024,0.0979,0.0803
CT001478,Zone_09,Zone_09,0.1606,0.1,0.1084,0.0956,0.0815,0.0814,0.0896,0.0984,0.0903,0.1606,0.0942
CT013369,Zone_08,Zone_05,0.1203,0.0984,0.0775,0.1082,0.0946,0.1203,0.0807,0.1178,0.0824,0.1014,0.1188
CT013956,Zone_08,Zone_04,0.1512,0.1081,0.1037,0.0796,0.1512,0.1266,0.0661,0.0984,0.1078,0.0471,0.1115
CT018429,Zone_07,Zone_09,0.1326,0.101,0.0896,0.1114,0.0753,0.1077,0.0701,0.0861,0.1161,0.1326,0.1101
CT005726,Zone_07,Zone_09,0.1216,0.1142,0.1048,0.1146,0.097,0.0755,0.0598,0.1132,0.0871,0.1216,0.1121
CT000412,Zone_07,Zone_09,0.1588,0.1076,0.0921,0.097,0.0887,0.0672,0.0969,0.1059,0.0847,0.1588,0.1011
CT004842,Zone_08,Zone_03,0.1214,0.083,0.0898,0.1214,0.1081,0.115,0.1046,0.1064,0.1116,0.0605,0.0997
CT008146,Zone_08,Zone_01,0.1412,0.1412,0.0903,0.1127,0.0861,0.109,0.088,0.0828,0.1132,0.0792,0.0974
CT016703,Zone_03,Zone_08,0.1295,0.111,0.1122,0.0971,0.1203,0.0626,0.1083,0.1115,0.1295,0.0634,0.0839
CT011039,Zone_07,Zone_05,0.1456,0.0946,0.0881,0.0901,0.1024,0.1456,0.0934,0.0884,0.0905,0.0907,0.1161
CT009142,Zone_10,Zone_06,0.1404,0.0951,0.0722,0.1041,0.1014,0.0857,0.1404,0.1328,0.0689,0.1184,0.0809
CT019258,Zone_07,Zone_07,0.1445,0.0966,0.1114,0.1139,0.1173,0.0546,0.0597,0.1445,0.0972,0.1068,0.0981
CT011139,Zone_08,Zone_09,0.1379,0.0972,0.0832,0.0807,0.0832,0.1126,0.094,0.0922,0.0949,0.1379,0.1241
CT006488,Zone_08,Zone_06,0.1429,0.0759,0.1294,0.0824,0.1131,0.1016,0.1429,0.076,0.1145,0.0599,0.1043
CT012107,Zone_08,Zone_05,0.119,0.0967,0.056,0.1107,0.1002,0.119,0.1096,0.091,0.1161,0.1144,0.0864
CT016540,Zone_03,Zone_09,0.1736,0.0961,0.0849,0.0871,0.0873,0.0683,0.0997,0.114,0.0841,0.1736,0.1049
CT018434,Zone_07,Zone_07,0.1327,0.0811,0.132,0.1223,0.0977,0.0855,0.1111,0.1327,0.0736,0.0628,0.1011
CT015143,Zone_02,Zone_07,0.142,0.0776,0.1194,0.0854,0.1359,0.1191,0.083,0.142,0.0703,0.0888,0.0786
CT001215,Zone_04,Zone_02,0.1488,0.0839,0.1488,0.1342,0.1079,0.0983,0.1083,0.1086,0.0745,0.0575,0.0781
CT007471,Zone_01,Zone_05,0.1346,0.0918,0.0854,0.0903,0.0894,0.1346,0.0934,0.0983,0.1038,0.1077,0.1052
CT012124,Zone_10,Zone_06,0.1208,0.1041,0.0751,0.1117,0.1162,0.0812,0.1208,0.1129,0.1167,0.0503,0.1111
CT009661,Zone_05,Zone_06,0.1296,0.09,0.1237,0.1004,0.0943,0.0995,0.1296,0.0807,0.0889,0.116,0.0769
CT014461,Zone_08,Zone_08,0.1322,0.1171,0.0799,0.1162,0.1033,0.1247,0.0703,0.0849,0.1322,0.0751,0.0964
CT008692,Zone_04,Zone_06,0.119,0.1028,0.0764,0.0954,0.0909,0.1039,0.119,0.0922,0.0922,0.1089,0.1183
CT003628,Zone_07,Zone_01,0.1249,0.1249,0.0842,0.1205,0.0998,0.0819,0.1067,0.1114,0.0766,0.0904,0.1037
CT019590,Zone_08,Zone_10,0.1306,0.1114,0.0633,0.1033,0.0936,0.1117,0.1154,0.0694,0.12,0.0813,0.1306
CT012800,Zone_08,Zone_06,0.1736,0.1185,0.0651,0.0919,0.0867,0.0911,0.1736,0.0777,0.1254,0.0666,0.1036
CT015246,Zone_10,Zone_05,0.1618,0.0856,0.0816,0.085,0.0884,0.1618,0.1059,0.0894,0.0919,0.0775,0.1329
CT001899,Zone_02,Zone_08,0.1221,0.104,0.1103,0.0729,0.1145,0.1084,0.1038,0.1106,0.1221,0.0529,0.1004
CT008265,Zone_08,Zone_09,0.1975,0.0979,0.1113,0.0653,0.105,0.1,0.0719,0.0828,0.0808,0.1975,0.0875
CT016156,Zone_07,Zone_02,0.139,0.1319,0.139,0.1045,0.1076,0.0927,0.0819,0.1115,0.0691,0.0673,0.0944
CT018186,Zone_03,Zone_06,0.1483,0.0662,0.0997,0.1104,0.0913,0.1038,0.1483,0.108,0.0943,0.0815,0.0964
CT016202,Zone_07,Zone_03,0.1313,0.1126,0.083,0.1313,0.104,0.0945,0.0756,0.1096,0.0885,0.0865,0.1144
CT001794,Zone_08,Zone_03,0.1443,0.0785,0.0821,0.1443,0.1185,0.0687,0.0838,0.1297,0.1192,0.0973,0.078
CT005556,Zone_07,Zone_03,0.1281,0.1219,0.1046,0.1281,0.1,0.0728,0.0828,0.1247,0.0935,0.0574,0.1142
CT019013,Zone_08,Zone_09,0.1482,0.0811,0.0874,0.1046,0.0908,0.0864,0.1228,0.0979,0.0856,0.1482,0.0951
CT008910,Zone_04,Zone_06,0.1215,0.0945,0.0925,0.1007,0.082,0.1035,0.1215,0.0904,0.0999,0.1098,0.1051
CT018228,Zone_05,Zone_03,0.1275,0.1039,0.0955,0.1275,0.0876,0.0888,0.1219,0.0834,0.1089,0.0743,0.1081
CT014335,Zone_02,Zone_05,0.1272,0.0941,0.0941,0.0902,0.1046,0.1272,0.1056,0.0966,0.0839,0.1182,0.0855
CT006436,Zone_05,Zone_06,0.1262,0.1078,0.0811,0.0758,0.0964,0.1171,0.1262,0.106,0.1009,0.0872,0.1015
CT012123,Zone_01,Zone_09,0.1663,0.0965,0.0918,0.123,0.0853,0.0895,0.0768,0.0774,0.1056,0.1663,0.0876
CT001324,Zone_07,Zone_03,0.1611,0.129,0.0925,0.1611,0.125,0.1056,0.0356,0.0967,0.0968,0.0667,0.0911
CT013114,Zone_02,Zone_05,0.1425,0.1064,0.0994,0.0693,0.1071,0.1425,0.0576,0.1097,0.0735,0.1205,0.114
CT019463,Zone_08,Zone_09,0.1942,0.0937,0.0736,0.075,0.0783,0.0774,0.1382,0.0824,0.0911,0.1942,0.0961
CT009648,Zone_07,Zone_06,0.1774,0.0767,0.0825,0.0834,0.1087,0.1171,0.1774,0.0769,0.1179,0.0633,0.096
CT014728,Zone_03,Zone_05,0.1394,0.0994,0.0731,0.0733,0.0954,0.1394,0.1214,0.0777,0.1012,0.1119,0.1072
CT008742,Zone_08,Zone_06,0.1323,0.0806,0.127,0.0879,0.0851,0.0933,0.1323,0.0899,0.0897,0.1308,0.0835
CT016974,Zone_03,Zone_07,0.1306,0.1194,0.0868,0.1206,0.1072,0.1179,0.0695,0.1306,0.0949,0.0767,0.0765
CT005735,Zone_03,Zone_05,0.1402,0.0885,0.0676,0.106,0.0936,0.1402,0.1105,0.087,0.1255,0.0875,0.0935
CT009053,Zone_06,Zone_09,0.1486,0.088,0.0766,0.1069,0.0943,0.087,0.1351,0.0806,0.1018,0.1486,0.0809
CT000864,Zone_07,Zone_06,0.116,0.1082,0.1057,0.0908,0.0828,0.1079,0.116,0.0934,0.0976,0.0945,0.1031
CT000915,Zone_10,Zone_02,0.1255,0.1061,0.1255,0.0794,0.0905,0.0761,0.0999,0.1208,0.0833,0.1148,0.1035
CT009593,Zone_06,Zone_05,0.1378,0.0769,0.0954,0.0859,0.1126,0.1378,0.0974,0.103,0.1276,0.0467,0.1165
CT014968,Zone_04,Zone_02,0.1168,0.0926,0.1168,0.0885,0.0977,0.1065,0.0802,0.0913,0.105,0.1129,0.1085
CT016148,Zone_01,Zone_01,0.1246,0.1246,0.1236,0.0993,0.1022,0.0879,0.109,0.1031,0.0966,0.0655,0.0882
CT014038,Zone_04,Zone_06,0.1298,0.1228,0.0918,0.0927,0.0939,0.0916,0.1298,0.0933,0.1098,0.0771,0.0972
CT000767,Zone_01,Zone_09,0.1645,0.0699,0.1128,0.1055,0.0882,0.1099,0.1134,0.0957,0.0712,0.1645,0.0689
CT005399,Zone_07,Zone_05,0.1247,0.1073,0.0703,0.1034,0.099,0.1247,0.0956,0.1053,0.1003,0.0944,0.0998
CT006105,Zone_08,Zone_04,0.1167,0.1151,0.1132,0.086,0.1167,0.1149,0.0801,0.0853,0.0868,0.1061,0.0959
CT009511,Zone_08,Zone_06,0.1433,0.0783,0.1358,0.0957,0.073,0.0786,0.1433,0.098,0.0852,0.117,0.0951
CT017430,Zone_04,Zone_05,0.144,0.0835,0.0912,0.067,0.0884,0.144,0.1019,0.1069,0.0849,0.1187,0.1135
CT000270,Zone_02,Zone_01,0.127,0.127,0.0774,0.0897,0.099,0.0988,0.1123,0.0963,0.0988,0.0888,0.1118
CT004428,Zone_03,Zone_09,0.1939,0.0844,0.0961,0.0856,0.1001,0.0785,0.0948,0.1151,0.0647,0.1939,0.0867
CT005838,Zone_07,Zone_06,0.1274,0.1062,0.0973,0.1102,0.0891,0.0702,0.1274,0.0991,0.1187,0.0642,0.1175
CT007947,Zone_10,Zone_02,0.1393,0.0702,0.1393,0.0801,0.1168,0.0958,0.1368,0.0855,0.1107,0.0707,0.0942
CT004885,Zone_07,Zone_06,0.1326,0.0782,0.0965,0.0984,0.0985,0.1083,0.1326,0.1192,0.0802,0.1062,0.0821
CT010199,Zone_07,Zone_05,0.1263,0.1143,0.095,0.0729,0.1082,0.1263,0.083,0.1037,0.0799,0.1055,0.1113
CT008425,Zone_04,Zone_03,0.1381,0.1175,0.1051,0.1381,0.0974,0.0665,0.0705,0.1063,0.1028,0.0831,0.1126
CT015376,Zone_04,Zone_07,0.1337,0.1207,0.1144,0.1185,0.1105,0.0951,0.0849,0.1337,0.0858,0.0342,0.1022
CT014487,Zone_03,Zone_09,0.142,0.106,0.075,0.0896,0.0928,0.0726,0.1134,0.1113,0.087,0.142,0.1103
CT001625,Zone_05,Zone_04,0.1321,0.088,0.1149,0.0762,0.1321,0.0818,0.0943,0.1039,0.0874,0.1295,0.0919
CT005418,Zone_10,Zone_02,0.1361,0.1266,0.1361,0.1285,0.1061,0.1192,0.0487,0.0835,0.096,0.0458,0.1095
CT012920,Zone_08,Zone_06,0.1304,0.0903,0.1203,0.0788,0.1129,0.1022,0.1304,0.0872,0.1221,0.0458,0.11
CT016519,Zone_08,Zone_06,0.122,0.0989,0.0984,0.093,0.0829,0.1022,0.122,0.0849,0.103,0.1215,0.0932
CT005074,Zone_07,Zone_08,0.1211,0.1206,0.0906,0.1091,0.1007,0.0791,0.1098,0.084,0.1211,0.0735,0.1114
CT001488,Zone_08,Zone_01,0.1214,0.1214,0.1128,0.0982,0.0878,0.1055,0.0853,0.0924,0.1045,0.0767,0.1154
CT009887,Zone_07,Zone_06,0.1534,0.11,0.0874,0.0757,0.0806,0.0899,0.1534,0.0774,0.1162,0.1235,0.0857
CT007112,Zone_08,Zone_09,0.1232,0.0952,0.1006,0.1039,0.0698,0.1009,0.1042,0.0868,0.1155,0.1232,0.0999
CT019250,Zone_03,Zone_08,0.1446,0.0928,0.0817,0.0885,0.1179,0.1208,0.1161,0.0784,0.1446,0.0321,0.1272
CT018411,Zone_07,Zone_06,0.1438,0.0967,0.0969,0.0722,0.1243,0.1139,0.1438,0.0702,0.1309,0.0329,0.1181
CT012712,Zone_04,Zone_02,0.128,0.1046,0.128,0.0826,0.1205,0.1066,0.0885,0.0962,0.1139,0.0388,0.1203
CT007237,Zone_05,Zone_03,0.1275,0.1091,0.087,0.1275,0.089,0.074,0.0918,0.1103,0.1225,0.0748,0.114
CT019744,Zone_01,Zone_06,0.1199,0.0983,0.0935,0.0887,0.0832,0.107,0.1199,0.1065,0.0948,0.0908,0.1173
CT002481,Zone_07,Zone_02,0.1413,0.0749,0.1413,0.1012,0.1269,0.0815,0.0959,0.1308,0.0839,0.0759,0.0878
CT015320,Zone_03,Zone_01,0.1256,0.1256,0.0701,0.0886,0.108,0.1075,0.1168,0.1069,0.0905,0.0885,0.0975
CT001753,Zone_07,Zone_05,0.1385,0.0893,0.07,0.0899,0.1295,0.1385,0.0816,0.1124,0.1255,0.0701,0.0932
CT003405,Zone_07,Zone_02,0.1377,0.1262,0.1377,0.1099,0.1269,0.0907,0.0793,0.1045,0.0871,0.0598,0.078
CT016144,Zone_09,Zone_09,0.1264,0.0974,0.1247,0.1015,0.0798,0.0851,0.1077,0.0921,0.092,0.1264,0.0934
CT017703,Zone_01,Zone_01,0.139,0.139,0.0846,0.0832,0.1181,0.1304,0.0832,0.0762,0.1224,0.0802,0.0828
CT016764,Zone_02,Zone_05,0.1302,0.1258,0.0908,0.1039,0.1008,0.1302,0.0621,0.0929,0.1274,0.0731,0.0929
CT018801,Zone_01,Zone_10,0.1409,0.092,0.098,0.096,0.1273,0.0918,0.085,0.0945,0.1185,0.0559,0.1409
CT012408,Zone_01,Zone_01,0.1414,0.1414,0.098,0.0998,0.1069,0.1334,0.044,0.108,0.1025,0.0725,0.0935
CT011920,Zone_08,Zone_02,0.1252,0.1038,0.1252,0.0954,0.0997,0.1017,0.1092,0.096,0.1078,0.0911,0.0701
CT015654,Zone_04,Zone_09,0.1307,0.112,0.1084,0.086,0.0855,0.1008,0.0725,0.0964,0.0915,0.1307,0.1162
CT015184,Zone_08,Zone_09,0.1376,0.0819,0.079,0.1283,0.0958,0.1119,0.0822,0.1044,0.1118,0.1376,0.0671
CT000286,Zone_08,Zone_09,0.1169,0.1051,0.0805,0.1081,0.1061,0.0845,0.1111,0.1081,0.0897,0.1169,0.0899
CT005977,Zone_07,Zone_06,0.119,0.0902,0.1085,0.076,0.1084,0.1161,0.119,0.114,0.0977,0.0604,0.1097
CT005827,Zone_08,Zone_06,0.1294,0.129,0.0632,0.0957,0.0948,0.0889,0.1294,0.0864,0.0974,0.1035,0.1118
CT014716,Zone_02,Zone_01,0.1283,0.1283,0.1083,0.1147,0.1219,0.0882,0.0781,0.113,0.0786,0.0541,0.1148
CT007477,Zone_08,Zone_09,0.143,0.1041,0.108,0.0975,0.0835,0.0866,0.086,0.0982,0.0883,0.143,0.1047
CT004281,Zone_02,Zone_10,0.1204,0.1058,0.1014,0.1058,0.1038,0.1171,0.0801,0.1056,0.0781,0.0819,0.1204
CT005094,Zone_05,Zone_09,0.1209,0.0936,0.0806,0.1166,0.0991,0.1088,0.0819,0.0959,0.0951,0.1209,0.1076
CT008219,Zone_08,Zone_05,0.1425,0.0971,0.0791,0.0926,0.0907,0.1425,0.0773,0.1219,0.0893,0.0917,0.1178
CT012334,Zone_04,Zone_05,0.1441,0.1139,0.0972,0.0825,0.1011,0.1441,0.0754,0.0957,0.1019,0.0798,0.1085
CT004487,Zone_07,Zone_07,0.1349,0.0982,0.1164,0.105,0.0885,0.102,0.1161,0.1349,0.0676,0.0706,0.1007
CT014214,Zone_04,Zone_08,0.1212,0.1103,0.0924,0.1192,0.093,0.0854,0.0958,0.102,0.1212,0.0721,0.1086
CT017040,Zone_07,Zone_05,0.1461,0.1002,0.1046,0.0729,0.0921,0.1461,0.0867,0.1153,0.0761,0.105,0.101
CT012094,Zone_05,Zone_10,0.1169,0.1034,0.0986,0.1029,0.0863,0.1111,0.1134,0.1047,0.0942,0.0685,0.1169
CT004168,Zone_08,Zone_06,0.1319,0.0752,0.1029,0.0833,0.1139,0.1105,0.1319,0.0724,0.1301,0.0609,0.1188
CT003678,Zone_08,Zone_09,0.1576,0.1033,0.0706,0.0951,0.093,0.1058,0.0988,0.0851,0.1161,0.1576,0.0747
CT013674,Zone_01,Zone_07,0.1611,0.0899,0.118,0.0978,0.1137,0.0814,0.0792,0.1611,0.0895,0.0567,0.1127
CT005060,Zone_02,Zone_06,0.1453,0.0772,0.0942,0.1115,0.0859,0.0773,0.1453,0.1022,0.0943,0.1139,0.0982
CT015062,Zone_10,Zone_05,0.1344,0.1334,0.0935,0.0829,0.1073,0.1344,0.0821,0.0849,0.1338,0.0705,0.0771
CT019115,Zone_03,Zone_08,0.1413,0.0891,0.1008,0.1002,0.1383,0.0893,0.0892,0.1026,0.1413,0.047,0.1022
CT010661,Zone_03,Zone_02,0.1346,0.1067,0.1346,0.0956,0.0962,0.0997,0.0707,0.1176,0.0936,0.0549,0.1304
CT006532,Zone_09,Zone_01,0.1147,0.1147,0.1074,0.0825,0.0993,0.1084,0.107,0.0895,0.0877,0.0954,0.1081
CT003805,Zone_02,Zone_05,0.1288,0.1051,0.0859,0.0807,0.0963,0.1288,0.0676,0.1127,0.0824,0.1158,0.1247
CT001253,Zone_03,Zone_07,0.1354,0.0996,0.1097,0.0983,0.0904,0.0798,0.0734,0.1354,0.0785,0.129,0.1059
CT012689,Zone_03,Zone_08,0.159,0.0823,0.1171,0.0838,0.1097,0.0988,0.1361,0.074,0.159,0.0394,0.0999
CT015942,Zone_08,Zone_05,0.1293,0.1157,0.0801,0.1014,0.0744,0.1293,0.1056,0.0711,0.1193,0.103,0.1001
CT001281,Zone_04,Zone_06,0.147,0.1113,0.0756,0.1099,0.0903,0.0976,0.147,0.079,0.13,0.0459,0.1134
CT008417,Zone_10,Zone_04,0.1329,0.0952,0.106,0.0938,0.1329,0.0914,0.0855,0.1234,0.1183,0.038,0.1156
CT013747,Zone_07,Zone_04,0.127,0.0731,0.0842,0.1013,0.127,0.1053,0.1098,0.0997,0.0966,0.0905,0.1125
CT018068,Zone_07,Zone_01,0.1246,0.1246,0.0704,0.1022,0.0887,0.1085,0.1202,0.0827,0.1158,0.0667,0.1202
CT010391,Zone_08,Zone_01,0.1211,0.1211,0.102,0.085,0.09,0.1186,0.0953,0.0913,0.1156,0.0728,0.1084
CT012438,Zone_02,Zone_04,0.1434,0.103,0.0894,0.0929,0.1434,0.0833,0.0657,0.1362,0.096,0.0804,0.1097
CT013359,Zone_08,Zone_10,0.1182,0.1124,0.1132,0.1059,0.0875,0.0817,0.0749,0.102,0.1078,0.0965,0.1182
CT018483,Zone_08,Zone_09,0.1321,0.0907,0.0913,0.0936,0.0747,0.1274,0.1022,0.0812,0.1035,0.1321,0.1033
CT014411,Zone_04,Zone_01,0.1361,0.1361,0.0857,0.1073,0.1185,0.1156,0.0824,0.106,0.0878,0.0598,0.1007
CT002355,Zone_08,Zone_09,0.1152,0.1027,0.1115,0.0814,0.0839,0.115,0.1009,0.1101,0.0824,0.1152,0.097
CT010014,Zone_03,Zone_05,0.1437,0.0888,0.0967,0.0767,0.0959,0.1437,0.1063,0.0885,0.0791,0.1095,0.1148
CT002620,Zone_06,Zone_03,0.1307,0.1057,0.0994,0.1307,0.085,0.1048,0.0811,0.0925,0.114,0.0695,0.1173
CT001635,Zone_10,Zone_05,0.13,0.119,0.1042,0.0901,0.0896,0.13,0.0796,0.0996,0.086,0.0839,0.118
CT008411,Zone_08,Zone_06,0.129,0.0897,0.1223,0.0876,0.122,0.0626,0.129,0.1141,0.1076,0.0505,0.1147
CT007903,Zone_10,Zone_05,0.1211,0.1171,0.1062,0.0955,0.0975,0.1211,0.0967,0.0873,0.0996,0.0828,0.0963
CT008871,Zone_08,Zone_09,0.1229,0.0915,0.0939,0.0994,0.0944,0.1017,0.1026,0.1211,0.0946,0.1229,0.0778
CT007777,Zone_01,Zone_02,0.1296,0.079,0.1296,0.0821,0.1005,0.1119,0.0821,0.1081,0.0809,0.1127,0.1131
CT003637,Zone_07,Zone_06,0.1443,0.0858,0.0949,0.1065,0.0871,0.1224,0.1443,0.0746,0.1225,0.0733,0.0887
CT011585,Zone_07,Zone_02,0.1347,0.0928,0.1347,0.0837,0.0962,0.1081,0.0949,0.0979,0.081,0.1166,0.0941
CT019131,Zone_08,Zone_07,0.1287,0.1096,0.1179,0.0818,0.1206,0.1104,0.0808,0.1287,0.089,0.0524,0.1088
CT011808,Zone_07,Zone_09,0.1554,0.1116,0.1177,0.111,0.0774,0.0813,0.048,0.0996,0.0963,0.1554,0.1017
CT002627,Zone_07,Zone_03,0.1342,0.087,0.0876,0.1342,0.1089,0.0806,0.1319,0.1139,0.0799,0.0952,0.0807
CT004325,Zone_01,Zone_01,0.1202,0.1202,0.1155,0.077,0.0922,0.1194,0.0909,0.0969,0.0892,0.0898,0.109
CT009263,Zone_07,Zone_09,0.1326,0.107,0.1233,0.0953,0.0992,0.0799,0.0642,0.1227,0.0715,0.1326,0.1044
CT006260,Zone_04,Zone_05,0.1276,0.088,0.0972,0.0758,0.0875,0.1276,0.1235,0.0921,0.1103,0.0847,0.1133
CT011362,Zone_08,Zone_04,0.1454,0.0634,0.1355,0.0964,0.1454,0.0875,0.13,0.0793,0.1102,0.0589,0.0932
CT001877,Zone_04,Zone_06,0.1485,0.0813,0.0893,0.087,0.1146,0.0903,0.1485,0.0854,0.1275,0.0587,0.1175
CT001589,Zone_04,Zone_03,0.1274,0.072,0.08,0.1274,0.1018,0.1138,0.0983,0.1261,0.0874,0.0926,0.1006
CT015834,Zone_07,Zone_06,0.1355,0.0872,0.0959,0.083,0.0824,0.0901,0.1355,0.1066,0.085,0.1255,0.1088
CT003940,Zone_03,Zone_05,0.1536,0.0766,0.0694,0.0947,0.0819,0.1536,0.0901,0.104,0.1,0.1125,0.1172
CT014640,Zone_07,Zone_09,0.1408,0.1281,0.0902,0.0855,0.0981,0.1065,0.0798,0.0817,0.1048,0.1408,0.0845
CT013353,Zone_08,Zone_06,0.1429,0.0919,0.0952,0.0803,0.0737,0.1126,0.1429,0.0839,0.1003,0.1148,0.1045
CT013007,Zone_08,Zone_09,0.176,0.1009,0.099,0.0802,0.1154,0.0869,0.0818,0.1065,0.0794,0.176,0.0739
CT003084,Zone_07,Zone_09,0.1274,0.1193,0.0821,0.1184,0.1103,0.098,0.0603,0.0956,0.0985,0.1274,0.0904
CT004863,Zone_04,Zone_09,0.235,0.0815,0.0799,0.1057,0.0682,0.0712,0.104,0.078,0.0903,0.235,0.086
CT018159,Zone_10,Zone_10,0.1211,0.0962,0.1081,0.0877,0.0767,0.1097,0.1201,0.0844,0.117,0.079,0.1211
CT008614,Zone_02,Zone_03,0.126,0.0809,0.0797,0.126,0.0917,0.1229,0.0923,0.091,0.1104,0.1097,0.0954
CT016857,Zone_04,Zone_10,0.1303,0.0958,0.1268,0.0892,0.125,0.0791,0.0744,0.1105,0.1149,0.054,0.1303
CT006663,Zone_03,Zone_02,0.1154,0.0986,0.1154,0.0911,0.088,0.093,0.0924,0.1033,0.0906,0.1121,0.1153
CT018904,Zone_07,Zone_02,0.1338,0.1034,0.1338,0.0839,0.1223,0.0981,0.094,0.099,0.1165,0.037,0.1121
CT005081,Zone_01,Zone_05,0.1325,0.1194,0.0793,0.0976,0.1012,0.1325,0.1003,0.1056,0.0919,0.0576,0.1147
CT000568,Zone_02,Zone_10,0.1409,0.1264,0.0827,0.1075,0.0909,0.1105,0.0897,0.0819,0.1165,0.0531,0.1409
CT004048,Zone_04,Zone_09,0.1885,0.1031,0.104,0.074,0.1,0.101,0.0833,0.0951,0.0799,0.1885,0.0711
CT002625,Zone_07,Zone_10,0.128,0.0932,0.1098,0.0943,0.0932,0.1128,0.0903,0.1267,0.0821,0.0697,0.128
CT002469,Zone_07,Zone_09,0.1395,0.098,0.0813,0.1025,0.08,0.0988,0.0917,0.098,0.0983,0.1395,0.1121
CT013999,Zone_04,Zone_03,0.1194,0.1097,0.0865,0.1194,0.1141,0.1064,0.0962,0.1179,0.0892,0.0639,0.0968
CT005956,Zone_08,Zone_03,0.1381,0.0849,0.0654,0.1381,0.1079,0.08,0.1232,0.1093,0.1322,0.0526,0.1064
CT012422,Zone_04,Zone_09,0.1843,0.101,0.0811,0.0862,0.0952,0.0693,0.0838,0.1063,0.0777,0.1843,0.1152
CT012042,Zone_07,Zone_08,0.1404,0.1013,0.1121,0.0709,0.0685,0.1027,0.1253,0.0649,0.1404,0.1226,0.0914
CT014930,Zone_08,Zone_06,0.1333,0.1022,0.0988,0.1144,0.0808,0.0879,0.1333,0.0941,0.1244,0.069,0.0951
CT009268,Zone_06,Zone_09,0.1357,0.0944,0.114,0.1,0.1271,0.0525,0.0698,0.1246,0.0982,0.1357,0.0838
CT007292,Zone_04,Zone_09,0.1697,0.0972,0.0653,0.0723,0.1029,0.0984,0.0954,0.1,0.0783,0.1697,0.1204
CT008284,Zone_07,Zone_05,0.1459,0.1089,0.0978,0.0683,0.1052,0.1459,0.0934,0.0881,0.0809,0.0965,0.115
CT017875,Zone_03,Zone_07,0.1243,0.0829,0.0896,0.12,0.1016,0.0711,0.1115,0.1243,0.1156,0.0966,0.0867
CT001238,Zone_08,Zone_08,0.1271,0.1024,0.0985,0.1216,0.0874,0.0834,0.1264,0.0912,0.1271,0.0609,0.101
CT003502,Zone_08,Zone_01,0.1378,0.1378,0.0869,0.1078,0.0989,0.1028,0.0999,0.0826,0.1274,0.0398,0.1161
CT012069,Zone_03,Zone_06,0.1525,0.1182,0.0659,0.0785,0.0906,0.1192,0.1525,0.0806,0.0971,0.0873,0.11
CT008432,Zone_02,Zone_03,0.131,0.1147,0.0698,0.131,0.0871,0.1088,0.1234,0.0777,0.1298,0.0456,0.1121
CT011336,Zone_02,Zone_08,0.1117,0.1083,0.0921,0.1078,0.0991,0.0937,0.1025,0.1042,0.1117,0.0692,0.1113
CT009325,Zone_08,Zone_09,0.1457,0.0818,0.0893,0.1164,0.1245,0.0685,0.079,0.1129,0.1081,0.1457,0.0739
CT000687,Zone_08,Zone_03,0.122,0.0733,0.0838,0.122,0.1008,0.0786,0.1158,0.1115,0.1215,0.0907,0.1019
CT009993,Zone_05,Zone_07,0.1274,0.096,0.1158,0.1237,0.1018,0.0732,0.0862,0.1274,0.0868,0.1034,0.0858
CT019589,Zone_04,Zone_05,0.1215,0.1126,0.0858,0.1209,0.0918,0.1215,0.0851,0.1026,0.1192,0.0549,0.1055
CT008482,Zone_01,Zone_05,0.1343,0.1176,0.085,0.0951,0.0821,0.1343,0.0697,0.0867,0.1099,0.1288,0.0909
CT018581,Zone_01,Zone_07,0.1507,0.0781,0.0882,0.0999,0.124,0.063,0.091,0.1507,0.0765,0.1349,0.0936
CT002890,Zone_03,Zone_02,0.1321,0.0857,0.1321,0.1022,0.1057,0.1034,0.1028,0.1042,0.0693,0.0827,0.1117
CT009572,Zone_08,Zone_03,0.1381,0.091,0.1058,0.1381,0.0948,0.0698,0.0986,0.095,0.1197,0.1016,0.0856
CT003736,Zone_10,Zone_08,0.1411,0.091,0.1009,0.0864,0.136,0.1006,0.0891,0.0911,0.1411,0.0683,0.0954
CT001863,Zone_09,Zone_05,0.1433,0.0858,0.0736,0.0795,0.0958,0.1433,0.0797,0.0974,0.0938,0.1282,0.123
CT002847,Zone_04,Zone_08,0.1575,0.0988,0.1226,0.0721,0.1317,0.1229,0.1054,0.0694,0.1575,0.043,0.0765
CT012402,Zone_07,Zone_02,0.1165,0.0926,0.1165,0.1125,0.0949,0.0807,0.1057,0.105,0.1094,0.0856,0.097
CT005648,Zone_03,Zone_01,0.1394,0.1394,0.0865,0.0859,0.0977,0.1257,0.0893,0.0998,0.0961,0.0647,0.1151
CT000603,Zone_06,Zone_09,0.1475,0.1004,0.0829,0.0994,0.0941,0.089,0.0842,0.115,0.082,0.1475,0.1055
CT008604,Zone_10,Zone_02,0.1296,0.1003,0.1296,0.0812,0.0914,0.0733,0.1173,0.1011,0.0873,0.1086,0.1098
CT008406,Zone_07,Zone_02,0.1225,0.1048,0.1225,0.0915,0.0938,0.0949,0.0734,0.1106,0.082,0.1099,0.1167
CT006720,Zone_08,Zone_09,0.2056,0.0817,0.0637,0.087,0.078,0.1224,0.0874,0.0697,0.0988,0.2056,0.1056
CT008120,Zone_08,Zone_01,0.1321,0.1321,0.098,0.1318,0.1089,0.1072,0.0631,0.1298,0.0879,0.0386,0.1027
CT016793,Zone_08,Zone_09,0.1938,0.087,0.0775,0.1135,0.0853,0.0927,0.0749,0.0776,0.1254,0.1938,0.0721
CT010613,Zone_07,Zone_04,0.1309,0.0735,0.1154,0.1146,0.1309,0.1049,0.1288,0.1136,0.0857,0.0537,0.0789
CT007995,Zone_02,Zone_09,0.1821,0.0962,0.0712,0.1221,0.081,0.1026,0.0475,0.0917,0.1206,0.1821,0.0851
CT014790,Zone_07,Zone_02,0.1359,0.1025,0.1359,0.1078,0.0991,0.0812,0.0816,0.097,0.101,0.095,0.099
CT015860,Zone_10,Zone_04,0.1474,0.0936,0.0929,0.0898,0.1474,0.0996,0.0715,0.1209,0.0948,0.104,0.0854
CT019578,Zone_08,Zone_10,0.1259,0.0923,0.0873,0.0889,0.0899,0.0995,0.114,0.0888,0.093,0.1203,0.1259
CT017654,Zone_07,Zone_09,0.167,0.1028,0.1007,0.0691,0.0792,0.1389,0.0594,0.0969,0.0898,0.167,0.0962
CT018078,Zone_08,Zone_01,0.1151,0.1151,0.0833,0.086,0.1056,0.1112,0.1064,0.101,0.0982,0.0869,0.1064
CT005267,Zone_04,Zone_06,0.1347,0.0589,0.0758,0.1328,0.1045,0.0781,0.1347,0.0965,0.1267,0.1057,0.0863
CT016748,Zone_10,Zone_02,0.1243,0.1143,0.1243,0.087,0.0979,0.0744,0.08,0.1125,0.0855,0.1136,0.1105
CT004094,Zone_01,Zone_03,0.1524,0.0909,0.104,0.1524,0.0993,0.081,0.087,0.1062,0.102,0.0729,0.1043
CT016875,Zone_07,Zone_09,0.1689,0.0733,0.091,0.1061,0.1034,0.0747,0.1275,0.1012,0.0823,0.1689,0.0716
CT011338,Zone_08,Zone_03,0.132,0.0759,0.1004,0.132,0.0826,0.1007,0.1001,0.109,0.0985,0.0883,0.1125
CT004409,Zone_07,Zone_07,0.122,0.1037,0.1058,0.0977,0.0901,0.0908,0.0894,0.122,0.0815,0.118,0.101
CT000334,Zone_07,Zone_10,0.1246,0.1194,0.0866,0.0947,0.0938,0.1167,0.0938,0.089,0.0932,0.0882,0.1246
CT014329,Zone_10,Zone_06,0.1272,0.0704,0.0971,0.0891,0.1218,0.0792,0.1272,0.0833,0.1217,0.1097,0.1005
CT011548,Zone_04,Zone_05,0.1412,0.109,0.0756,0.0829,0.0873,0.1412,0.1069,0.0829,0.1096,0.0884,0.1162
CT010348,Zone_08,Zone_04,0.1319,0.1085,0.1145,0.0805,0.1319,0.0866,0.0835,0.1299,0.1075,0.0737,0.0834
CT007162,Zone_08,Zone_01,0.133,0.133,0.0959,0.0748,0.1077,0.1059,0.1208,0.0777,0.1204,0.0865,0.0773
CT017986,Zone_04,Zone_08,0.1276,0.0909,0.1232,0.1032,0.0726,0.1178,0.1218,0.0703,0.1276,0.0704,0.102
CT003259,Zone_07,Zone_06,0.1418,0.0947,0.0968,0.1137,0.0901,0.0838,0.1418,0.137,0.0648,0.0927,0.0847
CT012024,Zone_02,Zone_09,0.198,0.1182,0.0941,0.0818,0.0965,0.0848,0.06,0.0829,0.0953,0.198,0.0884
CT004190,Zone_08,Zone_09,0.1197,0.1024,0.093,0.0862,0.0938,0.1111,0.1016,0.0983,0.0914,0.1197,0.1025
CT013212,Zone_04,Zone_05,0.1251,0.1022,0.1153,0.0922,0.0762,0.1251,0.0867,0.0755,0.0948,0.116,0.116
CT010084,Zone_10,Zone_06,0.1673,0.0591,0.135,0.0841,0.1075,0.0893,0.1673,0.0867,0.1187,0.0556,0.0968
CT019890,Zone_03,Zone_02,0.1365,0.1191,0.1365,0.087,0.0893,0.0843,0.077,0.1135,0.0828,0.1024,0.1079
CT014251,Zone_07,Zone_07,0.1273,0.0993,0.119,0.0882,0.0881,0.0781,0.105,0.1273,0.0854,0.087,0.1227
CT011725,Zone_02,Zone_01,0.1488,0.1488,0.1063,0.0752,0.0922,0.1122,0.1087,0.0779,0.1369,0.0493,0.0925
CT013483,Zone_04,Zone_09,0.135,0.0833,0.0968,0.0862,0.0765,0.1069,0.1063,0.0916,0.0904,0.135,0.1269
CT017428,Zone_02,Zone_05,0.1376,0.0993,0.0837,0.0771,0.1103,0.1376,0.1315,0.0983,0.1058,0.0429,0.1135
CT001672,Zone_07,Zone_02,0.1503,0.0923,0.1503,0.1212,0.1063,0.0813,0.085,0.1436,0.0681,0.0491,0.1027
CT010298,Zone_08,Zone_05,0.127,0.1201,0.0988,0.0859,0.1083,0.127,0.0961,0.0832,0.1251,0.0791,0.0764
CT017323,Zone_10,Zone_08,0.1213,0.095,0.0967,0.1199,0.1003,0.0936,0.1207,0.0797,0.1213,0.0785,0.0943
CT006412,Zone_07,Zone_05,0.1423,0.0828,0.0671,0.0687,0.0864,0.1423,0.1273,0.0811,0.0901,0.1404,0.1136
CT009808,Zone_02,Zone_09,0.1439,0.0873,0.1216,0.1012,0.1191,0.0932,0.0754,0.098,0.0783,0.1439,0.082
CT006658,Zone_10,Zone_04,0.148,0.1162,0.0859,0.0991,0.148,0.0772,0.0692,0.1416,0.0897,0.0887,0.0843
CT004598,Zone_01,Zone_06,0.1491,0.0813,0.1234,0.0699,0.1057,0.1038,0.1491,0.0818,0.1292,0.0464,0.1095
CT010168,Zone_07,Zone_09,0.2076,0.0795,0.0937,0.0952,0.0779,0.0779,0.0975,0.0913,0.1018,0.2076,0.0777
CT018473,Zone_07,Zone_03,0.1325,0.0916,0.0982,0.1325,0.1128,0.0818,0.1132,0.1038,0.1202,0.0432,0.1028
CT009139,Zone_04,Zone_05,0.1109,0.1069,0.1079,0.0965,0.1054,0.1109,0.1087,0.0891,0.0928,0.0923,0.0897
CT012319,Zone_08,Zone_07,0.1355,0.0993,0.0972,0.0957,0.1303,0.0825,0.0883,0.1355,0.0983,0.0799,0.0929
CT002985,Zone_02,Zone_05,0.1362,0.1023,0.1099,0.0663,0.1245,0.1362,0.1035,0.1061,0.1075,0.045,0.0987
CT013881,Zone_08,Zone_01,0.1227,0.1227,0.1195,0.1122,0.0962,0.0664,0.0853,0.1065,0.105,0.0737,0.1126
CT013990,Zone_01,Zone_03,0.1615,0.0978,0.096,0.1615,0.0992,0.0678,0.0674,0.1132,0.1176,0.0843,0.0951
CT006237,Zone_08,Zone_06,0.1259,0.0925,0.079,0.0964,0.1106,0.1023,0.1259,0.1077,0.0906,0.0872,0.1078
CT013521,Zone_07,Zone_06,0.1317,0.1227,0.0849,0.0872,0.0925,0.1298,0.1317,0.0831,0.1009,0.0615,0.1058
CT001735,Zone_07,Zone_09,0.1549,0.0947,0.1149,0.0898,0.0939,0.0778,0.0902,0.1107,0.0747,0.1549,0.0984
CT010590,Zone_07,Zone_06,0.1307,0.094,0.0821,0.0964,0.0957,0.1164,0.1307,0.1072,0.0965,0.0981,0.0829
CT003933,Zone_07,Zone_05,0.1445,0.1045,0.109,0.0857,0.0987,0.1445,0.0757,0.0972,0.0813,0.0667,0.1365
CT016653,Zone_07,Zone_09,0.1541,0.0801,0.1074,0.1128,0.1128,0.091,0.0907,0.0942,0.0785,0.1541,0.0784
CT016290,Zone_07,Zone_10,0.1387,0.0891,0.0911,0.1004,0.1381,0.1085,0.0684,0.1071,0.1133,0.0452,0.1387
CT019126,Zone_07,Zone_08,0.1269,0.1245,0.0738,0.1139,0.1066,0.1073,0.0544,0.0998,0.1269,0.0834,0.1094
CT006243,Zone_02,Zone_04,0.1501,0.109,0.0907,0.1024,0.1501,0.1004,0.0783,0.1086,0.1213,0.0306,0.1084
CT006276,Zone_08,Zone_05,0.1312,0.0723,0.1104,0.0855,0.1276,0.1312,0.0907,0.1278,0.0827,0.0517,0.1201
CT013067,Zone_07,Zone_08,0.13,0.0882,0.1138,0.0747,0.1116,0.1054,0.1166,0.092,0.13,0.0512,0.1163
CT010364,Zone_08,Zone_06,0.1316,0.083,0.1157,0.0825,0.1066,0.1085,0.1316,0.0872,0.1258,0.0423,0.1168
CT002861,Zone_08,Zone_06,0.1426,0.0911,0.118,0.068,0.1044,0.1099,0.1426,0.0958,0.1256,0.0517,0.0929
CT011013,Zone_08,Zone_02,0.1525,0.0816,0.1525,0.0932,0.0904,0.0935,0.1094,0.093,0.0818,0.1073,0.0972
CT012307,Zone_04,Zone_09,0.1617,0.089,0.0883,0.0997,0.0877,0.0876,0.1053,0.105,0.0805,0.1617,0.0953
CT008947,Zone_02,Zone_09,0.1615,0.0988,0.0877,0.067,0.088,0.1207,0.1013,0.0848,0.0873,0.1615,0.1029
CT015517,Zone_08,Zone_05,0.1253,0.1028,0.0982,0.1023,0.0878,0.1253,0.0857,0.0964,0.0983,0.0893,0.1137
CT004818,Zone_07,Zone_03,0.1274,0.0964,0.0731,0.1274,0.1071,0.0827,0.1031,0.1054,0.0902,0.1262,0.0883
CT009541,Zone_10,Zone_09,0.1749,0.1224,0.0777,0.0985,0.094,0.0748,0.0681,0.0997,0.0964,0.1749,0.0933
CT002882,Zone_03,Zone_04,0.1453,0.089,0.1151,0.1001,0.1453,0.0651,0.0681,0.1451,0.0711,0.1075,0.0936
CT014259,Zone_08,Zone_09,0.1306,0.0793,0.0912,0.0978,0.074,0.1292,0.109,0.0978,0.0911,0.1306,0.1
CT019176,Zone_04,Zone_09,0.168,0.0786,0.1263,0.1059,0.0607,0.0924,0.0891,0.0833,0.097,0.168,0.0987
CT011711,Zone_08,Zone_02,0.15,0.0999,0.15,0.1213,0.1118,0.0813,0.0901,0.1265,0.0683,0.0588,0.0921
CT014212,Zone_07,Zone_05,0.1282,0.1034,0.076,0.1075,0.0924,0.1282,0.1095,0.0922,0.1092,0.0833,0.0983
CT015588,Zone_04,Zone_02,0.1521,0.066,0.1521,0.0778,0.1163,0.0935,0.1332,0.1041,0.0987,0.0434,0.1147
CT016082,Zone_08,Zone_05,0.1344,0.1165,0.0812,0.0867,0.1033,0.1344,0.098,0.0898,0.1092,0.1001,0.081
CT016782,Zone_07,Zone_08,0.1371,0.0999,0.072,0.1292,0.0928,0.1139,0.0732,0.078,0.1371,0.1147,0.0892
CT010115,Zone_02,Zone_02,0.1353,0.1266,0.1353,0.101,0.1047,0.0598,0.0932,0.1073,0.0969,0.0661,0.1091
CT005303,Zone_07,Zone_02,0.1575,0.0789,0.1575,0.0877,0.1103,0.1014,0.1496,0.088,0.0892,0.0457,0.0917
CT007219,Zone_04,Zone_02,0.1288,0.1002,0.1288,0.1101,0.0807,0.0748,0.0759,0.0986,0.1001,0.1268,0.104
CT002069,Zone_04,Zone_02,0.1249,0.1133,0.1249,0.0965,0.0874,0.0806,0.0925,0.1114,0.0832,0.1067,0.1035
CT006548,Zone_08,Zone_08,0.1536,0.0854,0.1218,0.0996,0.1243,0.0984,0.1233,0.0747,0.1536,0.0302,0.0888
CT008348,Zone_03,Zone_02,0.123,0.0795,0.123,0.1212,0.1083,0.0908,0.0889,0.1138,0.0943,0.0876,0.0926
CT017634,Zone_06,Zone_07,0.139,0.0932,0.0882,0.1142,0.1089,0.1173,0.079,0.139,0.093,0.0488,0.1184
CT008474,Zone_02,Zone_09,0.1465,0.0881,0.0926,0.0991,0.0988,0.1045,0.1142,0.0697,0.1021,0.1465,0.0844
CT011210,Zone_03,Zone_06,0.1406,0.097,0.1287,0.0663,0.0869,0.1282,0.1406,0.0737,0.1042,0.0904,0.0839
CT013970,Zone_07,Zone_05,0.1516,0.0942,0.0825,0.1028,0.0872,0.1516,0.0645,0.0937,0.1108,0.0747,0.1381
CT019308,Zone_03,Zone_02,0.1178,0.1067,0.1178,0.105,0.1127,0.1046,0.0815,0.1037,0.0737,0.0999,0.0945
CT003495,Zone_03,Zone_09,0.1846,0.0723,0.091,0.0935,0.0787,0.0787,0.1518,0.0888,0.0857,0.1846,0.0749
CT000064,Zone_07,Zone_05,0.1219,0.1157,0.1005,0.0985,0.0984,0.1219,0.097,0.0911,0.1114,0.0596,0.1058
CT006218,Zone_08,Zone_08,0.1233,0.0994,0.0788,0.1031,0.0769,0.1195,0.1014,0.0885,0.1233,0.119,0.0901
CT004015,Zone_07,Zone_09,0.1355,0.0805,0.1119,0.0971,0.0805,0.0817,0.1108,0.0838,0.1168,0.1355,0.1014
CT016527,Zone_01,Zone_03,0.1432,0.0821,0.0502,0.1432,0.1283,0.0715,0.1056,0.1178,0.1101,0.0993,0.0918
CT017842,Zone_08,Zone_06,0.1541,0.1098,0.0808,0.0805,0.0853,0.084,0.1541,0.09,0.0962,0.1168,0.1023
CT011807,Zone_08,Zone_05,0.1445,0.0887,0.0893,0.0783,0.1223,0.1445,0.0842,0.1118,0.1168,0.0594,0.1046
CT017379,Zone_08,Zone_05,0.1213,0.1194,0.1045,0.0913,0.1119,0.1213,0.0774,0.1203,0.0684,0.0793,0.1062
CT007009,Zone_02,Zone_01,0.1318,0.1318,0.0907,0.0957,0.1001,0.1215,0.0813,0.0952,0.1087,0.07,0.105
CT014096,Zone_05,Zone_09,0.1372,0.0763,0.1103,0.1174,0.0803,0.0939,0.1195,0.0969,0.0908,0.1372,0.0776
CT011290,Zone_01,Zone_03,0.1199,0.0802,0.0951,0.1199,0.1189,0.1126,0.1043,0.1171,0.1018,0.0652,0.0849
CT013314,Zone_07,Zone_06,0.1413,0.0888,0.085,0.0917,0.0805,0.1084,0.1413,0.0865,0.0781,0.1372,0.1024
CT001991,Zone_03,Zone_09,0.2884,0.0852,0.1027,0.0656,0.0836,0.0763,0.0789,0.0777,0.0713,0.2884,0.0702
CT004874,Zone_07,Zone_07,0.1261,0.1075,0.0959,0.088,0.0989,0.0944,0.1001,0.1261,0.0907,0.0999,0.0985
CT015461,Zone_08,Zone_01,0.1331,0.1331,0.1212,0.1105,0.0918,0.1027,0.0613,0.1039,0.1002,0.055,0.1203
CT015725,Zone_10,Zone_09,0.1276,0.1134,0.1161,0.08,0.0911,0.1028,0.0643,0.1011,0.0809,0.1276,0.1227
CT000090,Zone_07,Zone_10,0.1194,0.0988,0.0966,0.0965,0.0907,0.0968,0.1169,0.1059,0.1002,0.0781,0.1194
CT010716,Zone_04,Zone_03,0.1288,0.0899,0.0912,0.1288,0.0988,0.1042,0.1038,0.1115,0.1005,0.0815,0.0898
CT016894,Zone_01,Zone_05,0.147,0.1143,0.0773,0.0833,0.0856,0.147,0.1322,0.0766,0.1005,0.072,0.1112
CT005889,Zone_07,Zone_05,0.1498,0.0902,0.0844,0.0926,0.0799,0.1498,0.11,0.091,0.0904,0.1153,0.0966
CT017869,Zone_08,Zone_05,0.1219,0.1149,0.1062,0.0742,0.0849,0.1219,0.1214,0.0771,0.112,0.0905,0.097
CT013363,Zone_04,Zone_09,0.1331,0.1259,0.0949,0.0867,0.1032,0.092,0.0788,0.1039,0.0892,0.1331,0.0923
CT014632,Zone_02,Zone_05,0.1271,0.1235,0.0765,0.0818,0.1118,0.1271,0.0702,0.0923,0.0861,0.1138,0.117
CT002899,Zone_08,Zone_09,0.1134,0.1064,0.0868,0.1072,0.0932,0.1037,0.0854,0.1065,0.0966,0.1134,0.1009
CT017988,Zone_04,Zone_06,0.1519,0.0881,0.0883,0.1188,0.0738,0.0958,0.1519,0.0901,0.1224,0.0605,0.1103
CT014342,Zone_04,Zone_09,0.1661,0.1025,0.0567,0.0941,0.1097,0.1104,0.0768,0.1038,0.0939,0.1661,0.086
CT001947,Zone_01,Zone_07,0.1332,0.102,0.1294,0.115,0.125,0.0542,0.1214,0.1332,0.1029,0.0359,0.0811
CT011856,Zone_04,Zone_01,0.1253,0.1253,0.1094,0.0939,0.0878,0.1124,0.0815,0.0998,0.0901,0.0941,0.1057
CT009872,Zone_07,Zone_09,0.1846,0.0971,0.0939,0.0791,0.0783,0.0867,0.0913,0.0716,0.1026,0.1846,0.1147
CT015536,Zone_03,Zone_09,0.1415,0.1207,0.095,0.0907,0.1074,0.0947,0.0631,0.1029,0.0893,0.1415,0.0947
CT010969,Zone_08,Zone_08,0.1255,0.1101,0.0938,0.1055,0.0855,0.1,0.0933,0.1117,0.1255,0.0778,0.0968
CT004093,Zone_07,Zone_04,0.1482,0.0786,0.0997,0.072,0.1482,0.0841,0.1164,0.0866,0.108,0.1014,0.1049
CT014011,Zone_06,Zone_01,0.1224,0.1224,0.0953,0.1031,0.1017,0.0806,0.0758,0.1035,0.0914,0.1115,0.1148
CT015689,Zone_04,Zone_09,0.1607,0.0903,0.0911,0.0632,0.0841,0.1274,0.097,0.0967,0.0802,0.1607,0.1094
CT016265,Zone_10,Zone_03,0.1339,0.1172,0.068,0.1339,0.0916,0.0704,0.1157,0.0989,0.1197,0.0727,0.1119
CT013950,Zone_08,Zone_07,0.1279,0.0807,0.12,0.0988,0.1025,0.1105,0.1003,0.1279,0.068,0.1104,0.081
CT006116,Zone_07,Zone_05,0.1183,0.1028,0.0923,0.0951,0.1097,0.1183,0.0834,0.088,0.0923,0.1159,0.1021
CT012962,Zone_08,Zone_09,0.1519,0.0936,0.0981,0.0817,0.0884,0.1078,0.0734,0.1079,0.0911,0.1519,0.1061
CT011610,Zone_02,Zone_06,0.123,0.1051,0.0613,0.0927,0.1026,0.0989,0.123,0.1075,0.1008,0.1123,0.096
CT019323,Zone_07,Zone_09,0.1377,0.0833,0.1152,0.1127,0.0851,0.0908,0.112,0.0987,0.0867,0.1377,0.0777
CT003978,Zone_03,Zone_06,0.1474,0.108,0.0789,0.1001,0.0855,0.0804,0.1474,0.0996,0.0985,0.1022,0.0993
CT019559,Zone_07,Zone_09,0.1514,0.094,0.0808,0.0917,0.1081,0.0896,0.0942,0.1006,0.1108,0.1514,0.0788
CT010737,Zone_05,Zone_09,0.1481,0.0915,0.1306,0.1097,0.1037,0.0784,0.0687,0.1079,0.0768,0.1481,0.0845
CT011712,Zone_02,Zone_08,0.1315,0.1087,0.0873,0.1217,0.0844,0.0827,0.1118,0.106,0.1315,0.0538,0.112
CT009915,Zone_04,Zone_04,0.1404,0.0976,0.0732,0.0847,0.1404,0.1039,0.1263,0.0903,0.1187,0.0558,0.1091
CT013068,Zone_07,Zone_05,0.1249,0.1217,0.0873,0.0951,0.0944,0.1249,0.0894,0.1034,0.1022,0.0952,0.0863
CT019907,Zone_07,Zone_05,0.1225,0.0893,0.0961,0.1026,0.0812,0.1225,0.0969,0.1063,0.088,0.1132,0.1039
CT019133,Zone_07,Zone_01,0.1102,0.1102,0.0997,0.0932,0.1016,0.0932,0.0989,0.1084,0.1072,0.0964,0.0913
CT010738,Zone_05,Zone_06,0.1494,0.0848,0.0906,0.0808,0.1169,0.0753,0.1494,0.0909,0.121,0.0738,0.1164
CT005095,Zone_09,Zone_08,0.1581,0.0807,0.0874,0.086,0.14,0.1165,0.1142,0.0744,0.1581,0.0489,0.0938
CT006646,Zone_03,Zone_04,0.1473,0.1075,0.1047,0.0788,0.1473,0.1127,0.0903,0.0939,0.1207,0.0415,0.1027
CT011147,Zone_03,Zone_09,0.1492,0.1063,0.1077,0.0868,0.0764,0.1099,0.0737,0.0766,0.1113,0.1492,0.1019
CT012534,Zone_08,Zone_09,0.1869,0.0932,0.1156,0.0749,0.0978,0.0916,0.0789,0.0918,0.0752,0.1869,0.0939
CT006598,Zone_04,Zone_09,0.2083,0.0886,0.0965,0.0769,0.0976,0.0726,0.0829,0.0967,0.0893,0.2083,0.0907
CT009310,Zone_08,Zone_01,0.1175,0.1175,0.1136,0.0759,0.0848,0.1116,0.0967,0.0907,0.0939,0.1165,0.0987
CT009437,Zone_04,Zone_09,0.1364,0.1038,0.0697,0.0795,0.101,0.0971,0.0978,0.1146,0.0811,0.1364,0.1189
CT010226,Zone_08,Zone_09,0.1352,0.0911,0.0979,0.1195,0.0812,0.0966,0.0685,0.0868,0.0979,0.1352,0.1253
CT001570,Zone_08,Zone_02,0.129,0.0953,0.129,0.1101,0.1029,0.0758,0.0947,0.1266,0.074,0.1095,0.0822
CT003766,Zone_07,Zone_09,0.1831,0.0771,0.1102,0.1319,0.0964,0.0821,0.0665,0.0839,0.0977,0.1831,0.0711
CT018944,Zone_07,Zone_05,0.1465,0.1029,0.0843,0.1207,0.0868,0.1465,0.0586,0.1082,0.1004,0.0578,0.1337
CT008822,Zone_08,Zone_06,0.1342,0.1118,0.0815,0.0936,0.0884,0.1175,0.1342,0.0961,0.1084,0.0626,0.1057
CT010819,Zone_04,Zone_03,0.1371,0.0888,0.1258,0.1371,0.1107,0.071,0.1144,0.0945,0.1047,0.0823,0.0708
CT000795,Zone_02,Zone_09,0.1766,0.0993,0.0756,0.1039,0.1026,0.0937,0.071,0.094,0.1127,0.1766,0.0707
CT016322,Zone_08,Zone_03,0.1312,0.0852,0.0947,0.1312,0.0914,0.1084,0.1142,0.1074,0.0852,0.1027,0.0796
CT004128,Zone_08,Zone_02,0.1286,0.1053,0.1286,0.1011,0.1011,0.077,0.0946,0.1016,0.0861,0.1206,0.0842
CT013384,Zone_02,Zone_05,0.1424,0.0983,0.1036,0.0631,0.0817,0.1424,0.1322,0.0741,0.1192,0.094,0.0914
CT018447,Zone_08,Zone_05,0.1428,0.0954,0.0863,0.0828,0.0891,0.1428,0.0997,0.1067,0.0882,0.1007,0.1083
CT001430,Zone_08,Zone_09,0.1533,0.0928,0.0529,0.1155,0.0981,0.1045,0.1058,0.0818,0.1175,0.1533,0.0778
CT010609,Zone_10,Zone_02,0.1362,0.1236,0.1362,0.0779,0.104,0.0906,0.0673,0.1074,0.0745,0.0933,0.1252
CT009341,Zone_02,Zone_08,0.1234,0.0911,0.0647,0.1218,0.1022,0.1233,0.0861,0.0968,0.1234,0.1013,0.0893
CT018952,Zone_05,Zone_09,0.1597,0.1015,0.0788,0.1004,0.1084,0.1077,0.0782,0.0885,0.102,0.1597,0.075
CT009312,Zone_07,Zone_09,0.1745,0.0716,0.1333,0.105,0.0966,0.0873,0.1192,0.0776,0.0735,0.1745,0.0613
CT001621,Zone_01,Zone_09,0.1337,0.0787,0.1189,0.1015,0.0776,0.0905,0.09,0.0915,0.1146,0.1337,0.103
CT015044,Zone_07,Zone_06,0.1419,0.1065,0.079,0.097,0.096,0.0966,0.1419,0.0773,0.1259,0.1189,0.061
CT001758,Zone_10,Zone_07,0.1295,0.1179,0.1036,0.129,0.1022,0.0699,0.0958,0.1295,0.113,0.0416,0.0975
CT003423,Zone_08,Zone_06,0.1492,0.0679,0.0988,0.0765,0.1077,0.1102,0.1492,0.0705,0.1325,0.0574,0.1294
CT018346,Zone_04,Zone_10,0.1311,0.089,0.0781,0.1032,0.0823,0.1309,0.0671,0.1001,0.1124,0.1058,0.1311
CT014099,Zone_06,Zone_06,0.1526,0.0908,0.07,0.0929,0.0742,0.1404,0.1526,0.0674,0.1193,0.087,0.1054
CT007014,Zone_08,Zone_03,0.1301,0.0863,0.0677,0.1301,0.0804,0.1059,0.1,0.0794,0.11,0.1111,0.1292
CT005623,Zone_08,Zone_03,0.1618,0.1107,0.1043,0.1618,0.1173,0.1186,0.0329,0.0783,0.0971,0.0783,0.1008
CT010428,Zone_07,Zone_06,0.139,0.0943,0.0846,0.118,0.0926,0.1075,0.139,0.0822,0.1185,0.0732,0.0901
CT012686,Zone_08,Zone_03,0.1366,0.1055,0.0927,0.1366,0.1025,0.1108,0.0612,0.0895,0.1075,0.0798,0.1138
CT015527,Zone_08,Zone_04,0.1561,0.1005,0.1066,0.0898,0.1561,0.088,0.0702,0.1081,0.1291,0.0462,0.1054
CT012808,Zone_06,Zone_02,0.1289,0.0915,0.1289,0.0775,0.1119,0.1067,0.1113,0.091,0.1252,0.0474,0.1085
CT013627,Zone_08,Zone_01,0.1182,0.1182,0.0803,0.1134,0.1064,0.1015,0.0769,0.093,0.1109,0.0866,0.1129
CT017569,Zone_03,Zone_09,0.1332,0.0902,0.0893,0.1255,0.0995,0.1001,0.1002,0.0782,0.1022,0.1332,0.0816
CT014825,Zone_08,Zone_05,0.1408,0.1118,0.1039,0.0881,0.114,0.1408,0.0714,0.118,0.0669,0.0689,0.1161
CT010594,Zone_08,Zone_02,0.1293,0.0834,0.1293,0.1068,0.0899,0.0874,0.1245,0.1021,0.0973,0.0743,0.1049
CT019721,Zone_08,Zone_10,0.1293,0.1286,0.1087,0.1165,0.0956,0.1034,0.069,0.091,0.0976,0.0602,0.1293
CT015392,Zone_04,Zone_09,0.1542,0.1023,0.0885,0.0816,0.0825,0.094,0.0973,0.0925,0.0986,0.1542,0.1084
CT015319,Zone_08,Zone_04,0.1217,0.0931,0.0971,0.0947,0.1217,0.0673,0.1091,0.1155,0.1048,0.0885,0.1082
CT004930,Zone_04,Zone_10,0.1208,0.0948,0.1128,0.0866,0.0889,0.1077,0.1007,0.1148,0.084,0.0889,0.1208
CT006434,Zone_06,Zone_05,0.1445,0.1056,0.1146,0.0701,0.0952,0.1445,0.0686,0.1334,0.0641,0.1094,0.0946
CT016898,Zone_09,Zone_02,0.1349,0.0825,0.1349,0.1244,0.0899,0.1004,0.0848,0.1125,0.0853,0.0866,0.0986
CT010083,Zone_03,Zone_01,0.1372,0.1372,0.1149,0.0907,0.0902,0.0923,0.068,0.0788,0.1276,0.1013,0.0989
CT003896,Zone_08,Zone_06,0.1275,0.1152,0.1086,0.1065,0.089,0.0816,0.1275,0.0965,0.1178,0.0602,0.0971
CT000653,Zone_08,Zone_04,0.1226,0.0848,0.0876,0.0979,0.1226,0.1108,0.116,0.1176,0.0923,0.079,0.0913
CT014148,Zone_06,Zone_03,0.1305,0.0929,0.0959,0.1305,0.1055,0.0978,0.0883,0.1168,0.0916,0.0915,0.0893
CT000362,Zone_03,Zone_10,0.1199,0.1115,0.0964,0.0889,0.0999,0.1167,0.093,0.0827,0.0891,0.1019,0.1199
CT000191,Zone_10,Zone_01,0.1156,0.1156,0.0811,0.1009,0.1074,0.1129,0.0953,0.1127,0.1025,0.066,0.1056
CT003823,Zone_07,Zone_01,0.1302,0.1302,0.1025,0.0896,0.109,0.1088,0.112,0.1124,0.0967,0.0625,0.0763
CT004182,Zone_03,Zone_10,0.119,0.1078,0.0991,0.1175,0.0825,0.1065,0.0756,0.1045,0.1153,0.0722,0.119
CT011508,Zone_02,Zone_02,0.1407,0.0988,0.1407,0.1055,0.0939,0.0992,0.0695,0.1081,0.0804,0.1072,0.0967
CT019163,Zone_04,Zone_09,0.1405,0.0901,0.0811,0.0967,0.1388,0.057,0.0791,0.1304,0.1121,0.1405,0.0742
CT003282,Zone_02,Zone_09,0.1292,0.1272,0.0763,0.0845,0.1216,0.105,0.06,0.1003,0.0992,0.1292,0.0967
CT009122,Zone_10,Zone_07,0.1461,0.0816,0.083,0.0859,0.1356,0.1079,0.0982,0.1461,0.0743,0.1059,0.0815
CT004071,Zone_05,Zone_05,0.1352,0.1175,0.08,0.1027,0.0958,0.1352,0.0751,0.0849,0.1269,0.0889,0.093
CT010374,Zone_04,Zone_03,0.1528,0.0667,0.0803,0.1528,0.0934,0.1166,0.1117,0.1172,0.0997,0.083,0.0786
CT015633,Zone_03,Zone_05,0.1565,0.1273,0.1149,0.0935,0.1235,0.1565,0.0267,0.072,0.0789,0.0826,0.1241
CT010171,Zone_07,Zone_09,0.1691,0.0946,0.0653,0.0676,0.0998,0.1165,0.1003,0.0848,0.0771,0.1691,0.125
CT013486,Zone_07,Zone_09,0.1332,0.1024,0.1152,0.0768,0.0968,0.0922,0.0856,0.0913,0.0842,0.1332,0.1222
CT019924,Zone_08,Zone_10,0.1267,0.1263,0.0897,0.1071,0.0954,0.1183,0.0953,0.0784,0.1165,0.0462,0.1267
CT018401,Zone_07,Zone_02,0.1237,0.119,0.1237,0.1173,0.0959,0.0638,0.086,0.1113,0.1077,0.0606,0.1146
CT010338,Zone_06,Zone_09,0.1448,0.1389,0.0971,0.0798,0.1013,0.1134,0.0596,0.0742,0.1252,0.1448,0.0659
CT010145,Zone_07,Zone_03,0.127,0.0805,0.1166,0.127,0.1187,0.085,0.0816,0.1166,0.0729,0.1242,0.077
CT016887,Zone_07,Zone_03,0.1197,0.1093,0.1013,0.1197,0.0949,0.1025,0.0933,0.1158,0.0764,0.082,0.1048
CT007392,Zone_02,Zone_05,0.1569,0.0972,0.0889,0.0804,0.0906,0.1569,0.1024,0.0981,0.085,0.0721,0.1286
CT010780,Zone_08,Zone_09,0.1675,0.066,0.1248,0.0974,0.0737,0.0997,0.1431,0.0763,0.0774,0.1675,0.0741
CT004097,Zone_07,Zone_09,0.1443,0.0895,0.0864,0.1271,0.1037,0.0915,0.0906,0.0997,0.0775,0.1443,0.0896
CT009234,Zone_06,Zone_09,0.1757,0.0998,0.104,0.0863,0.0797,0.0886,0.0874,0.0913,0.0869,0.1757,0.1004
CT015785,Zone_08,Zone_07,0.1476,0.0764,0.1206,0.0865,0.118,0.1098,0.0749,0.1476,0.0758,0.0958,0.0946
CT003966,Zone_03,Zone_08,0.1381,0.0974,0.0704,0.101,0.1362,0.1069,0.1108,0.0948,0.1381,0.05,0.0946
CT010040,Zone_07,Zone_09,0.144,0.0848,0.1087,0.1389,0.0783,0.0885,0.0662,0.1041,0.1004,0.144,0.0861
CT014419,Zone_08,Zone_02,0.1493,0.1223,0.1493,0.1162,0.1062,0.1072,0.0355,0.0816,0.0898,0.0764,0.1157
CT005080,Zone_07,Zone_03,0.1237,0.1089,0.1084,0.1237,0.0881,0.0691,0.0883,0.1074,0.1106,0.0911,0.1045
CT009522,Zone_08,Zone_09,0.1518,0.0852,0.0857,0.097,0.0826,0.1163,0.1103,0.0899,0.0889,0.1518,0.0923
CT012067,Zone_03,Zone_09,0.1694,0.1012,0.1173,0.0911,0.075,0.0827,0.0696,0.0869,0.1008,0.1694,0.1059
CT015529,Zone_07,Zone_07,0.1245,0.1006,0.0945,0.0946,0.0906,0.0874,0.0935,0.1245,0.0842,0.1231,0.1069
CT011378,Zone_04,Zone_03,0.1335,0.0826,0.0914,0.1335,0.0839,0.1327,0.0775,0.0761,0.1207,0.0968,0.1049
CT016808,Zone_02,Zone_09,0.1627,0.0813,0.0748,0.0929,0.0909,0.0821,0.1273,0.0885,0.108,0.1627,0.0915
CT018155,Zone_08,Zone_03,0.1446,0.0675,0.1004,0.1446,0.1113,0.0817,0.1439,0.133,0.0672,0.0852,0.0651
CT019041,Zone_07,Zone_07,0.127,0.0875,0.0932,0.1194,0.1064,0.0973,0.1078,0.127,0.0983,0.0677,0.0955
CT006179,Zone_05,Zone_08,0.1317,0.0742,0.0855,0.111,0.0669,0.1206,0.1187,0.0782,0.1317,0.0909,0.1223
CT004385,Zone_07,Zone_05,0.1287,0.0975,0.1079,0.0972,0.0936,0.1287,0.0802,0.1047,0.0866,0.075,0.1286
CT011134,Zone_10,Zone_01,0.1346,0.1346,0.0991,0.0829,0.0922,0.1172,0.0695,0.09,0.1086,0.1182,0.0878
CT018654,Zone_04,Zone_07,0.142,0.0894,0.1102,0.1184,0.116,0.0513,0.0787,0.142,0.1022,0.0927,0.0991
CT010405,Zone_01,Zone_08,0.1847,0.0885,0.0725,0.091,0.1227,0.0999,0.1399,0.0786,0.1847,0.0479,0.0743
CT006953,Zone_03,Zone_09,0.123,0.1041,0.1134,0.1077,0.0888,0.0991,0.0875,0.0802,0.1117,0.123,0.0845
CT013896,Zone_07,Zone_04,0.1376,0.0745,0.1063,0.0886,0.1376,0.1016,0.1088,0.1043,0.1299,0.036,0.1123
CT012120,Zone_04,Zone_06,0.1507,0.0876,0.0944,0.0794,0.1127,0.0915,0.1507,0.09,0.12,0.0607,0.1131
CT018213,Zone_01,Zone_05,0.1285,0.1118,0.0764,0.0982,0.0948,0.1285,0.0996,0.0879,0.1145,0.1109,0.0773
CT012369,Zone_08,Zone_02,0.1306,0.0993,0.1306,0.1062,0.076,0.0729,0.0896,0.106,0.1026,0.1105,0.1063
CT012986,Zone_07,Zone_09,0.1937,0.0921,0.1046,0.0784,0.0909,0.0746,0.0994,0.0957,0.0874,0.1937,0.0832
CT002103,Zone_07,Zone_06,0.1482,0.056,0.088,0.0991,0.1193,0.096,0.1482,0.1054,0.0973,0.0966,0.0943
CT014300,Zone_07,Zone_01,0.111,0.111,0.108,0.1103,0.0856,0.0978,0.1093,0.1045,0.0987,0.0763,0.0985
CT003500,Zone_07,Zone_04,0.1446,0.1111,0.1027,0.0917,0.1446,0.1124,0.0787,0.122,0.1011,0.0298,0.1059
CT011952,Zone_08,Zone_10,0.1206,0.077,0.1013,0.1058,0.0887,0.0983,0.0969,0.1198,0.0964,0.0952,0.1206
CT005836,Zone_03,Zone_05,0.1338,0.1,0.0903,0.096,0.1123,0.1338,0.108,0.082,0.1279,0.0289,0.1208
CT014861,Zone_04,Zone_02,0.1511,0.0719,0.1511,0.1238,0.1024,0.0859,0.1142,0.0922,0.0602,0.1409,0.0576
CT004984,Zone_03,Zone_03,0.1376,0.1018,0.0925,0.1376,0.0984,0.0869,0.0893,0.0912,0.1169,0.0863,0.0992
CT008618,Zone_08,Zone_09,0.1309,0.1,0.0552,0.1094,0.0972,0.1101,0.1153,0.0858,0.0989,0.1309,0.0972
CT000751,Zone_04,Zone_10,0.1195,0.1155,0.0918,0.113,0.0988,0.1028,0.0717,0.1115,0.1081,0.0673,0.1195
CT018877,Zone_02,Zone_05,0.1342,0.0909,0.1231,0.0665,0.1246,0.1342,0.0956,0.0943,0.1143,0.0432,0.1133
CT010720,Zone_07,Zone_09,0.2184,0.0757,0.1089,0.1048,0.0939,0.0869,0.0692,0.0746,0.0946,0.2184,0.0728
CT017128,Zone_07,Zone_07,0.1212,0.0965,0.1116,0.0818,0.114,0.1094,0.109,0.1212,0.0947,0.0512,0.1105
CT002099,Zone_03,Zone_10,0.2434,0.1349,0.1238,0.1239,0.0479,0.1272,0.0482,0.0422,0.1064,0.0022,0.2434
CT011570,Zone_07,Zone_04,0.1336,0.0672,0.1025,0.1127,0.1336,0.0707,0.1171,0.1116,0.1055,0.1138,0.0654
CT015195,Zone_07,Zone_01,0.1346,0.1346,0.0951,0.0935,0.1101,0.0982,0.0835,0.1099,0.0978,0.0751,0.1022
CT015879,Zone_08,Zone_06,0.1283,0.0794,0.0883,0.0895,0.1227,0.1097,0.1283,0.116,0.0807,0.0996,0.0858
CT005914,Zone_04,Zone_05,0.1349,0.1097,0.0712,0.1345,0.0964,0.1349,0.0654,0.0849,0.1302,0.0727,0.1001
CT003795,Zone_07,Zone_09,0.2035,0.0973,0.0805,0.0831,0.0971,0.0834,0.0793,0.1233,0.0656,0.2035,0.087
CT017331,Zone_05,Zone_04,0.1243,0.0778,0.1146,0.0737,0.1243,0.0867,0.1076,0.1009,0.0942,0.1234,0.0967
CT018856,Zone_08,Zone_09,0.1745,0.0867,0.1066,0.0867,0.0759,0.1067,0.0696,0.0897,0.1017,0.1745,0.1018
CT018202,Zone_04,Zone_07,0.1331,0.1153,0.0835,0.1191,0.0983,0.128,0.0788,0.1331,0.0811,0.0706,0.0922
CT000174,Zone_10,Zone_07,0.1254,0.0872,0.1202,0.0954,0.108,0.1097,0.0931,0.1254,0.079,0.0841,0.0979
CT001803,Zone_03,Zone_09,0.178,0.0862,0.0712,0.1126,0.0643,0.0974,0.1118,0.0808,0.105,0.178,0.0927
CT013328,Zone_04,Zone_07,0.1388,0.1045,0.0769,0.1201,0.1292,0.0741,0.091,0.1388,0.1108,0.0754,0.0791
CT008666,Zone_08,Zone_10,0.1167,0.1062,0.1135,0.1037,0.0824,0.1062,0.0978,0.0932,0.114,0.0663,0.1167
CT014321,Zone_07,Zone_01,0.1258,0.1258,0.0887,0.0845,0.1076,0.12,0.1084,0.1054,0.093,0.0584,0.1081
CT003453,Zone_02,Zone_09,0.1394,0.1073,0.1091,0.0787,0.0804,0.1125,0.1008,0.0983,0.0842,0.1394,0.0893
CT009696,Zone_05,Zone_08,0.1468,0.144,0.0951,0.1069,0.1029,0.0945,0.091,0.096,0.1468,0.0398,0.083
CT016332,Zone_07,Zone_07,0.1322,0.0762,0.0932,0.114,0.1232,0.0501,0.1158,0.1322,0.09,0.1252,0.0801
CT016970,Zone_07,Zone_06,0.1337,0.0742,0.1038,0.1111,0.0833,0.1154,0.1337,0.0846,0.0915,0.1182,0.0842
CT004309,Zone_10,Zone_09,0.1396,0.0644,0.1126,0.0809,0.1165,0.1106,0.1062,0.1078,0.0812,0.1396,0.0802
CT003767,Zone_07,Zone_09,0.1321,0.1177,0.081,0.1007,0.1089,0.0964,0.0607,0.1147,0.0973,0.1321,0.0903
CT002639,Zone_07,Zone_09,0.1459,0.0915,0.0743,0.0867,0.0962,0.1231,0.0838,0.0987,0.0813,0.1459,0.1185
CT006193,Zone_01,Zone_01,0.1247,0.1247,0.1066,0.0962,0.1033,0.1045,0.1013,0.1048,0.0923,0.0832,0.0831
CT012296,Zone_07,Zone_06,0.152,0.1218,0.0664,0.0868,0.0875,0.1056,0.152,0.0817,0.101,0.0973,0.0999
CT007395,Zone_06,Zone_06,0.1528,0.0952,0.1161,0.1075,0.1057,0.0933,0.1528,0.0854,0.0822,0.0914,0.0704
CT010778,Zone_08,Zone_09,0.166,0.0896,0.0932,0.078,0.0849,0.1274,0.0864,0.0698,0.1063,0.166,0.0983
CT006578,Zone_07,Zone_04,0.1362,0.115,0.1314,0.084,0.1362,0.0986,0.0747,0.0928,0.1055,0.0352,0.1266
CT019074,Zone_09,Zone_03,0.1296,0.1066,0.1024,0.1296,0.1121,0.1069,0.0866,0.0956,0.0915,0.0699,0.0988
CT015095,Zone_07,Zone_10,0.1275,0.0992,0.1268,0.1005,0.0773,0.1009,0.0718,0.102,0.1008,0.0933,0.1275
CT017221,Zone_07,Zone_09,0.1859,0.0725,0.1094,0.0861,0.0936,0.0925,0.106,0.0988,0.0784,0.1859,0.0768
CT005042,Zone_03,Zone_06,0.1207,0.1058,0.1042,0.0914,0.0886,0.1086,0.1207,0.1011,0.0933,0.0705,0.1157
CT009781,Zone_01,Zone_08,0.1331,0.0758,0.101,0.0945,0.1042,0.0935,0.1322,0.0887,0.1331,0.0651,0.1119
CT002504,Zone_07,Zone_06,0.1263,0.0682,0.1158,0.0914,0.1197,0.0862,0.1263,0.1102,0.1041,0.061,0.1172
CT006335,Zone_07,Zone_09,0.1389,0.086,0.1,0.1055,0.084,0.0994,0.104,0.0709,0.1215,0.1389,0.0898
CT016667,Zone_07,Zone_02,0.1309,0.0869,0.1309,0.1063,0.1216,0.1047,0.0893,0.1293,0.0596,0.0828,0.0886
CT018425,Zone_07,Zone_09,0.1215,0.092,0.0864,0.114,0.0974,0.1081,0.1017,0.0866,0.0927,0.1215,0.0995
CT005892,Zone_07,Zone_02,0.128,0.0958,0.128,0.077,0.0828,0.1277,0.1063,0.0947,0.0729,0.1149,0.0999
CT015586,Zone_08,Zone_07,0.1485,0.1012,0.0646,0.1399,0.1426,0.0487,0.0638,0.1485,0.1082,0.1049,0.0775
CT012258,Zone_02,Zone_08,0.1425,0.096,0.0758,0.1146,0.0862,0.1317,0.0942,0.0877,0.1425,0.0754,0.0961
CT013842,Zone_07,Zone_06,0.1458,0.082,0.0876,0.1396,0.0849,0.0937,0.1458,0.0851,0.1253,0.0636,0.0925
CT002692,Zone_05,Zone_08,0.1252,0.0737,0.1036,0.0754,0.1165,0.1167,0.1237,0.091,0.1252,0.0532,0.1211
CT009460,Zone_10,Zone_01,0.123,0.123,0.0819,0.1053,0.0925,0.0997,0.1209,0.0888,0.1072,0.0707,0.1101
CT000065,Zone_07,Zone_02,0.1229,0.1008,0.1229,0.1013,0.1147,0.07,0.0867,0.1127,0.0821,0.1204,0.0883
CT000084,Zone_03,Zone_10,0.126,0.0704,0.1068,0.1019,0.0894,0.1156,0.1197,0.0883,0.0915,0.0905,0.126
CT015701,Zone_06,Zone_08,0.1281,0.1158,0.0842,0.101,0.1079,0.0788,0.1048,0.08,0.1281,0.0968,0.1026
CT015254,Zone_04,Zone_05,0.1565,0.0916,0.1142,0.0731,0.0956,0.1565,0.0929,0.0845,0.0804,0.1029,0.1084
CT017290,Zone_07,Zone_09,0.1622,0.1107,0.0844,0.0971,0.0746,0.1055,0.0784,0.0733,0.1089,0.1622,0.1049
CT015986,Zone_03,Zone_09,0.1216,0.0889,0.093,0.0929,0.1032,0.109,0.1123,0.1093,0.0887,0.1216,0.0811
CT015971,Zone_04,Zone_04,0.1299,0.0926,0.101,0.0798,0.1299,0.1055,0.0965,0.1259,0.1073,0.0748,0.0868
CT002144,Zone_07,Zone_05,0.144,0.1237,0.0902,0.0726,0.1154,0.144,0.0647,0.0972,0.0805,0.1082,0.1034
CT011515,Zone_04,Zone_07,0.1377,0.1184,0.068,0.116,0.1065,0.0938,0.0699,0.1377,0.0978,0.0866,0.1053
CT003208,Zone_02,Zone_02,0.1124,0.1035,0.1124,0.0984,0.081,0.1107,0.1054,0.1066,0.1088,0.0889,0.0843
CT004411,Zone_05,Zone_10,0.1329,0.1063,0.1289,0.0797,0.0908,0.1204,0.0594,0.1073,0.0911,0.083,0.1329
CT017584,Zone_04,Zone_05,0.1263,0.1211,0.0894,0.0992,0.1035,0.1263,0.0898,0.1014,0.0916,0.1051,0.0726
CT007858,Zone_04,Zone_10,0.1673,0.117,0.0655,0.1138,0.0854,0.0868,0.1294,0.0948,0.112,0.028,0.1673
CT018243,Zone_08,Zone_08,0.138,0.0659,0.1129,0.1122,0.1311,0.0767,0.1029,0.0907,0.138,0.0896,0.0799
CT000069,Zone_02,Zone_07,0.1197,0.1161,0.1062,0.0971,0.0909,0.1033,0.0823,0.1197,0.0919,0.0882,0.1043
CT017488,Zone_04,Zone_06,0.1283,0.076,0.1071,0.074,0.1252,0.1001,0.1283,0.0981,0.0907,0.1271,0.0736
CT010642,Zone_07,Zone_09,0.1532,0.1026,0.1076,0.1001,0.1111,0.0932,0.0813,0.0998,0.0909,0.1532,0.0601
CT002476,Zone_02,Zone_06,0.1482,0.1044,0.1039,0.0886,0.0832,0.0875,0.1482,0.0888,0.1206,0.0643,0.1106
CT009149,Zone_05,Zone_01,0.1117,0.1117,0.0978,0.0909,0.095,0.083,0.1007,0.1103,0.0907,0.1102,0.1097
CT017686,Zone_08,Zone_09,0.2116,0.1062,0.0878,0.0883,0.104,0.0918,0.0648,0.0955,0.0899,0.2116,0.0601
CT014973,Zone_08,Zone_06,0.1163,0.1091,0.1075,0.1162,0.1002,0.0944,0.1163,0.0911,0.1162,0.0563,0.0928
CT010933,Zone_07,Zone_10,0.1346,0.1028,0.1077,0.0856,0.0986,0.1141,0.059,0.0899,0.0916,0.1159,0.1346
CT018777,Zone_03,Zone_05,0.1196,0.0932,0.0895,0.0938,0.0852,0.1196,0.1036,0.0941,0.1061,0.1014,0.1134
CT007095,Zone_08,Zone_03,0.1495,0.1014,0.0525,0.1495,0.1048,0.0886,0.1015,0.0883,0.1426,0.0842,0.0867
CT013522,Zone_07,Zone_05,0.1262,0.1005,0.1021,0.0784,0.0827,0.1262,0.1208,0.0884,0.0948,0.0932,0.113
CT013427,Zone_10,Zone_09,0.1536,0.1145,0.1258,0.0992,0.1028,0.0871,0.0471,0.1109,0.0725,0.1536,0.0866
CT015959,Zone_04,Zone_06,0.1311,0.1178,0.1114,0.0752,0.1025,0.1246,0.1311,0.0805,0.1066,0.0652,0.0852
CT005599,Zone_07,Zone_08,0.1651,0.0774,0.0722,0.0985,0.122,0.1346,0.0952,0.0838,0.1651,0.0527,0.0985
CT002880,Zone_02,Zone_07,0.1297,0.0856,0.0684,0.1266,0.1024,0.0888,0.1088,0.1297,0.0864,0.1238,0.0796
CT002520,Zone_01,Zone_06,0.1216,0.0918,0.0925,0.1034,0.0866,0.0976,0.1216,0.1067,0.1035,0.0812,0.1151
CT005807,Zone_07,Zone_06,0.1281,0.0881,0.0973,0.1022,0.0845,0.1043,0.1281,0.1087,0.0897,0.086,0.111
CT017485,Zone_06,Zone_01,0.1459,0.1459,0.092,0.078,0.1207,0.109,0.0665,0.1187,0.0997,0.0793,0.0903
CT008240,Zone_05,Zone_08,0.1336,0.1034,0.0805,0.1165,0.0825,0.1264,0.11,0.0754,0.1336,0.0483,0.1233
CT006929,Zone_04,Zone_05,0.1246,0.0815,0.0824,0.1091,0.1062,0.1246,0.087,0.1226,0.1033,0.0607,0.1226
CT002796,Zone_07,Zone_03,0.133,0.0977,0.1148,0.133,0.0983,0.0743,0.0782,0.1227,0.0942,0.1001,0.0868
CT003772,Zone_10,Zone_05,0.1245,0.1239,0.1002,0.1044,0.0999,0.1245,0.1234,0.1003,0.0798,0.0374,0.106
CT003708,Zone_08,Zone_05,0.1426,0.1012,0.0935,0.0698,0.0856,0.1426,0.1066,0.0868,0.0888,0.128,0.0972
CT000116,Zone_07,Zone_06,0.1295,0.1131,0.0751,0.0894,0.0863,0.1287,0.1295,0.0893,0.1035,0.0779,0.1073
CT016609,Zone_02,Zone_07,0.1323,0.0998,0.0788,0.1093,0.1182,0.0582,0.1087,0.1323,0.0999,0.098,0.0968
CT016481,Zone_07,Zone_09,0.255,0.078,0.1057,0.0846,0.069,0.0706,0.0939,0.0698,0.105,0.255,0.0683
CT001780,Zone_08,Zone_09,0.1757,0.0759,0.0902,0.0852,0.0868,0.0791,0.1384,0.1022,0.0813,0.1757,0.0851
CT007346,Zone_07,Zone_09,0.1464,0.0794,0.0926,0.0962,0.0654,0.1041,0.1182,0.0729,0.1254,0.1464,0.0994
CT002500,Zone_08,Zone_09,0.2085,0.0727,0.0691,0.1097,0.079,0.0706,0.1187,0.1001,0.0871,0.2085,0.0845
CT009366,Zone_04,Zone_09,0.134,0.125,0.1102,0.0832,0.0945,0.1053,0.0771,0.0993,0.0753,0.134,0.096
CT017131,Zone_10,Zone_08,0.1304,0.08,0.1085,0.099,0.1203,0.0975,0.1222,0.0815,0.1304,0.0471,0.1134
CT017628,Zone_06,Zone_03,0.1551,0.0661,0.0976,0.1551,0.1425,0.0555,0.0737,0.1273,0.0973,0.1154,0.0694
CT018105,Zone_01,Zone_04,0.1501,0.1093,0.0871,0.0911,0.1501,0.0838,0.0608,0.1307,0.0952,0.1024,0.0896
CT003103,Zone_10,Zone_09,0.1117,0.1112,0.111,0.0911,0.0776,0.0985,0.0969,0.0863,0.1079,0.1117,0.1078
CT003293,Zone_07,Zone_09,0.1955,0.0964,0.0776,0.0915,0.08,0.0853,0.0979,0.0709,0.1047,0.1955,0.1001
CT012046,Zone_07,Zone_08,0.1294,0.1023,0.0986,0.1181,0.0843,0.0957,0.1021,0.0928,0.1294,0.0707,0.1059
CT014162,Zone_08,Zone_07,0.1137,0.1023,0.1068,0.1055,0.0945,0.0949,0.111,0.1137,0.081,0.0969,0.0933
CT015927,Zone_07,Zone_09,0.15,0.0904,0.1104,0.0936,0.0808,0.0846,0.1317,0.0839,0.0865,0.15,0.0881
CT012893,Zone_04,Zone_05,0.1255,0.0843,0.1099,0.1104,0.1026,0.1255,0.0885,0.0988,0.0782,0.1002,0.1015
CT011520,Zone_07,Zone_03,0.1391,0.1016,0.0919,0.1391,0.1045,0.1132,0.0619,0.115,0.1003,0.0682,0.1043
CT017752,Zone_04,Zone_08,0.1515,0.0948,0.1249,0.0805,0.117,0.1046,0.1034,0.0775,0.1515,0.044,0.1018
CT000775,Zone_02,Zone_09,0.142,0.0971,0.104,0.08,0.0698,0.1053,0.1103,0.0769,0.1115,0.142,0.1032
CT014906,Zone_08,Zone_02,0.131,0.1239,0.131,0.0806,0.0796,0.0988,0.0876,0.0861,0.1164,0.1037,0.0923
CT002820,Zone_06,Zone_01,0.1354,0.1354,0.0944,0.0823,0.107,0.0979,0.0785,0.1086,0.1039,0.0933,0.0988
CT002726,Zone_07,Zone_10,0.116,0.1123,0.0953,0.0887,0.1009,0.0976,0.1058,0.0964,0.1091,0.0778,0.116
CT008661,Zone_04,Zone_05,0.1558,0.0879,0.0887,0.0725,0.1235,0.1558,0.0884,0.1086,0.0831,0.0768,0.1147
CT003178,Zone_05,Zone_05,0.1269,0.0865,0.0972,0.0884,0.0977,0.1269,0.0927,0.1089,0.0868,0.1071,0.1077
CT004552,Zone_08,Zone_03,0.1143,0.0917,0.1024,0.1143,0.1018,0.1016,0.1142,0.1083,0.0949,0.0949,0.0761
CT014014,Zone_10,Zone_01,0.1581,0.1581,0.0974,0.0859,0.0944,0.1217,0.0965,0.0769,0.1204,0.0508,0.0979
CT014528,Zone_07,Zone_06,0.1352,0.0722,0.1067,0.089,0.1024,0.0825,0.1352,0.1256,0.0766,0.1044,0.1055
CT019865,Zone_07,Zone_01,0.1486,0.1486,0.09,0.0913,0.1282,0.1271,0.0571,0.097,0.0941,0.0713,0.0951
CT009880,Zone_04,Zone_06,0.1268,0.0823,0.0955,0.1013,0.0946,0.1148,0.1268,0.0981,0.1043,0.0838,0.0986
CT017678,Zone_08,Zone_10,0.1252,0.1166,0.1196,0.1021,0.089,0.0857,0.0629,0.0985,0.0965,0.1039,0.1252
CT000593,Zone_04,Zone_03,0.1532,0.0775,0.1154,0.1532,0.1108,0.0706,0.1168,0.0897,0.1162,0.0604,0.0894
CT006067,Zone_08,Zone_02,0.1307,0.0911,0.1307,0.1019,0.0907,0.1093,0.1023,0.1078,0.072,0.0985,0.0957
CT013672,Zone_06,Zone_07,0.1346,0.095,0.1102,0.115,0.0835,0.0877,0.0662,0.1346,0.0777,0.1298,0.1003
CT000628,Zone_03,Zone_07,0.1675,0.0957,0.1159,0.1132,0.1206,0.0463,0.0727,0.1675,0.0969,0.0732,0.0981
CT012328,Zone_03,Zone_10,0.1322,0.1143,0.1146,0.0943,0.1011,0.0891,0.0686,0.1171,0.0793,0.0895,0.1322
CT018906,Zone_07,Zone_03,0.1194,0.1174,0.0795,0.1194,0.1156,0.1115,0.057,0.0988,0.0933,0.1053,0.1023
CT008368,Zone_07,Zone_07,0.1291,0.1091,0.1225,0.0948,0.0919,0.086,0.0647,0.1291,0.0724,0.1225,0.1071
CT015312,Zone_07,Zone_03,0.1323,0.1062,0.1,0.1323,0.1028,0.0964,0.0877,0.0867,0.1229,0.0672,0.098
CT018573,Zone_08,Zone_09,0.1764,0.0854,0.1053,0.0792,0.0759,0.1038,0.0779,0.0877,0.1008,0.1764,0.1076
CT012840,Zone_09,Zone_08,0.1461,0.097,0.0981,0.0878,0.1372,0.1116,0.1063,0.0909,0.1461,0.0351,0.09
CT011848,Zone_07,Zone_02,0.1429,0.0826,0.1429,0.0761,0.1179,0.0914,0.119,0.0927,0.0952,0.0775,0.1046
CT019009,Zone_02,Zone_05,0.1552,0.0856,0.1178,0.0794,0.0787,0.1552,0.1064,0.0761,0.098,0.0864,0.1165
CT006471,Zone_08,Zone_09,0.1363,0.1218,0.0617,0.1034,0.1084,0.0848,0.0962,0.0983,0.1053,0.1363,0.0838
CT012538,Zone_07,Zone_04,0.1318,0.0616,0.1281,0.1303,0.1318,0.0842,0.116,0.0936,0.1226,0.0392,0.0927
CT001095,Zone_07,Zone_02,0.1372,0.1211,0.1372,0.0911,0.1076,0.1008,0.0482,0.1129,0.0838,0.0633,0.1341
CT002974,Zone_10,Zone_03,0.1235,0.0852,0.1135,0.1235,0.0863,0.0971,0.1093,0.0993,0.0845,0.1147,0.0866
CT001590,Zone_03,Zone_10,0.1233,0.1007,0.1219,0.0912,0.0917,0.068,0.1232,0.0984,0.1065,0.0751,0.1233
CT017901,Zone_08,Zone_09,0.1241,0.0978,0.0962,0.1031,0.1108,0.1068,0.1011,0.0937,0.0855,0.1241,0.0808
CT015138,Zone_04,Zone_05,0.126,0.089,0.0895,0.1101,0.0748,0.126,0.1018,0.0858,0.1033,0.1166,0.103
CT001579,Zone_09,Zone_10,0.1205,0.1043,0.1046,0.1087,0.0853,0.1081,0.0926,0.0852,0.1161,0.0746,0.1205
CT012299,Zone_01,Zone_03,0.1249,0.0959,0.1112,0.1249,0.1034,0.0804,0.09,0.1023,0.1031,0.0843,0.1046
CT018126,Zone_07,Zone_07,0.1418,0.1033,0.0726,0.1037,0.1262,0.1308,0.0746,0.1418,0.0958,0.045,0.1061
CT004586,Zone_07,Zone_07,0.1408,0.0856,0.0966,0.1293,0.1106,0.0562,0.0786,0.1408,0.0984,0.0888,0.1151
CT012399,Zone_03,Zone_07,0.1453,0.0873,0.1016,0.0785,0.1252,0.113,0.0634,0.1453,0.0862,0.0785,0.1209
CT017733,Zone_07,Zone_02,0.1287,0.1035,0.1287,0.1078,0.0865,0.1142,0.0765,0.1044,0.0817,0.0836,0.1131
CT003950,Zone_04,Zone_02,0.1234,0.1091,0.1234,0.1211,0.0882,0.1012,0.0929,0.1104,0.0872,0.0458,0.1207
CT002028,Zone_05,Zone_05,0.1371,0.1033,0.1102,0.0699,0.0863,0.1371,0.0813,0.0924,0.0838,0.1276,0.1082
CT008844,Zone_07,Zone_07,0.1168,0.1139,0.0676,0.1091,0.1021,0.1144,0.075,0.1168,0.0991,0.092,0.1099
CT011440,Zone_07,Zone_04,0.1384,0.0991,0.0773,0.1041,0.1384,0.1244,0.0839,0.1152,0.1155,0.0566,0.0855
CT018586,Zone_04,Zone_08,0.1464,0.1144,0.1115,0.098,0.0989,0.0847,0.1314,0.0721,0.1464,0.0676,0.0752
CT017908,Zone_07,Zone_03,0.1267,0.0937,0.0662,0.1267,0.0913,0.088,0.1021,0.1061,0.0947,0.119,0.1121
CT003604,Zone_01,Zone_05,0.1363,0.1136,0.0783,0.0921,0.0982,0.1363,0.1081,0.1016,0.0941,0.065,0.1127
CT003625,Zone_07,Zone_07,0.1406,0.1201,0.0999,0.092,0.0933,0.1042,0.0637,0.1406,0.0792,0.0984,0.1087
CT010584,Zone_08,Zone_05,0.1367,0.1141,0.0842,0.0969,0.081,0.1367,0.1092,0.0755,0.1228,0.0537,0.1259
CT006932,Zone_08,Zone_02,0.1546,0.07,0.1546,0.0624,0.1278,0.1053,0.1087,0.0793,0.1038,0.0968,0.0913
CT013662,Zone_07,Zone_05,0.1573,0.0828,0.0859,0.0898,0.0873,0.1573,0.1067,0.092,0.0992,0.084,0.115
CT006098,Zone_07,Zone_05,0.1137,0.1088,0.0958,0.1081,0.0935,0.1137,0.0947,0.0968,0.0902,0.0885,0.11
CT014681,Zone_07,Zone_06,0.1243,0.0762,0.1221,0.1129,0.1097,0.0844,0.1243,0.0868,0.0958,0.0904,0.0976
CT018190,Zone_07,Zone_07,0.1479,0.1179,0.0773,0.1191,0.1095,0.0905,0.0763,0.1479,0.0851,0.08,0.0964
CT005035,Zone_08,Zone_09,0.1677,0.0864,0.0921,0.0974,0.0911,0.0858,0.1458,0.0783,0.083,0.1677,0.0725
CT019771,Zone_01,Zone_09,0.163,0.0954,0.109,0.0881,0.1095,0.0905,0.0817,0.0825,0.0836,0.163,0.0968
CT019090,Zone_08,Zone_04,0.1458,0.0823,0.1174,0.097,0.1458,0.0912,0.1122,0.1038,0.1181,0.0296,0.1026
CT005830,Zone_07,Zone_08,0.1335,0.0517,0.1098,0.1248,0.1179,0.1008,0.1204,0.0897,0.1335,0.0479,0.1036
CT011389,Zone_03,Zone_02,0.133,0.091,0.133,0.1234,0.1097,0.0739,0.091,0.1269,0.0741,0.0918,0.0851
CT000583,Zone_03,Zone_09,0.2217,0.0865,0.0621,0.1028,0.0953,0.074,0.1042,0.0867,0.108,0.2217,0.0589
CT007102,Zone_04,Zone_09,0.1199,0.0948,0.0984,0.113,0.0973,0.0985,0.1126,0.0821,0.1043,0.1199,0.079
CT000875,Zone_08,Zone_01,0.1285,0.1285,0.1046,0.1035,0.1149,0.0741,0.0952,0.1093,0.1053,0.0612,0.1034
CT017825,Zone_07,Zone_09,0.2108,0.0905,0.0937,0.107,0.0894,0.0668,0.0816,0.0829,0.0908,0.2108,0.0866
CT011193,Zone_08,Zone_01,0.1519,0.1519,0.1053,0.1036,0.1023,0.0896,0.0589,0.1102,0.0968,0.0628,0.1187
CT010125,Zone_03,Zone_05,0.1188,0.0929,0.0957,0.0985,0.1161,0.1188,0.0977,0.113,0.09,0.0627,0.1147
CT010806,Zone_08,Zone_09,0.2062,0.0915,0.0723,0.0933,0.0759,0.0904,0.0957,0.0687,0.104,0.2062,0.102
CT019297,Zone_04,Zone_10,0.1308,0.083,0.1093,0.076,0.1208,0.0931,0.1216,0.0798,0.122,0.0636,0.1308
CT016466,Zone_07,Zone_05,0.1364,0.116,0.0917,0.0978,0.1028,0.1364,0.068,0.1223,0.0848,0.0613,0.119
CT019842,Zone_09,Zone_02,0.1322,0.0985,0.1322,0.0976,0.1016,0.0895,0.0822,0.1212,0.0797,0.105,0.0925
CT014109,Zone_05,Zone_09,0.1213,0.0955,0.1062,0.0974,0.1125,0.0806,0.119,0.1194,0.08,0.1213,0.0681
CT002064,Zone_03,Zone_01,0.123,0.123,0.0882,0.0855,0.1064,0.1199,0.1113,0.1054,0.0942,0.0595,0.1065
CT001577,Zone_07,Zone_06,0.1398,0.0917,0.1144,0.0933,0.0907,0.0632,0.1398,0.0881,0.12,0.1061,0.0927
CT010247,Zone_02,Zone_06,0.1481,0.0816,0.0996,0.1238,0.0775,0.0961,0.1481,0.0779,0.1139,0.0835,0.0981
CT001395,Zone_07,Zone_09,0.1128,0.1085,0.0967,0.0862,0.0944,0.1034,0.1019,0.0984,0.0891,0.1128,0.1086
CT007481,Zone_07,Zone_04,0.1227,0.086,0.0964,0.1024,0.1227,0.1209,0.102,0.109,0.0951,0.0748,0.0907
CT007513,Zone_02,Zone_02,0.1271,0.0754,0.1271,0.0794,0.1138,0.1173,0.0957,0.1156,0.085,0.0937,0.0968
CT012740,Zone_07,Zone_06,0.1356,0.0623,0.1092,0.1203,0.0784,0.1025,0.1356,0.1151,0.0863,0.0861,0.1043
CT007576,Zone_10,Zone_09,0.1286,0.1069,0.0848,0.0958,0.0867,0.1133,0.0962,0.0796,0.1232,0.1286,0.085
CT013547,Zone_10,Zone_08,0.1279,0.1114,0.0781,0.098,0.107,0.102,0.1203,0.081,0.1279,0.0753,0.0988
CT017510,Zone_03,Zone_06,0.1226,0.0955,0.087,0.1044,0.0871,0.0977,0.1226,0.0757,0.1216,0.099,0.1095
CT000396,Zone_08,Zone_09,0.1347,0.0919,0.0765,0.0924,0.1212,0.0584,0.1168,0.1136,0.0994,0.1347,0.095
CT016624,Zone_07,Zone_07,0.1348,0.0982,0.0903,0.1003,0.1324,0.0598,0.0839,0.1348,0.1066,0.109,0.0846
CT017554,Zone_08,Zone_04,0.1363,0.0831,0.1253,0.1076,0.1363,0.0591,0.0777,0.1262,0.0894,0.1122,0.0831
CT013442,Zone_03,Zone_09,0.1639,0.0854,0.1048,0.0905,0.1351,0.0614,0.0844,0.1118,0.0948,0.1639,0.0679
CT017893,Zone_10,Zone_09,0.1341,0.1116,0.0964,0.0917,0.0845,0.102,0.0831,0.0939,0.0913,0.1341,0.1113
CT017003,Zone_01,Zone_07,0.1305,0.0999,0.1126,0.0896,0.1185,0.092,0.0727,0.1305,0.0833,0.0828,0.118
CT007942,Zone_05,Zone_09,0.1245,0.1156,0.109,0.0936,0.095,0.0794,0.0702,0.1191,0.0806,0.1245,0.1129
CT000094,Zone_05,Zone_09,0.13,0.0734,0.1054,0.1105,0.0855,0.0947,0.1166,0.09,0.0959,0.13,0.0979
CT018687,Zone_03,Zone_01,0.1148,0.1148,0.0642,0.0921,0.1093,0.1095,0.1139,0.099,0.0906,0.1089,0.0977
CT009004,Zone_02,Zone_09,0.1521,0.0798,0.071,0.1198,0.0879,0.0881,0.137,0.0815,0.1052,0.1521,0.0775
CT015361,Zone_07,Zone_03,0.1767,0.1297,0.1262,0.1767,0.0985,0.0822,0.0874,0.1228,0.1122,0.0097,0.0546
CT002367,Zone_04,Zone_02,0.1599,0.1132,0.1599,0.1376,0.1218,0.0961,0.0414,0.0863,0.0876,0.0545,0.1017
CT019100,Zone_04,Zone_01,0.1294,0.1294,0.1116,0.1161,0.1046,0.0849,0.0681,0.1229,0.0987,0.0576,0.1062
CT013555,Zone_06,Zone_07,0.1208,0.109,0.063,0.114,0.1035,0.1057,0.1024,0.1208,0.0927,0.1095,0.0794
CT003269,Zone_10,Zone_07,0.1337,0.1124,0.0848,0.1104,0.1169,0.0781,0.0707,0.1337,0.0962,0.1128,0.0841
CT010548,Zone_05,Zone_02,0.127,0.0805,0.127,0.1265,0.0847,0.097,0.0976,0.0982,0.1046,0.0829,0.101
CT003165,Zone_08,Zone_05,0.1231,0.1052,0.0997,0.0842,0.0922,0.1231,0.1049,0.0869,0.0895,0.094,0.1204
CT019387,Zone_08,Zone_06,0.1249,0.0944,0.1159,0.1068,0.0944,0.1009,0.1249,0.0931,0.0843,0.0878,0.0974
CT010045,Zone_04,Zone_05,0.1298,0.1068,0.0793,0.0995,0.0887,0.1298,0.1162,0.0961,0.1039,0.0874,0.0923
CT010741,Zone_10,Zone_06,0.1458,0.0971,0.0723,0.0965,0.0849,0.1344,0.1458,0.0778,0.1122,0.0586,0.1204
CT013186,Zone_04,Zone_01,0.1254,0.1254,0.0778,0.1042,0.1013,0.1241,0.0846,0.0937,0.1078,0.1017,0.0794
CT004217,Zone_08,Zone_09,0.1562,0.0967,0.107,0.0798,0.0851,0.0837,0.0924,0.1047,0.0884,0.1562,0.1059
CT010096,Zone_07,Zone_09,0.1203,0.0984,0.1079,0.0969,0.096,0.1052,0.091,0.114,0.0732,0.1203,0.0971
CT008923,Zone_02,Zone_01,0.1218,0.1218,0.1055,0.0961,0.0955,0.0957,0.0963,0.1154,0.0888,0.0784,0.1066
CT005858,Zone_07,Zone_06,0.1439,0.093,0.0657,0.1031,0.0742,0.1406,0.1439,0.0682,0.1137,0.0986,0.0991
CT005454,Zone_01,Zone_09,0.1221,0.1057,0.1214,0.0777,0.0913,0.0952,0.0762,0.1147,0.0735,0.1221,0.1221
CT003412,Zone_03,Zone_01,0.1293,0.1293,0.1031,0.0978,0.1065,0.0825,0.0764,0.1091,0.1148,0.0809,0.0996
CT012001,Zone_07,Zone_09,0.2083,0.0853,0.0817,0.08,0.0767,0.0771,0.1429,0.0777,0.079,0.2083,0.0913
CT008540,Zone_04,Zone_09,0.1907,0.0853,0.0827,0.0941,0.0887,0.0727,0.1187,0.0933,0.0877,0.1907,0.086
CT006682,Zone_07,Zone_05,0.1383,0.1172,0.1012,0.0775,0.1002,0.1383,0.0879,0.0987,0.1109,0.0635,0.1045
CT001174,Zone_07,Zone_09,0.1365,0.0776,0.1308,0.0911,0.097,0.0912,0.1029,0.1229,0.0622,0.1365,0.0878
CT003855,Zone_08,Zone_09,0.1635,0.076,0.0949,0.1234,0.0855,0.0932,0.1227,0.0768,0.0862,0.1635,0.0778
CT015098,Zone_07,Zone_04,0.1437,0.0876,0.0926,0.1071,0.1437,0.0699,0.1243,0.0932,0.1186,0.0614,0.1016
CT005385,Zone_04,Zone_08,0.1201,0.0896,0.1131,0.0945,0.1113,0.1053,0.1195,0.0918,0.1201,0.0406,0.1142
CT000577,Zone_06,Zone_10,0.1198,0.0997,0.091,0.109,0.0865,0.1029,0.0986,0.1032,0.0958,0.0935,0.1198
CT016294,Zone_08,Zone_07,0.1423,0.1069,0.1207,0.1069,0.0886,0.0808,0.0696,0.1423,0.0843,0.0906,0.1093
CT001087,Zone_07,Zone_08,0.1266,0.1075,0.1027,0.1163,0.0878,0.0923,0.1002,0.0943,0.1266,0.0657,0.1065
CT012219,Zone_10,Zone_03,0.1248,0.0946,0.0993,0.1248,0.0995,0.0853,0.087,0.0943,0.0887,0.1122,0.1144
CT008200,Zone_01,Zone_03,0.1216,0.0876,0.1152,0.1216,0.0906,0.0814,0.1206,0.0979,0.1122,0.0615,0.1116
CT002294,Zone_04,Zone_07,0.1193,0.1063,0.0736,0.0978,0.1013,0.0954,0.1084,0.1193,0.1005,0.09,0.1072
CT015960,Zone_03,Zone_06,0.137,0.0819,0.0941,0.0881,0.1152,0.1221,0.137,0.0723,0.132,0.0396,0.1177
CT005302,Zone_08,Zone_09,0.1545,0.0947,0.1152,0.0932,0.084,0.0946,0.0705,0.0837,0.1059,0.1545,0.1037
CT001611,Zone_04,Zone_05,0.1271,0.0996,0.0967,0.0896,0.0894,0.1271,0.1128,0.1037,0.094,0.08,0.107
CT019579,Zone_02,Zone_03,0.134,0.1255,0.0649,0.134,0.1023,0.0798,0.1153,0.1145,0.1163,0.0559,0.0916
CT015053,Zone_07,Zone_06,0.1499,0.0958,0.071,0.1085,0.0792,0.1215,0.1499,0.0779,0.1197,0.0689,0.1076
CT019384,Zone_07,Zone_01,0.1308,0.1308,0.0795,0.094,0.1112,0.1123,0.0864,0.1038,0.0892,0.0819,0.1111
CT008977,Zone_02,Zone_06,0.1454,0.0709,0.0643,0.1286,0.0727,0.1,0.1454,0.1052,0.0869,0.1303,0.0956
CT010529,Zone_03,Zone_01,0.1299,0.1299,0.0952,0.1074,0.0989,0.1208,0.1029,0.1201,0.0695,0.0585,0.0967
CT000527,Zone_10,Zone_07,0.1509,0.096,0.1033,0.1132,0.0958,0.0876,0.1043,0.1509,0.0845,0.0764,0.0881
CT019465,Zone_03,Zone_01,0.1266,0.1266,0.1093,0.083,0.091,0.1163,0.107,0.0839,0.108,0.0743,0.1007
CT009630,Zone_07,Zone_03,0.1327,0.075,0.0791,0.1327,0.0966,0.1119,0.0925,0.0985,0.0918,0.1308,0.0912
CT018067,Zone_01,Zone_06,0.1262,0.112,0.0824,0.1048,0.0882,0.0833,0.1262,0.107,0.1152,0.0887,0.0922
CT003991,Zone_10,Zone_06,0.1477,0.0955,0.0782,0.0755,0.1297,0.1015,0.1477,0.0926,0.1252,0.0542,0.1
CT005255,Zone_07,Zone_05,0.1409,0.0984,0.0711,0.1021,0.0836,0.1409,0.136,0.076,0.1131,0.0711,0.1077
CT010851,Zone_08,Zone_02,0.1554,0.0822,0.1554,0.1007,0.1302,0.0875,0.0919,0.1054,0.1051,0.0434,0.0983
CT014247,Zone_08,Zone_02,0.1297,0.0946,0.1297,0.0863,0.1061,0.1075,0.0839,0.0951,0.0832,0.0866,0.127
CT010021,Zone_03,Zone_10,0.1332,0.1031,0.0918,0.0932,0.0821,0.1011,0.0774,0.0911,0.1135,0.1136,0.1332
CT019480,Zone_08,Zone_09,0.1307,0.103,0.1054,0.1065,0.1173,0.0848,0.0616,0.101,0.0856,0.1307,0.1039
CT017316,Zone_06,Zone_04,0.1377,0.1187,0.1023,0.1212,0.1377,0.1173,0.0318,0.0644,0.1026,0.1325,0.0716
CT012112,Zone_08,Zone_07,0.1329,0.0918,0.1255,0.0786,0.112,0.0905,0.098,0.1329,0.0846,0.075,0.111
CT007288,Zone_03,Zone_08,0.1354,0.1194,0.1058,0.0838,0.0952,0.1109,0.1186,0.0834,0.1354,0.0506,0.0969
CT006819,Zone_03,Zone_07,0.1249,0.1225,0.1049,0.0972,0.1077,0.1012,0.0837,0.1249,0.0847,0.0596,0.1137
CT008536,Zone_04,Zone_09,0.1151,0.0914,0.07,0.09,0.0963,0.1121,0.1136,0.1098,0.092,0.1151,0.1096
CT011638,Zone_08,Zone_03,0.1427,0.0937,0.0556,0.1427,0.1227,0.0695,0.1054,0.1413,0.1045,0.0787,0.0858
CT008320,Zone_08,Zone_06,0.1127,0.1101,0.1047,0.0898,0.0906,0.0964,0.1127,0.1098,0.0936,0.0928,0.0995
CT016521,Zone_07,Zone_04,0.1549,0.0863,0.0969,0.1058,0.1549,0.0643,0.0957,0.124,0.095,0.1035,0.0735
CT012022,Zone_08,Zone_09,0.1248,0.1095,0.088,0.0981,0.0768,0.1022,0.0875,0.078,0.1137,0.1248,0.1213
CT011656,Zone_08,Zone_06,0.1156,0.113,0.0938,0.1028,0.0919,0.0999,0.1156,0.0889,0.0948,0.0885,0.1109
CT005009,Zone_07,Zone_04,0.1327,0.087,0.1205,0.0964,0.1327,0.0983,0.1193,0.0846,0.1232,0.0445,0.0935
CT005692,Zone_03,Zone_09,0.1257,0.0943,0.0879,0.09,0.0776,0.1159,0.1155,0.0978,0.094,0.1257,0.1013
CT016321,Zone_07,Zone_07,0.121,0.1019,0.0961,0.1142,0.0879,0.0935,0.0629,0.121,0.0896,0.1122,0.1207
CT016092,Zone_10,Zone_06,0.1252,0.0934,0.0933,0.0912,0.079,0.1111,0.1252,0.0805,0.104,0.1237,0.0987
CT016100,Zone_10,Zone_09,0.1468,0.1067,0.1236,0.0849,0.1036,0.0972,0.0594,0.1383,0.0578,0.1468,0.0816
CT007333,Zone_05,Zone_10,0.1253,0.1101,0.097,0.0998,0.0899,0.0748,0.1238,0.0946,0.1158,0.069,0.1253
CT011495,Zone_08,Zone_06,0.146,0.0865,0.0914,0.1002,0.0763,0.1005,0.146,0.078,0.1342,0.0775,0.1094
CT017664,Zone_08,Zone_06,0.1383,0.0749,0.1104,0.0934,0.1208,0.1042,0.1383,0.0817,0.1282,0.0445,0.1036
CT005067,Zone_08,Zone_02,0.1249,0.0742,0.1249,0.092,0.097,0.0988,0.1119,0.111,0.0771,0.0993,0.1137
CT010959,Zone_08,Zone_03,0.1475,0.1011,0.1094,0.1475,0.0814,0.0852,0.0605,0.1254,0.0979,0.0587,0.1329
CT016622,Zone_08,Zone_03,0.122,0.1017,0.1106,0.122,0.0958,0.103,0.0941,0.0866,0.1145,0.0788,0.0929
CT018365,Zone_03,Zone_09,0.123,0.1085,0.1127,0.1025,0.1142,0.0788,0.1094,0.1091,0.0776,0.123,0.0642
CT006798,Zone_01,Zone_09,0.1319,0.1122,0.097,0.1007,0.1091,0.0799,0.0993,0.1004,0.0975,0.1319,0.0719
CT017715,Zone_08,Zone_02,0.1519,0.0954,0.1519,0.1094,0.0976,0.0938,0.0895,0.1157,0.067,0.0989,0.0805
CT017870,Zone_07,Zone_03,0.1324,0.1095,0.1,0.1324,0.0965,0.1127,0.0885,0.1007,0.0934,0.0748,0.0915
CT008409,Zone_07,Zone_04,0.1292,0.087,0.1024,0.1122,0.1292,0.0643,0.0876,0.1267,0.1026,0.1155,0.0723
CT002645,Zone_04,Zone_03,0.1313,0.1193,0.0982,0.1313,0.1159,0.0996,0.089,0.1047,0.1168,0.0463,0.0788
CT004058,Zone_10,Zone_06,0.1304,0.0787,0.0982,0.1293,0.1048,0.0736,0.1304,0.0987,0.0933,0.1072,0.0856
CT002287,Zone_07,Zone_04,0.1326,0.1002,0.1263,0.0683,0.1326,0.1282,0.0837,0.0985,0.1077,0.0366,0.1178
CT012259,Zone_04,Zone_02,0.1325,0.1085,0.1325,0.1101,0.1102,0.094,0.044,0.0953,0.0782,0.118,0.1092
CT013041,Zone_10,Zone_02,0.1353,0.0819,0.1353,0.1094,0.105,0.0879,0.1066,0.1201,0.0672,0.0973,0.0894
CT014608,Zone_07,Zone_05,0.1346,0.0962,0.1095,0.1057,0.1174,0.1346,0.0721,0.1137,0.0856,0.0716,0.0936
CT014294,Zone_06,Zone_09,0.1653,0.0863,0.1166,0.0808,0.0776,0.0668,0.1496,0.0927,0.0766,0.1653,0.0876
CT000124,Zone_08,Zone_02,0.1336,0.0819,0.1336,0.0738,0.1115,0.0849,0.1166,0.0881,0.1213,0.0744,0.1139
CT008561,Zone_04,Zone_01,0.1181,0.1181,0.1064,0.1115,0.0973,0.08,0.115,0.093,0.1136,0.0635,0.1017
CT002452,Zone_07,Zone_09,0.1231,0.0722,0.0996,0.1027,0.09,0.1002,0.1119,0.0984,0.0892,0.1231,0.1128
CT017129,Zone_05,Zone_09,0.1426,0.0822,0.1338,0.0938,0.084,0.0812,0.1051,0.1121,0.0701,0.1426,0.095
CT015593,Zone_07,Zone_07,0.1176,0.1038,0.0859,0.0894,0.0994,0.1094,0.0845,0.1176,0.0857,0.1136,0.1108
CT011719,Zone_07,Zone_08,0.1496,0.0922,0.0926,0.0935,0.1316,0.113,0.1133,0.0893,0.1496,0.0424,0.0825
CT003281,Zone_08,Zone_03,0.1228,0.1171,0.12,0.1228,0.1086,0.0737,0.0648,0.1008,0.1056,0.0862,0.1004
CT011140,Zone_01,Zone_03,0.1393,0.073,0.1356,0.1393,0.0832,0.0919,0.1,0.0896,0.0969,0.0919,0.0986
CT003108,Zone_07,Zone_02,0.1622,0.0982,0.1622,0.1143,0.1024,0.0854,0.0931,0.1196,0.0653,0.082,0.0775
CT012911,Zone_08,Zone_08,0.1258,0.1098,0.0721,0.1157,0.1015,0.1192,0.0528,0.0863,0.1258,0.1144,0.1024
CT013093,Zone_08,Zone_09,0.1222,0.1145,0.0846,0.0838,0.1001,0.0985,0.0945,0.09,0.0935,0.1222,0.1183
CT004843,Zone_04,Zone_03,0.1401,0.1008,0.1263,0.1401,0.1021,0.0603,0.1046,0.1102,0.1102,0.0608,0.0845
CT007506,Zone_07,Zone_05,0.1275,0.0822,0.0751,0.0806,0.1151,0.1275,0.1189,0.1272,0.0901,0.0776,0.1058
CT007663,Zone_08,Zone_04,0.1441,0.0904,0.0908,0.131,0.1441,0.061,0.0759,0.1252,0.1082,0.0916,0.0817
CT010076,Zone_07,Zone_06,0.1388,0.1228,0.0746,0.0817,0.1238,0.1037,0.1388,0.0975,0.1188,0.0373,0.101
CT002310,Zone_06,Zone_05,0.1215,0.1038,0.1199,0.0845,0.0791,0.1215,0.0883,0.0953,0.1004,0.0937,0.1133
CT000290,Zone_03,Zone_10,0.1161,0.112,0.0923,0.0856,0.0976,0.1017,0.0827,0.1091,0.0912,0.1118,0.1161
CT017524,Zone_08,Zone_08,0.134,0.1147,0.0777,0.1091,0.0894,0.1139,0.0643,0.092,0.134,0.1278,0.077
CT016594,Zone_01,Zone_06,0.124,0.1015,0.098,0.1012,0.1,0.0762,0.124,0.0799,0.12,0.1111,0.088
CT019137,Zone_06,Zone_09,0.1207,0.1004,0.1043,0.0888,0.106,0.1021,0.0926,0.1003,0.0808,0.1207,0.104
CT000461,Zone_07,Zone_02,0.1296,0.1044,0.1296,0.0859,0.0743,0.1025,0.1209,0.079,0.1167,0.0991,0.0876
CT003354,Zone_04,Zone_07,0.1188,0.0967,0.0938,0.1181,0.1052,0.1004,0.0904,0.1188,0.0946,0.1041,0.0781
CT006110,Zone_08,Zone_09,0.1498,0.1,0.089,0.0793,0.1135,0.1028,0.0965,0.0854,0.0925,0.1498,0.0912
CT005801,Zone_08,Zone_09,0.1414,0.0847,0.1012,0.1042,0.1044,0.0661,0.0687,0.1257,0.1005,0.1414,0.1032
CT002468,Zone_08,Zone_06,0.1512,0.0711,0.106,0.1134,0.0731,0.1209,0.1512,0.068,0.0957,0.1241,0.0766
CT012560,Zone_04,Zone_03,0.1346,0.093,0.1319,0.1346,0.0991,0.0867,0.0738,0.1012,0.0874,0.0978,0.0945
CT007627,Zone_10,Zone_01,0.1185,0.1185,0.1091,0.0935,0.0882,0.0967,0.11,0.0975,0.0934,0.1012,0.092
CT007215,Zone_07,Zone_01,0.1248,0.1248,0.0838,0.1095,0.0973,0.1108,0.1021,0.1206,0.0914,0.0564,0.1035
CT010934,Zone_07,Zone_02,0.1549,0.1116,0.1549,0.1237,0.1037,0.0755,0.0653,0.1121,0.0813,0.0778,0.0941
CT006805,Zone_07,Zone_06,0.1721,0.1051,0.0751,0.0792,0.0853,0.1224,0.1721,0.0716,0.0874,0.0983,0.1036
CT002446,Zone_07,Zone_05,0.1292,0.1064,0.1018,0.0906,0.1041,0.1292,0.0876,0.107,0.0802,0.0921,0.101
CT017097,Zone_04,Zone_10,0.1181,0.1138,0.1022,0.0944,0.0985,0.1058,0.0906,0.0942,0.0872,0.0951,0.1181
CT003284,Zone_03,Zone_04,0.1385,0.0866,0.0894,0.0779,0.1385,0.1111,0.1269,0.0798,0.132,0.0394,0.1183
CT003597,Zone_07,Zone_08,0.1347,0.1133,0.0863,0.1304,0.1047,0.0793,0.0808,0.1042,0.1347,0.0829,0.0834
CT013248,Zone_01,Zone_07,0.144,0.0791,0.0873,0.1048,0.134,0.1159,0.082,0.144,0.0963,0.0437,0.113
CT010422,Zone_01,Zone_07,0.1272,0.0888,0.1164,0.1262,0.1011,0.098,0.1181,0.1272,0.0697,0.0722,0.0822
CT019672,Zone_04,Zone_09,0.1438,0.0831,0.1037,0.1265,0.094,0.086,0.0861,0.113,0.0789,0.1438,0.0849
CT004629,Zone_01,Zone_05,0.1425,0.1081,0.1106,0.0817,0.0918,0.1425,0.0717,0.1081,0.088,0.0686,0.1288
CT007279,Zone_08,Zone_09,0.2099,0.0859,0.0855,0.076,0.0887,0.0726,0.1253,0.0851,0.0853,0.2099,0.0856
CT001454,Zone_10,Zone_03,0.1275,0.121,0.092,0.1275,0.1057,0.0715,0.0874,0.1202,0.1141,0.0525,0.1081
CT006403,Zone_02,Zone_03,0.118,0.1117,0.1032,0.118,0.1048,0.0942,0.0524,0.1085,0.095,0.1031,0.1091
CT002875,Zone_03,Zone_01,0.1272,0.1272,0.1073,0.0728,0.105,0.1267,0.0654,0.1268,0.0931,0.075,0.1007
CT008156,Zone_10,Zone_09,0.1327,0.0919,0.1168,0.0955,0.089,0.0829,0.0987,0.1199,0.0716,0.1327,0.101
CT013158,Zone_08,Zone_02,0.1224,0.1108,0.1224,0.0961,0.0977,0.0705,0.0897,0.0932,0.1119,0.1144,0.0933
CT017624,Zone_07,Zone_10,0.1097,0.1047,0.0966,0.0988,0.092,0.1009,0.1048,0.1034,0.0979,0.0912,0.1097
CT002624,Zone_10,Zone_03,0.1132,0.1106,0.0785,0.1132,0.1059,0.1088,0.1056,0.0947,0.1056,0.0738,0.1033
CT007658,Zone_07,Zone_09,0.1742,0.0744,0.0883,0.0826,0.0834,0.0978,0.1408,0.0867,0.08,0.1742,0.0917
CT012428,Zone_07,Zone_06,0.1456,0.0753,0.1034,0.08,0.083,0.1301,0.1456,0.0799,0.0908,0.1128,0.099
CT001675,Zone_07,Zone_05,0.1385,0.1129,0.0876,0.0797,0.1126,0.1385,0.0851,0.097,0.0862,0.095,0.1053
CT016115,Zone_02,Zone_08,0.124,0.1147,0.0791,0.1072,0.0992,0.1228,0.0721,0.0973,0.124,0.0674,0.1164
CT002901,Zone_05,Zone_02,0.1432,0.0782,0.1432,0.096,0.0865,0.0828,0.1281,0.0853,0.0842,0.1358,0.0799
CT016228,Zone_06,Zone_04,0.1552,0.0873,0.1422,0.1055,0.1552,0.0861,0.1179,0.0915,0.0932,0.0385,0.0826
CT015753,Zone_08,Zone_10,0.1201,0.0859,0.0852,0.1157,0.0866,0.094,0.1125,0.1091,0.0805,0.1104,0.1201
CT017066,Zone_04,Zone_07,0.1313,0.0978,0.0955,0.0938,0.1283,0.0876,0.0897,0.1313,0.0991,0.078,0.099
CT005413,Zone_04,Zone_06,0.134,0.0814,0.0904,0.0961,0.0807,0.1117,0.134,0.1013,0.0837,0.1138,0.1068
CT012654,Zone_08,Zone_10,0.1305,0.0927,0.095,0.1088,0.0738,0.12,0.1054,0.0881,0.1129,0.0729,0.1305
CT019923,Zone_07,Zone_04,0.1886,0.061,0.0419,0.0954,0.1886,0.0572,0.1395,0.1608,0.1025,0.0335,0.1197
CT008531,Zone_08,Zone_05,0.1177,0.0932,0.0779,0.1106,0.0948,0.1177,0.1174,0.1165,0.1059,0.0875,0.0784
CT018627,Zone_08,Zone_03,0.1384,0.1226,0.13,0.1384,0.1132,0.0928,0.0388,0.0981,0.0702,0.0902,0.1057
CT001137,Zone_08,Zone_03,0.1132,0.1031,0.0967,0.1132,0.0795,0.1037,0.1116,0.0996,0.1001,0.1005,0.0921
CT012360,Zone_09,Zone_09,0.2049,0.0814,0.1205,0.0825,0.0893,0.0689,0.111,0.0911,0.0773,0.2049,0.0732
CT015895,Zone_07,Zone_06,0.1491,0.098,0.1361,0.0863,0.0862,0.0935,0.1491,0.0928,0.0915,0.0909,0.0755
CT015385,Zone_03,Zone_05,0.1404,0.08,0.0709,0.0888,0.1146,0.1404,0.1208,0.1098,0.1082,0.0551,0.1113
CT006825,Zone_07,Zone_03,0.1437,0.1002,0.1001,0.1437,0.1028,0.089,0.1057,0.104,0.0883,0.0759,0.0903
CT012834,Zone_03,Zone_09,0.1516,0.0927,0.1082,0.0941,0.0866,0.0843,0.0765,0.0896,0.1127,0.1516,0.1037
CT005773,Zone_04,Zone_09,0.1216,0.1117,0.0994,0.0805,0.093,0.0973,0.1046,0.0926,0.0883,0.1216,0.111
CT011125,Zone_10,Zone_02,0.1357,0.0706,0.1357,0.1356,0.1009,0.0924,0.0878,0.0913,0.1016,0.0824,0.1017
CT005455,Zone_10,Zone_05,0.1517,0.0887,0.0906,0.0768,0.0796,0.1517,0.1171,0.0873,0.0953,0.1097,0.1032
CT006422,Zone_07,Zone_07,0.1322,0.0709,0.1111,0.0763,0.1281,0.1301,0.0892,0.1322,0.0838,0.0793,0.0989
CT014048,Zone_10,Zone_10,0.1296,0.1026,0.1153,0.0917,0.0789,0.1034,0.0592,0.0907,0.1011,0.1277,0.1296
CT000884,Zone_08,Zone_02,0.1239,0.0843,0.1239,0.1007,0.0975,0.1104,0.1146,0.0955,0.0916,0.0953,0.0861
CT014184,Zone_04,Zone_04,0.1351,0.087,0.1083,0.0727,0.1351,0.1083,0.0767,0.1258,0.0808,0.0721,0.1333
CT002846,Zone_08,Zone_10,0.1389,0.0731,0.098,0.0719,0.1252,0.1341,0.1176,0.0773,0.1197,0.044,0.1389
CT003891,Zone_03,Zone_10,0.1316,0.1107,0.0833,0.0897,0.107,0.1014,0.0798,0.0972,0.1081,0.0912,0.1316
CT010433,Zone_04,Zone_10,0.1312,0.127,0.1131,0.0987,0.093,0.094,0.0627,0.0973,0.1013,0.0817,0.1312
CT002415,Zone_08,Zone_05,0.1167,0.0948,0.1089,0.1047,0.1022,0.1167,0.0952,0.0913,0.0846,0.1091,0.0925
CT014233,Zone_07,Zone_09,0.1529,0.075,0.0854,0.1038,0.0618,0.1086,0.1128,0.0731,0.1271,0.1529,0.0995
CT010411,Zone_08,Zone_08,0.1431,0.097,0.095,0.0878,0.1379,0.1074,0.1108,0.0925,0.1431,0.0325,0.0962
CT003463,Zone_02,Zone_01,0.1362,0.1362,0.1034,0.1065,0.1095,0.099,0.0665,0.1125,0.0833,0.0602,0.123
CT007755,Zone_08,Zone_06,0.1291,0.0642,0.127,0.1048,0.1122,0.094,0.1291,0.0929,0.1192,0.0372,0.1194
CT006216,Zone_03,Zone_05,0.1175,0.0968,0.0858,0.1134,0.0871,0.1175,0.0887,0.1036,0.1037,0.0865,0.1167
CT006046,Zone_05,Zone_09,0.13,0.0807,0.1176,0.1101,0.1109,0.067,0.1237,0.0833,0.0987,0.13,0.0778
CT003022,Zone_07,Zone_06,0.1177,0.1057,0.1046,0.1162,0.1137,0.0822,0.1177,0.1092,0.1069,0.0514,0.0924
CT016846,Zone_03,Zone_05,0.1373,0.1089,0.0982,0.0652,0.0933,0.1373,0.1086,0.0717,0.1069,0.1186,0.0913
CT008105,Zone_08,Zone_10,0.116,0.0917,0.0888,0.0989,0.0814,0.1072,0.1101,0.0958,0.0989,0.1112,0.116
CT001440,Zone_10,Zone_08,0.1422,0.1046,0.0577,0.125,0.1101,0.0856,0.1151,0.0844,0.1422,0.0903,0.085
CT011024,Zone_07,Zone_01,0.1316,0.1316,0.0939,0.0977,0.1075,0.1225,0.0644,0.0949,0.1073,0.0714,0.1087
CT000151,Zone_07,Zone_06,0.126,0.0952,0.1161,0.1095,0.0799,0.0747,0.126,0.1029,0.1116,0.078,0.1062
CT004151,Zone_04,Zone_01,0.1403,0.1403,0.0817,0.0953,0.0993,0.115,0.1016,0.1004,0.0943,0.0613,0.1109
CT008589,Zone_08,Zone_05,0.1301,0.1195,0.0764,0.1146,0.0938,0.1301,0.0668,0.1051,0.1139,0.0637,0.1161
CT011404,Zone_01,Zone_06,0.1272,0.102,0.0943,0.106,0.0904,0.1144,0.1272,0.0937,0.0935,0.1026,0.076
CT010485,Zone_04,Zone_05,0.1274,0.1084,0.1085,0.0748,0.0855,0.1274,0.0955,0.1005,0.0798,0.1181,0.1015
CT008319,Zone_04,Zone_05,0.1349,0.112,0.0814,0.0918,0.1039,0.1349,0.1022,0.0944,0.1016,0.0682,0.1096
CT000394,Zone_08,Zone_05,0.1433,0.0965,0.0871,0.1065,0.085,0.1433,0.062,0.0951,0.0991,0.0889,0.1365
CT016796,Zone_07,Zone_08,0.1346,0.1019,0.1057,0.1036,0.113,0.0636,0.1126,0.112,0.1346,0.0748,0.0781
CT003496,Zone_07,Zone_06,0.1492,0.1078,0.0837,0.0826,0.0791,0.0933,0.1492,0.0788,0.1163,0.1215,0.0877
CT008055,Zone_10,Zone_04,0.1378,0.0806,0.1057,0.1073,0.1378,0.0673,0.1105,0.0981,0.1169,0.0772,0.0986
CT004363,Zone_08,Zone_09,0.1943,0.1082,0.1062,0.0893,0.0838,0.0764,0.0501,0.0878,0.0941,0.1943,0.1097
CT019218,Zone_08,Zone_05,0.153,0.0845,0.1083,0.0749,0.116,0.153,0.0912,0.0924,0.113,0.0452,0.1215
CT009473,Zone_02,Zone_01,0.1394,0.1394,0.0894,0.1062,0.1062,0.1044,0.092,0.1104,0.0941,0.0728,0.0851
CT004463,Zone_04,Zone_03,0.1242,0.1064,0.0756,0.1242,0.0982,0.1065,0.1183,0.093,0.122,0.056,0.0999
CT006603,Zone_04,Zone_03,0.1373,0.0882,0.0633,0.1373,0.1268,0.0869,0.0817,0.1134,0.1318,0.0925,0.0781
CT016536,Zone_03,Zone_09,0.1681,0.0942,0.1079,0.0746,0.0864,0.0819,0.1007,0.0852,0.0883,0.1681,0.1127
CT019858,Zone_07,Zone_09,0.1223,0.0768,0.1216,0.1222,0.0927,0.1151,0.0767,0.0829,0.1009,0.1223,0.0888
CT010227,Zone_08,Zone_10,0.1167,0.0892,0.0789,0.1021,0.0818,0.1147,0.0938,0.105,0.1045,0.1134,0.1167
CT000184,Zone_04,Zone_07,0.1214,0.085,0.1159,0.0822,0.1095,0.0915,0.0984,0.1214,0.0937,0.0957,0.1068
CT009404,Zone_08,Zone_06,0.1268,0.1116,0.0877,0.085,0.1235,0.1191,0.1268,0.0873,0.1259,0.0369,0.0961
CT019618,Zone_08,Zone_07,0.1381,0.0958,0.1033,0.1209,0.1174,0.0546,0.0702,0.1381,0.0954,0.1011,0.103
CT017174,Zone_04,Zone_09,0.1564,0.1014,0.092,0.0817,0.0889,0.1317,0.0703,0.0721,0.099,0.1564,0.1066
CT016307,Zone_08,Zone_06,0.1667,0.1164,0.0713,0.0808,0.0958,0.1012,0.1667,0.0806,0.107,0.0899,0.0902
CT014896,Zone_07,Zone_08,0.1528,0.0887,0.1262,0.0773,0.1264,0.098,0.1361,0.0678,0.1528,0.0465,0.0803
CT011865,Zone_05,Zone_06,0.1247,0.11,0.1083,0.0953,0.0862,0.0949,0.1247,0.1002,0.0972,0.0793,0.104
CT005090,Zone_04,Zone_09,0.1711,0.0962,0.0818,0.0828,0.0997,0.1079,0.0996,0.0872,0.092,0.1711,0.0817
CT014250,Zone_08,Zone_05,0.1196,0.1146,0.0618,0.0832,0.1067,0.1196,0.1114,0.0917,0.0874,0.1192,0.1043
CT016631,Zone_02,Zone_04,0.1406,0.0762,0.0732,0.0897,0.1406,0.1059,0.1167,0.1172,0.0832,0.1081,0.0891
CT004831,Zone_07,Zone_05,0.1461,0.0704,0.0999,0.0834,0.0985,0.1461,0.1064,0.0877,0.0835,0.1008,0.1234
CT016273,Zone_02,Zone_05,0.1409,0.0782,0.0866,0.0638,0.1112,0.1409,0.1087,0.1052,0.0918,0.0978,0.1159
CT002422,Zone_01,Zone_09,0.1216,0.103,0.0949,0.1043,0.1075,0.0844,0.096,0.1016,0.0926,0.1216,0.0941
CT005041,Zone_04,Zone_05,0.1208,0.1011,0.0712,0.1096,0.0976,0.1208,0.1008,0.0896,0.1185,0.1067,0.0843
CT002474,Zone_08,Zone_03,0.1233,0.1111,0.0952,0.1233,0.1076,0.0804,0.079,0.1048,0.0976,0.1088,0.0922
CT008114,Zone_07,Zone_01,0.1449,0.1449,0.0939,0.1074,0.109,0.0982,0.0817,0.1203,0.1,0.053,0.0916
CT006432,Zone_08,Zone_05,0.1406,0.0863,0.0653,0.0981,0.1289,0.1406,0.0825,0.1145,0.1049,0.0666,0.1123
CT019206,Zone_07,Zone_01,0.1308,0.1308,0.0982,0.0872,0.1199,0.1027,0.0561,0.1082,0.0819,0.1056,0.1094
CT006137,Zone_10,Zone_09,0.1314,0.1081,0.1225,0.0891,0.1022,0.0928,0.0743,0.1047,0.0647,0.1314,0.1103
CT010621,Zone_08,Zone_06,0.1549,0.094,0.1003,0.0925,0.0922,0.1061,0.1549,0.0834,0.0973,0.0848,0.0946
CT006811,Zone_03,Zone_04,0.1356,0.0958,0.1046,0.0871,0.1356,0.0918,0.0941,0.1054,0.1185,0.0428,0.1244
CT013866,Zone_03,Zone_09,0.1358,0.1201,0.1058,0.085,0.098,0.088,0.08,0.091,0.0884,0.1358,0.1079
CT015186,Zone_08,Zone_01,0.1458,0.1458,0.1109,0.1208,0.1057,0.1014,0.0716,0.0916,0.1203,0.0683,0.0637
CT002133,Zone_09,Zone_03,0.1208,0.1145,0.0752,0.1208,0.1125,0.1126,0.0771,0.1119,0.1099,0.0769,0.0885
CT016716,Zone_03,Zone_02,0.1143,0.0895,0.1143,0.0992,0.11,0.1039,0.106,0.0926,0.0963,0.0889,0.0992
CT018985,Zone_07,Zone_09,0.1262,0.1212,0.1088,0.0824,0.0915,0.0909,0.0858,0.0959,0.0912,0.1262,0.1061
CT006405,Zone_01,Zone_09,0.1414,0.0992,0.1,0.0952,0.0938,0.0911,0.0854,0.1115,0.0795,0.1414,0.1028
CT002982,Zone_04,Zone_08,0.1511,0.0953,0.0925,0.1004,0.1396,0.119,0.0807,0.0901,0.1511,0.0388,0.0924
CT007580,Zone_05,Zone_02,0.1427,0.0902,0.1427,0.1009,0.1144,0.0854,0.0827,0.1146,0.106,0.0383,0.1248
CT017087,Zone_08,Zone_04,0.1509,0.0695,0.1441,0.0974,0.1509,0.0928,0.0932,0.0831,0.1147,0.046,0.1082
CT002205,Zone_04,Zone_08,0.132,0.1048,0.0976,0.1243,0.0934,0.099,0.0959,0.0903,0.132,0.0877,0.0751
CT006845,Zone_08,Zone_09,0.1256,0.096,0.0691,0.0806,0.091,0.1224,0.1098,0.1105,0.0843,0.1256,0.1107
CT004851,Zone_01,Zone_05,0.1237,0.1123,0.0836,0.1207,0.0931,0.1237,0.0991,0.107,0.096,0.0608,0.1037
CT019341,Zone_07,Zone_09,0.127,0.1047,0.1207,0.0892,0.0866,0.081,0.0933,0.1004,0.0921,0.127,0.1049
CT014483,Zone_07,Zone_09,0.1172,0.1098,0.1085,0.0961,0.1059,0.0973,0.0688,0.1061,0.0995,0.1172,0.0908
CT006606,Zone_03,Zone_09,0.1279,0.1163,0.1028,0.0882,0.0852,0.0949,0.0943,0.0764,0.1065,0.1279,0.1074
CT011155,Zone_01,Zone_09,0.119,0.0984,0.1151,0.0691,0.1046,0.0989,0.0888,0.1152,0.0777,0.119,0.1133
CT014926,Zone_08,Zone_09,0.1417,0.0754,0.1207,0.1008,0.1071,0.0849,0.1252,0.0811,0.0867,0.1417,0.0764
CT008162,Zone_07,Zone_05,0.1365,0.0691,0.1102,0.09,0.0926,0.1365,0.1173,0.1014,0.0921,0.0735,0.1173
CT013336,Zone_05,Zone_06,0.1303,0.0925,0.0953,0.0812,0.0851,0.119,0.1303,0.0844,0.0999,0.0891,0.1232
CT019675,Zone_07,Zone_07,0.1269,0.0959,0.1112,0.0904,0.1143,0.1051,0.1068,0.1269,0.0952,0.0465,0.1078
CT016256,Zone_03,Zone_09,0.1235,0.0918,0.1018,0.106,0.0776,0.112,0.1081,0.0936,0.0887,0.1235,0.0969
CT012503,Zone_04,Zone_05,0.125,0.1064,0.083,0.104,0.1061,0.125,0.0767,0.1207,0.0876,0.1164,0.0741
CT002484,Zone_04,Zone_03,0.1205,0.0869,0.0922,0.1205,0.082,0.1036,0.1139,0.1122,0.0904,0.1062,0.0921
CT010521,Zone_06,Zone_08,0.1331,0.1038,0.1035,0.1066,0.094,0.0976,0.1088,0.0846,0.1331,0.095,0.0729
CT014501,Zone_03,Zone_03,0.1151,0.104,0.1048,0.1151,0.0955,0.098,0.0653,0.105,0.1022,0.1018,0.1082
CT019282,Zone_08,Zone_02,0.1372,0.0733,0.1372,0.0808,0.1024,0.0874,0.1324,0.097,0.1197,0.0499,0.1199
CT015286,Zone_03,Zone_09,0.1295,0.0988,0.0988,0.085,0.0823,0.104,0.1243,0.0813,0.1022,0.1295,0.0939
CT005135,Zone_07,Zone_07,0.1256,0.1096,0.0665,0.1007,0.0994,0.1029,0.1208,0.1256,0.0818,0.1042,0.0885
CT008332,Zone_08,Zone_06,0.1251,0.0912,0.0694,0.1029,0.083,0.1177,0.1251,0.0897,0.1067,0.1191,0.0951
CT016084,Zone_07,Zone_02,0.1465,0.0913,0.1465,0.0848,0.0902,0.1074,0.0889,0.0983,0.0848,0.0924,0.1154
CT019945,Zone_02,Zone_05,0.1264,0.1112,0.0865,0.0851,0.0953,0.1264,0.1005,0.0893,0.1095,0.1073,0.0889
CT005966,Zone_04,Zone_07,0.124,0.1092,0.1177,0.1075,0.1013,0.0733,0.0725,0.124,0.0703,0.1226,0.1016
CT014695,Zone_07,Zone_01,0.1239,0.1239,0.071,0.0952,0.0949,0.1085,0.1043,0.0947,0.0969,0.0912,0.1193
CT015238,Zone_08,Zone_06,0.1249,0.0814,0.0927,0.1067,0.0862,0.1021,0.1249,0.0986,0.0906,0.1238,0.0931
CT006490,Zone_09,Zone_09,0.1607,0.0792,0.1086,0.0902,0.0819,0.1004,0.1077,0.0933,0.0909,0.1607,0.0873
CT001094,Zone_04,Zone_02,0.1498,0.0969,0.1498,0.0914,0.1327,0.0684,0.094,0.1065,0.1028,0.0421,0.1153
CT017047,Zone_03,Zone_02,0.132,0.0812,0.132,0.084,0.1238,0.0771,0.1204,0.0867,0.1218,0.0767,0.0962
CT014949,Zone_07,Zone_09,0.1449,0.0986,0.0721,0.0898,0.0879,0.1077,0.1447,0.0866,0.0862,0.1449,0.0814
CT008300,Zone_04,Zone_01,0.1269,0.1269,0.071,0.111,0.1044,0.0979,0.0926,0.0973,0.0957,0.0855,0.1176
CT017848,Zone_02,Zone_03,0.1355,0.1049,0.1176,0.1355,0.1147,0.0785,0.1171,0.0985,0.0935,0.0479,0.0918
CT013843,Zone_08,Zone_09,0.1088,0.1084,0.1007,0.0908,0.0841,0.1014,0.1046,0.1013,0.1022,0.1088,0.0976
CT019594,Zone_04,Zone_09,0.1521,0.0768,0.117,0.1124,0.1027,0.0714,0.1114,0.1042,0.0856,0.1521,0.0663
CT004645,Zone_04,Zone_02,0.1799,0.1236,0.1799,0.1174,0.1246,0.0981,0.0327,0.0834,0.0851,0.0667,0.0885
CT004287,Zone_06,Zone_05,0.1436,0.1063,0.0718,0.105,0.1111,0.1436,0.082,0.0823,0.1119,0.0832,0.1027
CT001216,Zone_07,Zone_04,0.1375,0.0999,0.0922,0.089,0.1375,0.1133,0.1061,0.0899,0.1281,0.0381,0.1059
CT000315,Zone_05,Zone_07,0.1378,0.0923,0.0807,0.0872,0.1339,0.0872,0.1059,0.1378,0.1034,0.0852,0.0865
CT001071,Zone_07,Zone_05,0.1536,0.0811,0.0887,0.0791,0.1174,0.1536,0.0978,0.1102,0.094,0.0619,0.1162
CT006833,Zone_04,Zone_02,0.1304,0.0857,0.1304,0.0895,0.1003,0.1219,0.0865,0.1196,0.0774,0.0797,0.1091
CT013242,Zone_04,Zone_06,0.1363,0.093,0.0919,0.1096,0.0936,0.091,0.1363,0.0893,0.1348,0.0451,0.1154
CT006979,Zone_07,Zone_02,0.1348,0.1014,0.1348,0.1179,0.0987,0.0802,0.0922,0.1163,0.0888,0.0815,0.0882
CT018661,Zone_07,Zone_06,0.1703,0.0843,0.0501,0.1137,0.0716,0.1203,0.1703,0.0708,0.1114,0.1082,0.0992
CT018386,Zone_04,Zone_06,0.1133,0.1107,0.1049,0.1067,0.0848,0.0978,0.1133,0.1004,0.0975,0.0918,0.0921
CT002370,Zone_07,Zone_09,0.1566,0.1016,0.0886,0.086,0.0936,0.09,0.1034,0.1224,0.0654,0.1566,0.0923
CT002132,Zone_07,Zone_05,0.1311,0.1305,0.0852,0.0795,0.0933,0.1311,0.0988,0.0941,0.0995,0.0753,0.1127
CT017744,Zone_07,Zone_03,0.1167,0.0842,0.1062,0.1167,0.105,0.1083,0.1044,0.0947,0.0966,0.0838,0.1002
CT017030,Zone_07,Zone_03,0.1355,0.089,0.0881,0.1355,0.1145,0.0691,0.0962,0.1128,0.0964,0.101,0.0974
CT005641,Zone_05,Zone_08,0.1431,0.122,0.0729,0.1082,0.1097,0.0864,0.0842,0.1,0.1431,0.0812,0.0923
CT001310,Zone_10,Zone_09,0.1284,0.1033,0.0962,0.0793,0.0974,0.1229,0.0741,0.098,0.0834,0.1284,0.1171
CT001970,Zone_07,Zone_09,0.1422,0.1028,0.0983,0.1303,0.098,0.0725,0.0663,0.1052,0.0926,0.1422,0.0918
CT018302,Zone_03,Zone_09,0.1491,0.1095,0.0568,0.0958,0.1152,0.0966,0.0939,0.09,0.1004,0.1491,0.0927
CT007017,Zone_05,Zone_05,0.1337,0.0843,0.0926,0.1047,0.1056,0.1337,0.0854,0.1153,0.0985,0.0612,0.1188
CT009534,Zone_08,Zone_09,0.1298,0.1067,0.0783,0.0967,0.0821,0.0941,0.1255,0.0954,0.0911,0.1298,0.1002
CT007613,Zone_07,Zone_09,0.1339,0.1002,0.1132,0.0837,0.0838,0.0825,0.1013,0.0972,0.0913,0.1339,0.113
CT007959,Zone_03,Zone_01,0.1319,0.1319,0.1147,0.0823,0.1045,0.0944,0.0763,0.1181,0.0873,0.0939,0.0966
CT011589,Zone_03,Zone_06,0.1238,0.0696,0.1005,0.1033,0.0807,0.1038,0.1238,0.1024,0.0939,0.1139,0.1081
CT013010,Zone_05,Zone_08,0.1299,0.1044,0.0712,0.1179,0.0938,0.0865,0.1227,0.1022,0.1299,0.066,0.1055
CT006768,Zone_08,Zone_05,0.1316,0.1079,0.071,0.1099,0.1005,0.1316,0.0666,0.0878,0.1196,0.0809,0.1242
CT006323,Zone_07,Zone_01,0.1214,0.1214,0.0822,0.0944,0.1104,0.0933,0.0944,0.121,0.0966,0.0816,0.1046
CT011059,Zone_10,Zone_05,0.1379,0.1251,0.1038,0.074,0.103,0.1379,0.1138,0.0929,0.1005,0.0605,0.0885
CT015151,Zone_02,Zone_10,0.1341,0.107,0.0783,0.1106,0.0891,0.1024,0.0978,0.1064,0.0967,0.0776,0.1341
CT006959,Zone_05,Zone_09,0.1385,0.0823,0.0918,0.089,0.0773,0.0999,0.1276,0.1028,0.0869,0.1385,0.1039
CT008847,Zone_07,Zone_07,0.1327,0.1174,0.0964,0.109,0.0948,0.0926,0.0798,0.1327,0.0935,0.0749,0.1089
CT002933,Zone_08,Zone_04,0.1268,0.088,0.1141,0.0805,0.1268,0.0995,0.1182,0.077,0.1236,0.055,0.1173
CT017291,Zone_07,Zone_07,0.1218,0.0817,0.1018,0.0991,0.1135,0.0933,0.0814,0.1218,0.0912,0.104,0.1121
CT017333,Zone_01,Zone_01,0.1279,0.1279,0.1118,0.1159,0.1159,0.0942,0.0562,0.1232,0.0816,0.0944,0.0789
CT000747,Zone_04,Zone_02,0.1396,0.1265,0.1396,0.1044,0.0978,0.0955,0.0911,0.1178,0.0726,0.0649,0.0899
CT018963,Zone_07,Zone_09,0.2185,0.0853,0.0787,0.1385,0.0797,0.0664,0.0664,0.0888,0.0977,0.2185,0.0799
CT003735,Zone_03,Zone_01,0.1212,0.1212,0.0834,0.1041,0.1106,0.1106,0.0867,0.1158,0.111,0.0706,0.086
CT010146,Zone_06,Zone_08,0.1431,0.1045,0.0913,0.0847,0.1314,0.1205,0.1035,0.1042,0.1431,0.0412,0.0757
CT009830,Zone_07,Zone_09,0.2133,0.0771,0.151,0.0709,0.0812,0.1237,0.0596,0.0849,0.0648,0.2133,0.0736
CT018668,Zone_07,Zone_06,0.1406,0.1001,0.0641,0.0973,0.1135,0.1118,0.1406,0.1121,0.1023,0.0519,0.1063
CT004359,Zone_08,Zone_09,0.1672,0.0661,0.0745,0.0779,0.1245,0.0963,0.107,0.109,0.0867,0.1672,0.0907
CT014643,Zone_07,Zone_02,0.1181,0.1106,0.1181,0.0802,0.0843,0.1091,0.1016,0.1039,0.0851,0.1122,0.0948
CT016761,Zone_06,Zone_07,0.1154,0.0819,0.1127,0.114,0.0907,0.097,0.1044,0.1154,0.0845,0.1008,0.0986
CT002095,Zone_06,Zone_09,0.148,0.0976,0.1073,0.0805,0.0692,0.1087,0.1041,0.0752,0.113,0.148,0.0966
CT003860,Zone_03,Zone_07,0.1242,0.0847,0.0778,0.1007,0.1189,0.0844,0.0861,0.1242,0.0985,0.1195,0.1053
CT008339,Zone_08,Zone_07,0.1156,0.1129,0.1035,0.0881,0.0981,0.0908,0.1096,0.1156,0.0929,0.0847,0.1038
CT013261,Zone_05,Zone_06,0.1668,0.0841,0.054,0.1052,0.0776,0.1189,0.1668,0.0874,0.0963,0.1093,0.1005
CT009507,Zone_07,Zone_07,0.1231,0.0885,0.1196,0.1121,0.0935,0.0944,0.0823,0.1231,0.0834,0.1126,0.0905
CT003012,Zone_07,Zone_03,0.1225,0.1141,0.1016,0.1225,0.1092,0.1041,0.1126,0.1141,0.0857,0.0504,0.0856
CT012141,Zone_05,Zone_03,0.1079,0.1022,0.0908,0.1079,0.0966,0.0978,0.0946,0.1003,0.0955,0.1068,0.1076
CT003130,Zone_10,Zone_05,0.1121,0.112,0.1002,0.1024,0.1089,0.1121,0.0831,0.1008,0.0938,0.0873,0.0994
CT002174,Zone_03,Zone_09,0.1522,0.0947,0.1098,0.095,0.087,0.0813,0.0907,0.0936,0.0922,0.1522,0.1036
CT002034,Zone_08,Zone_06,0.1257,0.1251,0.0906,0.0869,0.0953,0.0813,0.1257,0.1026,0.1094,0.0869,0.0962
CT017587,Zone_07,Zone_06,0.1221,0.0982,0.074,0.1053,0.0825,0.104,0.1221,0.1024,0.0922,0.114,0.1054
CT004183,Zone_08,Zone_05,0.151,0.1219,0.108,0.0685,0.1029,0.151,0.0725,0.1017,0.0796,0.0773,0.1166
CT015099,Zone_06,Zone_01,0.1297,0.1297,0.1141,0.0768,0.0993,0.1062,0.0607,0.1126,0.0715,0.1116,0.1174
CT016293,Zone_04,Zone_09,0.1418,0.0916,0.0838,0.0893,0.1106,0.0632,0.1071,0.135,0.0907,0.1418,0.0869
CT013606,Zone_08,Zone_01,0.1343,0.1343,0.0823,0.0971,0.1093,0.084,0.104,0.0983,0.1158,0.0751,0.0999
CT005730,Zone_04,Zone_06,0.1251,0.0722,0.1115,0.1086,0.0979,0.104,0.1251,0.121,0.0833,0.0896,0.0868
CT017148,Zone_05,Zone_06,0.1475,0.0968,0.0761,0.1191,0.0855,0.0744,0.1475,0.0918,0.1243,0.0824,0.1021
CT002424,Zone_03,Zone_03,0.1187,0.105,0.0984,0.1187,0.08,0.1041,0.1063,0.0951,0.1178,0.0677,0.1068
CT016190,Zone_01,Zone_10,0.1273,0.1033,0.1163,0.0875,0.0908,0.1191,0.0525,0.102,0.0963,0.1049,0.1273
CT005313,Zone_04,Zone_02,0.1334,0.1196,0.1334,0.078,0.1016,0.0895,0.0662,0.1175,0.0648,0.1171,0.1123
CT013882,Zone_01,Zone_08,0.1338,0.0743,0.0989,0.0972,0.1124,0.1069,0.1223,0.0789,0.1338,0.0634,0.1119
CT010479,Zone_01,Zone_05,0.1285,0.1239,0.0878,0.1016,0.0767,0.1285,0.0834,0.078,0.1213,0.1004,0.0984
CT011806,Zone_08,Zone_01,0.1521,0.1521,0.0953,0.0901,0.0978,0.1195,0.0914,0.09,0.0973,0.0604,0.1061
CT007945,Zone_07,Zone_05,0.1417,0.0839,0.0768,0.1028,0.0784,0.1417,0.1195,0.0781,0.1054,0.1228,0.0906
CT009470,Zone_01,Zone_05,0.1288,0.1151,0.0729,0.0754,0.0886,0.1288,0.1238,0.0736,0.0982,0.1053,0.1183
CT004657,Zone_07,Zone_06,0.1277,0.0828,0.0966,0.1106,0.075,0.1089,0.1277,0.1161,0.0917,0.0986,0.0919
CT017571,Zone_08,Zone_02,0.1219,0.0973,0.1219,0.1144,0.0809,0.0794,0.101,0.1194,0.0936,0.0902,0.1018
CT002395,Zone_07,Zone_08,0.1478,0.0652,0.1011,0.1024,0.1304,0.1125,0.1155,0.0894,0.1478,0.0364,0.0993
CT006184,Zone_07,Zone_09,0.1482,0.1051,0.1109,0.0772,0.097,0.0917,0.0827,0.0893,0.0812,0.1482,0.1167
CT002260,Zone_08,Zone_06,0.1471,0.0973,0.0535,0.0974,0.0847,0.1158,0.1471,0.0672,0.1055,0.1237,0.1079
CT012544,Zone_07,Zone_03,0.1218,0.077,0.0696,0.1218,0.0973,0.1077,0.1079,0.0903,0.1092,0.1003,0.1189
CT000082,Zone_08,Zone_04,0.1138,0.0982,0.1106,0.1068,0.1138,0.1068,0.0872,0.094,0.102,0.0819,0.0987
CT008599,Zone_08,Zone_06,0.1369,0.0883,0.0758,0.1144,0.1057,0.0795,0.1369,0.0926,0.1264,0.1123,0.0682
CT005271,Zone_10,Zone_07,0.1319,0.0968,0.101,0.1161,0.1159,0.0631,0.1034,0.1319,0.1074,0.076,0.0883
CT011716,Zone_07,Zone_06,0.127,0.0932,0.122,0.0801,0.0789,0.083,0.127,0.1014,0.0912,0.113,0.1101
CT014699,Zone_08,Zone_06,0.1239,0.1027,0.1026,0.0918,0.0953,0.0975,0.1239,0.1077,0.0845,0.0819,0.1121
CT015110,Zone_07,Zone_10,0.125,0.0934,0.1027,0.0991,0.0795,0.1159,0.102,0.0805,0.1222,0.0796,0.125
CT018536,Zone_02,Zone_05,0.137,0.1078,0.0727,0.103,0.0832,0.137,0.0911,0.0757,0.1331,0.0637,0.1328
CT004364,Zone_10,Zone_06,0.1311,0.098,0.0962,0.1043,0.0883,0.1177,0.1311,0.0936,0.0968,0.0938,0.0802
CT012484,Zone_07,Zone_06,0.1386,0.0971,0.1019,0.0802,0.0767,0.1296,0.1386,0.0754,0.1209,0.0791,0.1007
CT003206,Zone_08,Zone_03,0.1299,0.1155,0.0725,0.1299,0.0815,0.1284,0.0791,0.0925,0.1262,0.0512,0.1232
CT010724,Zone_03,Zone_08,0.1558,0.0809,0.0784,0.1007,0.1361,0.1202,0.1029,0.0772,0.1558,0.0594,0.0883
CT016270,Zone_07,Zone_09,0.1354,0.0827,0.1107,0.1104,0.1138,0.0547,0.0701,0.134,0.0892,0.1354,0.099
CT009983,Zone_10,Zone_07,0.1261,0.0974,0.1237,0.1221,0.1154,0.0885,0.1214,0.1261,0.0708,0.0592,0.0753
CT006545,Zone_04,Zone_10,0.1243,0.1174,0.084,0.1007,0.091,0.1126,0.0732,0.1048,0.0937,0.0983,0.1243
CT013058,Zone_07,Zone_01,0.1265,0.1265,0.1132,0.1181,0.0993,0.0632,0.0672,0.1208,0.1063,0.0669,0.1185
CT011391,Zone_04,Zone_03,0.1514,0.0946,0.1095,0.1514,0.0971,0.0981,0.0575,0.1043,0.0913,0.0748,0.1215
CT016543,Zone_04,Zone_07,0.1531,0.0826,0.0946,0.1231,0.1201,0.0701,0.0644,0.1531,0.0981,0.0882,0.1056
CT014697,Zone_01,Zone_08,0.1728,0.1035,0.1005,0.0877,0.1368,0.0974,0.1119,0.0826,0.1728,0.0229,0.0837
CT010490,Zone_08,Zone_09,0.1377,0.0842,0.0859,0.1208,0.0938,0.1062,0.0823,0.1056,0.0966,0.1377,0.087
CT001830,Zone_08,Zone_07,0.1371,0.1258,0.1255,0.1229,0.11,0.0936,0.094,0.1371,0.0956,0.021,0.0745
CT008718,Zone_02,Zone_01,0.1323,0.1323,0.1187,0.0965,0.1129,0.0911,0.0567,0.1119,0.0962,0.0688,0.1149
CT013174,Zone_08,Zone_10,0.1157,0.0879,0.0918,0.077,0.0926,0.1152,0.1152,0.1146,0.0791,0.111,0.1157
CT009505,Zone_07,Zone_09,0.148,0.0852,0.0717,0.1013,0.0762,0.0908,0.145,0.086,0.1035,0.148,0.0924
CT006522,Zone_08,Zone_08,0.136,0.0768,0.1134,0.0953,0.1102,0.098,0.1323,0.0867,0.136,0.0376,0.1136
CT018660,Zone_08,Zone_08,0.1607,0.1204,0.109,0.0731,0.1557,0.1097,0.0782,0.0747,0.1607,0.0341,0.0845
CT015351,Zone_03,Zone_09,0.1222,0.1036,0.1169,0.0968,0.0958,0.0629,0.1158,0.0892,0.1132,0.1222,0.0836
CT009048,Zone_08,Zone_08,0.1569,0.0855,0.0863,0.089,0.1321,0.1204,0.1135,0.0787,0.1569,0.0476,0.09
CT012780,Zone_07,Zone_04,0.1249,0.0798,0.0936,0.0997,0.1249,0.1203,0.1057,0.0994,0.1024,0.0807,0.0934
CT019844,Zone_07,Zone_05,0.1281,0.0818,0.0987,0.0814,0.1165,0.1281,0.076,0.1272,0.0836,0.0859,0.1207
CT012602,Zone_06,Zone_10,0.1284,0.1045,0.0924,0.1075,0.0904,0.0955,0.1024,0.1064,0.0922,0.0802,0.1284
CT004285,Zone_06,Zone_06,0.1213,0.1069,0.0901,0.1039,0.0993,0.0828,0.1213,0.1149,0.0701,0.1024,0.1083
CT002864,Zone_03,Zone_02,0.1232,0.0982,0.1232,0.1088,0.0979,0.0859,0.0894,0.113,0.0862,0.1074,0.0901
CT007820,Zone_08,Zone_05,0.1269,0.117,0.0984,0.0713,0.1001,0.1269,0.0871,0.1065,0.1117,0.0766,0.1044
CT015776,Zone_07,Zone_10,0.1261,0.0993,0.1066,0.0867,0.078,0.1124,0.113,0.0846,0.114,0.0792,0.1261
CT019874,Zone_04,Zone_05,0.1591,0.1208,0.1124,0.0689,0.1111,0.1591,0.0607,0.1035,0.0622,0.0833,0.118
CT019503,Zone_07,Zone_02,0.1441,0.089,0.1441,0.1131,0.0769,0.0846,0.0954,0.0977,0.0929,0.1009,0.1054
CT005881,Zone_04,Zone_09,0.1315,0.1024,0.104,0.1224,0.0969,0.0956,0.0771,0.0996,0.0981,0.1315,0.0723
CT013188,Zone_03,Zone_04,0.1234,0.0979,0.0834,0.1096,0.1234,0.0674,0.1095,0.1114,0.1099,0.0866,0.101
CT013895,Zone_01,Zone_06,0.1417,0.0813,0.1165,0.0858,0.1368,0.0936,0.1417,0.0781,0.1125,0.0552,0.0985
CT004274,Zone_07,Zone_07,0.1314,0.0869,0.1107,0.1311,0.097,0.0741,0.0959,0.1314,0.0914,0.0838,0.0977
CT001154,Zone_03,Zone_05,0.1633,0.0909,0.0785,0.0938,0.0964,0.1633,0.0865,0.0838,0.085,0.0993,0.1225
CT011950,Zone_08,Zone_08,0.1301,0.0933,0.0715,0.112,0.1275,0.0837,0.097,0.1213,0.1301,0.0794,0.0843
CT004532,Zone_04,Zone_09,0.1494,0.0829,0.115,0.1065,0.1142,0.0977,0.0757,0.0969,0.0789,0.1494,0.0827
CT014691,Zone_06,Zone_08,0.1341,0.0901,0.0972,0.0886,0.1242,0.1109,0.127,0.0967,0.1341,0.0337,0.0975
CT019988,Zone_07,Zone_02,0.1247,0.0855,0.1247,0.1097,0.1119,0.0994,0.105,0.0923,0.082,0.1102,0.0792
CT005142,Zone_07,Zone_07,0.1213,0.0939,0.0788,0.1142,0.092,0.1045,0.0871,0.1213,0.0959,0.1075,0.1049
CT007514,Zone_07,Zone_02,0.132,0.0906,0.132,0.1135,0.0798,0.0895,0.0773,0.1067,0.0924,0.095,0.1233
CT015396,Zone_06,Zone_03,0.1496,0.1144,0.1215,0.1496,0.1026,0.0892,0.0468,0.1004,0.0895,0.0799,0.1061
CT008740,Zone_07,Zone_07,0.1251,0.107,0.119,0.1058,0.0908,0.0834,0.0699,0.1251,0.0747,0.1208,0.1034
CT016345,Zone_07,Zone_03,0.1426,0.0909,0.0948,0.1426,0.1012,0.0885,0.1137,0.1111,0.1165,0.0592,0.0815
CT001580,Zone_07,Zone_09,0.1257,0.1088,0.0918,0.0904,0.089,0.1085,0.0897,0.0926,0.095,0.1257,0.1086
CT019081,Zone_08,Zone_09,0.2174,0.0846,0.0728,0.0997,0.0788,0.0769,0.0977,0.0873,0.082,0.2174,0.1029
CT002546,Zone_05,Zone_02,0.1478,0.0858,0.1478,0.0855,0.1191,0.0879,0.093,0.108,0.0974,0.0538,0.1216
CT001046,Zone_04,Zone_09,0.1784,0.1105,0.0814,0.0997,0.0807,0.0701,0.0905,0.0887,0.099,0.1784,0.1011
CT002075,Zone_05,Zone_07,0.1233,0.0781,0.1019,0.0954,0.1218,0.0884,0.1113,0.1233,0.1077,0.0519,0.1202
CT004981,Zone_06,Zone_02,0.1213,0.0792,0.1213,0.1049,0.1063,0.0987,0.0912,0.105,0.0934,0.1026,0.0973
CT006402,Zone_01,Zone_09,0.1336,0.0837,0.1022,0.083,0.0881,0.1088,0.1135,0.1066,0.077,0.1336,0.1037
CT013406,Zone_08,Zone_02,0.1399,0.0883,0.1399,0.0975,0.1152,0.0785,0.1042,0.1094,0.1083,0.0388,0.1199
CT003999,Zone_04,Zone_05,0.1355,0.0732,0.0821,0.1028,0.097,0.1355,0.1188,0.0911,0.1135,0.0828,0.1032
CT008178,Zone_07,Zone_08,0.1369,0.121,0.1074,0.1081,0.0918,0.0994,0.0745,0.0867,0.1369,0.0621,0.1121
CT019174,Zone_04,Zone_09,0.1553,0.1009,0.0791,0.1021,0.1124,0.0807,0.0914,0.0767,0.1302,0.1553,0.0711
CT002825,Zone_10,Zone_09,0.1178,0.0932,0.1161,0.1033,0.0972,0.0913,0.0952,0.1143,0.0788,0.1178,0.0928
CT013837,Zone_07,Zone_09,0.1563,0.0886,0.1143,0.0958,0.0862,0.0742,0.1146,0.0912,0.0987,0.1563,0.0801
CT000646,Zone_06,Zone_09,0.1396,0.0983,0.107,0.1006,0.108,0.0931,0.0948,0.0883,0.079,0.1396,0.0913
CT011723,Zone_07,Zone_07,0.1432,0.0962,0.1034,0.0831,0.1267,0.0914,0.0802,0.1432,0.0872,0.0975,0.091
CT006219,Zone_01,Zone_04,0.1426,0.0893,0.0893,0.0862,0.1426,0.0964,0.0886,0.1106,0.1105,0.1176,0.0688
CT010605,Zone_08,Zone_06,0.1214,0.0873,0.0994,0.0727,0.1097,0.1013,0.1214,0.1074,0.0974,0.0934,0.1099
CT012964,Zone_07,Zone_06,0.1294,0.1113,0.1185,0.0894,0.0882,0.0944,0.1294,0.1025,0.1028,0.0836,0.0798
CT019333,Zone_07,Zone_02,0.1281,0.0793,0.1281,0.0856,0.087,0.1208,0.0791,0.1035,0.0885,0.1152,0.1129
CT002781,Zone_03,Zone_05,0.1462,0.1015,0.0683,0.1121,0.1024,0.1462,0.0921,0.0859,0.1054,0.0975,0.0885
CT005844,Zone_07,Zone_05,0.1384,0.1159,0.0839,0.0828,0.1025,0.1384,0.1134,0.079,0.1179,0.0696,0.0967
CT016272,Zone_09,Zone_02,0.1611,0.1139,0.1611,0.1377,0.1016,0.0975,0.0419,0.0957,0.0915,0.0531,0.1059
CT019999,Zone_08,Zone_01,0.1233,0.1233,0.1142,0.087,0.0926,0.0968,0.1088,0.0997,0.1147,0.0614,0.1014
CT010647,Zone_08,Zone_03,0.1884,0.1073,0.0886,0.1884,0.0811,0.0749,0.1063,0.058,0.1492,0.0044,0.1419
CT019947,Zone_07,Zone_04,0.1313,0.0901,0.1169,0.0929,0.1313,0.0788,0.1134,0.1196,0.1178,0.0293,0.1098
CT005332,Zone_07,Zone_01,0.1228,0.1228,0.0859,0.1088,0.1103,0.0841,0.0794,0.0982,0.1074,0.0974,0.1058
CT003346,Zone_08,Zone_07,0.1277,0.0895,0.0699,0.1021,0.1216,0.1168,0.1031,0.1277,0.0974,0.0537,0.1182
CT005609,Zone_08,Zone_07,0.1368,0.1026,0.0759,0.1101,0.1306,0.0706,0.0747,0.1368,0.1118,0.0975,0.0895
CT019514,Zone_07,Zone_01,0.1198,0.1198,0.0728,0.1059,0.0919,0.1124,0.0865,0.1039,0.1029,0.0863,0.1177
CT013136,Zone_10,Zone_10,0.1359,0.0947,0.0993,0.0905,0.1046,0.1273,0.1072,0.0935,0.0839,0.0631,0.1359
CT018254,Zone_01,Zone_03,0.122,0.1111,0.0994,0.122,0.1054,0.0804,0.0916,0.0953,0.093,0.1174,0.0844
CT004521,Zone_03,Zone_09,0.1327,0.114,0.0673,0.1097,0.1104,0.0987,0.069,0.0974,0.1132,0.1327,0.0875
CT006517,Zone_07,Zone_07,0.147,0.0828,0.1084,0.1126,0.0782,0.082,0.0936,0.147,0.0841,0.1136,0.0977
CT014939,Zone_07,Zone_10,0.1305,0.1128,0.0926,0.1173,0.0957,0.0998,0.0886,0.113,0.0856,0.0642,0.1305
CT007530,Zone_01,Zone_04,0.1416,0.0893,0.0755,0.1171,0.1416,0.0568,0.1027,0.1106,0.0993,0.125,0.0822
CT013699,Zone_04,Zone_02,0.1191,0.1177,0.1191,0.0917,0.0976,0.0877,0.0777,0.1067,0.0818,0.1026,0.1173
CT015302,Zone_01,Zone_10,0.1465,0.1213,0.0712,0.0994,0.0949,0.1153,0.0753,0.0778,0.1166,0.0816,0.1465
CT001845,Zone_03,Zone_06,0.133,0.0791,0.1206,0.0943,0.1194,0.0716,0.133,0.1099,0.0954,0.069,0.1078
CT016878,Zone_02,Zone_06,0.1376,0.1064,0.1318,0.0868,0.0888,0.104,0.1376,0.0802,0.1023,0.077,0.0852
CT014213,Zone_03,Zone_08,0.1736,0.116,0.0809,0.1087,0.0932,0.1227,0.0738,0.0842,0.1736,0.0639,0.0831
CT004956,Zone_04,Zone_02,0.1301,0.0874,0.1301,0.1265,0.0879,0.0989,0.0732,0.1041,0.1065,0.0607,0.1246
CT017983,Zone_06,Zone_04,0.1362,0.0648,0.1302,0.1005,0.1362,0.0938,0.1112,0.0905,0.1194,0.0671,0.0863
CT013838,Zone_05,Zone_09,0.1784,0.0901,0.127,0.0659,0.0822,0.1217,0.077,0.0823,0.0746,0.1784,0.1007
CT010501,Zone_05,Zone_10,0.1213,0.1113,0.101,0.1143,0.0975,0.0867,0.1069,0.0853,0.1197,0.0561,0.1213
CT003157,Zone_02,Zone_06,0.1232,0.1095,0.097,0.0908,0.0952,0.1177,0.1232,0.0897,0.0882,0.1075,0.0812
CT014817,Zone_07,Zone_10,0.1274,0.1213,0.0952,0.0905,0.0995,0.0955,0.078,0.1088,0.089,0.0948,0.1274
CT019780,Zone_01,Zone_09,0.1206,0.1133,0.0951,0.0936,0.1024,0.094,0.094,0.0699,0.1138,0.1206,0.1033
CT002061,Zone_10,Zone_09,0.1371,0.0842,0.0735,0.1282,0.0998,0.0975,0.0879,0.105,0.1128,0.1371,0.0741
CT013935,Zone_07,Zone_03,0.1334,0.1031,0.0888,0.1334,0.1187,0.0867,0.0819,0.111,0.1141,0.0457,0.1164
CT011630,Zone_07,Zone_07,0.1415,0.0861,0.0967,0.0973,0.0914,0.1053,0.0692,0.1415,0.0779,0.1299,0.1048
CT014337,Zone_08,Zone_07,0.1486,0.085,0.0965,0.1092,0.1083,0.0925,0.0653,0.1486,0.0945,0.0825,0.1176
CT005808,Zone_07,Zone_02,0.1388,0.1033,0.1388,0.1224,0.0921,0.0805,0.1355,0.1031,0.083,0.0553,0.0859
CT008583,Zone_07,Zone_05,0.1464,0.1039,0.0918,0.0732,0.1073,0.1464,0.0882,0.0832,0.0845,0.1024,0.1191
CT001061,Zone_10,Zone_07,0.1352,0.1051,0.0728,0.0863,0.1343,0.1131,0.0761,0.1352,0.0973,0.0659,0.1139
CT007004,Zone_07,Zone_03,0.1178,0.1158,0.0975,0.1178,0.1177,0.0978,0.0703,0.1165,0.0983,0.0703,0.098
CT003264,Zone_08,Zone_09,0.1444,0.0943,0.0653,0.1131,0.0841,0.0764,0.1068,0.1167,0.0909,0.1444,0.108
CT002234,Zone_10,Zone_03,0.1128,0.0936,0.1072,0.1128,0.0906,0.0986,0.0896,0.0973,0.1032,0.0957,0.1114
CT013940,Zone_06,Zone_04,0.1361,0.1085,0.0866,0.1016,0.1361,0.0735,0.098,0.1348,0.1115,0.0622,0.0873
CT001374,Zone_07,Zone_09,0.1497,0.1187,0.0787,0.0919,0.1021,0.1102,0.0723,0.1014,0.096,0.1497,0.0789
CT016783,Zone_02,Zone_10,0.1212,0.1104,0.0871,0.089,0.1018,0.1109,0.0861,0.1074,0.0897,0.0964,0.1212
CT013327,Zone_06,Zone_10,0.1307,0.1161,0.0863,0.1153,0.0924,0.1108,0.0867,0.113,0.0923,0.0564,0.1307
CT000454,Zone_01,Zone_03,0.1091,0.099,0.0913,0.1091,0.0883,0.1,0.1033,0.1068,0.0997,0.0999,0.1027
CT011967,Zone_08,Zone_04,0.1413,0.0929,0.0862,0.1037,0.1413,0.1101,0.1015,0.0885,0.1305,0.0415,0.1038
CT009771,Zone_05,Zone_06,0.1252,0.0958,0.1025,0.0914,0.0759,0.117,0.1252,0.075,0.1106,0.1219,0.0846
CT006245,Zone_03,Zone_09,0.1439,0.0907,0.0796,0.1018,0.0975,0.0849,0.1127,0.0779,0.1434,0.1439,0.0676
CT019358,Zone_02,Zone_04,0.1237,0.112,0.0695,0.1222,0.1237,0.072,0.0952,0.1135,0.11,0.0732,0.1088
CT015880,Zone_07,Zone_02,0.1322,0.0785,0.1322,0.06,0.1169,0.1307,0.1101,0.0765,0.105,0.0704,0.1198
CT015243,Zone_03,Zone_01,0.1269,0.1269,0.1098,0.0952,0.0974,0.1053,0.0948,0.1045,0.0857,0.0741,0.1064
CT015567,Zone_07,Zone_03,0.1513,0.0766,0.0914,0.1513,0.0971,0.0893,0.0961,0.0911,0.096,0.1216,0.0894
CT010340,Zone_08,Zone_02,0.1372,0.1006,0.1372,0.0987,0.0861,0.0842,0.0753,0.0897,0.0874,0.1287,0.1121
CT013245,Zone_04,Zone_04,0.1198,0.0954,0.1148,0.1184,0.1198,0.0894,0.117,0.108,0.0902,0.0653,0.0818
CT015354,Zone_07,Zone_07,0.1356,0.0641,0.1237,0.1224,0.1275,0.0571,0.1197,0.1356,0.0847,0.0637,0.1017
CT013142,Zone_02,Zone_04,0.1528,0.1028,0.0952,0.0929,0.1528,0.1023,0.0967,0.0897,0.1355,0.0311,0.101
CT015735,Zone_07,Zone_02,0.1428,0.0772,0.1428,0.0981,0.1223,0.102,0.0951,0.0984,0.1061,0.0524,0.1057
CT007361,Zone_08,Zone_06,0.1396,0.0662,0.1319,0.0837,0.1112,0.1014,0.1396,0.0839,0.1124,0.0746,0.0951
CT012161,Zone_02,Zone_05,0.1284,0.067,0.0934,0.0862,0.1095,0.1284,0.1159,0.1177,0.0848,0.0806,0.1165
CT007762,Zone_10,Zone_04,0.1195,0.085,0.0931,0.1071,0.1195,0.1024,0.0972,0.1065,0.1112,0.0846,0.0935
CT009990,Zone_04,Zone_09,0.1598,0.0945,0.1116,0.1119,0.0721,0.0807,0.0694,0.0936,0.1059,0.1598,0.1005
CT013885,Zone_08,Zone_01,0.1518,0.1518,0.0882,0.107,0.1042,0.0846,0.0915,0.0916,0.1175,0.0446,0.1189
CT001692,Zone_06,Zone_02,0.1374,0.083,0.1374,0.1177,0.1063,0.0815,0.1084,0.101,0.0969,0.0942,0.0736
CT015993,Zone_03,Zone_03,0.1262,0.1021,0.0958,0.1262,0.0949,0.1015,0.1074,0.0903,0.121,0.0383,0.1227
CT006582,Zone_07,Zone_01,0.1449,0.1449,0.0904,0.0892,0.1037,0.1055,0.1025,0.0783,0.1184,0.0525,0.1146
CT014420,Zone_01,Zone_03,0.1265,0.1005,0.1015,0.1265,0.1038,0.1136,0.0809,0.1021,0.0998,0.0747,0.0964
CT007553,Zone_04,Zone_01,0.1292,0.1292,0.0781,0.1098,0.1005,0.0928,0.0979,0.0825,0.1245,0.066,0.1187
CT018781,Zone_08,Zone_01,0.1181,0.1181,0.1086,0.104,0.0825,0.0842,0.1142,0.0893,0.107,0.1106,0.0817
CT019256,Zone_02,Zone_07,0.1213,0.0938,0.1061,0.1188,0.0792,0.0864,0.0907,0.1213,0.092,0.1039,0.1078
CT009256,Zone_01,Zone_02,0.135,0.1125,0.135,0.0986,0.0845,0.0928,0.0629,0.1079,0.0956,0.0799,0.1302
CT012687,Zone_07,Zone_06,0.1441,0.0858,0.0778,0.0941,0.099,0.093,0.1441,0.0994,0.0977,0.1166,0.0925
CT017407,Zone_04,Zone_09,0.2364,0.0863,0.0786,0.0944,0.0958,0.0706,0.0909,0.0795,0.0819,0.2364,0.0856
CT003347,Zone_07,Zone_09,0.1412,0.0912,0.102,0.0933,0.0776,0.09,0.1015,0.0956,0.0924,0.1412,0.1152
CT001746,Zone_07,Zone_07,0.1485,0.0893,0.1244,0.1025,0.1372,0.0779,0.0763,0.1485,0.089,0.0586,0.0963
CT001279,Zone_07,Zone_01,0.1245,0.1245,0.1216,0.1144,0.1,0.0771,0.0883,0.1144,0.0904,0.0613,0.1079
CT011040,Zone_07,Zone_05,0.1123,0.1102,0.1078,0.098,0.1094,0.1123,0.0809,0.1068,0.085,0.107,0.0825
CT012358,Zone_04,Zone_01,0.1308,0.1308,0.0954,0.1168,0.1094,0.0735,0.0817,0.1145,0.1108,0.0716,0.0956
CT018440,Zone_03,Zone_05,0.1609,0.0992,0.0995,0.0642,0.0912,0.1609,0.0903,0.1056,0.0751,0.0962,0.1177
CT003092,Zone_06,Zone_03,0.1224,0.111,0.0685,0.1224,0.1063,0.0985,0.0787,0.1158,0.1107,0.1018,0.0863
CT013598,Zone_07,Zone_01,0.1279,0.1279,0.1121,0.1,0.0957,0.1131,0.0749,0.1105,0.0862,0.0678,0.1116
CT011116,Zone_08,Zone_03,0.1143,0.0977,0.0918,0.1143,0.0825,0.1102,0.1055,0.1135,0.0946,0.078,0.1119
CT013367,Zone_08,Zone_10,0.1432,0.1024,0.113,0.1047,0.0832,0.0897,0.0735,0.0984,0.1022,0.0898,0.1432
CT005362,Zone_02,Zone_07,0.1548,0.1224,0.1183,0.1397,0.1106,0.0769,0.0863,0.1548,0.091,0.0346,0.0654
CT007978,Zone_10,Zone_04,0.1339,0.0946,0.1021,0.0916,0.1339,0.0932,0.0925,0.1063,0.1183,0.0419,0.1255
CT019219,Zone_10,Zone_09,0.1656,0.0944,0.0947,0.078,0.097,0.0875,0.1208,0.0864,0.1036,0.1656,0.0721
CT008245,Zone_10,Zone_09,0.143,0.0788,0.1141,0.0875,0.0875,0.0949,0.1218,0.1005,0.085,0.143,0.0869
CT004130,Zone_06,Zone_09,0.1401,0.0784,0.1125,0.1059,0.1026,0.1092,0.1054,0.086,0.0816,0.1401,0.0784
CT002667,Zone_06,Zone_02,0.1214,0.0921,0.1214,0.0955,0.1041,0.0872,0.1136,0.1019,0.0909,0.1116,0.0817
CT015590,Zone_07,Zone_09,0.222,0.0782,0.1,0.0916,0.0696,0.0789,0.0939,0.0736,0.1053,0.222,0.0869
CT006774,Zone_10,Zone_05,0.1412,0.0892,0.0655,0.1146,0.0934,0.1412,0.1028,0.0899,0.1246,0.0837,0.0951
CT017756,Zone_07,Zone_04,0.1419,0.101,0.1068,0.0781,0.1419,0.0787,0.1043,0.1316,0.098,0.0572,0.1024
CT015010,Zone_08,Zone_06,0.1306,0.0921,0.0908,0.1143,0.0752,0.1106,0.1306,0.0958,0.0982,0.0853,0.1072
CT011019,Zone_03,Zone_08,0.1275,0.1019,0.0963,0.1124,0.0909,0.096,0.1063,0.08,0.1275,0.0848,0.1038
CT001847,Zone_04,Zone_01,0.1297,0.1297,0.0831,0.0945,0.106,0.0939,0.0963,0.1025,0.0954,0.1081,0.0904
CT008887,Zone_02,Zone_09,0.1389,0.094,0.0875,0.0674,0.0928,0.1162,0.1053,0.0994,0.0889,0.1389,0.1096
CT004703,Zone_04,Zone_10,0.131,0.109,0.0844,0.0998,0.0909,0.1067,0.0784,0.1056,0.0903,0.1038,0.131
CT013283,Zone_09,Zone_03,0.1353,0.1242,0.09,0.1353,0.1115,0.0746,0.0728,0.1093,0.1282,0.0688,0.0853
CT000194,Zone_07,Zone_05,0.126,0.1187,0.0824,0.1067,0.0988,0.126,0.0798,0.089,0.1161,0.0712,0.1113
CT002015,Zone_08,Zone_06,0.1591,0.0968,0.0746,0.0755,0.0838,0.1395,0.1591,0.0692,0.1109,0.069,0.1216
CT011611,Zone_02,Zone_08,0.1387,0.1244,0.081,0.1043,0.1175,0.108,0.0765,0.0822,0.1387,0.0743,0.0931
CT011047,Zone_07,Zone_01,0.1333,0.1333,0.0921,0.0873,0.11,0.1155,0.0817,0.0982,0.0945,0.0973,0.0901
CT016387,Zone_01,Zone_02,0.1224,0.0828,0.1224,0.111,0.1015,0.0789,0.1054,0.1184,0.077,0.112,0.0906
CT002235,Zone_07,Zone_03,0.1224,0.0952,0.0764,0.1224,0.0754,0.0998,0.1058,0.096,0.1126,0.1038,0.1125
CT014149,Zone_08,Zone_06,0.1401,0.0805,0.0895,0.0845,0.0708,0.1197,0.1401,0.0743,0.1098,0.1302,0.1006
CT016098,Zone_03,Zone_09,0.1316,0.1008,0.082,0.1138,0.1083,0.0749,0.1016,0.09,0.1206,0.1316,0.0764
CT008504,Zone_08,Zone_04,0.1288,0.1019,0.1189,0.0841,0.1288,0.1,0.1028,0.0863,0.1113,0.0466,0.1193
CT010153,Zone_02,Zone_08,0.1237,0.0965,0.0739,0.0914,0.1028,0.1176,0.114,0.077,0.1237,0.1162,0.0868
CT006191,Zone_07,Zone_09,0.1415,0.0881,0.0759,0.1041,0.0942,0.086,0.133,0.1,0.0962,0.1415,0.0809
CT014620,Zone_03,Zone_07,0.1268,0.1074,0.1119,0.1156,0.0857,0.0824,0.0777,0.1268,0.0878,0.0916,0.113
CT000032,Zone_10,Zone_10,0.1275,0.0909,0.0838,0.1057,0.0889,0.1209,0.1177,0.0911,0.119,0.0546,0.1275
CT016518,Zone_07,Zone_10,0.1221,0.1182,0.1045,0.1092,0.0905,0.0885,0.079,0.0959,0.1042,0.088,0.1221
CT010483,Zone_07,Zone_06,0.1313,0.0967,0.0592,0.097,0.0954,0.117,0.1313,0.0936,0.1032,0.1102,0.0963
CT008502,Zone_07,Zone_04,0.1259,0.0933,0.1242,0.0928,0.1259,0.0915,0.1113,0.0916,0.1186,0.0344,0.1165
CT013939,Zone_08,Zone_09,0.1745,0.0729,0.1035,0.0942,0.0899,0.0753,0.137,0.102,0.0694,0.1745,0.0812
CT000383,Zone_07,Zone_02,0.1449,0.1367,0.1449,0.1262,0.103,0.1042,0.0979,0.1167,0.0964,0.0193,0.0546
CT001259,Zone_07,Zone_09,0.1261,0.0942,0.0833,0.1169,0.0964,0.1166,0.1057,0.0828,0.1088,0.1261,0.0692
CT018794,Zone_09,Zone_06,0.1475,0.1028,0.079,0.1012,0.077,0.0955,0.1475,0.0828,0.1169,0.1089,0.0884
CT018193,Zone_01,Zone_09,0.143,0.0886,0.1189,0.0979,0.0954,0.0925,0.1073,0.0872,0.0815,0.143,0.0876
CT012954,Zone_08,Zone_09,0.1608,0.1314,0.0836,0.0863,0.1022,0.0919,0.0686,0.0811,0.0998,0.1608,0.0943
CT007983,Zone_06,Zone_08,0.1177,0.0929,0.1036,0.1051,0.0938,0.0969,0.0966,0.0798,0.1177,0.1066,0.1071
CT012498,Zone_05,Zone_09,0.1449,0.0882,0.0865,0.1247,0.0895,0.0892,0.1061,0.088,0.102,0.1449,0.081
CT007173,Zone_08,Zone_05,0.1366,0.1105,0.1094,0.0796,0.0991,0.1366,0.0776,0.1249,0.0734,0.0858,0.1032
CT004494,Zone_03,Zone_07,0.1176,0.0993,0.0886,0.0983,0.1092,0.0803,0.1056,0.1176,0.0989,0.1163,0.0858
CT014334,Zone_02,Zone_10,0.119,0.1106,0.1027,0.1003,0.1001,0.1061,0.0723,0.1147,0.082,0.0921,0.119
CT013583,Zone_07,Zone_03,0.1462,0.1115,0.0841,0.1462,0.1061,0.0672,0.1202,0.1015,0.1128,0.0651,0.0854
CT002789,Zone_10,Zone_02,0.1537,0.0953,0.1537,0.0793,0.1224,0.0725,0.1064,0.1068,0.1062,0.0444,0.113
CT011048,Zone_08,Zone_06,0.1337,0.1021,0.0621,0.1245,0.0824,0.082,0.1337,0.0868,0.1208,0.0901,0.1154
CT019661,Zone_08,Zone_07,0.1308,0.0936,0.0733,0.1288,0.1216,0.0554,0.1003,0.1308,0.1,0.1016,0.0946
CT001233,Zone_01,Zone_01,0.1273,0.1273,0.0608,0.1017,0.1002,0.1216,0.1156,0.0832,0.0892,0.0747,0.1256
CT015933,Zone_02,Zone_07,0.1419,0.0962,0.0996,0.076,0.1172,0.1035,0.0728,0.1419,0.0831,0.0938,0.116
CT000512,Zone_07,Zone_09,0.1482,0.099,0.1126,0.0947,0.0825,0.0805,0.0967,0.0981,0.0926,0.1482,0.0951
CT017314,Zone_06,Zone_02,0.151,0.0867,0.151,0.0814,0.1158,0.0762,0.1119,0.1059,0.1114,0.0381,0.1214
CT012501,Zone_07,Zone_09,0.1258,0.1058,0.1013,0.0904,0.0876,0.1082,0.0758,0.0922,0.1027,0.1258,0.1101
CT002870,Zone_02,Zone_09,0.264,0.0701,0.0973,0.0812,0.063,0.0818,0.095,0.065,0.1063,0.264,0.0762
CT015451,Zone_04,Zone_04,0.1544,0.1056,0.0904,0.0847,0.1544,0.0842,0.0744,0.1158,0.0959,0.0807,0.1139
CT005117,Zone_08,Zone_09,0.2228,0.0714,0.0731,0.115,0.094,0.0618,0.109,0.0963,0.0904,0.2228,0.0662
CT002716,Zone_01,Zone_01,0.1261,0.1261,0.1211,0.0982,0.0891,0.1083,0.0692,0.0976,0.104,0.0675,0.119
CT010802,Zone_04,Zone_09,0.1467,0.0857,0.0904,0.1154,0.073,0.1053,0.0874,0.0745,0.12,0.1467,0.1015
CT002606,Zone_03,Zone_08,0.1519,0.1346,0.0993,0.0935,0.1066,0.1016,0.095,0.0922,0.1519,0.0523,0.0731
CT018086,Zone_03,Zone_08,0.1553,0.0887,0.1332,0.069,0.1081,0.0924,0.1509,0.0745,0.1553,0.0328,0.0952
CT009286,Zone_03,Zone_04,0.1325,0.0963,0.0805,0.0998,0.1325,0.0806,0.1175,0.0875,0.1221,0.0566,0.1266
CT018800,Zone_05,Zone_02,0.1263,0.104,0.1263,0.0823,0.0889,0.1198,0.0967,0.1004,0.0687,0.1173,0.0957
CT000907,Zone_08,Zone_09,0.1684,0.119,0.076,0.0795,0.0845,0.1042,0.0914,0.062,0.1088,0.1684,0.106
CT005264,Zone_07,Zone_07,0.1158,0.0779,0.1076,0.0887,0.115,0.0893,0.1107,0.1158,0.0954,0.0941,0.1054
CT011779,Zone_05,Zone_09,0.1943,0.1104,0.0608,0.0901,0.0856,0.088,0.0897,0.0844,0.1036,0.1943,0.0931
CT013191,Zone_04,Zone_09,0.133,0.0849,0.0965,0.1107,0.0959,0.1146,0.072,0.0839,0.0987,0.133,0.1098
CT011795,Zone_08,Zone_04,0.1546,0.0984,0.1062,0.0877,0.1546,0.0892,0.0727,0.1067,0.1307,0.0491,0.1047
CT014951,Zone_07,Zone_08,0.1318,0.129,0.1118,0.0918,0.095,0.1019,0.0738,0.0818,0.1318,0.0652,0.1178
CT005734,Zone_06,Zone_02,0.1347,0.0977,0.1347,0.1062,0.0859,0.0999,0.119,0.1055,0.0734,0.0917,0.0859
CT005847,Zone_10,Zone_09,0.1585,0.0915,0.062,0.1085,0.0984,0.1014,0.1115,0.0899,0.0956,0.1585,0.0825
CT009695,Zone_07,Zone_01,0.1805,0.1805,0.0977,0.1069,0.1136,0.104,0.0649,0.0925,0.085,0.0405,0.1144
CT000423,Zone_02,Zone_09,0.184,0.0796,0.1158,0.112,0.074,0.0888,0.0889,0.0852,0.0966,0.184,0.0751
CT009973,Zone_10,Zone_06,0.1226,0.0957,0.1085,0.0922,0.0985,0.1146,0.1226,0.086,0.0991,0.0923,0.0904
CT000895,Zone_07,Zone_10,0.1313,0.1105,0.0974,0.0939,0.1075,0.0931,0.063,0.1064,0.1013,0.0956,0.1313
CT017845,Zone_07,Zone_06,0.1384,0.0709,0.083,0.1091,0.0837,0.1008,0.1384,0.0976,0.0888,0.1094,0.1183
CT010593,Zone_08,Zone_01,0.1153,0.1153,0.1036,0.0834,0.0916,0.099,0.1047,0.1074,0.09,0.1038,0.1012
CT007637,Zone_08,Zone_06,0.1322,0.1239,0.0715,0.0888,0.102,0.1075,0.1322,0.0933,0.1177,0.0778,0.0853
CT015618,Zone_01,Zone_06,0.142,0.0793,0.1236,0.0909,0.0855,0.0883,0.142,0.0933,0.0893,0.1207,0.0872
CT013002,Zone_07,Zone_09,0.1326,0.0969,0.0827,0.0711,0.0956,0.1149,0.0844,0.1124,0.0914,0.1326,0.118
CT005085,Zone_10,Zone_01,0.1434,0.1434,0.0851,0.1177,0.1054,0.0967,0.0767,0.0812,0.1069,0.0504,0.1366
CT004429,Zone_04,Zone_07,0.153,0.08,0.1088,0.0982,0.1033,0.0909,0.0864,0.153,0.0959,0.0713,0.1122
CT014897,Zone_02,Zone_01,0.1196,0.1196,0.1186,0.1006,0.0943,0.0681,0.09,0.1017,0.1058,0.0928,0.1084
CT015369,Zone_04,Zone_05,0.1294,0.1113,0.0837,0.0894,0.093,0.1294,0.1075,0.1003,0.0978,0.0756,0.1119
CT007909,Zone_07,Zone_03,0.1358,0.1062,0.1245,0.1358,0.1272,0.1318,0.0434,0.0612,0.1024,0.0703,0.0972
CT004324,Zone_02,Zone_05,0.1392,0.1035,0.1073,0.0654,0.0968,0.1392,0.0871,0.0966,0.0769,0.1271,0.1001
CT010619,Zone_10,Zone_07,0.1607,0.0895,0.1399,0.0902,0.1165,0.0825,0.0928,0.1607,0.068,0.0427,0.1172
CT001470,Zone_03,Zone_09,0.1159,0.114,0.1062,0.114,0.106,0.0867,0.0773,0.0973,0.0938,0.1159,0.0888
CT010118,Zone_07,Zone_09,0.1341,0.1065,0.1168,0.0965,0.0871,0.0781,0.0911,0.1019,0.0902,0.1341,0.0977
CT018889,Zone_07,Zone_03,0.1443,0.0863,0.0854,0.1443,0.0994,0.1148,0.0644,0.1046,0.1254,0.0931,0.0823
CT011819,Zone_02,Zone_03,0.125,0.0812,0.0909,0.125,0.0892,0.1046,0.1039,0.1161,0.0943,0.1166,0.0781
CT015456,Zone_10,Zone_06,0.1375,0.1032,0.0889,0.0776,0.096,0.1092,0.1375,0.1075,0.0956,0.097,0.0875
CT005530,Zone_07,Zone_01,0.1362,0.1362,0.0953,0.0796,0.1089,0.1333,0.0822,0.0842,0.1324,0.0703,0.0775
CT012530,Zone_03,Zone_05,0.1341,0.0931,0.0725,0.0986,0.0927,0.1341,0.1236,0.0939,0.1092,0.0762,0.1062
CT018439,Zone_01,Zone_01,0.15,0.15,0.1244,0.0986,0.1203,0.1404,0.0492,0.0683,0.1238,0.0397,0.0853
CT018205,Zone_02,Zone_03,0.1223,0.1191,0.0819,0.1223,0.103,0.103,0.0427,0.1073,0.119,0.0913,0.1104
CT013811,Zone_03,Zone_01,0.1342,0.1342,0.0801,0.1038,0.1159,0.1109,0.0792,0.1137,0.0874,0.0708,0.1039
CT015936,Zone_02,Zone_04,0.1399,0.0923,0.0756,0.1019,0.1399,0.106,0.0861,0.0982,0.1252,0.051,0.1236
CT009280,Zone_06,Zone_10,0.1219,0.1029,0.1091,0.1031,0.0923,0.0756,0.0936,0.0918,0.1101,0.0997,0.1219
CT005521,Zone_08,Zone_09,0.1554,0.102,0.0817,0.0939,0.0882,0.095,0.0837,0.0905,0.0932,0.1554,0.1161
CT002708,Zone_01,Zone_01,0.1343,0.1343,0.0836,0.091,0.118,0.1162,0.0641,0.1009,0.1012,0.0943,0.0966
CT002961,Zone_07,Zone_08,0.1438,0.0854,0.0946,0.136,0.1054,0.0868,0.1138,0.1005,0.1438,0.0472,0.0864
CT001105,Zone_03,Zone_06,0.1323,0.0737,0.077,0.0828,0.1202,0.1275,0.1323,0.0864,0.1115,0.0667,0.1218
CT008819,Zone_07,Zone_09,0.1984,0.0975,0.0586,0.0885,0.0865,0.1035,0.0957,0.0705,0.1098,0.1984,0.0909
CT011881,Zone_07,Zone_08,0.1387,0.1122,0.1193,0.0855,0.082,0.1007,0.1159,0.0782,0.1387,0.0556,0.1118
CT003407,Zone_07,Zone_04,0.1727,0.1079,0.1381,0.1117,0.1727,0.0714,0.0752,0.1209,0.0915,0.0259,0.0848
CT014653,Zone_08,Zone_09,0.1239,0.0867,0.113,0.0868,0.1004,0.1162,0.0895,0.1086,0.0839,0.1239,0.0909
CT007037,Zone_03,Zone_04,0.1541,0.0827,0.0968,0.0987,0.1541,0.096,0.0992,0.1119,0.1099,0.0736,0.0771
CT002597,Zone_03,Zone_09,0.1224,0.1095,0.1065,0.0859,0.0943,0.1061,0.0905,0.083,0.0974,0.1224,0.1045
CT017198,Zone_04,Zone_04,0.1199,0.0976,0.0954,0.1081,0.1199,0.0776,0.0767,0.1198,0.1009,0.1004,0.1035
CT013197,Zone_07,Zone_03,0.1252,0.1144,0.1026,0.1252,0.1104,0.0695,0.1051,0.0919,0.115,0.0727,0.0933
CT017113,Zone_02,Zone_03,0.1275,0.0691,0.0747,0.1275,0.0932,0.1091,0.1105,0.1268,0.0831,0.0864,0.1197
CT006454,Zone_04,Zone_09,0.1206,0.1099,0.089,0.0791,0.0983,0.1129,0.0794,0.1053,0.0906,0.1206,0.115
CT011416,Zone_07,Zone_01,0.1238,0.1238,0.0853,0.1042,0.1058,0.1095,0.0992,0.101,0.1134,0.0724,0.0855
CT012162,Zone_08,Zone_01,0.1251,0.1251,0.073,0.0946,0.1117,0.1194,0.0758,0.0939,0.1007,0.1094,0.0963
CT007500,Zone_02,Zone_09,0.1154,0.0909,0.091,0.1085,0.0934,0.1094,0.1108,0.0963,0.0972,0.1154,0.087
CT003778,Zone_02,Zone_09,0.1756,0.0862,0.1166,0.105,0.1047,0.0819,0.0674,0.0746,0.1064,0.1756,0.0816
CT009230,Zone_05,Zone_08,0.1379,0.0963,0.0911,0.0814,0.1166,0.1325,0.1128,0.0724,0.1379,0.0341,0.1249
CT002791,Zone_07,Zone_08,0.1418,0.1201,0.0968,0.1072,0.0968,0.1033,0.0893,0.1029,0.1418,0.0421,0.0996
CT017436,Zone_07,Zone_08,0.1452,0.1209,0.1133,0.0942,0.0864,0.0803,0.1367,0.0813,0.1452,0.057,0.0846
CT017904,Zone_01,Zone_09,0.2779,0.086,0.0847,0.0841,0.0741,0.0607,0.0896,0.0741,0.0937,0.2779,0.0751
CT010949,Zone_08,Zone_05,0.1452,0.068,0.1111,0.0884,0.1184,0.1452,0.0796,0.1308,0.0826,0.081,0.095
CT010544,Zone_07,Zone_01,0.1412,0.1412,0.091,0.0974,0.1056,0.1058,0.0865,0.1027,0.1153,0.0549,0.0996
CT010939,Zone_05,Zone_08,0.1244,0.1156,0.0795,0.1072,0.1025,0.0798,0.1239,0.1029,0.1244,0.0585,0.1058
CT003875,Zone_09,Zone_05,0.1153,0.074,0.1027,0.0909,0.1041,0.1153,0.0999,0.1088,0.086,0.1078,0.1105
CT016779,Zone_07,Zone_04,0.1479,0.1239,0.1305,0.1308,0.1479,0.1169,0.0362,0.0818,0.0858,0.0448,0.1015
CT016571,Zone_07,Zone_07,0.1363,0.0904,0.12,0.1097,0.0965,0.0833,0.1185,0.1363,0.0728,0.0957,0.0767
CT011190,Zone_04,Zone_02,0.1239,0.0993,0.1239,0.0796,0.1195,0.0983,0.1168,0.0911,0.1167,0.0445,0.1104
CT016864,Zone_03,Zone_06,0.1172,0.1085,0.0814,0.083,0.0951,0.1104,0.1172,0.1028,0.087,0.1152,0.0994
CT015672,Zone_02,Zone_07,0.1206,0.1089,0.0861,0.1185,0.0903,0.0856,0.0831,0.1206,0.0901,0.1074,0.1095
CT014618,Zone_08,Zone_01,0.1478,0.1478,0.1057,0.131,0.1292,0.137,0.0343,0.0787,0.1056,0.0537,0.0769
CT010551,Zone_06,Zone_05,0.1214,0.0988,0.0725,0.0905,0.0968,0.1214,0.1172,0.1029,0.1062,0.0841,0.1097
CT006706,Zone_08,Zone_07,0.1255,0.0852,0.0911,0.0921,0.1171,0.097,0.0996,0.1255,0.1057,0.0832,0.1036
CT018788,Zone_02,Zone_09,0.1524,0.0938,0.1054,0.1079,0.101,0.0771,0.0801,0.1079,0.0886,0.1524,0.0857
CT003040,Zone_08,Zone_07,0.1358,0.1048,0.0874,0.1244,0.1022,0.0897,0.077,0.1358,0.1049,0.0904,0.0835
CT009689,Zone_03,Zone_01,0.1188,0.1188,0.117,0.0922,0.0896,0.0915,0.1089,0.1043,0.1025,0.0786,0.0965
CT019161,Zone_07,Zone_09,0.1663,0.0846,0.0902,0.1282,0.0792,0.0884,0.0829,0.0796,0.1164,0.1663,0.0842
CT006973,Zone_04,Zone_07,0.1535,0.1179,0.1184,0.0966,0.1261,0.0699,0.0589,0.1535,0.0842,0.0807,0.0937
CT012087,Zone_07,Zone_05,0.1427,0.1289,0.1191,0.0608,0.1018,0.1427,0.0655,0.0889,0.0895,0.1097,0.093
CT004257,Zone_02,Zone_01,0.1279,0.1279,0.086,0.1019,0.114,0.1084,0.0579,0.1048,0.0935,0.1087,0.0969
CT015185,Zone_10,Zone_10,0.1165,0.0773,0.0997,0.0838,0.1028,0.1114,0.1061,0.1081,0.0903,0.104,0.1165
CT018669,Zone_07,Zone_03,0.1229,0.116,0.1006,0.1229,0.0874,0.084,0.1111,0.102,0.1162,0.0621,0.0977
CT010542,Zone_08,Zone_06,0.1207,0.1101,0.1022,0.0789,0.0941,0.114,0.1207,0.091,0.1116,0.0761,0.1013
CT009204,Zone_04,Zone_09,0.1463,0.0748,0.0934,0.1162,0.1046,0.0855,0.1278,0.0943,0.0824,0.1463,0.0748
CT002835,Zone_08,Zone_04,0.1387,0.1039,0.0751,0.1114,0.1387,0.0795,0.0903,0.1223,0.1062,0.0832,0.0893
CT015217,Zone_08,Zone_07,0.1267,0.093,0.1103,0.0738,0.1076,0.125,0.0964,0.1267,0.0838,0.0831,0.1003
CT012787,Zone_08,Zone_08,0.1156,0.1141,0.0953,0.1134,0.1123,0.0998,0.0794,0.0951,0.1156,0.0826,0.0924
CT003523,Zone_03,Zone_09,0.1498,0.1068,0.1079,0.0801,0.0892,0.0998,0.0552,0.1202,0.0742,0.1498,0.1167
CT013937,Zone_07,Zone_06,0.1425,0.0975,0.0907,0.0849,0.1212,0.097,0.1425,0.0784,0.1342,0.0378,0.116
CT002830,Zone_08,Zone_05,0.1308,0.1053,0.0789,0.0979,0.0877,0.1308,0.1184,0.0948,0.1045,0.0899,0.0918
CT011152,Zone_03,Zone_03,0.1476,0.0707,0.0884,0.1476,0.0846,0.1107,0.1086,0.0823,0.0972,0.1286,0.0814
CT009923,Zone_08,Zone_01,0.1482,0.1482,0.0909,0.0914,0.1135,0.093,0.1059,0.0805,0.1373,0.0517,0.0877
CT017358,Zone_07,Zone_10,0.1203,0.1142,0.1094,0.0943,0.0913,0.1074,0.0881,0.0831,0.1049,0.0871,0.1203
CT000890,Zone_08,Zone_04,0.1464,0.0948,0.0993,0.08,0.1464,0.1146,0.0994,0.0955,0.1133,0.0404,0.1162
CT007180,Zone_04,Zone_08,0.1268,0.1184,0.0942,0.1007,0.1108,0.1059,0.0894,0.1026,0.1268,0.079,0.0721
CT001904,Zone_03,Zone_07,0.1596,0.0879,0.1037,0.0983,0.1459,0.1155,0.0729,0.1596,0.0713,0.0575,0.0873
CT002714,Zone_03,Zone_09,0.1406,0.1131,0.0819,0.0745,0.1014,0.106,0.0893,0.1167,0.0841,0.1406,0.0924
CT015659,Zone_07,Zone_05,0.1417,0.1173,0.0924,0.0845,0.1267,0.1417,0.0718,0.1179,0.0883,0.0432,0.1164
CT009245,Zone_05,Zone_09,0.1851,0.0821,0.1108,0.0846,0.094,0.11,0.0667,0.0876,0.0898,0.1851,0.0893
CT016015,Zone_07,Zone_09,0.144,0.1143,0.0992,0.074,0.1005,0.0899,0.0772,0.0989,0.085,0.144,0.1171
CT002379,Zone_03,Zone_02,0.1275,0.1014,0.1275,0.0939,0.0949,0.0928,0.0868,0.1167,0.0647,0.1203,0.101
CT018387,Zone_10,Zone_09,0.1348,0.0733,0.098,0.1207,0.0871,0.1218,0.1019,0.0838,0.0919,0.1348,0.0868
CT002482,Zone_04,Zone_01,0.1329,0.1329,0.1091,0.1014,0.1218,0.0893,0.0468,0.1285,0.0685,0.0716,0.1301
CT011149,Zone_03,Zone_01,0.1388,0.1388,0.0939,0.0702,0.0932,0.1245,0.1119,0.0804,0.1248,0.0631,0.0991
CT017032,Zone_02,Zone_07,0.1426,0.0977,0.0859,0.1129,0.122,0.0446,0.079,0.1426,0.0908,0.1225,0.1021
CT004276,Zone_02,Zone_06,0.1536,0.0591,0.1383,0.0904,0.1297,0.0876,0.1536,0.081,0.117,0.0583,0.0849
CT012378,Zone_07,Zone_07,0.127,0.1153,0.0757,0.1062,0.1092,0.096,0.0513,0.127,0.102,0.1196,0.0976
CT014789,Zone_08,Zone_09,0.1337,0.0825,0.0881,0.1107,0.0889,0.105,0.1096,0.0834,0.1157,0.1337,0.0823
CT017197,Zone_07,Zone_08,0.1508,0.1206,0.0751,0.1155,0.0964,0.1162,0.0808,0.0947,0.1508,0.0784,0.0714
CT000882,Zone_08,Zone_10,0.1298,0.1095,0.0862,0.0926,0.0913,0.1061,0.0807,0.1033,0.0908,0.1098,0.1298
CT018101,Zone_05,Zone_02,0.1319,0.0913,0.1319,0.1204,0.093,0.0809,0.0916,0.0979,0.1083,0.0899,0.0948
CT014848,Zone_08,Zone_06,0.1556,0.0997,0.0922,0.1054,0.0854,0.0774,0.1556,0.0894,0.1001,0.0972,0.0976
CT002860,Zone_08,Zone_07,0.1296,0.1027,0.1054,0.0982,0.0954,0.0807,0.0722,0.1296,0.0831,0.109,0.1236
CT005873,Zone_03,Zone_09,0.1369,0.0997,0.0726,0.0732,0.0987,0.1101,0.1109,0.0979,0.0822,0.1369,0.1177
CT012775,Zone_08,Zone_10,0.137,0.1091,0.0875,0.1134,0.0961,0.1141,0.0559,0.1131,0.1026,0.0712,0.137
CT013998,Zone_08,Zone_07,0.1363,0.0828,0.0992,0.0916,0.1151,0.1358,0.0587,0.1363,0.0804,0.0757,0.1244
CT011710,Zone_08,Zone_05,0.1152,0.1135,0.1067,0.0815,0.0904,0.1152,0.1121,0.0932,0.0901,0.0897,0.1076
CT012212,Zone_02,Zone_09,0.2303,0.1021,0.0638,0.0822,0.0792,0.1115,0.0743,0.0826,0.1056,0.2303,0.0686
CT015259,Zone_01,Zone_06,0.1226,0.0801,0.0832,0.1014,0.0762,0.1185,0.1226,0.094,0.1058,0.1061,0.112
CT006324,Zone_03,Zone_03,0.1322,0.1123,0.0974,0.1322,0.1105,0.0925,0.0759,0.1009,0.0963,0.0932,0.0887
CT012344,Zone_07,Zone_07,0.1462,0.0986,0.0727,0.1057,0.1229,0.1257,0.0778,0.1462,0.1026,0.0494,0.0984
CT010889,Zone_05,Zone_03,0.1668,0.1063,0.0716,0.1668,0.0669,0.0937,0.1551,0.0573,0.1242,0.0112,0.1468
CT017481,Zone_08,Zone_06,0.1263,0.0925,0.1222,0.094,0.0997,0.1109,0.1263,0.0794,0.0834,0.1099,0.0816
CT007824,Zone_04,Zone_09,0.1524,0.0651,0.1175,0.091,0.123,0.063,0.1088,0.1124,0.0929,0.1524,0.0738
CT013144,Zone_07,Zone_10,0.1414,0.099,0.112,0.1007,0.0814,0.0914,0.0773,0.0958,0.1038,0.0973,0.1414
CT003455,Zone_09,Zone_10,0.1206,0.1128,0.0953,0.0793,0.0973,0.1174,0.0863,0.094,0.0895,0.1073,0.1206
CT010675,Zone_10,Zone_09,0.145,0.0942,0.0821,0.1312,0.1036,0.0648,0.0821,0.1215,0.085,0.145,0.0905
CT006195,Zone_02,Zone_02,0.1489,0.0688,0.1489,0.0767,0.1164,0.0969,0.1188,0.0891,0.1211,0.0455,0.1178
CT001989,Zone_10,Zone_06,0.1272,0.0991,0.1038,0.1194,0.1104,0.08,0.1272,0.1095,0.1106,0.0531,0.0869
CT014022,Zone_04,Zone_07,0.1462,0.0893,0.098,0.1166,0.1108,0.0968,0.0934,0.1462,0.0865,0.0659,0.0965
CT000930,Zone_08,Zone_06,0.1449,0.1009,0.0994,0.0898,0.0915,0.112,0.1449,0.0731,0.1351,0.0867,0.0665
CT017027,Zone_06,Zone_10,0.1308,0.092,0.1237,0.0873,0.1213,0.0828,0.0778,0.1075,0.1172,0.0596,0.1308
CT007438,Zone_04,Zone_02,0.1422,0.0755,0.1422,0.0893,0.0908,0.0929,0.1051,0.1137,0.069,0.1274,0.0941
CT008217,Zone_07,Zone_10,0.1244,0.1048,0.0723,0.0897,0.1223,0.0957,0.1052,0.1167,0.0935,0.0755,0.1244
CT007723,Zone_02,Zone_01,0.1336,0.1336,0.1004,0.1012,0.1095,0.0851,0.0755,0.1141,0.0894,0.0971,0.094
CT005587,Zone_07,Zone_09,0.1727,0.0975,0.0881,0.0801,0.0775,0.0972,0.1132,0.0812,0.0931,0.1727,0.0994
CT011684,Zone_10,Zone_05,0.1257,0.1211,0.0835,0.0945,0.1095,0.1257,0.099,0.0967,0.0982,0.0689,0.1029
CT002374,Zone_04,Zone_09,0.1474,0.0925,0.1004,0.0883,0.0842,0.1073,0.1114,0.0832,0.0776,0.1474,0.1078
CT010522,Zone_07,Zone_09,0.208,0.1053,0.0894,0.097,0.0769,0.0683,0.0704,0.0907,0.0911,0.208,0.1029
CT010355,Zone_08,Zone_06,0.1371,0.1342,0.0642,0.111,0.0998,0.0712,0.1371,0.0889,0.118,0.0599,0.1157
CT000041,Zone_08,Zone_07,0.148,0.0916,0.1093,0.1207,0.0904,0.0764,0.0769,0.148,0.0776,0.1046,0.1045
CT009238,Zone_07,Zone_07,0.1266,0.0831,0.098,0.1137,0.1033,0.1058,0.1168,0.1266,0.0852,0.0749,0.0926
CT015081,Zone_05,Zone_01,0.1285,0.1285,0.1198,0.0881,0.0816,0.1038,0.0658,0.0885,0.1007,0.122,0.1011
CT006607,Zone_07,Zone_06,0.1233,0.083,0.0919,0.1158,0.0962,0.113,0.1233,0.0861,0.1058,0.0852,0.0997
CT008459,Zone_07,Zone_02,0.158,0.0649,0.158,0.0911,0.1146,0.0802,0.1444,0.1129,0.0713,0.0878,0.0748
CT009755,Zone_08,Zone_05,0.1416,0.1116,0.0664,0.1133,0.1068,0.1416,0.0674,0.0984,0.1142,0.0792,0.1013
CT000178,Zone_09,Zone_09,0.18,0.0896,0.0693,0.1234,0.0749,0.0878,0.089,0.0777,0.1091,0.18,0.0992
CT007044,Zone_04,Zone_06,0.126,0.1201,0.0855,0.1087,0.1006,0.0897,0.126,0.105,0.1232,0.0436,0.0977
CT011262,Zone_07,Zone_07,0.1359,0.1082,0.1324,0.0952,0.0943,0.0711,0.0939,0.1359,0.0847,0.0734,0.1108
CT008358,Zone_03,Zone_09,0.1342,0.1237,0.1046,0.0902,0.1133,0.0853,0.0761,0.1028,0.0935,0.1342,0.0763
CT003101,Zone_10,Zone_10,0.1233,0.0973,0.0975,0.1038,0.0967,0.1041,0.072,0.1076,0.0848,0.1129,0.1233
CT009349,Zone_08,Zone_01,0.1253,0.1253,0.0619,0.1027,0.0995,0.0962,0.124,0.0929,0.0945,0.0821,0.1208
CT005311,Zone_08,Zone_04,0.1202,0.0946,0.1053,0.0742,0.1202,0.1125,0.1107,0.1057,0.0919,0.0765,0.1082
CT003878,Zone_10,Zone_09,0.14,0.1189,0.1106,0.0887,0.0786,0.099,0.0841,0.0833,0.1024,0.14,0.0944
CT007244,Zone_06,Zone_09,0.1532,0.0754,0.1113,0.0944,0.0921,0.084,0.1446,0.0921,0.0695,0.1532,0.0834
CT005176,Zone_02,Zone_10,0.1232,0.0838,0.0992,0.1153,0.105,0.104,0.1011,0.0957,0.1145,0.0582,0.1232
CT004381,Zone_07,Zone_02,0.1166,0.1139,0.1166,0.0941,0.1009,0.0935,0.0681,0.1119,0.103,0.0827,0.1152
CT005124,Zone_07,Zone_04,0.1175,0.0983,0.1124,0.0726,0.1175,0.1134,0.1161,0.094,0.1163,0.054,0.1053
CT018221,Zone_08,Zone_04,0.1393,0.0844,0.1165,0.1051,0.1393,0.09,0.1125,0.1229,0.077,0.0697,0.0826
CT012946,Zone_08,Zone_09,0.1562,0.0947,0.0921,0.0871,0.0807,0.0885,0.1461,0.0857,0.0805,0.1562,0.0885
CT016960,Zone_01,Zone_03,0.1593,0.1312,0.117,0.1593,0.1091,0.089,0.0716,0.1479,0.0907,0.021,0.0632
CT019726,Zone_07,Zone_06,0.1547,0.0919,0.097,0.0984,0.0823,0.0857,0.1547,0.0837,0.1312,0.0646,0.1105
CT006830,Zone_07,Zone_08,0.1182,0.1112,0.0805,0.1107,0.0949,0.1064,0.0885,0.0959,0.1182,0.0866,0.1071
CT005721,Zone_07,Zone_06,0.136,0.0875,0.0939,0.0899,0.0828,0.1156,0.136,0.0873,0.1035,0.0867,0.1169
CT006154,Zone_04,Zone_05,0.1237,0.1105,0.102,0.0958,0.0864,0.1237,0.0972,0.0951,0.0986,0.1068,0.0839
CT016577,Zone_02,Zone_03,0.12,0.1065,0.1019,0.12,0.115,0.1047,0.0847,0.1121,0.0934,0.0478,0.1139
CT017948,Zone_07,Zone_05,0.1461,0.102,0.0661,0.1057,0.0963,0.1461,0.0862,0.0999,0.1042,0.0822,0.1114
CT014479,Zone_02,Zone_03,0.1296,0.0707,0.1136,0.1296,0.0922,0.0881,0.1164,0.118,0.0823,0.0905,0.0985
CT018457,Zone_07,Zone_02,0.1177,0.1015,0.1177,0.1032,0.0875,0.104,0.091,0.1125,0.0828,0.1033,0.0965
CT016194,Zone_07,Zone_08,0.1348,0.0909,0.0844,0.0848,0.1218,0.1272,0.1065,0.0971,0.1348,0.0445,0.1079
CT000449,Zone_02,Zone_09,0.2231,0.0757,0.0925,0.0882,0.0878,0.0796,0.0892,0.0998,0.0798,0.2231,0.0842
CT014471,Zone_04,Zone_09,0.1363,0.0987,0.0746,0.1211,0.1007,0.0759,0.1015,0.0934,0.1133,0.1363,0.0845
CT013607,Zone_02,Zone_02,0.1519,0.0822,0.1519,0.089,0.0819,0.0746,0.1326,0.1161,0.0684,0.1187,0.0846
CT002325,Zone_04,Zone_05,0.1332,0.1044,0.1112,0.0723,0.0869,0.1332,0.1086,0.0782,0.1326,0.0573,0.1152
CT012478,Zone_07,Zone_07,0.1269,0.1146,0.0764,0.0888,0.1131,0.0766,0.0954,0.1269,0.081,0.1218,0.1055
CT001504,Zone_08,Zone_08,0.1181,0.1134,0.0972,0.105,0.08,0.095,0.0848,0.0823,0.1181,0.1175,0.1067
CT005857,Zone_08,Zone_06,0.131,0.1216,0.0649,0.0988,0.1058,0.072,0.131,0.0999,0.1169,0.0906,0.0985
CT016111,Zone_07,Zone_09,0.1168,0.1007,0.1145,0.0962,0.0926,0.0892,0.0896,0.1073,0.0824,0.1168,0.1107
CT016031,Zone_06,Zone_05,0.1238,0.0969,0.104,0.0793,0.0876,0.1238,0.1066,0.0978,0.0864,0.0993,0.1184
CT000905,Zone_10,Zone_09,0.1185,0.1019,0.0884,0.0951,0.1016,0.1121,0.0817,0.0985,0.1104,0.1185,0.0919
CT005943,Zone_03,Zone_06,0.1317,0.1157,0.0589,0.0759,0.1004,0.1027,0.1317,0.074,0.0914,0.1255,0.1239
CT012071,Zone_08,Zone_01,0.1396,0.1396,0.0819,0.0842,0.1107,0.1027,0.0788,0.1024,0.0791,0.1045,0.116
CT000323,Zone_04,Zone_03,0.1458,0.0804,0.0872,0.1458,0.0788,0.1077,0.0936,0.0754,0.1194,0.117,0.0948
CT001157,Zone_02,Zone_09,0.1725,0.0806,0.0649,0.1107,0.0896,0.0901,0.1197,0.0868,0.0942,0.1725,0.0908
CT005493,Zone_04,Zone_08,0.1299,0.1066,0.0622,0.1273,0.1275,0.067,0.1111,0.1245,0.1299,0.0647,0.0792
CT007378,Zone_10,Zone_10,0.1292,0.1108,0.1258,0.1122,0.0888,0.0822,0.0668,0.1045,0.1021,0.0775,0.1292
CT003482,Zone_08,Zone_09,0.1511,0.0968,0.094,0.0691,0.1011,0.1237,0.0765,0.1045,0.0718,0.1511,0.1113
CT019914,Zone_07,Zone_07,0.1257,0.0828,0.1077,0.0924,0.1066,0.1012,0.087,0.1257,0.092,0.0816,0.123
CT003835,Zone_04,Zone_06,0.1895,0.0969,0.0887,0.1113,0.0874,0.0951,0.1895,0.0808,0.1144,0.0344,0.1015
CT002007,Zone_08,Zone_10,0.1357,0.1126,0.1007,0.0887,0.086,0.1121,0.081,0.0925,0.1023,0.0884,0.1357
CT016549,Zone_01,Zone_09,0.135,0.0979,0.1216,0.1002,0.0913,0.0841,0.0894,0.0932,0.108,0.135,0.0793
CT013072,Zone_03,Zone_05,0.1294,0.1222,0.0934,0.0867,0.0963,0.1294,0.1202,0.0837,0.0863,0.0769,0.1049
CT013545,Zone_03,Zone_06,0.1424,0.1067,0.078,0.1056,0.0839,0.0814,0.1424,0.0939,0.1138,0.0884,0.1058
CT003928,Zone_07,Zone_07,0.1252,0.1081,0.111,0.0824,0.117,0.1202,0.0772,0.1252,0.0879,0.0557,0.1153
CT008150,Zone_03,Zone_06,0.1664,0.09,0.0755,0.1026,0.0806,0.0773,0.1664,0.0832,0.1273,0.098,0.0991
CT019775,Zone_02,Zone_09,0.1324,0.0939,0.0945,0.0887,0.112,0.068,0.0845,0.1162,0.1056,0.1324,0.1043
CT000945,Zone_08,Zone_03,0.1408,0.0778,0.0875,0.1408,0.0771,0.1129,0.1195,0.1119,0.0908,0.0783,0.1034
CT007564,Zone_08,Zone_08,0.1425,0.1023,0.0684,0.1235,0.0809,0.108,0.1404,0.0754,0.1425,0.0573,0.1013
CT012491,Zone_02,Zone_09,0.1414,0.0815,0.0866,0.1088,0.0764,0.093,0.1201,0.1111,0.0882,0.1414,0.0928
CT018986,Zone_08,Zone_02,0.1258,0.1054,0.1258,0.0886,0.0975,0.0877,0.1018,0.1144,0.1029,0.0574,0.1185
CT017214,Zone_10,Zone_08,0.1199,0.107,0.1109,0.1037,0.1011,0.1063,0.1194,0.081,0.1199,0.0735,0.0773
CT007687,Zone_08,Zone_05,0.1289,0.1013,0.0991,0.0891,0.0853,0.1289,0.0808,0.0815,0.1072,0.1236,0.103
CT018863,Zone_06,Zone_04,0.1533,0.1098,0.0864,0.0783,0.1533,0.1005,0.1025,0.1068,0.1015,0.0577,0.1031
CT012421,Zone_04,Zone_02,0.1782,0.0974,0.1782,0.1155,0.1056,0.1051,0.1159,0.099,0.0907,0.0383,0.0543
CT013254,Zone_04,Zone_03,0.1335,0.0904,0.0917,0.1335,0.0995,0.1128,0.1023,0.0896,0.1025,0.0864,0.0912
CT005430,Zone_07,Zone_09,0.1594,0.1056,0.0919,0.076,0.1183,0.0941,0.0973,0.0849,0.0896,0.1594,0.0831
CT008873,Zone_02,Zone_03,0.1384,0.0945,0.1045,0.1384,0.0998,0.0932,0.1062,0.1189,0.085,0.0838,0.0756
CT002859,Zone_07,Zone_06,0.1363,0.0759,0.0999,0.0878,0.1039,0.1002,0.1363,0.083,0.1273,0.0666,0.119
CT015523,Zone_08,Zone_02,0.1654,0.1129,0.1654,0.1253,0.1181,0.1108,0.043,0.0805,0.081,0.0753,0.0876
CT006790,Zone_07,Zone_06,0.1191,0.0981,0.0699,0.1071,0.0959,0.1009,0.1191,0.0975,0.1098,0.0938,0.1079
CT012756,Zone_07,Zone_09,0.1327,0.1084,0.0876,0.0846,0.0834,0.1297,0.0904,0.0687,0.1106,0.1327,0.104
CT005995,Zone_07,Zone_03,0.1295,0.1159,0.0961,0.1295,0.1126,0.0688,0.0854,0.1026,0.1183,0.0713,0.0995
CT001852,Zone_06,Zone_02,0.1637,0.0902,0.1637,0.0789,0.1196,0.1108,0.1015,0.0963,0.0863,0.0487,0.104
CT011924,Zone_07,Zone_10,0.1385,0.1182,0.0743,0.0864,0.0936,0.1194,0.1218,0.0832,0.0977,0.0669,0.1385
CT012657,Zone_01,Zone_09,0.1562,0.1055,0.1115,0.0839,0.0916,0.1032,0.0536,0.0871,0.0895,0.1562,0.1181
CT005069,Zone_04,Zone_07,0.1271,0.0834,0.0913,0.1134,0.1026,0.1158,0.1107,0.1271,0.0928,0.0424,0.1204
CT011977,Zone_02,Zone_10,0.1382,0.131,0.0917,0.1126,0.0952,0.0969,0.0607,0.0986,0.1117,0.0635,0.1382
CT006246,Zone_03,Zone_01,0.1681,0.1681,0.0948,0.0982,0.1251,0.1112,0.0734,0.0918,0.099,0.0386,0.0999
CT006507,Zone_10,Zone_06,0.1559,0.091,0.1271,0.0697,0.1247,0.1031,0.1559,0.073,0.1426,0.0314,0.0816
CT005162,Zone_10,Zone_09,0.1783,0.1031,0.1053,0.1103,0.0836,0.0953,0.0534,0.0942,0.0922,0.1783,0.0843
CT014491,Zone_07,Zone_01,0.1515,0.1515,0.0927,0.085,0.1109,0.1286,0.0813,0.0856,0.0887,0.0549,0.1207
CT013325,Zone_08,Zone_09,0.1259,0.1199,0.0915,0.0848,0.1074,0.0889,0.0775,0.1199,0.088,0.1259,0.0963
CT007179,Zone_06,Zone_04,0.1441,0.0931,0.094,0.099,0.1441,0.0903,0.0714,0.1105,0.124,0.0589,0.1147
CT011619,Zone_04,Zone_01,0.1233,0.1233,0.0976,0.0998,0.0954,0.0827,0.0809,0.1097,0.0938,0.1042,0.1125
CT007146,Zone_08,Zone_09,0.1547,0.0908,0.0866,0.0902,0.0963,0.1132,0.0665,0.1076,0.0763,0.1547,0.1179
CT011566,Zone_08,Zone_04,0.142,0.0952,0.0824,0.1062,0.142,0.0555,0.116,0.0957,0.1257,0.1074,0.0739
CT007972,Zone_03,Zone_03,0.1323,0.0775,0.066,0.1323,0.07,0.1099,0.1176,0.0817,0.1167,0.1088,0.1194
CT015265,Zone_01,Zone_08,0.1358,0.0947,0.0995,0.0819,0.1332,0.1189,0.1022,0.0901,0.1358,0.0406,0.1031
CT007331,Zone_01,Zone_05,0.1159,0.0992,0.0738,0.1153,0.0973,0.1159,0.1029,0.114,0.11,0.0735,0.0981
CT005894,Zone_07,Zone_09,0.2045,0.1058,0.1234,0.0843,0.0759,0.0805,0.0557,0.0956,0.0825,0.2045,0.0919
CT005198,Zone_04,Zone_01,0.1309,0.1309,0.1179,0.0998,0.0979,0.08,0.0733,0.1106,0.0997,0.0998,0.0902
CT017210,Zone_08,Zone_09,0.2138,0.0735,0.0769,0.1091,0.0954,0.0724,0.1146,0.0844,0.09,0.2138,0.07
CT013403,Zone_05,Zone_09,0.1197,0.0841,0.1101,0.1063,0.0896,0.113,0.1052,0.0968,0.0795,0.1197,0.0956
CT018621,Zone_01,Zone_08,0.1489,0.1346,0.0889,0.1174,0.1007,0.0867,0.1134,0.0939,0.1489,0.0369,0.0787
CT017965,Zone_08,Zone_01,0.1291,0.1291,0.0894,0.0965,0.1034,0.0949,0.1215,0.0973,0.1212,0.0564,0.0903
CT018602,Zone_04,Zone_09,0.1566,0.1079,0.0914,0.0698,0.0781,0.0972,0.1304,0.085,0.1029,0.1566,0.0807
CT003222,Zone_07,Zone_07,0.1617,0.0888,0.0874,0.1237,0.1409,0.0484,0.1055,0.1617,0.0918,0.0849,0.0669
CT009428,Zone_08,Zone_07,0.1215,0.0844,0.0957,0.1169,0.1091,0.1061,0.1048,0.1215,0.089,0.0976,0.075
CT014465,Zone_07,Zone_06,0.1276,0.0757,0.0795,0.0838,0.1227,0.119,0.1276,0.0917,0.1166,0.0679,0.1157
CT007358,Zone_03,Zone_09,0.1674,0.1071,0.0957,0.0921,0.0784,0.0838,0.0728,0.0894,0.1091,0.1674,0.1042
CT017757,Zone_05,Zone_09,0.1755,0.082,0.1129,0.0962,0.0922,0.0652,0.1343,0.0906,0.0761,0.1755,0.0751
CT015760,Zone_04,Zone_03,0.128,0.1192,0.0979,0.128,0.1129,0.0818,0.0762,0.1195,0.1065,0.0615,0.0964
CT014915,Zone_02,Zone_09,0.1491,0.0808,0.1191,0.1028,0.0764,0.0806,0.113,0.0948,0.0849,0.1491,0.0984
CT009571,Zone_03,Zone_06,0.1335,0.1046,0.1196,0.1068,0.0866,0.0913,0.1335,0.1031,0.1006,0.0552,0.0987
CT003249,Zone_07,Zone_05,0.1343,0.067,0.0907,0.0898,0.089,0.1343,0.0948,0.1153,0.0933,0.1035,0.1223
CT008509,Zone_10,Zone_03,0.1255,0.0926,0.0868,0.1255,0.1239,0.0552,0.0858,0.1239,0.103,0.1039,0.0994
CT000005,Zone_03,Zone_05,0.1205,0.115,0.1016,0.0898,0.0876,0.1205,0.0948,0.0784,0.0919,0.1065,0.1139
CT018746,Zone_06,Zone_08,0.1477,0.1,0.0874,0.1031,0.1399,0.1086,0.082,0.1046,0.1477,0.0359,0.0909
CT007792,Zone_07,Zone_02,0.1433,0.1142,0.1433,0.1128,0.1089,0.0646,0.0851,0.1094,0.1059,0.0655,0.0904
CT002166,Zone_04,Zone_03,0.1267,0.1057,0.0815,0.1267,0.1062,0.0931,0.1087,0.1033,0.0898,0.094,0.0911
CT006509,Zone_08,Zone_05,0.1384,0.0729,0.1023,0.1221,0.0866,0.1384,0.0829,0.0971,0.0997,0.0682,0.1299
CT019399,Zone_07,Zone_05,0.14,0.0799,0.0858,0.0779,0.1145,0.14,0.0951,0.118,0.0905,0.071,0.1274
CT010696,Zone_03,Zone_10,0.1462,0.1446,0.0818,0.098,0.114,0.1003,0.0933,0.0875,0.0879,0.0465,0.1462
CT016010,Zone_08,Zone_08,0.1371,0.081,0.1036,0.0852,0.1125,0.1074,0.1109,0.0883,0.1371,0.0504,0.1236
CT015749,Zone_07,Zone_02,0.1339,0.0683,0.1339,0.0824,0.1264,0.0914,0.127,0.0827,0.115,0.0526,0.1201
CT002380,Zone_08,Zone_10,0.1348,0.0988,0.1251,0.1076,0.0969,0.1082,0.0659,0.1202,0.0782,0.0644,0.1348
CT007380,Zone_04,Zone_08,0.142,0.0904,0.0878,0.0843,0.1328,0.1132,0.1066,0.0942,0.142,0.0412,0.1074
CT003431,Zone_07,Zone_02,0.1529,0.0886,0.1529,0.0843,0.0738,0.0729,0.1068,0.0883,0.0887,0.1456,0.098
CT010648,Zone_07,Zone_03,0.1387,0.0783,0.0933,0.1387,0.0904,0.1139,0.0931,0.1041,0.1219,0.0545,0.1119
CT009684,Zone_04,Zone_02,0.1538,0.072,0.1538,0.1113,0.1081,0.0776,0.1312,0.088,0.068,0.1265,0.0635
CT004369,Zone_03,Zone_04,0.1317,0.1035,0.0886,0.1303,0.1317,0.0605,0.0772,0.1223,0.1138,0.0874,0.0846
CT006612,Zone_04,Zone_09,0.1583,0.1091,0.091,0.0831,0.0845,0.1289,0.0714,0.0853,0.1155,0.1583,0.073
CT019460,Zone_04,Zone_09,0.1471,0.0873,0.072,0.0951,0.1034,0.0937,0.1211,0.1138,0.084,0.1471,0.0825
CT011226,Zone_04,Zone_09,0.1284,0.1139,0.0984,0.0795,0.0922,0.0953,0.0798,0.107,0.0883,0.1284,0.1171
CT006155,Zone_08,Zone_06,0.1448,0.1163,0.0741,0.108,0.1021,0.0645,0.1448,0.084,0.1212,0.0926,0.0924
CT004464,Zone_10,Zone_01,0.1261,0.1261,0.1012,0.0959,0.1062,0.0897,0.0797,0.1121,0.0931,0.0964,0.0996
CT017139,Zone_08,Zone_09,0.1395,0.0998,0.0729,0.1121,0.0948,0.0807,0.1045,0.1127,0.1065,0.1395,0.0765
CT009782,Zone_07,Zone_05,0.125,0.1168,0.0968,0.0899,0.1031,0.125,0.0852,0.1108,0.0823,0.0961,0.0939
CT008926,Zone_08,Zone_06,0.1327,0.132,0.0923,0.0852,0.0947,0.1073,0.1327,0.0862,0.1278,0.0444,0.0975
CT002224,Zone_01,Zone_08,0.1281,0.1159,0.1027,0.1021,0.0837,0.0987,0.1025,0.0958,0.1281,0.0813,0.0892
CT005660,Zone_07,Zone_09,0.197,0.0944,0.0931,0.0819,0.0762,0.1032,0.0868,0.0643,0.1065,0.197,0.0965
CT007429,Zone_08,Zone_02,0.1221,0.1125,0.1221,0.105,0.0808,0.1017,0.0883,0.1007,0.0884,0.0957,0.1048
CT012020,Zone_01,Zone_04,0.1493,0.105,0.0594,0.0979,0.1493,0.0538,0.0954,0.1233,0.0987,0.1241,0.0931
CT007212,Zone_07,Zone_09,0.148,0.0931,0.1179,0.0813,0.085,0.1182,0.08,0.1032,0.0751,0.148,0.0984
CT012522,Zone_07,Zone_06,0.1461,0.0758,0.0921,0.1062,0.0771,0.1033,0.1461,0.1063,0.0958,0.0972,0.1001
CT012270,Zone_03,Zone_06,0.1383,0.0889,0.0951,0.0798,0.0852,0.1016,0.1383,0.0754,0.1033,0.1244,0.1078
CT015148,Zone_10,Zone_06,0.1769,0.0843,0.0684,0.0805,0.1121,0.1064,0.1769,0.0696,0.1396,0.0459,0.1162
CT018124,Zone_01,Zone_02,0.139,0.0724,0.139,0.1065,0.1229,0.0811,0.1168,0.1011,0.1151,0.0329,0.1121
CT016747,Zone_03,Zone_03,0.1274,0.0843,0.0918,0.1274,0.0998,0.1082,0.1003,0.1003,0.1097,0.1114,0.0667
CT015415,Zone_04,Zone_09,0.1184,0.1133,0.0681,0.1178,0.0879,0.0839,0.1091,0.0978,0.0984,0.1184,0.1053
CT003419,Zone_02,Zone_01,0.1212,0.1212,0.1076,0.092,0.0892,0.1166,0.1105,0.0856,0.1105,0.0649,0.1019
CT009333,Zone_05,Zone_08,0.1441,0.1088,0.0725,0.1223,0.1026,0.0843,0.1083,0.0973,0.1441,0.0664,0.0935
CT000903,Zone_02,Zone_01,0.135,0.135,0.1179,0.0843,0.1074,0.0875,0.0728,0.1337,0.0736,0.1016,0.0862
CT005022,Zone_07,Zone_06,0.1829,0.1143,0.0848,0.0872,0.0809,0.0919,0.1829,0.0667,0.1634,0.0346,0.0932
CT014665,Zone_02,Zone_07,0.136,0.1104,0.1075,0.1067,0.099,0.0777,0.0648,0.136,0.0803,0.0905,0.1269
CT019813,Zone_07,Zone_09,0.1199,0.1007,0.0749,0.109,0.1049,0.0977,0.1014,0.1161,0.0859,0.1199,0.0895
CT018317,Zone_02,Zone_06,0.1218,0.1023,0.0766,0.0837,0.1003,0.1197,0.1218,0.081,0.106,0.1049,0.1038
CT016715,Zone_03,Zone_05,0.1379,0.1093,0.1164,0.1005,0.0961,0.1379,0.0782,0.1079,0.081,0.0621,0.1105
CT008803,Zone_03,Zone_05,0.1358,0.0868,0.093,0.0871,0.0863,0.1358,0.1176,0.0894,0.1038,0.098,0.1022
CT000991,Zone_08,Zone_09,0.1417,0.099,0.0769,0.0951,0.1075,0.1021,0.1131,0.0821,0.086,0.1417,0.0965
CT001705,Zone_08,Zone_09,0.1276,0.0783,0.1131,0.0823,0.095,0.1072,0.1227,0.0854,0.0808,0.1276,0.1076
CT003079,Zone_08,Zone_06,0.1417,0.0853,0.1214,0.1055,0.0905,0.0787,0.1417,0.0952,0.1074,0.0751,0.0993
CT009811,Zone_04,Zone_10,0.1383,0.1246,0.1014,0.0962,0.0993,0.0954,0.0758,0.0945,0.1094,0.0651,0.1383
CT016070,Zone_02,Zone_06,0.1239,0.0852,0.0949,0.0944,0.1061,0.1112,0.1239,0.0752,0.1008,0.1051,0.1033
CT015931,Zone_07,Zone_02,0.1224,0.0896,0.1224,0.0673,0.1155,0.0977,0.111,0.0931,0.1077,0.0849,0.1108
CT001996,Zone_07,Zone_05,0.1413,0.1015,0.0706,0.0928,0.0977,0.1413,0.0766,0.0938,0.1175,0.1182,0.09
CT006252,Zone_01,Zone_01,0.1287,0.1287,0.0906,0.0962,0.1068,0.1189,0.0797,0.1124,0.0967,0.0858,0.0843
CT006287,Zone_07,Zone_06,0.1325,0.0981,0.1236,0.0972,0.0903,0.0964,0.1325,0.1204,0.0792,0.0688,0.0935
CT005405,Zone_08,Zone_10,0.1386,0.0741,0.1173,0.1085,0.0808,0.1019,0.1109,0.0909,0.1111,0.0659,0.1386
CT000031,Zone_07,Zone_09,0.1489,0.1002,0.101,0.0822,0.0834,0.0687,0.1266,0.1055,0.0848,0.1489,0.0987
CT009282,Zone_09,Zone_05,0.125,0.1129,0.0767,0.087,0.116,0.125,0.0701,0.0922,0.111,0.1179,0.0913
CT001138,Zone_08,Zone_04,0.1381,0.077,0.1112,0.0915,0.1381,0.113,0.0985,0.1291,0.0809,0.0773,0.0833
CT015859,Zone_08,Zone_09,0.1292,0.104,0.0907,0.1003,0.0828,0.0951,0.1063,0.0916,0.0939,0.1292,0.1061
CT013776,Zone_05,Zone_09,0.1426,0.0793,0.0837,0.1171,0.095,0.0963,0.1141,0.0949,0.0752,0.1426,0.1017
CT012900,Zone_04,Zone_01,0.1213,0.1213,0.0775,0.0895,0.1029,0.0977,0.0899,0.1066,0.1029,0.1149,0.0968
CT000759,Zone_02,Zone_01,0.1217,0.1217,0.1018,0.1119,0.0933,0.1083,0.0884,0.1092,0.0872,0.0714,0.1069
CT012802,Zone_08,Zone_01,0.1194,0.1194,0.1011,0.0983,0.0905,0.1119,0.0752,0.1167,0.0872,0.0856,0.1141
CT019379,Zone_07,Zone_02,0.131,0.1085,0.131,0.1152,0.0855,0.0793,0.0774,0.1131,0.0988,0.076,0.1154
CT006143,Zone_03,Zone_06,0.1268,0.1149,0.086,0.0914,0.0879,0.0862,0.1268,0.0983,0.0906,0.1203,0.0975
CT014097,Zone_07,Zone_06,0.1205,0.0905,0.1023,0.1045,0.0945,0.1166,0.1205,0.0887,0.1016,0.0916,0.089
CT005151,Zone_08,Zone_05,0.1283,0.075,0.1242,0.0927,0.1011,0.1283,0.0942,0.1054,0.072,0.1144,0.0927
CT013412,Zone_04,Zone_05,0.1376,0.1103,0.091,0.0923,0.0993,0.1376,0.1078,0.0926,0.0811,0.0956,0.0926
CT010336,Zone_10,Zone_04,0.1479,0.0849,0.0942,0.1383,0.1479,0.0678,0.0656,0.1427,0.1191,0.0602,0.0794
CT003780,Zone_10,Zone_07,0.1155,0.115,0.0898,0.0842,0.1152,0.0869,0.0804,0.1155,0.0877,0.1099,0.1154
CT018908,Zone_01,Zone_04,0.1307,0.0975,0.1005,0.082,0.1307,0.1074,0.1282,0.0941,0.1289,0.0374,0.0934
CT019784,Zone_04,Zone_09,0.1468,0.0939,0.0971,0.1015,0.0953,0.0848,0.1174,0.0833,0.0998,0.1468,0.0801
CT017781,Zone_01,Zone_02,0.131,0.1036,0.131,0.0813,0.0896,0.0913,0.1037,0.1092,0.0851,0.086,0.1193
CT015502,Zone_10,Zone_04,0.1438,0.1091,0.0793,0.1341,0.1438,0.0688,0.0768,0.1401,0.1058,0.0526,0.0895
CT005780,Zone_03,Zone_07,0.1205,0.089,0.0931,0.089,0.1144,0.1156,0.0912,0.1205,0.1037,0.064,0.1195
CT007980,Zone_08,Zone_05,0.1365,0.0685,0.1066,0.0857,0.123,0.1365,0.0949,0.1249,0.0843,0.0561,0.1194
CT019464,Zone_02,Zone_09,0.1308,0.0646,0.1147,0.1149,0.1291,0.0594,0.1162,0.1074,0.1001,0.1308,0.0629
CT014924,Zone_04,Zone_06,0.118,0.0753,0.1068,0.1109,0.0874,0.0807,0.118,0.1154,0.0978,0.1147,0.0931
CT013356,Zone_07,Zone_09,0.1365,0.1052,0.0956,0.0961,0.1304,0.0594,0.0643,0.131,0.0822,0.1365,0.0994
CT018388,Zone_04,Zone_01,0.1158,0.1158,0.1106,0.1024,0.1009,0.1097,0.0821,0.0918,0.0934,0.1059,0.0873
CT018198,Zone_02,Zone_03,0.126,0.101,0.1072,0.126,0.086,0.0674,0.0992,0.1103,0.1144,0.0707,0.1177
CT018395,Zone_04,Zone_02,0.1246,0.1033,0.1246,0.0942,0.0857,0.0976,0.0794,0.1177,0.086,0.0986,0.1129
CT006788,Zone_07,Zone_09,0.213,0.0919,0.1031,0.0745,0.0978,0.0712,0.0933,0.0881,0.0833,0.213,0.0839
CT019905,Zone_07,Zone_09,0.2974,0.0574,0.0756,0.0664,0.0674,0.0931,0.1367,0.0625,0.0741,0.2974,0.0695
CT014401,Zone_03,Zone_05,0.1458,0.0971,0.0919,0.0931,0.0854,0.1458,0.1024,0.0979,0.0921,0.0863,0.108
CT001327,Zone_05,Zone_02,0.1132,0.1131,0.1132,0.1027,0.0853,0.104,0.0948,0.0925,0.1098,0.0722,0.1124
CT006470,Zone_07,Zone_10,0.1232,0.1159,0.0784,0.1163,0.0865,0.1086,0.1008,0.0817,0.1225,0.0659,0.1232
CT014785,Zone_03,Zone_05,0.1261,0.1208,0.0801,0.0933,0.1061,0.1261,0.0754,0.1107,0.0982,0.0835,0.1058
CT012908,Zone_08,Zone_10,0.1323,0.0886,0.1244,0.0856,0.0747,0.092,0.1089,0.094,0.1073,0.0923,0.1323
CT007713,Zone_08,Zone_07,0.1259,0.0967,0.1212,0.0976,0.0891,0.0807,0.0914,0.1259,0.0787,0.1143,0.1045
CT015216,Zone_08,Zone_09,0.1433,0.1104,0.0618,0.0944,0.0971,0.0844,0.1227,0.1,0.097,0.1433,0.0889
CT009329,Zone_02,Zone_06,0.1258,0.0855,0.0891,0.0982,0.0789,0.1227,0.1258,0.0848,0.105,0.1065,0.1036
CT007402,Zone_04,Zone_01,0.1354,0.1354,0.0859,0.1005,0.109,0.1114,0.0853,0.0977,0.1073,0.0911,0.0764
CT008044,Zone_08,Zone_10,0.1198,0.1057,0.1106,0.0785,0.093,0.1073,0.0747,0.0973,0.1047,0.1083,0.1198
CT004985,Zone_04,Zone_03,0.1408,0.0965,0.0581,0.1408,0.1339,0.0615,0.0983,0.1392,0.1119,0.0739,0.0859
CT003653,Zone_04,Zone_06,0.1227,0.1166,0.0957,0.1065,0.1036,0.1159,0.1227,0.1089,0.07,0.0681,0.0919
CT011770,Zone_01,Zone_09,0.1505,0.085,0.1245,0.1121,0.1018,0.0733,0.0909,0.1027,0.079,0.1505,0.0803
CT014639,Zone_04,Zone_07,0.1668,0.1025,0.0956,0.1023,0.1367,0.0545,0.0755,0.1668,0.1036,0.0739,0.0886
CT017343,Zone_01,Zone_07,0.1342,0.0813,0.1246,0.1137,0.1251,0.0686,0.0988,0.1342,0.0936,0.0876,0.0726
CT014870,Zone_04,Zone_10,0.1306,0.1021,0.0954,0.0729,0.0964,0.0972,0.1141,0.0844,0.0883,0.1188,0.1306
CT004622,Zone_10,Zone_09,0.1399,0.0865,0.0655,0.0988,0.0861,0.112,0.1212,0.0801,0.091,0.1399,0.1188
CT012448,Zone_08,Zone_01,0.1398,0.1398,0.0909,0.1039,0.1009,0.1055,0.1015,0.0958,0.1211,0.0648,0.0759
CT017939,Zone_05,Zone_03,0.151,0.0776,0.0998,0.151,0.098,0.0863,0.0818,0.1117,0.0781,0.1235,0.0924
CT005115,Zone_03,Zone_10,0.1262,0.1034,0.0986,0.0788,0.0907,0.097,0.1201,0.0936,0.0919,0.0998,0.1262
CT011065,Zone_01,Zone_06,0.1328,0.0932,0.1038,0.0893,0.0902,0.1259,0.1328,0.0709,0.1238,0.0852,0.085
CT019403,Zone_07,Zone_05,0.1239,0.1213,0.0983,0.0819,0.1046,0.1239,0.0803,0.1184,0.0806,0.0804,0.1103
CT006395,Zone_08,Zone_02,0.148,0.0627,0.148,0.0841,0.1295,0.0733,0.1418,0.0681,0.1112,0.1136,0.0676
CT003543,Zone_07,Zone_09,0.1517,0.108,0.1187,0.0997,0.0821,0.1003,0.0832,0.0806,0.0812,0.1517,0.0946
CT008129,Zone_07,Zone_06,0.1313,0.1149,0.0587,0.0904,0.0945,0.1265,0.1313,0.0774,0.0922,0.0937,0.1203
CT009201,Zone_03,Zone_03,0.1294,0.0851,0.1157,0.1294,0.0964,0.0757,0.1203,0.0942,0.1062,0.0897,0.0872
CT019476,Zone_07,Zone_02,0.1437,0.1313,0.1437,0.1012,0.096,0.0824,0.11,0.0973,0.1133,0.0393,0.0854
CT007403,Zone_04,Zone_02,0.1313,0.0633,0.1313,0.1127,0.1111,0.0923,0.1272,0.099,0.1184,0.0482,0.0964
CT008439,Zone_10,Zone_04,0.1266,0.0774,0.091,0.1083,0.1266,0.056,0.1179,0.1109,0.1135,0.1113,0.0871
CT014041,Zone_08,Zone_07,0.1179,0.1154,0.104,0.1015,0.1082,0.0817,0.099,0.1179,0.0911,0.0789,0.1023
CT010184,Zone_02,Zone_03,0.1437,0.1263,0.1368,0.1437,0.1033,0.1133,0.0241,0.0874,0.0809,0.0687,0.1156
CT015178,Zone_02,Zone_08,0.1579,0.082,0.0856,0.0969,0.1316,0.1105,0.1181,0.085,0.1579,0.0355,0.0969
CT011397,Zone_07,Zone_10,0.1353,0.1082,0.1266,0.0868,0.0916,0.1197,0.0557,0.1111,0.0894,0.0756,0.1353
CT007431,Zone_07,Zone_07,0.1405,0.1014,0.0931,0.1115,0.1173,0.0946,0.0787,0.1405,0.094,0.0595,0.1094
CT011211,Zone_08,Zone_04,0.1323,0.0898,0.0911,0.1002,0.1323,0.0841,0.091,0.1253,0.1008,0.0905,0.095
CT017611,Zone_02,Zone_01,0.1345,0.1345,0.0651,0.1084,0.1164,0.0997,0.086,0.0948,0.1002,0.1086,0.0865
CT001338,Zone_08,Zone_09,0.1378,0.0932,0.0803,0.1059,0.0798,0.0691,0.1185,0.0948,0.1096,0.1378,0.1109
CT012342,Zone_10,Zone_01,0.1252,0.1252,0.098,0.0911,0.1125,0.0907,0.0752,0.1015,0.0898,0.1119,0.104
CT014820,Zone_04,Zone_08,0.1491,0.1243,0.0867,0.0956,0.103,0.1003,0.1225,0.0785,0.1491,0.0488,0.0912
CT008215,Zone_04,Zone_02,0.1372,0.1236,0.1372,0.0815,0.0847,0.1234,0.0787,0.0849,0.1113,0.0701,0.1047
CT007786,Zone_10,Zone_02,0.1434,0.0877,0.1434,0.0662,0.1292,0.0974,0.1028,0.1061,0.1029,0.0481,0.1164
CT008881,Zone_08,Zone_07,0.1252,0.0999,0.0984,0.1068,0.1074,0.064,0.1017,0.1252,0.082,0.1216,0.093
CT005319,Zone_08,Zone_05,0.152,0.0874,0.0954,0.0776,0.1163,0.152,0.0925,0.1225,0.088,0.0498,0.1185
CT010195,Zone_02,Zone_07,0.1192,0.0965,0.0949,0.1008,0.0865,0.0772,0.1153,0.1192,0.0842,0.1159,0.1093
CT018923,Zone_06,Zone_06,0.1315,0.0781,0.1128,0.0969,0.1115,0.1128,0.1315,0.1192,0.0851,0.0558,0.0964
CT014414,Zone_07,Zone_09,0.1436,0.0984,0.1081,0.0808,0.0814,0.1126,0.0983,0.1197,0.071,0.1436,0.0861
CT015525,Zone_08,Zone_09,0.1512,0.1045,0.1091,0.081,0.0794,0.1015,0.0923,0.0741,0.1064,0.1512,0.1005
CT007669,Zone_08,Zone_05,0.1307,0.1144,0.0813,0.1168,0.0982,0.1307,0.0778,0.0912,0.1101,0.061,0.1186
CT019288,Zone_08,Zone_04,0.1433,0.0938,0.0937,0.0839,0.1433,0.0987,0.0745,0.1009,0.121,0.0681,0.1222
CT013639,Zone_07,Zone_09,0.1191,0.1017,0.0793,0.1028,0.102,0.1031,0.1167,0.0914,0.089,0.1191,0.0949
CT010859,Zone_07,Zone_03,0.1426,0.0789,0.1128,0.1426,0.1084,0.0828,0.0969,0.1164,0.092,0.08,0.089
CT017423,Zone_04,Zone_02,0.1292,0.1043,0.1292,0.0798,0.091,0.0861,0.1097,0.1114,0.0834,0.0792,0.1258
CT007202,Zone_04,Zone_09,0.1912,0.0818,0.0972,0.137,0.1005,0.0684,0.084,0.0819,0.0885,0.1912,0.0696
CT010517,Zone_02,Zone_02,0.1253,0.11,0.1253,0.1099,0.0831,0.095,0.0863,0.1064,0.0917,0.1019,0.0904
CT010835,Zone_04,Zone_09,0.1543,0.0928,0.0997,0.0756,0.0778,0.1414,0.0739,0.076,0.1096,0.1543,0.0988
CT014592,Zone_10,Zone_06,0.1463,0.0634,0.0781,0.0962,0.1078,0.097,0.1463,0.0898,0.087,0.1448,0.0896
CT000709,Zone_08,Zone_04,0.139,0.0717,0.0828,0.1182,0.139,0.1275,0.0898,0.1111,0.0984,0.0842,0.0774
CT014021,Zone_07,Zone_09,0.1241,0.1057,0.0799,0.0922,0.111,0.1138,0.0721,0.092,0.099,0.1241,0.1103
CT002030,Zone_08,Zone_03,0.1274,0.1044,0.0969,0.1274,0.1126,0.0691,0.1079,0.0848,0.1164,0.0891,0.0913
CT009347,Zone_05,Zone_06,0.1611,0.0811,0.0949,0.1048,0.0902,0.0878,0.1611,0.0734,0.1373,0.0777,0.0918
CT007595,Zone_08,Zone_06,0.1248,0.0819,0.0835,0.0912,0.1237,0.1022,0.1248,0.0927,0.1079,0.1012,0.0909
CT018707,Zone_07,Zone_05,0.1241,0.1,0.1104,0.0879,0.095,0.1241,0.095,0.1044,0.083,0.1042,0.096
CT014800,Zone_08,Zone_08,0.1275,0.0951,0.0953,0.1165,0.1088,0.0945,0.1119,0.0918,0.1275,0.0873,0.0713
CT002394,Zone_02,Zone_07,0.1419,0.1191,0.1292,0.0933,0.0909,0.0795,0.0611,0.1419,0.0742,0.1058,0.105
CT016550,Zone_08,Zone_05,0.1274,0.1197,0.0854,0.1011,0.0834,0.1274,0.1096,0.0776,0.1219,0.0622,0.1117
CT019566,Zone_07,Zone_09,0.1642,0.0793,0.1048,0.0983,0.0996,0.0925,0.105,0.0807,0.0947,0.1642,0.0808
CT009444,Zone_04,Zone_09,0.1409,0.0853,0.088,0.0968,0.0731,0.1096,0.1284,0.0802,0.108,0.1409,0.0896
CT011697,Zone_08,Zone_05,0.124,0.1126,0.0806,0.0871,0.1047,0.124,0.0973,0.0823,0.1134,0.1149,0.0831
CT005582,Zone_05,Zone_09,0.1258,0.1049,0.0969,0.1164,0.0843,0.0876,0.0658,0.1138,0.0896,0.1258,0.1149
CT015436,Zone_05,Zone_03,0.1475,0.082,0.1057,0.1475,0.0839,0.1054,0.0725,0.1062,0.0998,0.0852,0.1118
CT017753,Zone_10,Zone_06,0.1598,0.081,0.1106,0.1078,0.1076,0.0972,0.1598,0.104,0.0613,0.1002,0.0707
CT016697,Zone_01,Zone_01,0.1212,0.1212,0.0613,0.1032,0.1094,0.1019,0.0928,0.1143,0.103,0.1057,0.0872
CT007268,Zone_08,Zone_06,0.1449,0.1004,0.0854,0.0937,0.0838,0.1271,0.1449,0.0676,0.0978,0.1043,0.095
CT018663,Zone_07,Zone_01,0.1217,0.1217,0.075,0.1132,0.0869,0.1192,0.104,0.0968,0.1116,0.0688,0.1028
CT007168,Zone_01,Zone_05,0.1295,0.0936,0.087,0.0967,0.0964,0.1295,0.1177,0.1163,0.0787,0.1008,0.0834
CT000881,Zone_08,Zone_03,0.1243,0.1168,0.0848,0.1243,0.1161,0.0707,0.1153,0.089,0.1081,0.0813,0.0937
CT003613,Zone_08,Zone_06,0.164,0.0689,0.112,0.1206,0.0937,0.0972,0.164,0.1057,0.0785,0.0836,0.076
CT010999,Zone_07,Zone_10,0.1342,0.1265,0.1107,0.097,0.0918,0.0972,0.0617,0.0955,0.1007,0.0847,0.1342
CT007409,Zone_07,Zone_05,0.1146,0.1101,0.0992,0.0996,0.0876,0.1146,0.1026,0.1008,0.0914,0.0907,0.1033
CT011922,Zone_07,Zone_10,0.1232,0.0909,0.0972,0.1206,0.1077,0.0818,0.1087,0.1075,0.0825,0.0798,0.1232
CT006259,Zone_08,Zone_04,0.1414,0.081,0.0854,0.1355,0.1414,0.0722,0.0822,0.1275,0.111,0.0977,0.066
CT000644,Zone_04,Zone_01,0.1355,0.1355,0.0856,0.0964,0.1167,0.1082,0.0759,0.0877,0.1293,0.0749,0.0898
CT004803,Zone_02,Zone_02,0.1301,0.0946,0.1301,0.0683,0.1132,0.111,0.1099,0.0864,0.1219,0.0512,0.1134
CT016945,Zone_10,Zone_08,0.1299,0.1023,0.1016,0.1098,0.0846,0.0953,0.1081,0.09,0.1299,0.0734,0.1049
CT019530,Zone_08,Zone_05,0.1447,0.1226,0.1062,0.0759,0.0918,0.1447,0.1155,0.0751,0.0874,0.0732,0.1076
CT015295,Zone_06,Zone_07,0.1521,0.0986,0.0756,0.1164,0.1414,0.0482,0.0868,0.1521,0.1094,0.0963,0.0753
CT014040,Zone_04,Zone_01,0.1272,0.1272,0.0855,0.1031,0.1062,0.1123,0.057,0.0929,0.1243,0.0896,0.102
CT007714,Zone_04,Zone_06,0.1134,0.1017,0.1027,0.093,0.0848,0.1068,0.1134,0.1119,0.0806,0.1111,0.0941
CT016075,Zone_07,Zone_02,0.1276,0.0869,0.1276,0.0943,0.0942,0.1104,0.0928,0.1128,0.0778,0.0912,0.112
CT007307,Zone_02,Zone_08,0.1199,0.1197,0.1015,0.1065,0.1136,0.0748,0.0875,0.1038,0.1199,0.0928,0.0799
CT015205,Zone_01,Zone_09,0.1273,0.1126,0.095,0.0898,0.09,0.0863,0.0913,0.102,0.0972,0.1273,0.1086
CT010169,Zone_06,Zone_04,0.1359,0.0931,0.0697,0.0948,0.1359,0.1064,0.1262,0.0918,0.1192,0.0536,0.1092
CT018937,Zone_03,Zone_01,0.1265,0.1265,0.0966,0.0945,0.106,0.0795,0.0926,0.1025,0.1134,0.0913,0.097
CT000480,Zone_08,Zone_05,0.1389,0.0883,0.1107,0.0849,0.12,0.1389,0.0828,0.1028,0.1155,0.0399,0.1161
CT002533,Zone_08,Zone_08,0.1264,0.1061,0.0874,0.0844,0.1242,0.1046,0.1218,0.0785,0.1264,0.0404,0.1261
CT000753,Zone_04,Zone_09,0.1335,0.1092,0.0746,0.0866,0.0928,0.1092,0.1113,0.0897,0.1001,0.1335,0.093
CT016711,Zone_03,Zone_03,0.1369,0.1147,0.076,0.1369,0.0873,0.1036,0.0765,0.1043,0.0996,0.0822,0.1189
CT012337,Zone_03,Zone_02,0.1414,0.0727,0.1414,0.1257,0.082,0.0945,0.1102,0.0876,0.091,0.1075,0.0874
CT008306,Zone_03,Zone_06,0.1492,0.08,0.1021,0.085,0.076,0.1071,0.1492,0.0586,0.1158,0.1232,0.1031
CT005387,Zone_03,Zone_10,0.1428,0.1274,0.0809,0.1186,0.0983,0.0863,0.0874,0.0944,0.0988,0.0652,0.1428
CT007328,Zone_08,Zone_05,0.1541,0.0868,0.1175,0.0871,0.0843,0.1541,0.0831,0.0775,0.1007,0.0932,0.1156
CT012255,Zone_02,Zone_06,0.1583,0.0628,0.1075,0.0907,0.125,0.0752,0.1583,0.0885,0.117,0.0587,0.1163
CT003132,Zone_06,Zone_04,0.1242,0.0989,0.1227,0.0876,0.1242,0.0877,0.091,0.0992,0.1186,0.0485,0.1216
CT000947,Zone_08,Zone_08,0.1423,0.1145,0.102,0.1202,0.0827,0.0876,0.1277,0.0841,0.1423,0.046,0.0929
CT001520,Zone_01,Zone_09,0.1272,0.103,0.103,0.0859,0.0925,0.1031,0.1087,0.103,0.0777,0.1272,0.0959
CT015335,Zone_04,Zone_02,0.1316,0.1015,0.1316,0.1103,0.0973,0.0854,0.0942,0.1016,0.1014,0.0798,0.0969
CT005859,Zone_07,Zone_05,0.1244,0.1048,0.1142,0.0845,0.0879,0.1244,0.1148,0.1,0.0764,0.0919,0.1011
CT012647,Zone_03,Zone_09,0.1634,0.0918,0.0724,0.1187,0.0947,0.0728,0.1181,0.0912,0.0946,0.1634,0.0821
CT006993,Zone_06,Zone_05,0.1381,0.0988,0.0948,0.1035,0.0911,0.1381,0.0791,0.0907,0.1089,0.0749,0.1202
CT002331,Zone_08,Zone_02,0.1475,0.0895,0.1475,0.0759,0.1165,0.0786,0.1141,0.1016,0.1096,0.0525,0.1143
CT005246,Zone_08,Zone_09,0.1649,0.1252,0.0924,0.1026,0.0969,0.088,0.0498,0.0901,0.11,0.1649,0.08
CT008312,Zone_04,Zone_04,0.1283,0.0907,0.1226,0.0769,0.1283,0.1048,0.0989,0.0798,0.1241,0.0521,0.1218
CT015726,Zone_04,Zone_07,0.1284,0.1248,0.0982,0.0991,0.0974,0.0952,0.0759,0.1284,0.0901,0.0757,0.1151
CT004431,Zone_04,Zone_08,0.145,0.1333,0.112,0.0976,0.0939,0.0775,0.105,0.0934,0.145,0.0457,0.0966
CT012876,Zone_05,Zone_10,0.1236,0.108,0.0917,0.1062,0.1013,0.1096,0.0805,0.0981,0.0964,0.0846,0.1236
CT011871,Zone_02,Zone_01,0.1255,0.1255,0.1032,0.1039,0.1106,0.0845,0.0973,0.1,0.1054,0.0749,0.0946
CT002207,Zone_07,Zone_09,0.1737,0.0757,0.0899,0.0984,0.0875,0.0813,0.1098,0.0927,0.0908,0.1737,0.1001
CT009552,Zone_03,Zone_09,0.1175,0.117,0.0961,0.0939,0.0924,0.0848,0.0869,0.1053,0.0959,0.1175,0.1102
CT001371,Zone_03,Zone_03,0.124,0.1162,0.0953,0.124,0.1075,0.0975,0.1171,0.1036,0.1153,0.0512,0.0722
CT005652,Zone_08,Zone_09,0.1629,0.1166,0.11,0.0855,0.0804,0.0879,0.0676,0.0849,0.102,0.1629,0.1022
CT011317,Zone_04,Zone_09,0.1185,0.1011,0.108,0.1001,0.0937,0.1048,0.1019,0.0721,0.1059,0.1185,0.094
CT006018,Zone_07,Zone_07,0.1281,0.0845,0.1155,0.0908,0.1024,0.0933,0.0751,0.1281,0.079,0.1158,0.1155
CT018231,Zone_02,Zone_06,0.1201,0.0867,0.0912,0.1146,0.0968,0.1113,0.1201,0.1036,0.0915,0.0971,0.0871
CT013022,Zone_08,Zone_09,0.171,0.1127,0.1105,0.0695,0.0848,0.1,0.0759,0.098,0.0792,0.171,0.0984
CT007135,Zone_04,Zone_05,0.141,0.0961,0.0952,0.0869,0.0967,0.141,0.0827,0.0779,0.107,0.0891,0.1274
CT007067,Zone_08,Zone_09,0.1383,0.0708,0.1183,0.1084,0.0711,0.0917,0.1122,0.0825,0.1145,0.1383,0.0922
CT005790,Zone_08,Zone_09,0.1487,0.0922,0.0758,0.1092,0.093,0.0854,0.1014,0.0807,0.1083,0.1487,0.1054
CT013850,Zone_04,Zone_05,0.1655,0.0809,0.08,0.0797,0.085,0.1655,0.1135,0.0853,0.0936,0.0868,0.1298
CT018493,Zone_02,Zone_09,0.1532,0.097,0.1256,0.0728,0.0809,0.1017,0.0818,0.0931,0.0942,0.1532,0.0997
CT009400,Zone_07,Zone_05,0.1169,0.0862,0.1042,0.1096,0.1105,0.1169,0.1139,0.0868,0.0816,0.088,0.1022
CT015890,Zone_03,Zone_10,0.1251,0.113,0.1197,0.0905,0.0954,0.0914,0.0786,0.1069,0.0842,0.0953,0.1251
CT017302,Zone_05,Zone_01,0.1359,0.1359,0.0813,0.1187,0.1037,0.0995,0.0966,0.1043,0.1129,0.0507,0.0965
CT001344,Zone_07,Zone_08,0.1386,0.1156,0.0838,0.1166,0.1067,0.0804,0.0703,0.1088,0.1386,0.0895,0.0897
CT006939,Zone_02,Zone_10,0.1242,0.1203,0.1053,0.1001,0.092,0.11,0.0766,0.085,0.1,0.0865,0.1242
CT015990,Zone_08,Zone_09,0.1377,0.104,0.0996,0.0849,0.0847,0.0864,0.1203,0.0888,0.0964,0.1377,0.097
CT018258,Zone_08,Zone_10,0.1218,0.1155,0.0631,0.1204,0.0899,0.1098,0.1089,0.0806,0.1158,0.074,0.1218
CT019804,Zone_08,Zone_02,0.134,0.1165,0.134,0.0838,0.0896,0.0965,0.1159,0.0892,0.087,0.0897,0.0979
CT000387,Zone_07,Zone_07,0.1412,0.0712,0.0978,0.1373,0.1148,0.0649,0.0836,0.1412,0.0977,0.1036,0.0881
CT018693,Zone_08,Zone_09,0.1574,0.103,0.1115,0.084,0.0972,0.0863,0.0929,0.0904,0.0847,0.1574,0.0927
CT014965,Zone_08,Zone_02,0.1526,0.0657,0.1526,0.0943,0.1376,0.1029,0.1224,0.1139,0.0817,0.03,0.099
CT010489,Zone_09,Zone_03,0.1227,0.1137,0.0654,0.1227,0.1062,0.0921,0.0863,0.1007,0.1204,0.0797,0.113
CT017592,Zone_08,Zone_09,0.1742,0.0985,0.0898,0.0782,0.086,0.0919,0.1101,0.0771,0.091,0.1742,0.1031
CT016457,Zone_08,Zone_08,0.1238,0.1108,0.0919,0.1146,0.1026,0.1034,0.1154,0.0863,0.1238,0.074,0.0773
CT003468,Zone_04,Zone_06,0.1536,0.1043,0.0914,0.0844,0.0857,0.0871,0.1536,0.1003,0.1008,0.1079,0.0847
CT008416,Zone_07,Zone_09,0.1274,0.103,0.0907,0.109,0.1219,0.1033,0.0706,0.0994,0.0987,0.1274,0.0759
CT013587,Zone_08,Zone_04,0.1386,0.0905,0.055,0.0824,0.1386,0.1053,0.0976,0.1031,0.1045,0.127,0.0961
CT009199,Zone_04,Zone_03,0.1452,0.0695,0.114,0.1452,0.0892,0.1152,0.0798,0.0872,0.1113,0.0803,0.1084
CT017336,Zone_07,Zone_02,0.1566,0.086,0.1566,0.0725,0.0764,0.0825,0.1213,0.1016,0.0702,0.1392,0.0937
CT018529,Zone_08,Zone_07,0.1346,0.1086,0.1071,0.1047,0.0982,0.0784,0.0666,0.1346,0.081,0.0946,0.1262
CT015770,Zone_07,Zone_04,0.1293,0.111,0.1015,0.1001,0.1293,0.0926,0.0844,0.1165,0.0785,0.1014,0.0846
CT003203,Zone_06,Zone_02,0.1325,0.092,0.1325,0.0991,0.0907,0.0941,0.0952,0.1011,0.0855,0.1269,0.0827
CT011296,Zone_07,Zone_08,0.1235,0.0779,0.0921,0.12,0.0972,0.1092,0.1149,0.0974,0.1235,0.0869,0.0808
CT012456,Zone_07,Zone_06,0.1339,0.1033,0.0982,0.0926,0.0928,0.0825,0.1339,0.1062,0.1188,0.0645,0.1072
CT012888,Zone_04,Zone_03,0.1513,0.0986,0.072,0.1513,0.1008,0.062,0.1174,0.0979,0.1159,0.0938,0.0905
CT011432,Zone_02,Zone_06,0.1339,0.1005,0.1192,0.0846,0.0909,0.1129,0.1339,0.0844,0.1006,0.0784,0.0946
CT014173,Zone_08,Zone_09,0.1318,0.0895,0.1155,0.1141,0.0917,0.0963,0.1225,0.0824,0.0874,0.1318,0.0688
CT003044,Zone_08,Zone_09,0.1289,0.0815,0.0995,0.1072,0.1023,0.1085,0.098,0.1049,0.0783,0.1289,0.091
CT019352,Zone_02,Zone_05,0.1174,0.1146,0.0834,0.0925,0.0985,0.1174,0.1076,0.0889,0.117,0.1076,0.0726
CT003229,Zone_08,Zone_02,0.1283,0.0756,0.1283,0.0925,0.1203,0.0961,0.1163,0.123,0.0855,0.0739,0.0886
CT012279,Zone_07,Zone_06,0.1453,0.082,0.1258,0.1064,0.0915,0.1025,0.1453,0.086,0.0974,0.0942,0.0689
CT005706,Zone_08,Zone_04,0.1401,0.0781,0.1066,0.1314,0.1401,0.0443,0.0888,0.1155,0.104,0.1294,0.0619
CT015519,Zone_01,Zone_07,0.1348,0.0885,0.0838,0.1202,0.107,0.0749,0.0874,0.1348,0.1115,0.0904,0.1014
CT010323,Zone_01,Zone_09,0.127,0.0973,0.106,0.0967,0.0971,0.109,0.0978,0.0801,0.1049,0.127,0.0841
CT004655,Zone_08,Zone_06,0.124,0.0845,0.0922,0.1056,0.0804,0.1119,0.124,0.1025,0.09,0.1106,0.0982
CT002179,Zone_04,Zone_06,0.1381,0.1182,0.0825,0.0931,0.0934,0.1122,0.1381,0.0798,0.1049,0.0682,0.1095
CT008050,Zone_08,Zone_04,0.1253,0.0913,0.0775,0.085,0.1253,0.0811,0.1142,0.115,0.0885,0.106,0.1163
CT013269,Zone_08,Zone_02,0.1383,0.1154,0.1383,0.0995,0.0819,0.0706,0.075,0.1038,0.0942,0.1261,0.0953
CT004533,Zone_08,Zone_08,0.1241,0.1112,0.0975,0.105,0.1075,0.0782,0.0933,0.1,0.1241,0.1048,0.0784
CT008148,Zone_01,Zone_08,0.1406,0.129,0.1184,0.0944,0.0963,0.0849,0.1016,0.0817,0.1406,0.0588,0.0943
CT002676,Zone_07,Zone_05,0.1315,0.0982,0.0777,0.0672,0.0927,0.1315,0.1254,0.0932,0.0845,0.1213,0.1083
CT016876,Zone_02,Zone_10,0.132,0.0896,0.089,0.1075,0.0952,0.1057,0.1305,0.1024,0.0999,0.0483,0.132
CT005211,Zone_08,Zone_09,0.1803,0.1168,0.0926,0.0843,0.1012,0.0993,0.0592,0.1044,0.0875,0.1803,0.0746
CT013018,Zone_08,Zone_04,0.1482,0.1168,0.1017,0.0795,0.1482,0.0995,0.0796,0.1012,0.1167,0.0411,0.1156
CT006779,Zone_04,Zone_02,0.1569,0.0949,0.1569,0.0849,0.0803,0.0987,0.1,0.0966,0.0786,0.104,0.1051
CT007996,Zone_04,Zone_09,0.1244,0.0864,0.1009,0.1154,0.0725,0.1015,0.0808,0.089,0.1071,0.1244,0.1221
CT008390,Zone_07,Zone_06,0.139,0.0566,0.1142,0.1027,0.0789,0.1343,0.139,0.087,0.0845,0.1017,0.1012
CT019719,Zone_10,Zone_05,0.1268,0.0886,0.0869,0.1008,0.1048,0.1268,0.0928,0.1111,0.0977,0.0754,0.1151
CT008764,Zone_07,Zone_09,0.153,0.0835,0.0748,0.0891,0.0749,0.0982,0.1485,0.1042,0.0817,0.153,0.092
CT011734,Zone_03,Zone_10,0.1162,0.0821,0.075,0.1161,0.094,0.1064,0.1123,0.0973,0.1126,0.0881,0.1162
CT010988,Zone_09,Zone_01,0.1608,0.1608,0.1209,0.1436,0.1179,0.1112,0.0242,0.0831,0.0861,0.0392,0.113
CT007674,Zone_08,Zone_08,0.1361,0.1027,0.098,0.0825,0.1239,0.1198,0.1105,0.0761,0.1361,0.0296,0.1208
CT012039,Zone_07,Zone_02,0.1322,0.0776,0.1322,0.0876,0.1063,0.0987,0.118,0.0833,0.1161,0.0688,0.1113
CT007973,Zone_07,Zone_07,0.1186,0.0797,0.0816,0.1092,0.1132,0.117,0.0836,0.1186,0.1059,0.0726,0.1185
CT008954,Zone_10,Zone_10,0.1235,0.1063,0.097,0.0972,0.0984,0.0966,0.0963,0.0947,0.0905,0.0994,0.1235
CT018045,Zone_06,Zone_09,0.1308,0.0904,0.0902,0.1127,0.1023,0.1134,0.0976,0.0925,0.102,0.1308,0.0679
CT008999,Zone_10,Zone_09,0.1592,0.0843,0.0846,0.1004,0.0849,0.0557,0.149,0.0867,0.1158,0.1592,0.0794
CT007529,Zone_05,Zone_05,0.1561,0.0693,0.0757,0.0774,0.0714,0.1561,0.1392,0.0749,0.103,0.1241,0.1088
CT006592,Zone_08,Zone_09,0.1748,0.0998,0.072,0.0869,0.0816,0.0801,0.1226,0.0891,0.0894,0.1748,0.1037
CT001110,Zone_01,Zone_10,0.123,0.0965,0.0921,0.0824,0.084,0.1114,0.1122,0.0884,0.0936,0.1164,0.123
CT002518,Zone_01,Zone_06,0.1313,0.1074,0.1225,0.1122,0.089,0.0805,0.1313,0.0928,0.1025,0.0721,0.0897
CT011030,Zone_10,Zone_06,0.1546,0.0864,0.0699,0.1208,0.0779,0.0791,0.1546,0.0877,0.1291,0.0951,0.0994
CT016858,Zone_07,Zone_02,0.1428,0.0963,0.1428,0.087,0.1243,0.0722,0.0846,0.1206,0.1093,0.0376,0.1252
CT013464,Zone_04,Zone_05,0.1266,0.1229,0.0742,0.1143,0.1095,0.1266,0.0685,0.1133,0.1099,0.0707,0.0902
CT015463,Zone_07,Zone_06,0.1385,0.1007,0.1018,0.0951,0.0944,0.1059,0.1385,0.0827,0.0946,0.1041,0.0822
CT013854,Zone_05,Zone_05,0.1188,0.0949,0.1055,0.1123,0.1142,0.1188,0.0961,0.0864,0.0791,0.0984,0.0943
CT010043,Zone_08,Zone_09,0.1344,0.0924,0.07,0.1087,0.0791,0.0978,0.1275,0.088,0.0981,0.1344,0.104
CT018992,Zone_07,Zone_01,0.1274,0.1274,0.0699,0.1056,0.109,0.1154,0.0676,0.1158,0.0907,0.0781,0.1205
