complaint_id,actual_zone,predicted_zone,prediction_confidence,prob_zone_01,prob_zone_02,prob_zone_03,prob_zone_04,prob_zone_05,prob_zone_06,prob_zone_07,prob_zone_08,prob_zone_09,prob_zone_10
CT012660,Zone_01,Zone_01,0.9985,0.9985,0.0006,0.0005,0.0003,0.0,0.0,0.0,0.0,0.0,0.0
CT009088,Zone_07,Zone_07,0.9949,0.0,0.0,0.0,0.0002,0.0001,0.0001,0.9949,0.0044,0.0002,0.0
CT008281,Zone_08,Zone_08,0.9983,0.0,0.0,0.0,0.0002,0.0004,0.0,0.0007,0.9983,0.0002,0.0001
CT006500,Zone_07,Zone_08,0.7861,0.0,0.0001,0.0001,0.0003,0.0002,0.0001,0.2127,0.7861,0.0002,0.0001
CT010858,Zone_08,Zone_08,0.6282,0.0,0.0001,0.0002,0.0005,0.0004,0.0006,0.3694,0.6282,0.0004,0.0002
CT000998,Zone_02,Zone_02,0.9984,0.0005,0.9984,0.0005,0.0005,0.0001,0.0,0.0,0.0,0.0,0.0
CT003768,Zone_04,Zone_04,0.9972,0.0001,0.0003,0.0003,0.9972,0.0009,0.0004,0.0005,0.0003,0.0001,0.0
CT016589,Zone_07,Zone_07,0.9521,0.0,0.0001,0.0002,0.001,0.0007,0.0035,0.9521,0.0414,0.0008,0.0003
CT001388,Zone_04,Zone_04,0.9983,0.0001,0.0003,0.0003,0.9983,0.0003,0.0001,0.0004,0.0002,0.0001,0.0
CT001708,Zone_08,Zone_08,0.9916,0.0,0.0001,0.0002,0.0009,0.0015,0.0021,0.0028,0.9916,0.0004,0.0003
CT008921,Zone_08,Zone_08,0.9983,0.0,0.0,0.0,0.0002,0.0004,0.0,0.0007,0.9983,0.0002,0.0001
CT009823,Zone_07,Zone_07,0.5891,0.0,0.0,0.0001,0.0008,0.0015,0.0002,0.5891,0.4076,0.0005,0.0002
CT013332,Zone_08,Zone_08,0.9988,0.0,0.0,0.0,0.0001,0.0003,0.0,0.0006,0.9988,0.0001,0.0
CT009553,Zone_08,Zone_08,0.6793,0.0,0.0001,0.0002,0.0004,0.0003,0.0001,0.319,0.6793,0.0004,0.0002
CT013426,Zone_04,Zone_04,0.9967,0.0002,0.0004,0.0004,0.9967,0.0009,0.0002,0.0006,0.0005,0.0001,0.0
CT000407,Zone_04,Zone_04,0.9981,0.0002,0.0003,0.0004,0.9981,0.0003,0.0001,0.0004,0.0001,0.0,0.0
CT006247,Zone_10,Zone_10,0.999,0.0,0.0,0.0,0.0,0.0,0.0,0.0001,0.0002,0.0007,0.999
CT012062,Zone_07,Zone_08,0.7927,0.0,0.0,0.0001,0.0002,0.0002,0.0001,0.2063,0.7927,0.0003,0.0001
CT002655,Zone_08,Zone_08,0.9987,0.0,0.0,0.0,0.0002,0.0003,0.0,0.0006,0.9987,0.0001,0.0001
CT002741,Zone_03,Zone_03,0.998,0.0007,0.0006,0.998,0.0005,0.0001,0.0,0.0,0.0,0.0,0.0001
CT004204,Zone_08,Zone_08,0.8757,0.0,0.0,0.0001,0.0003,0.0002,0.0001,0.1232,0.8757,0.0003,0.0001
CT016166,Zone_02,Zone_02,0.9984,0.0006,0.9984,0.0004,0.0005,0.0,0.0,0.0,0.0,0.0,0.0
CT003813,Zone_08,Zone_07,0.849,0.0,0.0,0.0001,0.0007,0.0009,0.0001,0.849,0.1487,0.0004,0.0001
CT018692,Zone_04,Zone_04,0.9969,0.0001,0.0002,0.0003,0.9969,0.0009,0.0001,0.0004,0.0009,0.0001,0.0
CT016709,Zone_07,Zone_08,0.535,0.0,0.0,0.0001,0.0003,0.0002,0.0001,0.464,0.535,0.0002,0.0001
CT007551,Zone_07,Zone_07,0.841,0.0,0.0,0.0001,0.0005,0.0004,0.1565,0.841,0.0009,0.0004,0.0001
CT005426,Zone_07,Zone_08,0.6137,0.0,0.0001,0.0002,0.0004,0.0004,0.0002,0.3845,0.6137,0.0004,0.0002
CT009810,Zone_07,Zone_07,0.9898,0.0,0.0,0.0001,0.0003,0.0003,0.0017,0.9898,0.0073,0.0004,0.0001
CT019461,Zone_03,Zone_03,0.9984,0.0004,0.0004,0.9984,0.0006,0.0001,0.0,0.0,0.0,0.0,0.0
CT011624,Zone_07,Zone_07,0.6634,0.0,0.0001,0.0003,0.0008,0.0005,0.0023,0.6634,0.3319,0.0005,0.0002
CT004310,Zone_07,Zone_08,0.8848,0.0,0.0,0.0001,0.0002,0.0002,0.0,0.1145,0.8848,0.0001,0.0001
CT003278,Zone_07,Zone_07,0.7849,0.0,0.0,0.0001,0.0008,0.0009,0.0002,0.7849,0.2126,0.0004,0.0002
CT013963,Zone_07,Zone_07,0.8913,0.0,0.0,0.0002,0.0007,0.0005,0.1057,0.8913,0.0011,0.0004,0.0001
CT008759,Zone_05,Zone_05,0.9979,0.0,0.0,0.0001,0.0005,0.9979,0.0,0.0004,0.0008,0.0001,0.0
CT001833,Zone_08,Zone_08,0.9948,0.0,0.0,0.0001,0.0006,0.0011,0.0003,0.0024,0.9948,0.0003,0.0002
CT006393,Zone_04,Zone_04,0.9964,0.0001,0.0002,0.0003,0.9964,0.0009,0.0,0.0012,0.0008,0.0001,0.0
CT008639,Zone_07,Zone_07,0.9347,0.0,0.0,0.0001,0.0006,0.0007,0.0004,0.9347,0.0629,0.0004,0.0001
CT009450,Zone_04,Zone_04,0.9952,0.0001,0.0003,0.0004,0.9952,0.0013,0.0,0.001,0.0015,0.0001,0.0
CT007172,Zone_07,Zone_07,0.8166,0.0,0.0,0.0001,0.0008,0.001,0.0002,0.8166,0.1805,0.0005,0.0002
CT007097,Zone_08,Zone_08,0.9983,0.0,0.0,0.0,0.0002,0.0004,0.0,0.0008,0.9983,0.0002,0.0001
CT016127,Zone_07,Zone_07,0.9597,0.0,0.0001,0.0002,0.0006,0.0005,0.0361,0.9597,0.002,0.0006,0.0002
CT000783,Zone_08,Zone_08,0.9899,0.0,0.0001,0.0002,0.0012,0.0018,0.002,0.0036,0.9899,0.0007,0.0005
CT009681,Zone_07,Zone_07,0.9075,0.0,0.0,0.0001,0.0006,0.0008,0.0001,0.9075,0.0902,0.0005,0.0002
CT004975,Zone_08,Zone_07,0.6058,0.0,0.0001,0.0002,0.0007,0.0004,0.0017,0.6058,0.3904,0.0005,0.0002
CT013719,Zone_08,Zone_08,0.6136,0.0,0.0001,0.0002,0.0005,0.0004,0.0003,0.3842,0.6136,0.0004,0.0002
CT003962,Zone_03,Zone_03,0.9982,0.0006,0.0005,0.9982,0.0005,0.0001,0.0,0.0,0.0,0.0,0.0
CT013819,Zone_04,Zone_04,0.9956,0.0006,0.001,0.0013,0.9956,0.0004,0.0002,0.0003,0.0002,0.0002,0.0001
CT008385,Zone_01,Zone_01,0.9988,0.9988,0.0005,0.0004,0.0003,0.0,0.0,0.0,0.0,0.0,0.0
CT009653,Zone_03,Zone_03,0.9982,0.0004,0.0005,0.9982,0.0006,0.0001,0.0,0.0,0.0,0.0,0.0001
CT007970,Zone_02,Zone_02,0.9983,0.0006,0.9983,0.0005,0.0005,0.0001,0.0,0.0,0.0,0.0,0.0
CT010507,Zone_08,Zone_08,0.5074,0.0,0.0001,0.0003,0.0008,0.0004,0.001,0.489,0.5074,0.0006,0.0002
CT007600,Zone_07,Zone_08,0.6786,0.0,0.0001,0.0002,0.0006,0.0005,0.0008,0.3183,0.6786,0.0005,0.0003
CT010064,Zone_02,Zone_02,0.9984,0.0007,0.9984,0.0004,0.0004,0.0001,0.0,0.0,0.0,0.0,0.0
CT019037,Zone_04,Zone_04,0.9949,0.0007,0.0011,0.0015,0.9949,0.0004,0.0001,0.0006,0.0003,0.0002,0.0002
CT016233,Zone_01,Zone_01,0.9985,0.9985,0.0007,0.0004,0.0003,0.0,0.0,0.0,0.0,0.0,0.0
CT016275,Zone_04,Zone_04,0.9975,0.0003,0.0006,0.0006,0.9975,0.0004,0.0002,0.0002,0.0002,0.0001,0.0
CT000294,Zone_03,Zone_03,0.9983,0.0004,0.0004,0.9983,0.0006,0.0001,0.0,0.0,0.0,0.0,0.0001
CT018802,Zone_02,Zone_02,0.9982,0.0007,0.9982,0.0005,0.0005,0.0001,0.0,0.0,0.0,0.0,0.0
CT013203,Zone_08,Zone_07,0.8341,0.0,0.0001,0.0002,0.0012,0.0015,0.0013,0.8341,0.1604,0.0009,0.0004
CT001403,Zone_10,Zone_10,0.9989,0.0,0.0,0.0,0.0,0.0,0.0,0.0001,0.0004,0.0005,0.9989
CT008298,Zone_04,Zone_04,0.9977,0.0001,0.0003,0.0005,0.9977,0.0004,0.0001,0.0004,0.0004,0.0001,0.0
CT004078,Zone_08,Zone_07,0.849,0.0,0.0,0.0001,0.0008,0.0009,0.0003,0.849,0.1484,0.0005,0.0001
CT009342,Zone_02,Zone_02,0.9984,0.0005,0.9984,0.0004,0.0006,0.0001,0.0,0.0,0.0,0.0,0.0
CT007860,Zone_07,Zone_07,0.9903,0.0,0.0,0.0001,0.0004,0.0002,0.0015,0.9903,0.0069,0.0005,0.0001
CT005027,Zone_08,Zone_08,0.9958,0.0,0.0,0.0001,0.0003,0.0006,0.0,0.0028,0.9958,0.0003,0.0002
CT012029,Zone_04,Zone_04,0.9972,0.0001,0.0003,0.0003,0.9972,0.0009,0.0002,0.0005,0.0004,0.0001,0.0
CT019786,Zone_04,Zone_04,0.9972,0.0001,0.0003,0.0003,0.9972,0.0008,0.0001,0.0005,0.0007,0.0001,0.0
CT005141,Zone_08,Zone_07,0.5052,0.0,0.0001,0.0002,0.0004,0.0003,0.0001,0.5052,0.4934,0.0003,0.0002
CT005841,Zone_05,Zone_05,0.9981,0.0,0.0001,0.0001,0.0005,0.9981,0.0,0.0003,0.0008,0.0001,0.0
CT010730,Zone_06,Zone_06,0.9989,0.0,0.0,0.0,0.0002,0.0,0.9989,0.0007,0.0001,0.0,0.0
CT014988,Zone_04,Zone_04,0.9966,0.0001,0.0003,0.0004,0.9966,0.001,0.0001,0.0006,0.0008,0.0001,0.0
CT000867,Zone_07,Zone_07,0.9268,0.0,0.0,0.0001,0.0005,0.0004,0.0708,0.9268,0.0009,0.0004,0.0001
CT011310,Zone_01,Zone_01,0.9985,0.9985,0.0006,0.0004,0.0004,0.0,0.0,0.0,0.0,0.0,0.0
CT017931,Zone_08,Zone_08,0.9985,0.0,0.0,0.0,0.0002,0.0004,0.0,0.0006,0.9985,0.0001,0.0001
CT004522,Zone_08,Zone_08,0.9992,0.0,0.0,0.0,0.0,0.0002,0.0,0.0005,0.9992,0.0,0.0
CT012269,Zone_02,Zone_02,0.9983,0.0005,0.9983,0.0005,0.0006,0.0001,0.0,0.0,0.0,0.0,0.0
CT013839,Zone_08,Zone_07,0.8718,0.0,0.0,0.0001,0.0005,0.0008,0.0001,0.8718,0.1262,0.0004,0.0001
CT016788,Zone_02,Zone_02,0.9983,0.0006,0.9983,0.0005,0.0005,0.0001,0.0,0.0,0.0,0.0,0.0
CT000505,Zone_07,Zone_07,0.737,0.0,0.0001,0.0001,0.0009,0.0012,0.0001,0.737,0.2597,0.0007,0.0002
CT013468,Zone_08,Zone_08,0.6166,0.0,0.0,0.0001,0.0003,0.0002,0.0002,0.382,0.6166,0.0002,0.0001
CT002172,Zone_04,Zone_04,0.9951,0.0006,0.0011,0.0014,0.9951,0.0005,0.0001,0.0004,0.0005,0.0002,0.0002
CT016545,Zone_06,Zone_06,0.9995,0.0,0.0,0.0,0.0001,0.0,0.9995,0.0003,0.0001,0.0,0.0
CT014283,Zone_07,Zone_07,0.9606,0.0,0.0001,0.0002,0.0008,0.0006,0.0096,0.9606,0.0269,0.0009,0.0002
CT009416,Zone_07,Zone_07,0.7504,0.0,0.0001,0.0001,0.0012,0.0016,0.0004,0.7504,0.2454,0.0006,0.0002
CT004401,Zone_07,Zone_07,0.9905,0.0,0.0,0.0001,0.0004,0.0002,0.0012,0.9905,0.0072,0.0003,0.0001
CT007056,Zone_05,Zone_05,0.9983,0.0,0.0001,0.0001,0.0005,0.9983,0.0001,0.0002,0.0007,0.0001,0.0
CT007504,Zone_08,Zone_08,0.9969,0.0,0.0,0.0001,0.0004,0.0008,0.0002,0.0012,0.9969,0.0002,0.0002
CT009420,Zone_10,Zone_10,0.9989,0.0,0.0,0.0,0.0,0.0,0.0,0.0001,0.0003,0.0006,0.9989
CT013194,Zone_04,Zone_04,0.9971,0.0001,0.0003,0.0004,0.9971,0.0009,0.0001,0.0006,0.0005,0.0001,0.0
CT009664,Zone_07,Zone_07,0.87,0.0,0.0001,0.0002,0.0009,0.0006,0.1258,0.87,0.0017,0.0006,0.0001
CT015158,Zone_04,Zone_04,0.997,0.0001,0.0003,0.0003,0.997,0.0009,0.0001,0.0007,0.0004,0.0001,0.0
CT010407,Zone_07,Zone_07,0.9835,0.0,0.0,0.0001,0.0003,0.0003,0.0008,0.9835,0.0144,0.0004,0.0001
CT003993,Zone_03,Zone_03,0.9981,0.0004,0.0005,0.9981,0.0007,0.0001,0.0,0.0,0.0,0.0,0.0
CT019595,Zone_07,Zone_07,0.7247,0.0,0.0,0.0001,0.0008,0.001,0.0001,0.7247,0.2726,0.0005,0.0002
CT015299,Zone_02,Zone_02,0.9982,0.0007,0.9982,0.0005,0.0004,0.0001,0.0,0.0,0.0,0.0,0.0
CT010761,Zone_01,Zone_01,0.9987,0.9987,0.0006,0.0004,0.0003,0.0,0.0,0.0,0.0,0.0,0.0
CT011987,Zone_03,Zone_03,0.9984,0.0004,0.0005,0.9984,0.0005,0.0001,0.0,0.0,0.0,0.0,0.0
CT004626,Zone_08,Zone_08,0.8194,0.0,0.0,0.0001,0.0002,0.0002,0.0001,0.1795,0.8194,0.0002,0.0001
CT010533,Zone_04,Zone_04,0.9971,0.0001,0.0003,0.0004,0.9971,0.001,0.0002,0.0005,0.0004,0.0001,0.0
CT013079,Zone_08,Zone_08,0.8142,0.0,0.0001,0.0001,0.0003,0.0002,0.0001,0.1844,0.8142,0.0003,0.0002
CT009848,Zone_05,Zone_05,0.9984,0.0,0.0,0.0001,0.0005,0.9984,0.0001,0.0003,0.0005,0.0001,0.0
CT005339,Zone_07,Zone_07,0.9426,0.0,0.0,0.0001,0.0006,0.0004,0.0547,0.9426,0.0011,0.0004,0.0001
CT012719,Zone_05,Zone_05,0.997,0.0,0.0,0.0001,0.0006,0.997,0.0,0.0004,0.0018,0.0001,0.0
CT003635,Zone_08,Zone_08,0.5684,0.0,0.0001,0.0001,0.0004,0.0003,0.0003,0.4299,0.5684,0.0003,0.0002
CT009719,Zone_07,Zone_07,0.8797,0.0,0.0001,0.0002,0.0011,0.0005,0.1168,0.8797,0.001,0.0006,0.0001
CT014189,Zone_08,Zone_08,0.7916,0.0,0.0,0.0001,0.0002,0.0002,0.0,0.2077,0.7916,0.0002,0.0001
CT010970,Zone_08,Zone_08,0.9949,0.0,0.0001,0.0001,0.0006,0.0011,0.0012,0.0015,0.9949,0.0004,0.0003
CT015323,Zone_04,Zone_04,0.9962,0.0002,0.0004,0.0005,0.9962,0.0011,0.0003,0.0006,0.0004,0.0001,0.0001
CT005653,Zone_08,Zone_08,0.6804,0.0,0.0001,0.0002,0.0005,0.0004,0.0004,0.3173,0.6804,0.0005,0.0002
CT014443,Zone_03,Zone_03,0.9983,0.0005,0.0005,0.9983,0.0004,0.0001,0.0,0.0,0.0,0.0,0.0001
CT007873,Zone_04,Zone_04,0.995,0.0007,0.0011,0.0015,0.995,0.0005,0.0004,0.0004,0.0001,0.0002,0.0002
CT012751,Zone_06,Zone_06,0.9993,0.0,0.0,0.0,0.0001,0.0,0.9993,0.0004,0.0001,0.0,0.0
CT009081,Zone_08,Zone_08,0.9977,0.0,0.0,0.0,0.0002,0.0004,0.0,0.0014,0.9977,0.0001,0.0001
CT006659,Zone_07,Zone_07,0.989,0.0,0.0,0.0001,0.0004,0.0003,0.0013,0.989,0.0084,0.0004,0.0001
CT008969,Zone_06,Zone_06,0.9995,0.0,0.0,0.0,0.0001,0.0,0.9995,0.0002,0.0001,0.0,0.0
CT004792,Zone_02,Zone_02,0.9983,0.0006,0.9983,0.0005,0.0006,0.0001,0.0,0.0,0.0,0.0,0.0
CT017262,Zone_04,Zone_04,0.997,0.0002,0.0003,0.0004,0.997,0.0008,0.0001,0.0005,0.0006,0.0001,0.0
CT018069,Zone_06,Zone_06,0.9984,0.0,0.0,0.0,0.0002,0.0001,0.9984,0.0006,0.0006,0.0001,0.0
CT006002,Zone_03,Zone_03,0.9982,0.0004,0.0005,0.9982,0.0006,0.0001,0.0,0.0,0.0,0.0,0.0
CT009413,Zone_04,Zone_04,0.9953,0.0007,0.0012,0.0012,0.9953,0.0003,0.0007,0.0002,0.0001,0.0001,0.0001
CT019996,Zone_07,Zone_07,0.9912,0.0,0.0,0.0001,0.0004,0.0003,0.0026,0.9912,0.0048,0.0005,0.0001
CT003298,Zone_08,Zone_08,0.9935,0.0,0.0001,0.0001,0.0007,0.0013,0.0007,0.0025,0.9935,0.0006,0.0005
CT011839,Zone_07,Zone_07,0.5839,0.0,0.0001,0.0002,0.0004,0.0003,0.0002,0.5839,0.4145,0.0004,0.0002
CT017042,Zone_07,Zone_07,0.9899,0.0,0.0,0.0001,0.0003,0.0002,0.0008,0.9899,0.0084,0.0003,0.0001
CT005039,Zone_07,Zone_07,0.8765,0.0,0.0001,0.0002,0.0009,0.0005,0.1198,0.8765,0.0014,0.0006,0.0001
CT003982,Zone_08,Zone_08,0.9987,0.0,0.0,0.0,0.0001,0.0003,0.0,0.0006,0.9987,0.0001,0.0001
CT002763,Zone_03,Zone_03,0.9984,0.0004,0.0004,0.9984,0.0006,0.0001,0.0,0.0,0.0,0.0,0.0
CT009618,Zone_02,Zone_02,0.9981,0.0007,0.9981,0.0005,0.0005,0.0001,0.0,0.0,0.0,0.0,0.0
CT015520,Zone_07,Zone_07,0.9854,0.0,0.0,0.0001,0.0002,0.0002,0.0001,0.9854,0.0136,0.0003,0.0001
CT013951,Zone_06,Zone_06,0.9995,0.0,0.0,0.0,0.0001,0.0,0.9995,0.0002,0.0001,0.0,0.0
CT007475,Zone_05,Zone_05,0.9978,0.0,0.0001,0.0001,0.0006,0.9978,0.0002,0.0007,0.0004,0.0001,0.0
CT018372,Zone_01,Zone_01,0.9981,0.9981,0.0008,0.0005,0.0005,0.0,0.0,0.0,0.0,0.0,0.0
CT000295,Zone_07,Zone_07,0.941,0.0,0.0,0.0001,0.0004,0.0002,0.0572,0.941,0.0006,0.0004,0.0001
CT007314,Zone_07,Zone_08,0.5622,0.0,0.0001,0.0002,0.0004,0.0003,0.0002,0.4362,0.5622,0.0003,0.0002
CT018520,Zone_04,Zone_04,0.9978,0.0001,0.0003,0.0002,0.9978,0.0007,0.0002,0.0003,0.0004,0.0,0.0
CT011118,Zone_05,Zone_05,0.9976,0.0,0.0001,0.0001,0.0005,0.9976,0.0007,0.0005,0.0002,0.0001,0.0
CT009672,Zone_10,Zone_10,0.9988,0.0,0.0,0.0,0.0,0.0,0.0,0.0001,0.0003,0.0007,0.9988
CT003262,Zone_08,Zone_08,0.8673,0.0,0.0,0.0001,0.0003,0.0002,0.0001,0.1316,0.8673,0.0002,0.0001
CT018725,Zone_03,Zone_03,0.9979,0.0005,0.0005,0.9979,0.0008,0.0001,0.0001,0.0,0.0,0.0,0.0
CT015620,Zone_04,Zone_04,0.9978,0.0001,0.0004,0.0004,0.9978,0.0003,0.0004,0.0004,0.0001,0.0001,0.0
CT004334,Zone_08,Zone_08,0.9952,0.0,0.0,0.0001,0.0005,0.0009,0.0001,0.0029,0.9952,0.0003,0.0002
CT004039,Zone_05,Zone_05,0.9983,0.0,0.0,0.0001,0.0005,0.9983,0.0001,0.0005,0.0004,0.0001,0.0
CT007218,Zone_08,Zone_08,0.8421,0.0,0.0001,0.0002,0.0005,0.0003,0.0004,0.1556,0.8421,0.0005,0.0003
CT006086,Zone_07,Zone_07,0.9915,0.0,0.0,0.0001,0.0003,0.0003,0.0005,0.9915,0.007,0.0003,0.0001
CT015623,Zone_04,Zone_04,0.9975,0.0002,0.0004,0.0004,0.9975,0.0004,0.0003,0.0003,0.0004,0.0001,0.0
CT016112,Zone_08,Zone_07,0.8231,0.0,0.0,0.0001,0.0004,0.0007,0.0,0.8231,0.1752,0.0003,0.0002
CT016926,Zone_09,Zone_09,0.998,0.0,0.0,0.0,0.0,0.0001,0.0,0.0003,0.0009,0.998,0.0007
CT017819,Zone_08,Zone_08,0.9972,0.0,0.0,0.0001,0.0003,0.0006,0.0002,0.0013,0.9972,0.0002,0.0001
CT008901,Zone_01,Zone_01,0.9988,0.9988,0.0005,0.0004,0.0003,0.0,0.0,0.0,0.0,0.0,0.0
CT015595,Zone_07,Zone_07,0.579,0.0,0.0001,0.0002,0.0006,0.0004,0.0006,0.579,0.4185,0.0005,0.0002
CT001962,Zone_08,Zone_08,0.9971,0.0,0.0,0.0,0.0003,0.0006,0.0,0.0016,0.9971,0.0002,0.0001
CT015427,Zone_07,Zone_07,0.955,0.0,0.0001,0.0002,0.0008,0.0005,0.0398,0.955,0.0026,0.0007,0.0002
CT007344,Zone_02,Zone_02,0.9982,0.0005,0.9982,0.0005,0.0007,0.0001,0.0,0.0,0.0,0.0,0.0
CT008936,Zone_10,Zone_10,0.9989,0.0,0.0,0.0,0.0,0.0,0.0,0.0001,0.0004,0.0006,0.9989
CT010824,Zone_08,Zone_08,0.9976,0.0,0.0,0.0,0.0003,0.0004,0.0001,0.0013,0.9976,0.0002,0.0001
CT014791,Zone_07,Zone_07,0.9823,0.0,0.0,0.0001,0.0004,0.0003,0.0058,0.9823,0.0104,0.0005,0.0001
CT002779,Zone_04,Zone_04,0.9963,0.0005,0.0009,0.001,0.9963,0.0004,0.0001,0.0004,0.0002,0.0001,0.0001
CT002493,Zone_02,Zone_02,0.9983,0.0005,0.9983,0.0005,0.0006,0.0001,0.0,0.0,0.0,0.0,0.0
CT019084,Zone_01,Zone_01,0.9988,0.9988,0.0005,0.0004,0.0003,0.0,0.0,0.0,0.0,0.0,0.0
CT003097,Zone_03,Zone_03,0.9984,0.0004,0.0004,0.9984,0.0006,0.0001,0.0,0.0,0.0,0.0,0.0
CT017864,Zone_07,Zone_07,0.9011,0.0,0.0,0.0001,0.0008,0.0009,0.0006,0.9011,0.0959,0.0005,0.0002
CT008264,Zone_10,Zone_10,0.9991,0.0,0.0,0.0,0.0,0.0,0.0,0.0001,0.0002,0.0005,0.9991
CT004830,Zone_06,Zone_06,0.9951,0.0,0.0,0.0,0.0005,0.0002,0.9951,0.003,0.001,0.0001,0.0
CT002923,Zone_03,Zone_03,0.9982,0.0005,0.0005,0.9982,0.0005,0.0001,0.0,0.0,0.0,0.0,0.0001
CT001609,Zone_08,Zone_08,0.9978,0.0,0.0,0.0001,0.0003,0.0005,0.0002,0.0008,0.9978,0.0002,0.0001
CT006749,Zone_08,Zone_08,0.9959,0.0,0.0,0.0001,0.0004,0.0007,0.0001,0.0024,0.9959,0.0003,0.0002
CT002459,Zone_04,Zone_04,0.9975,0.0001,0.0003,0.0004,0.9975,0.0004,0.0,0.0008,0.0003,0.0001,0.0
CT014047,Zone_09,Zone_09,0.9982,0.0,0.0,0.0,0.0,0.0001,0.0001,0.0005,0.0005,0.9982,0.0007
CT016301,Zone_01,Zone_01,0.9988,0.9988,0.0006,0.0004,0.0003,0.0,0.0,0.0,0.0,0.0,0.0
CT012475,Zone_07,Zone_08,0.7695,0.0,0.0,0.0001,0.0002,0.0002,0.0,0.2298,0.7695,0.0002,0.0001
CT004979,Zone_07,Zone_07,0.9611,0.0,0.0001,0.0002,0.0006,0.0005,0.0008,0.9611,0.0357,0.0007,0.0003
CT013722,Zone_04,Zone_04,0.9959,0.0005,0.0009,0.0011,0.9959,0.0003,0.0002,0.0007,0.0001,0.0002,0.0001
CT000279,Zone_07,Zone_07,0.9348,0.0,0.0001,0.0002,0.0008,0.0005,0.06,0.9348,0.0027,0.0007,0.0001
CT010980,Zone_07,Zone_07,0.9209,0.0,0.0,0.0001,0.0006,0.0009,0.0002,0.9209,0.0769,0.0003,0.0001
CT000100,Zone_10,Zone_10,0.9987,0.0,0.0,0.0,0.0,0.0,0.0,0.0002,0.0002,0.0008,0.9987
CT006982,Zone_10,Zone_10,0.9991,0.0,0.0,0.0,0.0,0.0,0.0,0.0001,0.0001,0.0006,0.9991
CT006758,Zone_07,Zone_07,0.9772,0.0,0.0001,0.0002,0.0007,0.0004,0.0198,0.9772,0.0012,0.0004,0.0001
CT018344,Zone_08,Zone_08,0.5417,0.0,0.0001,0.0002,0.0005,0.0003,0.0004,0.4563,0.5417,0.0004,0.0002
CT002312,Zone_02,Zone_02,0.9981,0.0006,0.9981,0.0005,0.0006,0.0001,0.0,0.0,0.0,0.0,0.0
CT010930,Zone_04,Zone_04,0.9975,0.0001,0.0002,0.0002,0.9975,0.0009,0.0001,0.0003,0.0005,0.0,0.0
CT019236,Zone_02,Zone_02,0.9985,0.0006,0.9985,0.0004,0.0004,0.0001,0.0,0.0,0.0,0.0,0.0
CT017551,Zone_05,Zone_05,0.9984,0.0,0.0,0.0001,0.0005,0.9984,0.0002,0.0003,0.0005,0.0001,0.0
CT018597,Zone_01,Zone_01,0.9987,0.9987,0.0005,0.0005,0.0003,0.0,0.0,0.0,0.0,0.0,0.0
CT001934,Zone_07,Zone_07,0.9881,0.0,0.0,0.0001,0.0004,0.0003,0.001,0.9881,0.0098,0.0003,0.0001
CT005877,Zone_08,Zone_07,0.5163,0.0,0.0001,0.0002,0.0004,0.0003,0.0001,0.5163,0.4822,0.0003,0.0002
CT006948,Zone_07,Zone_08,0.7163,0.0,0.0001,0.0001,0.0002,0.0002,0.0002,0.2824,0.7163,0.0003,0.0002
CT005543,Zone_08,Zone_08,0.7127,0.0001,0.0004,0.0009,0.0023,0.0019,0.0062,0.2721,0.7127,0.0023,0.0013
CT013777,Zone_08,Zone_08,0.9956,0.0,0.0,0.0001,0.0005,0.0007,0.0002,0.0024,0.9956,0.0003,0.0002
CT001599,Zone_07,Zone_07,0.975,0.0,0.0,0.0002,0.0005,0.0003,0.0015,0.975,0.0216,0.0006,0.0002
CT002165,Zone_07,Zone_07,0.8469,0.0,0.0001,0.0002,0.0007,0.0004,0.1502,0.8469,0.0008,0.0005,0.0001
CT001591,Zone_01,Zone_01,0.9989,0.9989,0.0005,0.0004,0.0002,0.0,0.0,0.0,0.0,0.0,0.0
CT008548,Zone_07,Zone_07,0.9071,0.0,0.0,0.0001,0.0009,0.001,0.0007,0.9071,0.0895,0.0005,0.0002
CT006551,Zone_07,Zone_07,0.9821,0.0,0.0,0.0001,0.0005,0.0003,0.0138,0.9821,0.0025,0.0005,0.0001
CT001894,Zone_02,Zone_02,0.9983,0.0005,0.9983,0.0005,0.0006,0.0001,0.0,0.0,0.0,0.0,0.0
CT012329,Zone_01,Zone_01,0.9987,0.9987,0.0005,0.0004,0.0003,0.0,0.0,0.0,0.0,0.0,0.0
CT015795,Zone_05,Zone_05,0.9983,0.0,0.0,0.0001,0.0004,0.9983,0.0001,0.0003,0.0007,0.0001,0.0
CT016437,Zone_08,Zone_08,0.9969,0.0,0.0,0.0001,0.0005,0.0007,0.0006,0.0009,0.9969,0.0002,0.0001
CT008293,Zone_08,Zone_08,0.9983,0.0,0.0,0.0,0.0002,0.0004,0.0,0.0009,0.9983,0.0001,0.0001
CT005519,Zone_03,Zone_03,0.9981,0.0005,0.0005,0.9981,0.0006,0.0001,0.0001,0.0,0.0,0.0,0.0001
CT018027,Zone_07,Zone_08,0.6861,0.0,0.0,0.0001,0.0003,0.0002,0.0,0.3129,0.6861,0.0002,0.0001
CT000272,Zone_01,Zone_01,0.9983,0.9983,0.0006,0.0005,0.0004,0.0,0.0,0.0,0.0,0.0,0.0001
CT007079,Zone_03,Zone_03,0.9982,0.0005,0.0005,0.9982,0.0006,0.0001,0.0,0.0,0.0,0.0,0.0001
CT008935,Zone_07,Zone_07,0.9921,0.0,0.0,0.0001,0.0002,0.0001,0.0003,0.9921,0.0068,0.0002,0.0001
CT008153,Zone_07,Zone_07,0.9161,0.0,0.0001,0.0001,0.0013,0.0015,0.0045,0.9161,0.0756,0.0006,0.0002
CT009995,Zone_04,Zone_04,0.997,0.0001,0.0003,0.0003,0.997,0.0007,0.0001,0.0008,0.0004,0.0001,0.0
CT011653,Zone_07,Zone_07,0.7684,0.0,0.0,0.0001,0.0009,0.0015,0.0005,0.7684,0.2278,0.0005,0.0002
CT016837,Zone_07,Zone_07,0.8854,0.0,0.0001,0.0002,0.0011,0.0015,0.0012,0.8854,0.1097,0.0006,0.0003
CT004779,Zone_04,Zone_04,0.997,0.0002,0.0005,0.0005,0.997,0.0004,0.0007,0.0004,0.0001,0.0001,0.0
CT011005,Zone_07,Zone_07,0.9662,0.0,0.0001,0.0002,0.0007,0.0004,0.0038,0.9662,0.0276,0.0008,0.0002
CT001018,Zone_07,Zone_07,0.8611,0.0,0.0,0.0001,0.0005,0.0004,0.1365,0.8611,0.0008,0.0004,0.0001
CT011954,Zone_09,Zone_09,0.998,0.0,0.0,0.0001,0.0,0.0001,0.0005,0.0005,0.0002,0.998,0.0006
CT000078,Zone_07,Zone_08,0.786,0.0,0.0,0.0001,0.0002,0.0002,0.0001,0.2131,0.786,0.0002,0.0001
CT009743,Zone_07,Zone_07,0.8017,0.0,0.0001,0.0001,0.001,0.0015,0.0005,0.8017,0.1943,0.0005,0.0002
CT000057,Zone_08,Zone_08,0.9968,0.0,0.0,0.0,0.0003,0.0005,0.0,0.002,0.9968,0.0002,0.0001
CT012741,Zone_07,Zone_07,0.9404,0.0,0.0001,0.0002,0.0005,0.0004,0.0567,0.9404,0.0011,0.0005,0.0002
CT000319,Zone_04,Zone_04,0.998,0.0001,0.0003,0.0004,0.998,0.0003,0.0001,0.0003,0.0004,0.0001,0.0
CT008630,Zone_07,Zone_07,0.9623,0.0,0.0,0.0001,0.0007,0.0005,0.0337,0.9623,0.002,0.0004,0.0001
CT018729,Zone_08,Zone_08,0.994,0.0,0.0001,0.0001,0.0007,0.0011,0.0015,0.0019,0.994,0.0004,0.0002
CT007025,Zone_03,Zone_03,0.998,0.0006,0.0005,0.998,0.0007,0.0001,0.0,0.0,0.0,0.0,0.0001
CT008184,Zone_02,Zone_02,0.9982,0.0005,0.9982,0.0005,0.0006,0.0001,0.0,0.0,0.0,0.0,0.0
CT014282,Zone_01,Zone_01,0.9986,0.9986,0.0006,0.0004,0.0003,0.0,0.0,0.0,0.0,0.0,0.0
CT018158,Zone_07,Zone_08,0.569,0.0,0.0001,0.0003,0.0006,0.0004,0.0005,0.4283,0.569,0.0005,0.0003
CT014546,Zone_07,Zone_07,0.7301,0.0,0.0,0.0001,0.0007,0.0009,0.0001,0.7301,0.2676,0.0004,0.0001
CT012730,Zone_08,Zone_08,0.7419,0.0,0.0001,0.0001,0.0003,0.0002,0.0004,0.2565,0.7419,0.0004,0.0002
CT010299,Zone_08,Zone_08,0.7517,0.0,0.0,0.0001,0.0002,0.0002,0.0,0.2476,0.7517,0.0002,0.0001
CT005184,Zone_08,Zone_08,0.7828,0.0,0.0001,0.0001,0.0004,0.0003,0.0005,0.2152,0.7828,0.0003,0.0002
CT004896,Zone_08,Zone_08,0.9989,0.0,0.0,0.0,0.0002,0.0003,0.0,0.0003,0.9989,0.0001,0.0001
CT004871,Zone_08,Zone_08,0.9969,0.0,0.0,0.0001,0.0003,0.0006,0.0001,0.0014,0.9969,0.0002,0.0002
CT014621,Zone_08,Zone_08,0.7544,0.0,0.0,0.0001,0.0002,0.0002,0.0,0.2445,0.7544,0.0003,0.0002
CT010039,Zone_07,Zone_07,0.9554,0.0,0.0,0.0001,0.0009,0.001,0.0016,0.9554,0.0402,0.0005,0.0002
CT019201,Zone_07,Zone_07,0.982,0.0,0.0,0.0001,0.0003,0.0002,0.0002,0.982,0.0168,0.0004,0.0001
CT009837,Zone_01,Zone_01,0.9986,0.9986,0.0006,0.0005,0.0003,0.0,0.0,0.0,0.0,0.0,0.0
CT019068,Zone_07,Zone_07,0.9919,0.0,0.0,0.0001,0.0002,0.0002,0.0004,0.9919,0.007,0.0002,0.0
CT005008,Zone_07,Zone_08,0.6294,0.0,0.0001,0.0002,0.0005,0.0005,0.0013,0.3673,0.6294,0.0005,0.0002
CT012860,Zone_07,Zone_07,0.8934,0.0,0.0,0.0,0.0004,0.0006,0.0,0.8934,0.1052,0.0002,0.0001
CT000817,Zone_07,Zone_07,0.7078,0.0,0.0001,0.0001,0.0007,0.0004,0.2896,0.7078,0.0008,0.0005,0.0001
CT008145,Zone_08,Zone_08,0.6052,0.0,0.0001,0.0003,0.0007,0.0005,0.0014,0.3911,0.6052,0.0005,0.0003
CT005066,Zone_07,Zone_07,0.6724,0.0,0.0,0.0001,0.0009,0.0011,0.0001,0.6724,0.3246,0.0005,0.0002
CT011481,Zone_08,Zone_08,0.9398,0.0,0.0,0.0001,0.0002,0.0002,0.0002,0.0591,0.9398,0.0002,0.0001
CT017802,Zone_07,Zone_07,0.9069,0.0,0.0001,0.0002,0.0009,0.0006,0.0869,0.9069,0.0031,0.001,0.0002
CT017649,Zone_08,Zone_08,0.9979,0.0,0.0,0.0,0.0002,0.0003,0.0,0.0013,0.9979,0.0001,0.0001
CT015285,Zone_01,Zone_01,0.999,0.999,0.0004,0.0003,0.0002,0.0,0.0,0.0,0.0,0.0,0.0
CT015231,Zone_08,Zone_08,0.7336,0.0,0.0001,0.0002,0.0005,0.0004,0.0014,0.2632,0.7336,0.0005,0.0002
CT002758,Zone_08,Zone_08,0.5654,0.0,0.0001,0.0002,0.0004,0.0003,0.0005,0.4325,0.5654,0.0004,0.0002
CT005525,Zone_04,Zone_04,0.9973,0.0002,0.0005,0.0006,0.9973,0.0005,0.0001,0.0005,0.0002,0.0001,0.0
CT016819,Zone_06,Zone_06,0.9988,0.0,0.0,0.0,0.0002,0.0001,0.9988,0.0005,0.0004,0.0,0.0
CT009946,Zone_02,Zone_02,0.9982,0.0006,0.9982,0.0005,0.0005,0.0001,0.0,0.0,0.0,0.0,0.0
CT014238,Zone_08,Zone_08,0.5194,0.0,0.0001,0.0002,0.0005,0.0003,0.0002,0.4787,0.5194,0.0004,0.0003
CT008593,Zone_07,Zone_07,0.8672,0.0,0.0001,0.0002,0.0011,0.0007,0.1271,0.8672,0.0026,0.0007,0.0002
CT006575,Zone_08,Zone_08,0.9947,0.0,0.0001,0.0001,0.0005,0.0009,0.0005,0.0023,0.9947,0.0005,0.0003
CT000384,Zone_08,Zone_08,0.9907,0.0,0.0001,0.0002,0.0009,0.0014,0.0005,0.0053,0.9907,0.0006,0.0003
CT001066,Zone_10,Zone_10,0.9991,0.0,0.0,0.0,0.0,0.0,0.0,0.0001,0.0003,0.0005,0.9991
CT007051,Zone_10,Zone_10,0.9988,0.0,0.0,0.0,0.0,0.0,0.0,0.0002,0.0001,0.0008,0.9988
CT017241,Zone_04,Zone_04,0.9948,0.0007,0.0012,0.0015,0.9948,0.0006,0.0002,0.0004,0.0003,0.0002,0.0002
CT002085,Zone_08,Zone_08,0.7997,0.0,0.0001,0.0002,0.0005,0.0004,0.0005,0.198,0.7997,0.0004,0.0002
CT006903,Zone_08,Zone_08,0.7363,0.0,0.0,0.0001,0.0003,0.0002,0.0002,0.2624,0.7363,0.0003,0.0001
CT014855,Zone_07,Zone_07,0.8911,0.0,0.0,0.0001,0.0005,0.0003,0.1066,0.8911,0.0007,0.0004,0.0001
CT004515,Zone_03,Zone_03,0.9985,0.0004,0.0004,0.9985,0.0005,0.0001,0.0,0.0,0.0,0.0,0.0
CT006306,Zone_03,Zone_03,0.9984,0.0005,0.0004,0.9984,0.0005,0.0001,0.0,0.0,0.0,0.0,0.0001
CT013358,Zone_03,Zone_03,0.9982,0.0004,0.0005,0.9982,0.0006,0.0001,0.0,0.0,0.0,0.0,0.0001
CT013946,Zone_07,Zone_07,0.9726,0.0,0.0001,0.0003,0.0012,0.0011,0.0063,0.9726,0.0171,0.0011,0.0003
CT007536,Zone_10,Zone_10,0.9991,0.0,0.0,0.0,0.0,0.0,0.0,0.0001,0.0002,0.0006,0.9991
CT012403,Zone_08,Zone_08,0.5869,0.0,0.0001,0.0002,0.0004,0.0004,0.0003,0.4112,0.5869,0.0004,0.0002
CT012312,Zone_08,Zone_08,0.9957,0.0,0.0,0.0001,0.0006,0.001,0.0003,0.0017,0.9957,0.0004,0.0002
CT010677,Zone_08,Zone_08,0.9987,0.0,0.0,0.0,0.0002,0.0003,0.0,0.0006,0.9987,0.0001,0.0001
CT005758,Zone_08,Zone_08,0.9977,0.0,0.0,0.0,0.0002,0.0005,0.0,0.0012,0.9977,0.0001,0.0001
CT005509,Zone_07,Zone_07,0.9829,0.0,0.0,0.0001,0.0003,0.0003,0.0007,0.9829,0.0152,0.0003,0.0001
CT004337,Zone_02,Zone_02,0.9985,0.0005,0.9985,0.0004,0.0005,0.0001,0.0,0.0,0.0,0.0,0.0
CT015227,Zone_04,Zone_04,0.997,0.0001,0.0003,0.0003,0.997,0.0009,0.0003,0.0005,0.0004,0.0001,0.0
CT013272,Zone_08,Zone_08,0.8869,0.0,0.0001,0.0002,0.0004,0.0003,0.0006,0.111,0.8869,0.0003,0.0002
CT006556,Zone_05,Zone_05,0.998,0.0,0.0,0.0001,0.0005,0.998,0.0001,0.0002,0.001,0.0001,0.0
CT008256,Zone_01,Zone_01,0.9989,0.9989,0.0005,0.0004,0.0002,0.0,0.0,0.0,0.0,0.0,0.0
CT002732,Zone_04,Zone_04,0.9973,0.0002,0.0004,0.0004,0.9973,0.0004,0.0007,0.0003,0.0002,0.0001,0.0
CT019964,Zone_10,Zone_10,0.999,0.0,0.0,0.0,0.0,0.0,0.0,0.0,0.0003,0.0006,0.999
CT011348,Zone_02,Zone_02,0.9981,0.0007,0.9981,0.0005,0.0006,0.0001,0.0,0.0,0.0,0.0,0.0
CT007445,Zone_02,Zone_02,0.998,0.0006,0.998,0.0006,0.0007,0.0001,0.0,0.0,0.0,0.0,0.0
CT017530,Zone_05,Zone_05,0.9981,0.0,0.0001,0.0001,0.0006,0.9981,0.0001,0.0006,0.0004,0.0001,0.0
CT007065,Zone_05,Zone_05,0.9983,0.0,0.0001,0.0001,0.0005,0.9983,0.0001,0.0004,0.0003,0.0001,0.0
CT004911,Zone_03,Zone_03,0.9981,0.0004,0.0005,0.9981,0.0007,0.0001,0.0,0.0,0.0,0.0,0.0
CT012047,Zone_08,Zone_08,0.788,0.0,0.0,0.0001,0.0002,0.0003,0.0001,0.2108,0.788,0.0003,0.0001
CT015087,Zone_03,Zone_03,0.9986,0.0003,0.0004,0.9986,0.0005,0.0001,0.0,0.0,0.0,0.0,0.0
CT002253,Zone_05,Zone_05,0.9975,0.0,0.0001,0.0001,0.0006,0.9975,0.0,0.0004,0.0012,0.0001,0.0
CT008690,Zone_07,Zone_07,0.7788,0.0,0.0001,0.0002,0.0009,0.0005,0.2172,0.7788,0.0012,0.0007,0.0002
CT001401,Zone_08,Zone_08,0.9988,0.0,0.0,0.0,0.0002,0.0003,0.0,0.0004,0.9988,0.0001,0.0001
CT018264,Zone_08,Zone_08,0.9974,0.0,0.0,0.0,0.0003,0.0004,0.0,0.0014,0.9974,0.0002,0.0001
CT012499,Zone_04,Zone_04,0.9949,0.0007,0.0012,0.0013,0.9949,0.0005,0.0003,0.0004,0.0002,0.0002,0.0001
CT014188,Zone_08,Zone_08,0.9961,0.0,0.0,0.0001,0.0005,0.0008,0.0004,0.0017,0.9961,0.0003,0.0002
CT001447,Zone_06,Zone_06,0.9993,0.0,0.0,0.0,0.0001,0.0,0.9993,0.0005,0.0001,0.0,0.0
CT005759,Zone_04,Zone_04,0.996,0.0005,0.0009,0.0011,0.996,0.0004,0.0,0.0005,0.0003,0.0002,0.0001
CT001867,Zone_10,Zone_10,0.9991,0.0,0.0,0.0,0.0,0.0,0.0,0.0001,0.0001,0.0006,0.9991
CT009660,Zone_05,Zone_05,0.9978,0.0,0.0001,0.0001,0.0004,0.9978,0.0,0.0004,0.0012,0.0001,0.0
CT019407,Zone_07,Zone_07,0.9533,0.0,0.0,0.0001,0.0006,0.0003,0.0443,0.9533,0.0009,0.0004,0.0001
CT000900,Zone_07,Zone_07,0.8637,0.0,0.0001,0.0002,0.0009,0.0014,0.0006,0.8637,0.1318,0.0009,0.0004
CT010112,Zone_04,Zone_04,0.9974,0.0002,0.0005,0.0005,0.9974,0.0003,0.0006,0.0004,0.0001,0.0001,0.0
CT000976,Zone_07,Zone_08,0.7565,0.0,0.0001,0.0001,0.0003,0.0003,0.0001,0.2422,0.7565,0.0002,0.0001
CT002203,Zone_06,Zone_06,0.9988,0.0,0.0,0.0,0.0002,0.0,0.9988,0.0007,0.0002,0.0001,0.0
CT011247,Zone_04,Zone_04,0.996,0.0004,0.0007,0.001,0.996,0.0004,0.0001,0.0003,0.0008,0.0002,0.0001
CT004561,Zone_09,Zone_09,0.9982,0.0,0.0,0.0,0.0,0.0001,0.0,0.0004,0.0007,0.9982,0.0005
CT004110,Zone_07,Zone_07,0.7884,0.0,0.0001,0.0001,0.0009,0.0013,0.0003,0.7884,0.2079,0.0007,0.0003
CT006240,Zone_08,Zone_07,0.6415,0.0,0.0001,0.0002,0.0009,0.0015,0.0003,0.6415,0.3546,0.0007,0.0003
CT011917,Zone_07,Zone_07,0.9817,0.0,0.0,0.0001,0.0005,0.0004,0.0066,0.9817,0.0099,0.0005,0.0002
CT012620,Zone_10,Zone_10,0.9985,0.0,0.0,0.0,0.0,0.0,0.0,0.0002,0.0005,0.0007,0.9985
CT010265,Zone_04,Zone_04,0.9979,0.0002,0.0004,0.0004,0.9979,0.0003,0.0001,0.0004,0.0003,0.0001,0.0
CT000252,Zone_07,Zone_07,0.9906,0.0,0.0,0.0001,0.0004,0.0003,0.0072,0.9906,0.001,0.0003,0.0001
CT005214,Zone_06,Zone_06,0.9994,0.0,0.0,0.0,0.0001,0.0,0.9994,0.0003,0.0001,0.0,0.0
CT002858,Zone_08,Zone_08,0.9954,0.0,0.0,0.0001,0.0005,0.0009,0.0002,0.0022,0.9954,0.0003,0.0003
CT007245,Zone_08,Zone_08,0.9467,0.0001,0.0003,0.0008,0.0044,0.0118,0.0017,0.0298,0.9467,0.0026,0.0018
CT017432,Zone_03,Zone_03,0.998,0.0006,0.0005,0.998,0.0006,0.0001,0.0001,0.0,0.0,0.0,0.0001
CT019637,Zone_07,Zone_08,0.5249,0.0,0.0001,0.0002,0.0004,0.0003,0.0003,0.4734,0.5249,0.0004,0.0001
CT002286,Zone_03,Zone_03,0.9985,0.0004,0.0004,0.9985,0.0005,0.0001,0.0,0.0,0.0,0.0,0.0
CT009084,Zone_01,Zone_01,0.9985,0.9985,0.0006,0.0004,0.0004,0.0,0.0,0.0,0.0,0.0,0.0
CT005351,Zone_06,Zone_06,0.9995,0.0,0.0,0.0,0.0001,0.0,0.9995,0.0002,0.0001,0.0,0.0
CT010137,Zone_08,Zone_08,0.901,0.0,0.0,0.0001,0.0002,0.0002,0.0001,0.0981,0.901,0.0002,0.0001
CT005355,Zone_06,Zone_06,0.998,0.0,0.0,0.0,0.0002,0.0001,0.998,0.0013,0.0004,0.0001,0.0
CT015330,Zone_04,Zone_04,0.9955,0.0006,0.001,0.0013,0.9955,0.0004,0.0001,0.0003,0.0005,0.0002,0.0002
CT012079,Zone_03,Zone_03,0.9983,0.0005,0.0005,0.9983,0.0005,0.0001,0.0,0.0,0.0,0.0,0.0001
CT013800,Zone_08,Zone_08,0.7045,0.0,0.0001,0.0002,0.0004,0.0004,0.0004,0.2935,0.7045,0.0004,0.0002
CT005866,Zone_04,Zone_04,0.9973,0.0001,0.0003,0.0002,0.9973,0.0008,0.0001,0.0007,0.0005,0.0,0.0
CT014015,Zone_07,Zone_07,0.9896,0.0,0.0,0.0001,0.0004,0.0003,0.0047,0.9896,0.0044,0.0003,0.0001
CT007002,Zone_06,Zone_06,0.9995,0.0,0.0,0.0,0.0001,0.0,0.9995,0.0003,0.0001,0.0,0.0
CT017012,Zone_03,Zone_03,0.9983,0.0004,0.0004,0.9983,0.0006,0.0001,0.0,0.0,0.0,0.0,0.0
CT011461,Zone_08,Zone_08,0.9961,0.0,0.0,0.0001,0.0004,0.0008,0.0001,0.002,0.9961,0.0003,0.0002
CT013966,Zone_10,Zone_10,0.9991,0.0,0.0,0.0,0.0,0.0,0.0,0.0001,0.0001,0.0006,0.9991
CT010263,Zone_02,Zone_02,0.9981,0.0005,0.9981,0.0005,0.0007,0.0001,0.0,0.0,0.0,0.0,0.0
CT002931,Zone_07,Zone_08,0.7287,0.0,0.0001,0.0002,0.0004,0.0003,0.0004,0.2693,0.7287,0.0004,0.0002
CT010205,Zone_08,Zone_08,0.5535,0.0,0.0001,0.0002,0.0004,0.0003,0.0006,0.4443,0.5535,0.0004,0.0002
CT012727,Zone_06,Zone_07,0.9599,0.0,0.0,0.0001,0.0004,0.0003,0.0383,0.9599,0.0007,0.0003,0.0001
CT003516,Zone_07,Zone_07,0.9873,0.0,0.0,0.0001,0.0004,0.0002,0.0008,0.9873,0.0106,0.0004,0.0001
CT008486,Zone_07,Zone_07,0.5943,0.0,0.0001,0.0002,0.0008,0.0006,0.4023,0.5943,0.001,0.0005,0.0002
CT008082,Zone_08,Zone_08,0.8663,0.0,0.0,0.0001,0.0002,0.0002,0.0001,0.1328,0.8663,0.0002,0.0001
CT006042,Zone_02,Zone_02,0.9981,0.0007,0.9981,0.0004,0.0006,0.0001,0.0,0.0,0.0,0.0,0.0
CT018468,Zone_03,Zone_03,0.9983,0.0005,0.0005,0.9983,0.0005,0.0001,0.0,0.0,0.0,0.0,0.0001
CT016401,Zone_06,Zone_06,0.9998,0.0,0.0,0.0,0.0,0.0,0.9998,0.0001,0.0,0.0,0.0
CT003489,Zone_01,Zone_01,0.9987,0.9987,0.0005,0.0004,0.0003,0.0,0.0,0.0,0.0,0.0,0.0
CT016396,Zone_04,Zone_04,0.9976,0.0001,0.0003,0.0004,0.9976,0.0003,0.0009,0.0002,0.0001,0.0001,0.0
CT007265,Zone_08,Zone_07,0.6147,0.0,0.0001,0.0002,0.0013,0.0018,0.0009,0.6147,0.3799,0.0008,0.0004
CT010317,Zone_04,Zone_04,0.9967,0.0001,0.0003,0.0003,0.9967,0.001,0.0,0.0004,0.001,0.0001,0.0
CT010209,Zone_04,Zone_04,0.9956,0.0006,0.0011,0.0012,0.9956,0.0004,0.0003,0.0002,0.0003,0.0002,0.0001
CT001339,Zone_07,Zone_07,0.9832,0.0,0.0,0.0001,0.0006,0.0005,0.0124,0.9832,0.0027,0.0004,0.0001
CT000309,Zone_04,Zone_04,0.9961,0.0004,0.0007,0.0011,0.9961,0.0003,0.0003,0.0007,0.0001,0.0001,0.0001
CT012760,Zone_08,Zone_08,0.9956,0.0,0.0,0.0001,0.0004,0.0009,0.0002,0.0022,0.9956,0.0003,0.0002
CT013436,Zone_08,Zone_08,0.9936,0.0,0.0,0.0001,0.0007,0.0011,0.0005,0.0034,0.9936,0.0003,0.0002
CT000328,Zone_07,Zone_07,0.6877,0.0,0.0,0.0001,0.0007,0.001,0.0001,0.6877,0.3095,0.0005,0.0002
CT008186,Zone_06,Zone_06,0.9977,0.0,0.0,0.0,0.0003,0.0001,0.9977,0.0011,0.0007,0.0001,0.0
CT011835,Zone_04,Zone_04,0.9957,0.0006,0.001,0.0012,0.9957,0.0004,0.0001,0.0005,0.0003,0.0002,0.0001
CT016186,Zone_03,Zone_03,0.9983,0.0005,0.0005,0.9983,0.0005,0.0001,0.0,0.0,0.0,0.0,0.0001
CT005945,Zone_02,Zone_02,0.9982,0.0006,0.9982,0.0005,0.0007,0.0001,0.0,0.0,0.0,0.0,0.0
CT015121,Zone_04,Zone_04,0.9974,0.0001,0.0004,0.0004,0.9974,0.0004,0.0008,0.0003,0.0001,0.0001,0.0
CT017533,Zone_01,Zone_01,0.9983,0.9983,0.0007,0.0006,0.0003,0.0,0.0,0.0,0.0,0.0,0.0
CT016531,Zone_08,Zone_07,0.8149,0.0,0.0,0.0001,0.0005,0.0006,0.0,0.8149,0.1834,0.0003,0.0001
CT005776,Zone_02,Zone_02,0.9985,0.0005,0.9985,0.0004,0.0005,0.0001,0.0,0.0,0.0,0.0,0.0
CT009633,Zone_04,Zone_04,0.9961,0.0003,0.0008,0.001,0.9961,0.0004,0.0001,0.0003,0.0006,0.0002,0.0001
CT015682,Zone_08,Zone_08,0.9943,0.0,0.0,0.0001,0.0005,0.0009,0.0002,0.0034,0.9943,0.0003,0.0002
CT007555,Zone_08,Zone_08,0.6974,0.0,0.0001,0.0002,0.0005,0.0005,0.0013,0.2994,0.6974,0.0004,0.0002
CT009636,Zone_02,Zone_02,0.9982,0.0006,0.9982,0.0005,0.0006,0.0001,0.0,0.0,0.0,0.0,0.0
CT001676,Zone_10,Zone_10,0.9993,0.0,0.0,0.0,0.0,0.0,0.0,0.0001,0.0,0.0004,0.9993
CT010219,Zone_02,Zone_02,0.9982,0.0007,0.9982,0.0005,0.0005,0.0001,0.0,0.0,0.0,0.0,0.0
CT008367,Zone_03,Zone_03,0.9979,0.0004,0.0006,0.9979,0.0008,0.0001,0.0001,0.0,0.0,0.0,0.0001
CT002862,Zone_07,Zone_07,0.897,0.0,0.0,0.0001,0.0007,0.0008,0.0002,0.897,0.1007,0.0004,0.0001
CT000102,Zone_07,Zone_07,0.7286,0.0,0.0,0.0001,0.0003,0.0002,0.0001,0.7286,0.2703,0.0002,0.0001
CT005383,Zone_07,Zone_07,0.9742,0.0,0.0,0.0001,0.0005,0.0003,0.0011,0.9742,0.0232,0.0004,0.0001
CT012289,Zone_10,Zone_10,0.9987,0.0,0.0,0.0,0.0,0.0,0.0,0.0002,0.0003,0.0007,0.9987
CT007487,Zone_04,Zone_04,0.996,0.0005,0.001,0.0011,0.996,0.0003,0.0002,0.0003,0.0002,0.0001,0.0001
CT014635,Zone_03,Zone_03,0.9984,0.0005,0.0004,0.9984,0.0005,0.0001,0.0,0.0,0.0,0.0,0.0
CT012661,Zone_10,Zone_10,0.9986,0.0,0.0,0.0,0.0,0.0,0.0,0.0001,0.0004,0.0007,0.9986
CT016463,Zone_03,Zone_03,0.9983,0.0004,0.0005,0.9983,0.0006,0.0001,0.0,0.0,0.0,0.0,0.0001
CT002361,Zone_07,Zone_07,0.7527,0.0,0.0001,0.0003,0.0013,0.0006,0.2409,0.7527,0.0032,0.0008,0.0002
CT005168,Zone_07,Zone_07,0.9875,0.0,0.0,0.0001,0.0003,0.0002,0.0003,0.9875,0.0112,0.0003,0.0001
CT008420,Zone_03,Zone_03,0.9985,0.0004,0.0004,0.9985,0.0006,0.0001,0.0,0.0,0.0,0.0,0.0
CT013432,Zone_08,Zone_08,0.9974,0.0,0.0,0.0001,0.0003,0.0007,0.0002,0.001,0.9974,0.0002,0.0001
CT009528,Zone_03,Zone_03,0.9983,0.0005,0.0004,0.9983,0.0005,0.0001,0.0,0.0,0.0,0.0,0.0001
CT009646,Zone_08,Zone_08,0.9948,0.0,0.0001,0.0001,0.0005,0.0011,0.0002,0.0026,0.9948,0.0003,0.0003
CT007356,Zone_05,Zone_05,0.9978,0.0,0.0001,0.0001,0.0006,0.9978,0.0,0.0006,0.0007,0.0001,0.0
CT007366,Zone_03,Zone_03,0.9984,0.0004,0.0005,0.9984,0.0005,0.0001,0.0,0.0,0.0,0.0,0.0001
CT006483,Zone_07,Zone_07,0.9244,0.0,0.0001,0.0002,0.0008,0.0005,0.0721,0.9244,0.0013,0.0005,0.0001
CT005963,Zone_08,Zone_08,0.9954,0.0,0.0,0.0001,0.0003,0.0008,0.0001,0.0026,0.9954,0.0003,0.0003
CT005657,Zone_06,Zone_06,0.9952,0.0,0.0,0.0001,0.0005,0.0002,0.9952,0.0029,0.0009,0.0001,0.0
CT001604,Zone_07,Zone_07,0.9654,0.0,0.0,0.0002,0.0007,0.0004,0.026,0.9654,0.0068,0.0005,0.0001
CT001776,Zone_07,Zone_07,0.8609,0.0,0.0,0.0001,0.0008,0.0011,0.0001,0.8609,0.1362,0.0005,0.0002
CT002184,Zone_03,Zone_03,0.9981,0.0005,0.0005,0.9981,0.0006,0.0001,0.0001,0.0,0.0,0.0,0.0001
CT010406,Zone_01,Zone_01,0.9983,0.9983,0.0007,0.0005,0.0004,0.0,0.0,0.0,0.0,0.0,0.0
CT004360,Zone_07,Zone_07,0.9903,0.0,0.0,0.0001,0.0003,0.0003,0.0008,0.9903,0.0077,0.0004,0.0001
CT019316,Zone_03,Zone_03,0.9984,0.0005,0.0005,0.9984,0.0004,0.0001,0.0,0.0,0.0,0.0,0.0001
CT017514,Zone_04,Zone_04,0.9966,0.0001,0.0003,0.0003,0.9966,0.0011,0.0002,0.0005,0.0009,0.0001,0.0
CT015877,Zone_06,Zone_06,0.9931,0.0,0.0,0.0001,0.0008,0.0002,0.9931,0.0038,0.0017,0.0002,0.0
CT009447,Zone_07,Zone_07,0.7354,0.0,0.0,0.0001,0.001,0.0011,0.0003,0.7354,0.2613,0.0005,0.0002
CT002853,Zone_07,Zone_07,0.9809,0.0,0.0001,0.0001,0.0005,0.0004,0.0016,0.9809,0.0157,0.0005,0.0002
CT003577,Zone_07,Zone_07,0.9514,0.0,0.0001,0.0002,0.0009,0.0006,0.043,0.9514,0.003,0.0006,0.0002
CT007796,Zone_07,Zone_08,0.6963,0.0,0.0001,0.0002,0.0005,0.0004,0.0003,0.3016,0.6963,0.0004,0.0002
CT007836,Zone_04,Zone_04,0.9958,0.0002,0.0005,0.0005,0.9958,0.0016,0.0002,0.0005,0.0007,0.0001,0.0
CT014447,Zone_08,Zone_08,0.5764,0.0,0.0001,0.0003,0.0006,0.0004,0.0004,0.4209,0.5764,0.0005,0.0003
CT000714,Zone_06,Zone_06,0.9997,0.0,0.0,0.0,0.0001,0.0,0.9997,0.0001,0.0001,0.0,0.0
CT017037,Zone_10,Zone_10,0.9992,0.0,0.0,0.0,0.0,0.0,0.0,0.0001,0.0001,0.0005,0.9992
CT013630,Zone_08,Zone_08,0.9983,0.0,0.0,0.0,0.0002,0.0004,0.0,0.0009,0.9983,0.0001,0.0001
CT010660,Zone_08,Zone_08,0.9966,0.0,0.0,0.0001,0.0004,0.0008,0.0004,0.0012,0.9966,0.0003,0.0002
CT000052,Zone_02,Zone_02,0.9984,0.0006,0.9984,0.0005,0.0005,0.0,0.0,0.0,0.0,0.0,0.0
CT019391,Zone_04,Zone_04,0.9978,0.0002,0.0004,0.0005,0.9978,0.0003,0.0001,0.0004,0.0003,0.0001,0.0
CT017627,Zone_08,Zone_08,0.9991,0.0,0.0,0.0,0.0001,0.0002,0.0,0.0004,0.9991,0.0001,0.0
CT001028,Zone_05,Zone_05,0.998,0.0,0.0001,0.0001,0.0006,0.998,0.0001,0.0003,0.0007,0.0001,0.0
CT010703,Zone_03,Zone_03,0.9982,0.0004,0.0006,0.9982,0.0006,0.0001,0.0,0.0,0.0,0.0,0.0
CT003315,Zone_04,Zone_04,0.9982,0.0001,0.0004,0.0003,0.9982,0.0003,0.0001,0.0003,0.0001,0.0001,0.0
CT008272,Zone_03,Zone_03,0.9984,0.0004,0.0004,0.9984,0.0006,0.0001,0.0,0.0,0.0,0.0,0.0
CT019381,Zone_02,Zone_02,0.9979,0.0007,0.9979,0.0006,0.0007,0.0001,0.0,0.0,0.0,0.0,0.0
CT006600,Zone_05,Zone_05,0.9978,0.0,0.0,0.0001,0.0004,0.9978,0.0,0.0007,0.0009,0.0001,0.0
CT006128,Zone_02,Zone_02,0.9982,0.0007,0.9982,0.0005,0.0006,0.0001,0.0,0.0,0.0,0.0,0.0
CT009926,Zone_10,Zone_10,0.9991,0.0,0.0,0.0,0.0,0.0,0.0,0.0001,0.0002,0.0006,0.9991
CT001353,Zone_04,Zone_04,0.9979,0.0002,0.0004,0.0004,0.9979,0.0003,0.0,0.0003,0.0003,0.0001,0.0
CT002561,Zone_08,Zone_08,0.9223,0.0,0.0,0.0001,0.0002,0.0002,0.0001,0.0768,0.9223,0.0002,0.0001
CT000322,Zone_08,Zone_08,0.9961,0.0,0.0,0.0001,0.0004,0.0009,0.0001,0.0018,0.9961,0.0003,0.0002
CT011146,Zone_07,Zone_08,0.5128,0.0,0.0001,0.0003,0.0007,0.0004,0.0018,0.4829,0.5128,0.0006,0.0003
CT005484,Zone_05,Zone_05,0.9984,0.0,0.0,0.0001,0.0005,0.9984,0.0001,0.0004,0.0004,0.0001,0.0
CT001103,Zone_07,Zone_07,0.9844,0.0,0.0,0.0001,0.0004,0.0003,0.0016,0.9844,0.0125,0.0005,0.0001
CT011025,Zone_04,Zone_04,0.9947,0.0007,0.0012,0.0012,0.9947,0.0004,0.001,0.0002,0.0001,0.0002,0.0002
CT011359,Zone_01,Zone_01,0.9985,0.9985,0.0007,0.0004,0.0003,0.0,0.0,0.0,0.0,0.0,0.0
CT014082,Zone_03,Zone_03,0.9983,0.0006,0.0005,0.9983,0.0004,0.0001,0.0,0.0,0.0,0.0,0.0001
CT001252,Zone_03,Zone_03,0.9982,0.0006,0.0005,0.9982,0.0005,0.0001,0.0,0.0,0.0,0.0,0.0001
CT004098,Zone_08,Zone_08,0.5876,0.0,0.0,0.0001,0.0003,0.0003,0.0001,0.411,0.5876,0.0004,0.0001
CT010098,Zone_10,Zone_10,0.9988,0.0,0.0,0.0,0.0,0.0,0.0,0.0002,0.0002,0.0007,0.9988
CT007311,Zone_05,Zone_05,0.9977,0.0,0.0,0.0001,0.0005,0.9977,0.0,0.0004,0.0011,0.0001,0.0
CT004684,Zone_08,Zone_08,0.8703,0.0,0.0001,0.0001,0.0003,0.0002,0.0003,0.1282,0.8703,0.0003,0.0002
CT013783,Zone_07,Zone_08,0.7595,0.0,0.0,0.0001,0.0002,0.0002,0.0001,0.2396,0.7595,0.0002,0.0001
CT015509,Zone_03,Zone_03,0.9982,0.0004,0.0005,0.9982,0.0007,0.0001,0.0,0.0,0.0,0.0,0.0
CT014916,Zone_01,Zone_01,0.9987,0.9987,0.0006,0.0004,0.0003,0.0,0.0,0.0,0.0,0.0,0.0
CT006085,Zone_03,Zone_03,0.9981,0.0006,0.0005,0.9981,0.0005,0.0001,0.0,0.0,0.0,0.0,0.0001
CT011541,Zone_07,Zone_07,0.9322,0.0,0.0001,0.0002,0.0008,0.0005,0.063,0.9322,0.0024,0.0007,0.0002
CT014396,Zone_01,Zone_01,0.9987,0.9987,0.0005,0.0004,0.0003,0.0,0.0,0.0,0.0,0.0,0.0
CT004921,Zone_05,Zone_05,0.9982,0.0,0.0001,0.0001,0.0005,0.9982,0.0002,0.0004,0.0005,0.0001,0.0
CT012287,Zone_07,Zone_07,0.9428,0.0,0.0001,0.0001,0.0011,0.0012,0.0061,0.9428,0.048,0.0004,0.0002
CT012410,Zone_07,Zone_08,0.6898,0.0,0.0001,0.0002,0.0004,0.0003,0.0002,0.3082,0.6898,0.0005,0.0003
CT012359,Zone_06,Zone_06,0.9989,0.0,0.0,0.0,0.0002,0.0001,0.9989,0.0005,0.0003,0.0,0.0
CT006848,Zone_08,Zone_08,0.9877,0.0,0.0001,0.0003,0.0013,0.0021,0.0027,0.0047,0.9877,0.0007,0.0005
CT015402,Zone_05,Zone_05,0.9986,0.0,0.0,0.0001,0.0004,0.9986,0.0001,0.0004,0.0003,0.0001,0.0
CT014963,Zone_02,Zone_02,0.9982,0.0006,0.9982,0.0005,0.0006,0.0001,0.0,0.0,0.0,0.0,0.0
CT012127,Zone_04,Zone_04,0.9977,0.0002,0.0004,0.0005,0.9977,0.0004,0.0002,0.0003,0.0003,0.0001,0.0
CT006397,Zone_07,Zone_07,0.9877,0.0,0.0,0.0001,0.0003,0.0002,0.0009,0.9877,0.0105,0.0002,0.0001
CT004945,Zone_07,Zone_07,0.9018,0.0,0.0,0.0001,0.0008,0.0011,0.0007,0.9018,0.0949,0.0004,0.0002
CT019370,Zone_07,Zone_08,0.8571,0.0,0.0,0.0001,0.0003,0.0002,0.0001,0.1419,0.8571,0.0002,0.0001
CT011784,Zone_08,Zone_08,0.8186,0.0,0.0001,0.0001,0.0003,0.0002,0.0001,0.1802,0.8186,0.0003,0.0001
CT008605,Zone_08,Zone_08,0.5579,0.0,0.0001,0.0002,0.0004,0.0004,0.0003,0.4403,0.5579,0.0003,0.0002
CT015199,Zone_03,Zone_03,0.9981,0.0005,0.0006,0.9981,0.0006,0.0001,0.0,0.0,0.0,0.0,0.0001
CT019332,Zone_07,Zone_08,0.5631,0.0,0.0001,0.0002,0.0005,0.0003,0.0006,0.4347,0.5631,0.0004,0.0002
CT009119,Zone_08,Zone_08,0.6553,0.0,0.0001,0.0002,0.0005,0.0004,0.0003,0.3425,0.6553,0.0004,0.0002
CT006581,Zone_07,Zone_07,0.898,0.0,0.0001,0.0001,0.0006,0.0004,0.0989,0.898,0.0011,0.0006,0.0002
CT005589,Zone_08,Zone_08,0.9975,0.0,0.0,0.0001,0.0003,0.0005,0.0,0.0013,0.9975,0.0002,0.0002
CT006872,Zone_08,Zone_07,0.8004,0.0,0.0001,0.0002,0.0013,0.0012,0.0005,0.8004,0.1956,0.0005,0.0002
CT008563,Zone_07,Zone_07,0.9534,0.0,0.0001,0.0003,0.001,0.0006,0.0396,0.9534,0.004,0.0008,0.0002
CT011130,Zone_07,Zone_07,0.9814,0.0,0.0,0.0001,0.0005,0.0004,0.0007,0.9814,0.0163,0.0004,0.0001
CT003852,Zone_04,Zone_04,0.9977,0.0002,0.0004,0.0005,0.9977,0.0004,0.0003,0.0003,0.0003,0.0001,0.0
CT007623,Zone_03,Zone_03,0.9981,0.0006,0.0006,0.9981,0.0005,0.0001,0.0,0.0,0.0,0.0,0.0001
CT015828,Zone_07,Zone_07,0.9031,0.0,0.0001,0.0002,0.0006,0.0005,0.0941,0.9031,0.0009,0.0004,0.0001
CT016460,Zone_04,Zone_04,0.9967,0.0002,0.0003,0.0004,0.9967,0.001,0.0,0.0004,0.001,0.0001,0.0
CT009274,Zone_07,Zone_08,0.5584,0.0,0.0,0.0001,0.0002,0.0001,0.0,0.4409,0.5584,0.0002,0.0001
CT008660,Zone_08,Zone_08,0.9986,0.0,0.0,0.0,0.0001,0.0003,0.0,0.0008,0.9986,0.0001,0.0001
CT005494,Zone_04,Zone_04,0.9967,0.0001,0.0003,0.0004,0.9967,0.001,0.0001,0.0006,0.0007,0.0001,0.0
CT011753,Zone_08,Zone_08,0.7611,0.0,0.0001,0.0002,0.0005,0.0004,0.0007,0.2363,0.7611,0.0005,0.0002
CT012187,Zone_02,Zone_02,0.9984,0.0007,0.9984,0.0004,0.0004,0.0,0.0,0.0,0.0,0.0,0.0
CT014550,Zone_02,Zone_02,0.9982,0.0006,0.9982,0.0006,0.0006,0.0001,0.0,0.0,0.0,0.0,0.0
CT018968,Zone_07,Zone_07,0.5646,0.0,0.0001,0.0002,0.0018,0.0018,0.0005,0.5646,0.4294,0.0011,0.0005
CT014013,Zone_07,Zone_07,0.9798,0.0,0.0,0.0001,0.0004,0.0002,0.0002,0.9798,0.0188,0.0003,0.0001
CT014086,Zone_04,Zone_04,0.9966,0.0002,0.0003,0.0004,0.9966,0.0009,0.0001,0.001,0.0004,0.0001,0.0
CT018953,Zone_06,Zone_06,0.9968,0.0,0.0,0.0,0.0004,0.0001,0.9968,0.0018,0.0008,0.0001,0.0
CT004587,Zone_07,Zone_07,0.866,0.0,0.0,0.0001,0.0008,0.001,0.0001,0.866,0.1312,0.0005,0.0002
CT015242,Zone_07,Zone_07,0.9925,0.0,0.0,0.0001,0.0003,0.0002,0.0008,0.9925,0.0057,0.0003,0.0001
CT007558,Zone_04,Zone_04,0.9971,0.0001,0.0003,0.0003,0.9971,0.0009,0.0003,0.0005,0.0003,0.0001,0.0
CT018485,Zone_07,Zone_07,0.97,0.0,0.0,0.0001,0.0004,0.0003,0.0006,0.97,0.028,0.0004,0.0001
CT019026,Zone_07,Zone_07,0.6489,0.0,0.0001,0.0001,0.0012,0.0016,0.0005,0.6489,0.3466,0.0006,0.0003
CT007057,Zone_07,Zone_07,0.9623,0.0,0.0001,0.0001,0.0006,0.0004,0.0339,0.9623,0.002,0.0005,0.0001
CT000573,Zone_08,Zone_08,0.9988,0.0,0.0,0.0,0.0001,0.0002,0.0,0.0006,0.9988,0.0001,0.0001
CT004311,Zone_07,Zone_07,0.721,0.0,0.0001,0.0003,0.0021,0.0022,0.0034,0.721,0.2698,0.0008,0.0004
CT010248,Zone_05,Zone_05,0.998,0.0,0.0001,0.0001,0.0006,0.998,0.0001,0.0005,0.0006,0.0001,0.0
CT008680,Zone_07,Zone_08,0.7101,0.0,0.0,0.0001,0.0003,0.0002,0.0001,0.2887,0.7101,0.0003,0.0001
CT014852,Zone_07,Zone_07,0.9865,0.0,0.0,0.0001,0.0005,0.0003,0.0044,0.9865,0.0077,0.0004,0.0001
CT009878,Zone_07,Zone_06,0.6183,0.0,0.0001,0.0001,0.0006,0.0003,0.6183,0.3798,0.0004,0.0003,0.0001
CT017732,Zone_02,Zone_02,0.9984,0.0006,0.9984,0.0004,0.0005,0.0001,0.0,0.0,0.0,0.0,0.0
CT012447,Zone_07,Zone_08,0.8361,0.0,0.0001,0.0001,0.0004,0.0003,0.0002,0.1623,0.8361,0.0003,0.0001
CT018192,Zone_03,Zone_03,0.9983,0.0004,0.0005,0.9983,0.0006,0.0001,0.0,0.0,0.0,0.0,0.0
CT014768,Zone_08,Zone_08,0.995,0.0,0.0,0.0001,0.0006,0.0009,0.0004,0.0022,0.995,0.0003,0.0002
CT018980,Zone_08,Zone_08,0.8419,0.0,0.0,0.0001,0.0002,0.0002,0.0001,0.1572,0.8419,0.0002,0.0001
CT017075,Zone_08,Zone_08,0.998,0.0,0.0,0.0,0.0002,0.0004,0.0001,0.001,0.998,0.0001,0.0001
CT010812,Zone_08,Zone_08,0.629,0.0,0.0002,0.0006,0.0016,0.0011,0.0017,0.3641,0.629,0.0012,0.0005
CT013717,Zone_08,Zone_08,0.5875,0.0,0.0001,0.0002,0.0005,0.0003,0.0005,0.4106,0.5875,0.0003,0.0002
CT012100,Zone_08,Zone_08,0.8564,0.0,0.0,0.0001,0.0002,0.0002,0.0001,0.1428,0.8564,0.0002,0.0001
CT002967,Zone_04,Zone_04,0.9972,0.0001,0.0003,0.0003,0.9972,0.0007,0.0001,0.0004,0.0008,0.0001,0.0
CT008202,Zone_10,Zone_10,0.9989,0.0,0.0,0.0,0.0,0.0,0.0,0.0001,0.0002,0.0007,0.9989
CT009506,Zone_08,Zone_08,0.8449,0.0,0.0,0.0001,0.0002,0.0002,0.0001,0.1542,0.8449,0.0002,0.0001
CT018480,Zone_03,Zone_03,0.9983,0.0005,0.0005,0.9983,0.0005,0.0001,0.0,0.0,0.0,0.0,0.0001
CT009950,Zone_07,Zone_07,0.935,0.0,0.0001,0.0001,0.001,0.0012,0.001,0.935,0.0608,0.0006,0.0002
CT005137,Zone_02,Zone_02,0.9985,0.0005,0.9985,0.0004,0.0006,0.0,0.0,0.0,0.0,0.0,0.0
CT002043,Zone_08,Zone_08,0.7871,0.0,0.0001,0.0002,0.0005,0.0004,0.0011,0.21,0.7871,0.0004,0.0002
CT006956,Zone_08,Zone_08,0.9979,0.0,0.0,0.0,0.0002,0.0005,0.0001,0.001,0.9979,0.0001,0.0001
CT003442,Zone_01,Zone_01,0.9984,0.9984,0.0006,0.0005,0.0004,0.0,0.0,0.0,0.0,0.0,0.0
CT017824,Zone_07,Zone_07,0.874,0.0,0.0001,0.0002,0.0006,0.0004,0.1235,0.874,0.0007,0.0005,0.0001
CT013005,Zone_08,Zone_08,0.9954,0.0,0.0,0.0001,0.0006,0.0008,0.0002,0.0023,0.9954,0.0003,0.0002
CT006435,Zone_07,Zone_08,0.5366,0.0,0.0001,0.0002,0.0005,0.0004,0.0003,0.4614,0.5366,0.0004,0.0002
CT014886,Zone_07,Zone_08,0.9228,0.0,0.0,0.0001,0.0002,0.0002,0.0001,0.0764,0.9228,0.0002,0.0001
CT015690,Zone_10,Zone_10,0.9989,0.0,0.0,0.0,0.0,0.0,0.0,0.0001,0.0002,0.0006,0.9989
CT019298,Zone_07,Zone_07,0.9704,0.0,0.0,0.0001,0.0006,0.0006,0.0011,0.9704,0.0267,0.0003,0.0001
CT001736,Zone_07,Zone_07,0.978,0.0,0.0,0.0001,0.0005,0.0003,0.0027,0.978,0.0178,0.0004,0.0001
CT015709,Zone_04,Zone_04,0.9976,0.0002,0.0005,0.0005,0.9976,0.0004,0.0001,0.0005,0.0001,0.0001,0.0
CT018558,Zone_01,Zone_01,0.9989,0.9989,0.0005,0.0004,0.0002,0.0,0.0,0.0,0.0,0.0,0.0
CT012394,Zone_02,Zone_02,0.9985,0.0005,0.9985,0.0004,0.0005,0.0001,0.0,0.0,0.0,0.0,0.0
CT014824,Zone_06,Zone_06,0.9998,0.0,0.0,0.0,0.0,0.0,0.9998,0.0001,0.0,0.0,0.0
CT012795,Zone_01,Zone_01,0.9989,0.9989,0.0005,0.0004,0.0002,0.0,0.0,0.0,0.0,0.0,0.0
CT005809,Zone_02,Zone_02,0.998,0.0009,0.998,0.0005,0.0005,0.0001,0.0,0.0,0.0,0.0,0.0
CT019615,Zone_04,Zone_04,0.9972,0.0001,0.0003,0.0003,0.9972,0.0009,0.0001,0.0003,0.0005,0.0001,0.0
CT014388,Zone_08,Zone_08,0.9953,0.0,0.0,0.0001,0.0006,0.001,0.0006,0.0018,0.9953,0.0003,0.0002
CT016434,Zone_06,Zone_06,0.9984,0.0,0.0,0.0,0.0002,0.0001,0.9984,0.0009,0.0004,0.0,0.0
CT000327,Zone_07,Zone_07,0.9886,0.0,0.0,0.0001,0.0002,0.0002,0.0002,0.9886,0.0102,0.0004,0.0001
CT013675,Zone_07,Zone_07,0.8462,0.0,0.0,0.0001,0.0009,0.0013,0.0004,0.8462,0.1504,0.0005,0.0002
CT005286,Zone_03,Zone_03,0.9984,0.0003,0.0004,0.9984,0.0006,0.0001,0.0,0.0,0.0,0.0,0.0
CT016966,Zone_07,Zone_08,0.617,0.0,0.0,0.0001,0.0003,0.0002,0.0,0.382,0.617,0.0003,0.0001
CT008176,Zone_06,Zone_06,0.9993,0.0,0.0,0.0,0.0001,0.0,0.9993,0.0005,0.0001,0.0,0.0
CT008244,Zone_05,Zone_05,0.9981,0.0,0.0,0.0001,0.0005,0.9981,0.0001,0.0002,0.0009,0.0001,0.0
CT002473,Zone_08,Zone_08,0.7024,0.0,0.0001,0.0002,0.0004,0.0003,0.0002,0.2958,0.7024,0.0004,0.0002
CT001855,Zone_07,Zone_07,0.9319,0.0,0.0,0.0001,0.0006,0.0004,0.0653,0.9319,0.0009,0.0004,0.0001
CT005475,Zone_08,Zone_08,0.72,0.0,0.0,0.0001,0.0003,0.0002,0.0001,0.2789,0.72,0.0002,0.0001
CT015934,Zone_10,Zone_10,0.9985,0.0,0.0,0.0,0.0,0.0,0.0,0.0002,0.0003,0.0009,0.9985
CT006628,Zone_08,Zone_08,0.696,0.0,0.0001,0.0003,0.0008,0.0006,0.0044,0.2968,0.696,0.0007,0.0003
CT012025,Zone_07,Zone_08,0.5662,0.0,0.0001,0.0002,0.0004,0.0003,0.0002,0.4318,0.5662,0.0005,0.0003
CT019266,Zone_06,Zone_06,0.9996,0.0,0.0,0.0,0.0001,0.0,0.9996,0.0002,0.0001,0.0,0.0
CT010615,Zone_07,Zone_08,0.7762,0.0,0.0001,0.0002,0.0007,0.0005,0.0019,0.2195,0.7762,0.0005,0.0003
CT009226,Zone_07,Zone_07,0.8486,0.0,0.0001,0.0002,0.0007,0.0005,0.1487,0.8486,0.0007,0.0004,0.0001
CT013100,Zone_05,Zone_05,0.9982,0.0,0.0,0.0001,0.0004,0.9982,0.0,0.0004,0.0007,0.0001,0.0
CT008225,Zone_04,Zone_04,0.9945,0.0007,0.0012,0.0016,0.9945,0.0005,0.0002,0.0005,0.0002,0.0003,0.0002
CT016089,Zone_07,Zone_07,0.6591,0.0,0.0001,0.0003,0.0008,0.0005,0.0024,0.6591,0.3358,0.0006,0.0003
CT019846,Zone_04,Zone_04,0.9963,0.0001,0.0004,0.0004,0.9963,0.0011,0.0001,0.0006,0.0008,0.0001,0.0
CT000487,Zone_08,Zone_08,0.9958,0.0,0.0001,0.0001,0.0006,0.001,0.0006,0.0012,0.9958,0.0004,0.0003
CT015888,Zone_03,Zone_03,0.9983,0.0004,0.0005,0.9983,0.0006,0.0001,0.0,0.0,0.0,0.0,0.0001
CT012030,Zone_07,Zone_07,0.8682,0.0,0.0,0.0001,0.0009,0.001,0.0002,0.8682,0.1288,0.0005,0.0002
CT002869,Zone_10,Zone_10,0.9989,0.0,0.0,0.0,0.0,0.0,0.0,0.0001,0.0003,0.0006,0.9989
CT019107,Zone_07,Zone_08,0.7888,0.0,0.0001,0.0002,0.0006,0.0004,0.0007,0.2084,0.7888,0.0005,0.0002
CT012004,Zone_09,Zone_09,0.9979,0.0,0.0,0.0,0.0,0.0001,0.0,0.0008,0.0005,0.9979,0.0006
CT001056,Zone_08,Zone_07,0.5237,0.0,0.0001,0.0001,0.0004,0.0003,0.0003,0.5237,0.4747,0.0003,0.0001
CT015614,Zone_02,Zone_02,0.9981,0.0008,0.9981,0.0005,0.0005,0.0001,0.0,0.0,0.0,0.0,0.0
CT011505,Zone_07,Zone_07,0.7924,0.0,0.0001,0.0002,0.0008,0.0005,0.2038,0.7924,0.0016,0.0005,0.0001
CT019745,Zone_01,Zone_01,0.9984,0.9984,0.0006,0.0006,0.0004,0.0,0.0,0.0,0.0,0.0,0.0
CT019455,Zone_08,Zone_07,0.6944,0.0,0.0,0.0001,0.0009,0.0014,0.0002,0.6944,0.3021,0.0005,0.0003
CT005040,Zone_07,Zone_07,0.9747,0.0,0.0,0.0001,0.0006,0.0003,0.0023,0.9747,0.0214,0.0004,0.0001
CT008970,Zone_07,Zone_07,0.9252,0.0,0.0,0.0001,0.0007,0.0007,0.0001,0.9252,0.0727,0.0004,0.0001
CT009631,Zone_07,Zone_07,0.9901,0.0,0.0,0.0001,0.0003,0.0002,0.0018,0.9901,0.0071,0.0003,0.0001
CT013859,Zone_07,Zone_07,0.8133,0.0,0.0001,0.0001,0.0012,0.0014,0.0007,0.8133,0.1825,0.0006,0.0002
CT010244,Zone_04,Zone_04,0.9962,0.0002,0.0004,0.0004,0.9962,0.0012,0.0,0.0005,0.001,0.0001,0.0
CT002195,Zone_07,Zone_08,0.7012,0.0,0.0,0.0001,0.0002,0.0002,0.0,0.2978,0.7012,0.0003,0.0001
CT014923,Zone_05,Zone_05,0.9985,0.0,0.0001,0.0001,0.0005,0.9985,0.0001,0.0003,0.0003,0.0001,0.0
CT013754,Zone_03,Zone_03,0.998,0.0005,0.0006,0.998,0.0007,0.0001,0.0,0.0,0.0,0.0,0.0001
CT009731,Zone_04,Zone_04,0.9973,0.0002,0.0005,0.0005,0.9973,0.0005,0.0001,0.0004,0.0004,0.0001,0.0
CT011796,Zone_08,Zone_08,0.6539,0.0,0.0,0.0001,0.0003,0.0002,0.0001,0.3449,0.6539,0.0003,0.0001
CT008277,Zone_08,Zone_08,0.9974,0.0,0.0,0.0001,0.0003,0.0005,0.0001,0.0012,0.9974,0.0002,0.0002
CT011177,Zone_08,Zone_08,0.996,0.0,0.0,0.0001,0.0005,0.0007,0.0004,0.002,0.996,0.0002,0.0001
CT018164,Zone_07,Zone_07,0.9619,0.0,0.0001,0.0003,0.0008,0.0006,0.0046,0.9619,0.0304,0.0009,0.0004
CT015404,Zone_08,Zone_08,0.5058,0.0,0.0002,0.0004,0.0008,0.0005,0.0052,0.486,0.5058,0.0008,0.0003
CT011406,Zone_08,Zone_08,0.9975,0.0,0.0,0.0001,0.0002,0.0005,0.0,0.0013,0.9975,0.0002,0.0001
CT005337,Zone_08,Zone_08,0.6736,0.0,0.0001,0.0002,0.0004,0.0003,0.0002,0.3246,0.6736,0.0004,0.0002
CT013059,Zone_08,Zone_08,0.9972,0.0,0.0,0.0001,0.0003,0.0005,0.0,0.0016,0.9972,0.0002,0.0001
CT019856,Zone_01,Zone_01,0.9987,0.9987,0.0005,0.0004,0.0003,0.0,0.0,0.0,0.0,0.0,0.0
CT015549,Zone_07,Zone_07,0.9654,0.0,0.0001,0.0001,0.0006,0.0004,0.0009,0.9654,0.0318,0.0006,0.0002
CT018322,Zone_08,Zone_08,0.8888,0.0,0.0001,0.0001,0.0003,0.0002,0.0001,0.1101,0.8888,0.0002,0.0001
CT015866,Zone_03,Zone_03,0.9982,0.0005,0.0005,0.9982,0.0006,0.0001,0.0001,0.0,0.0,0.0,0.0
CT004840,Zone_03,Zone_03,0.998,0.0005,0.0006,0.998,0.0007,0.0001,0.0,0.0,0.0,0.0,0.0001
CT019831,Zone_08,Zone_08,0.8286,0.0,0.0001,0.0001,0.0003,0.0002,0.0002,0.1699,0.8286,0.0003,0.0002
CT000584,Zone_05,Zone_05,0.9986,0.0,0.0,0.0001,0.0004,0.9986,0.0002,0.0003,0.0003,0.0001,0.0
CT002715,Zone_07,Zone_07,0.9106,0.0,0.0001,0.0004,0.0011,0.0008,0.0827,0.9106,0.003,0.0009,0.0003
CT008232,Zone_01,Zone_01,0.9987,0.9987,0.0006,0.0004,0.0003,0.0,0.0,0.0,0.0,0.0,0.0
CT013894,Zone_08,Zone_08,0.9973,0.0,0.0,0.0001,0.0003,0.0004,0.0,0.0017,0.9973,0.0002,0.0001
CT017287,Zone_07,Zone_07,0.9197,0.0,0.0,0.0001,0.0007,0.0009,0.0004,0.9197,0.0776,0.0004,0.0002
CT014399,Zone_01,Zone_01,0.9984,0.9984,0.0006,0.0004,0.0005,0.0,0.0,0.0,0.0,0.0,0.0
CT000737,Zone_01,Zone_01,0.9986,0.9986,0.0006,0.0004,0.0003,0.0,0.0,0.0,0.0,0.0,0.0
CT002456,Zone_07,Zone_07,0.9009,0.0,0.0001,0.0002,0.0011,0.0016,0.0015,0.9009,0.0937,0.0007,0.0003
CT007087,Zone_07,Zone_07,0.9835,0.0,0.0,0.0001,0.0004,0.0003,0.0006,0.9835,0.0146,0.0003,0.0001
CT018088,Zone_07,Zone_07,0.7693,0.0,0.0001,0.0002,0.0007,0.0006,0.227,0.7693,0.0013,0.0006,0.0002
CT018167,Zone_10,Zone_10,0.9989,0.0,0.0,0.0,0.0,0.0,0.0,0.0001,0.0003,0.0006,0.9989
CT000427,Zone_04,Zone_04,0.9951,0.0005,0.0009,0.0013,0.9951,0.0005,0.0,0.0006,0.0009,0.0002,0.0001
CT008322,Zone_08,Zone_07,0.8386,0.0,0.0001,0.0002,0.001,0.0017,0.0005,0.8386,0.1571,0.0006,0.0003
CT010503,Zone_01,Zone_01,0.9981,0.9981,0.0007,0.0006,0.0005,0.0,0.0,0.0,0.0,0.0,0.0001
CT015277,Zone_01,Zone_01,0.9988,0.9988,0.0005,0.0004,0.0002,0.0,0.0,0.0,0.0,0.0,0.0
CT011340,Zone_01,Zone_01,0.9986,0.9986,0.0006,0.0005,0.0003,0.0,0.0,0.0,0.0,0.0,0.0
CT018592,Zone_04,Zone_04,0.9968,0.0001,0.0003,0.0003,0.9968,0.0011,0.0006,0.0002,0.0004,0.0001,0.0
CT012430,Zone_08,Zone_08,0.9964,0.0,0.0,0.0001,0.0005,0.0007,0.0004,0.0014,0.9964,0.0003,0.0001
CT006697,Zone_04,Zone_04,0.9961,0.0001,0.0003,0.0004,0.9961,0.0014,0.0001,0.0005,0.001,0.0001,0.0
CT008012,Zone_08,Zone_08,0.8066,0.0,0.0,0.0001,0.0002,0.0002,0.0001,0.1922,0.8066,0.0003,0.0002
CT018561,Zone_08,Zone_08,0.9968,0.0,0.0,0.0,0.0002,0.0004,0.0,0.0022,0.9968,0.0002,0.0001
CT002003,Zone_10,Zone_10,0.9991,0.0,0.0,0.0,0.0,0.0,0.0,0.0001,0.0001,0.0006,0.9991
CT017050,Zone_02,Zone_02,0.9985,0.0006,0.9985,0.0004,0.0004,0.0,0.0,0.0,0.0,0.0,0.0
CT004540,Zone_05,Zone_05,0.9979,0.0,0.0,0.0001,0.0005,0.9979,0.0,0.0004,0.0009,0.0001,0.0
CT002668,Zone_02,Zone_02,0.9981,0.0006,0.9981,0.0005,0.0006,0.0001,0.0,0.0,0.0,0.0,0.0
CT001412,Zone_10,Zone_10,0.9985,0.0,0.0,0.0,0.0,0.0,0.0,0.0001,0.0005,0.0008,0.9985
CT002754,Zone_03,Zone_03,0.9983,0.0005,0.0005,0.9983,0.0006,0.0001,0.0,0.0,0.0,0.0,0.0001
CT000839,Zone_08,Zone_08,0.9974,0.0,0.0,0.0001,0.0003,0.0005,0.0001,0.0013,0.9974,0.0002,0.0001
CT002311,Zone_09,Zone_09,0.9983,0.0,0.0,0.0,0.0,0.0001,0.0003,0.0004,0.0003,0.9983,0.0006
CT007775,Zone_08,Zone_08,0.6808,0.0,0.0001,0.0002,0.0005,0.0004,0.0006,0.3167,0.6808,0.0004,0.0003
CT017053,Zone_07,Zone_08,0.613,0.0,0.0,0.0001,0.0004,0.0002,0.0002,0.3856,0.613,0.0002,0.0001
CT008233,Zone_06,Zone_06,0.9996,0.0,0.0,0.0,0.0001,0.0,0.9996,0.0002,0.0001,0.0,0.0
CT011366,Zone_06,Zone_06,0.9991,0.0,0.0,0.0,0.0001,0.0,0.9991,0.0006,0.0001,0.0,0.0
CT010243,Zone_04,Zone_04,0.9951,0.0007,0.001,0.0012,0.9951,0.0005,0.0003,0.0006,0.0002,0.0002,0.0002
CT017671,Zone_08,Zone_08,0.5479,0.0,0.0001,0.0002,0.0005,0.0003,0.0005,0.4498,0.5479,0.0004,0.0002
CT003248,Zone_07,Zone_07,0.9896,0.0,0.0,0.0001,0.0004,0.0003,0.002,0.9896,0.0071,0.0004,0.0001
CT007111,Zone_10,Zone_10,0.999,0.0,0.0,0.0,0.0,0.0,0.0,0.0001,0.0001,0.0007,0.999
CT016547,Zone_04,Zone_04,0.9978,0.0002,0.0005,0.0005,0.9978,0.0004,0.0001,0.0003,0.0002,0.0001,0.0
CT009284,Zone_01,Zone_01,0.9987,0.9987,0.0006,0.0004,0.0003,0.0,0.0,0.0,0.0,0.0,0.0
CT003263,Zone_02,Zone_02,0.9982,0.0005,0.9982,0.0005,0.0006,0.0001,0.0,0.0,0.0,0.0,0.0
CT012936,Zone_04,Zone_04,0.9974,0.0002,0.0004,0.0005,0.9974,0.0004,0.0004,0.0004,0.0001,0.0001,0.0
CT004961,Zone_03,Zone_03,0.9982,0.0005,0.0005,0.9982,0.0005,0.0001,0.0001,0.0,0.0,0.0,0.0
CT008511,Zone_04,Zone_04,0.9975,0.0002,0.0005,0.0005,0.9975,0.0004,0.0001,0.0004,0.0002,0.0001,0.0
CT012653,Zone_03,Zone_03,0.9981,0.0006,0.0005,0.9981,0.0005,0.0001,0.0,0.0,0.0,0.0,0.0001
CT013904,Zone_07,Zone_07,0.8233,0.0,0.0,0.0001,0.0006,0.0008,0.0001,0.8233,0.1747,0.0003,0.0001
CT004273,Zone_07,Zone_07,0.9825,0.0,0.0,0.0001,0.0004,0.0004,0.001,0.9825,0.015,0.0005,0.0002
CT008118,Zone_04,Zone_04,0.9973,0.0001,0.0002,0.0002,0.9973,0.0008,0.0001,0.0003,0.0009,0.0,0.0
CT008796,Zone_07,Zone_08,0.7808,0.0,0.0001,0.0001,0.0003,0.0003,0.0001,0.2178,0.7808,0.0003,0.0002
CT019703,Zone_08,Zone_08,0.6835,0.0,0.0001,0.0002,0.0004,0.0004,0.0004,0.3145,0.6835,0.0004,0.0002
CT005835,Zone_07,Zone_07,0.6936,0.0,0.0,0.0001,0.0008,0.0012,0.0005,0.6936,0.3029,0.0006,0.0002
CT014369,Zone_10,Zone_10,0.9992,0.0,0.0,0.0,0.0,0.0,0.0,0.0001,0.0002,0.0005,0.9992
CT003366,Zone_04,Zone_04,0.9954,0.0002,0.0004,0.0004,0.9954,0.0014,0.0,0.0008,0.0013,0.0001,0.0
CT010839,Zone_03,Zone_03,0.9983,0.0004,0.0005,0.9983,0.0006,0.0001,0.0,0.0,0.0,0.0,0.0
CT017418,Zone_07,Zone_07,0.9742,0.0,0.0001,0.0002,0.0006,0.0005,0.0056,0.9742,0.0181,0.0006,0.0002
CT018039,Zone_07,Zone_07,0.7082,0.0,0.0001,0.0002,0.001,0.0006,0.2879,0.7082,0.0011,0.0007,0.0002
CT007267,Zone_04,Zone_04,0.9971,0.0001,0.0003,0.0003,0.9971,0.0009,0.0003,0.0003,0.0005,0.0001,0.0
CT010795,Zone_03,Zone_03,0.9981,0.0005,0.0005,0.9981,0.0006,0.0001,0.0,0.0,0.0,0.0,0.0001
CT002191,Zone_03,Zone_03,0.9981,0.0005,0.0006,0.9981,0.0006,0.0001,0.0,0.0,0.0,0.0,0.0001
CT015316,Zone_07,Zone_07,0.913,0.0,0.0,0.0001,0.001,0.0013,0.0008,0.913,0.0828,0.0006,0.0003
CT004035,Zone_03,Zone_03,0.9982,0.0005,0.0005,0.9982,0.0006,0.0001,0.0,0.0,0.0,0.0,0.0
CT008400,Zone_07,Zone_07,0.9534,0.0,0.0,0.0001,0.0005,0.0003,0.0003,0.9534,0.0449,0.0004,0.0001
CT015297,Zone_03,Zone_03,0.9983,0.0006,0.0005,0.9983,0.0004,0.0001,0.0,0.0,0.0,0.0,0.0001
CT016871,Zone_10,Zone_10,0.9989,0.0,0.0,0.0,0.0,0.0,0.0,0.0001,0.0003,0.0007,0.9989
CT012611,Zone_07,Zone_08,0.8481,0.0,0.0,0.0001,0.0002,0.0002,0.0001,0.151,0.8481,0.0002,0.0001
CT018414,Zone_02,Zone_02,0.9983,0.0006,0.9983,0.0005,0.0006,0.0001,0.0,0.0,0.0,0.0,0.0
CT017258,Zone_04,Zone_04,0.9971,0.0001,0.0003,0.0003,0.9971,0.0009,0.0004,0.0004,0.0003,0.0001,0.0
CT014932,Zone_01,Zone_01,0.9986,0.9986,0.0006,0.0005,0.0003,0.0,0.0,0.0,0.0,0.0,0.0
CT015310,Zone_04,Zone_04,0.9976,0.0001,0.0003,0.0004,0.9976,0.0003,0.0,0.0006,0.0005,0.0001,0.0
CT014226,Zone_10,Zone_10,0.9993,0.0,0.0,0.0,0.0,0.0,0.0,0.0001,0.0001,0.0005,0.9993
CT010508,Zone_03,Zone_03,0.9981,0.0005,0.0005,0.9981,0.0006,0.0001,0.0,0.0,0.0,0.0,0.0001
CT006627,Zone_08,Zone_08,0.7844,0.0,0.0001,0.0001,0.0003,0.0002,0.0001,0.2144,0.7844,0.0003,0.0001
CT002688,Zone_08,Zone_08,0.5476,0.0,0.0,0.0001,0.0002,0.0002,0.0,0.4515,0.5476,0.0002,0.0001
CT009669,Zone_06,Zone_06,0.9997,0.0,0.0,0.0,0.0001,0.0,0.9997,0.0001,0.0002,0.0,0.0
CT012969,Zone_02,Zone_02,0.9985,0.0005,0.9985,0.0004,0.0004,0.0,0.0,0.0,0.0,0.0,0.0
CT018299,Zone_07,Zone_07,0.9691,0.0,0.0001,0.0001,0.0005,0.0004,0.0007,0.9691,0.0282,0.0006,0.0002
CT011243,Zone_07,Zone_07,0.8794,0.0,0.0,0.0001,0.0005,0.0008,0.0001,0.8794,0.1186,0.0004,0.0001
CT009304,Zone_07,Zone_07,0.7092,0.0,0.0,0.0001,0.0009,0.0014,0.0003,0.7092,0.2872,0.0007,0.0002
CT007916,Zone_10,Zone_10,0.9989,0.0,0.0,0.0,0.0,0.0,0.0,0.0001,0.0004,0.0005,0.9989
CT019588,Zone_04,Zone_04,0.9953,0.0005,0.0009,0.001,0.9953,0.0004,0.0011,0.0002,0.0002,0.0001,0.0001
CT004764,Zone_07,Zone_07,0.8478,0.0,0.0,0.0001,0.0009,0.0014,0.0014,0.8478,0.1474,0.0006,0.0002
CT011164,Zone_10,Zone_10,0.9991,0.0,0.0,0.0,0.0,0.0,0.0,0.0001,0.0002,0.0006,0.9991
CT000371,Zone_07,Zone_07,0.9735,0.0,0.0,0.0001,0.0004,0.0002,0.0001,0.9735,0.0252,0.0004,0.0001
CT009564,Zone_07,Zone_08,0.6451,0.0,0.0001,0.0002,0.0006,0.0005,0.0017,0.351,0.6451,0.0005,0.0002
CT015301,Zone_03,Zone_03,0.9985,0.0005,0.0004,0.9985,0.0004,0.0001,0.0,0.0,0.0,0.0,0.0
CT003417,Zone_07,Zone_08,0.8298,0.0,0.0001,0.0002,0.0004,0.0003,0.0005,0.1678,0.8298,0.0005,0.0003
CT002819,Zone_08,Zone_08,0.9988,0.0,0.0,0.0,0.0002,0.0004,0.0001,0.0002,0.9988,0.0001,0.0001
CT017991,Zone_02,Zone_02,0.9983,0.0007,0.9983,0.0005,0.0005,0.0001,0.0,0.0,0.0,0.0,0.0
CT018277,Zone_04,Zone_04,0.9968,0.0001,0.0003,0.0003,0.9968,0.0007,0.001,0.0005,0.0002,0.0001,0.0
CT008207,Zone_05,Zone_05,0.9979,0.0,0.0001,0.0001,0.0006,0.9979,0.0,0.0005,0.0007,0.0001,0.0
CT002328,Zone_01,Zone_01,0.9988,0.9988,0.0005,0.0004,0.0002,0.0,0.0,0.0,0.0,0.0,0.0
CT017127,Zone_04,Zone_04,0.9971,0.0001,0.0004,0.0004,0.9971,0.001,0.0001,0.0003,0.0006,0.0001,0.0
CT005729,Zone_06,Zone_06,0.9954,0.0,0.0,0.0,0.0004,0.0001,0.9954,0.0023,0.0015,0.0001,0.0
CT006738,Zone_08,Zone_08,0.6683,0.0,0.0,0.0001,0.0002,0.0002,0.0001,0.3307,0.6683,0.0003,0.0001
CT007313,Zone_08,Zone_08,0.996,0.0,0.0,0.0001,0.0004,0.0008,0.0002,0.0019,0.996,0.0003,0.0002
CT003514,Zone_10,Zone_10,0.999,0.0,0.0,0.0,0.0,0.0,0.0,0.0001,0.0001,0.0006,0.999
CT003779,Zone_07,Zone_07,0.9838,0.0,0.0,0.0001,0.0006,0.0004,0.0021,0.9838,0.0123,0.0005,0.0002
CT010705,Zone_01,Zone_01,0.9987,0.9987,0.0005,0.0005,0.0003,0.0,0.0,0.0,0.0,0.0,0.0
CT016455,Zone_03,Zone_03,0.9983,0.0004,0.0005,0.9983,0.0005,0.0001,0.0001,0.0,0.0,0.0,0.0001
CT012672,Zone_06,Zone_06,0.9997,0.0,0.0,0.0,0.0,0.0,0.9997,0.0002,0.0,0.0,0.0
CT000627,Zone_07,Zone_07,0.9911,0.0,0.0,0.0001,0.0004,0.0003,0.0027,0.9911,0.0049,0.0003,0.0001
CT003870,Zone_08,Zone_08,0.9984,0.0,0.0,0.0,0.0002,0.0004,0.0,0.0006,0.9984,0.0002,0.0001
CT011939,Zone_04,Zone_04,0.9971,0.0001,0.0003,0.0003,0.9971,0.0008,0.0005,0.0005,0.0003,0.0001,0.0
CT016853,Zone_02,Zone_02,0.998,0.0007,0.998,0.0006,0.0006,0.0001,0.0,0.0,0.0,0.0,0.0
CT017578,Zone_02,Zone_02,0.9983,0.0007,0.9983,0.0005,0.0005,0.0001,0.0,0.0,0.0,0.0,0.0
CT012818,Zone_07,Zone_07,0.8075,0.0,0.0001,0.0002,0.0008,0.0004,0.1899,0.8075,0.0006,0.0005,0.0001
CT012290,Zone_04,Zone_04,0.9963,0.0001,0.0003,0.0003,0.9963,0.001,0.0,0.0011,0.0008,0.0001,0.0
CT001289,Zone_08,Zone_08,0.9978,0.0,0.0,0.0,0.0002,0.0004,0.0,0.0012,0.9978,0.0002,0.0001
CT018636,Zone_07,Zone_07,0.9876,0.0,0.0,0.0001,0.0004,0.0003,0.0029,0.9876,0.0081,0.0005,0.0001
CT018644,Zone_04,Zone_04,0.9975,0.0002,0.0004,0.0005,0.9975,0.0004,0.0001,0.0006,0.0001,0.0001,0.0
CT002098,Zone_08,Zone_08,0.9923,0.0,0.0,0.0001,0.0007,0.0011,0.0002,0.0048,0.9923,0.0004,0.0003
CT010167,Zone_06,Zone_06,0.9999,0.0,0.0,0.0,0.0,0.0,0.9999,0.0001,0.0,0.0,0.0
CT015097,Zone_08,Zone_08,0.8051,0.0,0.0,0.0001,0.0003,0.0002,0.0003,0.1936,0.8051,0.0002,0.0001
CT019367,Zone_04,Zone_04,0.9953,0.0006,0.0012,0.0014,0.9953,0.0004,0.0002,0.0003,0.0002,0.0002,0.0001
CT006704,Zone_03,Zone_03,0.998,0.0005,0.0006,0.998,0.0006,0.0001,0.0,0.0,0.0,0.0,0.0001
CT018113,Zone_08,Zone_08,0.5034,0.0,0.0001,0.0001,0.0003,0.0002,0.0002,0.4952,0.5034,0.0004,0.0002
CT007587,Zone_03,Zone_03,0.9984,0.0005,0.0005,0.9984,0.0004,0.0001,0.0001,0.0,0.0,0.0,0.0
CT015729,Zone_06,Zone_06,0.9936,0.0,0.0,0.0001,0.0007,0.0002,0.9936,0.0035,0.0017,0.0002,0.0
CT006123,Zone_08,Zone_08,0.6197,0.0,0.0,0.0001,0.0003,0.0002,0.0,0.3791,0.6197,0.0003,0.0001
CT008104,Zone_08,Zone_08,0.6219,0.0,0.0001,0.0002,0.0005,0.0004,0.0006,0.3757,0.6219,0.0004,0.0002
CT011614,Zone_07,Zone_07,0.9925,0.0,0.0,0.0001,0.0003,0.0002,0.0004,0.9925,0.0061,0.0003,0.0001
CT012529,Zone_08,Zone_08,0.7177,0.0,0.0001,0.0001,0.0004,0.0004,0.0006,0.2803,0.7177,0.0003,0.0001
CT005793,Zone_03,Zone_03,0.9982,0.0003,0.0003,0.9982,0.0009,0.0001,0.0,0.0,0.0,0.0,0.0
CT010160,Zone_07,Zone_07,0.9914,0.0,0.0,0.0001,0.0003,0.0002,0.0012,0.9914,0.0063,0.0003,0.0001
CT012390,Zone_07,Zone_07,0.9892,0.0,0.0,0.0001,0.0003,0.0003,0.0017,0.9892,0.0079,0.0004,0.0001
CT006317,Zone_08,Zone_08,0.5656,0.0,0.0,0.0001,0.0008,0.0014,0.0001,0.4311,0.5656,0.0006,0.0002
CT004354,Zone_02,Zone_02,0.9982,0.0006,0.9982,0.0005,0.0006,0.0001,0.0,0.0,0.0,0.0,0.0
CT018924,Zone_01,Zone_01,0.9985,0.9985,0.0006,0.0004,0.0003,0.0,0.0,0.0,0.0,0.0,0.0
CT001710,Zone_04,Zone_04,0.9973,0.0002,0.0004,0.0005,0.9973,0.0005,0.0001,0.0005,0.0004,0.0001,0.0
CT009989,Zone_04,Zone_04,0.997,0.0001,0.0003,0.0004,0.997,0.0009,0.0003,0.0006,0.0003,0.0001,0.0
CT012517,Zone_07,Zone_07,0.8802,0.0,0.0,0.0001,0.0006,0.001,0.0001,0.8802,0.1174,0.0003,0.0001
CT013695,Zone_01,Zone_01,0.9985,0.9985,0.0006,0.0004,0.0004,0.0,0.0,0.0,0.0,0.0,0.0
CT004105,Zone_06,Zone_06,0.9965,0.0,0.0,0.0,0.0003,0.0001,0.9965,0.0014,0.0015,0.0001,0.0
CT001482,Zone_02,Zone_02,0.9985,0.0005,0.9985,0.0004,0.0004,0.0001,0.0,0.0,0.0,0.0,0.0
CT017599,Zone_03,Zone_03,0.9983,0.0005,0.0004,0.9983,0.0006,0.0001,0.0,0.0,0.0,0.0,0.0001
CT014961,Zone_04,Zone_04,0.9951,0.0006,0.0011,0.0012,0.9951,0.0005,0.0007,0.0003,0.0001,0.0002,0.0002
CT000886,Zone_05,Zone_05,0.9983,0.0,0.0001,0.0001,0.0005,0.9983,0.0002,0.0005,0.0003,0.0001,0.0
CT003517,Zone_07,Zone_07,0.5483,0.0,0.0001,0.0002,0.0004,0.0002,0.0001,0.5483,0.4501,0.0004,0.0002
CT007880,Zone_10,Zone_10,0.9991,0.0001,0.0,0.0,0.0,0.0,0.0,0.0001,0.0001,0.0006,0.9991
CT002883,Zone_07,Zone_07,0.8336,0.0,0.0,0.0001,0.0012,0.0014,0.0006,0.8336,0.1621,0.0006,0.0002
CT013795,Zone_04,Zone_04,0.9933,0.0007,0.0013,0.0016,0.9933,0.0004,0.0019,0.0005,0.0001,0.0002,0.0002
CT005089,Zone_10,Zone_10,0.999,0.0,0.0,0.0,0.0,0.0,0.0,0.0001,0.0001,0.0007,0.999
CT015738,Zone_10,Zone_10,0.9991,0.0,0.0,0.0,0.0,0.0,0.0,0.0001,0.0001,0.0006,0.9991
CT006985,Zone_04,Zone_04,0.9973,0.0001,0.0003,0.0003,0.9973,0.0009,0.0001,0.0005,0.0004,0.0,0.0
CT010528,Zone_08,Zone_08,0.6987,0.0,0.0001,0.0002,0.0005,0.0003,0.0002,0.2995,0.6987,0.0004,0.0002
CT001193,Zone_07,Zone_07,0.8083,0.0,0.0,0.0001,0.0006,0.0003,0.1895,0.8083,0.0006,0.0004,0.0001
CT008655,Zone_04,Zone_04,0.9948,0.0002,0.0003,0.0004,0.9948,0.0011,0.0,0.0008,0.0022,0.0001,0.0
CT007655,Zone_01,Zone_01,0.9988,0.9988,0.0006,0.0004,0.0002,0.0,0.0,0.0,0.0,0.0,0.0
CT003460,Zone_07,Zone_07,0.9703,0.0,0.0001,0.0001,0.0006,0.0004,0.0027,0.9703,0.0251,0.0005,0.0002
CT012214,Zone_07,Zone_07,0.9361,0.0,0.0,0.0001,0.0004,0.0002,0.0623,0.9361,0.0005,0.0003,0.0001
CT007427,Zone_09,Zone_09,0.9983,0.0,0.0,0.0,0.0,0.0001,0.0001,0.0002,0.0006,0.9983,0.0007
CT005887,Zone_04,Zone_04,0.9946,0.0009,0.0014,0.0015,0.9946,0.0005,0.0003,0.0004,0.0001,0.0002,0.0002
CT012514,Zone_08,Zone_08,0.7537,0.0,0.0001,0.0002,0.0004,0.0003,0.0003,0.2443,0.7537,0.0004,0.0002
CT019565,Zone_03,Zone_03,0.9983,0.0006,0.0005,0.9983,0.0005,0.0001,0.0,0.0,0.0,0.0,0.0001
CT008165,Zone_05,Zone_05,0.9972,0.0,0.0,0.0001,0.0006,0.9972,0.0,0.0006,0.0014,0.0001,0.0
CT009647,Zone_08,Zone_08,0.9984,0.0,0.0,0.0,0.0002,0.0004,0.0001,0.0006,0.9984,0.0001,0.0001
CT000822,Zone_08,Zone_08,0.6912,0.0,0.0001,0.0001,0.0004,0.0003,0.0001,0.3072,0.6912,0.0004,0.0002
CT019069,Zone_07,Zone_07,0.8896,0.0,0.0001,0.0003,0.0012,0.0014,0.092,0.8896,0.0146,0.0004,0.0003
CT005639,Zone_02,Zone_02,0.9982,0.0006,0.9982,0.0006,0.0005,0.0001,0.0,0.0,0.0,0.0,0.0
CT014822,Zone_08,Zone_08,0.7069,0.0,0.0,0.0001,0.0002,0.0002,0.0,0.2923,0.7069,0.0002,0.0001
CT003142,Zone_01,Zone_01,0.9986,0.9986,0.0006,0.0004,0.0003,0.0,0.0,0.0,0.0,0.0,0.0
CT019976,Zone_05,Zone_05,0.9984,0.0,0.0001,0.0001,0.0004,0.9984,0.0001,0.0005,0.0004,0.0001,0.0
CT019278,Zone_08,Zone_08,0.9976,0.0,0.0,0.0,0.0003,0.0005,0.0,0.0013,0.9976,0.0001,0.0001
CT002975,Zone_07,Zone_07,0.8853,0.0,0.0,0.0001,0.0006,0.0009,0.0001,0.8853,0.1126,0.0003,0.0001
CT018639,Zone_08,Zone_08,0.7118,0.0,0.0001,0.0001,0.0004,0.0003,0.0003,0.2867,0.7118,0.0003,0.0001
CT004502,Zone_08,Zone_08,0.9975,0.0,0.0,0.0001,0.0004,0.0006,0.0003,0.0008,0.9975,0.0002,0.0001
CT006537,Zone_03,Zone_03,0.9982,0.0005,0.0005,0.9982,0.0006,0.0001,0.0,0.0,0.0,0.0,0.0001
CT014690,Zone_07,Zone_07,0.9327,0.0,0.0,0.0001,0.0005,0.0003,0.0652,0.9327,0.0008,0.0003,0.0001
CT012345,Zone_07,Zone_07,0.9869,0.0,0.0,0.0001,0.0004,0.0003,0.0012,0.9869,0.0107,0.0004,0.0001
CT002046,Zone_02,Zone_02,0.9983,0.0006,0.9983,0.0005,0.0005,0.0001,0.0,0.0,0.0,0.0,0.0
CT011364,Zone_04,Zone_04,0.9981,0.0001,0.0003,0.0003,0.9981,0.0004,0.0001,0.0002,0.0002,0.0001,0.0
CT016376,Zone_07,Zone_07,0.9906,0.0,0.0,0.0001,0.0002,0.0002,0.0002,0.9906,0.0084,0.0002,0.0001
CT017115,Zone_04,Zone_04,0.9974,0.0002,0.0004,0.0004,0.9974,0.0005,0.0001,0.0004,0.0005,0.0001,0.0
CT010478,Zone_08,Zone_08,0.9981,0.0,0.0,0.0,0.0002,0.0005,0.0,0.001,0.9981,0.0001,0.0001
CT003125,Zone_01,Zone_01,0.9985,0.9985,0.0006,0.0004,0.0004,0.0,0.0,0.0,0.0,0.0,0.0
CT010142,Zone_07,Zone_07,0.9936,0.0,0.0,0.0001,0.0004,0.0002,0.0045,0.9936,0.0009,0.0002,0.0001
CT016566,Zone_08,Zone_08,0.6711,0.0,0.0001,0.0002,0.0004,0.0003,0.0009,0.3263,0.6711,0.0004,0.0002
CT018608,Zone_08,Zone_08,0.7353,0.0,0.0001,0.0002,0.0004,0.0003,0.0002,0.2629,0.7353,0.0004,0.0002
CT002021,Zone_07,Zone_08,0.7198,0.0,0.0001,0.0001,0.0004,0.0003,0.0002,0.2786,0.7198,0.0004,0.0001
CT006610,Zone_02,Zone_02,0.9981,0.0006,0.9981,0.0005,0.0007,0.0001,0.0,0.0,0.0,0.0,0.0
CT016630,Zone_02,Zone_02,0.9983,0.0006,0.9983,0.0005,0.0006,0.0001,0.0,0.0,0.0,0.0,0.0
CT001696,Zone_08,Zone_07,0.6423,0.0,0.0,0.0001,0.001,0.0012,0.0003,0.6423,0.3544,0.0005,0.0002
CT017528,Zone_07,Zone_07,0.9664,0.0,0.0,0.0001,0.0005,0.0003,0.0309,0.9664,0.0011,0.0004,0.0001
CT009106,Zone_08,Zone_08,0.7561,0.0,0.0001,0.0002,0.0005,0.0003,0.001,0.2413,0.7561,0.0004,0.0002
CT018103,Zone_03,Zone_03,0.9983,0.0004,0.0005,0.9983,0.0006,0.0001,0.0,0.0,0.0,0.0,0.0
CT016471,Zone_05,Zone_05,0.9983,0.0,0.0,0.0001,0.0005,0.9983,0.0,0.0005,0.0004,0.0001,0.0
CT014430,Zone_07,Zone_07,0.513,0.0,0.0002,0.0005,0.001,0.0006,0.0089,0.513,0.4746,0.0009,0.0004
CT010898,Zone_07,Zone_07,0.9849,0.0,0.0,0.0001,0.0004,0.0003,0.0013,0.9849,0.0125,0.0004,0.0001
CT016542,Zone_08,Zone_08,0.9989,0.0,0.0,0.0,0.0002,0.0003,0.0001,0.0003,0.9989,0.0001,0.0001
CT014322,Zone_08,Zone_08,0.9101,0.0,0.0,0.0001,0.0002,0.0001,0.0,0.0893,0.9101,0.0002,0.0001
CT019318,Zone_03,Zone_03,0.9985,0.0004,0.0004,0.9985,0.0005,0.0001,0.0,0.0,0.0,0.0,0.0001
CT003741,Zone_01,Zone_01,0.999,0.999,0.0005,0.0003,0.0002,0.0,0.0,0.0,0.0,0.0,0.0
CT012190,Zone_03,Zone_03,0.9981,0.0004,0.0005,0.9981,0.0007,0.0001,0.0,0.0,0.0,0.0,0.0001
CT004990,Zone_03,Zone_03,0.9982,0.0005,0.0005,0.9982,0.0006,0.0001,0.0,0.0,0.0,0.0,0.0001
CT010139,Zone_05,Zone_05,0.9983,0.0,0.0,0.0001,0.0005,0.9983,0.0,0.0004,0.0006,0.0001,0.0
CT009829,Zone_08,Zone_08,0.9987,0.0,0.0,0.0,0.0002,0.0004,0.0001,0.0004,0.9987,0.0001,0.0001
CT014161,Zone_08,Zone_08,0.9874,0.0,0.0001,0.0002,0.001,0.0016,0.0029,0.0056,0.9874,0.0007,0.0004
CT006238,Zone_08,Zone_08,0.726,0.0,0.0,0.0001,0.0004,0.0002,0.0003,0.2726,0.726,0.0003,0.0001
CT014687,Zone_01,Zone_01,0.9988,0.9988,0.0005,0.0004,0.0003,0.0,0.0,0.0,0.0,0.0,0.0
CT004295,Zone_07,Zone_07,0.9782,0.0,0.0,0.0001,0.0005,0.0004,0.0008,0.9782,0.0194,0.0004,0.0001
CT010359,Zone_08,Zone_08,0.6495,0.0,0.0,0.0001,0.0003,0.0003,0.0001,0.3493,0.6495,0.0003,0.0001
CT012143,Zone_07,Zone_07,0.967,0.0,0.0,0.0001,0.0004,0.0003,0.0307,0.967,0.001,0.0004,0.0001
CT002818,Zone_07,Zone_08,0.7468,0.0,0.0001,0.0002,0.0004,0.0003,0.0003,0.2513,0.7468,0.0004,0.0002
CT002169,Zone_04,Zone_04,0.9971,0.0002,0.0003,0.0003,0.9971,0.0008,0.0007,0.0002,0.0002,0.0,0.0
CT011079,Zone_01,Zone_01,0.9987,0.9987,0.0005,0.0004,0.0003,0.0,0.0,0.0,0.0,0.0,0.0
CT010915,Zone_10,Zone_10,0.9987,0.0,0.0,0.0,0.0,0.0,0.0,0.0001,0.0002,0.0008,0.9987
CT009010,Zone_02,Zone_02,0.998,0.0007,0.998,0.0006,0.0007,0.0001,0.0,0.0,0.0,0.0,0.0
CT019178,Zone_03,Zone_03,0.9986,0.0004,0.0004,0.9986,0.0005,0.0001,0.0,0.0,0.0,0.0,0.0
CT008347,Zone_08,Zone_08,0.6021,0.0,0.0001,0.0001,0.0003,0.0002,0.0002,0.3966,0.6021,0.0003,0.0001
CT013132,Zone_07,Zone_07,0.9888,0.0,0.0,0.0001,0.0005,0.0003,0.0015,0.9888,0.0081,0.0005,0.0002
CT003956,Zone_07,Zone_08,0.7824,0.0,0.0001,0.0002,0.0005,0.0004,0.0008,0.2149,0.7824,0.0005,0.0003
CT012468,Zone_03,Zone_03,0.9982,0.0004,0.0006,0.9982,0.0005,0.0001,0.0,0.0,0.0,0.0,0.0001
CT009678,Zone_08,Zone_08,0.784,0.0,0.0,0.0001,0.0003,0.0003,0.0001,0.2148,0.784,0.0002,0.0001
CT004308,Zone_04,Zone_04,0.9971,0.0001,0.0003,0.0003,0.9971,0.0008,0.0001,0.0007,0.0006,0.0001,0.0
CT014919,Zone_07,Zone_07,0.9615,0.0,0.0,0.0001,0.0004,0.0003,0.0004,0.9615,0.0366,0.0005,0.0001
CT002891,Zone_03,Zone_03,0.9983,0.0004,0.0005,0.9983,0.0007,0.0001,0.0,0.0,0.0,0.0,0.0
CT004875,Zone_07,Zone_07,0.9372,0.0,0.0,0.0001,0.0009,0.001,0.0004,0.9372,0.0598,0.0004,0.0001
CT004176,Zone_07,Zone_07,0.7722,0.0,0.0,0.0001,0.0006,0.0009,0.0001,0.7722,0.2254,0.0005,0.0002
CT006787,Zone_08,Zone_08,0.9976,0.0,0.0,0.0001,0.0003,0.0005,0.0003,0.0007,0.9976,0.0002,0.0001
CT014596,Zone_08,Zone_08,0.9204,0.0,0.0,0.0001,0.0003,0.0002,0.0001,0.0785,0.9204,0.0002,0.0001
CT019773,Zone_07,Zone_07,0.8898,0.0,0.0001,0.0001,0.0009,0.0012,0.0005,0.8898,0.1063,0.0007,0.0003
CT003083,Zone_08,Zone_07,0.5717,0.0,0.0001,0.0002,0.0005,0.0003,0.0006,0.5717,0.4261,0.0004,0.0001
CT013466,Zone_02,Zone_02,0.9984,0.0005,0.9984,0.0004,0.0006,0.0001,0.0,0.0,0.0,0.0,0.0
CT008204,Zone_08,Zone_08,0.5071,0.0,0.0001,0.0003,0.0004,0.0003,0.0007,0.4903,0.5071,0.0005,0.0003
CT017426,Zone_06,Zone_06,0.9971,0.0,0.0,0.0,0.0004,0.0001,0.9971,0.0012,0.0009,0.0001,0.0
CT005764,Zone_10,Zone_10,0.9989,0.0,0.0,0.0,0.0,0.0,0.0,0.0001,0.0002,0.0006,0.9989
CT004184,Zone_08,Zone_08,0.9948,0.0,0.0,0.0001,0.0006,0.0008,0.0002,0.0028,0.9948,0.0004,0.0002
CT016110,Zone_06,Zone_06,0.9992,0.0,0.0,0.0,0.0001,0.0,0.9992,0.0005,0.0002,0.0,0.0
CT005712,Zone_07,Zone_07,0.8169,0.0,0.0,0.0001,0.0008,0.0011,0.0002,0.8169,0.1802,0.0005,0.0002
CT003240,Zone_04,Zone_04,0.9963,0.0002,0.0004,0.0004,0.9963,0.0012,0.0001,0.0004,0.001,0.0001,0.0
CT009098,Zone_05,Zone_05,0.9981,0.0,0.0001,0.0001,0.0005,0.9981,0.0001,0.0007,0.0003,0.0001,0.0
CT019193,Zone_08,Zone_08,0.9986,0.0,0.0,0.0,0.0002,0.0003,0.0001,0.0005,0.9986,0.0001,0.0001
CT006023,Zone_03,Zone_03,0.9984,0.0004,0.0005,0.9984,0.0005,0.0001,0.0,0.0,0.0,0.0,0.0001
CT011941,Zone_07,Zone_07,0.8862,0.0,0.0001,0.0002,0.0011,0.0015,0.0017,0.8862,0.1083,0.0007,0.0003
CT011593,Zone_06,Zone_06,0.9975,0.0,0.0,0.0,0.0002,0.0001,0.9975,0.0017,0.0004,0.0001,0.0
CT001697,Zone_01,Zone_01,0.9986,0.9986,0.0006,0.0004,0.0003,0.0,0.0,0.0,0.0,0.0,0.0
CT013413,Zone_08,Zone_08,0.8074,0.0,0.0,0.0001,0.0003,0.0003,0.0002,0.1912,0.8074,0.0002,0.0001
CT016404,Zone_07,Zone_07,0.575,0.0,0.0,0.0001,0.001,0.0011,0.0002,0.575,0.422,0.0005,0.0002
CT016903,Zone_08,Zone_07,0.8653,0.0,0.0,0.0001,0.0007,0.0009,0.0002,0.8653,0.132,0.0006,0.0002
CT005401,Zone_07,Zone_07,0.5357,0.0,0.0001,0.0001,0.0003,0.0002,0.0001,0.5357,0.463,0.0003,0.0001
CT012368,Zone_01,Zone_01,0.9987,0.9987,0.0006,0.0004,0.0002,0.0,0.0,0.0,0.0,0.0,0.0
CT006162,Zone_07,Zone_07,0.8641,0.0,0.0,0.0001,0.0005,0.0007,0.0,0.8641,0.1342,0.0003,0.0001
CT002773,Zone_07,Zone_07,0.8913,0.0,0.0,0.0001,0.0006,0.0004,0.1057,0.8913,0.0011,0.0005,0.0001
CT003352,Zone_03,Zone_03,0.9983,0.0004,0.0005,0.9983,0.0006,0.0001,0.0,0.0,0.0,0.0,0.0
CT011647,Zone_08,Zone_08,0.7164,0.0,0.0,0.0001,0.0004,0.0002,0.0002,0.2822,0.7164,0.0002,0.0001
CT014740,Zone_07,Zone_07,0.9832,0.0,0.0001,0.0001,0.0006,0.0004,0.0044,0.9832,0.0104,0.0006,0.0002
CT011561,Zone_07,Zone_07,0.9271,0.0,0.0,0.0002,0.001,0.0006,0.0659,0.9271,0.0044,0.0006,0.0001
CT019624,Zone_03,Zone_03,0.9979,0.0006,0.0006,0.9979,0.0007,0.0001,0.0,0.0,0.0,0.0,0.0001
CT009604,Zone_05,Zone_05,0.998,0.0,0.0,0.0001,0.0004,0.998,0.0,0.0004,0.001,0.0001,0.0
CT004121,Zone_10,Zone_10,0.9988,0.0,0.0,0.0,0.0,0.0,0.0,0.0002,0.0002,0.0007,0.9988
CT002436,Zone_10,Zone_10,0.9992,0.0,0.0,0.0,0.0,0.0,0.0,0.0001,0.0001,0.0005,0.9992
CT016317,Zone_08,Zone_08,0.7634,0.0,0.0,0.0001,0.0002,0.0002,0.0,0.2357,0.7634,0.0002,0.0001
CT001303,Zone_07,Zone_07,0.9846,0.0,0.0001,0.0002,0.0007,0.0003,0.0046,0.9846,0.0089,0.0005,0.0002
CT014955,Zone_07,Zone_08,0.6536,0.0,0.0001,0.0002,0.0007,0.0004,0.0012,0.343,0.6536,0.0006,0.0003
CT003109,Zone_01,Zone_01,0.9986,0.9986,0.0006,0.0004,0.0003,0.0,0.0,0.0,0.0,0.0,0.0
CT014514,Zone_07,Zone_08,0.6635,0.0,0.0,0.0001,0.0002,0.0002,0.0,0.3356,0.6635,0.0002,0.0001
CT015660,Zone_07,Zone_07,0.9793,0.0,0.0,0.0001,0.0004,0.0003,0.0005,0.9793,0.0186,0.0005,0.0002
CT001169,Zone_07,Zone_07,0.9638,0.0,0.0001,0.0002,0.0009,0.0007,0.0027,0.9638,0.0306,0.0008,0.0003
CT016196,Zone_08,Zone_07,0.9121,0.0,0.0,0.0001,0.0008,0.0009,0.0003,0.9121,0.0849,0.0005,0.0002
CT003239,Zone_04,Zone_04,0.9963,0.0001,0.0003,0.0003,0.9963,0.001,0.0,0.001,0.0008,0.0001,0.0
CT009944,Zone_07,Zone_07,0.8948,0.0,0.0,0.0001,0.0008,0.0013,0.0004,0.8948,0.102,0.0004,0.0002
CT005272,Zone_07,Zone_07,0.7705,0.0,0.0001,0.0003,0.0014,0.0008,0.223,0.7705,0.0026,0.001,0.0003
CT008716,Zone_02,Zone_02,0.9982,0.0007,0.9982,0.0005,0.0006,0.0001,0.0,0.0,0.0,0.0,0.0
CT013102,Zone_03,Zone_03,0.9982,0.0004,0.0005,0.9982,0.0006,0.0001,0.0,0.0,0.0,0.0,0.0
CT004460,Zone_07,Zone_07,0.6729,0.0,0.0001,0.0002,0.0012,0.0008,0.3214,0.6729,0.0027,0.0007,0.0002
CT001005,Zone_08,Zone_08,0.8819,0.0,0.0,0.0001,0.0003,0.0002,0.0004,0.1168,0.8819,0.0003,0.0001
CT008089,Zone_08,Zone_08,0.9923,0.0,0.0001,0.0002,0.0009,0.0012,0.0025,0.0021,0.9923,0.0004,0.0003
CT019203,Zone_04,Zone_04,0.9974,0.0001,0.0004,0.0004,0.9974,0.0004,0.0009,0.0003,0.0001,0.0001,0.0
CT005305,Zone_02,Zone_02,0.9981,0.0006,0.9981,0.0006,0.0006,0.0001,0.0,0.0,0.0,0.0,0.0
CT001744,Zone_10,Zone_10,0.9989,0.0,0.0,0.0,0.0,0.0,0.0,0.0001,0.0004,0.0006,0.9989
CT009339,Zone_08,Zone_07,0.8633,0.0,0.0,0.0001,0.0006,0.0008,0.0001,0.8633,0.1347,0.0003,0.0001
CT016789,Zone_07,Zone_07,0.9876,0.0,0.0,0.0001,0.0004,0.0003,0.0025,0.9876,0.0083,0.0005,0.0001
CT016552,Zone_07,Zone_08,0.5511,0.0,0.0001,0.0002,0.0007,0.0004,0.0012,0.4456,0.5511,0.0004,0.0002
CT007964,Zone_08,Zone_07,0.5168,0.0,0.0,0.0001,0.0004,0.0003,0.0001,0.5168,0.4818,0.0003,0.0001
CT001142,Zone_07,Zone_07,0.9958,0.0,0.0,0.0,0.0002,0.0001,0.0001,0.9958,0.0036,0.0001,0.0
CT019606,Zone_07,Zone_07,0.8921,0.0,0.0,0.0,0.0004,0.0005,0.0,0.8921,0.1065,0.0002,0.0001
CT004707,Zone_03,Zone_03,0.9978,0.0007,0.0006,0.9978,0.0006,0.0001,0.0,0.0,0.0,0.0,0.0001
CT005179,Zone_07,Zone_07,0.8601,0.0,0.0001,0.0001,0.001,0.0017,0.002,0.8601,0.1342,0.0006,0.0003
CT006858,Zone_04,Zone_04,0.997,0.0002,0.0003,0.0004,0.997,0.0009,0.0001,0.0003,0.0006,0.0001,0.0
CT000205,Zone_02,Zone_02,0.9986,0.0006,0.9986,0.0004,0.0004,0.0,0.0,0.0,0.0,0.0,0.0
CT012970,Zone_05,Zone_05,0.9974,0.0,0.0,0.0001,0.0006,0.9974,0.0,0.0007,0.0011,0.0001,0.0
CT007943,Zone_08,Zone_07,0.5336,0.0,0.0001,0.0002,0.0005,0.0004,0.0007,0.5336,0.4638,0.0004,0.0002
CT003592,Zone_04,Zone_04,0.9972,0.0001,0.0003,0.0003,0.9972,0.0009,0.0001,0.0003,0.0007,0.0001,0.0
CT002483,Zone_03,Zone_03,0.9984,0.0004,0.0005,0.9984,0.0005,0.0001,0.0,0.0,0.0,0.0,0.0001
CT009311,Zone_01,Zone_01,0.9986,0.9986,0.0006,0.0004,0.0003,0.0,0.0,0.0,0.0,0.0,0.0
CT010354,Zone_07,Zone_07,0.9829,0.0,0.0001,0.0001,0.0005,0.0004,0.0043,0.9829,0.011,0.0006,0.0002
CT005979,Zone_03,Zone_03,0.9983,0.0005,0.0004,0.9983,0.0006,0.0001,0.0,0.0,0.0,0.0,0.0
CT001453,Zone_07,Zone_07,0.9815,0.0,0.0001,0.0002,0.0006,0.0004,0.0147,0.9815,0.0021,0.0005,0.0001
CT017140,Zone_01,Zone_01,0.9988,0.9988,0.0006,0.0004,0.0002,0.0,0.0,0.0,0.0,0.0,0.0
CT005952,Zone_08,Zone_08,0.9914,0.0,0.0001,0.0002,0.0008,0.0013,0.0019,0.0033,0.9914,0.0006,0.0003
CT008506,Zone_04,Zone_04,0.998,0.0001,0.0004,0.0004,0.998,0.0003,0.0002,0.0002,0.0003,0.0001,0.0
CT011785,Zone_07,Zone_08,0.5487,0.0,0.0001,0.0002,0.0005,0.0005,0.0002,0.4489,0.5487,0.0005,0.0003
CT001918,Zone_08,Zone_08,0.7877,0.0,0.0,0.0001,0.0003,0.0002,0.0001,0.2113,0.7877,0.0002,0.0001
CT009736,Zone_08,Zone_08,0.5445,0.0,0.0,0.0001,0.0003,0.0003,0.0001,0.4543,0.5445,0.0003,0.0002
CT004706,Zone_04,Zone_04,0.9975,0.0001,0.0003,0.0004,0.9975,0.0003,0.0008,0.0003,0.0002,0.0001,0.0
CT005903,Zone_03,Zone_03,0.9979,0.0004,0.0006,0.9979,0.0008,0.0001,0.0,0.0,0.0,0.0,0.0
CT002576,Zone_08,Zone_08,0.9071,0.0,0.0,0.0001,0.0003,0.0002,0.0001,0.0919,0.9071,0.0002,0.0001
CT013165,Zone_04,Zone_04,0.998,0.0001,0.0004,0.0003,0.998,0.0003,0.0002,0.0005,0.0001,0.0001,0.0
CT010026,Zone_03,Zone_03,0.9979,0.0004,0.0005,0.9979,0.0006,0.0001,0.0005,0.0,0.0,0.0,0.0
CT002036,Zone_07,Zone_07,0.985,0.0,0.0,0.0001,0.0005,0.0003,0.002,0.985,0.0117,0.0004,0.0001
CT010975,Zone_07,Zone_08,0.6231,0.0,0.0001,0.0002,0.0006,0.0004,0.0019,0.373,0.6231,0.0004,0.0002
CT018960,Zone_04,Zone_04,0.9967,0.0001,0.0003,0.0004,0.9967,0.0009,0.0,0.0008,0.0007,0.0001,0.0
CT000500,Zone_07,Zone_07,0.8907,0.0,0.0,0.0001,0.0007,0.0011,0.0001,0.8907,0.1067,0.0004,0.0002
CT004778,Zone_03,Zone_03,0.9979,0.0006,0.0005,0.9979,0.0007,0.0001,0.0,0.0,0.0,0.0,0.0001
CT005045,Zone_04,Zone_04,0.9944,0.0007,0.0013,0.0016,0.9944,0.0006,0.0005,0.0003,0.0002,0.0002,0.0002
CT008137,Zone_07,Zone_07,0.8302,0.0,0.0,0.0001,0.0008,0.001,0.0002,0.8302,0.1671,0.0004,0.0002
CT007134,Zone_08,Zone_08,0.9981,0.0,0.0,0.0,0.0002,0.0003,0.0,0.0013,0.9981,0.0001,0.0001
CT011170,Zone_07,Zone_07,0.9811,0.0,0.0001,0.0001,0.0006,0.0003,0.0032,0.9811,0.014,0.0004,0.0001
CT000797,Zone_02,Zone_02,0.9982,0.0005,0.9982,0.0004,0.0007,0.0001,0.0,0.0,0.0,0.0,0.0
CT009627,Zone_01,Zone_01,0.9985,0.9985,0.0007,0.0004,0.0003,0.0,0.0,0.0,0.0,0.0,0.0
CT006074,Zone_01,Zone_01,0.999,0.999,0.0004,0.0003,0.0002,0.0,0.0,0.0,0.0,0.0,0.0
CT013382,Zone_08,Zone_08,0.9987,0.0,0.0,0.0,0.0002,0.0003,0.0,0.0004,0.9987,0.0001,0.0001
CT003550,Zone_07,Zone_07,0.9533,0.0,0.0,0.0001,0.0005,0.0003,0.0446,0.9533,0.0007,0.0004,0.0001
CT007020,Zone_08,Zone_07,0.7509,0.0,0.0,0.0001,0.0008,0.0011,0.0001,0.7509,0.2464,0.0004,0.0002
CT011897,Zone_04,Zone_04,0.9971,0.0001,0.0004,0.0003,0.9971,0.0009,0.0001,0.0006,0.0003,0.0001,0.0
CT017288,Zone_07,Zone_08,0.6567,0.0,0.0,0.0001,0.0003,0.0002,0.0001,0.3422,0.6567,0.0002,0.0001
CT007030,Zone_06,Zone_06,0.9997,0.0,0.0,0.0,0.0001,0.0,0.9997,0.0001,0.0001,0.0,0.0
CT000342,Zone_10,Zone_10,0.9986,0.0,0.0,0.0,0.0,0.0,0.0,0.0002,0.0003,0.0008,0.9986
CT019378,Zone_10,Zone_10,0.999,0.0,0.0,0.0,0.0,0.0,0.0,0.0001,0.0001,0.0006,0.999
CT004858,Zone_07,Zone_08,0.673,0.0,0.0001,0.0002,0.0005,0.0003,0.0014,0.3239,0.673,0.0004,0.0002
CT000135,Zone_08,Zone_08,0.7349,0.0,0.0001,0.0002,0.0006,0.0005,0.0012,0.2618,0.7349,0.0004,0.0002
CT000204,Zone_03,Zone_03,0.9982,0.0005,0.0005,0.9982,0.0005,0.0001,0.0,0.0,0.0,0.0,0.0001
CT012579,Zone_04,Zone_04,0.9975,0.0001,0.0004,0.0004,0.9975,0.0004,0.0004,0.0003,0.0003,0.0001,0.0
CT006862,Zone_06,Zone_06,0.999,0.0,0.0,0.0,0.0002,0.0,0.999,0.0005,0.0002,0.0,0.0
CT018247,Zone_08,Zone_07,0.5374,0.0,0.0001,0.0002,0.0006,0.0005,0.0014,0.5374,0.4593,0.0004,0.0002
CT002023,Zone_02,Zone_02,0.9982,0.0006,0.9982,0.0004,0.0006,0.0001,0.0,0.0,0.0,0.0,0.0
CT005972,Zone_02,Zone_02,0.998,0.0008,0.998,0.0005,0.0005,0.0001,0.0,0.0,0.0,0.0,0.0
CT006911,Zone_07,Zone_07,0.9842,0.0,0.0,0.0001,0.0004,0.0003,0.0012,0.9842,0.0131,0.0005,0.0001
CT011320,Zone_04,Zone_04,0.995,0.0007,0.0012,0.0015,0.995,0.0004,0.0002,0.0003,0.0002,0.0002,0.0002
CT003689,Zone_08,Zone_08,0.7694,0.0,0.0,0.0001,0.0002,0.0003,0.0,0.2296,0.7694,0.0001,0.0002
CT019772,Zone_02,Zone_02,0.9985,0.0005,0.9985,0.0004,0.0005,0.0001,0.0,0.0,0.0,0.0,0.0
CT010250,Zone_10,Zone_10,0.9991,0.0,0.0,0.0,0.0,0.0,0.0,0.0001,0.0001,0.0006,0.9991
CT010602,Zone_07,Zone_07,0.9646,0.0,0.0001,0.0001,0.0006,0.0005,0.0013,0.9646,0.0319,0.0007,0.0002
CT003667,Zone_01,Zone_01,0.9986,0.9986,0.0006,0.0004,0.0003,0.0,0.0,0.0,0.0,0.0,0.0
CT018941,Zone_05,Zone_05,0.9983,0.0,0.0,0.0001,0.0005,0.9983,0.0001,0.0004,0.0005,0.0001,0.0
CT016730,Zone_07,Zone_07,0.9769,0.0,0.0001,0.0002,0.0005,0.0004,0.001,0.9769,0.0202,0.0005,0.0002
CT013433,Zone_04,Zone_04,0.9971,0.0001,0.0003,0.0003,0.9971,0.0008,0.0001,0.0004,0.0008,0.0001,0.0
CT011475,Zone_02,Zone_02,0.9985,0.0005,0.9985,0.0004,0.0005,0.0001,0.0,0.0,0.0,0.0,0.0
CT014092,Zone_07,Zone_07,0.8213,0.0,0.0,0.0001,0.0006,0.0008,0.0001,0.8213,0.1767,0.0003,0.0001
CT017296,Zone_10,Zone_10,0.9993,0.0,0.0,0.0,0.0,0.0,0.0,0.0,0.0002,0.0004,0.9993
CT019746,Zone_08,Zone_08,0.6394,0.0,0.0001,0.0002,0.0004,0.0003,0.0001,0.359,0.6394,0.0004,0.0002
CT019742,Zone_07,Zone_07,0.9733,0.0,0.0001,0.0002,0.0007,0.0005,0.0022,0.9733,0.0221,0.0007,0.0002
CT017035,Zone_04,Zone_04,0.9966,0.0001,0.0003,0.0003,0.9966,0.0011,0.0001,0.0007,0.0007,0.0001,0.0
CT017985,Zone_07,Zone_08,0.6695,0.0,0.0,0.0001,0.0003,0.0002,0.0001,0.3291,0.6695,0.0004,0.0001
CT000902,Zone_04,Zone_04,0.9954,0.0006,0.001,0.0013,0.9954,0.0005,0.0002,0.0002,0.0004,0.0002,0.0002
CT015889,Zone_10,Zone_10,0.9989,0.0,0.0,0.0,0.0,0.0,0.0,0.0001,0.0001,0.0007,0.9989
CT009121,Zone_08,Zone_08,0.6831,0.0,0.0001,0.0001,0.0004,0.0003,0.0001,0.3152,0.6831,0.0004,0.0002
CT015019,Zone_02,Zone_02,0.9981,0.0007,0.9981,0.0005,0.0005,0.0001,0.0,0.0,0.0,0.0,0.0
CT000959,Zone_08,Zone_08,0.9869,0.0,0.0001,0.0002,0.0011,0.0018,0.0033,0.0056,0.9869,0.0006,0.0004
CT015715,Zone_07,Zone_08,0.7021,0.0,0.0,0.0001,0.0003,0.0003,0.0002,0.2965,0.7021,0.0003,0.0001
CT011272,Zone_04,Zone_04,0.9973,0.0001,0.0004,0.0004,0.9973,0.0006,0.0003,0.0005,0.0003,0.0,0.0
CT003544,Zone_01,Zone_01,0.9984,0.9984,0.0006,0.0005,0.0004,0.0,0.0,0.0,0.0,0.0,0.0
CT005647,Zone_08,Zone_08,0.7292,0.0,0.0001,0.0002,0.0004,0.0003,0.0008,0.2686,0.7292,0.0003,0.0001
CT002735,Zone_04,Zone_04,0.9977,0.0002,0.0004,0.0004,0.9977,0.0004,0.0001,0.0005,0.0001,0.0001,0.0
CT007999,Zone_04,Zone_04,0.9945,0.0009,0.0012,0.0015,0.9945,0.0005,0.0004,0.0005,0.0001,0.0002,0.0002
CT016570,Zone_02,Zone_02,0.9984,0.0005,0.9984,0.0005,0.0005,0.0001,0.0,0.0,0.0,0.0,0.0
CT017223,Zone_04,Zone_04,0.9941,0.0008,0.0013,0.0017,0.9941,0.0005,0.0001,0.0005,0.0005,0.0003,0.0002
CT016269,Zone_07,Zone_07,0.9893,0.0,0.0,0.0001,0.0003,0.0002,0.0005,0.9893,0.0092,0.0003,0.0001
CT015275,Zone_08,Zone_08,0.8731,0.0,0.0,0.0001,0.0003,0.0002,0.0001,0.1258,0.8731,0.0003,0.0001
CT009516,Zone_10,Zone_10,0.9989,0.0,0.0,0.0,0.0,0.0,0.0,0.0001,0.0002,0.0007,0.9989
CT004908,Zone_03,Zone_03,0.998,0.0005,0.0006,0.998,0.0006,0.0001,0.0002,0.0,0.0,0.0,0.0
CT017372,Zone_08,Zone_08,0.9954,0.0,0.0,0.0001,0.0005,0.0008,0.0005,0.0023,0.9954,0.0003,0.0002
CT011372,Zone_08,Zone_08,0.9984,0.0,0.0,0.0,0.0002,0.0004,0.0001,0.0006,0.9984,0.0001,0.0001
CT017441,Zone_02,Zone_02,0.9984,0.0005,0.9984,0.0005,0.0005,0.0001,0.0,0.0,0.0,0.0,0.0
CT019729,Zone_02,Zone_02,0.9984,0.0006,0.9984,0.0004,0.0006,0.0001,0.0,0.0,0.0,0.0,0.0
CT000450,Zone_08,Zone_08,0.7761,0.0,0.0001,0.0001,0.0004,0.0003,0.0003,0.2223,0.7761,0.0003,0.0001
CT011216,Zone_03,Zone_03,0.9985,0.0004,0.0004,0.9985,0.0004,0.0001,0.0,0.0,0.0,0.0,0.0001
CT015149,Zone_04,Zone_04,0.9971,0.0001,0.0003,0.0003,0.9971,0.0011,0.0002,0.0004,0.0004,0.0001,0.0
CT006728,Zone_04,Zone_04,0.9969,0.0002,0.0005,0.0006,0.9969,0.0005,0.0007,0.0004,0.0001,0.0001,0.0
CT017680,Zone_07,Zone_07,0.8846,0.0,0.0,0.0001,0.0006,0.0009,0.0001,0.8846,0.113,0.0005,0.0002
CT013533,Zone_01,Zone_01,0.9985,0.9985,0.0007,0.0004,0.0003,0.0,0.0,0.0,0.0,0.0,0.0
CT012449,Zone_07,Zone_07,0.951,0.0,0.0001,0.0003,0.0009,0.0008,0.0043,0.951,0.0416,0.0008,0.0003
CT018882,Zone_08,Zone_08,0.6814,0.0,0.0,0.0001,0.0002,0.0002,0.0,0.3177,0.6814,0.0002,0.0001
CT019070,Zone_07,Zone_07,0.8557,0.0,0.0,0.0001,0.0005,0.0008,0.0001,0.8557,0.1422,0.0004,0.0002
CT018079,Zone_01,Zone_01,0.9984,0.9984,0.0006,0.0005,0.0004,0.0,0.0,0.0,0.0,0.0,0.0
CT019766,Zone_06,Zone_06,0.9998,0.0,0.0,0.0,0.0,0.0,0.9998,0.0001,0.0,0.0,0.0
CT008922,Zone_07,Zone_07,0.988,0.0,0.0,0.0001,0.0004,0.0003,0.0039,0.988,0.0068,0.0004,0.0001
CT007617,Zone_04,Zone_04,0.9981,0.0001,0.0003,0.0003,0.9981,0.0003,0.0005,0.0001,0.0002,0.0,0.0
CT006273,Zone_08,Zone_08,0.6633,0.0,0.0001,0.0003,0.0008,0.0005,0.0009,0.3331,0.6633,0.0007,0.0003
CT009985,Zone_07,Zone_08,0.5716,0.0,0.0001,0.0003,0.0006,0.0003,0.0022,0.4243,0.5716,0.0004,0.0002
CT006632,Zone_02,Zone_02,0.9981,0.0006,0.9981,0.0005,0.0006,0.0001,0.0,0.0,0.0,0.0,0.0
CT002168,Zone_08,Zone_08,0.9968,0.0,0.0,0.0001,0.0003,0.0005,0.0001,0.0018,0.9968,0.0002,0.0001
CT008155,Zone_08,Zone_08,0.709,0.0,0.0001,0.0001,0.0004,0.0003,0.0003,0.2894,0.709,0.0003,0.0001
CT015483,Zone_07,Zone_08,0.5032,0.0,0.0001,0.0002,0.0004,0.0003,0.0001,0.495,0.5032,0.0004,0.0003
CT000850,Zone_10,Zone_10,0.999,0.0,0.0,0.0,0.0,0.0,0.0,0.0001,0.0001,0.0007,0.999
CT000458,Zone_08,Zone_08,0.9982,0.0,0.0,0.0,0.0002,0.0004,0.0,0.0008,0.9982,0.0002,0.0001
CT007421,Zone_03,Zone_03,0.9981,0.0004,0.0005,0.9981,0.0007,0.0001,0.0,0.0,0.0,0.0,0.0
CT016973,Zone_06,Zone_06,0.9943,0.0,0.0,0.0001,0.0005,0.0002,0.9943,0.003,0.0017,0.0002,0.0
CT012113,Zone_07,Zone_08,0.6122,0.0,0.0,0.0001,0.0002,0.0002,0.0,0.387,0.6122,0.0002,0.0001
CT011880,Zone_08,Zone_08,0.8209,0.0,0.0001,0.0001,0.0003,0.0003,0.0002,0.1779,0.8209,0.0003,0.0001
CT012505,Zone_07,Zone_08,0.542,0.0,0.0001,0.0002,0.0012,0.002,0.0002,0.4531,0.542,0.0007,0.0004
CT019292,Zone_07,Zone_07,0.9109,0.0,0.0001,0.0002,0.0007,0.0004,0.0859,0.9109,0.0011,0.0006,0.0001
CT011487,Zone_10,Zone_10,0.999,0.0,0.0,0.0,0.0,0.0,0.0,0.0002,0.0001,0.0006,0.999
CT010878,Zone_08,Zone_08,0.9986,0.0,0.0,0.0,0.0002,0.0004,0.0001,0.0004,0.9986,0.0001,0.0001
CT005128,Zone_01,Zone_01,0.9987,0.9987,0.0006,0.0004,0.0003,0.0,0.0,0.0,0.0,0.0,0.0
CT012832,Zone_07,Zone_07,0.9017,0.0,0.0001,0.0001,0.0009,0.0011,0.0003,0.9017,0.0949,0.0006,0.0003
CT017977,Zone_08,Zone_08,0.8236,0.0,0.0,0.0001,0.0003,0.0002,0.0001,0.1752,0.8236,0.0002,0.0001
CT004021,Zone_01,Zone_01,0.9984,0.9984,0.0006,0.0005,0.0004,0.0,0.0,0.0,0.0,0.0,0.0
CT012065,Zone_04,Zone_04,0.9973,0.0002,0.0004,0.0003,0.9973,0.0009,0.0003,0.0003,0.0003,0.0001,0.0
CT004424,Zone_01,Zone_01,0.9988,0.9988,0.0005,0.0004,0.0003,0.0,0.0,0.0,0.0,0.0,0.0
CT007170,Zone_02,Zone_02,0.9984,0.0006,0.9984,0.0004,0.0004,0.0001,0.0,0.0,0.0,0.0,0.0
CT011526,Zone_07,Zone_07,0.9817,0.0,0.0,0.0001,0.0004,0.0003,0.0009,0.9817,0.0161,0.0003,0.0001
CT015318,Zone_02,Zone_02,0.9981,0.0006,0.9981,0.0005,0.0006,0.0001,0.0,0.0,0.0,0.0,0.0
CT006595,Zone_09,Zone_09,0.9981,0.0,0.0,0.0,0.0,0.0001,0.0,0.0003,0.0008,0.9981,0.0006
CT003105,Zone_08,Zone_08,0.6949,0.0,0.0001,0.0002,0.0005,0.0004,0.0009,0.3025,0.6949,0.0004,0.0002
CT001057,Zone_06,Zone_06,0.9996,0.0,0.0,0.0,0.0001,0.0,0.9996,0.0001,0.0001,0.0,0.0
CT001477,Zone_08,Zone_08,0.9984,0.0,0.0,0.0,0.0003,0.0004,0.0003,0.0003,0.9984,0.0001,0.0001
CT010379,Zone_07,Zone_07,0.8182,0.0,0.0001,0.0001,0.0009,0.0013,0.0002,0.8182,0.1784,0.0006,0.0002
CT015969,Zone_02,Zone_02,0.9983,0.0006,0.9983,0.0005,0.0005,0.0001,0.0,0.0,0.0,0.0,0.0
CT019769,Zone_07,Zone_07,0.9837,0.0,0.0,0.0001,0.0003,0.0003,0.0002,0.9837,0.0149,0.0003,0.0001
CT003337,Zone_07,Zone_07,0.8171,0.0,0.0,0.0001,0.0004,0.0007,0.0,0.8171,0.1813,0.0003,0.0002
CT013294,Zone_01,Zone_01,0.9988,0.9988,0.0005,0.0004,0.0002,0.0,0.0,0.0,0.0,0.0,0.0
CT000844,Zone_08,Zone_08,0.9985,0.0,0.0,0.0,0.0002,0.0004,0.0,0.0007,0.9985,0.0001,0.0001
CT009092,Zone_07,Zone_07,0.8706,0.0,0.0,0.0001,0.0006,0.0009,0.0001,0.8706,0.1271,0.0004,0.0001
CT018309,Zone_08,Zone_08,0.9979,0.0,0.0,0.0001,0.0002,0.0005,0.0001,0.0009,0.9979,0.0002,0.0001
CT005936,Zone_07,Zone_07,0.8313,0.0,0.0,0.0001,0.0009,0.0012,0.0003,0.8313,0.1654,0.0005,0.0002
CT000108,Zone_04,Zone_04,0.9979,0.0002,0.0004,0.0004,0.9979,0.0004,0.0002,0.0002,0.0003,0.0001,0.0
CT011298,Zone_07,Zone_07,0.8694,0.0,0.0001,0.0003,0.0013,0.0009,0.1192,0.8694,0.0076,0.0009,0.0003
CT000878,Zone_04,Zone_04,0.9969,0.0002,0.0003,0.0003,0.9969,0.0011,0.0,0.0004,0.0008,0.0001,0.0
CT015809,Zone_02,Zone_02,0.9982,0.0006,0.9982,0.0005,0.0006,0.0001,0.0,0.0,0.0,0.0,0.0
CT000909,Zone_04,Zone_04,0.9956,0.0005,0.0009,0.0013,0.9956,0.0005,0.0003,0.0004,0.0002,0.0002,0.0001
CT013961,Zone_06,Zone_06,0.9996,0.0,0.0,0.0,0.0001,0.0,0.9996,0.0002,0.0001,0.0,0.0
CT003670,Zone_08,Zone_07,0.7642,0.0,0.0001,0.0002,0.001,0.0017,0.0006,0.7642,0.2312,0.0007,0.0003
CT000413,Zone_03,Zone_03,0.9984,0.0004,0.0005,0.9984,0.0005,0.0001,0.0,0.0,0.0,0.0,0.0
CT011477,Zone_03,Zone_03,0.9983,0.0003,0.0004,0.9983,0.0006,0.0001,0.0002,0.0,0.0,0.0,0.0
CT006030,Zone_01,Zone_01,0.9983,0.9983,0.0007,0.0006,0.0004,0.0,0.0,0.0,0.0,0.0,0.0
CT016727,Zone_06,Zone_06,0.9996,0.0,0.0,0.0,0.0001,0.0,0.9996,0.0002,0.0001,0.0,0.0
CT009721,Zone_08,Zone_08,0.766,0.0,0.0001,0.0001,0.0003,0.0002,0.0001,0.2327,0.766,0.0003,0.0001
CT017975,Zone_06,Zone_06,0.9981,0.0,0.0,0.0,0.0002,0.0001,0.9981,0.0012,0.0003,0.0001,0.0
CT001837,Zone_02,Zone_02,0.9982,0.0008,0.9982,0.0005,0.0004,0.0,0.0,0.0,0.0,0.0,0.0
CT006709,Zone_07,Zone_08,0.5579,0.0,0.0001,0.0002,0.0005,0.0004,0.0003,0.4399,0.5579,0.0004,0.0002
CT014477,Zone_08,Zone_08,0.9979,0.0,0.0,0.0001,0.0002,0.0004,0.0,0.001,0.9979,0.0001,0.0001
CT014009,Zone_10,Zone_10,0.9991,0.0,0.0,0.0,0.0,0.0,0.0,0.0001,0.0001,0.0006,0.9991
CT006589,Zone_07,Zone_07,0.7112,0.0,0.0001,0.0003,0.0007,0.0006,0.2842,0.7112,0.0015,0.001,0.0003
CT018973,Zone_03,Zone_03,0.9986,0.0004,0.0004,0.9986,0.0005,0.0001,0.0,0.0,0.0,0.0,0.0001
CT014074,Zone_07,Zone_07,0.8101,0.0,0.0001,0.0001,0.0009,0.0012,0.0004,0.8101,0.1865,0.0005,0.0002
CT013415,Zone_04,Zone_04,0.9964,0.0004,0.0007,0.0009,0.9964,0.0004,0.0001,0.0008,0.0002,0.0001,0.0001
CT013445,Zone_08,Zone_08,0.9988,0.0,0.0,0.0,0.0001,0.0003,0.0,0.0006,0.9988,0.0001,0.0001
CT017387,Zone_07,Zone_07,0.9839,0.0,0.0,0.0001,0.0004,0.0003,0.0005,0.9839,0.0144,0.0003,0.0001
CT003559,Zone_08,Zone_08,0.7291,0.0,0.0001,0.0001,0.0004,0.0003,0.0002,0.2693,0.7291,0.0003,0.0002
CT000203,Zone_07,Zone_07,0.9145,0.0,0.0,0.0001,0.0004,0.0005,0.0,0.9145,0.0841,0.0002,0.0001
CT019211,Zone_07,Zone_07,0.9871,0.0,0.0,0.0001,0.0005,0.0003,0.0015,0.9871,0.0099,0.0004,0.0001
CT009621,Zone_03,Zone_03,0.998,0.0005,0.0006,0.998,0.0007,0.0001,0.0001,0.0,0.0,0.0,0.0001
CT015768,Zone_07,Zone_07,0.9903,0.0,0.0,0.0001,0.0004,0.0003,0.0074,0.9903,0.0012,0.0003,0.0001
CT014520,Zone_08,Zone_08,0.7611,0.0,0.0001,0.0002,0.0004,0.0003,0.0005,0.2366,0.7611,0.0005,0.0002
CT003684,Zone_08,Zone_08,0.9967,0.0,0.0,0.0001,0.0005,0.0007,0.0001,0.0015,0.9967,0.0003,0.0002
CT016558,Zone_07,Zone_07,0.9101,0.0,0.0,0.0001,0.0006,0.0008,0.0004,0.9101,0.0876,0.0003,0.0001
CT014901,Zone_07,Zone_07,0.6655,0.0,0.0001,0.0002,0.0009,0.0005,0.3305,0.6655,0.0014,0.0008,0.0001
CT003830,Zone_08,Zone_08,0.6797,0.0,0.0001,0.0001,0.0003,0.0002,0.0001,0.319,0.6797,0.0003,0.0002
CT014427,Zone_03,Zone_03,0.9981,0.0005,0.0006,0.9981,0.0006,0.0001,0.0,0.0,0.0,0.0,0.0001
CT010350,Zone_07,Zone_06,0.5381,0.0,0.0001,0.0001,0.0007,0.0003,0.5381,0.4595,0.0006,0.0004,0.0001
CT018832,Zone_07,Zone_07,0.9734,0.0,0.0,0.0002,0.0005,0.0003,0.0219,0.9734,0.0031,0.0004,0.0001
CT005223,Zone_03,Zone_03,0.998,0.0005,0.0005,0.998,0.0008,0.0001,0.0,0.0,0.0,0.0,0.0001
CT005942,Zone_08,Zone_08,0.8163,0.0,0.0,0.0001,0.0003,0.0002,0.0001,0.1824,0.8163,0.0003,0.0002
CT006678,Zone_06,Zone_06,0.999,0.0,0.0,0.0,0.0002,0.0,0.999,0.0002,0.0004,0.0,0.0
CT011365,Zone_07,Zone_08,0.7441,0.0,0.0001,0.0002,0.0005,0.0004,0.0007,0.2533,0.7441,0.0005,0.0003
CT015572,Zone_10,Zone_10,0.9991,0.0,0.0,0.0,0.0,0.0,0.0,0.0001,0.0002,0.0006,0.9991
CT008729,Zone_03,Zone_03,0.998,0.0006,0.0006,0.998,0.0006,0.0001,0.0,0.0,0.0,0.0,0.0001
CT017114,Zone_07,Zone_07,0.9839,0.0,0.0,0.0001,0.0004,0.0003,0.0025,0.9839,0.0122,0.0004,0.0001
CT009196,Zone_03,Zone_03,0.9985,0.0004,0.0004,0.9985,0.0005,0.0001,0.0,0.0,0.0,0.0,0.0
CT019541,Zone_02,Zone_02,0.9985,0.0006,0.9985,0.0004,0.0005,0.0001,0.0,0.0,0.0,0.0,0.0
CT006376,Zone_01,Zone_01,0.9986,0.9986,0.0006,0.0004,0.0004,0.0,0.0,0.0,0.0,0.0,0.0
CT009868,Zone_07,Zone_07,0.991,0.0,0.0,0.0001,0.0003,0.0002,0.0018,0.991,0.0062,0.0003,0.0001
CT018176,Zone_02,Zone_02,0.9984,0.0006,0.9984,0.0005,0.0004,0.0001,0.0,0.0,0.0,0.0,0.0
CT000131,Zone_01,Zone_01,0.9986,0.9986,0.0006,0.0004,0.0003,0.0,0.0,0.0,0.0,0.0,0.0
CT000231,Zone_03,Zone_03,0.9984,0.0004,0.0004,0.9984,0.0005,0.0001,0.0,0.0,0.0,0.0,0.0
CT010957,Zone_10,Zone_10,0.999,0.0,0.0,0.0,0.0,0.0,0.0,0.0001,0.0003,0.0005,0.999
CT017621,Zone_02,Zone_02,0.9982,0.0006,0.9982,0.0005,0.0006,0.0001,0.0,0.0,0.0,0.0,0.0
CT019419,Zone_04,Zone_04,0.9959,0.0002,0.0003,0.0004,0.9959,0.0011,0.0,0.0005,0.0014,0.0001,0.0
CT006272,Zone_01,Zone_01,0.9988,0.9988,0.0006,0.0004,0.0003,0.0,0.0,0.0,0.0,0.0,0.0
CT013032,Zone_04,Zone_04,0.9968,0.0001,0.0003,0.0003,0.9968,0.0009,0.0006,0.0005,0.0003,0.0001,0.0
CT010314,Zone_09,Zone_09,0.9983,0.0,0.0,0.0,0.0,0.0001,0.0001,0.0003,0.0006,0.9983,0.0006
CT017933,Zone_03,Zone_03,0.9984,0.0005,0.0005,0.9984,0.0005,0.0001,0.0,0.0,0.0,0.0,0.0001
CT013585,Zone_07,Zone_07,0.8958,0.0,0.0,0.0001,0.0007,0.0011,0.0002,0.8958,0.1014,0.0005,0.0002
CT018945,Zone_05,Zone_05,0.9981,0.0,0.0,0.0001,0.0004,0.9981,0.0002,0.0004,0.0007,0.0001,0.0
CT018172,Zone_07,Zone_07,0.9801,0.0,0.0,0.0001,0.0006,0.0004,0.0029,0.9801,0.0153,0.0005,0.0001
CT000506,Zone_07,Zone_07,0.9465,0.0,0.0001,0.0002,0.0009,0.0005,0.0034,0.9465,0.0475,0.0007,0.0002
CT015332,Zone_07,Zone_08,0.7002,0.0,0.0001,0.0002,0.0005,0.0004,0.0006,0.2974,0.7002,0.0004,0.0002
CT001971,Zone_04,Zone_04,0.9965,0.0002,0.0004,0.0004,0.9965,0.0009,0.0009,0.0005,0.0002,0.0001,0.0
CT013285,Zone_10,Zone_10,0.9992,0.0,0.0,0.0,0.0,0.0,0.0,0.0001,0.0001,0.0005,0.9992
CT019599,Zone_08,Zone_07,0.596,0.0,0.0,0.0001,0.0011,0.0015,0.0003,0.596,0.4,0.0006,0.0003
CT001538,Zone_07,Zone_07,0.9923,0.0,0.0,0.0001,0.0003,0.0002,0.0007,0.9923,0.0061,0.0003,0.0001
CT009763,Zone_08,Zone_08,0.7716,0.0,0.0001,0.0001,0.0003,0.0003,0.0002,0.227,0.7716,0.0003,0.0002
CT017572,Zone_01,Zone_01,0.9989,0.9989,0.0005,0.0003,0.0002,0.0,0.0,0.0,0.0,0.0,0.0
CT003353,Zone_02,Zone_02,0.998,0.0007,0.998,0.0005,0.0006,0.0001,0.0,0.0,0.0,0.0,0.0
CT018723,Zone_07,Zone_07,0.9317,0.0,0.0001,0.0002,0.0007,0.0005,0.0644,0.9317,0.0019,0.0005,0.0001
CT002032,Zone_07,Zone_07,0.8633,0.0,0.0001,0.0002,0.0012,0.0013,0.0017,0.8633,0.1312,0.0008,0.0003
CT009510,Zone_02,Zone_02,0.9984,0.0006,0.9984,0.0004,0.0005,0.0001,0.0,0.0,0.0,0.0,0.0
CT014308,Zone_10,Zone_10,0.9992,0.0,0.0,0.0,0.0,0.0,0.0,0.0001,0.0002,0.0005,0.9992
CT003586,Zone_07,Zone_07,0.9815,0.0,0.0,0.0001,0.0005,0.0003,0.0013,0.9815,0.0156,0.0005,0.0002
CT004769,Zone_01,Zone_01,0.9988,0.9988,0.0005,0.0004,0.0003,0.0,0.0,0.0,0.0,0.0,0.0
CT002113,Zone_01,Zone_01,0.9989,0.9989,0.0005,0.0004,0.0002,0.0,0.0,0.0,0.0,0.0,0.0
CT004926,Zone_04,Zone_04,0.9969,0.0001,0.0003,0.0003,0.9969,0.0009,0.0001,0.0002,0.0012,0.0,0.0
CT014947,Zone_02,Zone_02,0.9984,0.0006,0.9984,0.0004,0.0004,0.0001,0.0,0.0,0.0,0.0,0.0
CT018857,Zone_07,Zone_07,0.6428,0.0,0.0001,0.0002,0.0012,0.0015,0.0007,0.6428,0.3522,0.0009,0.0003
CT012590,Zone_07,Zone_07,0.9633,0.0,0.0001,0.0002,0.0005,0.0004,0.0007,0.9633,0.034,0.0006,0.0002
CT018040,Zone_07,Zone_07,0.7993,0.0,0.0,0.0001,0.0005,0.0007,0.0,0.7993,0.1989,0.0004,0.0001
CT014349,Zone_10,Zone_10,0.9987,0.0,0.0,0.0,0.0,0.0,0.0,0.0002,0.0002,0.0008,0.9987
CT003478,Zone_06,Zone_06,0.9994,0.0,0.0,0.0,0.0001,0.0,0.9994,0.0003,0.0001,0.0,0.0
CT001175,Zone_07,Zone_07,0.9315,0.0,0.0,0.0001,0.0008,0.001,0.0011,0.9315,0.0649,0.0005,0.0002
CT016173,Zone_08,Zone_08,0.996,0.0,0.0,0.0001,0.0003,0.0005,0.0,0.0027,0.996,0.0002,0.0002
CT002894,Zone_07,Zone_08,0.8498,0.0,0.0,0.0001,0.0001,0.0001,0.0,0.1496,0.8498,0.0002,0.0001
CT006766,Zone_08,Zone_08,0.9126,0.0,0.0,0.0001,0.0002,0.0002,0.0001,0.0865,0.9126,0.0002,0.0001
CT019714,Zone_04,Zone_04,0.9952,0.0008,0.0012,0.0013,0.9952,0.0005,0.0003,0.0003,0.0002,0.0002,0.0002
CT009070,Zone_04,Zone_04,0.9971,0.0001,0.0003,0.0003,0.9971,0.001,0.0002,0.0005,0.0004,0.0001,0.0
CT018415,Zone_02,Zone_02,0.9982,0.0005,0.9982,0.0006,0.0006,0.0001,0.0,0.0,0.0,0.0,0.0
CT003124,Zone_08,Zone_08,0.9983,0.0,0.0,0.0,0.0002,0.0004,0.0001,0.0007,0.9983,0.0001,0.0001
CT007754,Zone_07,Zone_07,0.9769,0.0,0.0,0.0001,0.0003,0.0002,0.0215,0.9769,0.0005,0.0003,0.0001
CT015637,Zone_08,Zone_08,0.6569,0.0,0.0002,0.0003,0.0007,0.0006,0.0024,0.3378,0.6569,0.0006,0.0004
CT019802,Zone_08,Zone_08,0.7288,0.0,0.0,0.0001,0.0003,0.0002,0.0,0.2703,0.7288,0.0002,0.0001
CT011523,Zone_07,Zone_07,0.9116,0.0,0.0001,0.0002,0.0011,0.0006,0.0825,0.9116,0.0033,0.0006,0.0002
CT009105,Zone_07,Zone_07,0.5286,0.0,0.0,0.0001,0.0003,0.0002,0.0,0.5286,0.4704,0.0002,0.0001
CT009213,Zone_03,Zone_03,0.998,0.0004,0.0005,0.998,0.0007,0.0001,0.0001,0.0,0.0,0.0,0.0001
CT009486,Zone_04,Zone_04,0.9959,0.0005,0.001,0.0011,0.9959,0.0004,0.0002,0.0003,0.0003,0.0001,0.0001
CT011988,Zone_01,Zone_01,0.9987,0.9987,0.0005,0.0004,0.0003,0.0,0.0,0.0,0.0,0.0,0.0
CT012441,Zone_07,Zone_07,0.9374,0.0,0.0,0.0001,0.0005,0.0003,0.0602,0.9374,0.001,0.0003,0.0001
CT015020,Zone_04,Zone_04,0.9966,0.0001,0.0004,0.0003,0.9966,0.0011,0.0007,0.0004,0.0003,0.0001,0.0
CT009969,Zone_01,Zone_01,0.9987,0.9987,0.0005,0.0004,0.0003,0.0,0.0,0.0,0.0,0.0,0.0
CT014240,Zone_02,Zone_02,0.9982,0.0005,0.9982,0.0005,0.0006,0.0001,0.0,0.0,0.0,0.0,0.0
CT011158,Zone_07,Zone_06,0.5153,0.0,0.0,0.0001,0.0005,0.0003,0.5153,0.4831,0.0003,0.0003,0.0001
CT012167,Zone_08,Zone_08,0.9943,0.0,0.0,0.0001,0.0005,0.0008,0.0006,0.003,0.9943,0.0004,0.0003
CT000660,Zone_05,Zone_05,0.9981,0.0,0.0001,0.0001,0.0006,0.9981,0.0002,0.0003,0.0005,0.0001,0.0
CT002369,Zone_05,Zone_05,0.998,0.0,0.0001,0.0001,0.0006,0.998,0.0002,0.0005,0.0004,0.0001,0.0
CT017086,Zone_05,Zone_05,0.9981,0.0,0.0001,0.0001,0.0006,0.9981,0.0002,0.0006,0.0002,0.0001,0.0
CT001661,Zone_03,Zone_03,0.9982,0.0005,0.0005,0.9982,0.0006,0.0001,0.0,0.0,0.0,0.0,0.0001
CT014557,Zone_02,Zone_02,0.998,0.0008,0.998,0.0005,0.0006,0.0001,0.0,0.0,0.0,0.0,0.0
CT008914,Zone_08,Zone_08,0.997,0.0,0.0,0.0001,0.0004,0.0007,0.0001,0.0013,0.997,0.0003,0.0002
CT014438,Zone_08,Zone_08,0.559,0.0,0.0001,0.0002,0.0004,0.0003,0.0005,0.439,0.559,0.0005,0.0002
CT006585,Zone_08,Zone_08,0.9948,0.0,0.0,0.0001,0.0006,0.0009,0.0006,0.0023,0.9948,0.0004,0.0002
CT015952,Zone_01,Zone_01,0.9987,0.9987,0.0006,0.0004,0.0003,0.0,0.0,0.0,0.0,0.0,0.0
CT010397,Zone_02,Zone_02,0.9983,0.0006,0.9983,0.0005,0.0005,0.0001,0.0,0.0,0.0,0.0,0.0
CT009786,Zone_08,Zone_08,0.8009,0.0,0.0,0.0001,0.0002,0.0002,0.0,0.1982,0.8009,0.0002,0.0001
CT015355,Zone_03,Zone_03,0.998,0.0005,0.0006,0.998,0.0006,0.0001,0.0,0.0,0.0,0.0,0.0001
CT014779,Zone_06,Zone_06,0.9997,0.0,0.0,0.0,0.0,0.0,0.9997,0.0002,0.0,0.0,0.0
CT007010,Zone_07,Zone_07,0.688,0.0,0.0,0.0001,0.0012,0.0014,0.0003,0.688,0.3082,0.0005,0.0002
CT000935,Zone_07,Zone_07,0.9753,0.0,0.0,0.0001,0.0003,0.0003,0.0003,0.9753,0.0233,0.0003,0.0001
CT009315,Zone_01,Zone_01,0.9986,0.9986,0.0006,0.0004,0.0003,0.0,0.0,0.0,0.0,0.0,0.0
CT000672,Zone_07,Zone_07,0.8431,0.0,0.0,0.0001,0.0006,0.0013,0.0002,0.8431,0.1541,0.0004,0.0002
CT005093,Zone_04,Zone_04,0.9971,0.0001,0.0003,0.0003,0.9971,0.001,0.0001,0.0004,0.0005,0.0001,0.0
CT005825,Zone_05,Zone_05,0.9987,0.0,0.0,0.0001,0.0004,0.9987,0.0001,0.0002,0.0004,0.0001,0.0
CT016209,Zone_07,Zone_08,0.8583,0.0,0.0,0.0001,0.0003,0.0002,0.0002,0.1404,0.8583,0.0003,0.0002
CT008799,Zone_03,Zone_03,0.998,0.0005,0.0006,0.998,0.0006,0.0001,0.0,0.0,0.0,0.0,0.0001
CT014280,Zone_08,Zone_08,0.9986,0.0,0.0,0.0,0.0002,0.0003,0.0,0.0007,0.9986,0.0001,0.0001
CT011090,Zone_08,Zone_08,0.6653,0.0,0.0001,0.0002,0.0006,0.0004,0.0019,0.3306,0.6653,0.0006,0.0003
CT009745,Zone_07,Zone_07,0.9842,0.0,0.0,0.0001,0.0003,0.0003,0.0006,0.9842,0.0141,0.0003,0.0001
CT000880,Zone_07,Zone_08,0.5728,0.0,0.0001,0.0002,0.0007,0.0004,0.0012,0.4237,0.5728,0.0006,0.0003
CT000492,Zone_07,Zone_08,0.5297,0.0,0.0001,0.0003,0.0006,0.0003,0.0008,0.4674,0.5297,0.0004,0.0002
CT004232,Zone_02,Zone_02,0.9982,0.0006,0.9982,0.0005,0.0006,0.0001,0.0,0.0,0.0,0.0,0.0
CT013753,Zone_06,Zone_06,0.9994,0.0,0.0,0.0,0.0001,0.0,0.9994,0.0004,0.0001,0.0,0.0
CT002636,Zone_08,Zone_08,0.9947,0.0,0.0001,0.0001,0.0007,0.0012,0.0006,0.002,0.9947,0.0004,0.0003
CT000983,Zone_07,Zone_07,0.9802,0.0,0.0001,0.0002,0.0007,0.0005,0.002,0.9802,0.0154,0.0007,0.0002
CT011627,Zone_01,Zone_01,0.9989,0.9989,0.0005,0.0004,0.0002,0.0,0.0,0.0,0.0,0.0,0.0
CT002498,Zone_01,Zone_01,0.9984,0.9984,0.0007,0.0004,0.0004,0.0,0.0,0.0,0.0,0.0,0.0
CT003560,Zone_08,Zone_07,0.7458,0.0,0.0001,0.0002,0.0012,0.0017,0.0012,0.7458,0.2487,0.0008,0.0003
CT017795,Zone_08,Zone_08,0.8453,0.0,0.0,0.0001,0.0002,0.0002,0.0002,0.1534,0.8453,0.0003,0.0001
CT006943,Zone_07,Zone_07,0.7518,0.0,0.0,0.0,0.0002,0.0008,0.0,0.7518,0.247,0.0001,0.0001
CT000679,Zone_03,Zone_03,0.9983,0.0005,0.0005,0.9983,0.0005,0.0001,0.0,0.0,0.0,0.0,0.0001
CT011767,Zone_07,Zone_08,0.7381,0.0,0.0,0.0001,0.0003,0.0002,0.0002,0.2607,0.7381,0.0002,0.0001
CT001081,Zone_04,Zone_04,0.9953,0.0007,0.0011,0.0013,0.9953,0.0004,0.0001,0.0008,0.0001,0.0002,0.0002
CT008974,Zone_02,Zone_02,0.9984,0.0005,0.9984,0.0004,0.0005,0.0001,0.0,0.0,0.0,0.0,0.0
CT004965,Zone_04,Zone_04,0.9949,0.0007,0.0013,0.0014,0.9949,0.0005,0.0003,0.0002,0.0003,0.0002,0.0002
CT002338,Zone_05,Zone_05,0.9983,0.0,0.0001,0.0001,0.0006,0.9983,0.0002,0.0004,0.0003,0.0001,0.0
CT010175,Zone_01,Zone_01,0.9985,0.9985,0.0006,0.0004,0.0003,0.0,0.0,0.0,0.0,0.0,0.0
CT003111,Zone_04,Zone_04,0.9976,0.0001,0.0004,0.0004,0.9976,0.0003,0.0004,0.0005,0.0001,0.0001,0.0
CT016461,Zone_04,Zone_04,0.9954,0.0007,0.0011,0.0012,0.9954,0.0005,0.0001,0.0004,0.0003,0.0002,0.0002
CT012844,Zone_01,Zone_01,0.9991,0.9991,0.0004,0.0003,0.0002,0.0,0.0,0.0,0.0,0.0,0.0
CT003410,Zone_03,Zone_03,0.9982,0.0005,0.0005,0.9982,0.0006,0.0001,0.0,0.0,0.0,0.0,0.0
CT007834,Zone_07,Zone_08,0.9191,0.0,0.0,0.0001,0.0003,0.0002,0.0002,0.0797,0.9191,0.0003,0.0001
CT014286,Zone_03,Zone_03,0.9983,0.0004,0.0005,0.9983,0.0005,0.0001,0.0,0.0,0.0,0.0,0.0001
CT019612,Zone_07,Zone_07,0.9891,0.0,0.0,0.0001,0.0004,0.0002,0.0012,0.9891,0.0085,0.0003,0.0001
CT014305,Zone_10,Zone_10,0.9988,0.0,0.0,0.0,0.0,0.0,0.0,0.0001,0.0004,0.0006,0.9988
CT003385,Zone_01,Zone_01,0.9988,0.9988,0.0005,0.0004,0.0003,0.0,0.0,0.0,0.0,0.0,0.0
CT019244,Zone_07,Zone_07,0.9863,0.0,0.0,0.0001,0.0005,0.0004,0.0032,0.9863,0.0088,0.0005,0.0001
CT016500,Zone_04,Zone_04,0.9963,0.0004,0.0008,0.001,0.9963,0.0003,0.0003,0.0003,0.0002,0.0002,0.0001
CT005770,Zone_07,Zone_07,0.9899,0.0,0.0,0.0001,0.0004,0.0002,0.0008,0.9899,0.0081,0.0004,0.0001
CT006311,Zone_03,Zone_03,0.9981,0.0005,0.0005,0.9981,0.0006,0.0001,0.0,0.0,0.0,0.0,0.0001
CT006631,Zone_07,Zone_08,0.7531,0.0,0.0001,0.0002,0.0005,0.0004,0.0002,0.2449,0.7531,0.0004,0.0002
CT014224,Zone_10,Zone_10,0.9991,0.0,0.0,0.0,0.0,0.0,0.0,0.0001,0.0001,0.0006,0.9991
CT006479,Zone_04,Zone_04,0.9963,0.0004,0.0008,0.0011,0.9963,0.0003,0.0001,0.0004,0.0003,0.0002,0.0001
CT012861,Zone_07,Zone_07,0.826,0.0,0.0001,0.0002,0.0011,0.0018,0.0007,0.826,0.1691,0.0007,0.0003
CT007324,Zone_10,Zone_10,0.9992,0.0,0.0,0.0,0.0,0.0,0.0,0.0001,0.0001,0.0005,0.9992
CT004164,Zone_05,Zone_05,0.9978,0.0,0.0,0.0001,0.0005,0.9978,0.0005,0.0007,0.0002,0.0001,0.0
CT009526,Zone_07,Zone_07,0.8238,0.0,0.0,0.0001,0.0007,0.001,0.0001,0.8238,0.174,0.0003,0.0001
CT016947,Zone_06,Zone_06,0.9925,0.0,0.0,0.0001,0.0009,0.0002,0.9925,0.0037,0.0023,0.0002,0.0
CT017124,Zone_10,Zone_10,0.999,0.0,0.0,0.0,0.0,0.0,0.0,0.0001,0.0002,0.0006,0.999
CT019690,Zone_08,Zone_08,0.9978,0.0,0.0,0.0,0.0002,0.0005,0.0,0.0011,0.9978,0.0002,0.0001
CT014508,Zone_02,Zone_02,0.9981,0.0006,0.9981,0.0005,0.0006,0.0001,0.0,0.0,0.0,0.0,0.0
CT004472,Zone_04,Zone_04,0.9975,0.0002,0.0004,0.0005,0.9975,0.0005,0.0002,0.0005,0.0001,0.0001,0.0
CT014473,Zone_03,Zone_03,0.9983,0.0004,0.0005,0.9983,0.0005,0.0001,0.0,0.0,0.0,0.0,0.0
CT003954,Zone_08,Zone_08,0.6173,0.0,0.0001,0.0002,0.0005,0.0004,0.0006,0.38,0.6173,0.0006,0.0003
CT003832,Zone_07,Zone_08,0.5124,0.0,0.0001,0.0002,0.0004,0.0003,0.0003,0.4856,0.5124,0.0004,0.0003
CT019581,Zone_01,Zone_01,0.9984,0.9984,0.0007,0.0005,0.0004,0.0,0.0,0.0,0.0,0.0,0.0
CT000595,Zone_02,Zone_02,0.9984,0.0005,0.9984,0.0004,0.0005,0.0,0.0,0.0,0.0,0.0,0.0
CT001586,Zone_10,Zone_10,0.9987,0.0,0.0,0.0,0.0,0.0,0.0,0.0001,0.0002,0.0009,0.9987
CT008849,Zone_07,Zone_07,0.9911,0.0,0.0,0.0001,0.0003,0.0002,0.0012,0.9911,0.0065,0.0004,0.0001
CT018566,Zone_07,Zone_08,0.6104,0.0,0.0001,0.0002,0.0004,0.0003,0.0012,0.3867,0.6104,0.0004,0.0002
CT007235,Zone_08,Zone_08,0.6219,0.0,0.0001,0.0003,0.0005,0.0005,0.0009,0.3751,0.6219,0.0005,0.0003
CT002999,Zone_10,Zone_10,0.9988,0.0,0.0,0.0,0.0,0.0,0.0001,0.0001,0.0001,0.0009,0.9988
CT010792,Zone_07,Zone_07,0.9918,0.0,0.0,0.0001,0.0002,0.0002,0.001,0.9918,0.0064,0.0003,0.0001
CT015872,Zone_10,Zone_10,0.999,0.0,0.0,0.0,0.0,0.0,0.0,0.0001,0.0002,0.0006,0.999
CT008488,Zone_02,Zone_02,0.9982,0.0006,0.9982,0.0005,0.0006,0.0,0.0,0.0,0.0,0.0,0.0
CT016060,Zone_08,Zone_08,0.997,0.0,0.0,0.0001,0.0003,0.0006,0.0001,0.0016,0.997,0.0002,0.0001
CT013929,Zone_07,Zone_08,0.508,0.0,0.0001,0.0001,0.0003,0.0002,0.0001,0.4906,0.508,0.0003,0.0002
CT014966,Zone_08,Zone_08,0.8124,0.0,0.0,0.0001,0.0002,0.0002,0.0001,0.1867,0.8124,0.0002,0.0001
CT000633,Zone_02,Zone_02,0.9983,0.0007,0.9983,0.0004,0.0005,0.0001,0.0,0.0,0.0,0.0,0.0
CT019291,Zone_02,Zone_02,0.9982,0.0006,0.9982,0.0004,0.0007,0.0001,0.0,0.0,0.0,0.0,0.0
CT015071,Zone_02,Zone_02,0.9982,0.0007,0.9982,0.0005,0.0005,0.0001,0.0,0.0,0.0,0.0,0.0
CT017340,Zone_03,Zone_03,0.9983,0.0004,0.0005,0.9983,0.0006,0.0001,0.0,0.0,0.0,0.0,0.0
CT018421,Zone_06,Zone_06,0.9998,0.0,0.0,0.0,0.0,0.0,0.9998,0.0002,0.0,0.0,0.0
CT016335,Zone_07,Zone_07,0.9684,0.0,0.0,0.0,0.0001,0.0002,0.0,0.9684,0.0312,0.0,0.0001
CT009391,Zone_08,Zone_08,0.7989,0.0,0.0001,0.0001,0.0002,0.0003,0.0003,0.1997,0.7989,0.0003,0.0002
CT005031,Zone_02,Zone_02,0.9984,0.0005,0.9984,0.0005,0.0005,0.0001,0.0,0.0,0.0,0.0,0.0
CT003662,Zone_06,Zone_06,0.999,0.0,0.0,0.0,0.0002,0.0,0.999,0.0004,0.0003,0.0,0.0
CT000080,Zone_07,Zone_07,0.9821,0.0,0.0,0.0001,0.0004,0.0003,0.0007,0.9821,0.016,0.0004,0.0001
CT005513,Zone_08,Zone_08,0.9981,0.0,0.0,0.0,0.0002,0.0006,0.0001,0.0007,0.9981,0.0001,0.0001
CT003828,Zone_04,Zone_04,0.9975,0.0001,0.0003,0.0003,0.9975,0.0007,0.0001,0.0006,0.0003,0.0001,0.0
CT006081,Zone_01,Zone_01,0.9983,0.9983,0.0007,0.0006,0.0004,0.0,0.0,0.0,0.0,0.0,0.0
CT016370,Zone_04,Zone_04,0.9972,0.0001,0.0004,0.0005,0.9972,0.0003,0.0009,0.0003,0.0001,0.0001,0.0
CT014113,Zone_08,Zone_08,0.9987,0.0,0.0,0.0,0.0002,0.0003,0.0,0.0006,0.9987,0.0001,0.0001
CT003925,Zone_01,Zone_01,0.9985,0.9985,0.0006,0.0004,0.0004,0.0,0.0,0.0,0.0,0.0,0.0
CT018540,Zone_04,Zone_04,0.9954,0.0008,0.0012,0.0012,0.9954,0.0004,0.0001,0.0002,0.0003,0.0002,0.0002
CT019500,Zone_07,Zone_07,0.9589,0.0,0.0001,0.0002,0.001,0.0006,0.0358,0.9589,0.0028,0.0005,0.0001
CT002248,Zone_08,Zone_07,0.6146,0.0,0.0001,0.0002,0.0005,0.0003,0.0004,0.6146,0.3833,0.0004,0.0002
CT006715,Zone_08,Zone_08,0.792,0.0,0.0001,0.0002,0.0004,0.0003,0.0003,0.2062,0.792,0.0004,0.0002
CT014175,Zone_01,Zone_01,0.9989,0.9989,0.0005,0.0004,0.0002,0.0,0.0,0.0,0.0,0.0,0.0
CT009301,Zone_07,Zone_07,0.9879,0.0,0.0,0.0001,0.0003,0.0002,0.0004,0.9879,0.0108,0.0003,0.0001
CT008040,Zone_07,Zone_07,0.6863,0.0,0.0001,0.0003,0.0019,0.001,0.3046,0.6863,0.0043,0.0011,0.0003
CT017007,Zone_07,Zone_07,0.9782,0.0,0.0001,0.0002,0.0005,0.0005,0.0012,0.9782,0.0186,0.0005,0.0002
CT012420,Zone_01,Zone_01,0.9986,0.9986,0.0006,0.0004,0.0003,0.0,0.0,0.0,0.0,0.0,0.0
CT016181,Zone_06,Zone_06,0.9932,0.0,0.0,0.0,0.0007,0.0002,0.9932,0.0036,0.0021,0.0001,0.0
CT007175,Zone_04,Zone_04,0.9961,0.0001,0.0004,0.0004,0.9961,0.0011,0.0001,0.0007,0.0009,0.0001,0.0
CT016737,Zone_08,Zone_08,0.8652,0.0,0.0,0.0001,0.0002,0.0002,0.0001,0.1338,0.8652,0.0002,0.0001
CT009634,Zone_04,Zone_04,0.9974,0.0001,0.0002,0.0003,0.9974,0.0007,0.0001,0.0005,0.0004,0.0,0.0
CT014245,Zone_04,Zone_04,0.9955,0.0001,0.0003,0.0003,0.9955,0.0013,0.0,0.0004,0.0019,0.0001,0.0
CT000710,Zone_08,Zone_08,0.9971,0.0,0.0,0.0001,0.0003,0.0007,0.0001,0.0013,0.9971,0.0002,0.0001
CT000870,Zone_01,Zone_01,0.9987,0.9987,0.0006,0.0004,0.0003,0.0,0.0,0.0,0.0,0.0,0.0
CT006696,Zone_04,Zone_04,0.9976,0.0001,0.0004,0.0004,0.9976,0.0003,0.0002,0.0008,0.0002,0.0001,0.0
CT004804,Zone_08,Zone_08,0.9944,0.0,0.0001,0.0001,0.0006,0.001,0.0003,0.0026,0.9944,0.0005,0.0004
CT006299,Zone_04,Zone_04,0.9974,0.0002,0.0004,0.0004,0.9974,0.0004,0.0007,0.0003,0.0001,0.0001,0.0
CT015789,Zone_08,Zone_08,0.9982,0.0,0.0,0.0,0.0002,0.0004,0.0002,0.0006,0.9982,0.0002,0.0001
CT017294,Zone_01,Zone_01,0.9982,0.9982,0.0008,0.0006,0.0004,0.0,0.0,0.0,0.0,0.0,0.0
CT016179,Zone_04,Zone_04,0.9975,0.0002,0.0005,0.0005,0.9975,0.0004,0.0001,0.0005,0.0002,0.0001,0.0
CT003183,Zone_08,Zone_08,0.9935,0.0,0.0001,0.0002,0.0007,0.0012,0.0007,0.0028,0.9935,0.0005,0.0004
CT019007,Zone_06,Zone_06,0.9828,0.0,0.0,0.0001,0.0014,0.0005,0.9828,0.0103,0.0044,0.0004,0.0
CT004560,Zone_07,Zone_07,0.5397,0.0,0.0001,0.0002,0.0006,0.0004,0.0014,0.5397,0.4569,0.0005,0.0002
CT016920,Zone_03,Zone_03,0.9982,0.0005,0.0006,0.9982,0.0005,0.0001,0.0,0.0,0.0,0.0,0.0
CT013311,Zone_07,Zone_07,0.9364,0.0,0.0,0.0001,0.0005,0.0007,0.0001,0.9364,0.0616,0.0004,0.0002
CT006160,Zone_10,Zone_10,0.9988,0.0,0.0,0.0,0.0,0.0,0.0,0.0001,0.0003,0.0007,0.9988
CT015337,Zone_08,Zone_08,0.7184,0.0,0.0001,0.0002,0.0004,0.0003,0.0004,0.2797,0.7184,0.0004,0.0002
CT003326,Zone_07,Zone_07,0.9119,0.0,0.0,0.0001,0.0006,0.0003,0.0859,0.9119,0.0008,0.0004,0.0001
CT006185,Zone_01,Zone_01,0.9988,0.9988,0.0005,0.0004,0.0003,0.0,0.0,0.0,0.0,0.0,0.0
CT008840,Zone_08,Zone_08,0.8748,0.0,0.0,0.0001,0.0003,0.0002,0.0004,0.1239,0.8748,0.0002,0.0001
CT012215,Zone_08,Zone_08,0.9985,0.0,0.0,0.0,0.0003,0.0005,0.0001,0.0004,0.9985,0.0001,0.0001
CT018999,Zone_07,Zone_08,0.8867,0.0,0.0,0.0001,0.0003,0.0002,0.0001,0.1124,0.8867,0.0002,0.0001
CT005260,Zone_01,Zone_01,0.9985,0.9985,0.0006,0.0005,0.0003,0.0,0.0,0.0,0.0,0.0,0.0
CT018337,Zone_04,Zone_04,0.9884,0.0006,0.0021,0.0025,0.9884,0.002,0.0002,0.0017,0.0019,0.0004,0.0001
CT011398,Zone_08,Zone_08,0.6803,0.0,0.0,0.0001,0.0003,0.0002,0.0,0.3187,0.6803,0.0002,0.0001
CT013822,Zone_06,Zone_06,0.9962,0.0,0.0,0.0,0.0004,0.0001,0.9962,0.0024,0.0007,0.0001,0.0
CT012567,Zone_08,Zone_08,0.9986,0.0,0.0,0.0,0.0002,0.0003,0.0,0.0007,0.9986,0.0001,0.0001
CT018106,Zone_07,Zone_07,0.4991,0.0,0.0001,0.0002,0.0004,0.0004,0.0002,0.4991,0.499,0.0004,0.0002
CT011405,Zone_08,Zone_08,0.6882,0.0,0.0,0.0001,0.0003,0.0003,0.0001,0.3104,0.6882,0.0003,0.0002
CT015663,Zone_06,Zone_06,0.9999,0.0,0.0,0.0,0.0,0.0,0.9999,0.0001,0.0,0.0,0.0
CT010998,Zone_07,Zone_07,0.9779,0.0,0.0,0.0001,0.0005,0.0003,0.001,0.9779,0.0197,0.0004,0.0001
CT010466,Zone_07,Zone_07,0.6015,0.0,0.0001,0.0002,0.0007,0.0004,0.396,0.6015,0.0008,0.0003,0.0001
CT013578,Zone_10,Zone_10,0.9992,0.0,0.0,0.0,0.0,0.0,0.0,0.0001,0.0001,0.0006,0.9992
CT006967,Zone_07,Zone_07,0.6769,0.0,0.0001,0.0002,0.0018,0.0021,0.0017,0.6769,0.3161,0.0008,0.0003
CT010607,Zone_05,Zone_05,0.9979,0.0,0.0,0.0001,0.0005,0.9979,0.0001,0.0005,0.0008,0.0001,0.0
CT019366,Zone_07,Zone_07,0.7258,0.0,0.0001,0.0002,0.001,0.0006,0.2683,0.7258,0.0033,0.0006,0.0001
CT007464,Zone_06,Zone_06,0.9996,0.0,0.0,0.0,0.0001,0.0,0.9996,0.0001,0.0001,0.0,0.0
CT006398,Zone_03,Zone_03,0.9983,0.0005,0.0005,0.9983,0.0005,0.0001,0.0,0.0,0.0,0.0,0.0001
CT017277,Zone_10,Zone_10,0.9986,0.0,0.0,0.0,0.0,0.0,0.0,0.0001,0.0004,0.0008,0.9986
CT018199,Zone_07,Zone_07,0.986,0.0,0.0,0.0001,0.0007,0.0004,0.0091,0.986,0.0029,0.0005,0.0001
CT012748,Zone_04,Zone_04,0.9962,0.0001,0.0003,0.0003,0.9962,0.0011,0.0001,0.0004,0.0014,0.0001,0.0
CT000149,Zone_08,Zone_08,0.996,0.0,0.0,0.0001,0.0005,0.001,0.0002,0.0015,0.996,0.0004,0.0002
CT019626,Zone_02,Zone_02,0.9983,0.0006,0.9983,0.0005,0.0005,0.0001,0.0,0.0,0.0,0.0,0.0
CT008011,Zone_10,Zone_10,0.9989,0.0,0.0,0.0,0.0,0.0,0.0,0.0001,0.0002,0.0007,0.9989
CT015467,Zone_07,Zone_07,0.9615,0.0,0.0,0.0001,0.0009,0.0005,0.0322,0.9615,0.0041,0.0005,0.0001
CT011287,Zone_10,Zone_10,0.9991,0.0,0.0,0.0,0.0,0.0,0.0001,0.0001,0.0001,0.0006,0.9991
CT007189,Zone_03,Zone_03,0.9984,0.0005,0.0004,0.9984,0.0005,0.0001,0.0,0.0,0.0,0.0,0.0001
CT010435,Zone_04,Zone_04,0.9972,0.0003,0.0005,0.0005,0.9972,0.0004,0.0008,0.0002,0.0001,0.0001,0.0
CT017259,Zone_04,Zone_04,0.9964,0.0002,0.0004,0.0004,0.9964,0.0012,0.0007,0.0003,0.0003,0.0001,0.0
CT017613,Zone_04,Zone_04,0.995,0.0005,0.0009,0.0013,0.995,0.0004,0.0011,0.0005,0.0001,0.0001,0.0001
CT010625,Zone_08,Zone_08,0.9983,0.0,0.0,0.0,0.0002,0.0004,0.0,0.0007,0.9983,0.0001,0.0001
CT008775,Zone_08,Zone_08,0.6803,0.0,0.0001,0.0003,0.0007,0.0005,0.0013,0.3158,0.6803,0.0006,0.0003
CT001153,Zone_03,Zone_03,0.9981,0.0005,0.0006,0.9981,0.0006,0.0001,0.0,0.0,0.0,0.0,0.0001
CT018217,Zone_08,Zone_08,0.9418,0.0,0.0,0.0001,0.0002,0.0002,0.0001,0.0573,0.9418,0.0002,0.0001
CT004556,Zone_07,Zone_07,0.9608,0.0,0.0,0.0001,0.0003,0.0003,0.0001,0.9608,0.038,0.0003,0.0001
CT018715,Zone_07,Zone_07,0.5064,0.0,0.0002,0.0003,0.001,0.0005,0.0034,0.5064,0.4875,0.0006,0.0002
CT017330,Zone_03,Zone_03,0.9981,0.0004,0.0006,0.9981,0.0007,0.0001,0.0,0.0,0.0,0.0,0.0
CT002345,Zone_08,Zone_08,0.602,0.0,0.0001,0.0002,0.0005,0.0004,0.0009,0.3953,0.602,0.0005,0.0002
CT002196,Zone_08,Zone_07,0.9921,0.0,0.0,0.0001,0.0002,0.0001,0.0003,0.9921,0.0069,0.0002,0.0001
CT005233,Zone_08,Zone_08,0.997,0.0,0.0,0.0001,0.0004,0.0006,0.0004,0.0011,0.997,0.0002,0.0001
CT008826,Zone_07,Zone_07,0.957,0.0,0.0001,0.0002,0.0007,0.0005,0.0378,0.957,0.003,0.0006,0.0002
CT018546,Zone_07,Zone_08,0.7133,0.0,0.0001,0.0001,0.0003,0.0002,0.0001,0.2855,0.7133,0.0003,0.0002
CT008726,Zone_06,Zone_06,0.9994,0.0,0.0,0.0,0.0001,0.0,0.9994,0.0002,0.0002,0.0,0.0
CT001878,Zone_04,Zone_04,0.9969,0.0001,0.0003,0.0004,0.9969,0.001,0.0001,0.0005,0.0005,0.0001,0.0
CT012711,Zone_07,Zone_08,0.5352,0.0,0.0,0.0001,0.0002,0.0002,0.0,0.464,0.5352,0.0002,0.0001
CT012856,Zone_07,Zone_08,0.6149,0.0,0.0001,0.0001,0.0004,0.0003,0.0002,0.3835,0.6149,0.0003,0.0002
CT012822,Zone_04,Zone_04,0.9978,0.0002,0.0004,0.0004,0.9978,0.0003,0.0006,0.0001,0.0002,0.0001,0.0
CT001755,Zone_04,Zone_04,0.9966,0.0001,0.0003,0.0004,0.9966,0.0009,0.0003,0.0008,0.0003,0.0001,0.0
CT012615,Zone_03,Zone_03,0.9983,0.0005,0.0004,0.9983,0.0006,0.0001,0.0,0.0,0.0,0.0,0.0001
CT012617,Zone_07,Zone_07,0.809,0.0,0.0001,0.0002,0.0011,0.0015,0.0006,0.809,0.1863,0.0008,0.0004
CT007347,Zone_04,Zone_04,0.9961,0.0001,0.0003,0.0003,0.9961,0.0009,0.0,0.0015,0.0007,0.0001,0.0
CT013599,Zone_04,Zone_04,0.9967,0.0002,0.0003,0.0004,0.9967,0.001,0.0,0.0004,0.0008,0.0001,0.0
CT015792,Zone_07,Zone_07,0.9467,0.0,0.0001,0.0001,0.0006,0.0004,0.0495,0.9467,0.0021,0.0005,0.0001
CT018839,Zone_02,Zone_02,0.9984,0.0005,0.9984,0.0004,0.0005,0.0001,0.0,0.0,0.0,0.0,0.0
CT001932,Zone_08,Zone_08,0.8087,0.0,0.0001,0.0001,0.0003,0.0003,0.0001,0.19,0.8087,0.0003,0.0002
CT001394,Zone_02,Zone_02,0.9981,0.0006,0.9981,0.0006,0.0006,0.0001,0.0,0.0,0.0,0.0,0.0
CT007076,Zone_08,Zone_08,0.9885,0.0,0.0001,0.0002,0.0009,0.0015,0.0058,0.0022,0.9885,0.0005,0.0004
CT016131,Zone_02,Zone_02,0.9981,0.0007,0.9981,0.0006,0.0005,0.0001,0.0,0.0,0.0,0.0,0.0
CT017687,Zone_04,Zone_04,0.9956,0.0005,0.001,0.0011,0.9956,0.0004,0.0006,0.0003,0.0002,0.0002,0.0002
CT005690,Zone_06,Zone_06,0.9998,0.0,0.0,0.0,0.0,0.0,0.9998,0.0001,0.0,0.0,0.0
CT014108,Zone_01,Zone_01,0.9987,0.9987,0.0006,0.0004,0.0002,0.0,0.0,0.0,0.0,0.0,0.0
CT013335,Zone_08,Zone_08,0.9952,0.0,0.0,0.0001,0.0005,0.0009,0.0003,0.0025,0.9952,0.0003,0.0002
CT016143,Zone_01,Zone_01,0.9984,0.9984,0.0006,0.0005,0.0004,0.0,0.0,0.0,0.0,0.0,0.0001
CT011875,Zone_07,Zone_07,0.827,0.0,0.0,0.0001,0.0006,0.0011,0.0001,0.827,0.1703,0.0005,0.0002
CT015782,Zone_07,Zone_08,0.8819,0.0,0.0001,0.0001,0.0003,0.0002,0.0002,0.1167,0.8819,0.0003,0.0001
CT005171,Zone_08,Zone_08,0.6297,0.0,0.0,0.0001,0.0002,0.0002,0.0,0.3694,0.6297,0.0002,0.0001
CT013015,Zone_04,Zone_04,0.9955,0.0004,0.001,0.0012,0.9955,0.0004,0.0007,0.0004,0.0001,0.0002,0.0001
CT009135,Zone_02,Zone_02,0.9982,0.0006,0.9982,0.0005,0.0005,0.0001,0.0,0.0,0.0,0.0,0.0
CT011714,Zone_04,Zone_04,0.9968,0.0001,0.0003,0.0003,0.9968,0.001,0.0007,0.0002,0.0005,0.0001,0.0
CT019739,Zone_04,Zone_04,0.9973,0.0001,0.0002,0.0003,0.9973,0.0007,0.0,0.0009,0.0004,0.0,0.0
CT010826,Zone_08,Zone_08,0.8352,0.0,0.0001,0.0001,0.0004,0.0003,0.0006,0.1628,0.8352,0.0003,0.0002
CT006293,Zone_06,Zone_06,0.9983,0.0,0.0,0.0,0.0003,0.0001,0.9983,0.001,0.0004,0.0001,0.0
CT017518,Zone_02,Zone_02,0.9497,0.0183,0.9497,0.0139,0.0167,0.0008,0.0001,0.0,0.0,0.0001,0.0004
CT009029,Zone_02,Zone_02,0.9984,0.0007,0.9984,0.0004,0.0004,0.0,0.0,0.0,0.0,0.0,0.0
CT007188,Zone_04,Zone_04,0.9968,0.0001,0.0003,0.0003,0.9968,0.0009,0.0001,0.0004,0.0009,0.0001,0.0
CT007876,Zone_03,Zone_03,0.9985,0.0004,0.0005,0.9985,0.0004,0.0001,0.0001,0.0,0.0,0.0,0.0
CT004775,Zone_02,Zone_02,0.9985,0.0006,0.9985,0.0004,0.0004,0.0001,0.0,0.0,0.0,0.0,0.0
CT009804,Zone_07,Zone_08,0.8112,0.0,0.0,0.0001,0.0004,0.0002,0.0002,0.1874,0.8112,0.0003,0.0001
CT018108,Zone_08,Zone_08,0.9975,0.0,0.0,0.0,0.0003,0.0004,0.0,0.0015,0.9975,0.0001,0.0001
CT005918,Zone_07,Zone_07,0.981,0.0,0.0,0.0001,0.0005,0.0003,0.0031,0.981,0.0142,0.0005,0.0001
CT001461,Zone_07,Zone_07,0.9786,0.0,0.0,0.0001,0.0005,0.0004,0.0007,0.9786,0.0191,0.0004,0.0001
CT018162,Zone_07,Zone_07,0.9893,0.0,0.0,0.0001,0.0003,0.0002,0.0004,0.9893,0.0092,0.0003,0.0001
CT007729,Zone_08,Zone_08,0.8914,0.0,0.0,0.0001,0.0002,0.0001,0.0,0.1079,0.8914,0.0002,0.0001
CT003401,Zone_02,Zone_02,0.9982,0.0006,0.9982,0.0005,0.0006,0.0001,0.0,0.0,0.0,0.0,0.0
CT002293,Zone_08,Zone_08,0.8436,0.0,0.0001,0.0001,0.0004,0.0003,0.0003,0.1548,0.8436,0.0003,0.0002
CT017134,Zone_03,Zone_03,0.9986,0.0004,0.0004,0.9986,0.0004,0.0001,0.0,0.0,0.0,0.0,0.0001
CT015518,Zone_07,Zone_07,0.8281,0.0,0.0,0.0001,0.0007,0.0011,0.0002,0.8281,0.169,0.0005,0.0002
CT007854,Zone_08,Zone_08,0.996,0.0,0.0,0.0001,0.0004,0.0008,0.0,0.0022,0.996,0.0003,0.0002
CT019179,Zone_07,Zone_07,0.9686,0.0,0.0001,0.0001,0.0006,0.0004,0.0014,0.9686,0.0281,0.0005,0.0001
CT002430,Zone_07,Zone_07,0.9871,0.0,0.0,0.0001,0.0004,0.0003,0.0023,0.9871,0.0092,0.0004,0.0001
CT001082,Zone_06,Zone_06,0.9983,0.0,0.0,0.0,0.0003,0.0001,0.9983,0.0005,0.0007,0.0,0.0
CT010815,Zone_03,Zone_03,0.9986,0.0003,0.0004,0.9986,0.0005,0.0001,0.0001,0.0,0.0,0.0,0.0
CT007868,Zone_01,Zone_01,0.9987,0.9987,0.0006,0.0004,0.0002,0.0,0.0,0.0,0.0,0.0,0.0
CT016836,Zone_08,Zone_08,0.9974,0.0,0.0,0.0001,0.0003,0.0005,0.0001,0.0011,0.9974,0.0002,0.0002
CT011234,Zone_07,Zone_07,0.9632,0.0,0.0,0.0001,0.0005,0.0002,0.0345,0.9632,0.001,0.0003,0.0001
CT014200,Zone_08,Zone_08,0.5781,0.0,0.0001,0.0001,0.0004,0.0003,0.0002,0.4203,0.5781,0.0004,0.0001
CT016862,Zone_07,Zone_07,0.95,0.0,0.0001,0.0002,0.0009,0.0005,0.0448,0.95,0.003,0.0005,0.0001
CT010787,Zone_08,Zone_08,0.5936,0.0,0.0001,0.0002,0.0004,0.0004,0.0006,0.404,0.5936,0.0004,0.0003
CT007485,Zone_04,Zone_04,0.9973,0.0002,0.0004,0.0003,0.9973,0.0004,0.0011,0.0002,0.0001,0.0001,0.0
CT018266,Zone_08,Zone_08,0.7796,0.0,0.0002,0.0006,0.0011,0.0011,0.0004,0.2149,0.7796,0.0015,0.0007
CT004758,Zone_10,Zone_10,0.999,0.0,0.0,0.0,0.0,0.0,0.0,0.0,0.0001,0.0006,0.999
CT014475,Zone_08,Zone_08,0.9933,0.0,0.0001,0.0001,0.0008,0.0011,0.0023,0.0015,0.9933,0.0005,0.0003
CT009818,Zone_02,Zone_02,0.998,0.0007,0.998,0.0005,0.0006,0.0001,0.0,0.0,0.0,0.0,0.0
CT005617,Zone_08,Zone_08,0.9967,0.0,0.0,0.0001,0.0004,0.0006,0.0001,0.0017,0.9967,0.0002,0.0002
CT006622,Zone_04,Zone_04,0.998,0.0001,0.0003,0.0004,0.998,0.0003,0.0001,0.0006,0.0001,0.0001,0.0
CT017041,Zone_08,Zone_08,0.9977,0.0,0.0,0.0,0.0002,0.0004,0.0,0.0013,0.9977,0.0002,0.0001
CT017105,Zone_02,Zone_02,0.9981,0.0005,0.9981,0.0005,0.0008,0.0001,0.0,0.0,0.0,0.0,0.0
CT000635,Zone_02,Zone_02,0.9983,0.0007,0.9983,0.0004,0.0005,0.0001,0.0,0.0,0.0,0.0,0.0
CT005251,Zone_08,Zone_08,0.9883,0.0,0.0001,0.0002,0.001,0.0014,0.0006,0.0076,0.9883,0.0006,0.0004
CT007167,Zone_07,Zone_08,0.6749,0.0,0.0001,0.0002,0.0005,0.0003,0.0007,0.3226,0.6749,0.0005,0.0002
CT010911,Zone_07,Zone_08,0.7732,0.0,0.0,0.0001,0.0003,0.0002,0.0001,0.2256,0.7732,0.0003,0.0001
CT003549,Zone_03,Zone_03,0.9983,0.0005,0.0005,0.9983,0.0005,0.0001,0.0,0.0,0.0,0.0,0.0001
CT010893,Zone_07,Zone_07,0.6338,0.0,0.0001,0.0003,0.0013,0.0009,0.3602,0.6338,0.0021,0.0009,0.0003
CT007509,Zone_08,Zone_08,0.692,0.0,0.0001,0.0002,0.0007,0.0004,0.0015,0.3043,0.692,0.0005,0.0002
CT016140,Zone_10,Zone_10,0.9988,0.0,0.0,0.0,0.0,0.0,0.0,0.0002,0.0002,0.0007,0.9988
CT019596,Zone_07,Zone_07,0.9177,0.0,0.0001,0.0002,0.0007,0.0005,0.0788,0.9177,0.0011,0.0007,0.0002
CT000648,Zone_07,Zone_07,0.6738,0.0,0.0,0.0001,0.0009,0.0012,0.0001,0.6738,0.3233,0.0004,0.0002
CT002824,Zone_10,Zone_10,0.9992,0.0,0.0,0.0,0.0,0.0,0.0,0.0001,0.0001,0.0006,0.9992
CT007843,Zone_02,Zone_02,0.9984,0.0006,0.9984,0.0004,0.0005,0.0,0.0,0.0,0.0,0.0,0.0
CT006691,Zone_08,Zone_08,0.9954,0.0,0.0,0.0001,0.0004,0.0007,0.0001,0.0028,0.9954,0.0003,0.0002
CT004302,Zone_08,Zone_08,0.7406,0.0,0.0001,0.0001,0.0004,0.0003,0.0002,0.2578,0.7406,0.0004,0.0002
CT018783,Zone_01,Zone_01,0.999,0.999,0.0004,0.0003,0.0002,0.0,0.0,0.0,0.0,0.0,0.0
CT007675,Zone_08,Zone_08,0.9966,0.0,0.0,0.0001,0.0003,0.0006,0.0002,0.0018,0.9966,0.0003,0.0001
CT015878,Zone_09,Zone_09,0.998,0.0,0.0,0.0,0.0,0.0001,0.0004,0.0006,0.0002,0.998,0.0006
CT013746,Zone_06,Zone_07,0.7518,0.0,0.0001,0.0002,0.001,0.0007,0.2432,0.7518,0.0023,0.0006,0.0002
CT002016,Zone_07,Zone_07,0.8248,0.0,0.0,0.0001,0.0005,0.0006,0.0001,0.8248,0.1736,0.0003,0.0001
CT010884,Zone_07,Zone_07,0.7656,0.0,0.0001,0.0002,0.001,0.0007,0.2293,0.7656,0.002,0.0008,0.0003
CT018354,Zone_08,Zone_08,0.9969,0.0,0.0,0.0001,0.0003,0.0005,0.0001,0.0018,0.9969,0.0002,0.0001
CT000274,Zone_08,Zone_08,0.8748,0.0,0.0001,0.0001,0.0004,0.0003,0.0005,0.1234,0.8748,0.0003,0.0002
CT000834,Zone_07,Zone_08,0.598,0.0,0.0001,0.0001,0.0004,0.0003,0.0003,0.4004,0.598,0.0003,0.0001
CT013441,Zone_07,Zone_07,0.9808,0.0,0.0,0.0001,0.0005,0.0003,0.0017,0.9808,0.016,0.0005,0.0001
CT008528,Zone_08,Zone_08,0.9161,0.0,0.0,0.0001,0.0002,0.0001,0.0001,0.0831,0.9161,0.0002,0.0001
CT002089,Zone_08,Zone_08,0.5359,0.0,0.0001,0.0001,0.0005,0.0004,0.0002,0.4623,0.5359,0.0003,0.0002
CT017079,Zone_07,Zone_07,0.8272,0.0,0.0001,0.0003,0.0009,0.0007,0.1685,0.8272,0.0015,0.0008,0.0002
CT013141,Zone_08,Zone_08,0.686,0.0,0.0,0.0001,0.0002,0.0002,0.0,0.313,0.686,0.0003,0.0001
CT015863,Zone_08,Zone_08,0.999,0.0,0.0,0.0,0.0001,0.0002,0.0,0.0004,0.999,0.0001,0.0001
CT017405,Zone_04,Zone_04,0.9975,0.0002,0.0004,0.0005,0.9975,0.0004,0.0004,0.0004,0.0001,0.0001,0.0
CT000004,Zone_07,Zone_08,0.7,0.0,0.0001,0.0002,0.0006,0.0004,0.0009,0.2968,0.7,0.0006,0.0003
CT014671,Zone_08,Zone_08,0.9943,0.0,0.0,0.0001,0.0005,0.0007,0.0001,0.0036,0.9943,0.0004,0.0003
CT018080,Zone_10,Zone_10,0.9987,0.0,0.0,0.0,0.0,0.0,0.0,0.0001,0.0004,0.0007,0.9987
CT008997,Zone_07,Zone_07,0.7356,0.0,0.0001,0.0003,0.001,0.0007,0.2585,0.7356,0.0025,0.001,0.0003
CT009484,Zone_07,Zone_08,0.5518,0.0,0.0001,0.0002,0.0004,0.0004,0.0002,0.4465,0.5518,0.0003,0.0002
CT007594,Zone_07,Zone_07,0.9868,0.0,0.0,0.0001,0.0004,0.0003,0.0013,0.9868,0.0106,0.0004,0.0001
CT001946,Zone_06,Zone_06,0.997,0.0,0.0,0.0,0.0004,0.0001,0.997,0.0012,0.0012,0.0001,0.0
CT003677,Zone_04,Zone_04,0.9756,0.0008,0.0024,0.0024,0.9756,0.0096,0.0008,0.0019,0.0059,0.0003,0.0002
CT013781,Zone_05,Zone_05,0.9982,0.0,0.0001,0.0001,0.0004,0.9982,0.0,0.0007,0.0004,0.0001,0.0
CT011573,Zone_04,Zone_04,0.9967,0.0001,0.0003,0.0004,0.9967,0.001,0.0003,0.0003,0.0009,0.0001,0.0
CT006946,Zone_07,Zone_07,0.992,0.0,0.0,0.0001,0.0002,0.0002,0.0007,0.992,0.0064,0.0003,0.0001
CT016590,Zone_07,Zone_07,0.7044,0.0,0.0001,0.0002,0.0011,0.0018,0.0005,0.7044,0.2907,0.0008,0.0004
CT000519,Zone_02,Zone_02,0.9984,0.0006,0.9984,0.0004,0.0004,0.0001,0.0,0.0,0.0,0.0,0.0
CT009197,Zone_07,Zone_07,0.7817,0.0,0.0001,0.0001,0.001,0.0013,0.0006,0.7817,0.2143,0.0006,0.0003
CT018275,Zone_04,Zone_04,0.9415,0.0059,0.0141,0.0238,0.9415,0.0043,0.0018,0.0031,0.0025,0.0016,0.0014
CT003564,Zone_01,Zone_01,0.9983,0.9983,0.0006,0.0006,0.0004,0.0,0.0,0.0,0.0,0.0,0.0
CT016333,Zone_10,Zone_10,0.9993,0.0,0.0,0.0,0.0,0.0,0.0,0.0,0.0001,0.0004,0.9993
CT007045,Zone_10,Zone_10,0.9992,0.0,0.0,0.0,0.0,0.0,0.0,0.0,0.0002,0.0005,0.9992
CT016462,Zone_06,Zone_06,0.9991,0.0,0.0,0.0,0.0001,0.0,0.9991,0.0005,0.0003,0.0,0.0
CT000365,Zone_07,Zone_08,0.6551,0.0,0.0001,0.0003,0.0006,0.0005,0.0026,0.3399,0.6551,0.0005,0.0003
CT000499,Zone_05,Zone_05,0.9979,0.0,0.0,0.0001,0.0005,0.9979,0.0001,0.0007,0.0006,0.0001,0.0
CT009009,Zone_07,Zone_08,0.8487,0.0,0.0,0.0001,0.0002,0.0002,0.0001,0.1504,0.8487,0.0002,0.0001
CT000798,Zone_03,Zone_03,0.9984,0.0004,0.0005,0.9984,0.0005,0.0001,0.0,0.0,0.0,0.0,0.0
CT006957,Zone_04,Zone_04,0.9979,0.0001,0.0004,0.0004,0.9979,0.0003,0.0001,0.0002,0.0004,0.0001,0.0
CT014209,Zone_02,Zone_02,0.9982,0.0007,0.9982,0.0005,0.0005,0.0001,0.0,0.0,0.0,0.0,0.0
CT016579,Zone_08,Zone_08,0.9982,0.0,0.0,0.0,0.0002,0.0004,0.0001,0.0008,0.9982,0.0002,0.0001
CT018620,Zone_07,Zone_07,0.9826,0.0,0.0,0.0001,0.0005,0.0003,0.0015,0.9826,0.0143,0.0005,0.0002
CT005821,Zone_07,Zone_08,0.8448,0.0,0.0,0.0001,0.0002,0.0001,0.0,0.1545,0.8448,0.0002,0.0001
CT019570,Zone_07,Zone_07,0.8779,0.0,0.0001,0.0001,0.0008,0.0005,0.1188,0.8779,0.0012,0.0005,0.0001
CT011046,Zone_07,Zone_07,0.9903,0.0,0.0,0.0001,0.0003,0.0002,0.0012,0.9903,0.0076,0.0003,0.0001
CT003683,Zone_08,Zone_08,0.9959,0.0,0.0,0.0001,0.0004,0.0006,0.0003,0.0022,0.9959,0.0003,0.0001
CT010246,Zone_07,Zone_07,0.9778,0.0,0.0,0.0001,0.0005,0.0004,0.0012,0.9778,0.0191,0.0005,0.0001
CT002626,Zone_08,Zone_08,0.9975,0.0,0.0,0.0001,0.0003,0.0006,0.0001,0.001,0.9975,0.0002,0.0001
CT019623,Zone_07,Zone_07,0.6079,0.0,0.0001,0.0001,0.0005,0.0004,0.3898,0.6079,0.0006,0.0004,0.0001
CT007707,Zone_01,Zone_01,0.9989,0.9989,0.0005,0.0004,0.0002,0.0,0.0,0.0,0.0,0.0,0.0
CT000189,Zone_07,Zone_07,0.9794,0.0,0.0,0.0001,0.0004,0.0002,0.0002,0.9794,0.0192,0.0004,0.0001
CT009907,Zone_07,Zone_07,0.7821,0.0,0.0,0.0001,0.0006,0.0009,0.0001,0.7821,0.2155,0.0004,0.0002
CT018674,Zone_07,Zone_08,0.7015,0.0,0.0,0.0001,0.0002,0.0001,0.0,0.2976,0.7015,0.0002,0.0001
CT006724,Zone_03,Zone_03,0.9983,0.0004,0.0005,0.9983,0.0006,0.0001,0.0,0.0,0.0,0.0,0.0
CT010070,Zone_03,Zone_03,0.9984,0.0005,0.0005,0.9984,0.0004,0.0001,0.0001,0.0,0.0,0.0,0.0
CT004690,Zone_08,Zone_08,0.7596,0.0,0.0001,0.0001,0.0003,0.0002,0.0001,0.239,0.7596,0.0003,0.0002
CT002272,Zone_07,Zone_07,0.5265,0.0,0.0001,0.0003,0.0007,0.0006,0.0024,0.5265,0.4687,0.0004,0.0002
CT002305,Zone_08,Zone_08,0.9984,0.0,0.0,0.0,0.0001,0.0003,0.0,0.001,0.9984,0.0001,0.0001
CT011995,Zone_03,Zone_03,0.9983,0.0005,0.0004,0.9983,0.0005,0.0001,0.0,0.0,0.0,0.0,0.0001
CT011390,Zone_04,Zone_04,0.9976,0.0002,0.0005,0.0005,0.9976,0.0004,0.0003,0.0003,0.0002,0.0001,0.0
CT011887,Zone_10,Zone_10,0.9989,0.0,0.0,0.0,0.0,0.0,0.0001,0.0001,0.0001,0.0007,0.9989
CT019356,Zone_02,Zone_02,0.9983,0.0006,0.9983,0.0005,0.0005,0.0001,0.0,0.0,0.0,0.0,0.0
CT012603,Zone_06,Zone_06,0.9986,0.0,0.0,0.0,0.0002,0.0001,0.9986,0.0004,0.0007,0.0,0.0
CT009591,Zone_08,Zone_08,0.8233,0.0,0.0,0.0001,0.0002,0.0002,0.0,0.1758,0.8233,0.0002,0.0001
CT009766,Zone_08,Zone_07,0.6731,0.0,0.0001,0.0002,0.0016,0.0025,0.0024,0.6731,0.3189,0.0008,0.0004
CT005435,Zone_08,Zone_08,0.6097,0.0,0.0001,0.0002,0.0005,0.0003,0.0005,0.3883,0.6097,0.0003,0.0002
CT010919,Zone_07,Zone_07,0.9798,0.0,0.0,0.0001,0.0006,0.0004,0.0025,0.9798,0.0159,0.0005,0.0001
CT004113,Zone_07,Zone_07,0.9867,0.0,0.0,0.0001,0.0002,0.0001,0.0002,0.9867,0.0123,0.0003,0.0001
CT018095,Zone_08,Zone_08,0.9951,0.0,0.0001,0.0001,0.0006,0.0011,0.0006,0.0018,0.9951,0.0004,0.0003
CT002637,Zone_08,Zone_08,0.9873,0.0,0.0001,0.0003,0.0011,0.0019,0.0025,0.0055,0.9873,0.0007,0.0005
CT012005,Zone_01,Zone_01,0.9985,0.9985,0.0006,0.0005,0.0003,0.0,0.0,0.0,0.0,0.0,0.0
CT019006,Zone_07,Zone_07,0.9601,0.0,0.0,0.0001,0.0006,0.0004,0.0017,0.9601,0.0362,0.0007,0.0001
CT006257,Zone_07,Zone_08,0.6671,0.0,0.0001,0.0001,0.0004,0.0003,0.0001,0.3316,0.6671,0.0003,0.0001
CT008235,Zone_06,Zone_06,0.9997,0.0,0.0,0.0,0.0001,0.0,0.9997,0.0002,0.0,0.0,0.0
CT000025,Zone_07,Zone_07,0.9905,0.0,0.0,0.0001,0.0004,0.0003,0.0031,0.9905,0.0051,0.0004,0.0001
CT005515,Zone_03,Zone_03,0.9983,0.0006,0.0005,0.9983,0.0004,0.0001,0.0,0.0,0.0,0.0,0.0001
CT009726,Zone_07,Zone_07,0.9441,0.0,0.0001,0.0002,0.0007,0.0004,0.001,0.9441,0.0527,0.0007,0.0002
CT004619,Zone_08,Zone_08,0.9928,0.0,0.0001,0.0001,0.0009,0.0016,0.0008,0.003,0.9928,0.0004,0.0003
CT019146,Zone_07,Zone_07,0.9447,0.0,0.0,0.0001,0.0005,0.0004,0.0532,0.9447,0.0006,0.0003,0.0001
CT013218,Zone_08,Zone_08,0.8126,0.0,0.0,0.0001,0.0003,0.0002,0.0001,0.1863,0.8126,0.0003,0.0001
CT014216,Zone_04,Zone_04,0.997,0.0001,0.0003,0.0003,0.997,0.001,0.0005,0.0005,0.0003,0.0001,0.0
CT016420,Zone_03,Zone_03,0.998,0.0005,0.0006,0.998,0.0005,0.0001,0.0001,0.0,0.0,0.0,0.0001
CT011718,Zone_07,Zone_08,0.7471,0.0,0.0001,0.0002,0.0004,0.0003,0.0004,0.2508,0.7471,0.0004,0.0002
CT000591,Zone_06,Zone_06,0.9985,0.0,0.0,0.0,0.0002,0.0001,0.9985,0.0009,0.0003,0.0,0.0
CT008071,Zone_08,Zone_08,0.9847,0.0,0.0001,0.0002,0.0014,0.002,0.004,0.006,0.9847,0.0009,0.0006
CT002806,Zone_04,Zone_04,0.995,0.0008,0.0012,0.0013,0.995,0.0005,0.0004,0.0004,0.0001,0.0002,0.0002
CT000931,Zone_04,Zone_04,0.9972,0.0001,0.0004,0.0004,0.9972,0.0004,0.0,0.0007,0.0005,0.0001,0.0
CT013397,Zone_03,Zone_03,0.9982,0.0005,0.0005,0.9982,0.0005,0.0001,0.0,0.0,0.0,0.0,0.0001
CT005631,Zone_08,Zone_08,0.9947,0.0,0.0,0.0001,0.0005,0.001,0.0004,0.0028,0.9947,0.0003,0.0002
CT012910,Zone_02,Zone_02,0.9981,0.0007,0.9981,0.0005,0.0006,0.0001,0.0,0.0,0.0,0.0,0.0
CT018976,Zone_01,Zone_01,0.9983,0.9983,0.0007,0.0006,0.0004,0.0,0.0,0.0,0.0,0.0,0.0
CT004129,Zone_07,Zone_07,0.9841,0.0,0.0,0.0001,0.0004,0.0003,0.0005,0.9841,0.0141,0.0004,0.0001
CT005755,Zone_03,Zone_03,0.998,0.0005,0.0006,0.998,0.0007,0.0001,0.0,0.0,0.0,0.0,0.0001
CT004958,Zone_04,Zone_04,0.9955,0.0007,0.0012,0.0013,0.9955,0.0004,0.0001,0.0004,0.0002,0.0002,0.0001
CT008801,Zone_01,Zone_01,0.9989,0.9989,0.0005,0.0004,0.0002,0.0,0.0,0.0,0.0,0.0,0.0
CT006079,Zone_02,Zone_02,0.9982,0.0005,0.9982,0.0006,0.0006,0.0001,0.0,0.0,0.0,0.0,0.0
CT003383,Zone_06,Zone_06,0.999,0.0,0.0,0.0,0.0002,0.0,0.999,0.0005,0.0002,0.0,0.0
CT007680,Zone_10,Zone_10,0.9991,0.0,0.0,0.0,0.0,0.0,0.0,0.0001,0.0001,0.0006,0.9991
CT014583,Zone_08,Zone_08,0.9974,0.0,0.0,0.0001,0.0004,0.0006,0.0002,0.0009,0.9974,0.0002,0.0002
CT005670,Zone_07,Zone_07,0.5184,0.0,0.0,0.0001,0.0007,0.0004,0.4791,0.5184,0.0008,0.0004,0.0001
CT013563,Zone_07,Zone_07,0.9659,0.0,0.0001,0.0002,0.0007,0.0004,0.0022,0.9659,0.0296,0.0007,0.0002
CT001019,Zone_02,Zone_02,0.9981,0.0008,0.9981,0.0005,0.0005,0.0001,0.0,0.0,0.0,0.0,0.0
CT018403,Zone_03,Zone_03,0.9982,0.0004,0.0005,0.9982,0.0006,0.0001,0.0,0.0,0.0,0.0,0.0001
CT007661,Zone_08,Zone_08,0.9988,0.0,0.0,0.0,0.0001,0.0003,0.0,0.0007,0.9988,0.0001,0.0001
CT008984,Zone_07,Zone_07,0.9389,0.0,0.0001,0.0002,0.0009,0.0006,0.0549,0.9389,0.0038,0.0006,0.0001
CT018657,Zone_07,Zone_07,0.9334,0.0,0.0,0.0001,0.0006,0.0003,0.064,0.9334,0.0008,0.0005,0.0001
CT000665,Zone_04,Zone_04,0.9962,0.0001,0.0003,0.0003,0.9962,0.0009,0.0,0.0012,0.0008,0.0001,0.0
CT017846,Zone_05,Zone_05,0.9982,0.0,0.0001,0.0001,0.0005,0.9982,0.0001,0.0004,0.0004,0.0001,0.0
CT017237,Zone_07,Zone_08,0.7623,0.0,0.0001,0.0001,0.0004,0.0003,0.0005,0.2356,0.7623,0.0004,0.0002
CT011357,Zone_07,Zone_07,0.5593,0.0,0.0001,0.0002,0.0012,0.0019,0.0004,0.5593,0.4356,0.0008,0.0004
CT000379,Zone_05,Zone_05,0.9978,0.0,0.0001,0.0001,0.0005,0.9978,0.0001,0.0003,0.001,0.0001,0.0
CT002307,Zone_07,Zone_07,0.8817,0.0,0.0001,0.0001,0.0008,0.0011,0.0009,0.8817,0.1145,0.0006,0.0002
CT004135,Zone_08,Zone_07,0.6308,0.0,0.0,0.0001,0.0005,0.0009,0.0,0.6308,0.3671,0.0004,0.0002
CT019063,Zone_08,Zone_08,0.998,0.0,0.0,0.0,0.0002,0.0005,0.0,0.0009,0.998,0.0001,0.0001
CT008770,Zone_02,Zone_02,0.9983,0.0005,0.9983,0.0005,0.0006,0.0001,0.0,0.0,0.0,0.0,0.0
CT005241,Zone_03,Zone_03,0.9982,0.0005,0.0005,0.9982,0.0005,0.0001,0.0,0.0,0.0,0.0,0.0001
CT002748,Zone_01,Zone_01,0.9987,0.9987,0.0006,0.0004,0.0003,0.0,0.0,0.0,0.0,0.0,0.0
CT004977,Zone_08,Zone_08,0.9985,0.0,0.0,0.0001,0.0002,0.0004,0.0001,0.0004,0.9985,0.0002,0.0001
CT008815,Zone_10,Zone_10,0.9987,0.0,0.0,0.0,0.0,0.0,0.0,0.0001,0.0004,0.0007,0.9987
CT001128,Zone_07,Zone_08,0.8578,0.0,0.0,0.0001,0.0002,0.0002,0.0001,0.1412,0.8578,0.0002,0.0001
CT009576,Zone_07,Zone_07,0.869,0.0,0.0001,0.0002,0.0011,0.0013,0.0004,0.869,0.127,0.0006,0.0003
CT006437,Zone_07,Zone_07,0.8772,0.0,0.0,0.0001,0.0007,0.0008,0.0001,0.8772,0.1203,0.0005,0.0002
CT001857,Zone_01,Zone_01,0.9984,0.9984,0.0007,0.0005,0.0004,0.0,0.0,0.0,0.0,0.0,0.0
CT007761,Zone_04,Zone_04,0.9971,0.0001,0.0003,0.0003,0.9971,0.0008,0.0006,0.0004,0.0003,0.0001,0.0
CT015381,Zone_04,Zone_04,0.9981,0.0001,0.0003,0.0004,0.9981,0.0003,0.0001,0.0004,0.0001,0.0001,0.0
CT006330,Zone_04,Zone_04,0.9943,0.0009,0.0014,0.0015,0.9943,0.0005,0.0006,0.0002,0.0002,0.0002,0.0002
CT011642,Zone_02,Zone_02,0.9985,0.0005,0.9985,0.0005,0.0005,0.0,0.0,0.0,0.0,0.0,0.0
CT012271,Zone_07,Zone_07,0.9751,0.0,0.0,0.0001,0.0004,0.0002,0.0229,0.9751,0.0009,0.0003,0.0001
CT009477,Zone_07,Zone_07,0.8452,0.0,0.0001,0.0002,0.0017,0.0021,0.0064,0.8452,0.1428,0.001,0.0004
CT000799,Zone_08,Zone_08,0.8927,0.0,0.0,0.0001,0.0003,0.0002,0.0001,0.1062,0.8927,0.0002,0.0001
CT015249,Zone_08,Zone_08,0.7428,0.0,0.0001,0.0002,0.0005,0.0004,0.0005,0.2548,0.7428,0.0004,0.0002
CT012845,Zone_01,Zone_01,0.9987,0.9987,0.0006,0.0004,0.0003,0.0,0.0,0.0,0.0,0.0,0.0
CT015761,Zone_04,Zone_04,0.9961,0.0001,0.0004,0.0005,0.9961,0.0003,0.0021,0.0003,0.0001,0.0001,0.0
CT006996,Zone_07,Zone_07,0.9718,0.0,0.0,0.0001,0.0005,0.0003,0.0262,0.9718,0.0008,0.0003,0.0001
CT017459,Zone_07,Zone_08,0.654,0.0,0.0001,0.0002,0.0006,0.0004,0.0013,0.3426,0.654,0.0005,0.0003
CT001393,Zone_03,Zone_03,0.9983,0.0004,0.0005,0.9983,0.0006,0.0001,0.0,0.0,0.0,0.0,0.0
CT001828,Zone_08,Zone_08,0.9938,0.0,0.0,0.0001,0.0006,0.0011,0.001,0.0026,0.9938,0.0004,0.0002
CT005058,Zone_07,Zone_07,0.7746,0.0,0.0,0.0001,0.0005,0.0011,0.0,0.7746,0.2229,0.0004,0.0002
CT015957,Zone_08,Zone_08,0.8371,0.0,0.0,0.0,0.0001,0.0002,0.0,0.1623,0.8371,0.0001,0.0001
CT009099,Zone_07,Zone_07,0.8948,0.0,0.0001,0.0001,0.0011,0.0013,0.0014,0.8948,0.1003,0.0006,0.0002
CT004677,Zone_03,Zone_03,0.9983,0.0004,0.0005,0.9983,0.0005,0.0001,0.0,0.0,0.0,0.0,0.0001
CT000021,Zone_07,Zone_07,0.9803,0.0,0.0,0.0001,0.0004,0.0003,0.0137,0.9803,0.0046,0.0004,0.0001
CT002026,Zone_05,Zone_05,0.9986,0.0,0.0001,0.0001,0.0005,0.9986,0.0002,0.0002,0.0003,0.0001,0.0
CT011921,Zone_07,Zone_07,0.9611,0.0,0.0,0.0001,0.0004,0.0003,0.0003,0.9611,0.0372,0.0004,0.0001
CT009727,Zone_04,Zone_04,0.9957,0.0006,0.001,0.0012,0.9957,0.0004,0.0001,0.0004,0.0003,0.0002,0.0001
CT002738,Zone_07,Zone_07,0.8543,0.0,0.0,0.0001,0.0007,0.0012,0.0004,0.8543,0.1423,0.0006,0.0003
CT003420,Zone_07,Zone_07,0.8001,0.0,0.0001,0.0003,0.0012,0.0008,0.1934,0.8001,0.003,0.0009,0.0003
CT011022,Zone_10,Zone_10,0.999,0.0,0.0,0.0,0.0,0.0,0.0,0.0001,0.0002,0.0007,0.999
CT014142,Zone_01,Zone_01,0.9985,0.9985,0.0005,0.0005,0.0004,0.0,0.0,0.0,0.0,0.0,0.0
CT003589,Zone_07,Zone_07,0.9918,0.0,0.0,0.0001,0.0003,0.0002,0.0005,0.9918,0.0067,0.0003,0.0001
CT004278,Zone_07,Zone_07,0.9175,0.0,0.0001,0.0002,0.0007,0.0004,0.0788,0.9175,0.0016,0.0006,0.0002
CT009746,Zone_07,Zone_07,0.9713,0.0,0.0,0.0001,0.0005,0.0004,0.0012,0.9713,0.0258,0.0005,0.0002
CT017231,Zone_01,Zone_01,0.9989,0.9989,0.0005,0.0003,0.0002,0.0,0.0,0.0,0.0,0.0,0.0
CT017411,Zone_08,Zone_08,0.8132,0.0,0.0,0.0001,0.0002,0.0002,0.0,0.1857,0.8132,0.0003,0.0001
CT011842,Zone_07,Zone_07,0.9381,0.0,0.0001,0.0002,0.0007,0.0005,0.058,0.9381,0.0017,0.0006,0.0001
CT019969,Zone_08,Zone_07,0.5851,0.0,0.0001,0.0002,0.0005,0.0004,0.0009,0.5851,0.412,0.0005,0.0002
CT009145,Zone_02,Zone_02,0.9984,0.0005,0.9984,0.0005,0.0004,0.0001,0.0,0.0,0.0,0.0,0.0
CT005106,Zone_08,Zone_08,0.9978,0.0,0.0,0.0,0.0003,0.0005,0.0002,0.0007,0.9978,0.0002,0.0001
CT019795,Zone_07,Zone_07,0.8873,0.0,0.0001,0.0001,0.0007,0.0004,0.1097,0.8873,0.0011,0.0004,0.0001
CT004216,Zone_01,Zone_01,0.9986,0.9986,0.0006,0.0005,0.0003,0.0,0.0,0.0,0.0,0.0,0.0
CT017712,Zone_08,Zone_08,0.9985,0.0,0.0,0.0,0.0002,0.0004,0.0002,0.0004,0.9985,0.0002,0.0001
CT015870,Zone_06,Zone_06,0.9985,0.0,0.0,0.0,0.0002,0.0001,0.9985,0.001,0.0002,0.0001,0.0
CT007470,Zone_08,Zone_08,0.8569,0.0,0.0,0.0001,0.0002,0.0001,0.0001,0.1424,0.8569,0.0002,0.0001
CT012989,Zone_08,Zone_08,0.8275,0.0,0.0,0.0001,0.0001,0.0001,0.0,0.1719,0.8275,0.0001,0.0001
CT000228,Zone_08,Zone_08,0.5382,0.0,0.0,0.0001,0.0005,0.001,0.0,0.4597,0.5382,0.0004,0.0001
CT007027,Zone_08,Zone_08,0.8588,0.0,0.0001,0.0002,0.0004,0.0002,0.0004,0.1395,0.8588,0.0003,0.0002
CT009902,Zone_01,Zone_01,0.9986,0.9986,0.0005,0.0005,0.0004,0.0,0.0,0.0,0.0,0.0,0.0
CT004096,Zone_04,Zone_04,0.9962,0.0001,0.0003,0.0004,0.9962,0.001,0.0001,0.0011,0.0007,0.0001,0.0
CT015712,Zone_08,Zone_08,0.992,0.0,0.0001,0.0002,0.0009,0.0013,0.0023,0.0024,0.992,0.0006,0.0003
CT001364,Zone_02,Zone_02,0.9984,0.0005,0.9984,0.0005,0.0005,0.0001,0.0,0.0,0.0,0.0,0.0
CT019900,Zone_04,Zone_04,0.9977,0.0002,0.0005,0.0005,0.9977,0.0003,0.0003,0.0002,0.0002,0.0001,0.0
CT015903,Zone_07,Zone_07,0.8246,0.0,0.0001,0.0001,0.0006,0.0004,0.1731,0.8246,0.0006,0.0004,0.0001
CT015359,Zone_08,Zone_08,0.7012,0.0,0.0001,0.0002,0.0004,0.0003,0.0007,0.2964,0.7012,0.0005,0.0002
CT013499,Zone_03,Zone_03,0.998,0.0005,0.0005,0.998,0.0007,0.0001,0.0,0.0,0.0,0.0,0.0001
CT009730,Zone_10,Zone_10,0.9985,0.0,0.0,0.0,0.0,0.0,0.0,0.0002,0.0002,0.0009,0.9985
CT003894,Zone_08,Zone_07,0.9061,0.0,0.0001,0.0001,0.0009,0.0012,0.0019,0.9061,0.0891,0.0005,0.0002
CT004141,Zone_05,Zone_05,0.9981,0.0,0.0,0.0001,0.0006,0.9981,0.0001,0.0004,0.0007,0.0001,0.0
CT002903,Zone_03,Zone_03,0.9985,0.0003,0.0005,0.9985,0.0005,0.0001,0.0,0.0,0.0,0.0,0.0
CT017997,Zone_07,Zone_08,0.5111,0.0,0.0001,0.0003,0.0006,0.0005,0.0004,0.4865,0.5111,0.0005,0.0002
CT004277,Zone_08,Zone_08,0.9961,0.0,0.0,0.0001,0.0005,0.0008,0.0004,0.0016,0.9961,0.0003,0.0002
CT004384,Zone_08,Zone_08,0.9981,0.0,0.0,0.0,0.0003,0.0004,0.0001,0.0008,0.9981,0.0002,0.0001
CT009218,Zone_09,Zone_09,0.9983,0.0,0.0,0.0,0.0,0.0001,0.0002,0.0002,0.0005,0.9983,0.0006
CT013044,Zone_08,Zone_08,0.7497,0.0,0.0001,0.0001,0.0004,0.0003,0.0003,0.2488,0.7497,0.0003,0.0001
CT011960,Zone_01,Zone_01,0.9989,0.9989,0.0004,0.0004,0.0002,0.0,0.0,0.0,0.0,0.0,0.0
CT002194,Zone_02,Zone_02,0.9985,0.0006,0.9985,0.0004,0.0004,0.0,0.0,0.0,0.0,0.0,0.0
CT009704,Zone_04,Zone_04,0.9979,0.0001,0.0004,0.0004,0.9979,0.0003,0.0001,0.0003,0.0003,0.0001,0.0
CT015082,Zone_07,Zone_07,0.8936,0.0,0.0,0.0001,0.0006,0.0011,0.0001,0.8936,0.1039,0.0004,0.0002
CT008292,Zone_10,Zone_10,0.9988,0.0,0.0,0.0,0.0,0.0,0.0,0.0002,0.0001,0.0008,0.9988
CT001245,Zone_04,Zone_04,0.997,0.0001,0.0003,0.0003,0.997,0.0009,0.0002,0.0003,0.0008,0.0001,0.0
CT013982,Zone_04,Zone_04,0.9955,0.0006,0.0011,0.0012,0.9955,0.0005,0.0003,0.0003,0.0002,0.0002,0.0002
CT005004,Zone_03,Zone_03,0.9981,0.0006,0.0006,0.9981,0.0005,0.0001,0.0001,0.0,0.0,0.0,0.0001
CT019674,Zone_01,Zone_01,0.9988,0.9988,0.0005,0.0004,0.0003,0.0,0.0,0.0,0.0,0.0,0.0
CT019876,Zone_07,Zone_08,0.7756,0.0,0.0001,0.0001,0.0003,0.0003,0.0002,0.2229,0.7756,0.0003,0.0002
CT010238,Zone_01,Zone_01,0.9987,0.9987,0.0005,0.0005,0.0003,0.0,0.0,0.0,0.0,0.0,0.0
CT015704,Zone_07,Zone_07,0.6539,0.0,0.0001,0.0002,0.0008,0.0005,0.342,0.6539,0.0016,0.0007,0.0001
CT005710,Zone_07,Zone_08,0.6555,0.0,0.0001,0.0001,0.0003,0.0003,0.0001,0.3429,0.6555,0.0004,0.0002
CT016476,Zone_07,Zone_07,0.9775,0.0,0.0,0.0001,0.0003,0.0003,0.0004,0.9775,0.0209,0.0004,0.0001
CT012045,Zone_03,Zone_03,0.9985,0.0005,0.0004,0.9985,0.0004,0.0001,0.0,0.0,0.0,0.0,0.0001
CT012895,Zone_08,Zone_08,0.7666,0.0,0.0001,0.0002,0.0003,0.0003,0.0002,0.2317,0.7666,0.0003,0.0002
CT002675,Zone_08,Zone_08,0.5696,0.0,0.0001,0.0001,0.0004,0.0003,0.0002,0.4288,0.5696,0.0003,0.0002
CT007639,Zone_07,Zone_07,0.8485,0.0,0.0,0.0001,0.0007,0.0009,0.0003,0.8485,0.1489,0.0004,0.0002
CT019239,Zone_08,Zone_08,0.9972,0.0,0.0,0.0001,0.0003,0.0006,0.0,0.0016,0.9972,0.0002,0.0001
CT006209,Zone_02,Zone_02,0.9983,0.0006,0.9983,0.0005,0.0005,0.0001,0.0,0.0,0.0,0.0,0.0
CT000590,Zone_02,Zone_02,0.9984,0.0005,0.9984,0.0005,0.0005,0.0001,0.0,0.0,0.0,0.0,0.0
CT001810,Zone_03,Zone_03,0.9981,0.0006,0.0006,0.9981,0.0005,0.0001,0.0001,0.0,0.0,0.0,0.0001
CT004647,Zone_06,Zone_06,0.9998,0.0,0.0,0.0,0.0,0.0,0.9998,0.0001,0.0,0.0,0.0
CT012618,Zone_08,Zone_08,0.9951,0.0,0.0,0.0001,0.0004,0.001,0.0005,0.0021,0.9951,0.0004,0.0003
CT018307,Zone_08,Zone_08,0.7398,0.0,0.0,0.0001,0.0003,0.0002,0.0,0.2591,0.7398,0.0002,0.0001
CT002544,Zone_04,Zone_04,0.9946,0.0008,0.0012,0.0015,0.9946,0.0005,0.0004,0.0003,0.0002,0.0002,0.0002
CT017760,Zone_02,Zone_02,0.9981,0.0008,0.9981,0.0005,0.0005,0.0001,0.0,0.0,0.0,0.0,0.0
CT007426,Zone_01,Zone_01,0.9989,0.9989,0.0005,0.0004,0.0002,0.0,0.0,0.0,0.0,0.0,0.0
CT019264,Zone_04,Zone_04,0.9973,0.0001,0.0003,0.0003,0.9973,0.0008,0.0004,0.0004,0.0004,0.0001,0.0
CT016988,Zone_08,Zone_08,0.9968,0.0,0.0,0.0001,0.0004,0.0007,0.0002,0.0014,0.9968,0.0003,0.0002
CT018076,Zone_07,Zone_07,0.9815,0.0,0.0001,0.0002,0.0005,0.0005,0.0019,0.9815,0.0146,0.0007,0.0002
CT017096,Zone_07,Zone_07,0.9895,0.0,0.0,0.0001,0.0003,0.0002,0.0002,0.9895,0.0094,0.0002,0.0001
CT010558,Zone_02,Zone_02,0.9982,0.0006,0.9982,0.0005,0.0005,0.0001,0.0,0.0,0.0,0.0,0.0
CT015796,Zone_08,Zone_08,0.6218,0.0,0.0001,0.0002,0.0005,0.0005,0.0002,0.3762,0.6218,0.0004,0.0002
CT000996,Zone_08,Zone_08,0.9975,0.0,0.0,0.0,0.0003,0.0005,0.0001,0.0013,0.9975,0.0002,0.0001
CT011879,Zone_02,Zone_02,0.9983,0.0006,0.9983,0.0005,0.0005,0.0001,0.0,0.0,0.0,0.0,0.0
CT016183,Zone_08,Zone_08,0.9969,0.0,0.0,0.0001,0.0003,0.0007,0.0001,0.0016,0.9969,0.0002,0.0002
CT007023,Zone_04,Zone_04,0.9969,0.0001,0.0003,0.0004,0.9969,0.0008,0.0,0.0006,0.0007,0.0001,0.0
CT011691,Zone_01,Zone_01,0.9986,0.9986,0.0005,0.0004,0.0003,0.0,0.0,0.0,0.0,0.0,0.0
CT007275,Zone_08,Zone_08,0.868,0.0,0.0001,0.0002,0.0004,0.0003,0.0005,0.1299,0.868,0.0004,0.0003
CT010506,Zone_07,Zone_07,0.9876,0.0,0.0,0.0001,0.0003,0.0002,0.0011,0.9876,0.0101,0.0004,0.0001
CT013162,Zone_01,Zone_01,0.9988,0.9988,0.0005,0.0004,0.0002,0.0,0.0,0.0,0.0,0.0,0.0
CT000263,Zone_04,Zone_04,0.9969,0.0001,0.0003,0.0003,0.9969,0.0009,0.0004,0.0003,0.0007,0.0001,0.0
CT013020,Zone_01,Zone_01,0.9986,0.9986,0.0005,0.0005,0.0003,0.0,0.0,0.0,0.0,0.0,0.0
CT003622,Zone_04,Zone_04,0.9979,0.0002,0.0004,0.0004,0.9979,0.0003,0.0003,0.0002,0.0002,0.0001,0.0
CT013210,Zone_06,Zone_06,0.9995,0.0,0.0,0.0,0.0001,0.0,0.9995,0.0003,0.0001,0.0,0.0
CT013667,Zone_08,Zone_07,0.6775,0.0,0.0001,0.0002,0.0014,0.0022,0.0017,0.6775,0.3157,0.0009,0.0003
CT010996,Zone_07,Zone_07,0.9768,0.0,0.0,0.0001,0.0006,0.0004,0.0186,0.9768,0.0029,0.0005,0.0001
CT003545,Zone_04,Zone_04,0.9966,0.0001,0.0003,0.0003,0.9966,0.0011,0.0002,0.0007,0.0005,0.0001,0.0
CT009035,Zone_08,Zone_08,0.998,0.0,0.0,0.0,0.0002,0.0005,0.0,0.0009,0.998,0.0001,0.0001
CT016735,Zone_05,Zone_05,0.9982,0.0,0.0001,0.0001,0.0005,0.9982,0.0004,0.0002,0.0004,0.0001,0.0
CT011388,Zone_08,Zone_08,0.7748,0.0,0.0001,0.0001,0.0004,0.0002,0.0003,0.2235,0.7748,0.0003,0.0002
CT003756,Zone_04,Zone_04,0.9971,0.0001,0.0003,0.0003,0.9971,0.001,0.0004,0.0005,0.0002,0.0001,0.0
CT011814,Zone_09,Zone_09,0.9985,0.0,0.0,0.0,0.0,0.0001,0.0,0.0005,0.0002,0.9985,0.0006
CT001730,Zone_05,Zone_05,0.9982,0.0,0.0,0.0001,0.0005,0.9982,0.0001,0.0006,0.0004,0.0001,0.0
CT008124,Zone_01,Zone_01,0.9987,0.9987,0.0005,0.0004,0.0003,0.0,0.0,0.0,0.0,0.0,0.0
CT006832,Zone_07,Zone_08,0.7059,0.0,0.0,0.0001,0.0004,0.0002,0.0003,0.2928,0.7059,0.0002,0.0001
CT011607,Zone_08,Zone_08,0.5192,0.0,0.0001,0.0002,0.0007,0.0004,0.002,0.4765,0.5192,0.0006,0.0002
CT011645,Zone_08,Zone_08,0.855,0.0,0.0,0.0001,0.0002,0.0002,0.0001,0.144,0.855,0.0002,0.0001
CT003881,Zone_08,Zone_08,0.5517,0.0,0.0001,0.0003,0.0005,0.0005,0.0007,0.4454,0.5517,0.0005,0.0003
CT004210,Zone_01,Zone_01,0.9987,0.9987,0.0006,0.0004,0.0002,0.0,0.0,0.0,0.0,0.0,0.0
CT001136,Zone_04,Zone_04,0.9961,0.0002,0.0003,0.0004,0.9961,0.0011,0.0,0.0004,0.0014,0.0001,0.0
CT013221,Zone_07,Zone_07,0.7608,0.0,0.0,0.0001,0.0007,0.001,0.0001,0.7608,0.2367,0.0004,0.0002
CT005363,Zone_03,Zone_03,0.9984,0.0005,0.0005,0.9984,0.0004,0.0001,0.0,0.0,0.0,0.0,0.0
CT011173,Zone_07,Zone_07,0.9896,0.0,0.0,0.0001,0.0004,0.0003,0.0018,0.9896,0.0072,0.0004,0.0001
CT011966,Zone_03,Zone_03,0.9983,0.0005,0.0004,0.9983,0.0005,0.0001,0.0,0.0,0.0,0.0,0.0001
CT002786,Zone_08,Zone_08,0.7866,0.0,0.0,0.0001,0.0002,0.0002,0.0001,0.2124,0.7866,0.0002,0.0001
CT011519,Zone_04,Zone_04,0.9954,0.0007,0.0009,0.0013,0.9954,0.0004,0.0001,0.0003,0.0006,0.0002,0.0002
CT007994,Zone_07,Zone_07,0.9783,0.0,0.0001,0.0001,0.0007,0.0004,0.0174,0.9783,0.0023,0.0005,0.0002
CT009900,Zone_06,Zone_06,0.9951,0.0,0.0,0.0001,0.0006,0.0002,0.9951,0.0013,0.0025,0.0001,0.0
CT019150,Zone_03,Zone_03,0.9982,0.0004,0.0005,0.9982,0.0005,0.0001,0.0001,0.0,0.0,0.0,0.0001
CT015514,Zone_05,Zone_05,0.9976,0.0,0.0,0.0001,0.0005,0.9976,0.0,0.0009,0.0008,0.0001,0.0
CT012875,Zone_05,Zone_05,0.9983,0.0,0.0001,0.0001,0.0005,0.9983,0.0002,0.0004,0.0004,0.0001,0.0
CT008867,Zone_03,Zone_03,0.9983,0.0005,0.0005,0.9983,0.0006,0.0001,0.0,0.0,0.0,0.0,0.0001
CT017840,Zone_08,Zone_08,0.6955,0.0,0.0001,0.0002,0.0005,0.0003,0.0003,0.3023,0.6955,0.0005,0.0002
CT016251,Zone_01,Zone_01,0.9988,0.9988,0.0005,0.0004,0.0003,0.0,0.0,0.0,0.0,0.0,0.0
CT007791,Zone_07,Zone_08,0.5531,0.0,0.0001,0.0002,0.0005,0.0003,0.0005,0.4449,0.5531,0.0004,0.0002
CT016660,Zone_08,Zone_08,0.9904,0.0,0.0001,0.0002,0.0011,0.0016,0.0021,0.0037,0.9904,0.0006,0.0004
CT017698,Zone_07,Zone_07,0.9909,0.0,0.0,0.0001,0.0005,0.0003,0.0018,0.9909,0.0059,0.0004,0.0001
CT015884,Zone_07,Zone_07,0.9479,0.0,0.0,0.0001,0.0005,0.0003,0.0499,0.9479,0.0007,0.0004,0.0001
CT013757,Zone_10,Zone_10,0.9987,0.0,0.0,0.0,0.0,0.0,0.0,0.0001,0.0005,0.0007,0.9987
CT008196,Zone_07,Zone_07,0.7514,0.0,0.0001,0.0002,0.0011,0.0014,0.0007,0.7514,0.244,0.0008,0.0003
CT006981,Zone_10,Zone_10,0.9989,0.0,0.0,0.0,0.0,0.0,0.0,0.0002,0.0002,0.0006,0.9989
CT018845,Zone_04,Zone_04,0.9976,0.0002,0.0004,0.0005,0.9976,0.0004,0.0002,0.0004,0.0002,0.0001,0.0
CT015224,Zone_07,Zone_07,0.8517,0.0,0.0001,0.0002,0.0014,0.0017,0.0023,0.8517,0.1415,0.0008,0.0003
CT013273,Zone_06,Zone_06,0.9982,0.0,0.0,0.0,0.0003,0.0001,0.9982,0.001,0.0003,0.0001,0.0
CT005156,Zone_02,Zone_02,0.9986,0.0005,0.9986,0.0004,0.0004,0.0,0.0,0.0,0.0,0.0,0.0
CT001943,Zone_08,Zone_08,0.9943,0.0,0.0,0.0001,0.0007,0.0008,0.0006,0.0029,0.9943,0.0003,0.0002
CT018071,Zone_08,Zone_08,0.8735,0.0,0.0,0.0001,0.0002,0.0002,0.0001,0.1256,0.8735,0.0002,0.0001
CT018571,Zone_07,Zone_07,0.9863,0.0,0.0,0.0001,0.0005,0.0003,0.0086,0.9863,0.0036,0.0004,0.0001
CT013597,Zone_04,Zone_04,0.9959,0.0001,0.0002,0.0003,0.9959,0.001,0.0,0.0016,0.0009,0.0001,0.0
CT007733,Zone_04,Zone_04,0.9975,0.0001,0.0003,0.0003,0.9975,0.0008,0.0003,0.0003,0.0003,0.0001,0.0
CT009178,Zone_08,Zone_08,0.9982,0.0,0.0,0.0,0.0002,0.0004,0.0001,0.0008,0.9982,0.0001,0.0001
CT002274,Zone_07,Zone_07,0.8601,0.0,0.0,0.0001,0.0006,0.0003,0.1373,0.8601,0.001,0.0005,0.0001
CT014733,Zone_03,Zone_03,0.9983,0.0004,0.0004,0.9983,0.0006,0.0001,0.0,0.0,0.0,0.0,0.0
CT003973,Zone_07,Zone_07,0.6067,0.0,0.0,0.0001,0.001,0.0014,0.0002,0.6067,0.3898,0.0005,0.0002
CT001083,Zone_06,Zone_06,0.999,0.0,0.0,0.0,0.0001,0.0,0.999,0.0006,0.0001,0.0,0.0
CT014734,Zone_07,Zone_07,0.9743,0.0,0.0,0.0001,0.0004,0.0003,0.0007,0.9743,0.0234,0.0005,0.0002
CT003209,Zone_03,Zone_03,0.9983,0.0004,0.0005,0.9983,0.0005,0.0001,0.0,0.0,0.0,0.0,0.0001
CT004237,Zone_05,Zone_05,0.9982,0.0,0.0001,0.0001,0.0005,0.9982,0.0001,0.0006,0.0003,0.0001,0.0
CT001649,Zone_06,Zone_06,0.9989,0.0,0.0,0.0,0.0002,0.0,0.9989,0.0005,0.0003,0.0,0.0
CT010161,Zone_03,Zone_03,0.9982,0.0005,0.0005,0.9982,0.0006,0.0001,0.0,0.0,0.0,0.0,0.0001
CT009733,Zone_09,Zone_09,0.9984,0.0,0.0,0.0,0.0,0.0001,0.0001,0.0003,0.0006,0.9984,0.0005
CT012164,Zone_07,Zone_08,0.6437,0.0,0.0,0.0001,0.0004,0.0003,0.0001,0.355,0.6437,0.0002,0.0001
CT007393,Zone_01,Zone_01,0.9986,0.9986,0.0006,0.0005,0.0003,0.0,0.0,0.0,0.0,0.0,0.0
CT018371,Zone_08,Zone_08,0.5996,0.0,0.0001,0.0001,0.0003,0.0003,0.0,0.3991,0.5996,0.0003,0.0002
CT010005,Zone_04,Zone_04,0.9977,0.0002,0.0004,0.0004,0.9977,0.0005,0.0001,0.0004,0.0002,0.0001,0.0
CT004173,Zone_09,Zone_09,0.998,0.0,0.0,0.0,0.0,0.0001,0.0,0.0004,0.0008,0.998,0.0006
CT014880,Zone_07,Zone_07,0.9833,0.0,0.0,0.0001,0.0004,0.0003,0.0059,0.9833,0.0092,0.0004,0.0002
CT001840,Zone_07,Zone_08,0.558,0.0,0.0001,0.0002,0.0005,0.0003,0.0003,0.4398,0.558,0.0005,0.0002
CT000139,Zone_07,Zone_07,0.9765,0.0,0.0001,0.0002,0.0004,0.0004,0.0023,0.9765,0.0193,0.0006,0.0002
CT015005,Zone_08,Zone_08,0.9979,0.0,0.0,0.0001,0.0003,0.0005,0.0003,0.0005,0.9979,0.0002,0.0001
CT001574,Zone_07,Zone_07,0.7051,0.0,0.0001,0.0002,0.0007,0.0005,0.2917,0.7051,0.0009,0.0006,0.0001
CT019652,Zone_04,Zone_04,0.9979,0.0001,0.0004,0.0004,0.9979,0.0004,0.0001,0.0004,0.0002,0.0001,0.0
CT011744,Zone_04,Zone_04,0.9961,0.0002,0.0004,0.0004,0.9961,0.0003,0.0023,0.0001,0.0001,0.0,0.0
CT006461,Zone_01,Zone_01,0.9985,0.9985,0.0006,0.0005,0.0004,0.0,0.0,0.0,0.0,0.0,0.0
CT017640,Zone_07,Zone_07,0.9707,0.0,0.0001,0.0002,0.0008,0.0006,0.0226,0.9707,0.0041,0.0008,0.0002
CT016267,Zone_08,Zone_08,0.8445,0.0,0.0001,0.0001,0.0003,0.0003,0.0002,0.1541,0.8445,0.0003,0.0001
CT018969,Zone_07,Zone_07,0.8699,0.0,0.0,0.0001,0.0007,0.001,0.0002,0.8699,0.1273,0.0005,0.0002
CT014409,Zone_05,Zone_05,0.9982,0.0,0.0001,0.0001,0.0006,0.9982,0.0003,0.0005,0.0002,0.0001,0.0
CT003833,Zone_08,Zone_08,0.9952,0.0,0.0,0.0001,0.0005,0.001,0.0009,0.0017,0.9952,0.0003,0.0002
CT006378,Zone_07,Zone_07,0.9216,0.0,0.0001,0.0002,0.0009,0.0005,0.0735,0.9216,0.0023,0.0006,0.0002
CT004543,Zone_10,Zone_10,0.9985,0.0001,0.0,0.0,0.0,0.0,0.0001,0.0002,0.0001,0.0009,0.9985
CT016147,Zone_03,Zone_03,0.9982,0.0004,0.0005,0.9982,0.0007,0.0001,0.0,0.0,0.0,0.0,0.0001
CT015179,Zone_07,Zone_07,0.9148,0.0,0.0,0.0001,0.0006,0.0008,0.0002,0.9148,0.0829,0.0004,0.0001
CT007147,Zone_04,Zone_04,0.997,0.0001,0.0003,0.0003,0.997,0.0009,0.0004,0.0005,0.0003,0.0001,0.0
CT002221,Zone_04,Zone_04,0.9968,0.0001,0.0003,0.0003,0.9968,0.0012,0.0001,0.0007,0.0005,0.0001,0.0
CT014888,Zone_06,Zone_07,0.9459,0.0,0.0,0.0001,0.0006,0.0004,0.0512,0.9459,0.0011,0.0005,0.0001
CT003569,Zone_07,Zone_07,0.9312,0.0,0.0001,0.0002,0.0012,0.0006,0.0614,0.9312,0.0041,0.0009,0.0002
CT002461,Zone_07,Zone_07,0.715,0.0,0.0001,0.0003,0.0009,0.0007,0.28,0.715,0.0021,0.0007,0.0002
CT008877,Zone_07,Zone_07,0.954,0.0,0.0001,0.0002,0.0006,0.0005,0.0416,0.954,0.0023,0.0006,0.0002
CT009563,Zone_02,Zone_02,0.9979,0.0007,0.9979,0.0006,0.0008,0.0001,0.0,0.0,0.0,0.0,0.0
CT015283,Zone_10,Zone_10,0.9991,0.0,0.0,0.0,0.0,0.0,0.0,0.0001,0.0002,0.0005,0.9991
CT003842,Zone_08,Zone_08,0.7374,0.0,0.0001,0.0001,0.0005,0.0003,0.0009,0.2602,0.7374,0.0004,0.0001
CT000727,Zone_04,Zone_04,0.9948,0.0007,0.0014,0.0013,0.9948,0.0004,0.0002,0.0005,0.0002,0.0002,0.0002
CT002604,Zone_07,Zone_07,0.9743,0.0,0.0,0.0001,0.0004,0.0004,0.0023,0.9743,0.0219,0.0004,0.0001
CT012085,Zone_07,Zone_07,0.9894,0.0,0.0,0.0001,0.0006,0.0004,0.0055,0.9894,0.0034,0.0005,0.0001
CT018349,Zone_03,Zone_03,0.9984,0.0005,0.0005,0.9984,0.0004,0.0001,0.0,0.0,0.0,0.0,0.0001
CT011529,Zone_07,Zone_07,0.9838,0.0,0.0,0.0001,0.0003,0.0002,0.0004,0.9838,0.0147,0.0004,0.0001
CT007127,Zone_04,Zone_04,0.9972,0.0001,0.0003,0.0003,0.9972,0.0009,0.0003,0.0003,0.0006,0.0,0.0
CT016243,Zone_07,Zone_07,0.9297,0.0,0.0001,0.0001,0.0006,0.0004,0.0672,0.9297,0.0012,0.0005,0.0001
CT010361,Zone_06,Zone_07,0.6134,0.0,0.0,0.0001,0.0006,0.0003,0.3845,0.6134,0.0005,0.0004,0.0001
CT011958,Zone_03,Zone_03,0.9983,0.0004,0.0005,0.9983,0.0005,0.0001,0.0002,0.0,0.0,0.0,0.0
CT019558,Zone_06,Zone_06,0.9999,0.0,0.0,0.0,0.0,0.0,0.9999,0.0001,0.0,0.0,0.0
CT004393,Zone_07,Zone_07,0.7652,0.0,0.0,0.0001,0.0008,0.0012,0.0002,0.7652,0.2317,0.0006,0.0002
CT015506,Zone_07,Zone_07,0.9879,0.0,0.0,0.0001,0.0002,0.0002,0.0002,0.9879,0.0112,0.0002,0.0001
CT011124,Zone_02,Zone_02,0.9979,0.0007,0.9979,0.0006,0.0007,0.0001,0.0,0.0,0.0,0.0,0.0
CT003679,Zone_04,Zone_04,0.9975,0.0002,0.0004,0.0005,0.9975,0.0004,0.0001,0.0004,0.0003,0.0001,0.0
CT002477,Zone_03,Zone_03,0.9983,0.0004,0.0005,0.9983,0.0005,0.0001,0.0,0.0,0.0,0.0,0.0001
CT006752,Zone_04,Zone_04,0.9977,0.0002,0.0004,0.0004,0.9977,0.0004,0.0,0.0005,0.0003,0.0001,0.0
CT009918,Zone_08,Zone_08,0.9955,0.0,0.0,0.0001,0.0006,0.0009,0.0004,0.0018,0.9955,0.0004,0.0003
CT001547,Zone_04,Zone_04,0.9962,0.0004,0.0007,0.001,0.9962,0.0004,0.0001,0.0005,0.0004,0.0002,0.0001
CT011861,Zone_10,Zone_10,0.9989,0.0,0.0,0.0,0.0,0.0,0.0,0.0001,0.0003,0.0006,0.9989
CT008302,Zone_05,Zone_05,0.998,0.0,0.0001,0.0001,0.0005,0.998,0.0,0.0004,0.0008,0.0001,0.0
CT016524,Zone_02,Zone_02,0.9984,0.0005,0.9984,0.0005,0.0005,0.0,0.0,0.0,0.0,0.0,0.0
CT008004,Zone_02,Zone_02,0.9985,0.0005,0.9985,0.0004,0.0005,0.0,0.0,0.0,0.0,0.0,0.0
CT011864,Zone_07,Zone_07,0.9913,0.0,0.0,0.0001,0.0003,0.0002,0.001,0.9913,0.0068,0.0003,0.0001
CT018196,Zone_08,Zone_08,0.9985,0.0,0.0,0.0,0.0001,0.0003,0.0,0.0008,0.9985,0.0001,0.0001
CT019832,Zone_10,Zone_10,0.9988,0.0,0.0,0.0,0.0,0.0,0.0,0.0002,0.0002,0.0008,0.9988
CT009074,Zone_08,Zone_08,0.6485,0.0,0.0001,0.0002,0.0004,0.0003,0.0002,0.3498,0.6485,0.0004,0.0002
CT016296,Zone_08,Zone_08,0.9971,0.0,0.0,0.0001,0.0004,0.0006,0.0001,0.0015,0.9971,0.0002,0.0001
CT007184,Zone_04,Zone_04,0.996,0.0001,0.0003,0.0003,0.996,0.001,0.0,0.0009,0.0012,0.0001,0.0
CT010032,Zone_07,Zone_07,0.947,0.0,0.0001,0.0002,0.0007,0.0005,0.003,0.947,0.0476,0.0007,0.0002
CT006888,Zone_04,Zone_04,0.9958,0.0005,0.001,0.001,0.9958,0.0004,0.0006,0.0002,0.0002,0.0002,0.0001
CT000456,Zone_01,Zone_01,0.9986,0.9986,0.0006,0.0004,0.0003,0.0,0.0,0.0,0.0,0.0,0.0
CT001458,Zone_08,Zone_08,0.9974,0.0,0.0,0.0001,0.0004,0.0006,0.0002,0.001,0.9974,0.0002,0.0001
CT018000,Zone_04,Zone_04,0.997,0.0001,0.0003,0.0003,0.997,0.0009,0.0001,0.0006,0.0006,0.0001,0.0
CT000368,Zone_08,Zone_08,0.7488,0.0,0.0001,0.0002,0.0004,0.0003,0.0001,0.2495,0.7488,0.0004,0.0002
CT007866,Zone_08,Zone_08,0.9983,0.0,0.0,0.0,0.0003,0.0005,0.0001,0.0005,0.9983,0.0001,0.0001
CT015923,Zone_03,Zone_03,0.9983,0.0004,0.0005,0.9983,0.0005,0.0001,0.0,0.0,0.0,0.0,0.0001
CT005981,Zone_07,Zone_07,0.7656,0.0,0.0,0.0001,0.0007,0.001,0.0,0.7656,0.232,0.0004,0.0002
CT017944,Zone_01,Zone_01,0.9987,0.9987,0.0006,0.0004,0.0003,0.0,0.0,0.0,0.0,0.0,0.0
CT019232,Zone_07,Zone_07,0.9857,0.0,0.0,0.0001,0.0005,0.0004,0.0023,0.9857,0.0104,0.0005,0.0001
CT009992,Zone_04,Zone_04,0.9975,0.0001,0.0003,0.0003,0.9975,0.0007,0.0004,0.0003,0.0004,0.0,0.0
CT011231,Zone_02,Zone_02,0.9985,0.0006,0.9985,0.0004,0.0004,0.0,0.0,0.0,0.0,0.0,0.0
CT013481,Zone_04,Zone_04,0.9967,0.0001,0.0003,0.0003,0.9967,0.0007,0.0011,0.0003,0.0002,0.0001,0.0
CT013605,Zone_01,Zone_01,0.9986,0.9986,0.0007,0.0004,0.0003,0.0,0.0,0.0,0.0,0.0,0.0
CT015653,Zone_07,Zone_07,0.9685,0.0,0.0,0.0001,0.0006,0.0003,0.0287,0.9685,0.0011,0.0005,0.0001
CT019806,Zone_08,Zone_08,0.8933,0.0,0.0001,0.0001,0.0003,0.0002,0.0001,0.1054,0.8933,0.0002,0.0001
CT012470,Zone_01,Zone_01,0.9986,0.9986,0.0006,0.0004,0.0003,0.0,0.0,0.0,0.0,0.0,0.0
CT005232,Zone_06,Zone_06,0.9964,0.0,0.0,0.0,0.0005,0.0001,0.9964,0.0016,0.0013,0.0001,0.0
CT013632,Zone_07,Zone_07,0.9118,0.0,0.0001,0.0002,0.001,0.0007,0.0824,0.9118,0.0028,0.0007,0.0002
CT011157,Zone_06,Zone_06,0.9996,0.0,0.0,0.0,0.0001,0.0,0.9996,0.0003,0.0001,0.0,0.0
CT016039,Zone_07,Zone_07,0.8847,0.0,0.0001,0.0002,0.001,0.0011,0.001,0.8847,0.1111,0.0006,0.0002
CT009422,Zone_02,Zone_02,0.9982,0.0007,0.9982,0.0005,0.0005,0.0001,0.0,0.0,0.0,0.0,0.0
CT006410,Zone_01,Zone_01,0.9989,0.9989,0.0005,0.0003,0.0002,0.0,0.0,0.0,0.0,0.0,0.0
CT005225,Zone_08,Zone_08,0.9972,0.0,0.0,0.0001,0.0004,0.0008,0.0003,0.0009,0.9972,0.0002,0.0001
CT003025,Zone_04,Zone_04,0.997,0.0001,0.0003,0.0004,0.997,0.0008,0.0001,0.0008,0.0004,0.0001,0.0
CT006836,Zone_03,Zone_03,0.9984,0.0004,0.0005,0.9984,0.0005,0.0001,0.0,0.0,0.0,0.0,0.0
CT017998,Zone_08,Zone_08,0.8024,0.0,0.0001,0.0001,0.0003,0.0002,0.0001,0.1964,0.8024,0.0003,0.0001
CT018913,Zone_10,Zone_10,0.9992,0.0,0.0,0.0,0.0,0.0,0.0,0.0001,0.0001,0.0005,0.9992
CT011227,Zone_04,Zone_04,0.9975,0.0002,0.0004,0.0005,0.9975,0.0004,0.0002,0.0004,0.0001,0.0001,0.0
CT003223,Zone_07,Zone_07,0.9916,0.0,0.0,0.0,0.0002,0.0001,0.0001,0.9916,0.0078,0.0002,0.0
CT019427,Zone_07,Zone_07,0.9643,0.0,0.0,0.0001,0.0006,0.0004,0.0004,0.9643,0.0335,0.0005,0.0002
CT014062,Zone_01,Zone_01,0.9987,0.9987,0.0006,0.0004,0.0003,0.0,0.0,0.0,0.0,0.0,0.0
CT007569,Zone_06,Zone_06,0.9995,0.0,0.0,0.0,0.0001,0.0,0.9995,0.0003,0.0001,0.0,0.0
CT019939,Zone_04,Zone_04,0.9968,0.0001,0.0004,0.0004,0.9968,0.001,0.0002,0.0004,0.0007,0.0001,0.0
CT000990,Zone_07,Zone_07,0.9925,0.0,0.0,0.0001,0.0003,0.0002,0.0002,0.9925,0.0064,0.0002,0.0001
CT010330,Zone_07,Zone_07,0.9581,0.0,0.0,0.0001,0.0006,0.0004,0.0378,0.9581,0.0024,0.0005,0.0001
CT001985,Zone_07,Zone_08,0.572,0.0,0.0001,0.0002,0.0005,0.0003,0.0008,0.4253,0.572,0.0006,0.0002
CT015218,Zone_07,Zone_07,0.9885,0.0,0.0,0.0001,0.0004,0.0003,0.0035,0.9885,0.0067,0.0003,0.0001
CT002217,Zone_03,Zone_03,0.9983,0.0005,0.0005,0.9983,0.0005,0.0001,0.0,0.0,0.0,0.0,0.0001
CT017145,Zone_08,Zone_08,0.7106,0.0,0.0001,0.0002,0.0005,0.0004,0.001,0.2868,0.7106,0.0003,0.0002
CT007048,Zone_04,Zone_04,0.9962,0.0001,0.0004,0.0003,0.9962,0.001,0.0001,0.0005,0.0013,0.0001,0.0
CT004925,Zone_08,Zone_08,0.994,0.0,0.0001,0.0001,0.0006,0.0011,0.0012,0.002,0.994,0.0005,0.0003
CT006455,Zone_07,Zone_08,0.6037,0.0,0.0001,0.0003,0.0006,0.0007,0.0017,0.3919,0.6037,0.0006,0.0003
CT010468,Zone_01,Zone_01,0.9985,0.9985,0.0007,0.0005,0.0003,0.0,0.0,0.0,0.0,0.0,0.0
CT020000,Zone_03,Zone_03,0.9518,0.0119,0.0174,0.9518,0.0155,0.0015,0.0002,0.0002,0.0002,0.0004,0.001
CT006523,Zone_02,Zone_02,0.9981,0.0006,0.9981,0.0006,0.0006,0.0001,0.0,0.0,0.0,0.0,0.0
CT013676,Zone_09,Zone_09,0.9978,0.0,0.0,0.0,0.0,0.0001,0.0,0.0004,0.0009,0.9978,0.0007
CT004482,Zone_07,Zone_08,0.6483,0.0,0.0001,0.0002,0.0006,0.0005,0.001,0.3486,0.6483,0.0004,0.0002
CT010455,Zone_05,Zone_05,0.9979,0.0,0.0,0.0001,0.0006,0.9979,0.0001,0.0007,0.0004,0.0001,0.0
CT000683,Zone_02,Zone_02,0.9981,0.0007,0.9981,0.0005,0.0006,0.0001,0.0,0.0,0.0,0.0,0.0
CT015703,Zone_04,Zone_04,0.9981,0.0001,0.0004,0.0003,0.9981,0.0003,0.0003,0.0003,0.0001,0.0001,0.0
CT008356,Zone_07,Zone_07,0.9885,0.0,0.0,0.0001,0.0004,0.0003,0.0019,0.9885,0.0081,0.0004,0.0001
CT010251,Zone_07,Zone_07,0.9893,0.0,0.0,0.0,0.0002,0.0001,0.0001,0.9893,0.01,0.0002,0.0001
CT003990,Zone_09,Zone_09,0.9978,0.0,0.0,0.0,0.0,0.0001,0.0001,0.0003,0.0008,0.9978,0.0008
CT019032,Zone_07,Zone_07,0.9838,0.0,0.0001,0.0001,0.0006,0.0004,0.0053,0.9838,0.009,0.0005,0.0002
CT010318,Zone_07,Zone_07,0.8011,0.0,0.0,0.0001,0.0009,0.0015,0.0002,0.8011,0.1952,0.0006,0.0003
CT004377,Zone_08,Zone_08,0.527,0.0,0.0001,0.0002,0.0005,0.0004,0.0005,0.4706,0.527,0.0005,0.0002
CT001187,Zone_05,Zone_05,0.998,0.0,0.0,0.0001,0.0005,0.998,0.0002,0.0002,0.0008,0.0001,0.0
CT004158,Zone_02,Zone_02,0.998,0.0008,0.998,0.0005,0.0005,0.0001,0.0,0.0,0.0,0.0,0.0
CT019436,Zone_07,Zone_07,0.9863,0.0,0.0,0.0001,0.0004,0.0003,0.0007,0.9863,0.0116,0.0004,0.0001
CT006701,Zone_04,Zone_04,0.9946,0.0007,0.0014,0.0014,0.9946,0.0006,0.0002,0.0005,0.0002,0.0002,0.0002
CT012513,Zone_04,Zone_04,0.9944,0.0008,0.0012,0.0014,0.9944,0.0005,0.0009,0.0003,0.0001,0.0002,0.0002
CT016260,Zone_07,Zone_07,0.9895,0.0,0.0,0.0001,0.0004,0.0002,0.0037,0.9895,0.0055,0.0004,0.0001
CT002968,Zone_04,Zone_04,0.9982,0.0001,0.0003,0.0003,0.9982,0.0003,0.0002,0.0002,0.0003,0.0001,0.0
CT007870,Zone_08,Zone_08,0.5873,0.0,0.0001,0.0003,0.0006,0.0004,0.0011,0.4091,0.5873,0.0006,0.0003
CT006504,Zone_07,Zone_07,0.8897,0.0,0.0001,0.0002,0.0007,0.0006,0.1065,0.8897,0.0011,0.0007,0.0002
CT004196,Zone_07,Zone_07,0.6688,0.0,0.0001,0.0002,0.0015,0.0018,0.0015,0.6688,0.3251,0.0008,0.0003
CT009461,Zone_07,Zone_07,0.9589,0.0,0.0001,0.0001,0.0006,0.0005,0.0369,0.9589,0.0022,0.0005,0.0001
CT002833,Zone_08,Zone_08,0.9987,0.0,0.0,0.0,0.0002,0.0003,0.0,0.0005,0.9987,0.0001,0.0001
CT017160,Zone_08,Zone_07,0.5121,0.0,0.0001,0.0002,0.0003,0.0003,0.0,0.5121,0.4865,0.0003,0.0002
CT013150,Zone_04,Zone_04,0.9955,0.0007,0.0009,0.0012,0.9955,0.0004,0.0005,0.0005,0.0001,0.0001,0.0001
CT007875,Zone_07,Zone_07,0.918,0.0,0.0,0.0001,0.0006,0.0008,0.0003,0.918,0.0795,0.0005,0.0002
CT009714,Zone_07,Zone_07,0.9699,0.0,0.0,0.0001,0.0005,0.0003,0.0005,0.9699,0.028,0.0004,0.0002
CT004752,Zone_07,Zone_07,0.8031,0.0,0.0,0.0001,0.0008,0.0011,0.0001,0.8031,0.194,0.0005,0.0002
CT012254,Zone_02,Zone_02,0.9984,0.0006,0.9984,0.0005,0.0005,0.0,0.0,0.0,0.0,0.0,0.0
CT016754,Zone_08,Zone_08,0.8726,0.0,0.0,0.0001,0.0003,0.0002,0.0003,0.1261,0.8726,0.0002,0.0001
CT014857,Zone_08,Zone_07,0.6524,0.0,0.0001,0.0002,0.0005,0.0003,0.0005,0.6524,0.3456,0.0003,0.0001
CT019568,Zone_01,Zone_01,0.9988,0.9988,0.0006,0.0004,0.0002,0.0,0.0,0.0,0.0,0.0,0.0
CT012180,Zone_05,Zone_05,0.9981,0.0,0.0001,0.0001,0.0005,0.9981,0.0005,0.0003,0.0003,0.0001,0.0
CT017142,Zone_02,Zone_02,0.9984,0.0006,0.9984,0.0004,0.0004,0.0001,0.0,0.0,0.0,0.0,0.0
CT006514,Zone_07,Zone_07,0.9851,0.0,0.0,0.0001,0.0005,0.0003,0.0045,0.9851,0.0088,0.0005,0.0001
CT009965,Zone_02,Zone_02,0.9983,0.0006,0.9983,0.0005,0.0005,0.0,0.0,0.0,0.0,0.0,0.0
CT006208,Zone_04,Zone_04,0.9978,0.0001,0.0004,0.0004,0.9978,0.0004,0.0002,0.0003,0.0002,0.0001,0.0
CT008973,Zone_07,Zone_07,0.8966,0.0,0.0001,0.0002,0.0006,0.0005,0.0996,0.8966,0.0018,0.0005,0.0001
CT009225,Zone_02,Zone_02,0.9983,0.0006,0.9983,0.0005,0.0006,0.0001,0.0,0.0,0.0,0.0,0.0
CT001559,Zone_08,Zone_08,0.7682,0.0,0.0001,0.0001,0.0004,0.0002,0.0003,0.2301,0.7682,0.0003,0.0002
CT006414,Zone_10,Zone_10,0.9989,0.0,0.0,0.0,0.0,0.0,0.0,0.0003,0.0001,0.0007,0.9989
CT004788,Zone_07,Zone_07,0.9884,0.0,0.0,0.0001,0.0003,0.0002,0.0008,0.9884,0.0097,0.0003,0.0001
CT018772,Zone_08,Zone_08,0.9952,0.0,0.0001,0.0001,0.0006,0.001,0.0005,0.0017,0.9952,0.0004,0.0003
CT008651,Zone_04,Zone_04,0.9967,0.0001,0.0003,0.0003,0.9967,0.0012,0.0001,0.0006,0.0005,0.0001,0.0
CT002119,Zone_03,Zone_03,0.9982,0.0004,0.0005,0.9982,0.0007,0.0001,0.0,0.0,0.0,0.0,0.0
CT002838,Zone_04,Zone_04,0.9978,0.0001,0.0004,0.0004,0.9978,0.0004,0.0001,0.0003,0.0002,0.0001,0.0
CT001641,Zone_07,Zone_07,0.9901,0.0,0.0,0.0001,0.0002,0.0002,0.0003,0.9901,0.0089,0.0002,0.0
CT010984,Zone_03,Zone_03,0.9981,0.0005,0.0006,0.9981,0.0006,0.0001,0.0,0.0,0.0,0.0,0.0001
CT013553,Zone_02,Zone_02,0.9983,0.0005,0.9983,0.0005,0.0006,0.0001,0.0,0.0,0.0,0.0,0.0
CT012629,Zone_04,Zone_04,0.9976,0.0001,0.0003,0.0004,0.9976,0.0004,0.0001,0.0004,0.0004,0.0001,0.0
CT013513,Zone_07,Zone_07,0.9749,0.0,0.0001,0.0002,0.0007,0.0004,0.0042,0.9749,0.0187,0.0007,0.0002
CT000402,Zone_06,Zone_06,0.999,0.0,0.0,0.0,0.0002,0.0001,0.999,0.0004,0.0004,0.0,0.0
CT017399,Zone_07,Zone_07,0.9507,0.0,0.0,0.0001,0.0005,0.0004,0.0004,0.9507,0.0471,0.0006,0.0001
CT001582,Zone_04,Zone_04,0.9962,0.0001,0.0002,0.0003,0.9962,0.0009,0.0,0.0003,0.0018,0.0001,0.0
CT015920,Zone_06,Zone_06,0.9997,0.0,0.0,0.0,0.0,0.0,0.9997,0.0002,0.0,0.0,0.0
CT017298,Zone_05,Zone_05,0.9983,0.0,0.0001,0.0001,0.0005,0.9983,0.0001,0.0004,0.0006,0.0001,0.0
CT006850,Zone_10,Zone_10,0.9992,0.0,0.0,0.0,0.0,0.0,0.0,0.0,0.0001,0.0006,0.9992
CT009318,Zone_04,Zone_04,0.9969,0.0001,0.0003,0.0003,0.9969,0.001,0.0002,0.0004,0.0008,0.0001,0.0
CT010170,Zone_03,Zone_03,0.9984,0.0004,0.0005,0.9984,0.0005,0.0001,0.0,0.0,0.0,0.0,0.0
CT002110,Zone_03,Zone_03,0.9979,0.0007,0.0006,0.9979,0.0005,0.0001,0.0,0.0,0.0,0.0,0.0001
CT017357,Zone_08,Zone_08,0.7607,0.0,0.0001,0.0002,0.0004,0.0003,0.0004,0.2375,0.7607,0.0004,0.0002
CT008989,Zone_02,Zone_02,0.9984,0.0005,0.9984,0.0004,0.0005,0.0001,0.0,0.0,0.0,0.0,0.0
CT013666,Zone_04,Zone_04,0.9984,0.0001,0.0003,0.0003,0.9984,0.0003,0.0002,0.0001,0.0003,0.0,0.0
CT004317,Zone_10,Zone_10,0.9984,0.0,0.0,0.0,0.0,0.0,0.0,0.0001,0.0007,0.0007,0.9984
CT003305,Zone_07,Zone_08,0.6549,0.0,0.0,0.0001,0.0003,0.0003,0.0001,0.3438,0.6549,0.0003,0.0001
CT005459,Zone_01,Zone_01,0.9988,0.9988,0.0005,0.0004,0.0002,0.0,0.0,0.0,0.0,0.0,0.0
CT007699,Zone_03,Zone_03,0.9984,0.0005,0.0004,0.9984,0.0005,0.0001,0.0,0.0,0.0,0.0,0.0001
CT004664,Zone_03,Zone_03,0.9983,0.0004,0.0005,0.9983,0.0006,0.0001,0.0,0.0,0.0,0.0,0.0
CT007153,Zone_09,Zone_09,0.9983,0.0,0.0,0.0,0.0,0.0001,0.0001,0.0003,0.0006,0.9983,0.0006
CT010402,Zone_03,Zone_03,0.9983,0.0004,0.0004,0.9983,0.0007,0.0001,0.0,0.0,0.0,0.0,0.0
CT019224,Zone_08,Zone_08,0.7241,0.0,0.0,0.0001,0.0003,0.0002,0.0,0.2748,0.7241,0.0002,0.0001
CT019138,Zone_07,Zone_07,0.8033,0.0,0.0001,0.0002,0.0007,0.0004,0.1939,0.8033,0.0009,0.0005,0.0001
CT018651,Zone_08,Zone_08,0.749,0.0,0.0,0.0001,0.0004,0.0003,0.0005,0.2492,0.749,0.0003,0.0001
CT010016,Zone_03,Zone_03,0.9983,0.0003,0.0004,0.9983,0.0007,0.0001,0.0,0.0,0.0,0.0,0.0001
CT012973,Zone_07,Zone_07,0.9017,0.0,0.0001,0.0003,0.0011,0.0006,0.0934,0.9017,0.0019,0.0008,0.0002
CT018737,Zone_01,Zone_01,0.9986,0.9986,0.0005,0.0005,0.0003,0.0,0.0,0.0,0.0,0.0,0.0
CT004555,Zone_04,Zone_04,0.9938,0.0007,0.0012,0.0013,0.9938,0.0004,0.0021,0.0002,0.0001,0.0001,0.0002
CT003864,Zone_04,Zone_04,0.9955,0.0002,0.0004,0.0005,0.9955,0.0009,0.0018,0.0003,0.0003,0.0001,0.0
CT006312,Zone_07,Zone_07,0.9745,0.0,0.0001,0.0002,0.0006,0.0004,0.0216,0.9745,0.0019,0.0006,0.0001
CT005194,Zone_07,Zone_08,0.6689,0.0,0.0001,0.0001,0.0003,0.0002,0.0001,0.3299,0.6689,0.0003,0.0001
CT016171,Zone_07,Zone_07,0.9782,0.0,0.0,0.0001,0.0005,0.0003,0.0042,0.9782,0.016,0.0005,0.0001
CT004862,Zone_07,Zone_07,0.6388,0.0,0.0001,0.0002,0.0009,0.0005,0.357,0.6388,0.0014,0.0008,0.0002
CT004187,Zone_03,Zone_03,0.9983,0.0005,0.0004,0.9983,0.0006,0.0001,0.0,0.0,0.0,0.0,0.0
CT015686,Zone_04,Zone_04,0.9977,0.0002,0.0004,0.0004,0.9977,0.0003,0.0,0.0004,0.0003,0.0001,0.0
CT009539,Zone_07,Zone_08,0.5665,0.0,0.0001,0.0001,0.0003,0.0003,0.0001,0.4321,0.5665,0.0003,0.0002
CT010516,Zone_01,Zone_01,0.9982,0.9982,0.0007,0.0006,0.0004,0.0,0.0,0.0,0.0,0.0,0.0
CT019446,Zone_07,Zone_07,0.7754,0.0,0.0001,0.0002,0.001,0.0014,0.0001,0.7754,0.221,0.0006,0.0003
CT012605,Zone_01,Zone_01,0.9983,0.9983,0.0007,0.0005,0.0004,0.0,0.0,0.0,0.0,0.0,0.0
CT017579,Zone_08,Zone_08,0.7949,0.0,0.0002,0.0005,0.0014,0.001,0.0008,0.1995,0.7949,0.0012,0.0005
CT013342,Zone_03,Zone_03,0.9983,0.0005,0.0005,0.9983,0.0005,0.0001,0.0,0.0,0.0,0.0,0.0
CT019056,Zone_07,Zone_07,0.6898,0.0,0.0001,0.0002,0.0014,0.0017,0.0004,0.6898,0.3057,0.0006,0.0003
CT001944,Zone_01,Zone_01,0.9985,0.9985,0.0007,0.0005,0.0003,0.0,0.0,0.0,0.0,0.0,0.0
CT013824,Zone_07,Zone_07,0.909,0.0,0.0001,0.0003,0.001,0.0007,0.084,0.909,0.0038,0.0008,0.0002
CT007231,Zone_04,Zone_04,0.9974,0.0002,0.0005,0.0005,0.9974,0.0005,0.0001,0.0005,0.0002,0.0001,0.0
CT014288,Zone_03,Zone_03,0.9984,0.0005,0.0005,0.9984,0.0004,0.0001,0.0,0.0,0.0,0.0,0.0
CT013004,Zone_08,Zone_08,0.9955,0.0,0.0001,0.0001,0.0006,0.001,0.0005,0.0016,0.9955,0.0003,0.0002
CT015930,Zone_03,Zone_03,0.9979,0.0006,0.0006,0.9979,0.0007,0.0001,0.0,0.0,0.0,0.0,0.0001
CT001895,Zone_04,Zone_04,0.9972,0.0001,0.0003,0.0003,0.9972,0.0009,0.0005,0.0004,0.0003,0.0,0.0
CT005329,Zone_08,Zone_08,0.9945,0.0,0.0,0.0001,0.0006,0.0008,0.0005,0.0028,0.9945,0.0004,0.0002
CT016652,Zone_07,Zone_07,0.9942,0.0,0.0,0.0001,0.0003,0.0001,0.0026,0.9942,0.0025,0.0002,0.0
CT008286,Zone_03,Zone_03,0.9984,0.0004,0.0005,0.9984,0.0005,0.0001,0.0001,0.0,0.0,0.0,0.0
CT006166,Zone_07,Zone_08,0.5998,0.0,0.0,0.0001,0.0003,0.0002,0.0,0.3992,0.5998,0.0002,0.0001
CT013571,Zone_04,Zone_04,0.9968,0.0002,0.0003,0.0004,0.9968,0.001,0.0001,0.0006,0.0005,0.0001,0.0
CT007254,Zone_08,Zone_08,0.7604,0.0,0.0,0.0001,0.0004,0.0002,0.0001,0.2383,0.7604,0.0003,0.0002
CT000169,Zone_04,Zone_04,0.9963,0.0001,0.0003,0.0003,0.9963,0.001,0.0,0.0004,0.0014,0.0001,0.0
CT018899,Zone_10,Zone_10,0.9986,0.0,0.0,0.0,0.0,0.0,0.0,0.0001,0.0003,0.0008,0.9986
CT014561,Zone_07,Zone_07,0.6239,0.0,0.0,0.0001,0.0009,0.0017,0.0004,0.6239,0.372,0.0007,0.0003
CT011948,Zone_08,Zone_08,0.998,0.0,0.0,0.0001,0.0003,0.0004,0.0003,0.0006,0.998,0.0002,0.0001
CT016840,Zone_07,Zone_07,0.9555,0.0,0.0001,0.0002,0.0008,0.0004,0.0402,0.9555,0.0021,0.0006,0.0001
CT005034,Zone_08,Zone_07,0.7625,0.0,0.0001,0.0002,0.0011,0.0016,0.0006,0.7625,0.2331,0.0006,0.0003
CT007085,Zone_08,Zone_08,0.7412,0.0,0.0001,0.0002,0.0007,0.0004,0.0018,0.255,0.7412,0.0004,0.0001
CT008774,Zone_07,Zone_07,0.9766,0.0,0.0,0.0001,0.0004,0.0003,0.0005,0.9766,0.0215,0.0004,0.0001
CT004014,Zone_02,Zone_02,0.9982,0.0006,0.9982,0.0004,0.0006,0.0001,0.0,0.0,0.0,0.0,0.0
CT003695,Zone_08,Zone_07,0.9209,0.0,0.0001,0.0002,0.0008,0.0005,0.001,0.9209,0.0757,0.0006,0.0002
CT001373,Zone_08,Zone_08,0.9991,0.0,0.0,0.0,0.0001,0.0002,0.0,0.0004,0.9991,0.0001,0.0
CT014739,Zone_04,Zone_04,0.9968,0.0001,0.0002,0.0003,0.9968,0.0009,0.0001,0.0004,0.0012,0.0,0.0
CT006890,Zone_08,Zone_08,0.8592,0.0,0.0001,0.0002,0.0004,0.0003,0.0004,0.1389,0.8592,0.0004,0.0002
CT001734,Zone_04,Zone_04,0.9956,0.0006,0.0009,0.0013,0.9956,0.0004,0.0,0.0006,0.0003,0.0002,0.0001
CT000523,Zone_03,Zone_03,0.9981,0.0005,0.0006,0.9981,0.0005,0.0001,0.0,0.0,0.0,0.0,0.0001
CT015202,Zone_05,Zone_05,0.9982,0.0,0.0001,0.0001,0.0005,0.9982,0.0002,0.0003,0.0006,0.0001,0.0
CT009236,Zone_04,Zone_04,0.9978,0.0001,0.0003,0.0004,0.9978,0.0003,0.0002,0.0006,0.0002,0.0001,0.0
CT008065,Zone_10,Zone_10,0.999,0.0,0.0,0.0,0.0,0.0,0.0,0.0002,0.0002,0.0005,0.999
CT011259,Zone_08,Zone_08,0.9958,0.0,0.0,0.0001,0.0005,0.0008,0.0002,0.0021,0.9958,0.0003,0.0002
CT007058,Zone_03,Zone_03,0.9983,0.0004,0.0005,0.9983,0.0005,0.0001,0.0001,0.0,0.0,0.0,0.0
CT002319,Zone_08,Zone_08,0.9976,0.0,0.0,0.0,0.0002,0.0004,0.0,0.0014,0.9976,0.0002,0.0001
CT015906,Zone_02,Zone_02,0.9982,0.0006,0.9982,0.0005,0.0006,0.0001,0.0,0.0,0.0,0.0,0.0
CT005238,Zone_03,Zone_03,0.9983,0.0004,0.0005,0.9983,0.0006,0.0001,0.0,0.0,0.0,0.0,0.0
CT003120,Zone_04,Zone_04,0.9972,0.0001,0.0004,0.0004,0.9972,0.0005,0.0007,0.0003,0.0002,0.0001,0.0
CT017332,Zone_04,Zone_04,0.9971,0.0001,0.0003,0.0003,0.9971,0.0009,0.0002,0.0007,0.0004,0.0001,0.0
CT008307,Zone_07,Zone_08,0.6227,0.0,0.0001,0.0003,0.0006,0.0005,0.0006,0.3743,0.6227,0.0005,0.0003
CT000176,Zone_02,Zone_02,0.9983,0.0007,0.9983,0.0004,0.0005,0.0001,0.0,0.0,0.0,0.0,0.0
CT003191,Zone_01,Zone_01,0.9985,0.9985,0.0007,0.0004,0.0003,0.0,0.0,0.0,0.0,0.0,0.0
CT002980,Zone_07,Zone_07,0.98,0.0,0.0001,0.0002,0.0006,0.0003,0.0171,0.98,0.0012,0.0005,0.0001
CT012239,Zone_10,Zone_10,0.9985,0.0,0.0,0.0,0.0,0.0,0.0,0.0001,0.0005,0.0008,0.9985
CT010213,Zone_02,Zone_02,0.9982,0.0005,0.9982,0.0006,0.0006,0.0001,0.0,0.0,0.0,0.0,0.0
CT016506,Zone_07,Zone_07,0.9915,0.0,0.0,0.0001,0.0003,0.0002,0.0005,0.9915,0.0069,0.0003,0.0001
CT005173,Zone_07,Zone_07,0.9738,0.0,0.0001,0.0001,0.0007,0.0004,0.022,0.9738,0.0022,0.0005,0.0001
CT003960,Zone_05,Zone_05,0.9981,0.0,0.0,0.0001,0.0005,0.9981,0.0001,0.0006,0.0004,0.0001,0.0
CT013321,Zone_01,Zone_01,0.9986,0.9986,0.0005,0.0005,0.0004,0.0,0.0,0.0,0.0,0.0,0.0
CT015471,Zone_01,Zone_01,0.999,0.999,0.0005,0.0003,0.0002,0.0,0.0,0.0,0.0,0.0,0.0
CT012371,Zone_06,Zone_06,0.9994,0.0,0.0,0.0,0.0001,0.0,0.9994,0.0002,0.0002,0.0,0.0
CT002070,Zone_07,Zone_07,0.8974,0.0,0.0,0.0001,0.0009,0.0012,0.0003,0.8974,0.0994,0.0005,0.0002
CT011261,Zone_07,Zone_07,0.9394,0.0,0.0,0.0001,0.0008,0.001,0.0007,0.9394,0.0574,0.0004,0.0001
CT002322,Zone_02,Zone_02,0.9981,0.0005,0.9981,0.0005,0.0007,0.0001,0.0,0.0,0.0,0.0,0.0
CT013048,Zone_08,Zone_08,0.8681,0.0,0.0,0.0001,0.0002,0.0002,0.0,0.131,0.8681,0.0002,0.0001
CT016313,Zone_06,Zone_06,0.9879,0.0,0.0,0.0001,0.0008,0.0002,0.9879,0.009,0.0017,0.0003,0.0
CT010421,Zone_01,Zone_01,0.9986,0.9986,0.0006,0.0004,0.0003,0.0,0.0,0.0,0.0,0.0,0.0
CT016854,Zone_08,Zone_08,0.7459,0.0,0.0001,0.0002,0.0006,0.0005,0.0012,0.2506,0.7459,0.0005,0.0003
CT012747,Zone_07,Zone_07,0.5384,0.0,0.0,0.0001,0.0006,0.0002,0.46,0.5384,0.0003,0.0003,0.0001
CT014302,Zone_07,Zone_08,0.6742,0.0,0.0001,0.0002,0.0004,0.0003,0.0002,0.3242,0.6742,0.0003,0.0002
CT004088,Zone_08,Zone_08,0.8417,0.0,0.0,0.0001,0.0002,0.0002,0.0001,0.1576,0.8417,0.0002,0.0001
CT004644,Zone_02,Zone_02,0.9984,0.0006,0.9984,0.0004,0.0004,0.0,0.0,0.0,0.0,0.0,0.0
CT006406,Zone_08,Zone_08,0.7455,0.0,0.0,0.0001,0.0002,0.0002,0.0,0.2538,0.7455,0.0002,0.0001
CT003727,Zone_10,Zone_10,0.9989,0.0,0.0,0.0,0.0,0.0,0.0,0.0001,0.0003,0.0006,0.9989
CT007704,Zone_08,Zone_08,0.7161,0.0,0.0001,0.0001,0.0003,0.0002,0.0001,0.2825,0.7161,0.0003,0.0001
CT006916,Zone_07,Zone_07,0.9601,0.0,0.0001,0.0002,0.0007,0.0004,0.0364,0.9601,0.0015,0.0005,0.0001
CT011670,Zone_07,Zone_08,0.5838,0.0,0.0001,0.0002,0.0004,0.0003,0.0001,0.4147,0.5838,0.0003,0.0002
CT002490,Zone_08,Zone_08,0.7977,0.0,0.0,0.0001,0.0002,0.0002,0.0,0.2013,0.7977,0.0002,0.0001
CT010197,Zone_03,Zone_03,0.9984,0.0004,0.0004,0.9984,0.0005,0.0001,0.0,0.0,0.0,0.0,0.0001
CT008100,Zone_10,Zone_10,0.9989,0.0,0.0,0.0,0.0,0.0,0.0,0.0002,0.0002,0.0006,0.9989
CT019757,Zone_03,Zone_03,0.9985,0.0004,0.0005,0.9985,0.0005,0.0001,0.0,0.0,0.0,0.0,0.0
CT011778,Zone_04,Zone_04,0.9975,0.0001,0.0003,0.0003,0.9975,0.0007,0.0001,0.0003,0.0007,0.0,0.0
CT006101,Zone_07,Zone_07,0.9409,0.0,0.0,0.0001,0.0006,0.0007,0.0007,0.9409,0.0566,0.0003,0.0001
CT000474,Zone_03,Zone_03,0.9981,0.0005,0.0005,0.9981,0.0006,0.0001,0.0,0.0,0.0,0.0,0.0001
CT012953,Zone_04,Zone_04,0.9949,0.0005,0.001,0.0015,0.9949,0.0005,0.0001,0.0006,0.0005,0.0002,0.0002
CT010257,Zone_07,Zone_07,0.9161,0.0,0.0001,0.0002,0.0007,0.0005,0.0804,0.9161,0.0015,0.0005,0.0001
CT003267,Zone_01,Zone_01,0.9984,0.9984,0.0005,0.0006,0.0004,0.0,0.0,0.0,0.0,0.0,0.0
CT017246,Zone_04,Zone_04,0.9963,0.0001,0.0003,0.0003,0.9963,0.0008,0.0,0.0007,0.0013,0.0001,0.0
CT015739,Zone_03,Zone_03,0.998,0.0006,0.0006,0.998,0.0006,0.0001,0.0,0.0,0.0,0.0,0.0001
CT015213,Zone_08,Zone_08,0.9222,0.0,0.0,0.0001,0.0002,0.0002,0.0001,0.0768,0.9222,0.0002,0.0001
CT013225,Zone_08,Zone_08,0.7896,0.0,0.0,0.0001,0.0003,0.0002,0.0002,0.2091,0.7896,0.0002,0.0001
CT006804,Zone_05,Zone_05,0.9985,0.0,0.0,0.0001,0.0004,0.9985,0.0,0.0003,0.0006,0.0001,0.0
CT007304,Zone_08,Zone_08,0.9957,0.0,0.0,0.0001,0.0005,0.0008,0.0008,0.0017,0.9957,0.0002,0.0002
CT009292,Zone_07,Zone_07,0.8848,0.0,0.0001,0.0003,0.0009,0.0006,0.111,0.8848,0.0015,0.0007,0.0002
CT011993,Zone_07,Zone_07,0.91,0.0,0.0001,0.0002,0.001,0.0006,0.0846,0.91,0.0026,0.0007,0.0002
CT012935,Zone_09,Zone_09,0.9979,0.0,0.0,0.0,0.0,0.0001,0.0007,0.0003,0.0002,0.9979,0.0007
CT012298,Zone_02,Zone_02,0.9984,0.0006,0.9984,0.0004,0.0004,0.0001,0.0,0.0,0.0,0.0,0.0
CT015029,Zone_07,Zone_08,0.7559,0.0,0.0001,0.0003,0.0006,0.0005,0.0016,0.2397,0.7559,0.0006,0.0004
CT005982,Zone_07,Zone_07,0.7341,0.0,0.0,0.0001,0.001,0.0015,0.0004,0.7341,0.2621,0.0005,0.0002
CT015209,Zone_04,Zone_04,0.9976,0.0001,0.0002,0.0002,0.9976,0.0008,0.0001,0.0003,0.0007,0.0,0.0
CT004353,Zone_07,Zone_08,0.9295,0.0,0.0,0.0001,0.0002,0.0001,0.0001,0.0697,0.9295,0.0002,0.0001
CT015896,Zone_07,Zone_07,0.7723,0.0,0.0001,0.0003,0.0011,0.0009,0.22,0.7723,0.0041,0.001,0.0003
CT004904,Zone_07,Zone_07,0.9693,0.0,0.0001,0.0002,0.0009,0.0007,0.0216,0.9693,0.0062,0.0008,0.0002
CT017327,Zone_06,Zone_07,0.6155,0.0,0.0,0.0001,0.0006,0.0003,0.3824,0.6155,0.0006,0.0004,0.0001
CT006925,Zone_04,Zone_04,0.9968,0.0001,0.0004,0.0004,0.9968,0.001,0.0002,0.0002,0.0009,0.0001,0.0
CT016949,Zone_01,Zone_01,0.9987,0.9987,0.0006,0.0004,0.0003,0.0,0.0,0.0,0.0,0.0,0.0
CT013803,Zone_03,Zone_03,0.9983,0.0004,0.0005,0.9983,0.0006,0.0001,0.0,0.0,0.0,0.0,0.0001
CT018163,Zone_10,Zone_10,0.999,0.0,0.0,0.0,0.0,0.0,0.0,0.0001,0.0001,0.0007,0.999
CT010138,Zone_08,Zone_07,0.6569,0.0,0.0001,0.0002,0.0005,0.0004,0.0006,0.6569,0.3406,0.0004,0.0002
CT002115,Zone_02,Zone_02,0.9984,0.0005,0.9984,0.0005,0.0005,0.0001,0.0,0.0,0.0,0.0,0.0
CT011675,Zone_02,Zone_02,0.9981,0.0007,0.9981,0.0006,0.0006,0.0001,0.0,0.0,0.0,0.0,0.0
CT012938,Zone_04,Zone_04,0.9969,0.0001,0.0002,0.0003,0.9969,0.0009,0.0001,0.0003,0.0012,0.0,0.0
CT006231,Zone_06,Zone_06,0.9995,0.0,0.0,0.0,0.0001,0.0,0.9995,0.0003,0.0001,0.0,0.0
CT013934,Zone_08,Zone_08,0.9971,0.0,0.0,0.0,0.0002,0.0005,0.0,0.0018,0.9971,0.0002,0.0001
CT019149,Zone_04,Zone_04,0.9971,0.0001,0.0002,0.0003,0.9971,0.001,0.0001,0.0005,0.0006,0.0001,0.0
CT007630,Zone_07,Zone_07,0.8748,0.0,0.0001,0.0001,0.0007,0.0005,0.1222,0.8748,0.001,0.0004,0.0001
CT000367,Zone_07,Zone_07,0.981,0.0,0.0,0.0001,0.0004,0.0003,0.001,0.981,0.0168,0.0004,0.0001
CT000429,Zone_02,Zone_02,0.9981,0.0006,0.9981,0.0005,0.0006,0.0001,0.0,0.0,0.0,0.0,0.0
CT013840,Zone_07,Zone_07,0.8976,0.0,0.0,0.0001,0.0006,0.0009,0.0001,0.8976,0.1001,0.0004,0.0001
CT007482,Zone_06,Zone_06,0.9993,0.0,0.0,0.0,0.0001,0.0,0.9993,0.0002,0.0003,0.0,0.0
CT012396,Zone_05,Zone_05,0.9981,0.0,0.0001,0.0001,0.0005,0.9981,0.0001,0.0002,0.0009,0.0001,0.0
CT003876,Zone_08,Zone_08,0.9969,0.0,0.0,0.0001,0.0004,0.0006,0.0001,0.0016,0.9969,0.0002,0.0001
CT004107,Zone_07,Zone_08,0.7314,0.0,0.0001,0.0002,0.0007,0.0005,0.001,0.2654,0.7314,0.0005,0.0002
CT004609,Zone_03,Zone_03,0.9983,0.0006,0.0005,0.9983,0.0005,0.0001,0.0,0.0,0.0,0.0,0.0001
CT019730,Zone_08,Zone_08,0.8623,0.0,0.0,0.0001,0.0002,0.0002,0.0001,0.1369,0.8623,0.0002,0.0001
CT005384,Zone_01,Zone_01,0.9988,0.9988,0.0005,0.0004,0.0002,0.0,0.0,0.0,0.0,0.0,0.0
CT014478,Zone_07,Zone_07,0.9865,0.0,0.0,0.0001,0.0005,0.0004,0.0095,0.9865,0.0024,0.0004,0.0001
CT005160,Zone_04,Zone_04,0.9975,0.0002,0.0004,0.0004,0.9975,0.0004,0.0001,0.0004,0.0004,0.0001,0.0
CT018917,Zone_05,Zone_05,0.9984,0.0,0.0001,0.0001,0.0004,0.9984,0.0,0.0003,0.0006,0.0001,0.0
CT013908,Zone_08,Zone_08,0.9968,0.0,0.0,0.0001,0.0005,0.0008,0.0002,0.0011,0.9968,0.0003,0.0003
CT016425,Zone_07,Zone_08,0.6331,0.0,0.0,0.0001,0.0003,0.0002,0.0001,0.3657,0.6331,0.0003,0.0001
CT006573,Zone_08,Zone_08,0.7566,0.0,0.0001,0.0002,0.0003,0.0003,0.0002,0.2417,0.7566,0.0004,0.0002
CT009051,Zone_03,Zone_03,0.998,0.0006,0.0005,0.998,0.0006,0.0001,0.0,0.0,0.0,0.0,0.0001
CT004104,Zone_04,Zone_04,0.9978,0.0002,0.0004,0.0004,0.9978,0.0003,0.0005,0.0002,0.0001,0.0001,0.0
CT004529,Zone_04,Zone_04,0.9961,0.0005,0.0008,0.001,0.9961,0.0004,0.0002,0.0004,0.0003,0.0002,0.0001
CT003080,Zone_04,Zone_04,0.9956,0.0006,0.0009,0.0012,0.9956,0.0005,0.0001,0.0005,0.0002,0.0002,0.0002
CT011148,Zone_02,Zone_02,0.9983,0.0006,0.9983,0.0005,0.0005,0.0001,0.0,0.0,0.0,0.0,0.0
CT009496,Zone_03,Zone_03,0.9983,0.0006,0.0005,0.9983,0.0004,0.0001,0.0,0.0,0.0,0.0,0.0001
CT018393,Zone_01,Zone_01,0.9986,0.9986,0.0006,0.0004,0.0003,0.0,0.0,0.0,0.0,0.0,0.0
CT007541,Zone_10,Zone_10,0.999,0.0,0.0,0.0,0.0,0.0,0.0,0.0001,0.0002,0.0006,0.999
CT003980,Zone_07,Zone_07,0.5068,0.0,0.0001,0.0002,0.0004,0.0004,0.0005,0.5068,0.4911,0.0004,0.0002
CT016162,Zone_04,Zone_04,0.9947,0.0007,0.0012,0.0014,0.9947,0.0005,0.0003,0.0005,0.0001,0.0002,0.0002
CT005811,Zone_07,Zone_07,0.855,0.0,0.0,0.0001,0.0006,0.0008,0.0001,0.855,0.143,0.0004,0.0001
CT004265,Zone_07,Zone_08,0.5883,0.0,0.0001,0.0001,0.0003,0.0002,0.0001,0.4103,0.5883,0.0004,0.0002
CT002298,Zone_02,Zone_02,0.998,0.0008,0.998,0.0006,0.0005,0.0001,0.0,0.0,0.0,0.0,0.0
CT005476,Zone_03,Zone_03,0.9985,0.0004,0.0005,0.9985,0.0004,0.0001,0.0,0.0,0.0,0.0,0.0
CT000892,Zone_10,Zone_10,0.9992,0.0,0.0,0.0,0.0,0.0,0.0,0.0001,0.0001,0.0005,0.9992
CT007667,Zone_07,Zone_07,0.9764,0.0,0.0,0.0001,0.0005,0.0004,0.0023,0.9764,0.0197,0.0004,0.0001
CT010793,Zone_07,Zone_07,0.7525,0.0,0.0001,0.0002,0.0016,0.0019,0.0025,0.7525,0.2401,0.0006,0.0004
CT013985,Zone_10,Zone_10,0.9988,0.0,0.0,0.0,0.0,0.0,0.0,0.0001,0.0004,0.0006,0.9988
CT003668,Zone_03,Zone_03,0.9983,0.0005,0.0005,0.9983,0.0005,0.0001,0.0,0.0,0.0,0.0,0.0001
CT004759,Zone_02,Zone_02,0.9983,0.0005,0.9983,0.0005,0.0006,0.0001,0.0,0.0,0.0,0.0,0.0
CT002621,Zone_07,Zone_07,0.9112,0.0,0.0001,0.0002,0.0009,0.0005,0.0839,0.9112,0.0023,0.0007,0.0002
CT014877,Zone_06,Zone_06,0.9996,0.0,0.0,0.0,0.0001,0.0,0.9996,0.0002,0.0001,0.0,0.0
CT008558,Zone_08,Zone_08,0.7095,0.0,0.0,0.0001,0.0003,0.0002,0.0002,0.2895,0.7095,0.0002,0.0001
CT009183,Zone_08,Zone_08,0.9961,0.0,0.0,0.0001,0.0004,0.0007,0.0007,0.0016,0.9961,0.0002,0.0001
CT008366,Zone_10,Zone_10,0.9988,0.0,0.0,0.0,0.0,0.0,0.0,0.0001,0.0002,0.0007,0.9988
CT005257,Zone_08,Zone_08,0.6265,0.0,0.0001,0.0001,0.0004,0.0003,0.0004,0.3718,0.6265,0.0004,0.0001
CT019248,Zone_07,Zone_07,0.6952,0.0,0.0001,0.0002,0.0011,0.0013,0.0005,0.6952,0.3007,0.0006,0.0003
CT010510,Zone_07,Zone_07,0.9562,0.0,0.0001,0.0002,0.0007,0.0005,0.0025,0.9562,0.0391,0.0007,0.0002
CT016053,Zone_10,Zone_10,0.999,0.0,0.0,0.0,0.0,0.0,0.0,0.0001,0.0001,0.0007,0.999
CT001623,Zone_07,Zone_07,0.9889,0.0,0.0,0.0001,0.0004,0.0003,0.0063,0.9889,0.0035,0.0004,0.0001
CT018389,Zone_07,Zone_07,0.979,0.0,0.0,0.0001,0.0003,0.0002,0.0001,0.979,0.0199,0.0003,0.0001
CT008515,Zone_05,Zone_05,0.9983,0.0,0.0001,0.0001,0.0006,0.9983,0.0001,0.0004,0.0005,0.0001,0.0
CT009442,Zone_10,Zone_10,0.9991,0.0,0.0,0.0,0.0,0.0,0.0,0.0001,0.0002,0.0006,0.9991
CT017955,Zone_09,Zone_09,0.9984,0.0,0.0,0.0,0.0,0.0001,0.0002,0.0005,0.0003,0.9984,0.0006
CT016258,Zone_03,Zone_03,0.9982,0.0005,0.0005,0.9982,0.0005,0.0001,0.0,0.0,0.0,0.0,0.0001
CT018617,Zone_02,Zone_02,0.9983,0.0006,0.9983,0.0005,0.0005,0.0001,0.0,0.0,0.0,0.0,0.0
CT010955,Zone_06,Zone_06,0.9995,0.0,0.0,0.0,0.0001,0.0,0.9995,0.0002,0.0001,0.0,0.0
CT012905,Zone_03,Zone_03,0.9982,0.0005,0.0006,0.9982,0.0005,0.0001,0.0,0.0,0.0,0.0,0.0001
CT011705,Zone_03,Zone_03,0.9981,0.0005,0.0005,0.9981,0.0006,0.0001,0.0001,0.0,0.0,0.0,0.0001
CT009210,Zone_07,Zone_07,0.9867,0.0,0.0,0.0001,0.0002,0.0001,0.0001,0.9867,0.0124,0.0002,0.0001
CT010744,Zone_07,Zone_07,0.9749,0.0,0.0001,0.0002,0.0006,0.0005,0.0027,0.9749,0.0199,0.0009,0.0002
CT001575,Zone_03,Zone_03,0.9983,0.0004,0.0004,0.9983,0.0006,0.0001,0.0,0.0,0.0,0.0,0.0001
CT009750,Zone_03,Zone_03,0.998,0.0005,0.0005,0.998,0.0007,0.0001,0.0,0.0001,0.0,0.0,0.0001
CT019603,Zone_09,Zone_09,0.9983,0.0,0.0,0.0,0.0,0.0001,0.0001,0.0005,0.0003,0.9983,0.0006
CT017224,Zone_04,Zone_04,0.9966,0.0004,0.0008,0.0009,0.9966,0.0003,0.0001,0.0004,0.0003,0.0001,0.0001
CT003952,Zone_10,Zone_10,0.9989,0.0,0.0,0.0,0.0,0.0,0.0,0.0001,0.0002,0.0007,0.9989
CT002709,Zone_01,Zone_01,0.9983,0.9983,0.0007,0.0005,0.0004,0.0,0.0,0.0,0.0,0.0,0.0
CT017740,Zone_07,Zone_07,0.6618,0.0,0.0,0.0001,0.0009,0.0012,0.0002,0.6618,0.335,0.0005,0.0002
CT004834,Zone_07,Zone_07,0.9755,0.0,0.0001,0.0002,0.0007,0.0005,0.0055,0.9755,0.0166,0.0007,0.0002
CT007659,Zone_03,Zone_03,0.9981,0.0005,0.0006,0.9981,0.0006,0.0001,0.0,0.0,0.0,0.0,0.0001
CT014138,Zone_10,Zone_10,0.9989,0.0,0.0,0.0,0.0,0.0,0.0,0.0002,0.0002,0.0007,0.9989
CT013936,Zone_08,Zone_08,0.9985,0.0,0.0,0.0,0.0002,0.0004,0.0001,0.0004,0.9985,0.0002,0.0002
CT010186,Zone_03,Zone_03,0.9981,0.0006,0.0006,0.9981,0.0004,0.0001,0.0,0.0,0.0,0.0,0.0001
CT001566,Zone_08,Zone_08,0.9986,0.0,0.0,0.0,0.0002,0.0004,0.0001,0.0003,0.9986,0.0001,0.0001
CT006901,Zone_05,Zone_05,0.998,0.0,0.0,0.0001,0.0005,0.998,0.0001,0.0008,0.0003,0.0001,0.0
CT009170,Zone_04,Zone_04,0.9975,0.0002,0.0005,0.0005,0.9975,0.0004,0.0002,0.0005,0.0002,0.0001,0.0
CT001644,Zone_01,Zone_01,0.9988,0.9988,0.0005,0.0004,0.0002,0.0,0.0,0.0,0.0,0.0,0.0
CT018640,Zone_09,Zone_09,0.9981,0.0,0.0,0.0,0.0,0.0001,0.0001,0.0004,0.0009,0.9981,0.0004
CT011698,Zone_07,Zone_07,0.6826,0.0,0.0001,0.0002,0.0011,0.0014,0.0008,0.6826,0.3131,0.0006,0.0003
CT013858,Zone_04,Zone_04,0.9975,0.0001,0.0002,0.0003,0.9975,0.0008,0.0004,0.0003,0.0003,0.0001,0.0
CT008036,Zone_07,Zone_07,0.9223,0.0,0.0001,0.0001,0.0007,0.0004,0.0746,0.9223,0.0011,0.0005,0.0001
CT000620,Zone_02,Zone_02,0.9984,0.0006,0.9984,0.0004,0.0005,0.0,0.0,0.0,0.0,0.0,0.0
CT005000,Zone_08,Zone_08,0.7891,0.0,0.0001,0.0002,0.0004,0.0003,0.0006,0.2086,0.7891,0.0004,0.0002
CT013835,Zone_07,Zone_08,0.7231,0.0,0.0,0.0001,0.0003,0.0003,0.0001,0.2756,0.7231,0.0003,0.0001
CT013161,Zone_02,Zone_02,0.9983,0.0007,0.9983,0.0005,0.0004,0.0,0.0,0.0,0.0,0.0,0.0
CT014410,Zone_08,Zone_08,0.8209,0.0,0.0001,0.0002,0.0005,0.0004,0.0005,0.1766,0.8209,0.0005,0.0002
CT004673,Zone_02,Zone_02,0.9983,0.0006,0.9983,0.0005,0.0005,0.0001,0.0,0.0,0.0,0.0,0.0
CT014750,Zone_06,Zone_06,0.9993,0.0,0.0,0.0,0.0001,0.0,0.9993,0.0005,0.0001,0.0,0.0
CT010241,Zone_04,Zone_04,0.997,0.0002,0.0006,0.0006,0.997,0.0005,0.0002,0.0006,0.0002,0.0001,0.0
CT005552,Zone_02,Zone_02,0.9983,0.0005,0.9983,0.0005,0.0006,0.0001,0.0,0.0,0.0,0.0,0.0
CT013890,Zone_03,Zone_03,0.9984,0.0005,0.0005,0.9984,0.0004,0.0001,0.0,0.0,0.0,0.0,0.0001
CT009851,Zone_04,Zone_04,0.9958,0.0005,0.0009,0.0011,0.9958,0.0005,0.0001,0.0004,0.0004,0.0002,0.0001
CT009117,Zone_03,Zone_03,0.9984,0.0003,0.0004,0.9984,0.0006,0.0001,0.0,0.0,0.0,0.0,0.0
CT000914,Zone_10,Zone_10,0.9985,0.0,0.0,0.0,0.0,0.0,0.0,0.0001,0.0004,0.0009,0.9985
CT008781,Zone_07,Zone_08,0.7503,0.0,0.0001,0.0002,0.0005,0.0003,0.0006,0.2476,0.7503,0.0004,0.0002
CT006854,Zone_08,Zone_08,0.9969,0.0,0.0,0.0001,0.0003,0.0005,0.0,0.0018,0.9969,0.0002,0.0001
CT004665,Zone_07,Zone_07,0.6388,0.0,0.0001,0.0002,0.0017,0.0021,0.0026,0.6388,0.3532,0.0009,0.0004
CT018249,Zone_06,Zone_06,0.9984,0.0,0.0,0.0,0.0002,0.0001,0.9984,0.0006,0.0005,0.0001,0.0
CT018001,Zone_03,Zone_03,0.9981,0.0005,0.0006,0.9981,0.0006,0.0001,0.0,0.0,0.0,0.0,0.0
CT009980,Zone_03,Zone_03,0.9985,0.0005,0.0004,0.9985,0.0004,0.0001,0.0,0.0,0.0,0.0,0.0001
CT013741,Zone_07,Zone_07,0.6231,0.0,0.0001,0.0002,0.001,0.0014,0.0001,0.6231,0.3729,0.0007,0.0003
CT018776,Zone_08,Zone_08,0.9969,0.0,0.0,0.0,0.0003,0.0005,0.0,0.0019,0.9969,0.0002,0.0001
CT011895,Zone_02,Zone_02,0.9981,0.0007,0.9981,0.0005,0.0006,0.0001,0.0,0.0,0.0,0.0,0.0
CT005849,Zone_03,Zone_03,0.998,0.0006,0.0006,0.998,0.0006,0.0001,0.0,0.0,0.0,0.0,0.0001
CT014991,Zone_06,Zone_06,0.9957,0.0,0.0,0.0,0.0005,0.0001,0.9957,0.0024,0.001,0.0001,0.0
CT015678,Zone_02,Zone_02,0.9982,0.0006,0.9982,0.0005,0.0006,0.0001,0.0,0.0,0.0,0.0,0.0
CT006291,Zone_07,Zone_08,0.5901,0.0,0.0001,0.0002,0.0007,0.0004,0.0003,0.4073,0.5901,0.0005,0.0003
CT004338,Zone_02,Zone_02,0.9982,0.0004,0.9982,0.0005,0.0008,0.0001,0.0,0.0,0.0,0.0,0.0
CT012599,Zone_08,Zone_08,0.7967,0.0,0.0,0.0001,0.0003,0.0002,0.0001,0.2021,0.7967,0.0002,0.0002
CT007341,Zone_07,Zone_07,0.8371,0.0,0.0001,0.0002,0.0014,0.0015,0.0015,0.8371,0.1574,0.0006,0.0003
CT009705,Zone_04,Zone_04,0.998,0.0001,0.0004,0.0004,0.998,0.0003,0.0001,0.0003,0.0003,0.0001,0.0
CT003318,Zone_03,Zone_03,0.9984,0.0003,0.0004,0.9984,0.0006,0.0001,0.0,0.0,0.0,0.0,0.0
CT014931,Zone_04,Zone_04,0.998,0.0002,0.0004,0.0003,0.998,0.0003,0.0004,0.0002,0.0001,0.0001,0.0
CT015194,Zone_04,Zone_04,0.9952,0.0001,0.0003,0.0003,0.9952,0.0003,0.0033,0.0002,0.0,0.0,0.0
CT011100,Zone_08,Zone_08,0.9976,0.0,0.0,0.0,0.0003,0.0005,0.0,0.0013,0.9976,0.0002,0.0001
CT007927,Zone_01,Zone_01,0.9986,0.9986,0.0006,0.0005,0.0003,0.0,0.0,0.0,0.0,0.0,0.0
CT012374,Zone_02,Zone_02,0.9984,0.0005,0.9984,0.0004,0.0006,0.0001,0.0,0.0,0.0,0.0,0.0
CT015055,Zone_07,Zone_07,0.9416,0.0,0.0001,0.0002,0.0006,0.0004,0.0551,0.9416,0.0014,0.0005,0.0001
CT006319,Zone_08,Zone_08,0.9981,0.0,0.0,0.0001,0.0003,0.0006,0.0001,0.0005,0.9981,0.0002,0.0001
CT003115,Zone_08,Zone_08,0.9983,0.0,0.0,0.0,0.0002,0.0004,0.0,0.0008,0.9983,0.0002,0.0001
CT014272,Zone_07,Zone_07,0.9809,0.0,0.0,0.0001,0.0005,0.0003,0.0006,0.9809,0.0169,0.0005,0.0001
CT016088,Zone_02,Zone_02,0.9984,0.0005,0.9984,0.0004,0.0006,0.0,0.0,0.0,0.0,0.0,0.0
CT008715,Zone_02,Zone_02,0.998,0.0006,0.998,0.0006,0.0006,0.0001,0.0,0.0,0.0,0.0,0.0
CT005403,Zone_05,Zone_05,0.998,0.0,0.0001,0.0001,0.0006,0.998,0.0001,0.0007,0.0004,0.0001,0.0
CT001118,Zone_07,Zone_07,0.9769,0.0,0.0001,0.0002,0.0005,0.0004,0.0034,0.9769,0.0177,0.0006,0.0002
CT014203,Zone_07,Zone_06,0.6137,0.0,0.0001,0.0002,0.0007,0.0005,0.6137,0.383,0.0012,0.0006,0.0002
CT013603,Zone_08,Zone_08,0.9972,0.0,0.0,0.0001,0.0003,0.0006,0.0,0.0014,0.9972,0.0002,0.0001
CT017056,Zone_01,Zone_01,0.9984,0.9984,0.0007,0.0005,0.0004,0.0,0.0,0.0,0.0,0.0,0.0
CT002208,Zone_08,Zone_08,0.999,0.0,0.0,0.0,0.0002,0.0003,0.0001,0.0003,0.999,0.0001,0.0001
CT006221,Zone_08,Zone_08,0.9979,0.0,0.0,0.0,0.0003,0.0004,0.0001,0.0009,0.9979,0.0002,0.0001
CT019685,Zone_08,Zone_08,0.9963,0.0,0.0,0.0001,0.0005,0.0008,0.0004,0.0014,0.9963,0.0003,0.0002
CT003530,Zone_08,Zone_08,0.9985,0.0,0.0,0.0,0.0002,0.0003,0.0,0.0008,0.9985,0.0001,0.0001
CT015892,Zone_08,Zone_08,0.8517,0.0,0.0,0.0001,0.0002,0.0001,0.0,0.1476,0.8517,0.0002,0.0001
CT009276,Zone_02,Zone_02,0.9985,0.0005,0.9985,0.0004,0.0005,0.0001,0.0,0.0,0.0,0.0,0.0
CT011499,Zone_07,Zone_07,0.8953,0.0,0.0001,0.0002,0.002,0.0017,0.0156,0.8953,0.0842,0.0006,0.0002
CT005250,Zone_07,Zone_07,0.9427,0.0,0.0,0.0001,0.0005,0.0003,0.0552,0.9427,0.0006,0.0004,0.0001
CT000830,Zone_04,Zone_04,0.9961,0.0005,0.0011,0.001,0.9961,0.0003,0.0001,0.0002,0.0002,0.0002,0.0001
CT019390,Zone_04,Zone_04,0.9974,0.0001,0.0003,0.0003,0.9974,0.0009,0.0001,0.0005,0.0004,0.0001,0.0
CT014381,Zone_07,Zone_07,0.8699,0.0,0.0,0.0001,0.0008,0.0011,0.0002,0.8699,0.1272,0.0005,0.0002
CT016812,Zone_10,Zone_10,0.9992,0.0,0.0,0.0,0.0,0.0,0.0,0.0001,0.0001,0.0005,0.9992
CT008883,Zone_07,Zone_08,0.6886,0.0,0.0001,0.0002,0.0004,0.0004,0.0001,0.3098,0.6886,0.0003,0.0002
CT013493,Zone_07,Zone_06,0.5591,0.0,0.0001,0.0002,0.0008,0.0004,0.5591,0.4377,0.0011,0.0006,0.0001
CT019104,Zone_08,Zone_08,0.7502,0.0,0.0,0.0001,0.0002,0.0002,0.0,0.2491,0.7502,0.0002,0.0001
CT011223,Zone_02,Zone_02,0.9981,0.0007,0.9981,0.0006,0.0005,0.0001,0.0,0.0,0.0,0.0,0.0
CT014474,Zone_02,Zone_02,0.9982,0.0006,0.9982,0.0005,0.0006,0.0,0.0,0.0,0.0,0.0,0.0
CT015843,Zone_08,Zone_08,0.9976,0.0,0.0,0.0,0.0002,0.0005,0.0,0.0013,0.9976,0.0002,0.0001
CT014644,Zone_07,Zone_08,0.848,0.0,0.0001,0.0001,0.0003,0.0003,0.0006,0.1501,0.848,0.0003,0.0002
CT005539,Zone_05,Zone_05,0.9981,0.0,0.0001,0.0001,0.0005,0.9981,0.0,0.0004,0.0007,0.0001,0.0001
CT011815,Zone_08,Zone_08,0.9989,0.0,0.0,0.0,0.0002,0.0003,0.0,0.0004,0.9989,0.0001,0.0001
CT001953,Zone_07,Zone_07,0.9936,0.0,0.0,0.0,0.0002,0.0001,0.0001,0.9936,0.0059,0.0001,0.0
CT010789,Zone_02,Zone_02,0.9982,0.0007,0.9982,0.0005,0.0005,0.0001,0.0,0.0,0.0,0.0,0.0
CT012997,Zone_07,Zone_07,0.9031,0.0,0.0001,0.0002,0.0008,0.0004,0.0935,0.9031,0.0012,0.0005,0.0001
CT015999,Zone_07,Zone_07,0.9929,0.0,0.0,0.0001,0.0004,0.0002,0.0011,0.9929,0.0048,0.0004,0.0001
CT017662,Zone_01,Zone_01,0.9986,0.9986,0.0006,0.0004,0.0003,0.0,0.0,0.0,0.0,0.0,0.0
CT012662,Zone_04,Zone_04,0.9974,0.0001,0.0003,0.0003,0.9974,0.0008,0.0001,0.0004,0.0005,0.0001,0.0
CT014464,Zone_04,Zone_04,0.9963,0.0004,0.0009,0.001,0.9963,0.0004,0.0002,0.0003,0.0002,0.0002,0.0001
CT003915,Zone_05,Zone_05,0.9983,0.0,0.0001,0.0001,0.0005,0.9983,0.0001,0.0002,0.0006,0.0001,0.0
CT003849,Zone_04,Zone_04,0.9954,0.0005,0.001,0.0013,0.9954,0.0003,0.0004,0.0007,0.0001,0.0001,0.0001
CT009762,Zone_02,Zone_02,0.9984,0.0005,0.9984,0.0005,0.0005,0.0,0.0,0.0,0.0,0.0,0.0
CT015372,Zone_02,Zone_02,0.9984,0.0006,0.9984,0.0005,0.0005,0.0001,0.0,0.0,0.0,0.0,0.0
CT000282,Zone_01,Zone_01,0.9987,0.9987,0.0006,0.0004,0.0003,0.0,0.0,0.0,0.0,0.0,0.0
CT014007,Zone_07,Zone_07,0.8727,0.0,0.0001,0.0002,0.0009,0.0006,0.1223,0.8727,0.0021,0.0008,0.0002
CT011393,Zone_08,Zone_08,0.8526,0.0,0.0,0.0001,0.0002,0.0002,0.0001,0.1464,0.8526,0.0002,0.0001
CT017804,Zone_07,Zone_08,0.6298,0.0,0.0001,0.0002,0.0006,0.0003,0.0004,0.368,0.6298,0.0004,0.0002
CT016247,Zone_07,Zone_07,0.8818,0.0,0.0,0.0001,0.0006,0.0009,0.0001,0.8818,0.1162,0.0003,0.0001
CT011302,Zone_10,Zone_10,0.9991,0.0,0.0,0.0,0.0,0.0,0.0,0.0001,0.0001,0.0005,0.9991
CT016546,Zone_08,Zone_08,0.9892,0.0,0.0001,0.0002,0.001,0.0016,0.0032,0.0039,0.9892,0.0005,0.0003
CT007929,Zone_02,Zone_02,0.9981,0.0006,0.9981,0.0006,0.0006,0.0001,0.0,0.0,0.0,0.0,0.0
CT018385,Zone_08,Zone_08,0.6501,0.0,0.0001,0.0002,0.0005,0.0004,0.0004,0.3476,0.6501,0.0005,0.0002
CT005206,Zone_02,Zone_02,0.998,0.0007,0.998,0.0006,0.0006,0.0001,0.0,0.0,0.0,0.0,0.0
CT017922,Zone_06,Zone_06,0.9996,0.0,0.0,0.0,0.0001,0.0,0.9996,0.0002,0.0001,0.0,0.0
CT013621,Zone_07,Zone_08,0.602,0.0,0.0001,0.0002,0.0004,0.0003,0.0001,0.3962,0.602,0.0004,0.0002
CT017269,Zone_07,Zone_07,0.9897,0.0,0.0,0.0001,0.0003,0.0002,0.0008,0.9897,0.0084,0.0003,0.0001
CT013140,Zone_07,Zone_07,0.8977,0.0,0.0,0.0001,0.0005,0.0003,0.1004,0.8977,0.0006,0.0003,0.0001
CT012218,Zone_04,Zone_04,0.9963,0.0001,0.0003,0.0003,0.9963,0.0008,0.0,0.0006,0.0015,0.0001,0.0
CT000827,Zone_08,Zone_08,0.8091,0.0,0.0,0.0001,0.0002,0.0002,0.0,0.1901,0.8091,0.0002,0.0001
CT011791,Zone_07,Zone_08,0.7587,0.0,0.0001,0.0001,0.0003,0.0003,0.0001,0.24,0.7587,0.0003,0.0002
CT011106,Zone_01,Zone_01,0.9986,0.9986,0.0006,0.0005,0.0003,0.0,0.0,0.0,0.0,0.0,0.0
CT010885,Zone_06,Zone_06,0.9968,0.0,0.0,0.0,0.0004,0.0001,0.9968,0.0017,0.0008,0.0001,0.0
CT013330,Zone_07,Zone_07,0.8741,0.0,0.0,0.0001,0.0007,0.001,0.0003,0.8741,0.1231,0.0005,0.0002
CT004583,Zone_07,Zone_07,0.6529,0.0,0.0001,0.0003,0.0018,0.0009,0.3373,0.6529,0.0051,0.0012,0.0003
CT014788,Zone_07,Zone_07,0.8619,0.0,0.0001,0.0003,0.001,0.0007,0.1323,0.8619,0.0027,0.0008,0.0002
CT001300,Zone_05,Zone_05,0.9978,0.0,0.0,0.0001,0.0006,0.9978,0.0,0.0007,0.0007,0.0001,0.0
CT011782,Zone_07,Zone_07,0.6702,0.0,0.0,0.0001,0.0006,0.0012,0.0001,0.6702,0.3272,0.0004,0.0002
CT009150,Zone_03,Zone_03,0.9984,0.0005,0.0005,0.9984,0.0004,0.0001,0.0,0.0,0.0,0.0,0.0
CT007601,Zone_09,Zone_09,0.9985,0.0,0.0,0.0,0.0,0.0001,0.0001,0.0004,0.0003,0.9985,0.0005
CT014107,Zone_07,Zone_07,0.9775,0.0,0.0,0.0001,0.0004,0.0004,0.0008,0.9775,0.0203,0.0004,0.0001
CT013183,Zone_03,Zone_03,0.9981,0.0005,0.0006,0.9981,0.0006,0.0001,0.0,0.0,0.0,0.0,0.0
CT002945,Zone_04,Zone_04,0.9973,0.0001,0.0004,0.0004,0.9973,0.0003,0.0011,0.0002,0.0001,0.0001,0.0
CT011594,Zone_08,Zone_08,0.6277,0.0,0.0001,0.0002,0.0005,0.0004,0.0007,0.3696,0.6277,0.0005,0.0003
CT017406,Zone_07,Zone_08,0.705,0.0,0.0,0.0001,0.0003,0.0002,0.0001,0.2939,0.705,0.0002,0.0001
CT010579,Zone_04,Zone_04,0.9959,0.0005,0.001,0.0011,0.9959,0.0004,0.0003,0.0004,0.0001,0.0002,0.0001
CT013916,Zone_08,Zone_08,0.8911,0.0,0.0001,0.0001,0.0004,0.0003,0.0002,0.1074,0.8911,0.0003,0.0002
CT010180,Zone_08,Zone_08,0.692,0.0,0.0001,0.0003,0.0005,0.0004,0.0007,0.3051,0.692,0.0006,0.0003
CT017695,Zone_08,Zone_08,0.9985,0.0,0.0,0.0,0.0002,0.0004,0.0,0.0007,0.9985,0.0001,0.0001
CT017177,Zone_07,Zone_08,0.7504,0.0,0.0001,0.0001,0.0003,0.0003,0.0001,0.2484,0.7504,0.0003,0.0001
CT016847,Zone_04,Zone_04,0.9959,0.0005,0.0009,0.001,0.9959,0.0004,0.0001,0.0008,0.0002,0.0002,0.0001
CT013733,Zone_08,Zone_08,0.9956,0.0,0.0001,0.0001,0.0005,0.001,0.0006,0.0015,0.9956,0.0003,0.0003
CT018926,Zone_01,Zone_01,0.9983,0.9983,0.0007,0.0005,0.0004,0.0,0.0,0.0,0.0,0.0,0.0
CT018565,Zone_07,Zone_08,0.6817,0.0,0.0001,0.0002,0.0005,0.0004,0.0008,0.3155,0.6817,0.0005,0.0003
CT001890,Zone_08,Zone_08,0.9947,0.0,0.0,0.0001,0.0004,0.0009,0.0001,0.0031,0.9947,0.0003,0.0002
CT004084,Zone_04,Zone_04,0.9979,0.0002,0.0004,0.0004,0.9979,0.0004,0.0002,0.0003,0.0002,0.0001,0.0
CT004692,Zone_04,Zone_04,0.9952,0.0007,0.0011,0.0012,0.9952,0.0006,0.0004,0.0003,0.0002,0.0002,0.0002
CT006765,Zone_04,Zone_04,0.9968,0.0001,0.0003,0.0003,0.9968,0.001,0.0003,0.0003,0.0007,0.0001,0.0
CT005661,Zone_08,Zone_08,0.9887,0.0,0.0001,0.0002,0.0011,0.0014,0.0037,0.0041,0.9887,0.0005,0.0002
CT013626,Zone_07,Zone_08,0.5947,0.0,0.0001,0.0002,0.0005,0.0005,0.0011,0.4021,0.5947,0.0005,0.0003
CT000475,Zone_04,Zone_04,0.9976,0.0002,0.0004,0.0005,0.9976,0.0004,0.0001,0.0003,0.0004,0.0001,0.0
CT007821,Zone_08,Zone_08,0.7745,0.0,0.0,0.0001,0.0002,0.0002,0.0001,0.2246,0.7745,0.0002,0.0001
CT011650,Zone_07,Zone_07,0.8252,0.0,0.0001,0.0003,0.0019,0.001,0.1634,0.8252,0.0068,0.001,0.0003
CT007071,Zone_08,Zone_07,0.679,0.0,0.0001,0.0003,0.0008,0.0004,0.0049,0.679,0.3138,0.0004,0.0002
CT000127,Zone_04,Zone_04,0.9971,0.0001,0.0003,0.0003,0.9971,0.0011,0.0001,0.0006,0.0004,0.0,0.0
CT006190,Zone_07,Zone_08,0.5894,0.0,0.0001,0.0002,0.0004,0.0004,0.0005,0.4083,0.5894,0.0005,0.0002
CT019805,Zone_02,Zone_02,0.9982,0.0007,0.9982,0.0006,0.0004,0.0001,0.0,0.0,0.0,0.0,0.0
CT006969,Zone_08,Zone_08,0.8632,0.0,0.0,0.0001,0.0003,0.0002,0.0001,0.1357,0.8632,0.0002,0.0001
CT007502,Zone_07,Zone_08,0.7465,0.0,0.0,0.0001,0.0002,0.0002,0.0,0.2524,0.7465,0.0003,0.0002
CT014095,Zone_02,Zone_02,0.9985,0.0006,0.9985,0.0004,0.0004,0.0,0.0,0.0,0.0,0.0,0.0
CT007831,Zone_10,Zone_10,0.9986,0.0,0.0,0.0,0.0,0.0,0.0,0.0002,0.0004,0.0007,0.9986
CT009264,Zone_07,Zone_07,0.9167,0.0,0.0001,0.0002,0.0007,0.0005,0.0786,0.9167,0.0025,0.0006,0.0001
CT004763,Zone_06,Zone_06,0.9992,0.0,0.0,0.0,0.0001,0.0,0.9992,0.0004,0.0002,0.0,0.0
CT018894,Zone_03,Zone_03,0.9981,0.0005,0.0006,0.9981,0.0007,0.0001,0.0,0.0,0.0,0.0,0.0
CT007606,Zone_10,Zone_10,0.9991,0.0,0.0,0.0,0.0,0.0,0.0,0.0001,0.0002,0.0006,0.9991
CT001929,Zone_02,Zone_02,0.9984,0.0006,0.9984,0.0004,0.0005,0.0,0.0,0.0,0.0,0.0,0.0
CT004052,Zone_07,Zone_07,0.5316,0.0,0.0001,0.0002,0.0004,0.0003,0.0001,0.5316,0.4666,0.0004,0.0003
CT005673,Zone_05,Zone_05,0.9981,0.0,0.0001,0.0001,0.0005,0.9981,0.0001,0.0006,0.0004,0.0001,0.0
CT004100,Zone_06,Zone_06,0.9985,0.0,0.0,0.0,0.0002,0.0001,0.9985,0.0006,0.0005,0.0001,0.0
CT009828,Zone_08,Zone_08,0.9957,0.0,0.0,0.0001,0.0004,0.0008,0.0001,0.0023,0.9957,0.0003,0.0003
CT001093,Zone_04,Zone_04,0.998,0.0001,0.0004,0.0004,0.998,0.0003,0.0002,0.0003,0.0002,0.0001,0.0
CT012879,Zone_08,Zone_08,0.7743,0.0,0.0,0.0001,0.0002,0.0002,0.0001,0.2248,0.7743,0.0002,0.0001
CT007871,Zone_02,Zone_02,0.9983,0.0006,0.9983,0.0005,0.0005,0.0001,0.0,0.0,0.0,0.0,0.0
CT019270,Zone_02,Zone_02,0.9982,0.0006,0.9982,0.0005,0.0006,0.0001,0.0,0.0,0.0,0.0,0.0
CT017181,Zone_08,Zone_08,0.5635,0.0,0.0001,0.0002,0.0005,0.0004,0.0004,0.4342,0.5635,0.0005,0.0002
CT007825,Zone_10,Zone_10,0.999,0.0,0.0,0.0,0.0,0.0,0.0,0.0001,0.0001,0.0006,0.999
CT007398,Zone_04,Zone_04,0.9967,0.0001,0.0003,0.0003,0.9967,0.001,0.0001,0.0008,0.0006,0.0001,0.0
CT009712,Zone_08,Zone_08,0.9971,0.0,0.0,0.0001,0.0004,0.0006,0.0002,0.0012,0.9971,0.0002,0.0001
CT004523,Zone_07,Zone_07,0.983,0.0,0.0,0.0001,0.0004,0.0003,0.0013,0.983,0.0144,0.0005,0.0001
CT017063,Zone_07,Zone_07,0.983,0.0,0.0001,0.0002,0.0005,0.0005,0.0018,0.983,0.0132,0.0006,0.0002
CT012709,Zone_04,Zone_04,0.9968,0.0001,0.0003,0.0003,0.9968,0.0008,0.0001,0.001,0.0006,0.0001,0.0
CT019406,Zone_07,Zone_07,0.979,0.0,0.0,0.0001,0.0005,0.0004,0.0182,0.979,0.0012,0.0004,0.0001
CT010725,Zone_10,Zone_10,0.9989,0.0,0.0,0.0,0.0,0.0,0.0,0.0002,0.0002,0.0006,0.9989
CT016794,Zone_08,Zone_08,0.8464,0.0,0.0001,0.0002,0.0006,0.0003,0.0007,0.1511,0.8464,0.0004,0.0002
CT015767,Zone_02,Zone_02,0.998,0.0007,0.998,0.0005,0.0006,0.0001,0.0,0.0,0.0,0.0,0.0
CT011562,Zone_07,Zone_08,0.5955,0.0,0.0,0.0001,0.0007,0.0012,0.0001,0.4017,0.5955,0.0005,0.0001
CT005392,Zone_05,Zone_05,0.9982,0.0,0.0001,0.0001,0.0005,0.9982,0.0,0.0003,0.0007,0.0001,0.0
CT007647,Zone_02,Zone_02,0.9981,0.0006,0.9981,0.0005,0.0007,0.0001,0.0,0.0,0.0,0.0,0.0
CT014945,Zone_07,Zone_07,0.9943,0.0,0.0,0.0,0.0001,0.0001,0.0,0.9943,0.0052,0.0001,0.0
CT006576,Zone_07,Zone_08,0.8394,0.0,0.0,0.0001,0.0002,0.0002,0.0,0.1596,0.8394,0.0003,0.0001
CT015207,Zone_08,Zone_08,0.7791,0.0,0.0001,0.0001,0.0002,0.0003,0.0001,0.2197,0.7791,0.0003,0.0001
CT010223,Zone_08,Zone_08,0.8275,0.0,0.0001,0.0001,0.0003,0.0002,0.0002,0.1711,0.8275,0.0003,0.0001
CT013738,Zone_05,Zone_05,0.9979,0.0,0.0,0.0001,0.0005,0.9979,0.0001,0.0004,0.0007,0.0001,0.0
CT015380,Zone_07,Zone_07,0.9293,0.0,0.0001,0.0003,0.001,0.0006,0.0652,0.9293,0.0026,0.0008,0.0002
CT019799,Zone_07,Zone_08,0.6581,0.0,0.0,0.0001,0.0002,0.0002,0.0,0.341,0.6581,0.0002,0.0001
CT019863,Zone_07,Zone_07,0.9051,0.0,0.0001,0.0002,0.0008,0.0006,0.0904,0.9051,0.0021,0.0005,0.0001
CT009575,Zone_02,Zone_02,0.9984,0.0006,0.9984,0.0004,0.0005,0.0001,0.0,0.0,0.0,0.0,0.0
CT004557,Zone_07,Zone_07,0.9885,0.0,0.0,0.0001,0.0004,0.0002,0.004,0.9885,0.0064,0.0004,0.0001
CT014193,Zone_08,Zone_08,0.6664,0.0,0.0001,0.0003,0.0006,0.0005,0.0011,0.3298,0.6664,0.0006,0.0004
CT014899,Zone_02,Zone_02,0.9982,0.0006,0.9982,0.0005,0.0005,0.0,0.0,0.0,0.0,0.0,0.0
CT015788,Zone_04,Zone_04,0.9972,0.0001,0.0002,0.0003,0.9972,0.0008,0.0002,0.0006,0.0004,0.0,0.0
CT008060,Zone_07,Zone_07,0.9047,0.0,0.0001,0.0002,0.0008,0.0006,0.0914,0.9047,0.0014,0.0006,0.0002
CT016153,Zone_05,Zone_05,0.9983,0.0,0.0,0.0001,0.0004,0.9983,0.0001,0.0004,0.0007,0.0001,0.0
CT017364,Zone_03,Zone_03,0.9982,0.0005,0.0005,0.9982,0.0006,0.0001,0.0,0.0,0.0,0.0,0.0
CT008191,Zone_08,Zone_08,0.8023,0.0,0.0,0.0001,0.0002,0.0002,0.0,0.1967,0.8023,0.0002,0.0001
CT003953,Zone_10,Zone_10,0.9989,0.0,0.0,0.0,0.0,0.0,0.0,0.0002,0.0001,0.0007,0.9989
CT014511,Zone_10,Zone_10,0.999,0.0,0.0,0.0,0.0,0.0,0.0,0.0001,0.0002,0.0007,0.999
CT012476,Zone_07,Zone_08,0.5192,0.0,0.0001,0.0002,0.0004,0.0003,0.0002,0.479,0.5192,0.0004,0.0002
CT013289,Zone_08,Zone_07,0.7068,0.0,0.0,0.0001,0.0008,0.0014,0.0004,0.7068,0.2895,0.0006,0.0002
CT008490,Zone_07,Zone_08,0.7689,0.0,0.0,0.0001,0.0002,0.0002,0.0,0.2301,0.7689,0.0003,0.0001
CT006762,Zone_07,Zone_08,0.6211,0.0,0.0,0.0001,0.0003,0.0002,0.0001,0.3779,0.6211,0.0002,0.0001
CT016792,Zone_07,Zone_07,0.8239,0.0,0.0,0.0001,0.0007,0.0008,0.0001,0.8239,0.1737,0.0004,0.0001
CT015622,Zone_08,Zone_08,0.9958,0.0,0.0,0.0001,0.0004,0.0006,0.0001,0.0025,0.9958,0.0003,0.0002
CT003614,Zone_06,Zone_06,0.9973,0.0,0.0,0.0,0.0004,0.0001,0.9973,0.0016,0.0005,0.0001,0.0
CT002910,Zone_07,Zone_07,0.8578,0.0,0.0001,0.0002,0.0013,0.002,0.0016,0.8578,0.1363,0.0006,0.0003
CT009608,Zone_08,Zone_07,0.8432,0.0,0.0,0.0001,0.0006,0.001,0.0002,0.8432,0.1542,0.0005,0.0002
CT006538,Zone_08,Zone_08,0.8907,0.0,0.0001,0.0002,0.0004,0.0003,0.0006,0.1072,0.8907,0.0003,0.0002
CT016490,Zone_05,Zone_05,0.9982,0.0,0.0001,0.0001,0.0005,0.9982,0.0001,0.0006,0.0003,0.0001,0.0
CT000762,Zone_03,Zone_03,0.998,0.0004,0.0005,0.998,0.0008,0.0001,0.0,0.0,0.0,0.0,0.0001
CT001583,Zone_08,Zone_08,0.9922,0.0,0.0001,0.0001,0.001,0.0013,0.0011,0.0033,0.9922,0.0005,0.0003
CT005800,Zone_05,Zone_05,0.9983,0.0,0.0,0.0001,0.0005,0.9983,0.0001,0.0005,0.0005,0.0001,0.0
CT011000,Zone_06,Zone_06,0.9927,0.0,0.0,0.0001,0.0007,0.0003,0.9927,0.0032,0.0027,0.0002,0.0
CT018448,Zone_02,Zone_02,0.9981,0.0006,0.9981,0.0005,0.0006,0.0001,0.0,0.0,0.0,0.0,0.0
CT011783,Zone_07,Zone_07,0.8964,0.0,0.0,0.0001,0.0007,0.001,0.0003,0.8964,0.1009,0.0004,0.0001
CT005178,Zone_02,Zone_02,0.9984,0.0005,0.9984,0.0005,0.0006,0.0001,0.0,0.0,0.0,0.0,0.0
CT004179,Zone_08,Zone_07,0.5184,0.0,0.0001,0.0002,0.0004,0.0003,0.0006,0.5184,0.4793,0.0004,0.0002
CT009446,Zone_04,Zone_04,0.9981,0.0001,0.0003,0.0003,0.9981,0.0003,0.0005,0.0002,0.0001,0.0,0.0
CT012633,Zone_10,Zone_10,0.999,0.0,0.0,0.0,0.0,0.0,0.0,0.0001,0.0001,0.0007,0.999
CT018063,Zone_07,Zone_07,0.947,0.0,0.0001,0.0002,0.0008,0.0006,0.0476,0.947,0.0028,0.0007,0.0002
CT015574,Zone_07,Zone_07,0.9864,0.0,0.0,0.0001,0.0003,0.0003,0.0004,0.9864,0.0119,0.0004,0.0001
CT002437,Zone_08,Zone_08,0.6692,0.0,0.0001,0.0002,0.0005,0.0005,0.0004,0.3283,0.6692,0.0004,0.0003
CT000744,Zone_02,Zone_02,0.9983,0.0006,0.9983,0.0005,0.0005,0.0001,0.0,0.0,0.0,0.0,0.0
CT003333,Zone_02,Zone_02,0.998,0.0007,0.998,0.0005,0.0005,0.0001,0.0,0.0,0.0,0.0,0.0001
CT014192,Zone_07,Zone_07,0.9633,0.0,0.0,0.0001,0.0004,0.0003,0.0002,0.9633,0.0351,0.0005,0.0001
CT019305,Zone_10,Zone_10,0.9989,0.0,0.0,0.0,0.0,0.0,0.0001,0.0001,0.0001,0.0008,0.9989
CT016161,Zone_01,Zone_01,0.9985,0.9985,0.0006,0.0005,0.0003,0.0,0.0,0.0,0.0,0.0,0.0
CT000042,Zone_07,Zone_07,0.9131,0.0,0.0001,0.0003,0.0008,0.0006,0.0823,0.9131,0.0018,0.0008,0.0002
CT002414,Zone_07,Zone_07,0.9131,0.0,0.0001,0.0002,0.0012,0.0014,0.0022,0.9131,0.0808,0.0007,0.0003
CT006874,Zone_04,Zone_04,0.9971,0.0002,0.0004,0.0003,0.9971,0.0008,0.0001,0.0002,0.0008,0.0001,0.0
CT018070,Zone_04,Zone_04,0.9967,0.0003,0.0007,0.0008,0.9967,0.0003,0.0001,0.0005,0.0002,0.0001,0.0001
CT016879,Zone_04,Zone_04,0.9977,0.0002,0.0005,0.0005,0.9977,0.0004,0.0002,0.0003,0.0001,0.0001,0.0
CT013923,Zone_08,Zone_08,0.9979,0.0,0.0,0.0,0.0002,0.0003,0.0,0.0013,0.9979,0.0001,0.0001
CT013159,Zone_07,Zone_07,0.9259,0.0,0.0001,0.0002,0.0009,0.0005,0.0704,0.9259,0.0014,0.0006,0.0001
CT012257,Zone_07,Zone_08,0.5429,0.0,0.0,0.0001,0.0003,0.0002,0.0,0.4559,0.5429,0.0003,0.0002
CT007638,Zone_10,Zone_10,0.9988,0.0,0.0,0.0,0.0,0.0,0.0,0.0001,0.0002,0.0008,0.9988
CT006918,Zone_07,Zone_07,0.6973,0.0,0.0001,0.0003,0.0006,0.0004,0.0029,0.6973,0.2975,0.0005,0.0003
CT019175,Zone_06,Zone_06,0.9998,0.0,0.0,0.0,0.0,0.0,0.9998,0.0001,0.0,0.0,0.0
CT014715,Zone_08,Zone_08,0.8655,0.0,0.0,0.0001,0.0003,0.0002,0.0002,0.1332,0.8655,0.0003,0.0002
CT013729,Zone_02,Zone_02,0.9983,0.0006,0.9983,0.0005,0.0005,0.0001,0.0,0.0,0.0,0.0,0.0
CT009237,Zone_05,Zone_05,0.9983,0.0,0.0001,0.0001,0.0005,0.9983,0.0001,0.0005,0.0004,0.0001,0.0
CT016400,Zone_07,Zone_07,0.9415,0.0,0.0,0.0002,0.0007,0.0008,0.0006,0.9415,0.0553,0.0005,0.0003
CT006314,Zone_03,Zone_03,0.9982,0.0005,0.0005,0.9982,0.0005,0.0001,0.0,0.0,0.0,0.0,0.0001
CT007258,Zone_06,Zone_06,0.9979,0.0,0.0,0.0,0.0003,0.0001,0.9979,0.0011,0.0005,0.0001,0.0
CT003675,Zone_07,Zone_07,0.9756,0.0,0.0,0.0001,0.0004,0.0003,0.0021,0.9756,0.0207,0.0005,0.0002
CT005919,Zone_07,Zone_07,0.8844,0.0,0.0001,0.0002,0.0007,0.0005,0.1127,0.8844,0.0008,0.0004,0.0001
CT002659,Zone_03,Zone_03,0.998,0.0006,0.0005,0.998,0.0006,0.0001,0.0,0.0,0.0,0.0,0.0001
CT007939,Zone_01,Zone_01,0.9986,0.9986,0.0007,0.0004,0.0003,0.0,0.0,0.0,0.0,0.0,0.0
CT012516,Zone_07,Zone_07,0.988,0.0,0.0,0.0001,0.0004,0.0002,0.0008,0.988,0.01,0.0004,0.0001
CT005343,Zone_07,Zone_07,0.8472,0.0,0.0,0.0001,0.0006,0.0004,0.1506,0.8472,0.0006,0.0004,0.0001
CT018366,Zone_05,Zone_05,0.9979,0.0,0.0001,0.0001,0.0005,0.9979,0.0001,0.0004,0.0008,0.0001,0.0
CT008084,Zone_07,Zone_07,0.7841,0.0,0.0,0.0001,0.0006,0.0007,0.0001,0.7841,0.2139,0.0004,0.0001
CT019048,Zone_04,Zone_04,0.9979,0.0002,0.0004,0.0004,0.9979,0.0003,0.0001,0.0002,0.0003,0.0001,0.0
CT019283,Zone_07,Zone_07,0.9888,0.0,0.0,0.0001,0.0004,0.0002,0.0013,0.9888,0.0086,0.0004,0.0001
CT013388,Zone_07,Zone_07,0.8075,0.0,0.0001,0.0002,0.0008,0.0004,0.1897,0.8075,0.0008,0.0005,0.0001
CT004938,Zone_08,Zone_08,0.7402,0.0,0.0,0.0001,0.0002,0.0001,0.0,0.2591,0.7402,0.0002,0.0001
CT008444,Zone_08,Zone_08,0.9977,0.0,0.0,0.0001,0.0003,0.0005,0.0001,0.0009,0.9977,0.0002,0.0002
CT006994,Zone_07,Zone_07,0.8952,0.0,0.0001,0.0002,0.0013,0.0017,0.0074,0.8952,0.0931,0.0008,0.0003
CT002236,Zone_07,Zone_07,0.6992,0.0,0.0001,0.0002,0.0007,0.0004,0.2979,0.6992,0.0007,0.0006,0.0002
CT007750,Zone_07,Zone_07,0.9868,0.0,0.0,0.0001,0.0003,0.0002,0.0004,0.9868,0.0119,0.0003,0.0001
CT018522,Zone_03,Zone_03,0.9982,0.0005,0.0005,0.9982,0.0006,0.0001,0.0,0.0,0.0,0.0,0.0001
CT004350,Zone_07,Zone_07,0.9682,0.0,0.0,0.0001,0.0004,0.0002,0.0299,0.9682,0.0008,0.0003,0.0001
CT001378,Zone_07,Zone_07,0.8886,0.0,0.0001,0.0002,0.0007,0.0004,0.1078,0.8886,0.0014,0.0006,0.0001
CT011743,Zone_09,Zone_09,0.9982,0.0,0.0,0.0,0.0,0.0001,0.0001,0.0004,0.0004,0.9982,0.0007
CT006024,Zone_07,Zone_07,0.5639,0.0,0.0001,0.0002,0.0008,0.0004,0.4326,0.5639,0.0012,0.0007,0.0002
CT009504,Zone_01,Zone_01,0.9988,0.9988,0.0006,0.0004,0.0002,0.0,0.0,0.0,0.0,0.0,0.0
CT016932,Zone_03,Zone_03,0.9983,0.0004,0.0005,0.9983,0.0006,0.0001,0.0,0.0,0.0,0.0,0.0
CT016644,Zone_08,Zone_08,0.8577,0.0,0.0,0.0001,0.0001,0.0001,0.0,0.1418,0.8577,0.0001,0.0001
CT018239,Zone_04,Zone_04,0.9973,0.0001,0.0003,0.0003,0.9973,0.0008,0.0002,0.0004,0.0006,0.0001,0.0
CT009632,Zone_10,Zone_10,0.9989,0.0,0.0,0.0,0.0,0.0,0.0,0.0002,0.0001,0.0007,0.9989
CT015315,Zone_08,Zone_08,0.9986,0.0,0.0,0.0,0.0002,0.0004,0.0,0.0005,0.9986,0.0001,0.0001
CT000924,Zone_07,Zone_07,0.8743,0.0,0.0,0.0001,0.0009,0.0011,0.0006,0.8743,0.1221,0.0006,0.0002
CT006789,Zone_07,Zone_07,0.9886,0.0,0.0,0.0001,0.0002,0.0002,0.0002,0.9886,0.0103,0.0003,0.0001
CT015104,Zone_02,Zone_02,0.9983,0.0006,0.9983,0.0004,0.0005,0.0001,0.0,0.0,0.0,0.0,0.0
CT006733,Zone_07,Zone_07,0.7855,0.0,0.0001,0.0002,0.0008,0.0007,0.2095,0.7855,0.0025,0.0006,0.0002
CT002222,Zone_08,Zone_08,0.9986,0.0,0.0,0.0,0.0002,0.0004,0.0002,0.0004,0.9986,0.0001,0.0001
CT005702,Zone_03,Zone_03,0.9981,0.0005,0.0006,0.9981,0.0005,0.0001,0.0,0.0,0.0,0.0,0.0
CT006421,Zone_04,Zone_04,0.9961,0.0001,0.0003,0.0004,0.9961,0.0011,0.0,0.001,0.0008,0.0001,0.0
CT018033,Zone_01,Zone_01,0.9988,0.9988,0.0006,0.0004,0.0002,0.0,0.0,0.0,0.0,0.0,0.0
CT003331,Zone_10,Zone_10,0.9991,0.0,0.0,0.0,0.0,0.0,0.0,0.0001,0.0002,0.0005,0.9991
CT017112,Zone_07,Zone_08,0.6238,0.0,0.0001,0.0001,0.0003,0.0003,0.0002,0.3747,0.6238,0.0003,0.0001
CT006647,Zone_02,Zone_02,0.9983,0.0006,0.9983,0.0005,0.0005,0.0001,0.0,0.0,0.0,0.0,0.0
CT011919,Zone_10,Zone_10,0.999,0.0,0.0,0.0,0.0,0.0,0.0,0.0001,0.0001,0.0006,0.999
CT011476,Zone_02,Zone_02,0.9983,0.0006,0.9983,0.0005,0.0006,0.0001,0.0,0.0,0.0,0.0,0.0
CT000857,Zone_07,Zone_08,0.647,0.0,0.0001,0.0002,0.0004,0.0003,0.0003,0.351,0.647,0.0005,0.0002
CT006914,Zone_07,Zone_08,0.6433,0.0,0.0001,0.0002,0.0006,0.0005,0.0012,0.3535,0.6433,0.0004,0.0002
CT013714,Zone_05,Zone_05,0.9983,0.0,0.0001,0.0001,0.0006,0.9983,0.0003,0.0003,0.0003,0.0001,0.0
CT007981,Zone_05,Zone_05,0.9981,0.0,0.0,0.0001,0.0004,0.9981,0.0,0.0005,0.0007,0.0001,0.0
CT008757,Zone_04,Zone_04,0.9954,0.0007,0.001,0.0013,0.9954,0.0004,0.0002,0.0005,0.0002,0.0002,0.0002
CT006516,Zone_08,Zone_08,0.9958,0.0,0.0,0.0001,0.0004,0.0007,0.0001,0.0022,0.9958,0.0003,0.0002
CT005398,Zone_04,Zone_04,0.9967,0.0002,0.0004,0.0004,0.9967,0.0009,0.0001,0.0005,0.0007,0.0001,0.0
CT009007,Zone_03,Zone_03,0.998,0.0005,0.0006,0.998,0.0007,0.0001,0.0,0.0,0.0,0.0,0.0001
CT014049,Zone_08,Zone_08,0.9961,0.0,0.0,0.0001,0.0004,0.0008,0.0001,0.0018,0.9961,0.0003,0.0003
CT017626,Zone_07,Zone_08,0.6153,0.0,0.0001,0.0002,0.0005,0.0004,0.0007,0.3822,0.6153,0.0004,0.0002
CT005389,Zone_08,Zone_08,0.9978,0.0,0.0,0.0001,0.0003,0.0005,0.0001,0.0008,0.9978,0.0002,0.0001
CT015820,Zone_08,Zone_08,0.8245,0.0,0.0,0.0001,0.0002,0.0002,0.0001,0.1747,0.8245,0.0002,0.0001
CT006639,Zone_07,Zone_07,0.979,0.0,0.0,0.0001,0.0003,0.0003,0.0002,0.979,0.0197,0.0003,0.0001
CT008008,Zone_07,Zone_07,0.9906,0.0,0.0,0.0001,0.0003,0.0002,0.0016,0.9906,0.0068,0.0003,0.0001
CT001972,Zone_10,Zone_10,0.9989,0.0,0.0,0.0,0.0,0.0,0.0,0.0001,0.0003,0.0007,0.9989
CT006302,Zone_08,Zone_08,0.9963,0.0,0.0,0.0001,0.0003,0.0006,0.0001,0.0022,0.9963,0.0002,0.0001
CT002780,Zone_03,Zone_03,0.998,0.0006,0.0006,0.998,0.0006,0.0001,0.0,0.0,0.0,0.0,0.0001
CT008927,Zone_07,Zone_07,0.9782,0.0,0.0,0.0001,0.0006,0.0003,0.0061,0.9782,0.0141,0.0004,0.0001
CT006475,Zone_03,Zone_03,0.9983,0.0005,0.0004,0.9983,0.0005,0.0001,0.0,0.0,0.0,0.0,0.0001
CT000729,Zone_08,Zone_08,0.9937,0.0,0.0001,0.0001,0.0008,0.0012,0.0005,0.0029,0.9937,0.0005,0.0003
CT008438,Zone_07,Zone_07,0.9811,0.0,0.0001,0.0002,0.0005,0.0004,0.0017,0.9811,0.0152,0.0007,0.0002
CT008287,Zone_08,Zone_08,0.9976,0.0,0.0,0.0001,0.0003,0.0006,0.0002,0.001,0.9976,0.0002,0.0002
CT010727,Zone_07,Zone_08,0.588,0.0,0.0001,0.0002,0.0005,0.0004,0.0006,0.4097,0.588,0.0004,0.0002
CT006408,Zone_01,Zone_01,0.9983,0.9983,0.0007,0.0005,0.0004,0.0,0.0,0.0,0.0,0.0,0.0
CT009320,Zone_03,Zone_03,0.9981,0.0006,0.0005,0.9981,0.0006,0.0001,0.0,0.0,0.0,0.0,0.0001
CT012624,Zone_08,Zone_08,0.7989,0.0,0.0001,0.0002,0.0005,0.0003,0.0007,0.1988,0.7989,0.0004,0.0002
CT012663,Zone_08,Zone_07,0.9082,0.0,0.0,0.0001,0.0005,0.0006,0.0001,0.9082,0.0902,0.0003,0.0001
CT016689,Zone_08,Zone_07,0.6764,0.0,0.0,0.0001,0.0009,0.0011,0.0001,0.6764,0.3207,0.0004,0.0002
CT011315,Zone_03,Zone_03,0.9984,0.0004,0.0004,0.9984,0.0006,0.0001,0.0,0.0,0.0,0.0,0.0
CT008151,Zone_07,Zone_07,0.6888,0.0,0.0001,0.0001,0.001,0.0013,0.0005,0.6888,0.3072,0.0006,0.0003
CT002926,Zone_07,Zone_07,0.6273,0.0,0.0002,0.0003,0.001,0.0006,0.0042,0.6273,0.3655,0.0006,0.0003
CT016374,Zone_08,Zone_08,0.7604,0.0,0.0,0.0001,0.0003,0.0002,0.0,0.2386,0.7604,0.0002,0.0001
CT008112,Zone_04,Zone_04,0.9951,0.0007,0.001,0.0014,0.9951,0.0004,0.0001,0.0006,0.0002,0.0002,0.0002
CT000026,Zone_01,Zone_01,0.9985,0.9985,0.0006,0.0005,0.0003,0.0,0.0,0.0,0.0,0.0,0.0
CT000053,Zone_07,Zone_07,0.9794,0.0,0.0,0.0001,0.0003,0.0003,0.0006,0.9794,0.0187,0.0004,0.0001
CT014833,Zone_07,Zone_07,0.9226,0.0,0.0001,0.0002,0.0005,0.0003,0.0746,0.9226,0.001,0.0005,0.0001
CT006088,Zone_04,Zone_04,0.9947,0.0007,0.0012,0.0014,0.9947,0.0004,0.0005,0.0004,0.0002,0.0002,0.0002
CT008986,Zone_07,Zone_07,0.9725,0.0,0.0,0.0001,0.0004,0.0003,0.0005,0.9725,0.0257,0.0004,0.0001
CT016306,Zone_07,Zone_07,0.9913,0.0,0.0,0.0001,0.0002,0.0001,0.0001,0.9913,0.008,0.0002,0.0001
CT015059,Zone_07,Zone_07,0.8637,0.0,0.0001,0.0002,0.0011,0.0006,0.1318,0.8637,0.0016,0.0007,0.0002
CT016648,Zone_04,Zone_04,0.9978,0.0002,0.0004,0.0004,0.9978,0.0003,0.0006,0.0003,0.0001,0.0001,0.0
CT015021,Zone_07,Zone_07,0.8813,0.0,0.0001,0.0002,0.0012,0.0006,0.1128,0.8813,0.0028,0.0007,0.0002
CT019994,Zone_01,Zone_01,0.9987,0.9987,0.0006,0.0004,0.0003,0.0,0.0,0.0,0.0,0.0,0.0
CT011415,Zone_10,Zone_10,0.9987,0.0,0.0,0.0,0.0,0.0,0.0,0.0001,0.0004,0.0007,0.9987
CT011709,Zone_08,Zone_08,0.9972,0.0,0.0,0.0001,0.0003,0.0006,0.0003,0.0011,0.9972,0.0003,0.0001
CT002532,Zone_08,Zone_08,0.8572,0.0,0.0001,0.0001,0.0004,0.0003,0.0002,0.1412,0.8572,0.0003,0.0002
CT017856,Zone_04,Zone_04,0.9977,0.0001,0.0004,0.0004,0.9977,0.0004,0.0001,0.0006,0.0002,0.0001,0.0
CT009346,Zone_07,Zone_08,0.516,0.0,0.0001,0.0002,0.0014,0.0019,0.0007,0.4787,0.516,0.0007,0.0004
CT016733,Zone_08,Zone_08,0.6578,0.0,0.0002,0.0003,0.0008,0.0006,0.0024,0.3369,0.6578,0.0006,0.0004
CT002404,Zone_06,Zone_06,0.9998,0.0,0.0,0.0,0.0,0.0,0.9998,0.0001,0.0,0.0,0.0
CT006096,Zone_05,Zone_05,0.9984,0.0,0.0001,0.0001,0.0004,0.9984,0.0001,0.0004,0.0005,0.0001,0.0001
CT003416,Zone_04,Zone_04,0.9951,0.0006,0.0011,0.0013,0.9951,0.0006,0.0001,0.0006,0.0003,0.0002,0.0002
CT018825,Zone_01,Zone_01,0.9988,0.9988,0.0005,0.0004,0.0002,0.0,0.0,0.0,0.0,0.0,0.0
CT006235,Zone_04,Zone_04,0.9973,0.0001,0.0002,0.0003,0.9973,0.001,0.0001,0.0004,0.0006,0.0,0.0
CT019556,Zone_04,Zone_04,0.9959,0.0005,0.0009,0.0011,0.9959,0.0004,0.0001,0.0003,0.0004,0.0002,0.0001
CT009913,Zone_06,Zone_06,0.9998,0.0,0.0,0.0,0.0001,0.0,0.9998,0.0001,0.0001,0.0,0.0
CT008750,Zone_07,Zone_07,0.7842,0.0,0.0001,0.0002,0.0015,0.0021,0.0013,0.7842,0.2091,0.001,0.0005
CT003159,Zone_06,Zone_06,0.9997,0.0,0.0,0.0,0.0001,0.0,0.9997,0.0001,0.0001,0.0,0.0
CT002921,Zone_09,Zone_09,0.9974,0.0,0.0,0.0,0.0,0.0001,0.0,0.0009,0.0007,0.9974,0.0007
CT004891,Zone_01,Zone_01,0.9984,0.9984,0.0006,0.0005,0.0004,0.0,0.0,0.0,0.0,0.0,0.0
CT015779,Zone_08,Zone_08,0.814,0.0,0.0,0.0001,0.0002,0.0001,0.0001,0.1852,0.814,0.0002,0.0001
CT005868,Zone_08,Zone_08,0.5869,0.0,0.0001,0.0002,0.0005,0.0003,0.0004,0.411,0.5869,0.0004,0.0002
CT019223,Zone_04,Zone_04,0.9969,0.0002,0.0004,0.0004,0.9969,0.0008,0.0005,0.0005,0.0002,0.0001,0.0
CT007546,Zone_04,Zone_04,0.9976,0.0001,0.0004,0.0005,0.9976,0.0004,0.0003,0.0004,0.0002,0.0001,0.0
CT001478,Zone_09,Zone_09,0.9985,0.0,0.0,0.0,0.0,0.0001,0.0001,0.0004,0.0003,0.9985,0.0006
CT013369,Zone_08,Zone_08,0.6076,0.0,0.0001,0.0001,0.0004,0.0003,0.0002,0.391,0.6076,0.0003,0.0001
CT013956,Zone_08,Zone_08,0.7286,0.0,0.0001,0.0001,0.0005,0.0003,0.0003,0.2697,0.7286,0.0003,0.0001
CT018429,Zone_07,Zone_07,0.7221,0.0,0.0,0.0001,0.0006,0.001,0.0001,0.7221,0.2755,0.0004,0.0002
CT005726,Zone_07,Zone_07,0.98,0.0,0.0,0.0001,0.0004,0.0002,0.0181,0.98,0.0008,0.0004,0.0001
CT000412,Zone_07,Zone_08,0.6088,0.0,0.0,0.0001,0.0002,0.0002,0.0001,0.3902,0.6088,0.0003,0.0001
CT004842,Zone_08,Zone_08,0.9975,0.0,0.0,0.0,0.0002,0.0005,0.0001,0.0012,0.9975,0.0002,0.0001
CT008146,Zone_08,Zone_08,0.8823,0.0,0.0,0.0001,0.0001,0.0002,0.0,0.117,0.8823,0.0002,0.0001
CT016703,Zone_03,Zone_03,0.998,0.0004,0.0006,0.998,0.0008,0.0001,0.0001,0.0,0.0,0.0,0.0001
CT011039,Zone_07,Zone_07,0.8057,0.0,0.0001,0.0002,0.002,0.0024,0.0017,0.8057,0.1867,0.0008,0.0004
CT009142,Zone_10,Zone_10,0.9987,0.0,0.0,0.0,0.0,0.0,0.0,0.0002,0.0001,0.0008,0.9987
CT019258,Zone_07,Zone_07,0.9137,0.0,0.0,0.0001,0.0005,0.0007,0.0003,0.9137,0.0841,0.0004,0.0002
CT011139,Zone_08,Zone_08,0.9962,0.0,0.0,0.0001,0.0004,0.0007,0.0002,0.0018,0.9962,0.0003,0.0002
CT006488,Zone_08,Zone_08,0.8645,0.0,0.0001,0.0002,0.0004,0.0003,0.0005,0.1334,0.8645,0.0004,0.0003
CT012107,Zone_08,Zone_08,0.8264,0.0,0.0001,0.0002,0.0004,0.0003,0.0004,0.1718,0.8264,0.0004,0.0002
CT016540,Zone_03,Zone_03,0.9984,0.0004,0.0005,0.9984,0.0005,0.0001,0.0,0.0,0.0,0.0,0.0
CT018434,Zone_07,Zone_07,0.6737,0.0,0.0001,0.0002,0.0007,0.0004,0.0044,0.6737,0.3199,0.0004,0.0002
CT015143,Zone_02,Zone_02,0.9981,0.0008,0.9981,0.0005,0.0005,0.0001,0.0,0.0,0.0,0.0,0.0
CT001215,Zone_04,Zone_04,0.9968,0.0002,0.0005,0.0006,0.9968,0.0004,0.001,0.0004,0.0001,0.0001,0.0
CT007471,Zone_01,Zone_01,0.9985,0.9985,0.0006,0.0005,0.0004,0.0,0.0,0.0,0.0,0.0,0.0
CT012124,Zone_10,Zone_10,0.9992,0.0,0.0,0.0,0.0,0.0,0.0,0.0001,0.0002,0.0005,0.9992
CT009661,Zone_05,Zone_05,0.9981,0.0,0.0001,0.0001,0.0005,0.9981,0.0001,0.0005,0.0006,0.0001,0.0
CT014461,Zone_08,Zone_08,0.8859,0.0,0.0,0.0001,0.0002,0.0001,0.0,0.1135,0.8859,0.0002,0.0001
CT008692,Zone_04,Zone_04,0.9972,0.0001,0.0003,0.0003,0.9972,0.0009,0.0002,0.0004,0.0005,0.0001,0.0
CT003628,Zone_07,Zone_08,0.5638,0.0,0.0001,0.0002,0.0004,0.0003,0.0002,0.4346,0.5638,0.0003,0.0002
CT019590,Zone_08,Zone_08,0.9989,0.0,0.0,0.0,0.0002,0.0003,0.0,0.0004,0.9989,0.0001,0.0001
CT012800,Zone_08,Zone_08,0.8839,0.0,0.0,0.0001,0.0003,0.0002,0.0001,0.1151,0.8839,0.0002,0.0001
CT015246,Zone_10,Zone_10,0.9994,0.0,0.0,0.0,0.0,0.0,0.0,0.0,0.0001,0.0004,0.9994
CT001899,Zone_02,Zone_02,0.9982,0.0006,0.9982,0.0005,0.0006,0.0001,0.0,0.0,0.0,0.0,0.0
CT008265,Zone_08,Zone_08,0.7313,0.0,0.0001,0.0002,0.0004,0.0003,0.0001,0.2671,0.7313,0.0004,0.0002
CT016156,Zone_07,Zone_07,0.7534,0.0,0.0,0.0002,0.0005,0.0003,0.2449,0.7534,0.0004,0.0003,0.0001
CT018186,Zone_03,Zone_03,0.9982,0.0006,0.0006,0.9982,0.0005,0.0001,0.0,0.0,0.0,0.0,0.0001
CT016202,Zone_07,Zone_07,0.9013,0.0,0.0,0.0001,0.0004,0.0006,0.0,0.9013,0.0973,0.0002,0.0001
CT001794,Zone_08,Zone_08,0.6822,0.0,0.0001,0.0002,0.0006,0.0004,0.0007,0.3151,0.6822,0.0005,0.0002
CT005556,Zone_07,Zone_07,0.9142,0.0,0.0,0.0001,0.0005,0.0002,0.0838,0.9142,0.0008,0.0003,0.0001
CT019013,Zone_08,Zone_08,0.6956,0.0,0.0001,0.0002,0.0005,0.0004,0.0005,0.3022,0.6956,0.0005,0.0002
CT008910,Zone_04,Zone_04,0.9954,0.0006,0.0012,0.0013,0.9954,0.0005,0.0003,0.0003,0.0002,0.0002,0.0001
CT018228,Zone_05,Zone_05,0.9979,0.0,0.0001,0.0001,0.0005,0.9979,0.0,0.0004,0.0009,0.0001,0.0
CT014335,Zone_02,Zone_02,0.9982,0.0006,0.9982,0.0005,0.0006,0.0001,0.0,0.0,0.0,0.0,0.0
CT006436,Zone_05,Zone_05,0.9985,0.0,0.0,0.0001,0.0005,0.9985,0.0001,0.0005,0.0003,0.0001,0.0
CT012123,Zone_01,Zone_01,0.9988,0.9988,0.0006,0.0004,0.0002,0.0,0.0,0.0,0.0,0.0,0.0
CT001324,Zone_07,Zone_07,0.9766,0.0,0.0,0.0001,0.0004,0.0003,0.0003,0.9766,0.0218,0.0004,0.0001
CT013114,Zone_02,Zone_02,0.9982,0.0006,0.9982,0.0005,0.0007,0.0001,0.0,0.0,0.0,0.0,0.0
CT019463,Zone_08,Zone_08,0.9973,0.0,0.0,0.0001,0.0004,0.0005,0.0001,0.0013,0.9973,0.0002,0.0001
CT009648,Zone_07,Zone_07,0.6857,0.0,0.0001,0.0002,0.0013,0.002,0.0007,0.6857,0.3089,0.0008,0.0004
CT014728,Zone_03,Zone_03,0.9982,0.0005,0.0005,0.9982,0.0006,0.0001,0.0,0.0,0.0,0.0,0.0001
CT008742,Zone_08,Zone_08,0.6049,0.0,0.0001,0.0002,0.0005,0.0004,0.0005,0.3926,0.6049,0.0005,0.0003
CT016974,Zone_03,Zone_03,0.9984,0.0005,0.0004,0.9984,0.0005,0.0001,0.0,0.0,0.0,0.0,0.0
CT005735,Zone_03,Zone_03,0.9982,0.0005,0.0005,0.9982,0.0006,0.0001,0.0,0.0,0.0,0.0,0.0001
CT009053,Zone_06,Zone_06,0.9987,0.0,0.0,0.0,0.0002,0.0001,0.9987,0.0005,0.0004,0.0001,0.0
CT000864,Zone_07,Zone_07,0.849,0.0,0.0,0.0001,0.0007,0.0012,0.0003,0.849,0.148,0.0005,0.0002
CT000915,Zone_10,Zone_10,0.9991,0.0,0.0,0.0,0.0,0.0,0.0,0.0001,0.0001,0.0006,0.9991
CT009593,Zone_06,Zone_06,0.9995,0.0,0.0,0.0,0.0001,0.0,0.9995,0.0002,0.0002,0.0,0.0
CT014968,Zone_04,Zone_04,0.9966,0.0001,0.0003,0.0003,0.9966,0.001,0.0001,0.0004,0.001,0.0001,0.0
CT016148,Zone_01,Zone_01,0.9985,0.9985,0.0006,0.0004,0.0004,0.0,0.0,0.0,0.0,0.0,0.0
CT014038,Zone_04,Zone_04,0.9974,0.0002,0.0004,0.0004,0.9974,0.0003,0.0008,0.0002,0.0002,0.0001,0.0
CT000767,Zone_01,Zone_01,0.9989,0.9989,0.0005,0.0003,0.0002,0.0,0.0,0.0,0.0,0.0,0.0
CT005399,Zone_07,Zone_08,0.6484,0.0,0.0001,0.0002,0.0005,0.0004,0.0002,0.3497,0.6484,0.0004,0.0002
CT006105,Zone_08,Zone_08,0.997,0.0,0.0,0.0001,0.0004,0.0006,0.0002,0.0013,0.997,0.0002,0.0001
CT009511,Zone_08,Zone_08,0.6562,0.0,0.0001,0.0002,0.0003,0.0003,0.0004,0.342,0.6562,0.0004,0.0002
CT017430,Zone_04,Zone_04,0.9972,0.0001,0.0003,0.0003,0.9972,0.0009,0.0006,0.0004,0.0003,0.0,0.0
CT000270,Zone_02,Zone_02,0.9983,0.0006,0.9983,0.0005,0.0005,0.0001,0.0,0.0,0.0,0.0,0.0
CT004428,Zone_03,Zone_03,0.9981,0.0006,0.0005,0.9981,0.0005,0.0001,0.0002,0.0,0.0,0.0,0.0001
CT005838,Zone_07,Zone_07,0.7476,0.0,0.0,0.0001,0.0008,0.001,0.0002,0.7476,0.2496,0.0004,0.0002
CT007947,Zone_10,Zone_10,0.9992,0.0,0.0,0.0,0.0,0.0,0.0,0.0001,0.0001,0.0005,0.9992
CT004885,Zone_07,Zone_07,0.9441,0.0,0.0,0.0001,0.0006,0.0004,0.0535,0.9441,0.0006,0.0004,0.0001
CT010199,Zone_07,Zone_08,0.5808,0.0,0.0001,0.0001,0.0004,0.0003,0.0004,0.4175,0.5808,0.0004,0.0001
CT008425,Zone_04,Zone_04,0.9971,0.0001,0.0003,0.0003,0.9971,0.0008,0.0001,0.0005,0.0007,0.0001,0.0
CT015376,Zone_04,Zone_04,0.997,0.0001,0.0003,0.0004,0.997,0.0009,0.0002,0.0005,0.0004,0.0,0.0
CT014487,Zone_03,Zone_03,0.9984,0.0005,0.0005,0.9984,0.0005,0.0001,0.0,0.0,0.0,0.0,0.0001
CT001625,Zone_05,Zone_05,0.9976,0.0,0.0001,0.0001,0.0007,0.9976,0.0001,0.0007,0.0006,0.0001,0.0
CT005418,Zone_10,Zone_10,0.9992,0.0,0.0,0.0,0.0,0.0,0.0,0.0001,0.0002,0.0005,0.9992
CT012920,Zone_08,Zone_08,0.8329,0.0,0.0001,0.0001,0.0003,0.0003,0.0005,0.1654,0.8329,0.0003,0.0002
CT016519,Zone_08,Zone_08,0.9973,0.0,0.0,0.0001,0.0004,0.0007,0.0002,0.0009,0.9973,0.0002,0.0002
CT005074,Zone_07,Zone_07,0.6928,0.0,0.0001,0.0002,0.0012,0.0013,0.0002,0.6928,0.3033,0.0006,0.0003
CT001488,Zone_08,Zone_08,0.998,0.0,0.0,0.0,0.0002,0.0004,0.0001,0.0009,0.998,0.0002,0.0001
CT009887,Zone_07,Zone_07,0.9685,0.0,0.0001,0.0002,0.0007,0.0004,0.0029,0.9685,0.0263,0.0008,0.0002
CT007112,Zone_08,Zone_08,0.8438,0.0,0.0,0.0001,0.0002,0.0002,0.0001,0.1553,0.8438,0.0002,0.0001
CT019250,Zone_03,Zone_03,0.9981,0.0005,0.0005,0.9981,0.0007,0.0001,0.0,0.0,0.0,0.0,0.0001
CT018411,Zone_07,Zone_07,0.9505,0.0,0.0001,0.0003,0.0012,0.0008,0.0028,0.9505,0.0432,0.0008,0.0004
CT012712,Zone_04,Zone_04,0.9959,0.0005,0.001,0.0011,0.9959,0.0004,0.0002,0.0003,0.0003,0.0001,0.0001
CT007237,Zone_05,Zone_05,0.9976,0.0,0.0,0.0001,0.0006,0.9976,0.0001,0.0006,0.0009,0.0001,0.0
CT019744,Zone_01,Zone_01,0.9989,0.9989,0.0005,0.0004,0.0002,0.0,0.0,0.0,0.0,0.0,0.0
CT002481,Zone_07,Zone_07,0.8967,0.0,0.0,0.0001,0.0004,0.0005,0.0001,0.8967,0.1018,0.0003,0.0001
CT015320,Zone_03,Zone_03,0.9983,0.0004,0.0004,0.9983,0.0006,0.0001,0.0,0.0,0.0,0.0,0.0001
CT001753,Zone_07,Zone_07,0.9818,0.0,0.0,0.0001,0.0006,0.0003,0.0147,0.9818,0.002,0.0004,0.0001
CT003405,Zone_07,Zone_07,0.5564,0.0,0.0001,0.0002,0.0008,0.0004,0.4409,0.5564,0.0006,0.0005,0.0001
CT016144,Zone_09,Zone_09,0.9982,0.0,0.0,0.0,0.0,0.0001,0.0002,0.0005,0.0005,0.9982,0.0005
CT017703,Zone_01,Zone_01,0.9989,0.9989,0.0005,0.0003,0.0002,0.0,0.0,0.0,0.0,0.0,0.0
CT016764,Zone_02,Zone_02,0.9981,0.0006,0.9981,0.0005,0.0006,0.0001,0.0,0.0,0.0,0.0,0.0
CT018801,Zone_01,Zone_01,0.9986,0.9986,0.0006,0.0005,0.0003,0.0,0.0,0.0,0.0,0.0,0.0
CT012408,Zone_01,Zone_01,0.9987,0.9987,0.0005,0.0004,0.0003,0.0,0.0,0.0,0.0,0.0,0.0
CT011920,Zone_08,Zone_08,0.9983,0.0,0.0,0.0,0.0002,0.0004,0.0001,0.0006,0.9983,0.0002,0.0001
CT015654,Zone_04,Zone_04,0.9976,0.0001,0.0002,0.0002,0.9976,0.0007,0.0003,0.0004,0.0004,0.0,0.0
CT015184,Zone_08,Zone_08,0.7005,0.0,0.0001,0.0002,0.0004,0.0003,0.0002,0.2976,0.7005,0.0004,0.0002
CT000286,Zone_08,Zone_08,0.9963,0.0,0.0,0.0001,0.0005,0.0008,0.0001,0.0016,0.9963,0.0003,0.0002
CT005977,Zone_07,Zone_07,0.9891,0.0,0.0,0.0001,0.0003,0.0002,0.0005,0.9891,0.0094,0.0003,0.0001
CT005827,Zone_08,Zone_08,0.7744,0.0,0.0,0.0001,0.0002,0.0002,0.0,0.2248,0.7744,0.0002,0.0001
CT014716,Zone_02,Zone_02,0.9981,0.0006,0.9981,0.0005,0.0006,0.0001,0.0,0.0,0.0,0.0,0.0
CT007477,Zone_08,Zone_08,0.9967,0.0,0.0,0.0001,0.0003,0.0006,0.0001,0.0019,0.9967,0.0002,0.0002
CT004281,Zone_02,Zone_02,0.998,0.0006,0.998,0.0006,0.0006,0.0001,0.0001,0.0,0.0,0.0,0.0
CT005094,Zone_05,Zone_05,0.9982,0.0,0.0,0.0001,0.0005,0.9982,0.0,0.0005,0.0005,0.0001,0.0
CT008219,Zone_08,Zone_08,0.9956,0.0,0.0,0.0001,0.0004,0.0009,0.0002,0.0023,0.9956,0.0003,0.0002
CT012334,Zone_04,Zone_04,0.998,0.0002,0.0004,0.0004,0.998,0.0003,0.0002,0.0002,0.0001,0.0001,0.0
CT004487,Zone_07,Zone_07,0.9912,0.0,0.0,0.0001,0.0003,0.0002,0.004,0.9912,0.0038,0.0003,0.0001
CT014214,Zone_04,Zone_04,0.995,0.0007,0.0011,0.0015,0.995,0.0004,0.0003,0.0003,0.0002,0.0002,0.0002
CT017040,Zone_07,Zone_08,0.637,0.0,0.0001,0.0002,0.0004,0.0004,0.0002,0.3611,0.637,0.0004,0.0002
CT012094,Zone_05,Zone_05,0.9985,0.0,0.0,0.0001,0.0004,0.9985,0.0002,0.0003,0.0003,0.0001,0.0
CT004168,Zone_08,Zone_08,0.9981,0.0,0.0,0.0,0.0004,0.0005,0.0003,0.0005,0.9981,0.0002,0.0001
CT003678,Zone_08,Zone_07,0.7173,0.0,0.0001,0.0002,0.001,0.0014,0.0003,0.7173,0.2789,0.0007,0.0002
CT013674,Zone_01,Zone_01,0.9988,0.9988,0.0005,0.0004,0.0002,0.0,0.0,0.0,0.0,0.0,0.0
CT005060,Zone_02,Zone_02,0.9984,0.0005,0.9984,0.0005,0.0005,0.0001,0.0,0.0,0.0,0.0,0.0
CT015062,Zone_10,Zone_10,0.999,0.0,0.0,0.0,0.0,0.0,0.0,0.0,0.0002,0.0006,0.999
CT019115,Zone_03,Zone_03,0.9982,0.0005,0.0005,0.9982,0.0006,0.0001,0.0,0.0,0.0,0.0,0.0001
CT010661,Zone_03,Zone_03,0.9982,0.0005,0.0006,0.9982,0.0006,0.0001,0.0,0.0,0.0,0.0,0.0001
CT006532,Zone_09,Zone_09,0.9982,0.0,0.0,0.0,0.0,0.0001,0.0004,0.0003,0.0002,0.9982,0.0007
CT003805,Zone_02,Zone_02,0.9982,0.0006,0.9982,0.0005,0.0005,0.0001,0.0,0.0,0.0,0.0,0.0
CT001253,Zone_03,Zone_03,0.9985,0.0004,0.0004,0.9985,0.0005,0.0001,0.0,0.0,0.0,0.0,0.0001
CT012689,Zone_03,Zone_03,0.9979,0.0006,0.0006,0.9979,0.0006,0.0001,0.0001,0.0,0.0,0.0,0.0001
CT015942,Zone_08,Zone_08,0.8904,0.0,0.0,0.0001,0.0002,0.0002,0.0,0.109,0.8904,0.0001,0.0001
CT001281,Zone_04,Zone_04,0.9965,0.0001,0.0003,0.0003,0.9965,0.0011,0.0001,0.0003,0.0012,0.0001,0.0
CT008417,Zone_10,Zone_10,0.9991,0.0,0.0,0.0,0.0,0.0,0.0,0.0001,0.0002,0.0005,0.9991
CT013747,Zone_07,Zone_07,0.9878,0.0,0.0,0.0001,0.0005,0.0003,0.009,0.9878,0.0016,0.0004,0.0001
CT018068,Zone_07,Zone_07,0.6509,0.0,0.0001,0.0002,0.0012,0.0017,0.0002,0.6509,0.3446,0.0007,0.0003
CT010391,Zone_08,Zone_08,0.7504,0.0,0.0001,0.0002,0.0005,0.0004,0.0006,0.2472,0.7504,0.0004,0.0002
CT012438,Zone_02,Zone_02,0.9981,0.0006,0.9981,0.0005,0.0006,0.0001,0.0,0.0,0.0,0.0,0.0
CT013359,Zone_08,Zone_08,0.998,0.0,0.0,0.0,0.0002,0.0004,0.0,0.001,0.998,0.0001,0.0001
CT018483,Zone_08,Zone_08,0.9979,0.0,0.0,0.0,0.0002,0.0005,0.0001,0.0009,0.9979,0.0002,0.0001
CT014411,Zone_04,Zone_04,0.9969,0.0001,0.0003,0.0003,0.9969,0.0011,0.0002,0.0005,0.0004,0.0001,0.0
CT002355,Zone_08,Zone_08,0.9958,0.0,0.0,0.0001,0.0004,0.0008,0.0003,0.002,0.9958,0.0003,0.0002
CT010014,Zone_03,Zone_03,0.9984,0.0004,0.0005,0.9984,0.0005,0.0001,0.0,0.0,0.0,0.0,0.0001
CT002620,Zone_06,Zone_06,0.9993,0.0,0.0,0.0,0.0001,0.0,0.9993,0.0003,0.0003,0.0,0.0
CT001635,Zone_10,Zone_10,0.999,0.0,0.0,0.0,0.0,0.0,0.0,0.0001,0.0001,0.0006,0.999
CT008411,Zone_08,Zone_08,0.763,0.0,0.0001,0.0002,0.0005,0.0003,0.0003,0.2353,0.763,0.0003,0.0002
CT007903,Zone_10,Zone_10,0.9989,0.0,0.0,0.0,0.0,0.0,0.0,0.0001,0.0003,0.0006,0.9989
CT008871,Zone_08,Zone_07,0.8491,0.0,0.0001,0.0002,0.0011,0.0015,0.0004,0.8491,0.1466,0.0007,0.0003
CT007777,Zone_01,Zone_01,0.9986,0.9986,0.0006,0.0004,0.0003,0.0,0.0,0.0,0.0,0.0,0.0
CT003637,Zone_07,Zone_07,0.5943,0.0,0.0001,0.0004,0.0015,0.001,0.3986,0.5943,0.0029,0.0009,0.0003
CT011585,Zone_07,Zone_07,0.7098,0.0,0.0001,0.0002,0.0008,0.0004,0.2873,0.7098,0.0006,0.0006,0.0002
CT019131,Zone_08,Zone_08,0.9966,0.0,0.0,0.0001,0.0003,0.0005,0.0,0.0022,0.9966,0.0002,0.0001
CT011808,Zone_07,Zone_07,0.7893,0.0,0.0,0.0001,0.0005,0.0008,0.0,0.7893,0.2087,0.0004,0.0001
CT002627,Zone_07,Zone_07,0.8958,0.0,0.0001,0.0002,0.0014,0.0012,0.0049,0.8958,0.0956,0.0006,0.0002
CT004325,Zone_01,Zone_01,0.9986,0.9986,0.0006,0.0004,0.0003,0.0,0.0,0.0,0.0,0.0,0.0
CT009263,Zone_07,Zone_07,0.503,0.0,0.0001,0.0002,0.0004,0.0003,0.0002,0.503,0.4952,0.0004,0.0002
CT006260,Zone_04,Zone_04,0.9955,0.0006,0.001,0.0012,0.9955,0.0005,0.0005,0.0002,0.0003,0.0002,0.0002
CT011362,Zone_08,Zone_08,0.9982,0.0,0.0,0.0,0.0003,0.0004,0.0001,0.0007,0.9982,0.0002,0.0001
CT001877,Zone_04,Zone_04,0.9958,0.0005,0.0009,0.0012,0.9958,0.0004,0.0003,0.0002,0.0003,0.0002,0.0002
CT001589,Zone_04,Zone_04,0.9978,0.0002,0.0004,0.0004,0.9978,0.0004,0.0001,0.0005,0.0001,0.0001,0.0
CT015834,Zone_07,Zone_08,0.624,0.0,0.0001,0.0001,0.0004,0.0003,0.0002,0.3744,0.624,0.0004,0.0002
CT003940,Zone_03,Zone_03,0.9984,0.0004,0.0004,0.9984,0.0006,0.0001,0.0,0.0,0.0,0.0,0.0
CT014640,Zone_07,Zone_07,0.9674,0.0,0.0001,0.0002,0.0008,0.0006,0.0278,0.9674,0.0025,0.0006,0.0001
CT013353,Zone_08,Zone_08,0.7367,0.0,0.0001,0.0002,0.0004,0.0004,0.0002,0.2615,0.7367,0.0004,0.0002
CT013007,Zone_08,Zone_08,0.5835,0.0,0.0001,0.0002,0.0006,0.0003,0.0003,0.4145,0.5835,0.0004,0.0002
CT003084,Zone_07,Zone_07,0.9876,0.0,0.0,0.0,0.0002,0.0002,0.0001,0.9876,0.0116,0.0002,0.0
CT004863,Zone_04,Zone_04,0.997,0.0002,0.0005,0.0006,0.997,0.0005,0.0001,0.0004,0.0004,0.0001,0.0
CT018159,Zone_10,Zone_10,0.9989,0.0,0.0,0.0,0.0,0.0,0.0,0.0001,0.0003,0.0006,0.9989
CT008614,Zone_02,Zone_02,0.9982,0.0006,0.9982,0.0005,0.0005,0.0001,0.0,0.0,0.0,0.0,0.0
CT016857,Zone_04,Zone_04,0.996,0.0005,0.0008,0.0011,0.996,0.0004,0.0001,0.0005,0.0003,0.0002,0.0001
CT006663,Zone_03,Zone_03,0.9981,0.0004,0.0005,0.9981,0.0007,0.0001,0.0,0.0,0.0,0.0,0.0001
CT018904,Zone_07,Zone_07,0.8235,0.0,0.0001,0.0002,0.0011,0.0006,0.1714,0.8235,0.0023,0.0006,0.0002
CT005081,Zone_01,Zone_01,0.9986,0.9986,0.0005,0.0004,0.0003,0.0,0.0,0.0,0.0,0.0,0.0
CT000568,Zone_02,Zone_02,0.9982,0.0007,0.9982,0.0005,0.0005,0.0001,0.0,0.0,0.0,0.0,0.0
CT004048,Zone_04,Zone_04,0.9956,0.0005,0.001,0.0013,0.9956,0.0004,0.0004,0.0004,0.0001,0.0002,0.0001
CT002625,Zone_07,Zone_07,0.8756,0.0,0.0,0.0001,0.0008,0.0013,0.0004,0.8756,0.1211,0.0004,0.0002
CT002469,Zone_07,Zone_08,0.6549,0.0,0.0001,0.0002,0.0003,0.0003,0.0001,0.3437,0.6549,0.0003,0.0002
CT013999,Zone_04,Zone_04,0.9955,0.0007,0.0011,0.0013,0.9955,0.0005,0.0001,0.0004,0.0001,0.0001,0.0002
CT005956,Zone_08,Zone_08,0.8008,0.0,0.0001,0.0001,0.0004,0.0003,0.0003,0.1976,0.8008,0.0003,0.0002
CT012422,Zone_04,Zone_04,0.9978,0.0002,0.0004,0.0004,0.9978,0.0003,0.0002,0.0005,0.0001,0.0001,0.0
CT012042,Zone_07,Zone_07,0.9388,0.0,0.0,0.0001,0.0006,0.0005,0.0009,0.9388,0.0583,0.0006,0.0001
CT014930,Zone_08,Zone_08,0.9978,0.0,0.0,0.0001,0.0003,0.0006,0.0003,0.0007,0.9978,0.0002,0.0001
CT009268,Zone_06,Zone_07,0.875,0.0,0.0001,0.0002,0.0007,0.0004,0.1221,0.875,0.0008,0.0006,0.0001
CT007292,Zone_04,Zone_04,0.9952,0.0007,0.001,0.0014,0.9952,0.0004,0.0001,0.0005,0.0002,0.0002,0.0002
CT008284,Zone_07,Zone_07,0.859,0.0,0.0001,0.0002,0.0013,0.0017,0.001,0.859,0.1357,0.0007,0.0003
CT017875,Zone_03,Zone_03,0.9981,0.0005,0.0006,0.9981,0.0005,0.0001,0.0001,0.0,0.0,0.0,0.0001
CT001238,Zone_08,Zone_08,0.9985,0.0,0.0,0.0,0.0002,0.0004,0.0001,0.0005,0.9985,0.0001,0.0001
CT003502,Zone_08,Zone_07,0.5984,0.0,0.0,0.0001,0.0007,0.0009,0.0001,0.5984,0.3991,0.0004,0.0002
CT012069,Zone_03,Zone_03,0.9982,0.0005,0.0005,0.9982,0.0006,0.0001,0.0,0.0,0.0,0.0,0.0
CT008432,Zone_02,Zone_02,0.998,0.0006,0.998,0.0005,0.0007,0.0001,0.0,0.0,0.0,0.0,0.0
CT011336,Zone_02,Zone_02,0.9982,0.0005,0.9982,0.0005,0.0007,0.0001,0.0,0.0,0.0,0.0,0.0
CT009325,Zone_08,Zone_08,0.9965,0.0,0.0,0.0001,0.0004,0.0006,0.0001,0.0016,0.9965,0.0003,0.0002
CT000687,Zone_08,Zone_08,0.9958,0.0,0.0,0.0001,0.0005,0.0009,0.0006,0.0014,0.9958,0.0003,0.0003
CT009993,Zone_05,Zone_05,0.9982,0.0,0.0001,0.0001,0.0005,0.9982,0.0001,0.0005,0.0004,0.0001,0.0
CT019589,Zone_04,Zone_04,0.9964,0.0001,0.0003,0.0003,0.9964,0.0013,0.0001,0.0005,0.0009,0.0001,0.0
CT008482,Zone_01,Zone_01,0.9986,0.9986,0.0005,0.0005,0.0003,0.0,0.0,0.0,0.0,0.0,0.0
CT018581,Zone_01,Zone_01,0.9988,0.9988,0.0005,0.0004,0.0002,0.0,0.0,0.0,0.0,0.0,0.0
CT002890,Zone_03,Zone_03,0.9981,0.0005,0.0006,0.9981,0.0005,0.0001,0.0002,0.0,0.0,0.0,0.0001
CT009572,Zone_08,Zone_08,0.8486,0.0,0.0,0.0001,0.0003,0.0002,0.0001,0.1503,0.8486,0.0002,0.0001
CT003736,Zone_10,Zone_10,0.999,0.0,0.0,0.0,0.0,0.0,0.0,0.0001,0.0003,0.0005,0.999
CT001863,Zone_09,Zone_09,0.9985,0.0,0.0,0.0,0.0,0.0001,0.0001,0.0004,0.0003,0.9985,0.0006
CT002847,Zone_04,Zone_04,0.9955,0.0007,0.001,0.0012,0.9955,0.0004,0.0002,0.0001,0.0006,0.0002,0.0002
CT012402,Zone_07,Zone_07,0.9876,0.0,0.0,0.0001,0.0003,0.0002,0.0008,0.9876,0.0106,0.0003,0.0001
CT005648,Zone_03,Zone_03,0.9982,0.0005,0.0005,0.9982,0.0006,0.0001,0.0,0.0,0.0,0.0,0.0001
CT000603,Zone_06,Zone_06,0.9961,0.0,0.0,0.0,0.0004,0.0001,0.9961,0.0024,0.0008,0.0001,0.0
CT008604,Zone_10,Zone_10,0.9991,0.0,0.0,0.0,0.0,0.0,0.0,0.0001,0.0001,0.0006,0.9991
CT008406,Zone_07,Zone_07,0.7552,0.0,0.0001,0.0002,0.0007,0.0004,0.2422,0.7552,0.0007,0.0005,0.0001
CT006720,Zone_08,Zone_08,0.999,0.0,0.0,0.0,0.0001,0.0002,0.0,0.0005,0.999,0.0001,0.0
CT008120,Zone_08,Zone_08,0.5309,0.0,0.0,0.0002,0.0003,0.0003,0.0003,0.4676,0.5309,0.0002,0.0001
CT016793,Zone_08,Zone_08,0.9993,0.0,0.0,0.0,0.0001,0.0002,0.0,0.0004,0.9993,0.0001,0.0
CT010613,Zone_07,Zone_07,0.6842,0.0,0.0001,0.0002,0.0008,0.0004,0.313,0.6842,0.0008,0.0004,0.0001
CT007995,Zone_02,Zone_02,0.9979,0.0007,0.9979,0.0006,0.0006,0.0001,0.0,0.0,0.0,0.0,0.0
CT014790,Zone_07,Zone_07,0.7426,0.0,0.0001,0.0001,0.0008,0.0011,0.0002,0.7426,0.2542,0.0006,0.0002
CT015860,Zone_10,Zone_10,0.9991,0.0,0.0,0.0,0.0,0.0,0.0,0.0001,0.0002,0.0006,0.9991
CT019578,Zone_08,Zone_08,0.6644,0.0,0.0001,0.0002,0.0006,0.0004,0.0007,0.3329,0.6644,0.0004,0.0002
CT017654,Zone_07,Zone_07,0.9158,0.0,0.0,0.0001,0.0006,0.0005,0.0807,0.9158,0.0016,0.0005,0.0001
CT018078,Zone_08,Zone_08,0.9965,0.0,0.0,0.0001,0.0004,0.0007,0.0001,0.0018,0.9965,0.0002,0.0001
CT005267,Zone_04,Zone_04,0.9973,0.0001,0.0003,0.0003,0.9973,0.0009,0.0002,0.0003,0.0006,0.0001,0.0
CT016748,Zone_10,Zone_10,0.9991,0.0,0.0,0.0,0.0,0.0,0.0,0.0001,0.0001,0.0006,0.9991
CT004094,Zone_01,Zone_01,0.9983,0.9983,0.0006,0.0006,0.0004,0.0,0.0,0.0,0.0,0.0,0.0
CT016875,Zone_07,Zone_08,0.5931,0.0,0.0001,0.0002,0.0005,0.0004,0.0006,0.4041,0.5931,0.0007,0.0003
CT011338,Zone_08,Zone_08,0.9961,0.0,0.0,0.0001,0.0003,0.0007,0.0001,0.0022,0.9961,0.0003,0.0002
CT004409,Zone_07,Zone_07,0.9067,0.0,0.0001,0.0002,0.0007,0.0004,0.0906,0.9067,0.0009,0.0005,0.0001
CT000334,Zone_07,Zone_07,0.9328,0.0,0.0001,0.0002,0.0008,0.0005,0.0634,0.9328,0.0015,0.0006,0.0002
CT014329,Zone_10,Zone_10,0.9989,0.0,0.0,0.0,0.0,0.0,0.0,0.0001,0.0003,0.0006,0.9989
CT011548,Zone_04,Zone_04,0.997,0.0001,0.0002,0.0003,0.997,0.0009,0.0001,0.0004,0.0008,0.0001,0.0
CT010348,Zone_08,Zone_07,0.8607,0.0,0.0001,0.0002,0.0015,0.0018,0.0049,0.8607,0.1298,0.0007,0.0003
CT007162,Zone_08,Zone_08,0.9978,0.0,0.0,0.0001,0.0003,0.0006,0.0001,0.0007,0.9978,0.0002,0.0002
CT017986,Zone_04,Zone_04,0.9962,0.0002,0.0005,0.0005,0.9962,0.0011,0.0003,0.0002,0.0009,0.0001,0.0
CT003259,Zone_07,Zone_07,0.9351,0.0,0.0001,0.0002,0.0012,0.0014,0.0067,0.9351,0.0545,0.0006,0.0003
CT012024,Zone_02,Zone_02,0.9982,0.0007,0.9982,0.0005,0.0005,0.0001,0.0,0.0,0.0,0.0,0.0
CT004190,Zone_08,Zone_08,0.9976,0.0,0.0,0.0,0.0003,0.0005,0.0001,0.0012,0.9976,0.0002,0.0001
CT013212,Zone_04,Zone_04,0.9965,0.0002,0.0004,0.0004,0.9965,0.0011,0.0002,0.0004,0.0006,0.0001,0.0
CT010084,Zone_10,Zone_10,0.9993,0.0,0.0,0.0,0.0,0.0,0.0,0.0,0.0001,0.0004,0.9993
CT019890,Zone_03,Zone_03,0.9983,0.0005,0.0005,0.9983,0.0005,0.0001,0.0,0.0,0.0,0.0,0.0001
CT014251,Zone_07,Zone_08,0.5008,0.0,0.0001,0.0001,0.0003,0.0002,0.0002,0.4977,0.5008,0.0003,0.0002
CT011725,Zone_02,Zone_02,0.9981,0.0008,0.9981,0.0005,0.0005,0.0001,0.0,0.0,0.0,0.0,0.0
CT013483,Zone_04,Zone_04,0.9956,0.0006,0.001,0.0012,0.9956,0.0004,0.0003,0.0003,0.0001,0.0002,0.0002
CT017428,Zone_02,Zone_02,0.9981,0.0006,0.9981,0.0005,0.0008,0.0001,0.0,0.0,0.0,0.0,0.0
CT001672,Zone_07,Zone_07,0.6996,0.0,0.0001,0.0003,0.0006,0.0003,0.002,0.6996,0.2965,0.0004,0.0002
CT010298,Zone_08,Zone_08,0.9981,0.0,0.0,0.0,0.0003,0.0004,0.0002,0.0007,0.9981,0.0002,0.0001
CT017323,Zone_10,Zone_10,0.9991,0.0,0.0,0.0,0.0,0.0,0.0,0.0001,0.0002,0.0005,0.9991
CT006412,Zone_07,Zone_07,0.9749,0.0,0.0001,0.0002,0.0008,0.0005,0.0038,0.9749,0.0188,0.0008,0.0002
CT009808,Zone_02,Zone_02,0.9984,0.0005,0.9984,0.0005,0.0005,0.0001,0.0,0.0,0.0,0.0,0.0
CT006658,Zone_10,Zone_10,0.999,0.0,0.0,0.0,0.0,0.0,0.0,0.0002,0.0001,0.0006,0.999
CT004598,Zone_01,Zone_01,0.9983,0.9983,0.0007,0.0005,0.0004,0.0,0.0,0.0,0.0,0.0,0.0
CT010168,Zone_07,Zone_07,0.7193,0.0,0.0001,0.0003,0.001,0.0006,0.2766,0.7193,0.0013,0.0008,0.0001
CT018473,Zone_07,Zone_07,0.9554,0.0,0.0001,0.0002,0.0009,0.0005,0.0408,0.9554,0.0016,0.0004,0.0001
CT009139,Zone_04,Zone_04,0.9975,0.0001,0.0002,0.0002,0.9975,0.0008,0.0002,0.0004,0.0005,0.0,0.0
CT012319,Zone_08,Zone_08,0.9955,0.0,0.0001,0.0001,0.0005,0.001,0.0003,0.0017,0.9955,0.0004,0.0003
CT002985,Zone_02,Zone_02,0.9983,0.0006,0.9983,0.0004,0.0006,0.0001,0.0,0.0,0.0,0.0,0.0
CT013881,Zone_08,Zone_08,0.7153,0.0,0.0,0.0001,0.0002,0.0002,0.0,0.2839,0.7153,0.0002,0.0001
CT013990,Zone_01,Zone_01,0.9982,0.9982,0.0007,0.0006,0.0004,0.0,0.0,0.0,0.0,0.0,0.0
CT006237,Zone_08,Zone_08,0.9956,0.0,0.0,0.0001,0.0004,0.0008,0.0001,0.0024,0.9956,0.0003,0.0002
CT013521,Zone_07,Zone_08,0.7734,0.0,0.0001,0.0001,0.0005,0.0004,0.0008,0.2242,0.7734,0.0003,0.0002
CT001735,Zone_07,Zone_07,0.8855,0.0,0.0,0.0001,0.0006,0.0003,0.1122,0.8855,0.0006,0.0005,0.0001
CT010590,Zone_07,Zone_07,0.8416,0.0,0.0001,0.0002,0.0011,0.0017,0.0008,0.8416,0.1536,0.0007,0.0003
CT003933,Zone_07,Zone_07,0.8613,0.0,0.0,0.0001,0.0009,0.0013,0.0005,0.8613,0.1352,0.0005,0.0002
CT016653,Zone_07,Zone_07,0.9908,0.0,0.0,0.0001,0.0004,0.0002,0.0014,0.9908,0.0065,0.0004,0.0001
CT016290,Zone_07,Zone_07,0.7583,0.0,0.0,0.0001,0.0009,0.0011,0.0001,0.7583,0.239,0.0004,0.0002
CT019126,Zone_07,Zone_07,0.9873,0.0,0.0,0.0001,0.0006,0.0003,0.0083,0.9873,0.0028,0.0005,0.0001
CT006243,Zone_02,Zone_02,0.9981,0.0006,0.9981,0.0005,0.0006,0.0001,0.0,0.0,0.0,0.0,0.0
CT006276,Zone_08,Zone_08,0.5713,0.0,0.0,0.0001,0.0002,0.0002,0.0,0.4278,0.5713,0.0002,0.0001
CT013067,Zone_07,Zone_07,0.9718,0.0,0.0001,0.0002,0.0008,0.0004,0.0032,0.9718,0.0229,0.0005,0.0002
CT010364,Zone_08,Zone_08,0.8315,0.0,0.0001,0.0001,0.0004,0.0003,0.0004,0.1669,0.8315,0.0003,0.0002
CT002861,Zone_08,Zone_08,0.9982,0.0,0.0,0.0,0.0003,0.0004,0.0001,0.0008,0.9982,0.0001,0.0001
CT011013,Zone_08,Zone_08,0.5834,0.0,0.0001,0.0001,0.0003,0.0002,0.0002,0.4152,0.5834,0.0004,0.0001
CT012307,Zone_04,Zone_04,0.9971,0.0001,0.0004,0.0003,0.9971,0.0009,0.0003,0.0004,0.0003,0.0001,0.0
CT008947,Zone_02,Zone_02,0.9983,0.0006,0.9983,0.0005,0.0005,0.0001,0.0,0.0,0.0,0.0,0.0
CT015517,Zone_08,Zone_07,0.8157,0.0,0.0001,0.0002,0.001,0.0016,0.0014,0.8157,0.1791,0.0007,0.0003
CT004818,Zone_07,Zone_07,0.8536,0.0,0.0001,0.0002,0.001,0.0015,0.0008,0.8536,0.1418,0.0008,0.0003
CT009541,Zone_10,Zone_10,0.9983,0.0,0.0,0.0,0.0,0.0,0.0,0.0003,0.0005,0.0008,0.9983
CT002882,Zone_03,Zone_03,0.9983,0.0005,0.0005,0.9983,0.0006,0.0001,0.0001,0.0,0.0,0.0,0.0
CT014259,Zone_08,Zone_08,0.9967,0.0,0.0,0.0001,0.0004,0.0007,0.0003,0.0013,0.9967,0.0003,0.0002
CT019176,Zone_04,Zone_04,0.9943,0.0007,0.0013,0.0016,0.9943,0.0005,0.0001,0.0005,0.0004,0.0002,0.0002
CT011711,Zone_08,Zone_07,0.5373,0.0,0.0001,0.0002,0.0006,0.0004,0.0015,0.5373,0.4591,0.0004,0.0002
CT014212,Zone_07,Zone_07,0.8075,0.0,0.0,0.0001,0.0006,0.0012,0.0001,0.8075,0.1898,0.0005,0.0002
CT015588,Zone_04,Zone_04,0.9981,0.0001,0.0004,0.0003,0.9981,0.0003,0.0002,0.0002,0.0002,0.0001,0.0
CT016082,Zone_08,Zone_08,0.7799,0.0,0.0001,0.0001,0.0005,0.0003,0.0006,0.2179,0.7799,0.0004,0.0002
CT016782,Zone_07,Zone_07,0.9744,0.0,0.0001,0.0002,0.0009,0.0008,0.0162,0.9744,0.0065,0.0008,0.0002
CT010115,Zone_02,Zone_02,0.9984,0.0005,0.9984,0.0004,0.0005,0.0,0.0,0.0,0.0,0.0,0.0
CT005303,Zone_07,Zone_08,0.7168,0.0001,0.0002,0.0005,0.001,0.0007,0.0087,0.2708,0.7168,0.0007,0.0005
CT007219,Zone_04,Zone_04,0.9974,0.0002,0.0006,0.0005,0.9974,0.0004,0.0001,0.0004,0.0003,0.0001,0.0
CT002069,Zone_04,Zone_04,0.9944,0.0006,0.0013,0.0014,0.9944,0.0005,0.0002,0.0007,0.0003,0.0003,0.0002
CT006548,Zone_08,Zone_08,0.5314,0.0,0.0001,0.0001,0.0012,0.0016,0.0004,0.4642,0.5314,0.0006,0.0003
CT008348,Zone_03,Zone_03,0.9982,0.0004,0.0005,0.9982,0.0006,0.0001,0.0,0.0,0.0,0.0,0.0
CT017634,Zone_06,Zone_06,0.9958,0.0,0.0,0.0,0.0004,0.0001,0.9958,0.0029,0.0006,0.0001,0.0
CT008474,Zone_02,Zone_02,0.9985,0.0005,0.9985,0.0004,0.0005,0.0,0.0,0.0,0.0,0.0,0.0
CT011210,Zone_03,Zone_03,0.9981,0.0005,0.0006,0.9981,0.0006,0.0001,0.0,0.0,0.0,0.0,0.0
CT013970,Zone_07,Zone_07,0.9745,0.0,0.0,0.0001,0.0004,0.0003,0.0003,0.9745,0.0241,0.0003,0.0001
CT019308,Zone_03,Zone_03,0.9984,0.0005,0.0005,0.9984,0.0004,0.0001,0.0,0.0,0.0,0.0,0.0
CT003495,Zone_03,Zone_03,0.9984,0.0004,0.0005,0.9984,0.0005,0.0001,0.0,0.0,0.0,0.0,0.0
CT000064,Zone_07,Zone_07,0.9692,0.0,0.0001,0.0002,0.0005,0.0005,0.0006,0.9692,0.0279,0.0006,0.0003
CT006218,Zone_08,Zone_08,0.8504,0.0,0.0,0.0001,0.0002,0.0002,0.0,0.1489,0.8504,0.0002,0.0001
CT004015,Zone_07,Zone_07,0.6867,0.0,0.0001,0.0002,0.001,0.0016,0.0009,0.6867,0.3084,0.0008,0.0003
CT016527,Zone_01,Zone_01,0.9986,0.9986,0.0005,0.0005,0.0003,0.0,0.0,0.0,0.0,0.0,0.0
CT017842,Zone_08,Zone_08,0.9979,0.0,0.0,0.0,0.0003,0.0004,0.0001,0.001,0.9979,0.0002,0.0001
CT011807,Zone_08,Zone_08,0.7888,0.0,0.0001,0.0001,0.0003,0.0003,0.0001,0.2098,0.7888,0.0003,0.0002
CT017379,Zone_08,Zone_08,0.551,0.0,0.0001,0.0002,0.0005,0.0004,0.0001,0.4471,0.551,0.0004,0.0002
CT007009,Zone_02,Zone_02,0.9982,0.0005,0.9982,0.0005,0.0007,0.0001,0.0,0.0,0.0,0.0,0.0
CT014096,Zone_05,Zone_05,0.9985,0.0,0.0001,0.0001,0.0004,0.9985,0.0002,0.0003,0.0003,0.0001,0.0
CT011290,Zone_01,Zone_01,0.9988,0.9988,0.0006,0.0004,0.0002,0.0,0.0,0.0,0.0,0.0,0.0
CT013314,Zone_07,Zone_07,0.9835,0.0,0.0,0.0001,0.0004,0.0003,0.0055,0.9835,0.0094,0.0006,0.0002
CT001991,Zone_03,Zone_03,0.998,0.0005,0.0006,0.998,0.0006,0.0001,0.0001,0.0,0.0,0.0,0.0
CT004874,Zone_07,Zone_08,0.5234,0.0,0.0001,0.0002,0.0005,0.0004,0.0003,0.4742,0.5234,0.0005,0.0003
CT015461,Zone_08,Zone_08,0.7472,0.0,0.0,0.0001,0.0002,0.0002,0.0001,0.2519,0.7472,0.0002,0.0001
CT015725,Zone_10,Zone_10,0.9989,0.0,0.0,0.0,0.0,0.0,0.0,0.0002,0.0002,0.0007,0.9989
CT000090,Zone_07,Zone_07,0.8606,0.0,0.0,0.0001,0.0007,0.0011,0.0005,0.8606,0.1362,0.0005,0.0002
CT010716,Zone_04,Zone_04,0.9977,0.0002,0.0004,0.0004,0.9977,0.0004,0.0001,0.0005,0.0002,0.0001,0.0
CT016894,Zone_01,Zone_01,0.9989,0.9989,0.0005,0.0003,0.0002,0.0,0.0,0.0,0.0,0.0,0.0
CT005889,Zone_07,Zone_07,0.8431,0.0,0.0001,0.0002,0.0007,0.0007,0.1525,0.8431,0.0018,0.0007,0.0002
CT017869,Zone_08,Zone_08,0.8092,0.0,0.0001,0.0002,0.0006,0.0004,0.0014,0.1874,0.8092,0.0005,0.0002
CT013363,Zone_04,Zone_04,0.9975,0.0001,0.0004,0.0004,0.9975,0.0004,0.0,0.0008,0.0003,0.0001,0.0
CT014632,Zone_02,Zone_02,0.998,0.0006,0.998,0.0005,0.0007,0.0001,0.0,0.0,0.0,0.0,0.0
CT002899,Zone_08,Zone_08,0.617,0.0,0.0,0.0001,0.0003,0.0003,0.0,0.3819,0.617,0.0002,0.0001
CT017988,Zone_04,Zone_04,0.9978,0.0002,0.0004,0.0004,0.9978,0.0004,0.0003,0.0002,0.0002,0.0001,0.0
CT014342,Zone_04,Zone_04,0.9976,0.0002,0.0004,0.0004,0.9976,0.0003,0.0007,0.0003,0.0001,0.0001,0.0
CT001947,Zone_01,Zone_01,0.9984,0.9984,0.0007,0.0005,0.0003,0.0,0.0,0.0,0.0,0.0,0.0
CT011856,Zone_04,Zone_04,0.9968,0.0001,0.0003,0.0004,0.9968,0.001,0.0001,0.0006,0.0006,0.0001,0.0
CT009872,Zone_07,Zone_07,0.982,0.0,0.0,0.0001,0.0006,0.0004,0.0133,0.982,0.0028,0.0006,0.0001
CT015536,Zone_03,Zone_03,0.9983,0.0004,0.0005,0.9983,0.0007,0.0001,0.0,0.0,0.0,0.0,0.0
CT010969,Zone_08,Zone_08,0.7273,0.0,0.0001,0.0002,0.0006,0.0004,0.0012,0.2695,0.7273,0.0005,0.0002
CT004093,Zone_07,Zone_07,0.8399,0.0,0.0001,0.0002,0.0014,0.0006,0.1539,0.8399,0.003,0.0008,0.0001
CT014011,Zone_06,Zone_06,0.9965,0.0,0.0,0.0,0.0004,0.0001,0.9965,0.0023,0.0005,0.0001,0.0
CT015689,Zone_04,Zone_04,0.9954,0.0006,0.0011,0.0012,0.9954,0.0005,0.0002,0.0004,0.0002,0.0002,0.0001
CT016265,Zone_10,Zone_10,0.9988,0.0,0.0,0.0,0.0,0.0,0.0,0.0001,0.0004,0.0006,0.9988
CT013950,Zone_08,Zone_08,0.9939,0.0,0.0001,0.0001,0.0007,0.0012,0.0004,0.0029,0.9939,0.0004,0.0003
CT006116,Zone_07,Zone_07,0.9854,0.0,0.0,0.0001,0.0005,0.0003,0.0014,0.9854,0.0115,0.0005,0.0002
CT012962,Zone_08,Zone_08,0.6618,0.0,0.0,0.0001,0.0003,0.0002,0.0001,0.337,0.6618,0.0003,0.0001
CT011610,Zone_02,Zone_02,0.998,0.0007,0.998,0.0005,0.0007,0.0001,0.0,0.0,0.0,0.0,0.0
CT019323,Zone_07,Zone_08,0.6144,0.0,0.0001,0.0003,0.0006,0.0005,0.0008,0.3824,0.6144,0.0006,0.0003
CT003978,Zone_03,Zone_03,0.9983,0.0003,0.0005,0.9983,0.0006,0.0001,0.0,0.0,0.0,0.0,0.0
CT019559,Zone_07,Zone_07,0.9833,0.0,0.0,0.0001,0.0004,0.0002,0.0008,0.9833,0.0148,0.0004,0.0001
CT010737,Zone_05,Zone_05,0.9977,0.0,0.0001,0.0001,0.0006,0.9977,0.0001,0.0008,0.0005,0.0001,0.0
CT011712,Zone_02,Zone_02,0.9982,0.0006,0.9982,0.0005,0.0006,0.0001,0.0,0.0,0.0,0.0,0.0
CT009915,Zone_04,Zone_04,0.9971,0.0001,0.0003,0.0003,0.9971,0.0009,0.0001,0.0003,0.0007,0.0001,0.0
CT013068,Zone_07,Zone_07,0.936,0.0,0.0001,0.0002,0.0006,0.0006,0.0604,0.936,0.0015,0.0005,0.0001
CT019907,Zone_07,Zone_08,0.6674,0.0,0.0001,0.0001,0.0004,0.0003,0.0004,0.3308,0.6674,0.0004,0.0002
CT019133,Zone_07,Zone_07,0.9849,0.0,0.0,0.0001,0.0003,0.0002,0.0002,0.9849,0.0142,0.0003,0.0001
CT010738,Zone_05,Zone_05,0.9977,0.0,0.0001,0.0001,0.0006,0.9977,0.0001,0.0004,0.0009,0.0001,0.0
CT005095,Zone_09,Zone_09,0.9979,0.0,0.0,0.0,0.0,0.0001,0.0001,0.0002,0.0008,0.9979,0.0008
CT006646,Zone_03,Zone_03,0.9982,0.0006,0.0005,0.9982,0.0005,0.0001,0.0,0.0,0.0,0.0,0.0001
CT011147,Zone_03,Zone_03,0.9983,0.0004,0.0005,0.9983,0.0005,0.0001,0.0,0.0,0.0,0.0,0.0001
CT012534,Zone_08,Zone_08,0.988,0.0,0.0001,0.0002,0.0013,0.0019,0.0043,0.003,0.988,0.0007,0.0004
CT006598,Zone_04,Zone_04,0.9958,0.0005,0.001,0.0011,0.9958,0.0003,0.0006,0.0003,0.0001,0.0002,0.0001
CT009310,Zone_08,Zone_08,0.6837,0.0,0.0,0.0001,0.0004,0.0003,0.0002,0.3149,0.6837,0.0003,0.0001
CT009437,Zone_04,Zone_04,0.9976,0.0001,0.0003,0.0004,0.9976,0.0004,0.0001,0.0007,0.0002,0.0001,0.0
CT010226,Zone_08,Zone_08,0.7302,0.0,0.0002,0.0006,0.0016,0.0012,0.0012,0.263,0.7302,0.0014,0.0005
CT001570,Zone_08,Zone_08,0.9959,0.0,0.0,0.0001,0.0005,0.0008,0.0001,0.0021,0.9959,0.0003,0.0002
CT003766,Zone_07,Zone_07,0.9811,0.0,0.0,0.0001,0.0003,0.0003,0.0003,0.9811,0.0174,0.0004,0.0001
CT018944,Zone_07,Zone_07,0.7962,0.0,0.0,0.0001,0.0007,0.0011,0.0001,0.7962,0.2012,0.0004,0.0002
CT008822,Zone_08,Zone_08,0.997,0.0,0.0,0.0001,0.0003,0.0008,0.0003,0.0011,0.997,0.0002,0.0002
CT010819,Zone_04,Zone_04,0.9952,0.0007,0.0012,0.0013,0.9952,0.0004,0.0002,0.0003,0.0003,0.0002,0.0002
CT000795,Zone_02,Zone_02,0.9981,0.0006,0.9981,0.0006,0.0005,0.0001,0.0,0.0,0.0,0.0,0.0
CT016322,Zone_08,Zone_08,0.7017,0.0,0.0001,0.0002,0.0004,0.0004,0.0004,0.296,0.7017,0.0005,0.0003
CT004128,Zone_08,Zone_08,0.9976,0.0,0.0,0.0,0.0002,0.0004,0.0,0.0013,0.9976,0.0002,0.0001
CT013384,Zone_02,Zone_02,0.9984,0.0006,0.9984,0.0004,0.0004,0.0001,0.0,0.0,0.0,0.0,0.0
CT018447,Zone_08,Zone_08,0.9956,0.0,0.0,0.0001,0.0005,0.0011,0.0003,0.0017,0.9956,0.0003,0.0003
CT001430,Zone_08,Zone_08,0.9983,0.0,0.0,0.0001,0.0003,0.0005,0.0001,0.0006,0.9983,0.0002,0.0001
CT010609,Zone_10,Zone_10,0.999,0.0,0.0,0.0,0.0,0.0,0.0,0.0002,0.0001,0.0006,0.999
CT009341,Zone_02,Zone_02,0.9982,0.0006,0.9982,0.0005,0.0006,0.0001,0.0,0.0,0.0,0.0,0.0
CT018952,Zone_05,Zone_05,0.9984,0.0,0.0001,0.0001,0.0005,0.9984,0.0001,0.0003,0.0004,0.0001,0.0
CT009312,Zone_07,Zone_07,0.8597,0.0,0.0001,0.0002,0.0009,0.0012,0.0004,0.8597,0.1365,0.0008,0.0003
CT001621,Zone_01,Zone_01,0.9989,0.9989,0.0005,0.0004,0.0002,0.0,0.0,0.0,0.0,0.0,0.0
CT015044,Zone_07,Zone_07,0.6079,0.0,0.0001,0.0002,0.0012,0.0016,0.0007,0.6079,0.3871,0.001,0.0003
CT001758,Zone_10,Zone_10,0.9991,0.0,0.0,0.0,0.0,0.0,0.0,0.0001,0.0002,0.0005,0.9991
CT003423,Zone_08,Zone_08,0.881,0.0,0.0001,0.0001,0.0004,0.0002,0.0003,0.1175,0.881,0.0003,0.0002
CT018346,Zone_04,Zone_04,0.9933,0.0011,0.0015,0.002,0.9933,0.0006,0.0001,0.0004,0.0004,0.0002,0.0003
CT014099,Zone_06,Zone_06,0.999,0.0,0.0,0.0,0.0002,0.0001,0.999,0.0003,0.0004,0.0,0.0
CT007014,Zone_08,Zone_08,0.83,0.0,0.0001,0.0001,0.0003,0.0002,0.0002,0.1686,0.83,0.0003,0.0002
CT005623,Zone_08,Zone_08,0.8136,0.0,0.0,0.0001,0.0002,0.0002,0.0,0.1856,0.8136,0.0002,0.0001
CT010428,Zone_07,Zone_07,0.9702,0.0,0.0,0.0001,0.0005,0.0004,0.0011,0.9702,0.0269,0.0005,0.0002
CT012686,Zone_08,Zone_08,0.9984,0.0,0.0,0.0,0.0002,0.0003,0.0,0.0008,0.9984,0.0001,0.0001
CT015527,Zone_08,Zone_08,0.9984,0.0,0.0,0.0,0.0002,0.0003,0.0,0.0008,0.9984,0.0001,0.0001
CT012808,Zone_06,Zone_06,0.9997,0.0,0.0,0.0,0.0001,0.0,0.9997,0.0001,0.0001,0.0,0.0
CT013627,Zone_08,Zone_08,0.7617,0.0,0.0,0.0001,0.0003,0.0002,0.0001,0.2372,0.7617,0.0002,0.0001
CT017569,Zone_03,Zone_03,0.9983,0.0004,0.0005,0.9983,0.0005,0.0001,0.0,0.0,0.0,0.0,0.0
CT014825,Zone_08,Zone_08,0.99,0.0,0.0001,0.0002,0.001,0.0017,0.0018,0.0042,0.99,0.0006,0.0005
CT010594,Zone_08,Zone_08,0.9963,0.0,0.0,0.0001,0.0003,0.0007,0.0001,0.0018,0.9963,0.0003,0.0003
CT019721,Zone_08,Zone_08,0.9975,0.0,0.0,0.0001,0.0003,0.0005,0.0,0.0012,0.9975,0.0002,0.0002
CT015392,Zone_04,Zone_04,0.9951,0.0006,0.0011,0.0015,0.9951,0.0004,0.0001,0.0006,0.0003,0.0002,0.0002
CT015319,Zone_08,Zone_08,0.9948,0.0,0.0001,0.0001,0.0006,0.0011,0.0004,0.0023,0.9948,0.0004,0.0003
CT004930,Zone_04,Zone_04,0.9976,0.0002,0.0005,0.0004,0.9976,0.0004,0.0001,0.0005,0.0002,0.0001,0.0
CT006434,Zone_06,Zone_06,0.9997,0.0,0.0,0.0,0.0,0.0,0.9997,0.0002,0.0,0.0,0.0
CT016898,Zone_09,Zone_09,0.9981,0.0,0.0,0.0001,0.0,0.0001,0.0005,0.0004,0.0002,0.9981,0.0006
CT010083,Zone_03,Zone_03,0.9983,0.0005,0.0005,0.9983,0.0005,0.0001,0.0,0.0,0.0,0.0,0.0001
CT003896,Zone_08,Zone_08,0.7998,0.0,0.0001,0.0001,0.0004,0.0003,0.0004,0.1987,0.7998,0.0003,0.0001
CT000653,Zone_08,Zone_08,0.608,0.0,0.0,0.0001,0.0003,0.0002,0.0001,0.3909,0.608,0.0002,0.0001
CT014148,Zone_06,Zone_06,0.9981,0.0,0.0,0.0,0.0002,0.0001,0.9981,0.0012,0.0004,0.0001,0.0
CT000362,Zone_03,Zone_03,0.998,0.0006,0.0006,0.998,0.0006,0.0001,0.0,0.0,0.0,0.0,0.0001
CT000191,Zone_10,Zone_10,0.9991,0.0,0.0,0.0,0.0,0.0,0.0,0.0001,0.0002,0.0005,0.9991
CT003823,Zone_07,Zone_07,0.8868,0.0,0.0001,0.0002,0.0013,0.0016,0.0053,0.8868,0.1039,0.0006,0.0002
CT004182,Zone_03,Zone_03,0.9986,0.0004,0.0004,0.9986,0.0004,0.0001,0.0,0.0,0.0,0.0,0.0001
CT011508,Zone_02,Zone_02,0.9984,0.0005,0.9984,0.0004,0.0006,0.0001,0.0,0.0,0.0,0.0,0.0
CT019163,Zone_04,Zone_04,0.9977,0.0002,0.0004,0.0005,0.9977,0.0004,0.0002,0.0004,0.0001,0.0001,0.0
CT003282,Zone_02,Zone_02,0.9981,0.0008,0.9981,0.0005,0.0005,0.0,0.0,0.0,0.0,0.0,0.0
CT009122,Zone_10,Zone_10,0.9989,0.0,0.0,0.0,0.0,0.0,0.0,0.0002,0.0001,0.0007,0.9989
CT004071,Zone_05,Zone_05,0.9982,0.0,0.0,0.0001,0.0004,0.9982,0.0,0.0003,0.0009,0.0001,0.0
CT010374,Zone_04,Zone_04,0.9955,0.0007,0.0011,0.0013,0.9955,0.0005,0.0002,0.0003,0.0002,0.0002,0.0001
CT015633,Zone_03,Zone_03,0.9982,0.0005,0.0005,0.9982,0.0006,0.0001,0.0,0.0,0.0,0.0,0.0001
CT010171,Zone_07,Zone_07,0.8571,0.0,0.0,0.0001,0.001,0.0012,0.0003,0.8571,0.1393,0.0007,0.0002
CT013486,Zone_07,Zone_07,0.8682,0.0,0.0,0.0001,0.0007,0.0004,0.1292,0.8682,0.0007,0.0005,0.0001
CT019924,Zone_08,Zone_08,0.8497,0.0,0.0001,0.0001,0.0003,0.0003,0.0001,0.1491,0.8497,0.0002,0.0002
CT018401,Zone_07,Zone_07,0.9852,0.0,0.0,0.0001,0.0003,0.0002,0.0002,0.9852,0.0137,0.0002,0.0001
CT010338,Zone_06,Zone_06,0.999,0.0,0.0,0.0,0.0002,0.0001,0.999,0.0003,0.0004,0.0,0.0
CT010145,Zone_07,Zone_07,0.9303,0.0,0.0,0.0001,0.0007,0.0007,0.0002,0.9303,0.0674,0.0004,0.0002
CT016887,Zone_07,Zone_08,0.5183,0.0,0.0001,0.0002,0.0004,0.0003,0.0003,0.4799,0.5183,0.0003,0.0002
CT007392,Zone_02,Zone_02,0.9982,0.0006,0.9982,0.0005,0.0006,0.0001,0.0,0.0,0.0,0.0,0.0
CT010780,Zone_08,Zone_08,0.9946,0.0,0.0001,0.0001,0.0006,0.0011,0.0006,0.0021,0.9946,0.0005,0.0003
CT004097,Zone_07,Zone_08,0.6639,0.0,0.0001,0.0002,0.0004,0.0003,0.0001,0.3345,0.6639,0.0004,0.0002
CT009234,Zone_06,Zone_06,0.9983,0.0,0.0,0.0,0.0002,0.0001,0.9983,0.001,0.0003,0.0001,0.0
CT015785,Zone_08,Zone_08,0.99,0.0,0.0,0.0001,0.0007,0.0011,0.0005,0.0068,0.99,0.0005,0.0003
CT003966,Zone_03,Zone_03,0.9983,0.0004,0.0004,0.9983,0.0007,0.0001,0.0,0.0,0.0,0.0,0.0
CT010040,Zone_07,Zone_07,0.8362,0.0,0.0,0.0001,0.0006,0.0011,0.0001,0.8362,0.161,0.0005,0.0002
CT014419,Zone_08,Zone_08,0.9979,0.0,0.0,0.0,0.0002,0.0004,0.0,0.0011,0.9979,0.0002,0.0001
CT005080,Zone_07,Zone_08,0.7702,0.0,0.0001,0.0001,0.0003,0.0002,0.0001,0.2285,0.7702,0.0003,0.0001
CT009522,Zone_08,Zone_08,0.8014,0.0,0.0001,0.0002,0.0003,0.0003,0.0004,0.1969,0.8014,0.0003,0.0001
CT012067,Zone_03,Zone_03,0.9983,0.0004,0.0005,0.9983,0.0006,0.0001,0.0,0.0,0.0,0.0,0.0001
CT015529,Zone_07,Zone_07,0.9084,0.0,0.0,0.0001,0.0006,0.0008,0.0002,0.9084,0.0892,0.0005,0.0002
CT011378,Zone_04,Zone_04,0.9977,0.0002,0.0004,0.0005,0.9977,0.0004,0.0001,0.0002,0.0004,0.0001,0.0
CT016808,Zone_02,Zone_02,0.9981,0.0007,0.9981,0.0005,0.0006,0.0001,0.0,0.0,0.0,0.0,0.0
CT018155,Zone_08,Zone_08,0.9905,0.0,0.0001,0.0002,0.001,0.0012,0.002,0.0041,0.9905,0.0006,0.0003
CT019041,Zone_07,Zone_07,0.9192,0.0,0.0,0.0001,0.0007,0.001,0.0004,0.9192,0.0781,0.0004,0.0001
CT006179,Zone_05,Zone_05,0.9983,0.0,0.0,0.0001,0.0004,0.9983,0.0001,0.0002,0.0007,0.0001,0.0
CT004385,Zone_07,Zone_07,0.8498,0.0,0.0001,0.0002,0.0008,0.0005,0.147,0.8498,0.0012,0.0004,0.0001
CT011134,Zone_10,Zone_10,0.9987,0.0,0.0,0.0,0.0,0.0,0.0,0.0001,0.0004,0.0006,0.9987
CT018654,Zone_04,Zone_04,0.9957,0.0006,0.0011,0.0012,0.9957,0.0004,0.0003,0.0004,0.0001,0.0001,0.0001
CT010405,Zone_01,Zone_01,0.9988,0.9988,0.0005,0.0004,0.0003,0.0,0.0,0.0,0.0,0.0,0.0
CT006953,Zone_03,Zone_03,0.9983,0.0005,0.0005,0.9983,0.0005,0.0001,0.0,0.0,0.0,0.0,0.0001
CT013896,Zone_07,Zone_07,0.9825,0.0,0.0,0.0001,0.0005,0.0003,0.0005,0.9825,0.0156,0.0004,0.0001
CT012120,Zone_04,Zone_04,0.9972,0.0001,0.0003,0.0003,0.9972,0.0008,0.0002,0.0003,0.0007,0.0001,0.0
CT018213,Zone_01,Zone_01,0.9986,0.9986,0.0006,0.0004,0.0003,0.0,0.0,0.0,0.0,0.0,0.0
CT012369,Zone_08,Zone_07,0.7812,0.0,0.0,0.0001,0.0006,0.001,0.0001,0.7812,0.2165,0.0004,0.0002
CT012986,Zone_07,Zone_08,0.6409,0.0,0.0001,0.0002,0.0005,0.0004,0.0011,0.3559,0.6409,0.0006,0.0003
CT002103,Zone_07,Zone_07,0.9871,0.0,0.0,0.0001,0.0003,0.0002,0.0003,0.9871,0.0117,0.0003,0.0001
CT014300,Zone_07,Zone_07,0.8469,0.0,0.0001,0.0001,0.0008,0.0014,0.0005,0.8469,0.1495,0.0005,0.0002
CT003500,Zone_07,Zone_07,0.8932,0.0,0.0,0.0001,0.0007,0.0004,0.1042,0.8932,0.0009,0.0003,0.0001
CT011952,Zone_08,Zone_08,0.9937,0.0,0.0,0.0001,0.0007,0.0009,0.0003,0.0036,0.9937,0.0004,0.0002
CT005836,Zone_03,Zone_03,0.9983,0.0005,0.0005,0.9983,0.0006,0.0001,0.0,0.0,0.0,0.0,0.0001
CT014861,Zone_04,Zone_04,0.9944,0.0007,0.0014,0.0016,0.9944,0.0003,0.0009,0.0003,0.0001,0.0002,0.0001
CT004984,Zone_03,Zone_03,0.9985,0.0004,0.0004,0.9985,0.0005,0.0001,0.0,0.0,0.0,0.0,0.0
CT008618,Zone_08,Zone_08,0.7284,0.0,0.0,0.0001,0.0003,0.0003,0.0001,0.2702,0.7284,0.0003,0.0002
CT000751,Zone_04,Zone_04,0.9951,0.0007,0.0011,0.0014,0.9951,0.0005,0.0001,0.0004,0.0005,0.0002,0.0002
CT018877,Zone_02,Zone_02,0.9983,0.0006,0.9983,0.0005,0.0006,0.0001,0.0,0.0,0.0,0.0,0.0
CT010720,Zone_07,Zone_07,0.7889,0.0,0.0,0.0001,0.0007,0.001,0.0001,0.7889,0.2084,0.0006,0.0002
CT017128,Zone_07,Zone_08,0.602,0.0,0.0,0.0001,0.0003,0.0002,0.0001,0.3968,0.602,0.0002,0.0001
CT002099,Zone_03,Zone_03,0.9984,0.0005,0.0004,0.9984,0.0003,0.0002,0.0,0.0001,0.0001,0.0,0.0001
CT011570,Zone_07,Zone_08,0.6135,0.0,0.0001,0.0002,0.0005,0.0004,0.0004,0.3841,0.6135,0.0005,0.0003
CT015195,Zone_07,Zone_08,0.6409,0.0,0.0,0.0001,0.0003,0.0002,0.0001,0.358,0.6409,0.0002,0.0001
CT015879,Zone_08,Zone_08,0.571,0.0,0.0001,0.0002,0.0005,0.0003,0.0005,0.4271,0.571,0.0003,0.0001
CT005914,Zone_04,Zone_04,0.9978,0.0002,0.0004,0.0004,0.9978,0.0004,0.0001,0.0003,0.0004,0.0001,0.0
CT003795,Zone_07,Zone_07,0.9575,0.0,0.0,0.0001,0.0005,0.0007,0.0006,0.9575,0.0401,0.0004,0.0001
CT017331,Zone_05,Zone_05,0.998,0.0,0.0001,0.0001,0.0005,0.998,0.0001,0.0006,0.0005,0.0001,0.0001
CT018856,Zone_08,Zone_08,0.9987,0.0,0.0,0.0,0.0001,0.0003,0.0,0.0007,0.9987,0.0001,0.0
CT018202,Zone_04,Zone_04,0.9975,0.0002,0.0004,0.0005,0.9975,0.0005,0.0001,0.0005,0.0001,0.0001,0.0
CT000174,Zone_10,Zone_10,0.9992,0.0,0.0,0.0,0.0,0.0,0.0,0.0001,0.0001,0.0005,0.9992
CT001803,Zone_03,Zone_03,0.9986,0.0004,0.0004,0.9986,0.0004,0.0001,0.0,0.0,0.0,0.0,0.0001
CT013328,Zone_04,Zone_04,0.9959,0.0005,0.001,0.0011,0.9959,0.0005,0.0004,0.0003,0.0001,0.0001,0.0001
CT008666,Zone_08,Zone_08,0.786,0.0,0.0001,0.0001,0.0003,0.0003,0.0003,0.2125,0.786,0.0003,0.0001
CT014321,Zone_07,Zone_07,0.878,0.0,0.0,0.0001,0.001,0.0015,0.0002,0.878,0.1184,0.0004,0.0002
CT003453,Zone_02,Zone_02,0.9985,0.0005,0.9985,0.0004,0.0004,0.0001,0.0,0.0,0.0,0.0,0.0
CT009696,Zone_05,Zone_05,0.998,0.0,0.0,0.0001,0.0005,0.998,0.0,0.0003,0.001,0.0001,0.0
CT016332,Zone_07,Zone_07,0.5317,0.0,0.0001,0.0003,0.0006,0.0004,0.0009,0.5317,0.465,0.0007,0.0003
CT016970,Zone_07,Zone_07,0.8369,0.0,0.0001,0.0002,0.001,0.0015,0.0013,0.8369,0.1582,0.0007,0.0002
CT004309,Zone_10,Zone_10,0.9986,0.0,0.0,0.0,0.0,0.0,0.0,0.0001,0.0002,0.0008,0.9986
CT003767,Zone_07,Zone_07,0.8779,0.0,0.0,0.0001,0.0006,0.0007,0.0001,0.8779,0.1201,0.0004,0.0001
CT002639,Zone_07,Zone_07,0.8931,0.0,0.0001,0.0002,0.0008,0.0005,0.1037,0.8931,0.001,0.0006,0.0001
CT006193,Zone_01,Zone_01,0.9988,0.9988,0.0005,0.0004,0.0003,0.0,0.0,0.0,0.0,0.0,0.0
CT012296,Zone_07,Zone_07,0.9773,0.0,0.0,0.0001,0.0003,0.0003,0.0007,0.9773,0.0207,0.0004,0.0001
CT007395,Zone_06,Zone_06,0.7864,0.0,0.0001,0.0002,0.0005,0.0002,0.7864,0.2119,0.0004,0.0003,0.0001
CT010778,Zone_08,Zone_08,0.9988,0.0,0.0,0.0,0.0002,0.0004,0.0,0.0004,0.9988,0.0001,0.0001
CT006578,Zone_07,Zone_07,0.9804,0.0,0.0,0.0001,0.0004,0.0003,0.0005,0.9804,0.0179,0.0003,0.0001
CT019074,Zone_09,Zone_09,0.9982,0.0,0.0,0.0,0.0,0.0001,0.0001,0.0004,0.0004,0.9982,0.0007
CT015095,Zone_07,Zone_07,0.801,0.0,0.0001,0.0002,0.0008,0.0012,0.0003,0.801,0.1955,0.0006,0.0003
CT017221,Zone_07,Zone_07,0.9795,0.0,0.0001,0.0001,0.0006,0.0004,0.008,0.9795,0.0105,0.0007,0.0002
CT005042,Zone_03,Zone_03,0.9982,0.0004,0.0005,0.9982,0.0006,0.0001,0.0001,0.0,0.0,0.0,0.0001
CT009781,Zone_01,Zone_01,0.9986,0.9986,0.0007,0.0004,0.0003,0.0,0.0,0.0,0.0,0.0,0.0
CT002504,Zone_07,Zone_07,0.607,0.0,0.0,0.0001,0.0007,0.0003,0.3907,0.607,0.0007,0.0003,0.0001
CT006335,Zone_07,Zone_07,0.9476,0.0,0.0,0.0001,0.0004,0.0003,0.0002,0.9476,0.0507,0.0004,0.0001
CT016667,Zone_07,Zone_07,0.7023,0.0,0.0002,0.0004,0.001,0.0005,0.0043,0.7023,0.2904,0.0006,0.0003
CT018425,Zone_07,Zone_08,0.7488,0.0,0.0001,0.0002,0.0004,0.0004,0.0002,0.2491,0.7488,0.0004,0.0003
CT005892,Zone_07,Zone_07,0.5132,0.0,0.0001,0.0003,0.0008,0.0006,0.0079,0.5132,0.4763,0.0006,0.0002
CT015586,Zone_08,Zone_08,0.6272,0.0,0.0001,0.0001,0.0003,0.0002,0.0001,0.3714,0.6272,0.0004,0.0002
CT012258,Zone_02,Zone_02,0.9982,0.0006,0.9982,0.0005,0.0005,0.0001,0.0,0.0,0.0,0.0,0.0
CT013842,Zone_07,Zone_08,0.8821,0.0,0.0,0.0001,0.0002,0.0002,0.0001,0.1169,0.8821,0.0002,0.0001
CT002692,Zone_05,Zone_05,0.9981,0.0,0.0,0.0001,0.0005,0.9981,0.0001,0.0003,0.0008,0.0001,0.0
CT009460,Zone_10,Zone_10,0.9987,0.0,0.0,0.0,0.0,0.0,0.0,0.0001,0.0004,0.0007,0.9987
CT000065,Zone_07,Zone_08,0.5977,0.0,0.0001,0.0002,0.0005,0.0003,0.0004,0.4,0.5977,0.0005,0.0003
CT000084,Zone_03,Zone_03,0.998,0.0005,0.0006,0.998,0.0006,0.0001,0.0001,0.0,0.0,0.0,0.0001
CT015701,Zone_06,Zone_06,0.9977,0.0,0.0,0.0,0.0003,0.0001,0.9977,0.0009,0.0009,0.0001,0.0
CT015254,Zone_04,Zone_04,0.9947,0.001,0.0012,0.0014,0.9947,0.0004,0.0004,0.0003,0.0002,0.0002,0.0002
CT017290,Zone_07,Zone_07,0.6446,0.0,0.0,0.0001,0.0005,0.0009,0.0,0.6446,0.3532,0.0004,0.0001
CT015986,Zone_03,Zone_03,0.998,0.0006,0.0006,0.998,0.0006,0.0001,0.0,0.0,0.0,0.0,0.0001
CT015971,Zone_04,Zone_04,0.998,0.0002,0.0004,0.0003,0.998,0.0003,0.0001,0.0005,0.0002,0.0001,0.0
CT002144,Zone_07,Zone_07,0.989,0.0,0.0,0.0001,0.0004,0.0003,0.0034,0.989,0.0063,0.0004,0.0001
CT011515,Zone_04,Zone_04,0.9961,0.0004,0.0008,0.0011,0.9961,0.0004,0.0001,0.0007,0.0002,0.0001,0.0001
CT003208,Zone_02,Zone_02,0.9984,0.0006,0.9984,0.0004,0.0005,0.0001,0.0,0.0,0.0,0.0,0.0
CT004411,Zone_05,Zone_05,0.9979,0.0,0.0001,0.0001,0.0004,0.9979,0.0,0.0005,0.0008,0.0001,0.0
CT017584,Zone_04,Zone_04,0.9974,0.0001,0.0003,0.0003,0.9974,0.0008,0.0003,0.0004,0.0004,0.0,0.0
CT007858,Zone_04,Zone_04,0.9925,0.0011,0.0016,0.002,0.9925,0.0008,0.0009,0.0006,0.0002,0.0001,0.0003
CT018243,Zone_08,Zone_08,0.9986,0.0,0.0,0.0,0.0002,0.0004,0.0001,0.0004,0.9986,0.0002,0.0001
CT000069,Zone_02,Zone_02,0.9984,0.0006,0.9984,0.0005,0.0005,0.0001,0.0,0.0,0.0,0.0,0.0
CT017488,Zone_04,Zone_04,0.9953,0.0008,0.0012,0.0012,0.9953,0.0004,0.0001,0.0004,0.0002,0.0002,0.0002
CT010642,Zone_07,Zone_07,0.6993,0.0,0.0001,0.0002,0.0007,0.0004,0.2975,0.6993,0.001,0.0006,0.0001
CT002476,Zone_02,Zone_02,0.9983,0.0007,0.9983,0.0005,0.0005,0.0001,0.0,0.0,0.0,0.0,0.0
CT009149,Zone_05,Zone_05,0.9978,0.0,0.0001,0.0001,0.0006,0.9978,0.0002,0.0007,0.0005,0.0001,0.0
CT017686,Zone_08,Zone_08,0.9968,0.0,0.0,0.0001,0.0004,0.0007,0.0002,0.0013,0.9968,0.0003,0.0002
CT014973,Zone_08,Zone_08,0.9984,0.0,0.0,0.0,0.0002,0.0004,0.0,0.0007,0.9984,0.0001,0.0001
CT010933,Zone_07,Zone_08,0.7429,0.0,0.0,0.0001,0.0002,0.0002,0.0,0.2562,0.7429,0.0002,0.0001
CT018777,Zone_03,Zone_03,0.9983,0.0004,0.0004,0.9983,0.0006,0.0001,0.0001,0.0,0.0,0.0,0.0001
CT007095,Zone_08,Zone_08,0.8979,0.0,0.0,0.0001,0.0002,0.0002,0.0001,0.1012,0.8979,0.0002,0.0001
CT013522,Zone_07,Zone_07,0.6489,0.0,0.0001,0.0002,0.0008,0.0006,0.3479,0.6489,0.0009,0.0005,0.0002
CT013427,Zone_10,Zone_10,0.9984,0.0,0.0,0.0,0.0,0.0,0.0,0.0003,0.0002,0.0009,0.9984
CT015959,Zone_04,Zone_04,0.9979,0.0002,0.0004,0.0004,0.9979,0.0004,0.0004,0.0002,0.0001,0.0001,0.0
CT005599,Zone_07,Zone_07,0.5365,0.0,0.0,0.0001,0.0011,0.0014,0.0003,0.5365,0.4596,0.0006,0.0003
CT002880,Zone_02,Zone_02,0.9982,0.0006,0.9982,0.0005,0.0005,0.0001,0.0,0.0,0.0,0.0,0.0
CT002520,Zone_01,Zone_01,0.9981,0.9981,0.0007,0.0006,0.0005,0.0,0.0,0.0,0.0,0.0,0.0
CT005807,Zone_07,Zone_08,0.6694,0.0,0.0001,0.0002,0.0004,0.0003,0.0002,0.3289,0.6694,0.0004,0.0002
CT017485,Zone_06,Zone_06,0.9997,0.0,0.0,0.0,0.0001,0.0,0.9997,0.0002,0.0,0.0,0.0
CT008240,Zone_05,Zone_05,0.9978,0.0,0.0,0.0001,0.0005,0.9978,0.0001,0.0003,0.0012,0.0001,0.0
CT006929,Zone_04,Zone_04,0.9982,0.0001,0.0003,0.0003,0.9982,0.0003,0.0001,0.0005,0.0002,0.0,0.0
CT002796,Zone_07,Zone_07,0.8621,0.0,0.0,0.0001,0.0006,0.0008,0.0001,0.8621,0.1357,0.0004,0.0001
CT003772,Zone_10,Zone_10,0.9992,0.0,0.0,0.0,0.0,0.0,0.0001,0.0001,0.0001,0.0005,0.9992
CT003708,Zone_08,Zone_08,0.7489,0.0,0.0001,0.0002,0.0004,0.0003,0.0002,0.2494,0.7489,0.0004,0.0002
CT000116,Zone_07,Zone_07,0.7784,0.0,0.0001,0.0002,0.0009,0.0007,0.2173,0.7784,0.0015,0.0007,0.0002
CT016609,Zone_02,Zone_02,0.9983,0.0007,0.9983,0.0005,0.0004,0.0,0.0,0.0,0.0,0.0,0.0
CT016481,Zone_07,Zone_07,0.9603,0.0,0.0001,0.0002,0.0006,0.0005,0.0024,0.9603,0.0349,0.0009,0.0002
CT001780,Zone_08,Zone_08,0.9927,0.0,0.0001,0.0001,0.0008,0.0012,0.0011,0.0031,0.9927,0.0006,0.0004
CT007346,Zone_07,Zone_07,0.5833,0.0,0.0001,0.0002,0.0009,0.0017,0.0003,0.5833,0.4127,0.0007,0.0003
CT002500,Zone_08,Zone_08,0.9952,0.0,0.0,0.0001,0.0005,0.0009,0.0009,0.0018,0.9952,0.0004,0.0002
CT009366,Zone_04,Zone_04,0.9952,0.0006,0.0011,0.0012,0.9952,0.0004,0.0007,0.0004,0.0001,0.0002,0.0001
CT017131,Zone_10,Zone_10,0.9992,0.0,0.0,0.0,0.0,0.0,0.0,0.0,0.0002,0.0004,0.9992
CT017628,Zone_06,Zone_06,0.9996,0.0,0.0,0.0,0.0001,0.0,0.9996,0.0003,0.0,0.0,0.0
CT018105,Zone_01,Zone_01,0.9991,0.9991,0.0004,0.0003,0.0002,0.0,0.0,0.0,0.0,0.0,0.0
CT003103,Zone_10,Zone_10,0.9986,0.0,0.0,0.0,0.0,0.0,0.0,0.0002,0.0004,0.0007,0.9986
CT003293,Zone_07,Zone_07,0.6931,0.0,0.0,0.0001,0.0008,0.001,0.0001,0.6931,0.304,0.0006,0.0002
CT012046,Zone_07,Zone_08,0.8561,0.0,0.0,0.0001,0.0003,0.0002,0.0002,0.1429,0.8561,0.0002,0.0001
CT014162,Zone_08,Zone_08,0.5704,0.0,0.0001,0.0002,0.0006,0.0005,0.0013,0.4261,0.5704,0.0005,0.0003
CT015927,Zone_07,Zone_07,0.8208,0.0,0.0001,0.0002,0.0008,0.0004,0.1758,0.8208,0.0012,0.0006,0.0001
CT012893,Zone_04,Zone_04,0.9981,0.0001,0.0003,0.0003,0.9981,0.0003,0.0001,0.0005,0.0001,0.0001,0.0
CT011520,Zone_07,Zone_07,0.8899,0.0,0.0,0.0001,0.0005,0.0007,0.0,0.8899,0.1083,0.0003,0.0001
CT017752,Zone_04,Zone_04,0.9971,0.0001,0.0003,0.0003,0.9971,0.0008,0.0004,0.0002,0.0008,0.0,0.0
CT000775,Zone_02,Zone_02,0.9983,0.0006,0.9983,0.0005,0.0005,0.0001,0.0,0.0,0.0,0.0,0.0
CT014906,Zone_08,Zone_08,0.832,0.0,0.0,0.0001,0.0003,0.0002,0.0002,0.1668,0.832,0.0002,0.0001
CT002820,Zone_06,Zone_06,0.9987,0.0,0.0,0.0,0.0002,0.0,0.9987,0.0008,0.0003,0.0,0.0
CT002726,Zone_07,Zone_07,0.9743,0.0,0.0,0.0001,0.0005,0.0003,0.0004,0.9743,0.0238,0.0004,0.0001
CT008661,Zone_04,Zone_04,0.9983,0.0001,0.0003,0.0003,0.9983,0.0003,0.0001,0.0004,0.0001,0.0,0.0
CT003178,Zone_05,Zone_05,0.998,0.0,0.0001,0.0001,0.0006,0.998,0.0001,0.0005,0.0004,0.0001,0.0
CT004552,Zone_08,Zone_08,0.5906,0.0,0.0001,0.0002,0.0003,0.0004,0.0002,0.4076,0.5906,0.0004,0.0002
CT014014,Zone_10,Zone_10,0.999,0.0,0.0,0.0,0.0,0.0,0.0,0.0001,0.0003,0.0005,0.999
CT014528,Zone_07,Zone_07,0.9606,0.0,0.0,0.0001,0.0004,0.0002,0.0376,0.9606,0.0007,0.0003,0.0001
CT019865,Zone_07,Zone_07,0.9532,0.0,0.0001,0.0002,0.0006,0.0004,0.0432,0.9532,0.0015,0.0006,0.0002
CT009880,Zone_04,Zone_04,0.9968,0.0001,0.0003,0.0003,0.9968,0.001,0.0001,0.0007,0.0006,0.0001,0.0
CT017678,Zone_08,Zone_08,0.7264,0.0,0.0,0.0001,0.0002,0.0002,0.0,0.2727,0.7264,0.0003,0.0001
CT000593,Zone_04,Zone_04,0.998,0.0001,0.0004,0.0004,0.998,0.0003,0.0002,0.0003,0.0002,0.0001,0.0
CT006067,Zone_08,Zone_08,0.9876,0.0,0.0001,0.0002,0.0011,0.0013,0.0052,0.0037,0.9876,0.0005,0.0003
CT013672,Zone_06,Zone_06,0.9989,0.0,0.0,0.0,0.0001,0.0,0.9989,0.0007,0.0001,0.0,0.0
CT000628,Zone_03,Zone_03,0.9983,0.0004,0.0005,0.9983,0.0006,0.0001,0.0,0.0,0.0,0.0,0.0
CT012328,Zone_03,Zone_03,0.9982,0.0005,0.0005,0.9982,0.0006,0.0001,0.0,0.0,0.0,0.0,0.0001
CT018906,Zone_07,Zone_07,0.9659,0.0,0.0001,0.0001,0.0007,0.0004,0.031,0.9659,0.0012,0.0005,0.0001
CT008368,Zone_07,Zone_07,0.9939,0.0,0.0,0.0,0.0002,0.0001,0.0002,0.9939,0.0052,0.0002,0.0001
CT015312,Zone_07,Zone_07,0.9606,0.0,0.0001,0.0003,0.0011,0.0007,0.0314,0.9606,0.0047,0.0008,0.0002
CT018573,Zone_08,Zone_08,0.9989,0.0,0.0,0.0,0.0001,0.0002,0.0,0.0006,0.9989,0.0001,0.0
CT012840,Zone_09,Zone_09,0.9977,0.0,0.0,0.0,0.0,0.0001,0.0001,0.0003,0.001,0.9977,0.0007
CT011848,Zone_07,Zone_07,0.8292,0.0,0.0001,0.0002,0.0015,0.0016,0.0039,0.8292,0.1624,0.0008,0.0003
CT019009,Zone_02,Zone_02,0.9983,0.0005,0.9983,0.0005,0.0006,0.0001,0.0,0.0,0.0,0.0,0.0
CT006471,Zone_08,Zone_08,0.9983,0.0,0.0,0.0,0.0002,0.0003,0.0,0.001,0.9983,0.0001,0.0001
CT012538,Zone_07,Zone_07,0.6713,0.0,0.0001,0.0002,0.0013,0.0017,0.0005,0.6713,0.324,0.0007,0.0003
CT001095,Zone_07,Zone_08,0.7022,0.0,0.0,0.0001,0.0002,0.0002,0.0,0.2968,0.7022,0.0002,0.0001
CT002974,Zone_10,Zone_10,0.9989,0.0,0.0,0.0,0.0,0.0,0.0,0.0001,0.0001,0.0007,0.9989
CT001590,Zone_03,Zone_03,0.9981,0.0004,0.0005,0.9981,0.0007,0.0001,0.0,0.0,0.0,0.0,0.0001
CT017901,Zone_08,Zone_08,0.9951,0.0,0.0,0.0001,0.0005,0.0008,0.0001,0.0029,0.9951,0.0003,0.0001
CT015138,Zone_04,Zone_04,0.9952,0.0005,0.001,0.0014,0.9952,0.0005,0.0003,0.0004,0.0003,0.0002,0.0002
CT001579,Zone_09,Zone_09,0.9981,0.0,0.0,0.0,0.0,0.0001,0.0001,0.0003,0.0007,0.9981,0.0007
CT012299,Zone_01,Zone_01,0.9984,0.9984,0.0006,0.0005,0.0004,0.0,0.0,0.0,0.0,0.0,0.0
CT018126,Zone_07,Zone_07,0.9117,0.0,0.0,0.0001,0.0003,0.0006,0.0,0.9117,0.087,0.0002,0.0001
CT004586,Zone_07,Zone_07,0.9929,0.0,0.0,0.0001,0.0002,0.0002,0.0004,0.9929,0.0059,0.0003,0.0001
CT012399,Zone_03,Zone_03,0.9982,0.0005,0.0005,0.9982,0.0006,0.0001,0.0,0.0,0.0,0.0,0.0001
CT017733,Zone_07,Zone_07,0.9886,0.0,0.0,0.0001,0.0003,0.0002,0.0035,0.9886,0.0067,0.0003,0.0001
CT003950,Zone_04,Zone_04,0.9974,0.0001,0.0004,0.0005,0.9974,0.0004,0.0006,0.0003,0.0001,0.0001,0.0
CT002028,Zone_05,Zone_05,0.9975,0.0,0.0,0.0001,0.0006,0.9975,0.001,0.0004,0.0003,0.0001,0.0
CT008844,Zone_07,Zone_08,0.6046,0.0,0.0001,0.0002,0.0004,0.0003,0.0001,0.3938,0.6046,0.0003,0.0002
CT011440,Zone_07,Zone_07,0.9752,0.0,0.0,0.0001,0.0006,0.0003,0.0212,0.9752,0.0022,0.0003,0.0001
CT018586,Zone_04,Zone_04,0.9983,0.0001,0.0003,0.0003,0.9983,0.0003,0.0002,0.0002,0.0004,0.0001,0.0
CT017908,Zone_07,Zone_08,0.6506,0.0,0.0001,0.0003,0.0005,0.0004,0.0007,0.3464,0.6506,0.0006,0.0003
CT003604,Zone_01,Zone_01,0.9986,0.9986,0.0005,0.0004,0.0003,0.0,0.0,0.0,0.0,0.0,0.0
CT003625,Zone_07,Zone_07,0.6418,0.0,0.0001,0.0002,0.0005,0.0004,0.0015,0.6418,0.3549,0.0004,0.0002
CT010584,Zone_08,Zone_08,0.9988,0.0,0.0,0.0,0.0001,0.0003,0.0,0.0005,0.9988,0.0001,0.0001
CT006932,Zone_08,Zone_08,0.8688,0.0,0.0001,0.0001,0.0003,0.0002,0.0003,0.1298,0.8688,0.0003,0.0001
CT013662,Zone_07,Zone_07,0.7761,0.0,0.0001,0.0002,0.0017,0.0023,0.0019,0.7761,0.2168,0.0007,0.0003
CT006098,Zone_07,Zone_07,0.8707,0.0,0.0001,0.0002,0.0012,0.0018,0.0027,0.8707,0.1223,0.0007,0.0003
CT014681,Zone_07,Zone_07,0.9728,0.0,0.0001,0.0001,0.0006,0.0004,0.024,0.9728,0.0015,0.0005,0.0001
CT018190,Zone_07,Zone_07,0.9841,0.0,0.0,0.0001,0.0003,0.0002,0.0143,0.9841,0.0006,0.0003,0.0001
CT005035,Zone_08,Zone_08,0.7503,0.0,0.0,0.0001,0.0003,0.0002,0.0002,0.2484,0.7503,0.0003,0.0001
CT019771,Zone_01,Zone_01,0.9983,0.9983,0.0007,0.0005,0.0005,0.0,0.0,0.0,0.0,0.0,0.0
CT019090,Zone_08,Zone_08,0.998,0.0,0.0,0.0,0.0003,0.0004,0.0,0.001,0.998,0.0001,0.0001
CT005830,Zone_07,Zone_07,0.9684,0.0,0.0,0.0001,0.0006,0.0004,0.0014,0.9684,0.0283,0.0005,0.0001
CT011389,Zone_03,Zone_03,0.9984,0.0003,0.0005,0.9984,0.0006,0.0001,0.0001,0.0,0.0,0.0,0.0
CT000583,Zone_03,Zone_03,0.9545,0.0117,0.0153,0.9545,0.0156,0.0014,0.0002,0.0001,0.0002,0.0003,0.0006
CT007102,Zone_04,Zone_04,0.9954,0.0006,0.0012,0.0013,0.9954,0.0004,0.0002,0.0003,0.0003,0.0002,0.0001
CT000875,Zone_08,Zone_08,0.7021,0.0,0.0,0.0001,0.0003,0.0002,0.0,0.2967,0.7021,0.0003,0.0002
CT017825,Zone_07,Zone_07,0.739,0.0,0.0,0.0001,0.0006,0.0009,0.0,0.739,0.2587,0.0005,0.0002
CT011193,Zone_08,Zone_08,0.7111,0.0,0.0,0.0001,0.0002,0.0002,0.0,0.2879,0.7111,0.0002,0.0001
CT010125,Zone_03,Zone_03,0.9982,0.0005,0.0006,0.9982,0.0005,0.0001,0.0,0.0,0.0,0.0,0.0001
CT010806,Zone_08,Zone_08,0.854,0.0,0.0,0.0001,0.0002,0.0002,0.0,0.145,0.854,0.0003,0.0001
CT019297,Zone_04,Zone_04,0.9958,0.0006,0.0011,0.0011,0.9958,0.0004,0.0002,0.0002,0.0003,0.0002,0.0002
CT016466,Zone_07,Zone_07,0.9894,0.0,0.0,0.0001,0.0005,0.0003,0.0011,0.9894,0.0082,0.0003,0.0001
CT019842,Zone_09,Zone_09,0.9984,0.0,0.0,0.0,0.0,0.0001,0.0001,0.0006,0.0002,0.9984,0.0005
CT014109,Zone_05,Zone_05,0.9974,0.0,0.0001,0.0001,0.0006,0.9974,0.0012,0.0003,0.0001,0.0001,0.0
CT002064,Zone_03,Zone_03,0.9982,0.0004,0.0005,0.9982,0.0007,0.0001,0.0,0.0,0.0,0.0,0.0001
CT001577,Zone_07,Zone_07,0.9674,0.0,0.0001,0.0002,0.0007,0.0005,0.0017,0.9674,0.0283,0.0008,0.0003
CT010247,Zone_02,Zone_02,0.9983,0.0007,0.9983,0.0005,0.0004,0.0,0.0,0.0,0.0,0.0,0.0
CT001395,Zone_07,Zone_07,0.7393,0.0,0.0001,0.0002,0.0007,0.0004,0.258,0.7393,0.0006,0.0006,0.0002
CT007481,Zone_07,Zone_07,0.8247,0.0,0.0,0.0001,0.0006,0.001,0.0001,0.8247,0.173,0.0004,0.0002
CT007513,Zone_02,Zone_02,0.9983,0.0006,0.9983,0.0004,0.0005,0.0,0.0,0.0,0.0,0.0,0.0
CT012740,Zone_07,Zone_08,0.5538,0.0,0.0001,0.0002,0.0004,0.0004,0.0006,0.4438,0.5538,0.0005,0.0003
CT007576,Zone_10,Zone_10,0.9987,0.0,0.0,0.0,0.0,0.0,0.0,0.0001,0.0004,0.0007,0.9987
CT013547,Zone_10,Zone_10,0.9991,0.0,0.0,0.0,0.0,0.0,0.0,0.0001,0.0002,0.0005,0.9991
CT017510,Zone_03,Zone_03,0.9982,0.0005,0.0005,0.9982,0.0006,0.0001,0.0,0.0,0.0,0.0,0.0001
CT000396,Zone_08,Zone_08,0.9941,0.0,0.0001,0.0001,0.0007,0.0011,0.0007,0.0023,0.9941,0.0005,0.0004
CT016624,Zone_07,Zone_08,0.5434,0.0,0.0001,0.0002,0.0006,0.0004,0.0003,0.4544,0.5434,0.0004,0.0002
CT017554,Zone_08,Zone_08,0.9916,0.0,0.0001,0.0002,0.001,0.0013,0.0008,0.0039,0.9916,0.0006,0.0004
CT013442,Zone_03,Zone_03,0.9982,0.0005,0.0005,0.9982,0.0005,0.0001,0.0,0.0,0.0,0.0,0.0
CT017893,Zone_10,Zone_10,0.999,0.0,0.0,0.0,0.0,0.0,0.0,0.0001,0.0002,0.0006,0.999
CT017003,Zone_01,Zone_01,0.9986,0.9986,0.0006,0.0004,0.0003,0.0,0.0,0.0,0.0,0.0,0.0
CT007942,Zone_05,Zone_05,0.9977,0.0,0.0001,0.0001,0.0006,0.9977,0.0001,0.0009,0.0004,0.0001,0.0
CT000094,Zone_05,Zone_05,0.9983,0.0,0.0001,0.0001,0.0005,0.9983,0.0002,0.0004,0.0004,0.0001,0.0
CT018687,Zone_03,Zone_03,0.9983,0.0004,0.0004,0.9983,0.0006,0.0001,0.0,0.0,0.0,0.0,0.0
CT009004,Zone_02,Zone_02,0.9983,0.0006,0.9983,0.0005,0.0005,0.0001,0.0,0.0,0.0,0.0,0.0
CT015361,Zone_07,Zone_07,0.7424,0.0,0.0001,0.0002,0.0009,0.0006,0.2532,0.7424,0.0018,0.0005,0.0001
CT002367,Zone_04,Zone_04,0.9955,0.0006,0.0012,0.0012,0.9955,0.0004,0.0001,0.0004,0.0004,0.0002,0.0002
CT019100,Zone_04,Zone_04,0.9973,0.0002,0.0005,0.0005,0.9973,0.0004,0.0001,0.0005,0.0003,0.0001,0.0
CT013555,Zone_06,Zone_06,0.9982,0.0,0.0,0.0,0.0002,0.0001,0.9982,0.001,0.0004,0.0001,0.0
CT003269,Zone_10,Zone_10,0.9989,0.0,0.0,0.0,0.0,0.0,0.0,0.0002,0.0001,0.0007,0.9989
CT010548,Zone_05,Zone_05,0.9982,0.0,0.0,0.0001,0.0005,0.9982,0.0002,0.0004,0.0005,0.0001,0.0
CT003165,Zone_08,Zone_08,0.6293,0.0,0.0001,0.0003,0.0007,0.0005,0.0009,0.3672,0.6293,0.0006,0.0004
CT019387,Zone_08,Zone_08,0.5701,0.0,0.0001,0.0002,0.0006,0.0004,0.0031,0.4248,0.5701,0.0004,0.0002
CT010045,Zone_04,Zone_04,0.9964,0.0001,0.0003,0.0003,0.9964,0.0013,0.0001,0.0007,0.0008,0.0001,0.0
CT010741,Zone_10,Zone_10,0.9992,0.0,0.0,0.0,0.0,0.0,0.0,0.0,0.0002,0.0005,0.9992
CT013186,Zone_04,Zone_04,0.9947,0.0007,0.0011,0.0015,0.9947,0.0006,0.0001,0.0005,0.0004,0.0002,0.0002
CT004217,Zone_08,Zone_08,0.5571,0.0,0.0001,0.0002,0.0004,0.0003,0.0005,0.4406,0.5571,0.0005,0.0003
CT010096,Zone_07,Zone_07,0.5053,0.0,0.0002,0.0004,0.0009,0.0006,0.0033,0.5053,0.4883,0.0007,0.0004
CT008923,Zone_02,Zone_02,0.9984,0.0005,0.9984,0.0004,0.0005,0.0001,0.0,0.0,0.0,0.0,0.0
CT005858,Zone_07,Zone_07,0.6341,0.0,0.0001,0.0002,0.0014,0.0022,0.0006,0.6341,0.3602,0.0009,0.0004
CT005454,Zone_01,Zone_01,0.9987,0.9987,0.0006,0.0004,0.0003,0.0,0.0,0.0,0.0,0.0,0.0
CT003412,Zone_03,Zone_03,0.9983,0.0004,0.0004,0.9983,0.0006,0.0001,0.0,0.0,0.0,0.0,0.0
CT012001,Zone_07,Zone_07,0.8515,0.0,0.0,0.0001,0.0007,0.0009,0.0003,0.8515,0.1457,0.0006,0.0002
CT008540,Zone_04,Zone_04,0.9945,0.0008,0.0012,0.0014,0.9945,0.0004,0.001,0.0002,0.0001,0.0002,0.0002
CT006682,Zone_07,Zone_07,0.7305,0.0,0.0001,0.0003,0.0012,0.0008,0.2641,0.7305,0.0019,0.0008,0.0003
CT001174,Zone_07,Zone_07,0.9911,0.0,0.0,0.0001,0.0003,0.0002,0.0053,0.9911,0.0025,0.0003,0.0001
CT003855,Zone_08,Zone_08,0.7599,0.0,0.0001,0.0001,0.0003,0.0002,0.0001,0.2388,0.7599,0.0003,0.0001
CT015098,Zone_07,Zone_08,0.8628,0.0,0.0,0.0001,0.0002,0.0001,0.0,0.1364,0.8628,0.0002,0.0001
CT005385,Zone_04,Zone_04,0.9353,0.0058,0.0181,0.0234,0.9353,0.0054,0.0041,0.002,0.0028,0.0013,0.0017
CT000577,Zone_06,Zone_06,0.9996,0.0,0.0,0.0,0.0001,0.0,0.9996,0.0002,0.0001,0.0,0.0
CT016294,Zone_08,Zone_07,0.5069,0.0,0.0001,0.0001,0.0004,0.0003,0.0005,0.5069,0.4912,0.0003,0.0001
CT001087,Zone_07,Zone_07,0.9674,0.0,0.0,0.0001,0.0006,0.0004,0.0017,0.9674,0.0293,0.0005,0.0001
CT012219,Zone_10,Zone_10,0.9991,0.0,0.0,0.0,0.0,0.0,0.0,0.0001,0.0001,0.0006,0.9991
CT008200,Zone_01,Zone_01,0.9987,0.9987,0.0006,0.0004,0.0003,0.0,0.0,0.0,0.0,0.0,0.0
CT002294,Zone_04,Zone_04,0.9976,0.0002,0.0004,0.0004,0.9976,0.0004,0.0001,0.0005,0.0002,0.0001,0.0
CT015960,Zone_03,Zone_03,0.9982,0.0006,0.0005,0.9982,0.0005,0.0001,0.0,0.0,0.0,0.0,0.0001
CT005302,Zone_08,Zone_08,0.8174,0.0,0.0001,0.0001,0.0003,0.0002,0.0001,0.1812,0.8174,0.0004,0.0002
CT001611,Zone_04,Zone_04,0.9948,0.0007,0.0012,0.0015,0.9948,0.0006,0.0001,0.0004,0.0003,0.0002,0.0002
CT019579,Zone_02,Zone_02,0.998,0.0008,0.998,0.0006,0.0005,0.0001,0.0,0.0,0.0,0.0,0.0
CT015053,Zone_07,Zone_07,0.6512,0.0,0.0001,0.0002,0.0011,0.0017,0.0003,0.6512,0.3446,0.0006,0.0003
CT019384,Zone_07,Zone_08,0.6081,0.0,0.0001,0.0002,0.0004,0.0003,0.0001,0.3903,0.6081,0.0004,0.0002
CT008977,Zone_02,Zone_02,0.9981,0.0006,0.9981,0.0006,0.0006,0.0001,0.0,0.0,0.0,0.0,0.0
CT010529,Zone_03,Zone_03,0.9983,0.0005,0.0005,0.9983,0.0005,0.0001,0.0,0.0,0.0,0.0,0.0001
CT000527,Zone_10,Zone_10,0.9992,0.0,0.0,0.0,0.0,0.0,0.0,0.0001,0.0001,0.0005,0.9992
CT019465,Zone_03,Zone_03,0.998,0.0005,0.0006,0.998,0.0007,0.0001,0.0001,0.0,0.0,0.0,0.0001
CT009630,Zone_07,Zone_08,0.7016,0.0,0.0,0.0001,0.0003,0.0002,0.0002,0.297,0.7016,0.0003,0.0001
CT018067,Zone_01,Zone_01,0.9988,0.9988,0.0005,0.0004,0.0002,0.0,0.0,0.0,0.0,0.0,0.0
CT003991,Zone_10,Zone_10,0.9989,0.0,0.0,0.0,0.0,0.0,0.0,0.0001,0.0003,0.0006,0.9989
CT005255,Zone_07,Zone_07,0.9583,0.0,0.0001,0.0002,0.0009,0.0007,0.0091,0.9583,0.0297,0.0008,0.0003
CT010851,Zone_08,Zone_08,0.9974,0.0,0.0,0.0001,0.0003,0.0005,0.0002,0.0012,0.9974,0.0002,0.0001
CT014247,Zone_08,Zone_08,0.5354,0.0,0.0001,0.0002,0.0004,0.0003,0.0003,0.4626,0.5354,0.0004,0.0002
CT010021,Zone_03,Zone_03,0.9985,0.0003,0.0004,0.9985,0.0006,0.0001,0.0,0.0,0.0,0.0,0.0
CT019480,Zone_08,Zone_08,0.996,0.0,0.0,0.0001,0.0005,0.0007,0.0001,0.0021,0.996,0.0003,0.0002
CT017316,Zone_06,Zone_06,0.9988,0.0,0.0,0.0,0.0002,0.0001,0.9988,0.0004,0.0004,0.0001,0.0
CT012112,Zone_08,Zone_08,0.9959,0.0,0.0,0.0001,0.0004,0.0006,0.0001,0.0026,0.9959,0.0002,0.0002
CT007288,Zone_03,Zone_03,0.998,0.0005,0.0005,0.998,0.0007,0.0001,0.0,0.0,0.0,0.0,0.0001
CT006819,Zone_03,Zone_03,0.998,0.0005,0.0005,0.998,0.0007,0.0001,0.0,0.0,0.0,0.0,0.0001
CT008536,Zone_04,Zone_04,0.9955,0.0006,0.001,0.0013,0.9955,0.0004,0.0004,0.0003,0.0002,0.0002,0.0002
CT011638,Zone_08,Zone_08,0.571,0.0,0.0001,0.0002,0.0006,0.0005,0.0004,0.4266,0.571,0.0004,0.0002
CT008320,Zone_08,Zone_08,0.9946,0.0,0.0001,0.0001,0.0005,0.0011,0.0008,0.0021,0.9946,0.0004,0.0003
CT016521,Zone_07,Zone_07,0.8621,0.0,0.0,0.0001,0.0007,0.0003,0.1357,0.8621,0.0004,0.0004,0.0001
CT012022,Zone_08,Zone_08,0.9991,0.0,0.0,0.0,0.0001,0.0002,0.0,0.0005,0.9991,0.0001,0.0
CT011656,Zone_08,Zone_08,0.7171,0.0,0.0,0.0001,0.0003,0.0002,0.0001,0.2817,0.7171,0.0003,0.0001
CT005009,Zone_07,Zone_08,0.873,0.0,0.0,0.0001,0.0003,0.0002,0.0001,0.1259,0.873,0.0002,0.0001
CT005692,Zone_03,Zone_03,0.9982,0.0005,0.0005,0.9982,0.0005,0.0001,0.0001,0.0,0.0,0.0,0.0001
CT016321,Zone_07,Zone_07,0.9917,0.0,0.0,0.0001,0.0003,0.0002,0.0011,0.9917,0.0063,0.0003,0.0001
CT016092,Zone_10,Zone_10,0.9991,0.0,0.0,0.0,0.0,0.0,0.0,0.0001,0.0002,0.0006,0.9991
CT016100,Zone_10,Zone_10,0.9989,0.0,0.0,0.0,0.0,0.0,0.0,0.0002,0.0001,0.0007,0.9989
CT007333,Zone_05,Zone_05,0.9976,0.0,0.0,0.0001,0.0006,0.9976,0.0,0.0006,0.001,0.0001,0.0
CT011495,Zone_08,Zone_08,0.8656,0.0,0.0,0.0001,0.0003,0.0002,0.0002,0.1332,0.8656,0.0002,0.0001
CT017664,Zone_08,Zone_08,0.8858,0.0,0.0,0.0001,0.0002,0.0002,0.0001,0.1133,0.8858,0.0002,0.0001
CT005067,Zone_08,Zone_07,0.6551,0.0,0.0001,0.0003,0.0008,0.0005,0.0039,0.6551,0.3386,0.0006,0.0003
CT010959,Zone_08,Zone_08,0.9972,0.0,0.0,0.0001,0.0002,0.0005,0.0,0.0016,0.9972,0.0002,0.0002
CT016622,Zone_08,Zone_08,0.9985,0.0,0.0,0.0,0.0002,0.0004,0.0001,0.0005,0.9985,0.0001,0.0001
CT018365,Zone_03,Zone_03,0.9985,0.0004,0.0005,0.9985,0.0005,0.0001,0.0001,0.0,0.0,0.0,0.0
CT006798,Zone_01,Zone_01,0.9983,0.9983,0.0007,0.0005,0.0004,0.0,0.0,0.0,0.0,0.0,0.0
CT017715,Zone_08,Zone_07,0.6108,0.0,0.0001,0.0003,0.0006,0.0004,0.0015,0.6108,0.3854,0.0005,0.0003
CT017870,Zone_07,Zone_07,0.9858,0.0,0.0,0.0001,0.0004,0.0003,0.0004,0.9858,0.0125,0.0004,0.0001
CT008409,Zone_07,Zone_07,0.8847,0.0,0.0001,0.0002,0.0007,0.0004,0.1123,0.8847,0.001,0.0006,0.0001
CT002645,Zone_04,Zone_04,0.9981,0.0001,0.0003,0.0004,0.9981,0.0002,0.0004,0.0002,0.0002,0.0,0.0
CT004058,Zone_10,Zone_10,0.9989,0.0,0.0,0.0,0.0,0.0,0.0,0.0001,0.0002,0.0007,0.9989
CT002287,Zone_07,Zone_07,0.9153,0.0,0.0001,0.0002,0.001,0.0006,0.0789,0.9153,0.0031,0.0006,0.0002
CT012259,Zone_04,Zone_04,0.9964,0.0001,0.0003,0.0004,0.9964,0.0009,0.0001,0.0009,0.0008,0.0001,0.0
CT013041,Zone_10,Zone_10,0.999,0.0,0.0,0.0,0.0,0.0,0.0001,0.0001,0.0,0.0006,0.999
CT014608,Zone_07,Zone_07,0.9133,0.0,0.0,0.0001,0.001,0.0012,0.0009,0.9133,0.0827,0.0005,0.0002
CT014294,Zone_06,Zone_07,0.8619,0.0,0.0001,0.0002,0.0006,0.0003,0.1353,0.8619,0.0009,0.0006,0.0001
CT000124,Zone_08,Zone_08,0.9981,0.0,0.0,0.0,0.0003,0.0004,0.0001,0.0007,0.9981,0.0002,0.0001
CT008561,Zone_04,Zone_04,0.9979,0.0001,0.0003,0.0003,0.9979,0.0003,0.0004,0.0003,0.0002,0.0001,0.0
CT002452,Zone_07,Zone_08,0.5211,0.0,0.0001,0.0002,0.0005,0.0003,0.001,0.4761,0.5211,0.0005,0.0002
CT017129,Zone_05,Zone_05,0.9977,0.0,0.0001,0.0001,0.0006,0.9977,0.0001,0.0009,0.0004,0.0001,0.0
CT015593,Zone_07,Zone_07,0.8712,0.0,0.0001,0.0001,0.001,0.0013,0.0004,0.8712,0.1251,0.0006,0.0002
CT011719,Zone_07,Zone_07,0.5752,0.0,0.0001,0.0002,0.0016,0.002,0.001,0.5752,0.419,0.0007,0.0003
CT003281,Zone_08,Zone_08,0.7951,0.0,0.0,0.0001,0.0002,0.0001,0.0,0.2042,0.7951,0.0002,0.0001
CT011140,Zone_01,Zone_01,0.9982,0.9982,0.0008,0.0005,0.0004,0.0,0.0,0.0,0.0,0.0,0.0
CT003108,Zone_07,Zone_07,0.6226,0.0,0.0001,0.0003,0.0006,0.0004,0.0017,0.6226,0.3736,0.0005,0.0002
CT012911,Zone_08,Zone_07,0.6618,0.0,0.0,0.0001,0.0007,0.0011,0.0001,0.6618,0.3354,0.0005,0.0002
CT013093,Zone_08,Zone_08,0.9965,0.0,0.0,0.0001,0.0004,0.0007,0.0001,0.0017,0.9965,0.0003,0.0002
CT004843,Zone_04,Zone_04,0.9979,0.0002,0.0005,0.0004,0.9979,0.0003,0.0001,0.0003,0.0002,0.0001,0.0
CT007506,Zone_07,Zone_08,0.6865,0.0,0.0001,0.0001,0.0003,0.0003,0.0001,0.3121,0.6865,0.0003,0.0002
CT007663,Zone_08,Zone_08,0.6254,0.0,0.0001,0.0002,0.0005,0.0004,0.0004,0.3722,0.6254,0.0005,0.0003
CT010076,Zone_07,Zone_07,0.9711,0.0,0.0,0.0001,0.0005,0.0003,0.0003,0.9711,0.0272,0.0004,0.0001
CT002310,Zone_06,Zone_06,0.996,0.0,0.0,0.0,0.0004,0.0001,0.996,0.0028,0.0006,0.0001,0.0
CT000290,Zone_03,Zone_03,0.9983,0.0005,0.0005,0.9983,0.0005,0.0001,0.0,0.0,0.0,0.0,0.0001
CT017524,Zone_08,Zone_08,0.999,0.0,0.0,0.0,0.0001,0.0002,0.0,0.0005,0.999,0.0001,0.0
CT016594,Zone_01,Zone_01,0.9987,0.9987,0.0006,0.0004,0.0003,0.0,0.0,0.0,0.0,0.0,0.0
CT019137,Zone_06,Zone_07,0.7157,0.0,0.0002,0.0005,0.0022,0.0014,0.2728,0.7157,0.0056,0.0014,0.0003
CT000461,Zone_07,Zone_07,0.6907,0.0,0.0001,0.0002,0.0012,0.0017,0.0013,0.6907,0.304,0.0007,0.0002
CT003354,Zone_04,Zone_04,0.9969,0.0001,0.0002,0.0003,0.9969,0.0009,0.0001,0.0009,0.0005,0.0001,0.0
CT006110,Zone_08,Zone_08,0.651,0.0,0.0001,0.0002,0.0006,0.0004,0.0004,0.3465,0.651,0.0005,0.0003
CT005801,Zone_08,Zone_08,0.9955,0.0,0.0,0.0001,0.0004,0.0007,0.0002,0.0025,0.9955,0.0003,0.0002
CT002468,Zone_08,Zone_08,0.8081,0.0,0.0001,0.0001,0.0003,0.0003,0.0003,0.1904,0.8081,0.0003,0.0002
CT012560,Zone_04,Zone_04,0.9948,0.0007,0.0013,0.0016,0.9948,0.0004,0.0004,0.0003,0.0002,0.0002,0.0001
CT007627,Zone_10,Zone_10,0.999,0.0,0.0,0.0,0.0,0.0,0.0,0.0001,0.0002,0.0006,0.999
CT007215,Zone_07,Zone_07,0.9882,0.0,0.0,0.0001,0.0003,0.0002,0.0006,0.9882,0.0102,0.0003,0.0001
CT010934,Zone_07,Zone_07,0.8741,0.0,0.0001,0.0002,0.0011,0.0012,0.0015,0.8741,0.121,0.0006,0.0002
CT006805,Zone_07,Zone_07,0.7029,0.0,0.0001,0.0002,0.0011,0.0006,0.2927,0.7029,0.0015,0.0007,0.0002
CT002446,Zone_07,Zone_07,0.9283,0.0,0.0001,0.0002,0.0014,0.0014,0.0021,0.9283,0.0658,0.0006,0.0002
CT017097,Zone_04,Zone_04,0.9969,0.0002,0.0003,0.0004,0.9969,0.0009,0.0001,0.0006,0.0005,0.0001,0.0
CT003284,Zone_03,Zone_03,0.998,0.0006,0.0005,0.998,0.0006,0.0001,0.0,0.0,0.0,0.0,0.0001
CT003597,Zone_07,Zone_07,0.9541,0.0,0.0001,0.0002,0.0008,0.0005,0.0404,0.9541,0.0034,0.0006,0.0001
CT013248,Zone_01,Zone_01,0.9987,0.9987,0.0005,0.0004,0.0003,0.0,0.0,0.0,0.0,0.0,0.0
CT010422,Zone_01,Zone_01,0.9984,0.9984,0.0007,0.0006,0.0003,0.0,0.0,0.0,0.0,0.0,0.0
CT019672,Zone_04,Zone_04,0.9974,0.0001,0.0003,0.0003,0.9974,0.0008,0.0001,0.0006,0.0005,0.0001,0.0
CT004629,Zone_01,Zone_01,0.9985,0.9985,0.0006,0.0005,0.0003,0.0,0.0,0.0,0.0,0.0,0.0
CT007279,Zone_08,Zone_08,0.6992,0.0,0.0001,0.0002,0.0006,0.0004,0.0015,0.2971,0.6992,0.0007,0.0003
CT001454,Zone_10,Zone_10,0.9991,0.0,0.0,0.0,0.0,0.0,0.0,0.0001,0.0003,0.0004,0.9991
CT006403,Zone_02,Zone_02,0.9983,0.0006,0.9983,0.0005,0.0005,0.0001,0.0,0.0,0.0,0.0,0.0
CT002875,Zone_03,Zone_03,0.9981,0.0006,0.0005,0.9981,0.0006,0.0001,0.0001,0.0,0.0,0.0,0.0
CT008156,Zone_10,Zone_10,0.999,0.0,0.0,0.0,0.0,0.0,0.0,0.0001,0.0001,0.0006,0.999
CT013158,Zone_08,Zone_08,0.9983,0.0,0.0,0.0,0.0002,0.0003,0.0,0.0007,0.9983,0.0002,0.0001
CT017624,Zone_07,Zone_08,0.6325,0.0,0.0001,0.0001,0.0004,0.0003,0.0006,0.3655,0.6325,0.0003,0.0002
CT002624,Zone_10,Zone_10,0.9989,0.0,0.0,0.0,0.0,0.0,0.0,0.0001,0.0003,0.0006,0.9989
CT007658,Zone_07,Zone_07,0.9842,0.0,0.0001,0.0002,0.0005,0.0004,0.0061,0.9842,0.0077,0.0007,0.0002
CT012428,Zone_07,Zone_07,0.8785,0.0,0.0001,0.0003,0.0008,0.0006,0.1162,0.8785,0.0024,0.0009,0.0002
CT001675,Zone_07,Zone_07,0.9866,0.0,0.0,0.0001,0.0006,0.0004,0.0056,0.9866,0.0062,0.0004,0.0001
CT016115,Zone_02,Zone_02,0.998,0.0007,0.998,0.0006,0.0005,0.0001,0.0,0.0,0.0,0.0,0.0
CT002901,Zone_05,Zone_05,0.9979,0.0,0.0001,0.0001,0.0005,0.9979,0.0001,0.0006,0.0007,0.0001,0.0
CT016228,Zone_06,Zone_06,0.9999,0.0,0.0,0.0,0.0,0.0,0.9999,0.0,0.0,0.0,0.0
CT015753,Zone_08,Zone_08,0.9515,0.0001,0.0002,0.0006,0.0032,0.0087,0.001,0.0309,0.9515,0.0022,0.0017
CT017066,Zone_04,Zone_04,0.998,0.0001,0.0004,0.0003,0.998,0.0004,0.0003,0.0003,0.0001,0.0001,0.0
CT005413,Zone_04,Zone_04,0.997,0.0001,0.0004,0.0004,0.997,0.001,0.0003,0.0004,0.0003,0.0001,0.0
CT012654,Zone_08,Zone_08,0.808,0.0,0.0,0.0001,0.0002,0.0002,0.0001,0.1909,0.808,0.0002,0.0001
CT019923,Zone_07,Zone_07,0.9784,0.0,0.0,0.0001,0.0004,0.0002,0.0199,0.9784,0.0006,0.0003,0.0001
CT008531,Zone_08,Zone_08,0.7458,0.0,0.0001,0.0001,0.0004,0.0003,0.0003,0.2526,0.7458,0.0003,0.0001
CT018627,Zone_08,Zone_08,0.995,0.0,0.0,0.0001,0.0006,0.0008,0.0005,0.0023,0.995,0.0003,0.0002
CT001137,Zone_08,Zone_08,0.9968,0.0,0.0,0.0001,0.0004,0.0008,0.0003,0.0013,0.9968,0.0002,0.0001
CT012360,Zone_09,Zone_09,0.9986,0.0,0.0,0.0,0.0,0.0,0.0004,0.0003,0.0002,0.9986,0.0005
CT015895,Zone_07,Zone_07,0.9748,0.0,0.0001,0.0002,0.0007,0.0004,0.0087,0.9748,0.0144,0.0007,0.0002
CT015385,Zone_03,Zone_03,0.9981,0.0004,0.0004,0.9981,0.0008,0.0001,0.0,0.0,0.0,0.0,0.0001
CT006825,Zone_07,Zone_07,0.8165,0.0,0.0001,0.0003,0.0012,0.0017,0.0017,0.8165,0.1774,0.0008,0.0003
CT012834,Zone_03,Zone_03,0.9985,0.0004,0.0004,0.9985,0.0005,0.0001,0.0,0.0,0.0,0.0,0.0
CT005773,Zone_04,Zone_04,0.9952,0.0007,0.0012,0.0013,0.9952,0.0004,0.0004,0.0003,0.0002,0.0002,0.0002
CT011125,Zone_10,Zone_10,0.999,0.0,0.0,0.0,0.0,0.0,0.0,0.0001,0.0002,0.0006,0.999
CT005455,Zone_10,Zone_10,0.9992,0.0,0.0,0.0,0.0,0.0,0.0,0.0001,0.0001,0.0005,0.9992
CT006422,Zone_07,Zone_07,0.9171,0.0,0.0,0.0001,0.0006,0.0007,0.0001,0.9171,0.0809,0.0004,0.0002
CT014048,Zone_10,Zone_10,0.9989,0.0,0.0,0.0,0.0,0.0,0.0,0.0001,0.0003,0.0006,0.9989
CT000884,Zone_08,Zone_08,0.9968,0.0,0.0,0.0001,0.0003,0.0005,0.0001,0.002,0.9968,0.0002,0.0001
CT014184,Zone_04,Zone_04,0.997,0.0001,0.0002,0.0003,0.997,0.0008,0.0,0.001,0.0006,0.0,0.0
CT002846,Zone_08,Zone_08,0.8882,0.0,0.0,0.0001,0.0002,0.0002,0.0001,0.1107,0.8882,0.0002,0.0002
CT003891,Zone_03,Zone_03,0.9983,0.0003,0.0004,0.9983,0.0008,0.0001,0.0,0.0,0.0,0.0,0.0
CT010433,Zone_04,Zone_04,0.9977,0.0001,0.0003,0.0004,0.9977,0.0003,0.0001,0.0006,0.0004,0.0001,0.0
CT002415,Zone_08,Zone_08,0.9967,0.0,0.0,0.0001,0.0003,0.0007,0.0002,0.0016,0.9967,0.0003,0.0002
CT014233,Zone_07,Zone_07,0.9515,0.0,0.0,0.0001,0.0005,0.0005,0.0013,0.9515,0.0452,0.0006,0.0001
CT010411,Zone_08,Zone_07,0.6086,0.0,0.0,0.0001,0.001,0.0013,0.0002,0.6086,0.3881,0.0005,0.0002
CT003463,Zone_02,Zone_02,0.9982,0.0006,0.9982,0.0005,0.0006,0.0001,0.0,0.0,0.0,0.0,0.0
CT007755,Zone_08,Zone_08,0.9976,0.0,0.0,0.0001,0.0004,0.0006,0.0001,0.0009,0.9976,0.0002,0.0002
CT006216,Zone_03,Zone_03,0.9983,0.0003,0.0004,0.9983,0.0007,0.0001,0.0001,0.0,0.0,0.0,0.0
CT006046,Zone_05,Zone_05,0.9979,0.0,0.0001,0.0001,0.0006,0.9979,0.0002,0.0003,0.0006,0.0001,0.0
CT003022,Zone_07,Zone_07,0.9876,0.0,0.0,0.0001,0.0003,0.0002,0.0001,0.9876,0.0113,0.0002,0.0001
CT016846,Zone_03,Zone_03,0.9981,0.0006,0.0006,0.9981,0.0006,0.0001,0.0,0.0,0.0,0.0,0.0001
CT008105,Zone_08,Zone_08,0.6888,0.0,0.0001,0.0002,0.0005,0.0004,0.0009,0.3083,0.6888,0.0005,0.0002
CT001440,Zone_10,Zone_10,0.999,0.0,0.0,0.0,0.0,0.0,0.0,0.0,0.0003,0.0006,0.999
CT011024,Zone_07,Zone_07,0.9804,0.0,0.0,0.0001,0.0004,0.0004,0.0005,0.9804,0.0177,0.0004,0.0002
CT000151,Zone_07,Zone_07,0.8373,0.0,0.0001,0.0002,0.0008,0.0005,0.1584,0.8373,0.0018,0.0006,0.0002
CT004151,Zone_04,Zone_04,0.9953,0.0007,0.0011,0.0013,0.9953,0.0005,0.0002,0.0004,0.0002,0.0002,0.0002
CT008589,Zone_08,Zone_08,0.9979,0.0,0.0,0.0,0.0002,0.0005,0.0,0.0011,0.9979,0.0001,0.0001
CT011404,Zone_01,Zone_01,0.9987,0.9987,0.0006,0.0004,0.0002,0.0,0.0,0.0,0.0,0.0,0.0
CT010485,Zone_04,Zone_04,0.9922,0.0008,0.0013,0.0012,0.9922,0.0005,0.0034,0.0002,0.0001,0.0002,0.0002
CT008319,Zone_04,Zone_04,0.9982,0.0001,0.0003,0.0003,0.9982,0.0004,0.0002,0.0004,0.0002,0.0001,0.0
CT000394,Zone_08,Zone_08,0.8047,0.0,0.0,0.0001,0.0002,0.0002,0.0,0.1945,0.8047,0.0002,0.0001
CT016796,Zone_07,Zone_07,0.7655,0.0,0.0001,0.0003,0.0021,0.0025,0.0051,0.7655,0.2227,0.0012,0.0005
CT003496,Zone_07,Zone_07,0.9694,0.0,0.0001,0.0002,0.0007,0.0004,0.0027,0.9694,0.0257,0.0007,0.0002
CT008055,Zone_10,Zone_10,0.9989,0.0,0.0,0.0,0.0,0.0,0.0,0.0001,0.0003,0.0006,0.9989
CT004363,Zone_08,Zone_08,0.7005,0.0,0.0,0.0001,0.0002,0.0001,0.0,0.2987,0.7005,0.0002,0.0001
CT019218,Zone_08,Zone_08,0.8543,0.0,0.0,0.0001,0.0003,0.0003,0.0001,0.1445,0.8543,0.0002,0.0001
CT009473,Zone_02,Zone_02,0.9983,0.0006,0.9983,0.0005,0.0005,0.0001,0.0,0.0,0.0,0.0,0.0
CT004463,Zone_04,Zone_04,0.997,0.0001,0.0002,0.0003,0.997,0.0011,0.0001,0.0004,0.0008,0.0,0.0
CT006603,Zone_04,Zone_04,0.998,0.0002,0.0004,0.0004,0.998,0.0004,0.0002,0.0002,0.0002,0.0001,0.0
CT016536,Zone_03,Zone_03,0.9983,0.0005,0.0005,0.9983,0.0004,0.0001,0.0,0.0,0.0,0.0,0.0001
CT019858,Zone_07,Zone_07,0.9781,0.0,0.0,0.0001,0.0004,0.0003,0.0007,0.9781,0.0198,0.0005,0.0001
CT010227,Zone_08,Zone_08,0.6255,0.0,0.0001,0.0001,0.0004,0.0003,0.0005,0.3725,0.6255,0.0004,0.0002
CT000184,Zone_04,Zone_04,0.9968,0.0001,0.0003,0.0003,0.9968,0.0009,0.0001,0.0008,0.0006,0.0001,0.0
CT009404,Zone_08,Zone_08,0.9987,0.0,0.0,0.0,0.0002,0.0003,0.0,0.0005,0.9987,0.0001,0.0001
CT019618,Zone_08,Zone_08,0.9947,0.0,0.0,0.0001,0.0005,0.0008,0.0001,0.0032,0.9947,0.0003,0.0002
CT017174,Zone_04,Zone_04,0.9941,0.001,0.0014,0.0015,0.9941,0.0006,0.0,0.0003,0.0005,0.0002,0.0003
CT016307,Zone_08,Zone_07,0.698,0.0,0.0001,0.0002,0.0015,0.0018,0.0009,0.698,0.296,0.001,0.0004
CT014896,Zone_07,Zone_07,0.6446,0.0,0.0002,0.0004,0.0019,0.0011,0.3425,0.6446,0.0075,0.0014,0.0004
CT011865,Zone_05,Zone_05,0.9983,0.0,0.0,0.0001,0.0004,0.9983,0.0001,0.0005,0.0005,0.0001,0.0
CT005090,Zone_04,Zone_04,0.9975,0.0002,0.0004,0.0004,0.9975,0.0004,0.0005,0.0003,0.0002,0.0001,0.0
CT014250,Zone_08,Zone_08,0.9955,0.0,0.0,0.0001,0.0005,0.001,0.0002,0.0019,0.9955,0.0004,0.0002
CT016631,Zone_02,Zone_02,0.998,0.0006,0.998,0.0005,0.0008,0.0001,0.0,0.0,0.0,0.0,0.0
CT004831,Zone_07,Zone_08,0.6162,0.0,0.0001,0.0002,0.0007,0.0004,0.0007,0.3811,0.6162,0.0005,0.0002
CT016273,Zone_02,Zone_02,0.9982,0.0006,0.9982,0.0004,0.0006,0.0001,0.0,0.0,0.0,0.0,0.0
CT002422,Zone_01,Zone_01,0.9984,0.9984,0.0007,0.0004,0.0004,0.0,0.0,0.0,0.0,0.0,0.0
CT005041,Zone_04,Zone_04,0.9963,0.0004,0.0008,0.001,0.9963,0.0005,0.0001,0.0003,0.0003,0.0001,0.0001
CT002474,Zone_08,Zone_07,0.8371,0.0,0.0,0.0001,0.0006,0.0007,0.0,0.8371,0.1609,0.0004,0.0001
CT008114,Zone_07,Zone_08,0.6312,0.0,0.0001,0.0001,0.0004,0.0004,0.0003,0.3671,0.6312,0.0003,0.0001
CT006432,Zone_08,Zone_08,0.997,0.0,0.0,0.0,0.0003,0.0004,0.0,0.002,0.997,0.0001,0.0001
CT019206,Zone_07,Zone_07,0.9924,0.0,0.0,0.0001,0.0003,0.0002,0.0003,0.9924,0.0063,0.0003,0.0001
CT006137,Zone_10,Zone_10,0.9991,0.0,0.0,0.0,0.0,0.0,0.0,0.0001,0.0,0.0006,0.9991
CT010621,Zone_08,Zone_08,0.9975,0.0,0.0,0.0001,0.0003,0.0006,0.0,0.0012,0.9975,0.0002,0.0002
CT006811,Zone_03,Zone_03,0.9982,0.0005,0.0005,0.9982,0.0006,0.0001,0.0,0.0,0.0,0.0,0.0001
CT013866,Zone_03,Zone_03,0.9984,0.0004,0.0005,0.9984,0.0006,0.0001,0.0,0.0,0.0,0.0,0.0
CT015186,Zone_08,Zone_08,0.9989,0.0,0.0,0.0,0.0001,0.0003,0.0,0.0005,0.9989,0.0001,0.0001
CT002133,Zone_09,Zone_09,0.9982,0.0,0.0,0.0,0.0,0.0001,0.0001,0.0005,0.0004,0.9982,0.0006
CT016716,Zone_03,Zone_03,0.9981,0.0006,0.0005,0.9981,0.0006,0.0001,0.0,0.0,0.0,0.0,0.0001
CT018985,Zone_07,Zone_07,0.9873,0.0,0.0,0.0001,0.0003,0.0002,0.0003,0.9873,0.0112,0.0004,0.0001
CT006405,Zone_01,Zone_01,0.9984,0.9984,0.0007,0.0005,0.0004,0.0,0.0,0.0,0.0,0.0,0.0
CT002982,Zone_04,Zone_04,0.998,0.0002,0.0003,0.0004,0.998,0.0003,0.0001,0.0002,0.0004,0.0001,0.0
CT007580,Zone_05,Zone_05,0.9978,0.0,0.0,0.0001,0.0005,0.9978,0.0001,0.0005,0.0008,0.0001,0.0
CT017087,Zone_08,Zone_08,0.9985,0.0,0.0,0.0,0.0002,0.0003,0.0,0.0007,0.9985,0.0001,0.0001
CT002205,Zone_04,Zone_04,0.9967,0.0001,0.0004,0.0004,0.9967,0.001,0.0001,0.0003,0.0009,0.0001,0.0
CT006845,Zone_08,Zone_08,0.628,0.0,0.0001,0.0002,0.0005,0.0004,0.0004,0.3699,0.628,0.0004,0.0002
CT004851,Zone_01,Zone_01,0.9987,0.9987,0.0005,0.0004,0.0003,0.0,0.0,0.0,0.0,0.0,0.0
CT019341,Zone_07,Zone_08,0.6275,0.0,0.0,0.0001,0.0003,0.0002,0.0001,0.3713,0.6275,0.0003,0.0001
CT014483,Zone_07,Zone_07,0.8451,0.0,0.0001,0.0002,0.0007,0.0006,0.151,0.8451,0.0012,0.0007,0.0002
CT006606,Zone_03,Zone_03,0.9979,0.0005,0.0006,0.9979,0.0007,0.0001,0.0,0.0,0.0,0.0,0.0001
CT011155,Zone_01,Zone_01,0.9985,0.9985,0.0007,0.0004,0.0004,0.0,0.0,0.0,0.0,0.0,0.0
CT014926,Zone_08,Zone_08,0.6787,0.0,0.0001,0.0002,0.0004,0.0003,0.0001,0.3197,0.6787,0.0004,0.0002
CT008162,Zone_07,Zone_07,0.8586,0.0,0.0001,0.0002,0.0012,0.0018,0.0012,0.8586,0.136,0.0006,0.0003
CT013336,Zone_05,Zone_05,0.9982,0.0,0.0,0.0001,0.0006,0.9982,0.0002,0.0004,0.0005,0.0001,0.0
CT019675,Zone_07,Zone_08,0.5997,0.0,0.0002,0.0006,0.0015,0.0013,0.0008,0.3938,0.5997,0.0012,0.0007
CT016256,Zone_03,Zone_03,0.9986,0.0003,0.0004,0.9986,0.0005,0.0001,0.0,0.0,0.0,0.0,0.0
CT012503,Zone_04,Zone_04,0.9959,0.0005,0.0009,0.001,0.9959,0.0004,0.0006,0.0003,0.0001,0.0001,0.0001
CT002484,Zone_04,Zone_04,0.9968,0.0001,0.0003,0.0003,0.9968,0.001,0.0005,0.0004,0.0004,0.0001,0.0
CT010521,Zone_06,Zone_06,0.9993,0.0,0.0,0.0,0.0001,0.0,0.9993,0.0002,0.0003,0.0,0.0
CT014501,Zone_03,Zone_03,0.9985,0.0004,0.0004,0.9985,0.0005,0.0001,0.0,0.0,0.0,0.0,0.0
CT019282,Zone_08,Zone_08,0.9981,0.0,0.0,0.0,0.0002,0.0004,0.0002,0.0008,0.9981,0.0001,0.0001
CT015286,Zone_03,Zone_03,0.9983,0.0006,0.0005,0.9983,0.0004,0.0001,0.0,0.0,0.0,0.0,0.0001
CT005135,Zone_07,Zone_07,0.9507,0.0,0.0,0.0001,0.0005,0.0003,0.0471,0.9507,0.0008,0.0004,0.0001
CT008332,Zone_08,Zone_08,0.7224,0.0,0.0,0.0001,0.0003,0.0003,0.0001,0.2764,0.7224,0.0003,0.0001
CT016084,Zone_07,Zone_07,0.9199,0.0,0.0001,0.0002,0.0008,0.0004,0.0764,0.9199,0.0017,0.0005,0.0001
CT019945,Zone_02,Zone_02,0.9982,0.0006,0.9982,0.0005,0.0005,0.0001,0.0,0.0,0.0,0.0,0.0
CT005966,Zone_04,Zone_04,0.9951,0.0006,0.0011,0.0013,0.9951,0.0004,0.0002,0.0008,0.0002,0.0002,0.0002
CT014695,Zone_07,Zone_07,0.9844,0.0,0.0,0.0001,0.0004,0.0003,0.0006,0.9844,0.0136,0.0005,0.0002
CT015238,Zone_08,Zone_08,0.6826,0.0,0.0002,0.0003,0.0009,0.0006,0.0022,0.3123,0.6826,0.0006,0.0004
CT006490,Zone_09,Zone_09,0.9986,0.0,0.0,0.0,0.0,0.0001,0.0001,0.0003,0.0002,0.9986,0.0006
CT001094,Zone_04,Zone_04,0.9954,0.0007,0.0013,0.0012,0.9954,0.0004,0.0003,0.0002,0.0002,0.0001,0.0002
CT017047,Zone_03,Zone_03,0.998,0.0004,0.0006,0.998,0.0007,0.0001,0.0,0.0,0.0,0.0,0.0001
CT014949,Zone_07,Zone_07,0.9871,0.0,0.0,0.0001,0.0003,0.0003,0.0007,0.9871,0.0109,0.0004,0.0001
CT008300,Zone_04,Zone_04,0.9972,0.0001,0.0002,0.0003,0.9972,0.0008,0.0001,0.0006,0.0006,0.0001,0.0
CT017848,Zone_02,Zone_02,0.9983,0.0005,0.9983,0.0005,0.0005,0.0001,0.0,0.0,0.0,0.0,0.0
CT013843,Zone_08,Zone_08,0.6528,0.0,0.0001,0.0002,0.0004,0.0003,0.0004,0.3455,0.6528,0.0003,0.0001
CT019594,Zone_04,Zone_04,0.9975,0.0002,0.0005,0.0005,0.9975,0.0004,0.0003,0.0003,0.0002,0.0001,0.0
CT004645,Zone_04,Zone_04,0.9975,0.0002,0.0005,0.0004,0.9975,0.0004,0.0001,0.0004,0.0004,0.0001,0.0
CT004287,Zone_06,Zone_06,0.9989,0.0,0.0,0.0,0.0002,0.0001,0.9989,0.0005,0.0003,0.0,0.0
CT001216,Zone_07,Zone_07,0.679,0.0,0.0,0.0001,0.0011,0.0014,0.0002,0.679,0.3174,0.0005,0.0002
CT000315,Zone_05,Zone_05,0.9972,0.0,0.0,0.0001,0.0006,0.9972,0.0,0.0009,0.0009,0.0001,0.0
CT001071,Zone_07,Zone_07,0.9714,0.0,0.0001,0.0001,0.0007,0.0004,0.025,0.9714,0.0017,0.0005,0.0001
CT006833,Zone_04,Zone_04,0.9949,0.0007,0.0012,0.0013,0.9949,0.0005,0.0003,0.0006,0.0001,0.0002,0.0002
CT013242,Zone_04,Zone_04,0.9965,0.0002,0.0003,0.0004,0.9965,0.0009,0.0001,0.0004,0.0012,0.0001,0.0
CT006979,Zone_07,Zone_07,0.9887,0.0,0.0,0.0001,0.0004,0.0002,0.0036,0.9887,0.0065,0.0003,0.0001
CT018661,Zone_07,Zone_07,0.6353,0.0,0.0001,0.0002,0.0012,0.0021,0.0005,0.6353,0.3591,0.001,0.0004
CT018386,Zone_04,Zone_04,0.9973,0.0001,0.0005,0.0004,0.9973,0.0004,0.0005,0.0004,0.0002,0.0001,0.0
CT002370,Zone_07,Zone_07,0.9426,0.0,0.0,0.0001,0.001,0.0011,0.0034,0.9426,0.051,0.0005,0.0002
CT002132,Zone_07,Zone_07,0.9828,0.0,0.0001,0.0001,0.0005,0.0004,0.0011,0.9828,0.0143,0.0005,0.0002
CT017744,Zone_07,Zone_07,0.906,0.0,0.0001,0.0002,0.0012,0.0006,0.0894,0.906,0.0016,0.0007,0.0002
CT017030,Zone_07,Zone_07,0.906,0.0,0.0001,0.0002,0.0007,0.0004,0.0911,0.906,0.0011,0.0005,0.0001
CT005641,Zone_05,Zone_05,0.9965,0.0,0.0,0.0001,0.0007,0.9965,0.0,0.0007,0.0018,0.0001,0.0
CT001310,Zone_10,Zone_10,0.9989,0.0,0.0,0.0,0.0,0.0,0.0001,0.0001,0.0001,0.0007,0.9989
CT001970,Zone_07,Zone_07,0.8772,0.0,0.0,0.0001,0.0006,0.0009,0.0002,0.8772,0.1204,0.0005,0.0001
CT018302,Zone_03,Zone_03,0.9983,0.0005,0.0004,0.9983,0.0006,0.0001,0.0,0.0,0.0,0.0,0.0
CT007017,Zone_05,Zone_05,0.9978,0.0,0.0,0.0001,0.0005,0.9978,0.0,0.0007,0.0007,0.0001,0.0
CT009534,Zone_08,Zone_08,0.9969,0.0,0.0,0.0001,0.0003,0.0007,0.0001,0.0015,0.9969,0.0003,0.0002
CT007613,Zone_07,Zone_08,0.6611,0.0,0.0001,0.0002,0.0003,0.0003,0.0001,0.3374,0.6611,0.0004,0.0003
CT007959,Zone_03,Zone_03,0.9983,0.0005,0.0005,0.9983,0.0005,0.0001,0.0,0.0,0.0,0.0,0.0001
CT011589,Zone_03,Zone_03,0.9982,0.0005,0.0006,0.9982,0.0005,0.0001,0.0001,0.0,0.0,0.0,0.0001
CT013010,Zone_05,Zone_05,0.9982,0.0,0.0,0.0001,0.0004,0.9982,0.0,0.0004,0.0008,0.0001,0.0
CT006768,Zone_08,Zone_08,0.9982,0.0,0.0,0.0,0.0002,0.0004,0.0,0.0009,0.9982,0.0001,0.0001
CT006323,Zone_07,Zone_07,0.9659,0.0,0.0,0.0001,0.0005,0.0003,0.0321,0.9659,0.0008,0.0003,0.0001
CT011059,Zone_10,Zone_10,0.9992,0.0,0.0,0.0,0.0,0.0,0.0,0.0001,0.0001,0.0005,0.9992
CT015151,Zone_02,Zone_02,0.9981,0.0006,0.9981,0.0005,0.0006,0.0001,0.0,0.0,0.0,0.0,0.0
CT006959,Zone_05,Zone_05,0.9984,0.0,0.0001,0.0001,0.0005,0.9984,0.0001,0.0004,0.0003,0.0001,0.0
CT008847,Zone_07,Zone_07,0.9917,0.0,0.0,0.0001,0.0003,0.0002,0.0016,0.9917,0.0057,0.0003,0.0001
CT002933,Zone_08,Zone_07,0.6572,0.0,0.0001,0.0002,0.0017,0.0018,0.0011,0.6572,0.3365,0.0009,0.0005
CT017291,Zone_07,Zone_08,0.5793,0.0,0.0001,0.0001,0.0003,0.0003,0.0001,0.4194,0.5793,0.0003,0.0002
CT017333,Zone_01,Zone_01,0.9984,0.9984,0.0006,0.0006,0.0004,0.0,0.0,0.0,0.0,0.0,0.0
CT000747,Zone_04,Zone_04,0.9963,0.0001,0.0004,0.0005,0.9963,0.001,0.0006,0.0006,0.0003,0.0001,0.0
CT018963,Zone_07,Zone_07,0.9697,0.0,0.0,0.0001,0.0003,0.0003,0.0001,0.9697,0.0291,0.0004,0.0001
CT003735,Zone_03,Zone_03,0.9982,0.0006,0.0005,0.9982,0.0005,0.0001,0.0,0.0,0.0,0.0,0.0001
CT010146,Zone_06,Zone_06,0.9975,0.0,0.0,0.0,0.0004,0.0001,0.9975,0.001,0.0009,0.0001,0.0
CT009830,Zone_07,Zone_07,0.8762,0.0,0.0,0.0001,0.0007,0.001,0.0003,0.8762,0.1209,0.0006,0.0002
CT018668,Zone_07,Zone_07,0.9534,0.0,0.0001,0.0002,0.0007,0.0005,0.0427,0.9534,0.0019,0.0005,0.0001
CT004359,Zone_08,Zone_08,0.9972,0.0,0.0,0.0001,0.0004,0.0006,0.0001,0.0013,0.9972,0.0003,0.0002
CT014643,Zone_07,Zone_08,0.5512,0.0,0.0001,0.0003,0.0006,0.0005,0.0017,0.4448,0.5512,0.0005,0.0003
CT016761,Zone_06,Zone_06,0.9996,0.0,0.0,0.0,0.0001,0.0,0.9996,0.0003,0.0,0.0,0.0
CT002095,Zone_06,Zone_06,0.9984,0.0,0.0,0.0,0.0002,0.0001,0.9984,0.0007,0.0006,0.0001,0.0
CT003860,Zone_03,Zone_03,0.9982,0.0004,0.0005,0.9982,0.0006,0.0001,0.0,0.0,0.0,0.0,0.0001
CT008339,Zone_08,Zone_08,0.997,0.0,0.0,0.0,0.0002,0.0004,0.0,0.002,0.997,0.0002,0.0001
CT013261,Zone_05,Zone_05,0.9984,0.0,0.0,0.0001,0.0004,0.9984,0.0001,0.0003,0.0005,0.0001,0.0
CT009507,Zone_07,Zone_07,0.9293,0.0,0.0,0.0001,0.0009,0.0011,0.0011,0.9293,0.0668,0.0005,0.0002
CT003012,Zone_07,Zone_07,0.8318,0.0,0.0,0.0001,0.0005,0.0004,0.166,0.8318,0.0007,0.0003,0.0001
CT012141,Zone_05,Zone_05,0.9982,0.0,0.0001,0.0001,0.0006,0.9982,0.0003,0.0003,0.0003,0.0001,0.0
CT003130,Zone_10,Zone_10,0.999,0.0,0.0,0.0,0.0,0.0,0.0,0.0001,0.0002,0.0006,0.999
CT002174,Zone_03,Zone_03,0.9982,0.0004,0.0005,0.9982,0.0007,0.0001,0.0,0.0,0.0,0.0,0.0
CT002034,Zone_08,Zone_08,0.9971,0.0,0.0,0.0001,0.0004,0.0005,0.0003,0.0012,0.9971,0.0002,0.0001
CT017587,Zone_07,Zone_07,0.5391,0.0,0.0001,0.0002,0.0007,0.0005,0.4581,0.5391,0.0007,0.0005,0.0001
CT004183,Zone_08,Zone_08,0.6582,0.0,0.0001,0.0002,0.0005,0.0004,0.0002,0.3398,0.6582,0.0004,0.0002
CT015099,Zone_06,Zone_07,0.8214,0.0,0.0,0.0001,0.0005,0.0003,0.1768,0.8214,0.0005,0.0004,0.0001
CT016293,Zone_04,Zone_04,0.9934,0.0006,0.001,0.0013,0.9934,0.0004,0.0027,0.0003,0.0001,0.0002,0.0001
CT013606,Zone_08,Zone_08,0.7907,0.0,0.0,0.0001,0.0002,0.0002,0.0,0.2085,0.7907,0.0002,0.0001
CT005730,Zone_04,Zone_04,0.9975,0.0002,0.0004,0.0005,0.9975,0.0004,0.0002,0.0006,0.0001,0.0001,0.0
CT017148,Zone_05,Zone_05,0.9978,0.0,0.0,0.0001,0.0005,0.9978,0.0001,0.0003,0.0009,0.0001,0.0
CT002424,Zone_03,Zone_03,0.9985,0.0004,0.0004,0.9985,0.0005,0.0001,0.0,0.0,0.0,0.0,0.0
CT016190,Zone_01,Zone_01,0.9988,0.9988,0.0005,0.0004,0.0002,0.0,0.0,0.0,0.0,0.0,0.0
CT005313,Zone_04,Zone_04,0.9972,0.0001,0.0003,0.0002,0.9972,0.0007,0.0007,0.0005,0.0002,0.0,0.0
CT013882,Zone_01,Zone_01,0.9985,0.9985,0.0006,0.0004,0.0003,0.0,0.0,0.0,0.0,0.0,0.0
CT010479,Zone_01,Zone_01,0.9988,0.9988,0.0005,0.0004,0.0002,0.0,0.0,0.0,0.0,0.0,0.0
CT011806,Zone_08,Zone_08,0.7706,0.0,0.0,0.0001,0.0002,0.0002,0.0,0.2283,0.7706,0.0003,0.0002
CT007945,Zone_07,Zone_08,0.7373,0.0,0.0,0.0001,0.0003,0.0003,0.0001,0.2614,0.7373,0.0003,0.0001
CT009470,Zone_01,Zone_01,0.9989,0.9989,0.0005,0.0003,0.0003,0.0,0.0,0.0,0.0,0.0,0.0
CT004657,Zone_07,Zone_07,0.5677,0.0,0.0001,0.0001,0.0006,0.0005,0.4299,0.5677,0.0007,0.0004,0.0001
CT017571,Zone_08,Zone_08,0.9964,0.0,0.0,0.0001,0.0003,0.0007,0.0002,0.0019,0.9964,0.0002,0.0002
CT002395,Zone_07,Zone_08,0.8611,0.0,0.0,0.0001,0.0003,0.0002,0.0001,0.1378,0.8611,0.0002,0.0001
CT006184,Zone_07,Zone_08,0.5624,0.0,0.0001,0.0001,0.0005,0.0003,0.0005,0.4355,0.5624,0.0004,0.0002
CT002260,Zone_08,Zone_08,0.9984,0.0,0.0,0.0,0.0003,0.0004,0.0001,0.0006,0.9984,0.0001,0.0001
CT012544,Zone_07,Zone_07,0.813,0.0,0.0,0.0001,0.0006,0.0011,0.0001,0.813,0.1841,0.0006,0.0003
CT000082,Zone_08,Zone_08,0.9967,0.0,0.0,0.0001,0.0004,0.0007,0.0001,0.0016,0.9967,0.0002,0.0002
CT008599,Zone_08,Zone_08,0.9983,0.0,0.0,0.0,0.0003,0.0004,0.0001,0.0007,0.9983,0.0002,0.0001
CT005271,Zone_10,Zone_10,0.9994,0.0,0.0,0.0,0.0,0.0,0.0,0.0001,0.0001,0.0004,0.9994
CT011716,Zone_07,Zone_07,0.942,0.0,0.0001,0.0002,0.0006,0.0004,0.0549,0.942,0.0012,0.0005,0.0001
CT014699,Zone_08,Zone_08,0.9963,0.0,0.0,0.0001,0.0005,0.0007,0.0001,0.0018,0.9963,0.0003,0.0002
CT015110,Zone_07,Zone_07,0.8495,0.0,0.0001,0.0003,0.001,0.0007,0.1441,0.8495,0.0031,0.0009,0.0003
CT018536,Zone_02,Zone_02,0.998,0.0008,0.998,0.0006,0.0005,0.0001,0.0,0.0,0.0,0.0,0.0
CT004364,Zone_10,Zone_10,0.999,0.0,0.0,0.0,0.0,0.0,0.0,0.0001,0.0002,0.0006,0.999
CT012484,Zone_07,Zone_07,0.9574,0.0,0.0001,0.0002,0.001,0.0008,0.0145,0.9574,0.0248,0.0009,0.0003
CT003206,Zone_08,Zone_08,0.9986,0.0,0.0,0.0,0.0002,0.0004,0.0,0.0005,0.9986,0.0001,0.0001
CT010724,Zone_03,Zone_03,0.998,0.0005,0.0005,0.998,0.0007,0.0001,0.0,0.0,0.0,0.0,0.0001
CT016270,Zone_07,Zone_07,0.9423,0.0,0.0,0.0001,0.0004,0.0002,0.056,0.9423,0.0005,0.0004,0.0001
CT009983,Zone_10,Zone_10,0.9987,0.0,0.0,0.0,0.0,0.0,0.0,0.0003,0.0001,0.0007,0.9987
CT006545,Zone_04,Zone_04,0.9953,0.0006,0.0009,0.0012,0.9953,0.0005,0.0001,0.0007,0.0003,0.0002,0.0002
CT013058,Zone_07,Zone_07,0.8556,0.0,0.0,0.0001,0.0005,0.0006,0.0,0.8556,0.1427,0.0003,0.0001
CT011391,Zone_04,Zone_04,0.9967,0.0001,0.0003,0.0004,0.9967,0.0009,0.0,0.0008,0.0006,0.0001,0.0
CT016543,Zone_04,Zone_04,0.9972,0.0001,0.0003,0.0003,0.9972,0.0009,0.0001,0.0007,0.0004,0.0001,0.0
CT014697,Zone_01,Zone_01,0.9989,0.9989,0.0005,0.0003,0.0002,0.0,0.0,0.0,0.0,0.0,0.0
CT010490,Zone_08,Zone_08,0.6322,0.0,0.0001,0.0002,0.0004,0.0003,0.0002,0.3662,0.6322,0.0004,0.0002
CT001830,Zone_08,Zone_08,0.9956,0.0,0.0,0.0001,0.0005,0.0009,0.0001,0.0022,0.9956,0.0003,0.0002
CT008718,Zone_02,Zone_02,0.9982,0.0005,0.9982,0.0005,0.0007,0.0001,0.0,0.0,0.0,0.0,0.0
CT013174,Zone_08,Zone_08,0.9971,0.0,0.0,0.0,0.0003,0.0005,0.0,0.0017,0.9971,0.0002,0.0001
CT009505,Zone_07,Zone_07,0.7675,0.0,0.0001,0.0002,0.0011,0.0016,0.0011,0.7675,0.2273,0.0008,0.0003
CT006522,Zone_08,Zone_08,0.9982,0.0,0.0,0.0,0.0003,0.0005,0.0002,0.0005,0.9982,0.0001,0.0001
CT018660,Zone_08,Zone_08,0.5213,0.0,0.0001,0.0001,0.0014,0.0014,0.0002,0.4747,0.5213,0.0006,0.0003
CT015351,Zone_03,Zone_03,0.9982,0.0004,0.0005,0.9982,0.0007,0.0001,0.0,0.0,0.0,0.0,0.0
CT009048,Zone_08,Zone_08,0.9991,0.0,0.0,0.0,0.0002,0.0003,0.0,0.0003,0.9991,0.0001,0.0001
CT012780,Zone_07,Zone_07,0.9795,0.0,0.0,0.0001,0.0003,0.0002,0.0003,0.9795,0.0191,0.0003,0.0001
CT019844,Zone_07,Zone_07,0.8914,0.0,0.0,0.0001,0.0005,0.0006,0.0,0.8914,0.107,0.0003,0.0001
CT012602,Zone_06,Zone_06,0.9992,0.0,0.0,0.0,0.0001,0.0,0.9992,0.0005,0.0002,0.0,0.0
CT004285,Zone_06,Zone_06,0.9999,0.0,0.0,0.0,0.0,0.0,0.9999,0.0001,0.0,0.0,0.0
CT002864,Zone_03,Zone_03,0.9984,0.0004,0.0005,0.9984,0.0005,0.0001,0.0,0.0,0.0,0.0,0.0
CT007820,Zone_08,Zone_08,0.997,0.0,0.0,0.0001,0.0004,0.0007,0.0001,0.0011,0.997,0.0003,0.0003
CT015776,Zone_07,Zone_07,0.8762,0.0,0.0001,0.0002,0.0009,0.0007,0.1185,0.8762,0.0025,0.0007,0.0002
CT019874,Zone_04,Zone_04,0.9944,0.001,0.0013,0.0015,0.9944,0.0005,0.0006,0.0003,0.0001,0.0002,0.0002
CT019503,Zone_07,Zone_08,0.7434,0.0,0.0001,0.0002,0.0003,0.0003,0.0005,0.2548,0.7434,0.0004,0.0002
CT005881,Zone_04,Zone_04,0.9963,0.0002,0.0003,0.0004,0.9963,0.0012,0.0,0.0006,0.0009,0.0001,0.0
CT013188,Zone_03,Zone_03,0.9983,0.0006,0.0005,0.9983,0.0004,0.0001,0.0,0.0,0.0,0.0,0.0001
CT013895,Zone_01,Zone_01,0.9985,0.9985,0.0006,0.0004,0.0004,0.0,0.0,0.0,0.0,0.0,0.0
CT004274,Zone_07,Zone_07,0.9205,0.0,0.0001,0.0001,0.0007,0.0004,0.0767,0.9205,0.001,0.0004,0.0001
CT001154,Zone_03,Zone_03,0.9981,0.0006,0.0005,0.9981,0.0005,0.0001,0.0,0.0,0.0,0.0,0.0001
CT011950,Zone_08,Zone_08,0.9974,0.0,0.0,0.0,0.0004,0.0006,0.0001,0.0013,0.9974,0.0002,0.0001
CT004532,Zone_04,Zone_04,0.9976,0.0001,0.0002,0.0003,0.9976,0.0007,0.0001,0.0006,0.0003,0.0001,0.0
CT014691,Zone_06,Zone_06,0.9995,0.0,0.0,0.0,0.0001,0.0,0.9995,0.0002,0.0002,0.0,0.0
CT019988,Zone_07,Zone_08,0.6233,0.0,0.0001,0.0002,0.0006,0.0004,0.0005,0.3739,0.6233,0.0005,0.0003
CT005142,Zone_07,Zone_07,0.9117,0.0,0.0,0.0001,0.0007,0.0011,0.0002,0.9117,0.0856,0.0004,0.0002
CT007514,Zone_07,Zone_08,0.6566,0.0,0.0001,0.0001,0.0003,0.0002,0.0001,0.3422,0.6566,0.0003,0.0001
CT015396,Zone_06,Zone_06,0.9995,0.0,0.0,0.0,0.0001,0.0,0.9995,0.0002,0.0001,0.0,0.0
CT008740,Zone_07,Zone_07,0.6022,0.0,0.0001,0.0002,0.0004,0.0003,0.0004,0.6022,0.396,0.0004,0.0001
CT016345,Zone_07,Zone_08,0.7176,0.0,0.0001,0.0001,0.0004,0.0003,0.0002,0.2808,0.7176,0.0003,0.0002
CT001580,Zone_07,Zone_07,0.924,0.0,0.0001,0.0002,0.0007,0.0005,0.0727,0.924,0.001,0.0006,0.0002
CT019081,Zone_08,Zone_08,0.6326,0.0,0.0001,0.0002,0.0003,0.0003,0.0002,0.3658,0.6326,0.0004,0.0002
CT002546,Zone_05,Zone_05,0.9978,0.0,0.0001,0.0001,0.0006,0.9978,0.0003,0.0006,0.0005,0.0001,0.0
CT001046,Zone_04,Zone_04,0.9961,0.0001,0.0003,0.0004,0.9961,0.001,0.0,0.0007,0.0014,0.0001,0.0
CT002075,Zone_05,Zone_05,0.9981,0.0,0.0001,0.0001,0.0006,0.9981,0.0001,0.0003,0.0007,0.0001,0.0
CT004981,Zone_06,Zone_06,0.9986,0.0,0.0,0.0,0.0002,0.0001,0.9986,0.0008,0.0002,0.0001,0.0
CT006402,Zone_01,Zone_01,0.9985,0.9985,0.0006,0.0004,0.0004,0.0,0.0,0.0,0.0,0.0,0.0
CT013406,Zone_08,Zone_08,0.9978,0.0,0.0,0.0,0.0003,0.0004,0.0001,0.001,0.9978,0.0002,0.0001
CT003999,Zone_04,Zone_04,0.997,0.0001,0.0003,0.0003,0.997,0.001,0.0001,0.0005,0.0007,0.0001,0.0
CT008178,Zone_07,Zone_07,0.6737,0.0,0.0001,0.0002,0.0012,0.0016,0.0006,0.6737,0.3216,0.0007,0.0003
CT019174,Zone_04,Zone_04,0.9982,0.0001,0.0003,0.0004,0.9982,0.0003,0.0001,0.0002,0.0003,0.0001,0.0
CT002825,Zone_10,Zone_10,0.9992,0.0,0.0,0.0,0.0,0.0,0.0,0.0001,0.0001,0.0005,0.9992
CT013837,Zone_07,Zone_07,0.9799,0.0,0.0001,0.0002,0.0006,0.0005,0.0028,0.9799,0.015,0.0007,0.0002
CT000646,Zone_06,Zone_07,0.9057,0.0,0.0001,0.0002,0.0006,0.0004,0.0916,0.9057,0.0009,0.0005,0.0001
CT011723,Zone_07,Zone_07,0.5116,0.0,0.0001,0.0003,0.0009,0.0006,0.0036,0.5116,0.482,0.0006,0.0003
CT006219,Zone_01,Zone_01,0.9988,0.9988,0.0005,0.0003,0.0003,0.0,0.0,0.0,0.0,0.0,0.0
CT010605,Zone_08,Zone_08,0.9971,0.0,0.0,0.0,0.0003,0.0004,0.0001,0.0017,0.9971,0.0002,0.0001
CT012964,Zone_07,Zone_07,0.972,0.0,0.0001,0.0002,0.0007,0.0005,0.0078,0.972,0.0179,0.0007,0.0002
CT019333,Zone_07,Zone_08,0.68,0.0,0.0,0.0001,0.0002,0.0002,0.0001,0.3192,0.68,0.0002,0.0001
CT002781,Zone_03,Zone_03,0.9982,0.0005,0.0005,0.9982,0.0006,0.0001,0.0,0.0,0.0,0.0,0.0001
CT005844,Zone_07,Zone_07,0.7721,0.0,0.0001,0.0002,0.0015,0.0022,0.0011,0.7721,0.2218,0.0007,0.0003
CT016272,Zone_09,Zone_09,0.9982,0.0,0.0,0.0,0.0,0.0001,0.0001,0.0004,0.0004,0.9982,0.0007
CT019999,Zone_08,Zone_08,0.7212,0.0,0.0001,0.0002,0.0005,0.0004,0.0005,0.2765,0.7212,0.0004,0.0002
CT010647,Zone_08,Zone_08,0.998,0.0,0.0,0.0,0.0001,0.0006,0.0,0.0012,0.998,0.0,0.0001
CT019947,Zone_07,Zone_08,0.7776,0.0,0.0001,0.0001,0.0003,0.0003,0.0001,0.2212,0.7776,0.0002,0.0001
CT005332,Zone_07,Zone_07,0.9847,0.0,0.0,0.0001,0.0003,0.0002,0.0002,0.9847,0.0141,0.0003,0.0001
CT003346,Zone_08,Zone_08,0.6128,0.0,0.0,0.0001,0.0002,0.0002,0.0,0.3865,0.6128,0.0002,0.0001
CT005609,Zone_08,Zone_08,0.9961,0.0,0.0,0.0001,0.0004,0.0008,0.0001,0.002,0.9961,0.0003,0.0002
CT019514,Zone_07,Zone_07,0.921,0.0,0.0001,0.0002,0.0008,0.0005,0.0751,0.921,0.0016,0.0006,0.0001
CT013136,Zone_10,Zone_10,0.9991,0.0,0.0,0.0,0.0,0.0,0.0,0.0001,0.0001,0.0005,0.9991
CT018254,Zone_01,Zone_01,0.9978,0.9978,0.0009,0.0007,0.0005,0.0,0.0,0.0,0.0,0.0,0.0
CT004521,Zone_03,Zone_03,0.9985,0.0005,0.0004,0.9985,0.0004,0.0001,0.0,0.0,0.0,0.0,0.0001
CT006517,Zone_07,Zone_08,0.5171,0.0,0.0001,0.0002,0.0004,0.0003,0.0007,0.4805,0.5171,0.0004,0.0002
CT014939,Zone_07,Zone_07,0.993,0.0,0.0,0.0001,0.0003,0.0002,0.0005,0.993,0.0057,0.0002,0.0001
CT007530,Zone_01,Zone_01,0.9984,0.9984,0.0006,0.0005,0.0004,0.0,0.0,0.0,0.0,0.0,0.0
CT013699,Zone_04,Zone_04,0.9949,0.0008,0.0012,0.0013,0.9949,0.0004,0.0002,0.0005,0.0002,0.0002,0.0002
CT015302,Zone_01,Zone_01,0.9986,0.9986,0.0005,0.0005,0.0003,0.0,0.0,0.0,0.0,0.0,0.0
CT001845,Zone_03,Zone_03,0.9985,0.0004,0.0004,0.9985,0.0005,0.0001,0.0001,0.0,0.0,0.0,0.0
CT016878,Zone_02,Zone_02,0.9984,0.0006,0.9984,0.0004,0.0005,0.0,0.0,0.0,0.0,0.0,0.0
CT014213,Zone_03,Zone_03,0.9984,0.0005,0.0004,0.9984,0.0004,0.0001,0.0,0.0,0.0,0.0,0.0001
CT004956,Zone_04,Zone_04,0.9958,0.0005,0.001,0.0012,0.9958,0.0004,0.0002,0.0004,0.0003,0.0001,0.0001
CT017983,Zone_06,Zone_06,0.9991,0.0,0.0,0.0,0.0002,0.0,0.9991,0.0004,0.0003,0.0,0.0
CT013838,Zone_05,Zone_05,0.9977,0.0,0.0001,0.0001,0.0005,0.9977,0.0,0.0007,0.0007,0.0001,0.0
CT010501,Zone_05,Zone_05,0.9977,0.0,0.0,0.0001,0.0005,0.9977,0.0,0.0005,0.001,0.0001,0.0
CT003157,Zone_02,Zone_02,0.9984,0.0007,0.9984,0.0005,0.0004,0.0001,0.0,0.0,0.0,0.0,0.0
CT014817,Zone_07,Zone_07,0.9918,0.0,0.0,0.0001,0.0003,0.0002,0.0006,0.9918,0.0068,0.0003,0.0001
CT019780,Zone_01,Zone_01,0.9989,0.9989,0.0005,0.0003,0.0002,0.0,0.0,0.0,0.0,0.0,0.0
CT002061,Zone_10,Zone_10,0.9992,0.0,0.0,0.0,0.0,0.0,0.0,0.0001,0.0001,0.0006,0.9992
CT013935,Zone_07,Zone_07,0.9896,0.0,0.0,0.0,0.0002,0.0001,0.0001,0.9896,0.0097,0.0002,0.0001
CT011630,Zone_07,Zone_08,0.555,0.0,0.0001,0.0002,0.0003,0.0003,0.0001,0.4435,0.555,0.0004,0.0002
CT014337,Zone_08,Zone_08,0.996,0.0,0.0,0.0001,0.0003,0.0005,0.0,0.0029,0.996,0.0002,0.0001
CT005808,Zone_07,Zone_06,0.5818,0.0,0.0,0.0001,0.0005,0.0002,0.5818,0.4166,0.0004,0.0003,0.0001
CT008583,Zone_07,Zone_07,0.8151,0.0,0.0,0.0001,0.0011,0.0014,0.0007,0.8151,0.1805,0.0007,0.0003
CT001061,Zone_10,Zone_10,0.9984,0.0,0.0,0.0,0.0,0.0,0.0,0.0004,0.0004,0.0007,0.9984
CT007004,Zone_07,Zone_07,0.8636,0.0,0.0,0.0001,0.0009,0.0012,0.0003,0.8636,0.1331,0.0005,0.0002
CT003264,Zone_08,Zone_08,0.9956,0.0,0.0,0.0001,0.0004,0.0008,0.0003,0.002,0.9956,0.0004,0.0002
CT002234,Zone_10,Zone_10,0.9989,0.0,0.0,0.0,0.0,0.0,0.0,0.0001,0.0003,0.0006,0.9989
CT013940,Zone_06,Zone_06,0.9991,0.0,0.0,0.0,0.0002,0.0,0.9991,0.0005,0.0001,0.0,0.0
CT001374,Zone_07,Zone_07,0.9866,0.0,0.0,0.0001,0.0004,0.0003,0.001,0.9866,0.011,0.0004,0.0001
CT016783,Zone_02,Zone_02,0.998,0.0006,0.998,0.0005,0.0007,0.0001,0.0,0.0,0.0,0.0,0.0
CT013327,Zone_06,Zone_06,0.9985,0.0,0.0,0.0,0.0002,0.0001,0.9985,0.0009,0.0003,0.0,0.0
CT000454,Zone_01,Zone_01,0.9986,0.9986,0.0006,0.0004,0.0003,0.0,0.0,0.0,0.0,0.0,0.0
CT011967,Zone_08,Zone_08,0.8581,0.0,0.0,0.0001,0.0003,0.0002,0.0002,0.1406,0.8581,0.0002,0.0001
CT009771,Zone_05,Zone_05,0.9983,0.0,0.0,0.0001,0.0003,0.9983,0.0,0.0003,0.0008,0.0001,0.0
CT006245,Zone_03,Zone_03,0.9981,0.0007,0.0005,0.9981,0.0005,0.0001,0.0,0.0,0.0,0.0,0.0001
CT019358,Zone_02,Zone_02,0.9982,0.0007,0.9982,0.0005,0.0005,0.0001,0.0,0.0,0.0,0.0,0.0
CT015880,Zone_07,Zone_07,0.9639,0.0,0.0001,0.0002,0.0006,0.0004,0.0009,0.9639,0.033,0.0007,0.0002
CT015243,Zone_03,Zone_03,0.9982,0.0006,0.0005,0.9982,0.0004,0.0001,0.0,0.0,0.0,0.0,0.0001
CT015567,Zone_07,Zone_08,0.7695,0.0,0.0,0.0001,0.0002,0.0002,0.0001,0.2293,0.7695,0.0003,0.0001
CT010340,Zone_08,Zone_08,0.7217,0.0,0.0001,0.0002,0.0003,0.0002,0.0001,0.2769,0.7217,0.0004,0.0002
CT013245,Zone_04,Zone_04,0.9979,0.0001,0.0004,0.0004,0.9979,0.0003,0.0005,0.0003,0.0001,0.0001,0.0
CT015354,Zone_07,Zone_07,0.6454,0.0,0.0002,0.0003,0.0009,0.0005,0.004,0.6454,0.3478,0.0006,0.0003
CT013142,Zone_02,Zone_02,0.9982,0.0007,0.9982,0.0005,0.0006,0.0001,0.0,0.0,0.0,0.0,0.0
CT015735,Zone_07,Zone_07,0.8815,0.0,0.0001,0.0002,0.0009,0.0004,0.1148,0.8815,0.0015,0.0005,0.0001
CT007361,Zone_08,Zone_08,0.997,0.0,0.0,0.0001,0.0005,0.0007,0.0004,0.0009,0.997,0.0003,0.0002
CT012161,Zone_02,Zone_02,0.9983,0.0007,0.9983,0.0004,0.0004,0.0001,0.0,0.0,0.0,0.0,0.0
CT007762,Zone_10,Zone_10,0.9988,0.0,0.0,0.0,0.0,0.0,0.0,0.0002,0.0002,0.0007,0.9988
CT009990,Zone_04,Zone_04,0.9962,0.0001,0.0003,0.0003,0.9962,0.0012,0.0,0.0006,0.0011,0.0001,0.0
CT013885,Zone_08,Zone_07,0.6809,0.0,0.0,0.0001,0.0005,0.0006,0.0,0.6809,0.3175,0.0003,0.0001
CT001692,Zone_06,Zone_06,0.9997,0.0,0.0,0.0,0.0001,0.0,0.9997,0.0001,0.0,0.0,0.0
CT015993,Zone_03,Zone_03,0.9983,0.0004,0.0005,0.9983,0.0006,0.0001,0.0,0.0,0.0,0.0,0.0001
CT006582,Zone_07,Zone_08,0.8545,0.0,0.0,0.0001,0.0002,0.0002,0.0,0.1447,0.8545,0.0002,0.0001
CT014420,Zone_01,Zone_01,0.9986,0.9986,0.0006,0.0004,0.0003,0.0,0.0,0.0,0.0,0.0,0.0
CT007553,Zone_04,Zone_04,0.9983,0.0001,0.0003,0.0003,0.9983,0.0003,0.0001,0.0002,0.0003,0.0001,0.0
CT018781,Zone_08,Zone_08,0.8125,0.0,0.0001,0.0002,0.0004,0.0003,0.0006,0.1855,0.8125,0.0003,0.0001
CT019256,Zone_02,Zone_02,0.9983,0.0004,0.9983,0.0006,0.0006,0.0001,0.0,0.0,0.0,0.0,0.0
CT009256,Zone_01,Zone_01,0.9986,0.9986,0.0006,0.0004,0.0003,0.0,0.0,0.0,0.0,0.0,0.0
CT012687,Zone_07,Zone_07,0.9892,0.0,0.0,0.0001,0.0002,0.0002,0.0003,0.9892,0.0095,0.0004,0.0001
CT017407,Zone_04,Zone_04,0.9951,0.0006,0.0011,0.0015,0.9951,0.0004,0.0001,0.0005,0.0003,0.0003,0.0002
CT003347,Zone_07,Zone_07,0.9889,0.0,0.0,0.0001,0.0003,0.0002,0.0003,0.9889,0.0099,0.0003,0.0001
CT001746,Zone_07,Zone_08,0.5702,0.0,0.0,0.0001,0.0002,0.0001,0.0,0.4291,0.5702,0.0002,0.0001
CT001279,Zone_07,Zone_07,0.8616,0.0,0.0,0.0001,0.0005,0.0003,0.1359,0.8616,0.001,0.0004,0.0001
CT011040,Zone_07,Zone_07,0.9844,0.0,0.0,0.0001,0.0004,0.0003,0.0137,0.9844,0.0008,0.0004,0.0001
CT012358,Zone_04,Zone_04,0.9954,0.0006,0.0009,0.0012,0.9954,0.0005,0.0001,0.0006,0.0004,0.0002,0.0002
CT018440,Zone_03,Zone_03,0.998,0.0005,0.0005,0.998,0.0007,0.0001,0.0001,0.0,0.0,0.0,0.0001
CT003092,Zone_06,Zone_06,0.9989,0.0,0.0,0.0,0.0001,0.0,0.9989,0.0006,0.0002,0.0,0.0
CT013598,Zone_07,Zone_07,0.8225,0.0,0.0001,0.0001,0.0007,0.0004,0.1748,0.8225,0.0009,0.0004,0.0001
CT011116,Zone_08,Zone_08,0.9948,0.0,0.0001,0.0001,0.0005,0.0012,0.0004,0.0022,0.9948,0.0004,0.0004
CT013367,Zone_08,Zone_08,0.998,0.0,0.0,0.0,0.0002,0.0003,0.0,0.0011,0.998,0.0001,0.0001
CT005362,Zone_02,Zone_02,0.9982,0.0007,0.9982,0.0005,0.0005,0.0001,0.0,0.0,0.0,0.0,0.0
CT007978,Zone_10,Zone_10,0.9989,0.0,0.0,0.0,0.0,0.0,0.0,0.0002,0.0004,0.0005,0.9989
CT019219,Zone_10,Zone_10,0.999,0.0,0.0,0.0,0.0,0.0,0.0,0.0001,0.0002,0.0007,0.999
CT008245,Zone_10,Zone_10,0.9992,0.0,0.0,0.0,0.0,0.0,0.0,0.0001,0.0001,0.0006,0.9992
CT004130,Zone_06,Zone_06,0.9996,0.0,0.0,0.0,0.0001,0.0,0.9996,0.0002,0.0001,0.0,0.0
CT002667,Zone_06,Zone_06,0.9999,0.0,0.0,0.0,0.0,0.0,0.9999,0.0,0.0,0.0,0.0
CT015590,Zone_07,Zone_07,0.9674,0.0,0.0,0.0001,0.0004,0.0004,0.0004,0.9674,0.0306,0.0005,0.0001
CT006774,Zone_10,Zone_10,0.9991,0.0,0.0,0.0,0.0,0.0,0.0,0.0001,0.0002,0.0005,0.9991
CT017756,Zone_07,Zone_07,0.9872,0.0,0.0,0.0001,0.0004,0.0003,0.002,0.9872,0.0095,0.0004,0.0001
CT015010,Zone_08,Zone_08,0.997,0.0,0.0,0.0001,0.0003,0.0008,0.0001,0.0013,0.997,0.0002,0.0002
CT011019,Zone_03,Zone_03,0.9982,0.0005,0.0005,0.9982,0.0005,0.0001,0.0,0.0,0.0,0.0,0.0001
CT001847,Zone_04,Zone_04,0.9966,0.0001,0.0003,0.0003,0.9966,0.001,0.0,0.0007,0.0007,0.0001,0.0
CT008887,Zone_02,Zone_02,0.9984,0.0007,0.9984,0.0004,0.0004,0.0,0.0,0.0,0.0,0.0,0.0
CT004703,Zone_04,Zone_04,0.9967,0.0001,0.0003,0.0004,0.9967,0.001,0.0001,0.0008,0.0006,0.0001,0.0
CT013283,Zone_09,Zone_09,0.9976,0.0,0.0,0.0,0.0,0.0001,0.0,0.0006,0.0011,0.9976,0.0005
CT000194,Zone_07,Zone_07,0.9586,0.0,0.0001,0.0002,0.0009,0.0006,0.0361,0.9586,0.0028,0.0006,0.0001
CT002015,Zone_08,Zone_08,0.9981,0.0,0.0,0.0,0.0003,0.0005,0.0001,0.0006,0.9981,0.0002,0.0001
CT011611,Zone_02,Zone_02,0.9979,0.0007,0.9979,0.0005,0.0008,0.0001,0.0,0.0,0.0,0.0,0.0
CT011047,Zone_07,Zone_07,0.9532,0.0,0.0001,0.0002,0.0007,0.0005,0.0434,0.9532,0.0012,0.0006,0.0001
CT016387,Zone_01,Zone_01,0.9985,0.9985,0.0007,0.0005,0.0003,0.0,0.0,0.0,0.0,0.0,0.0
CT002235,Zone_07,Zone_07,0.9725,0.0,0.0,0.0002,0.0005,0.0004,0.0033,0.9725,0.0223,0.0005,0.0001
CT014149,Zone_08,Zone_08,0.7909,0.0,0.0001,0.0001,0.0004,0.0003,0.0004,0.2073,0.7909,0.0003,0.0002
CT016098,Zone_03,Zone_03,0.9982,0.0005,0.0005,0.9982,0.0005,0.0001,0.0,0.0,0.0,0.0,0.0001
CT008504,Zone_08,Zone_08,0.8032,0.0,0.0001,0.0001,0.0003,0.0003,0.0002,0.1953,0.8032,0.0003,0.0002
CT010153,Zone_02,Zone_02,0.9982,0.0007,0.9982,0.0005,0.0006,0.0001,0.0,0.0,0.0,0.0,0.0
CT006191,Zone_07,Zone_07,0.7001,0.0,0.0001,0.0002,0.0007,0.0005,0.2965,0.7001,0.0012,0.0007,0.0001
CT014620,Zone_03,Zone_03,0.9985,0.0004,0.0005,0.9985,0.0005,0.0001,0.0,0.0,0.0,0.0,0.0
CT000032,Zone_10,Zone_10,0.9987,0.0,0.0,0.0,0.0,0.0,0.0,0.0001,0.0005,0.0006,0.9987
CT016518,Zone_07,Zone_07,0.7858,0.0,0.0,0.0001,0.0007,0.0009,0.0002,0.7858,0.2116,0.0004,0.0001
CT010483,Zone_07,Zone_07,0.9783,0.0,0.0,0.0002,0.0005,0.0005,0.0035,0.9783,0.0161,0.0007,0.0002
CT008502,Zone_07,Zone_07,0.9744,0.0,0.0,0.0001,0.0007,0.0004,0.0033,0.9744,0.0205,0.0004,0.0001
CT013939,Zone_08,Zone_07,0.5596,0.0,0.0001,0.0003,0.0007,0.0004,0.0013,0.5596,0.4365,0.0007,0.0003
CT000383,Zone_07,Zone_07,0.9829,0.0,0.0001,0.0002,0.0006,0.0005,0.0028,0.9829,0.0122,0.0006,0.0002
CT001259,Zone_07,Zone_07,0.6973,0.0,0.0001,0.0002,0.001,0.0016,0.0005,0.6973,0.2981,0.0009,0.0003
CT018794,Zone_09,Zone_09,0.9985,0.0,0.0,0.0,0.0,0.0001,0.0001,0.0002,0.0005,0.9985,0.0005
CT018193,Zone_01,Zone_01,0.9984,0.9984,0.0007,0.0005,0.0003,0.0,0.0,0.0,0.0,0.0,0.0
CT012954,Zone_08,Zone_07,0.7659,0.0,0.0,0.0001,0.0006,0.001,0.0,0.7659,0.2316,0.0005,0.0002
CT007983,Zone_06,Zone_06,0.9973,0.0,0.0,0.0,0.0003,0.0001,0.9973,0.001,0.0011,0.0001,0.0
CT012498,Zone_05,Zone_05,0.9983,0.0,0.0001,0.0001,0.0004,0.9983,0.0001,0.0003,0.0006,0.0001,0.0
CT007173,Zone_08,Zone_08,0.6046,0.0,0.0001,0.0001,0.0004,0.0003,0.0001,0.3938,0.6046,0.0003,0.0002
CT004494,Zone_03,Zone_03,0.9982,0.0005,0.0005,0.9982,0.0005,0.0001,0.0,0.0,0.0,0.0,0.0001
CT014334,Zone_02,Zone_02,0.9984,0.0006,0.9984,0.0004,0.0006,0.0001,0.0,0.0,0.0,0.0,0.0
CT013583,Zone_07,Zone_08,0.8396,0.0,0.0,0.0001,0.0002,0.0002,0.0001,0.1594,0.8396,0.0002,0.0001
CT002789,Zone_10,Zone_10,0.999,0.0,0.0,0.0,0.0,0.0,0.0,0.0001,0.0002,0.0006,0.999
CT011048,Zone_08,Zone_08,0.9988,0.0,0.0,0.0,0.0002,0.0003,0.0,0.0005,0.9988,0.0001,0.0001
CT019661,Zone_08,Zone_08,0.9941,0.0,0.0001,0.0001,0.0006,0.0011,0.0007,0.0023,0.9941,0.0005,0.0004
CT001233,Zone_01,Zone_01,0.999,0.999,0.0004,0.0003,0.0002,0.0,0.0,0.0,0.0,0.0,0.0
CT015933,Zone_02,Zone_02,0.9982,0.0007,0.9982,0.0005,0.0006,0.0001,0.0,0.0,0.0,0.0,0.0
CT000512,Zone_07,Zone_07,0.902,0.0,0.0,0.0001,0.0006,0.0004,0.0952,0.902,0.0011,0.0005,0.0001
CT017314,Zone_06,Zone_06,0.9991,0.0,0.0,0.0,0.0001,0.0,0.9991,0.0004,0.0002,0.0,0.0
CT012501,Zone_07,Zone_08,0.8338,0.0,0.0,0.0001,0.0002,0.0002,0.0,0.1655,0.8338,0.0002,0.0001
CT002870,Zone_02,Zone_02,0.9984,0.0005,0.9984,0.0005,0.0005,0.0001,0.0,0.0,0.0,0.0,0.0
CT015451,Zone_04,Zone_04,0.9973,0.0001,0.0003,0.0003,0.9973,0.0008,0.0001,0.0005,0.0004,0.0001,0.0
CT005117,Zone_08,Zone_08,0.7352,0.0,0.0001,0.0002,0.0005,0.0003,0.0008,0.2623,0.7352,0.0005,0.0002
CT002716,Zone_01,Zone_01,0.9985,0.9985,0.0006,0.0005,0.0003,0.0,0.0,0.0,0.0,0.0,0.0
CT010802,Zone_04,Zone_04,0.9953,0.0006,0.0011,0.0013,0.9953,0.0005,0.0002,0.0002,0.0004,0.0002,0.0002
CT002606,Zone_03,Zone_03,0.998,0.0006,0.0005,0.998,0.0007,0.0001,0.0,0.0,0.0,0.0,0.0001
CT018086,Zone_03,Zone_03,0.9979,0.0005,0.0006,0.9979,0.0007,0.0001,0.0001,0.0,0.0,0.0,0.0001
CT009286,Zone_03,Zone_03,0.9982,0.0006,0.0005,0.9982,0.0005,0.0001,0.0,0.0,0.0,0.0,0.0001
CT018800,Zone_05,Zone_05,0.9971,0.0,0.0001,0.0001,0.0005,0.9971,0.0015,0.0004,0.0002,0.0001,0.0
CT000907,Zone_08,Zone_08,0.999,0.0,0.0,0.0,0.0002,0.0003,0.0,0.0004,0.999,0.0001,0.0001
CT005264,Zone_07,Zone_07,0.9762,0.0,0.0,0.0001,0.0004,0.0003,0.0213,0.9762,0.0012,0.0004,0.0001
CT011779,Zone_05,Zone_05,0.9977,0.0,0.0,0.0001,0.0004,0.9977,0.0,0.0005,0.0011,0.0001,0.0
CT013191,Zone_04,Zone_04,0.9977,0.0002,0.0005,0.0005,0.9977,0.0004,0.0002,0.0002,0.0002,0.0001,0.0
CT011795,Zone_08,Zone_08,0.8062,0.0,0.0,0.0001,0.0003,0.0002,0.0,0.1927,0.8062,0.0002,0.0001
CT014951,Zone_07,Zone_07,0.9709,0.0,0.0,0.0001,0.0005,0.0003,0.001,0.9709,0.0267,0.0004,0.0001
CT005734,Zone_06,Zone_06,0.9999,0.0,0.0,0.0,0.0,0.0,0.9999,0.0001,0.0,0.0,0.0
CT005847,Zone_10,Zone_10,0.9991,0.0,0.0,0.0,0.0,0.0,0.0,0.0001,0.0001,0.0006,0.9991
CT009695,Zone_07,Zone_07,0.8464,0.0,0.0,0.0001,0.0004,0.0006,0.0,0.8464,0.1521,0.0002,0.0001
CT000423,Zone_02,Zone_02,0.9985,0.0006,0.9985,0.0004,0.0004,0.0001,0.0,0.0,0.0,0.0,0.0
CT009973,Zone_10,Zone_10,0.999,0.0,0.0,0.0,0.0,0.0,0.0,0.0001,0.0002,0.0006,0.999
CT000895,Zone_07,Zone_07,0.9855,0.0,0.0,0.0001,0.0003,0.0002,0.0001,0.9855,0.0135,0.0003,0.0001
CT017845,Zone_07,Zone_07,0.9878,0.0,0.0,0.0001,0.0004,0.0003,0.003,0.9878,0.0078,0.0004,0.0001
CT010593,Zone_08,Zone_08,0.585,0.0,0.0001,0.0002,0.0005,0.0004,0.0009,0.4122,0.585,0.0005,0.0002
CT007637,Zone_08,Zone_08,0.997,0.0,0.0,0.0001,0.0005,0.0008,0.0003,0.0008,0.997,0.0003,0.0002
CT015618,Zone_01,Zone_01,0.9987,0.9987,0.0006,0.0004,0.0002,0.0,0.0,0.0,0.0,0.0,0.0
CT013002,Zone_07,Zone_08,0.6017,0.0,0.0001,0.0001,0.0004,0.0003,0.0002,0.3967,0.6017,0.0004,0.0001
CT005085,Zone_10,Zone_10,0.9991,0.0,0.0,0.0,0.0,0.0,0.0,0.0001,0.0003,0.0005,0.9991
CT004429,Zone_04,Zone_04,0.9952,0.0005,0.001,0.0012,0.9952,0.0005,0.0002,0.0008,0.0002,0.0002,0.0002
CT014897,Zone_02,Zone_02,0.9982,0.0006,0.9982,0.0005,0.0006,0.0001,0.0,0.0,0.0,0.0,0.0
CT015369,Zone_04,Zone_04,0.9969,0.0002,0.0005,0.0004,0.9969,0.0004,0.001,0.0003,0.0001,0.0001,0.0
CT007909,Zone_07,Zone_07,0.6385,0.0,0.0001,0.0002,0.0012,0.0016,0.0003,0.6385,0.3572,0.0007,0.0003
CT004324,Zone_02,Zone_02,0.9984,0.0006,0.9984,0.0004,0.0005,0.0001,0.0,0.0,0.0,0.0,0.0
CT010619,Zone_10,Zone_10,0.9989,0.0,0.0,0.0,0.0,0.0,0.0,0.0003,0.0001,0.0005,0.9989
CT001470,Zone_03,Zone_03,0.9985,0.0004,0.0005,0.9985,0.0005,0.0001,0.0,0.0,0.0,0.0,0.0
CT010118,Zone_07,Zone_07,0.8783,0.0,0.0,0.0001,0.0007,0.0008,0.0002,0.8783,0.1193,0.0004,0.0001
CT018889,Zone_07,Zone_08,0.7784,0.0,0.0001,0.0002,0.0004,0.0003,0.0001,0.2201,0.7784,0.0003,0.0001
CT011819,Zone_02,Zone_02,0.9983,0.0005,0.9983,0.0005,0.0005,0.0001,0.0,0.0,0.0,0.0,0.0
CT015456,Zone_10,Zone_10,0.999,0.0,0.0,0.0,0.0,0.0,0.0,0.0001,0.0002,0.0006,0.999
CT005530,Zone_07,Zone_07,0.9599,0.0,0.0001,0.0002,0.0007,0.0005,0.003,0.9599,0.0347,0.0007,0.0002
CT012530,Zone_03,Zone_03,0.9982,0.0004,0.0005,0.9982,0.0006,0.0001,0.0,0.0,0.0,0.0,0.0001
CT018439,Zone_01,Zone_01,0.9988,0.9988,0.0005,0.0003,0.0003,0.0,0.0,0.0,0.0,0.0,0.0
CT018205,Zone_02,Zone_02,0.998,0.0008,0.998,0.0006,0.0005,0.0001,0.0,0.0,0.0,0.0,0.0
CT013811,Zone_03,Zone_03,0.9981,0.0005,0.0005,0.9981,0.0006,0.0001,0.0,0.0,0.0,0.0,0.0001
CT015936,Zone_02,Zone_02,0.998,0.0007,0.998,0.0006,0.0006,0.0001,0.0,0.0,0.0,0.0,0.0
CT009280,Zone_06,Zone_06,0.9978,0.0,0.0,0.0,0.0003,0.0001,0.9978,0.0011,0.0006,0.0001,0.0
CT005521,Zone_08,Zone_08,0.9967,0.0,0.0,0.0001,0.0003,0.0006,0.0,0.0019,0.9967,0.0003,0.0002
CT002708,Zone_01,Zone_01,0.9989,0.9989,0.0004,0.0003,0.0002,0.0,0.0,0.0,0.0,0.0,0.0
CT002961,Zone_07,Zone_07,0.9727,0.0,0.0,0.0001,0.0005,0.0003,0.0006,0.9727,0.0255,0.0003,0.0001
CT001105,Zone_03,Zone_03,0.9983,0.0004,0.0005,0.9983,0.0006,0.0001,0.0,0.0,0.0,0.0,0.0
CT008819,Zone_07,Zone_07,0.9686,0.0,0.0,0.0001,0.0003,0.0003,0.0002,0.9686,0.03,0.0005,0.0001
CT011881,Zone_07,Zone_08,0.891,0.0,0.0,0.0001,0.0002,0.0002,0.0001,0.108,0.891,0.0002,0.0001
CT003407,Zone_07,Zone_07,0.8568,0.0,0.0,0.0001,0.0011,0.0009,0.0009,0.8568,0.1395,0.0004,0.0002
CT014653,Zone_08,Zone_08,0.9959,0.0,0.0,0.0001,0.0004,0.0006,0.0001,0.0024,0.9959,0.0003,0.0001
CT007037,Zone_03,Zone_03,0.9981,0.0005,0.0005,0.9981,0.0007,0.0001,0.0,0.0,0.0,0.0,0.0
CT002597,Zone_03,Zone_03,0.9983,0.0004,0.0005,0.9983,0.0006,0.0001,0.0,0.0,0.0,0.0,0.0
CT017198,Zone_04,Zone_04,0.9962,0.0004,0.0009,0.0011,0.9962,0.0004,0.0004,0.0003,0.0001,0.0001,0.0001
CT013197,Zone_07,Zone_07,0.9685,0.0,0.0001,0.0002,0.0008,0.0005,0.026,0.9685,0.0033,0.0006,0.0001
CT017113,Zone_02,Zone_02,0.9983,0.0006,0.9983,0.0005,0.0005,0.0001,0.0,0.0,0.0,0.0,0.0
CT006454,Zone_04,Zone_04,0.9977,0.0002,0.0004,0.0005,0.9977,0.0004,0.0,0.0006,0.0002,0.0001,0.0
CT011416,Zone_07,Zone_07,0.9799,0.0,0.0,0.0001,0.0004,0.0003,0.0003,0.9799,0.0186,0.0003,0.0001
CT012162,Zone_08,Zone_08,0.7486,0.0,0.0001,0.0001,0.0003,0.0003,0.0001,0.2499,0.7486,0.0004,0.0002
CT007500,Zone_02,Zone_02,0.9985,0.0005,0.9985,0.0004,0.0005,0.0001,0.0,0.0,0.0,0.0,0.0
CT003778,Zone_02,Zone_02,0.9985,0.0005,0.9985,0.0005,0.0005,0.0,0.0,0.0,0.0,0.0,0.0
CT009230,Zone_05,Zone_05,0.9977,0.0,0.0,0.0001,0.0005,0.9977,0.0,0.0002,0.0012,0.0001,0.0
CT002791,Zone_07,Zone_07,0.8937,0.0,0.0001,0.0003,0.0012,0.0008,0.0978,0.8937,0.0049,0.0009,0.0003
CT017436,Zone_07,Zone_07,0.5898,0.0,0.0001,0.0002,0.0012,0.0006,0.4038,0.5898,0.0035,0.0007,0.0001
CT017904,Zone_01,Zone_01,0.9989,0.9989,0.0005,0.0004,0.0002,0.0,0.0,0.0,0.0,0.0,0.0
CT010949,Zone_08,Zone_08,0.9962,0.0,0.0,0.0001,0.0004,0.0007,0.0001,0.0023,0.9962,0.0002,0.0001
CT010544,Zone_07,Zone_07,0.9799,0.0,0.0,0.0001,0.0003,0.0003,0.0002,0.9799,0.0188,0.0003,0.0001
CT010939,Zone_05,Zone_05,0.9976,0.0,0.0,0.0001,0.0005,0.9976,0.0,0.0006,0.0011,0.0001,0.0
CT003875,Zone_09,Zone_09,0.9985,0.0,0.0,0.0,0.0,0.0001,0.0002,0.0004,0.0002,0.9985,0.0006
CT016779,Zone_07,Zone_07,0.8478,0.0,0.0,0.0001,0.0008,0.0011,0.0001,0.8478,0.1493,0.0005,0.0002
CT016571,Zone_07,Zone_07,0.504,0.0,0.0001,0.0002,0.0005,0.0004,0.0005,0.504,0.4936,0.0005,0.0002
CT011190,Zone_04,Zone_04,0.9974,0.0001,0.0003,0.0003,0.9974,0.0008,0.0002,0.0003,0.0007,0.0,0.0
CT016864,Zone_03,Zone_03,0.9985,0.0005,0.0004,0.9985,0.0004,0.0001,0.0,0.0,0.0,0.0,0.0
CT015672,Zone_02,Zone_02,0.9984,0.0005,0.9984,0.0005,0.0006,0.0001,0.0,0.0,0.0,0.0,0.0
CT014618,Zone_08,Zone_08,0.8608,0.0,0.0,0.0001,0.0002,0.0002,0.0001,0.1381,0.8608,0.0002,0.0001
CT010551,Zone_06,Zone_06,0.9985,0.0,0.0,0.0,0.0002,0.0001,0.9985,0.0009,0.0003,0.0001,0.0
CT006706,Zone_08,Zone_08,0.996,0.0,0.0,0.0001,0.0005,0.0009,0.0003,0.0018,0.996,0.0003,0.0002
CT018788,Zone_02,Zone_02,0.9985,0.0005,0.9985,0.0004,0.0005,0.0,0.0,0.0,0.0,0.0,0.0
CT003040,Zone_08,Zone_08,0.644,0.0,0.0001,0.0001,0.0004,0.0003,0.0003,0.3541,0.644,0.0004,0.0002
CT009689,Zone_03,Zone_03,0.9981,0.0005,0.0005,0.9981,0.0006,0.0001,0.0001,0.0,0.0,0.0,0.0
CT019161,Zone_07,Zone_07,0.6109,0.0,0.0,0.0001,0.0006,0.0012,0.0001,0.6109,0.3864,0.0005,0.0002
CT006973,Zone_04,Zone_04,0.9946,0.0006,0.0011,0.0013,0.9946,0.0004,0.001,0.0005,0.0001,0.0002,0.0001
CT012087,Zone_07,Zone_08,0.7278,0.0,0.0001,0.0002,0.0005,0.0004,0.0005,0.2699,0.7278,0.0005,0.0002
CT004257,Zone_02,Zone_02,0.9981,0.0007,0.9981,0.0005,0.0006,0.0001,0.0,0.0,0.0,0.0,0.0
CT015185,Zone_10,Zone_10,0.9992,0.0,0.0,0.0,0.0,0.0,0.0,0.0001,0.0001,0.0005,0.9992
CT018669,Zone_07,Zone_08,0.8024,0.0,0.0001,0.0001,0.0004,0.0003,0.0004,0.196,0.8024,0.0003,0.0001
CT010542,Zone_08,Zone_08,0.9983,0.0,0.0,0.0,0.0003,0.0005,0.0001,0.0006,0.9983,0.0002,0.0001
CT009204,Zone_04,Zone_04,0.9972,0.0002,0.0003,0.0004,0.9972,0.0009,0.0003,0.0003,0.0003,0.0001,0.0
CT002835,Zone_08,Zone_08,0.5537,0.0,0.0001,0.0002,0.0006,0.0005,0.0004,0.4439,0.5537,0.0004,0.0003
CT015217,Zone_08,Zone_08,0.9937,0.0,0.0,0.0001,0.0006,0.0011,0.0007,0.0032,0.9937,0.0003,0.0002
CT012787,Zone_08,Zone_08,0.7469,0.0,0.0001,0.0001,0.0004,0.0003,0.0002,0.2516,0.7469,0.0003,0.0002
CT003523,Zone_03,Zone_03,0.9982,0.0005,0.0005,0.9982,0.0006,0.0001,0.0001,0.0,0.0,0.0,0.0
CT013937,Zone_07,Zone_07,0.8341,0.0,0.0001,0.0003,0.0018,0.001,0.1563,0.8341,0.005,0.001,0.0003
CT002830,Zone_08,Zone_08,0.7018,0.0,0.0,0.0001,0.0003,0.0003,0.0001,0.2968,0.7018,0.0003,0.0002
CT011152,Zone_03,Zone_03,0.9987,0.0004,0.0004,0.9987,0.0004,0.0001,0.0,0.0,0.0,0.0,0.0
CT009923,Zone_08,Zone_08,0.8688,0.0,0.0,0.0001,0.0003,0.0002,0.0001,0.1302,0.8688,0.0002,0.0001
CT017358,Zone_07,Zone_07,0.7821,0.0,0.0001,0.0002,0.0011,0.0016,0.0006,0.7821,0.2132,0.0007,0.0004
CT000890,Zone_08,Zone_08,0.7435,0.0,0.0,0.0001,0.0004,0.0003,0.0003,0.2551,0.7435,0.0002,0.0001
CT007180,Zone_04,Zone_04,0.9975,0.0001,0.0003,0.0003,0.9975,0.0007,0.0002,0.0003,0.0006,0.0001,0.0
CT001904,Zone_03,Zone_03,0.9983,0.0005,0.0004,0.9983,0.0005,0.0001,0.0,0.0,0.0,0.0,0.0
CT002714,Zone_03,Zone_03,0.998,0.0005,0.0005,0.998,0.0007,0.0001,0.0001,0.0,0.0,0.0,0.0
CT015659,Zone_07,Zone_08,0.6413,0.0,0.0001,0.0001,0.0004,0.0002,0.0001,0.3574,0.6413,0.0002,0.0001
CT009245,Zone_05,Zone_05,0.9982,0.0,0.0001,0.0001,0.0005,0.9982,0.0,0.0005,0.0006,0.0001,0.0
CT016015,Zone_07,Zone_07,0.908,0.0,0.0,0.0001,0.0008,0.0008,0.0003,0.908,0.0893,0.0005,0.0002
CT002379,Zone_03,Zone_03,0.9984,0.0004,0.0005,0.9984,0.0005,0.0001,0.0001,0.0,0.0,0.0,0.0
CT018387,Zone_10,Zone_10,0.9988,0.0,0.0,0.0,0.0,0.0,0.0,0.0001,0.0002,0.0008,0.9988
CT002482,Zone_04,Zone_04,0.9955,0.0005,0.001,0.0011,0.9955,0.0004,0.0,0.001,0.0002,0.0002,0.0002
CT011149,Zone_03,Zone_03,0.998,0.0007,0.0005,0.998,0.0005,0.0001,0.0,0.0,0.0,0.0,0.0001
CT017032,Zone_02,Zone_02,0.9982,0.0006,0.9982,0.0005,0.0006,0.0001,0.0,0.0,0.0,0.0,0.0
CT004276,Zone_02,Zone_02,0.9985,0.0006,0.9985,0.0004,0.0004,0.0,0.0,0.0,0.0,0.0,0.0
CT012378,Zone_07,Zone_07,0.9866,0.0,0.0,0.0001,0.0004,0.0002,0.0114,0.9866,0.0009,0.0003,0.0001
CT014789,Zone_08,Zone_08,0.9983,0.0,0.0,0.0,0.0002,0.0004,0.0001,0.0007,0.9983,0.0002,0.0001
CT017197,Zone_07,Zone_07,0.6337,0.0,0.0001,0.0002,0.0011,0.0017,0.0003,0.6337,0.3619,0.0007,0.0003
CT000882,Zone_08,Zone_08,0.5853,0.0,0.0,0.0001,0.0003,0.0003,0.0002,0.4132,0.5853,0.0004,0.0002
CT018101,Zone_05,Zone_05,0.9982,0.0,0.0001,0.0001,0.0004,0.9982,0.0001,0.0003,0.0007,0.0001,0.0
CT014848,Zone_08,Zone_08,0.9978,0.0,0.0,0.0001,0.0003,0.0004,0.0001,0.0009,0.9978,0.0002,0.0001
CT002860,Zone_08,Zone_08,0.993,0.0,0.0,0.0001,0.0006,0.0009,0.0003,0.0046,0.993,0.0004,0.0002
CT005873,Zone_03,Zone_03,0.9983,0.0006,0.0005,0.9983,0.0005,0.0001,0.0,0.0,0.0,0.0,0.0001
CT012775,Zone_08,Zone_08,0.9982,0.0,0.0,0.0,0.0002,0.0003,0.0,0.001,0.9982,0.0001,0.0001
CT013998,Zone_08,Zone_08,0.9968,0.0,0.0,0.0,0.0002,0.0004,0.0,0.0023,0.9968,0.0001,0.0001
CT011710,Zone_08,Zone_08,0.6445,0.0,0.0001,0.0002,0.0006,0.0005,0.0012,0.352,0.6445,0.0005,0.0003
CT012212,Zone_02,Zone_02,0.998,0.0008,0.998,0.0005,0.0005,0.0001,0.0,0.0,0.0,0.0,0.0
CT015259,Zone_01,Zone_01,0.9986,0.9986,0.0006,0.0004,0.0003,0.0,0.0,0.0,0.0,0.0,0.0
CT006324,Zone_03,Zone_03,0.9986,0.0005,0.0005,0.9986,0.0003,0.0001,0.0,0.0,0.0,0.0,0.0001
CT012344,Zone_07,Zone_07,0.983,0.0,0.0,0.0001,0.0004,0.0003,0.015,0.983,0.0009,0.0003,0.0001
CT010889,Zone_05,Zone_05,0.9981,0.0,0.0,0.0001,0.0002,0.9981,0.0,0.0004,0.0011,0.0,0.0
CT017481,Zone_08,Zone_08,0.9961,0.0,0.0001,0.0001,0.0005,0.0009,0.0005,0.0012,0.9961,0.0004,0.0003
CT007824,Zone_04,Zone_04,0.9953,0.0006,0.0011,0.0011,0.9953,0.0004,0.0008,0.0002,0.0001,0.0002,0.0001
CT013144,Zone_07,Zone_07,0.9836,0.0,0.0,0.0001,0.0002,0.0002,0.0002,0.9836,0.0154,0.0003,0.0001
CT003455,Zone_09,Zone_09,0.9984,0.0,0.0,0.0,0.0,0.0001,0.0002,0.0004,0.0002,0.9984,0.0007
CT010675,Zone_10,Zone_10,0.9987,0.0,0.0,0.0,0.0,0.0,0.0,0.0002,0.0002,0.0008,0.9987
CT006195,Zone_02,Zone_02,0.9984,0.0005,0.9984,0.0004,0.0005,0.0,0.0,0.0,0.0,0.0,0.0
CT001989,Zone_10,Zone_10,0.9991,0.0,0.0,0.0,0.0,0.0,0.0,0.0001,0.0002,0.0005,0.9991
CT014022,Zone_04,Zone_04,0.9953,0.0006,0.001,0.0013,0.9953,0.0004,0.0001,0.0008,0.0002,0.0002,0.0002
CT000930,Zone_08,Zone_08,0.8973,0.0,0.0,0.0001,0.0002,0.0002,0.0001,0.1016,0.8973,0.0003,0.0001
CT017027,Zone_06,Zone_06,0.9975,0.0,0.0,0.0,0.0003,0.0001,0.9975,0.0013,0.0007,0.0001,0.0
CT007438,Zone_04,Zone_04,0.9964,0.0002,0.0004,0.0003,0.9964,0.0007,0.0014,0.0005,0.0001,0.0001,0.0
CT008217,Zone_07,Zone_07,0.9925,0.0,0.0,0.0001,0.0004,0.0002,0.005,0.9925,0.0013,0.0003,0.0001
CT007723,Zone_02,Zone_02,0.9982,0.0005,0.9982,0.0005,0.0007,0.0001,0.0,0.0,0.0,0.0,0.0
CT005587,Zone_07,Zone_07,0.8214,0.0,0.0,0.0001,0.0008,0.0012,0.0003,0.8214,0.1752,0.0007,0.0002
CT011684,Zone_10,Zone_10,0.9992,0.0,0.0,0.0,0.0,0.0,0.0,0.0001,0.0001,0.0005,0.9992
CT002374,Zone_04,Zone_04,0.9953,0.0007,0.0011,0.0013,0.9953,0.0004,0.0005,0.0003,0.0001,0.0002,0.0002
CT010522,Zone_07,Zone_07,0.9831,0.0,0.0,0.0,0.0002,0.0001,0.0001,0.9831,0.0161,0.0003,0.0001
CT010355,Zone_08,Zone_08,0.999,0.0,0.0,0.0,0.0001,0.0002,0.0,0.0005,0.999,0.0001,0.0001
CT000041,Zone_08,Zone_08,0.9933,0.0,0.0001,0.0001,0.0006,0.0011,0.0004,0.0037,0.9933,0.0005,0.0003
CT009238,Zone_07,Zone_08,0.5006,0.0,0.0,0.0001,0.0003,0.0003,0.0001,0.4981,0.5006,0.0003,0.0001
CT015081,Zone_05,Zone_05,0.998,0.0,0.0,0.0001,0.0004,0.998,0.0,0.0005,0.0009,0.0001,0.0
CT006607,Zone_07,Zone_07,0.7768,0.0,0.0001,0.0002,0.001,0.0006,0.2183,0.7768,0.0022,0.0006,0.0001
CT008459,Zone_07,Zone_07,0.5167,0.0,0.0001,0.0003,0.0007,0.0004,0.0035,0.5167,0.4775,0.0005,0.0002
CT009755,Zone_08,Zone_08,0.7625,0.0,0.0,0.0001,0.0003,0.0002,0.0001,0.2362,0.7625,0.0003,0.0002
CT000178,Zone_09,Zone_09,0.9982,0.0,0.0,0.0,0.0,0.0001,0.0,0.0003,0.0008,0.9982,0.0005
CT007044,Zone_04,Zone_04,0.9948,0.0008,0.0012,0.0015,0.9948,0.0006,0.0001,0.0003,0.0004,0.0002,0.0002
CT011262,Zone_07,Zone_07,0.8904,0.0,0.0,0.0001,0.0005,0.0003,0.1077,0.8904,0.0005,0.0003,0.0001
CT008358,Zone_03,Zone_03,0.9983,0.0004,0.0005,0.9983,0.0006,0.0001,0.0,0.0,0.0,0.0,0.0
CT003101,Zone_10,Zone_10,0.999,0.0,0.0,0.0,0.0,0.0,0.0,0.0001,0.0002,0.0006,0.999
CT009349,Zone_08,Zone_08,0.7502,0.0,0.0,0.0001,0.0003,0.0003,0.0001,0.2484,0.7502,0.0003,0.0002
CT005311,Zone_08,Zone_08,0.9961,0.0,0.0,0.0001,0.0005,0.0007,0.0001,0.0021,0.9961,0.0002,0.0002
CT003878,Zone_10,Zone_10,0.9986,0.0,0.0,0.0,0.0,0.0,0.0,0.0001,0.0004,0.0007,0.9986
CT007244,Zone_06,Zone_07,0.5999,0.0,0.0,0.0001,0.0006,0.0003,0.3982,0.5999,0.0004,0.0004,0.0001
CT005176,Zone_02,Zone_02,0.9983,0.0005,0.9983,0.0005,0.0006,0.0001,0.0,0.0,0.0,0.0,0.0
CT004381,Zone_07,Zone_07,0.5035,0.0,0.0001,0.0003,0.0029,0.0049,0.0004,0.5035,0.4862,0.0014,0.0004
CT005124,Zone_07,Zone_07,0.8019,0.0,0.0,0.0001,0.0012,0.0012,0.0003,0.8019,0.1946,0.0005,0.0002
CT018221,Zone_08,Zone_08,0.5509,0.0,0.0001,0.0001,0.0004,0.0002,0.0004,0.4475,0.5509,0.0003,0.0001
CT012946,Zone_08,Zone_08,0.9967,0.0,0.0,0.0001,0.0003,0.0006,0.0002,0.0016,0.9967,0.0003,0.0002
CT016960,Zone_01,Zone_01,0.9988,0.9988,0.0005,0.0004,0.0002,0.0,0.0,0.0,0.0,0.0,0.0
CT019726,Zone_07,Zone_07,0.6515,0.0,0.0001,0.0002,0.0013,0.0015,0.0005,0.6515,0.3439,0.0006,0.0003
CT006830,Zone_07,Zone_07,0.9768,0.0,0.0,0.0001,0.0004,0.0003,0.0006,0.9768,0.0212,0.0004,0.0001
CT005721,Zone_07,Zone_07,0.9747,0.0,0.0001,0.0002,0.0006,0.0005,0.0058,0.9747,0.0172,0.0007,0.0003
CT006154,Zone_04,Zone_04,0.9977,0.0002,0.0004,0.0004,0.9977,0.0005,0.0003,0.0003,0.0002,0.0001,0.0
CT016577,Zone_02,Zone_02,0.9979,0.0006,0.9979,0.0006,0.0007,0.0001,0.0,0.0,0.0,0.0,0.0
CT017948,Zone_07,Zone_07,0.8503,0.0,0.0,0.0001,0.0007,0.0012,0.0003,0.8503,0.1466,0.0005,0.0002
CT014479,Zone_02,Zone_02,0.9986,0.0005,0.9986,0.0004,0.0004,0.0,0.0,0.0,0.0,0.0,0.0
CT018457,Zone_07,Zone_07,0.9873,0.0,0.0,0.0001,0.0004,0.0003,0.0041,0.9873,0.0071,0.0005,0.0001
CT016194,Zone_07,Zone_07,0.9741,0.0,0.0,0.0001,0.0005,0.0004,0.001,0.9741,0.0232,0.0005,0.0002
CT000449,Zone_02,Zone_02,0.9983,0.0005,0.9983,0.0005,0.0006,0.0001,0.0,0.0,0.0,0.0,0.0
CT014471,Zone_04,Zone_04,0.9966,0.0001,0.0002,0.0003,0.9966,0.0007,0.0,0.0006,0.0013,0.0001,0.0
CT013607,Zone_02,Zone_02,0.9986,0.0006,0.9986,0.0004,0.0004,0.0,0.0,0.0,0.0,0.0,0.0
CT002325,Zone_04,Zone_04,0.9955,0.0006,0.001,0.0012,0.9955,0.0005,0.0002,0.0002,0.0006,0.0002,0.0002
CT012478,Zone_07,Zone_07,0.9366,0.0,0.0,0.0001,0.0007,0.0007,0.0001,0.9366,0.0612,0.0004,0.0001
CT001504,Zone_08,Zone_08,0.999,0.0,0.0,0.0,0.0001,0.0002,0.0,0.0005,0.999,0.0001,0.0
CT005857,Zone_08,Zone_08,0.7851,0.0,0.0,0.0001,0.0003,0.0002,0.0,0.2138,0.7851,0.0002,0.0001
CT016111,Zone_07,Zone_07,0.6145,0.0,0.0001,0.0001,0.0007,0.0004,0.383,0.6145,0.0006,0.0005,0.0001
CT016031,Zone_06,Zone_06,0.9999,0.0,0.0,0.0,0.0,0.0,0.9999,0.0,0.0,0.0,0.0
CT000905,Zone_10,Zone_10,0.999,0.0,0.0,0.0,0.0,0.0,0.0,0.0001,0.0002,0.0006,0.999
CT005943,Zone_03,Zone_03,0.9982,0.0005,0.0004,0.9982,0.0006,0.0001,0.0,0.0,0.0,0.0,0.0001
CT012071,Zone_08,Zone_08,0.5268,0.0,0.0001,0.0003,0.0007,0.0004,0.0007,0.4701,0.5268,0.0005,0.0003
CT000323,Zone_04,Zone_04,0.9951,0.0001,0.0003,0.0003,0.9951,0.0012,0.0,0.0005,0.0024,0.0001,0.0
CT001157,Zone_02,Zone_02,0.9982,0.0006,0.9982,0.0005,0.0005,0.0001,0.0,0.0,0.0,0.0,0.0
CT005493,Zone_04,Zone_04,0.9952,0.0008,0.0011,0.0015,0.9952,0.0005,0.0002,0.0003,0.0002,0.0002,0.0002
CT007378,Zone_10,Zone_10,0.9991,0.0,0.0,0.0,0.0,0.0,0.0,0.0001,0.0002,0.0005,0.9991
CT003482,Zone_08,Zone_08,0.6137,0.0,0.0001,0.0002,0.0004,0.0003,0.0001,0.3846,0.6137,0.0004,0.0002
CT019914,Zone_07,Zone_07,0.9921,0.0,0.0,0.0,0.0002,0.0001,0.0001,0.9921,0.0071,0.0002,0.0001
CT003835,Zone_04,Zone_04,0.9978,0.0001,0.0003,0.0004,0.9978,0.0003,0.0007,0.0001,0.0002,0.0,0.0
CT002007,Zone_08,Zone_08,0.9979,0.0,0.0,0.0,0.0002,0.0004,0.0001,0.001,0.9979,0.0002,0.0001
CT016549,Zone_01,Zone_01,0.9989,0.9989,0.0005,0.0003,0.0002,0.0,0.0,0.0,0.0,0.0,0.0
CT013072,Zone_03,Zone_03,0.9983,0.0005,0.0005,0.9983,0.0005,0.0001,0.0,0.0,0.0,0.0,0.0
CT013545,Zone_03,Zone_03,0.9985,0.0005,0.0004,0.9985,0.0004,0.0001,0.0,0.0,0.0,0.0,0.0001
CT003928,Zone_07,Zone_07,0.9835,0.0,0.0,0.0001,0.0004,0.0002,0.0145,0.9835,0.0009,0.0003,0.0001
CT008150,Zone_03,Zone_03,0.9984,0.0005,0.0004,0.9984,0.0005,0.0001,0.0,0.0,0.0,0.0,0.0001
CT019775,Zone_02,Zone_02,0.9983,0.0006,0.9983,0.0005,0.0005,0.0001,0.0,0.0,0.0,0.0,0.0
CT000945,Zone_08,Zone_08,0.9959,0.0,0.0,0.0001,0.0005,0.001,0.0003,0.0016,0.9959,0.0003,0.0002
CT007564,Zone_08,Zone_08,0.999,0.0,0.0,0.0,0.0002,0.0003,0.0001,0.0003,0.999,0.0001,0.0001
CT012491,Zone_02,Zone_02,0.9984,0.0005,0.9984,0.0004,0.0005,0.0001,0.0,0.0,0.0,0.0,0.0
CT018986,Zone_08,Zone_08,0.9981,0.0,0.0,0.0,0.0002,0.0004,0.0,0.001,0.9981,0.0001,0.0001
CT017214,Zone_10,Zone_10,0.9993,0.0,0.0,0.0,0.0,0.0,0.0,0.0,0.0001,0.0005,0.9993
CT007687,Zone_08,Zone_08,0.999,0.0,0.0,0.0,0.0001,0.0002,0.0,0.0005,0.999,0.0001,0.0
CT018863,Zone_06,Zone_06,0.9997,0.0,0.0,0.0,0.0001,0.0,0.9997,0.0002,0.0001,0.0,0.0
CT012421,Zone_04,Zone_04,0.9969,0.0002,0.0004,0.0004,0.9969,0.0003,0.0014,0.0002,0.0001,0.0001,0.0
CT013254,Zone_04,Zone_04,0.9944,0.0009,0.0014,0.0015,0.9944,0.0005,0.0005,0.0002,0.0002,0.0002,0.0002
CT005430,Zone_07,Zone_08,0.6581,0.0,0.0001,0.0002,0.0007,0.0005,0.0007,0.3387,0.6581,0.0006,0.0003
CT008873,Zone_02,Zone_02,0.9985,0.0005,0.9985,0.0004,0.0004,0.0001,0.0,0.0,0.0,0.0,0.0
CT002859,Zone_07,Zone_07,0.9639,0.0,0.0001,0.0002,0.0009,0.0006,0.0035,0.9639,0.03,0.0007,0.0002
CT015523,Zone_08,Zone_08,0.9967,0.0,0.0,0.0001,0.0004,0.0006,0.0002,0.0014,0.9967,0.0003,0.0002
CT006790,Zone_07,Zone_07,0.8314,0.0,0.0001,0.0003,0.0011,0.0007,0.1629,0.8314,0.0026,0.0007,0.0002
CT012756,Zone_07,Zone_07,0.965,0.0,0.0001,0.0002,0.0006,0.0005,0.0016,0.965,0.0311,0.0006,0.0002
CT005995,Zone_07,Zone_07,0.7448,0.0,0.0,0.0001,0.0006,0.0007,0.0,0.7448,0.2531,0.0004,0.0001
CT001852,Zone_06,Zone_06,0.9999,0.0,0.0,0.0,0.0,0.0,0.9999,0.0001,0.0,0.0,0.0
CT011924,Zone_07,Zone_07,0.9815,0.0,0.0,0.0001,0.0004,0.0003,0.0004,0.9815,0.0169,0.0004,0.0001
CT012657,Zone_01,Zone_01,0.9985,0.9985,0.0006,0.0004,0.0004,0.0,0.0,0.0,0.0,0.0,0.0
CT005069,Zone_04,Zone_04,0.9974,0.0001,0.0004,0.0004,0.9974,0.0005,0.0001,0.0007,0.0002,0.0001,0.0
CT011977,Zone_02,Zone_02,0.998,0.0007,0.998,0.0006,0.0006,0.0001,0.0,0.0,0.0,0.0,0.0
CT006246,Zone_03,Zone_03,0.998,0.0005,0.0005,0.998,0.0007,0.0001,0.0,0.0,0.0,0.0,0.0001
CT006507,Zone_10,Zone_10,0.9992,0.0,0.0,0.0,0.0,0.0,0.0,0.0,0.0002,0.0004,0.9992
CT005162,Zone_10,Zone_10,0.9985,0.0,0.0,0.0,0.0,0.0,0.0,0.0002,0.0004,0.0008,0.9985
CT014491,Zone_07,Zone_07,0.984,0.0,0.0,0.0001,0.0005,0.0003,0.001,0.984,0.0135,0.0004,0.0001
CT013325,Zone_08,Zone_08,0.5229,0.0,0.0001,0.0002,0.0004,0.0003,0.0001,0.4755,0.5229,0.0004,0.0002
CT007179,Zone_06,Zone_06,0.9975,0.0,0.0,0.0,0.0004,0.0001,0.9975,0.0013,0.0006,0.0001,0.0
CT011619,Zone_04,Zone_04,0.9975,0.0001,0.0004,0.0005,0.9975,0.0003,0.0001,0.0007,0.0002,0.0001,0.0
CT007146,Zone_08,Zone_08,0.5526,0.0,0.0001,0.0002,0.0005,0.0003,0.0002,0.4455,0.5526,0.0004,0.0002
CT011566,Zone_08,Zone_08,0.9977,0.0,0.0,0.0001,0.0004,0.0005,0.0002,0.0008,0.9977,0.0002,0.0001
CT007972,Zone_03,Zone_03,0.9986,0.0004,0.0004,0.9986,0.0005,0.0001,0.0,0.0,0.0,0.0,0.0
CT015265,Zone_01,Zone_01,0.9986,0.9986,0.0006,0.0004,0.0004,0.0,0.0,0.0,0.0,0.0,0.0
CT007331,Zone_01,Zone_01,0.9985,0.9985,0.0006,0.0004,0.0004,0.0,0.0,0.0,0.0,0.0,0.0
CT005894,Zone_07,Zone_07,0.9346,0.0,0.0,0.0001,0.0006,0.0004,0.0628,0.9346,0.0011,0.0004,0.0001
CT005198,Zone_04,Zone_04,0.9965,0.0001,0.0003,0.0003,0.9965,0.001,0.0,0.0008,0.001,0.0001,0.0
CT017210,Zone_08,Zone_08,0.7757,0.0,0.0001,0.0002,0.0005,0.0003,0.001,0.2215,0.7757,0.0004,0.0001
CT013403,Zone_05,Zone_05,0.9983,0.0,0.0,0.0001,0.0005,0.9983,0.0003,0.0004,0.0003,0.0001,0.0
CT018621,Zone_01,Zone_01,0.9987,0.9987,0.0005,0.0004,0.0003,0.0,0.0,0.0,0.0,0.0,0.0
CT017965,Zone_08,Zone_08,0.9981,0.0,0.0,0.0,0.0002,0.0004,0.0,0.0008,0.9981,0.0001,0.0001
CT018602,Zone_04,Zone_04,0.9947,0.0006,0.001,0.0012,0.9947,0.0004,0.0016,0.0002,0.0001,0.0002,0.0001
CT003222,Zone_07,Zone_07,0.9837,0.0,0.0,0.0002,0.0005,0.0003,0.0096,0.9837,0.0051,0.0005,0.0001
CT009428,Zone_08,Zone_08,0.9963,0.0,0.0,0.0001,0.0004,0.0006,0.0001,0.0021,0.9963,0.0003,0.0002
CT014465,Zone_07,Zone_07,0.9571,0.0,0.0001,0.0003,0.0009,0.0007,0.0051,0.9571,0.0345,0.001,0.0004
CT007358,Zone_03,Zone_03,0.9984,0.0005,0.0004,0.9984,0.0004,0.0001,0.0,0.0,0.0,0.0,0.0001
CT017757,Zone_05,Zone_05,0.9977,0.0,0.0001,0.0001,0.0006,0.9977,0.0001,0.0006,0.0007,0.0001,0.0
CT015760,Zone_04,Zone_04,0.9979,0.0002,0.0003,0.0004,0.9979,0.0003,0.0001,0.0005,0.0002,0.0001,0.0
CT014915,Zone_02,Zone_02,0.9984,0.0005,0.9984,0.0005,0.0004,0.0001,0.0,0.0,0.0,0.0,0.0
CT009571,Zone_03,Zone_03,0.9983,0.0004,0.0005,0.9983,0.0006,0.0001,0.0001,0.0,0.0,0.0,0.0
CT003249,Zone_07,Zone_07,0.9065,0.0,0.0,0.0001,0.0006,0.0004,0.091,0.9065,0.0007,0.0005,0.0001
CT008509,Zone_10,Zone_10,0.9993,0.0,0.0,0.0,0.0,0.0,0.0,0.0001,0.0001,0.0005,0.9993
CT000005,Zone_03,Zone_03,0.9982,0.0006,0.0005,0.9982,0.0005,0.0001,0.0,0.0,0.0,0.0,0.0
CT018746,Zone_06,Zone_06,0.9986,0.0,0.0,0.0,0.0002,0.0001,0.9986,0.0005,0.0006,0.0001,0.0
CT007792,Zone_07,Zone_07,0.7514,0.0,0.0,0.0001,0.0007,0.0009,0.0001,0.7514,0.2462,0.0005,0.0002
CT002166,Zone_04,Zone_04,0.9975,0.0002,0.0005,0.0005,0.9975,0.0004,0.0003,0.0002,0.0001,0.0001,0.0
CT006509,Zone_08,Zone_08,0.7805,0.0,0.0,0.0001,0.0002,0.0002,0.0001,0.2184,0.7805,0.0003,0.0002
CT019399,Zone_07,Zone_07,0.9886,0.0,0.0,0.0001,0.0004,0.0003,0.009,0.9886,0.0013,0.0003,0.0001
CT010696,Zone_03,Zone_03,0.9981,0.0006,0.0005,0.9981,0.0006,0.0001,0.0,0.0,0.0,0.0,0.0001
CT016010,Zone_08,Zone_08,0.8501,0.0,0.0001,0.0001,0.0003,0.0002,0.0002,0.1485,0.8501,0.0003,0.0002
CT015749,Zone_07,Zone_07,0.7702,0.0,0.0001,0.0002,0.0014,0.0015,0.0008,0.7702,0.2246,0.0008,0.0004
CT002380,Zone_08,Zone_08,0.6009,0.0,0.0,0.0001,0.0003,0.0002,0.0001,0.3979,0.6009,0.0002,0.0001
CT007380,Zone_04,Zone_04,0.997,0.0001,0.0003,0.0003,0.997,0.0009,0.0001,0.0003,0.0009,0.0001,0.0
CT003431,Zone_07,Zone_07,0.8047,0.0,0.0,0.0001,0.0006,0.0007,0.0001,0.8047,0.1933,0.0004,0.0001
CT010648,Zone_07,Zone_07,0.9814,0.0,0.0,0.0001,0.0004,0.0004,0.0006,0.9814,0.0166,0.0004,0.0001
CT009684,Zone_04,Zone_04,0.9936,0.0001,0.0004,0.0004,0.9936,0.0003,0.0048,0.0002,0.0001,0.0001,0.0
CT004369,Zone_03,Zone_03,0.9983,0.0005,0.0005,0.9983,0.0005,0.0001,0.0,0.0,0.0,0.0,0.0001
CT006612,Zone_04,Zone_04,0.9955,0.0006,0.0009,0.0011,0.9955,0.0006,0.0002,0.0003,0.0004,0.0002,0.0001
CT019460,Zone_04,Zone_04,0.9979,0.0001,0.0003,0.0004,0.9979,0.0003,0.0002,0.0005,0.0001,0.0001,0.0
CT011226,Zone_04,Zone_04,0.9953,0.0006,0.0011,0.0013,0.9953,0.0004,0.0002,0.0005,0.0002,0.0002,0.0002
CT006155,Zone_08,Zone_08,0.9989,0.0,0.0,0.0,0.0002,0.0003,0.0,0.0004,0.9989,0.0001,0.0001
CT004464,Zone_10,Zone_10,0.9987,0.0,0.0,0.0,0.0,0.0,0.0,0.0003,0.0003,0.0006,0.9987
CT017139,Zone_08,Zone_08,0.7522,0.0,0.0,0.0001,0.0003,0.0002,0.0001,0.2467,0.7522,0.0003,0.0001
CT009782,Zone_07,Zone_07,0.9155,0.0,0.0,0.0001,0.0006,0.0009,0.0002,0.9155,0.0821,0.0004,0.0001
CT008926,Zone_08,Zone_08,0.998,0.0,0.0,0.0,0.0003,0.0005,0.0002,0.0006,0.998,0.0002,0.0001
CT002224,Zone_01,Zone_01,0.9986,0.9986,0.0006,0.0005,0.0003,0.0,0.0,0.0,0.0,0.0,0.0
CT005660,Zone_07,Zone_07,0.9643,0.0,0.0001,0.0001,0.0006,0.0004,0.0008,0.9643,0.0329,0.0007,0.0002
CT007429,Zone_08,Zone_08,0.6714,0.0,0.0001,0.0001,0.0003,0.0003,0.0002,0.3272,0.6714,0.0003,0.0001
CT012020,Zone_01,Zone_01,0.9984,0.9984,0.0006,0.0005,0.0004,0.0,0.0,0.0,0.0,0.0,0.0
CT007212,Zone_07,Zone_07,0.9828,0.0,0.0,0.0001,0.0005,0.0002,0.0109,0.9828,0.005,0.0004,0.0001
CT012522,Zone_07,Zone_07,0.8247,0.0,0.0001,0.0002,0.0013,0.0018,0.0015,0.8247,0.1694,0.0007,0.0003
CT012270,Zone_03,Zone_03,0.9983,0.0005,0.0005,0.9983,0.0005,0.0001,0.0,0.0,0.0,0.0,0.0001
CT015148,Zone_10,Zone_10,0.9992,0.0,0.0,0.0,0.0,0.0,0.0,0.0,0.0003,0.0004,0.9992
CT018124,Zone_01,Zone_01,0.9986,0.9986,0.0006,0.0004,0.0003,0.0,0.0,0.0,0.0,0.0,0.0
CT016747,Zone_03,Zone_03,0.9982,0.0005,0.0005,0.9982,0.0006,0.0001,0.0,0.0,0.0,0.0,0.0
CT015415,Zone_04,Zone_04,0.9942,0.0009,0.0012,0.0017,0.9942,0.0005,0.0001,0.0005,0.0004,0.0002,0.0002
CT003419,Zone_02,Zone_02,0.9983,0.0006,0.9983,0.0004,0.0006,0.0001,0.0,0.0,0.0,0.0,0.0
CT009333,Zone_05,Zone_05,0.9975,0.0,0.0,0.0001,0.0005,0.9975,0.0,0.0004,0.0014,0.0001,0.0
CT000903,Zone_02,Zone_02,0.9985,0.0006,0.9985,0.0004,0.0004,0.0001,0.0,0.0,0.0,0.0,0.0
CT005022,Zone_07,Zone_07,0.7684,0.0,0.0001,0.0003,0.0016,0.0009,0.2185,0.7684,0.009,0.0009,0.0002
CT014665,Zone_02,Zone_02,0.9984,0.0006,0.9984,0.0004,0.0004,0.0,0.0,0.0,0.0,0.0,0.0
CT019813,Zone_07,Zone_08,0.5935,0.0,0.0001,0.0002,0.0005,0.0004,0.0003,0.4043,0.5935,0.0005,0.0003
CT018317,Zone_02,Zone_02,0.9982,0.0007,0.9982,0.0005,0.0005,0.0001,0.0,0.0,0.0,0.0,0.0
CT016715,Zone_03,Zone_03,0.9985,0.0005,0.0005,0.9985,0.0004,0.0001,0.0,0.0,0.0,0.0,0.0
CT008803,Zone_03,Zone_03,0.9982,0.0005,0.0005,0.9982,0.0006,0.0001,0.0,0.0,0.0,0.0,0.0001
CT000991,Zone_08,Zone_08,0.7125,0.0,0.0001,0.0002,0.0005,0.0004,0.0004,0.2853,0.7125,0.0005,0.0002
CT001705,Zone_08,Zone_08,0.9939,0.0,0.0,0.0001,0.0008,0.0011,0.0006,0.0028,0.9939,0.0004,0.0003
CT003079,Zone_08,Zone_08,0.7228,0.0,0.0001,0.0001,0.0004,0.0002,0.0002,0.2758,0.7228,0.0003,0.0002
CT009811,Zone_04,Zone_04,0.9967,0.0002,0.0003,0.0004,0.9967,0.0009,0.0,0.0005,0.0009,0.0001,0.0
CT016070,Zone_02,Zone_02,0.9983,0.0007,0.9983,0.0004,0.0004,0.0,0.0,0.0,0.0,0.0,0.0
CT015931,Zone_07,Zone_08,0.7596,0.0,0.0001,0.0002,0.0006,0.0004,0.0018,0.2364,0.7596,0.0005,0.0003
CT001996,Zone_07,Zone_07,0.9786,0.0,0.0,0.0001,0.0005,0.0003,0.0011,0.9786,0.0186,0.0005,0.0001
CT006252,Zone_01,Zone_01,0.9984,0.9984,0.0006,0.0005,0.0004,0.0,0.0,0.0,0.0,0.0,0.0
CT006287,Zone_07,Zone_07,0.9268,0.0,0.0001,0.0002,0.0014,0.0015,0.0148,0.9268,0.0545,0.0005,0.0002
CT005405,Zone_08,Zone_07,0.8072,0.0,0.0,0.0001,0.0005,0.0008,0.0001,0.8072,0.1907,0.0004,0.0001
CT000031,Zone_07,Zone_07,0.9892,0.0,0.0,0.0001,0.0003,0.0002,0.0008,0.9892,0.0088,0.0004,0.0001
CT009282,Zone_09,Zone_09,0.9985,0.0,0.0,0.0,0.0,0.0001,0.0,0.0003,0.0004,0.9985,0.0006
CT001138,Zone_08,Zone_08,0.9935,0.0,0.0,0.0001,0.0005,0.0007,0.0,0.0047,0.9935,0.0003,0.0002
CT015859,Zone_08,Zone_08,0.6746,0.0,0.0,0.0001,0.0003,0.0002,0.0001,0.3241,0.6746,0.0003,0.0001
CT013776,Zone_05,Zone_05,0.9982,0.0,0.0001,0.0001,0.0005,0.9982,0.0002,0.0004,0.0002,0.0001,0.0
CT012900,Zone_04,Zone_04,0.9963,0.0001,0.0002,0.0003,0.9963,0.001,0.0,0.001,0.0009,0.0001,0.0
CT000759,Zone_02,Zone_02,0.9983,0.0005,0.9983,0.0005,0.0006,0.0001,0.0,0.0,0.0,0.0,0.0
CT012802,Zone_08,Zone_08,0.5597,0.0,0.0001,0.0002,0.0004,0.0004,0.0003,0.4382,0.5597,0.0004,0.0003
CT019379,Zone_07,Zone_08,0.7258,0.0,0.0001,0.0001,0.0003,0.0002,0.0002,0.2729,0.7258,0.0003,0.0001
CT006143,Zone_03,Zone_03,0.9985,0.0004,0.0004,0.9985,0.0004,0.0001,0.0,0.0,0.0,0.0,0.0001
CT014097,Zone_07,Zone_07,0.9736,0.0,0.0001,0.0002,0.0007,0.0006,0.0063,0.9736,0.0179,0.0006,0.0002
CT005151,Zone_08,Zone_08,0.5112,0.0,0.0001,0.0002,0.0006,0.0004,0.0009,0.4857,0.5112,0.0006,0.0003
CT013412,Zone_04,Zone_04,0.9949,0.0009,0.0012,0.0014,0.9949,0.0005,0.0003,0.0003,0.0001,0.0002,0.0002
CT010336,Zone_10,Zone_10,0.9989,0.0,0.0,0.0,0.0,0.0,0.0,0.0002,0.0002,0.0006,0.9989
CT003780,Zone_10,Zone_10,0.9991,0.0,0.0,0.0,0.0,0.0,0.0,0.0002,0.0001,0.0006,0.9991
CT018908,Zone_01,Zone_01,0.9985,0.9985,0.0006,0.0004,0.0004,0.0,0.0,0.0,0.0,0.0,0.0
CT019784,Zone_04,Zone_04,0.9958,0.0005,0.0011,0.0012,0.9958,0.0004,0.0001,0.0003,0.0003,0.0002,0.0001
CT017781,Zone_01,Zone_01,0.9988,0.9988,0.0006,0.0003,0.0002,0.0,0.0,0.0,0.0,0.0,0.0
CT015502,Zone_10,Zone_10,0.9992,0.0,0.0,0.0,0.0,0.0,0.0,0.0001,0.0001,0.0005,0.9992
CT005780,Zone_03,Zone_03,0.9983,0.0005,0.0005,0.9983,0.0005,0.0001,0.0,0.0,0.0,0.0,0.0001
CT007980,Zone_08,Zone_08,0.9966,0.0,0.0,0.0,0.0003,0.0005,0.0,0.0023,0.9966,0.0002,0.0001
CT019464,Zone_02,Zone_02,0.9985,0.0005,0.9985,0.0004,0.0006,0.0001,0.0,0.0,0.0,0.0,0.0
CT014924,Zone_04,Zone_04,0.9945,0.0008,0.0015,0.0014,0.9945,0.0005,0.0004,0.0003,0.0002,0.0002,0.0002
CT013356,Zone_07,Zone_07,0.947,0.0,0.0,0.0001,0.0008,0.0008,0.0014,0.947,0.0492,0.0004,0.0001
CT018388,Zone_04,Zone_04,0.9974,0.0002,0.0005,0.0005,0.9974,0.0004,0.0001,0.0005,0.0003,0.0001,0.0
CT018198,Zone_02,Zone_02,0.9982,0.0005,0.9982,0.0005,0.0006,0.0001,0.0,0.0,0.0,0.0,0.0
CT018395,Zone_04,Zone_04,0.9969,0.0001,0.0003,0.0003,0.9969,0.001,0.0004,0.0005,0.0004,0.0001,0.0
CT006788,Zone_07,Zone_08,0.6229,0.0,0.0002,0.0003,0.0007,0.0005,0.0014,0.3728,0.6229,0.0008,0.0004
CT019905,Zone_07,Zone_07,0.7546,0.0,0.0001,0.0002,0.0011,0.0016,0.0008,0.7546,0.2401,0.0011,0.0003
CT014401,Zone_03,Zone_03,0.9984,0.0005,0.0005,0.9984,0.0004,0.0001,0.0,0.0,0.0,0.0,0.0001
CT001327,Zone_05,Zone_05,0.9982,0.0,0.0,0.0001,0.0004,0.9982,0.0001,0.0004,0.0007,0.0001,0.0
CT006470,Zone_07,Zone_07,0.9158,0.0,0.0001,0.0003,0.001,0.0009,0.0761,0.9158,0.0045,0.0009,0.0003
CT014785,Zone_03,Zone_03,0.9982,0.0005,0.0005,0.9982,0.0006,0.0001,0.0,0.0,0.0,0.0,0.0001
CT012908,Zone_08,Zone_08,0.7666,0.0,0.0,0.0001,0.0003,0.0002,0.0001,0.2322,0.7666,0.0003,0.0001
CT007713,Zone_08,Zone_08,0.995,0.0,0.0,0.0001,0.0005,0.0008,0.0001,0.003,0.995,0.0003,0.0002
CT015216,Zone_08,Zone_08,0.9974,0.0,0.0,0.0001,0.0003,0.0005,0.0,0.0014,0.9974,0.0002,0.0001
CT009329,Zone_02,Zone_02,0.9983,0.0005,0.9983,0.0004,0.0006,0.0001,0.0,0.0,0.0,0.0,0.0
CT007402,Zone_04,Zone_04,0.9949,0.0008,0.0012,0.0015,0.9949,0.0005,0.0001,0.0004,0.0003,0.0002,0.0002
CT008044,Zone_08,Zone_08,0.9986,0.0,0.0,0.0,0.0001,0.0003,0.0,0.0008,0.9986,0.0001,0.0001
CT004985,Zone_04,Zone_04,0.9981,0.0002,0.0003,0.0004,0.9981,0.0003,0.0002,0.0003,0.0001,0.0001,0.0
CT003653,Zone_04,Zone_04,0.9967,0.0002,0.0005,0.0005,0.9967,0.0003,0.0013,0.0002,0.0001,0.0001,0.0
CT011770,Zone_01,Zone_01,0.9988,0.9988,0.0006,0.0004,0.0002,0.0,0.0,0.0,0.0,0.0,0.0
CT014639,Zone_04,Zone_04,0.9971,0.0001,0.0003,0.0003,0.9971,0.0008,0.0001,0.0008,0.0003,0.0001,0.0
CT017343,Zone_01,Zone_01,0.9988,0.9988,0.0006,0.0004,0.0003,0.0,0.0,0.0,0.0,0.0,0.0
CT014870,Zone_04,Zone_04,0.9981,0.0002,0.0004,0.0004,0.9981,0.0003,0.0002,0.0003,0.0001,0.0001,0.0
CT004622,Zone_10,Zone_10,0.9992,0.0,0.0,0.0,0.0,0.0,0.0,0.0001,0.0001,0.0005,0.9992
CT012448,Zone_08,Zone_08,0.8086,0.0,0.0,0.0001,0.0003,0.0002,0.0001,0.1903,0.8086,0.0002,0.0001
CT017939,Zone_05,Zone_05,0.9983,0.0,0.0001,0.0001,0.0005,0.9983,0.0,0.0005,0.0004,0.0001,0.0
CT005115,Zone_03,Zone_03,0.9981,0.0005,0.0005,0.9981,0.0006,0.0001,0.0,0.0,0.0,0.0,0.0001
CT011065,Zone_01,Zone_01,0.9986,0.9986,0.0006,0.0004,0.0003,0.0,0.0,0.0,0.0,0.0,0.0
CT019403,Zone_07,Zone_07,0.9901,0.0,0.0,0.0001,0.0003,0.0003,0.0008,0.9901,0.0079,0.0003,0.0001
CT006395,Zone_08,Zone_08,0.9002,0.0,0.0001,0.0002,0.0004,0.0002,0.0005,0.0979,0.9002,0.0004,0.0002
CT003543,Zone_07,Zone_07,0.9505,0.0,0.0,0.0001,0.0006,0.0004,0.0462,0.9505,0.0016,0.0005,0.0001
CT008129,Zone_07,Zone_08,0.7589,0.0,0.0001,0.0002,0.0004,0.0004,0.0004,0.2388,0.7589,0.0005,0.0003
CT009201,Zone_03,Zone_03,0.9981,0.0007,0.0006,0.9981,0.0004,0.0001,0.0,0.0,0.0,0.0,0.0001
CT019476,Zone_07,Zone_06,0.5459,0.0,0.0001,0.0002,0.0007,0.0003,0.5459,0.4512,0.0011,0.0004,0.0001
CT007403,Zone_04,Zone_04,0.9974,0.0001,0.0002,0.0002,0.9974,0.0008,0.0004,0.0003,0.0005,0.0,0.0
CT008439,Zone_10,Zone_10,0.999,0.0,0.0,0.0,0.0,0.0,0.0,0.0001,0.0002,0.0006,0.999
CT014041,Zone_08,Zone_07,0.8937,0.0,0.0,0.0001,0.0004,0.0007,0.0001,0.8937,0.1045,0.0003,0.0001
CT010184,Zone_02,Zone_02,0.9982,0.0006,0.9982,0.0006,0.0006,0.0001,0.0,0.0,0.0,0.0,0.0
CT015178,Zone_02,Zone_02,0.998,0.0006,0.998,0.0005,0.0007,0.0001,0.0,0.0,0.0,0.0,0.0
CT011397,Zone_07,Zone_07,0.9788,0.0,0.0,0.0001,0.0006,0.0004,0.0177,0.9788,0.0018,0.0004,0.0001
CT007431,Zone_07,Zone_07,0.9827,0.0,0.0,0.0001,0.0003,0.0002,0.016,0.9827,0.0004,0.0002,0.0
CT011211,Zone_08,Zone_08,0.6264,0.0,0.0001,0.0003,0.0008,0.0006,0.0013,0.3697,0.6264,0.0005,0.0003
CT017611,Zone_02,Zone_02,0.9981,0.0007,0.9981,0.0006,0.0005,0.0001,0.0,0.0,0.0,0.0,0.0
CT001338,Zone_08,Zone_08,0.7775,0.0,0.0,0.0001,0.0002,0.0002,0.0001,0.2215,0.7775,0.0003,0.0001
CT012342,Zone_10,Zone_10,0.9989,0.0,0.0,0.0,0.0,0.0,0.0,0.0002,0.0002,0.0006,0.9989
CT014820,Zone_04,Zone_04,0.9973,0.0001,0.0002,0.0003,0.9973,0.0009,0.0001,0.0002,0.0009,0.0,0.0
CT008215,Zone_04,Zone_04,0.9947,0.0006,0.0011,0.0014,0.9947,0.0004,0.0009,0.0003,0.0003,0.0002,0.0001
CT007786,Zone_10,Zone_10,0.9992,0.0,0.0,0.0,0.0,0.0,0.0,0.0001,0.0002,0.0005,0.9992
CT008881,Zone_08,Zone_08,0.5721,0.0,0.0001,0.0001,0.0004,0.0002,0.0002,0.4264,0.5721,0.0004,0.0001
CT005319,Zone_08,Zone_08,0.997,0.0,0.0,0.0,0.0003,0.0006,0.0,0.0018,0.997,0.0001,0.0001
CT010195,Zone_02,Zone_02,0.9983,0.0006,0.9983,0.0005,0.0005,0.0001,0.0,0.0,0.0,0.0,0.0
CT018923,Zone_06,Zone_06,0.9999,0.0,0.0,0.0,0.0,0.0,0.9999,0.0001,0.0,0.0,0.0
CT014414,Zone_07,Zone_07,0.9782,0.0,0.0,0.0001,0.0005,0.0003,0.0155,0.9782,0.0048,0.0004,0.0001
CT015525,Zone_08,Zone_08,0.7993,0.0,0.0,0.0001,0.0003,0.0002,0.0001,0.1996,0.7993,0.0002,0.0001
CT007669,Zone_08,Zone_08,0.7533,0.0,0.0001,0.0002,0.0003,0.0003,0.0001,0.2452,0.7533,0.0003,0.0002
CT019288,Zone_08,Zone_08,0.9978,0.0,0.0,0.0,0.0003,0.0004,0.0,0.0012,0.9978,0.0002,0.0001
CT013639,Zone_07,Zone_07,0.8599,0.0,0.0001,0.0002,0.0008,0.0005,0.1362,0.8599,0.0015,0.0006,0.0001
CT010859,Zone_07,Zone_08,0.6105,0.0,0.0001,0.0001,0.0004,0.0003,0.0003,0.3878,0.6105,0.0003,0.0001
CT017423,Zone_04,Zone_04,0.9973,0.0001,0.0003,0.0003,0.9973,0.0008,0.0002,0.0006,0.0004,0.0001,0.0
CT007202,Zone_04,Zone_04,0.9966,0.0001,0.0003,0.0004,0.9966,0.001,0.0,0.0005,0.001,0.0001,0.0
CT010517,Zone_02,Zone_02,0.9982,0.0006,0.9982,0.0006,0.0005,0.0001,0.0,0.0,0.0,0.0,0.0
CT010835,Zone_04,Zone_04,0.9963,0.0001,0.0003,0.0003,0.9963,0.001,0.0,0.0004,0.0015,0.0001,0.0
CT014592,Zone_10,Zone_10,0.9986,0.0,0.0,0.0,0.0,0.0,0.0,0.0002,0.0003,0.0008,0.9986
CT000709,Zone_08,Zone_08,0.9963,0.0,0.0,0.0001,0.0004,0.0007,0.0001,0.0019,0.9963,0.0003,0.0002
CT014021,Zone_07,Zone_08,0.6955,0.0,0.0001,0.0001,0.0003,0.0003,0.0001,0.3031,0.6955,0.0003,0.0002
CT002030,Zone_08,Zone_08,0.8468,0.0,0.0001,0.0001,0.0003,0.0002,0.0001,0.1521,0.8468,0.0002,0.0001
CT009347,Zone_05,Zone_05,0.9978,0.0,0.0001,0.0001,0.0006,0.9978,0.0001,0.0002,0.0011,0.0001,0.0
CT007595,Zone_08,Zone_08,0.7823,0.0,0.0001,0.0001,0.0004,0.0003,0.0002,0.2162,0.7823,0.0003,0.0001
CT018707,Zone_07,Zone_07,0.8676,0.0,0.0,0.0001,0.0006,0.0009,0.0002,0.8676,0.13,0.0004,0.0001
CT014800,Zone_08,Zone_08,0.8134,0.0,0.0,0.0001,0.0003,0.0002,0.0001,0.1855,0.8134,0.0003,0.0001
CT002394,Zone_02,Zone_02,0.9984,0.0006,0.9984,0.0005,0.0004,0.0,0.0,0.0,0.0,0.0,0.0
CT016550,Zone_08,Zone_08,0.9987,0.0,0.0,0.0,0.0002,0.0004,0.0001,0.0004,0.9987,0.0001,0.0001
CT019566,Zone_07,Zone_08,0.769,0.0,0.0001,0.0002,0.0005,0.0004,0.0005,0.2287,0.769,0.0005,0.0002
CT009444,Zone_04,Zone_04,0.9975,0.0001,0.0004,0.0004,0.9975,0.0004,0.0008,0.0002,0.0002,0.0001,0.0
CT011697,Zone_08,Zone_08,0.7742,0.0,0.0,0.0001,0.0003,0.0003,0.0001,0.2246,0.7742,0.0003,0.0001
CT005582,Zone_05,Zone_05,0.9975,0.0,0.0,0.0001,0.0005,0.9975,0.0,0.0011,0.0007,0.0001,0.0
CT015436,Zone_05,Zone_05,0.9981,0.0,0.0,0.0001,0.0005,0.9981,0.0001,0.0006,0.0005,0.0001,0.0
CT017753,Zone_10,Zone_10,0.9991,0.0001,0.0,0.0,0.0,0.0,0.0001,0.0001,0.0,0.0006,0.9991
CT016697,Zone_01,Zone_01,0.9989,0.9989,0.0004,0.0004,0.0002,0.0,0.0,0.0,0.0,0.0,0.0
CT007268,Zone_08,Zone_08,0.8392,0.0,0.0001,0.0001,0.0003,0.0002,0.0001,0.1595,0.8392,0.0003,0.0002
CT018663,Zone_07,Zone_07,0.7881,0.0,0.0,0.0001,0.0007,0.0011,0.0002,0.7881,0.2092,0.0004,0.0001
CT007168,Zone_01,Zone_01,0.9985,0.9985,0.0006,0.0005,0.0004,0.0,0.0,0.0,0.0,0.0,0.0
CT000881,Zone_08,Zone_08,0.9985,0.0,0.0,0.0,0.0002,0.0003,0.0,0.0007,0.9985,0.0001,0.0001
CT003613,Zone_08,Zone_08,0.6563,0.0,0.0002,0.0004,0.0008,0.0005,0.0036,0.3373,0.6563,0.0006,0.0004
CT010999,Zone_07,Zone_07,0.8004,0.0,0.0,0.0001,0.0006,0.0008,0.0001,0.8004,0.1974,0.0004,0.0002
CT007409,Zone_07,Zone_08,0.6672,0.0,0.0001,0.0002,0.0005,0.0005,0.0018,0.3289,0.6672,0.0005,0.0002
CT011922,Zone_07,Zone_08,0.5355,0.0,0.0001,0.0003,0.0005,0.0004,0.0004,0.4619,0.5355,0.0005,0.0004
CT006259,Zone_08,Zone_08,0.9955,0.0,0.0,0.0001,0.0006,0.0008,0.0002,0.0022,0.9955,0.0003,0.0002
CT000644,Zone_04,Zone_04,0.9962,0.0005,0.0008,0.0011,0.9962,0.0004,0.0001,0.0003,0.0004,0.0002,0.0001
CT004803,Zone_02,Zone_02,0.9983,0.0005,0.9983,0.0005,0.0006,0.0001,0.0,0.0,0.0,0.0,0.0
CT016945,Zone_10,Zone_10,0.999,0.0,0.0,0.0,0.0,0.0,0.0,0.0001,0.0003,0.0005,0.999
CT019530,Zone_08,Zone_08,0.751,0.0,0.0001,0.0001,0.0003,0.0003,0.0003,0.2473,0.751,0.0003,0.0002
CT015295,Zone_06,Zone_06,0.9989,0.0,0.0,0.0,0.0002,0.0,0.9989,0.0007,0.0002,0.0,0.0
CT014040,Zone_04,Zone_04,0.9965,0.0001,0.0002,0.0003,0.9965,0.0008,0.0,0.0006,0.0015,0.0001,0.0
CT007714,Zone_04,Zone_04,0.9937,0.001,0.0015,0.0017,0.9937,0.0006,0.0005,0.0004,0.0002,0.0002,0.0003
CT016075,Zone_07,Zone_07,0.5543,0.0001,0.0005,0.0011,0.0031,0.0026,0.0223,0.5543,0.4118,0.0028,0.0014
CT007307,Zone_02,Zone_02,0.9981,0.0006,0.9981,0.0005,0.0007,0.0001,0.0,0.0,0.0,0.0,0.0
CT015205,Zone_01,Zone_01,0.9989,0.9989,0.0005,0.0004,0.0002,0.0,0.0,0.0,0.0,0.0,0.0
CT010169,Zone_06,Zone_06,0.9989,0.0,0.0,0.0,0.0002,0.0001,0.9989,0.0005,0.0003,0.0,0.0
CT018937,Zone_03,Zone_03,0.9982,0.0005,0.0005,0.9982,0.0006,0.0001,0.0,0.0,0.0,0.0,0.0001
CT000480,Zone_08,Zone_08,0.9985,0.0,0.0,0.0,0.0002,0.0004,0.0001,0.0005,0.9985,0.0001,0.0001
CT002533,Zone_08,Zone_08,0.8891,0.0,0.0,0.0001,0.0002,0.0002,0.0,0.1101,0.8891,0.0002,0.0001
CT000753,Zone_04,Zone_04,0.996,0.0004,0.0008,0.0011,0.996,0.0005,0.0001,0.0005,0.0003,0.0002,0.0001
CT016711,Zone_03,Zone_03,0.9986,0.0003,0.0004,0.9986,0.0005,0.0001,0.0,0.0,0.0,0.0,0.0
CT012337,Zone_03,Zone_03,0.9983,0.0004,0.0005,0.9983,0.0005,0.0001,0.0001,0.0,0.0,0.0,0.0001
CT008306,Zone_03,Zone_03,0.9983,0.0004,0.0005,0.9983,0.0006,0.0001,0.0,0.0,0.0,0.0,0.0
CT005387,Zone_03,Zone_03,0.9983,0.0005,0.0005,0.9983,0.0005,0.0001,0.0,0.0,0.0,0.0,0.0001
CT007328,Zone_08,Zone_08,0.9986,0.0,0.0,0.0,0.0002,0.0003,0.0001,0.0005,0.9986,0.0001,0.0001
CT012255,Zone_02,Zone_02,0.9984,0.0006,0.9984,0.0004,0.0005,0.0,0.0,0.0,0.0,0.0,0.0
CT003132,Zone_06,Zone_06,0.9988,0.0,0.0,0.0,0.0002,0.0,0.9988,0.0005,0.0004,0.0,0.0
CT000947,Zone_08,Zone_08,0.8854,0.0,0.0,0.0001,0.0003,0.0002,0.0003,0.1135,0.8854,0.0002,0.0001
CT001520,Zone_01,Zone_01,0.9988,0.9988,0.0006,0.0004,0.0002,0.0,0.0,0.0,0.0,0.0,0.0
CT015335,Zone_04,Zone_04,0.9957,0.0006,0.001,0.0012,0.9957,0.0004,0.0001,0.0004,0.0002,0.0002,0.0002
CT005859,Zone_07,Zone_07,0.9036,0.0,0.0001,0.0003,0.0018,0.0025,0.0131,0.9036,0.0772,0.0009,0.0005
CT012647,Zone_03,Zone_03,0.9985,0.0004,0.0004,0.9985,0.0004,0.0001,0.0,0.0,0.0,0.0,0.0
CT006993,Zone_06,Zone_06,0.9989,0.0,0.0,0.0,0.0002,0.0001,0.9989,0.0004,0.0004,0.0,0.0
CT002331,Zone_08,Zone_08,0.78,0.0,0.0,0.0001,0.0003,0.0002,0.0003,0.2186,0.78,0.0003,0.0001
CT005246,Zone_08,Zone_08,0.8342,0.0,0.0,0.0,0.0001,0.0001,0.0,0.1653,0.8342,0.0001,0.0
CT008312,Zone_04,Zone_04,0.9976,0.0001,0.0002,0.0002,0.9976,0.0007,0.0001,0.0002,0.0007,0.0,0.0
CT015726,Zone_04,Zone_04,0.9951,0.0005,0.001,0.0013,0.9951,0.0005,0.0003,0.0008,0.0002,0.0002,0.0002
CT004431,Zone_04,Zone_04,0.9981,0.0001,0.0003,0.0004,0.9981,0.0003,0.0002,0.0003,0.0003,0.0001,0.0
CT012876,Zone_05,Zone_05,0.9981,0.0,0.0001,0.0001,0.0006,0.9981,0.0002,0.0005,0.0004,0.0001,0.0
CT011871,Zone_02,Zone_02,0.998,0.0006,0.998,0.0006,0.0007,0.0001,0.0,0.0,0.0,0.0,0.0
CT002207,Zone_07,Zone_08,0.6355,0.0,0.0001,0.0003,0.0007,0.0005,0.0009,0.3609,0.6355,0.0007,0.0004
CT009552,Zone_03,Zone_03,0.9985,0.0004,0.0004,0.9985,0.0005,0.0001,0.0,0.0,0.0,0.0,0.0
CT001371,Zone_03,Zone_03,0.9984,0.0005,0.0004,0.9984,0.0004,0.0001,0.0001,0.0,0.0,0.0,0.0
CT005652,Zone_08,Zone_08,0.9986,0.0,0.0,0.0,0.0001,0.0003,0.0,0.0007,0.9986,0.0001,0.0001
CT011317,Zone_04,Zone_04,0.9963,0.0001,0.0003,0.0003,0.9963,0.001,0.0,0.0006,0.0013,0.0001,0.0
CT006018,Zone_07,Zone_07,0.6973,0.0,0.0,0.0001,0.0004,0.0002,0.3016,0.6973,0.0002,0.0002,0.0
CT018231,Zone_02,Zone_02,0.9983,0.0007,0.9983,0.0005,0.0004,0.0001,0.0,0.0,0.0,0.0,0.0
CT013022,Zone_08,Zone_08,0.9952,0.0,0.0,0.0001,0.0005,0.0008,0.0003,0.0025,0.9952,0.0004,0.0002
CT007135,Zone_04,Zone_04,0.9983,0.0001,0.0003,0.0003,0.9983,0.0003,0.0002,0.0002,0.0002,0.0001,0.0
CT007067,Zone_08,Zone_08,0.8053,0.0,0.0,0.0001,0.0002,0.0002,0.0002,0.1937,0.8053,0.0002,0.0001
CT005790,Zone_08,Zone_08,0.9988,0.0,0.0,0.0,0.0001,0.0003,0.0,0.0005,0.9988,0.0001,0.0001
CT013850,Zone_04,Zone_04,0.9962,0.0005,0.0008,0.001,0.9962,0.0005,0.0002,0.0003,0.0002,0.0002,0.0001
CT018493,Zone_02,Zone_02,0.9984,0.0006,0.9984,0.0004,0.0005,0.0001,0.0,0.0,0.0,0.0,0.0
CT009400,Zone_07,Zone_08,0.6485,0.0,0.0001,0.0003,0.0008,0.0005,0.0019,0.347,0.6485,0.0005,0.0003
CT015890,Zone_03,Zone_03,0.9981,0.0004,0.0005,0.9981,0.0007,0.0001,0.0,0.0,0.0,0.0,0.0001
CT017302,Zone_05,Zone_05,0.9982,0.0,0.0,0.0001,0.0004,0.9982,0.0,0.0004,0.0007,0.0001,0.0
CT001344,Zone_07,Zone_07,0.7329,0.0,0.0,0.0001,0.0007,0.0007,0.0001,0.7329,0.265,0.0004,0.0001
CT006939,Zone_02,Zone_02,0.9984,0.0007,0.9984,0.0004,0.0004,0.0,0.0,0.0,0.0,0.0,0.0
CT015990,Zone_08,Zone_08,0.9972,0.0,0.0,0.0001,0.0003,0.0006,0.0001,0.0013,0.9972,0.0002,0.0001
CT018258,Zone_08,Zone_07,0.656,0.0,0.0001,0.0002,0.001,0.0016,0.0004,0.656,0.3397,0.0007,0.0003
CT019804,Zone_08,Zone_08,0.7322,0.0,0.0001,0.0001,0.0003,0.0002,0.0001,0.2665,0.7322,0.0003,0.0002
CT000387,Zone_07,Zone_07,0.5712,0.0,0.0001,0.0002,0.0005,0.0004,0.0007,0.5712,0.4262,0.0005,0.0002
CT018693,Zone_08,Zone_08,0.6616,0.0,0.0001,0.0001,0.0005,0.0003,0.0007,0.336,0.6616,0.0005,0.0002
CT014965,Zone_08,Zone_07,0.8755,0.0,0.0001,0.0002,0.0015,0.0016,0.0019,0.8755,0.1185,0.0005,0.0003
CT010489,Zone_09,Zone_09,0.998,0.0,0.0,0.0,0.0,0.0001,0.0,0.0005,0.0007,0.998,0.0006
CT017592,Zone_08,Zone_08,0.9968,0.0,0.0,0.0001,0.0004,0.0007,0.0001,0.0015,0.9968,0.0003,0.0002
CT016457,Zone_08,Zone_07,0.9656,0.0,0.0001,0.0002,0.0007,0.0004,0.001,0.9656,0.0312,0.0006,0.0002
CT003468,Zone_04,Zone_04,0.9975,0.0002,0.0004,0.0005,0.9975,0.0003,0.0006,0.0002,0.0001,0.0001,0.0
CT008416,Zone_07,Zone_07,0.9796,0.0,0.0,0.0001,0.0005,0.0003,0.0181,0.9796,0.001,0.0004,0.0001
CT013587,Zone_08,Zone_08,0.9979,0.0,0.0,0.0,0.0002,0.0003,0.0,0.0012,0.9979,0.0002,0.0001
CT009199,Zone_04,Zone_04,0.9975,0.0002,0.0005,0.0005,0.9975,0.0004,0.0001,0.0003,0.0003,0.0001,0.0
CT017336,Zone_07,Zone_07,0.7185,0.0,0.0001,0.0001,0.0005,0.0003,0.2797,0.7185,0.0004,0.0004,0.0001
CT018529,Zone_08,Zone_07,0.5982,0.0,0.0001,0.0002,0.0005,0.0003,0.0002,0.5982,0.3999,0.0004,0.0002
CT015770,Zone_07,Zone_07,0.5892,0.0,0.0001,0.0002,0.0005,0.0004,0.0003,0.5892,0.4086,0.0005,0.0002
CT003203,Zone_06,Zone_06,0.9993,0.0,0.0,0.0,0.0001,0.0,0.9993,0.0004,0.0001,0.0,0.0
CT011296,Zone_07,Zone_07,0.9154,0.0,0.0001,0.0002,0.0009,0.0006,0.0799,0.9154,0.002,0.0007,0.0002
CT012456,Zone_07,Zone_07,0.9681,0.0,0.0001,0.0002,0.0007,0.0005,0.0277,0.9681,0.0021,0.0005,0.0001
CT012888,Zone_04,Zone_04,0.9947,0.0006,0.0011,0.0016,0.9947,0.0005,0.0001,0.0004,0.0006,0.0002,0.0002
CT011432,Zone_02,Zone_02,0.9983,0.0007,0.9983,0.0004,0.0004,0.0,0.0,0.0,0.0,0.0,0.0
CT014173,Zone_08,Zone_08,0.7726,0.0,0.0001,0.0002,0.0003,0.0003,0.0004,0.2256,0.7726,0.0004,0.0002
CT003044,Zone_08,Zone_08,0.9956,0.0,0.0,0.0001,0.0005,0.0008,0.0004,0.002,0.9956,0.0003,0.0002
CT019352,Zone_02,Zone_02,0.9983,0.0006,0.9983,0.0005,0.0005,0.0001,0.0,0.0,0.0,0.0,0.0
CT003229,Zone_08,Zone_08,0.5062,0.0,0.0001,0.0001,0.0004,0.0003,0.0002,0.4921,0.5062,0.0003,0.0002
CT012279,Zone_07,Zone_07,0.7464,0.0,0.0001,0.0002,0.0014,0.0016,0.0011,0.7464,0.2482,0.0008,0.0003
CT005706,Zone_08,Zone_08,0.9965,0.0,0.0,0.0001,0.0005,0.0008,0.0003,0.0013,0.9965,0.0003,0.0002
CT015519,Zone_01,Zone_01,0.9986,0.9986,0.0006,0.0005,0.0003,0.0,0.0,0.0,0.0,0.0,0.0
CT010323,Zone_01,Zone_01,0.9985,0.9985,0.0006,0.0005,0.0003,0.0,0.0,0.0,0.0,0.0,0.0
CT004655,Zone_08,Zone_08,0.996,0.0,0.0,0.0001,0.0005,0.0009,0.0004,0.0015,0.996,0.0003,0.0002
CT002179,Zone_04,Zone_04,0.9951,0.0007,0.0012,0.0014,0.9951,0.0005,0.0001,0.0003,0.0003,0.0002,0.0002
CT008050,Zone_08,Zone_08,0.5922,0.0,0.0001,0.0001,0.0004,0.0002,0.0001,0.4066,0.5922,0.0003,0.0001
CT013269,Zone_08,Zone_08,0.9982,0.0,0.0,0.0,0.0002,0.0003,0.0,0.0011,0.9982,0.0001,0.0001
CT004533,Zone_08,Zone_08,0.8244,0.0,0.0,0.0001,0.0003,0.0002,0.0001,0.1745,0.8244,0.0002,0.0001
CT008148,Zone_01,Zone_01,0.9985,0.9985,0.0006,0.0005,0.0004,0.0,0.0,0.0,0.0,0.0,0.0
CT002676,Zone_07,Zone_07,0.8321,0.0,0.0,0.0001,0.001,0.0014,0.0012,0.8321,0.1632,0.0007,0.0002
CT016876,Zone_02,Zone_02,0.9982,0.0006,0.9982,0.0005,0.0006,0.0001,0.0,0.0,0.0,0.0,0.0
CT005211,Zone_08,Zone_08,0.9964,0.0,0.0,0.0001,0.0004,0.0007,0.0001,0.0019,0.9964,0.0003,0.0002
CT013018,Zone_08,Zone_08,0.9984,0.0,0.0,0.0,0.0002,0.0003,0.0,0.0008,0.9984,0.0001,0.0001
CT006779,Zone_04,Zone_04,0.9969,0.0001,0.0004,0.0003,0.9969,0.0009,0.0005,0.0005,0.0003,0.0001,0.0
CT007996,Zone_04,Zone_04,0.9962,0.0002,0.0004,0.0005,0.9962,0.0012,0.0001,0.0005,0.0008,0.0001,0.0
CT008390,Zone_07,Zone_07,0.8531,0.0,0.0,0.0001,0.0007,0.0012,0.0004,0.8531,0.1438,0.0005,0.0002
CT019719,Zone_10,Zone_10,0.9991,0.0,0.0,0.0,0.0,0.0,0.0,0.0001,0.0001,0.0006,0.9991
CT008764,Zone_07,Zone_08,0.6332,0.0,0.0001,0.0002,0.0005,0.0004,0.0009,0.3639,0.6332,0.0005,0.0002
CT011734,Zone_03,Zone_03,0.9985,0.0004,0.0004,0.9985,0.0005,0.0001,0.0,0.0,0.0,0.0,0.0
CT010988,Zone_09,Zone_09,0.9976,0.0,0.0,0.0,0.0,0.0001,0.0,0.0006,0.0011,0.9976,0.0006
CT007674,Zone_08,Zone_08,0.9991,0.0,0.0,0.0,0.0002,0.0002,0.0,0.0003,0.9991,0.0001,0.0001
CT012039,Zone_07,Zone_08,0.8458,0.0,0.0001,0.0002,0.0003,0.0002,0.0003,0.1526,0.8458,0.0003,0.0002
CT007973,Zone_07,Zone_07,0.8636,0.0,0.0,0.0001,0.0008,0.0011,0.0002,0.8636,0.1334,0.0005,0.0002
CT008954,Zone_10,Zone_10,0.9993,0.0,0.0,0.0,0.0,0.0,0.0,0.0001,0.0001,0.0005,0.9993
CT018045,Zone_06,Zone_06,0.9984,0.0,0.0,0.0,0.0002,0.0001,0.9984,0.0009,0.0003,0.0001,0.0
CT008999,Zone_10,Zone_10,0.9992,0.0,0.0,0.0,0.0,0.0,0.0,0.0,0.0001,0.0006,0.9992
CT007529,Zone_05,Zone_05,0.9984,0.0,0.0,0.0001,0.0004,0.9984,0.0001,0.0003,0.0007,0.0001,0.0
CT006592,Zone_08,Zone_08,0.6763,0.0,0.0001,0.0001,0.0004,0.0002,0.0001,0.3223,0.6763,0.0003,0.0001
CT001110,Zone_01,Zone_01,0.9983,0.9983,0.0007,0.0005,0.0004,0.0,0.0,0.0,0.0,0.0,0.0
CT002518,Zone_01,Zone_01,0.9987,0.9987,0.0006,0.0004,0.0003,0.0,0.0,0.0,0.0,0.0,0.0
CT011030,Zone_10,Zone_10,0.999,0.0,0.0,0.0,0.0,0.0,0.0,0.0001,0.0003,0.0006,0.999
CT016858,Zone_07,Zone_07,0.9849,0.0,0.0,0.0001,0.0004,0.0002,0.0005,0.9849,0.0134,0.0003,0.0001
CT013464,Zone_04,Zone_04,0.9955,0.0007,0.0009,0.0013,0.9955,0.0005,0.0002,0.0003,0.0002,0.0002,0.0001
CT015463,Zone_07,Zone_07,0.9828,0.0,0.0,0.0001,0.0004,0.0003,0.0013,0.9828,0.0145,0.0005,0.0001
CT013854,Zone_05,Zone_05,0.9981,0.0,0.0001,0.0001,0.0006,0.9981,0.0005,0.0003,0.0002,0.0001,0.0
CT010043,Zone_08,Zone_08,0.746,0.0,0.0,0.0001,0.0003,0.0002,0.0002,0.2527,0.746,0.0003,0.0001
CT018992,Zone_07,Zone_07,0.9112,0.0,0.0,0.0001,0.0006,0.0008,0.0001,0.9112,0.0868,0.0003,0.0001
