complaint_id,actual_zone,predicted_zone,prediction_confidence,prob_zone_01,prob_zone_02,prob_zone_03,prob_zone_04,prob_zone_05,prob_zone_06,prob_zone_07,prob_zone_08,prob_zone_09,prob_zone_10
CT012660,Zone_01,Zone_01,0.9978,0.9978,0.0009,0.0007,0.0005,0.0,0.0,0.0,0.0,0.0,0.0
CT009088,Zone_07,Zone_07,0.9961,0.0,0.0,0.0,0.0001,0.0,0.0,0.9961,0.0036,0.0001,0.0
CT008281,Zone_08,Zone_08,0.9987,0.0,0.0,0.0,0.0001,0.0002,0.0,0.0008,0.9987,0.0001,0.0001
CT006500,Zone_07,Zone_08,0.7501,0.0,0.0,0.0,0.0002,0.0001,0.0,0.2494,0.7501,0.0001,0.0001
CT010858,Zone_08,Zone_08,0.578,0.0,0.0,0.0001,0.0002,0.0002,0.0002,0.4211,0.578,0.0001,0.0001
CT000998,Zone_02,Zone_02,0.9981,0.0006,0.9981,0.0005,0.0007,0.0001,0.0,0.0,0.0,0.0,0.0
CT003768,Zone_04,Zone_04,0.9978,0.0001,0.0002,0.0002,0.9978,0.0006,0.0003,0.0005,0.0002,0.0,0.0
CT016589,Zone_07,Zone_07,0.966,0.0,0.0,0.0001,0.0004,0.0002,0.0009,0.966,0.0321,0.0002,0.0001
CT001388,Zone_04,Zone_04,0.9985,0.0001,0.0003,0.0003,0.9985,0.0003,0.0001,0.0004,0.0002,0.0,0.0
CT001708,Zone_08,Zone_08,0.9941,0.0,0.0,0.0001,0.0005,0.0007,0.001,0.0032,0.9941,0.0002,0.0002
CT008921,Zone_08,Zone_08,0.9987,0.0,0.0,0.0,0.0001,0.0002,0.0,0.0008,0.9987,0.0001,0.0001
CT009823,Zone_07,Zone_07,0.6367,0.0,0.0,0.0,0.0004,0.0005,0.0001,0.6367,0.3618,0.0002,0.0001
CT013332,Zone_08,Zone_08,0.9991,0.0,0.0,0.0,0.0001,0.0001,0.0,0.0006,0.9991,0.0,0.0
CT009553,Zone_08,Zone_08,0.626,0.0,0.0,0.0001,0.0002,0.0001,0.0,0.3733,0.626,0.0002,0.0001
CT013426,Zone_04,Zone_04,0.9975,0.0001,0.0003,0.0003,0.9975,0.0007,0.0002,0.0006,0.0003,0.0001,0.0
CT000407,Zone_04,Zone_04,0.9984,0.0001,0.0003,0.0004,0.9984,0.0003,0.0001,0.0004,0.0001,0.0,0.0
CT006247,Zone_10,Zone_10,0.9986,0.0,0.0,0.0,0.0,0.0,0.0,0.0003,0.0003,0.0008,0.9986
CT012062,Zone_07,Zone_08,0.7614,0.0,0.0,0.0,0.0001,0.0001,0.0,0.2381,0.7614,0.0001,0.0
CT002655,Zone_08,Zone_08,0.999,0.0,0.0,0.0,0.0001,0.0001,0.0,0.0006,0.999,0.0001,0.0
CT002741,Zone_03,Zone_03,0.9979,0.0007,0.0006,0.9979,0.0006,0.0001,0.0,0.0,0.0,0.0,0.0
CT004204,Zone_08,Zone_08,0.8623,0.0,0.0,0.0,0.0002,0.0001,0.0,0.1372,0.8623,0.0001,0.0
CT016166,Zone_02,Zone_02,0.998,0.0007,0.998,0.0005,0.0007,0.0,0.0,0.0,0.0,0.0,0.0
CT003813,Zone_08,Zone_07,0.876,0.0,0.0,0.0,0.0003,0.0003,0.0001,0.876,0.1231,0.0001,0.0
CT018692,Zone_04,Zone_04,0.9977,0.0001,0.0002,0.0002,0.9977,0.0007,0.0001,0.0004,0.0006,0.0,0.0
CT016709,Zone_07,Zone_07,0.5157,0.0,0.0,0.0,0.0002,0.0001,0.0001,0.5157,0.4838,0.0001,0.0001
CT007551,Zone_07,Zone_07,0.9476,0.0,0.0,0.0,0.0002,0.0001,0.0516,0.9476,0.0003,0.0001,0.0
CT005426,Zone_07,Zone_08,0.5669,0.0,0.0,0.0001,0.0002,0.0001,0.0001,0.4324,0.5669,0.0001,0.0001
CT009810,Zone_07,Zone_07,0.9938,0.0,0.0,0.0,0.0001,0.0001,0.0005,0.9938,0.0053,0.0001,0.0
CT019461,Zone_03,Zone_03,0.9982,0.0004,0.0004,0.9982,0.0008,0.0001,0.0,0.0,0.0,0.0,0.0
CT011624,Zone_07,Zone_07,0.719,0.0,0.0,0.0001,0.0004,0.0002,0.0009,0.719,0.2791,0.0002,0.0001
CT004310,Zone_07,Zone_08,0.866,0.0,0.0,0.0,0.0001,0.0001,0.0,0.1336,0.866,0.0001,0.0
CT003278,Zone_07,Zone_07,0.8199,0.0,0.0,0.0,0.0003,0.0003,0.0001,0.8199,0.1791,0.0001,0.0001
CT013963,Zone_07,Zone_07,0.9809,0.0,0.0,0.0,0.0003,0.0001,0.0182,0.9809,0.0004,0.0001,0.0
CT008759,Zone_05,Zone_05,0.9947,0.0,0.0001,0.0002,0.0012,0.9947,0.0001,0.0014,0.0021,0.0001,0.0001
CT001833,Zone_08,Zone_08,0.9964,0.0,0.0,0.0,0.0003,0.0005,0.0001,0.0024,0.9964,0.0001,0.0001
CT006393,Zone_04,Zone_04,0.9973,0.0001,0.0002,0.0002,0.9973,0.0006,0.0,0.001,0.0006,0.0,0.0
CT008639,Zone_07,Zone_07,0.9484,0.0,0.0,0.0,0.0003,0.0002,0.0002,0.9484,0.0507,0.0001,0.0
CT009450,Zone_04,Zone_04,0.9965,0.0001,0.0002,0.0003,0.9965,0.0009,0.0,0.0009,0.001,0.0,0.0
CT007172,Zone_07,Zone_07,0.8499,0.0,0.0,0.0,0.0004,0.0004,0.0001,0.8499,0.1489,0.0002,0.0001
CT007097,Zone_08,Zone_08,0.9987,0.0,0.0,0.0,0.0001,0.0002,0.0,0.0008,0.9987,0.0001,0.0
CT016127,Zone_07,Zone_07,0.9918,0.0,0.0,0.0,0.0002,0.0001,0.007,0.9918,0.0007,0.0001,0.0
CT000783,Zone_08,Zone_08,0.9927,0.0,0.0,0.0001,0.0007,0.0009,0.0008,0.0042,0.9927,0.0003,0.0002
CT009681,Zone_07,Zone_07,0.9242,0.0,0.0,0.0,0.0003,0.0002,0.0,0.9242,0.075,0.0002,0.0001
CT004975,Zone_08,Zone_07,0.6636,0.0,0.0,0.0001,0.0003,0.0002,0.0006,0.6636,0.335,0.0002,0.0001
CT013719,Zone_08,Zone_08,0.5477,0.0,0.0,0.0001,0.0002,0.0002,0.0001,0.4513,0.5477,0.0002,0.0001
CT003962,Zone_03,Zone_03,0.998,0.0007,0.0006,0.998,0.0006,0.0001,0.0,0.0,0.0,0.0,0.0
CT013819,Zone_04,Zone_04,0.9968,0.0004,0.0008,0.001,0.9968,0.0003,0.0001,0.0003,0.0001,0.0001,0.0001
CT008385,Zone_01,Zone_01,0.9981,0.9981,0.0008,0.0006,0.0005,0.0,0.0,0.0,0.0,0.0,0.0
CT009653,Zone_03,Zone_03,0.998,0.0004,0.0006,0.998,0.0008,0.0001,0.0,0.0,0.0,0.0,0.0
CT007970,Zone_02,Zone_02,0.9979,0.0007,0.9979,0.0005,0.0008,0.0,0.0,0.0,0.0,0.0,0.0
CT010507,Zone_08,Zone_07,0.5487,0.0,0.0,0.0001,0.0004,0.0002,0.0003,0.5487,0.4499,0.0002,0.0001
CT007600,Zone_07,Zone_08,0.6174,0.0,0.0,0.0001,0.0003,0.0002,0.0005,0.3811,0.6174,0.0002,0.0001
CT010064,Zone_02,Zone_02,0.998,0.0007,0.998,0.0005,0.0006,0.0001,0.0,0.0,0.0,0.0,0.0
CT019037,Zone_04,Zone_04,0.9963,0.0005,0.0009,0.0011,0.9963,0.0003,0.0001,0.0005,0.0001,0.0001,0.0001
CT016233,Zone_01,Zone_01,0.9977,0.9977,0.001,0.0007,0.0006,0.0,0.0,0.0,0.0,0.0,0.0
CT016275,Zone_04,Zone_04,0.9977,0.0002,0.0005,0.0005,0.9977,0.0004,0.0003,0.0002,0.0001,0.0001,0.0
CT000294,Zone_03,Zone_03,0.9981,0.0004,0.0005,0.9981,0.0008,0.0001,0.0,0.0,0.0,0.0,0.0
CT018802,Zone_02,Zone_02,0.9979,0.0008,0.9979,0.0005,0.0007,0.0001,0.0,0.0,0.0,0.0,0.0
CT013203,Zone_08,Zone_07,0.8666,0.0,0.0,0.0001,0.0006,0.0005,0.0005,0.8666,0.1313,0.0003,0.0002
CT001403,Zone_10,Zone_10,0.9985,0.0,0.0,0.0,0.0,0.0,0.0,0.0002,0.0006,0.0006,0.9985
CT008298,Zone_04,Zone_04,0.998,0.0001,0.0003,0.0004,0.998,0.0004,0.0001,0.0003,0.0003,0.0001,0.0
CT004078,Zone_08,Zone_07,0.873,0.0,0.0,0.0,0.0004,0.0003,0.0001,0.873,0.1259,0.0002,0.0001
CT009342,Zone_02,Zone_02,0.998,0.0006,0.998,0.0005,0.0008,0.0001,0.0,0.0,0.0,0.0,0.0
CT007860,Zone_07,Zone_07,0.9937,0.0,0.0,0.0,0.0002,0.0001,0.0005,0.9937,0.0054,0.0002,0.0001
CT005027,Zone_08,Zone_08,0.9962,0.0,0.0,0.0,0.0002,0.0003,0.0,0.0031,0.9962,0.0001,0.0001
CT012029,Zone_04,Zone_04,0.9978,0.0001,0.0002,0.0002,0.9978,0.0006,0.0002,0.0006,0.0003,0.0,0.0
CT019786,Zone_04,Zone_04,0.9978,0.0001,0.0002,0.0002,0.9978,0.0006,0.0001,0.0005,0.0005,0.0,0.0
CT005141,Zone_08,Zone_07,0.5787,0.0,0.0,0.0001,0.0002,0.0001,0.0,0.5787,0.4206,0.0001,0.0001
CT005841,Zone_05,Zone_05,0.9955,0.0,0.0001,0.0001,0.0011,0.9955,0.0001,0.001,0.0019,0.0001,0.0001
CT010730,Zone_06,Zone_06,0.9961,0.0,0.0,0.0,0.0004,0.0001,0.9961,0.0028,0.0005,0.0001,0.0
CT014988,Zone_04,Zone_04,0.9975,0.0001,0.0002,0.0003,0.9975,0.0007,0.0001,0.0005,0.0005,0.0,0.0
CT000867,Zone_07,Zone_07,0.9858,0.0,0.0,0.0,0.0002,0.0001,0.0134,0.9858,0.0003,0.0001,0.0
CT011310,Zone_01,Zone_01,0.9977,0.9977,0.0009,0.0007,0.0007,0.0,0.0,0.0,0.0,0.0,0.0
CT017931,Zone_08,Zone_08,0.9989,0.0,0.0,0.0,0.0001,0.0002,0.0,0.0006,0.9989,0.0001,0.0
CT004522,Zone_08,Zone_08,0.9993,0.0,0.0,0.0,0.0,0.0001,0.0,0.0005,0.9993,0.0,0.0
CT012269,Zone_02,Zone_02,0.9979,0.0005,0.9979,0.0006,0.0009,0.0001,0.0,0.0,0.0,0.0,0.0
CT013839,Zone_08,Zone_07,0.8981,0.0,0.0,0.0,0.0002,0.0003,0.0,0.8981,0.1012,0.0001,0.0001
CT016788,Zone_02,Zone_02,0.9979,0.0007,0.9979,0.0006,0.0006,0.0001,0.0,0.0,0.0,0.0,0.0
CT000505,Zone_07,Zone_07,0.7748,0.0,0.0,0.0,0.0004,0.0004,0.0001,0.7748,0.2239,0.0002,0.0001
CT013468,Zone_08,Zone_08,0.5707,0.0,0.0,0.0,0.0001,0.0001,0.0001,0.4288,0.5707,0.0001,0.0
CT002172,Zone_04,Zone_04,0.9966,0.0004,0.0008,0.001,0.9966,0.0004,0.0001,0.0003,0.0002,0.0001,0.0001
CT016545,Zone_06,Zone_06,0.9986,0.0,0.0,0.0,0.0001,0.0,0.9986,0.001,0.0001,0.0,0.0
CT014283,Zone_07,Zone_07,0.9741,0.0,0.0,0.0001,0.0004,0.0002,0.0032,0.9741,0.0216,0.0003,0.0001
CT009416,Zone_07,Zone_07,0.7909,0.0,0.0,0.0,0.0005,0.0005,0.0001,0.7909,0.2075,0.0002,0.0001
CT004401,Zone_07,Zone_07,0.9934,0.0,0.0,0.0,0.0002,0.0001,0.0003,0.9934,0.0059,0.0001,0.0
CT007056,Zone_05,Zone_05,0.9962,0.0,0.0001,0.0002,0.001,0.9962,0.0001,0.0006,0.0015,0.0001,0.0001
CT007504,Zone_08,Zone_08,0.9977,0.0,0.0,0.0,0.0002,0.0004,0.0001,0.0013,0.9977,0.0001,0.0001
CT009420,Zone_10,Zone_10,0.9987,0.0,0.0,0.0,0.0,0.0,0.0,0.0002,0.0003,0.0007,0.9987
CT013194,Zone_04,Zone_04,0.9978,0.0001,0.0002,0.0003,0.9978,0.0006,0.0001,0.0006,0.0004,0.0,0.0
CT009664,Zone_07,Zone_07,0.978,0.0,0.0,0.0,0.0003,0.0002,0.0206,0.978,0.0006,0.0002,0.0
CT015158,Zone_04,Zone_04,0.9977,0.0001,0.0002,0.0003,0.9977,0.0006,0.0001,0.0007,0.0003,0.0,0.0
CT010407,Zone_07,Zone_07,0.9876,0.0,0.0,0.0,0.0002,0.0001,0.0003,0.9876,0.0115,0.0002,0.0
CT003993,Zone_03,Zone_03,0.9979,0.0004,0.0005,0.9979,0.0009,0.0001,0.0,0.0,0.0,0.0,0.0
CT019595,Zone_07,Zone_07,0.7665,0.0,0.0,0.0,0.0003,0.0003,0.0,0.7665,0.2326,0.0001,0.0001
CT015299,Zone_02,Zone_02,0.9978,0.0008,0.9978,0.0007,0.0006,0.0,0.0,0.0,0.0,0.0,0.0
CT010761,Zone_01,Zone_01,0.998,0.998,0.0008,0.0006,0.0005,0.0,0.0,0.0,0.0,0.0,0.0
CT011987,Zone_03,Zone_03,0.9983,0.0004,0.0005,0.9983,0.0006,0.0001,0.0,0.0,0.0,0.0,0.0
CT004626,Zone_08,Zone_08,0.7815,0.0,0.0,0.0,0.0001,0.0001,0.0001,0.2179,0.7815,0.0001,0.0001
CT010533,Zone_04,Zone_04,0.9977,0.0001,0.0002,0.0003,0.9977,0.0007,0.0001,0.0005,0.0003,0.0,0.0
CT013079,Zone_08,Zone_08,0.7753,0.0,0.0,0.0001,0.0002,0.0001,0.0001,0.224,0.7753,0.0001,0.0001
CT009848,Zone_05,Zone_05,0.9965,0.0,0.0001,0.0001,0.001,0.9965,0.0002,0.0008,0.0011,0.0001,0.0001
CT005339,Zone_07,Zone_07,0.9796,0.0,0.0,0.0,0.0002,0.0001,0.0194,0.9796,0.0004,0.0001,0.0
CT012719,Zone_05,Zone_05,0.9933,0.0,0.0001,0.0002,0.0012,0.9933,0.0001,0.001,0.004,0.0001,0.0001
CT003635,Zone_08,Zone_08,0.5136,0.0,0.0,0.0001,0.0002,0.0001,0.0002,0.4856,0.5136,0.0001,0.0001
CT009719,Zone_07,Zone_07,0.9828,0.0,0.0,0.0,0.0004,0.0002,0.0161,0.9828,0.0003,0.0001,0.0
CT014189,Zone_08,Zone_08,0.7665,0.0,0.0,0.0,0.0001,0.0001,0.0,0.2332,0.7665,0.0001,0.0
CT010970,Zone_08,Zone_08,0.9965,0.0,0.0,0.0,0.0003,0.0005,0.0005,0.0017,0.9965,0.0002,0.0001
CT015323,Zone_04,Zone_04,0.9972,0.0002,0.0003,0.0004,0.9972,0.0008,0.0002,0.0006,0.0002,0.0001,0.0
CT005653,Zone_08,Zone_08,0.6123,0.0,0.0,0.0001,0.0003,0.0002,0.0002,0.3866,0.6123,0.0002,0.0001
CT014443,Zone_03,Zone_03,0.9982,0.0005,0.0006,0.9982,0.0006,0.0001,0.0,0.0,0.0,0.0,0.0
CT007873,Zone_04,Zone_04,0.9965,0.0005,0.0007,0.001,0.9965,0.0004,0.0002,0.0003,0.0001,0.0001,0.0001
CT012751,Zone_06,Zone_06,0.997,0.0,0.0,0.0,0.0004,0.0001,0.997,0.0019,0.0005,0.0001,0.0
CT009081,Zone_08,Zone_08,0.9981,0.0,0.0,0.0,0.0001,0.0002,0.0,0.0015,0.9981,0.0001,0.0
CT006659,Zone_07,Zone_07,0.9925,0.0,0.0,0.0,0.0002,0.0001,0.0004,0.9925,0.0066,0.0001,0.0
CT008969,Zone_06,Zone_06,0.9977,0.0,0.0,0.0,0.0003,0.0001,0.9977,0.0015,0.0004,0.0001,0.0
CT004792,Zone_02,Zone_02,0.9979,0.0006,0.9979,0.0006,0.0008,0.0001,0.0,0.0,0.0,0.0,0.0
CT017262,Zone_04,Zone_04,0.9977,0.0001,0.0002,0.0003,0.9977,0.0006,0.0001,0.0005,0.0005,0.0,0.0
CT018069,Zone_06,Zone_06,0.9962,0.0,0.0,0.0,0.0004,0.0001,0.9962,0.0017,0.0014,0.0001,0.0
CT006002,Zone_03,Zone_03,0.998,0.0004,0.0005,0.998,0.0008,0.0001,0.0,0.0,0.0,0.0,0.0
CT009413,Zone_04,Zone_04,0.9967,0.0005,0.0009,0.0009,0.9967,0.0003,0.0004,0.0002,0.0,0.0001,0.0001
CT019996,Zone_07,Zone_07,0.9952,0.0,0.0,0.0,0.0002,0.0001,0.0006,0.9952,0.0037,0.0001,0.0001
CT003298,Zone_08,Zone_08,0.9951,0.0,0.0,0.0001,0.0004,0.0006,0.0003,0.003,0.9951,0.0003,0.0003
CT011839,Zone_07,Zone_07,0.6463,0.0,0.0,0.0001,0.0002,0.0001,0.0001,0.6463,0.353,0.0001,0.0001
CT017042,Zone_07,Zone_07,0.9927,0.0,0.0,0.0,0.0001,0.0001,0.0002,0.9927,0.0067,0.0001,0.0
CT005039,Zone_07,Zone_07,0.9812,0.0,0.0,0.0,0.0003,0.0001,0.0176,0.9812,0.0005,0.0002,0.0
CT003982,Zone_08,Zone_08,0.999,0.0,0.0,0.0,0.0001,0.0002,0.0,0.0007,0.999,0.0,0.0
CT002763,Zone_03,Zone_03,0.9982,0.0004,0.0005,0.9982,0.0008,0.0001,0.0,0.0,0.0,0.0,0.0
CT009618,Zone_02,Zone_02,0.9977,0.0008,0.9977,0.0006,0.0007,0.0001,0.0,0.0,0.0,0.0,0.0
CT015520,Zone_07,Zone_07,0.9882,0.0,0.0,0.0,0.0001,0.0001,0.0001,0.9882,0.0115,0.0001,0.0
CT013951,Zone_06,Zone_06,0.9982,0.0,0.0,0.0,0.0003,0.0001,0.9982,0.0009,0.0004,0.0,0.0
CT007475,Zone_05,Zone_05,0.9951,0.0,0.0001,0.0002,0.0013,0.9951,0.0004,0.0019,0.0007,0.0002,0.0001
CT018372,Zone_01,Zone_01,0.9971,0.9971,0.0012,0.0008,0.0009,0.0,0.0,0.0,0.0,0.0,0.0
CT000295,Zone_07,Zone_07,0.9866,0.0,0.0,0.0,0.0001,0.0001,0.0129,0.9866,0.0002,0.0001,0.0
CT007314,Zone_07,Zone_08,0.5006,0.0,0.0,0.0001,0.0002,0.0001,0.0001,0.4987,0.5006,0.0001,0.0001
CT018520,Zone_04,Zone_04,0.9983,0.0001,0.0002,0.0002,0.9983,0.0005,0.0001,0.0003,0.0003,0.0,0.0
CT011118,Zone_05,Zone_05,0.9948,0.0,0.0001,0.0003,0.0012,0.9948,0.0013,0.0016,0.0005,0.0002,0.0001
CT009672,Zone_10,Zone_10,0.9984,0.0,0.0,0.0,0.0,0.0,0.0,0.0002,0.0004,0.0008,0.9984
CT003262,Zone_08,Zone_08,0.8442,0.0,0.0,0.0,0.0001,0.0001,0.0,0.1554,0.8442,0.0001,0.0
CT018725,Zone_03,Zone_03,0.9977,0.0005,0.0006,0.9977,0.001,0.0001,0.0,0.0,0.0,0.0,0.0
CT015620,Zone_04,Zone_04,0.9981,0.0001,0.0003,0.0003,0.9981,0.0003,0.0003,0.0004,0.0001,0.0001,0.0
CT004334,Zone_08,Zone_08,0.9961,0.0,0.0,0.0,0.0003,0.0004,0.0,0.003,0.9961,0.0001,0.0001
CT004039,Zone_05,Zone_05,0.9961,0.0,0.0001,0.0001,0.0011,0.9961,0.0002,0.0015,0.0008,0.0001,0.0001
CT007218,Zone_08,Zone_08,0.807,0.0,0.0,0.0001,0.0003,0.0001,0.0002,0.1919,0.807,0.0002,0.0002
CT006086,Zone_07,Zone_07,0.994,0.0,0.0,0.0,0.0001,0.0001,0.0001,0.994,0.0055,0.0001,0.0
CT015623,Zone_04,Zone_04,0.9977,0.0001,0.0004,0.0004,0.9977,0.0004,0.0005,0.0002,0.0002,0.0001,0.0
CT016112,Zone_08,Zone_07,0.8515,0.0,0.0,0.0,0.0003,0.0003,0.0,0.8515,0.1477,0.0001,0.0001
CT016926,Zone_09,Zone_09,0.9852,0.0,0.0,0.0001,0.0001,0.0004,0.0002,0.0026,0.0073,0.9852,0.0039
CT017819,Zone_08,Zone_08,0.9979,0.0,0.0,0.0,0.0002,0.0003,0.0001,0.0014,0.9979,0.0001,0.0001
CT008901,Zone_01,Zone_01,0.9982,0.9982,0.0007,0.0006,0.0004,0.0,0.0,0.0,0.0,0.0,0.0
CT015595,Zone_07,Zone_07,0.6364,0.0,0.0,0.0001,0.0003,0.0002,0.0003,0.6364,0.3624,0.0002,0.0001
CT001962,Zone_08,Zone_08,0.9975,0.0,0.0,0.0,0.0002,0.0003,0.0,0.0018,0.9975,0.0001,0.0001
CT015427,Zone_07,Zone_07,0.9924,0.0,0.0,0.0001,0.0003,0.0001,0.006,0.9924,0.0008,0.0002,0.0001
CT007344,Zone_02,Zone_02,0.9978,0.0006,0.9978,0.0006,0.0009,0.0001,0.0,0.0,0.0,0.0,0.0
CT008936,Zone_10,Zone_10,0.9985,0.0,0.0,0.0,0.0,0.0,0.0,0.0002,0.0005,0.0006,0.9985
CT010824,Zone_08,Zone_08,0.9981,0.0,0.0,0.0,0.0002,0.0002,0.0,0.0013,0.9981,0.0001,0.0001
CT014791,Zone_07,Zone_07,0.9899,0.0,0.0,0.0,0.0001,0.0001,0.0012,0.9899,0.0084,0.0001,0.0
CT002779,Zone_04,Zone_04,0.9974,0.0003,0.0007,0.0007,0.9974,0.0003,0.0,0.0004,0.0001,0.0001,0.0001
CT002493,Zone_02,Zone_02,0.9979,0.0006,0.9979,0.0006,0.0008,0.0001,0.0,0.0,0.0,0.0,0.0
CT019084,Zone_01,Zone_01,0.9983,0.9983,0.0007,0.0006,0.0004,0.0,0.0,0.0,0.0,0.0,0.0
CT003097,Zone_03,Zone_03,0.9983,0.0004,0.0005,0.9983,0.0007,0.0001,0.0,0.0,0.0,0.0,0.0
CT017864,Zone_07,Zone_07,0.9217,0.0,0.0,0.0,0.0003,0.0003,0.0003,0.9217,0.0771,0.0002,0.0001
CT008264,Zone_10,Zone_10,0.9988,0.0,0.0,0.0,0.0,0.0,0.0,0.0002,0.0002,0.0006,0.9988
CT004830,Zone_06,Zone_06,0.9898,0.0,0.0,0.0,0.0009,0.0002,0.9898,0.007,0.0019,0.0001,0.0
CT002923,Zone_03,Zone_03,0.998,0.0006,0.0006,0.998,0.0006,0.0001,0.0,0.0,0.0,0.0,0.0
CT001609,Zone_08,Zone_08,0.9985,0.0,0.0,0.0,0.0001,0.0002,0.0001,0.0008,0.9985,0.0001,0.0001
CT006749,Zone_08,Zone_08,0.9966,0.0,0.0,0.0,0.0002,0.0003,0.0,0.0025,0.9966,0.0001,0.0001
CT002459,Zone_04,Zone_04,0.9978,0.0001,0.0003,0.0004,0.9978,0.0004,0.0001,0.0007,0.0002,0.0001,0.0
CT014047,Zone_09,Zone_09,0.9886,0.0,0.0,0.0002,0.0001,0.0004,0.0003,0.0034,0.0031,0.9886,0.0038
CT016301,Zone_01,Zone_01,0.9981,0.9981,0.0008,0.0006,0.0005,0.0,0.0,0.0,0.0,0.0,0.0
CT012475,Zone_07,Zone_08,0.741,0.0,0.0,0.0,0.0001,0.0001,0.0,0.2586,0.741,0.0001,0.0
CT004979,Zone_07,Zone_07,0.9704,0.0,0.0,0.0001,0.0003,0.0002,0.0002,0.9704,0.0284,0.0002,0.0001
CT013722,Zone_04,Zone_04,0.997,0.0003,0.0007,0.0008,0.997,0.0003,0.0001,0.0006,0.0,0.0001,0.0001
CT000279,Zone_07,Zone_07,0.984,0.0,0.0,0.0,0.0003,0.0002,0.0143,0.984,0.0009,0.0002,0.0
CT010980,Zone_07,Zone_07,0.9366,0.0,0.0,0.0,0.0003,0.0003,0.0001,0.9366,0.0625,0.0001,0.0001
CT000100,Zone_10,Zone_10,0.9983,0.0,0.0,0.0,0.0,0.0,0.0,0.0004,0.0003,0.0008,0.9983
CT006982,Zone_10,Zone_10,0.9989,0.0,0.0,0.0,0.0,0.0,0.0,0.0002,0.0001,0.0006,0.9989
CT006758,Zone_07,Zone_07,0.9942,0.0,0.0,0.0,0.0002,0.0001,0.0049,0.9942,0.0004,0.0001,0.0
CT018344,Zone_08,Zone_07,0.5151,0.0,0.0,0.0001,0.0002,0.0001,0.0002,0.5151,0.4841,0.0001,0.0001
CT002312,Zone_02,Zone_02,0.9978,0.0007,0.9978,0.0006,0.0009,0.0001,0.0,0.0,0.0,0.0,0.0
CT010930,Zone_04,Zone_04,0.9981,0.0001,0.0002,0.0002,0.9981,0.0006,0.0001,0.0003,0.0004,0.0,0.0
CT019236,Zone_02,Zone_02,0.9981,0.0006,0.9981,0.0005,0.0006,0.0001,0.0,0.0,0.0,0.0,0.0
CT017551,Zone_05,Zone_05,0.9964,0.0,0.0001,0.0001,0.0011,0.9964,0.0003,0.0007,0.0011,0.0001,0.0001
CT018597,Zone_01,Zone_01,0.9981,0.9981,0.0007,0.0007,0.0005,0.0,0.0,0.0,0.0,0.0,0.0
CT001934,Zone_07,Zone_07,0.9911,0.0,0.0,0.0,0.0002,0.0001,0.0003,0.9911,0.0082,0.0001,0.0
CT005877,Zone_08,Zone_07,0.5828,0.0,0.0,0.0001,0.0002,0.0001,0.0001,0.5828,0.4166,0.0001,0.0001
CT006948,Zone_07,Zone_08,0.6641,0.0,0.0,0.0001,0.0001,0.0001,0.0001,0.3353,0.6641,0.0001,0.0001
CT005543,Zone_08,Zone_08,0.7004,0.0,0.0001,0.0004,0.0013,0.0009,0.0031,0.2923,0.7004,0.0009,0.0006
CT013777,Zone_08,Zone_08,0.9965,0.0,0.0,0.0,0.0003,0.0003,0.0001,0.0026,0.9965,0.0001,0.0001
CT001599,Zone_07,Zone_07,0.9818,0.0,0.0,0.0,0.0002,0.0001,0.0005,0.9818,0.017,0.0002,0.0001
CT002165,Zone_07,Zone_07,0.9746,0.0,0.0,0.0,0.0003,0.0001,0.0245,0.9746,0.0003,0.0001,0.0
CT001591,Zone_01,Zone_01,0.9984,0.9984,0.0007,0.0006,0.0004,0.0,0.0,0.0,0.0,0.0,0.0
CT008548,Zone_07,Zone_07,0.9289,0.0,0.0,0.0,0.0004,0.0003,0.0002,0.9289,0.0699,0.0002,0.0001
CT006551,Zone_07,Zone_07,0.9964,0.0,0.0,0.0,0.0002,0.0001,0.0024,0.9964,0.0008,0.0001,0.0
CT001894,Zone_02,Zone_02,0.9979,0.0005,0.9979,0.0006,0.0008,0.0001,0.0,0.0,0.0,0.0,0.0
CT012329,Zone_01,Zone_01,0.998,0.998,0.0007,0.0006,0.0006,0.0,0.0,0.0,0.0,0.0,0.0
CT015795,Zone_05,Zone_05,0.996,0.0,0.0001,0.0001,0.0008,0.996,0.0001,0.0011,0.0016,0.0001,0.0001
CT016437,Zone_08,Zone_08,0.998,0.0,0.0,0.0,0.0003,0.0003,0.0003,0.001,0.998,0.0001,0.0001
CT008293,Zone_08,Zone_08,0.9987,0.0,0.0,0.0,0.0001,0.0002,0.0,0.001,0.9987,0.0001,0.0
CT005519,Zone_03,Zone_03,0.998,0.0005,0.0006,0.998,0.0007,0.0001,0.0,0.0,0.0,0.0,0.0
CT018027,Zone_07,Zone_08,0.646,0.0,0.0,0.0,0.0002,0.0001,0.0,0.3535,0.646,0.0001,0.0
CT000272,Zone_01,Zone_01,0.9975,0.9975,0.0009,0.0008,0.0007,0.0,0.0,0.0,0.0,0.0,0.0
CT007079,Zone_03,Zone_03,0.998,0.0005,0.0005,0.998,0.0008,0.0001,0.0,0.0,0.0,0.0,0.0
CT008935,Zone_07,Zone_07,0.9942,0.0,0.0,0.0,0.0001,0.0001,0.0002,0.9942,0.0053,0.0001,0.0
CT008153,Zone_07,Zone_07,0.9376,0.0,0.0,0.0,0.0006,0.0005,0.0018,0.9376,0.0592,0.0002,0.0001
CT009995,Zone_04,Zone_04,0.9978,0.0001,0.0002,0.0003,0.9978,0.0005,0.0001,0.0007,0.0003,0.0,0.0
CT011653,Zone_07,Zone_07,0.8002,0.0,0.0,0.0,0.0004,0.0004,0.0002,0.8002,0.1985,0.0001,0.0001
CT016837,Zone_07,Zone_07,0.9115,0.0,0.0,0.0,0.0005,0.0005,0.0003,0.9115,0.0868,0.0002,0.0001
CT004779,Zone_04,Zone_04,0.9973,0.0002,0.0004,0.0004,0.9973,0.0004,0.0006,0.0005,0.0001,0.0001,0.0
CT011005,Zone_07,Zone_07,0.9763,0.0,0.0,0.0001,0.0003,0.0002,0.0012,0.9763,0.0217,0.0003,0.0001
CT001018,Zone_07,Zone_07,0.9754,0.0,0.0,0.0,0.0002,0.0001,0.0239,0.9754,0.0003,0.0001,0.0
CT011954,Zone_09,Zone_09,0.9883,0.0,0.0001,0.0002,0.0001,0.0004,0.0018,0.0044,0.001,0.9883,0.0036
CT000078,Zone_07,Zone_08,0.7571,0.0,0.0,0.0,0.0001,0.0001,0.0,0.2425,0.7571,0.0001,0.0
CT009743,Zone_07,Zone_07,0.8328,0.0,0.0,0.0,0.0004,0.0005,0.0002,0.8328,0.1659,0.0002,0.0001
CT000057,Zone_08,Zone_08,0.9971,0.0,0.0,0.0,0.0002,0.0003,0.0,0.0021,0.9971,0.0001,0.0001
CT012741,Zone_07,Zone_07,0.9882,0.0,0.0,0.0,0.0002,0.0001,0.011,0.9882,0.0003,0.0001,0.0
CT000319,Zone_04,Zone_04,0.9982,0.0001,0.0003,0.0003,0.9982,0.0003,0.0001,0.0003,0.0003,0.0,0.0
CT008630,Zone_07,Zone_07,0.9918,0.0,0.0,0.0,0.0002,0.0001,0.0069,0.9918,0.0007,0.0001,0.0
CT018729,Zone_08,Zone_08,0.996,0.0,0.0,0.0001,0.0004,0.0006,0.0006,0.0021,0.996,0.0002,0.0001
CT007025,Zone_03,Zone_03,0.9978,0.0006,0.0006,0.9978,0.0009,0.0001,0.0,0.0,0.0,0.0,0.0
CT008184,Zone_02,Zone_02,0.9978,0.0006,0.9978,0.0006,0.0009,0.0001,0.0,0.0,0.0,0.0,0.0
CT014282,Zone_01,Zone_01,0.9978,0.9978,0.0009,0.0007,0.0006,0.0,0.0,0.0,0.0,0.0,0.0
CT018158,Zone_07,Zone_08,0.5127,0.0,0.0,0.0001,0.0003,0.0002,0.0002,0.4863,0.5127,0.0002,0.0001
CT014546,Zone_07,Zone_07,0.7547,0.0,0.0,0.0,0.0003,0.0003,0.0001,0.7547,0.2444,0.0002,0.0
CT012730,Zone_08,Zone_08,0.7227,0.0,0.0,0.0,0.0001,0.0001,0.0002,0.2766,0.7227,0.0001,0.0001
CT010299,Zone_08,Zone_08,0.7224,0.0,0.0,0.0,0.0001,0.0001,0.0,0.2772,0.7224,0.0001,0.0
CT005184,Zone_08,Zone_08,0.7455,0.0,0.0,0.0001,0.0002,0.0001,0.0003,0.2535,0.7455,0.0001,0.0001
CT004896,Zone_08,Zone_08,0.9993,0.0,0.0,0.0,0.0001,0.0002,0.0,0.0004,0.9993,0.0,0.0
CT004871,Zone_08,Zone_08,0.9976,0.0,0.0,0.0,0.0002,0.0003,0.0001,0.0016,0.9976,0.0001,0.0001
CT014621,Zone_08,Zone_08,0.7329,0.0,0.0,0.0,0.0001,0.0001,0.0,0.2666,0.7329,0.0001,0.0001
CT010039,Zone_07,Zone_07,0.9675,0.0,0.0,0.0,0.0004,0.0003,0.0006,0.9675,0.031,0.0002,0.0001
CT019201,Zone_07,Zone_07,0.985,0.0,0.0,0.0,0.0001,0.0001,0.0001,0.985,0.0146,0.0001,0.0
CT009837,Zone_01,Zone_01,0.9979,0.9979,0.0009,0.0007,0.0005,0.0,0.0,0.0,0.0,0.0,0.0
CT019068,Zone_07,Zone_07,0.9937,0.0,0.0,0.0,0.0001,0.0001,0.0002,0.9937,0.0059,0.0001,0.0
CT005008,Zone_07,Zone_08,0.5706,0.0,0.0,0.0001,0.0002,0.0002,0.0004,0.4282,0.5706,0.0002,0.0001
CT012860,Zone_07,Zone_07,0.9139,0.0,0.0,0.0,0.0002,0.0002,0.0,0.9139,0.0855,0.0001,0.0
CT000817,Zone_07,Zone_07,0.9121,0.0,0.0,0.0,0.0003,0.0001,0.0868,0.9121,0.0003,0.0002,0.0
CT008145,Zone_08,Zone_08,0.5307,0.0,0.0,0.0001,0.0003,0.0002,0.0008,0.4674,0.5307,0.0002,0.0001
CT005066,Zone_07,Zone_07,0.7175,0.0,0.0,0.0,0.0004,0.0003,0.0,0.7175,0.2815,0.0002,0.0001
CT011481,Zone_08,Zone_08,0.9256,0.0,0.0,0.0,0.0001,0.0001,0.0001,0.0739,0.9256,0.0001,0.0001
CT017802,Zone_07,Zone_07,0.9771,0.0,0.0,0.0001,0.0003,0.0002,0.0209,0.9771,0.0011,0.0003,0.0001
CT017649,Zone_08,Zone_08,0.9982,0.0,0.0,0.0,0.0001,0.0001,0.0,0.0014,0.9982,0.0001,0.0
CT015285,Zone_01,Zone_01,0.9985,0.9985,0.0007,0.0005,0.0003,0.0,0.0,0.0,0.0,0.0,0.0
CT015231,Zone_08,Zone_08,0.6956,0.0,0.0,0.0001,0.0003,0.0002,0.0006,0.303,0.6956,0.0002,0.0001
CT002758,Zone_08,Zone_08,0.5131,0.0,0.0,0.0001,0.0002,0.0001,0.0002,0.4861,0.5131,0.0002,0.0001
CT005525,Zone_04,Zone_04,0.9976,0.0002,0.0005,0.0005,0.9976,0.0004,0.0002,0.0004,0.0001,0.0001,0.0
CT016819,Zone_06,Zone_06,0.9975,0.0,0.0,0.0,0.0004,0.0001,0.9975,0.0012,0.0009,0.0,0.0
CT009946,Zone_02,Zone_02,0.9979,0.0006,0.9979,0.0006,0.0007,0.0001,0.0,0.0,0.0,0.0,0.0
CT014238,Zone_08,Zone_07,0.5484,0.0,0.0,0.0001,0.0002,0.0001,0.0001,0.5484,0.4508,0.0002,0.0001
CT008593,Zone_07,Zone_07,0.9793,0.0,0.0,0.0001,0.0004,0.0002,0.0189,0.9793,0.0009,0.0002,0.0001
CT006575,Zone_08,Zone_08,0.9959,0.0,0.0,0.0001,0.0003,0.0005,0.0002,0.0025,0.9959,0.0003,0.0002
CT000384,Zone_08,Zone_08,0.9919,0.0,0.0,0.0001,0.0005,0.0007,0.0003,0.0061,0.9919,0.0003,0.0002
CT001066,Zone_10,Zone_10,0.9987,0.0,0.0,0.0,0.0,0.0,0.0,0.0002,0.0004,0.0006,0.9987
CT007051,Zone_10,Zone_10,0.9985,0.0,0.0,0.0,0.0,0.0,0.0,0.0004,0.0002,0.0008,0.9985
CT017241,Zone_04,Zone_04,0.9963,0.0004,0.0009,0.0011,0.9963,0.0004,0.0001,0.0003,0.0001,0.0001,0.0001
CT002085,Zone_08,Zone_08,0.7539,0.0,0.0,0.0001,0.0003,0.0002,0.0003,0.245,0.7539,0.0002,0.0001
CT006903,Zone_08,Zone_08,0.6915,0.0,0.0,0.0001,0.0002,0.0001,0.0001,0.3079,0.6915,0.0001,0.0001
CT014855,Zone_07,Zone_07,0.9793,0.0,0.0,0.0,0.0002,0.0001,0.02,0.9793,0.0002,0.0001,0.0
CT004515,Zone_03,Zone_03,0.9983,0.0005,0.0005,0.9983,0.0006,0.0001,0.0,0.0,0.0,0.0,0.0
CT006306,Zone_03,Zone_03,0.9982,0.0005,0.0005,0.9982,0.0006,0.0001,0.0,0.0,0.0,0.0,0.0
CT013358,Zone_03,Zone_03,0.9981,0.0004,0.0005,0.9981,0.0008,0.0001,0.0,0.0,0.0,0.0,0.0
CT013946,Zone_07,Zone_07,0.9841,0.0,0.0,0.0001,0.0005,0.0003,0.002,0.9841,0.0125,0.0003,0.0001
CT007536,Zone_10,Zone_10,0.9988,0.0,0.0,0.0,0.0,0.0,0.0,0.0002,0.0002,0.0006,0.9988
CT012403,Zone_08,Zone_08,0.5338,0.0,0.0,0.0001,0.0002,0.0002,0.0002,0.4653,0.5338,0.0002,0.0001
CT012312,Zone_08,Zone_08,0.9966,0.0,0.0,0.0,0.0003,0.0005,0.0002,0.002,0.9966,0.0002,0.0001
CT010677,Zone_08,Zone_08,0.999,0.0,0.0,0.0,0.0001,0.0002,0.0,0.0006,0.999,0.0001,0.0
CT005758,Zone_08,Zone_08,0.9982,0.0,0.0,0.0,0.0001,0.0002,0.0,0.0013,0.9982,0.0001,0.0
CT005509,Zone_07,Zone_07,0.9864,0.0,0.0,0.0,0.0001,0.0001,0.0003,0.9864,0.0129,0.0001,0.0
CT004337,Zone_02,Zone_02,0.9981,0.0005,0.9981,0.0005,0.0008,0.0001,0.0,0.0,0.0,0.0,0.0
CT015227,Zone_04,Zone_04,0.9977,0.0001,0.0002,0.0002,0.9977,0.0007,0.0002,0.0005,0.0003,0.0,0.0
CT013272,Zone_08,Zone_08,0.8601,0.0,0.0,0.0001,0.0002,0.0001,0.0003,0.139,0.8601,0.0001,0.0001
CT006556,Zone_05,Zone_05,0.9951,0.0,0.0001,0.0001,0.0011,0.9951,0.0001,0.0007,0.0025,0.0001,0.0001
CT008256,Zone_01,Zone_01,0.9983,0.9983,0.0007,0.0006,0.0004,0.0,0.0,0.0,0.0,0.0,0.0
CT002732,Zone_04,Zone_04,0.9974,0.0001,0.0004,0.0004,0.9974,0.0004,0.0008,0.0003,0.0001,0.0001,0.0
CT019964,Zone_10,Zone_10,0.9988,0.0,0.0,0.0,0.0,0.0,0.0,0.0001,0.0003,0.0007,0.9988
CT011348,Zone_02,Zone_02,0.9977,0.0008,0.9977,0.0006,0.0008,0.0001,0.0,0.0,0.0,0.0,0.0
CT007445,Zone_02,Zone_02,0.9976,0.0007,0.9976,0.0007,0.0009,0.0001,0.0,0.0,0.0,0.0,0.0
CT017530,Zone_05,Zone_05,0.9957,0.0,0.0001,0.0002,0.0014,0.9957,0.0002,0.0015,0.0007,0.0001,0.0001
CT007065,Zone_05,Zone_05,0.9962,0.0,0.0001,0.0002,0.0011,0.9962,0.0002,0.0013,0.0007,0.0001,0.0001
CT004911,Zone_03,Zone_03,0.9979,0.0004,0.0005,0.9979,0.0009,0.0001,0.0,0.0,0.0,0.0,0.0
CT012047,Zone_08,Zone_08,0.752,0.0,0.0,0.0,0.0001,0.0001,0.0,0.2475,0.752,0.0001,0.0001
CT015087,Zone_03,Zone_03,0.9985,0.0003,0.0004,0.9985,0.0006,0.0001,0.0,0.0,0.0,0.0,0.0
CT002253,Zone_05,Zone_05,0.9942,0.0,0.0001,0.0002,0.0012,0.9942,0.0,0.0012,0.0028,0.0002,0.0001
CT008690,Zone_07,Zone_07,0.9528,0.0,0.0,0.0001,0.0004,0.0002,0.0458,0.9528,0.0005,0.0002,0.0001
CT001401,Zone_08,Zone_08,0.9992,0.0,0.0,0.0,0.0001,0.0002,0.0,0.0004,0.9992,0.0001,0.0001
CT018264,Zone_08,Zone_08,0.9979,0.0,0.0,0.0,0.0001,0.0002,0.0,0.0016,0.9979,0.0001,0.0001
CT012499,Zone_04,Zone_04,0.9965,0.0005,0.0008,0.001,0.9965,0.0004,0.0002,0.0003,0.0001,0.0001,0.0001
CT014188,Zone_08,Zone_08,0.9971,0.0,0.0,0.0,0.0003,0.0004,0.0002,0.0018,0.9971,0.0001,0.0001
CT001447,Zone_06,Zone_06,0.9984,0.0,0.0,0.0,0.0002,0.0,0.9984,0.0011,0.0002,0.0,0.0
CT005759,Zone_04,Zone_04,0.9972,0.0003,0.0007,0.0008,0.9972,0.0003,0.0,0.0004,0.0001,0.0001,0.0001
CT001867,Zone_10,Zone_10,0.9989,0.0,0.0,0.0,0.0,0.0,0.0,0.0002,0.0001,0.0007,0.9989
CT009660,Zone_05,Zone_05,0.9949,0.0,0.0001,0.0002,0.0009,0.9949,0.0,0.0011,0.0027,0.0001,0.0001
CT019407,Zone_07,Zone_07,0.9873,0.0,0.0,0.0,0.0002,0.0001,0.0119,0.9873,0.0003,0.0001,0.0
CT000900,Zone_07,Zone_07,0.8984,0.0,0.0,0.0001,0.0005,0.0005,0.0003,0.8984,0.0998,0.0003,0.0002
CT010112,Zone_04,Zone_04,0.9977,0.0002,0.0004,0.0004,0.9977,0.0003,0.0005,0.0004,0.0,0.0001,0.0
CT000976,Zone_07,Zone_08,0.7278,0.0,0.0,0.0,0.0002,0.0001,0.0001,0.2717,0.7278,0.0001,0.0
CT002203,Zone_06,Zone_06,0.9966,0.0,0.0,0.0,0.0004,0.0001,0.9966,0.0023,0.0006,0.0001,0.0
CT011247,Zone_04,Zone_04,0.9972,0.0003,0.0005,0.0008,0.9972,0.0003,0.0,0.0003,0.0004,0.0001,0.0001
CT004561,Zone_09,Zone_09,0.9873,0.0,0.0,0.0001,0.0001,0.0003,0.0001,0.0039,0.0051,0.9873,0.003
CT004110,Zone_07,Zone_07,0.8259,0.0,0.0,0.0,0.0004,0.0004,0.0001,0.8259,0.1727,0.0002,0.0001
CT006240,Zone_08,Zone_07,0.6976,0.0,0.0,0.0001,0.0004,0.0005,0.0001,0.6976,0.3011,0.0002,0.0001
CT011917,Zone_07,Zone_07,0.9905,0.0,0.0,0.0,0.0002,0.0001,0.0014,0.9905,0.0076,0.0001,0.0001
CT012620,Zone_10,Zone_10,0.9981,0.0,0.0,0.0,0.0,0.0,0.0,0.0004,0.0006,0.0007,0.9981
CT010265,Zone_04,Zone_04,0.9981,0.0001,0.0003,0.0004,0.9981,0.0003,0.0001,0.0004,0.0002,0.0,0.0
CT000252,Zone_07,Zone_07,0.9974,0.0,0.0,0.0,0.0002,0.0001,0.0019,0.9974,0.0003,0.0001,0.0
CT005214,Zone_06,Zone_06,0.9977,0.0,0.0,0.0,0.0003,0.0001,0.9977,0.0014,0.0005,0.0,0.0
CT002858,Zone_08,Zone_08,0.9964,0.0,0.0,0.0,0.0003,0.0004,0.0001,0.0025,0.9964,0.0002,0.0001
CT007245,Zone_08,Zone_08,0.9532,0.0,0.0001,0.0003,0.0026,0.005,0.0007,0.0359,0.9532,0.0012,0.0009
CT017432,Zone_03,Zone_03,0.9978,0.0006,0.0006,0.9978,0.0008,0.0001,0.0,0.0,0.0,0.0,0.0
CT019637,Zone_07,Zone_07,0.5347,0.0,0.0,0.0001,0.0002,0.0001,0.0002,0.5347,0.4645,0.0001,0.0001
CT002286,Zone_03,Zone_03,0.9984,0.0004,0.0005,0.9984,0.0006,0.0001,0.0,0.0,0.0,0.0,0.0
CT009084,Zone_01,Zone_01,0.9978,0.9978,0.0009,0.0006,0.0006,0.0,0.0,0.0,0.0,0.0,0.0
CT005351,Zone_06,Zone_06,0.9984,0.0,0.0,0.0,0.0003,0.0001,0.9984,0.0008,0.0005,0.0001,0.0
CT010137,Zone_08,Zone_08,0.8812,0.0,0.0,0.0,0.0001,0.0001,0.0001,0.1184,0.8812,0.0001,0.0
CT005355,Zone_06,Zone_06,0.9939,0.0,0.0,0.0,0.0005,0.0001,0.9939,0.0043,0.001,0.0001,0.0
CT015330,Zone_04,Zone_04,0.9969,0.0004,0.0008,0.0009,0.9969,0.0003,0.0001,0.0002,0.0002,0.0001,0.0001
CT012079,Zone_03,Zone_03,0.9981,0.0005,0.0005,0.9981,0.0007,0.0001,0.0,0.0,0.0,0.0,0.0
CT013800,Zone_08,Zone_08,0.6604,0.0,0.0,0.0001,0.0002,0.0001,0.0002,0.3388,0.6604,0.0001,0.0001
CT005866,Zone_04,Zone_04,0.9979,0.0001,0.0002,0.0002,0.9979,0.0006,0.0001,0.0007,0.0003,0.0,0.0
CT014015,Zone_07,Zone_07,0.9949,0.0,0.0,0.0,0.0001,0.0001,0.0012,0.9949,0.0035,0.0001,0.0
CT007002,Zone_06,Zone_06,0.9986,0.0,0.0,0.0,0.0002,0.0,0.9986,0.0008,0.0003,0.0,0.0
CT017012,Zone_03,Zone_03,0.9982,0.0004,0.0005,0.9982,0.0008,0.0001,0.0,0.0,0.0,0.0,0.0
CT011461,Zone_08,Zone_08,0.9969,0.0,0.0,0.0,0.0002,0.0004,0.0001,0.0021,0.9969,0.0001,0.0001
CT013966,Zone_10,Zone_10,0.9989,0.0,0.0,0.0,0.0,0.0,0.0,0.0002,0.0002,0.0007,0.9989
CT010263,Zone_02,Zone_02,0.9976,0.0006,0.9976,0.0007,0.001,0.0001,0.0,0.0,0.0,0.0,0.0
CT002931,Zone_07,Zone_08,0.67,0.0,0.0,0.0001,0.0002,0.0001,0.0002,0.329,0.67,0.0002,0.0001
CT010205,Zone_08,Zone_08,0.5022,0.0,0.0,0.0001,0.0002,0.0001,0.0003,0.497,0.5022,0.0001,0.0001
CT012727,Zone_06,Zone_07,0.9936,0.0,0.0,0.0,0.0001,0.0001,0.0059,0.9936,0.0002,0.0001,0.0
CT003516,Zone_07,Zone_07,0.9908,0.0,0.0,0.0,0.0001,0.0001,0.0003,0.9908,0.0085,0.0001,0.0
CT008486,Zone_07,Zone_07,0.9019,0.0,0.0,0.0001,0.0004,0.0002,0.0967,0.9019,0.0004,0.0002,0.0001
CT008082,Zone_08,Zone_08,0.8439,0.0,0.0,0.0,0.0001,0.0001,0.0001,0.1557,0.8439,0.0001,0.0
CT006042,Zone_02,Zone_02,0.9977,0.0008,0.9977,0.0005,0.0009,0.0001,0.0,0.0,0.0,0.0,0.0
CT018468,Zone_03,Zone_03,0.9981,0.0005,0.0006,0.9981,0.0006,0.0001,0.0,0.0,0.0,0.0,0.0
CT016401,Zone_06,Zone_06,0.9997,0.0,0.0,0.0,0.0001,0.0,0.9997,0.0002,0.0001,0.0,0.0
CT003489,Zone_01,Zone_01,0.9981,0.9981,0.0008,0.0006,0.0005,0.0,0.0,0.0,0.0,0.0,0.0
CT016396,Zone_04,Zone_04,0.9975,0.0001,0.0003,0.0004,0.9975,0.0003,0.0011,0.0002,0.0001,0.0,0.0
CT007265,Zone_08,Zone_07,0.6595,0.0,0.0,0.0001,0.0006,0.0006,0.0004,0.6595,0.3384,0.0003,0.0001
CT010317,Zone_04,Zone_04,0.9977,0.0001,0.0002,0.0003,0.9977,0.0007,0.0,0.0003,0.0006,0.0,0.0
CT010209,Zone_04,Zone_04,0.997,0.0004,0.0008,0.0008,0.997,0.0003,0.0002,0.0002,0.0001,0.0001,0.0001
CT001339,Zone_07,Zone_07,0.9952,0.0,0.0,0.0,0.0002,0.0001,0.0033,0.9952,0.001,0.0001,0.0
CT000309,Zone_04,Zone_04,0.9972,0.0003,0.0005,0.0008,0.9972,0.0003,0.0003,0.0005,0.0001,0.0001,0.0001
CT012760,Zone_08,Zone_08,0.9964,0.0,0.0,0.0,0.0002,0.0004,0.0001,0.0026,0.9964,0.0001,0.0001
CT013436,Zone_08,Zone_08,0.995,0.0,0.0,0.0001,0.0004,0.0005,0.0002,0.0037,0.995,0.0001,0.0001
CT000328,Zone_07,Zone_07,0.7245,0.0,0.0,0.0,0.0003,0.0003,0.0001,0.7245,0.2745,0.0002,0.0001
CT008186,Zone_06,Zone_06,0.9954,0.0,0.0,0.0,0.0005,0.0001,0.9954,0.0024,0.0014,0.0001,0.0
CT011835,Zone_04,Zone_04,0.9969,0.0004,0.0007,0.0009,0.9969,0.0003,0.0,0.0004,0.0002,0.0001,0.0001
CT016186,Zone_03,Zone_03,0.9981,0.0005,0.0005,0.9981,0.0007,0.0001,0.0,0.0,0.0,0.0,0.0
CT005945,Zone_02,Zone_02,0.9978,0.0007,0.9978,0.0005,0.0009,0.0001,0.0,0.0,0.0,0.0,0.0
CT015121,Zone_04,Zone_04,0.9977,0.0001,0.0004,0.0004,0.9977,0.0003,0.0008,0.0003,0.0001,0.0,0.0
CT017533,Zone_01,Zone_01,0.9974,0.9974,0.001,0.0009,0.0005,0.0,0.0,0.0,0.0,0.0,0.0
CT016531,Zone_08,Zone_07,0.8389,0.0,0.0,0.0,0.0002,0.0002,0.0,0.8389,0.1604,0.0001,0.0
CT005776,Zone_02,Zone_02,0.9981,0.0006,0.9981,0.0005,0.0007,0.0001,0.0,0.0,0.0,0.0,0.0
CT009633,Zone_04,Zone_04,0.9973,0.0002,0.0006,0.0008,0.9973,0.0003,0.0001,0.0002,0.0003,0.0001,0.0001
CT015682,Zone_08,Zone_08,0.995,0.0,0.0,0.0,0.0003,0.0005,0.0001,0.0038,0.995,0.0002,0.0001
CT007555,Zone_08,Zone_08,0.6391,0.0,0.0,0.0001,0.0002,0.0002,0.0006,0.3595,0.6391,0.0002,0.0001
CT009636,Zone_02,Zone_02,0.9978,0.0007,0.9978,0.0006,0.0008,0.0001,0.0,0.0,0.0,0.0,0.0
CT001676,Zone_10,Zone_10,0.9992,0.0,0.0,0.0,0.0,0.0,0.0,0.0002,0.0,0.0005,0.9992
CT010219,Zone_02,Zone_02,0.9978,0.0008,0.9978,0.0006,0.0007,0.0001,0.0,0.0,0.0,0.0,0.0
CT008367,Zone_03,Zone_03,0.9977,0.0004,0.0006,0.9977,0.001,0.0001,0.0,0.0,0.0,0.0,0.0
CT002862,Zone_07,Zone_07,0.9162,0.0,0.0,0.0,0.0004,0.0003,0.0001,0.9162,0.0828,0.0002,0.0001
CT000102,Zone_07,Zone_07,0.7689,0.0,0.0,0.0,0.0002,0.0001,0.0,0.7689,0.2306,0.0001,0.0001
CT005383,Zone_07,Zone_07,0.9767,0.0,0.0,0.0,0.0002,0.0001,0.0006,0.9767,0.0221,0.0002,0.0001
CT012289,Zone_10,Zone_10,0.9982,0.0,0.0,0.0,0.0,0.0,0.0,0.0005,0.0003,0.0008,0.9982
CT007487,Zone_04,Zone_04,0.9972,0.0003,0.0007,0.0008,0.9972,0.0003,0.0001,0.0003,0.0001,0.0001,0.0001
CT014635,Zone_03,Zone_03,0.9983,0.0005,0.0004,0.9983,0.0006,0.0001,0.0,0.0,0.0,0.0,0.0
CT012661,Zone_10,Zone_10,0.9981,0.0,0.0,0.0,0.0,0.0,0.0,0.0003,0.0006,0.0009,0.9981
CT016463,Zone_03,Zone_03,0.9981,0.0004,0.0005,0.9981,0.0007,0.0001,0.0,0.0,0.0,0.0,0.0
CT002361,Zone_07,Zone_07,0.9562,0.0,0.0,0.0001,0.0005,0.0002,0.0414,0.9562,0.0013,0.0002,0.0001
CT005168,Zone_07,Zone_07,0.9905,0.0,0.0,0.0,0.0001,0.0001,0.0001,0.9905,0.009,0.0001,0.0
CT008420,Zone_03,Zone_03,0.9983,0.0004,0.0004,0.9983,0.0007,0.0001,0.0,0.0,0.0,0.0,0.0
CT013432,Zone_08,Zone_08,0.9981,0.0,0.0,0.0,0.0002,0.0003,0.0001,0.0011,0.9981,0.0001,0.0001
CT009528,Zone_03,Zone_03,0.9982,0.0005,0.0005,0.9982,0.0006,0.0001,0.0,0.0,0.0,0.0,0.0
CT009646,Zone_08,Zone_08,0.996,0.0,0.0,0.0,0.0003,0.0005,0.0001,0.0027,0.996,0.0002,0.0001
CT007356,Zone_05,Zone_05,0.995,0.0,0.0001,0.0002,0.0014,0.995,0.0001,0.0016,0.0015,0.0001,0.0001
CT007366,Zone_03,Zone_03,0.9982,0.0004,0.0005,0.9982,0.0006,0.0001,0.0,0.0,0.0,0.0,0.0
CT006483,Zone_07,Zone_07,0.9867,0.0,0.0,0.0,0.0003,0.0001,0.0122,0.9867,0.0004,0.0001,0.0
CT005963,Zone_08,Zone_08,0.9953,0.0,0.0,0.0001,0.0002,0.0005,0.0001,0.0034,0.9953,0.0002,0.0002
CT005657,Zone_06,Zone_06,0.9873,0.0,0.0,0.0001,0.0011,0.0003,0.9873,0.0087,0.0023,0.0002,0.0
CT001604,Zone_07,Zone_07,0.9871,0.0,0.0,0.0001,0.0003,0.0001,0.0069,0.9871,0.0053,0.0002,0.0
CT001776,Zone_07,Zone_07,0.9015,0.0,0.0,0.0,0.0003,0.0003,0.0,0.9015,0.0976,0.0002,0.0001
CT002184,Zone_03,Zone_03,0.998,0.0005,0.0005,0.998,0.0008,0.0001,0.0001,0.0,0.0,0.0,0.0
CT010406,Zone_01,Zone_01,0.9975,0.9975,0.0011,0.0008,0.0006,0.0,0.0,0.0,0.0,0.0,0.0
CT004360,Zone_07,Zone_07,0.9932,0.0,0.0,0.0,0.0001,0.0001,0.0004,0.9932,0.0059,0.0001,0.0
CT019316,Zone_03,Zone_03,0.9982,0.0005,0.0006,0.9982,0.0006,0.0001,0.0,0.0,0.0,0.0,0.0
CT017514,Zone_04,Zone_04,0.9974,0.0001,0.0002,0.0002,0.9974,0.0008,0.0002,0.0005,0.0006,0.0,0.0
CT015877,Zone_06,Zone_06,0.9824,0.0,0.0,0.0001,0.0017,0.0004,0.9824,0.0109,0.0042,0.0003,0.0
CT009447,Zone_07,Zone_07,0.7708,0.0,0.0,0.0,0.0004,0.0003,0.0001,0.7708,0.228,0.0002,0.0001
CT002853,Zone_07,Zone_07,0.986,0.0,0.0,0.0,0.0002,0.0001,0.0008,0.986,0.0126,0.0002,0.0001
CT003577,Zone_07,Zone_07,0.9909,0.0,0.0,0.0,0.0003,0.0002,0.0074,0.9909,0.001,0.0001,0.0
CT007796,Zone_07,Zone_08,0.6421,0.0,0.0,0.0001,0.0002,0.0002,0.0001,0.3571,0.6421,0.0002,0.0001
CT007836,Zone_04,Zone_04,0.9969,0.0001,0.0003,0.0003,0.9969,0.0011,0.0002,0.0005,0.0004,0.0,0.0
CT014447,Zone_08,Zone_08,0.5038,0.0,0.0,0.0001,0.0003,0.0002,0.0002,0.495,0.5038,0.0002,0.0001
CT000714,Zone_06,Zone_06,0.999,0.0,0.0,0.0,0.0001,0.0,0.999,0.0005,0.0003,0.0,0.0
CT017037,Zone_10,Zone_10,0.9989,0.0,0.0,0.0,0.0,0.0,0.0,0.0002,0.0001,0.0006,0.9989
CT013630,Zone_08,Zone_08,0.9988,0.0,0.0,0.0,0.0001,0.0002,0.0,0.0009,0.9988,0.0001,0.0
CT010660,Zone_08,Zone_08,0.9976,0.0,0.0,0.0,0.0002,0.0004,0.0002,0.0014,0.9976,0.0001,0.0001
CT000052,Zone_02,Zone_02,0.9981,0.0007,0.9981,0.0005,0.0006,0.0,0.0,0.0,0.0,0.0,0.0
CT019391,Zone_04,Zone_04,0.998,0.0001,0.0004,0.0004,0.998,0.0003,0.0001,0.0004,0.0002,0.0,0.0
CT017627,Zone_08,Zone_08,0.9994,0.0,0.0,0.0,0.0001,0.0001,0.0,0.0004,0.9994,0.0,0.0
CT001028,Zone_05,Zone_05,0.9959,0.0,0.0001,0.0002,0.0014,0.9959,0.0002,0.0008,0.0013,0.0001,0.0001
CT010703,Zone_03,Zone_03,0.998,0.0004,0.0006,0.998,0.0007,0.0001,0.0,0.0,0.0,0.0,0.0
CT003315,Zone_04,Zone_04,0.9984,0.0001,0.0003,0.0003,0.9984,0.0003,0.0001,0.0003,0.0001,0.0,0.0
CT008272,Zone_03,Zone_03,0.9982,0.0004,0.0005,0.9982,0.0007,0.0001,0.0,0.0,0.0,0.0,0.0
CT019381,Zone_02,Zone_02,0.9975,0.0008,0.9975,0.0007,0.0009,0.0001,0.0,0.0,0.0,0.0,0.0
CT006600,Zone_05,Zone_05,0.995,0.0,0.0001,0.0001,0.001,0.995,0.0001,0.0017,0.0017,0.0001,0.0001
CT006128,Zone_02,Zone_02,0.9978,0.0007,0.9978,0.0006,0.0008,0.0001,0.0,0.0,0.0,0.0,0.0
CT009926,Zone_10,Zone_10,0.9989,0.0,0.0,0.0,0.0,0.0,0.0,0.0002,0.0002,0.0006,0.9989
CT001353,Zone_04,Zone_04,0.9982,0.0002,0.0004,0.0004,0.9982,0.0003,0.0,0.0003,0.0002,0.0001,0.0
CT002561,Zone_08,Zone_08,0.9092,0.0,0.0,0.0,0.0001,0.0001,0.0,0.0905,0.9092,0.0001,0.0
CT000322,Zone_08,Zone_08,0.9968,0.0,0.0,0.0,0.0003,0.0004,0.0001,0.0021,0.9968,0.0001,0.0001
CT011146,Zone_07,Zone_07,0.5498,0.0,0.0001,0.0001,0.0004,0.0002,0.0007,0.5498,0.4483,0.0002,0.0001
CT005484,Zone_05,Zone_05,0.9961,0.0,0.0001,0.0001,0.001,0.9961,0.0003,0.0012,0.001,0.0001,0.0001
CT001103,Zone_07,Zone_07,0.9888,0.0,0.0,0.0,0.0002,0.0001,0.0003,0.9888,0.0103,0.0002,0.0
CT011025,Zone_04,Zone_04,0.9965,0.0005,0.0009,0.0009,0.9965,0.0003,0.0004,0.0002,0.0001,0.0001,0.0001
CT011359,Zone_01,Zone_01,0.9977,0.9977,0.001,0.0007,0.0006,0.0,0.0,0.0,0.0,0.0,0.0
CT014082,Zone_03,Zone_03,0.9981,0.0006,0.0005,0.9981,0.0005,0.0001,0.0,0.0,0.0,0.0,0.0
CT001252,Zone_03,Zone_03,0.9981,0.0006,0.0005,0.9981,0.0007,0.0001,0.0,0.0,0.0,0.0,0.0
CT004098,Zone_08,Zone_08,0.5498,0.0,0.0,0.0,0.0002,0.0001,0.0001,0.4496,0.5498,0.0001,0.0001
CT010098,Zone_10,Zone_10,0.9985,0.0,0.0,0.0,0.0,0.0,0.0,0.0004,0.0002,0.0008,0.9985
CT007311,Zone_05,Zone_05,0.9946,0.0,0.0001,0.0001,0.001,0.9946,0.0,0.0012,0.0027,0.0001,0.0001
CT004684,Zone_08,Zone_08,0.8457,0.0,0.0,0.0,0.0002,0.0001,0.0002,0.1536,0.8457,0.0001,0.0001
CT013783,Zone_07,Zone_08,0.7242,0.0,0.0,0.0,0.0001,0.0001,0.0,0.2754,0.7242,0.0001,0.0
CT015509,Zone_03,Zone_03,0.998,0.0004,0.0005,0.998,0.0008,0.0001,0.0,0.0,0.0,0.0,0.0
CT014916,Zone_01,Zone_01,0.9981,0.9981,0.0009,0.0006,0.0004,0.0,0.0,0.0,0.0,0.0,0.0
CT006085,Zone_03,Zone_03,0.9979,0.0006,0.0006,0.9979,0.0007,0.0001,0.0,0.0,0.0,0.0,0.0
CT011541,Zone_07,Zone_07,0.9868,0.0,0.0,0.0,0.0003,0.0001,0.0117,0.9868,0.0008,0.0002,0.0
CT014396,Zone_01,Zone_01,0.9981,0.9981,0.0008,0.0006,0.0005,0.0,0.0,0.0,0.0,0.0,0.0
CT004921,Zone_05,Zone_05,0.9959,0.0,0.0001,0.0002,0.0012,0.9959,0.0004,0.001,0.001,0.0001,0.0
CT012287,Zone_07,Zone_07,0.9603,0.0,0.0,0.0,0.0004,0.0003,0.002,0.9603,0.0367,0.0001,0.0001
CT012410,Zone_07,Zone_08,0.6302,0.0,0.0,0.0001,0.0002,0.0002,0.0001,0.3689,0.6302,0.0002,0.0001
CT012359,Zone_06,Zone_06,0.9968,0.0,0.0,0.0,0.0005,0.0001,0.9968,0.0018,0.0007,0.0001,0.0
CT006848,Zone_08,Zone_08,0.9914,0.0,0.0,0.0001,0.0007,0.0009,0.001,0.0054,0.9914,0.0003,0.0002
CT015402,Zone_05,Zone_05,0.9967,0.0,0.0001,0.0001,0.0009,0.9967,0.0001,0.0012,0.0007,0.0001,0.0001
CT014963,Zone_02,Zone_02,0.9978,0.0007,0.9978,0.0006,0.0008,0.0001,0.0,0.0,0.0,0.0,0.0
CT012127,Zone_04,Zone_04,0.998,0.0001,0.0004,0.0004,0.998,0.0003,0.0002,0.0003,0.0002,0.0,0.0
CT006397,Zone_07,Zone_07,0.9901,0.0,0.0,0.0,0.0001,0.0001,0.0004,0.9901,0.0091,0.0001,0.0
CT004945,Zone_07,Zone_07,0.9209,0.0,0.0,0.0,0.0003,0.0003,0.0003,0.9209,0.0779,0.0001,0.0001
CT019370,Zone_07,Zone_08,0.836,0.0,0.0,0.0,0.0001,0.0001,0.0001,0.1636,0.836,0.0001,0.0
CT011784,Zone_08,Zone_08,0.7833,0.0,0.0,0.0001,0.0002,0.0001,0.0001,0.2161,0.7833,0.0001,0.0001
CT008605,Zone_08,Zone_08,0.5009,0.0,0.0,0.0001,0.0002,0.0001,0.0001,0.4982,0.5009,0.0001,0.0001
CT015199,Zone_03,Zone_03,0.9979,0.0005,0.0006,0.9979,0.0008,0.0001,0.0,0.0,0.0,0.0,0.0
CT019332,Zone_07,Zone_08,0.505,0.0,0.0,0.0001,0.0002,0.0001,0.0003,0.4941,0.505,0.0001,0.0001
CT009119,Zone_08,Zone_08,0.6013,0.0,0.0,0.0001,0.0002,0.0002,0.0001,0.3977,0.6013,0.0002,0.0001
CT006581,Zone_07,Zone_07,0.968,0.0,0.0,0.0,0.0003,0.0001,0.031,0.968,0.0004,0.0002,0.0001
CT005589,Zone_08,Zone_08,0.998,0.0,0.0,0.0,0.0001,0.0002,0.0,0.0014,0.998,0.0001,0.0001
CT006872,Zone_08,Zone_07,0.833,0.0,0.0,0.0001,0.0005,0.0004,0.0001,0.833,0.1657,0.0002,0.0001
CT008563,Zone_07,Zone_07,0.9897,0.0,0.0,0.0001,0.0004,0.0002,0.0079,0.9897,0.0014,0.0002,0.0001
CT011130,Zone_07,Zone_07,0.9876,0.0,0.0,0.0,0.0002,0.0001,0.0001,0.9876,0.0118,0.0001,0.0
CT003852,Zone_04,Zone_04,0.998,0.0001,0.0003,0.0004,0.998,0.0003,0.0003,0.0003,0.0002,0.0001,0.0
CT007623,Zone_03,Zone_03,0.9979,0.0006,0.0006,0.9979,0.0007,0.0001,0.0,0.0,0.0,0.0,0.0
CT015828,Zone_07,Zone_07,0.984,0.0,0.0,0.0,0.0002,0.0001,0.0152,0.984,0.0003,0.0001,0.0
CT016460,Zone_04,Zone_04,0.9976,0.0001,0.0002,0.0003,0.9976,0.0007,0.0,0.0003,0.0006,0.0,0.0
CT009274,Zone_07,Zone_08,0.5108,0.0,0.0,0.0,0.0001,0.0001,0.0,0.4888,0.5108,0.0001,0.0
CT008660,Zone_08,Zone_08,0.9988,0.0,0.0,0.0,0.0001,0.0002,0.0,0.0008,0.9988,0.0001,0.0
CT005494,Zone_04,Zone_04,0.9974,0.0001,0.0002,0.0003,0.9974,0.0007,0.0001,0.0006,0.0005,0.0,0.0
CT011753,Zone_08,Zone_08,0.7085,0.0,0.0,0.0001,0.0003,0.0002,0.0005,0.2901,0.7085,0.0002,0.0001
CT012187,Zone_02,Zone_02,0.998,0.0008,0.998,0.0005,0.0005,0.0,0.0,0.0,0.0,0.0,0.0
CT014550,Zone_02,Zone_02,0.9977,0.0006,0.9977,0.0007,0.0009,0.0001,0.0,0.0,0.0,0.0,0.0
CT018968,Zone_07,Zone_07,0.6167,0.0,0.0,0.0001,0.0009,0.0007,0.0002,0.6167,0.3808,0.0004,0.0002
CT014013,Zone_07,Zone_07,0.9838,0.0,0.0,0.0,0.0001,0.0001,0.0001,0.9838,0.0158,0.0001,0.0
CT014086,Zone_04,Zone_04,0.9974,0.0001,0.0002,0.0003,0.9974,0.0007,0.0001,0.0009,0.0003,0.0,0.0
CT018953,Zone_06,Zone_06,0.9912,0.0,0.0,0.0,0.0008,0.0002,0.9912,0.0056,0.0021,0.0001,0.0
CT004587,Zone_07,Zone_07,0.892,0.0,0.0,0.0,0.0004,0.0004,0.0,0.892,0.1069,0.0002,0.0001
CT015242,Zone_07,Zone_07,0.9948,0.0,0.0,0.0,0.0001,0.0001,0.0002,0.9948,0.0046,0.0001,0.0
CT007558,Zone_04,Zone_04,0.9978,0.0001,0.0002,0.0002,0.9978,0.0007,0.0002,0.0005,0.0002,0.0,0.0
CT018485,Zone_07,Zone_07,0.9754,0.0,0.0,0.0,0.0002,0.0001,0.0003,0.9754,0.0238,0.0001,0.0
CT019026,Zone_07,Zone_07,0.6993,0.0,0.0,0.0,0.0005,0.0005,0.0002,0.6993,0.2991,0.0002,0.0001
CT007057,Zone_07,Zone_07,0.9931,0.0,0.0,0.0,0.0002,0.0001,0.0057,0.9931,0.0007,0.0001,0.0
CT000573,Zone_08,Zone_08,0.9991,0.0,0.0,0.0,0.0001,0.0001,0.0,0.0006,0.9991,0.0,0.0
CT004311,Zone_07,Zone_07,0.7609,0.0,0.0,0.0001,0.0009,0.0007,0.0011,0.7609,0.2359,0.0003,0.0001
CT010248,Zone_05,Zone_05,0.9951,0.0,0.0001,0.0002,0.0013,0.9951,0.0002,0.0016,0.0014,0.0001,0.0001
CT008680,Zone_07,Zone_08,0.6668,0.0,0.0,0.0,0.0001,0.0001,0.0,0.3328,0.6668,0.0001,0.0001
CT014852,Zone_07,Zone_07,0.9915,0.0,0.0,0.0,0.0002,0.0001,0.0017,0.9915,0.0063,0.0001,0.0
CT009878,Zone_07,Zone_07,0.8299,0.0,0.0,0.0001,0.0004,0.0001,0.169,0.8299,0.0003,0.0001,0.0
CT017732,Zone_02,Zone_02,0.998,0.0007,0.998,0.0005,0.0007,0.0001,0.0,0.0,0.0,0.0,0.0
CT012447,Zone_07,Zone_08,0.8009,0.0,0.0,0.0001,0.0002,0.0001,0.0001,0.1984,0.8009,0.0001,0.0001
CT018192,Zone_03,Zone_03,0.9981,0.0004,0.0005,0.9981,0.0008,0.0001,0.0,0.0,0.0,0.0,0.0
CT014768,Zone_08,Zone_08,0.9962,0.0,0.0,0.0,0.0003,0.0004,0.0002,0.0025,0.9962,0.0002,0.0001
CT018980,Zone_08,Zone_08,0.8131,0.0,0.0,0.0,0.0001,0.0001,0.0,0.1865,0.8131,0.0001,0.0
CT017075,Zone_08,Zone_08,0.9985,0.0,0.0,0.0,0.0001,0.0002,0.0,0.0011,0.9985,0.0001,0.0
CT010812,Zone_08,Zone_08,0.6319,0.0,0.0001,0.0002,0.0008,0.0004,0.0007,0.3652,0.6319,0.0005,0.0002
CT013717,Zone_08,Zone_08,0.5356,0.0,0.0,0.0001,0.0002,0.0001,0.0003,0.4634,0.5356,0.0001,0.0001
CT012100,Zone_08,Zone_08,0.8365,0.0,0.0,0.0,0.0001,0.0001,0.0,0.1631,0.8365,0.0001,0.0
CT002967,Zone_04,Zone_04,0.9979,0.0001,0.0002,0.0002,0.9979,0.0005,0.0001,0.0004,0.0006,0.0,0.0
CT008202,Zone_10,Zone_10,0.9985,0.0,0.0,0.0,0.0,0.0,0.0,0.0003,0.0003,0.0007,0.9985
CT009506,Zone_08,Zone_08,0.8151,0.0,0.0,0.0,0.0001,0.0001,0.0,0.1845,0.8151,0.0001,0.0
CT018480,Zone_03,Zone_03,0.9981,0.0005,0.0005,0.9981,0.0007,0.0001,0.0,0.0,0.0,0.0,0.0
CT009950,Zone_07,Zone_07,0.9523,0.0,0.0,0.0,0.0005,0.0004,0.0004,0.9523,0.0461,0.0002,0.0001
CT005137,Zone_02,Zone_02,0.9981,0.0006,0.9981,0.0005,0.0008,0.0,0.0,0.0,0.0,0.0,0.0
CT002043,Zone_08,Zone_08,0.7442,0.0,0.0,0.0001,0.0003,0.0002,0.0005,0.2546,0.7442,0.0002,0.0001
CT006956,Zone_08,Zone_08,0.9984,0.0,0.0,0.0,0.0001,0.0002,0.0,0.001,0.9984,0.0001,0.0001
CT003442,Zone_01,Zone_01,0.9976,0.9976,0.0008,0.0008,0.0007,0.0,0.0,0.0,0.0,0.0,0.0
CT017824,Zone_07,Zone_07,0.9813,0.0,0.0,0.0,0.0002,0.0001,0.0179,0.9813,0.0002,0.0001,0.0
CT013005,Zone_08,Zone_08,0.9963,0.0,0.0,0.0,0.0004,0.0004,0.0001,0.0025,0.9963,0.0002,0.0001
CT006435,Zone_07,Zone_07,0.5261,0.0,0.0,0.0001,0.0002,0.0001,0.0001,0.5261,0.4731,0.0001,0.0001
CT014886,Zone_07,Zone_08,0.9098,0.0,0.0,0.0,0.0001,0.0001,0.0,0.0898,0.9098,0.0001,0.0
CT015690,Zone_10,Zone_10,0.9986,0.0001,0.0,0.0,0.0,0.0,0.0,0.0003,0.0003,0.0007,0.9986
CT019298,Zone_07,Zone_07,0.9786,0.0,0.0,0.0,0.0002,0.0002,0.0004,0.9786,0.0203,0.0001,0.0
CT001736,Zone_07,Zone_07,0.9834,0.0,0.0,0.0,0.0002,0.0001,0.0008,0.9834,0.0152,0.0001,0.0
CT015709,Zone_04,Zone_04,0.9978,0.0002,0.0005,0.0005,0.9978,0.0003,0.0001,0.0005,0.0001,0.0001,0.0
CT018558,Zone_01,Zone_01,0.9984,0.9984,0.0007,0.0005,0.0004,0.0,0.0,0.0,0.0,0.0,0.0
CT012394,Zone_02,Zone_02,0.9981,0.0006,0.9981,0.0005,0.0007,0.0001,0.0,0.0,0.0,0.0,0.0
CT014824,Zone_06,Zone_06,0.9996,0.0,0.0,0.0,0.0001,0.0,0.9996,0.0003,0.0001,0.0,0.0
CT012795,Zone_01,Zone_01,0.9984,0.9984,0.0007,0.0006,0.0003,0.0,0.0,0.0,0.0,0.0,0.0
CT005809,Zone_02,Zone_02,0.9976,0.001,0.9976,0.0006,0.0007,0.0001,0.0,0.0,0.0,0.0,0.0
CT019615,Zone_04,Zone_04,0.9979,0.0001,0.0002,0.0002,0.9979,0.0007,0.0001,0.0003,0.0004,0.0,0.0
CT014388,Zone_08,Zone_08,0.9968,0.0,0.0,0.0,0.0003,0.0004,0.0002,0.002,0.9968,0.0001,0.0001
CT016434,Zone_06,Zone_06,0.9957,0.0,0.0,0.0,0.0004,0.0001,0.9957,0.0027,0.001,0.0001,0.0
CT000327,Zone_07,Zone_07,0.9917,0.0,0.0,0.0,0.0001,0.0001,0.0001,0.9917,0.0078,0.0001,0.0
CT013675,Zone_07,Zone_07,0.8796,0.0,0.0,0.0,0.0004,0.0004,0.0001,0.8796,0.1192,0.0002,0.0001
CT005286,Zone_03,Zone_03,0.9983,0.0003,0.0004,0.9983,0.0008,0.0001,0.0,0.0,0.0,0.0,0.0
CT016966,Zone_07,Zone_08,0.5747,0.0,0.0,0.0,0.0001,0.0001,0.0,0.4248,0.5747,0.0001,0.0
CT008176,Zone_06,Zone_06,0.9978,0.0,0.0,0.0,0.0003,0.0,0.9978,0.0015,0.0003,0.0,0.0
CT008244,Zone_05,Zone_05,0.9955,0.0,0.0001,0.0001,0.0012,0.9955,0.0001,0.0007,0.0022,0.0001,0.0001
CT002473,Zone_08,Zone_08,0.6467,0.0,0.0,0.0001,0.0002,0.0001,0.0001,0.3524,0.6467,0.0002,0.0001
CT001855,Zone_07,Zone_07,0.9883,0.0,0.0,0.0,0.0002,0.0001,0.0109,0.9883,0.0003,0.0001,0.0
CT005475,Zone_08,Zone_08,0.6785,0.0,0.0,0.0,0.0002,0.0001,0.0001,0.3209,0.6785,0.0001,0.0001
CT015934,Zone_10,Zone_10,0.998,0.0,0.0,0.0,0.0,0.0001,0.0,0.0004,0.0004,0.001,0.998
CT006628,Zone_08,Zone_08,0.6398,0.0,0.0,0.0001,0.0004,0.0002,0.0017,0.3573,0.6398,0.0003,0.0001
CT012025,Zone_07,Zone_07,0.5013,0.0,0.0,0.0001,0.0002,0.0001,0.0001,0.5013,0.4978,0.0002,0.0001
CT019266,Zone_06,Zone_06,0.9986,0.0,0.0,0.0,0.0002,0.0,0.9986,0.0008,0.0003,0.0,0.0
CT010615,Zone_07,Zone_08,0.733,0.0,0.0,0.0001,0.0003,0.0002,0.0007,0.2652,0.733,0.0002,0.0001
CT009226,Zone_07,Zone_07,0.9758,0.0,0.0,0.0,0.0003,0.0001,0.0234,0.9758,0.0003,0.0001,0.0
CT013100,Zone_05,Zone_05,0.9958,0.0,0.0001,0.0001,0.0009,0.9958,0.0001,0.0012,0.0016,0.0001,0.0001
CT008225,Zone_04,Zone_04,0.9961,0.0005,0.0009,0.0012,0.9961,0.0004,0.0001,0.0005,0.0001,0.0001,0.0001
CT016089,Zone_07,Zone_07,0.7304,0.0,0.0,0.0001,0.0004,0.0002,0.001,0.7304,0.2676,0.0002,0.0001
CT019846,Zone_04,Zone_04,0.9971,0.0001,0.0003,0.0003,0.9971,0.0008,0.0001,0.0007,0.0006,0.0001,0.0
CT000487,Zone_08,Zone_08,0.9965,0.0,0.0,0.0001,0.0004,0.0006,0.0004,0.0016,0.9965,0.0002,0.0002
CT015888,Zone_03,Zone_03,0.9981,0.0004,0.0005,0.9981,0.0008,0.0001,0.0,0.0,0.0,0.0,0.0
CT012030,Zone_07,Zone_07,0.8958,0.0,0.0,0.0,0.0004,0.0004,0.0001,0.8958,0.103,0.0002,0.0001
CT002869,Zone_10,Zone_10,0.9985,0.0,0.0,0.0,0.0,0.0,0.0,0.0003,0.0004,0.0007,0.9985
CT019107,Zone_07,Zone_08,0.7497,0.0,0.0,0.0001,0.0003,0.0002,0.0003,0.2491,0.7497,0.0002,0.0001
CT012004,Zone_09,Zone_09,0.9875,0.0,0.0,0.0001,0.0001,0.0003,0.0002,0.0055,0.0027,0.9875,0.0035
CT001056,Zone_08,Zone_07,0.5783,0.0,0.0,0.0001,0.0002,0.0001,0.0001,0.5783,0.421,0.0001,0.0001
CT015614,Zone_02,Zone_02,0.9978,0.0009,0.9978,0.0005,0.0007,0.0001,0.0,0.0,0.0,0.0,0.0
CT011505,Zone_07,Zone_07,0.9663,0.0,0.0,0.0,0.0003,0.0002,0.0324,0.9663,0.0006,0.0001,0.0
CT019745,Zone_01,Zone_01,0.9975,0.9975,0.0009,0.0009,0.0007,0.0,0.0,0.0,0.0,0.0,0.0
CT019455,Zone_08,Zone_07,0.7437,0.0,0.0,0.0,0.0004,0.0005,0.0001,0.7437,0.255,0.0002,0.0001
CT005040,Zone_07,Zone_07,0.9802,0.0,0.0,0.0,0.0002,0.0001,0.0009,0.9802,0.0184,0.0001,0.0
CT008970,Zone_07,Zone_07,0.9406,0.0,0.0,0.0,0.0003,0.0002,0.0,0.9406,0.0587,0.0001,0.0
CT009631,Zone_07,Zone_07,0.9933,0.0,0.0,0.0,0.0001,0.0001,0.0005,0.9933,0.0058,0.0001,0.0
CT013859,Zone_07,Zone_07,0.8434,0.0,0.0,0.0,0.0005,0.0004,0.0002,0.8434,0.1552,0.0002,0.0001
CT010244,Zone_04,Zone_04,0.9971,0.0001,0.0003,0.0003,0.9971,0.0008,0.0,0.0005,0.0008,0.0001,0.0
CT002195,Zone_07,Zone_08,0.6585,0.0,0.0,0.0,0.0001,0.0001,0.0,0.3411,0.6585,0.0001,0.0001
CT014923,Zone_05,Zone_05,0.9965,0.0,0.0001,0.0002,0.0012,0.9965,0.0001,0.0009,0.0008,0.0001,0.0001
CT013754,Zone_03,Zone_03,0.9978,0.0005,0.0006,0.9978,0.0009,0.0001,0.0,0.0,0.0,0.0,0.0
CT009731,Zone_04,Zone_04,0.9976,0.0002,0.0005,0.0005,0.9976,0.0004,0.0001,0.0004,0.0003,0.0001,0.0
CT011796,Zone_08,Zone_08,0.6015,0.0,0.0,0.0001,0.0002,0.0001,0.0001,0.3978,0.6015,0.0001,0.0001
CT008277,Zone_08,Zone_08,0.998,0.0,0.0,0.0,0.0002,0.0002,0.0,0.0013,0.998,0.0001,0.0001
CT011177,Zone_08,Zone_08,0.9969,0.0,0.0,0.0,0.0003,0.0003,0.0002,0.0022,0.9969,0.0001,0.0001
CT018164,Zone_07,Zone_07,0.9744,0.0,0.0,0.0001,0.0003,0.0002,0.0013,0.9744,0.0231,0.0003,0.0001
CT015404,Zone_08,Zone_07,0.5599,0.0,0.0001,0.0002,0.0004,0.0002,0.0026,0.5599,0.4361,0.0003,0.0001
CT011406,Zone_08,Zone_08,0.998,0.0,0.0,0.0,0.0001,0.0003,0.0,0.0014,0.998,0.0001,0.0001
CT005337,Zone_08,Zone_08,0.607,0.0,0.0,0.0001,0.0002,0.0001,0.0002,0.3921,0.607,0.0002,0.0001
CT013059,Zone_08,Zone_08,0.9977,0.0,0.0,0.0,0.0002,0.0002,0.0,0.0017,0.9977,0.0001,0.0001
CT019856,Zone_01,Zone_01,0.998,0.998,0.0008,0.0007,0.0004,0.0,0.0,0.0,0.0,0.0,0.0
CT015549,Zone_07,Zone_07,0.9698,0.0,0.0,0.0001,0.0003,0.0002,0.0003,0.9698,0.029,0.0002,0.0001
CT018322,Zone_08,Zone_08,0.8672,0.0,0.0,0.0,0.0001,0.0001,0.0001,0.1322,0.8672,0.0001,0.0001
CT015866,Zone_03,Zone_03,0.9981,0.0005,0.0006,0.9981,0.0007,0.0001,0.0,0.0,0.0,0.0,0.0
CT004840,Zone_03,Zone_03,0.9978,0.0005,0.0006,0.9978,0.0009,0.0001,0.0,0.0,0.0,0.0,0.0
CT019831,Zone_08,Zone_08,0.7934,0.0,0.0,0.0001,0.0002,0.0001,0.0001,0.2058,0.7934,0.0001,0.0001
CT000584,Zone_05,Zone_05,0.9967,0.0,0.0001,0.0001,0.0009,0.9967,0.0003,0.0009,0.0008,0.0001,0.0001
CT002715,Zone_07,Zone_07,0.9859,0.0,0.0,0.0001,0.0004,0.0002,0.012,0.9859,0.0011,0.0002,0.0001
CT008232,Zone_01,Zone_01,0.9981,0.9981,0.0008,0.0006,0.0005,0.0,0.0,0.0,0.0,0.0,0.0
CT013894,Zone_08,Zone_08,0.9976,0.0,0.0,0.0,0.0002,0.0002,0.0,0.0019,0.9976,0.0001,0.0001
CT017287,Zone_07,Zone_07,0.9382,0.0,0.0,0.0,0.0003,0.0003,0.0002,0.9382,0.0609,0.0001,0.0001
CT014399,Zone_01,Zone_01,0.9976,0.9976,0.0009,0.0007,0.0008,0.0,0.0,0.0,0.0,0.0,0.0
CT000737,Zone_01,Zone_01,0.9979,0.9979,0.0009,0.0006,0.0006,0.0,0.0,0.0,0.0,0.0,0.0
CT002456,Zone_07,Zone_07,0.9272,0.0,0.0,0.0001,0.0004,0.0005,0.0004,0.9272,0.0711,0.0002,0.0001
CT007087,Zone_07,Zone_07,0.9876,0.0,0.0,0.0,0.0002,0.0001,0.0003,0.9876,0.0117,0.0001,0.0
CT018088,Zone_07,Zone_07,0.9563,0.0,0.0,0.0,0.0003,0.0002,0.0424,0.9563,0.0005,0.0002,0.0
CT018167,Zone_10,Zone_10,0.9985,0.0,0.0,0.0,0.0,0.0,0.0,0.0002,0.0004,0.0008,0.9985
CT000427,Zone_04,Zone_04,0.9966,0.0004,0.0006,0.001,0.9966,0.0004,0.0,0.0004,0.0004,0.0001,0.0001
CT008322,Zone_08,Zone_07,0.8753,0.0,0.0,0.0,0.0005,0.0006,0.0002,0.8753,0.123,0.0002,0.0001
CT010503,Zone_01,Zone_01,0.9972,0.9972,0.001,0.0009,0.0008,0.0,0.0,0.0,0.0,0.0,0.0
CT015277,Zone_01,Zone_01,0.9982,0.9982,0.0008,0.0007,0.0003,0.0,0.0,0.0,0.0,0.0,0.0
CT011340,Zone_01,Zone_01,0.9979,0.9979,0.0009,0.0007,0.0005,0.0,0.0,0.0,0.0,0.0,0.0
CT018592,Zone_04,Zone_04,0.9976,0.0001,0.0002,0.0002,0.9976,0.0008,0.0004,0.0003,0.0003,0.0,0.0
CT012430,Zone_08,Zone_08,0.9973,0.0,0.0,0.0,0.0003,0.0003,0.0002,0.0016,0.9973,0.0001,0.0001
CT006697,Zone_04,Zone_04,0.9971,0.0001,0.0002,0.0003,0.9971,0.0009,0.0001,0.0005,0.0007,0.0001,0.0
CT008012,Zone_08,Zone_08,0.765,0.0,0.0,0.0001,0.0001,0.0001,0.0,0.2345,0.765,0.0001,0.0001
CT018561,Zone_08,Zone_08,0.9971,0.0,0.0,0.0,0.0001,0.0002,0.0,0.0023,0.9971,0.0001,0.0001
CT002003,Zone_10,Zone_10,0.9989,0.0,0.0,0.0,0.0,0.0,0.0,0.0003,0.0001,0.0006,0.9989
CT017050,Zone_02,Zone_02,0.9982,0.0007,0.9982,0.0005,0.0006,0.0,0.0,0.0,0.0,0.0,0.0
CT004540,Zone_05,Zone_05,0.995,0.0,0.0001,0.0001,0.0012,0.995,0.0001,0.0013,0.0021,0.0001,0.0001
CT002668,Zone_02,Zone_02,0.9978,0.0007,0.9978,0.0006,0.0008,0.0001,0.0,0.0,0.0,0.0,0.0
CT001412,Zone_10,Zone_10,0.9982,0.0,0.0,0.0,0.0,0.0,0.0,0.0003,0.0006,0.0008,0.9982
CT002754,Zone_03,Zone_03,0.9981,0.0005,0.0005,0.9981,0.0007,0.0001,0.0,0.0,0.0,0.0,0.0
CT000839,Zone_08,Zone_08,0.9979,0.0,0.0,0.0,0.0002,0.0003,0.0,0.0014,0.9979,0.0001,0.0001
CT002311,Zone_09,Zone_09,0.9888,0.0,0.0001,0.0002,0.0001,0.0004,0.0009,0.0033,0.0025,0.9888,0.0038
CT007775,Zone_08,Zone_08,0.6171,0.0,0.0,0.0001,0.0003,0.0002,0.0003,0.3818,0.6171,0.0002,0.0001
CT017053,Zone_07,Zone_08,0.5758,0.0,0.0,0.0,0.0002,0.0001,0.0001,0.4237,0.5758,0.0001,0.0
CT008233,Zone_06,Zone_06,0.9987,0.0,0.0,0.0,0.0002,0.0,0.9987,0.0008,0.0002,0.0,0.0
CT011366,Zone_06,Zone_06,0.9971,0.0,0.0,0.0,0.0002,0.0001,0.9971,0.0022,0.0004,0.0001,0.0
CT010243,Zone_04,Zone_04,0.9965,0.0005,0.0007,0.0009,0.9965,0.0004,0.0002,0.0005,0.0001,0.0001,0.0001
CT017671,Zone_08,Zone_07,0.5118,0.0,0.0,0.0001,0.0002,0.0001,0.0002,0.5118,0.4873,0.0001,0.0001
CT003248,Zone_07,Zone_07,0.9937,0.0,0.0,0.0,0.0001,0.0001,0.0005,0.9937,0.0054,0.0001,0.0
CT007111,Zone_10,Zone_10,0.9987,0.0,0.0,0.0,0.0,0.0,0.0,0.0003,0.0001,0.0008,0.9987
CT016547,Zone_04,Zone_04,0.998,0.0002,0.0004,0.0004,0.998,0.0004,0.0001,0.0003,0.0002,0.0001,0.0
CT009284,Zone_01,Zone_01,0.9981,0.9981,0.0009,0.0006,0.0004,0.0,0.0,0.0,0.0,0.0,0.0
CT003263,Zone_02,Zone_02,0.9978,0.0006,0.9978,0.0006,0.0009,0.0001,0.0,0.0,0.0,0.0,0.0
CT012936,Zone_04,Zone_04,0.9977,0.0001,0.0004,0.0005,0.9977,0.0004,0.0004,0.0004,0.0001,0.0001,0.0
CT004961,Zone_03,Zone_03,0.9981,0.0005,0.0006,0.9981,0.0006,0.0001,0.0,0.0,0.0,0.0,0.0
CT008511,Zone_04,Zone_04,0.9978,0.0002,0.0005,0.0005,0.9978,0.0004,0.0001,0.0004,0.0001,0.0001,0.0
CT012653,Zone_03,Zone_03,0.998,0.0006,0.0006,0.998,0.0007,0.0001,0.0,0.0,0.0,0.0,0.0
CT013904,Zone_07,Zone_07,0.8484,0.0,0.0,0.0,0.0003,0.0003,0.0,0.8484,0.1509,0.0001,0.0
CT004273,Zone_07,Zone_07,0.9878,0.0,0.0,0.0,0.0002,0.0001,0.0003,0.9878,0.0114,0.0002,0.0001
CT008118,Zone_04,Zone_04,0.998,0.0001,0.0001,0.0002,0.998,0.0006,0.0001,0.0003,0.0007,0.0,0.0
CT008796,Zone_07,Zone_08,0.7436,0.0,0.0,0.0001,0.0001,0.0001,0.0001,0.2558,0.7436,0.0001,0.0001
CT019703,Zone_08,Zone_08,0.6349,0.0,0.0,0.0001,0.0002,0.0001,0.0002,0.3643,0.6349,0.0002,0.0001
CT005835,Zone_07,Zone_07,0.7335,0.0,0.0,0.0,0.0004,0.0004,0.0002,0.7335,0.2651,0.0002,0.0001
CT014369,Zone_10,Zone_10,0.999,0.0,0.0,0.0,0.0,0.0,0.0,0.0001,0.0002,0.0006,0.999
CT003366,Zone_04,Zone_04,0.9967,0.0001,0.0003,0.0003,0.9967,0.0009,0.0,0.0007,0.0009,0.0,0.0
CT010839,Zone_03,Zone_03,0.9982,0.0004,0.0005,0.9982,0.0008,0.0001,0.0,0.0,0.0,0.0,0.0
CT017418,Zone_07,Zone_07,0.9825,0.0,0.0,0.0001,0.0003,0.0002,0.0024,0.9825,0.0143,0.0002,0.0001
CT018039,Zone_07,Zone_07,0.9515,0.0,0.0,0.0001,0.0004,0.0002,0.0471,0.9515,0.0004,0.0002,0.0001
CT007267,Zone_04,Zone_04,0.9979,0.0001,0.0002,0.0002,0.9979,0.0006,0.0002,0.0003,0.0004,0.0,0.0
CT010795,Zone_03,Zone_03,0.9979,0.0005,0.0006,0.9979,0.0008,0.0001,0.0,0.0,0.0,0.0,0.0
CT002191,Zone_03,Zone_03,0.9979,0.0005,0.0006,0.9979,0.0007,0.0001,0.0,0.0,0.0,0.0,0.0
CT015316,Zone_07,Zone_07,0.9327,0.0,0.0,0.0,0.0005,0.0004,0.0004,0.9327,0.0656,0.0002,0.0001
CT004035,Zone_03,Zone_03,0.998,0.0005,0.0006,0.998,0.0008,0.0001,0.0,0.0,0.0,0.0,0.0
CT008400,Zone_07,Zone_07,0.9608,0.0,0.0,0.0,0.0002,0.0001,0.0001,0.9608,0.0385,0.0001,0.0001
CT015297,Zone_03,Zone_03,0.9982,0.0006,0.0005,0.9982,0.0005,0.0001,0.0,0.0,0.0,0.0,0.0
CT016871,Zone_10,Zone_10,0.9986,0.0,0.0,0.0,0.0,0.0,0.0,0.0002,0.0003,0.0008,0.9986
CT012611,Zone_07,Zone_08,0.8232,0.0,0.0,0.0,0.0001,0.0001,0.0,0.1764,0.8232,0.0001,0.0
CT018414,Zone_02,Zone_02,0.9978,0.0006,0.9978,0.0006,0.0009,0.0001,0.0,0.0,0.0,0.0,0.0
CT017258,Zone_04,Zone_04,0.9978,0.0001,0.0002,0.0002,0.9978,0.0006,0.0002,0.0005,0.0003,0.0,0.0
CT014932,Zone_01,Zone_01,0.9978,0.9978,0.0008,0.0008,0.0005,0.0,0.0,0.0,0.0,0.0,0.0
CT015310,Zone_04,Zone_04,0.998,0.0001,0.0003,0.0004,0.998,0.0003,0.0,0.0005,0.0003,0.0001,0.0
CT014226,Zone_10,Zone_10,0.999,0.0,0.0,0.0,0.0,0.0,0.0,0.0002,0.0001,0.0006,0.999
CT010508,Zone_03,Zone_03,0.9979,0.0005,0.0005,0.9979,0.0008,0.0001,0.0,0.0,0.0,0.0,0.0
CT006627,Zone_08,Zone_08,0.7476,0.0,0.0,0.0001,0.0001,0.0001,0.0,0.2519,0.7476,0.0001,0.0001
CT002688,Zone_08,Zone_07,0.5062,0.0,0.0,0.0,0.0001,0.0001,0.0,0.5062,0.4934,0.0001,0.0001
CT009669,Zone_06,Zone_06,0.9988,0.0,0.0,0.0,0.0002,0.0,0.9988,0.0003,0.0007,0.0,0.0
CT012969,Zone_02,Zone_02,0.9982,0.0006,0.9982,0.0005,0.0006,0.0,0.0,0.0,0.0,0.0,0.0
CT018299,Zone_07,Zone_07,0.9764,0.0,0.0,0.0001,0.0002,0.0002,0.0005,0.9764,0.0224,0.0002,0.0001
CT011243,Zone_07,Zone_07,0.9023,0.0,0.0,0.0,0.0002,0.0003,0.0,0.9023,0.0969,0.0001,0.0001
CT009304,Zone_07,Zone_07,0.7507,0.0,0.0,0.0001,0.0005,0.0005,0.0002,0.7507,0.2476,0.0003,0.0001
CT007916,Zone_10,Zone_10,0.9987,0.0,0.0,0.0,0.0,0.0,0.0,0.0002,0.0005,0.0006,0.9987
CT019588,Zone_04,Zone_04,0.9968,0.0003,0.0007,0.0007,0.9968,0.0003,0.0007,0.0002,0.0001,0.0001,0.0001
CT004764,Zone_07,Zone_07,0.8794,0.0,0.0,0.0,0.0004,0.0005,0.0006,0.8794,0.1188,0.0002,0.0001
CT011164,Zone_10,Zone_10,0.9988,0.0,0.0,0.0,0.0,0.0,0.0,0.0002,0.0002,0.0007,0.9988
CT000371,Zone_07,Zone_07,0.9776,0.0,0.0,0.0,0.0001,0.0001,0.0,0.9776,0.022,0.0001,0.0
CT009564,Zone_07,Zone_08,0.5856,0.0,0.0,0.0001,0.0003,0.0002,0.0006,0.413,0.5856,0.0002,0.0001
CT015301,Zone_03,Zone_03,0.9984,0.0005,0.0005,0.9984,0.0005,0.0001,0.0,0.0,0.0,0.0,0.0
CT003417,Zone_07,Zone_08,0.7917,0.0,0.0,0.0001,0.0002,0.0001,0.0002,0.2072,0.7917,0.0002,0.0001
CT002819,Zone_08,Zone_08,0.9993,0.0,0.0,0.0,0.0001,0.0002,0.0,0.0003,0.9993,0.0,0.0
CT017991,Zone_02,Zone_02,0.9979,0.0008,0.9979,0.0006,0.0007,0.0001,0.0,0.0,0.0,0.0,0.0
CT018277,Zone_04,Zone_04,0.9975,0.0001,0.0002,0.0002,0.9975,0.0005,0.0007,0.0006,0.0001,0.0,0.0
CT008207,Zone_05,Zone_05,0.9957,0.0,0.0001,0.0001,0.0012,0.9957,0.0001,0.0012,0.0013,0.0001,0.0001
CT002328,Zone_01,Zone_01,0.9982,0.9982,0.0008,0.0006,0.0003,0.0,0.0,0.0,0.0,0.0,0.0
CT017127,Zone_04,Zone_04,0.9978,0.0001,0.0003,0.0003,0.9978,0.0007,0.0001,0.0003,0.0004,0.0,0.0
CT005729,Zone_06,Zone_06,0.9911,0.0,0.0,0.0,0.0007,0.0002,0.9911,0.0049,0.0028,0.0002,0.0
CT006738,Zone_08,Zone_08,0.6296,0.0,0.0,0.0,0.0001,0.0001,0.0,0.3699,0.6296,0.0001,0.0001
CT007313,Zone_08,Zone_08,0.9969,0.0,0.0,0.0,0.0002,0.0004,0.0001,0.0021,0.9969,0.0001,0.0001
CT003514,Zone_10,Zone_10,0.9987,0.0,0.0,0.0,0.0,0.0,0.0,0.0003,0.0002,0.0007,0.9987
CT003779,Zone_07,Zone_07,0.9892,0.0,0.0,0.0,0.0002,0.0002,0.0007,0.9892,0.0095,0.0002,0.0001
CT010705,Zone_01,Zone_01,0.998,0.998,0.0008,0.0007,0.0005,0.0,0.0,0.0,0.0,0.0,0.0
CT016455,Zone_03,Zone_03,0.9982,0.0004,0.0005,0.9982,0.0007,0.0001,0.0,0.0,0.0,0.0,0.0
CT012672,Zone_06,Zone_06,0.9991,0.0,0.0,0.0,0.0001,0.0,0.9991,0.0006,0.0001,0.0,0.0
CT000627,Zone_07,Zone_07,0.9957,0.0,0.0,0.0,0.0001,0.0001,0.0006,0.9957,0.0034,0.0001,0.0
CT003870,Zone_08,Zone_08,0.9989,0.0,0.0,0.0,0.0001,0.0002,0.0,0.0006,0.9989,0.0001,0.0001
CT011939,Zone_04,Zone_04,0.9977,0.0001,0.0002,0.0002,0.9977,0.0006,0.0003,0.0006,0.0002,0.0,0.0
CT016853,Zone_02,Zone_02,0.9976,0.0008,0.9976,0.0007,0.0008,0.0001,0.0,0.0,0.0,0.0,0.0
CT017578,Zone_02,Zone_02,0.9979,0.0007,0.9979,0.0005,0.0007,0.0001,0.0,0.0,0.0,0.0,0.0
CT012818,Zone_07,Zone_07,0.9654,0.0,0.0,0.0,0.0003,0.0001,0.0337,0.9654,0.0002,0.0002,0.0
CT012290,Zone_04,Zone_04,0.9972,0.0001,0.0002,0.0002,0.9972,0.0007,0.0,0.001,0.0005,0.0,0.0
CT001289,Zone_08,Zone_08,0.9983,0.0,0.0,0.0,0.0001,0.0002,0.0,0.0012,0.9983,0.0001,0.0
CT018636,Zone_07,Zone_07,0.9924,0.0,0.0,0.0,0.0002,0.0001,0.0007,0.9924,0.0065,0.0001,0.0
CT018644,Zone_04,Zone_04,0.9977,0.0002,0.0004,0.0004,0.9977,0.0004,0.0001,0.0006,0.0001,0.0001,0.0
CT002098,Zone_08,Zone_08,0.9932,0.0,0.0,0.0001,0.0004,0.0005,0.0001,0.0054,0.9932,0.0002,0.0001
CT010167,Zone_06,Zone_06,0.9995,0.0,0.0,0.0,0.0001,0.0,0.9995,0.0003,0.0,0.0,0.0
CT015097,Zone_08,Zone_08,0.7754,0.0,0.0,0.0,0.0002,0.0001,0.0001,0.2241,0.7754,0.0001,0.0
CT019367,Zone_04,Zone_04,0.9967,0.0004,0.0009,0.001,0.9967,0.0003,0.0001,0.0002,0.0001,0.0001,0.0001
CT006704,Zone_03,Zone_03,0.9979,0.0005,0.0006,0.9979,0.0008,0.0001,0.0,0.0,0.0,0.0,0.0
CT018113,Zone_08,Zone_07,0.559,0.0,0.0,0.0001,0.0001,0.0001,0.0001,0.559,0.4404,0.0001,0.0001
CT007587,Zone_03,Zone_03,0.9983,0.0005,0.0005,0.9983,0.0005,0.0001,0.0,0.0,0.0,0.0,0.0
CT015729,Zone_06,Zone_06,0.9843,0.0,0.0,0.0001,0.0014,0.0003,0.9843,0.0094,0.0041,0.0003,0.0
CT006123,Zone_08,Zone_08,0.5649,0.0,0.0,0.0001,0.0002,0.0001,0.0,0.4345,0.5649,0.0001,0.0001
CT008104,Zone_08,Zone_08,0.5512,0.0,0.0,0.0001,0.0002,0.0002,0.0002,0.4478,0.5512,0.0002,0.0001
CT011614,Zone_07,Zone_07,0.9948,0.0,0.0,0.0,0.0001,0.0001,0.0001,0.9948,0.0047,0.0001,0.0
CT012529,Zone_08,Zone_08,0.6703,0.0,0.0,0.0001,0.0002,0.0001,0.0003,0.3289,0.6703,0.0001,0.0001
CT005793,Zone_03,Zone_03,0.998,0.0003,0.0004,0.998,0.0011,0.0001,0.0,0.0,0.0,0.0,0.0
CT010160,Zone_07,Zone_07,0.9944,0.0,0.0,0.0,0.0001,0.0001,0.0005,0.9944,0.0048,0.0001,0.0
CT012390,Zone_07,Zone_07,0.9928,0.0,0.0,0.0,0.0001,0.0001,0.0006,0.9928,0.0063,0.0001,0.0
CT006317,Zone_08,Zone_08,0.529,0.0,0.0,0.0001,0.0004,0.0005,0.0001,0.4696,0.529,0.0002,0.0001
CT004354,Zone_02,Zone_02,0.9979,0.0006,0.9979,0.0006,0.0008,0.0001,0.0,0.0,0.0,0.0,0.0
CT018924,Zone_01,Zone_01,0.9978,0.9978,0.0009,0.0007,0.0006,0.0,0.0,0.0,0.0,0.0,0.0
CT001710,Zone_04,Zone_04,0.9976,0.0001,0.0004,0.0004,0.9976,0.0005,0.0001,0.0004,0.0003,0.0001,0.0
CT009989,Zone_04,Zone_04,0.9976,0.0001,0.0002,0.0003,0.9976,0.0006,0.0002,0.0007,0.0002,0.0,0.0
CT012517,Zone_07,Zone_07,0.9028,0.0,0.0,0.0,0.0003,0.0003,0.0001,0.9028,0.0963,0.0001,0.0001
CT013695,Zone_01,Zone_01,0.9978,0.9978,0.0009,0.0007,0.0006,0.0,0.0,0.0,0.0,0.0,0.0
CT004105,Zone_06,Zone_06,0.9952,0.0,0.0,0.0,0.0004,0.0001,0.9952,0.0021,0.0021,0.0001,0.0
CT001482,Zone_02,Zone_02,0.9982,0.0006,0.9982,0.0005,0.0006,0.0001,0.0,0.0,0.0,0.0,0.0
CT017599,Zone_03,Zone_03,0.9981,0.0005,0.0005,0.9981,0.0007,0.0001,0.0,0.0,0.0,0.0,0.0
CT014961,Zone_04,Zone_04,0.9966,0.0004,0.0008,0.0009,0.9966,0.0003,0.0004,0.0003,0.0001,0.0001,0.0001
CT000886,Zone_05,Zone_05,0.9961,0.0,0.0001,0.0001,0.0011,0.9961,0.0003,0.0014,0.0007,0.0001,0.0001
CT003517,Zone_07,Zone_07,0.6137,0.0,0.0,0.0001,0.0002,0.0001,0.0001,0.6137,0.3856,0.0001,0.0001
CT007880,Zone_10,Zone_10,0.9988,0.0001,0.0,0.0,0.0,0.0,0.0,0.0002,0.0001,0.0007,0.9988
CT002883,Zone_07,Zone_07,0.857,0.0,0.0,0.0,0.0006,0.0005,0.0003,0.857,0.1413,0.0002,0.0001
CT013795,Zone_04,Zone_04,0.9953,0.0005,0.0009,0.0012,0.9953,0.0003,0.0011,0.0004,0.0,0.0001,0.0001
CT005089,Zone_10,Zone_10,0.9987,0.0,0.0,0.0,0.0,0.0,0.0,0.0003,0.0001,0.0008,0.9987
CT015738,Zone_10,Zone_10,0.9988,0.0,0.0,0.0,0.0,0.0,0.0,0.0003,0.0001,0.0007,0.9988
CT006985,Zone_04,Zone_04,0.998,0.0001,0.0002,0.0002,0.998,0.0006,0.0001,0.0005,0.0003,0.0,0.0
CT010528,Zone_08,Zone_08,0.6452,0.0,0.0,0.0001,0.0002,0.0002,0.0001,0.3539,0.6452,0.0002,0.0001
CT001193,Zone_07,Zone_07,0.9647,0.0,0.0,0.0,0.0002,0.0001,0.0346,0.9647,0.0002,0.0001,0.0
CT008655,Zone_04,Zone_04,0.9963,0.0001,0.0002,0.0003,0.9963,0.0008,0.0,0.0006,0.0014,0.0001,0.0
CT007655,Zone_01,Zone_01,0.9981,0.9981,0.0008,0.0006,0.0004,0.0,0.0,0.0,0.0,0.0,0.0
CT003460,Zone_07,Zone_07,0.9774,0.0,0.0,0.0001,0.0003,0.0002,0.0016,0.9774,0.0202,0.0002,0.0001
CT012214,Zone_07,Zone_07,0.9856,0.0,0.0,0.0,0.0001,0.0001,0.0139,0.9856,0.0002,0.0001,0.0
CT007427,Zone_09,Zone_09,0.9901,0.0,0.0001,0.0002,0.0001,0.0004,0.0002,0.0014,0.004,0.9901,0.0036
CT005887,Zone_04,Zone_04,0.9962,0.0006,0.001,0.0011,0.9962,0.0004,0.0002,0.0003,0.0001,0.0001,0.0001
CT012514,Zone_08,Zone_08,0.7022,0.0,0.0,0.0001,0.0002,0.0001,0.0001,0.297,0.7022,0.0002,0.0001
CT019565,Zone_03,Zone_03,0.9981,0.0006,0.0005,0.9981,0.0006,0.0001,0.0,0.0,0.0,0.0,0.0
CT008165,Zone_05,Zone_05,0.9929,0.0,0.0001,0.0002,0.0013,0.9929,0.0,0.0017,0.0035,0.0001,0.0001
CT009647,Zone_08,Zone_08,0.9988,0.0,0.0,0.0,0.0001,0.0002,0.0001,0.0007,0.9988,0.0001,0.0
CT000822,Zone_08,Zone_08,0.6257,0.0,0.0,0.0001,0.0002,0.0001,0.0001,0.3736,0.6257,0.0002,0.0001
CT019069,Zone_07,Zone_07,0.9661,0.0,0.0,0.0001,0.0005,0.0004,0.0278,0.9661,0.0049,0.0001,0.0001
CT005639,Zone_02,Zone_02,0.9978,0.0007,0.9978,0.0007,0.0007,0.0001,0.0,0.0,0.0,0.0,0.0
CT014822,Zone_08,Zone_08,0.6647,0.0,0.0,0.0,0.0001,0.0001,0.0,0.3349,0.6647,0.0001,0.0001
CT003142,Zone_01,Zone_01,0.998,0.998,0.0008,0.0006,0.0005,0.0,0.0,0.0,0.0,0.0,0.0
CT019976,Zone_05,Zone_05,0.9962,0.0,0.0001,0.0002,0.0009,0.9962,0.0001,0.0014,0.0008,0.0001,0.0001
CT019278,Zone_08,Zone_08,0.998,0.0,0.0,0.0,0.0001,0.0002,0.0,0.0014,0.998,0.0001,0.0
CT002975,Zone_07,Zone_07,0.9069,0.0,0.0,0.0,0.0003,0.0003,0.0001,0.9069,0.0923,0.0001,0.0
CT018639,Zone_08,Zone_08,0.6763,0.0,0.0,0.0,0.0002,0.0001,0.0001,0.3231,0.6763,0.0001,0.0
CT004502,Zone_08,Zone_08,0.9985,0.0,0.0,0.0,0.0002,0.0002,0.0001,0.0008,0.9985,0.0001,0.0
CT006537,Zone_03,Zone_03,0.9981,0.0005,0.0005,0.9981,0.0007,0.0001,0.0,0.0,0.0,0.0,0.0
CT014690,Zone_07,Zone_07,0.9858,0.0,0.0,0.0,0.0002,0.0001,0.0136,0.9858,0.0003,0.0001,0.0
CT012345,Zone_07,Zone_07,0.9908,0.0,0.0,0.0,0.0002,0.0001,0.0004,0.9908,0.0083,0.0001,0.0
CT002046,Zone_02,Zone_02,0.9979,0.0006,0.9979,0.0006,0.0007,0.0001,0.0,0.0,0.0,0.0,0.0
CT011364,Zone_04,Zone_04,0.9984,0.0001,0.0003,0.0003,0.9984,0.0003,0.0001,0.0002,0.0002,0.0,0.0
CT016376,Zone_07,Zone_07,0.9929,0.0,0.0,0.0,0.0001,0.0001,0.0001,0.9929,0.0068,0.0001,0.0
CT017115,Zone_04,Zone_04,0.9978,0.0001,0.0004,0.0004,0.9978,0.0004,0.0002,0.0003,0.0003,0.0001,0.0
CT010478,Zone_08,Zone_08,0.9987,0.0,0.0,0.0,0.0001,0.0002,0.0,0.0009,0.9987,0.0,0.0
CT003125,Zone_01,Zone_01,0.9978,0.9978,0.0009,0.0006,0.0006,0.0,0.0,0.0,0.0,0.0,0.0
CT010142,Zone_07,Zone_07,0.9978,0.0,0.0,0.0,0.0001,0.0001,0.0016,0.9978,0.0003,0.0001,0.0
CT016566,Zone_08,Zone_08,0.6232,0.0,0.0,0.0001,0.0002,0.0001,0.0004,0.3757,0.6232,0.0002,0.0001
CT018608,Zone_08,Zone_08,0.6848,0.0,0.0,0.0001,0.0002,0.0001,0.0001,0.3144,0.6848,0.0001,0.0001
CT002021,Zone_07,Zone_08,0.6712,0.0,0.0,0.0001,0.0002,0.0001,0.0001,0.328,0.6712,0.0001,0.0001
CT006610,Zone_02,Zone_02,0.9977,0.0007,0.9977,0.0006,0.001,0.0001,0.0,0.0,0.0,0.0,0.0
CT016630,Zone_02,Zone_02,0.9979,0.0007,0.9979,0.0006,0.0008,0.0001,0.0,0.0,0.0,0.0,0.0
CT001696,Zone_08,Zone_07,0.6843,0.0,0.0,0.0,0.0004,0.0004,0.0001,0.6843,0.3145,0.0002,0.0001
CT017528,Zone_07,Zone_07,0.9924,0.0,0.0,0.0,0.0002,0.0001,0.0068,0.9924,0.0003,0.0001,0.0
CT009106,Zone_08,Zone_08,0.7113,0.0,0.0,0.0001,0.0002,0.0001,0.0004,0.2875,0.7113,0.0002,0.0001
CT018103,Zone_03,Zone_03,0.9982,0.0004,0.0005,0.9982,0.0008,0.0001,0.0,0.0,0.0,0.0,0.0
CT016471,Zone_05,Zone_05,0.9962,0.0,0.0001,0.0001,0.0011,0.9962,0.0001,0.0013,0.0009,0.0001,0.0001
CT014430,Zone_07,Zone_07,0.5946,0.0,0.0001,0.0002,0.0005,0.0002,0.0037,0.5946,0.4003,0.0003,0.0002
CT010898,Zone_07,Zone_07,0.9892,0.0,0.0,0.0,0.0002,0.0001,0.0004,0.9892,0.01,0.0001,0.0
CT016542,Zone_08,Zone_08,0.9993,0.0,0.0,0.0,0.0001,0.0001,0.0,0.0003,0.9993,0.0,0.0
CT014322,Zone_08,Zone_08,0.8968,0.0,0.0,0.0,0.0001,0.0001,0.0,0.1029,0.8968,0.0001,0.0
CT019318,Zone_03,Zone_03,0.9984,0.0004,0.0004,0.9984,0.0006,0.0001,0.0,0.0,0.0,0.0,0.0
CT003741,Zone_01,Zone_01,0.9985,0.9985,0.0007,0.0005,0.0003,0.0,0.0,0.0,0.0,0.0,0.0
CT012190,Zone_03,Zone_03,0.9979,0.0004,0.0005,0.9979,0.0009,0.0001,0.0,0.0,0.0,0.0,0.0
CT004990,Zone_03,Zone_03,0.998,0.0005,0.0005,0.998,0.0008,0.0001,0.0,0.0,0.0,0.0,0.0
CT010139,Zone_05,Zone_05,0.9955,0.0,0.0001,0.0001,0.0011,0.9955,0.0001,0.0012,0.0017,0.0001,0.0
CT009829,Zone_08,Zone_08,0.9991,0.0,0.0,0.0,0.0001,0.0002,0.0,0.0005,0.9991,0.0001,0.0001
CT014161,Zone_08,Zone_08,0.9904,0.0,0.0,0.0001,0.0005,0.0007,0.0013,0.0064,0.9904,0.0003,0.0002
CT006238,Zone_08,Zone_08,0.6861,0.0,0.0,0.0,0.0002,0.0001,0.0001,0.3133,0.6861,0.0001,0.0
CT014687,Zone_01,Zone_01,0.9982,0.9982,0.0007,0.0006,0.0004,0.0,0.0,0.0,0.0,0.0,0.0
CT004295,Zone_07,Zone_07,0.9833,0.0,0.0,0.0,0.0002,0.0001,0.0002,0.9833,0.0159,0.0001,0.0
CT010359,Zone_08,Zone_08,0.6063,0.0,0.0,0.0,0.0001,0.0001,0.0,0.3931,0.6063,0.0001,0.0001
CT012143,Zone_07,Zone_07,0.9911,0.0,0.0,0.0,0.0001,0.0001,0.0082,0.9911,0.0003,0.0001,0.0
CT002818,Zone_07,Zone_08,0.6945,0.0,0.0,0.0001,0.0002,0.0001,0.0001,0.3047,0.6945,0.0001,0.0001
CT002169,Zone_04,Zone_04,0.9977,0.0001,0.0002,0.0003,0.9977,0.0006,0.0007,0.0002,0.0002,0.0,0.0
CT011079,Zone_01,Zone_01,0.9981,0.9981,0.0008,0.0006,0.0005,0.0,0.0,0.0,0.0,0.0,0.0
CT010915,Zone_10,Zone_10,0.9983,0.0,0.0,0.0,0.0,0.0,0.0,0.0004,0.0003,0.0009,0.9983
CT009010,Zone_02,Zone_02,0.9975,0.0008,0.9975,0.0007,0.001,0.0001,0.0,0.0,0.0,0.0,0.0
CT019178,Zone_03,Zone_03,0.9985,0.0004,0.0004,0.9985,0.0006,0.0001,0.0,0.0,0.0,0.0,0.0
CT008347,Zone_08,Zone_08,0.5566,0.0,0.0,0.0,0.0002,0.0001,0.0001,0.4428,0.5566,0.0001,0.0
CT013132,Zone_07,Zone_07,0.9929,0.0,0.0,0.0,0.0002,0.0001,0.0005,0.9929,0.0061,0.0002,0.0001
CT003956,Zone_07,Zone_08,0.745,0.0,0.0,0.0001,0.0002,0.0002,0.0003,0.2538,0.745,0.0002,0.0001
CT012468,Zone_03,Zone_03,0.9981,0.0004,0.0006,0.9981,0.0007,0.0001,0.0,0.0,0.0,0.0,0.0
CT009678,Zone_08,Zone_08,0.7539,0.0,0.0,0.0,0.0001,0.0001,0.0,0.2456,0.7539,0.0001,0.0
CT004308,Zone_04,Zone_04,0.9978,0.0001,0.0002,0.0002,0.9978,0.0006,0.0001,0.0007,0.0004,0.0,0.0
CT014919,Zone_07,Zone_07,0.9684,0.0,0.0,0.0,0.0002,0.0001,0.0001,0.9684,0.031,0.0001,0.0
CT002891,Zone_03,Zone_03,0.998,0.0004,0.0005,0.998,0.0009,0.0001,0.0,0.0,0.0,0.0,0.0
CT004875,Zone_07,Zone_07,0.9523,0.0,0.0,0.0,0.0004,0.0003,0.0002,0.9523,0.0466,0.0001,0.0001
CT004176,Zone_07,Zone_07,0.8072,0.0,0.0,0.0,0.0003,0.0003,0.0,0.8072,0.1919,0.0002,0.0001
CT006787,Zone_08,Zone_08,0.9982,0.0,0.0,0.0,0.0002,0.0003,0.0002,0.0008,0.9982,0.0001,0.0001
CT014596,Zone_08,Zone_08,0.9069,0.0,0.0,0.0,0.0001,0.0001,0.0,0.0926,0.9069,0.0001,0.0001
CT019773,Zone_07,Zone_07,0.9162,0.0,0.0,0.0,0.0004,0.0004,0.0002,0.9162,0.0824,0.0002,0.0001
CT003083,Zone_08,Zone_07,0.6267,0.0,0.0,0.0001,0.0002,0.0001,0.0003,0.6267,0.3724,0.0001,0.0001
CT013466,Zone_02,Zone_02,0.998,0.0005,0.998,0.0005,0.0009,0.0001,0.0,0.0,0.0,0.0,0.0
CT008204,Zone_08,Zone_07,0.5649,0.0,0.0,0.0001,0.0002,0.0001,0.0003,0.5649,0.434,0.0002,0.0001
CT017426,Zone_06,Zone_06,0.9933,0.0,0.0,0.0,0.0008,0.0002,0.9933,0.0034,0.0021,0.0001,0.0
CT005764,Zone_10,Zone_10,0.9987,0.0,0.0,0.0,0.0,0.0,0.0,0.0002,0.0003,0.0007,0.9987
CT004184,Zone_08,Zone_08,0.9956,0.0,0.0,0.0001,0.0003,0.0004,0.0001,0.0032,0.9956,0.0002,0.0001
CT016110,Zone_06,Zone_06,0.9963,0.0,0.0,0.0,0.0004,0.0001,0.9963,0.0023,0.0007,0.0001,0.0
CT005712,Zone_07,Zone_07,0.8514,0.0,0.0,0.0,0.0003,0.0004,0.0001,0.8514,0.1476,0.0002,0.0001
CT003240,Zone_04,Zone_04,0.9973,0.0001,0.0003,0.0003,0.9973,0.0009,0.0002,0.0003,0.0006,0.0,0.0
CT009098,Zone_05,Zone_05,0.9953,0.0,0.0001,0.0002,0.0012,0.9953,0.0002,0.002,0.0007,0.0001,0.0001
CT019193,Zone_08,Zone_08,0.9991,0.0,0.0,0.0,0.0001,0.0001,0.0,0.0006,0.9991,0.0,0.0
CT006023,Zone_03,Zone_03,0.9983,0.0004,0.0005,0.9983,0.0006,0.0001,0.0,0.0,0.0,0.0,0.0
CT011941,Zone_07,Zone_07,0.9141,0.0,0.0,0.0,0.0005,0.0005,0.0006,0.9141,0.0841,0.0002,0.0001
CT011593,Zone_06,Zone_06,0.9944,0.0,0.0,0.0,0.0004,0.0001,0.9944,0.0041,0.0007,0.0001,0.0
CT001697,Zone_01,Zone_01,0.9978,0.9978,0.0009,0.0007,0.0006,0.0,0.0,0.0,0.0,0.0,0.0
CT013413,Zone_08,Zone_08,0.7787,0.0,0.0,0.0,0.0002,0.0001,0.0001,0.2208,0.7787,0.0001,0.0
CT016404,Zone_07,Zone_07,0.6154,0.0,0.0,0.0,0.0004,0.0004,0.0001,0.6154,0.3835,0.0002,0.0001
CT016903,Zone_08,Zone_07,0.894,0.0,0.0,0.0,0.0003,0.0003,0.0001,0.894,0.105,0.0002,0.0001
CT005401,Zone_07,Zone_07,0.5884,0.0,0.0,0.0,0.0002,0.0001,0.0,0.5884,0.411,0.0001,0.0001
CT012368,Zone_01,Zone_01,0.9981,0.9981,0.0008,0.0007,0.0004,0.0,0.0,0.0,0.0,0.0,0.0
CT006162,Zone_07,Zone_07,0.8856,0.0,0.0,0.0,0.0002,0.0002,0.0,0.8856,0.1138,0.0001,0.0001
CT002773,Zone_07,Zone_07,0.9738,0.0,0.0,0.0,0.0002,0.0001,0.0252,0.9738,0.0004,0.0001,0.0
CT003352,Zone_03,Zone_03,0.9981,0.0005,0.0005,0.9981,0.0007,0.0001,0.0,0.0,0.0,0.0,0.0
CT011647,Zone_08,Zone_08,0.681,0.0,0.0,0.0,0.0002,0.0001,0.0001,0.3184,0.681,0.0001,0.0
CT014740,Zone_07,Zone_07,0.991,0.0,0.0,0.0,0.0002,0.0001,0.001,0.991,0.0073,0.0002,0.0001
CT011561,Zone_07,Zone_07,0.9812,0.0,0.0,0.0,0.0003,0.0002,0.0165,0.9812,0.0016,0.0002,0.0
CT019624,Zone_03,Zone_03,0.9977,0.0006,0.0007,0.9977,0.0008,0.0001,0.0,0.0,0.0,0.0,0.0
CT009604,Zone_05,Zone_05,0.9953,0.0,0.0001,0.0001,0.0009,0.9953,0.0,0.001,0.0024,0.0001,0.0001
CT004121,Zone_10,Zone_10,0.9982,0.0,0.0,0.0,0.0,0.0,0.0,0.0005,0.0003,0.0008,0.9982
CT002436,Zone_10,Zone_10,0.9989,0.0,0.0,0.0,0.0,0.0,0.0,0.0003,0.0001,0.0006,0.9989
CT016317,Zone_08,Zone_08,0.7434,0.0,0.0,0.0,0.0001,0.0001,0.0,0.2562,0.7434,0.0001,0.0001
CT001303,Zone_07,Zone_07,0.9915,0.0,0.0,0.0001,0.0003,0.0001,0.001,0.9915,0.0068,0.0001,0.0001
CT014955,Zone_07,Zone_08,0.5969,0.0,0.0,0.0001,0.0003,0.0002,0.0006,0.4014,0.5969,0.0002,0.0001
CT003109,Zone_01,Zone_01,0.9979,0.9979,0.0009,0.0007,0.0005,0.0,0.0,0.0,0.0,0.0,0.0
CT014514,Zone_07,Zone_08,0.6088,0.0,0.0,0.0,0.0001,0.0001,0.0,0.3908,0.6088,0.0001,0.0001
CT015660,Zone_07,Zone_07,0.9843,0.0,0.0,0.0,0.0002,0.0001,0.0001,0.9843,0.015,0.0002,0.0001
CT001169,Zone_07,Zone_07,0.9737,0.0,0.0,0.0001,0.0004,0.0002,0.0009,0.9737,0.0244,0.0003,0.0001
CT016196,Zone_08,Zone_07,0.9326,0.0,0.0,0.0,0.0004,0.0003,0.0001,0.9326,0.0663,0.0002,0.0001
CT003239,Zone_04,Zone_04,0.9973,0.0001,0.0002,0.0003,0.9973,0.0007,0.0,0.0008,0.0005,0.0,0.0
CT009944,Zone_07,Zone_07,0.9173,0.0,0.0,0.0,0.0003,0.0004,0.0001,0.9173,0.0816,0.0001,0.0001
CT005272,Zone_07,Zone_07,0.9587,0.0,0.0,0.0001,0.0006,0.0003,0.0389,0.9587,0.001,0.0003,0.0001
CT008716,Zone_02,Zone_02,0.9978,0.0007,0.9978,0.0005,0.0008,0.0001,0.0,0.0,0.0,0.0,0.0
CT013102,Zone_03,Zone_03,0.9981,0.0004,0.0006,0.9981,0.0007,0.0001,0.0,0.0,0.0,0.0,0.0
CT004460,Zone_07,Zone_07,0.9521,0.0,0.0,0.0001,0.0005,0.0002,0.0456,0.9521,0.0012,0.0002,0.0001
CT001005,Zone_08,Zone_08,0.8647,0.0,0.0,0.0,0.0002,0.0001,0.0002,0.1346,0.8647,0.0001,0.0001
CT008089,Zone_08,Zone_08,0.9953,0.0,0.0,0.0001,0.0004,0.0005,0.0007,0.0028,0.9953,0.0002,0.0001
CT019203,Zone_04,Zone_04,0.9977,0.0001,0.0003,0.0003,0.9977,0.0003,0.0007,0.0003,0.0001,0.0,0.0
CT005305,Zone_02,Zone_02,0.9976,0.0007,0.9976,0.0007,0.0009,0.0001,0.0,0.0,0.0,0.0,0.0
CT001744,Zone_10,Zone_10,0.9986,0.0,0.0,0.0,0.0,0.0,0.0,0.0002,0.0005,0.0006,0.9986
CT009339,Zone_08,Zone_07,0.882,0.0,0.0,0.0,0.0003,0.0002,0.0001,0.882,0.1173,0.0001,0.0
CT016789,Zone_07,Zone_07,0.9923,0.0,0.0,0.0,0.0002,0.0001,0.0008,0.9923,0.0063,0.0002,0.0001
CT016552,Zone_07,Zone_08,0.5032,0.0,0.0,0.0001,0.0003,0.0001,0.0004,0.4956,0.5032,0.0002,0.0001
CT007964,Zone_08,Zone_07,0.5607,0.0,0.0,0.0,0.0002,0.0001,0.0001,0.5607,0.4388,0.0001,0.0
CT001142,Zone_07,Zone_07,0.9968,0.0,0.0,0.0,0.0001,0.0,0.0001,0.9968,0.003,0.0,0.0
CT019606,Zone_07,Zone_07,0.9102,0.0,0.0,0.0,0.0002,0.0002,0.0,0.9102,0.0893,0.0001,0.0
CT004707,Zone_03,Zone_03,0.9976,0.0008,0.0007,0.9976,0.0007,0.0001,0.0,0.0,0.0,0.0,0.0
CT005179,Zone_07,Zone_07,0.8914,0.0,0.0,0.0,0.0004,0.0005,0.0007,0.8914,0.1067,0.0002,0.0001
CT006858,Zone_04,Zone_04,0.9978,0.0001,0.0002,0.0003,0.9978,0.0007,0.0001,0.0003,0.0005,0.0,0.0
CT000205,Zone_02,Zone_02,0.9984,0.0006,0.9984,0.0005,0.0005,0.0,0.0,0.0,0.0,0.0,0.0
CT012970,Zone_05,Zone_05,0.994,0.0,0.0001,0.0002,0.0013,0.994,0.0,0.0019,0.0023,0.0002,0.0001
CT007943,Zone_08,Zone_07,0.5956,0.0,0.0,0.0001,0.0002,0.0002,0.0003,0.5956,0.4033,0.0002,0.0001
CT003592,Zone_04,Zone_04,0.9978,0.0001,0.0002,0.0002,0.9978,0.0007,0.0001,0.0003,0.0005,0.0,0.0
CT002483,Zone_03,Zone_03,0.9983,0.0004,0.0005,0.9983,0.0006,0.0001,0.0,0.0,0.0,0.0,0.0
CT009311,Zone_01,Zone_01,0.998,0.998,0.0008,0.0006,0.0005,0.0,0.0,0.0,0.0,0.0,0.0
CT010354,Zone_07,Zone_07,0.9893,0.0,0.0,0.0,0.0002,0.0001,0.0015,0.9893,0.0085,0.0002,0.0001
CT005979,Zone_03,Zone_03,0.9982,0.0005,0.0005,0.9982,0.0008,0.0001,0.0,0.0,0.0,0.0,0.0
CT001453,Zone_07,Zone_07,0.9956,0.0,0.0,0.0,0.0002,0.0001,0.0032,0.9956,0.0007,0.0001,0.0
CT017140,Zone_01,Zone_01,0.9982,0.9982,0.0008,0.0006,0.0003,0.0,0.0,0.0,0.0,0.0,0.0
CT005952,Zone_08,Zone_08,0.9933,0.0,0.0,0.0001,0.0005,0.0007,0.0011,0.0038,0.9933,0.0003,0.0002
CT008506,Zone_04,Zone_04,0.9982,0.0001,0.0003,0.0003,0.9982,0.0003,0.0002,0.0002,0.0002,0.0,0.0
CT011785,Zone_07,Zone_07,0.5176,0.0,0.0,0.0001,0.0002,0.0002,0.0001,0.5176,0.4815,0.0002,0.0001
CT001918,Zone_08,Zone_08,0.7646,0.0,0.0,0.0,0.0001,0.0001,0.0,0.235,0.7646,0.0001,0.0
CT009736,Zone_08,Zone_07,0.5068,0.0,0.0,0.0,0.0001,0.0001,0.0,0.5068,0.4927,0.0001,0.0001
CT004706,Zone_04,Zone_04,0.9977,0.0001,0.0003,0.0003,0.9977,0.0003,0.0008,0.0003,0.0001,0.0001,0.0
CT005903,Zone_03,Zone_03,0.9977,0.0004,0.0006,0.9977,0.001,0.0001,0.0,0.0,0.0,0.0,0.0
CT002576,Zone_08,Zone_08,0.8941,0.0,0.0,0.0,0.0001,0.0001,0.0001,0.1055,0.8941,0.0001,0.0
CT013165,Zone_04,Zone_04,0.9982,0.0001,0.0003,0.0003,0.9982,0.0003,0.0002,0.0004,0.0001,0.0,0.0
CT010026,Zone_03,Zone_03,0.998,0.0004,0.0005,0.998,0.0007,0.0001,0.0003,0.0,0.0,0.0,0.0
CT002036,Zone_07,Zone_07,0.9899,0.0,0.0,0.0,0.0002,0.0001,0.0005,0.9899,0.0093,0.0001,0.0
CT010975,Zone_07,Zone_08,0.572,0.0,0.0,0.0001,0.0003,0.0002,0.0006,0.4267,0.572,0.0002,0.0001
CT018960,Zone_04,Zone_04,0.9975,0.0001,0.0002,0.0003,0.9975,0.0006,0.0,0.0007,0.0005,0.0,0.0
CT000500,Zone_07,Zone_07,0.9099,0.0,0.0,0.0,0.0003,0.0003,0.0001,0.9099,0.0892,0.0001,0.0001
CT004778,Zone_03,Zone_03,0.9977,0.0006,0.0006,0.9977,0.0009,0.0001,0.0,0.0,0.0,0.0,0.0
CT005045,Zone_04,Zone_04,0.996,0.0004,0.0009,0.0012,0.996,0.0004,0.0005,0.0002,0.0001,0.0001,0.0001
CT008137,Zone_07,Zone_07,0.8565,0.0,0.0,0.0,0.0003,0.0003,0.0001,0.8565,0.1425,0.0001,0.0001
CT007134,Zone_08,Zone_08,0.9984,0.0,0.0,0.0,0.0001,0.0001,0.0,0.0013,0.9984,0.0,0.0
CT011170,Zone_07,Zone_07,0.9873,0.0,0.0,0.0,0.0003,0.0001,0.0009,0.9873,0.0112,0.0001,0.0
CT000797,Zone_02,Zone_02,0.9978,0.0006,0.9978,0.0005,0.001,0.0001,0.0,0.0,0.0,0.0,0.0
CT009627,Zone_01,Zone_01,0.9978,0.9978,0.001,0.0007,0.0005,0.0,0.0,0.0,0.0,0.0,0.0
CT006074,Zone_01,Zone_01,0.9985,0.9985,0.0006,0.0005,0.0003,0.0,0.0,0.0,0.0,0.0,0.0
CT013382,Zone_08,Zone_08,0.9992,0.0,0.0,0.0,0.0001,0.0001,0.0,0.0005,0.9992,0.0001,0.0
CT003550,Zone_07,Zone_07,0.9915,0.0,0.0,0.0,0.0002,0.0001,0.0078,0.9915,0.0002,0.0001,0.0
CT007020,Zone_08,Zone_07,0.7928,0.0,0.0,0.0,0.0003,0.0004,0.0001,0.7928,0.2062,0.0001,0.0001
CT011897,Zone_04,Zone_04,0.9978,0.0001,0.0003,0.0002,0.9978,0.0007,0.0001,0.0006,0.0002,0.0,0.0
CT017288,Zone_07,Zone_08,0.6055,0.0,0.0,0.0,0.0002,0.0001,0.0001,0.3939,0.6055,0.0001,0.0001
CT007030,Zone_06,Zone_06,0.9992,0.0,0.0,0.0,0.0001,0.0,0.9992,0.0004,0.0002,0.0,0.0
CT000342,Zone_10,Zone_10,0.9982,0.0,0.0,0.0,0.0,0.0,0.0,0.0004,0.0004,0.0008,0.9982
CT019378,Zone_10,Zone_10,0.9987,0.0,0.0,0.0,0.0,0.0,0.0,0.0004,0.0001,0.0007,0.9987
CT004858,Zone_07,Zone_08,0.6232,0.0,0.0,0.0001,0.0002,0.0001,0.0007,0.3754,0.6232,0.0002,0.0001
CT000135,Zone_08,Zone_08,0.6961,0.0,0.0,0.0001,0.0003,0.0002,0.0003,0.3028,0.6961,0.0001,0.0001
CT000204,Zone_03,Zone_03,0.998,0.0005,0.0006,0.998,0.0007,0.0001,0.0,0.0,0.0,0.0,0.0
CT012579,Zone_04,Zone_04,0.9978,0.0001,0.0004,0.0004,0.9978,0.0004,0.0005,0.0002,0.0002,0.0001,0.0
CT006862,Zone_06,Zone_06,0.9963,0.0,0.0,0.0,0.0004,0.0001,0.9963,0.0022,0.0008,0.0001,0.0
CT018247,Zone_08,Zone_07,0.5871,0.0,0.0,0.0001,0.0002,0.0002,0.0004,0.5871,0.4117,0.0001,0.0001
CT002023,Zone_02,Zone_02,0.9979,0.0007,0.9979,0.0005,0.0009,0.0001,0.0,0.0,0.0,0.0,0.0
CT005972,Zone_02,Zone_02,0.9976,0.0009,0.9976,0.0006,0.0008,0.0001,0.0,0.0,0.0,0.0,0.0
CT006911,Zone_07,Zone_07,0.9887,0.0,0.0,0.0,0.0002,0.0001,0.0004,0.9887,0.0104,0.0001,0.0
CT011320,Zone_04,Zone_04,0.9964,0.0005,0.0009,0.0011,0.9964,0.0003,0.0002,0.0002,0.0001,0.0001,0.0001
CT003689,Zone_08,Zone_08,0.6923,0.0,0.0,0.0,0.0001,0.0002,0.0001,0.3072,0.6923,0.0001,0.0001
CT019772,Zone_02,Zone_02,0.9981,0.0006,0.9981,0.0005,0.0007,0.0001,0.0,0.0,0.0,0.0,0.0
CT010250,Zone_10,Zone_10,0.9988,0.0,0.0,0.0,0.0,0.0,0.0,0.0003,0.0001,0.0006,0.9988
CT010602,Zone_07,Zone_07,0.9752,0.0,0.0,0.0,0.0002,0.0002,0.0004,0.9752,0.0237,0.0002,0.0001
CT003667,Zone_01,Zone_01,0.998,0.998,0.0009,0.0006,0.0005,0.0,0.0,0.0,0.0,0.0,0.0
CT018941,Zone_05,Zone_05,0.9962,0.0,0.0001,0.0001,0.001,0.9962,0.0004,0.001,0.001,0.0001,0.0001
CT016730,Zone_07,Zone_07,0.9832,0.0,0.0,0.0,0.0002,0.0001,0.0002,0.9832,0.0159,0.0002,0.0001
CT013433,Zone_04,Zone_04,0.9978,0.0001,0.0002,0.0003,0.9978,0.0006,0.0001,0.0004,0.0005,0.0,0.0
CT011475,Zone_02,Zone_02,0.9981,0.0006,0.9981,0.0005,0.0007,0.0001,0.0,0.0,0.0,0.0,0.0
CT014092,Zone_07,Zone_07,0.8511,0.0,0.0,0.0,0.0003,0.0002,0.0,0.8511,0.1482,0.0001,0.0001
CT017296,Zone_10,Zone_10,0.9991,0.0,0.0,0.0,0.0,0.0,0.0,0.0001,0.0002,0.0005,0.9991
CT019746,Zone_08,Zone_08,0.5732,0.0,0.0,0.0001,0.0002,0.0001,0.0001,0.426,0.5732,0.0002,0.0001
CT019742,Zone_07,Zone_07,0.981,0.0,0.0,0.0001,0.0003,0.0002,0.0006,0.981,0.0175,0.0002,0.0001
CT017035,Zone_04,Zone_04,0.9974,0.0001,0.0002,0.0002,0.9974,0.0007,0.0001,0.0007,0.0006,0.0,0.0
CT017985,Zone_07,Zone_08,0.632,0.0,0.0,0.0,0.0002,0.0001,0.0001,0.3674,0.632,0.0001,0.0001
CT000902,Zone_04,Zone_04,0.9968,0.0004,0.0007,0.0009,0.9968,0.0004,0.0002,0.0002,0.0002,0.0001,0.0001
CT015889,Zone_10,Zone_10,0.9986,0.0,0.0,0.0,0.0,0.0,0.0,0.0003,0.0002,0.0008,0.9986
CT009121,Zone_08,Zone_08,0.6314,0.0,0.0,0.0001,0.0002,0.0001,0.0001,0.3679,0.6314,0.0001,0.0001
CT015019,Zone_02,Zone_02,0.9978,0.0008,0.9978,0.0006,0.0007,0.0001,0.0,0.0,0.0,0.0,0.0
CT000959,Zone_08,Zone_08,0.9909,0.0,0.0,0.0001,0.0006,0.0008,0.0011,0.0061,0.9909,0.0002,0.0002
CT015715,Zone_07,Zone_08,0.6594,0.0,0.0,0.0,0.0002,0.0001,0.0001,0.3399,0.6594,0.0001,0.0001
CT011272,Zone_04,Zone_04,0.9978,0.0001,0.0003,0.0003,0.9978,0.0005,0.0002,0.0006,0.0002,0.0,0.0
CT003544,Zone_01,Zone_01,0.9976,0.9976,0.0009,0.0008,0.0006,0.0,0.0,0.0,0.0,0.0,0.0
CT005647,Zone_08,Zone_08,0.6912,0.0,0.0,0.0001,0.0002,0.0001,0.0003,0.308,0.6912,0.0001,0.0
CT002735,Zone_04,Zone_04,0.998,0.0002,0.0004,0.0004,0.998,0.0004,0.0001,0.0005,0.0001,0.0,0.0
CT007999,Zone_04,Zone_04,0.9962,0.0006,0.0009,0.0011,0.9962,0.0004,0.0003,0.0004,0.0001,0.0001,0.0001
CT016570,Zone_02,Zone_02,0.9981,0.0006,0.9981,0.0006,0.0007,0.0001,0.0,0.0,0.0,0.0,0.0
CT017223,Zone_04,Zone_04,0.9959,0.0006,0.001,0.0013,0.9959,0.0004,0.0001,0.0004,0.0002,0.0001,0.0001
CT016269,Zone_07,Zone_07,0.9923,0.0,0.0,0.0,0.0001,0.0001,0.0002,0.9923,0.0072,0.0001,0.0
CT015275,Zone_08,Zone_08,0.8507,0.0,0.0,0.0,0.0001,0.0001,0.0,0.1488,0.8507,0.0001,0.0001
CT009516,Zone_10,Zone_10,0.9986,0.0,0.0,0.0,0.0,0.0,0.0,0.0003,0.0002,0.0008,0.9986
CT004908,Zone_03,Zone_03,0.9978,0.0006,0.0006,0.9978,0.0008,0.0001,0.0001,0.0,0.0,0.0,0.0
CT017372,Zone_08,Zone_08,0.9964,0.0,0.0,0.0,0.0003,0.0003,0.0002,0.0025,0.9964,0.0001,0.0001
CT011372,Zone_08,Zone_08,0.9989,0.0,0.0,0.0,0.0001,0.0002,0.0,0.0007,0.9989,0.0001,0.0
CT017441,Zone_02,Zone_02,0.9981,0.0006,0.9981,0.0006,0.0006,0.0001,0.0,0.0,0.0,0.0,0.0
CT019729,Zone_02,Zone_02,0.998,0.0006,0.998,0.0005,0.0008,0.0001,0.0,0.0,0.0,0.0,0.0
CT000450,Zone_08,Zone_08,0.7464,0.0,0.0,0.0,0.0002,0.0001,0.0002,0.2529,0.7464,0.0001,0.0001
CT011216,Zone_03,Zone_03,0.9984,0.0005,0.0004,0.9984,0.0006,0.0001,0.0,0.0,0.0,0.0,0.0
CT015149,Zone_04,Zone_04,0.9978,0.0001,0.0002,0.0002,0.9978,0.0008,0.0002,0.0004,0.0003,0.0,0.0
CT006728,Zone_04,Zone_04,0.9973,0.0002,0.0004,0.0005,0.9973,0.0004,0.0006,0.0004,0.0001,0.0001,0.0
CT017680,Zone_07,Zone_07,0.9065,0.0,0.0,0.0,0.0003,0.0003,0.0,0.9065,0.0927,0.0002,0.0001
CT013533,Zone_01,Zone_01,0.9978,0.9978,0.001,0.0007,0.0005,0.0,0.0,0.0,0.0,0.0,0.0
CT012449,Zone_07,Zone_07,0.965,0.0,0.0,0.0001,0.0003,0.0002,0.0008,0.965,0.0333,0.0002,0.0001
CT018882,Zone_08,Zone_08,0.6329,0.0,0.0,0.0,0.0001,0.0001,0.0,0.3667,0.6329,0.0001,0.0001
CT019070,Zone_07,Zone_07,0.8826,0.0,0.0,0.0,0.0002,0.0003,0.0001,0.8826,0.1166,0.0001,0.0001
CT018079,Zone_01,Zone_01,0.9976,0.9976,0.0009,0.0008,0.0006,0.0,0.0,0.0,0.0,0.0,0.0
CT019766,Zone_06,Zone_06,0.9994,0.0,0.0,0.0,0.0001,0.0,0.9994,0.0004,0.0,0.0,0.0
CT008922,Zone_07,Zone_07,0.9932,0.0,0.0,0.0,0.0002,0.0001,0.0011,0.9932,0.0052,0.0001,0.0
CT007617,Zone_04,Zone_04,0.9984,0.0001,0.0002,0.0003,0.9984,0.0002,0.0005,0.0001,0.0001,0.0,0.0
CT006273,Zone_08,Zone_08,0.6063,0.0,0.0,0.0001,0.0004,0.0002,0.0003,0.3923,0.6063,0.0003,0.0001
CT009985,Zone_07,Zone_08,0.5202,0.0,0.0,0.0001,0.0002,0.0001,0.0008,0.4784,0.5202,0.0001,0.0001
CT006632,Zone_02,Zone_02,0.9977,0.0007,0.9977,0.0006,0.0009,0.0001,0.0,0.0,0.0,0.0,0.0
CT002168,Zone_08,Zone_08,0.9971,0.0,0.0,0.0,0.0002,0.0003,0.0001,0.002,0.9971,0.0001,0.0001
CT008155,Zone_08,Zone_08,0.6687,0.0,0.0,0.0,0.0002,0.0001,0.0001,0.3306,0.6687,0.0001,0.0001
CT015483,Zone_07,Zone_07,0.5639,0.0,0.0,0.0001,0.0002,0.0001,0.0001,0.5639,0.4353,0.0002,0.0001
CT000850,Zone_10,Zone_10,0.9988,0.0,0.0,0.0,0.0,0.0,0.0,0.0002,0.0002,0.0007,0.9988
CT000458,Zone_08,Zone_08,0.9986,0.0,0.0,0.0,0.0001,0.0002,0.0,0.0008,0.9986,0.0001,0.0001
CT007421,Zone_03,Zone_03,0.9979,0.0004,0.0005,0.9979,0.0009,0.0001,0.0,0.0,0.0,0.0,0.0
CT016973,Zone_06,Zone_06,0.9833,0.0,0.0,0.0001,0.0012,0.0003,0.9833,0.0099,0.0048,0.0003,0.0
CT012113,Zone_07,Zone_08,0.5675,0.0,0.0,0.0,0.0001,0.0001,0.0,0.4321,0.5675,0.0001,0.0
CT011880,Zone_08,Zone_08,0.7854,0.0,0.0,0.0,0.0001,0.0001,0.0001,0.214,0.7854,0.0001,0.0001
CT012505,Zone_07,Zone_07,0.5125,0.0,0.0,0.0001,0.0006,0.0008,0.0001,0.5125,0.4854,0.0003,0.0002
CT019292,Zone_07,Zone_07,0.9842,0.0,0.0,0.0,0.0002,0.0001,0.0148,0.9842,0.0004,0.0002,0.0
CT011487,Zone_10,Zone_10,0.9986,0.0,0.0,0.0,0.0,0.0,0.0,0.0004,0.0001,0.0007,0.9986
CT010878,Zone_08,Zone_08,0.9991,0.0,0.0,0.0,0.0001,0.0002,0.0,0.0004,0.9991,0.0,0.0
CT005128,Zone_01,Zone_01,0.9981,0.9981,0.0008,0.0006,0.0005,0.0,0.0,0.0,0.0,0.0,0.0
CT012832,Zone_07,Zone_07,0.926,0.0,0.0,0.0,0.0004,0.0004,0.0001,0.926,0.0727,0.0002,0.0001
CT017977,Zone_08,Zone_08,0.793,0.0,0.0,0.0,0.0001,0.0001,0.0,0.2066,0.793,0.0001,0.0
CT004021,Zone_01,Zone_01,0.9976,0.9976,0.0009,0.0007,0.0006,0.0,0.0,0.0,0.0,0.0,0.0
CT012065,Zone_04,Zone_04,0.9979,0.0001,0.0003,0.0002,0.9979,0.0007,0.0002,0.0003,0.0002,0.0,0.0
CT004424,Zone_01,Zone_01,0.9982,0.9982,0.0008,0.0006,0.0004,0.0,0.0,0.0,0.0,0.0,0.0
CT007170,Zone_02,Zone_02,0.9981,0.0007,0.9981,0.0005,0.0006,0.0001,0.0,0.0,0.0,0.0,0.0
CT011526,Zone_07,Zone_07,0.9862,0.0,0.0,0.0,0.0002,0.0001,0.0002,0.9862,0.0131,0.0001,0.0
CT015318,Zone_02,Zone_02,0.9977,0.0007,0.9977,0.0007,0.0009,0.0001,0.0,0.0,0.0,0.0,0.0
CT006595,Zone_09,Zone_09,0.987,0.0,0.0001,0.0002,0.0001,0.0004,0.0001,0.0025,0.0063,0.987,0.0033
CT003105,Zone_08,Zone_08,0.6494,0.0,0.0,0.0001,0.0002,0.0001,0.0003,0.3496,0.6494,0.0001,0.0001
CT001057,Zone_06,Zone_06,0.9988,0.0,0.0,0.0,0.0002,0.0,0.9988,0.0005,0.0004,0.0,0.0
CT001477,Zone_08,Zone_08,0.9991,0.0,0.0,0.0,0.0001,0.0002,0.0001,0.0003,0.9991,0.0001,0.0001
CT010379,Zone_07,Zone_07,0.8558,0.0,0.0,0.0,0.0004,0.0004,0.0001,0.8558,0.1429,0.0002,0.0001
CT015969,Zone_02,Zone_02,0.9979,0.0007,0.9979,0.0006,0.0007,0.0001,0.0,0.0,0.0,0.0,0.0
CT019769,Zone_07,Zone_07,0.9871,0.0,0.0,0.0,0.0001,0.0001,0.0001,0.9871,0.0124,0.0001,0.0
CT003337,Zone_07,Zone_07,0.8439,0.0,0.0,0.0,0.0002,0.0003,0.0,0.8439,0.1554,0.0001,0.0001
CT013294,Zone_01,Zone_01,0.9982,0.9982,0.0008,0.0006,0.0004,0.0,0.0,0.0,0.0,0.0,0.0
CT000844,Zone_08,Zone_08,0.9989,0.0,0.0,0.0,0.0001,0.0001,0.0,0.0008,0.9989,0.0,0.0
CT009092,Zone_07,Zone_07,0.8974,0.0,0.0,0.0,0.0003,0.0003,0.0,0.8974,0.1018,0.0001,0.0001
CT018309,Zone_08,Zone_08,0.9984,0.0,0.0,0.0,0.0001,0.0002,0.0,0.001,0.9984,0.0001,0.0001
CT005936,Zone_07,Zone_07,0.8619,0.0,0.0,0.0,0.0004,0.0004,0.0001,0.8619,0.1369,0.0002,0.0001
CT000108,Zone_04,Zone_04,0.9981,0.0001,0.0004,0.0003,0.9981,0.0004,0.0002,0.0002,0.0002,0.0,0.0
CT011298,Zone_07,Zone_07,0.9723,0.0,0.0,0.0001,0.0005,0.0003,0.0236,0.9723,0.003,0.0003,0.0001
CT000878,Zone_04,Zone_04,0.9978,0.0001,0.0002,0.0002,0.9978,0.0008,0.0,0.0003,0.0005,0.0,0.0
CT015809,Zone_02,Zone_02,0.9977,0.0007,0.9977,0.0006,0.0009,0.0001,0.0,0.0,0.0,0.0,0.0
CT000909,Zone_04,Zone_04,0.9969,0.0004,0.0006,0.001,0.9969,0.0004,0.0002,0.0003,0.0001,0.0001,0.0001
CT013961,Zone_06,Zone_06,0.9992,0.0,0.0,0.0,0.0001,0.0,0.9992,0.0005,0.0002,0.0,0.0
CT003670,Zone_08,Zone_07,0.8054,0.0,0.0,0.0,0.0004,0.0005,0.0002,0.8054,0.193,0.0002,0.0001
CT000413,Zone_03,Zone_03,0.9983,0.0004,0.0005,0.9983,0.0007,0.0001,0.0,0.0,0.0,0.0,0.0
CT011477,Zone_03,Zone_03,0.9982,0.0003,0.0004,0.9982,0.0008,0.0001,0.0001,0.0,0.0,0.0,0.0
CT006030,Zone_01,Zone_01,0.9975,0.9975,0.001,0.0009,0.0007,0.0,0.0,0.0,0.0,0.0,0.0
CT016727,Zone_06,Zone_06,0.9989,0.0,0.0,0.0,0.0002,0.0,0.9989,0.0005,0.0003,0.0,0.0
CT009721,Zone_08,Zone_08,0.7342,0.0,0.0,0.0,0.0002,0.0001,0.0001,0.2652,0.7342,0.0001,0.0001
CT017975,Zone_06,Zone_06,0.9959,0.0,0.0,0.0,0.0004,0.0001,0.9959,0.003,0.0005,0.0001,0.0
CT001837,Zone_02,Zone_02,0.9978,0.0009,0.9978,0.0006,0.0006,0.0,0.0,0.0,0.0,0.0,0.0
CT006709,Zone_07,Zone_07,0.5002,0.0,0.0,0.0001,0.0002,0.0002,0.0001,0.5002,0.4989,0.0001,0.0001
CT014477,Zone_08,Zone_08,0.9984,0.0,0.0,0.0,0.0001,0.0002,0.0,0.0011,0.9984,0.0001,0.0
CT014009,Zone_10,Zone_10,0.9989,0.0,0.0,0.0,0.0,0.0,0.0,0.0001,0.0002,0.0007,0.9989
CT006589,Zone_07,Zone_07,0.9041,0.0,0.0,0.0001,0.0004,0.0002,0.0942,0.9041,0.0006,0.0004,0.0001
CT018973,Zone_03,Zone_03,0.9985,0.0004,0.0004,0.9985,0.0006,0.0001,0.0,0.0,0.0,0.0,0.0
CT014074,Zone_07,Zone_07,0.8416,0.0,0.0,0.0,0.0004,0.0004,0.0002,0.8416,0.1572,0.0002,0.0001
CT013415,Zone_04,Zone_04,0.9973,0.0003,0.0006,0.0006,0.9973,0.0003,0.0001,0.0006,0.0001,0.0001,0.0001
CT013445,Zone_08,Zone_08,0.9991,0.0,0.0,0.0,0.0001,0.0001,0.0,0.0006,0.9991,0.0,0.0
CT017387,Zone_07,Zone_07,0.9879,0.0,0.0,0.0,0.0001,0.0001,0.0002,0.9879,0.0114,0.0001,0.0
CT003559,Zone_08,Zone_08,0.6771,0.0,0.0,0.0001,0.0002,0.0001,0.0001,0.3222,0.6771,0.0001,0.0001
CT000203,Zone_07,Zone_07,0.9295,0.0,0.0,0.0,0.0002,0.0002,0.0,0.9295,0.0699,0.0001,0.0
CT019211,Zone_07,Zone_07,0.9909,0.0,0.0,0.0,0.0002,0.0001,0.0005,0.9909,0.0081,0.0001,0.0
CT009621,Zone_03,Zone_03,0.9978,0.0005,0.0006,0.9978,0.0009,0.0001,0.0,0.0,0.0,0.0,0.0
CT015768,Zone_07,Zone_07,0.9974,0.0,0.0,0.0,0.0001,0.0001,0.0019,0.9974,0.0004,0.0001,0.0
CT014520,Zone_08,Zone_08,0.7113,0.0,0.0,0.0001,0.0002,0.0002,0.0004,0.2875,0.7113,0.0002,0.0001
CT003684,Zone_08,Zone_08,0.9975,0.0,0.0,0.0,0.0003,0.0003,0.0001,0.0017,0.9975,0.0001,0.0001
CT016558,Zone_07,Zone_07,0.9266,0.0,0.0,0.0,0.0003,0.0002,0.0002,0.9266,0.0725,0.0001,0.0
CT014901,Zone_07,Zone_07,0.9203,0.0,0.0,0.0001,0.0004,0.0002,0.0781,0.9203,0.0006,0.0003,0.0001
CT003830,Zone_08,Zone_08,0.6308,0.0,0.0,0.0001,0.0002,0.0001,0.0001,0.3686,0.6308,0.0001,0.0001
CT014427,Zone_03,Zone_03,0.998,0.0005,0.0006,0.998,0.0007,0.0001,0.0,0.0,0.0,0.0,0.0
CT010350,Zone_07,Zone_07,0.8497,0.0,0.0,0.0001,0.0004,0.0002,0.1491,0.8497,0.0004,0.0002,0.0
CT018832,Zone_07,Zone_07,0.9942,0.0,0.0,0.0,0.0001,0.0001,0.0034,0.9942,0.0021,0.0001,0.0
CT005223,Zone_03,Zone_03,0.9977,0.0005,0.0005,0.9977,0.001,0.0001,0.0,0.0,0.0,0.0,0.0
CT005942,Zone_08,Zone_08,0.7788,0.0,0.0,0.0001,0.0001,0.0001,0.0001,0.2206,0.7788,0.0001,0.0001
CT006678,Zone_06,Zone_06,0.997,0.0,0.0,0.0,0.0004,0.0001,0.997,0.0009,0.0015,0.0001,0.0
CT011365,Zone_07,Zone_08,0.6971,0.0,0.0,0.0001,0.0003,0.0002,0.0003,0.3017,0.6971,0.0002,0.0001
CT015572,Zone_10,Zone_10,0.9988,0.0,0.0,0.0,0.0,0.0,0.0,0.0002,0.0002,0.0007,0.9988
CT008729,Zone_03,Zone_03,0.9979,0.0006,0.0006,0.9979,0.0007,0.0001,0.0,0.0,0.0,0.0,0.0
CT017114,Zone_07,Zone_07,0.9888,0.0,0.0,0.0,0.0002,0.0001,0.0008,0.9888,0.0098,0.0001,0.0
CT009196,Zone_03,Zone_03,0.9984,0.0004,0.0005,0.9984,0.0006,0.0001,0.0,0.0,0.0,0.0,0.0
CT019541,Zone_02,Zone_02,0.9982,0.0006,0.9982,0.0005,0.0007,0.0,0.0,0.0,0.0,0.0,0.0
CT006376,Zone_01,Zone_01,0.9979,0.9979,0.0008,0.0007,0.0006,0.0,0.0,0.0,0.0,0.0,0.0
CT009868,Zone_07,Zone_07,0.994,0.0,0.0,0.0,0.0001,0.0001,0.0005,0.994,0.0051,0.0001,0.0
CT018176,Zone_02,Zone_02,0.9981,0.0006,0.9981,0.0006,0.0006,0.0001,0.0,0.0,0.0,0.0,0.0
CT000131,Zone_01,Zone_01,0.9979,0.9979,0.0009,0.0006,0.0005,0.0,0.0,0.0,0.0,0.0,0.0
CT000231,Zone_03,Zone_03,0.9983,0.0005,0.0005,0.9983,0.0006,0.0001,0.0,0.0,0.0,0.0,0.0
CT010957,Zone_10,Zone_10,0.9987,0.0,0.0,0.0,0.0,0.0,0.0,0.0002,0.0005,0.0006,0.9987
CT017621,Zone_02,Zone_02,0.9978,0.0006,0.9978,0.0006,0.0009,0.0001,0.0,0.0,0.0,0.0,0.0
CT019419,Zone_04,Zone_04,0.997,0.0001,0.0002,0.0003,0.997,0.0007,0.0,0.0005,0.001,0.0001,0.0
CT006272,Zone_01,Zone_01,0.9981,0.9981,0.0008,0.0006,0.0004,0.0,0.0,0.0,0.0,0.0,0.0
CT013032,Zone_04,Zone_04,0.9976,0.0001,0.0002,0.0002,0.9976,0.0007,0.0003,0.0005,0.0003,0.0,0.0
CT010314,Zone_09,Zone_09,0.9883,0.0,0.0,0.0002,0.0001,0.0003,0.0003,0.0026,0.0048,0.9883,0.0034
CT017933,Zone_03,Zone_03,0.9982,0.0005,0.0005,0.9982,0.0006,0.0001,0.0,0.0,0.0,0.0,0.0
CT013585,Zone_07,Zone_07,0.9157,0.0,0.0,0.0,0.0003,0.0003,0.0001,0.9157,0.0833,0.0002,0.0001
CT018945,Zone_05,Zone_05,0.9957,0.0,0.0001,0.0001,0.0009,0.9957,0.0006,0.001,0.0014,0.0001,0.0001
CT018172,Zone_07,Zone_07,0.9857,0.0,0.0,0.0,0.0003,0.0001,0.001,0.9857,0.0126,0.0002,0.0
CT000506,Zone_07,Zone_07,0.9582,0.0,0.0,0.0001,0.0004,0.0002,0.0008,0.9582,0.0401,0.0002,0.0001
CT015332,Zone_07,Zone_08,0.6491,0.0,0.0,0.0001,0.0002,0.0002,0.0002,0.35,0.6491,0.0001,0.0001
CT001971,Zone_04,Zone_04,0.9974,0.0001,0.0003,0.0003,0.9974,0.0007,0.0006,0.0005,0.0001,0.0,0.0
CT013285,Zone_10,Zone_10,0.999,0.0,0.0,0.0,0.0,0.0,0.0,0.0002,0.0002,0.0006,0.999
CT019599,Zone_08,Zone_07,0.6335,0.0,0.0,0.0,0.0005,0.0005,0.0001,0.6335,0.3651,0.0002,0.0001
CT001538,Zone_07,Zone_07,0.9947,0.0,0.0,0.0,0.0001,0.0001,0.0002,0.9947,0.0048,0.0001,0.0
CT009763,Zone_08,Zone_08,0.7289,0.0,0.0,0.0001,0.0001,0.0001,0.0001,0.2705,0.7289,0.0001,0.0001
CT017572,Zone_01,Zone_01,0.9983,0.9983,0.0008,0.0005,0.0003,0.0,0.0,0.0,0.0,0.0,0.0
CT003353,Zone_02,Zone_02,0.9976,0.0008,0.9976,0.0006,0.0009,0.0001,0.0,0.0,0.0,0.0,0.0
CT018723,Zone_07,Zone_07,0.9769,0.0,0.0,0.0,0.0003,0.0001,0.0218,0.9769,0.0006,0.0001,0.0
CT002032,Zone_07,Zone_07,0.8902,0.0,0.0,0.0001,0.0006,0.0004,0.0006,0.8902,0.1078,0.0003,0.0001
CT009510,Zone_02,Zone_02,0.9981,0.0007,0.9981,0.0005,0.0007,0.0001,0.0,0.0,0.0,0.0,0.0
CT014308,Zone_10,Zone_10,0.9989,0.0,0.0,0.0,0.0,0.0,0.0,0.0002,0.0002,0.0006,0.9989
CT003586,Zone_07,Zone_07,0.9867,0.0,0.0,0.0,0.0002,0.0001,0.0003,0.9867,0.0125,0.0001,0.0001
CT004769,Zone_01,Zone_01,0.9981,0.9981,0.0008,0.0006,0.0005,0.0,0.0,0.0,0.0,0.0,0.0
CT002113,Zone_01,Zone_01,0.9983,0.9983,0.0007,0.0006,0.0003,0.0,0.0,0.0,0.0,0.0,0.0
CT004926,Zone_04,Zone_04,0.9977,0.0001,0.0002,0.0002,0.9977,0.0007,0.0001,0.0002,0.0009,0.0,0.0
CT014947,Zone_02,Zone_02,0.9981,0.0007,0.9981,0.0005,0.0006,0.0001,0.0,0.0,0.0,0.0,0.0
CT018857,Zone_07,Zone_07,0.6923,0.0,0.0,0.0001,0.0006,0.0005,0.0003,0.6923,0.3058,0.0003,0.0001
CT012590,Zone_07,Zone_07,0.9716,0.0,0.0,0.0001,0.0002,0.0002,0.0003,0.9716,0.0274,0.0002,0.0001
CT018040,Zone_07,Zone_07,0.8212,0.0,0.0,0.0,0.0002,0.0003,0.0,0.8212,0.1781,0.0001,0.0
CT014349,Zone_10,Zone_10,0.9984,0.0,0.0,0.0,0.0,0.0,0.0,0.0004,0.0003,0.0009,0.9984
CT003478,Zone_06,Zone_06,0.9985,0.0,0.0,0.0,0.0002,0.0,0.9985,0.0008,0.0004,0.0,0.0
CT001175,Zone_07,Zone_07,0.9487,0.0,0.0,0.0,0.0003,0.0003,0.0004,0.9487,0.05,0.0001,0.0001
CT016173,Zone_08,Zone_08,0.9963,0.0,0.0,0.0,0.0002,0.0003,0.0,0.003,0.9963,0.0001,0.0001
CT002894,Zone_07,Zone_08,0.8339,0.0,0.0,0.0,0.0001,0.0,0.0,0.1658,0.8339,0.0001,0.0
CT006766,Zone_08,Zone_08,0.9009,0.0,0.0,0.0,0.0001,0.0001,0.0,0.0987,0.9009,0.0001,0.0
CT019714,Zone_04,Zone_04,0.9965,0.0006,0.0009,0.001,0.9965,0.0004,0.0002,0.0002,0.0001,0.0001,0.0001
CT009070,Zone_04,Zone_04,0.9977,0.0001,0.0002,0.0002,0.9977,0.0007,0.0002,0.0005,0.0003,0.0,0.0
CT018415,Zone_02,Zone_02,0.9977,0.0006,0.9977,0.0007,0.0008,0.0001,0.0,0.0,0.0,0.0,0.0
CT003124,Zone_08,Zone_08,0.9989,0.0,0.0,0.0,0.0001,0.0002,0.0,0.0007,0.9989,0.0001,0.0
CT007754,Zone_07,Zone_07,0.9944,0.0,0.0,0.0,0.0001,0.0001,0.0052,0.9944,0.0002,0.0001,0.0
CT015637,Zone_08,Zone_08,0.5868,0.0,0.0001,0.0001,0.0004,0.0003,0.001,0.4109,0.5868,0.0003,0.0002
CT019802,Zone_08,Zone_08,0.6844,0.0,0.0,0.0,0.0002,0.0001,0.0,0.3151,0.6844,0.0001,0.0001
CT011523,Zone_07,Zone_07,0.9694,0.0,0.0,0.0001,0.0004,0.0002,0.0285,0.9694,0.0011,0.0002,0.0001
CT009105,Zone_07,Zone_07,0.5824,0.0,0.0,0.0,0.0001,0.0001,0.0,0.5824,0.4171,0.0001,0.0001
CT009213,Zone_03,Zone_03,0.9978,0.0005,0.0006,0.9978,0.001,0.0001,0.0,0.0,0.0,0.0,0.0
CT009486,Zone_04,Zone_04,0.9972,0.0003,0.0007,0.0008,0.9972,0.0003,0.0001,0.0002,0.0002,0.0001,0.0001
CT011988,Zone_01,Zone_01,0.9979,0.9979,0.0008,0.0006,0.0006,0.0,0.0,0.0,0.0,0.0,0.0
CT012441,Zone_07,Zone_07,0.984,0.0,0.0,0.0,0.0002,0.0001,0.0152,0.984,0.0003,0.0001,0.0
CT015020,Zone_04,Zone_04,0.9974,0.0001,0.0003,0.0003,0.9974,0.0008,0.0005,0.0004,0.0003,0.0,0.0
CT009969,Zone_01,Zone_01,0.998,0.998,0.0008,0.0006,0.0005,0.0,0.0,0.0,0.0,0.0,0.0
CT014240,Zone_02,Zone_02,0.9978,0.0006,0.9978,0.0007,0.0009,0.0001,0.0,0.0,0.0,0.0,0.0
CT011158,Zone_07,Zone_07,0.8525,0.0,0.0,0.0,0.0003,0.0001,0.1468,0.8525,0.0002,0.0001,0.0
CT012167,Zone_08,Zone_08,0.9954,0.0,0.0,0.0,0.0003,0.0004,0.0003,0.0033,0.9954,0.0002,0.0001
CT000660,Zone_05,Zone_05,0.9957,0.0,0.0001,0.0001,0.0012,0.9957,0.0003,0.001,0.0012,0.0001,0.0001
CT002369,Zone_05,Zone_05,0.9955,0.0,0.0001,0.0002,0.0013,0.9955,0.0003,0.0014,0.0009,0.0001,0.0001
CT017086,Zone_05,Zone_05,0.9955,0.0,0.0001,0.0002,0.0013,0.9955,0.0004,0.0018,0.0004,0.0002,0.0001
CT001661,Zone_03,Zone_03,0.9979,0.0005,0.0005,0.9979,0.0008,0.0001,0.0,0.0,0.0,0.0,0.0
CT014557,Zone_02,Zone_02,0.9975,0.0009,0.9975,0.0006,0.0009,0.0001,0.0,0.0,0.0,0.0,0.0
CT008914,Zone_08,Zone_08,0.9975,0.0,0.0,0.0,0.0002,0.0004,0.0,0.0015,0.9975,0.0001,0.0001
CT014438,Zone_08,Zone_08,0.5162,0.0,0.0,0.0001,0.0002,0.0001,0.0002,0.4829,0.5162,0.0002,0.0001
CT006585,Zone_08,Zone_08,0.9961,0.0,0.0,0.0,0.0003,0.0004,0.0002,0.0026,0.9961,0.0002,0.0001
CT015952,Zone_01,Zone_01,0.998,0.998,0.0008,0.0006,0.0005,0.0,0.0,0.0,0.0,0.0,0.0
CT010397,Zone_02,Zone_02,0.9979,0.0007,0.9979,0.0006,0.0007,0.0001,0.0,0.0,0.0,0.0,0.0
CT009786,Zone_08,Zone_08,0.7797,0.0,0.0,0.0,0.0001,0.0001,0.0,0.2199,0.7797,0.0001,0.0
CT015355,Zone_03,Zone_03,0.9979,0.0005,0.0006,0.9979,0.0008,0.0001,0.0,0.0,0.0,0.0,0.0
CT014779,Zone_06,Zone_06,0.9992,0.0,0.0,0.0,0.0001,0.0,0.9992,0.0006,0.0001,0.0,0.0
CT007010,Zone_07,Zone_07,0.728,0.0,0.0,0.0,0.0006,0.0005,0.0001,0.728,0.2706,0.0002,0.0001
CT000935,Zone_07,Zone_07,0.9796,0.0,0.0,0.0,0.0001,0.0001,0.0001,0.9796,0.02,0.0001,0.0
CT009315,Zone_01,Zone_01,0.998,0.998,0.0008,0.0006,0.0005,0.0,0.0,0.0,0.0,0.0,0.0
CT000672,Zone_07,Zone_07,0.8723,0.0,0.0,0.0,0.0003,0.0004,0.0001,0.8723,0.1267,0.0001,0.0001
CT005093,Zone_04,Zone_04,0.9978,0.0001,0.0002,0.0002,0.9978,0.0007,0.0001,0.0004,0.0004,0.0,0.0
CT005825,Zone_05,Zone_05,0.9971,0.0,0.0001,0.0001,0.0009,0.9971,0.0002,0.0005,0.0009,0.0001,0.0001
CT016209,Zone_07,Zone_08,0.8368,0.0,0.0,0.0,0.0002,0.0001,0.0001,0.1626,0.8368,0.0001,0.0001
CT008799,Zone_03,Zone_03,0.9978,0.0006,0.0006,0.9978,0.0008,0.0001,0.0,0.0,0.0,0.0,0.0
CT014280,Zone_08,Zone_08,0.9989,0.0,0.0,0.0,0.0001,0.0002,0.0,0.0007,0.9989,0.0001,0.0
CT011090,Zone_08,Zone_08,0.6057,0.0,0.0,0.0001,0.0003,0.0002,0.001,0.3922,0.6057,0.0003,0.0001
CT009745,Zone_07,Zone_07,0.9877,0.0,0.0,0.0,0.0001,0.0001,0.0002,0.9877,0.0117,0.0001,0.0
CT000880,Zone_07,Zone_08,0.516,0.0,0.0,0.0001,0.0003,0.0002,0.0004,0.4827,0.516,0.0002,0.0001
CT000492,Zone_07,Zone_07,0.529,0.0,0.0,0.0001,0.0003,0.0001,0.0003,0.529,0.4698,0.0002,0.0001
CT004232,Zone_02,Zone_02,0.9978,0.0007,0.9978,0.0005,0.0009,0.0001,0.0,0.0,0.0,0.0,0.0
CT013753,Zone_06,Zone_06,0.9984,0.0,0.0,0.0,0.0002,0.0,0.9984,0.001,0.0003,0.0,0.0
CT002636,Zone_08,Zone_08,0.996,0.0,0.0,0.0001,0.0004,0.0006,0.0003,0.0024,0.996,0.0002,0.0002
CT000983,Zone_07,Zone_07,0.9867,0.0,0.0,0.0001,0.0003,0.0002,0.0004,0.9867,0.012,0.0002,0.0001
CT011627,Zone_01,Zone_01,0.9983,0.9983,0.0007,0.0006,0.0004,0.0,0.0,0.0,0.0,0.0,0.0
CT002498,Zone_01,Zone_01,0.9976,0.9976,0.001,0.0007,0.0007,0.0,0.0,0.0,0.0,0.0,0.0
CT003560,Zone_08,Zone_07,0.7876,0.0,0.0,0.0001,0.0006,0.0006,0.0004,0.7876,0.2103,0.0003,0.0001
CT017795,Zone_08,Zone_08,0.8186,0.0,0.0,0.0001,0.0001,0.0001,0.0001,0.1808,0.8186,0.0001,0.0001
CT006943,Zone_07,Zone_07,0.8085,0.0,0.0,0.0,0.0001,0.0003,0.0,0.8085,0.191,0.0,0.0
CT000679,Zone_03,Zone_03,0.9982,0.0005,0.0006,0.9982,0.0006,0.0001,0.0,0.0,0.0,0.0,0.0
CT011767,Zone_07,Zone_08,0.7113,0.0,0.0,0.0,0.0001,0.0001,0.0001,0.2883,0.7113,0.0001,0.0
CT001081,Zone_04,Zone_04,0.9967,0.0005,0.0008,0.0009,0.9967,0.0003,0.0,0.0005,0.0,0.0001,0.0001
CT008974,Zone_02,Zone_02,0.9981,0.0006,0.9981,0.0005,0.0007,0.0001,0.0,0.0,0.0,0.0,0.0
CT004965,Zone_04,Zone_04,0.9965,0.0005,0.0009,0.001,0.9965,0.0003,0.0002,0.0002,0.0001,0.0001,0.0001
CT002338,Zone_05,Zone_05,0.9961,0.0,0.0001,0.0001,0.0013,0.9961,0.0005,0.001,0.0007,0.0001,0.0001
CT010175,Zone_01,Zone_01,0.9978,0.9978,0.0009,0.0007,0.0005,0.0,0.0,0.0,0.0,0.0,0.0
CT003111,Zone_04,Zone_04,0.9978,0.0001,0.0003,0.0004,0.9978,0.0003,0.0004,0.0005,0.0001,0.0001,0.0
CT016461,Zone_04,Zone_04,0.9967,0.0005,0.0008,0.0009,0.9967,0.0004,0.0001,0.0003,0.0001,0.0001,0.0001
CT012844,Zone_01,Zone_01,0.9986,0.9986,0.0007,0.0005,0.0003,0.0,0.0,0.0,0.0,0.0,0.0
CT003410,Zone_03,Zone_03,0.998,0.0005,0.0005,0.998,0.0008,0.0001,0.0,0.0,0.0,0.0,0.0
CT007834,Zone_07,Zone_08,0.9045,0.0,0.0,0.0,0.0002,0.0001,0.0001,0.095,0.9045,0.0001,0.0001
CT014286,Zone_03,Zone_03,0.9982,0.0004,0.0005,0.9982,0.0007,0.0001,0.0,0.0,0.0,0.0,0.0
CT019612,Zone_07,Zone_07,0.9925,0.0,0.0,0.0,0.0002,0.0001,0.0003,0.9925,0.0068,0.0001,0.0
CT014305,Zone_10,Zone_10,0.9984,0.0,0.0,0.0,0.0,0.0,0.0,0.0002,0.0006,0.0007,0.9984
CT003385,Zone_01,Zone_01,0.9981,0.9981,0.0008,0.0006,0.0005,0.0,0.0,0.0,0.0,0.0,0.0
CT019244,Zone_07,Zone_07,0.992,0.0,0.0,0.0,0.0002,0.0001,0.0007,0.992,0.0068,0.0002,0.0001
CT016500,Zone_04,Zone_04,0.9974,0.0003,0.0006,0.0008,0.9974,0.0003,0.0002,0.0003,0.0001,0.0001,0.0001
CT005770,Zone_07,Zone_07,0.9926,0.0,0.0,0.0,0.0002,0.0001,0.0002,0.9926,0.0067,0.0001,0.0
CT006311,Zone_03,Zone_03,0.998,0.0005,0.0005,0.998,0.0008,0.0001,0.0,0.0,0.0,0.0,0.0
CT006631,Zone_07,Zone_08,0.7141,0.0,0.0,0.0001,0.0002,0.0002,0.0001,0.2851,0.7141,0.0002,0.0001
CT014224,Zone_10,Zone_10,0.9988,0.0,0.0,0.0,0.0,0.0,0.0,0.0003,0.0002,0.0007,0.9988
CT006479,Zone_04,Zone_04,0.9974,0.0003,0.0006,0.0008,0.9974,0.0003,0.0001,0.0003,0.0001,0.0001,0.0001
CT012861,Zone_07,Zone_07,0.8608,0.0,0.0,0.0001,0.0005,0.0005,0.0002,0.8608,0.1376,0.0002,0.0001
CT007324,Zone_10,Zone_10,0.999,0.0,0.0,0.0,0.0,0.0,0.0,0.0002,0.0001,0.0006,0.999
CT004164,Zone_05,Zone_05,0.9947,0.0,0.0001,0.0002,0.0011,0.9947,0.001,0.0022,0.0005,0.0001,0.0001
CT009526,Zone_07,Zone_07,0.8516,0.0,0.0,0.0,0.0003,0.0003,0.0,0.8516,0.1476,0.0001,0.0
CT016947,Zone_06,Zone_06,0.9832,0.0,0.0,0.0001,0.0015,0.0003,0.9832,0.0095,0.0051,0.0002,0.0
CT017124,Zone_10,Zone_10,0.9988,0.0,0.0,0.0,0.0,0.0,0.0,0.0001,0.0003,0.0006,0.9988
CT019690,Zone_08,Zone_08,0.9982,0.0,0.0,0.0,0.0001,0.0002,0.0,0.0012,0.9982,0.0001,0.0001
CT014508,Zone_02,Zone_02,0.9977,0.0007,0.9977,0.0006,0.0009,0.0001,0.0,0.0,0.0,0.0,0.0
CT004472,Zone_04,Zone_04,0.9978,0.0002,0.0004,0.0004,0.9978,0.0004,0.0002,0.0005,0.0001,0.0001,0.0
CT014473,Zone_03,Zone_03,0.9982,0.0004,0.0006,0.9982,0.0006,0.0001,0.0,0.0,0.0,0.0,0.0
CT003954,Zone_08,Zone_08,0.5479,0.0,0.0,0.0001,0.0003,0.0002,0.0003,0.4509,0.5479,0.0002,0.0001
CT003832,Zone_07,Zone_07,0.5532,0.0,0.0,0.0001,0.0002,0.0001,0.0002,0.5532,0.4458,0.0002,0.0001
CT019581,Zone_01,Zone_01,0.9977,0.9977,0.001,0.0007,0.0006,0.0,0.0,0.0,0.0,0.0,0.0
CT000595,Zone_02,Zone_02,0.9981,0.0006,0.9981,0.0005,0.0007,0.0,0.0,0.0,0.0,0.0,0.0
CT001586,Zone_10,Zone_10,0.9985,0.0,0.0,0.0,0.0,0.0,0.0,0.0002,0.0002,0.001,0.9985
CT008849,Zone_07,Zone_07,0.9943,0.0,0.0,0.0,0.0001,0.0001,0.0003,0.9943,0.005,0.0001,0.0
CT018566,Zone_07,Zone_08,0.5579,0.0,0.0,0.0001,0.0002,0.0001,0.0005,0.441,0.5579,0.0001,0.0001
CT007235,Zone_08,Zone_08,0.5584,0.0,0.0,0.0001,0.0002,0.0002,0.0004,0.4404,0.5584,0.0002,0.0001
CT002999,Zone_10,Zone_10,0.9985,0.0001,0.0,0.0,0.0,0.0,0.0,0.0002,0.0001,0.001,0.9985
CT010792,Zone_07,Zone_07,0.9939,0.0,0.0,0.0,0.0001,0.0001,0.0005,0.9939,0.0053,0.0001,0.0
CT015872,Zone_10,Zone_10,0.9987,0.0,0.0,0.0,0.0,0.0,0.0,0.0002,0.0003,0.0006,0.9987
CT008488,Zone_02,Zone_02,0.9978,0.0007,0.9978,0.0006,0.0008,0.0,0.0,0.0,0.0,0.0,0.0
CT016060,Zone_08,Zone_08,0.9974,0.0,0.0,0.0,0.0002,0.0003,0.0001,0.0018,0.9974,0.0001,0.0001
CT013929,Zone_07,Zone_07,0.5457,0.0,0.0,0.0001,0.0002,0.0001,0.0001,0.5457,0.4537,0.0001,0.0001
CT014966,Zone_08,Zone_08,0.785,0.0,0.0,0.0,0.0001,0.0001,0.0,0.2147,0.785,0.0001,0.0
CT000633,Zone_02,Zone_02,0.9979,0.0007,0.9979,0.0005,0.0007,0.0001,0.0,0.0,0.0,0.0,0.0
CT019291,Zone_02,Zone_02,0.9979,0.0006,0.9979,0.0005,0.0009,0.0001,0.0,0.0,0.0,0.0,0.0
CT015071,Zone_02,Zone_02,0.9979,0.0007,0.9979,0.0006,0.0007,0.0001,0.0,0.0,0.0,0.0,0.0
CT017340,Zone_03,Zone_03,0.9982,0.0005,0.0005,0.9982,0.0007,0.0001,0.0,0.0,0.0,0.0,0.0
CT018421,Zone_06,Zone_06,0.9992,0.0,0.0,0.0,0.0001,0.0,0.9992,0.0006,0.0,0.0,0.0
CT016335,Zone_07,Zone_07,0.9773,0.0,0.0,0.0,0.0,0.0001,0.0,0.9773,0.0225,0.0,0.0
CT009391,Zone_08,Zone_08,0.7627,0.0,0.0,0.0,0.0001,0.0001,0.0001,0.2367,0.7627,0.0001,0.0001
CT005031,Zone_02,Zone_02,0.998,0.0006,0.998,0.0006,0.0007,0.0001,0.0,0.0,0.0,0.0,0.0
CT003662,Zone_06,Zone_06,0.9965,0.0,0.0,0.0,0.0004,0.0001,0.9965,0.0017,0.0011,0.0001,0.0
CT000080,Zone_07,Zone_07,0.9858,0.0,0.0,0.0,0.0002,0.0001,0.0003,0.9858,0.0134,0.0001,0.0
CT005513,Zone_08,Zone_08,0.9988,0.0,0.0,0.0,0.0001,0.0002,0.0,0.0007,0.9988,0.0001,0.0001
CT003828,Zone_04,Zone_04,0.9981,0.0001,0.0002,0.0002,0.9981,0.0005,0.0001,0.0005,0.0002,0.0,0.0
CT006081,Zone_01,Zone_01,0.9973,0.9973,0.001,0.0009,0.0007,0.0,0.0,0.0,0.0,0.0,0.0
CT016370,Zone_04,Zone_04,0.9975,0.0001,0.0004,0.0005,0.9975,0.0003,0.0008,0.0003,0.0001,0.0,0.0
CT014113,Zone_08,Zone_08,0.999,0.0,0.0,0.0,0.0001,0.0001,0.0,0.0006,0.999,0.0001,0.0
CT003925,Zone_01,Zone_01,0.9978,0.9978,0.0009,0.0007,0.0006,0.0,0.0,0.0,0.0,0.0,0.0
CT018540,Zone_04,Zone_04,0.9967,0.0006,0.0009,0.0009,0.9967,0.0003,0.0,0.0002,0.0001,0.0001,0.0001
CT019500,Zone_07,Zone_07,0.9906,0.0,0.0,0.0,0.0004,0.0002,0.0077,0.9906,0.001,0.0001,0.0
CT002248,Zone_08,Zone_07,0.6744,0.0,0.0,0.0001,0.0002,0.0001,0.0002,0.6744,0.3247,0.0002,0.0001
CT006715,Zone_08,Zone_08,0.7518,0.0,0.0,0.0001,0.0002,0.0001,0.0001,0.2475,0.7518,0.0001,0.0001
CT014175,Zone_01,Zone_01,0.9983,0.9983,0.0008,0.0006,0.0003,0.0,0.0,0.0,0.0,0.0,0.0
CT009301,Zone_07,Zone_07,0.9905,0.0,0.0,0.0,0.0001,0.0001,0.0002,0.9905,0.009,0.0001,0.0
CT008040,Zone_07,Zone_07,0.9275,0.0,0.0,0.0001,0.0009,0.0004,0.0687,0.9275,0.0019,0.0004,0.0001
CT017007,Zone_07,Zone_07,0.9846,0.0,0.0,0.0,0.0002,0.0002,0.0004,0.9846,0.0143,0.0002,0.0001
CT012420,Zone_01,Zone_01,0.9979,0.9979,0.0009,0.0006,0.0005,0.0,0.0,0.0,0.0,0.0,0.0
CT016181,Zone_06,Zone_06,0.983,0.0,0.0,0.0,0.0012,0.0003,0.983,0.01,0.0052,0.0002,0.0
CT007175,Zone_04,Zone_04,0.9969,0.0001,0.0003,0.0003,0.9969,0.0008,0.0001,0.0007,0.0007,0.0001,0.0
CT016737,Zone_08,Zone_08,0.8368,0.0,0.0,0.0,0.0001,0.0001,0.0001,0.1627,0.8368,0.0001,0.0001
CT009634,Zone_04,Zone_04,0.9979,0.0001,0.0002,0.0002,0.9979,0.0005,0.0001,0.0005,0.0003,0.0,0.0
CT014245,Zone_04,Zone_04,0.9966,0.0001,0.0002,0.0003,0.9966,0.0009,0.0,0.0004,0.0015,0.0,0.0
CT000710,Zone_08,Zone_08,0.9979,0.0,0.0,0.0,0.0002,0.0003,0.0001,0.0014,0.9979,0.0001,0.0001
CT000870,Zone_01,Zone_01,0.9981,0.9981,0.0008,0.0006,0.0004,0.0,0.0,0.0,0.0,0.0,0.0
CT006696,Zone_04,Zone_04,0.9978,0.0001,0.0003,0.0003,0.9978,0.0003,0.0002,0.0007,0.0001,0.0,0.0
CT004804,Zone_08,Zone_08,0.9953,0.0,0.0,0.0001,0.0004,0.0005,0.0001,0.0031,0.9953,0.0003,0.0002
CT006299,Zone_04,Zone_04,0.9978,0.0001,0.0003,0.0004,0.9978,0.0004,0.0006,0.0003,0.0001,0.0,0.0
CT015789,Zone_08,Zone_08,0.9989,0.0,0.0,0.0,0.0001,0.0002,0.0001,0.0006,0.9989,0.0001,0.0
CT017294,Zone_01,Zone_01,0.9973,0.9973,0.0011,0.0009,0.0007,0.0,0.0,0.0,0.0,0.0,0.0
CT016179,Zone_04,Zone_04,0.9978,0.0001,0.0004,0.0004,0.9978,0.0004,0.0002,0.0004,0.0001,0.0001,0.0
CT003183,Zone_08,Zone_08,0.9947,0.0,0.0,0.0001,0.0004,0.0006,0.0004,0.0033,0.9947,0.0003,0.0002
CT019007,Zone_06,Zone_06,0.9667,0.0,0.0,0.0001,0.0021,0.0006,0.9667,0.0215,0.0085,0.0004,0.0
CT004560,Zone_07,Zone_07,0.6004,0.0,0.0,0.0001,0.0003,0.0002,0.0007,0.6004,0.3981,0.0002,0.0001
CT016920,Zone_03,Zone_03,0.998,0.0006,0.0006,0.998,0.0006,0.0001,0.0,0.0,0.0,0.0,0.0
CT013311,Zone_07,Zone_07,0.9533,0.0,0.0,0.0,0.0002,0.0002,0.0001,0.9533,0.046,0.0001,0.0001
CT006160,Zone_10,Zone_10,0.9984,0.0,0.0,0.0,0.0,0.0,0.0,0.0003,0.0004,0.0008,0.9984
CT015337,Zone_08,Zone_08,0.6727,0.0,0.0,0.0001,0.0002,0.0001,0.0001,0.3266,0.6727,0.0001,0.0001
CT003326,Zone_07,Zone_07,0.9821,0.0,0.0,0.0,0.0002,0.0001,0.0172,0.9821,0.0003,0.0001,0.0
CT006185,Zone_01,Zone_01,0.9981,0.9981,0.0008,0.0006,0.0005,0.0,0.0,0.0,0.0,0.0,0.0
CT008840,Zone_08,Zone_08,0.8585,0.0,0.0,0.0,0.0001,0.0001,0.0002,0.1409,0.8585,0.0001,0.0
CT012215,Zone_08,Zone_08,0.9991,0.0,0.0,0.0,0.0001,0.0002,0.0,0.0004,0.9991,0.0,0.0
CT018999,Zone_07,Zone_08,0.8711,0.0,0.0,0.0,0.0001,0.0001,0.0,0.1285,0.8711,0.0001,0.0
CT005260,Zone_01,Zone_01,0.9976,0.9976,0.0009,0.0008,0.0006,0.0,0.0,0.0,0.0,0.0,0.0
CT018337,Zone_04,Zone_04,0.9908,0.0005,0.0018,0.0022,0.9908,0.0016,0.0003,0.0015,0.0012,0.0002,0.0001
CT011398,Zone_08,Zone_08,0.6423,0.0,0.0,0.0,0.0001,0.0001,0.0,0.3573,0.6423,0.0001,0.0
CT013822,Zone_06,Zone_06,0.9939,0.0,0.0,0.0,0.0006,0.0001,0.9939,0.0042,0.001,0.0001,0.0
CT012567,Zone_08,Zone_08,0.9989,0.0,0.0,0.0,0.0001,0.0001,0.0,0.0007,0.9989,0.0,0.0
CT018106,Zone_07,Zone_07,0.5666,0.0,0.0,0.0001,0.0002,0.0001,0.0001,0.5666,0.4326,0.0001,0.0001
CT011405,Zone_08,Zone_08,0.6395,0.0,0.0,0.0001,0.0002,0.0001,0.0001,0.3598,0.6395,0.0001,0.0001
CT015663,Zone_06,Zone_06,0.9996,0.0,0.0,0.0,0.0001,0.0,0.9996,0.0002,0.0001,0.0,0.0
CT010998,Zone_07,Zone_07,0.9838,0.0,0.0,0.0,0.0002,0.0001,0.0002,0.9838,0.0155,0.0001,0.0
CT010466,Zone_07,Zone_07,0.913,0.0,0.0,0.0,0.0003,0.0001,0.0859,0.913,0.0004,0.0001,0.0
CT013578,Zone_10,Zone_10,0.999,0.0,0.0,0.0,0.0,0.0,0.0,0.0002,0.0001,0.0006,0.999
CT006967,Zone_07,Zone_07,0.724,0.0,0.0,0.0001,0.0008,0.0007,0.0007,0.724,0.2732,0.0003,0.0001
CT010607,Zone_05,Zone_05,0.9949,0.0,0.0001,0.0002,0.001,0.9949,0.0001,0.0015,0.0019,0.0001,0.0001
CT019366,Zone_07,Zone_07,0.9387,0.0,0.0,0.0001,0.0004,0.0002,0.0589,0.9387,0.0014,0.0002,0.0001
CT007464,Zone_06,Zone_06,0.999,0.0,0.0,0.0,0.0002,0.0,0.999,0.0004,0.0004,0.0,0.0
CT006398,Zone_03,Zone_03,0.9982,0.0005,0.0005,0.9982,0.0006,0.0001,0.0,0.0,0.0,0.0,0.0
CT017277,Zone_10,Zone_10,0.9983,0.0,0.0,0.0,0.0,0.0,0.0,0.0003,0.0005,0.0008,0.9983
CT018199,Zone_07,Zone_07,0.9957,0.0,0.0,0.0,0.0002,0.0001,0.0027,0.9957,0.001,0.0001,0.0
CT012748,Zone_04,Zone_04,0.997,0.0001,0.0002,0.0002,0.997,0.0008,0.0001,0.0004,0.0012,0.0,0.0
CT000149,Zone_08,Zone_08,0.9969,0.0,0.0,0.0,0.0003,0.0005,0.0001,0.0018,0.9969,0.0002,0.0001
CT019626,Zone_02,Zone_02,0.9979,0.0007,0.9979,0.0006,0.0007,0.0001,0.0,0.0,0.0,0.0,0.0
CT008011,Zone_10,Zone_10,0.9985,0.0,0.0,0.0,0.0,0.0,0.0,0.0003,0.0003,0.0008,0.9985
CT015467,Zone_07,Zone_07,0.9901,0.0,0.0,0.0,0.0003,0.0001,0.0078,0.9901,0.0015,0.0001,0.0
CT011287,Zone_10,Zone_10,0.9989,0.0,0.0,0.0,0.0,0.0,0.0,0.0003,0.0001,0.0006,0.9989
CT007189,Zone_03,Zone_03,0.9982,0.0005,0.0004,0.9982,0.0007,0.0001,0.0,0.0,0.0,0.0,0.0
CT010435,Zone_04,Zone_04,0.9976,0.0002,0.0005,0.0004,0.9976,0.0004,0.0006,0.0002,0.0001,0.0,0.0
CT017259,Zone_04,Zone_04,0.9974,0.0001,0.0003,0.0003,0.9974,0.0008,0.0004,0.0004,0.0002,0.0,0.0
CT017613,Zone_04,Zone_04,0.9965,0.0003,0.0006,0.0009,0.9965,0.0003,0.0007,0.0004,0.0,0.0001,0.0001
CT010625,Zone_08,Zone_08,0.9987,0.0,0.0,0.0,0.0001,0.0002,0.0,0.0008,0.9987,0.0001,0.0001
CT008775,Zone_08,Zone_08,0.6224,0.0,0.0001,0.0001,0.0004,0.0002,0.0009,0.3754,0.6224,0.0003,0.0001
CT001153,Zone_03,Zone_03,0.998,0.0005,0.0006,0.998,0.0007,0.0001,0.0,0.0,0.0,0.0,0.0
CT018217,Zone_08,Zone_08,0.9297,0.0,0.0,0.0,0.0001,0.0001,0.0,0.07,0.9297,0.0001,0.0001
CT004556,Zone_07,Zone_07,0.9654,0.0,0.0,0.0,0.0002,0.0001,0.0001,0.9654,0.0341,0.0001,0.0
CT018715,Zone_07,Zone_07,0.5715,0.0,0.0,0.0001,0.0004,0.0002,0.0011,0.5715,0.4263,0.0002,0.0001
CT017330,Zone_03,Zone_03,0.9979,0.0004,0.0006,0.9979,0.0009,0.0001,0.0,0.0,0.0,0.0,0.0
CT002345,Zone_08,Zone_08,0.5598,0.0,0.0,0.0001,0.0002,0.0001,0.0003,0.4392,0.5598,0.0002,0.0001
CT002196,Zone_08,Zone_07,0.9942,0.0,0.0,0.0,0.0001,0.0001,0.0001,0.9942,0.0054,0.0001,0.0
CT005233,Zone_08,Zone_08,0.9979,0.0,0.0,0.0,0.0002,0.0003,0.0002,0.0012,0.9979,0.0001,0.0001
CT008826,Zone_07,Zone_07,0.9904,0.0,0.0,0.0,0.0002,0.0001,0.008,0.9904,0.001,0.0001,0.0
CT018546,Zone_07,Zone_08,0.6627,0.0,0.0,0.0001,0.0002,0.0001,0.0,0.3368,0.6627,0.0001,0.0001
CT008726,Zone_06,Zone_06,0.998,0.0,0.0,0.0,0.0002,0.0001,0.998,0.001,0.0006,0.0,0.0
CT001878,Zone_04,Zone_04,0.9976,0.0001,0.0002,0.0003,0.9976,0.0007,0.0001,0.0006,0.0004,0.0,0.0
CT012711,Zone_07,Zone_07,0.5097,0.0,0.0,0.0,0.0001,0.0001,0.0,0.5097,0.4899,0.0001,0.0
CT012856,Zone_07,Zone_08,0.556,0.0,0.0,0.0001,0.0002,0.0001,0.0001,0.4433,0.556,0.0001,0.0001
CT012822,Zone_04,Zone_04,0.998,0.0001,0.0004,0.0003,0.998,0.0003,0.0005,0.0001,0.0001,0.0,0.0
CT001755,Zone_04,Zone_04,0.9972,0.0001,0.0002,0.0003,0.9972,0.0007,0.0003,0.0009,0.0003,0.0,0.0
CT012615,Zone_03,Zone_03,0.9981,0.0005,0.0005,0.9981,0.0008,0.0001,0.0,0.0,0.0,0.0,0.0
CT012617,Zone_07,Zone_07,0.8486,0.0,0.0,0.0001,0.0005,0.0006,0.0003,0.8486,0.1495,0.0003,0.0002
CT007347,Zone_04,Zone_04,0.9971,0.0001,0.0002,0.0002,0.9971,0.0006,0.0,0.0012,0.0005,0.0,0.0
CT013599,Zone_04,Zone_04,0.9976,0.0001,0.0002,0.0003,0.9976,0.0007,0.0,0.0004,0.0005,0.0,0.0
CT015792,Zone_07,Zone_07,0.9894,0.0,0.0,0.0,0.0002,0.0001,0.0094,0.9894,0.0007,0.0001,0.0
CT018839,Zone_02,Zone_02,0.998,0.0006,0.998,0.0005,0.0007,0.0001,0.0,0.0,0.0,0.0,0.0
CT001932,Zone_08,Zone_08,0.7678,0.0,0.0,0.0001,0.0002,0.0001,0.0,0.2316,0.7678,0.0001,0.0001
CT001394,Zone_02,Zone_02,0.9977,0.0007,0.9977,0.0007,0.0008,0.0001,0.0,0.0,0.0,0.0,0.0
CT007076,Zone_08,Zone_08,0.993,0.0,0.0,0.0001,0.0005,0.0007,0.0029,0.0025,0.993,0.0002,0.0002
CT016131,Zone_02,Zone_02,0.9977,0.0008,0.9977,0.0007,0.0007,0.0001,0.0,0.0,0.0,0.0,0.0
CT017687,Zone_04,Zone_04,0.9969,0.0003,0.0007,0.0008,0.9969,0.0003,0.0004,0.0002,0.0001,0.0001,0.0001
CT005690,Zone_06,Zone_06,0.9995,0.0,0.0,0.0,0.0001,0.0,0.9995,0.0003,0.0001,0.0,0.0
CT014108,Zone_01,Zone_01,0.998,0.998,0.0009,0.0006,0.0004,0.0,0.0,0.0,0.0,0.0,0.0
CT013335,Zone_08,Zone_08,0.9963,0.0,0.0,0.0,0.0003,0.0004,0.0001,0.0026,0.9963,0.0001,0.0001
CT016143,Zone_01,Zone_01,0.9975,0.9975,0.0009,0.0008,0.0007,0.0,0.0,0.0,0.0,0.0,0.0
CT011875,Zone_07,Zone_07,0.8573,0.0,0.0,0.0,0.0003,0.0003,0.0001,0.8573,0.1417,0.0002,0.0001
CT015782,Zone_07,Zone_08,0.8583,0.0,0.0,0.0001,0.0002,0.0001,0.0001,0.141,0.8583,0.0001,0.0001
CT005171,Zone_08,Zone_08,0.5848,0.0,0.0,0.0,0.0001,0.0001,0.0,0.4148,0.5848,0.0001,0.0
CT013015,Zone_04,Zone_04,0.9969,0.0003,0.0007,0.0009,0.9969,0.0003,0.0004,0.0003,0.0001,0.0001,0.0001
CT009135,Zone_02,Zone_02,0.9979,0.0007,0.9979,0.0006,0.0007,0.0001,0.0,0.0,0.0,0.0,0.0
CT011714,Zone_04,Zone_04,0.9976,0.0001,0.0002,0.0002,0.9976,0.0007,0.0005,0.0002,0.0003,0.0,0.0
CT019739,Zone_04,Zone_04,0.9978,0.0001,0.0001,0.0002,0.9978,0.0005,0.0,0.0009,0.0004,0.0,0.0
CT010826,Zone_08,Zone_08,0.8081,0.0,0.0,0.0001,0.0002,0.0001,0.0002,0.1912,0.8081,0.0001,0.0001
CT006293,Zone_06,Zone_06,0.9965,0.0,0.0,0.0,0.0004,0.0001,0.9965,0.0022,0.0007,0.0001,0.0
CT017518,Zone_02,Zone_02,0.9413,0.0194,0.9413,0.0157,0.0225,0.0008,0.0,0.0,0.0,0.0001,0.0003
CT009029,Zone_02,Zone_02,0.998,0.0007,0.998,0.0005,0.0006,0.0,0.0,0.0,0.0,0.0,0.0
CT007188,Zone_04,Zone_04,0.9975,0.0001,0.0002,0.0003,0.9975,0.0007,0.0001,0.0005,0.0007,0.0,0.0
CT007876,Zone_03,Zone_03,0.9984,0.0004,0.0005,0.9984,0.0006,0.0001,0.0001,0.0,0.0,0.0,0.0
CT004775,Zone_02,Zone_02,0.9982,0.0006,0.9982,0.0005,0.0006,0.0001,0.0,0.0,0.0,0.0,0.0
CT009804,Zone_07,Zone_08,0.7805,0.0,0.0,0.0,0.0002,0.0001,0.0001,0.2189,0.7805,0.0001,0.0
CT018108,Zone_08,Zone_08,0.998,0.0,0.0,0.0,0.0001,0.0002,0.0,0.0015,0.998,0.0001,0.0
CT005918,Zone_07,Zone_07,0.9868,0.0,0.0,0.0,0.0002,0.0001,0.0008,0.9868,0.0118,0.0002,0.0
CT001461,Zone_07,Zone_07,0.9834,0.0,0.0,0.0,0.0002,0.0001,0.0002,0.9834,0.0158,0.0001,0.0
CT018162,Zone_07,Zone_07,0.9922,0.0,0.0,0.0,0.0001,0.0001,0.0002,0.9922,0.0072,0.0001,0.0
CT007729,Zone_08,Zone_08,0.8713,0.0,0.0,0.0,0.0001,0.0001,0.0,0.1283,0.8713,0.0001,0.0
CT003401,Zone_02,Zone_02,0.9978,0.0007,0.9978,0.0006,0.0008,0.0001,0.0,0.0,0.0,0.0,0.0
CT002293,Zone_08,Zone_08,0.8201,0.0,0.0,0.0001,0.0002,0.0001,0.0001,0.1791,0.8201,0.0001,0.0001
CT017134,Zone_03,Zone_03,0.9985,0.0004,0.0004,0.9985,0.0005,0.0001,0.0,0.0,0.0,0.0,0.0
CT015518,Zone_07,Zone_07,0.8622,0.0,0.0,0.0,0.0003,0.0004,0.0002,0.8622,0.1366,0.0002,0.0001
CT007854,Zone_08,Zone_08,0.9966,0.0,0.0,0.0,0.0003,0.0004,0.0,0.0025,0.9966,0.0001,0.0001
CT019179,Zone_07,Zone_07,0.9757,0.0,0.0,0.0,0.0002,0.0001,0.0003,0.9757,0.0234,0.0002,0.0
CT002430,Zone_07,Zone_07,0.9918,0.0,0.0,0.0,0.0002,0.0001,0.0006,0.9918,0.007,0.0001,0.0
CT001082,Zone_06,Zone_06,0.9944,0.0,0.0,0.0,0.0008,0.0002,0.9944,0.0019,0.0026,0.0001,0.0
CT010815,Zone_03,Zone_03,0.9985,0.0003,0.0004,0.9985,0.0006,0.0001,0.0,0.0,0.0,0.0,0.0
CT007868,Zone_01,Zone_01,0.9981,0.9981,0.0009,0.0006,0.0004,0.0,0.0,0.0,0.0,0.0,0.0
CT016836,Zone_08,Zone_08,0.998,0.0,0.0,0.0,0.0002,0.0003,0.0001,0.0012,0.998,0.0001,0.0001
CT011234,Zone_07,Zone_07,0.9892,0.0,0.0,0.0,0.0002,0.0001,0.01,0.9892,0.0003,0.0001,0.0
CT014200,Zone_08,Zone_08,0.5211,0.0,0.0,0.0001,0.0002,0.0001,0.0001,0.4782,0.5211,0.0001,0.0001
CT016862,Zone_07,Zone_07,0.9905,0.0,0.0,0.0,0.0003,0.0001,0.0078,0.9905,0.001,0.0001,0.0
CT010787,Zone_08,Zone_08,0.5272,0.0,0.0,0.0001,0.0002,0.0002,0.0002,0.4718,0.5272,0.0002,0.0001
CT007485,Zone_04,Zone_04,0.9976,0.0001,0.0003,0.0003,0.9976,0.0004,0.0009,0.0003,0.0001,0.0,0.0
CT018266,Zone_08,Zone_08,0.7769,0.0,0.0001,0.0002,0.0006,0.0005,0.0002,0.2207,0.7769,0.0006,0.0003
CT004758,Zone_10,Zone_10,0.9989,0.0,0.0,0.0,0.0,0.0,0.0,0.0001,0.0002,0.0007,0.9989
CT014475,Zone_08,Zone_08,0.9953,0.0,0.0,0.0001,0.0005,0.0006,0.0013,0.0017,0.9953,0.0003,0.0002
CT009818,Zone_02,Zone_02,0.9977,0.0008,0.9977,0.0006,0.0009,0.0001,0.0,0.0,0.0,0.0,0.0
CT005617,Zone_08,Zone_08,0.9973,0.0,0.0,0.0,0.0002,0.0003,0.0001,0.0019,0.9973,0.0001,0.0001
CT006622,Zone_04,Zone_04,0.9982,0.0001,0.0003,0.0004,0.9982,0.0003,0.0001,0.0006,0.0001,0.0,0.0
CT017041,Zone_08,Zone_08,0.9981,0.0,0.0,0.0,0.0001,0.0002,0.0,0.0014,0.9981,0.0001,0.0001
CT017105,Zone_02,Zone_02,0.9975,0.0006,0.9975,0.0006,0.0011,0.0001,0.0,0.0,0.0,0.0,0.0
CT000635,Zone_02,Zone_02,0.998,0.0008,0.998,0.0005,0.0007,0.0001,0.0,0.0,0.0,0.0,0.0
CT005251,Zone_08,Zone_08,0.9891,0.0,0.0,0.0001,0.0006,0.0007,0.0003,0.0087,0.9891,0.0003,0.0002
CT007167,Zone_07,Zone_08,0.6232,0.0,0.0,0.0001,0.0003,0.0002,0.0006,0.3753,0.6232,0.0002,0.0001
CT010911,Zone_07,Zone_08,0.744,0.0,0.0,0.0,0.0002,0.0001,0.0,0.2555,0.744,0.0001,0.0001
CT003549,Zone_03,Zone_03,0.9982,0.0005,0.0005,0.9982,0.0007,0.0001,0.0,0.0,0.0,0.0,0.0
CT010893,Zone_07,Zone_07,0.9088,0.0,0.0,0.0001,0.0006,0.0003,0.0888,0.9088,0.0009,0.0003,0.0001
CT007509,Zone_08,Zone_08,0.644,0.0,0.0,0.0001,0.0003,0.0002,0.0008,0.3542,0.644,0.0002,0.0001
CT016140,Zone_10,Zone_10,0.9983,0.0,0.0,0.0,0.0,0.0,0.0,0.0005,0.0003,0.0008,0.9983
CT019596,Zone_07,Zone_07,0.9822,0.0,0.0,0.0001,0.0003,0.0001,0.0167,0.9822,0.0003,0.0002,0.0001
CT000648,Zone_07,Zone_07,0.715,0.0,0.0,0.0,0.0004,0.0004,0.0001,0.715,0.2839,0.0001,0.0001
CT002824,Zone_10,Zone_10,0.999,0.0,0.0,0.0,0.0,0.0,0.0,0.0002,0.0001,0.0006,0.999
CT007843,Zone_02,Zone_02,0.9981,0.0006,0.9981,0.0005,0.0007,0.0,0.0,0.0,0.0,0.0,0.0
CT006691,Zone_08,Zone_08,0.9959,0.0,0.0,0.0,0.0003,0.0004,0.0,0.0031,0.9959,0.0001,0.0001
CT004302,Zone_08,Zone_08,0.6967,0.0,0.0,0.0001,0.0002,0.0001,0.0001,0.3025,0.6967,0.0002,0.0001
CT018783,Zone_01,Zone_01,0.9985,0.9985,0.0006,0.0005,0.0004,0.0,0.0,0.0,0.0,0.0,0.0
CT007675,Zone_08,Zone_08,0.9972,0.0,0.0,0.0,0.0002,0.0003,0.0001,0.002,0.9972,0.0001,0.0001
CT015878,Zone_09,Zone_09,0.9878,0.0,0.0001,0.0002,0.0001,0.0004,0.0018,0.0045,0.0015,0.9878,0.0035
CT013746,Zone_06,Zone_07,0.9517,0.0,0.0,0.0001,0.0004,0.0002,0.0464,0.9517,0.0009,0.0002,0.0001
CT002016,Zone_07,Zone_07,0.8511,0.0,0.0,0.0,0.0002,0.0002,0.0,0.8511,0.1483,0.0001,0.0
CT010884,Zone_07,Zone_07,0.9321,0.0,0.0,0.0001,0.0004,0.0002,0.066,0.9321,0.0008,0.0002,0.0001
CT018354,Zone_08,Zone_08,0.9972,0.0,0.0,0.0,0.0002,0.0003,0.0001,0.002,0.9972,0.0001,0.0001
CT000274,Zone_08,Zone_08,0.8521,0.0,0.0,0.0001,0.0002,0.0001,0.0002,0.147,0.8521,0.0001,0.0001
CT000834,Zone_07,Zone_08,0.5492,0.0,0.0,0.0,0.0002,0.0001,0.0002,0.4502,0.5492,0.0001,0.0001
CT013441,Zone_07,Zone_07,0.986,0.0,0.0,0.0,0.0002,0.0001,0.0004,0.986,0.013,0.0002,0.0001
CT008528,Zone_08,Zone_08,0.9055,0.0,0.0,0.0,0.0001,0.0001,0.0,0.0942,0.9055,0.0001,0.0
CT002089,Zone_08,Zone_07,0.5166,0.0,0.0,0.0001,0.0002,0.0001,0.0001,0.5166,0.4827,0.0001,0.0001
CT017079,Zone_07,Zone_07,0.9741,0.0,0.0,0.0001,0.0003,0.0002,0.0245,0.9741,0.0006,0.0002,0.0001
CT013141,Zone_08,Zone_08,0.6367,0.0,0.0,0.0,0.0001,0.0001,0.0,0.3629,0.6367,0.0001,0.0001
CT015863,Zone_08,Zone_08,0.9993,0.0,0.0,0.0,0.0001,0.0001,0.0,0.0004,0.9993,0.0,0.0
CT017405,Zone_04,Zone_04,0.9977,0.0001,0.0003,0.0005,0.9977,0.0003,0.0003,0.0005,0.0001,0.0,0.0
CT000004,Zone_07,Zone_08,0.6445,0.0,0.0,0.0001,0.0003,0.0002,0.0005,0.3539,0.6445,0.0003,0.0002
CT014671,Zone_08,Zone_08,0.9948,0.0,0.0,0.0,0.0003,0.0004,0.0001,0.0041,0.9948,0.0002,0.0002
CT018080,Zone_10,Zone_10,0.9984,0.0,0.0,0.0,0.0,0.0,0.0,0.0002,0.0005,0.0008,0.9984
CT008997,Zone_07,Zone_07,0.9326,0.0,0.0,0.0001,0.0004,0.0002,0.0652,0.9326,0.001,0.0003,0.0001
CT009484,Zone_07,Zone_07,0.5029,0.0,0.0,0.0001,0.0002,0.0001,0.0001,0.5029,0.4964,0.0001,0.0001
CT007594,Zone_07,Zone_07,0.9906,0.0,0.0,0.0,0.0002,0.0001,0.0004,0.9906,0.0086,0.0001,0.0
CT001946,Zone_06,Zone_06,0.9939,0.0,0.0,0.0,0.0006,0.0002,0.9939,0.0028,0.0023,0.0001,0.0
CT003677,Zone_04,Zone_04,0.9817,0.0006,0.0018,0.0018,0.9817,0.0067,0.0005,0.0021,0.0045,0.0002,0.0001
CT013781,Zone_05,Zone_05,0.9958,0.0,0.0001,0.0002,0.001,0.9958,0.0,0.0019,0.0008,0.0002,0.0001
CT011573,Zone_04,Zone_04,0.9975,0.0001,0.0002,0.0003,0.9975,0.0007,0.0002,0.0003,0.0007,0.0,0.0
CT006946,Zone_07,Zone_07,0.9944,0.0,0.0,0.0,0.0001,0.0001,0.0002,0.9944,0.0051,0.0001,0.0
CT016590,Zone_07,Zone_07,0.7558,0.0,0.0,0.0001,0.0005,0.0006,0.0002,0.7558,0.2423,0.0003,0.0001
CT000519,Zone_02,Zone_02,0.998,0.0007,0.998,0.0005,0.0006,0.0001,0.0,0.0,0.0,0.0,0.0
CT009197,Zone_07,Zone_07,0.8264,0.0,0.0,0.0,0.0004,0.0004,0.0002,0.8264,0.1722,0.0002,0.0001
CT018275,Zone_04,Zone_04,0.9568,0.0044,0.0105,0.0182,0.9568,0.0032,0.0013,0.0027,0.0012,0.0009,0.0009
CT003564,Zone_01,Zone_01,0.9974,0.9974,0.0009,0.0009,0.0007,0.0,0.0,0.0,0.0,0.0,0.0
CT016333,Zone_10,Zone_10,0.9992,0.0,0.0,0.0,0.0,0.0,0.0,0.0001,0.0001,0.0005,0.9992
CT007045,Zone_10,Zone_10,0.9989,0.0,0.0,0.0,0.0,0.0,0.0,0.0001,0.0003,0.0006,0.9989
CT016462,Zone_06,Zone_06,0.9973,0.0,0.0,0.0,0.0003,0.0001,0.9973,0.0015,0.0008,0.0001,0.0
CT000365,Zone_07,Zone_08,0.5938,0.0,0.0,0.0001,0.0003,0.0002,0.0011,0.4041,0.5938,0.0002,0.0001
CT000499,Zone_05,Zone_05,0.9949,0.0,0.0001,0.0002,0.0011,0.9949,0.0001,0.0021,0.0013,0.0001,0.0001
CT009009,Zone_07,Zone_08,0.8266,0.0,0.0,0.0,0.0001,0.0001,0.0,0.1731,0.8266,0.0001,0.0
CT000798,Zone_03,Zone_03,0.9983,0.0004,0.0005,0.9983,0.0006,0.0001,0.0,0.0,0.0,0.0,0.0
CT006957,Zone_04,Zone_04,0.9982,0.0001,0.0003,0.0004,0.9982,0.0003,0.0002,0.0002,0.0003,0.0,0.0
CT014209,Zone_02,Zone_02,0.9977,0.0008,0.9977,0.0006,0.0007,0.0001,0.0,0.0,0.0,0.0,0.0
CT016579,Zone_08,Zone_08,0.9987,0.0,0.0,0.0,0.0001,0.0002,0.0,0.0008,0.9987,0.0001,0.0
CT018620,Zone_07,Zone_07,0.9878,0.0,0.0,0.0,0.0002,0.0001,0.0006,0.9878,0.0111,0.0002,0.0001
CT005821,Zone_07,Zone_08,0.8235,0.0,0.0,0.0,0.0001,0.0001,0.0,0.1762,0.8235,0.0001,0.0
CT019570,Zone_07,Zone_07,0.978,0.0,0.0,0.0,0.0003,0.0001,0.021,0.978,0.0004,0.0001,0.0
CT011046,Zone_07,Zone_07,0.9933,0.0,0.0,0.0,0.0001,0.0001,0.0004,0.9933,0.006,0.0001,0.0
CT003683,Zone_08,Zone_08,0.9968,0.0,0.0,0.0,0.0002,0.0003,0.0001,0.0023,0.9968,0.0001,0.0001
CT010246,Zone_07,Zone_07,0.9837,0.0,0.0,0.0,0.0002,0.0001,0.0003,0.9837,0.0154,0.0002,0.0001
CT002626,Zone_08,Zone_08,0.998,0.0,0.0,0.0,0.0002,0.0003,0.0001,0.0011,0.998,0.0001,0.0001
CT019623,Zone_07,Zone_07,0.9186,0.0,0.0,0.0,0.0002,0.0001,0.0805,0.9186,0.0003,0.0001,0.0
CT007707,Zone_01,Zone_01,0.9983,0.9983,0.0007,0.0005,0.0004,0.0,0.0,0.0,0.0,0.0,0.0
CT000189,Zone_07,Zone_07,0.9842,0.0,0.0,0.0,0.0001,0.0001,0.0001,0.9842,0.0153,0.0001,0.0
CT009907,Zone_07,Zone_07,0.8268,0.0,0.0,0.0,0.0003,0.0004,0.0,0.8268,0.1722,0.0002,0.0001
CT018674,Zone_07,Zone_08,0.6567,0.0,0.0,0.0,0.0001,0.0001,0.0,0.3429,0.6567,0.0001,0.0001
CT006724,Zone_03,Zone_03,0.9981,0.0004,0.0005,0.9981,0.0008,0.0001,0.0,0.0,0.0,0.0,0.0
CT010070,Zone_03,Zone_03,0.9983,0.0005,0.0005,0.9983,0.0006,0.0001,0.0,0.0,0.0,0.0,0.0
CT004690,Zone_08,Zone_08,0.7211,0.0,0.0,0.0,0.0002,0.0001,0.0001,0.2783,0.7211,0.0001,0.0001
CT002272,Zone_07,Zone_07,0.5843,0.0,0.0,0.0001,0.0003,0.0002,0.0009,0.5843,0.414,0.0002,0.0001
CT002305,Zone_08,Zone_08,0.9987,0.0,0.0,0.0,0.0001,0.0001,0.0,0.001,0.9987,0.0,0.0
CT011995,Zone_03,Zone_03,0.9982,0.0005,0.0005,0.9982,0.0006,0.0001,0.0,0.0,0.0,0.0,0.0
CT011390,Zone_04,Zone_04,0.9978,0.0002,0.0004,0.0004,0.9978,0.0003,0.0003,0.0003,0.0001,0.0001,0.0
CT011887,Zone_10,Zone_10,0.9987,0.0,0.0,0.0,0.0,0.0,0.0001,0.0003,0.0001,0.0007,0.9987
CT019356,Zone_02,Zone_02,0.998,0.0006,0.998,0.0005,0.0007,0.0001,0.0,0.0,0.0,0.0,0.0
CT012603,Zone_06,Zone_06,0.9956,0.0,0.0,0.0,0.0005,0.0001,0.9956,0.0014,0.0022,0.0001,0.0
CT009591,Zone_08,Zone_08,0.7924,0.0,0.0,0.0,0.0001,0.0001,0.0,0.2071,0.7924,0.0001,0.0001
CT009766,Zone_08,Zone_07,0.728,0.0,0.0,0.0001,0.0007,0.0007,0.0007,0.728,0.2694,0.0002,0.0001
CT005435,Zone_08,Zone_08,0.5568,0.0,0.0,0.0001,0.0002,0.0001,0.0002,0.4424,0.5568,0.0001,0.0001
CT010919,Zone_07,Zone_07,0.9855,0.0,0.0,0.0,0.0003,0.0001,0.0009,0.9855,0.0129,0.0002,0.0
CT004113,Zone_07,Zone_07,0.9891,0.0,0.0,0.0,0.0001,0.0001,0.0001,0.9891,0.0104,0.0001,0.0
CT018095,Zone_08,Zone_08,0.9963,0.0,0.0,0.0001,0.0003,0.0005,0.0003,0.0021,0.9963,0.0002,0.0002
CT002637,Zone_08,Zone_08,0.9898,0.0,0.0,0.0001,0.0007,0.001,0.0012,0.0065,0.9898,0.0003,0.0003
CT012005,Zone_01,Zone_01,0.9978,0.9978,0.0008,0.0008,0.0005,0.0,0.0,0.0,0.0,0.0,0.0
CT019006,Zone_07,Zone_07,0.9674,0.0,0.0,0.0,0.0002,0.0001,0.0005,0.9674,0.0314,0.0002,0.0001
CT006257,Zone_07,Zone_08,0.6219,0.0,0.0,0.0,0.0002,0.0001,0.0001,0.3775,0.6219,0.0001,0.0001
CT008235,Zone_06,Zone_06,0.9985,0.0,0.0,0.0,0.0001,0.0,0.9985,0.0011,0.0001,0.0,0.0
CT000025,Zone_07,Zone_07,0.9948,0.0,0.0,0.0,0.0001,0.0001,0.001,0.9948,0.0038,0.0001,0.0
CT005515,Zone_03,Zone_03,0.9982,0.0006,0.0005,0.9982,0.0005,0.0001,0.0,0.0,0.0,0.0,0.0
CT009726,Zone_07,Zone_07,0.9527,0.0,0.0,0.0001,0.0003,0.0001,0.0002,0.9527,0.0462,0.0002,0.0001
CT004619,Zone_08,Zone_08,0.9943,0.0,0.0,0.0001,0.0005,0.0008,0.0004,0.0034,0.9943,0.0002,0.0001
CT019146,Zone_07,Zone_07,0.9858,0.0,0.0,0.0,0.0002,0.0001,0.0136,0.9858,0.0002,0.0001,0.0
CT013218,Zone_08,Zone_08,0.78,0.0,0.0,0.0,0.0001,0.0001,0.0001,0.2195,0.78,0.0001,0.0001
CT014216,Zone_04,Zone_04,0.9976,0.0001,0.0002,0.0002,0.9976,0.0007,0.0004,0.0005,0.0002,0.0,0.0
CT016420,Zone_03,Zone_03,0.9979,0.0005,0.0006,0.9979,0.0007,0.0001,0.0001,0.0,0.0,0.0,0.0
CT011718,Zone_07,Zone_08,0.6984,0.0,0.0,0.0001,0.0002,0.0001,0.0002,0.3006,0.6984,0.0002,0.0001
CT000591,Zone_06,Zone_06,0.996,0.0,0.0,0.0,0.0004,0.0001,0.996,0.0027,0.0007,0.0001,0.0
CT008071,Zone_08,Zone_08,0.9887,0.0,0.0001,0.0001,0.0008,0.001,0.0016,0.0071,0.9887,0.0004,0.0003
CT002806,Zone_04,Zone_04,0.9965,0.0005,0.0009,0.0009,0.9965,0.0003,0.0002,0.0003,0.0001,0.0001,0.0001
CT000931,Zone_04,Zone_04,0.9977,0.0001,0.0004,0.0004,0.9977,0.0004,0.0001,0.0006,0.0003,0.0001,0.0
CT013397,Zone_03,Zone_03,0.998,0.0005,0.0005,0.998,0.0007,0.0001,0.0,0.0,0.0,0.0,0.0
CT005631,Zone_08,Zone_08,0.9956,0.0,0.0,0.0,0.0003,0.0004,0.0002,0.0032,0.9956,0.0001,0.0001
CT012910,Zone_02,Zone_02,0.9977,0.0008,0.9977,0.0006,0.0008,0.0001,0.0,0.0,0.0,0.0,0.0
CT018976,Zone_01,Zone_01,0.9974,0.9974,0.001,0.0009,0.0007,0.0,0.0,0.0,0.0,0.0,0.0
CT004129,Zone_07,Zone_07,0.9877,0.0,0.0,0.0,0.0002,0.0001,0.0001,0.9877,0.0117,0.0001,0.0
CT005755,Zone_03,Zone_03,0.9978,0.0005,0.0007,0.9978,0.0008,0.0001,0.0,0.0,0.0,0.0,0.0
CT004958,Zone_04,Zone_04,0.9968,0.0005,0.0009,0.001,0.9968,0.0003,0.0001,0.0003,0.0001,0.0001,0.0001
CT008801,Zone_01,Zone_01,0.9983,0.9983,0.0007,0.0006,0.0004,0.0,0.0,0.0,0.0,0.0,0.0
CT006079,Zone_02,Zone_02,0.9978,0.0006,0.9978,0.0007,0.0008,0.0001,0.0,0.0,0.0,0.0,0.0
CT003383,Zone_06,Zone_06,0.997,0.0,0.0,0.0,0.0004,0.0001,0.997,0.0018,0.0007,0.0001,0.0
CT007680,Zone_10,Zone_10,0.9989,0.0,0.0,0.0,0.0,0.0,0.0,0.0002,0.0001,0.0007,0.9989
CT014583,Zone_08,Zone_08,0.9981,0.0,0.0,0.0,0.0003,0.0003,0.0001,0.0009,0.9981,0.0001,0.0001
CT005670,Zone_07,Zone_07,0.8976,0.0,0.0,0.0,0.0003,0.0001,0.1013,0.8976,0.0005,0.0001,0.0
CT013563,Zone_07,Zone_07,0.9749,0.0,0.0,0.0001,0.0003,0.0002,0.0006,0.9749,0.0236,0.0002,0.0001
CT001019,Zone_02,Zone_02,0.9978,0.0009,0.9978,0.0006,0.0007,0.0001,0.0,0.0,0.0,0.0,0.0
CT018403,Zone_03,Zone_03,0.9981,0.0004,0.0005,0.9981,0.0008,0.0001,0.0,0.0,0.0,0.0,0.0
CT007661,Zone_08,Zone_08,0.999,0.0,0.0,0.0,0.0001,0.0001,0.0,0.0007,0.999,0.0,0.0
CT008984,Zone_07,Zone_07,0.9892,0.0,0.0,0.0,0.0003,0.0001,0.0087,0.9892,0.0014,0.0001,0.0
CT018657,Zone_07,Zone_07,0.9866,0.0,0.0,0.0,0.0002,0.0001,0.0126,0.9866,0.0003,0.0001,0.0
CT000665,Zone_04,Zone_04,0.9971,0.0001,0.0002,0.0002,0.9971,0.0007,0.0001,0.001,0.0005,0.0001,0.0
CT017846,Zone_05,Zone_05,0.996,0.0,0.0001,0.0002,0.0011,0.996,0.0002,0.0013,0.001,0.0001,0.0001
CT017237,Zone_07,Zone_08,0.7295,0.0,0.0,0.0001,0.0002,0.0001,0.0002,0.2696,0.7295,0.0002,0.0001
CT011357,Zone_07,Zone_07,0.6148,0.0,0.0,0.0001,0.0006,0.0007,0.0002,0.6148,0.3832,0.0003,0.0002
CT000379,Zone_05,Zone_05,0.995,0.0,0.0001,0.0002,0.0011,0.995,0.0002,0.0008,0.0023,0.0001,0.0001
CT002307,Zone_07,Zone_07,0.9074,0.0,0.0,0.0,0.0004,0.0004,0.0004,0.9074,0.0912,0.0002,0.0001
CT004135,Zone_08,Zone_07,0.6583,0.0,0.0,0.0,0.0003,0.0003,0.0,0.6583,0.3409,0.0002,0.0001
CT019063,Zone_08,Zone_08,0.9986,0.0,0.0,0.0,0.0001,0.0002,0.0,0.001,0.9986,0.0001,0.0001
CT008770,Zone_02,Zone_02,0.9979,0.0006,0.9979,0.0006,0.0009,0.0001,0.0,0.0,0.0,0.0,0.0
CT005241,Zone_03,Zone_03,0.998,0.0005,0.0005,0.998,0.0007,0.0001,0.0,0.0,0.0,0.0,0.0
CT002748,Zone_01,Zone_01,0.9981,0.9981,0.0008,0.0006,0.0005,0.0,0.0,0.0,0.0,0.0,0.0
CT004977,Zone_08,Zone_08,0.999,0.0,0.0,0.0,0.0001,0.0002,0.0,0.0005,0.999,0.0001,0.0001
CT008815,Zone_10,Zone_10,0.9983,0.0,0.0,0.0,0.0,0.0,0.0,0.0002,0.0006,0.0008,0.9983
CT001128,Zone_07,Zone_08,0.8362,0.0,0.0,0.0,0.0001,0.0001,0.0,0.1634,0.8362,0.0001,0.0
CT009576,Zone_07,Zone_07,0.8987,0.0,0.0,0.0001,0.0005,0.0004,0.0001,0.8987,0.0999,0.0002,0.0001
CT006437,Zone_07,Zone_07,0.9023,0.0,0.0,0.0,0.0003,0.0003,0.0001,0.9023,0.0968,0.0002,0.0001
CT001857,Zone_01,Zone_01,0.9975,0.9975,0.001,0.0007,0.0007,0.0,0.0,0.0,0.0,0.0,0.0
CT007761,Zone_04,Zone_04,0.9977,0.0001,0.0002,0.0002,0.9977,0.0006,0.0005,0.0004,0.0002,0.0,0.0
CT015381,Zone_04,Zone_04,0.9983,0.0001,0.0003,0.0003,0.9983,0.0003,0.0001,0.0004,0.0001,0.0,0.0
CT006330,Zone_04,Zone_04,0.996,0.0006,0.001,0.0011,0.996,0.0004,0.0003,0.0002,0.0001,0.0001,0.0001
CT011642,Zone_02,Zone_02,0.9981,0.0006,0.9981,0.0006,0.0006,0.0,0.0,0.0,0.0,0.0,0.0
CT012271,Zone_07,Zone_07,0.9911,0.0,0.0,0.0,0.0002,0.0001,0.0083,0.9911,0.0003,0.0001,0.0
CT009477,Zone_07,Zone_07,0.8819,0.0,0.0,0.0001,0.0007,0.0007,0.0017,0.8819,0.1144,0.0003,0.0001
CT000799,Zone_08,Zone_08,0.8738,0.0,0.0,0.0,0.0001,0.0001,0.0001,0.1257,0.8738,0.0001,0.0
CT015249,Zone_08,Zone_08,0.6906,0.0,0.0,0.0001,0.0003,0.0002,0.0003,0.3083,0.6906,0.0002,0.0001
CT012845,Zone_01,Zone_01,0.998,0.998,0.0009,0.0006,0.0004,0.0,0.0,0.0,0.0,0.0,0.0
CT015761,Zone_04,Zone_04,0.9964,0.0001,0.0004,0.0004,0.9964,0.0003,0.002,0.0003,0.0001,0.0,0.0
CT006996,Zone_07,Zone_07,0.9918,0.0,0.0,0.0,0.0002,0.0001,0.0075,0.9918,0.0003,0.0001,0.0
CT017459,Zone_07,Zone_08,0.5972,0.0,0.0,0.0001,0.0003,0.0002,0.0006,0.4013,0.5972,0.0002,0.0001
CT001393,Zone_03,Zone_03,0.9981,0.0004,0.0005,0.9981,0.0008,0.0001,0.0,0.0,0.0,0.0,0.0
CT001828,Zone_08,Zone_08,0.9954,0.0,0.0,0.0001,0.0004,0.0005,0.0005,0.0029,0.9954,0.0002,0.0001
CT005058,Zone_07,Zone_07,0.806,0.0,0.0,0.0,0.0003,0.0004,0.0,0.806,0.1931,0.0002,0.0001
CT015957,Zone_08,Zone_08,0.8202,0.0,0.0,0.0,0.0001,0.0001,0.0,0.1795,0.8202,0.0001,0.0
CT009099,Zone_07,Zone_07,0.9179,0.0,0.0,0.0,0.0005,0.0004,0.0005,0.9179,0.0805,0.0002,0.0001
CT004677,Zone_03,Zone_03,0.9982,0.0005,0.0005,0.9982,0.0007,0.0001,0.0,0.0,0.0,0.0,0.0
CT000021,Zone_07,Zone_07,0.9922,0.0,0.0,0.0,0.0002,0.0001,0.0039,0.9922,0.0035,0.0001,0.0
CT002026,Zone_05,Zone_05,0.9971,0.0,0.0001,0.0001,0.001,0.9971,0.0004,0.0006,0.0005,0.0001,0.0001
CT011921,Zone_07,Zone_07,0.9662,0.0,0.0,0.0,0.0002,0.0001,0.0001,0.9662,0.0332,0.0001,0.0
CT009727,Zone_04,Zone_04,0.9971,0.0004,0.0007,0.0009,0.9971,0.0003,0.0,0.0003,0.0001,0.0001,0.0001
CT002738,Zone_07,Zone_07,0.8853,0.0,0.0,0.0,0.0003,0.0004,0.0002,0.8853,0.1135,0.0002,0.0001
CT003420,Zone_07,Zone_07,0.9697,0.0,0.0,0.0001,0.0004,0.0002,0.0281,0.9697,0.0011,0.0002,0.0001
CT011022,Zone_10,Zone_10,0.9987,0.0001,0.0,0.0,0.0,0.0,0.0,0.0002,0.0002,0.0007,0.9987
CT014142,Zone_01,Zone_01,0.9977,0.9977,0.0008,0.0007,0.0007,0.0,0.0,0.0,0.0,0.0,0.0
CT003589,Zone_07,Zone_07,0.9943,0.0,0.0,0.0,0.0001,0.0001,0.0002,0.9943,0.0051,0.0001,0.0
CT004278,Zone_07,Zone_07,0.9831,0.0,0.0,0.0,0.0003,0.0001,0.0157,0.9831,0.0005,0.0002,0.0001
CT009746,Zone_07,Zone_07,0.9783,0.0,0.0,0.0,0.0002,0.0001,0.0004,0.9783,0.0207,0.0002,0.0001
CT017231,Zone_01,Zone_01,0.9984,0.9984,0.0008,0.0005,0.0003,0.0,0.0,0.0,0.0,0.0,0.0
CT017411,Zone_08,Zone_08,0.7831,0.0,0.0,0.0,0.0001,0.0001,0.0,0.2164,0.7831,0.0001,0.0001
CT011842,Zone_07,Zone_07,0.9862,0.0,0.0,0.0,0.0003,0.0001,0.0126,0.9862,0.0006,0.0001,0.0
CT019969,Zone_08,Zone_07,0.6541,0.0,0.0,0.0001,0.0002,0.0001,0.0004,0.6541,0.3448,0.0002,0.0001
CT009145,Zone_02,Zone_02,0.9981,0.0006,0.9981,0.0006,0.0006,0.0001,0.0,0.0,0.0,0.0,0.0
CT005106,Zone_08,Zone_08,0.9986,0.0,0.0,0.0,0.0002,0.0002,0.0001,0.0008,0.9986,0.0001,0.0001
CT019795,Zone_07,Zone_07,0.9614,0.0,0.0,0.0,0.0003,0.0001,0.0375,0.9614,0.0004,0.0001,0.0
CT004216,Zone_01,Zone_01,0.9979,0.9979,0.0008,0.0007,0.0005,0.0,0.0,0.0,0.0,0.0,0.0
CT017712,Zone_08,Zone_08,0.999,0.0,0.0,0.0,0.0001,0.0002,0.0001,0.0004,0.999,0.0001,0.0
CT015870,Zone_06,Zone_06,0.9949,0.0,0.0,0.0,0.0005,0.0001,0.9949,0.0037,0.0007,0.0001,0.0
CT007470,Zone_08,Zone_08,0.8393,0.0,0.0,0.0,0.0001,0.0001,0.0,0.1603,0.8393,0.0001,0.0
CT012989,Zone_08,Zone_08,0.8078,0.0,0.0,0.0,0.0001,0.0001,0.0,0.192,0.8078,0.0001,0.0
CT000228,Zone_08,Zone_08,0.5148,0.0,0.0,0.0,0.0003,0.0004,0.0,0.4843,0.5148,0.0002,0.0001
CT007027,Zone_08,Zone_08,0.83,0.0,0.0,0.0001,0.0002,0.0001,0.0002,0.1691,0.83,0.0001,0.0001
CT009902,Zone_01,Zone_01,0.9978,0.9978,0.0008,0.0007,0.0006,0.0,0.0,0.0,0.0,0.0,0.0
CT004096,Zone_04,Zone_04,0.9971,0.0001,0.0002,0.0003,0.9971,0.0007,0.0001,0.001,0.0005,0.0,0.0
CT015712,Zone_08,Zone_08,0.9936,0.0,0.0,0.0001,0.0006,0.0007,0.0017,0.0028,0.9936,0.0003,0.0002
CT001364,Zone_02,Zone_02,0.998,0.0006,0.998,0.0006,0.0007,0.0001,0.0,0.0,0.0,0.0,0.0
CT019900,Zone_04,Zone_04,0.9981,0.0002,0.0004,0.0004,0.9981,0.0003,0.0002,0.0002,0.0001,0.0,0.0
CT015903,Zone_07,Zone_07,0.963,0.0,0.0,0.0,0.0002,0.0001,0.0363,0.963,0.0002,0.0001,0.0
CT015359,Zone_08,Zone_08,0.6517,0.0,0.0,0.0001,0.0002,0.0002,0.0005,0.347,0.6517,0.0002,0.0001
CT013499,Zone_03,Zone_03,0.9977,0.0006,0.0006,0.9977,0.0009,0.0001,0.0,0.0,0.0,0.0,0.0
CT009730,Zone_10,Zone_10,0.9981,0.0,0.0,0.0,0.0,0.0,0.0,0.0005,0.0003,0.001,0.9981
CT003894,Zone_08,Zone_07,0.9275,0.0,0.0,0.0,0.0004,0.0003,0.0006,0.9275,0.071,0.0002,0.0001
CT004141,Zone_05,Zone_05,0.9957,0.0,0.0001,0.0001,0.0012,0.9957,0.0001,0.0011,0.0015,0.0001,0.0001
CT002903,Zone_03,Zone_03,0.9983,0.0003,0.0005,0.9983,0.0007,0.0001,0.0,0.0,0.0,0.0,0.0
CT017997,Zone_07,Zone_07,0.5459,0.0,0.0,0.0001,0.0003,0.0002,0.0002,0.5459,0.4531,0.0002,0.0001
CT004277,Zone_08,Zone_08,0.997,0.0,0.0,0.0,0.0003,0.0004,0.0003,0.0018,0.997,0.0001,0.0001
CT004384,Zone_08,Zone_08,0.9986,0.0,0.0,0.0,0.0001,0.0002,0.0,0.0008,0.9986,0.0001,0.0001
CT009218,Zone_09,Zone_09,0.9895,0.0,0.0001,0.0002,0.0001,0.0004,0.0009,0.002,0.0035,0.9895,0.0034
CT013044,Zone_08,Zone_08,0.7229,0.0,0.0,0.0001,0.0002,0.0001,0.0002,0.2763,0.7229,0.0001,0.0
CT011960,Zone_01,Zone_01,0.9983,0.9983,0.0007,0.0006,0.0004,0.0,0.0,0.0,0.0,0.0,0.0
CT002194,Zone_02,Zone_02,0.9981,0.0006,0.9981,0.0005,0.0006,0.0,0.0,0.0,0.0,0.0,0.0
CT009704,Zone_04,Zone_04,0.9982,0.0001,0.0004,0.0004,0.9982,0.0003,0.0001,0.0003,0.0002,0.0,0.0
CT015082,Zone_07,Zone_07,0.9143,0.0,0.0,0.0,0.0003,0.0003,0.0,0.9143,0.0848,0.0001,0.0001
CT008292,Zone_10,Zone_10,0.9984,0.0,0.0,0.0,0.0,0.0,0.0,0.0005,0.0001,0.0008,0.9984
CT001245,Zone_04,Zone_04,0.9976,0.0001,0.0002,0.0002,0.9976,0.0007,0.0001,0.0004,0.0007,0.0,0.0
CT013982,Zone_04,Zone_04,0.9969,0.0004,0.0008,0.0009,0.9969,0.0003,0.0002,0.0002,0.0001,0.0001,0.0001
CT005004,Zone_03,Zone_03,0.998,0.0006,0.0006,0.998,0.0007,0.0001,0.0001,0.0,0.0,0.0,0.0
CT019674,Zone_01,Zone_01,0.9982,0.9982,0.0007,0.0006,0.0004,0.0,0.0,0.0,0.0,0.0,0.0
CT019876,Zone_07,Zone_08,0.7325,0.0,0.0,0.0001,0.0001,0.0001,0.0001,0.2669,0.7325,0.0001,0.0001
CT010238,Zone_01,Zone_01,0.998,0.998,0.0007,0.0007,0.0004,0.0,0.0,0.0,0.0,0.0,0.0
CT015704,Zone_07,Zone_07,0.9229,0.0,0.0,0.0001,0.0004,0.0002,0.0754,0.9229,0.0007,0.0002,0.0
CT005710,Zone_07,Zone_08,0.5976,0.0,0.0,0.0001,0.0002,0.0001,0.0001,0.4017,0.5976,0.0002,0.0001
CT016476,Zone_07,Zone_07,0.9822,0.0,0.0,0.0,0.0001,0.0001,0.0002,0.9822,0.0172,0.0001,0.0
CT012045,Zone_03,Zone_03,0.9984,0.0005,0.0004,0.9984,0.0005,0.0001,0.0,0.0,0.0,0.0,0.0
CT012895,Zone_08,Zone_08,0.7158,0.0,0.0,0.0001,0.0001,0.0001,0.0001,0.2836,0.7158,0.0001,0.0001
CT002675,Zone_08,Zone_08,0.5158,0.0,0.0,0.0,0.0002,0.0001,0.0001,0.4835,0.5158,0.0001,0.0001
CT007639,Zone_07,Zone_07,0.8747,0.0,0.0,0.0,0.0003,0.0003,0.0001,0.8747,0.1243,0.0001,0.0001
CT019239,Zone_08,Zone_08,0.9977,0.0,0.0,0.0,0.0002,0.0002,0.0,0.0017,0.9977,0.0001,0.0001
CT006209,Zone_02,Zone_02,0.998,0.0006,0.998,0.0006,0.0007,0.0001,0.0,0.0,0.0,0.0,0.0
CT000590,Zone_02,Zone_02,0.9981,0.0006,0.9981,0.0006,0.0007,0.0001,0.0,0.0,0.0,0.0,0.0
CT001810,Zone_03,Zone_03,0.998,0.0006,0.0006,0.998,0.0006,0.0001,0.0,0.0,0.0,0.0,0.0
CT004647,Zone_06,Zone_06,0.9991,0.0,0.0,0.0,0.0001,0.0,0.9991,0.0006,0.0002,0.0,0.0
CT012618,Zone_08,Zone_08,0.9962,0.0,0.0,0.0,0.0003,0.0005,0.0002,0.0024,0.9962,0.0002,0.0002
CT018307,Zone_08,Zone_08,0.6889,0.0,0.0,0.0,0.0001,0.0001,0.0,0.3106,0.6889,0.0001,0.0001
CT002544,Zone_04,Zone_04,0.9962,0.0006,0.0009,0.0011,0.9962,0.0004,0.0003,0.0002,0.0001,0.0001,0.0001
CT017760,Zone_02,Zone_02,0.9977,0.0009,0.9977,0.0006,0.0008,0.0001,0.0,0.0,0.0,0.0,0.0
CT007426,Zone_01,Zone_01,0.9984,0.9984,0.0007,0.0006,0.0004,0.0,0.0,0.0,0.0,0.0,0.0
CT019264,Zone_04,Zone_04,0.9979,0.0001,0.0002,0.0002,0.9979,0.0006,0.0003,0.0004,0.0003,0.0,0.0
CT016988,Zone_08,Zone_08,0.9971,0.0,0.0,0.0,0.0002,0.0004,0.0001,0.0018,0.9971,0.0002,0.0001
CT018076,Zone_07,Zone_07,0.9891,0.0,0.0,0.0,0.0002,0.0001,0.0004,0.9891,0.01,0.0002,0.0001
CT017096,Zone_07,Zone_07,0.9918,0.0,0.0,0.0,0.0001,0.0001,0.0001,0.9918,0.0078,0.0001,0.0
CT010558,Zone_02,Zone_02,0.9978,0.0007,0.9978,0.0006,0.0008,0.0001,0.0,0.0,0.0,0.0,0.0
CT015796,Zone_08,Zone_08,0.5597,0.0,0.0,0.0001,0.0002,0.0002,0.0001,0.4395,0.5597,0.0001,0.0001
CT000996,Zone_08,Zone_08,0.9981,0.0,0.0,0.0,0.0001,0.0002,0.0001,0.0014,0.9981,0.0001,0.0
CT011879,Zone_02,Zone_02,0.9979,0.0006,0.9979,0.0006,0.0007,0.0001,0.0,0.0,0.0,0.0,0.0
CT016183,Zone_08,Zone_08,0.9975,0.0,0.0,0.0,0.0002,0.0003,0.0001,0.0017,0.9975,0.0001,0.0001
CT007023,Zone_04,Zone_04,0.9977,0.0001,0.0002,0.0003,0.9977,0.0006,0.0,0.0005,0.0004,0.0,0.0
CT011691,Zone_01,Zone_01,0.9979,0.9979,0.0008,0.0007,0.0006,0.0,0.0,0.0,0.0,0.0,0.0
CT007275,Zone_08,Zone_08,0.8367,0.0,0.0,0.0001,0.0002,0.0001,0.0002,0.1623,0.8367,0.0002,0.0001
CT010506,Zone_07,Zone_07,0.9916,0.0,0.0,0.0,0.0001,0.0001,0.0004,0.9916,0.0077,0.0001,0.0
CT013162,Zone_01,Zone_01,0.9983,0.9983,0.0007,0.0006,0.0004,0.0,0.0,0.0,0.0,0.0,0.0
CT000263,Zone_04,Zone_04,0.9977,0.0001,0.0002,0.0002,0.9977,0.0007,0.0003,0.0003,0.0005,0.0,0.0
CT013020,Zone_01,Zone_01,0.9979,0.9979,0.0008,0.0008,0.0005,0.0,0.0,0.0,0.0,0.0,0.0
CT003622,Zone_04,Zone_04,0.9981,0.0001,0.0004,0.0004,0.9981,0.0003,0.0004,0.0002,0.0001,0.0,0.0
CT013210,Zone_06,Zone_06,0.9982,0.0,0.0,0.0,0.0002,0.0,0.9982,0.0011,0.0004,0.0,0.0
CT013667,Zone_08,Zone_07,0.7256,0.0,0.0,0.0001,0.0006,0.0008,0.0008,0.7256,0.2716,0.0003,0.0001
CT010996,Zone_07,Zone_07,0.9952,0.0,0.0,0.0,0.0002,0.0001,0.0034,0.9952,0.001,0.0001,0.0
CT003545,Zone_04,Zone_04,0.9974,0.0001,0.0002,0.0002,0.9974,0.0008,0.0002,0.0007,0.0004,0.0,0.0
CT009035,Zone_08,Zone_08,0.9985,0.0,0.0,0.0,0.0001,0.0002,0.0,0.001,0.9985,0.0001,0.0
CT016735,Zone_05,Zone_05,0.9961,0.0,0.0001,0.0002,0.0012,0.9961,0.0006,0.0007,0.0009,0.0001,0.0001
CT011388,Zone_08,Zone_08,0.736,0.0,0.0,0.0,0.0002,0.0001,0.0001,0.2633,0.736,0.0001,0.0001
CT003756,Zone_04,Zone_04,0.9978,0.0001,0.0002,0.0002,0.9978,0.0007,0.0003,0.0005,0.0002,0.0,0.0
CT011814,Zone_09,Zone_09,0.9909,0.0,0.0,0.0001,0.0001,0.0003,0.0002,0.004,0.0012,0.9909,0.0032
CT001730,Zone_05,Zone_05,0.9957,0.0,0.0001,0.0001,0.0011,0.9957,0.0002,0.0018,0.0008,0.0001,0.0001
CT008124,Zone_01,Zone_01,0.998,0.998,0.0008,0.0007,0.0005,0.0,0.0,0.0,0.0,0.0,0.0
CT006832,Zone_07,Zone_08,0.6829,0.0,0.0,0.0,0.0001,0.0001,0.0001,0.3166,0.6829,0.0001,0.0
CT011607,Zone_08,Zone_07,0.5303,0.0,0.0,0.0001,0.0003,0.0002,0.0007,0.5303,0.4682,0.0002,0.0001
CT011645,Zone_08,Zone_08,0.8247,0.0,0.0,0.0,0.0001,0.0001,0.0,0.1748,0.8247,0.0001,0.0001
CT003881,Zone_08,Zone_07,0.5214,0.0,0.0,0.0001,0.0002,0.0002,0.0003,0.5214,0.4775,0.0002,0.0001
CT004210,Zone_01,Zone_01,0.9981,0.9981,0.0008,0.0006,0.0004,0.0,0.0,0.0,0.0,0.0,0.0
CT001136,Zone_04,Zone_04,0.9969,0.0001,0.0002,0.0003,0.9969,0.0008,0.0,0.0005,0.0011,0.0,0.0
CT013221,Zone_07,Zone_07,0.797,0.0,0.0,0.0,0.0004,0.0004,0.0001,0.797,0.2019,0.0002,0.0001
CT005363,Zone_03,Zone_03,0.9983,0.0005,0.0005,0.9983,0.0005,0.0001,0.0,0.0,0.0,0.0,0.0
CT011173,Zone_07,Zone_07,0.9935,0.0,0.0,0.0,0.0002,0.0001,0.0005,0.9935,0.0055,0.0001,0.0
CT011966,Zone_03,Zone_03,0.9982,0.0005,0.0004,0.9982,0.0007,0.0001,0.0,0.0,0.0,0.0,0.0
CT002786,Zone_08,Zone_08,0.75,0.0,0.0,0.0,0.0001,0.0001,0.0,0.2495,0.75,0.0001,0.0
CT011519,Zone_04,Zone_04,0.9967,0.0005,0.0007,0.001,0.9967,0.0003,0.0001,0.0002,0.0003,0.0001,0.0001
CT007994,Zone_07,Zone_07,0.9927,0.0,0.0,0.0,0.0003,0.0001,0.0059,0.9927,0.0007,0.0002,0.0001
CT009900,Zone_06,Zone_06,0.992,0.0,0.0,0.0001,0.0008,0.0003,0.992,0.0026,0.0041,0.0001,0.0
CT019150,Zone_03,Zone_03,0.9981,0.0005,0.0005,0.9981,0.0007,0.0001,0.0,0.0,0.0,0.0,0.0
CT015514,Zone_05,Zone_05,0.9947,0.0,0.0001,0.0001,0.0011,0.9947,0.0001,0.0021,0.0015,0.0001,0.0001
CT012875,Zone_05,Zone_05,0.9962,0.0,0.0001,0.0002,0.0011,0.9962,0.0003,0.001,0.0008,0.0001,0.0001
CT008867,Zone_03,Zone_03,0.9982,0.0005,0.0005,0.9982,0.0007,0.0001,0.0,0.0,0.0,0.0,0.0
CT017840,Zone_08,Zone_08,0.6396,0.0,0.0,0.0001,0.0003,0.0002,0.0001,0.3593,0.6396,0.0002,0.0001
CT016251,Zone_01,Zone_01,0.9982,0.9982,0.0007,0.0006,0.0004,0.0,0.0,0.0,0.0,0.0,0.0
CT007791,Zone_07,Zone_08,0.506,0.0,0.0,0.0001,0.0002,0.0001,0.0002,0.4932,0.506,0.0002,0.0001
CT016660,Zone_08,Zone_08,0.9929,0.0,0.0,0.0001,0.0006,0.0008,0.001,0.0043,0.9929,0.0002,0.0002
CT017698,Zone_07,Zone_07,0.9944,0.0,0.0,0.0,0.0002,0.0001,0.0005,0.9944,0.0045,0.0001,0.0001
CT015884,Zone_07,Zone_07,0.9906,0.0,0.0,0.0,0.0002,0.0001,0.0088,0.9906,0.0002,0.0001,0.0
CT013757,Zone_10,Zone_10,0.9983,0.0,0.0,0.0,0.0,0.0,0.0,0.0002,0.0006,0.0007,0.9983
CT008196,Zone_07,Zone_07,0.7951,0.0,0.0,0.0001,0.0006,0.0005,0.0004,0.7951,0.2028,0.0003,0.0001
CT006981,Zone_10,Zone_10,0.9986,0.0,0.0,0.0,0.0,0.0,0.0,0.0003,0.0003,0.0007,0.9986
CT018845,Zone_04,Zone_04,0.9978,0.0002,0.0004,0.0005,0.9978,0.0003,0.0001,0.0004,0.0001,0.0001,0.0
CT015224,Zone_07,Zone_07,0.8854,0.0,0.0,0.0001,0.0006,0.0006,0.001,0.8854,0.1119,0.0003,0.0001
CT013273,Zone_06,Zone_06,0.9933,0.0,0.0,0.0,0.0007,0.0002,0.9933,0.0044,0.0013,0.0001,0.0
CT005156,Zone_02,Zone_02,0.9983,0.0005,0.9983,0.0005,0.0006,0.0,0.0,0.0,0.0,0.0,0.0
CT001943,Zone_08,Zone_08,0.9956,0.0,0.0,0.0,0.0003,0.0004,0.0003,0.0031,0.9956,0.0001,0.0001
CT018071,Zone_08,Zone_08,0.8579,0.0,0.0,0.0,0.0001,0.0001,0.0001,0.1417,0.8579,0.0001,0.0
CT018571,Zone_07,Zone_07,0.9948,0.0,0.0,0.0,0.0002,0.0001,0.002,0.9948,0.0027,0.0001,0.0
CT013597,Zone_04,Zone_04,0.9969,0.0001,0.0002,0.0002,0.9969,0.0007,0.0,0.0014,0.0006,0.0,0.0
CT007733,Zone_04,Zone_04,0.9981,0.0001,0.0002,0.0002,0.9981,0.0006,0.0003,0.0003,0.0002,0.0,0.0
CT009178,Zone_08,Zone_08,0.9987,0.0,0.0,0.0,0.0001,0.0002,0.0001,0.0008,0.9987,0.0001,0.0
CT002274,Zone_07,Zone_07,0.9702,0.0,0.0,0.0,0.0002,0.0001,0.0289,0.9702,0.0003,0.0001,0.0
CT014733,Zone_03,Zone_03,0.9981,0.0004,0.0005,0.9981,0.0008,0.0001,0.0,0.0,0.0,0.0,0.0
CT003973,Zone_07,Zone_07,0.6489,0.0,0.0,0.0,0.0005,0.0005,0.0001,0.6489,0.3496,0.0002,0.0001
CT001083,Zone_06,Zone_06,0.9977,0.0,0.0,0.0,0.0002,0.0001,0.9977,0.0016,0.0003,0.0,0.0
CT014734,Zone_07,Zone_07,0.9808,0.0,0.0,0.0,0.0002,0.0001,0.0002,0.9808,0.0185,0.0001,0.0001
CT003209,Zone_03,Zone_03,0.9982,0.0004,0.0005,0.9982,0.0007,0.0001,0.0,0.0,0.0,0.0,0.0
CT004237,Zone_05,Zone_05,0.996,0.0,0.0001,0.0002,0.0011,0.996,0.0002,0.0016,0.0007,0.0001,0.0001
CT001649,Zone_06,Zone_06,0.996,0.0,0.0,0.0,0.0004,0.0001,0.996,0.0023,0.001,0.0001,0.0
CT010161,Zone_03,Zone_03,0.998,0.0005,0.0006,0.998,0.0007,0.0001,0.0,0.0,0.0,0.0,0.0
CT009733,Zone_09,Zone_09,0.9899,0.0,0.0,0.0001,0.0001,0.0003,0.0003,0.002,0.0039,0.9899,0.0032
CT012164,Zone_07,Zone_08,0.6091,0.0,0.0,0.0,0.0002,0.0001,0.0001,0.3904,0.6091,0.0001,0.0
CT007393,Zone_01,Zone_01,0.9978,0.9978,0.0009,0.0008,0.0005,0.0,0.0,0.0,0.0,0.0,0.0
CT018371,Zone_08,Zone_08,0.5408,0.0,0.0,0.0,0.0001,0.0001,0.0,0.4587,0.5408,0.0001,0.0001
CT010005,Zone_04,Zone_04,0.998,0.0001,0.0004,0.0004,0.998,0.0004,0.0001,0.0004,0.0001,0.0,0.0
CT004173,Zone_09,Zone_09,0.9854,0.0,0.0,0.0002,0.0001,0.0004,0.0001,0.0033,0.0067,0.9854,0.0038
CT014880,Zone_07,Zone_07,0.9908,0.0,0.0,0.0,0.0002,0.0001,0.0014,0.9908,0.0073,0.0001,0.0001
CT001840,Zone_07,Zone_08,0.507,0.0,0.0,0.0001,0.0002,0.0001,0.0001,0.4921,0.507,0.0002,0.0001
CT000139,Zone_07,Zone_07,0.9831,0.0,0.0,0.0,0.0002,0.0001,0.0008,0.9831,0.0155,0.0002,0.0001
CT015005,Zone_08,Zone_08,0.9987,0.0,0.0,0.0,0.0002,0.0003,0.0001,0.0006,0.9987,0.0001,0.0001
CT001574,Zone_07,Zone_07,0.9487,0.0,0.0,0.0,0.0003,0.0002,0.0501,0.9487,0.0004,0.0002,0.0
CT019652,Zone_04,Zone_04,0.9982,0.0001,0.0003,0.0004,0.9982,0.0004,0.0001,0.0003,0.0002,0.0001,0.0
CT011744,Zone_04,Zone_04,0.9972,0.0001,0.0004,0.0004,0.9972,0.0002,0.0015,0.0001,0.0,0.0,0.0
CT006461,Zone_01,Zone_01,0.9977,0.9977,0.0009,0.0007,0.0006,0.0,0.0,0.0,0.0,0.0,0.0
CT017640,Zone_07,Zone_07,0.9922,0.0,0.0,0.0001,0.0003,0.0002,0.0057,0.9922,0.0014,0.0002,0.0001
CT016267,Zone_08,Zone_08,0.8227,0.0,0.0,0.0,0.0002,0.0001,0.0001,0.1766,0.8227,0.0001,0.0
CT018969,Zone_07,Zone_07,0.8955,0.0,0.0,0.0,0.0003,0.0003,0.0001,0.8955,0.1035,0.0002,0.0001
CT014409,Zone_05,Zone_05,0.996,0.0,0.0001,0.0002,0.0013,0.996,0.0004,0.0014,0.0004,0.0001,0.0001
CT003833,Zone_08,Zone_08,0.9968,0.0,0.0,0.0,0.0003,0.0004,0.0003,0.0018,0.9968,0.0001,0.0001
CT006378,Zone_07,Zone_07,0.9832,0.0,0.0,0.0,0.0003,0.0001,0.0152,0.9832,0.0008,0.0002,0.0
CT004543,Zone_10,Zone_10,0.9982,0.0001,0.0,0.0,0.0,0.0,0.0001,0.0003,0.0002,0.001,0.9982
CT016147,Zone_03,Zone_03,0.9979,0.0005,0.0006,0.9979,0.0009,0.0001,0.0,0.0,0.0,0.0,0.0
CT015179,Zone_07,Zone_07,0.9329,0.0,0.0,0.0,0.0003,0.0003,0.0001,0.9329,0.0662,0.0001,0.0001
CT007147,Zone_04,Zone_04,0.9977,0.0001,0.0002,0.0003,0.9977,0.0007,0.0003,0.0006,0.0002,0.0,0.0
CT002221,Zone_04,Zone_04,0.9975,0.0001,0.0002,0.0002,0.9975,0.0008,0.0001,0.0007,0.0004,0.0,0.0
CT014888,Zone_06,Zone_07,0.9872,0.0,0.0,0.0,0.0002,0.0001,0.0118,0.9872,0.0004,0.0001,0.0
CT003569,Zone_07,Zone_07,0.984,0.0,0.0,0.0001,0.0005,0.0002,0.0134,0.984,0.0015,0.0003,0.0001
CT002461,Zone_07,Zone_07,0.9515,0.0,0.0,0.0001,0.0004,0.0002,0.0467,0.9515,0.0009,0.0002,0.0001
CT008877,Zone_07,Zone_07,0.9913,0.0,0.0,0.0,0.0002,0.0001,0.0074,0.9913,0.0008,0.0001,0.0
CT009563,Zone_02,Zone_02,0.9974,0.0008,0.9974,0.0007,0.001,0.0001,0.0,0.0,0.0,0.0,0.0
CT015283,Zone_10,Zone_10,0.9989,0.0,0.0,0.0,0.0,0.0,0.0,0.0002,0.0002,0.0006,0.9989
CT003842,Zone_08,Zone_08,0.6949,0.0,0.0,0.0,0.0002,0.0001,0.0004,0.304,0.6949,0.0001,0.0001
CT000727,Zone_04,Zone_04,0.9963,0.0005,0.001,0.001,0.9963,0.0004,0.0001,0.0004,0.0001,0.0001,0.0001
CT002604,Zone_07,Zone_07,0.9804,0.0,0.0,0.0,0.0002,0.0001,0.0006,0.9804,0.0186,0.0001,0.0
CT012085,Zone_07,Zone_07,0.9964,0.0,0.0,0.0,0.0002,0.0001,0.0018,0.9964,0.0012,0.0001,0.0
CT018349,Zone_03,Zone_03,0.9983,0.0005,0.0005,0.9983,0.0005,0.0001,0.0,0.0,0.0,0.0,0.0
CT011529,Zone_07,Zone_07,0.9871,0.0,0.0,0.0,0.0001,0.0001,0.0001,0.9871,0.0124,0.0001,0.0
CT007127,Zone_04,Zone_04,0.9979,0.0001,0.0002,0.0002,0.9979,0.0006,0.0002,0.0003,0.0005,0.0,0.0
CT016243,Zone_07,Zone_07,0.9822,0.0,0.0,0.0,0.0002,0.0001,0.0168,0.9822,0.0004,0.0001,0.0
CT010361,Zone_06,Zone_07,0.9074,0.0,0.0,0.0,0.0003,0.0001,0.0917,0.9074,0.0002,0.0001,0.0
CT011958,Zone_03,Zone_03,0.9982,0.0004,0.0005,0.9982,0.0006,0.0001,0.0001,0.0,0.0,0.0,0.0
CT019558,Zone_06,Zone_06,0.9998,0.0,0.0,0.0,0.0,0.0,0.9998,0.0002,0.0,0.0,0.0
CT004393,Zone_07,Zone_07,0.8011,0.0,0.0,0.0,0.0003,0.0004,0.0001,0.8011,0.1977,0.0002,0.0001
CT015506,Zone_07,Zone_07,0.9903,0.0,0.0,0.0,0.0001,0.0001,0.0001,0.9903,0.0094,0.0001,0.0
CT011124,Zone_02,Zone_02,0.9974,0.0008,0.9974,0.0007,0.0009,0.0001,0.0,0.0,0.0,0.0,0.0
CT003679,Zone_04,Zone_04,0.9979,0.0002,0.0004,0.0004,0.9979,0.0004,0.0001,0.0004,0.0002,0.0001,0.0
CT002477,Zone_03,Zone_03,0.9981,0.0005,0.0006,0.9981,0.0007,0.0001,0.0,0.0,0.0,0.0,0.0
CT006752,Zone_04,Zone_04,0.9981,0.0001,0.0004,0.0004,0.9981,0.0003,0.0,0.0004,0.0002,0.0001,0.0
CT009918,Zone_08,Zone_08,0.9967,0.0,0.0,0.0,0.0003,0.0004,0.0002,0.002,0.9967,0.0002,0.0001
CT001547,Zone_04,Zone_04,0.9973,0.0003,0.0005,0.0008,0.9973,0.0003,0.0001,0.0004,0.0002,0.0001,0.0001
CT011861,Zone_10,Zone_10,0.9986,0.0,0.0,0.0,0.0,0.0,0.0,0.0003,0.0003,0.0007,0.9986
CT008302,Zone_05,Zone_05,0.9954,0.0,0.0001,0.0002,0.001,0.9954,0.0001,0.0013,0.0017,0.0002,0.0001
CT016524,Zone_02,Zone_02,0.998,0.0006,0.998,0.0006,0.0007,0.0,0.0,0.0,0.0,0.0,0.0
CT008004,Zone_02,Zone_02,0.9981,0.0006,0.9981,0.0005,0.0008,0.0,0.0,0.0,0.0,0.0,0.0
CT011864,Zone_07,Zone_07,0.9938,0.0,0.0,0.0,0.0001,0.0001,0.0003,0.9938,0.0056,0.0001,0.0
CT018196,Zone_08,Zone_08,0.9988,0.0,0.0,0.0,0.0001,0.0001,0.0,0.0009,0.9988,0.0,0.0
CT019832,Zone_10,Zone_10,0.9984,0.0,0.0,0.0,0.0,0.0,0.0,0.0004,0.0002,0.0009,0.9984
CT009074,Zone_08,Zone_08,0.583,0.0,0.0,0.0001,0.0002,0.0001,0.0001,0.4163,0.583,0.0002,0.0001
CT016296,Zone_08,Zone_08,0.9978,0.0,0.0,0.0,0.0002,0.0002,0.0001,0.0015,0.9978,0.0001,0.0001
CT007184,Zone_04,Zone_04,0.9969,0.0001,0.0002,0.0002,0.9969,0.0007,0.0,0.0009,0.0009,0.0,0.0
CT010032,Zone_07,Zone_07,0.9579,0.0,0.0,0.0001,0.0003,0.0002,0.001,0.9579,0.0402,0.0003,0.0001
CT006888,Zone_04,Zone_04,0.997,0.0004,0.0007,0.0008,0.997,0.0003,0.0004,0.0002,0.0001,0.0001,0.0001
CT000456,Zone_01,Zone_01,0.9979,0.9979,0.0009,0.0006,0.0005,0.0,0.0,0.0,0.0,0.0,0.0
CT001458,Zone_08,Zone_08,0.9979,0.0,0.0,0.0,0.0002,0.0003,0.0001,0.0011,0.9979,0.0001,0.0001
CT018000,Zone_04,Zone_04,0.9977,0.0001,0.0002,0.0002,0.9977,0.0007,0.0001,0.0005,0.0004,0.0,0.0
CT000368,Zone_08,Zone_08,0.709,0.0,0.0,0.0001,0.0002,0.0001,0.0001,0.2903,0.709,0.0002,0.0001
CT007866,Zone_08,Zone_08,0.9989,0.0,0.0,0.0,0.0002,0.0002,0.0001,0.0005,0.9989,0.0001,0.0001
CT015923,Zone_03,Zone_03,0.9982,0.0005,0.0006,0.9982,0.0007,0.0001,0.0,0.0,0.0,0.0,0.0
CT005981,Zone_07,Zone_07,0.8015,0.0,0.0,0.0,0.0004,0.0004,0.0,0.8015,0.1974,0.0002,0.0001
CT017944,Zone_01,Zone_01,0.998,0.998,0.0008,0.0006,0.0005,0.0,0.0,0.0,0.0,0.0,0.0
CT019232,Zone_07,Zone_07,0.9907,0.0,0.0,0.0,0.0002,0.0001,0.0007,0.9907,0.008,0.0001,0.0
CT009992,Zone_04,Zone_04,0.9982,0.0001,0.0002,0.0002,0.9982,0.0005,0.0003,0.0003,0.0003,0.0,0.0
CT011231,Zone_02,Zone_02,0.9982,0.0007,0.9982,0.0005,0.0006,0.0,0.0,0.0,0.0,0.0,0.0
CT013481,Zone_04,Zone_04,0.9975,0.0001,0.0002,0.0003,0.9975,0.0005,0.0009,0.0003,0.0002,0.0,0.0
CT013605,Zone_01,Zone_01,0.9978,0.9978,0.001,0.0007,0.0005,0.0,0.0,0.0,0.0,0.0,0.0
CT015653,Zone_07,Zone_07,0.9931,0.0,0.0,0.0,0.0002,0.0001,0.0061,0.9931,0.0004,0.0001,0.0
CT019806,Zone_08,Zone_08,0.8714,0.0,0.0,0.0,0.0002,0.0001,0.0001,0.1281,0.8714,0.0001,0.0001
CT012470,Zone_01,Zone_01,0.9978,0.9978,0.0009,0.0007,0.0005,0.0,0.0,0.0,0.0,0.0,0.0
CT005232,Zone_06,Zone_06,0.9889,0.0,0.0,0.0001,0.0011,0.0003,0.9889,0.0056,0.0038,0.0002,0.0
CT013632,Zone_07,Zone_07,0.979,0.0,0.0,0.0001,0.0004,0.0002,0.019,0.979,0.001,0.0002,0.0001
CT011157,Zone_06,Zone_06,0.9986,0.0,0.0,0.0,0.0001,0.0,0.9986,0.001,0.0002,0.0,0.0
CT016039,Zone_07,Zone_07,0.9088,0.0,0.0,0.0001,0.0004,0.0003,0.0003,0.9088,0.0898,0.0002,0.0001
CT009422,Zone_02,Zone_02,0.9979,0.0007,0.9979,0.0006,0.0007,0.0001,0.0,0.0,0.0,0.0,0.0
CT006410,Zone_01,Zone_01,0.9984,0.9984,0.0007,0.0005,0.0004,0.0,0.0,0.0,0.0,0.0,0.0
CT005225,Zone_08,Zone_08,0.9982,0.0,0.0,0.0,0.0002,0.0003,0.0001,0.0009,0.9982,0.0001,0.0001
CT003025,Zone_04,Zone_04,0.9977,0.0001,0.0002,0.0003,0.9977,0.0006,0.0001,0.0008,0.0003,0.0,0.0
CT006836,Zone_03,Zone_03,0.9982,0.0004,0.0005,0.9982,0.0007,0.0001,0.0,0.0,0.0,0.0,0.0
CT017998,Zone_08,Zone_08,0.7645,0.0,0.0,0.0001,0.0002,0.0001,0.0001,0.235,0.7645,0.0001,0.0001
CT018913,Zone_10,Zone_10,0.999,0.0,0.0,0.0,0.0,0.0,0.0,0.0001,0.0001,0.0006,0.999
CT011227,Zone_04,Zone_04,0.9979,0.0002,0.0004,0.0004,0.9979,0.0004,0.0002,0.0004,0.0001,0.0001,0.0
CT003223,Zone_07,Zone_07,0.9931,0.0,0.0,0.0,0.0001,0.0,0.0,0.9931,0.0066,0.0001,0.0
CT019427,Zone_07,Zone_07,0.9716,0.0,0.0,0.0,0.0002,0.0001,0.0001,0.9716,0.0276,0.0002,0.0001
CT014062,Zone_01,Zone_01,0.998,0.998,0.0009,0.0007,0.0004,0.0,0.0,0.0,0.0,0.0,0.0
CT007569,Zone_06,Zone_06,0.9983,0.0,0.0,0.0,0.0002,0.0,0.9983,0.0012,0.0002,0.0,0.0
CT019939,Zone_04,Zone_04,0.9976,0.0001,0.0003,0.0003,0.9976,0.0007,0.0001,0.0004,0.0005,0.0,0.0
CT000990,Zone_07,Zone_07,0.9944,0.0,0.0,0.0,0.0001,0.0001,0.0001,0.9944,0.0052,0.0001,0.0
CT010330,Zone_07,Zone_07,0.9861,0.0,0.0,0.0,0.0002,0.0001,0.0126,0.9861,0.0008,0.0001,0.0
CT001985,Zone_07,Zone_08,0.5128,0.0,0.0,0.0001,0.0002,0.0001,0.0004,0.4859,0.5128,0.0002,0.0001
CT015218,Zone_07,Zone_07,0.993,0.0,0.0,0.0,0.0002,0.0001,0.0012,0.993,0.0053,0.0001,0.0
CT002217,Zone_03,Zone_03,0.9982,0.0005,0.0005,0.9982,0.0006,0.0001,0.0,0.0,0.0,0.0,0.0
CT017145,Zone_08,Zone_08,0.6683,0.0,0.0,0.0001,0.0002,0.0001,0.0004,0.3306,0.6683,0.0001,0.0001
CT007048,Zone_04,Zone_04,0.9971,0.0001,0.0003,0.0002,0.9971,0.0007,0.0001,0.0005,0.001,0.0,0.0
CT004925,Zone_08,Zone_08,0.9958,0.0,0.0,0.0001,0.0003,0.0006,0.0005,0.0024,0.9958,0.0002,0.0002
CT006455,Zone_07,Zone_08,0.5037,0.0,0.0,0.0001,0.0003,0.0002,0.0005,0.4949,0.5037,0.0002,0.0001
CT010468,Zone_01,Zone_01,0.9976,0.9976,0.001,0.0007,0.0006,0.0,0.0,0.0,0.0,0.0,0.0
CT020000,Zone_03,Zone_03,0.9467,0.0121,0.0182,0.9467,0.0204,0.0014,0.0001,0.0002,0.0001,0.0002,0.0006
CT006523,Zone_02,Zone_02,0.9976,0.0007,0.9976,0.0007,0.0008,0.0001,0.0,0.0,0.0,0.0,0.0
CT013676,Zone_09,Zone_09,0.9849,0.0,0.0,0.0001,0.0001,0.0004,0.0001,0.0036,0.0069,0.9849,0.0039
CT004482,Zone_07,Zone_08,0.587,0.0,0.0,0.0001,0.0003,0.0002,0.0004,0.4117,0.587,0.0002,0.0001
CT010455,Zone_05,Zone_05,0.9947,0.0,0.0001,0.0002,0.0013,0.9947,0.0002,0.0022,0.001,0.0002,0.0001
CT000683,Zone_02,Zone_02,0.9978,0.0008,0.9978,0.0006,0.0008,0.0001,0.0,0.0,0.0,0.0,0.0
CT015703,Zone_04,Zone_04,0.9983,0.0001,0.0003,0.0003,0.9983,0.0003,0.0002,0.0003,0.0001,0.0,0.0
CT008356,Zone_07,Zone_07,0.9928,0.0,0.0,0.0,0.0002,0.0001,0.0004,0.9928,0.0062,0.0001,0.0
CT010251,Zone_07,Zone_07,0.9917,0.0,0.0,0.0,0.0001,0.0,0.0,0.9917,0.0081,0.0001,0.0
CT003990,Zone_09,Zone_09,0.9871,0.0,0.0001,0.0002,0.0001,0.0004,0.0002,0.0023,0.0051,0.9871,0.0045
CT019032,Zone_07,Zone_07,0.9912,0.0,0.0,0.0,0.0002,0.0001,0.0011,0.9912,0.007,0.0002,0.0001
CT010318,Zone_07,Zone_07,0.8392,0.0,0.0,0.0,0.0004,0.0005,0.0001,0.8392,0.1595,0.0002,0.0001
CT004377,Zone_08,Zone_07,0.5364,0.0,0.0,0.0001,0.0002,0.0001,0.0002,0.5364,0.4626,0.0002,0.0001
CT001187,Zone_05,Zone_05,0.9954,0.0,0.0001,0.0002,0.0012,0.9954,0.0003,0.0006,0.0019,0.0001,0.0001
CT004158,Zone_02,Zone_02,0.9977,0.0009,0.9977,0.0006,0.0007,0.0001,0.0,0.0,0.0,0.0,0.0
CT019436,Zone_07,Zone_07,0.9898,0.0,0.0,0.0,0.0001,0.0001,0.0002,0.9898,0.0096,0.0001,0.0
CT006701,Zone_04,Zone_04,0.9961,0.0005,0.001,0.0011,0.9961,0.0004,0.0001,0.0004,0.0001,0.0001,0.0001
CT012513,Zone_04,Zone_04,0.9962,0.0005,0.0009,0.001,0.9962,0.0004,0.0005,0.0002,0.0001,0.0001,0.0001
CT016260,Zone_07,Zone_07,0.9944,0.0,0.0,0.0,0.0002,0.0001,0.001,0.9944,0.0042,0.0001,0.0
CT002968,Zone_04,Zone_04,0.9985,0.0001,0.0002,0.0003,0.9985,0.0003,0.0002,0.0002,0.0002,0.0,0.0
CT007870,Zone_08,Zone_08,0.5229,0.0,0.0001,0.0001,0.0003,0.0002,0.0005,0.4756,0.5229,0.0002,0.0001
CT006504,Zone_07,Zone_07,0.9736,0.0,0.0,0.0001,0.0003,0.0002,0.0253,0.9736,0.0004,0.0002,0.0001
CT004196,Zone_07,Zone_07,0.7194,0.0,0.0,0.0001,0.0007,0.0006,0.0006,0.7194,0.2782,0.0003,0.0001
CT009461,Zone_07,Zone_07,0.9882,0.0,0.0,0.0,0.0002,0.0001,0.0105,0.9882,0.0008,0.0001,0.0
CT002833,Zone_08,Zone_08,0.9991,0.0,0.0,0.0,0.0001,0.0002,0.0,0.0006,0.9991,0.0001,0.0
CT017160,Zone_08,Zone_07,0.6077,0.0,0.0,0.0001,0.0002,0.0001,0.0,0.6077,0.3917,0.0001,0.0001
CT013150,Zone_04,Zone_04,0.9968,0.0004,0.0007,0.0008,0.9968,0.0003,0.0003,0.0005,0.0,0.0001,0.0001
CT007875,Zone_07,Zone_07,0.9353,0.0,0.0,0.0,0.0003,0.0003,0.0002,0.9353,0.0636,0.0002,0.0001
CT009714,Zone_07,Zone_07,0.977,0.0,0.0,0.0,0.0002,0.0001,0.0002,0.977,0.0223,0.0001,0.0001
CT004752,Zone_07,Zone_07,0.8418,0.0,0.0,0.0,0.0004,0.0004,0.0,0.8418,0.157,0.0002,0.0001
CT012254,Zone_02,Zone_02,0.9981,0.0006,0.9981,0.0005,0.0006,0.0,0.0,0.0,0.0,0.0,0.0
CT016754,Zone_08,Zone_08,0.8463,0.0,0.0,0.0,0.0001,0.0001,0.0002,0.1531,0.8463,0.0001,0.0001
CT014857,Zone_08,Zone_07,0.7069,0.0,0.0,0.0001,0.0002,0.0001,0.0003,0.7069,0.2923,0.0001,0.0001
CT019568,Zone_01,Zone_01,0.9981,0.9981,0.0009,0.0006,0.0004,0.0,0.0,0.0,0.0,0.0,0.0
CT012180,Zone_05,Zone_05,0.9959,0.0,0.0001,0.0002,0.0011,0.9959,0.0009,0.001,0.0006,0.0002,0.0001
CT017142,Zone_02,Zone_02,0.9981,0.0007,0.9981,0.0005,0.0006,0.0001,0.0,0.0,0.0,0.0,0.0
CT006514,Zone_07,Zone_07,0.9914,0.0,0.0,0.0,0.0002,0.0001,0.0012,0.9914,0.007,0.0001,0.0
CT009965,Zone_02,Zone_02,0.9978,0.0006,0.9978,0.0006,0.0008,0.0,0.0,0.0,0.0,0.0,0.0
CT006208,Zone_04,Zone_04,0.998,0.0001,0.0004,0.0004,0.998,0.0004,0.0002,0.0003,0.0001,0.0,0.0
CT008973,Zone_07,Zone_07,0.9801,0.0,0.0,0.0,0.0002,0.0001,0.0187,0.9801,0.0006,0.0001,0.0
CT009225,Zone_02,Zone_02,0.9979,0.0006,0.9979,0.0005,0.0008,0.0001,0.0,0.0,0.0,0.0,0.0
CT001559,Zone_08,Zone_08,0.7274,0.0,0.0,0.0,0.0002,0.0001,0.0001,0.2719,0.7274,0.0001,0.0001
CT006414,Zone_10,Zone_10,0.9985,0.0,0.0,0.0,0.0,0.0,0.0,0.0005,0.0001,0.0007,0.9985
CT004788,Zone_07,Zone_07,0.9914,0.0,0.0,0.0,0.0001,0.0001,0.0002,0.9914,0.0079,0.0001,0.0
CT018772,Zone_08,Zone_08,0.9961,0.0,0.0,0.0001,0.0004,0.0006,0.0004,0.002,0.9961,0.0002,0.0002
CT008651,Zone_04,Zone_04,0.9974,0.0001,0.0003,0.0003,0.9974,0.0009,0.0001,0.0006,0.0003,0.0,0.0
CT002119,Zone_03,Zone_03,0.998,0.0004,0.0005,0.998,0.0009,0.0001,0.0,0.0,0.0,0.0,0.0
CT002838,Zone_04,Zone_04,0.9981,0.0001,0.0003,0.0004,0.9981,0.0004,0.0002,0.0003,0.0002,0.0,0.0
CT001641,Zone_07,Zone_07,0.9915,0.0,0.0,0.0,0.0001,0.0001,0.0001,0.9915,0.0081,0.0001,0.0
CT010984,Zone_03,Zone_03,0.998,0.0005,0.0006,0.998,0.0007,0.0001,0.0,0.0,0.0,0.0,0.0
CT013553,Zone_02,Zone_02,0.9979,0.0006,0.9979,0.0005,0.0009,0.0001,0.0,0.0,0.0,0.0,0.0
CT012629,Zone_04,Zone_04,0.998,0.0001,0.0003,0.0004,0.998,0.0004,0.0001,0.0003,0.0002,0.0001,0.0
CT013513,Zone_07,Zone_07,0.983,0.0,0.0,0.0,0.0003,0.0002,0.0011,0.983,0.0151,0.0002,0.0001
CT000402,Zone_06,Zone_06,0.9967,0.0,0.0,0.0,0.0004,0.0001,0.9967,0.0013,0.0012,0.0001,0.0
CT017399,Zone_07,Zone_07,0.9595,0.0,0.0,0.0,0.0002,0.0002,0.0002,0.9595,0.0397,0.0002,0.0001
CT001582,Zone_04,Zone_04,0.9972,0.0001,0.0002,0.0002,0.9972,0.0007,0.0,0.0003,0.0012,0.0,0.0
CT015920,Zone_06,Zone_06,0.9993,0.0,0.0,0.0,0.0001,0.0,0.9993,0.0005,0.0001,0.0,0.0
CT017298,Zone_05,Zone_05,0.9962,0.0,0.0001,0.0001,0.001,0.9962,0.0001,0.0011,0.0012,0.0001,0.0001
CT006850,Zone_10,Zone_10,0.999,0.0,0.0,0.0,0.0,0.0,0.0,0.0001,0.0001,0.0007,0.999
CT009318,Zone_04,Zone_04,0.9976,0.0001,0.0002,0.0002,0.9976,0.0007,0.0001,0.0004,0.0007,0.0,0.0
CT010170,Zone_03,Zone_03,0.9983,0.0004,0.0005,0.9983,0.0006,0.0001,0.0,0.0,0.0,0.0,0.0
CT002110,Zone_03,Zone_03,0.9978,0.0007,0.0007,0.9978,0.0007,0.0001,0.0,0.0,0.0,0.0,0.0
CT017357,Zone_08,Zone_08,0.7222,0.0,0.0,0.0001,0.0002,0.0001,0.0001,0.2771,0.7222,0.0001,0.0001
CT008989,Zone_02,Zone_02,0.9981,0.0005,0.9981,0.0005,0.0008,0.0001,0.0,0.0,0.0,0.0,0.0
CT013666,Zone_04,Zone_04,0.9987,0.0001,0.0002,0.0002,0.9987,0.0003,0.0002,0.0001,0.0002,0.0,0.0
CT004317,Zone_10,Zone_10,0.9981,0.0,0.0,0.0,0.0,0.0,0.0,0.0002,0.0008,0.0008,0.9981
CT003305,Zone_07,Zone_08,0.6113,0.0,0.0,0.0,0.0001,0.0001,0.0,0.3881,0.6113,0.0001,0.0001
CT005459,Zone_01,Zone_01,0.9982,0.9982,0.0008,0.0006,0.0004,0.0,0.0,0.0,0.0,0.0,0.0
CT007699,Zone_03,Zone_03,0.9982,0.0005,0.0004,0.9982,0.0007,0.0001,0.0,0.0,0.0,0.0,0.0
CT004664,Zone_03,Zone_03,0.9981,0.0004,0.0006,0.9981,0.0008,0.0001,0.0,0.0,0.0,0.0,0.0
CT007153,Zone_09,Zone_09,0.9885,0.0,0.0,0.0001,0.0001,0.0004,0.0005,0.0025,0.0043,0.9885,0.0036
CT010402,Zone_03,Zone_03,0.9981,0.0004,0.0004,0.9981,0.0009,0.0001,0.0,0.0,0.0,0.0,0.0
CT019224,Zone_08,Zone_08,0.676,0.0,0.0,0.0,0.0001,0.0001,0.0,0.3236,0.676,0.0001,0.0001
CT019138,Zone_07,Zone_07,0.9639,0.0,0.0,0.0,0.0003,0.0001,0.0352,0.9639,0.0003,0.0001,0.0
CT018651,Zone_08,Zone_08,0.7123,0.0,0.0,0.0,0.0002,0.0001,0.0003,0.2869,0.7123,0.0001,0.0001
CT010016,Zone_03,Zone_03,0.9982,0.0003,0.0004,0.9982,0.0008,0.0001,0.0,0.0,0.0,0.0,0.0
CT012973,Zone_07,Zone_07,0.9765,0.0,0.0,0.0001,0.0004,0.0002,0.0219,0.9765,0.0007,0.0002,0.0001
CT018737,Zone_01,Zone_01,0.9979,0.9979,0.0008,0.0007,0.0005,0.0,0.0,0.0,0.0,0.0,0.0
CT004555,Zone_04,Zone_04,0.9956,0.0004,0.0008,0.001,0.9956,0.0003,0.0015,0.0002,0.0,0.0001,0.0001
CT003864,Zone_04,Zone_04,0.9967,0.0001,0.0003,0.0004,0.9967,0.0007,0.0013,0.0003,0.0002,0.0,0.0
CT006312,Zone_07,Zone_07,0.9942,0.0,0.0,0.0,0.0002,0.0001,0.0046,0.9942,0.0006,0.0001,0.0
CT005194,Zone_07,Zone_08,0.6326,0.0,0.0,0.0,0.0002,0.0001,0.0001,0.3668,0.6326,0.0001,0.0001
CT016171,Zone_07,Zone_07,0.9852,0.0,0.0,0.0,0.0002,0.0001,0.0012,0.9852,0.0129,0.0002,0.0001
CT004862,Zone_07,Zone_07,0.9,0.0,0.0,0.0001,0.0005,0.0002,0.0982,0.9,0.0006,0.0003,0.0001
CT004187,Zone_03,Zone_03,0.9981,0.0005,0.0005,0.9981,0.0007,0.0001,0.0,0.0,0.0,0.0,0.0
CT015686,Zone_04,Zone_04,0.998,0.0002,0.0004,0.0004,0.998,0.0003,0.0,0.0004,0.0002,0.0001,0.0
CT009539,Zone_07,Zone_08,0.5116,0.0,0.0,0.0001,0.0002,0.0001,0.0,0.4877,0.5116,0.0001,0.0001
CT010516,Zone_01,Zone_01,0.9974,0.9974,0.001,0.0009,0.0007,0.0,0.0,0.0,0.0,0.0,0.0
CT019446,Zone_07,Zone_07,0.8153,0.0,0.0,0.0001,0.0005,0.0005,0.0001,0.8153,0.1832,0.0002,0.0001
CT012605,Zone_01,Zone_01,0.9976,0.9976,0.0009,0.0008,0.0007,0.0,0.0,0.0,0.0,0.0,0.0
CT017579,Zone_08,Zone_08,0.7944,0.0,0.0001,0.0002,0.0007,0.0004,0.0004,0.2032,0.7944,0.0004,0.0002
CT013342,Zone_03,Zone_03,0.9982,0.0005,0.0005,0.9982,0.0006,0.0001,0.0,0.0,0.0,0.0,0.0
CT019056,Zone_07,Zone_07,0.7331,0.0,0.0,0.0001,0.0007,0.0006,0.0001,0.7331,0.2651,0.0002,0.0001
CT001944,Zone_01,Zone_01,0.9977,0.9977,0.001,0.0007,0.0006,0.0,0.0,0.0,0.0,0.0,0.0
CT013824,Zone_07,Zone_07,0.9865,0.0,0.0,0.0001,0.0003,0.0002,0.0114,0.9865,0.0013,0.0002,0.0001
CT007231,Zone_04,Zone_04,0.9978,0.0002,0.0004,0.0004,0.9978,0.0004,0.0001,0.0005,0.0001,0.0001,0.0
CT014288,Zone_03,Zone_03,0.9983,0.0005,0.0005,0.9983,0.0006,0.0001,0.0,0.0,0.0,0.0,0.0
CT013004,Zone_08,Zone_08,0.9968,0.0,0.0,0.0,0.0003,0.0005,0.0002,0.0018,0.9968,0.0002,0.0001
CT015930,Zone_03,Zone_03,0.9977,0.0007,0.0007,0.9977,0.0008,0.0001,0.0,0.0,0.0,0.0,0.0
CT001895,Zone_04,Zone_04,0.9979,0.0001,0.0002,0.0002,0.9979,0.0006,0.0003,0.0004,0.0002,0.0,0.0
CT005329,Zone_08,Zone_08,0.9955,0.0,0.0,0.0001,0.0003,0.0004,0.0003,0.0031,0.9955,0.0002,0.0001
CT016652,Zone_07,Zone_07,0.9966,0.0,0.0,0.0,0.0001,0.0001,0.0012,0.9966,0.002,0.0001,0.0
CT008286,Zone_03,Zone_03,0.9983,0.0004,0.0005,0.9983,0.0007,0.0001,0.0001,0.0,0.0,0.0,0.0
CT006166,Zone_07,Zone_08,0.5483,0.0,0.0,0.0,0.0001,0.0001,0.0,0.4513,0.5483,0.0001,0.0
CT013571,Zone_04,Zone_04,0.9974,0.0001,0.0003,0.0003,0.9974,0.0007,0.0001,0.0007,0.0004,0.0001,0.0
CT007254,Zone_08,Zone_08,0.7231,0.0,0.0,0.0,0.0002,0.0001,0.0001,0.2762,0.7231,0.0001,0.0001
CT000169,Zone_04,Zone_04,0.997,0.0001,0.0002,0.0002,0.997,0.0007,0.0,0.0005,0.0012,0.0,0.0
CT018899,Zone_10,Zone_10,0.9982,0.0,0.0,0.0,0.0,0.0,0.0,0.0003,0.0004,0.0009,0.9982
CT014561,Zone_07,Zone_07,0.6669,0.0,0.0,0.0001,0.0004,0.0006,0.0002,0.6669,0.3314,0.0002,0.0001
CT011948,Zone_08,Zone_08,0.9988,0.0,0.0,0.0,0.0001,0.0002,0.0001,0.0006,0.9988,0.0001,0.0
CT016840,Zone_07,Zone_07,0.9915,0.0,0.0,0.0,0.0003,0.0001,0.0071,0.9915,0.0007,0.0002,0.0
CT005034,Zone_08,Zone_07,0.8039,0.0,0.0,0.0001,0.0004,0.0004,0.0002,0.8039,0.1947,0.0002,0.0001
CT007085,Zone_08,Zone_08,0.7123,0.0,0.0,0.0001,0.0003,0.0002,0.0008,0.2861,0.7123,0.0002,0.0001
CT008774,Zone_07,Zone_07,0.9818,0.0,0.0,0.0,0.0001,0.0001,0.0002,0.9818,0.0176,0.0001,0.0
CT004014,Zone_02,Zone_02,0.9979,0.0007,0.9979,0.0005,0.0008,0.0001,0.0,0.0,0.0,0.0,0.0
CT003695,Zone_08,Zone_07,0.9323,0.0,0.0,0.0001,0.0004,0.0002,0.0003,0.9323,0.0664,0.0002,0.0001
CT001373,Zone_08,Zone_08,0.9993,0.0,0.0,0.0,0.0001,0.0001,0.0,0.0004,0.9993,0.0,0.0
CT014739,Zone_04,Zone_04,0.9973,0.0001,0.0001,0.0002,0.9973,0.0007,0.0,0.0004,0.0011,0.0,0.0
CT006890,Zone_08,Zone_08,0.8305,0.0,0.0,0.0001,0.0002,0.0001,0.0002,0.1685,0.8305,0.0002,0.0001
CT001734,Zone_04,Zone_04,0.9969,0.0004,0.0007,0.001,0.9969,0.0003,0.0,0.0005,0.0001,0.0001,0.0001
CT000523,Zone_03,Zone_03,0.998,0.0005,0.0006,0.998,0.0007,0.0001,0.0,0.0,0.0,0.0,0.0
CT015202,Zone_05,Zone_05,0.9959,0.0,0.0001,0.0001,0.0012,0.9959,0.0003,0.001,0.0012,0.0001,0.0001
CT009236,Zone_04,Zone_04,0.9981,0.0001,0.0003,0.0003,0.9981,0.0003,0.0003,0.0005,0.0001,0.0,0.0
CT008065,Zone_10,Zone_10,0.9986,0.0,0.0,0.0,0.0,0.0,0.0,0.0005,0.0003,0.0006,0.9986
CT011259,Zone_08,Zone_08,0.9968,0.0,0.0,0.0,0.0003,0.0004,0.0001,0.0022,0.9968,0.0001,0.0001
CT007058,Zone_03,Zone_03,0.9982,0.0004,0.0005,0.9982,0.0007,0.0001,0.0001,0.0,0.0,0.0,0.0
CT002319,Zone_08,Zone_08,0.9981,0.0,0.0,0.0,0.0001,0.0002,0.0,0.0014,0.9981,0.0001,0.0
CT015906,Zone_02,Zone_02,0.9978,0.0007,0.9978,0.0006,0.0008,0.0001,0.0,0.0,0.0,0.0,0.0
CT005238,Zone_03,Zone_03,0.9981,0.0005,0.0005,0.9981,0.0007,0.0001,0.0,0.0,0.0,0.0,0.0
CT003120,Zone_04,Zone_04,0.9974,0.0001,0.0004,0.0004,0.9974,0.0004,0.0008,0.0003,0.0002,0.0001,0.0
CT017332,Zone_04,Zone_04,0.9976,0.0001,0.0002,0.0002,0.9976,0.0007,0.0002,0.0007,0.0003,0.0,0.0
CT008307,Zone_07,Zone_08,0.5543,0.0,0.0,0.0001,0.0003,0.0002,0.0003,0.4443,0.5543,0.0002,0.0001
CT000176,Zone_02,Zone_02,0.9979,0.0008,0.9979,0.0005,0.0006,0.0001,0.0,0.0,0.0,0.0,0.0
CT003191,Zone_01,Zone_01,0.9978,0.9978,0.001,0.0007,0.0005,0.0,0.0,0.0,0.0,0.0,0.0
CT002980,Zone_07,Zone_07,0.9958,0.0,0.0,0.0,0.0002,0.0001,0.0033,0.9958,0.0004,0.0001,0.0
CT012239,Zone_10,Zone_10,0.9981,0.0,0.0,0.0,0.0,0.0,0.0,0.0002,0.0006,0.0009,0.9981
CT010213,Zone_02,Zone_02,0.9978,0.0006,0.9978,0.0007,0.0008,0.0001,0.0,0.0,0.0,0.0,0.0
CT016506,Zone_07,Zone_07,0.9941,0.0,0.0,0.0,0.0001,0.0001,0.0003,0.9941,0.0052,0.0001,0.0
CT005173,Zone_07,Zone_07,0.9948,0.0,0.0,0.0,0.0002,0.0001,0.0039,0.9948,0.0007,0.0001,0.0
CT003960,Zone_05,Zone_05,0.9954,0.0,0.0001,0.0001,0.0012,0.9954,0.0002,0.0019,0.0008,0.0001,0.0001
CT013321,Zone_01,Zone_01,0.9979,0.9979,0.0007,0.0007,0.0006,0.0,0.0,0.0,0.0,0.0,0.0
CT015471,Zone_01,Zone_01,0.9985,0.9985,0.0007,0.0005,0.0003,0.0,0.0,0.0,0.0,0.0,0.0
CT012371,Zone_06,Zone_06,0.9985,0.0,0.0,0.0,0.0002,0.0,0.9985,0.0007,0.0004,0.0,0.0
CT002070,Zone_07,Zone_07,0.9166,0.0,0.0,0.0,0.0004,0.0004,0.0001,0.9166,0.0823,0.0002,0.0001
CT011261,Zone_07,Zone_07,0.9519,0.0,0.0,0.0,0.0003,0.0003,0.0002,0.9519,0.0471,0.0001,0.0
CT002322,Zone_02,Zone_02,0.9977,0.0006,0.9977,0.0006,0.001,0.0001,0.0,0.0,0.0,0.0,0.0
CT013048,Zone_08,Zone_08,0.8412,0.0,0.0,0.0,0.0001,0.0001,0.0,0.1584,0.8412,0.0001,0.0001
CT016313,Zone_06,Zone_06,0.9798,0.0,0.0,0.0001,0.0012,0.0003,0.9798,0.016,0.0024,0.0003,0.0
CT010421,Zone_01,Zone_01,0.998,0.998,0.0008,0.0007,0.0005,0.0,0.0,0.0,0.0,0.0,0.0
CT016854,Zone_08,Zone_08,0.6843,0.0,0.0,0.0001,0.0003,0.0002,0.0006,0.3141,0.6843,0.0002,0.0001
CT012747,Zone_07,Zone_07,0.8776,0.0,0.0,0.0,0.0003,0.0001,0.1217,0.8776,0.0001,0.0001,0.0
CT014302,Zone_07,Zone_08,0.6216,0.0,0.0,0.0001,0.0002,0.0001,0.0001,0.3776,0.6216,0.0001,0.0001
CT004088,Zone_08,Zone_08,0.8261,0.0,0.0,0.0,0.0001,0.0001,0.0001,0.1736,0.8261,0.0001,0.0
CT004644,Zone_02,Zone_02,0.9981,0.0007,0.9981,0.0005,0.0006,0.0,0.0,0.0,0.0,0.0,0.0
CT006406,Zone_08,Zone_08,0.7233,0.0,0.0,0.0,0.0001,0.0001,0.0,0.2764,0.7233,0.0001,0.0
CT003727,Zone_10,Zone_10,0.9986,0.0,0.0,0.0,0.0,0.0,0.0,0.0002,0.0004,0.0007,0.9986
CT007704,Zone_08,Zone_08,0.6716,0.0,0.0,0.0001,0.0002,0.0001,0.0001,0.3278,0.6716,0.0001,0.0001
CT006916,Zone_07,Zone_07,0.9899,0.0,0.0,0.0,0.0003,0.0001,0.009,0.9899,0.0005,0.0001,0.0
CT011670,Zone_07,Zone_08,0.5251,0.0,0.0,0.0001,0.0002,0.0001,0.0001,0.4742,0.5251,0.0001,0.0001
CT002490,Zone_08,Zone_08,0.7687,0.0,0.0,0.0,0.0001,0.0001,0.0,0.2308,0.7687,0.0001,0.0001
CT010197,Zone_03,Zone_03,0.9982,0.0005,0.0004,0.9982,0.0007,0.0001,0.0,0.0,0.0,0.0,0.0
CT008100,Zone_10,Zone_10,0.9986,0.0,0.0,0.0,0.0,0.0,0.0,0.0004,0.0002,0.0007,0.9986
CT019757,Zone_03,Zone_03,0.9983,0.0004,0.0005,0.9983,0.0006,0.0001,0.0,0.0,0.0,0.0,0.0
CT011778,Zone_04,Zone_04,0.9981,0.0001,0.0002,0.0002,0.9981,0.0005,0.0001,0.0003,0.0005,0.0,0.0
CT006101,Zone_07,Zone_07,0.953,0.0,0.0,0.0,0.0003,0.0002,0.0002,0.953,0.0461,0.0001,0.0
CT000474,Zone_03,Zone_03,0.9979,0.0005,0.0006,0.9979,0.0008,0.0001,0.0,0.0,0.0,0.0,0.0
CT012953,Zone_04,Zone_04,0.9963,0.0004,0.0007,0.0011,0.9963,0.0003,0.0001,0.0006,0.0002,0.0001,0.0001
CT010257,Zone_07,Zone_07,0.9751,0.0,0.0,0.0,0.0003,0.0001,0.0238,0.9751,0.0005,0.0001,0.0
CT003267,Zone_01,Zone_01,0.9977,0.9977,0.0008,0.0008,0.0006,0.0,0.0,0.0,0.0,0.0,0.0
CT017246,Zone_04,Zone_04,0.9972,0.0001,0.0002,0.0003,0.9972,0.0006,0.0,0.0006,0.001,0.0,0.0
CT015739,Zone_03,Zone_03,0.9978,0.0006,0.0006,0.9978,0.0008,0.0001,0.0,0.0,0.0,0.0,0.0
CT015213,Zone_08,Zone_08,0.9098,0.0,0.0,0.0,0.0001,0.0001,0.0,0.0898,0.9098,0.0001,0.0
CT013225,Zone_08,Zone_08,0.7575,0.0,0.0,0.0,0.0002,0.0001,0.0001,0.242,0.7575,0.0001,0.0001
CT006804,Zone_05,Zone_05,0.9966,0.0,0.0001,0.0001,0.0008,0.9966,0.0001,0.0009,0.0012,0.0001,0.0
CT007304,Zone_08,Zone_08,0.9971,0.0,0.0,0.0,0.0002,0.0003,0.0003,0.0018,0.9971,0.0001,0.0001
CT009292,Zone_07,Zone_07,0.9782,0.0,0.0,0.0001,0.0003,0.0002,0.0205,0.9782,0.0005,0.0002,0.0
CT011993,Zone_07,Zone_07,0.9784,0.0,0.0,0.0001,0.0004,0.0002,0.0198,0.9784,0.0009,0.0002,0.0001
CT012935,Zone_09,Zone_09,0.9895,0.0,0.0001,0.0002,0.0001,0.0004,0.0018,0.0028,0.0016,0.9895,0.0037
CT012298,Zone_02,Zone_02,0.9981,0.0007,0.9981,0.0005,0.0006,0.0001,0.0,0.0,0.0,0.0,0.0
CT015029,Zone_07,Zone_08,0.7036,0.0,0.0,0.0001,0.0003,0.0002,0.0007,0.2945,0.7036,0.0003,0.0002
CT005982,Zone_07,Zone_07,0.7768,0.0,0.0,0.0,0.0004,0.0005,0.0001,0.7768,0.2218,0.0002,0.0001
CT015209,Zone_04,Zone_04,0.9982,0.0,0.0001,0.0001,0.9982,0.0006,0.0,0.0003,0.0006,0.0,0.0
CT004353,Zone_07,Zone_08,0.9191,0.0,0.0,0.0,0.0001,0.0001,0.0,0.0806,0.9191,0.0001,0.0
CT015896,Zone_07,Zone_07,0.9436,0.0,0.0,0.0001,0.0005,0.0003,0.0536,0.9436,0.0016,0.0003,0.0001
CT004904,Zone_07,Zone_07,0.99,0.0,0.0,0.0001,0.0003,0.0002,0.0069,0.99,0.0022,0.0002,0.0001
CT017327,Zone_06,Zone_07,0.8958,0.0,0.0,0.0,0.0003,0.0001,0.1033,0.8958,0.0003,0.0001,0.0
CT006925,Zone_04,Zone_04,0.9976,0.0001,0.0003,0.0003,0.9976,0.0007,0.0002,0.0002,0.0007,0.0,0.0
CT016949,Zone_01,Zone_01,0.998,0.998,0.0008,0.0007,0.0005,0.0,0.0,0.0,0.0,0.0,0.0
CT013803,Zone_03,Zone_03,0.9981,0.0005,0.0005,0.9981,0.0008,0.0001,0.0,0.0,0.0,0.0,0.0
CT018163,Zone_10,Zone_10,0.9987,0.0,0.0,0.0,0.0,0.0,0.0,0.0003,0.0001,0.0007,0.9987
CT010138,Zone_08,Zone_07,0.7203,0.0,0.0,0.0001,0.0002,0.0001,0.0003,0.7203,0.2787,0.0002,0.0001
CT002115,Zone_02,Zone_02,0.998,0.0006,0.998,0.0006,0.0008,0.0001,0.0,0.0,0.0,0.0,0.0
CT011675,Zone_02,Zone_02,0.9976,0.0008,0.9976,0.0007,0.0008,0.0001,0.0,0.0,0.0,0.0,0.0
CT012938,Zone_04,Zone_04,0.9976,0.0001,0.0002,0.0002,0.9976,0.0006,0.0001,0.0003,0.001,0.0,0.0
CT006231,Zone_06,Zone_06,0.9981,0.0,0.0,0.0,0.0002,0.0001,0.9981,0.0012,0.0004,0.0,0.0
CT013934,Zone_08,Zone_08,0.9975,0.0,0.0,0.0,0.0001,0.0002,0.0,0.002,0.9975,0.0001,0.0001
CT019149,Zone_04,Zone_04,0.9979,0.0001,0.0002,0.0002,0.9979,0.0007,0.0001,0.0004,0.0004,0.0,0.0
CT007630,Zone_07,Zone_07,0.976,0.0,0.0,0.0,0.0003,0.0001,0.0231,0.976,0.0003,0.0001,0.0
CT000367,Zone_07,Zone_07,0.9851,0.0,0.0,0.0,0.0002,0.0001,0.0004,0.9851,0.014,0.0001,0.0
CT000429,Zone_02,Zone_02,0.9977,0.0007,0.9977,0.0006,0.0008,0.0001,0.0,0.0,0.0,0.0,0.0
CT013840,Zone_07,Zone_07,0.9204,0.0,0.0,0.0,0.0003,0.0003,0.0001,0.9204,0.0788,0.0001,0.0
CT007482,Zone_06,Zone_06,0.9976,0.0,0.0,0.0,0.0004,0.0001,0.9976,0.0008,0.001,0.0001,0.0
CT012396,Zone_05,Zone_05,0.9959,0.0,0.0001,0.0001,0.001,0.9959,0.0002,0.0005,0.002,0.0001,0.0001
CT003876,Zone_08,Zone_08,0.9975,0.0,0.0,0.0,0.0002,0.0003,0.0001,0.0018,0.9975,0.0001,0.0001
CT004107,Zone_07,Zone_08,0.6838,0.0,0.0,0.0001,0.0003,0.0002,0.0003,0.315,0.6838,0.0002,0.0001
CT004609,Zone_03,Zone_03,0.9981,0.0006,0.0005,0.9981,0.0006,0.0001,0.0,0.0,0.0,0.0,0.0
CT019730,Zone_08,Zone_08,0.8417,0.0,0.0,0.0,0.0001,0.0001,0.0001,0.1579,0.8417,0.0001,0.0
CT005384,Zone_01,Zone_01,0.9981,0.9981,0.0008,0.0007,0.0004,0.0,0.0,0.0,0.0,0.0,0.0
CT014478,Zone_07,Zone_07,0.9954,0.0,0.0,0.0,0.0002,0.0001,0.0034,0.9954,0.0008,0.0001,0.0
CT005160,Zone_04,Zone_04,0.9978,0.0001,0.0004,0.0004,0.9978,0.0004,0.0001,0.0004,0.0003,0.0001,0.0
CT018917,Zone_05,Zone_05,0.9963,0.0,0.0001,0.0002,0.001,0.9963,0.0001,0.0009,0.0012,0.0001,0.0001
CT013908,Zone_08,Zone_08,0.9977,0.0,0.0,0.0,0.0003,0.0004,0.0001,0.0012,0.9977,0.0001,0.0001
CT016425,Zone_07,Zone_08,0.5897,0.0,0.0,0.0,0.0002,0.0001,0.0001,0.4097,0.5897,0.0001,0.0
CT006573,Zone_08,Zone_08,0.7088,0.0,0.0,0.0001,0.0002,0.0001,0.0001,0.2904,0.7088,0.0002,0.0001
CT009051,Zone_03,Zone_03,0.9978,0.0006,0.0006,0.9978,0.0008,0.0001,0.0,0.0,0.0,0.0,0.0
CT004104,Zone_04,Zone_04,0.9981,0.0001,0.0004,0.0004,0.9981,0.0003,0.0004,0.0002,0.0001,0.0,0.0
CT004529,Zone_04,Zone_04,0.9972,0.0003,0.0006,0.0008,0.9972,0.0003,0.0002,0.0003,0.0001,0.0001,0.0001
CT003080,Zone_04,Zone_04,0.9969,0.0004,0.0007,0.0008,0.9969,0.0004,0.0001,0.0004,0.0001,0.0001,0.0001
CT011148,Zone_02,Zone_02,0.9979,0.0007,0.9979,0.0006,0.0007,0.0001,0.0,0.0,0.0,0.0,0.0
CT009496,Zone_03,Zone_03,0.9982,0.0006,0.0005,0.9982,0.0005,0.0001,0.0,0.0,0.0,0.0,0.0
CT018393,Zone_01,Zone_01,0.9979,0.9979,0.0009,0.0006,0.0005,0.0,0.0,0.0,0.0,0.0,0.0
CT007541,Zone_10,Zone_10,0.9988,0.0,0.0,0.0,0.0,0.0,0.0,0.0002,0.0002,0.0007,0.9988
CT003980,Zone_07,Zone_07,0.5693,0.0,0.0,0.0001,0.0002,0.0001,0.0002,0.5693,0.4298,0.0002,0.0001
CT016162,Zone_04,Zone_04,0.9962,0.0005,0.0009,0.001,0.9962,0.0004,0.0002,0.0004,0.0001,0.0001,0.0001
CT005811,Zone_07,Zone_07,0.8796,0.0,0.0,0.0,0.0003,0.0003,0.0,0.8796,0.1196,0.0001,0.0
CT004265,Zone_07,Zone_08,0.5253,0.0,0.0,0.0001,0.0002,0.0001,0.0,0.4741,0.5253,0.0001,0.0001
CT002298,Zone_02,Zone_02,0.9976,0.0009,0.9976,0.0007,0.0007,0.0001,0.0,0.0,0.0,0.0,0.0
CT005476,Zone_03,Zone_03,0.9984,0.0004,0.0005,0.9984,0.0006,0.0001,0.0,0.0,0.0,0.0,0.0
CT000892,Zone_10,Zone_10,0.9989,0.0,0.0,0.0,0.0,0.0,0.0,0.0003,0.0001,0.0006,0.9989
CT007667,Zone_07,Zone_07,0.9826,0.0,0.0,0.0,0.0002,0.0001,0.0006,0.9826,0.0163,0.0001,0.0
CT010793,Zone_07,Zone_07,0.8037,0.0,0.0,0.0001,0.0007,0.0007,0.0012,0.8037,0.1932,0.0002,0.0002
CT013985,Zone_10,Zone_10,0.9984,0.0,0.0,0.0,0.0,0.0,0.0,0.0003,0.0005,0.0007,0.9984
CT003668,Zone_03,Zone_03,0.9982,0.0005,0.0005,0.9982,0.0007,0.0001,0.0,0.0,0.0,0.0,0.0
CT004759,Zone_02,Zone_02,0.9979,0.0006,0.9979,0.0005,0.0008,0.0001,0.0,0.0,0.0,0.0,0.0
CT002621,Zone_07,Zone_07,0.9819,0.0,0.0,0.0001,0.0003,0.0001,0.0165,0.9819,0.0008,0.0002,0.0
CT014877,Zone_06,Zone_06,0.999,0.0,0.0,0.0,0.0001,0.0,0.999,0.0006,0.0002,0.0,0.0
CT008558,Zone_08,Zone_08,0.6784,0.0,0.0,0.0,0.0001,0.0001,0.0001,0.3212,0.6784,0.0001,0.0
CT009183,Zone_08,Zone_08,0.9974,0.0,0.0,0.0,0.0002,0.0003,0.0003,0.0017,0.9974,0.0001,0.0
CT008366,Zone_10,Zone_10,0.9985,0.0,0.0,0.0,0.0,0.0,0.0,0.0004,0.0002,0.0008,0.9985
CT005257,Zone_08,Zone_08,0.5753,0.0,0.0,0.0001,0.0002,0.0001,0.0002,0.424,0.5753,0.0001,0.0001
CT019248,Zone_07,Zone_07,0.743,0.0,0.0,0.0001,0.0005,0.0005,0.0002,0.743,0.2554,0.0002,0.0001
CT010510,Zone_07,Zone_07,0.9656,0.0,0.0,0.0,0.0002,0.0002,0.0005,0.9656,0.0332,0.0002,0.0001
CT016053,Zone_10,Zone_10,0.9987,0.0,0.0,0.0,0.0,0.0,0.0,0.0003,0.0002,0.0007,0.9987
CT001623,Zone_07,Zone_07,0.9961,0.0,0.0,0.0,0.0001,0.0001,0.0011,0.9961,0.0024,0.0001,0.0
CT018389,Zone_07,Zone_07,0.9833,0.0,0.0,0.0,0.0001,0.0001,0.0,0.9833,0.0163,0.0001,0.0
CT008515,Zone_05,Zone_05,0.9962,0.0,0.0001,0.0001,0.0012,0.9962,0.0002,0.0009,0.001,0.0001,0.0001
CT009442,Zone_10,Zone_10,0.9987,0.0,0.0,0.0,0.0,0.0,0.0,0.0003,0.0002,0.0007,0.9987
CT017955,Zone_09,Zone_09,0.9899,0.0,0.0,0.0001,0.0001,0.0003,0.0008,0.0036,0.0018,0.9899,0.0034
CT016258,Zone_03,Zone_03,0.9981,0.0005,0.0005,0.9981,0.0007,0.0001,0.0,0.0,0.0,0.0,0.0
CT018617,Zone_02,Zone_02,0.998,0.0007,0.998,0.0005,0.0007,0.0001,0.0,0.0,0.0,0.0,0.0
CT010955,Zone_06,Zone_06,0.9989,0.0,0.0,0.0,0.0002,0.0,0.9989,0.0007,0.0002,0.0,0.0
CT012905,Zone_03,Zone_03,0.998,0.0006,0.0006,0.998,0.0006,0.0001,0.0,0.0,0.0,0.0,0.0
CT011705,Zone_03,Zone_03,0.998,0.0005,0.0006,0.998,0.0007,0.0001,0.0,0.0,0.0,0.0,0.0
CT009210,Zone_07,Zone_07,0.9893,0.0,0.0,0.0,0.0001,0.0001,0.0,0.9893,0.0104,0.0001,0.0
CT010744,Zone_07,Zone_07,0.9827,0.0,0.0,0.0001,0.0003,0.0002,0.0011,0.9827,0.0151,0.0003,0.0001
CT001575,Zone_03,Zone_03,0.9981,0.0004,0.0004,0.9981,0.0008,0.0001,0.0,0.0,0.0,0.0,0.0
CT009750,Zone_03,Zone_03,0.9978,0.0005,0.0006,0.9978,0.0008,0.0001,0.0,0.0,0.0,0.0,0.0
CT019603,Zone_09,Zone_09,0.9886,0.0,0.0001,0.0001,0.0001,0.0004,0.0002,0.0046,0.0022,0.9886,0.0037
CT017224,Zone_04,Zone_04,0.9976,0.0003,0.0006,0.0006,0.9976,0.0003,0.0001,0.0003,0.0001,0.0001,0.0001
CT003952,Zone_10,Zone_10,0.9986,0.0,0.0,0.0,0.0,0.0,0.0,0.0003,0.0003,0.0007,0.9986
CT002709,Zone_01,Zone_01,0.9975,0.9975,0.0011,0.0008,0.0006,0.0,0.0,0.0,0.0,0.0,0.0
CT017740,Zone_07,Zone_07,0.6976,0.0,0.0,0.0,0.0004,0.0004,0.0001,0.6976,0.3012,0.0002,0.0001
CT004834,Zone_07,Zone_07,0.9844,0.0,0.0,0.0001,0.0003,0.0002,0.0019,0.9844,0.0127,0.0003,0.0001
CT007659,Zone_03,Zone_03,0.9979,0.0005,0.0006,0.9979,0.0008,0.0001,0.0,0.0,0.0,0.0,0.0
CT014138,Zone_10,Zone_10,0.9986,0.0,0.0,0.0,0.0,0.0,0.0,0.0004,0.0002,0.0008,0.9986
CT013936,Zone_08,Zone_08,0.999,0.0,0.0,0.0,0.0001,0.0002,0.0001,0.0004,0.999,0.0001,0.0001
CT010186,Zone_03,Zone_03,0.998,0.0007,0.0006,0.998,0.0006,0.0001,0.0,0.0,0.0,0.0,0.0001
CT001566,Zone_08,Zone_08,0.9991,0.0,0.0,0.0,0.0001,0.0002,0.0001,0.0003,0.9991,0.0001,0.0001
CT006901,Zone_05,Zone_05,0.9951,0.0,0.0001,0.0001,0.0012,0.9951,0.0002,0.0023,0.0007,0.0002,0.0001
CT009170,Zone_04,Zone_04,0.9977,0.0001,0.0004,0.0005,0.9977,0.0004,0.0002,0.0005,0.0001,0.0001,0.0
CT001644,Zone_01,Zone_01,0.9982,0.9982,0.0008,0.0006,0.0004,0.0,0.0,0.0,0.0,0.0,0.0
CT018640,Zone_09,Zone_09,0.9871,0.0,0.0,0.0001,0.0001,0.0004,0.0003,0.0029,0.0063,0.9871,0.0026
CT011698,Zone_07,Zone_07,0.7329,0.0,0.0,0.0,0.0005,0.0005,0.0003,0.7329,0.2654,0.0002,0.0001
CT013858,Zone_04,Zone_04,0.9982,0.0001,0.0002,0.0002,0.9982,0.0006,0.0003,0.0003,0.0002,0.0,0.0
CT008036,Zone_07,Zone_07,0.9788,0.0,0.0,0.0,0.0002,0.0001,0.0202,0.9788,0.0004,0.0001,0.0
CT000620,Zone_02,Zone_02,0.998,0.0006,0.998,0.0005,0.0007,0.0,0.0,0.0,0.0,0.0,0.0
CT005000,Zone_08,Zone_08,0.7485,0.0,0.0,0.0001,0.0002,0.0001,0.0002,0.2506,0.7485,0.0002,0.0001
CT013835,Zone_07,Zone_08,0.6773,0.0,0.0,0.0,0.0002,0.0001,0.0001,0.3221,0.6773,0.0001,0.0001
CT013161,Zone_02,Zone_02,0.9979,0.0008,0.9979,0.0006,0.0006,0.0,0.0,0.0,0.0,0.0,0.0
CT014410,Zone_08,Zone_08,0.7837,0.0,0.0,0.0001,0.0003,0.0002,0.0002,0.2152,0.7837,0.0002,0.0001
CT004673,Zone_02,Zone_02,0.998,0.0007,0.998,0.0006,0.0007,0.0001,0.0,0.0,0.0,0.0,0.0
CT014750,Zone_06,Zone_06,0.9976,0.0,0.0,0.0,0.0002,0.0001,0.9976,0.0017,0.0003,0.0,0.0
CT010241,Zone_04,Zone_04,0.9974,0.0002,0.0005,0.0005,0.9974,0.0004,0.0002,0.0006,0.0001,0.0001,0.0
CT005552,Zone_02,Zone_02,0.9979,0.0006,0.9979,0.0006,0.0008,0.0001,0.0,0.0,0.0,0.0,0.0
CT013890,Zone_03,Zone_03,0.9982,0.0005,0.0005,0.9982,0.0006,0.0001,0.0,0.0,0.0,0.0,0.0
CT009851,Zone_04,Zone_04,0.997,0.0003,0.0007,0.0008,0.997,0.0004,0.0001,0.0004,0.0002,0.0001,0.0001
CT009117,Zone_03,Zone_03,0.9983,0.0004,0.0004,0.9983,0.0008,0.0001,0.0,0.0,0.0,0.0,0.0
CT000914,Zone_10,Zone_10,0.9982,0.0,0.0,0.0,0.0,0.0,0.0,0.0003,0.0005,0.0009,0.9982
CT008781,Zone_07,Zone_08,0.7119,0.0,0.0,0.0001,0.0003,0.0001,0.0004,0.287,0.7119,0.0002,0.0001
CT006854,Zone_08,Zone_08,0.9972,0.0,0.0,0.0,0.0002,0.0003,0.0,0.0021,0.9972,0.0001,0.0001
CT004665,Zone_07,Zone_07,0.6934,0.0,0.0,0.0001,0.0008,0.0007,0.0008,0.6934,0.3037,0.0003,0.0002
CT018249,Zone_06,Zone_06,0.9952,0.0,0.0,0.0,0.0006,0.0002,0.9952,0.0024,0.0016,0.0001,0.0
CT018001,Zone_03,Zone_03,0.9979,0.0006,0.0006,0.9979,0.0007,0.0001,0.0,0.0,0.0,0.0,0.0
CT009980,Zone_03,Zone_03,0.9984,0.0005,0.0005,0.9984,0.0005,0.0001,0.0,0.0,0.0,0.0,0.0
CT013741,Zone_07,Zone_07,0.677,0.0,0.0,0.0001,0.0005,0.0006,0.0001,0.677,0.3213,0.0003,0.0001
CT018776,Zone_08,Zone_08,0.9972,0.0,0.0,0.0,0.0002,0.0003,0.0,0.0021,0.9972,0.0001,0.0001
CT011895,Zone_02,Zone_02,0.9977,0.0008,0.9977,0.0006,0.0008,0.0001,0.0,0.0,0.0,0.0,0.0
CT005849,Zone_03,Zone_03,0.9978,0.0007,0.0006,0.9978,0.0007,0.0001,0.0,0.0,0.0,0.0,0.0
CT014991,Zone_06,Zone_06,0.9881,0.0,0.0,0.0001,0.001,0.0002,0.9881,0.0076,0.0027,0.0002,0.0
CT015678,Zone_02,Zone_02,0.9979,0.0007,0.9979,0.0006,0.0008,0.0001,0.0,0.0,0.0,0.0,0.0
CT006291,Zone_07,Zone_08,0.5289,0.0,0.0,0.0001,0.0003,0.0002,0.0001,0.47,0.5289,0.0002,0.0001
CT004338,Zone_02,Zone_02,0.9977,0.0004,0.9977,0.0006,0.0011,0.0001,0.0,0.0,0.0,0.0,0.0
CT012599,Zone_08,Zone_08,0.7662,0.0,0.0,0.0,0.0002,0.0001,0.0001,0.2333,0.7662,0.0001,0.0001
CT007341,Zone_07,Zone_07,0.8692,0.0,0.0,0.0001,0.0006,0.0005,0.0006,0.8692,0.1288,0.0002,0.0001
CT009705,Zone_04,Zone_04,0.9982,0.0001,0.0004,0.0003,0.9982,0.0003,0.0001,0.0003,0.0002,0.0,0.0
CT003318,Zone_03,Zone_03,0.9983,0.0003,0.0004,0.9983,0.0008,0.0001,0.0,0.0,0.0,0.0,0.0
CT014931,Zone_04,Zone_04,0.9982,0.0001,0.0003,0.0003,0.9982,0.0003,0.0004,0.0002,0.0001,0.0,0.0
CT015194,Zone_04,Zone_04,0.9962,0.0001,0.0003,0.0003,0.9962,0.0003,0.0025,0.0003,0.0,0.0,0.0
CT011100,Zone_08,Zone_08,0.998,0.0,0.0,0.0,0.0002,0.0002,0.0,0.0014,0.998,0.0001,0.0001
CT007927,Zone_01,Zone_01,0.9979,0.9979,0.0009,0.0007,0.0005,0.0,0.0,0.0,0.0,0.0,0.0
CT012374,Zone_02,Zone_02,0.998,0.0006,0.998,0.0005,0.0008,0.0001,0.0,0.0,0.0,0.0,0.0
CT015055,Zone_07,Zone_07,0.9857,0.0,0.0,0.0,0.0002,0.0001,0.0133,0.9857,0.0005,0.0001,0.0
CT006319,Zone_08,Zone_08,0.9987,0.0,0.0,0.0,0.0002,0.0003,0.0001,0.0006,0.9987,0.0001,0.0001
CT003115,Zone_08,Zone_08,0.9986,0.0,0.0,0.0,0.0001,0.0002,0.0,0.0009,0.9986,0.0001,0.0001
CT014272,Zone_07,Zone_07,0.9854,0.0,0.0,0.0,0.0002,0.0001,0.0002,0.9854,0.0138,0.0002,0.0
CT016088,Zone_02,Zone_02,0.998,0.0006,0.998,0.0005,0.0008,0.0,0.0,0.0,0.0,0.0,0.0
CT008715,Zone_02,Zone_02,0.9976,0.0007,0.9976,0.0007,0.0009,0.0001,0.0,0.0,0.0,0.0,0.0
CT005403,Zone_05,Zone_05,0.9953,0.0,0.0001,0.0001,0.0013,0.9953,0.0001,0.0019,0.0008,0.0002,0.0001
CT001118,Zone_07,Zone_07,0.9842,0.0,0.0,0.0,0.0002,0.0002,0.001,0.9842,0.014,0.0002,0.0001
CT014203,Zone_07,Zone_07,0.813,0.0,0.0,0.0001,0.0005,0.0002,0.185,0.813,0.0008,0.0003,0.0001
CT013603,Zone_08,Zone_08,0.9979,0.0,0.0,0.0,0.0002,0.0002,0.0,0.0015,0.9979,0.0001,0.0001
CT017056,Zone_01,Zone_01,0.9976,0.9976,0.001,0.0007,0.0006,0.0,0.0,0.0,0.0,0.0,0.0
CT002208,Zone_08,Zone_08,0.9994,0.0,0.0,0.0,0.0001,0.0001,0.0,0.0003,0.9994,0.0,0.0
CT006221,Zone_08,Zone_08,0.9984,0.0,0.0,0.0,0.0002,0.0002,0.0001,0.0009,0.9984,0.0001,0.0001
CT019685,Zone_08,Zone_08,0.9972,0.0,0.0,0.0,0.0003,0.0004,0.0002,0.0016,0.9972,0.0002,0.0001
CT003530,Zone_08,Zone_08,0.9989,0.0,0.0,0.0,0.0001,0.0001,0.0,0.0008,0.9989,0.0,0.0
CT015892,Zone_08,Zone_08,0.8299,0.0,0.0,0.0,0.0001,0.0001,0.0,0.1698,0.8299,0.0001,0.0
CT009276,Zone_02,Zone_02,0.9981,0.0006,0.9981,0.0005,0.0007,0.0001,0.0,0.0,0.0,0.0,0.0
CT011499,Zone_07,Zone_07,0.9249,0.0,0.0,0.0001,0.0009,0.0005,0.0055,0.9249,0.0679,0.0002,0.0001
CT005250,Zone_07,Zone_07,0.9887,0.0,0.0,0.0,0.0002,0.0001,0.0106,0.9887,0.0002,0.0001,0.0
CT000830,Zone_04,Zone_04,0.9973,0.0004,0.0008,0.0008,0.9973,0.0003,0.0001,0.0002,0.0001,0.0001,0.0001
CT019390,Zone_04,Zone_04,0.998,0.0001,0.0002,0.0002,0.998,0.0007,0.0001,0.0004,0.0003,0.0,0.0
CT014381,Zone_07,Zone_07,0.8957,0.0,0.0,0.0,0.0004,0.0003,0.0001,0.8957,0.1032,0.0002,0.0001
CT016812,Zone_10,Zone_10,0.999,0.0,0.0,0.0,0.0,0.0,0.0,0.0002,0.0002,0.0005,0.999
CT008883,Zone_07,Zone_08,0.6404,0.0,0.0,0.0001,0.0002,0.0001,0.0001,0.3588,0.6404,0.0001,0.0001
CT013493,Zone_07,Zone_07,0.8624,0.0,0.0,0.0001,0.0005,0.0002,0.1357,0.8624,0.0007,0.0003,0.0001
CT019104,Zone_08,Zone_08,0.7187,0.0,0.0,0.0,0.0001,0.0001,0.0,0.2809,0.7187,0.0001,0.0
CT011223,Zone_02,Zone_02,0.9977,0.0008,0.9977,0.0007,0.0007,0.0001,0.0,0.0,0.0,0.0,0.0
CT014474,Zone_02,Zone_02,0.9978,0.0007,0.9978,0.0006,0.0009,0.0,0.0,0.0,0.0,0.0,0.0
CT015843,Zone_08,Zone_08,0.9981,0.0,0.0,0.0,0.0001,0.0002,0.0,0.0014,0.9981,0.0001,0.0001
CT014644,Zone_07,Zone_08,0.8205,0.0,0.0,0.0,0.0002,0.0001,0.0002,0.1788,0.8205,0.0001,0.0001
CT005539,Zone_05,Zone_05,0.9953,0.0,0.0001,0.0002,0.001,0.9953,0.0001,0.0014,0.0017,0.0002,0.0001
CT011815,Zone_08,Zone_08,0.9993,0.0,0.0,0.0,0.0001,0.0001,0.0,0.0004,0.9993,0.0,0.0
CT001953,Zone_07,Zone_07,0.9949,0.0,0.0,0.0,0.0001,0.0,0.0,0.9949,0.0049,0.0,0.0
CT010789,Zone_02,Zone_02,0.9979,0.0008,0.9979,0.0005,0.0007,0.0001,0.0,0.0,0.0,0.0,0.0
CT012997,Zone_07,Zone_07,0.9826,0.0,0.0,0.0,0.0003,0.0001,0.0163,0.9826,0.0004,0.0001,0.0
CT015999,Zone_07,Zone_07,0.9954,0.0,0.0,0.0,0.0001,0.0001,0.0003,0.9954,0.0039,0.0001,0.0
CT017662,Zone_01,Zone_01,0.998,0.998,0.0009,0.0007,0.0004,0.0,0.0,0.0,0.0,0.0,0.0
CT012662,Zone_04,Zone_04,0.9981,0.0001,0.0002,0.0002,0.9981,0.0006,0.0001,0.0003,0.0003,0.0,0.0
CT014464,Zone_04,Zone_04,0.9974,0.0003,0.0007,0.0007,0.9974,0.0003,0.0001,0.0002,0.0001,0.0001,0.0001
CT003915,Zone_05,Zone_05,0.9964,0.0,0.0001,0.0001,0.001,0.9964,0.0003,0.0006,0.0013,0.0001,0.0001
CT003849,Zone_04,Zone_04,0.9967,0.0004,0.0007,0.0009,0.9967,0.0003,0.0003,0.0006,0.0,0.0001,0.0001
CT009762,Zone_02,Zone_02,0.998,0.0006,0.998,0.0006,0.0008,0.0,0.0,0.0,0.0,0.0,0.0
CT015372,Zone_02,Zone_02,0.998,0.0006,0.998,0.0006,0.0007,0.0001,0.0,0.0,0.0,0.0,0.0
CT000282,Zone_01,Zone_01,0.998,0.998,0.0009,0.0006,0.0004,0.0,0.0,0.0,0.0,0.0,0.0
CT014007,Zone_07,Zone_07,0.9607,0.0,0.0,0.0001,0.0004,0.0002,0.0376,0.9607,0.0007,0.0002,0.0001
CT011393,Zone_08,Zone_08,0.8251,0.0,0.0,0.0,0.0001,0.0001,0.0001,0.1744,0.8251,0.0001,0.0001
CT017804,Zone_07,Zone_08,0.5787,0.0,0.0,0.0001,0.0003,0.0001,0.0001,0.4204,0.5787,0.0002,0.0001
CT016247,Zone_07,Zone_07,0.901,0.0,0.0,0.0,0.0003,0.0003,0.0,0.901,0.0982,0.0001,0.0
CT011302,Zone_10,Zone_10,0.9988,0.0,0.0,0.0,0.0,0.0,0.0,0.0002,0.0002,0.0006,0.9988
CT016546,Zone_08,Zone_08,0.9921,0.0,0.0,0.0001,0.0006,0.0008,0.0014,0.0045,0.9921,0.0003,0.0002
CT007929,Zone_02,Zone_02,0.9976,0.0007,0.9976,0.0007,0.0009,0.0001,0.0,0.0,0.0,0.0,0.0
CT018385,Zone_08,Zone_08,0.6014,0.0,0.0,0.0001,0.0003,0.0001,0.0001,0.3976,0.6014,0.0002,0.0001
CT005206,Zone_02,Zone_02,0.9976,0.0008,0.9976,0.0007,0.0008,0.0001,0.0,0.0,0.0,0.0,0.0
CT017922,Zone_06,Zone_06,0.9984,0.0,0.0,0.0,0.0002,0.0,0.9984,0.0009,0.0005,0.0,0.0
CT013621,Zone_07,Zone_08,0.5407,0.0,0.0,0.0001,0.0002,0.0001,0.0001,0.4585,0.5407,0.0002,0.0001
CT017269,Zone_07,Zone_07,0.9928,0.0,0.0,0.0,0.0001,0.0001,0.0002,0.9928,0.0067,0.0001,0.0
CT013140,Zone_07,Zone_07,0.9715,0.0,0.0,0.0,0.0002,0.0001,0.0278,0.9715,0.0002,0.0001,0.0
CT012218,Zone_04,Zone_04,0.9969,0.0001,0.0002,0.0002,0.9969,0.0006,0.0,0.0006,0.0013,0.0,0.0
CT000827,Zone_08,Zone_08,0.7809,0.0,0.0,0.0,0.0001,0.0001,0.0,0.2187,0.7809,0.0001,0.0
CT011791,Zone_07,Zone_08,0.7201,0.0,0.0,0.0001,0.0001,0.0001,0.0,0.2793,0.7201,0.0001,0.0001
CT011106,Zone_01,Zone_01,0.9977,0.9977,0.0009,0.0008,0.0005,0.0,0.0,0.0,0.0,0.0,0.0
CT010885,Zone_06,Zone_06,0.9899,0.0,0.0,0.0001,0.001,0.0003,0.9899,0.0062,0.0024,0.0001,0.0
CT013330,Zone_07,Zone_07,0.9002,0.0,0.0,0.0,0.0003,0.0003,0.0001,0.9002,0.0989,0.0002,0.0001
CT004583,Zone_07,Zone_07,0.9234,0.0,0.0,0.0001,0.0008,0.0004,0.0725,0.9234,0.0023,0.0004,0.0001
CT014788,Zone_07,Zone_07,0.9767,0.0,0.0,0.0001,0.0004,0.0002,0.0214,0.9767,0.001,0.0002,0.0001
CT001300,Zone_05,Zone_05,0.9947,0.0,0.0001,0.0001,0.0014,0.9947,0.0001,0.0019,0.0016,0.0001,0.0
CT011782,Zone_07,Zone_07,0.7105,0.0,0.0,0.0,0.0003,0.0004,0.0001,0.7105,0.2885,0.0002,0.0001
CT009150,Zone_03,Zone_03,0.9983,0.0005,0.0005,0.9983,0.0006,0.0001,0.0,0.0,0.0,0.0,0.0
CT007601,Zone_09,Zone_09,0.9908,0.0,0.0,0.0002,0.0001,0.0003,0.0003,0.0034,0.0016,0.9908,0.0031
CT014107,Zone_07,Zone_07,0.9824,0.0,0.0,0.0,0.0002,0.0001,0.0003,0.9824,0.0168,0.0001,0.0
CT013183,Zone_03,Zone_03,0.9979,0.0005,0.0006,0.9979,0.0008,0.0001,0.0,0.0,0.0,0.0,0.0
CT002945,Zone_04,Zone_04,0.9975,0.0001,0.0003,0.0004,0.9975,0.0003,0.0011,0.0002,0.0001,0.0,0.0
CT011594,Zone_08,Zone_08,0.5633,0.0,0.0,0.0001,0.0003,0.0002,0.0003,0.4355,0.5633,0.0002,0.0001
CT017406,Zone_07,Zone_08,0.6695,0.0,0.0,0.0,0.0002,0.0001,0.0,0.33,0.6695,0.0001,0.0
CT010579,Zone_04,Zone_04,0.997,0.0004,0.0008,0.0008,0.997,0.0003,0.0002,0.0003,0.0001,0.0001,0.0001
CT013916,Zone_08,Zone_08,0.8646,0.0,0.0,0.0,0.0002,0.0001,0.0001,0.1347,0.8646,0.0001,0.0001
CT010180,Zone_08,Zone_08,0.6297,0.0,0.0,0.0001,0.0003,0.0002,0.0004,0.3687,0.6297,0.0003,0.0002
CT017695,Zone_08,Zone_08,0.9989,0.0,0.0,0.0,0.0001,0.0002,0.0,0.0007,0.9989,0.0001,0.0
CT017177,Zone_07,Zone_08,0.7078,0.0,0.0,0.0,0.0001,0.0001,0.0,0.2916,0.7078,0.0001,0.0001
CT016847,Zone_04,Zone_04,0.9971,0.0003,0.0007,0.0007,0.9971,0.0003,0.0,0.0006,0.0001,0.0001,0.0001
CT013733,Zone_08,Zone_08,0.9966,0.0,0.0,0.0001,0.0003,0.0005,0.0004,0.0018,0.9966,0.0002,0.0002
CT018926,Zone_01,Zone_01,0.9975,0.9975,0.001,0.0007,0.0007,0.0,0.0,0.0,0.0,0.0,0.0
CT018565,Zone_07,Zone_08,0.6243,0.0,0.0,0.0001,0.0002,0.0002,0.0002,0.3746,0.6243,0.0002,0.0001
CT001890,Zone_08,Zone_08,0.9955,0.0,0.0,0.0,0.0002,0.0004,0.0001,0.0035,0.9955,0.0002,0.0001
CT004084,Zone_04,Zone_04,0.9982,0.0001,0.0004,0.0004,0.9982,0.0004,0.0002,0.0003,0.0001,0.0,0.0
CT004692,Zone_04,Zone_04,0.9967,0.0005,0.0008,0.0009,0.9967,0.0004,0.0003,0.0002,0.0001,0.0001,0.0001
CT006765,Zone_04,Zone_04,0.9976,0.0001,0.0002,0.0002,0.9976,0.0007,0.0003,0.0003,0.0005,0.0,0.0
CT005661,Zone_08,Zone_08,0.9914,0.0,0.0,0.0001,0.0006,0.0007,0.0023,0.0046,0.9914,0.0002,0.0001
CT013626,Zone_07,Zone_08,0.5319,0.0,0.0,0.0001,0.0002,0.0002,0.0004,0.4668,0.5319,0.0002,0.0001
CT000475,Zone_04,Zone_04,0.9979,0.0002,0.0004,0.0005,0.9979,0.0004,0.0002,0.0003,0.0002,0.0001,0.0
CT007821,Zone_08,Zone_08,0.7372,0.0,0.0,0.0,0.0001,0.0001,0.0,0.2624,0.7372,0.0001,0.0001
CT011650,Zone_07,Zone_07,0.9633,0.0,0.0,0.0001,0.0007,0.0003,0.0325,0.9633,0.0027,0.0003,0.0001
CT007071,Zone_08,Zone_07,0.7371,0.0,0.0,0.0001,0.0003,0.0002,0.0023,0.7371,0.2597,0.0002,0.0001
CT000127,Zone_04,Zone_04,0.9978,0.0001,0.0002,0.0002,0.9978,0.0008,0.0001,0.0006,0.0003,0.0,0.0
CT006190,Zone_07,Zone_08,0.5245,0.0,0.0,0.0001,0.0002,0.0001,0.0002,0.4746,0.5245,0.0002,0.0001
CT019805,Zone_02,Zone_02,0.9978,0.0008,0.9978,0.0007,0.0006,0.0001,0.0,0.0,0.0,0.0,0.0
CT006969,Zone_08,Zone_08,0.8352,0.0,0.0,0.0,0.0001,0.0001,0.0001,0.1643,0.8352,0.0001,0.0001
CT007502,Zone_07,Zone_08,0.6993,0.0,0.0,0.0001,0.0001,0.0001,0.0,0.3002,0.6993,0.0001,0.0001
CT014095,Zone_02,Zone_02,0.9982,0.0007,0.9982,0.0005,0.0005,0.0,0.0,0.0,0.0,0.0,0.0
CT007831,Zone_10,Zone_10,0.9982,0.0,0.0,0.0,0.0,0.0,0.0,0.0004,0.0005,0.0007,0.9982
CT009264,Zone_07,Zone_07,0.9799,0.0,0.0,0.0,0.0003,0.0001,0.0186,0.9799,0.0009,0.0001,0.0
CT004763,Zone_06,Zone_06,0.9976,0.0,0.0,0.0,0.0003,0.0001,0.9976,0.0013,0.0007,0.0001,0.0
CT018894,Zone_03,Zone_03,0.9979,0.0005,0.0006,0.9979,0.0008,0.0001,0.0,0.0,0.0,0.0,0.0
CT007606,Zone_10,Zone_10,0.9988,0.0,0.0,0.0,0.0,0.0,0.0,0.0002,0.0002,0.0006,0.9988
CT001929,Zone_02,Zone_02,0.9981,0.0007,0.9981,0.0005,0.0007,0.0,0.0,0.0,0.0,0.0,0.0
CT004052,Zone_07,Zone_07,0.6057,0.0,0.0,0.0001,0.0002,0.0001,0.0001,0.6057,0.3936,0.0002,0.0001
CT005673,Zone_05,Zone_05,0.9957,0.0,0.0001,0.0002,0.0012,0.9957,0.0002,0.0017,0.0008,0.0002,0.0001
CT004100,Zone_06,Zone_06,0.996,0.0,0.0,0.0,0.0005,0.0001,0.996,0.0018,0.0014,0.0001,0.0
CT009828,Zone_08,Zone_08,0.9965,0.0,0.0,0.0,0.0002,0.0004,0.0001,0.0026,0.9965,0.0001,0.0001
CT001093,Zone_04,Zone_04,0.9982,0.0001,0.0003,0.0004,0.9982,0.0003,0.0001,0.0003,0.0002,0.0,0.0
CT012879,Zone_08,Zone_08,0.7482,0.0,0.0,0.0,0.0001,0.0001,0.0,0.2514,0.7482,0.0001,0.0
CT007871,Zone_02,Zone_02,0.9979,0.0006,0.9979,0.0006,0.0008,0.0001,0.0,0.0,0.0,0.0,0.0
CT019270,Zone_02,Zone_02,0.9979,0.0007,0.9979,0.0006,0.0008,0.0001,0.0,0.0,0.0,0.0,0.0
CT017181,Zone_08,Zone_07,0.5049,0.0,0.0,0.0001,0.0003,0.0002,0.0002,0.5049,0.4941,0.0002,0.0001
CT007825,Zone_10,Zone_10,0.9988,0.0,0.0,0.0,0.0,0.0,0.0,0.0002,0.0002,0.0007,0.9988
CT007398,Zone_04,Zone_04,0.9975,0.0001,0.0002,0.0002,0.9975,0.0008,0.0001,0.0007,0.0004,0.0,0.0
CT009712,Zone_08,Zone_08,0.998,0.0,0.0,0.0,0.0002,0.0003,0.0001,0.0013,0.998,0.0001,0.0001
CT004523,Zone_07,Zone_07,0.9871,0.0,0.0,0.0,0.0002,0.0001,0.0005,0.9871,0.0119,0.0002,0.0
CT017063,Zone_07,Zone_07,0.9886,0.0,0.0,0.0,0.0002,0.0002,0.0005,0.9886,0.0102,0.0002,0.0001
CT012709,Zone_04,Zone_04,0.9975,0.0001,0.0002,0.0002,0.9975,0.0006,0.0001,0.0009,0.0004,0.0,0.0
CT019406,Zone_07,Zone_07,0.9951,0.0,0.0,0.0,0.0002,0.0001,0.004,0.9951,0.0004,0.0001,0.0
CT010725,Zone_10,Zone_10,0.9985,0.0,0.0,0.0,0.0,0.0,0.0,0.0004,0.0002,0.0008,0.9985
CT016794,Zone_08,Zone_08,0.8137,0.0,0.0,0.0001,0.0003,0.0002,0.0004,0.185,0.8137,0.0002,0.0001
CT015767,Zone_02,Zone_02,0.9976,0.0008,0.9976,0.0006,0.0008,0.0001,0.0,0.0,0.0,0.0,0.0
CT011562,Zone_07,Zone_08,0.5695,0.0,0.0,0.0,0.0004,0.0005,0.0001,0.4293,0.5695,0.0002,0.0001
CT005392,Zone_05,Zone_05,0.9958,0.0,0.0001,0.0002,0.0011,0.9958,0.0001,0.001,0.0016,0.0001,0.0001
CT007647,Zone_02,Zone_02,0.9977,0.0007,0.9977,0.0007,0.0009,0.0001,0.0,0.0,0.0,0.0,0.0
CT014945,Zone_07,Zone_07,0.9955,0.0,0.0,0.0,0.0001,0.0,0.0,0.9955,0.0043,0.0,0.0
CT006576,Zone_07,Zone_08,0.8134,0.0,0.0,0.0,0.0001,0.0001,0.0,0.1861,0.8134,0.0001,0.0001
CT015207,Zone_08,Zone_08,0.7414,0.0,0.0,0.0001,0.0001,0.0001,0.0,0.258,0.7414,0.0001,0.0001
CT010223,Zone_08,Zone_08,0.8013,0.0,0.0,0.0,0.0002,0.0001,0.0001,0.1981,0.8013,0.0001,0.0001
CT013738,Zone_05,Zone_05,0.9951,0.0,0.0001,0.0001,0.0011,0.9951,0.0002,0.0013,0.0018,0.0001,0.0001
CT015380,Zone_07,Zone_07,0.9836,0.0,0.0,0.0001,0.0004,0.0002,0.0147,0.9836,0.0009,0.0002,0.0001
CT019799,Zone_07,Zone_08,0.5999,0.0,0.0,0.0,0.0001,0.0001,0.0,0.3996,0.5999,0.0001,0.0001
CT019863,Zone_07,Zone_07,0.9837,0.0,0.0,0.0,0.0003,0.0002,0.0149,0.9837,0.0008,0.0001,0.0
CT009575,Zone_02,Zone_02,0.9981,0.0007,0.9981,0.0005,0.0006,0.0001,0.0,0.0,0.0,0.0,0.0
CT004557,Zone_07,Zone_07,0.9929,0.0,0.0,0.0,0.0002,0.0001,0.0016,0.9929,0.005,0.0001,0.0
CT014193,Zone_08,Zone_08,0.5887,0.0,0.0001,0.0001,0.0003,0.0002,0.0005,0.4095,0.5887,0.0003,0.0002
CT014899,Zone_02,Zone_02,0.9979,0.0007,0.9979,0.0006,0.0008,0.0,0.0,0.0,0.0,0.0,0.0
CT015788,Zone_04,Zone_04,0.9977,0.0001,0.0002,0.0002,0.9977,0.0006,0.0003,0.0006,0.0003,0.0,0.0
CT008060,Zone_07,Zone_07,0.9765,0.0,0.0,0.0001,0.0003,0.0002,0.0223,0.9765,0.0005,0.0002,0.0
CT016153,Zone_05,Zone_05,0.9952,0.0,0.0001,0.0001,0.001,0.9952,0.0001,0.0013,0.0021,0.0001,0.0001
CT017364,Zone_03,Zone_03,0.998,0.0005,0.0005,0.998,0.0008,0.0001,0.0,0.0,0.0,0.0,0.0
CT008191,Zone_08,Zone_08,0.7778,0.0,0.0,0.0,0.0001,0.0001,0.0,0.2217,0.7778,0.0001,0.0
CT003953,Zone_10,Zone_10,0.9986,0.0,0.0,0.0,0.0,0.0,0.0,0.0004,0.0002,0.0007,0.9986
CT014511,Zone_10,Zone_10,0.9986,0.0,0.0,0.0,0.0,0.0,0.0,0.0003,0.0002,0.0008,0.9986
CT012476,Zone_07,Zone_07,0.5497,0.0,0.0,0.0001,0.0002,0.0001,0.0001,0.5497,0.4495,0.0001,0.0001
CT013289,Zone_08,Zone_07,0.7456,0.0,0.0,0.0,0.0004,0.0005,0.0002,0.7456,0.253,0.0002,0.0001
CT008490,Zone_07,Zone_08,0.7381,0.0,0.0,0.0,0.0001,0.0001,0.0,0.2614,0.7381,0.0001,0.0001
CT006762,Zone_07,Zone_08,0.5682,0.0,0.0,0.0,0.0002,0.0001,0.0,0.4313,0.5682,0.0001,0.0001
CT016792,Zone_07,Zone_07,0.8501,0.0,0.0,0.0,0.0003,0.0003,0.0001,0.8501,0.149,0.0001,0.0001
CT015622,Zone_08,Zone_08,0.9965,0.0,0.0,0.0,0.0002,0.0003,0.0001,0.0026,0.9965,0.0001,0.0001
CT003614,Zone_06,Zone_06,0.9918,0.0,0.0,0.0,0.0008,0.0002,0.9918,0.0056,0.0014,0.0001,0.0
CT002910,Zone_07,Zone_07,0.8916,0.0,0.0,0.0,0.0005,0.0006,0.0005,0.8916,0.1063,0.0002,0.0001
CT009608,Zone_08,Zone_07,0.8709,0.0,0.0,0.0,0.0003,0.0003,0.0001,0.8709,0.1281,0.0002,0.0001
CT006538,Zone_08,Zone_08,0.864,0.0,0.0,0.0001,0.0002,0.0001,0.0003,0.1349,0.864,0.0002,0.0001
CT016490,Zone_05,Zone_05,0.9958,0.0,0.0001,0.0001,0.0011,0.9958,0.0002,0.0017,0.0007,0.0001,0.0001
CT000762,Zone_03,Zone_03,0.9978,0.0005,0.0006,0.9978,0.001,0.0001,0.0,0.0,0.0,0.0,0.0
CT001583,Zone_08,Zone_08,0.9939,0.0,0.0,0.0001,0.0006,0.0007,0.0006,0.0038,0.9939,0.0002,0.0002
CT005800,Zone_05,Zone_05,0.9961,0.0,0.0001,0.0001,0.001,0.9961,0.0003,0.0013,0.001,0.0001,0.0001
CT011000,Zone_06,Zone_06,0.9867,0.0,0.0,0.0001,0.0011,0.0004,0.9867,0.0066,0.0048,0.0002,0.0
CT018448,Zone_02,Zone_02,0.9977,0.0007,0.9977,0.0007,0.0009,0.0001,0.0,0.0,0.0,0.0,0.0
CT011783,Zone_07,Zone_07,0.9197,0.0,0.0,0.0,0.0003,0.0003,0.0001,0.9197,0.0793,0.0001,0.0001
CT005178,Zone_02,Zone_02,0.9979,0.0005,0.9979,0.0006,0.0008,0.0001,0.0,0.0,0.0,0.0,0.0
CT004179,Zone_08,Zone_07,0.5832,0.0,0.0,0.0001,0.0002,0.0001,0.0003,0.5832,0.4159,0.0002,0.0001
CT009446,Zone_04,Zone_04,0.9983,0.0001,0.0003,0.0003,0.9983,0.0003,0.0005,0.0001,0.0001,0.0,0.0
CT012633,Zone_10,Zone_10,0.9987,0.0,0.0,0.0,0.0,0.0,0.0,0.0002,0.0002,0.0007,0.9987
CT018063,Zone_07,Zone_07,0.9869,0.0,0.0,0.0,0.0003,0.0002,0.0114,0.9869,0.001,0.0002,0.0
CT015574,Zone_07,Zone_07,0.9899,0.0,0.0,0.0,0.0001,0.0001,0.0002,0.9899,0.0094,0.0001,0.0001
CT002437,Zone_08,Zone_08,0.603,0.0,0.0,0.0001,0.0003,0.0002,0.0001,0.3959,0.603,0.0002,0.0001
CT000744,Zone_02,Zone_02,0.998,0.0006,0.998,0.0006,0.0007,0.0001,0.0,0.0,0.0,0.0,0.0
CT003333,Zone_02,Zone_02,0.9976,0.0008,0.9976,0.0007,0.0007,0.0001,0.0,0.0,0.0,0.0,0.0
CT014192,Zone_07,Zone_07,0.9683,0.0,0.0,0.0,0.0002,0.0001,0.0001,0.9683,0.0309,0.0002,0.0001
CT019305,Zone_10,Zone_10,0.9986,0.0,0.0,0.0,0.0,0.0,0.0,0.0002,0.0001,0.0008,0.9986
CT016161,Zone_01,Zone_01,0.9977,0.9977,0.0009,0.0008,0.0006,0.0,0.0,0.0,0.0,0.0,0.0
CT000042,Zone_07,Zone_07,0.9775,0.0,0.0,0.0001,0.0003,0.0002,0.0211,0.9775,0.0006,0.0002,0.0001
CT002414,Zone_07,Zone_07,0.9374,0.0,0.0,0.0001,0.0005,0.0005,0.0008,0.9374,0.0603,0.0002,0.0001
CT006874,Zone_04,Zone_04,0.9978,0.0001,0.0003,0.0003,0.9978,0.0006,0.0001,0.0002,0.0006,0.0,0.0
CT018070,Zone_04,Zone_04,0.9977,0.0002,0.0005,0.0006,0.9977,0.0002,0.0001,0.0004,0.0001,0.0001,0.0001
CT016879,Zone_04,Zone_04,0.998,0.0002,0.0005,0.0004,0.998,0.0003,0.0002,0.0003,0.0001,0.0,0.0
CT013923,Zone_08,Zone_08,0.9983,0.0,0.0,0.0,0.0001,0.0001,0.0,0.0013,0.9983,0.0001,0.0
CT013159,Zone_07,Zone_07,0.9865,0.0,0.0,0.0,0.0003,0.0001,0.0124,0.9865,0.0005,0.0001,0.0
CT012257,Zone_07,Zone_07,0.522,0.0,0.0,0.0,0.0001,0.0001,0.0,0.522,0.4775,0.0001,0.0001
CT007638,Zone_10,Zone_10,0.9984,0.0,0.0,0.0,0.0,0.0,0.0,0.0004,0.0003,0.0008,0.9984
CT006918,Zone_07,Zone_07,0.7615,0.0,0.0,0.0001,0.0003,0.0001,0.001,0.7615,0.2366,0.0002,0.0001
CT019175,Zone_06,Zone_06,0.9994,0.0,0.0,0.0,0.0001,0.0,0.9994,0.0004,0.0,0.0,0.0
CT014715,Zone_08,Zone_08,0.8357,0.0,0.0,0.0001,0.0001,0.0001,0.0001,0.1637,0.8357,0.0001,0.0001
CT013729,Zone_02,Zone_02,0.998,0.0007,0.998,0.0006,0.0007,0.0001,0.0,0.0,0.0,0.0,0.0
CT009237,Zone_05,Zone_05,0.9962,0.0,0.0001,0.0002,0.001,0.9962,0.0002,0.0014,0.0007,0.0001,0.0001
CT016400,Zone_07,Zone_07,0.9578,0.0,0.0,0.0001,0.0003,0.0003,0.0002,0.9578,0.041,0.0002,0.0001
CT006314,Zone_03,Zone_03,0.9981,0.0005,0.0005,0.9981,0.0007,0.0001,0.0,0.0,0.0,0.0,0.0
CT007258,Zone_06,Zone_06,0.995,0.0,0.0,0.0,0.0006,0.0001,0.995,0.0029,0.0012,0.0001,0.0
CT003675,Zone_07,Zone_07,0.9823,0.0,0.0,0.0,0.0001,0.0001,0.0005,0.9823,0.0167,0.0002,0.0001
CT005919,Zone_07,Zone_07,0.9793,0.0,0.0,0.0,0.0002,0.0001,0.0198,0.9793,0.0003,0.0001,0.0
CT002659,Zone_03,Zone_03,0.9979,0.0006,0.0006,0.9979,0.0008,0.0001,0.0,0.0,0.0,0.0,0.0
CT007939,Zone_01,Zone_01,0.9979,0.9979,0.001,0.0006,0.0005,0.0,0.0,0.0,0.0,0.0,0.0
CT012516,Zone_07,Zone_07,0.9912,0.0,0.0,0.0,0.0001,0.0001,0.0002,0.9912,0.0082,0.0001,0.0
CT005343,Zone_07,Zone_07,0.9704,0.0,0.0,0.0,0.0002,0.0001,0.029,0.9704,0.0002,0.0001,0.0
CT018366,Zone_05,Zone_05,0.9954,0.0,0.0001,0.0002,0.0011,0.9954,0.0002,0.001,0.0017,0.0001,0.0001
CT008084,Zone_07,Zone_07,0.8139,0.0,0.0,0.0,0.0002,0.0002,0.0,0.8139,0.1854,0.0001,0.0
CT019048,Zone_04,Zone_04,0.9982,0.0001,0.0004,0.0004,0.9982,0.0003,0.0001,0.0002,0.0002,0.0001,0.0
CT019283,Zone_07,Zone_07,0.9925,0.0,0.0,0.0,0.0001,0.0001,0.0004,0.9925,0.0066,0.0001,0.0
CT013388,Zone_07,Zone_07,0.9585,0.0,0.0,0.0,0.0003,0.0001,0.0405,0.9585,0.0003,0.0002,0.0
CT004938,Zone_08,Zone_08,0.7195,0.0,0.0,0.0,0.0001,0.0001,0.0,0.2802,0.7195,0.0001,0.0
CT008444,Zone_08,Zone_08,0.9982,0.0,0.0,0.0,0.0002,0.0003,0.0001,0.001,0.9982,0.0001,0.0001
CT006994,Zone_07,Zone_07,0.9234,0.0,0.0,0.0001,0.0005,0.0005,0.0024,0.9234,0.0727,0.0003,0.0001
CT002236,Zone_07,Zone_07,0.9432,0.0,0.0,0.0001,0.0003,0.0001,0.0558,0.9432,0.0003,0.0002,0.0001
CT007750,Zone_07,Zone_07,0.9899,0.0,0.0,0.0,0.0001,0.0001,0.0002,0.9899,0.0096,0.0001,0.0
CT018522,Zone_03,Zone_03,0.9981,0.0005,0.0005,0.9981,0.0007,0.0001,0.0,0.0,0.0,0.0,0.0
CT004350,Zone_07,Zone_07,0.9936,0.0,0.0,0.0,0.0001,0.0001,0.0058,0.9936,0.0003,0.0001,0.0
CT001378,Zone_07,Zone_07,0.9753,0.0,0.0,0.0,0.0003,0.0001,0.0235,0.9753,0.0005,0.0002,0.0
CT011743,Zone_09,Zone_09,0.9887,0.0,0.0001,0.0002,0.0001,0.0005,0.0005,0.0032,0.0026,0.9887,0.0041
CT006024,Zone_07,Zone_07,0.8909,0.0,0.0,0.0001,0.0004,0.0002,0.1075,0.8909,0.0006,0.0003,0.0001
CT009504,Zone_01,Zone_01,0.9981,0.9981,0.0008,0.0006,0.0004,0.0,0.0,0.0,0.0,0.0,0.0
CT016932,Zone_03,Zone_03,0.9981,0.0004,0.0005,0.9981,0.0008,0.0001,0.0,0.0,0.0,0.0,0.0
CT016644,Zone_08,Zone_08,0.8364,0.0,0.0,0.0,0.0001,0.0001,0.0,0.1634,0.8364,0.0001,0.0
CT018239,Zone_04,Zone_04,0.9978,0.0001,0.0002,0.0002,0.9978,0.0006,0.0001,0.0005,0.0005,0.0,0.0
CT009632,Zone_10,Zone_10,0.9984,0.0,0.0,0.0,0.0,0.0,0.0,0.0005,0.0002,0.0008,0.9984
CT015315,Zone_08,Zone_08,0.9991,0.0,0.0,0.0,0.0001,0.0002,0.0,0.0005,0.9991,0.0001,0.0
CT000924,Zone_07,Zone_07,0.8955,0.0,0.0,0.0,0.0005,0.0004,0.0003,0.8955,0.1029,0.0002,0.0001
CT006789,Zone_07,Zone_07,0.9915,0.0,0.0,0.0,0.0001,0.0001,0.0001,0.9915,0.0081,0.0001,0.0
CT015104,Zone_02,Zone_02,0.998,0.0007,0.998,0.0005,0.0007,0.0001,0.0,0.0,0.0,0.0,0.0
CT006733,Zone_07,Zone_07,0.9447,0.0,0.0,0.0,0.0003,0.0002,0.0534,0.9447,0.001,0.0002,0.0001
CT002222,Zone_08,Zone_08,0.9991,0.0,0.0,0.0,0.0001,0.0002,0.0001,0.0004,0.9991,0.0,0.0
CT005702,Zone_03,Zone_03,0.998,0.0006,0.0006,0.998,0.0007,0.0001,0.0,0.0,0.0,0.0,0.0
CT006421,Zone_04,Zone_04,0.9971,0.0001,0.0002,0.0003,0.9971,0.0008,0.0,0.001,0.0006,0.0,0.0
CT018033,Zone_01,Zone_01,0.9982,0.9982,0.0008,0.0006,0.0004,0.0,0.0,0.0,0.0,0.0,0.0
CT003331,Zone_10,Zone_10,0.9989,0.0,0.0,0.0,0.0,0.0,0.0,0.0002,0.0002,0.0006,0.9989
CT017112,Zone_07,Zone_08,0.5642,0.0,0.0,0.0001,0.0002,0.0001,0.0001,0.4351,0.5642,0.0001,0.0001
CT006647,Zone_02,Zone_02,0.9979,0.0006,0.9979,0.0006,0.0008,0.0001,0.0,0.0,0.0,0.0,0.0
CT011919,Zone_10,Zone_10,0.9989,0.0,0.0,0.0,0.0,0.0,0.0,0.0001,0.0001,0.0007,0.9989
CT011476,Zone_02,Zone_02,0.9979,0.0006,0.9979,0.0006,0.0008,0.0001,0.0,0.0,0.0,0.0,0.0
CT000857,Zone_07,Zone_08,0.584,0.0,0.0,0.0001,0.0002,0.0001,0.0001,0.4151,0.584,0.0002,0.0001
CT006914,Zone_07,Zone_08,0.5955,0.0,0.0,0.0001,0.0003,0.0002,0.0005,0.4033,0.5955,0.0002,0.0001
CT013714,Zone_05,Zone_05,0.9963,0.0,0.0001,0.0001,0.0012,0.9963,0.0007,0.0007,0.0007,0.0001,0.0001
CT007981,Zone_05,Zone_05,0.9954,0.0,0.0001,0.0001,0.001,0.9954,0.0001,0.0015,0.0017,0.0001,0.0001
CT008757,Zone_04,Zone_04,0.9966,0.0005,0.0007,0.001,0.9966,0.0003,0.0001,0.0004,0.0001,0.0001,0.0001
CT006516,Zone_08,Zone_08,0.9964,0.0,0.0,0.0,0.0003,0.0004,0.0,0.0026,0.9964,0.0002,0.0001
CT005398,Zone_04,Zone_04,0.9975,0.0001,0.0003,0.0003,0.9975,0.0007,0.0001,0.0005,0.0005,0.0,0.0
CT009007,Zone_03,Zone_03,0.9978,0.0005,0.0006,0.9978,0.0009,0.0001,0.0,0.0,0.0,0.0,0.0
CT014049,Zone_08,Zone_08,0.9969,0.0,0.0,0.0,0.0002,0.0004,0.0001,0.0021,0.9969,0.0002,0.0001
CT017626,Zone_07,Zone_08,0.5634,0.0,0.0,0.0001,0.0002,0.0002,0.0004,0.4354,0.5634,0.0002,0.0001
CT005389,Zone_08,Zone_08,0.9984,0.0,0.0,0.0,0.0002,0.0003,0.0001,0.001,0.9984,0.0001,0.0001
CT015820,Zone_08,Zone_08,0.7996,0.0,0.0,0.0,0.0001,0.0001,0.0,0.2001,0.7996,0.0001,0.0
CT006639,Zone_07,Zone_07,0.9837,0.0,0.0,0.0,0.0001,0.0001,0.0001,0.9837,0.0158,0.0001,0.0001
CT008008,Zone_07,Zone_07,0.9938,0.0,0.0,0.0,0.0001,0.0001,0.0005,0.9938,0.0054,0.0001,0.0
CT001972,Zone_10,Zone_10,0.9986,0.0,0.0,0.0,0.0,0.0,0.0,0.0002,0.0004,0.0007,0.9986
CT006302,Zone_08,Zone_08,0.9968,0.0,0.0,0.0,0.0002,0.0003,0.0001,0.0024,0.9968,0.0001,0.0001
CT002780,Zone_03,Zone_03,0.9978,0.0006,0.0007,0.9978,0.0008,0.0001,0.0,0.0,0.0,0.0,0.0
CT008927,Zone_07,Zone_07,0.9858,0.0,0.0,0.0,0.0002,0.0001,0.0018,0.9858,0.0119,0.0001,0.0
CT006475,Zone_03,Zone_03,0.9982,0.0005,0.0005,0.9982,0.0007,0.0001,0.0,0.0,0.0,0.0,0.0
CT000729,Zone_08,Zone_08,0.9951,0.0,0.0,0.0001,0.0004,0.0005,0.0002,0.0033,0.9951,0.0002,0.0002
CT008438,Zone_07,Zone_07,0.987,0.0,0.0,0.0001,0.0002,0.0002,0.0008,0.987,0.0114,0.0002,0.0001
CT008287,Zone_08,Zone_08,0.9983,0.0,0.0,0.0,0.0001,0.0002,0.0001,0.0011,0.9983,0.0001,0.0001
CT010727,Zone_07,Zone_08,0.536,0.0,0.0,0.0001,0.0002,0.0001,0.0002,0.4631,0.536,0.0001,0.0001
CT006408,Zone_01,Zone_01,0.9974,0.9974,0.001,0.0008,0.0007,0.0,0.0,0.0,0.0,0.0,0.0
CT009320,Zone_03,Zone_03,0.998,0.0006,0.0005,0.998,0.0007,0.0001,0.0,0.0,0.0,0.0,0.0
CT012624,Zone_08,Zone_08,0.7624,0.0,0.0,0.0001,0.0003,0.0001,0.0003,0.2366,0.7624,0.0001,0.0001
CT012663,Zone_08,Zone_07,0.9288,0.0,0.0,0.0,0.0002,0.0002,0.0,0.9288,0.0705,0.0001,0.0001
CT016689,Zone_08,Zone_07,0.7186,0.0,0.0,0.0,0.0005,0.0005,0.0001,0.7186,0.28,0.0002,0.0001
CT011315,Zone_03,Zone_03,0.9983,0.0004,0.0004,0.9983,0.0007,0.0001,0.0,0.0,0.0,0.0,0.0
CT008151,Zone_07,Zone_07,0.7363,0.0,0.0,0.0,0.0005,0.0004,0.0002,0.7363,0.2622,0.0002,0.0001
CT002926,Zone_07,Zone_07,0.6882,0.0,0.0,0.0001,0.0004,0.0002,0.0017,0.6882,0.309,0.0002,0.0001
CT016374,Zone_08,Zone_08,0.7274,0.0,0.0,0.0,0.0002,0.0001,0.0,0.2721,0.7274,0.0001,0.0
CT008112,Zone_04,Zone_04,0.9965,0.0005,0.0007,0.001,0.9965,0.0003,0.0001,0.0005,0.0001,0.0001,0.0001
CT000026,Zone_01,Zone_01,0.9977,0.9977,0.0009,0.0008,0.0006,0.0,0.0,0.0,0.0,0.0,0.0
CT000053,Zone_07,Zone_07,0.9853,0.0,0.0,0.0,0.0001,0.0001,0.0003,0.9853,0.0139,0.0002,0.0
CT014833,Zone_07,Zone_07,0.9828,0.0,0.0,0.0,0.0002,0.0001,0.0163,0.9828,0.0003,0.0001,0.0
CT006088,Zone_04,Zone_04,0.9963,0.0005,0.0009,0.001,0.9963,0.0003,0.0003,0.0003,0.0001,0.0001,0.0001
CT008986,Zone_07,Zone_07,0.9785,0.0,0.0,0.0,0.0001,0.0001,0.0001,0.9785,0.021,0.0001,0.0
CT016306,Zone_07,Zone_07,0.9933,0.0,0.0,0.0,0.0001,0.0001,0.0,0.9933,0.0064,0.0001,0.0
CT015059,Zone_07,Zone_07,0.9779,0.0,0.0,0.0001,0.0004,0.0002,0.0207,0.9779,0.0006,0.0002,0.0001
CT016648,Zone_04,Zone_04,0.998,0.0001,0.0003,0.0004,0.998,0.0003,0.0005,0.0002,0.0,0.0001,0.0
CT015021,Zone_07,Zone_07,0.977,0.0,0.0,0.0001,0.0004,0.0002,0.0211,0.977,0.001,0.0002,0.0001
CT019994,Zone_01,Zone_01,0.998,0.998,0.0009,0.0006,0.0004,0.0,0.0,0.0,0.0,0.0,0.0
CT011415,Zone_10,Zone_10,0.9984,0.0,0.0,0.0,0.0,0.0,0.0,0.0002,0.0006,0.0007,0.9984
CT011709,Zone_08,Zone_08,0.9979,0.0,0.0,0.0,0.0002,0.0003,0.0002,0.0012,0.9979,0.0001,0.0001
CT002532,Zone_08,Zone_08,0.8225,0.0,0.0,0.0001,0.0002,0.0001,0.0001,0.1768,0.8225,0.0001,0.0001
CT017856,Zone_04,Zone_04,0.998,0.0001,0.0003,0.0003,0.998,0.0004,0.0002,0.0005,0.0001,0.0,0.0
CT009346,Zone_07,Zone_07,0.5368,0.0,0.0,0.0001,0.0007,0.0007,0.0003,0.5368,0.4611,0.0003,0.0002
CT016733,Zone_08,Zone_08,0.5938,0.0,0.0001,0.0001,0.0004,0.0002,0.0007,0.4043,0.5938,0.0002,0.0002
CT002404,Zone_06,Zone_06,0.9994,0.0,0.0,0.0,0.0001,0.0,0.9994,0.0003,0.0001,0.0,0.0
CT006096,Zone_05,Zone_05,0.9962,0.0,0.0001,0.0002,0.0009,0.9962,0.0002,0.0011,0.001,0.0001,0.0001
CT003416,Zone_04,Zone_04,0.9965,0.0004,0.0008,0.001,0.9965,0.0005,0.0001,0.0005,0.0001,0.0001,0.0001
CT018825,Zone_01,Zone_01,0.9982,0.9982,0.0008,0.0006,0.0004,0.0,0.0,0.0,0.0,0.0,0.0
CT006235,Zone_04,Zone_04,0.9979,0.0001,0.0002,0.0002,0.9979,0.0007,0.0001,0.0004,0.0005,0.0,0.0
CT019556,Zone_04,Zone_04,0.997,0.0004,0.0007,0.0009,0.997,0.0003,0.0,0.0003,0.0002,0.0001,0.0001
CT009913,Zone_06,Zone_06,0.9993,0.0,0.0,0.0,0.0001,0.0,0.9993,0.0003,0.0002,0.0,0.0
CT008750,Zone_07,Zone_07,0.8309,0.0,0.0,0.0001,0.0007,0.0007,0.0004,0.8309,0.1667,0.0004,0.0002
CT003159,Zone_06,Zone_06,0.9991,0.0,0.0,0.0,0.0001,0.0,0.9991,0.0005,0.0002,0.0,0.0
CT002921,Zone_09,Zone_09,0.984,0.0,0.0001,0.0002,0.0001,0.0005,0.0001,0.0066,0.0044,0.984,0.0041
CT004891,Zone_01,Zone_01,0.9976,0.9976,0.0009,0.0008,0.0006,0.0,0.0,0.0,0.0,0.0,0.0
CT015779,Zone_08,Zone_08,0.7893,0.0,0.0,0.0,0.0001,0.0001,0.0,0.2104,0.7893,0.0001,0.0
CT005868,Zone_08,Zone_08,0.5314,0.0,0.0,0.0001,0.0002,0.0001,0.0002,0.4678,0.5314,0.0002,0.0001
CT019223,Zone_04,Zone_04,0.9976,0.0001,0.0003,0.0003,0.9976,0.0006,0.0005,0.0005,0.0001,0.0,0.0
CT007546,Zone_04,Zone_04,0.9979,0.0001,0.0003,0.0004,0.9979,0.0004,0.0003,0.0004,0.0001,0.0001,0.0
CT001478,Zone_09,Zone_09,0.9899,0.0,0.0001,0.0001,0.0001,0.0003,0.0002,0.0032,0.0023,0.9899,0.0037
CT013369,Zone_08,Zone_08,0.5612,0.0,0.0,0.0,0.0002,0.0001,0.0001,0.4383,0.5612,0.0001,0.0001
CT013956,Zone_08,Zone_08,0.6926,0.0,0.0,0.0,0.0002,0.0001,0.0001,0.3067,0.6926,0.0001,0.0001
CT018429,Zone_07,Zone_07,0.7568,0.0,0.0,0.0,0.0003,0.0004,0.0,0.7568,0.2421,0.0002,0.0001
CT005726,Zone_07,Zone_07,0.9955,0.0,0.0,0.0,0.0001,0.0001,0.0039,0.9955,0.0002,0.0001,0.0
CT000412,Zone_07,Zone_08,0.5638,0.0,0.0,0.0,0.0001,0.0001,0.0,0.4358,0.5638,0.0001,0.0
CT004842,Zone_08,Zone_08,0.9981,0.0,0.0,0.0,0.0001,0.0002,0.0,0.0013,0.9981,0.0001,0.0001
CT008146,Zone_08,Zone_08,0.8636,0.0,0.0,0.0,0.0001,0.0001,0.0,0.1361,0.8636,0.0001,0.0
CT016703,Zone_03,Zone_03,0.9978,0.0004,0.0006,0.9978,0.001,0.0001,0.0001,0.0,0.0,0.0,0.0
CT011039,Zone_07,Zone_07,0.8515,0.0,0.0,0.0001,0.0009,0.0008,0.0006,0.8515,0.1455,0.0003,0.0002
CT009142,Zone_10,Zone_10,0.9982,0.0,0.0,0.0,0.0,0.0,0.0,0.0005,0.0002,0.0009,0.9982
CT019258,Zone_07,Zone_07,0.9336,0.0,0.0,0.0,0.0002,0.0002,0.0001,0.9336,0.0656,0.0001,0.0001
CT011139,Zone_08,Zone_08,0.9972,0.0,0.0,0.0,0.0002,0.0003,0.0001,0.002,0.9972,0.0001,0.0001
CT006488,Zone_08,Zone_08,0.834,0.0,0.0,0.0001,0.0002,0.0001,0.0003,0.165,0.834,0.0002,0.0001
CT012107,Zone_08,Zone_08,0.7937,0.0,0.0,0.0001,0.0002,0.0001,0.0002,0.2055,0.7937,0.0001,0.0001
CT016540,Zone_03,Zone_03,0.9982,0.0004,0.0005,0.9982,0.0007,0.0001,0.0,0.0,0.0,0.0,0.0
CT018434,Zone_07,Zone_07,0.7231,0.0,0.0,0.0001,0.0003,0.0001,0.0017,0.7231,0.2745,0.0001,0.0001
CT015143,Zone_02,Zone_02,0.9977,0.0009,0.9977,0.0006,0.0007,0.0001,0.0,0.0,0.0,0.0,0.0
CT001215,Zone_04,Zone_04,0.9968,0.0002,0.0004,0.0005,0.9968,0.0003,0.0012,0.0004,0.0,0.0,0.0
CT007471,Zone_01,Zone_01,0.9978,0.9978,0.0009,0.0008,0.0006,0.0,0.0,0.0,0.0,0.0,0.0
CT012124,Zone_10,Zone_10,0.9989,0.0,0.0,0.0,0.0,0.0,0.0,0.0002,0.0002,0.0006,0.9989
CT009661,Zone_05,Zone_05,0.9959,0.0,0.0001,0.0001,0.001,0.9959,0.0002,0.0012,0.0013,0.0001,0.0001
CT014461,Zone_08,Zone_08,0.8711,0.0,0.0,0.0,0.0001,0.0001,0.0,0.1286,0.8711,0.0001,0.0
CT008692,Zone_04,Zone_04,0.9979,0.0001,0.0002,0.0002,0.9979,0.0006,0.0002,0.0004,0.0003,0.0,0.0
CT003628,Zone_07,Zone_08,0.5091,0.0,0.0,0.0001,0.0002,0.0001,0.0001,0.4902,0.5091,0.0001,0.0001
CT019590,Zone_08,Zone_08,0.9992,0.0,0.0,0.0,0.0001,0.0001,0.0,0.0004,0.9992,0.0001,0.0
CT012800,Zone_08,Zone_08,0.8666,0.0,0.0,0.0,0.0001,0.0001,0.0,0.1331,0.8666,0.0001,0.0
CT015246,Zone_10,Zone_10,0.9993,0.0,0.0,0.0,0.0,0.0,0.0,0.0001,0.0001,0.0004,0.9993
CT001899,Zone_02,Zone_02,0.9978,0.0007,0.9978,0.0006,0.0008,0.0001,0.0,0.0,0.0,0.0,0.0
CT008265,Zone_08,Zone_08,0.6728,0.0,0.0,0.0001,0.0002,0.0001,0.0001,0.3263,0.6728,0.0002,0.0001
CT016156,Zone_07,Zone_07,0.9496,0.0,0.0,0.0,0.0002,0.0001,0.0498,0.9496,0.0002,0.0001,0.0
CT018186,Zone_03,Zone_03,0.998,0.0006,0.0006,0.998,0.0006,0.0001,0.0,0.0,0.0,0.0,0.0
CT016202,Zone_07,Zone_07,0.9181,0.0,0.0,0.0,0.0002,0.0002,0.0,0.9181,0.0813,0.0001,0.0
CT001794,Zone_08,Zone_08,0.6229,0.0,0.0,0.0001,0.0003,0.0002,0.0002,0.3761,0.6229,0.0002,0.0001
CT005556,Zone_07,Zone_07,0.9843,0.0,0.0,0.0,0.0002,0.0001,0.0151,0.9843,0.0003,0.0001,0.0
CT019013,Zone_08,Zone_08,0.6507,0.0,0.0,0.0001,0.0002,0.0001,0.0002,0.3484,0.6507,0.0002,0.0001
CT008910,Zone_04,Zone_04,0.9968,0.0004,0.0008,0.0009,0.9968,0.0004,0.0002,0.0002,0.0001,0.0001,0.0001
CT018228,Zone_05,Zone_05,0.9954,0.0,0.0001,0.0002,0.0011,0.9954,0.0001,0.001,0.0019,0.0001,0.0001
CT014335,Zone_02,Zone_02,0.9977,0.0007,0.9977,0.0006,0.0009,0.0001,0.0,0.0,0.0,0.0,0.0
CT006436,Zone_05,Zone_05,0.9962,0.0,0.0001,0.0001,0.0011,0.9962,0.0002,0.0014,0.0008,0.0001,0.0001
CT012123,Zone_01,Zone_01,0.9982,0.9982,0.0008,0.0006,0.0003,0.0,0.0,0.0,0.0,0.0,0.0
CT001324,Zone_07,Zone_07,0.9789,0.0,0.0,0.0,0.0002,0.0001,0.0001,0.9789,0.0204,0.0002,0.0001
CT013114,Zone_02,Zone_02,0.9977,0.0007,0.9977,0.0005,0.001,0.0001,0.0,0.0,0.0,0.0,0.0
CT019463,Zone_08,Zone_08,0.998,0.0,0.0,0.0,0.0002,0.0002,0.0,0.0014,0.998,0.0001,0.0001
CT009648,Zone_07,Zone_07,0.7289,0.0,0.0,0.0001,0.0006,0.0006,0.0002,0.7289,0.2691,0.0003,0.0002
CT014728,Zone_03,Zone_03,0.998,0.0006,0.0005,0.998,0.0007,0.0001,0.0,0.0,0.0,0.0,0.0
CT008742,Zone_08,Zone_08,0.5362,0.0,0.0,0.0001,0.0003,0.0002,0.0003,0.4627,0.5362,0.0002,0.0001
CT016974,Zone_03,Zone_03,0.9982,0.0005,0.0005,0.9982,0.0006,0.0001,0.0,0.0,0.0,0.0,0.0
CT005735,Zone_03,Zone_03,0.998,0.0005,0.0005,0.998,0.0008,0.0001,0.0,0.0,0.0,0.0,0.0
CT009053,Zone_06,Zone_06,0.9966,0.0,0.0,0.0,0.0005,0.0001,0.9966,0.0016,0.0011,0.0001,0.0
CT000864,Zone_07,Zone_07,0.8772,0.0,0.0,0.0,0.0003,0.0004,0.0002,0.8772,0.1217,0.0002,0.0001
CT000915,Zone_10,Zone_10,0.9988,0.0,0.0,0.0,0.0,0.0,0.0,0.0003,0.0001,0.0007,0.9988
CT009593,Zone_06,Zone_06,0.998,0.0,0.0,0.0,0.0003,0.0001,0.998,0.0008,0.0007,0.0,0.0
CT014968,Zone_04,Zone_04,0.9975,0.0001,0.0003,0.0003,0.9975,0.0008,0.0001,0.0004,0.0006,0.0,0.0
CT016148,Zone_01,Zone_01,0.9978,0.9978,0.001,0.0006,0.0006,0.0,0.0,0.0,0.0,0.0,0.0
CT014038,Zone_04,Zone_04,0.9977,0.0001,0.0004,0.0004,0.9977,0.0003,0.0007,0.0002,0.0001,0.0001,0.0
CT000767,Zone_01,Zone_01,0.9983,0.9983,0.0008,0.0005,0.0004,0.0,0.0,0.0,0.0,0.0,0.0
CT005399,Zone_07,Zone_08,0.6026,0.0,0.0,0.0001,0.0003,0.0002,0.0001,0.3966,0.6026,0.0001,0.0001
CT006105,Zone_08,Zone_08,0.9979,0.0,0.0,0.0,0.0002,0.0003,0.0001,0.0014,0.9979,0.0001,0.0001
CT009511,Zone_08,Zone_08,0.5946,0.0,0.0,0.0001,0.0002,0.0001,0.0003,0.4044,0.5946,0.0002,0.0001
CT017430,Zone_04,Zone_04,0.9978,0.0001,0.0002,0.0002,0.9978,0.0006,0.0006,0.0004,0.0002,0.0,0.0
CT000270,Zone_02,Zone_02,0.9979,0.0007,0.9979,0.0006,0.0007,0.0001,0.0,0.0,0.0,0.0,0.0
CT004428,Zone_03,Zone_03,0.998,0.0006,0.0006,0.998,0.0007,0.0001,0.0001,0.0,0.0,0.0,0.0
CT005838,Zone_07,Zone_07,0.785,0.0,0.0,0.0,0.0003,0.0003,0.0001,0.785,0.2139,0.0001,0.0001
CT007947,Zone_10,Zone_10,0.999,0.0,0.0,0.0,0.0,0.0,0.0,0.0001,0.0002,0.0006,0.999
CT004885,Zone_07,Zone_07,0.9866,0.0,0.0,0.0,0.0002,0.0001,0.0127,0.9866,0.0002,0.0001,0.0
CT010199,Zone_07,Zone_08,0.5346,0.0,0.0,0.0,0.0002,0.0001,0.0001,0.4647,0.5346,0.0001,0.0001
CT008425,Zone_04,Zone_04,0.9977,0.0001,0.0002,0.0002,0.9977,0.0006,0.0,0.0006,0.0006,0.0,0.0
CT015376,Zone_04,Zone_04,0.9975,0.0001,0.0002,0.0003,0.9975,0.0006,0.0002,0.0006,0.0003,0.0,0.0
CT014487,Zone_03,Zone_03,0.9983,0.0005,0.0005,0.9983,0.0006,0.0001,0.0,0.0,0.0,0.0,0.0
CT001625,Zone_05,Zone_05,0.9949,0.0,0.0001,0.0001,0.0015,0.9949,0.0002,0.0018,0.001,0.0002,0.0001
CT005418,Zone_10,Zone_10,0.999,0.0,0.0,0.0,0.0,0.0,0.0,0.0001,0.0002,0.0005,0.999
CT012920,Zone_08,Zone_08,0.8032,0.0,0.0,0.0,0.0002,0.0001,0.0002,0.1961,0.8032,0.0001,0.0001
CT016519,Zone_08,Zone_08,0.998,0.0,0.0,0.0,0.0002,0.0003,0.0001,0.001,0.998,0.0001,0.0001
CT005074,Zone_07,Zone_07,0.742,0.0,0.0,0.0,0.0005,0.0004,0.0001,0.742,0.2567,0.0002,0.0001
CT001488,Zone_08,Zone_08,0.9986,0.0,0.0,0.0,0.0001,0.0002,0.0,0.0009,0.9986,0.0001,0.0
CT009887,Zone_07,Zone_07,0.9762,0.0,0.0,0.0001,0.0003,0.0002,0.001,0.9762,0.022,0.0002,0.0001
CT007112,Zone_08,Zone_08,0.8202,0.0,0.0,0.0,0.0001,0.0001,0.0001,0.1794,0.8202,0.0001,0.0
CT019250,Zone_03,Zone_03,0.9979,0.0005,0.0005,0.9979,0.0009,0.0001,0.0,0.0,0.0,0.0,0.0
CT018411,Zone_07,Zone_07,0.9639,0.0,0.0,0.0001,0.0004,0.0003,0.0006,0.9639,0.0343,0.0003,0.0001
CT012712,Zone_04,Zone_04,0.9972,0.0004,0.0007,0.0008,0.9972,0.0003,0.0001,0.0002,0.0001,0.0001,0.0001
CT007237,Zone_05,Zone_05,0.994,0.0,0.0001,0.0002,0.0013,0.994,0.0001,0.0019,0.0022,0.0001,0.0001
CT019744,Zone_01,Zone_01,0.9983,0.9983,0.0008,0.0006,0.0003,0.0,0.0,0.0,0.0,0.0,0.0
CT002481,Zone_07,Zone_07,0.9183,0.0,0.0,0.0,0.0002,0.0002,0.0,0.9183,0.081,0.0001,0.0001
CT015320,Zone_03,Zone_03,0.9982,0.0004,0.0004,0.9982,0.0008,0.0001,0.0,0.0,0.0,0.0,0.0
CT001753,Zone_07,Zone_07,0.9938,0.0,0.0,0.0,0.0002,0.0001,0.005,0.9938,0.0007,0.0001,0.0
CT003405,Zone_07,Zone_07,0.889,0.0,0.0,0.0001,0.0004,0.0002,0.1097,0.889,0.0003,0.0002,0.0001
CT016144,Zone_09,Zone_09,0.9872,0.0,0.0001,0.0002,0.0001,0.0004,0.0012,0.0043,0.0036,0.9872,0.0029
CT017703,Zone_01,Zone_01,0.9984,0.9984,0.0007,0.0005,0.0004,0.0,0.0,0.0,0.0,0.0,0.0
CT016764,Zone_02,Zone_02,0.9977,0.0007,0.9977,0.0006,0.0008,0.0001,0.0,0.0,0.0,0.0,0.0
CT018801,Zone_01,Zone_01,0.9978,0.9978,0.0008,0.0007,0.0005,0.0,0.0,0.0,0.0,0.0,0.0
CT012408,Zone_01,Zone_01,0.998,0.998,0.0008,0.0007,0.0005,0.0,0.0,0.0,0.0,0.0,0.0
CT011920,Zone_08,Zone_08,0.9989,0.0,0.0,0.0,0.0001,0.0002,0.0001,0.0007,0.9989,0.0001,0.0
CT015654,Zone_04,Zone_04,0.998,0.0,0.0002,0.0002,0.998,0.0005,0.0002,0.0005,0.0004,0.0,0.0
CT015184,Zone_08,Zone_08,0.6408,0.0,0.0,0.0001,0.0002,0.0001,0.0001,0.3584,0.6408,0.0002,0.0001
CT000286,Zone_08,Zone_08,0.9972,0.0,0.0,0.0,0.0003,0.0004,0.0001,0.0018,0.9972,0.0001,0.0001
CT005977,Zone_07,Zone_07,0.9921,0.0,0.0,0.0,0.0001,0.0001,0.0002,0.9921,0.0073,0.0001,0.0
CT005827,Zone_08,Zone_08,0.7453,0.0,0.0,0.0,0.0001,0.0001,0.0,0.2543,0.7453,0.0001,0.0
CT014716,Zone_02,Zone_02,0.9977,0.0006,0.9977,0.0006,0.0009,0.0001,0.0,0.0,0.0,0.0,0.0
CT007477,Zone_08,Zone_08,0.9972,0.0,0.0,0.0,0.0002,0.0003,0.0,0.0021,0.9972,0.0001,0.0001
CT004281,Zone_02,Zone_02,0.9976,0.0007,0.9976,0.0007,0.0009,0.0001,0.0,0.0,0.0,0.0,0.0
CT005094,Zone_05,Zone_05,0.9956,0.0,0.0001,0.0002,0.0011,0.9956,0.0001,0.0015,0.0013,0.0001,0.0001
CT008219,Zone_08,Zone_08,0.9964,0.0,0.0,0.0,0.0002,0.0004,0.0001,0.0025,0.9964,0.0001,0.0001
CT012334,Zone_04,Zone_04,0.9983,0.0001,0.0004,0.0004,0.9983,0.0003,0.0002,0.0002,0.0001,0.0,0.0
CT004487,Zone_07,Zone_07,0.9953,0.0,0.0,0.0,0.0001,0.0001,0.0014,0.9953,0.003,0.0001,0.0
CT014214,Zone_04,Zone_04,0.9965,0.0005,0.0008,0.0011,0.9965,0.0003,0.0001,0.0003,0.0001,0.0001,0.0001
CT017040,Zone_07,Zone_08,0.5752,0.0,0.0,0.0001,0.0002,0.0001,0.0001,0.424,0.5752,0.0002,0.0001
CT012094,Zone_05,Zone_05,0.9966,0.0,0.0001,0.0001,0.0009,0.9966,0.0004,0.001,0.0007,0.0001,0.0001
CT004168,Zone_08,Zone_08,0.9988,0.0,0.0,0.0,0.0002,0.0002,0.0001,0.0005,0.9988,0.0001,0.0001
CT003678,Zone_08,Zone_07,0.7609,0.0,0.0,0.0,0.0004,0.0004,0.0001,0.7609,0.2378,0.0002,0.0001
CT013674,Zone_01,Zone_01,0.9982,0.9982,0.0008,0.0006,0.0004,0.0,0.0,0.0,0.0,0.0,0.0
CT005060,Zone_02,Zone_02,0.998,0.0006,0.998,0.0006,0.0007,0.0001,0.0,0.0,0.0,0.0,0.0
CT015062,Zone_10,Zone_10,0.9988,0.0,0.0,0.0,0.0,0.0,0.0,0.0001,0.0003,0.0007,0.9988
CT019115,Zone_03,Zone_03,0.998,0.0005,0.0005,0.998,0.0007,0.0001,0.0,0.0,0.0,0.0,0.0
CT010661,Zone_03,Zone_03,0.998,0.0005,0.0006,0.998,0.0007,0.0001,0.0,0.0,0.0,0.0,0.0
CT006532,Zone_09,Zone_09,0.99,0.0,0.0001,0.0002,0.0001,0.0004,0.001,0.0028,0.0016,0.99,0.0038
CT003805,Zone_02,Zone_02,0.9978,0.0007,0.9978,0.0006,0.0008,0.0001,0.0,0.0,0.0,0.0,0.0
CT001253,Zone_03,Zone_03,0.9983,0.0005,0.0005,0.9983,0.0006,0.0001,0.0,0.0,0.0,0.0,0.0
CT012689,Zone_03,Zone_03,0.9977,0.0006,0.0007,0.9977,0.0008,0.0001,0.0,0.0,0.0,0.0,0.0
CT015942,Zone_08,Zone_08,0.8789,0.0,0.0,0.0,0.0001,0.0001,0.0,0.1208,0.8789,0.0001,0.0
CT001281,Zone_04,Zone_04,0.9972,0.0001,0.0002,0.0002,0.9972,0.0008,0.0001,0.0004,0.001,0.0,0.0
CT008417,Zone_10,Zone_10,0.9988,0.0,0.0,0.0,0.0,0.0,0.0,0.0003,0.0003,0.0006,0.9988
CT013747,Zone_07,Zone_07,0.9962,0.0,0.0,0.0,0.0002,0.0001,0.0028,0.9962,0.0005,0.0001,0.0
CT018068,Zone_07,Zone_07,0.7005,0.0,0.0,0.0001,0.0005,0.0006,0.0001,0.7005,0.2979,0.0002,0.0001
CT010391,Zone_08,Zone_08,0.7089,0.0,0.0,0.0001,0.0003,0.0002,0.0003,0.29,0.7089,0.0002,0.0001
CT012438,Zone_02,Zone_02,0.9977,0.0007,0.9977,0.0006,0.0009,0.0001,0.0,0.0,0.0,0.0,0.0
CT013359,Zone_08,Zone_08,0.9985,0.0,0.0,0.0,0.0001,0.0002,0.0,0.0011,0.9985,0.0001,0.0
CT018483,Zone_08,Zone_08,0.9984,0.0,0.0,0.0,0.0001,0.0002,0.0001,0.001,0.9984,0.0001,0.0001
CT014411,Zone_04,Zone_04,0.9977,0.0001,0.0002,0.0002,0.9977,0.0008,0.0001,0.0006,0.0003,0.0,0.0
CT002355,Zone_08,Zone_08,0.9968,0.0,0.0,0.0,0.0002,0.0003,0.0001,0.0022,0.9968,0.0001,0.0001
CT010014,Zone_03,Zone_03,0.9982,0.0005,0.0005,0.9982,0.0007,0.0001,0.0,0.0,0.0,0.0,0.0
CT002620,Zone_06,Zone_06,0.998,0.0,0.0,0.0,0.0002,0.0001,0.998,0.001,0.0007,0.0,0.0
CT001635,Zone_10,Zone_10,0.9988,0.0,0.0,0.0,0.0,0.0,0.0,0.0003,0.0002,0.0006,0.9988
CT008411,Zone_08,Zone_08,0.7215,0.0,0.0,0.0001,0.0002,0.0001,0.0001,0.2778,0.7215,0.0001,0.0001
CT007903,Zone_10,Zone_10,0.9985,0.0,0.0,0.0,0.0,0.0,0.0,0.0003,0.0003,0.0007,0.9985
CT008871,Zone_08,Zone_07,0.8828,0.0,0.0,0.0001,0.0005,0.0005,0.0002,0.8828,0.1156,0.0002,0.0001
CT007777,Zone_01,Zone_01,0.9979,0.9979,0.0009,0.0007,0.0006,0.0,0.0,0.0,0.0,0.0,0.0
CT003637,Zone_07,Zone_07,0.8874,0.0,0.0,0.0001,0.0007,0.0004,0.1095,0.8874,0.0014,0.0003,0.0001
CT011585,Zone_07,Zone_07,0.9407,0.0,0.0,0.0001,0.0003,0.0002,0.0583,0.9407,0.0002,0.0002,0.0001
CT019131,Zone_08,Zone_08,0.9969,0.0,0.0,0.0,0.0002,0.0003,0.0,0.0024,0.9969,0.0001,0.0001
CT011808,Zone_07,Zone_07,0.8201,0.0,0.0,0.0,0.0003,0.0003,0.0,0.8201,0.1792,0.0001,0.0001
CT002627,Zone_07,Zone_07,0.9175,0.0,0.0,0.0001,0.0006,0.0004,0.0018,0.9175,0.0794,0.0002,0.0001
CT004325,Zone_01,Zone_01,0.9978,0.9978,0.0009,0.0007,0.0006,0.0,0.0,0.0,0.0,0.0,0.0
CT009263,Zone_07,Zone_07,0.5759,0.0,0.0,0.0001,0.0002,0.0001,0.0001,0.5759,0.4233,0.0002,0.0001
CT006260,Zone_04,Zone_04,0.9968,0.0004,0.0007,0.0008,0.9968,0.0004,0.0004,0.0002,0.0001,0.0001,0.0001
CT011362,Zone_08,Zone_08,0.9987,0.0,0.0,0.0,0.0001,0.0002,0.0,0.0008,0.9987,0.0001,0.0001
CT001877,Zone_04,Zone_04,0.9971,0.0004,0.0006,0.0008,0.9971,0.0003,0.0002,0.0002,0.0002,0.0001,0.0001
CT001589,Zone_04,Zone_04,0.998,0.0001,0.0003,0.0004,0.998,0.0003,0.0001,0.0005,0.0001,0.0001,0.0
CT015834,Zone_07,Zone_08,0.5717,0.0,0.0,0.0001,0.0002,0.0001,0.0001,0.4276,0.5717,0.0001,0.0001
CT003940,Zone_03,Zone_03,0.9982,0.0004,0.0004,0.9982,0.0007,0.0001,0.0,0.0,0.0,0.0,0.0
CT014640,Zone_07,Zone_07,0.9927,0.0,0.0,0.0,0.0003,0.0002,0.0058,0.9927,0.0009,0.0001,0.0
CT013353,Zone_08,Zone_08,0.6873,0.0,0.0,0.0001,0.0002,0.0001,0.0001,0.3119,0.6873,0.0001,0.0001
CT013007,Zone_08,Zone_08,0.5289,0.0,0.0,0.0001,0.0003,0.0001,0.0001,0.4702,0.5289,0.0002,0.0001
CT003084,Zone_07,Zone_07,0.9896,0.0,0.0,0.0,0.0001,0.0001,0.0,0.9896,0.01,0.0001,0.0
CT004863,Zone_04,Zone_04,0.9975,0.0002,0.0005,0.0006,0.9975,0.0004,0.0002,0.0004,0.0002,0.0001,0.0
CT018159,Zone_10,Zone_10,0.9986,0.0,0.0,0.0,0.0,0.0,0.0,0.0002,0.0004,0.0007,0.9986
CT008614,Zone_02,Zone_02,0.9978,0.0007,0.9978,0.0006,0.0008,0.0001,0.0,0.0,0.0,0.0,0.0
CT016857,Zone_04,Zone_04,0.9971,0.0003,0.0006,0.0008,0.9971,0.0003,0.0001,0.0004,0.0002,0.0001,0.0001
CT006663,Zone_03,Zone_03,0.9979,0.0005,0.0006,0.9979,0.0009,0.0001,0.0,0.0,0.0,0.0,0.0
CT018904,Zone_07,Zone_07,0.9686,0.0,0.0,0.0001,0.0004,0.0002,0.0297,0.9686,0.0009,0.0002,0.0
CT005081,Zone_01,Zone_01,0.9979,0.9979,0.0008,0.0007,0.0005,0.0,0.0,0.0,0.0,0.0,0.0
CT000568,Zone_02,Zone_02,0.9979,0.0008,0.9979,0.0006,0.0006,0.0001,0.0,0.0,0.0,0.0,0.0
CT004048,Zone_04,Zone_04,0.9969,0.0003,0.0007,0.0009,0.9969,0.0003,0.0003,0.0003,0.0001,0.0001,0.0001
CT002625,Zone_07,Zone_07,0.9046,0.0,0.0,0.0,0.0004,0.0004,0.0002,0.9046,0.0942,0.0002,0.0001
CT002469,Zone_07,Zone_08,0.6025,0.0,0.0,0.0001,0.0002,0.0001,0.0001,0.3969,0.6025,0.0001,0.0001
CT013999,Zone_04,Zone_04,0.9968,0.0005,0.0008,0.0009,0.9968,0.0004,0.0001,0.0003,0.0001,0.0001,0.0001
CT005956,Zone_08,Zone_08,0.7612,0.0,0.0,0.0001,0.0002,0.0001,0.0002,0.238,0.7612,0.0001,0.0001
CT012422,Zone_04,Zone_04,0.9981,0.0001,0.0003,0.0004,0.9981,0.0003,0.0002,0.0005,0.0001,0.0001,0.0
CT012042,Zone_07,Zone_07,0.9459,0.0,0.0,0.0,0.0003,0.0002,0.0005,0.9459,0.0528,0.0002,0.0001
CT014930,Zone_08,Zone_08,0.9987,0.0,0.0,0.0,0.0001,0.0002,0.0001,0.0007,0.9987,0.0001,0.0001
CT009268,Zone_06,Zone_07,0.9657,0.0,0.0,0.0,0.0003,0.0001,0.0333,0.9657,0.0003,0.0002,0.0
CT007292,Zone_04,Zone_04,0.9966,0.0005,0.0008,0.001,0.9966,0.0003,0.0001,0.0004,0.0001,0.0001,0.0001
CT008284,Zone_07,Zone_07,0.8904,0.0,0.0,0.0,0.0006,0.0006,0.0003,0.8904,0.1078,0.0002,0.0001
CT017875,Zone_03,Zone_03,0.998,0.0005,0.0006,0.998,0.0007,0.0001,0.0001,0.0,0.0,0.0,0.0
CT001238,Zone_08,Zone_08,0.999,0.0,0.0,0.0,0.0001,0.0002,0.0001,0.0006,0.999,0.0001,0.0
CT003502,Zone_08,Zone_07,0.6417,0.0,0.0,0.0,0.0003,0.0003,0.0,0.6417,0.3573,0.0002,0.0001
CT012069,Zone_03,Zone_03,0.998,0.0005,0.0005,0.998,0.0008,0.0001,0.0,0.0,0.0,0.0,0.0
CT008432,Zone_02,Zone_02,0.9975,0.0007,0.9975,0.0006,0.001,0.0001,0.0,0.0,0.0,0.0,0.0
CT011336,Zone_02,Zone_02,0.9978,0.0006,0.9978,0.0006,0.0009,0.0001,0.0,0.0,0.0,0.0,0.0
CT009325,Zone_08,Zone_08,0.9972,0.0,0.0,0.0,0.0002,0.0003,0.0001,0.0018,0.9972,0.0002,0.0001
CT000687,Zone_08,Zone_08,0.9969,0.0,0.0,0.0,0.0003,0.0005,0.0003,0.0016,0.9969,0.0002,0.0001
CT009993,Zone_05,Zone_05,0.9958,0.0,0.0001,0.0002,0.0011,0.9958,0.0002,0.0015,0.0008,0.0001,0.0001
CT019589,Zone_04,Zone_04,0.9972,0.0001,0.0002,0.0002,0.9972,0.0009,0.0001,0.0005,0.0007,0.0,0.0
CT008482,Zone_01,Zone_01,0.9979,0.9979,0.0008,0.0007,0.0005,0.0,0.0,0.0,0.0,0.0,0.0
CT018581,Zone_01,Zone_01,0.9982,0.9982,0.0007,0.0007,0.0004,0.0,0.0,0.0,0.0,0.0,0.0
CT002890,Zone_03,Zone_03,0.998,0.0005,0.0006,0.998,0.0007,0.0001,0.0001,0.0,0.0,0.0,0.0
CT009572,Zone_08,Zone_08,0.8174,0.0,0.0,0.0,0.0001,0.0001,0.0,0.1822,0.8174,0.0001,0.0
CT003736,Zone_10,Zone_10,0.9987,0.0,0.0,0.0,0.0,0.0,0.0,0.0002,0.0004,0.0006,0.9987
CT001863,Zone_09,Zone_09,0.9908,0.0,0.0,0.0001,0.0001,0.0003,0.0003,0.0029,0.0019,0.9908,0.0036
CT002847,Zone_04,Zone_04,0.9969,0.0005,0.0008,0.0009,0.9969,0.0003,0.0001,0.0001,0.0003,0.0001,0.0001
CT012402,Zone_07,Zone_07,0.9907,0.0,0.0,0.0,0.0001,0.0001,0.0002,0.9907,0.0087,0.0001,0.0
CT005648,Zone_03,Zone_03,0.9981,0.0005,0.0005,0.9981,0.0008,0.0001,0.0,0.0,0.0,0.0,0.0
CT000603,Zone_06,Zone_06,0.9897,0.0,0.0,0.0001,0.0008,0.0002,0.9897,0.0071,0.002,0.0002,0.0
CT008604,Zone_10,Zone_10,0.9988,0.0,0.0,0.0,0.0,0.0,0.0,0.0003,0.0001,0.0007,0.9988
CT008406,Zone_07,Zone_07,0.958,0.0,0.0,0.0,0.0003,0.0001,0.0411,0.958,0.0003,0.0001,0.0
CT006720,Zone_08,Zone_08,0.9993,0.0,0.0,0.0,0.0001,0.0001,0.0,0.0005,0.9993,0.0,0.0
CT008120,Zone_08,Zone_07,0.5174,0.0,0.0,0.0001,0.0001,0.0001,0.0001,0.5174,0.4821,0.0001,0.0
CT016793,Zone_08,Zone_08,0.9995,0.0,0.0,0.0,0.0,0.0001,0.0,0.0003,0.9995,0.0,0.0
CT010613,Zone_07,Zone_07,0.9028,0.0,0.0,0.0001,0.0003,0.0001,0.0962,0.9028,0.0003,0.0001,0.0
CT007995,Zone_02,Zone_02,0.9974,0.0008,0.9974,0.0008,0.0009,0.0001,0.0,0.0,0.0,0.0,0.0
CT014790,Zone_07,Zone_07,0.7845,0.0,0.0,0.0,0.0004,0.0004,0.0001,0.7845,0.2144,0.0002,0.0001
CT015860,Zone_10,Zone_10,0.9988,0.0,0.0,0.0,0.0,0.0,0.0,0.0003,0.0002,0.0007,0.9988
CT019578,Zone_08,Zone_08,0.611,0.0,0.0,0.0001,0.0003,0.0002,0.0003,0.3879,0.611,0.0002,0.0001
CT017654,Zone_07,Zone_07,0.982,0.0,0.0,0.0,0.0002,0.0001,0.0169,0.982,0.0005,0.0001,0.0
CT018078,Zone_08,Zone_08,0.9973,0.0,0.0,0.0,0.0002,0.0003,0.0001,0.0019,0.9973,0.0001,0.0001
CT005267,Zone_04,Zone_04,0.9979,0.0001,0.0002,0.0002,0.9979,0.0007,0.0002,0.0003,0.0004,0.0,0.0
CT016748,Zone_10,Zone_10,0.9989,0.0,0.0,0.0,0.0,0.0,0.0,0.0003,0.0001,0.0006,0.9989
CT004094,Zone_01,Zone_01,0.9974,0.9974,0.0009,0.0009,0.0007,0.0,0.0,0.0,0.0,0.0,0.0
CT016875,Zone_07,Zone_08,0.5327,0.0,0.0,0.0001,0.0003,0.0002,0.0002,0.4661,0.5327,0.0002,0.0001
CT011338,Zone_08,Zone_08,0.9967,0.0,0.0,0.0,0.0002,0.0003,0.0,0.0025,0.9967,0.0001,0.0001
CT004409,Zone_07,Zone_07,0.983,0.0,0.0,0.0,0.0002,0.0001,0.0162,0.983,0.0003,0.0001,0.0
CT000334,Zone_07,Zone_07,0.9872,0.0,0.0,0.0,0.0003,0.0001,0.0116,0.9872,0.0005,0.0001,0.0
CT014329,Zone_10,Zone_10,0.9986,0.0,0.0,0.0,0.0,0.0,0.0,0.0002,0.0004,0.0007,0.9986
CT011548,Zone_04,Zone_04,0.9977,0.0001,0.0002,0.0002,0.9977,0.0006,0.0001,0.0004,0.0006,0.0,0.0
CT010348,Zone_08,Zone_07,0.8923,0.0,0.0,0.0,0.0006,0.0006,0.0017,0.8923,0.1043,0.0002,0.0001
CT007162,Zone_08,Zone_08,0.9985,0.0,0.0,0.0,0.0002,0.0003,0.0,0.0008,0.9985,0.0001,0.0001
CT017986,Zone_04,Zone_04,0.9972,0.0002,0.0004,0.0004,0.9972,0.0008,0.0002,0.0002,0.0006,0.0,0.0
CT003259,Zone_07,Zone_07,0.9555,0.0,0.0,0.0001,0.0004,0.0004,0.0018,0.9555,0.0415,0.0002,0.0001
CT012024,Zone_02,Zone_02,0.9979,0.0008,0.9979,0.0006,0.0007,0.0001,0.0,0.0,0.0,0.0,0.0
CT004190,Zone_08,Zone_08,0.9981,0.0,0.0,0.0,0.0002,0.0002,0.0,0.0013,0.9981,0.0001,0.0
CT013212,Zone_04,Zone_04,0.9973,0.0002,0.0003,0.0003,0.9973,0.0008,0.0002,0.0004,0.0005,0.0,0.0
CT010084,Zone_10,Zone_10,0.9992,0.0,0.0,0.0,0.0,0.0,0.0,0.0001,0.0001,0.0005,0.9992
CT019890,Zone_03,Zone_03,0.9982,0.0005,0.0006,0.9982,0.0006,0.0001,0.0,0.0,0.0,0.0,0.0
CT014251,Zone_07,Zone_07,0.5497,0.0,0.0,0.0,0.0002,0.0001,0.0001,0.5497,0.4497,0.0001,0.0001
CT011725,Zone_02,Zone_02,0.9977,0.0009,0.9977,0.0006,0.0008,0.0001,0.0,0.0,0.0,0.0,0.0
CT013483,Zone_04,Zone_04,0.9969,0.0004,0.0007,0.0009,0.9969,0.0003,0.0002,0.0003,0.0001,0.0001,0.0001
CT017428,Zone_02,Zone_02,0.9976,0.0006,0.9976,0.0006,0.001,0.0001,0.0,0.0,0.0,0.0,0.0
CT001672,Zone_07,Zone_07,0.7536,0.0,0.0,0.0001,0.0003,0.0001,0.0009,0.7536,0.2448,0.0001,0.0001
CT010298,Zone_08,Zone_08,0.9987,0.0,0.0,0.0,0.0002,0.0002,0.0001,0.0007,0.9987,0.0001,0.0001
CT017323,Zone_10,Zone_10,0.9988,0.0,0.0,0.0,0.0,0.0,0.0,0.0002,0.0004,0.0006,0.9988
CT006412,Zone_07,Zone_07,0.9833,0.0,0.0,0.0001,0.0003,0.0002,0.0011,0.9833,0.0147,0.0002,0.0001
CT009808,Zone_02,Zone_02,0.998,0.0006,0.998,0.0005,0.0008,0.0001,0.0,0.0,0.0,0.0,0.0
CT006658,Zone_10,Zone_10,0.9986,0.0001,0.0,0.0,0.0,0.0,0.0,0.0004,0.0001,0.0008,0.9986
CT004598,Zone_01,Zone_01,0.9974,0.9974,0.0011,0.0007,0.0008,0.0,0.0,0.0,0.0,0.0,0.0
CT010168,Zone_07,Zone_07,0.9257,0.0,0.0,0.0001,0.0004,0.0002,0.0727,0.9257,0.0005,0.0002,0.0001
CT018473,Zone_07,Zone_07,0.9926,0.0,0.0,0.0,0.0003,0.0001,0.0062,0.9926,0.0005,0.0001,0.0
CT009139,Zone_04,Zone_04,0.998,0.0001,0.0002,0.0002,0.998,0.0006,0.0002,0.0004,0.0004,0.0,0.0
CT012319,Zone_08,Zone_08,0.9966,0.0,0.0,0.0,0.0003,0.0005,0.0001,0.0021,0.9966,0.0002,0.0002
CT002985,Zone_02,Zone_02,0.998,0.0007,0.998,0.0005,0.0008,0.0001,0.0,0.0,0.0,0.0,0.0
CT013881,Zone_08,Zone_08,0.6814,0.0,0.0,0.0,0.0001,0.0001,0.0,0.3183,0.6814,0.0001,0.0
CT013990,Zone_01,Zone_01,0.9974,0.9974,0.0009,0.0009,0.0007,0.0,0.0,0.0,0.0,0.0,0.0
CT006237,Zone_08,Zone_08,0.9965,0.0,0.0,0.0,0.0002,0.0003,0.0,0.0026,0.9965,0.0001,0.0001
CT013521,Zone_07,Zone_08,0.7341,0.0,0.0,0.0,0.0002,0.0001,0.0003,0.265,0.7341,0.0001,0.0001
CT001735,Zone_07,Zone_07,0.9805,0.0,0.0,0.0,0.0002,0.0001,0.0188,0.9805,0.0002,0.0001,0.0
CT010590,Zone_07,Zone_07,0.8761,0.0,0.0,0.0,0.0005,0.0005,0.0003,0.8761,0.1222,0.0002,0.0001
CT003933,Zone_07,Zone_07,0.8882,0.0,0.0,0.0,0.0004,0.0004,0.0002,0.8882,0.1105,0.0002,0.0001
CT016653,Zone_07,Zone_07,0.9939,0.0,0.0,0.0,0.0002,0.0001,0.0004,0.9939,0.0053,0.0001,0.0
CT016290,Zone_07,Zone_07,0.7963,0.0,0.0,0.0,0.0004,0.0004,0.0,0.7963,0.2026,0.0001,0.0001
CT019126,Zone_07,Zone_07,0.9968,0.0,0.0,0.0,0.0002,0.0001,0.0018,0.9968,0.001,0.0001,0.0
CT006243,Zone_02,Zone_02,0.9977,0.0007,0.9977,0.0006,0.0009,0.0001,0.0,0.0,0.0,0.0,0.0
CT006276,Zone_08,Zone_08,0.5226,0.0,0.0,0.0,0.0001,0.0001,0.0,0.477,0.5226,0.0001,0.0
CT013067,Zone_07,Zone_07,0.9799,0.0,0.0,0.0,0.0003,0.0001,0.0007,0.9799,0.0186,0.0002,0.0001
CT010364,Zone_08,Zone_08,0.804,0.0,0.0,0.0,0.0002,0.0001,0.0002,0.1954,0.804,0.0001,0.0001
CT002861,Zone_08,Zone_08,0.9986,0.0,0.0,0.0,0.0001,0.0002,0.0001,0.0009,0.9986,0.0001,0.0
CT011013,Zone_08,Zone_08,0.5295,0.0,0.0,0.0001,0.0002,0.0001,0.0001,0.4698,0.5295,0.0002,0.0001
CT012307,Zone_04,Zone_04,0.9978,0.0001,0.0003,0.0003,0.9978,0.0006,0.0002,0.0004,0.0002,0.0,0.0
CT008947,Zone_02,Zone_02,0.998,0.0007,0.998,0.0006,0.0007,0.0001,0.0,0.0,0.0,0.0,0.0
CT015517,Zone_08,Zone_07,0.854,0.0,0.0,0.0001,0.0005,0.0005,0.0006,0.854,0.144,0.0002,0.0001
CT004818,Zone_07,Zone_07,0.8839,0.0,0.0,0.0001,0.0004,0.0005,0.0002,0.8839,0.1146,0.0003,0.0001
CT009541,Zone_10,Zone_10,0.9978,0.0,0.0,0.0,0.0,0.0,0.0,0.0005,0.0006,0.0009,0.9978
CT002882,Zone_03,Zone_03,0.9981,0.0005,0.0005,0.9981,0.0007,0.0001,0.0,0.0,0.0,0.0,0.0
CT014259,Zone_08,Zone_08,0.9976,0.0,0.0,0.0,0.0002,0.0003,0.0002,0.0014,0.9976,0.0001,0.0001
CT019176,Zone_04,Zone_04,0.9961,0.0005,0.0009,0.0012,0.9961,0.0004,0.0001,0.0004,0.0002,0.0001,0.0001
CT011711,Zone_08,Zone_07,0.6034,0.0,0.0,0.0001,0.0003,0.0002,0.0007,0.6034,0.395,0.0002,0.0001
CT014212,Zone_07,Zone_07,0.8403,0.0,0.0,0.0,0.0003,0.0004,0.0001,0.8403,0.1586,0.0002,0.0001
CT015588,Zone_04,Zone_04,0.9983,0.0001,0.0003,0.0003,0.9983,0.0003,0.0003,0.0002,0.0001,0.0,0.0
CT016082,Zone_08,Zone_08,0.7453,0.0,0.0,0.0,0.0002,0.0001,0.0002,0.2539,0.7453,0.0001,0.0001
CT016782,Zone_07,Zone_07,0.9907,0.0,0.0,0.0001,0.0004,0.0002,0.0061,0.9907,0.0023,0.0002,0.0001
CT010115,Zone_02,Zone_02,0.9981,0.0006,0.9981,0.0005,0.0008,0.0,0.0,0.0,0.0,0.0,0.0
CT005303,Zone_07,Zone_08,0.6585,0.0,0.0001,0.0002,0.0005,0.0003,0.0029,0.3369,0.6585,0.0003,0.0002
CT007219,Zone_04,Zone_04,0.9978,0.0002,0.0005,0.0004,0.9978,0.0004,0.0001,0.0003,0.0001,0.0001,0.0
CT002069,Zone_04,Zone_04,0.9961,0.0004,0.0009,0.0011,0.9961,0.0004,0.0001,0.0006,0.0001,0.0001,0.0001
CT006548,Zone_08,Zone_07,0.5015,0.0,0.0,0.0,0.0006,0.0006,0.0002,0.5015,0.4968,0.0002,0.0001
CT008348,Zone_03,Zone_03,0.9981,0.0004,0.0006,0.9981,0.0008,0.0001,0.0,0.0,0.0,0.0,0.0
CT017634,Zone_06,Zone_06,0.9919,0.0,0.0,0.0,0.0007,0.0002,0.9919,0.0061,0.001,0.0001,0.0
CT008474,Zone_02,Zone_02,0.9981,0.0006,0.9981,0.0005,0.0007,0.0,0.0,0.0,0.0,0.0,0.0
CT011210,Zone_03,Zone_03,0.9979,0.0006,0.0006,0.9979,0.0007,0.0001,0.0,0.0,0.0,0.0,0.0
CT013970,Zone_07,Zone_07,0.9793,0.0,0.0,0.0,0.0002,0.0001,0.0001,0.9793,0.0201,0.0001,0.0
CT019308,Zone_03,Zone_03,0.9984,0.0005,0.0005,0.9984,0.0005,0.0001,0.0,0.0,0.0,0.0,0.0
CT003495,Zone_03,Zone_03,0.9983,0.0004,0.0005,0.9983,0.0006,0.0001,0.0,0.0,0.0,0.0,0.0
CT000064,Zone_07,Zone_07,0.9776,0.0,0.0,0.0001,0.0003,0.0002,0.0003,0.9776,0.0211,0.0002,0.0001
CT006218,Zone_08,Zone_08,0.8301,0.0,0.0,0.0,0.0001,0.0001,0.0,0.1696,0.8301,0.0001,0.0
CT004015,Zone_07,Zone_07,0.7399,0.0,0.0,0.0001,0.0005,0.0006,0.0005,0.7399,0.2581,0.0003,0.0001
CT016527,Zone_01,Zone_01,0.9979,0.9979,0.0008,0.0007,0.0006,0.0,0.0,0.0,0.0,0.0,0.0
CT017842,Zone_08,Zone_08,0.9984,0.0,0.0,0.0,0.0001,0.0002,0.0,0.0011,0.9984,0.0001,0.0
CT011807,Zone_08,Zone_08,0.7356,0.0,0.0,0.0001,0.0002,0.0001,0.0001,0.2636,0.7356,0.0002,0.0001
CT017379,Zone_08,Zone_07,0.5094,0.0,0.0,0.0001,0.0003,0.0002,0.0001,0.5094,0.4897,0.0002,0.0001
CT007009,Zone_02,Zone_02,0.9977,0.0006,0.9977,0.0006,0.001,0.0001,0.0,0.0,0.0,0.0,0.0
CT014096,Zone_05,Zone_05,0.9964,0.0,0.0001,0.0001,0.001,0.9964,0.0005,0.0011,0.0006,0.0001,0.0001
CT011290,Zone_01,Zone_01,0.9982,0.9982,0.0008,0.0006,0.0003,0.0,0.0,0.0,0.0,0.0,0.0
CT013314,Zone_07,Zone_07,0.9904,0.0,0.0,0.0,0.0002,0.0001,0.0014,0.9904,0.0077,0.0002,0.0001
CT001991,Zone_03,Zone_03,0.9978,0.0006,0.0007,0.9978,0.0007,0.0001,0.0001,0.0,0.0,0.0,0.0
CT004874,Zone_07,Zone_07,0.544,0.0,0.0,0.0001,0.0003,0.0002,0.0001,0.544,0.4549,0.0002,0.0001
CT015461,Zone_08,Zone_08,0.713,0.0,0.0,0.0,0.0001,0.0001,0.0,0.2866,0.713,0.0001,0.0
CT015725,Zone_10,Zone_10,0.9986,0.0,0.0,0.0,0.0,0.0,0.0,0.0004,0.0002,0.0007,0.9986
CT000090,Zone_07,Zone_07,0.8885,0.0,0.0,0.0,0.0004,0.0004,0.0003,0.8885,0.1101,0.0002,0.0001
CT010716,Zone_04,Zone_04,0.998,0.0001,0.0004,0.0004,0.998,0.0004,0.0001,0.0005,0.0001,0.0,0.0
CT016894,Zone_01,Zone_01,0.9982,0.9982,0.0007,0.0005,0.0004,0.0,0.0,0.0,0.0,0.0,0.0
CT005889,Zone_07,Zone_07,0.9717,0.0,0.0,0.0,0.0003,0.0002,0.0269,0.9717,0.0006,0.0002,0.0
CT017869,Zone_08,Zone_08,0.778,0.0,0.0,0.0001,0.0003,0.0002,0.0006,0.2206,0.778,0.0002,0.0001
CT013363,Zone_04,Zone_04,0.9978,0.0001,0.0003,0.0004,0.9978,0.0003,0.0001,0.0007,0.0002,0.0001,0.0
CT014632,Zone_02,Zone_02,0.9976,0.0007,0.9976,0.0006,0.001,0.0001,0.0,0.0,0.0,0.0,0.0
CT002899,Zone_08,Zone_08,0.5675,0.0,0.0,0.0,0.0001,0.0001,0.0,0.4321,0.5675,0.0001,0.0001
CT017988,Zone_04,Zone_04,0.9981,0.0001,0.0003,0.0004,0.9981,0.0004,0.0003,0.0002,0.0001,0.0,0.0
CT014342,Zone_04,Zone_04,0.9979,0.0002,0.0003,0.0003,0.9979,0.0003,0.0006,0.0003,0.0001,0.0001,0.0
CT001947,Zone_01,Zone_01,0.9976,0.9976,0.001,0.0008,0.0006,0.0,0.0,0.0,0.0,0.0,0.0
CT011856,Zone_04,Zone_04,0.9976,0.0001,0.0002,0.0003,0.9976,0.0007,0.0001,0.0006,0.0004,0.0,0.0
CT009872,Zone_07,Zone_07,0.9942,0.0,0.0,0.0,0.0002,0.0001,0.0042,0.9942,0.001,0.0002,0.0
CT015536,Zone_03,Zone_03,0.998,0.0004,0.0005,0.998,0.0009,0.0001,0.0,0.0,0.0,0.0,0.0
CT010969,Zone_08,Zone_08,0.6777,0.0,0.0,0.0001,0.0003,0.0002,0.0005,0.3209,0.6777,0.0002,0.0001
CT004093,Zone_07,Zone_07,0.9672,0.0,0.0,0.0001,0.0006,0.0002,0.0305,0.9672,0.0012,0.0002,0.0
CT014011,Zone_06,Zone_06,0.9906,0.0,0.0,0.0001,0.0008,0.0002,0.9906,0.0068,0.0013,0.0002,0.0
CT015689,Zone_04,Zone_04,0.9967,0.0005,0.0008,0.0009,0.9967,0.0004,0.0002,0.0003,0.0001,0.0001,0.0001
CT016265,Zone_10,Zone_10,0.9985,0.0,0.0,0.0,0.0,0.0,0.0,0.0002,0.0005,0.0007,0.9985
CT013950,Zone_08,Zone_08,0.9949,0.0,0.0,0.0001,0.0004,0.0006,0.0002,0.0034,0.9949,0.0002,0.0001
CT006116,Zone_07,Zone_07,0.9901,0.0,0.0,0.0,0.0002,0.0001,0.0003,0.9901,0.009,0.0002,0.0001
CT012962,Zone_08,Zone_08,0.5983,0.0,0.0,0.0,0.0001,0.0001,0.0,0.4012,0.5983,0.0001,0.0001
CT011610,Zone_02,Zone_02,0.9975,0.0007,0.9975,0.0007,0.001,0.0001,0.0,0.0,0.0,0.0,0.0
CT019323,Zone_07,Zone_08,0.5446,0.0,0.0,0.0001,0.0003,0.0002,0.0004,0.454,0.5446,0.0002,0.0001
CT003978,Zone_03,Zone_03,0.9982,0.0004,0.0005,0.9982,0.0008,0.0001,0.0,0.0,0.0,0.0,0.0
CT019559,Zone_07,Zone_07,0.9864,0.0,0.0,0.0,0.0002,0.0001,0.0004,0.9864,0.0127,0.0001,0.0
CT010737,Zone_05,Zone_05,0.995,0.0,0.0001,0.0002,0.0012,0.995,0.0002,0.002,0.001,0.0002,0.0001
CT011712,Zone_02,Zone_02,0.9977,0.0007,0.9977,0.0006,0.0009,0.0001,0.0,0.0,0.0,0.0,0.0
CT009915,Zone_04,Zone_04,0.9978,0.0001,0.0002,0.0002,0.9978,0.0007,0.0,0.0004,0.0006,0.0,0.0
CT013068,Zone_07,Zone_07,0.9883,0.0,0.0,0.0,0.0002,0.0001,0.0106,0.9883,0.0005,0.0001,0.0
CT019907,Zone_07,Zone_08,0.6198,0.0,0.0,0.0001,0.0002,0.0001,0.0002,0.3793,0.6198,0.0001,0.0001
CT019133,Zone_07,Zone_07,0.9876,0.0,0.0,0.0,0.0001,0.0001,0.0001,0.9876,0.012,0.0001,0.0
CT010738,Zone_05,Zone_05,0.9946,0.0,0.0001,0.0002,0.0014,0.9946,0.0002,0.0012,0.0022,0.0001,0.0001
CT005095,Zone_09,Zone_09,0.9877,0.0,0.0001,0.0002,0.0001,0.0004,0.0003,0.0014,0.0056,0.9877,0.0043
CT006646,Zone_03,Zone_03,0.998,0.0006,0.0006,0.998,0.0007,0.0001,0.0,0.0,0.0,0.0,0.0
CT011147,Zone_03,Zone_03,0.9982,0.0004,0.0005,0.9982,0.0007,0.0001,0.0,0.0,0.0,0.0,0.0
CT012534,Zone_08,Zone_08,0.9918,0.0,0.0,0.0001,0.0008,0.001,0.0022,0.0035,0.9918,0.0004,0.0002
CT006598,Zone_04,Zone_04,0.997,0.0004,0.0007,0.0008,0.997,0.0003,0.0004,0.0003,0.0,0.0001,0.0001
CT009310,Zone_08,Zone_08,0.6413,0.0,0.0,0.0,0.0002,0.0001,0.0001,0.3581,0.6413,0.0001,0.0
CT009437,Zone_04,Zone_04,0.9978,0.0001,0.0003,0.0004,0.9978,0.0003,0.0001,0.0006,0.0001,0.0001,0.0
CT010226,Zone_08,Zone_08,0.7304,0.0,0.0001,0.0002,0.0008,0.0005,0.0005,0.2668,0.7304,0.0005,0.0002
CT001570,Zone_08,Zone_08,0.9966,0.0,0.0,0.0,0.0003,0.0004,0.0001,0.0023,0.9966,0.0001,0.0001
CT003766,Zone_07,Zone_07,0.985,0.0,0.0,0.0,0.0002,0.0001,0.0001,0.985,0.0144,0.0001,0.0
CT018944,Zone_07,Zone_07,0.8296,0.0,0.0,0.0,0.0003,0.0004,0.0,0.8296,0.1694,0.0001,0.0001
CT008822,Zone_08,Zone_08,0.9979,0.0,0.0,0.0,0.0002,0.0003,0.0001,0.0012,0.9979,0.0001,0.0001
CT010819,Zone_04,Zone_04,0.9966,0.0005,0.0009,0.001,0.9966,0.0003,0.0001,0.0003,0.0002,0.0001,0.0001
CT000795,Zone_02,Zone_02,0.9977,0.0007,0.9977,0.0007,0.0008,0.0001,0.0,0.0,0.0,0.0,0.0
CT016322,Zone_08,Zone_08,0.6474,0.0,0.0,0.0001,0.0002,0.0002,0.0001,0.3517,0.6474,0.0002,0.0001
CT004128,Zone_08,Zone_08,0.998,0.0,0.0,0.0,0.0001,0.0002,0.0,0.0015,0.998,0.0001,0.0001
CT013384,Zone_02,Zone_02,0.9981,0.0007,0.9981,0.0005,0.0006,0.0001,0.0,0.0,0.0,0.0,0.0
CT018447,Zone_08,Zone_08,0.9968,0.0,0.0,0.0,0.0003,0.0005,0.0001,0.0019,0.9968,0.0002,0.0001
CT001430,Zone_08,Zone_08,0.9988,0.0,0.0,0.0,0.0002,0.0002,0.0,0.0006,0.9988,0.0001,0.0001
CT010609,Zone_10,Zone_10,0.9987,0.0,0.0,0.0,0.0,0.0,0.0,0.0004,0.0001,0.0007,0.9987
CT009341,Zone_02,Zone_02,0.9978,0.0007,0.9978,0.0005,0.0009,0.0001,0.0,0.0,0.0,0.0,0.0
CT018952,Zone_05,Zone_05,0.9966,0.0,0.0001,0.0002,0.0011,0.9966,0.0002,0.0007,0.0009,0.0001,0.0001
CT009312,Zone_07,Zone_07,0.8889,0.0,0.0,0.0001,0.0005,0.0004,0.0002,0.8889,0.1096,0.0003,0.0001
CT001621,Zone_01,Zone_01,0.9983,0.9983,0.0007,0.0006,0.0003,0.0,0.0,0.0,0.0,0.0,0.0
CT015044,Zone_07,Zone_07,0.6564,0.0,0.0,0.0001,0.0006,0.0006,0.0003,0.6564,0.3414,0.0004,0.0001
CT001758,Zone_10,Zone_10,0.9987,0.0,0.0,0.0,0.0,0.0,0.0,0.0003,0.0003,0.0006,0.9987
CT003423,Zone_08,Zone_08,0.8581,0.0,0.0,0.0,0.0002,0.0001,0.0002,0.1412,0.8581,0.0001,0.0001
CT018346,Zone_04,Zone_04,0.9952,0.0008,0.0011,0.0015,0.9952,0.0005,0.0001,0.0003,0.0002,0.0001,0.0002
CT014099,Zone_06,Zone_06,0.9977,0.0,0.0,0.0,0.0003,0.0001,0.9977,0.0009,0.0009,0.0001,0.0
CT007014,Zone_08,Zone_08,0.801,0.0,0.0,0.0001,0.0001,0.0001,0.0001,0.1984,0.801,0.0001,0.0001
CT005623,Zone_08,Zone_08,0.808,0.0,0.0,0.0,0.0001,0.0001,0.0,0.1917,0.808,0.0001,0.0
CT010428,Zone_07,Zone_07,0.9767,0.0,0.0,0.0,0.0002,0.0001,0.0004,0.9767,0.0223,0.0002,0.0001
CT012686,Zone_08,Zone_08,0.9988,0.0,0.0,0.0,0.0001,0.0001,0.0,0.0009,0.9988,0.0001,0.0
CT015527,Zone_08,Zone_08,0.9988,0.0,0.0,0.0,0.0001,0.0001,0.0,0.0008,0.9988,0.0001,0.0001
CT012808,Zone_06,Zone_06,0.9988,0.0,0.0,0.0,0.0002,0.0,0.9988,0.0005,0.0004,0.0,0.0
CT013627,Zone_08,Zone_08,0.7274,0.0,0.0,0.0,0.0001,0.0001,0.0,0.2721,0.7274,0.0001,0.0
CT017569,Zone_03,Zone_03,0.9981,0.0004,0.0006,0.9981,0.0007,0.0001,0.0,0.0,0.0,0.0,0.0
CT014825,Zone_08,Zone_08,0.9924,0.0,0.0,0.0001,0.0005,0.0008,0.0007,0.005,0.9924,0.0003,0.0002
CT010594,Zone_08,Zone_08,0.9969,0.0,0.0,0.0,0.0002,0.0004,0.0001,0.0022,0.9969,0.0001,0.0001
CT019721,Zone_08,Zone_08,0.9981,0.0,0.0,0.0,0.0001,0.0003,0.0,0.0013,0.9981,0.0001,0.0001
CT015392,Zone_04,Zone_04,0.9965,0.0004,0.0008,0.0011,0.9965,0.0003,0.0001,0.0005,0.0001,0.0001,0.0001
CT015319,Zone_08,Zone_08,0.9959,0.0,0.0,0.0001,0.0004,0.0005,0.0002,0.0026,0.9959,0.0002,0.0002
CT004930,Zone_04,Zone_04,0.9979,0.0001,0.0004,0.0004,0.9979,0.0004,0.0001,0.0005,0.0001,0.0001,0.0
CT006434,Zone_06,Zone_06,0.999,0.0,0.0,0.0,0.0001,0.0,0.999,0.0007,0.0001,0.0,0.0
CT016898,Zone_09,Zone_09,0.9883,0.0,0.0001,0.0002,0.0001,0.0003,0.0017,0.004,0.0014,0.9883,0.0038
CT010083,Zone_03,Zone_03,0.9982,0.0005,0.0005,0.9982,0.0006,0.0001,0.0,0.0,0.0,0.0,0.0
CT003896,Zone_08,Zone_08,0.7657,0.0,0.0,0.0,0.0002,0.0001,0.0001,0.2337,0.7657,0.0001,0.0001
CT000653,Zone_08,Zone_08,0.5591,0.0,0.0,0.0,0.0002,0.0001,0.0001,0.4403,0.5591,0.0001,0.0001
CT014148,Zone_06,Zone_06,0.9949,0.0,0.0,0.0,0.0004,0.0001,0.9949,0.0034,0.0011,0.0001,0.0
CT000362,Zone_03,Zone_03,0.9978,0.0006,0.0006,0.9978,0.0008,0.0001,0.0,0.0,0.0,0.0,0.0
CT000191,Zone_10,Zone_10,0.9988,0.0,0.0,0.0,0.0,0.0,0.0,0.0003,0.0002,0.0006,0.9988
CT003823,Zone_07,Zone_07,0.9095,0.0,0.0,0.0,0.0006,0.0005,0.0019,0.9095,0.0872,0.0002,0.0001
CT004182,Zone_03,Zone_03,0.9985,0.0005,0.0005,0.9985,0.0004,0.0001,0.0,0.0,0.0,0.0,0.0
CT011508,Zone_02,Zone_02,0.998,0.0005,0.998,0.0005,0.0008,0.0001,0.0,0.0,0.0,0.0,0.0
CT019163,Zone_04,Zone_04,0.9979,0.0002,0.0004,0.0004,0.9979,0.0003,0.0003,0.0004,0.0001,0.0001,0.0
CT003282,Zone_02,Zone_02,0.9978,0.0008,0.9978,0.0006,0.0007,0.0,0.0,0.0,0.0,0.0,0.0
CT009122,Zone_10,Zone_10,0.9985,0.0001,0.0,0.0,0.0,0.0,0.0,0.0005,0.0001,0.0008,0.9985
CT004071,Zone_05,Zone_05,0.9957,0.0,0.0001,0.0002,0.0009,0.9957,0.0001,0.0008,0.002,0.0001,0.0001
CT010374,Zone_04,Zone_04,0.9967,0.0005,0.0008,0.001,0.9967,0.0003,0.0001,0.0003,0.0001,0.0001,0.0001
CT015633,Zone_03,Zone_03,0.998,0.0006,0.0005,0.998,0.0007,0.0001,0.0,0.0,0.0,0.0,0.0
CT010171,Zone_07,Zone_07,0.8831,0.0,0.0,0.0,0.0004,0.0004,0.0001,0.8831,0.1156,0.0002,0.0001
CT013486,Zone_07,Zone_07,0.9745,0.0,0.0,0.0,0.0003,0.0001,0.0246,0.9745,0.0003,0.0001,0.0
CT019924,Zone_08,Zone_08,0.818,0.0,0.0,0.0001,0.0002,0.0001,0.0,0.1814,0.818,0.0001,0.0001
CT018401,Zone_07,Zone_07,0.9884,0.0,0.0,0.0,0.0001,0.0001,0.0001,0.9884,0.0112,0.0001,0.0
CT010338,Zone_06,Zone_06,0.9975,0.0,0.0,0.0,0.0004,0.0001,0.9975,0.0009,0.001,0.0001,0.0
CT010145,Zone_07,Zone_07,0.946,0.0,0.0,0.0,0.0003,0.0003,0.0001,0.946,0.0531,0.0002,0.0001
CT016887,Zone_07,Zone_07,0.5292,0.0,0.0,0.0001,0.0002,0.0001,0.0001,0.5292,0.47,0.0001,0.0001
CT007392,Zone_02,Zone_02,0.9977,0.0007,0.9977,0.0006,0.0009,0.0001,0.0,0.0,0.0,0.0,0.0
CT010780,Zone_08,Zone_08,0.9957,0.0,0.0,0.0001,0.0004,0.0006,0.0004,0.0024,0.9957,0.0003,0.0002
CT004097,Zone_07,Zone_08,0.6179,0.0,0.0,0.0001,0.0002,0.0001,0.0,0.3814,0.6179,0.0002,0.0001
CT009234,Zone_06,Zone_06,0.9957,0.0,0.0,0.0,0.0004,0.0001,0.9957,0.003,0.0008,0.0001,0.0
CT015785,Zone_08,Zone_08,0.9906,0.0,0.0,0.0001,0.0004,0.0006,0.0003,0.0077,0.9906,0.0002,0.0001
CT003966,Zone_03,Zone_03,0.9981,0.0004,0.0004,0.9981,0.0009,0.0001,0.0,0.0,0.0,0.0,0.0
CT010040,Zone_07,Zone_07,0.8678,0.0,0.0,0.0,0.0003,0.0004,0.0001,0.8678,0.1311,0.0002,0.0001
CT014419,Zone_08,Zone_08,0.9985,0.0,0.0,0.0,0.0001,0.0002,0.0,0.0011,0.9985,0.0001,0.0001
CT005080,Zone_07,Zone_08,0.7278,0.0,0.0,0.0,0.0001,0.0001,0.0001,0.2717,0.7278,0.0001,0.0001
CT009522,Zone_08,Zone_08,0.7653,0.0,0.0,0.0001,0.0002,0.0001,0.0003,0.2339,0.7653,0.0001,0.0001
CT012067,Zone_03,Zone_03,0.9981,0.0004,0.0005,0.9981,0.0008,0.0001,0.0,0.0,0.0,0.0,0.0
CT015529,Zone_07,Zone_07,0.9294,0.0,0.0,0.0,0.0002,0.0002,0.0001,0.9294,0.0698,0.0001,0.0001
CT011378,Zone_04,Zone_04,0.998,0.0001,0.0004,0.0005,0.998,0.0004,0.0001,0.0002,0.0002,0.0,0.0
CT016808,Zone_02,Zone_02,0.9977,0.0008,0.9977,0.0007,0.0008,0.0001,0.0,0.0,0.0,0.0,0.0
CT018155,Zone_08,Zone_08,0.993,0.0,0.0,0.0001,0.0005,0.0006,0.0008,0.0045,0.993,0.0003,0.0002
CT019041,Zone_07,Zone_07,0.9356,0.0,0.0,0.0,0.0003,0.0003,0.0002,0.9356,0.0635,0.0001,0.0001
CT006179,Zone_05,Zone_05,0.9961,0.0,0.0001,0.0001,0.001,0.9961,0.0004,0.0006,0.0015,0.0001,0.0001
CT004385,Zone_07,Zone_07,0.9676,0.0,0.0,0.0,0.0003,0.0001,0.0314,0.9676,0.0004,0.0001,0.0
CT011134,Zone_10,Zone_10,0.9984,0.0,0.0,0.0,0.0,0.0,0.0,0.0003,0.0005,0.0007,0.9984
CT018654,Zone_04,Zone_04,0.9969,0.0004,0.0008,0.0009,0.9969,0.0003,0.0002,0.0003,0.0,0.0001,0.0001
CT010405,Zone_01,Zone_01,0.9982,0.9982,0.0007,0.0006,0.0005,0.0,0.0,0.0,0.0,0.0,0.0
CT006953,Zone_03,Zone_03,0.9982,0.0005,0.0006,0.9982,0.0006,0.0001,0.0,0.0,0.0,0.0,0.0
CT013896,Zone_07,Zone_07,0.9867,0.0,0.0,0.0,0.0002,0.0001,0.0001,0.9867,0.0127,0.0001,0.0
CT012120,Zone_04,Zone_04,0.9978,0.0001,0.0002,0.0002,0.9978,0.0006,0.0001,0.0003,0.0006,0.0,0.0
CT018213,Zone_01,Zone_01,0.9979,0.9979,0.0008,0.0007,0.0005,0.0,0.0,0.0,0.0,0.0,0.0
CT012369,Zone_08,Zone_07,0.8144,0.0,0.0,0.0,0.0003,0.0004,0.0001,0.8144,0.1846,0.0001,0.0001
CT012986,Zone_07,Zone_08,0.5817,0.0,0.0,0.0001,0.0003,0.0002,0.0006,0.4168,0.5817,0.0003,0.0001
CT002103,Zone_07,Zone_07,0.9898,0.0,0.0,0.0,0.0001,0.0001,0.0001,0.9898,0.0098,0.0001,0.0
CT014300,Zone_07,Zone_07,0.8804,0.0,0.0,0.0,0.0003,0.0004,0.0002,0.8804,0.1183,0.0002,0.0001
CT003500,Zone_07,Zone_07,0.9812,0.0,0.0,0.0,0.0002,0.0001,0.018,0.9812,0.0003,0.0001,0.0
CT011952,Zone_08,Zone_08,0.9948,0.0,0.0,0.0,0.0004,0.0004,0.0002,0.0039,0.9948,0.0002,0.0001
CT005836,Zone_03,Zone_03,0.9981,0.0005,0.0005,0.9981,0.0008,0.0001,0.0,0.0,0.0,0.0,0.0
CT014861,Zone_04,Zone_04,0.9961,0.0005,0.001,0.0011,0.9961,0.0003,0.0006,0.0002,0.0,0.0001,0.0001
CT004984,Zone_03,Zone_03,0.9983,0.0004,0.0005,0.9983,0.0007,0.0001,0.0,0.0,0.0,0.0,0.0
CT008618,Zone_08,Zone_08,0.6882,0.0,0.0,0.0001,0.0002,0.0001,0.0,0.3112,0.6882,0.0001,0.0001
CT000751,Zone_04,Zone_04,0.9965,0.0005,0.0008,0.001,0.9965,0.0004,0.0,0.0004,0.0002,0.0001,0.0001
CT018877,Zone_02,Zone_02,0.9979,0.0007,0.9979,0.0005,0.0008,0.0001,0.0,0.0,0.0,0.0,0.0
CT010720,Zone_07,Zone_07,0.8201,0.0,0.0,0.0,0.0004,0.0004,0.0,0.8201,0.1788,0.0002,0.0001
CT017128,Zone_07,Zone_08,0.5477,0.0,0.0,0.0,0.0002,0.0001,0.0001,0.4518,0.5477,0.0001,0.0001
CT002099,Zone_03,Zone_03,0.9984,0.0004,0.0004,0.9984,0.0004,0.0002,0.0,0.0,0.0,0.0,0.0
CT011570,Zone_07,Zone_08,0.5505,0.0,0.0,0.0001,0.0003,0.0002,0.0002,0.4483,0.5505,0.0002,0.0001
CT015195,Zone_07,Zone_08,0.6053,0.0,0.0,0.0,0.0001,0.0001,0.0,0.3943,0.6053,0.0001,0.0
CT015879,Zone_08,Zone_08,0.5295,0.0,0.0,0.0001,0.0002,0.0001,0.0002,0.4697,0.5295,0.0001,0.0001
CT005914,Zone_04,Zone_04,0.9981,0.0001,0.0003,0.0004,0.9981,0.0003,0.0001,0.0002,0.0003,0.0,0.0
CT003795,Zone_07,Zone_07,0.9665,0.0,0.0,0.0,0.0003,0.0002,0.0002,0.9665,0.0326,0.0001,0.0
CT017331,Zone_05,Zone_05,0.9959,0.0,0.0001,0.0002,0.0011,0.9959,0.0002,0.0014,0.0009,0.0002,0.0001
CT018856,Zone_08,Zone_08,0.999,0.0,0.0,0.0,0.0001,0.0001,0.0,0.0007,0.999,0.0,0.0
CT018202,Zone_04,Zone_04,0.9978,0.0002,0.0004,0.0005,0.9978,0.0004,0.0001,0.0005,0.0001,0.0,0.0
CT000174,Zone_10,Zone_10,0.9989,0.0,0.0,0.0,0.0,0.0,0.0,0.0003,0.0001,0.0006,0.9989
CT001803,Zone_03,Zone_03,0.9985,0.0004,0.0004,0.9985,0.0005,0.0001,0.0,0.0,0.0,0.0,0.0
CT013328,Zone_04,Zone_04,0.9972,0.0003,0.0007,0.0008,0.9972,0.0003,0.0002,0.0003,0.0001,0.0001,0.0001
CT008666,Zone_08,Zone_08,0.75,0.0,0.0,0.0,0.0002,0.0001,0.0001,0.2494,0.75,0.0001,0.0001
CT014321,Zone_07,Zone_07,0.9028,0.0,0.0,0.0,0.0005,0.0005,0.0001,0.9028,0.0959,0.0001,0.0001
CT003453,Zone_02,Zone_02,0.9981,0.0006,0.9981,0.0005,0.0006,0.0001,0.0,0.0,0.0,0.0,0.0
CT009696,Zone_05,Zone_05,0.9953,0.0,0.0001,0.0001,0.0011,0.9953,0.0001,0.0008,0.0023,0.0001,0.0001
CT016332,Zone_07,Zone_07,0.5991,0.0,0.0,0.0001,0.0003,0.0002,0.0004,0.5991,0.3995,0.0002,0.0001
CT016970,Zone_07,Zone_07,0.8657,0.0,0.0,0.0,0.0004,0.0005,0.0005,0.8657,0.1324,0.0002,0.0001
CT004309,Zone_10,Zone_10,0.9984,0.0,0.0,0.0,0.0,0.0,0.0,0.0003,0.0002,0.001,0.9984
CT003767,Zone_07,Zone_07,0.8964,0.0,0.0,0.0,0.0003,0.0002,0.0,0.8964,0.1028,0.0001,0.0
CT002639,Zone_07,Zone_07,0.9821,0.0,0.0,0.0,0.0003,0.0001,0.0169,0.9821,0.0003,0.0002,0.0
CT006193,Zone_01,Zone_01,0.9983,0.9983,0.0007,0.0005,0.0004,0.0,0.0,0.0,0.0,0.0,0.0
CT012296,Zone_07,Zone_07,0.9817,0.0,0.0,0.0,0.0001,0.0001,0.0002,0.9817,0.0177,0.0001,0.0
CT007395,Zone_06,Zone_07,0.6606,0.0,0.0,0.0001,0.0005,0.0002,0.3378,0.6606,0.0004,0.0003,0.0001
CT010778,Zone_08,Zone_08,0.9991,0.0,0.0,0.0,0.0001,0.0002,0.0,0.0005,0.9991,0.0001,0.0001
CT006578,Zone_07,Zone_07,0.9843,0.0,0.0,0.0,0.0002,0.0001,0.0002,0.9843,0.0151,0.0001,0.0
CT019074,Zone_09,Zone_09,0.9888,0.0,0.0001,0.0002,0.0001,0.0005,0.0004,0.0035,0.0028,0.9888,0.0037
CT015095,Zone_07,Zone_07,0.84,0.0,0.0,0.0001,0.0004,0.0004,0.0001,0.84,0.1588,0.0002,0.0001
CT017221,Zone_07,Zone_07,0.9884,0.0,0.0,0.0001,0.0003,0.0002,0.0029,0.9884,0.0079,0.0002,0.0001
CT005042,Zone_03,Zone_03,0.998,0.0004,0.0005,0.998,0.0008,0.0001,0.0,0.0,0.0,0.0,0.0
CT009781,Zone_01,Zone_01,0.9978,0.9978,0.001,0.0006,0.0005,0.0,0.0,0.0,0.0,0.0,0.0
CT002504,Zone_07,Zone_07,0.9268,0.0,0.0,0.0,0.0003,0.0001,0.0723,0.9268,0.0004,0.0001,0.0
CT006335,Zone_07,Zone_07,0.9541,0.0,0.0,0.0,0.0002,0.0001,0.0001,0.9541,0.0452,0.0002,0.0
CT016667,Zone_07,Zone_07,0.7657,0.0,0.0001,0.0001,0.0004,0.0002,0.0016,0.7657,0.2315,0.0002,0.0001
CT018425,Zone_07,Zone_08,0.701,0.0,0.0,0.0001,0.0002,0.0002,0.0001,0.2982,0.701,0.0002,0.0001
CT005892,Zone_07,Zone_07,0.5726,0.0,0.0,0.0001,0.0004,0.0002,0.003,0.5726,0.4233,0.0002,0.0001
CT015586,Zone_08,Zone_08,0.5719,0.0,0.0,0.0001,0.0002,0.0001,0.0,0.4275,0.5719,0.0001,0.0001
CT012258,Zone_02,Zone_02,0.9978,0.0007,0.9978,0.0006,0.0007,0.0001,0.0,0.0,0.0,0.0,0.0
CT013842,Zone_07,Zone_08,0.8611,0.0,0.0,0.0,0.0001,0.0001,0.0,0.1386,0.8611,0.0001,0.0
CT002692,Zone_05,Zone_05,0.9956,0.0,0.0001,0.0001,0.001,0.9956,0.0002,0.0008,0.002,0.0001,0.0001
CT009460,Zone_10,Zone_10,0.9983,0.0,0.0,0.0,0.0,0.0,0.0,0.0003,0.0005,0.0008,0.9983
CT000065,Zone_07,Zone_08,0.5331,0.0,0.0,0.0001,0.0002,0.0001,0.0001,0.466,0.5331,0.0002,0.0001
CT000084,Zone_03,Zone_03,0.9979,0.0005,0.0006,0.9979,0.0008,0.0001,0.0,0.0,0.0,0.0,0.0
CT015701,Zone_06,Zone_06,0.9928,0.0,0.0,0.0,0.0008,0.0002,0.9928,0.0032,0.0028,0.0002,0.0
CT015254,Zone_04,Zone_04,0.9963,0.0007,0.0009,0.001,0.9963,0.0003,0.0002,0.0002,0.0001,0.0001,0.0001
CT017290,Zone_07,Zone_07,0.6744,0.0,0.0,0.0,0.0003,0.0003,0.0,0.6744,0.3247,0.0002,0.0001
CT015986,Zone_03,Zone_03,0.9979,0.0006,0.0006,0.9979,0.0007,0.0001,0.0,0.0,0.0,0.0,0.0
CT015971,Zone_04,Zone_04,0.9982,0.0001,0.0003,0.0003,0.9982,0.0003,0.0001,0.0004,0.0001,0.0,0.0
CT002144,Zone_07,Zone_07,0.9937,0.0,0.0,0.0,0.0002,0.0001,0.0009,0.9937,0.005,0.0001,0.0
CT011515,Zone_04,Zone_04,0.9972,0.0003,0.0005,0.0008,0.9972,0.0003,0.0001,0.0006,0.0001,0.0001,0.0001
CT003208,Zone_02,Zone_02,0.998,0.0006,0.998,0.0005,0.0007,0.0001,0.0,0.0,0.0,0.0,0.0
CT004411,Zone_05,Zone_05,0.9953,0.0,0.0001,0.0002,0.0009,0.9953,0.0,0.0015,0.0017,0.0001,0.0001
CT017584,Zone_04,Zone_04,0.998,0.0001,0.0002,0.0002,0.998,0.0006,0.0002,0.0004,0.0003,0.0,0.0
CT007858,Zone_04,Zone_04,0.9951,0.0006,0.001,0.0013,0.9951,0.0006,0.0006,0.0005,0.0001,0.0001,0.0001
CT018243,Zone_08,Zone_08,0.9991,0.0,0.0,0.0,0.0001,0.0002,0.0,0.0004,0.9991,0.0001,0.0001
CT000069,Zone_02,Zone_02,0.998,0.0006,0.998,0.0006,0.0007,0.0001,0.0,0.0,0.0,0.0,0.0
CT017488,Zone_04,Zone_04,0.9966,0.0006,0.0009,0.0009,0.9966,0.0003,0.0001,0.0003,0.0001,0.0001,0.0001
CT010642,Zone_07,Zone_07,0.9147,0.0,0.0,0.0001,0.0003,0.0001,0.0842,0.9147,0.0004,0.0002,0.0
CT002476,Zone_02,Zone_02,0.9979,0.0007,0.9979,0.0006,0.0007,0.0001,0.0,0.0,0.0,0.0,0.0
CT009149,Zone_05,Zone_05,0.9947,0.0,0.0001,0.0001,0.0013,0.9947,0.0003,0.0022,0.001,0.0001,0.0001
CT017686,Zone_08,Zone_08,0.9976,0.0,0.0,0.0,0.0002,0.0003,0.0001,0.0015,0.9976,0.0001,0.0001
CT014973,Zone_08,Zone_08,0.9988,0.0,0.0,0.0,0.0001,0.0002,0.0,0.0008,0.9988,0.0001,0.0
CT010933,Zone_07,Zone_08,0.7043,0.0,0.0,0.0,0.0001,0.0001,0.0,0.2953,0.7043,0.0001,0.0
CT018777,Zone_03,Zone_03,0.9981,0.0004,0.0005,0.9981,0.0008,0.0001,0.0001,0.0,0.0,0.0,0.0
CT007095,Zone_08,Zone_08,0.8812,0.0,0.0,0.0,0.0001,0.0001,0.0,0.1184,0.8812,0.0001,0.0
CT013522,Zone_07,Zone_07,0.924,0.0,0.0,0.0001,0.0004,0.0002,0.0748,0.924,0.0004,0.0002,0.0001
CT013427,Zone_10,Zone_10,0.9979,0.0001,0.0,0.0,0.0,0.0,0.0,0.0007,0.0003,0.001,0.9979
CT015959,Zone_04,Zone_04,0.9981,0.0001,0.0003,0.0003,0.9981,0.0003,0.0004,0.0002,0.0001,0.0,0.0
CT005599,Zone_07,Zone_07,0.5831,0.0,0.0,0.0,0.0005,0.0005,0.0001,0.5831,0.4154,0.0002,0.0001
CT002880,Zone_02,Zone_02,0.9977,0.0007,0.9977,0.0006,0.0008,0.0001,0.0,0.0,0.0,0.0,0.0
CT002520,Zone_01,Zone_01,0.9971,0.9971,0.0011,0.0009,0.0009,0.0,0.0,0.0,0.0,0.0,0.0
CT005807,Zone_07,Zone_08,0.6134,0.0,0.0,0.0001,0.0002,0.0001,0.0002,0.3857,0.6134,0.0002,0.0001
CT017485,Zone_06,Zone_06,0.999,0.0,0.0,0.0,0.0001,0.0,0.999,0.0007,0.0001,0.0,0.0
CT008240,Zone_05,Zone_05,0.9951,0.0,0.0001,0.0001,0.001,0.9951,0.0001,0.0008,0.0026,0.0001,0.0
CT006929,Zone_04,Zone_04,0.9984,0.0001,0.0002,0.0003,0.9984,0.0003,0.0001,0.0004,0.0001,0.0,0.0
CT002796,Zone_07,Zone_07,0.8896,0.0,0.0,0.0,0.0003,0.0003,0.0001,0.8896,0.1096,0.0001,0.0
CT003772,Zone_10,Zone_10,0.9989,0.0,0.0,0.0,0.0,0.0,0.0,0.0002,0.0001,0.0006,0.9989
CT003708,Zone_08,Zone_08,0.7014,0.0,0.0,0.0001,0.0002,0.0001,0.0001,0.2979,0.7014,0.0001,0.0001
CT000116,Zone_07,Zone_07,0.9611,0.0,0.0,0.0001,0.0003,0.0002,0.0374,0.9611,0.0006,0.0002,0.0001
CT016609,Zone_02,Zone_02,0.9979,0.0008,0.9979,0.0006,0.0006,0.0,0.0,0.0,0.0,0.0,0.0
CT016481,Zone_07,Zone_07,0.9698,0.0,0.0,0.0001,0.0002,0.0002,0.0011,0.9698,0.0282,0.0003,0.0001
CT001780,Zone_08,Zone_08,0.9945,0.0,0.0,0.0001,0.0004,0.0006,0.0005,0.0034,0.9945,0.0003,0.0002
CT007346,Zone_07,Zone_07,0.6376,0.0,0.0,0.0001,0.0005,0.0006,0.0002,0.6376,0.3606,0.0003,0.0001
CT002500,Zone_08,Zone_08,0.9966,0.0,0.0,0.0,0.0003,0.0004,0.0005,0.0019,0.9966,0.0002,0.0001
CT009366,Zone_04,Zone_04,0.9968,0.0004,0.0008,0.0008,0.9968,0.0003,0.0004,0.0003,0.0,0.0001,0.0001
CT017131,Zone_10,Zone_10,0.999,0.0,0.0,0.0,0.0,0.0,0.0,0.0001,0.0002,0.0005,0.999
CT017628,Zone_06,Zone_06,0.9983,0.0,0.0,0.0,0.0002,0.0,0.9983,0.0012,0.0002,0.0,0.0
CT018105,Zone_01,Zone_01,0.9986,0.9986,0.0006,0.0004,0.0003,0.0,0.0,0.0,0.0,0.0,0.0
CT003103,Zone_10,Zone_10,0.9983,0.0,0.0,0.0,0.0,0.0,0.0,0.0003,0.0005,0.0007,0.9983
CT003293,Zone_07,Zone_07,0.7231,0.0,0.0,0.0,0.0004,0.0004,0.0001,0.7231,0.2757,0.0002,0.0001
CT012046,Zone_07,Zone_08,0.8309,0.0,0.0,0.0,0.0001,0.0001,0.0001,0.1687,0.8309,0.0001,0.0
CT014162,Zone_08,Zone_08,0.5054,0.0,0.0,0.0001,0.0003,0.0002,0.0004,0.4933,0.5054,0.0002,0.0001
CT015927,Zone_07,Zone_07,0.9592,0.0,0.0,0.0,0.0003,0.0001,0.0396,0.9592,0.0004,0.0002,0.0
CT012893,Zone_04,Zone_04,0.9983,0.0001,0.0003,0.0003,0.9983,0.0003,0.0001,0.0004,0.0001,0.0,0.0
CT011520,Zone_07,Zone_07,0.908,0.0,0.0,0.0,0.0002,0.0002,0.0,0.908,0.0914,0.0001,0.0
CT017752,Zone_04,Zone_04,0.9979,0.0001,0.0002,0.0002,0.9979,0.0006,0.0002,0.0002,0.0006,0.0,0.0
CT000775,Zone_02,Zone_02,0.9979,0.0007,0.9979,0.0006,0.0007,0.0001,0.0,0.0,0.0,0.0,0.0
CT014906,Zone_08,Zone_08,0.8099,0.0,0.0,0.0,0.0001,0.0001,0.0002,0.1894,0.8099,0.0001,0.0001
CT002820,Zone_06,Zone_06,0.9948,0.0,0.0,0.0,0.0004,0.0001,0.9948,0.0035,0.0011,0.0001,0.0
CT002726,Zone_07,Zone_07,0.98,0.0,0.0,0.0,0.0002,0.0001,0.0001,0.98,0.0194,0.0001,0.0
CT008661,Zone_04,Zone_04,0.9985,0.0001,0.0003,0.0003,0.9985,0.0003,0.0001,0.0003,0.0001,0.0,0.0
CT003178,Zone_05,Zone_05,0.9959,0.0,0.0001,0.0002,0.0012,0.9959,0.0003,0.0013,0.0007,0.0001,0.0001
CT004552,Zone_08,Zone_08,0.5225,0.0,0.0,0.0001,0.0002,0.0002,0.0001,0.4767,0.5225,0.0002,0.0001
CT014014,Zone_10,Zone_10,0.9987,0.0,0.0,0.0,0.0,0.0,0.0,0.0001,0.0004,0.0006,0.9987
CT014528,Zone_07,Zone_07,0.9879,0.0,0.0,0.0,0.0002,0.0001,0.0115,0.9879,0.0002,0.0001,0.0
CT019865,Zone_07,Zone_07,0.992,0.0,0.0,0.0,0.0002,0.0001,0.0069,0.992,0.0005,0.0001,0.0
CT009880,Zone_04,Zone_04,0.9975,0.0001,0.0002,0.0002,0.9975,0.0007,0.0001,0.0007,0.0005,0.0,0.0
CT017678,Zone_08,Zone_08,0.6859,0.0,0.0,0.0,0.0001,0.0001,0.0,0.3137,0.6859,0.0001,0.0001
CT000593,Zone_04,Zone_04,0.9982,0.0001,0.0004,0.0003,0.9982,0.0003,0.0001,0.0003,0.0002,0.0,0.0
CT006067,Zone_08,Zone_08,0.9908,0.0,0.0,0.0001,0.0007,0.0007,0.0031,0.0042,0.9908,0.0003,0.0002
CT013672,Zone_06,Zone_06,0.9967,0.0,0.0,0.0,0.0003,0.0001,0.9967,0.0025,0.0004,0.0001,0.0
CT000628,Zone_03,Zone_03,0.9981,0.0004,0.0005,0.9981,0.0008,0.0001,0.0,0.0,0.0,0.0,0.0
CT012328,Zone_03,Zone_03,0.998,0.0005,0.0005,0.998,0.0007,0.0001,0.0,0.0,0.0,0.0,0.0
CT018906,Zone_07,Zone_07,0.993,0.0,0.0,0.0,0.0003,0.0001,0.006,0.993,0.0004,0.0001,0.0
CT008368,Zone_07,Zone_07,0.9955,0.0,0.0,0.0,0.0001,0.0,0.0001,0.9955,0.0042,0.0001,0.0
CT015312,Zone_07,Zone_07,0.9908,0.0,0.0,0.0001,0.0004,0.0002,0.0067,0.9908,0.0016,0.0002,0.0001
CT018573,Zone_08,Zone_08,0.9991,0.0,0.0,0.0,0.0001,0.0001,0.0,0.0006,0.9991,0.0,0.0
CT012840,Zone_09,Zone_09,0.9843,0.0,0.0001,0.0002,0.0001,0.0005,0.0002,0.0027,0.008,0.9843,0.0039
CT011848,Zone_07,Zone_07,0.8637,0.0,0.0,0.0001,0.0006,0.0005,0.0012,0.8637,0.1335,0.0003,0.0001
CT019009,Zone_02,Zone_02,0.9979,0.0006,0.9979,0.0006,0.0008,0.0001,0.0,0.0,0.0,0.0,0.0
CT006471,Zone_08,Zone_08,0.9986,0.0,0.0,0.0,0.0001,0.0001,0.0,0.001,0.9986,0.0001,0.0
CT012538,Zone_07,Zone_07,0.7191,0.0,0.0,0.0001,0.0005,0.0005,0.0002,0.7191,0.2792,0.0002,0.0001
CT001095,Zone_07,Zone_08,0.6507,0.0,0.0,0.0,0.0001,0.0001,0.0,0.3489,0.6507,0.0001,0.0001
CT002974,Zone_10,Zone_10,0.9986,0.0,0.0,0.0,0.0,0.0,0.0,0.0003,0.0002,0.0008,0.9986
CT001590,Zone_03,Zone_03,0.9979,0.0004,0.0006,0.9979,0.0009,0.0001,0.0,0.0,0.0,0.0,0.0
CT017901,Zone_08,Zone_08,0.996,0.0,0.0,0.0,0.0003,0.0004,0.0,0.003,0.996,0.0001,0.0001
CT015138,Zone_04,Zone_04,0.9967,0.0003,0.0007,0.001,0.9967,0.0004,0.0002,0.0003,0.0001,0.0001,0.0001
CT001579,Zone_09,Zone_09,0.9875,0.0,0.0001,0.0002,0.0001,0.0004,0.0004,0.0027,0.0047,0.9875,0.0041
CT012299,Zone_01,Zone_01,0.9976,0.9976,0.0009,0.0008,0.0007,0.0,0.0,0.0,0.0,0.0,0.0
CT018126,Zone_07,Zone_07,0.9283,0.0,0.0,0.0,0.0002,0.0002,0.0,0.9283,0.0712,0.0001,0.0
CT004586,Zone_07,Zone_07,0.9949,0.0,0.0,0.0,0.0001,0.0001,0.0002,0.9949,0.0046,0.0001,0.0
CT012399,Zone_03,Zone_03,0.9981,0.0005,0.0005,0.9981,0.0007,0.0001,0.0,0.0,0.0,0.0,0.0
CT017733,Zone_07,Zone_07,0.9931,0.0,0.0,0.0,0.0001,0.0001,0.0011,0.9931,0.0054,0.0001,0.0
CT003950,Zone_04,Zone_04,0.9974,0.0001,0.0004,0.0005,0.9974,0.0003,0.0008,0.0004,0.0001,0.0,0.0
CT002028,Zone_05,Zone_05,0.9947,0.0,0.0001,0.0001,0.0013,0.9947,0.0018,0.0012,0.0006,0.0001,0.0001
CT008844,Zone_07,Zone_08,0.5476,0.0,0.0,0.0001,0.0002,0.0001,0.0001,0.4517,0.5476,0.0001,0.0001
CT011440,Zone_07,Zone_07,0.9916,0.0,0.0,0.0,0.0002,0.0001,0.0071,0.9916,0.0008,0.0001,0.0
CT018586,Zone_04,Zone_04,0.9985,0.0001,0.0002,0.0003,0.9985,0.0003,0.0002,0.0002,0.0003,0.0,0.0
CT017908,Zone_07,Zone_08,0.5888,0.0,0.0,0.0001,0.0003,0.0002,0.0003,0.4099,0.5888,0.0002,0.0002
CT003604,Zone_01,Zone_01,0.9979,0.9979,0.0008,0.0007,0.0006,0.0,0.0,0.0,0.0,0.0,0.0
CT003625,Zone_07,Zone_07,0.6955,0.0,0.0,0.0001,0.0002,0.0001,0.0006,0.6955,0.3033,0.0001,0.0001
CT010584,Zone_08,Zone_08,0.9992,0.0,0.0,0.0,0.0001,0.0001,0.0,0.0005,0.9992,0.0,0.0
CT006932,Zone_08,Zone_08,0.8389,0.0,0.0,0.0001,0.0002,0.0001,0.0002,0.1604,0.8389,0.0002,0.0001
CT013662,Zone_07,Zone_07,0.8236,0.0,0.0,0.0001,0.0008,0.0008,0.0008,0.8236,0.1736,0.0002,0.0001
CT006098,Zone_07,Zone_07,0.8996,0.0,0.0,0.0,0.0005,0.0005,0.0007,0.8996,0.0983,0.0002,0.0001
CT014681,Zone_07,Zone_07,0.9937,0.0,0.0,0.0,0.0002,0.0001,0.0053,0.9937,0.0005,0.0001,0.0
CT018190,Zone_07,Zone_07,0.9968,0.0,0.0,0.0,0.0001,0.0001,0.0027,0.9968,0.0002,0.0001,0.0
CT005035,Zone_08,Zone_08,0.7191,0.0,0.0,0.0,0.0001,0.0001,0.0001,0.2803,0.7191,0.0001,0.0001
CT019771,Zone_01,Zone_01,0.9974,0.9974,0.0011,0.0007,0.0008,0.0,0.0,0.0,0.0,0.0,0.0
CT019090,Zone_08,Zone_08,0.9985,0.0,0.0,0.0,0.0001,0.0002,0.0,0.001,0.9985,0.0001,0.0
CT005830,Zone_07,Zone_07,0.9754,0.0,0.0,0.0,0.0002,0.0001,0.0003,0.9754,0.0237,0.0001,0.0001
CT011389,Zone_03,Zone_03,0.9982,0.0003,0.0005,0.9982,0.0008,0.0001,0.0001,0.0,0.0,0.0,0.0
CT000583,Zone_03,Zone_03,0.9499,0.0119,0.0156,0.9499,0.0204,0.0013,0.0002,0.0001,0.0001,0.0002,0.0004
CT007102,Zone_04,Zone_04,0.9968,0.0004,0.0008,0.001,0.9968,0.0003,0.0001,0.0002,0.0002,0.0001,0.0001
CT000875,Zone_08,Zone_08,0.6565,0.0,0.0,0.0,0.0001,0.0001,0.0,0.3431,0.6565,0.0001,0.0001
CT017825,Zone_07,Zone_07,0.7672,0.0,0.0,0.0,0.0003,0.0003,0.0,0.7672,0.2318,0.0002,0.0001
CT011193,Zone_08,Zone_08,0.6698,0.0,0.0,0.0,0.0001,0.0001,0.0,0.3298,0.6698,0.0001,0.0
CT010125,Zone_03,Zone_03,0.998,0.0005,0.0006,0.998,0.0007,0.0001,0.0,0.0,0.0,0.0,0.0
CT010806,Zone_08,Zone_08,0.8326,0.0,0.0,0.0,0.0001,0.0001,0.0,0.1669,0.8326,0.0001,0.0001
CT019297,Zone_04,Zone_04,0.9971,0.0004,0.0008,0.0008,0.9971,0.0003,0.0001,0.0002,0.0001,0.0001,0.0001
CT016466,Zone_07,Zone_07,0.993,0.0,0.0,0.0,0.0002,0.0001,0.0003,0.993,0.0063,0.0001,0.0
CT019842,Zone_09,Zone_09,0.9893,0.0,0.0,0.0001,0.0001,0.0003,0.0006,0.005,0.0014,0.9893,0.0031
CT014109,Zone_05,Zone_05,0.9944,0.0,0.0001,0.0002,0.0014,0.9944,0.0025,0.0009,0.0003,0.0001,0.0001
CT002064,Zone_03,Zone_03,0.998,0.0004,0.0005,0.998,0.0009,0.0001,0.0,0.0,0.0,0.0,0.0
CT001577,Zone_07,Zone_07,0.9766,0.0,0.0,0.0001,0.0003,0.0002,0.0007,0.9766,0.0218,0.0002,0.0001
CT010247,Zone_02,Zone_02,0.998,0.0008,0.998,0.0006,0.0005,0.0,0.0,0.0,0.0,0.0,0.0
CT001395,Zone_07,Zone_07,0.9531,0.0,0.0,0.0,0.0003,0.0001,0.0459,0.9531,0.0003,0.0002,0.0001
CT007481,Zone_07,Zone_07,0.8523,0.0,0.0,0.0,0.0003,0.0003,0.0001,0.8523,0.1468,0.0001,0.0001
CT007513,Zone_02,Zone_02,0.998,0.0007,0.998,0.0005,0.0007,0.0,0.0,0.0,0.0,0.0,0.0
CT012740,Zone_07,Zone_07,0.508,0.0,0.0,0.0001,0.0002,0.0001,0.0002,0.508,0.491,0.0002,0.0001
CT007576,Zone_10,Zone_10,0.9984,0.0,0.0,0.0,0.0,0.0,0.0,0.0002,0.0005,0.0007,0.9984
CT013547,Zone_10,Zone_10,0.9988,0.0,0.0,0.0,0.0,0.0,0.0,0.0002,0.0003,0.0006,0.9988
CT017510,Zone_03,Zone_03,0.998,0.0005,0.0005,0.998,0.0008,0.0001,0.0,0.0,0.0,0.0,0.0
CT000396,Zone_08,Zone_08,0.9958,0.0,0.0,0.0001,0.0004,0.0005,0.0003,0.0025,0.9958,0.0002,0.0002
CT016624,Zone_07,Zone_07,0.5245,0.0,0.0,0.0001,0.0003,0.0002,0.0001,0.5245,0.4745,0.0002,0.0001
CT017554,Zone_08,Zone_08,0.9931,0.0,0.0,0.0001,0.0006,0.0007,0.0004,0.0046,0.9931,0.0003,0.0002
CT013442,Zone_03,Zone_03,0.998,0.0006,0.0006,0.998,0.0007,0.0001,0.0,0.0,0.0,0.0,0.0
CT017893,Zone_10,Zone_10,0.9987,0.0,0.0,0.0,0.0,0.0,0.0,0.0003,0.0002,0.0007,0.9987
CT017003,Zone_01,Zone_01,0.9979,0.9979,0.0009,0.0006,0.0005,0.0,0.0,0.0,0.0,0.0,0.0
CT007942,Zone_05,Zone_05,0.9945,0.0,0.0001,0.0002,0.0013,0.9945,0.0002,0.0026,0.0009,0.0002,0.0001
CT000094,Zone_05,Zone_05,0.9959,0.0,0.0001,0.0001,0.0011,0.9959,0.0003,0.0013,0.0009,0.0001,0.0001
CT018687,Zone_03,Zone_03,0.9981,0.0004,0.0004,0.9981,0.0008,0.0001,0.0,0.0,0.0,0.0,0.0
CT009004,Zone_02,Zone_02,0.9979,0.0007,0.9979,0.0007,0.0007,0.0001,0.0,0.0,0.0,0.0,0.0
CT015361,Zone_07,Zone_07,0.9707,0.0,0.0,0.0,0.0003,0.0002,0.028,0.9707,0.0007,0.0001,0.0
CT002367,Zone_04,Zone_04,0.9968,0.0005,0.0009,0.0009,0.9968,0.0003,0.0,0.0003,0.0002,0.0001,0.0001
CT019100,Zone_04,Zone_04,0.9976,0.0002,0.0005,0.0005,0.9976,0.0004,0.0001,0.0005,0.0002,0.0001,0.0
CT013555,Zone_06,Zone_06,0.9939,0.0,0.0,0.0,0.0005,0.0001,0.9939,0.0039,0.0013,0.0001,0.0
CT003269,Zone_10,Zone_10,0.9986,0.0,0.0,0.0,0.0,0.0,0.0,0.0004,0.0002,0.0008,0.9986
CT010548,Zone_05,Zone_05,0.9957,0.0,0.0001,0.0001,0.001,0.9957,0.0004,0.0014,0.0012,0.0001,0.0001
CT003165,Zone_08,Zone_08,0.5663,0.0,0.0,0.0001,0.0003,0.0002,0.0004,0.4323,0.5663,0.0002,0.0002
CT019387,Zone_08,Zone_08,0.5114,0.0,0.0,0.0001,0.0003,0.0002,0.0016,0.4861,0.5114,0.0002,0.0001
CT010045,Zone_04,Zone_04,0.9972,0.0001,0.0002,0.0002,0.9972,0.0009,0.0001,0.0007,0.0006,0.0,0.0
CT010741,Zone_10,Zone_10,0.999,0.0,0.0,0.0,0.0,0.0,0.0,0.0001,0.0002,0.0005,0.999
CT013186,Zone_04,Zone_04,0.9963,0.0005,0.0008,0.0011,0.9963,0.0004,0.0001,0.0004,0.0002,0.0001,0.0001
CT004217,Zone_08,Zone_07,0.5053,0.0,0.0,0.0001,0.0002,0.0001,0.0002,0.5053,0.4937,0.0002,0.0001
CT010096,Zone_07,Zone_07,0.5821,0.0,0.0001,0.0001,0.0004,0.0003,0.0013,0.5821,0.4152,0.0003,0.0002
CT008923,Zone_02,Zone_02,0.9981,0.0006,0.9981,0.0005,0.0007,0.0001,0.0,0.0,0.0,0.0,0.0
CT005858,Zone_07,Zone_07,0.6904,0.0,0.0,0.0001,0.0006,0.0007,0.0003,0.6904,0.3074,0.0003,0.0002
CT005454,Zone_01,Zone_01,0.998,0.998,0.0008,0.0006,0.0005,0.0,0.0,0.0,0.0,0.0,0.0
CT003412,Zone_03,Zone_03,0.9981,0.0005,0.0005,0.9981,0.0008,0.0001,0.0,0.0,0.0,0.0,0.0
CT012001,Zone_07,Zone_07,0.8762,0.0,0.0,0.0,0.0003,0.0003,0.0001,0.8762,0.1227,0.0002,0.0001
CT008540,Zone_04,Zone_04,0.9963,0.0005,0.0009,0.0011,0.9963,0.0003,0.0006,0.0002,0.0001,0.0001,0.0001
CT006682,Zone_07,Zone_07,0.9442,0.0,0.0,0.0001,0.0005,0.0003,0.0538,0.9442,0.0007,0.0003,0.0001
CT001174,Zone_07,Zone_07,0.9961,0.0,0.0,0.0,0.0001,0.0001,0.0016,0.9961,0.0019,0.0001,0.0
CT003855,Zone_08,Zone_08,0.7254,0.0,0.0,0.0001,0.0001,0.0001,0.0001,0.274,0.7254,0.0001,0.0001
CT015098,Zone_07,Zone_08,0.8477,0.0,0.0,0.0,0.0001,0.0001,0.0,0.152,0.8477,0.0001,0.0
CT005385,Zone_04,Zone_04,0.9544,0.004,0.0129,0.0174,0.9544,0.0038,0.0022,0.0019,0.0015,0.0007,0.001
CT000577,Zone_06,Zone_06,0.9987,0.0,0.0,0.0,0.0001,0.0,0.9987,0.0008,0.0002,0.0,0.0
CT016294,Zone_08,Zone_07,0.5628,0.0,0.0,0.0001,0.0002,0.0001,0.0002,0.5628,0.4364,0.0001,0.0001
CT001087,Zone_07,Zone_07,0.9747,0.0,0.0,0.0,0.0002,0.0001,0.0005,0.9747,0.0242,0.0001,0.0
CT012219,Zone_10,Zone_10,0.9989,0.0,0.0,0.0,0.0,0.0,0.0,0.0002,0.0001,0.0007,0.9989
CT008200,Zone_01,Zone_01,0.998,0.998,0.0009,0.0006,0.0004,0.0,0.0,0.0,0.0,0.0,0.0
CT002294,Zone_04,Zone_04,0.9979,0.0001,0.0004,0.0004,0.9979,0.0004,0.0002,0.0005,0.0001,0.0001,0.0
CT015960,Zone_03,Zone_03,0.9981,0.0007,0.0005,0.9981,0.0006,0.0001,0.0,0.0,0.0,0.0,0.0001
CT005302,Zone_08,Zone_08,0.7811,0.0,0.0,0.0001,0.0002,0.0001,0.0001,0.2182,0.7811,0.0001,0.0001
CT001611,Zone_04,Zone_04,0.9963,0.0005,0.0009,0.0011,0.9963,0.0005,0.0001,0.0004,0.0001,0.0001,0.0001
CT019579,Zone_02,Zone_02,0.9976,0.0009,0.9976,0.0007,0.0007,0.0001,0.0,0.0,0.0,0.0,0.0
CT015053,Zone_07,Zone_07,0.7043,0.0,0.0,0.0001,0.0005,0.0006,0.0002,0.7043,0.2939,0.0002,0.0001
CT019384,Zone_07,Zone_08,0.5529,0.0,0.0,0.0001,0.0002,0.0001,0.0,0.4464,0.5529,0.0001,0.0001
CT008977,Zone_02,Zone_02,0.9977,0.0006,0.9977,0.0007,0.0009,0.0001,0.0,0.0,0.0,0.0,0.0
CT010529,Zone_03,Zone_03,0.9982,0.0005,0.0005,0.9982,0.0006,0.0001,0.0,0.0,0.0,0.0,0.0
CT000527,Zone_10,Zone_10,0.9988,0.0,0.0,0.0,0.0,0.0,0.0,0.0003,0.0001,0.0006,0.9988
CT019465,Zone_03,Zone_03,0.9978,0.0005,0.0006,0.9978,0.0009,0.0001,0.0,0.0,0.0,0.0,0.0
CT009630,Zone_07,Zone_08,0.6609,0.0,0.0,0.0,0.0002,0.0001,0.0001,0.3385,0.6609,0.0001,0.0001
CT018067,Zone_01,Zone_01,0.9982,0.9982,0.0008,0.0006,0.0004,0.0,0.0,0.0,0.0,0.0,0.0
CT003991,Zone_10,Zone_10,0.9986,0.0,0.0,0.0,0.0,0.0,0.0,0.0002,0.0004,0.0007,0.9986
CT005255,Zone_07,Zone_07,0.9735,0.0,0.0,0.0001,0.0003,0.0002,0.0022,0.9735,0.0233,0.0002,0.0001
CT010851,Zone_08,Zone_08,0.9981,0.0,0.0,0.0,0.0002,0.0002,0.0001,0.0013,0.9981,0.0001,0.0001
CT014247,Zone_08,Zone_07,0.5202,0.0,0.0,0.0001,0.0002,0.0001,0.0001,0.5202,0.479,0.0002,0.0001
CT010021,Zone_03,Zone_03,0.9983,0.0003,0.0004,0.9983,0.0007,0.0001,0.0,0.0,0.0,0.0,0.0
CT019480,Zone_08,Zone_08,0.9967,0.0,0.0,0.0,0.0003,0.0003,0.0,0.0024,0.9967,0.0001,0.0001
CT017316,Zone_06,Zone_06,0.9972,0.0,0.0,0.0,0.0005,0.0001,0.9972,0.001,0.0011,0.0001,0.0
CT012112,Zone_08,Zone_08,0.9963,0.0,0.0,0.0,0.0002,0.0003,0.0,0.0029,0.9963,0.0001,0.0001
CT007288,Zone_03,Zone_03,0.9978,0.0005,0.0006,0.9978,0.0009,0.0001,0.0,0.0,0.0,0.0,0.0
CT006819,Zone_03,Zone_03,0.9979,0.0005,0.0006,0.9979,0.0009,0.0001,0.0,0.0,0.0,0.0,0.0
CT008536,Zone_04,Zone_04,0.9968,0.0004,0.0007,0.0009,0.9968,0.0003,0.0002,0.0003,0.0001,0.0001,0.0001
CT011638,Zone_08,Zone_08,0.5172,0.0,0.0,0.0001,0.0003,0.0002,0.0001,0.4818,0.5172,0.0002,0.0001
CT008320,Zone_08,Zone_08,0.9961,0.0,0.0,0.0,0.0003,0.0005,0.0003,0.0024,0.9961,0.0002,0.0001
CT016521,Zone_07,Zone_07,0.9759,0.0,0.0,0.0,0.0003,0.0001,0.0234,0.9759,0.0002,0.0001,0.0
CT012022,Zone_08,Zone_08,0.9993,0.0,0.0,0.0,0.0,0.0001,0.0,0.0005,0.9993,0.0,0.0
CT011656,Zone_08,Zone_08,0.6775,0.0,0.0,0.0,0.0002,0.0001,0.0001,0.3219,0.6775,0.0001,0.0001
CT005009,Zone_07,Zone_08,0.8539,0.0,0.0,0.0,0.0001,0.0001,0.0001,0.1457,0.8539,0.0001,0.0
CT005692,Zone_03,Zone_03,0.9981,0.0005,0.0005,0.9981,0.0007,0.0001,0.0,0.0,0.0,0.0,0.0
CT016321,Zone_07,Zone_07,0.9944,0.0,0.0,0.0,0.0001,0.0001,0.0003,0.9944,0.005,0.0001,0.0
CT016092,Zone_10,Zone_10,0.9988,0.0,0.0,0.0,0.0,0.0,0.0,0.0002,0.0002,0.0007,0.9988
CT016100,Zone_10,Zone_10,0.9985,0.0001,0.0,0.0,0.0,0.0,0.0,0.0005,0.0001,0.0008,0.9985
CT007333,Zone_05,Zone_05,0.9943,0.0,0.0001,0.0002,0.0013,0.9943,0.0001,0.0016,0.0023,0.0001,0.0001
CT011495,Zone_08,Zone_08,0.8422,0.0,0.0,0.0,0.0001,0.0001,0.0001,0.1573,0.8422,0.0001,0.0001
CT017664,Zone_08,Zone_08,0.8709,0.0,0.0,0.0,0.0001,0.0001,0.0,0.1287,0.8709,0.0001,0.0
CT005067,Zone_08,Zone_07,0.7113,0.0,0.0,0.0001,0.0003,0.0002,0.0014,0.7113,0.2863,0.0002,0.0001
CT010959,Zone_08,Zone_08,0.9976,0.0,0.0,0.0,0.0001,0.0002,0.0,0.0018,0.9976,0.0001,0.0001
CT016622,Zone_08,Zone_08,0.999,0.0,0.0,0.0,0.0001,0.0002,0.0,0.0006,0.999,0.0001,0.0001
CT018365,Zone_03,Zone_03,0.9984,0.0004,0.0005,0.9984,0.0006,0.0001,0.0,0.0,0.0,0.0,0.0
CT006798,Zone_01,Zone_01,0.9975,0.9975,0.001,0.0008,0.0006,0.0,0.0,0.0,0.0,0.0,0.0
CT017715,Zone_08,Zone_07,0.6794,0.0,0.0,0.0001,0.0003,0.0002,0.0008,0.6794,0.3189,0.0002,0.0001
CT017870,Zone_07,Zone_07,0.9898,0.0,0.0,0.0,0.0002,0.0001,0.0002,0.9898,0.0096,0.0001,0.0
CT008409,Zone_07,Zone_07,0.9759,0.0,0.0,0.0,0.0003,0.0001,0.0231,0.9759,0.0004,0.0002,0.0
CT002645,Zone_04,Zone_04,0.9983,0.0001,0.0002,0.0003,0.9983,0.0002,0.0004,0.0002,0.0001,0.0,0.0
CT004058,Zone_10,Zone_10,0.9986,0.0,0.0,0.0,0.0,0.0,0.0,0.0003,0.0003,0.0007,0.9986
CT002287,Zone_07,Zone_07,0.9851,0.0,0.0,0.0,0.0004,0.0002,0.0131,0.9851,0.0011,0.0002,0.0
CT012259,Zone_04,Zone_04,0.9971,0.0001,0.0002,0.0003,0.9971,0.0006,0.0001,0.0009,0.0006,0.0001,0.0
CT013041,Zone_10,Zone_10,0.9987,0.0,0.0,0.0,0.0,0.0,0.0001,0.0003,0.0,0.0007,0.9987
CT014608,Zone_07,Zone_07,0.9327,0.0,0.0,0.0,0.0004,0.0004,0.0003,0.9327,0.0659,0.0002,0.0001
CT014294,Zone_06,Zone_07,0.9689,0.0,0.0,0.0,0.0002,0.0001,0.0302,0.9689,0.0003,0.0002,0.0
CT000124,Zone_08,Zone_08,0.9987,0.0,0.0,0.0,0.0001,0.0002,0.0001,0.0008,0.9987,0.0001,0.0001
CT008561,Zone_04,Zone_04,0.9982,0.0001,0.0003,0.0003,0.9982,0.0003,0.0003,0.0003,0.0002,0.0,0.0
CT002452,Zone_07,Zone_07,0.524,0.0,0.0,0.0001,0.0002,0.0001,0.0003,0.524,0.475,0.0002,0.0001
CT017129,Zone_05,Zone_05,0.9949,0.0,0.0001,0.0002,0.0012,0.9949,0.0003,0.0023,0.0008,0.0002,0.0001
CT015593,Zone_07,Zone_07,0.901,0.0,0.0,0.0,0.0004,0.0004,0.0002,0.901,0.0976,0.0002,0.0001
CT011719,Zone_07,Zone_07,0.6252,0.0,0.0,0.0001,0.0007,0.0006,0.0003,0.6252,0.3729,0.0002,0.0001
CT003281,Zone_08,Zone_08,0.7666,0.0,0.0,0.0,0.0001,0.0001,0.0,0.2331,0.7666,0.0001,0.0
CT011140,Zone_01,Zone_01,0.9974,0.9974,0.0011,0.0008,0.0006,0.0,0.0,0.0,0.0,0.0,0.0
CT003108,Zone_07,Zone_07,0.691,0.0,0.0,0.0001,0.0003,0.0001,0.0008,0.691,0.3073,0.0002,0.0001
CT012911,Zone_08,Zone_07,0.7014,0.0,0.0,0.0,0.0003,0.0003,0.0,0.7014,0.2976,0.0002,0.0001
CT013093,Zone_08,Zone_08,0.9973,0.0,0.0,0.0,0.0002,0.0003,0.0,0.0018,0.9973,0.0001,0.0001
CT004843,Zone_04,Zone_04,0.9982,0.0001,0.0004,0.0004,0.9982,0.0003,0.0001,0.0003,0.0002,0.0,0.0
CT007506,Zone_07,Zone_08,0.6295,0.0,0.0,0.0001,0.0002,0.0001,0.0001,0.3698,0.6295,0.0001,0.0001
CT007663,Zone_08,Zone_08,0.5587,0.0,0.0,0.0001,0.0002,0.0002,0.0001,0.4404,0.5587,0.0002,0.0001
CT010076,Zone_07,Zone_07,0.976,0.0,0.0,0.0,0.0003,0.0001,0.0001,0.976,0.0232,0.0001,0.0001
CT002310,Zone_06,Zone_06,0.9852,0.0,0.0,0.0001,0.0008,0.0002,0.9852,0.0118,0.0017,0.0001,0.0
CT000290,Zone_03,Zone_03,0.9982,0.0005,0.0005,0.9982,0.0006,0.0001,0.0,0.0,0.0,0.0,0.0
CT017524,Zone_08,Zone_08,0.9993,0.0,0.0,0.0,0.0001,0.0001,0.0,0.0005,0.9993,0.0,0.0
CT016594,Zone_01,Zone_01,0.998,0.998,0.0009,0.0006,0.0005,0.0,0.0,0.0,0.0,0.0,0.0
CT019137,Zone_06,Zone_07,0.9144,0.0,0.0,0.0001,0.0011,0.0005,0.0798,0.9144,0.0034,0.0005,0.0001
CT000461,Zone_07,Zone_07,0.7246,0.0,0.0,0.0001,0.0006,0.0006,0.0009,0.7246,0.2729,0.0002,0.0001
CT003354,Zone_04,Zone_04,0.9975,0.0,0.0001,0.0002,0.9975,0.0007,0.0001,0.0009,0.0004,0.0,0.0
CT006110,Zone_08,Zone_08,0.5961,0.0,0.0,0.0001,0.0003,0.0002,0.0002,0.4027,0.5961,0.0002,0.0001
CT005801,Zone_08,Zone_08,0.9963,0.0,0.0,0.0,0.0002,0.0003,0.0001,0.0027,0.9963,0.0001,0.0001
CT002468,Zone_08,Zone_08,0.7712,0.0,0.0,0.0001,0.0001,0.0001,0.0001,0.2281,0.7712,0.0001,0.0001
CT012560,Zone_04,Zone_04,0.9963,0.0005,0.0009,0.0012,0.9963,0.0003,0.0002,0.0003,0.0001,0.0001,0.0001
CT007627,Zone_10,Zone_10,0.9988,0.0,0.0,0.0,0.0,0.0,0.0,0.0002,0.0002,0.0007,0.9988
CT007215,Zone_07,Zone_07,0.9914,0.0,0.0,0.0,0.0001,0.0001,0.0002,0.9914,0.0081,0.0001,0.0
CT010934,Zone_07,Zone_07,0.9032,0.0,0.0,0.0001,0.0005,0.0004,0.0008,0.9032,0.0947,0.0002,0.0001
CT006805,Zone_07,Zone_07,0.9449,0.0,0.0,0.0001,0.0005,0.0002,0.0534,0.9449,0.0006,0.0002,0.0001
CT002446,Zone_07,Zone_07,0.9474,0.0,0.0,0.0,0.0006,0.0005,0.0006,0.9474,0.0506,0.0002,0.0001
CT017097,Zone_04,Zone_04,0.9977,0.0001,0.0002,0.0003,0.9977,0.0007,0.0001,0.0005,0.0003,0.0,0.0
CT003284,Zone_03,Zone_03,0.9978,0.0007,0.0006,0.9978,0.0007,0.0001,0.0,0.0,0.0,0.0,0.0001
CT003597,Zone_07,Zone_07,0.9918,0.0,0.0,0.0,0.0002,0.0001,0.0065,0.9918,0.0012,0.0001,0.0
CT013248,Zone_01,Zone_01,0.998,0.998,0.0008,0.0007,0.0005,0.0,0.0,0.0,0.0,0.0,0.0
CT010422,Zone_01,Zone_01,0.9975,0.9975,0.001,0.0009,0.0006,0.0,0.0,0.0,0.0,0.0,0.0
CT019672,Zone_04,Zone_04,0.9979,0.0001,0.0002,0.0002,0.9979,0.0006,0.0001,0.0006,0.0004,0.0,0.0
CT004629,Zone_01,Zone_01,0.9978,0.9978,0.0009,0.0007,0.0006,0.0,0.0,0.0,0.0,0.0,0.0
CT007279,Zone_08,Zone_08,0.6466,0.0,0.0,0.0001,0.0003,0.0002,0.0007,0.3518,0.6466,0.0003,0.0001
CT001454,Zone_10,Zone_10,0.9987,0.0,0.0,0.0,0.0,0.0,0.0,0.0003,0.0003,0.0005,0.9987
CT006403,Zone_02,Zone_02,0.9978,0.0006,0.9978,0.0007,0.0008,0.0001,0.0,0.0,0.0,0.0,0.0
CT002875,Zone_03,Zone_03,0.9979,0.0006,0.0006,0.9979,0.0008,0.0001,0.0,0.0,0.0,0.0,0.0
CT008156,Zone_10,Zone_10,0.9987,0.0,0.0,0.0,0.0,0.0,0.0,0.0003,0.0001,0.0008,0.9987
CT013158,Zone_08,Zone_08,0.9987,0.0,0.0,0.0,0.0001,0.0002,0.0,0.0008,0.9987,0.0001,0.0001
CT017624,Zone_07,Zone_08,0.5876,0.0,0.0,0.0,0.0002,0.0001,0.0003,0.4114,0.5876,0.0001,0.0001
CT002624,Zone_10,Zone_10,0.9986,0.0,0.0,0.0,0.0,0.0,0.0,0.0003,0.0003,0.0007,0.9986
CT007658,Zone_07,Zone_07,0.992,0.0,0.0,0.0,0.0002,0.0001,0.0014,0.992,0.0058,0.0002,0.0001
CT012428,Zone_07,Zone_07,0.9612,0.0,0.0,0.0001,0.0003,0.0002,0.037,0.9612,0.0008,0.0003,0.0001
CT001675,Zone_07,Zone_07,0.9929,0.0,0.0,0.0,0.0002,0.0001,0.0016,0.9929,0.0049,0.0001,0.0
CT016115,Zone_02,Zone_02,0.9976,0.0008,0.9976,0.0007,0.0007,0.0001,0.0,0.0,0.0,0.0,0.0
CT002901,Zone_05,Zone_05,0.9954,0.0,0.0001,0.0001,0.0011,0.9954,0.0002,0.0015,0.0013,0.0002,0.0001
CT016228,Zone_06,Zone_06,0.9996,0.0,0.0,0.0,0.0001,0.0,0.9996,0.0002,0.0001,0.0,0.0
CT015753,Zone_08,Zone_08,0.9556,0.0,0.0001,0.0003,0.0019,0.0038,0.0006,0.0358,0.9556,0.0011,0.0008
CT017066,Zone_04,Zone_04,0.9982,0.0001,0.0003,0.0003,0.9982,0.0003,0.0003,0.0003,0.0001,0.0,0.0
CT005413,Zone_04,Zone_04,0.9978,0.0001,0.0002,0.0003,0.9978,0.0007,0.0002,0.0004,0.0002,0.0,0.0
CT012654,Zone_08,Zone_08,0.7798,0.0,0.0,0.0,0.0001,0.0001,0.0001,0.2198,0.7798,0.0001,0.0001
CT019923,Zone_07,Zone_07,0.9944,0.0,0.0,0.0,0.0001,0.0001,0.0051,0.9944,0.0002,0.0001,0.0
CT008531,Zone_08,Zone_08,0.7034,0.0,0.0,0.0,0.0002,0.0001,0.0001,0.2959,0.7034,0.0001,0.0001
CT018627,Zone_08,Zone_08,0.9965,0.0,0.0,0.0,0.0003,0.0004,0.0003,0.0023,0.9965,0.0001,0.0001
CT001137,Zone_08,Zone_08,0.9977,0.0,0.0,0.0,0.0002,0.0003,0.0001,0.0014,0.9977,0.0001,0.0001
CT012360,Zone_09,Zone_09,0.9922,0.0,0.0,0.0001,0.0001,0.0002,0.0015,0.002,0.0011,0.9922,0.0027
CT015895,Zone_07,Zone_07,0.9847,0.0,0.0,0.0001,0.0003,0.0002,0.0028,0.9847,0.0116,0.0002,0.0001
CT015385,Zone_03,Zone_03,0.9979,0.0004,0.0005,0.9979,0.001,0.0001,0.0,0.0,0.0,0.0,0.0
CT006825,Zone_07,Zone_07,0.8528,0.0,0.0,0.0001,0.0005,0.0005,0.0005,0.8528,0.1452,0.0002,0.0001
CT012834,Zone_03,Zone_03,0.9983,0.0004,0.0005,0.9983,0.0007,0.0001,0.0,0.0,0.0,0.0,0.0
CT005773,Zone_04,Zone_04,0.9966,0.0005,0.0008,0.0009,0.9966,0.0003,0.0002,0.0003,0.0001,0.0001,0.0001
CT011125,Zone_10,Zone_10,0.9988,0.0,0.0,0.0,0.0,0.0,0.0,0.0002,0.0002,0.0007,0.9988
CT005455,Zone_10,Zone_10,0.999,0.0,0.0,0.0,0.0,0.0,0.0,0.0002,0.0002,0.0006,0.999
CT006422,Zone_07,Zone_07,0.9388,0.0,0.0,0.0,0.0003,0.0003,0.0,0.9388,0.0604,0.0001,0.0001
CT014048,Zone_10,Zone_10,0.9986,0.0,0.0,0.0,0.0,0.0,0.0,0.0003,0.0003,0.0007,0.9986
CT000884,Zone_08,Zone_08,0.9973,0.0,0.0,0.0,0.0002,0.0003,0.0,0.0021,0.9973,0.0001,0.0001
CT014184,Zone_04,Zone_04,0.9978,0.0001,0.0002,0.0002,0.9978,0.0006,0.0,0.0008,0.0004,0.0,0.0
CT002846,Zone_08,Zone_08,0.8618,0.0,0.0,0.0,0.0001,0.0001,0.0,0.1377,0.8618,0.0001,0.0001
CT003891,Zone_03,Zone_03,0.998,0.0004,0.0004,0.998,0.001,0.0001,0.0,0.0,0.0,0.0,0.0
CT010433,Zone_04,Zone_04,0.998,0.0001,0.0003,0.0003,0.998,0.0003,0.0001,0.0006,0.0003,0.0,0.0
CT002415,Zone_08,Zone_08,0.9974,0.0,0.0,0.0,0.0002,0.0003,0.0001,0.0017,0.9974,0.0001,0.0001
CT014233,Zone_07,Zone_07,0.9602,0.0,0.0,0.0,0.0003,0.0002,0.0007,0.9602,0.0383,0.0002,0.0001
CT010411,Zone_08,Zone_07,0.6488,0.0,0.0,0.0,0.0004,0.0005,0.0001,0.6488,0.3499,0.0002,0.0001
CT003463,Zone_02,Zone_02,0.9978,0.0007,0.9978,0.0006,0.0008,0.0001,0.0,0.0,0.0,0.0,0.0
CT007755,Zone_08,Zone_08,0.9984,0.0,0.0,0.0,0.0002,0.0003,0.0001,0.0009,0.9984,0.0001,0.0001
CT006216,Zone_03,Zone_03,0.9981,0.0004,0.0004,0.9981,0.0009,0.0001,0.0,0.0,0.0,0.0,0.0
CT006046,Zone_05,Zone_05,0.9955,0.0,0.0001,0.0002,0.0013,0.9955,0.0005,0.0009,0.0012,0.0002,0.0001
CT003022,Zone_07,Zone_07,0.9902,0.0,0.0,0.0,0.0001,0.0001,0.0001,0.9902,0.0094,0.0001,0.0
CT016846,Zone_03,Zone_03,0.9979,0.0006,0.0006,0.9979,0.0007,0.0001,0.0,0.0,0.0,0.0,0.0
CT008105,Zone_08,Zone_08,0.6325,0.0,0.0,0.0001,0.0002,0.0002,0.0004,0.3664,0.6325,0.0002,0.0001
CT001440,Zone_10,Zone_10,0.9988,0.0,0.0,0.0,0.0,0.0,0.0,0.0001,0.0004,0.0006,0.9988
CT011024,Zone_07,Zone_07,0.9854,0.0,0.0,0.0,0.0001,0.0001,0.0001,0.9854,0.0139,0.0001,0.0001
CT000151,Zone_07,Zone_07,0.9716,0.0,0.0,0.0,0.0003,0.0001,0.027,0.9716,0.0007,0.0002,0.0
CT004151,Zone_04,Zone_04,0.9967,0.0005,0.0008,0.0009,0.9967,0.0004,0.0001,0.0003,0.0001,0.0001,0.0001
CT008589,Zone_08,Zone_08,0.9984,0.0,0.0,0.0,0.0001,0.0002,0.0,0.0012,0.9984,0.0001,0.0001
CT011404,Zone_01,Zone_01,0.9982,0.9982,0.0008,0.0006,0.0004,0.0,0.0,0.0,0.0,0.0,0.0
CT010485,Zone_04,Zone_04,0.9954,0.0005,0.0009,0.0009,0.9954,0.0004,0.0015,0.0002,0.0,0.0001,0.0001
CT008319,Zone_04,Zone_04,0.9983,0.0001,0.0002,0.0003,0.9983,0.0003,0.0002,0.0003,0.0001,0.0,0.0
CT000394,Zone_08,Zone_08,0.7799,0.0,0.0,0.0,0.0001,0.0001,0.0,0.2198,0.7799,0.0001,0.0
CT016796,Zone_07,Zone_07,0.8166,0.0,0.0,0.0001,0.0009,0.0008,0.0017,0.8166,0.1792,0.0004,0.0002
CT003496,Zone_07,Zone_07,0.9765,0.0,0.0,0.0001,0.0003,0.0002,0.0009,0.9765,0.0218,0.0002,0.0001
CT008055,Zone_10,Zone_10,0.9986,0.0,0.0,0.0,0.0,0.0,0.0,0.0002,0.0004,0.0007,0.9986
CT004363,Zone_08,Zone_08,0.6656,0.0,0.0,0.0,0.0001,0.0001,0.0,0.3341,0.6656,0.0001,0.0
CT019218,Zone_08,Zone_08,0.8274,0.0,0.0,0.0,0.0002,0.0001,0.0001,0.1721,0.8274,0.0001,0.0001
CT009473,Zone_02,Zone_02,0.998,0.0007,0.998,0.0006,0.0007,0.0001,0.0,0.0,0.0,0.0,0.0
CT004463,Zone_04,Zone_04,0.9976,0.0001,0.0002,0.0002,0.9976,0.0007,0.0001,0.0005,0.0007,0.0,0.0
CT006603,Zone_04,Zone_04,0.9982,0.0001,0.0003,0.0004,0.9982,0.0003,0.0002,0.0002,0.0001,0.0,0.0
CT016536,Zone_03,Zone_03,0.9982,0.0005,0.0006,0.9982,0.0005,0.0001,0.0,0.0,0.0,0.0,0.0
CT019858,Zone_07,Zone_07,0.9826,0.0,0.0,0.0,0.0002,0.0001,0.0002,0.9826,0.0167,0.0001,0.0
CT010227,Zone_08,Zone_08,0.5771,0.0,0.0,0.0001,0.0002,0.0001,0.0003,0.422,0.5771,0.0001,0.0001
CT000184,Zone_04,Zone_04,0.9975,0.0001,0.0002,0.0002,0.9975,0.0006,0.0001,0.0008,0.0004,0.0,0.0
CT009404,Zone_08,Zone_08,0.999,0.0,0.0,0.0,0.0001,0.0002,0.0,0.0006,0.999,0.0001,0.0
CT019618,Zone_08,Zone_08,0.9955,0.0,0.0,0.0,0.0003,0.0004,0.0001,0.0035,0.9955,0.0001,0.0001
CT017174,Zone_04,Zone_04,0.996,0.0007,0.001,0.0011,0.996,0.0004,0.0,0.0002,0.0002,0.0001,0.0001
CT016307,Zone_08,Zone_07,0.7413,0.0,0.0,0.0001,0.0007,0.0006,0.0003,0.7413,0.2564,0.0004,0.0002
CT014896,Zone_07,Zone_07,0.9282,0.0,0.0001,0.0001,0.0009,0.0004,0.0661,0.9282,0.0036,0.0005,0.0001
CT011865,Zone_05,Zone_05,0.9961,0.0,0.0001,0.0001,0.001,0.9961,0.0002,0.0013,0.001,0.0001,0.0001
CT005090,Zone_04,Zone_04,0.9978,0.0001,0.0003,0.0004,0.9978,0.0004,0.0005,0.0003,0.0001,0.0001,0.0
CT014250,Zone_08,Zone_08,0.9968,0.0,0.0,0.0,0.0003,0.0004,0.0001,0.0021,0.9968,0.0002,0.0001
CT016631,Zone_02,Zone_02,0.9975,0.0007,0.9975,0.0006,0.0011,0.0001,0.0,0.0,0.0,0.0,0.0
CT004831,Zone_07,Zone_08,0.5613,0.0,0.0,0.0001,0.0003,0.0002,0.0002,0.4377,0.5613,0.0002,0.0001
CT016273,Zone_02,Zone_02,0.9979,0.0007,0.9979,0.0005,0.0008,0.0001,0.0,0.0,0.0,0.0,0.0
CT002422,Zone_01,Zone_01,0.9976,0.9976,0.001,0.0007,0.0006,0.0,0.0,0.0,0.0,0.0,0.0
CT005041,Zone_04,Zone_04,0.9974,0.0003,0.0006,0.0007,0.9974,0.0004,0.0001,0.0002,0.0001,0.0001,0.0001
CT002474,Zone_08,Zone_07,0.8659,0.0,0.0,0.0,0.0003,0.0003,0.0,0.8659,0.1333,0.0001,0.0001
CT008114,Zone_07,Zone_08,0.5885,0.0,0.0,0.0,0.0002,0.0001,0.0001,0.4109,0.5885,0.0001,0.0001
CT006432,Zone_08,Zone_08,0.9974,0.0,0.0,0.0,0.0002,0.0002,0.0,0.002,0.9974,0.0001,0.0001
CT019206,Zone_07,Zone_07,0.9947,0.0,0.0,0.0,0.0001,0.0001,0.0001,0.9947,0.0049,0.0001,0.0
CT006137,Zone_10,Zone_10,0.9988,0.0,0.0,0.0,0.0,0.0,0.0,0.0003,0.0001,0.0007,0.9988
CT010621,Zone_08,Zone_08,0.998,0.0,0.0,0.0,0.0002,0.0003,0.0,0.0013,0.998,0.0001,0.0001
CT006811,Zone_03,Zone_03,0.998,0.0005,0.0005,0.998,0.0007,0.0001,0.0,0.0,0.0,0.0,0.0001
CT013866,Zone_03,Zone_03,0.9982,0.0004,0.0005,0.9982,0.0007,0.0001,0.0,0.0,0.0,0.0,0.0
CT015186,Zone_08,Zone_08,0.9992,0.0,0.0,0.0,0.0001,0.0001,0.0,0.0005,0.9992,0.0,0.0
CT002133,Zone_09,Zone_09,0.9887,0.0,0.0,0.0001,0.0001,0.0004,0.0003,0.0039,0.003,0.9887,0.0034
CT016716,Zone_03,Zone_03,0.9979,0.0006,0.0006,0.9979,0.0008,0.0001,0.0,0.0,0.0,0.0,0.0
CT018985,Zone_07,Zone_07,0.9906,0.0,0.0,0.0,0.0001,0.0001,0.0001,0.9906,0.0088,0.0001,0.0
CT006405,Zone_01,Zone_01,0.9977,0.9977,0.001,0.0007,0.0006,0.0,0.0,0.0,0.0,0.0,0.0
CT002982,Zone_04,Zone_04,0.9983,0.0001,0.0003,0.0003,0.9983,0.0003,0.0001,0.0002,0.0003,0.0,0.0
CT007580,Zone_05,Zone_05,0.9947,0.0,0.0001,0.0001,0.0012,0.9947,0.0002,0.0016,0.0019,0.0001,0.0001
CT017087,Zone_08,Zone_08,0.9989,0.0,0.0,0.0,0.0001,0.0001,0.0,0.0007,0.9989,0.0001,0.0001
CT002205,Zone_04,Zone_04,0.9976,0.0001,0.0003,0.0003,0.9976,0.0007,0.0001,0.0003,0.0006,0.0,0.0
CT006845,Zone_08,Zone_08,0.5771,0.0,0.0,0.0001,0.0002,0.0001,0.0001,0.422,0.5771,0.0002,0.0001
CT004851,Zone_01,Zone_01,0.998,0.998,0.0008,0.0007,0.0005,0.0,0.0,0.0,0.0,0.0,0.0
CT019341,Zone_07,Zone_08,0.5707,0.0,0.0,0.0,0.0001,0.0001,0.0001,0.4287,0.5707,0.0001,0.0001
CT014483,Zone_07,Zone_07,0.9604,0.0,0.0,0.0001,0.0003,0.0002,0.0384,0.9604,0.0004,0.0002,0.0001
CT006606,Zone_03,Zone_03,0.9978,0.0006,0.0006,0.9978,0.0009,0.0001,0.0,0.0,0.0,0.0,0.0
CT011155,Zone_01,Zone_01,0.9978,0.9978,0.001,0.0006,0.0006,0.0,0.0,0.0,0.0,0.0,0.0
CT014926,Zone_08,Zone_08,0.6227,0.0,0.0,0.0001,0.0002,0.0001,0.0001,0.3765,0.6227,0.0002,0.0001
CT008162,Zone_07,Zone_07,0.8933,0.0,0.0,0.0,0.0005,0.0006,0.0004,0.8933,0.1049,0.0002,0.0001
CT013336,Zone_05,Zone_05,0.996,0.0,0.0001,0.0001,0.0012,0.996,0.0004,0.001,0.001,0.0001,0.0001
CT019675,Zone_07,Zone_08,0.5794,0.0,0.0001,0.0003,0.0009,0.0006,0.0006,0.4173,0.5794,0.0006,0.0004
CT016256,Zone_03,Zone_03,0.9985,0.0003,0.0004,0.9985,0.0006,0.0001,0.0,0.0,0.0,0.0,0.0
CT012503,Zone_04,Zone_04,0.9971,0.0004,0.0006,0.0007,0.9971,0.0003,0.0004,0.0003,0.0001,0.0001,0.0001
CT002484,Zone_04,Zone_04,0.9976,0.0001,0.0002,0.0002,0.9976,0.0007,0.0003,0.0004,0.0003,0.0,0.0
CT010521,Zone_06,Zone_06,0.9979,0.0,0.0,0.0,0.0003,0.0001,0.9979,0.0009,0.0008,0.0001,0.0
CT014501,Zone_03,Zone_03,0.9984,0.0004,0.0004,0.9984,0.0006,0.0001,0.0,0.0,0.0,0.0,0.0
CT019282,Zone_08,Zone_08,0.9987,0.0,0.0,0.0,0.0001,0.0002,0.0001,0.0008,0.9987,0.0001,0.0
CT015286,Zone_03,Zone_03,0.9982,0.0006,0.0006,0.9982,0.0006,0.0001,0.0,0.0,0.0,0.0,0.0
CT005135,Zone_07,Zone_07,0.9916,0.0,0.0,0.0,0.0002,0.0001,0.0077,0.9916,0.0003,0.0001,0.0
CT008332,Zone_08,Zone_08,0.6833,0.0,0.0,0.0,0.0001,0.0001,0.0,0.3162,0.6833,0.0001,0.0
CT016084,Zone_07,Zone_07,0.9817,0.0,0.0,0.0,0.0003,0.0001,0.0171,0.9817,0.0006,0.0002,0.0
CT019945,Zone_02,Zone_02,0.9978,0.0007,0.9978,0.0006,0.0008,0.0001,0.0,0.0,0.0,0.0,0.0
CT005966,Zone_04,Zone_04,0.9964,0.0004,0.0008,0.0009,0.9964,0.0003,0.0001,0.0007,0.0001,0.0001,0.0001
CT014695,Zone_07,Zone_07,0.9884,0.0,0.0,0.0,0.0002,0.0001,0.0002,0.9884,0.0109,0.0001,0.0001
CT015238,Zone_08,Zone_08,0.6158,0.0,0.0001,0.0001,0.0004,0.0003,0.0009,0.382,0.6158,0.0003,0.0002
CT006490,Zone_09,Zone_09,0.991,0.0,0.0,0.0002,0.0001,0.0003,0.0003,0.003,0.0014,0.991,0.0037
CT001094,Zone_04,Zone_04,0.9968,0.0005,0.001,0.0009,0.9968,0.0003,0.0001,0.0002,0.0001,0.0001,0.0001
CT017047,Zone_03,Zone_03,0.9978,0.0004,0.0006,0.9978,0.0009,0.0001,0.0,0.0,0.0,0.0,0.0
CT014949,Zone_07,Zone_07,0.9902,0.0,0.0,0.0,0.0002,0.0001,0.0002,0.9902,0.0091,0.0001,0.0
CT008300,Zone_04,Zone_04,0.9978,0.0001,0.0002,0.0002,0.9978,0.0006,0.0001,0.0006,0.0005,0.0,0.0
CT017848,Zone_02,Zone_02,0.9979,0.0006,0.9979,0.0007,0.0008,0.0001,0.0,0.0,0.0,0.0,0.0
CT013843,Zone_08,Zone_08,0.6029,0.0,0.0,0.0001,0.0002,0.0001,0.0002,0.3963,0.6029,0.0001,0.0
CT019594,Zone_04,Zone_04,0.9976,0.0002,0.0005,0.0004,0.9976,0.0004,0.0004,0.0003,0.0001,0.0001,0.0
CT004645,Zone_04,Zone_04,0.9978,0.0001,0.0004,0.0004,0.9978,0.0004,0.0001,0.0004,0.0003,0.0001,0.0
CT004287,Zone_06,Zone_06,0.9972,0.0,0.0,0.0,0.0004,0.0001,0.9972,0.0015,0.0008,0.0001,0.0
CT001216,Zone_07,Zone_07,0.7159,0.0,0.0,0.0,0.0005,0.0005,0.0001,0.7159,0.2826,0.0002,0.0001
CT000315,Zone_05,Zone_05,0.9939,0.0,0.0001,0.0002,0.0014,0.9939,0.0001,0.0024,0.0018,0.0002,0.0001
CT001071,Zone_07,Zone_07,0.9903,0.0,0.0,0.0,0.0003,0.0001,0.0086,0.9903,0.0005,0.0001,0.0
CT006833,Zone_04,Zone_04,0.9963,0.0005,0.0009,0.0009,0.9963,0.0004,0.0002,0.0005,0.0001,0.0001,0.0001
CT013242,Zone_04,Zone_04,0.9971,0.0001,0.0002,0.0003,0.9971,0.0007,0.0,0.0005,0.0009,0.0,0.0
CT006979,Zone_07,Zone_07,0.9935,0.0,0.0,0.0,0.0001,0.0001,0.0009,0.9935,0.0052,0.0001,0.0
CT018661,Zone_07,Zone_07,0.6928,0.0,0.0,0.0001,0.0006,0.0007,0.0002,0.6928,0.305,0.0003,0.0002
CT018386,Zone_04,Zone_04,0.9976,0.0001,0.0004,0.0004,0.9976,0.0004,0.0005,0.0004,0.0001,0.0001,0.0
CT002370,Zone_07,Zone_07,0.9568,0.0,0.0,0.0,0.0004,0.0003,0.0008,0.9568,0.0414,0.0002,0.0001
CT002132,Zone_07,Zone_07,0.9881,0.0,0.0,0.0,0.0002,0.0001,0.0003,0.9881,0.011,0.0002,0.0001
CT017744,Zone_07,Zone_07,0.9842,0.0,0.0,0.0001,0.0004,0.0002,0.0144,0.9842,0.0005,0.0002,0.0001
CT017030,Zone_07,Zone_07,0.9803,0.0,0.0,0.0,0.0002,0.0001,0.0188,0.9803,0.0004,0.0001,0.0
CT005641,Zone_05,Zone_05,0.9912,0.0,0.0001,0.0001,0.0014,0.9912,0.0,0.0023,0.0047,0.0001,0.0001
CT001310,Zone_10,Zone_10,0.9987,0.0001,0.0,0.0,0.0,0.0,0.0,0.0003,0.0001,0.0008,0.9987
CT001970,Zone_07,Zone_07,0.9022,0.0,0.0,0.0,0.0003,0.0003,0.0001,0.9022,0.0967,0.0002,0.0001
CT018302,Zone_03,Zone_03,0.9981,0.0005,0.0005,0.9981,0.0008,0.0001,0.0,0.0,0.0,0.0,0.0
CT007017,Zone_05,Zone_05,0.9951,0.0,0.0001,0.0001,0.0012,0.9951,0.0001,0.0018,0.0014,0.0001,0.0001
CT009534,Zone_08,Zone_08,0.9976,0.0,0.0,0.0,0.0002,0.0003,0.0001,0.0016,0.9976,0.0001,0.0001
CT007613,Zone_07,Zone_08,0.5937,0.0,0.0,0.0001,0.0002,0.0001,0.0,0.4056,0.5937,0.0002,0.0001
CT007959,Zone_03,Zone_03,0.9982,0.0005,0.0005,0.9982,0.0006,0.0001,0.0,0.0,0.0,0.0,0.0
CT011589,Zone_03,Zone_03,0.9981,0.0005,0.0006,0.9981,0.0006,0.0001,0.0,0.0,0.0,0.0,0.0
CT013010,Zone_05,Zone_05,0.9954,0.0,0.0001,0.0001,0.001,0.9954,0.0,0.0012,0.002,0.0001,0.0001
CT006768,Zone_08,Zone_08,0.9986,0.0,0.0,0.0,0.0001,0.0002,0.0,0.0009,0.9986,0.0001,0.0001
CT006323,Zone_07,Zone_07,0.9923,0.0,0.0,0.0,0.0002,0.0001,0.0071,0.9923,0.0003,0.0001,0.0
CT011059,Zone_10,Zone_10,0.9989,0.0,0.0,0.0,0.0,0.0,0.0,0.0002,0.0001,0.0006,0.9989
CT015151,Zone_02,Zone_02,0.9977,0.0007,0.9977,0.0006,0.0009,0.0001,0.0,0.0,0.0,0.0,0.0
CT006959,Zone_05,Zone_05,0.9962,0.0,0.0001,0.0002,0.0011,0.9962,0.0002,0.0013,0.0007,0.0001,0.0001
CT008847,Zone_07,Zone_07,0.9948,0.0,0.0,0.0,0.0001,0.0001,0.0005,0.9948,0.0044,0.0001,0.0
CT002933,Zone_08,Zone_07,0.7107,0.0,0.0,0.0001,0.0008,0.0007,0.0004,0.7107,0.2869,0.0003,0.0002
CT017291,Zone_07,Zone_08,0.5134,0.0,0.0,0.0,0.0002,0.0001,0.0001,0.4859,0.5134,0.0001,0.0001
CT017333,Zone_01,Zone_01,0.9975,0.9975,0.0009,0.0009,0.0006,0.0,0.0,0.0,0.0,0.0,0.0
CT000747,Zone_04,Zone_04,0.9971,0.0001,0.0003,0.0004,0.9971,0.0007,0.0005,0.0007,0.0002,0.0,0.0
CT018963,Zone_07,Zone_07,0.9744,0.0,0.0,0.0,0.0001,0.0001,0.0,0.9744,0.0251,0.0001,0.0
CT003735,Zone_03,Zone_03,0.998,0.0006,0.0006,0.998,0.0007,0.0001,0.0,0.0,0.0,0.0,0.0
CT010146,Zone_06,Zone_06,0.9957,0.0,0.0,0.0,0.0005,0.0001,0.9957,0.0019,0.0016,0.0001,0.0
CT009830,Zone_07,Zone_07,0.9013,0.0,0.0,0.0,0.0003,0.0004,0.0002,0.9013,0.0974,0.0002,0.0001
CT018668,Zone_07,Zone_07,0.9899,0.0,0.0,0.0,0.0002,0.0001,0.0089,0.9899,0.0006,0.0001,0.0
CT004359,Zone_08,Zone_08,0.9976,0.0,0.0,0.0,0.0002,0.0003,0.0001,0.0015,0.9976,0.0001,0.0001
CT014643,Zone_07,Zone_07,0.5147,0.0,0.0,0.0001,0.0003,0.0002,0.0008,0.5147,0.4837,0.0002,0.0001
CT016761,Zone_06,Zone_06,0.9989,0.0,0.0,0.0,0.0001,0.0,0.9989,0.0008,0.0001,0.0,0.0
CT002095,Zone_06,Zone_06,0.9966,0.0,0.0,0.0,0.0004,0.0001,0.9966,0.0016,0.0012,0.0001,0.0
CT003860,Zone_03,Zone_03,0.9981,0.0004,0.0005,0.9981,0.0008,0.0001,0.0,0.0,0.0,0.0,0.0
CT008339,Zone_08,Zone_08,0.9974,0.0,0.0,0.0,0.0001,0.0002,0.0,0.0021,0.9974,0.0001,0.0001
CT013261,Zone_05,Zone_05,0.9964,0.0,0.0001,0.0002,0.001,0.9964,0.0002,0.0008,0.0011,0.0001,0.0001
CT009507,Zone_07,Zone_07,0.9464,0.0,0.0,0.0,0.0004,0.0003,0.0004,0.9464,0.0521,0.0002,0.0001
CT003012,Zone_07,Zone_07,0.9504,0.0,0.0,0.0,0.0002,0.0001,0.0489,0.9504,0.0002,0.0001,0.0
CT012141,Zone_05,Zone_05,0.9962,0.0,0.0001,0.0002,0.0012,0.9962,0.0005,0.0009,0.0006,0.0001,0.0001
CT003130,Zone_10,Zone_10,0.9987,0.0,0.0,0.0,0.0,0.0,0.0,0.0003,0.0002,0.0007,0.9987
CT002174,Zone_03,Zone_03,0.998,0.0004,0.0006,0.998,0.0008,0.0001,0.0,0.0,0.0,0.0,0.0
CT002034,Zone_08,Zone_08,0.9979,0.0,0.0,0.0,0.0002,0.0003,0.0002,0.0013,0.9979,0.0001,0.0001
CT017587,Zone_07,Zone_07,0.9094,0.0,0.0,0.0001,0.0004,0.0002,0.0894,0.9094,0.0004,0.0002,0.0
CT004183,Zone_08,Zone_08,0.598,0.0,0.0,0.0001,0.0003,0.0002,0.0001,0.4011,0.598,0.0001,0.0001
CT015099,Zone_06,Zone_07,0.9663,0.0,0.0,0.0,0.0002,0.0001,0.0331,0.9663,0.0002,0.0001,0.0
CT016293,Zone_04,Zone_04,0.996,0.0004,0.0007,0.0009,0.996,0.0003,0.0012,0.0002,0.0,0.0001,0.0001
CT013606,Zone_08,Zone_08,0.7616,0.0,0.0,0.0,0.0001,0.0001,0.0,0.2381,0.7616,0.0001,0.0
CT005730,Zone_04,Zone_04,0.9977,0.0002,0.0004,0.0004,0.9977,0.0003,0.0002,0.0006,0.0001,0.0001,0.0
CT017148,Zone_05,Zone_05,0.995,0.0,0.0001,0.0002,0.0012,0.995,0.0002,0.001,0.0021,0.0001,0.0001
CT002424,Zone_03,Zone_03,0.9984,0.0004,0.0005,0.9984,0.0007,0.0001,0.0,0.0,0.0,0.0,0.0
CT016190,Zone_01,Zone_01,0.9982,0.9982,0.0008,0.0006,0.0004,0.0,0.0,0.0,0.0,0.0,0.0
CT005313,Zone_04,Zone_04,0.9979,0.0001,0.0002,0.0002,0.9979,0.0005,0.0005,0.0006,0.0001,0.0,0.0
CT013882,Zone_01,Zone_01,0.9978,0.9978,0.001,0.0006,0.0006,0.0,0.0,0.0,0.0,0.0,0.0
CT010479,Zone_01,Zone_01,0.9982,0.9982,0.0007,0.0006,0.0004,0.0,0.0,0.0,0.0,0.0,0.0
CT011806,Zone_08,Zone_08,0.7268,0.0,0.0,0.0,0.0001,0.0001,0.0,0.2727,0.7268,0.0001,0.0001
CT007945,Zone_07,Zone_08,0.6956,0.0,0.0,0.0001,0.0002,0.0001,0.0001,0.3038,0.6956,0.0001,0.0001
CT009470,Zone_01,Zone_01,0.9983,0.9983,0.0007,0.0005,0.0005,0.0,0.0,0.0,0.0,0.0,0.0
CT004657,Zone_07,Zone_07,0.907,0.0,0.0,0.0,0.0003,0.0002,0.0919,0.907,0.0003,0.0001,0.0
CT017571,Zone_08,Zone_08,0.997,0.0,0.0,0.0,0.0002,0.0004,0.0001,0.0021,0.997,0.0001,0.0001
CT002395,Zone_07,Zone_08,0.8396,0.0,0.0,0.0,0.0002,0.0001,0.0,0.1599,0.8396,0.0001,0.0
CT006184,Zone_07,Zone_08,0.5106,0.0,0.0,0.0,0.0002,0.0001,0.0002,0.4885,0.5106,0.0002,0.0001
CT002260,Zone_08,Zone_08,0.9989,0.0,0.0,0.0,0.0001,0.0002,0.0,0.0006,0.9989,0.0001,0.0
CT012544,Zone_07,Zone_07,0.8412,0.0,0.0,0.0,0.0003,0.0003,0.0,0.8412,0.1578,0.0002,0.0001
CT000082,Zone_08,Zone_08,0.9974,0.0,0.0,0.0,0.0002,0.0003,0.0,0.0018,0.9974,0.0001,0.0001
CT008599,Zone_08,Zone_08,0.9988,0.0,0.0,0.0,0.0001,0.0002,0.0,0.0007,0.9988,0.0001,0.0
CT005271,Zone_10,Zone_10,0.9992,0.0,0.0,0.0,0.0,0.0,0.0,0.0001,0.0001,0.0005,0.9992
CT011716,Zone_07,Zone_07,0.9838,0.0,0.0,0.0,0.0002,0.0001,0.0153,0.9838,0.0004,0.0001,0.0
CT014699,Zone_08,Zone_08,0.997,0.0,0.0,0.0,0.0003,0.0004,0.0001,0.002,0.997,0.0001,0.0001
CT015110,Zone_07,Zone_07,0.9613,0.0,0.0,0.0001,0.0004,0.0002,0.0366,0.9613,0.0011,0.0002,0.0001
CT018536,Zone_02,Zone_02,0.9976,0.0009,0.9976,0.0007,0.0007,0.0001,0.0,0.0,0.0,0.0,0.0
CT004364,Zone_10,Zone_10,0.9987,0.0001,0.0,0.0,0.0,0.0,0.0,0.0002,0.0002,0.0007,0.9987
CT012484,Zone_07,Zone_07,0.9746,0.0,0.0,0.0001,0.0004,0.0003,0.0043,0.9746,0.02,0.0003,0.0001
CT003206,Zone_08,Zone_08,0.999,0.0,0.0,0.0,0.0001,0.0002,0.0,0.0006,0.999,0.0,0.0
CT010724,Zone_03,Zone_03,0.9978,0.0005,0.0006,0.9978,0.0009,0.0001,0.0,0.0,0.0,0.0,0.0
CT016270,Zone_07,Zone_07,0.9864,0.0,0.0,0.0,0.0002,0.0001,0.0131,0.9864,0.0002,0.0001,0.0
CT009983,Zone_10,Zone_10,0.9982,0.0,0.0,0.0,0.0,0.0,0.0,0.0006,0.0001,0.0008,0.9982
CT006545,Zone_04,Zone_04,0.9967,0.0004,0.0007,0.0009,0.9967,0.0004,0.0001,0.0006,0.0002,0.0001,0.0001
CT013058,Zone_07,Zone_07,0.8819,0.0,0.0,0.0,0.0002,0.0002,0.0,0.8819,0.1175,0.0001,0.0001
CT011391,Zone_04,Zone_04,0.9975,0.0001,0.0002,0.0003,0.9975,0.0007,0.0,0.0007,0.0004,0.0,0.0
CT016543,Zone_04,Zone_04,0.9977,0.0001,0.0002,0.0002,0.9977,0.0007,0.0001,0.0007,0.0003,0.0,0.0
CT014697,Zone_01,Zone_01,0.9984,0.9984,0.0007,0.0005,0.0004,0.0,0.0,0.0,0.0,0.0,0.0
CT010490,Zone_08,Zone_08,0.5835,0.0,0.0,0.0001,0.0002,0.0001,0.0001,0.4157,0.5835,0.0002,0.0001
CT001830,Zone_08,Zone_08,0.9961,0.0,0.0,0.0,0.0003,0.0004,0.0001,0.0028,0.9961,0.0002,0.0001
CT008718,Zone_02,Zone_02,0.9978,0.0005,0.9978,0.0006,0.001,0.0001,0.0,0.0,0.0,0.0,0.0
CT013174,Zone_08,Zone_08,0.9976,0.0,0.0,0.0,0.0001,0.0002,0.0,0.0019,0.9976,0.0001,0.0001
CT009505,Zone_07,Zone_07,0.8103,0.0,0.0,0.0001,0.0005,0.0005,0.0005,0.8103,0.1877,0.0003,0.0001
CT006522,Zone_08,Zone_08,0.9988,0.0,0.0,0.0,0.0002,0.0002,0.0001,0.0005,0.9988,0.0001,0.0001
CT018660,Zone_08,Zone_07,0.5139,0.0,0.0,0.0001,0.0007,0.0005,0.0001,0.5139,0.4843,0.0002,0.0001
CT015351,Zone_03,Zone_03,0.998,0.0004,0.0006,0.998,0.0008,0.0001,0.0,0.0,0.0,0.0,0.0
CT009048,Zone_08,Zone_08,0.9994,0.0,0.0,0.0,0.0001,0.0001,0.0,0.0003,0.9994,0.0,0.0
CT012780,Zone_07,Zone_07,0.9836,0.0,0.0,0.0,0.0002,0.0001,0.0001,0.9836,0.0158,0.0001,0.0
CT019844,Zone_07,Zone_07,0.9126,0.0,0.0,0.0,0.0003,0.0002,0.0,0.9126,0.0867,0.0001,0.0
CT012602,Zone_06,Zone_06,0.9978,0.0,0.0,0.0,0.0002,0.0001,0.9978,0.0014,0.0004,0.0,0.0
CT004285,Zone_06,Zone_06,0.9997,0.0,0.0,0.0,0.0,0.0,0.9997,0.0003,0.0,0.0,0.0
CT002864,Zone_03,Zone_03,0.9983,0.0004,0.0005,0.9983,0.0007,0.0001,0.0,0.0,0.0,0.0,0.0
CT007820,Zone_08,Zone_08,0.9976,0.0,0.0,0.0,0.0003,0.0004,0.0001,0.0012,0.9976,0.0002,0.0002
CT015776,Zone_07,Zone_07,0.9721,0.0,0.0,0.0001,0.0003,0.0002,0.0262,0.9721,0.0009,0.0002,0.0001
CT019874,Zone_04,Zone_04,0.9962,0.0006,0.0009,0.0011,0.9962,0.0003,0.0003,0.0003,0.0,0.0001,0.0001
CT019503,Zone_07,Zone_08,0.6973,0.0,0.0,0.0001,0.0002,0.0001,0.0002,0.3018,0.6973,0.0001,0.0001
CT005881,Zone_04,Zone_04,0.9973,0.0001,0.0002,0.0003,0.9973,0.0008,0.0,0.0006,0.0006,0.0,0.0
CT013188,Zone_03,Zone_03,0.9982,0.0007,0.0005,0.9982,0.0005,0.0001,0.0,0.0,0.0,0.0,0.0
CT013895,Zone_01,Zone_01,0.9978,0.9978,0.0009,0.0006,0.0006,0.0,0.0,0.0,0.0,0.0,0.0
CT004274,Zone_07,Zone_07,0.9809,0.0,0.0,0.0,0.0002,0.0001,0.0182,0.9809,0.0003,0.0001,0.0
CT001154,Zone_03,Zone_03,0.998,0.0006,0.0006,0.998,0.0006,0.0001,0.0,0.0,0.0,0.0,0.0
CT011950,Zone_08,Zone_08,0.9981,0.0,0.0,0.0,0.0002,0.0003,0.0001,0.0013,0.9981,0.0001,0.0
CT004532,Zone_04,Zone_04,0.9981,0.0001,0.0002,0.0002,0.9981,0.0005,0.0001,0.0006,0.0002,0.0,0.0
CT014691,Zone_06,Zone_06,0.998,0.0,0.0,0.0,0.0003,0.0001,0.998,0.0009,0.0006,0.0,0.0
CT019988,Zone_07,Zone_08,0.5615,0.0,0.0,0.0001,0.0003,0.0002,0.0002,0.4373,0.5615,0.0002,0.0001
CT005142,Zone_07,Zone_07,0.9304,0.0,0.0,0.0,0.0003,0.0003,0.0001,0.9304,0.0686,0.0001,0.0001
CT007514,Zone_07,Zone_08,0.6085,0.0,0.0,0.0001,0.0001,0.0001,0.0001,0.3909,0.6085,0.0001,0.0001
CT015396,Zone_06,Zone_06,0.9987,0.0,0.0,0.0,0.0002,0.0,0.9987,0.0007,0.0003,0.0,0.0
CT008740,Zone_07,Zone_07,0.6625,0.0,0.0,0.0001,0.0002,0.0001,0.0002,0.6625,0.3367,0.0001,0.0001
CT016345,Zone_07,Zone_08,0.6689,0.0,0.0,0.0,0.0002,0.0001,0.0001,0.3305,0.6689,0.0001,0.0001
CT001580,Zone_07,Zone_07,0.9861,0.0,0.0,0.0,0.0002,0.0001,0.0129,0.9861,0.0003,0.0002,0.0
CT019081,Zone_08,Zone_08,0.5826,0.0,0.0,0.0001,0.0002,0.0001,0.0001,0.4167,0.5826,0.0002,0.0001
CT002546,Zone_05,Zone_05,0.9946,0.0,0.0001,0.0001,0.0014,0.9946,0.0006,0.0018,0.0012,0.0001,0.0001
CT001046,Zone_04,Zone_04,0.9971,0.0001,0.0002,0.0003,0.9971,0.0007,0.0,0.0006,0.001,0.0,0.0
CT002075,Zone_05,Zone_05,0.9958,0.0,0.0001,0.0001,0.0012,0.9958,0.0001,0.001,0.0014,0.0001,0.0001
CT004981,Zone_06,Zone_06,0.9955,0.0,0.0,0.0,0.0005,0.0001,0.9955,0.0031,0.0007,0.0001,0.0
CT006402,Zone_01,Zone_01,0.9978,0.9978,0.0009,0.0007,0.0006,0.0,0.0,0.0,0.0,0.0,0.0
CT013406,Zone_08,Zone_08,0.9984,0.0,0.0,0.0,0.0001,0.0002,0.0,0.0011,0.9984,0.0001,0.0001
CT003999,Zone_04,Zone_04,0.9976,0.0001,0.0002,0.0002,0.9976,0.0008,0.0001,0.0005,0.0005,0.0,0.0
CT008178,Zone_07,Zone_07,0.7241,0.0,0.0,0.0001,0.0005,0.0006,0.0002,0.7241,0.274,0.0003,0.0001
CT019174,Zone_04,Zone_04,0.9984,0.0001,0.0003,0.0003,0.9984,0.0003,0.0001,0.0002,0.0002,0.0001,0.0
CT002825,Zone_10,Zone_10,0.999,0.0,0.0,0.0,0.0,0.0,0.0,0.0002,0.0001,0.0006,0.999
CT013837,Zone_07,Zone_07,0.9868,0.0,0.0,0.0001,0.0003,0.0002,0.0013,0.9868,0.011,0.0002,0.0001
CT000646,Zone_06,Zone_07,0.9811,0.0,0.0,0.0,0.0002,0.0001,0.0181,0.9811,0.0003,0.0001,0.0
CT011723,Zone_07,Zone_07,0.5848,0.0,0.0,0.0001,0.0004,0.0002,0.0012,0.5848,0.413,0.0002,0.0001
CT006219,Zone_01,Zone_01,0.9982,0.9982,0.0008,0.0005,0.0004,0.0,0.0,0.0,0.0,0.0,0.0
CT010605,Zone_08,Zone_08,0.9976,0.0,0.0,0.0,0.0002,0.0002,0.0,0.0018,0.9976,0.0001,0.0001
CT012964,Zone_07,Zone_07,0.983,0.0,0.0,0.0001,0.0003,0.0002,0.002,0.983,0.0142,0.0002,0.0001
CT019333,Zone_07,Zone_08,0.647,0.0,0.0,0.0,0.0001,0.0001,0.0,0.3526,0.647,0.0001,0.0
CT002781,Zone_03,Zone_03,0.998,0.0005,0.0005,0.998,0.0007,0.0001,0.0,0.0,0.0,0.0,0.0
CT005844,Zone_07,Zone_07,0.8072,0.0,0.0,0.0001,0.0007,0.0007,0.0004,0.8072,0.1905,0.0003,0.0001
CT016272,Zone_09,Zone_09,0.9887,0.0,0.0001,0.0002,0.0001,0.0004,0.0006,0.0028,0.0031,0.9887,0.004
CT019999,Zone_08,Zone_08,0.6767,0.0,0.0,0.0001,0.0003,0.0002,0.0003,0.3222,0.6767,0.0002,0.0001
CT010647,Zone_08,Zone_08,0.998,0.0,0.0,0.0,0.0001,0.0003,0.0,0.0015,0.998,0.0,0.0001
CT019947,Zone_07,Zone_08,0.7362,0.0,0.0,0.0,0.0002,0.0001,0.0,0.2632,0.7362,0.0001,0.0001
CT005332,Zone_07,Zone_07,0.9876,0.0,0.0,0.0,0.0001,0.0001,0.0,0.9876,0.012,0.0001,0.0
CT003346,Zone_08,Zone_08,0.5707,0.0,0.0,0.0,0.0001,0.0001,0.0,0.429,0.5707,0.0001,0.0
CT005609,Zone_08,Zone_08,0.9969,0.0,0.0,0.0,0.0002,0.0003,0.0,0.0023,0.9969,0.0001,0.0001
CT019514,Zone_07,Zone_07,0.9857,0.0,0.0,0.0,0.0003,0.0001,0.0131,0.9857,0.0005,0.0001,0.0
CT013136,Zone_10,Zone_10,0.9988,0.0,0.0,0.0,0.0,0.0,0.0,0.0003,0.0001,0.0007,0.9988
CT018254,Zone_01,Zone_01,0.9968,0.9968,0.0012,0.001,0.0009,0.0,0.0,0.0,0.0,0.0,0.0
CT004521,Zone_03,Zone_03,0.9983,0.0005,0.0005,0.9983,0.0005,0.0001,0.0,0.0,0.0,0.0,0.0
CT006517,Zone_07,Zone_07,0.551,0.0,0.0,0.0001,0.0002,0.0001,0.0003,0.551,0.448,0.0002,0.0001
CT014939,Zone_07,Zone_07,0.9947,0.0,0.0,0.0,0.0001,0.0001,0.0002,0.9947,0.0047,0.0001,0.0
CT007530,Zone_01,Zone_01,0.9976,0.9976,0.0009,0.0008,0.0006,0.0,0.0,0.0,0.0,0.0,0.0
CT013699,Zone_04,Zone_04,0.9963,0.0005,0.0009,0.001,0.9963,0.0003,0.0001,0.0004,0.0001,0.0001,0.0001
CT015302,Zone_01,Zone_01,0.998,0.998,0.0007,0.0007,0.0005,0.0,0.0,0.0,0.0,0.0,0.0
CT001845,Zone_03,Zone_03,0.9984,0.0004,0.0004,0.9984,0.0006,0.0001,0.0001,0.0,0.0,0.0,0.0
CT016878,Zone_02,Zone_02,0.9981,0.0006,0.9981,0.0005,0.0007,0.0,0.0,0.0,0.0,0.0,0.0
CT014213,Zone_03,Zone_03,0.9983,0.0005,0.0005,0.9983,0.0006,0.0001,0.0,0.0,0.0,0.0,0.0
CT004956,Zone_04,Zone_04,0.997,0.0003,0.0007,0.0009,0.997,0.0003,0.0001,0.0004,0.0001,0.0001,0.0001
CT017983,Zone_06,Zone_06,0.9967,0.0,0.0,0.0,0.0004,0.0001,0.9967,0.0017,0.001,0.0001,0.0
CT013838,Zone_05,Zone_05,0.9951,0.0,0.0001,0.0002,0.001,0.9951,0.0001,0.0019,0.0014,0.0002,0.0001
CT010501,Zone_05,Zone_05,0.9949,0.0,0.0001,0.0001,0.0011,0.9949,0.0001,0.0013,0.0021,0.0001,0.0001
CT003157,Zone_02,Zone_02,0.998,0.0007,0.998,0.0006,0.0006,0.0001,0.0,0.0,0.0,0.0,0.0
CT014817,Zone_07,Zone_07,0.994,0.0,0.0,0.0,0.0001,0.0001,0.0002,0.994,0.0055,0.0001,0.0
CT019780,Zone_01,Zone_01,0.9985,0.9985,0.0007,0.0005,0.0003,0.0,0.0,0.0,0.0,0.0,0.0
CT002061,Zone_10,Zone_10,0.999,0.0,0.0,0.0,0.0,0.0,0.0,0.0001,0.0001,0.0006,0.999
CT013935,Zone_07,Zone_07,0.9915,0.0,0.0,0.0,0.0001,0.0,0.0,0.9915,0.0082,0.0001,0.0
CT011630,Zone_07,Zone_07,0.5198,0.0,0.0,0.0001,0.0002,0.0001,0.0001,0.5198,0.4796,0.0001,0.0001
CT014337,Zone_08,Zone_08,0.9962,0.0,0.0,0.0,0.0002,0.0003,0.0,0.0032,0.9962,0.0001,0.0001
CT005808,Zone_07,Zone_07,0.8418,0.0,0.0,0.0,0.0003,0.0001,0.1573,0.8418,0.0003,0.0001,0.0
CT008583,Zone_07,Zone_07,0.852,0.0,0.0,0.0,0.0005,0.0005,0.0003,0.852,0.1463,0.0003,0.0001
CT001061,Zone_10,Zone_10,0.9978,0.0,0.0,0.0,0.0,0.0,0.0,0.0009,0.0004,0.0008,0.9978
CT007004,Zone_07,Zone_07,0.892,0.0,0.0,0.0,0.0004,0.0004,0.0001,0.892,0.1068,0.0002,0.0001
CT003264,Zone_08,Zone_08,0.9966,0.0,0.0,0.0,0.0002,0.0004,0.0001,0.0023,0.9966,0.0002,0.0001
CT002234,Zone_10,Zone_10,0.9985,0.0,0.0,0.0,0.0,0.0,0.0,0.0003,0.0003,0.0007,0.9985
CT013940,Zone_06,Zone_06,0.9974,0.0,0.0,0.0,0.0003,0.0001,0.9974,0.0018,0.0003,0.0,0.0
CT001374,Zone_07,Zone_07,0.9905,0.0,0.0,0.0,0.0002,0.0001,0.0003,0.9905,0.0087,0.0001,0.0
CT016783,Zone_02,Zone_02,0.9975,0.0007,0.9975,0.0006,0.001,0.0001,0.0,0.0,0.0,0.0,0.0
CT013327,Zone_06,Zone_06,0.9955,0.0,0.0,0.0,0.0004,0.0001,0.9955,0.0031,0.0008,0.0001,0.0
CT000454,Zone_01,Zone_01,0.9979,0.9979,0.0009,0.0007,0.0005,0.0,0.0,0.0,0.0,0.0,0.0
CT011967,Zone_08,Zone_08,0.8334,0.0,0.0,0.0,0.0002,0.0001,0.0001,0.166,0.8334,0.0001,0.0001
CT009771,Zone_05,Zone_05,0.9962,0.0,0.0001,0.0001,0.0008,0.9962,0.0001,0.0009,0.0017,0.0001,0.0
CT006245,Zone_03,Zone_03,0.998,0.0007,0.0006,0.998,0.0006,0.0001,0.0,0.0,0.0,0.0,0.0
CT019358,Zone_02,Zone_02,0.9979,0.0008,0.9979,0.0006,0.0007,0.0001,0.0,0.0,0.0,0.0,0.0
CT015880,Zone_07,Zone_07,0.9729,0.0,0.0,0.0001,0.0003,0.0002,0.0003,0.9729,0.026,0.0002,0.0001
CT015243,Zone_03,Zone_03,0.9981,0.0006,0.0006,0.9981,0.0006,0.0001,0.0,0.0,0.0,0.0,0.0
CT015567,Zone_07,Zone_08,0.7373,0.0,0.0,0.0,0.0001,0.0001,0.0,0.2622,0.7373,0.0001,0.0001
CT010340,Zone_08,Zone_08,0.6705,0.0,0.0,0.0001,0.0002,0.0001,0.0001,0.3288,0.6705,0.0002,0.0001
CT013245,Zone_04,Zone_04,0.9981,0.0001,0.0003,0.0003,0.9981,0.0003,0.0005,0.0003,0.0,0.0,0.0
CT015354,Zone_07,Zone_07,0.7113,0.0,0.0,0.0001,0.0004,0.0002,0.0016,0.7113,0.286,0.0002,0.0001
CT013142,Zone_02,Zone_02,0.9978,0.0007,0.9978,0.0005,0.0008,0.0001,0.0,0.0,0.0,0.0,0.0
CT015735,Zone_07,Zone_07,0.9754,0.0,0.0,0.0,0.0003,0.0001,0.0234,0.9754,0.0006,0.0001,0.0
CT007361,Zone_08,Zone_08,0.9981,0.0,0.0,0.0,0.0002,0.0003,0.0002,0.0009,0.9981,0.0001,0.0001
CT012161,Zone_02,Zone_02,0.998,0.0008,0.998,0.0005,0.0006,0.0001,0.0,0.0,0.0,0.0,0.0
CT007762,Zone_10,Zone_10,0.9983,0.0,0.0,0.0,0.0,0.0,0.0,0.0004,0.0003,0.0009,0.9983
CT009990,Zone_04,Zone_04,0.9972,0.0001,0.0003,0.0003,0.9972,0.0008,0.0,0.0005,0.0007,0.0,0.0
CT013885,Zone_08,Zone_07,0.7124,0.0,0.0,0.0,0.0002,0.0002,0.0,0.7124,0.287,0.0001,0.0
CT001692,Zone_06,Zone_06,0.999,0.0,0.0,0.0,0.0002,0.0,0.999,0.0006,0.0002,0.0,0.0
CT015993,Zone_03,Zone_03,0.9981,0.0004,0.0005,0.9981,0.0008,0.0001,0.0,0.0,0.0,0.0,0.0
CT006582,Zone_07,Zone_08,0.8337,0.0,0.0,0.0,0.0001,0.0001,0.0,0.166,0.8337,0.0001,0.0
CT014420,Zone_01,Zone_01,0.9979,0.9979,0.0009,0.0007,0.0005,0.0,0.0,0.0,0.0,0.0,0.0
CT007553,Zone_04,Zone_04,0.9985,0.0001,0.0003,0.0003,0.9985,0.0003,0.0001,0.0002,0.0002,0.0,0.0
CT018781,Zone_08,Zone_08,0.7903,0.0,0.0,0.0001,0.0002,0.0001,0.0004,0.2087,0.7903,0.0001,0.0001
CT019256,Zone_02,Zone_02,0.9978,0.0005,0.9978,0.0007,0.0009,0.0001,0.0,0.0,0.0,0.0,0.0
CT009256,Zone_01,Zone_01,0.9979,0.9979,0.0009,0.0007,0.0004,0.0,0.0,0.0,0.0,0.0,0.0
CT012687,Zone_07,Zone_07,0.9919,0.0,0.0,0.0,0.0001,0.0001,0.0001,0.9919,0.0077,0.0001,0.0
CT017407,Zone_04,Zone_04,0.9966,0.0004,0.0008,0.0011,0.9966,0.0003,0.0,0.0004,0.0001,0.0001,0.0001
CT003347,Zone_07,Zone_07,0.9914,0.0,0.0,0.0,0.0001,0.0001,0.0002,0.9914,0.0082,0.0001,0.0
CT001746,Zone_07,Zone_08,0.5171,0.0,0.0,0.0,0.0001,0.0001,0.0,0.4826,0.5171,0.0001,0.0
CT001279,Zone_07,Zone_07,0.9758,0.0,0.0,0.0,0.0002,0.0001,0.0235,0.9758,0.0004,0.0001,0.0
CT011040,Zone_07,Zone_07,0.9959,0.0,0.0,0.0,0.0001,0.0001,0.0035,0.9959,0.0002,0.0001,0.0
CT012358,Zone_04,Zone_04,0.9967,0.0004,0.0007,0.0009,0.9967,0.0003,0.0,0.0005,0.0002,0.0001,0.0001
CT018440,Zone_03,Zone_03,0.9978,0.0005,0.0005,0.9978,0.0009,0.0001,0.0001,0.0,0.0,0.0,0.0
CT003092,Zone_06,Zone_06,0.9965,0.0,0.0,0.0,0.0003,0.0001,0.9965,0.0022,0.0008,0.0001,0.0
CT013598,Zone_07,Zone_07,0.9668,0.0,0.0,0.0,0.0003,0.0001,0.0323,0.9668,0.0003,0.0001,0.0
CT011116,Zone_08,Zone_08,0.9961,0.0,0.0,0.0,0.0003,0.0005,0.0002,0.0025,0.9961,0.0002,0.0002
CT013367,Zone_08,Zone_08,0.9984,0.0,0.0,0.0,0.0001,0.0002,0.0,0.0012,0.9984,0.0001,0.0
CT005362,Zone_02,Zone_02,0.9978,0.0008,0.9978,0.0006,0.0007,0.0001,0.0,0.0,0.0,0.0,0.0
CT007978,Zone_10,Zone_10,0.9985,0.0,0.0,0.0,0.0,0.0,0.0,0.0004,0.0005,0.0006,0.9985
CT019219,Zone_10,Zone_10,0.9987,0.0,0.0,0.0,0.0,0.0,0.0,0.0002,0.0002,0.0008,0.9987
CT008245,Zone_10,Zone_10,0.999,0.0,0.0,0.0,0.0,0.0,0.0,0.0002,0.0001,0.0006,0.999
CT004130,Zone_06,Zone_06,0.9987,0.0,0.0,0.0,0.0002,0.0,0.9987,0.0008,0.0002,0.0,0.0
CT002667,Zone_06,Zone_06,0.9996,0.0,0.0,0.0,0.0001,0.0,0.9996,0.0002,0.0001,0.0,0.0
CT015590,Zone_07,Zone_07,0.9729,0.0,0.0,0.0,0.0002,0.0002,0.0003,0.9729,0.026,0.0002,0.0001
CT006774,Zone_10,Zone_10,0.9989,0.0,0.0,0.0,0.0,0.0,0.0,0.0001,0.0003,0.0006,0.9989
CT017756,Zone_07,Zone_07,0.9914,0.0,0.0,0.0,0.0002,0.0001,0.0005,0.9914,0.0077,0.0001,0.0
CT015010,Zone_08,Zone_08,0.9977,0.0,0.0,0.0,0.0002,0.0004,0.0001,0.0014,0.9977,0.0001,0.0001
CT011019,Zone_03,Zone_03,0.9981,0.0006,0.0006,0.9981,0.0006,0.0001,0.0,0.0,0.0,0.0,0.0
CT001847,Zone_04,Zone_04,0.9974,0.0001,0.0002,0.0003,0.9974,0.0007,0.0,0.0007,0.0005,0.0,0.0
CT008887,Zone_02,Zone_02,0.9981,0.0008,0.9981,0.0005,0.0006,0.0,0.0,0.0,0.0,0.0,0.0
CT004703,Zone_04,Zone_04,0.9974,0.0001,0.0002,0.0003,0.9974,0.0007,0.0001,0.0008,0.0004,0.0,0.0
CT013283,Zone_09,Zone_09,0.9829,0.0,0.0,0.0002,0.0001,0.0004,0.0001,0.0048,0.0084,0.9829,0.003
CT000194,Zone_07,Zone_07,0.9897,0.0,0.0,0.0,0.0003,0.0002,0.0086,0.9897,0.001,0.0001,0.0
CT002015,Zone_08,Zone_08,0.9987,0.0,0.0,0.0,0.0002,0.0003,0.0001,0.0006,0.9987,0.0001,0.0001
CT011611,Zone_02,Zone_02,0.9975,0.0008,0.9975,0.0006,0.0011,0.0001,0.0,0.0,0.0,0.0,0.0
CT011047,Zone_07,Zone_07,0.9918,0.0,0.0,0.0,0.0002,0.0001,0.0072,0.9918,0.0004,0.0001,0.0
CT016387,Zone_01,Zone_01,0.9976,0.9976,0.0009,0.0008,0.0005,0.0,0.0,0.0,0.0,0.0,0.0
CT002235,Zone_07,Zone_07,0.9799,0.0,0.0,0.0,0.0002,0.0001,0.0008,0.9799,0.0187,0.0001,0.0
CT014149,Zone_08,Zone_08,0.7512,0.0,0.0,0.0001,0.0002,0.0001,0.0002,0.2479,0.7512,0.0001,0.0001
CT016098,Zone_03,Zone_03,0.998,0.0005,0.0006,0.998,0.0007,0.0001,0.0,0.0,0.0,0.0,0.0
CT008504,Zone_08,Zone_08,0.7724,0.0,0.0,0.0,0.0002,0.0001,0.0001,0.227,0.7724,0.0001,0.0001
CT010153,Zone_02,Zone_02,0.9978,0.0007,0.9978,0.0006,0.0008,0.0001,0.0,0.0,0.0,0.0,0.0
CT006191,Zone_07,Zone_07,0.9529,0.0,0.0,0.0001,0.0003,0.0002,0.0458,0.9529,0.0005,0.0002,0.0
CT014620,Zone_03,Zone_03,0.9984,0.0004,0.0005,0.9984,0.0006,0.0001,0.0,0.0,0.0,0.0,0.0
CT000032,Zone_10,Zone_10,0.9984,0.0,0.0,0.0,0.0,0.0,0.0,0.0002,0.0006,0.0007,0.9984
CT016518,Zone_07,Zone_07,0.8136,0.0,0.0,0.0,0.0003,0.0003,0.0001,0.8136,0.1855,0.0001,0.0001
CT010483,Zone_07,Zone_07,0.9858,0.0,0.0,0.0,0.0002,0.0002,0.0009,0.9858,0.0126,0.0002,0.0001
CT008502,Zone_07,Zone_07,0.9814,0.0,0.0,0.0,0.0003,0.0001,0.0008,0.9814,0.0171,0.0001,0.0
CT013939,Zone_08,Zone_07,0.6219,0.0,0.0,0.0001,0.0004,0.0002,0.0006,0.6219,0.3763,0.0003,0.0002
CT000383,Zone_07,Zone_07,0.9908,0.0,0.0,0.0,0.0002,0.0001,0.0005,0.9908,0.008,0.0002,0.0001
CT001259,Zone_07,Zone_07,0.7505,0.0,0.0,0.0001,0.0005,0.0006,0.0003,0.7505,0.2475,0.0003,0.0002
CT018794,Zone_09,Zone_09,0.9899,0.0,0.0,0.0001,0.0001,0.0003,0.0005,0.0021,0.0039,0.9899,0.0031
CT018193,Zone_01,Zone_01,0.9977,0.9977,0.001,0.0007,0.0006,0.0,0.0,0.0,0.0,0.0,0.0
CT012954,Zone_08,Zone_07,0.7973,0.0,0.0,0.0,0.0003,0.0004,0.0,0.7973,0.2017,0.0002,0.0001
CT007983,Zone_06,Zone_06,0.9921,0.0,0.0,0.0,0.0007,0.0002,0.9921,0.0036,0.0032,0.0001,0.0
CT012498,Zone_05,Zone_05,0.996,0.0,0.0001,0.0001,0.001,0.996,0.0001,0.001,0.0014,0.0001,0.0001
CT007173,Zone_08,Zone_08,0.5433,0.0,0.0,0.0001,0.0002,0.0001,0.0001,0.456,0.5433,0.0001,0.0001
CT004494,Zone_03,Zone_03,0.9981,0.0005,0.0006,0.9981,0.0007,0.0001,0.0,0.0,0.0,0.0,0.0
CT014334,Zone_02,Zone_02,0.998,0.0006,0.998,0.0005,0.0008,0.0001,0.0,0.0,0.0,0.0,0.0
CT013583,Zone_07,Zone_08,0.8165,0.0,0.0,0.0,0.0001,0.0001,0.0,0.1831,0.8165,0.0001,0.0
CT002789,Zone_10,Zone_10,0.9986,0.0,0.0,0.0,0.0,0.0,0.0,0.0003,0.0003,0.0007,0.9986
CT011048,Zone_08,Zone_08,0.9992,0.0,0.0,0.0,0.0001,0.0001,0.0,0.0005,0.9992,0.0,0.0
CT019661,Zone_08,Zone_08,0.9957,0.0,0.0,0.0001,0.0003,0.0005,0.0003,0.0027,0.9957,0.0002,0.0002
CT001233,Zone_01,Zone_01,0.9985,0.9985,0.0006,0.0005,0.0003,0.0,0.0,0.0,0.0,0.0,0.0
CT015933,Zone_02,Zone_02,0.9978,0.0008,0.9978,0.0006,0.0008,0.0001,0.0,0.0,0.0,0.0,0.0
CT000512,Zone_07,Zone_07,0.9796,0.0,0.0,0.0,0.0002,0.0001,0.0196,0.9796,0.0004,0.0001,0.0
CT017314,Zone_06,Zone_06,0.9975,0.0,0.0,0.0,0.0003,0.0001,0.9975,0.0014,0.0006,0.0,0.0
CT012501,Zone_07,Zone_08,0.8045,0.0,0.0,0.0,0.0001,0.0001,0.0,0.1951,0.8045,0.0001,0.0
CT002870,Zone_02,Zone_02,0.9981,0.0006,0.9981,0.0006,0.0006,0.0001,0.0,0.0,0.0,0.0,0.0
CT015451,Zone_04,Zone_04,0.9979,0.0001,0.0002,0.0002,0.9979,0.0006,0.0001,0.0005,0.0003,0.0,0.0
CT005117,Zone_08,Zone_08,0.6928,0.0,0.0,0.0001,0.0002,0.0001,0.0004,0.3061,0.6928,0.0002,0.0001
CT002716,Zone_01,Zone_01,0.9977,0.9977,0.0009,0.0008,0.0005,0.0,0.0,0.0,0.0,0.0,0.0
CT010802,Zone_04,Zone_04,0.9967,0.0004,0.0008,0.0009,0.9967,0.0004,0.0001,0.0002,0.0002,0.0001,0.0001
CT002606,Zone_03,Zone_03,0.9978,0.0006,0.0006,0.9978,0.0008,0.0001,0.0,0.0,0.0,0.0,0.0
CT018086,Zone_03,Zone_03,0.9977,0.0005,0.0006,0.9977,0.0009,0.0001,0.0,0.0,0.0,0.0,0.0
CT009286,Zone_03,Zone_03,0.998,0.0006,0.0005,0.998,0.0007,0.0001,0.0,0.0,0.0,0.0,0.0
CT018800,Zone_05,Zone_05,0.9944,0.0,0.0001,0.0001,0.0012,0.9944,0.0024,0.0012,0.0004,0.0001,0.0
CT000907,Zone_08,Zone_08,0.9993,0.0,0.0,0.0,0.0001,0.0001,0.0,0.0004,0.9993,0.0,0.0
CT005264,Zone_07,Zone_07,0.9885,0.0,0.0,0.0,0.0002,0.0001,0.0106,0.9885,0.0004,0.0001,0.0
CT011779,Zone_05,Zone_05,0.9945,0.0,0.0001,0.0002,0.001,0.9945,0.0,0.0015,0.0025,0.0001,0.0001
CT013191,Zone_04,Zone_04,0.9979,0.0002,0.0005,0.0005,0.9979,0.0004,0.0002,0.0002,0.0001,0.0001,0.0
CT011795,Zone_08,Zone_08,0.7719,0.0,0.0,0.0,0.0001,0.0001,0.0,0.2276,0.7719,0.0001,0.0001
CT014951,Zone_07,Zone_07,0.9758,0.0,0.0,0.0,0.0002,0.0001,0.0003,0.9758,0.0233,0.0001,0.0
CT005734,Zone_06,Zone_06,0.9997,0.0,0.0,0.0,0.0,0.0,0.9997,0.0002,0.0,0.0,0.0
CT005847,Zone_10,Zone_10,0.9988,0.0001,0.0,0.0,0.0,0.0,0.0,0.0001,0.0002,0.0007,0.9988
CT009695,Zone_07,Zone_07,0.8685,0.0,0.0,0.0,0.0002,0.0002,0.0,0.8685,0.1309,0.0001,0.0
CT000423,Zone_02,Zone_02,0.9982,0.0006,0.9982,0.0005,0.0006,0.0001,0.0,0.0,0.0,0.0,0.0
CT009973,Zone_10,Zone_10,0.9988,0.0,0.0,0.0,0.0,0.0,0.0,0.0002,0.0002,0.0007,0.9988
CT000895,Zone_07,Zone_07,0.9888,0.0,0.0,0.0,0.0001,0.0001,0.0,0.9888,0.0108,0.0001,0.0
CT017845,Zone_07,Zone_07,0.9923,0.0,0.0,0.0,0.0002,0.0001,0.0007,0.9923,0.0065,0.0001,0.0
CT010593,Zone_08,Zone_08,0.5323,0.0,0.0,0.0001,0.0002,0.0001,0.0004,0.4666,0.5323,0.0002,0.0001
CT007637,Zone_08,Zone_08,0.9981,0.0,0.0,0.0,0.0003,0.0004,0.0001,0.0009,0.9981,0.0001,0.0001
CT015618,Zone_01,Zone_01,0.998,0.998,0.0009,0.0006,0.0004,0.0,0.0,0.0,0.0,0.0,0.0
CT013002,Zone_07,Zone_08,0.5434,0.0,0.0,0.0,0.0002,0.0001,0.0001,0.4559,0.5434,0.0001,0.0001
CT005085,Zone_10,Zone_10,0.9987,0.0,0.0,0.0,0.0,0.0,0.0,0.0002,0.0004,0.0006,0.9987
CT004429,Zone_04,Zone_04,0.9965,0.0004,0.0007,0.0009,0.9965,0.0003,0.0001,0.0006,0.0001,0.0001,0.0001
CT014897,Zone_02,Zone_02,0.9979,0.0006,0.9979,0.0006,0.0009,0.0001,0.0,0.0,0.0,0.0,0.0
CT015369,Zone_04,Zone_04,0.9971,0.0002,0.0004,0.0004,0.9971,0.0004,0.0011,0.0003,0.0001,0.0001,0.0
CT007909,Zone_07,Zone_07,0.6618,0.0,0.0,0.0001,0.0006,0.0006,0.0002,0.6618,0.3362,0.0003,0.0001
CT004324,Zone_02,Zone_02,0.998,0.0006,0.998,0.0005,0.0007,0.0001,0.0,0.0,0.0,0.0,0.0
CT010619,Zone_10,Zone_10,0.9985,0.0,0.0,0.0,0.0,0.0,0.0,0.0006,0.0001,0.0006,0.9985
CT001470,Zone_03,Zone_03,0.9983,0.0004,0.0005,0.9983,0.0006,0.0001,0.0,0.0,0.0,0.0,0.0
CT010118,Zone_07,Zone_07,0.9016,0.0,0.0,0.0,0.0003,0.0003,0.0001,0.9016,0.0975,0.0001,0.0
CT018889,Zone_07,Zone_08,0.7355,0.0,0.0,0.0001,0.0002,0.0001,0.0001,0.2639,0.7355,0.0001,0.0001
CT011819,Zone_02,Zone_02,0.9979,0.0006,0.9979,0.0007,0.0007,0.0001,0.0,0.0,0.0,0.0,0.0
CT015456,Zone_10,Zone_10,0.9988,0.0,0.0,0.0,0.0,0.0,0.0,0.0002,0.0002,0.0007,0.9988
CT005530,Zone_07,Zone_07,0.969,0.0,0.0,0.0,0.0003,0.0002,0.0009,0.969,0.0293,0.0002,0.0001
CT012530,Zone_03,Zone_03,0.998,0.0005,0.0005,0.998,0.0008,0.0001,0.0,0.0,0.0,0.0,0.0
CT018439,Zone_01,Zone_01,0.9983,0.9983,0.0007,0.0005,0.0004,0.0,0.0,0.0,0.0,0.0,0.0
CT018205,Zone_02,Zone_02,0.9976,0.0009,0.9976,0.0007,0.0007,0.0001,0.0,0.0,0.0,0.0,0.0
CT013811,Zone_03,Zone_03,0.9979,0.0006,0.0006,0.9979,0.0008,0.0001,0.0,0.0,0.0,0.0,0.0
CT015936,Zone_02,Zone_02,0.9976,0.0008,0.9976,0.0007,0.0009,0.0001,0.0,0.0,0.0,0.0,0.0
CT009280,Zone_06,Zone_06,0.9932,0.0,0.0,0.0,0.0007,0.0002,0.9932,0.0041,0.0017,0.0001,0.0
CT005521,Zone_08,Zone_08,0.9972,0.0,0.0,0.0,0.0002,0.0003,0.0,0.0021,0.9972,0.0001,0.0001
CT002708,Zone_01,Zone_01,0.9984,0.9984,0.0007,0.0005,0.0004,0.0,0.0,0.0,0.0,0.0,0.0
CT002961,Zone_07,Zone_07,0.9768,0.0,0.0,0.0,0.0002,0.0001,0.0002,0.9768,0.0226,0.0001,0.0
CT001105,Zone_03,Zone_03,0.9981,0.0005,0.0005,0.9981,0.0008,0.0001,0.0,0.0,0.0,0.0,0.0
CT008819,Zone_07,Zone_07,0.9724,0.0,0.0,0.0,0.0002,0.0001,0.0001,0.9724,0.027,0.0002,0.0
CT011881,Zone_07,Zone_08,0.874,0.0,0.0,0.0,0.0001,0.0001,0.0001,0.1255,0.874,0.0001,0.0
CT003407,Zone_07,Zone_07,0.8805,0.0,0.0,0.0,0.0004,0.0003,0.0003,0.8805,0.1182,0.0001,0.0001
CT014653,Zone_08,Zone_08,0.9964,0.0,0.0,0.0,0.0002,0.0003,0.0001,0.0027,0.9964,0.0001,0.0001
CT007037,Zone_03,Zone_03,0.9979,0.0005,0.0005,0.9979,0.0009,0.0001,0.0,0.0,0.0,0.0,0.0
CT002597,Zone_03,Zone_03,0.9981,0.0004,0.0005,0.9981,0.0008,0.0001,0.0,0.0,0.0,0.0,0.0
CT017198,Zone_04,Zone_04,0.9974,0.0003,0.0006,0.0008,0.9974,0.0003,0.0002,0.0003,0.0,0.0001,0.0001
CT013197,Zone_07,Zone_07,0.994,0.0,0.0,0.0,0.0002,0.0001,0.0043,0.994,0.0011,0.0001,0.0
CT017113,Zone_02,Zone_02,0.9979,0.0007,0.9979,0.0006,0.0007,0.0001,0.0,0.0,0.0,0.0,0.0
CT006454,Zone_04,Zone_04,0.998,0.0001,0.0003,0.0004,0.998,0.0003,0.0001,0.0005,0.0001,0.0001,0.0
CT011416,Zone_07,Zone_07,0.9842,0.0,0.0,0.0,0.0002,0.0001,0.0001,0.9842,0.0152,0.0001,0.0
CT012162,Zone_08,Zone_08,0.7078,0.0,0.0,0.0001,0.0002,0.0001,0.0,0.2916,0.7078,0.0001,0.0001
CT007500,Zone_02,Zone_02,0.9981,0.0006,0.9981,0.0005,0.0007,0.0001,0.0,0.0,0.0,0.0,0.0
CT003778,Zone_02,Zone_02,0.9981,0.0006,0.9981,0.0006,0.0007,0.0,0.0,0.0,0.0,0.0,0.0
CT009230,Zone_05,Zone_05,0.9951,0.0,0.0001,0.0001,0.0012,0.9951,0.0001,0.0006,0.0026,0.0001,0.0001
CT002791,Zone_07,Zone_07,0.9801,0.0,0.0,0.0001,0.0004,0.0002,0.0172,0.9801,0.0017,0.0002,0.0001
CT017436,Zone_07,Zone_07,0.9116,0.0,0.0,0.0001,0.0006,0.0002,0.0854,0.9116,0.0019,0.0002,0.0001
CT017904,Zone_01,Zone_01,0.9983,0.9983,0.0007,0.0006,0.0003,0.0,0.0,0.0,0.0,0.0,0.0
CT010949,Zone_08,Zone_08,0.9965,0.0,0.0,0.0,0.0002,0.0004,0.0,0.0026,0.9965,0.0001,0.0001
CT010544,Zone_07,Zone_07,0.9839,0.0,0.0,0.0,0.0001,0.0001,0.0001,0.9839,0.0157,0.0001,0.0
CT010939,Zone_05,Zone_05,0.994,0.0,0.0001,0.0001,0.0011,0.994,0.0,0.0018,0.0027,0.0001,0.0001
CT003875,Zone_09,Zone_09,0.9908,0.0,0.0001,0.0001,0.0001,0.0004,0.0005,0.0034,0.0016,0.9908,0.0031
CT016779,Zone_07,Zone_07,0.863,0.0,0.0,0.0,0.0004,0.0004,0.0,0.863,0.1358,0.0002,0.0001
CT016571,Zone_07,Zone_07,0.5725,0.0,0.0,0.0001,0.0003,0.0002,0.0002,0.5725,0.4265,0.0002,0.0001
CT011190,Zone_04,Zone_04,0.998,0.0001,0.0002,0.0002,0.998,0.0006,0.0001,0.0003,0.0005,0.0,0.0
CT016864,Zone_03,Zone_03,0.9983,0.0005,0.0005,0.9983,0.0006,0.0001,0.0,0.0,0.0,0.0,0.0
CT015672,Zone_02,Zone_02,0.998,0.0006,0.998,0.0006,0.0008,0.0001,0.0,0.0,0.0,0.0,0.0
CT014618,Zone_08,Zone_08,0.8521,0.0,0.0,0.0,0.0001,0.0001,0.0,0.1474,0.8521,0.0001,0.0
CT010551,Zone_06,Zone_06,0.997,0.0,0.0,0.0,0.0003,0.0001,0.997,0.0019,0.0006,0.0001,0.0
CT006706,Zone_08,Zone_08,0.997,0.0,0.0,0.0,0.0003,0.0004,0.0001,0.002,0.997,0.0001,0.0001
CT018788,Zone_02,Zone_02,0.9981,0.0006,0.9981,0.0005,0.0007,0.0,0.0,0.0,0.0,0.0,0.0
CT003040,Zone_08,Zone_08,0.5905,0.0,0.0,0.0001,0.0002,0.0001,0.0002,0.4087,0.5905,0.0001,0.0001
CT009689,Zone_03,Zone_03,0.9979,0.0005,0.0006,0.9979,0.0008,0.0001,0.0001,0.0,0.0,0.0,0.0
CT019161,Zone_07,Zone_07,0.6514,0.0,0.0,0.0,0.0003,0.0004,0.0,0.6514,0.3476,0.0002,0.0001
CT006973,Zone_04,Zone_04,0.9962,0.0004,0.0008,0.0009,0.9962,0.0003,0.0006,0.0005,0.0,0.0001,0.0001
CT012087,Zone_07,Zone_08,0.6744,0.0,0.0,0.0001,0.0002,0.0002,0.0002,0.3246,0.6744,0.0002,0.0001
CT004257,Zone_02,Zone_02,0.9977,0.0008,0.9977,0.0006,0.0008,0.0001,0.0,0.0,0.0,0.0,0.0
CT015185,Zone_10,Zone_10,0.999,0.0,0.0,0.0,0.0,0.0,0.0,0.0002,0.0001,0.0006,0.999
CT018669,Zone_07,Zone_08,0.7706,0.0,0.0,0.0,0.0002,0.0001,0.0001,0.2289,0.7706,0.0001,0.0
CT010542,Zone_08,Zone_08,0.9989,0.0,0.0,0.0,0.0001,0.0002,0.0,0.0006,0.9989,0.0001,0.0001
CT009204,Zone_04,Zone_04,0.9979,0.0001,0.0002,0.0003,0.9979,0.0006,0.0002,0.0003,0.0002,0.0,0.0
CT002835,Zone_08,Zone_07,0.5017,0.0,0.0,0.0001,0.0003,0.0002,0.0001,0.5017,0.4974,0.0002,0.0001
CT015217,Zone_08,Zone_08,0.9949,0.0,0.0,0.0,0.0003,0.0005,0.0004,0.0036,0.9949,0.0002,0.0001
CT012787,Zone_08,Zone_08,0.7131,0.0,0.0,0.0001,0.0002,0.0001,0.0001,0.2862,0.7131,0.0001,0.0001
CT003523,Zone_03,Zone_03,0.998,0.0005,0.0005,0.998,0.0008,0.0001,0.0,0.0,0.0,0.0,0.0
CT013937,Zone_07,Zone_07,0.9729,0.0,0.0,0.0001,0.0006,0.0003,0.0239,0.9729,0.0019,0.0002,0.0001
CT002830,Zone_08,Zone_08,0.6563,0.0,0.0,0.0,0.0001,0.0001,0.0001,0.3431,0.6563,0.0001,0.0001
CT011152,Zone_03,Zone_03,0.9986,0.0004,0.0004,0.9986,0.0005,0.0001,0.0,0.0,0.0,0.0,0.0
CT009923,Zone_08,Zone_08,0.8531,0.0,0.0,0.0,0.0001,0.0001,0.0,0.1465,0.8531,0.0001,0.0
CT017358,Zone_07,Zone_07,0.8227,0.0,0.0,0.0001,0.0005,0.0005,0.0002,0.8227,0.1756,0.0002,0.0001
CT000890,Zone_08,Zone_08,0.7144,0.0,0.0,0.0,0.0002,0.0001,0.0002,0.2849,0.7144,0.0001,0.0
CT007180,Zone_04,Zone_04,0.9981,0.0001,0.0002,0.0002,0.9981,0.0005,0.0001,0.0003,0.0004,0.0,0.0
CT001904,Zone_03,Zone_03,0.9982,0.0005,0.0004,0.9982,0.0007,0.0001,0.0,0.0,0.0,0.0,0.0
CT002714,Zone_03,Zone_03,0.9978,0.0005,0.0006,0.9978,0.0009,0.0001,0.0,0.0,0.0,0.0,0.0
CT015659,Zone_07,Zone_08,0.5864,0.0,0.0,0.0001,0.0002,0.0001,0.0001,0.4129,0.5864,0.0001,0.0001
CT009245,Zone_05,Zone_05,0.9962,0.0,0.0001,0.0002,0.001,0.9962,0.0,0.0012,0.0011,0.0002,0.0001
CT016015,Zone_07,Zone_07,0.9259,0.0,0.0,0.0,0.0004,0.0003,0.0001,0.9259,0.0731,0.0002,0.0001
CT002379,Zone_03,Zone_03,0.9983,0.0004,0.0005,0.9983,0.0007,0.0001,0.0001,0.0,0.0,0.0,0.0
CT018387,Zone_10,Zone_10,0.9986,0.0,0.0,0.0,0.0,0.0,0.0,0.0002,0.0002,0.0009,0.9986
CT002482,Zone_04,Zone_04,0.9968,0.0004,0.0007,0.0008,0.9968,0.0003,0.0,0.0007,0.0001,0.0001,0.0001
CT011149,Zone_03,Zone_03,0.9979,0.0007,0.0006,0.9979,0.0007,0.0001,0.0,0.0,0.0,0.0,0.0
CT017032,Zone_02,Zone_02,0.9977,0.0007,0.9977,0.0007,0.0008,0.0001,0.0,0.0,0.0,0.0,0.0
CT004276,Zone_02,Zone_02,0.9982,0.0007,0.9982,0.0005,0.0006,0.0,0.0,0.0,0.0,0.0,0.0
CT012378,Zone_07,Zone_07,0.9967,0.0,0.0,0.0,0.0001,0.0001,0.0027,0.9967,0.0003,0.0001,0.0
CT014789,Zone_08,Zone_08,0.9987,0.0,0.0,0.0,0.0001,0.0002,0.0,0.0008,0.9987,0.0001,0.0
CT017197,Zone_07,Zone_07,0.6865,0.0,0.0,0.0001,0.0005,0.0006,0.0001,0.6865,0.3117,0.0003,0.0001
CT000882,Zone_08,Zone_08,0.5344,0.0,0.0,0.0,0.0002,0.0001,0.0001,0.465,0.5344,0.0001,0.0001
CT018101,Zone_05,Zone_05,0.996,0.0,0.0001,0.0002,0.0009,0.996,0.0001,0.0009,0.0015,0.0001,0.0001
CT014848,Zone_08,Zone_08,0.9985,0.0,0.0,0.0,0.0001,0.0002,0.0,0.001,0.9985,0.0001,0.0001
CT002860,Zone_08,Zone_08,0.9938,0.0,0.0,0.0,0.0004,0.0004,0.0001,0.0049,0.9938,0.0002,0.0001
CT005873,Zone_03,Zone_03,0.9981,0.0006,0.0005,0.9981,0.0006,0.0001,0.0,0.0,0.0,0.0,0.0
CT012775,Zone_08,Zone_08,0.9985,0.0,0.0,0.0,0.0001,0.0002,0.0,0.0011,0.9985,0.0001,0.0
CT013998,Zone_08,Zone_08,0.9971,0.0,0.0,0.0,0.0001,0.0002,0.0,0.0024,0.9971,0.0001,0.0
CT011710,Zone_08,Zone_08,0.5877,0.0,0.0,0.0001,0.0003,0.0002,0.0005,0.411,0.5877,0.0002,0.0001
CT012212,Zone_02,Zone_02,0.9976,0.0009,0.9976,0.0006,0.0007,0.0001,0.0,0.0,0.0,0.0,0.0
CT015259,Zone_01,Zone_01,0.9979,0.9979,0.0009,0.0007,0.0005,0.0,0.0,0.0,0.0,0.0,0.0
CT006324,Zone_03,Zone_03,0.9985,0.0005,0.0005,0.9985,0.0004,0.0001,0.0,0.0,0.0,0.0,0.0
CT012344,Zone_07,Zone_07,0.9958,0.0,0.0,0.0,0.0001,0.0001,0.0036,0.9958,0.0003,0.0001,0.0
CT010889,Zone_05,Zone_05,0.9959,0.0,0.0,0.0001,0.0005,0.9959,0.0,0.0012,0.0022,0.0,0.0
CT017481,Zone_08,Zone_08,0.9973,0.0,0.0,0.0001,0.0003,0.0005,0.0002,0.0013,0.9973,0.0002,0.0002
CT007824,Zone_04,Zone_04,0.9966,0.0004,0.0008,0.0008,0.9966,0.0003,0.0006,0.0002,0.0,0.0001,0.0001
CT013144,Zone_07,Zone_07,0.9866,0.0,0.0,0.0,0.0001,0.0001,0.0001,0.9866,0.013,0.0001,0.0
CT003455,Zone_09,Zone_09,0.9901,0.0,0.0001,0.0002,0.0001,0.0004,0.0004,0.0033,0.0015,0.9901,0.0039
CT010675,Zone_10,Zone_10,0.9983,0.0,0.0,0.0,0.0,0.0,0.0,0.0004,0.0003,0.0009,0.9983
CT006195,Zone_02,Zone_02,0.9981,0.0006,0.9981,0.0005,0.0008,0.0,0.0,0.0,0.0,0.0,0.0
CT001989,Zone_10,Zone_10,0.9988,0.0,0.0,0.0,0.0,0.0,0.0,0.0003,0.0002,0.0006,0.9988
CT014022,Zone_04,Zone_04,0.9966,0.0004,0.0007,0.001,0.9966,0.0003,0.0001,0.0007,0.0001,0.0001,0.0001
CT000930,Zone_08,Zone_08,0.8771,0.0,0.0,0.0001,0.0001,0.0001,0.0001,0.1223,0.8771,0.0001,0.0001
CT017027,Zone_06,Zone_06,0.9928,0.0,0.0,0.0,0.0007,0.0002,0.9928,0.0043,0.0018,0.0001,0.0
CT007438,Zone_04,Zone_04,0.9974,0.0001,0.0003,0.0002,0.9974,0.0005,0.0009,0.0005,0.0001,0.0,0.0
CT008217,Zone_07,Zone_07,0.9977,0.0,0.0,0.0,0.0002,0.0001,0.0015,0.9977,0.0004,0.0001,0.0
CT007723,Zone_02,Zone_02,0.9978,0.0006,0.9978,0.0006,0.0009,0.0001,0.0,0.0,0.0,0.0,0.0
CT005587,Zone_07,Zone_07,0.853,0.0,0.0,0.0,0.0003,0.0004,0.0001,0.853,0.1458,0.0002,0.0001
CT011684,Zone_10,Zone_10,0.999,0.0,0.0,0.0,0.0,0.0,0.0,0.0002,0.0002,0.0006,0.999
CT002374,Zone_04,Zone_04,0.9967,0.0005,0.0008,0.0009,0.9967,0.0003,0.0003,0.0003,0.0001,0.0001,0.0001
CT010522,Zone_07,Zone_07,0.9852,0.0,0.0,0.0,0.0001,0.0001,0.0,0.9852,0.0144,0.0001,0.0
CT010355,Zone_08,Zone_08,0.9993,0.0,0.0,0.0,0.0001,0.0001,0.0,0.0005,0.9993,0.0,0.0
CT000041,Zone_08,Zone_08,0.9941,0.0,0.0,0.0001,0.0003,0.0005,0.0002,0.0044,0.9941,0.0002,0.0002
CT009238,Zone_07,Zone_07,0.5459,0.0,0.0,0.0,0.0001,0.0001,0.0001,0.5459,0.4535,0.0001,0.0001
CT015081,Zone_05,Zone_05,0.9953,0.0,0.0001,0.0002,0.0009,0.9953,0.0,0.0013,0.002,0.0001,0.0001
CT006607,Zone_07,Zone_07,0.9436,0.0,0.0,0.0001,0.0004,0.0002,0.0546,0.9436,0.0009,0.0002,0.0
CT008459,Zone_07,Zone_07,0.5911,0.0,0.0001,0.0001,0.0004,0.0002,0.003,0.5911,0.4047,0.0002,0.0001
CT009755,Zone_08,Zone_08,0.7206,0.0,0.0,0.0001,0.0002,0.0001,0.0,0.2788,0.7206,0.0001,0.0001
CT000178,Zone_09,Zone_09,0.9887,0.0,0.0,0.0001,0.0001,0.0003,0.0002,0.0023,0.0053,0.9887,0.0029
CT007044,Zone_04,Zone_04,0.9964,0.0006,0.0008,0.0011,0.9964,0.0004,0.0001,0.0003,0.0002,0.0001,0.0001
CT011262,Zone_07,Zone_07,0.9733,0.0,0.0,0.0,0.0002,0.0001,0.0261,0.9733,0.0002,0.0001,0.0
CT008358,Zone_03,Zone_03,0.9981,0.0004,0.0005,0.9981,0.0008,0.0001,0.0,0.0,0.0,0.0,0.0
CT003101,Zone_10,Zone_10,0.9986,0.0,0.0,0.0,0.0,0.0,0.0,0.0003,0.0002,0.0007,0.9986
CT009349,Zone_08,Zone_08,0.7119,0.0,0.0,0.0,0.0002,0.0001,0.0001,0.2875,0.7119,0.0001,0.0001
CT005311,Zone_08,Zone_08,0.9968,0.0,0.0,0.0,0.0003,0.0003,0.0001,0.0023,0.9968,0.0001,0.0001
CT003878,Zone_10,Zone_10,0.9983,0.0,0.0,0.0,0.0,0.0,0.0,0.0003,0.0005,0.0008,0.9983
CT007244,Zone_06,Zone_07,0.9037,0.0,0.0,0.0,0.0003,0.0001,0.0954,0.9037,0.0002,0.0002,0.0
CT005176,Zone_02,Zone_02,0.9979,0.0006,0.9979,0.0006,0.0009,0.0001,0.0,0.0,0.0,0.0,0.0
CT004381,Zone_07,Zone_07,0.5829,0.0,0.0,0.0001,0.0014,0.0016,0.0002,0.5829,0.4132,0.0005,0.0002
CT005124,Zone_07,Zone_07,0.8331,0.0,0.0,0.0,0.0006,0.0005,0.0002,0.8331,0.1653,0.0002,0.0001
CT018221,Zone_08,Zone_08,0.5039,0.0,0.0,0.0,0.0002,0.0001,0.0002,0.4954,0.5039,0.0001,0.0
CT012946,Zone_08,Zone_08,0.9974,0.0,0.0,0.0,0.0002,0.0003,0.0001,0.0017,0.9974,0.0001,0.0001
CT016960,Zone_01,Zone_01,0.9983,0.9983,0.0008,0.0006,0.0003,0.0,0.0,0.0,0.0,0.0,0.0
CT019726,Zone_07,Zone_07,0.7045,0.0,0.0,0.0001,0.0006,0.0005,0.0003,0.7045,0.2936,0.0002,0.0001
CT006830,Zone_07,Zone_07,0.9819,0.0,0.0,0.0,0.0001,0.0001,0.0002,0.9819,0.0175,0.0001,0.0
CT005721,Zone_07,Zone_07,0.9841,0.0,0.0,0.0001,0.0002,0.0002,0.0021,0.9841,0.0131,0.0002,0.0001
CT006154,Zone_04,Zone_04,0.9979,0.0001,0.0003,0.0004,0.9979,0.0004,0.0004,0.0003,0.0001,0.0,0.0
CT016577,Zone_02,Zone_02,0.9975,0.0007,0.9975,0.0007,0.001,0.0001,0.0,0.0,0.0,0.0,0.0
CT017948,Zone_07,Zone_07,0.8792,0.0,0.0,0.0,0.0003,0.0004,0.0001,0.8792,0.1197,0.0002,0.0001
CT014479,Zone_02,Zone_02,0.9983,0.0006,0.9983,0.0004,0.0006,0.0,0.0,0.0,0.0,0.0,0.0
CT018457,Zone_07,Zone_07,0.9928,0.0,0.0,0.0,0.0002,0.0001,0.0012,0.9928,0.0054,0.0001,0.0001
CT016194,Zone_07,Zone_07,0.9801,0.0,0.0,0.0,0.0002,0.0001,0.0002,0.9801,0.0191,0.0001,0.0001
CT000449,Zone_02,Zone_02,0.9979,0.0006,0.9979,0.0006,0.0008,0.0001,0.0,0.0,0.0,0.0,0.0
CT014471,Zone_04,Zone_04,0.9974,0.0001,0.0002,0.0002,0.9974,0.0005,0.0,0.0006,0.001,0.0,0.0
CT013607,Zone_02,Zone_02,0.9983,0.0006,0.9983,0.0004,0.0005,0.0,0.0,0.0,0.0,0.0,0.0
CT002325,Zone_04,Zone_04,0.9968,0.0004,0.0007,0.0009,0.9968,0.0004,0.0001,0.0002,0.0003,0.0001,0.0001
CT012478,Zone_07,Zone_07,0.9487,0.0,0.0,0.0,0.0003,0.0002,0.0001,0.9487,0.0504,0.0001,0.0001
CT001504,Zone_08,Zone_08,0.9992,0.0,0.0,0.0,0.0001,0.0001,0.0,0.0005,0.9992,0.0,0.0
CT005857,Zone_08,Zone_08,0.7575,0.0,0.0,0.0,0.0001,0.0001,0.0,0.2421,0.7575,0.0001,0.0
CT016111,Zone_07,Zone_07,0.9294,0.0,0.0,0.0,0.0003,0.0001,0.0696,0.9294,0.0003,0.0002,0.0
CT016031,Zone_06,Zone_06,0.9998,0.0,0.0,0.0,0.0,0.0,0.9998,0.0001,0.0,0.0,0.0
CT000905,Zone_10,Zone_10,0.9987,0.0,0.0,0.0,0.0,0.0,0.0,0.0002,0.0002,0.0007,0.9987
CT005943,Zone_03,Zone_03,0.998,0.0005,0.0005,0.998,0.0008,0.0001,0.0,0.0,0.0,0.0,0.0
CT012071,Zone_08,Zone_07,0.5307,0.0,0.0,0.0001,0.0003,0.0002,0.0002,0.5307,0.4681,0.0002,0.0001
CT000323,Zone_04,Zone_04,0.9966,0.0001,0.0002,0.0002,0.9966,0.0008,0.0,0.0004,0.0016,0.0,0.0
CT001157,Zone_02,Zone_02,0.9978,0.0007,0.9978,0.0006,0.0008,0.0001,0.0,0.0,0.0,0.0,0.0
CT005493,Zone_04,Zone_04,0.9966,0.0005,0.0008,0.0011,0.9966,0.0003,0.0001,0.0002,0.0001,0.0001,0.0001
CT007378,Zone_10,Zone_10,0.9988,0.0,0.0,0.0,0.0,0.0,0.0,0.0003,0.0002,0.0005,0.9988
CT003482,Zone_08,Zone_08,0.5507,0.0,0.0,0.0001,0.0002,0.0001,0.0,0.4485,0.5507,0.0002,0.0001
CT019914,Zone_07,Zone_07,0.9941,0.0,0.0,0.0,0.0001,0.0001,0.0001,0.9941,0.0056,0.0001,0.0
CT003835,Zone_04,Zone_04,0.9979,0.0001,0.0003,0.0003,0.9979,0.0003,0.0008,0.0002,0.0001,0.0,0.0
CT002007,Zone_08,Zone_08,0.9984,0.0,0.0,0.0,0.0001,0.0002,0.0,0.0011,0.9984,0.0001,0.0001
CT016549,Zone_01,Zone_01,0.9984,0.9984,0.0007,0.0005,0.0003,0.0,0.0,0.0,0.0,0.0,0.0
CT013072,Zone_03,Zone_03,0.9981,0.0005,0.0005,0.9981,0.0007,0.0001,0.0,0.0,0.0,0.0,0.0
CT013545,Zone_03,Zone_03,0.9984,0.0005,0.0004,0.9984,0.0005,0.0001,0.0,0.0,0.0,0.0,0.0
CT003928,Zone_07,Zone_07,0.9949,0.0,0.0,0.0,0.0002,0.0001,0.0045,0.9949,0.0003,0.0001,0.0
CT008150,Zone_03,Zone_03,0.9983,0.0005,0.0005,0.9983,0.0006,0.0001,0.0,0.0,0.0,0.0,0.0
CT019775,Zone_02,Zone_02,0.9979,0.0007,0.9979,0.0006,0.0007,0.0001,0.0,0.0,0.0,0.0,0.0
CT000945,Zone_08,Zone_08,0.9969,0.0,0.0,0.0,0.0003,0.0005,0.0002,0.0018,0.9969,0.0001,0.0001
CT007564,Zone_08,Zone_08,0.9994,0.0,0.0,0.0,0.0001,0.0001,0.0,0.0003,0.9994,0.0,0.0
CT012491,Zone_02,Zone_02,0.9981,0.0006,0.9981,0.0005,0.0007,0.0001,0.0,0.0,0.0,0.0,0.0
CT018986,Zone_08,Zone_08,0.9985,0.0,0.0,0.0,0.0001,0.0002,0.0,0.0011,0.9985,0.0001,0.0001
CT017214,Zone_10,Zone_10,0.9991,0.0,0.0,0.0,0.0,0.0,0.0,0.0001,0.0002,0.0005,0.9991
CT007687,Zone_08,Zone_08,0.9993,0.0,0.0,0.0,0.0001,0.0001,0.0,0.0005,0.9993,0.0,0.0
CT018863,Zone_06,Zone_06,0.9985,0.0,0.0,0.0,0.0002,0.0,0.9985,0.0009,0.0003,0.0,0.0
CT012421,Zone_04,Zone_04,0.9971,0.0001,0.0004,0.0004,0.9971,0.0004,0.0013,0.0002,0.0001,0.0001,0.0
CT013254,Zone_04,Zone_04,0.9961,0.0006,0.001,0.0011,0.9961,0.0004,0.0003,0.0002,0.0001,0.0001,0.0001
CT005430,Zone_07,Zone_08,0.5964,0.0,0.0,0.0001,0.0004,0.0002,0.0003,0.4022,0.5964,0.0003,0.0001
CT008873,Zone_02,Zone_02,0.9982,0.0006,0.9982,0.0005,0.0006,0.0001,0.0,0.0,0.0,0.0,0.0
CT002859,Zone_07,Zone_07,0.9737,0.0,0.0,0.0001,0.0003,0.0002,0.0009,0.9737,0.0246,0.0002,0.0001
CT015523,Zone_08,Zone_08,0.9977,0.0,0.0,0.0,0.0002,0.0003,0.0001,0.0014,0.9977,0.0001,0.0001
CT006790,Zone_07,Zone_07,0.9788,0.0,0.0,0.0001,0.0004,0.0002,0.0193,0.9788,0.001,0.0002,0.0
CT012756,Zone_07,Zone_07,0.9729,0.0,0.0,0.0001,0.0003,0.0002,0.0007,0.9729,0.0256,0.0002,0.0001
CT005995,Zone_07,Zone_07,0.7789,0.0,0.0,0.0,0.0003,0.0002,0.0,0.7789,0.2203,0.0001,0.0001
CT001852,Zone_06,Zone_06,0.9996,0.0,0.0,0.0,0.0001,0.0,0.9996,0.0002,0.0001,0.0,0.0
CT011924,Zone_07,Zone_07,0.9852,0.0,0.0,0.0,0.0002,0.0001,0.0001,0.9852,0.0142,0.0001,0.0
CT012657,Zone_01,Zone_01,0.9978,0.9978,0.0009,0.0007,0.0006,0.0,0.0,0.0,0.0,0.0,0.0
CT005069,Zone_04,Zone_04,0.9978,0.0001,0.0003,0.0004,0.9978,0.0004,0.0002,0.0006,0.0001,0.0,0.0
CT011977,Zone_02,Zone_02,0.9976,0.0008,0.9976,0.0007,0.0008,0.0001,0.0,0.0,0.0,0.0,0.0
CT006246,Zone_03,Zone_03,0.9978,0.0006,0.0006,0.9978,0.0009,0.0001,0.0,0.0,0.0,0.0,0.0
CT006507,Zone_10,Zone_10,0.999,0.0,0.0,0.0,0.0,0.0,0.0,0.0001,0.0003,0.0005,0.999
CT005162,Zone_10,Zone_10,0.9981,0.0001,0.0,0.0,0.0,0.0,0.0,0.0004,0.0005,0.0009,0.9981
CT014491,Zone_07,Zone_07,0.9885,0.0,0.0,0.0,0.0002,0.0001,0.0002,0.9885,0.0107,0.0001,0.0001
CT013325,Zone_08,Zone_07,0.535,0.0,0.0,0.0001,0.0002,0.0001,0.0001,0.535,0.4643,0.0001,0.0001
CT007179,Zone_06,Zone_06,0.9906,0.0,0.0,0.0001,0.001,0.0002,0.9906,0.0056,0.0023,0.0002,0.0
CT011619,Zone_04,Zone_04,0.9978,0.0001,0.0004,0.0004,0.9978,0.0003,0.0001,0.0007,0.0001,0.0001,0.0
CT007146,Zone_08,Zone_07,0.5058,0.0,0.0,0.0001,0.0002,0.0001,0.0001,0.5058,0.4934,0.0002,0.0001
CT011566,Zone_08,Zone_08,0.9985,0.0,0.0,0.0,0.0002,0.0002,0.0001,0.0008,0.9985,0.0001,0.0001
CT007972,Zone_03,Zone_03,0.9985,0.0004,0.0004,0.9985,0.0006,0.0001,0.0,0.0,0.0,0.0,0.0
CT015265,Zone_01,Zone_01,0.9979,0.9979,0.0008,0.0006,0.0006,0.0,0.0,0.0,0.0,0.0,0.0
CT007331,Zone_01,Zone_01,0.9978,0.9978,0.0009,0.0007,0.0006,0.0,0.0,0.0,0.0,0.0,0.0
CT005894,Zone_07,Zone_07,0.982,0.0,0.0,0.0,0.0002,0.0001,0.0172,0.982,0.0004,0.0001,0.0
CT005198,Zone_04,Zone_04,0.9974,0.0001,0.0002,0.0002,0.9974,0.0007,0.0,0.0007,0.0007,0.0,0.0
CT017210,Zone_08,Zone_08,0.7443,0.0,0.0,0.0001,0.0003,0.0001,0.0004,0.2546,0.7443,0.0002,0.0001
CT013403,Zone_05,Zone_05,0.9959,0.0,0.0001,0.0001,0.0011,0.9959,0.0006,0.0014,0.0006,0.0001,0.0001
CT018621,Zone_01,Zone_01,0.9981,0.9981,0.0008,0.0006,0.0005,0.0,0.0,0.0,0.0,0.0,0.0
CT017965,Zone_08,Zone_08,0.9987,0.0,0.0,0.0,0.0001,0.0002,0.0,0.0009,0.9987,0.0,0.0
CT018602,Zone_04,Zone_04,0.9965,0.0004,0.0007,0.0008,0.9965,0.0003,0.0009,0.0002,0.0001,0.0001,0.0001
CT003222,Zone_07,Zone_07,0.9934,0.0,0.0,0.0,0.0002,0.0001,0.0022,0.9934,0.0038,0.0001,0.0
CT009428,Zone_08,Zone_08,0.9969,0.0,0.0,0.0,0.0002,0.0003,0.0,0.0023,0.9969,0.0001,0.0001
CT014465,Zone_07,Zone_07,0.9712,0.0,0.0,0.0001,0.0003,0.0002,0.0008,0.9712,0.0269,0.0003,0.0001
CT007358,Zone_03,Zone_03,0.9984,0.0005,0.0005,0.9984,0.0005,0.0001,0.0,0.0,0.0,0.0,0.0
CT017757,Zone_05,Zone_05,0.995,0.0,0.0001,0.0002,0.0013,0.995,0.0001,0.0017,0.0013,0.0002,0.0001
CT015760,Zone_04,Zone_04,0.9981,0.0001,0.0003,0.0004,0.9981,0.0003,0.0001,0.0005,0.0002,0.0,0.0
CT014915,Zone_02,Zone_02,0.9981,0.0006,0.9981,0.0006,0.0006,0.0001,0.0,0.0,0.0,0.0,0.0
CT009571,Zone_03,Zone_03,0.9982,0.0004,0.0005,0.9982,0.0007,0.0001,0.0001,0.0,0.0,0.0,0.0
CT003249,Zone_07,Zone_07,0.9835,0.0,0.0,0.0,0.0002,0.0001,0.0157,0.9835,0.0002,0.0001,0.0
CT008509,Zone_10,Zone_10,0.9991,0.0,0.0,0.0,0.0,0.0,0.0,0.0002,0.0001,0.0006,0.9991
CT000005,Zone_03,Zone_03,0.998,0.0006,0.0006,0.998,0.0007,0.0001,0.0,0.0,0.0,0.0,0.0
CT018746,Zone_06,Zone_06,0.9947,0.0,0.0,0.0,0.0007,0.0002,0.9947,0.0022,0.0021,0.0001,0.0
CT007792,Zone_07,Zone_07,0.791,0.0,0.0,0.0,0.0003,0.0003,0.0,0.791,0.2081,0.0001,0.0001
CT002166,Zone_04,Zone_04,0.9979,0.0002,0.0004,0.0005,0.9979,0.0004,0.0002,0.0002,0.0001,0.0,0.0
CT006509,Zone_08,Zone_08,0.7409,0.0,0.0,0.0,0.0001,0.0001,0.0,0.2587,0.7409,0.0001,0.0001
CT019399,Zone_07,Zone_07,0.9964,0.0,0.0,0.0,0.0001,0.0001,0.0029,0.9964,0.0004,0.0001,0.0
CT010696,Zone_03,Zone_03,0.9979,0.0006,0.0006,0.9979,0.0008,0.0001,0.0,0.0,0.0,0.0,0.0
CT016010,Zone_08,Zone_08,0.8202,0.0,0.0,0.0001,0.0002,0.0001,0.0001,0.1791,0.8202,0.0001,0.0001
CT015749,Zone_07,Zone_07,0.8093,0.0,0.0,0.0001,0.0006,0.0005,0.0002,0.8093,0.1889,0.0003,0.0001
CT002380,Zone_08,Zone_08,0.5517,0.0,0.0,0.0,0.0001,0.0001,0.0001,0.4478,0.5517,0.0001,0.0
CT007380,Zone_04,Zone_04,0.9978,0.0001,0.0002,0.0002,0.9978,0.0007,0.0001,0.0003,0.0007,0.0,0.0
CT003431,Zone_07,Zone_07,0.8295,0.0,0.0,0.0,0.0003,0.0003,0.0001,0.8295,0.1695,0.0002,0.0001
CT010648,Zone_07,Zone_07,0.9861,0.0,0.0,0.0,0.0001,0.0001,0.0002,0.9861,0.0132,0.0001,0.0
CT009684,Zone_04,Zone_04,0.9936,0.0001,0.0003,0.0004,0.9936,0.0003,0.005,0.0002,0.0,0.0,0.0
CT004369,Zone_03,Zone_03,0.9981,0.0005,0.0005,0.9981,0.0007,0.0001,0.0,0.0,0.0,0.0,0.0
CT006612,Zone_04,Zone_04,0.9968,0.0004,0.0007,0.0008,0.9968,0.0004,0.0002,0.0003,0.0002,0.0001,0.0001
CT019460,Zone_04,Zone_04,0.9982,0.0001,0.0003,0.0003,0.9982,0.0003,0.0002,0.0004,0.0001,0.0001,0.0
CT011226,Zone_04,Zone_04,0.9967,0.0004,0.0008,0.0009,0.9967,0.0003,0.0001,0.0004,0.0001,0.0001,0.0001
CT006155,Zone_08,Zone_08,0.9992,0.0,0.0,0.0,0.0001,0.0001,0.0,0.0004,0.9992,0.0001,0.0
CT004464,Zone_10,Zone_10,0.9982,0.0,0.0,0.0,0.0,0.0,0.0,0.0006,0.0003,0.0008,0.9982
CT017139,Zone_08,Zone_08,0.7138,0.0,0.0,0.0,0.0001,0.0001,0.0001,0.2857,0.7138,0.0001,0.0
CT009782,Zone_07,Zone_07,0.931,0.0,0.0,0.0,0.0003,0.0003,0.0001,0.931,0.0681,0.0001,0.0001
CT008926,Zone_08,Zone_08,0.9986,0.0,0.0,0.0,0.0002,0.0003,0.0001,0.0007,0.9986,0.0001,0.0001
CT002224,Zone_01,Zone_01,0.9979,0.9979,0.0009,0.0007,0.0004,0.0,0.0,0.0,0.0,0.0,0.0
CT005660,Zone_07,Zone_07,0.971,0.0,0.0,0.0001,0.0003,0.0002,0.0004,0.971,0.0278,0.0002,0.0001
CT007429,Zone_08,Zone_08,0.634,0.0,0.0,0.0001,0.0002,0.0001,0.0001,0.3654,0.634,0.0001,0.0001
CT012020,Zone_01,Zone_01,0.9977,0.9977,0.0008,0.0008,0.0007,0.0,0.0,0.0,0.0,0.0,0.0
CT007212,Zone_07,Zone_07,0.9915,0.0,0.0,0.0,0.0002,0.0001,0.004,0.9915,0.004,0.0001,0.0
CT012522,Zone_07,Zone_07,0.8636,0.0,0.0,0.0001,0.0006,0.0006,0.0007,0.8636,0.134,0.0002,0.0001
CT012270,Zone_03,Zone_03,0.9981,0.0005,0.0006,0.9981,0.0007,0.0001,0.0,0.0,0.0,0.0,0.0
CT015148,Zone_10,Zone_10,0.999,0.0,0.0,0.0,0.0,0.0,0.0,0.0001,0.0003,0.0005,0.999
CT018124,Zone_01,Zone_01,0.9979,0.9979,0.001,0.0006,0.0005,0.0,0.0,0.0,0.0,0.0,0.0
CT016747,Zone_03,Zone_03,0.998,0.0005,0.0006,0.998,0.0008,0.0001,0.0,0.0,0.0,0.0,0.0
CT015415,Zone_04,Zone_04,0.9959,0.0006,0.0009,0.0013,0.9959,0.0004,0.0001,0.0004,0.0002,0.0001,0.0001
CT003419,Zone_02,Zone_02,0.998,0.0006,0.998,0.0005,0.0008,0.0001,0.0,0.0,0.0,0.0,0.0
CT009333,Zone_05,Zone_05,0.994,0.0,0.0001,0.0001,0.001,0.994,0.0,0.0012,0.0033,0.0001,0.0001
CT000903,Zone_02,Zone_02,0.9981,0.0007,0.9981,0.0005,0.0006,0.0001,0.0,0.0,0.0,0.0,0.0
CT005022,Zone_07,Zone_07,0.9483,0.0,0.0,0.0001,0.0006,0.0003,0.0465,0.9483,0.0039,0.0002,0.0001
CT014665,Zone_02,Zone_02,0.9981,0.0007,0.9981,0.0005,0.0006,0.0,0.0,0.0,0.0,0.0,0.0
CT019813,Zone_07,Zone_08,0.5272,0.0,0.0,0.0001,0.0002,0.0002,0.0001,0.4719,0.5272,0.0002,0.0001
CT018317,Zone_02,Zone_02,0.9978,0.0008,0.9978,0.0006,0.0007,0.0001,0.0,0.0,0.0,0.0,0.0
CT016715,Zone_03,Zone_03,0.9984,0.0005,0.0005,0.9984,0.0005,0.0001,0.0,0.0,0.0,0.0,0.0
CT008803,Zone_03,Zone_03,0.998,0.0005,0.0006,0.998,0.0007,0.0001,0.0,0.0,0.0,0.0,0.0
CT000991,Zone_08,Zone_08,0.6724,0.0,0.0,0.0001,0.0002,0.0001,0.0001,0.3267,0.6724,0.0002,0.0001
CT001705,Zone_08,Zone_08,0.9953,0.0,0.0,0.0,0.0004,0.0005,0.0003,0.003,0.9953,0.0002,0.0001
CT003079,Zone_08,Zone_08,0.6793,0.0,0.0,0.0,0.0002,0.0001,0.0001,0.3201,0.6793,0.0001,0.0001
CT009811,Zone_04,Zone_04,0.9975,0.0001,0.0003,0.0003,0.9975,0.0006,0.0,0.0005,0.0006,0.0,0.0
CT016070,Zone_02,Zone_02,0.998,0.0008,0.998,0.0005,0.0006,0.0,0.0,0.0,0.0,0.0,0.0
CT015931,Zone_07,Zone_08,0.7149,0.0,0.0,0.0001,0.0003,0.0002,0.0006,0.2837,0.7149,0.0002,0.0001
CT001996,Zone_07,Zone_07,0.9835,0.0,0.0,0.0,0.0002,0.0001,0.0004,0.9835,0.0155,0.0002,0.0
CT006252,Zone_01,Zone_01,0.9977,0.9977,0.0009,0.0008,0.0006,0.0,0.0,0.0,0.0,0.0,0.0
CT006287,Zone_07,Zone_07,0.9515,0.0,0.0,0.0001,0.0006,0.0004,0.0047,0.9515,0.0425,0.0001,0.0001
CT005405,Zone_08,Zone_07,0.8302,0.0,0.0,0.0,0.0002,0.0003,0.0001,0.8302,0.169,0.0001,0.0001
CT000031,Zone_07,Zone_07,0.9923,0.0,0.0,0.0,0.0001,0.0001,0.0003,0.9923,0.007,0.0001,0.0
CT009282,Zone_09,Zone_09,0.9909,0.0,0.0,0.0001,0.0001,0.0003,0.0002,0.0024,0.0026,0.9909,0.0034
CT001138,Zone_08,Zone_08,0.9938,0.0,0.0,0.0,0.0004,0.0004,0.0,0.0051,0.9938,0.0002,0.0001
CT015859,Zone_08,Zone_08,0.6353,0.0,0.0,0.0,0.0002,0.0001,0.0001,0.3642,0.6353,0.0001,0.0
CT013776,Zone_05,Zone_05,0.9961,0.0,0.0001,0.0002,0.0012,0.9961,0.0004,0.0013,0.0005,0.0002,0.0001
CT012900,Zone_04,Zone_04,0.997,0.0001,0.0002,0.0002,0.997,0.0007,0.0,0.001,0.0007,0.0,0.0
CT000759,Zone_02,Zone_02,0.9979,0.0006,0.9979,0.0006,0.0008,0.0001,0.0,0.0,0.0,0.0,0.0
CT012802,Zone_08,Zone_07,0.5012,0.0,0.0,0.0001,0.0002,0.0002,0.0001,0.5012,0.4978,0.0002,0.0001
CT019379,Zone_07,Zone_08,0.6839,0.0,0.0,0.0,0.0001,0.0001,0.0001,0.3156,0.6839,0.0001,0.0001
CT006143,Zone_03,Zone_03,0.9984,0.0005,0.0005,0.9984,0.0005,0.0001,0.0,0.0,0.0,0.0,0.0
CT014097,Zone_07,Zone_07,0.984,0.0,0.0,0.0,0.0002,0.0002,0.0014,0.984,0.014,0.0002,0.0001
CT005151,Zone_08,Zone_07,0.563,0.0,0.0,0.0001,0.0003,0.0002,0.0004,0.563,0.4355,0.0002,0.0001
CT013412,Zone_04,Zone_04,0.9965,0.0006,0.0008,0.001,0.9965,0.0004,0.0002,0.0003,0.0001,0.0001,0.0001
CT010336,Zone_10,Zone_10,0.9986,0.0,0.0,0.0,0.0,0.0,0.0,0.0004,0.0002,0.0007,0.9986
CT003780,Zone_10,Zone_10,0.9987,0.0,0.0,0.0,0.0,0.0,0.0,0.0004,0.0002,0.0007,0.9987
CT018908,Zone_01,Zone_01,0.9977,0.9977,0.0009,0.0007,0.0006,0.0,0.0,0.0,0.0,0.0,0.0
CT019784,Zone_04,Zone_04,0.997,0.0003,0.0008,0.0009,0.997,0.0003,0.0001,0.0003,0.0002,0.0001,0.0001
CT017781,Zone_01,Zone_01,0.9982,0.9982,0.0008,0.0005,0.0004,0.0,0.0,0.0,0.0,0.0,0.0
CT015502,Zone_10,Zone_10,0.9988,0.0,0.0,0.0,0.0,0.0,0.0,0.0003,0.0001,0.0006,0.9988
CT005780,Zone_03,Zone_03,0.9982,0.0005,0.0005,0.9982,0.0006,0.0001,0.0,0.0,0.0,0.0,0.0
CT007980,Zone_08,Zone_08,0.9969,0.0,0.0,0.0,0.0002,0.0003,0.0,0.0024,0.9969,0.0001,0.0001
CT019464,Zone_02,Zone_02,0.9981,0.0005,0.9981,0.0005,0.0008,0.0001,0.0,0.0,0.0,0.0,0.0
CT014924,Zone_04,Zone_04,0.9962,0.0005,0.001,0.001,0.9962,0.0004,0.0003,0.0003,0.0001,0.0001,0.0001
CT013356,Zone_07,Zone_07,0.9587,0.0,0.0,0.0,0.0003,0.0002,0.0004,0.9587,0.04,0.0001,0.0
CT018388,Zone_04,Zone_04,0.9978,0.0001,0.0004,0.0005,0.9978,0.0004,0.0001,0.0004,0.0002,0.0001,0.0
CT018198,Zone_02,Zone_02,0.9978,0.0006,0.9978,0.0006,0.0009,0.0001,0.0,0.0,0.0,0.0,0.0
CT018395,Zone_04,Zone_04,0.9977,0.0001,0.0002,0.0002,0.9977,0.0007,0.0003,0.0005,0.0003,0.0,0.0
CT006788,Zone_07,Zone_08,0.5535,0.0,0.0001,0.0001,0.0004,0.0002,0.0007,0.4445,0.5535,0.0004,0.0002
CT019905,Zone_07,Zone_07,0.802,0.0,0.0,0.0001,0.0006,0.0006,0.0004,0.802,0.1956,0.0004,0.0002
CT014401,Zone_03,Zone_03,0.9983,0.0005,0.0005,0.9983,0.0005,0.0001,0.0,0.0,0.0,0.0,0.0
CT001327,Zone_05,Zone_05,0.9955,0.0,0.0001,0.0001,0.001,0.9955,0.0003,0.0012,0.0016,0.0001,0.0001
CT006470,Zone_07,Zone_07,0.9855,0.0,0.0,0.0001,0.0003,0.0002,0.012,0.9855,0.0015,0.0002,0.0001
CT014785,Zone_03,Zone_03,0.9981,0.0005,0.0005,0.9981,0.0008,0.0001,0.0,0.0,0.0,0.0,0.0
CT012908,Zone_08,Zone_08,0.7289,0.0,0.0,0.0,0.0001,0.0001,0.0001,0.2706,0.7289,0.0001,0.0001
CT007713,Zone_08,Zone_08,0.9956,0.0,0.0,0.0,0.0003,0.0004,0.0001,0.0033,0.9956,0.0001,0.0001
CT015216,Zone_08,Zone_08,0.9979,0.0,0.0,0.0,0.0001,0.0002,0.0,0.0015,0.9979,0.0001,0.0001
CT009329,Zone_02,Zone_02,0.9979,0.0006,0.9979,0.0005,0.0008,0.0001,0.0,0.0,0.0,0.0,0.0
CT007402,Zone_04,Zone_04,0.9963,0.0006,0.0009,0.0011,0.9963,0.0004,0.0001,0.0003,0.0002,0.0001,0.0001
CT008044,Zone_08,Zone_08,0.9989,0.0,0.0,0.0,0.0001,0.0001,0.0,0.0008,0.9989,0.0,0.0
CT004985,Zone_04,Zone_04,0.9983,0.0001,0.0003,0.0004,0.9983,0.0003,0.0002,0.0003,0.0001,0.0,0.0
CT003653,Zone_04,Zone_04,0.9973,0.0002,0.0004,0.0005,0.9973,0.0003,0.0009,0.0002,0.0,0.0,0.0
CT011770,Zone_01,Zone_01,0.9982,0.9982,0.0009,0.0006,0.0004,0.0,0.0,0.0,0.0,0.0,0.0
CT014639,Zone_04,Zone_04,0.9977,0.0001,0.0002,0.0002,0.9977,0.0006,0.0001,0.0008,0.0002,0.0,0.0
CT017343,Zone_01,Zone_01,0.9982,0.9982,0.0008,0.0006,0.0004,0.0,0.0,0.0,0.0,0.0,0.0
CT014870,Zone_04,Zone_04,0.9983,0.0001,0.0003,0.0003,0.9983,0.0003,0.0002,0.0003,0.0001,0.0,0.0
CT004622,Zone_10,Zone_10,0.9991,0.0,0.0,0.0,0.0,0.0,0.0,0.0001,0.0001,0.0006,0.9991
CT012448,Zone_08,Zone_08,0.7833,0.0,0.0,0.0,0.0001,0.0001,0.0001,0.2162,0.7833,0.0001,0.0
CT017939,Zone_05,Zone_05,0.9959,0.0,0.0001,0.0002,0.0011,0.9959,0.0001,0.0016,0.0008,0.0001,0.0001
CT005115,Zone_03,Zone_03,0.998,0.0005,0.0005,0.998,0.0008,0.0001,0.0,0.0,0.0,0.0,0.0
CT011065,Zone_01,Zone_01,0.9979,0.9979,0.0009,0.0006,0.0005,0.0,0.0,0.0,0.0,0.0,0.0
CT019403,Zone_07,Zone_07,0.9932,0.0,0.0,0.0,0.0001,0.0001,0.0002,0.9932,0.0062,0.0001,0.0
CT006395,Zone_08,Zone_08,0.8788,0.0,0.0,0.0001,0.0002,0.0001,0.0002,0.1203,0.8788,0.0002,0.0001
CT003543,Zone_07,Zone_07,0.9848,0.0,0.0,0.0,0.0002,0.0001,0.0141,0.9848,0.0006,0.0001,0.0
CT008129,Zone_07,Zone_08,0.7154,0.0,0.0,0.0001,0.0002,0.0002,0.0001,0.2837,0.7154,0.0002,0.0001
CT009201,Zone_03,Zone_03,0.9979,0.0007,0.0007,0.9979,0.0005,0.0001,0.0,0.0,0.0,0.0,0.0
CT019476,Zone_07,Zone_07,0.8451,0.0,0.0,0.0001,0.0004,0.0002,0.1533,0.8451,0.0007,0.0002,0.0
CT007403,Zone_04,Zone_04,0.9979,0.0,0.0002,0.0002,0.9979,0.0006,0.0003,0.0003,0.0004,0.0,0.0
CT008439,Zone_10,Zone_10,0.9988,0.0,0.0,0.0,0.0,0.0,0.0,0.0002,0.0002,0.0007,0.9988
CT014041,Zone_08,Zone_07,0.9151,0.0,0.0,0.0,0.0002,0.0003,0.0,0.9151,0.0842,0.0001,0.0001
CT010184,Zone_02,Zone_02,0.9978,0.0006,0.9978,0.0007,0.0008,0.0001,0.0,0.0,0.0,0.0,0.0
CT015178,Zone_02,Zone_02,0.9976,0.0007,0.9976,0.0006,0.001,0.0001,0.0,0.0,0.0,0.0,0.0
CT011397,Zone_07,Zone_07,0.9949,0.0,0.0,0.0,0.0002,0.0001,0.004,0.9949,0.0006,0.0001,0.0
CT007431,Zone_07,Zone_07,0.9962,0.0,0.0,0.0,0.0001,0.0001,0.0033,0.9962,0.0001,0.0001,0.0
CT011211,Zone_08,Zone_08,0.556,0.0,0.0,0.0001,0.0004,0.0002,0.0004,0.4425,0.556,0.0002,0.0001
CT017611,Zone_02,Zone_02,0.9977,0.0008,0.9977,0.0007,0.0007,0.0001,0.0,0.0,0.0,0.0,0.0
CT001338,Zone_08,Zone_08,0.7484,0.0,0.0,0.0,0.0001,0.0001,0.0,0.2512,0.7484,0.0001,0.0
CT012342,Zone_10,Zone_10,0.9984,0.0,0.0,0.0,0.0,0.0,0.0,0.0005,0.0003,0.0008,0.9984
CT014820,Zone_04,Zone_04,0.9979,0.0001,0.0002,0.0002,0.9979,0.0006,0.0,0.0002,0.0007,0.0,0.0
CT008215,Zone_04,Zone_04,0.9963,0.0004,0.0008,0.001,0.9963,0.0003,0.0006,0.0002,0.0001,0.0001,0.0001
CT007786,Zone_10,Zone_10,0.9989,0.0,0.0,0.0,0.0,0.0,0.0,0.0002,0.0002,0.0006,0.9989
CT008881,Zone_08,Zone_08,0.5253,0.0,0.0,0.0001,0.0002,0.0001,0.0001,0.4741,0.5253,0.0001,0.0001
CT005319,Zone_08,Zone_08,0.9974,0.0,0.0,0.0,0.0002,0.0003,0.0,0.002,0.9974,0.0001,0.0001
CT010195,Zone_02,Zone_02,0.998,0.0007,0.998,0.0006,0.0007,0.0001,0.0,0.0,0.0,0.0,0.0
CT018923,Zone_06,Zone_06,0.9997,0.0,0.0,0.0,0.0,0.0,0.9997,0.0002,0.0,0.0,0.0
CT014414,Zone_07,Zone_07,0.9927,0.0,0.0,0.0,0.0002,0.0001,0.0031,0.9927,0.0038,0.0001,0.0
CT015525,Zone_08,Zone_08,0.7751,0.0,0.0,0.0,0.0002,0.0001,0.0001,0.2243,0.7751,0.0001,0.0
CT007669,Zone_08,Zone_08,0.7121,0.0,0.0,0.0001,0.0002,0.0001,0.0,0.2872,0.7121,0.0001,0.0001
CT019288,Zone_08,Zone_08,0.9983,0.0,0.0,0.0,0.0001,0.0002,0.0,0.0012,0.9983,0.0001,0.0001
CT013639,Zone_07,Zone_07,0.9778,0.0,0.0,0.0,0.0003,0.0001,0.0209,0.9778,0.0006,0.0002,0.0
CT010859,Zone_07,Zone_08,0.5615,0.0,0.0,0.0,0.0002,0.0001,0.0001,0.4378,0.5615,0.0001,0.0001
CT017423,Zone_04,Zone_04,0.9979,0.0001,0.0002,0.0002,0.9979,0.0006,0.0002,0.0006,0.0003,0.0,0.0
CT007202,Zone_04,Zone_04,0.9975,0.0001,0.0002,0.0003,0.9975,0.0007,0.0,0.0005,0.0006,0.0001,0.0
CT010517,Zone_02,Zone_02,0.9978,0.0007,0.9978,0.0008,0.0007,0.0001,0.0,0.0,0.0,0.0,0.0
CT010835,Zone_04,Zone_04,0.9974,0.0001,0.0002,0.0002,0.9974,0.0007,0.0,0.0003,0.001,0.0,0.0
CT014592,Zone_10,Zone_10,0.9982,0.0,0.0,0.0,0.0,0.0,0.0,0.0004,0.0004,0.0009,0.9982
CT000709,Zone_08,Zone_08,0.9969,0.0,0.0,0.0,0.0003,0.0004,0.0,0.0021,0.9969,0.0001,0.0001
CT014021,Zone_07,Zone_08,0.6496,0.0,0.0,0.0001,0.0002,0.0001,0.0,0.3498,0.6496,0.0001,0.0001
CT002030,Zone_08,Zone_08,0.8187,0.0,0.0,0.0,0.0001,0.0001,0.0,0.1808,0.8187,0.0001,0.0001
CT009347,Zone_05,Zone_05,0.9952,0.0,0.0001,0.0002,0.0012,0.9952,0.0001,0.0006,0.0024,0.0001,0.0001
CT007595,Zone_08,Zone_08,0.7423,0.0,0.0,0.0,0.0002,0.0001,0.0001,0.2569,0.7423,0.0001,0.0001
CT018707,Zone_07,Zone_07,0.8952,0.0,0.0,0.0,0.0003,0.0003,0.0001,0.8952,0.1038,0.0002,0.0001
CT014800,Zone_08,Zone_08,0.7846,0.0,0.0,0.0,0.0001,0.0001,0.0,0.2149,0.7846,0.0001,0.0001
CT002394,Zone_02,Zone_02,0.9981,0.0007,0.9981,0.0006,0.0006,0.0,0.0,0.0,0.0,0.0,0.0
CT016550,Zone_08,Zone_08,0.9992,0.0,0.0,0.0,0.0001,0.0002,0.0,0.0004,0.9992,0.0,0.0
CT019566,Zone_07,Zone_08,0.7259,0.0,0.0,0.0001,0.0003,0.0002,0.0003,0.2729,0.7259,0.0002,0.0001
CT009444,Zone_04,Zone_04,0.9977,0.0001,0.0003,0.0003,0.9977,0.0003,0.0008,0.0002,0.0001,0.0,0.0
CT011697,Zone_08,Zone_08,0.7393,0.0,0.0,0.0,0.0002,0.0001,0.0,0.2601,0.7393,0.0001,0.0001
CT005582,Zone_05,Zone_05,0.9937,0.0,0.0001,0.0002,0.0011,0.9937,0.0001,0.0032,0.0015,0.0002,0.0001
CT015436,Zone_05,Zone_05,0.9954,0.0,0.0001,0.0002,0.001,0.9954,0.0002,0.0018,0.0011,0.0001,0.0001
CT017753,Zone_10,Zone_10,0.9989,0.0001,0.0,0.0,0.0,0.0,0.0001,0.0002,0.0,0.0007,0.9989
CT016697,Zone_01,Zone_01,0.9983,0.9983,0.0006,0.0006,0.0004,0.0,0.0,0.0,0.0,0.0,0.0
CT007268,Zone_08,Zone_08,0.8072,0.0,0.0,0.0001,0.0002,0.0001,0.0001,0.1921,0.8072,0.0002,0.0001
CT018663,Zone_07,Zone_07,0.8209,0.0,0.0,0.0,0.0003,0.0003,0.0001,0.8209,0.1781,0.0001,0.0
CT007168,Zone_01,Zone_01,0.9976,0.9976,0.0009,0.0007,0.0007,0.0,0.0,0.0,0.0,0.0,0.0
CT000881,Zone_08,Zone_08,0.999,0.0,0.0,0.0,0.0001,0.0001,0.0,0.0007,0.999,0.0001,0.0
CT003613,Zone_08,Zone_08,0.5864,0.0,0.0001,0.0001,0.0004,0.0002,0.0018,0.4106,0.5864,0.0002,0.0002
CT010999,Zone_07,Zone_07,0.8296,0.0,0.0,0.0,0.0003,0.0003,0.0,0.8296,0.1696,0.0001,0.0001
CT007409,Zone_07,Zone_08,0.6141,0.0,0.0,0.0001,0.0002,0.0002,0.0006,0.3846,0.6141,0.0002,0.0001
CT011922,Zone_07,Zone_07,0.5314,0.0,0.0,0.0001,0.0002,0.0002,0.0002,0.5314,0.4676,0.0002,0.0002
CT006259,Zone_08,Zone_08,0.9965,0.0,0.0,0.0,0.0003,0.0004,0.0001,0.0024,0.9965,0.0002,0.0001
CT000644,Zone_04,Zone_04,0.9973,0.0004,0.0006,0.0008,0.9973,0.0003,0.0,0.0002,0.0002,0.0001,0.0001
CT004803,Zone_02,Zone_02,0.9979,0.0006,0.9979,0.0006,0.0009,0.0001,0.0,0.0,0.0,0.0,0.0
CT016945,Zone_10,Zone_10,0.9988,0.0,0.0,0.0,0.0,0.0,0.0,0.0001,0.0004,0.0006,0.9988
CT019530,Zone_08,Zone_08,0.7113,0.0,0.0,0.0,0.0002,0.0001,0.0001,0.288,0.7113,0.0001,0.0001
CT015295,Zone_06,Zone_06,0.9964,0.0,0.0,0.0,0.0004,0.0001,0.9964,0.0024,0.0006,0.0001,0.0
CT014040,Zone_04,Zone_04,0.9971,0.0001,0.0002,0.0002,0.9971,0.0006,0.0,0.0006,0.0013,0.0,0.0
CT007714,Zone_04,Zone_04,0.9956,0.0006,0.0011,0.0012,0.9956,0.0004,0.0003,0.0004,0.0001,0.0001,0.0002
CT016075,Zone_07,Zone_07,0.5913,0.0,0.0002,0.0004,0.0015,0.001,0.0078,0.5913,0.3962,0.001,0.0006
CT007307,Zone_02,Zone_02,0.9977,0.0006,0.9977,0.0006,0.001,0.0001,0.0,0.0,0.0,0.0,0.0
CT015205,Zone_01,Zone_01,0.9983,0.9983,0.0007,0.0006,0.0003,0.0,0.0,0.0,0.0,0.0,0.0
CT010169,Zone_06,Zone_06,0.9951,0.0,0.0,0.0,0.0006,0.0002,0.9951,0.0024,0.0015,0.0001,0.0
CT018937,Zone_03,Zone_03,0.9981,0.0005,0.0005,0.9981,0.0007,0.0001,0.0,0.0,0.0,0.0,0.0
CT000480,Zone_08,Zone_08,0.999,0.0,0.0,0.0,0.0001,0.0002,0.0,0.0006,0.999,0.0,0.0
CT002533,Zone_08,Zone_08,0.8745,0.0,0.0,0.0,0.0001,0.0001,0.0,0.1252,0.8745,0.0001,0.0
CT000753,Zone_04,Zone_04,0.9972,0.0003,0.0006,0.0008,0.9972,0.0003,0.0001,0.0004,0.0002,0.0001,0.0001
CT016711,Zone_03,Zone_03,0.9985,0.0003,0.0004,0.9985,0.0006,0.0001,0.0,0.0,0.0,0.0,0.0
CT012337,Zone_03,Zone_03,0.9982,0.0004,0.0006,0.9982,0.0006,0.0001,0.0,0.0,0.0,0.0,0.0
CT008306,Zone_03,Zone_03,0.9981,0.0005,0.0005,0.9981,0.0007,0.0001,0.0,0.0,0.0,0.0,0.0
CT005387,Zone_03,Zone_03,0.9982,0.0005,0.0005,0.9982,0.0006,0.0001,0.0,0.0,0.0,0.0,0.0
CT007328,Zone_08,Zone_08,0.9989,0.0,0.0,0.0,0.0001,0.0002,0.0,0.0006,0.9989,0.0001,0.0001
CT012255,Zone_02,Zone_02,0.998,0.0006,0.998,0.0005,0.0008,0.0,0.0,0.0,0.0,0.0,0.0
CT003132,Zone_06,Zone_06,0.996,0.0,0.0,0.0,0.0005,0.0001,0.996,0.002,0.0013,0.0001,0.0
CT000947,Zone_08,Zone_08,0.872,0.0,0.0,0.0,0.0001,0.0001,0.0001,0.1276,0.872,0.0001,0.0
CT001520,Zone_01,Zone_01,0.9982,0.9982,0.0008,0.0006,0.0004,0.0,0.0,0.0,0.0,0.0,0.0
CT015335,Zone_04,Zone_04,0.997,0.0004,0.0007,0.0009,0.997,0.0003,0.0001,0.0003,0.0001,0.0001,0.0001
CT005859,Zone_07,Zone_07,0.9364,0.0,0.0,0.0001,0.0007,0.0007,0.0034,0.9364,0.0582,0.0003,0.0002
CT012647,Zone_03,Zone_03,0.9984,0.0004,0.0005,0.9984,0.0006,0.0001,0.0,0.0,0.0,0.0,0.0
CT006993,Zone_06,Zone_06,0.9971,0.0,0.0,0.0,0.0004,0.0001,0.9971,0.0012,0.0011,0.0001,0.0
CT002331,Zone_08,Zone_08,0.7476,0.0,0.0,0.0,0.0002,0.0001,0.0001,0.2519,0.7476,0.0001,0.0001
CT005246,Zone_08,Zone_08,0.8192,0.0,0.0,0.0,0.0001,0.0,0.0,0.1806,0.8192,0.0001,0.0
CT008312,Zone_04,Zone_04,0.9982,0.0001,0.0002,0.0002,0.9982,0.0005,0.0001,0.0002,0.0005,0.0,0.0
CT015726,Zone_04,Zone_04,0.9965,0.0004,0.0007,0.001,0.9965,0.0004,0.0002,0.0006,0.0001,0.0001,0.0001
CT004431,Zone_04,Zone_04,0.9983,0.0001,0.0003,0.0003,0.9983,0.0003,0.0002,0.0003,0.0002,0.0,0.0
CT012876,Zone_05,Zone_05,0.9959,0.0,0.0001,0.0002,0.0013,0.9959,0.0003,0.0013,0.0008,0.0001,0.0001
CT011871,Zone_02,Zone_02,0.9976,0.0007,0.9976,0.0007,0.001,0.0001,0.0,0.0,0.0,0.0,0.0
CT002207,Zone_07,Zone_08,0.5701,0.0,0.0001,0.0001,0.0004,0.0002,0.0006,0.428,0.5701,0.0003,0.0002
CT009552,Zone_03,Zone_03,0.9983,0.0004,0.0005,0.9983,0.0006,0.0001,0.0,0.0,0.0,0.0,0.0
CT001371,Zone_03,Zone_03,0.9983,0.0005,0.0005,0.9983,0.0006,0.0001,0.0,0.0,0.0,0.0,0.0
CT005652,Zone_08,Zone_08,0.9989,0.0,0.0,0.0,0.0001,0.0001,0.0,0.0008,0.9989,0.0001,0.0
CT011317,Zone_04,Zone_04,0.9972,0.0001,0.0002,0.0002,0.9972,0.0008,0.0,0.0005,0.0009,0.0,0.0
CT006018,Zone_07,Zone_07,0.946,0.0,0.0,0.0,0.0002,0.0001,0.0536,0.946,0.0001,0.0001,0.0
CT018231,Zone_02,Zone_02,0.998,0.0008,0.998,0.0006,0.0006,0.0001,0.0,0.0,0.0,0.0,0.0
CT013022,Zone_08,Zone_08,0.9962,0.0,0.0,0.0,0.0002,0.0004,0.0002,0.0027,0.9962,0.0001,0.0001
CT007135,Zone_04,Zone_04,0.9985,0.0001,0.0003,0.0003,0.9985,0.0003,0.0002,0.0002,0.0002,0.0,0.0
CT007067,Zone_08,Zone_08,0.7816,0.0,0.0,0.0,0.0001,0.0001,0.0001,0.218,0.7816,0.0001,0.0
CT005790,Zone_08,Zone_08,0.9991,0.0,0.0,0.0,0.0001,0.0001,0.0,0.0006,0.9991,0.0001,0.0
CT013850,Zone_04,Zone_04,0.9973,0.0003,0.0006,0.0007,0.9973,0.0004,0.0002,0.0002,0.0001,0.0001,0.0001
CT018493,Zone_02,Zone_02,0.9981,0.0007,0.9981,0.0005,0.0006,0.0001,0.0,0.0,0.0,0.0,0.0
CT009400,Zone_07,Zone_08,0.59,0.0,0.0,0.0001,0.0004,0.0002,0.001,0.4079,0.59,0.0002,0.0001
CT015890,Zone_03,Zone_03,0.9979,0.0004,0.0006,0.9979,0.0009,0.0001,0.0,0.0,0.0,0.0,0.0
CT017302,Zone_05,Zone_05,0.9952,0.0,0.0001,0.0001,0.0009,0.9952,0.0,0.0015,0.0019,0.0001,0.0001
CT001344,Zone_07,Zone_07,0.7689,0.0,0.0,0.0,0.0003,0.0002,0.0,0.7689,0.2304,0.0001,0.0
CT006939,Zone_02,Zone_02,0.9981,0.0007,0.9981,0.0005,0.0005,0.0,0.0,0.0,0.0,0.0,0.0
CT015990,Zone_08,Zone_08,0.9979,0.0,0.0,0.0,0.0002,0.0003,0.0001,0.0014,0.9979,0.0001,0.0001
CT018258,Zone_08,Zone_07,0.7007,0.0,0.0,0.0001,0.0004,0.0005,0.0001,0.7007,0.2978,0.0002,0.0001
CT019804,Zone_08,Zone_08,0.6775,0.0,0.0,0.0001,0.0002,0.0001,0.0001,0.3218,0.6775,0.0002,0.0001
CT000387,Zone_07,Zone_07,0.6349,0.0,0.0,0.0001,0.0002,0.0001,0.0003,0.6349,0.364,0.0002,0.0001
CT018693,Zone_08,Zone_08,0.6165,0.0,0.0,0.0001,0.0002,0.0001,0.0004,0.3823,0.6165,0.0002,0.0001
CT014965,Zone_08,Zone_07,0.9052,0.0,0.0,0.0001,0.0006,0.0005,0.0009,0.9052,0.0925,0.0002,0.0001
CT010489,Zone_09,Zone_09,0.9859,0.0,0.0,0.0002,0.0001,0.0004,0.0,0.0047,0.0051,0.9859,0.0035
CT017592,Zone_08,Zone_08,0.9976,0.0,0.0,0.0,0.0002,0.0003,0.0001,0.0016,0.9976,0.0001,0.0001
CT016457,Zone_08,Zone_07,0.9731,0.0,0.0,0.0001,0.0003,0.0002,0.0003,0.9731,0.0258,0.0002,0.0001
CT003468,Zone_04,Zone_04,0.9978,0.0002,0.0004,0.0004,0.9978,0.0003,0.0005,0.0002,0.0001,0.0001,0.0
CT008416,Zone_07,Zone_07,0.9953,0.0,0.0,0.0,0.0002,0.0001,0.0039,0.9953,0.0003,0.0001,0.0
CT013587,Zone_08,Zone_08,0.9983,0.0,0.0,0.0,0.0001,0.0002,0.0,0.0012,0.9983,0.0001,0.0001
CT009199,Zone_04,Zone_04,0.9978,0.0002,0.0005,0.0005,0.9978,0.0004,0.0001,0.0003,0.0002,0.0001,0.0
CT017336,Zone_07,Zone_07,0.9105,0.0,0.0,0.0,0.0002,0.0001,0.0888,0.9105,0.0002,0.0001,0.0
CT018529,Zone_08,Zone_07,0.66,0.0,0.0,0.0001,0.0002,0.0001,0.0001,0.66,0.3391,0.0002,0.0001
CT015770,Zone_07,Zone_07,0.6485,0.0,0.0,0.0001,0.0003,0.0001,0.0001,0.6485,0.3506,0.0002,0.0001
CT003203,Zone_06,Zone_06,0.9982,0.0,0.0,0.0,0.0002,0.0,0.9982,0.0012,0.0002,0.0,0.0
CT011296,Zone_07,Zone_07,0.9828,0.0,0.0,0.0001,0.0003,0.0002,0.0158,0.9828,0.0007,0.0002,0.0
CT012456,Zone_07,Zone_07,0.9928,0.0,0.0,0.0,0.0002,0.0001,0.0059,0.9928,0.0007,0.0001,0.0
CT012888,Zone_04,Zone_04,0.9962,0.0004,0.0008,0.0012,0.9962,0.0004,0.0,0.0004,0.0004,0.0001,0.0001
CT011432,Zone_02,Zone_02,0.998,0.0008,0.998,0.0005,0.0006,0.0,0.0,0.0,0.0,0.0,0.0
CT014173,Zone_08,Zone_08,0.7299,0.0,0.0,0.0001,0.0002,0.0001,0.0002,0.2693,0.7299,0.0002,0.0001
CT003044,Zone_08,Zone_08,0.9966,0.0,0.0,0.0,0.0003,0.0004,0.0002,0.0022,0.9966,0.0001,0.0001
CT019352,Zone_02,Zone_02,0.9979,0.0007,0.9979,0.0006,0.0008,0.0001,0.0,0.0,0.0,0.0,0.0
CT003229,Zone_08,Zone_07,0.5567,0.0,0.0,0.0001,0.0002,0.0001,0.0002,0.5567,0.4424,0.0001,0.0001
CT012279,Zone_07,Zone_07,0.7825,0.0,0.0,0.0001,0.0007,0.0006,0.0005,0.7825,0.2152,0.0003,0.0001
CT005706,Zone_08,Zone_08,0.9973,0.0,0.0,0.0,0.0003,0.0004,0.0002,0.0015,0.9973,0.0002,0.0001
CT015519,Zone_01,Zone_01,0.9979,0.9979,0.0008,0.0007,0.0005,0.0,0.0,0.0,0.0,0.0,0.0
CT010323,Zone_01,Zone_01,0.9977,0.9977,0.0009,0.0008,0.0005,0.0,0.0,0.0,0.0,0.0,0.0
CT004655,Zone_08,Zone_08,0.997,0.0,0.0,0.0,0.0003,0.0004,0.0002,0.0017,0.997,0.0001,0.0001
CT002179,Zone_04,Zone_04,0.9965,0.0005,0.0009,0.001,0.9965,0.0004,0.0001,0.0002,0.0001,0.0001,0.0001
CT008050,Zone_08,Zone_08,0.5415,0.0,0.0,0.0001,0.0002,0.0001,0.0,0.4579,0.5415,0.0001,0.0001
CT013269,Zone_08,Zone_08,0.9985,0.0,0.0,0.0,0.0001,0.0002,0.0,0.0011,0.9985,0.0001,0.0
CT004533,Zone_08,Zone_08,0.7935,0.0,0.0,0.0,0.0002,0.0001,0.0001,0.206,0.7935,0.0001,0.0
CT008148,Zone_01,Zone_01,0.9977,0.9977,0.0009,0.0007,0.0007,0.0,0.0,0.0,0.0,0.0,0.0
CT002676,Zone_07,Zone_07,0.863,0.0,0.0,0.0,0.0004,0.0004,0.0003,0.863,0.1355,0.0002,0.0001
CT016876,Zone_02,Zone_02,0.9979,0.0007,0.9979,0.0006,0.0008,0.0001,0.0,0.0,0.0,0.0,0.0
CT005211,Zone_08,Zone_08,0.9971,0.0,0.0,0.0,0.0002,0.0003,0.0001,0.0021,0.9971,0.0001,0.0001
CT013018,Zone_08,Zone_08,0.9988,0.0,0.0,0.0,0.0001,0.0001,0.0,0.0009,0.9988,0.0,0.0
CT006779,Zone_04,Zone_04,0.9977,0.0001,0.0003,0.0002,0.9977,0.0006,0.0003,0.0004,0.0002,0.0,0.0
CT007996,Zone_04,Zone_04,0.9971,0.0001,0.0003,0.0003,0.9971,0.0008,0.0001,0.0005,0.0006,0.0001,0.0
CT008390,Zone_07,Zone_07,0.8833,0.0,0.0,0.0,0.0003,0.0004,0.0002,0.8833,0.1154,0.0002,0.0001
CT019719,Zone_10,Zone_10,0.9988,0.0,0.0,0.0,0.0,0.0,0.0,0.0004,0.0002,0.0006,0.9988
CT008764,Zone_07,Zone_08,0.5821,0.0,0.0,0.0001,0.0002,0.0001,0.0003,0.4168,0.5821,0.0002,0.0001
CT011734,Zone_03,Zone_03,0.9984,0.0004,0.0004,0.9984,0.0006,0.0001,0.0,0.0,0.0,0.0,0.0
CT010988,Zone_09,Zone_09,0.984,0.0,0.0,0.0001,0.0001,0.0004,0.0001,0.0044,0.0075,0.984,0.0034
CT007674,Zone_08,Zone_08,0.9994,0.0,0.0,0.0,0.0001,0.0001,0.0,0.0003,0.9994,0.0,0.0
CT012039,Zone_07,Zone_08,0.8125,0.0,0.0,0.0001,0.0002,0.0001,0.0001,0.1867,0.8125,0.0001,0.0001
CT007973,Zone_07,Zone_07,0.8958,0.0,0.0,0.0,0.0004,0.0004,0.0001,0.8958,0.1029,0.0002,0.0001
CT008954,Zone_10,Zone_10,0.999,0.0,0.0,0.0,0.0,0.0,0.0,0.0002,0.0001,0.0006,0.999
CT018045,Zone_06,Zone_06,0.996,0.0,0.0,0.0,0.0005,0.0001,0.996,0.0025,0.0008,0.0001,0.0
CT008999,Zone_10,Zone_10,0.999,0.0,0.0,0.0,0.0,0.0,0.0,0.0001,0.0002,0.0006,0.999
CT007529,Zone_05,Zone_05,0.9966,0.0,0.0001,0.0001,0.0008,0.9966,0.0002,0.0007,0.0013,0.0001,0.0001
CT006592,Zone_08,Zone_08,0.6389,0.0,0.0,0.0001,0.0002,0.0001,0.0001,0.3605,0.6389,0.0001,0.0001
CT001110,Zone_01,Zone_01,0.9974,0.9974,0.001,0.0008,0.0008,0.0,0.0,0.0,0.0,0.0,0.0
CT002518,Zone_01,Zone_01,0.9981,0.9981,0.0008,0.0006,0.0004,0.0,0.0,0.0,0.0,0.0,0.0
CT011030,Zone_10,Zone_10,0.9988,0.0,0.0,0.0,0.0,0.0,0.0,0.0001,0.0003,0.0007,0.9988
CT016858,Zone_07,Zone_07,0.9888,0.0,0.0,0.0,0.0002,0.0001,0.0002,0.9888,0.0105,0.0001,0.0
CT013464,Zone_04,Zone_04,0.9968,0.0005,0.0007,0.001,0.9968,0.0004,0.0001,0.0003,0.0001,0.0001,0.0001
CT015463,Zone_07,Zone_07,0.9875,0.0,0.0,0.0,0.0002,0.0001,0.0004,0.9875,0.0116,0.0001,0.0
CT013854,Zone_05,Zone_05,0.9961,0.0,0.0001,0.0002,0.0012,0.9961,0.0009,0.0008,0.0005,0.0001,0.0001
CT010043,Zone_08,Zone_08,0.711,0.0,0.0,0.0,0.0002,0.0001,0.0001,0.2884,0.711,0.0001,0.0001
CT018992,Zone_07,Zone_07,0.9271,0.0,0.0,0.0,0.0003,0.0003,0.0,0.9271,0.0722,0.0001,0.0
