complaint_id,actual_zone,predicted_zone,prediction_confidence,prob_zone_01,prob_zone_02,prob_zone_03,prob_zone_04,prob_zone_05,prob_zone_06,prob_zone_07,prob_zone_08,prob_zone_09,prob_zone_10
CT012660,Zone_01,Zone_07,0.2583,0.0751,0.0693,0.0907,0.1232,0.0449,0.0332,0.2583,0.2355,0.0063,0.0634
CT009088,Zone_07,Zone_07,0.2983,0.0612,0.0654,0.1221,0.1423,0.039,0.0303,0.2983,0.1807,0.0104,0.0503
CT008281,Zone_08,Zone_07,0.2599,0.0626,0.0851,0.0889,0.1303,0.0369,0.0496,0.2599,0.2148,0.0116,0.0601
CT006500,Zone_07,Zone_07,0.2562,0.0707,0.0784,0.0937,0.1184,0.0261,0.0469,0.2562,0.2411,0.0086,0.0599
CT010858,Zone_08,Zone_07,0.2863,0.0746,0.075,0.0968,0.1277,0.0469,0.0335,0.2863,0.1952,0.0073,0.0568
CT000998,Zone_02,Zone_07,0.2612,0.0755,0.1188,0.0765,0.1157,0.0326,0.0265,0.2612,0.2066,0.0204,0.0664
CT003768,Zone_04,Zone_07,0.3149,0.0639,0.0991,0.0889,0.1155,0.0306,0.0395,0.3149,0.1774,0.0094,0.0609
CT016589,Zone_07,Zone_08,0.274,0.0552,0.0705,0.0869,0.115,0.0435,0.0544,0.2328,0.274,0.009,0.0587
CT001388,Zone_04,Zone_07,0.2592,0.0585,0.0984,0.0746,0.1527,0.029,0.0338,0.2592,0.2208,0.0063,0.0667
CT001708,Zone_08,Zone_07,0.3042,0.0614,0.0888,0.1033,0.1207,0.0483,0.0643,0.3042,0.1497,0.0075,0.0519
CT008921,Zone_08,Zone_08,0.2638,0.0659,0.0617,0.099,0.1398,0.0437,0.0402,0.2259,0.2638,0.0112,0.0488
CT009823,Zone_07,Zone_08,0.2743,0.0529,0.0743,0.0946,0.1015,0.0553,0.0402,0.2298,0.2743,0.0159,0.0612
CT013332,Zone_08,Zone_07,0.2479,0.0578,0.0702,0.1023,0.1113,0.064,0.0274,0.2479,0.2318,0.0085,0.0788
CT009553,Zone_08,Zone_07,0.2566,0.0735,0.058,0.0976,0.1382,0.0439,0.0421,0.2566,0.2134,0.0171,0.0596
CT013426,Zone_04,Zone_07,0.2833,0.0519,0.0954,0.0819,0.1111,0.0392,0.0727,0.2833,0.1824,0.0178,0.0642
CT000407,Zone_04,Zone_07,0.2968,0.0747,0.0757,0.0965,0.1388,0.0466,0.0158,0.2968,0.1702,0.0055,0.0795
CT006247,Zone_10,Zone_07,0.2458,0.0433,0.092,0.1043,0.1284,0.0447,0.0533,0.2458,0.2168,0.0105,0.0609
CT012062,Zone_07,Zone_07,0.237,0.0604,0.0814,0.0919,0.1214,0.0437,0.0591,0.237,0.2361,0.014,0.0551
CT002655,Zone_08,Zone_08,0.2569,0.0664,0.1082,0.0772,0.1121,0.0353,0.0342,0.2225,0.2569,0.0348,0.0524
CT002741,Zone_03,Zone_08,0.2951,0.0627,0.0971,0.0713,0.1106,0.0485,0.0679,0.1853,0.2951,0.0077,0.0538
CT004204,Zone_08,Zone_08,0.2983,0.075,0.0519,0.0824,0.1359,0.0421,0.0499,0.2044,0.2983,0.0159,0.0442
CT016166,Zone_02,Zone_07,0.2726,0.0577,0.0972,0.0907,0.1264,0.0457,0.0483,0.2726,0.1857,0.0168,0.0589
CT003813,Zone_08,Zone_07,0.2646,0.0692,0.0799,0.0772,0.1402,0.0433,0.042,0.2646,0.2009,0.0133,0.0694
CT018692,Zone_04,Zone_08,0.2772,0.0789,0.07,0.0708,0.1256,0.0398,0.0434,0.2406,0.2772,0.0087,0.0451
CT016709,Zone_07,Zone_07,0.3159,0.0543,0.0835,0.07,0.1466,0.0444,0.0421,0.3159,0.1659,0.0088,0.0685
CT007551,Zone_07,Zone_07,0.2859,0.0642,0.0834,0.0869,0.1121,0.0435,0.0447,0.2859,0.2014,0.0126,0.0654
CT005426,Zone_07,Zone_07,0.2913,0.0775,0.0518,0.0878,0.1369,0.045,0.0449,0.2913,0.1929,0.0105,0.0614
CT009810,Zone_07,Zone_07,0.308,0.0601,0.1329,0.124,0.1147,0.0344,0.0226,0.308,0.1628,0.0145,0.0261
CT019461,Zone_03,Zone_07,0.2788,0.0665,0.0537,0.0863,0.1274,0.0496,0.0375,0.2788,0.22,0.0131,0.067
CT011624,Zone_07,Zone_07,0.348,0.0527,0.0967,0.0876,0.1202,0.0328,0.036,0.348,0.1579,0.0094,0.0588
CT004310,Zone_07,Zone_08,0.2865,0.06,0.0582,0.1163,0.1193,0.0431,0.0296,0.2277,0.2865,0.0064,0.0529
CT003278,Zone_07,Zone_07,0.2653,0.0584,0.1069,0.0698,0.1525,0.0284,0.0287,0.2653,0.2188,0.0056,0.0656
CT013963,Zone_07,Zone_07,0.2988,0.0732,0.0538,0.102,0.1158,0.0398,0.0353,0.2988,0.2144,0.0059,0.061
CT008759,Zone_05,Zone_08,0.2444,0.0621,0.076,0.1005,0.1025,0.0455,0.0328,0.2441,0.2444,0.0133,0.0787
CT001833,Zone_08,Zone_07,0.2482,0.0985,0.0887,0.0997,0.1721,0.052,0.0139,0.2482,0.166,0.0098,0.051
CT006393,Zone_04,Zone_07,0.3202,0.0577,0.0734,0.0756,0.1407,0.0406,0.0313,0.3202,0.1827,0.0081,0.0697
CT008639,Zone_07,Zone_07,0.2904,0.0659,0.1004,0.0798,0.1265,0.036,0.0413,0.2904,0.1693,0.0193,0.0709
CT009450,Zone_04,Zone_07,0.2627,0.0898,0.0886,0.1231,0.1214,0.0311,0.023,0.2627,0.1933,0.0078,0.0591
CT007172,Zone_07,Zone_07,0.2575,0.073,0.0895,0.0844,0.1202,0.0423,0.0393,0.2575,0.2184,0.0123,0.0631
CT007097,Zone_08,Zone_07,0.2516,0.0642,0.0584,0.0953,0.1335,0.0336,0.0404,0.2516,0.2482,0.0194,0.0553
CT016127,Zone_07,Zone_07,0.2522,0.0763,0.0571,0.1023,0.1119,0.0492,0.0434,0.2522,0.2352,0.0081,0.0644
CT000783,Zone_08,Zone_07,0.3093,0.039,0.0741,0.1231,0.1436,0.0239,0.0408,0.3093,0.1886,0.0128,0.0448
CT009681,Zone_07,Zone_07,0.2822,0.0755,0.0593,0.0768,0.1557,0.0374,0.0381,0.2822,0.1862,0.0203,0.0684
CT004975,Zone_08,Zone_07,0.3252,0.0466,0.0901,0.0705,0.1335,0.0494,0.0368,0.3252,0.1655,0.0129,0.0696
CT013719,Zone_08,Zone_07,0.329,0.0634,0.0815,0.0779,0.1259,0.0482,0.0435,0.329,0.1649,0.0099,0.0557
CT003962,Zone_03,Zone_07,0.281,0.0619,0.085,0.1071,0.1239,0.0283,0.031,0.281,0.2305,0.008,0.0432
CT013819,Zone_04,Zone_07,0.2812,0.0493,0.0712,0.1167,0.1133,0.0223,0.0545,0.2812,0.2262,0.0067,0.0588
CT008385,Zone_01,Zone_07,0.2768,0.0553,0.0812,0.0864,0.1275,0.0397,0.0614,0.2768,0.1903,0.0212,0.0603
CT009653,Zone_03,Zone_07,0.3156,0.0506,0.0783,0.1022,0.1623,0.0178,0.0284,0.3156,0.1913,0.0115,0.042
CT007970,Zone_02,Zone_07,0.2793,0.0747,0.1007,0.0753,0.1383,0.0367,0.028,0.2793,0.1777,0.0161,0.0731
CT010507,Zone_08,Zone_07,0.2921,0.0662,0.079,0.086,0.1584,0.0342,0.0337,0.2921,0.1618,0.0283,0.0602
CT007600,Zone_07,Zone_07,0.2915,0.0432,0.0621,0.1066,0.1235,0.0281,0.0435,0.2915,0.2374,0.0093,0.0547
CT010064,Zone_02,Zone_07,0.2471,0.0709,0.0875,0.0841,0.1153,0.0383,0.0495,0.2471,0.2416,0.0055,0.0603
CT019037,Zone_04,Zone_07,0.3005,0.0569,0.1028,0.083,0.1171,0.0421,0.0284,0.3005,0.1837,0.011,0.0744
CT016233,Zone_01,Zone_07,0.3058,0.0498,0.0968,0.0909,0.1307,0.0318,0.0501,0.3058,0.1733,0.0156,0.0552
CT016275,Zone_04,Zone_08,0.2551,0.0515,0.0846,0.0994,0.1226,0.0376,0.0508,0.2303,0.2551,0.0154,0.0526
CT000294,Zone_03,Zone_07,0.2465,0.0659,0.0637,0.0875,0.1239,0.049,0.0501,0.2465,0.2456,0.0113,0.0566
CT018802,Zone_02,Zone_08,0.2596,0.0612,0.08,0.0957,0.1229,0.0346,0.0622,0.2233,0.2596,0.0066,0.0538
CT013203,Zone_08,Zone_07,0.2562,0.0692,0.074,0.0788,0.1196,0.04,0.0392,0.2562,0.2507,0.0113,0.0611
CT001403,Zone_10,Zone_08,0.2515,0.0811,0.0588,0.1056,0.1188,0.0368,0.0377,0.2339,0.2515,0.0057,0.0703
CT008298,Zone_04,Zone_08,0.2824,0.0704,0.0582,0.1062,0.1214,0.0443,0.028,0.2253,0.2824,0.0058,0.058
CT004078,Zone_08,Zone_07,0.2433,0.0551,0.1092,0.0894,0.1362,0.0405,0.0516,0.2433,0.1931,0.018,0.0636
CT009342,Zone_02,Zone_07,0.2747,0.0603,0.0867,0.0694,0.1397,0.0356,0.0463,0.2747,0.233,0.0048,0.0495
CT007860,Zone_07,Zone_07,0.2844,0.0639,0.0889,0.0841,0.1286,0.0345,0.0503,0.2844,0.1715,0.024,0.07
CT005027,Zone_08,Zone_07,0.3361,0.0608,0.0636,0.0909,0.1336,0.0449,0.0291,0.3361,0.1583,0.0119,0.0708
CT012029,Zone_04,Zone_07,0.3088,0.0591,0.0749,0.0966,0.1102,0.0364,0.0295,0.3088,0.2013,0.0147,0.0684
CT019786,Zone_04,Zone_07,0.2438,0.0389,0.0939,0.1152,0.1014,0.0324,0.0705,0.2438,0.2307,0.0076,0.0654
CT005141,Zone_08,Zone_07,0.3615,0.0617,0.0709,0.081,0.1265,0.0343,0.0223,0.3615,0.1663,0.0106,0.0649
CT005841,Zone_05,Zone_08,0.2847,0.048,0.07,0.1035,0.1186,0.0461,0.0376,0.2258,0.2847,0.0097,0.056
CT010730,Zone_06,Zone_07,0.3024,0.0816,0.0692,0.0749,0.1488,0.0408,0.0301,0.3024,0.1869,0.0097,0.0557
CT014988,Zone_04,Zone_07,0.2714,0.0666,0.0797,0.1056,0.1122,0.0406,0.0356,0.2714,0.2183,0.0103,0.0596
CT000867,Zone_07,Zone_07,0.2896,0.0507,0.0956,0.0793,0.1337,0.0479,0.0429,0.2896,0.1813,0.0066,0.0724
CT011310,Zone_01,Zone_07,0.2863,0.0524,0.0882,0.0727,0.1436,0.0423,0.0522,0.2863,0.1846,0.0131,0.0648
CT017931,Zone_08,Zone_08,0.269,0.0547,0.0898,0.1029,0.1007,0.0357,0.042,0.2238,0.269,0.0287,0.0528
CT004522,Zone_08,Zone_08,0.3512,0.1161,0.0604,0.1288,0.0544,0.0548,0.0404,0.0747,0.3512,0.0,0.1192
CT012269,Zone_02,Zone_07,0.314,0.0668,0.0982,0.0769,0.1119,0.0284,0.037,0.314,0.1934,0.0131,0.0603
CT013839,Zone_08,Zone_07,0.2931,0.0755,0.0787,0.0804,0.1312,0.037,0.03,0.2931,0.2053,0.0148,0.0541
CT016788,Zone_02,Zone_08,0.2762,0.0757,0.0648,0.1072,0.1012,0.0479,0.0415,0.2166,0.2762,0.0124,0.0565
CT000505,Zone_07,Zone_08,0.238,0.077,0.0901,0.0827,0.1224,0.0354,0.0372,0.2251,0.238,0.0271,0.0651
CT013468,Zone_08,Zone_07,0.3051,0.0781,0.0765,0.0958,0.1442,0.0282,0.0344,0.3051,0.1828,0.0053,0.0496
CT002172,Zone_04,Zone_08,0.2533,0.0686,0.0649,0.0983,0.126,0.0444,0.0351,0.2417,0.2533,0.0085,0.0592
CT016545,Zone_06,Zone_07,0.3394,0.0537,0.0812,0.0955,0.117,0.0326,0.042,0.3394,0.1781,0.0101,0.0504
CT014283,Zone_07,Zone_08,0.2538,0.0644,0.0984,0.0935,0.1056,0.0414,0.0612,0.2219,0.2538,0.0135,0.0465
CT009416,Zone_07,Zone_07,0.2355,0.0689,0.0834,0.0746,0.1304,0.0562,0.0368,0.2355,0.227,0.0119,0.0752
CT004401,Zone_07,Zone_07,0.3073,0.0514,0.0515,0.0919,0.1594,0.0233,0.0354,0.3073,0.2214,0.0105,0.048
CT007056,Zone_05,Zone_08,0.2642,0.0659,0.0806,0.1107,0.1304,0.0412,0.0495,0.2011,0.2642,0.0112,0.0453
CT007504,Zone_08,Zone_07,0.2546,0.0708,0.0952,0.0781,0.1103,0.0449,0.037,0.2546,0.2205,0.0221,0.0665
CT009420,Zone_10,Zone_08,0.2393,0.0731,0.0705,0.1042,0.1212,0.0352,0.0393,0.2298,0.2393,0.0192,0.0683
CT013194,Zone_04,Zone_07,0.2809,0.066,0.0668,0.1045,0.1189,0.0337,0.034,0.2809,0.214,0.0154,0.0658
CT009664,Zone_07,Zone_07,0.2601,0.0813,0.0662,0.0826,0.1448,0.0488,0.0351,0.2601,0.2208,0.0101,0.0501
CT015158,Zone_04,Zone_07,0.3085,0.0795,0.0907,0.0757,0.1211,0.0394,0.0293,0.3085,0.1747,0.0174,0.0636
CT010407,Zone_07,Zone_07,0.2474,0.0687,0.0794,0.089,0.1377,0.0461,0.0546,0.2474,0.2119,0.0151,0.05
CT003993,Zone_03,Zone_07,0.2724,0.0653,0.0944,0.0844,0.1158,0.0397,0.0277,0.2724,0.2192,0.0165,0.0645
CT019595,Zone_07,Zone_08,0.2727,0.0565,0.0695,0.096,0.117,0.0324,0.0506,0.2354,0.2727,0.0049,0.065
CT015299,Zone_02,Zone_07,0.3434,0.0576,0.0904,0.0767,0.1647,0.0447,0.0368,0.3434,0.135,0.0046,0.046
CT010761,Zone_01,Zone_07,0.2502,0.0796,0.0628,0.098,0.1303,0.0423,0.046,0.2502,0.2148,0.0073,0.0687
CT011987,Zone_03,Zone_07,0.2797,0.0822,0.0955,0.0797,0.1208,0.0389,0.0365,0.2797,0.1968,0.0105,0.0593
CT004626,Zone_08,Zone_07,0.244,0.0544,0.0755,0.0743,0.1156,0.0544,0.0614,0.244,0.2411,0.013,0.0664
CT010533,Zone_04,Zone_07,0.3567,0.0513,0.0613,0.0819,0.1441,0.0275,0.0274,0.3567,0.1926,0.0071,0.0501
CT013079,Zone_08,Zone_07,0.249,0.0683,0.0953,0.0864,0.1248,0.027,0.0375,0.249,0.2447,0.0135,0.0535
CT009848,Zone_05,Zone_08,0.2526,0.0674,0.0654,0.0751,0.1309,0.052,0.0492,0.2424,0.2526,0.0102,0.055
CT005339,Zone_07,Zone_07,0.2767,0.0464,0.0895,0.0729,0.126,0.0493,0.0654,0.2767,0.1984,0.0081,0.0672
CT012719,Zone_05,Zone_08,0.3259,0.0771,0.0594,0.086,0.1265,0.0297,0.0313,0.2203,0.3259,0.0046,0.0392
CT003635,Zone_08,Zone_07,0.3045,0.062,0.0967,0.0797,0.1126,0.0348,0.0443,0.3045,0.1806,0.0094,0.0754
CT009719,Zone_07,Zone_07,0.2756,0.0698,0.048,0.0905,0.1474,0.0384,0.046,0.2756,0.2037,0.0169,0.0638
CT014189,Zone_08,Zone_07,0.2521,0.0666,0.0743,0.0656,0.176,0.0352,0.0314,0.2521,0.2331,0.0044,0.0614
CT010970,Zone_08,Zone_07,0.2682,0.0553,0.0668,0.1044,0.1158,0.0408,0.0456,0.2682,0.2263,0.0145,0.0622
CT015323,Zone_04,Zone_07,0.3215,0.0536,0.0844,0.1011,0.1066,0.0439,0.0479,0.3215,0.1703,0.0143,0.0563
CT005653,Zone_08,Zone_07,0.2831,0.0614,0.0845,0.0701,0.143,0.0435,0.0353,0.2831,0.201,0.0179,0.0602
CT014443,Zone_03,Zone_08,0.2814,0.0692,0.0885,0.0809,0.1017,0.0433,0.046,0.2271,0.2814,0.0114,0.0505
CT007873,Zone_04,Zone_07,0.3172,0.0686,0.0497,0.0852,0.1289,0.0355,0.0487,0.3172,0.203,0.0119,0.0514
CT012751,Zone_06,Zone_07,0.2821,0.0683,0.0651,0.0982,0.1522,0.0314,0.0447,0.2821,0.1893,0.0146,0.0541
CT009081,Zone_08,Zone_07,0.257,0.0737,0.0768,0.0874,0.1394,0.0369,0.0262,0.257,0.221,0.0105,0.0712
CT006659,Zone_07,Zone_07,0.3266,0.0459,0.0815,0.1012,0.1473,0.0188,0.0341,0.3266,0.1918,0.0106,0.0421
CT008969,Zone_06,Zone_07,0.2944,0.0387,0.0735,0.1185,0.1372,0.0301,0.0611,0.2944,0.1812,0.0169,0.0484
CT004792,Zone_02,Zone_07,0.2797,0.0548,0.1043,0.0888,0.1166,0.0367,0.0283,0.2797,0.2066,0.0197,0.0643
CT017262,Zone_04,Zone_07,0.2333,0.0836,0.0948,0.1317,0.1557,0.0318,0.0192,0.2333,0.1733,0.0149,0.0618
CT018069,Zone_06,Zone_08,0.2527,0.0752,0.0688,0.091,0.1194,0.0497,0.0474,0.2246,0.2527,0.0092,0.0619
CT006002,Zone_03,Zone_07,0.3005,0.0491,0.0756,0.0968,0.1565,0.0217,0.0313,0.3005,0.206,0.0174,0.0451
CT009413,Zone_04,Zone_07,0.2604,0.0705,0.1047,0.0872,0.1367,0.0333,0.0279,0.2604,0.1981,0.0213,0.0598
CT019996,Zone_07,Zone_07,0.3074,0.0506,0.0926,0.1047,0.1273,0.0397,0.0473,0.3074,0.1594,0.0193,0.0517
CT003298,Zone_08,Zone_07,0.2765,0.0601,0.0997,0.0891,0.13,0.0437,0.0462,0.2765,0.1806,0.0156,0.0586
CT011839,Zone_07,Zone_07,0.3643,0.0657,0.0859,0.0807,0.1142,0.0257,0.0273,0.3643,0.1639,0.009,0.0634
CT017042,Zone_07,Zone_07,0.3113,0.0678,0.083,0.0825,0.1347,0.0435,0.0285,0.3113,0.1686,0.0119,0.0681
CT005039,Zone_07,Zone_07,0.2432,0.0688,0.0818,0.0988,0.1588,0.0364,0.0409,0.2432,0.1982,0.0139,0.0592
CT003982,Zone_08,Zone_08,0.2603,0.0642,0.0638,0.0911,0.1213,0.0462,0.0399,0.2365,0.2603,0.0071,0.0697
CT002763,Zone_03,Zone_07,0.2695,0.0608,0.0883,0.1061,0.1176,0.0301,0.0431,0.2695,0.2105,0.0223,0.0518
CT009618,Zone_02,Zone_07,0.2978,0.0657,0.0735,0.0744,0.1266,0.0543,0.0355,0.2978,0.1957,0.0095,0.0671
CT015520,Zone_07,Zone_07,0.2359,0.0784,0.0732,0.0921,0.1302,0.0414,0.0415,0.2359,0.2213,0.0121,0.0739
CT013951,Zone_06,Zone_07,0.2618,0.0676,0.0843,0.0706,0.1221,0.0525,0.0529,0.2618,0.2164,0.0138,0.058
CT007475,Zone_05,Zone_07,0.3115,0.0587,0.1009,0.0926,0.1131,0.0347,0.0329,0.3115,0.1766,0.0173,0.0617
CT018372,Zone_01,Zone_07,0.2633,0.0509,0.112,0.0671,0.1396,0.0264,0.0466,0.2633,0.23,0.0057,0.0584
CT000295,Zone_07,Zone_07,0.3052,0.0581,0.0935,0.1014,0.1223,0.0316,0.0379,0.3052,0.1875,0.0125,0.05
CT007314,Zone_07,Zone_07,0.3324,0.0521,0.0651,0.0859,0.1682,0.0357,0.0364,0.3324,0.1753,0.005,0.0438
CT018520,Zone_04,Zone_07,0.247,0.0462,0.1088,0.0807,0.1554,0.0317,0.0488,0.247,0.2226,0.0057,0.053
CT011118,Zone_05,Zone_07,0.2728,0.0482,0.1487,0.1006,0.1169,0.0373,0.0572,0.2728,0.1557,0.0085,0.054
CT009672,Zone_10,Zone_08,0.2451,0.0581,0.0703,0.1148,0.1193,0.049,0.0415,0.2345,0.2451,0.0109,0.0565
CT003262,Zone_08,Zone_08,0.2727,0.0425,0.0672,0.0997,0.1485,0.0351,0.0406,0.2288,0.2727,0.0069,0.0581
CT018725,Zone_03,Zone_07,0.2582,0.0563,0.0765,0.0752,0.1144,0.0515,0.0462,0.2582,0.247,0.0108,0.0638
CT015620,Zone_04,Zone_07,0.2934,0.0688,0.0779,0.0817,0.1294,0.0351,0.0338,0.2934,0.1956,0.0163,0.068
CT004334,Zone_08,Zone_07,0.2844,0.0718,0.0655,0.1021,0.145,0.0423,0.0298,0.2844,0.1816,0.0117,0.0658
CT004039,Zone_05,Zone_07,0.328,0.0576,0.0731,0.072,0.1171,0.0544,0.0413,0.328,0.1827,0.0131,0.0605
CT007218,Zone_08,Zone_08,0.2529,0.05,0.0803,0.0732,0.1702,0.0261,0.0548,0.2205,0.2529,0.0131,0.0589
CT006086,Zone_07,Zone_07,0.3084,0.0557,0.0732,0.1035,0.1319,0.0433,0.0303,0.3084,0.188,0.0062,0.0594
CT015623,Zone_04,Zone_08,0.2536,0.0494,0.1099,0.0981,0.1025,0.0325,0.0554,0.2169,0.2536,0.032,0.0498
CT016112,Zone_08,Zone_07,0.273,0.0472,0.0647,0.1169,0.1634,0.0404,0.0356,0.273,0.1911,0.0044,0.0635
CT016926,Zone_09,Zone_08,0.2955,0.0658,0.0548,0.1018,0.1175,0.0401,0.043,0.228,0.2955,0.0084,0.0452
CT017819,Zone_08,Zone_07,0.277,0.0495,0.0842,0.1283,0.1081,0.0274,0.0442,0.277,0.2255,0.007,0.049
CT008901,Zone_01,Zone_07,0.2898,0.0688,0.0649,0.092,0.1233,0.0371,0.0562,0.2898,0.1947,0.0072,0.0661
CT015595,Zone_07,Zone_07,0.2975,0.0538,0.0887,0.1037,0.129,0.0368,0.0409,0.2975,0.1769,0.0125,0.0602
CT001962,Zone_08,Zone_07,0.3075,0.0525,0.0614,0.0679,0.1442,0.0439,0.0503,0.3075,0.2125,0.0054,0.0545
CT015427,Zone_07,Zone_07,0.2935,0.0597,0.0745,0.119,0.1274,0.0183,0.0427,0.2935,0.2096,0.008,0.0473
CT007344,Zone_02,Zone_07,0.3171,0.0546,0.0752,0.0705,0.1432,0.0328,0.0438,0.3171,0.187,0.0063,0.0696
CT008936,Zone_10,Zone_07,0.2667,0.0568,0.065,0.09,0.1146,0.0359,0.048,0.2667,0.247,0.0077,0.0684
CT010824,Zone_08,Zone_07,0.2811,0.0587,0.0917,0.077,0.1652,0.0206,0.0395,0.2811,0.1946,0.0046,0.0671
CT014791,Zone_07,Zone_07,0.2854,0.0684,0.068,0.0883,0.1199,0.038,0.0549,0.2854,0.2005,0.013,0.0637
CT002779,Zone_04,Zone_07,0.2582,0.0564,0.0818,0.0849,0.1417,0.0402,0.0501,0.2582,0.2169,0.0105,0.0594
CT002493,Zone_02,Zone_08,0.2673,0.0579,0.0758,0.1038,0.0936,0.0418,0.0439,0.2289,0.2673,0.0212,0.0659
CT019084,Zone_01,Zone_07,0.2477,0.0755,0.0514,0.0889,0.1299,0.04,0.0604,0.2477,0.2227,0.0118,0.0717
CT003097,Zone_03,Zone_07,0.364,0.061,0.0838,0.0901,0.1161,0.0279,0.0283,0.364,0.1583,0.0125,0.058
CT017864,Zone_07,Zone_07,0.3041,0.0631,0.0858,0.0904,0.1409,0.0333,0.0408,0.3041,0.1822,0.0111,0.0483
CT008264,Zone_10,Zone_07,0.2606,0.0574,0.0743,0.073,0.1682,0.0408,0.0375,0.2606,0.2307,0.0045,0.053
CT004830,Zone_06,Zone_07,0.3352,0.0491,0.0615,0.0807,0.1444,0.0444,0.0339,0.3352,0.1813,0.0069,0.0626
CT002923,Zone_03,Zone_08,0.2828,0.0713,0.0648,0.1154,0.1065,0.0442,0.0419,0.2054,0.2828,0.0097,0.058
CT001609,Zone_08,Zone_08,0.2452,0.0542,0.0855,0.1127,0.0986,0.0385,0.0644,0.2336,0.2452,0.0085,0.0589
CT006749,Zone_08,Zone_07,0.2868,0.0616,0.0646,0.0914,0.1394,0.0371,0.0554,0.2868,0.1977,0.019,0.047
CT002459,Zone_04,Zone_07,0.2853,0.0689,0.0534,0.0948,0.1233,0.0419,0.0364,0.2853,0.2232,0.0137,0.0592
CT014047,Zone_09,Zone_07,0.2689,0.0655,0.0646,0.0995,0.1325,0.0486,0.0408,0.2689,0.2187,0.0097,0.0512
CT016301,Zone_01,Zone_08,0.2521,0.0718,0.0877,0.0824,0.1465,0.0481,0.0481,0.1978,0.2521,0.0134,0.0521
CT012475,Zone_07,Zone_07,0.2571,0.0697,0.0753,0.0913,0.115,0.0396,0.0296,0.2571,0.2448,0.0187,0.0589
CT004979,Zone_07,Zone_08,0.239,0.0635,0.0805,0.1224,0.1408,0.0385,0.0321,0.2137,0.239,0.0098,0.0597
CT013722,Zone_04,Zone_07,0.3591,0.0662,0.0858,0.0892,0.124,0.023,0.0248,0.3591,0.1574,0.0081,0.0624
CT000279,Zone_07,Zone_08,0.2531,0.0739,0.0806,0.0657,0.1224,0.0502,0.0401,0.2471,0.2531,0.0098,0.0571
CT010980,Zone_07,Zone_07,0.3168,0.0825,0.0651,0.0878,0.1462,0.0382,0.0252,0.3168,0.176,0.0071,0.0551
CT000100,Zone_10,Zone_07,0.3049,0.0492,0.0656,0.1042,0.1273,0.0393,0.0295,0.3049,0.2235,0.0086,0.0479
CT006982,Zone_10,Zone_07,0.2722,0.0787,0.0925,0.0729,0.1233,0.049,0.037,0.2722,0.1937,0.011,0.0697
CT006758,Zone_07,Zone_07,0.3052,0.0514,0.0517,0.0848,0.1454,0.0464,0.0431,0.3052,0.2064,0.0089,0.0566
CT018344,Zone_08,Zone_07,0.319,0.0628,0.0677,0.0862,0.1155,0.0313,0.0359,0.319,0.2044,0.0132,0.064
CT002312,Zone_02,Zone_07,0.3164,0.0576,0.0758,0.0551,0.1583,0.0502,0.031,0.3164,0.1766,0.0087,0.0703
CT010930,Zone_04,Zone_07,0.2563,0.0426,0.0822,0.0864,0.1615,0.034,0.0468,0.2563,0.2405,0.0043,0.0453
CT019236,Zone_02,Zone_08,0.2694,0.0727,0.0916,0.0761,0.1086,0.0404,0.055,0.2226,0.2694,0.0094,0.0541
CT017551,Zone_05,Zone_08,0.2513,0.0772,0.0584,0.0768,0.1349,0.04,0.0547,0.2483,0.2513,0.0089,0.0495
CT018597,Zone_01,Zone_07,0.2744,0.0768,0.0498,0.092,0.1373,0.0252,0.0465,0.2744,0.2335,0.0088,0.0557
CT001934,Zone_07,Zone_07,0.2672,0.0732,0.0691,0.0706,0.1327,0.0504,0.0511,0.2672,0.213,0.0087,0.0642
CT005877,Zone_08,Zone_07,0.3556,0.0533,0.057,0.0833,0.1513,0.0197,0.0238,0.3556,0.2007,0.0101,0.0452
CT006948,Zone_07,Zone_07,0.2746,0.0624,0.1335,0.0877,0.1091,0.0324,0.0323,0.2746,0.191,0.0104,0.0666
CT005543,Zone_08,Zone_07,0.2444,0.0646,0.0811,0.0845,0.1201,0.049,0.0516,0.2444,0.2231,0.0128,0.0687
CT013777,Zone_08,Zone_07,0.2695,0.0686,0.0696,0.0871,0.1297,0.0427,0.0352,0.2695,0.2006,0.0157,0.0811
CT001599,Zone_07,Zone_08,0.2579,0.0613,0.076,0.0941,0.1178,0.0408,0.0333,0.2319,0.2579,0.0118,0.0751
CT002165,Zone_07,Zone_07,0.2607,0.0824,0.0933,0.0726,0.1367,0.0483,0.0343,0.2607,0.186,0.012,0.0738
CT001591,Zone_01,Zone_07,0.2769,0.047,0.0495,0.103,0.1386,0.0389,0.046,0.2769,0.2285,0.0164,0.0553
CT008548,Zone_07,Zone_07,0.2988,0.0596,0.1059,0.0916,0.1512,0.0395,0.032,0.2988,0.1585,0.0085,0.0545
CT006551,Zone_07,Zone_07,0.2614,0.0588,0.0741,0.1108,0.124,0.0275,0.031,0.2614,0.245,0.012,0.0555
CT001894,Zone_02,Zone_07,0.3067,0.073,0.094,0.0945,0.1174,0.0307,0.0265,0.3067,0.1838,0.0128,0.0606
CT012329,Zone_01,Zone_08,0.2612,0.0547,0.067,0.0788,0.1805,0.0295,0.0234,0.2462,0.2612,0.0061,0.0526
CT015795,Zone_05,Zone_07,0.2729,0.0683,0.0776,0.0936,0.119,0.0496,0.0305,0.2729,0.2138,0.0077,0.067
CT016437,Zone_08,Zone_07,0.2456,0.0806,0.0926,0.0812,0.1239,0.0388,0.0439,0.2456,0.2318,0.0071,0.0545
CT008293,Zone_08,Zone_07,0.2733,0.0463,0.0899,0.0963,0.1133,0.05,0.0293,0.2733,0.2207,0.0076,0.0734
CT005519,Zone_03,Zone_07,0.2492,0.0761,0.0858,0.0759,0.1326,0.0494,0.046,0.2492,0.1985,0.0157,0.0709
CT018027,Zone_07,Zone_07,0.2943,0.0522,0.0694,0.0577,0.1498,0.0548,0.0439,0.2943,0.1965,0.0121,0.0694
CT000272,Zone_01,Zone_07,0.248,0.0585,0.0732,0.0681,0.1611,0.0357,0.0472,0.248,0.2473,0.003,0.0579
CT007079,Zone_03,Zone_07,0.2533,0.0412,0.1191,0.081,0.1554,0.0322,0.048,0.2533,0.21,0.0071,0.0528
CT008935,Zone_07,Zone_07,0.3015,0.0501,0.104,0.0721,0.1419,0.0365,0.0444,0.3015,0.1753,0.0124,0.0618
CT008153,Zone_07,Zone_07,0.3366,0.0517,0.0716,0.0909,0.1373,0.0262,0.0326,0.3366,0.1927,0.011,0.0494
CT009995,Zone_04,Zone_07,0.3562,0.0453,0.0873,0.0786,0.1358,0.0258,0.0513,0.3562,0.1543,0.01,0.0554
CT011653,Zone_07,Zone_07,0.2472,0.0586,0.0755,0.112,0.0966,0.0459,0.0399,0.2472,0.2449,0.0082,0.0711
CT016837,Zone_07,Zone_07,0.2667,0.0829,0.0902,0.0824,0.1405,0.0405,0.0389,0.2667,0.1809,0.0101,0.0668
CT004779,Zone_04,Zone_07,0.2823,0.0534,0.1138,0.0835,0.1112,0.0425,0.0297,0.2823,0.2017,0.0107,0.0714
CT011005,Zone_07,Zone_08,0.2742,0.0468,0.0939,0.0673,0.1499,0.0281,0.0443,0.2318,0.2742,0.0097,0.0541
CT001018,Zone_07,Zone_07,0.3204,0.0667,0.0826,0.0906,0.1145,0.0404,0.0451,0.3204,0.1719,0.0119,0.0558
CT011954,Zone_09,Zone_07,0.3688,0.0608,0.0861,0.0802,0.1352,0.0337,0.0407,0.3688,0.1246,0.009,0.061
CT000078,Zone_07,Zone_07,0.2557,0.0693,0.0743,0.0923,0.1352,0.0446,0.0286,0.2557,0.2113,0.0111,0.0776
CT009743,Zone_07,Zone_07,0.275,0.0761,0.0665,0.0977,0.1266,0.0478,0.0233,0.275,0.2273,0.009,0.0507
CT000057,Zone_08,Zone_07,0.2928,0.0562,0.069,0.0714,0.1813,0.0406,0.03,0.2928,0.1944,0.0126,0.0517
CT012741,Zone_07,Zone_07,0.3015,0.0727,0.0777,0.0968,0.1139,0.0339,0.0352,0.3015,0.2023,0.0089,0.0569
CT000319,Zone_04,Zone_08,0.2793,0.0749,0.0648,0.0895,0.1277,0.0364,0.0329,0.2432,0.2793,0.007,0.0444
CT008630,Zone_07,Zone_07,0.2542,0.0741,0.0707,0.0868,0.123,0.0451,0.0353,0.2542,0.2415,0.0069,0.0626
CT018729,Zone_08,Zone_07,0.2722,0.0665,0.0981,0.0939,0.1219,0.0442,0.0508,0.2722,0.1811,0.0125,0.0588
CT007025,Zone_03,Zone_07,0.3751,0.0487,0.0765,0.0717,0.1655,0.0374,0.0321,0.3751,0.1408,0.0056,0.0467
CT008184,Zone_02,Zone_07,0.3199,0.0483,0.0655,0.0708,0.1486,0.027,0.0421,0.3199,0.2077,0.0101,0.0599
CT014282,Zone_01,Zone_07,0.2653,0.0796,0.0787,0.0951,0.1391,0.0388,0.0352,0.2653,0.1797,0.0103,0.0783
CT018158,Zone_07,Zone_07,0.303,0.0702,0.0689,0.0936,0.1503,0.0347,0.0379,0.303,0.1656,0.0175,0.0582
CT014546,Zone_07,Zone_08,0.2585,0.0598,0.0813,0.1063,0.1282,0.039,0.0337,0.237,0.2585,0.0189,0.0374
CT012730,Zone_08,Zone_07,0.26,0.0721,0.0997,0.1332,0.1288,0.0315,0.0247,0.26,0.1827,0.0119,0.0553
CT010299,Zone_08,Zone_07,0.268,0.0778,0.0834,0.0952,0.107,0.0372,0.0275,0.268,0.2292,0.0126,0.0622
CT005184,Zone_08,Zone_07,0.2403,0.0751,0.0938,0.0738,0.1204,0.0384,0.0517,0.2403,0.2391,0.0058,0.0617
CT004896,Zone_08,Zone_08,0.2768,0.0678,0.0629,0.1101,0.1118,0.0461,0.0434,0.2071,0.2768,0.006,0.0679
CT004871,Zone_08,Zone_07,0.2593,0.0568,0.0733,0.0924,0.1259,0.0438,0.0476,0.2593,0.2235,0.0063,0.0709
CT014621,Zone_08,Zone_07,0.2244,0.0903,0.079,0.1048,0.1589,0.0474,0.0186,0.2244,0.2096,0.0106,0.0564
CT010039,Zone_07,Zone_07,0.3698,0.0539,0.0744,0.0757,0.1375,0.0401,0.0375,0.3698,0.1397,0.0183,0.053
CT019201,Zone_07,Zone_07,0.2682,0.0617,0.0489,0.104,0.1226,0.0379,0.0397,0.2682,0.2416,0.0246,0.0508
CT009837,Zone_01,Zone_07,0.2643,0.0686,0.0896,0.0943,0.1528,0.0401,0.0256,0.2643,0.1989,0.0096,0.0563
CT019068,Zone_07,Zone_07,0.3064,0.0559,0.1024,0.0968,0.1085,0.034,0.0255,0.3064,0.1966,0.0133,0.0606
CT005008,Zone_07,Zone_07,0.3262,0.0574,0.0746,0.1051,0.1041,0.0396,0.0463,0.3262,0.1836,0.0123,0.0508
CT012860,Zone_07,Zone_07,0.3545,0.0444,0.0799,0.0637,0.1349,0.0418,0.0385,0.3545,0.1655,0.006,0.0708
CT000817,Zone_07,Zone_07,0.2487,0.0554,0.1358,0.0926,0.1082,0.0451,0.042,0.2487,0.1897,0.034,0.0483
CT008145,Zone_08,Zone_07,0.2775,0.0606,0.0919,0.0913,0.143,0.0481,0.0482,0.2775,0.1707,0.0089,0.0598
CT005066,Zone_07,Zone_08,0.2588,0.0792,0.0732,0.0868,0.1232,0.0309,0.0456,0.2307,0.2588,0.0088,0.0629
CT011481,Zone_08,Zone_08,0.3118,0.0476,0.0892,0.0514,0.1391,0.0437,0.0614,0.1946,0.3118,0.0036,0.0576
CT017802,Zone_07,Zone_08,0.254,0.0755,0.0838,0.0739,0.1295,0.0424,0.0506,0.2155,0.254,0.0198,0.0549
CT017649,Zone_08,Zone_07,0.2739,0.0729,0.07,0.0995,0.1409,0.0255,0.0307,0.2739,0.2231,0.0068,0.0566
CT015285,Zone_01,Zone_08,0.2744,0.0794,0.0648,0.0888,0.1158,0.0387,0.0579,0.2142,0.2744,0.0059,0.06
CT015231,Zone_08,Zone_08,0.2483,0.0744,0.0875,0.0699,0.1264,0.0389,0.0501,0.2357,0.2483,0.0119,0.057
CT002758,Zone_08,Zone_07,0.3371,0.0643,0.0688,0.0921,0.1169,0.032,0.0533,0.3371,0.1684,0.0125,0.0546
CT005525,Zone_04,Zone_07,0.2661,0.0701,0.0849,0.0818,0.1117,0.0402,0.0541,0.2661,0.2149,0.0106,0.0656
CT016819,Zone_06,Zone_08,0.2615,0.0553,0.0728,0.1015,0.1079,0.0475,0.044,0.2132,0.2615,0.0107,0.0855
CT009946,Zone_02,Zone_07,0.252,0.0655,0.096,0.0856,0.1035,0.034,0.0351,0.252,0.2371,0.0208,0.0704
CT014238,Zone_08,Zone_07,0.3054,0.0811,0.0914,0.0684,0.154,0.0355,0.0276,0.3054,0.1657,0.0095,0.0614
CT008593,Zone_07,Zone_07,0.2474,0.0402,0.1,0.0665,0.1601,0.0404,0.0475,0.2474,0.2286,0.0044,0.0648
CT006575,Zone_08,Zone_07,0.2637,0.0462,0.1041,0.1107,0.1372,0.041,0.0536,0.2637,0.1775,0.0222,0.0438
CT000384,Zone_08,Zone_07,0.3782,0.0534,0.071,0.0989,0.1376,0.0373,0.0243,0.3782,0.1513,0.0125,0.0355
CT001066,Zone_10,Zone_08,0.2817,0.0463,0.063,0.0888,0.1608,0.0328,0.032,0.233,0.2817,0.0059,0.0556
CT007051,Zone_10,Zone_07,0.2929,0.0694,0.0808,0.086,0.1264,0.0318,0.0284,0.2929,0.1856,0.0227,0.0761
CT017241,Zone_04,Zone_07,0.2646,0.0648,0.0783,0.0907,0.1054,0.0433,0.0553,0.2646,0.2201,0.0112,0.0664
CT002085,Zone_08,Zone_07,0.2627,0.0715,0.0885,0.0592,0.1252,0.0505,0.0388,0.2627,0.2385,0.0091,0.0559
CT006903,Zone_08,Zone_07,0.262,0.0702,0.0878,0.0901,0.1181,0.0406,0.0394,0.262,0.2198,0.0116,0.0605
CT014855,Zone_07,Zone_07,0.3238,0.0591,0.0933,0.084,0.1149,0.0325,0.0429,0.3238,0.1748,0.0179,0.0568
CT004515,Zone_03,Zone_07,0.24,0.0811,0.0832,0.1018,0.1235,0.0392,0.0467,0.24,0.2152,0.0122,0.057
CT006306,Zone_03,Zone_07,0.2772,0.0837,0.0696,0.0883,0.1325,0.0327,0.0322,0.2772,0.2281,0.0051,0.0506
CT013358,Zone_03,Zone_07,0.2995,0.0523,0.0732,0.0813,0.1358,0.0482,0.0344,0.2995,0.2009,0.0072,0.0672
CT013946,Zone_07,Zone_07,0.338,0.0631,0.0569,0.0892,0.1527,0.0285,0.0252,0.338,0.193,0.0066,0.0466
CT007536,Zone_10,Zone_07,0.2754,0.061,0.0543,0.0955,0.1251,0.0495,0.0371,0.2754,0.2341,0.0096,0.0584
CT012403,Zone_08,Zone_07,0.2997,0.0501,0.0659,0.087,0.1453,0.031,0.0516,0.2997,0.2114,0.009,0.0491
CT012312,Zone_08,Zone_07,0.2978,0.0552,0.0778,0.0807,0.1338,0.0348,0.0532,0.2978,0.2064,0.0185,0.0419
CT010677,Zone_08,Zone_08,0.2514,0.0582,0.0978,0.0997,0.1027,0.0469,0.0511,0.2088,0.2514,0.0245,0.059
CT005758,Zone_08,Zone_07,0.2961,0.0475,0.0668,0.1088,0.1458,0.0439,0.0408,0.2961,0.194,0.0072,0.0491
CT005509,Zone_07,Zone_07,0.2546,0.063,0.0924,0.1164,0.1193,0.0415,0.0412,0.2546,0.2038,0.0084,0.0595
CT004337,Zone_02,Zone_07,0.2432,0.0661,0.0955,0.0903,0.1331,0.0324,0.0449,0.2432,0.2171,0.0202,0.0573
CT015227,Zone_04,Zone_07,0.2734,0.0649,0.0937,0.0835,0.1303,0.0356,0.0376,0.2734,0.1938,0.0151,0.0721
CT013272,Zone_08,Zone_08,0.2881,0.047,0.0859,0.0698,0.1367,0.0396,0.0598,0.2044,0.2881,0.0065,0.0623
CT006556,Zone_05,Zone_08,0.3111,0.0788,0.0675,0.0741,0.1218,0.0366,0.0505,0.2075,0.3111,0.0067,0.0454
CT008256,Zone_01,Zone_07,0.2878,0.0441,0.0662,0.0863,0.1374,0.0431,0.0636,0.2878,0.1947,0.0131,0.0637
CT002732,Zone_04,Zone_07,0.2842,0.0572,0.0826,0.0923,0.1027,0.0359,0.0574,0.2842,0.2304,0.0072,0.0501
CT019964,Zone_10,Zone_08,0.3092,0.0544,0.0606,0.1058,0.134,0.0281,0.0402,0.2148,0.3092,0.0141,0.0388
CT011348,Zone_02,Zone_07,0.222,0.0771,0.0869,0.105,0.1475,0.0633,0.0238,0.222,0.2081,0.0105,0.0558
CT007445,Zone_02,Zone_08,0.2453,0.0729,0.0491,0.0834,0.1481,0.0372,0.0468,0.2378,0.2453,0.026,0.0533
CT017530,Zone_05,Zone_07,0.3293,0.0638,0.059,0.075,0.1651,0.0359,0.0432,0.3293,0.1804,0.0043,0.0441
CT007065,Zone_05,Zone_07,0.3206,0.0549,0.0768,0.0916,0.1104,0.0326,0.0543,0.3206,0.1856,0.0118,0.0614
CT004911,Zone_03,Zone_07,0.3091,0.0591,0.1063,0.0915,0.1201,0.0291,0.0305,0.3091,0.1877,0.0062,0.0605
CT012047,Zone_08,Zone_08,0.2535,0.0682,0.0596,0.0987,0.1211,0.0491,0.0406,0.2506,0.2535,0.0107,0.0479
CT015087,Zone_03,Zone_07,0.2937,0.0655,0.0932,0.1074,0.1115,0.0372,0.0375,0.2937,0.1806,0.0052,0.0682
CT002253,Zone_05,Zone_08,0.2553,0.0779,0.0537,0.088,0.1318,0.0388,0.0491,0.2091,0.2553,0.0134,0.0829
CT008690,Zone_07,Zone_07,0.2464,0.0387,0.1109,0.0868,0.1461,0.0367,0.0502,0.2464,0.2205,0.0079,0.0557
CT001401,Zone_08,Zone_08,0.302,0.0768,0.0702,0.0714,0.1341,0.0316,0.053,0.2051,0.302,0.0051,0.0506
CT018264,Zone_08,Zone_07,0.262,0.0528,0.0678,0.0989,0.1417,0.0373,0.0351,0.262,0.2433,0.0118,0.0494
CT012499,Zone_04,Zone_07,0.2619,0.0817,0.103,0.0756,0.1163,0.0467,0.025,0.2619,0.2035,0.024,0.0623
CT014188,Zone_08,Zone_07,0.2553,0.0589,0.0655,0.106,0.1207,0.0502,0.038,0.2553,0.2168,0.0123,0.0765
CT001447,Zone_06,Zone_07,0.285,0.0598,0.1282,0.0808,0.1122,0.0299,0.0543,0.285,0.1795,0.0139,0.0565
CT005759,Zone_04,Zone_07,0.2786,0.0605,0.0839,0.0705,0.1195,0.047,0.0434,0.2786,0.205,0.0175,0.0741
CT001867,Zone_10,Zone_07,0.2973,0.0482,0.0799,0.1159,0.1186,0.0376,0.0435,0.2973,0.1887,0.021,0.0492
CT009660,Zone_05,Zone_08,0.2718,0.0579,0.0736,0.1102,0.1125,0.0347,0.0329,0.2321,0.2718,0.0229,0.0513
CT019407,Zone_07,Zone_07,0.2866,0.0656,0.0887,0.0812,0.1195,0.0377,0.0392,0.2866,0.1894,0.0124,0.0797
CT000900,Zone_07,Zone_07,0.2656,0.0613,0.1207,0.0841,0.1074,0.0366,0.0567,0.2656,0.1889,0.0191,0.0597
CT010112,Zone_04,Zone_07,0.3176,0.0433,0.0811,0.107,0.1494,0.0258,0.0314,0.3176,0.1825,0.0135,0.0484
CT000976,Zone_07,Zone_07,0.2621,0.0704,0.0989,0.1005,0.1217,0.04,0.0301,0.2621,0.2129,0.0153,0.0481
CT002203,Zone_06,Zone_07,0.2931,0.064,0.0728,0.0921,0.1145,0.0282,0.0476,0.2931,0.2047,0.0226,0.0603
CT011247,Zone_04,Zone_08,0.3116,0.0595,0.0539,0.0958,0.1205,0.0378,0.0464,0.2158,0.3116,0.007,0.0517
CT004561,Zone_09,Zone_08,0.2694,0.0552,0.063,0.105,0.1303,0.0344,0.0347,0.256,0.2694,0.0101,0.0419
CT004110,Zone_07,Zone_07,0.2279,0.066,0.0894,0.0889,0.14,0.0408,0.0519,0.2279,0.2271,0.0158,0.0523
CT006240,Zone_08,Zone_08,0.2641,0.0681,0.0692,0.1027,0.1082,0.042,0.0362,0.2274,0.2641,0.011,0.0712
CT011917,Zone_07,Zone_07,0.2853,0.0631,0.0735,0.0901,0.1094,0.0446,0.0406,0.2853,0.2182,0.0109,0.0642
CT012620,Zone_10,Zone_07,0.2693,0.0786,0.0747,0.0963,0.1358,0.0357,0.0164,0.2693,0.2267,0.0088,0.0576
CT010265,Zone_04,Zone_07,0.2635,0.0784,0.0844,0.0846,0.1226,0.0284,0.0353,0.2635,0.2289,0.0085,0.0655
CT000252,Zone_07,Zone_07,0.3337,0.0581,0.0471,0.0744,0.1637,0.0318,0.0425,0.3337,0.1857,0.0082,0.0549
CT005214,Zone_06,Zone_07,0.2808,0.0649,0.076,0.0734,0.1276,0.0566,0.0348,0.2808,0.1989,0.0138,0.0732
CT002858,Zone_08,Zone_07,0.3133,0.0631,0.0813,0.0873,0.1184,0.0347,0.0488,0.3133,0.1796,0.0147,0.0589
CT007245,Zone_08,Zone_07,0.2869,0.0709,0.0664,0.0921,0.1445,0.0409,0.03,0.2869,0.1914,0.0157,0.0612
CT017432,Zone_03,Zone_08,0.2543,0.0647,0.0596,0.0998,0.1164,0.0549,0.0578,0.2191,0.2543,0.0084,0.065
CT019637,Zone_07,Zone_07,0.2971,0.0562,0.0939,0.0973,0.1203,0.0331,0.0415,0.2971,0.1961,0.0144,0.0501
CT002286,Zone_03,Zone_07,0.2815,0.0565,0.0595,0.116,0.1366,0.0361,0.0325,0.2815,0.204,0.0162,0.0611
CT009084,Zone_01,Zone_07,0.3467,0.0627,0.0943,0.0774,0.1248,0.0355,0.0308,0.3467,0.1427,0.0269,0.0581
CT005351,Zone_06,Zone_07,0.2351,0.0554,0.0597,0.1056,0.1322,0.0462,0.0578,0.2351,0.2293,0.0183,0.0604
CT010137,Zone_08,Zone_08,0.277,0.0492,0.0751,0.1146,0.1141,0.041,0.0459,0.2128,0.277,0.0094,0.0609
CT005355,Zone_06,Zone_07,0.3117,0.0682,0.0578,0.1008,0.1174,0.0336,0.0292,0.3117,0.2071,0.009,0.0652
CT015330,Zone_04,Zone_08,0.2625,0.0602,0.093,0.0951,0.1378,0.028,0.0398,0.2227,0.2625,0.0168,0.0442
CT012079,Zone_03,Zone_07,0.2675,0.0774,0.0639,0.0944,0.1283,0.0322,0.0418,0.2675,0.2406,0.0061,0.0477
CT013800,Zone_08,Zone_07,0.2888,0.048,0.0731,0.1226,0.1126,0.0446,0.0532,0.2888,0.198,0.0118,0.0474
CT005866,Zone_04,Zone_07,0.334,0.0482,0.0941,0.066,0.128,0.033,0.0427,0.334,0.1831,0.0075,0.0634
CT014015,Zone_07,Zone_07,0.3059,0.0797,0.0749,0.0804,0.1417,0.0512,0.0388,0.3059,0.1635,0.0086,0.0552
CT007002,Zone_06,Zone_07,0.2628,0.0753,0.0713,0.071,0.1298,0.0379,0.0456,0.2628,0.2532,0.0064,0.0467
CT017012,Zone_03,Zone_07,0.2595,0.0713,0.0749,0.0966,0.1128,0.0433,0.0363,0.2595,0.2374,0.0064,0.0615
CT011461,Zone_08,Zone_07,0.2861,0.0594,0.0701,0.0799,0.1108,0.0379,0.0522,0.2861,0.214,0.0147,0.0749
CT013966,Zone_10,Zone_07,0.2756,0.0638,0.0875,0.0731,0.1094,0.0388,0.0507,0.2756,0.2402,0.0108,0.0503
CT010263,Zone_02,Zone_07,0.3174,0.0505,0.0625,0.0939,0.1363,0.0241,0.0314,0.3174,0.2202,0.0089,0.0546
CT002931,Zone_07,Zone_07,0.2538,0.0587,0.0689,0.1019,0.1151,0.0405,0.0417,0.2538,0.2412,0.0158,0.0624
CT010205,Zone_08,Zone_07,0.301,0.0575,0.0772,0.0921,0.1079,0.0367,0.0402,0.301,0.2029,0.019,0.0656
CT012727,Zone_06,Zone_07,0.2957,0.0845,0.0639,0.0861,0.1537,0.0405,0.0275,0.2957,0.1812,0.0066,0.0603
CT003516,Zone_07,Zone_07,0.2618,0.0652,0.0914,0.0814,0.1112,0.0373,0.0461,0.2618,0.2192,0.023,0.0633
CT008486,Zone_07,Zone_07,0.2489,0.052,0.0854,0.0918,0.112,0.0731,0.0595,0.2489,0.1969,0.0108,0.0697
CT008082,Zone_08,Zone_08,0.2893,0.0528,0.0573,0.1002,0.1064,0.0484,0.0455,0.2277,0.2893,0.0084,0.0641
CT006042,Zone_02,Zone_07,0.2722,0.0663,0.0635,0.088,0.1356,0.0566,0.032,0.2722,0.2217,0.011,0.0531
CT018468,Zone_03,Zone_07,0.3315,0.0626,0.0826,0.1007,0.1124,0.0345,0.0452,0.3315,0.1713,0.0088,0.0504
CT016401,Zone_06,Zone_07,0.2873,0.0483,0.0757,0.0945,0.1088,0.031,0.0515,0.2873,0.2295,0.0192,0.0542
CT003489,Zone_01,Zone_07,0.2409,0.0742,0.0678,0.0876,0.1259,0.0344,0.045,0.2409,0.232,0.0115,0.0806
CT016396,Zone_04,Zone_07,0.2521,0.0528,0.0961,0.1033,0.1119,0.0368,0.0669,0.2521,0.2099,0.0088,0.0615
CT007265,Zone_08,Zone_08,0.2996,0.0637,0.0837,0.0901,0.1055,0.0449,0.043,0.1944,0.2996,0.0085,0.0666
CT010317,Zone_04,Zone_08,0.2749,0.0613,0.0569,0.0933,0.1229,0.0492,0.0472,0.2296,0.2749,0.0117,0.053
CT010209,Zone_04,Zone_08,0.2529,0.0519,0.0796,0.0836,0.1417,0.0312,0.0449,0.2458,0.2529,0.0062,0.0621
CT001339,Zone_07,Zone_07,0.2575,0.0701,0.0604,0.1104,0.1138,0.0376,0.0318,0.2575,0.2511,0.0153,0.0519
CT000309,Zone_04,Zone_07,0.324,0.0517,0.0745,0.0768,0.154,0.0439,0.0326,0.324,0.1679,0.0082,0.0664
CT012760,Zone_08,Zone_07,0.3603,0.0565,0.0684,0.0886,0.1165,0.0452,0.0337,0.3603,0.1672,0.0089,0.0548
CT013436,Zone_08,Zone_07,0.3093,0.0621,0.0889,0.1172,0.1415,0.0374,0.0302,0.3093,0.1596,0.0071,0.0468
CT000328,Zone_07,Zone_07,0.2396,0.0639,0.0784,0.1156,0.1296,0.0341,0.0334,0.2396,0.2357,0.0118,0.0579
CT008186,Zone_06,Zone_07,0.2137,0.0822,0.1071,0.1085,0.1411,0.0418,0.0263,0.2137,0.2022,0.0099,0.0672
CT011835,Zone_04,Zone_07,0.2937,0.0737,0.091,0.0987,0.1184,0.0238,0.0257,0.2937,0.2068,0.0074,0.0609
CT016186,Zone_03,Zone_08,0.2928,0.0511,0.0673,0.0775,0.1521,0.034,0.0655,0.211,0.2928,0.0049,0.0438
CT005945,Zone_02,Zone_08,0.274,0.0588,0.0668,0.0792,0.1738,0.0404,0.0348,0.2152,0.274,0.0038,0.0532
CT015121,Zone_04,Zone_07,0.2897,0.0616,0.0719,0.0931,0.1068,0.0436,0.0489,0.2897,0.2104,0.0128,0.0613
CT017533,Zone_01,Zone_07,0.3297,0.0665,0.1047,0.1037,0.1211,0.0277,0.0345,0.3297,0.148,0.0088,0.0555
CT016531,Zone_08,Zone_07,0.267,0.0661,0.0802,0.088,0.1334,0.0357,0.0316,0.267,0.2143,0.0091,0.0746
CT005776,Zone_02,Zone_08,0.2943,0.0367,0.0926,0.0797,0.1551,0.028,0.062,0.1976,0.2943,0.0093,0.0446
CT009633,Zone_04,Zone_08,0.2636,0.0564,0.0761,0.1172,0.1209,0.0447,0.0389,0.2113,0.2636,0.0111,0.0598
CT015682,Zone_08,Zone_07,0.3297,0.0626,0.0862,0.0887,0.131,0.0345,0.0345,0.3297,0.1688,0.0094,0.0548
CT007555,Zone_08,Zone_07,0.2692,0.0545,0.0868,0.0875,0.1175,0.0636,0.0517,0.2692,0.1931,0.011,0.0648
CT009636,Zone_02,Zone_07,0.3319,0.0727,0.0625,0.0918,0.1334,0.0351,0.0269,0.3319,0.1757,0.0119,0.0581
CT001676,Zone_10,Zone_07,0.3373,0.0516,0.0895,0.111,0.1144,0.0363,0.0506,0.3373,0.1511,0.0074,0.0508
CT010219,Zone_02,Zone_07,0.2841,0.076,0.0758,0.0731,0.133,0.0523,0.034,0.2841,0.2037,0.0148,0.0533
CT008367,Zone_03,Zone_08,0.3,0.0568,0.1003,0.0631,0.1388,0.0316,0.0516,0.2016,0.3,0.003,0.0532
CT002862,Zone_07,Zone_07,0.3141,0.0529,0.0766,0.0747,0.1453,0.0366,0.0588,0.3141,0.1721,0.0106,0.0585
CT000102,Zone_07,Zone_07,0.372,0.071,0.0622,0.102,0.1884,0.0181,0.0159,0.372,0.1214,0.0036,0.0454
CT005383,Zone_07,Zone_07,0.2034,0.0818,0.0989,0.1353,0.1377,0.0515,0.0215,0.2034,0.2007,0.0093,0.06
CT012289,Zone_10,Zone_07,0.2765,0.0847,0.0654,0.0836,0.1403,0.0384,0.0386,0.2765,0.2031,0.0129,0.0566
CT007487,Zone_04,Zone_07,0.2933,0.0504,0.1012,0.0723,0.1393,0.0236,0.0343,0.2933,0.2206,0.0042,0.0608
CT014635,Zone_03,Zone_07,0.2756,0.0653,0.0584,0.0974,0.1316,0.0508,0.0588,0.2756,0.1886,0.0145,0.059
CT012661,Zone_10,Zone_08,0.2634,0.064,0.0633,0.1032,0.1306,0.0433,0.0255,0.2292,0.2634,0.0168,0.0607
CT016463,Zone_03,Zone_07,0.2731,0.0792,0.071,0.083,0.1317,0.041,0.0466,0.2731,0.2158,0.0101,0.0486
CT002361,Zone_07,Zone_08,0.2986,0.0702,0.0765,0.0892,0.1154,0.0278,0.0403,0.2234,0.2986,0.0063,0.0523
CT005168,Zone_07,Zone_07,0.2671,0.0608,0.1004,0.0952,0.1115,0.0359,0.0291,0.2671,0.2091,0.0158,0.0751
CT008420,Zone_03,Zone_07,0.2983,0.0477,0.0701,0.1214,0.1182,0.0385,0.0349,0.2983,0.2086,0.0074,0.055
CT013432,Zone_08,Zone_07,0.2679,0.0688,0.0617,0.0977,0.1314,0.0468,0.036,0.2679,0.2332,0.0074,0.049
CT009528,Zone_03,Zone_07,0.288,0.0747,0.0555,0.0835,0.1468,0.041,0.0269,0.288,0.2206,0.0111,0.0518
CT009646,Zone_08,Zone_07,0.2829,0.0931,0.1146,0.1036,0.1583,0.0371,0.0144,0.2829,0.1426,0.0074,0.046
CT007356,Zone_05,Zone_07,0.2887,0.0653,0.0987,0.0882,0.1095,0.0234,0.0415,0.2887,0.2167,0.0064,0.0616
CT007366,Zone_03,Zone_07,0.2655,0.0485,0.0943,0.1119,0.1083,0.0354,0.043,0.2655,0.2221,0.0093,0.0618
CT006483,Zone_07,Zone_07,0.317,0.0711,0.0642,0.0983,0.1359,0.0394,0.0344,0.317,0.1902,0.009,0.0405
CT005963,Zone_08,Zone_07,0.3896,0.0407,0.0381,0.0631,0.159,0.0306,0.0357,0.3896,0.1745,0.0068,0.0618
CT005657,Zone_06,Zone_07,0.2816,0.0655,0.0522,0.0982,0.1196,0.043,0.0385,0.2816,0.2288,0.0142,0.0585
CT001604,Zone_07,Zone_07,0.3198,0.0527,0.0661,0.0852,0.1301,0.0444,0.0599,0.3198,0.1705,0.0128,0.0585
CT001776,Zone_07,Zone_07,0.3028,0.0781,0.1084,0.1026,0.1277,0.0321,0.0272,0.3028,0.1773,0.0092,0.0347
CT002184,Zone_03,Zone_08,0.2489,0.05,0.0699,0.0938,0.1017,0.0501,0.0608,0.2422,0.2489,0.012,0.0706
CT010406,Zone_01,Zone_07,0.2545,0.0686,0.0876,0.0872,0.1202,0.0387,0.0511,0.2545,0.2195,0.0127,0.0599
CT004360,Zone_07,Zone_07,0.2799,0.0476,0.0829,0.1116,0.1243,0.0414,0.0592,0.2799,0.1943,0.0141,0.0447
CT019316,Zone_03,Zone_08,0.259,0.0562,0.086,0.112,0.1428,0.0261,0.0362,0.2219,0.259,0.017,0.0429
CT017514,Zone_04,Zone_07,0.2556,0.0555,0.0727,0.1042,0.1036,0.0396,0.0554,0.2556,0.2403,0.0106,0.0626
CT015877,Zone_06,Zone_07,0.2402,0.0834,0.075,0.088,0.1325,0.0452,0.0333,0.2402,0.2133,0.0147,0.0743
CT009447,Zone_07,Zone_08,0.2717,0.0628,0.0775,0.0818,0.1081,0.0316,0.0569,0.2323,0.2717,0.0111,0.0661
CT002853,Zone_07,Zone_07,0.262,0.0708,0.0827,0.0762,0.1132,0.0367,0.049,0.262,0.2413,0.0068,0.0612
CT003577,Zone_07,Zone_07,0.2699,0.0613,0.0697,0.0911,0.1201,0.0347,0.0425,0.2699,0.2394,0.0072,0.0641
CT007796,Zone_07,Zone_07,0.2694,0.0722,0.0722,0.0891,0.1304,0.0442,0.0556,0.2694,0.1988,0.0078,0.0603
CT007836,Zone_04,Zone_07,0.256,0.0571,0.0538,0.0859,0.1155,0.0404,0.0625,0.256,0.2478,0.0061,0.0748
CT014447,Zone_08,Zone_07,0.303,0.0602,0.0827,0.0897,0.1255,0.0333,0.0482,0.303,0.1817,0.014,0.0618
CT000714,Zone_06,Zone_07,0.2652,0.0449,0.0958,0.0861,0.1275,0.0309,0.0476,0.2652,0.2344,0.0058,0.0618
CT017037,Zone_10,Zone_07,0.3084,0.058,0.0974,0.0821,0.11,0.0318,0.0471,0.3084,0.1878,0.0092,0.0683
CT013630,Zone_08,Zone_08,0.2789,0.0784,0.0665,0.0717,0.1228,0.0443,0.0427,0.237,0.2789,0.0096,0.0481
CT010660,Zone_08,Zone_07,0.267,0.067,0.0829,0.0935,0.1087,0.0388,0.0527,0.267,0.2231,0.0126,0.0537
CT000052,Zone_02,Zone_08,0.2834,0.0617,0.1103,0.0765,0.103,0.042,0.0596,0.1918,0.2834,0.0083,0.0634
CT019391,Zone_04,Zone_07,0.2706,0.0584,0.0766,0.1141,0.1258,0.0236,0.0302,0.2706,0.2404,0.0101,0.0503
CT017627,Zone_08,Zone_08,0.3041,0.0611,0.052,0.0916,0.1192,0.0355,0.0469,0.2249,0.3041,0.0096,0.0549
CT001028,Zone_05,Zone_08,0.2643,0.0627,0.0794,0.0958,0.1211,0.0314,0.0504,0.2238,0.2643,0.0077,0.0635
CT010703,Zone_03,Zone_07,0.2816,0.0711,0.0925,0.0931,0.1341,0.0404,0.0399,0.2816,0.1869,0.0147,0.0456
CT003315,Zone_04,Zone_07,0.2739,0.0574,0.0859,0.087,0.136,0.0454,0.0483,0.2739,0.19,0.0092,0.0669
CT008272,Zone_03,Zone_07,0.2765,0.0495,0.0743,0.0926,0.124,0.0421,0.0412,0.2765,0.2118,0.0094,0.0785
CT019381,Zone_02,Zone_08,0.3015,0.0785,0.0587,0.084,0.1144,0.0402,0.0446,0.2152,0.3015,0.0149,0.048
CT006600,Zone_05,Zone_07,0.2539,0.0571,0.1054,0.0991,0.1102,0.0363,0.0422,0.2539,0.2215,0.0165,0.0578
CT006128,Zone_02,Zone_08,0.2375,0.071,0.0589,0.0909,0.1193,0.0546,0.0577,0.224,0.2375,0.0114,0.0746
CT009926,Zone_10,Zone_07,0.2615,0.0528,0.09,0.1229,0.1332,0.0356,0.0279,0.2615,0.2127,0.0107,0.0527
CT001353,Zone_04,Zone_08,0.2515,0.0723,0.0691,0.0909,0.1413,0.0408,0.0236,0.2325,0.2515,0.0174,0.0606
CT002561,Zone_08,Zone_08,0.3025,0.051,0.0824,0.0877,0.1535,0.0293,0.0366,0.211,0.3025,0.003,0.043
CT000322,Zone_08,Zone_07,0.3324,0.0525,0.0502,0.1132,0.1146,0.0421,0.0353,0.3324,0.202,0.0093,0.0484
CT011146,Zone_07,Zone_07,0.2954,0.0449,0.1055,0.0984,0.1172,0.034,0.0553,0.2954,0.1799,0.0123,0.057
CT005484,Zone_05,Zone_07,0.2557,0.0707,0.0848,0.0836,0.1111,0.0435,0.0541,0.2557,0.2227,0.0148,0.059
CT001103,Zone_07,Zone_07,0.2521,0.0719,0.0704,0.0945,0.1581,0.0381,0.0478,0.2521,0.1926,0.0149,0.0596
CT011025,Zone_04,Zone_07,0.2543,0.0744,0.09,0.078,0.1341,0.0432,0.048,0.2543,0.1995,0.0126,0.0659
CT011359,Zone_01,Zone_07,0.3188,0.0605,0.0968,0.0864,0.1123,0.0299,0.042,0.3188,0.1774,0.0076,0.0681
CT014082,Zone_03,Zone_07,0.3389,0.0742,0.0686,0.0896,0.1345,0.0377,0.0383,0.3389,0.1647,0.0079,0.0456
CT001252,Zone_03,Zone_08,0.2742,0.0649,0.0651,0.0905,0.1278,0.0283,0.0361,0.2526,0.2742,0.0087,0.0518
CT004098,Zone_08,Zone_07,0.3028,0.065,0.0438,0.086,0.128,0.0375,0.049,0.3028,0.2087,0.0181,0.0611
CT010098,Zone_10,Zone_07,0.3093,0.0568,0.0476,0.1025,0.1174,0.0419,0.0329,0.3093,0.2283,0.0096,0.0537
CT007311,Zone_05,Zone_08,0.2613,0.0778,0.0699,0.0867,0.1281,0.0483,0.0246,0.2399,0.2613,0.0086,0.0547
CT004684,Zone_08,Zone_08,0.2642,0.0523,0.088,0.0745,0.1468,0.036,0.05,0.2213,0.2642,0.0054,0.0617
CT013783,Zone_07,Zone_07,0.2588,0.0537,0.0857,0.1025,0.1207,0.0327,0.047,0.2588,0.2276,0.0176,0.0538
CT015509,Zone_03,Zone_07,0.3047,0.0491,0.0711,0.0715,0.1523,0.0284,0.0527,0.3047,0.2007,0.017,0.0525
CT014916,Zone_01,Zone_07,0.3133,0.0654,0.0801,0.0895,0.1405,0.0343,0.0346,0.3133,0.1743,0.0166,0.0513
CT006085,Zone_03,Zone_07,0.3193,0.0572,0.076,0.0646,0.1624,0.0519,0.0283,0.3193,0.1699,0.0065,0.0639
CT011541,Zone_07,Zone_07,0.2446,0.0663,0.0751,0.0988,0.1086,0.0413,0.0368,0.2446,0.2382,0.014,0.0763
CT014396,Zone_01,Zone_07,0.263,0.0551,0.0559,0.0906,0.1295,0.0337,0.0526,0.263,0.2569,0.0072,0.0555
CT004921,Zone_05,Zone_07,0.2548,0.0641,0.0935,0.086,0.1317,0.049,0.0378,0.2548,0.2126,0.0198,0.0506
CT012287,Zone_07,Zone_07,0.3113,0.0476,0.1138,0.1017,0.125,0.0341,0.0509,0.3113,0.1508,0.0054,0.0595
CT012410,Zone_07,Zone_07,0.2687,0.0635,0.0741,0.0686,0.138,0.0604,0.0343,0.2687,0.2017,0.0157,0.075
CT012359,Zone_06,Zone_07,0.2384,0.0724,0.0745,0.0789,0.1227,0.049,0.0473,0.2384,0.2275,0.0115,0.0778
CT006848,Zone_08,Zone_07,0.3742,0.055,0.0513,0.0963,0.1593,0.0207,0.0407,0.3742,0.1572,0.007,0.0383
CT015402,Zone_05,Zone_07,0.2879,0.0671,0.0629,0.0708,0.124,0.0455,0.0518,0.2879,0.2198,0.0101,0.0601
CT014963,Zone_02,Zone_07,0.3048,0.0651,0.0654,0.0895,0.1336,0.0438,0.0453,0.3048,0.1919,0.0111,0.0495
CT012127,Zone_04,Zone_07,0.2446,0.0665,0.0866,0.0974,0.1119,0.0419,0.0302,0.2446,0.2417,0.0085,0.0707
CT006397,Zone_07,Zone_07,0.2837,0.0773,0.1007,0.0879,0.1076,0.0393,0.0298,0.2837,0.2026,0.0133,0.0577
CT004945,Zone_07,Zone_07,0.2981,0.0677,0.0808,0.0809,0.1145,0.0389,0.0445,0.2981,0.2012,0.0098,0.0637
CT019370,Zone_07,Zone_08,0.2885,0.0677,0.0691,0.1067,0.1024,0.0304,0.0381,0.2388,0.2885,0.0047,0.0536
CT011784,Zone_08,Zone_07,0.2611,0.0531,0.0857,0.1129,0.1129,0.0364,0.0338,0.2611,0.2441,0.0094,0.0506
CT008605,Zone_08,Zone_07,0.2955,0.0594,0.0784,0.1011,0.1293,0.0418,0.0378,0.2955,0.1861,0.0127,0.0579
CT015199,Zone_03,Zone_07,0.3454,0.0482,0.0659,0.0831,0.1374,0.0226,0.0365,0.3454,0.2055,0.0086,0.0469
CT019332,Zone_07,Zone_07,0.3139,0.0685,0.1093,0.0758,0.1183,0.0331,0.0327,0.3139,0.1736,0.0101,0.0646
CT009119,Zone_08,Zone_07,0.2788,0.0578,0.0592,0.099,0.1326,0.0508,0.0494,0.2788,0.204,0.0142,0.0543
CT006581,Zone_07,Zone_07,0.2815,0.0475,0.0899,0.0721,0.1592,0.0311,0.0456,0.2815,0.2066,0.0131,0.0534
CT005589,Zone_08,Zone_07,0.2716,0.0788,0.055,0.1039,0.1354,0.0339,0.0293,0.2716,0.2282,0.0054,0.0584
CT006872,Zone_08,Zone_07,0.2431,0.0843,0.0737,0.0923,0.1415,0.0366,0.041,0.2431,0.2124,0.0073,0.0678
CT008563,Zone_07,Zone_08,0.2436,0.0602,0.0616,0.1246,0.1372,0.0386,0.0386,0.2151,0.2436,0.0133,0.0671
CT011130,Zone_07,Zone_07,0.2773,0.0755,0.0955,0.1308,0.1244,0.0328,0.0249,0.2773,0.1976,0.0048,0.0363
CT003852,Zone_04,Zone_08,0.2562,0.0589,0.0569,0.1162,0.1091,0.0269,0.0543,0.2549,0.2562,0.0086,0.058
CT007623,Zone_03,Zone_07,0.2306,0.0521,0.1041,0.0615,0.1604,0.0505,0.0533,0.2306,0.219,0.0065,0.0618
CT015828,Zone_07,Zone_07,0.3041,0.0748,0.0655,0.0834,0.1211,0.0475,0.0234,0.3041,0.2105,0.0093,0.0604
CT016460,Zone_04,Zone_07,0.2601,0.0597,0.0541,0.0898,0.132,0.0467,0.0407,0.2601,0.2569,0.0031,0.0568
CT009274,Zone_07,Zone_07,0.327,0.0505,0.0809,0.0713,0.1354,0.0343,0.0373,0.327,0.183,0.0083,0.072
CT008660,Zone_08,Zone_08,0.25,0.055,0.0758,0.1126,0.1164,0.0397,0.036,0.2389,0.25,0.0304,0.0452
CT005494,Zone_04,Zone_07,0.253,0.0812,0.0581,0.0954,0.1412,0.0413,0.035,0.253,0.2102,0.008,0.0767
CT011753,Zone_08,Zone_07,0.2513,0.0541,0.0902,0.0643,0.1336,0.0473,0.0567,0.2513,0.2198,0.0195,0.063
CT012187,Zone_02,Zone_07,0.3716,0.0452,0.041,0.0826,0.1329,0.0148,0.0515,0.3716,0.1941,0.0106,0.0557
CT014550,Zone_02,Zone_08,0.275,0.0537,0.0634,0.1069,0.1209,0.0408,0.051,0.2103,0.275,0.017,0.0611
CT018968,Zone_07,Zone_08,0.2962,0.0487,0.0582,0.073,0.1877,0.0298,0.0467,0.2013,0.2962,0.014,0.0445
CT014013,Zone_07,Zone_07,0.2592,0.0769,0.0629,0.0883,0.135,0.029,0.0432,0.2592,0.2445,0.0076,0.0534
CT014086,Zone_04,Zone_07,0.3383,0.0618,0.0712,0.0929,0.112,0.0318,0.0262,0.3383,0.1831,0.014,0.0686
CT018953,Zone_06,Zone_07,0.2773,0.0727,0.0895,0.0957,0.12,0.0238,0.0347,0.2773,0.2169,0.0085,0.0609
CT004587,Zone_07,Zone_07,0.2434,0.0706,0.0835,0.0916,0.1468,0.0488,0.0359,0.2434,0.1911,0.0057,0.0824
CT015242,Zone_07,Zone_07,0.2916,0.0664,0.0679,0.0782,0.1275,0.036,0.0358,0.2916,0.2036,0.0188,0.0742
CT007558,Zone_04,Zone_07,0.2949,0.0627,0.1018,0.0788,0.125,0.031,0.0441,0.2949,0.179,0.01,0.0729
CT018485,Zone_07,Zone_08,0.2474,0.074,0.06,0.1028,0.1169,0.0527,0.0535,0.2184,0.2474,0.0099,0.0645
CT019026,Zone_07,Zone_08,0.2466,0.05,0.0779,0.0676,0.1552,0.0415,0.0448,0.2448,0.2466,0.0066,0.0649
CT007057,Zone_07,Zone_07,0.2489,0.0654,0.0766,0.1106,0.139,0.0374,0.0334,0.2489,0.2155,0.0182,0.0551
CT000573,Zone_08,Zone_08,0.2489,0.0831,0.0754,0.085,0.1235,0.0338,0.0347,0.2389,0.2489,0.0078,0.069
CT004311,Zone_07,Zone_07,0.2472,0.0598,0.0695,0.0742,0.1686,0.0322,0.0555,0.2472,0.2452,0.0033,0.0443
CT010248,Zone_05,Zone_07,0.2819,0.0495,0.0749,0.1215,0.1303,0.0311,0.0393,0.2819,0.2222,0.0044,0.0451
CT008680,Zone_07,Zone_07,0.2806,0.0701,0.0542,0.0929,0.1396,0.0401,0.0284,0.2806,0.2298,0.0106,0.0537
CT014852,Zone_07,Zone_07,0.2897,0.056,0.0788,0.0953,0.1398,0.0326,0.0484,0.2897,0.1986,0.02,0.0408
CT009878,Zone_07,Zone_07,0.3131,0.0474,0.0994,0.08,0.1463,0.0223,0.0536,0.3131,0.177,0.0051,0.0558
CT017732,Zone_02,Zone_08,0.2614,0.0462,0.0821,0.0901,0.1516,0.0371,0.0594,0.2169,0.2614,0.0042,0.051
CT012447,Zone_07,Zone_08,0.2457,0.0538,0.0723,0.1239,0.1203,0.04,0.0501,0.2337,0.2457,0.0138,0.0463
CT018192,Zone_03,Zone_07,0.2541,0.0603,0.0568,0.1055,0.1163,0.0463,0.0485,0.2541,0.2508,0.0121,0.0493
CT014768,Zone_08,Zone_07,0.3229,0.053,0.0677,0.0947,0.1394,0.0195,0.0374,0.3229,0.2055,0.0101,0.0497
CT018980,Zone_08,Zone_08,0.2793,0.0479,0.0585,0.09,0.1629,0.0323,0.0236,0.2466,0.2793,0.007,0.0519
CT017075,Zone_08,Zone_07,0.2736,0.0726,0.0702,0.1017,0.1148,0.0327,0.0393,0.2736,0.2179,0.009,0.0683
CT010812,Zone_08,Zone_07,0.271,0.0722,0.0885,0.0943,0.1359,0.0375,0.0433,0.271,0.1946,0.0083,0.0544
CT013717,Zone_08,Zone_07,0.3199,0.0666,0.0795,0.0738,0.1719,0.0354,0.039,0.3199,0.1719,0.003,0.039
CT012100,Zone_08,Zone_08,0.2629,0.066,0.0688,0.0737,0.1532,0.038,0.041,0.2284,0.2629,0.0027,0.0653
CT002967,Zone_04,Zone_07,0.2634,0.0618,0.0857,0.1095,0.1117,0.0309,0.0409,0.2634,0.2252,0.0109,0.0599
CT008202,Zone_10,Zone_07,0.2714,0.0703,0.08,0.0992,0.1335,0.0362,0.0363,0.2714,0.2117,0.0112,0.0501
CT009506,Zone_08,Zone_07,0.2558,0.0526,0.0659,0.0913,0.1062,0.0496,0.0392,0.2558,0.2479,0.0107,0.0807
CT018480,Zone_03,Zone_07,0.3064,0.0628,0.0795,0.0772,0.1544,0.0263,0.03,0.3064,0.1964,0.0109,0.056
CT009950,Zone_07,Zone_07,0.334,0.0431,0.0762,0.1076,0.1643,0.0228,0.0387,0.334,0.1686,0.0111,0.0335
CT005137,Zone_02,Zone_07,0.2382,0.0425,0.1147,0.0938,0.1941,0.0343,0.0434,0.2382,0.1867,0.0072,0.045
CT002043,Zone_08,Zone_07,0.2583,0.0556,0.0676,0.087,0.1196,0.0648,0.0451,0.2583,0.2214,0.0134,0.067
CT006956,Zone_08,Zone_07,0.2546,0.0726,0.0838,0.0996,0.1101,0.0411,0.0348,0.2546,0.2256,0.008,0.0697
CT003442,Zone_01,Zone_07,0.2987,0.0623,0.0705,0.0723,0.1329,0.0425,0.0429,0.2987,0.1861,0.0197,0.0721
CT017824,Zone_07,Zone_07,0.3264,0.0545,0.0648,0.104,0.1148,0.0343,0.0368,0.3264,0.1866,0.0167,0.0611
CT013005,Zone_08,Zone_07,0.3061,0.0521,0.055,0.1034,0.1583,0.0226,0.0481,0.3061,0.1976,0.0094,0.0474
CT006435,Zone_07,Zone_07,0.3536,0.0536,0.048,0.0974,0.1419,0.0235,0.0266,0.3536,0.2075,0.0064,0.0415
CT014886,Zone_07,Zone_08,0.2898,0.0664,0.0657,0.0866,0.1145,0.0455,0.042,0.2155,0.2898,0.0185,0.0556
CT015690,Zone_10,Zone_07,0.2837,0.0677,0.0679,0.0699,0.1741,0.0437,0.0255,0.2837,0.2194,0.0044,0.0437
CT019298,Zone_07,Zone_07,0.3974,0.0456,0.0787,0.0938,0.1422,0.0203,0.022,0.3974,0.1481,0.0101,0.0418
CT001736,Zone_07,Zone_07,0.2311,0.0629,0.1002,0.0959,0.1074,0.0471,0.0485,0.2311,0.2271,0.0126,0.0674
CT015709,Zone_04,Zone_07,0.3066,0.0746,0.1185,0.1086,0.1337,0.0291,0.0205,0.3066,0.1623,0.011,0.0351
CT018558,Zone_01,Zone_08,0.3228,0.0657,0.0827,0.0919,0.096,0.046,0.0632,0.1703,0.3228,0.0093,0.0522
CT012394,Zone_02,Zone_07,0.2598,0.0518,0.0698,0.1131,0.1252,0.0385,0.0478,0.2598,0.2327,0.013,0.0484
CT014824,Zone_06,Zone_07,0.2909,0.0587,0.1265,0.1131,0.1201,0.0303,0.036,0.2909,0.1553,0.0104,0.0588
CT012795,Zone_01,Zone_08,0.3033,0.0727,0.0845,0.0838,0.0982,0.0399,0.0341,0.2153,0.3033,0.0132,0.0547
CT005809,Zone_02,Zone_08,0.2601,0.0822,0.0531,0.0885,0.1311,0.0336,0.0622,0.2152,0.2601,0.0083,0.0658
CT019615,Zone_04,Zone_07,0.2649,0.0513,0.0819,0.0761,0.1641,0.0288,0.04,0.2649,0.2344,0.005,0.0533
CT014388,Zone_08,Zone_07,0.2986,0.0676,0.0631,0.1016,0.1171,0.0369,0.0477,0.2986,0.1932,0.0109,0.0634
CT016434,Zone_06,Zone_07,0.2773,0.064,0.0876,0.1101,0.109,0.0306,0.0276,0.2773,0.2161,0.0103,0.0675
CT000327,Zone_07,Zone_07,0.2779,0.0639,0.1054,0.0753,0.1263,0.0522,0.034,0.2779,0.1752,0.022,0.0679
CT013675,Zone_07,Zone_07,0.3178,0.0597,0.0873,0.0845,0.1138,0.0395,0.0382,0.3178,0.1877,0.0137,0.0577
CT005286,Zone_03,Zone_08,0.2414,0.0624,0.0638,0.1124,0.1201,0.0352,0.0414,0.2378,0.2414,0.0118,0.0739
CT016966,Zone_07,Zone_07,0.2799,0.0821,0.0528,0.0927,0.153,0.0303,0.0424,0.2799,0.1949,0.0138,0.0582
CT008176,Zone_06,Zone_07,0.2797,0.0705,0.1088,0.0766,0.1255,0.0293,0.0446,0.2797,0.1885,0.0157,0.0608
CT008244,Zone_05,Zone_08,0.3046,0.0786,0.0752,0.0708,0.1203,0.0465,0.0415,0.2016,0.3046,0.0082,0.0527
CT002473,Zone_08,Zone_07,0.2832,0.0627,0.0753,0.0683,0.1271,0.0588,0.0357,0.2832,0.2054,0.0132,0.0703
CT001855,Zone_07,Zone_07,0.2909,0.0773,0.0518,0.0876,0.1368,0.0451,0.0452,0.2909,0.1934,0.0106,0.0614
CT005475,Zone_08,Zone_07,0.2786,0.0435,0.0768,0.0747,0.1455,0.0663,0.0504,0.2786,0.1889,0.0108,0.0646
CT015934,Zone_10,Zone_07,0.2643,0.0612,0.0878,0.1001,0.1314,0.0426,0.0417,0.2643,0.2072,0.0138,0.05
CT006628,Zone_08,Zone_07,0.2442,0.0575,0.0883,0.0908,0.1325,0.0361,0.049,0.2442,0.2212,0.0251,0.0552
CT012025,Zone_07,Zone_07,0.3105,0.0657,0.0648,0.0788,0.1428,0.0316,0.0324,0.3105,0.209,0.0164,0.0479
CT019266,Zone_06,Zone_07,0.2495,0.0447,0.0994,0.0898,0.1494,0.0355,0.0468,0.2495,0.2234,0.0064,0.0552
CT010615,Zone_07,Zone_08,0.2399,0.0777,0.0934,0.079,0.1315,0.0398,0.0476,0.2254,0.2399,0.0084,0.0572
CT009226,Zone_07,Zone_07,0.3416,0.0519,0.0487,0.0935,0.1391,0.0251,0.0298,0.3416,0.221,0.0074,0.0419
CT013100,Zone_05,Zone_08,0.2504,0.0655,0.0685,0.0937,0.1078,0.0467,0.053,0.2318,0.2504,0.0139,0.0688
CT008225,Zone_04,Zone_07,0.2927,0.0535,0.0906,0.079,0.1295,0.0462,0.0422,0.2927,0.1965,0.0164,0.0535
CT016089,Zone_07,Zone_07,0.3459,0.0528,0.0946,0.0897,0.1419,0.0473,0.0321,0.3459,0.132,0.009,0.0547
CT019846,Zone_04,Zone_07,0.2587,0.0649,0.0837,0.0831,0.113,0.0352,0.0547,0.2587,0.2296,0.0152,0.0619
CT000487,Zone_08,Zone_07,0.3102,0.032,0.0448,0.0884,0.1855,0.0158,0.0448,0.3102,0.2253,0.0149,0.0383
CT015888,Zone_03,Zone_07,0.2548,0.0704,0.0819,0.0814,0.1168,0.0377,0.0525,0.2548,0.2223,0.0185,0.0635
CT012030,Zone_07,Zone_07,0.2559,0.0659,0.0961,0.0926,0.1559,0.0346,0.0336,0.2559,0.1887,0.0142,0.0625
CT002869,Zone_10,Zone_07,0.2579,0.0572,0.0962,0.0761,0.1501,0.0301,0.0344,0.2579,0.2241,0.0066,0.0674
CT019107,Zone_07,Zone_07,0.2364,0.0549,0.0584,0.1188,0.1426,0.0405,0.0513,0.2364,0.222,0.0171,0.0581
CT012004,Zone_09,Zone_07,0.2856,0.0474,0.106,0.0713,0.1327,0.0401,0.0484,0.2856,0.1902,0.011,0.0674
CT001056,Zone_08,Zone_07,0.3234,0.0551,0.098,0.0884,0.1226,0.0318,0.0335,0.3234,0.1763,0.0076,0.0633
CT015614,Zone_02,Zone_07,0.2309,0.0921,0.0787,0.0779,0.1278,0.049,0.027,0.2309,0.225,0.0209,0.0708
CT011505,Zone_07,Zone_07,0.2643,0.0756,0.0634,0.0908,0.1391,0.0475,0.0358,0.2643,0.2262,0.0098,0.0475
CT019745,Zone_01,Zone_07,0.2518,0.0578,0.055,0.1053,0.1143,0.0497,0.0537,0.2518,0.2431,0.0097,0.0595
CT019455,Zone_08,Zone_08,0.2756,0.0652,0.0628,0.0908,0.1248,0.0349,0.049,0.2375,0.2756,0.0061,0.0533
CT005040,Zone_07,Zone_08,0.244,0.0814,0.0924,0.0864,0.1171,0.034,0.0457,0.2427,0.244,0.0081,0.0483
CT008970,Zone_07,Zone_07,0.2895,0.0756,0.0681,0.0744,0.1522,0.0405,0.0265,0.2895,0.1892,0.0153,0.0687
CT009631,Zone_07,Zone_07,0.2933,0.066,0.0694,0.0966,0.1299,0.0482,0.0391,0.2933,0.1935,0.0094,0.0546
CT013859,Zone_07,Zone_07,0.2471,0.0649,0.0824,0.0924,0.143,0.0386,0.0476,0.2471,0.2127,0.0149,0.0564
CT010244,Zone_04,Zone_07,0.2607,0.0733,0.1084,0.1152,0.1211,0.0344,0.0223,0.2607,0.2128,0.0159,0.0361
CT002195,Zone_07,Zone_07,0.3056,0.0729,0.0627,0.0907,0.1348,0.0284,0.0374,0.3056,0.2066,0.0134,0.0475
CT014923,Zone_05,Zone_07,0.242,0.0683,0.0537,0.0979,0.1261,0.046,0.0521,0.242,0.2284,0.0131,0.0723
CT013754,Zone_03,Zone_07,0.2897,0.0606,0.0773,0.0662,0.1621,0.0371,0.0404,0.2897,0.1864,0.0116,0.0685
CT009731,Zone_04,Zone_07,0.252,0.0537,0.0791,0.1325,0.1151,0.0334,0.0281,0.252,0.2368,0.0132,0.0562
CT011796,Zone_08,Zone_07,0.3044,0.0507,0.086,0.0756,0.1458,0.0373,0.0344,0.3044,0.1972,0.0129,0.0557
CT008277,Zone_08,Zone_07,0.2663,0.0524,0.1035,0.064,0.1532,0.0264,0.0357,0.2663,0.2241,0.0061,0.0683
CT011177,Zone_08,Zone_07,0.298,0.0639,0.0956,0.0779,0.1216,0.0567,0.0276,0.298,0.1785,0.0117,0.0685
CT018164,Zone_07,Zone_08,0.2608,0.0671,0.086,0.0857,0.1081,0.0487,0.0695,0.2164,0.2608,0.0063,0.0514
CT015404,Zone_08,Zone_07,0.2926,0.0473,0.1044,0.1112,0.1417,0.0309,0.0442,0.2926,0.167,0.0209,0.0397
CT011406,Zone_08,Zone_07,0.2794,0.0762,0.0849,0.0706,0.1261,0.0574,0.0345,0.2794,0.1936,0.0119,0.0654
CT005337,Zone_08,Zone_07,0.2811,0.0602,0.1063,0.0708,0.106,0.0306,0.0584,0.2811,0.2097,0.0136,0.0634
CT013059,Zone_08,Zone_07,0.2498,0.0771,0.0863,0.0759,0.1299,0.041,0.0385,0.2498,0.2086,0.0211,0.0719
CT019856,Zone_01,Zone_07,0.2341,0.0849,0.0881,0.1323,0.1392,0.0393,0.0262,0.2341,0.1912,0.0098,0.0549
CT015549,Zone_07,Zone_08,0.1978,0.0779,0.1044,0.1468,0.1742,0.0438,0.0204,0.177,0.1978,0.0087,0.0489
CT018322,Zone_08,Zone_08,0.2877,0.0785,0.0727,0.0846,0.1224,0.0407,0.0361,0.2217,0.2877,0.0062,0.0494
CT015866,Zone_03,Zone_07,0.308,0.0674,0.0766,0.0903,0.1141,0.0365,0.0423,0.308,0.1976,0.0112,0.0563
CT004840,Zone_03,Zone_07,0.2381,0.0667,0.0855,0.0833,0.1329,0.0458,0.0472,0.2381,0.2149,0.011,0.0745
CT019831,Zone_08,Zone_08,0.2582,0.0815,0.103,0.067,0.1157,0.0399,0.045,0.2271,0.2582,0.0104,0.0521
CT000584,Zone_05,Zone_07,0.2708,0.0638,0.0765,0.1025,0.1036,0.0403,0.0498,0.2708,0.2259,0.0128,0.054
CT002715,Zone_07,Zone_07,0.2344,0.0575,0.0576,0.1467,0.1251,0.0386,0.0389,0.2344,0.2274,0.0117,0.0619
CT008232,Zone_01,Zone_07,0.2909,0.0471,0.0643,0.1006,0.153,0.0275,0.0471,0.2909,0.2188,0.0098,0.041
CT013894,Zone_08,Zone_07,0.3016,0.0494,0.0643,0.0931,0.1711,0.0324,0.0302,0.3016,0.1937,0.009,0.0553
CT017287,Zone_07,Zone_07,0.3312,0.06,0.0826,0.0979,0.1089,0.0341,0.0313,0.3312,0.1753,0.0093,0.0692
CT014399,Zone_01,Zone_08,0.3508,0.0526,0.0689,0.0652,0.1488,0.0348,0.0473,0.1867,0.3508,0.0028,0.042
CT000737,Zone_01,Zone_08,0.264,0.0533,0.0699,0.0769,0.1507,0.0374,0.0461,0.2465,0.264,0.0034,0.0518
CT002456,Zone_07,Zone_07,0.3276,0.0553,0.0688,0.1031,0.1107,0.0388,0.0386,0.3276,0.1873,0.0136,0.0562
CT007087,Zone_07,Zone_07,0.2915,0.0461,0.0752,0.0907,0.1461,0.0396,0.0452,0.2915,0.2111,0.0065,0.048
CT018088,Zone_07,Zone_07,0.2645,0.0534,0.0715,0.104,0.1168,0.0452,0.0506,0.2645,0.2275,0.0129,0.0536
CT018167,Zone_10,Zone_08,0.2624,0.0578,0.0703,0.1227,0.1257,0.0322,0.0467,0.225,0.2624,0.01,0.0471
CT000427,Zone_04,Zone_08,0.2592,0.0773,0.0579,0.1145,0.1085,0.0367,0.0291,0.2425,0.2592,0.0102,0.0641
CT008322,Zone_08,Zone_07,0.2798,0.0662,0.0816,0.0682,0.129,0.0546,0.0475,0.2798,0.192,0.0082,0.0728
CT010503,Zone_01,Zone_07,0.2563,0.0499,0.0853,0.0903,0.1653,0.0283,0.0272,0.2563,0.233,0.006,0.0583
CT015277,Zone_01,Zone_07,0.2364,0.0601,0.0609,0.1103,0.1319,0.0409,0.0585,0.2364,0.2234,0.0237,0.054
CT011340,Zone_01,Zone_08,0.28,0.0674,0.0656,0.0947,0.1209,0.0447,0.0328,0.234,0.28,0.0076,0.0522
CT018592,Zone_04,Zone_07,0.2693,0.0517,0.0855,0.1388,0.1085,0.05,0.0417,0.2693,0.2088,0.0073,0.0385
CT012430,Zone_08,Zone_07,0.2914,0.0505,0.0665,0.0804,0.1664,0.0318,0.0366,0.2914,0.2103,0.0118,0.0544
CT006697,Zone_04,Zone_08,0.265,0.0587,0.0602,0.0884,0.1138,0.0546,0.0577,0.2313,0.265,0.0137,0.0565
CT008012,Zone_08,Zone_08,0.2538,0.062,0.0731,0.0986,0.1077,0.0423,0.0314,0.2463,0.2538,0.0096,0.0752
CT018561,Zone_08,Zone_07,0.3145,0.0574,0.0742,0.0787,0.1526,0.0361,0.0294,0.3145,0.1816,0.0084,0.0671
CT002003,Zone_10,Zone_07,0.3314,0.0653,0.0916,0.0837,0.1225,0.0376,0.0289,0.3314,0.1563,0.014,0.0686
CT017050,Zone_02,Zone_08,0.2408,0.0613,0.0836,0.0884,0.1205,0.0409,0.0556,0.2314,0.2408,0.0147,0.0628
CT004540,Zone_05,Zone_08,0.2604,0.0512,0.0794,0.0621,0.1568,0.0329,0.0461,0.2432,0.2604,0.0058,0.0622
CT002668,Zone_02,Zone_07,0.2535,0.0624,0.0862,0.0802,0.1225,0.041,0.0284,0.2535,0.2423,0.0275,0.0561
CT001412,Zone_10,Zone_08,0.2476,0.0744,0.095,0.0858,0.1194,0.0433,0.0308,0.2177,0.2476,0.0192,0.0669
CT002754,Zone_03,Zone_07,0.2853,0.0762,0.0633,0.078,0.1347,0.0475,0.029,0.2853,0.2248,0.0112,0.0499
CT000839,Zone_08,Zone_07,0.296,0.0486,0.0572,0.0991,0.1645,0.0347,0.0451,0.296,0.1941,0.01,0.0507
CT002311,Zone_09,Zone_07,0.2825,0.0568,0.1074,0.0652,0.1512,0.0313,0.0324,0.2825,0.2023,0.0088,0.0621
CT007775,Zone_08,Zone_07,0.2991,0.062,0.0729,0.0902,0.1093,0.0339,0.048,0.2991,0.2154,0.0076,0.0618
CT017053,Zone_07,Zone_07,0.2977,0.0761,0.0891,0.0941,0.1239,0.03,0.0326,0.2977,0.186,0.0078,0.0629
CT008233,Zone_06,Zone_07,0.2792,0.0542,0.0661,0.1211,0.1365,0.0441,0.0347,0.2792,0.212,0.0109,0.0411
CT011366,Zone_06,Zone_07,0.3308,0.0412,0.0924,0.0847,0.1204,0.0431,0.0501,0.3308,0.1702,0.0083,0.0589
CT010243,Zone_04,Zone_07,0.3199,0.0678,0.0595,0.0776,0.1362,0.0392,0.0323,0.3199,0.2011,0.013,0.0535
CT017671,Zone_08,Zone_07,0.3032,0.0492,0.0742,0.1092,0.1312,0.0392,0.0374,0.3032,0.2029,0.0091,0.0444
CT003248,Zone_07,Zone_07,0.3183,0.068,0.09,0.0884,0.1253,0.0384,0.0361,0.3183,0.1674,0.0113,0.0568
CT007111,Zone_10,Zone_07,0.3021,0.0598,0.1026,0.0887,0.1111,0.0484,0.0482,0.3021,0.1668,0.015,0.0572
CT016547,Zone_04,Zone_07,0.2501,0.0645,0.0715,0.0914,0.1295,0.0478,0.0311,0.2501,0.2235,0.0136,0.0772
CT009284,Zone_01,Zone_07,0.2423,0.0476,0.1093,0.0878,0.1703,0.0288,0.0438,0.2423,0.2116,0.0051,0.0534
CT003263,Zone_02,Zone_07,0.2955,0.0587,0.0699,0.0699,0.1163,0.0554,0.0489,0.2955,0.2022,0.011,0.0722
CT012936,Zone_04,Zone_07,0.3381,0.0522,0.0516,0.1086,0.1306,0.0221,0.0405,0.3381,0.1946,0.0097,0.0521
CT004961,Zone_03,Zone_07,0.3136,0.0554,0.0902,0.0966,0.1143,0.0301,0.0549,0.3136,0.1673,0.0161,0.0615
CT008511,Zone_04,Zone_07,0.2745,0.0666,0.1073,0.0893,0.1204,0.0374,0.0311,0.2745,0.2048,0.0085,0.0602
CT012653,Zone_03,Zone_07,0.2504,0.0698,0.0678,0.0879,0.1313,0.0392,0.0494,0.2504,0.231,0.017,0.0562
CT013904,Zone_07,Zone_07,0.2607,0.0877,0.0659,0.0895,0.1245,0.0411,0.0404,0.2607,0.2219,0.0067,0.0616
CT004273,Zone_07,Zone_07,0.267,0.0711,0.0833,0.0713,0.1251,0.0532,0.0483,0.267,0.2072,0.0131,0.0606
CT008118,Zone_04,Zone_08,0.2957,0.0495,0.0618,0.0681,0.1515,0.0435,0.0436,0.2222,0.2957,0.0053,0.0588
CT008796,Zone_07,Zone_07,0.2335,0.055,0.072,0.1197,0.1238,0.0442,0.0554,0.2335,0.2266,0.0134,0.0564
CT019703,Zone_08,Zone_07,0.2725,0.0579,0.0744,0.1017,0.1362,0.0361,0.0461,0.2725,0.2086,0.0109,0.0556
CT005835,Zone_07,Zone_08,0.2721,0.0572,0.0806,0.0919,0.1029,0.0463,0.0445,0.2197,0.2721,0.0105,0.0742
CT014369,Zone_10,Zone_08,0.2468,0.0553,0.0878,0.0736,0.1616,0.03,0.0472,0.2252,0.2468,0.0065,0.066
CT003366,Zone_04,Zone_07,0.2577,0.0832,0.0856,0.1212,0.1167,0.0338,0.0256,0.2577,0.2071,0.01,0.0589
CT010839,Zone_03,Zone_07,0.3173,0.0541,0.0787,0.1104,0.1154,0.0363,0.0387,0.3173,0.1677,0.0205,0.0609
CT017418,Zone_07,Zone_07,0.2456,0.0668,0.1018,0.0954,0.1308,0.0396,0.0516,0.2456,0.2152,0.0045,0.049
CT018039,Zone_07,Zone_07,0.2918,0.0657,0.0639,0.0768,0.13,0.05,0.0507,0.2918,0.1917,0.0127,0.0667
CT007267,Zone_04,Zone_08,0.2459,0.0808,0.0999,0.0638,0.1205,0.0485,0.0424,0.2271,0.2459,0.0096,0.0615
CT010795,Zone_03,Zone_07,0.3276,0.0605,0.0938,0.0733,0.1252,0.0382,0.0378,0.3276,0.1649,0.007,0.0716
CT002191,Zone_03,Zone_07,0.2496,0.0518,0.1007,0.0702,0.1441,0.0296,0.0398,0.2496,0.2403,0.006,0.0679
CT015316,Zone_07,Zone_07,0.2619,0.053,0.0931,0.0938,0.1308,0.0451,0.052,0.2619,0.1866,0.0142,0.0695
CT004035,Zone_03,Zone_07,0.3065,0.0739,0.0951,0.0845,0.1203,0.0268,0.0301,0.3065,0.1915,0.0126,0.0587
CT008400,Zone_07,Zone_08,0.2944,0.0623,0.0555,0.1041,0.1254,0.0329,0.0418,0.2292,0.2944,0.0052,0.0492
CT015297,Zone_03,Zone_08,0.2985,0.075,0.091,0.0793,0.111,0.0355,0.0343,0.2077,0.2985,0.0145,0.0532
CT016871,Zone_10,Zone_08,0.2667,0.0645,0.0528,0.1069,0.117,0.0486,0.0455,0.2221,0.2667,0.0113,0.0646
CT012611,Zone_07,Zone_08,0.2565,0.0703,0.06,0.1177,0.122,0.0407,0.0267,0.2512,0.2565,0.0063,0.0487
CT018414,Zone_02,Zone_07,0.2471,0.0409,0.0892,0.0909,0.1539,0.0359,0.0409,0.2471,0.2332,0.0074,0.0606
CT017258,Zone_04,Zone_07,0.2832,0.0495,0.0966,0.0942,0.1146,0.0425,0.0408,0.2832,0.2016,0.0096,0.0673
CT014932,Zone_01,Zone_07,0.2729,0.0618,0.0713,0.1086,0.1009,0.0286,0.0349,0.2729,0.2332,0.0277,0.0601
CT015310,Zone_04,Zone_08,0.2588,0.0738,0.0685,0.0901,0.1343,0.0352,0.0195,0.2436,0.2588,0.0238,0.0524
CT014226,Zone_10,Zone_07,0.2684,0.0762,0.0668,0.0868,0.1463,0.0465,0.0411,0.2684,0.2018,0.0096,0.0565
CT010508,Zone_03,Zone_07,0.2686,0.0814,0.0695,0.0736,0.1388,0.0521,0.0431,0.2686,0.2035,0.0109,0.0585
CT006627,Zone_08,Zone_08,0.222,0.0557,0.0968,0.0908,0.1285,0.0388,0.0706,0.2208,0.222,0.0199,0.0562
CT002688,Zone_08,Zone_07,0.3342,0.0611,0.0695,0.0668,0.1652,0.0346,0.0301,0.3342,0.1763,0.0084,0.0537
CT009669,Zone_06,Zone_08,0.3162,0.048,0.0861,0.0874,0.1471,0.0319,0.0493,0.19,0.3162,0.0037,0.0404
CT012969,Zone_02,Zone_07,0.244,0.0616,0.0924,0.0852,0.1195,0.0341,0.0537,0.244,0.2318,0.0268,0.0507
CT018299,Zone_07,Zone_08,0.2549,0.0602,0.0991,0.1006,0.1092,0.029,0.0378,0.2385,0.2549,0.0218,0.0488
CT011243,Zone_07,Zone_07,0.2814,0.075,0.0745,0.0813,0.1327,0.0374,0.0376,0.2814,0.2085,0.0163,0.0552
CT009304,Zone_07,Zone_08,0.2643,0.0538,0.0657,0.106,0.1195,0.0558,0.054,0.2171,0.2643,0.016,0.0478
CT007916,Zone_10,Zone_08,0.2589,0.0627,0.0855,0.1015,0.1133,0.042,0.0429,0.2219,0.2589,0.0159,0.0553
CT019588,Zone_04,Zone_07,0.2397,0.0543,0.0959,0.0823,0.1141,0.0699,0.0415,0.2397,0.2159,0.016,0.0704
CT004764,Zone_07,Zone_07,0.3036,0.0487,0.0732,0.1115,0.1027,0.0396,0.0514,0.3036,0.2042,0.0102,0.0547
CT011164,Zone_10,Zone_07,0.2426,0.0662,0.0853,0.1,0.1404,0.0363,0.0494,0.2426,0.2144,0.011,0.0544
CT000371,Zone_07,Zone_08,0.2444,0.0815,0.0626,0.0976,0.1498,0.0385,0.0245,0.2301,0.2444,0.0106,0.0605
CT009564,Zone_07,Zone_07,0.2859,0.0613,0.0704,0.0936,0.1064,0.0459,0.0399,0.2859,0.2209,0.0113,0.0645
CT015301,Zone_03,Zone_07,0.271,0.0746,0.0927,0.0882,0.1172,0.0428,0.0295,0.271,0.2014,0.0196,0.063
CT003417,Zone_07,Zone_08,0.2617,0.075,0.0767,0.0733,0.125,0.0336,0.0655,0.2193,0.2617,0.0164,0.0535
CT002819,Zone_08,Zone_08,0.291,0.0403,0.0729,0.1031,0.1456,0.0382,0.0487,0.2051,0.291,0.0064,0.0489
CT017991,Zone_02,Zone_07,0.3473,0.0551,0.0661,0.0821,0.164,0.0349,0.0364,0.3473,0.157,0.009,0.0481
CT018277,Zone_04,Zone_07,0.3052,0.0686,0.1031,0.0916,0.1402,0.0347,0.0342,0.3052,0.1441,0.013,0.0653
CT008207,Zone_05,Zone_07,0.2614,0.0638,0.0833,0.0626,0.1643,0.0453,0.0497,0.2614,0.2185,0.0063,0.045
CT002328,Zone_01,Zone_07,0.3506,0.0636,0.0962,0.0871,0.1173,0.0305,0.0286,0.3506,0.156,0.0132,0.0569
CT017127,Zone_04,Zone_07,0.2511,0.0668,0.0842,0.1027,0.1295,0.0383,0.048,0.2511,0.2201,0.0141,0.0454
CT005729,Zone_06,Zone_08,0.2472,0.065,0.0978,0.0874,0.1042,0.0397,0.0415,0.2258,0.2472,0.0253,0.066
CT006738,Zone_08,Zone_07,0.276,0.0488,0.1009,0.1202,0.1228,0.0362,0.0294,0.276,0.2,0.0139,0.0518
CT007313,Zone_08,Zone_07,0.3074,0.0557,0.0787,0.0873,0.104,0.0433,0.059,0.3074,0.1909,0.0116,0.0622
CT003514,Zone_10,Zone_07,0.2917,0.0631,0.0807,0.0776,0.1226,0.0577,0.0377,0.2917,0.1924,0.0127,0.0637
CT003779,Zone_07,Zone_07,0.248,0.0668,0.0652,0.0884,0.1453,0.0486,0.0439,0.248,0.2226,0.0091,0.0621
CT010705,Zone_01,Zone_07,0.2578,0.0632,0.0578,0.1069,0.1277,0.0405,0.0554,0.2578,0.2311,0.0176,0.042
CT016455,Zone_03,Zone_07,0.3235,0.0435,0.0652,0.1083,0.1095,0.029,0.053,0.3235,0.1957,0.0118,0.0605
CT012672,Zone_06,Zone_07,0.3292,0.0525,0.0877,0.1043,0.1158,0.0358,0.0328,0.3292,0.1777,0.0127,0.0515
CT000627,Zone_07,Zone_07,0.3184,0.0779,0.1114,0.1064,0.1288,0.0373,0.0256,0.3184,0.1528,0.0077,0.0337
CT003870,Zone_08,Zone_08,0.2578,0.0502,0.0558,0.1159,0.1162,0.0442,0.0553,0.2121,0.2578,0.0101,0.0825
CT011939,Zone_04,Zone_07,0.3052,0.0368,0.083,0.0966,0.1426,0.0207,0.0439,0.3052,0.2099,0.0084,0.053
CT016853,Zone_02,Zone_07,0.2656,0.083,0.0598,0.0913,0.1254,0.0366,0.0381,0.2656,0.2323,0.015,0.0529
CT017578,Zone_02,Zone_08,0.2734,0.0477,0.0626,0.0987,0.1639,0.0366,0.032,0.2256,0.2734,0.007,0.0526
CT012818,Zone_07,Zone_07,0.2733,0.0714,0.0724,0.0915,0.148,0.0396,0.0522,0.2733,0.1776,0.0183,0.0556
CT012290,Zone_04,Zone_07,0.3145,0.0589,0.0616,0.067,0.1617,0.038,0.0388,0.3145,0.1953,0.0062,0.0578
CT001289,Zone_08,Zone_07,0.2596,0.0691,0.054,0.0823,0.136,0.0482,0.0322,0.2596,0.245,0.0147,0.0589
CT018636,Zone_07,Zone_07,0.2758,0.0505,0.0794,0.0855,0.122,0.0373,0.0629,0.2758,0.2014,0.014,0.0713
CT018644,Zone_04,Zone_07,0.3277,0.0679,0.059,0.09,0.1355,0.0439,0.0337,0.3277,0.177,0.0107,0.0545
CT002098,Zone_08,Zone_07,0.3508,0.0473,0.0616,0.091,0.1618,0.023,0.0285,0.3508,0.1871,0.0093,0.0396
CT010167,Zone_06,Zone_07,0.3169,0.0696,0.0761,0.1006,0.1198,0.0334,0.0544,0.3169,0.1635,0.0121,0.0538
CT015097,Zone_08,Zone_08,0.2629,0.0662,0.0846,0.0823,0.1076,0.0329,0.0564,0.24,0.2629,0.0078,0.0592
CT019367,Zone_04,Zone_07,0.2584,0.0647,0.0938,0.0886,0.1198,0.0369,0.0395,0.2584,0.2199,0.024,0.0543
CT006704,Zone_03,Zone_07,0.2357,0.057,0.0741,0.0954,0.1429,0.0428,0.0485,0.2357,0.2293,0.0182,0.0559
CT018113,Zone_08,Zone_07,0.3368,0.0693,0.0888,0.0851,0.1202,0.0293,0.0246,0.3368,0.1713,0.0119,0.0627
CT007587,Zone_03,Zone_07,0.3107,0.0694,0.1017,0.0818,0.1175,0.0412,0.0385,0.3107,0.1675,0.0164,0.0552
CT015729,Zone_06,Zone_07,0.2767,0.0737,0.0731,0.0831,0.1321,0.0283,0.0376,0.2767,0.2185,0.022,0.055
CT006123,Zone_08,Zone_07,0.3121,0.0482,0.0585,0.0752,0.1561,0.0386,0.0349,0.3121,0.2158,0.0121,0.0485
CT008104,Zone_08,Zone_07,0.322,0.0613,0.0933,0.0773,0.1253,0.0404,0.0368,0.322,0.1704,0.0094,0.0638
CT011614,Zone_07,Zone_07,0.3305,0.067,0.0821,0.0737,0.1336,0.0376,0.0293,0.3305,0.168,0.0124,0.0658
CT012529,Zone_08,Zone_07,0.2681,0.0604,0.0773,0.0995,0.1004,0.0412,0.0516,0.2681,0.2333,0.0118,0.0564
CT005793,Zone_03,Zone_07,0.2703,0.0686,0.0482,0.1107,0.1302,0.0266,0.0321,0.2703,0.251,0.0112,0.0511
CT010160,Zone_07,Zone_07,0.3701,0.0483,0.0861,0.1013,0.0973,0.0273,0.0432,0.3701,0.1617,0.0087,0.0561
CT012390,Zone_07,Zone_07,0.2739,0.0515,0.0886,0.1178,0.1115,0.0399,0.0522,0.2739,0.1981,0.0157,0.0507
CT006317,Zone_08,Zone_08,0.3243,0.078,0.068,0.0963,0.1155,0.039,0.0295,0.2027,0.3243,0.0105,0.0363
CT004354,Zone_02,Zone_08,0.2612,0.06,0.0736,0.0905,0.1077,0.0273,0.0572,0.2488,0.2612,0.0086,0.0652
CT018924,Zone_01,Zone_07,0.2711,0.0596,0.0991,0.0766,0.1051,0.0243,0.0553,0.2711,0.2365,0.0081,0.0642
CT001710,Zone_04,Zone_08,0.2495,0.0703,0.0901,0.0908,0.1011,0.0423,0.0397,0.2394,0.2495,0.0148,0.062
CT009989,Zone_04,Zone_07,0.3482,0.0349,0.0682,0.1096,0.1245,0.0196,0.0325,0.3482,0.2059,0.0071,0.0494
CT012517,Zone_07,Zone_07,0.3255,0.0556,0.0577,0.082,0.147,0.0422,0.0388,0.3255,0.1979,0.0053,0.048
CT013695,Zone_01,Zone_07,0.2406,0.0759,0.0812,0.0846,0.1398,0.0416,0.041,0.2406,0.2248,0.0123,0.0583
CT004105,Zone_06,Zone_08,0.2666,0.057,0.0763,0.1137,0.0957,0.0386,0.0411,0.236,0.2666,0.0122,0.0628
CT001482,Zone_02,Zone_08,0.268,0.0581,0.1013,0.09,0.1072,0.0307,0.0431,0.2256,0.268,0.0272,0.0488
CT017599,Zone_03,Zone_07,0.2924,0.0735,0.0494,0.075,0.1524,0.033,0.046,0.2924,0.197,0.0191,0.0621
CT014961,Zone_04,Zone_07,0.2811,0.0637,0.0814,0.0751,0.1101,0.0423,0.0521,0.2811,0.2179,0.0124,0.0638
CT000886,Zone_05,Zone_07,0.2888,0.0679,0.088,0.0893,0.145,0.0399,0.0348,0.2888,0.1751,0.0128,0.0584
CT003517,Zone_07,Zone_07,0.3422,0.0667,0.0796,0.0826,0.12,0.0276,0.0261,0.3422,0.178,0.0127,0.0647
CT007880,Zone_10,Zone_07,0.3235,0.054,0.117,0.0875,0.1271,0.0328,0.0397,0.3235,0.1528,0.0187,0.0469
CT002883,Zone_07,Zone_07,0.2472,0.0802,0.0664,0.076,0.1416,0.0427,0.0419,0.2472,0.2442,0.0087,0.0512
CT013795,Zone_04,Zone_07,0.3663,0.0629,0.1079,0.088,0.1227,0.0265,0.0318,0.3663,0.1307,0.0065,0.0568
CT005089,Zone_10,Zone_07,0.2702,0.0527,0.0903,0.1109,0.1575,0.0366,0.0349,0.2702,0.1834,0.0142,0.0492
CT015738,Zone_10,Zone_07,0.3144,0.0635,0.0997,0.0907,0.1444,0.0272,0.0273,0.3144,0.1684,0.0118,0.0526
CT006985,Zone_04,Zone_07,0.3053,0.0539,0.0739,0.084,0.1439,0.0391,0.0411,0.3053,0.1928,0.0073,0.0585
CT010528,Zone_08,Zone_07,0.3151,0.0521,0.0559,0.0922,0.1202,0.0506,0.0529,0.3151,0.1822,0.0154,0.0634
CT001193,Zone_07,Zone_07,0.3205,0.0636,0.0964,0.0771,0.1155,0.031,0.0355,0.3205,0.1846,0.0106,0.0652
CT008655,Zone_04,Zone_08,0.2648,0.0631,0.0633,0.1092,0.1177,0.0445,0.0291,0.2337,0.2648,0.0239,0.0506
CT007655,Zone_01,Zone_07,0.251,0.0616,0.0939,0.0759,0.1513,0.0319,0.0422,0.251,0.2295,0.0039,0.0588
CT003460,Zone_07,Zone_08,0.2613,0.0443,0.0914,0.0758,0.1143,0.0456,0.071,0.2354,0.2613,0.0056,0.0552
CT012214,Zone_07,Zone_07,0.3129,0.0747,0.0951,0.0782,0.1401,0.0385,0.0332,0.3129,0.1559,0.022,0.0495
CT007427,Zone_09,Zone_08,0.3079,0.0723,0.0685,0.0811,0.1331,0.0412,0.0443,0.2019,0.3079,0.0096,0.0401
CT005887,Zone_04,Zone_07,0.3034,0.0671,0.0758,0.0949,0.1226,0.0335,0.0404,0.3034,0.1877,0.0075,0.0671
CT012514,Zone_08,Zone_07,0.2843,0.0584,0.0517,0.0996,0.1418,0.0251,0.042,0.2843,0.2359,0.0088,0.0523
CT019565,Zone_03,Zone_07,0.256,0.0754,0.079,0.0811,0.1531,0.0484,0.0333,0.256,0.2036,0.0148,0.0552
CT008165,Zone_05,Zone_08,0.2428,0.068,0.0762,0.1057,0.132,0.0316,0.0349,0.2419,0.2428,0.0101,0.0569
CT009647,Zone_08,Zone_08,0.2539,0.0574,0.0732,0.1208,0.1026,0.04,0.0368,0.2415,0.2539,0.0083,0.0655
CT000822,Zone_08,Zone_07,0.2874,0.0597,0.1003,0.0648,0.1154,0.0435,0.0482,0.2874,0.2014,0.0144,0.065
CT019069,Zone_07,Zone_08,0.4068,0.0541,0.0571,0.0935,0.0919,0.0328,0.0686,0.1106,0.4068,0.0002,0.0844
CT005639,Zone_02,Zone_07,0.3337,0.0685,0.0817,0.0951,0.1357,0.0311,0.0372,0.3337,0.1559,0.0083,0.0526
CT014822,Zone_08,Zone_07,0.2974,0.0674,0.0953,0.095,0.1008,0.0296,0.0254,0.2974,0.2112,0.0145,0.0634
CT003142,Zone_01,Zone_07,0.2425,0.064,0.0811,0.103,0.1309,0.041,0.029,0.2425,0.2379,0.0156,0.0551
CT019976,Zone_05,Zone_07,0.303,0.0707,0.0752,0.101,0.1114,0.0343,0.0348,0.303,0.204,0.009,0.0566
CT019278,Zone_08,Zone_07,0.3031,0.0725,0.0745,0.099,0.1317,0.0259,0.0259,0.3031,0.2075,0.0061,0.054
CT002975,Zone_07,Zone_07,0.3269,0.0578,0.0598,0.0795,0.1515,0.0406,0.0382,0.3269,0.1926,0.005,0.048
CT018639,Zone_08,Zone_07,0.2705,0.0636,0.0804,0.0575,0.1713,0.04,0.0313,0.2705,0.2204,0.0066,0.0583
CT004502,Zone_08,Zone_08,0.2572,0.063,0.0723,0.106,0.1112,0.0326,0.0487,0.2427,0.2572,0.0096,0.0569
CT006537,Zone_03,Zone_07,0.313,0.0455,0.0544,0.074,0.148,0.0466,0.0488,0.313,0.1982,0.0087,0.0628
CT014690,Zone_07,Zone_07,0.3056,0.0741,0.106,0.0803,0.1159,0.036,0.0187,0.3056,0.1781,0.0135,0.0718
CT012345,Zone_07,Zone_07,0.2756,0.0619,0.0929,0.0969,0.1136,0.0386,0.0516,0.2756,0.2058,0.0133,0.0499
CT002046,Zone_02,Zone_07,0.2694,0.0656,0.0688,0.1023,0.1272,0.0416,0.0491,0.2694,0.2076,0.0179,0.0505
CT011364,Zone_04,Zone_08,0.277,0.0477,0.0605,0.0812,0.1454,0.0406,0.0501,0.2315,0.277,0.0052,0.0608
CT016376,Zone_07,Zone_07,0.3001,0.0597,0.072,0.1148,0.1318,0.0346,0.0248,0.3001,0.2042,0.0069,0.0513
CT017115,Zone_04,Zone_08,0.2755,0.0562,0.0792,0.1034,0.096,0.0396,0.0458,0.2276,0.2755,0.0143,0.0625
CT010478,Zone_08,Zone_07,0.2185,0.0901,0.0906,0.1043,0.1542,0.0514,0.025,0.2185,0.2048,0.0067,0.0544
CT003125,Zone_01,Zone_08,0.2608,0.0508,0.0831,0.0713,0.1507,0.0357,0.05,0.2156,0.2608,0.0073,0.0747
CT010142,Zone_07,Zone_07,0.313,0.0575,0.0585,0.0704,0.1571,0.041,0.0384,0.313,0.1975,0.0066,0.0601
CT016566,Zone_08,Zone_07,0.3003,0.0553,0.0542,0.1077,0.1101,0.0337,0.0503,0.3003,0.2142,0.0136,0.0606
CT018608,Zone_08,Zone_07,0.2807,0.0679,0.0667,0.0741,0.1254,0.0455,0.0566,0.2807,0.2061,0.0163,0.0606
CT002021,Zone_07,Zone_07,0.2541,0.0541,0.0773,0.0976,0.1322,0.041,0.0473,0.2541,0.2434,0.0146,0.0386
CT006610,Zone_02,Zone_07,0.2772,0.0717,0.073,0.0768,0.1359,0.0449,0.0379,0.2772,0.2042,0.0154,0.063
CT016630,Zone_02,Zone_07,0.3044,0.0574,0.0812,0.0671,0.1339,0.0488,0.0377,0.3044,0.1969,0.0081,0.0646
CT001696,Zone_08,Zone_08,0.2565,0.0608,0.0782,0.0788,0.1546,0.0328,0.0418,0.2282,0.2565,0.0047,0.0638
CT017528,Zone_07,Zone_07,0.3029,0.0656,0.0654,0.1101,0.1094,0.032,0.0324,0.3029,0.2088,0.0117,0.0617
CT009106,Zone_08,Zone_07,0.2407,0.0393,0.1262,0.0892,0.1438,0.0366,0.0485,0.2407,0.2177,0.007,0.051
CT018103,Zone_03,Zone_07,0.2949,0.0439,0.0664,0.1161,0.1306,0.0318,0.0511,0.2949,0.1959,0.0133,0.0561
CT016471,Zone_05,Zone_07,0.2539,0.0826,0.0697,0.0802,0.1576,0.0527,0.0297,0.2539,0.1964,0.009,0.0682
CT014430,Zone_07,Zone_07,0.2845,0.0673,0.1191,0.0853,0.155,0.0327,0.0364,0.2845,0.1514,0.0152,0.053
CT010898,Zone_07,Zone_07,0.2676,0.0583,0.0673,0.0803,0.132,0.053,0.044,0.2676,0.202,0.0132,0.0823
CT016542,Zone_08,Zone_08,0.2926,0.0446,0.0852,0.0774,0.1568,0.0394,0.0567,0.1883,0.2926,0.0075,0.0514
CT014322,Zone_08,Zone_08,0.3074,0.0567,0.0704,0.0962,0.1186,0.0339,0.0372,0.2156,0.3074,0.0242,0.0399
CT019318,Zone_03,Zone_07,0.2732,0.0645,0.0715,0.1069,0.1316,0.0459,0.0342,0.2732,0.2033,0.0102,0.0587
CT003741,Zone_01,Zone_07,0.2719,0.0665,0.0618,0.0997,0.111,0.0541,0.0593,0.2719,0.2072,0.0103,0.0582
CT012190,Zone_03,Zone_07,0.2506,0.0628,0.0799,0.0889,0.1174,0.0489,0.0482,0.2506,0.2206,0.0101,0.0727
CT004990,Zone_03,Zone_08,0.2687,0.0669,0.0642,0.0815,0.1132,0.0504,0.071,0.2055,0.2687,0.0096,0.0689
CT010139,Zone_05,Zone_07,0.283,0.0698,0.0468,0.1096,0.1217,0.0284,0.046,0.283,0.239,0.0067,0.0489
CT009829,Zone_08,Zone_08,0.2994,0.0613,0.0701,0.066,0.1697,0.0332,0.0361,0.2127,0.2994,0.0031,0.0484
CT014161,Zone_08,Zone_07,0.3386,0.0493,0.1046,0.0892,0.1187,0.0369,0.038,0.3386,0.155,0.0091,0.0606
CT006238,Zone_08,Zone_07,0.2674,0.0489,0.0888,0.1092,0.1106,0.0273,0.0557,0.2674,0.2321,0.0078,0.0522
CT014687,Zone_01,Zone_08,0.2615,0.0746,0.049,0.1079,0.1145,0.0305,0.0594,0.2392,0.2615,0.0058,0.0576
CT004295,Zone_07,Zone_08,0.2473,0.0748,0.0702,0.0846,0.1234,0.0467,0.0382,0.246,0.2473,0.0088,0.0599
CT010359,Zone_08,Zone_07,0.2674,0.072,0.0651,0.0712,0.138,0.0446,0.0489,0.2674,0.2123,0.0109,0.0697
CT012143,Zone_07,Zone_07,0.2924,0.0678,0.0946,0.0916,0.1162,0.0296,0.037,0.2924,0.1973,0.0125,0.061
CT002818,Zone_07,Zone_07,0.2745,0.0615,0.0838,0.109,0.1099,0.0298,0.0438,0.2745,0.2254,0.0077,0.0544
CT002169,Zone_04,Zone_07,0.3112,0.0507,0.0809,0.0715,0.1462,0.0314,0.0455,0.3112,0.2093,0.0059,0.0475
CT011079,Zone_01,Zone_07,0.2482,0.0551,0.0834,0.0768,0.1688,0.0367,0.0397,0.2482,0.2302,0.0057,0.0555
CT010915,Zone_10,Zone_07,0.3106,0.0532,0.0403,0.0952,0.1598,0.0198,0.0354,0.3106,0.2328,0.0129,0.0401
CT009010,Zone_02,Zone_08,0.2833,0.0718,0.0689,0.0914,0.127,0.0346,0.0432,0.2338,0.2833,0.0043,0.0417
CT019178,Zone_03,Zone_07,0.2864,0.0684,0.0537,0.107,0.1238,0.0347,0.0291,0.2864,0.2156,0.0127,0.0686
CT008347,Zone_08,Zone_07,0.2995,0.0688,0.0995,0.0847,0.1117,0.0319,0.0417,0.2995,0.1872,0.0145,0.0604
CT013132,Zone_07,Zone_07,0.2979,0.0584,0.0751,0.0914,0.1243,0.0403,0.041,0.2979,0.1938,0.0142,0.0635
CT003956,Zone_07,Zone_08,0.2391,0.0754,0.0887,0.0815,0.1244,0.0511,0.0393,0.2253,0.2391,0.0098,0.0652
CT012468,Zone_03,Zone_07,0.2396,0.059,0.0898,0.0864,0.1158,0.0357,0.0562,0.2396,0.2378,0.0289,0.0508
CT009678,Zone_08,Zone_07,0.2561,0.0761,0.0699,0.0894,0.1253,0.0436,0.0353,0.2561,0.2389,0.0084,0.0571
CT004308,Zone_04,Zone_07,0.2942,0.053,0.0667,0.0851,0.1475,0.041,0.0409,0.2942,0.1908,0.0113,0.0694
CT014919,Zone_07,Zone_08,0.2796,0.0656,0.0587,0.1013,0.1195,0.0442,0.0247,0.2391,0.2796,0.0114,0.0559
CT002891,Zone_03,Zone_07,0.2406,0.0623,0.0761,0.0952,0.1302,0.0484,0.0327,0.2406,0.224,0.006,0.0846
CT004875,Zone_07,Zone_07,0.3401,0.0455,0.0688,0.0967,0.161,0.0214,0.0353,0.3401,0.1873,0.0072,0.0367
CT004176,Zone_07,Zone_07,0.2563,0.0794,0.0626,0.0884,0.1416,0.0378,0.0362,0.2563,0.2355,0.0146,0.0476
CT006787,Zone_08,Zone_08,0.2504,0.0656,0.1122,0.0798,0.1108,0.0381,0.0669,0.2176,0.2504,0.0105,0.0481
CT014596,Zone_08,Zone_08,0.2923,0.0742,0.0881,0.087,0.1419,0.0296,0.0476,0.1875,0.2923,0.0081,0.0438
CT019773,Zone_07,Zone_07,0.2878,0.0427,0.0966,0.1092,0.143,0.0339,0.0557,0.2878,0.1716,0.0157,0.0437
CT003083,Zone_08,Zone_07,0.3318,0.0587,0.0975,0.0952,0.1261,0.0323,0.0316,0.3318,0.1649,0.0106,0.0514
CT013466,Zone_02,Zone_08,0.2514,0.0536,0.0834,0.0759,0.1574,0.0316,0.0465,0.2269,0.2514,0.0078,0.0655
CT008204,Zone_08,Zone_07,0.3104,0.0739,0.1018,0.091,0.1285,0.0325,0.0384,0.3104,0.1571,0.0104,0.0561
CT017426,Zone_06,Zone_08,0.248,0.0556,0.0746,0.0913,0.12,0.0415,0.0624,0.2264,0.248,0.0201,0.0599
CT005764,Zone_10,Zone_08,0.2589,0.0661,0.0872,0.0773,0.111,0.0411,0.0574,0.2341,0.2589,0.0071,0.0597
CT004184,Zone_08,Zone_07,0.348,0.058,0.0731,0.0909,0.1162,0.0269,0.0453,0.348,0.1649,0.0196,0.0572
CT016110,Zone_06,Zone_07,0.29,0.0599,0.0668,0.1032,0.143,0.0359,0.0533,0.29,0.1785,0.0186,0.0508
CT005712,Zone_07,Zone_07,0.2928,0.0673,0.0764,0.0944,0.1272,0.0311,0.0358,0.2928,0.2215,0.0111,0.0424
CT003240,Zone_04,Zone_08,0.2589,0.0487,0.0778,0.1079,0.1168,0.0392,0.0486,0.2333,0.2589,0.0161,0.0526
CT009098,Zone_05,Zone_07,0.3108,0.0502,0.0888,0.0936,0.1136,0.039,0.0368,0.3108,0.1893,0.0099,0.0683
CT019193,Zone_08,Zone_08,0.2709,0.0478,0.0859,0.0644,0.1379,0.0318,0.0616,0.2238,0.2709,0.0061,0.0699
CT006023,Zone_03,Zone_07,0.2631,0.0737,0.0828,0.0871,0.1128,0.0438,0.0487,0.2631,0.2132,0.0148,0.0599
CT011941,Zone_07,Zone_07,0.3164,0.0623,0.0923,0.0928,0.1112,0.0332,0.0377,0.3164,0.181,0.0113,0.0618
CT011593,Zone_06,Zone_07,0.282,0.0623,0.0989,0.0892,0.1146,0.0359,0.0385,0.282,0.192,0.0222,0.0645
CT001697,Zone_01,Zone_08,0.2396,0.0524,0.0735,0.0981,0.126,0.0519,0.057,0.2242,0.2396,0.0126,0.0647
CT013413,Zone_08,Zone_07,0.2538,0.0635,0.0749,0.1066,0.1011,0.0384,0.0429,0.2538,0.2503,0.0079,0.0606
CT016404,Zone_07,Zone_08,0.3149,0.0608,0.0566,0.0956,0.122,0.0377,0.0437,0.2137,0.3149,0.0074,0.0476
CT016903,Zone_08,Zone_07,0.3112,0.0561,0.0739,0.0993,0.1324,0.0329,0.0395,0.3112,0.189,0.0154,0.0501
CT005401,Zone_07,Zone_07,0.3276,0.0607,0.0787,0.083,0.1405,0.036,0.0306,0.3276,0.1787,0.0067,0.0576
CT012368,Zone_01,Zone_07,0.2753,0.0819,0.0943,0.0782,0.1196,0.0412,0.0372,0.2753,0.1997,0.0115,0.0612
CT006162,Zone_07,Zone_07,0.2923,0.0797,0.0752,0.1013,0.1402,0.0245,0.0299,0.2923,0.1954,0.0049,0.0567
CT002773,Zone_07,Zone_07,0.2739,0.0647,0.0702,0.096,0.1182,0.0467,0.0357,0.2739,0.2112,0.0099,0.0736
CT003352,Zone_03,Zone_07,0.2478,0.0871,0.069,0.0958,0.1235,0.0423,0.0488,0.2478,0.2213,0.0075,0.0568
CT011647,Zone_08,Zone_07,0.2518,0.0785,0.079,0.0829,0.1332,0.0331,0.0377,0.2518,0.2263,0.0097,0.0678
CT014740,Zone_07,Zone_07,0.2865,0.068,0.1126,0.1084,0.1384,0.0337,0.0312,0.2865,0.1763,0.013,0.0317
CT011561,Zone_07,Zone_08,0.2727,0.0513,0.064,0.0868,0.1085,0.0491,0.057,0.2308,0.2727,0.0082,0.0716
CT019624,Zone_03,Zone_07,0.2649,0.0625,0.0784,0.0633,0.1696,0.0303,0.0375,0.2649,0.236,0.0092,0.0482
CT009604,Zone_05,Zone_08,0.2548,0.0756,0.0656,0.0945,0.1105,0.0486,0.0441,0.2208,0.2548,0.0051,0.0804
CT004121,Zone_10,Zone_07,0.2807,0.0762,0.0599,0.0921,0.1388,0.045,0.0375,0.2807,0.1958,0.0098,0.064
CT002436,Zone_10,Zone_07,0.307,0.0661,0.1023,0.0803,0.1165,0.0337,0.0389,0.307,0.1762,0.0089,0.07
CT016317,Zone_08,Zone_07,0.2042,0.1014,0.0899,0.1172,0.1644,0.0425,0.0146,0.2042,0.1889,0.0082,0.0685
CT001303,Zone_07,Zone_07,0.2744,0.0593,0.0832,0.1272,0.1615,0.0274,0.0378,0.2744,0.188,0.0063,0.035
CT014955,Zone_07,Zone_07,0.2416,0.0643,0.1001,0.077,0.1425,0.0353,0.0471,0.2416,0.2105,0.02,0.0615
CT003109,Zone_01,Zone_07,0.3007,0.0712,0.0738,0.0922,0.1299,0.0325,0.0338,0.3007,0.202,0.0107,0.0532
CT014514,Zone_07,Zone_07,0.318,0.0458,0.0565,0.0853,0.1511,0.0506,0.0275,0.318,0.1919,0.0062,0.0673
CT015660,Zone_07,Zone_07,0.234,0.0556,0.0959,0.1119,0.1478,0.0335,0.0376,0.234,0.2224,0.013,0.0483
CT001169,Zone_07,Zone_08,0.2679,0.0453,0.0682,0.0949,0.1578,0.0334,0.0464,0.2339,0.2679,0.0068,0.0456
CT016196,Zone_08,Zone_07,0.2776,0.0763,0.0968,0.0833,0.1414,0.0333,0.0322,0.2776,0.1741,0.0133,0.0718
CT003239,Zone_04,Zone_07,0.327,0.0526,0.0525,0.0827,0.1532,0.0399,0.0307,0.327,0.2036,0.0049,0.0528
CT009944,Zone_07,Zone_07,0.3091,0.072,0.0576,0.0939,0.1289,0.044,0.031,0.3091,0.2005,0.0072,0.0558
CT005272,Zone_07,Zone_08,0.2592,0.0893,0.0699,0.0765,0.1389,0.0447,0.0417,0.2114,0.2592,0.0056,0.0628
CT008716,Zone_02,Zone_07,0.2809,0.0812,0.0768,0.0765,0.1603,0.0378,0.0305,0.2809,0.1794,0.0143,0.0623
CT013102,Zone_03,Zone_08,0.248,0.0683,0.0827,0.1015,0.1065,0.0452,0.0401,0.2244,0.248,0.0206,0.0626
CT004460,Zone_07,Zone_08,0.241,0.051,0.0772,0.0737,0.1588,0.0481,0.0411,0.2396,0.241,0.0058,0.0638
CT001005,Zone_08,Zone_08,0.2904,0.0508,0.1003,0.0698,0.1355,0.0377,0.0515,0.2037,0.2904,0.0049,0.0554
CT008089,Zone_08,Zone_07,0.3342,0.0613,0.1362,0.1172,0.1169,0.0196,0.0345,0.3342,0.1492,0.0043,0.0265
CT019203,Zone_04,Zone_07,0.2603,0.0684,0.0734,0.0985,0.1202,0.045,0.06,0.2603,0.2089,0.0089,0.0565
CT005305,Zone_02,Zone_07,0.2631,0.0732,0.0529,0.1091,0.1143,0.0388,0.0385,0.2631,0.2368,0.0091,0.0642
CT001744,Zone_10,Zone_08,0.253,0.0642,0.0842,0.0997,0.1217,0.0349,0.0402,0.2248,0.253,0.0182,0.0589
CT009339,Zone_08,Zone_07,0.2652,0.068,0.0785,0.0909,0.1133,0.0378,0.0474,0.2652,0.2173,0.0138,0.0676
CT016789,Zone_07,Zone_07,0.3038,0.0597,0.0989,0.0907,0.1351,0.0304,0.0361,0.3038,0.1756,0.0204,0.0492
CT016552,Zone_07,Zone_07,0.2966,0.0574,0.0729,0.0859,0.1489,0.0257,0.0396,0.2966,0.2079,0.0115,0.0536
CT007964,Zone_08,Zone_07,0.3313,0.0715,0.053,0.0911,0.1256,0.0414,0.0292,0.3313,0.1926,0.0079,0.0565
CT001142,Zone_07,Zone_07,0.3383,0.0476,0.0663,0.0817,0.1778,0.0354,0.0299,0.3383,0.1693,0.007,0.0465
CT019606,Zone_07,Zone_07,0.3302,0.0618,0.0582,0.0763,0.1648,0.0351,0.0334,0.3302,0.1814,0.0062,0.0527
CT004707,Zone_03,Zone_08,0.2261,0.0654,0.1088,0.0628,0.1296,0.0583,0.0589,0.2223,0.2261,0.009,0.0589
CT005179,Zone_07,Zone_07,0.2781,0.0658,0.0836,0.0903,0.1143,0.0426,0.0467,0.2781,0.2067,0.0085,0.0634
CT006858,Zone_04,Zone_08,0.2499,0.0635,0.0443,0.0891,0.1308,0.0476,0.0492,0.2457,0.2499,0.0214,0.0585
CT000205,Zone_02,Zone_07,0.258,0.062,0.1066,0.1065,0.1356,0.0276,0.0293,0.258,0.2055,0.008,0.061
CT012970,Zone_05,Zone_08,0.2433,0.0731,0.0822,0.0845,0.1191,0.0339,0.0309,0.2411,0.2433,0.0238,0.0681
CT007943,Zone_08,Zone_07,0.2979,0.0864,0.0953,0.0867,0.133,0.0371,0.0325,0.2979,0.162,0.0107,0.0585
CT003592,Zone_04,Zone_08,0.2453,0.0431,0.0958,0.115,0.12,0.0379,0.0493,0.2296,0.2453,0.0123,0.0517
CT002483,Zone_03,Zone_08,0.2645,0.0518,0.0849,0.0962,0.1057,0.0369,0.0462,0.2294,0.2645,0.0173,0.067
CT009311,Zone_01,Zone_07,0.2759,0.062,0.1091,0.0884,0.1269,0.0456,0.0266,0.2759,0.1964,0.0158,0.0532
CT010354,Zone_07,Zone_07,0.2603,0.0669,0.0969,0.083,0.1343,0.0345,0.0452,0.2603,0.2046,0.0179,0.0564
CT005979,Zone_03,Zone_07,0.3218,0.0458,0.0419,0.1037,0.1439,0.0199,0.0308,0.3218,0.2368,0.0164,0.039
CT001453,Zone_07,Zone_07,0.3009,0.0671,0.0702,0.1026,0.1237,0.0291,0.0194,0.3009,0.2278,0.0064,0.0526
CT017140,Zone_01,Zone_07,0.2779,0.0551,0.1151,0.0832,0.105,0.0342,0.0617,0.2779,0.1874,0.0156,0.0646
CT005952,Zone_08,Zone_07,0.3283,0.0559,0.1034,0.0865,0.1155,0.0484,0.0388,0.3283,0.1501,0.0184,0.0547
CT008506,Zone_04,Zone_08,0.2559,0.0651,0.0775,0.1028,0.1146,0.0299,0.0485,0.2417,0.2559,0.0068,0.0574
CT011785,Zone_07,Zone_07,0.3098,0.0735,0.0704,0.0847,0.1449,0.0408,0.0424,0.3098,0.1735,0.0101,0.05
CT001918,Zone_08,Zone_07,0.2558,0.077,0.0618,0.0906,0.1255,0.0379,0.0437,0.2558,0.2476,0.0075,0.0525
CT009736,Zone_08,Zone_07,0.2993,0.0708,0.0688,0.0913,0.1339,0.0419,0.0307,0.2993,0.1878,0.0096,0.0658
CT004706,Zone_04,Zone_07,0.2552,0.0705,0.064,0.082,0.1286,0.0377,0.0581,0.2552,0.2225,0.0293,0.0523
CT005903,Zone_03,Zone_07,0.2696,0.0439,0.1027,0.0727,0.1285,0.0257,0.051,0.2696,0.2378,0.0043,0.0637
CT002576,Zone_08,Zone_08,0.2826,0.0695,0.0916,0.1006,0.1351,0.0356,0.0369,0.1908,0.2826,0.0075,0.0495
CT013165,Zone_04,Zone_07,0.2857,0.0599,0.0867,0.0985,0.1464,0.0291,0.0326,0.2857,0.1904,0.0148,0.0561
CT010026,Zone_03,Zone_07,0.3222,0.0457,0.0807,0.1025,0.1408,0.0231,0.0486,0.3222,0.1848,0.0079,0.0436
CT002036,Zone_07,Zone_07,0.2973,0.0651,0.0905,0.0712,0.1244,0.0379,0.0341,0.2973,0.2036,0.0142,0.0617
CT010975,Zone_07,Zone_07,0.2645,0.0715,0.0839,0.0908,0.1294,0.0423,0.0442,0.2645,0.1979,0.0109,0.0645
CT018960,Zone_04,Zone_07,0.2576,0.079,0.0842,0.0835,0.1303,0.04,0.0348,0.2576,0.2004,0.0174,0.0728
CT000500,Zone_07,Zone_07,0.2878,0.0851,0.0696,0.0796,0.1386,0.0528,0.03,0.2878,0.1867,0.0078,0.062
CT004778,Zone_03,Zone_08,0.2569,0.0558,0.0781,0.0687,0.1591,0.045,0.0463,0.2442,0.2569,0.0056,0.0401
CT005045,Zone_04,Zone_08,0.2511,0.0472,0.0794,0.0991,0.1019,0.0373,0.068,0.2369,0.2511,0.0243,0.0547
CT008137,Zone_07,Zone_07,0.2494,0.0796,0.0587,0.0827,0.1288,0.048,0.0409,0.2494,0.2234,0.0096,0.079
CT007134,Zone_08,Zone_07,0.2727,0.0548,0.0737,0.0972,0.1291,0.0282,0.0479,0.2727,0.2337,0.0039,0.0589
CT011170,Zone_07,Zone_07,0.2662,0.0674,0.1016,0.0861,0.1137,0.0334,0.0523,0.2662,0.2113,0.0076,0.0604
CT000797,Zone_02,Zone_08,0.2686,0.0436,0.082,0.0812,0.17,0.0355,0.0426,0.2302,0.2686,0.005,0.0413
CT009627,Zone_01,Zone_07,0.2422,0.0448,0.1155,0.1167,0.1022,0.0351,0.0493,0.2422,0.2237,0.0164,0.054
CT006074,Zone_01,Zone_07,0.2829,0.0715,0.0965,0.0857,0.1175,0.031,0.042,0.2829,0.2052,0.0073,0.0605
CT013382,Zone_08,Zone_08,0.283,0.0491,0.0567,0.0809,0.1601,0.0291,0.0397,0.2438,0.283,0.0086,0.049
CT003550,Zone_07,Zone_07,0.3289,0.0641,0.05,0.0912,0.125,0.0348,0.0312,0.3289,0.2082,0.011,0.0557
CT007020,Zone_08,Zone_07,0.2671,0.0552,0.0844,0.0808,0.1127,0.044,0.0343,0.2671,0.23,0.0116,0.08
CT011897,Zone_04,Zone_07,0.3608,0.0565,0.0859,0.0791,0.1177,0.0331,0.0328,0.3608,0.1654,0.0077,0.0609
CT017288,Zone_07,Zone_07,0.3191,0.043,0.079,0.074,0.1389,0.0527,0.0504,0.3191,0.1748,0.0065,0.0617
CT007030,Zone_06,Zone_08,0.2591,0.0536,0.0884,0.1047,0.117,0.0327,0.0385,0.2283,0.2591,0.0176,0.0603
CT000342,Zone_10,Zone_07,0.2757,0.0743,0.1009,0.0837,0.1055,0.0413,0.0328,0.2757,0.2123,0.0158,0.0576
CT019378,Zone_10,Zone_07,0.3103,0.0456,0.0868,0.1149,0.1193,0.0377,0.0461,0.3103,0.1662,0.0113,0.062
CT004858,Zone_07,Zone_07,0.2802,0.0583,0.0738,0.0943,0.1134,0.038,0.049,0.2802,0.2226,0.0118,0.0586
CT000135,Zone_08,Zone_07,0.272,0.0586,0.0638,0.0625,0.1621,0.039,0.0501,0.272,0.2313,0.0072,0.0534
CT000204,Zone_03,Zone_07,0.3516,0.0458,0.0837,0.0794,0.1055,0.0434,0.0493,0.3516,0.1647,0.0117,0.0648
CT012579,Zone_04,Zone_08,0.2753,0.0693,0.0877,0.082,0.1021,0.048,0.0488,0.2205,0.2753,0.0117,0.0544
CT006862,Zone_06,Zone_07,0.3117,0.0578,0.0443,0.1123,0.1203,0.0431,0.046,0.3117,0.2059,0.014,0.0444
CT018247,Zone_08,Zone_07,0.3145,0.0863,0.0746,0.0718,0.1438,0.0491,0.0321,0.3145,0.1638,0.0101,0.054
CT002023,Zone_02,Zone_07,0.3028,0.0523,0.0857,0.0614,0.1628,0.049,0.0448,0.3028,0.1658,0.0113,0.064
CT005972,Zone_02,Zone_07,0.2592,0.0801,0.0532,0.0877,0.1587,0.0418,0.039,0.2592,0.2135,0.0123,0.0545
CT006911,Zone_07,Zone_07,0.2531,0.0586,0.1122,0.0881,0.1177,0.0415,0.0345,0.2531,0.2187,0.0134,0.0622
CT011320,Zone_04,Zone_07,0.2482,0.0635,0.0877,0.08,0.132,0.0327,0.0417,0.2482,0.2277,0.0303,0.0561
CT003689,Zone_08,Zone_08,0.26,0.0519,0.0553,0.1053,0.1134,0.0437,0.053,0.2315,0.26,0.0008,0.0849
CT019772,Zone_02,Zone_07,0.3112,0.071,0.0745,0.1026,0.1323,0.0301,0.0327,0.3112,0.1849,0.0094,0.0514
CT010250,Zone_10,Zone_07,0.2839,0.0711,0.0778,0.0904,0.1304,0.03,0.0352,0.2839,0.2018,0.0113,0.0682
CT010602,Zone_07,Zone_08,0.2449,0.0653,0.1054,0.1145,0.1172,0.0425,0.0337,0.2236,0.2449,0.0173,0.0356
CT003667,Zone_01,Zone_08,0.2408,0.0556,0.0891,0.1012,0.1306,0.0357,0.0432,0.2402,0.2408,0.0149,0.0488
CT018941,Zone_05,Zone_07,0.2812,0.0435,0.0688,0.0854,0.125,0.0443,0.0525,0.2812,0.233,0.0087,0.0576
CT016730,Zone_07,Zone_07,0.2308,0.0655,0.0763,0.1265,0.1323,0.0413,0.0354,0.2308,0.2221,0.0078,0.062
CT013433,Zone_04,Zone_08,0.2568,0.0594,0.073,0.1027,0.115,0.0399,0.0319,0.2368,0.2568,0.0109,0.0735
CT011475,Zone_02,Zone_07,0.2603,0.0706,0.0894,0.0801,0.1122,0.0409,0.053,0.2603,0.2214,0.0119,0.0604
CT014092,Zone_07,Zone_07,0.286,0.0571,0.0715,0.0759,0.1662,0.0277,0.0261,0.286,0.2284,0.0043,0.0566
CT017296,Zone_10,Zone_08,0.2789,0.0396,0.1017,0.0712,0.1282,0.0402,0.0808,0.1883,0.2789,0.0057,0.0655
CT019746,Zone_08,Zone_07,0.2795,0.0701,0.096,0.0838,0.1187,0.0315,0.0407,0.2795,0.2022,0.0175,0.0599
CT019742,Zone_07,Zone_07,0.2288,0.0778,0.0874,0.064,0.1399,0.0653,0.0345,0.2288,0.2234,0.0096,0.0692
CT017035,Zone_04,Zone_07,0.2642,0.0611,0.0772,0.1042,0.1316,0.0449,0.0344,0.2642,0.2165,0.0114,0.0544
CT017985,Zone_07,Zone_07,0.2518,0.07,0.0639,0.0835,0.1276,0.0346,0.0568,0.2518,0.2134,0.0276,0.0707
CT000902,Zone_04,Zone_08,0.2932,0.0495,0.0655,0.1,0.0947,0.0386,0.0661,0.2163,0.2932,0.0091,0.0671
CT015889,Zone_10,Zone_07,0.3105,0.0642,0.0571,0.0699,0.1323,0.0402,0.0471,0.3105,0.1888,0.0188,0.071
CT009121,Zone_08,Zone_07,0.2556,0.0708,0.0728,0.0807,0.1542,0.041,0.0307,0.2556,0.2213,0.0149,0.058
CT015019,Zone_02,Zone_07,0.2776,0.0867,0.0857,0.0839,0.1298,0.0349,0.0196,0.2776,0.2097,0.0152,0.0569
CT000959,Zone_08,Zone_07,0.3309,0.0767,0.0746,0.0877,0.1566,0.0358,0.0376,0.3309,0.145,0.0078,0.0472
CT015715,Zone_07,Zone_07,0.2642,0.0624,0.076,0.0951,0.103,0.0439,0.0563,0.2642,0.222,0.0112,0.0659
CT011272,Zone_04,Zone_07,0.323,0.072,0.1212,0.0953,0.1324,0.0201,0.0294,0.323,0.1472,0.0048,0.0545
CT003544,Zone_01,Zone_07,0.2661,0.0604,0.0856,0.1066,0.1156,0.0324,0.0429,0.2661,0.2124,0.024,0.0541
CT005647,Zone_08,Zone_07,0.259,0.0593,0.0937,0.1218,0.1351,0.0332,0.0406,0.259,0.1954,0.0095,0.0525
CT002735,Zone_04,Zone_07,0.3435,0.0528,0.0554,0.107,0.1574,0.0196,0.0222,0.3435,0.1871,0.0076,0.0474
CT007999,Zone_04,Zone_07,0.2782,0.0556,0.0861,0.1049,0.1428,0.0514,0.0486,0.2782,0.1679,0.0152,0.0494
CT016570,Zone_02,Zone_07,0.2023,0.0767,0.0964,0.1476,0.1355,0.0526,0.0242,0.2023,0.1964,0.0101,0.0581
CT017223,Zone_04,Zone_07,0.2275,0.0656,0.1025,0.0873,0.1107,0.0464,0.0383,0.2275,0.2273,0.0156,0.0788
CT016269,Zone_07,Zone_07,0.3001,0.0621,0.0861,0.0719,0.1311,0.0441,0.0366,0.3001,0.1802,0.0109,0.0769
CT015275,Zone_08,Zone_08,0.2738,0.067,0.0725,0.0917,0.1507,0.036,0.0297,0.2116,0.2738,0.0203,0.0467
CT009516,Zone_10,Zone_07,0.3203,0.0577,0.079,0.0919,0.1087,0.0381,0.0412,0.3203,0.1891,0.0159,0.0581
CT004908,Zone_03,Zone_07,0.2697,0.0668,0.1331,0.1091,0.1126,0.0357,0.0429,0.2697,0.1929,0.0069,0.0303
CT017372,Zone_08,Zone_07,0.328,0.07,0.1055,0.0841,0.1141,0.023,0.0335,0.328,0.1794,0.0078,0.0547
CT011372,Zone_08,Zone_07,0.2508,0.054,0.0764,0.1002,0.1155,0.0405,0.0538,0.2508,0.2368,0.0119,0.06
CT017441,Zone_02,Zone_07,0.2463,0.053,0.0863,0.1076,0.1038,0.0374,0.0486,0.2463,0.2308,0.0122,0.0739
CT019729,Zone_02,Zone_07,0.2679,0.0556,0.0773,0.0773,0.1298,0.0429,0.0481,0.2679,0.242,0.0056,0.0537
CT000450,Zone_08,Zone_08,0.2576,0.0637,0.0556,0.0858,0.1315,0.049,0.0401,0.2523,0.2576,0.015,0.0494
CT011216,Zone_03,Zone_07,0.3532,0.0561,0.0642,0.0937,0.1137,0.0517,0.0331,0.3532,0.1648,0.0092,0.0602
CT015149,Zone_04,Zone_07,0.2822,0.0612,0.0677,0.1023,0.136,0.037,0.0378,0.2822,0.2155,0.0117,0.0487
CT006728,Zone_04,Zone_07,0.3301,0.0621,0.0553,0.1074,0.1088,0.0318,0.0436,0.3301,0.1913,0.0113,0.0583
CT017680,Zone_07,Zone_07,0.2592,0.0608,0.0822,0.0829,0.1483,0.0397,0.0484,0.2592,0.2092,0.0131,0.0563
CT013533,Zone_01,Zone_07,0.2885,0.0481,0.1012,0.1053,0.1285,0.0374,0.041,0.2885,0.1877,0.0116,0.0508
CT012449,Zone_07,Zone_08,0.2784,0.0543,0.0697,0.1206,0.1107,0.0333,0.0521,0.2271,0.2784,0.0093,0.0445
CT018882,Zone_08,Zone_07,0.2682,0.048,0.1064,0.0846,0.1512,0.045,0.036,0.2682,0.1896,0.0119,0.0591
CT019070,Zone_07,Zone_07,0.2741,0.0578,0.0818,0.0933,0.104,0.0374,0.0473,0.2741,0.2164,0.0173,0.0706
CT018079,Zone_01,Zone_07,0.3365,0.0586,0.0738,0.1014,0.1354,0.0404,0.05,0.3365,0.1532,0.0086,0.0422
CT019766,Zone_06,Zone_07,0.3324,0.07,0.0725,0.0764,0.1452,0.0346,0.0302,0.3324,0.1742,0.0207,0.0438
CT008922,Zone_07,Zone_07,0.3178,0.0435,0.0787,0.0929,0.1179,0.0474,0.044,0.3178,0.1909,0.0132,0.0536
CT007617,Zone_04,Zone_08,0.2761,0.0452,0.0663,0.0829,0.138,0.032,0.0627,0.2287,0.2761,0.0067,0.0614
CT006273,Zone_08,Zone_07,0.2662,0.0538,0.0555,0.1095,0.1523,0.0409,0.0437,0.2662,0.2134,0.0194,0.0452
CT009985,Zone_07,Zone_07,0.2982,0.046,0.0904,0.1189,0.1163,0.0292,0.0509,0.2982,0.1793,0.0077,0.0631
CT006632,Zone_02,Zone_07,0.2754,0.0678,0.0763,0.0878,0.1241,0.0426,0.0365,0.2754,0.2093,0.0095,0.0707
CT002168,Zone_08,Zone_07,0.3092,0.0474,0.0819,0.07,0.1459,0.0308,0.0391,0.3092,0.2111,0.0132,0.0514
CT008155,Zone_08,Zone_07,0.2704,0.0823,0.0701,0.0786,0.1243,0.0458,0.0413,0.2704,0.2169,0.0076,0.0628
CT015483,Zone_07,Zone_07,0.3327,0.07,0.0909,0.0687,0.1415,0.0358,0.0292,0.3327,0.1514,0.0113,0.0684
CT000850,Zone_10,Zone_07,0.29,0.0615,0.0833,0.0879,0.138,0.0304,0.0488,0.29,0.1859,0.0165,0.0575
CT000458,Zone_08,Zone_08,0.2543,0.0606,0.0878,0.1003,0.1173,0.0292,0.0301,0.2382,0.2543,0.0305,0.0517
CT007421,Zone_03,Zone_07,0.2941,0.0548,0.0682,0.1126,0.1327,0.0453,0.0389,0.2941,0.1855,0.0067,0.0611
CT016973,Zone_06,Zone_07,0.2681,0.0803,0.0842,0.0872,0.124,0.0275,0.0332,0.2681,0.2222,0.0076,0.0656
CT012113,Zone_07,Zone_07,0.2914,0.07,0.0692,0.0873,0.1269,0.0374,0.0378,0.2914,0.2051,0.0122,0.0629
CT011880,Zone_08,Zone_07,0.2634,0.0676,0.0804,0.0856,0.1192,0.0515,0.0339,0.2634,0.2222,0.009,0.0673
CT012505,Zone_07,Zone_08,0.3126,0.0748,0.0703,0.088,0.1071,0.0413,0.048,0.1905,0.3126,0.0037,0.0638
CT019292,Zone_07,Zone_07,0.2631,0.0771,0.0712,0.0846,0.1297,0.0354,0.0539,0.2631,0.2029,0.0177,0.0644
CT011487,Zone_10,Zone_07,0.3024,0.0477,0.0796,0.1196,0.1211,0.0361,0.0453,0.3024,0.1755,0.0107,0.062
CT010878,Zone_08,Zone_08,0.2718,0.071,0.0801,0.0959,0.1107,0.0398,0.0751,0.1938,0.2718,0.0058,0.056
CT005128,Zone_01,Zone_08,0.2979,0.0615,0.1024,0.0913,0.1218,0.0329,0.0668,0.1766,0.2979,0.0083,0.0405
CT012832,Zone_07,Zone_07,0.3129,0.0403,0.0837,0.1105,0.1647,0.0191,0.0386,0.3129,0.1835,0.0082,0.0383
CT017977,Zone_08,Zone_07,0.2793,0.0651,0.06,0.0891,0.1219,0.0347,0.0513,0.2793,0.2308,0.0086,0.0592
CT004021,Zone_01,Zone_07,0.3498,0.0546,0.0689,0.0754,0.1427,0.0509,0.0253,0.3498,0.1672,0.0048,0.0604
CT012065,Zone_04,Zone_07,0.2886,0.0656,0.07,0.0943,0.1215,0.0345,0.0444,0.2886,0.2079,0.0102,0.063
CT004424,Zone_01,Zone_08,0.2859,0.0538,0.0637,0.085,0.1411,0.0359,0.0524,0.2127,0.2859,0.0034,0.066
CT007170,Zone_02,Zone_07,0.261,0.0627,0.0712,0.1121,0.1022,0.0311,0.0466,0.261,0.2523,0.0071,0.0536
CT011526,Zone_07,Zone_07,0.2642,0.0799,0.0788,0.1127,0.1265,0.027,0.0349,0.2642,0.2125,0.0054,0.0582
CT015318,Zone_02,Zone_07,0.32,0.0628,0.065,0.0739,0.1198,0.0525,0.0334,0.32,0.1936,0.0113,0.0676
CT006595,Zone_09,Zone_08,0.289,0.0646,0.0519,0.1075,0.1335,0.0312,0.0379,0.2266,0.289,0.0107,0.0471
CT003105,Zone_08,Zone_07,0.2579,0.088,0.0771,0.0754,0.1236,0.0514,0.0491,0.2579,0.2074,0.0125,0.0576
CT001057,Zone_06,Zone_08,0.2663,0.0646,0.0701,0.0826,0.1359,0.0418,0.0466,0.2438,0.2663,0.0095,0.0388
CT001477,Zone_08,Zone_08,0.3296,0.0506,0.0988,0.0571,0.128,0.0343,0.063,0.1831,0.3296,0.0039,0.0516
CT010379,Zone_07,Zone_07,0.2555,0.0559,0.0821,0.1176,0.1304,0.0331,0.0362,0.2555,0.2171,0.0189,0.0533
CT015969,Zone_02,Zone_07,0.2989,0.0601,0.0565,0.0969,0.1164,0.0351,0.0505,0.2989,0.2055,0.0181,0.0619
CT019769,Zone_07,Zone_08,0.2443,0.0477,0.0708,0.1007,0.1244,0.0452,0.0427,0.2399,0.2443,0.008,0.0763
CT003337,Zone_07,Zone_07,0.2542,0.0744,0.0954,0.0986,0.1173,0.0314,0.0267,0.2542,0.21,0.0152,0.0768
CT013294,Zone_01,Zone_07,0.2778,0.0703,0.0912,0.0787,0.1231,0.0403,0.0373,0.2778,0.191,0.0184,0.0717
CT000844,Zone_08,Zone_07,0.2541,0.0577,0.0665,0.1374,0.1133,0.0416,0.0274,0.2541,0.2345,0.0079,0.0595
CT009092,Zone_07,Zone_07,0.2832,0.0687,0.0763,0.0822,0.1277,0.0354,0.0402,0.2832,0.2185,0.0139,0.054
CT018309,Zone_08,Zone_07,0.2458,0.0574,0.0871,0.1178,0.1307,0.0362,0.0519,0.2458,0.2045,0.0216,0.047
CT005936,Zone_07,Zone_07,0.2795,0.067,0.0657,0.0982,0.1367,0.0392,0.0295,0.2795,0.2212,0.0127,0.0502
CT000108,Zone_04,Zone_08,0.3049,0.043,0.0647,0.0966,0.1559,0.0302,0.0356,0.2241,0.3049,0.006,0.0391
CT011298,Zone_07,Zone_08,0.3382,0.0511,0.0552,0.0912,0.1421,0.0381,0.0319,0.2075,0.3382,0.0027,0.042
CT000878,Zone_04,Zone_07,0.2667,0.0551,0.0598,0.0722,0.1523,0.0425,0.0449,0.2667,0.2508,0.0046,0.0511
CT015809,Zone_02,Zone_07,0.3027,0.0799,0.0843,0.0757,0.1396,0.0398,0.0364,0.3027,0.1924,0.0058,0.0434
CT000909,Zone_04,Zone_07,0.3036,0.0608,0.0634,0.0947,0.1186,0.0599,0.033,0.3036,0.1871,0.0083,0.0707
CT013961,Zone_06,Zone_07,0.2555,0.0602,0.1178,0.0891,0.1252,0.0328,0.0462,0.2555,0.2,0.026,0.0472
CT003670,Zone_08,Zone_07,0.2479,0.0521,0.0695,0.1043,0.1226,0.0419,0.0528,0.2479,0.2328,0.0143,0.0618
CT000413,Zone_03,Zone_07,0.2932,0.0526,0.0608,0.1261,0.1242,0.0349,0.0315,0.2932,0.2162,0.0095,0.0508
CT011477,Zone_03,Zone_07,0.3158,0.0751,0.1038,0.0866,0.1288,0.0421,0.0351,0.3158,0.1463,0.0071,0.0592
CT006030,Zone_01,Zone_07,0.242,0.0491,0.0649,0.0893,0.106,0.0631,0.0603,0.242,0.2414,0.0134,0.0705
CT016727,Zone_06,Zone_08,0.238,0.048,0.1071,0.0684,0.1395,0.0377,0.0674,0.2235,0.238,0.0054,0.065
CT009721,Zone_08,Zone_08,0.2362,0.0645,0.0735,0.1066,0.1155,0.0408,0.0365,0.2326,0.2362,0.0138,0.0799
CT017975,Zone_06,Zone_07,0.3468,0.0594,0.0902,0.065,0.1226,0.0345,0.0382,0.3468,0.1655,0.0086,0.0692
CT001837,Zone_02,Zone_08,0.2601,0.0497,0.0704,0.1203,0.1245,0.0301,0.0736,0.2103,0.2601,0.0136,0.0474
CT006709,Zone_07,Zone_07,0.3464,0.0599,0.0527,0.1025,0.1508,0.023,0.0281,0.3464,0.1908,0.0058,0.0399
CT014477,Zone_08,Zone_07,0.2491,0.0967,0.1001,0.0913,0.1473,0.036,0.0254,0.2491,0.2046,0.0061,0.0435
CT014009,Zone_10,Zone_07,0.2461,0.0641,0.0941,0.0895,0.1139,0.0429,0.0472,0.2461,0.238,0.0093,0.0549
CT006589,Zone_07,Zone_08,0.2342,0.0533,0.1153,0.0808,0.1122,0.038,0.0722,0.2135,0.2342,0.0288,0.0516
CT018973,Zone_03,Zone_08,0.2596,0.0687,0.0528,0.1123,0.1179,0.0462,0.0221,0.257,0.2596,0.0072,0.0562
CT014074,Zone_07,Zone_07,0.2472,0.0497,0.0989,0.0978,0.1095,0.0375,0.0435,0.2472,0.236,0.0089,0.071
CT013415,Zone_04,Zone_07,0.3521,0.0554,0.0681,0.0706,0.1604,0.0376,0.0224,0.3521,0.1772,0.0085,0.0477
CT013445,Zone_08,Zone_08,0.2394,0.0662,0.0821,0.1186,0.1238,0.041,0.0356,0.2201,0.2394,0.0135,0.0597
CT017387,Zone_07,Zone_07,0.2946,0.0466,0.075,0.0919,0.1471,0.039,0.0439,0.2946,0.2079,0.0062,0.0479
CT003559,Zone_08,Zone_07,0.2663,0.0704,0.0817,0.0723,0.1237,0.0546,0.0481,0.2663,0.208,0.0134,0.0613
CT000203,Zone_07,Zone_07,0.3121,0.0688,0.085,0.0704,0.1599,0.04,0.0269,0.3121,0.1642,0.0056,0.0672
CT019211,Zone_07,Zone_07,0.2898,0.0678,0.0592,0.0931,0.1508,0.0307,0.0442,0.2898,0.1998,0.0161,0.0485
CT009621,Zone_03,Zone_07,0.2587,0.0551,0.1039,0.0797,0.1378,0.0406,0.056,0.2587,0.188,0.015,0.0652
CT015768,Zone_07,Zone_07,0.2912,0.0752,0.0596,0.107,0.1275,0.042,0.031,0.2912,0.1986,0.0099,0.0581
CT014520,Zone_08,Zone_08,0.2504,0.0559,0.0934,0.0785,0.1121,0.0366,0.061,0.231,0.2504,0.0281,0.0528
CT003684,Zone_08,Zone_07,0.2911,0.0636,0.0646,0.0866,0.132,0.0352,0.0325,0.2911,0.2311,0.0161,0.0472
CT016558,Zone_07,Zone_07,0.3046,0.0635,0.1011,0.1069,0.1132,0.0324,0.0268,0.3046,0.1737,0.0083,0.0696
CT014901,Zone_07,Zone_07,0.2668,0.0516,0.0849,0.0992,0.1319,0.0331,0.0378,0.2668,0.2276,0.0243,0.0427
CT003830,Zone_08,Zone_07,0.2467,0.0699,0.0836,0.0766,0.1274,0.0353,0.0541,0.2467,0.2164,0.0165,0.0735
CT014427,Zone_03,Zone_07,0.2619,0.0595,0.0904,0.0985,0.1357,0.0363,0.0398,0.2619,0.2066,0.0168,0.0545
CT010350,Zone_07,Zone_07,0.263,0.0572,0.0724,0.0938,0.121,0.0398,0.0495,0.263,0.2263,0.0153,0.0617
CT018832,Zone_07,Zone_07,0.3738,0.0612,0.0984,0.1125,0.1181,0.0319,0.0285,0.3738,0.1404,0.0057,0.0294
CT005223,Zone_03,Zone_08,0.2504,0.068,0.0609,0.0899,0.1394,0.0525,0.0399,0.2357,0.2504,0.0109,0.0524
CT005942,Zone_08,Zone_08,0.2634,0.0578,0.0693,0.1017,0.1023,0.0457,0.0332,0.24,0.2634,0.0108,0.0759
CT006678,Zone_06,Zone_08,0.2899,0.0433,0.0817,0.0856,0.1494,0.0458,0.0444,0.1964,0.2899,0.0069,0.0566
CT011365,Zone_07,Zone_07,0.2972,0.0667,0.0737,0.0896,0.116,0.0304,0.0579,0.2972,0.2112,0.0096,0.0476
CT015572,Zone_10,Zone_08,0.2431,0.0464,0.082,0.0765,0.1661,0.0412,0.0498,0.2395,0.2431,0.007,0.0485
CT008729,Zone_03,Zone_08,0.2791,0.0549,0.0793,0.097,0.1319,0.0407,0.0358,0.2146,0.2791,0.0177,0.0489
CT017114,Zone_07,Zone_07,0.2539,0.0586,0.0895,0.1014,0.1105,0.0374,0.0604,0.2539,0.2118,0.0199,0.0565
CT009196,Zone_03,Zone_07,0.3391,0.057,0.0597,0.104,0.1132,0.0285,0.0518,0.3391,0.1742,0.0158,0.0566
CT019541,Zone_02,Zone_07,0.248,0.0667,0.1126,0.1072,0.1294,0.0323,0.0333,0.248,0.2012,0.0163,0.0529
CT006376,Zone_01,Zone_07,0.267,0.0662,0.0594,0.1008,0.1275,0.0482,0.0362,0.267,0.2379,0.0078,0.049
CT009868,Zone_07,Zone_07,0.2647,0.0746,0.0934,0.0818,0.1442,0.0504,0.0367,0.2647,0.1808,0.0167,0.0569
CT018176,Zone_02,Zone_07,0.2668,0.06,0.0871,0.0887,0.1055,0.0385,0.0453,0.2668,0.2221,0.0195,0.0664
CT000131,Zone_01,Zone_07,0.252,0.0772,0.0887,0.0794,0.13,0.0333,0.044,0.252,0.2335,0.0082,0.0537
CT000231,Zone_03,Zone_07,0.331,0.0753,0.0699,0.0744,0.1309,0.045,0.0386,0.331,0.1609,0.0143,0.0596
CT010957,Zone_10,Zone_08,0.2709,0.0597,0.0685,0.0809,0.1669,0.0355,0.0362,0.2332,0.2709,0.0035,0.0447
CT017621,Zone_02,Zone_07,0.3495,0.0618,0.0909,0.0595,0.1409,0.0442,0.0289,0.3495,0.1583,0.0079,0.0582
CT019419,Zone_04,Zone_08,0.2573,0.0676,0.0705,0.0827,0.1065,0.0335,0.0511,0.2338,0.2573,0.0325,0.0646
CT006272,Zone_01,Zone_07,0.2635,0.0621,0.0751,0.0896,0.1244,0.0419,0.0442,0.2635,0.2155,0.0118,0.0717
CT013032,Zone_04,Zone_07,0.2772,0.0713,0.0835,0.076,0.1292,0.0385,0.0467,0.2772,0.2004,0.0144,0.0627
CT010314,Zone_09,Zone_08,0.2533,0.0616,0.065,0.0984,0.1106,0.0388,0.0469,0.2383,0.2533,0.0133,0.0739
CT017933,Zone_03,Zone_07,0.2459,0.0674,0.0596,0.0814,0.1333,0.0447,0.0527,0.2459,0.231,0.0169,0.0671
CT013585,Zone_07,Zone_07,0.3015,0.0716,0.0555,0.0858,0.1324,0.041,0.0382,0.3015,0.201,0.0137,0.0593
CT018945,Zone_05,Zone_08,0.2439,0.0469,0.0832,0.1046,0.0966,0.0465,0.0747,0.2272,0.2439,0.0156,0.0609
CT018172,Zone_07,Zone_07,0.2429,0.0616,0.0955,0.0961,0.1532,0.0334,0.0436,0.2429,0.2089,0.0185,0.0461
CT000506,Zone_07,Zone_08,0.2756,0.0441,0.1069,0.0819,0.1504,0.0364,0.0696,0.1748,0.2756,0.0069,0.0534
CT015332,Zone_07,Zone_07,0.2992,0.0512,0.0799,0.113,0.1191,0.0378,0.0504,0.2992,0.195,0.0106,0.0438
CT001971,Zone_04,Zone_07,0.3439,0.0768,0.0859,0.0767,0.122,0.0373,0.0321,0.3439,0.1572,0.0116,0.0565
CT013285,Zone_10,Zone_07,0.2936,0.0744,0.0738,0.0867,0.1314,0.0363,0.0447,0.2936,0.2132,0.0059,0.0401
CT019599,Zone_08,Zone_08,0.3032,0.0793,0.0657,0.0798,0.1223,0.0362,0.0474,0.2143,0.3032,0.0061,0.0457
CT001538,Zone_07,Zone_07,0.3222,0.0666,0.0673,0.0847,0.131,0.0327,0.0339,0.3222,0.1958,0.013,0.0527
CT009763,Zone_08,Zone_07,0.2659,0.0658,0.0825,0.1098,0.1049,0.0367,0.0337,0.2659,0.2285,0.006,0.0661
CT017572,Zone_01,Zone_07,0.3092,0.0606,0.0662,0.1024,0.1106,0.033,0.0403,0.3092,0.2039,0.0128,0.0609
CT003353,Zone_02,Zone_07,0.2411,0.0869,0.0707,0.08,0.1263,0.0599,0.0406,0.2411,0.2135,0.0076,0.0734
CT018723,Zone_07,Zone_07,0.2546,0.0628,0.0815,0.0916,0.1133,0.0378,0.055,0.2546,0.2289,0.0098,0.0647
CT002032,Zone_07,Zone_07,0.2686,0.0613,0.0621,0.0837,0.1293,0.0356,0.0565,0.2686,0.2157,0.0199,0.0672
CT009510,Zone_02,Zone_07,0.2793,0.0601,0.0743,0.0907,0.1149,0.0391,0.0479,0.2793,0.221,0.0134,0.0592
CT014308,Zone_10,Zone_07,0.2442,0.0822,0.0722,0.084,0.128,0.0484,0.0506,0.2442,0.2173,0.0056,0.0677
CT003586,Zone_07,Zone_07,0.2419,0.0548,0.0961,0.0923,0.1277,0.0286,0.0512,0.2419,0.2347,0.0091,0.0636
CT004769,Zone_01,Zone_08,0.2695,0.0663,0.0839,0.0836,0.1129,0.0362,0.0449,0.2308,0.2695,0.0094,0.0627
CT002113,Zone_01,Zone_07,0.2903,0.0693,0.0841,0.0958,0.1308,0.043,0.0319,0.2903,0.1808,0.0174,0.0566
CT004926,Zone_04,Zone_08,0.3101,0.049,0.0668,0.0701,0.138,0.042,0.07,0.1827,0.3101,0.0034,0.068
CT014947,Zone_02,Zone_08,0.2785,0.0656,0.0771,0.088,0.11,0.0516,0.0342,0.2286,0.2785,0.0073,0.0591
CT018857,Zone_07,Zone_08,0.2501,0.0571,0.0937,0.104,0.1463,0.0318,0.0371,0.2075,0.2501,0.0239,0.0486
CT012590,Zone_07,Zone_08,0.2476,0.0781,0.0985,0.0897,0.1348,0.0359,0.0371,0.2277,0.2476,0.0082,0.0425
CT018040,Zone_07,Zone_07,0.2538,0.052,0.0878,0.1348,0.1213,0.0366,0.0283,0.2538,0.2215,0.0186,0.0454
CT014349,Zone_10,Zone_07,0.2718,0.066,0.0597,0.0958,0.1132,0.0348,0.0559,0.2718,0.2141,0.0216,0.0671
CT003478,Zone_06,Zone_07,0.2443,0.0885,0.1014,0.0695,0.1278,0.0428,0.0351,0.2443,0.2228,0.0069,0.0609
CT001175,Zone_07,Zone_07,0.3058,0.0529,0.1141,0.0939,0.1182,0.0385,0.042,0.3058,0.1658,0.0101,0.0587
CT016173,Zone_08,Zone_07,0.3325,0.0542,0.0801,0.08,0.1393,0.034,0.0317,0.3325,0.1748,0.0087,0.0647
CT002894,Zone_07,Zone_08,0.2614,0.0706,0.049,0.0998,0.1327,0.0346,0.0335,0.2479,0.2614,0.0128,0.0577
CT006766,Zone_08,Zone_08,0.2962,0.049,0.0753,0.1017,0.1588,0.034,0.0363,0.1965,0.2962,0.0034,0.049
CT019714,Zone_04,Zone_07,0.2592,0.0638,0.0844,0.0885,0.117,0.0511,0.0731,0.2592,0.1958,0.0095,0.0576
CT009070,Zone_04,Zone_07,0.2725,0.0716,0.0854,0.0837,0.1186,0.046,0.0446,0.2725,0.1993,0.0088,0.0697
CT018415,Zone_02,Zone_07,0.2817,0.06,0.0662,0.098,0.1075,0.0339,0.0497,0.2817,0.2107,0.0266,0.0657
CT003124,Zone_08,Zone_08,0.2427,0.0556,0.0799,0.0817,0.1458,0.0342,0.0433,0.2418,0.2427,0.0061,0.0688
CT007754,Zone_07,Zone_07,0.3241,0.0846,0.0751,0.0904,0.1439,0.0376,0.0281,0.3241,0.1541,0.0086,0.0534
CT015637,Zone_08,Zone_07,0.249,0.0623,0.1066,0.0837,0.1157,0.0469,0.0619,0.249,0.2,0.0109,0.0631
CT019802,Zone_08,Zone_07,0.2728,0.0447,0.0653,0.0656,0.1526,0.0608,0.0469,0.2728,0.2049,0.0081,0.0783
CT011523,Zone_07,Zone_08,0.2462,0.0607,0.0848,0.0682,0.1457,0.0455,0.0648,0.2278,0.2462,0.004,0.0523
CT009105,Zone_07,Zone_07,0.3403,0.0489,0.07,0.0862,0.1605,0.0447,0.0293,0.3403,0.1652,0.0065,0.0484
CT009213,Zone_03,Zone_07,0.2609,0.0741,0.091,0.0804,0.1331,0.0419,0.0444,0.2609,0.1956,0.0094,0.0692
CT009486,Zone_04,Zone_07,0.2569,0.0533,0.0814,0.0846,0.1401,0.0329,0.034,0.2569,0.2458,0.0052,0.0657
CT011988,Zone_01,Zone_07,0.2785,0.0853,0.0704,0.0759,0.1434,0.0481,0.0391,0.2785,0.1925,0.0091,0.0576
CT012441,Zone_07,Zone_07,0.3019,0.0565,0.0796,0.0695,0.1373,0.0427,0.0468,0.3019,0.1981,0.0077,0.06
CT015020,Zone_04,Zone_07,0.3084,0.0577,0.0838,0.0909,0.1073,0.039,0.0568,0.3084,0.1926,0.0126,0.0507
CT009969,Zone_01,Zone_07,0.2537,0.0806,0.0871,0.0741,0.1235,0.0399,0.0371,0.2537,0.2361,0.0071,0.0608
CT014240,Zone_02,Zone_07,0.2712,0.0542,0.079,0.0929,0.118,0.0362,0.0654,0.2712,0.2037,0.0256,0.0538
CT011158,Zone_07,Zone_07,0.3084,0.0662,0.0768,0.0678,0.1419,0.0374,0.0385,0.3084,0.1925,0.0269,0.0436
CT012167,Zone_08,Zone_07,0.3487,0.0602,0.0765,0.0812,0.1136,0.0237,0.0467,0.3487,0.1759,0.0143,0.0592
CT000660,Zone_05,Zone_08,0.2444,0.0381,0.0989,0.0881,0.1501,0.0302,0.051,0.2324,0.2444,0.0045,0.0624
CT002369,Zone_05,Zone_07,0.2697,0.0598,0.0998,0.1153,0.1293,0.0442,0.0319,0.2697,0.183,0.0112,0.0559
CT017086,Zone_05,Zone_07,0.3339,0.0693,0.0529,0.0888,0.1545,0.0318,0.0436,0.3339,0.1545,0.0146,0.0561
CT001661,Zone_03,Zone_07,0.2574,0.0629,0.0771,0.0869,0.1307,0.0386,0.0363,0.2574,0.2257,0.0136,0.0708
CT014557,Zone_02,Zone_07,0.3428,0.0549,0.0506,0.0701,0.16,0.0422,0.0399,0.3428,0.1773,0.0092,0.053
CT008914,Zone_08,Zone_07,0.2626,0.0629,0.0661,0.0833,0.1304,0.0383,0.0413,0.2626,0.244,0.0236,0.0475
CT014438,Zone_08,Zone_07,0.2902,0.0597,0.0691,0.0866,0.1203,0.0342,0.0613,0.2902,0.1865,0.0251,0.067
CT006585,Zone_08,Zone_07,0.2745,0.0737,0.0822,0.0779,0.1331,0.0417,0.0375,0.2745,0.1982,0.0118,0.0694
CT015952,Zone_01,Zone_08,0.2604,0.0508,0.0626,0.0846,0.1445,0.0374,0.0452,0.2556,0.2604,0.003,0.0559
CT010397,Zone_02,Zone_08,0.2369,0.0893,0.1147,0.1113,0.1286,0.0537,0.0204,0.1851,0.2369,0.0073,0.0526
CT009786,Zone_08,Zone_07,0.2457,0.0797,0.0918,0.09,0.1087,0.0404,0.0356,0.2457,0.2324,0.0164,0.0594
CT015355,Zone_03,Zone_07,0.3286,0.0611,0.091,0.0819,0.11,0.0306,0.0408,0.3286,0.1814,0.0126,0.062
CT014779,Zone_06,Zone_07,0.3062,0.0661,0.0814,0.0854,0.1144,0.0352,0.0442,0.3062,0.1994,0.0086,0.0592
CT007010,Zone_07,Zone_08,0.2584,0.056,0.0699,0.0782,0.1748,0.0403,0.0337,0.2265,0.2584,0.0043,0.058
CT000935,Zone_07,Zone_07,0.2606,0.0595,0.0627,0.1378,0.1173,0.0314,0.034,0.2606,0.2401,0.0062,0.0505
CT009315,Zone_01,Zone_07,0.3521,0.0471,0.0833,0.0709,0.1447,0.0353,0.0392,0.3521,0.1627,0.0114,0.0532
CT000672,Zone_07,Zone_07,0.2769,0.0703,0.0668,0.0908,0.1217,0.0419,0.0468,0.2769,0.2264,0.0089,0.0495
CT005093,Zone_04,Zone_07,0.2852,0.0625,0.0572,0.0878,0.1247,0.0411,0.0422,0.2852,0.2416,0.009,0.0487
CT005825,Zone_05,Zone_08,0.2551,0.056,0.0538,0.1044,0.1065,0.0616,0.0676,0.2111,0.2551,0.0074,0.0766
CT016209,Zone_07,Zone_08,0.308,0.0649,0.0606,0.0704,0.1199,0.0459,0.0494,0.2252,0.308,0.0093,0.0465
CT008799,Zone_03,Zone_07,0.3383,0.0625,0.0912,0.069,0.1358,0.0324,0.0341,0.3383,0.1569,0.008,0.0718
CT014280,Zone_08,Zone_07,0.2346,0.0483,0.1011,0.1194,0.1169,0.0349,0.0408,0.2346,0.2285,0.014,0.0614
CT011090,Zone_08,Zone_07,0.2672,0.0573,0.0906,0.0916,0.1186,0.0409,0.0566,0.2672,0.2032,0.0159,0.0579
CT009745,Zone_07,Zone_07,0.2715,0.0682,0.0568,0.0917,0.119,0.0372,0.0522,0.2715,0.2251,0.0075,0.0708
CT000880,Zone_07,Zone_07,0.2683,0.0515,0.0808,0.087,0.1352,0.035,0.06,0.2683,0.1952,0.015,0.0721
CT000492,Zone_07,Zone_07,0.3028,0.0658,0.0867,0.1112,0.1331,0.0259,0.0329,0.3028,0.1612,0.012,0.0684
CT004232,Zone_02,Zone_07,0.2923,0.077,0.0615,0.0788,0.1533,0.0351,0.0368,0.2923,0.1934,0.014,0.0578
CT013753,Zone_06,Zone_07,0.2797,0.0819,0.0999,0.0842,0.1108,0.0406,0.0297,0.2797,0.1994,0.0183,0.0555
CT002636,Zone_08,Zone_07,0.2653,0.045,0.089,0.0972,0.1205,0.0393,0.0542,0.2653,0.205,0.0093,0.0752
CT000983,Zone_07,Zone_07,0.279,0.0693,0.0555,0.0858,0.1186,0.0435,0.0717,0.279,0.2052,0.0123,0.059
CT011627,Zone_01,Zone_07,0.3045,0.0585,0.074,0.0802,0.1634,0.0261,0.0356,0.3045,0.1994,0.0109,0.0475
CT002498,Zone_01,Zone_08,0.2732,0.0484,0.087,0.0749,0.1396,0.037,0.0517,0.2182,0.2732,0.0045,0.0657
CT003560,Zone_08,Zone_07,0.2464,0.0558,0.062,0.1103,0.1355,0.0395,0.0557,0.2464,0.2245,0.015,0.0551
CT017795,Zone_08,Zone_08,0.2656,0.0685,0.1033,0.0844,0.1111,0.0389,0.0389,0.221,0.2656,0.0085,0.0599
CT006943,Zone_07,Zone_08,0.2716,0.0965,0.0947,0.1155,0.0747,0.0492,0.0312,0.1163,0.2716,0.0002,0.1501
CT000679,Zone_03,Zone_07,0.2555,0.0609,0.09,0.1011,0.115,0.0328,0.0297,0.2555,0.2275,0.0126,0.0749
CT011767,Zone_07,Zone_07,0.2703,0.0706,0.0757,0.0846,0.1285,0.0431,0.0224,0.2703,0.2325,0.0182,0.0542
CT001081,Zone_04,Zone_07,0.3213,0.0709,0.076,0.0963,0.1589,0.0379,0.0238,0.3213,0.1532,0.0085,0.0533
CT008974,Zone_02,Zone_07,0.2792,0.0491,0.091,0.085,0.1218,0.0482,0.0475,0.2792,0.201,0.0092,0.068
CT004965,Zone_04,Zone_08,0.2512,0.0478,0.0939,0.0877,0.1464,0.0323,0.0373,0.2393,0.2512,0.0077,0.0564
CT002338,Zone_05,Zone_07,0.2748,0.0598,0.0711,0.0939,0.1127,0.0429,0.0474,0.2748,0.2201,0.0128,0.0645
CT010175,Zone_01,Zone_07,0.3099,0.0687,0.083,0.0938,0.1277,0.0309,0.0282,0.3099,0.1727,0.0113,0.0738
CT003111,Zone_04,Zone_07,0.3346,0.0595,0.0644,0.0943,0.1144,0.0264,0.0398,0.3346,0.1864,0.0185,0.0618
CT016461,Zone_04,Zone_07,0.2628,0.0512,0.0703,0.0777,0.1499,0.037,0.0538,0.2628,0.2371,0.008,0.0522
CT012844,Zone_01,Zone_07,0.2518,0.0492,0.0875,0.0808,0.1215,0.0412,0.0529,0.2518,0.2411,0.0089,0.065
CT003410,Zone_03,Zone_07,0.2928,0.05,0.0689,0.0796,0.1565,0.0443,0.0464,0.2928,0.2085,0.0063,0.0467
CT007834,Zone_07,Zone_08,0.3148,0.0477,0.0712,0.0703,0.1658,0.0359,0.0438,0.1979,0.3148,0.0116,0.0409
CT014286,Zone_03,Zone_07,0.321,0.0505,0.0677,0.0988,0.1271,0.0421,0.0416,0.321,0.187,0.0056,0.0585
CT019612,Zone_07,Zone_07,0.299,0.0618,0.0645,0.0844,0.1408,0.0417,0.036,0.299,0.1771,0.0197,0.0751
CT014305,Zone_10,Zone_08,0.2413,0.0554,0.0905,0.0853,0.1632,0.0391,0.0346,0.2309,0.2413,0.0046,0.0551
CT003385,Zone_01,Zone_07,0.3264,0.0719,0.0856,0.0682,0.1601,0.0335,0.0224,0.3264,0.1723,0.0039,0.0556
CT019244,Zone_07,Zone_07,0.29,0.0704,0.0782,0.0671,0.1423,0.0489,0.0401,0.29,0.1849,0.0141,0.064
CT016500,Zone_04,Zone_07,0.2401,0.047,0.1082,0.0995,0.1126,0.0331,0.0712,0.2401,0.221,0.0117,0.0556
CT005770,Zone_07,Zone_07,0.2757,0.0707,0.0633,0.0816,0.1488,0.0392,0.0572,0.2757,0.1849,0.0176,0.0609
CT006311,Zone_03,Zone_07,0.2841,0.0748,0.057,0.0839,0.1427,0.0381,0.0327,0.2841,0.2217,0.014,0.0509
CT006631,Zone_07,Zone_07,0.2654,0.0696,0.0468,0.097,0.1327,0.049,0.043,0.2654,0.2292,0.0132,0.054
CT014224,Zone_10,Zone_07,0.2729,0.0651,0.085,0.088,0.127,0.0392,0.0372,0.2729,0.1864,0.0136,0.0853
CT006479,Zone_04,Zone_08,0.2432,0.0565,0.0778,0.0736,0.1597,0.032,0.0353,0.2398,0.2432,0.0064,0.0757
CT012861,Zone_07,Zone_07,0.2823,0.0505,0.0777,0.1076,0.116,0.0456,0.0552,0.2823,0.2031,0.0134,0.0485
CT007324,Zone_10,Zone_07,0.3074,0.0509,0.0906,0.0868,0.139,0.0245,0.0477,0.3074,0.1944,0.0097,0.0489
CT004164,Zone_05,Zone_07,0.3253,0.074,0.0853,0.084,0.1241,0.0441,0.0318,0.3253,0.1567,0.0088,0.0658
CT009526,Zone_07,Zone_07,0.2826,0.0635,0.0681,0.108,0.1174,0.035,0.0258,0.2826,0.2293,0.0082,0.0621
CT016947,Zone_06,Zone_07,0.2747,0.0623,0.0822,0.0755,0.1228,0.0343,0.0401,0.2747,0.2262,0.0092,0.0727
CT017124,Zone_10,Zone_08,0.2633,0.0489,0.0674,0.0752,0.1418,0.0283,0.0619,0.2402,0.2633,0.0086,0.0643
CT019690,Zone_08,Zone_07,0.2615,0.0603,0.113,0.1001,0.112,0.0364,0.0315,0.2615,0.2162,0.0188,0.0502
CT014508,Zone_02,Zone_08,0.2927,0.0646,0.058,0.0975,0.1022,0.0372,0.0653,0.2164,0.2927,0.0049,0.0613
CT004472,Zone_04,Zone_07,0.3408,0.0681,0.0684,0.0896,0.1253,0.0424,0.0344,0.3408,0.1756,0.0086,0.0466
CT014473,Zone_03,Zone_07,0.2812,0.0534,0.0966,0.1025,0.1112,0.0405,0.042,0.2812,0.2052,0.0174,0.0501
CT003954,Zone_08,Zone_07,0.2977,0.0489,0.0676,0.084,0.1457,0.0209,0.0451,0.2977,0.2184,0.0125,0.0592
CT003832,Zone_07,Zone_07,0.3336,0.0607,0.0952,0.0733,0.1116,0.0276,0.0432,0.3336,0.1778,0.0098,0.0673
CT019581,Zone_01,Zone_07,0.298,0.067,0.0964,0.0947,0.1118,0.0215,0.0394,0.298,0.2093,0.0072,0.0547
CT000595,Zone_02,Zone_07,0.2752,0.056,0.1088,0.0854,0.1097,0.035,0.0504,0.2752,0.1997,0.0153,0.0645
CT001586,Zone_10,Zone_07,0.2632,0.0561,0.0817,0.0999,0.1406,0.0328,0.0421,0.2632,0.2134,0.0254,0.0447
CT008849,Zone_07,Zone_07,0.3329,0.062,0.0772,0.0862,0.1107,0.0393,0.0407,0.3329,0.1817,0.0118,0.0576
CT018566,Zone_07,Zone_07,0.3063,0.0672,0.1136,0.0765,0.1089,0.0335,0.0299,0.3063,0.1853,0.0136,0.0653
CT007235,Zone_08,Zone_07,0.2997,0.0619,0.0738,0.0958,0.1051,0.0463,0.0391,0.2997,0.2035,0.0116,0.0632
CT002999,Zone_10,Zone_07,0.2831,0.0511,0.1041,0.0895,0.1382,0.0346,0.0395,0.2831,0.1869,0.0304,0.0427
CT010792,Zone_07,Zone_07,0.2795,0.0545,0.0995,0.0803,0.1098,0.0376,0.0531,0.2795,0.1941,0.0187,0.0727
CT015872,Zone_10,Zone_07,0.2618,0.0667,0.0487,0.1058,0.1157,0.0449,0.0413,0.2618,0.241,0.0106,0.0636
CT008488,Zone_02,Zone_07,0.2723,0.0599,0.0732,0.0737,0.1678,0.0297,0.0395,0.2723,0.2035,0.0088,0.0717
CT016060,Zone_08,Zone_07,0.2752,0.0521,0.0954,0.1028,0.1036,0.0349,0.0518,0.2752,0.2026,0.019,0.0625
CT013929,Zone_07,Zone_07,0.3196,0.0628,0.0815,0.0837,0.1151,0.0314,0.036,0.3196,0.1845,0.0122,0.0733
CT014966,Zone_08,Zone_08,0.2491,0.0663,0.0718,0.1051,0.1371,0.0324,0.0367,0.2372,0.2491,0.0095,0.0548
CT000633,Zone_02,Zone_07,0.2666,0.0681,0.0768,0.0681,0.1349,0.055,0.0443,0.2666,0.1966,0.0147,0.0748
CT019291,Zone_02,Zone_07,0.2638,0.0548,0.0839,0.0523,0.1457,0.052,0.0481,0.2638,0.238,0.0053,0.0562
CT015071,Zone_02,Zone_07,0.2598,0.0733,0.078,0.0899,0.1197,0.0357,0.0295,0.2598,0.2406,0.0216,0.0518
CT017340,Zone_03,Zone_07,0.3251,0.0631,0.0695,0.0827,0.1196,0.0268,0.0423,0.3251,0.1869,0.0201,0.0638
CT018421,Zone_06,Zone_07,0.3453,0.0699,0.0693,0.0924,0.1446,0.0313,0.0397,0.3453,0.1517,0.0077,0.048
CT016335,Zone_07,Zone_08,0.2868,0.0868,0.0748,0.1387,0.0589,0.0613,0.0376,0.0985,0.2868,0.0,0.1566
CT009391,Zone_08,Zone_07,0.2643,0.0659,0.0759,0.1142,0.1028,0.04,0.0328,0.2643,0.2315,0.0086,0.064
CT005031,Zone_02,Zone_08,0.2677,0.0563,0.0786,0.1097,0.1126,0.0344,0.0431,0.2241,0.2677,0.0192,0.0544
CT003662,Zone_06,Zone_08,0.2706,0.0485,0.0728,0.0754,0.1347,0.0359,0.0432,0.2405,0.2706,0.0072,0.0713
CT000080,Zone_07,Zone_08,0.2493,0.0805,0.0826,0.0843,0.1229,0.0382,0.0374,0.236,0.2493,0.0094,0.0592
CT005513,Zone_08,Zone_08,0.255,0.0555,0.0667,0.0842,0.1531,0.0368,0.0426,0.2528,0.255,0.0035,0.0497
CT003828,Zone_04,Zone_07,0.3109,0.0595,0.0644,0.1042,0.1567,0.0333,0.025,0.3109,0.1926,0.0107,0.0428
CT006081,Zone_01,Zone_07,0.3106,0.0649,0.1064,0.0899,0.1401,0.031,0.0385,0.3106,0.1402,0.0091,0.0694
CT016370,Zone_04,Zone_07,0.2773,0.0469,0.0872,0.1357,0.1355,0.0331,0.0458,0.2773,0.1784,0.0141,0.0461
CT014113,Zone_08,Zone_08,0.2656,0.0946,0.0678,0.0834,0.1314,0.0427,0.0399,0.2077,0.2656,0.006,0.0608
CT003925,Zone_01,Zone_07,0.2598,0.0576,0.0772,0.0822,0.1207,0.0483,0.0482,0.2598,0.2256,0.0087,0.0717
CT018540,Zone_04,Zone_07,0.2417,0.0515,0.0886,0.0667,0.1694,0.0417,0.0347,0.2417,0.2236,0.0078,0.0743
CT019500,Zone_07,Zone_08,0.2679,0.0663,0.0585,0.0991,0.1324,0.0386,0.0442,0.226,0.2679,0.0069,0.0602
CT002248,Zone_08,Zone_07,0.3413,0.0562,0.0867,0.0954,0.1256,0.0296,0.0327,0.3413,0.1697,0.0105,0.0522
CT006715,Zone_08,Zone_07,0.2332,0.0495,0.1014,0.1156,0.1306,0.0368,0.0422,0.2332,0.2301,0.0135,0.0471
CT014175,Zone_01,Zone_07,0.3149,0.0422,0.0781,0.0906,0.1112,0.0326,0.0711,0.3149,0.1851,0.0161,0.0581
CT009301,Zone_07,Zone_07,0.2706,0.0628,0.0722,0.1083,0.1076,0.0381,0.0466,0.2706,0.2152,0.0122,0.0663
CT008040,Zone_07,Zone_08,0.3095,0.0434,0.068,0.0856,0.1712,0.0311,0.0388,0.2033,0.3095,0.0081,0.0409
CT017007,Zone_07,Zone_07,0.2592,0.0406,0.0768,0.0883,0.1567,0.0342,0.0499,0.2592,0.2416,0.0041,0.0485
CT012420,Zone_01,Zone_07,0.2873,0.0476,0.0693,0.105,0.1575,0.0381,0.0377,0.2873,0.2027,0.0066,0.0482
CT016181,Zone_06,Zone_08,0.2595,0.0651,0.0689,0.0791,0.1217,0.0316,0.046,0.2561,0.2595,0.0099,0.062
CT007175,Zone_04,Zone_07,0.2519,0.0474,0.0995,0.1058,0.1301,0.0343,0.0521,0.2519,0.217,0.01,0.0518
CT016737,Zone_08,Zone_08,0.264,0.0695,0.0641,0.0964,0.112,0.0526,0.0486,0.2214,0.264,0.01,0.0614
CT009634,Zone_04,Zone_07,0.3155,0.0495,0.0915,0.0721,0.1618,0.0363,0.0261,0.3155,0.1766,0.0049,0.0656
CT014245,Zone_04,Zone_08,0.2882,0.0696,0.0606,0.1075,0.1013,0.0429,0.044,0.21,0.2882,0.0154,0.0605
CT000710,Zone_08,Zone_07,0.2679,0.0537,0.0743,0.1161,0.1231,0.0406,0.0367,0.2679,0.229,0.0099,0.0487
CT000870,Zone_01,Zone_07,0.3302,0.0488,0.0718,0.089,0.1584,0.0217,0.0345,0.3302,0.1866,0.0121,0.0469
CT006696,Zone_04,Zone_07,0.3581,0.0496,0.0932,0.072,0.1271,0.0313,0.0308,0.3581,0.1727,0.007,0.0582
CT004804,Zone_08,Zone_07,0.3437,0.0608,0.0729,0.0708,0.1373,0.0309,0.0402,0.3437,0.1622,0.0155,0.0658
CT006299,Zone_04,Zone_07,0.2855,0.0713,0.0853,0.0876,0.1162,0.0461,0.0357,0.2855,0.1983,0.0098,0.0642
CT015789,Zone_08,Zone_08,0.2857,0.0643,0.0442,0.0974,0.1205,0.0361,0.0421,0.2598,0.2857,0.0102,0.0397
CT017294,Zone_01,Zone_08,0.2471,0.0567,0.0758,0.1253,0.1129,0.0448,0.0369,0.2321,0.2471,0.0084,0.06
CT016179,Zone_04,Zone_07,0.2676,0.0699,0.0792,0.0856,0.1424,0.0318,0.0432,0.2676,0.2212,0.0143,0.0448
CT003183,Zone_08,Zone_07,0.3146,0.0534,0.089,0.1056,0.1103,0.0323,0.0397,0.3146,0.1793,0.0183,0.0575
CT019007,Zone_06,Zone_07,0.2721,0.0519,0.0674,0.1154,0.1113,0.0408,0.0297,0.2721,0.2428,0.0111,0.0575
CT004560,Zone_07,Zone_07,0.3101,0.0647,0.0988,0.0689,0.1193,0.0394,0.0372,0.3101,0.1717,0.0166,0.0733
CT016920,Zone_03,Zone_08,0.2819,0.0663,0.107,0.0952,0.0988,0.0398,0.048,0.2007,0.2819,0.0164,0.046
CT013311,Zone_07,Zone_07,0.3563,0.0651,0.0752,0.0947,0.1172,0.0255,0.0232,0.3563,0.1706,0.0101,0.062
CT006160,Zone_10,Zone_07,0.2638,0.0663,0.0523,0.1021,0.1183,0.0488,0.0336,0.2638,0.2548,0.0122,0.0478
CT015337,Zone_08,Zone_07,0.2861,0.0478,0.0843,0.1042,0.1765,0.0239,0.0389,0.2861,0.1815,0.0062,0.0507
CT003326,Zone_07,Zone_07,0.3138,0.0704,0.0791,0.0828,0.1215,0.0331,0.0327,0.3138,0.19,0.0122,0.0644
CT006185,Zone_01,Zone_07,0.2583,0.0705,0.076,0.0735,0.1393,0.0659,0.0407,0.2583,0.1873,0.0142,0.0744
CT008840,Zone_08,Zone_08,0.2795,0.047,0.0685,0.0727,0.1401,0.035,0.0659,0.2178,0.2795,0.0079,0.0655
CT012215,Zone_08,Zone_08,0.2714,0.0456,0.0883,0.0857,0.1513,0.0345,0.0518,0.218,0.2714,0.0046,0.0489
CT018999,Zone_07,Zone_08,0.313,0.075,0.0715,0.0736,0.1214,0.0322,0.0518,0.2123,0.313,0.0047,0.0445
CT005260,Zone_01,Zone_07,0.345,0.071,0.0736,0.0914,0.139,0.0355,0.0416,0.345,0.1525,0.0062,0.0442
CT018337,Zone_04,Zone_08,0.2513,0.0715,0.0875,0.0831,0.1039,0.0431,0.0331,0.233,0.2513,0.0251,0.0684
CT011398,Zone_08,Zone_07,0.2603,0.073,0.0682,0.0756,0.131,0.04,0.0499,0.2603,0.2312,0.0137,0.057
CT013822,Zone_06,Zone_07,0.3398,0.0466,0.0728,0.0714,0.1594,0.0361,0.0291,0.3398,0.1835,0.0092,0.0521
CT012567,Zone_08,Zone_08,0.2468,0.0741,0.074,0.093,0.1242,0.0426,0.0333,0.2167,0.2468,0.0098,0.0855
CT018106,Zone_07,Zone_07,0.3243,0.0458,0.0741,0.1073,0.1337,0.0354,0.0444,0.3243,0.1762,0.0072,0.0515
CT011405,Zone_08,Zone_07,0.2901,0.0551,0.0621,0.0844,0.1214,0.0481,0.0586,0.2901,0.2127,0.011,0.0565
CT015663,Zone_06,Zone_07,0.2693,0.0535,0.1038,0.0885,0.156,0.0345,0.0367,0.2693,0.1958,0.0031,0.0588
CT010998,Zone_07,Zone_07,0.3034,0.0618,0.0888,0.0845,0.1182,0.0298,0.0384,0.3034,0.2097,0.0078,0.0575
CT010466,Zone_07,Zone_07,0.2942,0.065,0.0922,0.095,0.1249,0.0492,0.0355,0.2942,0.1754,0.0064,0.0621
CT013578,Zone_10,Zone_07,0.3276,0.0455,0.0678,0.0836,0.1274,0.0372,0.051,0.3276,0.1836,0.0116,0.0647
CT006967,Zone_07,Zone_08,0.3062,0.0649,0.0632,0.0779,0.1211,0.041,0.0444,0.2336,0.3062,0.008,0.0398
CT010607,Zone_05,Zone_07,0.2764,0.077,0.0853,0.0968,0.1156,0.0295,0.0338,0.2764,0.223,0.0056,0.0571
CT019366,Zone_07,Zone_08,0.2691,0.05,0.0897,0.0757,0.1406,0.0379,0.0421,0.2273,0.2691,0.005,0.0625
CT007464,Zone_06,Zone_08,0.2811,0.0422,0.0781,0.0827,0.1457,0.0434,0.0627,0.2068,0.2811,0.0047,0.0525
CT006398,Zone_03,Zone_08,0.2625,0.0651,0.0858,0.0792,0.1027,0.0375,0.0477,0.2277,0.2625,0.0215,0.0702
CT017277,Zone_10,Zone_07,0.2538,0.0474,0.0572,0.1178,0.108,0.0401,0.0487,0.2538,0.2533,0.0175,0.0563
CT018199,Zone_07,Zone_08,0.233,0.0707,0.0847,0.075,0.1287,0.0474,0.0343,0.2323,0.233,0.0203,0.0736
CT012748,Zone_04,Zone_08,0.2971,0.0616,0.0536,0.1071,0.1131,0.0401,0.0422,0.2314,0.2971,0.0069,0.0468
CT000149,Zone_08,Zone_07,0.2748,0.0483,0.0828,0.1014,0.1191,0.0557,0.0514,0.2748,0.195,0.0186,0.0528
CT019626,Zone_02,Zone_08,0.2438,0.0484,0.0879,0.0796,0.1595,0.0331,0.066,0.2222,0.2438,0.0048,0.0547
CT008011,Zone_10,Zone_07,0.2789,0.0766,0.0664,0.0902,0.1273,0.042,0.0438,0.2789,0.2162,0.0108,0.0477
CT015467,Zone_07,Zone_08,0.2642,0.0509,0.0674,0.0905,0.1374,0.0371,0.0472,0.2253,0.2642,0.0037,0.0763
CT011287,Zone_10,Zone_07,0.2971,0.0765,0.1052,0.0834,0.1413,0.0432,0.0352,0.2971,0.1462,0.0089,0.0628
CT007189,Zone_03,Zone_07,0.2813,0.077,0.0568,0.0914,0.1379,0.0482,0.0266,0.2813,0.2185,0.0081,0.0542
CT010435,Zone_04,Zone_08,0.2225,0.0738,0.086,0.0858,0.1216,0.0564,0.0715,0.2103,0.2225,0.0083,0.0637
CT017259,Zone_04,Zone_07,0.3146,0.0572,0.0785,0.097,0.1047,0.0406,0.052,0.3146,0.191,0.0137,0.0509
CT017613,Zone_04,Zone_07,0.3271,0.0746,0.0852,0.0849,0.1245,0.0436,0.0311,0.3271,0.1549,0.0085,0.0657
CT010625,Zone_08,Zone_07,0.2713,0.0482,0.054,0.0853,0.1514,0.0462,0.0401,0.2713,0.2518,0.0072,0.0444
CT008775,Zone_08,Zone_07,0.2676,0.0483,0.0772,0.0866,0.1085,0.036,0.0591,0.2676,0.2344,0.0232,0.0591
CT001153,Zone_03,Zone_07,0.3214,0.046,0.0978,0.0948,0.115,0.0335,0.0529,0.3214,0.1735,0.0109,0.0543
CT018217,Zone_08,Zone_08,0.3275,0.0591,0.0838,0.0834,0.1155,0.0295,0.0644,0.1865,0.3275,0.0062,0.0439
CT004556,Zone_07,Zone_08,0.2699,0.0959,0.086,0.0763,0.126,0.0393,0.0263,0.2259,0.2699,0.0081,0.0461
CT018715,Zone_07,Zone_07,0.3503,0.0457,0.0903,0.0851,0.1454,0.0202,0.0319,0.3503,0.1771,0.0145,0.0395
CT017330,Zone_03,Zone_07,0.2939,0.0549,0.0957,0.0984,0.1271,0.0309,0.0436,0.2939,0.1893,0.0091,0.0571
CT002345,Zone_08,Zone_07,0.2753,0.045,0.0696,0.1022,0.1118,0.0411,0.0631,0.2753,0.2052,0.0142,0.0725
CT002196,Zone_08,Zone_07,0.3437,0.0547,0.0706,0.0788,0.1352,0.0353,0.0326,0.3437,0.1862,0.0054,0.0576
CT005233,Zone_08,Zone_07,0.2644,0.0546,0.1019,0.1296,0.1447,0.0205,0.0448,0.2644,0.1956,0.0073,0.0365
CT008826,Zone_07,Zone_07,0.2437,0.0707,0.0849,0.0871,0.1104,0.038,0.0404,0.2437,0.2424,0.0065,0.0759
CT018546,Zone_07,Zone_07,0.2883,0.0638,0.1042,0.0864,0.1076,0.0283,0.0348,0.2883,0.204,0.007,0.0757
CT008726,Zone_06,Zone_08,0.2592,0.0616,0.0781,0.0907,0.1041,0.0305,0.0584,0.2507,0.2592,0.0067,0.06
CT001878,Zone_04,Zone_07,0.2743,0.077,0.0547,0.0894,0.1422,0.0365,0.05,0.2743,0.2088,0.0144,0.0527
CT012711,Zone_07,Zone_07,0.3261,0.0846,0.0904,0.0759,0.1362,0.0304,0.0266,0.3261,0.1688,0.008,0.0531
CT012856,Zone_07,Zone_07,0.3168,0.036,0.0794,0.0912,0.1262,0.0378,0.0468,0.3168,0.2003,0.0072,0.0582
CT012822,Zone_04,Zone_08,0.254,0.0705,0.0936,0.0845,0.1378,0.0404,0.0506,0.2145,0.254,0.0087,0.0456
CT001755,Zone_04,Zone_07,0.3241,0.057,0.0854,0.1162,0.1389,0.0338,0.0284,0.3241,0.1639,0.0061,0.0462
CT012615,Zone_03,Zone_07,0.2578,0.0788,0.0501,0.0885,0.1643,0.0369,0.0371,0.2578,0.2123,0.015,0.0591
CT012617,Zone_07,Zone_07,0.2417,0.057,0.0766,0.096,0.1432,0.0409,0.0461,0.2417,0.2265,0.014,0.0581
CT007347,Zone_04,Zone_07,0.3641,0.0594,0.0756,0.0657,0.1524,0.0354,0.0254,0.3641,0.1606,0.0055,0.0559
CT013599,Zone_04,Zone_08,0.251,0.0674,0.0597,0.0988,0.1346,0.0422,0.0276,0.2448,0.251,0.0083,0.0655
CT015792,Zone_07,Zone_07,0.2574,0.0736,0.0836,0.0945,0.1185,0.0338,0.0336,0.2574,0.223,0.0107,0.0714
CT018839,Zone_02,Zone_07,0.2567,0.049,0.0951,0.0976,0.1112,0.027,0.0538,0.2567,0.2431,0.0057,0.0609
CT001932,Zone_08,Zone_07,0.2663,0.0725,0.0767,0.0835,0.1254,0.0408,0.0417,0.2663,0.225,0.0065,0.0616
CT001394,Zone_02,Zone_08,0.2423,0.077,0.056,0.0868,0.1179,0.0411,0.0712,0.2366,0.2423,0.0121,0.059
CT007076,Zone_08,Zone_07,0.2693,0.0573,0.0904,0.0898,0.1174,0.051,0.0554,0.2693,0.193,0.0108,0.0657
CT016131,Zone_02,Zone_08,0.2739,0.0587,0.0497,0.1113,0.1187,0.0437,0.0328,0.2546,0.2739,0.0116,0.045
CT017687,Zone_04,Zone_08,0.2584,0.0644,0.079,0.0743,0.1154,0.0417,0.0562,0.2354,0.2584,0.0107,0.0646
CT005690,Zone_06,Zone_07,0.3088,0.0378,0.0537,0.1042,0.1371,0.0314,0.0517,0.3088,0.2092,0.0154,0.0508
CT014108,Zone_01,Zone_07,0.2486,0.0649,0.1072,0.0827,0.1134,0.0422,0.0636,0.2486,0.2059,0.0142,0.0574
CT013335,Zone_08,Zone_07,0.3033,0.067,0.0871,0.0836,0.1223,0.0459,0.0389,0.3033,0.1746,0.0148,0.0625
CT016143,Zone_01,Zone_08,0.2646,0.0626,0.0775,0.0835,0.1033,0.035,0.0609,0.2388,0.2646,0.0081,0.0656
CT011875,Zone_07,Zone_07,0.2528,0.0427,0.0862,0.1289,0.1192,0.0382,0.0505,0.2528,0.2182,0.0098,0.0535
CT015782,Zone_07,Zone_08,0.2672,0.0476,0.1149,0.1012,0.1214,0.0385,0.0542,0.1838,0.2672,0.0209,0.0504
CT005171,Zone_08,Zone_07,0.2823,0.0758,0.0597,0.0795,0.1321,0.0393,0.0367,0.2823,0.2215,0.0142,0.0589
CT013015,Zone_04,Zone_07,0.2719,0.0674,0.0929,0.0997,0.1333,0.0431,0.0469,0.2719,0.1838,0.0141,0.0468
CT009135,Zone_02,Zone_08,0.2477,0.07,0.0649,0.1006,0.1273,0.0433,0.0335,0.2455,0.2477,0.0078,0.0593
CT011714,Zone_04,Zone_08,0.2582,0.0665,0.0817,0.0881,0.1088,0.0487,0.0549,0.226,0.2582,0.0092,0.0578
CT019739,Zone_04,Zone_07,0.3141,0.0804,0.0606,0.1005,0.1534,0.0248,0.0298,0.3141,0.1686,0.0092,0.0586
CT010826,Zone_08,Zone_07,0.2598,0.0492,0.064,0.0923,0.1328,0.0314,0.0527,0.2598,0.2526,0.0056,0.0596
CT006293,Zone_06,Zone_07,0.2465,0.0636,0.0699,0.0972,0.1415,0.0383,0.0443,0.2465,0.2294,0.0192,0.0501
CT017518,Zone_02,Zone_08,0.2602,0.0582,0.0751,0.1041,0.1296,0.0311,0.058,0.216,0.2602,0.0051,0.0625
CT009029,Zone_02,Zone_07,0.3397,0.0468,0.0748,0.0827,0.1134,0.0345,0.0501,0.3397,0.1769,0.0182,0.0629
CT007188,Zone_04,Zone_07,0.2454,0.0626,0.0615,0.1109,0.1277,0.0281,0.0639,0.2454,0.2403,0.0078,0.0516
CT007876,Zone_03,Zone_07,0.2711,0.0694,0.0993,0.1061,0.1263,0.0379,0.0377,0.2711,0.1814,0.0078,0.063
CT004775,Zone_02,Zone_08,0.2355,0.0527,0.1293,0.0944,0.1074,0.0353,0.0524,0.2174,0.2355,0.0202,0.0553
CT009804,Zone_07,Zone_08,0.2682,0.0503,0.0798,0.0702,0.1409,0.0309,0.0438,0.2439,0.2682,0.0065,0.0656
CT018108,Zone_08,Zone_07,0.2742,0.0604,0.0761,0.0964,0.1361,0.0303,0.0476,0.2742,0.2228,0.0063,0.0499
CT005918,Zone_07,Zone_07,0.2688,0.0663,0.0595,0.1001,0.1415,0.0437,0.0497,0.2688,0.2088,0.014,0.0476
CT001461,Zone_07,Zone_07,0.2334,0.0855,0.0697,0.087,0.1215,0.0472,0.0547,0.2334,0.2317,0.0086,0.0608
CT018162,Zone_07,Zone_07,0.3038,0.0535,0.0784,0.0709,0.1325,0.0437,0.0462,0.3038,0.2011,0.0068,0.0632
CT007729,Zone_08,Zone_08,0.2736,0.0551,0.072,0.126,0.1118,0.0376,0.0309,0.2281,0.2736,0.0161,0.0488
CT003401,Zone_02,Zone_07,0.2893,0.0667,0.0574,0.0871,0.1294,0.0327,0.0476,0.2893,0.1939,0.0217,0.0743
CT002293,Zone_08,Zone_08,0.2719,0.0825,0.0678,0.0787,0.1494,0.0495,0.0373,0.2062,0.2719,0.0086,0.0481
CT017134,Zone_03,Zone_07,0.2516,0.0674,0.0686,0.0905,0.1087,0.0393,0.0473,0.2516,0.2408,0.0137,0.0721
CT015518,Zone_07,Zone_07,0.257,0.0497,0.1077,0.0791,0.1025,0.0517,0.0663,0.257,0.2011,0.0137,0.0713
CT007854,Zone_08,Zone_07,0.2782,0.0838,0.0658,0.0798,0.1454,0.0404,0.0338,0.2782,0.2062,0.0107,0.056
CT019179,Zone_07,Zone_08,0.2427,0.0366,0.0993,0.0983,0.1699,0.0324,0.0373,0.2239,0.2427,0.0048,0.0548
CT002430,Zone_07,Zone_07,0.3292,0.0529,0.0888,0.091,0.1149,0.057,0.0404,0.3292,0.159,0.0128,0.0541
CT001082,Zone_06,Zone_08,0.3054,0.0458,0.0547,0.084,0.1585,0.0363,0.0417,0.212,0.3054,0.006,0.0557
CT010815,Zone_03,Zone_07,0.3831,0.0567,0.0521,0.0996,0.1636,0.0186,0.0376,0.3831,0.1461,0.0056,0.0369
CT007868,Zone_01,Zone_07,0.3372,0.0637,0.1083,0.0979,0.1454,0.0258,0.026,0.3372,0.1383,0.0091,0.0482
CT016836,Zone_08,Zone_07,0.2644,0.0526,0.1133,0.0738,0.1534,0.0237,0.0386,0.2644,0.2119,0.0038,0.0644
CT011234,Zone_07,Zone_07,0.2921,0.0518,0.0709,0.0733,0.1525,0.04,0.0368,0.2921,0.2073,0.0084,0.0668
CT014200,Zone_08,Zone_07,0.2938,0.0735,0.1068,0.0836,0.1276,0.0271,0.0384,0.2938,0.1768,0.0134,0.0589
CT016862,Zone_07,Zone_07,0.2505,0.0562,0.0848,0.1118,0.1236,0.0249,0.0396,0.2505,0.2488,0.0098,0.05
CT010787,Zone_08,Zone_07,0.3047,0.0696,0.0752,0.0943,0.1173,0.0392,0.0337,0.3047,0.1943,0.0081,0.0636
CT007485,Zone_04,Zone_07,0.2674,0.0829,0.0771,0.0748,0.1275,0.0553,0.0453,0.2674,0.195,0.0077,0.0671
CT018266,Zone_08,Zone_07,0.2609,0.0736,0.0496,0.0938,0.1301,0.0419,0.0455,0.2609,0.2416,0.0155,0.0477
CT004758,Zone_10,Zone_08,0.2595,0.0725,0.0758,0.0673,0.1181,0.0413,0.0671,0.2247,0.2595,0.0135,0.06
CT014475,Zone_08,Zone_07,0.2426,0.0562,0.1136,0.0861,0.1294,0.0359,0.0602,0.2426,0.2009,0.024,0.0511
CT009818,Zone_02,Zone_08,0.2435,0.1047,0.0772,0.0828,0.152,0.0291,0.0261,0.2316,0.2435,0.003,0.05
CT005617,Zone_08,Zone_07,0.3054,0.0761,0.0845,0.0755,0.1226,0.0339,0.0366,0.3054,0.194,0.0079,0.0634
CT006622,Zone_04,Zone_07,0.384,0.0502,0.0642,0.0863,0.1481,0.0208,0.0186,0.384,0.1674,0.0079,0.0526
CT017041,Zone_08,Zone_07,0.258,0.0756,0.0716,0.0921,0.1501,0.0343,0.0299,0.258,0.2231,0.0166,0.0487
CT017105,Zone_02,Zone_08,0.2679,0.0483,0.0692,0.08,0.1655,0.0281,0.0354,0.2543,0.2679,0.0064,0.0449
CT000635,Zone_02,Zone_07,0.2394,0.0498,0.0736,0.0938,0.1162,0.0462,0.0674,0.2394,0.2339,0.006,0.0736
CT005251,Zone_08,Zone_07,0.4041,0.0549,0.0744,0.0821,0.1389,0.0175,0.0173,0.4041,0.1501,0.0106,0.0501
CT007167,Zone_07,Zone_07,0.2554,0.0496,0.0826,0.0892,0.1076,0.047,0.0673,0.2554,0.2166,0.0153,0.0695
CT010911,Zone_07,Zone_07,0.2452,0.0714,0.0627,0.0883,0.13,0.0256,0.0539,0.2452,0.2385,0.0149,0.0694
CT003549,Zone_03,Zone_08,0.2435,0.0714,0.0699,0.0826,0.1325,0.0436,0.04,0.2407,0.2435,0.0081,0.0678
CT010893,Zone_07,Zone_08,0.2452,0.0701,0.0916,0.0596,0.1277,0.0558,0.0506,0.2309,0.2452,0.0077,0.0608
CT007509,Zone_08,Zone_07,0.2598,0.0546,0.0691,0.0913,0.1061,0.047,0.0549,0.2598,0.2371,0.0159,0.0642
CT016140,Zone_10,Zone_07,0.299,0.0739,0.0729,0.093,0.1327,0.0324,0.0339,0.299,0.1991,0.0123,0.0509
CT019596,Zone_07,Zone_07,0.2535,0.0493,0.0994,0.0864,0.122,0.0343,0.0611,0.2535,0.2139,0.0115,0.0685
CT000648,Zone_07,Zone_07,0.2497,0.042,0.0825,0.1047,0.1493,0.0276,0.0365,0.2497,0.2459,0.005,0.0567
CT002824,Zone_10,Zone_07,0.3206,0.0487,0.0558,0.0934,0.1277,0.0216,0.0509,0.3206,0.2206,0.0128,0.0478
CT007843,Zone_02,Zone_07,0.2528,0.0487,0.0867,0.1063,0.1084,0.0304,0.0535,0.2528,0.2443,0.0072,0.0618
CT006691,Zone_08,Zone_07,0.3055,0.0616,0.0781,0.0751,0.1352,0.044,0.0306,0.3055,0.178,0.0153,0.0766
CT004302,Zone_08,Zone_07,0.2316,0.0697,0.0805,0.0892,0.1261,0.0449,0.0486,0.2316,0.2255,0.0179,0.066
CT018783,Zone_01,Zone_07,0.2992,0.0539,0.0571,0.0943,0.1528,0.0287,0.0534,0.2992,0.1966,0.0129,0.0512
CT007675,Zone_08,Zone_07,0.2579,0.0663,0.096,0.0848,0.1114,0.0443,0.0519,0.2579,0.2107,0.0158,0.0608
CT015878,Zone_09,Zone_07,0.3379,0.0619,0.0843,0.0846,0.1353,0.0484,0.0313,0.3379,0.1491,0.0075,0.0598
CT013746,Zone_06,Zone_08,0.2519,0.049,0.084,0.0796,0.151,0.0405,0.0569,0.2324,0.2519,0.0042,0.0506
CT002016,Zone_07,Zone_07,0.2826,0.0693,0.0657,0.0852,0.1266,0.0275,0.0317,0.2826,0.2472,0.0093,0.0549
CT010884,Zone_07,Zone_08,0.2483,0.0696,0.0843,0.0799,0.1123,0.0455,0.0533,0.2337,0.2483,0.0069,0.0662
CT018354,Zone_08,Zone_07,0.3205,0.0508,0.0705,0.0789,0.1553,0.0257,0.0463,0.3205,0.1882,0.0129,0.051
CT000274,Zone_08,Zone_08,0.2737,0.063,0.0922,0.0737,0.1286,0.0434,0.0629,0.2018,0.2737,0.0091,0.0516
CT000834,Zone_07,Zone_07,0.3272,0.0637,0.0997,0.0815,0.1074,0.0244,0.0373,0.3272,0.1889,0.0075,0.0625
CT013441,Zone_07,Zone_07,0.2386,0.0485,0.1117,0.0973,0.1149,0.031,0.0638,0.2386,0.2255,0.0096,0.059
CT008528,Zone_08,Zone_08,0.2871,0.0706,0.0694,0.0996,0.1313,0.0244,0.0538,0.2147,0.2871,0.0068,0.0425
CT002089,Zone_08,Zone_07,0.2877,0.0597,0.0804,0.0886,0.1439,0.0406,0.0426,0.2877,0.1903,0.0068,0.0594
CT017079,Zone_07,Zone_07,0.319,0.0567,0.0453,0.1111,0.1201,0.0382,0.0456,0.319,0.2101,0.0134,0.0404
CT013141,Zone_08,Zone_07,0.2974,0.0677,0.0762,0.082,0.119,0.0346,0.0268,0.2974,0.2227,0.0089,0.0648
CT015863,Zone_08,Zone_08,0.2969,0.066,0.0583,0.0988,0.1383,0.0356,0.0388,0.2099,0.2969,0.0071,0.0503
CT017405,Zone_04,Zone_07,0.3322,0.0684,0.0785,0.0989,0.1296,0.0338,0.0309,0.3322,0.1687,0.0039,0.0551
CT000004,Zone_07,Zone_07,0.2327,0.0583,0.0916,0.0741,0.1338,0.0394,0.0561,0.2327,0.2216,0.0246,0.0678
CT014671,Zone_08,Zone_07,0.3134,0.0766,0.0945,0.0768,0.1372,0.0299,0.0236,0.3134,0.1649,0.0138,0.0693
CT018080,Zone_10,Zone_08,0.2488,0.0654,0.085,0.1138,0.1213,0.0428,0.0282,0.2241,0.2488,0.0201,0.0504
CT008997,Zone_07,Zone_08,0.2727,0.0723,0.0882,0.078,0.1077,0.0421,0.0577,0.2177,0.2727,0.0117,0.0519
CT009484,Zone_07,Zone_07,0.3266,0.0678,0.0692,0.0849,0.1278,0.0418,0.0441,0.3266,0.1802,0.008,0.0498
CT007594,Zone_07,Zone_07,0.3018,0.0509,0.0657,0.1179,0.1507,0.0244,0.0344,0.3018,0.204,0.0083,0.0419
CT001946,Zone_06,Zone_08,0.2607,0.04,0.0879,0.0907,0.0988,0.0492,0.0496,0.2425,0.2607,0.0143,0.0663
CT003677,Zone_04,Zone_08,0.2343,0.0567,0.09,0.0781,0.1838,0.0371,0.0503,0.2069,0.2343,0.0048,0.0581
CT013781,Zone_05,Zone_07,0.2713,0.0696,0.0859,0.0848,0.1545,0.0446,0.0349,0.2713,0.1872,0.0161,0.0511
CT011573,Zone_04,Zone_08,0.2651,0.0532,0.0582,0.115,0.1004,0.0382,0.0475,0.2411,0.2651,0.0132,0.0681
CT006946,Zone_07,Zone_07,0.3143,0.0692,0.0709,0.0863,0.1408,0.0397,0.0428,0.3143,0.1769,0.0085,0.0507
CT016590,Zone_07,Zone_08,0.2259,0.0626,0.0973,0.0803,0.1133,0.067,0.0462,0.2213,0.2259,0.0126,0.0735
CT000519,Zone_02,Zone_07,0.3837,0.0592,0.0938,0.0978,0.1435,0.022,0.0221,0.3837,0.1463,0.0069,0.0248
CT009197,Zone_07,Zone_07,0.279,0.0578,0.0978,0.0885,0.1028,0.0234,0.0492,0.279,0.2372,0.0074,0.0569
CT018275,Zone_04,Zone_07,0.2952,0.0502,0.0472,0.0945,0.1539,0.0259,0.0269,0.2952,0.2576,0.0086,0.04
CT003564,Zone_01,Zone_07,0.2948,0.068,0.0676,0.1041,0.1395,0.0355,0.0415,0.2948,0.1927,0.0086,0.0478
CT016333,Zone_10,Zone_07,0.2572,0.0604,0.0739,0.0731,0.1134,0.055,0.0483,0.2572,0.2507,0.0086,0.0594
CT007045,Zone_10,Zone_08,0.2494,0.0301,0.1177,0.0836,0.1507,0.0347,0.0752,0.1969,0.2494,0.0053,0.0564
CT016462,Zone_06,Zone_07,0.2478,0.0616,0.063,0.1069,0.1417,0.0412,0.0504,0.2478,0.213,0.0141,0.0601
CT000365,Zone_07,Zone_07,0.2503,0.0609,0.1041,0.0871,0.1137,0.0471,0.0616,0.2503,0.2018,0.0108,0.0626
CT000499,Zone_05,Zone_07,0.2911,0.0607,0.0818,0.1021,0.1371,0.0331,0.0283,0.2911,0.195,0.0137,0.057
CT009009,Zone_07,Zone_08,0.2602,0.0725,0.0638,0.1057,0.1259,0.0414,0.0288,0.2452,0.2602,0.007,0.0495
CT000798,Zone_03,Zone_07,0.2828,0.0675,0.0711,0.0982,0.1328,0.0464,0.0481,0.2828,0.1936,0.0105,0.049
CT006957,Zone_04,Zone_08,0.2911,0.0761,0.0798,0.0836,0.106,0.032,0.0484,0.2169,0.2911,0.0153,0.0509
CT014209,Zone_02,Zone_07,0.285,0.0717,0.0564,0.0919,0.1155,0.042,0.0412,0.285,0.2278,0.0073,0.0613
CT016579,Zone_08,Zone_08,0.2445,0.0758,0.0634,0.0914,0.1295,0.0414,0.0569,0.2193,0.2445,0.014,0.064
CT018620,Zone_07,Zone_07,0.2567,0.0498,0.1001,0.0999,0.111,0.0362,0.0468,0.2567,0.2264,0.0104,0.0627
CT005821,Zone_07,Zone_08,0.2414,0.0468,0.0915,0.0858,0.1606,0.0296,0.0393,0.2372,0.2414,0.0057,0.0621
CT019570,Zone_07,Zone_07,0.2898,0.0668,0.0733,0.0834,0.1338,0.0476,0.0384,0.2898,0.1874,0.0105,0.0691
CT011046,Zone_07,Zone_07,0.3006,0.0675,0.0846,0.0664,0.1271,0.0495,0.0395,0.3006,0.1829,0.0169,0.0649
CT003683,Zone_08,Zone_07,0.3066,0.0626,0.0859,0.0936,0.1181,0.0263,0.0428,0.3066,0.1838,0.0204,0.0599
CT010246,Zone_07,Zone_07,0.2472,0.0713,0.0595,0.1053,0.1351,0.043,0.0372,0.2472,0.245,0.0122,0.0441
CT002626,Zone_08,Zone_07,0.2577,0.0556,0.0836,0.0826,0.1245,0.0462,0.048,0.2577,0.2241,0.0214,0.0563
CT019623,Zone_07,Zone_07,0.3094,0.0615,0.0703,0.1014,0.1065,0.0374,0.0423,0.3094,0.2049,0.0104,0.056
CT007707,Zone_01,Zone_07,0.2667,0.054,0.0947,0.0785,0.1678,0.0333,0.0313,0.2667,0.2132,0.006,0.0545
CT000189,Zone_07,Zone_07,0.2752,0.0492,0.08,0.0676,0.1526,0.04,0.0283,0.2752,0.227,0.0064,0.0737
CT009907,Zone_07,Zone_07,0.2804,0.0569,0.0551,0.0831,0.1453,0.0443,0.0399,0.2804,0.227,0.0044,0.0637
CT018674,Zone_07,Zone_07,0.3128,0.0537,0.0516,0.0729,0.1619,0.0342,0.0352,0.3128,0.2143,0.0131,0.0504
CT006724,Zone_03,Zone_08,0.2509,0.0677,0.0726,0.0883,0.129,0.05,0.0525,0.2167,0.2509,0.0224,0.05
CT010070,Zone_03,Zone_07,0.3274,0.0687,0.0876,0.0771,0.1224,0.0391,0.0349,0.3274,0.1632,0.0148,0.0651
CT004690,Zone_08,Zone_07,0.2331,0.0442,0.1084,0.0745,0.1586,0.0352,0.0386,0.2331,0.2297,0.0048,0.0729
CT002272,Zone_07,Zone_07,0.2988,0.0722,0.0763,0.0795,0.135,0.0533,0.0445,0.2988,0.1755,0.0083,0.0567
CT002305,Zone_08,Zone_07,0.2584,0.0653,0.0876,0.1099,0.101,0.0353,0.0298,0.2584,0.2283,0.0211,0.0633
CT011995,Zone_03,Zone_07,0.2691,0.0762,0.0612,0.0961,0.1338,0.0566,0.0272,0.2691,0.2168,0.0087,0.0544
CT011390,Zone_04,Zone_07,0.2508,0.0575,0.1039,0.0948,0.1182,0.0398,0.041,0.2508,0.2192,0.0147,0.06
CT011887,Zone_10,Zone_07,0.2826,0.0646,0.0894,0.0794,0.1208,0.0491,0.0423,0.2826,0.1927,0.0119,0.0673
CT019356,Zone_02,Zone_07,0.2643,0.069,0.086,0.0898,0.1128,0.0471,0.033,0.2643,0.2277,0.0105,0.06
CT012603,Zone_06,Zone_08,0.3065,0.0632,0.0783,0.0587,0.1539,0.0432,0.0395,0.2026,0.3065,0.0036,0.0503
CT009591,Zone_08,Zone_07,0.2476,0.0636,0.0857,0.1023,0.1302,0.0409,0.0255,0.2476,0.2475,0.0176,0.0392
CT009766,Zone_08,Zone_08,0.2748,0.0457,0.0812,0.0838,0.1242,0.0371,0.0518,0.2379,0.2748,0.0046,0.0591
CT005435,Zone_08,Zone_07,0.3032,0.0542,0.0974,0.0671,0.1471,0.0295,0.0261,0.3032,0.2035,0.0074,0.0646
CT010919,Zone_07,Zone_07,0.2759,0.0377,0.0573,0.1412,0.1357,0.0265,0.0401,0.2759,0.2338,0.0081,0.0436
CT004113,Zone_07,Zone_07,0.2787,0.0628,0.1237,0.0878,0.1046,0.0291,0.0336,0.2787,0.2029,0.0187,0.058
CT018095,Zone_08,Zone_07,0.3111,0.0496,0.073,0.0823,0.1293,0.0234,0.0488,0.3111,0.222,0.0084,0.0521
CT002637,Zone_08,Zone_07,0.3379,0.0709,0.0938,0.0883,0.1429,0.0397,0.0378,0.3379,0.1362,0.0071,0.0455
CT012005,Zone_01,Zone_07,0.2636,0.0728,0.0562,0.0902,0.1254,0.039,0.0427,0.2636,0.2401,0.0102,0.0599
CT019006,Zone_07,Zone_08,0.2633,0.0675,0.0713,0.0995,0.1287,0.0313,0.0581,0.2269,0.2633,0.012,0.0414
CT006257,Zone_07,Zone_07,0.2945,0.0642,0.1118,0.0639,0.1208,0.0414,0.0304,0.2945,0.1835,0.0208,0.0688
CT008235,Zone_06,Zone_07,0.369,0.0642,0.0781,0.0704,0.1342,0.049,0.0271,0.369,0.137,0.0125,0.0585
CT000025,Zone_07,Zone_07,0.3313,0.0457,0.0975,0.1049,0.114,0.0331,0.0507,0.3313,0.1656,0.0116,0.0456
CT005515,Zone_03,Zone_07,0.2937,0.0504,0.0789,0.11,0.1319,0.047,0.0416,0.2937,0.1854,0.0127,0.0485
CT009726,Zone_07,Zone_08,0.2814,0.0735,0.0705,0.0985,0.1444,0.0245,0.0515,0.2029,0.2814,0.0075,0.0454
CT004619,Zone_08,Zone_07,0.2839,0.0491,0.0857,0.1099,0.1331,0.0469,0.0503,0.2839,0.1821,0.0119,0.0472
CT019146,Zone_07,Zone_07,0.2983,0.0528,0.0678,0.117,0.1314,0.0455,0.0441,0.2983,0.1801,0.0075,0.0555
CT013218,Zone_08,Zone_08,0.2657,0.0586,0.0714,0.0967,0.1036,0.0453,0.0341,0.2379,0.2657,0.0111,0.0757
CT014216,Zone_04,Zone_07,0.2802,0.0495,0.0896,0.1109,0.1159,0.0451,0.0489,0.2802,0.1886,0.0115,0.0598
CT016420,Zone_03,Zone_07,0.3625,0.0604,0.0759,0.0817,0.1393,0.0248,0.0286,0.3625,0.1691,0.0106,0.0471
CT011718,Zone_07,Zone_07,0.222,0.0574,0.1015,0.0908,0.1365,0.0438,0.0613,0.222,0.2116,0.0159,0.0592
CT000591,Zone_06,Zone_07,0.2732,0.057,0.0752,0.0927,0.1242,0.0389,0.0513,0.2732,0.213,0.0055,0.0689
CT008071,Zone_08,Zone_07,0.373,0.0533,0.0912,0.0757,0.1445,0.0186,0.0271,0.373,0.1544,0.0128,0.0494
CT002806,Zone_04,Zone_07,0.311,0.0529,0.084,0.0811,0.1321,0.0503,0.0415,0.311,0.1738,0.0166,0.0567
CT000931,Zone_04,Zone_07,0.2596,0.0701,0.1019,0.09,0.1079,0.0314,0.0299,0.2596,0.2272,0.0179,0.064
CT013397,Zone_03,Zone_07,0.2948,0.0482,0.0667,0.0956,0.1123,0.061,0.0517,0.2948,0.1958,0.0137,0.0602
CT005631,Zone_08,Zone_07,0.3221,0.074,0.0955,0.0803,0.1318,0.0506,0.0323,0.3221,0.1483,0.0083,0.0567
CT012910,Zone_02,Zone_08,0.2869,0.0644,0.0623,0.0737,0.1562,0.0284,0.0277,0.2573,0.2869,0.0073,0.0358
CT018976,Zone_01,Zone_08,0.2744,0.053,0.0721,0.1135,0.091,0.0458,0.0467,0.2211,0.2744,0.0151,0.0674
CT004129,Zone_07,Zone_07,0.26,0.0692,0.054,0.0824,0.1361,0.0481,0.0321,0.26,0.2445,0.0146,0.0589
CT005755,Zone_03,Zone_08,0.2621,0.0453,0.0994,0.0841,0.1758,0.0262,0.0474,0.2094,0.2621,0.0086,0.0417
CT004958,Zone_04,Zone_07,0.2814,0.0665,0.0762,0.1005,0.15,0.0332,0.0295,0.2814,0.1915,0.0142,0.057
CT008801,Zone_01,Zone_07,0.2865,0.0551,0.0524,0.1197,0.1216,0.0397,0.058,0.2865,0.1975,0.012,0.0574
CT006079,Zone_02,Zone_07,0.3162,0.0529,0.0682,0.1146,0.1137,0.0303,0.0333,0.3162,0.2015,0.0154,0.0539
CT003383,Zone_06,Zone_07,0.2434,0.0746,0.0789,0.0771,0.1273,0.0442,0.0471,0.2434,0.2233,0.0103,0.0739
CT007680,Zone_10,Zone_07,0.276,0.0624,0.105,0.0905,0.127,0.0356,0.0486,0.276,0.1882,0.0168,0.05
CT014583,Zone_08,Zone_07,0.2328,0.0854,0.0922,0.0637,0.1527,0.0517,0.0385,0.2328,0.2121,0.008,0.0628
CT005670,Zone_07,Zone_07,0.271,0.0661,0.087,0.0803,0.1056,0.0374,0.0475,0.271,0.2366,0.01,0.0585
CT013563,Zone_07,Zone_08,0.2302,0.0479,0.0994,0.0625,0.1615,0.0437,0.0575,0.2249,0.2302,0.0077,0.0648
CT001019,Zone_02,Zone_07,0.2872,0.0541,0.0747,0.0805,0.1352,0.0433,0.0419,0.2872,0.2125,0.0087,0.0619
CT018403,Zone_03,Zone_07,0.2608,0.0741,0.091,0.0687,0.1257,0.0436,0.041,0.2608,0.2065,0.0154,0.073
CT007661,Zone_08,Zone_08,0.2646,0.0646,0.0553,0.1123,0.11,0.0471,0.0283,0.2478,0.2646,0.0131,0.0568
CT008984,Zone_07,Zone_08,0.2811,0.0707,0.0564,0.1023,0.1233,0.0376,0.0389,0.237,0.2811,0.0072,0.0454
CT018657,Zone_07,Zone_07,0.3253,0.0432,0.0456,0.119,0.1595,0.0224,0.0335,0.3253,0.2043,0.0122,0.035
CT000665,Zone_04,Zone_07,0.2934,0.0463,0.0775,0.0906,0.1533,0.0474,0.0469,0.2934,0.1808,0.0075,0.0563
CT017846,Zone_05,Zone_07,0.2524,0.0691,0.0809,0.0872,0.1522,0.0433,0.0367,0.2524,0.2051,0.0134,0.0596
CT017237,Zone_07,Zone_08,0.2316,0.0802,0.091,0.0797,0.1281,0.0495,0.0364,0.2281,0.2316,0.009,0.0663
CT011357,Zone_07,Zone_08,0.2881,0.0642,0.0588,0.102,0.1142,0.0571,0.0474,0.1804,0.2881,0.01,0.0777
CT000379,Zone_05,Zone_08,0.2808,0.0732,0.0678,0.0955,0.1123,0.0238,0.054,0.2371,0.2808,0.0059,0.0495
CT002307,Zone_07,Zone_07,0.2631,0.0455,0.1131,0.1045,0.1135,0.0347,0.064,0.2631,0.1948,0.0129,0.0539
CT004135,Zone_08,Zone_08,0.2565,0.0809,0.0521,0.1034,0.1135,0.0385,0.0448,0.2234,0.2565,0.0166,0.0703
CT019063,Zone_08,Zone_07,0.2694,0.0656,0.0614,0.1053,0.1201,0.033,0.0369,0.2694,0.2423,0.0107,0.0554
CT008770,Zone_02,Zone_07,0.2985,0.0643,0.0723,0.0878,0.1153,0.0359,0.0421,0.2985,0.2016,0.0121,0.0702
CT005241,Zone_03,Zone_07,0.3132,0.0692,0.0705,0.0788,0.1294,0.0438,0.0491,0.3132,0.1873,0.0119,0.0468
CT002748,Zone_01,Zone_08,0.2619,0.046,0.0773,0.1206,0.1251,0.0327,0.0496,0.2364,0.2619,0.0079,0.0424
CT004977,Zone_08,Zone_08,0.2754,0.0799,0.1024,0.0713,0.1214,0.0409,0.0328,0.2027,0.2754,0.0089,0.0644
CT008815,Zone_10,Zone_08,0.2565,0.0571,0.0745,0.1229,0.1123,0.043,0.037,0.2321,0.2565,0.0116,0.0531
CT001128,Zone_07,Zone_08,0.2426,0.0607,0.0904,0.1032,0.1323,0.0324,0.0576,0.2137,0.2426,0.0151,0.052
CT009576,Zone_07,Zone_07,0.3005,0.0571,0.0758,0.103,0.1741,0.0223,0.0256,0.3005,0.1905,0.0082,0.0428
CT006437,Zone_07,Zone_07,0.2608,0.0723,0.0771,0.0779,0.1288,0.0358,0.0402,0.2608,0.2168,0.0204,0.0699
CT001857,Zone_01,Zone_07,0.2856,0.0489,0.0688,0.0784,0.1419,0.0421,0.0458,0.2856,0.205,0.0107,0.0726
CT007761,Zone_04,Zone_07,0.2833,0.0644,0.0705,0.0836,0.1159,0.0402,0.0545,0.2833,0.205,0.0229,0.0597
CT015381,Zone_04,Zone_07,0.293,0.0765,0.0561,0.0856,0.1489,0.039,0.0256,0.293,0.2145,0.0098,0.0512
CT006330,Zone_04,Zone_07,0.2568,0.0454,0.0848,0.1155,0.1027,0.0306,0.0547,0.2568,0.2508,0.0097,0.0489
CT011642,Zone_02,Zone_07,0.2772,0.0527,0.1143,0.1143,0.129,0.0364,0.0377,0.2772,0.1703,0.0094,0.0587
CT012271,Zone_07,Zone_07,0.3321,0.0477,0.095,0.0606,0.129,0.0313,0.0479,0.3321,0.1828,0.0072,0.0663
CT009477,Zone_07,Zone_07,0.2429,0.062,0.0876,0.088,0.1522,0.0507,0.0425,0.2429,0.1981,0.0193,0.0566
CT000799,Zone_08,Zone_08,0.3158,0.0735,0.0711,0.0746,0.12,0.032,0.0526,0.212,0.3158,0.0047,0.0438
CT015249,Zone_08,Zone_08,0.2324,0.0669,0.0847,0.0863,0.1264,0.041,0.054,0.2299,0.2324,0.0165,0.0619
CT012845,Zone_01,Zone_07,0.3203,0.0603,0.0872,0.0855,0.1144,0.039,0.0372,0.3203,0.1853,0.0132,0.0577
CT015761,Zone_04,Zone_07,0.2804,0.0603,0.1099,0.1094,0.1166,0.0301,0.0583,0.2804,0.1788,0.0059,0.0504
CT006996,Zone_07,Zone_07,0.311,0.0582,0.0767,0.0725,0.1641,0.0429,0.0458,0.311,0.1741,0.0065,0.0482
CT017459,Zone_07,Zone_07,0.2675,0.0648,0.0771,0.0874,0.1302,0.0385,0.0448,0.2675,0.2114,0.0148,0.0635
CT001393,Zone_03,Zone_07,0.2611,0.0687,0.0781,0.073,0.1199,0.06,0.0485,0.2611,0.2118,0.0162,0.0627
CT001828,Zone_08,Zone_07,0.2984,0.0618,0.0838,0.0827,0.1281,0.0523,0.0616,0.2984,0.1549,0.0186,0.0578
CT005058,Zone_07,Zone_07,0.2433,0.0928,0.0765,0.0874,0.1397,0.0408,0.0294,0.2433,0.2223,0.0133,0.0543
CT015957,Zone_08,Zone_07,0.25,0.0657,0.0802,0.0819,0.1082,0.0554,0.0387,0.25,0.2362,0.0134,0.0703
CT009099,Zone_07,Zone_07,0.3141,0.0571,0.0749,0.0842,0.1386,0.024,0.0405,0.3141,0.2081,0.0093,0.0493
CT004677,Zone_03,Zone_07,0.2849,0.0523,0.0892,0.0866,0.1262,0.0499,0.0496,0.2849,0.1874,0.0129,0.0611
CT000021,Zone_07,Zone_07,0.347,0.0507,0.0816,0.1055,0.1129,0.0375,0.0452,0.347,0.1585,0.0098,0.0513
CT002026,Zone_05,Zone_07,0.2476,0.0554,0.0718,0.0999,0.1256,0.0543,0.0559,0.2476,0.2225,0.0105,0.0566
CT011921,Zone_07,Zone_08,0.2961,0.0562,0.052,0.1022,0.111,0.0477,0.0374,0.2215,0.2961,0.0116,0.0643
CT009727,Zone_04,Zone_07,0.2381,0.0752,0.0683,0.0788,0.1419,0.0528,0.0383,0.2381,0.2304,0.0155,0.0607
CT002738,Zone_07,Zone_07,0.2733,0.0772,0.0895,0.0875,0.1188,0.0364,0.0467,0.2733,0.204,0.0104,0.0562
CT003420,Zone_07,Zone_08,0.2517,0.036,0.0925,0.0661,0.1457,0.0495,0.055,0.2288,0.2517,0.006,0.0687
CT011022,Zone_10,Zone_07,0.2611,0.074,0.056,0.0885,0.1404,0.0447,0.0306,0.2611,0.2328,0.0167,0.0553
CT014142,Zone_01,Zone_07,0.2633,0.074,0.0655,0.0836,0.137,0.0574,0.0337,0.2633,0.2111,0.0095,0.065
CT003589,Zone_07,Zone_07,0.2938,0.0717,0.085,0.0683,0.1471,0.0355,0.0412,0.2938,0.1805,0.0093,0.0677
CT004278,Zone_07,Zone_07,0.2667,0.049,0.1086,0.0772,0.15,0.0277,0.036,0.2667,0.2146,0.0072,0.063
CT009746,Zone_07,Zone_08,0.272,0.0589,0.0681,0.0986,0.1275,0.0263,0.0463,0.2499,0.272,0.01,0.0423
CT017231,Zone_01,Zone_07,0.2452,0.0603,0.1139,0.079,0.111,0.0405,0.0733,0.2452,0.2195,0.0118,0.0456
CT017411,Zone_08,Zone_08,0.2535,0.0693,0.0906,0.0814,0.1159,0.036,0.0413,0.2206,0.2535,0.024,0.0673
CT011842,Zone_07,Zone_07,0.2508,0.0624,0.0745,0.0746,0.1239,0.0593,0.0529,0.2508,0.2135,0.0144,0.0736
CT019969,Zone_08,Zone_07,0.3864,0.0469,0.0833,0.0851,0.1488,0.0172,0.0222,0.3864,0.1595,0.0108,0.0398
CT009145,Zone_02,Zone_08,0.2659,0.054,0.0738,0.1105,0.1149,0.0426,0.0412,0.2179,0.2659,0.0138,0.0655
CT005106,Zone_08,Zone_08,0.247,0.0552,0.0853,0.0802,0.1499,0.0389,0.0471,0.2244,0.247,0.0055,0.0664
CT019795,Zone_07,Zone_07,0.3133,0.0453,0.0766,0.0934,0.1386,0.0308,0.0398,0.3133,0.2035,0.0108,0.0478
CT004216,Zone_01,Zone_07,0.2415,0.0684,0.0683,0.0962,0.136,0.046,0.045,0.2415,0.2281,0.022,0.0485
CT017712,Zone_08,Zone_08,0.2723,0.058,0.0971,0.1054,0.1145,0.0431,0.0634,0.1932,0.2723,0.014,0.0391
CT015870,Zone_06,Zone_07,0.3281,0.0657,0.0432,0.0972,0.1296,0.0307,0.0412,0.3281,0.196,0.0129,0.0551
CT007470,Zone_08,Zone_08,0.2714,0.0538,0.0631,0.1208,0.1149,0.0441,0.0355,0.2306,0.2714,0.012,0.0536
CT012989,Zone_08,Zone_07,0.2718,0.0701,0.083,0.0923,0.1197,0.0303,0.0285,0.2718,0.2436,0.0109,0.0499
CT000228,Zone_08,Zone_08,0.3014,0.092,0.0767,0.088,0.1071,0.0488,0.0328,0.1886,0.3014,0.0076,0.057
CT007027,Zone_08,Zone_08,0.2795,0.0406,0.0866,0.0842,0.127,0.0454,0.0567,0.2058,0.2795,0.0069,0.0672
CT009902,Zone_01,Zone_08,0.2764,0.0506,0.0549,0.0743,0.1606,0.0351,0.0579,0.2292,0.2764,0.0058,0.055
CT004096,Zone_04,Zone_07,0.328,0.0565,0.0722,0.0703,0.1365,0.0401,0.0349,0.328,0.192,0.0068,0.0628
CT015712,Zone_08,Zone_07,0.267,0.0567,0.1228,0.0792,0.1219,0.0352,0.0532,0.267,0.1856,0.0313,0.047
CT001364,Zone_02,Zone_08,0.2349,0.0558,0.0868,0.1087,0.1036,0.0449,0.0491,0.2268,0.2349,0.0162,0.0731
CT019900,Zone_04,Zone_07,0.2564,0.0567,0.0745,0.0772,0.1483,0.0291,0.0537,0.2564,0.2379,0.0051,0.061
CT015903,Zone_07,Zone_07,0.339,0.065,0.1016,0.0661,0.12,0.0417,0.0339,0.339,0.1589,0.0158,0.058
CT015359,Zone_08,Zone_07,0.2511,0.0594,0.0949,0.0747,0.1264,0.0364,0.0558,0.2511,0.2197,0.0188,0.0629
CT013499,Zone_03,Zone_08,0.3154,0.0462,0.0619,0.0819,0.1646,0.0398,0.0418,0.1942,0.3154,0.0048,0.0494
CT009730,Zone_10,Zone_07,0.2706,0.0592,0.1027,0.0963,0.1427,0.0363,0.0348,0.2706,0.1823,0.0176,0.0577
CT003894,Zone_08,Zone_07,0.3002,0.0457,0.0889,0.0945,0.1123,0.0329,0.0521,0.3002,0.2044,0.0102,0.0587
CT004141,Zone_05,Zone_07,0.2363,0.0581,0.0929,0.0746,0.1575,0.0312,0.0455,0.2363,0.231,0.0032,0.0697
CT002903,Zone_03,Zone_07,0.2918,0.0803,0.0909,0.0913,0.1184,0.0366,0.0333,0.2918,0.1914,0.0087,0.0573
CT017997,Zone_07,Zone_07,0.3226,0.0817,0.0594,0.0793,0.1349,0.039,0.0415,0.3226,0.1773,0.0143,0.05
CT004277,Zone_08,Zone_07,0.2934,0.0486,0.0716,0.0891,0.1356,0.0248,0.0432,0.2934,0.2317,0.0088,0.053
CT004384,Zone_08,Zone_08,0.2401,0.0595,0.0923,0.0899,0.1064,0.036,0.0686,0.2346,0.2401,0.009,0.0638
CT009218,Zone_09,Zone_08,0.2674,0.0714,0.0888,0.0859,0.1086,0.0362,0.0542,0.231,0.2674,0.0094,0.0472
CT013044,Zone_08,Zone_07,0.2456,0.0625,0.1168,0.0999,0.1211,0.0436,0.0385,0.2456,0.2043,0.0216,0.0461
CT011960,Zone_01,Zone_07,0.2626,0.0798,0.0616,0.0839,0.1415,0.0326,0.0345,0.2626,0.2408,0.007,0.0557
CT002194,Zone_02,Zone_07,0.2422,0.0692,0.082,0.0923,0.1379,0.0365,0.0472,0.2422,0.2198,0.0201,0.0527
CT009704,Zone_04,Zone_07,0.2605,0.0514,0.0838,0.1165,0.122,0.0235,0.044,0.2605,0.236,0.0083,0.0539
CT015082,Zone_07,Zone_07,0.29,0.0896,0.0731,0.0755,0.1438,0.0494,0.029,0.29,0.1815,0.0072,0.0611
CT008292,Zone_10,Zone_07,0.3153,0.0619,0.1151,0.0768,0.109,0.0337,0.0469,0.3153,0.1689,0.0137,0.0588
CT001245,Zone_04,Zone_08,0.2755,0.0556,0.0679,0.1031,0.0994,0.0299,0.052,0.2461,0.2755,0.0098,0.0607
CT013982,Zone_04,Zone_08,0.2477,0.0482,0.0682,0.0964,0.1187,0.0459,0.0587,0.2416,0.2477,0.0148,0.0598
CT005004,Zone_03,Zone_07,0.28,0.0545,0.0687,0.1014,0.1074,0.0396,0.0487,0.28,0.2291,0.0124,0.0582
CT019674,Zone_01,Zone_07,0.3211,0.0653,0.0677,0.0954,0.1191,0.0231,0.0306,0.3211,0.2221,0.0057,0.0499
CT019876,Zone_07,Zone_07,0.2675,0.0505,0.0893,0.0988,0.0918,0.0361,0.0441,0.2675,0.2344,0.01,0.0775
CT010238,Zone_01,Zone_07,0.3329,0.0591,0.0674,0.0853,0.1599,0.0214,0.0333,0.3329,0.2024,0.0042,0.034
CT015704,Zone_07,Zone_08,0.2565,0.0681,0.0888,0.0791,0.1233,0.0433,0.0397,0.2425,0.2565,0.0152,0.0435
CT005710,Zone_07,Zone_07,0.3351,0.0627,0.0774,0.0844,0.1297,0.0338,0.0358,0.3351,0.185,0.0132,0.0428
CT016476,Zone_07,Zone_08,0.2659,0.0556,0.0598,0.0992,0.1132,0.0396,0.0392,0.2603,0.2659,0.017,0.0502
CT012045,Zone_03,Zone_07,0.2255,0.0826,0.0826,0.1341,0.1339,0.0466,0.027,0.2255,0.1957,0.0117,0.0603
CT012895,Zone_08,Zone_07,0.2687,0.0649,0.0661,0.111,0.1122,0.03,0.0347,0.2687,0.2447,0.0075,0.0601
CT002675,Zone_08,Zone_07,0.2854,0.0654,0.0891,0.0864,0.1183,0.0393,0.0363,0.2854,0.192,0.0131,0.0748
CT007639,Zone_07,Zone_07,0.2712,0.0563,0.0985,0.1056,0.1203,0.0261,0.0472,0.2712,0.2176,0.0069,0.0503
CT019239,Zone_08,Zone_07,0.2731,0.078,0.0669,0.0837,0.1369,0.0363,0.0446,0.2731,0.2152,0.0125,0.0529
CT006209,Zone_02,Zone_07,0.2762,0.0635,0.0804,0.1053,0.1094,0.0256,0.0367,0.2762,0.234,0.0111,0.0578
CT000590,Zone_02,Zone_07,0.2658,0.0637,0.0867,0.1122,0.1374,0.0341,0.0265,0.2658,0.2001,0.0195,0.054
CT001810,Zone_03,Zone_07,0.3465,0.0522,0.0897,0.0824,0.129,0.0331,0.0295,0.3465,0.1602,0.0117,0.0657
CT004647,Zone_06,Zone_07,0.2816,0.0728,0.0712,0.0809,0.1246,0.0384,0.0546,0.2816,0.1966,0.0133,0.0661
CT012618,Zone_08,Zone_07,0.2937,0.0612,0.073,0.0916,0.1168,0.0368,0.0464,0.2937,0.2038,0.0102,0.0666
CT018307,Zone_08,Zone_07,0.2706,0.071,0.0942,0.0785,0.1372,0.043,0.0197,0.2706,0.1935,0.012,0.0803
CT002544,Zone_04,Zone_07,0.2575,0.0704,0.0749,0.0953,0.1122,0.0439,0.0373,0.2575,0.2404,0.0068,0.0614
CT017760,Zone_02,Zone_08,0.2975,0.0611,0.0583,0.0695,0.1575,0.0344,0.052,0.2158,0.2975,0.0039,0.0501
CT007426,Zone_01,Zone_07,0.3308,0.0681,0.0615,0.083,0.1431,0.0309,0.0247,0.3308,0.1861,0.0137,0.0582
CT019264,Zone_04,Zone_07,0.2782,0.0585,0.0833,0.092,0.1259,0.0402,0.0533,0.2782,0.1954,0.0147,0.0585
CT016988,Zone_08,Zone_07,0.3035,0.0482,0.1104,0.0998,0.1482,0.0402,0.0408,0.3035,0.171,0.0065,0.0315
CT018076,Zone_07,Zone_07,0.2701,0.0637,0.0932,0.1121,0.1127,0.0401,0.0443,0.2701,0.2135,0.0146,0.0358
CT017096,Zone_07,Zone_07,0.2711,0.0521,0.0794,0.0833,0.1267,0.0383,0.0589,0.2711,0.2234,0.0088,0.058
CT010558,Zone_02,Zone_07,0.2753,0.055,0.0704,0.1283,0.1274,0.0237,0.0479,0.2753,0.2092,0.0106,0.0523
CT015796,Zone_08,Zone_07,0.3011,0.08,0.0674,0.0892,0.1346,0.0472,0.0289,0.3011,0.1886,0.0068,0.0562
CT000996,Zone_08,Zone_07,0.2912,0.0609,0.0835,0.089,0.1208,0.0391,0.0316,0.2912,0.2163,0.0091,0.0585
CT011879,Zone_02,Zone_07,0.2666,0.0608,0.1026,0.1164,0.1094,0.0401,0.0277,0.2666,0.205,0.0165,0.0549
CT016183,Zone_08,Zone_07,0.2715,0.069,0.0808,0.0977,0.1084,0.042,0.0465,0.2715,0.212,0.0099,0.0623
CT007023,Zone_04,Zone_07,0.2934,0.049,0.0742,0.0875,0.1651,0.0371,0.0562,0.2934,0.1767,0.0114,0.0494
CT011691,Zone_01,Zone_07,0.2971,0.0819,0.0767,0.0765,0.1514,0.0482,0.0249,0.2971,0.1616,0.0065,0.0752
CT007275,Zone_08,Zone_08,0.2693,0.0505,0.0882,0.0728,0.1558,0.0363,0.0528,0.2036,0.2693,0.0062,0.0644
CT010506,Zone_07,Zone_07,0.3082,0.0641,0.103,0.0855,0.1058,0.0314,0.036,0.3082,0.1952,0.0132,0.0575
CT013162,Zone_01,Zone_07,0.3422,0.0731,0.055,0.0828,0.1403,0.0279,0.033,0.3422,0.1744,0.0139,0.0575
CT000263,Zone_04,Zone_08,0.2348,0.066,0.1097,0.0849,0.1397,0.0448,0.0593,0.2034,0.2348,0.0115,0.0458
CT013020,Zone_01,Zone_07,0.2452,0.0603,0.0546,0.1192,0.1431,0.0416,0.039,0.2452,0.2323,0.0117,0.0531
CT003622,Zone_04,Zone_08,0.26,0.0791,0.1009,0.071,0.1139,0.039,0.0449,0.2305,0.26,0.01,0.0508
CT013210,Zone_06,Zone_07,0.2729,0.0559,0.0935,0.1144,0.1192,0.0259,0.0469,0.2729,0.2167,0.0078,0.047
CT013667,Zone_08,Zone_08,0.2775,0.0779,0.0771,0.065,0.1098,0.0521,0.0642,0.2103,0.2775,0.0092,0.0567
CT010996,Zone_07,Zone_07,0.2621,0.084,0.0863,0.0822,0.1223,0.0288,0.0368,0.2621,0.2279,0.0051,0.0645
CT003545,Zone_04,Zone_07,0.3267,0.0553,0.071,0.1029,0.132,0.0306,0.0415,0.3267,0.188,0.0122,0.04
CT009035,Zone_08,Zone_07,0.2604,0.0715,0.07,0.0928,0.1216,0.042,0.0352,0.2604,0.2412,0.0062,0.059
CT016735,Zone_05,Zone_07,0.2596,0.0528,0.1014,0.0985,0.1752,0.0316,0.043,0.2596,0.1899,0.0036,0.0443
CT011388,Zone_08,Zone_07,0.2366,0.0539,0.1015,0.0706,0.161,0.0283,0.0398,0.2366,0.2349,0.0078,0.0657
CT003756,Zone_04,Zone_07,0.3381,0.0626,0.0684,0.0861,0.1301,0.0459,0.0401,0.3381,0.1699,0.0121,0.0468
CT011814,Zone_09,Zone_07,0.3593,0.057,0.0769,0.0842,0.1289,0.0293,0.0545,0.3593,0.1461,0.0161,0.0478
CT001730,Zone_05,Zone_07,0.3203,0.0659,0.0697,0.0679,0.125,0.0489,0.0338,0.3203,0.1915,0.011,0.0659
CT008124,Zone_01,Zone_07,0.2927,0.0679,0.0722,0.0945,0.1249,0.0309,0.0208,0.2927,0.2344,0.0075,0.0542
CT006832,Zone_07,Zone_07,0.2741,0.0544,0.076,0.1008,0.1274,0.0457,0.0264,0.2741,0.2309,0.0104,0.0538
CT011607,Zone_08,Zone_07,0.2906,0.0751,0.0759,0.0762,0.1284,0.0381,0.0492,0.2906,0.182,0.024,0.0604
CT011645,Zone_08,Zone_08,0.2506,0.0626,0.0806,0.1107,0.1251,0.0289,0.0464,0.2418,0.2506,0.0061,0.0472
CT003881,Zone_08,Zone_07,0.3326,0.0627,0.0665,0.0975,0.1082,0.0345,0.0328,0.3326,0.1978,0.0091,0.0583
CT004210,Zone_01,Zone_07,0.2877,0.0623,0.08,0.1213,0.1348,0.0342,0.0283,0.2877,0.1839,0.0129,0.0546
CT001136,Zone_04,Zone_08,0.2505,0.0878,0.0704,0.0918,0.1223,0.0356,0.0402,0.2374,0.2505,0.0043,0.0598
CT013221,Zone_07,Zone_07,0.2553,0.0425,0.072,0.0855,0.1472,0.0476,0.051,0.2553,0.2352,0.0089,0.0549
CT005363,Zone_03,Zone_07,0.2691,0.0617,0.0742,0.0963,0.1196,0.0446,0.0598,0.2691,0.2126,0.0108,0.0513
CT011173,Zone_07,Zone_07,0.2761,0.0737,0.095,0.0813,0.1393,0.0347,0.0337,0.2761,0.1793,0.017,0.07
CT011966,Zone_03,Zone_07,0.2614,0.0685,0.0512,0.0838,0.1378,0.0475,0.0528,0.2614,0.2202,0.0135,0.0631
CT002786,Zone_08,Zone_07,0.269,0.0597,0.0661,0.0925,0.108,0.0586,0.0291,0.269,0.2317,0.0092,0.0761
CT011519,Zone_04,Zone_08,0.2752,0.0745,0.0775,0.0732,0.124,0.0354,0.0362,0.2448,0.2752,0.0048,0.0544
CT007994,Zone_07,Zone_07,0.2551,0.0508,0.0546,0.0801,0.166,0.051,0.0366,0.2551,0.2441,0.0076,0.054
CT009900,Zone_06,Zone_08,0.2911,0.0674,0.0653,0.1118,0.1031,0.045,0.0432,0.2037,0.2911,0.0089,0.0604
CT019150,Zone_03,Zone_07,0.2814,0.0609,0.0748,0.0958,0.1077,0.0439,0.0487,0.2814,0.21,0.0085,0.0682
CT015514,Zone_05,Zone_07,0.2933,0.0507,0.075,0.0787,0.1375,0.0423,0.0436,0.2933,0.2073,0.006,0.0656
CT012875,Zone_05,Zone_07,0.2505,0.069,0.0882,0.0974,0.1505,0.0428,0.0376,0.2505,0.1939,0.019,0.0511
CT008867,Zone_03,Zone_07,0.3052,0.051,0.0557,0.086,0.174,0.0217,0.0284,0.3052,0.2186,0.0171,0.0423
CT017840,Zone_08,Zone_07,0.2437,0.0622,0.0875,0.0928,0.1647,0.0338,0.0339,0.2437,0.2075,0.0215,0.0524
CT016251,Zone_01,Zone_08,0.271,0.0555,0.0634,0.0739,0.1329,0.0227,0.0567,0.2659,0.271,0.0119,0.0462
CT007791,Zone_07,Zone_07,0.3284,0.0466,0.0577,0.0926,0.1292,0.0205,0.0406,0.3284,0.2077,0.0204,0.0563
CT016660,Zone_08,Zone_07,0.3044,0.0656,0.1024,0.0698,0.1191,0.0408,0.0354,0.3044,0.1759,0.0179,0.0687
CT017698,Zone_07,Zone_07,0.3099,0.063,0.0744,0.0918,0.1553,0.0228,0.0327,0.3099,0.1889,0.0079,0.0534
CT015884,Zone_07,Zone_07,0.3367,0.0582,0.0641,0.0803,0.1601,0.0207,0.0285,0.3367,0.1955,0.0117,0.0442
CT013757,Zone_10,Zone_08,0.2857,0.0497,0.0684,0.0832,0.1506,0.0367,0.0257,0.2434,0.2857,0.0068,0.0497
CT008196,Zone_07,Zone_08,0.2295,0.0769,0.1209,0.0746,0.12,0.0394,0.0489,0.2292,0.2295,0.0111,0.0495
CT006981,Zone_10,Zone_07,0.2763,0.0793,0.0693,0.0936,0.1244,0.0339,0.0333,0.2763,0.216,0.0098,0.0641
CT018845,Zone_04,Zone_07,0.312,0.0602,0.0506,0.0928,0.1722,0.0231,0.0221,0.312,0.2194,0.0074,0.0401
CT015224,Zone_07,Zone_07,0.2638,0.0654,0.0975,0.0853,0.134,0.0326,0.0457,0.2638,0.2048,0.0169,0.0539
CT013273,Zone_06,Zone_07,0.2527,0.0639,0.0683,0.1024,0.1482,0.0422,0.0336,0.2527,0.2049,0.0162,0.0676
CT005156,Zone_02,Zone_08,0.2346,0.0577,0.0952,0.0951,0.1393,0.0307,0.0524,0.2287,0.2346,0.0262,0.0399
CT001943,Zone_08,Zone_07,0.3251,0.0703,0.07,0.0906,0.1472,0.0364,0.0297,0.3251,0.1756,0.0096,0.0454
CT018071,Zone_08,Zone_08,0.2727,0.0716,0.0861,0.0987,0.1025,0.0444,0.0303,0.2237,0.2727,0.0063,0.0637
CT018571,Zone_07,Zone_07,0.3004,0.0704,0.102,0.0842,0.1404,0.0377,0.0337,0.3004,0.1466,0.0171,0.0675
CT013597,Zone_04,Zone_07,0.3319,0.0556,0.0664,0.0707,0.1547,0.0378,0.0312,0.3319,0.1854,0.0073,0.059
CT007733,Zone_04,Zone_07,0.2567,0.0535,0.0824,0.0776,0.1258,0.0347,0.0549,0.2567,0.2244,0.0272,0.0629
CT009178,Zone_08,Zone_08,0.2463,0.0604,0.0985,0.0845,0.1064,0.0346,0.073,0.2256,0.2463,0.0084,0.0623
CT002274,Zone_07,Zone_07,0.292,0.0655,0.1073,0.0787,0.1116,0.0289,0.0488,0.292,0.1977,0.0139,0.0556
CT014733,Zone_03,Zone_07,0.3352,0.0862,0.0692,0.0788,0.1595,0.0377,0.0224,0.3352,0.1401,0.0094,0.0615
CT003973,Zone_07,Zone_08,0.2717,0.0704,0.0877,0.0736,0.1165,0.0514,0.0358,0.2208,0.2717,0.0057,0.0663
CT001083,Zone_06,Zone_07,0.3034,0.0612,0.0833,0.0965,0.1147,0.0337,0.0362,0.3034,0.1882,0.0101,0.0725
CT014734,Zone_07,Zone_07,0.2643,0.0671,0.0754,0.098,0.1106,0.0294,0.0373,0.2643,0.2468,0.0093,0.0618
CT003209,Zone_03,Zone_07,0.3284,0.0524,0.0852,0.0739,0.1496,0.0405,0.0457,0.3284,0.1544,0.006,0.064
CT004237,Zone_05,Zone_07,0.3187,0.0714,0.1062,0.0768,0.1339,0.0377,0.0209,0.3187,0.1538,0.0086,0.0719
CT001649,Zone_06,Zone_07,0.2595,0.0486,0.0822,0.117,0.1073,0.031,0.0494,0.2595,0.236,0.0071,0.0619
CT010161,Zone_03,Zone_07,0.2763,0.0661,0.0817,0.0719,0.1244,0.0387,0.0524,0.2763,0.2056,0.0127,0.0702
CT009733,Zone_09,Zone_08,0.2856,0.0776,0.0682,0.0677,0.1306,0.0471,0.0335,0.2359,0.2856,0.0098,0.0439
CT012164,Zone_07,Zone_07,0.2985,0.0821,0.0641,0.085,0.1364,0.0325,0.032,0.2985,0.2062,0.0096,0.0536
CT007393,Zone_01,Zone_07,0.2686,0.0686,0.078,0.0811,0.1083,0.0435,0.0451,0.2686,0.2294,0.015,0.0625
CT018371,Zone_08,Zone_07,0.3082,0.0671,0.0779,0.0881,0.1202,0.0351,0.0402,0.3082,0.1982,0.0097,0.0553
CT010005,Zone_04,Zone_07,0.2848,0.0727,0.0666,0.0947,0.1239,0.0401,0.0429,0.2848,0.2169,0.0077,0.0495
CT004173,Zone_09,Zone_08,0.2874,0.0712,0.0562,0.0899,0.1255,0.0344,0.0335,0.2487,0.2874,0.0073,0.0459
CT014880,Zone_07,Zone_07,0.2771,0.0406,0.1115,0.0901,0.1489,0.0314,0.0459,0.2771,0.1911,0.0033,0.0601
CT001840,Zone_07,Zone_07,0.3075,0.054,0.0526,0.092,0.1521,0.0204,0.0419,0.3075,0.2012,0.0175,0.0608
CT000139,Zone_07,Zone_07,0.2349,0.0556,0.0923,0.1092,0.0994,0.049,0.0482,0.2349,0.2308,0.0107,0.0698
CT015005,Zone_08,Zone_08,0.2819,0.0549,0.0792,0.086,0.1167,0.0372,0.0601,0.2287,0.2819,0.0094,0.0459
CT001574,Zone_07,Zone_07,0.2711,0.0497,0.0876,0.1264,0.1371,0.0402,0.0412,0.2711,0.1879,0.0144,0.0444
CT019652,Zone_04,Zone_07,0.2468,0.0577,0.0724,0.0989,0.1309,0.044,0.0506,0.2468,0.2173,0.0136,0.0679
CT011744,Zone_04,Zone_07,0.2545,0.0566,0.1034,0.0773,0.1644,0.0359,0.0478,0.2545,0.1965,0.0053,0.0582
CT006461,Zone_01,Zone_07,0.2615,0.0639,0.0884,0.0917,0.112,0.0256,0.0434,0.2615,0.2437,0.0114,0.0583
CT017640,Zone_07,Zone_08,0.2608,0.0712,0.0854,0.0838,0.1191,0.0345,0.0306,0.2504,0.2608,0.0194,0.0447
CT016267,Zone_08,Zone_08,0.2486,0.0595,0.0875,0.1032,0.116,0.0468,0.0357,0.2285,0.2486,0.0258,0.0484
CT018969,Zone_07,Zone_07,0.3064,0.0702,0.0817,0.103,0.137,0.0344,0.0283,0.3064,0.1815,0.008,0.0494
CT014409,Zone_05,Zone_07,0.3195,0.051,0.098,0.1088,0.1304,0.0321,0.0455,0.3195,0.1549,0.0133,0.0466
CT003833,Zone_08,Zone_07,0.2644,0.0727,0.0897,0.0774,0.1219,0.044,0.0505,0.2644,0.2051,0.0112,0.0632
CT006378,Zone_07,Zone_08,0.2506,0.0644,0.0845,0.0849,0.1097,0.0378,0.0416,0.2389,0.2506,0.0118,0.0759
CT004543,Zone_10,Zone_07,0.2899,0.0759,0.1187,0.0668,0.1239,0.0413,0.0361,0.2899,0.1845,0.0119,0.0511
CT016147,Zone_03,Zone_07,0.2443,0.0579,0.1006,0.071,0.1598,0.0333,0.0284,0.2443,0.2222,0.0076,0.0751
CT015179,Zone_07,Zone_07,0.2907,0.0556,0.0884,0.0993,0.1169,0.0382,0.0412,0.2907,0.1986,0.0164,0.0546
CT007147,Zone_04,Zone_07,0.3468,0.0514,0.0632,0.0967,0.129,0.0214,0.0302,0.3468,0.2061,0.0077,0.0476
CT002221,Zone_04,Zone_07,0.2845,0.0873,0.0689,0.0802,0.1441,0.0473,0.0359,0.2845,0.1855,0.008,0.0584
CT014888,Zone_06,Zone_07,0.3123,0.0549,0.0632,0.07,0.1376,0.0386,0.0542,0.3123,0.1965,0.0102,0.0626
CT003569,Zone_07,Zone_08,0.2859,0.087,0.0751,0.0691,0.1445,0.0461,0.0336,0.2036,0.2859,0.0115,0.0436
CT002461,Zone_07,Zone_07,0.2599,0.0584,0.0602,0.1109,0.0981,0.0381,0.0454,0.2599,0.25,0.0128,0.0662
CT008877,Zone_07,Zone_07,0.2727,0.0606,0.066,0.0942,0.109,0.0575,0.028,0.2727,0.2273,0.0086,0.0761
CT009563,Zone_02,Zone_07,0.2514,0.0486,0.0518,0.0915,0.1409,0.0519,0.0722,0.2514,0.2165,0.0091,0.0661
CT015283,Zone_10,Zone_07,0.2953,0.0592,0.0686,0.1102,0.1286,0.044,0.0384,0.2953,0.1799,0.0076,0.0682
CT003842,Zone_08,Zone_07,0.2819,0.0627,0.092,0.0762,0.1356,0.0343,0.0387,0.2819,0.2131,0.0158,0.0497
CT000727,Zone_04,Zone_07,0.3116,0.0577,0.097,0.0878,0.1288,0.0282,0.0391,0.3116,0.186,0.011,0.0527
CT002604,Zone_07,Zone_07,0.2552,0.064,0.0814,0.1002,0.0992,0.0456,0.0311,0.2552,0.2461,0.0098,0.0673
CT012085,Zone_07,Zone_08,0.2618,0.0733,0.0722,0.0968,0.1229,0.0373,0.0244,0.2418,0.2618,0.0209,0.0485
CT018349,Zone_03,Zone_08,0.2471,0.0467,0.1158,0.0978,0.098,0.0415,0.0466,0.224,0.2471,0.0174,0.0651
CT011529,Zone_07,Zone_07,0.2688,0.0644,0.0596,0.0732,0.1249,0.0461,0.0563,0.2688,0.2121,0.0245,0.07
CT007127,Zone_04,Zone_08,0.2551,0.0496,0.0798,0.0903,0.1309,0.0394,0.0507,0.2383,0.2551,0.0047,0.0613
CT016243,Zone_07,Zone_07,0.2575,0.0439,0.088,0.0947,0.1024,0.0405,0.0655,0.2575,0.2267,0.0117,0.0691
CT010361,Zone_06,Zone_07,0.2807,0.0527,0.1013,0.0942,0.1229,0.0393,0.0505,0.2807,0.1912,0.0117,0.0555
CT011958,Zone_03,Zone_07,0.3285,0.0729,0.0936,0.0933,0.1391,0.032,0.039,0.3285,0.1396,0.0082,0.0538
CT019558,Zone_06,Zone_07,0.3328,0.0651,0.0925,0.0977,0.1273,0.0349,0.0343,0.3328,0.1527,0.007,0.0558
CT004393,Zone_07,Zone_07,0.2518,0.0824,0.0559,0.0943,0.1231,0.038,0.061,0.2518,0.2247,0.0095,0.0592
CT015506,Zone_07,Zone_07,0.2911,0.0747,0.0614,0.0953,0.1269,0.04,0.0315,0.2911,0.2123,0.0119,0.0547
CT011124,Zone_02,Zone_07,0.2678,0.0694,0.0707,0.1004,0.1335,0.0483,0.0483,0.2678,0.1923,0.0057,0.0637
CT003679,Zone_04,Zone_07,0.2165,0.0939,0.0916,0.1025,0.1603,0.0491,0.0185,0.2165,0.2039,0.0101,0.0535
CT002477,Zone_03,Zone_07,0.2356,0.0709,0.0881,0.09,0.118,0.0423,0.0366,0.2356,0.2329,0.0092,0.0765
CT006752,Zone_04,Zone_07,0.2437,0.0742,0.1,0.0857,0.1158,0.0379,0.0235,0.2437,0.22,0.0281,0.071
CT009918,Zone_08,Zone_07,0.2536,0.0756,0.085,0.0758,0.1412,0.0391,0.0444,0.2536,0.1959,0.0175,0.072
CT001547,Zone_04,Zone_07,0.2841,0.0481,0.0506,0.08,0.1504,0.0454,0.0329,0.2841,0.254,0.0072,0.0472
CT011861,Zone_10,Zone_07,0.2539,0.0642,0.0791,0.1059,0.125,0.0406,0.0489,0.2539,0.2166,0.0102,0.0557
CT008302,Zone_05,Zone_08,0.2505,0.0681,0.0662,0.087,0.1263,0.0439,0.0358,0.2487,0.2505,0.0237,0.0498
CT016524,Zone_02,Zone_07,0.2978,0.0486,0.1004,0.1161,0.1143,0.0268,0.0464,0.2978,0.1874,0.0043,0.0578
CT008004,Zone_02,Zone_07,0.304,0.0571,0.0893,0.1008,0.1337,0.0337,0.0305,0.304,0.179,0.015,0.0571
CT011864,Zone_07,Zone_07,0.3288,0.0714,0.0493,0.0897,0.1318,0.0333,0.0434,0.3288,0.1912,0.0099,0.0512
CT018196,Zone_08,Zone_08,0.2522,0.0682,0.0647,0.0809,0.1236,0.0414,0.0408,0.2457,0.2522,0.0097,0.0727
CT019832,Zone_10,Zone_07,0.2911,0.0553,0.0923,0.0973,0.1333,0.0339,0.0342,0.2911,0.1865,0.0204,0.0559
CT009074,Zone_08,Zone_07,0.276,0.0506,0.0895,0.0959,0.1347,0.0429,0.0439,0.276,0.1934,0.0099,0.0632
CT016296,Zone_08,Zone_07,0.3084,0.0623,0.0556,0.0904,0.1632,0.0248,0.0284,0.3084,0.2222,0.0078,0.037
CT007184,Zone_04,Zone_07,0.3054,0.0614,0.0631,0.0724,0.1602,0.0452,0.0278,0.3054,0.2131,0.0059,0.0455
CT010032,Zone_07,Zone_08,0.2788,0.0466,0.0896,0.0684,0.1431,0.0507,0.0474,0.2129,0.2788,0.0046,0.0579
CT006888,Zone_04,Zone_07,0.2382,0.0685,0.1092,0.0772,0.1256,0.0342,0.0326,0.2382,0.2158,0.0489,0.0498
CT000456,Zone_01,Zone_07,0.2561,0.0557,0.1009,0.0722,0.1511,0.0279,0.0374,0.2561,0.2293,0.0068,0.0627
CT001458,Zone_08,Zone_07,0.2567,0.0391,0.0783,0.104,0.1503,0.0277,0.0566,0.2567,0.2277,0.0127,0.0469
CT018000,Zone_04,Zone_07,0.3223,0.0547,0.071,0.0781,0.1577,0.0314,0.0268,0.3223,0.1951,0.0075,0.0553
CT000368,Zone_08,Zone_07,0.2395,0.0621,0.0462,0.0987,0.1307,0.0468,0.0576,0.2395,0.2389,0.0203,0.0592
CT007866,Zone_08,Zone_08,0.2652,0.0849,0.0758,0.0675,0.1354,0.0475,0.0602,0.19,0.2652,0.0056,0.0678
CT015923,Zone_03,Zone_08,0.2343,0.0687,0.0821,0.0995,0.1452,0.0375,0.034,0.2167,0.2343,0.0164,0.0656
CT005981,Zone_07,Zone_07,0.2304,0.0798,0.0952,0.1072,0.1381,0.0395,0.0285,0.2304,0.2137,0.0107,0.0568
CT017944,Zone_01,Zone_07,0.3216,0.0811,0.0905,0.0686,0.1416,0.0358,0.0275,0.3216,0.1657,0.008,0.0596
CT019232,Zone_07,Zone_07,0.3047,0.0505,0.075,0.089,0.1041,0.0358,0.0625,0.3047,0.2024,0.0148,0.0613
CT009992,Zone_04,Zone_07,0.2776,0.0608,0.0792,0.0853,0.1456,0.0234,0.0304,0.2776,0.2446,0.0073,0.0457
CT011231,Zone_02,Zone_07,0.3352,0.0504,0.0935,0.1111,0.1082,0.0331,0.0411,0.3352,0.1556,0.0201,0.0517
CT013481,Zone_04,Zone_07,0.2887,0.0756,0.1014,0.0714,0.1199,0.042,0.0383,0.2887,0.2001,0.009,0.0536
CT013605,Zone_01,Zone_08,0.2661,0.0442,0.1016,0.1059,0.1123,0.0388,0.0467,0.2145,0.2661,0.0167,0.0532
CT015653,Zone_07,Zone_07,0.3158,0.0699,0.0664,0.088,0.1363,0.0344,0.0215,0.3158,0.2062,0.0127,0.049
CT019806,Zone_08,Zone_08,0.2789,0.0474,0.0636,0.1389,0.1192,0.0365,0.0515,0.2014,0.2789,0.0089,0.0536
CT012470,Zone_01,Zone_07,0.2755,0.0713,0.0867,0.1041,0.1338,0.031,0.0365,0.2755,0.2074,0.0078,0.0457
CT005232,Zone_06,Zone_08,0.2548,0.0585,0.0766,0.1049,0.12,0.0301,0.0543,0.2339,0.2548,0.0033,0.0636
CT013632,Zone_07,Zone_08,0.2657,0.081,0.0689,0.0797,0.1245,0.0464,0.0479,0.2297,0.2657,0.0099,0.0463
CT011157,Zone_06,Zone_07,0.3082,0.0675,0.0747,0.0765,0.1142,0.0384,0.0387,0.3082,0.2065,0.0121,0.0633
CT016039,Zone_07,Zone_07,0.2735,0.0728,0.0918,0.1053,0.1328,0.0349,0.0319,0.2735,0.1756,0.0104,0.0711
CT009422,Zone_02,Zone_07,0.315,0.0675,0.0712,0.0824,0.1131,0.0389,0.0358,0.315,0.2005,0.0112,0.0645
CT006410,Zone_01,Zone_08,0.2642,0.0449,0.0807,0.0844,0.1731,0.0347,0.0424,0.2312,0.2642,0.0056,0.0389
CT005225,Zone_08,Zone_07,0.2825,0.0645,0.0652,0.0906,0.1173,0.0432,0.0489,0.2825,0.2386,0.0092,0.04
CT003025,Zone_04,Zone_07,0.3021,0.0714,0.0696,0.0815,0.1324,0.0329,0.0314,0.3021,0.1904,0.0144,0.0739
CT006836,Zone_03,Zone_07,0.2845,0.0504,0.0866,0.1055,0.1211,0.0323,0.0395,0.2845,0.2063,0.0107,0.0631
CT017998,Zone_08,Zone_07,0.2562,0.0702,0.0982,0.0883,0.1282,0.0244,0.0357,0.2562,0.2361,0.0114,0.0513
CT018913,Zone_10,Zone_07,0.273,0.0594,0.0833,0.0853,0.1265,0.0429,0.0541,0.273,0.1971,0.0187,0.0596
CT011227,Zone_04,Zone_07,0.2565,0.0772,0.0875,0.0755,0.1366,0.0605,0.0423,0.2565,0.1914,0.0111,0.0614
CT003223,Zone_07,Zone_07,0.2741,0.0722,0.0702,0.0852,0.1391,0.038,0.037,0.2741,0.203,0.0143,0.067
CT019427,Zone_07,Zone_08,0.2811,0.0713,0.0603,0.0876,0.1367,0.0356,0.0428,0.2246,0.2811,0.0072,0.0527
CT014062,Zone_01,Zone_07,0.2727,0.0791,0.103,0.0757,0.1338,0.0336,0.029,0.2727,0.186,0.019,0.068
CT007569,Zone_06,Zone_07,0.3154,0.0705,0.0605,0.0911,0.1278,0.0384,0.0391,0.3154,0.2002,0.0081,0.049
CT019939,Zone_04,Zone_07,0.2202,0.0646,0.1064,0.0939,0.1299,0.0444,0.0621,0.2202,0.2132,0.0181,0.0472
CT000990,Zone_07,Zone_07,0.2964,0.0617,0.0758,0.1094,0.1321,0.0448,0.0343,0.2964,0.1865,0.0116,0.0475
CT010330,Zone_07,Zone_07,0.2739,0.0579,0.1033,0.0907,0.0946,0.029,0.0411,0.2739,0.2337,0.0148,0.0611
CT001985,Zone_07,Zone_07,0.2713,0.0505,0.0963,0.1016,0.1221,0.0325,0.0727,0.2713,0.1809,0.0245,0.0477
CT015218,Zone_07,Zone_07,0.2923,0.0695,0.0683,0.0804,0.1349,0.0546,0.036,0.2923,0.1938,0.0099,0.0602
CT002217,Zone_03,Zone_07,0.2504,0.0775,0.1081,0.0827,0.1216,0.0327,0.0231,0.2504,0.2138,0.024,0.0662
CT017145,Zone_08,Zone_07,0.275,0.0559,0.0976,0.0666,0.1434,0.0357,0.0434,0.275,0.2133,0.0042,0.0647
CT007048,Zone_04,Zone_07,0.2451,0.0437,0.103,0.0775,0.1514,0.028,0.0486,0.2451,0.2393,0.005,0.0584
CT004925,Zone_08,Zone_07,0.3048,0.0573,0.0995,0.0959,0.1123,0.0399,0.0588,0.3048,0.1677,0.0144,0.0494
CT006455,Zone_07,Zone_07,0.3355,0.0581,0.0855,0.1258,0.1066,0.0348,0.0318,0.3355,0.1839,0.0062,0.0318
CT010468,Zone_01,Zone_07,0.3114,0.0595,0.0835,0.0882,0.108,0.042,0.0518,0.3114,0.1866,0.0111,0.0578
CT020000,Zone_03,Zone_08,0.2334,0.0716,0.0846,0.086,0.1265,0.0364,0.0372,0.2332,0.2334,0.0159,0.0752
CT006523,Zone_02,Zone_07,0.2437,0.0599,0.0559,0.1031,0.1177,0.0465,0.0407,0.2437,0.2311,0.0288,0.0725
CT013676,Zone_09,Zone_08,0.2634,0.0731,0.0648,0.0859,0.1292,0.0398,0.0375,0.2424,0.2634,0.0074,0.0567
CT004482,Zone_07,Zone_07,0.3156,0.0588,0.0662,0.0878,0.1154,0.0497,0.0397,0.3156,0.1976,0.0105,0.0587
CT010455,Zone_05,Zone_07,0.3247,0.0493,0.0583,0.0917,0.1301,0.0234,0.0331,0.3247,0.219,0.0129,0.0576
CT000683,Zone_02,Zone_08,0.2718,0.08,0.0629,0.0845,0.1328,0.0342,0.0557,0.2011,0.2718,0.009,0.0681
CT015703,Zone_04,Zone_07,0.2658,0.0657,0.0829,0.0914,0.1462,0.0372,0.0419,0.2658,0.2024,0.0115,0.055
CT008356,Zone_07,Zone_07,0.3141,0.0666,0.0595,0.0801,0.1396,0.0407,0.0425,0.3141,0.1785,0.0131,0.0653
CT010251,Zone_07,Zone_07,0.3114,0.0608,0.0644,0.0735,0.1491,0.036,0.0316,0.3114,0.2009,0.0062,0.0662
CT003990,Zone_09,Zone_07,0.2332,0.0549,0.0806,0.0801,0.1771,0.0419,0.0349,0.2332,0.2262,0.0036,0.0674
CT019032,Zone_07,Zone_07,0.2514,0.0763,0.0893,0.0763,0.1345,0.0455,0.0468,0.2514,0.1979,0.013,0.069
CT010318,Zone_07,Zone_07,0.2506,0.0625,0.0631,0.1027,0.1133,0.0483,0.0494,0.2506,0.2206,0.009,0.0804
CT004377,Zone_08,Zone_07,0.2913,0.0589,0.115,0.0923,0.1427,0.0397,0.0327,0.2913,0.166,0.0197,0.0417
CT001187,Zone_05,Zone_08,0.289,0.0437,0.0637,0.0768,0.1318,0.0384,0.0685,0.2122,0.289,0.0088,0.067
CT004158,Zone_02,Zone_07,0.2719,0.0729,0.0822,0.0922,0.1344,0.0402,0.0373,0.2719,0.1886,0.0106,0.0697
CT019436,Zone_07,Zone_07,0.2729,0.0738,0.059,0.0861,0.1414,0.0506,0.0277,0.2729,0.2219,0.013,0.0535
CT006701,Zone_04,Zone_07,0.2914,0.0469,0.0847,0.1004,0.1188,0.0437,0.0456,0.2914,0.2002,0.0092,0.0591
CT012513,Zone_04,Zone_07,0.2747,0.0663,0.1015,0.092,0.1178,0.0484,0.0419,0.2747,0.1836,0.0116,0.0622
CT016260,Zone_07,Zone_07,0.2912,0.0557,0.096,0.0865,0.1266,0.0392,0.0423,0.2912,0.1912,0.0138,0.0574
CT002968,Zone_04,Zone_08,0.2897,0.0646,0.0622,0.085,0.1226,0.038,0.0557,0.2218,0.2897,0.0086,0.0517
CT007870,Zone_08,Zone_07,0.2963,0.0589,0.0825,0.0979,0.117,0.035,0.0484,0.2963,0.1869,0.0181,0.059
CT006504,Zone_07,Zone_07,0.284,0.0584,0.098,0.0841,0.1015,0.0348,0.0512,0.284,0.2108,0.0145,0.0627
CT004196,Zone_07,Zone_08,0.2614,0.0472,0.0983,0.0795,0.1468,0.0293,0.0384,0.2392,0.2614,0.0083,0.0516
CT009461,Zone_07,Zone_07,0.2588,0.0511,0.0824,0.0912,0.1174,0.0435,0.0347,0.2588,0.255,0.0153,0.0503
CT002833,Zone_08,Zone_08,0.2692,0.0628,0.0584,0.0893,0.116,0.0558,0.0695,0.1926,0.2692,0.012,0.0744
CT017160,Zone_08,Zone_07,0.3609,0.0561,0.0756,0.1247,0.1457,0.0343,0.0189,0.3609,0.1451,0.0029,0.0359
CT013150,Zone_04,Zone_07,0.3459,0.0649,0.0791,0.0816,0.1481,0.0424,0.0268,0.3459,0.1512,0.011,0.0489
CT007875,Zone_07,Zone_07,0.3025,0.053,0.0913,0.0908,0.111,0.0358,0.0468,0.3025,0.1802,0.0178,0.0708
CT009714,Zone_07,Zone_07,0.2491,0.0667,0.0721,0.1004,0.1174,0.0265,0.05,0.2491,0.2457,0.0049,0.0672
CT004752,Zone_07,Zone_07,0.2549,0.0669,0.0692,0.0871,0.1415,0.0355,0.036,0.2549,0.2384,0.0167,0.0538
CT012254,Zone_02,Zone_07,0.2515,0.0656,0.0968,0.0906,0.1212,0.0324,0.0301,0.2515,0.2221,0.0126,0.077
CT016754,Zone_08,Zone_08,0.2838,0.0479,0.0684,0.1083,0.0915,0.0447,0.0474,0.2254,0.2838,0.0099,0.0728
CT014857,Zone_08,Zone_07,0.3325,0.0657,0.0992,0.1003,0.1503,0.0343,0.0337,0.3325,0.1372,0.0077,0.039
CT019568,Zone_01,Zone_07,0.2618,0.0516,0.1135,0.0867,0.1037,0.0399,0.0414,0.2618,0.2231,0.0205,0.0578
CT012180,Zone_05,Zone_07,0.3142,0.04,0.0646,0.0997,0.1271,0.0194,0.0345,0.3142,0.2405,0.0185,0.0415
CT017142,Zone_02,Zone_08,0.2445,0.0618,0.0825,0.0823,0.1193,0.0456,0.0572,0.2223,0.2445,0.0175,0.0671
CT006514,Zone_07,Zone_07,0.2883,0.0618,0.0748,0.0836,0.1147,0.0341,0.05,0.2883,0.2156,0.0159,0.0612
CT009965,Zone_02,Zone_07,0.3619,0.0696,0.0964,0.0826,0.123,0.0321,0.0231,0.3619,0.1369,0.0121,0.0624
CT006208,Zone_04,Zone_07,0.2946,0.0559,0.0902,0.0903,0.1091,0.0397,0.0321,0.2946,0.2117,0.0093,0.0672
CT008973,Zone_07,Zone_07,0.2674,0.0592,0.091,0.1062,0.1106,0.0388,0.0381,0.2674,0.2208,0.0101,0.0578
CT009225,Zone_02,Zone_08,0.2459,0.0681,0.0766,0.1066,0.1383,0.0347,0.0446,0.2214,0.2459,0.011,0.0527
CT001559,Zone_08,Zone_07,0.273,0.0554,0.1137,0.0677,0.1467,0.025,0.0408,0.273,0.2131,0.0049,0.0599
CT006414,Zone_10,Zone_07,0.3807,0.0448,0.0863,0.0745,0.1424,0.0369,0.0276,0.3807,0.1467,0.0094,0.0507
CT004788,Zone_07,Zone_07,0.257,0.0834,0.0884,0.0848,0.1311,0.0399,0.0421,0.257,0.1967,0.0136,0.0631
CT018772,Zone_08,Zone_07,0.3104,0.0441,0.0771,0.0921,0.1402,0.0173,0.0429,0.3104,0.2191,0.0126,0.0442
CT008651,Zone_04,Zone_07,0.3403,0.0355,0.0766,0.1009,0.1076,0.0443,0.0506,0.3403,0.1749,0.0079,0.0614
CT002119,Zone_03,Zone_08,0.2658,0.062,0.0814,0.1039,0.0994,0.0439,0.0394,0.2247,0.2658,0.0147,0.0648
CT002838,Zone_04,Zone_07,0.2629,0.0534,0.0669,0.0805,0.1089,0.0504,0.0559,0.2629,0.2357,0.0165,0.0689
CT001641,Zone_07,Zone_07,0.2803,0.0854,0.0645,0.0949,0.1398,0.0404,0.0337,0.2803,0.1884,0.017,0.0557
CT010984,Zone_03,Zone_08,0.2487,0.056,0.0813,0.0894,0.1172,0.0425,0.0711,0.2245,0.2487,0.0092,0.0601
CT013553,Zone_02,Zone_08,0.2598,0.0664,0.0873,0.0997,0.1063,0.0386,0.0404,0.2281,0.2598,0.0155,0.0578
CT012629,Zone_04,Zone_08,0.2662,0.0618,0.0723,0.1032,0.1067,0.0449,0.0324,0.2227,0.2662,0.021,0.0689
CT013513,Zone_07,Zone_07,0.2304,0.0718,0.0608,0.0922,0.1514,0.0349,0.0571,0.2304,0.2228,0.0178,0.0609
CT000402,Zone_06,Zone_08,0.2492,0.0527,0.054,0.0965,0.1189,0.0584,0.0448,0.2251,0.2492,0.0174,0.0828
CT017399,Zone_07,Zone_08,0.2871,0.0528,0.0721,0.1195,0.1087,0.0396,0.0341,0.2188,0.2871,0.0187,0.0486
CT001582,Zone_04,Zone_08,0.3014,0.0685,0.0627,0.0905,0.1282,0.0505,0.0331,0.1907,0.3014,0.0251,0.0494
CT015920,Zone_06,Zone_07,0.305,0.06,0.0759,0.068,0.1373,0.0535,0.0378,0.305,0.1759,0.0128,0.0738
CT017298,Zone_05,Zone_07,0.2811,0.0574,0.0957,0.0842,0.121,0.039,0.031,0.2811,0.207,0.0092,0.0744
CT006850,Zone_10,Zone_08,0.2493,0.066,0.0624,0.0844,0.1189,0.0376,0.0578,0.248,0.2493,0.0153,0.0601
CT009318,Zone_04,Zone_08,0.2582,0.061,0.0732,0.103,0.1007,0.0357,0.0521,0.2477,0.2582,0.0073,0.0611
CT010170,Zone_03,Zone_07,0.2784,0.0623,0.0812,0.1147,0.1048,0.033,0.026,0.2784,0.219,0.0122,0.0683
CT002110,Zone_03,Zone_08,0.2878,0.0737,0.0904,0.0679,0.1198,0.0542,0.0399,0.1921,0.2878,0.0169,0.0573
CT017357,Zone_08,Zone_07,0.2726,0.0706,0.0501,0.0942,0.1371,0.0423,0.0434,0.2726,0.2288,0.0118,0.0492
CT008989,Zone_02,Zone_08,0.2473,0.0565,0.076,0.1,0.1128,0.0423,0.0539,0.2346,0.2473,0.0149,0.0618
CT013666,Zone_04,Zone_08,0.3006,0.0451,0.0535,0.1071,0.1581,0.0442,0.0391,0.1971,0.3006,0.0047,0.0506
CT004317,Zone_10,Zone_08,0.2821,0.0704,0.0578,0.1168,0.1125,0.0443,0.0318,0.2084,0.2821,0.0109,0.0649
CT003305,Zone_07,Zone_07,0.2873,0.0811,0.0564,0.0841,0.1353,0.0367,0.0496,0.2873,0.2051,0.0122,0.0523
CT005459,Zone_01,Zone_07,0.2894,0.0541,0.0718,0.1239,0.1185,0.023,0.0506,0.2894,0.2106,0.0094,0.0488
CT007699,Zone_03,Zone_07,0.2911,0.0586,0.0482,0.0969,0.1364,0.044,0.0545,0.2911,0.1964,0.0174,0.0566
CT004664,Zone_03,Zone_07,0.2515,0.0597,0.0794,0.0867,0.1057,0.0373,0.0584,0.2515,0.2434,0.0168,0.0612
CT007153,Zone_09,Zone_08,0.2653,0.0523,0.0781,0.1135,0.1075,0.0277,0.0507,0.2408,0.2653,0.012,0.0521
CT010402,Zone_03,Zone_08,0.2718,0.0581,0.0658,0.0763,0.1098,0.0527,0.0526,0.2196,0.2718,0.0283,0.065
CT019224,Zone_08,Zone_07,0.2881,0.0673,0.0897,0.1068,0.1088,0.0325,0.0202,0.2881,0.2058,0.0097,0.0711
CT019138,Zone_07,Zone_07,0.2768,0.0807,0.0883,0.0803,0.1276,0.0432,0.0411,0.2768,0.1865,0.01,0.0657
CT018651,Zone_08,Zone_07,0.2326,0.0665,0.0831,0.0873,0.1259,0.0412,0.0527,0.2326,0.2316,0.0184,0.0606
CT010016,Zone_03,Zone_08,0.28,0.0675,0.0636,0.0881,0.1024,0.0546,0.0533,0.2037,0.28,0.007,0.0799
CT012973,Zone_07,Zone_08,0.2554,0.0767,0.0802,0.0863,0.1195,0.0397,0.0392,0.2338,0.2554,0.0102,0.059
CT018737,Zone_01,Zone_07,0.2632,0.0653,0.06,0.0872,0.1247,0.0436,0.0426,0.2632,0.2488,0.0119,0.0528
CT004555,Zone_04,Zone_07,0.3254,0.0462,0.0756,0.0965,0.1353,0.0268,0.0419,0.3254,0.1927,0.0088,0.0508
CT003864,Zone_04,Zone_07,0.266,0.0613,0.1206,0.1104,0.1153,0.0389,0.0497,0.266,0.1737,0.0077,0.0562
CT006312,Zone_07,Zone_07,0.2584,0.0608,0.088,0.1032,0.1239,0.0405,0.0332,0.2584,0.2144,0.0218,0.0559
CT005194,Zone_07,Zone_07,0.2588,0.0753,0.0965,0.0824,0.12,0.0371,0.0308,0.2588,0.2095,0.023,0.0666
CT016171,Zone_07,Zone_07,0.2559,0.0763,0.0864,0.0773,0.1209,0.0381,0.0389,0.2559,0.2419,0.007,0.0573
CT004862,Zone_07,Zone_07,0.2368,0.0601,0.0853,0.0905,0.1529,0.0398,0.0467,0.2368,0.2258,0.0223,0.04
CT004187,Zone_03,Zone_07,0.3265,0.0551,0.0696,0.0751,0.1559,0.0422,0.0381,0.3265,0.1814,0.006,0.0502
CT015686,Zone_04,Zone_07,0.2497,0.0742,0.0764,0.0737,0.1406,0.0418,0.033,0.2497,0.2236,0.0113,0.0756
CT009539,Zone_07,Zone_07,0.2779,0.0859,0.0706,0.0821,0.1552,0.0414,0.036,0.2779,0.1788,0.0053,0.0667
CT010516,Zone_01,Zone_07,0.2648,0.0616,0.0927,0.0893,0.1087,0.0321,0.0345,0.2648,0.2277,0.0108,0.0777
CT019446,Zone_07,Zone_08,0.2442,0.0735,0.0654,0.0859,0.1412,0.0422,0.0432,0.2426,0.2442,0.0108,0.051
CT012605,Zone_01,Zone_07,0.3774,0.0396,0.0658,0.103,0.1471,0.0242,0.0243,0.3774,0.1681,0.0077,0.0428
CT017579,Zone_08,Zone_08,0.2463,0.0516,0.0975,0.0709,0.1378,0.0365,0.0344,0.2457,0.2463,0.0082,0.0711
CT013342,Zone_03,Zone_08,0.2692,0.0722,0.0722,0.076,0.1105,0.0373,0.0667,0.2264,0.2692,0.0153,0.0541
CT019056,Zone_07,Zone_08,0.2526,0.0576,0.0678,0.0823,0.1802,0.0368,0.0392,0.2238,0.2526,0.0041,0.0558
CT001944,Zone_01,Zone_08,0.2531,0.0638,0.0799,0.1092,0.1264,0.0295,0.0489,0.2366,0.2531,0.0076,0.0451
CT013824,Zone_07,Zone_08,0.2502,0.0683,0.0799,0.1011,0.1294,0.0331,0.0469,0.2325,0.2502,0.0095,0.049
CT007231,Zone_04,Zone_07,0.2708,0.0838,0.0716,0.0778,0.1347,0.0431,0.0445,0.2708,0.2115,0.0116,0.0505
CT014288,Zone_03,Zone_07,0.302,0.048,0.0692,0.124,0.1253,0.0291,0.0444,0.302,0.1828,0.0252,0.0501
CT013004,Zone_08,Zone_07,0.282,0.0399,0.081,0.1197,0.1217,0.0337,0.0489,0.282,0.2137,0.011,0.0485
CT015930,Zone_03,Zone_07,0.2367,0.0614,0.0877,0.071,0.1798,0.038,0.042,0.2367,0.2305,0.0071,0.0458
CT001895,Zone_04,Zone_07,0.3313,0.0536,0.0673,0.1009,0.1313,0.0228,0.0353,0.3313,0.2031,0.0086,0.0459
CT005329,Zone_08,Zone_07,0.2847,0.0582,0.121,0.1161,0.1417,0.031,0.0426,0.2847,0.1442,0.0176,0.0428
CT016652,Zone_07,Zone_07,0.3547,0.0431,0.099,0.088,0.1483,0.0355,0.0416,0.3547,0.1364,0.0071,0.0462
CT008286,Zone_03,Zone_07,0.3546,0.0605,0.0936,0.0775,0.135,0.0372,0.0341,0.3546,0.1384,0.0123,0.0567
CT006166,Zone_07,Zone_07,0.3311,0.053,0.063,0.0768,0.1489,0.0376,0.0327,0.3311,0.1951,0.0095,0.0523
CT013571,Zone_04,Zone_07,0.3189,0.0423,0.0597,0.1189,0.1308,0.0369,0.0323,0.3189,0.2047,0.01,0.0453
CT007254,Zone_08,Zone_08,0.2625,0.0494,0.0501,0.0906,0.1643,0.0291,0.0365,0.26,0.2625,0.0098,0.0477
CT000169,Zone_04,Zone_08,0.2715,0.069,0.0542,0.1165,0.1099,0.0313,0.0467,0.2331,0.2715,0.0048,0.063
CT018899,Zone_10,Zone_08,0.2537,0.0691,0.0751,0.0882,0.1249,0.0499,0.0447,0.234,0.2537,0.0132,0.0472
CT014561,Zone_07,Zone_08,0.2783,0.053,0.0721,0.1203,0.0906,0.0471,0.0462,0.2147,0.2783,0.0189,0.0588
CT011948,Zone_08,Zone_08,0.2528,0.056,0.065,0.1008,0.1263,0.0332,0.0564,0.2433,0.2528,0.0163,0.0498
CT016840,Zone_07,Zone_08,0.2436,0.0745,0.0617,0.0915,0.1481,0.0377,0.0386,0.2394,0.2436,0.0163,0.0486
CT005034,Zone_08,Zone_07,0.2612,0.0575,0.0636,0.1133,0.0968,0.0351,0.0443,0.2612,0.2606,0.0078,0.0599
CT007085,Zone_08,Zone_07,0.2301,0.0698,0.0956,0.0753,0.1459,0.0471,0.0443,0.2301,0.2254,0.0114,0.0551
CT008774,Zone_07,Zone_08,0.261,0.0556,0.0792,0.0902,0.1005,0.031,0.0511,0.2481,0.261,0.0122,0.071
CT004014,Zone_02,Zone_08,0.2451,0.082,0.0769,0.0723,0.1481,0.0436,0.0439,0.2289,0.2451,0.0064,0.053
CT003695,Zone_08,Zone_08,0.3022,0.0746,0.084,0.0612,0.1537,0.0396,0.0413,0.1837,0.3022,0.0022,0.0576
CT001373,Zone_08,Zone_08,0.2589,0.065,0.089,0.0719,0.1134,0.0597,0.0339,0.2237,0.2589,0.0195,0.065
CT014739,Zone_04,Zone_08,0.256,0.0795,0.0583,0.1102,0.1137,0.0395,0.0485,0.228,0.256,0.0051,0.0613
CT006890,Zone_08,Zone_08,0.2621,0.049,0.0983,0.0664,0.1706,0.0359,0.06,0.2012,0.2621,0.0108,0.0457
CT001734,Zone_04,Zone_07,0.2893,0.0798,0.0532,0.0865,0.1407,0.0315,0.0465,0.2893,0.2022,0.0142,0.056
CT000523,Zone_03,Zone_08,0.3331,0.0545,0.074,0.1071,0.1067,0.0307,0.0529,0.1949,0.3331,0.0061,0.04
CT015202,Zone_05,Zone_07,0.2765,0.0449,0.1021,0.0806,0.1286,0.0258,0.0435,0.2765,0.2344,0.0041,0.0596
CT009236,Zone_04,Zone_07,0.2881,0.0672,0.089,0.0866,0.117,0.0438,0.0298,0.2881,0.1876,0.0156,0.0751
CT008065,Zone_10,Zone_07,0.3023,0.0586,0.0602,0.0666,0.1753,0.0363,0.0404,0.3023,0.19,0.0065,0.0638
CT011259,Zone_08,Zone_07,0.2904,0.0551,0.0644,0.1037,0.1366,0.044,0.0365,0.2904,0.2115,0.0159,0.0421
CT007058,Zone_03,Zone_07,0.2927,0.0612,0.0909,0.0771,0.1179,0.0349,0.0366,0.2927,0.2066,0.0318,0.0504
CT002319,Zone_08,Zone_07,0.2626,0.0752,0.087,0.0885,0.1507,0.0402,0.0314,0.2626,0.1896,0.0122,0.0625
CT015906,Zone_02,Zone_08,0.2651,0.0721,0.0613,0.1034,0.109,0.0465,0.0324,0.2264,0.2651,0.0083,0.0755
CT005238,Zone_03,Zone_07,0.2638,0.0755,0.0699,0.0865,0.138,0.0413,0.0446,0.2638,0.2177,0.0099,0.0529
CT003120,Zone_04,Zone_07,0.2506,0.0564,0.0711,0.1101,0.1029,0.042,0.052,0.2506,0.2451,0.0138,0.056
CT017332,Zone_04,Zone_07,0.3039,0.066,0.0849,0.1018,0.119,0.0334,0.0321,0.3039,0.1828,0.0113,0.0647
CT008307,Zone_07,Zone_07,0.3094,0.0332,0.0715,0.1287,0.1435,0.0212,0.0415,0.3094,0.204,0.0103,0.0368
CT000176,Zone_02,Zone_07,0.2846,0.0411,0.0631,0.0746,0.1332,0.0644,0.0471,0.2846,0.2161,0.0075,0.0685
CT003191,Zone_01,Zone_07,0.2971,0.0519,0.0788,0.0958,0.1146,0.0287,0.0475,0.2971,0.2159,0.0158,0.0541
CT002980,Zone_07,Zone_07,0.2688,0.0657,0.0862,0.0982,0.1469,0.0297,0.0293,0.2688,0.2011,0.0192,0.0548
CT012239,Zone_10,Zone_08,0.2771,0.0592,0.0714,0.1146,0.114,0.0406,0.0438,0.2254,0.2771,0.0099,0.044
CT010213,Zone_02,Zone_08,0.2564,0.0549,0.0582,0.1194,0.1022,0.0369,0.0443,0.2476,0.2564,0.0118,0.0683
CT016506,Zone_07,Zone_07,0.3321,0.0447,0.0884,0.0745,0.1516,0.0257,0.038,0.3321,0.1748,0.0127,0.0575
CT005173,Zone_07,Zone_07,0.2803,0.0707,0.0852,0.0783,0.1313,0.0333,0.0334,0.2803,0.2124,0.0106,0.0645
CT003960,Zone_05,Zone_07,0.3087,0.0697,0.085,0.1009,0.1219,0.0331,0.0293,0.3087,0.1749,0.0115,0.0651
CT013321,Zone_01,Zone_07,0.3323,0.0528,0.0552,0.0761,0.1592,0.0436,0.0293,0.3323,0.1933,0.0086,0.0495
CT015471,Zone_01,Zone_08,0.276,0.0737,0.074,0.0875,0.1416,0.0289,0.0545,0.1988,0.276,0.0129,0.0523
CT012371,Zone_06,Zone_07,0.2327,0.0658,0.0789,0.088,0.1428,0.0573,0.0387,0.2327,0.2309,0.0127,0.052
CT002070,Zone_07,Zone_07,0.2885,0.0516,0.0572,0.0975,0.1323,0.043,0.0536,0.2885,0.2009,0.011,0.0644
CT011261,Zone_07,Zone_07,0.3348,0.0755,0.0626,0.0714,0.1363,0.0409,0.0321,0.3348,0.1747,0.0167,0.0551
CT002322,Zone_02,Zone_07,0.2857,0.0664,0.0908,0.0784,0.1209,0.037,0.0397,0.2857,0.1896,0.0125,0.0789
CT013048,Zone_08,Zone_08,0.2456,0.0676,0.0829,0.0752,0.1161,0.0477,0.0388,0.2384,0.2456,0.0245,0.0631
CT016313,Zone_06,Zone_07,0.3426,0.0481,0.0879,0.0634,0.1551,0.0423,0.0292,0.3426,0.1559,0.0103,0.0652
CT010421,Zone_01,Zone_07,0.3126,0.058,0.068,0.1123,0.1027,0.0201,0.0447,0.3126,0.2162,0.0087,0.0566
CT016854,Zone_08,Zone_07,0.2789,0.0528,0.0675,0.0823,0.1178,0.0529,0.0488,0.2789,0.2246,0.0132,0.0612
CT012747,Zone_07,Zone_07,0.3141,0.064,0.0752,0.0782,0.1281,0.0408,0.0313,0.3141,0.1859,0.0164,0.066
CT014302,Zone_07,Zone_07,0.3038,0.0507,0.0723,0.0986,0.1555,0.0216,0.0394,0.3038,0.2067,0.0069,0.0444
CT004088,Zone_08,Zone_07,0.2502,0.0767,0.0996,0.0675,0.1155,0.0495,0.0328,0.2502,0.2403,0.0103,0.0575
CT004644,Zone_02,Zone_07,0.2436,0.0602,0.0919,0.079,0.1307,0.0423,0.0365,0.2436,0.2377,0.0187,0.0594
CT006406,Zone_08,Zone_07,0.251,0.0554,0.1033,0.1046,0.1078,0.0349,0.0387,0.251,0.23,0.0125,0.0619
CT003727,Zone_10,Zone_08,0.2598,0.0637,0.0608,0.1035,0.1249,0.051,0.0276,0.2335,0.2598,0.0102,0.0649
CT007704,Zone_08,Zone_07,0.2915,0.0683,0.057,0.0881,0.1331,0.0395,0.0284,0.2915,0.2312,0.0131,0.0498
CT006916,Zone_07,Zone_07,0.2931,0.0637,0.0537,0.0923,0.132,0.0348,0.037,0.2931,0.2308,0.0097,0.0529
CT011670,Zone_07,Zone_07,0.326,0.0486,0.086,0.1244,0.1251,0.0296,0.0401,0.326,0.1563,0.0093,0.0546
CT002490,Zone_08,Zone_08,0.2342,0.077,0.0883,0.0856,0.1175,0.0412,0.0289,0.2298,0.2342,0.0251,0.0725
CT010197,Zone_03,Zone_08,0.246,0.0518,0.066,0.0765,0.1565,0.0416,0.0669,0.2314,0.246,0.0071,0.0562
CT008100,Zone_10,Zone_07,0.3353,0.0444,0.0859,0.0875,0.1297,0.0339,0.0333,0.3353,0.1789,0.0103,0.0607
CT019757,Zone_03,Zone_07,0.2926,0.0503,0.0858,0.1062,0.1105,0.0357,0.0435,0.2926,0.2097,0.0163,0.0494
CT011778,Zone_04,Zone_08,0.2438,0.0532,0.086,0.0729,0.1579,0.0289,0.0487,0.2295,0.2438,0.0049,0.0742
CT006101,Zone_07,Zone_07,0.3106,0.0804,0.0869,0.0803,0.1289,0.0381,0.0291,0.3106,0.1713,0.0132,0.061
CT000474,Zone_03,Zone_07,0.3134,0.0547,0.0859,0.0666,0.1407,0.0366,0.0369,0.3134,0.1879,0.0126,0.0647
CT012953,Zone_04,Zone_07,0.2637,0.0687,0.0754,0.0897,0.113,0.0355,0.0297,0.2637,0.2354,0.0113,0.0776
CT010257,Zone_07,Zone_07,0.3053,0.0476,0.0657,0.0951,0.1302,0.0417,0.0402,0.3053,0.2087,0.0072,0.0582
CT003267,Zone_01,Zone_07,0.2478,0.07,0.0554,0.1266,0.1206,0.0308,0.0308,0.2478,0.2407,0.0064,0.0709
CT017246,Zone_04,Zone_07,0.245,0.0781,0.0735,0.091,0.1444,0.0404,0.0171,0.245,0.2339,0.0127,0.0639
CT015739,Zone_03,Zone_07,0.2956,0.061,0.0804,0.072,0.1545,0.0406,0.0405,0.2956,0.1843,0.0074,0.0638
CT015213,Zone_08,Zone_08,0.2902,0.0637,0.0614,0.1209,0.1212,0.0241,0.0499,0.222,0.2902,0.0061,0.0406
CT013225,Zone_08,Zone_07,0.251,0.0353,0.0952,0.0887,0.1335,0.0288,0.0542,0.251,0.2445,0.003,0.0658
CT006804,Zone_05,Zone_08,0.257,0.0496,0.0745,0.1076,0.1084,0.0426,0.0449,0.2509,0.257,0.0176,0.0469
CT007304,Zone_08,Zone_07,0.2718,0.0651,0.0899,0.0967,0.1233,0.0312,0.0544,0.2718,0.1995,0.0065,0.0615
CT009292,Zone_07,Zone_07,0.2787,0.0625,0.0595,0.0998,0.1107,0.0313,0.0563,0.2787,0.2201,0.0205,0.0607
CT011993,Zone_07,Zone_08,0.2462,0.0476,0.1112,0.0622,0.1436,0.0343,0.0653,0.2241,0.2462,0.0041,0.0614
CT012935,Zone_09,Zone_07,0.2652,0.0421,0.1109,0.0757,0.1845,0.0433,0.0446,0.2652,0.1736,0.0062,0.0539
CT012298,Zone_02,Zone_07,0.3014,0.0552,0.099,0.0997,0.1226,0.0371,0.0332,0.3014,0.1781,0.0066,0.067
CT015029,Zone_07,Zone_07,0.2515,0.0519,0.0548,0.1101,0.1064,0.0479,0.0637,0.2515,0.2277,0.0162,0.0696
CT005982,Zone_07,Zone_07,0.2557,0.0669,0.0834,0.0806,0.1195,0.0518,0.037,0.2557,0.228,0.0089,0.0682
CT015209,Zone_04,Zone_08,0.2555,0.0569,0.0699,0.0658,0.1681,0.0413,0.0491,0.2245,0.2555,0.0043,0.0645
CT004353,Zone_07,Zone_08,0.3225,0.0772,0.0696,0.0818,0.1245,0.0427,0.0325,0.1975,0.3225,0.0074,0.0444
CT015896,Zone_07,Zone_08,0.284,0.0756,0.0686,0.0708,0.1145,0.055,0.0664,0.192,0.284,0.0059,0.0672
CT004904,Zone_07,Zone_08,0.2701,0.0576,0.0793,0.1185,0.1107,0.0493,0.0323,0.2087,0.2701,0.0198,0.0538
CT017327,Zone_06,Zone_07,0.2648,0.0708,0.09,0.0845,0.1291,0.0433,0.0424,0.2648,0.1965,0.0176,0.061
CT006925,Zone_04,Zone_08,0.2779,0.0663,0.0872,0.0934,0.1229,0.0377,0.0534,0.2096,0.2779,0.0121,0.0395
CT016949,Zone_01,Zone_07,0.2639,0.0742,0.0813,0.0748,0.1331,0.0607,0.0341,0.2639,0.1938,0.0142,0.0697
CT013803,Zone_03,Zone_07,0.246,0.0685,0.0813,0.0907,0.1201,0.0292,0.0514,0.246,0.2413,0.0066,0.0648
CT018163,Zone_10,Zone_07,0.2842,0.0591,0.0633,0.0868,0.1433,0.0442,0.0552,0.2842,0.1926,0.0178,0.0536
CT010138,Zone_08,Zone_07,0.3761,0.0489,0.0822,0.074,0.127,0.0417,0.0265,0.3761,0.1506,0.009,0.064
CT002115,Zone_02,Zone_08,0.2612,0.032,0.0838,0.1061,0.1478,0.0298,0.0408,0.243,0.2612,0.0042,0.0512
CT011675,Zone_02,Zone_07,0.3331,0.0694,0.0514,0.0965,0.1232,0.0415,0.0291,0.3331,0.1921,0.0076,0.0561
CT012938,Zone_04,Zone_08,0.3062,0.0584,0.0689,0.1037,0.1077,0.0468,0.0572,0.1953,0.3062,0.0075,0.0483
CT006231,Zone_06,Zone_07,0.2865,0.065,0.0744,0.0857,0.1213,0.0675,0.034,0.2865,0.1849,0.0093,0.0712
CT013934,Zone_08,Zone_07,0.2838,0.0626,0.084,0.0936,0.1089,0.035,0.042,0.2838,0.2043,0.0146,0.0712
CT019149,Zone_04,Zone_07,0.256,0.0671,0.062,0.0884,0.1288,0.0619,0.0374,0.256,0.2231,0.0108,0.0645
CT007630,Zone_07,Zone_07,0.2733,0.0481,0.0759,0.0847,0.1274,0.0435,0.0579,0.2733,0.2185,0.0076,0.0631
CT000367,Zone_07,Zone_07,0.248,0.0625,0.0778,0.0964,0.1073,0.0503,0.0434,0.248,0.2342,0.015,0.0651
CT000429,Zone_02,Zone_07,0.2529,0.064,0.073,0.0803,0.1185,0.0411,0.0358,0.2529,0.2491,0.0121,0.0731
CT013840,Zone_07,Zone_07,0.3356,0.0629,0.0669,0.0951,0.1147,0.0312,0.0312,0.3356,0.2018,0.0103,0.0503
CT007482,Zone_06,Zone_08,0.2653,0.0554,0.084,0.0737,0.1536,0.0384,0.07,0.1913,0.2653,0.0053,0.063
CT012396,Zone_05,Zone_08,0.2898,0.0696,0.0826,0.0735,0.1195,0.0374,0.0505,0.2215,0.2898,0.0057,0.0499
CT003876,Zone_08,Zone_07,0.3188,0.0606,0.0816,0.0857,0.1129,0.0323,0.0572,0.3188,0.1835,0.007,0.0603
CT004107,Zone_07,Zone_07,0.248,0.0663,0.0793,0.1063,0.1458,0.0438,0.0407,0.248,0.2025,0.0133,0.054
CT004609,Zone_03,Zone_07,0.2972,0.0727,0.0822,0.0719,0.123,0.0369,0.0356,0.2972,0.1962,0.0152,0.069
CT019730,Zone_08,Zone_08,0.2634,0.0595,0.0746,0.124,0.0963,0.0395,0.0362,0.236,0.2634,0.0144,0.0563
CT005384,Zone_01,Zone_07,0.266,0.0661,0.0742,0.0922,0.1143,0.0407,0.0402,0.266,0.2292,0.0126,0.0645
CT014478,Zone_07,Zone_07,0.2831,0.0626,0.1,0.0813,0.108,0.0415,0.0313,0.2831,0.2115,0.0142,0.0664
CT005160,Zone_04,Zone_08,0.2588,0.0668,0.0893,0.0858,0.1048,0.0352,0.0425,0.2344,0.2588,0.0195,0.0628
CT018917,Zone_05,Zone_07,0.2436,0.0905,0.0767,0.0808,0.1252,0.0466,0.0435,0.2436,0.2242,0.008,0.0609
CT013908,Zone_08,Zone_07,0.2277,0.0868,0.0929,0.0815,0.1359,0.0415,0.0404,0.2277,0.223,0.0069,0.0634
CT016425,Zone_07,Zone_07,0.2913,0.0685,0.1088,0.0834,0.1398,0.0351,0.03,0.2913,0.1733,0.0111,0.0585
CT006573,Zone_08,Zone_07,0.2338,0.0602,0.1047,0.0969,0.1297,0.0416,0.0606,0.2338,0.2099,0.0149,0.0478
CT009051,Zone_03,Zone_08,0.2232,0.0818,0.0734,0.0757,0.138,0.0519,0.0543,0.2215,0.2232,0.008,0.0723
CT004104,Zone_04,Zone_07,0.2594,0.0553,0.0727,0.1051,0.1303,0.039,0.0467,0.2594,0.2278,0.0144,0.0492
CT004529,Zone_04,Zone_07,0.2724,0.0667,0.0715,0.0774,0.147,0.0361,0.03,0.2724,0.2367,0.0204,0.0419
CT003080,Zone_04,Zone_07,0.288,0.079,0.0696,0.0788,0.1394,0.0434,0.0418,0.288,0.1919,0.0059,0.0623
CT011148,Zone_02,Zone_07,0.2831,0.0793,0.0695,0.0863,0.1246,0.029,0.0546,0.2831,0.2013,0.0103,0.062
CT009496,Zone_03,Zone_07,0.3216,0.0657,0.0679,0.0829,0.1364,0.038,0.0345,0.3216,0.168,0.014,0.071
CT018393,Zone_01,Zone_07,0.2399,0.0582,0.0776,0.0867,0.1117,0.0529,0.0542,0.2399,0.2341,0.0123,0.0726
CT007541,Zone_10,Zone_07,0.2531,0.0506,0.0941,0.1038,0.112,0.0331,0.0335,0.2531,0.2407,0.0156,0.0634
CT003980,Zone_07,Zone_07,0.3632,0.0508,0.0832,0.1052,0.1161,0.0319,0.044,0.3632,0.1517,0.0114,0.0425
CT016162,Zone_04,Zone_07,0.3252,0.0333,0.0696,0.108,0.1423,0.0232,0.0491,0.3252,0.1976,0.0067,0.045
CT005811,Zone_07,Zone_07,0.2891,0.0622,0.063,0.0866,0.1187,0.05,0.0359,0.2891,0.2087,0.0153,0.0706
CT004265,Zone_07,Zone_07,0.3026,0.0632,0.0604,0.0859,0.1641,0.0212,0.0265,0.3026,0.2077,0.0092,0.0591
CT002298,Zone_02,Zone_07,0.2976,0.067,0.0475,0.097,0.1497,0.0352,0.0406,0.2976,0.1955,0.0185,0.0515
CT005476,Zone_03,Zone_07,0.3059,0.0662,0.0892,0.1012,0.1485,0.0285,0.0431,0.3059,0.1687,0.0097,0.0389
CT000892,Zone_10,Zone_07,0.2882,0.0695,0.0713,0.0822,0.1335,0.0439,0.0347,0.2882,0.1989,0.0119,0.0659
CT007667,Zone_07,Zone_07,0.2632,0.0676,0.0792,0.1094,0.1056,0.0391,0.0338,0.2632,0.2298,0.0085,0.0637
CT010793,Zone_07,Zone_07,0.2631,0.0435,0.0922,0.0771,0.1604,0.0421,0.0534,0.2631,0.2021,0.0028,0.0632
CT013985,Zone_10,Zone_07,0.2643,0.0607,0.0714,0.0793,0.158,0.0384,0.0316,0.2643,0.2405,0.0032,0.0527
CT003668,Zone_03,Zone_08,0.2475,0.0492,0.0982,0.0712,0.1453,0.0332,0.051,0.2307,0.2475,0.0073,0.0663
CT004759,Zone_02,Zone_07,0.2578,0.0669,0.0988,0.084,0.1281,0.0407,0.0542,0.2578,0.1869,0.0173,0.0653
CT002621,Zone_07,Zone_08,0.2475,0.0608,0.0791,0.0897,0.1158,0.036,0.0435,0.2334,0.2475,0.0126,0.0815
CT014877,Zone_06,Zone_07,0.323,0.0522,0.0575,0.0954,0.1277,0.0337,0.0414,0.323,0.195,0.0211,0.0531
CT008558,Zone_08,Zone_07,0.2977,0.059,0.0832,0.1225,0.1019,0.0239,0.0397,0.2977,0.2086,0.0059,0.0575
CT009183,Zone_08,Zone_07,0.2638,0.0825,0.0785,0.0949,0.1263,0.0469,0.0558,0.2638,0.1885,0.0082,0.0545
CT008366,Zone_10,Zone_07,0.3133,0.0673,0.1085,0.0805,0.1078,0.0338,0.0274,0.3133,0.1821,0.0132,0.0662
CT005257,Zone_08,Zone_07,0.3162,0.061,0.0791,0.0921,0.1083,0.0254,0.0518,0.3162,0.1934,0.0162,0.0565
CT019248,Zone_07,Zone_08,0.2527,0.0675,0.078,0.0994,0.1167,0.0306,0.047,0.2427,0.2527,0.0076,0.0579
CT010510,Zone_07,Zone_08,0.2524,0.0469,0.065,0.1039,0.155,0.0298,0.0505,0.242,0.2524,0.0055,0.0491
CT016053,Zone_10,Zone_07,0.2845,0.0657,0.0707,0.0868,0.1295,0.038,0.0344,0.2845,0.2077,0.0122,0.0705
CT001623,Zone_07,Zone_07,0.3156,0.0627,0.1281,0.1079,0.1383,0.0359,0.0279,0.3156,0.1403,0.0156,0.0277
CT018389,Zone_07,Zone_07,0.2783,0.0633,0.0608,0.0898,0.1198,0.0387,0.034,0.2783,0.2353,0.0089,0.0711
CT008515,Zone_05,Zone_07,0.2553,0.0539,0.0723,0.1028,0.1271,0.0424,0.0469,0.2553,0.2312,0.0122,0.0559
CT009442,Zone_10,Zone_07,0.2367,0.068,0.0786,0.0959,0.1461,0.0472,0.0453,0.2367,0.197,0.0066,0.0785
CT017955,Zone_09,Zone_07,0.3007,0.0541,0.101,0.0851,0.1109,0.0397,0.0685,0.3007,0.1712,0.0124,0.0564
CT016258,Zone_03,Zone_07,0.3308,0.0427,0.0605,0.1021,0.1514,0.0249,0.0352,0.3308,0.1987,0.0071,0.0466
CT018617,Zone_02,Zone_07,0.3188,0.0567,0.0787,0.0708,0.1384,0.0379,0.0435,0.3188,0.1842,0.0049,0.0661
CT010955,Zone_06,Zone_07,0.2658,0.0705,0.1015,0.0768,0.1352,0.0379,0.0352,0.2658,0.1983,0.0185,0.0604
CT012905,Zone_03,Zone_07,0.2803,0.0565,0.0928,0.0965,0.143,0.0437,0.0416,0.2803,0.1789,0.0141,0.0526
CT011705,Zone_03,Zone_07,0.2745,0.0645,0.0777,0.0823,0.1196,0.0404,0.0476,0.2745,0.2169,0.0141,0.0624
CT009210,Zone_07,Zone_07,0.2776,0.0742,0.0954,0.093,0.1148,0.0352,0.0205,0.2776,0.2005,0.0105,0.0783
CT010744,Zone_07,Zone_07,0.2241,0.0545,0.1029,0.0759,0.1251,0.0523,0.0617,0.2241,0.2156,0.0348,0.0532
CT001575,Zone_03,Zone_08,0.2582,0.0523,0.0491,0.0782,0.1696,0.0358,0.0529,0.2299,0.2582,0.009,0.065
CT009750,Zone_03,Zone_07,0.3507,0.0532,0.0751,0.0613,0.1496,0.0322,0.0394,0.3507,0.1751,0.0053,0.058
CT019603,Zone_09,Zone_07,0.3232,0.0576,0.0551,0.0866,0.1594,0.0215,0.0352,0.3232,0.2086,0.009,0.0439
CT017224,Zone_04,Zone_07,0.3059,0.0664,0.0944,0.0815,0.1246,0.0275,0.0368,0.3059,0.1984,0.0061,0.0585
CT003952,Zone_10,Zone_07,0.2636,0.0691,0.09,0.0825,0.1119,0.0386,0.0536,0.2636,0.2217,0.0112,0.0577
CT002709,Zone_01,Zone_07,0.265,0.0669,0.091,0.1027,0.1356,0.0323,0.0359,0.265,0.2011,0.0172,0.0523
CT017740,Zone_07,Zone_08,0.2392,0.0568,0.093,0.0821,0.1662,0.0381,0.0343,0.2309,0.2392,0.0045,0.0548
CT004834,Zone_07,Zone_07,0.2316,0.0552,0.0885,0.0768,0.1267,0.0716,0.0592,0.2316,0.2043,0.0159,0.0703
CT007659,Zone_03,Zone_07,0.2786,0.0393,0.0908,0.1156,0.1328,0.0384,0.0522,0.2786,0.1864,0.0123,0.0537
CT014138,Zone_10,Zone_07,0.3248,0.0614,0.0908,0.0898,0.106,0.0273,0.0357,0.3248,0.1955,0.0119,0.0568
CT013936,Zone_08,Zone_08,0.2425,0.0862,0.1199,0.1004,0.144,0.0431,0.0282,0.1743,0.2425,0.0068,0.0547
CT010186,Zone_03,Zone_07,0.2806,0.0782,0.0962,0.0827,0.143,0.0332,0.0306,0.2806,0.1702,0.0142,0.0711
CT001566,Zone_08,Zone_08,0.2922,0.0629,0.0727,0.0969,0.1151,0.0399,0.048,0.2004,0.2922,0.0149,0.0569
CT006901,Zone_05,Zone_07,0.321,0.0583,0.0604,0.0862,0.1424,0.0344,0.0497,0.321,0.1831,0.0165,0.048
CT009170,Zone_04,Zone_07,0.3236,0.0469,0.0588,0.1075,0.1272,0.0223,0.0395,0.3236,0.2057,0.0083,0.0602
CT001644,Zone_01,Zone_07,0.2848,0.0603,0.0944,0.0788,0.1153,0.0401,0.0602,0.2848,0.1889,0.0124,0.0647
CT018640,Zone_09,Zone_08,0.2573,0.0664,0.0566,0.1093,0.1098,0.0552,0.0589,0.2129,0.2573,0.0108,0.0628
CT011698,Zone_07,Zone_08,0.2721,0.0461,0.0741,0.0885,0.1355,0.0337,0.0396,0.2444,0.2721,0.0043,0.0618
CT013858,Zone_04,Zone_07,0.2596,0.0577,0.0706,0.0745,0.1524,0.0408,0.0518,0.2596,0.2018,0.0301,0.0607
CT008036,Zone_07,Zone_07,0.284,0.0612,0.1057,0.0711,0.1071,0.0306,0.0564,0.284,0.2061,0.0135,0.0643
CT000620,Zone_02,Zone_07,0.2686,0.0641,0.0973,0.0814,0.118,0.0243,0.0472,0.2686,0.2206,0.0082,0.0703
CT005000,Zone_08,Zone_07,0.2566,0.0572,0.0748,0.1153,0.1044,0.038,0.052,0.2566,0.2238,0.0139,0.064
CT013835,Zone_07,Zone_07,0.2536,0.0645,0.0584,0.1117,0.1296,0.0437,0.0403,0.2536,0.2336,0.0091,0.0555
CT013161,Zone_02,Zone_07,0.258,0.0576,0.0888,0.123,0.1545,0.0247,0.0321,0.258,0.2076,0.0081,0.0456
CT014410,Zone_08,Zone_08,0.2358,0.0575,0.0757,0.098,0.1312,0.0541,0.0515,0.2209,0.2358,0.0169,0.0584
CT004673,Zone_02,Zone_07,0.2555,0.0411,0.0804,0.0807,0.1382,0.0442,0.0403,0.2555,0.2429,0.006,0.0708
CT014750,Zone_06,Zone_07,0.3018,0.0553,0.099,0.0999,0.1227,0.037,0.033,0.3018,0.1777,0.0065,0.067
CT010241,Zone_04,Zone_07,0.2968,0.0534,0.0958,0.1087,0.1126,0.0341,0.0358,0.2968,0.1948,0.0083,0.0596
CT005552,Zone_02,Zone_07,0.2725,0.0667,0.0786,0.1067,0.1396,0.0391,0.0308,0.2725,0.1963,0.0115,0.0582
CT013890,Zone_03,Zone_07,0.2759,0.0655,0.078,0.0875,0.1247,0.0528,0.034,0.2759,0.2086,0.0104,0.0625
CT009851,Zone_04,Zone_07,0.254,0.077,0.0662,0.0894,0.1334,0.0424,0.0403,0.254,0.2429,0.011,0.0434
CT009117,Zone_03,Zone_08,0.2566,0.0644,0.0712,0.0871,0.1329,0.0341,0.0301,0.2563,0.2566,0.0145,0.0528
CT000914,Zone_10,Zone_08,0.258,0.0793,0.0943,0.0786,0.1038,0.0394,0.0267,0.2537,0.258,0.014,0.052
CT008781,Zone_07,Zone_08,0.2298,0.0487,0.0894,0.0989,0.1244,0.047,0.0631,0.2283,0.2298,0.0161,0.0543
CT006854,Zone_08,Zone_07,0.3192,0.0523,0.0926,0.0653,0.152,0.0546,0.0362,0.3192,0.1621,0.007,0.0588
CT004665,Zone_07,Zone_08,0.2755,0.0466,0.0817,0.0838,0.1476,0.0361,0.0518,0.2093,0.2755,0.0059,0.0619
CT018249,Zone_06,Zone_08,0.2566,0.077,0.0671,0.0767,0.1194,0.0456,0.0656,0.2124,0.2566,0.0146,0.0649
CT018001,Zone_03,Zone_07,0.2936,0.0575,0.0916,0.0755,0.1238,0.0507,0.0518,0.2936,0.184,0.0112,0.0603
CT009980,Zone_03,Zone_07,0.2679,0.0791,0.0701,0.0896,0.1302,0.0351,0.0498,0.2679,0.1969,0.0156,0.0656
CT013741,Zone_07,Zone_08,0.2816,0.087,0.0756,0.0744,0.1348,0.0423,0.0325,0.2233,0.2816,0.0083,0.0402
CT018776,Zone_08,Zone_07,0.3054,0.0514,0.0518,0.0817,0.1631,0.0424,0.0318,0.3054,0.2101,0.0065,0.0558
CT011895,Zone_02,Zone_07,0.2498,0.0666,0.061,0.0792,0.1375,0.0442,0.045,0.2498,0.2462,0.0118,0.0587
CT005849,Zone_03,Zone_07,0.3575,0.0428,0.0864,0.0708,0.1644,0.0313,0.0232,0.3575,0.156,0.0104,0.0571
CT014991,Zone_06,Zone_07,0.2538,0.0713,0.0943,0.0892,0.1213,0.0387,0.0224,0.2538,0.2103,0.0153,0.0834
CT015678,Zone_02,Zone_08,0.2257,0.086,0.0778,0.092,0.1363,0.0382,0.0293,0.2251,0.2257,0.0098,0.0799
CT006291,Zone_07,Zone_07,0.2609,0.0667,0.0784,0.0873,0.1426,0.0486,0.041,0.2609,0.1976,0.0134,0.0633
CT004338,Zone_02,Zone_07,0.2562,0.063,0.0829,0.0965,0.1039,0.0381,0.0419,0.2562,0.2393,0.0071,0.0711
CT012599,Zone_08,Zone_08,0.2306,0.0702,0.0592,0.097,0.1298,0.057,0.0528,0.2107,0.2306,0.0067,0.086
CT007341,Zone_07,Zone_07,0.263,0.047,0.1061,0.0663,0.1396,0.0344,0.048,0.263,0.217,0.0074,0.0712
CT009705,Zone_04,Zone_07,0.243,0.0447,0.0922,0.0901,0.159,0.0266,0.0399,0.243,0.2429,0.0052,0.0566
CT003318,Zone_03,Zone_07,0.2528,0.0666,0.079,0.0862,0.1047,0.0435,0.0342,0.2528,0.2497,0.0106,0.0726
CT014931,Zone_04,Zone_07,0.2582,0.0678,0.0847,0.0609,0.1241,0.0482,0.0475,0.2582,0.243,0.0081,0.0573
CT015194,Zone_04,Zone_07,0.2937,0.072,0.0908,0.0736,0.1182,0.0503,0.042,0.2937,0.1822,0.0146,0.0626
CT011100,Zone_08,Zone_07,0.2735,0.0679,0.0853,0.0789,0.1327,0.0326,0.0348,0.2735,0.2161,0.0083,0.07
CT007927,Zone_01,Zone_07,0.2523,0.0612,0.0706,0.0829,0.13,0.0381,0.0541,0.2523,0.2408,0.0195,0.0505
CT012374,Zone_02,Zone_07,0.2755,0.0489,0.0871,0.1158,0.1152,0.0456,0.0521,0.2755,0.19,0.0137,0.0562
CT015055,Zone_07,Zone_07,0.2645,0.0608,0.0722,0.1043,0.106,0.0395,0.0501,0.2645,0.2226,0.0139,0.0661
CT006319,Zone_08,Zone_08,0.3015,0.0656,0.0661,0.0826,0.1092,0.0448,0.055,0.2229,0.3015,0.0088,0.0435
CT003115,Zone_08,Zone_07,0.2263,0.0688,0.0888,0.0966,0.1495,0.0417,0.0372,0.2263,0.2213,0.0149,0.0549
CT014272,Zone_07,Zone_07,0.2603,0.0705,0.113,0.0839,0.1149,0.0289,0.034,0.2603,0.2139,0.0216,0.059
CT016088,Zone_02,Zone_08,0.2541,0.0603,0.0896,0.1036,0.1419,0.0238,0.0455,0.2258,0.2541,0.0152,0.0402
CT008715,Zone_02,Zone_08,0.261,0.0694,0.0651,0.1023,0.113,0.053,0.029,0.2352,0.261,0.0146,0.0573
CT005403,Zone_05,Zone_07,0.3002,0.0646,0.0773,0.0712,0.1389,0.0456,0.031,0.3002,0.1761,0.0217,0.0733
CT001118,Zone_07,Zone_07,0.219,0.0573,0.1049,0.088,0.1287,0.0492,0.0698,0.219,0.2127,0.0116,0.0588
CT014203,Zone_07,Zone_08,0.2646,0.0732,0.095,0.0653,0.1158,0.0462,0.0596,0.2125,0.2646,0.0107,0.0571
CT013603,Zone_08,Zone_07,0.2821,0.0578,0.0556,0.1152,0.1321,0.0299,0.0498,0.2821,0.22,0.01,0.0476
CT017056,Zone_01,Zone_07,0.2449,0.0549,0.0754,0.0956,0.1288,0.0403,0.0554,0.2449,0.2293,0.0139,0.0616
CT002208,Zone_08,Zone_08,0.2864,0.0587,0.0681,0.0724,0.1492,0.0374,0.0576,0.2013,0.2864,0.005,0.064
CT006221,Zone_08,Zone_07,0.238,0.0457,0.1076,0.0834,0.1401,0.0346,0.0488,0.238,0.2281,0.0092,0.0646
CT019685,Zone_08,Zone_07,0.29,0.0486,0.0686,0.0911,0.1297,0.0311,0.0366,0.29,0.2359,0.0121,0.0563
CT003530,Zone_08,Zone_08,0.2671,0.0638,0.0505,0.1063,0.1194,0.0372,0.0358,0.2567,0.2671,0.0065,0.0567
CT015892,Zone_08,Zone_08,0.2425,0.0518,0.1045,0.0732,0.1675,0.0323,0.032,0.231,0.2425,0.008,0.0572
CT009276,Zone_02,Zone_07,0.2645,0.0511,0.067,0.1204,0.1231,0.0384,0.045,0.2645,0.2299,0.0123,0.0483
CT011499,Zone_07,Zone_07,0.2866,0.0645,0.0954,0.0975,0.1307,0.0418,0.0498,0.2866,0.1666,0.0089,0.0581
CT005250,Zone_07,Zone_07,0.3538,0.054,0.0608,0.0981,0.139,0.0176,0.0259,0.3538,0.1913,0.0077,0.0517
CT000830,Zone_04,Zone_07,0.2701,0.045,0.0865,0.082,0.1682,0.0319,0.0458,0.2701,0.2141,0.0159,0.0404
CT019390,Zone_04,Zone_07,0.2088,0.0735,0.1066,0.1164,0.1773,0.0504,0.0228,0.2088,0.1853,0.0112,0.0477
CT014381,Zone_07,Zone_07,0.3089,0.0655,0.066,0.0821,0.1227,0.0292,0.0533,0.3089,0.2061,0.0157,0.0506
CT016812,Zone_10,Zone_07,0.2907,0.0625,0.0598,0.1001,0.1116,0.0363,0.0415,0.2907,0.2184,0.0089,0.0702
CT008883,Zone_07,Zone_07,0.2643,0.0745,0.0614,0.0926,0.1392,0.0525,0.0381,0.2643,0.2063,0.009,0.0621
CT013493,Zone_07,Zone_08,0.2433,0.0743,0.0743,0.078,0.1315,0.0368,0.0577,0.232,0.2433,0.0123,0.0597
CT019104,Zone_08,Zone_07,0.2714,0.0832,0.0678,0.089,0.1219,0.0403,0.0261,0.2714,0.2352,0.0113,0.0539
CT011223,Zone_02,Zone_07,0.2965,0.086,0.0774,0.0977,0.1514,0.0329,0.0289,0.2965,0.1736,0.0045,0.051
CT014474,Zone_02,Zone_07,0.2884,0.0723,0.0886,0.0912,0.1454,0.038,0.0405,0.2884,0.1727,0.0063,0.0566
CT015843,Zone_08,Zone_07,0.2912,0.0711,0.062,0.1013,0.1193,0.0472,0.0408,0.2912,0.1912,0.0095,0.0666
CT014644,Zone_07,Zone_08,0.2691,0.0458,0.0794,0.0795,0.1357,0.0369,0.0549,0.2265,0.2691,0.0053,0.067
CT005539,Zone_05,Zone_07,0.2862,0.0691,0.0745,0.1182,0.1225,0.0244,0.0418,0.2862,0.2178,0.0088,0.0366
CT011815,Zone_08,Zone_08,0.2604,0.0677,0.079,0.0712,0.1537,0.0409,0.0421,0.2193,0.2604,0.0029,0.0628
CT001953,Zone_07,Zone_07,0.3207,0.0426,0.0716,0.0759,0.1544,0.0397,0.042,0.3207,0.1912,0.0045,0.0573
CT010789,Zone_02,Zone_07,0.274,0.0638,0.0754,0.071,0.1648,0.04,0.0364,0.274,0.209,0.0081,0.0574
CT012997,Zone_07,Zone_07,0.2589,0.056,0.0751,0.0851,0.1182,0.0496,0.0486,0.2589,0.2277,0.0088,0.0721
CT015999,Zone_07,Zone_07,0.3344,0.0442,0.0512,0.097,0.158,0.0232,0.0442,0.3344,0.1935,0.0143,0.04
CT017662,Zone_01,Zone_07,0.2915,0.0587,0.1198,0.102,0.1053,0.0319,0.029,0.2915,0.187,0.0101,0.0647
CT012662,Zone_04,Zone_07,0.251,0.0628,0.0582,0.103,0.1527,0.0417,0.0276,0.251,0.235,0.0183,0.0497
CT014464,Zone_04,Zone_07,0.2566,0.0532,0.077,0.1117,0.1389,0.0436,0.05,0.2566,0.2013,0.0163,0.0513
CT003915,Zone_05,Zone_08,0.2503,0.0729,0.0929,0.0833,0.1391,0.0422,0.0486,0.214,0.2503,0.0088,0.0478
CT003849,Zone_04,Zone_07,0.3649,0.0705,0.0961,0.0839,0.1235,0.0314,0.0222,0.3649,0.1341,0.0113,0.0622
CT009762,Zone_02,Zone_07,0.2875,0.0698,0.1022,0.0824,0.1302,0.0363,0.0381,0.2875,0.1672,0.0232,0.063
CT015372,Zone_02,Zone_07,0.3017,0.0704,0.105,0.0856,0.1136,0.0226,0.0323,0.3017,0.2044,0.0066,0.0579
CT000282,Zone_01,Zone_07,0.2782,0.0659,0.105,0.0957,0.1306,0.023,0.0323,0.2782,0.2129,0.0074,0.049
CT014007,Zone_07,Zone_08,0.2457,0.0591,0.0817,0.0819,0.1093,0.0414,0.0643,0.2384,0.2457,0.0131,0.065
CT011393,Zone_08,Zone_08,0.2706,0.0594,0.076,0.0902,0.1088,0.0322,0.0582,0.2318,0.2706,0.0072,0.0658
CT017804,Zone_07,Zone_07,0.2818,0.0525,0.0671,0.0999,0.1475,0.0366,0.0359,0.2818,0.2189,0.0108,0.0489
CT016247,Zone_07,Zone_07,0.3054,0.058,0.0601,0.0713,0.1498,0.049,0.043,0.3054,0.2032,0.0068,0.0533
CT011302,Zone_10,Zone_07,0.2656,0.0584,0.085,0.1046,0.1317,0.0404,0.0362,0.2656,0.2012,0.0144,0.0624
CT016546,Zone_08,Zone_07,0.3141,0.0671,0.1173,0.079,0.1442,0.0534,0.0371,0.3141,0.123,0.0074,0.0574
CT007929,Zone_02,Zone_07,0.3128,0.0656,0.0426,0.1094,0.1273,0.0346,0.0356,0.3128,0.217,0.0102,0.0448
CT018385,Zone_08,Zone_07,0.2758,0.0668,0.065,0.0938,0.1505,0.0331,0.0477,0.2758,0.1955,0.017,0.0548
CT005206,Zone_02,Zone_07,0.2819,0.0708,0.0628,0.0887,0.1317,0.0369,0.0256,0.2819,0.234,0.0166,0.0509
CT017922,Zone_06,Zone_07,0.2601,0.0595,0.0726,0.1019,0.0972,0.0412,0.0337,0.2601,0.2576,0.0097,0.0666
CT013621,Zone_07,Zone_07,0.3202,0.0631,0.0741,0.1023,0.108,0.0277,0.0463,0.3202,0.1818,0.0144,0.0622
CT017269,Zone_07,Zone_07,0.3324,0.0668,0.0807,0.0771,0.1282,0.0491,0.0398,0.3324,0.1586,0.0104,0.0569
CT013140,Zone_07,Zone_07,0.3427,0.0518,0.0799,0.1009,0.1002,0.0295,0.0425,0.3427,0.1774,0.0084,0.0666
CT012218,Zone_04,Zone_08,0.2433,0.0658,0.0778,0.1078,0.1342,0.0261,0.0423,0.2417,0.2433,0.0074,0.0538
CT000827,Zone_08,Zone_07,0.2521,0.08,0.1002,0.0846,0.1088,0.0396,0.0303,0.2521,0.2312,0.0145,0.0588
CT011791,Zone_07,Zone_07,0.2483,0.0748,0.0837,0.09,0.1313,0.0477,0.0396,0.2483,0.2155,0.0104,0.0585
CT011106,Zone_01,Zone_07,0.2939,0.0632,0.0755,0.0893,0.1058,0.0476,0.0399,0.2939,0.2077,0.0127,0.0645
CT010885,Zone_06,Zone_07,0.284,0.0667,0.0657,0.1087,0.1222,0.0467,0.0204,0.284,0.2047,0.0061,0.0748
CT013330,Zone_07,Zone_07,0.2997,0.0393,0.0962,0.1124,0.1258,0.0328,0.0534,0.2997,0.1844,0.0092,0.0468
CT004583,Zone_07,Zone_08,0.294,0.0553,0.0821,0.0658,0.16,0.0344,0.0598,0.1877,0.294,0.0079,0.0531
CT014788,Zone_07,Zone_07,0.2408,0.0634,0.0881,0.0844,0.1199,0.0501,0.0554,0.2408,0.2256,0.0108,0.0616
CT001300,Zone_05,Zone_07,0.2779,0.0702,0.0659,0.0935,0.1349,0.0486,0.0233,0.2779,0.2134,0.014,0.0583
CT011782,Zone_07,Zone_08,0.2456,0.0648,0.0869,0.0736,0.1099,0.0513,0.0437,0.2446,0.2456,0.0143,0.0653
CT009150,Zone_03,Zone_08,0.2504,0.0649,0.0813,0.1087,0.1241,0.0322,0.0379,0.2455,0.2504,0.0076,0.0473
CT007601,Zone_09,Zone_07,0.289,0.0649,0.0702,0.09,0.1392,0.0371,0.0487,0.289,0.1836,0.0183,0.0591
CT014107,Zone_07,Zone_07,0.2625,0.0643,0.0568,0.1101,0.1166,0.0439,0.0376,0.2625,0.2554,0.0094,0.0435
CT013183,Zone_03,Zone_07,0.3419,0.0675,0.1085,0.0785,0.11,0.0302,0.0332,0.3419,0.1605,0.0118,0.0579
CT002945,Zone_04,Zone_07,0.2555,0.0588,0.0988,0.0765,0.1477,0.0318,0.0375,0.2555,0.2383,0.0027,0.0524
CT011594,Zone_08,Zone_07,0.3103,0.057,0.0851,0.0821,0.1079,0.0383,0.0608,0.3103,0.19,0.0107,0.0579
CT017406,Zone_07,Zone_07,0.271,0.0558,0.0754,0.0977,0.1313,0.0297,0.0523,0.271,0.2333,0.0067,0.0469
CT010579,Zone_04,Zone_07,0.265,0.0535,0.1034,0.1046,0.1478,0.0378,0.0446,0.265,0.1844,0.011,0.0479
CT013916,Zone_08,Zone_08,0.2714,0.0445,0.0805,0.0599,0.1588,0.0532,0.052,0.2004,0.2714,0.0065,0.0727
CT010180,Zone_08,Zone_07,0.2471,0.0656,0.1057,0.0809,0.1275,0.0511,0.0459,0.2471,0.194,0.0139,0.0683
CT017695,Zone_08,Zone_08,0.2458,0.0747,0.0896,0.0873,0.1041,0.0437,0.0395,0.2357,0.2458,0.0199,0.0597
CT017177,Zone_07,Zone_07,0.2376,0.0524,0.0712,0.1115,0.1102,0.0458,0.0602,0.2376,0.2374,0.0068,0.0669
CT016847,Zone_04,Zone_07,0.3188,0.0804,0.0706,0.0854,0.1553,0.0294,0.0254,0.3188,0.1667,0.0098,0.0581
CT013733,Zone_08,Zone_07,0.2887,0.0541,0.0692,0.1043,0.1069,0.0381,0.0449,0.2887,0.2235,0.0095,0.0608
CT018926,Zone_01,Zone_08,0.2789,0.0437,0.0796,0.0923,0.1686,0.0366,0.0489,0.1929,0.2789,0.0073,0.0514
CT018565,Zone_07,Zone_07,0.2807,0.0666,0.0626,0.0795,0.1409,0.0502,0.0473,0.2807,0.1875,0.0144,0.0703
CT001890,Zone_08,Zone_07,0.3628,0.0603,0.0767,0.0895,0.1278,0.0335,0.0292,0.3628,0.1589,0.0115,0.0498
CT004084,Zone_04,Zone_07,0.2414,0.0869,0.0708,0.0893,0.124,0.0436,0.0522,0.2414,0.2263,0.0084,0.0572
CT004692,Zone_04,Zone_07,0.2632,0.0589,0.0574,0.1011,0.1219,0.0514,0.044,0.2632,0.2353,0.0084,0.0583
CT006765,Zone_04,Zone_08,0.2644,0.0518,0.0755,0.0886,0.0991,0.0434,0.0699,0.2308,0.2644,0.0144,0.0622
CT005661,Zone_08,Zone_07,0.2939,0.0489,0.1164,0.0972,0.1195,0.0338,0.0675,0.2939,0.1636,0.0115,0.0476
CT013626,Zone_07,Zone_07,0.3166,0.0675,0.0734,0.0978,0.1129,0.0356,0.0384,0.3166,0.1916,0.0099,0.0562
CT000475,Zone_04,Zone_08,0.2717,0.0606,0.0766,0.102,0.1,0.0386,0.034,0.2409,0.2717,0.0164,0.0592
CT007821,Zone_08,Zone_07,0.2653,0.0721,0.0853,0.0952,0.1148,0.0354,0.0272,0.2653,0.222,0.0096,0.0731
CT011650,Zone_07,Zone_08,0.298,0.0547,0.0959,0.0737,0.1705,0.0332,0.0457,0.1757,0.298,0.0035,0.0491
CT007071,Zone_08,Zone_07,0.3723,0.0567,0.1072,0.087,0.1133,0.0252,0.0395,0.3723,0.138,0.0073,0.0535
CT000127,Zone_04,Zone_07,0.2808,0.0446,0.0653,0.1082,0.1199,0.0476,0.0531,0.2808,0.2074,0.0066,0.0664
CT006190,Zone_07,Zone_07,0.3134,0.0475,0.0808,0.1014,0.0983,0.0392,0.0481,0.3134,0.1923,0.0179,0.0612
CT019805,Zone_02,Zone_07,0.3056,0.064,0.0933,0.1002,0.139,0.0443,0.0254,0.3056,0.1673,0.0086,0.0521
CT006969,Zone_08,Zone_08,0.2673,0.0605,0.0556,0.1082,0.1048,0.0478,0.0612,0.2221,0.2673,0.0077,0.0647
CT007502,Zone_07,Zone_07,0.2551,0.0756,0.0693,0.0802,0.1323,0.0502,0.0382,0.2551,0.2299,0.0122,0.057
CT014095,Zone_02,Zone_07,0.2741,0.0576,0.0949,0.1072,0.1182,0.025,0.0346,0.2741,0.232,0.0085,0.048
CT007831,Zone_10,Zone_07,0.2967,0.0483,0.0528,0.083,0.1406,0.0453,0.0408,0.2967,0.2393,0.0057,0.0475
CT009264,Zone_07,Zone_08,0.2637,0.0577,0.0693,0.1016,0.1022,0.0457,0.0333,0.2398,0.2637,0.0108,0.0759
CT004763,Zone_06,Zone_07,0.2255,0.0641,0.1021,0.0961,0.1303,0.0455,0.0597,0.2255,0.2094,0.0193,0.0479
CT018894,Zone_03,Zone_07,0.2756,0.0695,0.1068,0.0802,0.1063,0.0357,0.0289,0.2756,0.208,0.0302,0.0586
CT007606,Zone_10,Zone_07,0.2685,0.0778,0.0687,0.0812,0.1239,0.0529,0.0387,0.2685,0.2206,0.0123,0.0555
CT001929,Zone_02,Zone_07,0.2592,0.0693,0.0989,0.0823,0.1388,0.0267,0.039,0.2592,0.2145,0.0208,0.0506
CT004052,Zone_07,Zone_07,0.3607,0.0504,0.0648,0.0991,0.1316,0.0194,0.0221,0.3607,0.1856,0.0106,0.0558
CT005673,Zone_05,Zone_07,0.2814,0.0643,0.1038,0.0943,0.1283,0.0351,0.0449,0.2814,0.182,0.0151,0.0509
CT004100,Zone_06,Zone_07,0.2436,0.055,0.0692,0.0739,0.1746,0.0337,0.0543,0.2436,0.2405,0.0092,0.046
CT009828,Zone_08,Zone_07,0.3172,0.0642,0.0811,0.0892,0.1193,0.034,0.0467,0.3172,0.1759,0.0136,0.0589
CT001093,Zone_04,Zone_07,0.2699,0.0618,0.0555,0.1098,0.1095,0.0241,0.0524,0.2699,0.2454,0.0113,0.0605
CT012879,Zone_08,Zone_07,0.2495,0.0688,0.0807,0.0971,0.109,0.0377,0.0312,0.2495,0.2478,0.018,0.0601
CT007871,Zone_02,Zone_07,0.2361,0.0504,0.0645,0.0956,0.1169,0.0615,0.0562,0.2361,0.2312,0.0137,0.0738
CT019270,Zone_02,Zone_07,0.2834,0.0633,0.0837,0.1009,0.1115,0.0229,0.0384,0.2834,0.2244,0.0069,0.0646
CT017181,Zone_08,Zone_07,0.3016,0.0603,0.0684,0.1018,0.1285,0.0368,0.0401,0.3016,0.2002,0.0084,0.0539
CT007825,Zone_10,Zone_07,0.2967,0.06,0.0462,0.0969,0.1427,0.0235,0.0508,0.2967,0.2258,0.0075,0.0499
CT007398,Zone_04,Zone_07,0.34,0.0532,0.069,0.087,0.115,0.0392,0.0321,0.34,0.1831,0.0113,0.07
CT009712,Zone_08,Zone_07,0.303,0.0499,0.0382,0.1053,0.143,0.027,0.0385,0.303,0.243,0.0121,0.0401
CT004523,Zone_07,Zone_07,0.288,0.0584,0.0701,0.0952,0.1414,0.0346,0.0403,0.288,0.216,0.0195,0.0364
CT017063,Zone_07,Zone_07,0.2846,0.0562,0.0589,0.0941,0.1195,0.0536,0.0533,0.2846,0.213,0.015,0.0517
CT012709,Zone_04,Zone_07,0.3225,0.0516,0.0988,0.0626,0.1459,0.0309,0.04,0.3225,0.1742,0.0081,0.0654
CT019406,Zone_07,Zone_07,0.2746,0.0803,0.0673,0.0834,0.1388,0.0361,0.0429,0.2746,0.2109,0.012,0.0537
CT010725,Zone_10,Zone_07,0.2938,0.082,0.0809,0.0828,0.1467,0.0374,0.0198,0.2938,0.1784,0.0138,0.0645
CT016794,Zone_08,Zone_08,0.2729,0.0459,0.1008,0.0657,0.1592,0.0306,0.0536,0.2025,0.2729,0.011,0.0578
CT015767,Zone_02,Zone_07,0.2999,0.0692,0.0594,0.082,0.1484,0.0344,0.0222,0.2999,0.2124,0.017,0.0551
CT011562,Zone_07,Zone_08,0.3568,0.0666,0.068,0.0828,0.1067,0.0405,0.0398,0.1882,0.3568,0.0105,0.04
CT005392,Zone_05,Zone_07,0.2462,0.0518,0.0777,0.0827,0.1589,0.0395,0.0399,0.2462,0.2412,0.0061,0.0562
CT007647,Zone_02,Zone_08,0.2579,0.0707,0.0619,0.1028,0.1289,0.0312,0.0465,0.2262,0.2579,0.0126,0.0612
CT014945,Zone_07,Zone_07,0.3268,0.0665,0.0585,0.0697,0.1749,0.0395,0.0265,0.3268,0.1752,0.005,0.0574
CT006576,Zone_07,Zone_08,0.2271,0.0464,0.1234,0.1116,0.1227,0.0376,0.0487,0.2134,0.2271,0.0209,0.0483
CT015207,Zone_08,Zone_07,0.2505,0.0588,0.0745,0.1135,0.1185,0.0427,0.052,0.2505,0.2234,0.0109,0.0551
CT010223,Zone_08,Zone_08,0.2713,0.0509,0.0759,0.085,0.149,0.0236,0.0473,0.2488,0.2713,0.0072,0.041
CT013738,Zone_05,Zone_07,0.2617,0.0565,0.0855,0.0744,0.1445,0.0317,0.0377,0.2617,0.2429,0.0039,0.0612
CT015380,Zone_07,Zone_08,0.2549,0.0568,0.0727,0.0984,0.1243,0.0439,0.0458,0.2324,0.2549,0.0173,0.0534
CT019799,Zone_07,Zone_07,0.3274,0.0461,0.0939,0.0756,0.1522,0.0279,0.0412,0.3274,0.1761,0.0061,0.0535
CT019863,Zone_07,Zone_07,0.2546,0.073,0.0695,0.0917,0.1229,0.043,0.0371,0.2546,0.2441,0.0077,0.0565
CT009575,Zone_02,Zone_08,0.3019,0.0753,0.0953,0.0764,0.109,0.0414,0.0439,0.1848,0.3019,0.0178,0.0542
CT004557,Zone_07,Zone_07,0.29,0.0603,0.0918,0.09,0.1149,0.0457,0.0405,0.29,0.1882,0.0199,0.0587
CT014193,Zone_08,Zone_07,0.2979,0.0533,0.0627,0.0997,0.1054,0.0386,0.039,0.2979,0.2302,0.012,0.0611
CT014899,Zone_02,Zone_07,0.3079,0.0624,0.0709,0.1134,0.1432,0.0302,0.0218,0.3079,0.1754,0.0135,0.0613
CT015788,Zone_04,Zone_07,0.3081,0.0572,0.0734,0.0793,0.1484,0.0423,0.0594,0.3081,0.1704,0.003,0.0584
CT008060,Zone_07,Zone_07,0.2573,0.0623,0.0977,0.0743,0.1226,0.0575,0.0569,0.2573,0.1954,0.0143,0.0617
CT016153,Zone_05,Zone_08,0.2602,0.0701,0.0585,0.0963,0.1176,0.0407,0.048,0.2481,0.2602,0.0082,0.0522
CT017364,Zone_03,Zone_08,0.2564,0.0611,0.0575,0.0793,0.1457,0.0378,0.0515,0.2366,0.2564,0.0295,0.0446
CT008191,Zone_08,Zone_08,0.2373,0.0757,0.091,0.0885,0.1111,0.0476,0.0307,0.2307,0.2373,0.0207,0.0667
CT003953,Zone_10,Zone_07,0.3141,0.0676,0.0744,0.0972,0.1103,0.0428,0.0328,0.3141,0.1873,0.0095,0.064
CT014511,Zone_10,Zone_07,0.3125,0.0558,0.0566,0.0903,0.1587,0.0236,0.0243,0.3125,0.2226,0.0139,0.0417
CT012476,Zone_07,Zone_07,0.3532,0.0538,0.0827,0.1091,0.1065,0.0291,0.034,0.3532,0.1653,0.0107,0.0556
CT013289,Zone_08,Zone_08,0.2459,0.0583,0.0699,0.1241,0.1021,0.0463,0.0364,0.2361,0.2459,0.0095,0.0715
CT008490,Zone_07,Zone_07,0.2429,0.0628,0.1072,0.1015,0.1045,0.0385,0.0357,0.2429,0.213,0.0322,0.0617
CT006762,Zone_07,Zone_07,0.3024,0.0488,0.0723,0.0967,0.1503,0.039,0.0449,0.3024,0.1893,0.0041,0.0524
CT016792,Zone_07,Zone_07,0.2627,0.0676,0.0922,0.0936,0.1124,0.0344,0.0299,0.2627,0.2206,0.0129,0.0736
CT015622,Zone_08,Zone_07,0.3235,0.0603,0.0759,0.078,0.1473,0.0218,0.0296,0.3235,0.197,0.0109,0.0556
CT003614,Zone_06,Zone_07,0.3206,0.0698,0.0596,0.0986,0.1268,0.0305,0.0466,0.3206,0.1755,0.0117,0.0604
CT002910,Zone_07,Zone_07,0.3065,0.0563,0.0701,0.0801,0.1136,0.0508,0.0441,0.3065,0.2073,0.0101,0.0612
CT009608,Zone_08,Zone_07,0.2826,0.0687,0.0723,0.1068,0.1126,0.0342,0.0405,0.2826,0.2087,0.0142,0.0594
CT006538,Zone_08,Zone_08,0.2891,0.0521,0.1086,0.0657,0.1392,0.0334,0.0529,0.203,0.2891,0.0043,0.0517
CT016490,Zone_05,Zone_07,0.363,0.045,0.0767,0.0793,0.1352,0.0251,0.032,0.363,0.18,0.0082,0.0553
CT000762,Zone_03,Zone_07,0.3011,0.0493,0.0707,0.0708,0.1633,0.0338,0.0434,0.3011,0.2138,0.0096,0.0442
CT001583,Zone_08,Zone_07,0.3127,0.0418,0.0888,0.0881,0.1404,0.0231,0.0457,0.3127,0.2025,0.0121,0.0449
CT005800,Zone_05,Zone_07,0.2835,0.0595,0.0687,0.0797,0.1253,0.0545,0.0426,0.2835,0.2069,0.012,0.0672
CT011000,Zone_06,Zone_07,0.2512,0.0707,0.0872,0.0796,0.1133,0.053,0.0349,0.2512,0.2324,0.0131,0.0647
CT018448,Zone_02,Zone_07,0.3698,0.0429,0.0643,0.097,0.1706,0.0221,0.0256,0.3698,0.155,0.0061,0.0465
CT011783,Zone_07,Zone_07,0.3317,0.0547,0.0746,0.0833,0.1178,0.04,0.0322,0.3317,0.1879,0.0127,0.0651
CT005178,Zone_02,Zone_07,0.2736,0.063,0.086,0.0857,0.1321,0.0378,0.0469,0.2736,0.2005,0.0188,0.0557
CT004179,Zone_08,Zone_07,0.3727,0.0422,0.068,0.1043,0.1165,0.0188,0.0294,0.3727,0.1885,0.0088,0.0508
CT009446,Zone_04,Zone_08,0.2374,0.064,0.0774,0.0825,0.1281,0.062,0.046,0.2285,0.2374,0.0076,0.0665
CT012633,Zone_10,Zone_07,0.2938,0.0683,0.0653,0.0752,0.1334,0.0489,0.0491,0.2938,0.1868,0.0121,0.0672
CT018063,Zone_07,Zone_08,0.2634,0.0876,0.0796,0.0654,0.1295,0.0467,0.0407,0.2296,0.2634,0.0094,0.0479
CT015574,Zone_07,Zone_07,0.2662,0.0781,0.0689,0.0796,0.1426,0.0537,0.0325,0.2662,0.2054,0.0088,0.0641
CT002437,Zone_08,Zone_07,0.2865,0.0774,0.0839,0.0709,0.1392,0.0536,0.0373,0.2865,0.1757,0.009,0.0664
CT000744,Zone_02,Zone_07,0.2791,0.0733,0.103,0.0745,0.1188,0.0347,0.0336,0.2791,0.2009,0.0188,0.0634
CT003333,Zone_02,Zone_08,0.2587,0.0645,0.0567,0.0802,0.1522,0.0374,0.0572,0.2219,0.2587,0.0037,0.0674
CT014192,Zone_07,Zone_08,0.2875,0.0735,0.081,0.0859,0.1143,0.0463,0.0371,0.2138,0.2875,0.0135,0.0471
CT019305,Zone_10,Zone_07,0.2787,0.0598,0.1122,0.1013,0.1575,0.0342,0.0359,0.2787,0.1624,0.0151,0.0428
CT016161,Zone_01,Zone_07,0.3387,0.0543,0.0922,0.0933,0.1335,0.0312,0.0364,0.3387,0.1497,0.0218,0.0488
CT000042,Zone_07,Zone_07,0.2575,0.063,0.061,0.1009,0.1124,0.0393,0.0576,0.2575,0.2267,0.0171,0.0647
CT002414,Zone_07,Zone_07,0.3372,0.0485,0.1141,0.0967,0.1044,0.0292,0.0541,0.3372,0.1534,0.0138,0.0485
CT006874,Zone_04,Zone_08,0.3043,0.0711,0.0884,0.0768,0.1075,0.0303,0.0543,0.2095,0.3043,0.0055,0.0522
CT018070,Zone_04,Zone_07,0.2902,0.0562,0.0703,0.0755,0.1526,0.0408,0.0407,0.2902,0.1909,0.0122,0.0706
CT016879,Zone_04,Zone_07,0.2788,0.0642,0.0791,0.1067,0.1433,0.034,0.0376,0.2788,0.1952,0.0088,0.0523
CT013923,Zone_08,Zone_07,0.2527,0.075,0.0615,0.0828,0.1407,0.0389,0.0275,0.2527,0.2379,0.0118,0.0711
CT013159,Zone_07,Zone_07,0.2651,0.0699,0.0802,0.0622,0.1325,0.062,0.0364,0.2651,0.196,0.0159,0.0799
CT012257,Zone_07,Zone_07,0.3216,0.0674,0.0746,0.0799,0.1317,0.046,0.0228,0.3216,0.1669,0.011,0.0781
CT007638,Zone_10,Zone_07,0.3029,0.0662,0.1015,0.0675,0.1241,0.0383,0.0423,0.3029,0.1839,0.0145,0.0589
CT006918,Zone_07,Zone_07,0.3521,0.0664,0.1092,0.0886,0.1364,0.026,0.0291,0.3521,0.1251,0.0068,0.0603
CT019175,Zone_06,Zone_07,0.3547,0.0703,0.0737,0.0939,0.1378,0.0338,0.0378,0.3547,0.1473,0.0046,0.046
CT014715,Zone_08,Zone_08,0.2623,0.0676,0.0518,0.0925,0.1165,0.0427,0.0744,0.218,0.2623,0.0133,0.0609
CT013729,Zone_02,Zone_07,0.3009,0.0501,0.0763,0.0992,0.1066,0.0382,0.0583,0.3009,0.2012,0.01,0.0591
CT009237,Zone_05,Zone_07,0.3148,0.0654,0.0989,0.0961,0.11,0.0265,0.0399,0.3148,0.1842,0.0102,0.054
CT016400,Zone_07,Zone_07,0.3218,0.0695,0.084,0.1037,0.137,0.0255,0.0395,0.3218,0.144,0.0158,0.0593
CT006314,Zone_03,Zone_08,0.2577,0.0879,0.0746,0.0721,0.1321,0.0428,0.0463,0.2316,0.2577,0.0092,0.0457
CT007258,Zone_06,Zone_07,0.2664,0.0623,0.0549,0.0772,0.1288,0.0419,0.0447,0.2664,0.2519,0.0146,0.0574
CT003675,Zone_07,Zone_07,0.2617,0.0631,0.0913,0.109,0.107,0.035,0.0427,0.2617,0.2264,0.0085,0.0554
CT005919,Zone_07,Zone_07,0.324,0.063,0.0689,0.0866,0.1237,0.041,0.0483,0.324,0.189,0.0085,0.047
CT002659,Zone_03,Zone_08,0.2734,0.0764,0.0845,0.0734,0.1256,0.0369,0.0451,0.2273,0.2734,0.005,0.0525
CT007939,Zone_01,Zone_07,0.2444,0.0522,0.0896,0.1054,0.1389,0.034,0.0467,0.2444,0.2259,0.0175,0.0454
CT012516,Zone_07,Zone_07,0.2594,0.0721,0.0649,0.0902,0.1311,0.0417,0.0407,0.2594,0.2123,0.0146,0.0731
CT005343,Zone_07,Zone_07,0.294,0.0521,0.0838,0.0798,0.1225,0.0461,0.048,0.294,0.2069,0.0127,0.0541
CT018366,Zone_05,Zone_08,0.2737,0.0587,0.0758,0.0893,0.1046,0.0438,0.0371,0.2322,0.2737,0.0116,0.0732
CT008084,Zone_07,Zone_07,0.2776,0.074,0.0779,0.1022,0.1175,0.0264,0.0318,0.2776,0.2241,0.0068,0.0618
CT019048,Zone_04,Zone_08,0.2583,0.0759,0.0777,0.0944,0.1298,0.0377,0.0392,0.2135,0.2583,0.0118,0.0617
CT019283,Zone_07,Zone_07,0.2737,0.0671,0.1033,0.078,0.1206,0.0326,0.0469,0.2737,0.1962,0.0185,0.0631
CT013388,Zone_07,Zone_07,0.2942,0.0472,0.0586,0.0992,0.1403,0.0272,0.0332,0.2942,0.2292,0.0122,0.0588
CT004938,Zone_08,Zone_07,0.2816,0.07,0.1019,0.0991,0.1025,0.0312,0.0302,0.2816,0.2065,0.016,0.0609
CT008444,Zone_08,Zone_07,0.2862,0.0508,0.0696,0.0763,0.1222,0.0393,0.0395,0.2862,0.2586,0.0057,0.0517
CT006994,Zone_07,Zone_07,0.3061,0.0549,0.0876,0.0877,0.1124,0.0489,0.056,0.3061,0.1732,0.0177,0.0555
CT002236,Zone_07,Zone_07,0.3089,0.0669,0.103,0.0807,0.1187,0.0316,0.0403,0.3089,0.177,0.0112,0.0617
CT007750,Zone_07,Zone_07,0.3014,0.0551,0.075,0.0572,0.1484,0.0583,0.0431,0.3014,0.1896,0.0088,0.0631
CT018522,Zone_03,Zone_07,0.3335,0.0577,0.0878,0.0682,0.1422,0.0363,0.0259,0.3335,0.1714,0.0094,0.0677
CT004350,Zone_07,Zone_07,0.322,0.0593,0.0767,0.1008,0.134,0.0274,0.026,0.322,0.1876,0.0136,0.0527
CT001378,Zone_07,Zone_07,0.2433,0.0652,0.0773,0.0829,0.1243,0.0415,0.0445,0.2433,0.2373,0.0176,0.0661
CT011743,Zone_09,Zone_07,0.2774,0.0638,0.0805,0.069,0.1262,0.0555,0.0496,0.2774,0.1974,0.0087,0.0719
CT006024,Zone_07,Zone_07,0.2645,0.0703,0.0706,0.0743,0.1171,0.0317,0.0592,0.2645,0.2474,0.0118,0.0531
CT009504,Zone_01,Zone_07,0.2916,0.0654,0.0777,0.0776,0.1183,0.0348,0.0459,0.2916,0.2069,0.0134,0.0683
CT016932,Zone_03,Zone_07,0.2642,0.0605,0.0781,0.1276,0.1263,0.0242,0.0322,0.2642,0.2288,0.0101,0.0479
CT016644,Zone_08,Zone_07,0.2537,0.0699,0.0836,0.0988,0.1034,0.0323,0.0411,0.2537,0.2445,0.0086,0.0641
CT018239,Zone_04,Zone_07,0.2803,0.062,0.0912,0.102,0.1146,0.0227,0.041,0.2803,0.2202,0.0084,0.0576
CT009632,Zone_10,Zone_07,0.3098,0.0557,0.0748,0.0835,0.137,0.0363,0.0436,0.3098,0.1957,0.0092,0.0542
CT015315,Zone_08,Zone_08,0.2569,0.0704,0.0444,0.1226,0.1175,0.0355,0.0599,0.2208,0.2569,0.0069,0.065
CT000924,Zone_07,Zone_07,0.2759,0.0601,0.0576,0.0866,0.1347,0.0424,0.0622,0.2759,0.207,0.0176,0.0559
CT006789,Zone_07,Zone_07,0.2948,0.0712,0.0735,0.0872,0.125,0.0385,0.0297,0.2948,0.211,0.0153,0.0539
CT015104,Zone_02,Zone_07,0.3336,0.0561,0.083,0.078,0.1219,0.0451,0.0377,0.3336,0.1655,0.0175,0.0616
CT006733,Zone_07,Zone_07,0.2546,0.0643,0.0763,0.0792,0.1189,0.0534,0.045,0.2546,0.2389,0.0058,0.0636
CT002222,Zone_08,Zone_08,0.3007,0.0646,0.0842,0.0951,0.0993,0.0385,0.042,0.2133,0.3007,0.0073,0.055
CT005702,Zone_03,Zone_07,0.2988,0.0537,0.1007,0.0876,0.1351,0.0422,0.0494,0.2988,0.1703,0.0136,0.0485
CT006421,Zone_04,Zone_07,0.2933,0.076,0.0686,0.0935,0.1311,0.0382,0.0321,0.2933,0.1958,0.015,0.0564
CT018033,Zone_01,Zone_07,0.2717,0.0586,0.0985,0.1043,0.1422,0.0415,0.0276,0.2717,0.1829,0.0065,0.0662
CT003331,Zone_10,Zone_07,0.274,0.0785,0.0587,0.1024,0.1258,0.0307,0.0455,0.274,0.2092,0.0121,0.0632
CT017112,Zone_07,Zone_07,0.3187,0.0643,0.0981,0.0924,0.1051,0.0308,0.0323,0.3187,0.1887,0.012,0.0575
CT006647,Zone_02,Zone_07,0.2608,0.053,0.0686,0.0901,0.1123,0.0529,0.0525,0.2608,0.2332,0.0108,0.0657
CT011919,Zone_10,Zone_07,0.2831,0.0702,0.0561,0.0877,0.1362,0.0382,0.0459,0.2831,0.2325,0.0102,0.0399
CT011476,Zone_02,Zone_07,0.262,0.0688,0.0793,0.0801,0.1313,0.0512,0.0434,0.262,0.2094,0.0123,0.0621
CT000857,Zone_07,Zone_07,0.2922,0.0649,0.0971,0.0856,0.1077,0.0339,0.0455,0.2922,0.1963,0.0164,0.0605
CT006914,Zone_07,Zone_07,0.2686,0.067,0.0777,0.0949,0.1132,0.0494,0.0477,0.2686,0.2042,0.0109,0.0665
CT013714,Zone_05,Zone_07,0.2368,0.0562,0.095,0.0698,0.1213,0.0388,0.0632,0.2368,0.2337,0.0224,0.0627
CT007981,Zone_05,Zone_07,0.254,0.0665,0.0499,0.0892,0.1269,0.0439,0.0577,0.254,0.2386,0.017,0.0563
CT008757,Zone_04,Zone_07,0.3066,0.0569,0.0738,0.099,0.1258,0.0426,0.0471,0.3066,0.1848,0.0106,0.0528
CT006516,Zone_08,Zone_07,0.2929,0.0638,0.0789,0.0975,0.1191,0.0311,0.0299,0.2929,0.204,0.0188,0.064
CT005398,Zone_04,Zone_07,0.2843,0.0654,0.1029,0.0953,0.1138,0.0312,0.0243,0.2843,0.2014,0.0099,0.0715
CT009007,Zone_03,Zone_07,0.2817,0.0524,0.0802,0.107,0.131,0.0374,0.0542,0.2817,0.1879,0.0056,0.0626
CT014049,Zone_08,Zone_07,0.2698,0.0457,0.0831,0.0964,0.1035,0.0409,0.05,0.2698,0.231,0.0139,0.0656
CT017626,Zone_07,Zone_07,0.2943,0.0561,0.0684,0.0952,0.1018,0.0428,0.0528,0.2943,0.2108,0.0102,0.0676
CT005389,Zone_08,Zone_07,0.2655,0.0429,0.1029,0.0732,0.1622,0.0432,0.0361,0.2655,0.2139,0.0054,0.0547
CT015820,Zone_08,Zone_08,0.2584,0.0555,0.0819,0.1034,0.1158,0.0326,0.0467,0.249,0.2584,0.0089,0.0478
CT006639,Zone_07,Zone_07,0.2566,0.069,0.0594,0.0966,0.1251,0.0438,0.0273,0.2566,0.2496,0.0072,0.0654
CT008008,Zone_07,Zone_07,0.3139,0.0759,0.0871,0.0779,0.1213,0.0368,0.033,0.3139,0.1843,0.0093,0.0605
CT001972,Zone_10,Zone_08,0.2556,0.0647,0.0457,0.1082,0.1106,0.0482,0.0685,0.22,0.2556,0.0129,0.0656
CT006302,Zone_08,Zone_07,0.3085,0.0593,0.0922,0.0899,0.1223,0.0315,0.0514,0.3085,0.1829,0.0106,0.0515
CT002780,Zone_03,Zone_08,0.2465,0.0409,0.1049,0.0732,0.1443,0.0331,0.0543,0.2339,0.2465,0.0052,0.0637
CT008927,Zone_07,Zone_07,0.2694,0.0669,0.0832,0.0934,0.1159,0.0339,0.0426,0.2694,0.2283,0.0091,0.0573
CT006475,Zone_03,Zone_07,0.2483,0.0689,0.0543,0.1024,0.1328,0.0327,0.0431,0.2483,0.2434,0.007,0.0672
CT000729,Zone_08,Zone_07,0.3183,0.0534,0.0625,0.0926,0.1412,0.0257,0.0311,0.3183,0.208,0.0109,0.0563
CT008438,Zone_07,Zone_07,0.2464,0.0596,0.0936,0.0848,0.1174,0.0342,0.0533,0.2464,0.2346,0.023,0.0531
CT008287,Zone_08,Zone_07,0.2523,0.0449,0.0924,0.1115,0.103,0.0358,0.0437,0.2523,0.2423,0.0084,0.0658
CT010727,Zone_07,Zone_07,0.287,0.0681,0.073,0.0892,0.1141,0.0474,0.0373,0.287,0.203,0.0105,0.0704
CT006408,Zone_01,Zone_07,0.267,0.0597,0.0818,0.1008,0.1316,0.0416,0.0349,0.267,0.2185,0.0084,0.0557
CT009320,Zone_03,Zone_07,0.2401,0.0798,0.0651,0.0736,0.1586,0.0506,0.0293,0.2401,0.2245,0.0168,0.0618
CT012624,Zone_08,Zone_08,0.2311,0.0585,0.0814,0.0987,0.1369,0.0454,0.0517,0.2295,0.2311,0.0129,0.054
CT012663,Zone_08,Zone_07,0.3264,0.0464,0.0951,0.0605,0.1624,0.0505,0.0332,0.3264,0.1612,0.0087,0.0555
CT016689,Zone_08,Zone_08,0.2581,0.0652,0.0688,0.0648,0.1545,0.0423,0.0563,0.2258,0.2581,0.0034,0.0607
CT011315,Zone_03,Zone_07,0.278,0.069,0.0915,0.1144,0.1362,0.0334,0.0403,0.278,0.1826,0.0047,0.0499
CT008151,Zone_07,Zone_08,0.255,0.0658,0.0767,0.1019,0.1149,0.0305,0.0474,0.243,0.255,0.0077,0.0571
CT002926,Zone_07,Zone_07,0.3184,0.0683,0.0885,0.0863,0.1284,0.0391,0.0397,0.3184,0.1585,0.0098,0.0628
CT016374,Zone_08,Zone_08,0.2501,0.0731,0.0618,0.0853,0.1445,0.042,0.0392,0.2331,0.2501,0.0163,0.0546
CT008112,Zone_04,Zone_07,0.3217,0.0744,0.0487,0.0822,0.1417,0.0301,0.042,0.3217,0.1886,0.0129,0.0577
CT000026,Zone_01,Zone_07,0.3136,0.0689,0.0918,0.0907,0.1223,0.0417,0.0442,0.3136,0.1538,0.0063,0.0667
CT000053,Zone_07,Zone_07,0.296,0.0423,0.0536,0.09,0.1374,0.0453,0.0408,0.296,0.2142,0.0211,0.0592
CT014833,Zone_07,Zone_07,0.2802,0.0609,0.0848,0.0992,0.1145,0.0345,0.0458,0.2802,0.2032,0.0176,0.0594
CT006088,Zone_04,Zone_07,0.2766,0.0649,0.0953,0.0923,0.1231,0.0427,0.0402,0.2766,0.1826,0.0149,0.0673
CT008986,Zone_07,Zone_07,0.269,0.059,0.0671,0.0941,0.1165,0.0358,0.0427,0.269,0.2443,0.0075,0.064
CT016306,Zone_07,Zone_07,0.2968,0.0833,0.0813,0.0757,0.1391,0.0361,0.027,0.2968,0.1907,0.0135,0.0565
CT015059,Zone_07,Zone_07,0.2656,0.0629,0.0918,0.0933,0.1151,0.0266,0.0451,0.2656,0.2252,0.0106,0.0636
CT016648,Zone_04,Zone_07,0.2637,0.0652,0.0903,0.0808,0.1442,0.0327,0.0367,0.2637,0.2058,0.0205,0.0601
CT015021,Zone_07,Zone_08,0.2512,0.0514,0.0857,0.07,0.1556,0.0299,0.0522,0.2248,0.2512,0.0056,0.0737
CT019994,Zone_01,Zone_07,0.3459,0.0487,0.0687,0.1039,0.1291,0.0194,0.0277,0.3459,0.1949,0.0128,0.0489
CT011415,Zone_10,Zone_08,0.3165,0.0635,0.0826,0.0864,0.1004,0.0293,0.056,0.2115,0.3165,0.0054,0.0483
CT011709,Zone_08,Zone_07,0.2676,0.0576,0.0716,0.098,0.1184,0.0269,0.0581,0.2676,0.2252,0.0284,0.0482
CT002532,Zone_08,Zone_08,0.2599,0.0507,0.0786,0.0805,0.1689,0.0287,0.0348,0.246,0.2599,0.0052,0.0468
CT017856,Zone_04,Zone_07,0.313,0.0493,0.0881,0.0705,0.1427,0.059,0.0376,0.313,0.1729,0.0072,0.0597
CT009346,Zone_07,Zone_08,0.332,0.0441,0.0626,0.0768,0.1482,0.0411,0.0472,0.1964,0.332,0.0047,0.0468
CT016733,Zone_08,Zone_07,0.2638,0.0708,0.0811,0.0898,0.1275,0.0448,0.0436,0.2638,0.2004,0.0133,0.0648
CT002404,Zone_06,Zone_07,0.2422,0.0467,0.1151,0.1176,0.1097,0.0391,0.05,0.2422,0.2119,0.0139,0.0537
CT006096,Zone_05,Zone_07,0.2629,0.0551,0.0929,0.1033,0.1047,0.0354,0.0363,0.2629,0.2218,0.0109,0.0767
CT003416,Zone_04,Zone_07,0.2841,0.075,0.0688,0.0912,0.1269,0.0395,0.043,0.2841,0.2141,0.0076,0.0498
CT018825,Zone_01,Zone_07,0.324,0.049,0.0848,0.0881,0.1168,0.0313,0.0386,0.324,0.1942,0.0092,0.0639
CT006235,Zone_04,Zone_07,0.2526,0.0695,0.0615,0.0885,0.1305,0.055,0.0389,0.2526,0.2399,0.0095,0.0541
CT019556,Zone_04,Zone_08,0.2531,0.0606,0.0865,0.0905,0.1178,0.0464,0.0388,0.2228,0.2531,0.0062,0.0773
CT009913,Zone_06,Zone_08,0.2617,0.0612,0.0601,0.0968,0.1125,0.0559,0.0595,0.2168,0.2617,0.0077,0.0678
CT008750,Zone_07,Zone_07,0.2346,0.0607,0.0708,0.0765,0.1366,0.0711,0.0454,0.2346,0.2099,0.0173,0.0772
CT003159,Zone_06,Zone_07,0.2694,0.0717,0.0754,0.0963,0.1129,0.0385,0.0333,0.2694,0.2394,0.006,0.057
CT002921,Zone_09,Zone_07,0.3306,0.0519,0.0728,0.065,0.1471,0.0465,0.0405,0.3306,0.1763,0.0045,0.0648
CT004891,Zone_01,Zone_07,0.2593,0.0668,0.0627,0.0831,0.1164,0.05,0.0564,0.2593,0.2356,0.0112,0.0584
CT015779,Zone_08,Zone_07,0.2506,0.0479,0.0942,0.1168,0.1278,0.0278,0.0396,0.2506,0.2392,0.0065,0.0496
CT005868,Zone_08,Zone_07,0.31,0.0621,0.0823,0.0852,0.1179,0.0347,0.0512,0.31,0.1832,0.0155,0.058
CT019223,Zone_04,Zone_07,0.2922,0.0485,0.1153,0.0904,0.1232,0.0354,0.0567,0.2922,0.1721,0.0153,0.0509
CT007546,Zone_04,Zone_07,0.3125,0.0458,0.049,0.1312,0.1443,0.0221,0.0404,0.3125,0.2018,0.0104,0.0426
CT001478,Zone_09,Zone_07,0.2826,0.0659,0.0894,0.0914,0.1129,0.0326,0.04,0.2826,0.2075,0.0196,0.058
CT013369,Zone_08,Zone_07,0.3181,0.0608,0.0607,0.0971,0.1228,0.0465,0.0351,0.3181,0.1791,0.0116,0.0682
CT013956,Zone_08,Zone_07,0.2529,0.0628,0.077,0.0678,0.1835,0.0451,0.0267,0.2529,0.2185,0.0051,0.0605
CT018429,Zone_07,Zone_08,0.2602,0.064,0.0737,0.1051,0.101,0.0422,0.0308,0.2419,0.2602,0.0158,0.0653
CT005726,Zone_07,Zone_07,0.3033,0.0702,0.0817,0.1015,0.1253,0.028,0.0257,0.3033,0.1865,0.0135,0.0643
CT000412,Zone_07,Zone_07,0.3008,0.07,0.0756,0.0907,0.121,0.0267,0.0429,0.3008,0.1915,0.0192,0.0617
CT004842,Zone_08,Zone_07,0.2723,0.0476,0.0677,0.1048,0.1305,0.0416,0.0428,0.2723,0.2309,0.0066,0.0552
CT008146,Zone_08,Zone_08,0.2485,0.0887,0.0727,0.1036,0.1138,0.0418,0.0371,0.2277,0.2485,0.009,0.0571
CT016703,Zone_03,Zone_07,0.2741,0.0615,0.0809,0.0783,0.1397,0.0225,0.0417,0.2741,0.2508,0.0069,0.0437
CT011039,Zone_07,Zone_07,0.2517,0.0614,0.0738,0.0858,0.14,0.0579,0.0423,0.2517,0.2054,0.0113,0.0705
CT009142,Zone_10,Zone_07,0.3577,0.0583,0.0569,0.0944,0.1329,0.033,0.0577,0.3577,0.1486,0.0139,0.0465
CT019258,Zone_07,Zone_07,0.3513,0.0531,0.079,0.0906,0.1361,0.0192,0.023,0.3513,0.1858,0.0109,0.051
CT011139,Zone_08,Zone_07,0.2675,0.0647,0.0716,0.0791,0.1156,0.0453,0.0423,0.2675,0.2203,0.0168,0.0769
CT006488,Zone_08,Zone_08,0.2477,0.0477,0.1025,0.0755,0.1476,0.0399,0.0603,0.2104,0.2477,0.0074,0.061
CT012107,Zone_08,Zone_08,0.2559,0.0594,0.0451,0.1027,0.1313,0.0455,0.0469,0.2486,0.2559,0.0138,0.0507
CT016540,Zone_03,Zone_07,0.3226,0.0626,0.0697,0.082,0.1191,0.0271,0.0433,0.3226,0.1891,0.0208,0.0638
CT018434,Zone_07,Zone_07,0.3435,0.0473,0.0981,0.1049,0.1196,0.031,0.0444,0.3435,0.1489,0.0071,0.0552
CT015143,Zone_02,Zone_07,0.3623,0.045,0.0865,0.0724,0.1649,0.0423,0.0325,0.3623,0.1415,0.0094,0.0431
CT001215,Zone_04,Zone_07,0.289,0.0508,0.1123,0.119,0.1385,0.0375,0.044,0.289,0.1573,0.0071,0.0445
CT007471,Zone_01,Zone_07,0.272,0.0581,0.069,0.0838,0.1191,0.0513,0.0408,0.272,0.2308,0.0128,0.0622
CT012124,Zone_10,Zone_07,0.2833,0.0596,0.0552,0.0921,0.1375,0.0295,0.0472,0.2833,0.2311,0.0053,0.0593
CT009661,Zone_05,Zone_07,0.2372,0.0607,0.1031,0.0983,0.1306,0.0418,0.0585,0.2372,0.2066,0.015,0.0483
CT014461,Zone_08,Zone_08,0.2783,0.0687,0.0609,0.1021,0.1289,0.0462,0.0294,0.2223,0.2783,0.0091,0.054
CT008692,Zone_04,Zone_07,0.2644,0.0663,0.0644,0.091,0.1241,0.0418,0.0531,0.2644,0.2091,0.0137,0.0722
CT003628,Zone_07,Zone_07,0.3039,0.0781,0.066,0.1079,0.1319,0.0313,0.0449,0.3039,0.1651,0.0105,0.0603
CT019590,Zone_08,Zone_08,0.2688,0.0722,0.053,0.0973,0.1276,0.0441,0.0499,0.1975,0.2688,0.0102,0.0795
CT012800,Zone_08,Zone_08,0.2781,0.0762,0.0525,0.0857,0.1152,0.035,0.0708,0.2165,0.2781,0.0081,0.0619
CT015246,Zone_10,Zone_07,0.2563,0.0555,0.0684,0.0816,0.1209,0.0658,0.0487,0.2563,0.2117,0.0096,0.0814
CT001899,Zone_02,Zone_07,0.2801,0.0596,0.0811,0.0615,0.1375,0.0377,0.0401,0.2801,0.2424,0.0056,0.0544
CT008265,Zone_08,Zone_07,0.2518,0.07,0.0994,0.0668,0.1532,0.0428,0.0345,0.2518,0.1991,0.0246,0.0577
CT016156,Zone_07,Zone_07,0.3029,0.0813,0.1084,0.0937,0.1384,0.0345,0.0339,0.3029,0.1445,0.0077,0.0546
CT018186,Zone_03,Zone_07,0.2916,0.0406,0.0782,0.1001,0.1177,0.0399,0.0621,0.2916,0.2045,0.0088,0.0567
CT016202,Zone_07,Zone_07,0.2896,0.0681,0.0633,0.1149,0.1325,0.0356,0.0325,0.2896,0.1892,0.0094,0.0649
CT001794,Zone_08,Zone_07,0.3132,0.0432,0.0575,0.1168,0.1359,0.0237,0.0313,0.3132,0.2287,0.0098,0.04
CT005556,Zone_07,Zone_07,0.3146,0.0693,0.0761,0.1068,0.1203,0.0258,0.0327,0.3146,0.1872,0.0065,0.0606
CT019013,Zone_08,Zone_07,0.2835,0.0538,0.0737,0.1027,0.1249,0.0349,0.0525,0.2835,0.1968,0.0183,0.0589
CT008910,Zone_04,Zone_07,0.2578,0.0616,0.076,0.096,0.1106,0.0406,0.0535,0.2578,0.2267,0.013,0.0642
CT018228,Zone_05,Zone_08,0.2397,0.0654,0.0746,0.1157,0.1157,0.0353,0.0518,0.2294,0.2397,0.0094,0.0631
CT014335,Zone_02,Zone_07,0.2753,0.0617,0.0779,0.0868,0.1427,0.051,0.0458,0.2753,0.1919,0.0149,0.0521
CT006436,Zone_05,Zone_07,0.2877,0.0676,0.0641,0.0696,0.1251,0.0445,0.0523,0.2877,0.2197,0.01,0.0594
CT012123,Zone_01,Zone_08,0.2476,0.0642,0.0774,0.1204,0.1185,0.0375,0.035,0.2253,0.2476,0.0204,0.0538
CT001324,Zone_07,Zone_07,0.2458,0.0773,0.0712,0.1469,0.1485,0.0381,0.0184,0.2458,0.1969,0.0102,0.0467
CT013114,Zone_02,Zone_07,0.3115,0.0684,0.0819,0.065,0.1441,0.0562,0.026,0.3115,0.1635,0.0144,0.069
CT019463,Zone_08,Zone_07,0.2572,0.0672,0.067,0.0779,0.1164,0.0335,0.0652,0.2572,0.2258,0.0255,0.0644
CT009648,Zone_07,Zone_08,0.2636,0.0498,0.0658,0.0788,0.1454,0.0452,0.0733,0.2136,0.2636,0.0066,0.0579
CT014728,Zone_03,Zone_08,0.2378,0.0672,0.0635,0.0726,0.1345,0.0577,0.0551,0.2295,0.2378,0.014,0.0681
CT008742,Zone_08,Zone_07,0.2619,0.0545,0.1062,0.0858,0.1177,0.0378,0.0586,0.2619,0.2092,0.0166,0.0519
CT016974,Zone_03,Zone_07,0.3265,0.0672,0.0634,0.1023,0.1283,0.0421,0.0281,0.3265,0.1927,0.0084,0.0412
CT005735,Zone_03,Zone_08,0.2752,0.0537,0.0536,0.0977,0.1207,0.0532,0.0473,0.2342,0.2752,0.0102,0.0542
CT009053,Zone_06,Zone_08,0.2369,0.0588,0.0649,0.1049,0.1318,0.0359,0.0604,0.2368,0.2369,0.0189,0.0506
CT000864,Zone_07,Zone_07,0.2631,0.0699,0.0856,0.0854,0.1104,0.0423,0.0508,0.2631,0.2193,0.0116,0.0618
CT000915,Zone_10,Zone_07,0.3271,0.0659,0.0991,0.0718,0.1163,0.0286,0.0404,0.3271,0.1774,0.0136,0.0598
CT009593,Zone_06,Zone_08,0.2609,0.0453,0.0696,0.0737,0.1366,0.0476,0.0381,0.2606,0.2609,0.0049,0.0628
CT014968,Zone_04,Zone_07,0.2478,0.0588,0.0928,0.0812,0.1289,0.0416,0.0351,0.2478,0.2365,0.0136,0.0637
CT016148,Zone_01,Zone_07,0.272,0.0745,0.096,0.0873,0.1295,0.0334,0.046,0.272,0.2042,0.0075,0.0496
CT014038,Zone_04,Zone_07,0.253,0.075,0.0735,0.0838,0.1222,0.035,0.0544,0.253,0.2374,0.009,0.0566
CT000767,Zone_01,Zone_07,0.2868,0.0471,0.0963,0.1062,0.126,0.0481,0.0537,0.2868,0.1702,0.022,0.0437
CT005399,Zone_07,Zone_07,0.2842,0.0656,0.0551,0.0935,0.1283,0.0478,0.0405,0.2842,0.2165,0.0114,0.0571
CT006105,Zone_08,Zone_07,0.2443,0.0754,0.0946,0.0826,0.1574,0.0456,0.0348,0.2443,0.1936,0.0128,0.0588
CT009511,Zone_08,Zone_07,0.2814,0.0514,0.1128,0.0921,0.0998,0.0316,0.0624,0.2814,0.1955,0.0137,0.0593
CT017430,Zone_04,Zone_07,0.3052,0.0544,0.0752,0.064,0.1203,0.0576,0.0458,0.3052,0.1937,0.0143,0.0694
CT000270,Zone_02,Zone_07,0.265,0.0807,0.0628,0.0819,0.1312,0.0384,0.0477,0.265,0.2163,0.0104,0.0656
CT004428,Zone_03,Zone_07,0.3381,0.0569,0.081,0.0832,0.1387,0.032,0.0422,0.3381,0.1492,0.0244,0.0542
CT005838,Zone_07,Zone_07,0.2582,0.0626,0.0736,0.0953,0.1105,0.026,0.0519,0.2582,0.2492,0.0074,0.0654
CT007947,Zone_10,Zone_08,0.2385,0.0444,0.1079,0.0731,0.15,0.0361,0.0552,0.2325,0.2385,0.0083,0.0541
CT004885,Zone_07,Zone_07,0.3225,0.0486,0.0757,0.0901,0.1278,0.0424,0.0559,0.3225,0.1768,0.0127,0.0475
CT010199,Zone_07,Zone_07,0.2922,0.0745,0.0776,0.0682,0.1445,0.0496,0.0363,0.2922,0.1772,0.0127,0.0672
CT008425,Zone_04,Zone_07,0.2755,0.069,0.078,0.118,0.1211,0.0243,0.029,0.2755,0.2135,0.0094,0.0622
CT015376,Zone_04,Zone_07,0.3311,0.068,0.081,0.0976,0.1313,0.0326,0.0326,0.3311,0.1683,0.0038,0.0537
CT014487,Zone_03,Zone_07,0.3109,0.0677,0.0615,0.0829,0.1238,0.0286,0.0491,0.3109,0.1927,0.0169,0.0659
CT001625,Zone_05,Zone_07,0.2836,0.0556,0.091,0.0695,0.1715,0.0313,0.0396,0.2836,0.1894,0.0147,0.0539
CT005418,Zone_10,Zone_07,0.2211,0.0794,0.1084,0.1213,0.1318,0.0445,0.0263,0.2211,0.2015,0.007,0.0586
CT012920,Zone_08,Zone_08,0.2559,0.0552,0.0911,0.0699,0.1409,0.0374,0.0522,0.2306,0.2559,0.0053,0.0613
CT016519,Zone_08,Zone_07,0.2454,0.0648,0.0823,0.0897,0.1143,0.0409,0.0542,0.2454,0.2358,0.0154,0.0573
CT005074,Zone_07,Zone_08,0.2582,0.0745,0.0699,0.0968,0.1296,0.0296,0.0446,0.2247,0.2582,0.0088,0.0634
CT001488,Zone_08,Zone_07,0.2527,0.0754,0.089,0.0893,0.1142,0.0401,0.036,0.2527,0.2262,0.0094,0.0676
CT009887,Zone_07,Zone_08,0.2692,0.0731,0.074,0.0735,0.1117,0.0365,0.0675,0.2256,0.2692,0.0153,0.0536
CT007112,Zone_08,Zone_08,0.2614,0.061,0.0822,0.0989,0.0936,0.0395,0.0448,0.2441,0.2614,0.0142,0.0603
CT019250,Zone_03,Zone_08,0.297,0.0552,0.0617,0.0764,0.1456,0.0431,0.046,0.2024,0.297,0.0036,0.069
CT018411,Zone_07,Zone_08,0.2784,0.0612,0.0759,0.0652,0.1587,0.0422,0.0579,0.1894,0.2784,0.0038,0.0674
CT012712,Zone_04,Zone_07,0.249,0.0619,0.0953,0.0711,0.1467,0.0382,0.0353,0.249,0.2323,0.0042,0.066
CT007237,Zone_05,Zone_07,0.2781,0.0623,0.0639,0.1072,0.1075,0.0261,0.0363,0.2781,0.2494,0.0084,0.061
CT019744,Zone_01,Zone_07,0.2933,0.062,0.0743,0.0819,0.1084,0.0414,0.0511,0.2933,0.2079,0.0106,0.069
CT002481,Zone_07,Zone_07,0.331,0.0431,0.1025,0.0854,0.1519,0.0287,0.0362,0.331,0.1655,0.0078,0.0478
CT015320,Zone_03,Zone_07,0.2908,0.0779,0.0562,0.0808,0.141,0.0407,0.0485,0.2908,0.1964,0.0105,0.0571
CT001753,Zone_07,Zone_07,0.282,0.0504,0.0509,0.0761,0.1537,0.0478,0.0319,0.282,0.2495,0.0076,0.05
CT003405,Zone_07,Zone_07,0.2741,0.075,0.104,0.0959,0.1585,0.0337,0.0318,0.2741,0.1771,0.0065,0.0435
CT016144,Zone_09,Zone_07,0.2637,0.0637,0.1038,0.098,0.11,0.034,0.0464,0.2637,0.2086,0.0151,0.0567
CT017703,Zone_01,Zone_08,0.2664,0.0857,0.068,0.0764,0.1523,0.0502,0.0357,0.2074,0.2664,0.0095,0.0484
CT016764,Zone_02,Zone_08,0.2662,0.0741,0.0686,0.0915,0.1249,0.047,0.0252,0.2417,0.2662,0.0084,0.0524
CT018801,Zone_01,Zone_07,0.2432,0.0546,0.0737,0.0821,0.1551,0.0328,0.0343,0.2432,0.242,0.006,0.0763
CT012408,Zone_01,Zone_07,0.282,0.0827,0.0737,0.0872,0.132,0.0485,0.0184,0.282,0.2145,0.0084,0.0526
CT011920,Zone_08,Zone_07,0.2573,0.0631,0.0979,0.0867,0.1284,0.0393,0.0452,0.2573,0.2316,0.0102,0.0403
CT015654,Zone_04,Zone_07,0.2746,0.0721,0.0893,0.0811,0.1161,0.0401,0.0323,0.2746,0.2072,0.0165,0.0707
CT015184,Zone_08,Zone_07,0.2776,0.0501,0.0606,0.1165,0.1221,0.0412,0.0342,0.2776,0.2438,0.0157,0.0383
CT000286,Zone_08,Zone_07,0.2955,0.066,0.0633,0.0986,0.1377,0.0327,0.0464,0.2955,0.1939,0.0136,0.0524
CT005977,Zone_07,Zone_07,0.3013,0.0543,0.0819,0.0669,0.1348,0.0421,0.0478,0.3013,0.2021,0.0068,0.0618
CT005827,Zone_08,Zone_07,0.2468,0.0847,0.0531,0.0899,0.1297,0.0357,0.0574,0.2468,0.2219,0.0125,0.0683
CT014716,Zone_02,Zone_07,0.2953,0.0761,0.0814,0.0981,0.152,0.0326,0.0323,0.2953,0.1624,0.0062,0.0636
CT007477,Zone_08,Zone_07,0.2802,0.0683,0.0883,0.0921,0.1142,0.0349,0.0388,0.2802,0.2019,0.0178,0.0636
CT004281,Zone_02,Zone_07,0.2916,0.0657,0.082,0.0974,0.1365,0.0445,0.0344,0.2916,0.1681,0.0099,0.07
CT005094,Zone_05,Zone_07,0.2664,0.0594,0.0656,0.1092,0.1316,0.0427,0.0357,0.2664,0.2117,0.0142,0.0633
CT008219,Zone_08,Zone_07,0.3256,0.0599,0.0611,0.0832,0.116,0.0529,0.0325,0.3256,0.1913,0.0104,0.0671
CT012334,Zone_04,Zone_07,0.2619,0.0712,0.0775,0.0754,0.132,0.0556,0.0325,0.2619,0.2213,0.0089,0.0636
CT004487,Zone_07,Zone_07,0.3561,0.0584,0.0884,0.0926,0.1111,0.0385,0.0483,0.3561,0.1421,0.0081,0.0564
CT014214,Zone_04,Zone_07,0.2637,0.065,0.0689,0.1033,0.1141,0.0301,0.0377,0.2637,0.2492,0.0083,0.0597
CT017040,Zone_07,Zone_07,0.3215,0.064,0.085,0.0684,0.1227,0.0576,0.0379,0.3215,0.1699,0.0125,0.0606
CT012094,Zone_05,Zone_07,0.2834,0.0634,0.0779,0.0935,0.1113,0.042,0.0482,0.2834,0.2044,0.0079,0.0679
CT004168,Zone_08,Zone_08,0.2795,0.0472,0.0809,0.0762,0.1466,0.0418,0.0547,0.1979,0.2795,0.0073,0.0679
CT003678,Zone_08,Zone_08,0.2668,0.067,0.0582,0.0913,0.126,0.0418,0.0436,0.2407,0.2668,0.0188,0.0456
CT013674,Zone_01,Zone_07,0.3819,0.0481,0.0812,0.0771,0.1278,0.0262,0.0286,0.3819,0.1665,0.0057,0.057
CT005060,Zone_02,Zone_07,0.2859,0.0488,0.0764,0.1031,0.1133,0.0298,0.0619,0.2859,0.2084,0.0134,0.059
CT015062,Zone_10,Zone_08,0.2827,0.0789,0.0726,0.074,0.1346,0.0494,0.0337,0.2225,0.2827,0.0078,0.0438
CT019115,Zone_03,Zone_08,0.2754,0.0491,0.0695,0.0808,0.1583,0.0304,0.034,0.2453,0.2754,0.0048,0.0525
CT010661,Zone_03,Zone_07,0.3014,0.0625,0.1008,0.0814,0.1181,0.0359,0.0286,0.3014,0.1931,0.0064,0.0719
CT006532,Zone_09,Zone_07,0.2562,0.0752,0.09,0.079,0.1348,0.0427,0.0468,0.2562,0.1973,0.012,0.066
CT003805,Zone_02,Zone_07,0.3123,0.0667,0.0695,0.0742,0.1274,0.0506,0.03,0.3123,0.1822,0.0133,0.0739
CT001253,Zone_03,Zone_07,0.3549,0.0597,0.0842,0.0861,0.1148,0.0298,0.0308,0.3549,0.1656,0.0148,0.0592
CT012689,Zone_03,Zone_08,0.3249,0.0483,0.0864,0.0721,0.133,0.035,0.0531,0.189,0.3249,0.0043,0.0539
CT015942,Zone_08,Zone_08,0.2762,0.0771,0.0673,0.0989,0.1029,0.0521,0.0461,0.2055,0.2762,0.0125,0.0613
CT001281,Zone_04,Zone_08,0.2793,0.0687,0.0588,0.0989,0.1154,0.0364,0.0596,0.2124,0.2793,0.0054,0.0652
CT008417,Zone_10,Zone_07,0.2953,0.0525,0.074,0.0755,0.1515,0.0302,0.0311,0.2953,0.2273,0.004,0.0585
CT013747,Zone_07,Zone_07,0.2705,0.0451,0.0653,0.0913,0.1614,0.0404,0.0459,0.2705,0.2052,0.01,0.065
CT018068,Zone_07,Zone_08,0.254,0.0788,0.0567,0.0938,0.1175,0.0415,0.05,0.2282,0.254,0.0081,0.0714
CT010391,Zone_08,Zone_08,0.2493,0.0741,0.0813,0.0771,0.1161,0.0448,0.0402,0.2463,0.2493,0.0085,0.0624
CT012438,Zone_02,Zone_07,0.3336,0.0578,0.0645,0.0745,0.1654,0.029,0.0255,0.3336,0.184,0.0083,0.0573
CT013359,Zone_08,Zone_07,0.2719,0.068,0.0862,0.0937,0.1112,0.0306,0.0309,0.2719,0.2289,0.0113,0.0672
CT018483,Zone_08,Zone_08,0.2424,0.0607,0.078,0.093,0.1051,0.0521,0.0465,0.2406,0.2424,0.0165,0.065
CT014411,Zone_04,Zone_07,0.2797,0.082,0.0666,0.0948,0.1503,0.0426,0.0345,0.2797,0.1857,0.0069,0.0569
CT002355,Zone_08,Zone_07,0.3092,0.0657,0.0912,0.0771,0.1121,0.0453,0.0436,0.3092,0.1837,0.0138,0.0583
CT010014,Zone_03,Zone_07,0.2639,0.0604,0.0828,0.0757,0.135,0.0598,0.0497,0.2639,0.1858,0.014,0.0729
CT002620,Zone_06,Zone_07,0.2461,0.0628,0.0767,0.1155,0.1086,0.0392,0.0343,0.2461,0.2421,0.0084,0.0664
CT001635,Zone_10,Zone_07,0.2793,0.0755,0.0852,0.0846,0.1189,0.0506,0.0347,0.2793,0.1904,0.01,0.0707
CT008411,Zone_08,Zone_07,0.2877,0.052,0.0898,0.0734,0.1456,0.0218,0.0484,0.2877,0.2144,0.0055,0.0615
CT007903,Zone_10,Zone_07,0.2434,0.0743,0.0853,0.0887,0.1301,0.0478,0.0414,0.2434,0.2206,0.0104,0.0581
CT008871,Zone_08,Zone_07,0.3202,0.0553,0.0727,0.09,0.1191,0.0382,0.0419,0.3202,0.2038,0.0147,0.0439
CT007777,Zone_01,Zone_07,0.3017,0.0501,0.1025,0.076,0.1339,0.0437,0.0353,0.3017,0.1763,0.0119,0.0686
CT003637,Zone_07,Zone_08,0.274,0.0542,0.0764,0.1009,0.1157,0.0486,0.0616,0.2075,0.274,0.0085,0.0526
CT011585,Zone_07,Zone_07,0.2788,0.0606,0.112,0.0802,0.1305,0.0427,0.0409,0.2788,0.1827,0.0141,0.0576
CT019131,Zone_08,Zone_07,0.3277,0.0628,0.0861,0.0687,0.1445,0.0385,0.0315,0.3277,0.1754,0.0055,0.0593
CT011808,Zone_07,Zone_07,0.2784,0.0706,0.0956,0.1035,0.1045,0.032,0.0212,0.2784,0.2157,0.0176,0.0609
CT002627,Zone_07,Zone_07,0.3074,0.0532,0.0676,0.1211,0.141,0.0307,0.0536,0.3074,0.1682,0.0112,0.046
CT004325,Zone_01,Zone_07,0.2726,0.0769,0.0953,0.0727,0.1233,0.0462,0.039,0.2726,0.1974,0.0106,0.0659
CT009263,Zone_07,Zone_07,0.3328,0.066,0.0978,0.0858,0.1294,0.0308,0.0277,0.3328,0.1537,0.0152,0.0607
CT006260,Zone_04,Zone_07,0.2556,0.0554,0.0772,0.0704,0.1152,0.0495,0.053,0.2556,0.246,0.0103,0.0672
CT011362,Zone_08,Zone_08,0.2332,0.0396,0.1028,0.0862,0.1818,0.0331,0.0523,0.2118,0.2332,0.0066,0.0526
CT001877,Zone_04,Zone_08,0.2675,0.0493,0.0687,0.077,0.1444,0.0334,0.06,0.227,0.2675,0.0068,0.0659
CT001589,Zone_04,Zone_07,0.3285,0.0424,0.0612,0.1118,0.1261,0.0418,0.04,0.3285,0.1822,0.0104,0.0557
CT015834,Zone_07,Zone_07,0.3017,0.0562,0.0799,0.0788,0.1114,0.0368,0.0604,0.3017,0.1938,0.0153,0.0658
CT003940,Zone_03,Zone_07,0.2898,0.049,0.0562,0.0894,0.1101,0.0595,0.0394,0.2898,0.2239,0.0133,0.0694
CT014640,Zone_07,Zone_08,0.2393,0.0847,0.076,0.0829,0.1348,0.0425,0.0345,0.2357,0.2393,0.0173,0.0522
CT013353,Zone_08,Zone_07,0.2477,0.0624,0.0807,0.0797,0.1028,0.046,0.0642,0.2477,0.2361,0.0142,0.0662
CT013007,Zone_08,Zone_07,0.2986,0.0658,0.0827,0.0767,0.1569,0.0352,0.0361,0.2986,0.1823,0.0212,0.0447
CT003084,Zone_07,Zone_07,0.2605,0.0746,0.0644,0.1076,0.1435,0.0379,0.0268,0.2605,0.2171,0.0149,0.0527
CT004863,Zone_04,Zone_07,0.2484,0.0587,0.0742,0.1121,0.104,0.0324,0.0509,0.2484,0.2293,0.0312,0.0588
CT018159,Zone_10,Zone_08,0.2593,0.0611,0.0868,0.0821,0.1015,0.0421,0.0506,0.2343,0.2593,0.0094,0.0727
CT008614,Zone_02,Zone_07,0.2493,0.0503,0.0639,0.1177,0.1209,0.0469,0.0394,0.2493,0.2433,0.0128,0.0555
CT016857,Zone_04,Zone_07,0.2742,0.055,0.091,0.0735,0.1484,0.0274,0.029,0.2742,0.2274,0.0057,0.0685
CT006663,Zone_03,Zone_07,0.2848,0.0624,0.0929,0.0843,0.1173,0.036,0.04,0.2848,0.2008,0.0133,0.0682
CT018904,Zone_07,Zone_07,0.2526,0.0603,0.0984,0.0713,0.1475,0.0344,0.0367,0.2526,0.2341,0.004,0.0608
CT005081,Zone_01,Zone_07,0.2832,0.0727,0.0622,0.0879,0.1296,0.0504,0.0427,0.2832,0.1987,0.0067,0.066
CT000568,Zone_02,Zone_08,0.2532,0.078,0.0656,0.0959,0.1179,0.0424,0.0385,0.2211,0.2532,0.0063,0.081
CT004048,Zone_04,Zone_07,0.2814,0.0711,0.0893,0.0745,0.1428,0.0421,0.0379,0.2814,0.1922,0.0233,0.0453
CT002625,Zone_07,Zone_07,0.3303,0.0553,0.0843,0.0824,0.1162,0.0413,0.0373,0.3303,0.1733,0.0077,0.0719
CT002469,Zone_07,Zone_07,0.2776,0.0634,0.067,0.097,0.1081,0.0389,0.0408,0.2776,0.2231,0.0168,0.0674
CT013999,Zone_04,Zone_07,0.3024,0.0635,0.0655,0.1025,0.1415,0.0393,0.0402,0.3024,0.185,0.0073,0.0528
CT005956,Zone_08,Zone_07,0.2692,0.047,0.0474,0.1121,0.1269,0.0286,0.0481,0.2692,0.2596,0.0055,0.0556
CT012422,Zone_04,Zone_07,0.3096,0.0678,0.0686,0.0828,0.1325,0.0284,0.0377,0.3096,0.1781,0.0226,0.0719
CT012042,Zone_07,Zone_08,0.3236,0.0665,0.0943,0.0691,0.0937,0.0415,0.0542,0.1864,0.3236,0.0143,0.0565
CT014930,Zone_08,Zone_08,0.2642,0.0616,0.0746,0.1019,0.1018,0.0321,0.0534,0.2488,0.2642,0.0082,0.0534
CT009268,Zone_06,Zone_07,0.3156,0.0549,0.0854,0.0839,0.1532,0.0196,0.0282,0.3156,0.1994,0.0144,0.0454
CT007292,Zone_04,Zone_07,0.2956,0.0665,0.0567,0.0707,0.1448,0.041,0.044,0.2956,0.1833,0.021,0.0764
CT008284,Zone_07,Zone_07,0.2575,0.0736,0.0836,0.0667,0.1459,0.0591,0.0424,0.2575,0.187,0.0123,0.0719
CT017875,Zone_03,Zone_07,0.3117,0.0473,0.0651,0.1003,0.1209,0.0253,0.0431,0.3117,0.2298,0.0104,0.0461
CT001238,Zone_08,Zone_08,0.2663,0.0603,0.0742,0.1062,0.1093,0.0306,0.0512,0.2387,0.2663,0.0074,0.0558
CT003502,Zone_08,Zone_08,0.2665,0.0819,0.0668,0.094,0.1245,0.0381,0.0407,0.2179,0.2665,0.0047,0.065
CT012069,Zone_03,Zone_07,0.2367,0.0802,0.0571,0.0774,0.1276,0.0482,0.0666,0.2367,0.2259,0.0108,0.0695
CT008432,Zone_02,Zone_08,0.2784,0.0695,0.054,0.1168,0.1117,0.0413,0.0511,0.2085,0.2784,0.0056,0.0633
CT011336,Zone_02,Zone_07,0.2699,0.064,0.069,0.0927,0.1232,0.0345,0.0421,0.2699,0.235,0.0081,0.0614
CT009325,Zone_08,Zone_07,0.2919,0.0483,0.0667,0.0999,0.1533,0.0264,0.0326,0.2919,0.2234,0.0162,0.0411
CT000687,Zone_08,Zone_07,0.285,0.0421,0.0623,0.1034,0.1217,0.0291,0.0464,0.285,0.2451,0.0102,0.0547
CT009993,Zone_05,Zone_07,0.3282,0.0565,0.0862,0.1069,0.1251,0.0266,0.0339,0.3282,0.1781,0.0115,0.047
CT019589,Zone_04,Zone_07,0.2627,0.0656,0.0635,0.1043,0.1134,0.0435,0.0343,0.2627,0.2482,0.0063,0.058
CT008482,Zone_01,Zone_08,0.2503,0.0762,0.0702,0.0918,0.1116,0.0531,0.0301,0.2465,0.2503,0.0151,0.0553
CT018581,Zone_01,Zone_07,0.3815,0.0453,0.0644,0.083,0.1507,0.023,0.0355,0.3815,0.1516,0.0144,0.0507
CT002890,Zone_03,Zone_07,0.2931,0.0541,0.1078,0.0951,0.1392,0.0401,0.0439,0.2931,0.1501,0.01,0.0666
CT009572,Zone_08,Zone_08,0.2532,0.0546,0.0782,0.1213,0.1194,0.0259,0.0397,0.2482,0.2532,0.0118,0.0475
CT003736,Zone_10,Zone_08,0.2848,0.0527,0.0722,0.0728,0.162,0.0354,0.0347,0.2271,0.2848,0.0075,0.0507
CT001863,Zone_09,Zone_07,0.279,0.0565,0.0616,0.0763,0.1307,0.0569,0.0357,0.279,0.2126,0.0158,0.0748
CT002847,Zone_04,Zone_08,0.3211,0.0576,0.0905,0.0621,0.1588,0.0447,0.0414,0.1771,0.3211,0.0045,0.0421
CT012402,Zone_07,Zone_07,0.2751,0.0557,0.0876,0.0987,0.1179,0.0294,0.0419,0.2751,0.2296,0.0102,0.0539
CT005648,Zone_03,Zone_07,0.2722,0.0874,0.0689,0.078,0.127,0.0477,0.0374,0.2722,0.2068,0.0074,0.0671
CT000603,Zone_06,Zone_07,0.3181,0.0639,0.0661,0.0907,0.1261,0.0347,0.0372,0.3181,0.1831,0.0172,0.063
CT008604,Zone_10,Zone_07,0.2835,0.0645,0.1062,0.0756,0.1205,0.0283,0.0495,0.2835,0.1927,0.013,0.0661
CT008406,Zone_07,Zone_07,0.3041,0.0653,0.0994,0.0843,0.122,0.0356,0.0306,0.3041,0.1772,0.0128,0.0687
CT006720,Zone_08,Zone_08,0.2504,0.0595,0.0593,0.093,0.1186,0.0546,0.0428,0.2226,0.2504,0.0274,0.0718
CT008120,Zone_08,Zone_07,0.3222,0.0741,0.0703,0.1092,0.1306,0.0369,0.0245,0.3222,0.1735,0.0044,0.0543
CT016793,Zone_08,Zone_08,0.2965,0.0567,0.0641,0.1105,0.1156,0.038,0.0338,0.2185,0.2965,0.0225,0.0438
CT010613,Zone_07,Zone_07,0.2973,0.0433,0.085,0.1003,0.1632,0.0382,0.0503,0.2973,0.1729,0.0061,0.0434
CT007995,Zone_02,Zone_08,0.2727,0.0609,0.0572,0.1154,0.1081,0.04,0.0208,0.2535,0.2727,0.0211,0.0503
CT014790,Zone_07,Zone_07,0.261,0.0629,0.1056,0.097,0.1265,0.0306,0.0329,0.261,0.215,0.0115,0.057
CT015860,Zone_10,Zone_07,0.3062,0.0546,0.0686,0.0767,0.1795,0.0353,0.0283,0.3062,0.1934,0.0107,0.0467
CT019578,Zone_08,Zone_07,0.2566,0.0608,0.0745,0.086,0.1236,0.0402,0.0514,0.2566,0.2142,0.0145,0.078
CT017654,Zone_07,Zone_07,0.2864,0.0699,0.0864,0.069,0.1118,0.056,0.027,0.2864,0.2126,0.0201,0.0609
CT018078,Zone_08,Zone_07,0.2725,0.0712,0.0668,0.0781,0.1376,0.0424,0.0452,0.2725,0.2144,0.0103,0.0616
CT005267,Zone_04,Zone_08,0.2634,0.035,0.0575,0.117,0.1296,0.03,0.0544,0.2536,0.2634,0.0116,0.048
CT016748,Zone_10,Zone_07,0.3055,0.0713,0.0992,0.0784,0.1254,0.0275,0.033,0.3055,0.1823,0.0133,0.0641
CT004094,Zone_01,Zone_07,0.2751,0.0538,0.077,0.1316,0.1219,0.0293,0.0348,0.2751,0.2112,0.0084,0.057
CT016875,Zone_07,Zone_07,0.292,0.049,0.0752,0.1028,0.1421,0.0305,0.0548,0.292,0.1886,0.0208,0.0441
CT011338,Zone_08,Zone_07,0.2918,0.0459,0.0778,0.1177,0.1042,0.0372,0.0419,0.2918,0.2097,0.0099,0.064
CT004409,Zone_07,Zone_07,0.3284,0.063,0.0839,0.0879,0.1165,0.0349,0.0382,0.3284,0.1756,0.0135,0.0581
CT000334,Zone_07,Zone_07,0.2506,0.0776,0.0714,0.0888,0.1278,0.0465,0.0414,0.2506,0.2104,0.0108,0.0747
CT014329,Zone_10,Zone_08,0.263,0.0447,0.075,0.0814,0.158,0.0302,0.0515,0.2259,0.263,0.0122,0.0581
CT011548,Zone_04,Zone_08,0.2468,0.0712,0.0632,0.0794,0.1193,0.056,0.0464,0.2365,0.2468,0.0105,0.0706
CT010348,Zone_08,Zone_07,0.3179,0.06,0.0815,0.0644,0.1528,0.0309,0.0327,0.3179,0.2087,0.0079,0.0433
CT007162,Zone_08,Zone_08,0.2649,0.0843,0.0773,0.069,0.142,0.0409,0.051,0.2144,0.2649,0.0105,0.0457
CT017986,Zone_04,Zone_08,0.2851,0.0573,0.0987,0.0963,0.0968,0.0472,0.0528,0.1961,0.2851,0.0087,0.0611
CT003259,Zone_07,Zone_07,0.3662,0.0572,0.0746,0.1019,0.1156,0.0315,0.0575,0.3662,0.1365,0.0109,0.0481
CT012024,Zone_02,Zone_07,0.247,0.0811,0.0819,0.0815,0.1384,0.0355,0.0273,0.247,0.2258,0.0251,0.0565
CT004190,Zone_08,Zone_07,0.2765,0.0664,0.0761,0.0805,0.1269,0.044,0.0455,0.2765,0.2078,0.0146,0.0617
CT013212,Zone_04,Zone_08,0.2272,0.0702,0.0979,0.0915,0.1104,0.0519,0.04,0.223,0.2272,0.013,0.075
CT010084,Zone_10,Zone_08,0.2545,0.0368,0.1033,0.076,0.1365,0.0331,0.0667,0.2318,0.2545,0.0062,0.0552
CT019890,Zone_03,Zone_07,0.3091,0.0737,0.1082,0.0784,0.1145,0.0317,0.0321,0.3091,0.1776,0.0119,0.0628
CT014251,Zone_07,Zone_07,0.3345,0.0596,0.0913,0.0772,0.1093,0.0289,0.0423,0.3345,0.1782,0.0098,0.0689
CT011725,Zone_02,Zone_08,0.2912,0.0902,0.0822,0.0671,0.1175,0.0416,0.0436,0.2082,0.2912,0.0056,0.0528
CT013483,Zone_04,Zone_07,0.268,0.0559,0.0823,0.0851,0.1075,0.0441,0.0484,0.268,0.2125,0.0164,0.0799
CT017428,Zone_02,Zone_07,0.2651,0.0615,0.0649,0.0693,0.1408,0.0509,0.0535,0.2651,0.2239,0.0049,0.0652
CT001672,Zone_07,Zone_07,0.3602,0.0518,0.1089,0.1001,0.1261,0.0284,0.0329,0.3602,0.1317,0.0052,0.0547
CT010298,Zone_08,Zone_08,0.269,0.0727,0.0781,0.0778,0.1385,0.0483,0.0404,0.2219,0.269,0.009,0.0443
CT017323,Zone_10,Zone_08,0.2621,0.0594,0.0746,0.1098,0.1281,0.0358,0.0495,0.2169,0.2621,0.0096,0.0542
CT006412,Zone_07,Zone_07,0.2491,0.0581,0.0605,0.0709,0.1271,0.0608,0.0599,0.2491,0.2201,0.0186,0.0749
CT009808,Zone_02,Zone_07,0.2781,0.0573,0.099,0.0959,0.1591,0.0373,0.0325,0.2781,0.1741,0.0171,0.0495
CT006658,Zone_10,Zone_07,0.3462,0.0643,0.061,0.0794,0.17,0.027,0.0267,0.3462,0.1722,0.0095,0.0436
CT004598,Zone_01,Zone_08,0.2745,0.0506,0.0947,0.0631,0.1337,0.038,0.0596,0.2184,0.2745,0.0052,0.0621
CT010168,Zone_07,Zone_07,0.2658,0.0542,0.08,0.095,0.1104,0.0316,0.0443,0.2658,0.245,0.025,0.0487
CT018473,Zone_07,Zone_07,0.2598,0.0518,0.0713,0.1102,0.1335,0.0287,0.044,0.2598,0.241,0.0048,0.0549
CT009139,Zone_04,Zone_07,0.2498,0.0689,0.0876,0.0912,0.1405,0.0438,0.0467,0.2498,0.2066,0.0114,0.0535
CT012319,Zone_08,Zone_07,0.3337,0.0558,0.0697,0.0774,0.1521,0.0292,0.0341,0.3337,0.1905,0.0085,0.0489
CT002985,Zone_02,Zone_07,0.2754,0.0603,0.082,0.0569,0.1535,0.0496,0.042,0.2754,0.2205,0.005,0.0548
CT013881,Zone_08,Zone_07,0.2759,0.0724,0.0886,0.0957,0.1193,0.0245,0.0348,0.2759,0.2181,0.0088,0.0619
CT013990,Zone_01,Zone_07,0.2798,0.0551,0.0677,0.1337,0.1182,0.0238,0.0263,0.2798,0.2362,0.0091,0.0499
CT006237,Zone_08,Zone_07,0.292,0.0566,0.0633,0.0869,0.1421,0.0388,0.0523,0.292,0.1949,0.0102,0.0629
CT013521,Zone_07,Zone_07,0.2349,0.08,0.0706,0.0829,0.1257,0.0507,0.0565,0.2349,0.2273,0.0075,0.0638
CT001735,Zone_07,Zone_07,0.3131,0.0615,0.0945,0.0846,0.1277,0.0314,0.0401,0.3131,0.1683,0.0194,0.0593
CT010590,Zone_07,Zone_07,0.2905,0.0579,0.0653,0.0886,0.1258,0.0451,0.0554,0.2905,0.2116,0.0122,0.0477
CT003933,Zone_07,Zone_07,0.2732,0.067,0.0877,0.0798,0.1311,0.0567,0.0335,0.2732,0.1805,0.0081,0.0824
CT016653,Zone_07,Zone_07,0.2722,0.0536,0.0884,0.1089,0.1539,0.0373,0.0399,0.2722,0.1789,0.019,0.0479
CT016290,Zone_07,Zone_07,0.2658,0.0511,0.0662,0.0828,0.1643,0.0375,0.0276,0.2658,0.227,0.0045,0.0731
CT019126,Zone_07,Zone_08,0.2621,0.0718,0.0553,0.0972,0.1296,0.0385,0.0224,0.2537,0.2621,0.0095,0.0597
CT006243,Zone_02,Zone_07,0.2625,0.0608,0.064,0.0829,0.1735,0.0334,0.0296,0.2625,0.2346,0.0031,0.0557
CT006276,Zone_08,Zone_07,0.3294,0.0419,0.0814,0.0721,0.1536,0.0471,0.0366,0.3294,0.1663,0.0055,0.0661
CT013067,Zone_07,Zone_08,0.2675,0.0532,0.0855,0.0655,0.1373,0.0372,0.0454,0.2388,0.2675,0.0056,0.0641
CT010364,Zone_08,Zone_08,0.2642,0.0506,0.0873,0.0731,0.1326,0.0396,0.0529,0.2299,0.2642,0.0048,0.0649
CT002861,Zone_08,Zone_08,0.2601,0.0544,0.0894,0.0599,0.1303,0.0399,0.0565,0.2516,0.2601,0.0056,0.0523
CT011013,Zone_08,Zone_07,0.2683,0.0528,0.1267,0.088,0.1214,0.0379,0.0485,0.2683,0.183,0.0131,0.0604
CT012307,Zone_04,Zone_07,0.3025,0.0583,0.0746,0.0963,0.121,0.0358,0.0475,0.3025,0.1853,0.0202,0.0584
CT008947,Zone_02,Zone_07,0.2579,0.0694,0.0775,0.0677,0.1277,0.0514,0.048,0.2579,0.2123,0.0209,0.0671
CT015517,Zone_08,Zone_07,0.2666,0.0636,0.0798,0.0949,0.1163,0.0481,0.0372,0.2666,0.2158,0.0106,0.067
CT004818,Zone_07,Zone_07,0.2888,0.0606,0.0577,0.1168,0.1396,0.0317,0.0433,0.2888,0.1954,0.0143,0.0517
CT009541,Zone_10,Zone_07,0.2809,0.0789,0.064,0.0923,0.1283,0.03,0.0298,0.2809,0.2185,0.0208,0.0565
CT002882,Zone_03,Zone_07,0.3628,0.0508,0.0829,0.0815,0.1733,0.0235,0.0265,0.3628,0.1373,0.0117,0.0497
CT014259,Zone_08,Zone_07,0.283,0.0517,0.0768,0.096,0.1026,0.0528,0.049,0.283,0.2105,0.0161,0.0615
CT019176,Zone_04,Zone_07,0.2479,0.0541,0.1102,0.1084,0.0874,0.0379,0.0396,0.2479,0.2329,0.0179,0.0639
CT011711,Zone_08,Zone_07,0.3263,0.0586,0.112,0.1049,0.1373,0.0296,0.0355,0.3263,0.1389,0.0067,0.0502
CT014212,Zone_07,Zone_07,0.2518,0.0641,0.0601,0.0983,0.1208,0.0495,0.0474,0.2518,0.2409,0.0102,0.0569
CT015588,Zone_04,Zone_07,0.2719,0.0397,0.1144,0.0677,0.1437,0.0346,0.0531,0.2719,0.2057,0.0048,0.0644
CT016082,Zone_08,Zone_07,0.2477,0.0735,0.0656,0.0818,0.1361,0.0513,0.0415,0.2477,0.2423,0.0119,0.0483
CT016782,Zone_07,Zone_08,0.2985,0.0603,0.0568,0.1177,0.1186,0.0433,0.0314,0.2094,0.2985,0.0127,0.0513
CT010115,Zone_02,Zone_07,0.2807,0.0752,0.1027,0.0871,0.1287,0.0217,0.0366,0.2807,0.1988,0.0078,0.0607
CT005303,Zone_07,Zone_07,0.2445,0.0505,0.1236,0.0817,0.146,0.0391,0.0616,0.2445,0.1935,0.0052,0.0543
CT007219,Zone_04,Zone_07,0.271,0.0628,0.1039,0.1017,0.1054,0.0284,0.0317,0.271,0.2195,0.0146,0.0608
CT002069,Zone_04,Zone_07,0.3056,0.0708,0.0992,0.0876,0.1132,0.0307,0.0389,0.3056,0.1808,0.0129,0.0604
CT006548,Zone_08,Zone_08,0.3102,0.0493,0.0875,0.0841,0.148,0.0354,0.0481,0.1874,0.3102,0.0032,0.0469
CT008348,Zone_03,Zone_07,0.2973,0.047,0.0929,0.1057,0.1333,0.0333,0.0357,0.2973,0.1936,0.0094,0.0518
CT017634,Zone_06,Zone_07,0.3447,0.052,0.0625,0.0941,0.1278,0.0399,0.0306,0.3447,0.1811,0.0051,0.0622
CT008474,Zone_02,Zone_08,0.2414,0.0606,0.0798,0.0995,0.1401,0.044,0.0525,0.2094,0.2414,0.0194,0.0535
CT011210,Zone_03,Zone_08,0.2437,0.0651,0.1085,0.0645,0.1212,0.0535,0.0641,0.2151,0.2437,0.0112,0.053
CT013970,Zone_07,Zone_07,0.2541,0.0578,0.0652,0.0931,0.1136,0.0575,0.0281,0.2541,0.2416,0.0091,0.0798
CT019308,Zone_03,Zone_07,0.2878,0.0671,0.0949,0.0976,0.1493,0.041,0.0347,0.2878,0.1602,0.0117,0.0557
CT003495,Zone_03,Zone_07,0.2721,0.0513,0.0801,0.0963,0.1153,0.0332,0.069,0.2721,0.2097,0.0238,0.0493
CT000064,Zone_07,Zone_07,0.2428,0.0702,0.078,0.0871,0.1256,0.046,0.0422,0.2428,0.2409,0.0063,0.0609
CT006218,Zone_08,Zone_08,0.2767,0.0625,0.0631,0.0969,0.1018,0.0459,0.0427,0.2437,0.2767,0.0133,0.0534
CT004015,Zone_07,Zone_08,0.2675,0.0519,0.0909,0.0919,0.1082,0.0322,0.0479,0.2324,0.2675,0.0161,0.0611
CT016527,Zone_01,Zone_07,0.2975,0.0465,0.0372,0.1191,0.1538,0.0261,0.0414,0.2975,0.2184,0.0109,0.049
CT017842,Zone_08,Zone_07,0.2619,0.074,0.069,0.0781,0.1183,0.0334,0.0654,0.2619,0.2216,0.0144,0.064
CT011807,Zone_08,Zone_07,0.2851,0.0514,0.0659,0.0666,0.1485,0.0505,0.0334,0.2851,0.2354,0.0062,0.0571
CT017379,Zone_08,Zone_07,0.3231,0.0733,0.0819,0.0812,0.1435,0.0465,0.0337,0.3231,0.1467,0.0091,0.061
CT007009,Zone_02,Zone_07,0.255,0.0804,0.0703,0.0856,0.1283,0.0455,0.0336,0.255,0.2325,0.0085,0.0604
CT014096,Zone_05,Zone_07,0.276,0.05,0.0896,0.1124,0.1094,0.0372,0.0524,0.276,0.2089,0.017,0.047
CT011290,Zone_01,Zone_07,0.299,0.0465,0.0684,0.1027,0.1439,0.0399,0.0409,0.299,0.2055,0.007,0.046
CT013314,Zone_07,Zone_07,0.2651,0.0618,0.0754,0.0939,0.117,0.0469,0.0658,0.2651,0.1885,0.0181,0.0675
CT001991,Zone_03,Zone_07,0.2619,0.0668,0.1,0.0743,0.1341,0.0359,0.0412,0.2619,0.194,0.0411,0.0506
CT004874,Zone_07,Zone_07,0.3299,0.0648,0.0732,0.0776,0.1237,0.0346,0.0396,0.3299,0.1901,0.0117,0.0549
CT015461,Zone_08,Zone_07,0.2729,0.0786,0.0922,0.096,0.1149,0.0375,0.0254,0.2729,0.2083,0.0063,0.0679
CT015725,Zone_10,Zone_07,0.2876,0.0735,0.0965,0.0758,0.1242,0.0411,0.0287,0.2876,0.1824,0.0154,0.0749
CT000090,Zone_07,Zone_07,0.2844,0.06,0.0757,0.0862,0.1159,0.0369,0.0496,0.2844,0.2139,0.009,0.0683
CT010716,Zone_04,Zone_07,0.2918,0.0529,0.0691,0.1121,0.1229,0.038,0.0426,0.2918,0.2112,0.0091,0.0503
CT016894,Zone_01,Zone_08,0.2342,0.0772,0.0662,0.0822,0.1199,0.0595,0.0585,0.224,0.2342,0.0091,0.0692
CT005889,Zone_07,Zone_07,0.267,0.061,0.0706,0.0914,0.112,0.0608,0.0497,0.267,0.2126,0.0144,0.0606
CT017869,Zone_08,Zone_08,0.2551,0.0748,0.0891,0.0716,0.116,0.049,0.0531,0.2208,0.2551,0.0112,0.0594
CT013363,Zone_04,Zone_07,0.2876,0.0801,0.0759,0.0795,0.1377,0.036,0.0342,0.2876,0.198,0.0161,0.0548
CT014632,Zone_02,Zone_07,0.2632,0.0802,0.0647,0.0779,0.1518,0.0509,0.0314,0.2632,0.1947,0.0138,0.0714
CT002899,Zone_08,Zone_07,0.2877,0.0661,0.0674,0.0968,0.1217,0.0398,0.0367,0.2877,0.2121,0.0134,0.0582
CT017988,Zone_04,Zone_08,0.2649,0.054,0.0677,0.108,0.0942,0.036,0.062,0.2429,0.2649,0.0072,0.0633
CT014342,Zone_04,Zone_07,0.2926,0.0652,0.0464,0.0889,0.1461,0.0436,0.0342,0.2926,0.2108,0.0204,0.0517
CT001947,Zone_01,Zone_07,0.3199,0.0547,0.0905,0.0904,0.1425,0.019,0.0453,0.3199,0.1925,0.0037,0.0413
CT011856,Zone_04,Zone_07,0.2785,0.0794,0.0879,0.0869,0.1157,0.0435,0.0355,0.2785,0.1986,0.0111,0.063
CT009872,Zone_07,Zone_08,0.2508,0.0685,0.0852,0.0814,0.1139,0.0376,0.0432,0.2207,0.2508,0.0232,0.0755
CT015536,Zone_03,Zone_07,0.2855,0.0768,0.0765,0.0836,0.1434,0.0365,0.0273,0.2855,0.1972,0.0165,0.0566
CT010969,Zone_08,Zone_07,0.283,0.0634,0.0696,0.0901,0.1045,0.0354,0.0371,0.283,0.2563,0.0083,0.0523
CT004093,Zone_07,Zone_08,0.2347,0.0499,0.078,0.0647,0.1901,0.0318,0.0483,0.2312,0.2347,0.0111,0.0603
CT014011,Zone_06,Zone_07,0.2819,0.0763,0.0765,0.0927,0.1321,0.0304,0.0329,0.2819,0.1979,0.0126,0.0668
CT015689,Zone_04,Zone_07,0.2907,0.0623,0.079,0.0632,0.1199,0.0536,0.0463,0.2907,0.1943,0.02,0.0707
CT016265,Zone_10,Zone_07,0.2566,0.0696,0.0509,0.115,0.1152,0.0257,0.0461,0.2566,0.2505,0.0083,0.0621
CT013950,Zone_08,Zone_07,0.3433,0.0497,0.0932,0.0888,0.1326,0.0427,0.0426,0.3433,0.1476,0.0132,0.0464
CT006116,Zone_07,Zone_07,0.2508,0.0674,0.0767,0.0915,0.1477,0.0466,0.0362,0.2508,0.207,0.0141,0.0619
CT012962,Zone_08,Zone_07,0.3015,0.0609,0.0795,0.0766,0.1201,0.0416,0.0323,0.3015,0.2059,0.0176,0.064
CT011610,Zone_02,Zone_07,0.2918,0.0649,0.0488,0.0842,0.134,0.0378,0.0513,0.2918,0.2181,0.0135,0.0557
CT019323,Zone_07,Zone_07,0.2813,0.0545,0.0938,0.1074,0.1158,0.036,0.0489,0.2813,0.1981,0.017,0.0472
CT003978,Zone_03,Zone_07,0.2775,0.0693,0.0644,0.0931,0.1142,0.0307,0.0606,0.2775,0.2187,0.012,0.0594
CT019559,Zone_07,Zone_07,0.2693,0.0587,0.0636,0.0842,0.139,0.0349,0.0406,0.2693,0.2468,0.0172,0.0457
CT010737,Zone_05,Zone_07,0.3003,0.0582,0.1039,0.1012,0.1384,0.0316,0.0299,0.3003,0.1685,0.0172,0.0507
CT011712,Zone_02,Zone_08,0.2666,0.0627,0.0641,0.1032,0.1019,0.0283,0.0417,0.2658,0.2666,0.0058,0.0599
CT009915,Zone_04,Zone_08,0.2462,0.0592,0.0554,0.0741,0.174,0.0376,0.0497,0.2368,0.2462,0.0063,0.0608
CT013068,Zone_07,Zone_07,0.28,0.0753,0.0685,0.0868,0.1226,0.0465,0.0372,0.28,0.2221,0.0108,0.0503
CT019907,Zone_07,Zone_07,0.2974,0.056,0.0784,0.0965,0.1085,0.0488,0.0428,0.2974,0.1962,0.0139,0.0616
CT019133,Zone_07,Zone_07,0.2847,0.0661,0.0764,0.0824,0.1256,0.0344,0.0403,0.2847,0.2273,0.0111,0.0517
CT010738,Zone_05,Zone_08,0.2552,0.052,0.0701,0.0715,0.1478,0.0278,0.06,0.2415,0.2552,0.0083,0.0658
CT005095,Zone_09,Zone_08,0.3193,0.0468,0.0641,0.0737,0.1669,0.041,0.0446,0.1879,0.3193,0.0055,0.0501
CT006646,Zone_03,Zone_08,0.242,0.0631,0.0772,0.0671,0.1775,0.0393,0.0347,0.2389,0.242,0.0045,0.0557
CT011147,Zone_03,Zone_08,0.2584,0.0704,0.0928,0.0856,0.1068,0.045,0.0332,0.2255,0.2584,0.0184,0.0638
CT012534,Zone_08,Zone_07,0.2745,0.0647,0.1017,0.0759,0.14,0.0387,0.0376,0.2745,0.1832,0.0237,0.0601
CT006598,Zone_04,Zone_07,0.2822,0.0609,0.0834,0.0763,0.137,0.0297,0.0374,0.2822,0.2107,0.0256,0.0568
CT009310,Zone_08,Zone_07,0.2624,0.0777,0.0949,0.0733,0.1159,0.0442,0.0425,0.2624,0.2137,0.0141,0.0613
CT009437,Zone_04,Zone_07,0.3193,0.0665,0.057,0.0731,0.1348,0.0384,0.0431,0.3193,0.1807,0.0161,0.0711
CT010226,Zone_08,Zone_07,0.249,0.0596,0.0802,0.114,0.1117,0.0388,0.0304,0.249,0.2224,0.0171,0.0766
CT001570,Zone_08,Zone_07,0.3346,0.0573,0.0991,0.0975,0.1292,0.0288,0.0385,0.3346,0.156,0.0129,0.0461
CT003766,Zone_07,Zone_07,0.2424,0.0514,0.092,0.1289,0.1327,0.0331,0.029,0.2424,0.2252,0.0218,0.0435
CT018944,Zone_07,Zone_07,0.2847,0.0617,0.0641,0.1062,0.1097,0.0537,0.0248,0.2847,0.2132,0.0067,0.0752
CT008822,Zone_08,Zone_07,0.2606,0.0704,0.0645,0.0856,0.1154,0.0442,0.0555,0.2606,0.2354,0.0072,0.0612
CT010819,Zone_04,Zone_07,0.2496,0.0537,0.094,0.1211,0.1387,0.0267,0.0455,0.2496,0.2211,0.0099,0.0397
CT000795,Zone_02,Zone_08,0.257,0.0633,0.0607,0.0974,0.135,0.0364,0.0313,0.2567,0.257,0.0207,0.0416
CT016322,Zone_08,Zone_07,0.2939,0.0532,0.0741,0.1216,0.1194,0.0428,0.0489,0.2939,0.1878,0.0125,0.0459
CT004128,Zone_08,Zone_07,0.2819,0.0669,0.1027,0.0934,0.1323,0.0299,0.0396,0.2819,0.1889,0.0146,0.0497
CT013384,Zone_02,Zone_08,0.2772,0.0654,0.0863,0.0612,0.1125,0.0574,0.0589,0.2131,0.2772,0.0114,0.0565
CT018447,Zone_08,Zone_07,0.2984,0.0617,0.0694,0.0778,0.1189,0.0559,0.0435,0.2984,0.1975,0.0122,0.0645
CT001430,Zone_08,Zone_08,0.2675,0.0596,0.0437,0.1104,0.1324,0.0411,0.0468,0.2322,0.2675,0.0189,0.0474
CT010609,Zone_10,Zone_07,0.2966,0.0775,0.1115,0.0713,0.135,0.0344,0.0283,0.2966,0.1603,0.011,0.0741
CT009341,Zone_02,Zone_08,0.2622,0.0543,0.0495,0.1086,0.1281,0.0456,0.0362,0.254,0.2622,0.0117,0.0499
CT018952,Zone_05,Zone_07,0.2473,0.0656,0.065,0.0965,0.1459,0.0434,0.0351,0.2473,0.2365,0.0195,0.0451
CT009312,Zone_07,Zone_07,0.2415,0.0512,0.1168,0.1085,0.1417,0.0391,0.0561,0.2415,0.1805,0.0239,0.0407
CT001621,Zone_01,Zone_07,0.2545,0.0497,0.0973,0.0951,0.1023,0.0344,0.0378,0.2545,0.2525,0.0151,0.0613
CT015044,Zone_07,Zone_08,0.283,0.0673,0.0639,0.0909,0.128,0.0385,0.0613,0.2158,0.283,0.0142,0.0371
CT001758,Zone_10,Zone_07,0.31,0.064,0.072,0.1033,0.1171,0.0236,0.0354,0.31,0.2202,0.0046,0.0497
CT003423,Zone_08,Zone_08,0.2876,0.0429,0.0786,0.0707,0.1393,0.0422,0.0623,0.1944,0.2876,0.0068,0.0753
CT018346,Zone_04,Zone_07,0.2696,0.0549,0.0616,0.0935,0.1075,0.049,0.0289,0.2696,0.2469,0.0122,0.076
CT014099,Zone_06,Zone_08,0.2813,0.0614,0.0597,0.092,0.1046,0.0574,0.0687,0.1982,0.2813,0.011,0.0657
CT007014,Zone_08,Zone_08,0.2486,0.0555,0.056,0.1239,0.1096,0.0422,0.0442,0.2272,0.2486,0.014,0.0786
CT005623,Zone_08,Zone_07,0.2088,0.0702,0.0838,0.1546,0.1474,0.0453,0.0181,0.2088,0.2063,0.012,0.0535
CT010428,Zone_07,Zone_08,0.2597,0.0581,0.066,0.1077,0.1208,0.0423,0.0587,0.225,0.2597,0.0095,0.0522
CT012686,Zone_08,Zone_07,0.2402,0.0647,0.0716,0.1228,0.1304,0.0414,0.0257,0.2402,0.2289,0.0092,0.065
CT015527,Zone_08,Zone_07,0.2596,0.0558,0.0752,0.0727,0.1761,0.0291,0.0259,0.2596,0.2472,0.0048,0.0538
CT012808,Zone_06,Zone_08,0.2578,0.055,0.0968,0.0681,0.1384,0.0379,0.0434,0.2371,0.2578,0.0051,0.0603
CT013627,Zone_08,Zone_07,0.247,0.0716,0.0625,0.1003,0.1363,0.038,0.0323,0.247,0.2374,0.0103,0.0642
CT017569,Zone_03,Zone_08,0.2332,0.059,0.0739,0.1209,0.1363,0.0404,0.0447,0.2255,0.2332,0.0164,0.0498
CT014825,Zone_08,Zone_07,0.3204,0.0695,0.0823,0.0799,0.1479,0.0524,0.0302,0.3204,0.1423,0.008,0.0672
CT010594,Zone_08,Zone_07,0.2756,0.0509,0.1012,0.0954,0.1142,0.0328,0.0525,0.2756,0.2084,0.0086,0.0604
CT019721,Zone_08,Zone_07,0.2468,0.0793,0.0852,0.1044,0.1231,0.0392,0.0298,0.2468,0.21,0.0071,0.0748
CT015392,Zone_04,Zone_07,0.2681,0.0682,0.0752,0.079,0.114,0.0376,0.0437,0.2681,0.2283,0.0189,0.0671
CT015319,Zone_08,Zone_07,0.2981,0.0546,0.0732,0.0802,0.1462,0.0249,0.0434,0.2981,0.2102,0.0097,0.0595
CT004930,Zone_04,Zone_07,0.3118,0.059,0.0888,0.0782,0.1143,0.041,0.0428,0.3118,0.1833,0.0103,0.0704
CT006434,Zone_06,Zone_07,0.3638,0.0654,0.0904,0.0639,0.1237,0.0555,0.0298,0.3638,0.1396,0.0127,0.0553
CT016898,Zone_09,Zone_07,0.3007,0.0505,0.1031,0.1119,0.1155,0.037,0.0342,0.3007,0.1807,0.0103,0.0561
CT010083,Zone_03,Zone_08,0.276,0.0849,0.0926,0.0825,0.1169,0.035,0.0288,0.2146,0.276,0.0112,0.0574
CT003896,Zone_08,Zone_07,0.2539,0.0691,0.0819,0.0938,0.1113,0.0298,0.051,0.2539,0.2476,0.0073,0.0543
CT000653,Zone_08,Zone_07,0.3068,0.05,0.0656,0.0848,0.1533,0.041,0.0472,0.3068,0.1913,0.0087,0.0512
CT014148,Zone_06,Zone_07,0.3033,0.0544,0.0729,0.1139,0.1316,0.0366,0.0367,0.3033,0.1911,0.0105,0.049
CT000362,Zone_03,Zone_07,0.2407,0.0732,0.0825,0.0859,0.1378,0.0474,0.0423,0.2407,0.2031,0.0129,0.0741
CT000191,Zone_10,Zone_07,0.291,0.0678,0.0613,0.087,0.1334,0.0416,0.0394,0.291,0.2129,0.0076,0.0579
CT003823,Zone_07,Zone_07,0.294,0.0775,0.0775,0.0787,0.1376,0.0402,0.0445,0.294,0.2005,0.0071,0.0425
CT004182,Zone_03,Zone_07,0.272,0.0638,0.0749,0.1028,0.103,0.038,0.0306,0.272,0.2404,0.0083,0.0663
CT011508,Zone_02,Zone_07,0.297,0.0614,0.11,0.0958,0.1225,0.0381,0.0297,0.297,0.1756,0.0133,0.0565
CT019163,Zone_04,Zone_07,0.3185,0.0512,0.0591,0.0796,0.1636,0.0204,0.0304,0.3185,0.2235,0.0148,0.0389
CT003282,Zone_02,Zone_07,0.2733,0.0792,0.0613,0.0771,0.1566,0.0404,0.0259,0.2733,0.2146,0.0149,0.0567
CT009122,Zone_10,Zone_07,0.3736,0.0473,0.0601,0.0727,0.1639,0.0382,0.0381,0.3736,0.15,0.0116,0.0445
CT004071,Zone_05,Zone_08,0.2747,0.0719,0.0621,0.0936,0.1223,0.0508,0.0314,0.2284,0.2747,0.0108,0.0539
CT010374,Zone_04,Zone_07,0.302,0.0386,0.06,0.134,0.1143,0.0433,0.046,0.302,0.2092,0.0095,0.0431
CT015633,Zone_03,Zone_07,0.2072,0.0874,0.1006,0.095,0.1662,0.0638,0.016,0.2072,0.1782,0.0135,0.0721
CT010171,Zone_07,Zone_07,0.2626,0.0675,0.0599,0.0695,0.147,0.0505,0.0482,0.2626,0.1892,0.0223,0.0832
CT013486,Zone_07,Zone_07,0.2645,0.0684,0.0977,0.0741,0.134,0.0374,0.0386,0.2645,0.1929,0.0168,0.0757
CT019924,Zone_08,Zone_08,0.2519,0.079,0.0712,0.0969,0.1241,0.0445,0.04,0.2131,0.2519,0.0055,0.0738
CT018401,Zone_07,Zone_07,0.2815,0.0685,0.0899,0.098,0.1165,0.023,0.0345,0.2815,0.2195,0.007,0.0617
CT010338,Zone_06,Zone_08,0.2827,0.0885,0.08,0.076,0.1352,0.045,0.0262,0.2094,0.2827,0.0173,0.0398
CT010145,Zone_07,Zone_07,0.3126,0.0497,0.0906,0.1143,0.1516,0.0327,0.0343,0.3126,0.1562,0.0143,0.0437
CT016887,Zone_07,Zone_07,0.3117,0.0669,0.0791,0.1074,0.1216,0.0394,0.0403,0.3117,0.1644,0.0095,0.0597
CT007392,Zone_02,Zone_07,0.2774,0.0629,0.0732,0.0762,0.1218,0.0625,0.0459,0.2774,0.1931,0.0087,0.0781
CT010780,Zone_08,Zone_07,0.242,0.0485,0.1121,0.1036,0.1114,0.0447,0.0689,0.242,0.1962,0.0223,0.0504
CT004097,Zone_07,Zone_07,0.2835,0.0579,0.0713,0.1209,0.1405,0.0378,0.0409,0.2835,0.176,0.0175,0.0538
CT009234,Zone_06,Zone_07,0.2727,0.0685,0.0889,0.0856,0.1138,0.037,0.0405,0.2727,0.2066,0.0225,0.064
CT015785,Zone_08,Zone_07,0.3751,0.044,0.0869,0.0729,0.1412,0.0381,0.0292,0.3751,0.1514,0.0103,0.051
CT003966,Zone_03,Zone_08,0.2769,0.0557,0.0505,0.0848,0.1601,0.0373,0.0427,0.2363,0.2769,0.0054,0.0502
CT010040,Zone_07,Zone_07,0.2831,0.0526,0.0858,0.1274,0.1023,0.0335,0.028,0.2831,0.2212,0.0163,0.0497
CT014419,Zone_08,Zone_07,0.2212,0.0793,0.1213,0.1119,0.1363,0.0415,0.0199,0.2212,0.1935,0.0123,0.063
CT005080,Zone_07,Zone_07,0.2788,0.0642,0.0803,0.1067,0.11,0.0253,0.0357,0.2788,0.2308,0.0106,0.0578
CT009522,Zone_08,Zone_07,0.2681,0.0576,0.0739,0.0973,0.1187,0.0482,0.0494,0.2681,0.2091,0.0191,0.0586
CT012067,Zone_03,Zone_07,0.2526,0.0675,0.0989,0.0887,0.1047,0.0341,0.0316,0.2526,0.2355,0.0208,0.0656
CT015529,Zone_07,Zone_07,0.333,0.0613,0.0749,0.0848,0.1165,0.0333,0.0398,0.333,0.1813,0.0144,0.0608
CT011378,Zone_04,Zone_08,0.2672,0.0518,0.0729,0.1255,0.1115,0.052,0.0333,0.212,0.2672,0.0117,0.0621
CT016808,Zone_02,Zone_08,0.2536,0.054,0.0615,0.0894,0.1245,0.0334,0.0558,0.2515,0.2536,0.0204,0.056
CT018155,Zone_08,Zone_07,0.3473,0.0392,0.0757,0.1261,0.1378,0.031,0.0581,0.3473,0.1383,0.01,0.0365
CT019041,Zone_07,Zone_07,0.3196,0.05,0.0684,0.1004,0.1279,0.0345,0.0424,0.3196,0.1982,0.0074,0.0513
CT006179,Zone_05,Zone_08,0.2945,0.0463,0.0685,0.1041,0.089,0.0465,0.051,0.2166,0.2945,0.0108,0.0727
CT004385,Zone_07,Zone_07,0.2857,0.0607,0.0849,0.0882,0.1228,0.0496,0.0347,0.2857,0.1894,0.0092,0.0748
CT011134,Zone_10,Zone_07,0.2507,0.0856,0.0808,0.078,0.1228,0.0453,0.0293,0.2507,0.2412,0.0137,0.0526
CT018654,Zone_04,Zone_07,0.3423,0.049,0.0773,0.0935,0.1337,0.018,0.0303,0.3423,0.1954,0.0097,0.0508
CT010405,Zone_01,Zone_08,0.3637,0.0491,0.051,0.0751,0.142,0.0338,0.0517,0.1902,0.3637,0.0049,0.0386
CT006953,Zone_03,Zone_08,0.2515,0.0673,0.092,0.1024,0.1186,0.0395,0.0377,0.2258,0.2515,0.0146,0.0505
CT013896,Zone_07,Zone_07,0.2566,0.042,0.0764,0.073,0.1599,0.0345,0.0408,0.2566,0.2544,0.0038,0.0587
CT012120,Zone_04,Zone_08,0.2536,0.0542,0.0727,0.0711,0.1424,0.0338,0.0602,0.2409,0.2536,0.0069,0.0643
CT018213,Zone_01,Zone_08,0.2562,0.0711,0.0608,0.0922,0.1243,0.0496,0.0431,0.2433,0.2562,0.0137,0.0458
CT012369,Zone_08,Zone_07,0.285,0.0606,0.1029,0.0959,0.0971,0.0274,0.0367,0.285,0.221,0.0124,0.0611
CT012986,Zone_07,Zone_07,0.2802,0.0631,0.0897,0.0778,0.1283,0.0312,0.0452,0.2802,0.2081,0.0243,0.0522
CT002103,Zone_07,Zone_07,0.2878,0.0346,0.0683,0.09,0.1518,0.0362,0.0597,0.2878,0.2059,0.0107,0.0551
CT014300,Zone_07,Zone_07,0.2802,0.0679,0.0835,0.0987,0.1094,0.0364,0.0462,0.2802,0.2124,0.0088,0.0563
CT003500,Zone_07,Zone_07,0.2989,0.0625,0.0723,0.0751,0.1685,0.0381,0.0299,0.2989,0.1969,0.0032,0.0546
CT011952,Zone_08,Zone_07,0.3166,0.0462,0.0781,0.0933,0.1105,0.036,0.0396,0.3166,0.2013,0.0106,0.0678
CT005836,Zone_03,Zone_08,0.2672,0.0608,0.0685,0.0847,0.1406,0.0487,0.0431,0.216,0.2672,0.0031,0.0672
CT014861,Zone_04,Zone_07,0.2752,0.049,0.1255,0.1223,0.1444,0.0368,0.0514,0.2752,0.1404,0.0187,0.0364
CT004984,Zone_03,Zone_08,0.2475,0.061,0.07,0.1218,0.1235,0.0328,0.0365,0.2414,0.2475,0.0099,0.0556
CT008618,Zone_08,Zone_07,0.2483,0.0657,0.0464,0.1054,0.1342,0.0445,0.0516,0.2483,0.2276,0.0164,0.0599
CT000751,Zone_04,Zone_07,0.2852,0.0667,0.0681,0.0957,0.121,0.0372,0.0295,0.2852,0.2239,0.0074,0.0653
CT018877,Zone_02,Zone_07,0.2467,0.0552,0.0928,0.0584,0.155,0.0482,0.0381,0.2467,0.2375,0.0047,0.0635
CT010720,Zone_07,Zone_08,0.2305,0.054,0.0967,0.1089,0.1364,0.0373,0.0317,0.2292,0.2305,0.028,0.0474
CT017128,Zone_07,Zone_07,0.3128,0.0565,0.0823,0.07,0.1385,0.0389,0.0433,0.3128,0.1913,0.0057,0.0608
CT002099,Zone_03,Zone_08,0.2536,0.0928,0.108,0.1197,0.072,0.0532,0.0233,0.1147,0.2536,0.0,0.1627
CT011570,Zone_07,Zone_07,0.2871,0.0394,0.0763,0.0965,0.1613,0.027,0.047,0.2871,0.2164,0.0125,0.0364
CT015195,Zone_07,Zone_07,0.2889,0.0799,0.072,0.0816,0.1376,0.0363,0.0336,0.2889,0.2042,0.0088,0.0571
CT015879,Zone_08,Zone_07,0.3178,0.0495,0.0678,0.082,0.1579,0.0413,0.0515,0.3178,0.1709,0.0112,0.0501
CT005914,Zone_04,Zone_08,0.2762,0.0643,0.0541,0.1187,0.1207,0.0504,0.0277,0.2229,0.2762,0.0088,0.0561
CT003795,Zone_07,Zone_07,0.3553,0.064,0.0665,0.0791,0.1348,0.0345,0.0358,0.3553,0.1508,0.025,0.0541
CT017331,Zone_05,Zone_07,0.2756,0.0495,0.0908,0.0678,0.1613,0.0332,0.0453,0.2756,0.2057,0.0141,0.0566
CT018856,Zone_08,Zone_07,0.2602,0.0583,0.0897,0.0849,0.1071,0.0436,0.0317,0.2602,0.2403,0.0208,0.0635
CT018202,Zone_04,Zone_07,0.3414,0.0667,0.0623,0.1029,0.1213,0.047,0.0322,0.3414,0.1679,0.0079,0.0504
CT000174,Zone_10,Zone_07,0.3278,0.0529,0.0907,0.0831,0.1354,0.0408,0.0387,0.3278,0.1666,0.0096,0.0546
CT001803,Zone_03,Zone_08,0.2532,0.0594,0.062,0.1154,0.0928,0.0407,0.0504,0.2442,0.2532,0.0222,0.0597
CT013328,Zone_04,Zone_07,0.331,0.0564,0.0535,0.095,0.1468,0.0254,0.0338,0.331,0.21,0.0078,0.0402
CT008666,Zone_08,Zone_07,0.2497,0.0648,0.0878,0.0931,0.1055,0.0395,0.0406,0.2497,0.2442,0.008,0.0669
CT014321,Zone_07,Zone_07,0.2816,0.0766,0.0697,0.0758,0.1374,0.0451,0.0453,0.2816,0.1995,0.0068,0.0622
CT003453,Zone_02,Zone_07,0.2883,0.0719,0.0911,0.077,0.1114,0.0452,0.0456,0.2883,0.1962,0.0177,0.0556
CT009696,Zone_05,Zone_08,0.2918,0.0794,0.0679,0.0879,0.1214,0.0328,0.0347,0.236,0.2918,0.0043,0.0437
CT016332,Zone_07,Zone_07,0.339,0.0445,0.0695,0.0956,0.1488,0.0186,0.0452,0.339,0.181,0.014,0.0437
CT016970,Zone_07,Zone_07,0.2475,0.0503,0.0863,0.1106,0.1164,0.0482,0.0598,0.2475,0.2141,0.0138,0.053
CT004309,Zone_10,Zone_07,0.2997,0.0414,0.0897,0.0757,0.1562,0.044,0.0463,0.2997,0.1825,0.016,0.0485
CT003767,Zone_07,Zone_07,0.3032,0.0713,0.0619,0.0892,0.138,0.0365,0.0258,0.3032,0.2075,0.0153,0.0512
CT002639,Zone_07,Zone_07,0.2881,0.0615,0.063,0.0842,0.1339,0.0507,0.0385,0.2881,0.1885,0.018,0.0736
CT006193,Zone_01,Zone_07,0.2839,0.0761,0.0817,0.0863,0.1324,0.0401,0.0421,0.2839,0.199,0.0103,0.0481
CT012296,Zone_07,Zone_07,0.2383,0.0821,0.0563,0.0842,0.1218,0.0425,0.0665,0.2383,0.2337,0.012,0.0625
CT007395,Zone_06,Zone_07,0.2466,0.062,0.0963,0.1036,0.1458,0.0388,0.0664,0.2466,0.1856,0.0114,0.0435
CT010778,Zone_08,Zone_08,0.2575,0.0626,0.0831,0.0799,0.1237,0.0541,0.0405,0.213,0.2575,0.0218,0.0638
CT006578,Zone_07,Zone_07,0.2411,0.0685,0.0987,0.0721,0.1661,0.0354,0.0302,0.2411,0.2144,0.0037,0.0699
CT019074,Zone_09,Zone_07,0.2567,0.0654,0.0799,0.1169,0.1434,0.0404,0.0368,0.2567,0.1962,0.0078,0.0565
CT015095,Zone_07,Zone_07,0.2774,0.0611,0.1001,0.0918,0.0998,0.0378,0.0294,0.2774,0.2171,0.011,0.0744
CT017221,Zone_07,Zone_07,0.2891,0.0498,0.093,0.0852,0.1332,0.0395,0.0495,0.2891,0.1886,0.0236,0.0485
CT005042,Zone_03,Zone_07,0.2771,0.0659,0.0836,0.0841,0.1157,0.0415,0.0514,0.2771,0.2041,0.0082,0.0682
CT009781,Zone_01,Zone_08,0.2794,0.0455,0.076,0.0828,0.1298,0.0339,0.053,0.2308,0.2794,0.0072,0.0615
CT002504,Zone_07,Zone_07,0.2862,0.0401,0.0861,0.0783,0.1449,0.0309,0.05,0.2862,0.2126,0.0066,0.0644
CT006335,Zone_07,Zone_08,0.2796,0.0562,0.0836,0.1026,0.1149,0.0408,0.0459,0.2044,0.2796,0.0167,0.055
CT016667,Zone_07,Zone_07,0.3419,0.0532,0.0988,0.0933,0.154,0.0389,0.0366,0.3419,0.1241,0.0096,0.0496
CT018425,Zone_07,Zone_07,0.2477,0.0601,0.0718,0.1098,0.1329,0.0442,0.0456,0.2477,0.2127,0.0151,0.0602
CT005892,Zone_07,Zone_07,0.281,0.0646,0.1094,0.0765,0.1164,0.0531,0.0492,0.281,0.1717,0.0145,0.0637
CT015586,Zone_08,Zone_07,0.3455,0.0531,0.0441,0.1069,0.1586,0.0167,0.0241,0.3455,0.2017,0.0106,0.0388
CT012258,Zone_02,Zone_08,0.302,0.0567,0.0569,0.1017,0.1069,0.0476,0.0382,0.2274,0.302,0.0084,0.0542
CT013842,Zone_07,Zone_08,0.2691,0.05,0.066,0.1263,0.1073,0.0354,0.0588,0.2272,0.2691,0.0074,0.0525
CT002692,Zone_05,Zone_08,0.2639,0.0447,0.0782,0.066,0.1454,0.0425,0.0502,0.2365,0.2639,0.0058,0.067
CT009460,Zone_10,Zone_07,0.2422,0.0772,0.0656,0.0952,0.1215,0.0383,0.0521,0.2422,0.2359,0.0082,0.0639
CT000065,Zone_07,Zone_07,0.304,0.0626,0.0963,0.0913,0.1463,0.0264,0.035,0.304,0.1734,0.014,0.0508
CT000084,Zone_03,Zone_07,0.2534,0.0458,0.0895,0.0978,0.1201,0.046,0.0529,0.2534,0.2065,0.0111,0.0768
CT015701,Zone_06,Zone_08,0.278,0.0725,0.0661,0.0908,0.1382,0.0295,0.0427,0.2127,0.278,0.0112,0.0583
CT015254,Zone_04,Zone_07,0.2511,0.0615,0.0994,0.0723,0.1358,0.0658,0.0433,0.2511,0.1882,0.013,0.0696
CT017290,Zone_07,Zone_08,0.2603,0.0763,0.0732,0.0972,0.1076,0.0443,0.0356,0.2188,0.2603,0.0199,0.0667
CT015986,Zone_03,Zone_07,0.3,0.0568,0.0736,0.0861,0.1359,0.0423,0.047,0.3,0.1962,0.0148,0.0474
CT015971,Zone_04,Zone_07,0.3147,0.0528,0.0728,0.0673,0.1528,0.0362,0.0362,0.3147,0.2124,0.0081,0.0465
CT002144,Zone_07,Zone_07,0.2775,0.0792,0.0757,0.0691,0.1562,0.0568,0.0288,0.2775,0.1803,0.0134,0.0629
CT011515,Zone_04,Zone_07,0.3395,0.0667,0.0496,0.0958,0.1275,0.0327,0.0278,0.3395,0.196,0.0091,0.0554
CT003208,Zone_02,Zone_07,0.2828,0.0617,0.0873,0.0883,0.1035,0.0418,0.0439,0.2828,0.2329,0.0099,0.0479
CT004411,Zone_05,Zone_07,0.2905,0.0657,0.1017,0.0718,0.1168,0.0452,0.0248,0.2905,0.196,0.0099,0.0776
CT017584,Zone_04,Zone_07,0.2808,0.0763,0.0705,0.0925,0.1355,0.0485,0.0384,0.2808,0.2018,0.0129,0.0429
CT007858,Zone_04,Zone_07,0.2581,0.0711,0.0531,0.0967,0.1063,0.0401,0.0543,0.2581,0.2254,0.0023,0.0926
CT018243,Zone_08,Zone_08,0.2832,0.0387,0.0813,0.096,0.1575,0.027,0.0395,0.2253,0.2832,0.0092,0.0422
CT000069,Zone_02,Zone_07,0.3162,0.0698,0.0813,0.0859,0.1145,0.0378,0.0337,0.3162,0.192,0.0097,0.059
CT017488,Zone_04,Zone_07,0.2716,0.0491,0.0856,0.0695,0.1676,0.0396,0.0546,0.2716,0.2037,0.0144,0.0443
CT010642,Zone_07,Zone_07,0.2756,0.0657,0.0863,0.0948,0.1481,0.0363,0.0349,0.2756,0.2046,0.0179,0.0358
CT002476,Zone_02,Zone_08,0.261,0.0647,0.0809,0.0805,0.1064,0.0331,0.0606,0.2409,0.261,0.0077,0.0642
CT009149,Zone_05,Zone_07,0.2996,0.0695,0.0778,0.082,0.1234,0.032,0.0431,0.2996,0.1963,0.0131,0.0633
CT017686,Zone_08,Zone_07,0.2763,0.071,0.0736,0.0869,0.1441,0.0379,0.0304,0.2763,0.2159,0.0265,0.0374
CT014973,Zone_08,Zone_08,0.2448,0.066,0.0816,0.1022,0.1262,0.0346,0.0458,0.2401,0.2448,0.0065,0.0522
CT010933,Zone_07,Zone_07,0.2546,0.0673,0.0879,0.0801,0.1342,0.0456,0.0266,0.2546,0.2072,0.0146,0.0819
CT018777,Zone_03,Zone_07,0.2614,0.0587,0.0736,0.0883,0.1139,0.0456,0.0444,0.2614,0.2349,0.0121,0.0671
CT007095,Zone_08,Zone_08,0.2938,0.0579,0.0388,0.1282,0.127,0.0317,0.0406,0.2251,0.2938,0.0097,0.0472
CT013522,Zone_07,Zone_07,0.255,0.0665,0.0858,0.0765,0.1133,0.0504,0.0534,0.255,0.2178,0.0117,0.0696
CT013427,Zone_10,Zone_07,0.311,0.0729,0.1001,0.0916,0.1372,0.0346,0.0212,0.311,0.1617,0.0178,0.0518
CT015959,Zone_04,Zone_08,0.2378,0.0744,0.0911,0.0701,0.1367,0.0501,0.0569,0.2238,0.2378,0.008,0.0511
CT005599,Zone_07,Zone_08,0.3301,0.0439,0.0519,0.0834,0.1435,0.0462,0.0367,0.2072,0.3301,0.0057,0.0515
CT002880,Zone_02,Zone_07,0.3388,0.0514,0.0516,0.111,0.1291,0.0328,0.0439,0.3388,0.183,0.014,0.0445
CT002520,Zone_01,Zone_07,0.2854,0.0555,0.0721,0.0924,0.1107,0.0369,0.0512,0.2854,0.2208,0.0093,0.0656
CT005807,Zone_07,Zone_07,0.2967,0.054,0.0776,0.0932,0.11,0.0411,0.056,0.2967,0.1966,0.0104,0.0643
CT017485,Zone_06,Zone_07,0.304,0.0851,0.0692,0.0666,0.1479,0.039,0.0268,0.304,0.2034,0.0086,0.0493
CT008240,Zone_05,Zone_08,0.2888,0.0631,0.0633,0.1048,0.1072,0.0476,0.0461,0.2026,0.2888,0.0058,0.0706
CT006929,Zone_04,Zone_07,0.3132,0.0466,0.0605,0.0927,0.1286,0.0439,0.0348,0.3132,0.2071,0.0066,0.0661
CT002796,Zone_07,Zone_07,0.3141,0.0572,0.0852,0.1143,0.1201,0.0264,0.0308,0.3141,0.1935,0.0109,0.0473
CT003772,Zone_10,Zone_07,0.2755,0.0779,0.0802,0.0961,0.132,0.0475,0.0517,0.2755,0.1729,0.0045,0.0617
CT003708,Zone_08,Zone_07,0.2598,0.0701,0.0803,0.0699,0.1217,0.0589,0.0489,0.2598,0.2116,0.0163,0.0624
CT000116,Zone_07,Zone_07,0.2516,0.074,0.0614,0.0847,0.1164,0.0505,0.0553,0.2516,0.2323,0.0094,0.0642
CT016609,Zone_02,Zone_07,0.3332,0.0569,0.0579,0.09,0.1397,0.0211,0.0422,0.3332,0.1964,0.0107,0.0519
CT016481,Zone_07,Zone_08,0.2723,0.0574,0.0976,0.0917,0.1055,0.0314,0.0451,0.2196,0.2723,0.0333,0.0461
CT001780,Zone_08,Zone_07,0.3028,0.0521,0.0771,0.0847,0.1226,0.0326,0.0609,0.3028,0.191,0.0221,0.054
CT007346,Zone_07,Zone_08,0.2941,0.0525,0.079,0.0954,0.0915,0.0424,0.0526,0.2129,0.2941,0.0175,0.062
CT002500,Zone_08,Zone_07,0.295,0.0499,0.0592,0.1101,0.1128,0.0297,0.0542,0.295,0.2101,0.0258,0.0533
CT009366,Zone_04,Zone_07,0.2898,0.0829,0.092,0.08,0.1294,0.0421,0.0351,0.2898,0.1725,0.0166,0.0596
CT017131,Zone_10,Zone_08,0.2696,0.0478,0.0819,0.0864,0.1494,0.0353,0.0492,0.2128,0.2696,0.0054,0.0622
CT017628,Zone_06,Zone_07,0.3143,0.0374,0.0698,0.1269,0.1661,0.0197,0.0281,0.3143,0.1893,0.0121,0.0362
CT018105,Zone_01,Zone_07,0.3271,0.061,0.0639,0.0745,0.1764,0.03,0.0239,0.3271,0.1847,0.0111,0.0475
CT003103,Zone_10,Zone_07,0.2442,0.0716,0.0913,0.0863,0.1038,0.0391,0.0421,0.2442,0.2433,0.0131,0.0652
CT003293,Zone_07,Zone_08,0.2549,0.0677,0.0707,0.0947,0.1178,0.0367,0.0459,0.22,0.2549,0.0255,0.0661
CT012046,Zone_07,Zone_08,0.2702,0.06,0.0745,0.1036,0.1052,0.0348,0.0412,0.2433,0.2702,0.0082,0.059
CT014162,Zone_08,Zone_07,0.3089,0.0634,0.0845,0.0961,0.1227,0.0364,0.0472,0.3089,0.1754,0.0116,0.0539
CT015927,Zone_07,Zone_07,0.2521,0.062,0.0959,0.0932,0.116,0.0361,0.0616,0.2521,0.2069,0.0194,0.0568
CT012893,Zone_04,Zone_07,0.2776,0.0549,0.0883,0.1029,0.1371,0.0497,0.0398,0.2776,0.1771,0.0119,0.0607
CT011520,Zone_07,Zone_07,0.2918,0.0588,0.0675,0.118,0.1276,0.0405,0.0249,0.2918,0.2066,0.0078,0.0564
CT017752,Zone_04,Zone_08,0.3062,0.0553,0.0925,0.069,0.1417,0.0369,0.0402,0.1983,0.3062,0.0046,0.0553
CT000775,Zone_02,Zone_08,0.2634,0.0659,0.0895,0.0802,0.098,0.0434,0.0492,0.2277,0.2634,0.0173,0.0655
CT014906,Zone_08,Zone_08,0.2579,0.077,0.1054,0.0744,0.1044,0.0387,0.0378,0.238,0.2579,0.0118,0.0545
CT002820,Zone_06,Zone_07,0.2864,0.0808,0.0721,0.0723,0.1344,0.0361,0.0319,0.2864,0.2195,0.0107,0.0558
CT002726,Zone_07,Zone_07,0.2578,0.0689,0.0738,0.0786,0.1287,0.0371,0.0445,0.2578,0.2352,0.0095,0.066
CT008661,Zone_04,Zone_07,0.2992,0.0553,0.0694,0.0661,0.1596,0.0589,0.0373,0.2992,0.1778,0.0089,0.0675
CT003178,Zone_05,Zone_07,0.3003,0.0544,0.0781,0.081,0.1293,0.0497,0.0406,0.3003,0.1899,0.013,0.0636
CT004552,Zone_08,Zone_07,0.288,0.0562,0.0784,0.1022,0.1303,0.038,0.0472,0.288,0.2054,0.0111,0.0432
CT014014,Zone_10,Zone_08,0.2619,0.0983,0.0779,0.0776,0.1232,0.0468,0.0412,0.2102,0.2619,0.0058,0.0572
CT014528,Zone_07,Zone_07,0.3418,0.0443,0.0829,0.0799,0.1307,0.0312,0.0543,0.3418,0.1612,0.012,0.0617
CT019865,Zone_07,Zone_07,0.2597,0.0902,0.0712,0.0821,0.1621,0.0474,0.0243,0.2597,0.1999,0.0081,0.055
CT009880,Zone_04,Zone_07,0.2673,0.051,0.0753,0.0922,0.1218,0.0437,0.0535,0.2673,0.2279,0.0099,0.0574
CT017678,Zone_08,Zone_07,0.2689,0.0724,0.0941,0.0919,0.1168,0.0331,0.0271,0.2689,0.2097,0.0127,0.0733
CT000593,Zone_04,Zone_08,0.2392,0.0456,0.0858,0.1324,0.1352,0.0258,0.0464,0.2334,0.2392,0.0069,0.0492
CT006067,Zone_08,Zone_07,0.3043,0.0577,0.1057,0.0956,0.1221,0.0436,0.0443,0.3043,0.1573,0.0118,0.0575
CT013672,Zone_06,Zone_07,0.3542,0.0565,0.0842,0.1013,0.1065,0.0331,0.0281,0.3542,0.1651,0.0144,0.0565
CT000628,Zone_03,Zone_07,0.3846,0.0498,0.0789,0.0855,0.1308,0.0151,0.0257,0.3846,0.1745,0.0073,0.0478
CT012328,Zone_03,Zone_07,0.3134,0.0697,0.0911,0.0841,0.1279,0.0327,0.0283,0.3134,0.1672,0.0103,0.0753
CT018906,Zone_07,Zone_07,0.2659,0.0722,0.0624,0.108,0.1492,0.0428,0.0251,0.2659,0.2032,0.0123,0.0589
CT008368,Zone_07,Zone_07,0.3453,0.0661,0.0954,0.0841,0.1182,0.0331,0.0278,0.3453,0.1547,0.0141,0.0612
CT015312,Zone_07,Zone_08,0.2565,0.0626,0.0751,0.1159,0.1277,0.0361,0.0358,0.2281,0.2565,0.0079,0.0544
CT018573,Zone_08,Zone_07,0.2576,0.058,0.0898,0.0784,0.108,0.0431,0.0357,0.2576,0.2401,0.0208,0.0685
CT012840,Zone_09,Zone_08,0.2899,0.055,0.0695,0.0732,0.1594,0.0383,0.0407,0.2231,0.2899,0.0038,0.0471
CT011848,Zone_07,Zone_07,0.2538,0.0517,0.1117,0.0688,0.1523,0.0355,0.0505,0.2538,0.2059,0.0093,0.0605
CT019009,Zone_02,Zone_08,0.2317,0.0582,0.0994,0.0785,0.111,0.0642,0.0486,0.2233,0.2317,0.0105,0.0747
CT006471,Zone_08,Zone_07,0.2681,0.0757,0.0494,0.094,0.1408,0.0328,0.0417,0.2681,0.2322,0.0161,0.0493
CT012538,Zone_07,Zone_08,0.2445,0.0352,0.092,0.1093,0.1558,0.0297,0.0448,0.2353,0.2445,0.0041,0.0492
CT001095,Zone_07,Zone_07,0.296,0.0722,0.1056,0.0788,0.1342,0.0366,0.0198,0.296,0.1736,0.0071,0.0761
CT002974,Zone_10,Zone_07,0.2794,0.055,0.0909,0.1158,0.1155,0.0385,0.048,0.2794,0.1911,0.0143,0.0515
CT001590,Zone_03,Zone_07,0.265,0.0618,0.095,0.0817,0.1153,0.0255,0.0493,0.265,0.2264,0.0091,0.0708
CT017901,Zone_08,Zone_07,0.2655,0.0642,0.0783,0.0975,0.1493,0.0425,0.0442,0.2655,0.1941,0.0156,0.0487
CT015138,Zone_04,Zone_07,0.248,0.0579,0.0744,0.1067,0.103,0.0504,0.0455,0.248,0.2366,0.0143,0.0631
CT001579,Zone_09,Zone_08,0.2517,0.064,0.0826,0.0984,0.1111,0.0414,0.0396,0.2321,0.2517,0.0094,0.0697
CT012299,Zone_01,Zone_07,0.2696,0.058,0.0842,0.1095,0.1285,0.0295,0.0363,0.2696,0.2162,0.0099,0.0583
CT018126,Zone_07,Zone_07,0.3453,0.0569,0.0508,0.0842,0.1461,0.0439,0.0284,0.3453,0.1848,0.0047,0.055
CT004586,Zone_07,Zone_07,0.3433,0.0471,0.0682,0.1029,0.1279,0.0202,0.031,0.3433,0.1905,0.0091,0.0597
CT012399,Zone_03,Zone_07,0.3595,0.0496,0.0723,0.0643,0.1492,0.0386,0.0248,0.3595,0.1692,0.0081,0.0644
CT017733,Zone_07,Zone_07,0.2894,0.0646,0.1017,0.0989,0.1136,0.0443,0.0328,0.2894,0.1772,0.0105,0.0669
CT003950,Zone_04,Zone_07,0.2923,0.065,0.0933,0.1064,0.1112,0.0375,0.0383,0.2923,0.1823,0.0054,0.0682
CT002028,Zone_05,Zone_07,0.2735,0.0686,0.0953,0.0694,0.1213,0.0557,0.0371,0.2735,0.1949,0.0159,0.0683
CT008844,Zone_07,Zone_07,0.3031,0.0672,0.0522,0.0955,0.1286,0.0416,0.0311,0.3031,0.2095,0.0103,0.061
CT011440,Zone_07,Zone_07,0.2862,0.0549,0.0553,0.0864,0.1628,0.0432,0.0329,0.2862,0.2269,0.0062,0.0453
CT018586,Zone_04,Zone_08,0.3096,0.069,0.0845,0.0872,0.1243,0.032,0.0522,0.191,0.3096,0.008,0.0424
CT017908,Zone_07,Zone_07,0.291,0.058,0.053,0.1154,0.1198,0.0337,0.0441,0.291,0.206,0.0136,0.0654
CT003604,Zone_01,Zone_07,0.2767,0.0704,0.0623,0.0845,0.1276,0.0524,0.0461,0.2767,0.2064,0.0077,0.0659
CT003625,Zone_07,Zone_07,0.3639,0.0707,0.0747,0.0792,0.1146,0.0372,0.0261,0.3639,0.163,0.0109,0.0597
CT010584,Zone_08,Zone_08,0.2726,0.0728,0.0677,0.0901,0.1075,0.0527,0.0463,0.2091,0.2726,0.0066,0.0746
CT006932,Zone_08,Zone_08,0.2322,0.0456,0.1235,0.0582,0.1693,0.0415,0.0463,0.2182,0.2322,0.0106,0.0545
CT013662,Zone_07,Zone_07,0.2584,0.0529,0.0708,0.0853,0.1183,0.0619,0.0477,0.2584,0.2253,0.0103,0.069
CT006098,Zone_07,Zone_07,0.2691,0.0689,0.0776,0.1007,0.1238,0.0437,0.0412,0.2691,0.1994,0.0106,0.065
CT014681,Zone_07,Zone_07,0.2418,0.0483,0.0982,0.1041,0.1425,0.033,0.0534,0.2418,0.2098,0.0102,0.0584
CT018190,Zone_07,Zone_07,0.3607,0.0652,0.0561,0.0973,0.1301,0.0318,0.0304,0.3607,0.1697,0.0086,0.0502
CT005035,Zone_08,Zone_07,0.2434,0.0616,0.0814,0.1006,0.1336,0.0378,0.0681,0.2434,0.2027,0.0223,0.0485
CT019771,Zone_01,Zone_07,0.2447,0.0655,0.0936,0.0874,0.1551,0.038,0.0373,0.2447,0.196,0.0211,0.0612
CT019090,Zone_08,Zone_07,0.2565,0.0463,0.0842,0.0795,0.1703,0.0315,0.0428,0.2565,0.2318,0.0031,0.0539
CT005830,Zone_07,Zone_08,0.2702,0.0302,0.08,0.1076,0.1412,0.0356,0.0462,0.2285,0.2702,0.005,0.0556
CT011389,Zone_03,Zone_07,0.3294,0.0545,0.0981,0.1073,0.1379,0.0274,0.0364,0.3294,0.152,0.0103,0.0468
CT000583,Zone_03,Zone_08,0.2606,0.0583,0.0526,0.1021,0.1334,0.0304,0.0474,0.2508,0.2606,0.0273,0.037
CT007102,Zone_04,Zone_08,0.235,0.0612,0.0803,0.1074,0.1317,0.0394,0.0493,0.2333,0.235,0.0149,0.0476
CT000875,Zone_08,Zone_07,0.2794,0.0751,0.0776,0.0879,0.1388,0.0265,0.0368,0.2794,0.2146,0.0073,0.0561
CT017825,Zone_07,Zone_07,0.2521,0.063,0.0829,0.1091,0.128,0.0284,0.0365,0.2521,0.2174,0.0265,0.0561
CT011193,Zone_08,Zone_07,0.2863,0.0894,0.0785,0.0881,0.1271,0.0328,0.0242,0.2863,0.2009,0.0071,0.0656
CT010125,Zone_03,Zone_07,0.3,0.056,0.0722,0.0866,0.1447,0.0434,0.0399,0.3,0.1858,0.007,0.0645
CT010806,Zone_08,Zone_08,0.258,0.0654,0.0667,0.0983,0.1135,0.0397,0.0457,0.217,0.258,0.0273,0.0683
CT019297,Zone_04,Zone_08,0.2601,0.0518,0.0854,0.0682,0.153,0.035,0.0503,0.2148,0.2601,0.0073,0.0742
CT016466,Zone_07,Zone_07,0.3181,0.0689,0.0703,0.0852,0.1288,0.0492,0.0285,0.3181,0.1777,0.0068,0.0664
CT019842,Zone_09,Zone_07,0.3231,0.0601,0.1019,0.0865,0.1288,0.0334,0.0337,0.3231,0.1679,0.0119,0.0526
CT014109,Zone_05,Zone_07,0.3174,0.0597,0.0822,0.0888,0.1469,0.0305,0.0483,0.3174,0.1733,0.0141,0.0388
CT002064,Zone_03,Zone_07,0.2815,0.0749,0.0694,0.0767,0.1359,0.045,0.0463,0.2815,0.2021,0.0069,0.0613
CT001577,Zone_07,Zone_08,0.2656,0.0573,0.0895,0.085,0.117,0.0243,0.0581,0.237,0.2656,0.0126,0.0537
CT010247,Zone_02,Zone_08,0.2555,0.0517,0.0799,0.1164,0.1037,0.0389,0.0643,0.2201,0.2555,0.0111,0.0585
CT001395,Zone_07,Zone_07,0.2789,0.0709,0.0792,0.0816,0.1265,0.0407,0.0443,0.2789,0.1986,0.0139,0.0654
CT007481,Zone_07,Zone_07,0.2896,0.0519,0.0721,0.0908,0.1532,0.0447,0.041,0.2896,0.1972,0.0084,0.0511
CT007513,Zone_02,Zone_07,0.3125,0.0464,0.0976,0.0715,0.1445,0.0435,0.0387,0.3125,0.179,0.0104,0.0559
CT012740,Zone_07,Zone_07,0.3116,0.038,0.0858,0.1095,0.1004,0.0396,0.0577,0.3116,0.1874,0.0101,0.0598
CT007576,Zone_10,Zone_08,0.2781,0.0682,0.0698,0.091,0.1173,0.0446,0.0413,0.2233,0.2781,0.0158,0.0507
CT013547,Zone_10,Zone_08,0.2741,0.0682,0.0608,0.0882,0.1369,0.0385,0.0493,0.2182,0.2741,0.0096,0.0562
CT017510,Zone_03,Zone_08,0.2707,0.061,0.0706,0.0985,0.116,0.0384,0.0523,0.2142,0.2707,0.0129,0.0652
CT000396,Zone_08,Zone_07,0.3052,0.0562,0.0601,0.0813,0.152,0.0222,0.0471,0.3052,0.2059,0.0156,0.0544
CT016624,Zone_07,Zone_07,0.3285,0.055,0.0644,0.0808,0.1555,0.0212,0.0319,0.3285,0.207,0.0116,0.0441
CT017554,Zone_08,Zone_07,0.3214,0.0481,0.093,0.0897,0.1626,0.0215,0.0302,0.3214,0.1763,0.0122,0.045
CT013442,Zone_03,Zone_07,0.296,0.0522,0.0819,0.0799,0.1714,0.0243,0.0351,0.296,0.202,0.0182,0.039
CT017893,Zone_10,Zone_07,0.2706,0.073,0.0808,0.0876,0.1155,0.0412,0.0376,0.2706,0.209,0.0162,0.0684
CT017003,Zone_01,Zone_07,0.3355,0.0581,0.0824,0.0755,0.1447,0.0332,0.0293,0.3355,0.1677,0.009,0.0647
CT007942,Zone_05,Zone_07,0.3224,0.0717,0.0852,0.0836,0.1233,0.0306,0.0302,0.3224,0.1734,0.0145,0.0652
CT000094,Zone_05,Zone_07,0.2598,0.048,0.0878,0.1059,0.1159,0.0374,0.0514,0.2598,0.2177,0.0157,0.0604
CT018687,Zone_03,Zone_07,0.277,0.0734,0.0529,0.0866,0.1463,0.0423,0.0483,0.277,0.2012,0.0132,0.0589
CT009004,Zone_02,Zone_08,0.2449,0.053,0.0596,0.1175,0.1227,0.036,0.061,0.238,0.2449,0.019,0.0482
CT015361,Zone_07,Zone_07,0.2879,0.0653,0.0894,0.1402,0.1093,0.0272,0.0336,0.2879,0.2139,0.0042,0.029
CT002367,Zone_04,Zone_07,0.226,0.0704,0.1258,0.1285,0.1482,0.0361,0.0218,0.226,0.1813,0.0083,0.0535
CT019100,Zone_04,Zone_07,0.3066,0.073,0.0815,0.0963,0.1255,0.0297,0.0263,0.3066,0.1976,0.0066,0.0569
CT013555,Zone_06,Zone_07,0.3176,0.0649,0.0483,0.1013,0.1297,0.0399,0.0428,0.3176,0.1978,0.0128,0.0448
CT003269,Zone_10,Zone_07,0.3299,0.0647,0.0622,0.0927,0.1414,0.0276,0.0282,0.3299,0.1971,0.0118,0.0446
CT010548,Zone_05,Zone_07,0.2621,0.0492,0.0973,0.1133,0.1084,0.0363,0.0404,0.2621,0.2255,0.01,0.0576
CT003165,Zone_08,Zone_07,0.2515,0.0698,0.0842,0.0818,0.1259,0.0494,0.0469,0.2515,0.2045,0.0118,0.0742
CT019387,Zone_08,Zone_07,0.2649,0.0609,0.0947,0.1012,0.1278,0.0397,0.0544,0.2649,0.1871,0.0111,0.0584
CT010045,Zone_04,Zone_07,0.2648,0.0677,0.0628,0.0925,0.1167,0.0499,0.0496,0.2648,0.2313,0.0105,0.0542
CT010741,Zone_10,Zone_08,0.254,0.0623,0.0604,0.0917,0.1155,0.0531,0.0638,0.2195,0.254,0.007,0.0727
CT013186,Zone_04,Zone_07,0.2557,0.078,0.061,0.0956,0.1305,0.0474,0.0364,0.2557,0.2368,0.0122,0.0464
CT004217,Zone_08,Zone_07,0.2977,0.0638,0.0879,0.076,0.1166,0.0335,0.0406,0.2977,0.2004,0.0191,0.0644
CT010096,Zone_07,Zone_07,0.3177,0.0616,0.0874,0.0898,0.1274,0.0416,0.0406,0.3177,0.162,0.015,0.057
CT008923,Zone_02,Zone_07,0.3067,0.0741,0.0811,0.0849,0.1207,0.0357,0.0402,0.3067,0.1873,0.0092,0.0602
CT005858,Zone_07,Zone_08,0.2698,0.0634,0.0565,0.1032,0.1061,0.058,0.065,0.203,0.2698,0.0125,0.0625
CT005454,Zone_01,Zone_07,0.3196,0.0668,0.0981,0.0718,0.1216,0.0374,0.0338,0.3196,0.1634,0.0144,0.073
CT003412,Zone_03,Zone_07,0.2775,0.0751,0.0757,0.0831,0.1308,0.0294,0.0299,0.2775,0.2349,0.009,0.0546
CT012001,Zone_07,Zone_07,0.2528,0.0634,0.077,0.0858,0.1183,0.0356,0.0711,0.2528,0.2031,0.0287,0.064
CT008540,Zone_04,Zone_07,0.2745,0.0581,0.072,0.0942,0.1266,0.0303,0.0542,0.2745,0.2115,0.0237,0.0546
CT006682,Zone_07,Zone_07,0.2611,0.0708,0.0795,0.0691,0.1282,0.0511,0.0368,0.2611,0.2367,0.0072,0.0595
CT001174,Zone_07,Zone_07,0.3436,0.0494,0.1053,0.0848,0.1282,0.0363,0.0451,0.3436,0.1386,0.0165,0.0522
CT003855,Zone_08,Zone_07,0.2342,0.0529,0.0823,0.1254,0.1239,0.0412,0.0583,0.2342,0.2096,0.0218,0.0503
CT015098,Zone_07,Zone_08,0.2413,0.0515,0.0684,0.0907,0.1745,0.0254,0.0489,0.2379,0.2413,0.0066,0.0549
CT005385,Zone_04,Zone_08,0.2495,0.0538,0.0842,0.0825,0.1372,0.0383,0.048,0.2394,0.2495,0.0046,0.0626
CT000577,Zone_06,Zone_07,0.2803,0.0614,0.0728,0.0993,0.1129,0.0395,0.043,0.2803,0.2105,0.0109,0.0693
CT016294,Zone_08,Zone_07,0.3595,0.0612,0.0891,0.0902,0.1066,0.0283,0.0271,0.3595,0.1693,0.0096,0.059
CT001087,Zone_07,Zone_08,0.2627,0.0627,0.0774,0.1013,0.1091,0.0335,0.0403,0.2462,0.2627,0.0077,0.0591
CT012219,Zone_10,Zone_07,0.2635,0.0603,0.08,0.115,0.1318,0.0334,0.0376,0.2635,0.1963,0.0136,0.0684
CT008200,Zone_01,Zone_07,0.2591,0.0519,0.0873,0.1063,0.112,0.0302,0.0488,0.2591,0.2345,0.0073,0.0626
CT002294,Zone_04,Zone_07,0.309,0.063,0.0561,0.0849,0.1265,0.0353,0.0445,0.309,0.2112,0.0099,0.0597
CT015960,Zone_03,Zone_08,0.2804,0.0507,0.0736,0.0789,0.1478,0.0461,0.0562,0.1946,0.2804,0.0046,0.0669
CT005302,Zone_08,Zone_08,0.2459,0.0623,0.0958,0.09,0.1152,0.0382,0.0314,0.2384,0.2459,0.0189,0.0638
CT001611,Zone_04,Zone_07,0.2842,0.0627,0.0764,0.0819,0.1169,0.0486,0.0489,0.2842,0.2079,0.0092,0.0632
CT019579,Zone_02,Zone_07,0.2859,0.0708,0.0467,0.1116,0.1225,0.0279,0.0444,0.2859,0.2349,0.0063,0.0489
CT015053,Zone_07,Zone_08,0.2697,0.061,0.058,0.1016,0.1065,0.0475,0.0653,0.2181,0.2697,0.0081,0.0642
CT019384,Zone_07,Zone_07,0.2797,0.0802,0.0634,0.0844,0.144,0.0433,0.0374,0.2797,0.194,0.0098,0.0638
CT008977,Zone_02,Zone_07,0.2999,0.0454,0.0532,0.1236,0.0997,0.0407,0.0646,0.2999,0.1989,0.0164,0.0576
CT010529,Zone_03,Zone_07,0.3231,0.0794,0.0741,0.096,0.1274,0.0463,0.0434,0.3231,0.1485,0.0069,0.0549
CT000527,Zone_10,Zone_07,0.3699,0.0536,0.0745,0.0941,0.1135,0.0306,0.04,0.3699,0.1693,0.0084,0.0461
CT019465,Zone_03,Zone_08,0.239,0.0795,0.0892,0.0772,0.1206,0.0458,0.0464,0.2336,0.239,0.009,0.0597
CT009630,Zone_07,Zone_07,0.275,0.0475,0.0642,0.1255,0.1287,0.0446,0.0406,0.275,0.2045,0.0159,0.0535
CT018067,Zone_01,Zone_07,0.2809,0.0666,0.0631,0.0919,0.1113,0.0309,0.0514,0.2809,0.2422,0.0098,0.0518
CT003991,Zone_10,Zone_08,0.26,0.0577,0.0589,0.0661,0.1608,0.0365,0.0572,0.2411,0.26,0.0061,0.0557
CT005255,Zone_07,Zone_08,0.2581,0.0638,0.0596,0.0981,0.1152,0.0557,0.0596,0.216,0.2581,0.0088,0.065
CT010851,Zone_08,Zone_07,0.2658,0.0476,0.1124,0.0845,0.1557,0.0308,0.0356,0.2658,0.2104,0.0046,0.0525
CT014247,Zone_08,Zone_07,0.2673,0.0598,0.1076,0.0802,0.1392,0.0417,0.0363,0.2673,0.1813,0.0101,0.0766
CT010021,Zone_03,Zone_07,0.2514,0.065,0.0744,0.086,0.1084,0.0387,0.0332,0.2514,0.2505,0.0137,0.0787
CT019480,Zone_08,Zone_07,0.2768,0.0651,0.0846,0.0977,0.1545,0.0326,0.0264,0.2768,0.1862,0.0151,0.0609
CT017316,Zone_06,Zone_08,0.2304,0.0793,0.0857,0.1219,0.1789,0.0467,0.0182,0.1774,0.2304,0.0215,0.04
CT012112,Zone_08,Zone_07,0.3428,0.0536,0.0929,0.0671,0.1354,0.032,0.0377,0.3428,0.1694,0.0083,0.0609
CT007288,Zone_03,Zone_08,0.2871,0.0715,0.0799,0.0733,0.1191,0.0415,0.0485,0.2189,0.2871,0.0061,0.0542
CT006819,Zone_03,Zone_07,0.32,0.0714,0.0794,0.0835,0.1318,0.0366,0.0336,0.32,0.1747,0.0069,0.0621
CT008536,Zone_04,Zone_07,0.3027,0.0575,0.0564,0.0826,0.1277,0.0434,0.049,0.3027,0.2023,0.0137,0.0647
CT011638,Zone_08,Zone_07,0.3404,0.051,0.039,0.1136,0.1406,0.0242,0.0394,0.3404,0.1996,0.0083,0.0439
CT008320,Zone_08,Zone_07,0.2977,0.0686,0.0821,0.0815,0.1171,0.0364,0.0469,0.2977,0.2013,0.011,0.0574
CT016521,Zone_07,Zone_07,0.3108,0.0497,0.0708,0.0873,0.1833,0.0233,0.0368,0.3108,0.1873,0.0117,0.039
CT012022,Zone_08,Zone_08,0.2622,0.0723,0.0735,0.0939,0.1059,0.0416,0.0388,0.2231,0.2622,0.0145,0.0743
CT011656,Zone_08,Zone_07,0.2514,0.0739,0.0772,0.0967,0.1233,0.0389,0.0491,0.2514,0.2122,0.0108,0.0664
CT005009,Zone_07,Zone_08,0.2539,0.0523,0.0888,0.084,0.1625,0.0358,0.0471,0.2195,0.2539,0.005,0.051
CT005692,Zone_03,Zone_07,0.2819,0.0625,0.0727,0.0877,0.1065,0.0462,0.0503,0.2819,0.2147,0.0152,0.0622
CT016321,Zone_07,Zone_07,0.3189,0.0612,0.0742,0.1009,0.1124,0.0344,0.0266,0.3189,0.1907,0.0126,0.068
CT016092,Zone_10,Zone_08,0.2427,0.0624,0.079,0.0894,0.1102,0.0455,0.0569,0.2364,0.2427,0.0162,0.0613
CT016100,Zone_10,Zone_07,0.3738,0.0649,0.0963,0.0759,0.135,0.0384,0.0259,0.3738,0.1249,0.0173,0.0475
CT007333,Zone_05,Zone_07,0.2517,0.0664,0.0748,0.0879,0.1131,0.0284,0.0515,0.2517,0.2471,0.0082,0.071
CT011495,Zone_08,Zone_08,0.2951,0.0539,0.072,0.0927,0.0994,0.0386,0.061,0.2141,0.2951,0.0097,0.0635
CT017664,Zone_08,Zone_08,0.2687,0.0456,0.0825,0.0828,0.1493,0.0386,0.0552,0.2147,0.2687,0.0049,0.0577
CT005067,Zone_08,Zone_07,0.3096,0.0471,0.1003,0.0852,0.1262,0.0382,0.0475,0.3096,0.1669,0.0119,0.0671
CT010959,Zone_08,Zone_07,0.3144,0.0572,0.0799,0.1235,0.0976,0.0296,0.0237,0.3144,0.1966,0.0066,0.0708
CT016622,Zone_08,Zone_08,0.2458,0.0626,0.085,0.1104,0.123,0.0389,0.0388,0.2327,0.2458,0.0095,0.0533
CT018365,Zone_03,Zone_07,0.2968,0.0687,0.0889,0.0945,0.1515,0.0304,0.0457,0.2968,0.1713,0.0146,0.0374
CT006798,Zone_01,Zone_07,0.2701,0.0705,0.0765,0.0917,0.143,0.0308,0.0426,0.2701,0.2178,0.0155,0.0416
CT017715,Zone_08,Zone_07,0.3182,0.0597,0.1186,0.0998,0.1274,0.0358,0.0374,0.3182,0.1444,0.0117,0.047
CT017870,Zone_07,Zone_07,0.2704,0.0674,0.0776,0.118,0.1245,0.0423,0.0372,0.2704,0.2018,0.0083,0.0524
CT008409,Zone_07,Zone_07,0.3179,0.0494,0.075,0.0935,0.1519,0.0236,0.0338,0.3179,0.2031,0.0127,0.039
CT002645,Zone_04,Zone_07,0.2632,0.0669,0.0709,0.1112,0.1388,0.0351,0.0343,0.2632,0.2322,0.0054,0.0421
CT004058,Zone_10,Zone_07,0.2715,0.049,0.0778,0.1175,0.1356,0.0284,0.055,0.2715,0.2025,0.0123,0.0504
CT002287,Zone_07,Zone_07,0.255,0.0599,0.0943,0.0588,0.1626,0.0459,0.0335,0.255,0.2208,0.004,0.0651
CT012259,Zone_04,Zone_07,0.2678,0.0693,0.1058,0.1021,0.1472,0.0373,0.0193,0.2678,0.1715,0.0142,0.0655
CT013041,Zone_10,Zone_07,0.3263,0.0513,0.1048,0.0992,0.1355,0.0333,0.044,0.3263,0.1429,0.0116,0.0512
CT014608,Zone_07,Zone_07,0.3006,0.0567,0.0844,0.0939,0.1455,0.0496,0.0298,0.3006,0.1783,0.0081,0.053
CT014294,Zone_06,Zone_07,0.2828,0.0605,0.1033,0.082,0.1126,0.0283,0.0673,0.2828,0.1843,0.0208,0.0581
CT000124,Zone_08,Zone_08,0.2563,0.0507,0.1016,0.0656,0.1417,0.0313,0.0469,0.2334,0.2563,0.0084,0.0642
CT008561,Zone_04,Zone_07,0.2469,0.0715,0.081,0.0986,0.1222,0.0294,0.0465,0.2469,0.2389,0.0077,0.0573
CT002452,Zone_07,Zone_07,0.2817,0.0469,0.0823,0.0978,0.1204,0.0398,0.0486,0.2817,0.199,0.0149,0.0685
CT017129,Zone_05,Zone_07,0.3179,0.0531,0.1095,0.0884,0.1145,0.0339,0.0476,0.3179,0.1592,0.0182,0.0577
CT015593,Zone_07,Zone_07,0.3173,0.0643,0.0677,0.0803,0.1292,0.0419,0.0364,0.3173,0.1858,0.013,0.064
CT011719,Zone_07,Zone_08,0.2986,0.0526,0.0658,0.0786,0.1544,0.0387,0.043,0.2204,0.2986,0.0046,0.0434
CT003281,Zone_08,Zone_07,0.2626,0.0693,0.0889,0.1059,0.1346,0.0275,0.0264,0.2626,0.2193,0.0098,0.0557
CT011140,Zone_01,Zone_07,0.2474,0.0459,0.1067,0.1293,0.1091,0.0364,0.042,0.2474,0.2136,0.0113,0.0583
CT003108,Zone_07,Zone_07,0.3219,0.0601,0.1242,0.1019,0.1313,0.0318,0.0379,0.3219,0.1371,0.0095,0.0443
CT012911,Zone_08,Zone_08,0.2717,0.0665,0.0567,0.1045,0.1296,0.0447,0.0225,0.2313,0.2717,0.0133,0.0592
CT013093,Zone_08,Zone_07,0.2571,0.0765,0.0703,0.0795,0.1375,0.0395,0.0414,0.2571,0.2113,0.015,0.072
CT004843,Zone_04,Zone_07,0.2768,0.0576,0.0909,0.1178,0.1218,0.0214,0.0397,0.2768,0.222,0.007,0.0449
CT007506,Zone_07,Zone_07,0.3333,0.0491,0.0563,0.0703,0.1436,0.0457,0.0474,0.3333,0.186,0.0084,0.0598
CT007663,Zone_08,Zone_07,0.3057,0.0504,0.0647,0.1059,0.1656,0.0212,0.0286,0.3057,0.2061,0.0095,0.0423
CT010076,Zone_07,Zone_07,0.2534,0.0722,0.0565,0.0698,0.1534,0.0376,0.0548,0.2534,0.2421,0.004,0.0562
CT002310,Zone_06,Zone_07,0.2662,0.0661,0.0959,0.0792,0.1051,0.0466,0.038,0.2662,0.2238,0.0115,0.0677
CT000290,Zone_03,Zone_07,0.2995,0.0709,0.0739,0.0785,0.1267,0.0383,0.0348,0.2995,0.1964,0.0131,0.0679
CT017524,Zone_08,Zone_08,0.288,0.0695,0.0604,0.0992,0.1134,0.0416,0.0263,0.2436,0.288,0.0142,0.0438
CT016594,Zone_01,Zone_08,0.2648,0.0644,0.0779,0.0938,0.1314,0.0299,0.0515,0.221,0.2648,0.0135,0.0518
CT019137,Zone_06,Zone_07,0.2831,0.0643,0.0857,0.0837,0.1417,0.0411,0.0413,0.2831,0.1822,0.0143,0.0626
CT000461,Zone_07,Zone_08,0.2628,0.0671,0.1064,0.0823,0.1005,0.0409,0.0515,0.224,0.2628,0.0115,0.053
CT003354,Zone_04,Zone_07,0.3088,0.0579,0.0707,0.1032,0.1319,0.0362,0.0365,0.3088,0.1996,0.0118,0.0434
CT006110,Zone_08,Zone_07,0.2446,0.0671,0.0758,0.0775,0.1569,0.042,0.0435,0.2446,0.2177,0.0186,0.0562
CT005801,Zone_08,Zone_07,0.3262,0.05,0.0762,0.0893,0.1288,0.0247,0.0277,0.3262,0.2048,0.015,0.0572
CT002468,Zone_08,Zone_08,0.2364,0.0506,0.0918,0.1186,0.1075,0.052,0.0704,0.2078,0.2364,0.0142,0.0508
CT012560,Zone_04,Zone_07,0.2735,0.0575,0.1006,0.1216,0.1295,0.0333,0.0307,0.2735,0.1872,0.0119,0.0542
CT007627,Zone_10,Zone_07,0.2729,0.0757,0.0879,0.0871,0.1173,0.0374,0.0473,0.2729,0.2071,0.0123,0.055
CT007215,Zone_07,Zone_07,0.3114,0.0738,0.064,0.0948,0.1215,0.0403,0.0414,0.3114,0.1897,0.0063,0.0569
CT010934,Zone_07,Zone_07,0.2916,0.0664,0.1171,0.108,0.131,0.0279,0.0267,0.2916,0.1699,0.0088,0.0526
CT006805,Zone_07,Zone_07,0.221,0.075,0.0681,0.082,0.1266,0.0528,0.0792,0.221,0.2135,0.0122,0.0695
CT002446,Zone_07,Zone_07,0.2954,0.0677,0.0822,0.0838,0.1377,0.0491,0.0372,0.2954,0.1769,0.0109,0.0592
CT017097,Zone_04,Zone_07,0.2632,0.0733,0.0842,0.0877,0.1338,0.0419,0.0395,0.2632,0.194,0.0112,0.0712
CT003284,Zone_03,Zone_08,0.2731,0.0517,0.0678,0.0678,0.1706,0.0406,0.0509,0.2078,0.2731,0.0044,0.0653
CT003597,Zone_07,Zone_08,0.2721,0.0638,0.0611,0.1085,0.1244,0.0278,0.0316,0.2573,0.2721,0.0094,0.0441
CT013248,Zone_01,Zone_07,0.3469,0.0427,0.0608,0.0834,0.1518,0.0386,0.0308,0.3469,0.1824,0.0044,0.058
CT010422,Zone_01,Zone_07,0.3349,0.053,0.0874,0.1118,0.1268,0.0373,0.0486,0.3349,0.1461,0.0082,0.0459
CT019672,Zone_04,Zone_07,0.3103,0.0523,0.0815,0.1168,0.1246,0.0346,0.0377,0.3103,0.1754,0.0174,0.0493
CT004629,Zone_01,Zone_07,0.2939,0.0667,0.0862,0.0737,0.1185,0.0542,0.0312,0.2939,0.192,0.0081,0.0754
CT007279,Zone_08,Zone_07,0.2614,0.0615,0.0779,0.0794,0.1318,0.0315,0.0589,0.2614,0.2133,0.0274,0.0569
CT001454,Zone_10,Zone_07,0.2928,0.0669,0.0646,0.103,0.1244,0.025,0.034,0.2928,0.227,0.0057,0.0565
CT006403,Zone_02,Zone_07,0.2869,0.0668,0.0789,0.1035,0.1322,0.0351,0.0222,0.2869,0.2011,0.0119,0.0613
CT002875,Zone_03,Zone_07,0.3256,0.0744,0.0804,0.0622,0.1293,0.0457,0.027,0.3256,0.192,0.0082,0.0552
CT008156,Zone_10,Zone_07,0.3334,0.0582,0.0949,0.0888,0.1171,0.0325,0.0418,0.3334,0.1574,0.0164,0.0596
CT013158,Zone_08,Zone_07,0.2494,0.0684,0.0953,0.0866,0.125,0.0269,0.0373,0.2494,0.2441,0.0134,0.0535
CT017624,Zone_07,Zone_07,0.2812,0.0646,0.0763,0.0894,0.1194,0.0388,0.0449,0.2812,0.2113,0.0111,0.063
CT002624,Zone_10,Zone_07,0.2536,0.0671,0.0615,0.1009,0.1358,0.041,0.0452,0.2536,0.2274,0.0083,0.0593
CT007658,Zone_07,Zone_07,0.269,0.0532,0.0796,0.0864,0.1233,0.0421,0.0649,0.269,0.1973,0.023,0.061
CT012428,Zone_07,Zone_07,0.2398,0.0515,0.0895,0.0798,0.1189,0.0556,0.0686,0.2398,0.2176,0.0144,0.0643
CT001675,Zone_07,Zone_07,0.2722,0.0716,0.0721,0.0748,0.1505,0.0542,0.0377,0.2722,0.1922,0.0119,0.0627
CT016115,Zone_02,Zone_08,0.2579,0.0671,0.0601,0.093,0.1239,0.0443,0.0294,0.2518,0.2579,0.008,0.0644
CT002901,Zone_05,Zone_07,0.252,0.0533,0.1212,0.0953,0.1209,0.0347,0.0569,0.252,0.1979,0.0169,0.0508
CT016228,Zone_06,Zone_07,0.2404,0.053,0.1055,0.0927,0.1926,0.0313,0.0456,0.2404,0.1889,0.0043,0.0456
CT015753,Zone_08,Zone_07,0.303,0.0541,0.0693,0.1073,0.1147,0.0378,0.0502,0.303,0.1798,0.0129,0.0709
CT017066,Zone_04,Zone_07,0.3264,0.0556,0.069,0.0765,0.1505,0.0315,0.0353,0.3264,0.1944,0.0086,0.0523
CT005413,Zone_04,Zone_07,0.2916,0.0534,0.0753,0.0932,0.1098,0.0455,0.0596,0.2916,0.1919,0.0141,0.0655
CT012654,Zone_08,Zone_08,0.2493,0.0581,0.0752,0.1007,0.0966,0.0463,0.045,0.243,0.2493,0.0088,0.0771
CT019923,Zone_07,Zone_07,0.3939,0.0299,0.029,0.0652,0.1846,0.0256,0.0489,0.3939,0.1627,0.0074,0.0529
CT008531,Zone_08,Zone_07,0.3013,0.0548,0.0588,0.098,0.1174,0.0435,0.0482,0.3013,0.2244,0.0098,0.0438
CT018627,Zone_08,Zone_07,0.2646,0.0784,0.1041,0.1318,0.1449,0.0355,0.0211,0.2646,0.1482,0.0143,0.0572
CT001137,Zone_08,Zone_07,0.2744,0.0648,0.0764,0.1045,0.1046,0.0395,0.048,0.2744,0.2217,0.012,0.054
CT012360,Zone_09,Zone_07,0.2758,0.0573,0.1062,0.0841,0.1303,0.0303,0.0522,0.2758,0.1891,0.0268,0.0478
CT015895,Zone_07,Zone_07,0.2616,0.0623,0.1115,0.0811,0.1162,0.0387,0.0658,0.2616,0.2057,0.0117,0.0454
CT015385,Zone_03,Zone_07,0.2872,0.047,0.0533,0.0776,0.1421,0.0515,0.049,0.2872,0.2242,0.0062,0.0621
CT006825,Zone_07,Zone_07,0.2792,0.061,0.0762,0.1289,0.1319,0.0334,0.0425,0.2792,0.186,0.0091,0.0517
CT012834,Zone_03,Zone_08,0.2551,0.0596,0.0879,0.0884,0.1158,0.0328,0.0331,0.2473,0.2551,0.0183,0.0617
CT005773,Zone_04,Zone_07,0.2664,0.0732,0.0844,0.0772,0.1279,0.0392,0.0466,0.2664,0.2016,0.0151,0.0682
CT011125,Zone_10,Zone_07,0.2464,0.0429,0.1054,0.1211,0.128,0.0355,0.0367,0.2464,0.2154,0.0098,0.0589
CT005455,Zone_10,Zone_07,0.2565,0.0605,0.0763,0.0761,0.1114,0.0617,0.0534,0.2565,0.2255,0.0137,0.0649
CT006422,Zone_07,Zone_07,0.3399,0.0421,0.0819,0.0654,0.1567,0.0458,0.035,0.3399,0.1702,0.0085,0.0545
CT014048,Zone_10,Zone_07,0.2568,0.0663,0.094,0.0866,0.1072,0.0409,0.026,0.2568,0.2277,0.0154,0.0791
CT000884,Zone_08,Zone_07,0.2663,0.0532,0.1002,0.0936,0.1293,0.043,0.049,0.2663,0.2025,0.0105,0.0524
CT014184,Zone_04,Zone_07,0.3247,0.0514,0.0802,0.0615,0.1659,0.0391,0.0314,0.3247,0.1639,0.0075,0.0744
CT002846,Zone_08,Zone_08,0.2576,0.0456,0.0768,0.0648,0.16,0.0509,0.0499,0.2094,0.2576,0.005,0.0799
CT003891,Zone_03,Zone_07,0.2608,0.0683,0.0653,0.0798,0.1363,0.038,0.0336,0.2608,0.2319,0.0108,0.0752
CT010433,Zone_04,Zone_07,0.2622,0.0771,0.0893,0.0876,0.1195,0.0356,0.0268,0.2622,0.2165,0.0096,0.0758
CT002415,Zone_08,Zone_07,0.2604,0.0618,0.0899,0.1002,0.1381,0.0473,0.042,0.2604,0.1905,0.0135,0.0564
CT014233,Zone_07,Zone_08,0.2995,0.0495,0.0726,0.1032,0.0865,0.0443,0.0505,0.2137,0.2995,0.0182,0.062
CT010411,Zone_08,Zone_08,0.2839,0.0548,0.0675,0.0729,0.1598,0.0371,0.0426,0.2273,0.2839,0.0034,0.0506
CT003463,Zone_02,Zone_07,0.2954,0.0814,0.0805,0.093,0.1373,0.0358,0.0279,0.2954,0.1731,0.0066,0.0691
CT007755,Zone_08,Zone_08,0.245,0.0379,0.0945,0.0904,0.1363,0.034,0.0516,0.241,0.245,0.0041,0.0651
CT006216,Zone_03,Zone_07,0.278,0.0584,0.068,0.1025,0.1124,0.0436,0.0377,0.278,0.2228,0.0101,0.0664
CT006046,Zone_05,Zone_07,0.234,0.0527,0.0942,0.105,0.1479,0.0271,0.0526,0.234,0.2241,0.0159,0.0465
CT003022,Zone_07,Zone_07,0.2765,0.0611,0.076,0.0979,0.1369,0.0298,0.0462,0.2765,0.2196,0.0059,0.05
CT016846,Zone_03,Zone_08,0.252,0.0745,0.0844,0.0645,0.1315,0.057,0.0496,0.2131,0.252,0.0151,0.0582
CT008105,Zone_08,Zone_07,0.2682,0.0585,0.0732,0.0934,0.1096,0.0421,0.0486,0.2682,0.2239,0.0133,0.0693
CT001440,Zone_10,Zone_08,0.296,0.0612,0.0436,0.1092,0.1356,0.0311,0.046,0.2193,0.296,0.0108,0.0472
CT011024,Zone_07,Zone_07,0.2536,0.0799,0.0731,0.0872,0.1371,0.0451,0.0264,0.2536,0.2267,0.0084,0.0627
CT000151,Zone_07,Zone_07,0.273,0.0576,0.0883,0.0977,0.1004,0.0275,0.0496,0.273,0.2368,0.0095,0.0596
CT004151,Zone_04,Zone_07,0.2725,0.0877,0.0646,0.0858,0.1288,0.0438,0.0427,0.2725,0.2029,0.0071,0.0641
CT008589,Zone_08,Zone_07,0.2721,0.0705,0.0575,0.0998,0.1166,0.0468,0.0271,0.2721,0.2379,0.0074,0.0643
CT011404,Zone_01,Zone_07,0.2639,0.0658,0.0762,0.1001,0.1224,0.0454,0.0555,0.2639,0.212,0.0125,0.0461
CT010485,Zone_04,Zone_07,0.2915,0.0716,0.091,0.073,0.1177,0.0509,0.0428,0.2915,0.1841,0.0149,0.0626
CT008319,Zone_04,Zone_07,0.2566,0.0689,0.0653,0.0838,0.1355,0.052,0.0441,0.2566,0.2221,0.0084,0.0634
CT000394,Zone_08,Zone_07,0.2632,0.0606,0.0699,0.0982,0.113,0.0559,0.0274,0.2632,0.2204,0.0105,0.081
CT016796,Zone_07,Zone_07,0.2756,0.0565,0.0762,0.0842,0.1321,0.0226,0.0428,0.2756,0.2612,0.0079,0.0409
CT003496,Zone_07,Zone_08,0.2685,0.0711,0.0703,0.0798,0.1091,0.0378,0.0657,0.2283,0.2685,0.015,0.0544
CT008055,Zone_10,Zone_07,0.2498,0.0476,0.0769,0.0911,0.1683,0.0243,0.0429,0.2498,0.2374,0.0083,0.0534
CT004363,Zone_08,Zone_07,0.2597,0.0736,0.092,0.088,0.1187,0.0314,0.023,0.2597,0.2207,0.0237,0.0692
CT019218,Zone_08,Zone_07,0.2459,0.052,0.0825,0.0669,0.1461,0.0563,0.0373,0.2459,0.2392,0.005,0.0688
CT009473,Zone_02,Zone_07,0.2903,0.0835,0.0681,0.0929,0.1339,0.0384,0.038,0.2903,0.1986,0.0084,0.048
CT004463,Zone_04,Zone_08,0.2564,0.0636,0.0565,0.1096,0.1222,0.0389,0.0471,0.2435,0.2564,0.0067,0.0554
CT006603,Zone_04,Zone_07,0.2778,0.0483,0.0452,0.112,0.1464,0.0311,0.0319,0.2778,0.2568,0.0102,0.0404
CT016536,Zone_03,Zone_07,0.2566,0.0656,0.0938,0.0745,0.1236,0.0345,0.0468,0.2566,0.2104,0.0213,0.073
CT019858,Zone_07,Zone_07,0.2349,0.0499,0.0979,0.1169,0.1249,0.046,0.0329,0.2349,0.2279,0.0149,0.0538
CT010227,Zone_08,Zone_07,0.2877,0.0556,0.063,0.0942,0.1072,0.0437,0.0401,0.2877,0.2277,0.0135,0.0676
CT000184,Zone_04,Zone_07,0.3177,0.0509,0.0865,0.0716,0.1374,0.0331,0.0394,0.3177,0.193,0.0105,0.0598
CT009404,Zone_08,Zone_08,0.2586,0.0665,0.0666,0.0738,0.1544,0.0432,0.0505,0.2288,0.2586,0.004,0.0536
CT019618,Zone_08,Zone_07,0.3401,0.0536,0.0738,0.097,0.1376,0.0198,0.0278,0.3401,0.1858,0.0109,0.0536
CT017174,Zone_04,Zone_08,0.2384,0.0703,0.0818,0.0828,0.1287,0.0561,0.0333,0.2196,0.2384,0.02,0.069
CT016307,Zone_08,Zone_08,0.2435,0.0764,0.0605,0.0773,0.1317,0.0412,0.0722,0.2309,0.2435,0.011,0.0552
CT014896,Zone_07,Zone_08,0.3153,0.0532,0.0939,0.0677,0.1555,0.036,0.0529,0.1762,0.3153,0.0051,0.0441
CT011865,Zone_05,Zone_07,0.2745,0.0688,0.0857,0.0869,0.112,0.0362,0.0532,0.2745,0.2124,0.0092,0.0612
CT005090,Zone_04,Zone_07,0.2547,0.0655,0.0705,0.083,0.1414,0.045,0.0453,0.2547,0.2216,0.0216,0.0513
CT014250,Zone_08,Zone_07,0.2661,0.0761,0.0526,0.0809,0.1471,0.048,0.0489,0.2661,0.2003,0.0151,0.0649
CT016631,Zone_02,Zone_07,0.3149,0.0469,0.0561,0.0799,0.178,0.0394,0.0466,0.3149,0.1748,0.0124,0.0511
CT004831,Zone_07,Zone_07,0.2576,0.0473,0.0857,0.0817,0.136,0.0596,0.0484,0.2576,0.1935,0.0127,0.0774
CT016273,Zone_02,Zone_07,0.2921,0.05,0.0691,0.059,0.1469,0.0543,0.0466,0.2921,0.2018,0.0113,0.0689
CT002422,Zone_01,Zone_07,0.2783,0.0649,0.0753,0.0953,0.1403,0.0332,0.0413,0.2783,0.2023,0.0144,0.0546
CT005041,Zone_04,Zone_08,0.2608,0.0628,0.0559,0.101,0.1254,0.0456,0.0431,0.2436,0.2608,0.0122,0.0495
CT002474,Zone_08,Zone_07,0.2779,0.0674,0.0737,0.1088,0.1366,0.0301,0.0334,0.2779,0.2079,0.0122,0.0521
CT008114,Zone_07,Zone_07,0.3035,0.0825,0.0675,0.0899,0.1306,0.0348,0.0325,0.3035,0.2035,0.0062,0.0489
CT006432,Zone_08,Zone_07,0.2954,0.0501,0.0487,0.0845,0.1578,0.0498,0.0329,0.2954,0.2121,0.0074,0.0613
CT019206,Zone_07,Zone_07,0.2922,0.0806,0.0783,0.0784,0.1563,0.0389,0.0238,0.2922,0.1756,0.0121,0.0638
CT006137,Zone_10,Zone_07,0.3019,0.071,0.1019,0.0851,0.1408,0.0373,0.0329,0.3019,0.1451,0.0165,0.0675
CT010621,Zone_08,Zone_07,0.2387,0.0626,0.0831,0.0883,0.1259,0.0426,0.0673,0.2387,0.2233,0.0103,0.058
CT006811,Zone_03,Zone_07,0.2609,0.0548,0.0747,0.0717,0.1609,0.0325,0.0369,0.2609,0.2373,0.0045,0.0657
CT013866,Zone_03,Zone_07,0.2625,0.079,0.0894,0.0809,0.1338,0.0352,0.0359,0.2625,0.2003,0.0162,0.0667
CT015186,Zone_08,Zone_08,0.2492,0.0846,0.0833,0.1056,0.1312,0.0374,0.0289,0.2371,0.2492,0.0076,0.0351
CT002133,Zone_09,Zone_07,0.2841,0.0666,0.0556,0.1039,0.136,0.0401,0.0314,0.2841,0.2258,0.0084,0.0482
CT016716,Zone_03,Zone_07,0.2545,0.0569,0.0895,0.0906,0.143,0.0402,0.0447,0.2545,0.2116,0.0112,0.0578
CT018985,Zone_07,Zone_07,0.2723,0.0783,0.0903,0.0773,0.1234,0.036,0.038,0.2723,0.2047,0.0151,0.0645
CT006405,Zone_01,Zone_07,0.3119,0.0628,0.0825,0.089,0.1254,0.0361,0.0376,0.3119,0.1766,0.0167,0.0614
CT002982,Zone_04,Zone_08,0.2952,0.0525,0.0654,0.0825,0.1615,0.0405,0.031,0.2195,0.2952,0.0041,0.0478
CT007580,Zone_05,Zone_07,0.2865,0.0514,0.103,0.084,0.1348,0.0296,0.0315,0.2865,0.2094,0.004,0.0658
CT017087,Zone_08,Zone_08,0.2322,0.0414,0.108,0.0842,0.1823,0.0337,0.0368,0.2167,0.2322,0.0049,0.0598
CT002205,Zone_04,Zone_08,0.2779,0.0621,0.0734,0.109,0.1166,0.0362,0.0391,0.2347,0.2779,0.0095,0.0416
CT006845,Zone_08,Zone_07,0.3128,0.0627,0.0565,0.0763,0.1227,0.0484,0.0479,0.3128,0.1901,0.0151,0.0673
CT004851,Zone_01,Zone_07,0.2836,0.0669,0.0654,0.1069,0.1194,0.0468,0.0418,0.2836,0.204,0.0069,0.0584
CT019341,Zone_07,Zone_07,0.2802,0.0673,0.0971,0.0826,0.116,0.0318,0.041,0.2802,0.2059,0.0154,0.0626
CT014483,Zone_07,Zone_07,0.2795,0.0669,0.0834,0.0857,0.1354,0.0368,0.0292,0.2795,0.2178,0.0139,0.0515
CT006606,Zone_03,Zone_08,0.2453,0.0785,0.0883,0.0862,0.1179,0.0382,0.0404,0.2229,0.2453,0.0159,0.0664
CT011155,Zone_01,Zone_07,0.3181,0.0632,0.0929,0.0636,0.1368,0.0379,0.0372,0.3181,0.1691,0.0145,0.0668
CT014926,Zone_08,Zone_07,0.2391,0.0516,0.1017,0.0993,0.1486,0.0353,0.0558,0.2391,0.2028,0.0176,0.0482
CT008162,Zone_07,Zone_07,0.2791,0.0433,0.089,0.0832,0.1213,0.0523,0.0506,0.2791,0.2033,0.0085,0.0694
CT013336,Zone_05,Zone_07,0.2429,0.0601,0.0807,0.0784,0.1163,0.0481,0.0583,0.2429,0.2283,0.0112,0.0757
CT019675,Zone_07,Zone_07,0.3212,0.055,0.0805,0.0759,0.1368,0.0367,0.0418,0.3212,0.1891,0.005,0.0581
CT016256,Zone_03,Zone_07,0.2718,0.0608,0.0846,0.1027,0.1068,0.0453,0.0485,0.2718,0.2041,0.0153,0.0601
CT012503,Zone_04,Zone_07,0.3205,0.063,0.064,0.0931,0.1344,0.0477,0.0331,0.3205,0.1883,0.0141,0.0418
CT002484,Zone_04,Zone_07,0.3047,0.0528,0.0729,0.11,0.1073,0.0401,0.0491,0.3047,0.1973,0.0129,0.0529
CT010521,Zone_06,Zone_08,0.2845,0.0632,0.0797,0.0958,0.1198,0.0362,0.0444,0.2247,0.2845,0.0105,0.0414
CT014501,Zone_03,Zone_07,0.2767,0.0628,0.0803,0.1016,0.1232,0.0366,0.0272,0.2767,0.218,0.0114,0.0622
CT019282,Zone_08,Zone_07,0.2528,0.0442,0.1031,0.0711,0.1259,0.0314,0.0513,0.2528,0.2486,0.0056,0.066
CT015286,Zone_03,Zone_07,0.2393,0.0661,0.0842,0.0835,0.1154,0.0424,0.056,0.2393,0.2377,0.0167,0.0588
CT005135,Zone_07,Zone_07,0.3353,0.0666,0.0519,0.0902,0.1275,0.0393,0.0502,0.3353,0.176,0.0124,0.0506
CT008332,Zone_08,Zone_07,0.2534,0.0594,0.0569,0.0985,0.1131,0.0467,0.0549,0.2534,0.2455,0.0143,0.0573
CT016084,Zone_07,Zone_07,0.2747,0.0583,0.1183,0.0784,0.1199,0.0426,0.0382,0.2747,0.1882,0.0119,0.0696
CT019945,Zone_02,Zone_07,0.2493,0.0706,0.0706,0.08,0.1279,0.0487,0.043,0.2493,0.2439,0.0127,0.0533
CT005966,Zone_04,Zone_07,0.3326,0.0667,0.092,0.0953,0.1311,0.0282,0.0313,0.3326,0.1504,0.0141,0.0582
CT014695,Zone_07,Zone_07,0.2636,0.0794,0.058,0.0879,0.1268,0.0429,0.0453,0.2636,0.215,0.0108,0.0705
CT015238,Zone_08,Zone_07,0.2795,0.0522,0.0767,0.1018,0.1172,0.0409,0.0553,0.2795,0.2048,0.0158,0.0557
CT006490,Zone_09,Zone_07,0.274,0.054,0.0919,0.0893,0.1145,0.0405,0.0478,0.274,0.2135,0.02,0.0547
CT001094,Zone_04,Zone_07,0.2691,0.0562,0.1101,0.0765,0.1582,0.0238,0.0359,0.2691,0.204,0.0045,0.0617
CT017047,Zone_03,Zone_08,0.2589,0.0496,0.0995,0.0739,0.1541,0.0285,0.0488,0.2251,0.2589,0.0086,0.053
CT014949,Zone_07,Zone_07,0.2613,0.0682,0.0625,0.0904,0.1265,0.0458,0.0662,0.2613,0.2073,0.0186,0.0532
CT008300,Zone_04,Zone_07,0.2647,0.0794,0.057,0.1,0.1367,0.0375,0.0396,0.2647,0.2074,0.0096,0.0682
CT017848,Zone_02,Zone_07,0.2605,0.063,0.0877,0.1193,0.1427,0.0292,0.0468,0.2605,0.1938,0.0055,0.0514
CT013843,Zone_08,Zone_07,0.2791,0.0687,0.0806,0.0842,0.1107,0.038,0.044,0.2791,0.2243,0.0127,0.0576
CT019594,Zone_04,Zone_07,0.2854,0.049,0.0938,0.1056,0.1367,0.0289,0.0488,0.2854,0.1949,0.0181,0.0388
CT004645,Zone_04,Zone_07,0.222,0.0783,0.1445,0.1119,0.1549,0.0367,0.017,0.222,0.177,0.0102,0.0476
CT004287,Zone_06,Zone_08,0.2466,0.0659,0.058,0.0974,0.1445,0.0557,0.0362,0.2257,0.2466,0.0101,0.06
CT001216,Zone_07,Zone_08,0.2599,0.0578,0.0679,0.0754,0.1667,0.0406,0.042,0.2286,0.2599,0.0043,0.0568
CT000315,Zone_05,Zone_07,0.3393,0.0515,0.0576,0.0721,0.1554,0.0294,0.0389,0.3393,0.2008,0.009,0.046
CT001071,Zone_07,Zone_07,0.2948,0.049,0.0679,0.0699,0.1488,0.0574,0.0412,0.2948,0.1979,0.0072,0.0659
CT006833,Zone_04,Zone_07,0.321,0.0521,0.1006,0.079,0.1266,0.0457,0.0375,0.321,0.166,0.0091,0.0625
CT013242,Zone_04,Zone_08,0.2784,0.0552,0.0698,0.095,0.1153,0.0324,0.0529,0.2318,0.2784,0.005,0.064
CT006979,Zone_07,Zone_07,0.3043,0.0601,0.0995,0.102,0.1219,0.0296,0.0376,0.3043,0.1865,0.0099,0.0486
CT018661,Zone_07,Zone_08,0.266,0.0576,0.0434,0.1143,0.1032,0.0499,0.0768,0.2119,0.266,0.0137,0.0631
CT018386,Zone_04,Zone_07,0.2753,0.0694,0.0827,0.0977,0.1109,0.0371,0.0483,0.2753,0.2138,0.011,0.0538
CT002370,Zone_07,Zone_07,0.349,0.0656,0.0732,0.0816,0.1264,0.0359,0.0456,0.349,0.1471,0.0193,0.0561
CT002132,Zone_07,Zone_07,0.2622,0.084,0.0693,0.0741,0.1239,0.0505,0.0416,0.2622,0.2184,0.0087,0.0673
CT017744,Zone_07,Zone_07,0.2581,0.053,0.0821,0.1059,0.1357,0.0416,0.0439,0.2581,0.2115,0.0104,0.0578
CT017030,Zone_07,Zone_07,0.2944,0.0528,0.0664,0.115,0.1427,0.0268,0.0393,0.2944,0.1972,0.0114,0.054
CT005641,Zone_05,Zone_08,0.2886,0.069,0.053,0.0907,0.1297,0.0301,0.0327,0.2481,0.2886,0.0091,0.049
CT001310,Zone_10,Zone_07,0.283,0.0672,0.0817,0.0764,0.1333,0.0485,0.0334,0.283,0.1888,0.0162,0.0716
CT001970,Zone_07,Zone_07,0.2824,0.0641,0.0778,0.1179,0.1277,0.0274,0.0292,0.2824,0.2053,0.0153,0.053
CT018302,Zone_03,Zone_07,0.2542,0.0705,0.0477,0.091,0.1551,0.0383,0.0415,0.2542,0.2271,0.0182,0.0565
CT007017,Zone_05,Zone_07,0.3025,0.0491,0.0694,0.091,0.1308,0.0485,0.0348,0.3025,0.2011,0.0067,0.0659
CT009534,Zone_08,Zone_07,0.2769,0.0706,0.0654,0.0931,0.1127,0.0378,0.0557,0.2769,0.2095,0.0162,0.0621
CT007613,Zone_07,Zone_07,0.2769,0.0656,0.0929,0.079,0.114,0.0331,0.0453,0.2769,0.2079,0.0161,0.0692
CT007959,Zone_03,Zone_07,0.3128,0.0797,0.0889,0.0726,0.1313,0.0346,0.0308,0.3128,0.1837,0.0108,0.0549
CT011589,Zone_03,Zone_07,0.2886,0.0446,0.0817,0.0975,0.1072,0.0407,0.0529,0.2886,0.2086,0.0134,0.0648
CT013010,Zone_05,Zone_08,0.2696,0.06,0.0524,0.1003,0.1141,0.0312,0.0487,0.259,0.2696,0.0074,0.0572
CT006768,Zone_08,Zone_08,0.2563,0.0656,0.0559,0.0988,0.1293,0.0491,0.0281,0.236,0.2563,0.0098,0.071
CT006323,Zone_07,Zone_07,0.3101,0.0714,0.0621,0.0807,0.1364,0.0341,0.0386,0.3101,0.2,0.0092,0.0573
CT011059,Zone_10,Zone_07,0.2544,0.0779,0.0831,0.0685,0.1353,0.0533,0.0481,0.2544,0.2205,0.0073,0.0517
CT015151,Zone_02,Zone_07,0.2848,0.0661,0.0608,0.0984,0.1153,0.0393,0.0415,0.2848,0.2086,0.0086,0.0767
CT006959,Zone_05,Zone_07,0.2949,0.054,0.0771,0.0862,0.1064,0.0411,0.0577,0.2949,0.2018,0.0173,0.0633
CT008847,Zone_07,Zone_07,0.3352,0.0678,0.0711,0.0921,0.1147,0.0324,0.0317,0.3352,0.1883,0.0081,0.0586
CT002933,Zone_08,Zone_08,0.2595,0.0541,0.0887,0.0719,0.1607,0.037,0.0483,0.207,0.2595,0.0064,0.0664
CT017291,Zone_07,Zone_07,0.319,0.0487,0.0759,0.0859,0.1418,0.0337,0.0331,0.319,0.1878,0.0115,0.0625
CT017333,Zone_01,Zone_07,0.3187,0.075,0.0828,0.1,0.1439,0.0343,0.0231,0.3187,0.1679,0.0105,0.0438
CT000747,Zone_04,Zone_07,0.3161,0.0768,0.1071,0.0928,0.1248,0.0352,0.0372,0.3161,0.1513,0.0074,0.0513
CT018963,Zone_07,Zone_07,0.2607,0.0571,0.0665,0.1365,0.1132,0.0278,0.0303,0.2607,0.2317,0.0261,0.0501
CT003735,Zone_03,Zone_07,0.292,0.07,0.0612,0.0888,0.1329,0.0394,0.0348,0.292,0.2265,0.0079,0.0465
CT010146,Zone_06,Zone_08,0.2791,0.0573,0.0642,0.0695,0.1518,0.0412,0.0394,0.2535,0.2791,0.0043,0.0396
CT009830,Zone_07,Zone_07,0.2733,0.0569,0.139,0.0762,0.1243,0.0563,0.0295,0.2733,0.1658,0.0275,0.0512
CT018668,Zone_07,Zone_07,0.2939,0.0598,0.0484,0.0846,0.1421,0.0401,0.0552,0.2939,0.2105,0.0056,0.0597
CT004359,Zone_08,Zone_07,0.3042,0.043,0.0603,0.0732,0.1669,0.0375,0.046,0.3042,0.1951,0.0189,0.0548
CT014643,Zone_07,Zone_07,0.2943,0.0715,0.0956,0.0757,0.1129,0.0425,0.0447,0.2943,0.1919,0.0138,0.0571
CT016761,Zone_06,Zone_07,0.311,0.0508,0.087,0.1028,0.1163,0.0371,0.044,0.311,0.1829,0.0119,0.0562
CT002095,Zone_06,Zone_08,0.2681,0.0667,0.0924,0.0812,0.0976,0.0446,0.0465,0.2233,0.2681,0.0183,0.0612
CT003860,Zone_03,Zone_07,0.3208,0.0498,0.0587,0.0854,0.1456,0.0318,0.0354,0.3208,0.2016,0.0133,0.0577
CT008339,Zone_08,Zone_07,0.306,0.0684,0.08,0.0778,0.1232,0.0337,0.0445,0.306,0.1977,0.0098,0.059
CT013261,Zone_05,Zone_07,0.2562,0.0561,0.0465,0.1038,0.1098,0.0496,0.075,0.2562,0.2265,0.014,0.0625
CT009507,Zone_07,Zone_07,0.327,0.0537,0.0915,0.0997,0.1187,0.0351,0.0338,0.327,0.1766,0.0126,0.0513
CT003012,Zone_07,Zone_07,0.2977,0.0672,0.0764,0.1064,0.1375,0.0382,0.046,0.2977,0.1776,0.006,0.0472
CT012141,Zone_05,Zone_07,0.2764,0.0637,0.0729,0.0989,0.1271,0.0376,0.0408,0.2764,0.2071,0.0126,0.0629
CT003130,Zone_10,Zone_07,0.2724,0.0694,0.0791,0.0933,0.14,0.0423,0.0348,0.2724,0.2014,0.0102,0.0573
CT002174,Zone_03,Zone_07,0.269,0.0628,0.0909,0.0908,0.1198,0.0325,0.0407,0.269,0.2112,0.0187,0.0637
CT002034,Zone_08,Zone_07,0.2743,0.076,0.0709,0.0771,0.1218,0.0308,0.0519,0.2743,0.2323,0.0099,0.0551
CT017587,Zone_07,Zone_07,0.2881,0.0627,0.0607,0.0997,0.1111,0.0404,0.0527,0.2881,0.2073,0.0137,0.0636
CT004183,Zone_08,Zone_07,0.285,0.078,0.0888,0.0641,0.1372,0.0588,0.0319,0.285,0.1767,0.0092,0.0704
CT015099,Zone_06,Zone_07,0.314,0.0812,0.0936,0.0707,0.1314,0.0415,0.027,0.314,0.1576,0.0132,0.0699
CT016293,Zone_04,Zone_07,0.3537,0.0543,0.0636,0.0769,0.136,0.0234,0.0426,0.3537,0.1853,0.0157,0.0485
CT013606,Zone_08,Zone_07,0.2566,0.0797,0.0625,0.0842,0.1362,0.0311,0.0419,0.2566,0.2431,0.009,0.0556
CT005730,Zone_04,Zone_07,0.32,0.0434,0.087,0.097,0.1248,0.0392,0.0517,0.32,0.1774,0.0096,0.0499
CT017148,Zone_05,Zone_08,0.2652,0.0582,0.0589,0.1062,0.1092,0.0278,0.06,0.2461,0.2652,0.0101,0.0581
CT002424,Zone_03,Zone_07,0.254,0.0635,0.0749,0.1067,0.1012,0.0384,0.0428,0.254,0.2501,0.0079,0.0606
CT016190,Zone_01,Zone_07,0.278,0.0645,0.0917,0.0794,0.12,0.0454,0.0227,0.278,0.2107,0.0122,0.0754
CT005313,Zone_04,Zone_07,0.3271,0.0752,0.1086,0.0718,0.1329,0.0343,0.0283,0.3271,0.1412,0.0141,0.0664
CT013882,Zone_01,Zone_08,0.2813,0.0452,0.0759,0.0868,0.142,0.0392,0.0496,0.2101,0.2813,0.0073,0.0627
CT010479,Zone_01,Zone_08,0.2726,0.0798,0.0723,0.0966,0.1038,0.0497,0.0353,0.2193,0.2726,0.0112,0.0593
CT011806,Zone_08,Zone_07,0.2488,0.0963,0.0768,0.0823,0.1287,0.0457,0.0391,0.2488,0.2125,0.007,0.0628
CT007945,Zone_07,Zone_08,0.2506,0.0566,0.0655,0.1027,0.1119,0.0579,0.0543,0.2291,0.2506,0.0138,0.0576
CT009470,Zone_01,Zone_08,0.234,0.0794,0.0646,0.0756,0.1273,0.0538,0.0563,0.22,0.234,0.0132,0.0756
CT004657,Zone_07,Zone_07,0.3134,0.051,0.0755,0.1016,0.0974,0.0415,0.0541,0.3134,0.2012,0.0115,0.0528
CT017571,Zone_08,Zone_07,0.313,0.0581,0.0927,0.1002,0.1011,0.0289,0.0411,0.313,0.1977,0.0103,0.0569
CT002395,Zone_07,Zone_08,0.2943,0.0368,0.0721,0.0855,0.1506,0.039,0.0446,0.221,0.2943,0.0039,0.0521
CT006184,Zone_07,Zone_07,0.2634,0.0714,0.0955,0.0757,0.1367,0.0378,0.0378,0.2634,0.1889,0.0192,0.0735
CT002260,Zone_08,Zone_08,0.2539,0.0681,0.0476,0.0989,0.1232,0.0489,0.0679,0.2054,0.2539,0.0161,0.07
CT012544,Zone_07,Zone_07,0.2494,0.0481,0.0558,0.112,0.1269,0.0413,0.0452,0.2494,0.2386,0.0121,0.0706
CT000082,Zone_08,Zone_07,0.2515,0.0605,0.0856,0.0955,0.1455,0.0401,0.0359,0.2515,0.2187,0.01,0.0565
CT008599,Zone_08,Zone_08,0.2716,0.0537,0.0576,0.1029,0.1332,0.0295,0.0541,0.2452,0.2716,0.0134,0.0389
CT005271,Zone_10,Zone_07,0.3233,0.0538,0.072,0.0938,0.1343,0.0222,0.0394,0.3233,0.2071,0.0082,0.0458
CT011716,Zone_07,Zone_07,0.2867,0.0604,0.1001,0.0757,0.1051,0.0325,0.0541,0.2867,0.2051,0.0137,0.0667
CT014699,Zone_08,Zone_07,0.2948,0.0648,0.083,0.0843,0.1244,0.0377,0.0515,0.2948,0.1844,0.0099,0.0651
CT015110,Zone_07,Zone_08,0.269,0.0583,0.0822,0.0915,0.1047,0.0448,0.0439,0.2222,0.269,0.0101,0.0734
CT018536,Zone_02,Zone_08,0.2898,0.067,0.0583,0.0942,0.1093,0.0517,0.0383,0.2065,0.2898,0.0077,0.0771
CT004364,Zone_10,Zone_07,0.2616,0.0628,0.0773,0.0981,0.1187,0.0464,0.057,0.2616,0.2186,0.0111,0.0484
CT012484,Zone_07,Zone_08,0.2755,0.0628,0.0845,0.0773,0.1041,0.0515,0.0603,0.2136,0.2755,0.0095,0.0609
CT003206,Zone_08,Zone_08,0.2657,0.0688,0.0552,0.1139,0.1028,0.046,0.0321,0.2411,0.2657,0.0058,0.0687
CT010724,Zone_03,Zone_08,0.3151,0.0467,0.0574,0.0864,0.163,0.0422,0.0402,0.1951,0.3151,0.0066,0.0473
CT016270,Zone_07,Zone_07,0.3428,0.048,0.0823,0.092,0.1381,0.0206,0.0285,0.3428,0.1787,0.015,0.054
CT009983,Zone_10,Zone_07,0.3267,0.0577,0.0915,0.1053,0.1435,0.0324,0.0484,0.3267,0.1462,0.0067,0.0416
CT006545,Zone_04,Zone_07,0.2861,0.0739,0.0665,0.0915,0.12,0.0434,0.0312,0.2861,0.2038,0.0111,0.0725
CT013058,Zone_07,Zone_07,0.3004,0.0716,0.0814,0.0969,0.1186,0.0221,0.0265,0.3004,0.2121,0.0075,0.0628
CT011391,Zone_04,Zone_07,0.2751,0.0569,0.0834,0.1326,0.1222,0.0362,0.0242,0.2751,0.1927,0.0085,0.0682
CT016543,Zone_04,Zone_07,0.3612,0.0444,0.0648,0.0952,0.1363,0.0243,0.025,0.3612,0.1867,0.0089,0.0531
CT014697,Zone_01,Zone_08,0.3339,0.056,0.0695,0.0702,0.1543,0.033,0.0422,0.196,0.3339,0.0023,0.0426
CT010490,Zone_08,Zone_07,0.2876,0.0526,0.067,0.1111,0.1228,0.0421,0.036,0.2876,0.2135,0.0163,0.0509
CT001830,Zone_08,Zone_07,0.3236,0.0644,0.0918,0.0977,0.1227,0.0318,0.037,0.3236,0.1822,0.0085,0.0402
CT008718,Zone_02,Zone_07,0.2886,0.0774,0.0902,0.0828,0.1387,0.0324,0.0223,0.2886,0.1959,0.0079,0.064
CT013174,Zone_08,Zone_07,0.3174,0.0557,0.0748,0.0713,0.123,0.0464,0.0515,0.3174,0.1779,0.0132,0.0689
CT009505,Zone_07,Zone_07,0.2533,0.0569,0.0612,0.0998,0.1074,0.0369,0.0651,0.2533,0.2425,0.0188,0.0581
CT006522,Zone_08,Zone_08,0.2787,0.045,0.0841,0.0819,0.1347,0.0351,0.0527,0.2224,0.2787,0.0042,0.0613
CT018660,Zone_08,Zone_08,0.3142,0.0677,0.0784,0.0604,0.1802,0.0378,0.0299,0.1836,0.3142,0.0035,0.0445
CT015351,Zone_03,Zone_08,0.2511,0.0652,0.0921,0.0887,0.1249,0.0243,0.0483,0.242,0.2511,0.0149,0.0485
CT009048,Zone_08,Zone_08,0.3172,0.0492,0.0627,0.0758,0.1573,0.0425,0.0444,0.1978,0.3172,0.0054,0.0477
CT012780,Zone_07,Zone_07,0.2673,0.0483,0.0714,0.0892,0.1582,0.0453,0.0434,0.2673,0.2144,0.0093,0.0531
CT019844,Zone_07,Zone_07,0.3328,0.049,0.0731,0.0704,0.1457,0.0471,0.0315,0.3328,0.1736,0.0096,0.0674
CT012602,Zone_06,Zone_07,0.2861,0.0635,0.0735,0.0963,0.1165,0.0365,0.0444,0.2861,0.2002,0.0091,0.074
CT004285,Zone_06,Zone_07,0.3189,0.0671,0.0732,0.0958,0.1322,0.0322,0.0516,0.3189,0.1527,0.0123,0.0639
CT002864,Zone_03,Zone_07,0.3034,0.0606,0.0957,0.097,0.1252,0.032,0.0373,0.3034,0.1848,0.0125,0.0515
CT007820,Zone_08,Zone_07,0.2793,0.0707,0.0759,0.0627,0.1262,0.0468,0.036,0.2793,0.2352,0.0085,0.0587
CT015776,Zone_07,Zone_08,0.2534,0.0632,0.0859,0.0811,0.1032,0.0435,0.0481,0.236,0.2534,0.0096,0.0759
CT019874,Zone_04,Zone_07,0.2978,0.0792,0.0938,0.0658,0.1509,0.0632,0.0273,0.2978,0.1394,0.0101,0.0726
CT019503,Zone_07,Zone_07,0.2704,0.0558,0.1152,0.1046,0.1018,0.0328,0.04,0.2704,0.2044,0.0121,0.0631
CT005881,Zone_04,Zone_07,0.2714,0.0638,0.0821,0.1123,0.1273,0.0368,0.0323,0.2714,0.2165,0.0154,0.042
CT013188,Zone_03,Zone_07,0.284,0.0572,0.0633,0.0916,0.1505,0.025,0.0435,0.284,0.2206,0.0091,0.0552
CT013895,Zone_01,Zone_08,0.2423,0.0516,0.0902,0.0777,0.1757,0.0351,0.0571,0.2084,0.2423,0.0062,0.0555
CT004274,Zone_07,Zone_07,0.3312,0.05,0.0807,0.111,0.1163,0.0266,0.0375,0.3312,0.1854,0.0089,0.0526
CT001154,Zone_03,Zone_07,0.2472,0.0608,0.0676,0.0925,0.1358,0.0675,0.0404,0.2472,0.1988,0.0127,0.0767
CT011950,Zone_08,Zone_07,0.2935,0.0511,0.0504,0.0905,0.1444,0.0294,0.0371,0.2935,0.2515,0.0083,0.0437
CT004532,Zone_04,Zone_07,0.2775,0.0548,0.0941,0.102,0.1538,0.0395,0.0329,0.2775,0.1772,0.0179,0.0503
CT014691,Zone_06,Zone_08,0.2706,0.0521,0.07,0.0749,0.1486,0.0384,0.0485,0.2414,0.2706,0.0036,0.0517
CT019988,Zone_07,Zone_07,0.2597,0.0554,0.101,0.1037,0.1497,0.0398,0.0454,0.2597,0.1843,0.0138,0.0472
CT005142,Zone_07,Zone_07,0.317,0.0567,0.0593,0.1007,0.1171,0.0389,0.0359,0.317,0.2038,0.0121,0.0585
CT007514,Zone_07,Zone_07,0.2888,0.0555,0.1036,0.1022,0.1026,0.034,0.032,0.2888,0.198,0.0116,0.0716
CT015396,Zone_06,Zone_07,0.2611,0.0702,0.0956,0.1388,0.1256,0.0324,0.0241,0.2611,0.1844,0.0122,0.0556
CT008740,Zone_07,Zone_07,0.3371,0.0659,0.0918,0.0945,0.1176,0.0312,0.0295,0.3371,0.1594,0.014,0.0591
CT016345,Zone_07,Zone_07,0.2768,0.0517,0.0675,0.1197,0.1211,0.0313,0.0439,0.2768,0.2381,0.0068,0.0431
CT001580,Zone_07,Zone_07,0.2659,0.0719,0.0764,0.0867,0.1205,0.0424,0.0395,0.2659,0.2149,0.0154,0.0664
CT019081,Zone_08,Zone_07,0.2728,0.0607,0.0652,0.1033,0.1175,0.0334,0.0468,0.2728,0.2029,0.0286,0.0687
CT002546,Zone_05,Zone_07,0.2792,0.0512,0.1084,0.0734,0.1467,0.0319,0.0374,0.2792,0.1997,0.006,0.0661
CT001046,Zone_04,Zone_07,0.2598,0.0735,0.0703,0.097,0.1131,0.0289,0.0409,0.2598,0.2315,0.0217,0.0633
CT002075,Zone_05,Zone_07,0.3048,0.0445,0.073,0.0788,0.1437,0.0303,0.0421,0.3048,0.2141,0.0054,0.0634
CT004981,Zone_06,Zone_07,0.2848,0.0488,0.095,0.0949,0.135,0.0376,0.0378,0.2848,0.1984,0.0114,0.0564
CT006402,Zone_01,Zone_07,0.3074,0.0542,0.0857,0.0799,0.1203,0.0445,0.0515,0.3074,0.1762,0.0168,0.0634
CT013406,Zone_08,Zone_07,0.2757,0.0511,0.1017,0.0818,0.1371,0.0276,0.0401,0.2757,0.2172,0.0043,0.0634
CT003999,Zone_04,Zone_08,0.2491,0.045,0.0656,0.0952,0.1239,0.052,0.0507,0.2483,0.2491,0.0095,0.0607
CT008178,Zone_07,Zone_08,0.282,0.0708,0.0814,0.0933,0.1138,0.0356,0.0301,0.2239,0.282,0.007,0.0621
CT019174,Zone_04,Zone_08,0.2923,0.0639,0.0626,0.0952,0.1459,0.0315,0.0387,0.2092,0.2923,0.0192,0.0416
CT002825,Zone_10,Zone_07,0.3135,0.0587,0.0915,0.0941,0.1266,0.0354,0.0404,0.3135,0.1717,0.0141,0.0539
CT013837,Zone_07,Zone_07,0.2579,0.0586,0.0944,0.092,0.118,0.0298,0.0512,0.2579,0.2304,0.0189,0.0487
CT000646,Zone_06,Zone_07,0.2588,0.0662,0.0898,0.0979,0.1492,0.0386,0.0432,0.2588,0.1824,0.0175,0.0565
CT011723,Zone_07,Zone_07,0.358,0.0548,0.0746,0.0682,0.1493,0.0327,0.0316,0.358,0.1719,0.0107,0.0483
CT006219,Zone_01,Zone_07,0.282,0.0526,0.0661,0.0749,0.1741,0.0348,0.0353,0.282,0.2295,0.0128,0.0379
CT010605,Zone_08,Zone_07,0.2915,0.0541,0.0778,0.0656,0.1411,0.038,0.0501,0.2915,0.2075,0.0107,0.0636
CT012964,Zone_07,Zone_07,0.2758,0.0676,0.0933,0.0808,0.1142,0.0364,0.0542,0.2758,0.2219,0.0099,0.0458
CT019333,Zone_07,Zone_07,0.29,0.0501,0.1041,0.0796,0.1146,0.0476,0.035,0.29,0.1981,0.013,0.0679
CT002781,Zone_03,Zone_07,0.2399,0.0647,0.0554,0.1068,0.1355,0.0568,0.04,0.2399,0.236,0.0121,0.0527
CT005844,Zone_07,Zone_08,0.2609,0.073,0.0681,0.0772,0.1352,0.0539,0.0484,0.218,0.2609,0.0084,0.0569
CT016272,Zone_09,Zone_07,0.2466,0.0696,0.1256,0.1272,0.1233,0.0352,0.0217,0.2466,0.1878,0.0081,0.0548
CT019999,Zone_08,Zone_07,0.2615,0.0736,0.0874,0.076,0.1158,0.0362,0.0451,0.2615,0.2408,0.007,0.0566
CT010647,Zone_08,Zone_08,0.3078,0.0646,0.0694,0.1576,0.1034,0.0309,0.0439,0.1427,0.3078,0.0001,0.0795
CT019947,Zone_07,Zone_07,0.2873,0.0497,0.0819,0.0748,0.1504,0.0265,0.0417,0.2873,0.2283,0.003,0.0563
CT005332,Zone_07,Zone_07,0.2608,0.0746,0.0653,0.0957,0.1401,0.0316,0.0326,0.2608,0.2278,0.0117,0.0598
CT003346,Zone_08,Zone_07,0.321,0.0507,0.0507,0.0851,0.1454,0.0416,0.041,0.321,0.1954,0.0056,0.0634
CT005609,Zone_08,Zone_07,0.3294,0.0558,0.0541,0.0876,0.1503,0.0246,0.0283,0.3294,0.2141,0.0098,0.0461
CT019514,Zone_07,Zone_07,0.2786,0.0735,0.0575,0.0947,0.1189,0.0423,0.0364,0.2786,0.2211,0.0094,0.0674
CT013136,Zone_10,Zone_07,0.2632,0.0603,0.0823,0.0841,0.1381,0.0498,0.0472,0.2632,0.186,0.0072,0.0819
CT018254,Zone_01,Zone_07,0.2623,0.0697,0.079,0.1112,0.1385,0.0315,0.0398,0.2623,0.2048,0.0137,0.0494
CT004521,Zone_03,Zone_07,0.2607,0.0699,0.0531,0.0989,0.1409,0.0367,0.0295,0.2607,0.2448,0.0151,0.0503
CT006517,Zone_07,Zone_07,0.3737,0.0479,0.0812,0.0973,0.0958,0.029,0.0367,0.3737,0.1731,0.0124,0.053
CT014939,Zone_07,Zone_07,0.3,0.0683,0.0712,0.1033,0.1204,0.0374,0.0377,0.3,0.1807,0.0069,0.074
CT007530,Zone_01,Zone_07,0.2904,0.0535,0.0575,0.1009,0.1735,0.0215,0.0409,0.2904,0.2019,0.0139,0.0459
CT013699,Zone_04,Zone_07,0.2919,0.0736,0.0952,0.0832,0.1286,0.034,0.0339,0.2919,0.1788,0.0124,0.0685
CT015302,Zone_01,Zone_08,0.2572,0.0775,0.0584,0.0916,0.1261,0.0444,0.0324,0.2159,0.2572,0.0098,0.0867
CT001845,Zone_03,Zone_07,0.2879,0.0479,0.0898,0.0824,0.1505,0.026,0.0517,0.2879,0.1962,0.0076,0.0599
CT016878,Zone_02,Zone_08,0.23,0.068,0.1089,0.082,0.1203,0.0422,0.0604,0.2269,0.23,0.0097,0.0517
CT014213,Zone_03,Zone_08,0.3482,0.0645,0.0583,0.0912,0.1103,0.0419,0.0284,0.2063,0.3482,0.0068,0.0441
CT004956,Zone_04,Zone_07,0.2714,0.0508,0.0986,0.1092,0.1083,0.0358,0.0299,0.2714,0.2195,0.0068,0.0699
CT017983,Zone_06,Zone_08,0.2462,0.0392,0.0958,0.0878,0.1665,0.0338,0.0429,0.2335,0.2462,0.0073,0.0469
CT013838,Zone_05,Zone_07,0.2579,0.0657,0.1144,0.0688,0.1245,0.0537,0.0378,0.2579,0.1868,0.0212,0.0693
CT010501,Zone_05,Zone_08,0.253,0.0668,0.0778,0.1007,0.1226,0.0325,0.0447,0.227,0.253,0.0067,0.0681
CT003157,Zone_02,Zone_07,0.2591,0.0724,0.0802,0.0872,0.1307,0.0483,0.055,0.2591,0.2029,0.014,0.0502
CT014817,Zone_07,Zone_07,0.2936,0.0745,0.0766,0.0813,0.1285,0.0361,0.0335,0.2936,0.1916,0.011,0.0733
CT019780,Zone_01,Zone_08,0.2611,0.0752,0.0795,0.0893,0.1405,0.0376,0.0409,0.198,0.2611,0.0148,0.0631
CT002061,Zone_10,Zone_07,0.2736,0.0512,0.0559,0.1156,0.126,0.0369,0.0371,0.2736,0.2468,0.0154,0.0414
CT013935,Zone_07,Zone_07,0.2756,0.0577,0.0643,0.1096,0.1387,0.03,0.0318,0.2756,0.2257,0.005,0.0615
CT011630,Zone_07,Zone_07,0.3675,0.0515,0.0735,0.0851,0.1162,0.039,0.0291,0.3675,0.1652,0.0144,0.0585
CT014337,Zone_08,Zone_07,0.362,0.0469,0.0674,0.0883,0.1268,0.0311,0.0251,0.362,0.1829,0.0083,0.0612
CT005808,Zone_07,Zone_07,0.281,0.0634,0.1062,0.1103,0.1187,0.0311,0.0558,0.281,0.1769,0.0071,0.0495
CT008583,Zone_07,Zone_07,0.2446,0.0695,0.0795,0.0716,0.1503,0.0601,0.0407,0.2446,0.1956,0.0132,0.0748
CT001061,Zone_10,Zone_07,0.3339,0.0589,0.0524,0.0707,0.1581,0.0389,0.0295,0.3339,0.1907,0.0069,0.06
CT007004,Zone_07,Zone_07,0.2942,0.0665,0.073,0.1006,0.1414,0.0346,0.0282,0.2942,0.2006,0.0077,0.0531
CT003264,Zone_08,Zone_07,0.3199,0.0588,0.0523,0.1031,0.1107,0.0295,0.046,0.3199,0.1999,0.0166,0.0632
CT002234,Zone_10,Zone_07,0.2618,0.0574,0.0831,0.1012,0.1185,0.0383,0.0381,0.2618,0.225,0.011,0.0655
CT013940,Zone_06,Zone_07,0.322,0.059,0.0606,0.0802,0.154,0.0254,0.0366,0.322,0.2112,0.0066,0.0444
CT001374,Zone_07,Zone_07,0.2825,0.0751,0.0634,0.0856,0.1349,0.0433,0.0326,0.2825,0.2173,0.0184,0.0469
CT016783,Zone_02,Zone_07,0.2908,0.0684,0.069,0.0807,0.1328,0.0429,0.0371,0.2908,0.1965,0.0112,0.0706
CT013327,Zone_06,Zone_07,0.2966,0.0697,0.0673,0.1016,0.1165,0.0402,0.0349,0.2966,0.1938,0.0064,0.0728
CT000454,Zone_01,Zone_07,0.2887,0.0604,0.0717,0.0985,0.1145,0.0379,0.0437,0.2887,0.214,0.0118,0.0589
CT011967,Zone_08,Zone_08,0.2629,0.0535,0.0632,0.0876,0.1707,0.0388,0.0399,0.2235,0.2629,0.0045,0.0554
CT009771,Zone_05,Zone_08,0.2616,0.0644,0.0871,0.0912,0.1072,0.0479,0.0552,0.2182,0.2616,0.013,0.0541
CT006245,Zone_03,Zone_08,0.32,0.0565,0.0615,0.094,0.125,0.0325,0.0466,0.2079,0.32,0.0174,0.0387
CT019358,Zone_02,Zone_07,0.2862,0.0642,0.0517,0.1004,0.1482,0.0266,0.0379,0.2862,0.2189,0.0079,0.0579
CT015880,Zone_07,Zone_08,0.2346,0.0513,0.1076,0.0563,0.1569,0.0515,0.0475,0.2141,0.2346,0.0074,0.0729
CT015243,Zone_03,Zone_07,0.2849,0.0784,0.0875,0.0865,0.1266,0.04,0.0403,0.2849,0.1851,0.0088,0.062
CT015567,Zone_07,Zone_07,0.2531,0.0486,0.072,0.1403,0.1283,0.0354,0.0408,0.2531,0.2136,0.015,0.0529
CT010340,Zone_08,Zone_07,0.2575,0.0655,0.1127,0.093,0.1184,0.0347,0.0338,0.2575,0.1981,0.0168,0.0694
CT013245,Zone_04,Zone_07,0.2835,0.0574,0.0854,0.1039,0.1493,0.0329,0.046,0.2835,0.1881,0.008,0.0453
CT015354,Zone_07,Zone_07,0.3388,0.0358,0.0897,0.0997,0.1476,0.0204,0.0457,0.3388,0.1618,0.0067,0.0538
CT013142,Zone_02,Zone_08,0.2682,0.0584,0.0681,0.0771,0.1774,0.0353,0.0376,0.2212,0.2682,0.0032,0.0534
CT015735,Zone_07,Zone_07,0.2557,0.0461,0.1059,0.085,0.1499,0.0371,0.0378,0.2557,0.2188,0.0058,0.0579
CT007361,Zone_08,Zone_08,0.2448,0.0423,0.1028,0.0772,0.1441,0.0385,0.0567,0.2298,0.2448,0.0087,0.055
CT012161,Zone_02,Zone_07,0.3159,0.0406,0.0717,0.0762,0.1395,0.0492,0.0495,0.3159,0.1808,0.0089,0.0676
CT007762,Zone_10,Zone_07,0.2752,0.0501,0.0704,0.093,0.1449,0.0371,0.0394,0.2752,0.2287,0.0094,0.0519
CT009990,Zone_04,Zone_07,0.2628,0.0607,0.0908,0.1056,0.0979,0.032,0.0306,0.2628,0.2408,0.0187,0.0602
CT013885,Zone_08,Zone_08,0.244,0.0897,0.0674,0.0917,0.1296,0.0311,0.0371,0.2385,0.244,0.0051,0.0659
CT001692,Zone_06,Zone_07,0.2701,0.0509,0.1031,0.1055,0.1342,0.0309,0.044,0.2701,0.2083,0.0114,0.0415
CT015993,Zone_03,Zone_08,0.2509,0.0602,0.0728,0.1092,0.117,0.0372,0.0431,0.2368,0.2509,0.0043,0.0684
CT006582,Zone_07,Zone_08,0.2537,0.0909,0.0717,0.0809,0.1338,0.0397,0.0418,0.2142,0.2537,0.0063,0.0669
CT014420,Zone_01,Zone_07,0.2687,0.0605,0.0767,0.1112,0.1311,0.0425,0.0334,0.2687,0.2129,0.0091,0.054
CT007553,Zone_04,Zone_08,0.2644,0.0788,0.0611,0.0974,0.1281,0.0345,0.04,0.2205,0.2644,0.0076,0.0677
CT018781,Zone_08,Zone_07,0.2501,0.0745,0.0881,0.0975,0.1107,0.0331,0.0479,0.2501,0.2364,0.013,0.0486
CT019256,Zone_02,Zone_07,0.3213,0.0567,0.0816,0.1056,0.0999,0.0313,0.0366,0.3213,0.1944,0.0119,0.0606
CT009256,Zone_01,Zone_07,0.288,0.0678,0.1048,0.0875,0.1067,0.0343,0.0257,0.288,0.2014,0.0094,0.0744
CT012687,Zone_07,Zone_07,0.2786,0.0547,0.0635,0.0876,0.1312,0.0362,0.0611,0.2786,0.2174,0.0139,0.0558
CT017407,Zone_04,Zone_07,0.252,0.0633,0.0713,0.0992,0.1444,0.0315,0.0439,0.252,0.2048,0.0315,0.0581
CT003347,Zone_07,Zone_07,0.2753,0.0603,0.0841,0.0893,0.1067,0.0366,0.046,0.2753,0.2135,0.0171,0.0711
CT001746,Zone_07,Zone_07,0.3549,0.0485,0.0858,0.0816,0.1548,0.0257,0.0275,0.3549,0.1663,0.0059,0.049
CT001279,Zone_07,Zone_07,0.2984,0.0729,0.091,0.0985,0.1239,0.0282,0.0354,0.2984,0.1851,0.0071,0.0595
CT011040,Zone_07,Zone_07,0.2915,0.0689,0.0848,0.089,0.142,0.043,0.0342,0.2915,0.1857,0.0126,0.0482
CT012358,Zone_04,Zone_07,0.2863,0.0745,0.0686,0.097,0.1323,0.0261,0.0319,0.2863,0.224,0.0082,0.0511
CT018440,Zone_03,Zone_07,0.3033,0.065,0.0829,0.0618,0.1242,0.0644,0.041,0.3033,0.1731,0.0117,0.0727
CT003092,Zone_06,Zone_07,0.2941,0.0643,0.0509,0.1049,0.1298,0.0357,0.0325,0.2941,0.2297,0.0113,0.0468
CT013598,Zone_07,Zone_07,0.2957,0.0771,0.0878,0.0893,0.1221,0.042,0.0315,0.2957,0.1827,0.0077,0.064
CT011116,Zone_08,Zone_07,0.3029,0.0597,0.0704,0.1025,0.1049,0.0413,0.0442,0.3029,0.202,0.009,0.0632
CT013367,Zone_08,Zone_07,0.2658,0.0629,0.088,0.0936,0.1077,0.0346,0.0317,0.2658,0.2218,0.0106,0.0832
CT005362,Zone_02,Zone_07,0.3541,0.0611,0.0829,0.1078,0.1215,0.0249,0.0321,0.3541,0.1676,0.0136,0.0344
CT007978,Zone_10,Zone_07,0.2627,0.054,0.0727,0.0753,0.1588,0.033,0.0363,0.2627,0.2368,0.0044,0.0661
CT019219,Zone_10,Zone_07,0.2468,0.0636,0.0793,0.0762,0.1347,0.0355,0.0536,0.2468,0.2455,0.0204,0.0445
CT008245,Zone_10,Zone_07,0.2897,0.0528,0.0944,0.0849,0.1201,0.0383,0.0531,0.2897,0.1954,0.018,0.0532
CT004130,Zone_06,Zone_07,0.2531,0.0531,0.095,0.1051,0.1433,0.0455,0.0469,0.2531,0.1911,0.018,0.049
CT002667,Zone_06,Zone_07,0.2775,0.0584,0.0947,0.0882,0.1371,0.0338,0.0474,0.2775,0.2018,0.0136,0.0476
CT015590,Zone_07,Zone_08,0.2662,0.0556,0.0897,0.096,0.1025,0.0347,0.0449,0.2255,0.2662,0.0277,0.0571
CT006774,Zone_10,Zone_08,0.2711,0.0533,0.0513,0.1043,0.119,0.0532,0.044,0.2396,0.2711,0.0097,0.0544
CT017756,Zone_07,Zone_07,0.3229,0.0568,0.0759,0.0637,0.1649,0.0267,0.0383,0.3229,0.1912,0.0061,0.0534
CT015010,Zone_08,Zone_07,0.268,0.0587,0.0726,0.1072,0.0997,0.0432,0.0568,0.268,0.22,0.0101,0.0639
CT011019,Zone_03,Zone_08,0.2802,0.0633,0.0753,0.1013,0.118,0.0363,0.0443,0.2122,0.2802,0.0098,0.0593
CT001847,Zone_04,Zone_07,0.2787,0.0805,0.0661,0.0852,0.1385,0.036,0.0411,0.2787,0.2085,0.0128,0.0526
CT008887,Zone_02,Zone_07,0.2859,0.0629,0.0736,0.065,0.1283,0.0471,0.0472,0.2859,0.2053,0.0171,0.0675
CT004703,Zone_04,Zone_07,0.29,0.068,0.0686,0.0916,0.1193,0.0411,0.0343,0.29,0.1984,0.0122,0.0764
CT013283,Zone_09,Zone_07,0.266,0.0688,0.0629,0.1103,0.1305,0.026,0.0284,0.266,0.255,0.0078,0.0444
CT000194,Zone_07,Zone_08,0.2491,0.0716,0.0642,0.0953,0.1272,0.0478,0.0337,0.2386,0.2491,0.0089,0.0636
CT002015,Zone_08,Zone_08,0.2598,0.0652,0.0651,0.0749,0.1182,0.0572,0.0712,0.2033,0.2598,0.0086,0.0766
CT011611,Zone_02,Zone_08,0.2866,0.0728,0.0613,0.091,0.1436,0.0394,0.031,0.2139,0.2866,0.0088,0.0518
CT011047,Zone_07,Zone_07,0.2701,0.0839,0.0737,0.0802,0.1439,0.0436,0.0344,0.2701,0.2055,0.0113,0.0533
CT016387,Zone_01,Zone_07,0.3193,0.0515,0.0938,0.1007,0.1321,0.0303,0.0433,0.3193,0.1642,0.0125,0.0522
CT002235,Zone_07,Zone_07,0.2626,0.059,0.0601,0.1123,0.0988,0.0376,0.0443,0.2626,0.2468,0.0124,0.0662
CT014149,Zone_08,Zone_08,0.263,0.0552,0.0775,0.0855,0.1011,0.0497,0.0644,0.2228,0.263,0.0169,0.064
CT016098,Zone_03,Zone_08,0.2645,0.0621,0.0634,0.1029,0.1391,0.0283,0.0416,0.239,0.2645,0.0156,0.0435
CT008504,Zone_08,Zone_08,0.2319,0.0624,0.0908,0.0742,0.1607,0.0367,0.0417,0.2294,0.2319,0.0052,0.067
CT010153,Zone_02,Zone_08,0.2773,0.0615,0.0605,0.0864,0.1361,0.0461,0.0499,0.2157,0.2773,0.0142,0.0523
CT006191,Zone_07,Zone_07,0.2826,0.0575,0.0617,0.0995,0.1273,0.0339,0.0561,0.2826,0.2158,0.0166,0.0491
CT014620,Zone_03,Zone_07,0.3298,0.0636,0.0848,0.1001,0.1058,0.0295,0.0314,0.3298,0.1823,0.0103,0.0624
CT000032,Zone_10,Zone_08,0.2565,0.0547,0.0643,0.0938,0.1127,0.046,0.0499,0.2432,0.2565,0.0065,0.0723
CT016518,Zone_07,Zone_07,0.2587,0.0721,0.0822,0.0974,0.117,0.0337,0.0336,0.2587,0.2243,0.0106,0.0704
CT010483,Zone_07,Zone_07,0.2624,0.0614,0.049,0.092,0.1294,0.0457,0.0564,0.2624,0.2323,0.0135,0.058
CT008502,Zone_07,Zone_08,0.2414,0.0553,0.092,0.0795,0.1529,0.0324,0.0442,0.2352,0.2414,0.0037,0.0633
CT013939,Zone_08,Zone_07,0.3061,0.0502,0.0889,0.0935,0.1278,0.0323,0.0621,0.3061,0.1638,0.023,0.0522
CT000383,Zone_07,Zone_07,0.2877,0.0733,0.1087,0.1052,0.1199,0.0359,0.0392,0.2877,0.1909,0.0085,0.0307
CT001259,Zone_07,Zone_08,0.2461,0.0597,0.0677,0.1106,0.1296,0.047,0.0473,0.2339,0.2461,0.0161,0.0419
CT018794,Zone_09,Zone_08,0.2652,0.0661,0.0647,0.096,0.1043,0.038,0.0641,0.235,0.2652,0.0131,0.0535
CT018193,Zone_01,Zone_07,0.2581,0.0606,0.1007,0.0961,0.1331,0.0381,0.0487,0.2581,0.191,0.0185,0.0549
CT012954,Zone_08,Zone_07,0.2361,0.0875,0.072,0.0837,0.1422,0.0378,0.0309,0.2361,0.2314,0.0197,0.0587
CT007983,Zone_06,Zone_08,0.2611,0.0589,0.0828,0.0975,0.1238,0.0381,0.0413,0.2203,0.2611,0.013,0.0632
CT012498,Zone_05,Zone_07,0.2494,0.0572,0.0704,0.1186,0.1215,0.0358,0.0472,0.2494,0.2337,0.0175,0.0487
CT007173,Zone_08,Zone_07,0.3356,0.0676,0.0857,0.0714,0.1272,0.0522,0.0333,0.3356,0.1578,0.0099,0.0595
CT004494,Zone_03,Zone_07,0.3032,0.0597,0.0675,0.0863,0.1372,0.03,0.0435,0.3032,0.2121,0.0126,0.0479
CT014334,Zone_02,Zone_07,0.3094,0.0673,0.0803,0.0894,0.1281,0.0402,0.0317,0.3094,0.1754,0.0105,0.0678
CT013583,Zone_07,Zone_07,0.2611,0.0651,0.0617,0.1251,0.1296,0.0244,0.0471,0.2611,0.2317,0.0074,0.0468
CT002789,Zone_10,Zone_07,0.2719,0.0558,0.1134,0.0671,0.1469,0.0255,0.0406,0.2719,0.213,0.005,0.0609
CT011048,Zone_08,Zone_08,0.2649,0.0641,0.0485,0.1132,0.1085,0.0314,0.0549,0.2367,0.2649,0.0107,0.0671
CT019661,Zone_08,Zone_07,0.328,0.0531,0.0538,0.1058,0.1437,0.0198,0.0389,0.328,0.1957,0.0107,0.0505
CT001233,Zone_01,Zone_07,0.2399,0.0842,0.0516,0.0974,0.1377,0.0486,0.0511,0.2399,0.203,0.009,0.0774
CT015933,Zone_02,Zone_07,0.3621,0.0553,0.0733,0.064,0.1412,0.0361,0.029,0.3621,0.1661,0.01,0.0628
CT000512,Zone_07,Zone_07,0.2788,0.0648,0.0919,0.0896,0.1131,0.0319,0.0428,0.2788,0.211,0.0182,0.0578
CT017314,Zone_06,Zone_07,0.2682,0.0506,0.1109,0.0688,0.1382,0.0268,0.043,0.2682,0.2243,0.0042,0.0649
CT012501,Zone_07,Zone_07,0.2573,0.0678,0.0832,0.0844,0.1177,0.0429,0.0338,0.2573,0.2325,0.0147,0.0657
CT002870,Zone_02,Zone_08,0.2838,0.0531,0.092,0.0907,0.0983,0.0375,0.047,0.2099,0.2838,0.035,0.0527
CT015451,Zone_04,Zone_07,0.2931,0.0615,0.0657,0.0706,0.1866,0.0298,0.0295,0.2931,0.1933,0.0086,0.0613
CT005117,Zone_08,Zone_07,0.2808,0.0487,0.062,0.1146,0.1331,0.026,0.0492,0.2808,0.2171,0.0269,0.0415
CT002716,Zone_01,Zone_07,0.262,0.0765,0.0942,0.0877,0.1137,0.0402,0.0288,0.262,0.2204,0.0079,0.0687
CT010802,Zone_04,Zone_08,0.2774,0.056,0.0763,0.1126,0.1007,0.0424,0.0393,0.2153,0.2774,0.0178,0.0621
CT002606,Zone_03,Zone_08,0.3063,0.075,0.0706,0.078,0.1249,0.0357,0.037,0.228,0.3063,0.006,0.0386
CT018086,Zone_03,Zone_08,0.3186,0.0524,0.099,0.0596,0.132,0.0331,0.0588,0.1911,0.3186,0.0036,0.0518
CT009286,Zone_03,Zone_08,0.2515,0.0582,0.0606,0.0857,0.1656,0.029,0.0463,0.227,0.2515,0.006,0.0699
CT018800,Zone_05,Zone_07,0.2944,0.0687,0.1062,0.08,0.1229,0.0496,0.0444,0.2944,0.1587,0.0154,0.0597
CT000907,Zone_08,Zone_08,0.2664,0.0853,0.0697,0.0823,0.1249,0.0451,0.0426,0.1922,0.2664,0.0216,0.0699
CT005264,Zone_07,Zone_07,0.3022,0.0468,0.0811,0.0777,0.1428,0.0332,0.0456,0.3022,0.2014,0.0101,0.0591
CT011779,Zone_05,Zone_07,0.2508,0.0749,0.0532,0.0897,0.122,0.0371,0.0408,0.2508,0.2479,0.0243,0.0592
CT013191,Zone_04,Zone_07,0.2366,0.056,0.0791,0.1057,0.1311,0.0463,0.0328,0.2366,0.2297,0.0162,0.0665
CT011795,Zone_08,Zone_07,0.2572,0.0549,0.0751,0.0714,0.175,0.0295,0.0268,0.2572,0.2512,0.0052,0.0537
CT014951,Zone_07,Zone_08,0.2763,0.0775,0.0869,0.0808,0.1198,0.0375,0.0304,0.2165,0.2763,0.0075,0.0668
CT005734,Zone_06,Zone_07,0.2976,0.063,0.1085,0.1003,0.1162,0.0388,0.0508,0.2976,0.1621,0.0106,0.052
CT005847,Zone_10,Zone_07,0.2593,0.0597,0.0526,0.1055,0.1361,0.042,0.0508,0.2593,0.2228,0.0196,0.0517
CT009695,Zone_07,Zone_07,0.2503,0.1116,0.0776,0.0945,0.1465,0.0391,0.0281,0.2503,0.1815,0.0043,0.0665
CT000423,Zone_02,Zone_07,0.2527,0.054,0.099,0.1123,0.1051,0.0368,0.0398,0.2527,0.2301,0.0229,0.0474
CT009973,Zone_10,Zone_07,0.2424,0.0622,0.0887,0.0883,0.1324,0.0451,0.0525,0.2424,0.2228,0.0111,0.0545
CT000895,Zone_07,Zone_07,0.2808,0.0674,0.0742,0.082,0.1357,0.0344,0.0263,0.2808,0.214,0.0111,0.0741
CT017845,Zone_07,Zone_07,0.2799,0.0458,0.0695,0.1045,0.113,0.0402,0.0605,0.2799,0.2009,0.0133,0.0725
CT010593,Zone_08,Zone_07,0.2968,0.0731,0.0828,0.077,0.1202,0.038,0.0442,0.2968,0.1959,0.0124,0.0597
CT007637,Zone_08,Zone_08,0.2538,0.0751,0.0566,0.0801,0.132,0.0405,0.0542,0.2495,0.2538,0.009,0.0492
CT015618,Zone_01,Zone_07,0.2686,0.0527,0.1023,0.0875,0.1168,0.0355,0.0622,0.2686,0.2058,0.0148,0.0538
CT013002,Zone_07,Zone_07,0.3098,0.0621,0.0673,0.0658,0.1271,0.0441,0.0365,0.3098,0.2023,0.0152,0.0699
CT005085,Zone_10,Zone_08,0.2301,0.0884,0.0677,0.1041,0.1368,0.0368,0.033,0.2186,0.2301,0.0058,0.0786
CT004429,Zone_04,Zone_07,0.3709,0.0439,0.0764,0.0799,0.1189,0.0297,0.0316,0.3709,0.1835,0.0072,0.0581
CT014897,Zone_02,Zone_07,0.2703,0.0724,0.0902,0.0883,0.1198,0.0255,0.0369,0.2703,0.2239,0.0112,0.0614
CT015369,Zone_04,Zone_07,0.2755,0.0697,0.0668,0.0818,0.1223,0.0498,0.0463,0.2755,0.214,0.009,0.0649
CT007909,Zone_07,Zone_08,0.2211,0.0694,0.1028,0.1337,0.1634,0.0518,0.0243,0.1686,0.2211,0.0115,0.0533
CT004324,Zone_02,Zone_07,0.2848,0.0705,0.0906,0.0641,0.1345,0.0563,0.0401,0.2848,0.1799,0.0161,0.0631
CT010619,Zone_10,Zone_07,0.3921,0.0489,0.0974,0.0723,0.1331,0.0279,0.0345,0.3921,0.1286,0.0044,0.0607
CT001470,Zone_03,Zone_07,0.2664,0.0709,0.0843,0.1035,0.1382,0.0336,0.0334,0.2664,0.2045,0.0131,0.0519
CT010118,Zone_07,Zone_07,0.2846,0.0684,0.0938,0.0893,0.1171,0.0306,0.0399,0.2846,0.2016,0.0163,0.0583
CT018889,Zone_07,Zone_07,0.2635,0.0497,0.0623,0.124,0.1204,0.0403,0.0256,0.2635,0.259,0.0105,0.0446
CT011819,Zone_02,Zone_07,0.309,0.0496,0.0702,0.114,0.1145,0.0392,0.0428,0.309,0.2034,0.013,0.0444
CT015456,Zone_10,Zone_07,0.2931,0.0641,0.0712,0.0708,0.1262,0.0428,0.0588,0.2931,0.2103,0.0115,0.0513
CT005530,Zone_07,Zone_08,0.2803,0.0809,0.0743,0.0712,0.137,0.0492,0.0338,0.2213,0.2803,0.0079,0.0442
CT012530,Zone_03,Zone_07,0.2557,0.0573,0.0582,0.091,0.1218,0.0514,0.0528,0.2557,0.2409,0.009,0.0621
CT018439,Zone_01,Zone_08,0.2592,0.0931,0.0986,0.0925,0.1488,0.0524,0.0261,0.1781,0.2592,0.0062,0.0449
CT018205,Zone_02,Zone_07,0.2715,0.0686,0.0602,0.1038,0.1256,0.0369,0.0176,0.2715,0.2453,0.0104,0.0601
CT013811,Zone_03,Zone_07,0.2985,0.081,0.0611,0.0908,0.1453,0.041,0.033,0.2985,0.1832,0.008,0.0581
CT015936,Zone_02,Zone_08,0.2514,0.0534,0.0553,0.0855,0.1672,0.037,0.0336,0.2459,0.2514,0.0054,0.0653
CT009280,Zone_06,Zone_07,0.2496,0.0642,0.0848,0.093,0.1191,0.0289,0.0394,0.2496,0.2385,0.0122,0.0704
CT005521,Zone_08,Zone_07,0.2645,0.0684,0.0698,0.0912,0.1222,0.0384,0.0383,0.2645,0.216,0.0192,0.0721
CT002708,Zone_01,Zone_07,0.2684,0.0807,0.0662,0.0814,0.1496,0.0437,0.0274,0.2684,0.2164,0.0108,0.0554
CT002961,Zone_07,Zone_08,0.2845,0.0469,0.0667,0.1118,0.1211,0.0299,0.0434,0.2454,0.2845,0.0052,0.0451
CT001105,Zone_03,Zone_08,0.2421,0.047,0.0604,0.0761,0.1559,0.0481,0.0547,0.237,0.2421,0.0077,0.071
CT008819,Zone_07,Zone_08,0.2681,0.0683,0.053,0.0916,0.1271,0.0445,0.0444,0.2172,0.2681,0.0262,0.0597
CT011881,Zone_07,Zone_08,0.2956,0.0675,0.0925,0.0759,0.1041,0.0379,0.0478,0.208,0.2956,0.0065,0.0642
CT003407,Zone_07,Zone_07,0.29,0.0591,0.0958,0.0895,0.1961,0.0238,0.0275,0.29,0.1723,0.0027,0.0431
CT014653,Zone_08,Zone_07,0.301,0.0559,0.0905,0.0804,0.1332,0.0446,0.0386,0.301,0.187,0.0148,0.054
CT007037,Zone_03,Zone_07,0.279,0.0474,0.0688,0.0826,0.1811,0.0335,0.0382,0.279,0.2206,0.008,0.0408
CT002597,Zone_03,Zone_07,0.2414,0.072,0.0903,0.0828,0.1296,0.0424,0.0405,0.2414,0.221,0.0151,0.0648
CT017198,Zone_04,Zone_07,0.3089,0.0569,0.0715,0.0916,0.1441,0.0284,0.0304,0.3089,0.2007,0.0109,0.0566
CT013197,Zone_07,Zone_08,0.2408,0.068,0.077,0.1084,0.1369,0.0261,0.0428,0.2399,0.2408,0.0086,0.0514
CT017113,Zone_02,Zone_07,0.3348,0.0413,0.057,0.1116,0.1168,0.0407,0.046,0.3348,0.1748,0.0095,0.0676
CT006454,Zone_04,Zone_07,0.2915,0.0702,0.0724,0.0726,0.1304,0.0436,0.0351,0.2915,0.2017,0.0142,0.0682
CT011416,Zone_07,Zone_07,0.2632,0.0735,0.0645,0.0913,0.1306,0.0402,0.0412,0.2632,0.2393,0.0081,0.0481
CT012162,Zone_08,Zone_07,0.2576,0.0778,0.0592,0.0872,0.1457,0.0467,0.0334,0.2576,0.2227,0.0133,0.0565
CT007500,Zone_02,Zone_07,0.2694,0.0588,0.0726,0.1027,0.1241,0.0432,0.0473,0.2694,0.2166,0.0139,0.0515
CT003778,Zone_02,Zone_08,0.2474,0.0577,0.0977,0.1027,0.1447,0.0334,0.0298,0.2146,0.2474,0.0214,0.0507
CT009230,Zone_05,Zone_08,0.2897,0.0587,0.0706,0.0722,0.1476,0.0489,0.0457,0.1927,0.2897,0.0038,0.0701
CT002791,Zone_07,Zone_08,0.283,0.0667,0.0689,0.0878,0.1143,0.0356,0.0347,0.2522,0.283,0.0046,0.0521
CT017436,Zone_07,Zone_08,0.3034,0.0714,0.0854,0.0824,0.1077,0.0294,0.0539,0.2125,0.3034,0.0067,0.0472
CT017904,Zone_01,Zone_08,0.2472,0.0645,0.0805,0.0921,0.1153,0.0279,0.0443,0.2389,0.2472,0.0371,0.0521
CT010949,Zone_08,Zone_07,0.3396,0.0403,0.0819,0.0766,0.1463,0.0519,0.0319,0.3396,0.17,0.0086,0.053
CT010544,Zone_07,Zone_07,0.2652,0.0826,0.0676,0.084,0.1292,0.0382,0.0342,0.2652,0.2376,0.0064,0.055
CT010939,Zone_05,Zone_07,0.2608,0.0666,0.0587,0.0907,0.1246,0.0289,0.049,0.2608,0.2566,0.0066,0.0575
CT003875,Zone_09,Zone_07,0.3004,0.0467,0.0824,0.0834,0.1358,0.0441,0.0426,0.3004,0.1868,0.0125,0.0654
CT016779,Zone_07,Zone_07,0.2156,0.0768,0.1046,0.1213,0.1812,0.0436,0.0195,0.2156,0.1766,0.0069,0.0539
CT016571,Zone_07,Zone_07,0.3536,0.0533,0.091,0.0957,0.1209,0.0313,0.0476,0.3536,0.1525,0.0113,0.0427
CT011190,Zone_04,Zone_08,0.2415,0.06,0.0933,0.0696,0.148,0.0357,0.0466,0.239,0.2415,0.0051,0.0613
CT016864,Zone_03,Zone_07,0.2908,0.0707,0.0666,0.0779,0.1285,0.0433,0.0513,0.2908,0.1963,0.0139,0.0606
CT015672,Zone_02,Zone_07,0.3185,0.0652,0.0663,0.1038,0.1145,0.0321,0.0352,0.3185,0.1911,0.012,0.0614
CT014618,Zone_08,Zone_08,0.2201,0.0914,0.0832,0.1233,0.1584,0.0505,0.0184,0.2056,0.2201,0.0084,0.0407
CT010551,Zone_06,Zone_07,0.2772,0.0605,0.057,0.0818,0.1247,0.0465,0.0495,0.2772,0.2297,0.0099,0.0631
CT006706,Zone_08,Zone_07,0.3166,0.0493,0.0667,0.0769,0.1394,0.0353,0.0395,0.3166,0.2116,0.0091,0.0556
CT018788,Zone_02,Zone_07,0.2969,0.0596,0.0831,0.0995,0.1341,0.0302,0.0341,0.2969,0.1944,0.0177,0.0504
CT003040,Zone_08,Zone_07,0.3326,0.0585,0.0624,0.1034,0.1197,0.0309,0.0297,0.3326,0.2091,0.0099,0.0437
CT009689,Zone_03,Zone_07,0.2801,0.0724,0.0892,0.0826,0.1135,0.034,0.0446,0.2801,0.2191,0.0097,0.0549
CT019161,Zone_07,Zone_08,0.2693,0.055,0.0745,0.1237,0.1081,0.0359,0.0368,0.2265,0.2693,0.0195,0.0508
CT006973,Zone_04,Zone_07,0.3721,0.0639,0.0832,0.0762,0.1429,0.0242,0.0226,0.3721,0.1585,0.0083,0.0482
CT012087,Zone_07,Zone_07,0.2568,0.0846,0.0995,0.058,0.1389,0.0572,0.0299,0.2568,0.2045,0.013,0.0577
CT004257,Zone_02,Zone_07,0.2804,0.0778,0.0672,0.0913,0.1462,0.0415,0.0251,0.2804,0.202,0.0128,0.0557
CT015185,Zone_10,Zone_07,0.2976,0.0485,0.0792,0.0768,0.1346,0.0427,0.0451,0.2976,0.1952,0.0113,0.0691
CT018669,Zone_07,Zone_07,0.2652,0.0681,0.0747,0.1066,0.108,0.0303,0.0442,0.2652,0.2415,0.0073,0.054
CT010542,Zone_08,Zone_07,0.2493,0.0695,0.0802,0.0724,0.1227,0.0432,0.0498,0.2493,0.2441,0.0092,0.0596
CT009204,Zone_04,Zone_07,0.2717,0.0496,0.0778,0.113,0.1441,0.0347,0.0553,0.2717,0.1896,0.0181,0.0461
CT002835,Zone_08,Zone_07,0.3045,0.059,0.0545,0.0916,0.1628,0.0285,0.0349,0.3045,0.208,0.0092,0.0471
CT015217,Zone_08,Zone_07,0.3368,0.0559,0.0828,0.0653,0.1345,0.0453,0.0391,0.3368,0.1743,0.0094,0.0566
CT012787,Zone_08,Zone_07,0.249,0.0684,0.0726,0.0996,0.1399,0.0371,0.0326,0.249,0.2406,0.0089,0.0514
CT003523,Zone_03,Zone_07,0.3351,0.0678,0.0876,0.0745,0.1194,0.0386,0.0245,0.3351,0.1653,0.0178,0.0694
CT013937,Zone_07,Zone_08,0.2806,0.0593,0.0692,0.0739,0.1519,0.0354,0.0568,0.2047,0.2806,0.0042,0.0639
CT002830,Zone_08,Zone_07,0.2625,0.0671,0.0628,0.0915,0.1161,0.0504,0.0507,0.2625,0.2338,0.0109,0.0542
CT011152,Zone_03,Zone_07,0.2378,0.0462,0.0727,0.1431,0.1165,0.0456,0.0489,0.2378,0.2232,0.0162,0.0498
CT009923,Zone_08,Zone_08,0.2849,0.0873,0.0685,0.079,0.1401,0.0343,0.0421,0.2092,0.2849,0.0061,0.0486
CT017358,Zone_07,Zone_07,0.2335,0.0734,0.0888,0.0881,0.1214,0.0417,0.038,0.2335,0.2321,0.011,0.0721
CT000890,Zone_08,Zone_07,0.245,0.0553,0.0737,0.0682,0.1776,0.0411,0.0401,0.245,0.2313,0.0044,0.0631
CT007180,Zone_04,Zone_07,0.26,0.0681,0.0699,0.086,0.1344,0.0386,0.036,0.26,0.2588,0.0088,0.0395
CT001904,Zone_03,Zone_07,0.3845,0.0481,0.0709,0.0786,0.1668,0.0385,0.027,0.3845,0.1351,0.006,0.0445
CT002714,Zone_03,Zone_07,0.3219,0.0717,0.0658,0.0689,0.1345,0.0411,0.0384,0.3219,0.1866,0.0168,0.0543
CT015659,Zone_07,Zone_07,0.307,0.068,0.0693,0.072,0.1561,0.0509,0.0293,0.307,0.1785,0.0047,0.0642
CT009245,Zone_05,Zone_07,0.2607,0.0568,0.0962,0.0846,0.1335,0.0452,0.0302,0.2607,0.2131,0.023,0.0568
CT016015,Zone_07,Zone_07,0.284,0.0752,0.0838,0.0704,0.1366,0.036,0.0342,0.284,0.1907,0.0173,0.0719
CT002379,Zone_03,Zone_07,0.328,0.0643,0.1031,0.0869,0.1266,0.0372,0.0378,0.328,0.1411,0.0144,0.0605
CT018387,Zone_10,Zone_07,0.2462,0.0488,0.0822,0.1195,0.1221,0.0514,0.0462,0.2462,0.2129,0.0162,0.0545
CT002482,Zone_04,Zone_07,0.3299,0.0788,0.0816,0.085,0.1512,0.033,0.0202,0.3299,0.1412,0.0075,0.0717
CT011149,Zone_03,Zone_08,0.2707,0.0874,0.0757,0.0644,0.1224,0.0477,0.0464,0.2201,0.2707,0.0071,0.0582
CT017032,Zone_02,Zone_07,0.355,0.0551,0.0624,0.091,0.1443,0.0162,0.0311,0.355,0.1775,0.0131,0.0542
CT004276,Zone_02,Zone_08,0.2494,0.0368,0.1047,0.0814,0.1631,0.033,0.061,0.2159,0.2494,0.0065,0.048
CT012378,Zone_07,Zone_07,0.3219,0.0672,0.0559,0.0906,0.133,0.0345,0.0211,0.3219,0.2097,0.0131,0.053
CT014789,Zone_08,Zone_08,0.2607,0.0533,0.0718,0.1058,0.1202,0.0409,0.0472,0.2349,0.2607,0.0158,0.0494
CT017197,Zone_07,Zone_08,0.3085,0.0681,0.0548,0.0978,0.1154,0.0405,0.0323,0.2361,0.3085,0.0084,0.0382
CT000882,Zone_08,Zone_07,0.2864,0.069,0.0708,0.0858,0.1209,0.0411,0.0354,0.2864,0.201,0.0131,0.0765
CT018101,Zone_05,Zone_07,0.259,0.0554,0.1007,0.1075,0.1177,0.0299,0.0364,0.259,0.2291,0.0107,0.0536
CT014848,Zone_08,Zone_07,0.2543,0.0641,0.0746,0.099,0.1142,0.0312,0.0664,0.2543,0.2241,0.0127,0.0594
CT002860,Zone_08,Zone_07,0.3406,0.062,0.0813,0.0861,0.1185,0.0292,0.029,0.3406,0.172,0.0123,0.069
CT005873,Zone_03,Zone_07,0.2846,0.0666,0.0626,0.0709,0.1379,0.045,0.0503,0.2846,0.1914,0.017,0.0738
CT012775,Zone_08,Zone_07,0.2908,0.0638,0.0662,0.0968,0.1196,0.0413,0.0235,0.2908,0.2143,0.008,0.0757
CT013998,Zone_08,Zone_07,0.3495,0.0482,0.0721,0.0776,0.1413,0.0486,0.0239,0.3495,0.1627,0.0079,0.0683
CT011710,Zone_08,Zone_07,0.2646,0.0737,0.0884,0.0776,0.122,0.0454,0.0489,0.2646,0.2029,0.0113,0.0651
CT012212,Zone_02,Zone_08,0.2613,0.0713,0.0566,0.0861,0.1152,0.0472,0.0346,0.2533,0.2613,0.0291,0.0453
CT015259,Zone_01,Zone_07,0.2646,0.0513,0.0677,0.0963,0.1024,0.0468,0.0537,0.2646,0.2377,0.0131,0.0665
CT006324,Zone_03,Zone_07,0.2686,0.0687,0.0749,0.1176,0.14,0.034,0.0317,0.2686,0.2039,0.0102,0.0503
CT012344,Zone_07,Zone_07,0.3497,0.0534,0.0501,0.0848,0.1408,0.0411,0.029,0.3497,0.1958,0.005,0.0503
CT010889,Zone_05,Zone_08,0.2727,0.0686,0.0605,0.1524,0.0907,0.043,0.0681,0.1559,0.2727,0.0005,0.0878
CT017481,Zone_08,Zone_07,0.2349,0.0628,0.1041,0.0935,0.1401,0.0468,0.057,0.2349,0.1949,0.0141,0.0518
CT007824,Zone_04,Zone_07,0.2987,0.0403,0.0917,0.0806,0.1571,0.0251,0.0462,0.2987,0.2006,0.0174,0.0424
CT013144,Zone_07,Zone_07,0.2615,0.0616,0.0881,0.0912,0.1065,0.0355,0.0334,0.2615,0.2275,0.0116,0.0831
CT003455,Zone_09,Zone_07,0.2682,0.0739,0.0801,0.076,0.1313,0.0457,0.0377,0.2682,0.2005,0.0132,0.0734
CT010675,Zone_10,Zone_07,0.3229,0.0575,0.0628,0.116,0.1331,0.0247,0.0343,0.3229,0.181,0.0161,0.0515
CT006195,Zone_02,Zone_08,0.2487,0.0413,0.1133,0.0672,0.1429,0.0349,0.0467,0.2341,0.2487,0.0049,0.066
CT001989,Zone_10,Zone_07,0.2764,0.0571,0.0752,0.1006,0.133,0.0288,0.0493,0.2764,0.2265,0.0061,0.0469
CT014022,Zone_04,Zone_07,0.3574,0.0492,0.0709,0.0954,0.1296,0.0336,0.0363,0.3574,0.1702,0.0071,0.0504
CT000930,Zone_08,Zone_08,0.3002,0.0628,0.0789,0.0832,0.1194,0.044,0.0621,0.1999,0.3002,0.0098,0.0397
CT017027,Zone_06,Zone_07,0.2694,0.0534,0.0895,0.0728,0.1455,0.0289,0.0305,0.2694,0.2343,0.0064,0.0694
CT007438,Zone_04,Zone_07,0.3232,0.0482,0.1157,0.0835,0.1208,0.0373,0.0461,0.3232,0.1526,0.0154,0.0572
CT008217,Zone_07,Zone_07,0.3054,0.0628,0.0545,0.0769,0.1534,0.035,0.0421,0.3054,0.192,0.0082,0.0698
CT007723,Zone_02,Zone_07,0.2992,0.0805,0.0762,0.0877,0.1392,0.0318,0.0318,0.2992,0.1895,0.0113,0.0528
CT005587,Zone_07,Zone_07,0.2489,0.0685,0.0782,0.0819,0.1129,0.0415,0.0533,0.2489,0.2271,0.0225,0.065
CT011684,Zone_10,Zone_07,0.2612,0.0739,0.0665,0.0854,0.1423,0.0481,0.0424,0.2612,0.2126,0.0085,0.059
CT002374,Zone_04,Zone_07,0.255,0.0642,0.0897,0.0898,0.1227,0.0472,0.0533,0.255,0.1878,0.0197,0.0706
CT010522,Zone_07,Zone_07,0.2718,0.072,0.0778,0.0964,0.1106,0.029,0.0327,0.2718,0.2178,0.0259,0.0659
CT010355,Zone_08,Zone_08,0.2514,0.0816,0.0501,0.0972,0.1273,0.0268,0.056,0.2368,0.2514,0.0071,0.0657
CT000041,Zone_08,Zone_07,0.3733,0.0524,0.0814,0.1024,0.1091,0.0269,0.0303,0.3733,0.1568,0.0114,0.056
CT009238,Zone_07,Zone_07,0.3274,0.0485,0.0741,0.0984,0.1272,0.0394,0.0479,0.3274,0.1776,0.0087,0.0509
CT015081,Zone_05,Zone_07,0.252,0.083,0.0994,0.0839,0.11,0.041,0.0287,0.252,0.2262,0.0144,0.0615
CT006607,Zone_07,Zone_07,0.2381,0.0518,0.074,0.1081,0.1271,0.0444,0.0533,0.2381,0.2343,0.0101,0.0588
CT008459,Zone_07,Zone_07,0.3063,0.0407,0.1222,0.0835,0.1501,0.0309,0.0594,0.3063,0.1535,0.0097,0.0438
CT009755,Zone_08,Zone_07,0.2584,0.0659,0.0516,0.1008,0.1339,0.0523,0.0287,0.2584,0.2426,0.0093,0.0566
CT000178,Zone_09,Zone_08,0.258,0.0599,0.0603,0.1228,0.1063,0.0362,0.0408,0.231,0.258,0.022,0.0627
CT007044,Zone_04,Zone_07,0.2652,0.0689,0.0623,0.092,0.1212,0.0319,0.049,0.2652,0.2517,0.0049,0.0529
CT011262,Zone_07,Zone_07,0.3443,0.0627,0.0982,0.0803,0.1137,0.0252,0.0368,0.3443,0.1708,0.0082,0.0598
CT008358,Zone_03,Zone_07,0.2772,0.0774,0.083,0.082,0.1481,0.0328,0.0326,0.2772,0.2071,0.0153,0.0445
CT003101,Zone_10,Zone_07,0.2945,0.0613,0.077,0.0938,0.1274,0.0403,0.0323,0.2945,0.1881,0.0124,0.0729
CT009349,Zone_08,Zone_07,0.258,0.0795,0.0514,0.0946,0.1336,0.0376,0.0536,0.258,0.2101,0.0096,0.0719
CT005311,Zone_08,Zone_07,0.2878,0.0588,0.0818,0.0669,0.1531,0.0417,0.0453,0.2878,0.1931,0.009,0.0626
CT003878,Zone_10,Zone_07,0.2427,0.079,0.0935,0.0867,0.1087,0.0401,0.0372,0.2427,0.2362,0.0173,0.0586
CT007244,Zone_06,Zone_07,0.2792,0.0522,0.0976,0.0951,0.1328,0.0362,0.0661,0.2792,0.166,0.0203,0.0544
CT005176,Zone_02,Zone_07,0.2505,0.0495,0.0759,0.1003,0.13,0.0381,0.041,0.2505,0.2384,0.0066,0.0697
CT004381,Zone_07,Zone_07,0.2897,0.0674,0.0867,0.0808,0.1258,0.0341,0.0277,0.2897,0.2143,0.0093,0.0642
CT005124,Zone_07,Zone_07,0.2495,0.0591,0.0859,0.0638,0.1464,0.0418,0.0472,0.2495,0.2408,0.006,0.0595
CT018221,Zone_08,Zone_07,0.3189,0.0496,0.0856,0.0907,0.172,0.0326,0.0436,0.3189,0.154,0.0076,0.0454
CT012946,Zone_08,Zone_07,0.2646,0.0666,0.0813,0.0887,0.1175,0.0384,0.0683,0.2646,0.1949,0.0211,0.0587
CT016960,Zone_01,Zone_07,0.3406,0.0651,0.0832,0.1235,0.1198,0.0293,0.0278,0.3406,0.1692,0.0084,0.0331
CT019726,Zone_07,Zone_08,0.2821,0.0558,0.0755,0.0887,0.1052,0.0324,0.0635,0.2255,0.2821,0.0078,0.0634
CT006830,Zone_07,Zone_08,0.253,0.0668,0.0619,0.0978,0.1212,0.0395,0.0366,0.2525,0.253,0.0103,0.0605
CT005721,Zone_07,Zone_07,0.2471,0.0559,0.0782,0.0858,0.1121,0.0458,0.0598,0.2471,0.2339,0.0106,0.0708
CT006154,Zone_04,Zone_07,0.2664,0.071,0.0823,0.0914,0.1163,0.048,0.0409,0.2664,0.221,0.0126,0.05
CT016577,Zone_02,Zone_07,0.2892,0.0621,0.0757,0.1027,0.1418,0.0374,0.034,0.2892,0.1896,0.0056,0.062
CT017948,Zone_07,Zone_07,0.2702,0.0623,0.0528,0.0968,0.1255,0.0552,0.0367,0.2702,0.2268,0.0099,0.0639
CT014479,Zone_02,Zone_07,0.3144,0.0424,0.0883,0.1153,0.1165,0.0332,0.049,0.3144,0.1748,0.0104,0.0557
CT018457,Zone_07,Zone_07,0.3089,0.0631,0.0929,0.0942,0.1141,0.0403,0.0388,0.3089,0.1788,0.012,0.057
CT016194,Zone_07,Zone_08,0.2734,0.0533,0.0616,0.0728,0.1468,0.044,0.0407,0.2449,0.2734,0.0047,0.0578
CT000449,Zone_02,Zone_07,0.2973,0.0526,0.0816,0.0899,0.1262,0.0339,0.0418,0.2973,0.1946,0.0285,0.0535
CT014471,Zone_04,Zone_07,0.2539,0.0609,0.0578,0.1096,0.1303,0.0299,0.043,0.2539,0.2481,0.017,0.0496
CT013607,Zone_02,Zone_07,0.3253,0.0525,0.1241,0.0836,0.1097,0.03,0.0566,0.3253,0.1525,0.0147,0.0509
CT002325,Zone_04,Zone_08,0.2886,0.0643,0.0875,0.0653,0.1125,0.0509,0.0458,0.211,0.2886,0.0067,0.0674
CT012478,Zone_07,Zone_07,0.3376,0.0701,0.0598,0.0786,0.1429,0.0284,0.0382,0.3376,0.1702,0.0141,0.0601
CT001504,Zone_08,Zone_08,0.2646,0.0727,0.0788,0.0978,0.1079,0.0371,0.0363,0.2281,0.2646,0.0135,0.0632
CT005857,Zone_08,Zone_07,0.2634,0.073,0.0499,0.0866,0.1336,0.0268,0.0525,0.2634,0.2479,0.0108,0.0556
CT016111,Zone_07,Zone_07,0.2984,0.0637,0.0937,0.0897,0.1222,0.0341,0.0377,0.2984,0.1808,0.0141,0.0657
CT016031,Zone_06,Zone_07,0.2794,0.062,0.0867,0.0757,0.1186,0.0495,0.0479,0.2794,0.1959,0.0123,0.072
CT000905,Zone_10,Zone_07,0.2637,0.0628,0.0694,0.087,0.1317,0.0423,0.0347,0.2637,0.2414,0.0137,0.0532
CT005943,Zone_03,Zone_07,0.2246,0.0811,0.0534,0.0765,0.1455,0.0434,0.0604,0.2246,0.2185,0.0161,0.0806
CT012071,Zone_08,Zone_07,0.2869,0.0897,0.0673,0.0775,0.1479,0.0403,0.0347,0.2869,0.1746,0.0122,0.069
CT000323,Zone_04,Zone_08,0.2694,0.0508,0.0704,0.1382,0.1052,0.0434,0.0411,0.2115,0.2694,0.0136,0.0562
CT001157,Zone_02,Zone_07,0.2566,0.0545,0.0562,0.1107,0.1273,0.0376,0.0543,0.2566,0.2242,0.0211,0.0575
CT005493,Zone_04,Zone_07,0.2965,0.0569,0.0435,0.0998,0.1448,0.0235,0.0415,0.2965,0.2467,0.0067,0.0401
CT007378,Zone_10,Zone_07,0.2738,0.0662,0.0952,0.0972,0.1123,0.0305,0.0281,0.2738,0.2151,0.0091,0.0726
CT003482,Zone_08,Zone_07,0.305,0.0646,0.0809,0.0671,0.1405,0.0515,0.0354,0.305,0.1666,0.0187,0.0696
CT019914,Zone_07,Zone_07,0.3252,0.0488,0.0791,0.0791,0.1312,0.0367,0.0353,0.3252,0.188,0.009,0.0677
CT003835,Zone_04,Zone_08,0.2494,0.0607,0.0705,0.1031,0.116,0.0366,0.0773,0.2229,0.2494,0.0042,0.0594
CT002007,Zone_08,Zone_07,0.2557,0.0714,0.0803,0.0814,0.1146,0.0435,0.035,0.2557,0.2271,0.0104,0.0808
CT016549,Zone_01,Zone_07,0.2564,0.0611,0.098,0.0931,0.1187,0.0332,0.0377,0.2564,0.2387,0.016,0.0473
CT013072,Zone_03,Zone_07,0.2446,0.0825,0.0784,0.0841,0.1331,0.0519,0.0532,0.2446,0.1976,0.0097,0.0649
CT013545,Zone_03,Zone_07,0.2574,0.0665,0.0612,0.0965,0.1085,0.031,0.0584,0.2574,0.2478,0.0109,0.0617
CT003928,Zone_07,Zone_07,0.3239,0.0628,0.0821,0.0703,0.1417,0.0427,0.0308,0.3239,0.1762,0.006,0.0636
CT008150,Zone_03,Zone_08,0.2809,0.0564,0.0605,0.0954,0.1067,0.0297,0.0687,0.2307,0.2809,0.0122,0.0586
CT019775,Zone_02,Zone_07,0.3055,0.056,0.0732,0.0767,0.1386,0.0257,0.0344,0.3055,0.2171,0.0144,0.0584
CT000945,Zone_08,Zone_07,0.2996,0.0467,0.0679,0.127,0.0993,0.0436,0.0516,0.2996,0.1968,0.0094,0.0581
CT007564,Zone_08,Zone_08,0.3067,0.062,0.0529,0.111,0.1041,0.0402,0.057,0.2018,0.3067,0.0069,0.0574
CT012491,Zone_02,Zone_07,0.3098,0.0517,0.0706,0.1026,0.103,0.037,0.0531,0.3098,0.2001,0.0172,0.0549
CT018986,Zone_08,Zone_07,0.2939,0.0621,0.0935,0.0758,0.1186,0.0316,0.0401,0.2939,0.2126,0.0068,0.0649
CT017214,Zone_10,Zone_08,0.2598,0.0656,0.0871,0.0946,0.1309,0.0408,0.0498,0.2183,0.2598,0.0086,0.0444
CT007687,Zone_08,Zone_08,0.2469,0.0662,0.083,0.0856,0.1174,0.0523,0.0366,0.234,0.2469,0.0154,0.0628
CT018863,Zone_06,Zone_07,0.2745,0.0649,0.0639,0.0668,0.1859,0.0355,0.04,0.2745,0.2059,0.0063,0.0563
CT012421,Zone_04,Zone_07,0.2504,0.0547,0.1402,0.1012,0.1283,0.0387,0.0484,0.2504,0.19,0.0163,0.0319
CT013254,Zone_04,Zone_07,0.2442,0.0556,0.0726,0.1227,0.1303,0.0437,0.0441,0.2442,0.224,0.0104,0.0525
CT005430,Zone_07,Zone_07,0.2447,0.0715,0.0789,0.0747,0.1651,0.0386,0.0437,0.2447,0.2111,0.0202,0.0516
CT008873,Zone_02,Zone_07,0.3098,0.056,0.0784,0.1217,0.1249,0.035,0.0438,0.3098,0.1789,0.0096,0.0418
CT002859,Zone_07,Zone_08,0.2733,0.0471,0.0772,0.0792,0.1325,0.0376,0.0559,0.2226,0.2733,0.0077,0.0671
CT015523,Zone_08,Zone_07,0.2195,0.0735,0.1346,0.1213,0.1508,0.0428,0.0235,0.2195,0.1738,0.0123,0.0479
CT006790,Zone_07,Zone_07,0.2648,0.0609,0.0544,0.0969,0.1237,0.0378,0.0492,0.2648,0.2383,0.0112,0.0628
CT012756,Zone_07,Zone_08,0.2622,0.074,0.0767,0.0849,0.1188,0.0537,0.0413,0.2058,0.2622,0.0168,0.0658
CT005995,Zone_07,Zone_07,0.2593,0.0667,0.0704,0.1088,0.1354,0.0247,0.0337,0.2593,0.2397,0.008,0.0532
CT001852,Zone_06,Zone_07,0.2626,0.0559,0.126,0.0712,0.1525,0.0423,0.0419,0.2626,0.1819,0.0057,0.0601
CT011924,Zone_07,Zone_07,0.2358,0.0767,0.0626,0.0814,0.1269,0.0481,0.0544,0.2358,0.2222,0.008,0.084
CT012657,Zone_01,Zone_07,0.2541,0.0712,0.0948,0.0813,0.1284,0.0427,0.025,0.2541,0.2098,0.0187,0.0738
CT005069,Zone_04,Zone_07,0.3246,0.0478,0.0661,0.0961,0.1235,0.0412,0.0442,0.3246,0.1867,0.0045,0.0654
CT011977,Zone_02,Zone_07,0.2564,0.0783,0.0699,0.0969,0.1205,0.0353,0.025,0.2564,0.2333,0.0072,0.0771
CT006246,Zone_03,Zone_07,0.2406,0.0998,0.0738,0.0853,0.1578,0.0418,0.0314,0.2406,0.2091,0.0043,0.0561
CT006507,Zone_10,Zone_08,0.2969,0.0544,0.0953,0.0606,0.1548,0.0383,0.0618,0.1891,0.2969,0.0035,0.0453
CT005162,Zone_10,Zone_07,0.2714,0.0672,0.0877,0.1062,0.1167,0.0394,0.0242,0.2714,0.2137,0.0211,0.0524
CT014491,Zone_07,Zone_07,0.2401,0.0972,0.0771,0.0791,0.1481,0.0497,0.0351,0.2401,0.1946,0.0063,0.0727
CT013325,Zone_08,Zone_07,0.319,0.0736,0.0707,0.0753,0.1385,0.0335,0.0321,0.319,0.1876,0.0146,0.0551
CT007179,Zone_06,Zone_07,0.268,0.0525,0.0662,0.0805,0.1687,0.0303,0.027,0.268,0.2417,0.006,0.0592
CT011619,Zone_04,Zone_07,0.2941,0.0754,0.077,0.0884,0.1222,0.0309,0.0346,0.2941,0.2011,0.0119,0.0643
CT007146,Zone_08,Zone_07,0.3086,0.0603,0.0714,0.0859,0.1327,0.0459,0.0302,0.3086,0.174,0.0187,0.0722
CT011566,Zone_08,Zone_08,0.2529,0.0559,0.0623,0.0902,0.1722,0.021,0.0456,0.2475,0.2529,0.0117,0.0406
CT007972,Zone_03,Zone_08,0.2638,0.0494,0.0539,0.1259,0.0952,0.0434,0.0511,0.2317,0.2638,0.0138,0.072
CT015265,Zone_01,Zone_08,0.2731,0.0546,0.0732,0.0695,0.161,0.0417,0.0395,0.2278,0.2731,0.0044,0.0553
CT007331,Zone_01,Zone_07,0.2923,0.0577,0.0552,0.0996,0.1206,0.0421,0.042,0.2923,0.2287,0.0084,0.0534
CT005894,Zone_07,Zone_07,0.2863,0.0722,0.1063,0.0841,0.1091,0.0339,0.0261,0.2863,0.1976,0.026,0.0584
CT005198,Zone_04,Zone_07,0.2899,0.0782,0.091,0.0876,0.1229,0.0294,0.0293,0.2899,0.2098,0.0115,0.0504
CT017210,Zone_08,Zone_07,0.2527,0.0512,0.0675,0.1121,0.1386,0.0311,0.053,0.2527,0.2219,0.0267,0.0452
CT013403,Zone_05,Zone_07,0.2789,0.0554,0.0915,0.1029,0.1229,0.0458,0.0465,0.2789,0.1826,0.0152,0.0585
CT018621,Zone_01,Zone_08,0.298,0.0744,0.0631,0.0964,0.119,0.0303,0.0435,0.2301,0.298,0.0042,0.0411
CT017965,Zone_08,Zone_08,0.2528,0.0767,0.0668,0.084,0.1281,0.0345,0.0478,0.2525,0.2528,0.0068,0.0499
CT018602,Zone_04,Zone_07,0.2535,0.0731,0.0786,0.0695,0.1107,0.04,0.059,0.2535,0.2446,0.0195,0.0516
CT003222,Zone_07,Zone_07,0.378,0.047,0.0598,0.0965,0.1561,0.0161,0.0366,0.378,0.1677,0.0087,0.0335
CT009428,Zone_08,Zone_07,0.315,0.0499,0.0721,0.1026,0.1346,0.0402,0.0437,0.315,0.1891,0.0113,0.0417
CT014465,Zone_07,Zone_08,0.2479,0.0469,0.061,0.075,0.1556,0.0435,0.0516,0.2449,0.2479,0.0076,0.0659
CT007358,Zone_03,Zone_07,0.2554,0.0699,0.0809,0.0884,0.1074,0.0333,0.0321,0.2554,0.2493,0.0198,0.0634
CT017757,Zone_05,Zone_07,0.2749,0.057,0.0982,0.0967,0.1318,0.028,0.0602,0.2749,0.1812,0.023,0.049
CT015760,Zone_04,Zone_07,0.2957,0.0666,0.0689,0.1056,0.133,0.0291,0.0301,0.2957,0.2132,0.0069,0.0509
CT014915,Zone_02,Zone_07,0.2764,0.0538,0.0993,0.0993,0.1069,0.0337,0.052,0.2764,0.1984,0.0182,0.062
CT009571,Zone_03,Zone_07,0.276,0.0638,0.0907,0.096,0.11,0.0339,0.0537,0.276,0.2134,0.0067,0.0559
CT003249,Zone_07,Zone_07,0.3136,0.0419,0.0718,0.0821,0.1149,0.0505,0.04,0.3136,0.2024,0.0115,0.0712
CT008509,Zone_10,Zone_07,0.311,0.0526,0.0642,0.1031,0.1473,0.0201,0.0343,0.311,0.2037,0.0112,0.0528
CT000005,Zone_03,Zone_07,0.231,0.0771,0.0867,0.0873,0.1238,0.0503,0.0433,0.231,0.2149,0.0134,0.0722
CT018746,Zone_06,Zone_08,0.2826,0.0545,0.06,0.0828,0.1575,0.0354,0.0304,0.2474,0.2826,0.0037,0.0458
CT007792,Zone_07,Zone_07,0.2783,0.0659,0.105,0.0957,0.1306,0.023,0.0323,0.2783,0.2128,0.0074,0.049
CT002166,Zone_04,Zone_07,0.2798,0.065,0.0641,0.1151,0.1375,0.0355,0.0455,0.2798,0.1938,0.0108,0.0528
CT006509,Zone_08,Zone_07,0.2644,0.0447,0.08,0.1103,0.1117,0.0529,0.0356,0.2644,0.2165,0.0081,0.0757
CT019399,Zone_07,Zone_07,0.3123,0.0482,0.0652,0.0683,0.1438,0.0521,0.0399,0.3123,0.1905,0.0079,0.0718
CT010696,Zone_03,Zone_07,0.2397,0.0906,0.0674,0.0883,0.1498,0.0391,0.0414,0.2397,0.1925,0.0051,0.0861
CT016010,Zone_08,Zone_08,0.2804,0.0478,0.0776,0.0738,0.1378,0.0382,0.0439,0.2277,0.2804,0.0056,0.0671
CT015749,Zone_07,Zone_08,0.2404,0.0421,0.104,0.0734,0.1579,0.0338,0.0513,0.2227,0.2404,0.006,0.0684
CT002380,Zone_08,Zone_07,0.3153,0.059,0.0938,0.0932,0.1229,0.0405,0.0278,0.3153,0.1641,0.0074,0.076
CT007380,Zone_04,Zone_08,0.2821,0.0515,0.0638,0.0706,0.1581,0.0388,0.0406,0.2336,0.2821,0.0045,0.0564
CT003431,Zone_07,Zone_07,0.26,0.0592,0.1313,0.0828,0.1025,0.0305,0.0471,0.26,0.2063,0.0181,0.0621
CT010648,Zone_07,Zone_07,0.2639,0.0447,0.0687,0.1179,0.1095,0.0405,0.0372,0.2639,0.2506,0.0061,0.0609
CT009684,Zone_04,Zone_07,0.2551,0.0485,0.1288,0.1102,0.1521,0.0328,0.0584,0.2551,0.1588,0.0158,0.0395
CT004369,Zone_03,Zone_07,0.2949,0.0575,0.0636,0.1044,0.1534,0.0214,0.0298,0.2949,0.2227,0.0086,0.0437
CT006612,Zone_04,Zone_08,0.2677,0.0713,0.0752,0.0814,0.1146,0.051,0.0315,0.2437,0.2677,0.019,0.0447
CT019460,Zone_04,Zone_07,0.3168,0.0562,0.0579,0.0889,0.1379,0.0368,0.0509,0.3168,0.1875,0.0179,0.0491
CT011226,Zone_04,Zone_07,0.2988,0.0726,0.0806,0.0738,0.1224,0.0375,0.0347,0.2988,0.1948,0.015,0.0699
CT006155,Zone_08,Zone_08,0.2665,0.0727,0.0583,0.0971,0.1323,0.0247,0.0593,0.2251,0.2665,0.0109,0.0531
CT004464,Zone_10,Zone_07,0.295,0.0764,0.0771,0.0836,0.135,0.0336,0.0336,0.295,0.1984,0.0111,0.0562
CT017139,Zone_08,Zone_07,0.3002,0.0606,0.0566,0.101,0.1201,0.0297,0.0424,0.3002,0.2294,0.0161,0.044
CT009782,Zone_07,Zone_07,0.3039,0.0728,0.0766,0.0821,0.1343,0.0489,0.0363,0.3039,0.1782,0.0114,0.0554
CT008926,Zone_08,Zone_08,0.2706,0.0802,0.0717,0.0752,0.1205,0.0401,0.0542,0.2276,0.2706,0.005,0.0549
CT002224,Zone_01,Zone_08,0.2702,0.0689,0.0785,0.0896,0.1054,0.0358,0.042,0.2507,0.2702,0.009,0.0499
CT005660,Zone_07,Zone_08,0.2639,0.0677,0.0859,0.0869,0.114,0.0453,0.0414,0.2036,0.2639,0.0267,0.0646
CT007429,Zone_08,Zone_07,0.2809,0.0709,0.0979,0.0978,0.1066,0.0398,0.038,0.2809,0.195,0.0111,0.062
CT012020,Zone_01,Zone_07,0.314,0.0608,0.045,0.0813,0.18,0.0199,0.0377,0.314,0.1971,0.0136,0.0507
CT007212,Zone_07,Zone_07,0.3032,0.0612,0.0995,0.0791,0.1182,0.049,0.0368,0.3032,0.1727,0.0184,0.0617
CT012522,Zone_07,Zone_07,0.2922,0.0468,0.074,0.0986,0.1019,0.0405,0.0633,0.2922,0.2125,0.0116,0.0586
CT012270,Zone_03,Zone_08,0.2426,0.0604,0.0826,0.0793,0.12,0.042,0.0632,0.2251,0.2426,0.016,0.0688
CT015148,Zone_10,Zone_08,0.3005,0.053,0.0542,0.0732,0.1456,0.0401,0.0717,0.1894,0.3005,0.0054,0.0669
CT018124,Zone_01,Zone_07,0.2554,0.0414,0.1014,0.089,0.1459,0.0285,0.0456,0.2554,0.2295,0.0035,0.0599
CT016747,Zone_03,Zone_07,0.2658,0.0514,0.0698,0.1147,0.1263,0.0404,0.042,0.2658,0.2387,0.013,0.0379
CT015415,Zone_04,Zone_07,0.2712,0.0723,0.0548,0.1079,0.1184,0.0326,0.047,0.2712,0.2195,0.0137,0.0626
CT003419,Zone_02,Zone_08,0.2426,0.0751,0.0863,0.0844,0.1168,0.0454,0.0477,0.2347,0.2426,0.0078,0.0593
CT009333,Zone_05,Zone_08,0.2927,0.061,0.0522,0.1022,0.121,0.0299,0.0426,0.2412,0.2927,0.0074,0.0498
CT000903,Zone_02,Zone_07,0.3498,0.0801,0.0893,0.0729,0.1334,0.0317,0.0294,0.3498,0.1534,0.0118,0.0481
CT005022,Zone_07,Zone_08,0.3479,0.0689,0.0651,0.0772,0.1023,0.0341,0.0722,0.1756,0.3479,0.0039,0.0528
CT014665,Zone_02,Zone_07,0.3485,0.0648,0.081,0.0909,0.1202,0.0275,0.0258,0.3485,0.1625,0.0098,0.0691
CT019813,Zone_07,Zone_07,0.3114,0.0616,0.0592,0.0983,0.1361,0.0376,0.0433,0.3114,0.1871,0.0143,0.051
CT018317,Zone_02,Zone_08,0.2418,0.0668,0.064,0.0801,0.1363,0.048,0.0542,0.2321,0.2418,0.0131,0.0636
CT016715,Zone_03,Zone_07,0.294,0.0677,0.0904,0.0911,0.1255,0.0522,0.033,0.294,0.1741,0.0076,0.0644
CT008803,Zone_03,Zone_07,0.2524,0.0561,0.0761,0.0824,0.1171,0.0535,0.0525,0.2524,0.2362,0.0121,0.0616
CT000991,Zone_08,Zone_07,0.2452,0.0678,0.0667,0.0952,0.1512,0.0425,0.0508,0.2452,0.2011,0.018,0.0615
CT001705,Zone_08,Zone_07,0.2552,0.0539,0.0983,0.0824,0.1336,0.0448,0.0557,0.2552,0.1909,0.0164,0.0688
CT003079,Zone_08,Zone_07,0.2569,0.0527,0.0935,0.095,0.1151,0.0301,0.058,0.2569,0.2325,0.0091,0.0571
CT009811,Zone_04,Zone_07,0.2515,0.0764,0.08,0.0852,0.126,0.0346,0.0302,0.2515,0.2295,0.0077,0.0788
CT016070,Zone_02,Zone_08,0.2303,0.0562,0.0805,0.092,0.1456,0.0454,0.0551,0.218,0.2303,0.013,0.0639
CT015931,Zone_07,Zone_07,0.2525,0.0559,0.0955,0.0609,0.1482,0.0366,0.0458,0.2525,0.2314,0.0096,0.0636
CT001996,Zone_07,Zone_08,0.2572,0.0629,0.0563,0.0863,0.1271,0.0543,0.0329,0.2566,0.2572,0.0139,0.0527
CT006252,Zone_01,Zone_07,0.2961,0.0768,0.0686,0.0848,0.1325,0.044,0.0339,0.2961,0.2059,0.0097,0.0477
CT006287,Zone_07,Zone_07,0.323,0.0606,0.095,0.088,0.1163,0.0357,0.0533,0.323,0.1668,0.0079,0.0533
CT005405,Zone_08,Zone_07,0.2472,0.0453,0.0924,0.0979,0.1031,0.0389,0.0468,0.2472,0.2397,0.0077,0.081
CT000031,Zone_07,Zone_07,0.3037,0.0661,0.0846,0.0787,0.1136,0.0272,0.0541,0.3037,0.1926,0.0186,0.0609
CT009282,Zone_09,Zone_07,0.2524,0.0701,0.0616,0.0802,0.1501,0.0478,0.03,0.2524,0.2401,0.014,0.0535
CT001138,Zone_08,Zone_07,0.3308,0.0451,0.0814,0.0778,0.1681,0.0407,0.0385,0.3308,0.1633,0.0085,0.0459
CT015859,Zone_08,Zone_07,0.2634,0.0683,0.0754,0.0956,0.1133,0.0386,0.0483,0.2634,0.2164,0.0162,0.0646
CT013776,Zone_05,Zone_07,0.2794,0.0534,0.0715,0.1151,0.1328,0.0396,0.0512,0.2794,0.1753,0.0179,0.0637
CT012900,Zone_04,Zone_07,0.2856,0.0747,0.0613,0.0803,0.1329,0.0364,0.0377,0.2856,0.2223,0.0132,0.0556
CT000759,Zone_02,Zone_07,0.2929,0.0737,0.0796,0.1002,0.1197,0.0405,0.0375,0.2929,0.1865,0.0083,0.0612
CT012802,Zone_08,Zone_07,0.3131,0.0727,0.0784,0.0878,0.115,0.0419,0.0315,0.3131,0.1846,0.0097,0.0652
CT019379,Zone_07,Zone_07,0.2942,0.0638,0.0991,0.0997,0.1062,0.0286,0.0308,0.2942,0.2045,0.0089,0.0642
CT006143,Zone_03,Zone_07,0.2805,0.0749,0.071,0.0864,0.1189,0.034,0.0553,0.2805,0.2046,0.0148,0.0596
CT014097,Zone_07,Zone_07,0.247,0.058,0.0825,0.0992,0.1259,0.0453,0.0513,0.247,0.227,0.0108,0.053
CT005151,Zone_08,Zone_07,0.2978,0.0488,0.1021,0.0877,0.1373,0.0512,0.0416,0.2978,0.1631,0.0139,0.0565
CT013412,Zone_04,Zone_07,0.2668,0.0721,0.0759,0.089,0.1364,0.0565,0.048,0.2668,0.1856,0.0123,0.0573
CT010336,Zone_10,Zone_07,0.326,0.0431,0.0634,0.1041,0.1577,0.0224,0.024,0.326,0.2146,0.0058,0.0389
CT003780,Zone_10,Zone_07,0.307,0.0707,0.0697,0.0743,0.1471,0.0329,0.0337,0.307,0.1862,0.0123,0.0661
CT018908,Zone_01,Zone_08,0.2618,0.0572,0.0733,0.0701,0.1583,0.0376,0.0491,0.2381,0.2618,0.0042,0.0502
CT019784,Zone_04,Zone_07,0.2408,0.0626,0.081,0.0984,0.1317,0.0346,0.0523,0.2408,0.2311,0.0182,0.0493
CT017781,Zone_01,Zone_07,0.2979,0.0646,0.1053,0.0744,0.1158,0.0346,0.0432,0.2979,0.1845,0.0104,0.0694
CT015502,Zone_10,Zone_07,0.3271,0.0578,0.0543,0.1031,0.1596,0.0232,0.0287,0.3271,0.1965,0.0053,0.0445
CT005780,Zone_03,Zone_07,0.309,0.0512,0.069,0.0757,0.1388,0.0407,0.0362,0.309,0.2075,0.0071,0.0649
CT007980,Zone_08,Zone_07,0.3255,0.0401,0.0793,0.0733,0.1497,0.0494,0.0385,0.3255,0.1714,0.0061,0.0665
CT019464,Zone_02,Zone_07,0.2837,0.0394,0.087,0.1011,0.161,0.0228,0.0462,0.2837,0.2086,0.0149,0.0352
CT014924,Zone_04,Zone_07,0.3073,0.0462,0.0823,0.1005,0.111,0.0302,0.0473,0.3073,0.2096,0.0125,0.0532
CT013356,Zone_07,Zone_07,0.341,0.0615,0.0727,0.0809,0.1587,0.0223,0.0267,0.341,0.1665,0.0151,0.0546
CT018388,Zone_04,Zone_07,0.2575,0.0742,0.0888,0.0958,0.1334,0.0431,0.0356,0.2575,0.2069,0.0125,0.0523
CT018198,Zone_02,Zone_07,0.2805,0.0582,0.0781,0.1064,0.1049,0.0244,0.0398,0.2805,0.2357,0.0079,0.0641
CT018395,Zone_04,Zone_07,0.3158,0.0627,0.0986,0.0852,0.1097,0.036,0.0324,0.3158,0.1834,0.0111,0.065
CT006788,Zone_07,Zone_07,0.2665,0.0652,0.0916,0.0761,0.1419,0.0305,0.0435,0.2665,0.2028,0.0273,0.0545
CT019905,Zone_07,Zone_07,0.2267,0.0494,0.0796,0.0824,0.1192,0.0481,0.0764,0.2267,0.2223,0.0405,0.0555
CT014401,Zone_03,Zone_07,0.2748,0.0628,0.0739,0.0874,0.1142,0.0573,0.0456,0.2748,0.2086,0.0105,0.0647
CT001327,Zone_05,Zone_07,0.2502,0.0697,0.0883,0.0928,0.1102,0.039,0.0396,0.2502,0.2364,0.0089,0.065
CT006470,Zone_07,Zone_08,0.2665,0.0715,0.062,0.1044,0.113,0.0412,0.0425,0.2202,0.2665,0.0079,0.0709
CT014785,Zone_03,Zone_07,0.2934,0.0723,0.0621,0.0826,0.1345,0.0472,0.0315,0.2934,0.2069,0.0096,0.0597
CT012908,Zone_08,Zone_07,0.2598,0.056,0.1001,0.0796,0.0978,0.0352,0.0451,0.2598,0.2365,0.0111,0.0789
CT007713,Zone_08,Zone_07,0.3348,0.0588,0.0937,0.0866,0.1144,0.031,0.039,0.3348,0.169,0.0135,0.0592
CT015216,Zone_08,Zone_07,0.2811,0.071,0.0509,0.0884,0.1315,0.0332,0.0532,0.2811,0.2196,0.0173,0.0538
CT009329,Zone_02,Zone_07,0.2431,0.0556,0.0747,0.0954,0.1089,0.0488,0.0558,0.2431,0.2412,0.0134,0.0631
CT007402,Zone_04,Zone_07,0.2611,0.0824,0.0664,0.09,0.1379,0.0416,0.0359,0.2611,0.2301,0.0107,0.0438
CT008044,Zone_08,Zone_07,0.2666,0.0667,0.0868,0.0717,0.1221,0.0412,0.0316,0.2666,0.2299,0.0127,0.0707
CT004985,Zone_04,Zone_07,0.329,0.0509,0.0405,0.1091,0.1515,0.0212,0.0369,0.329,0.2101,0.0077,0.0431
CT003653,Zone_04,Zone_07,0.302,0.074,0.0769,0.0987,0.1377,0.0451,0.0516,0.302,0.1518,0.0083,0.0539
CT011770,Zone_01,Zone_07,0.2892,0.0551,0.0997,0.1048,0.1378,0.0301,0.04,0.2892,0.1765,0.0185,0.0483
CT014639,Zone_04,Zone_07,0.3782,0.053,0.0646,0.0769,0.1475,0.0175,0.0261,0.3782,0.1859,0.0073,0.0429
CT017343,Zone_01,Zone_07,0.331,0.0458,0.0895,0.0944,0.1464,0.0245,0.0374,0.331,0.1836,0.0086,0.0387
CT014870,Zone_04,Zone_07,0.2482,0.0686,0.0832,0.0714,0.1341,0.0401,0.0521,0.2482,0.2051,0.0148,0.0824
CT004622,Zone_10,Zone_07,0.2431,0.0592,0.0582,0.1002,0.1239,0.0472,0.0563,0.2431,0.2169,0.0184,0.0765
CT012448,Zone_08,Zone_08,0.2546,0.0821,0.0687,0.09,0.1264,0.0388,0.0416,0.2486,0.2546,0.0073,0.0422
CT017939,Zone_05,Zone_07,0.302,0.0481,0.0774,0.1374,0.1278,0.0341,0.0355,0.302,0.1706,0.0143,0.0528
CT005115,Zone_03,Zone_07,0.2651,0.0667,0.0827,0.0745,0.1224,0.0388,0.0532,0.2651,0.2078,0.012,0.0768
CT011065,Zone_01,Zone_08,0.28,0.0601,0.0849,0.0856,0.1212,0.0503,0.0571,0.1995,0.28,0.0102,0.051
CT019403,Zone_07,Zone_07,0.3173,0.0747,0.0762,0.0727,0.1336,0.0468,0.0341,0.3173,0.1719,0.0093,0.0632
CT006395,Zone_08,Zone_08,0.2522,0.0414,0.1188,0.0802,0.1738,0.0297,0.0599,0.1904,0.2522,0.013,0.0406
CT003543,Zone_07,Zone_07,0.2445,0.0751,0.1031,0.1,0.1198,0.0437,0.0387,0.2445,0.1946,0.0197,0.0609
CT008129,Zone_07,Zone_07,0.2305,0.0789,0.0514,0.09,0.1339,0.0519,0.0587,0.2305,0.2162,0.0118,0.0766
CT009201,Zone_03,Zone_07,0.2535,0.0525,0.0886,0.1163,0.1229,0.0284,0.0489,0.2535,0.2283,0.011,0.0496
CT019476,Zone_07,Zone_07,0.2534,0.0766,0.1072,0.0877,0.119,0.03,0.043,0.2534,0.2314,0.0045,0.0472
CT007403,Zone_04,Zone_07,0.2522,0.0373,0.0953,0.0966,0.1348,0.0329,0.0499,0.2522,0.244,0.0053,0.0517
CT008439,Zone_10,Zone_07,0.2841,0.0453,0.0683,0.0918,0.1531,0.0211,0.0468,0.2841,0.23,0.0119,0.0476
CT014041,Zone_08,Zone_07,0.3061,0.0685,0.0792,0.0878,0.1337,0.0295,0.0397,0.3061,0.1896,0.0087,0.0572
CT010184,Zone_02,Zone_07,0.2362,0.0805,0.1104,0.1374,0.1321,0.0437,0.0136,0.2362,0.1728,0.0106,0.0627
CT015178,Zone_02,Zone_08,0.3132,0.0457,0.0609,0.0804,0.153,0.0383,0.0457,0.2083,0.3132,0.0038,0.0506
CT011397,Zone_07,Zone_07,0.2972,0.0658,0.0986,0.0771,0.1164,0.0446,0.0231,0.2972,0.1904,0.0089,0.0779
CT007431,Zone_07,Zone_07,0.3424,0.056,0.0669,0.0902,0.136,0.0323,0.0304,0.3424,0.1826,0.0062,0.057
CT011211,Zone_08,Zone_07,0.3152,0.0518,0.0668,0.083,0.1573,0.0302,0.0358,0.3152,0.1993,0.0099,0.0509
CT017611,Zone_02,Zone_07,0.2587,0.0839,0.0517,0.0986,0.15,0.038,0.0371,0.2587,0.2186,0.0125,0.0509
CT001338,Zone_08,Zone_07,0.265,0.0596,0.0641,0.0987,0.1068,0.0271,0.0501,0.265,0.2453,0.017,0.0662
CT012342,Zone_10,Zone_07,0.2765,0.0788,0.0775,0.0821,0.1473,0.0349,0.0326,0.2765,0.1964,0.0131,0.0607
CT014820,Zone_04,Zone_08,0.3099,0.073,0.0647,0.0827,0.1263,0.0367,0.0484,0.2025,0.3099,0.0057,0.05
CT008215,Zone_04,Zone_08,0.2418,0.0768,0.1092,0.0752,0.1113,0.0475,0.0332,0.2348,0.2418,0.0084,0.0619
CT007786,Zone_10,Zone_07,0.2729,0.0524,0.107,0.0568,0.1574,0.0347,0.0398,0.2729,0.21,0.0054,0.0637
CT008881,Zone_08,Zone_07,0.3318,0.0607,0.0757,0.0942,0.1349,0.024,0.0406,0.3318,0.1717,0.0139,0.0526
CT005319,Zone_08,Zone_07,0.3199,0.0521,0.0709,0.0672,0.1434,0.0552,0.038,0.3199,0.1818,0.0055,0.066
CT010195,Zone_02,Zone_07,0.3242,0.0596,0.0761,0.092,0.1124,0.0289,0.0472,0.3242,0.1822,0.0136,0.0638
CT018923,Zone_06,Zone_07,0.3157,0.0464,0.0847,0.0855,0.1405,0.041,0.0523,0.3157,0.1738,0.0065,0.0537
CT014414,Zone_07,Zone_07,0.3407,0.0635,0.0886,0.0773,0.1102,0.045,0.0435,0.3407,0.1613,0.0178,0.0521
CT015525,Zone_08,Zone_08,0.2513,0.0719,0.0949,0.0815,0.1121,0.0419,0.0416,0.2217,0.2513,0.0191,0.064
CT007669,Zone_08,Zone_07,0.244,0.0699,0.0629,0.1047,0.1254,0.049,0.0327,0.244,0.2364,0.0073,0.0678
CT019288,Zone_08,Zone_07,0.2539,0.0551,0.0684,0.0707,0.1728,0.0345,0.0289,0.2539,0.2431,0.0073,0.0653
CT013639,Zone_07,Zone_07,0.2623,0.0667,0.0659,0.099,0.1386,0.0416,0.051,0.2623,0.2021,0.0147,0.0581
CT010859,Zone_07,Zone_07,0.3004,0.046,0.0838,0.1224,0.1324,0.0303,0.039,0.3004,0.188,0.0086,0.0489
CT017423,Zone_04,Zone_07,0.3025,0.0644,0.1036,0.0724,0.1168,0.0326,0.0455,0.3025,0.1797,0.0093,0.0732
CT007202,Zone_04,Zone_07,0.2423,0.0557,0.083,0.1358,0.1416,0.0286,0.0376,0.2423,0.2084,0.023,0.0439
CT010517,Zone_02,Zone_07,0.2906,0.0686,0.0991,0.1016,0.1091,0.0354,0.035,0.2906,0.1966,0.0116,0.0524
CT010835,Zone_04,Zone_08,0.2607,0.0631,0.0872,0.0763,0.1115,0.0585,0.0338,0.2269,0.2607,0.0187,0.0633
CT014592,Zone_10,Zone_07,0.2651,0.0427,0.0656,0.0948,0.1511,0.0406,0.0649,0.2651,0.2016,0.0164,0.0572
CT000709,Zone_08,Zone_07,0.288,0.0424,0.0607,0.1031,0.1692,0.0461,0.0359,0.288,0.2024,0.0095,0.0426
CT014021,Zone_07,Zone_07,0.2556,0.0672,0.065,0.0862,0.1466,0.045,0.0321,0.2556,0.2215,0.0147,0.0661
CT002030,Zone_08,Zone_08,0.2476,0.0637,0.0744,0.1131,0.1425,0.0262,0.0443,0.2261,0.2476,0.0106,0.0515
CT009347,Zone_05,Zone_08,0.2995,0.0503,0.0742,0.0966,0.1167,0.0339,0.066,0.2002,0.2995,0.0093,0.0534
CT007595,Zone_08,Zone_07,0.2503,0.0517,0.0656,0.0832,0.161,0.0384,0.0513,0.2503,0.2346,0.0113,0.0525
CT018707,Zone_07,Zone_07,0.2923,0.0643,0.0891,0.0816,0.1269,0.0486,0.0418,0.2923,0.1848,0.0127,0.0579
CT014800,Zone_08,Zone_08,0.2692,0.0567,0.0705,0.1024,0.1337,0.0347,0.0444,0.2382,0.2692,0.0107,0.0394
CT002394,Zone_02,Zone_07,0.367,0.0698,0.097,0.0798,0.1112,0.0282,0.0248,0.367,0.1527,0.0118,0.0577
CT016550,Zone_08,Zone_08,0.2686,0.076,0.0686,0.0938,0.1111,0.0484,0.0456,0.2142,0.2686,0.0074,0.0664
CT019566,Zone_07,Zone_07,0.2347,0.054,0.0892,0.0982,0.1396,0.039,0.048,0.2347,0.2268,0.0205,0.0502
CT009444,Zone_04,Zone_08,0.2544,0.0572,0.075,0.0963,0.1035,0.0445,0.058,0.2369,0.2544,0.0177,0.0564
CT011697,Zone_08,Zone_08,0.2548,0.0729,0.0655,0.0827,0.1381,0.0482,0.0425,0.2312,0.2548,0.0142,0.05
CT005582,Zone_05,Zone_07,0.308,0.065,0.0756,0.1046,0.1097,0.0332,0.0285,0.308,0.1948,0.0145,0.0661
CT015436,Zone_05,Zone_07,0.2805,0.0493,0.0801,0.1305,0.1061,0.0389,0.0299,0.2805,0.2121,0.01,0.0626
CT017753,Zone_10,Zone_07,0.2982,0.0535,0.0916,0.1045,0.1503,0.0392,0.0678,0.2982,0.1393,0.0116,0.0441
CT016697,Zone_01,Zone_07,0.2997,0.0726,0.0467,0.091,0.1361,0.0377,0.0381,0.2997,0.2168,0.0121,0.0492
CT007268,Zone_08,Zone_08,0.2346,0.0696,0.0752,0.0943,0.1217,0.055,0.0677,0.2061,0.2346,0.0141,0.0616
CT018663,Zone_07,Zone_07,0.2591,0.0751,0.0586,0.1017,0.112,0.0436,0.0431,0.2591,0.2403,0.0077,0.0588
CT007168,Zone_01,Zone_07,0.3196,0.058,0.0692,0.0897,0.1277,0.0509,0.0505,0.3196,0.1734,0.0128,0.0482
CT000881,Zone_08,Zone_07,0.2393,0.0718,0.0652,0.1108,0.1468,0.0267,0.0468,0.2393,0.2293,0.0096,0.0537
CT003613,Zone_08,Zone_07,0.2933,0.0432,0.0893,0.1138,0.1252,0.0387,0.0692,0.2933,0.1726,0.01,0.0447
CT010999,Zone_07,Zone_07,0.2597,0.0775,0.0881,0.0869,0.1188,0.0372,0.0266,0.2597,0.217,0.01,0.0782
CT007409,Zone_07,Zone_07,0.2797,0.0693,0.0802,0.0928,0.1162,0.044,0.044,0.2797,0.2019,0.0109,0.0612
CT011922,Zone_07,Zone_07,0.2905,0.0552,0.0776,0.1073,0.1373,0.0307,0.0459,0.2905,0.175,0.0088,0.0716
CT006259,Zone_08,Zone_07,0.3084,0.0446,0.0598,0.1091,0.1609,0.0257,0.0315,0.3084,0.2153,0.0107,0.0338
CT000644,Zone_04,Zone_08,0.2686,0.0806,0.0647,0.0848,0.1428,0.0393,0.0304,0.2296,0.2686,0.0088,0.0504
CT004803,Zone_02,Zone_08,0.2551,0.0582,0.0998,0.061,0.1421,0.0404,0.0437,0.2299,0.2551,0.0056,0.0643
CT016945,Zone_10,Zone_08,0.2733,0.0607,0.0776,0.0974,0.1067,0.0349,0.0436,0.2382,0.2733,0.0086,0.0591
CT019530,Zone_08,Zone_07,0.2231,0.0837,0.0928,0.0755,0.1307,0.0599,0.0519,0.2231,0.2043,0.0087,0.0695
CT015295,Zone_06,Zone_07,0.3543,0.0519,0.0522,0.0899,0.155,0.0162,0.0311,0.3543,0.2019,0.01,0.0377
CT014040,Zone_04,Zone_08,0.2614,0.075,0.0656,0.0903,0.1323,0.0414,0.0237,0.2424,0.2614,0.0103,0.0576
CT007714,Zone_04,Zone_07,0.3123,0.0646,0.083,0.0871,0.1127,0.0423,0.0491,0.3123,0.1794,0.0138,0.0558
CT016075,Zone_07,Zone_07,0.31,0.0534,0.1018,0.0858,0.1215,0.0422,0.0401,0.31,0.169,0.0109,0.0653
CT007307,Zone_02,Zone_07,0.2614,0.0696,0.0748,0.091,0.1388,0.0269,0.0344,0.2614,0.2495,0.0103,0.0434
CT015205,Zone_01,Zone_07,0.2826,0.0715,0.0773,0.0827,0.1191,0.0331,0.0396,0.2826,0.2149,0.0151,0.0642
CT010169,Zone_06,Zone_08,0.2468,0.0561,0.0524,0.0828,0.168,0.0384,0.0496,0.2394,0.2468,0.0059,0.0605
CT018937,Zone_03,Zone_07,0.2672,0.0756,0.0724,0.0822,0.1333,0.0293,0.0369,0.2672,0.238,0.0108,0.0542
CT000480,Zone_08,Zone_07,0.2624,0.0519,0.0812,0.0727,0.146,0.049,0.033,0.2624,0.2364,0.0042,0.0632
CT002533,Zone_08,Zone_08,0.2663,0.065,0.0674,0.0739,0.1565,0.0389,0.0495,0.2076,0.2663,0.0045,0.0703
CT000753,Zone_04,Zone_07,0.2568,0.072,0.0621,0.083,0.1273,0.044,0.0496,0.2568,0.2316,0.0168,0.0568
CT016711,Zone_03,Zone_07,0.277,0.0702,0.0585,0.1208,0.1127,0.0385,0.0323,0.277,0.2136,0.0091,0.0671
CT012337,Zone_03,Zone_07,0.2484,0.0471,0.1142,0.119,0.1115,0.0381,0.0481,0.2484,0.2066,0.0138,0.0532
CT008306,Zone_03,Zone_08,0.2855,0.0564,0.0894,0.0868,0.1108,0.0459,0.0683,0.1749,0.2855,0.0142,0.0678
CT005387,Zone_03,Zone_07,0.2551,0.0787,0.0644,0.1055,0.1266,0.0324,0.0359,0.2551,0.2111,0.0076,0.0828
CT007328,Zone_08,Zone_08,0.2323,0.057,0.0987,0.0844,0.1178,0.0629,0.0378,0.2248,0.2323,0.0113,0.073
CT012255,Zone_02,Zone_08,0.2433,0.0383,0.0832,0.0802,0.1559,0.0275,0.0627,0.2363,0.2433,0.0065,0.0661
CT003132,Zone_06,Zone_07,0.2518,0.0574,0.0907,0.0738,0.1498,0.0311,0.036,0.2518,0.2388,0.0051,0.0655
CT000947,Zone_08,Zone_08,0.296,0.0666,0.0754,0.1038,0.1018,0.0322,0.0511,0.2172,0.296,0.0054,0.0506
CT001520,Zone_01,Zone_07,0.2964,0.0677,0.0862,0.0827,0.1261,0.0417,0.0481,0.2964,0.1762,0.0161,0.0587
CT015335,Zone_04,Zone_07,0.2704,0.0614,0.0999,0.0975,0.1221,0.0319,0.0381,0.2704,0.2144,0.0095,0.0548
CT005859,Zone_07,Zone_07,0.288,0.0689,0.0948,0.082,0.1205,0.0494,0.0501,0.288,0.173,0.0116,0.0617
CT012647,Zone_03,Zone_07,0.2631,0.0605,0.0604,0.114,0.1306,0.0297,0.0527,0.2631,0.2186,0.0198,0.0506
CT006993,Zone_06,Zone_07,0.2471,0.0607,0.0749,0.0937,0.1195,0.0528,0.0342,0.2471,0.2377,0.0092,0.0701
CT002331,Zone_08,Zone_07,0.2634,0.0535,0.1107,0.0657,0.1422,0.0281,0.0439,0.2634,0.2239,0.0059,0.0627
CT005246,Zone_08,Zone_07,0.2501,0.0793,0.0747,0.0957,0.1292,0.0349,0.022,0.2501,0.247,0.0196,0.0477
CT008312,Zone_04,Zone_08,0.2568,0.055,0.0947,0.068,0.1606,0.0383,0.04,0.2122,0.2568,0.0059,0.0685
CT015726,Zone_04,Zone_07,0.3297,0.0733,0.0736,0.0847,0.1191,0.034,0.0308,0.3297,0.1836,0.0083,0.0629
CT004431,Zone_04,Zone_08,0.2909,0.0755,0.0817,0.0815,0.1122,0.0272,0.0405,0.2339,0.2909,0.0051,0.0515
CT012876,Zone_05,Zone_07,0.2669,0.0663,0.0741,0.0965,0.1319,0.0411,0.0346,0.2669,0.2073,0.0099,0.0715
CT011871,Zone_02,Zone_07,0.263,0.0744,0.0787,0.0902,0.1387,0.0319,0.0397,0.263,0.221,0.0088,0.0535
CT002207,Zone_07,Zone_07,0.2697,0.0515,0.0763,0.0973,0.1222,0.0339,0.0502,0.2697,0.2157,0.0207,0.0625
CT009552,Zone_03,Zone_07,0.2877,0.0731,0.0771,0.085,0.1205,0.0322,0.0375,0.2877,0.2091,0.0137,0.0642
CT001371,Zone_03,Zone_07,0.2644,0.0675,0.0691,0.1076,0.1308,0.0347,0.0451,0.2644,0.2355,0.0061,0.0392
CT005652,Zone_08,Zone_07,0.2477,0.0772,0.0946,0.0833,0.1118,0.0359,0.0304,0.2477,0.236,0.0194,0.0638
CT011317,Zone_04,Zone_08,0.2448,0.0683,0.0915,0.0973,0.1297,0.0425,0.0444,0.2091,0.2448,0.0144,0.0579
CT006018,Zone_07,Zone_07,0.3423,0.0511,0.0899,0.0803,0.1281,0.0341,0.0311,0.3423,0.1645,0.0129,0.0656
CT018231,Zone_02,Zone_07,0.2832,0.0544,0.0714,0.1049,0.1262,0.0432,0.0512,0.2832,0.203,0.0115,0.0509
CT013022,Zone_08,Zone_07,0.2923,0.0764,0.0955,0.0687,0.1199,0.0412,0.0352,0.2923,0.1869,0.0211,0.0628
CT007135,Zone_04,Zone_08,0.2416,0.0624,0.0788,0.0822,0.1314,0.0561,0.037,0.2216,0.2416,0.0116,0.0774
CT007067,Zone_08,Zone_08,0.261,0.046,0.0985,0.1047,0.0966,0.0362,0.0483,0.2361,0.261,0.0162,0.0563
CT005790,Zone_08,Zone_08,0.2485,0.0606,0.0632,0.1048,0.1275,0.0349,0.0446,0.2322,0.2485,0.0187,0.065
CT013850,Zone_04,Zone_07,0.2491,0.0536,0.0683,0.0782,0.1185,0.0683,0.0526,0.2491,0.2194,0.0109,0.081
CT018493,Zone_02,Zone_07,0.2697,0.065,0.1065,0.0711,0.1118,0.0409,0.0357,0.2697,0.2185,0.019,0.0618
CT009400,Zone_07,Zone_07,0.2491,0.0558,0.0863,0.1054,0.15,0.0473,0.0502,0.2491,0.1829,0.0108,0.062
CT015890,Zone_03,Zone_07,0.2908,0.0703,0.0952,0.0818,0.1248,0.0353,0.0343,0.2908,0.1834,0.0113,0.0727
CT017302,Zone_05,Zone_07,0.2675,0.079,0.0597,0.1015,0.1265,0.036,0.0384,0.2675,0.2328,0.006,0.0526
CT001344,Zone_07,Zone_08,0.2764,0.0648,0.0593,0.0965,0.1256,0.0275,0.0269,0.266,0.2764,0.0098,0.0472
CT006939,Zone_02,Zone_07,0.2392,0.077,0.0855,0.0933,0.1224,0.0429,0.0333,0.2392,0.221,0.0108,0.0747
CT015990,Zone_08,Zone_07,0.2574,0.0693,0.0841,0.082,0.1174,0.035,0.054,0.2574,0.2234,0.0174,0.06
CT018258,Zone_08,Zone_08,0.2542,0.0731,0.0509,0.1109,0.1193,0.0417,0.0456,0.223,0.2542,0.0088,0.0724
CT019804,Zone_08,Zone_07,0.2549,0.0767,0.1121,0.0796,0.1223,0.0383,0.0493,0.2549,0.1957,0.0103,0.0607
CT000387,Zone_07,Zone_07,0.346,0.0397,0.0695,0.1113,0.1328,0.0229,0.0319,0.346,0.1894,0.011,0.0455
CT018693,Zone_08,Zone_07,0.2619,0.0692,0.0954,0.0823,0.1356,0.0358,0.0425,0.2619,0.2,0.0197,0.0576
CT014965,Zone_08,Zone_07,0.2921,0.039,0.1109,0.0805,0.1682,0.0372,0.0483,0.2921,0.1668,0.0033,0.0537
CT010489,Zone_09,Zone_07,0.2595,0.0668,0.0491,0.1058,0.1306,0.0332,0.0345,0.2595,0.2495,0.0092,0.0617
CT017592,Zone_08,Zone_07,0.2384,0.0701,0.0806,0.0802,0.1256,0.0395,0.0524,0.2384,0.2221,0.0234,0.0676
CT016457,Zone_08,Zone_08,0.2641,0.0667,0.0694,0.1022,0.1282,0.0394,0.0475,0.2293,0.2641,0.0093,0.0439
CT003468,Zone_04,Zone_07,0.2787,0.0656,0.0745,0.0786,0.1142,0.0347,0.0658,0.2787,0.2244,0.0131,0.0504
CT008416,Zone_07,Zone_07,0.2683,0.0642,0.0711,0.0989,0.1556,0.0388,0.03,0.2683,0.2142,0.0149,0.0439
CT013587,Zone_08,Zone_07,0.279,0.0556,0.0431,0.0742,0.1756,0.0396,0.0405,0.279,0.222,0.0145,0.0558
CT009199,Zone_04,Zone_08,0.2385,0.0423,0.0884,0.1319,0.1138,0.0438,0.0332,0.2362,0.2385,0.0092,0.0628
CT017336,Zone_07,Zone_07,0.3006,0.0581,0.1332,0.0714,0.1068,0.034,0.0544,0.3006,0.1647,0.0167,0.0601
CT018529,Zone_08,Zone_07,0.3467,0.0641,0.0811,0.0898,0.1198,0.0279,0.0265,0.3467,0.1647,0.0103,0.069
CT015770,Zone_07,Zone_07,0.3086,0.0679,0.078,0.0881,0.1636,0.0346,0.0345,0.3086,0.1652,0.0117,0.0478
CT003203,Zone_06,Zone_07,0.2847,0.0593,0.1073,0.0931,0.1215,0.0367,0.0409,0.2847,0.1914,0.0151,0.0499
CT011296,Zone_07,Zone_08,0.2613,0.0462,0.0698,0.106,0.12,0.0398,0.0472,0.2546,0.2613,0.0097,0.0454
CT012456,Zone_07,Zone_07,0.2746,0.0611,0.0736,0.0807,0.1138,0.0298,0.0514,0.2746,0.2479,0.0075,0.0595
CT012888,Zone_04,Zone_07,0.2554,0.0583,0.054,0.1313,0.1256,0.0231,0.0474,0.2554,0.2438,0.0108,0.0502
CT011432,Zone_02,Zone_07,0.2384,0.0654,0.0963,0.0801,0.123,0.0448,0.0575,0.2384,0.2272,0.0093,0.0581
CT014173,Zone_08,Zone_07,0.2431,0.0603,0.0965,0.1124,0.1284,0.0402,0.0551,0.2431,0.2039,0.0165,0.0436
CT003044,Zone_08,Zone_07,0.2957,0.0516,0.0809,0.1012,0.1365,0.0441,0.0441,0.2957,0.1761,0.0155,0.0543
CT019352,Zone_02,Zone_08,0.2585,0.0722,0.0659,0.0859,0.1282,0.0445,0.0455,0.2434,0.2585,0.013,0.0427
CT003229,Zone_08,Zone_07,0.3199,0.0449,0.0948,0.0798,0.1481,0.0346,0.0458,0.3199,0.1746,0.0084,0.0489
CT012279,Zone_07,Zone_07,0.242,0.0523,0.1018,0.1007,0.1227,0.043,0.0642,0.242,0.2202,0.0118,0.0413
CT005706,Zone_08,Zone_07,0.2888,0.0452,0.078,0.1099,0.168,0.0166,0.0353,0.2888,0.2113,0.0139,0.0329
CT015519,Zone_01,Zone_07,0.3311,0.0494,0.06,0.0981,0.1241,0.0261,0.0333,0.3311,0.2157,0.0095,0.0527
CT010323,Zone_01,Zone_08,0.238,0.0636,0.088,0.0932,0.1326,0.0438,0.0431,0.2306,0.238,0.0155,0.0516
CT004655,Zone_08,Zone_07,0.2879,0.0535,0.0753,0.0998,0.1081,0.0451,0.0551,0.2879,0.2029,0.0142,0.0581
CT002179,Zone_04,Zone_08,0.236,0.0775,0.0682,0.0878,0.126,0.0439,0.0598,0.2262,0.236,0.008,0.0667
CT008050,Zone_08,Zone_07,0.3094,0.0556,0.0605,0.075,0.1591,0.0301,0.0468,0.3094,0.1846,0.0118,0.067
CT013269,Zone_08,Zone_07,0.285,0.0719,0.1113,0.0912,0.107,0.0269,0.031,0.285,0.205,0.0148,0.0558
CT004533,Zone_08,Zone_08,0.262,0.0656,0.0727,0.0914,0.1331,0.0284,0.0368,0.2552,0.262,0.0117,0.0432
CT008148,Zone_01,Zone_08,0.2899,0.0759,0.0896,0.082,0.119,0.0308,0.0402,0.2134,0.2899,0.0067,0.0526
CT002676,Zone_07,Zone_07,0.2752,0.067,0.0672,0.0668,0.1311,0.0535,0.0562,0.2752,0.1986,0.0151,0.0693
CT016876,Zone_02,Zone_07,0.2736,0.0545,0.0696,0.095,0.1201,0.04,0.0545,0.2736,0.212,0.0053,0.0754
CT005211,Zone_08,Zone_07,0.2968,0.0758,0.0753,0.0801,0.1373,0.0396,0.0268,0.2968,0.2005,0.0223,0.0456
CT013018,Zone_08,Zone_07,0.2525,0.0668,0.0743,0.0658,0.1762,0.0351,0.0312,0.2525,0.2325,0.0044,0.0614
CT006779,Zone_04,Zone_07,0.2755,0.0621,0.1323,0.0823,0.1106,0.0388,0.043,0.2755,0.1787,0.0109,0.0659
CT007996,Zone_04,Zone_07,0.2499,0.0556,0.081,0.1089,0.0985,0.0401,0.0353,0.2499,0.2421,0.0154,0.0732
CT008390,Zone_07,Zone_07,0.2573,0.0381,0.0964,0.101,0.1101,0.0563,0.0644,0.2573,0.1994,0.0126,0.0643
CT019719,Zone_10,Zone_07,0.2935,0.053,0.068,0.0896,0.1315,0.0465,0.0381,0.2935,0.2062,0.0085,0.0651
CT008764,Zone_07,Zone_07,0.3075,0.0564,0.0641,0.0889,0.1056,0.0407,0.0665,0.3075,0.1928,0.0194,0.0581
CT011734,Zone_03,Zone_07,0.2618,0.0498,0.0587,0.1041,0.12,0.04,0.0461,0.2618,0.2417,0.0104,0.0674
CT010988,Zone_09,Zone_07,0.2191,0.1007,0.0967,0.1331,0.1488,0.0419,0.0134,0.2191,0.1805,0.0058,0.0602
CT007674,Zone_08,Zone_08,0.2806,0.0615,0.0749,0.0718,0.1545,0.0435,0.0441,0.1991,0.2806,0.0033,0.0668
CT012039,Zone_07,Zone_08,0.2494,0.0481,0.1032,0.0793,0.1373,0.0373,0.0489,0.2247,0.2494,0.0071,0.0647
CT007973,Zone_07,Zone_07,0.3042,0.0458,0.0605,0.0932,0.1376,0.0408,0.0334,0.3042,0.2124,0.0078,0.0644
CT008954,Zone_10,Zone_07,0.2641,0.0676,0.08,0.0903,0.1311,0.0378,0.0426,0.2641,0.2013,0.0118,0.0734
CT018045,Zone_06,Zone_07,0.2568,0.0578,0.0716,0.1056,0.1346,0.0445,0.0424,0.2568,0.2301,0.0164,0.0402
CT008999,Zone_10,Zone_08,0.2675,0.0551,0.0692,0.096,0.1153,0.0221,0.0632,0.2439,0.2675,0.0196,0.0481
CT007529,Zone_05,Zone_08,0.2533,0.0485,0.0666,0.0798,0.104,0.0665,0.0659,0.2285,0.2533,0.0158,0.0712
CT006592,Zone_08,Zone_07,0.269,0.0688,0.0633,0.0868,0.117,0.0339,0.0571,0.269,0.2147,0.0225,0.0669
CT001110,Zone_01,Zone_07,0.2563,0.064,0.0786,0.0803,0.1161,0.0455,0.0509,0.2563,0.2176,0.0146,0.0759
CT002518,Zone_01,Zone_07,0.2537,0.0663,0.0952,0.1015,0.1151,0.0311,0.0545,0.2537,0.2211,0.0091,0.0524
CT011030,Zone_10,Zone_08,0.2807,0.0528,0.0547,0.11,0.1011,0.0299,0.0634,0.2384,0.2807,0.0116,0.0574
CT016858,Zone_07,Zone_07,0.2943,0.0541,0.1019,0.0707,0.1434,0.0242,0.0315,0.2943,0.2114,0.004,0.0645
CT013464,Zone_04,Zone_07,0.2871,0.0708,0.0555,0.0986,0.1329,0.0445,0.0277,0.2871,0.2259,0.0078,0.0491
CT015463,Zone_07,Zone_07,0.2396,0.0678,0.0851,0.0918,0.131,0.0426,0.06,0.2396,0.2184,0.0129,0.0508
CT013854,Zone_05,Zone_07,0.2487,0.0618,0.0874,0.1082,0.1558,0.0482,0.0427,0.2487,0.1777,0.0125,0.0569
CT010043,Zone_08,Zone_07,0.2573,0.061,0.0591,0.1055,0.1099,0.04,0.0579,0.2573,0.2278,0.0171,0.0645
CT018992,Zone_07,Zone_07,0.3022,0.0756,0.0543,0.0921,0.1371,0.0427,0.0286,0.3022,0.1915,0.0088,0.067
