complaint_id,actual_zone,predicted_zone,prediction_confidence,prob_zone_01,prob_zone_02,prob_zone_03,prob_zone_04,prob_zone_05,prob_zone_06,prob_zone_07,prob_zone_08,prob_zone_09,prob_zone_10
CT012660,Zone_01,Zone_01,1.0,1.0,0.0,0.0,0.0,0.0,0.0,0.0,0.0,0.0,0.0
CT009088,Zone_07,Zone_07,0.9706,0.0,0.0,0.0,0.0028,0.0,0.0074,0.9706,0.0192,0.0,0.0
CT008281,Zone_08,Zone_08,0.9727,0.0,0.0001,0.0,0.0037,0.0101,0.0003,0.0132,0.9727,0.0,0.0
CT006500,Zone_07,Zone_08,0.7361,0.0,0.0,0.0,0.0001,0.0,0.0007,0.2631,0.7361,0.0,0.0
CT010858,Zone_08,Zone_08,0.6566,0.0,0.0002,0.0,0.0002,0.0,0.0002,0.3427,0.6566,0.0,0.0
CT000998,Zone_02,Zone_02,1.0,0.0,1.0,0.0,0.0,0.0,0.0,0.0,0.0,0.0,0.0
CT003768,Zone_04,Zone_04,0.9999,0.0,0.0,0.0001,0.9999,0.0,0.0,0.0,0.0,0.0,0.0
CT016589,Zone_07,Zone_07,0.943,0.0,0.0,0.0,0.0047,0.0,0.0034,0.943,0.0488,0.0,0.0001
CT001388,Zone_04,Zone_04,0.9999,0.0,0.0,0.0001,0.9999,0.0,0.0001,0.0,0.0,0.0,0.0
CT001708,Zone_08,Zone_08,0.9897,0.0,0.0,0.0,0.0001,0.0006,0.0,0.0096,0.9897,0.0,0.0
CT008921,Zone_08,Zone_08,0.9826,0.0,0.0001,0.0001,0.0039,0.0002,0.0003,0.0129,0.9826,0.0,0.0
CT009823,Zone_07,Zone_07,0.7624,0.0,0.0,0.0001,0.0334,0.0012,0.0005,0.7624,0.2023,0.0,0.0001
CT013332,Zone_08,Zone_08,0.9786,0.0,0.0001,0.0001,0.0039,0.0002,0.0003,0.0169,0.9786,0.0,0.0
CT009553,Zone_08,Zone_08,0.7001,0.0,0.0,0.0,0.0001,0.0001,0.0002,0.2995,0.7001,0.0,0.0
CT013426,Zone_04,Zone_04,0.9897,0.0,0.0,0.0001,0.9897,0.0,0.0,0.0035,0.0067,0.0,0.0
CT000407,Zone_04,Zone_04,0.9855,0.0,0.0,0.0059,0.9855,0.0,0.0001,0.0086,0.0,0.0,0.0
CT006247,Zone_10,Zone_10,1.0,0.0,0.0,0.0,0.0,0.0,0.0,0.0,0.0,0.0,1.0
CT012062,Zone_07,Zone_08,0.7457,0.0,0.0,0.0,0.0001,0.0,0.0007,0.2535,0.7457,0.0,0.0
CT002655,Zone_08,Zone_08,0.9815,0.0,0.0001,0.0,0.006,0.0001,0.001,0.0113,0.9815,0.0,0.0
CT002741,Zone_03,Zone_03,0.9981,0.0,0.0,0.9981,0.0019,0.0,0.0,0.0,0.0,0.0,0.0
CT004204,Zone_08,Zone_08,0.7664,0.0,0.0,0.0,0.0002,0.0,0.0007,0.2327,0.7664,0.0,0.0
CT016166,Zone_02,Zone_02,1.0,0.0,1.0,0.0,0.0,0.0,0.0,0.0,0.0,0.0,0.0
CT003813,Zone_08,Zone_07,0.818,0.0,0.0,0.0001,0.0167,0.0005,0.0009,0.818,0.1636,0.0,0.0001
CT018692,Zone_04,Zone_04,0.9953,0.0,0.0,0.0003,0.9953,0.0,0.0,0.0035,0.0009,0.0,0.0
CT016709,Zone_07,Zone_08,0.5849,0.0,0.0,0.0,0.0002,0.0,0.0007,0.4142,0.5849,0.0,0.0
CT007551,Zone_07,Zone_07,0.8468,0.0,0.0,0.0,0.0063,0.0001,0.1396,0.8468,0.0072,0.0,0.0
CT005426,Zone_07,Zone_08,0.6662,0.0,0.0,0.0,0.0001,0.0,0.0008,0.3329,0.6662,0.0,0.0
CT009810,Zone_07,Zone_07,0.9622,0.0,0.0,0.0,0.0073,0.0004,0.0157,0.9622,0.0143,0.0,0.0
CT019461,Zone_03,Zone_03,0.9976,0.0,0.0,0.9976,0.0024,0.0,0.0,0.0,0.0,0.0,0.0
CT011624,Zone_07,Zone_08,0.6033,0.0,0.0,0.0,0.0004,0.0003,0.0007,0.3952,0.6033,0.0,0.0
CT004310,Zone_07,Zone_08,0.7656,0.0,0.0,0.0,0.0001,0.0,0.0001,0.2342,0.7656,0.0,0.0
CT003278,Zone_07,Zone_07,0.7809,0.0,0.0,0.0001,0.011,0.0004,0.0001,0.7809,0.2075,0.0,0.0001
CT013963,Zone_07,Zone_07,0.875,0.0,0.0,0.0,0.0084,0.0001,0.1102,0.875,0.0064,0.0,0.0
CT008759,Zone_05,Zone_05,1.0,0.0,0.0,0.0,0.0,1.0,0.0,0.0,0.0,0.0,0.0
CT001833,Zone_08,Zone_08,0.9769,0.0,0.0,0.0001,0.0005,0.0014,0.0,0.0211,0.9769,0.0,0.0
CT006393,Zone_04,Zone_04,0.9877,0.0,0.0,0.0,0.9877,0.0,0.0,0.005,0.0073,0.0,0.0
CT008639,Zone_07,Zone_07,0.8018,0.0,0.0,0.0001,0.0326,0.0004,0.0002,0.8018,0.1649,0.0,0.0001
CT009450,Zone_04,Zone_04,0.9935,0.0,0.0,0.0001,0.9935,0.0,0.0,0.0,0.0064,0.0,0.0
CT007172,Zone_07,Zone_07,0.7778,0.0,0.0,0.0001,0.0192,0.0004,0.0003,0.7778,0.202,0.0,0.0001
CT007097,Zone_08,Zone_08,0.9804,0.0,0.0001,0.0001,0.0038,0.0002,0.001,0.0144,0.9804,0.0,0.0
CT016127,Zone_07,Zone_07,0.9188,0.0,0.0,0.0,0.0123,0.0001,0.0551,0.9188,0.0137,0.0,0.0
CT000783,Zone_08,Zone_08,0.9786,0.0,0.0001,0.0001,0.0037,0.0002,0.0003,0.0171,0.9786,0.0,0.0
CT009681,Zone_07,Zone_07,0.778,0.0,0.0,0.0001,0.0142,0.0004,0.0003,0.778,0.2058,0.0,0.001
CT004975,Zone_08,Zone_08,0.551,0.0,0.0,0.0,0.0001,0.0003,0.0007,0.4478,0.551,0.0,0.0
CT013719,Zone_08,Zone_08,0.6882,0.0,0.0,0.0,0.001,0.0,0.0006,0.3102,0.6882,0.0,0.0
CT003962,Zone_03,Zone_03,1.0,0.0,0.0,1.0,0.0,0.0,0.0,0.0,0.0,0.0,0.0
CT013819,Zone_04,Zone_04,0.9812,0.0,0.0001,0.0001,0.9812,0.0001,0.0002,0.0101,0.0082,0.0,0.0
CT008385,Zone_01,Zone_01,1.0,1.0,0.0,0.0,0.0,0.0,0.0,0.0,0.0,0.0,0.0
CT009653,Zone_03,Zone_03,0.9935,0.0,0.0065,0.9935,0.0,0.0,0.0,0.0,0.0,0.0,0.0
CT007970,Zone_02,Zone_02,0.9952,0.0,0.9952,0.0048,0.0,0.0,0.0,0.0,0.0,0.0,0.0
CT010507,Zone_08,Zone_08,0.5763,0.0,0.0,0.0,0.0006,0.0003,0.0007,0.422,0.5763,0.0,0.0
CT007600,Zone_07,Zone_08,0.7223,0.0,0.0,0.0,0.0001,0.0,0.0007,0.2768,0.7223,0.0,0.0
CT010064,Zone_02,Zone_02,0.9944,0.0,0.9944,0.0056,0.0,0.0,0.0,0.0,0.0,0.0,0.0
CT019037,Zone_04,Zone_04,0.9838,0.0085,0.0001,0.0009,0.9838,0.0001,0.0002,0.0001,0.0063,0.0,0.0
CT016233,Zone_01,Zone_01,1.0,1.0,0.0,0.0,0.0,0.0,0.0,0.0,0.0,0.0,0.0
CT016275,Zone_04,Zone_04,0.9944,0.0,0.0,0.0,0.9944,0.0,0.0,0.0048,0.0008,0.0,0.0
CT000294,Zone_03,Zone_03,1.0,0.0,0.0,1.0,0.0,0.0,0.0,0.0,0.0,0.0,0.0
CT018802,Zone_02,Zone_02,0.9983,0.0,0.9983,0.0,0.0017,0.0,0.0,0.0,0.0,0.0,0.0
CT013203,Zone_08,Zone_07,0.7961,0.0,0.0,0.0001,0.0095,0.0002,0.0003,0.7961,0.1937,0.0,0.0001
CT001403,Zone_10,Zone_10,0.9938,0.0,0.0,0.0,0.0,0.0,0.0,0.0,0.0,0.0062,0.9938
CT008298,Zone_04,Zone_04,0.9918,0.0,0.0,0.0082,0.9918,0.0,0.0001,0.0,0.0,0.0,0.0
CT004078,Zone_08,Zone_07,0.7521,0.0,0.0,0.0,0.0167,0.0005,0.0002,0.7521,0.2294,0.0,0.001
CT009342,Zone_02,Zone_02,1.0,0.0,1.0,0.0,0.0,0.0,0.0,0.0,0.0,0.0,0.0
CT007860,Zone_07,Zone_07,0.9805,0.0,0.0,0.0,0.0,0.0,0.0071,0.9805,0.0124,0.0,0.0
CT005027,Zone_08,Zone_08,0.9689,0.0,0.0001,0.0003,0.0039,0.0001,0.0003,0.0264,0.9689,0.0,0.0
CT012029,Zone_04,Zone_04,0.9955,0.0,0.0,0.0001,0.9955,0.0,0.0,0.0035,0.0009,0.0,0.0
CT019786,Zone_04,Zone_04,0.9871,0.0,0.0,0.0007,0.9871,0.0,0.0,0.0035,0.0087,0.0,0.0
CT005141,Zone_08,Zone_08,0.5916,0.0,0.0,0.0,0.0001,0.0,0.0003,0.4079,0.5916,0.0,0.0
CT005841,Zone_05,Zone_05,0.9974,0.0,0.0,0.0,0.0,0.9974,0.0,0.0021,0.0005,0.0,0.0
CT010730,Zone_06,Zone_06,0.9975,0.0,0.0,0.0,0.0,0.0,0.9975,0.0025,0.0,0.0,0.0
CT014988,Zone_04,Zone_04,0.9955,0.0,0.0,0.0001,0.9955,0.0,0.0,0.0035,0.0009,0.0,0.0
CT000867,Zone_07,Zone_07,0.8716,0.0,0.0,0.0,0.0069,0.0001,0.0998,0.8716,0.0217,0.0,0.0
CT011310,Zone_01,Zone_01,1.0,1.0,0.0,0.0,0.0,0.0,0.0,0.0,0.0,0.0,0.0
CT017931,Zone_08,Zone_08,0.9741,0.0,0.0001,0.0001,0.007,0.0002,0.0003,0.0183,0.9741,0.0,0.0
CT004522,Zone_08,Zone_08,0.9671,0.0,0.0,0.0,0.0001,0.0009,0.0,0.032,0.9671,0.0,0.0
CT012269,Zone_02,Zone_02,1.0,0.0,1.0,0.0,0.0,0.0,0.0,0.0,0.0,0.0,0.0
CT013839,Zone_08,Zone_07,0.7928,0.0,0.0,0.0,0.0256,0.0004,0.0003,0.7928,0.1808,0.0,0.0001
CT016788,Zone_02,Zone_02,1.0,0.0,1.0,0.0,0.0,0.0,0.0,0.0,0.0,0.0,0.0
CT000505,Zone_07,Zone_07,0.7566,0.0,0.0,0.0001,0.0143,0.0013,0.0003,0.7566,0.2273,0.0,0.0001
CT013468,Zone_08,Zone_08,0.6595,0.0,0.0002,0.0,0.0003,0.0,0.0002,0.3399,0.6595,0.0,0.0
CT002172,Zone_04,Zone_04,0.9762,0.0,0.0001,0.0004,0.9762,0.0001,0.0002,0.014,0.009,0.0,0.0
CT016545,Zone_06,Zone_06,0.9861,0.0,0.0,0.0,0.0,0.0,0.9861,0.0084,0.0056,0.0,0.0
CT014283,Zone_07,Zone_07,0.9731,0.0,0.0,0.0,0.0001,0.0,0.0053,0.9731,0.0213,0.0,0.0001
CT009416,Zone_07,Zone_07,0.7614,0.0,0.0,0.0001,0.0188,0.0007,0.001,0.7614,0.2179,0.0,0.0001
CT004401,Zone_07,Zone_07,0.9596,0.0,0.0,0.0,0.0061,0.0,0.0119,0.9596,0.0223,0.0,0.0001
CT007056,Zone_05,Zone_05,1.0,0.0,0.0,0.0,0.0,1.0,0.0,0.0,0.0,0.0,0.0
CT007504,Zone_08,Zone_08,0.9769,0.0,0.0,0.0001,0.0006,0.0031,0.0,0.0193,0.9769,0.0,0.0
CT009420,Zone_10,Zone_10,1.0,0.0,0.0,0.0,0.0,0.0,0.0,0.0,0.0,0.0,1.0
CT013194,Zone_04,Zone_04,0.9927,0.0,0.0,0.0001,0.9927,0.0,0.0,0.0056,0.0015,0.0,0.0
CT009664,Zone_07,Zone_07,0.9053,0.0,0.0,0.0,0.0069,0.0001,0.0794,0.9053,0.0083,0.0,0.0
CT015158,Zone_04,Zone_04,0.9915,0.0,0.0,0.0001,0.9915,0.0,0.0,0.0067,0.0017,0.0,0.0
CT010407,Zone_07,Zone_07,0.9731,0.0,0.0,0.0,0.0037,0.0,0.0061,0.9731,0.017,0.0,0.0001
CT003993,Zone_03,Zone_03,0.9926,0.0,0.0074,0.9926,0.0,0.0,0.0,0.0,0.0,0.0,0.0
CT019595,Zone_07,Zone_07,0.7408,0.0,0.0,0.0001,0.0139,0.0006,0.0003,0.7408,0.2443,0.0,0.0001
CT015299,Zone_02,Zone_02,0.99,0.0,0.99,0.0059,0.0041,0.0,0.0,0.0,0.0,0.0,0.0
CT010761,Zone_01,Zone_01,1.0,1.0,0.0,0.0,0.0,0.0,0.0,0.0,0.0,0.0,0.0
CT011987,Zone_03,Zone_03,0.9999,0.0,0.0001,0.9999,0.0,0.0,0.0,0.0,0.0,0.0,0.0
CT004626,Zone_08,Zone_08,0.7434,0.0,0.0,0.0,0.0001,0.0,0.0002,0.2562,0.7434,0.0,0.0
CT010533,Zone_04,Zone_04,0.999,0.0,0.0,0.0001,0.999,0.0,0.0,0.0005,0.0004,0.0,0.0
CT013079,Zone_08,Zone_08,0.7034,0.0,0.0,0.0,0.0019,0.0,0.0036,0.291,0.7034,0.0,0.0
CT009848,Zone_05,Zone_05,1.0,0.0,0.0,0.0,0.0,1.0,0.0,0.0,0.0,0.0,0.0
CT005339,Zone_07,Zone_07,0.8714,0.0,0.0,0.0,0.0001,0.0,0.1151,0.8714,0.0132,0.0,0.0002
CT012719,Zone_05,Zone_05,0.9977,0.0,0.0,0.0,0.0023,0.9977,0.0,0.0,0.0,0.0,0.0
CT003635,Zone_08,Zone_08,0.6715,0.0,0.0,0.0,0.0001,0.0,0.0007,0.3277,0.6715,0.0,0.0
CT009719,Zone_07,Zone_07,0.9019,0.0,0.0,0.0,0.0034,0.0001,0.0883,0.9019,0.0063,0.0,0.0
CT014189,Zone_08,Zone_08,0.7518,0.0,0.0,0.0,0.0001,0.0,0.0002,0.2478,0.7518,0.0,0.0
CT010970,Zone_08,Zone_08,0.9816,0.0,0.0001,0.0001,0.0038,0.0002,0.0,0.0142,0.9816,0.0,0.0
CT015323,Zone_04,Zone_04,0.9871,0.0,0.0,0.0007,0.9871,0.0,0.0,0.0035,0.0087,0.0,0.0
CT005653,Zone_08,Zone_08,0.6924,0.0,0.0,0.0,0.0001,0.0,0.0077,0.2998,0.6924,0.0,0.0
CT014443,Zone_03,Zone_03,0.9956,0.0,0.0044,0.9956,0.0,0.0,0.0,0.0,0.0,0.0,0.0
CT007873,Zone_04,Zone_04,0.9812,0.0,0.0001,0.0,0.9812,0.0001,0.0002,0.0101,0.0082,0.0,0.0
CT012751,Zone_06,Zone_06,0.9975,0.0,0.0,0.0,0.0,0.0,0.9975,0.0025,0.0,0.0,0.0
CT009081,Zone_08,Zone_08,0.9808,0.0,0.0001,0.0001,0.0038,0.0002,0.001,0.014,0.9808,0.0,0.0
CT006659,Zone_07,Zone_07,0.9634,0.0,0.0,0.0,0.0036,0.0,0.0125,0.9634,0.0204,0.0,0.0001
CT008969,Zone_06,Zone_06,0.9975,0.0,0.0,0.0,0.0,0.0,0.9975,0.0025,0.0,0.0,0.0
CT004792,Zone_02,Zone_02,0.9918,0.0,0.9918,0.0082,0.0,0.0,0.0,0.0,0.0,0.0,0.0
CT017262,Zone_04,Zone_04,0.9863,0.0,0.0,0.0001,0.9863,0.01,0.0,0.0026,0.001,0.0,0.0
CT018069,Zone_06,Zone_06,0.9984,0.0,0.0,0.0,0.0,0.0,0.9984,0.0016,0.0,0.0,0.0
CT006002,Zone_03,Zone_03,0.9935,0.0,0.0065,0.9935,0.0,0.0,0.0,0.0,0.0,0.0,0.0
CT009413,Zone_04,Zone_04,0.9786,0.0,0.0,0.0002,0.9786,0.0001,0.0002,0.01,0.0012,0.0097,0.0
CT019996,Zone_07,Zone_07,0.9548,0.0,0.0,0.0,0.0037,0.0,0.0113,0.9548,0.0302,0.0,0.0
CT003298,Zone_08,Zone_08,0.9659,0.0,0.0001,0.0001,0.0159,0.0002,0.001,0.0168,0.9659,0.0,0.0
CT011839,Zone_07,Zone_08,0.6176,0.0,0.0,0.0,0.0001,0.0,0.0008,0.3814,0.6176,0.0,0.0
CT017042,Zone_07,Zone_07,0.9674,0.0,0.0,0.0,0.0046,0.0004,0.0023,0.9674,0.0252,0.0,0.0
CT005039,Zone_07,Zone_07,0.9104,0.0,0.0,0.0,0.0034,0.0001,0.0729,0.9104,0.0083,0.0049,0.0
CT003982,Zone_08,Zone_08,0.9665,0.0,0.0001,0.0001,0.0038,0.0002,0.001,0.0283,0.9665,0.0,0.0
CT002763,Zone_03,Zone_03,0.9852,0.0,0.0148,0.9852,0.0,0.0,0.0,0.0,0.0,0.0,0.0
CT009618,Zone_02,Zone_02,0.998,0.002,0.998,0.0,0.0,0.0,0.0,0.0,0.0,0.0,0.0
CT015520,Zone_07,Zone_07,0.9653,0.0,0.0,0.0,0.0036,0.0,0.0026,0.9653,0.0283,0.0,0.0001
CT013951,Zone_06,Zone_06,0.9984,0.0,0.0,0.0,0.0,0.0,0.9984,0.0016,0.0,0.0,0.0
CT007475,Zone_05,Zone_05,0.9965,0.0,0.0,0.0,0.0026,0.9965,0.0,0.0007,0.0002,0.0,0.0
CT018372,Zone_01,Zone_01,1.0,1.0,0.0,0.0,0.0,0.0,0.0,0.0,0.0,0.0,0.0
CT000295,Zone_07,Zone_07,0.9192,0.0,0.0,0.0,0.0034,0.0001,0.0693,0.9192,0.0081,0.0,0.0
CT007314,Zone_07,Zone_08,0.5528,0.0,0.0002,0.0,0.0002,0.0,0.0001,0.4467,0.5528,0.0,0.0
CT018520,Zone_04,Zone_04,0.9896,0.0,0.0,0.0001,0.9896,0.0,0.0,0.0036,0.0067,0.0,0.0
CT011118,Zone_05,Zone_05,1.0,0.0,0.0,0.0,0.0,1.0,0.0,0.0,0.0,0.0,0.0
CT009672,Zone_10,Zone_10,1.0,0.0,0.0,0.0,0.0,0.0,0.0,0.0,0.0,0.0,1.0
CT003262,Zone_08,Zone_08,0.7534,0.0,0.0,0.0,0.0001,0.0,0.0008,0.2457,0.7534,0.0,0.0
CT018725,Zone_03,Zone_03,0.9941,0.0059,0.0,0.9941,0.0,0.0,0.0,0.0,0.0,0.0,0.0
CT015620,Zone_04,Zone_04,0.9999,0.0,0.0,0.0001,0.9999,0.0,0.0001,0.0,0.0,0.0,0.0
CT004334,Zone_08,Zone_08,0.9791,0.0,0.0001,0.0003,0.0037,0.0001,0.0003,0.0164,0.9791,0.0,0.0
CT004039,Zone_05,Zone_05,0.998,0.0,0.0,0.0,0.0,0.998,0.0,0.0,0.002,0.0,0.0
CT007218,Zone_08,Zone_08,0.6775,0.0,0.0,0.0,0.0001,0.0001,0.0001,0.3222,0.6775,0.0,0.0
CT006086,Zone_07,Zone_07,0.9683,0.0,0.0,0.0,0.0046,0.0004,0.0138,0.9683,0.0129,0.0,0.0
CT015623,Zone_04,Zone_04,0.9944,0.0,0.0,0.0,0.9944,0.0,0.0,0.0048,0.0008,0.0,0.0
CT016112,Zone_08,Zone_07,0.7296,0.0,0.0,0.0004,0.0349,0.0004,0.0003,0.7296,0.2343,0.0,0.0001
CT016926,Zone_09,Zone_09,1.0,0.0,0.0,0.0,0.0,0.0,0.0,0.0,0.0,1.0,0.0
CT017819,Zone_08,Zone_08,0.9774,0.0,0.0001,0.0001,0.004,0.0006,0.0,0.0178,0.9774,0.0,0.0
CT008901,Zone_01,Zone_01,1.0,1.0,0.0,0.0,0.0,0.0,0.0,0.0,0.0,0.0,0.0
CT015595,Zone_07,Zone_08,0.6298,0.0,0.0,0.0,0.0001,0.0,0.0007,0.3693,0.6298,0.0,0.0
CT001962,Zone_08,Zone_08,0.9792,0.0,0.0,0.0,0.0049,0.0001,0.0003,0.0156,0.9792,0.0,0.0
CT015427,Zone_07,Zone_07,0.8812,0.0,0.0,0.0,0.0029,0.0,0.1063,0.8812,0.0096,0.0,0.0
CT007344,Zone_02,Zone_02,1.0,0.0,1.0,0.0,0.0,0.0,0.0,0.0,0.0,0.0,0.0
CT008936,Zone_10,Zone_10,1.0,0.0,0.0,0.0,0.0,0.0,0.0,0.0,0.0,0.0,1.0
CT010824,Zone_08,Zone_08,0.9718,0.0,0.0001,0.0003,0.008,0.0001,0.0003,0.0195,0.9718,0.0,0.0
CT014791,Zone_07,Zone_07,0.9824,0.0,0.0,0.0,0.0,0.0,0.0014,0.9824,0.0161,0.0,0.0
CT002779,Zone_04,Zone_04,0.9763,0.0001,0.0001,0.0003,0.9763,0.0001,0.0005,0.0138,0.0088,0.0,0.0
CT002493,Zone_02,Zone_02,1.0,0.0,1.0,0.0,0.0,0.0,0.0,0.0,0.0,0.0,0.0
CT019084,Zone_01,Zone_01,0.99,0.99,0.0,0.0,0.01,0.0,0.0,0.0,0.0,0.0,0.0
CT003097,Zone_03,Zone_03,0.9999,0.0,0.0001,0.9999,0.0,0.0,0.0,0.0,0.0,0.0,0.0
CT017864,Zone_07,Zone_07,0.815,0.0,0.0,0.0001,0.0325,0.0006,0.0001,0.815,0.1516,0.0,0.0001
CT008264,Zone_10,Zone_10,1.0,0.0,0.0,0.0,0.0,0.0,0.0,0.0,0.0,0.0,1.0
CT004830,Zone_06,Zone_06,0.9975,0.0,0.0,0.0,0.0,0.0,0.9975,0.0025,0.0,0.0,0.0
CT002923,Zone_03,Zone_03,1.0,0.0,0.0,1.0,0.0,0.0,0.0,0.0,0.0,0.0,0.0
CT001609,Zone_08,Zone_08,0.9782,0.0,0.0001,0.0,0.0072,0.0001,0.0003,0.0142,0.9782,0.0,0.0
CT006749,Zone_08,Zone_08,0.9805,0.0,0.0001,0.0001,0.0038,0.0002,0.001,0.0143,0.9805,0.0,0.0
CT002459,Zone_04,Zone_04,0.9944,0.0,0.0,0.0,0.9944,0.0,0.0001,0.0048,0.0008,0.0,0.0
CT014047,Zone_09,Zone_09,1.0,0.0,0.0,0.0,0.0,0.0,0.0,0.0,0.0,1.0,0.0
CT016301,Zone_01,Zone_01,1.0,1.0,0.0,0.0,0.0,0.0,0.0,0.0,0.0,0.0,0.0
CT012475,Zone_07,Zone_08,0.7077,0.0,0.0,0.0,0.0001,0.0,0.0007,0.2915,0.7077,0.0,0.0
CT004979,Zone_07,Zone_07,0.9478,0.0,0.0,0.0,0.0061,0.0,0.0047,0.9478,0.0413,0.0,0.0001
CT013722,Zone_04,Zone_04,0.9693,0.0,0.0001,0.0068,0.9693,0.0001,0.0,0.0173,0.0065,0.0,0.0
CT000279,Zone_07,Zone_07,0.9336,0.0,0.0,0.0,0.0035,0.0001,0.0498,0.9336,0.0129,0.0,0.0002
CT010980,Zone_07,Zone_07,0.803,0.0,0.0,0.0004,0.0232,0.0004,0.0003,0.803,0.1727,0.0,0.0001
CT000100,Zone_10,Zone_10,1.0,0.0,0.0,0.0,0.0,0.0,0.0,0.0,0.0,0.0,1.0
CT006982,Zone_10,Zone_10,1.0,0.0,0.0,0.0,0.0,0.0,0.0,0.0,0.0,0.0,1.0
CT006758,Zone_07,Zone_07,0.8257,0.0,0.0,0.0,0.0001,0.0,0.1668,0.8257,0.0072,0.0,0.0002
CT018344,Zone_08,Zone_08,0.598,0.0,0.0,0.0,0.0001,0.0,0.0003,0.4016,0.598,0.0,0.0
CT002312,Zone_02,Zone_02,0.9965,0.0035,0.9965,0.0,0.0,0.0,0.0,0.0,0.0,0.0,0.0
CT010930,Zone_04,Zone_04,0.9944,0.0,0.0,0.0001,0.9944,0.0,0.0,0.0049,0.0006,0.0,0.0
CT019236,Zone_02,Zone_02,1.0,0.0,1.0,0.0,0.0,0.0,0.0,0.0,0.0,0.0,0.0
CT017551,Zone_05,Zone_05,1.0,0.0,0.0,0.0,0.0,1.0,0.0,0.0,0.0,0.0,0.0
CT018597,Zone_01,Zone_01,1.0,1.0,0.0,0.0,0.0,0.0,0.0,0.0,0.0,0.0,0.0
CT001934,Zone_07,Zone_07,0.9431,0.0,0.0,0.0,0.0065,0.0,0.0107,0.9431,0.0396,0.0,0.0
CT005877,Zone_08,Zone_08,0.6848,0.0,0.0,0.0,0.0001,0.0,0.0002,0.3148,0.6848,0.0,0.0
CT006948,Zone_07,Zone_08,0.6859,0.0,0.0,0.0,0.0001,0.0,0.0002,0.3138,0.6859,0.0,0.0
CT005543,Zone_08,Zone_08,0.687,0.0,0.0,0.0,0.0293,0.0001,0.004,0.2783,0.687,0.0,0.0012
CT013777,Zone_08,Zone_08,0.9758,0.0,0.0001,0.0001,0.0073,0.0002,0.0003,0.0163,0.9758,0.0,0.0
CT001599,Zone_07,Zone_07,0.9623,0.0,0.0,0.0,0.0001,0.0,0.0043,0.9623,0.0332,0.0,0.0001
CT002165,Zone_07,Zone_07,0.8823,0.0,0.0,0.0,0.0034,0.0001,0.1065,0.8823,0.0078,0.0,0.0
CT001591,Zone_01,Zone_01,1.0,1.0,0.0,0.0,0.0,0.0,0.0,0.0,0.0,0.0,0.0
CT008548,Zone_07,Zone_07,0.7917,0.0,0.0,0.0001,0.0338,0.0005,0.0001,0.7917,0.1737,0.0,0.0
CT006551,Zone_07,Zone_07,0.9208,0.0,0.0,0.0,0.0034,0.0001,0.063,0.9208,0.0125,0.0,0.0002
CT001894,Zone_02,Zone_02,0.9896,0.0,0.9896,0.0104,0.0,0.0,0.0,0.0,0.0,0.0,0.0
CT012329,Zone_01,Zone_01,1.0,1.0,0.0,0.0,0.0,0.0,0.0,0.0,0.0,0.0,0.0
CT015795,Zone_05,Zone_05,0.9978,0.0,0.0,0.0,0.0002,0.9978,0.0,0.0,0.002,0.0,0.0
CT016437,Zone_08,Zone_08,0.9745,0.0,0.0001,0.0001,0.0078,0.0002,0.0003,0.017,0.9745,0.0,0.0
CT008293,Zone_08,Zone_08,0.9739,0.0,0.0001,0.0001,0.0038,0.0086,0.0,0.0134,0.9739,0.0,0.0
CT005519,Zone_03,Zone_03,0.9999,0.0,0.0001,0.9999,0.0,0.0,0.0,0.0,0.0,0.0,0.0
CT018027,Zone_07,Zone_08,0.732,0.0,0.0,0.0,0.0014,0.0,0.0002,0.2664,0.732,0.0,0.0
CT000272,Zone_01,Zone_01,1.0,1.0,0.0,0.0,0.0,0.0,0.0,0.0,0.0,0.0,0.0
CT007079,Zone_03,Zone_03,0.9999,0.0,0.0001,0.9999,0.0,0.0,0.0,0.0,0.0,0.0,0.0
CT008935,Zone_07,Zone_07,0.9735,0.0,0.0,0.0,0.0001,0.0,0.0071,0.9735,0.0191,0.0,0.0001
CT008153,Zone_07,Zone_07,0.7751,0.0,0.0,0.0001,0.0244,0.0007,0.0004,0.7751,0.1991,0.0,0.0001
CT009995,Zone_04,Zone_04,0.9913,0.0,0.0,0.0001,0.9913,0.0,0.0,0.008,0.0006,0.0,0.0
CT011653,Zone_07,Zone_07,0.7819,0.0,0.0,0.0001,0.0189,0.008,0.001,0.7819,0.19,0.0,0.0001
CT016837,Zone_07,Zone_07,0.8085,0.0,0.0,0.0004,0.0142,0.0007,0.0005,0.8085,0.1747,0.0,0.001
CT004779,Zone_04,Zone_04,0.9999,0.0,0.0,0.0,0.9999,0.0,0.0001,0.0,0.0,0.0,0.0
CT011005,Zone_07,Zone_07,0.9747,0.0,0.0,0.0,0.0001,0.0,0.0029,0.9747,0.0169,0.0,0.0054
CT001018,Zone_07,Zone_07,0.8674,0.0,0.0,0.0,0.0034,0.0001,0.1216,0.8674,0.0076,0.0,0.0
CT011954,Zone_09,Zone_09,0.9896,0.0,0.0,0.0,0.0,0.0,0.0,0.0004,0.0,0.9896,0.01
CT000078,Zone_07,Zone_08,0.7071,0.0,0.0,0.0,0.0001,0.0,0.0018,0.291,0.7071,0.0,0.0
CT009743,Zone_07,Zone_07,0.7669,0.0,0.0,0.0001,0.0239,0.0009,0.0003,0.7669,0.2078,0.0,0.0001
CT000057,Zone_08,Zone_08,0.9733,0.0,0.0,0.0001,0.004,0.0001,0.0003,0.0223,0.9733,0.0,0.0
CT012741,Zone_07,Zone_07,0.8798,0.0,0.0,0.0,0.0034,0.0001,0.1083,0.8798,0.0084,0.0,0.0
CT000319,Zone_04,Zone_04,0.9944,0.0,0.0,0.0,0.9944,0.0,0.0001,0.0048,0.0008,0.0,0.0
CT008630,Zone_07,Zone_07,0.9223,0.0,0.0,0.0,0.007,0.0001,0.0564,0.9223,0.0141,0.0,0.0002
CT018729,Zone_08,Zone_08,0.9843,0.0,0.0001,0.0,0.0038,0.0001,0.0003,0.0114,0.9843,0.0,0.0
CT007025,Zone_03,Zone_03,0.9978,0.0,0.0022,0.9978,0.0,0.0,0.0,0.0,0.0,0.0,0.0
CT008184,Zone_02,Zone_02,1.0,0.0,1.0,0.0,0.0,0.0,0.0,0.0,0.0,0.0,0.0
CT014282,Zone_01,Zone_01,1.0,1.0,0.0,0.0,0.0,0.0,0.0,0.0,0.0,0.0,0.0
CT018158,Zone_07,Zone_08,0.5904,0.0,0.0,0.0,0.0006,0.0003,0.0007,0.4079,0.5904,0.0,0.0
CT014546,Zone_07,Zone_07,0.8045,0.0,0.0,0.0001,0.0264,0.0087,0.0004,0.8045,0.1599,0.0,0.0
CT012730,Zone_08,Zone_08,0.6859,0.0,0.0,0.0,0.0001,0.0,0.0007,0.3131,0.6859,0.0,0.0
CT010299,Zone_08,Zone_08,0.6944,0.0,0.0,0.0,0.0001,0.0,0.0007,0.3047,0.6944,0.0,0.0
CT005184,Zone_08,Zone_08,0.7151,0.0,0.0,0.0,0.0003,0.0,0.0007,0.2839,0.7151,0.0,0.0
CT004896,Zone_08,Zone_08,0.9759,0.0,0.0001,0.0001,0.0107,0.0002,0.0003,0.0128,0.9759,0.0,0.0
CT004871,Zone_08,Zone_08,0.9715,0.0,0.0001,0.0001,0.0086,0.0002,0.0003,0.0193,0.9715,0.0,0.0
CT014621,Zone_08,Zone_08,0.705,0.0,0.0,0.0,0.0001,0.0,0.0008,0.294,0.705,0.0,0.0
CT010039,Zone_07,Zone_07,0.8262,0.0,0.0,0.0001,0.0221,0.0011,0.0003,0.8262,0.1501,0.0,0.0
CT019201,Zone_07,Zone_07,0.9757,0.0,0.0,0.0,0.0001,0.0,0.0093,0.9757,0.0147,0.0,0.0001
CT009837,Zone_01,Zone_01,1.0,1.0,0.0,0.0,0.0,0.0,0.0,0.0,0.0,0.0,0.0
CT019068,Zone_07,Zone_07,0.9825,0.0,0.0,0.0,0.0001,0.0,0.0063,0.9825,0.011,0.0,0.0001
CT005008,Zone_07,Zone_08,0.7123,0.0,0.0,0.0,0.001,0.0,0.0001,0.2866,0.7123,0.0,0.0
CT012860,Zone_07,Zone_07,0.8101,0.0,0.0,0.0001,0.0343,0.0011,0.0003,0.8101,0.1541,0.0,0.0001
CT000817,Zone_07,Zone_07,0.7844,0.0,0.0,0.0,0.0001,0.0,0.2144,0.7844,0.0009,0.0,0.0002
CT008145,Zone_08,Zone_08,0.5868,0.0,0.0002,0.0,0.0002,0.0,0.0002,0.4125,0.5868,0.0,0.0
CT005066,Zone_07,Zone_07,0.7643,0.0,0.0,0.0,0.0143,0.0078,0.0005,0.7643,0.213,0.0,0.0001
CT011481,Zone_08,Zone_08,0.7405,0.0,0.0,0.0,0.0042,0.0,0.0002,0.255,0.7405,0.0,0.0
CT017802,Zone_07,Zone_07,0.8787,0.0,0.0,0.0,0.012,0.0001,0.0964,0.8787,0.0074,0.0,0.0055
CT017649,Zone_08,Zone_08,0.9817,0.0,0.0001,0.0003,0.0038,0.0001,0.0003,0.0137,0.9817,0.0,0.0
CT015285,Zone_01,Zone_01,1.0,1.0,0.0,0.0,0.0,0.0,0.0,0.0,0.0,0.0,0.0
CT015231,Zone_08,Zone_08,0.729,0.0,0.0,0.0,0.0003,0.0,0.0007,0.27,0.729,0.0,0.0
CT002758,Zone_08,Zone_08,0.6592,0.0,0.0,0.0,0.001,0.0,0.0006,0.3392,0.6592,0.0,0.0
CT005525,Zone_04,Zone_04,0.9928,0.0,0.0,0.0001,0.9928,0.0,0.001,0.006,0.0001,0.0,0.0
CT016819,Zone_06,Zone_06,0.9975,0.0,0.0,0.0,0.0,0.0,0.9975,0.0025,0.0,0.0,0.0
CT009946,Zone_02,Zone_02,0.9952,0.0,0.9952,0.0048,0.0,0.0,0.0,0.0,0.0,0.0,0.0
CT014238,Zone_08,Zone_08,0.6527,0.0,0.0,0.0,0.0001,0.0,0.0002,0.347,0.6527,0.0,0.0
CT008593,Zone_07,Zone_07,0.8707,0.0,0.0,0.0,0.0036,0.0,0.1183,0.8707,0.0072,0.0,0.0002
CT006575,Zone_08,Zone_08,0.9785,0.0,0.0001,0.0,0.0038,0.0001,0.0,0.0175,0.9785,0.0,0.0
CT000384,Zone_08,Zone_08,0.9697,0.0,0.0,0.0001,0.0027,0.0006,0.0,0.027,0.9697,0.0,0.0
CT001066,Zone_10,Zone_10,1.0,0.0,0.0,0.0,0.0,0.0,0.0,0.0,0.0,0.0,1.0
CT007051,Zone_10,Zone_10,0.99,0.0,0.0,0.0,0.0,0.0,0.0,0.0,0.0,0.01,0.99
CT017241,Zone_04,Zone_04,0.9762,0.0001,0.0001,0.0003,0.9762,0.0001,0.0005,0.0138,0.0089,0.0,0.0
CT002085,Zone_08,Zone_08,0.7058,0.0,0.0,0.0,0.0001,0.0,0.0003,0.2938,0.7058,0.0,0.0
CT006903,Zone_08,Zone_08,0.7295,0.0,0.0,0.0,0.0001,0.0,0.0002,0.2701,0.7295,0.0,0.0
CT014855,Zone_07,Zone_07,0.8602,0.0,0.0,0.0,0.0034,0.0001,0.123,0.8602,0.0131,0.0,0.0002
CT004515,Zone_03,Zone_03,1.0,0.0,0.0,1.0,0.0,0.0,0.0,0.0,0.0,0.0,0.0
CT006306,Zone_03,Zone_03,1.0,0.0,0.0,1.0,0.0,0.0,0.0,0.0,0.0,0.0,0.0
CT013358,Zone_03,Zone_03,0.9999,0.0,0.0001,0.9999,0.0,0.0,0.0,0.0,0.0,0.0,0.0
CT013946,Zone_07,Zone_07,0.883,0.0,0.0074,0.0001,0.0069,0.0005,0.0255,0.883,0.0604,0.0,0.016
CT007536,Zone_10,Zone_10,1.0,0.0,0.0,0.0,0.0,0.0,0.0,0.0,0.0,0.0,1.0
CT012403,Zone_08,Zone_08,0.6869,0.0,0.0,0.0,0.0001,0.0,0.0007,0.3123,0.6869,0.0,0.0
CT012312,Zone_08,Zone_08,0.984,0.0,0.0001,0.0,0.0039,0.0001,0.0003,0.0116,0.984,0.0,0.0
CT010677,Zone_08,Zone_08,0.9832,0.0,0.0001,0.0,0.008,0.0001,0.001,0.0076,0.9832,0.0,0.0
CT005758,Zone_08,Zone_08,0.977,0.0,0.0,0.0001,0.0049,0.0001,0.0003,0.0178,0.977,0.0,0.0
CT005509,Zone_07,Zone_07,0.9721,0.0,0.0,0.0,0.0036,0.0005,0.0099,0.9721,0.0139,0.0,0.0001
CT004337,Zone_02,Zone_02,0.993,0.0,0.993,0.007,0.0,0.0,0.0,0.0,0.0,0.0,0.0
CT015227,Zone_04,Zone_04,0.9966,0.0,0.0,0.0001,0.9966,0.0,0.0,0.0031,0.0002,0.0,0.0
CT013272,Zone_08,Zone_08,0.7688,0.0,0.0,0.0,0.0001,0.0,0.0007,0.2303,0.7688,0.0,0.0
CT006556,Zone_05,Zone_05,0.9974,0.0,0.0,0.0,0.0,0.9974,0.0,0.0021,0.0005,0.0,0.0
CT008256,Zone_01,Zone_01,1.0,1.0,0.0,0.0,0.0,0.0,0.0,0.0,0.0,0.0,0.0
CT002732,Zone_04,Zone_04,0.9854,0.0,0.0,0.0,0.9854,0.0,0.001,0.0097,0.0039,0.0,0.0
CT019964,Zone_10,Zone_10,0.9953,0.0,0.0,0.0,0.0,0.0,0.0013,0.0034,0.0,0.0,0.9953
CT011348,Zone_02,Zone_02,0.99,0.0,0.99,0.01,0.0,0.0,0.0,0.0,0.0,0.0,0.0
CT007445,Zone_02,Zone_02,1.0,0.0,1.0,0.0,0.0,0.0,0.0,0.0,0.0,0.0,0.0
CT017530,Zone_05,Zone_05,1.0,0.0,0.0,0.0,0.0,1.0,0.0,0.0,0.0,0.0,0.0
CT007065,Zone_05,Zone_05,1.0,0.0,0.0,0.0,0.0,1.0,0.0,0.0,0.0,0.0,0.0
CT004911,Zone_03,Zone_03,0.9956,0.0,0.0044,0.9956,0.0,0.0,0.0,0.0,0.0,0.0,0.0
CT012047,Zone_08,Zone_08,0.7335,0.0,0.0,0.0,0.0001,0.0,0.0006,0.2659,0.7335,0.0,0.0
CT015087,Zone_03,Zone_03,0.9956,0.0,0.0044,0.9956,0.0,0.0,0.0,0.0,0.0,0.0,0.0
CT002253,Zone_05,Zone_05,1.0,0.0,0.0,0.0,0.0,1.0,0.0,0.0,0.0,0.0,0.0
CT008690,Zone_07,Zone_07,0.8115,0.0,0.0,0.0,0.0001,0.0,0.1762,0.8115,0.012,0.0,0.0002
CT001401,Zone_08,Zone_08,0.9757,0.0,0.0001,0.0001,0.0038,0.0002,0.0003,0.0199,0.9757,0.0,0.0
CT018264,Zone_08,Zone_08,0.9772,0.0,0.0001,0.0001,0.0039,0.0002,0.0003,0.0183,0.9772,0.0,0.0
CT012499,Zone_04,Zone_04,0.9834,0.0,0.0,0.0002,0.9834,0.0001,0.0002,0.014,0.0022,0.0,0.0
CT014188,Zone_08,Zone_08,0.9763,0.0,0.0001,0.0001,0.0072,0.0002,0.0003,0.0159,0.9763,0.0,0.0
CT001447,Zone_06,Zone_06,0.9964,0.0,0.0,0.0,0.0,0.0,0.9964,0.0036,0.0,0.0,0.0
CT005759,Zone_04,Zone_04,0.968,0.0001,0.0001,0.0085,0.968,0.0001,0.0005,0.0138,0.0089,0.0,0.0
CT001867,Zone_10,Zone_10,1.0,0.0,0.0,0.0,0.0,0.0,0.0,0.0,0.0,0.0,1.0
CT009660,Zone_05,Zone_05,0.99,0.0,0.0,0.0,0.0,0.99,0.0067,0.0033,0.0,0.0,0.0
CT019407,Zone_07,Zone_07,0.9135,0.0,0.0,0.0,0.0048,0.0001,0.0688,0.9135,0.0129,0.0,0.0
CT000900,Zone_07,Zone_07,0.7163,0.0,0.0,0.0,0.0196,0.0181,0.0001,0.7163,0.2459,0.0,0.0001
CT010112,Zone_04,Zone_04,0.9999,0.0,0.0,0.0001,0.9999,0.0,0.0001,0.0,0.0,0.0,0.0
CT000976,Zone_07,Zone_08,0.6748,0.0,0.0,0.0,0.0005,0.0003,0.0007,0.3237,0.6748,0.0,0.0
CT002203,Zone_06,Zone_06,0.9984,0.0,0.0,0.0,0.0,0.0,0.9984,0.0016,0.0,0.0,0.0
CT011247,Zone_04,Zone_04,0.9713,0.0001,0.0001,0.0002,0.9713,0.0001,0.0005,0.0173,0.0104,0.0,0.0
CT004561,Zone_09,Zone_09,0.985,0.0,0.0,0.0,0.0,0.0,0.0,0.0,0.0,0.985,0.015
CT004110,Zone_07,Zone_07,0.7889,0.0,0.0,0.0001,0.0192,0.0007,0.0005,0.7889,0.1904,0.0,0.0001
CT006240,Zone_08,Zone_07,0.7064,0.0,0.0,0.0,0.0215,0.0068,0.0003,0.7064,0.2649,0.0,0.0001
CT011917,Zone_07,Zone_07,0.9785,0.0,0.0,0.0,0.0,0.0,0.0046,0.9785,0.0169,0.0,0.0
CT012620,Zone_10,Zone_10,1.0,0.0,0.0,0.0,0.0,0.0,0.0,0.0,0.0,0.0,1.0
CT010265,Zone_04,Zone_04,0.9999,0.0,0.0,0.0001,0.9999,0.0,0.0001,0.0,0.0,0.0,0.0
CT000252,Zone_07,Zone_07,0.9398,0.0,0.0,0.0,0.0034,0.0001,0.0489,0.9398,0.0078,0.0,0.0
CT005214,Zone_06,Zone_06,0.9984,0.0,0.0,0.0,0.0,0.0,0.9984,0.0016,0.0,0.0,0.0
CT002858,Zone_08,Zone_08,0.9736,0.0,0.0001,0.0001,0.008,0.0002,0.001,0.017,0.9736,0.0,0.0
CT007245,Zone_08,Zone_08,0.8134,0.0,0.0001,0.0001,0.0406,0.0247,0.0001,0.1199,0.8134,0.0,0.001
CT017432,Zone_03,Zone_03,1.0,0.0,0.0,1.0,0.0,0.0,0.0,0.0,0.0,0.0,0.0
CT019637,Zone_07,Zone_08,0.6604,0.0,0.0,0.0,0.0001,0.0,0.0002,0.3392,0.6604,0.0,0.0
CT002286,Zone_03,Zone_03,1.0,0.0,0.0,1.0,0.0,0.0,0.0,0.0,0.0,0.0,0.0
CT009084,Zone_01,Zone_01,1.0,1.0,0.0,0.0,0.0,0.0,0.0,0.0,0.0,0.0,0.0
CT005351,Zone_06,Zone_06,0.9984,0.0,0.0,0.0,0.0,0.0,0.9984,0.0016,0.0,0.0,0.0
CT010137,Zone_08,Zone_08,0.7632,0.0,0.0,0.0,0.0001,0.0,0.0002,0.2364,0.7632,0.0,0.0
CT005355,Zone_06,Zone_06,0.9975,0.0,0.0,0.0,0.0,0.0,0.9975,0.0025,0.0,0.0,0.0
CT015330,Zone_04,Zone_04,0.9814,0.0001,0.0001,0.0002,0.9814,0.0001,0.0004,0.0097,0.0079,0.0,0.0
CT012079,Zone_03,Zone_03,1.0,0.0,0.0,1.0,0.0,0.0,0.0,0.0,0.0,0.0,0.0
CT013800,Zone_08,Zone_08,0.6958,0.0,0.0,0.0,0.001,0.0,0.0006,0.3027,0.6958,0.0,0.0
CT005866,Zone_04,Zone_04,0.9886,0.0,0.0,0.0001,0.9886,0.0,0.0,0.005,0.0063,0.0,0.0
CT014015,Zone_07,Zone_07,0.9661,0.0,0.0002,0.0,0.0035,0.0,0.0129,0.9661,0.0173,0.0,0.0
CT007002,Zone_06,Zone_06,0.9984,0.0,0.0,0.0,0.0,0.0,0.9984,0.0016,0.0,0.0,0.0
CT017012,Zone_03,Zone_03,0.9982,0.0,0.0001,0.9982,0.0018,0.0,0.0,0.0,0.0,0.0,0.0
CT011461,Zone_08,Zone_08,0.9771,0.0,0.0001,0.0001,0.0071,0.0002,0.0,0.0155,0.9771,0.0,0.0
CT013966,Zone_10,Zone_10,1.0,0.0,0.0,0.0,0.0,0.0,0.0,0.0,0.0,0.0,1.0
CT010263,Zone_02,Zone_02,1.0,0.0,1.0,0.0,0.0,0.0,0.0,0.0,0.0,0.0,0.0
CT002931,Zone_07,Zone_08,0.6866,0.0,0.0,0.0,0.0001,0.0003,0.0007,0.3122,0.6866,0.0,0.0
CT010205,Zone_08,Zone_08,0.6518,0.0,0.0,0.0,0.0001,0.0,0.0007,0.3473,0.6518,0.0,0.0
CT012727,Zone_06,Zone_07,0.8835,0.0,0.0,0.0,0.0034,0.0001,0.0818,0.8835,0.0223,0.0089,0.0
CT003516,Zone_07,Zone_07,0.9688,0.0,0.0,0.0,0.0001,0.0,0.0131,0.9688,0.018,0.0,0.0001
CT008486,Zone_07,Zone_07,0.7681,0.0,0.0,0.0,0.0036,0.0,0.2131,0.7681,0.0076,0.0,0.0075
CT008082,Zone_08,Zone_08,0.7554,0.0,0.0,0.0,0.0001,0.0,0.0007,0.2438,0.7554,0.0,0.0
CT006042,Zone_02,Zone_02,0.99,0.0,0.99,0.01,0.0,0.0,0.0,0.0,0.0,0.0,0.0
CT018468,Zone_03,Zone_03,0.9956,0.0,0.0044,0.9956,0.0,0.0,0.0,0.0,0.0,0.0,0.0
CT016401,Zone_06,Zone_06,0.9984,0.0,0.0,0.0,0.0,0.0,0.9984,0.0016,0.0,0.0,0.0
CT003489,Zone_01,Zone_01,0.9984,0.9984,0.0,0.0,0.0016,0.0,0.0,0.0,0.0,0.0,0.0
CT016396,Zone_04,Zone_04,0.9944,0.0,0.0,0.0,0.9944,0.0,0.0,0.0048,0.0008,0.0,0.0
CT007265,Zone_08,Zone_07,0.7621,0.0,0.0,0.0001,0.0189,0.0004,0.0005,0.7621,0.2178,0.0,0.0001
CT010317,Zone_04,Zone_04,0.9955,0.0,0.0,0.0001,0.9955,0.0,0.0,0.0035,0.0009,0.0,0.0
CT010209,Zone_04,Zone_04,0.9819,0.0,0.0001,0.0002,0.9819,0.0001,0.0,0.0097,0.008,0.0,0.0
CT001339,Zone_07,Zone_07,0.8596,0.0,0.0,0.0,0.0034,0.0001,0.1298,0.8596,0.0072,0.0,0.0
CT000309,Zone_04,Zone_04,0.9945,0.0,0.0,0.0003,0.9945,0.0,0.0,0.0047,0.0005,0.0,0.0
CT012760,Zone_08,Zone_08,0.9727,0.0,0.0001,0.0001,0.0039,0.0081,0.0003,0.0149,0.9727,0.0,0.0
CT013436,Zone_08,Zone_08,0.9822,0.0,0.0,0.0001,0.0001,0.0014,0.0,0.0162,0.9822,0.0,0.0
CT000328,Zone_07,Zone_07,0.7234,0.0,0.0,0.0001,0.0208,0.0084,0.0005,0.7234,0.2468,0.0,0.0001
CT008186,Zone_06,Zone_06,0.9962,0.0,0.0,0.0,0.0,0.0,0.9962,0.0038,0.0,0.0,0.0
CT011835,Zone_04,Zone_04,0.98,0.0,0.0001,0.0001,0.98,0.0001,0.0002,0.0115,0.008,0.0,0.0
CT016186,Zone_03,Zone_03,0.9932,0.0,0.0,0.9932,0.0068,0.0,0.0,0.0,0.0,0.0,0.0
CT005945,Zone_02,Zone_02,1.0,0.0,1.0,0.0,0.0,0.0,0.0,0.0,0.0,0.0,0.0
CT015121,Zone_04,Zone_04,0.9999,0.0,0.0,0.0,0.9999,0.0,0.0001,0.0,0.0,0.0,0.0
CT017533,Zone_01,Zone_01,1.0,1.0,0.0,0.0,0.0,0.0,0.0,0.0,0.0,0.0,0.0
CT016531,Zone_08,Zone_07,0.7796,0.0,0.0,0.0004,0.0215,0.0005,0.0005,0.7796,0.1974,0.0,0.0001
CT005776,Zone_02,Zone_02,1.0,0.0,1.0,0.0,0.0,0.0,0.0,0.0,0.0,0.0,0.0
CT009633,Zone_04,Zone_04,0.9762,0.0001,0.0001,0.0003,0.9762,0.0001,0.0005,0.0133,0.0094,0.0,0.0
CT015682,Zone_08,Zone_08,0.9811,0.0,0.0001,0.0,0.0038,0.0001,0.0003,0.0145,0.9811,0.0,0.0
CT007555,Zone_08,Zone_08,0.6832,0.0,0.0,0.0,0.0001,0.0,0.0007,0.316,0.6832,0.0,0.0
CT009636,Zone_02,Zone_02,0.9952,0.0,0.9952,0.0048,0.0,0.0,0.0,0.0,0.0,0.0,0.0
CT001676,Zone_10,Zone_10,1.0,0.0,0.0,0.0,0.0,0.0,0.0,0.0,0.0,0.0,1.0
CT010219,Zone_02,Zone_02,1.0,0.0,1.0,0.0,0.0,0.0,0.0,0.0,0.0,0.0,0.0
CT008367,Zone_03,Zone_03,0.9999,0.0,0.0001,0.9999,0.0,0.0,0.0,0.0,0.0,0.0,0.0
CT002862,Zone_07,Zone_07,0.7783,0.0,0.0,0.0,0.0263,0.0006,0.0001,0.7783,0.1946,0.0,0.0001
CT000102,Zone_07,Zone_08,0.5413,0.0,0.0002,0.0,0.0001,0.0,0.0002,0.4581,0.5413,0.0,0.0
CT005383,Zone_07,Zone_07,0.973,0.0,0.0,0.0,0.0001,0.0,0.0126,0.973,0.0141,0.0,0.0001
CT012289,Zone_10,Zone_10,1.0,0.0,0.0,0.0,0.0,0.0,0.0,0.0,0.0,0.0,1.0
CT007487,Zone_04,Zone_04,0.9935,0.0,0.0001,0.0002,0.9935,0.0001,0.0,0.0,0.0062,0.0,0.0
CT014635,Zone_03,Zone_03,1.0,0.0,0.0,1.0,0.0,0.0,0.0,0.0,0.0,0.0,0.0
CT012661,Zone_10,Zone_10,1.0,0.0,0.0,0.0,0.0,0.0,0.0,0.0,0.0,0.0,1.0
CT016463,Zone_03,Zone_03,1.0,0.0,0.0,1.0,0.0,0.0,0.0,0.0,0.0,0.0,0.0
CT002361,Zone_07,Zone_07,0.8155,0.0,0.0,0.0,0.0034,0.0001,0.1729,0.8155,0.0083,0.0,0.0
CT005168,Zone_07,Zone_07,0.9671,0.0,0.0,0.0,0.0001,0.0,0.0053,0.9671,0.0274,0.0,0.0001
CT008420,Zone_03,Zone_03,1.0,0.0,0.0,1.0,0.0,0.0,0.0,0.0,0.0,0.0,0.0
CT013432,Zone_08,Zone_08,0.979,0.0,0.0001,0.0001,0.0039,0.0002,0.0003,0.0165,0.979,0.0,0.0
CT009528,Zone_03,Zone_03,1.0,0.0,0.0,1.0,0.0,0.0,0.0,0.0,0.0,0.0,0.0
CT009646,Zone_08,Zone_08,0.9465,0.0,0.0,0.0001,0.0004,0.0254,0.0,0.0276,0.9465,0.0,0.0
CT007356,Zone_05,Zone_05,0.9989,0.0,0.0,0.0,0.0011,0.9989,0.0,0.0,0.0,0.0,0.0
CT007366,Zone_03,Zone_03,0.9956,0.0,0.0044,0.9956,0.0,0.0,0.0,0.0,0.0,0.0,0.0
CT006483,Zone_07,Zone_07,0.8998,0.0,0.0,0.0,0.0034,0.0001,0.0889,0.8998,0.0078,0.0,0.0
CT005963,Zone_08,Zone_08,0.9707,0.0,0.0,0.0,0.0091,0.0001,0.001,0.0191,0.9707,0.0,0.0
CT005657,Zone_06,Zone_06,0.9984,0.0,0.0,0.0,0.0,0.0,0.9984,0.0016,0.0,0.0,0.0
CT001604,Zone_07,Zone_07,0.9575,0.0,0.0002,0.0,0.0001,0.0,0.0191,0.9575,0.023,0.0,0.0001
CT001776,Zone_07,Zone_07,0.7645,0.0,0.0,0.0001,0.0246,0.0096,0.0003,0.7645,0.2008,0.0,0.0001
CT002184,Zone_03,Zone_03,0.9932,0.0,0.0044,0.9932,0.0024,0.0,0.0,0.0,0.0,0.0,0.0
CT010406,Zone_01,Zone_01,1.0,1.0,0.0,0.0,0.0,0.0,0.0,0.0,0.0,0.0,0.0
CT004360,Zone_07,Zone_07,0.9728,0.0,0.0,0.0,0.0089,0.0,0.0046,0.9728,0.0138,0.0,0.0
CT019316,Zone_03,Zone_03,1.0,0.0,0.0,1.0,0.0,0.0,0.0,0.0,0.0,0.0,0.0
CT017514,Zone_04,Zone_04,0.9955,0.0,0.0,0.0001,0.9955,0.0,0.0,0.0035,0.0009,0.0,0.0
CT015877,Zone_06,Zone_06,0.9975,0.0,0.0,0.0,0.0,0.0,0.9975,0.0025,0.0,0.0,0.0
CT009447,Zone_07,Zone_07,0.7412,0.0,0.0,0.0,0.0207,0.008,0.0005,0.7412,0.2295,0.0,0.0001
CT002853,Zone_07,Zone_07,0.9015,0.0,0.0,0.0,0.0031,0.0,0.0051,0.9015,0.0902,0.0,0.0001
CT003577,Zone_07,Zone_07,0.9047,0.0,0.0,0.0,0.0034,0.0001,0.0838,0.9047,0.008,0.0,0.0
CT007796,Zone_07,Zone_08,0.6986,0.0,0.0,0.0,0.0009,0.0,0.0006,0.2999,0.6986,0.0,0.0
CT007836,Zone_04,Zone_04,0.9897,0.0,0.0,0.0001,0.9897,0.0,0.0,0.0035,0.0067,0.0,0.0
CT014447,Zone_08,Zone_08,0.6356,0.0,0.0,0.0,0.001,0.0,0.0001,0.3633,0.6356,0.0,0.0
CT000714,Zone_06,Zone_06,0.9945,0.0,0.0,0.0,0.0,0.0,0.9945,0.0055,0.0,0.0,0.0
CT017037,Zone_10,Zone_10,1.0,0.0,0.0,0.0,0.0,0.0,0.0,0.0,0.0,0.0,1.0
CT013630,Zone_08,Zone_08,0.9842,0.0,0.0001,0.0,0.0038,0.0001,0.001,0.0107,0.9842,0.0,0.0
CT010660,Zone_08,Zone_08,0.98,0.0,0.0001,0.0001,0.0038,0.0002,0.0003,0.0156,0.98,0.0,0.0
CT000052,Zone_02,Zone_02,1.0,0.0,1.0,0.0,0.0,0.0,0.0,0.0,0.0,0.0,0.0
CT019391,Zone_04,Zone_04,0.9944,0.0,0.0,0.0,0.9944,0.0,0.0001,0.0048,0.0008,0.0,0.0
CT017627,Zone_08,Zone_08,0.9758,0.0,0.0001,0.0001,0.0051,0.0002,0.0003,0.0185,0.9758,0.0,0.0
CT001028,Zone_05,Zone_05,1.0,0.0,0.0,0.0,0.0,1.0,0.0,0.0,0.0,0.0,0.0
CT010703,Zone_03,Zone_03,1.0,0.0,0.0,1.0,0.0,0.0,0.0,0.0,0.0,0.0,0.0
CT003315,Zone_04,Zone_04,0.9843,0.0,0.0,0.0001,0.9843,0.0,0.0004,0.0129,0.0024,0.0,0.0
CT008272,Zone_03,Zone_03,1.0,0.0,0.0,1.0,0.0,0.0,0.0,0.0,0.0,0.0,0.0
CT019381,Zone_02,Zone_02,1.0,0.0,1.0,0.0,0.0,0.0,0.0,0.0,0.0,0.0,0.0
CT006600,Zone_05,Zone_05,0.9987,0.0,0.0,0.0,0.0013,0.9987,0.0,0.0,0.0,0.0,0.0
CT006128,Zone_02,Zone_02,1.0,0.0,1.0,0.0,0.0,0.0,0.0,0.0,0.0,0.0,0.0
CT009926,Zone_10,Zone_10,0.9955,0.0,0.0,0.0,0.0,0.0,0.0,0.0,0.0,0.0045,0.9955
CT001353,Zone_04,Zone_04,0.9934,0.0,0.0,0.0001,0.9934,0.0,0.0004,0.0062,0.0,0.0,0.0
CT002561,Zone_08,Zone_08,0.7889,0.0,0.0,0.0,0.0002,0.0,0.0002,0.2105,0.7889,0.0,0.0
CT000322,Zone_08,Zone_08,0.9779,0.0,0.0001,0.0001,0.0039,0.0014,0.0,0.0166,0.9779,0.0,0.0
CT011146,Zone_07,Zone_08,0.6307,0.0,0.0,0.0,0.0001,0.0,0.0003,0.3689,0.6307,0.0,0.0
CT005484,Zone_05,Zone_05,0.9974,0.0,0.0,0.0,0.0,0.9974,0.0,0.0021,0.0005,0.0,0.0
CT001103,Zone_07,Zone_07,0.9745,0.0,0.0,0.0,0.0,0.0,0.0042,0.9745,0.0213,0.0,0.0
CT011025,Zone_04,Zone_04,0.9763,0.0001,0.0001,0.0003,0.9763,0.0001,0.0005,0.0138,0.0088,0.0,0.0
CT011359,Zone_01,Zone_01,1.0,1.0,0.0,0.0,0.0,0.0,0.0,0.0,0.0,0.0,0.0
CT014082,Zone_03,Zone_03,1.0,0.0,0.0,1.0,0.0,0.0,0.0,0.0,0.0,0.0,0.0
CT001252,Zone_03,Zone_03,0.9948,0.0,0.0052,0.9948,0.0,0.0,0.0,0.0,0.0,0.0,0.0
CT004098,Zone_08,Zone_08,0.655,0.0,0.0,0.0,0.0001,0.0,0.0009,0.344,0.655,0.0,0.0
CT010098,Zone_10,Zone_10,1.0,0.0,0.0,0.0,0.0,0.0,0.0,0.0,0.0,0.0,1.0
CT007311,Zone_05,Zone_05,1.0,0.0,0.0,0.0,0.0,1.0,0.0,0.0,0.0,0.0,0.0
CT004684,Zone_08,Zone_08,0.7669,0.0,0.0,0.0,0.0001,0.0,0.0002,0.2328,0.7669,0.0,0.0
CT013783,Zone_07,Zone_08,0.7092,0.0,0.0,0.0,0.0001,0.0,0.0002,0.2904,0.7092,0.0,0.0
CT015509,Zone_03,Zone_03,0.9852,0.01,0.0048,0.9852,0.0,0.0,0.0,0.0,0.0,0.0,0.0
CT014916,Zone_01,Zone_01,1.0,1.0,0.0,0.0,0.0,0.0,0.0,0.0,0.0,0.0,0.0
CT006085,Zone_03,Zone_03,1.0,0.0,0.0,1.0,0.0,0.0,0.0,0.0,0.0,0.0,0.0
CT011541,Zone_07,Zone_07,0.9192,0.0,0.0,0.0,0.0034,0.0001,0.0691,0.9192,0.008,0.0,0.0002
CT014396,Zone_01,Zone_01,1.0,1.0,0.0,0.0,0.0,0.0,0.0,0.0,0.0,0.0,0.0
CT004921,Zone_05,Zone_05,1.0,0.0,0.0,0.0,0.0,1.0,0.0,0.0,0.0,0.0,0.0
CT012287,Zone_07,Zone_07,0.8212,0.0,0.0,0.0001,0.0266,0.0078,0.0006,0.8212,0.1426,0.0,0.001
CT012410,Zone_07,Zone_08,0.7221,0.0,0.0,0.0,0.0001,0.0,0.0003,0.2774,0.7221,0.0,0.0
CT012359,Zone_06,Zone_06,0.9942,0.0,0.0,0.0,0.0,0.0,0.9942,0.0058,0.0,0.0,0.0
CT006848,Zone_08,Zone_08,0.9777,0.0,0.0,0.0001,0.0001,0.0014,0.0,0.0207,0.9777,0.0,0.0
CT015402,Zone_05,Zone_05,1.0,0.0,0.0,0.0,0.0,1.0,0.0,0.0,0.0,0.0,0.0
CT014963,Zone_02,Zone_02,0.9998,0.0,0.9998,0.0,0.0002,0.0,0.0,0.0,0.0,0.0,0.0
CT012127,Zone_04,Zone_04,0.9944,0.0,0.0,0.0,0.9944,0.0,0.0001,0.0048,0.0008,0.0,0.0
CT006397,Zone_07,Zone_07,0.9743,0.0,0.0,0.0,0.0001,0.0,0.0072,0.9743,0.0183,0.0,0.0001
CT004945,Zone_07,Zone_07,0.7832,0.0,0.0,0.0001,0.0192,0.0079,0.0005,0.7832,0.189,0.0,0.0001
CT019370,Zone_07,Zone_08,0.6838,0.0,0.0,0.0,0.0002,0.0,0.0007,0.3152,0.6838,0.0,0.0
CT011784,Zone_08,Zone_08,0.741,0.0,0.0,0.0,0.0001,0.0,0.0006,0.2583,0.741,0.0,0.0
CT008605,Zone_08,Zone_08,0.6632,0.0,0.0,0.0,0.0001,0.0,0.0007,0.336,0.6632,0.0,0.0
CT015199,Zone_03,Zone_03,1.0,0.0,0.0,1.0,0.0,0.0,0.0,0.0,0.0,0.0,0.0
CT019332,Zone_07,Zone_08,0.6614,0.0,0.0,0.0,0.0001,0.0,0.0002,0.3382,0.6614,0.0,0.0
CT009119,Zone_08,Zone_08,0.6815,0.0,0.0,0.0,0.0001,0.0,0.0006,0.3178,0.6815,0.0,0.0
CT006581,Zone_07,Zone_07,0.8711,0.0,0.0,0.0,0.0034,0.0001,0.1116,0.8711,0.0086,0.0,0.0053
CT005589,Zone_08,Zone_08,0.9748,0.0,0.0001,0.0003,0.0038,0.0001,0.0003,0.0206,0.9748,0.0,0.0
CT006872,Zone_08,Zone_07,0.7617,0.0,0.0,0.0001,0.03,0.0003,0.0001,0.7617,0.2076,0.0,0.0001
CT008563,Zone_07,Zone_07,0.9124,0.0,0.0,0.0,0.0034,0.0001,0.0627,0.9124,0.0125,0.0089,0.0
CT011130,Zone_07,Zone_07,0.9439,0.0,0.0,0.0,0.007,0.0,0.0206,0.9439,0.0283,0.0,0.0001
CT003852,Zone_04,Zone_04,0.9981,0.0,0.0018,0.0001,0.9981,0.0,0.0001,0.0,0.0,0.0,0.0
CT007623,Zone_03,Zone_03,1.0,0.0,0.0,1.0,0.0,0.0,0.0,0.0,0.0,0.0,0.0
CT015828,Zone_07,Zone_07,0.84,0.0,0.0,0.0,0.0034,0.0001,0.1503,0.84,0.006,0.0,0.0002
CT016460,Zone_04,Zone_04,0.9831,0.0,0.0,0.0,0.9831,0.0,0.0,0.0109,0.006,0.0,0.0
CT009274,Zone_07,Zone_08,0.6732,0.0,0.0,0.0,0.0001,0.0,0.0007,0.326,0.6732,0.0,0.0
CT008660,Zone_08,Zone_08,0.9565,0.0,0.0001,0.0,0.0037,0.0001,0.0003,0.0393,0.9565,0.0,0.0
CT005494,Zone_04,Zone_04,0.9919,0.0,0.0,0.0001,0.9919,0.0,0.0,0.0021,0.0059,0.0,0.0
CT011753,Zone_08,Zone_08,0.7343,0.0,0.0,0.0,0.0001,0.0,0.0002,0.2653,0.7343,0.0,0.0
CT012187,Zone_02,Zone_02,0.9941,0.0,0.9941,0.0057,0.0,0.0,0.0,0.0002,0.0,0.0,0.0
CT014550,Zone_02,Zone_02,0.99,0.0,0.99,0.0,0.01,0.0,0.0,0.0,0.0,0.0,0.0
CT018968,Zone_07,Zone_07,0.7491,0.0,0.0,0.0001,0.0109,0.0005,0.0,0.7491,0.2394,0.0,0.0001
CT014013,Zone_07,Zone_07,0.9743,0.0,0.0,0.0,0.0036,0.0005,0.0046,0.9743,0.017,0.0,0.0001
CT014086,Zone_04,Zone_04,0.9888,0.0,0.0,0.0,0.9888,0.0,0.0,0.0035,0.0077,0.0,0.0
CT018953,Zone_06,Zone_06,0.9975,0.0,0.0,0.0,0.0,0.0,0.9975,0.0025,0.0,0.0,0.0
CT004587,Zone_07,Zone_07,0.7902,0.0,0.0,0.0004,0.022,0.0005,0.0003,0.7902,0.1855,0.0,0.001
CT015242,Zone_07,Zone_07,0.9656,0.0,0.0,0.0,0.0001,0.0,0.0051,0.9656,0.0291,0.0,0.0001
CT007558,Zone_04,Zone_04,0.9966,0.0,0.0,0.0001,0.9966,0.0,0.0,0.0031,0.0002,0.0,0.0
CT018485,Zone_07,Zone_07,0.9664,0.0,0.0,0.0,0.0036,0.0005,0.0119,0.9664,0.0176,0.0,0.0001
CT019026,Zone_07,Zone_07,0.7596,0.0,0.0,0.0001,0.01,0.0078,0.0002,0.7596,0.2221,0.0,0.0001
CT007057,Zone_07,Zone_07,0.9113,0.0,0.0,0.0,0.0034,0.0001,0.0834,0.9113,0.0018,0.0,0.0
CT000573,Zone_08,Zone_08,0.9747,0.0,0.0001,0.0001,0.0087,0.0002,0.001,0.0153,0.9747,0.0,0.0
CT004311,Zone_07,Zone_07,0.7852,0.0,0.0,0.0001,0.0207,0.0003,0.0001,0.7852,0.1935,0.0,0.0001
CT010248,Zone_05,Zone_05,0.9977,0.0,0.0,0.0,0.0023,0.9977,0.0,0.0,0.0,0.0,0.0
CT008680,Zone_07,Zone_08,0.7295,0.0,0.0,0.0,0.0001,0.0,0.0001,0.2703,0.7295,0.0,0.0
CT014852,Zone_07,Zone_07,0.9515,0.0,0.0,0.0,0.0062,0.0,0.0089,0.9515,0.028,0.0,0.0054
CT009878,Zone_07,Zone_07,0.7784,0.0,0.0,0.0,0.0,0.0,0.2214,0.7784,0.0002,0.0,0.0
CT017732,Zone_02,Zone_02,1.0,0.0,1.0,0.0,0.0,0.0,0.0,0.0,0.0,0.0,0.0
CT012447,Zone_07,Zone_08,0.7303,0.0,0.0,0.0,0.0001,0.0,0.0007,0.2689,0.7303,0.0,0.0
CT018192,Zone_03,Zone_03,1.0,0.0,0.0,1.0,0.0,0.0,0.0,0.0,0.0,0.0,0.0
CT014768,Zone_08,Zone_08,0.968,0.0,0.0001,0.0001,0.0078,0.0002,0.0003,0.0236,0.968,0.0,0.0
CT018980,Zone_08,Zone_08,0.7314,0.0,0.0,0.0,0.0001,0.0003,0.0006,0.2676,0.7314,0.0,0.0
CT017075,Zone_08,Zone_08,0.9792,0.0,0.0001,0.0001,0.0038,0.0002,0.0003,0.0164,0.9792,0.0,0.0
CT010812,Zone_08,Zone_08,0.6024,0.0,0.0002,0.007,0.0102,0.0005,0.0171,0.3623,0.6024,0.0,0.0002
CT013717,Zone_08,Zone_08,0.6162,0.0,0.0002,0.0,0.0003,0.0,0.0002,0.3831,0.6162,0.0,0.0
CT012100,Zone_08,Zone_08,0.7709,0.0,0.0,0.0,0.0001,0.0,0.0008,0.2281,0.7709,0.0,0.0
CT002967,Zone_04,Zone_04,0.9863,0.0,0.0,0.0001,0.9863,0.0077,0.0,0.0049,0.0011,0.0,0.0
CT008202,Zone_10,Zone_10,1.0,0.0,0.0,0.0,0.0,0.0,0.0,0.0,0.0,0.0,1.0
CT009506,Zone_08,Zone_08,0.7471,0.0,0.0,0.0,0.0001,0.0,0.0007,0.2521,0.7471,0.0,0.0
CT018480,Zone_03,Zone_03,0.9999,0.0,0.0001,0.9999,0.0,0.0,0.0,0.0,0.0,0.0,0.0
CT009950,Zone_07,Zone_07,0.859,0.0,0.0,0.0,0.0154,0.0079,0.0002,0.859,0.1175,0.0,0.0
CT005137,Zone_02,Zone_02,1.0,0.0,1.0,0.0,0.0,0.0,0.0,0.0,0.0,0.0,0.0
CT002043,Zone_08,Zone_08,0.7262,0.0,0.0,0.0,0.0001,0.0,0.0002,0.2734,0.7262,0.0,0.0
CT006956,Zone_08,Zone_08,0.9745,0.0,0.0001,0.0001,0.008,0.0002,0.001,0.0161,0.9745,0.0,0.0
CT003442,Zone_01,Zone_01,1.0,1.0,0.0,0.0,0.0,0.0,0.0,0.0,0.0,0.0,0.0
CT017824,Zone_07,Zone_07,0.8996,0.0,0.0,0.0,0.0034,0.0001,0.0903,0.8996,0.0066,0.0,0.0
CT013005,Zone_08,Zone_08,0.971,0.0,0.0001,0.0001,0.0085,0.0002,0.001,0.0192,0.971,0.0,0.0
CT006435,Zone_07,Zone_08,0.681,0.0,0.0,0.0,0.0001,0.0,0.0007,0.3181,0.681,0.0,0.0
CT014886,Zone_07,Zone_08,0.7333,0.0,0.0,0.0,0.0002,0.0003,0.0007,0.2653,0.7333,0.0,0.0
CT015690,Zone_10,Zone_10,0.9931,0.0,0.0,0.0,0.0069,0.0,0.0,0.0,0.0,0.0,0.9931
CT019298,Zone_07,Zone_07,0.8533,0.0,0.0,0.0001,0.0171,0.0007,0.0003,0.8533,0.1284,0.0,0.0
CT001736,Zone_07,Zone_07,0.9359,0.0,0.0,0.0,0.0001,0.0,0.0069,0.9359,0.057,0.0,0.0001
CT015709,Zone_04,Zone_04,0.9999,0.0,0.0,0.0001,0.9999,0.0,0.0001,0.0,0.0,0.0,0.0
CT018558,Zone_01,Zone_01,1.0,1.0,0.0,0.0,0.0,0.0,0.0,0.0,0.0,0.0,0.0
CT012394,Zone_02,Zone_02,1.0,0.0,1.0,0.0,0.0,0.0,0.0,0.0,0.0,0.0,0.0
CT014824,Zone_06,Zone_06,0.9884,0.0,0.0,0.0,0.0,0.0,0.9884,0.0116,0.0,0.0,0.0
CT012795,Zone_01,Zone_01,1.0,1.0,0.0,0.0,0.0,0.0,0.0,0.0,0.0,0.0,0.0
CT005809,Zone_02,Zone_02,1.0,0.0,1.0,0.0,0.0,0.0,0.0,0.0,0.0,0.0,0.0
CT019615,Zone_04,Zone_04,0.9914,0.0,0.0,0.0001,0.9914,0.0,0.0,0.0072,0.0014,0.0,0.0
CT014388,Zone_08,Zone_08,0.9824,0.0,0.0001,0.0001,0.0038,0.0006,0.0,0.0129,0.9824,0.0,0.0
CT016434,Zone_06,Zone_06,0.9975,0.0,0.0,0.0,0.0,0.0,0.9975,0.0025,0.0,0.0,0.0
CT000327,Zone_07,Zone_07,0.9744,0.0,0.0,0.0,0.0037,0.0,0.0058,0.9744,0.016,0.0,0.0001
CT013675,Zone_07,Zone_07,0.7926,0.0,0.0,0.0001,0.0185,0.0007,0.0002,0.7926,0.1878,0.0,0.0001
CT005286,Zone_03,Zone_03,0.9916,0.0,0.0084,0.9916,0.0,0.0,0.0,0.0,0.0,0.0,0.0
CT016966,Zone_07,Zone_08,0.6639,0.0,0.0,0.0,0.0001,0.0,0.0002,0.3357,0.6639,0.0,0.0
CT008176,Zone_06,Zone_06,0.9955,0.0,0.0,0.0,0.0,0.0,0.9955,0.0045,0.0,0.0,0.0
CT008244,Zone_05,Zone_05,0.9974,0.0,0.0,0.0,0.0,0.9974,0.0,0.0021,0.0005,0.0,0.0
CT002473,Zone_08,Zone_08,0.6993,0.0,0.0,0.0,0.0001,0.0,0.0003,0.3003,0.6993,0.0,0.0
CT001855,Zone_07,Zone_07,0.9395,0.0,0.0,0.0,0.0034,0.0001,0.0442,0.9395,0.0128,0.0,0.0
CT005475,Zone_08,Zone_08,0.7294,0.0,0.0,0.0,0.0001,0.0,0.0002,0.2702,0.7294,0.0,0.0
CT015934,Zone_10,Zone_10,1.0,0.0,0.0,0.0,0.0,0.0,0.0,0.0,0.0,0.0,1.0
CT006628,Zone_08,Zone_08,0.7121,0.0,0.0,0.0,0.0001,0.0003,0.0076,0.2798,0.7121,0.0,0.0
CT012025,Zone_07,Zone_08,0.6667,0.0,0.0,0.0,0.0019,0.0,0.0037,0.3276,0.6667,0.0,0.0
CT019266,Zone_06,Zone_06,0.9904,0.0,0.0,0.0,0.0,0.0052,0.9904,0.0043,0.0,0.0,0.0
CT010615,Zone_07,Zone_08,0.7286,0.0,0.0,0.0,0.0003,0.0,0.0002,0.2709,0.7286,0.0,0.0
CT009226,Zone_07,Zone_07,0.8322,0.0,0.0,0.0,0.0035,0.0001,0.1577,0.8322,0.0063,0.0,0.0002
CT013100,Zone_05,Zone_05,0.9964,0.0,0.0,0.0,0.001,0.9964,0.0,0.0021,0.0005,0.0,0.0
CT008225,Zone_04,Zone_04,0.9789,0.0001,0.0001,0.0005,0.9789,0.0001,0.0004,0.0127,0.0071,0.0,0.0
CT016089,Zone_07,Zone_08,0.5257,0.0,0.0002,0.0,0.0003,0.0,0.0002,0.4736,0.5257,0.0,0.0
CT019846,Zone_04,Zone_04,0.9999,0.0,0.0,0.0001,0.9999,0.0,0.0,0.0,0.0,0.0,0.0
CT000487,Zone_08,Zone_08,0.9823,0.0,0.0001,0.0,0.0038,0.0001,0.001,0.0126,0.9823,0.0,0.0
CT015888,Zone_03,Zone_03,0.9999,0.0,0.0001,0.9999,0.0,0.0,0.0,0.0,0.0,0.0,0.0
CT012030,Zone_07,Zone_07,0.8163,0.0,0.0,0.0001,0.0215,0.0005,0.0005,0.8163,0.16,0.0,0.001
CT002869,Zone_10,Zone_10,1.0,0.0,0.0,0.0,0.0,0.0,0.0,0.0,0.0,0.0,1.0
CT019107,Zone_07,Zone_08,0.6688,0.0,0.0,0.0,0.0001,0.0003,0.0007,0.33,0.6688,0.0,0.0
CT012004,Zone_09,Zone_09,1.0,0.0,0.0,0.0,0.0,0.0,0.0,0.0,0.0,1.0,0.0
CT001056,Zone_08,Zone_08,0.6156,0.0,0.0,0.0,0.0001,0.0,0.0003,0.384,0.6156,0.0,0.0
CT015614,Zone_02,Zone_02,1.0,0.0,1.0,0.0,0.0,0.0,0.0,0.0,0.0,0.0,0.0
CT011505,Zone_07,Zone_07,0.7862,0.0,0.0,0.0,0.0035,0.0001,0.2022,0.7862,0.0079,0.0,0.0002
CT019745,Zone_01,Zone_01,1.0,1.0,0.0,0.0,0.0,0.0,0.0,0.0,0.0,0.0,0.0
CT019455,Zone_08,Zone_07,0.7703,0.0,0.0,0.0001,0.0243,0.008,0.0004,0.7703,0.1968,0.0,0.0001
CT005040,Zone_07,Zone_07,0.9533,0.0,0.0,0.0,0.0001,0.0,0.0046,0.9533,0.0419,0.0,0.0001
CT008970,Zone_07,Zone_07,0.8021,0.0,0.0,0.0001,0.0092,0.0004,0.0008,0.8021,0.1863,0.0,0.001
CT009631,Zone_07,Zone_07,0.9628,0.0,0.0,0.0,0.0001,0.0,0.0109,0.9628,0.0262,0.0,0.0
CT013859,Zone_07,Zone_07,0.7713,0.0,0.0,0.0001,0.0238,0.008,0.0005,0.7713,0.1952,0.0,0.001
CT010244,Zone_04,Zone_04,0.9757,0.0,0.0,0.0001,0.9757,0.0087,0.0,0.0149,0.0006,0.0,0.0
CT002195,Zone_07,Zone_08,0.7127,0.0,0.0,0.0,0.0001,0.0,0.0007,0.2865,0.7127,0.0,0.0
CT014923,Zone_05,Zone_05,0.999,0.0,0.0,0.0,0.001,0.999,0.0,0.0,0.0,0.0,0.0
CT013754,Zone_03,Zone_03,0.9999,0.0,0.0001,0.9999,0.0,0.0,0.0,0.0,0.0,0.0,0.0
CT009731,Zone_04,Zone_04,0.9926,0.0,0.0,0.0,0.9926,0.0065,0.0001,0.0007,0.0001,0.0,0.0
CT011796,Zone_08,Zone_08,0.69,0.0,0.0,0.0,0.0019,0.0,0.0036,0.3044,0.69,0.0,0.0
CT008277,Zone_08,Zone_08,0.9766,0.0,0.0001,0.0001,0.008,0.0002,0.001,0.0141,0.9766,0.0,0.0
CT011177,Zone_08,Zone_08,0.9712,0.0,0.0,0.0,0.0005,0.0006,0.0,0.0278,0.9712,0.0,0.0
CT018164,Zone_07,Zone_07,0.8617,0.0,0.0,0.0,0.0028,0.0,0.012,0.8617,0.1235,0.0,0.0001
CT015404,Zone_08,Zone_08,0.5798,0.0,0.0002,0.0,0.002,0.0,0.0037,0.4143,0.5798,0.0,0.0
CT011406,Zone_08,Zone_08,0.9714,0.0,0.0001,0.0001,0.004,0.0081,0.001,0.0152,0.9714,0.0,0.0
CT005337,Zone_08,Zone_08,0.7175,0.0,0.0,0.0,0.0001,0.0,0.0007,0.2816,0.7175,0.0,0.0
CT013059,Zone_08,Zone_08,0.9731,0.0,0.0001,0.0001,0.0082,0.0002,0.001,0.0174,0.9731,0.0,0.0
CT019856,Zone_01,Zone_01,1.0,1.0,0.0,0.0,0.0,0.0,0.0,0.0,0.0,0.0,0.0
CT015549,Zone_07,Zone_07,0.9733,0.0,0.0,0.0,0.0036,0.0,0.0056,0.9733,0.0174,0.0,0.0001
CT018322,Zone_08,Zone_08,0.7857,0.0,0.0,0.0,0.0001,0.0,0.0002,0.2139,0.7857,0.0,0.0
CT015866,Zone_03,Zone_03,0.9956,0.0,0.0044,0.9956,0.0,0.0,0.0,0.0,0.0,0.0,0.0
CT004840,Zone_03,Zone_03,0.99,0.0,0.01,0.99,0.0,0.0,0.0,0.0,0.0,0.0,0.0
CT019831,Zone_08,Zone_08,0.7377,0.0,0.0,0.0,0.0001,0.0,0.0002,0.2619,0.7377,0.0,0.0
CT000584,Zone_05,Zone_05,1.0,0.0,0.0,0.0,0.0,1.0,0.0,0.0,0.0,0.0,0.0
CT002715,Zone_07,Zone_07,0.8428,0.0,0.0,0.0,0.0039,0.0,0.1372,0.8428,0.0072,0.0089,0.0
CT008232,Zone_01,Zone_01,1.0,1.0,0.0,0.0,0.0,0.0,0.0,0.0,0.0,0.0,0.0
CT013894,Zone_08,Zone_08,0.9773,0.0,0.0,0.0001,0.0038,0.0001,0.0003,0.0184,0.9773,0.0,0.0
CT017287,Zone_07,Zone_07,0.8233,0.0,0.0,0.0001,0.0134,0.0005,0.0001,0.8233,0.1615,0.0,0.001
CT014399,Zone_01,Zone_01,1.0,1.0,0.0,0.0,0.0,0.0,0.0,0.0,0.0,0.0,0.0
CT000737,Zone_01,Zone_01,1.0,1.0,0.0,0.0,0.0,0.0,0.0,0.0,0.0,0.0,0.0
CT002456,Zone_07,Zone_07,0.8052,0.0,0.0,0.0001,0.0137,0.001,0.0002,0.8052,0.1797,0.0,0.0001
CT007087,Zone_07,Zone_07,0.9699,0.0,0.0,0.0,0.0047,0.0,0.0021,0.9699,0.0231,0.0,0.0001
CT018088,Zone_07,Zone_07,0.8679,0.0,0.0,0.0,0.007,0.0001,0.1175,0.8679,0.0074,0.0,0.0002
CT018167,Zone_10,Zone_10,1.0,0.0,0.0,0.0,0.0,0.0,0.0,0.0,0.0,0.0,1.0
CT000427,Zone_04,Zone_04,0.9869,0.0,0.0001,0.0002,0.9869,0.0001,0.0002,0.0057,0.0069,0.0,0.0
CT008322,Zone_08,Zone_07,0.7759,0.0,0.0,0.0001,0.0382,0.0012,0.0005,0.7759,0.183,0.0,0.001
CT010503,Zone_01,Zone_01,1.0,1.0,0.0,0.0,0.0,0.0,0.0,0.0,0.0,0.0,0.0
CT015277,Zone_01,Zone_01,0.99,0.99,0.01,0.0,0.0,0.0,0.0,0.0,0.0,0.0,0.0
CT011340,Zone_01,Zone_01,1.0,1.0,0.0,0.0,0.0,0.0,0.0,0.0,0.0,0.0,0.0
CT018592,Zone_04,Zone_04,0.9655,0.0,0.0,0.0,0.9655,0.0,0.0087,0.0147,0.0111,0.0,0.0
CT012430,Zone_08,Zone_08,0.9704,0.0,0.0001,0.0001,0.004,0.0081,0.0003,0.0171,0.9704,0.0,0.0
CT006697,Zone_04,Zone_04,0.9877,0.0,0.0,0.0,0.9877,0.0,0.0,0.0035,0.001,0.0079,0.0
CT008012,Zone_08,Zone_08,0.6921,0.0,0.0,0.0,0.0001,0.0001,0.0007,0.307,0.6921,0.0,0.0
CT018561,Zone_08,Zone_08,0.9826,0.0,0.0,0.0001,0.0038,0.0006,0.0,0.0129,0.9826,0.0,0.0
CT002003,Zone_10,Zone_10,1.0,0.0,0.0,0.0,0.0,0.0,0.0,0.0,0.0,0.0,1.0
CT017050,Zone_02,Zone_02,1.0,0.0,1.0,0.0,0.0,0.0,0.0,0.0,0.0,0.0,0.0
CT004540,Zone_05,Zone_05,1.0,0.0,0.0,0.0,0.0,1.0,0.0,0.0,0.0,0.0,0.0
CT002668,Zone_02,Zone_02,1.0,0.0,1.0,0.0,0.0,0.0,0.0,0.0,0.0,0.0,0.0
CT001412,Zone_10,Zone_10,1.0,0.0,0.0,0.0,0.0,0.0,0.0,0.0,0.0,0.0,1.0
CT002754,Zone_03,Zone_03,1.0,0.0,0.0,1.0,0.0,0.0,0.0,0.0,0.0,0.0,0.0
CT000839,Zone_08,Zone_08,0.9828,0.0,0.0,0.0001,0.0049,0.0006,0.0,0.0116,0.9828,0.0,0.0
CT002311,Zone_09,Zone_09,1.0,0.0,0.0,0.0,0.0,0.0,0.0,0.0,0.0,1.0,0.0
CT007775,Zone_08,Zone_08,0.6964,0.0,0.0,0.0,0.0001,0.0,0.0007,0.3028,0.6964,0.0,0.0
CT017053,Zone_07,Zone_08,0.6495,0.0,0.0,0.0,0.0001,0.0,0.0002,0.3502,0.6495,0.0,0.0
CT008233,Zone_06,Zone_06,0.9943,0.0,0.0,0.0,0.0,0.0,0.9943,0.0057,0.0,0.0,0.0
CT011366,Zone_06,Zone_06,0.9975,0.0,0.0,0.0,0.0,0.0,0.9975,0.0025,0.0,0.0,0.0
CT010243,Zone_04,Zone_04,0.9639,0.0,0.0,0.0002,0.9639,0.0001,0.0003,0.0305,0.005,0.0,0.0
CT017671,Zone_08,Zone_08,0.5813,0.0,0.0002,0.0,0.0002,0.0,0.0001,0.4183,0.5813,0.0,0.0
CT003248,Zone_07,Zone_07,0.9461,0.0,0.0,0.0,0.001,0.0,0.0043,0.9461,0.0485,0.0,0.0001
CT007111,Zone_10,Zone_10,1.0,0.0,0.0,0.0,0.0,0.0,0.0,0.0,0.0,0.0,1.0
CT016547,Zone_04,Zone_04,0.9999,0.0,0.0,0.0,0.9999,0.0,0.0001,0.0,0.0,0.0,0.0
CT009284,Zone_01,Zone_01,0.99,0.99,0.01,0.0,0.0,0.0,0.0,0.0,0.0,0.0,0.0
CT003263,Zone_02,Zone_02,1.0,0.0,1.0,0.0,0.0,0.0,0.0,0.0,0.0,0.0,0.0
CT012936,Zone_04,Zone_04,0.9981,0.0,0.0018,0.0001,0.9981,0.0,0.0001,0.0,0.0,0.0,0.0
CT004961,Zone_03,Zone_03,0.9957,0.0,0.0043,0.9957,0.0,0.0,0.0,0.0,0.0,0.0,0.0
CT008511,Zone_04,Zone_04,0.9877,0.0068,0.0,0.0,0.9877,0.0,0.0,0.0048,0.0008,0.0,0.0
CT012653,Zone_03,Zone_03,1.0,0.0,0.0,1.0,0.0,0.0,0.0,0.0,0.0,0.0,0.0
CT013904,Zone_07,Zone_07,0.7904,0.0,0.0,0.0001,0.0093,0.001,0.0008,0.7904,0.1983,0.0,0.0001
CT004273,Zone_07,Zone_07,0.9748,0.0,0.0,0.0,0.0037,0.0,0.0045,0.9748,0.017,0.0,0.0001
CT008118,Zone_04,Zone_04,0.9954,0.0,0.0,0.0001,0.9954,0.0,0.0,0.0036,0.0009,0.0,0.0
CT008796,Zone_07,Zone_08,0.7105,0.0,0.0002,0.0,0.0001,0.0,0.0002,0.289,0.7105,0.0,0.0
CT019703,Zone_08,Zone_08,0.6337,0.0,0.0,0.0,0.0001,0.0,0.0003,0.3658,0.6337,0.0,0.0
CT005835,Zone_07,Zone_07,0.7588,0.0,0.0,0.0001,0.0238,0.0079,0.0005,0.7588,0.2088,0.0,0.0001
CT014369,Zone_10,Zone_10,1.0,0.0,0.0,0.0,0.0,0.0,0.0,0.0,0.0,0.0,1.0
CT003366,Zone_04,Zone_04,0.989,0.0,0.0,0.0001,0.989,0.0,0.0,0.0035,0.0073,0.0,0.0
CT010839,Zone_03,Zone_03,0.9893,0.0,0.0107,0.9893,0.0,0.0,0.0,0.0,0.0,0.0,0.0
CT017418,Zone_07,Zone_07,0.9364,0.0,0.0002,0.0,0.0036,0.0,0.0123,0.9364,0.0473,0.0,0.0001
CT018039,Zone_07,Zone_07,0.8677,0.0,0.0,0.0,0.0035,0.0001,0.1209,0.8677,0.0077,0.0,0.0002
CT007267,Zone_04,Zone_04,0.9897,0.0,0.0,0.0001,0.9897,0.0,0.0,0.0035,0.0067,0.0,0.0
CT010795,Zone_03,Zone_03,1.0,0.0,0.0,1.0,0.0,0.0,0.0,0.0,0.0,0.0,0.0
CT002191,Zone_03,Zone_03,0.9999,0.0,0.0001,0.9999,0.0,0.0,0.0,0.0,0.0,0.0,0.0
CT015316,Zone_07,Zone_07,0.8224,0.0,0.0,0.0001,0.0215,0.0006,0.0005,0.8224,0.1538,0.0,0.001
CT004035,Zone_03,Zone_03,0.9904,0.0,0.0096,0.9904,0.0,0.0,0.0,0.0,0.0,0.0,0.0
CT008400,Zone_07,Zone_07,0.9526,0.0,0.0,0.0,0.0076,0.0005,0.0133,0.9526,0.026,0.0,0.0001
CT015297,Zone_03,Zone_03,0.9818,0.0,0.0064,0.9818,0.0118,0.0,0.0,0.0,0.0,0.0,0.0
CT016871,Zone_10,Zone_10,1.0,0.0,0.0,0.0,0.0,0.0,0.0,0.0,0.0,0.0,1.0
CT012611,Zone_07,Zone_08,0.7599,0.0,0.0,0.0,0.0001,0.0,0.0001,0.24,0.7599,0.0,0.0
CT018414,Zone_02,Zone_02,0.9954,0.0046,0.9954,0.0,0.0,0.0,0.0,0.0,0.0,0.0,0.0
CT017258,Zone_04,Zone_04,0.9855,0.0,0.0,0.0001,0.9855,0.0,0.0,0.0135,0.0009,0.0,0.0
CT014932,Zone_01,Zone_01,1.0,1.0,0.0,0.0,0.0,0.0,0.0,0.0,0.0,0.0,0.0
CT015310,Zone_04,Zone_04,0.9999,0.0,0.0,0.0001,0.9999,0.0,0.0001,0.0,0.0,0.0,0.0
CT014226,Zone_10,Zone_10,1.0,0.0,0.0,0.0,0.0,0.0,0.0,0.0,0.0,0.0,1.0
CT010508,Zone_03,Zone_03,1.0,0.0,0.0,1.0,0.0,0.0,0.0,0.0,0.0,0.0,0.0
CT006627,Zone_08,Zone_08,0.7042,0.0,0.0,0.0,0.0001,0.0,0.0007,0.2949,0.7042,0.0,0.0
CT002688,Zone_08,Zone_08,0.7164,0.0,0.0,0.0,0.0001,0.0,0.0002,0.2833,0.7164,0.0,0.0
CT009669,Zone_06,Zone_06,0.9988,0.0,0.0,0.0,0.0,0.0,0.9988,0.0012,0.0,0.0,0.0
CT012969,Zone_02,Zone_02,1.0,0.0,1.0,0.0,0.0,0.0,0.0,0.0,0.0,0.0,0.0
CT018299,Zone_07,Zone_07,0.9624,0.0,0.0,0.0,0.0001,0.0,0.0026,0.9624,0.0296,0.0,0.0054
CT011243,Zone_07,Zone_07,0.804,0.0,0.0,0.0001,0.0193,0.008,0.0005,0.804,0.168,0.0,0.0001
CT009304,Zone_07,Zone_07,0.7783,0.0,0.0,0.0,0.0173,0.0078,0.0001,0.7783,0.1964,0.0,0.0001
CT007916,Zone_10,Zone_10,1.0,0.0,0.0,0.0,0.0,0.0,0.0,0.0,0.0,0.0,1.0
CT019588,Zone_04,Zone_04,0.9782,0.0,0.0,0.0029,0.9782,0.0,0.0,0.0179,0.0009,0.0,0.0
CT004764,Zone_07,Zone_07,0.7669,0.0,0.0,0.0001,0.0292,0.0009,0.0004,0.7669,0.2025,0.0,0.0001
CT011164,Zone_10,Zone_10,1.0,0.0,0.0,0.0,0.0,0.0,0.0,0.0,0.0,0.0,1.0
CT000371,Zone_07,Zone_07,0.9744,0.0,0.0,0.0,0.0036,0.0,0.0042,0.9744,0.0177,0.0,0.0001
CT009564,Zone_07,Zone_08,0.6528,0.0,0.0,0.0,0.0001,0.0,0.0007,0.3463,0.6528,0.0,0.0
CT015301,Zone_03,Zone_03,0.9923,0.0,0.0077,0.9923,0.0,0.0,0.0,0.0,0.0,0.0,0.0
CT003417,Zone_07,Zone_08,0.6828,0.0,0.0,0.0,0.0003,0.0001,0.0007,0.3161,0.6828,0.0,0.0
CT002819,Zone_08,Zone_08,0.9871,0.0,0.0001,0.0001,0.0038,0.0006,0.0,0.0082,0.9871,0.0,0.0
CT017991,Zone_02,Zone_02,0.99,0.0,0.99,0.01,0.0,0.0,0.0,0.0,0.0,0.0,0.0
CT018277,Zone_04,Zone_04,0.9888,0.0,0.0,0.0,0.9888,0.0,0.0,0.0035,0.0077,0.0,0.0
CT008207,Zone_05,Zone_05,0.9974,0.0,0.0,0.0,0.0,0.9974,0.0,0.0021,0.0005,0.0,0.0
CT002328,Zone_01,Zone_01,1.0,1.0,0.0,0.0,0.0,0.0,0.0,0.0,0.0,0.0,0.0
CT017127,Zone_04,Zone_04,0.9924,0.0,0.0,0.0001,0.9924,0.0,0.0,0.0067,0.0008,0.0,0.0
CT005729,Zone_06,Zone_06,0.9856,0.0,0.0,0.0,0.0,0.0,0.9856,0.0141,0.0003,0.0,0.0
CT006738,Zone_08,Zone_08,0.7267,0.0,0.0,0.0,0.0002,0.0,0.0002,0.2729,0.7267,0.0,0.0
CT007313,Zone_08,Zone_08,0.9774,0.0,0.0001,0.0001,0.0071,0.0002,0.0003,0.0149,0.9774,0.0,0.0
CT003514,Zone_10,Zone_10,1.0,0.0,0.0,0.0,0.0,0.0,0.0,0.0,0.0,0.0,1.0
CT003779,Zone_07,Zone_07,0.9664,0.0,0.0,0.0,0.006,0.0,0.0038,0.9664,0.0237,0.0,0.0
CT010705,Zone_01,Zone_01,0.992,0.992,0.008,0.0,0.0,0.0,0.0,0.0,0.0,0.0,0.0
CT016455,Zone_03,Zone_03,0.9952,0.0,0.0048,0.9952,0.0,0.0,0.0,0.0,0.0,0.0,0.0
CT012672,Zone_06,Zone_06,0.9975,0.0,0.0,0.0,0.0,0.0,0.9975,0.0025,0.0,0.0,0.0
CT000627,Zone_07,Zone_07,0.9566,0.0,0.0,0.0,0.0095,0.0,0.0029,0.9566,0.0309,0.0,0.0001
CT003870,Zone_08,Zone_08,0.9695,0.0,0.0001,0.0001,0.0107,0.0002,0.0003,0.0192,0.9695,0.0,0.0
CT011939,Zone_04,Zone_04,0.9966,0.0,0.0,0.0001,0.9966,0.0,0.0,0.0031,0.0002,0.0,0.0
CT016853,Zone_02,Zone_02,0.9916,0.0,0.9916,0.0084,0.0,0.0,0.0,0.0,0.0,0.0,0.0
CT017578,Zone_02,Zone_02,0.99,0.0,0.99,0.0,0.01,0.0,0.0,0.0,0.0,0.0,0.0
CT012818,Zone_07,Zone_07,0.8725,0.0,0.0,0.0,0.0034,0.0001,0.1115,0.8725,0.0125,0.0,0.0
CT012290,Zone_04,Zone_04,0.9944,0.0,0.0,0.0001,0.9944,0.0,0.0,0.005,0.0005,0.0,0.0
CT001289,Zone_08,Zone_08,0.9839,0.0,0.0001,0.0,0.0038,0.0001,0.001,0.0111,0.9839,0.0,0.0
CT018636,Zone_07,Zone_07,0.9848,0.0,0.0,0.0,0.0,0.0,0.0032,0.9848,0.012,0.0,0.0
CT018644,Zone_04,Zone_04,0.9908,0.0,0.0,0.0001,0.9908,0.0,0.0001,0.0067,0.0023,0.0,0.0
CT002098,Zone_08,Zone_08,0.9806,0.0,0.0001,0.0001,0.0038,0.0002,0.001,0.0142,0.9806,0.0,0.0
CT010167,Zone_06,Zone_06,0.9975,0.0,0.0,0.0,0.0,0.0,0.9975,0.0025,0.0,0.0,0.0
CT015097,Zone_08,Zone_08,0.7356,0.0,0.0,0.0,0.0001,0.0,0.0007,0.2636,0.7356,0.0,0.0
CT019367,Zone_04,Zone_04,0.9729,0.0001,0.0001,0.0087,0.9729,0.0001,0.0004,0.0097,0.0079,0.0,0.0
CT006704,Zone_03,Zone_03,1.0,0.0,0.0,1.0,0.0,0.0,0.0,0.0,0.0,0.0,0.0
CT018113,Zone_08,Zone_08,0.5821,0.0,0.0,0.0,0.0001,0.0,0.0003,0.4175,0.5821,0.0,0.0
CT007587,Zone_03,Zone_03,0.9946,0.0,0.0054,0.9946,0.0,0.0,0.0,0.0,0.0,0.0,0.0
CT015729,Zone_06,Zone_06,0.9943,0.0,0.0,0.0,0.0,0.0,0.9943,0.0057,0.0,0.0,0.0
CT006123,Zone_08,Zone_08,0.7089,0.0,0.0,0.0,0.0019,0.0,0.0037,0.2855,0.7089,0.0,0.0
CT008104,Zone_08,Zone_08,0.6883,0.0,0.0,0.0,0.0001,0.0,0.0002,0.3113,0.6883,0.0,0.0
CT011614,Zone_07,Zone_07,0.9743,0.0,0.0,0.0,0.0036,0.0005,0.0051,0.9743,0.0164,0.0,0.0001
CT012529,Zone_08,Zone_08,0.7218,0.0,0.0,0.0,0.0001,0.0,0.0007,0.2773,0.7218,0.0,0.0
CT005793,Zone_03,Zone_03,0.9959,0.0,0.0,0.9959,0.0041,0.0,0.0,0.0,0.0,0.0,0.0
CT010160,Zone_07,Zone_07,0.9742,0.0,0.0,0.0,0.0039,0.0,0.0026,0.9742,0.0191,0.0,0.0001
CT012390,Zone_07,Zone_07,0.964,0.0,0.0,0.0,0.0028,0.0,0.0129,0.964,0.0203,0.0,0.0
CT006317,Zone_08,Zone_07,0.7446,0.0,0.0,0.0001,0.0176,0.0012,0.0002,0.7446,0.2363,0.0,0.0001
CT004354,Zone_02,Zone_02,0.9944,0.0,0.9944,0.0056,0.0,0.0,0.0,0.0,0.0,0.0,0.0
CT018924,Zone_01,Zone_01,1.0,1.0,0.0,0.0,0.0,0.0,0.0,0.0,0.0,0.0,0.0
CT001710,Zone_04,Zone_04,0.9999,0.0,0.0,0.0,0.9999,0.0,0.0001,0.0,0.0,0.0,0.0
CT009989,Zone_04,Zone_04,0.9955,0.0,0.0,0.0001,0.9955,0.0,0.0,0.0035,0.0009,0.0,0.0
CT012517,Zone_07,Zone_07,0.7914,0.0,0.0,0.0001,0.0368,0.0007,0.0005,0.7914,0.1703,0.0,0.0001
CT013695,Zone_01,Zone_01,1.0,1.0,0.0,0.0,0.0,0.0,0.0,0.0,0.0,0.0,0.0
CT004105,Zone_06,Zone_06,0.9924,0.0,0.0,0.0,0.0,0.0,0.9924,0.0073,0.0003,0.0,0.0
CT001482,Zone_02,Zone_02,1.0,0.0,1.0,0.0,0.0,0.0,0.0,0.0,0.0,0.0,0.0
CT017599,Zone_03,Zone_03,1.0,0.0,0.0,1.0,0.0,0.0,0.0,0.0,0.0,0.0,0.0
CT014961,Zone_04,Zone_04,0.9746,0.0011,0.0001,0.001,0.9746,0.0001,0.0005,0.0138,0.0089,0.0,0.0
CT000886,Zone_05,Zone_05,1.0,0.0,0.0,0.0,0.0,1.0,0.0,0.0,0.0,0.0,0.0
CT003517,Zone_07,Zone_08,0.5823,0.0,0.0,0.0,0.0001,0.0,0.0008,0.4166,0.5823,0.0,0.0
CT007880,Zone_10,Zone_10,1.0,0.0,0.0,0.0,0.0,0.0,0.0,0.0,0.0,0.0,1.0
CT002883,Zone_07,Zone_07,0.7998,0.0,0.0,0.0001,0.0256,0.0003,0.0009,0.7998,0.1731,0.0,0.0001
CT013795,Zone_04,Zone_04,0.9802,0.0,0.0,0.0002,0.9802,0.0,0.0,0.0111,0.0084,0.0,0.0
CT005089,Zone_10,Zone_10,0.9955,0.0,0.0,0.0,0.0,0.0,0.0,0.0,0.0,0.0045,0.9955
CT015738,Zone_10,Zone_10,1.0,0.0,0.0,0.0,0.0,0.0,0.0,0.0,0.0,0.0,1.0
CT006985,Zone_04,Zone_04,0.9944,0.0,0.0,0.0001,0.9944,0.0,0.0,0.005,0.0005,0.0,0.0
CT010528,Zone_08,Zone_08,0.7008,0.0,0.0,0.0,0.0001,0.0,0.0007,0.2985,0.7008,0.0,0.0
CT001193,Zone_07,Zone_07,0.844,0.0,0.0,0.0,0.0029,0.0,0.1457,0.844,0.0074,0.0,0.0
CT008655,Zone_04,Zone_04,0.9877,0.0,0.0,0.0007,0.9877,0.0,0.0,0.0094,0.0022,0.0,0.0
CT007655,Zone_01,Zone_01,1.0,1.0,0.0,0.0,0.0,0.0,0.0,0.0,0.0,0.0,0.0
CT003460,Zone_07,Zone_07,0.9688,0.0,0.0,0.0,0.0001,0.0,0.0063,0.9688,0.0247,0.0,0.0001
CT012214,Zone_07,Zone_07,0.8278,0.0,0.0,0.0,0.0001,0.0,0.1706,0.8278,0.0014,0.0,0.0002
CT007427,Zone_09,Zone_09,1.0,0.0,0.0,0.0,0.0,0.0,0.0,0.0,0.0,1.0,0.0
CT005887,Zone_04,Zone_04,0.9677,0.0,0.0063,0.0003,0.9677,0.0001,0.0002,0.0176,0.0078,0.0,0.0
CT012514,Zone_08,Zone_08,0.7201,0.0,0.0,0.0,0.0001,0.0,0.0002,0.2796,0.7201,0.0,0.0
CT019565,Zone_03,Zone_03,1.0,0.0,0.0,1.0,0.0,0.0,0.0,0.0,0.0,0.0,0.0
CT008165,Zone_05,Zone_05,1.0,0.0,0.0,0.0,0.0,1.0,0.0,0.0,0.0,0.0,0.0
CT009647,Zone_08,Zone_08,0.985,0.0,0.0001,0.0001,0.0038,0.0006,0.0,0.0104,0.985,0.0,0.0
CT000822,Zone_08,Zone_08,0.7156,0.0,0.0,0.0,0.0001,0.0,0.0007,0.2836,0.7156,0.0,0.0
CT019069,Zone_07,Zone_07,0.8063,0.0,0.0063,0.0,0.0001,0.0,0.1747,0.8063,0.0125,0.0,0.0002
CT005639,Zone_02,Zone_02,0.9952,0.0,0.9952,0.0048,0.0,0.0,0.0,0.0,0.0,0.0,0.0
CT014822,Zone_08,Zone_08,0.7115,0.0,0.0,0.0,0.0001,0.0,0.0007,0.2876,0.7115,0.0,0.0
CT003142,Zone_01,Zone_01,1.0,1.0,0.0,0.0,0.0,0.0,0.0,0.0,0.0,0.0,0.0
CT019976,Zone_05,Zone_05,1.0,0.0,0.0,0.0,0.0,1.0,0.0,0.0,0.0,0.0,0.0
CT019278,Zone_08,Zone_08,0.9772,0.0,0.0001,0.0001,0.0037,0.0014,0.0,0.0174,0.9772,0.0,0.0
CT002975,Zone_07,Zone_07,0.7873,0.0,0.0,0.0001,0.0288,0.0081,0.0005,0.7873,0.175,0.0,0.0001
CT018639,Zone_08,Zone_08,0.619,0.0,0.0,0.0,0.0006,0.0,0.0002,0.3802,0.619,0.0,0.0
CT004502,Zone_08,Zone_08,0.9776,0.0,0.0001,0.0001,0.0038,0.0006,0.0,0.0178,0.9776,0.0,0.0
CT006537,Zone_03,Zone_03,0.99,0.01,0.0,0.99,0.0,0.0,0.0,0.0,0.0,0.0,0.0
CT014690,Zone_07,Zone_07,0.89,0.0,0.0,0.0,0.0034,0.0001,0.1048,0.89,0.0015,0.0,0.0002
CT012345,Zone_07,Zone_07,0.9668,0.0,0.0,0.0,0.0061,0.0,0.0032,0.9668,0.0238,0.0,0.0001
CT002046,Zone_02,Zone_02,1.0,0.0,1.0,0.0,0.0,0.0,0.0,0.0,0.0,0.0,0.0
CT011364,Zone_04,Zone_04,0.9934,0.0,0.0,0.0,0.9934,0.0,0.0004,0.0062,0.0,0.0,0.0
CT016376,Zone_07,Zone_07,0.9675,0.0,0.0,0.0,0.0028,0.0004,0.0023,0.9675,0.0269,0.0,0.0
CT017115,Zone_04,Zone_04,0.9873,0.0,0.0,0.0,0.9873,0.0,0.001,0.0108,0.0009,0.0,0.0
CT010478,Zone_08,Zone_08,0.9806,0.0,0.0001,0.0001,0.0038,0.0002,0.0003,0.015,0.9806,0.0,0.0
CT003125,Zone_01,Zone_01,1.0,1.0,0.0,0.0,0.0,0.0,0.0,0.0,0.0,0.0,0.0
CT010142,Zone_07,Zone_07,0.9359,0.0,0.0,0.0,0.0034,0.0001,0.0471,0.9359,0.0136,0.0,0.0
CT016566,Zone_08,Zone_08,0.662,0.0,0.0,0.0,0.0001,0.0003,0.0008,0.3367,0.662,0.0,0.0
CT018608,Zone_08,Zone_08,0.7077,0.0,0.0,0.0,0.0001,0.0,0.0008,0.2913,0.7077,0.0,0.0
CT002021,Zone_07,Zone_08,0.7507,0.0,0.0,0.0,0.0001,0.0,0.0001,0.2491,0.7507,0.0,0.0
CT006610,Zone_02,Zone_02,0.9952,0.0,0.9952,0.0048,0.0,0.0,0.0,0.0,0.0,0.0,0.0
CT016630,Zone_02,Zone_02,1.0,0.0,1.0,0.0,0.0,0.0,0.0,0.0,0.0,0.0,0.0
CT001696,Zone_08,Zone_07,0.7619,0.0,0.0,0.0001,0.0178,0.0077,0.0002,0.7619,0.2122,0.0,0.0001
CT017528,Zone_07,Zone_07,0.9222,0.0,0.0,0.0,0.0034,0.0001,0.0681,0.9222,0.0063,0.0,0.0
CT009106,Zone_08,Zone_08,0.7488,0.0,0.0,0.0,0.0001,0.0,0.0002,0.2508,0.7488,0.0,0.0
CT018103,Zone_03,Zone_03,1.0,0.0,0.0,1.0,0.0,0.0,0.0,0.0,0.0,0.0,0.0
CT016471,Zone_05,Zone_05,1.0,0.0,0.0,0.0,0.0,1.0,0.0,0.0,0.0,0.0,0.0
CT014430,Zone_07,Zone_08,0.5358,0.0,0.0,0.0,0.0002,0.0,0.0044,0.4558,0.5358,0.0038,0.0
CT010898,Zone_07,Zone_07,0.962,0.0,0.0,0.0,0.009,0.0,0.0052,0.962,0.0238,0.0,0.0
CT016542,Zone_08,Zone_08,0.9873,0.0,0.0001,0.0,0.0039,0.0001,0.0003,0.0082,0.9873,0.0,0.0
CT014322,Zone_08,Zone_08,0.7981,0.0,0.0,0.0,0.0001,0.0,0.0001,0.2017,0.7981,0.0,0.0
CT019318,Zone_03,Zone_03,1.0,0.0,0.0,1.0,0.0,0.0,0.0,0.0,0.0,0.0,0.0
CT003741,Zone_01,Zone_01,1.0,1.0,0.0,0.0,0.0,0.0,0.0,0.0,0.0,0.0,0.0
CT012190,Zone_03,Zone_03,0.9999,0.0,0.0001,0.9999,0.0,0.0,0.0,0.0,0.0,0.0,0.0
CT004990,Zone_03,Zone_03,1.0,0.0,0.0,1.0,0.0,0.0,0.0,0.0,0.0,0.0,0.0
CT010139,Zone_05,Zone_05,1.0,0.0,0.0,0.0,0.0,1.0,0.0,0.0,0.0,0.0,0.0
CT009829,Zone_08,Zone_08,0.9776,0.0,0.0001,0.0001,0.0039,0.0002,0.0003,0.0179,0.9776,0.0,0.0
CT014161,Zone_08,Zone_08,0.9719,0.0,0.0,0.0,0.0034,0.0001,0.0,0.0247,0.9719,0.0,0.0
CT006238,Zone_08,Zone_08,0.7099,0.0,0.0,0.0,0.0001,0.0,0.0002,0.2898,0.7099,0.0,0.0
CT014687,Zone_01,Zone_01,0.982,0.982,0.008,0.0,0.01,0.0,0.0,0.0,0.0,0.0,0.0
CT004295,Zone_07,Zone_07,0.9555,0.0,0.0,0.0,0.0037,0.0,0.0068,0.9555,0.0339,0.0,0.0001
CT010359,Zone_08,Zone_08,0.7125,0.0,0.0,0.0,0.0001,0.0,0.0007,0.2867,0.7125,0.0,0.0
CT012143,Zone_07,Zone_07,0.9171,0.0,0.0,0.0,0.0034,0.0001,0.0714,0.9171,0.008,0.0,0.0
CT002818,Zone_07,Zone_08,0.7164,0.0,0.0,0.0,0.0001,0.0,0.0002,0.2833,0.7164,0.0,0.0
CT002169,Zone_04,Zone_04,0.988,0.0,0.0,0.0,0.988,0.0,0.0,0.0082,0.0039,0.0,0.0
CT011079,Zone_01,Zone_01,1.0,1.0,0.0,0.0,0.0,0.0,0.0,0.0,0.0,0.0,0.0
CT010915,Zone_10,Zone_10,1.0,0.0,0.0,0.0,0.0,0.0,0.0,0.0,0.0,0.0,1.0
CT009010,Zone_02,Zone_02,1.0,0.0,1.0,0.0,0.0,0.0,0.0,0.0,0.0,0.0,0.0
CT019178,Zone_03,Zone_03,1.0,0.0,0.0,1.0,0.0,0.0,0.0,0.0,0.0,0.0,0.0
CT008347,Zone_08,Zone_08,0.6922,0.0,0.0,0.0,0.0001,0.0,0.0002,0.3075,0.6922,0.0,0.0
CT013132,Zone_07,Zone_07,0.973,0.0,0.0,0.0,0.0051,0.0,0.0042,0.973,0.0176,0.0,0.0001
CT003956,Zone_07,Zone_08,0.6956,0.0,0.0,0.0,0.0003,0.0,0.0002,0.3039,0.6956,0.0,0.0
CT012468,Zone_03,Zone_03,0.9999,0.0,0.0001,0.9999,0.0,0.0,0.0,0.0,0.0,0.0,0.0
CT009678,Zone_08,Zone_08,0.7663,0.0,0.0,0.0,0.0001,0.0,0.0002,0.2333,0.7663,0.0,0.0
CT004308,Zone_04,Zone_04,0.9877,0.0,0.0,0.0,0.9877,0.0,0.0,0.005,0.0073,0.0,0.0
CT014919,Zone_07,Zone_07,0.9729,0.0,0.0,0.0,0.0047,0.0,0.0063,0.9729,0.0161,0.0,0.0001
CT002891,Zone_03,Zone_03,1.0,0.0,0.0,1.0,0.0,0.0,0.0,0.0,0.0,0.0,0.0
CT004875,Zone_07,Zone_07,0.822,0.0,0.0,0.0001,0.0209,0.0084,0.001,0.822,0.1476,0.0,0.0
CT004176,Zone_07,Zone_07,0.7972,0.0,0.0,0.0001,0.0142,0.001,0.0004,0.7972,0.187,0.0,0.0001
CT006787,Zone_08,Zone_08,0.979,0.0,0.0001,0.0,0.0081,0.0001,0.0003,0.0124,0.979,0.0,0.0
CT014596,Zone_08,Zone_08,0.7697,0.0,0.0,0.0,0.0002,0.0,0.0002,0.2298,0.7697,0.0,0.0
CT019773,Zone_07,Zone_07,0.8201,0.0,0.0,0.0001,0.0232,0.0006,0.0004,0.8201,0.1509,0.0,0.0047
CT003083,Zone_08,Zone_08,0.6204,0.0,0.0,0.0,0.0001,0.0,0.0003,0.3792,0.6204,0.0,0.0
CT013466,Zone_02,Zone_02,0.9954,0.0,0.9954,0.0046,0.0,0.0,0.0,0.0,0.0,0.0,0.0
CT008204,Zone_08,Zone_08,0.554,0.0,0.0,0.0,0.0039,0.0001,0.0001,0.4419,0.554,0.0,0.0
CT017426,Zone_06,Zone_06,0.9984,0.0,0.0,0.0,0.0,0.0,0.9984,0.0016,0.0,0.0,0.0
CT005764,Zone_10,Zone_10,1.0,0.0,0.0,0.0,0.0,0.0,0.0,0.0,0.0,0.0,1.0
CT004184,Zone_08,Zone_08,0.9798,0.0,0.0001,0.0001,0.0038,0.0002,0.0003,0.0157,0.9798,0.0,0.0
CT016110,Zone_06,Zone_06,0.9875,0.0,0.0,0.0,0.0,0.0,0.9875,0.0125,0.0,0.0,0.0
CT005712,Zone_07,Zone_07,0.7995,0.0,0.0,0.0001,0.0256,0.008,0.0002,0.7995,0.1665,0.0,0.0001
CT003240,Zone_04,Zone_04,0.9774,0.0,0.0,0.0001,0.9774,0.0087,0.0,0.0108,0.003,0.0,0.0
CT009098,Zone_05,Zone_05,1.0,0.0,0.0,0.0,0.0,1.0,0.0,0.0,0.0,0.0,0.0
CT019193,Zone_08,Zone_08,0.9832,0.0,0.0001,0.0,0.004,0.0001,0.0003,0.0123,0.9832,0.0,0.0
CT006023,Zone_03,Zone_03,0.9999,0.0,0.0001,0.9999,0.0,0.0,0.0,0.0,0.0,0.0,0.0
CT011941,Zone_07,Zone_07,0.8059,0.0,0.0,0.0001,0.0173,0.0007,0.0002,0.8059,0.1747,0.0,0.001
CT011593,Zone_06,Zone_06,0.9984,0.0,0.0,0.0,0.0,0.0,0.9984,0.0016,0.0,0.0,0.0
CT001697,Zone_01,Zone_01,1.0,1.0,0.0,0.0,0.0,0.0,0.0,0.0,0.0,0.0,0.0
CT013413,Zone_08,Zone_08,0.7279,0.0,0.0,0.0,0.0038,0.0,0.0002,0.268,0.7279,0.0,0.0
CT016404,Zone_07,Zone_07,0.7628,0.0,0.0,0.0001,0.0242,0.008,0.0004,0.7628,0.2044,0.0,0.0001
CT016903,Zone_08,Zone_07,0.7916,0.0,0.0,0.0001,0.0148,0.0005,0.0002,0.7916,0.1928,0.0,0.0001
CT005401,Zone_07,Zone_08,0.5861,0.0,0.0,0.0,0.0001,0.0,0.0003,0.4135,0.5861,0.0,0.0
CT012368,Zone_01,Zone_01,1.0,1.0,0.0,0.0,0.0,0.0,0.0,0.0,0.0,0.0,0.0
CT006162,Zone_07,Zone_07,0.756,0.0,0.0,0.0004,0.0252,0.0007,0.0001,0.756,0.2177,0.0,0.0001
CT002773,Zone_07,Zone_07,0.9249,0.0,0.0,0.0,0.0034,0.0001,0.0589,0.9249,0.0128,0.0,0.0
CT003352,Zone_03,Zone_03,1.0,0.0,0.0,1.0,0.0,0.0,0.0,0.0,0.0,0.0,0.0
CT011647,Zone_08,Zone_08,0.6372,0.0,0.0,0.0,0.0,0.0003,0.0007,0.3617,0.6372,0.0,0.0
CT014740,Zone_07,Zone_07,0.946,0.0,0.0,0.0,0.0035,0.0004,0.0295,0.946,0.0153,0.0,0.0053
CT011561,Zone_07,Zone_07,0.898,0.0,0.0,0.0,0.0099,0.0001,0.0784,0.898,0.0135,0.0,0.0002
CT019624,Zone_03,Zone_03,0.9981,0.0,0.0,0.9981,0.0019,0.0,0.0,0.0,0.0,0.0,0.0
CT009604,Zone_05,Zone_05,1.0,0.0,0.0,0.0,0.0,1.0,0.0,0.0,0.0,0.0,0.0
CT004121,Zone_10,Zone_10,1.0,0.0,0.0,0.0,0.0,0.0,0.0,0.0,0.0,0.0,1.0
CT002436,Zone_10,Zone_10,1.0,0.0,0.0,0.0,0.0,0.0,0.0,0.0,0.0,0.0,1.0
CT016317,Zone_08,Zone_08,0.7066,0.0,0.0,0.0,0.0001,0.0,0.0008,0.2925,0.7066,0.0,0.0
CT001303,Zone_07,Zone_07,0.9451,0.0,0.0002,0.0,0.0063,0.0,0.0139,0.9451,0.0257,0.0089,0.0
CT014955,Zone_07,Zone_08,0.6639,0.0,0.0,0.0,0.0001,0.0,0.0044,0.3277,0.6639,0.0038,0.0
CT003109,Zone_01,Zone_01,1.0,1.0,0.0,0.0,0.0,0.0,0.0,0.0,0.0,0.0,0.0
CT014514,Zone_07,Zone_08,0.6426,0.0,0.0,0.0,0.0001,0.0003,0.0007,0.3561,0.6426,0.0,0.0
CT015660,Zone_07,Zone_07,0.9374,0.0,0.0,0.0,0.0063,0.0,0.01,0.9374,0.0463,0.0,0.0
CT001169,Zone_07,Zone_07,0.9293,0.0,0.0002,0.0,0.0036,0.0005,0.0133,0.9293,0.0478,0.0,0.0054
CT016196,Zone_08,Zone_07,0.8165,0.0,0.0,0.0004,0.0215,0.0005,0.0005,0.8165,0.1597,0.0,0.001
CT003239,Zone_04,Zone_04,0.999,0.0,0.0,0.0001,0.999,0.0,0.0,0.0004,0.0004,0.0,0.0
CT009944,Zone_07,Zone_07,0.8271,0.0,0.0,0.0001,0.0104,0.0011,0.0008,0.8271,0.1594,0.0,0.001
CT005272,Zone_07,Zone_07,0.8786,0.0,0.0,0.0,0.0034,0.0001,0.103,0.8786,0.0149,0.0,0.0
CT008716,Zone_02,Zone_02,0.9952,0.0,0.9952,0.0048,0.0,0.0,0.0,0.0,0.0,0.0,0.0
CT013102,Zone_03,Zone_03,0.9999,0.0,0.0001,0.9999,0.0,0.0,0.0,0.0,0.0,0.0,0.0
CT004460,Zone_07,Zone_07,0.8299,0.0,0.0,0.0,0.0,0.0,0.1691,0.8299,0.0009,0.0,0.0
CT001005,Zone_08,Zone_08,0.6913,0.0,0.0,0.0,0.0001,0.0,0.0007,0.3078,0.6913,0.0,0.0
CT008089,Zone_08,Zone_08,0.9862,0.0,0.0,0.0,0.0,0.0006,0.0,0.0132,0.9862,0.0,0.0
CT019203,Zone_04,Zone_04,1.0,0.0,0.0,0.0,1.0,0.0,0.0,0.0,0.0,0.0,0.0
CT005305,Zone_02,Zone_02,1.0,0.0,1.0,0.0,0.0,0.0,0.0,0.0,0.0,0.0,0.0
CT001744,Zone_10,Zone_10,1.0,0.0,0.0,0.0,0.0,0.0,0.0,0.0,0.0,0.0,1.0
CT009339,Zone_08,Zone_07,0.797,0.0,0.0,0.0001,0.0192,0.0006,0.001,0.797,0.182,0.0,0.0001
CT016789,Zone_07,Zone_07,0.9517,0.0,0.0,0.0,0.001,0.0,0.0044,0.9517,0.0375,0.0,0.0054
CT016552,Zone_07,Zone_08,0.6305,0.0,0.0,0.0,0.0001,0.0,0.0039,0.3655,0.6305,0.0,0.0
CT007964,Zone_08,Zone_08,0.5813,0.0,0.0,0.0,0.0001,0.0,0.0009,0.4177,0.5813,0.0,0.0
CT001142,Zone_07,Zone_07,0.9643,0.0,0.0,0.0,0.0028,0.0,0.0082,0.9643,0.0247,0.0,0.0
CT019606,Zone_07,Zone_07,0.8004,0.0,0.0,0.0001,0.0307,0.0009,0.0005,0.8004,0.1673,0.0,0.0001
CT004707,Zone_03,Zone_03,0.99,0.0,0.0,0.99,0.01,0.0,0.0,0.0,0.0,0.0,0.0
CT005179,Zone_07,Zone_07,0.7929,0.0,0.0,0.0001,0.0136,0.008,0.0005,0.7929,0.1838,0.0,0.001
CT006858,Zone_04,Zone_04,0.9818,0.0,0.0,0.0076,0.9818,0.0,0.0,0.0094,0.0012,0.0,0.0
CT000205,Zone_02,Zone_02,1.0,0.0,1.0,0.0,0.0,0.0,0.0,0.0,0.0,0.0,0.0
CT012970,Zone_05,Zone_05,1.0,0.0,0.0,0.0,0.0,1.0,0.0,0.0,0.0,0.0,0.0
CT007943,Zone_08,Zone_08,0.5337,0.0,0.0,0.0,0.0004,0.0003,0.0007,0.4648,0.5337,0.0,0.0
CT003592,Zone_04,Zone_04,0.9783,0.0,0.0,0.0001,0.9783,0.0087,0.0,0.0104,0.0024,0.0,0.0
CT002483,Zone_03,Zone_03,0.9999,0.0,0.0001,0.9999,0.0,0.0,0.0,0.0,0.0,0.0,0.0
CT009311,Zone_01,Zone_01,1.0,1.0,0.0,0.0,0.0,0.0,0.0,0.0,0.0,0.0,0.0
CT010354,Zone_07,Zone_07,0.9618,0.0,0.0,0.0,0.0,0.0,0.0159,0.9618,0.017,0.0,0.0053
CT005979,Zone_03,Zone_03,1.0,0.0,0.0,1.0,0.0,0.0,0.0,0.0,0.0,0.0,0.0
CT001453,Zone_07,Zone_07,0.9264,0.0,0.0,0.0,0.0029,0.0,0.0567,0.9264,0.014,0.0,0.0
CT017140,Zone_01,Zone_01,0.9934,0.9934,0.0,0.0,0.0066,0.0,0.0,0.0,0.0,0.0,0.0
CT005952,Zone_08,Zone_08,0.9829,0.0,0.0,0.0,0.0006,0.0006,0.0,0.016,0.9829,0.0,0.0
CT008506,Zone_04,Zone_04,0.9999,0.0,0.0,0.0001,0.9999,0.0,0.0001,0.0,0.0,0.0,0.0
CT011785,Zone_07,Zone_08,0.6575,0.0,0.0,0.0,0.001,0.0,0.0006,0.3409,0.6575,0.0,0.0
CT001918,Zone_08,Zone_08,0.7315,0.0,0.0,0.0,0.0001,0.0,0.0002,0.2681,0.7315,0.0,0.0
CT009736,Zone_08,Zone_08,0.6445,0.0,0.0,0.0,0.0001,0.0,0.0007,0.3546,0.6445,0.0,0.0
CT004706,Zone_04,Zone_04,0.9999,0.0,0.0,0.0,0.9999,0.0,0.0001,0.0,0.0,0.0,0.0
CT005903,Zone_03,Zone_03,0.9913,0.0,0.0087,0.9913,0.0,0.0,0.0,0.0,0.0,0.0,0.0
CT002576,Zone_08,Zone_08,0.7561,0.0,0.0,0.0,0.0002,0.0,0.0002,0.2434,0.7561,0.0,0.0
CT013165,Zone_04,Zone_04,0.9999,0.0,0.0,0.0001,0.9999,0.0,0.0001,0.0,0.0,0.0,0.0
CT010026,Zone_03,Zone_03,0.9956,0.0,0.0044,0.9956,0.0,0.0,0.0,0.0,0.0,0.0,0.0
CT002036,Zone_07,Zone_07,0.9685,0.0,0.0,0.0,0.0047,0.0,0.0026,0.9685,0.0242,0.0,0.0001
CT010975,Zone_07,Zone_08,0.6783,0.0,0.0,0.0,0.0001,0.0,0.0002,0.3213,0.6783,0.0,0.0
CT018960,Zone_04,Zone_04,0.986,0.0,0.0,0.0,0.986,0.0,0.0,0.0041,0.0099,0.0,0.0
CT000500,Zone_07,Zone_07,0.8073,0.0,0.0,0.0001,0.0142,0.0011,0.0003,0.8073,0.1759,0.0,0.001
CT004778,Zone_03,Zone_03,0.9981,0.0,0.0,0.9981,0.0019,0.0,0.0,0.0,0.0,0.0,0.0
CT005045,Zone_04,Zone_04,0.982,0.0,0.0001,0.0003,0.982,0.0001,0.0,0.0099,0.0076,0.0,0.0
CT008137,Zone_07,Zone_07,0.8102,0.0,0.0,0.0001,0.0137,0.0004,0.0008,0.8102,0.1737,0.0,0.001
CT007134,Zone_08,Zone_08,0.9778,0.0,0.0001,0.0001,0.0038,0.0002,0.0003,0.0178,0.9778,0.0,0.0
CT011170,Zone_07,Zone_07,0.9389,0.0,0.0,0.0,0.0061,0.0,0.0135,0.9389,0.0414,0.0,0.0001
CT000797,Zone_02,Zone_02,0.9954,0.0046,0.9954,0.0,0.0,0.0,0.0,0.0,0.0,0.0,0.0
CT009627,Zone_01,Zone_01,1.0,1.0,0.0,0.0,0.0,0.0,0.0,0.0,0.0,0.0,0.0
CT006074,Zone_01,Zone_01,1.0,1.0,0.0,0.0,0.0,0.0,0.0,0.0,0.0,0.0,0.0
CT013382,Zone_08,Zone_08,0.9832,0.0,0.0001,0.0,0.0038,0.0001,0.0003,0.0126,0.9832,0.0,0.0
CT003550,Zone_07,Zone_07,0.8683,0.0,0.0,0.0,0.0035,0.0001,0.1216,0.8683,0.0063,0.0,0.0002
CT007020,Zone_08,Zone_07,0.7233,0.0,0.0,0.0,0.0343,0.0005,0.0005,0.7233,0.2412,0.0,0.0001
CT011897,Zone_04,Zone_04,0.9945,0.0,0.0,0.0001,0.9945,0.0,0.0,0.0048,0.0006,0.0,0.0
CT017288,Zone_07,Zone_08,0.7155,0.0,0.0,0.0,0.0001,0.0,0.0007,0.2837,0.7155,0.0,0.0
CT007030,Zone_06,Zone_06,0.9909,0.0,0.0,0.0,0.0018,0.0,0.9909,0.0034,0.0038,0.0,0.0
CT000342,Zone_10,Zone_10,1.0,0.0,0.0,0.0,0.0,0.0,0.0,0.0,0.0,0.0,1.0
CT019378,Zone_10,Zone_10,0.9873,0.0,0.0027,0.0,0.01,0.0,0.0,0.0,0.0,0.0,0.9873
CT004858,Zone_07,Zone_08,0.6399,0.0,0.0,0.0,0.0001,0.0,0.0003,0.3597,0.6399,0.0,0.0
CT000135,Zone_08,Zone_08,0.5917,0.0,0.0,0.0,0.0006,0.0,0.0007,0.4069,0.5917,0.0,0.0
CT000204,Zone_03,Zone_03,1.0,0.0,0.0,1.0,0.0,0.0,0.0,0.0,0.0,0.0,0.0
CT012579,Zone_04,Zone_04,0.9944,0.0,0.0,0.0,0.9944,0.0,0.0001,0.0048,0.0008,0.0,0.0
CT006862,Zone_06,Zone_06,0.9875,0.0,0.0,0.0,0.0,0.0,0.9875,0.0125,0.0,0.0,0.0
CT018247,Zone_08,Zone_08,0.6002,0.0,0.0,0.0,0.0002,0.0,0.0002,0.3994,0.6002,0.0,0.0
CT002023,Zone_02,Zone_02,0.9965,0.0035,0.9965,0.0,0.0,0.0,0.0,0.0,0.0,0.0,0.0
CT005972,Zone_02,Zone_02,1.0,0.0,1.0,0.0,0.0,0.0,0.0,0.0,0.0,0.0,0.0
CT006911,Zone_07,Zone_07,0.9793,0.0,0.0,0.0,0.0028,0.0,0.0049,0.9793,0.0129,0.0,0.0
CT011320,Zone_04,Zone_04,0.9861,0.0001,0.0001,0.0005,0.9861,0.0001,0.0004,0.0057,0.007,0.0,0.0
CT003689,Zone_08,Zone_08,0.6907,0.0,0.0,0.0,0.0001,0.0,0.0007,0.3085,0.6907,0.0,0.0
CT019772,Zone_02,Zone_02,1.0,0.0,1.0,0.0,0.0,0.0,0.0,0.0,0.0,0.0,0.0
CT010250,Zone_10,Zone_10,1.0,0.0,0.0,0.0,0.0,0.0,0.0,0.0,0.0,0.0,1.0
CT010602,Zone_07,Zone_07,0.9657,0.0,0.0,0.0,0.0036,0.0,0.0104,0.9657,0.0202,0.0,0.0001
CT003667,Zone_01,Zone_01,1.0,1.0,0.0,0.0,0.0,0.0,0.0,0.0,0.0,0.0,0.0
CT018941,Zone_05,Zone_05,1.0,0.0,0.0,0.0,0.0,1.0,0.0,0.0,0.0,0.0,0.0
CT016730,Zone_07,Zone_07,0.9623,0.0,0.0,0.0,0.0123,0.0,0.0036,0.9623,0.0219,0.0,0.0
CT013433,Zone_04,Zone_04,0.9936,0.0,0.0,0.0001,0.9936,0.0,0.0,0.0042,0.002,0.0,0.0
CT011475,Zone_02,Zone_02,1.0,0.0,1.0,0.0,0.0,0.0,0.0,0.0,0.0,0.0,0.0
CT014092,Zone_07,Zone_07,0.7843,0.0,0.0,0.0001,0.0003,0.0008,0.0001,0.7843,0.2143,0.0,0.0001
CT017296,Zone_10,Zone_10,1.0,0.0,0.0,0.0,0.0,0.0,0.0,0.0,0.0,0.0,1.0
CT019746,Zone_08,Zone_08,0.6938,0.0,0.0,0.0,0.0001,0.0,0.0007,0.3054,0.6938,0.0,0.0
CT019742,Zone_07,Zone_07,0.951,0.0,0.0,0.0,0.0035,0.0,0.0029,0.951,0.0425,0.0,0.0
CT017035,Zone_04,Zone_04,0.986,0.0,0.0,0.0,0.986,0.0,0.0,0.0096,0.0043,0.0,0.0
CT017985,Zone_07,Zone_08,0.6952,0.0,0.0,0.0,0.0001,0.0,0.0007,0.3039,0.6952,0.0,0.0
CT000902,Zone_04,Zone_04,0.9712,0.0001,0.0001,0.0003,0.9712,0.0001,0.0005,0.0173,0.0104,0.0,0.0
CT015889,Zone_10,Zone_10,1.0,0.0,0.0,0.0,0.0,0.0,0.0,0.0,0.0,0.0,1.0
CT009121,Zone_08,Zone_08,0.7107,0.0,0.0,0.0,0.0001,0.0,0.0006,0.2887,0.7107,0.0,0.0
CT015019,Zone_02,Zone_02,0.9952,0.0,0.9952,0.0048,0.0,0.0,0.0,0.0,0.0,0.0,0.0
CT000959,Zone_08,Zone_08,0.9654,0.0,0.0,0.0001,0.0001,0.0009,0.0,0.0335,0.9654,0.0,0.0
CT015715,Zone_07,Zone_08,0.7064,0.0,0.0,0.0,0.0001,0.0,0.0007,0.2928,0.7064,0.0,0.0
CT011272,Zone_04,Zone_04,0.9897,0.0,0.0,0.0,0.9897,0.0,0.0,0.0035,0.0067,0.0,0.0
CT003544,Zone_01,Zone_01,1.0,1.0,0.0,0.0,0.0,0.0,0.0,0.0,0.0,0.0,0.0
CT005647,Zone_08,Zone_08,0.5757,0.0,0.0002,0.0,0.0041,0.0,0.0002,0.4198,0.5757,0.0,0.0
CT002735,Zone_04,Zone_04,0.9999,0.0,0.0,0.0,0.9999,0.0,0.0001,0.0,0.0,0.0,0.0
CT007999,Zone_04,Zone_04,0.9825,0.0062,0.0001,0.001,0.9825,0.0001,0.0002,0.0029,0.0071,0.0,0.0
CT016570,Zone_02,Zone_02,0.9854,0.0,0.9854,0.0046,0.01,0.0,0.0,0.0,0.0,0.0,0.0
CT017223,Zone_04,Zone_04,0.9863,0.006,0.0001,0.0009,0.9863,0.0001,0.0002,0.0001,0.0063,0.0,0.0
CT016269,Zone_07,Zone_07,0.975,0.0,0.0,0.0,0.006,0.0004,0.0017,0.975,0.0169,0.0,0.0
CT015275,Zone_08,Zone_08,0.7655,0.0,0.0,0.0,0.0019,0.0,0.0036,0.229,0.7655,0.0,0.0
CT009516,Zone_10,Zone_10,1.0,0.0,0.0,0.0,0.0,0.0,0.0,0.0,0.0,0.0,1.0
CT004908,Zone_03,Zone_03,0.99,0.0,0.01,0.99,0.0,0.0,0.0,0.0,0.0,0.0,0.0
CT017372,Zone_08,Zone_08,0.9739,0.0,0.0,0.0001,0.0009,0.0006,0.0,0.0246,0.9739,0.0,0.0
CT011372,Zone_08,Zone_08,0.9826,0.0,0.0001,0.0,0.0037,0.0006,0.0,0.013,0.9826,0.0,0.0
CT017441,Zone_02,Zone_02,0.9954,0.0,0.9954,0.0046,0.0,0.0,0.0,0.0,0.0,0.0,0.0
CT019729,Zone_02,Zone_02,1.0,0.0,1.0,0.0,0.0,0.0,0.0,0.0,0.0,0.0,0.0
CT000450,Zone_08,Zone_08,0.7185,0.0,0.0,0.0,0.0013,0.0,0.0002,0.28,0.7185,0.0,0.0
CT011216,Zone_03,Zone_03,1.0,0.0,0.0,1.0,0.0,0.0,0.0,0.0,0.0,0.0,0.0
CT015149,Zone_04,Zone_04,0.99,0.0,0.0,0.0001,0.99,0.0,0.0,0.0084,0.0015,0.0,0.0
CT006728,Zone_04,Zone_04,0.9999,0.0,0.0,0.0,0.9999,0.0,0.0001,0.0,0.0,0.0,0.0
CT017680,Zone_07,Zone_07,0.7978,0.0,0.0,0.0001,0.0143,0.0007,0.0005,0.7978,0.1865,0.0,0.0001
CT013533,Zone_01,Zone_01,1.0,1.0,0.0,0.0,0.0,0.0,0.0,0.0,0.0,0.0,0.0
CT012449,Zone_07,Zone_07,0.9688,0.0,0.0,0.0,0.0047,0.0,0.0037,0.9688,0.0227,0.0,0.0001
CT018882,Zone_08,Zone_08,0.7004,0.0,0.0,0.0,0.0001,0.0,0.0002,0.2992,0.7004,0.0,0.0
CT019070,Zone_07,Zone_07,0.7892,0.0,0.0,0.0001,0.0238,0.0005,0.0005,0.7892,0.1858,0.0,0.0001
CT018079,Zone_01,Zone_01,1.0,1.0,0.0,0.0,0.0,0.0,0.0,0.0,0.0,0.0,0.0
CT019766,Zone_06,Zone_06,0.9909,0.0,0.0,0.0,0.0018,0.0,0.9909,0.0034,0.0038,0.0,0.0
CT008922,Zone_07,Zone_07,0.9706,0.0,0.0,0.0,0.0074,0.0,0.0042,0.9706,0.0177,0.0,0.0
CT007617,Zone_04,Zone_04,0.9944,0.0,0.0,0.0,0.9944,0.0,0.0001,0.0048,0.0008,0.0,0.0
CT006273,Zone_08,Zone_08,0.6853,0.0,0.0,0.0,0.0001,0.0003,0.0006,0.3137,0.6853,0.0,0.0
CT009985,Zone_07,Zone_08,0.538,0.0,0.0,0.0,0.0041,0.0,0.0002,0.4577,0.538,0.0,0.0
CT006632,Zone_02,Zone_02,1.0,0.0,1.0,0.0,0.0,0.0,0.0,0.0,0.0,0.0,0.0
CT002168,Zone_08,Zone_08,0.9814,0.0,0.0,0.0,0.0038,0.0001,0.0003,0.0145,0.9814,0.0,0.0
CT008155,Zone_08,Zone_08,0.6994,0.0,0.0,0.0,0.0001,0.0,0.0003,0.3002,0.6994,0.0,0.0
CT015483,Zone_07,Zone_08,0.6546,0.0,0.0,0.0,0.0001,0.0,0.0003,0.345,0.6546,0.0,0.0
CT000850,Zone_10,Zone_10,1.0,0.0,0.0,0.0,0.0,0.0,0.0,0.0,0.0,0.0,1.0
CT000458,Zone_08,Zone_08,0.9694,0.0,0.0001,0.0001,0.0038,0.0002,0.0003,0.0262,0.9694,0.0,0.0
CT007421,Zone_03,Zone_03,1.0,0.0,0.0,1.0,0.0,0.0,0.0,0.0,0.0,0.0,0.0
CT016973,Zone_06,Zone_06,0.9943,0.0,0.0,0.0,0.0,0.0,0.9943,0.0057,0.0,0.0,0.0
CT012113,Zone_07,Zone_08,0.6878,0.0,0.0,0.0,0.0001,0.0,0.0007,0.3113,0.6878,0.0,0.0
CT011880,Zone_08,Zone_08,0.7604,0.0,0.0,0.0,0.0001,0.0,0.0002,0.2392,0.7604,0.0,0.0
CT012505,Zone_07,Zone_07,0.705,0.0,0.0,0.0001,0.028,0.0003,0.0004,0.705,0.2661,0.0,0.0001
CT019292,Zone_07,Zone_07,0.8968,0.0,0.0,0.0,0.0034,0.0001,0.0783,0.8968,0.0126,0.0089,0.0
CT011487,Zone_10,Zone_10,1.0,0.0,0.0,0.0,0.0,0.0,0.0,0.0,0.0,0.0,1.0
CT010878,Zone_08,Zone_08,0.9783,0.0,0.0001,0.0,0.0085,0.0001,0.0003,0.0127,0.9783,0.0,0.0
CT005128,Zone_01,Zone_01,1.0,1.0,0.0,0.0,0.0,0.0,0.0,0.0,0.0,0.0,0.0
CT012832,Zone_07,Zone_07,0.7837,0.0,0.0,0.0001,0.0278,0.0011,0.0004,0.7837,0.1869,0.0,0.0
CT017977,Zone_08,Zone_08,0.7322,0.0,0.0,0.0,0.0001,0.0,0.0002,0.2675,0.7322,0.0,0.0
CT004021,Zone_01,Zone_01,1.0,1.0,0.0,0.0,0.0,0.0,0.0,0.0,0.0,0.0,0.0
CT012065,Zone_04,Zone_04,0.9849,0.0,0.0,0.0001,0.9849,0.0,0.0,0.0071,0.0079,0.0,0.0
CT004424,Zone_01,Zone_01,1.0,1.0,0.0,0.0,0.0,0.0,0.0,0.0,0.0,0.0,0.0
CT007170,Zone_02,Zone_02,0.9944,0.0,0.9944,0.0056,0.0,0.0,0.0,0.0,0.0,0.0,0.0
CT011526,Zone_07,Zone_07,0.9771,0.0,0.0,0.0,0.0001,0.0,0.0063,0.9771,0.0164,0.0,0.0001
CT015318,Zone_02,Zone_02,1.0,0.0,1.0,0.0,0.0,0.0,0.0,0.0,0.0,0.0,0.0
CT006595,Zone_09,Zone_09,0.9989,0.0,0.0,0.0,0.0,0.0,0.0,0.0011,0.0,0.9989,0.0
CT003105,Zone_08,Zone_08,0.6568,0.0,0.0,0.0,0.0005,0.0,0.0002,0.3425,0.6568,0.0,0.0
CT001057,Zone_06,Zone_06,0.9988,0.0,0.0,0.0,0.0,0.0,0.9988,0.0012,0.0,0.0,0.0
CT001477,Zone_08,Zone_08,0.9831,0.0,0.0001,0.0,0.004,0.0001,0.0003,0.0124,0.9831,0.0,0.0
CT010379,Zone_07,Zone_07,0.782,0.0,0.0,0.0001,0.0252,0.0009,0.0005,0.782,0.1912,0.0,0.0001
CT015969,Zone_02,Zone_02,0.9871,0.0,0.9871,0.0129,0.0,0.0,0.0,0.0,0.0,0.0,0.0
CT019769,Zone_07,Zone_07,0.9508,0.0,0.0,0.0,0.0065,0.0,0.0035,0.9508,0.039,0.0,0.0001
CT003337,Zone_07,Zone_07,0.7426,0.0,0.0,0.0004,0.0215,0.0012,0.0003,0.7426,0.2339,0.0,0.0001
CT013294,Zone_01,Zone_01,1.0,1.0,0.0,0.0,0.0,0.0,0.0,0.0,0.0,0.0,0.0
CT000844,Zone_08,Zone_08,0.9765,0.0,0.0001,0.0001,0.0038,0.0002,0.0003,0.0191,0.9765,0.0,0.0
CT009092,Zone_07,Zone_07,0.8018,0.0,0.0,0.0,0.0182,0.0079,0.0005,0.8018,0.1715,0.0,0.0001
CT018309,Zone_08,Zone_08,0.9865,0.0,0.0001,0.0,0.0038,0.0006,0.0,0.009,0.9865,0.0,0.0
CT005936,Zone_07,Zone_07,0.795,0.0,0.0,0.0001,0.0181,0.0079,0.0004,0.795,0.1775,0.0,0.001
CT000108,Zone_04,Zone_04,0.9917,0.0,0.0,0.0,0.9917,0.0,0.0035,0.0009,0.0038,0.0,0.0
CT011298,Zone_07,Zone_07,0.8748,0.0,0.0,0.0,0.0039,0.0,0.1137,0.8748,0.0076,0.0,0.0
CT000878,Zone_04,Zone_04,0.9904,0.0,0.0,0.0001,0.9904,0.0,0.0,0.0086,0.0009,0.0,0.0
CT015809,Zone_02,Zone_02,0.9928,0.0072,0.9928,0.0,0.0,0.0,0.0,0.0,0.0,0.0,0.0
CT000909,Zone_04,Zone_04,0.9827,0.0,0.0001,0.0002,0.9827,0.0001,0.0,0.0101,0.0069,0.0,0.0
CT013961,Zone_06,Zone_06,0.9918,0.0,0.0,0.0,0.0018,0.0,0.9918,0.0025,0.0038,0.0,0.0
CT003670,Zone_08,Zone_07,0.7923,0.0,0.0,0.0004,0.0288,0.0005,0.0005,0.7923,0.1765,0.0,0.001
CT000413,Zone_03,Zone_03,1.0,0.0,0.0,1.0,0.0,0.0,0.0,0.0,0.0,0.0,0.0
CT011477,Zone_03,Zone_03,0.9956,0.0,0.0044,0.9956,0.0,0.0,0.0,0.0,0.0,0.0,0.0
CT006030,Zone_01,Zone_01,1.0,1.0,0.0,0.0,0.0,0.0,0.0,0.0,0.0,0.0,0.0
CT016727,Zone_06,Zone_06,0.9984,0.0,0.0,0.0,0.0,0.0,0.9984,0.0016,0.0,0.0,0.0
CT009721,Zone_08,Zone_08,0.6938,0.0,0.0,0.0,0.0001,0.0,0.0007,0.3053,0.6938,0.0,0.0
CT017975,Zone_06,Zone_06,0.9924,0.0,0.0,0.0,0.0,0.0,0.9924,0.007,0.0007,0.0,0.0
CT001837,Zone_02,Zone_02,0.99,0.0,0.99,0.0,0.01,0.0,0.0,0.0,0.0,0.0,0.0
CT006709,Zone_07,Zone_08,0.6824,0.0,0.0,0.0,0.0001,0.0003,0.0002,0.3169,0.6824,0.0,0.0
CT014477,Zone_08,Zone_08,0.9769,0.0,0.0,0.0003,0.0001,0.0014,0.0,0.0214,0.9769,0.0,0.0
CT014009,Zone_10,Zone_10,1.0,0.0,0.0,0.0,0.0,0.0,0.0,0.0,0.0,0.0,1.0
CT006589,Zone_07,Zone_07,0.7418,0.0,0.0,0.0,0.0001,0.0,0.2457,0.7418,0.007,0.0,0.0055
CT018973,Zone_03,Zone_03,1.0,0.0,0.0,1.0,0.0,0.0,0.0,0.0,0.0,0.0,0.0
CT014074,Zone_07,Zone_07,0.7446,0.0,0.0,0.0001,0.0189,0.0081,0.0005,0.7446,0.2277,0.0,0.0001
CT013415,Zone_04,Zone_04,0.9585,0.0,0.0,0.0,0.9585,0.0001,0.0003,0.0324,0.0088,0.0,0.0
CT013445,Zone_08,Zone_08,0.9743,0.0,0.0001,0.0003,0.0101,0.0001,0.0003,0.0148,0.9743,0.0,0.0
CT017387,Zone_07,Zone_07,0.9642,0.0,0.0,0.0,0.0047,0.0,0.0021,0.9642,0.0289,0.0,0.0001
CT003559,Zone_08,Zone_08,0.7188,0.0,0.0,0.0,0.0001,0.0,0.0007,0.2804,0.7188,0.0,0.0
CT000203,Zone_07,Zone_07,0.785,0.0,0.0,0.0004,0.0238,0.0006,0.0003,0.785,0.1898,0.0,0.0001
CT019211,Zone_07,Zone_07,0.9767,0.0,0.0,0.0,0.0,0.0004,0.0023,0.9767,0.0152,0.0,0.0053
CT009621,Zone_03,Zone_03,0.9978,0.0,0.0001,0.9978,0.0022,0.0,0.0,0.0,0.0,0.0,0.0
CT015768,Zone_07,Zone_07,0.9158,0.0,0.0,0.0,0.0035,0.0,0.073,0.9158,0.0077,0.0,0.0
CT014520,Zone_08,Zone_08,0.7214,0.0,0.0,0.0,0.0019,0.0,0.0036,0.273,0.7214,0.0,0.0
CT003684,Zone_08,Zone_08,0.975,0.0,0.0001,0.0,0.0038,0.0001,0.0,0.021,0.975,0.0,0.0
CT016558,Zone_07,Zone_07,0.8056,0.0,0.0,0.0001,0.0262,0.0004,0.0002,0.8056,0.1675,0.0,0.0001
CT014901,Zone_07,Zone_07,0.8201,0.0,0.0,0.0,0.0035,0.0001,0.172,0.8201,0.0012,0.0,0.0032
CT003830,Zone_08,Zone_08,0.6932,0.0,0.0,0.0,0.0001,0.0,0.0007,0.306,0.6932,0.0,0.0
CT014427,Zone_03,Zone_03,0.9912,0.0,0.0065,0.9912,0.0024,0.0,0.0,0.0,0.0,0.0,0.0
CT010350,Zone_07,Zone_07,0.8537,0.0,0.0,0.0,0.0034,0.0001,0.1408,0.8537,0.0021,0.0,0.0
CT018832,Zone_07,Zone_07,0.961,0.0,0.0002,0.0,0.0001,0.0,0.0195,0.961,0.0191,0.0,0.0001
CT005223,Zone_03,Zone_03,1.0,0.0,0.0,1.0,0.0,0.0,0.0,0.0,0.0,0.0,0.0
CT005942,Zone_08,Zone_08,0.7296,0.0,0.0,0.0,0.0001,0.0,0.0007,0.2695,0.7296,0.0,0.0
CT006678,Zone_06,Zone_06,0.9984,0.0,0.0,0.0,0.0,0.0,0.9984,0.0016,0.0,0.0,0.0
CT011365,Zone_07,Zone_08,0.7296,0.0,0.0,0.0,0.0028,0.0,0.0001,0.2675,0.7296,0.0,0.0
CT015572,Zone_10,Zone_10,1.0,0.0,0.0,0.0,0.0,0.0,0.0,0.0,0.0,0.0,1.0
CT008729,Zone_03,Zone_03,1.0,0.0,0.0,1.0,0.0,0.0,0.0,0.0,0.0,0.0,0.0
CT017114,Zone_07,Zone_07,0.9734,0.0,0.0,0.0,0.0001,0.0,0.0116,0.9734,0.0148,0.0,0.0001
CT009196,Zone_03,Zone_03,0.9952,0.0,0.0048,0.9952,0.0,0.0,0.0,0.0,0.0,0.0,0.0
CT019541,Zone_02,Zone_02,0.993,0.0,0.993,0.007,0.0,0.0,0.0,0.0,0.0,0.0,0.0
CT006376,Zone_01,Zone_01,1.0,1.0,0.0,0.0,0.0,0.0,0.0,0.0,0.0,0.0,0.0
CT009868,Zone_07,Zone_07,0.9585,0.0,0.0,0.0,0.0122,0.0,0.0044,0.9585,0.0249,0.0,0.0
CT018176,Zone_02,Zone_02,0.9952,0.0,0.9952,0.0048,0.0,0.0,0.0,0.0,0.0,0.0,0.0
CT000131,Zone_01,Zone_01,1.0,1.0,0.0,0.0,0.0,0.0,0.0,0.0,0.0,0.0,0.0
CT000231,Zone_03,Zone_03,1.0,0.0,0.0,1.0,0.0,0.0,0.0,0.0,0.0,0.0,0.0
CT010957,Zone_10,Zone_10,1.0,0.0,0.0,0.0,0.0,0.0,0.0,0.0,0.0,0.0,1.0
CT017621,Zone_02,Zone_02,0.9944,0.0,0.9944,0.0056,0.0,0.0,0.0,0.0,0.0,0.0,0.0
CT019419,Zone_04,Zone_04,0.9897,0.0,0.0,0.0001,0.9897,0.0,0.0,0.0035,0.0067,0.0,0.0
CT006272,Zone_01,Zone_01,1.0,1.0,0.0,0.0,0.0,0.0,0.0,0.0,0.0,0.0,0.0
CT013032,Zone_04,Zone_04,0.9897,0.0,0.0,0.0001,0.9897,0.0,0.0,0.0035,0.0067,0.0,0.0
CT010314,Zone_09,Zone_09,0.9987,0.0,0.0,0.0,0.0,0.0,0.0,0.0,0.0,0.9987,0.0013
CT017933,Zone_03,Zone_03,1.0,0.0,0.0,1.0,0.0,0.0,0.0,0.0,0.0,0.0,0.0
CT013585,Zone_07,Zone_07,0.816,0.0,0.0,0.0001,0.0144,0.0078,0.0003,0.816,0.1612,0.0,0.0001
CT018945,Zone_05,Zone_05,0.99,0.0,0.0,0.0,0.0,0.99,0.0,0.0081,0.0019,0.0,0.0
CT018172,Zone_07,Zone_07,0.9608,0.0,0.0,0.0,0.0035,0.0004,0.0045,0.9608,0.0277,0.0,0.003
CT000506,Zone_07,Zone_07,0.8421,0.0,0.0,0.0,0.0129,0.0,0.0443,0.8421,0.1005,0.0,0.0001
CT015332,Zone_07,Zone_08,0.6979,0.0,0.0,0.0,0.001,0.0,0.0001,0.301,0.6979,0.0,0.0
CT001971,Zone_04,Zone_04,0.9945,0.0,0.0,0.0001,0.9945,0.0,0.0,0.0045,0.0009,0.0,0.0
CT013285,Zone_10,Zone_10,1.0,0.0,0.0,0.0,0.0,0.0,0.0,0.0,0.0,0.0,1.0
CT019599,Zone_08,Zone_07,0.7701,0.0,0.0,0.0001,0.0144,0.008,0.0005,0.7701,0.2068,0.0,0.0001
CT001538,Zone_07,Zone_07,0.9731,0.0,0.0,0.0,0.0047,0.0,0.0037,0.9731,0.0184,0.0,0.0001
CT009763,Zone_08,Zone_08,0.7397,0.0,0.0,0.0,0.0001,0.0,0.0002,0.26,0.7397,0.0,0.0
CT017572,Zone_01,Zone_01,1.0,1.0,0.0,0.0,0.0,0.0,0.0,0.0,0.0,0.0,0.0
CT003353,Zone_02,Zone_02,1.0,0.0,1.0,0.0,0.0,0.0,0.0,0.0,0.0,0.0,0.0
CT018723,Zone_07,Zone_07,0.9155,0.0,0.0,0.0,0.0063,0.0001,0.0647,0.9155,0.0135,0.0,0.0
CT002032,Zone_07,Zone_07,0.8171,0.0,0.0,0.0001,0.0193,0.0003,0.0003,0.8171,0.1628,0.0,0.0001
CT009510,Zone_02,Zone_02,0.9944,0.0,0.9944,0.0056,0.0,0.0,0.0,0.0,0.0,0.0,0.0
CT014308,Zone_10,Zone_10,0.9904,0.0,0.0,0.0,0.0,0.0,0.0,0.0,0.0,0.0096,0.9904
CT003586,Zone_07,Zone_07,0.9767,0.0,0.0,0.0,0.0001,0.0,0.0064,0.9767,0.0167,0.0,0.0001
CT004769,Zone_01,Zone_01,1.0,1.0,0.0,0.0,0.0,0.0,0.0,0.0,0.0,0.0,0.0
CT002113,Zone_01,Zone_01,1.0,1.0,0.0,0.0,0.0,0.0,0.0,0.0,0.0,0.0,0.0
CT004926,Zone_04,Zone_04,0.9848,0.0,0.0,0.0001,0.9848,0.0,0.0,0.0084,0.0067,0.0,0.0
CT014947,Zone_02,Zone_02,1.0,0.0,1.0,0.0,0.0,0.0,0.0,0.0,0.0,0.0,0.0
CT018857,Zone_07,Zone_07,0.7535,0.0,0.0,0.0001,0.0143,0.0007,0.0005,0.7535,0.2308,0.0,0.0001
CT012590,Zone_07,Zone_07,0.9709,0.0,0.0,0.0,0.0047,0.0,0.0039,0.9709,0.0204,0.0,0.0001
CT018040,Zone_07,Zone_07,0.7904,0.0,0.0,0.0001,0.0224,0.0017,0.0003,0.7904,0.185,0.0,0.0
CT014349,Zone_10,Zone_10,1.0,0.0,0.0,0.0,0.0,0.0,0.0,0.0,0.0,0.0,1.0
CT003478,Zone_06,Zone_06,0.9988,0.0,0.0,0.0,0.0,0.0,0.9988,0.0012,0.0,0.0,0.0
CT001175,Zone_07,Zone_07,0.8072,0.0,0.0,0.0001,0.04,0.0005,0.0001,0.8072,0.152,0.0,0.0001
CT016173,Zone_08,Zone_08,0.9757,0.0,0.0,0.0001,0.0071,0.0001,0.0003,0.0168,0.9757,0.0,0.0
CT002894,Zone_07,Zone_08,0.7417,0.0,0.0,0.0,0.0001,0.0,0.0007,0.2575,0.7417,0.0,0.0
CT006766,Zone_08,Zone_08,0.7255,0.0,0.0002,0.0,0.0002,0.0,0.0002,0.2738,0.7255,0.0,0.0
CT019714,Zone_04,Zone_04,0.982,0.0019,0.0001,0.001,0.982,0.0001,0.0008,0.0072,0.007,0.0,0.0
CT009070,Zone_04,Zone_04,0.9896,0.0,0.0,0.0001,0.9896,0.0,0.0,0.0035,0.0067,0.0,0.0
CT018415,Zone_02,Zone_02,0.9948,0.0,0.9948,0.0052,0.0,0.0,0.0,0.0,0.0,0.0,0.0
CT003124,Zone_08,Zone_08,0.9746,0.0,0.0001,0.0001,0.0073,0.0002,0.0003,0.0176,0.9746,0.0,0.0
CT007754,Zone_07,Zone_07,0.9038,0.0,0.0,0.0,0.0035,0.0,0.0919,0.9038,0.0008,0.0,0.0
CT015637,Zone_08,Zone_08,0.6947,0.0,0.0,0.0,0.0001,0.0,0.0002,0.305,0.6947,0.0,0.0
CT019802,Zone_08,Zone_08,0.7238,0.0,0.0,0.0,0.0001,0.0,0.0007,0.2753,0.7238,0.0,0.0
CT011523,Zone_07,Zone_07,0.856,0.0,0.0,0.0,0.0051,0.0,0.1259,0.856,0.0128,0.0,0.0002
CT009105,Zone_07,Zone_08,0.6867,0.0,0.0,0.0,0.0001,0.0,0.0002,0.3129,0.6867,0.0,0.0
CT009213,Zone_03,Zone_03,0.9999,0.0,0.0001,0.9999,0.0,0.0,0.0,0.0,0.0,0.0,0.0
CT009486,Zone_04,Zone_04,0.9885,0.0,0.0001,0.0002,0.9885,0.0001,0.0,0.004,0.0071,0.0,0.0
CT011988,Zone_01,Zone_01,1.0,1.0,0.0,0.0,0.0,0.0,0.0,0.0,0.0,0.0,0.0
CT012441,Zone_07,Zone_07,0.861,0.0,0.0,0.0,0.0034,0.0001,0.122,0.861,0.0134,0.0,0.0002
CT015020,Zone_04,Zone_04,0.9978,0.0,0.0,0.0001,0.9978,0.0,0.0,0.0019,0.0002,0.0,0.0
CT009969,Zone_01,Zone_01,1.0,1.0,0.0,0.0,0.0,0.0,0.0,0.0,0.0,0.0,0.0
CT014240,Zone_02,Zone_02,0.9948,0.0,0.9948,0.0052,0.0,0.0,0.0,0.0,0.0,0.0,0.0
CT011158,Zone_07,Zone_07,0.7959,0.0,0.0,0.0,0.0034,0.0001,0.1937,0.7959,0.0014,0.0,0.0055
CT012167,Zone_08,Zone_08,0.9775,0.0,0.0001,0.0001,0.0038,0.0002,0.0,0.0183,0.9775,0.0,0.0
CT000660,Zone_05,Zone_05,0.9992,0.0,0.0,0.0,0.0,0.9992,0.0,0.0,0.0008,0.0,0.0
CT002369,Zone_05,Zone_05,1.0,0.0,0.0,0.0,0.0,1.0,0.0,0.0,0.0,0.0,0.0
CT017086,Zone_05,Zone_05,0.976,0.0,0.0,0.0,0.0235,0.976,0.0,0.0,0.0005,0.0,0.0
CT001661,Zone_03,Zone_03,0.9926,0.0,0.0074,0.9926,0.0,0.0,0.0,0.0,0.0,0.0,0.0
CT014557,Zone_02,Zone_02,1.0,0.0,1.0,0.0,0.0,0.0,0.0,0.0,0.0,0.0,0.0
CT008914,Zone_08,Zone_08,0.9828,0.0,0.0001,0.0,0.0038,0.0001,0.0003,0.0129,0.9828,0.0,0.0
CT014438,Zone_08,Zone_08,0.6416,0.0,0.0,0.0,0.0001,0.0,0.0008,0.3574,0.6416,0.0,0.0
CT006585,Zone_08,Zone_08,0.979,0.0,0.0001,0.0001,0.004,0.0002,0.0003,0.0163,0.979,0.0,0.0
CT015952,Zone_01,Zone_01,1.0,1.0,0.0,0.0,0.0,0.0,0.0,0.0,0.0,0.0,0.0
CT010397,Zone_02,Zone_02,1.0,0.0,1.0,0.0,0.0,0.0,0.0,0.0,0.0,0.0,0.0
CT009786,Zone_08,Zone_08,0.7603,0.0,0.0,0.0,0.0001,0.0,0.0002,0.2394,0.7603,0.0,0.0
CT015355,Zone_03,Zone_03,0.9999,0.0,0.0001,0.9999,0.0,0.0,0.0,0.0,0.0,0.0,0.0
CT014779,Zone_06,Zone_06,0.9975,0.0,0.0,0.0,0.0,0.0,0.9975,0.0025,0.0,0.0,0.0
CT007010,Zone_07,Zone_07,0.7665,0.0,0.0,0.0001,0.0172,0.0003,0.0006,0.7665,0.2153,0.0,0.0001
CT000935,Zone_07,Zone_07,0.9725,0.0,0.0,0.0,0.0001,0.0005,0.0055,0.9725,0.0213,0.0,0.0001
CT009315,Zone_01,Zone_01,1.0,1.0,0.0,0.0,0.0,0.0,0.0,0.0,0.0,0.0,0.0
CT000672,Zone_07,Zone_07,0.7868,0.0,0.0,0.0001,0.0182,0.0081,0.0005,0.7868,0.1862,0.0,0.0001
CT005093,Zone_04,Zone_04,0.99,0.0,0.0,0.0001,0.99,0.0,0.0,0.0091,0.0008,0.0,0.0
CT005825,Zone_05,Zone_05,0.99,0.0,0.0,0.0,0.01,0.99,0.0,0.0,0.0,0.0,0.0
CT016209,Zone_07,Zone_08,0.7577,0.0,0.0,0.0,0.0001,0.0,0.0007,0.2415,0.7577,0.0,0.0
CT008799,Zone_03,Zone_03,1.0,0.0,0.0,1.0,0.0,0.0,0.0,0.0,0.0,0.0,0.0
CT014280,Zone_08,Zone_08,0.98,0.0,0.0001,0.0,0.0039,0.0001,0.0003,0.0157,0.98,0.0,0.0
CT011090,Zone_08,Zone_08,0.6546,0.0,0.0,0.0,0.0001,0.0,0.0003,0.345,0.6546,0.0,0.0
CT009745,Zone_07,Zone_07,0.9612,0.0,0.0,0.0,0.0076,0.0005,0.0093,0.9612,0.0213,0.0,0.0001
CT000880,Zone_07,Zone_08,0.6764,0.0,0.0,0.0,0.0001,0.0,0.0007,0.3227,0.6764,0.0,0.0
CT000492,Zone_07,Zone_08,0.5498,0.0,0.0,0.0,0.0002,0.0,0.0002,0.4498,0.5498,0.0,0.0
CT004232,Zone_02,Zone_02,1.0,0.0,1.0,0.0,0.0,0.0,0.0,0.0,0.0,0.0,0.0
CT013753,Zone_06,Zone_06,0.9924,0.0,0.0,0.0,0.0,0.0,0.9924,0.0073,0.0003,0.0,0.0
CT002636,Zone_08,Zone_08,0.981,0.0,0.0001,0.0001,0.004,0.0006,0.0,0.0142,0.981,0.0,0.0
CT000983,Zone_07,Zone_07,0.9794,0.0,0.0,0.0,0.0011,0.0,0.004,0.9794,0.0155,0.0,0.0001
CT011627,Zone_01,Zone_01,1.0,1.0,0.0,0.0,0.0,0.0,0.0,0.0,0.0,0.0,0.0
CT002498,Zone_01,Zone_01,1.0,1.0,0.0,0.0,0.0,0.0,0.0,0.0,0.0,0.0,0.0
CT003560,Zone_08,Zone_07,0.768,0.0,0.0,0.0001,0.0272,0.0003,0.0003,0.768,0.2029,0.0,0.001
CT017795,Zone_08,Zone_08,0.662,0.0,0.0,0.0,0.0001,0.0,0.0007,0.337,0.662,0.0,0.0
CT006943,Zone_07,Zone_07,0.7543,0.0,0.0,0.0,0.0201,0.0004,0.0003,0.7543,0.2238,0.0,0.001
CT000679,Zone_03,Zone_03,0.9893,0.0,0.0107,0.9893,0.0,0.0,0.0,0.0,0.0,0.0,0.0
CT011767,Zone_07,Zone_08,0.602,0.0,0.0,0.0,0.004,0.0,0.0016,0.3923,0.602,0.0,0.0
CT001081,Zone_04,Zone_04,0.9699,0.0001,0.0001,0.0044,0.9699,0.0001,0.0004,0.0167,0.0082,0.0,0.0
CT008974,Zone_02,Zone_02,1.0,0.0,1.0,0.0,0.0,0.0,0.0,0.0,0.0,0.0,0.0
CT004965,Zone_04,Zone_04,0.9884,0.0,0.0001,0.0003,0.9884,0.0001,0.0,0.004,0.0072,0.0,0.0
CT002338,Zone_05,Zone_05,1.0,0.0,0.0,0.0,0.0,1.0,0.0,0.0,0.0,0.0,0.0
CT010175,Zone_01,Zone_01,1.0,1.0,0.0,0.0,0.0,0.0,0.0,0.0,0.0,0.0,0.0
CT003111,Zone_04,Zone_04,0.9944,0.0,0.0,0.0,0.9944,0.0,0.0001,0.0048,0.0008,0.0,0.0
CT016461,Zone_04,Zone_04,0.9562,0.0,0.0,0.0002,0.9562,0.0001,0.0009,0.0328,0.0098,0.0,0.0
CT012844,Zone_01,Zone_01,1.0,1.0,0.0,0.0,0.0,0.0,0.0,0.0,0.0,0.0,0.0
CT003410,Zone_03,Zone_03,1.0,0.0,0.0,1.0,0.0,0.0,0.0,0.0,0.0,0.0,0.0
CT007834,Zone_07,Zone_08,0.7916,0.0,0.0,0.0,0.0019,0.0,0.0036,0.203,0.7916,0.0,0.0
CT014286,Zone_03,Zone_03,0.9956,0.0,0.0044,0.9956,0.0,0.0,0.0,0.0,0.0,0.0,0.0
CT019612,Zone_07,Zone_07,0.9735,0.0,0.0,0.0,0.0,0.0,0.0037,0.9735,0.0227,0.0,0.0
CT014305,Zone_10,Zone_10,1.0,0.0,0.0,0.0,0.0,0.0,0.0,0.0,0.0,0.0,1.0
CT003385,Zone_01,Zone_01,1.0,1.0,0.0,0.0,0.0,0.0,0.0,0.0,0.0,0.0,0.0
CT019244,Zone_07,Zone_07,0.9543,0.0,0.0,0.0,0.0061,0.0,0.0085,0.9543,0.031,0.0,0.0001
CT016500,Zone_04,Zone_04,0.9806,0.0009,0.0001,0.0009,0.9806,0.0001,0.0002,0.0098,0.0073,0.0,0.0
CT005770,Zone_07,Zone_07,0.9812,0.0,0.0,0.0,0.0001,0.0,0.0049,0.9812,0.0139,0.0,0.0
CT006311,Zone_03,Zone_03,1.0,0.0,0.0,1.0,0.0,0.0,0.0,0.0,0.0,0.0,0.0
CT006631,Zone_07,Zone_08,0.6683,0.0,0.0,0.0,0.0001,0.0,0.0007,0.331,0.6683,0.0,0.0
CT014224,Zone_10,Zone_10,1.0,0.0,0.0,0.0,0.0,0.0,0.0,0.0,0.0,0.0,1.0
CT006479,Zone_04,Zone_04,0.9861,0.0001,0.0001,0.007,0.9861,0.0001,0.0002,0.0001,0.0063,0.0,0.0
CT012861,Zone_07,Zone_07,0.8132,0.0,0.0,0.0,0.0203,0.0081,0.0004,0.8132,0.1579,0.0,0.0001
CT007324,Zone_10,Zone_10,1.0,0.0,0.0,0.0,0.0,0.0,0.0,0.0,0.0,0.0,1.0
CT004164,Zone_05,Zone_05,1.0,0.0,0.0,0.0,0.0,1.0,0.0,0.0,0.0,0.0,0.0
CT009526,Zone_07,Zone_07,0.7736,0.0,0.0,0.0001,0.0271,0.0075,0.001,0.7736,0.1906,0.0,0.0001
CT016947,Zone_06,Zone_06,0.9975,0.0,0.0,0.0,0.0,0.0,0.9975,0.0025,0.0,0.0,0.0
CT017124,Zone_10,Zone_10,1.0,0.0,0.0,0.0,0.0,0.0,0.0,0.0,0.0,0.0,1.0
CT019690,Zone_08,Zone_08,0.98,0.0,0.0001,0.0001,0.0038,0.0002,0.0003,0.0156,0.98,0.0,0.0
CT014508,Zone_02,Zone_02,1.0,0.0,1.0,0.0,0.0,0.0,0.0,0.0,0.0,0.0,0.0
CT004472,Zone_04,Zone_04,0.9853,0.0,0.0,0.0,0.9853,0.0,0.0001,0.0115,0.0031,0.0,0.0
CT014473,Zone_03,Zone_03,0.9956,0.0,0.0044,0.9956,0.0,0.0,0.0,0.0,0.0,0.0,0.0
CT003954,Zone_08,Zone_08,0.71,0.0,0.0,0.0,0.0001,0.0,0.0002,0.2897,0.71,0.0,0.0
CT003832,Zone_07,Zone_08,0.6404,0.0,0.0,0.0,0.0001,0.0,0.0007,0.3587,0.6404,0.0,0.0
CT019581,Zone_01,Zone_01,1.0,1.0,0.0,0.0,0.0,0.0,0.0,0.0,0.0,0.0,0.0
CT000595,Zone_02,Zone_02,0.9952,0.0,0.9952,0.0048,0.0,0.0,0.0,0.0,0.0,0.0,0.0
CT001586,Zone_10,Zone_10,0.993,0.0,0.0,0.0,0.0,0.0,0.0021,0.0049,0.0,0.0,0.993
CT008849,Zone_07,Zone_07,0.974,0.0,0.0,0.0,0.0011,0.0,0.0023,0.974,0.0225,0.0,0.0001
CT018566,Zone_07,Zone_08,0.5954,0.0,0.0,0.0,0.0045,0.0,0.0002,0.4,0.5954,0.0,0.0
CT007235,Zone_08,Zone_08,0.6353,0.0,0.0,0.0,0.0038,0.0,0.0003,0.3606,0.6353,0.0,0.0
CT002999,Zone_10,Zone_10,0.993,0.0,0.0,0.0,0.0,0.0,0.0021,0.0049,0.0,0.0,0.993
CT010792,Zone_07,Zone_07,0.9478,0.0,0.0,0.0,0.0001,0.0,0.0174,0.9478,0.0345,0.0,0.0001
CT015872,Zone_10,Zone_10,1.0,0.0,0.0,0.0,0.0,0.0,0.0,0.0,0.0,0.0,1.0
CT008488,Zone_02,Zone_02,0.983,0.0,0.983,0.017,0.0,0.0,0.0,0.0,0.0,0.0,0.0
CT016060,Zone_08,Zone_08,0.9829,0.0,0.0001,0.0,0.004,0.0006,0.0,0.0124,0.9829,0.0,0.0
CT013929,Zone_07,Zone_08,0.6353,0.0,0.0,0.0,0.0001,0.0,0.0007,0.3638,0.6353,0.0,0.0
CT014966,Zone_08,Zone_08,0.7033,0.0,0.0,0.0,0.0001,0.0,0.0008,0.2957,0.7033,0.0,0.0
CT000633,Zone_02,Zone_02,1.0,0.0,1.0,0.0,0.0,0.0,0.0,0.0,0.0,0.0,0.0
CT019291,Zone_02,Zone_02,0.9965,0.0035,0.9965,0.0,0.0,0.0,0.0,0.0,0.0,0.0,0.0
CT015071,Zone_02,Zone_02,0.9952,0.0,0.9952,0.0048,0.0,0.0,0.0,0.0,0.0,0.0,0.0
CT017340,Zone_03,Zone_03,0.9952,0.0,0.0048,0.9952,0.0,0.0,0.0,0.0,0.0,0.0,0.0
CT018421,Zone_06,Zone_06,0.9956,0.0,0.0,0.0,0.0,0.0,0.9956,0.0043,0.0,0.0,0.0
CT016335,Zone_07,Zone_07,0.8963,0.0,0.0,0.0,0.0011,0.0,0.0208,0.8963,0.0817,0.0,0.0001
CT009391,Zone_08,Zone_08,0.722,0.0,0.0,0.0,0.0001,0.0,0.0002,0.2777,0.722,0.0,0.0
CT005031,Zone_02,Zone_02,1.0,0.0,1.0,0.0,0.0,0.0,0.0,0.0,0.0,0.0,0.0
CT003662,Zone_06,Zone_06,0.9984,0.0,0.0,0.0,0.0,0.0,0.9984,0.0016,0.0,0.0,0.0
CT000080,Zone_07,Zone_07,0.9544,0.0,0.0,0.0,0.0001,0.0,0.0031,0.9544,0.0423,0.0,0.0001
CT005513,Zone_08,Zone_08,0.9836,0.0,0.0001,0.0001,0.0038,0.0006,0.0,0.0117,0.9836,0.0,0.0
CT003828,Zone_04,Zone_04,0.9965,0.0,0.0,0.0001,0.9965,0.0,0.0,0.0031,0.0003,0.0,0.0
CT006081,Zone_01,Zone_01,1.0,1.0,0.0,0.0,0.0,0.0,0.0,0.0,0.0,0.0,0.0
CT016370,Zone_04,Zone_04,0.9944,0.0,0.0,0.0,0.9944,0.0,0.0001,0.0048,0.0008,0.0,0.0
CT014113,Zone_08,Zone_08,0.9722,0.0,0.0001,0.0003,0.0085,0.0001,0.001,0.0178,0.9722,0.0,0.0
CT003925,Zone_01,Zone_01,1.0,1.0,0.0,0.0,0.0,0.0,0.0,0.0,0.0,0.0,0.0
CT018540,Zone_04,Zone_04,0.9779,0.0001,0.0001,0.0001,0.9779,0.002,0.0002,0.0068,0.0073,0.0055,0.0
CT019500,Zone_07,Zone_07,0.9189,0.0,0.0,0.0,0.0069,0.0001,0.056,0.9189,0.0133,0.0049,0.0
CT002248,Zone_08,Zone_08,0.5892,0.0,0.0,0.0,0.0001,0.0,0.0008,0.4098,0.5892,0.0,0.0
CT006715,Zone_08,Zone_08,0.7553,0.0,0.0,0.0,0.0001,0.0,0.0007,0.2439,0.7553,0.0,0.0
CT014175,Zone_01,Zone_01,1.0,1.0,0.0,0.0,0.0,0.0,0.0,0.0,0.0,0.0,0.0
CT009301,Zone_07,Zone_07,0.9673,0.0,0.0,0.0,0.0001,0.0,0.0129,0.9673,0.0197,0.0,0.0001
CT008040,Zone_07,Zone_07,0.8264,0.0,0.0,0.0,0.0,0.0,0.1677,0.8264,0.0005,0.0,0.0053
CT017007,Zone_07,Zone_07,0.9292,0.0,0.0,0.0,0.0103,0.0004,0.009,0.9292,0.0511,0.0,0.0
CT012420,Zone_01,Zone_01,1.0,1.0,0.0,0.0,0.0,0.0,0.0,0.0,0.0,0.0,0.0
CT016181,Zone_06,Zone_06,0.9984,0.0,0.0,0.0,0.0,0.0,0.9984,0.0016,0.0,0.0,0.0
CT007175,Zone_04,Zone_04,0.9955,0.0,0.0,0.0001,0.9955,0.0,0.0,0.0035,0.0009,0.0,0.0
CT016737,Zone_08,Zone_08,0.7642,0.0,0.0,0.0,0.0001,0.0,0.0002,0.2355,0.7642,0.0,0.0
CT009634,Zone_04,Zone_04,0.9772,0.0,0.0,0.0,0.9772,0.0,0.0,0.0147,0.0081,0.0,0.0
CT014245,Zone_04,Zone_04,0.9848,0.0,0.0,0.0001,0.9848,0.0,0.0,0.0083,0.0067,0.0,0.0
CT000710,Zone_08,Zone_08,0.9837,0.0,0.0001,0.0001,0.0038,0.0006,0.0,0.0117,0.9837,0.0,0.0
CT000870,Zone_01,Zone_01,1.0,1.0,0.0,0.0,0.0,0.0,0.0,0.0,0.0,0.0,0.0
CT006696,Zone_04,Zone_04,0.9999,0.0,0.0,0.0,0.9999,0.0,0.0001,0.0,0.0,0.0,0.0
CT004804,Zone_08,Zone_08,0.9663,0.0,0.0001,0.0001,0.0038,0.0081,0.0,0.0216,0.9663,0.0,0.0
CT006299,Zone_04,Zone_04,0.9999,0.0,0.0,0.0,0.9999,0.0,0.0001,0.0,0.0,0.0,0.0
CT015789,Zone_08,Zone_08,0.9779,0.0,0.0001,0.0001,0.0038,0.0002,0.0,0.0179,0.9779,0.0,0.0
CT017294,Zone_01,Zone_01,1.0,1.0,0.0,0.0,0.0,0.0,0.0,0.0,0.0,0.0,0.0
CT016179,Zone_04,Zone_04,0.9852,0.0,0.0,0.0001,0.9852,0.0,0.0038,0.0071,0.0039,0.0,0.0
CT003183,Zone_08,Zone_08,0.9825,0.0,0.0001,0.0,0.0038,0.0001,0.0,0.0135,0.9825,0.0,0.0
CT019007,Zone_06,Zone_06,0.9924,0.0,0.0,0.0,0.0,0.0,0.9924,0.0073,0.0003,0.0,0.0
CT004560,Zone_07,Zone_08,0.6309,0.0,0.0,0.0,0.0005,0.0,0.0007,0.3679,0.6309,0.0,0.0
CT016920,Zone_03,Zone_03,0.9877,0.0,0.0055,0.9877,0.0068,0.0,0.0,0.0,0.0,0.0,0.0
CT013311,Zone_07,Zone_07,0.7855,0.0,0.0,0.0001,0.0128,0.0004,0.0003,0.7855,0.2008,0.0,0.0001
CT006160,Zone_10,Zone_10,1.0,0.0,0.0,0.0,0.0,0.0,0.0,0.0,0.0,0.0,1.0
CT015337,Zone_08,Zone_08,0.5875,0.0,0.0002,0.0,0.0003,0.0,0.0002,0.4118,0.5875,0.0,0.0
CT003326,Zone_07,Zone_07,0.8575,0.0,0.0,0.0,0.0034,0.0001,0.1377,0.8575,0.0014,0.0,0.0
CT006185,Zone_01,Zone_01,1.0,1.0,0.0,0.0,0.0,0.0,0.0,0.0,0.0,0.0,0.0
CT008840,Zone_08,Zone_08,0.7721,0.0,0.0,0.0,0.0001,0.0,0.0007,0.227,0.7721,0.0,0.0
CT012215,Zone_08,Zone_08,0.9769,0.0,0.0001,0.0001,0.0039,0.0002,0.0003,0.0186,0.9769,0.0,0.0
CT018999,Zone_07,Zone_08,0.7423,0.0,0.0,0.0,0.0001,0.0,0.0007,0.2569,0.7423,0.0,0.0
CT005260,Zone_01,Zone_01,1.0,1.0,0.0,0.0,0.0,0.0,0.0,0.0,0.0,0.0,0.0
CT018337,Zone_04,Zone_04,0.8722,0.0001,0.0001,0.0181,0.8722,0.0001,0.0076,0.0525,0.0491,0.0,0.0002
CT011398,Zone_08,Zone_08,0.7297,0.0,0.0,0.0,0.0001,0.0,0.0007,0.2694,0.7297,0.0,0.0
CT013822,Zone_06,Zone_06,0.9909,0.0,0.0,0.0,0.0018,0.0,0.9909,0.0034,0.0038,0.0,0.0
CT012567,Zone_08,Zone_08,0.9691,0.0,0.0001,0.0001,0.0107,0.0002,0.001,0.0189,0.9691,0.0,0.0
CT018106,Zone_07,Zone_08,0.6354,0.0,0.0,0.0,0.001,0.0,0.0001,0.3635,0.6354,0.0,0.0
CT011405,Zone_08,Zone_08,0.6808,0.0,0.0,0.0,0.0001,0.0,0.0006,0.3186,0.6808,0.0,0.0
CT015663,Zone_06,Zone_06,0.9862,0.0,0.0,0.0,0.0,0.0,0.9862,0.0138,0.0,0.0,0.0
CT010998,Zone_07,Zone_07,0.9741,0.0,0.0,0.0,0.0047,0.0,0.0015,0.9741,0.0196,0.0,0.0001
CT010466,Zone_07,Zone_07,0.8118,0.0,0.0,0.0,0.0036,0.0,0.1836,0.8118,0.0009,0.0,0.0002
CT013578,Zone_10,Zone_10,1.0,0.0,0.0,0.0,0.0,0.0,0.0,0.0,0.0,0.0,1.0
CT006967,Zone_07,Zone_07,0.7471,0.0,0.0,0.0,0.026,0.0076,0.0004,0.7471,0.2188,0.0,0.0001
CT010607,Zone_05,Zone_05,1.0,0.0,0.0,0.0,0.0,1.0,0.0,0.0,0.0,0.0,0.0
CT019366,Zone_07,Zone_07,0.8397,0.0,0.0,0.0,0.0001,0.0,0.1532,0.8397,0.0069,0.0,0.0002
CT007464,Zone_06,Zone_06,0.9984,0.0,0.0,0.0,0.0,0.0,0.9984,0.0016,0.0,0.0,0.0
CT006398,Zone_03,Zone_03,0.9999,0.0,0.0001,0.9999,0.0,0.0,0.0,0.0,0.0,0.0,0.0
CT017277,Zone_10,Zone_10,1.0,0.0,0.0,0.0,0.0,0.0,0.0,0.0,0.0,0.0,1.0
CT018199,Zone_07,Zone_07,0.924,0.0,0.0,0.0,0.0069,0.0001,0.0509,0.924,0.0133,0.0049,0.0
CT012748,Zone_04,Zone_04,0.9955,0.0,0.0,0.0,0.9955,0.0,0.0,0.0035,0.001,0.0,0.0
CT000149,Zone_08,Zone_08,0.9788,0.0,0.0001,0.0,0.0037,0.0001,0.0003,0.017,0.9788,0.0,0.0
CT019626,Zone_02,Zone_02,1.0,0.0,1.0,0.0,0.0,0.0,0.0,0.0,0.0,0.0,0.0
CT008011,Zone_10,Zone_10,1.0,0.0,0.0,0.0,0.0,0.0,0.0,0.0,0.0,0.0,1.0
CT015467,Zone_07,Zone_07,0.9197,0.0,0.0,0.0,0.0049,0.0,0.0628,0.9197,0.0126,0.0,0.0
CT011287,Zone_10,Zone_10,1.0,0.0,0.0,0.0,0.0,0.0,0.0,0.0,0.0,0.0,1.0
CT007189,Zone_03,Zone_03,1.0,0.0,0.0,1.0,0.0,0.0,0.0,0.0,0.0,0.0,0.0
CT010435,Zone_04,Zone_04,0.9884,0.0068,0.0,0.0,0.9884,0.0,0.0,0.0049,0.0,0.0,0.0
CT017259,Zone_04,Zone_04,0.9955,0.0,0.0,0.0001,0.9955,0.0,0.0,0.0035,0.0009,0.0,0.0
CT017613,Zone_04,Zone_04,0.9902,0.0,0.0,0.0003,0.9902,0.0,0.0,0.0085,0.001,0.0,0.0
CT010625,Zone_08,Zone_08,0.9862,0.0,0.0,0.0001,0.0001,0.0001,0.0003,0.0132,0.9862,0.0,0.0
CT008775,Zone_08,Zone_08,0.6616,0.0,0.0,0.0,0.0001,0.0,0.0003,0.3379,0.6616,0.0,0.0
CT001153,Zone_03,Zone_03,0.9999,0.0,0.0001,0.9999,0.0,0.0,0.0,0.0,0.0,0.0,0.0
CT018217,Zone_08,Zone_08,0.7638,0.0,0.0,0.0,0.0001,0.0,0.0007,0.2354,0.7638,0.0,0.0
CT004556,Zone_07,Zone_07,0.9648,0.0,0.0,0.0,0.0036,0.0,0.0092,0.9648,0.0223,0.0,0.0001
CT018715,Zone_07,Zone_07,0.518,0.0,0.0,0.0,0.0002,0.0,0.0007,0.518,0.4811,0.0,0.0
CT017330,Zone_03,Zone_03,1.0,0.0,0.0,1.0,0.0,0.0,0.0,0.0,0.0,0.0,0.0
CT002345,Zone_08,Zone_08,0.6553,0.0,0.0,0.0,0.0001,0.0,0.0007,0.3438,0.6553,0.0,0.0
CT002196,Zone_08,Zone_07,0.9814,0.0,0.0,0.0,0.0001,0.0,0.0026,0.9814,0.0158,0.0,0.0001
CT005233,Zone_08,Zone_08,0.986,0.0,0.0,0.0001,0.0001,0.0006,0.0,0.0132,0.986,0.0,0.0
CT008826,Zone_07,Zone_07,0.8685,0.0,0.0,0.0,0.0114,0.0,0.1076,0.8685,0.0124,0.0,0.0
CT018546,Zone_07,Zone_08,0.6895,0.0,0.0,0.0,0.0001,0.0,0.0007,0.3097,0.6895,0.0,0.0
CT008726,Zone_06,Zone_06,0.9984,0.0,0.0,0.0,0.0,0.0,0.9984,0.0016,0.0,0.0,0.0
CT001878,Zone_04,Zone_04,0.9961,0.0,0.0,0.0003,0.9961,0.0,0.0,0.0026,0.0011,0.0,0.0
CT012711,Zone_07,Zone_08,0.6481,0.0,0.0,0.0,0.0001,0.0,0.0002,0.3516,0.6481,0.0,0.0
CT012856,Zone_07,Zone_08,0.7197,0.0,0.0,0.0,0.0001,0.0,0.0002,0.2799,0.7197,0.0,0.0
CT012822,Zone_04,Zone_04,0.9999,0.0,0.0,0.0,0.9999,0.0,0.0001,0.0,0.0,0.0,0.0
CT001755,Zone_04,Zone_04,0.9895,0.0,0.0,0.0,0.9895,0.0,0.0,0.0077,0.0028,0.0,0.0
CT012615,Zone_03,Zone_03,0.9968,0.0,0.0,0.9968,0.0032,0.0,0.0,0.0,0.0,0.0,0.0
CT012617,Zone_07,Zone_07,0.7818,0.0,0.0,0.0001,0.0265,0.0003,0.0003,0.7818,0.1908,0.0,0.0001
CT007347,Zone_04,Zone_04,0.9945,0.0,0.0,0.0,0.9945,0.0,0.0,0.005,0.0005,0.0,0.0
CT013599,Zone_04,Zone_04,0.9945,0.0,0.0,0.0001,0.9945,0.0,0.0,0.0038,0.0016,0.0,0.0
CT015792,Zone_07,Zone_07,0.9173,0.0,0.0,0.0,0.0034,0.0001,0.0713,0.9173,0.008,0.0,0.0
CT018839,Zone_02,Zone_02,1.0,0.0,1.0,0.0,0.0,0.0,0.0,0.0,0.0,0.0,0.0
CT001932,Zone_08,Zone_08,0.7325,0.0,0.0,0.0,0.0001,0.0001,0.0006,0.2666,0.7325,0.0,0.0
CT001394,Zone_02,Zone_02,0.998,0.002,0.998,0.0,0.0,0.0,0.0,0.0,0.0,0.0,0.0
CT007076,Zone_08,Zone_08,0.9747,0.0,0.0,0.0,0.0036,0.0006,0.0,0.0211,0.9747,0.0,0.0
CT016131,Zone_02,Zone_02,1.0,0.0,1.0,0.0,0.0,0.0,0.0,0.0,0.0,0.0,0.0
CT017687,Zone_04,Zone_04,0.9762,0.0001,0.0001,0.0003,0.9762,0.0001,0.0005,0.0138,0.0089,0.0,0.0
CT005690,Zone_06,Zone_06,0.9884,0.0,0.0,0.0,0.0,0.0,0.9884,0.0116,0.0,0.0,0.0
CT014108,Zone_01,Zone_01,1.0,1.0,0.0,0.0,0.0,0.0,0.0,0.0,0.0,0.0,0.0
CT013335,Zone_08,Zone_08,0.9726,0.0,0.0001,0.0001,0.0073,0.0002,0.0003,0.0196,0.9726,0.0,0.0
CT016143,Zone_01,Zone_01,1.0,1.0,0.0,0.0,0.0,0.0,0.0,0.0,0.0,0.0,0.0
CT011875,Zone_07,Zone_07,0.815,0.0,0.0,0.0001,0.0193,0.0011,0.0005,0.815,0.1638,0.0,0.0001
CT015782,Zone_07,Zone_08,0.7173,0.0,0.0,0.0,0.0019,0.0,0.0037,0.2771,0.7173,0.0,0.0
CT005171,Zone_08,Zone_08,0.6847,0.0,0.0,0.0,0.0001,0.0,0.0008,0.3144,0.6847,0.0,0.0
CT013015,Zone_04,Zone_04,0.9801,0.0,0.0,0.0004,0.9801,0.0,0.0001,0.0165,0.003,0.0,0.0
CT009135,Zone_02,Zone_02,1.0,0.0,1.0,0.0,0.0,0.0,0.0,0.0,0.0,0.0,0.0
CT011714,Zone_04,Zone_04,0.9888,0.0,0.0,0.0,0.9888,0.0,0.0,0.0035,0.0077,0.0,0.0
CT019739,Zone_04,Zone_04,0.9866,0.0,0.0,0.0,0.9866,0.0,0.0,0.0115,0.0018,0.0,0.0
CT010826,Zone_08,Zone_08,0.7667,0.0,0.0,0.0,0.0001,0.0003,0.0007,0.232,0.7667,0.0,0.0
CT006293,Zone_06,Zone_06,0.9909,0.0,0.0,0.0,0.0018,0.0,0.9909,0.0034,0.0038,0.0,0.0
CT017518,Zone_02,Zone_02,0.9279,0.0089,0.9279,0.0241,0.0303,0.0001,0.0,0.0026,0.0061,0.0,0.0
CT009029,Zone_02,Zone_02,0.9948,0.0,0.9948,0.0052,0.0,0.0,0.0,0.0,0.0,0.0,0.0
CT007188,Zone_04,Zone_04,0.9846,0.0,0.0,0.0001,0.9846,0.0,0.0,0.01,0.0052,0.0,0.0
CT007876,Zone_03,Zone_03,0.9945,0.0,0.0055,0.9945,0.0,0.0,0.0,0.0,0.0,0.0,0.0
CT004775,Zone_02,Zone_02,1.0,0.0,1.0,0.0,0.0,0.0,0.0,0.0,0.0,0.0,0.0
CT009804,Zone_07,Zone_08,0.7369,0.0,0.0,0.0,0.0001,0.0,0.0002,0.2627,0.7369,0.0,0.0
CT018108,Zone_08,Zone_08,0.9785,0.0,0.0001,0.0001,0.0038,0.0002,0.001,0.0164,0.9785,0.0,0.0
CT005918,Zone_07,Zone_07,0.9791,0.0,0.0,0.0,0.0,0.0,0.0039,0.9791,0.0169,0.0,0.0
CT001461,Zone_07,Zone_07,0.9647,0.0,0.0,0.0,0.0036,0.0005,0.0162,0.9647,0.0149,0.0,0.0001
CT018162,Zone_07,Zone_07,0.9687,0.0,0.0,0.0,0.0001,0.0,0.0104,0.9687,0.0206,0.0,0.0001
CT007729,Zone_08,Zone_08,0.7468,0.0,0.0,0.0,0.0001,0.0,0.0002,0.2528,0.7468,0.0,0.0
CT003401,Zone_02,Zone_02,0.9948,0.0,0.9948,0.0052,0.0,0.0,0.0,0.0,0.0,0.0,0.0
CT002293,Zone_08,Zone_08,0.7237,0.0,0.0,0.0,0.0002,0.0,0.0006,0.2755,0.7237,0.0,0.0
CT017134,Zone_03,Zone_03,0.9852,0.0,0.0148,0.9852,0.0,0.0,0.0,0.0,0.0,0.0,0.0
CT015518,Zone_07,Zone_07,0.753,0.0,0.0,0.0,0.0193,0.0006,0.0001,0.753,0.227,0.0,0.0001
CT007854,Zone_08,Zone_08,0.9791,0.0,0.0001,0.0001,0.0038,0.0002,0.0003,0.0165,0.9791,0.0,0.0
CT019179,Zone_07,Zone_07,0.9587,0.0,0.0,0.0,0.0061,0.0,0.0155,0.9587,0.0196,0.0,0.0001
CT002430,Zone_07,Zone_07,0.9687,0.0,0.0,0.0,0.0071,0.0,0.0048,0.9687,0.0193,0.0,0.0001
CT001082,Zone_06,Zone_06,0.9875,0.0,0.0,0.0,0.0,0.0,0.9875,0.0125,0.0,0.0,0.0
CT010815,Zone_03,Zone_03,1.0,0.0,0.0,1.0,0.0,0.0,0.0,0.0,0.0,0.0,0.0
CT007868,Zone_01,Zone_01,1.0,1.0,0.0,0.0,0.0,0.0,0.0,0.0,0.0,0.0,0.0
CT016836,Zone_08,Zone_08,0.9795,0.0,0.0001,0.0003,0.004,0.0001,0.0003,0.0157,0.9795,0.0,0.0
CT011234,Zone_07,Zone_07,0.9149,0.0,0.0,0.0,0.0034,0.0001,0.0686,0.9149,0.013,0.0,0.0
CT014200,Zone_08,Zone_08,0.6627,0.0,0.0,0.0,0.0001,0.0,0.0002,0.3369,0.6627,0.0,0.0
CT016862,Zone_07,Zone_07,0.9087,0.0,0.0,0.0,0.0034,0.0001,0.08,0.9087,0.0076,0.0,0.0002
CT010787,Zone_08,Zone_08,0.6577,0.0,0.0,0.0,0.0001,0.0,0.0002,0.342,0.6577,0.0,0.0
CT007485,Zone_04,Zone_04,0.9999,0.0,0.0,0.0,0.9999,0.0,0.0001,0.0,0.0,0.0,0.0
CT018266,Zone_08,Zone_08,0.6528,0.0,0.0,0.0,0.0392,0.0,0.0017,0.3061,0.6528,0.0,0.0001
CT004758,Zone_10,Zone_10,1.0,0.0,0.0,0.0,0.0,0.0,0.0,0.0,0.0,0.0,1.0
CT014475,Zone_08,Zone_08,0.9843,0.0,0.0001,0.0,0.0038,0.0001,0.0003,0.0114,0.9843,0.0,0.0
CT009818,Zone_02,Zone_02,1.0,0.0,1.0,0.0,0.0,0.0,0.0,0.0,0.0,0.0,0.0
CT005617,Zone_08,Zone_08,0.9823,0.0,0.0001,0.0,0.0073,0.0001,0.0,0.0102,0.9823,0.0,0.0
CT006622,Zone_04,Zone_04,0.9999,0.0,0.0,0.0001,0.9999,0.0,0.0001,0.0,0.0,0.0,0.0
CT017041,Zone_08,Zone_08,0.9792,0.0,0.0001,0.0001,0.0038,0.0002,0.0003,0.0164,0.9792,0.0,0.0
CT017105,Zone_02,Zone_02,1.0,0.0,1.0,0.0,0.0,0.0,0.0,0.0,0.0,0.0,0.0
CT000635,Zone_02,Zone_02,1.0,0.0,1.0,0.0,0.0,0.0,0.0,0.0,0.0,0.0,0.0
CT005251,Zone_08,Zone_08,0.9648,0.0,0.0,0.0001,0.0033,0.0006,0.0,0.0312,0.9648,0.0,0.0
CT007167,Zone_07,Zone_08,0.6557,0.0,0.0,0.0,0.0001,0.0,0.0007,0.3434,0.6557,0.0,0.0
CT010911,Zone_07,Zone_08,0.7116,0.0,0.0,0.0,0.0001,0.0,0.0007,0.2875,0.7116,0.0,0.0
CT003549,Zone_03,Zone_03,1.0,0.0,0.0,1.0,0.0,0.0,0.0,0.0,0.0,0.0,0.0
CT010893,Zone_07,Zone_07,0.8225,0.0,0.0,0.0,0.007,0.0001,0.1567,0.8225,0.0136,0.0,0.0002
CT007509,Zone_08,Zone_08,0.6957,0.0,0.0,0.0,0.0001,0.0,0.0007,0.3034,0.6957,0.0,0.0
CT016140,Zone_10,Zone_10,1.0,0.0,0.0,0.0,0.0,0.0,0.0,0.0,0.0,0.0,1.0
CT019596,Zone_07,Zone_07,0.9098,0.0,0.0,0.0,0.0063,0.0001,0.0699,0.9098,0.014,0.0,0.0
CT000648,Zone_07,Zone_07,0.7566,0.0,0.0,0.0001,0.0205,0.0013,0.0008,0.7566,0.2207,0.0,0.0001
CT002824,Zone_10,Zone_10,0.9903,0.0,0.0,0.0,0.0,0.0,0.0,0.0,0.0,0.0097,0.9903
CT007843,Zone_02,Zone_02,1.0,0.0,1.0,0.0,0.0,0.0,0.0,0.0,0.0,0.0,0.0
CT006691,Zone_08,Zone_08,0.9698,0.0,0.0001,0.0001,0.0038,0.0081,0.0,0.0181,0.9698,0.0,0.0
CT004302,Zone_08,Zone_08,0.7076,0.0,0.0,0.0,0.0001,0.0,0.0002,0.2921,0.7076,0.0,0.0
CT018783,Zone_01,Zone_01,1.0,1.0,0.0,0.0,0.0,0.0,0.0,0.0,0.0,0.0,0.0
CT007675,Zone_08,Zone_08,0.9804,0.0,0.0001,0.0,0.008,0.0001,0.001,0.0104,0.9804,0.0,0.0
CT015878,Zone_09,Zone_09,0.9999,0.0,0.0,0.0,0.0,0.0,0.0,0.0,0.0,0.9999,0.0001
CT013746,Zone_06,Zone_07,0.8164,0.0,0.0,0.0,0.0001,0.0,0.1762,0.8164,0.0071,0.0,0.0002
CT002016,Zone_07,Zone_07,0.7754,0.0,0.0,0.0,0.0137,0.0004,0.0003,0.7754,0.21,0.0,0.0001
CT010884,Zone_07,Zone_07,0.8603,0.0,0.0,0.0,0.0063,0.0001,0.1195,0.8603,0.0138,0.0,0.0
CT018354,Zone_08,Zone_08,0.9783,0.0,0.0,0.0001,0.0038,0.0001,0.0003,0.0174,0.9783,0.0,0.0
CT000274,Zone_08,Zone_08,0.7624,0.0,0.0,0.0,0.0001,0.0,0.0007,0.2368,0.7624,0.0,0.0
CT000834,Zone_07,Zone_08,0.5632,0.0,0.0,0.0,0.0002,0.0003,0.0007,0.4355,0.5632,0.0,0.0
CT013441,Zone_07,Zone_07,0.9797,0.0,0.0,0.0,0.0001,0.0,0.0054,0.9797,0.0147,0.0,0.0001
CT008528,Zone_08,Zone_08,0.7627,0.0,0.0,0.0,0.0002,0.0,0.0008,0.2362,0.7627,0.0,0.0
CT002089,Zone_08,Zone_08,0.6761,0.0,0.0,0.0,0.0001,0.0,0.0007,0.323,0.6761,0.0,0.0
CT017079,Zone_07,Zone_07,0.8226,0.0,0.0,0.0,0.0035,0.0001,0.1675,0.8226,0.0062,0.0,0.0002
CT013141,Zone_08,Zone_08,0.6858,0.0,0.0,0.0,0.0001,0.0,0.0008,0.3132,0.6858,0.0,0.0
CT015863,Zone_08,Zone_08,0.9827,0.0,0.0001,0.0001,0.0038,0.0002,0.0003,0.0129,0.9827,0.0,0.0
CT017405,Zone_04,Zone_04,0.9999,0.0,0.0,0.0001,0.9999,0.0,0.0001,0.0,0.0,0.0,0.0
CT000004,Zone_07,Zone_08,0.6827,0.0,0.0,0.0,0.0001,0.0,0.0002,0.317,0.6827,0.0,0.0
CT014671,Zone_08,Zone_08,0.9713,0.0,0.0001,0.0001,0.0082,0.0002,0.0,0.0202,0.9713,0.0,0.0
CT018080,Zone_10,Zone_10,1.0,0.0,0.0,0.0,0.0,0.0,0.0,0.0,0.0,0.0,1.0
CT008997,Zone_07,Zone_07,0.8456,0.0,0.0,0.0,0.0034,0.0001,0.1372,0.8456,0.0135,0.0,0.0002
CT009484,Zone_07,Zone_08,0.6759,0.0,0.0,0.0,0.001,0.0,0.0006,0.3225,0.6759,0.0,0.0
CT007594,Zone_07,Zone_07,0.9646,0.0,0.0,0.0,0.0036,0.0005,0.0111,0.9646,0.0202,0.0,0.0001
CT001946,Zone_06,Zone_06,0.9884,0.0,0.0,0.0,0.0,0.0,0.9884,0.0113,0.0003,0.0,0.0
CT003677,Zone_04,Zone_04,0.8413,0.0,0.0063,0.0126,0.8413,0.0365,0.0001,0.0375,0.0657,0.0,0.0
CT013781,Zone_05,Zone_05,1.0,0.0,0.0,0.0,0.0,1.0,0.0,0.0,0.0,0.0,0.0
CT011573,Zone_04,Zone_04,0.9901,0.0,0.0,0.0001,0.9901,0.0,0.0,0.0073,0.0025,0.0,0.0
CT006946,Zone_07,Zone_07,0.9575,0.0,0.0,0.0,0.0071,0.0,0.0032,0.9575,0.0322,0.0,0.0001
CT016590,Zone_07,Zone_07,0.7053,0.0,0.0,0.0,0.0059,0.008,0.0001,0.7053,0.2806,0.0,0.0001
CT000519,Zone_02,Zone_02,1.0,0.0,1.0,0.0,0.0,0.0,0.0,0.0,0.0,0.0,0.0
CT009197,Zone_07,Zone_07,0.7579,0.0,0.0,0.0,0.0212,0.008,0.0003,0.7579,0.2126,0.0,0.0001
CT018275,Zone_04,Zone_04,0.8244,0.0175,0.0398,0.0658,0.8244,0.0001,0.0011,0.0403,0.0108,0.0,0.0001
CT003564,Zone_01,Zone_01,1.0,1.0,0.0,0.0,0.0,0.0,0.0,0.0,0.0,0.0,0.0
CT016333,Zone_10,Zone_10,0.9921,0.0,0.0079,0.0,0.0,0.0,0.0,0.0,0.0,0.0,0.9921
CT007045,Zone_10,Zone_10,1.0,0.0,0.0,0.0,0.0,0.0,0.0,0.0,0.0,0.0,1.0
CT016462,Zone_06,Zone_06,0.9943,0.0,0.0,0.0,0.0,0.0,0.9943,0.0057,0.0,0.0,0.0
CT000365,Zone_07,Zone_08,0.6909,0.0,0.0,0.0,0.0001,0.0,0.0002,0.3087,0.6909,0.0,0.0
CT000499,Zone_05,Zone_05,1.0,0.0,0.0,0.0,0.0,1.0,0.0,0.0,0.0,0.0,0.0
CT009009,Zone_07,Zone_08,0.7727,0.0,0.0,0.0,0.0001,0.0,0.0001,0.2271,0.7727,0.0,0.0
CT000798,Zone_03,Zone_03,1.0,0.0,0.0,1.0,0.0,0.0,0.0,0.0,0.0,0.0,0.0
CT006957,Zone_04,Zone_04,0.9944,0.0,0.0,0.0,0.9944,0.0,0.0001,0.0048,0.0008,0.0,0.0
CT014209,Zone_02,Zone_02,0.998,0.002,0.998,0.0,0.0,0.0,0.0,0.0,0.0,0.0,0.0
CT016579,Zone_08,Zone_08,0.971,0.0,0.0001,0.0001,0.0085,0.0002,0.0003,0.0199,0.971,0.0,0.0
CT018620,Zone_07,Zone_07,0.9548,0.0,0.0,0.0,0.0057,0.0,0.0026,0.9548,0.0369,0.0,0.0
CT005821,Zone_07,Zone_08,0.7486,0.0,0.0,0.0,0.0001,0.0,0.0007,0.2506,0.7486,0.0,0.0
CT019570,Zone_07,Zone_07,0.8812,0.0,0.0,0.0,0.0034,0.0001,0.1074,0.8812,0.0079,0.0,0.0
CT011046,Zone_07,Zone_07,0.9743,0.0,0.0,0.0,0.0047,0.0,0.0022,0.9743,0.0187,0.0,0.0001
CT003683,Zone_08,Zone_08,0.984,0.0,0.0,0.0,0.0005,0.0006,0.0,0.015,0.984,0.0,0.0
CT010246,Zone_07,Zone_07,0.9618,0.0,0.0,0.0,0.0061,0.0,0.0038,0.9618,0.0281,0.0,0.0001
CT002626,Zone_08,Zone_08,0.979,0.0,0.0001,0.0001,0.0039,0.0002,0.0003,0.0165,0.979,0.0,0.0
CT019623,Zone_07,Zone_07,0.7976,0.0,0.0,0.0,0.0034,0.0001,0.1918,0.7976,0.0071,0.0,0.0
CT007707,Zone_01,Zone_01,1.0,1.0,0.0,0.0,0.0,0.0,0.0,0.0,0.0,0.0,0.0
CT000189,Zone_07,Zone_07,0.98,0.0,0.0,0.0,0.0001,0.0005,0.0031,0.98,0.0162,0.0,0.0001
CT009907,Zone_07,Zone_07,0.7753,0.0,0.0,0.0001,0.019,0.0007,0.0003,0.7753,0.2045,0.0,0.0001
CT018674,Zone_07,Zone_08,0.7024,0.0,0.0,0.0,0.0001,0.0,0.0007,0.2969,0.7024,0.0,0.0
CT006724,Zone_03,Zone_03,0.994,0.0059,0.0,0.994,0.0,0.0,0.0,0.0,0.0,0.0,0.0
CT010070,Zone_03,Zone_03,0.9956,0.0,0.0044,0.9956,0.0,0.0,0.0,0.0,0.0,0.0,0.0
CT004690,Zone_08,Zone_08,0.7386,0.0,0.0,0.0,0.0001,0.0,0.0002,0.261,0.7386,0.0,0.0
CT002272,Zone_07,Zone_08,0.6686,0.0,0.0002,0.0,0.0003,0.0,0.0002,0.3307,0.6686,0.0,0.0
CT002305,Zone_08,Zone_08,0.9741,0.0,0.0001,0.0001,0.007,0.0002,0.0003,0.0183,0.9741,0.0,0.0
CT011995,Zone_03,Zone_03,1.0,0.0,0.0,1.0,0.0,0.0,0.0,0.0,0.0,0.0,0.0
CT011390,Zone_04,Zone_04,0.9999,0.0,0.0,0.0,0.9999,0.0,0.0001,0.0,0.0,0.0,0.0
CT011887,Zone_10,Zone_10,1.0,0.0,0.0,0.0,0.0,0.0,0.0,0.0,0.0,0.0,1.0
CT019356,Zone_02,Zone_02,1.0,0.0,1.0,0.0,0.0,0.0,0.0,0.0,0.0,0.0,0.0
CT012603,Zone_06,Zone_06,0.9984,0.0,0.0,0.0,0.0,0.0,0.9984,0.0016,0.0,0.0,0.0
CT009591,Zone_08,Zone_08,0.7763,0.0,0.0,0.0,0.0001,0.0,0.0001,0.2236,0.7763,0.0,0.0
CT009766,Zone_08,Zone_07,0.7588,0.0,0.0,0.0005,0.021,0.0007,0.0003,0.7588,0.2186,0.0,0.0001
CT005435,Zone_08,Zone_08,0.6518,0.0,0.0,0.0,0.0005,0.0,0.0007,0.3469,0.6518,0.0,0.0
CT010919,Zone_07,Zone_07,0.9566,0.0,0.0002,0.0,0.0036,0.0005,0.0191,0.9566,0.02,0.0,0.0001
CT004113,Zone_07,Zone_07,0.9701,0.0,0.0,0.0,0.0001,0.0,0.0107,0.9701,0.019,0.0,0.0001
CT018095,Zone_08,Zone_08,0.9796,0.0,0.0001,0.0,0.004,0.0001,0.0003,0.0159,0.9796,0.0,0.0
CT002637,Zone_08,Zone_08,0.9816,0.0,0.0,0.0,0.0001,0.0009,0.0,0.0174,0.9816,0.0,0.0
CT012005,Zone_01,Zone_01,1.0,1.0,0.0,0.0,0.0,0.0,0.0,0.0,0.0,0.0,0.0
CT019006,Zone_07,Zone_07,0.9643,0.0,0.0,0.0,0.0001,0.0,0.0029,0.9643,0.0326,0.0,0.0001
CT006257,Zone_07,Zone_08,0.5388,0.0,0.0,0.0,0.0005,0.0003,0.0007,0.4597,0.5388,0.0,0.0
CT008235,Zone_06,Zone_06,0.9875,0.0,0.0,0.0,0.0,0.0,0.9875,0.0125,0.0,0.0,0.0
CT000025,Zone_07,Zone_07,0.9641,0.0,0.0,0.0,0.0037,0.0,0.0026,0.9641,0.0296,0.0,0.0
CT005515,Zone_03,Zone_03,1.0,0.0,0.0,1.0,0.0,0.0,0.0,0.0,0.0,0.0,0.0
CT009726,Zone_07,Zone_07,0.9517,0.0,0.0,0.0,0.0001,0.0,0.0093,0.9517,0.0389,0.0,0.0001
CT004619,Zone_08,Zone_08,0.978,0.0,0.0001,0.0,0.0039,0.0063,0.0,0.0117,0.978,0.0,0.0
CT019146,Zone_07,Zone_07,0.8992,0.0,0.0,0.0,0.0065,0.0,0.0868,0.8992,0.0075,0.0,0.0
CT013218,Zone_08,Zone_08,0.7304,0.0,0.0,0.0,0.0001,0.0,0.0007,0.2687,0.7304,0.0,0.0
CT014216,Zone_04,Zone_04,0.9888,0.0,0.0,0.0,0.9888,0.0,0.0,0.0035,0.0077,0.0,0.0
CT016420,Zone_03,Zone_03,0.9956,0.0,0.0044,0.9956,0.0,0.0,0.0,0.0,0.0,0.0,0.0
CT011718,Zone_07,Zone_08,0.7234,0.0,0.0,0.0,0.0001,0.0,0.0007,0.2757,0.7234,0.0,0.0
CT000591,Zone_06,Zone_06,0.9975,0.0,0.0,0.0,0.0,0.0,0.9975,0.0025,0.0,0.0,0.0
CT008071,Zone_08,Zone_08,0.9693,0.0,0.0,0.0001,0.0006,0.0006,0.0,0.0293,0.9693,0.0,0.0
CT002806,Zone_04,Zone_04,0.974,0.0001,0.0001,0.0004,0.974,0.0001,0.0004,0.0167,0.0082,0.0,0.0
CT000931,Zone_04,Zone_04,0.9999,0.0,0.0,0.0001,0.9999,0.0,0.0001,0.0,0.0,0.0,0.0
CT013397,Zone_03,Zone_03,1.0,0.0,0.0,1.0,0.0,0.0,0.0,0.0,0.0,0.0,0.0
CT005631,Zone_08,Zone_08,0.9695,0.0,0.0,0.0001,0.0001,0.0006,0.0,0.0297,0.9695,0.0,0.0
CT012910,Zone_02,Zone_02,1.0,0.0,1.0,0.0,0.0,0.0,0.0,0.0,0.0,0.0,0.0
CT018976,Zone_01,Zone_01,1.0,1.0,0.0,0.0,0.0,0.0,0.0,0.0,0.0,0.0,0.0
CT004129,Zone_07,Zone_07,0.9661,0.0,0.0,0.0,0.0,0.0,0.0113,0.9661,0.0225,0.0,0.0
CT005755,Zone_03,Zone_03,1.0,0.0,0.0,1.0,0.0,0.0,0.0,0.0,0.0,0.0,0.0
CT004958,Zone_04,Zone_04,0.9778,0.0,0.0001,0.0003,0.9778,0.0001,0.0002,0.0132,0.0083,0.0,0.0
CT008801,Zone_01,Zone_01,0.99,0.99,0.0,0.0,0.01,0.0,0.0,0.0,0.0,0.0,0.0
CT006079,Zone_02,Zone_02,0.9944,0.0,0.9944,0.0056,0.0,0.0,0.0,0.0,0.0,0.0,0.0
CT003383,Zone_06,Zone_06,0.9984,0.0,0.0,0.0,0.0,0.0,0.9984,0.0016,0.0,0.0,0.0
CT007680,Zone_10,Zone_10,0.9923,0.0,0.0,0.0,0.0,0.0,0.0,0.0,0.0,0.0077,0.9923
CT014583,Zone_08,Zone_08,0.969,0.0,0.0001,0.0003,0.0039,0.0081,0.0003,0.0182,0.969,0.0,0.0
CT005670,Zone_07,Zone_07,0.7378,0.0,0.0,0.0,0.0034,0.0001,0.2517,0.7378,0.0068,0.0,0.0002
CT013563,Zone_07,Zone_07,0.9346,0.0,0.0,0.0,0.0037,0.0,0.0282,0.9346,0.0334,0.0,0.0001
CT001019,Zone_02,Zone_02,1.0,0.0,1.0,0.0,0.0,0.0,0.0,0.0,0.0,0.0,0.0
CT018403,Zone_03,Zone_03,0.9975,0.0,0.0001,0.9975,0.0024,0.0,0.0,0.0,0.0,0.0,0.0
CT007661,Zone_08,Zone_08,0.9638,0.0,0.0001,0.0001,0.0038,0.0027,0.0003,0.0293,0.9638,0.0,0.0
CT008984,Zone_07,Zone_07,0.9047,0.0,0.0,0.0,0.0069,0.0001,0.0742,0.9047,0.0142,0.0,0.0
CT018657,Zone_07,Zone_07,0.9149,0.0,0.0,0.0,0.0073,0.0001,0.0648,0.9149,0.0129,0.0,0.0
CT000665,Zone_04,Zone_04,0.9758,0.0,0.0,0.0007,0.9758,0.0,0.0,0.0123,0.0113,0.0,0.0
CT017846,Zone_05,Zone_05,1.0,0.0,0.0,0.0,0.0,1.0,0.0,0.0,0.0,0.0,0.0
CT017237,Zone_07,Zone_08,0.6938,0.0,0.0,0.0,0.0003,0.0,0.0002,0.3057,0.6938,0.0,0.0
CT011357,Zone_07,Zone_07,0.763,0.0,0.0,0.0001,0.026,0.0003,0.0004,0.763,0.21,0.0,0.0001
CT000379,Zone_05,Zone_05,1.0,0.0,0.0,0.0,0.0,1.0,0.0,0.0,0.0,0.0,0.0
CT002307,Zone_07,Zone_07,0.8057,0.0,0.0,0.0,0.0134,0.008,0.0002,0.8057,0.1725,0.0,0.0001
CT004135,Zone_08,Zone_07,0.7391,0.0,0.0,0.0001,0.0142,0.0015,0.0003,0.7391,0.2446,0.0,0.0001
CT019063,Zone_08,Zone_08,0.9798,0.0,0.0001,0.0,0.0039,0.0001,0.0003,0.0158,0.9798,0.0,0.0
CT008770,Zone_02,Zone_02,1.0,0.0,1.0,0.0,0.0,0.0,0.0,0.0,0.0,0.0,0.0
CT005241,Zone_03,Zone_03,0.994,0.0059,0.0,0.994,0.0,0.0,0.0,0.0,0.0,0.0,0.0
CT002748,Zone_01,Zone_01,1.0,1.0,0.0,0.0,0.0,0.0,0.0,0.0,0.0,0.0,0.0
CT004977,Zone_08,Zone_08,0.9729,0.0,0.0001,0.0001,0.0082,0.0002,0.0003,0.0184,0.9729,0.0,0.0
CT008815,Zone_10,Zone_10,1.0,0.0,0.0,0.0,0.0,0.0,0.0,0.0,0.0,0.0,1.0
CT001128,Zone_07,Zone_08,0.7558,0.0,0.0,0.0,0.0001,0.0,0.0002,0.2438,0.7558,0.0,0.0
CT009576,Zone_07,Zone_07,0.7782,0.0,0.0,0.0001,0.03,0.0006,0.0003,0.7782,0.1907,0.0,0.0001
CT006437,Zone_07,Zone_07,0.794,0.0,0.0,0.0001,0.0093,0.0005,0.0003,0.794,0.1957,0.0,0.0001
CT001857,Zone_01,Zone_01,1.0,1.0,0.0,0.0,0.0,0.0,0.0,0.0,0.0,0.0,0.0
CT007761,Zone_04,Zone_04,0.9913,0.0,0.0,0.0003,0.9913,0.0,0.0,0.0067,0.0017,0.0,0.0
CT015381,Zone_04,Zone_04,0.9999,0.0,0.0,0.0001,0.9999,0.0,0.0001,0.0,0.0,0.0,0.0
CT006330,Zone_04,Zone_04,0.9645,0.0,0.0001,0.0007,0.9645,0.0001,0.0003,0.0239,0.0104,0.0,0.0
CT011642,Zone_02,Zone_02,0.9954,0.0,0.9954,0.0046,0.0,0.0,0.0,0.0,0.0,0.0,0.0
CT012271,Zone_07,Zone_07,0.8882,0.0,0.0,0.0,0.0029,0.0,0.0965,0.8882,0.0124,0.0,0.0
CT009477,Zone_07,Zone_07,0.7651,0.0,0.0,0.0001,0.0303,0.0008,0.0004,0.7651,0.2021,0.0,0.001
CT000799,Zone_08,Zone_08,0.7504,0.0,0.0,0.0,0.0001,0.0,0.0007,0.2488,0.7504,0.0,0.0
CT015249,Zone_08,Zone_08,0.7271,0.0,0.0,0.0,0.0001,0.0,0.0007,0.272,0.7271,0.0,0.0
CT012845,Zone_01,Zone_01,1.0,1.0,0.0,0.0,0.0,0.0,0.0,0.0,0.0,0.0,0.0
CT015761,Zone_04,Zone_04,1.0,0.0,0.0,0.0,1.0,0.0,0.0,0.0,0.0,0.0,0.0
CT006996,Zone_07,Zone_07,0.8844,0.0,0.0,0.0059,0.0042,0.0,0.0922,0.8844,0.0131,0.0,0.0002
CT017459,Zone_07,Zone_08,0.6665,0.0,0.0,0.0,0.0001,0.0,0.0003,0.333,0.6665,0.0,0.0
CT001393,Zone_03,Zone_03,1.0,0.0,0.0,1.0,0.0,0.0,0.0,0.0,0.0,0.0,0.0
CT001828,Zone_08,Zone_08,0.9903,0.0,0.0,0.0,0.0,0.0006,0.0,0.0092,0.9903,0.0,0.0
CT005058,Zone_07,Zone_07,0.7835,0.0,0.0,0.0004,0.0143,0.0014,0.0003,0.7835,0.2,0.0,0.0001
CT015957,Zone_08,Zone_08,0.7564,0.0,0.0,0.0,0.0001,0.0,0.0007,0.2428,0.7564,0.0,0.0
CT009099,Zone_07,Zone_07,0.7829,0.0,0.0,0.0001,0.0193,0.0082,0.001,0.7829,0.1884,0.0,0.0001
CT004677,Zone_03,Zone_03,1.0,0.0,0.0,1.0,0.0,0.0,0.0,0.0,0.0,0.0,0.0
CT000021,Zone_07,Zone_07,0.9713,0.0,0.0,0.0,0.0051,0.0,0.0086,0.9713,0.0149,0.0,0.0001
CT002026,Zone_05,Zone_05,1.0,0.0,0.0,0.0,0.0,1.0,0.0,0.0,0.0,0.0,0.0
CT011921,Zone_07,Zone_07,0.9679,0.0,0.0,0.0,0.0036,0.0,0.0076,0.9679,0.0207,0.0,0.0001
CT009727,Zone_04,Zone_04,0.9763,0.0001,0.0001,0.0003,0.9763,0.0001,0.0004,0.0133,0.0094,0.0,0.0
CT002738,Zone_07,Zone_07,0.7924,0.0,0.0,0.0001,0.0192,0.0007,0.0005,0.7924,0.1869,0.0,0.0001
CT003420,Zone_07,Zone_07,0.8151,0.0,0.0,0.0,0.0036,0.0,0.174,0.8151,0.0071,0.0,0.0002
CT011022,Zone_10,Zone_10,1.0,0.0,0.0,0.0,0.0,0.0,0.0,0.0,0.0,0.0,1.0
CT014142,Zone_01,Zone_01,1.0,1.0,0.0,0.0,0.0,0.0,0.0,0.0,0.0,0.0,0.0
CT003589,Zone_07,Zone_07,0.9693,0.0,0.0,0.0,0.0064,0.0,0.0034,0.9693,0.0208,0.0,0.0
CT004278,Zone_07,Zone_07,0.8296,0.0,0.0,0.0,0.0001,0.0,0.1527,0.8296,0.0175,0.0,0.0002
CT009746,Zone_07,Zone_07,0.9663,0.0,0.0,0.0,0.0047,0.0,0.0036,0.9663,0.02,0.0,0.0054
CT017231,Zone_01,Zone_01,1.0,1.0,0.0,0.0,0.0,0.0,0.0,0.0,0.0,0.0,0.0
CT017411,Zone_08,Zone_08,0.7418,0.0,0.0,0.0,0.0001,0.0,0.0007,0.2574,0.7418,0.0,0.0
CT011842,Zone_07,Zone_07,0.927,0.0,0.0,0.0,0.0098,0.0001,0.0494,0.927,0.0137,0.0,0.0
CT019969,Zone_08,Zone_08,0.5764,0.0,0.0,0.0,0.0006,0.0,0.0007,0.4223,0.5764,0.0,0.0
CT009145,Zone_02,Zone_02,1.0,0.0,1.0,0.0,0.0,0.0,0.0,0.0,0.0,0.0,0.0
CT005106,Zone_08,Zone_08,0.9753,0.0,0.0001,0.0001,0.0071,0.0002,0.0003,0.017,0.9753,0.0,0.0
CT019795,Zone_07,Zone_07,0.8389,0.0,0.0,0.0,0.0034,0.0001,0.1511,0.8389,0.0013,0.0,0.0053
CT004216,Zone_01,Zone_01,1.0,1.0,0.0,0.0,0.0,0.0,0.0,0.0,0.0,0.0,0.0
CT017712,Zone_08,Zone_08,0.9868,0.0,0.0001,0.0,0.0038,0.0006,0.0,0.0087,0.9868,0.0,0.0
CT015870,Zone_06,Zone_06,0.9975,0.0,0.0,0.0,0.0,0.0,0.9975,0.0025,0.0,0.0,0.0
CT007470,Zone_08,Zone_08,0.7562,0.0,0.0,0.0,0.0001,0.0,0.0006,0.2432,0.7562,0.0,0.0
CT012989,Zone_08,Zone_08,0.7769,0.0,0.0,0.0,0.0001,0.0,0.0006,0.2224,0.7769,0.0,0.0
CT000228,Zone_08,Zone_07,0.7352,0.0,0.0,0.0001,0.0186,0.0011,0.0003,0.7352,0.2446,0.0,0.0001
CT007027,Zone_08,Zone_08,0.7114,0.0,0.0,0.0,0.0001,0.0,0.0007,0.2876,0.7114,0.0,0.0
CT009902,Zone_01,Zone_01,1.0,1.0,0.0,0.0,0.0,0.0,0.0,0.0,0.0,0.0,0.0
CT004096,Zone_04,Zone_04,0.9886,0.0,0.0,0.0001,0.9886,0.0,0.0,0.005,0.0063,0.0,0.0
CT015712,Zone_08,Zone_08,0.9858,0.0,0.0,0.0,0.0011,0.0006,0.0,0.0125,0.9858,0.0,0.0
CT001364,Zone_02,Zone_02,1.0,0.0,1.0,0.0,0.0,0.0,0.0,0.0,0.0,0.0,0.0
CT019900,Zone_04,Zone_04,0.9999,0.0,0.0,0.0001,0.9999,0.0,0.0001,0.0,0.0,0.0,0.0
CT015903,Zone_07,Zone_07,0.7919,0.0,0.0,0.0,0.0029,0.0,0.1986,0.7919,0.0066,0.0,0.0
CT015359,Zone_08,Zone_08,0.7067,0.0,0.0,0.0,0.0001,0.0,0.0002,0.2929,0.7067,0.0,0.0
CT013499,Zone_03,Zone_03,1.0,0.0,0.0,1.0,0.0,0.0,0.0,0.0,0.0,0.0,0.0
CT009730,Zone_10,Zone_10,1.0,0.0,0.0,0.0,0.0,0.0,0.0,0.0,0.0,0.0,1.0
CT003894,Zone_08,Zone_07,0.7947,0.0,0.0,0.0001,0.0216,0.0078,0.0005,0.7947,0.1751,0.0,0.0001
CT004141,Zone_05,Zone_05,0.99,0.0,0.0,0.0,0.0063,0.99,0.0,0.0,0.0037,0.0,0.0
CT002903,Zone_03,Zone_03,0.9956,0.0,0.0044,0.9956,0.0,0.0,0.0,0.0,0.0,0.0,0.0
CT017997,Zone_07,Zone_08,0.6094,0.0,0.0,0.0,0.0006,0.0,0.0007,0.3892,0.6094,0.0,0.0
CT004277,Zone_08,Zone_08,0.9791,0.0,0.0001,0.0001,0.008,0.0002,0.0003,0.0123,0.9791,0.0,0.0
CT004384,Zone_08,Zone_08,0.9778,0.0,0.0001,0.0,0.0079,0.0001,0.001,0.013,0.9778,0.0,0.0
CT009218,Zone_09,Zone_09,1.0,0.0,0.0,0.0,0.0,0.0,0.0,0.0,0.0,1.0,0.0
CT013044,Zone_08,Zone_08,0.5858,0.0,0.0,0.0,0.0001,0.0,0.0007,0.4134,0.5858,0.0,0.0
CT011960,Zone_01,Zone_01,0.99,0.99,0.01,0.0,0.0,0.0,0.0,0.0,0.0,0.0,0.0
CT002194,Zone_02,Zone_02,1.0,0.0,1.0,0.0,0.0,0.0,0.0,0.0,0.0,0.0,0.0
CT009704,Zone_04,Zone_04,0.9929,0.0,0.0,0.0,0.9929,0.0,0.001,0.006,0.0001,0.0,0.0
CT015082,Zone_07,Zone_07,0.8047,0.0,0.0,0.0001,0.0142,0.0011,0.0003,0.8047,0.1785,0.0,0.001
CT008292,Zone_10,Zone_10,1.0,0.0,0.0,0.0,0.0,0.0,0.0,0.0,0.0,0.0,1.0
CT001245,Zone_04,Zone_04,0.9955,0.0,0.0,0.0001,0.9955,0.0,0.0,0.0035,0.0009,0.0,0.0
CT013982,Zone_04,Zone_04,0.9712,0.0001,0.0001,0.0003,0.9712,0.0001,0.0005,0.0173,0.0104,0.0,0.0
CT005004,Zone_03,Zone_03,0.9956,0.0,0.0044,0.9956,0.0,0.0,0.0,0.0,0.0,0.0,0.0
CT019674,Zone_01,Zone_01,1.0,1.0,0.0,0.0,0.0,0.0,0.0,0.0,0.0,0.0,0.0
CT019876,Zone_07,Zone_08,0.707,0.0,0.0,0.0,0.0001,0.0,0.0007,0.2922,0.707,0.0,0.0
CT010238,Zone_01,Zone_01,0.9972,0.9972,0.0028,0.0,0.0,0.0,0.0,0.0,0.0,0.0,0.0
CT015704,Zone_07,Zone_07,0.7785,0.0,0.0,0.0,0.0034,0.0001,0.2115,0.7785,0.0064,0.0,0.0002
CT005710,Zone_07,Zone_08,0.7364,0.0,0.0,0.0,0.0001,0.0,0.0001,0.2635,0.7364,0.0,0.0
CT016476,Zone_07,Zone_07,0.9744,0.0,0.0,0.0,0.0047,0.0,0.0038,0.9744,0.017,0.0,0.0001
CT012045,Zone_03,Zone_03,0.9952,0.0,0.0048,0.9952,0.0,0.0,0.0,0.0,0.0,0.0,0.0
CT012895,Zone_08,Zone_08,0.693,0.0,0.0,0.0,0.0001,0.0004,0.0007,0.3058,0.693,0.0,0.0
CT002675,Zone_08,Zone_08,0.6786,0.0,0.0,0.0,0.0001,0.0,0.0007,0.3206,0.6786,0.0,0.0
CT007639,Zone_07,Zone_07,0.7971,0.0,0.0,0.0001,0.0219,0.0006,0.0005,0.7971,0.1796,0.0,0.0
CT019239,Zone_08,Zone_08,0.9805,0.0,0.0001,0.0001,0.0038,0.0002,0.0003,0.0151,0.9805,0.0,0.0
CT006209,Zone_02,Zone_02,0.9896,0.0,0.9896,0.0104,0.0,0.0,0.0,0.0,0.0,0.0,0.0
CT000590,Zone_02,Zone_02,0.9965,0.0,0.9965,0.0035,0.0,0.0,0.0,0.0,0.0,0.0,0.0
CT001810,Zone_03,Zone_03,0.9946,0.0,0.0054,0.9946,0.0,0.0,0.0,0.0,0.0,0.0,0.0
CT004647,Zone_06,Zone_06,0.9984,0.0,0.0,0.0,0.0,0.0,0.9984,0.0016,0.0,0.0,0.0
CT012618,Zone_08,Zone_08,0.9776,0.0,0.0001,0.0001,0.004,0.0002,0.0,0.0181,0.9776,0.0,0.0
CT018307,Zone_08,Zone_08,0.71,0.0,0.0,0.0,0.0001,0.0,0.0002,0.2896,0.71,0.0,0.0
CT002544,Zone_04,Zone_04,0.9785,0.0,0.0001,0.0085,0.9785,0.0001,0.0002,0.0057,0.007,0.0,0.0
CT017760,Zone_02,Zone_02,1.0,0.0,1.0,0.0,0.0,0.0,0.0,0.0,0.0,0.0,0.0
CT007426,Zone_01,Zone_01,1.0,1.0,0.0,0.0,0.0,0.0,0.0,0.0,0.0,0.0,0.0
CT019264,Zone_04,Zone_04,0.9896,0.0,0.0,0.0001,0.9896,0.0,0.0,0.0035,0.0067,0.0,0.0
CT016988,Zone_08,Zone_08,0.9785,0.0,0.0,0.0,0.0001,0.0001,0.0003,0.021,0.9785,0.0,0.0
CT018076,Zone_07,Zone_07,0.9525,0.0,0.0,0.0,0.0037,0.0,0.024,0.9525,0.0197,0.0,0.0001
CT017096,Zone_07,Zone_07,0.9591,0.0,0.0,0.0,0.0066,0.0,0.0094,0.9591,0.0248,0.0,0.0001
CT010558,Zone_02,Zone_02,0.983,0.0,0.983,0.017,0.0,0.0,0.0,0.0,0.0,0.0,0.0
CT015796,Zone_08,Zone_08,0.6794,0.0,0.0,0.0,0.0001,0.0003,0.0002,0.3199,0.6794,0.0,0.0
CT000996,Zone_08,Zone_08,0.9831,0.0,0.0,0.0,0.0001,0.0001,0.0003,0.0165,0.9831,0.0,0.0
CT011879,Zone_02,Zone_02,1.0,0.0,1.0,0.0,0.0,0.0,0.0,0.0,0.0,0.0,0.0
CT016183,Zone_08,Zone_08,0.9747,0.0,0.0001,0.0001,0.0073,0.0002,0.0003,0.0174,0.9747,0.0,0.0
CT007023,Zone_04,Zone_04,0.9944,0.0,0.0,0.0001,0.9944,0.0,0.0,0.005,0.0005,0.0,0.0
CT011691,Zone_01,Zone_01,0.99,0.99,0.01,0.0,0.0,0.0,0.0,0.0,0.0,0.0,0.0
CT007275,Zone_08,Zone_08,0.7279,0.0,0.0,0.0,0.0001,0.0,0.0007,0.2713,0.7279,0.0,0.0
CT010506,Zone_07,Zone_07,0.9796,0.0,0.0,0.0,0.0001,0.0,0.0025,0.9796,0.0176,0.0,0.0001
CT013162,Zone_01,Zone_01,1.0,1.0,0.0,0.0,0.0,0.0,0.0,0.0,0.0,0.0,0.0
CT000263,Zone_04,Zone_04,0.9955,0.0,0.0,0.0001,0.9955,0.0,0.0,0.0035,0.0009,0.0,0.0
CT013020,Zone_01,Zone_01,1.0,1.0,0.0,0.0,0.0,0.0,0.0,0.0,0.0,0.0,0.0
CT003622,Zone_04,Zone_04,0.9944,0.0,0.0,0.0,0.9944,0.0,0.0001,0.0048,0.0008,0.0,0.0
CT013210,Zone_06,Zone_06,0.9975,0.0,0.0,0.0,0.0,0.0,0.9975,0.0025,0.0,0.0,0.0
CT013667,Zone_08,Zone_07,0.7161,0.0,0.0,0.0004,0.0399,0.0002,0.0004,0.7161,0.2429,0.0,0.0001
CT010996,Zone_07,Zone_07,0.9053,0.0,0.0,0.0,0.0114,0.0,0.0759,0.9053,0.0074,0.0,0.0
CT003545,Zone_04,Zone_04,0.9867,0.0,0.0,0.0001,0.9867,0.0077,0.0,0.0048,0.0006,0.0,0.0
CT009035,Zone_08,Zone_08,0.9805,0.0,0.0001,0.0001,0.0039,0.0002,0.0003,0.015,0.9805,0.0,0.0
CT016735,Zone_05,Zone_05,0.99,0.0,0.0,0.0,0.01,0.99,0.0,0.0,0.0,0.0,0.0
CT011388,Zone_08,Zone_08,0.7488,0.0,0.0,0.0,0.0001,0.0,0.0007,0.2503,0.7488,0.0,0.0
CT003756,Zone_04,Zone_04,0.9901,0.0,0.0,0.0001,0.9901,0.0,0.0,0.0083,0.0015,0.0,0.0
CT011814,Zone_09,Zone_09,0.9996,0.0,0.0,0.0,0.0,0.0,0.0,0.0004,0.0,0.9996,0.0
CT001730,Zone_05,Zone_05,0.998,0.0,0.0,0.0,0.0,0.998,0.0,0.0,0.002,0.0,0.0
CT008124,Zone_01,Zone_01,0.9984,0.9984,0.0,0.0,0.0016,0.0,0.0,0.0,0.0,0.0,0.0
CT006832,Zone_07,Zone_08,0.54,0.0,0.0,0.0,0.004,0.0,0.0033,0.4527,0.54,0.0,0.0
CT011607,Zone_08,Zone_08,0.592,0.0,0.0,0.0,0.0001,0.0003,0.0007,0.4068,0.592,0.0,0.0
CT011645,Zone_08,Zone_08,0.7384,0.0,0.0,0.0,0.0001,0.0,0.0002,0.2613,0.7384,0.0,0.0
CT003881,Zone_08,Zone_08,0.6141,0.0,0.0,0.0,0.0001,0.0001,0.0007,0.385,0.6141,0.0,0.0
CT004210,Zone_01,Zone_01,1.0,1.0,0.0,0.0,0.0,0.0,0.0,0.0,0.0,0.0,0.0
CT001136,Zone_04,Zone_04,0.9892,0.0,0.0,0.0001,0.9892,0.0,0.0,0.0048,0.0058,0.0,0.0
CT013221,Zone_07,Zone_07,0.7893,0.0,0.0,0.0,0.029,0.0079,0.0005,0.7893,0.1731,0.0,0.0001
CT005363,Zone_03,Zone_03,1.0,0.0,0.0,1.0,0.0,0.0,0.0,0.0,0.0,0.0,0.0
CT011173,Zone_07,Zone_07,0.9664,0.0,0.0,0.0,0.0,0.0,0.005,0.9664,0.0287,0.0,0.0
CT011966,Zone_03,Zone_03,1.0,0.0,0.0,1.0,0.0,0.0,0.0,0.0,0.0,0.0,0.0
CT002786,Zone_08,Zone_08,0.7,0.0,0.0,0.0,0.0001,0.0,0.0008,0.2991,0.7,0.0,0.0
CT011519,Zone_04,Zone_04,0.9782,0.0001,0.0001,0.0085,0.9782,0.0001,0.0004,0.0057,0.0069,0.0,0.0
CT007994,Zone_07,Zone_07,0.9275,0.0,0.0,0.0,0.0034,0.0001,0.0508,0.9275,0.0133,0.0049,0.0
CT009900,Zone_06,Zone_06,0.9875,0.0,0.0,0.0,0.0,0.0,0.9875,0.0125,0.0,0.0,0.0
CT019150,Zone_03,Zone_03,0.9956,0.0,0.0044,0.9956,0.0,0.0,0.0,0.0,0.0,0.0,0.0
CT015514,Zone_05,Zone_05,1.0,0.0,0.0,0.0,0.0,1.0,0.0,0.0,0.0,0.0,0.0
CT012875,Zone_05,Zone_05,1.0,0.0,0.0,0.0,0.0,1.0,0.0,0.0,0.0,0.0,0.0
CT008867,Zone_03,Zone_03,1.0,0.0,0.0,1.0,0.0,0.0,0.0,0.0,0.0,0.0,0.0
CT017840,Zone_08,Zone_08,0.6518,0.0,0.0,0.0,0.0001,0.0,0.0045,0.3398,0.6518,0.0038,0.0
CT016251,Zone_01,Zone_01,1.0,1.0,0.0,0.0,0.0,0.0,0.0,0.0,0.0,0.0,0.0
CT007791,Zone_07,Zone_08,0.6961,0.0,0.0,0.0,0.0001,0.0,0.0007,0.303,0.6961,0.0,0.0
CT016660,Zone_08,Zone_08,0.9796,0.0,0.0,0.0,0.0011,0.0006,0.0,0.0187,0.9796,0.0,0.0
CT017698,Zone_07,Zone_07,0.9786,0.0,0.0,0.0,0.0001,0.0,0.0044,0.9786,0.0168,0.0,0.0001
CT015884,Zone_07,Zone_07,0.8747,0.0,0.0,0.0,0.0035,0.0001,0.1138,0.8747,0.0078,0.0,0.0002
CT013757,Zone_10,Zone_10,1.0,0.0,0.0,0.0,0.0,0.0,0.0,0.0,0.0,0.0,1.0
CT008196,Zone_07,Zone_07,0.7408,0.0,0.0,0.0,0.0322,0.0004,0.0001,0.7408,0.2264,0.0,0.0001
CT006981,Zone_10,Zone_10,1.0,0.0,0.0,0.0,0.0,0.0,0.0,0.0,0.0,0.0,1.0
CT018845,Zone_04,Zone_04,0.9999,0.0,0.0,0.0001,0.9999,0.0,0.0001,0.0,0.0,0.0,0.0
CT015224,Zone_07,Zone_07,0.7892,0.0,0.0,0.0001,0.0191,0.0006,0.0005,0.7892,0.1893,0.0,0.001
CT013273,Zone_06,Zone_06,0.9962,0.0,0.0,0.0,0.0,0.0,0.9962,0.0038,0.0,0.0,0.0
CT005156,Zone_02,Zone_02,1.0,0.0,1.0,0.0,0.0,0.0,0.0,0.0,0.0,0.0,0.0
CT001943,Zone_08,Zone_08,0.9828,0.0,0.0,0.0,0.0001,0.0001,0.0,0.017,0.9828,0.0,0.0
CT018071,Zone_08,Zone_08,0.7599,0.0,0.0,0.0,0.0003,0.0,0.0002,0.2396,0.7599,0.0,0.0
CT018571,Zone_07,Zone_07,0.9772,0.0,0.0,0.0,0.0,0.0,0.0032,0.9772,0.0196,0.0,0.0
CT013597,Zone_04,Zone_04,0.9944,0.0,0.0,0.0001,0.9944,0.0,0.0,0.005,0.0005,0.0,0.0
CT007733,Zone_04,Zone_04,0.9829,0.0,0.0,0.0,0.9829,0.0,0.0,0.0088,0.0083,0.0,0.0
CT009178,Zone_08,Zone_08,0.9781,0.0,0.0001,0.0,0.0079,0.0001,0.0003,0.0135,0.9781,0.0,0.0
CT002274,Zone_07,Zone_07,0.8468,0.0,0.0,0.0,0.0029,0.0,0.1376,0.8468,0.0126,0.0,0.0
CT014733,Zone_03,Zone_03,1.0,0.0,0.0,1.0,0.0,0.0,0.0,0.0,0.0,0.0,0.0
CT003973,Zone_07,Zone_07,0.7677,0.0,0.0,0.0001,0.0188,0.0005,0.001,0.7677,0.2118,0.0,0.0001
CT001083,Zone_06,Zone_06,0.9952,0.0,0.0,0.0,0.0,0.0,0.9952,0.0048,0.0,0.0,0.0
CT014734,Zone_07,Zone_07,0.9703,0.0,0.0,0.0,0.0001,0.0,0.0023,0.9703,0.0272,0.0,0.0001
CT003209,Zone_03,Zone_03,0.9946,0.0,0.0054,0.9946,0.0,0.0,0.0,0.0,0.0,0.0,0.0
CT004237,Zone_05,Zone_05,0.998,0.0,0.0,0.0,0.0,0.998,0.0,0.0,0.002,0.0,0.0
CT001649,Zone_06,Zone_06,0.9956,0.0,0.0,0.0,0.0,0.0,0.9956,0.0043,0.0,0.0,0.0
CT010161,Zone_03,Zone_03,0.9999,0.0,0.0001,0.9999,0.0,0.0,0.0,0.0,0.0,0.0,0.0
CT009733,Zone_09,Zone_09,0.9999,0.0,0.0,0.0,0.0,0.0,0.0,0.0,0.0,0.9999,0.0001
CT012164,Zone_07,Zone_08,0.659,0.0,0.0,0.0,0.0003,0.0003,0.0002,0.3402,0.659,0.0,0.0
CT007393,Zone_01,Zone_01,1.0,1.0,0.0,0.0,0.0,0.0,0.0,0.0,0.0,0.0,0.0
CT018371,Zone_08,Zone_08,0.6818,0.0,0.0,0.0,0.0001,0.0,0.0007,0.3174,0.6818,0.0,0.0
CT010005,Zone_04,Zone_04,0.9999,0.0,0.0,0.0001,0.9999,0.0,0.0001,0.0,0.0,0.0,0.0
CT004173,Zone_09,Zone_09,0.99,0.0,0.0,0.0,0.0,0.0,0.0,0.0,0.0,0.99,0.01
CT014880,Zone_07,Zone_07,0.9547,0.0,0.0,0.0,0.0001,0.0,0.0142,0.9547,0.031,0.0,0.0001
CT001840,Zone_07,Zone_08,0.7005,0.0,0.0,0.0,0.0001,0.0,0.0007,0.2986,0.7005,0.0,0.0
CT000139,Zone_07,Zone_07,0.9582,0.0,0.0,0.0,0.0001,0.0,0.0072,0.9582,0.0343,0.0,0.0001
CT015005,Zone_08,Zone_08,0.9794,0.0,0.0001,0.0,0.0039,0.0001,0.0,0.0165,0.9794,0.0,0.0
CT001574,Zone_07,Zone_07,0.83,0.0,0.0,0.0,0.0034,0.0001,0.1649,0.83,0.0017,0.0,0.0
CT019652,Zone_04,Zone_04,0.9808,0.0,0.0,0.0,0.9808,0.0,0.0013,0.0169,0.001,0.0,0.0
CT011744,Zone_04,Zone_04,0.9999,0.0,0.0,0.0001,0.9999,0.0,0.0001,0.0,0.0,0.0,0.0
CT006461,Zone_01,Zone_01,1.0,1.0,0.0,0.0,0.0,0.0,0.0,0.0,0.0,0.0,0.0
CT017640,Zone_07,Zone_07,0.8938,0.0,0.0,0.0,0.0064,0.0,0.0925,0.8938,0.0073,0.0,0.0
CT016267,Zone_08,Zone_08,0.5837,0.0,0.0,0.0,0.0001,0.0,0.0007,0.4155,0.5837,0.0,0.0
CT018969,Zone_07,Zone_07,0.8033,0.0,0.0,0.0001,0.0212,0.0008,0.0003,0.8033,0.1741,0.0,0.0001
CT014409,Zone_05,Zone_05,1.0,0.0,0.0,0.0,0.0,1.0,0.0,0.0,0.0,0.0,0.0
CT003833,Zone_08,Zone_08,0.9757,0.0,0.0001,0.0001,0.008,0.0002,0.0003,0.0156,0.9757,0.0,0.0
CT006378,Zone_07,Zone_07,0.8971,0.0,0.0,0.0,0.0034,0.0001,0.086,0.8971,0.0132,0.0,0.0002
CT004543,Zone_10,Zone_10,1.0,0.0,0.0,0.0,0.0,0.0,0.0,0.0,0.0,0.0,1.0
CT016147,Zone_03,Zone_03,0.9999,0.0,0.0001,0.9999,0.0,0.0,0.0,0.0,0.0,0.0,0.0
CT015179,Zone_07,Zone_07,0.8285,0.0,0.0,0.0001,0.0191,0.0005,0.0003,0.8285,0.1513,0.0,0.0
CT007147,Zone_04,Zone_04,0.9999,0.0,0.0,0.0001,0.9999,0.0,0.0,0.0,0.0,0.0,0.0
CT002221,Zone_04,Zone_04,0.9955,0.0,0.0,0.0001,0.9955,0.0,0.0,0.0035,0.0009,0.0,0.0
CT014888,Zone_06,Zone_07,0.8626,0.0,0.0,0.0,0.0034,0.0001,0.1215,0.8626,0.0122,0.0,0.0002
CT003569,Zone_07,Zone_07,0.906,0.0,0.0,0.0,0.0069,0.0001,0.079,0.906,0.008,0.0,0.0
CT002461,Zone_07,Zone_07,0.8704,0.0,0.0,0.0,0.0034,0.0001,0.1198,0.8704,0.0061,0.0,0.0002
CT008877,Zone_07,Zone_07,0.9071,0.0,0.0,0.0,0.0074,0.0001,0.0722,0.9071,0.0131,0.0,0.0002
CT009563,Zone_02,Zone_02,1.0,0.0,1.0,0.0,0.0,0.0,0.0,0.0,0.0,0.0,0.0
CT015283,Zone_10,Zone_10,1.0,0.0,0.0,0.0,0.0,0.0,0.0,0.0,0.0,0.0,1.0
CT003842,Zone_08,Zone_08,0.6811,0.0,0.0,0.0,0.0019,0.0,0.0036,0.3134,0.6811,0.0,0.0
CT000727,Zone_04,Zone_04,0.9758,0.0001,0.0001,0.0004,0.9758,0.0001,0.0003,0.0149,0.0084,0.0,0.0
CT002604,Zone_07,Zone_07,0.9568,0.0,0.0,0.0,0.0001,0.0,0.0036,0.9568,0.0393,0.0,0.0001
CT012085,Zone_07,Zone_07,0.9124,0.0,0.0,0.0,0.0069,0.0001,0.0619,0.9124,0.0187,0.0,0.0
CT018349,Zone_03,Zone_03,0.9899,0.0037,0.0064,0.9899,0.0,0.0,0.0,0.0,0.0,0.0,0.0
CT011529,Zone_07,Zone_07,0.9779,0.0,0.0,0.0,0.0002,0.0,0.0085,0.9779,0.0134,0.0,0.0001
CT007127,Zone_04,Zone_04,0.9887,0.0,0.0,0.0,0.9887,0.0,0.0,0.0036,0.0077,0.0,0.0
CT016243,Zone_07,Zone_07,0.8838,0.0,0.0,0.0,0.0064,0.0001,0.0963,0.8838,0.0133,0.0,0.0002
CT010361,Zone_06,Zone_07,0.8299,0.0,0.0,0.0,0.0034,0.0001,0.1587,0.8299,0.0077,0.0,0.0002
CT011958,Zone_03,Zone_03,0.9946,0.0,0.0054,0.9946,0.0,0.0,0.0,0.0,0.0,0.0,0.0
CT019558,Zone_06,Zone_06,0.9875,0.0,0.0,0.0,0.0,0.0,0.9875,0.0125,0.0,0.0,0.0
CT004393,Zone_07,Zone_07,0.782,0.0,0.0,0.0001,0.0086,0.0009,0.0003,0.782,0.2079,0.0,0.0001
CT015506,Zone_07,Zone_07,0.9697,0.0,0.0,0.0,0.0047,0.0005,0.0029,0.9697,0.0222,0.0,0.0001
CT011124,Zone_02,Zone_02,1.0,0.0,1.0,0.0,0.0,0.0,0.0,0.0,0.0,0.0,0.0
CT003679,Zone_04,Zone_04,0.9876,0.0068,0.0,0.0,0.9876,0.0,0.0001,0.0048,0.0008,0.0,0.0
CT002477,Zone_03,Zone_03,0.9999,0.0,0.0001,0.9999,0.0,0.0,0.0,0.0,0.0,0.0,0.0
CT006752,Zone_04,Zone_04,0.9999,0.0,0.0,0.0001,0.9999,0.0,0.0001,0.0,0.0,0.0,0.0
CT009918,Zone_08,Zone_08,0.9769,0.0,0.0001,0.0001,0.004,0.0002,0.0003,0.0186,0.9769,0.0,0.0
CT001547,Zone_04,Zone_04,0.9839,0.0,0.0,0.0003,0.9839,0.0001,0.0002,0.0128,0.0027,0.0,0.0
CT011861,Zone_10,Zone_10,1.0,0.0,0.0,0.0,0.0,0.0,0.0,0.0,0.0,0.0,1.0
CT008302,Zone_05,Zone_05,0.9974,0.0,0.0,0.0,0.0,0.9974,0.0,0.0021,0.0005,0.0,0.0
CT016524,Zone_02,Zone_02,0.9944,0.0,0.9944,0.0056,0.0,0.0,0.0,0.0,0.0,0.0,0.0
CT008004,Zone_02,Zone_02,1.0,0.0,1.0,0.0,0.0,0.0,0.0,0.0,0.0,0.0,0.0
CT011864,Zone_07,Zone_07,0.9742,0.0,0.0,0.0,0.0001,0.0005,0.0057,0.9742,0.0195,0.0,0.0001
CT018196,Zone_08,Zone_08,0.9806,0.0,0.0001,0.0001,0.0038,0.0002,0.001,0.0143,0.9806,0.0,0.0
CT019832,Zone_10,Zone_10,1.0,0.0,0.0,0.0,0.0,0.0,0.0,0.0,0.0,0.0,1.0
CT009074,Zone_08,Zone_08,0.6952,0.0,0.0,0.0,0.0001,0.0,0.0002,0.3044,0.6952,0.0,0.0
CT016296,Zone_08,Zone_08,0.9782,0.0,0.0001,0.0001,0.004,0.0002,0.0003,0.0173,0.9782,0.0,0.0
CT007184,Zone_04,Zone_04,0.9945,0.0,0.0,0.0001,0.9945,0.0,0.0,0.0048,0.0006,0.0,0.0
CT010032,Zone_07,Zone_07,0.9491,0.0,0.0,0.0,0.0002,0.0,0.0096,0.9491,0.041,0.0,0.0001
CT006888,Zone_04,Zone_04,0.9834,0.0,0.0,0.0002,0.9834,0.0001,0.0002,0.014,0.0022,0.0,0.0
CT000456,Zone_01,Zone_01,1.0,1.0,0.0,0.0,0.0,0.0,0.0,0.0,0.0,0.0,0.0
CT001458,Zone_08,Zone_08,0.9868,0.0,0.0001,0.0,0.0038,0.0001,0.001,0.0082,0.9868,0.0,0.0
CT018000,Zone_04,Zone_04,0.9955,0.0,0.0,0.0001,0.9955,0.0,0.0,0.0035,0.0009,0.0,0.0
CT000368,Zone_08,Zone_08,0.697,0.0,0.0,0.0,0.0001,0.0,0.0008,0.3021,0.697,0.0,0.0
CT007866,Zone_08,Zone_08,0.9681,0.0,0.0001,0.0001,0.0086,0.0002,0.0003,0.0227,0.9681,0.0,0.0
CT015923,Zone_03,Zone_03,1.0,0.0,0.0,1.0,0.0,0.0,0.0,0.0,0.0,0.0,0.0
CT005981,Zone_07,Zone_07,0.7584,0.0,0.0,0.0004,0.0272,0.0011,0.0003,0.7584,0.2125,0.0,0.0
CT017944,Zone_01,Zone_01,1.0,1.0,0.0,0.0,0.0,0.0,0.0,0.0,0.0,0.0,0.0
CT019232,Zone_07,Zone_07,0.9769,0.0,0.0,0.0,0.0011,0.0,0.0024,0.9769,0.0195,0.0,0.0001
CT009992,Zone_04,Zone_04,0.994,0.0,0.0,0.0001,0.994,0.0,0.0,0.0049,0.0011,0.0,0.0
CT011231,Zone_02,Zone_02,0.987,0.0,0.987,0.013,0.0,0.0,0.0,0.0,0.0,0.0,0.0
CT013481,Zone_04,Zone_04,0.9878,0.0,0.0,0.0,0.9878,0.0,0.0,0.0045,0.0077,0.0,0.0
CT013605,Zone_01,Zone_01,1.0,1.0,0.0,0.0,0.0,0.0,0.0,0.0,0.0,0.0,0.0
CT015653,Zone_07,Zone_07,0.8929,0.0,0.0,0.0,0.0035,0.0001,0.102,0.8929,0.0014,0.0,0.0002
CT019806,Zone_08,Zone_08,0.723,0.0,0.0002,0.0,0.0001,0.0,0.0002,0.2765,0.723,0.0,0.0
CT012470,Zone_01,Zone_01,1.0,1.0,0.0,0.0,0.0,0.0,0.0,0.0,0.0,0.0,0.0
CT005232,Zone_06,Zone_06,0.9975,0.0,0.0,0.0,0.0,0.0,0.9975,0.0025,0.0,0.0,0.0
CT013632,Zone_07,Zone_07,0.9137,0.0,0.0,0.0,0.007,0.0001,0.0708,0.9137,0.0083,0.0,0.0002
CT011157,Zone_06,Zone_06,0.9984,0.0,0.0,0.0,0.0,0.0,0.9984,0.0016,0.0,0.0,0.0
CT016039,Zone_07,Zone_07,0.8192,0.0,0.0,0.0001,0.0166,0.0004,0.0001,0.8192,0.1635,0.0,0.0001
CT009422,Zone_02,Zone_02,1.0,0.0,1.0,0.0,0.0,0.0,0.0,0.0,0.0,0.0,0.0
CT006410,Zone_01,Zone_01,0.99,0.99,0.01,0.0,0.0,0.0,0.0,0.0,0.0,0.0,0.0
CT005225,Zone_08,Zone_08,0.9688,0.0,0.0001,0.0001,0.0138,0.0014,0.0,0.0157,0.9688,0.0,0.0
CT003025,Zone_04,Zone_04,0.9897,0.0,0.0,0.0001,0.9897,0.0,0.0,0.0035,0.0067,0.0,0.0
CT006836,Zone_03,Zone_03,0.9946,0.0,0.0054,0.9946,0.0,0.0,0.0,0.0,0.0,0.0,0.0
CT017998,Zone_08,Zone_08,0.7082,0.0,0.0,0.0,0.0019,0.0,0.0036,0.2862,0.7082,0.0,0.0
CT018913,Zone_10,Zone_10,1.0,0.0,0.0,0.0,0.0,0.0,0.0,0.0,0.0,0.0,1.0
CT011227,Zone_04,Zone_04,0.9825,0.0,0.0,0.0,0.9825,0.0,0.0003,0.0109,0.0063,0.0,0.0
CT003223,Zone_07,Zone_07,0.9585,0.0,0.0,0.0,0.005,0.0,0.0026,0.9585,0.0338,0.0,0.0001
CT019427,Zone_07,Zone_07,0.9555,0.0,0.0,0.0,0.0065,0.0,0.0033,0.9555,0.0257,0.0089,0.0001
CT014062,Zone_01,Zone_01,1.0,1.0,0.0,0.0,0.0,0.0,0.0,0.0,0.0,0.0,0.0
CT007569,Zone_06,Zone_06,0.9975,0.0,0.0,0.0,0.0,0.0,0.9975,0.0025,0.0,0.0,0.0
CT019939,Zone_04,Zone_04,0.9955,0.0,0.0,0.0001,0.9955,0.0,0.0,0.0035,0.0009,0.0,0.0
CT000990,Zone_07,Zone_07,0.974,0.0,0.0,0.0,0.0063,0.0004,0.0067,0.974,0.0125,0.0,0.0
CT010330,Zone_07,Zone_07,0.8352,0.0,0.0,0.0,0.0059,0.0,0.1518,0.8352,0.0072,0.0,0.0
CT001985,Zone_07,Zone_08,0.6978,0.0,0.0,0.0,0.0001,0.0,0.0002,0.3019,0.6978,0.0,0.0
CT015218,Zone_07,Zone_07,0.9701,0.0,0.0,0.0,0.0046,0.0004,0.0096,0.9701,0.0153,0.0,0.0
CT002217,Zone_03,Zone_03,0.9947,0.0,0.0053,0.9947,0.0,0.0,0.0,0.0,0.0,0.0,0.0
CT017145,Zone_08,Zone_08,0.6664,0.0,0.0,0.0,0.0005,0.0003,0.0007,0.3321,0.6664,0.0,0.0
CT007048,Zone_04,Zone_04,0.99,0.0,0.0,0.0001,0.99,0.0,0.0,0.008,0.0019,0.0,0.0
CT004925,Zone_08,Zone_08,0.9766,0.0,0.0001,0.0,0.0078,0.0001,0.0003,0.0152,0.9766,0.0,0.0
CT006455,Zone_07,Zone_08,0.66,0.0,0.0,0.0,0.0001,0.0,0.0007,0.3391,0.66,0.0,0.0
CT010468,Zone_01,Zone_01,1.0,1.0,0.0,0.0,0.0,0.0,0.0,0.0,0.0,0.0,0.0
CT020000,Zone_03,Zone_03,0.8335,0.0075,0.0524,0.8335,0.0868,0.0,0.0002,0.0079,0.0117,0.0,0.0
CT006523,Zone_02,Zone_02,0.99,0.0,0.99,0.0,0.01,0.0,0.0,0.0,0.0,0.0,0.0
CT013676,Zone_09,Zone_09,0.99,0.0,0.0,0.0,0.0,0.0,0.0,0.0,0.0,0.99,0.01
CT004482,Zone_07,Zone_08,0.6925,0.0,0.0,0.0,0.0001,0.0,0.0007,0.3066,0.6925,0.0,0.0
CT010455,Zone_05,Zone_05,0.9974,0.0,0.0,0.0,0.0,0.9974,0.0,0.0,0.0026,0.0,0.0
CT000683,Zone_02,Zone_02,1.0,0.0,1.0,0.0,0.0,0.0,0.0,0.0,0.0,0.0,0.0
CT015703,Zone_04,Zone_04,0.9934,0.0,0.0,0.0001,0.9934,0.0,0.0004,0.0062,0.0,0.0,0.0
CT008356,Zone_07,Zone_07,0.9549,0.0,0.0,0.0,0.0001,0.0,0.0035,0.9549,0.0413,0.0,0.0001
CT010251,Zone_07,Zone_07,0.9697,0.0,0.0,0.0,0.0002,0.0,0.0029,0.9697,0.0271,0.0,0.0001
CT003990,Zone_09,Zone_09,0.9804,0.0,0.0,0.0,0.0145,0.0,0.0,0.0051,0.0,0.9804,0.0
CT019032,Zone_07,Zone_07,0.9669,0.0,0.0,0.0,0.0,0.0,0.0118,0.9669,0.0213,0.0,0.0
CT010318,Zone_07,Zone_07,0.7616,0.0,0.0,0.0001,0.029,0.0003,0.0001,0.7616,0.2079,0.0,0.001
CT004377,Zone_08,Zone_08,0.6083,0.0,0.0,0.0,0.0003,0.0,0.0002,0.3912,0.6083,0.0,0.0
CT001187,Zone_05,Zone_05,1.0,0.0,0.0,0.0,0.0,1.0,0.0,0.0,0.0,0.0,0.0
CT004158,Zone_02,Zone_02,1.0,0.0,1.0,0.0,0.0,0.0,0.0,0.0,0.0,0.0,0.0
CT019436,Zone_07,Zone_07,0.9171,0.0,0.0,0.0,0.0036,0.0,0.0209,0.9171,0.0582,0.0,0.0001
CT006701,Zone_04,Zone_04,0.9714,0.0,0.0001,0.0002,0.9714,0.0001,0.0003,0.0185,0.0094,0.0,0.0
CT012513,Zone_04,Zone_04,0.9824,0.0008,0.0001,0.0003,0.9824,0.0001,0.0,0.0085,0.0078,0.0,0.0
CT016260,Zone_07,Zone_07,0.9818,0.0,0.0,0.0,0.0,0.0,0.004,0.9818,0.0142,0.0,0.0
CT002968,Zone_04,Zone_04,0.9934,0.0,0.0,0.0,0.9934,0.0,0.0004,0.0062,0.0,0.0,0.0
CT007870,Zone_08,Zone_08,0.6469,0.0,0.0,0.0,0.0001,0.0,0.0003,0.3527,0.6469,0.0,0.0
CT006504,Zone_07,Zone_07,0.8153,0.0,0.0,0.0,0.0029,0.0,0.1621,0.8153,0.0196,0.0,0.0
CT004196,Zone_07,Zone_07,0.7453,0.0,0.0,0.0001,0.0143,0.0005,0.0006,0.7453,0.2391,0.0,0.0001
CT009461,Zone_07,Zone_07,0.7093,0.0,0.0,0.0,0.0064,0.0001,0.2774,0.7093,0.0067,0.0,0.0002
CT002833,Zone_08,Zone_08,0.956,0.0,0.0001,0.0001,0.0086,0.0002,0.0003,0.0348,0.956,0.0,0.0
CT017160,Zone_08,Zone_08,0.5798,0.0,0.0,0.0,0.0001,0.0,0.0008,0.4193,0.5798,0.0,0.0
CT013150,Zone_04,Zone_04,0.9794,0.0,0.0,0.0002,0.9794,0.0001,0.0002,0.0176,0.0025,0.0,0.0
CT007875,Zone_07,Zone_07,0.7869,0.0,0.0,0.0,0.0169,0.0003,0.0002,0.7869,0.1955,0.0,0.0001
CT009714,Zone_07,Zone_07,0.963,0.0,0.0,0.0,0.009,0.0,0.0025,0.963,0.0254,0.0,0.0001
CT004752,Zone_07,Zone_07,0.761,0.0,0.0,0.0001,0.0195,0.0005,0.0003,0.761,0.2185,0.0,0.0001
CT012254,Zone_02,Zone_02,0.9952,0.0,0.9952,0.0048,0.0,0.0,0.0,0.0,0.0,0.0,0.0
CT016754,Zone_08,Zone_08,0.7646,0.0,0.0,0.0,0.0001,0.0,0.0007,0.2346,0.7646,0.0,0.0
CT014857,Zone_08,Zone_08,0.5554,0.0,0.0002,0.0,0.0003,0.0,0.0002,0.444,0.5554,0.0,0.0
CT019568,Zone_01,Zone_01,1.0,1.0,0.0,0.0,0.0,0.0,0.0,0.0,0.0,0.0,0.0
CT012180,Zone_05,Zone_05,1.0,0.0,0.0,0.0,0.0,1.0,0.0,0.0,0.0,0.0,0.0
CT017142,Zone_02,Zone_02,0.9998,0.0,0.9998,0.0,0.0002,0.0,0.0,0.0,0.0,0.0,0.0
CT006514,Zone_07,Zone_07,0.9693,0.0,0.0,0.0,0.0001,0.0,0.0047,0.9693,0.0258,0.0,0.0001
CT009965,Zone_02,Zone_02,0.9896,0.0,0.9896,0.0104,0.0,0.0,0.0,0.0,0.0,0.0,0.0
CT006208,Zone_04,Zone_04,0.9999,0.0,0.0,0.0,0.9999,0.0,0.0001,0.0,0.0,0.0,0.0
CT008973,Zone_07,Zone_07,0.7969,0.0,0.0,0.0,0.0,0.0,0.1966,0.7969,0.0065,0.0,0.0
CT009225,Zone_02,Zone_02,1.0,0.0,1.0,0.0,0.0,0.0,0.0,0.0,0.0,0.0,0.0
CT001559,Zone_08,Zone_08,0.7452,0.0,0.0,0.0,0.0001,0.0,0.0002,0.2544,0.7452,0.0,0.0
CT006414,Zone_10,Zone_10,1.0,0.0,0.0,0.0,0.0,0.0,0.0,0.0,0.0,0.0,1.0
CT004788,Zone_07,Zone_07,0.9611,0.0,0.0,0.0,0.0001,0.0,0.0055,0.9611,0.0332,0.0,0.0001
CT018772,Zone_08,Zone_08,0.979,0.0,0.0001,0.0001,0.004,0.0002,0.0003,0.0164,0.979,0.0,0.0
CT008651,Zone_04,Zone_04,0.9841,0.0,0.0,0.0001,0.9841,0.0,0.0,0.0093,0.0064,0.0,0.0
CT002119,Zone_03,Zone_03,0.9999,0.0,0.0001,0.9999,0.0,0.0,0.0,0.0,0.0,0.0,0.0
CT002838,Zone_04,Zone_04,0.9999,0.0,0.0,0.0,0.9999,0.0,0.0001,0.0,0.0,0.0,0.0
CT001641,Zone_07,Zone_07,0.9545,0.0,0.0,0.0,0.0001,0.0,0.009,0.9545,0.0363,0.0,0.0001
CT010984,Zone_03,Zone_03,1.0,0.0,0.0,1.0,0.0,0.0,0.0,0.0,0.0,0.0,0.0
CT013553,Zone_02,Zone_02,1.0,0.0,1.0,0.0,0.0,0.0,0.0,0.0,0.0,0.0,0.0
CT012629,Zone_04,Zone_04,0.9999,0.0,0.0,0.0001,0.9999,0.0,0.0001,0.0,0.0,0.0,0.0
CT013513,Zone_07,Zone_07,0.9587,0.0,0.0,0.0,0.0,0.0,0.0038,0.9587,0.0321,0.0,0.0053
CT000402,Zone_06,Zone_06,0.9875,0.0,0.0,0.0,0.0,0.0,0.9875,0.0125,0.0,0.0,0.0
CT017399,Zone_07,Zone_07,0.9817,0.0,0.0,0.0,0.0002,0.0,0.0037,0.9817,0.0143,0.0,0.0001
CT001582,Zone_04,Zone_04,0.9955,0.0,0.0,0.0001,0.9955,0.0,0.0,0.0035,0.0009,0.0,0.0
CT015920,Zone_06,Zone_06,0.9775,0.0,0.0,0.0,0.0,0.0,0.9775,0.0225,0.0,0.0,0.0
CT017298,Zone_05,Zone_05,0.998,0.0,0.0,0.0,0.0,0.998,0.0,0.0,0.002,0.0,0.0
CT006850,Zone_10,Zone_10,1.0,0.0,0.0,0.0,0.0,0.0,0.0,0.0,0.0,0.0,1.0
CT009318,Zone_04,Zone_04,0.9888,0.0,0.0,0.0,0.9888,0.0,0.0,0.0035,0.0077,0.0,0.0
CT010170,Zone_03,Zone_03,0.9904,0.0,0.0096,0.9904,0.0,0.0,0.0,0.0,0.0,0.0,0.0
CT002110,Zone_03,Zone_03,0.9981,0.0,0.0,0.9981,0.0019,0.0,0.0,0.0,0.0,0.0,0.0
CT017357,Zone_08,Zone_08,0.7305,0.0,0.0,0.0,0.0001,0.0,0.0001,0.2693,0.7305,0.0,0.0
CT008989,Zone_02,Zone_02,0.9954,0.0,0.9954,0.0046,0.0,0.0,0.0,0.0,0.0,0.0,0.0
CT013666,Zone_04,Zone_04,0.9934,0.0,0.0,0.0001,0.9934,0.0,0.0004,0.0062,0.0,0.0,0.0
CT004317,Zone_10,Zone_10,1.0,0.0,0.0,0.0,0.0,0.0,0.0,0.0,0.0,0.0,1.0
CT003305,Zone_07,Zone_08,0.6879,0.0,0.0,0.0,0.0001,0.0,0.0008,0.3111,0.6879,0.0,0.0
CT005459,Zone_01,Zone_01,1.0,1.0,0.0,0.0,0.0,0.0,0.0,0.0,0.0,0.0,0.0
CT007699,Zone_03,Zone_03,1.0,0.0,0.0,1.0,0.0,0.0,0.0,0.0,0.0,0.0,0.0
CT004664,Zone_03,Zone_03,0.9956,0.0,0.0044,0.9956,0.0,0.0,0.0,0.0,0.0,0.0,0.0
CT007153,Zone_09,Zone_09,1.0,0.0,0.0,0.0,0.0,0.0,0.0,0.0,0.0,1.0,0.0
CT010402,Zone_03,Zone_03,1.0,0.0,0.0,1.0,0.0,0.0,0.0,0.0,0.0,0.0,0.0
CT019224,Zone_08,Zone_08,0.7125,0.0,0.0,0.0,0.0001,0.0,0.0002,0.2871,0.7125,0.0,0.0
CT019138,Zone_07,Zone_07,0.8757,0.0,0.0,0.0,0.0034,0.0001,0.1133,0.8757,0.0076,0.0,0.0
CT018651,Zone_08,Zone_08,0.6895,0.0,0.0,0.0,0.0001,0.0,0.0034,0.307,0.6895,0.0,0.0
CT010016,Zone_03,Zone_03,1.0,0.0,0.0,1.0,0.0,0.0,0.0,0.0,0.0,0.0,0.0
CT012973,Zone_07,Zone_07,0.914,0.0,0.0,0.0,0.0034,0.0001,0.0697,0.914,0.0129,0.0,0.0
CT018737,Zone_01,Zone_01,1.0,1.0,0.0,0.0,0.0,0.0,0.0,0.0,0.0,0.0,0.0
CT004555,Zone_04,Zone_04,0.9718,0.0,0.0083,0.0004,0.9718,0.0,0.0001,0.0165,0.003,0.0,0.0
CT003864,Zone_04,Zone_04,0.9828,0.0,0.0,0.0009,0.9828,0.0,0.0,0.0077,0.0086,0.0,0.0
CT006312,Zone_07,Zone_07,0.9056,0.0,0.0,0.0,0.007,0.0001,0.0792,0.9056,0.008,0.0,0.0002
CT005194,Zone_07,Zone_08,0.6046,0.0,0.0,0.0,0.0004,0.0003,0.0007,0.394,0.6046,0.0,0.0
CT016171,Zone_07,Zone_07,0.979,0.0,0.0,0.0,0.0,0.0,0.0037,0.979,0.0173,0.0,0.0
CT004862,Zone_07,Zone_07,0.8219,0.0,0.0,0.0,0.0001,0.0,0.1643,0.8219,0.0082,0.0,0.0055
CT004187,Zone_03,Zone_03,0.9989,0.0,0.0011,0.9989,0.0,0.0,0.0,0.0,0.0,0.0,0.0
CT015686,Zone_04,Zone_04,0.9934,0.0,0.0,0.0001,0.9934,0.0,0.0004,0.0062,0.0,0.0,0.0
CT009539,Zone_07,Zone_08,0.6195,0.0,0.0,0.0,0.0001,0.0,0.0007,0.3797,0.6195,0.0,0.0
CT010516,Zone_01,Zone_01,1.0,1.0,0.0,0.0,0.0,0.0,0.0,0.0,0.0,0.0,0.0
CT019446,Zone_07,Zone_07,0.7786,0.0,0.0,0.0001,0.0275,0.0007,0.0004,0.7786,0.1926,0.0,0.0001
CT012605,Zone_01,Zone_01,1.0,1.0,0.0,0.0,0.0,0.0,0.0,0.0,0.0,0.0,0.0
CT017579,Zone_08,Zone_08,0.7089,0.0,0.0,0.0,0.0152,0.0,0.0043,0.2712,0.7089,0.0,0.0002
CT013342,Zone_03,Zone_03,0.9955,0.0,0.0028,0.9955,0.0018,0.0,0.0,0.0,0.0,0.0,0.0
CT019056,Zone_07,Zone_07,0.7711,0.0,0.0,0.0004,0.0239,0.0004,0.0002,0.7711,0.2039,0.0,0.0001
CT001944,Zone_01,Zone_01,1.0,1.0,0.0,0.0,0.0,0.0,0.0,0.0,0.0,0.0,0.0
CT013824,Zone_07,Zone_07,0.8873,0.0,0.0,0.0,0.0069,0.0001,0.0981,0.8873,0.0074,0.0,0.0002
CT007231,Zone_04,Zone_04,0.9934,0.0,0.0,0.0,0.9934,0.0,0.0004,0.0062,0.0,0.0,0.0
CT014288,Zone_03,Zone_03,1.0,0.0,0.0,1.0,0.0,0.0,0.0,0.0,0.0,0.0,0.0
CT013004,Zone_08,Zone_08,0.9712,0.0,0.0001,0.0001,0.0038,0.0002,0.0,0.0246,0.9712,0.0,0.0
CT015930,Zone_03,Zone_03,0.9981,0.0,0.0,0.9981,0.0019,0.0,0.0,0.0,0.0,0.0,0.0
CT001895,Zone_04,Zone_04,0.9955,0.0,0.0,0.0001,0.9955,0.0,0.0,0.0035,0.0009,0.0,0.0
CT005329,Zone_08,Zone_08,0.9854,0.0,0.0,0.0,0.0001,0.0006,0.0,0.014,0.9854,0.0,0.0
CT016652,Zone_07,Zone_07,0.9712,0.0,0.0,0.0,0.0028,0.0,0.0119,0.9712,0.0142,0.0,0.0
CT008286,Zone_03,Zone_03,0.9866,0.0059,0.0074,0.9866,0.0,0.0,0.0,0.0,0.0,0.0,0.0
CT006166,Zone_07,Zone_08,0.7281,0.0,0.0,0.0,0.0001,0.0,0.0002,0.2716,0.7281,0.0,0.0
CT013571,Zone_04,Zone_04,0.9955,0.0,0.0,0.0001,0.9955,0.0,0.0,0.0035,0.0009,0.0,0.0
CT007254,Zone_08,Zone_08,0.6839,0.0,0.0,0.0,0.0001,0.0,0.0006,0.3154,0.6839,0.0,0.0
CT000169,Zone_04,Zone_04,0.9848,0.0,0.0,0.0001,0.9848,0.0,0.0,0.0084,0.0068,0.0,0.0
CT018899,Zone_10,Zone_10,1.0,0.0,0.0,0.0,0.0,0.0,0.0,0.0,0.0,0.0,1.0
CT014561,Zone_07,Zone_07,0.7252,0.0,0.0,0.0001,0.0297,0.0085,0.0002,0.7252,0.2361,0.0,0.0001
CT011948,Zone_08,Zone_08,0.9843,0.0,0.0,0.0,0.0003,0.0006,0.0,0.0149,0.9843,0.0,0.0
CT016840,Zone_07,Zone_07,0.9156,0.0,0.0,0.0,0.0034,0.0001,0.0727,0.9156,0.0083,0.0,0.0
CT005034,Zone_08,Zone_07,0.7548,0.0,0.0,0.0,0.016,0.0005,0.0001,0.7548,0.2285,0.0,0.0001
CT007085,Zone_08,Zone_08,0.5631,0.0,0.0,0.0,0.0001,0.0003,0.0023,0.4341,0.5631,0.0,0.0
CT008774,Zone_07,Zone_07,0.9654,0.0,0.0,0.0,0.0001,0.0,0.0056,0.9654,0.0287,0.0,0.0001
CT004014,Zone_02,Zone_02,1.0,0.0,1.0,0.0,0.0,0.0,0.0,0.0,0.0,0.0,0.0
CT003695,Zone_08,Zone_07,0.9566,0.0,0.0,0.0,0.0036,0.0,0.0038,0.9566,0.0359,0.0,0.0001
CT001373,Zone_08,Zone_08,0.9782,0.0,0.0001,0.0,0.0039,0.0081,0.0003,0.0094,0.9782,0.0,0.0
CT014739,Zone_04,Zone_04,0.9773,0.0,0.0,0.0,0.9773,0.003,0.0,0.0035,0.0162,0.0,0.0
CT006890,Zone_08,Zone_08,0.747,0.0,0.0,0.0,0.0019,0.0,0.0037,0.2474,0.747,0.0,0.0
CT001734,Zone_04,Zone_04,0.9812,0.0001,0.0001,0.0005,0.9812,0.0001,0.0004,0.0097,0.0078,0.0,0.0
CT000523,Zone_03,Zone_03,1.0,0.0,0.0,1.0,0.0,0.0,0.0,0.0,0.0,0.0,0.0
CT015202,Zone_05,Zone_05,1.0,0.0,0.0,0.0,0.0,1.0,0.0,0.0,0.0,0.0,0.0
CT009236,Zone_04,Zone_04,0.9944,0.0,0.0,0.0,0.9944,0.0,0.0001,0.0048,0.0008,0.0,0.0
CT008065,Zone_10,Zone_10,1.0,0.0,0.0,0.0,0.0,0.0,0.0,0.0,0.0,0.0,1.0
CT011259,Zone_08,Zone_08,0.9755,0.0,0.0001,0.0001,0.004,0.0002,0.0,0.0201,0.9755,0.0,0.0
CT007058,Zone_03,Zone_03,0.9956,0.0,0.0044,0.9956,0.0,0.0,0.0,0.0,0.0,0.0,0.0
CT002319,Zone_08,Zone_08,0.9779,0.0,0.0001,0.0001,0.004,0.0002,0.001,0.0168,0.9779,0.0,0.0
CT015906,Zone_02,Zone_02,1.0,0.0,1.0,0.0,0.0,0.0,0.0,0.0,0.0,0.0,0.0
CT005238,Zone_03,Zone_03,1.0,0.0,0.0,1.0,0.0,0.0,0.0,0.0,0.0,0.0,0.0
CT003120,Zone_04,Zone_04,0.9999,0.0,0.0,0.0,0.9999,0.0,0.0001,0.0,0.0,0.0,0.0
CT017332,Zone_04,Zone_04,0.9955,0.0,0.0,0.0001,0.9955,0.0,0.0,0.0035,0.0009,0.0,0.0
CT008307,Zone_07,Zone_08,0.6956,0.0,0.0,0.0,0.0001,0.0,0.0007,0.3036,0.6956,0.0,0.0
CT000176,Zone_02,Zone_02,0.9965,0.0035,0.9965,0.0,0.0,0.0,0.0,0.0,0.0,0.0,0.0
CT003191,Zone_01,Zone_01,1.0,1.0,0.0,0.0,0.0,0.0,0.0,0.0,0.0,0.0,0.0
CT002980,Zone_07,Zone_07,0.9162,0.0,0.0,0.0,0.0034,0.0001,0.0674,0.9162,0.0129,0.0,0.0
CT012239,Zone_10,Zone_10,1.0,0.0,0.0,0.0,0.0,0.0,0.0,0.0,0.0,0.0,1.0
CT010213,Zone_02,Zone_02,0.9948,0.0,0.9948,0.0052,0.0,0.0,0.0,0.0,0.0,0.0,0.0
CT016506,Zone_07,Zone_07,0.9763,0.0,0.0,0.0,0.0037,0.0,0.0047,0.9763,0.0152,0.0,0.0001
CT005173,Zone_07,Zone_07,0.9225,0.0,0.0,0.0,0.0069,0.0001,0.0623,0.9225,0.0083,0.0,0.0
CT003960,Zone_05,Zone_05,0.9987,0.0,0.0,0.0,0.0013,0.9987,0.0,0.0,0.0,0.0,0.0
CT013321,Zone_01,Zone_01,1.0,1.0,0.0,0.0,0.0,0.0,0.0,0.0,0.0,0.0,0.0
CT015471,Zone_01,Zone_01,1.0,1.0,0.0,0.0,0.0,0.0,0.0,0.0,0.0,0.0,0.0
CT012371,Zone_06,Zone_06,0.9884,0.0,0.0,0.0,0.0,0.0,0.9884,0.0116,0.0,0.0,0.0
CT002070,Zone_07,Zone_07,0.8336,0.0,0.0,0.0001,0.0227,0.0005,0.0003,0.8336,0.1416,0.0,0.001
CT011261,Zone_07,Zone_07,0.8348,0.0,0.0,0.0001,0.0275,0.0005,0.0003,0.8348,0.1367,0.0,0.0001
CT002322,Zone_02,Zone_02,0.9952,0.0,0.9952,0.0048,0.0,0.0,0.0,0.0,0.0,0.0,0.0
CT013048,Zone_08,Zone_08,0.7823,0.0,0.0,0.0,0.0001,0.0,0.0002,0.2173,0.7823,0.0,0.0
CT016313,Zone_06,Zone_06,0.9884,0.0,0.0,0.0,0.0,0.0,0.9884,0.0116,0.0,0.0,0.0
CT010421,Zone_01,Zone_01,1.0,1.0,0.0,0.0,0.0,0.0,0.0,0.0,0.0,0.0,0.0
CT016854,Zone_08,Zone_08,0.6773,0.0,0.0,0.0,0.0001,0.0,0.0003,0.3222,0.6773,0.0,0.0
CT012747,Zone_07,Zone_07,0.87,0.0,0.0,0.0,0.0034,0.0001,0.1203,0.87,0.0063,0.0,0.0
CT014302,Zone_07,Zone_08,0.7061,0.0,0.0,0.0,0.0001,0.0,0.0007,0.293,0.7061,0.0,0.0
CT004088,Zone_08,Zone_08,0.6974,0.0,0.0,0.0,0.0002,0.0003,0.0007,0.3013,0.6974,0.0,0.0
CT004644,Zone_02,Zone_02,1.0,0.0,1.0,0.0,0.0,0.0,0.0,0.0,0.0,0.0,0.0
CT006406,Zone_08,Zone_08,0.7331,0.0,0.0,0.0,0.0001,0.0,0.0007,0.2661,0.7331,0.0,0.0
CT003727,Zone_10,Zone_10,1.0,0.0,0.0,0.0,0.0,0.0,0.0,0.0,0.0,0.0,1.0
CT007704,Zone_08,Zone_08,0.7063,0.0,0.0,0.0,0.0001,0.0,0.0002,0.2934,0.7063,0.0,0.0
CT006916,Zone_07,Zone_07,0.9155,0.0,0.0,0.0,0.0063,0.0001,0.0766,0.9155,0.0015,0.0,0.0
CT011670,Zone_07,Zone_08,0.5715,0.0,0.0,0.0,0.001,0.0,0.0006,0.4269,0.5715,0.0,0.0
CT002490,Zone_08,Zone_08,0.745,0.0,0.0,0.0,0.0001,0.0,0.0002,0.2547,0.745,0.0,0.0
CT010197,Zone_03,Zone_03,1.0,0.0,0.0,1.0,0.0,0.0,0.0,0.0,0.0,0.0,0.0
CT008100,Zone_10,Zone_10,1.0,0.0,0.0,0.0,0.0,0.0,0.0,0.0,0.0,0.0,1.0
CT019757,Zone_03,Zone_03,0.9956,0.0,0.0044,0.9956,0.0,0.0,0.0,0.0,0.0,0.0,0.0
CT011778,Zone_04,Zone_04,0.9998,0.0,0.0,0.0001,0.9998,0.0,0.0,0.0001,0.0,0.0,0.0
CT006101,Zone_07,Zone_07,0.824,0.0,0.0,0.0001,0.0217,0.001,0.0003,0.824,0.1528,0.0,0.0001
CT000474,Zone_03,Zone_03,0.9999,0.0,0.0001,0.9999,0.0,0.0,0.0,0.0,0.0,0.0,0.0
CT012953,Zone_04,Zone_04,0.9819,0.0001,0.0046,0.0002,0.9819,0.0001,0.0004,0.0057,0.0069,0.0,0.0
CT010257,Zone_07,Zone_07,0.8791,0.0,0.0,0.0,0.0034,0.0001,0.1156,0.8791,0.0019,0.0,0.0
CT003267,Zone_01,Zone_01,1.0,1.0,0.0,0.0,0.0,0.0,0.0,0.0,0.0,0.0,0.0
CT017246,Zone_04,Zone_04,0.9901,0.0,0.0,0.0001,0.9901,0.0,0.0,0.0073,0.0025,0.0,0.0
CT015739,Zone_03,Zone_03,0.9937,0.0,0.0063,0.9937,0.0,0.0,0.0,0.0,0.0,0.0,0.0
CT015213,Zone_08,Zone_08,0.7582,0.0,0.0,0.0,0.0002,0.0003,0.0007,0.2404,0.7582,0.0,0.0
CT013225,Zone_08,Zone_08,0.7266,0.0,0.0,0.0,0.0001,0.0,0.0002,0.273,0.7266,0.0,0.0
CT006804,Zone_05,Zone_05,0.9887,0.0,0.0,0.0,0.0013,0.9887,0.0067,0.0033,0.0,0.0,0.0
CT007304,Zone_08,Zone_08,0.9677,0.0,0.0,0.0001,0.0035,0.0006,0.0,0.0281,0.9677,0.0,0.0
CT009292,Zone_07,Zone_07,0.8467,0.0,0.0,0.0,0.0034,0.0001,0.1436,0.8467,0.006,0.0,0.0002
CT011993,Zone_07,Zone_07,0.799,0.0,0.0062,0.0,0.0163,0.0,0.1534,0.799,0.025,0.0,0.0
CT012935,Zone_09,Zone_09,1.0,0.0,0.0,0.0,0.0,0.0,0.0,0.0,0.0,1.0,0.0
CT012298,Zone_02,Zone_02,0.9944,0.0,0.9944,0.0056,0.0,0.0,0.0,0.0,0.0,0.0,0.0
CT015029,Zone_07,Zone_08,0.6888,0.0,0.0,0.0,0.0038,0.0001,0.0001,0.3072,0.6888,0.0,0.0
CT005982,Zone_07,Zone_07,0.7527,0.0,0.0,0.0001,0.0234,0.0081,0.0005,0.7527,0.2151,0.0,0.0001
CT015209,Zone_04,Zone_04,0.9416,0.0,0.0,0.0001,0.9416,0.033,0.0,0.0136,0.0118,0.0,0.0
CT004353,Zone_07,Zone_08,0.817,0.0,0.0,0.0,0.0001,0.0,0.0001,0.1828,0.817,0.0,0.0
CT015896,Zone_07,Zone_07,0.8336,0.0,0.0,0.0,0.0149,0.0001,0.1357,0.8336,0.0156,0.0,0.0002
CT004904,Zone_07,Zone_07,0.912,0.0,0.0,0.0,0.007,0.0001,0.0727,0.912,0.0081,0.0,0.0002
CT017327,Zone_06,Zone_07,0.8166,0.0,0.0,0.0,0.0034,0.0001,0.1682,0.8166,0.0069,0.0049,0.0
CT006925,Zone_04,Zone_04,0.9945,0.0,0.0,0.0001,0.9945,0.0,0.0,0.0048,0.0006,0.0,0.0
CT016949,Zone_01,Zone_01,1.0,1.0,0.0,0.0,0.0,0.0,0.0,0.0,0.0,0.0,0.0
CT013803,Zone_03,Zone_03,0.9999,0.0,0.0001,0.9999,0.0,0.0,0.0,0.0,0.0,0.0,0.0
CT018163,Zone_10,Zone_10,0.995,0.0,0.0,0.0,0.0,0.0,0.0,0.0,0.0,0.005,0.995
CT010138,Zone_08,Zone_08,0.5723,0.0,0.0,0.0,0.0005,0.0003,0.0008,0.426,0.5723,0.0,0.0
CT002115,Zone_02,Zone_02,1.0,0.0,1.0,0.0,0.0,0.0,0.0,0.0,0.0,0.0,0.0
CT011675,Zone_02,Zone_02,1.0,0.0,1.0,0.0,0.0,0.0,0.0,0.0,0.0,0.0,0.0
CT012938,Zone_04,Zone_04,0.9707,0.0,0.0,0.0007,0.9707,0.0077,0.0,0.0035,0.0174,0.0,0.0
CT006231,Zone_06,Zone_06,0.9984,0.0,0.0,0.0,0.0,0.0,0.9984,0.0016,0.0,0.0,0.0
CT013934,Zone_08,Zone_08,0.9762,0.0,0.0001,0.0001,0.0073,0.0002,0.0003,0.0159,0.9762,0.0,0.0
CT019149,Zone_04,Zone_04,0.9955,0.0,0.0,0.0,0.9955,0.0,0.0,0.0035,0.001,0.0,0.0
CT007630,Zone_07,Zone_07,0.8401,0.0,0.0,0.0,0.0035,0.0001,0.1485,0.8401,0.0077,0.0,0.0002
CT000367,Zone_07,Zone_07,0.9772,0.0,0.0,0.0,0.0001,0.0,0.0046,0.9772,0.0179,0.0,0.0001
CT000429,Zone_02,Zone_02,0.9952,0.0,0.9952,0.0048,0.0,0.0,0.0,0.0,0.0,0.0,0.0
CT013840,Zone_07,Zone_07,0.8252,0.0,0.0,0.0005,0.014,0.0006,0.0001,0.8252,0.1595,0.0,0.0001
CT007482,Zone_06,Zone_06,0.9984,0.0,0.0,0.0,0.0,0.0,0.9984,0.0016,0.0,0.0,0.0
CT012396,Zone_05,Zone_05,0.9892,0.0,0.0,0.0,0.0062,0.9892,0.0,0.0021,0.0026,0.0,0.0
CT003876,Zone_08,Zone_08,0.9801,0.0,0.0001,0.0001,0.0038,0.0002,0.0003,0.0155,0.9801,0.0,0.0
CT004107,Zone_07,Zone_08,0.7061,0.0,0.0,0.0,0.0001,0.0003,0.0002,0.2932,0.7061,0.0,0.0
CT004609,Zone_03,Zone_03,0.9999,0.0,0.0001,0.9999,0.0,0.0,0.0,0.0,0.0,0.0,0.0
CT019730,Zone_08,Zone_08,0.7686,0.0,0.0,0.0,0.0001,0.0003,0.0007,0.2302,0.7686,0.0,0.0
CT005384,Zone_01,Zone_01,1.0,1.0,0.0,0.0,0.0,0.0,0.0,0.0,0.0,0.0,0.0
CT014478,Zone_07,Zone_07,0.9032,0.0,0.0,0.0,0.0064,0.0,0.0776,0.9032,0.0128,0.0,0.0
CT005160,Zone_04,Zone_04,0.9999,0.0,0.0,0.0,0.9999,0.0,0.0001,0.0,0.0,0.0,0.0
CT018917,Zone_05,Zone_05,0.9977,0.0,0.0,0.0,0.0023,0.9977,0.0,0.0,0.0,0.0,0.0
CT013908,Zone_08,Zone_08,0.9613,0.0,0.0001,0.0003,0.008,0.0001,0.001,0.0292,0.9613,0.0,0.0
CT016425,Zone_07,Zone_08,0.7102,0.0,0.0,0.0,0.0001,0.0,0.0002,0.2894,0.7102,0.0,0.0
CT006573,Zone_08,Zone_08,0.7284,0.0,0.0,0.0,0.0001,0.0,0.0007,0.2708,0.7284,0.0,0.0
CT009051,Zone_03,Zone_03,1.0,0.0,0.0,1.0,0.0,0.0,0.0,0.0,0.0,0.0,0.0
CT004104,Zone_04,Zone_04,0.9999,0.0,0.0,0.0,0.9999,0.0,0.0001,0.0,0.0,0.0,0.0
CT004529,Zone_04,Zone_04,0.9815,0.0001,0.0001,0.0002,0.9815,0.0001,0.0004,0.0097,0.0078,0.0,0.0
CT003080,Zone_04,Zone_04,0.9763,0.0001,0.0001,0.0003,0.9763,0.0001,0.0005,0.0138,0.0088,0.0,0.0
CT011148,Zone_02,Zone_02,1.0,0.0,1.0,0.0,0.0,0.0,0.0,0.0,0.0,0.0,0.0
CT009496,Zone_03,Zone_03,1.0,0.0,0.0,1.0,0.0,0.0,0.0,0.0,0.0,0.0,0.0
CT018393,Zone_01,Zone_01,1.0,1.0,0.0,0.0,0.0,0.0,0.0,0.0,0.0,0.0,0.0
CT007541,Zone_10,Zone_10,1.0,0.0,0.0,0.0,0.0,0.0,0.0,0.0,0.0,0.0,1.0
CT003980,Zone_07,Zone_08,0.6776,0.0,0.0,0.0,0.001,0.0,0.0006,0.3208,0.6776,0.0,0.0
CT016162,Zone_04,Zone_04,0.9725,0.0,0.0084,0.0007,0.9725,0.0001,0.0,0.0096,0.0088,0.0,0.0
CT005811,Zone_07,Zone_07,0.8035,0.0,0.0,0.0001,0.0178,0.0008,0.0008,0.8035,0.1769,0.0,0.0001
CT004265,Zone_07,Zone_08,0.6693,0.0,0.0,0.0,0.0001,0.0,0.0008,0.3298,0.6693,0.0,0.0
CT002298,Zone_02,Zone_02,1.0,0.0,1.0,0.0,0.0,0.0,0.0,0.0,0.0,0.0,0.0
CT005476,Zone_03,Zone_03,1.0,0.0,0.0,1.0,0.0,0.0,0.0,0.0,0.0,0.0,0.0
CT000892,Zone_10,Zone_10,1.0,0.0,0.0,0.0,0.0,0.0,0.0,0.0,0.0,0.0,1.0
CT007667,Zone_07,Zone_07,0.9769,0.0,0.0,0.0,0.0001,0.0,0.0026,0.9769,0.0203,0.0,0.0001
CT010793,Zone_07,Zone_07,0.7678,0.0,0.0,0.0001,0.033,0.0007,0.0002,0.7678,0.1982,0.0,0.0001
CT013985,Zone_10,Zone_10,1.0,0.0,0.0,0.0,0.0,0.0,0.0,0.0,0.0,0.0,1.0
CT003668,Zone_03,Zone_03,0.9999,0.0,0.0001,0.9999,0.0,0.0,0.0,0.0,0.0,0.0,0.0
CT004759,Zone_02,Zone_02,0.9954,0.0,0.9954,0.0046,0.0,0.0,0.0,0.0,0.0,0.0,0.0
CT002621,Zone_07,Zone_07,0.8765,0.0,0.0,0.0,0.0063,0.0001,0.1087,0.8765,0.0085,0.0,0.0
CT014877,Zone_06,Zone_06,0.9975,0.0,0.0,0.0,0.0,0.0,0.9975,0.0025,0.0,0.0,0.0
CT008558,Zone_08,Zone_08,0.662,0.0,0.0,0.0,0.0001,0.0,0.0017,0.3361,0.662,0.0,0.0
CT009183,Zone_08,Zone_08,0.9699,0.0,0.0,0.0001,0.0048,0.0005,0.0001,0.0246,0.9699,0.0,0.0
CT008366,Zone_10,Zone_10,1.0,0.0,0.0,0.0,0.0,0.0,0.0,0.0,0.0,0.0,1.0
CT005257,Zone_08,Zone_08,0.6916,0.0,0.0,0.0,0.0001,0.0,0.0002,0.3081,0.6916,0.0,0.0
CT019248,Zone_07,Zone_07,0.7804,0.0,0.0,0.0001,0.0193,0.0005,0.0005,0.7804,0.199,0.0,0.0001
CT010510,Zone_07,Zone_07,0.9709,0.0,0.0,0.0,0.0001,0.0005,0.0027,0.9709,0.0257,0.0,0.0001
CT016053,Zone_10,Zone_10,1.0,0.0,0.0,0.0,0.0,0.0,0.0,0.0,0.0,0.0,1.0
CT001623,Zone_07,Zone_07,0.9521,0.0,0.0,0.0,0.0122,0.0,0.0191,0.9521,0.0166,0.0,0.0
CT018389,Zone_07,Zone_07,0.9793,0.0,0.0,0.0,0.0001,0.0005,0.003,0.9793,0.0171,0.0,0.0001
CT008515,Zone_05,Zone_05,0.9974,0.0,0.0,0.0,0.0,0.9974,0.0,0.0021,0.0005,0.0,0.0
CT009442,Zone_10,Zone_10,0.99,0.0,0.0,0.0,0.01,0.0,0.0,0.0,0.0,0.0,0.99
CT017955,Zone_09,Zone_09,0.9994,0.0,0.0,0.0,0.0,0.0,0.0,0.0,0.0,0.9994,0.0006
CT016258,Zone_03,Zone_03,1.0,0.0,0.0,1.0,0.0,0.0,0.0,0.0,0.0,0.0,0.0
CT018617,Zone_02,Zone_02,1.0,0.0,1.0,0.0,0.0,0.0,0.0,0.0,0.0,0.0,0.0
CT010955,Zone_06,Zone_06,0.995,0.0,0.0,0.0,0.0,0.0,0.995,0.0038,0.0012,0.0,0.0
CT012905,Zone_03,Zone_03,1.0,0.0,0.0,1.0,0.0,0.0,0.0,0.0,0.0,0.0,0.0
CT011705,Zone_03,Zone_03,0.9999,0.0,0.0001,0.9999,0.0,0.0,0.0,0.0,0.0,0.0,0.0
CT009210,Zone_07,Zone_07,0.9733,0.0,0.0,0.0,0.0001,0.0,0.0029,0.9733,0.0235,0.0,0.0001
CT010744,Zone_07,Zone_07,0.9629,0.0,0.0,0.0,0.0037,0.0,0.0061,0.9629,0.0219,0.0,0.0054
CT001575,Zone_03,Zone_03,1.0,0.0,0.0,1.0,0.0,0.0,0.0,0.0,0.0,0.0,0.0
CT009750,Zone_03,Zone_03,1.0,0.0,0.0,1.0,0.0,0.0,0.0,0.0,0.0,0.0,0.0
CT019603,Zone_09,Zone_09,0.9987,0.0,0.0,0.0,0.0,0.0,0.0,0.0,0.0,0.9987,0.0013
CT017224,Zone_04,Zone_04,0.9547,0.0097,0.0063,0.0003,0.9547,0.0001,0.0003,0.0197,0.009,0.0,0.0
CT003952,Zone_10,Zone_10,1.0,0.0,0.0,0.0,0.0,0.0,0.0,0.0,0.0,0.0,1.0
CT002709,Zone_01,Zone_01,1.0,1.0,0.0,0.0,0.0,0.0,0.0,0.0,0.0,0.0,0.0
CT017740,Zone_07,Zone_07,0.7861,0.0,0.0,0.0001,0.0156,0.001,0.0001,0.7861,0.1969,0.0,0.0001
CT004834,Zone_07,Zone_07,0.9682,0.0,0.0,0.0,0.0036,0.0,0.0062,0.9682,0.022,0.0,0.0
CT007659,Zone_03,Zone_03,1.0,0.0,0.0,1.0,0.0,0.0,0.0,0.0,0.0,0.0,0.0
CT014138,Zone_10,Zone_10,1.0,0.0,0.0,0.0,0.0,0.0,0.0,0.0,0.0,0.0,1.0
CT013936,Zone_08,Zone_08,0.9655,0.0,0.0001,0.0001,0.004,0.0102,0.0003,0.0199,0.9655,0.0,0.0
CT010186,Zone_03,Zone_03,1.0,0.0,0.0,1.0,0.0,0.0,0.0,0.0,0.0,0.0,0.0
CT001566,Zone_08,Zone_08,0.9761,0.0,0.0001,0.0,0.0106,0.0001,0.0003,0.0128,0.9761,0.0,0.0
CT006901,Zone_05,Zone_05,1.0,0.0,0.0,0.0,0.0,1.0,0.0,0.0,0.0,0.0,0.0
CT009170,Zone_04,Zone_04,0.9928,0.0,0.0,0.0001,0.9928,0.0,0.001,0.006,0.0001,0.0,0.0
CT001644,Zone_01,Zone_01,1.0,1.0,0.0,0.0,0.0,0.0,0.0,0.0,0.0,0.0,0.0
CT018640,Zone_09,Zone_09,0.98,0.0,0.0,0.0,0.01,0.0,0.0,0.0081,0.0019,0.98,0.0
CT011698,Zone_07,Zone_07,0.7707,0.0,0.0,0.0001,0.0062,0.0003,0.0001,0.7707,0.2224,0.0,0.0001
CT013858,Zone_04,Zone_04,0.9902,0.0,0.0,0.0001,0.9902,0.0036,0.0,0.0038,0.0024,0.0,0.0
CT008036,Zone_07,Zone_07,0.8626,0.0,0.0,0.0,0.0029,0.0,0.1217,0.8626,0.0127,0.0,0.0
CT000620,Zone_02,Zone_02,1.0,0.0,1.0,0.0,0.0,0.0,0.0,0.0,0.0,0.0,0.0
CT005000,Zone_08,Zone_08,0.7273,0.0,0.0,0.0,0.0001,0.0,0.0007,0.2718,0.7273,0.0,0.0
CT013835,Zone_07,Zone_08,0.6373,0.0,0.0,0.0,0.0001,0.0003,0.0007,0.3616,0.6373,0.0,0.0
CT013161,Zone_02,Zone_02,0.99,0.0,0.99,0.01,0.0,0.0,0.0,0.0,0.0,0.0,0.0
CT014410,Zone_08,Zone_08,0.7336,0.0,0.0,0.0,0.0001,0.0,0.0002,0.266,0.7336,0.0,0.0
CT004673,Zone_02,Zone_02,1.0,0.0,1.0,0.0,0.0,0.0,0.0,0.0,0.0,0.0,0.0
CT014750,Zone_06,Zone_06,0.9962,0.0,0.0,0.0,0.0,0.0,0.9962,0.0038,0.0,0.0,0.0
CT010241,Zone_04,Zone_04,0.9999,0.0,0.0,0.0,0.9999,0.0,0.0001,0.0,0.0,0.0,0.0
CT005552,Zone_02,Zone_02,1.0,0.0,1.0,0.0,0.0,0.0,0.0,0.0,0.0,0.0,0.0
CT013890,Zone_03,Zone_03,1.0,0.0,0.0,1.0,0.0,0.0,0.0,0.0,0.0,0.0,0.0
CT009851,Zone_04,Zone_04,0.9762,0.0001,0.0001,0.0004,0.9762,0.0001,0.0005,0.0138,0.0088,0.0,0.0
CT009117,Zone_03,Zone_03,1.0,0.0,0.0,1.0,0.0,0.0,0.0,0.0,0.0,0.0,0.0
CT000914,Zone_10,Zone_10,1.0,0.0,0.0,0.0,0.0,0.0,0.0,0.0,0.0,0.0,1.0
CT008781,Zone_07,Zone_08,0.7081,0.0,0.0,0.0,0.0001,0.0,0.0008,0.291,0.7081,0.0,0.0
CT006854,Zone_08,Zone_08,0.9832,0.0,0.0,0.0,0.0049,0.0001,0.0003,0.0116,0.9832,0.0,0.0
CT004665,Zone_07,Zone_07,0.779,0.0,0.0,0.0001,0.0161,0.0004,0.0003,0.779,0.204,0.0,0.0001
CT018249,Zone_06,Zone_06,0.9984,0.0,0.0,0.0,0.0,0.0,0.9984,0.0016,0.0,0.0,0.0
CT018001,Zone_03,Zone_03,1.0,0.0,0.0,1.0,0.0,0.0,0.0,0.0,0.0,0.0,0.0
CT009980,Zone_03,Zone_03,0.9937,0.0,0.003,0.9937,0.0032,0.0,0.0,0.0,0.0,0.0,0.0
CT013741,Zone_07,Zone_07,0.7753,0.0,0.0,0.0001,0.0187,0.0004,0.0002,0.7753,0.2052,0.0,0.0001
CT018776,Zone_08,Zone_08,0.98,0.0,0.0,0.0001,0.0001,0.0001,0.0003,0.0194,0.98,0.0,0.0
CT011895,Zone_02,Zone_02,1.0,0.0,1.0,0.0,0.0,0.0,0.0,0.0,0.0,0.0,0.0
CT005849,Zone_03,Zone_03,1.0,0.0,0.0,1.0,0.0,0.0,0.0,0.0,0.0,0.0,0.0
CT014991,Zone_06,Zone_06,0.9875,0.0,0.0,0.0,0.0,0.0,0.9875,0.0125,0.0,0.0,0.0
CT015678,Zone_02,Zone_02,0.9943,0.0,0.9943,0.0057,0.0,0.0,0.0,0.0,0.0,0.0,0.0
CT006291,Zone_07,Zone_08,0.6841,0.0,0.0,0.0,0.0001,0.0,0.0003,0.3155,0.6841,0.0,0.0
CT004338,Zone_02,Zone_02,0.9244,0.0,0.9244,0.0457,0.01,0.0,0.0001,0.0045,0.0053,0.0,0.01
CT012599,Zone_08,Zone_08,0.6565,0.0,0.0,0.0,0.0001,0.0,0.0007,0.3427,0.6565,0.0,0.0
CT007341,Zone_07,Zone_07,0.7287,0.0,0.0,0.0,0.027,0.0004,0.0002,0.7287,0.2436,0.0,0.0001
CT009705,Zone_04,Zone_04,0.9913,0.0,0.0,0.0001,0.9913,0.0,0.0001,0.0086,0.0,0.0,0.0
CT003318,Zone_03,Zone_03,0.9899,0.0,0.0101,0.9899,0.0,0.0,0.0,0.0,0.0,0.0,0.0
CT014931,Zone_04,Zone_04,0.9934,0.0,0.0,0.0,0.9934,0.0,0.0004,0.0062,0.0,0.0,0.0
CT015194,Zone_04,Zone_04,0.9999,0.0,0.0,0.0,0.9999,0.0,0.0001,0.0,0.0,0.0,0.0
CT011100,Zone_08,Zone_08,0.9804,0.0,0.0001,0.0001,0.0039,0.0002,0.0003,0.0152,0.9804,0.0,0.0
CT007927,Zone_01,Zone_01,1.0,1.0,0.0,0.0,0.0,0.0,0.0,0.0,0.0,0.0,0.0
CT012374,Zone_02,Zone_02,0.9944,0.0,0.9944,0.0056,0.0,0.0,0.0,0.0,0.0,0.0,0.0
CT015055,Zone_07,Zone_07,0.9197,0.0,0.0,0.0,0.0034,0.0001,0.0606,0.9197,0.0163,0.0,0.0
CT006319,Zone_08,Zone_08,0.9773,0.0,0.0001,0.0,0.0039,0.0063,0.0,0.0125,0.9773,0.0,0.0
CT003115,Zone_08,Zone_08,0.9814,0.0,0.0001,0.0001,0.004,0.0002,0.0003,0.0141,0.9814,0.0,0.0
CT014272,Zone_07,Zone_07,0.9676,0.0,0.0,0.0,0.0001,0.0,0.0059,0.9676,0.0263,0.0,0.0001
CT016088,Zone_02,Zone_02,1.0,0.0,1.0,0.0,0.0,0.0,0.0,0.0,0.0,0.0,0.0
CT008715,Zone_02,Zone_02,1.0,0.0,1.0,0.0,0.0,0.0,0.0,0.0,0.0,0.0,0.0
CT005403,Zone_05,Zone_05,0.998,0.0,0.0,0.0,0.0,0.998,0.0,0.0,0.002,0.0,0.0
CT001118,Zone_07,Zone_07,0.9647,0.0,0.0,0.0,0.0036,0.0,0.0138,0.9647,0.0179,0.0,0.0
CT014203,Zone_07,Zone_07,0.7989,0.0,0.0,0.0,0.0034,0.0001,0.1843,0.7989,0.0131,0.0,0.0002
CT013603,Zone_08,Zone_08,0.9787,0.0,0.0001,0.0001,0.0038,0.0002,0.0003,0.017,0.9787,0.0,0.0
CT017056,Zone_01,Zone_01,1.0,1.0,0.0,0.0,0.0,0.0,0.0,0.0,0.0,0.0,0.0
CT002208,Zone_08,Zone_08,0.9784,0.0,0.0001,0.0,0.0085,0.0001,0.0003,0.0127,0.9784,0.0,0.0
CT006221,Zone_08,Zone_08,0.9809,0.0,0.0001,0.0,0.0071,0.0001,0.0003,0.0116,0.9809,0.0,0.0
CT019685,Zone_08,Zone_08,0.9848,0.0,0.0001,0.0,0.0039,0.0001,0.0003,0.0108,0.9848,0.0,0.0
CT003530,Zone_08,Zone_08,0.9621,0.0,0.0001,0.0001,0.0038,0.0002,0.0003,0.0335,0.9621,0.0,0.0
CT015892,Zone_08,Zone_08,0.7804,0.0,0.0,0.0,0.0001,0.0,0.0002,0.2193,0.7804,0.0,0.0
CT009276,Zone_02,Zone_02,1.0,0.0,1.0,0.0,0.0,0.0,0.0,0.0,0.0,0.0,0.0
CT011499,Zone_07,Zone_07,0.8033,0.0,0.0,0.0001,0.0217,0.0076,0.0016,0.8033,0.1646,0.0,0.001
CT005250,Zone_07,Zone_07,0.9105,0.0,0.0,0.0,0.0034,0.0001,0.078,0.9105,0.008,0.0,0.0
CT000830,Zone_04,Zone_04,0.9635,0.0,0.0,0.009,0.9635,0.0001,0.0002,0.0207,0.0065,0.0,0.0
CT019390,Zone_04,Zone_04,0.9785,0.0,0.0,0.0001,0.9785,0.01,0.0,0.0059,0.0055,0.0,0.0
CT014381,Zone_07,Zone_07,0.816,0.0,0.0,0.0,0.0181,0.0005,0.0001,0.816,0.1652,0.0,0.0001
CT016812,Zone_10,Zone_10,0.9921,0.0,0.0079,0.0,0.0,0.0,0.0,0.0,0.0,0.0,0.9921
CT008883,Zone_07,Zone_08,0.6721,0.0,0.0,0.0,0.0001,0.0,0.0002,0.3275,0.6721,0.0,0.0
CT013493,Zone_07,Zone_07,0.7853,0.0,0.0,0.0,0.0034,0.0001,0.2031,0.7853,0.0082,0.0,0.0
CT019104,Zone_08,Zone_08,0.685,0.0,0.0,0.0,0.0001,0.0,0.0008,0.314,0.685,0.0,0.0
CT011223,Zone_02,Zone_02,1.0,0.0,1.0,0.0,0.0,0.0,0.0,0.0,0.0,0.0,0.0
CT014474,Zone_02,Zone_02,1.0,0.0,1.0,0.0,0.0,0.0,0.0,0.0,0.0,0.0,0.0
CT015843,Zone_08,Zone_08,0.9758,0.0,0.0001,0.0001,0.0039,0.0002,0.0003,0.0197,0.9758,0.0,0.0
CT014644,Zone_07,Zone_08,0.7643,0.0,0.0,0.0,0.0001,0.0003,0.0007,0.2345,0.7643,0.0,0.0
CT005539,Zone_05,Zone_05,0.9874,0.0,0.0,0.0,0.0026,0.9874,0.0,0.0,0.01,0.0,0.0
CT011815,Zone_08,Zone_08,0.9757,0.0,0.0001,0.0001,0.0087,0.0002,0.0003,0.015,0.9757,0.0,0.0
CT001953,Zone_07,Zone_07,0.9526,0.0,0.0,0.0,0.0001,0.0005,0.0113,0.9526,0.0354,0.0,0.0001
CT010789,Zone_02,Zone_02,0.9965,0.0035,0.9965,0.0,0.0,0.0,0.0,0.0,0.0,0.0,0.0
CT012997,Zone_07,Zone_07,0.8998,0.0,0.0,0.0,0.012,0.0001,0.0863,0.8998,0.0016,0.0,0.0002
CT015999,Zone_07,Zone_07,0.9797,0.0,0.0,0.0,0.0029,0.0,0.0033,0.9797,0.0141,0.0,0.0
CT017662,Zone_01,Zone_01,1.0,1.0,0.0,0.0,0.0,0.0,0.0,0.0,0.0,0.0,0.0
CT012662,Zone_04,Zone_04,0.9866,0.0,0.0,0.0,0.9866,0.0,0.0,0.0115,0.0018,0.0,0.0
CT014464,Zone_04,Zone_04,0.9635,0.0101,0.0001,0.0003,0.9635,0.0001,0.0004,0.0159,0.0095,0.0,0.0
CT003915,Zone_05,Zone_05,0.9974,0.0,0.0,0.0,0.0,0.9974,0.0,0.0021,0.0005,0.0,0.0
CT003849,Zone_04,Zone_04,0.9855,0.0,0.0,0.0001,0.9855,0.0,0.0,0.0125,0.002,0.0,0.0
CT009762,Zone_02,Zone_02,0.9907,0.0,0.9907,0.0093,0.0,0.0,0.0,0.0,0.0,0.0,0.0
CT015372,Zone_02,Zone_02,1.0,0.0,1.0,0.0,0.0,0.0,0.0,0.0,0.0,0.0,0.0
CT000282,Zone_01,Zone_01,1.0,1.0,0.0,0.0,0.0,0.0,0.0,0.0,0.0,0.0,0.0
CT014007,Zone_07,Zone_07,0.8794,0.0,0.0,0.0,0.0064,0.0001,0.1006,0.8794,0.0134,0.0,0.0002
CT011393,Zone_08,Zone_08,0.7347,0.0,0.0,0.0,0.0001,0.0,0.0007,0.2645,0.7347,0.0,0.0
CT017804,Zone_07,Zone_08,0.6738,0.0,0.0,0.0,0.0001,0.0,0.0002,0.3259,0.6738,0.0,0.0
CT016247,Zone_07,Zone_07,0.7819,0.0,0.0,0.006,0.033,0.0082,0.0005,0.7819,0.1704,0.0,0.0001
CT011302,Zone_10,Zone_10,1.0,0.0,0.0,0.0,0.0,0.0,0.0,0.0,0.0,0.0,1.0
CT016546,Zone_08,Zone_08,0.9609,0.0,0.0,0.0,0.0046,0.0006,0.0,0.0339,0.9609,0.0,0.0
CT007929,Zone_02,Zone_02,0.998,0.002,0.998,0.0,0.0,0.0,0.0,0.0,0.0,0.0,0.0
CT018385,Zone_08,Zone_08,0.6805,0.0,0.0,0.0,0.0001,0.0,0.0009,0.3185,0.6805,0.0,0.0
CT005206,Zone_02,Zone_02,1.0,0.0,1.0,0.0,0.0,0.0,0.0,0.0,0.0,0.0,0.0
CT017922,Zone_06,Zone_06,0.9884,0.0,0.0,0.0,0.0,0.0,0.9884,0.0116,0.0,0.0,0.0
CT013621,Zone_07,Zone_08,0.637,0.0,0.0,0.0,0.0001,0.0001,0.0007,0.3621,0.637,0.0,0.0
CT017269,Zone_07,Zone_07,0.9729,0.0,0.0,0.0,0.0046,0.0005,0.003,0.9729,0.0189,0.0,0.0001
CT013140,Zone_07,Zone_07,0.887,0.0,0.0,0.0,0.0029,0.0,0.1068,0.887,0.0033,0.0,0.0
CT012218,Zone_04,Zone_04,0.9955,0.0,0.0,0.0001,0.9955,0.0,0.0,0.0035,0.0009,0.0,0.0
CT000827,Zone_08,Zone_08,0.7472,0.0,0.0,0.0,0.0001,0.0,0.0002,0.2525,0.7472,0.0,0.0
CT011791,Zone_07,Zone_08,0.7234,0.0,0.0,0.0,0.0001,0.0,0.0002,0.2762,0.7234,0.0,0.0
CT011106,Zone_01,Zone_01,1.0,1.0,0.0,0.0,0.0,0.0,0.0,0.0,0.0,0.0,0.0
CT010885,Zone_06,Zone_06,0.9775,0.0,0.0,0.0,0.0,0.0,0.9775,0.0225,0.0,0.0,0.0
CT013330,Zone_07,Zone_07,0.7997,0.0,0.0,0.0001,0.0247,0.0086,0.0004,0.7997,0.1664,0.0,0.0001
CT004583,Zone_07,Zone_07,0.8601,0.0,0.0,0.0,0.0086,0.0,0.119,0.8601,0.0069,0.0,0.0055
CT014788,Zone_07,Zone_07,0.8702,0.0,0.0,0.0,0.0036,0.0,0.1188,0.8702,0.0073,0.0,0.0002
CT001300,Zone_05,Zone_05,1.0,0.0,0.0,0.0,0.0,1.0,0.0,0.0,0.0,0.0,0.0
CT011782,Zone_07,Zone_07,0.7676,0.0,0.0,0.0001,0.0283,0.0014,0.0005,0.7676,0.2019,0.0,0.0001
CT009150,Zone_03,Zone_03,1.0,0.0,0.0,1.0,0.0,0.0,0.0,0.0,0.0,0.0,0.0
CT007601,Zone_09,Zone_09,1.0,0.0,0.0,0.0,0.0,0.0,0.0,0.0,0.0,1.0,0.0
CT014107,Zone_07,Zone_07,0.9676,0.0,0.0,0.0,0.0047,0.0005,0.0063,0.9676,0.0208,0.0,0.0001
CT013183,Zone_03,Zone_03,0.9956,0.0,0.0044,0.9956,0.0,0.0,0.0,0.0,0.0,0.0,0.0
CT002945,Zone_04,Zone_04,0.9999,0.0,0.0,0.0001,0.9999,0.0,0.0001,0.0,0.0,0.0,0.0
CT011594,Zone_08,Zone_08,0.6714,0.0,0.0,0.0,0.001,0.0,0.0006,0.327,0.6714,0.0,0.0
CT017406,Zone_07,Zone_08,0.7044,0.0,0.0,0.0,0.0001,0.0,0.0002,0.2952,0.7044,0.0,0.0
CT010579,Zone_04,Zone_04,0.9763,0.0001,0.0001,0.0003,0.9763,0.0001,0.0005,0.0138,0.0088,0.0,0.0
CT013916,Zone_08,Zone_08,0.7572,0.0,0.0,0.0,0.0001,0.0,0.0007,0.242,0.7572,0.0,0.0
CT010180,Zone_08,Zone_08,0.6598,0.0,0.0,0.0,0.0001,0.0,0.0002,0.3399,0.6598,0.0,0.0
CT017695,Zone_08,Zone_08,0.9758,0.0,0.0001,0.0001,0.0082,0.0002,0.001,0.0146,0.9758,0.0,0.0
CT017177,Zone_07,Zone_08,0.7385,0.0,0.0,0.0,0.0001,0.0,0.0007,0.2607,0.7385,0.0,0.0
CT016847,Zone_04,Zone_04,0.9769,0.0001,0.0001,0.0001,0.9769,0.0021,0.0004,0.0124,0.0079,0.0,0.0
CT013733,Zone_08,Zone_08,0.9802,0.0,0.0001,0.0001,0.004,0.0002,0.0,0.0154,0.9802,0.0,0.0
CT018926,Zone_01,Zone_01,1.0,1.0,0.0,0.0,0.0,0.0,0.0,0.0,0.0,0.0,0.0
CT018565,Zone_07,Zone_08,0.6758,0.0,0.0,0.0,0.0001,0.0,0.0002,0.3238,0.6758,0.0,0.0
CT001890,Zone_08,Zone_08,0.9786,0.0,0.0001,0.0001,0.0038,0.0014,0.0,0.0159,0.9786,0.0,0.0
CT004084,Zone_04,Zone_04,0.9999,0.0,0.0,0.0,0.9999,0.0,0.0001,0.0,0.0,0.0,0.0
CT004692,Zone_04,Zone_04,0.9574,0.0,0.0001,0.0002,0.9574,0.0001,0.0003,0.0297,0.0122,0.0,0.0
CT006765,Zone_04,Zone_04,0.9999,0.0,0.0,0.0001,0.9999,0.0,0.0,0.0,0.0,0.0,0.0
CT005661,Zone_08,Zone_08,0.984,0.0,0.0,0.0,0.0045,0.0005,0.0001,0.011,0.984,0.0,0.0
CT013626,Zone_07,Zone_08,0.6382,0.0,0.0,0.0,0.0001,0.0003,0.0003,0.361,0.6382,0.0,0.0
CT000475,Zone_04,Zone_04,0.9944,0.0,0.0,0.0,0.9944,0.0,0.0001,0.0048,0.0008,0.0,0.0
CT007821,Zone_08,Zone_08,0.7263,0.0,0.0,0.0,0.0001,0.0,0.0002,0.2734,0.7263,0.0,0.0
CT011650,Zone_07,Zone_07,0.901,0.0,0.0,0.0,0.0035,0.0,0.0826,0.901,0.0128,0.0,0.0
CT007071,Zone_08,Zone_08,0.5875,0.0,0.0,0.0,0.0001,0.0,0.0003,0.4121,0.5875,0.0,0.0
CT000127,Zone_04,Zone_04,0.9955,0.0,0.0,0.0,0.9955,0.0,0.0,0.0035,0.001,0.0,0.0
CT006190,Zone_07,Zone_08,0.6556,0.0,0.0,0.0,0.001,0.0,0.0006,0.3428,0.6556,0.0,0.0
CT019805,Zone_02,Zone_02,1.0,0.0,1.0,0.0,0.0,0.0,0.0,0.0,0.0,0.0,0.0
CT006969,Zone_08,Zone_08,0.7615,0.0,0.0,0.0,0.0001,0.0003,0.0007,0.2374,0.7615,0.0,0.0
CT007502,Zone_07,Zone_08,0.7141,0.0,0.0,0.0,0.0001,0.0,0.0002,0.2855,0.7141,0.0,0.0
CT014095,Zone_02,Zone_02,1.0,0.0,1.0,0.0,0.0,0.0,0.0,0.0,0.0,0.0,0.0
CT007831,Zone_10,Zone_10,1.0,0.0,0.0,0.0,0.0,0.0,0.0,0.0,0.0,0.0,1.0
CT009264,Zone_07,Zone_07,0.901,0.0,0.0,0.0,0.0034,0.0001,0.0828,0.901,0.0126,0.0,0.0002
CT004763,Zone_06,Zone_06,0.9984,0.0,0.0,0.0,0.0,0.0,0.9984,0.0016,0.0,0.0,0.0
CT018894,Zone_03,Zone_03,0.9904,0.0,0.0096,0.9904,0.0,0.0,0.0,0.0,0.0,0.0,0.0
CT007606,Zone_10,Zone_10,1.0,0.0,0.0,0.0,0.0,0.0,0.0,0.0,0.0,0.0,1.0
CT001929,Zone_02,Zone_02,0.9954,0.0,0.9954,0.0046,0.0,0.0,0.0,0.0,0.0,0.0,0.0
CT004052,Zone_07,Zone_08,0.6597,0.0,0.0,0.0,0.0001,0.0001,0.0007,0.3394,0.6597,0.0,0.0
CT005673,Zone_05,Zone_05,1.0,0.0,0.0,0.0,0.0,1.0,0.0,0.0,0.0,0.0,0.0
CT004100,Zone_06,Zone_06,0.9988,0.0,0.0,0.0,0.0,0.0,0.9988,0.0012,0.0,0.0,0.0
CT009828,Zone_08,Zone_08,0.9682,0.0,0.0001,0.0001,0.008,0.0002,0.001,0.0224,0.9682,0.0,0.0
CT001093,Zone_04,Zone_04,0.9999,0.0,0.0,0.0,0.9999,0.0,0.0001,0.0,0.0,0.0,0.0
CT012879,Zone_08,Zone_08,0.6433,0.0,0.0,0.0,0.0001,0.0,0.0018,0.3548,0.6433,0.0,0.0
CT007871,Zone_02,Zone_02,0.99,0.0,0.99,0.0,0.01,0.0,0.0,0.0,0.0,0.0,0.0
CT019270,Zone_02,Zone_02,0.9896,0.0,0.9896,0.0104,0.0,0.0,0.0,0.0,0.0,0.0,0.0
CT017181,Zone_08,Zone_08,0.6439,0.0,0.0,0.0,0.0001,0.0,0.0003,0.3556,0.6439,0.0,0.0
CT007825,Zone_10,Zone_10,1.0,0.0,0.0,0.0,0.0,0.0,0.0,0.0,0.0,0.0,1.0
CT007398,Zone_04,Zone_04,0.9842,0.0,0.0,0.0001,0.9842,0.0,0.0,0.0093,0.0064,0.0,0.0
CT009712,Zone_08,Zone_08,0.9795,0.0,0.0001,0.0001,0.0037,0.0002,0.0003,0.0161,0.9795,0.0,0.0
CT004523,Zone_07,Zone_07,0.957,0.0,0.0,0.0,0.0036,0.0005,0.012,0.957,0.0215,0.0,0.0054
CT017063,Zone_07,Zone_07,0.9394,0.0,0.0,0.0,0.0086,0.0,0.0161,0.9394,0.0358,0.0,0.0001
CT012709,Zone_04,Zone_04,0.9886,0.0,0.0,0.0001,0.9886,0.0,0.0,0.005,0.0063,0.0,0.0
CT019406,Zone_07,Zone_07,0.924,0.0,0.0,0.0,0.0069,0.0001,0.0553,0.924,0.0137,0.0,0.0
CT010725,Zone_10,Zone_10,0.9917,0.0,0.0,0.0,0.0,0.0,0.0,0.0,0.0,0.0083,0.9917
CT016794,Zone_08,Zone_08,0.7431,0.0,0.0,0.0,0.0019,0.0,0.0036,0.2513,0.7431,0.0,0.0
CT015767,Zone_02,Zone_02,1.0,0.0,1.0,0.0,0.0,0.0,0.0,0.0,0.0,0.0,0.0
CT011562,Zone_07,Zone_07,0.7148,0.0,0.0,0.0001,0.0349,0.0012,0.0004,0.7148,0.2486,0.0,0.0001
CT005392,Zone_05,Zone_05,1.0,0.0,0.0,0.0,0.0,1.0,0.0,0.0,0.0,0.0,0.0
CT007647,Zone_02,Zone_02,0.9943,0.0,0.9943,0.0057,0.0,0.0,0.0,0.0,0.0,0.0,0.0
CT014945,Zone_07,Zone_07,0.9623,0.0,0.0,0.0,0.0001,0.0,0.003,0.9623,0.0345,0.0,0.0001
CT006576,Zone_07,Zone_08,0.7361,0.0,0.0,0.0,0.0001,0.0,0.0002,0.2635,0.7361,0.0,0.0
CT015207,Zone_08,Zone_08,0.7285,0.0,0.0,0.0,0.0001,0.0,0.0007,0.2706,0.7285,0.0,0.0
CT010223,Zone_08,Zone_08,0.7549,0.0,0.0,0.0,0.0002,0.0,0.0007,0.2441,0.7549,0.0,0.0
CT013738,Zone_05,Zone_05,1.0,0.0,0.0,0.0,0.0,1.0,0.0,0.0,0.0,0.0,0.0
CT015380,Zone_07,Zone_07,0.9166,0.0,0.0,0.0,0.0035,0.0001,0.0672,0.9166,0.0125,0.0,0.0002
CT019799,Zone_07,Zone_08,0.6955,0.0,0.0,0.0,0.0001,0.0,0.0007,0.3037,0.6955,0.0,0.0
CT019863,Zone_07,Zone_07,0.8919,0.0,0.0,0.0,0.0035,0.0001,0.0962,0.8919,0.0082,0.0,0.0002
CT009575,Zone_02,Zone_02,1.0,0.0,1.0,0.0,0.0,0.0,0.0,0.0,0.0,0.0,0.0
CT004557,Zone_07,Zone_07,0.9845,0.0,0.0,0.0,0.0001,0.0,0.0033,0.9845,0.0119,0.0,0.0001
CT014193,Zone_08,Zone_08,0.6494,0.0,0.0,0.0,0.0001,0.0001,0.0007,0.3497,0.6494,0.0,0.0
CT014899,Zone_02,Zone_02,0.9954,0.0,0.9954,0.0046,0.0,0.0,0.0,0.0,0.0,0.0,0.0
CT015788,Zone_04,Zone_04,0.9726,0.0,0.0027,0.0,0.9726,0.0,0.0,0.019,0.0057,0.0,0.0
CT008060,Zone_07,Zone_07,0.8869,0.0,0.0,0.0,0.0036,0.0,0.0968,0.8869,0.0124,0.0,0.0002
CT016153,Zone_05,Zone_05,0.9974,0.0,0.0,0.0,0.0,0.9974,0.0,0.0021,0.0005,0.0,0.0
CT017364,Zone_03,Zone_03,0.9976,0.0,0.0,0.9976,0.0024,0.0,0.0,0.0,0.0,0.0,0.0
CT008191,Zone_08,Zone_08,0.7481,0.0,0.0,0.0,0.0001,0.0,0.0002,0.2515,0.7481,0.0,0.0
CT003953,Zone_10,Zone_10,1.0,0.0,0.0,0.0,0.0,0.0,0.0,0.0,0.0,0.0,1.0
CT014511,Zone_10,Zone_10,1.0,0.0,0.0,0.0,0.0,0.0,0.0,0.0,0.0,0.0,1.0
CT012476,Zone_07,Zone_08,0.6352,0.0,0.0,0.0,0.001,0.0003,0.0006,0.363,0.6352,0.0,0.0
CT013289,Zone_08,Zone_07,0.7756,0.0,0.0,0.0001,0.019,0.0004,0.0005,0.7756,0.2044,0.0,0.0001
CT008490,Zone_07,Zone_08,0.7205,0.0,0.0,0.0,0.0001,0.0,0.0002,0.2791,0.7205,0.0,0.0
CT006762,Zone_07,Zone_08,0.7039,0.0,0.0,0.0,0.0001,0.0,0.0002,0.2957,0.7039,0.0,0.0
CT016792,Zone_07,Zone_07,0.752,0.0,0.0,0.0001,0.0188,0.0079,0.001,0.752,0.22,0.0,0.0001
CT015622,Zone_08,Zone_08,0.9663,0.0,0.0001,0.0001,0.0082,0.0002,0.0003,0.025,0.9663,0.0,0.0
CT003614,Zone_06,Zone_06,0.9875,0.0,0.0,0.0,0.0,0.0,0.9875,0.0125,0.0,0.0,0.0
CT002910,Zone_07,Zone_07,0.8081,0.0,0.0,0.0,0.0238,0.0004,0.0005,0.8081,0.167,0.0,0.0001
CT009608,Zone_08,Zone_07,0.7748,0.0,0.0,0.0001,0.0143,0.0009,0.0005,0.7748,0.2094,0.0,0.0001
CT006538,Zone_08,Zone_08,0.69,0.0,0.0,0.0,0.0001,0.0001,0.0007,0.309,0.69,0.0,0.0
CT016490,Zone_05,Zone_05,0.9974,0.0,0.0,0.0,0.0,0.9974,0.0,0.0021,0.0005,0.0,0.0
CT000762,Zone_03,Zone_03,1.0,0.0,0.0,1.0,0.0,0.0,0.0,0.0,0.0,0.0,0.0
CT001583,Zone_08,Zone_08,0.9794,0.0,0.0001,0.0,0.008,0.0001,0.001,0.0114,0.9794,0.0,0.0
CT005800,Zone_05,Zone_05,0.9965,0.0,0.0,0.0,0.0,0.9965,0.0,0.0,0.0035,0.0,0.0
CT011000,Zone_06,Zone_06,0.9924,0.0,0.0,0.0,0.0,0.0,0.9924,0.0073,0.0003,0.0,0.0
CT018448,Zone_02,Zone_02,1.0,0.0,1.0,0.0,0.0,0.0,0.0,0.0,0.0,0.0,0.0
CT011783,Zone_07,Zone_07,0.7948,0.0,0.0,0.0001,0.0265,0.007,0.0005,0.7948,0.171,0.0,0.0001
CT005178,Zone_02,Zone_02,0.9922,0.0,0.9922,0.0078,0.0,0.0,0.0,0.0,0.0,0.0,0.0
CT004179,Zone_08,Zone_08,0.6575,0.0,0.0,0.0,0.0038,0.0,0.0002,0.3384,0.6575,0.0,0.0
CT009446,Zone_04,Zone_04,0.9853,0.0,0.0,0.0082,0.9853,0.0,0.0004,0.0062,0.0,0.0,0.0
CT012633,Zone_10,Zone_10,1.0,0.0,0.0,0.0,0.0,0.0,0.0,0.0,0.0,0.0,1.0
CT018063,Zone_07,Zone_07,0.9256,0.0,0.0,0.0,0.007,0.0001,0.0593,0.9256,0.0079,0.0,0.0002
CT015574,Zone_07,Zone_07,0.9656,0.0,0.0,0.0,0.0035,0.0004,0.0043,0.9656,0.0261,0.0,0.0
CT002437,Zone_08,Zone_08,0.7112,0.0,0.0,0.0,0.0001,0.0,0.0002,0.2885,0.7112,0.0,0.0
CT000744,Zone_02,Zone_02,0.9952,0.0,0.9952,0.0048,0.0,0.0,0.0,0.0,0.0,0.0,0.0
CT003333,Zone_02,Zone_02,0.9922,0.002,0.9922,0.0,0.0,0.0,0.0,0.0,0.0,0.0,0.0058
CT014192,Zone_07,Zone_07,0.9499,0.0,0.0,0.0,0.0002,0.0,0.0154,0.9499,0.0344,0.0,0.0001
CT019305,Zone_10,Zone_10,0.993,0.0,0.0,0.0,0.0,0.0,0.0021,0.0049,0.0,0.0,0.993
CT016161,Zone_01,Zone_01,0.9941,0.9941,0.0,0.0,0.0059,0.0,0.0,0.0,0.0,0.0,0.0
CT000042,Zone_07,Zone_07,0.888,0.0,0.0,0.0,0.0034,0.0001,0.0959,0.888,0.0127,0.0,0.0
CT002414,Zone_07,Zone_07,0.8183,0.0,0.0,0.0,0.0076,0.008,0.0001,0.8183,0.1659,0.0,0.0001
CT006874,Zone_04,Zone_04,0.9896,0.0,0.0,0.0001,0.9896,0.0,0.0,0.0035,0.0067,0.0,0.0
CT018070,Zone_04,Zone_04,0.9772,0.0001,0.0,0.0003,0.9772,0.0001,0.0004,0.0159,0.006,0.0,0.0
CT016879,Zone_04,Zone_04,0.9999,0.0,0.0,0.0001,0.9999,0.0,0.0001,0.0,0.0,0.0,0.0
CT013923,Zone_08,Zone_08,0.979,0.0,0.0001,0.0001,0.0038,0.0002,0.0003,0.0166,0.979,0.0,0.0
CT013159,Zone_07,Zone_07,0.8968,0.0,0.0,0.0,0.007,0.0001,0.0886,0.8968,0.0074,0.0,0.0002
CT012257,Zone_07,Zone_08,0.5976,0.0,0.0,0.0,0.0001,0.0,0.0008,0.4014,0.5976,0.0,0.0
CT007638,Zone_10,Zone_10,1.0,0.0,0.0,0.0,0.0,0.0,0.0,0.0,0.0,0.0,1.0
CT006918,Zone_07,Zone_08,0.5255,0.0,0.0,0.0,0.0001,0.0,0.0002,0.4742,0.5255,0.0,0.0
CT019175,Zone_06,Zone_06,0.9856,0.0,0.0,0.0,0.0,0.0,0.9856,0.0143,0.0,0.0,0.0
CT014715,Zone_08,Zone_08,0.7559,0.0,0.0,0.0,0.0001,0.0,0.0002,0.2438,0.7559,0.0,0.0
CT013729,Zone_02,Zone_02,0.9944,0.0,0.9944,0.0056,0.0,0.0,0.0,0.0,0.0,0.0,0.0
CT009237,Zone_05,Zone_05,1.0,0.0,0.0,0.0,0.0,1.0,0.0,0.0,0.0,0.0,0.0
CT016400,Zone_07,Zone_07,0.8114,0.0,0.0,0.0001,0.0289,0.0003,0.0001,0.8114,0.1591,0.0,0.0001
CT006314,Zone_03,Zone_03,1.0,0.0,0.0,1.0,0.0,0.0,0.0,0.0,0.0,0.0,0.0
CT007258,Zone_06,Zone_06,0.9921,0.0,0.0,0.0,0.0,0.0,0.9921,0.0079,0.0,0.0,0.0
CT003675,Zone_07,Zone_07,0.9784,0.0,0.0,0.0,0.0001,0.0,0.0049,0.9784,0.0165,0.0,0.0001
CT005919,Zone_07,Zone_07,0.8906,0.0,0.0,0.0,0.0035,0.0001,0.0974,0.8906,0.0083,0.0,0.0002
CT002659,Zone_03,Zone_03,1.0,0.0,0.0,1.0,0.0,0.0,0.0,0.0,0.0,0.0,0.0
CT007939,Zone_01,Zone_01,1.0,1.0,0.0,0.0,0.0,0.0,0.0,0.0,0.0,0.0,0.0
CT012516,Zone_07,Zone_07,0.9262,0.0,0.0,0.0,0.0036,0.0,0.0196,0.9262,0.0504,0.0,0.0001
CT005343,Zone_07,Zone_07,0.7741,0.0,0.0,0.0,0.0034,0.0001,0.2156,0.7741,0.0067,0.0,0.0002
CT018366,Zone_05,Zone_05,1.0,0.0,0.0,0.0,0.0,1.0,0.0,0.0,0.0,0.0,0.0
CT008084,Zone_07,Zone_07,0.751,0.0,0.0,0.0001,0.0087,0.0004,0.0003,0.751,0.2393,0.0,0.0001
CT019048,Zone_04,Zone_04,0.9821,0.0,0.0,0.0001,0.9821,0.0,0.0038,0.0074,0.0066,0.0,0.0
CT019283,Zone_07,Zone_07,0.9693,0.0,0.0,0.0,0.0001,0.0,0.0036,0.9693,0.0269,0.0,0.0001
CT013388,Zone_07,Zone_07,0.9088,0.0,0.0,0.0,0.0034,0.0001,0.0748,0.9088,0.013,0.0,0.0
CT004938,Zone_08,Zone_08,0.7107,0.0,0.0,0.0,0.0001,0.0,0.0002,0.289,0.7107,0.0,0.0
CT008444,Zone_08,Zone_08,0.9794,0.0,0.0,0.0,0.0038,0.0006,0.0,0.0163,0.9794,0.0,0.0
CT006994,Zone_07,Zone_07,0.7503,0.0,0.0,0.0,0.028,0.0078,0.0,0.7503,0.2138,0.0,0.0001
CT002236,Zone_07,Zone_07,0.6737,0.0,0.0,0.0,0.0029,0.0,0.3162,0.6737,0.0072,0.0,0.0
CT007750,Zone_07,Zone_07,0.9727,0.0,0.0,0.0,0.0002,0.0,0.0123,0.9727,0.0148,0.0,0.0001
CT018522,Zone_03,Zone_03,0.9999,0.0,0.0001,0.9999,0.0,0.0,0.0,0.0,0.0,0.0,0.0
CT004350,Zone_07,Zone_07,0.9264,0.0,0.0,0.0,0.0035,0.0001,0.068,0.9264,0.0019,0.0,0.0002
CT001378,Zone_07,Zone_07,0.9178,0.0,0.0,0.0,0.0034,0.0001,0.0658,0.9178,0.013,0.0,0.0
CT011743,Zone_09,Zone_09,1.0,0.0,0.0,0.0,0.0,0.0,0.0,0.0,0.0,1.0,0.0
CT006024,Zone_07,Zone_07,0.8194,0.0,0.0,0.0,0.0034,0.0001,0.1706,0.8194,0.0063,0.0,0.0002
CT009504,Zone_01,Zone_01,1.0,1.0,0.0,0.0,0.0,0.0,0.0,0.0,0.0,0.0,0.0
CT016932,Zone_03,Zone_03,0.9935,0.0,0.0065,0.9935,0.0,0.0,0.0,0.0,0.0,0.0,0.0
CT016644,Zone_08,Zone_08,0.7309,0.0,0.0,0.0,0.0001,0.0,0.0002,0.2687,0.7309,0.0,0.0
CT018239,Zone_04,Zone_04,0.9955,0.0,0.0,0.0001,0.9955,0.0,0.0,0.0035,0.0009,0.0,0.0
CT009632,Zone_10,Zone_10,1.0,0.0,0.0,0.0,0.0,0.0,0.0,0.0,0.0,0.0,1.0
CT015315,Zone_08,Zone_08,0.9709,0.0,0.0001,0.0001,0.0085,0.0002,0.0003,0.02,0.9709,0.0,0.0
CT000924,Zone_07,Zone_07,0.8187,0.0,0.0,0.0,0.0218,0.0002,0.0001,0.8187,0.1592,0.0,0.0001
CT006789,Zone_07,Zone_07,0.977,0.0,0.0,0.0,0.0047,0.0,0.0026,0.977,0.0156,0.0,0.0001
CT015104,Zone_02,Zone_02,0.9974,0.0,0.9974,0.0026,0.0,0.0,0.0,0.0,0.0,0.0,0.0
CT006733,Zone_07,Zone_07,0.8141,0.0,0.0,0.0,0.0063,0.0001,0.1612,0.8141,0.0184,0.0,0.0
CT002222,Zone_08,Zone_08,0.9831,0.0,0.0001,0.0001,0.0038,0.0006,0.0,0.0122,0.9831,0.0,0.0
CT005702,Zone_03,Zone_03,1.0,0.0,0.0,1.0,0.0,0.0,0.0,0.0,0.0,0.0,0.0
CT006421,Zone_04,Zone_04,0.9955,0.0,0.0,0.0,0.9955,0.0,0.0,0.0035,0.001,0.0,0.0
CT018033,Zone_01,Zone_01,1.0,1.0,0.0,0.0,0.0,0.0,0.0,0.0,0.0,0.0,0.0
CT003331,Zone_10,Zone_10,1.0,0.0,0.0,0.0,0.0,0.0,0.0,0.0,0.0,0.0,1.0
CT017112,Zone_07,Zone_08,0.6891,0.0,0.0,0.0,0.0001,0.0,0.0002,0.3105,0.6891,0.0,0.0
CT006647,Zone_02,Zone_02,1.0,0.0,1.0,0.0,0.0,0.0,0.0,0.0,0.0,0.0,0.0
CT011919,Zone_10,Zone_10,1.0,0.0,0.0,0.0,0.0,0.0,0.0,0.0,0.0,0.0,1.0
CT011476,Zone_02,Zone_02,0.9998,0.0,0.9998,0.0,0.0002,0.0,0.0,0.0,0.0,0.0,0.0
CT000857,Zone_07,Zone_08,0.7087,0.0,0.0,0.0,0.0001,0.0,0.0002,0.2909,0.7087,0.0,0.0
CT006914,Zone_07,Zone_08,0.6896,0.0,0.0,0.0,0.0001,0.0,0.0007,0.3096,0.6896,0.0,0.0
CT013714,Zone_05,Zone_05,1.0,0.0,0.0,0.0,0.0,1.0,0.0,0.0,0.0,0.0,0.0
CT007981,Zone_05,Zone_05,1.0,0.0,0.0,0.0,0.0,1.0,0.0,0.0,0.0,0.0,0.0
CT008757,Zone_04,Zone_04,0.9776,0.0001,0.0001,0.0002,0.9776,0.0001,0.001,0.0139,0.007,0.0,0.0
CT006516,Zone_08,Zone_08,0.9822,0.0,0.0001,0.0001,0.004,0.0006,0.0,0.0129,0.9822,0.0,0.0
CT005398,Zone_04,Zone_04,0.9886,0.0,0.0,0.0001,0.9886,0.0,0.0,0.0086,0.0027,0.0,0.0
CT009007,Zone_03,Zone_03,1.0,0.0,0.0,1.0,0.0,0.0,0.0,0.0,0.0,0.0,0.0
CT014049,Zone_08,Zone_08,0.9784,0.0,0.0001,0.0,0.0073,0.0001,0.0003,0.0139,0.9784,0.0,0.0
CT017626,Zone_07,Zone_08,0.6523,0.0,0.0,0.0,0.0001,0.0,0.0007,0.3468,0.6523,0.0,0.0
CT005389,Zone_08,Zone_08,0.9772,0.0,0.0001,0.0001,0.0038,0.0034,0.0003,0.0151,0.9772,0.0,0.0
CT015820,Zone_08,Zone_08,0.7425,0.0,0.0,0.0,0.0,0.0,0.0006,0.2569,0.7425,0.0,0.0
CT006639,Zone_07,Zone_07,0.9702,0.0,0.0,0.0,0.0001,0.0005,0.0034,0.9702,0.0258,0.0,0.0001
CT008008,Zone_07,Zone_07,0.977,0.0,0.0,0.0,0.0001,0.0,0.0083,0.977,0.0145,0.0,0.0001
CT001972,Zone_10,Zone_10,1.0,0.0,0.0,0.0,0.0,0.0,0.0,0.0,0.0,0.0,1.0
CT006302,Zone_08,Zone_08,0.9811,0.0,0.0001,0.0,0.0038,0.0001,0.0003,0.0145,0.9811,0.0,0.0
CT002780,Zone_03,Zone_03,0.9999,0.0,0.0001,0.9999,0.0,0.0,0.0,0.0,0.0,0.0,0.0
CT008927,Zone_07,Zone_07,0.9839,0.0,0.0,0.0,0.0001,0.0,0.0027,0.9839,0.0132,0.0,0.0001
CT006475,Zone_03,Zone_03,1.0,0.0,0.0,1.0,0.0,0.0,0.0,0.0,0.0,0.0,0.0
CT000729,Zone_08,Zone_08,0.9789,0.0,0.0001,0.0001,0.004,0.0002,0.0003,0.0164,0.9789,0.0,0.0
CT008438,Zone_07,Zone_07,0.9471,0.0,0.0,0.0,0.0001,0.0,0.0121,0.9471,0.0353,0.0,0.0054
CT008287,Zone_08,Zone_08,0.9794,0.0,0.0001,0.0001,0.0038,0.0002,0.0003,0.0162,0.9794,0.0,0.0
CT010727,Zone_07,Zone_08,0.62,0.0,0.0,0.0,0.0001,0.0,0.0007,0.3791,0.62,0.0,0.0
CT006408,Zone_01,Zone_01,1.0,1.0,0.0,0.0,0.0,0.0,0.0,0.0,0.0,0.0,0.0
CT009320,Zone_03,Zone_03,1.0,0.0,0.0,1.0,0.0,0.0,0.0,0.0,0.0,0.0,0.0
CT012624,Zone_08,Zone_08,0.7253,0.0,0.0,0.0,0.0001,0.0,0.0007,0.2738,0.7253,0.0,0.0
CT012663,Zone_08,Zone_07,0.8205,0.0,0.0,0.0001,0.0299,0.0005,0.0003,0.8205,0.1486,0.0,0.0
CT016689,Zone_08,Zone_07,0.7152,0.0,0.0,0.0001,0.0262,0.0003,0.0005,0.7152,0.2576,0.0,0.0001
CT011315,Zone_03,Zone_03,1.0,0.0,0.0,1.0,0.0,0.0,0.0,0.0,0.0,0.0,0.0
CT008151,Zone_07,Zone_07,0.7681,0.0,0.0,0.0001,0.0137,0.0005,0.0005,0.7681,0.2171,0.0,0.0001
CT002926,Zone_07,Zone_08,0.5763,0.0,0.0,0.0,0.0001,0.0,0.0003,0.4233,0.5763,0.0,0.0
CT016374,Zone_08,Zone_08,0.7203,0.0,0.0,0.0,0.0001,0.0,0.0006,0.279,0.7203,0.0,0.0
CT008112,Zone_04,Zone_04,0.9814,0.0001,0.0001,0.0003,0.9814,0.0001,0.0004,0.0097,0.0078,0.0,0.0
CT000026,Zone_01,Zone_01,1.0,1.0,0.0,0.0,0.0,0.0,0.0,0.0,0.0,0.0,0.0
CT000053,Zone_07,Zone_07,0.8977,0.0,0.0,0.0,0.0131,0.0,0.0277,0.8977,0.0615,0.0,0.0
CT014833,Zone_07,Zone_07,0.8861,0.0,0.0,0.0,0.0001,0.0,0.1066,0.8861,0.0071,0.0,0.0002
CT006088,Zone_04,Zone_04,0.9824,0.0008,0.0001,0.0003,0.9824,0.0001,0.0,0.0085,0.0078,0.0,0.0
CT008986,Zone_07,Zone_07,0.9709,0.0,0.0,0.0,0.0047,0.0005,0.0033,0.9709,0.0207,0.0,0.0001
CT016306,Zone_07,Zone_07,0.9767,0.0,0.0,0.0,0.0036,0.0,0.0049,0.9767,0.0147,0.0,0.0001
CT015059,Zone_07,Zone_07,0.8791,0.0,0.0,0.0,0.0029,0.0,0.1023,0.8791,0.0157,0.0,0.0
CT016648,Zone_04,Zone_04,0.9999,0.0,0.0,0.0001,0.9999,0.0,0.0001,0.0,0.0,0.0,0.0
CT015021,Zone_07,Zone_07,0.8815,0.0,0.0,0.0,0.0029,0.0,0.1082,0.8815,0.0074,0.0,0.0
CT019994,Zone_01,Zone_01,1.0,1.0,0.0,0.0,0.0,0.0,0.0,0.0,0.0,0.0,0.0
CT011415,Zone_10,Zone_10,1.0,0.0,0.0,0.0,0.0,0.0,0.0,0.0,0.0,0.0,1.0
CT011709,Zone_08,Zone_08,0.9785,0.0,0.0001,0.0001,0.0038,0.0002,0.0003,0.0171,0.9785,0.0,0.0
CT002532,Zone_08,Zone_08,0.7102,0.0,0.0,0.0,0.0001,0.0001,0.0001,0.2896,0.7102,0.0,0.0
CT017856,Zone_04,Zone_04,1.0,0.0,0.0,0.0,1.0,0.0,0.0,0.0,0.0,0.0,0.0
CT009346,Zone_07,Zone_07,0.7522,0.0,0.0,0.0,0.0206,0.0078,0.0002,0.7522,0.2191,0.0,0.0001
CT016733,Zone_08,Zone_08,0.6964,0.0,0.0,0.0,0.0001,0.0003,0.0002,0.3029,0.6964,0.0,0.0
CT002404,Zone_06,Zone_06,0.9884,0.0,0.0,0.0,0.0,0.0,0.9884,0.0116,0.0,0.0,0.0
CT006096,Zone_05,Zone_05,1.0,0.0,0.0,0.0,0.0,1.0,0.0,0.0,0.0,0.0,0.0
CT003416,Zone_04,Zone_04,0.9695,0.0,0.0001,0.0001,0.9695,0.0001,0.0003,0.0204,0.0096,0.0,0.0
CT018825,Zone_01,Zone_01,1.0,1.0,0.0,0.0,0.0,0.0,0.0,0.0,0.0,0.0,0.0
CT006235,Zone_04,Zone_04,0.9955,0.0,0.0,0.0,0.9955,0.0,0.0,0.0035,0.001,0.0,0.0
CT019556,Zone_04,Zone_04,0.9813,0.0001,0.0001,0.0003,0.9813,0.0001,0.001,0.0101,0.0069,0.0,0.0
CT009913,Zone_06,Zone_06,0.9984,0.0,0.0,0.0,0.0,0.0,0.9984,0.0016,0.0,0.0,0.0
CT008750,Zone_07,Zone_07,0.7575,0.0,0.0,0.0001,0.0194,0.0004,0.0005,0.7575,0.2211,0.0,0.001
CT003159,Zone_06,Zone_06,0.9988,0.0,0.0,0.0,0.0,0.0,0.9988,0.0012,0.0,0.0,0.0
CT002921,Zone_09,Zone_09,1.0,0.0,0.0,0.0,0.0,0.0,0.0,0.0,0.0,1.0,0.0
CT004891,Zone_01,Zone_01,1.0,1.0,0.0,0.0,0.0,0.0,0.0,0.0,0.0,0.0,0.0
CT015779,Zone_08,Zone_08,0.7108,0.0,0.0,0.0,0.0001,0.0,0.0002,0.2888,0.7108,0.0,0.0
CT005868,Zone_08,Zone_08,0.6526,0.0,0.0,0.0,0.001,0.0,0.0006,0.3458,0.6526,0.0,0.0
CT019223,Zone_04,Zone_04,0.9897,0.0,0.0,0.0001,0.9897,0.0,0.0,0.0035,0.0067,0.0,0.0
CT007546,Zone_04,Zone_04,0.9999,0.0,0.0,0.0001,0.9999,0.0,0.0001,0.0,0.0,0.0,0.0
CT001478,Zone_09,Zone_09,1.0,0.0,0.0,0.0,0.0,0.0,0.0,0.0,0.0,1.0,0.0
CT013369,Zone_08,Zone_08,0.673,0.0,0.0002,0.0,0.0001,0.0,0.0003,0.3264,0.673,0.0,0.0
CT013956,Zone_08,Zone_08,0.6133,0.0,0.0,0.0,0.0002,0.0003,0.0002,0.386,0.6133,0.0,0.0
CT018429,Zone_07,Zone_07,0.738,0.0,0.0,0.0001,0.0143,0.0011,0.0003,0.738,0.246,0.0,0.0001
CT005726,Zone_07,Zone_07,0.9031,0.0,0.0,0.0,0.0034,0.0001,0.0764,0.9031,0.0082,0.0089,0.0
CT000412,Zone_07,Zone_08,0.681,0.0,0.0,0.0,0.0001,0.0,0.0007,0.3181,0.681,0.0,0.0
CT004842,Zone_08,Zone_08,0.9785,0.0,0.0001,0.0001,0.0039,0.0002,0.0003,0.017,0.9785,0.0,0.0
CT008146,Zone_08,Zone_08,0.7684,0.0,0.0,0.0,0.0001,0.0,0.0002,0.2313,0.7684,0.0,0.0
CT016703,Zone_03,Zone_03,0.9999,0.0,0.0001,0.9999,0.0,0.0,0.0,0.0,0.0,0.0,0.0
CT011039,Zone_07,Zone_07,0.7605,0.0,0.0,0.0001,0.0217,0.0004,0.0005,0.7605,0.2158,0.0,0.001
CT009142,Zone_10,Zone_10,1.0,0.0,0.0,0.0,0.0,0.0,0.0,0.0,0.0,0.0,1.0
CT019258,Zone_07,Zone_07,0.8097,0.0,0.0,0.0001,0.0132,0.0004,0.0003,0.8097,0.1762,0.0,0.0001
CT011139,Zone_08,Zone_08,0.9808,0.0,0.0001,0.0,0.0071,0.0001,0.0003,0.0117,0.9808,0.0,0.0
CT006488,Zone_08,Zone_08,0.773,0.0,0.0,0.0,0.0001,0.0,0.0002,0.2266,0.773,0.0,0.0
CT012107,Zone_08,Zone_08,0.742,0.0,0.0,0.0,0.0001,0.0,0.0001,0.2578,0.742,0.0,0.0
CT016540,Zone_03,Zone_03,0.9952,0.0,0.0048,0.9952,0.0,0.0,0.0,0.0,0.0,0.0,0.0
CT018434,Zone_07,Zone_08,0.5048,0.0,0.0,0.0,0.0001,0.0,0.0003,0.4948,0.5048,0.0,0.0
CT015143,Zone_02,Zone_02,1.0,0.0,1.0,0.0,0.0,0.0,0.0,0.0,0.0,0.0,0.0
CT001215,Zone_04,Zone_04,0.9935,0.0,0.0,0.0,0.9935,0.0,0.0003,0.0062,0.0,0.0,0.0
CT007471,Zone_01,Zone_01,1.0,1.0,0.0,0.0,0.0,0.0,0.0,0.0,0.0,0.0,0.0
CT012124,Zone_10,Zone_10,1.0,0.0,0.0,0.0,0.0,0.0,0.0,0.0,0.0,0.0,1.0
CT009661,Zone_05,Zone_05,0.9974,0.0,0.0,0.0,0.0,0.9974,0.0,0.0021,0.0005,0.0,0.0
CT014461,Zone_08,Zone_08,0.8028,0.0,0.0,0.0,0.0001,0.0,0.0001,0.197,0.8028,0.0,0.0
CT008692,Zone_04,Zone_04,0.9896,0.0,0.0,0.0001,0.9896,0.0,0.0,0.0035,0.0067,0.0,0.0
CT003628,Zone_07,Zone_08,0.6116,0.0,0.0,0.0,0.0002,0.0,0.0002,0.388,0.6116,0.0,0.0
CT019590,Zone_08,Zone_08,0.9716,0.0,0.0001,0.0001,0.0107,0.0002,0.0003,0.0171,0.9716,0.0,0.0
CT012800,Zone_08,Zone_08,0.7311,0.0,0.0,0.0,0.0,0.0,0.0008,0.268,0.7311,0.0,0.0
CT015246,Zone_10,Zone_10,0.98,0.0,0.02,0.0,0.0,0.0,0.0,0.0,0.0,0.0,0.98
CT001899,Zone_02,Zone_02,1.0,0.0,1.0,0.0,0.0,0.0,0.0,0.0,0.0,0.0,0.0
CT008265,Zone_08,Zone_08,0.6909,0.0,0.0,0.0,0.0019,0.0,0.0037,0.3035,0.6909,0.0,0.0
CT016156,Zone_07,Zone_07,0.8708,0.0,0.0,0.0,0.0,0.0,0.1192,0.8708,0.0011,0.0089,0.0
CT018186,Zone_03,Zone_03,1.0,0.0,0.0,1.0,0.0,0.0,0.0,0.0,0.0,0.0,0.0
CT016202,Zone_07,Zone_07,0.8192,0.0,0.0,0.0004,0.0237,0.0004,0.0001,0.8192,0.1561,0.0,0.0001
CT001794,Zone_08,Zone_08,0.6812,0.0,0.0,0.0,0.0001,0.0,0.0007,0.3179,0.6812,0.0,0.0
CT005556,Zone_07,Zone_07,0.8316,0.0,0.0,0.0,0.0,0.0,0.1678,0.8316,0.0006,0.0,0.0
CT019013,Zone_08,Zone_08,0.6991,0.0,0.0,0.0,0.0001,0.0,0.0008,0.2999,0.6991,0.0,0.0
CT008910,Zone_04,Zone_04,0.9768,0.0,0.0001,0.0002,0.9768,0.0001,0.0003,0.0137,0.0088,0.0,0.0
CT018228,Zone_05,Zone_05,0.9904,0.0,0.0,0.0,0.007,0.9904,0.0,0.0021,0.0005,0.0,0.0
CT014335,Zone_02,Zone_02,1.0,0.0,1.0,0.0,0.0,0.0,0.0,0.0,0.0,0.0,0.0
CT006436,Zone_05,Zone_05,1.0,0.0,0.0,0.0,0.0,1.0,0.0,0.0,0.0,0.0,0.0
CT012123,Zone_01,Zone_01,1.0,1.0,0.0,0.0,0.0,0.0,0.0,0.0,0.0,0.0,0.0
CT001324,Zone_07,Zone_07,0.9765,0.0,0.0,0.0,0.0001,0.0005,0.0021,0.9765,0.0208,0.0,0.0001
CT013114,Zone_02,Zone_02,1.0,0.0,1.0,0.0,0.0,0.0,0.0,0.0,0.0,0.0,0.0
CT019463,Zone_08,Zone_08,0.9798,0.0,0.0001,0.0,0.008,0.0001,0.0003,0.0117,0.9798,0.0,0.0
CT009648,Zone_07,Zone_07,0.7466,0.0,0.0,0.0,0.0208,0.0005,0.0001,0.7466,0.232,0.0,0.0001
CT014728,Zone_03,Zone_03,0.9963,0.0,0.0,0.9963,0.0037,0.0,0.0,0.0,0.0,0.0,0.0
CT008742,Zone_08,Zone_08,0.7119,0.0,0.0,0.0,0.0001,0.0,0.0007,0.2873,0.7119,0.0,0.0
CT016974,Zone_03,Zone_03,1.0,0.0,0.0,1.0,0.0,0.0,0.0,0.0,0.0,0.0,0.0
CT005735,Zone_03,Zone_03,1.0,0.0,0.0,1.0,0.0,0.0,0.0,0.0,0.0,0.0,0.0
CT009053,Zone_06,Zone_06,0.9975,0.0,0.0,0.0,0.0,0.0,0.9975,0.0025,0.0,0.0,0.0
CT000864,Zone_07,Zone_07,0.7765,0.0,0.0,0.0001,0.0192,0.0082,0.0005,0.7765,0.1954,0.0,0.0001
CT000915,Zone_10,Zone_10,1.0,0.0,0.0,0.0,0.0,0.0,0.0,0.0,0.0,0.0,1.0
CT009593,Zone_06,Zone_06,0.9984,0.0,0.0,0.0,0.0,0.0,0.9984,0.0016,0.0,0.0,0.0
CT014968,Zone_04,Zone_04,0.9814,0.0,0.0,0.0001,0.9814,0.0087,0.0,0.0073,0.0025,0.0,0.0
CT016148,Zone_01,Zone_01,1.0,1.0,0.0,0.0,0.0,0.0,0.0,0.0,0.0,0.0,0.0
CT014038,Zone_04,Zone_04,0.9999,0.0,0.0,0.0001,0.9999,0.0,0.0001,0.0,0.0,0.0,0.0
CT000767,Zone_01,Zone_01,1.0,1.0,0.0,0.0,0.0,0.0,0.0,0.0,0.0,0.0,0.0
CT005399,Zone_07,Zone_08,0.6615,0.0,0.0,0.0,0.0001,0.0,0.0003,0.338,0.6615,0.0,0.0
CT006105,Zone_08,Zone_08,0.978,0.0,0.0001,0.0001,0.004,0.0002,0.0003,0.0175,0.978,0.0,0.0
CT009511,Zone_08,Zone_08,0.6439,0.0,0.0,0.0,0.0001,0.0,0.0007,0.3553,0.6439,0.0,0.0
CT017430,Zone_04,Zone_04,0.9842,0.0,0.0,0.0001,0.9842,0.0,0.0,0.0093,0.0064,0.0,0.0
CT000270,Zone_02,Zone_02,1.0,0.0,1.0,0.0,0.0,0.0,0.0,0.0,0.0,0.0,0.0
CT004428,Zone_03,Zone_03,0.9952,0.0,0.0048,0.9952,0.0,0.0,0.0,0.0,0.0,0.0,0.0
CT005838,Zone_07,Zone_07,0.7588,0.0,0.0,0.0001,0.0216,0.0005,0.0005,0.7588,0.2184,0.0,0.0001
CT007947,Zone_10,Zone_10,1.0,0.0,0.0,0.0,0.0,0.0,0.0,0.0,0.0,0.0,1.0
CT004885,Zone_07,Zone_07,0.9031,0.0,0.0,0.0,0.0099,0.0001,0.0738,0.9031,0.013,0.0,0.0002
CT010199,Zone_07,Zone_08,0.6509,0.0,0.0,0.0,0.0001,0.0,0.0019,0.347,0.6509,0.0,0.0
CT008425,Zone_04,Zone_04,0.9905,0.0,0.0,0.0001,0.9905,0.0033,0.0,0.0035,0.0026,0.0,0.0
CT015376,Zone_04,Zone_04,0.9955,0.0,0.0,0.0,0.9955,0.0,0.0,0.0035,0.0009,0.0,0.0
CT014487,Zone_03,Zone_03,0.9952,0.0,0.0048,0.9952,0.0,0.0,0.0,0.0,0.0,0.0,0.0
CT001625,Zone_05,Zone_05,1.0,0.0,0.0,0.0,0.0,1.0,0.0,0.0,0.0,0.0,0.0
CT005418,Zone_10,Zone_10,1.0,0.0,0.0,0.0,0.0,0.0,0.0,0.0,0.0,0.0,1.0
CT012920,Zone_08,Zone_08,0.7551,0.0,0.0,0.0,0.0001,0.0,0.0007,0.244,0.7551,0.0,0.0
CT016519,Zone_08,Zone_08,0.9825,0.0,0.0001,0.0001,0.004,0.0002,0.0003,0.0129,0.9825,0.0,0.0
CT005074,Zone_07,Zone_07,0.7515,0.0,0.0,0.0001,0.0263,0.0003,0.0005,0.7515,0.2211,0.0,0.0001
CT001488,Zone_08,Zone_08,0.9755,0.0,0.0001,0.0001,0.0082,0.0002,0.0003,0.0157,0.9755,0.0,0.0
CT009887,Zone_07,Zone_07,0.9829,0.0,0.0,0.0,0.0001,0.0,0.0028,0.9829,0.014,0.0,0.0001
CT007112,Zone_08,Zone_08,0.7331,0.0,0.0,0.0,0.0001,0.0,0.0007,0.266,0.7331,0.0,0.0
CT019250,Zone_03,Zone_03,1.0,0.0,0.0,1.0,0.0,0.0,0.0,0.0,0.0,0.0,0.0
CT018411,Zone_07,Zone_07,0.9546,0.0,0.0,0.0,0.0036,0.0,0.0033,0.9546,0.0384,0.0,0.0001
CT012712,Zone_04,Zone_04,0.988,0.0001,0.0001,0.0003,0.988,0.0001,0.0002,0.0041,0.0072,0.0,0.0
CT007237,Zone_05,Zone_05,1.0,0.0,0.0,0.0,0.0,1.0,0.0,0.0,0.0,0.0,0.0
CT019744,Zone_01,Zone_01,1.0,1.0,0.0,0.0,0.0,0.0,0.0,0.0,0.0,0.0,0.0
CT002481,Zone_07,Zone_07,0.7907,0.0,0.0,0.0,0.0216,0.0005,0.0001,0.7907,0.187,0.0,0.0001
CT015320,Zone_03,Zone_03,0.9984,0.0,0.0016,0.9984,0.0,0.0,0.0,0.0,0.0,0.0,0.0
CT001753,Zone_07,Zone_07,0.9154,0.0,0.0,0.0,0.0035,0.0001,0.0684,0.9154,0.0125,0.0,0.0002
CT003405,Zone_07,Zone_07,0.8395,0.0,0.0,0.0,0.0035,0.0,0.1552,0.8395,0.0018,0.0,0.0
CT016144,Zone_09,Zone_09,1.0,0.0,0.0,0.0,0.0,0.0,0.0,0.0,0.0,1.0,0.0
CT017703,Zone_01,Zone_01,1.0,1.0,0.0,0.0,0.0,0.0,0.0,0.0,0.0,0.0,0.0
CT016764,Zone_02,Zone_02,1.0,0.0,1.0,0.0,0.0,0.0,0.0,0.0,0.0,0.0,0.0
CT018801,Zone_01,Zone_01,1.0,1.0,0.0,0.0,0.0,0.0,0.0,0.0,0.0,0.0,0.0
CT012408,Zone_01,Zone_01,1.0,1.0,0.0,0.0,0.0,0.0,0.0,0.0,0.0,0.0,0.0
CT011920,Zone_08,Zone_08,0.9727,0.0,0.0001,0.0,0.0139,0.0001,0.0003,0.0128,0.9727,0.0,0.0
CT015654,Zone_04,Zone_04,0.9677,0.0,0.0,0.0001,0.9677,0.004,0.0,0.0077,0.0205,0.0,0.0
CT015184,Zone_08,Zone_08,0.7122,0.0,0.0,0.0,0.0001,0.0,0.0006,0.2871,0.7122,0.0,0.0
CT000286,Zone_08,Zone_08,0.9694,0.0,0.0001,0.0001,0.0038,0.0002,0.0,0.0265,0.9694,0.0,0.0
CT005977,Zone_07,Zone_07,0.9779,0.0,0.0,0.0,0.0001,0.0,0.0023,0.9779,0.0196,0.0,0.0001
CT005827,Zone_08,Zone_08,0.6976,0.0,0.0,0.0,0.0001,0.0,0.0008,0.3015,0.6976,0.0,0.0
CT014716,Zone_02,Zone_02,1.0,0.0,1.0,0.0,0.0,0.0,0.0,0.0,0.0,0.0,0.0
CT007477,Zone_08,Zone_08,0.9768,0.0,0.0001,0.0001,0.0071,0.0002,0.0003,0.0155,0.9768,0.0,0.0
CT004281,Zone_02,Zone_02,0.9954,0.0,0.9954,0.0046,0.0,0.0,0.0,0.0,0.0,0.0,0.0
CT005094,Zone_05,Zone_05,1.0,0.0,0.0,0.0,0.0,1.0,0.0,0.0,0.0,0.0,0.0
CT008219,Zone_08,Zone_08,0.9762,0.0,0.0001,0.0001,0.0038,0.0002,0.0,0.0196,0.9762,0.0,0.0
CT012334,Zone_04,Zone_04,0.9853,0.0,0.0,0.0082,0.9853,0.0,0.0004,0.0062,0.0,0.0,0.0
CT004487,Zone_07,Zone_07,0.9637,0.0,0.0,0.0,0.0039,0.0,0.0052,0.9637,0.0271,0.0,0.0001
CT014214,Zone_04,Zone_04,0.9869,0.0,0.0001,0.0002,0.9869,0.0001,0.0002,0.0057,0.0069,0.0,0.0
CT017040,Zone_07,Zone_08,0.7075,0.0,0.0,0.0,0.001,0.0,0.0001,0.2914,0.7075,0.0,0.0
CT012094,Zone_05,Zone_05,1.0,0.0,0.0,0.0,0.0,1.0,0.0,0.0,0.0,0.0,0.0
CT004168,Zone_08,Zone_08,0.9787,0.0,0.0001,0.0001,0.0071,0.0002,0.0003,0.0136,0.9787,0.0,0.0
CT003678,Zone_08,Zone_07,0.7836,0.0,0.0,0.0,0.0145,0.0079,0.0004,0.7836,0.1935,0.0,0.0001
CT013674,Zone_01,Zone_01,0.9966,0.9966,0.0,0.0034,0.0,0.0,0.0,0.0,0.0,0.0,0.0
CT005060,Zone_02,Zone_02,0.9948,0.0,0.9948,0.0052,0.0,0.0,0.0,0.0,0.0,0.0,0.0
CT015062,Zone_10,Zone_10,1.0,0.0,0.0,0.0,0.0,0.0,0.0,0.0,0.0,0.0,1.0
CT019115,Zone_03,Zone_03,1.0,0.0,0.0,1.0,0.0,0.0,0.0,0.0,0.0,0.0,0.0
CT010661,Zone_03,Zone_03,1.0,0.0,0.0,1.0,0.0,0.0,0.0,0.0,0.0,0.0,0.0
CT006532,Zone_09,Zone_09,1.0,0.0,0.0,0.0,0.0,0.0,0.0,0.0,0.0,1.0,0.0
CT003805,Zone_02,Zone_02,1.0,0.0,1.0,0.0,0.0,0.0,0.0,0.0,0.0,0.0,0.0
CT001253,Zone_03,Zone_03,0.9999,0.0,0.0001,0.9999,0.0,0.0,0.0,0.0,0.0,0.0,0.0
CT012689,Zone_03,Zone_03,0.9878,0.0,0.0054,0.9878,0.0068,0.0,0.0,0.0,0.0,0.0,0.0
CT015942,Zone_08,Zone_08,0.778,0.0,0.0,0.0,0.0001,0.0,0.0007,0.2212,0.778,0.0,0.0
CT001281,Zone_04,Zone_04,0.9809,0.0,0.0,0.0001,0.9809,0.0053,0.0,0.0071,0.0066,0.0,0.0
CT008417,Zone_10,Zone_10,1.0,0.0,0.0,0.0,0.0,0.0,0.0,0.0,0.0,0.0,1.0
CT013747,Zone_07,Zone_07,0.9118,0.0,0.0,0.0,0.0063,0.0001,0.0681,0.9118,0.0137,0.0,0.0
CT018068,Zone_07,Zone_07,0.7845,0.0,0.0,0.0001,0.0153,0.0005,0.0003,0.7845,0.1992,0.0,0.0001
CT010391,Zone_08,Zone_08,0.646,0.0,0.0,0.0,0.0003,0.0,0.0007,0.353,0.646,0.0,0.0
CT012438,Zone_02,Zone_02,1.0,0.0,1.0,0.0,0.0,0.0,0.0,0.0,0.0,0.0,0.0
CT013359,Zone_08,Zone_08,0.9763,0.0,0.0001,0.0001,0.0072,0.0002,0.0003,0.0159,0.9763,0.0,0.0
CT018483,Zone_08,Zone_08,0.9808,0.0,0.0001,0.0,0.0071,0.0001,0.0003,0.0116,0.9808,0.0,0.0
CT014411,Zone_04,Zone_04,0.9942,0.0,0.0,0.0001,0.9942,0.0,0.0,0.0036,0.0021,0.0,0.0
CT002355,Zone_08,Zone_08,0.977,0.0,0.0001,0.0,0.0081,0.0001,0.001,0.0137,0.977,0.0,0.0
CT010014,Zone_03,Zone_03,1.0,0.0,0.0,1.0,0.0,0.0,0.0,0.0,0.0,0.0,0.0
CT002620,Zone_06,Zone_06,0.9975,0.0,0.0,0.0,0.0,0.0,0.9975,0.0025,0.0,0.0,0.0
CT001635,Zone_10,Zone_10,1.0,0.0,0.0,0.0,0.0,0.0,0.0,0.0,0.0,0.0,1.0
CT008411,Zone_08,Zone_08,0.7412,0.0,0.0,0.0,0.0001,0.0,0.0007,0.2579,0.7412,0.0,0.0
CT007903,Zone_10,Zone_10,1.0,0.0,0.0,0.0,0.0,0.0,0.0,0.0,0.0,0.0,1.0
CT008871,Zone_08,Zone_07,0.7551,0.0,0.0,0.0,0.0188,0.0081,0.0001,0.7551,0.2179,0.0,0.0001
CT007777,Zone_01,Zone_01,1.0,1.0,0.0,0.0,0.0,0.0,0.0,0.0,0.0,0.0,0.0
CT003637,Zone_07,Zone_07,0.812,0.0,0.0,0.0,0.0036,0.0,0.1773,0.812,0.0069,0.0,0.0002
CT011585,Zone_07,Zone_07,0.8485,0.0,0.0,0.0,0.0034,0.0001,0.1401,0.8485,0.0078,0.0,0.0002
CT019131,Zone_08,Zone_08,0.9801,0.0,0.0,0.0001,0.0051,0.0001,0.0003,0.0144,0.9801,0.0,0.0
CT011808,Zone_07,Zone_07,0.7456,0.0,0.0,0.0001,0.0143,0.0015,0.0003,0.7456,0.2381,0.0,0.0001
CT002627,Zone_07,Zone_07,0.8026,0.0,0.0,0.0001,0.0261,0.0001,0.0006,0.8026,0.1704,0.0,0.0001
CT004325,Zone_01,Zone_01,1.0,1.0,0.0,0.0,0.0,0.0,0.0,0.0,0.0,0.0,0.0
CT009263,Zone_07,Zone_08,0.6223,0.0,0.0,0.0,0.001,0.0,0.0001,0.3767,0.6223,0.0,0.0
CT006260,Zone_04,Zone_04,0.9741,0.0,0.0,0.0003,0.9741,0.0001,0.0003,0.0216,0.0036,0.0,0.0
CT011362,Zone_08,Zone_08,0.9808,0.0,0.0001,0.0001,0.0038,0.0002,0.001,0.014,0.9808,0.0,0.0
CT001877,Zone_04,Zone_04,0.9839,0.0001,0.0001,0.0003,0.9839,0.0001,0.0002,0.0065,0.0089,0.0,0.0
CT001589,Zone_04,Zone_04,0.9908,0.0,0.0,0.0001,0.9908,0.0,0.0001,0.0067,0.0023,0.0,0.0
CT015834,Zone_07,Zone_08,0.6619,0.0,0.0,0.0,0.001,0.0,0.0006,0.3365,0.6619,0.0,0.0
CT003940,Zone_03,Zone_03,1.0,0.0,0.0,1.0,0.0,0.0,0.0,0.0,0.0,0.0,0.0
CT014640,Zone_07,Zone_07,0.9117,0.0,0.0,0.0,0.0034,0.0001,0.0769,0.9117,0.008,0.0,0.0
CT013353,Zone_08,Zone_08,0.7275,0.0,0.0,0.0,0.0001,0.0,0.0007,0.2717,0.7275,0.0,0.0
CT013007,Zone_08,Zone_08,0.6324,0.0,0.0,0.0,0.0028,0.0,0.0036,0.3613,0.6324,0.0,0.0
CT003084,Zone_07,Zone_07,0.9685,0.0,0.0,0.0,0.0036,0.0,0.0039,0.9685,0.0239,0.0,0.0001
CT004863,Zone_04,Zone_04,0.9999,0.0,0.0,0.0,0.9999,0.0,0.0001,0.0,0.0,0.0,0.0
CT018159,Zone_10,Zone_10,1.0,0.0,0.0,0.0,0.0,0.0,0.0,0.0,0.0,0.0,1.0
CT008614,Zone_02,Zone_02,1.0,0.0,1.0,0.0,0.0,0.0,0.0,0.0,0.0,0.0,0.0
CT016857,Zone_04,Zone_04,0.9932,0.0001,0.0001,0.0001,0.9932,0.0001,0.0002,0.0001,0.0062,0.0,0.0
CT006663,Zone_03,Zone_03,0.9904,0.0,0.0096,0.9904,0.0,0.0,0.0,0.0,0.0,0.0,0.0
CT018904,Zone_07,Zone_07,0.8929,0.0,0.0,0.0,0.0,0.0,0.1001,0.8929,0.007,0.0,0.0
CT005081,Zone_01,Zone_01,1.0,1.0,0.0,0.0,0.0,0.0,0.0,0.0,0.0,0.0,0.0
CT000568,Zone_02,Zone_02,0.9943,0.0,0.9943,0.0057,0.0,0.0,0.0,0.0,0.0,0.0,0.0
CT004048,Zone_04,Zone_04,0.9852,0.0,0.0,0.0003,0.9852,0.0,0.0,0.0125,0.002,0.0,0.0
CT002625,Zone_07,Zone_07,0.7763,0.0,0.0,0.0001,0.0274,0.0014,0.0003,0.7763,0.1934,0.0,0.001
CT002469,Zone_07,Zone_08,0.6872,0.0,0.0,0.0,0.0001,0.0,0.0007,0.3119,0.6872,0.0,0.0
CT013999,Zone_04,Zone_04,0.9549,0.01,0.0001,0.0003,0.9549,0.0001,0.0002,0.0247,0.0098,0.0,0.0
CT005956,Zone_08,Zone_08,0.7427,0.0,0.0,0.0,0.0001,0.0003,0.0007,0.2562,0.7427,0.0,0.0
CT012422,Zone_04,Zone_04,0.9999,0.0,0.0,0.0001,0.9999,0.0,0.0001,0.0,0.0,0.0,0.0
CT012042,Zone_07,Zone_07,0.9595,0.0,0.0,0.0,0.0001,0.0,0.0174,0.9595,0.0229,0.0,0.0001
CT014930,Zone_08,Zone_08,0.9868,0.0,0.0001,0.0,0.0037,0.0006,0.0,0.0088,0.9868,0.0,0.0
CT009268,Zone_06,Zone_07,0.8978,0.0,0.0,0.0,0.0128,0.0001,0.0768,0.8978,0.0073,0.0,0.0053
CT007292,Zone_04,Zone_04,0.9758,0.0001,0.0001,0.0003,0.9758,0.0001,0.0004,0.0097,0.0079,0.0055,0.0
CT008284,Zone_07,Zone_07,0.7753,0.0,0.0,0.0001,0.0192,0.0007,0.001,0.7753,0.2026,0.0,0.001
CT017875,Zone_03,Zone_03,0.9956,0.0,0.0044,0.9956,0.0,0.0,0.0,0.0,0.0,0.0,0.0
CT001238,Zone_08,Zone_08,0.9749,0.0,0.0001,0.0001,0.0078,0.0002,0.0003,0.0168,0.9749,0.0,0.0
CT003502,Zone_08,Zone_07,0.718,0.0,0.0,0.0001,0.0193,0.0008,0.0003,0.718,0.2614,0.0,0.0001
CT012069,Zone_03,Zone_03,1.0,0.0,0.0,1.0,0.0,0.0,0.0,0.0,0.0,0.0,0.0
CT008432,Zone_02,Zone_02,1.0,0.0,1.0,0.0,0.0,0.0,0.0,0.0,0.0,0.0,0.0
CT011336,Zone_02,Zone_02,1.0,0.0,1.0,0.0,0.0,0.0,0.0,0.0,0.0,0.0,0.0
CT009325,Zone_08,Zone_08,0.9835,0.0,0.0001,0.0,0.0038,0.0001,0.0003,0.0123,0.9835,0.0,0.0
CT000687,Zone_08,Zone_08,0.9832,0.0,0.0001,0.0001,0.004,0.0002,0.0003,0.0123,0.9832,0.0,0.0
CT009993,Zone_05,Zone_05,1.0,0.0,0.0,0.0,0.0,1.0,0.0,0.0,0.0,0.0,0.0
CT019589,Zone_04,Zone_04,0.9847,0.0,0.0,0.0001,0.9847,0.0,0.0,0.0121,0.0031,0.0,0.0
CT008482,Zone_01,Zone_01,1.0,1.0,0.0,0.0,0.0,0.0,0.0,0.0,0.0,0.0,0.0
CT018581,Zone_01,Zone_01,1.0,1.0,0.0,0.0,0.0,0.0,0.0,0.0,0.0,0.0,0.0
CT002890,Zone_03,Zone_03,0.9945,0.0,0.0055,0.9945,0.0,0.0,0.0,0.0,0.0,0.0,0.0
CT009572,Zone_08,Zone_08,0.7453,0.0,0.0,0.0,0.0001,0.0,0.0007,0.2539,0.7453,0.0,0.0
CT003736,Zone_10,Zone_10,1.0,0.0,0.0,0.0,0.0,0.0,0.0,0.0,0.0,0.0,1.0
CT001863,Zone_09,Zone_09,0.9999,0.0,0.0,0.0,0.0,0.0,0.0,0.0,0.0,0.9999,0.0001
CT002847,Zone_04,Zone_04,0.9827,0.006,0.0001,0.0009,0.9827,0.0001,0.0002,0.0029,0.0071,0.0,0.0
CT012402,Zone_07,Zone_07,0.9806,0.0,0.0,0.0,0.0028,0.0,0.0026,0.9806,0.014,0.0,0.0
CT005648,Zone_03,Zone_03,1.0,0.0,0.0,1.0,0.0,0.0,0.0,0.0,0.0,0.0,0.0
CT000603,Zone_06,Zone_06,0.9975,0.0,0.0,0.0,0.0,0.0,0.9975,0.0025,0.0,0.0,0.0
CT008604,Zone_10,Zone_10,1.0,0.0,0.0,0.0,0.0,0.0,0.0,0.0,0.0,0.0,1.0
CT008406,Zone_07,Zone_07,0.8844,0.0,0.0,0.0,0.0029,0.0,0.102,0.8844,0.001,0.0096,0.0
CT006720,Zone_08,Zone_08,0.9765,0.0,0.0001,0.0001,0.0038,0.0002,0.0003,0.0191,0.9765,0.0,0.0
CT008120,Zone_08,Zone_08,0.5596,0.0,0.0002,0.0,0.0002,0.0,0.0002,0.4398,0.5596,0.0,0.0
CT016793,Zone_08,Zone_08,0.9758,0.0,0.0001,0.0001,0.0038,0.0002,0.0003,0.0198,0.9758,0.0,0.0
CT010613,Zone_07,Zone_07,0.7241,0.0,0.0,0.0,0.0001,0.0,0.275,0.7241,0.0006,0.0,0.0002
CT007995,Zone_02,Zone_02,1.0,0.0,1.0,0.0,0.0,0.0,0.0,0.0,0.0,0.0,0.0
CT014790,Zone_07,Zone_07,0.7786,0.0,0.0,0.0001,0.0135,0.008,0.0002,0.7786,0.1994,0.0,0.0001
CT015860,Zone_10,Zone_10,0.9953,0.0,0.0,0.0,0.0,0.0,0.0013,0.0034,0.0,0.0,0.9953
CT019578,Zone_08,Zone_08,0.691,0.0,0.0,0.0,0.0001,0.0003,0.0007,0.3078,0.691,0.0,0.0
CT017654,Zone_07,Zone_07,0.7824,0.0,0.0,0.0,0.0034,0.0001,0.2079,0.7824,0.0061,0.0,0.0002
CT018078,Zone_08,Zone_08,0.9769,0.0,0.0001,0.0001,0.0039,0.0002,0.0003,0.0186,0.9769,0.0,0.0
CT005267,Zone_04,Zone_04,0.9955,0.0,0.0,0.0,0.9955,0.0,0.0,0.0035,0.001,0.0,0.0
CT016748,Zone_10,Zone_10,1.0,0.0,0.0,0.0,0.0,0.0,0.0,0.0,0.0,0.0,1.0
CT004094,Zone_01,Zone_01,1.0,1.0,0.0,0.0,0.0,0.0,0.0,0.0,0.0,0.0,0.0
CT016875,Zone_07,Zone_08,0.6837,0.0,0.0,0.0,0.0001,0.0,0.0009,0.3153,0.6837,0.0,0.0
CT011338,Zone_08,Zone_08,0.9739,0.0,0.0001,0.0001,0.0072,0.0002,0.0003,0.0183,0.9739,0.0,0.0
CT004409,Zone_07,Zone_07,0.8794,0.0,0.0,0.0,0.0034,0.0001,0.1093,0.8794,0.0076,0.0,0.0002
CT000334,Zone_07,Zone_07,0.9222,0.0,0.0,0.0,0.0119,0.0001,0.052,0.9222,0.0138,0.0,0.0
CT014329,Zone_10,Zone_10,1.0,0.0,0.0,0.0,0.0,0.0,0.0,0.0,0.0,0.0,1.0
CT011548,Zone_04,Zone_04,0.9889,0.0,0.0,0.0001,0.9889,0.0,0.0,0.0035,0.0075,0.0,0.0
CT010348,Zone_08,Zone_07,0.7939,0.0,0.0,0.0001,0.029,0.0005,0.0004,0.7939,0.1759,0.0,0.0001
CT007162,Zone_08,Zone_08,0.9803,0.0,0.0001,0.0001,0.0038,0.0002,0.0003,0.0153,0.9803,0.0,0.0
CT017986,Zone_04,Zone_04,0.9817,0.0,0.0,0.0007,0.9817,0.0,0.0,0.0073,0.0103,0.0,0.0
CT003259,Zone_07,Zone_07,0.8191,0.0,0.0,0.0001,0.0271,0.0003,0.0,0.8191,0.1534,0.0,0.0001
CT012024,Zone_02,Zone_02,0.9952,0.0,0.9952,0.0048,0.0,0.0,0.0,0.0,0.0,0.0,0.0
CT004190,Zone_08,Zone_08,0.9714,0.0,0.0001,0.0001,0.0038,0.0081,0.0003,0.0162,0.9714,0.0,0.0
CT013212,Zone_04,Zone_04,0.9732,0.0,0.0,0.0001,0.9732,0.0,0.0,0.0083,0.0184,0.0,0.0
CT010084,Zone_10,Zone_10,1.0,0.0,0.0,0.0,0.0,0.0,0.0,0.0,0.0,0.0,1.0
CT019890,Zone_03,Zone_03,0.9999,0.0,0.0001,0.9999,0.0,0.0,0.0,0.0,0.0,0.0,0.0
CT014251,Zone_07,Zone_08,0.6255,0.0,0.0,0.0,0.0001,0.0,0.0007,0.3736,0.6255,0.0,0.0
CT011725,Zone_02,Zone_02,1.0,0.0,1.0,0.0,0.0,0.0,0.0,0.0,0.0,0.0,0.0
CT013483,Zone_04,Zone_04,0.9701,0.0001,0.0001,0.0077,0.9701,0.0001,0.0005,0.0125,0.0087,0.0,0.0
CT017428,Zone_02,Zone_02,0.9927,0.0,0.9927,0.0,0.0033,0.0,0.0,0.004,0.0,0.0,0.0
CT001672,Zone_07,Zone_07,0.5049,0.0,0.0,0.0,0.0001,0.0,0.0003,0.5049,0.4946,0.0,0.0
CT010298,Zone_08,Zone_08,0.9846,0.0,0.0001,0.0,0.0039,0.0001,0.0003,0.011,0.9846,0.0,0.0
CT017323,Zone_10,Zone_10,1.0,0.0,0.0,0.0,0.0,0.0,0.0,0.0,0.0,0.0,1.0
CT006412,Zone_07,Zone_07,0.9845,0.0,0.0,0.0,0.0001,0.0,0.0043,0.9845,0.0111,0.0,0.0
CT009808,Zone_02,Zone_02,1.0,0.0,1.0,0.0,0.0,0.0,0.0,0.0,0.0,0.0,0.0
CT006658,Zone_10,Zone_10,1.0,0.0,0.0,0.0,0.0,0.0,0.0,0.0,0.0,0.0,1.0
CT004598,Zone_01,Zone_01,1.0,1.0,0.0,0.0,0.0,0.0,0.0,0.0,0.0,0.0,0.0
CT010168,Zone_07,Zone_07,0.7965,0.0,0.0,0.0,0.0034,0.0001,0.1934,0.7965,0.0012,0.0,0.0055
CT018473,Zone_07,Zone_07,0.8738,0.0,0.0,0.0,0.0034,0.0001,0.1102,0.8738,0.0077,0.0049,0.0
CT009139,Zone_04,Zone_04,0.9955,0.0,0.0,0.0001,0.9955,0.0,0.0,0.0035,0.0009,0.0,0.0
CT012319,Zone_08,Zone_08,0.9615,0.0,0.0001,0.0001,0.004,0.0081,0.0003,0.026,0.9615,0.0,0.0
CT002985,Zone_02,Zone_02,0.9965,0.0035,0.9965,0.0,0.0,0.0,0.0,0.0,0.0,0.0,0.0
CT013881,Zone_08,Zone_08,0.6784,0.0,0.0,0.0,0.0001,0.0,0.0007,0.3208,0.6784,0.0,0.0
CT013990,Zone_01,Zone_01,1.0,1.0,0.0,0.0,0.0,0.0,0.0,0.0,0.0,0.0,0.0
CT006237,Zone_08,Zone_08,0.98,0.0,0.0001,0.0001,0.0038,0.0002,0.001,0.0148,0.98,0.0,0.0
CT013521,Zone_07,Zone_08,0.7301,0.0,0.0,0.0,0.0001,0.0,0.0002,0.2695,0.7301,0.0,0.0
CT001735,Zone_07,Zone_07,0.8975,0.0,0.0,0.0,0.0034,0.0001,0.0852,0.8975,0.0139,0.0,0.0
CT010590,Zone_07,Zone_07,0.7956,0.0,0.0,0.0,0.0337,0.0079,0.0004,0.7956,0.1622,0.0,0.0001
CT003933,Zone_07,Zone_07,0.7757,0.0,0.0,0.0001,0.0309,0.0005,0.0001,0.7757,0.1925,0.0,0.0001
CT016653,Zone_07,Zone_07,0.946,0.0,0.0,0.0,0.0063,0.0,0.0136,0.946,0.0341,0.0,0.0
CT016290,Zone_07,Zone_07,0.7293,0.0,0.0,0.0004,0.006,0.0007,0.0001,0.7293,0.2635,0.0,0.0001
CT019126,Zone_07,Zone_07,0.9422,0.0,0.0,0.0,0.0034,0.0001,0.0416,0.9422,0.0127,0.0,0.0
CT006243,Zone_02,Zone_02,0.9922,0.0,0.9922,0.0078,0.0,0.0,0.0,0.0,0.0,0.0,0.0
CT006276,Zone_08,Zone_08,0.6913,0.0,0.0,0.0,0.0001,0.0,0.0002,0.3084,0.6913,0.0,0.0
CT013067,Zone_07,Zone_07,0.97,0.0,0.0,0.0,0.0001,0.0,0.014,0.97,0.0158,0.0,0.0001
CT010364,Zone_08,Zone_08,0.7316,0.0,0.0,0.0,0.0001,0.0,0.0007,0.2675,0.7316,0.0,0.0
CT002861,Zone_08,Zone_08,0.9841,0.0,0.0,0.0,0.0038,0.0001,0.0003,0.0118,0.9841,0.0,0.0
CT011013,Zone_08,Zone_08,0.7133,0.0,0.0,0.0,0.0001,0.0,0.0002,0.2863,0.7133,0.0,0.0
CT012307,Zone_04,Zone_04,0.9955,0.0,0.0,0.0001,0.9955,0.0,0.0,0.0035,0.0009,0.0,0.0
CT008947,Zone_02,Zone_02,1.0,0.0,1.0,0.0,0.0,0.0,0.0,0.0,0.0,0.0,0.0
CT015517,Zone_08,Zone_07,0.7706,0.0,0.0,0.0001,0.0226,0.0004,0.0003,0.7706,0.2049,0.0,0.001
CT004818,Zone_07,Zone_07,0.8007,0.0,0.0,0.0001,0.0216,0.0008,0.0003,0.8007,0.1764,0.0,0.0001
CT009541,Zone_10,Zone_10,1.0,0.0,0.0,0.0,0.0,0.0,0.0,0.0,0.0,0.0,1.0
CT002882,Zone_03,Zone_03,0.9926,0.0,0.0074,0.9926,0.0,0.0,0.0,0.0,0.0,0.0,0.0
CT014259,Zone_08,Zone_08,0.9788,0.0,0.0001,0.0,0.0071,0.0001,0.0003,0.0136,0.9788,0.0,0.0
CT019176,Zone_04,Zone_04,0.9767,0.006,0.0099,0.0008,0.9767,0.0001,0.0,0.0002,0.0063,0.0,0.0
CT011711,Zone_08,Zone_08,0.6423,0.0,0.0002,0.0,0.0003,0.0,0.0002,0.357,0.6423,0.0,0.0
CT014212,Zone_07,Zone_07,0.819,0.0,0.0,0.0001,0.0243,0.0009,0.0005,0.819,0.1551,0.0,0.0001
CT015588,Zone_04,Zone_04,0.9944,0.0,0.0,0.0,0.9944,0.0,0.0,0.0048,0.0008,0.0,0.0
CT016082,Zone_08,Zone_08,0.734,0.0,0.0,0.0,0.0001,0.0,0.0001,0.2658,0.734,0.0,0.0
CT016782,Zone_07,Zone_07,0.9026,0.0,0.0,0.0,0.0034,0.0001,0.0868,0.9026,0.0071,0.0,0.0
CT010115,Zone_02,Zone_02,1.0,0.0,1.0,0.0,0.0,0.0,0.0,0.0,0.0,0.0,0.0
CT005303,Zone_07,Zone_08,0.6122,0.0,0.0,0.0,0.0039,0.0001,0.0001,0.3838,0.6122,0.0,0.0
CT007219,Zone_04,Zone_04,0.9999,0.0,0.0,0.0,0.9999,0.0,0.0001,0.0,0.0,0.0,0.0
CT002069,Zone_04,Zone_04,0.9809,0.0001,0.0001,0.0003,0.9809,0.0001,0.0002,0.0108,0.0075,0.0,0.0
CT006548,Zone_08,Zone_07,0.7838,0.0,0.0,0.0001,0.0207,0.0004,0.0003,0.7838,0.1946,0.0,0.0001
CT008348,Zone_03,Zone_03,1.0,0.0,0.0,1.0,0.0,0.0,0.0,0.0,0.0,0.0,0.0
CT017634,Zone_06,Zone_06,0.9975,0.0,0.0,0.0,0.0,0.0,0.9975,0.0025,0.0,0.0,0.0
CT008474,Zone_02,Zone_02,1.0,0.0,1.0,0.0,0.0,0.0,0.0,0.0,0.0,0.0,0.0
CT011210,Zone_03,Zone_03,0.9981,0.0,0.0,0.9981,0.0019,0.0,0.0,0.0,0.0,0.0,0.0
CT013970,Zone_07,Zone_07,0.9709,0.0,0.0,0.0,0.0001,0.0005,0.0037,0.9709,0.0247,0.0,0.0001
CT019308,Zone_03,Zone_03,1.0,0.0,0.0,1.0,0.0,0.0,0.0,0.0,0.0,0.0,0.0
CT003495,Zone_03,Zone_03,0.9952,0.0,0.0048,0.9952,0.0,0.0,0.0,0.0,0.0,0.0,0.0
CT000064,Zone_07,Zone_07,0.9251,0.0,0.0,0.0,0.0063,0.0,0.0018,0.9251,0.0668,0.0,0.0001
CT006218,Zone_08,Zone_08,0.734,0.0,0.0,0.0,0.0001,0.0,0.0007,0.2652,0.734,0.0,0.0
CT004015,Zone_07,Zone_07,0.7168,0.0,0.0,0.0001,0.0245,0.0007,0.0005,0.7168,0.2573,0.0,0.0001
CT016527,Zone_01,Zone_01,1.0,1.0,0.0,0.0,0.0,0.0,0.0,0.0,0.0,0.0,0.0
CT017842,Zone_08,Zone_08,0.9795,0.0,0.0001,0.0,0.0085,0.0001,0.001,0.0107,0.9795,0.0,0.0
CT011807,Zone_08,Zone_08,0.6716,0.0,0.0,0.0,0.0002,0.0004,0.0007,0.327,0.6716,0.0,0.0
CT017379,Zone_08,Zone_08,0.6383,0.0,0.0,0.0,0.001,0.0,0.0001,0.3605,0.6383,0.0,0.0
CT007009,Zone_02,Zone_02,1.0,0.0,1.0,0.0,0.0,0.0,0.0,0.0,0.0,0.0,0.0
CT014096,Zone_05,Zone_05,1.0,0.0,0.0,0.0,0.0,1.0,0.0,0.0,0.0,0.0,0.0
CT011290,Zone_01,Zone_01,1.0,1.0,0.0,0.0,0.0,0.0,0.0,0.0,0.0,0.0,0.0
CT013314,Zone_07,Zone_07,0.9765,0.0,0.0,0.0,0.0,0.0,0.0063,0.9765,0.0172,0.0,0.0
CT001991,Zone_03,Zone_03,0.9945,0.0,0.0055,0.9945,0.0,0.0,0.0,0.0,0.0,0.0,0.0
CT004874,Zone_07,Zone_08,0.6692,0.0,0.0,0.0,0.0001,0.0001,0.0006,0.33,0.6692,0.0,0.0
CT015461,Zone_08,Zone_08,0.7207,0.0,0.0,0.0,0.0001,0.0,0.0002,0.279,0.7207,0.0,0.0
CT015725,Zone_10,Zone_10,1.0,0.0,0.0,0.0,0.0,0.0,0.0,0.0,0.0,0.0,1.0
CT000090,Zone_07,Zone_07,0.7611,0.0,0.0,0.0001,0.0242,0.0003,0.0005,0.7611,0.2136,0.0,0.0001
CT010716,Zone_04,Zone_04,0.9999,0.0,0.0,0.0,0.9999,0.0,0.0001,0.0,0.0,0.0,0.0
CT016894,Zone_01,Zone_01,1.0,1.0,0.0,0.0,0.0,0.0,0.0,0.0,0.0,0.0,0.0
CT005889,Zone_07,Zone_07,0.7977,0.0,0.0,0.0,0.0036,0.0,0.1912,0.7977,0.0073,0.0,0.0002
CT017869,Zone_08,Zone_08,0.7314,0.0,0.0,0.0,0.0001,0.0,0.0002,0.2683,0.7314,0.0,0.0
CT013363,Zone_04,Zone_04,0.9934,0.0,0.0,0.0,0.9934,0.0,0.0004,0.0062,0.0,0.0,0.0
CT014632,Zone_02,Zone_02,1.0,0.0,1.0,0.0,0.0,0.0,0.0,0.0,0.0,0.0,0.0
CT002899,Zone_08,Zone_08,0.7116,0.0,0.0,0.0,0.0001,0.0,0.0007,0.2875,0.7116,0.0,0.0
CT017988,Zone_04,Zone_04,0.9944,0.0,0.0,0.0,0.9944,0.0,0.0001,0.0048,0.0008,0.0,0.0
CT014342,Zone_04,Zone_04,0.9999,0.0,0.0,0.0,0.9999,0.0,0.0001,0.0,0.0,0.0,0.0
CT001947,Zone_01,Zone_01,1.0,1.0,0.0,0.0,0.0,0.0,0.0,0.0,0.0,0.0,0.0
CT011856,Zone_04,Zone_04,0.9888,0.0,0.0,0.0,0.9888,0.0,0.0,0.0035,0.0077,0.0,0.0
CT009872,Zone_07,Zone_07,0.921,0.0,0.0,0.0,0.0063,0.0001,0.059,0.921,0.0137,0.0,0.0
CT015536,Zone_03,Zone_03,0.9948,0.0,0.0052,0.9948,0.0,0.0,0.0,0.0,0.0,0.0,0.0
CT010969,Zone_08,Zone_08,0.6654,0.0,0.0,0.0,0.0001,0.0,0.0008,0.3336,0.6654,0.0,0.0
CT004093,Zone_07,Zone_07,0.8517,0.0,0.0,0.0,0.0,0.0,0.1272,0.8517,0.0069,0.0089,0.0053
CT014011,Zone_06,Zone_06,0.9875,0.0,0.0,0.0,0.0,0.0,0.9875,0.0125,0.0,0.0,0.0
CT015689,Zone_04,Zone_04,0.9728,0.0,0.0,0.0003,0.9728,0.0001,0.0003,0.0228,0.0037,0.0,0.0
CT016265,Zone_10,Zone_10,1.0,0.0,0.0,0.0,0.0,0.0,0.0,0.0,0.0,0.0,1.0
CT013950,Zone_08,Zone_08,0.9669,0.0,0.0001,0.0001,0.004,0.0081,0.0003,0.0206,0.9669,0.0,0.0
CT006116,Zone_07,Zone_07,0.9616,0.0,0.0,0.0,0.0,0.0,0.0032,0.9616,0.0351,0.0,0.0
CT012962,Zone_08,Zone_08,0.6989,0.0,0.0,0.0,0.0001,0.0,0.0002,0.3007,0.6989,0.0,0.0
CT011610,Zone_02,Zone_02,1.0,0.0,1.0,0.0,0.0,0.0,0.0,0.0,0.0,0.0,0.0
CT019323,Zone_07,Zone_08,0.7079,0.0,0.0,0.0,0.0001,0.0,0.0002,0.2917,0.7079,0.0,0.0
CT003978,Zone_03,Zone_03,1.0,0.0,0.0,1.0,0.0,0.0,0.0,0.0,0.0,0.0,0.0
CT019559,Zone_07,Zone_07,0.9251,0.0,0.0,0.0,0.0065,0.0005,0.0091,0.9251,0.0534,0.0,0.0054
CT010737,Zone_05,Zone_05,1.0,0.0,0.0,0.0,0.0,1.0,0.0,0.0,0.0,0.0,0.0
CT011712,Zone_02,Zone_02,1.0,0.0,1.0,0.0,0.0,0.0,0.0,0.0,0.0,0.0,0.0
CT009915,Zone_04,Zone_04,0.9872,0.0,0.0,0.0,0.9872,0.0,0.0,0.0077,0.0051,0.0,0.0
CT013068,Zone_07,Zone_07,0.8535,0.0,0.0,0.0,0.0035,0.0001,0.1415,0.8535,0.0014,0.0,0.0002
CT019907,Zone_07,Zone_08,0.6763,0.0,0.0,0.0,0.0001,0.0,0.0001,0.3236,0.6763,0.0,0.0
CT019133,Zone_07,Zone_07,0.9626,0.0,0.0,0.0,0.0065,0.0005,0.0066,0.9626,0.0237,0.0,0.0001
CT010738,Zone_05,Zone_05,1.0,0.0,0.0,0.0,0.0,1.0,0.0,0.0,0.0,0.0,0.0
CT005095,Zone_09,Zone_09,1.0,0.0,0.0,0.0,0.0,0.0,0.0,0.0,0.0,1.0,0.0
CT006646,Zone_03,Zone_03,1.0,0.0,0.0,1.0,0.0,0.0,0.0,0.0,0.0,0.0,0.0
CT011147,Zone_03,Zone_03,0.9999,0.0,0.0001,0.9999,0.0,0.0,0.0,0.0,0.0,0.0,0.0
CT012534,Zone_08,Zone_08,0.9777,0.0,0.0,0.0001,0.0009,0.0006,0.0,0.0207,0.9777,0.0,0.0
CT006598,Zone_04,Zone_04,0.9864,0.0001,0.0001,0.0003,0.9864,0.0001,0.0004,0.0057,0.0069,0.0,0.0
CT009310,Zone_08,Zone_08,0.715,0.0,0.0,0.0,0.0001,0.0,0.0002,0.2847,0.715,0.0,0.0
CT009437,Zone_04,Zone_04,0.9999,0.0,0.0,0.0001,0.9999,0.0,0.0001,0.0,0.0,0.0,0.0
CT010226,Zone_08,Zone_08,0.6384,0.0,0.0,0.0,0.0293,0.0001,0.01,0.3221,0.6384,0.0,0.0001
CT001570,Zone_08,Zone_08,0.977,0.0,0.0001,0.0001,0.004,0.0002,0.001,0.0177,0.977,0.0,0.0
CT003766,Zone_07,Zone_07,0.972,0.0,0.0,0.0,0.0028,0.0,0.0032,0.972,0.022,0.0,0.0
CT018944,Zone_07,Zone_07,0.7808,0.0,0.0,0.0001,0.018,0.0009,0.0008,0.7808,0.1993,0.0,0.0001
CT008822,Zone_08,Zone_08,0.9779,0.0,0.0001,0.0,0.0072,0.0001,0.0,0.0147,0.9779,0.0,0.0
CT010819,Zone_04,Zone_04,0.9691,0.0,0.0001,0.0004,0.9691,0.0001,0.0002,0.0214,0.0087,0.0,0.0
CT000795,Zone_02,Zone_02,1.0,0.0,1.0,0.0,0.0,0.0,0.0,0.0,0.0,0.0,0.0
CT016322,Zone_08,Zone_08,0.6833,0.0,0.0,0.0,0.001,0.0,0.0006,0.3151,0.6833,0.0,0.0
CT004128,Zone_08,Zone_08,0.9793,0.0,0.0001,0.0001,0.004,0.0002,0.001,0.0154,0.9793,0.0,0.0
CT013384,Zone_02,Zone_02,1.0,0.0,1.0,0.0,0.0,0.0,0.0,0.0,0.0,0.0,0.0
CT018447,Zone_08,Zone_08,0.974,0.0,0.0001,0.0001,0.0084,0.0002,0.0,0.0173,0.974,0.0,0.0
CT001430,Zone_08,Zone_08,0.9819,0.0,0.0001,0.0001,0.0038,0.0006,0.0,0.0134,0.9819,0.0,0.0
CT010609,Zone_10,Zone_10,1.0,0.0,0.0,0.0,0.0,0.0,0.0,0.0,0.0,0.0,1.0
CT009341,Zone_02,Zone_02,1.0,0.0,1.0,0.0,0.0,0.0,0.0,0.0,0.0,0.0,0.0
CT018952,Zone_05,Zone_05,1.0,0.0,0.0,0.0,0.0,1.0,0.0,0.0,0.0,0.0,0.0
CT009312,Zone_07,Zone_07,0.7869,0.0,0.0,0.0,0.0208,0.008,0.0002,0.7869,0.184,0.0,0.0
CT001621,Zone_01,Zone_01,1.0,1.0,0.0,0.0,0.0,0.0,0.0,0.0,0.0,0.0,0.0
CT015044,Zone_07,Zone_07,0.7562,0.0,0.0,0.0,0.0274,0.0003,0.0,0.7562,0.216,0.0,0.0001
CT001758,Zone_10,Zone_10,1.0,0.0,0.0,0.0,0.0,0.0,0.0,0.0,0.0,0.0,1.0
CT003423,Zone_08,Zone_08,0.7732,0.0,0.0,0.0,0.0001,0.0,0.0007,0.2259,0.7732,0.0,0.0
CT018346,Zone_04,Zone_04,0.9822,0.0,0.0046,0.0003,0.9822,0.0001,0.0002,0.0057,0.0069,0.0,0.0
CT014099,Zone_06,Zone_06,0.9952,0.0,0.0,0.0,0.0,0.0,0.9952,0.0048,0.0,0.0,0.0
CT007014,Zone_08,Zone_08,0.6814,0.0,0.0,0.0,0.0001,0.0,0.0007,0.3176,0.6814,0.0,0.0
CT005623,Zone_08,Zone_08,0.7459,0.0,0.0,0.0,0.0001,0.0,0.0008,0.2532,0.7459,0.0,0.0
CT010428,Zone_07,Zone_07,0.9621,0.0,0.0,0.0,0.0036,0.0,0.0035,0.9621,0.0307,0.0,0.0001
CT012686,Zone_08,Zone_08,0.9702,0.0,0.0001,0.0003,0.0039,0.0001,0.0003,0.0252,0.9702,0.0,0.0
CT015527,Zone_08,Zone_08,0.9744,0.0,0.0001,0.0001,0.0038,0.0002,0.001,0.0204,0.9744,0.0,0.0
CT012808,Zone_06,Zone_06,0.9984,0.0,0.0,0.0,0.0,0.0,0.9984,0.0016,0.0,0.0,0.0
CT013627,Zone_08,Zone_08,0.733,0.0,0.0,0.0,0.0001,0.0,0.0002,0.2666,0.733,0.0,0.0
CT017569,Zone_03,Zone_03,1.0,0.0,0.0,1.0,0.0,0.0,0.0,0.0,0.0,0.0,0.0
CT014825,Zone_08,Zone_08,0.9687,0.0,0.0,0.0001,0.0002,0.0006,0.0,0.0304,0.9687,0.0,0.0
CT010594,Zone_08,Zone_08,0.9792,0.0,0.0001,0.0001,0.004,0.0002,0.0003,0.0162,0.9792,0.0,0.0
CT019721,Zone_08,Zone_08,0.9677,0.0,0.0001,0.0003,0.0116,0.0001,0.001,0.0192,0.9677,0.0,0.0
CT015392,Zone_04,Zone_04,0.986,0.0001,0.0001,0.0005,0.986,0.0001,0.0004,0.0057,0.007,0.0,0.0
CT015319,Zone_08,Zone_08,0.9745,0.0,0.0001,0.0001,0.008,0.0002,0.001,0.0162,0.9745,0.0,0.0
CT004930,Zone_04,Zone_04,0.9863,0.0,0.0,0.0001,0.9863,0.0,0.0013,0.0122,0.0002,0.0,0.0
CT006434,Zone_06,Zone_06,0.9984,0.0,0.0,0.0,0.0,0.0,0.9984,0.0016,0.0,0.0,0.0
CT016898,Zone_09,Zone_09,0.9999,0.0,0.0,0.0,0.0,0.0,0.0,0.0,0.0,0.9999,0.0001
CT010083,Zone_03,Zone_03,0.9837,0.0,0.0094,0.9837,0.0069,0.0,0.0,0.0,0.0,0.0,0.0
CT003896,Zone_08,Zone_08,0.7304,0.0,0.0,0.0,0.0001,0.0,0.0002,0.2692,0.7304,0.0,0.0
CT000653,Zone_08,Zone_08,0.7115,0.0,0.0,0.0,0.0001,0.0,0.0007,0.2876,0.7115,0.0,0.0
CT014148,Zone_06,Zone_06,0.9975,0.0,0.0,0.0,0.0,0.0,0.9975,0.0025,0.0,0.0,0.0
CT000362,Zone_03,Zone_03,1.0,0.0,0.0,1.0,0.0,0.0,0.0,0.0,0.0,0.0,0.0
CT000191,Zone_10,Zone_10,1.0,0.0,0.0,0.0,0.0,0.0,0.0,0.0,0.0,0.0,1.0
CT003823,Zone_07,Zone_07,0.8149,0.0,0.0,0.0,0.0217,0.0075,0.0001,0.8149,0.1556,0.0,0.0001
CT004182,Zone_03,Zone_03,0.9956,0.0,0.0044,0.9956,0.0,0.0,0.0,0.0,0.0,0.0,0.0
CT011508,Zone_02,Zone_02,0.9944,0.0,0.9944,0.0056,0.0,0.0,0.0,0.0,0.0,0.0,0.0
CT019163,Zone_04,Zone_04,0.9844,0.0,0.0,0.0,0.9844,0.0,0.0001,0.0102,0.0053,0.0,0.0
CT003282,Zone_02,Zone_02,1.0,0.0,1.0,0.0,0.0,0.0,0.0,0.0,0.0,0.0,0.0
CT009122,Zone_10,Zone_10,1.0,0.0,0.0,0.0,0.0,0.0,0.0,0.0,0.0,0.0,1.0
CT004071,Zone_05,Zone_05,0.9974,0.0,0.0,0.0,0.0,0.9974,0.0,0.0021,0.0005,0.0,0.0
CT010374,Zone_04,Zone_04,0.9819,0.0,0.0001,0.0004,0.9819,0.0001,0.0,0.0099,0.0076,0.0,0.0
CT015633,Zone_03,Zone_03,1.0,0.0,0.0,1.0,0.0,0.0,0.0,0.0,0.0,0.0,0.0
CT010171,Zone_07,Zone_07,0.8061,0.0,0.0,0.0001,0.0142,0.0004,0.0003,0.8061,0.1778,0.0,0.001
CT013486,Zone_07,Zone_07,0.9068,0.0,0.0,0.0,0.0034,0.0001,0.0763,0.9068,0.0135,0.0,0.0
CT019924,Zone_08,Zone_08,0.7134,0.0,0.0,0.0,0.007,0.0,0.0002,0.2793,0.7134,0.0,0.0
CT018401,Zone_07,Zone_07,0.9787,0.0,0.0,0.0,0.0001,0.0,0.0026,0.9787,0.0185,0.0,0.0001
CT010338,Zone_06,Zone_06,0.9837,0.0,0.0,0.0,0.0,0.0,0.9837,0.016,0.0003,0.0,0.0
CT010145,Zone_07,Zone_07,0.8242,0.0,0.0,0.0003,0.0194,0.0005,0.0007,0.8242,0.1548,0.0,0.0
CT016887,Zone_07,Zone_08,0.641,0.0,0.0,0.0,0.001,0.0,0.0006,0.3574,0.641,0.0,0.0
CT007392,Zone_02,Zone_02,1.0,0.0,1.0,0.0,0.0,0.0,0.0,0.0,0.0,0.0,0.0
CT010780,Zone_08,Zone_08,0.981,0.0,0.0001,0.0,0.0071,0.0001,0.0003,0.0115,0.981,0.0,0.0
CT004097,Zone_07,Zone_08,0.6839,0.0,0.0,0.0,0.001,0.0,0.0001,0.315,0.6839,0.0,0.0
CT009234,Zone_06,Zone_06,0.9965,0.0,0.0,0.0,0.0,0.0,0.9965,0.0034,0.0,0.0,0.0
CT015785,Zone_08,Zone_08,0.9659,0.0,0.0,0.0001,0.0043,0.0006,0.0,0.0291,0.9659,0.0,0.0
CT003966,Zone_03,Zone_03,1.0,0.0,0.0,1.0,0.0,0.0,0.0,0.0,0.0,0.0,0.0
CT010040,Zone_07,Zone_07,0.7701,0.0,0.0,0.0001,0.0185,0.0015,0.0003,0.7701,0.2094,0.0,0.0
CT014419,Zone_08,Zone_08,0.9758,0.0,0.0001,0.0001,0.008,0.0002,0.001,0.0148,0.9758,0.0,0.0
CT005080,Zone_07,Zone_08,0.7131,0.0,0.0,0.0,0.0001,0.0,0.0002,0.2866,0.7131,0.0,0.0
CT009522,Zone_08,Zone_08,0.5839,0.0,0.0,0.0,0.0002,0.0,0.0002,0.4157,0.5839,0.0,0.0
CT012067,Zone_03,Zone_03,0.9947,0.0,0.0053,0.9947,0.0,0.0,0.0,0.0,0.0,0.0,0.0
CT015529,Zone_07,Zone_07,0.7987,0.0,0.0,0.0001,0.0148,0.0005,0.0002,0.7987,0.1857,0.0,0.0001
CT011378,Zone_04,Zone_04,0.9879,0.0,0.0,0.0,0.9879,0.0,0.0004,0.0109,0.0008,0.0,0.0
CT016808,Zone_02,Zone_02,1.0,0.0,1.0,0.0,0.0,0.0,0.0,0.0,0.0,0.0,0.0
CT018155,Zone_08,Zone_08,0.9858,0.0,0.0,0.0,0.0001,0.0006,0.0,0.0136,0.9858,0.0,0.0
CT019041,Zone_07,Zone_07,0.8095,0.0,0.0,0.0001,0.0182,0.0082,0.0005,0.8095,0.1633,0.0,0.0001
CT006179,Zone_05,Zone_05,1.0,0.0,0.0,0.0,0.0,1.0,0.0,0.0,0.0,0.0,0.0
CT004385,Zone_07,Zone_07,0.7742,0.0,0.0,0.0,0.0036,0.0,0.2217,0.7742,0.0004,0.0,0.0002
CT011134,Zone_10,Zone_10,1.0,0.0,0.0,0.0,0.0,0.0,0.0,0.0,0.0,0.0,1.0
CT018654,Zone_04,Zone_04,0.9665,0.0,0.0084,0.0002,0.9665,0.0001,0.0003,0.0155,0.009,0.0,0.0
CT010405,Zone_01,Zone_01,1.0,1.0,0.0,0.0,0.0,0.0,0.0,0.0,0.0,0.0,0.0
CT006953,Zone_03,Zone_03,1.0,0.0,0.0,1.0,0.0,0.0,0.0,0.0,0.0,0.0,0.0
CT013896,Zone_07,Zone_07,0.9789,0.0,0.0,0.0,0.0002,0.0,0.004,0.9789,0.0169,0.0,0.0001
CT012120,Zone_04,Zone_04,0.9896,0.0,0.0,0.0001,0.9896,0.0,0.0,0.0036,0.0067,0.0,0.0
CT018213,Zone_01,Zone_01,1.0,1.0,0.0,0.0,0.0,0.0,0.0,0.0,0.0,0.0,0.0
CT012369,Zone_08,Zone_07,0.7733,0.0,0.0,0.0001,0.0132,0.0013,0.0003,0.7733,0.2117,0.0,0.0001
CT012986,Zone_07,Zone_08,0.6622,0.0,0.0,0.0,0.0019,0.0,0.0037,0.3322,0.6622,0.0,0.0
CT002103,Zone_07,Zone_07,0.983,0.0,0.0,0.0,0.0002,0.0,0.0038,0.983,0.013,0.0,0.0001
CT014300,Zone_07,Zone_07,0.7913,0.0,0.0,0.0001,0.0136,0.0007,0.0005,0.7913,0.1937,0.0,0.0001
CT003500,Zone_07,Zone_07,0.8739,0.0,0.0,0.0,0.0039,0.0,0.1148,0.8739,0.0074,0.0,0.0
CT011952,Zone_08,Zone_08,0.9698,0.0,0.0001,0.0001,0.0071,0.0002,0.0,0.0227,0.9698,0.0,0.0
CT005836,Zone_03,Zone_03,1.0,0.0,0.0,1.0,0.0,0.0,0.0,0.0,0.0,0.0,0.0
CT014861,Zone_04,Zone_04,0.9772,0.0061,0.0,0.001,0.9772,0.0,0.0,0.0141,0.0017,0.0,0.0
CT004984,Zone_03,Zone_03,1.0,0.0,0.0,1.0,0.0,0.0,0.0,0.0,0.0,0.0,0.0
CT008618,Zone_08,Zone_08,0.7022,0.0,0.0,0.0,0.0001,0.0,0.0008,0.2968,0.7022,0.0,0.0
CT000751,Zone_04,Zone_04,0.9765,0.0,0.0001,0.0002,0.9765,0.0001,0.0002,0.0145,0.0084,0.0,0.0
CT018877,Zone_02,Zone_02,1.0,0.0,1.0,0.0,0.0,0.0,0.0,0.0,0.0,0.0,0.0
CT010720,Zone_07,Zone_07,0.7985,0.0,0.0,0.0001,0.0185,0.0012,0.0003,0.7985,0.1813,0.0,0.0
CT017128,Zone_07,Zone_08,0.7034,0.0,0.0,0.0,0.0001,0.0,0.0007,0.2958,0.7034,0.0,0.0
CT002099,Zone_03,Zone_03,0.9946,0.0,0.0054,0.9946,0.0,0.0,0.0,0.0,0.0,0.0,0.0
CT011570,Zone_07,Zone_08,0.7352,0.0,0.0,0.0,0.0001,0.0,0.0006,0.2641,0.7352,0.0,0.0
CT015195,Zone_07,Zone_08,0.6813,0.0,0.0002,0.0,0.0003,0.0,0.0002,0.318,0.6813,0.0,0.0
CT015879,Zone_08,Zone_08,0.6303,0.0,0.0002,0.0,0.0001,0.0,0.0002,0.3692,0.6303,0.0,0.0
CT005914,Zone_04,Zone_04,0.9934,0.0,0.0,0.0001,0.9934,0.0,0.0004,0.0062,0.0,0.0,0.0
CT003795,Zone_07,Zone_07,0.8051,0.0,0.0,0.0,0.0308,0.0069,0.0001,0.8051,0.157,0.0,0.0001
CT017331,Zone_05,Zone_05,0.9994,0.0,0.0,0.0,0.0,0.9994,0.0,0.0,0.0006,0.0,0.0
CT018856,Zone_08,Zone_08,0.9669,0.0,0.0001,0.0,0.0038,0.0081,0.0003,0.0209,0.9669,0.0,0.0
CT018202,Zone_04,Zone_04,0.9843,0.0,0.0,0.0001,0.9843,0.0,0.0004,0.0129,0.0024,0.0,0.0
CT000174,Zone_10,Zone_10,1.0,0.0,0.0,0.0,0.0,0.0,0.0,0.0,0.0,0.0,1.0
CT001803,Zone_03,Zone_03,0.9952,0.0,0.0048,0.9952,0.0,0.0,0.0,0.0,0.0,0.0,0.0
CT013328,Zone_04,Zone_04,0.9616,0.0,0.0084,0.0002,0.9616,0.0001,0.0002,0.0202,0.0093,0.0,0.0
CT008666,Zone_08,Zone_08,0.7439,0.0,0.0,0.0,0.0001,0.0,0.0002,0.2557,0.7439,0.0,0.0
CT014321,Zone_07,Zone_07,0.8025,0.0,0.0,0.0001,0.0192,0.0012,0.0036,0.8025,0.1724,0.0,0.001
CT003453,Zone_02,Zone_02,0.9944,0.0,0.9944,0.0056,0.0,0.0,0.0,0.0,0.0,0.0,0.0
CT009696,Zone_05,Zone_05,1.0,0.0,0.0,0.0,0.0,1.0,0.0,0.0,0.0,0.0,0.0
CT016332,Zone_07,Zone_08,0.645,0.0,0.0,0.0,0.0001,0.0,0.0007,0.354,0.645,0.0,0.0
CT016970,Zone_07,Zone_07,0.7796,0.0,0.0,0.0,0.0124,0.0077,0.0001,0.7796,0.2,0.0,0.0001
CT004309,Zone_10,Zone_10,0.9953,0.0,0.0,0.0,0.0,0.0,0.0013,0.0034,0.0,0.0,0.9953
CT003767,Zone_07,Zone_07,0.799,0.0,0.0,0.0001,0.0143,0.0009,0.0004,0.799,0.1852,0.0,0.0001
CT002639,Zone_07,Zone_07,0.9201,0.0,0.0,0.0,0.0069,0.0001,0.0709,0.9201,0.002,0.0,0.0
CT006193,Zone_01,Zone_01,1.0,1.0,0.0,0.0,0.0,0.0,0.0,0.0,0.0,0.0,0.0
CT012296,Zone_07,Zone_07,0.9791,0.0,0.0,0.0,0.0002,0.0,0.0039,0.9791,0.0167,0.0,0.0001
CT007395,Zone_06,Zone_07,0.7674,0.0,0.0,0.0,0.0001,0.0,0.2309,0.7674,0.0014,0.0,0.0002
CT010778,Zone_08,Zone_08,0.9724,0.0,0.0001,0.0001,0.0038,0.0106,0.0003,0.0127,0.9724,0.0,0.0
CT006578,Zone_07,Zone_07,0.9634,0.0,0.0,0.0,0.0001,0.0,0.0061,0.9634,0.0302,0.0,0.0001
CT019074,Zone_09,Zone_09,0.9849,0.0,0.0,0.0,0.0,0.0,0.0,0.0051,0.0,0.9849,0.01
CT015095,Zone_07,Zone_07,0.7502,0.0,0.0,0.0,0.018,0.0004,0.0001,0.7502,0.2312,0.0,0.0001
CT017221,Zone_07,Zone_07,0.9556,0.0,0.0,0.0,0.0062,0.0,0.0063,0.9556,0.0265,0.0,0.0054
CT005042,Zone_03,Zone_03,0.9956,0.0,0.0044,0.9956,0.0,0.0,0.0,0.0,0.0,0.0,0.0
CT009781,Zone_01,Zone_01,1.0,1.0,0.0,0.0,0.0,0.0,0.0,0.0,0.0,0.0,0.0
CT002504,Zone_07,Zone_07,0.8433,0.0,0.0,0.0,0.0,0.0,0.1514,0.8433,0.0053,0.0,0.0
CT006335,Zone_07,Zone_07,0.9469,0.0,0.0,0.0,0.0065,0.0005,0.0245,0.9469,0.0215,0.0,0.0001
CT016667,Zone_07,Zone_08,0.5328,0.0,0.0002,0.0,0.0002,0.0,0.0003,0.4665,0.5328,0.0,0.0
CT018425,Zone_07,Zone_08,0.7163,0.0,0.0,0.0,0.0001,0.0001,0.0006,0.2829,0.7163,0.0,0.0
CT005892,Zone_07,Zone_08,0.5081,0.0,0.0,0.0,0.0001,0.0,0.0007,0.4911,0.5081,0.0,0.0
CT015586,Zone_08,Zone_08,0.7285,0.0,0.0,0.0,0.0001,0.0,0.0001,0.2713,0.7285,0.0,0.0
CT012258,Zone_02,Zone_02,1.0,0.0,1.0,0.0,0.0,0.0,0.0,0.0,0.0,0.0,0.0
CT013842,Zone_07,Zone_08,0.7419,0.0,0.0002,0.0,0.0001,0.0,0.0002,0.2576,0.7419,0.0,0.0
CT002692,Zone_05,Zone_05,0.9852,0.0,0.0,0.0,0.0039,0.9852,0.0,0.0021,0.0088,0.0,0.0
CT009460,Zone_10,Zone_10,0.9904,0.0,0.0,0.0,0.0,0.0,0.0,0.0,0.0,0.0096,0.9904
CT000065,Zone_07,Zone_08,0.6587,0.0,0.0,0.0,0.0001,0.0,0.0003,0.3409,0.6587,0.0,0.0
CT000084,Zone_03,Zone_03,0.9999,0.0,0.0001,0.9999,0.0,0.0,0.0,0.0,0.0,0.0,0.0
CT015701,Zone_06,Zone_06,0.9909,0.0,0.0,0.0,0.0018,0.0,0.9909,0.0034,0.0038,0.0,0.0
CT015254,Zone_04,Zone_04,0.9797,0.0001,0.0001,0.0009,0.9797,0.0001,0.0002,0.0099,0.0089,0.0,0.0
CT017290,Zone_07,Zone_07,0.7354,0.0,0.0,0.0001,0.0143,0.0085,0.0005,0.7354,0.2412,0.0,0.0001
CT015986,Zone_03,Zone_03,1.0,0.0,0.0,1.0,0.0,0.0,0.0,0.0,0.0,0.0,0.0
CT015971,Zone_04,Zone_04,0.9999,0.0,0.0,0.0,0.9999,0.0,0.0001,0.0,0.0,0.0,0.0
CT002144,Zone_07,Zone_07,0.9686,0.0,0.0,0.0,0.006,0.0,0.0105,0.9686,0.0149,0.0,0.0
CT011515,Zone_04,Zone_04,0.9869,0.0,0.0001,0.0002,0.9869,0.0001,0.0002,0.0057,0.0069,0.0,0.0
CT003208,Zone_02,Zone_02,0.9944,0.0,0.9944,0.0056,0.0,0.0,0.0,0.0,0.0,0.0,0.0
CT004411,Zone_05,Zone_05,0.998,0.0,0.0,0.0,0.0,0.998,0.0,0.0,0.002,0.0,0.0
CT017584,Zone_04,Zone_04,0.9915,0.0,0.0,0.0,0.9915,0.0,0.0,0.0067,0.0017,0.0,0.0
CT007858,Zone_04,Zone_04,0.9582,0.0,0.0063,0.0002,0.9582,0.0001,0.0002,0.0321,0.0029,0.0,0.0
CT018243,Zone_08,Zone_08,0.9836,0.0,0.0001,0.0001,0.0039,0.0006,0.0,0.0117,0.9836,0.0,0.0
CT000069,Zone_02,Zone_02,0.9944,0.0,0.9944,0.0056,0.0,0.0,0.0,0.0,0.0,0.0,0.0
CT017488,Zone_04,Zone_04,0.9836,0.0011,0.0,0.001,0.9836,0.0,0.0002,0.0091,0.0051,0.0,0.0
CT010642,Zone_07,Zone_07,0.7847,0.0,0.0,0.0,0.0036,0.0,0.2057,0.7847,0.0006,0.0,0.0055
CT002476,Zone_02,Zone_02,1.0,0.0,1.0,0.0,0.0,0.0,0.0,0.0,0.0,0.0,0.0
CT009149,Zone_05,Zone_05,1.0,0.0,0.0,0.0,0.0,1.0,0.0,0.0,0.0,0.0,0.0
CT017686,Zone_08,Zone_08,0.9829,0.0,0.0,0.0001,0.0001,0.0006,0.0,0.0163,0.9829,0.0,0.0
CT014973,Zone_08,Zone_08,0.9747,0.0,0.0001,0.0001,0.0085,0.0002,0.0003,0.0162,0.9747,0.0,0.0
CT010933,Zone_07,Zone_08,0.7336,0.0,0.0,0.0,0.0001,0.0,0.0007,0.2656,0.7336,0.0,0.0
CT018777,Zone_03,Zone_03,0.9932,0.0,0.0044,0.9932,0.0024,0.0,0.0,0.0,0.0,0.0,0.0
CT007095,Zone_08,Zone_08,0.6998,0.0,0.0,0.0,0.0,0.0003,0.0006,0.2992,0.6998,0.0,0.0
CT013522,Zone_07,Zone_07,0.8467,0.0,0.0,0.0,0.0034,0.0001,0.1363,0.8467,0.0133,0.0,0.0002
CT013427,Zone_10,Zone_10,1.0,0.0,0.0,0.0,0.0,0.0,0.0,0.0,0.0,0.0,1.0
CT015959,Zone_04,Zone_04,0.9854,0.0,0.0,0.0081,0.9854,0.0,0.0003,0.0062,0.0,0.0,0.0
CT005599,Zone_07,Zone_07,0.7799,0.0,0.0,0.0,0.0202,0.0003,0.0,0.7799,0.1996,0.0,0.0001
CT002880,Zone_02,Zone_02,1.0,0.0,1.0,0.0,0.0,0.0,0.0,0.0,0.0,0.0,0.0
CT002520,Zone_01,Zone_01,1.0,1.0,0.0,0.0,0.0,0.0,0.0,0.0,0.0,0.0,0.0
CT005807,Zone_07,Zone_08,0.6298,0.0,0.0,0.0,0.0001,0.0,0.0006,0.3696,0.6298,0.0,0.0
CT017485,Zone_06,Zone_06,0.9965,0.0,0.0,0.0,0.0,0.0,0.9965,0.0035,0.0,0.0,0.0
CT008240,Zone_05,Zone_05,0.9974,0.0,0.0,0.0,0.0,0.9974,0.0,0.0021,0.0005,0.0,0.0
CT006929,Zone_04,Zone_04,0.994,0.0,0.0,0.0059,0.994,0.0,0.0001,0.0,0.0,0.0,0.0
CT002796,Zone_07,Zone_07,0.807,0.0,0.0,0.0001,0.0089,0.0014,0.0006,0.807,0.1819,0.0,0.0001
CT003772,Zone_10,Zone_10,0.9904,0.0,0.0,0.0,0.0,0.0,0.0,0.0,0.0,0.0096,0.9904
CT003708,Zone_08,Zone_08,0.7367,0.0,0.0,0.0,0.0001,0.0,0.0002,0.263,0.7367,0.0,0.0
CT000116,Zone_07,Zone_07,0.8814,0.0,0.0,0.0,0.012,0.0001,0.0989,0.8814,0.0074,0.0,0.0002
CT016609,Zone_02,Zone_02,0.9912,0.0,0.9912,0.0088,0.0,0.0,0.0,0.0,0.0,0.0,0.0
CT016481,Zone_07,Zone_07,0.9729,0.0,0.0,0.0,0.0001,0.0,0.0032,0.9729,0.0184,0.0,0.0054
CT001780,Zone_08,Zone_08,0.9769,0.0,0.0001,0.0,0.008,0.0001,0.0,0.0149,0.9769,0.0,0.0
CT007346,Zone_07,Zone_07,0.7069,0.0,0.0,0.0,0.023,0.0011,0.0004,0.7069,0.2684,0.0,0.0001
CT002500,Zone_08,Zone_08,0.9782,0.0,0.0001,0.0001,0.007,0.0002,0.0,0.0145,0.9782,0.0,0.0
CT009366,Zone_04,Zone_04,0.9834,0.0,0.0,0.0002,0.9834,0.0001,0.0002,0.014,0.0022,0.0,0.0
CT017131,Zone_10,Zone_10,1.0,0.0,0.0,0.0,0.0,0.0,0.0,0.0,0.0,0.0,1.0
CT017628,Zone_06,Zone_06,0.9975,0.0,0.0,0.0,0.0,0.0,0.9975,0.0025,0.0,0.0,0.0
CT018105,Zone_01,Zone_01,1.0,1.0,0.0,0.0,0.0,0.0,0.0,0.0,0.0,0.0,0.0
CT003103,Zone_10,Zone_10,1.0,0.0,0.0,0.0,0.0,0.0,0.0,0.0,0.0,0.0,1.0
CT003293,Zone_07,Zone_07,0.7646,0.0,0.0,0.0001,0.0192,0.0011,0.0003,0.7646,0.2145,0.0,0.0001
CT012046,Zone_07,Zone_08,0.7504,0.0,0.0,0.0,0.0001,0.0,0.0002,0.2493,0.7504,0.0,0.0
CT014162,Zone_08,Zone_08,0.6788,0.0,0.0,0.0,0.001,0.0,0.0001,0.3202,0.6788,0.0,0.0
CT015927,Zone_07,Zone_07,0.8253,0.0,0.0,0.0,0.0001,0.0,0.1673,0.8253,0.0071,0.0,0.0002
CT012893,Zone_04,Zone_04,0.9872,0.0,0.0062,0.0001,0.9872,0.0,0.0004,0.0062,0.0,0.0,0.0
CT011520,Zone_07,Zone_07,0.8344,0.0,0.0,0.0001,0.0297,0.0009,0.0008,0.8344,0.1341,0.0,0.0
CT017752,Zone_04,Zone_04,0.9939,0.0,0.0,0.0001,0.9939,0.0,0.0,0.0049,0.0011,0.0,0.0
CT000775,Zone_02,Zone_02,1.0,0.0,1.0,0.0,0.0,0.0,0.0,0.0,0.0,0.0,0.0
CT014906,Zone_08,Zone_08,0.7062,0.0,0.0,0.0,0.0006,0.0003,0.0007,0.2921,0.7062,0.0,0.0
CT002820,Zone_06,Zone_06,0.9984,0.0,0.0,0.0,0.0,0.0,0.9984,0.0016,0.0,0.0,0.0
CT002726,Zone_07,Zone_07,0.9661,0.0,0.0,0.0,0.0036,0.0005,0.0054,0.9661,0.0244,0.0,0.0001
CT008661,Zone_04,Zone_04,0.9931,0.0,0.0,0.0069,0.9931,0.0,0.0001,0.0,0.0,0.0,0.0
CT003178,Zone_05,Zone_05,0.998,0.0,0.0,0.0,0.0,0.998,0.0,0.0,0.002,0.0,0.0
CT004552,Zone_08,Zone_08,0.7095,0.0,0.0,0.0,0.0001,0.0,0.0002,0.2901,0.7095,0.0,0.0
CT014014,Zone_10,Zone_10,1.0,0.0,0.0,0.0,0.0,0.0,0.0,0.0,0.0,0.0,1.0
CT014528,Zone_07,Zone_07,0.8925,0.0,0.0,0.0,0.0,0.0,0.0953,0.8925,0.0122,0.0,0.0
CT019865,Zone_07,Zone_07,0.9037,0.0,0.0,0.0,0.0069,0.0001,0.0718,0.9037,0.0087,0.0089,0.0
CT009880,Zone_04,Zone_04,0.9955,0.0,0.0,0.0,0.9955,0.0,0.0,0.0035,0.001,0.0,0.0
CT017678,Zone_08,Zone_08,0.701,0.0,0.0,0.0,0.0001,0.0,0.0002,0.2987,0.701,0.0,0.0
CT000593,Zone_04,Zone_04,0.9999,0.0,0.0,0.0001,0.9999,0.0,0.0001,0.0,0.0,0.0,0.0
CT006067,Zone_08,Zone_08,0.9743,0.0,0.0,0.0,0.0034,0.0001,0.0,0.0223,0.9743,0.0,0.0
CT013672,Zone_06,Zone_06,0.9984,0.0,0.0,0.0,0.0,0.0,0.9984,0.0016,0.0,0.0,0.0
CT000628,Zone_03,Zone_03,0.9999,0.0,0.0001,0.9999,0.0,0.0,0.0,0.0,0.0,0.0,0.0
CT012328,Zone_03,Zone_03,0.997,0.0,0.003,0.997,0.0,0.0,0.0,0.0,0.0,0.0,0.0
CT018906,Zone_07,Zone_07,0.9195,0.0,0.0,0.0,0.0069,0.0001,0.0552,0.9195,0.0134,0.0049,0.0
CT008368,Zone_07,Zone_07,0.9802,0.0,0.0,0.0,0.001,0.0,0.0029,0.9802,0.0158,0.0,0.0001
CT015312,Zone_07,Zone_07,0.9279,0.0,0.0,0.0,0.0069,0.0001,0.0572,0.9279,0.008,0.0,0.0
CT018573,Zone_08,Zone_08,0.9697,0.0,0.0001,0.0,0.0038,0.0081,0.0003,0.0181,0.9697,0.0,0.0
CT012840,Zone_09,Zone_09,1.0,0.0,0.0,0.0,0.0,0.0,0.0,0.0,0.0,1.0,0.0
CT011848,Zone_07,Zone_07,0.7764,0.0,0.0,0.0,0.0209,0.0005,0.0001,0.7764,0.2019,0.0,0.0001
CT019009,Zone_02,Zone_02,1.0,0.0,1.0,0.0,0.0,0.0,0.0,0.0,0.0,0.0,0.0
CT006471,Zone_08,Zone_08,0.9789,0.0,0.0001,0.0001,0.0038,0.0002,0.0003,0.0166,0.9789,0.0,0.0
CT012538,Zone_07,Zone_07,0.7869,0.0,0.0,0.0001,0.0156,0.0015,0.0002,0.7869,0.1957,0.0,0.0001
CT001095,Zone_07,Zone_08,0.6798,0.0,0.0,0.0,0.0001,0.0,0.0002,0.3198,0.6798,0.0,0.0
CT002974,Zone_10,Zone_10,0.9923,0.0,0.0,0.0,0.0,0.0,0.0,0.0,0.0,0.0077,0.9923
CT001590,Zone_03,Zone_03,0.9999,0.0,0.0001,0.9999,0.0,0.0,0.0,0.0,0.0,0.0,0.0
CT017901,Zone_08,Zone_08,0.9806,0.0,0.0001,0.0001,0.0038,0.0002,0.0003,0.015,0.9806,0.0,0.0
CT015138,Zone_04,Zone_04,0.9658,0.0,0.0068,0.0002,0.9658,0.0001,0.0,0.0143,0.0128,0.0,0.0
CT001579,Zone_09,Zone_09,1.0,0.0,0.0,0.0,0.0,0.0,0.0,0.0,0.0,1.0,0.0
CT012299,Zone_01,Zone_01,1.0,1.0,0.0,0.0,0.0,0.0,0.0,0.0,0.0,0.0,0.0
CT018126,Zone_07,Zone_07,0.8065,0.0,0.0,0.0001,0.0265,0.001,0.0003,0.8065,0.1655,0.0,0.0001
CT004586,Zone_07,Zone_07,0.9626,0.0,0.0,0.0,0.0015,0.0,0.0024,0.9626,0.0334,0.0,0.0001
CT012399,Zone_03,Zone_03,1.0,0.0,0.0,1.0,0.0,0.0,0.0,0.0,0.0,0.0,0.0
CT017733,Zone_07,Zone_07,0.9736,0.0,0.0,0.0,0.0001,0.0,0.0109,0.9736,0.0152,0.0,0.0001
CT003950,Zone_04,Zone_04,0.9928,0.0,0.0,0.0001,0.9928,0.0,0.001,0.006,0.0001,0.0,0.0
CT002028,Zone_05,Zone_05,1.0,0.0,0.0,0.0,0.0,1.0,0.0,0.0,0.0,0.0,0.0
CT008844,Zone_07,Zone_08,0.6645,0.0,0.0,0.0,0.0001,0.0,0.0007,0.3346,0.6645,0.0,0.0
CT011440,Zone_07,Zone_07,0.8911,0.0,0.0,0.0,0.0034,0.0001,0.0977,0.8911,0.0078,0.0,0.0
CT018586,Zone_04,Zone_04,0.9735,0.0,0.0,0.0,0.9735,0.0001,0.0004,0.0139,0.0122,0.0,0.0
CT017908,Zone_07,Zone_08,0.6018,0.0,0.0,0.0,0.0001,0.0003,0.0008,0.3969,0.6018,0.0,0.0
CT003604,Zone_01,Zone_01,1.0,1.0,0.0,0.0,0.0,0.0,0.0,0.0,0.0,0.0,0.0
CT003625,Zone_07,Zone_07,0.543,0.0,0.0,0.0,0.0001,0.0003,0.0008,0.543,0.4557,0.0,0.0
CT010584,Zone_08,Zone_08,0.9726,0.0,0.0001,0.0001,0.0107,0.0002,0.001,0.0153,0.9726,0.0,0.0
CT006932,Zone_08,Zone_08,0.7315,0.0,0.0,0.0,0.0019,0.0,0.0037,0.2629,0.7315,0.0,0.0
CT013662,Zone_07,Zone_07,0.76,0.0,0.0,0.0001,0.0288,0.0005,0.0005,0.76,0.209,0.0,0.001
CT006098,Zone_07,Zone_07,0.7939,0.0,0.0,0.0001,0.0215,0.001,0.0005,0.7939,0.182,0.0,0.001
CT014681,Zone_07,Zone_07,0.9186,0.0,0.0,0.0,0.0098,0.0001,0.0578,0.9186,0.0137,0.0,0.0
CT018190,Zone_07,Zone_07,0.9154,0.0,0.0,0.0,0.0034,0.0001,0.0729,0.9154,0.0083,0.0,0.0
CT005035,Zone_08,Zone_08,0.7215,0.0,0.0,0.0,0.0001,0.0,0.0008,0.2775,0.7215,0.0,0.0
CT019771,Zone_01,Zone_01,1.0,1.0,0.0,0.0,0.0,0.0,0.0,0.0,0.0,0.0,0.0
CT019090,Zone_08,Zone_08,0.9797,0.0,0.0001,0.0001,0.004,0.0002,0.0003,0.0157,0.9797,0.0,0.0
CT005830,Zone_07,Zone_07,0.9719,0.0,0.0,0.0,0.0002,0.0,0.0053,0.9719,0.0224,0.0,0.0001
CT011389,Zone_03,Zone_03,0.99,0.0,0.01,0.99,0.0,0.0,0.0,0.0,0.0,0.0,0.0
CT000583,Zone_03,Zone_03,0.8584,0.0127,0.0399,0.8584,0.0749,0.0042,0.0,0.0034,0.0065,0.0,0.0
CT007102,Zone_04,Zone_04,0.9713,0.0,0.0001,0.0004,0.9713,0.0001,0.0002,0.018,0.0099,0.0,0.0
CT000875,Zone_08,Zone_08,0.6861,0.0,0.0,0.0,0.0001,0.0,0.0007,0.3131,0.6861,0.0,0.0
CT017825,Zone_07,Zone_07,0.7801,0.0,0.0,0.0001,0.0182,0.0013,0.0001,0.7801,0.2001,0.0,0.0001
CT011193,Zone_08,Zone_08,0.6105,0.0,0.0,0.0,0.0002,0.0003,0.0002,0.3887,0.6105,0.0,0.0
CT010125,Zone_03,Zone_03,0.997,0.0,0.003,0.997,0.0,0.0,0.0,0.0,0.0,0.0,0.0
CT010806,Zone_08,Zone_08,0.713,0.0,0.0,0.0,0.0001,0.0,0.0007,0.286,0.713,0.0,0.0
CT019297,Zone_04,Zone_04,0.9829,0.0001,0.0001,0.0003,0.9829,0.0001,0.0003,0.0081,0.0082,0.0,0.0
CT016466,Zone_07,Zone_07,0.9672,0.0,0.0,0.0,0.0,0.0004,0.0187,0.9672,0.0136,0.0,0.0
CT019842,Zone_09,Zone_09,0.9976,0.0,0.0,0.0,0.0,0.0,0.0,0.0,0.0,0.9976,0.0024
CT014109,Zone_05,Zone_05,0.9974,0.0,0.0,0.0,0.0,0.9974,0.0,0.0021,0.0005,0.0,0.0
CT002064,Zone_03,Zone_03,1.0,0.0,0.0,1.0,0.0,0.0,0.0,0.0,0.0,0.0,0.0
CT001577,Zone_07,Zone_07,0.9448,0.0,0.0,0.0,0.003,0.0,0.0032,0.9448,0.0436,0.0,0.0054
CT010247,Zone_02,Zone_02,0.9992,0.0,0.9992,0.0,0.0008,0.0,0.0,0.0,0.0,0.0,0.0
CT001395,Zone_07,Zone_07,0.8853,0.0,0.0,0.0,0.0034,0.0001,0.1026,0.8853,0.0087,0.0,0.0
CT007481,Zone_07,Zone_07,0.7954,0.0,0.0027,0.0001,0.0274,0.0081,0.0005,0.7954,0.1658,0.0,0.0001
CT007513,Zone_02,Zone_02,1.0,0.0,1.0,0.0,0.0,0.0,0.0,0.0,0.0,0.0,0.0
CT012740,Zone_07,Zone_08,0.648,0.0,0.0,0.0,0.001,0.0,0.0006,0.3504,0.648,0.0,0.0
CT007576,Zone_10,Zone_10,1.0,0.0,0.0,0.0,0.0,0.0,0.0,0.0,0.0,0.0,1.0
CT013547,Zone_10,Zone_10,1.0,0.0,0.0,0.0,0.0,0.0,0.0,0.0,0.0,0.0,1.0
CT017510,Zone_03,Zone_03,0.9999,0.0,0.0001,0.9999,0.0,0.0,0.0,0.0,0.0,0.0,0.0
CT000396,Zone_08,Zone_08,0.9751,0.0,0.0001,0.0001,0.008,0.0002,0.001,0.0155,0.9751,0.0,0.0
CT016624,Zone_07,Zone_08,0.6838,0.0,0.0,0.0,0.0001,0.0,0.0007,0.3153,0.6838,0.0,0.0
CT017554,Zone_08,Zone_08,0.9702,0.0,0.0001,0.0001,0.004,0.0002,0.0003,0.0252,0.9702,0.0,0.0
CT013442,Zone_03,Zone_03,1.0,0.0,0.0,1.0,0.0,0.0,0.0,0.0,0.0,0.0,0.0
CT017893,Zone_10,Zone_10,1.0,0.0,0.0,0.0,0.0,0.0,0.0,0.0,0.0,0.0,1.0
CT017003,Zone_01,Zone_01,1.0,1.0,0.0,0.0,0.0,0.0,0.0,0.0,0.0,0.0,0.0
CT007942,Zone_05,Zone_05,1.0,0.0,0.0,0.0,0.0,1.0,0.0,0.0,0.0,0.0,0.0
CT000094,Zone_05,Zone_05,1.0,0.0,0.0,0.0,0.0,1.0,0.0,0.0,0.0,0.0,0.0
CT018687,Zone_03,Zone_03,0.9978,0.0,0.0022,0.9978,0.0,0.0,0.0,0.0,0.0,0.0,0.0
CT009004,Zone_02,Zone_02,0.99,0.0,0.99,0.0,0.01,0.0,0.0,0.0,0.0,0.0,0.0
CT015361,Zone_07,Zone_07,0.8634,0.0,0.0,0.0,0.0034,0.0001,0.1261,0.8634,0.0071,0.0,0.0
CT002367,Zone_04,Zone_04,0.9658,0.0001,0.0001,0.0103,0.9658,0.0001,0.0003,0.0149,0.0085,0.0,0.0
CT019100,Zone_04,Zone_04,0.9999,0.0,0.0,0.0001,0.9999,0.0,0.0001,0.0,0.0,0.0,0.0
CT013555,Zone_06,Zone_06,0.9875,0.0,0.0,0.0,0.0,0.0,0.9875,0.0125,0.0,0.0,0.0
CT003269,Zone_10,Zone_10,0.9953,0.0,0.0,0.0,0.0,0.0,0.0013,0.0034,0.0,0.0,0.9953
CT010548,Zone_05,Zone_05,0.9974,0.0,0.0,0.0,0.0,0.9974,0.0,0.0021,0.0005,0.0,0.0
CT003165,Zone_08,Zone_08,0.6715,0.0,0.0,0.0,0.0001,0.0,0.0007,0.3277,0.6715,0.0,0.0
CT019387,Zone_08,Zone_08,0.5682,0.0,0.0,0.0,0.0001,0.0,0.0002,0.4315,0.5682,0.0,0.0
CT010045,Zone_04,Zone_04,0.9955,0.0,0.0,0.0,0.9955,0.0,0.0,0.0035,0.001,0.0,0.0
CT010741,Zone_10,Zone_10,1.0,0.0,0.0,0.0,0.0,0.0,0.0,0.0,0.0,0.0,1.0
CT013186,Zone_04,Zone_04,0.9813,0.0001,0.0001,0.0003,0.9813,0.0001,0.0004,0.0097,0.0079,0.0,0.0
CT004217,Zone_08,Zone_08,0.669,0.0,0.0,0.0,0.0001,0.0,0.0007,0.3301,0.669,0.0,0.0
CT010096,Zone_07,Zone_08,0.5775,0.0,0.0,0.0,0.0004,0.0003,0.0006,0.4212,0.5775,0.0,0.0
CT008923,Zone_02,Zone_02,1.0,0.0,1.0,0.0,0.0,0.0,0.0,0.0,0.0,0.0,0.0
CT005858,Zone_07,Zone_07,0.7416,0.0,0.0,0.0,0.0192,0.0078,0.0003,0.7416,0.231,0.0,0.0001
CT005454,Zone_01,Zone_01,1.0,1.0,0.0,0.0,0.0,0.0,0.0,0.0,0.0,0.0,0.0
CT003412,Zone_03,Zone_03,0.9948,0.0,0.0052,0.9948,0.0,0.0,0.0,0.0,0.0,0.0,0.0
CT012001,Zone_07,Zone_07,0.7823,0.0,0.0,0.0,0.0167,0.0004,0.0001,0.7823,0.2004,0.0,0.0001
CT008540,Zone_04,Zone_04,0.9819,0.0,0.0001,0.0002,0.9819,0.0001,0.0002,0.0096,0.0078,0.0,0.0
CT006682,Zone_07,Zone_07,0.8371,0.0,0.0,0.0,0.0035,0.0001,0.1509,0.8371,0.0083,0.0,0.0002
CT001174,Zone_07,Zone_07,0.9709,0.0,0.0,0.0,0.0066,0.0,0.003,0.9709,0.0195,0.0,0.0
CT003855,Zone_08,Zone_08,0.7209,0.0,0.0,0.0,0.0001,0.0,0.0007,0.2782,0.7209,0.0,0.0
CT015098,Zone_07,Zone_08,0.7626,0.0,0.0,0.0,0.0001,0.0,0.0008,0.2364,0.7626,0.0,0.0
CT005385,Zone_04,Zone_04,0.8319,0.0123,0.0337,0.0662,0.8319,0.0002,0.0064,0.038,0.0113,0.0,0.0001
CT000577,Zone_06,Zone_06,0.9975,0.0,0.0,0.0,0.0,0.0,0.9975,0.0025,0.0,0.0,0.0
CT016294,Zone_08,Zone_08,0.6436,0.0,0.0,0.0,0.0001,0.0,0.0003,0.356,0.6436,0.0,0.0
CT001087,Zone_07,Zone_07,0.982,0.0,0.0,0.0,0.0001,0.0,0.0021,0.982,0.0157,0.0,0.0001
CT012219,Zone_10,Zone_10,0.9923,0.0,0.0,0.0,0.0,0.0,0.0,0.0,0.0,0.0077,0.9923
CT008200,Zone_01,Zone_01,1.0,1.0,0.0,0.0,0.0,0.0,0.0,0.0,0.0,0.0,0.0
CT002294,Zone_04,Zone_04,0.9873,0.0,0.0,0.0,0.9873,0.0,0.001,0.0108,0.0009,0.0,0.0
CT015960,Zone_03,Zone_03,1.0,0.0,0.0,1.0,0.0,0.0,0.0,0.0,0.0,0.0,0.0
CT005302,Zone_08,Zone_08,0.7275,0.0,0.0,0.0,0.0019,0.0,0.0036,0.2669,0.7275,0.0,0.0
CT001611,Zone_04,Zone_04,0.9713,0.0,0.0001,0.0003,0.9713,0.0001,0.0003,0.0185,0.0094,0.0,0.0
CT019579,Zone_02,Zone_02,0.9916,0.0,0.9916,0.0084,0.0,0.0,0.0,0.0,0.0,0.0,0.0
CT015053,Zone_07,Zone_07,0.7227,0.0,0.0,0.0001,0.0298,0.0004,0.0005,0.7227,0.2464,0.0,0.0001
CT019384,Zone_07,Zone_08,0.6963,0.0,0.0,0.0,0.0001,0.0001,0.0006,0.3028,0.6963,0.0,0.0
CT008977,Zone_02,Zone_02,0.9948,0.0,0.9948,0.0052,0.0,0.0,0.0,0.0,0.0,0.0,0.0
CT010529,Zone_03,Zone_03,1.0,0.0,0.0,1.0,0.0,0.0,0.0,0.0,0.0,0.0,0.0
CT000527,Zone_10,Zone_10,1.0,0.0,0.0,0.0,0.0,0.0,0.0,0.0,0.0,0.0,1.0
CT019465,Zone_03,Zone_03,0.9999,0.0,0.0001,0.9999,0.0,0.0,0.0,0.0,0.0,0.0,0.0
CT009630,Zone_07,Zone_08,0.648,0.0,0.0,0.0,0.0001,0.0,0.0007,0.3512,0.648,0.0,0.0
CT018067,Zone_01,Zone_01,1.0,1.0,0.0,0.0,0.0,0.0,0.0,0.0,0.0,0.0,0.0
CT003991,Zone_10,Zone_10,1.0,0.0,0.0,0.0,0.0,0.0,0.0,0.0,0.0,0.0,1.0
CT005255,Zone_07,Zone_07,0.976,0.0,0.0,0.0,0.0047,0.0,0.0033,0.976,0.016,0.0,0.0
CT010851,Zone_08,Zone_08,0.9787,0.0,0.0001,0.0001,0.0038,0.0002,0.0003,0.0169,0.9787,0.0,0.0
CT014247,Zone_08,Zone_08,0.6858,0.0,0.0,0.0,0.0001,0.0,0.0002,0.3139,0.6858,0.0,0.0
CT010021,Zone_03,Zone_03,0.9999,0.0,0.0001,0.9999,0.0,0.0,0.0,0.0,0.0,0.0,0.0
CT019480,Zone_08,Zone_08,0.9791,0.0,0.0001,0.0001,0.0039,0.0002,0.0003,0.0164,0.9791,0.0,0.0
CT017316,Zone_06,Zone_06,0.9909,0.0,0.0,0.0,0.0018,0.0,0.9909,0.0034,0.0038,0.0,0.0
CT012112,Zone_08,Zone_08,0.9761,0.0,0.0,0.0001,0.0082,0.0001,0.001,0.0145,0.9761,0.0,0.0
CT007288,Zone_03,Zone_03,1.0,0.0,0.0,1.0,0.0,0.0,0.0,0.0,0.0,0.0,0.0
CT006819,Zone_03,Zone_03,1.0,0.0,0.0,1.0,0.0,0.0,0.0,0.0,0.0,0.0,0.0
CT008536,Zone_04,Zone_04,0.9769,0.0,0.0001,0.0002,0.9769,0.0001,0.0002,0.0132,0.0093,0.0,0.0
CT011638,Zone_08,Zone_08,0.6569,0.0,0.0002,0.0,0.0001,0.0,0.0002,0.3426,0.6569,0.0,0.0
CT008320,Zone_08,Zone_08,0.9755,0.0,0.0001,0.0001,0.0038,0.0002,0.0,0.0203,0.9755,0.0,0.0
CT016521,Zone_07,Zone_07,0.8963,0.0,0.0,0.0,0.0069,0.0001,0.0831,0.8963,0.0136,0.0,0.0
CT012022,Zone_08,Zone_08,0.9747,0.0,0.0001,0.0001,0.0085,0.0002,0.0003,0.0162,0.9747,0.0,0.0
CT011656,Zone_08,Zone_08,0.6872,0.0,0.0,0.0,0.0001,0.0,0.0007,0.312,0.6872,0.0,0.0
CT005009,Zone_07,Zone_08,0.7694,0.0,0.0,0.0,0.0001,0.0,0.0007,0.2297,0.7694,0.0,0.0
CT005692,Zone_03,Zone_03,0.9999,0.0,0.0001,0.9999,0.0,0.0,0.0,0.0,0.0,0.0,0.0
CT016321,Zone_07,Zone_07,0.9824,0.0,0.0,0.0,0.0,0.0,0.0061,0.9824,0.0115,0.0,0.0
CT016092,Zone_10,Zone_10,1.0,0.0,0.0,0.0,0.0,0.0,0.0,0.0,0.0,0.0,1.0
CT016100,Zone_10,Zone_10,1.0,0.0,0.0,0.0,0.0,0.0,0.0,0.0,0.0,0.0,1.0
CT007333,Zone_05,Zone_05,0.9942,0.0,0.0,0.0,0.0057,0.9942,0.0,0.0,0.0,0.0,0.0
CT011495,Zone_08,Zone_08,0.7485,0.0,0.0,0.0,0.0001,0.0,0.0007,0.2507,0.7485,0.0,0.0
CT017664,Zone_08,Zone_08,0.7759,0.0,0.0,0.0,0.0001,0.0,0.0007,0.2232,0.7759,0.0,0.0
CT005067,Zone_08,Zone_08,0.5931,0.0,0.0,0.0,0.0001,0.0,0.0003,0.4065,0.5931,0.0,0.0
CT010959,Zone_08,Zone_08,0.9731,0.0,0.0001,0.0001,0.0072,0.0002,0.0003,0.0191,0.9731,0.0,0.0
CT016622,Zone_08,Zone_08,0.9793,0.0,0.0001,0.0001,0.0038,0.0002,0.0003,0.0163,0.9793,0.0,0.0
CT018365,Zone_03,Zone_03,1.0,0.0,0.0,1.0,0.0,0.0,0.0,0.0,0.0,0.0,0.0
CT006798,Zone_01,Zone_01,1.0,1.0,0.0,0.0,0.0,0.0,0.0,0.0,0.0,0.0,0.0
CT017715,Zone_08,Zone_08,0.5061,0.0,0.0,0.0,0.0039,0.0,0.0002,0.4898,0.5061,0.0,0.0
CT017870,Zone_07,Zone_07,0.9661,0.0,0.0,0.0,0.0108,0.0004,0.0026,0.9661,0.02,0.0,0.0
CT008409,Zone_07,Zone_07,0.8537,0.0,0.0,0.0,0.0035,0.0,0.1348,0.8537,0.0079,0.0,0.0
CT002645,Zone_04,Zone_04,0.9879,0.0,0.0,0.0,0.9879,0.0,0.0004,0.0109,0.0008,0.0,0.0
CT004058,Zone_10,Zone_10,1.0,0.0,0.0,0.0,0.0,0.0,0.0,0.0,0.0,0.0,1.0
CT002287,Zone_07,Zone_07,0.9086,0.0,0.0,0.0,0.0035,0.0,0.0806,0.9086,0.0073,0.0,0.0
CT012259,Zone_04,Zone_04,0.9832,0.0,0.0,0.0,0.9832,0.0,0.0,0.0086,0.0082,0.0,0.0
CT013041,Zone_10,Zone_10,1.0,0.0,0.0,0.0,0.0,0.0,0.0,0.0,0.0,0.0,1.0
CT014608,Zone_07,Zone_07,0.8084,0.0,0.0,0.0001,0.0339,0.0005,0.0,0.8084,0.1561,0.0,0.001
CT014294,Zone_06,Zone_07,0.8846,0.0,0.0,0.0,0.0,0.0,0.1032,0.8846,0.0122,0.0,0.0
CT000124,Zone_08,Zone_08,0.9794,0.0,0.0001,0.0,0.008,0.0001,0.0003,0.0122,0.9794,0.0,0.0
CT008561,Zone_04,Zone_04,0.9999,0.0,0.0,0.0001,0.9999,0.0,0.0001,0.0,0.0,0.0,0.0
CT002452,Zone_07,Zone_08,0.624,0.0,0.0,0.0,0.0001,0.0,0.0003,0.3755,0.624,0.0,0.0
CT017129,Zone_05,Zone_05,0.9974,0.0,0.0,0.0,0.0,0.9974,0.0,0.0021,0.0005,0.0,0.0
CT015593,Zone_07,Zone_07,0.7974,0.0,0.0,0.0001,0.0133,0.0082,0.0003,0.7974,0.1805,0.0,0.0001
CT011719,Zone_07,Zone_07,0.7785,0.0,0.0,0.0001,0.0227,0.008,0.0002,0.7785,0.1903,0.0,0.0001
CT003281,Zone_08,Zone_08,0.7108,0.0,0.0,0.0,0.0001,0.0,0.0002,0.2888,0.7108,0.0,0.0
CT011140,Zone_01,Zone_01,0.9934,0.9934,0.0,0.0,0.0066,0.0,0.0,0.0,0.0,0.0,0.0
CT003108,Zone_07,Zone_08,0.5238,0.0,0.0,0.0,0.0039,0.0,0.0002,0.4721,0.5238,0.0,0.0
CT012911,Zone_08,Zone_07,0.7105,0.0,0.0,0.0001,0.0283,0.0004,0.0002,0.7105,0.2604,0.0,0.0001
CT013093,Zone_08,Zone_08,0.9777,0.0,0.0001,0.0001,0.0072,0.0002,0.0,0.0148,0.9777,0.0,0.0
CT004843,Zone_04,Zone_04,0.9999,0.0,0.0,0.0,0.9999,0.0,0.0001,0.0,0.0,0.0,0.0
CT007506,Zone_07,Zone_08,0.7137,0.0,0.0,0.0,0.0001,0.0,0.0002,0.2859,0.7137,0.0,0.0
CT007663,Zone_08,Zone_08,0.6655,0.0,0.0,0.0,0.0001,0.0,0.0002,0.3341,0.6655,0.0,0.0
CT010076,Zone_07,Zone_07,0.9718,0.0,0.0,0.0,0.0001,0.0,0.0077,0.9718,0.0202,0.0,0.0001
CT002310,Zone_06,Zone_06,0.8096,0.0,0.0,0.0,0.0274,0.0,0.8096,0.1364,0.0265,0.0,0.0
CT000290,Zone_03,Zone_03,0.9999,0.0,0.0001,0.9999,0.0,0.0,0.0,0.0,0.0,0.0,0.0
CT017524,Zone_08,Zone_08,0.9797,0.0,0.0001,0.0,0.0038,0.0001,0.0003,0.0161,0.9797,0.0,0.0
CT016594,Zone_01,Zone_01,1.0,1.0,0.0,0.0,0.0,0.0,0.0,0.0,0.0,0.0,0.0
CT019137,Zone_06,Zone_07,0.7488,0.0,0.0,0.0001,0.0358,0.0001,0.1446,0.7488,0.0627,0.0,0.0078
CT000461,Zone_07,Zone_07,0.7476,0.0,0.0,0.0,0.031,0.0011,0.0002,0.7476,0.22,0.0,0.0001
CT003354,Zone_04,Zone_04,0.9584,0.0,0.0,0.0003,0.9584,0.004,0.0,0.0269,0.0104,0.0,0.0
CT006110,Zone_08,Zone_08,0.6864,0.0,0.0,0.0,0.0001,0.0,0.0045,0.3052,0.6864,0.0038,0.0
CT005801,Zone_08,Zone_08,0.9811,0.0,0.0001,0.0,0.0039,0.0001,0.0003,0.0146,0.9811,0.0,0.0
CT002468,Zone_08,Zone_08,0.6956,0.0,0.0,0.0,0.0001,0.0,0.0007,0.3035,0.6956,0.0,0.0
CT012560,Zone_04,Zone_04,0.9806,0.0,0.0,0.0048,0.9806,0.0,0.0001,0.0125,0.002,0.0,0.0
CT007627,Zone_10,Zone_10,1.0,0.0,0.0,0.0,0.0,0.0,0.0,0.0,0.0,0.0,1.0
CT007215,Zone_07,Zone_07,0.9616,0.0,0.0,0.0,0.0011,0.0005,0.0033,0.9616,0.0334,0.0,0.0001
CT010934,Zone_07,Zone_07,0.798,0.0,0.0,0.0001,0.0166,0.0003,0.0001,0.798,0.1848,0.0,0.0001
CT006805,Zone_07,Zone_07,0.88,0.0,0.0,0.0,0.0051,0.0,0.1026,0.88,0.0121,0.0,0.0002
CT002446,Zone_07,Zone_07,0.7816,0.0,0.0,0.0005,0.0194,0.0005,0.0034,0.7816,0.1936,0.0,0.001
CT017097,Zone_04,Zone_04,0.9875,0.0,0.0,0.0001,0.9875,0.0,0.0,0.0056,0.0068,0.0,0.0
CT003284,Zone_03,Zone_03,1.0,0.0,0.0,1.0,0.0,0.0,0.0,0.0,0.0,0.0,0.0
CT003597,Zone_07,Zone_07,0.8363,0.0,0.0,0.0,0.0034,0.0001,0.1524,0.8363,0.0076,0.0,0.0002
CT013248,Zone_01,Zone_01,1.0,1.0,0.0,0.0,0.0,0.0,0.0,0.0,0.0,0.0,0.0
CT010422,Zone_01,Zone_01,1.0,1.0,0.0,0.0,0.0,0.0,0.0,0.0,0.0,0.0,0.0
CT019672,Zone_04,Zone_04,0.9955,0.0,0.0,0.0,0.9955,0.0,0.0,0.0035,0.001,0.0,0.0
CT004629,Zone_01,Zone_01,1.0,1.0,0.0,0.0,0.0,0.0,0.0,0.0,0.0,0.0,0.0
CT007279,Zone_08,Zone_08,0.6824,0.0,0.0,0.0,0.0001,0.0,0.0002,0.3172,0.6824,0.0,0.0
CT001454,Zone_10,Zone_10,1.0,0.0,0.0,0.0,0.0,0.0,0.0,0.0,0.0,0.0,1.0
CT006403,Zone_02,Zone_02,1.0,0.0,1.0,0.0,0.0,0.0,0.0,0.0,0.0,0.0,0.0
CT002875,Zone_03,Zone_03,0.9932,0.0,0.0,0.9932,0.0068,0.0,0.0,0.0,0.0,0.0,0.0
CT008156,Zone_10,Zone_10,1.0,0.0,0.0,0.0,0.0,0.0,0.0,0.0,0.0,0.0,1.0
CT013158,Zone_08,Zone_08,0.9767,0.0,0.0001,0.0001,0.006,0.0002,0.001,0.0159,0.9767,0.0,0.0
CT017624,Zone_07,Zone_08,0.6735,0.0,0.0,0.0,0.0001,0.0,0.0007,0.3256,0.6735,0.0,0.0
CT002624,Zone_10,Zone_10,1.0,0.0,0.0,0.0,0.0,0.0,0.0,0.0,0.0,0.0,1.0
CT007658,Zone_07,Zone_07,0.9768,0.0,0.0,0.0,0.0,0.0,0.0056,0.9768,0.0175,0.0,0.0
CT012428,Zone_07,Zone_07,0.7815,0.0,0.0,0.0,0.0001,0.0,0.2111,0.7815,0.0071,0.0,0.0002
CT001675,Zone_07,Zone_07,0.965,0.0,0.0,0.0,0.006,0.0,0.0127,0.965,0.0164,0.0,0.0
CT016115,Zone_02,Zone_02,1.0,0.0,1.0,0.0,0.0,0.0,0.0,0.0,0.0,0.0,0.0
CT002901,Zone_05,Zone_05,0.9974,0.0,0.0,0.0,0.0,0.9974,0.0,0.0021,0.0005,0.0,0.0
CT016228,Zone_06,Zone_06,0.9862,0.0,0.0,0.0,0.0,0.0,0.9862,0.0138,0.0,0.0,0.0
CT015753,Zone_08,Zone_08,0.7977,0.0,0.0001,0.0003,0.0282,0.0341,0.0007,0.1388,0.7977,0.0,0.0001
CT017066,Zone_04,Zone_04,0.9934,0.0,0.0,0.0,0.9934,0.0,0.0004,0.0062,0.0,0.0,0.0
CT005413,Zone_04,Zone_04,0.9888,0.0,0.0,0.0,0.9888,0.0,0.0,0.0035,0.0077,0.0,0.0
CT012654,Zone_08,Zone_08,0.7279,0.0,0.0,0.0,0.0001,0.0,0.0007,0.2712,0.7279,0.0,0.0
CT019923,Zone_07,Zone_07,0.8935,0.0,0.0062,0.0,0.0063,0.0001,0.078,0.8935,0.0157,0.0,0.0002
CT008531,Zone_08,Zone_08,0.733,0.0,0.0,0.0,0.0001,0.0,0.0001,0.2668,0.733,0.0,0.0
CT018627,Zone_08,Zone_08,0.9828,0.0,0.0,0.0001,0.0034,0.0006,0.0,0.0131,0.9828,0.0,0.0
CT001137,Zone_08,Zone_08,0.979,0.0,0.0001,0.0001,0.0038,0.0006,0.0,0.0164,0.979,0.0,0.0
CT012360,Zone_09,Zone_09,1.0,0.0,0.0,0.0,0.0,0.0,0.0,0.0,0.0,1.0,0.0
CT015895,Zone_07,Zone_07,0.96,0.0,0.0,0.0,0.0027,0.0,0.0053,0.96,0.0319,0.0,0.0001
CT015385,Zone_03,Zone_03,1.0,0.0,0.0,1.0,0.0,0.0,0.0,0.0,0.0,0.0,0.0
CT006825,Zone_07,Zone_07,0.7867,0.0,0.0,0.0001,0.025,0.0003,0.0001,0.7867,0.1877,0.0,0.0001
CT012834,Zone_03,Zone_03,0.9999,0.0,0.0001,0.9999,0.0,0.0,0.0,0.0,0.0,0.0,0.0
CT005773,Zone_04,Zone_04,0.9813,0.0001,0.0001,0.0004,0.9813,0.0001,0.0004,0.0097,0.0078,0.0,0.0
CT011125,Zone_10,Zone_10,1.0,0.0,0.0,0.0,0.0,0.0,0.0,0.0,0.0,0.0,1.0
CT005455,Zone_10,Zone_10,1.0,0.0,0.0,0.0,0.0,0.0,0.0,0.0,0.0,0.0,1.0
CT006422,Zone_07,Zone_07,0.8132,0.0,0.0,0.0,0.0249,0.0005,0.0003,0.8132,0.161,0.0,0.0
CT014048,Zone_10,Zone_10,1.0,0.0,0.0,0.0,0.0,0.0,0.0,0.0,0.0,0.0,1.0
CT000884,Zone_08,Zone_08,0.9836,0.0,0.0001,0.0,0.0038,0.0001,0.0003,0.0122,0.9836,0.0,0.0
CT014184,Zone_04,Zone_04,0.9904,0.0,0.0,0.0001,0.9904,0.0,0.0,0.0086,0.0009,0.0,0.0
CT002846,Zone_08,Zone_08,0.7081,0.0,0.0,0.0,0.0001,0.0,0.0007,0.2911,0.7081,0.0,0.0
CT003891,Zone_03,Zone_03,0.9959,0.0,0.0,0.9959,0.0041,0.0,0.0,0.0,0.0,0.0,0.0
CT010433,Zone_04,Zone_04,0.9899,0.0,0.0,0.0001,0.9899,0.0001,0.0001,0.0077,0.0022,0.0,0.0
CT002415,Zone_08,Zone_08,0.9783,0.0,0.0001,0.0,0.0038,0.0001,0.001,0.0167,0.9783,0.0,0.0
CT014233,Zone_07,Zone_07,0.971,0.0,0.0,0.0,0.0001,0.0,0.0097,0.971,0.019,0.0,0.0001
CT010411,Zone_08,Zone_07,0.7502,0.0,0.0,0.0001,0.0205,0.0011,0.0002,0.7502,0.2278,0.0,0.0001
CT003463,Zone_02,Zone_02,0.993,0.0,0.993,0.007,0.0,0.0,0.0,0.0,0.0,0.0,0.0
CT007755,Zone_08,Zone_08,0.9759,0.0,0.0001,0.0001,0.0071,0.0002,0.0003,0.0164,0.9759,0.0,0.0
CT006216,Zone_03,Zone_03,0.9956,0.0,0.0044,0.9956,0.0,0.0,0.0,0.0,0.0,0.0,0.0
CT006046,Zone_05,Zone_05,0.9947,0.0,0.0,0.0,0.0047,0.9947,0.0,0.0,0.0006,0.0,0.0
CT003022,Zone_07,Zone_07,0.9503,0.0,0.0,0.0,0.0092,0.0004,0.0055,0.9503,0.0345,0.0,0.0
CT016846,Zone_03,Zone_03,0.9981,0.0,0.0,0.9981,0.0019,0.0,0.0,0.0,0.0,0.0,0.0
CT008105,Zone_08,Zone_08,0.6958,0.0,0.0,0.0,0.0001,0.0,0.0007,0.3034,0.6958,0.0,0.0
CT001440,Zone_10,Zone_10,1.0,0.0,0.0,0.0,0.0,0.0,0.0,0.0,0.0,0.0,1.0
CT011024,Zone_07,Zone_07,0.9232,0.0,0.0,0.0,0.0061,0.0,0.0036,0.9232,0.067,0.0,0.0001
CT000151,Zone_07,Zone_07,0.8518,0.0,0.0,0.0,0.0029,0.0,0.1309,0.8518,0.0144,0.0,0.0
CT004151,Zone_04,Zone_04,0.9813,0.0001,0.0001,0.0003,0.9813,0.0001,0.0004,0.0097,0.0079,0.0,0.0
CT008589,Zone_08,Zone_08,0.9765,0.0,0.0001,0.0001,0.0039,0.0002,0.0003,0.019,0.9765,0.0,0.0
CT011404,Zone_01,Zone_01,1.0,1.0,0.0,0.0,0.0,0.0,0.0,0.0,0.0,0.0,0.0
CT010485,Zone_04,Zone_04,0.9716,0.0,0.0,0.0003,0.9716,0.0001,0.0003,0.0237,0.004,0.0,0.0
CT008319,Zone_04,Zone_04,0.9934,0.0,0.0,0.0001,0.9934,0.0,0.0004,0.0062,0.0,0.0,0.0
CT000394,Zone_08,Zone_08,0.7287,0.0,0.0002,0.0,0.0001,0.0,0.0002,0.2708,0.7287,0.0,0.0
CT016796,Zone_07,Zone_07,0.7833,0.0,0.0,0.0001,0.0088,0.0079,0.0005,0.7833,0.1994,0.0,0.0001
CT003496,Zone_07,Zone_07,0.9792,0.0,0.0,0.0,0.0001,0.0,0.0048,0.9792,0.0157,0.0,0.0001
CT008055,Zone_10,Zone_10,1.0,0.0,0.0,0.0,0.0,0.0,0.0,0.0,0.0,0.0,1.0
CT004363,Zone_08,Zone_08,0.6859,0.0,0.0,0.0,0.0001,0.0,0.0007,0.3132,0.6859,0.0,0.0
CT019218,Zone_08,Zone_08,0.7621,0.0,0.0,0.0,0.0001,0.0,0.0002,0.2375,0.7621,0.0,0.0
CT009473,Zone_02,Zone_02,1.0,0.0,1.0,0.0,0.0,0.0,0.0,0.0,0.0,0.0,0.0
CT004463,Zone_04,Zone_04,0.9947,0.0,0.0,0.0,0.9947,0.0,0.0,0.0035,0.0018,0.0,0.0
CT006603,Zone_04,Zone_04,0.9934,0.0,0.0,0.0,0.9934,0.0,0.0004,0.0062,0.0,0.0,0.0
CT016536,Zone_03,Zone_03,0.9947,0.0,0.0053,0.9947,0.0,0.0,0.0,0.0,0.0,0.0,0.0
CT019858,Zone_07,Zone_07,0.9681,0.0,0.0,0.0,0.0064,0.0,0.0025,0.9681,0.023,0.0,0.0
CT010227,Zone_08,Zone_08,0.6722,0.0,0.0,0.0,0.0001,0.0,0.0008,0.3268,0.6722,0.0,0.0
CT000184,Zone_04,Zone_04,0.9999,0.0,0.0,0.0001,0.9999,0.0,0.0,0.0,0.0,0.0,0.0
CT009404,Zone_08,Zone_08,0.9691,0.0,0.0,0.0001,0.0085,0.0001,0.0003,0.022,0.9691,0.0,0.0
CT019618,Zone_08,Zone_08,0.9784,0.0,0.0001,0.0001,0.0038,0.0002,0.0003,0.0172,0.9784,0.0,0.0
CT017174,Zone_04,Zone_04,0.9708,0.0001,0.0001,0.0003,0.9708,0.0001,0.0004,0.0133,0.0094,0.0055,0.0
CT016307,Zone_08,Zone_07,0.7503,0.0,0.0,0.0001,0.0168,0.0004,0.0002,0.7503,0.2321,0.0,0.0001
CT014896,Zone_07,Zone_07,0.8564,0.0,0.0,0.0,0.0036,0.0,0.1327,0.8564,0.0071,0.0,0.0002
CT011865,Zone_05,Zone_05,1.0,0.0,0.0,0.0,0.0,1.0,0.0,0.0,0.0,0.0,0.0
CT005090,Zone_04,Zone_04,0.9934,0.0,0.0,0.0,0.9934,0.0,0.0004,0.0062,0.0,0.0,0.0
CT014250,Zone_08,Zone_08,0.9791,0.0,0.0001,0.0001,0.0038,0.0002,0.0003,0.0165,0.9791,0.0,0.0
CT016631,Zone_02,Zone_02,1.0,0.0,1.0,0.0,0.0,0.0,0.0,0.0,0.0,0.0,0.0
CT004831,Zone_07,Zone_08,0.6537,0.0,0.0,0.0,0.0001,0.0,0.0007,0.3455,0.6537,0.0,0.0
CT016273,Zone_02,Zone_02,0.9965,0.0035,0.9965,0.0,0.0,0.0,0.0,0.0,0.0,0.0,0.0
CT002422,Zone_01,Zone_01,1.0,1.0,0.0,0.0,0.0,0.0,0.0,0.0,0.0,0.0,0.0
CT005041,Zone_04,Zone_04,0.9728,0.0,0.0001,0.0002,0.9728,0.0001,0.0003,0.0173,0.0092,0.0,0.0
CT002474,Zone_08,Zone_07,0.8122,0.0,0.0,0.0001,0.0037,0.0008,0.0003,0.8122,0.1827,0.0,0.0001
CT008114,Zone_07,Zone_08,0.6339,0.0,0.0,0.0,0.0002,0.0003,0.0007,0.3649,0.6339,0.0,0.0
CT006432,Zone_08,Zone_08,0.9698,0.0,0.0,0.0001,0.0001,0.0001,0.0003,0.0297,0.9698,0.0,0.0
CT019206,Zone_07,Zone_07,0.9565,0.0,0.0,0.0,0.006,0.0,0.004,0.9565,0.0334,0.0,0.0
CT006137,Zone_10,Zone_10,0.99,0.0,0.0,0.0,0.0,0.0,0.0,0.0,0.0,0.01,0.99
CT010621,Zone_08,Zone_08,0.974,0.0,0.0001,0.0001,0.0085,0.0002,0.0003,0.0168,0.974,0.0,0.0
CT006811,Zone_03,Zone_03,1.0,0.0,0.0,1.0,0.0,0.0,0.0,0.0,0.0,0.0,0.0
CT013866,Zone_03,Zone_03,0.9999,0.0,0.0001,0.9999,0.0,0.0,0.0,0.0,0.0,0.0,0.0
CT015186,Zone_08,Zone_08,0.9735,0.0,0.0,0.0001,0.0001,0.0006,0.0,0.0257,0.9735,0.0,0.0
CT002133,Zone_09,Zone_09,0.9849,0.0,0.0,0.0,0.0069,0.0,0.0,0.0051,0.0,0.9849,0.0031
CT016716,Zone_03,Zone_03,1.0,0.0,0.0,1.0,0.0,0.0,0.0,0.0,0.0,0.0,0.0
CT018985,Zone_07,Zone_07,0.9834,0.0,0.0,0.0,0.0001,0.0,0.0038,0.9834,0.0127,0.0,0.0001
CT006405,Zone_01,Zone_01,1.0,1.0,0.0,0.0,0.0,0.0,0.0,0.0,0.0,0.0,0.0
CT002982,Zone_04,Zone_04,0.9999,0.0,0.0,0.0001,0.9999,0.0,0.0001,0.0,0.0,0.0,0.0
CT007580,Zone_05,Zone_05,1.0,0.0,0.0,0.0,0.0,1.0,0.0,0.0,0.0,0.0,0.0
CT017087,Zone_08,Zone_08,0.9801,0.0,0.0001,0.0001,0.004,0.0002,0.001,0.0145,0.9801,0.0,0.0
CT002205,Zone_04,Zone_04,0.9955,0.0,0.0,0.0001,0.9955,0.0,0.0,0.0035,0.0009,0.0,0.0
CT006845,Zone_08,Zone_08,0.6419,0.0,0.0,0.0,0.0001,0.0,0.0009,0.3571,0.6419,0.0,0.0
CT004851,Zone_01,Zone_01,1.0,1.0,0.0,0.0,0.0,0.0,0.0,0.0,0.0,0.0,0.0
CT019341,Zone_07,Zone_08,0.6771,0.0,0.0,0.0,0.0001,0.0,0.0007,0.3221,0.6771,0.0,0.0
CT014483,Zone_07,Zone_07,0.7105,0.0,0.0,0.0,0.0049,0.0001,0.2778,0.7105,0.0014,0.0,0.0053
CT006606,Zone_03,Zone_03,1.0,0.0,0.0,1.0,0.0,0.0,0.0,0.0,0.0,0.0,0.0
CT011155,Zone_01,Zone_01,0.9995,0.9995,0.0,0.0,0.0005,0.0,0.0,0.0,0.0,0.0,0.0
CT014926,Zone_08,Zone_08,0.727,0.0,0.0,0.0,0.0001,0.0,0.0007,0.2721,0.727,0.0,0.0
CT008162,Zone_07,Zone_07,0.7942,0.0,0.0,0.0,0.0181,0.008,0.0005,0.7942,0.178,0.0,0.001
CT013336,Zone_05,Zone_05,1.0,0.0,0.0,0.0,0.0,1.0,0.0,0.0,0.0,0.0,0.0
CT019675,Zone_07,Zone_08,0.7046,0.0,0.0,0.0,0.0271,0.0001,0.0004,0.2676,0.7046,0.0,0.0001
CT016256,Zone_03,Zone_03,0.9999,0.0,0.0001,0.9999,0.0,0.0,0.0,0.0,0.0,0.0,0.0
CT012503,Zone_04,Zone_04,0.9779,0.0,0.0,0.0002,0.9779,0.0001,0.0002,0.0188,0.0028,0.0,0.0
CT002484,Zone_04,Zone_04,0.9955,0.0,0.0,0.0001,0.9955,0.0,0.0,0.0035,0.0009,0.0,0.0
CT010521,Zone_06,Zone_06,0.9984,0.0,0.0,0.0,0.0,0.0,0.9984,0.0016,0.0,0.0,0.0
CT014501,Zone_03,Zone_03,1.0,0.0,0.0,1.0,0.0,0.0,0.0,0.0,0.0,0.0,0.0
CT019282,Zone_08,Zone_08,0.9729,0.0,0.0001,0.0,0.0073,0.0001,0.0003,0.0194,0.9729,0.0,0.0
CT015286,Zone_03,Zone_03,0.9999,0.0,0.0001,0.9999,0.0,0.0,0.0,0.0,0.0,0.0,0.0
CT005135,Zone_07,Zone_07,0.9113,0.0,0.0,0.0,0.0034,0.0001,0.0725,0.9113,0.0128,0.0,0.0
CT008332,Zone_08,Zone_08,0.7256,0.0,0.0002,0.0,0.0001,0.0,0.0002,0.2739,0.7256,0.0,0.0
CT016084,Zone_07,Zone_07,0.8839,0.0,0.0,0.0,0.0035,0.0,0.0998,0.8839,0.0127,0.0,0.0
CT019945,Zone_02,Zone_02,1.0,0.0,1.0,0.0,0.0,0.0,0.0,0.0,0.0,0.0,0.0
CT005966,Zone_04,Zone_04,0.9701,0.01,0.0001,0.0001,0.9701,0.0021,0.0002,0.0096,0.0078,0.0,0.0
CT014695,Zone_07,Zone_07,0.9521,0.0,0.0,0.0,0.0036,0.0005,0.0111,0.9521,0.0326,0.0,0.0001
CT015238,Zone_08,Zone_08,0.7216,0.0,0.0,0.0,0.0001,0.0,0.0001,0.2782,0.7216,0.0,0.0
CT006490,Zone_09,Zone_09,1.0,0.0,0.0,0.0,0.0,0.0,0.0,0.0,0.0,1.0,0.0
CT001094,Zone_04,Zone_04,0.9854,0.0,0.0001,0.0001,0.9854,0.0001,0.0,0.0071,0.0073,0.0,0.0
CT017047,Zone_03,Zone_03,0.9999,0.0,0.0001,0.9999,0.0,0.0,0.0,0.0,0.0,0.0,0.0
CT014949,Zone_07,Zone_07,0.9784,0.0,0.0,0.0,0.0002,0.0,0.0053,0.9784,0.0161,0.0,0.0001
CT008300,Zone_04,Zone_04,0.9741,0.0,0.0,0.0001,0.9741,0.0,0.0,0.0071,0.0187,0.0,0.0
CT017848,Zone_02,Zone_02,1.0,0.0,1.0,0.0,0.0,0.0,0.0,0.0,0.0,0.0,0.0
CT013843,Zone_08,Zone_08,0.684,0.0,0.0,0.0,0.0001,0.0,0.0002,0.3156,0.684,0.0,0.0
CT019594,Zone_04,Zone_04,0.9826,0.0,0.0,0.0001,0.9826,0.0,0.0035,0.0077,0.0062,0.0,0.0
CT004645,Zone_04,Zone_04,0.9811,0.0068,0.0,0.0,0.9811,0.0,0.0004,0.0109,0.0008,0.0,0.0
CT004287,Zone_06,Zone_06,0.9775,0.0,0.0,0.0,0.0,0.0,0.9775,0.0225,0.0,0.0,0.0
CT001216,Zone_07,Zone_07,0.7784,0.0,0.0,0.0001,0.0168,0.0009,0.0007,0.7784,0.2029,0.0,0.0001
CT000315,Zone_05,Zone_05,1.0,0.0,0.0,0.0,0.0,1.0,0.0,0.0,0.0,0.0,0.0
CT001071,Zone_07,Zone_07,0.9046,0.0,0.0,0.0,0.0034,0.0001,0.0784,0.9046,0.0135,0.0,0.0
CT006833,Zone_04,Zone_04,0.9729,0.0,0.0,0.0002,0.9729,0.0001,0.0003,0.0228,0.0037,0.0,0.0
CT013242,Zone_04,Zone_04,0.9865,0.0,0.0,0.0001,0.9865,0.0,0.0,0.0035,0.0099,0.0,0.0
CT006979,Zone_07,Zone_07,0.9808,0.0,0.0,0.0,0.0028,0.0,0.0024,0.9808,0.0141,0.0,0.0
CT018661,Zone_07,Zone_07,0.7512,0.0,0.0,0.0,0.0296,0.0003,0.0001,0.7512,0.2187,0.0,0.0001
CT018386,Zone_04,Zone_04,0.9999,0.0,0.0,0.0,0.9999,0.0,0.0001,0.0,0.0,0.0,0.0
CT002370,Zone_07,Zone_07,0.8102,0.0,0.0,0.0001,0.0238,0.001,0.0007,0.8102,0.1642,0.0,0.0001
CT002132,Zone_07,Zone_07,0.9604,0.0,0.0,0.0,0.0037,0.0,0.0048,0.9604,0.031,0.0,0.0001
CT017744,Zone_07,Zone_07,0.896,0.0,0.0,0.0,0.0069,0.0001,0.0787,0.896,0.0134,0.0049,0.0
CT017030,Zone_07,Zone_07,0.8607,0.0,0.0,0.0,0.0086,0.0,0.1228,0.8607,0.0077,0.0,0.0002
CT005641,Zone_05,Zone_05,0.9977,0.0,0.0,0.0,0.0023,0.9977,0.0,0.0,0.0,0.0,0.0
CT001310,Zone_10,Zone_10,1.0,0.0,0.0,0.0,0.0,0.0,0.0,0.0,0.0,0.0,1.0
CT001970,Zone_07,Zone_07,0.7333,0.0,0.0,0.0004,0.0165,0.0009,0.0003,0.7333,0.2486,0.0,0.0001
CT018302,Zone_03,Zone_03,1.0,0.0,0.0,1.0,0.0,0.0,0.0,0.0,0.0,0.0,0.0
CT007017,Zone_05,Zone_05,1.0,0.0,0.0,0.0,0.0,1.0,0.0,0.0,0.0,0.0,0.0
CT009534,Zone_08,Zone_08,0.9759,0.0,0.0001,0.0001,0.0071,0.0002,0.0003,0.0164,0.9759,0.0,0.0
CT007613,Zone_07,Zone_08,0.6641,0.0,0.0,0.0,0.0001,0.0001,0.0006,0.335,0.6641,0.0,0.0
CT007959,Zone_03,Zone_03,1.0,0.0,0.0,1.0,0.0,0.0,0.0,0.0,0.0,0.0,0.0
CT011589,Zone_03,Zone_03,0.9999,0.0,0.0001,0.9999,0.0,0.0,0.0,0.0,0.0,0.0,0.0
CT013010,Zone_05,Zone_05,0.99,0.0,0.0,0.0,0.01,0.99,0.0,0.0,0.0,0.0,0.0
CT006768,Zone_08,Zone_08,0.9822,0.0,0.0001,0.0001,0.0038,0.0002,0.0003,0.0134,0.9822,0.0,0.0
CT006323,Zone_07,Zone_07,0.9266,0.0,0.0,0.0,0.0034,0.0001,0.0627,0.9266,0.0072,0.0,0.0
CT011059,Zone_10,Zone_10,1.0,0.0,0.0,0.0,0.0,0.0,0.0,0.0,0.0,0.0,1.0
CT015151,Zone_02,Zone_02,1.0,0.0,1.0,0.0,0.0,0.0,0.0,0.0,0.0,0.0,0.0
CT006959,Zone_05,Zone_05,0.9974,0.0,0.0,0.0,0.0,0.9974,0.0,0.0021,0.0005,0.0,0.0
CT008847,Zone_07,Zone_07,0.9768,0.0,0.0,0.0,0.0001,0.0,0.0063,0.9768,0.0167,0.0,0.0001
CT002933,Zone_08,Zone_07,0.7694,0.0,0.0,0.0001,0.0168,0.0005,0.0002,0.7694,0.2128,0.0,0.0001
CT017291,Zone_07,Zone_08,0.6949,0.0,0.0,0.0,0.0001,0.0003,0.0007,0.3039,0.6949,0.0,0.0
CT017333,Zone_01,Zone_01,1.0,1.0,0.0,0.0,0.0,0.0,0.0,0.0,0.0,0.0,0.0
CT000747,Zone_04,Zone_04,0.9857,0.0,0.0,0.0,0.9857,0.0,0.0,0.0068,0.0075,0.0,0.0
CT018963,Zone_07,Zone_07,0.9778,0.0,0.0,0.0,0.0001,0.0005,0.0071,0.9778,0.0144,0.0,0.0001
CT003735,Zone_03,Zone_03,1.0,0.0,0.0,1.0,0.0,0.0,0.0,0.0,0.0,0.0,0.0
CT010146,Zone_06,Zone_06,0.9952,0.0,0.0,0.0,0.0,0.0,0.9952,0.0048,0.0,0.0,0.0
CT009830,Zone_07,Zone_07,0.7505,0.0,0.0,0.0,0.0261,0.0011,0.0001,0.7505,0.2221,0.0,0.0
CT018668,Zone_07,Zone_07,0.868,0.0,0.0,0.0,0.0085,0.0001,0.1154,0.868,0.0079,0.0,0.0002
CT004359,Zone_08,Zone_08,0.9754,0.0,0.0,0.0001,0.0038,0.0086,0.0,0.0122,0.9754,0.0,0.0
CT014643,Zone_07,Zone_08,0.6535,0.0,0.0,0.0,0.0005,0.0,0.0007,0.3453,0.6535,0.0,0.0
CT016761,Zone_06,Zone_06,0.9956,0.0,0.0,0.0,0.0,0.0,0.9956,0.0043,0.0,0.0,0.0
CT002095,Zone_06,Zone_06,0.9884,0.0,0.0,0.0,0.0,0.0,0.9884,0.0113,0.0003,0.0,0.0
CT003860,Zone_03,Zone_03,1.0,0.0,0.0,1.0,0.0,0.0,0.0,0.0,0.0,0.0,0.0
CT008339,Zone_08,Zone_08,0.9775,0.0,0.0001,0.0001,0.0038,0.0002,0.001,0.0173,0.9775,0.0,0.0
CT013261,Zone_05,Zone_05,1.0,0.0,0.0,0.0,0.0,1.0,0.0,0.0,0.0,0.0,0.0
CT009507,Zone_07,Zone_07,0.8206,0.0,0.0,0.0001,0.0269,0.0004,0.0008,0.8206,0.1512,0.0,0.0
CT003012,Zone_07,Zone_07,0.8234,0.0,0.0,0.0,0.0035,0.0,0.1724,0.8234,0.0007,0.0,0.0
CT012141,Zone_05,Zone_05,1.0,0.0,0.0,0.0,0.0,1.0,0.0,0.0,0.0,0.0,0.0
CT003130,Zone_10,Zone_10,1.0,0.0,0.0,0.0,0.0,0.0,0.0,0.0,0.0,0.0,1.0
CT002174,Zone_03,Zone_03,0.9893,0.0,0.0107,0.9893,0.0,0.0,0.0,0.0,0.0,0.0,0.0
CT002034,Zone_08,Zone_08,0.9769,0.0,0.0001,0.0001,0.008,0.0002,0.0,0.0148,0.9769,0.0,0.0
CT017587,Zone_07,Zone_07,0.7946,0.0,0.0,0.0,0.0034,0.0001,0.1957,0.7946,0.006,0.0,0.0002
CT004183,Zone_08,Zone_08,0.7036,0.0,0.0,0.0,0.0001,0.0,0.0002,0.296,0.7036,0.0,0.0
CT015099,Zone_06,Zone_07,0.8448,0.0,0.0,0.0,0.0034,0.0001,0.1503,0.8448,0.0015,0.0,0.0
CT016293,Zone_04,Zone_04,0.9697,0.0,0.0083,0.0003,0.9697,0.0001,0.0002,0.0185,0.0029,0.0,0.0
CT013606,Zone_08,Zone_08,0.7412,0.0,0.0,0.0,0.0001,0.0,0.0002,0.2585,0.7412,0.0,0.0
CT005730,Zone_04,Zone_04,0.9854,0.0,0.0,0.0,0.9854,0.0,0.0,0.0115,0.0031,0.0,0.0
CT017148,Zone_05,Zone_05,1.0,0.0,0.0,0.0,0.0,1.0,0.0,0.0,0.0,0.0,0.0
CT002424,Zone_03,Zone_03,0.9956,0.0,0.0044,0.9956,0.0,0.0,0.0,0.0,0.0,0.0,0.0
CT016190,Zone_01,Zone_01,1.0,1.0,0.0,0.0,0.0,0.0,0.0,0.0,0.0,0.0,0.0
CT005313,Zone_04,Zone_04,0.9855,0.0,0.0,0.0001,0.9855,0.0,0.0,0.0135,0.0009,0.0,0.0
CT013882,Zone_01,Zone_01,1.0,1.0,0.0,0.0,0.0,0.0,0.0,0.0,0.0,0.0,0.0
CT010479,Zone_01,Zone_01,1.0,1.0,0.0,0.0,0.0,0.0,0.0,0.0,0.0,0.0,0.0
CT011806,Zone_08,Zone_08,0.7207,0.0,0.0,0.0,0.0001,0.0,0.0002,0.2789,0.7207,0.0,0.0
CT007945,Zone_07,Zone_08,0.7018,0.0,0.0,0.0,0.0001,0.0,0.0008,0.2973,0.7018,0.0,0.0
CT009470,Zone_01,Zone_01,1.0,1.0,0.0,0.0,0.0,0.0,0.0,0.0,0.0,0.0,0.0
CT004657,Zone_07,Zone_07,0.7979,0.0,0.0,0.0,0.0034,0.0001,0.1915,0.7979,0.0069,0.0,0.0002
CT017571,Zone_08,Zone_08,0.9788,0.0,0.0001,0.0001,0.004,0.0006,0.0,0.0163,0.9788,0.0,0.0
CT002395,Zone_07,Zone_08,0.77,0.0,0.0,0.0,0.0013,0.0,0.0006,0.228,0.77,0.0,0.0
CT006184,Zone_07,Zone_08,0.6516,0.0,0.0,0.0,0.0001,0.0,0.0007,0.3476,0.6516,0.0,0.0
CT002260,Zone_08,Zone_08,0.967,0.0,0.0001,0.0001,0.0085,0.0002,0.0003,0.0239,0.967,0.0,0.0
CT012544,Zone_07,Zone_07,0.7967,0.0,0.0,0.0001,0.0179,0.0005,0.0003,0.7967,0.1796,0.0,0.0048
CT000082,Zone_08,Zone_08,0.9805,0.0,0.0001,0.0001,0.0039,0.0002,0.0003,0.015,0.9805,0.0,0.0
CT008599,Zone_08,Zone_08,0.9839,0.0,0.0001,0.0,0.0037,0.0001,0.0003,0.0119,0.9839,0.0,0.0
CT005271,Zone_10,Zone_10,0.9921,0.0,0.0079,0.0,0.0,0.0,0.0,0.0,0.0,0.0,0.9921
CT011716,Zone_07,Zone_07,0.882,0.0,0.0,0.0,0.0059,0.0,0.0997,0.882,0.0125,0.0,0.0
CT014699,Zone_08,Zone_08,0.9763,0.0,0.0001,0.0001,0.0037,0.0002,0.001,0.0186,0.9763,0.0,0.0
CT015110,Zone_07,Zone_07,0.8341,0.0,0.0,0.0,0.0034,0.0001,0.1491,0.8341,0.0131,0.0,0.0002
CT018536,Zone_02,Zone_02,0.99,0.0,0.99,0.01,0.0,0.0,0.0,0.0,0.0,0.0,0.0
CT004364,Zone_10,Zone_10,1.0,0.0,0.0,0.0,0.0,0.0,0.0,0.0,0.0,0.0,1.0
CT012484,Zone_07,Zone_07,0.9549,0.0,0.0,0.0,0.0,0.0,0.0145,0.9549,0.0306,0.0,0.0
CT003206,Zone_08,Zone_08,0.9726,0.0,0.0001,0.0001,0.0107,0.0006,0.0,0.0158,0.9726,0.0,0.0
CT010724,Zone_03,Zone_03,1.0,0.0,0.0,1.0,0.0,0.0,0.0,0.0,0.0,0.0,0.0
CT016270,Zone_07,Zone_07,0.885,0.0,0.0,0.0,0.0001,0.0,0.103,0.885,0.0117,0.0,0.0002
CT009983,Zone_10,Zone_10,1.0,0.0,0.0,0.0,0.0,0.0,0.0,0.0,0.0,0.0,1.0
CT006545,Zone_04,Zone_04,0.9766,0.0001,0.0001,0.0,0.9766,0.0001,0.001,0.0141,0.0079,0.0,0.0
CT013058,Zone_07,Zone_07,0.7712,0.0,0.0,0.0001,0.0093,0.0005,0.0003,0.7712,0.2185,0.0,0.0001
CT011391,Zone_04,Zone_04,0.9825,0.0,0.0,0.0,0.9825,0.0,0.0,0.0081,0.0093,0.0,0.0
CT016543,Zone_04,Zone_04,0.99,0.0,0.0,0.0001,0.99,0.0,0.0,0.0084,0.0015,0.0,0.0
CT014697,Zone_01,Zone_01,1.0,1.0,0.0,0.0,0.0,0.0,0.0,0.0,0.0,0.0,0.0
CT010490,Zone_08,Zone_08,0.6925,0.0,0.0,0.0,0.0001,0.0,0.0007,0.3068,0.6925,0.0,0.0
CT001830,Zone_08,Zone_08,0.9787,0.0,0.0001,0.0001,0.0038,0.0002,0.0,0.0171,0.9787,0.0,0.0
CT008718,Zone_02,Zone_02,0.9806,0.0,0.9806,0.0,0.01,0.0,0.0,0.0,0.0,0.0,0.0094
CT013174,Zone_08,Zone_08,0.9717,0.0,0.0001,0.0001,0.0038,0.0081,0.001,0.0151,0.9717,0.0,0.0
CT009505,Zone_07,Zone_07,0.7596,0.0,0.0,0.0001,0.0181,0.0004,0.0003,0.7596,0.2214,0.0,0.0001
CT006522,Zone_08,Zone_08,0.9785,0.0,0.0001,0.0001,0.008,0.0002,0.0003,0.0129,0.9785,0.0,0.0
CT018660,Zone_08,Zone_07,0.7333,0.0,0.0,0.0001,0.0156,0.0004,0.0005,0.7333,0.2501,0.0,0.0001
CT015351,Zone_03,Zone_03,0.9999,0.0,0.0001,0.9999,0.0,0.0,0.0,0.0,0.0,0.0,0.0
CT009048,Zone_08,Zone_08,0.9839,0.0,0.0001,0.0001,0.0038,0.0002,0.001,0.0109,0.9839,0.0,0.0
CT012780,Zone_07,Zone_07,0.9554,0.0,0.0,0.0,0.0001,0.0,0.0133,0.9554,0.0311,0.0,0.0001
CT019844,Zone_07,Zone_07,0.8039,0.0,0.0,0.0001,0.0278,0.0079,0.0005,0.8039,0.1597,0.0,0.0001
CT012602,Zone_06,Zone_06,0.9952,0.0,0.0,0.0,0.0,0.0,0.9952,0.0048,0.0,0.0,0.0
CT004285,Zone_06,Zone_06,0.9937,0.0,0.0,0.0,0.0,0.0,0.9937,0.0063,0.0,0.0,0.0
CT002864,Zone_03,Zone_03,0.9999,0.0,0.0001,0.9999,0.0,0.0,0.0,0.0,0.0,0.0,0.0
CT007820,Zone_08,Zone_08,0.9214,0.0,0.0001,0.0001,0.0438,0.0081,0.0,0.0265,0.9214,0.0,0.0
CT015776,Zone_07,Zone_07,0.8827,0.0,0.0,0.0,0.0034,0.0001,0.1003,0.8827,0.0134,0.0,0.0002
CT019874,Zone_04,Zone_04,0.9798,0.0,0.0,0.0003,0.9798,0.0,0.0,0.0125,0.002,0.0055,0.0
CT019503,Zone_07,Zone_08,0.7047,0.0,0.0,0.0,0.0001,0.0,0.0002,0.2949,0.7047,0.0,0.0
CT005881,Zone_04,Zone_04,0.9944,0.0,0.0,0.0001,0.9944,0.0,0.0,0.0048,0.0006,0.0,0.0
CT013188,Zone_03,Zone_03,1.0,0.0,0.0,1.0,0.0,0.0,0.0,0.0,0.0,0.0,0.0
CT013895,Zone_01,Zone_01,1.0,1.0,0.0,0.0,0.0,0.0,0.0,0.0,0.0,0.0,0.0
CT004274,Zone_07,Zone_07,0.8465,0.0,0.0,0.0,0.0059,0.0,0.1412,0.8465,0.0064,0.0,0.0
CT001154,Zone_03,Zone_03,1.0,0.0,0.0,1.0,0.0,0.0,0.0,0.0,0.0,0.0,0.0
CT011950,Zone_08,Zone_08,0.9787,0.0,0.0001,0.0001,0.0038,0.0002,0.0003,0.0168,0.9787,0.0,0.0
CT004532,Zone_04,Zone_04,0.9744,0.0,0.0,0.0,0.9744,0.0,0.0,0.0096,0.016,0.0,0.0
CT014691,Zone_06,Zone_06,0.9984,0.0,0.0,0.0,0.0,0.0,0.9984,0.0016,0.0,0.0,0.0
CT019988,Zone_07,Zone_08,0.7141,0.0,0.0,0.0,0.0001,0.0,0.0007,0.2851,0.7141,0.0,0.0
CT005142,Zone_07,Zone_07,0.8175,0.0,0.0,0.0001,0.0248,0.0077,0.0002,0.8175,0.1496,0.0,0.0001
CT007514,Zone_07,Zone_08,0.665,0.0,0.0,0.0,0.0001,0.0,0.0007,0.334,0.665,0.0,0.0
CT015396,Zone_06,Zone_06,0.9971,0.0,0.0,0.0,0.0,0.0,0.9971,0.0029,0.0,0.0,0.0
CT008740,Zone_07,Zone_08,0.6327,0.0,0.0,0.0,0.0039,0.0,0.0002,0.3632,0.6327,0.0,0.0
CT016345,Zone_07,Zone_08,0.7469,0.0,0.0,0.0,0.0001,0.0,0.0007,0.2523,0.7469,0.0,0.0
CT001580,Zone_07,Zone_07,0.9023,0.0,0.0,0.0,0.0034,0.0001,0.0809,0.9023,0.0134,0.0,0.0
CT019081,Zone_08,Zone_08,0.693,0.0,0.0,0.0,0.0001,0.0,0.0007,0.3061,0.693,0.0,0.0
CT002546,Zone_05,Zone_05,0.9974,0.0,0.0,0.0,0.0,0.9974,0.0,0.0021,0.0005,0.0,0.0
CT001046,Zone_04,Zone_04,0.9937,0.0,0.0018,0.0001,0.9937,0.0,0.0,0.0035,0.0009,0.0,0.0
CT002075,Zone_05,Zone_05,0.9895,0.0,0.0,0.0,0.0037,0.9895,0.0,0.0,0.0068,0.0,0.0
CT004981,Zone_06,Zone_06,0.9884,0.0,0.0,0.0,0.0,0.0,0.9884,0.0116,0.0,0.0,0.0
CT006402,Zone_01,Zone_01,1.0,1.0,0.0,0.0,0.0,0.0,0.0,0.0,0.0,0.0,0.0
CT013406,Zone_08,Zone_08,0.9753,0.0,0.0001,0.0001,0.0071,0.0002,0.0003,0.017,0.9753,0.0,0.0
CT003999,Zone_04,Zone_04,0.9955,0.0,0.0,0.0,0.9955,0.0,0.0,0.0035,0.001,0.0,0.0
CT008178,Zone_07,Zone_07,0.75,0.0,0.0,0.0001,0.0157,0.0004,0.0003,0.75,0.2334,0.0,0.0001
CT019174,Zone_04,Zone_04,0.9852,0.0,0.0,0.0001,0.9852,0.0,0.0038,0.0071,0.0039,0.0,0.0
CT002825,Zone_10,Zone_10,0.9923,0.0,0.0,0.0,0.0,0.0,0.0,0.0,0.0,0.0077,0.9923
CT013837,Zone_07,Zone_07,0.9616,0.0,0.0,0.0,0.0001,0.0,0.0026,0.9616,0.0304,0.0,0.0054
CT000646,Zone_06,Zone_07,0.8373,0.0,0.0,0.0,0.0035,0.0,0.1469,0.8373,0.0074,0.0049,0.0
CT011723,Zone_07,Zone_08,0.6207,0.0,0.0,0.0,0.0005,0.0,0.0007,0.3781,0.6207,0.0,0.0
CT006219,Zone_01,Zone_01,1.0,1.0,0.0,0.0,0.0,0.0,0.0,0.0,0.0,0.0,0.0
CT010605,Zone_08,Zone_08,0.9797,0.0,0.0,0.0,0.008,0.0001,0.0003,0.012,0.9797,0.0,0.0
CT012964,Zone_07,Zone_07,0.9651,0.0,0.0,0.0,0.0027,0.0,0.0031,0.9651,0.0289,0.0,0.0001
CT019333,Zone_07,Zone_08,0.6435,0.0,0.0,0.0,0.0001,0.0003,0.0007,0.3554,0.6435,0.0,0.0
CT002781,Zone_03,Zone_03,1.0,0.0,0.0,1.0,0.0,0.0,0.0,0.0,0.0,0.0,0.0
CT005844,Zone_07,Zone_07,0.7885,0.0,0.0,0.0001,0.0193,0.0004,0.0005,0.7885,0.1901,0.0,0.001
CT016272,Zone_09,Zone_09,0.99,0.0,0.0,0.0,0.0,0.0,0.0,0.0,0.0,0.99,0.01
CT019999,Zone_08,Zone_08,0.7221,0.0,0.0,0.0,0.0003,0.0,0.0007,0.2769,0.7221,0.0,0.0
CT010647,Zone_08,Zone_08,0.9833,0.0,0.0001,0.0,0.0038,0.0001,0.0003,0.0124,0.9833,0.0,0.0
CT019947,Zone_07,Zone_08,0.7324,0.0,0.0,0.0,0.0001,0.0,0.0002,0.2672,0.7324,0.0,0.0
CT005332,Zone_07,Zone_07,0.9515,0.0,0.0,0.0,0.0036,0.0,0.0084,0.9515,0.0364,0.0,0.0001
CT003346,Zone_08,Zone_08,0.7121,0.0,0.0,0.0,0.0001,0.0,0.0007,0.287,0.7121,0.0,0.0
CT005609,Zone_08,Zone_08,0.9775,0.0,0.0001,0.0,0.0038,0.0006,0.0,0.018,0.9775,0.0,0.0
CT019514,Zone_07,Zone_07,0.8789,0.0,0.0,0.0,0.0085,0.0001,0.111,0.8789,0.0014,0.0,0.0002
CT013136,Zone_10,Zone_10,1.0,0.0,0.0,0.0,0.0,0.0,0.0,0.0,0.0,0.0,1.0
CT018254,Zone_01,Zone_01,1.0,1.0,0.0,0.0,0.0,0.0,0.0,0.0,0.0,0.0,0.0
CT004521,Zone_03,Zone_03,1.0,0.0,0.0,1.0,0.0,0.0,0.0,0.0,0.0,0.0,0.0
CT006517,Zone_07,Zone_08,0.6384,0.0,0.0,0.0,0.001,0.0,0.0006,0.3599,0.6384,0.0,0.0
CT014939,Zone_07,Zone_07,0.9719,0.0,0.0,0.0,0.0001,0.0,0.0047,0.9719,0.0233,0.0,0.0001
CT007530,Zone_01,Zone_01,0.99,0.99,0.01,0.0,0.0,0.0,0.0,0.0,0.0,0.0,0.0
CT013699,Zone_04,Zone_04,0.9765,0.0001,0.0001,0.0001,0.9765,0.0001,0.0005,0.0138,0.0088,0.0,0.0
CT015302,Zone_01,Zone_01,1.0,1.0,0.0,0.0,0.0,0.0,0.0,0.0,0.0,0.0,0.0
CT001845,Zone_03,Zone_03,0.9952,0.0,0.0048,0.9952,0.0,0.0,0.0,0.0,0.0,0.0,0.0
CT016878,Zone_02,Zone_02,0.9954,0.0,0.9954,0.0046,0.0,0.0,0.0,0.0,0.0,0.0,0.0
CT014213,Zone_03,Zone_03,0.9982,0.0,0.0,0.9982,0.0018,0.0,0.0,0.0,0.0,0.0,0.0
CT004956,Zone_04,Zone_04,0.9869,0.0,0.0001,0.0002,0.9869,0.0001,0.0002,0.0057,0.0069,0.0,0.0
CT017983,Zone_06,Zone_06,0.9932,0.0,0.0,0.0,0.0,0.0052,0.9932,0.0016,0.0,0.0,0.0
CT013838,Zone_05,Zone_05,0.99,0.0,0.0,0.0,0.0,0.99,0.0,0.0,0.01,0.0,0.0
CT010501,Zone_05,Zone_05,0.9989,0.0,0.0,0.0,0.0011,0.9989,0.0,0.0,0.0,0.0,0.0
CT003157,Zone_02,Zone_02,1.0,0.0,1.0,0.0,0.0,0.0,0.0,0.0,0.0,0.0,0.0
CT014817,Zone_07,Zone_07,0.987,0.0,0.0,0.0,0.0,0.0,0.0027,0.987,0.0103,0.0,0.0
CT019780,Zone_01,Zone_01,1.0,1.0,0.0,0.0,0.0,0.0,0.0,0.0,0.0,0.0,0.0
CT002061,Zone_10,Zone_10,0.9953,0.0,0.0,0.0,0.0,0.0,0.0013,0.0034,0.0,0.0,0.9953
CT013935,Zone_07,Zone_07,0.9654,0.0,0.0,0.0,0.0001,0.0,0.0085,0.9654,0.0259,0.0,0.0001
CT011630,Zone_07,Zone_08,0.6775,0.0,0.0,0.0,0.001,0.0,0.0001,0.3213,0.6775,0.0,0.0
CT014337,Zone_08,Zone_08,0.9759,0.0,0.0,0.0001,0.0038,0.0006,0.0,0.0196,0.9759,0.0,0.0
CT005808,Zone_07,Zone_07,0.6747,0.0,0.0,0.0,0.0001,0.0,0.3246,0.6747,0.0005,0.0,0.0002
CT008583,Zone_07,Zone_07,0.7575,0.0,0.0,0.0001,0.0192,0.0005,0.0005,0.7575,0.2211,0.0,0.001
CT001061,Zone_10,Zone_10,1.0,0.0,0.0,0.0,0.0,0.0,0.0,0.0,0.0,0.0,1.0
CT007004,Zone_07,Zone_07,0.7983,0.0,0.0,0.0003,0.027,0.001,0.0001,0.7983,0.1723,0.0,0.001
CT003264,Zone_08,Zone_08,0.9734,0.0,0.0001,0.0001,0.0038,0.0002,0.0,0.0224,0.9734,0.0,0.0
CT002234,Zone_10,Zone_10,1.0,0.0,0.0,0.0,0.0,0.0,0.0,0.0,0.0,0.0,1.0
CT013940,Zone_06,Zone_06,0.9984,0.0,0.0,0.0,0.0,0.0,0.9984,0.0016,0.0,0.0,0.0
CT001374,Zone_07,Zone_07,0.9351,0.0,0.0,0.0,0.0047,0.0005,0.0088,0.9351,0.0509,0.0,0.0001
CT016783,Zone_02,Zone_02,0.9952,0.0,0.9952,0.0048,0.0,0.0,0.0,0.0,0.0,0.0,0.0
CT013327,Zone_06,Zone_06,0.9975,0.0,0.0,0.0,0.0,0.0,0.9975,0.0025,0.0,0.0,0.0
CT000454,Zone_01,Zone_01,1.0,1.0,0.0,0.0,0.0,0.0,0.0,0.0,0.0,0.0,0.0
CT011967,Zone_08,Zone_08,0.7361,0.0,0.0,0.0,0.0001,0.0003,0.0002,0.2633,0.7361,0.0,0.0
CT009771,Zone_05,Zone_05,0.99,0.0,0.0,0.0,0.0,0.99,0.0067,0.0033,0.0,0.0,0.0
CT006245,Zone_03,Zone_03,1.0,0.0,0.0,1.0,0.0,0.0,0.0,0.0,0.0,0.0,0.0
CT019358,Zone_02,Zone_02,1.0,0.0,1.0,0.0,0.0,0.0,0.0,0.0,0.0,0.0,0.0
CT015880,Zone_07,Zone_07,0.974,0.0,0.0,0.0,0.0037,0.0,0.0047,0.974,0.0175,0.0,0.0001
CT015243,Zone_03,Zone_03,0.9999,0.0,0.0001,0.9999,0.0,0.0,0.0,0.0,0.0,0.0,0.0
CT015567,Zone_07,Zone_08,0.7059,0.0,0.0,0.0,0.0001,0.0,0.0008,0.2931,0.7059,0.0,0.0
CT010340,Zone_08,Zone_08,0.7184,0.0,0.0,0.0,0.0001,0.0,0.0002,0.2812,0.7184,0.0,0.0
CT013245,Zone_04,Zone_04,0.9934,0.0,0.0,0.0001,0.9934,0.0,0.0004,0.0062,0.0,0.0,0.0
CT015354,Zone_07,Zone_08,0.537,0.0,0.0,0.0,0.0002,0.0,0.0002,0.4626,0.537,0.0,0.0
CT013142,Zone_02,Zone_02,1.0,0.0,1.0,0.0,0.0,0.0,0.0,0.0,0.0,0.0,0.0
CT015735,Zone_07,Zone_07,0.93,0.0,0.0,0.0,0.0,0.0,0.0629,0.93,0.0071,0.0,0.0
CT007361,Zone_08,Zone_08,0.9801,0.0,0.0001,0.0,0.0072,0.0001,0.0003,0.0122,0.9801,0.0,0.0
CT012161,Zone_02,Zone_02,1.0,0.0,1.0,0.0,0.0,0.0,0.0,0.0,0.0,0.0,0.0
CT007762,Zone_10,Zone_10,1.0,0.0,0.0,0.0,0.0,0.0,0.0,0.0,0.0,0.0,1.0
CT009990,Zone_04,Zone_04,0.9955,0.0,0.0,0.0001,0.9955,0.0,0.0,0.0035,0.0009,0.0,0.0
CT013885,Zone_08,Zone_07,0.7306,0.0,0.0,0.0001,0.0189,0.0008,0.0003,0.7306,0.2492,0.0,0.0001
CT001692,Zone_06,Zone_06,0.9984,0.0,0.0,0.0,0.0,0.0,0.9984,0.0016,0.0,0.0,0.0
CT015993,Zone_03,Zone_03,1.0,0.0,0.0,1.0,0.0,0.0,0.0,0.0,0.0,0.0,0.0
CT006582,Zone_07,Zone_08,0.7579,0.0,0.0,0.0,0.0,0.0,0.0002,0.2418,0.7579,0.0,0.0
CT014420,Zone_01,Zone_01,1.0,1.0,0.0,0.0,0.0,0.0,0.0,0.0,0.0,0.0,0.0
CT007553,Zone_04,Zone_04,0.9999,0.0,0.0,0.0,0.9999,0.0,0.0001,0.0,0.0,0.0,0.0
CT018781,Zone_08,Zone_08,0.7142,0.0,0.0,0.0,0.004,0.0,0.0002,0.2816,0.7142,0.0,0.0
CT019256,Zone_02,Zone_02,0.9944,0.0,0.9944,0.0056,0.0,0.0,0.0,0.0,0.0,0.0,0.0
CT009256,Zone_01,Zone_01,1.0,1.0,0.0,0.0,0.0,0.0,0.0,0.0,0.0,0.0,0.0
CT012687,Zone_07,Zone_07,0.9725,0.0,0.0,0.0,0.0002,0.0,0.0026,0.9725,0.0247,0.0,0.0001
CT017407,Zone_04,Zone_04,0.9763,0.0001,0.0001,0.0033,0.9763,0.0021,0.0004,0.0097,0.0079,0.0,0.0
CT003347,Zone_07,Zone_07,0.9796,0.0,0.0,0.0,0.0015,0.0,0.0043,0.9796,0.0146,0.0,0.0001
CT001746,Zone_07,Zone_08,0.681,0.0,0.0,0.0,0.0001,0.0,0.0008,0.318,0.681,0.0,0.0
CT001279,Zone_07,Zone_07,0.8527,0.0,0.0,0.0,0.0,0.0,0.1467,0.8527,0.0007,0.0,0.0
CT011040,Zone_07,Zone_07,0.94,0.0,0.0,0.0,0.0069,0.0001,0.0451,0.94,0.0079,0.0,0.0
CT012358,Zone_04,Zone_04,0.9744,0.0,0.0001,0.0002,0.9744,0.0001,0.0002,0.0163,0.0086,0.0,0.0
CT018440,Zone_03,Zone_03,1.0,0.0,0.0,1.0,0.0,0.0,0.0,0.0,0.0,0.0,0.0
CT003092,Zone_06,Zone_06,0.9943,0.0,0.0,0.0,0.0,0.0,0.9943,0.0057,0.0,0.0,0.0
CT013598,Zone_07,Zone_07,0.8842,0.0,0.0,0.0,0.0034,0.0001,0.1046,0.8842,0.0078,0.0,0.0
CT011116,Zone_08,Zone_08,0.957,0.0,0.0001,0.0001,0.0072,0.0002,0.0,0.0354,0.957,0.0,0.0
CT013367,Zone_08,Zone_08,0.976,0.0,0.0001,0.0001,0.008,0.0002,0.001,0.0146,0.976,0.0,0.0
CT005362,Zone_02,Zone_02,1.0,0.0,1.0,0.0,0.0,0.0,0.0,0.0,0.0,0.0,0.0
CT007978,Zone_10,Zone_10,1.0,0.0,0.0,0.0,0.0,0.0,0.0,0.0,0.0,0.0,1.0
CT019219,Zone_10,Zone_10,0.9953,0.0,0.0,0.0,0.0,0.0,0.0013,0.0034,0.0,0.0,0.9953
CT008245,Zone_10,Zone_10,0.995,0.0,0.0,0.0,0.0,0.0,0.0,0.0,0.0,0.005,0.995
CT004130,Zone_06,Zone_06,0.9965,0.0,0.0,0.0,0.0,0.0,0.9965,0.0034,0.0,0.0,0.0
CT002667,Zone_06,Zone_06,0.99,0.0,0.0,0.0,0.0018,0.0,0.99,0.0044,0.0039,0.0,0.0
CT015590,Zone_07,Zone_07,0.9553,0.0,0.0,0.0,0.003,0.0,0.0177,0.9553,0.0186,0.0,0.0054
CT006774,Zone_10,Zone_10,1.0,0.0,0.0,0.0,0.0,0.0,0.0,0.0,0.0,0.0,1.0
CT017756,Zone_07,Zone_07,0.9823,0.0,0.0,0.0,0.0001,0.0,0.0016,0.9823,0.0159,0.0,0.0001
CT015010,Zone_08,Zone_08,0.9725,0.0,0.0001,0.0001,0.0072,0.0002,0.0003,0.0196,0.9725,0.0,0.0
CT011019,Zone_03,Zone_03,1.0,0.0,0.0,1.0,0.0,0.0,0.0,0.0,0.0,0.0,0.0
CT001847,Zone_04,Zone_04,0.9944,0.0,0.0,0.0001,0.9944,0.0,0.0,0.0048,0.0006,0.0,0.0
CT008887,Zone_02,Zone_02,1.0,0.0,1.0,0.0,0.0,0.0,0.0,0.0,0.0,0.0,0.0
CT004703,Zone_04,Zone_04,0.9888,0.0,0.0,0.0,0.9888,0.0,0.0,0.0035,0.0077,0.0,0.0
CT013283,Zone_09,Zone_09,1.0,0.0,0.0,0.0,0.0,0.0,0.0,0.0,0.0,1.0,0.0
CT000194,Zone_07,Zone_07,0.9198,0.0,0.0,0.0,0.0069,0.0001,0.0654,0.9198,0.0078,0.0,0.0
CT002015,Zone_08,Zone_08,0.9816,0.0,0.0001,0.0,0.0085,0.0001,0.0003,0.0094,0.9816,0.0,0.0
CT011611,Zone_02,Zone_02,1.0,0.0,1.0,0.0,0.0,0.0,0.0,0.0,0.0,0.0,0.0
CT011047,Zone_07,Zone_07,0.915,0.0,0.0,0.0,0.0034,0.0001,0.0733,0.915,0.0083,0.0,0.0
CT016387,Zone_01,Zone_01,0.9972,0.9972,0.0028,0.0,0.0,0.0,0.0,0.0,0.0,0.0,0.0
CT002235,Zone_07,Zone_07,0.9747,0.0,0.0,0.0,0.0001,0.0,0.0022,0.9747,0.023,0.0,0.0001
CT014149,Zone_08,Zone_08,0.7403,0.0,0.0,0.0,0.0001,0.0,0.0007,0.2588,0.7403,0.0,0.0
CT016098,Zone_03,Zone_03,1.0,0.0,0.0,1.0,0.0,0.0,0.0,0.0,0.0,0.0,0.0
CT008504,Zone_08,Zone_08,0.7458,0.0,0.0,0.0,0.0001,0.0,0.0002,0.2538,0.7458,0.0,0.0
CT010153,Zone_02,Zone_02,1.0,0.0,1.0,0.0,0.0,0.0,0.0,0.0,0.0,0.0,0.0
CT006191,Zone_07,Zone_07,0.7787,0.0,0.0,0.0,0.0035,0.0001,0.2162,0.7787,0.0014,0.0,0.0002
CT014620,Zone_03,Zone_03,0.9956,0.0,0.0044,0.9956,0.0,0.0,0.0,0.0,0.0,0.0,0.0
CT000032,Zone_10,Zone_10,1.0,0.0,0.0,0.0,0.0,0.0,0.0,0.0,0.0,0.0,1.0
CT016518,Zone_07,Zone_07,0.7808,0.0,0.0,0.0001,0.0083,0.0005,0.0009,0.7808,0.2093,0.0,0.0001
CT010483,Zone_07,Zone_07,0.9833,0.0,0.0,0.0,0.0001,0.0,0.0033,0.9833,0.0132,0.0,0.0
CT008502,Zone_07,Zone_07,0.9663,0.0,0.0,0.0,0.0001,0.0,0.0048,0.9663,0.0287,0.0,0.0001
CT013939,Zone_08,Zone_08,0.6302,0.0,0.0,0.0,0.0001,0.0,0.0008,0.3688,0.6302,0.0,0.0
CT000383,Zone_07,Zone_07,0.9717,0.0,0.0,0.0,0.0037,0.0,0.0095,0.9717,0.0151,0.0,0.0001
CT001259,Zone_07,Zone_07,0.7637,0.0,0.0,0.0,0.0246,0.0078,0.0,0.7637,0.2038,0.0,0.0001
CT018794,Zone_09,Zone_09,1.0,0.0,0.0,0.0,0.0,0.0,0.0,0.0,0.0,1.0,0.0
CT018193,Zone_01,Zone_01,1.0,1.0,0.0,0.0,0.0,0.0,0.0,0.0,0.0,0.0,0.0
CT012954,Zone_08,Zone_07,0.7799,0.0,0.0,0.0001,0.0143,0.0013,0.0003,0.7799,0.2041,0.0,0.0001
CT007983,Zone_06,Zone_06,0.9984,0.0,0.0,0.0,0.0,0.0,0.9984,0.0016,0.0,0.0,0.0
CT012498,Zone_05,Zone_05,1.0,0.0,0.0,0.0,0.0,1.0,0.0,0.0,0.0,0.0,0.0
CT007173,Zone_08,Zone_08,0.6992,0.0,0.0,0.0,0.001,0.0,0.0001,0.2997,0.6992,0.0,0.0
CT004494,Zone_03,Zone_03,0.99,0.0,0.01,0.99,0.0,0.0,0.0,0.0,0.0,0.0,0.0
CT014334,Zone_02,Zone_02,0.993,0.0,0.993,0.007,0.0,0.0,0.0,0.0,0.0,0.0,0.0
CT013583,Zone_07,Zone_08,0.7315,0.0,0.0,0.0,0.0001,0.0,0.0002,0.2682,0.7315,0.0,0.0
CT002789,Zone_10,Zone_10,1.0,0.0,0.0,0.0,0.0,0.0,0.0,0.0,0.0,0.0,1.0
CT011048,Zone_08,Zone_08,0.9794,0.0,0.0001,0.0,0.0085,0.0001,0.0003,0.0117,0.9794,0.0,0.0
CT019661,Zone_08,Zone_08,0.9836,0.0,0.0001,0.0001,0.0038,0.0006,0.0,0.0117,0.9836,0.0,0.0
CT001233,Zone_01,Zone_01,0.99,0.99,0.01,0.0,0.0,0.0,0.0,0.0,0.0,0.0,0.0
CT015933,Zone_02,Zone_02,0.9944,0.0,0.9944,0.0056,0.0,0.0,0.0,0.0,0.0,0.0,0.0
CT000512,Zone_07,Zone_07,0.8721,0.0,0.0,0.0,0.0034,0.0001,0.1165,0.8721,0.0077,0.0,0.0002
CT017314,Zone_06,Zone_06,0.9927,0.0,0.0,0.0,0.0,0.0,0.9927,0.0073,0.0,0.0,0.0
CT012501,Zone_07,Zone_08,0.7602,0.0,0.0,0.0,0.0001,0.0,0.0002,0.2394,0.7602,0.0,0.0
CT002870,Zone_02,Zone_02,1.0,0.0,1.0,0.0,0.0,0.0,0.0,0.0,0.0,0.0,0.0
CT015451,Zone_04,Zone_04,0.9827,0.0,0.0,0.0001,0.9827,0.0,0.0,0.0101,0.0071,0.0,0.0
CT005117,Zone_08,Zone_08,0.7398,0.0,0.0,0.0,0.0001,0.0,0.0003,0.2597,0.7398,0.0,0.0
CT002716,Zone_01,Zone_01,1.0,1.0,0.0,0.0,0.0,0.0,0.0,0.0,0.0,0.0,0.0
CT010802,Zone_04,Zone_04,0.9741,0.0,0.0001,0.0002,0.9741,0.0001,0.0002,0.0158,0.0094,0.0,0.0
CT002606,Zone_03,Zone_03,1.0,0.0,0.0,1.0,0.0,0.0,0.0,0.0,0.0,0.0,0.0
CT018086,Zone_03,Zone_03,0.9999,0.0,0.0001,0.9999,0.0,0.0,0.0,0.0,0.0,0.0,0.0
CT009286,Zone_03,Zone_03,1.0,0.0,0.0,1.0,0.0,0.0,0.0,0.0,0.0,0.0,0.0
CT018800,Zone_05,Zone_05,1.0,0.0,0.0,0.0,0.0,1.0,0.0,0.0,0.0,0.0,0.0
CT000907,Zone_08,Zone_08,0.9695,0.0,0.0001,0.0001,0.0087,0.0002,0.001,0.0204,0.9695,0.0,0.0
CT005264,Zone_07,Zone_07,0.9172,0.0,0.0,0.0,0.0063,0.0001,0.0629,0.9172,0.0082,0.0,0.0053
CT011779,Zone_05,Zone_05,1.0,0.0,0.0,0.0,0.0,1.0,0.0,0.0,0.0,0.0,0.0
CT013191,Zone_04,Zone_04,0.9852,0.0,0.0,0.0001,0.9852,0.0,0.0038,0.0071,0.0039,0.0,0.0
CT011795,Zone_08,Zone_08,0.7042,0.0,0.0,0.0,0.0001,0.0,0.0007,0.2951,0.7042,0.0,0.0
CT014951,Zone_07,Zone_07,0.9383,0.0,0.0,0.0,0.0001,0.0,0.0031,0.9383,0.0584,0.0,0.0001
CT005734,Zone_06,Zone_06,0.9884,0.0,0.0,0.0,0.0,0.0,0.9884,0.0116,0.0,0.0,0.0
CT005847,Zone_10,Zone_10,1.0,0.0,0.0,0.0,0.0,0.0,0.0,0.0,0.0,0.0,1.0
CT009695,Zone_07,Zone_07,0.7761,0.0,0.0,0.0004,0.0142,0.0005,0.0003,0.7761,0.2084,0.0,0.0001
CT000423,Zone_02,Zone_02,0.9944,0.0,0.9944,0.0056,0.0,0.0,0.0,0.0,0.0,0.0,0.0
CT009973,Zone_10,Zone_10,1.0,0.0,0.0,0.0,0.0,0.0,0.0,0.0,0.0,0.0,1.0
CT000895,Zone_07,Zone_07,0.9769,0.0,0.0,0.0,0.0001,0.0,0.0031,0.9769,0.0198,0.0,0.0001
CT017845,Zone_07,Zone_07,0.9855,0.0,0.0,0.0,0.0,0.0,0.0017,0.9855,0.0127,0.0,0.0
CT010593,Zone_08,Zone_08,0.6423,0.0,0.0,0.0,0.0001,0.0,0.0003,0.3573,0.6423,0.0,0.0
CT007637,Zone_08,Zone_08,0.9805,0.0,0.0001,0.0001,0.0038,0.0002,0.0003,0.0151,0.9805,0.0,0.0
CT015618,Zone_01,Zone_01,1.0,1.0,0.0,0.0,0.0,0.0,0.0,0.0,0.0,0.0,0.0
CT013002,Zone_07,Zone_08,0.634,0.0,0.0,0.0,0.0001,0.0,0.0009,0.3649,0.634,0.0,0.0
CT005085,Zone_10,Zone_10,1.0,0.0,0.0,0.0,0.0,0.0,0.0,0.0,0.0,0.0,1.0
CT004429,Zone_04,Zone_04,0.9772,0.0,0.0,0.0007,0.9772,0.0,0.0,0.0162,0.0059,0.0,0.0
CT014897,Zone_02,Zone_02,0.9952,0.0,0.9952,0.0048,0.0,0.0,0.0,0.0,0.0,0.0,0.0
CT015369,Zone_04,Zone_04,0.9999,0.0,0.0,0.0,0.9999,0.0,0.0001,0.0,0.0,0.0,0.0
CT007909,Zone_07,Zone_07,0.7675,0.0,0.0,0.0001,0.0343,0.0103,0.0005,0.7675,0.1873,0.0,0.0001
CT004324,Zone_02,Zone_02,0.9942,0.0,0.9942,0.0,0.0,0.0,0.0,0.0,0.0,0.0,0.0058
CT010619,Zone_10,Zone_10,1.0,0.0,0.0,0.0,0.0,0.0,0.0,0.0,0.0,0.0,1.0
CT001470,Zone_03,Zone_03,1.0,0.0,0.0,1.0,0.0,0.0,0.0,0.0,0.0,0.0,0.0
CT010118,Zone_07,Zone_07,0.7996,0.0,0.0,0.0001,0.0136,0.0079,0.001,0.7996,0.1777,0.0,0.0001
CT018889,Zone_07,Zone_08,0.7449,0.0,0.0,0.0,0.0001,0.0,0.0006,0.2544,0.7449,0.0,0.0
CT011819,Zone_02,Zone_02,0.99,0.0,0.99,0.01,0.0,0.0,0.0,0.0,0.0,0.0,0.0
CT015456,Zone_10,Zone_10,1.0,0.0,0.0,0.0,0.0,0.0,0.0,0.0,0.0,0.0,1.0
CT005530,Zone_07,Zone_07,0.9642,0.0,0.0,0.0,0.0046,0.0,0.0105,0.9642,0.0207,0.0,0.0
CT012530,Zone_03,Zone_03,1.0,0.0,0.0,1.0,0.0,0.0,0.0,0.0,0.0,0.0,0.0
CT018439,Zone_01,Zone_01,1.0,1.0,0.0,0.0,0.0,0.0,0.0,0.0,0.0,0.0,0.0
CT018205,Zone_02,Zone_02,1.0,0.0,1.0,0.0,0.0,0.0,0.0,0.0,0.0,0.0,0.0
CT013811,Zone_03,Zone_03,1.0,0.0,0.0,1.0,0.0,0.0,0.0,0.0,0.0,0.0,0.0
CT015936,Zone_02,Zone_02,1.0,0.0,1.0,0.0,0.0,0.0,0.0,0.0,0.0,0.0,0.0
CT009280,Zone_06,Zone_06,0.9975,0.0,0.0,0.0,0.0,0.0,0.9975,0.0025,0.0,0.0,0.0
CT005521,Zone_08,Zone_08,0.9758,0.0,0.0001,0.0001,0.0073,0.0002,0.0003,0.0163,0.9758,0.0,0.0
CT002708,Zone_01,Zone_01,1.0,1.0,0.0,0.0,0.0,0.0,0.0,0.0,0.0,0.0,0.0
CT002961,Zone_07,Zone_07,0.9444,0.0,0.0,0.0,0.0047,0.0,0.0197,0.9444,0.0311,0.0,0.0001
CT001105,Zone_03,Zone_03,1.0,0.0,0.0,1.0,0.0,0.0,0.0,0.0,0.0,0.0,0.0
CT008819,Zone_07,Zone_07,0.9431,0.0,0.0,0.0,0.0001,0.0,0.0101,0.9431,0.0466,0.0,0.0001
CT011881,Zone_07,Zone_08,0.7599,0.0,0.0,0.0,0.0003,0.0,0.0007,0.2391,0.7599,0.0,0.0
CT003407,Zone_07,Zone_07,0.809,0.0,0.0,0.0003,0.0256,0.0004,0.0,0.809,0.1646,0.0,0.0001
CT014653,Zone_08,Zone_08,0.9725,0.0,0.0001,0.0001,0.0039,0.0081,0.0003,0.0151,0.9725,0.0,0.0
CT007037,Zone_03,Zone_03,1.0,0.0,0.0,1.0,0.0,0.0,0.0,0.0,0.0,0.0,0.0
CT002597,Zone_03,Zone_03,0.9999,0.0,0.0001,0.9999,0.0,0.0,0.0,0.0,0.0,0.0,0.0
CT017198,Zone_04,Zone_04,0.9813,0.0001,0.0001,0.0003,0.9813,0.0001,0.0004,0.0097,0.0079,0.0,0.0
CT013197,Zone_07,Zone_07,0.9237,0.0,0.0,0.0,0.0069,0.0001,0.0558,0.9237,0.0136,0.0,0.0
CT017113,Zone_02,Zone_02,1.0,0.0,1.0,0.0,0.0,0.0,0.0,0.0,0.0,0.0,0.0
CT006454,Zone_04,Zone_04,0.9944,0.0,0.0,0.0,0.9944,0.0,0.0001,0.0048,0.0008,0.0,0.0
CT011416,Zone_07,Zone_07,0.9633,0.0,0.0,0.0,0.0076,0.0005,0.008,0.9633,0.0205,0.0,0.0001
CT012162,Zone_08,Zone_08,0.7362,0.0,0.0,0.0,0.0001,0.0,0.0001,0.2636,0.7362,0.0,0.0
CT007500,Zone_02,Zone_02,1.0,0.0,1.0,0.0,0.0,0.0,0.0,0.0,0.0,0.0,0.0
CT003778,Zone_02,Zone_02,1.0,0.0,1.0,0.0,0.0,0.0,0.0,0.0,0.0,0.0,0.0
CT009230,Zone_05,Zone_05,1.0,0.0,0.0,0.0,0.0,1.0,0.0,0.0,0.0,0.0,0.0
CT002791,Zone_07,Zone_07,0.8755,0.0,0.0,0.0,0.0034,0.0001,0.1143,0.8755,0.0068,0.0,0.0
CT017436,Zone_07,Zone_07,0.7864,0.0,0.0,0.0,0.0034,0.0001,0.2017,0.7864,0.0081,0.0,0.0002
CT017904,Zone_01,Zone_01,1.0,1.0,0.0,0.0,0.0,0.0,0.0,0.0,0.0,0.0,0.0
CT010949,Zone_08,Zone_08,0.9668,0.0,0.0,0.0,0.0038,0.0085,0.0,0.0209,0.9668,0.0,0.0
CT010544,Zone_07,Zone_07,0.962,0.0,0.0,0.0,0.0036,0.0,0.0089,0.962,0.0254,0.0,0.0001
CT010939,Zone_05,Zone_05,0.99,0.0,0.0,0.0,0.01,0.99,0.0,0.0,0.0,0.0,0.0
CT003875,Zone_09,Zone_09,1.0,0.0,0.0,0.0,0.0,0.0,0.0,0.0,0.0,1.0,0.0
CT016779,Zone_07,Zone_07,0.7869,0.0,0.0,0.0001,0.0244,0.0105,0.0005,0.7869,0.1776,0.0,0.0001
CT016571,Zone_07,Zone_08,0.6726,0.0,0.0,0.0,0.001,0.0,0.0001,0.3263,0.6726,0.0,0.0
CT011190,Zone_04,Zone_04,0.9896,0.0,0.0,0.0001,0.9896,0.0,0.0,0.0036,0.0067,0.0,0.0
CT016864,Zone_03,Zone_03,1.0,0.0,0.0,1.0,0.0,0.0,0.0,0.0,0.0,0.0,0.0
CT015672,Zone_02,Zone_02,0.9944,0.0,0.9944,0.0056,0.0,0.0,0.0,0.0,0.0,0.0,0.0
CT014618,Zone_08,Zone_08,0.7619,0.0,0.0,0.0,0.0001,0.0,0.0001,0.2379,0.7619,0.0,0.0
CT010551,Zone_06,Zone_06,0.9984,0.0,0.0,0.0,0.0,0.0,0.9984,0.0016,0.0,0.0,0.0
CT006706,Zone_08,Zone_08,0.9637,0.0,0.0001,0.0001,0.0038,0.0081,0.0003,0.0239,0.9637,0.0,0.0
CT018788,Zone_02,Zone_02,0.9965,0.0,0.9965,0.0035,0.0,0.0,0.0,0.0,0.0,0.0,0.0
CT003040,Zone_08,Zone_08,0.7132,0.0,0.0,0.0,0.0001,0.0,0.0006,0.2861,0.7132,0.0,0.0
CT009689,Zone_03,Zone_03,0.9956,0.0,0.0044,0.9956,0.0,0.0,0.0,0.0,0.0,0.0,0.0
CT019161,Zone_07,Zone_07,0.7534,0.0,0.0,0.0005,0.0289,0.0013,0.0005,0.7534,0.2154,0.0,0.0001
CT006973,Zone_04,Zone_04,0.9751,0.0,0.0083,0.0002,0.9751,0.0001,0.0002,0.014,0.0022,0.0,0.0
CT012087,Zone_07,Zone_08,0.619,0.0,0.0,0.0,0.0003,0.0003,0.0002,0.3802,0.619,0.0,0.0
CT004257,Zone_02,Zone_02,0.9952,0.0,0.9952,0.0048,0.0,0.0,0.0,0.0,0.0,0.0,0.0
CT015185,Zone_10,Zone_10,1.0,0.0,0.0,0.0,0.0,0.0,0.0,0.0,0.0,0.0,1.0
CT018669,Zone_07,Zone_08,0.7337,0.0,0.0,0.0,0.0001,0.0,0.0002,0.266,0.7337,0.0,0.0
CT010542,Zone_08,Zone_08,0.9749,0.0,0.0001,0.0,0.0039,0.0081,0.0003,0.0128,0.9749,0.0,0.0
CT009204,Zone_04,Zone_04,0.989,0.0,0.0,0.0001,0.989,0.0,0.0,0.0104,0.0004,0.0,0.0
CT002835,Zone_08,Zone_08,0.6662,0.0,0.0,0.0,0.0001,0.0,0.0007,0.333,0.6662,0.0,0.0
CT015217,Zone_08,Zone_08,0.967,0.0,0.0,0.0,0.0054,0.0006,0.0,0.0271,0.967,0.0,0.0
CT012787,Zone_08,Zone_08,0.6687,0.0,0.0,0.0,0.0002,0.0,0.0009,0.3301,0.6687,0.0,0.0
CT003523,Zone_03,Zone_03,0.9956,0.0,0.0044,0.9956,0.0,0.0,0.0,0.0,0.0,0.0,0.0
CT013937,Zone_07,Zone_07,0.8412,0.0,0.0,0.0,0.0051,0.0,0.1393,0.8412,0.0142,0.0,0.0002
CT002830,Zone_08,Zone_08,0.7257,0.0,0.0,0.0,0.0001,0.0,0.0007,0.2734,0.7257,0.0,0.0
CT011152,Zone_03,Zone_03,0.9959,0.0,0.0,0.9959,0.0041,0.0,0.0,0.0,0.0,0.0,0.0
CT009923,Zone_08,Zone_08,0.7266,0.0,0.0,0.0,0.0002,0.0,0.0002,0.2729,0.7266,0.0,0.0
CT017358,Zone_07,Zone_07,0.7601,0.0,0.0,0.0001,0.0188,0.0007,0.0004,0.7601,0.2198,0.0,0.0001
CT000890,Zone_08,Zone_08,0.5828,0.0,0.0,0.0,0.0001,0.0003,0.0007,0.416,0.5828,0.0,0.0
CT007180,Zone_04,Zone_04,0.9913,0.0,0.0,0.0001,0.9913,0.0,0.0,0.0031,0.0055,0.0,0.0
CT001904,Zone_03,Zone_03,0.99,0.01,0.0,0.99,0.0,0.0,0.0,0.0,0.0,0.0,0.0
CT002714,Zone_03,Zone_03,1.0,0.0,0.0,1.0,0.0,0.0,0.0,0.0,0.0,0.0,0.0
CT015659,Zone_07,Zone_08,0.6398,0.0,0.0,0.0,0.0005,0.0003,0.0002,0.3592,0.6398,0.0,0.0
CT009245,Zone_05,Zone_05,0.9839,0.0,0.0,0.0,0.0135,0.9839,0.0,0.0,0.0026,0.0,0.0
CT016015,Zone_07,Zone_07,0.8112,0.0,0.0,0.0001,0.0143,0.0005,0.0008,0.8112,0.173,0.0,0.0001
CT002379,Zone_03,Zone_03,0.9945,0.0,0.0055,0.9945,0.0,0.0,0.0,0.0,0.0,0.0,0.0
CT018387,Zone_10,Zone_10,1.0,0.0,0.0,0.0,0.0,0.0,0.0,0.0,0.0,0.0,1.0
CT002482,Zone_04,Zone_04,0.9672,0.0001,0.0001,0.0042,0.9672,0.0021,0.0004,0.0124,0.0079,0.0055,0.0
CT011149,Zone_03,Zone_03,1.0,0.0,0.0,1.0,0.0,0.0,0.0,0.0,0.0,0.0,0.0
CT017032,Zone_02,Zone_02,0.9948,0.0,0.9948,0.0052,0.0,0.0,0.0,0.0,0.0,0.0,0.0
CT004276,Zone_02,Zone_02,0.9954,0.0046,0.9954,0.0,0.0,0.0,0.0,0.0,0.0,0.0,0.0
CT012378,Zone_07,Zone_07,0.9339,0.0,0.0,0.0,0.0034,0.0001,0.056,0.9339,0.0066,0.0,0.0
CT014789,Zone_08,Zone_08,0.9831,0.0,0.0001,0.0,0.0038,0.0001,0.0003,0.0125,0.9831,0.0,0.0
CT017197,Zone_07,Zone_07,0.7427,0.0,0.0,0.0001,0.0104,0.0004,0.0002,0.7427,0.2461,0.0,0.0001
CT000882,Zone_08,Zone_08,0.6579,0.0,0.0,0.0,0.0001,0.0,0.0007,0.3412,0.6579,0.0,0.0
CT018101,Zone_05,Zone_05,0.9961,0.0,0.0,0.0,0.0013,0.9961,0.0,0.0021,0.0005,0.0,0.0
CT014848,Zone_08,Zone_08,0.9805,0.0,0.0001,0.0,0.0079,0.0001,0.001,0.0104,0.9805,0.0,0.0
CT002860,Zone_08,Zone_08,0.9776,0.0,0.0001,0.0001,0.0073,0.0002,0.0,0.0148,0.9776,0.0,0.0
CT005873,Zone_03,Zone_03,1.0,0.0,0.0,1.0,0.0,0.0,0.0,0.0,0.0,0.0,0.0
CT012775,Zone_08,Zone_08,0.9712,0.0,0.0001,0.0001,0.0039,0.0081,0.0003,0.0163,0.9712,0.0,0.0
CT013998,Zone_08,Zone_08,0.9703,0.0,0.0,0.0001,0.0038,0.0001,0.0003,0.0255,0.9703,0.0,0.0
CT011710,Zone_08,Zone_08,0.686,0.0,0.0,0.0,0.0001,0.0,0.0007,0.3132,0.686,0.0,0.0
CT012212,Zone_02,Zone_02,0.998,0.002,0.998,0.0,0.0,0.0,0.0,0.0,0.0,0.0,0.0
CT015259,Zone_01,Zone_01,1.0,1.0,0.0,0.0,0.0,0.0,0.0,0.0,0.0,0.0,0.0
CT006324,Zone_03,Zone_03,0.9892,0.0,0.0076,0.9892,0.0032,0.0,0.0,0.0,0.0,0.0,0.0
CT012344,Zone_07,Zone_07,0.894,0.0,0.0,0.0,0.0035,0.0001,0.096,0.894,0.0062,0.0,0.0002
CT010889,Zone_05,Zone_05,1.0,0.0,0.0,0.0,0.0,1.0,0.0,0.0,0.0,0.0,0.0
CT017481,Zone_08,Zone_08,0.9837,0.0,0.0001,0.0,0.0038,0.0001,0.0003,0.0121,0.9837,0.0,0.0
CT007824,Zone_04,Zone_04,0.9822,0.001,0.0001,0.001,0.9822,0.0001,0.0,0.0083,0.0074,0.0,0.0
CT013144,Zone_07,Zone_07,0.9564,0.0,0.0,0.0,0.0015,0.0,0.004,0.9564,0.038,0.0,0.0001
CT003455,Zone_09,Zone_09,0.9999,0.0,0.0,0.0,0.0,0.0,0.0,0.0,0.0,0.9999,0.0001
CT010675,Zone_10,Zone_10,1.0,0.0,0.0,0.0,0.0,0.0,0.0,0.0,0.0,0.0,1.0
CT006195,Zone_02,Zone_02,1.0,0.0,1.0,0.0,0.0,0.0,0.0,0.0,0.0,0.0,0.0
CT001989,Zone_10,Zone_10,1.0,0.0,0.0,0.0,0.0,0.0,0.0,0.0,0.0,0.0,1.0
CT014022,Zone_04,Zone_04,0.9864,0.0001,0.0001,0.0003,0.9864,0.0001,0.0004,0.0057,0.0069,0.0,0.0
CT000930,Zone_08,Zone_08,0.6991,0.0,0.0,0.0,0.0042,0.0,0.0001,0.2966,0.6991,0.0,0.0
CT017027,Zone_06,Zone_06,0.9975,0.0,0.0,0.0,0.0,0.0,0.9975,0.0025,0.0,0.0,0.0
CT007438,Zone_04,Zone_04,0.9955,0.0,0.0,0.0001,0.9955,0.0,0.0,0.0035,0.0009,0.0,0.0
CT008217,Zone_07,Zone_07,0.9337,0.0,0.0,0.0,0.0084,0.0001,0.0456,0.9337,0.0123,0.0,0.0
CT007723,Zone_02,Zone_02,0.9952,0.0,0.9952,0.0048,0.0,0.0,0.0,0.0,0.0,0.0,0.0
CT005587,Zone_07,Zone_07,0.7631,0.0,0.0,0.0,0.0143,0.008,0.0005,0.7631,0.2141,0.0,0.0001
CT011684,Zone_10,Zone_10,1.0,0.0,0.0,0.0,0.0,0.0,0.0,0.0,0.0,0.0,1.0
CT002374,Zone_04,Zone_04,0.9817,0.007,0.0001,0.001,0.9817,0.0001,0.0002,0.0029,0.0071,0.0,0.0
CT010522,Zone_07,Zone_07,0.9763,0.0,0.0,0.0,0.0001,0.0,0.0078,0.9763,0.0157,0.0,0.0001
CT010355,Zone_08,Zone_08,0.972,0.0,0.0001,0.0001,0.0085,0.0002,0.0003,0.0189,0.972,0.0,0.0
CT000041,Zone_08,Zone_08,0.9795,0.0,0.0001,0.0001,0.004,0.0006,0.0,0.0157,0.9795,0.0,0.0
CT009238,Zone_07,Zone_08,0.6429,0.0,0.0,0.0,0.001,0.0,0.0006,0.3555,0.6429,0.0,0.0
CT015081,Zone_05,Zone_05,1.0,0.0,0.0,0.0,0.0,1.0,0.0,0.0,0.0,0.0,0.0
CT006607,Zone_07,Zone_07,0.9014,0.0,0.0,0.0,0.0064,0.0001,0.0839,0.9014,0.0081,0.0,0.0002
CT008459,Zone_07,Zone_08,0.5474,0.0,0.0,0.0,0.002,0.0,0.0036,0.447,0.5474,0.0,0.0
CT009755,Zone_08,Zone_08,0.7014,0.0,0.0,0.0,0.0001,0.0,0.0007,0.2978,0.7014,0.0,0.0
CT000178,Zone_09,Zone_09,0.9989,0.0,0.0,0.0,0.0,0.0,0.0,0.0011,0.0,0.9989,0.0
CT007044,Zone_04,Zone_04,0.9695,0.0,0.0001,0.0,0.9695,0.0001,0.0003,0.0204,0.0096,0.0,0.0
CT011262,Zone_07,Zone_07,0.9043,0.0,0.0,0.0,0.0029,0.0,0.084,0.9043,0.0088,0.0,0.0
CT008358,Zone_03,Zone_03,1.0,0.0,0.0,1.0,0.0,0.0,0.0,0.0,0.0,0.0,0.0
CT003101,Zone_10,Zone_10,1.0,0.0,0.0,0.0,0.0,0.0,0.0,0.0,0.0,0.0,1.0
CT009349,Zone_08,Zone_08,0.7184,0.0,0.0,0.0,0.0001,0.0,0.0002,0.2813,0.7184,0.0,0.0
CT005311,Zone_08,Zone_08,0.9745,0.0,0.0,0.0001,0.0091,0.0001,0.001,0.0152,0.9745,0.0,0.0
CT003878,Zone_10,Zone_10,1.0,0.0,0.0,0.0,0.0,0.0,0.0,0.0,0.0,0.0,1.0
CT007244,Zone_06,Zone_07,0.8512,0.0,0.0,0.0,0.0001,0.0,0.1367,0.8512,0.0119,0.0,0.0002
CT005176,Zone_02,Zone_02,1.0,0.0,1.0,0.0,0.0,0.0,0.0,0.0,0.0,0.0,0.0
CT004381,Zone_07,Zone_07,0.5575,0.0,0.0001,0.0001,0.0617,0.0269,0.0027,0.5575,0.3434,0.0,0.0075
CT005124,Zone_07,Zone_07,0.7874,0.0,0.0,0.0001,0.03,0.0005,0.0009,0.7874,0.1809,0.0,0.0001
CT018221,Zone_08,Zone_08,0.5197,0.0,0.0002,0.0,0.0001,0.0,0.0002,0.4797,0.5197,0.0,0.0
CT012946,Zone_08,Zone_08,0.9803,0.0,0.0001,0.0,0.008,0.0001,0.001,0.0105,0.9803,0.0,0.0
CT016960,Zone_01,Zone_01,1.0,1.0,0.0,0.0,0.0,0.0,0.0,0.0,0.0,0.0,0.0
CT019726,Zone_07,Zone_07,0.7228,0.0,0.0,0.0001,0.0287,0.0005,0.0005,0.7228,0.2472,0.0,0.0001
CT006830,Zone_07,Zone_07,0.9628,0.0,0.0,0.0,0.0047,0.0,0.0018,0.9628,0.0306,0.0,0.0001
CT005721,Zone_07,Zone_07,0.9571,0.0,0.0,0.0,0.003,0.0,0.003,0.9571,0.0369,0.0,0.0
CT006154,Zone_04,Zone_04,0.9934,0.0,0.0,0.0,0.9934,0.0,0.0004,0.0062,0.0,0.0,0.0
CT016577,Zone_02,Zone_02,1.0,0.0,1.0,0.0,0.0,0.0,0.0,0.0,0.0,0.0,0.0
CT017948,Zone_07,Zone_07,0.7758,0.0,0.0,0.0001,0.0228,0.0003,0.0003,0.7758,0.1996,0.0,0.001
CT014479,Zone_02,Zone_02,0.9954,0.0,0.9954,0.0046,0.0,0.0,0.0,0.0,0.0,0.0,0.0
CT018457,Zone_07,Zone_07,0.9755,0.0,0.0,0.0,0.0001,0.0,0.0096,0.9755,0.0147,0.0,0.0001
CT016194,Zone_07,Zone_07,0.9698,0.0,0.0,0.0,0.0002,0.0,0.0024,0.9698,0.0275,0.0,0.0001
CT000449,Zone_02,Zone_02,1.0,0.0,1.0,0.0,0.0,0.0,0.0,0.0,0.0,0.0,0.0
CT014471,Zone_04,Zone_04,0.9938,0.0,0.0,0.0007,0.9938,0.0,0.0,0.0035,0.002,0.0,0.0
CT013607,Zone_02,Zone_02,0.9963,0.0,0.9963,0.0037,0.0,0.0,0.0,0.0,0.0,0.0,0.0
CT002325,Zone_04,Zone_04,0.9814,0.0001,0.0001,0.0002,0.9814,0.0001,0.0005,0.0098,0.0078,0.0,0.0
CT012478,Zone_07,Zone_07,0.795,0.0,0.0,0.0001,0.0166,0.0004,0.0006,0.795,0.1873,0.0,0.0001
CT001504,Zone_08,Zone_08,0.9673,0.0,0.0001,0.0001,0.0085,0.0002,0.0003,0.0236,0.9673,0.0,0.0
CT005857,Zone_08,Zone_08,0.6923,0.0,0.0,0.0,0.0001,0.0,0.0008,0.3068,0.6923,0.0,0.0
CT016111,Zone_07,Zone_07,0.8518,0.0,0.0,0.0,0.0029,0.0,0.1443,0.8518,0.001,0.0,0.0
CT016031,Zone_06,Zone_06,0.9984,0.0,0.0,0.0,0.0,0.0,0.9984,0.0016,0.0,0.0,0.0
CT000905,Zone_10,Zone_10,1.0,0.0,0.0,0.0,0.0,0.0,0.0,0.0,0.0,0.0,1.0
CT005943,Zone_03,Zone_03,1.0,0.0,0.0,1.0,0.0,0.0,0.0,0.0,0.0,0.0,0.0
CT012071,Zone_08,Zone_08,0.564,0.0,0.0,0.0,0.0005,0.0003,0.0003,0.435,0.564,0.0,0.0
CT000323,Zone_04,Zone_04,0.9955,0.0,0.0,0.0,0.9955,0.0,0.0,0.0035,0.001,0.0,0.0
CT001157,Zone_02,Zone_02,0.99,0.0,0.99,0.0,0.01,0.0,0.0,0.0,0.0,0.0,0.0
CT005493,Zone_04,Zone_04,0.9656,0.0,0.0001,0.0103,0.9656,0.0001,0.0002,0.0156,0.0081,0.0,0.0
CT007378,Zone_10,Zone_10,1.0,0.0,0.0,0.0,0.0,0.0,0.0,0.0,0.0,0.0,1.0
CT003482,Zone_08,Zone_08,0.6864,0.0,0.0,0.0,0.001,0.0,0.0001,0.3125,0.6864,0.0,0.0
CT019914,Zone_07,Zone_07,0.9682,0.0,0.0,0.0,0.0001,0.0,0.0106,0.9682,0.021,0.0,0.0001
CT003835,Zone_04,Zone_04,0.9879,0.0,0.0,0.0,0.9879,0.0,0.0004,0.0109,0.0008,0.0,0.0
CT002007,Zone_08,Zone_08,0.9731,0.0,0.0,0.0,0.0073,0.0006,0.0,0.019,0.9731,0.0,0.0
CT016549,Zone_01,Zone_01,0.9934,0.9934,0.0,0.0,0.0066,0.0,0.0,0.0,0.0,0.0,0.0
CT013072,Zone_03,Zone_03,1.0,0.0,0.0,1.0,0.0,0.0,0.0,0.0,0.0,0.0,0.0
CT013545,Zone_03,Zone_03,0.9952,0.0,0.0048,0.9952,0.0,0.0,0.0,0.0,0.0,0.0,0.0
CT003928,Zone_07,Zone_07,0.9238,0.0,0.0,0.0,0.0034,0.0001,0.0652,0.9238,0.0075,0.0,0.0
CT008150,Zone_03,Zone_03,0.9952,0.0,0.0048,0.9952,0.0,0.0,0.0,0.0,0.0,0.0,0.0
CT019775,Zone_02,Zone_02,1.0,0.0,1.0,0.0,0.0,0.0,0.0,0.0,0.0,0.0,0.0
CT000945,Zone_08,Zone_08,0.9758,0.0,0.0001,0.0001,0.0072,0.0002,0.0003,0.0164,0.9758,0.0,0.0
CT007564,Zone_08,Zone_08,0.9806,0.0,0.0001,0.0,0.0085,0.0006,0.0,0.0103,0.9806,0.0,0.0
CT012491,Zone_02,Zone_02,0.9944,0.0,0.9944,0.0056,0.0,0.0,0.0,0.0,0.0,0.0,0.0
CT018986,Zone_08,Zone_08,0.9717,0.0,0.0001,0.0001,0.0037,0.0081,0.001,0.0152,0.9717,0.0,0.0
CT017214,Zone_10,Zone_10,1.0,0.0,0.0,0.0,0.0,0.0,0.0,0.0,0.0,0.0,1.0
CT007687,Zone_08,Zone_08,0.9748,0.0,0.0001,0.0001,0.0038,0.0081,0.0003,0.0128,0.9748,0.0,0.0
CT018863,Zone_06,Zone_06,0.9938,0.0,0.0,0.0,0.0,0.0,0.9938,0.0062,0.0,0.0,0.0
CT012421,Zone_04,Zone_04,0.9935,0.0,0.0,0.0,0.9935,0.0,0.0003,0.0062,0.0,0.0,0.0
CT013254,Zone_04,Zone_04,0.9664,0.0,0.0001,0.0002,0.9664,0.0001,0.0003,0.022,0.0109,0.0,0.0
CT005430,Zone_07,Zone_08,0.6634,0.0,0.0,0.0,0.0001,0.0,0.0045,0.3281,0.6634,0.0038,0.0
CT008873,Zone_02,Zone_02,1.0,0.0,1.0,0.0,0.0,0.0,0.0,0.0,0.0,0.0,0.0
CT002859,Zone_07,Zone_07,0.9412,0.0,0.0,0.0,0.0001,0.0,0.0126,0.9412,0.0459,0.0,0.0001
CT015523,Zone_08,Zone_08,0.9756,0.0,0.0001,0.0001,0.0082,0.0002,0.0003,0.0156,0.9756,0.0,0.0
CT006790,Zone_07,Zone_07,0.8794,0.0,0.0,0.0,0.0034,0.0001,0.1109,0.8794,0.0063,0.0,0.0
CT012756,Zone_07,Zone_07,0.9622,0.0,0.0,0.0,0.0061,0.0,0.0146,0.9622,0.017,0.0,0.0001
CT005995,Zone_07,Zone_07,0.7843,0.0,0.0,0.0001,0.0094,0.0009,0.0003,0.7843,0.2048,0.0,0.0001
CT001852,Zone_06,Zone_06,0.9884,0.0,0.0,0.0,0.0,0.0,0.9884,0.0116,0.0,0.0,0.0
CT011924,Zone_07,Zone_07,0.9704,0.0,0.0,0.0,0.0065,0.0004,0.0032,0.9704,0.0195,0.0,0.0
CT012657,Zone_01,Zone_01,1.0,1.0,0.0,0.0,0.0,0.0,0.0,0.0,0.0,0.0,0.0
CT005069,Zone_04,Zone_04,0.9928,0.0,0.0,0.0001,0.9928,0.0,0.001,0.006,0.0001,0.0,0.0
CT011977,Zone_02,Zone_02,0.9943,0.0,0.9943,0.0057,0.0,0.0,0.0,0.0,0.0,0.0,0.0
CT006246,Zone_03,Zone_03,0.9896,0.0,0.0085,0.9896,0.0019,0.0,0.0,0.0,0.0,0.0,0.0
CT006507,Zone_10,Zone_10,1.0,0.0,0.0,0.0,0.0,0.0,0.0,0.0,0.0,0.0,1.0
CT005162,Zone_10,Zone_10,1.0,0.0,0.0,0.0,0.0,0.0,0.0,0.0,0.0,0.0,1.0
CT014491,Zone_07,Zone_07,0.9581,0.0,0.0,0.0,0.006,0.0,0.0062,0.9581,0.0297,0.0,0.0
CT013325,Zone_08,Zone_08,0.6428,0.0,0.0,0.0,0.0001,0.0,0.0003,0.3567,0.6428,0.0,0.0
CT007179,Zone_06,Zone_06,0.9975,0.0,0.0,0.0,0.0,0.0,0.9975,0.0025,0.0,0.0,0.0
CT011619,Zone_04,Zone_04,0.9999,0.0,0.0,0.0001,0.9999,0.0,0.0001,0.0,0.0,0.0,0.0
CT007146,Zone_08,Zone_08,0.6556,0.0,0.0,0.0,0.0001,0.0,0.0003,0.3439,0.6556,0.0,0.0
CT011566,Zone_08,Zone_08,0.9793,0.0,0.0001,0.0001,0.0038,0.0002,0.001,0.0155,0.9793,0.0,0.0
CT007972,Zone_03,Zone_03,0.9952,0.0,0.0048,0.9952,0.0,0.0,0.0,0.0,0.0,0.0,0.0
CT015265,Zone_01,Zone_01,1.0,1.0,0.0,0.0,0.0,0.0,0.0,0.0,0.0,0.0,0.0
CT007331,Zone_01,Zone_01,1.0,1.0,0.0,0.0,0.0,0.0,0.0,0.0,0.0,0.0,0.0
CT005894,Zone_07,Zone_07,0.8682,0.0,0.0,0.0,0.0034,0.0001,0.1211,0.8682,0.007,0.0,0.0002
CT005198,Zone_04,Zone_04,0.9955,0.0,0.0,0.0001,0.9955,0.0,0.0,0.0035,0.0009,0.0,0.0
CT017210,Zone_08,Zone_08,0.708,0.0,0.0,0.0,0.0001,0.0,0.0018,0.29,0.708,0.0,0.0
CT013403,Zone_05,Zone_05,0.9974,0.0,0.0,0.0,0.0,0.9974,0.0,0.0021,0.0005,0.0,0.0
CT018621,Zone_01,Zone_01,1.0,1.0,0.0,0.0,0.0,0.0,0.0,0.0,0.0,0.0,0.0
CT017965,Zone_08,Zone_08,0.9807,0.0,0.0001,0.0001,0.0038,0.0002,0.0003,0.015,0.9807,0.0,0.0
CT018602,Zone_04,Zone_04,0.9733,0.0,0.0,0.0037,0.9733,0.0001,0.0002,0.0197,0.003,0.0,0.0
CT003222,Zone_07,Zone_07,0.9755,0.0,0.0002,0.0,0.0001,0.0,0.0094,0.9755,0.0148,0.0,0.0001
CT009428,Zone_08,Zone_08,0.9788,0.0,0.0001,0.0001,0.0038,0.0002,0.001,0.016,0.9788,0.0,0.0
CT014465,Zone_07,Zone_07,0.9715,0.0,0.0,0.0,0.0001,0.0,0.0039,0.9715,0.0243,0.0,0.0001
CT007358,Zone_03,Zone_03,0.9936,0.0,0.0064,0.9936,0.0,0.0,0.0,0.0,0.0,0.0,0.0
CT017757,Zone_05,Zone_05,1.0,0.0,0.0,0.0,0.0,1.0,0.0,0.0,0.0,0.0,0.0
CT015760,Zone_04,Zone_04,0.9848,0.0,0.0,0.0001,0.9848,0.0,0.0004,0.0148,0.0,0.0,0.0
CT014915,Zone_02,Zone_02,0.9907,0.0,0.9907,0.0093,0.0,0.0,0.0,0.0,0.0,0.0,0.0
CT009571,Zone_03,Zone_03,0.9956,0.0,0.0044,0.9956,0.0,0.0,0.0,0.0,0.0,0.0,0.0
CT003249,Zone_07,Zone_07,0.9058,0.0,0.0,0.0,0.0074,0.0001,0.0801,0.9058,0.0066,0.0,0.0002
CT008509,Zone_10,Zone_10,0.9994,0.0,0.0006,0.0,0.0,0.0,0.0,0.0,0.0,0.0,0.9994
CT000005,Zone_03,Zone_03,1.0,0.0,0.0,1.0,0.0,0.0,0.0,0.0,0.0,0.0,0.0
CT018746,Zone_06,Zone_06,0.9949,0.0,0.0,0.0,0.0,0.0,0.9949,0.0051,0.0,0.0,0.0
CT007792,Zone_07,Zone_07,0.7816,0.0,0.0,0.0001,0.023,0.0006,0.0001,0.7816,0.1945,0.0,0.0001
CT002166,Zone_04,Zone_04,0.9999,0.0,0.0,0.0001,0.9999,0.0,0.0001,0.0,0.0,0.0,0.0
CT006509,Zone_08,Zone_08,0.7418,0.0,0.0,0.0,0.0001,0.0,0.0002,0.2578,0.7418,0.0,0.0
CT019399,Zone_07,Zone_07,0.9244,0.0,0.0,0.0,0.0034,0.0001,0.0585,0.9244,0.0136,0.0,0.0
CT010696,Zone_03,Zone_03,0.9915,0.0,0.0085,0.9915,0.0,0.0,0.0,0.0,0.0,0.0,0.0
CT016010,Zone_08,Zone_08,0.7605,0.0,0.0,0.0,0.0001,0.0,0.0007,0.2386,0.7605,0.0,0.0
CT015749,Zone_07,Zone_07,0.7595,0.0,0.0,0.0001,0.011,0.0007,0.0002,0.7595,0.2283,0.0,0.0001
CT002380,Zone_08,Zone_08,0.5228,0.0,0.0002,0.0,0.0001,0.0,0.0002,0.4767,0.5228,0.0,0.0
CT007380,Zone_04,Zone_04,0.9954,0.0,0.0,0.0001,0.9954,0.0,0.0,0.0036,0.0009,0.0,0.0
CT003431,Zone_07,Zone_07,0.6839,0.0,0.0,0.0,0.0167,0.0013,0.0002,0.6839,0.2977,0.0,0.0001
CT010648,Zone_07,Zone_07,0.9757,0.0,0.0,0.0,0.0047,0.0,0.0017,0.9757,0.0178,0.0,0.0001
CT009684,Zone_04,Zone_04,0.9935,0.0,0.0,0.0,0.9935,0.0,0.0003,0.0062,0.0,0.0,0.0
CT004369,Zone_03,Zone_03,1.0,0.0,0.0,1.0,0.0,0.0,0.0,0.0,0.0,0.0,0.0
CT006612,Zone_04,Zone_04,0.9692,0.0,0.0,0.0007,0.9692,0.0001,0.0003,0.0249,0.005,0.0,0.0
CT019460,Zone_04,Zone_04,0.9906,0.0,0.0,0.0,0.9906,0.0,0.0001,0.0048,0.0045,0.0,0.0
CT011226,Zone_04,Zone_04,0.9814,0.0001,0.0001,0.0002,0.9814,0.0001,0.0004,0.0097,0.0079,0.0,0.0
CT006155,Zone_08,Zone_08,0.9707,0.0,0.0001,0.0001,0.0085,0.0002,0.0003,0.0202,0.9707,0.0,0.0
CT004464,Zone_10,Zone_10,1.0,0.0,0.0,0.0,0.0,0.0,0.0,0.0,0.0,0.0,1.0
CT017139,Zone_08,Zone_08,0.7333,0.0,0.0,0.0,0.0001,0.0,0.0006,0.266,0.7333,0.0,0.0
CT009782,Zone_07,Zone_07,0.7979,0.0,0.0,0.0,0.024,0.0004,0.0001,0.7979,0.1775,0.0,0.0001
CT008926,Zone_08,Zone_08,0.9782,0.0,0.0001,0.0001,0.0073,0.0002,0.0,0.0142,0.9782,0.0,0.0
CT002224,Zone_01,Zone_01,1.0,1.0,0.0,0.0,0.0,0.0,0.0,0.0,0.0,0.0,0.0
CT005660,Zone_07,Zone_07,0.9719,0.0,0.0,0.0,0.0001,0.0,0.0103,0.9719,0.0176,0.0,0.0001
CT007429,Zone_08,Zone_08,0.6666,0.0,0.0,0.0,0.0002,0.0,0.0002,0.333,0.6666,0.0,0.0
CT012020,Zone_01,Zone_01,1.0,1.0,0.0,0.0,0.0,0.0,0.0,0.0,0.0,0.0,0.0
CT007212,Zone_07,Zone_07,0.9716,0.0,0.0,0.0,0.002,0.0,0.0063,0.9716,0.02,0.0,0.0001
CT012522,Zone_07,Zone_07,0.7445,0.0,0.0,0.0001,0.028,0.0005,0.0004,0.7445,0.2264,0.0,0.0001
CT012270,Zone_03,Zone_03,0.9999,0.0,0.0001,0.9999,0.0,0.0,0.0,0.0,0.0,0.0,0.0
CT015148,Zone_10,Zone_10,1.0,0.0,0.0,0.0,0.0,0.0,0.0,0.0,0.0,0.0,1.0
CT018124,Zone_01,Zone_01,1.0,1.0,0.0,0.0,0.0,0.0,0.0,0.0,0.0,0.0,0.0
CT016747,Zone_03,Zone_03,1.0,0.0,0.0,1.0,0.0,0.0,0.0,0.0,0.0,0.0,0.0
CT015415,Zone_04,Zone_04,0.9769,0.0,0.0001,0.0002,0.9769,0.0001,0.0008,0.014,0.0078,0.0,0.0
CT003419,Zone_02,Zone_02,1.0,0.0,1.0,0.0,0.0,0.0,0.0,0.0,0.0,0.0,0.0
CT009333,Zone_05,Zone_05,0.993,0.0,0.0,0.0,0.007,0.993,0.0,0.0,0.0,0.0,0.0
CT000903,Zone_02,Zone_02,1.0,0.0,1.0,0.0,0.0,0.0,0.0,0.0,0.0,0.0,0.0
CT005022,Zone_07,Zone_07,0.8597,0.0,0.0,0.0,0.0084,0.0001,0.1237,0.8597,0.008,0.0,0.0002
CT014665,Zone_02,Zone_02,0.993,0.0,0.993,0.007,0.0,0.0,0.0,0.0,0.0,0.0,0.0
CT019813,Zone_07,Zone_08,0.6603,0.0,0.0,0.0,0.001,0.0003,0.0006,0.3379,0.6603,0.0,0.0
CT018317,Zone_02,Zone_02,0.9998,0.0,0.9998,0.0,0.0002,0.0,0.0,0.0,0.0,0.0,0.0
CT016715,Zone_03,Zone_03,1.0,0.0,0.0,1.0,0.0,0.0,0.0,0.0,0.0,0.0,0.0
CT008803,Zone_03,Zone_03,1.0,0.0,0.0,1.0,0.0,0.0,0.0,0.0,0.0,0.0,0.0
CT000991,Zone_08,Zone_08,0.6739,0.0,0.0,0.0,0.0001,0.0,0.0008,0.3252,0.6739,0.0,0.0
CT001705,Zone_08,Zone_08,0.9746,0.0,0.0001,0.0001,0.008,0.0002,0.001,0.0161,0.9746,0.0,0.0
CT003079,Zone_08,Zone_08,0.7181,0.0,0.0,0.0,0.0001,0.0,0.0007,0.2811,0.7181,0.0,0.0
CT009811,Zone_04,Zone_04,0.9893,0.0,0.0,0.0001,0.9893,0.0,0.0,0.0038,0.0068,0.0,0.0
CT016070,Zone_02,Zone_02,1.0,0.0,1.0,0.0,0.0,0.0,0.0,0.0,0.0,0.0,0.0
CT015931,Zone_07,Zone_08,0.6067,0.0,0.0,0.0,0.0005,0.0,0.0002,0.3926,0.6067,0.0,0.0
CT001996,Zone_07,Zone_07,0.9654,0.0,0.0,0.0,0.0036,0.0,0.0174,0.9654,0.0135,0.0,0.0001
CT006252,Zone_01,Zone_01,1.0,1.0,0.0,0.0,0.0,0.0,0.0,0.0,0.0,0.0,0.0
CT006287,Zone_07,Zone_07,0.7608,0.0,0.0,0.0,0.028,0.0077,0.0002,0.7608,0.2032,0.0,0.0001
CT005405,Zone_08,Zone_07,0.7151,0.0,0.0,0.0001,0.0233,0.0007,0.0005,0.7151,0.2602,0.0,0.0001
CT000031,Zone_07,Zone_07,0.9843,0.0,0.0,0.0,0.0001,0.0,0.0039,0.9843,0.0116,0.0,0.0001
CT009282,Zone_09,Zone_09,0.9999,0.0,0.0,0.0,0.0,0.0,0.0,0.0,0.0,0.9999,0.0001
CT001138,Zone_08,Zone_08,0.9787,0.0,0.0,0.0,0.0038,0.0001,0.001,0.0165,0.9787,0.0,0.0
CT015859,Zone_08,Zone_08,0.7116,0.0,0.0,0.0,0.0001,0.0,0.0007,0.2875,0.7116,0.0,0.0
CT013776,Zone_05,Zone_05,1.0,0.0,0.0,0.0,0.0,1.0,0.0,0.0,0.0,0.0,0.0
CT012900,Zone_04,Zone_04,0.9953,0.0,0.0,0.0003,0.9953,0.0,0.0,0.0035,0.0009,0.0,0.0
CT000759,Zone_02,Zone_02,0.9944,0.0,0.9944,0.0056,0.0,0.0,0.0,0.0,0.0,0.0,0.0
CT012802,Zone_08,Zone_08,0.5999,0.0,0.0,0.0,0.0001,0.0,0.0003,0.3996,0.5999,0.0,0.0
CT019379,Zone_07,Zone_08,0.724,0.0,0.0,0.0,0.0001,0.0,0.0002,0.2756,0.724,0.0,0.0
CT006143,Zone_03,Zone_03,0.9852,0.0,0.0148,0.9852,0.0,0.0,0.0,0.0,0.0,0.0,0.0
CT014097,Zone_07,Zone_07,0.9681,0.0,0.0,0.0,0.0047,0.0,0.0026,0.9681,0.0246,0.0,0.0
CT005151,Zone_08,Zone_08,0.6781,0.0,0.0,0.0,0.0001,0.0,0.0002,0.3215,0.6781,0.0,0.0
CT013412,Zone_04,Zone_04,0.976,0.0062,0.0001,0.0075,0.976,0.0001,0.0002,0.0029,0.0071,0.0,0.0
CT010336,Zone_10,Zone_10,1.0,0.0,0.0,0.0,0.0,0.0,0.0,0.0,0.0,0.0,1.0
CT003780,Zone_10,Zone_10,1.0,0.0,0.0,0.0,0.0,0.0,0.0,0.0,0.0,0.0,1.0
CT018908,Zone_01,Zone_01,1.0,1.0,0.0,0.0,0.0,0.0,0.0,0.0,0.0,0.0,0.0
CT019784,Zone_04,Zone_04,0.9712,0.0,0.0001,0.0004,0.9712,0.0001,0.0003,0.0185,0.0094,0.0,0.0
CT017781,Zone_01,Zone_01,1.0,1.0,0.0,0.0,0.0,0.0,0.0,0.0,0.0,0.0,0.0
CT015502,Zone_10,Zone_10,1.0,0.0,0.0,0.0,0.0,0.0,0.0,0.0,0.0,0.0,1.0
CT005780,Zone_03,Zone_03,0.9933,0.0066,0.0001,0.9933,0.0,0.0,0.0,0.0,0.0,0.0,0.0
CT007980,Zone_08,Zone_08,0.9711,0.0,0.0,0.0001,0.004,0.0081,0.0003,0.0165,0.9711,0.0,0.0
CT019464,Zone_02,Zone_02,1.0,0.0,1.0,0.0,0.0,0.0,0.0,0.0,0.0,0.0,0.0
CT014924,Zone_04,Zone_04,0.9673,0.0,0.0001,0.0007,0.9673,0.0001,0.0001,0.0216,0.0102,0.0,0.0
CT013356,Zone_07,Zone_07,0.8404,0.0,0.0,0.0001,0.0195,0.0009,0.0003,0.8404,0.1387,0.0,0.0001
CT018388,Zone_04,Zone_04,0.9934,0.0,0.0,0.0001,0.9934,0.0,0.0004,0.0062,0.0,0.0,0.0
CT018198,Zone_02,Zone_02,0.9896,0.0,0.9896,0.0104,0.0,0.0,0.0,0.0,0.0,0.0,0.0
CT018395,Zone_04,Zone_04,0.9955,0.0,0.0,0.0001,0.9955,0.0,0.0,0.0035,0.0009,0.0,0.0
CT006788,Zone_07,Zone_08,0.6393,0.0,0.0,0.0,0.0019,0.0,0.0037,0.3551,0.6393,0.0,0.0
CT019905,Zone_07,Zone_07,0.728,0.0,0.0,0.0,0.0207,0.0004,0.0001,0.728,0.2507,0.0,0.0001
CT014401,Zone_03,Zone_03,1.0,0.0,0.0,1.0,0.0,0.0,0.0,0.0,0.0,0.0,0.0
CT001327,Zone_05,Zone_05,0.9974,0.0,0.0,0.0,0.0,0.9974,0.0,0.0021,0.0005,0.0,0.0
CT006470,Zone_07,Zone_07,0.8276,0.0,0.0,0.0,0.0085,0.0001,0.1557,0.8276,0.008,0.0,0.0002
CT014785,Zone_03,Zone_03,1.0,0.0,0.0,1.0,0.0,0.0,0.0,0.0,0.0,0.0,0.0
CT012908,Zone_08,Zone_08,0.7212,0.0,0.0,0.0,0.0001,0.0,0.0007,0.278,0.7212,0.0,0.0
CT007713,Zone_08,Zone_08,0.9759,0.0,0.0001,0.0001,0.008,0.0002,0.0003,0.0155,0.9759,0.0,0.0
CT015216,Zone_08,Zone_08,0.9805,0.0,0.0001,0.0001,0.0038,0.0002,0.0003,0.0151,0.9805,0.0,0.0
CT009329,Zone_02,Zone_02,0.9936,0.0,0.9936,0.0056,0.0008,0.0,0.0,0.0,0.0,0.0,0.0
CT007402,Zone_04,Zone_04,0.9814,0.0001,0.0001,0.0003,0.9814,0.0001,0.0004,0.0097,0.0078,0.0,0.0
CT008044,Zone_08,Zone_08,0.9749,0.0,0.0001,0.0,0.0039,0.0081,0.001,0.012,0.9749,0.0,0.0
CT004985,Zone_04,Zone_04,0.9981,0.0,0.0018,0.0001,0.9981,0.0,0.0001,0.0,0.0,0.0,0.0
CT003653,Zone_04,Zone_04,0.9843,0.0,0.0,0.0001,0.9843,0.0,0.0004,0.0129,0.0024,0.0,0.0
CT011770,Zone_01,Zone_01,1.0,1.0,0.0,0.0,0.0,0.0,0.0,0.0,0.0,0.0,0.0
CT014639,Zone_04,Zone_04,0.9955,0.0,0.0,0.0001,0.9955,0.0,0.0,0.0035,0.0009,0.0,0.0
CT017343,Zone_01,Zone_01,1.0,1.0,0.0,0.0,0.0,0.0,0.0,0.0,0.0,0.0,0.0
CT014870,Zone_04,Zone_04,0.9928,0.0,0.0,0.0001,0.9928,0.0,0.001,0.006,0.0001,0.0,0.0
CT004622,Zone_10,Zone_10,1.0,0.0,0.0,0.0,0.0,0.0,0.0,0.0,0.0,0.0,1.0
CT012448,Zone_08,Zone_08,0.7566,0.0,0.0,0.0,0.0002,0.0003,0.0002,0.2426,0.7566,0.0,0.0
CT017939,Zone_05,Zone_05,1.0,0.0,0.0,0.0,0.0,1.0,0.0,0.0,0.0,0.0,0.0
CT005115,Zone_03,Zone_03,0.9999,0.0,0.0001,0.9999,0.0,0.0,0.0,0.0,0.0,0.0,0.0
CT011065,Zone_01,Zone_01,1.0,1.0,0.0,0.0,0.0,0.0,0.0,0.0,0.0,0.0,0.0
CT019403,Zone_07,Zone_07,0.9684,0.0,0.0,0.0,0.0036,0.0005,0.0069,0.9684,0.0205,0.0,0.0001
CT006395,Zone_08,Zone_08,0.7384,0.0,0.0,0.0,0.0019,0.0,0.0037,0.256,0.7384,0.0,0.0
CT003543,Zone_07,Zone_07,0.8236,0.0,0.0,0.0,0.0086,0.0,0.1602,0.8236,0.0075,0.0,0.0002
CT008129,Zone_07,Zone_08,0.6671,0.0,0.0,0.0,0.0001,0.0,0.0008,0.332,0.6671,0.0,0.0
CT009201,Zone_03,Zone_03,0.9501,0.0159,0.034,0.9501,0.0,0.0,0.0,0.0,0.0,0.0,0.0
CT019476,Zone_07,Zone_07,0.7797,0.0,0.0,0.0,0.0001,0.0,0.2193,0.7797,0.0008,0.0,0.0002
CT007403,Zone_04,Zone_04,0.9954,0.0,0.0,0.0001,0.9954,0.0,0.0,0.0036,0.0009,0.0,0.0
CT008439,Zone_10,Zone_10,1.0,0.0,0.0,0.0,0.0,0.0,0.0,0.0,0.0,0.0,1.0
CT014041,Zone_08,Zone_07,0.7926,0.0,0.0,0.0001,0.0163,0.0006,0.0002,0.7926,0.19,0.0,0.0001
CT010184,Zone_02,Zone_02,0.9952,0.0,0.9952,0.0048,0.0,0.0,0.0,0.0,0.0,0.0,0.0
CT015178,Zone_02,Zone_02,1.0,0.0,1.0,0.0,0.0,0.0,0.0,0.0,0.0,0.0,0.0
CT011397,Zone_07,Zone_07,0.94,0.0,0.0,0.0,0.0064,0.0,0.0459,0.94,0.0077,0.0,0.0
CT007431,Zone_07,Zone_07,0.917,0.0,0.0,0.0,0.0034,0.0001,0.0731,0.917,0.0065,0.0,0.0
CT011211,Zone_08,Zone_08,0.6592,0.0,0.0,0.0,0.0001,0.0,0.0002,0.3405,0.6592,0.0,0.0
CT017611,Zone_02,Zone_02,1.0,0.0,1.0,0.0,0.0,0.0,0.0,0.0,0.0,0.0,0.0
CT001338,Zone_08,Zone_08,0.7169,0.0,0.0,0.0,0.0001,0.0,0.0007,0.2822,0.7169,0.0,0.0
CT012342,Zone_10,Zone_10,1.0,0.0,0.0,0.0,0.0,0.0,0.0,0.0,0.0,0.0,1.0
CT014820,Zone_04,Zone_04,0.9955,0.0,0.0,0.0,0.9955,0.0,0.0,0.0035,0.001,0.0,0.0
CT008215,Zone_04,Zone_04,0.9802,0.0,0.0,0.0003,0.9802,0.0,0.0,0.0185,0.001,0.0,0.0
CT007786,Zone_10,Zone_10,1.0,0.0,0.0,0.0,0.0,0.0,0.0,0.0,0.0,0.0,1.0
CT008881,Zone_08,Zone_08,0.6659,0.0,0.0,0.0,0.0001,0.0,0.0009,0.333,0.6659,0.0,0.0
CT005319,Zone_08,Zone_08,0.9712,0.0,0.0,0.0001,0.0049,0.0081,0.0003,0.0155,0.9712,0.0,0.0
CT010195,Zone_02,Zone_02,0.99,0.0,0.99,0.01,0.0,0.0,0.0,0.0,0.0,0.0,0.0
CT018923,Zone_06,Zone_06,0.9958,0.0,0.0,0.0,0.0,0.0,0.9958,0.0041,0.0,0.0,0.0
CT014414,Zone_07,Zone_07,0.974,0.0,0.0,0.0,0.0011,0.0,0.0026,0.974,0.0223,0.0,0.0001
CT015525,Zone_08,Zone_08,0.7246,0.0,0.0,0.0,0.0001,0.0,0.0007,0.2746,0.7246,0.0,0.0
CT007669,Zone_08,Zone_08,0.6823,0.0,0.0,0.0,0.0001,0.0,0.0007,0.3169,0.6823,0.0,0.0
CT019288,Zone_08,Zone_08,0.979,0.0,0.0001,0.0001,0.0038,0.0002,0.0003,0.0166,0.979,0.0,0.0
CT013639,Zone_07,Zone_07,0.923,0.0,0.0,0.0,0.0034,0.0001,0.0607,0.923,0.0128,0.0,0.0
CT010859,Zone_07,Zone_08,0.6357,0.0,0.0,0.0,0.0001,0.0,0.0003,0.3638,0.6357,0.0,0.0
CT017423,Zone_04,Zone_04,0.9896,0.0,0.0,0.0001,0.9896,0.0,0.0,0.0035,0.0067,0.0,0.0
CT007202,Zone_04,Zone_04,0.9956,0.0,0.0,0.0001,0.9956,0.0,0.0,0.0036,0.0008,0.0,0.0
CT010517,Zone_02,Zone_02,0.9772,0.0072,0.9772,0.0156,0.0,0.0,0.0,0.0,0.0,0.0,0.0
CT010835,Zone_04,Zone_04,0.9845,0.0,0.0,0.0001,0.9845,0.0,0.0,0.0148,0.0006,0.0,0.0
CT014592,Zone_10,Zone_10,1.0,0.0,0.0,0.0,0.0,0.0,0.0,0.0,0.0,0.0,1.0
CT000709,Zone_08,Zone_08,0.9761,0.0,0.0,0.0001,0.0038,0.0001,0.0003,0.0197,0.9761,0.0,0.0
CT014021,Zone_07,Zone_08,0.7092,0.0,0.0,0.0,0.0001,0.0,0.0006,0.2901,0.7092,0.0,0.0
CT002030,Zone_08,Zone_08,0.7491,0.0,0.0,0.0,0.0001,0.0,0.0002,0.2506,0.7491,0.0,0.0
CT009347,Zone_05,Zone_05,0.99,0.0,0.0,0.0,0.01,0.99,0.0,0.0,0.0,0.0,0.0
CT007595,Zone_08,Zone_08,0.6877,0.0,0.0,0.0,0.0019,0.0003,0.0036,0.3064,0.6877,0.0,0.0
CT018707,Zone_07,Zone_07,0.7534,0.0,0.0,0.0,0.0118,0.0005,0.0001,0.7534,0.2341,0.0,0.0001
CT014800,Zone_08,Zone_08,0.766,0.0,0.0,0.0,0.0,0.0,0.0006,0.2334,0.766,0.0,0.0
CT002394,Zone_02,Zone_02,0.9944,0.0,0.9944,0.0056,0.0,0.0,0.0,0.0,0.0,0.0,0.0
CT016550,Zone_08,Zone_08,0.9754,0.0,0.0001,0.0,0.0106,0.0001,0.0003,0.0136,0.9754,0.0,0.0
CT019566,Zone_07,Zone_08,0.7426,0.0,0.0,0.0,0.0001,0.0,0.0077,0.2495,0.7426,0.0,0.0
CT009444,Zone_04,Zone_04,0.9999,0.0,0.0,0.0,0.9999,0.0,0.0001,0.0,0.0,0.0,0.0
CT011697,Zone_08,Zone_08,0.7501,0.0,0.0,0.0,0.0001,0.0,0.0006,0.2492,0.7501,0.0,0.0
CT005582,Zone_05,Zone_05,1.0,0.0,0.0,0.0,0.0,1.0,0.0,0.0,0.0,0.0,0.0
CT015436,Zone_05,Zone_05,1.0,0.0,0.0,0.0,0.0,1.0,0.0,0.0,0.0,0.0,0.0
CT017753,Zone_10,Zone_10,1.0,0.0,0.0,0.0,0.0,0.0,0.0,0.0,0.0,0.0,1.0
CT016697,Zone_01,Zone_01,0.992,0.992,0.008,0.0,0.0,0.0,0.0,0.0,0.0,0.0,0.0
CT007268,Zone_08,Zone_08,0.7484,0.0,0.0,0.0,0.0001,0.0,0.0002,0.2512,0.7484,0.0,0.0
CT018663,Zone_07,Zone_07,0.7459,0.0,0.0,0.0005,0.0144,0.0006,0.0003,0.7459,0.2383,0.0,0.0001
CT007168,Zone_01,Zone_01,1.0,1.0,0.0,0.0,0.0,0.0,0.0,0.0,0.0,0.0,0.0
CT000881,Zone_08,Zone_08,0.9807,0.0,0.0001,0.0003,0.0037,0.0001,0.001,0.0141,0.9807,0.0,0.0
CT003613,Zone_08,Zone_08,0.5751,0.0,0.0002,0.0,0.0002,0.0,0.0001,0.4244,0.5751,0.0,0.0
CT010999,Zone_07,Zone_07,0.7667,0.0,0.0,0.0001,0.0139,0.0004,0.0003,0.7667,0.2185,0.0,0.0001
CT007409,Zone_07,Zone_08,0.7036,0.0,0.0,0.0,0.0001,0.0,0.0002,0.296,0.7036,0.0,0.0
CT011922,Zone_07,Zone_08,0.6057,0.0,0.0,0.0,0.0001,0.0001,0.0001,0.3939,0.6057,0.0,0.0
CT006259,Zone_08,Zone_08,0.9787,0.0,0.0001,0.0001,0.0038,0.0002,0.0003,0.0169,0.9787,0.0,0.0
CT000644,Zone_04,Zone_04,0.9813,0.0001,0.0001,0.0003,0.9813,0.0001,0.0004,0.0097,0.0079,0.0,0.0
CT004803,Zone_02,Zone_02,1.0,0.0,1.0,0.0,0.0,0.0,0.0,0.0,0.0,0.0,0.0
CT016945,Zone_10,Zone_10,1.0,0.0,0.0,0.0,0.0,0.0,0.0,0.0,0.0,0.0,1.0
CT019530,Zone_08,Zone_08,0.6574,0.0,0.0,0.0,0.0001,0.0,0.0002,0.3423,0.6574,0.0,0.0
CT015295,Zone_06,Zone_06,0.9954,0.0,0.0,0.0,0.0,0.0,0.9954,0.0046,0.0,0.0,0.0
CT014040,Zone_04,Zone_04,0.9847,0.0,0.0,0.0001,0.9847,0.0,0.0,0.0121,0.0031,0.0,0.0
CT007714,Zone_04,Zone_04,0.9812,0.0001,0.0001,0.0004,0.9812,0.0001,0.0004,0.0097,0.0079,0.0,0.0
CT016075,Zone_07,Zone_08,0.5333,0.0,0.0,0.0,0.0143,0.0006,0.008,0.4428,0.5333,0.0,0.001
CT007307,Zone_02,Zone_02,1.0,0.0,1.0,0.0,0.0,0.0,0.0,0.0,0.0,0.0,0.0
CT015205,Zone_01,Zone_01,1.0,1.0,0.0,0.0,0.0,0.0,0.0,0.0,0.0,0.0,0.0
CT010169,Zone_06,Zone_06,0.9975,0.0,0.0,0.0,0.0,0.0,0.9975,0.0025,0.0,0.0,0.0
CT018937,Zone_03,Zone_03,0.9948,0.0,0.0052,0.9948,0.0,0.0,0.0,0.0,0.0,0.0,0.0
CT000480,Zone_08,Zone_08,0.9764,0.0,0.0001,0.0001,0.0038,0.0039,0.0,0.0158,0.9764,0.0,0.0
CT002533,Zone_08,Zone_08,0.7771,0.0,0.0,0.0,0.0001,0.0,0.0002,0.2225,0.7771,0.0,0.0
CT000753,Zone_04,Zone_04,0.9761,0.0001,0.0001,0.0004,0.9761,0.0001,0.0005,0.0138,0.0089,0.0,0.0
CT016711,Zone_03,Zone_03,1.0,0.0,0.0,1.0,0.0,0.0,0.0,0.0,0.0,0.0,0.0
CT012337,Zone_03,Zone_03,0.9945,0.0,0.0055,0.9945,0.0,0.0,0.0,0.0,0.0,0.0,0.0
CT008306,Zone_03,Zone_03,1.0,0.0,0.0,1.0,0.0,0.0,0.0,0.0,0.0,0.0,0.0
CT005387,Zone_03,Zone_03,0.9903,0.0,0.0097,0.9903,0.0,0.0,0.0,0.0,0.0,0.0,0.0
CT007328,Zone_08,Zone_08,0.987,0.0,0.0001,0.0,0.0038,0.0001,0.0003,0.0087,0.987,0.0,0.0
CT012255,Zone_02,Zone_02,0.9948,0.0,0.9948,0.0052,0.0,0.0,0.0,0.0,0.0,0.0,0.0
CT003132,Zone_06,Zone_06,0.9975,0.0,0.0,0.0,0.0,0.0,0.9975,0.0025,0.0,0.0,0.0
CT000947,Zone_08,Zone_08,0.7344,0.0,0.0,0.0,0.0002,0.0,0.0007,0.2647,0.7344,0.0,0.0
CT001520,Zone_01,Zone_01,1.0,1.0,0.0,0.0,0.0,0.0,0.0,0.0,0.0,0.0,0.0
CT015335,Zone_04,Zone_04,0.9742,0.0001,0.0001,0.0002,0.9742,0.0001,0.0004,0.0167,0.0082,0.0,0.0
CT005859,Zone_07,Zone_07,0.7502,0.0,0.0,0.0,0.0265,0.008,0.0002,0.7502,0.214,0.0,0.001
CT012647,Zone_03,Zone_03,1.0,0.0,0.0,1.0,0.0,0.0,0.0,0.0,0.0,0.0,0.0
CT006993,Zone_06,Zone_06,0.9975,0.0,0.0,0.0,0.0,0.0,0.9975,0.0025,0.0,0.0,0.0
CT002331,Zone_08,Zone_08,0.74,0.0,0.0,0.0,0.0001,0.0,0.0002,0.2596,0.74,0.0,0.0
CT005246,Zone_08,Zone_08,0.7634,0.0,0.0,0.0,0.0001,0.0,0.0001,0.2364,0.7634,0.0,0.0
CT008312,Zone_04,Zone_04,0.9896,0.0,0.0,0.0001,0.9896,0.0,0.0,0.0036,0.0067,0.0,0.0
CT015726,Zone_04,Zone_04,0.9864,0.0001,0.0001,0.0003,0.9864,0.0001,0.0004,0.0057,0.0069,0.0,0.0
CT004431,Zone_04,Zone_04,0.9944,0.0,0.0,0.0,0.9944,0.0,0.0001,0.0048,0.0008,0.0,0.0
CT012876,Zone_05,Zone_05,1.0,0.0,0.0,0.0,0.0,1.0,0.0,0.0,0.0,0.0,0.0
CT011871,Zone_02,Zone_02,1.0,0.0,1.0,0.0,0.0,0.0,0.0,0.0,0.0,0.0,0.0
CT002207,Zone_07,Zone_08,0.626,0.0,0.0,0.0,0.0001,0.0,0.0003,0.3736,0.626,0.0,0.0
CT009552,Zone_03,Zone_03,0.9999,0.0,0.0001,0.9999,0.0,0.0,0.0,0.0,0.0,0.0,0.0
CT001371,Zone_03,Zone_03,1.0,0.0,0.0,1.0,0.0,0.0,0.0,0.0,0.0,0.0,0.0
CT005652,Zone_08,Zone_08,0.9771,0.0,0.0001,0.0001,0.004,0.0027,0.0003,0.0158,0.9771,0.0,0.0
CT011317,Zone_04,Zone_04,0.9833,0.0,0.0,0.0001,0.9833,0.0,0.0,0.0059,0.0108,0.0,0.0
CT006018,Zone_07,Zone_07,0.8643,0.0,0.0,0.0,0.0034,0.0001,0.126,0.8643,0.0063,0.0,0.0
CT018231,Zone_02,Zone_02,1.0,0.0,1.0,0.0,0.0,0.0,0.0,0.0,0.0,0.0,0.0
CT013022,Zone_08,Zone_08,0.9695,0.0,0.0,0.0,0.0009,0.0006,0.0,0.0291,0.9695,0.0,0.0
CT007135,Zone_04,Zone_04,0.9934,0.0,0.0,0.0001,0.9934,0.0,0.0004,0.0062,0.0,0.0,0.0
CT007067,Zone_08,Zone_08,0.7071,0.0,0.0,0.0,0.0001,0.0,0.0002,0.2926,0.7071,0.0,0.0
CT005790,Zone_08,Zone_08,0.9807,0.0,0.0001,0.0001,0.0038,0.0002,0.001,0.0141,0.9807,0.0,0.0
CT013850,Zone_04,Zone_04,0.9713,0.0001,0.0001,0.0002,0.9713,0.0001,0.0005,0.0173,0.0104,0.0,0.0
CT018493,Zone_02,Zone_02,1.0,0.0,1.0,0.0,0.0,0.0,0.0,0.0,0.0,0.0,0.0
CT009400,Zone_07,Zone_08,0.5914,0.0,0.0002,0.0,0.0003,0.0,0.0002,0.4079,0.5914,0.0,0.0
CT015890,Zone_03,Zone_03,0.9947,0.0,0.0053,0.9947,0.0,0.0,0.0,0.0,0.0,0.0,0.0
CT017302,Zone_05,Zone_05,1.0,0.0,0.0,0.0,0.0,1.0,0.0,0.0,0.0,0.0,0.0
CT001344,Zone_07,Zone_07,0.7672,0.0,0.0,0.0,0.008,0.0004,0.0002,0.7672,0.2241,0.0,0.0001
CT006939,Zone_02,Zone_02,0.9963,0.0,0.9963,0.0037,0.0,0.0,0.0,0.0,0.0,0.0,0.0
CT015990,Zone_08,Zone_08,0.98,0.0,0.0001,0.0001,0.0038,0.0002,0.0003,0.0156,0.98,0.0,0.0
CT018258,Zone_08,Zone_07,0.731,0.0,0.0,0.0001,0.0234,0.0005,0.0003,0.731,0.2446,0.0,0.0001
CT019804,Zone_08,Zone_08,0.6874,0.0,0.0,0.0,0.0001,0.0,0.0002,0.3123,0.6874,0.0,0.0
CT000387,Zone_07,Zone_08,0.6342,0.0,0.0,0.0,0.0001,0.0,0.0007,0.3649,0.6342,0.0,0.0
CT018693,Zone_08,Zone_08,0.6733,0.0,0.0,0.0,0.0001,0.0,0.0076,0.319,0.6733,0.0,0.0
CT014965,Zone_08,Zone_07,0.7943,0.0,0.0,0.0001,0.0355,0.0009,0.0002,0.7943,0.169,0.0,0.0
CT010489,Zone_09,Zone_09,0.98,0.0,0.0,0.0,0.0,0.0,0.0,0.01,0.0,0.98,0.01
CT017592,Zone_08,Zone_08,0.9746,0.0,0.0001,0.0001,0.008,0.0002,0.001,0.0161,0.9746,0.0,0.0
CT016457,Zone_08,Zone_07,0.9538,0.0,0.0,0.0,0.0036,0.0,0.0045,0.9538,0.0292,0.0089,0.0001
CT003468,Zone_04,Zone_04,0.987,0.0,0.0,0.0,0.987,0.0,0.0001,0.0085,0.0045,0.0,0.0
CT008416,Zone_07,Zone_07,0.9081,0.0,0.0,0.0,0.0034,0.0001,0.0667,0.9081,0.0128,0.0089,0.0
CT013587,Zone_08,Zone_08,0.9785,0.0,0.0,0.0001,0.0038,0.0001,0.001,0.0165,0.9785,0.0,0.0
CT009199,Zone_04,Zone_04,0.9879,0.0,0.0,0.0,0.9879,0.0,0.0004,0.0109,0.0008,0.0,0.0
CT017336,Zone_07,Zone_07,0.7961,0.0,0.0,0.0,0.0,0.0,0.1975,0.7961,0.0064,0.0,0.0
CT018529,Zone_08,Zone_08,0.5946,0.0,0.0,0.0,0.0001,0.0,0.0008,0.4044,0.5946,0.0,0.0
CT015770,Zone_07,Zone_08,0.6084,0.0,0.0,0.0,0.0001,0.0,0.0003,0.3912,0.6084,0.0,0.0
CT003203,Zone_06,Zone_06,0.9984,0.0,0.0,0.0,0.0,0.0,0.9984,0.0016,0.0,0.0,0.0
CT011296,Zone_07,Zone_07,0.8709,0.0,0.0,0.0,0.0035,0.0001,0.1177,0.8709,0.0077,0.0,0.0002
CT012456,Zone_07,Zone_07,0.8988,0.0,0.0,0.0,0.0064,0.0,0.082,0.8988,0.0128,0.0,0.0
CT012888,Zone_04,Zone_04,0.9819,0.0,0.0001,0.0002,0.9819,0.0001,0.0002,0.0096,0.0078,0.0,0.0
CT011432,Zone_02,Zone_02,1.0,0.0,1.0,0.0,0.0,0.0,0.0,0.0,0.0,0.0,0.0
CT014173,Zone_08,Zone_08,0.752,0.0,0.0,0.0,0.0001,0.0,0.0002,0.2477,0.752,0.0,0.0
CT003044,Zone_08,Zone_08,0.9809,0.0,0.0,0.0001,0.0002,0.0006,0.0,0.0182,0.9809,0.0,0.0
CT019352,Zone_02,Zone_02,1.0,0.0,1.0,0.0,0.0,0.0,0.0,0.0,0.0,0.0,0.0
CT003229,Zone_08,Zone_08,0.6967,0.0,0.0,0.0,0.0001,0.0,0.0007,0.3024,0.6967,0.0,0.0
CT012279,Zone_07,Zone_07,0.7488,0.0,0.0,0.0,0.026,0.0079,0.0001,0.7488,0.2171,0.0,0.0001
CT005706,Zone_08,Zone_08,0.979,0.0,0.0001,0.0001,0.0038,0.0002,0.0003,0.0166,0.979,0.0,0.0
CT015519,Zone_01,Zone_01,1.0,1.0,0.0,0.0,0.0,0.0,0.0,0.0,0.0,0.0,0.0
CT010323,Zone_01,Zone_01,1.0,1.0,0.0,0.0,0.0,0.0,0.0,0.0,0.0,0.0,0.0
CT004655,Zone_08,Zone_08,0.9782,0.0,0.0001,0.0001,0.0071,0.0002,0.0003,0.0142,0.9782,0.0,0.0
CT002179,Zone_04,Zone_04,0.9669,0.0,0.0001,0.0001,0.9669,0.0001,0.0002,0.0242,0.0084,0.0,0.0
CT008050,Zone_08,Zone_08,0.6737,0.0,0.0,0.0,0.0001,0.0,0.0002,0.3259,0.6737,0.0,0.0
CT013269,Zone_08,Zone_08,0.9799,0.0,0.0001,0.0001,0.004,0.0002,0.0003,0.0155,0.9799,0.0,0.0
CT004533,Zone_08,Zone_08,0.746,0.0,0.0,0.0,0.0019,0.0,0.0037,0.2484,0.746,0.0,0.0
CT008148,Zone_01,Zone_01,1.0,1.0,0.0,0.0,0.0,0.0,0.0,0.0,0.0,0.0,0.0
CT002676,Zone_07,Zone_07,0.7948,0.0,0.0,0.0,0.0187,0.0006,0.0003,0.7948,0.1845,0.0,0.001
CT016876,Zone_02,Zone_02,1.0,0.0,1.0,0.0,0.0,0.0,0.0,0.0,0.0,0.0,0.0
CT005211,Zone_08,Zone_08,0.9784,0.0,0.0,0.0001,0.0004,0.0006,0.0,0.0205,0.9784,0.0,0.0
CT013018,Zone_08,Zone_08,0.9788,0.0,0.0001,0.0001,0.004,0.0002,0.001,0.0158,0.9788,0.0,0.0
CT006779,Zone_04,Zone_04,0.9984,0.0,0.0,0.0001,0.9984,0.0,0.0,0.0013,0.0002,0.0,0.0
CT007996,Zone_04,Zone_04,0.9834,0.0,0.0,0.0,0.9834,0.0,0.0,0.0073,0.0093,0.0,0.0
CT008390,Zone_07,Zone_07,0.7818,0.0,0.0,0.0,0.0124,0.008,0.0002,0.7818,0.1974,0.0,0.0001
CT019719,Zone_10,Zone_10,1.0,0.0,0.0,0.0,0.0,0.0,0.0,0.0,0.0,0.0,1.0
CT008764,Zone_07,Zone_08,0.6618,0.0,0.0,0.0,0.001,0.0,0.0006,0.3365,0.6618,0.0,0.0
CT011734,Zone_03,Zone_03,1.0,0.0,0.0,1.0,0.0,0.0,0.0,0.0,0.0,0.0,0.0
CT010988,Zone_09,Zone_09,0.9899,0.0,0.0,0.0,0.0,0.0,0.0,0.0,0.0,0.9899,0.0101
CT007674,Zone_08,Zone_08,0.9791,0.0,0.0001,0.0001,0.0087,0.0002,0.0003,0.0116,0.9791,0.0,0.0
CT012039,Zone_07,Zone_08,0.7196,0.0,0.0,0.0,0.0001,0.0,0.0002,0.2801,0.7196,0.0,0.0
CT007973,Zone_07,Zone_07,0.7972,0.0,0.0,0.0001,0.0191,0.0008,0.0003,0.7972,0.1824,0.0,0.0001
CT008954,Zone_10,Zone_10,1.0,0.0,0.0,0.0,0.0,0.0,0.0,0.0,0.0,0.0,1.0
CT018045,Zone_06,Zone_06,0.9956,0.0,0.0,0.0,0.0,0.0,0.9956,0.0043,0.0,0.0,0.0
CT008999,Zone_10,Zone_10,0.9953,0.0,0.0,0.0,0.0,0.0,0.0013,0.0034,0.0,0.0,0.9953
CT007529,Zone_05,Zone_05,1.0,0.0,0.0,0.0,0.0,1.0,0.0,0.0,0.0,0.0,0.0
CT006592,Zone_08,Zone_08,0.6806,0.0,0.0,0.0,0.0001,0.0,0.0007,0.3185,0.6806,0.0,0.0
CT001110,Zone_01,Zone_01,1.0,1.0,0.0,0.0,0.0,0.0,0.0,0.0,0.0,0.0,0.0
CT002518,Zone_01,Zone_01,1.0,1.0,0.0,0.0,0.0,0.0,0.0,0.0,0.0,0.0,0.0
CT011030,Zone_10,Zone_10,1.0,0.0,0.0,0.0,0.0,0.0,0.0,0.0,0.0,0.0,1.0
CT016858,Zone_07,Zone_07,0.9827,0.0,0.0,0.0,0.0001,0.0,0.0023,0.9827,0.0148,0.0,0.0001
CT013464,Zone_04,Zone_04,0.9869,0.0,0.0001,0.0002,0.9869,0.0001,0.0002,0.0057,0.0069,0.0,0.0
CT015463,Zone_07,Zone_07,0.9697,0.0,0.0,0.0,0.0109,0.0,0.0028,0.9697,0.0166,0.0,0.0
CT013854,Zone_05,Zone_05,1.0,0.0,0.0,0.0,0.0,1.0,0.0,0.0,0.0,0.0,0.0
CT010043,Zone_08,Zone_08,0.7078,0.0,0.0,0.0,0.0001,0.0,0.0007,0.2912,0.7078,0.0,0.0
CT018992,Zone_07,Zone_07,0.815,0.0,0.0,0.0001,0.0133,0.0008,0.0003,0.815,0.1694,0.0,0.001
