complaint_id,actual_zone,predicted_zone,prediction_confidence,prob_zone_01,prob_zone_02,prob_zone_03,prob_zone_04,prob_zone_05,prob_zone_06,prob_zone_07,prob_zone_08,prob_zone_09,prob_zone_10
CT012660,Zone_01,Zone_05,0.2467,0.0838,0.1011,0.1036,0.0933,0.2467,0.0738,0.0892,0.1235,0.0155,0.0694
CT009088,Zone_07,Zone_02,0.1305,0.1153,0.1305,0.1102,0.093,0.1208,0.1025,0.0772,0.0837,0.0584,0.1084
CT008281,Zone_08,Zone_08,0.1843,0.0477,0.1452,0.0598,0.1138,0.1391,0.1093,0.1016,0.1843,0.0298,0.0694
CT006500,Zone_07,Zone_06,0.1377,0.0994,0.0946,0.1167,0.136,0.0877,0.1377,0.1027,0.1064,0.0297,0.089
CT010858,Zone_08,Zone_07,0.1579,0.1169,0.091,0.1026,0.1062,0.094,0.0965,0.1579,0.1425,0.0221,0.0704
CT000998,Zone_02,Zone_01,0.158,0.158,0.1336,0.0782,0.1029,0.0588,0.0509,0.1063,0.1241,0.0629,0.1242
CT003768,Zone_04,Zone_01,0.1253,0.1253,0.1064,0.1064,0.0989,0.1216,0.1233,0.1228,0.0872,0.0368,0.0713
CT016589,Zone_07,Zone_08,0.1661,0.1263,0.0973,0.0867,0.1139,0.1243,0.0842,0.1137,0.1661,0.0221,0.0655
CT001388,Zone_04,Zone_07,0.1437,0.0631,0.1113,0.0919,0.0956,0.0812,0.0841,0.1437,0.1181,0.0975,0.1136
CT001708,Zone_08,Zone_03,0.1848,0.1194,0.1468,0.1848,0.1296,0.0537,0.0661,0.1278,0.0939,0.0075,0.0703
CT008921,Zone_08,Zone_07,0.1453,0.1243,0.1019,0.0969,0.1148,0.0649,0.091,0.1453,0.1199,0.0653,0.0757
CT009823,Zone_07,Zone_06,0.1316,0.0969,0.0653,0.1155,0.1196,0.108,0.1316,0.1021,0.112,0.0537,0.0953
CT013332,Zone_08,Zone_08,0.1514,0.1175,0.1292,0.1202,0.101,0.0975,0.0474,0.1226,0.1514,0.0373,0.0759
CT009553,Zone_08,Zone_01,0.19,0.19,0.1005,0.0851,0.1446,0.0917,0.0855,0.1069,0.0991,0.0266,0.0699
CT013426,Zone_04,Zone_05,0.163,0.0984,0.1237,0.0833,0.09,0.163,0.1094,0.093,0.1282,0.0527,0.0582
CT000407,Zone_04,Zone_07,0.1747,0.1238,0.1087,0.0916,0.1079,0.0784,0.0652,0.1747,0.1125,0.0191,0.118
CT006247,Zone_10,Zone_07,0.1434,0.1075,0.0933,0.1128,0.1022,0.0833,0.094,0.1434,0.1004,0.0398,0.1232
CT012062,Zone_07,Zone_08,0.1682,0.089,0.0948,0.1214,0.101,0.0778,0.1456,0.097,0.1682,0.0206,0.0845
CT002655,Zone_08,Zone_08,0.1529,0.0906,0.0801,0.0505,0.0918,0.0986,0.1152,0.1409,0.1529,0.1024,0.077
CT002741,Zone_03,Zone_08,0.1412,0.0758,0.1023,0.0983,0.1314,0.0846,0.068,0.1011,0.1412,0.082,0.1154
CT004204,Zone_08,Zone_07,0.1444,0.0927,0.0697,0.113,0.1047,0.0985,0.0878,0.1444,0.1422,0.0681,0.0789
CT016166,Zone_02,Zone_07,0.1232,0.1225,0.1051,0.1114,0.0969,0.0549,0.1163,0.1232,0.1019,0.0736,0.0942
CT003813,Zone_08,Zone_05,0.1519,0.0806,0.1092,0.0894,0.0899,0.1519,0.1145,0.114,0.1217,0.0375,0.0913
CT018692,Zone_04,Zone_02,0.132,0.087,0.132,0.103,0.0927,0.1194,0.1113,0.1174,0.1017,0.0509,0.0846
CT016709,Zone_07,Zone_07,0.1433,0.076,0.1269,0.1214,0.1273,0.0618,0.1389,0.1433,0.1324,0.021,0.051
CT007551,Zone_07,Zone_07,0.1505,0.0803,0.1212,0.1018,0.0726,0.0674,0.0626,0.1505,0.1059,0.0983,0.1394
CT005426,Zone_07,Zone_04,0.1497,0.1179,0.0737,0.0702,0.1497,0.1266,0.0804,0.0933,0.1033,0.0488,0.136
CT009810,Zone_07,Zone_04,0.1899,0.1077,0.0882,0.0802,0.1899,0.0994,0.0866,0.1421,0.092,0.036,0.078
CT019461,Zone_03,Zone_05,0.1403,0.1002,0.0865,0.1066,0.1303,0.1403,0.1088,0.0927,0.0919,0.0779,0.065
CT011624,Zone_07,Zone_07,0.1338,0.106,0.1205,0.1043,0.1211,0.1287,0.062,0.1338,0.1015,0.0144,0.1077
CT004310,Zone_07,Zone_08,0.1549,0.0991,0.0876,0.1032,0.1211,0.0711,0.0693,0.1396,0.1549,0.0758,0.0783
CT003278,Zone_07,Zone_04,0.1775,0.106,0.1327,0.0799,0.1775,0.0807,0.0575,0.1608,0.1027,0.031,0.0713
CT013963,Zone_07,Zone_07,0.1765,0.0812,0.1289,0.0959,0.1157,0.0895,0.0767,0.1765,0.1362,0.0174,0.0818
CT008759,Zone_05,Zone_04,0.1454,0.0732,0.1342,0.1041,0.1454,0.0682,0.0526,0.1278,0.1225,0.0873,0.0847
CT001833,Zone_08,Zone_04,0.1727,0.1142,0.0991,0.082,0.1727,0.072,0.0623,0.1414,0.087,0.0633,0.106
CT006393,Zone_04,Zone_05,0.1354,0.0896,0.0858,0.0993,0.0928,0.1354,0.0695,0.1347,0.1285,0.0389,0.1255
CT008639,Zone_07,Zone_07,0.2421,0.0526,0.1119,0.0722,0.0906,0.0305,0.0743,0.2421,0.1334,0.0546,0.1376
CT009450,Zone_04,Zone_02,0.1622,0.1268,0.1622,0.1488,0.1132,0.0541,0.061,0.1231,0.0638,0.0804,0.0666
CT007172,Zone_07,Zone_04,0.1305,0.1065,0.084,0.075,0.1305,0.1108,0.0686,0.108,0.11,0.0887,0.1179
CT007097,Zone_08,Zone_08,0.1308,0.1219,0.085,0.0876,0.1081,0.0841,0.1076,0.0996,0.1308,0.0796,0.0957
CT016127,Zone_07,Zone_07,0.1396,0.0922,0.1001,0.0939,0.1158,0.0854,0.0865,0.1396,0.1098,0.0503,0.1263
CT000783,Zone_08,Zone_03,0.1827,0.0757,0.0993,0.1827,0.1266,0.0847,0.0748,0.1291,0.1519,0.031,0.0442
CT009681,Zone_07,Zone_04,0.1405,0.1335,0.0555,0.1138,0.1405,0.1288,0.0667,0.1229,0.0987,0.0297,0.1099
CT004975,Zone_08,Zone_07,0.201,0.0973,0.1174,0.0977,0.1293,0.1039,0.0617,0.201,0.1212,0.0132,0.0573
CT013719,Zone_08,Zone_01,0.1267,0.1267,0.0963,0.1008,0.126,0.108,0.0877,0.1152,0.0886,0.0497,0.1011
CT003962,Zone_03,Zone_08,0.154,0.0653,0.1466,0.1248,0.1277,0.053,0.0634,0.1406,0.154,0.0347,0.09
CT013819,Zone_04,Zone_10,0.1536,0.0841,0.0823,0.1434,0.1058,0.0642,0.0757,0.0969,0.1183,0.0756,0.1536
CT008385,Zone_01,Zone_07,0.1457,0.0832,0.0779,0.0898,0.1044,0.1034,0.1156,0.1457,0.1147,0.0521,0.1132
CT009653,Zone_03,Zone_02,0.1454,0.0834,0.1454,0.1134,0.1262,0.0645,0.1089,0.1023,0.1021,0.0845,0.0694
CT007970,Zone_02,Zone_07,0.1322,0.1219,0.1022,0.0801,0.0956,0.073,0.0694,0.1322,0.1052,0.1093,0.111
CT010507,Zone_08,Zone_09,0.2679,0.0655,0.1006,0.0629,0.1198,0.0381,0.0574,0.1132,0.1252,0.2679,0.0494
CT007600,Zone_07,Zone_08,0.1679,0.0713,0.0749,0.0964,0.1218,0.0992,0.0841,0.1616,0.1679,0.0385,0.0845
CT010064,Zone_02,Zone_06,0.2025,0.0921,0.0963,0.0854,0.1176,0.0536,0.2025,0.118,0.1121,0.0294,0.0929
CT019037,Zone_04,Zone_07,0.1827,0.1091,0.0857,0.0807,0.0999,0.0919,0.08,0.1827,0.1327,0.0288,0.1084
CT016233,Zone_01,Zone_07,0.1647,0.0738,0.1224,0.112,0.1288,0.0914,0.0758,0.1647,0.1168,0.0433,0.0709
CT016275,Zone_04,Zone_03,0.1509,0.1085,0.0872,0.1509,0.1286,0.082,0.0626,0.1254,0.1488,0.0599,0.0461
CT000294,Zone_03,Zone_08,0.1584,0.1121,0.0744,0.0936,0.0891,0.1468,0.0861,0.1062,0.1584,0.0434,0.0899
CT018802,Zone_02,Zone_03,0.1287,0.0939,0.0911,0.1287,0.0996,0.0845,0.0988,0.0992,0.1194,0.0627,0.122
CT013203,Zone_08,Zone_08,0.1518,0.1003,0.1012,0.1158,0.1298,0.0664,0.0543,0.1167,0.1518,0.0399,0.1239
CT001403,Zone_10,Zone_04,0.1581,0.12,0.0655,0.1186,0.1581,0.0696,0.0563,0.1382,0.127,0.023,0.1237
CT008298,Zone_04,Zone_02,0.1851,0.0874,0.1851,0.1384,0.1081,0.1064,0.0352,0.1313,0.1235,0.0304,0.0541
CT004078,Zone_08,Zone_08,0.1672,0.0966,0.0975,0.1198,0.0994,0.0892,0.078,0.1405,0.1672,0.046,0.0659
CT009342,Zone_02,Zone_06,0.2042,0.1134,0.105,0.0544,0.1137,0.0767,0.2042,0.1119,0.1036,0.0473,0.0699
CT007860,Zone_07,Zone_06,0.1541,0.0835,0.0768,0.0986,0.1087,0.0984,0.1541,0.1368,0.1275,0.034,0.0817
CT005027,Zone_08,Zone_07,0.2006,0.0676,0.0897,0.1053,0.1233,0.1107,0.0796,0.2006,0.0893,0.0112,0.1228
CT012029,Zone_04,Zone_04,0.1366,0.1297,0.1272,0.1148,0.1366,0.0911,0.0568,0.1244,0.0926,0.0258,0.1011
CT019786,Zone_04,Zone_04,0.1404,0.1003,0.1316,0.1076,0.1404,0.0864,0.0781,0.1094,0.132,0.0527,0.0615
CT005141,Zone_08,Zone_07,0.1665,0.1033,0.1016,0.0947,0.1032,0.0639,0.0802,0.1665,0.1381,0.0357,0.1128
CT005841,Zone_05,Zone_08,0.1444,0.0778,0.0902,0.0891,0.1197,0.1108,0.0607,0.0917,0.1444,0.0891,0.1266
CT010730,Zone_06,Zone_07,0.1641,0.1051,0.0924,0.1223,0.105,0.0853,0.0958,0.1641,0.0889,0.0365,0.1046
CT014988,Zone_04,Zone_05,0.1388,0.1015,0.1035,0.1211,0.1015,0.1388,0.0485,0.1251,0.123,0.0317,0.1054
CT000867,Zone_07,Zone_03,0.1324,0.1186,0.093,0.1324,0.1152,0.0786,0.1238,0.1315,0.0976,0.0264,0.0829
CT011310,Zone_01,Zone_04,0.136,0.1016,0.1289,0.0703,0.136,0.1106,0.1215,0.0809,0.1008,0.0577,0.0917
CT017931,Zone_08,Zone_09,0.2714,0.1041,0.0913,0.0653,0.0744,0.0345,0.0553,0.1161,0.1078,0.2714,0.0798
CT004522,Zone_08,Zone_06,0.1491,0.1159,0.082,0.0828,0.1243,0.0699,0.1491,0.1295,0.1252,0.0267,0.0946
CT012269,Zone_02,Zone_02,0.1307,0.0943,0.1307,0.1081,0.1278,0.07,0.077,0.1232,0.1249,0.0407,0.1031
CT013839,Zone_08,Zone_02,0.1317,0.0566,0.1317,0.1132,0.1111,0.1275,0.1152,0.1249,0.0961,0.0364,0.0872
CT016788,Zone_02,Zone_08,0.1395,0.1043,0.0838,0.1317,0.1043,0.095,0.0836,0.1082,0.1395,0.053,0.0966
CT000505,Zone_07,Zone_02,0.1438,0.1231,0.1438,0.0901,0.1082,0.061,0.0743,0.0929,0.1382,0.0793,0.0891
CT013468,Zone_08,Zone_07,0.1828,0.0939,0.0586,0.1504,0.1572,0.0395,0.0696,0.1828,0.1652,0.0155,0.0674
CT002172,Zone_04,Zone_04,0.145,0.1026,0.0708,0.0902,0.145,0.066,0.1079,0.1368,0.1324,0.0284,0.1199
CT016545,Zone_06,Zone_03,0.1877,0.0785,0.0838,0.1877,0.1237,0.0714,0.0784,0.1588,0.0996,0.0262,0.0919
CT014283,Zone_07,Zone_06,0.1479,0.1261,0.1421,0.0842,0.0601,0.0586,0.1479,0.1249,0.0964,0.0273,0.1324
CT009416,Zone_07,Zone_05,0.1501,0.0988,0.0907,0.0883,0.1233,0.1501,0.0962,0.1094,0.1009,0.0634,0.0787
CT004401,Zone_07,Zone_04,0.1589,0.1193,0.0861,0.0817,0.1589,0.0681,0.0616,0.1408,0.1482,0.0114,0.1238
CT007056,Zone_05,Zone_01,0.162,0.162,0.1605,0.1109,0.109,0.0492,0.0861,0.1252,0.0953,0.0222,0.0797
CT007504,Zone_08,Zone_10,0.1755,0.0683,0.0915,0.0861,0.0837,0.1,0.0458,0.1356,0.1145,0.099,0.1755
CT009420,Zone_10,Zone_09,0.2265,0.1052,0.0812,0.1726,0.0953,0.0761,0.0372,0.0769,0.077,0.2265,0.052
CT013194,Zone_04,Zone_03,0.1426,0.0812,0.1286,0.1426,0.0944,0.0602,0.1002,0.1279,0.1071,0.0409,0.1168
CT009664,Zone_07,Zone_07,0.1302,0.1068,0.1245,0.095,0.1008,0.0938,0.0722,0.1302,0.1185,0.0324,0.1257
CT015158,Zone_04,Zone_07,0.1724,0.1105,0.1126,0.1013,0.1479,0.0798,0.0483,0.1724,0.0866,0.0532,0.0874
CT010407,Zone_07,Zone_09,0.1376,0.0829,0.1038,0.0761,0.0836,0.0733,0.1294,0.1163,0.1071,0.1376,0.0898
CT003993,Zone_03,Zone_07,0.1606,0.0725,0.0995,0.1263,0.1047,0.0667,0.0761,0.1606,0.1478,0.0572,0.0885
CT019595,Zone_07,Zone_10,0.1665,0.1023,0.089,0.0883,0.11,0.0692,0.1055,0.136,0.1193,0.0139,0.1665
CT015299,Zone_02,Zone_03,0.2509,0.0563,0.162,0.2509,0.0658,0.1201,0.064,0.1274,0.0893,0.0188,0.0455
CT010761,Zone_01,Zone_04,0.1468,0.0893,0.0828,0.1167,0.1468,0.0892,0.0835,0.1057,0.1416,0.0235,0.1208
CT011987,Zone_03,Zone_04,0.1306,0.1262,0.1031,0.102,0.1306,0.111,0.0583,0.1111,0.0914,0.0823,0.0841
CT004626,Zone_08,Zone_07,0.1678,0.0597,0.0883,0.0745,0.119,0.0746,0.1305,0.1678,0.1379,0.0623,0.0854
CT010533,Zone_04,Zone_07,0.1533,0.135,0.0866,0.0798,0.0977,0.088,0.1123,0.1533,0.1164,0.027,0.1038
CT013079,Zone_08,Zone_07,0.1437,0.1143,0.1069,0.114,0.0796,0.0807,0.0723,0.1437,0.1415,0.0463,0.1007
CT009848,Zone_05,Zone_02,0.1618,0.0616,0.1618,0.0983,0.121,0.0898,0.1237,0.0896,0.1208,0.0501,0.0833
CT005339,Zone_07,Zone_04,0.136,0.0927,0.1077,0.0966,0.136,0.1106,0.0995,0.1144,0.1208,0.0401,0.0816
CT012719,Zone_05,Zone_03,0.1589,0.105,0.0967,0.1589,0.1161,0.052,0.0826,0.1212,0.1476,0.0319,0.088
CT003635,Zone_08,Zone_10,0.1363,0.0889,0.1129,0.096,0.0947,0.0561,0.1135,0.1267,0.1149,0.06,0.1363
CT009719,Zone_07,Zone_04,0.1391,0.1054,0.1116,0.0987,0.1391,0.0609,0.0585,0.1341,0.1295,0.0522,0.11
CT014189,Zone_08,Zone_08,0.1567,0.1157,0.1056,0.0976,0.1112,0.0823,0.0804,0.0896,0.1567,0.0714,0.0894
CT010970,Zone_08,Zone_03,0.1471,0.1043,0.0859,0.1471,0.0842,0.1288,0.1033,0.1082,0.1281,0.0308,0.0794
CT015323,Zone_04,Zone_02,0.1627,0.0567,0.1627,0.1148,0.1046,0.0653,0.1089,0.1506,0.134,0.0498,0.0525
CT005653,Zone_08,Zone_08,0.1587,0.1324,0.0745,0.0826,0.0894,0.0936,0.0828,0.1478,0.1587,0.0161,0.1221
CT014443,Zone_03,Zone_02,0.1593,0.1039,0.1593,0.1397,0.0683,0.0467,0.1002,0.1247,0.1369,0.0702,0.0502
CT007873,Zone_04,Zone_07,0.1492,0.1063,0.0514,0.1451,0.0612,0.0734,0.11,0.1492,0.1293,0.06,0.1141
CT012751,Zone_06,Zone_10,0.168,0.1082,0.0768,0.0989,0.103,0.0478,0.1106,0.1283,0.0975,0.0609,0.168
CT009081,Zone_08,Zone_08,0.153,0.1059,0.1074,0.1256,0.0952,0.0759,0.0671,0.1304,0.153,0.047,0.0925
CT006659,Zone_07,Zone_07,0.1492,0.12,0.1478,0.078,0.1099,0.0742,0.0608,0.1492,0.1194,0.0664,0.0744
CT008969,Zone_06,Zone_10,0.1363,0.0951,0.0788,0.1193,0.11,0.0806,0.0846,0.1264,0.1329,0.0359,0.1363
CT004792,Zone_02,Zone_10,0.1873,0.1348,0.0904,0.0618,0.116,0.0903,0.0439,0.1203,0.1077,0.0475,0.1873
CT017262,Zone_04,Zone_04,0.1413,0.0854,0.1097,0.1232,0.1413,0.0529,0.0925,0.0922,0.1218,0.0793,0.1017
CT018069,Zone_06,Zone_08,0.1865,0.1226,0.1026,0.1063,0.097,0.0626,0.0735,0.1208,0.1865,0.0374,0.0906
CT006002,Zone_03,Zone_03,0.1264,0.0822,0.1261,0.1264,0.1236,0.0768,0.119,0.0989,0.1122,0.0309,0.1037
CT009413,Zone_04,Zone_08,0.1794,0.1028,0.0914,0.076,0.1512,0.0422,0.0719,0.16,0.1794,0.0283,0.0969
CT019996,Zone_07,Zone_07,0.1506,0.0706,0.087,0.1381,0.1036,0.0733,0.0801,0.1506,0.091,0.0988,0.1068
CT003298,Zone_08,Zone_06,0.1401,0.1056,0.1052,0.1207,0.0975,0.0659,0.1401,0.12,0.1127,0.0397,0.0927
CT011839,Zone_07,Zone_08,0.159,0.0942,0.0824,0.1446,0.1245,0.0685,0.0426,0.1408,0.159,0.0522,0.0912
CT017042,Zone_07,Zone_08,0.1371,0.0996,0.0921,0.0957,0.1274,0.0599,0.12,0.1168,0.1371,0.0314,0.1199
CT005039,Zone_07,Zone_04,0.1628,0.1022,0.0988,0.1149,0.1628,0.0885,0.0742,0.1181,0.1087,0.0492,0.0828
CT003982,Zone_08,Zone_08,0.1421,0.1044,0.1015,0.1366,0.1029,0.086,0.0761,0.1172,0.1421,0.0338,0.0995
CT002763,Zone_03,Zone_07,0.1517,0.0996,0.1166,0.1155,0.1041,0.0713,0.0919,0.1517,0.1224,0.0642,0.0627
CT009618,Zone_02,Zone_05,0.1561,0.0755,0.0775,0.1128,0.1386,0.1561,0.0602,0.1219,0.1342,0.0152,0.1079
CT015520,Zone_07,Zone_01,0.1568,0.1568,0.088,0.1326,0.1049,0.062,0.0746,0.1145,0.1375,0.0105,0.1187
CT013951,Zone_06,Zone_05,0.1381,0.0982,0.1301,0.1044,0.1049,0.1381,0.0944,0.1115,0.1099,0.0374,0.0712
CT007475,Zone_05,Zone_03,0.1381,0.1053,0.0865,0.1381,0.0829,0.054,0.1149,0.1244,0.121,0.0459,0.1268
CT018372,Zone_01,Zone_02,0.1579,0.104,0.1579,0.0968,0.1015,0.058,0.1172,0.142,0.12,0.0291,0.0734
CT000295,Zone_07,Zone_07,0.1385,0.0995,0.1198,0.0962,0.0873,0.0929,0.0703,0.1385,0.0946,0.1312,0.0697
CT007314,Zone_07,Zone_02,0.1745,0.0557,0.1745,0.1117,0.1055,0.063,0.1291,0.1338,0.1377,0.0085,0.0805
CT018520,Zone_04,Zone_08,0.1525,0.0567,0.1521,0.0927,0.0963,0.1006,0.1123,0.1031,0.1525,0.0194,0.1143
CT011118,Zone_05,Zone_01,0.1686,0.1686,0.0866,0.1146,0.0946,0.1269,0.0888,0.142,0.0849,0.0028,0.0902
CT009672,Zone_10,Zone_07,0.1519,0.0707,0.1087,0.1015,0.1148,0.0911,0.1192,0.1519,0.1251,0.0365,0.0806
CT003262,Zone_08,Zone_08,0.1759,0.1178,0.1039,0.115,0.1157,0.0541,0.0486,0.1165,0.1759,0.0499,0.1026
CT018725,Zone_03,Zone_08,0.145,0.0937,0.1135,0.0857,0.142,0.0555,0.0988,0.1151,0.145,0.028,0.1226
CT015620,Zone_04,Zone_10,0.1586,0.1311,0.0995,0.0981,0.125,0.0654,0.0659,0.1146,0.111,0.0308,0.1586
CT004334,Zone_08,Zone_08,0.1331,0.1176,0.1093,0.1222,0.1165,0.0774,0.0473,0.1267,0.1331,0.0558,0.0941
CT004039,Zone_05,Zone_01,0.1536,0.1536,0.0923,0.0802,0.1125,0.0673,0.0671,0.1249,0.1418,0.0557,0.1046
CT007218,Zone_08,Zone_04,0.1615,0.0961,0.1134,0.0649,0.1615,0.1077,0.1009,0.107,0.1288,0.0472,0.0724
CT006086,Zone_07,Zone_04,0.1374,0.0881,0.105,0.1248,0.1374,0.0522,0.0899,0.1351,0.1043,0.05,0.1132
CT015623,Zone_04,Zone_08,0.1314,0.0991,0.1308,0.1182,0.0672,0.0669,0.073,0.0894,0.1314,0.1067,0.1174
CT016112,Zone_08,Zone_07,0.176,0.0543,0.1682,0.1252,0.1334,0.0863,0.046,0.176,0.0883,0.0073,0.115
CT016926,Zone_09,Zone_04,0.1395,0.0922,0.1002,0.0876,0.1395,0.0975,0.0617,0.1369,0.1294,0.0546,0.1003
CT017819,Zone_08,Zone_08,0.1546,0.0709,0.0802,0.103,0.1369,0.0822,0.0535,0.1472,0.1546,0.0678,0.1036
CT008901,Zone_01,Zone_07,0.1612,0.0686,0.083,0.1394,0.1078,0.0814,0.0752,0.1612,0.1362,0.0338,0.1134
CT015595,Zone_07,Zone_01,0.1505,0.1505,0.1098,0.1075,0.0871,0.0455,0.1054,0.1183,0.1222,0.057,0.0968
CT001962,Zone_08,Zone_04,0.1515,0.076,0.1252,0.1036,0.1515,0.0502,0.1135,0.1197,0.1356,0.0199,0.1048
CT015427,Zone_07,Zone_04,0.135,0.1045,0.1018,0.1201,0.135,0.0651,0.062,0.1198,0.1284,0.0677,0.0956
CT007344,Zone_02,Zone_07,0.1538,0.12,0.1059,0.0937,0.1055,0.0782,0.0644,0.1538,0.1056,0.0636,0.1091
CT008936,Zone_10,Zone_07,0.15,0.1258,0.0895,0.0957,0.091,0.0944,0.1026,0.15,0.1242,0.0463,0.0805
CT010824,Zone_08,Zone_01,0.2146,0.2146,0.0584,0.1111,0.1729,0.0451,0.0516,0.0812,0.0604,0.119,0.0858
CT014791,Zone_07,Zone_01,0.1429,0.1429,0.0821,0.1293,0.1112,0.0796,0.1002,0.115,0.1242,0.0272,0.0885
CT002779,Zone_04,Zone_03,0.1408,0.1271,0.1144,0.1408,0.084,0.0671,0.0908,0.1387,0.1077,0.0186,0.1109
CT002493,Zone_02,Zone_08,0.1496,0.115,0.0684,0.0676,0.143,0.0756,0.0514,0.1496,0.1496,0.0933,0.0864
CT019084,Zone_01,Zone_08,0.1405,0.127,0.0715,0.0961,0.0972,0.0917,0.1302,0.1184,0.1405,0.0292,0.098
CT003097,Zone_03,Zone_07,0.1851,0.0763,0.1084,0.1218,0.1084,0.0898,0.0661,0.1851,0.1273,0.0275,0.0894
CT017864,Zone_07,Zone_03,0.1535,0.0944,0.0742,0.1535,0.1155,0.0832,0.1113,0.1326,0.116,0.0541,0.0651
CT008264,Zone_10,Zone_08,0.1578,0.0961,0.0732,0.07,0.0982,0.0705,0.0663,0.1302,0.1578,0.1074,0.1303
CT004830,Zone_06,Zone_04,0.1292,0.1209,0.0832,0.1207,0.1292,0.0862,0.0812,0.1165,0.1183,0.0261,0.1177
CT002923,Zone_03,Zone_08,0.1745,0.0751,0.0607,0.1239,0.1651,0.0648,0.0843,0.1129,0.1745,0.019,0.1196
CT001609,Zone_08,Zone_07,0.1608,0.0515,0.0902,0.1225,0.1109,0.0816,0.0989,0.1608,0.1283,0.0671,0.0881
CT006749,Zone_08,Zone_07,0.1575,0.0834,0.1165,0.0862,0.0977,0.0404,0.1269,0.1575,0.1479,0.0807,0.0627
CT002459,Zone_04,Zone_08,0.143,0.0693,0.0946,0.1044,0.1426,0.0586,0.0619,0.1408,0.143,0.0873,0.0975
CT014047,Zone_09,Zone_04,0.1404,0.0665,0.0993,0.101,0.1404,0.0884,0.0912,0.1345,0.1343,0.0428,0.1015
CT016301,Zone_01,Zone_04,0.1476,0.1073,0.1184,0.0868,0.1476,0.0632,0.0618,0.0917,0.1417,0.0831,0.0985
CT012475,Zone_07,Zone_10,0.1397,0.0644,0.0673,0.1303,0.0864,0.0717,0.1108,0.1216,0.1322,0.0756,0.1397
CT004979,Zone_07,Zone_10,0.1635,0.0474,0.0572,0.1623,0.1021,0.1287,0.1115,0.1101,0.0986,0.0187,0.1635
CT013722,Zone_04,Zone_03,0.1745,0.1269,0.1214,0.1745,0.1239,0.0577,0.0459,0.1326,0.089,0.0338,0.0943
CT000279,Zone_07,Zone_07,0.1527,0.1278,0.081,0.0753,0.1303,0.1077,0.0491,0.1527,0.1221,0.0496,0.1045
CT010980,Zone_07,Zone_07,0.1754,0.0946,0.0694,0.0855,0.1671,0.1066,0.0692,0.1754,0.1119,0.0241,0.0963
CT000100,Zone_10,Zone_08,0.136,0.1278,0.1006,0.1126,0.1152,0.0879,0.0604,0.1233,0.136,0.0264,0.1099
CT006982,Zone_10,Zone_05,0.1712,0.0815,0.1187,0.082,0.0955,0.1712,0.0596,0.1306,0.1236,0.0589,0.0784
CT006758,Zone_07,Zone_03,0.1741,0.061,0.105,0.1741,0.125,0.0728,0.1175,0.1142,0.1487,0.0267,0.055
CT018344,Zone_08,Zone_03,0.1809,0.1002,0.1011,0.1809,0.092,0.0646,0.0632,0.1423,0.1137,0.0604,0.0815
CT002312,Zone_02,Zone_07,0.1429,0.0972,0.1122,0.0889,0.1141,0.0868,0.0549,0.1429,0.1254,0.0414,0.1363
CT010930,Zone_04,Zone_06,0.1682,0.113,0.1054,0.0698,0.1079,0.1291,0.1682,0.1083,0.1098,0.0147,0.0739
CT019236,Zone_02,Zone_05,0.1496,0.1259,0.0964,0.0746,0.0939,0.1496,0.0887,0.1063,0.1223,0.0327,0.1096
CT017551,Zone_05,Zone_08,0.1742,0.1333,0.1632,0.1086,0.0906,0.0585,0.0937,0.1155,0.1742,0.0112,0.0512
CT018597,Zone_01,Zone_01,0.1694,0.1694,0.0789,0.1386,0.1259,0.0542,0.0706,0.1442,0.1208,0.0286,0.0689
CT001934,Zone_07,Zone_08,0.1482,0.0922,0.0879,0.1187,0.1133,0.079,0.0779,0.0816,0.1482,0.0765,0.1247
CT005877,Zone_08,Zone_07,0.1529,0.1,0.1019,0.1118,0.1329,0.0957,0.0706,0.1529,0.1028,0.0258,0.1055
CT006948,Zone_07,Zone_08,0.1401,0.104,0.1202,0.0893,0.1046,0.0983,0.1372,0.1078,0.1401,0.0296,0.0689
CT005543,Zone_08,Zone_10,0.1465,0.0891,0.0837,0.0974,0.1054,0.1203,0.1001,0.0978,0.1,0.0597,0.1465
CT013777,Zone_08,Zone_07,0.1385,0.0921,0.1254,0.1194,0.1103,0.086,0.0715,0.1385,0.1188,0.022,0.1161
CT001599,Zone_07,Zone_05,0.166,0.119,0.0861,0.0954,0.1113,0.166,0.0515,0.1106,0.1168,0.0439,0.0995
CT002165,Zone_07,Zone_03,0.1303,0.0968,0.0829,0.1303,0.1082,0.1187,0.0733,0.1146,0.1232,0.0545,0.0974
CT001591,Zone_01,Zone_08,0.166,0.0788,0.1369,0.0905,0.1234,0.0845,0.0601,0.1393,0.166,0.0424,0.0781
CT008548,Zone_07,Zone_02,0.158,0.0591,0.158,0.1019,0.0877,0.0861,0.0324,0.1412,0.1222,0.0951,0.1162
CT006551,Zone_07,Zone_10,0.1701,0.1478,0.0888,0.1158,0.099,0.0466,0.0949,0.1004,0.1207,0.016,0.1701
CT001894,Zone_02,Zone_01,0.1413,0.1413,0.121,0.097,0.1216,0.0713,0.0546,0.1381,0.1087,0.044,0.1023
CT012329,Zone_01,Zone_04,0.1383,0.0979,0.0741,0.0954,0.1383,0.0698,0.1077,0.1371,0.1221,0.0353,0.1223
CT015795,Zone_05,Zone_04,0.1332,0.1288,0.0813,0.0868,0.1332,0.0728,0.096,0.1164,0.1308,0.0392,0.1148
CT016437,Zone_08,Zone_06,0.1817,0.0924,0.0974,0.0957,0.0997,0.0523,0.1817,0.1218,0.125,0.0288,0.1053
CT008293,Zone_08,Zone_03,0.1386,0.107,0.1062,0.1386,0.105,0.089,0.0689,0.0997,0.1078,0.0641,0.1136
CT005519,Zone_03,Zone_01,0.1389,0.1389,0.1151,0.1073,0.1049,0.0612,0.0779,0.1033,0.1335,0.0349,0.123
CT018027,Zone_07,Zone_08,0.1572,0.0765,0.0937,0.0655,0.1111,0.1024,0.0993,0.1093,0.1572,0.0843,0.1007
CT000272,Zone_01,Zone_08,0.1925,0.0837,0.1108,0.0974,0.1417,0.0566,0.0871,0.1164,0.1925,0.0112,0.1025
CT007079,Zone_03,Zone_02,0.1315,0.0719,0.1315,0.1224,0.106,0.1116,0.1073,0.1171,0.1216,0.0306,0.08
CT008935,Zone_07,Zone_06,0.2142,0.0723,0.0772,0.0803,0.0939,0.1677,0.2142,0.0967,0.0843,0.0347,0.0788
CT008153,Zone_07,Zone_07,0.1446,0.0768,0.089,0.1103,0.1084,0.119,0.1189,0.1446,0.1272,0.0268,0.079
CT009995,Zone_04,Zone_07,0.1343,0.0779,0.1169,0.088,0.0911,0.0873,0.1241,0.1343,0.1341,0.0386,0.1077
CT011653,Zone_07,Zone_02,0.1301,0.0751,0.1301,0.0798,0.122,0.1129,0.0782,0.1283,0.1256,0.0261,0.1219
CT016837,Zone_07,Zone_07,0.1644,0.1097,0.1074,0.094,0.1166,0.0549,0.124,0.1644,0.1146,0.0448,0.0695
CT004779,Zone_04,Zone_01,0.1323,0.1323,0.1271,0.0945,0.0963,0.1103,0.1078,0.1255,0.0967,0.0421,0.0674
CT011005,Zone_07,Zone_08,0.1642,0.0457,0.0758,0.0844,0.1214,0.112,0.1521,0.097,0.1642,0.0501,0.0973
CT001018,Zone_07,Zone_07,0.1577,0.0923,0.12,0.1013,0.0983,0.1018,0.0888,0.1577,0.1358,0.0215,0.0825
CT011954,Zone_09,Zone_10,0.2447,0.0633,0.0984,0.0787,0.1315,0.0812,0.0846,0.1426,0.065,0.0101,0.2447
CT000078,Zone_07,Zone_05,0.1353,0.079,0.084,0.0996,0.1296,0.1353,0.0986,0.116,0.1151,0.0346,0.1081
CT009743,Zone_07,Zone_04,0.1759,0.0729,0.0893,0.1064,0.1759,0.0976,0.0747,0.1506,0.129,0.0067,0.097
CT000057,Zone_08,Zone_05,0.1709,0.0766,0.0737,0.106,0.1126,0.1709,0.0592,0.1429,0.098,0.0226,0.1374
CT012741,Zone_07,Zone_03,0.1336,0.1226,0.0955,0.1336,0.105,0.089,0.0603,0.1194,0.1124,0.0759,0.0863
CT000319,Zone_04,Zone_07,0.144,0.0978,0.1309,0.1203,0.107,0.08,0.0682,0.144,0.1263,0.0258,0.0996
CT008630,Zone_07,Zone_05,0.1357,0.1011,0.0915,0.1155,0.122,0.1357,0.0903,0.0943,0.1326,0.0152,0.1018
CT018729,Zone_08,Zone_10,0.1849,0.0539,0.123,0.0608,0.0896,0.1796,0.0792,0.1018,0.0998,0.0273,0.1849
CT007025,Zone_03,Zone_04,0.1885,0.099,0.0962,0.1484,0.1885,0.0685,0.0694,0.1209,0.0889,0.0166,0.1036
CT008184,Zone_02,Zone_04,0.1647,0.0897,0.0897,0.0832,0.1647,0.0888,0.0961,0.1144,0.1102,0.0577,0.1056
CT014282,Zone_01,Zone_07,0.2037,0.0595,0.074,0.0838,0.158,0.0325,0.029,0.2037,0.1531,0.1105,0.0958
CT018158,Zone_07,Zone_04,0.1621,0.1097,0.0835,0.119,0.1621,0.0519,0.0674,0.1369,0.1323,0.0942,0.0431
CT014546,Zone_07,Zone_08,0.1376,0.0639,0.1176,0.0934,0.1,0.0752,0.0894,0.1017,0.1376,0.1173,0.104
CT012730,Zone_08,Zone_10,0.1379,0.1137,0.0822,0.1019,0.0934,0.0691,0.0839,0.1058,0.1287,0.0834,0.1379
CT010299,Zone_08,Zone_04,0.132,0.1317,0.0895,0.094,0.132,0.0578,0.0743,0.12,0.1146,0.0944,0.0915
CT005184,Zone_08,Zone_03,0.1331,0.0801,0.1197,0.1331,0.1252,0.0629,0.1032,0.131,0.1055,0.0349,0.1043
CT004896,Zone_08,Zone_08,0.1661,0.0932,0.0885,0.1122,0.0922,0.082,0.0824,0.1231,0.1661,0.0342,0.126
CT004871,Zone_08,Zone_10,0.1537,0.0714,0.0995,0.1052,0.1283,0.1353,0.054,0.1178,0.1147,0.0201,0.1537
CT014621,Zone_08,Zone_01,0.1692,0.1692,0.1043,0.0875,0.0948,0.1502,0.0739,0.1039,0.1068,0.0173,0.0922
CT010039,Zone_07,Zone_09,0.1641,0.1156,0.0829,0.0592,0.1539,0.0785,0.0588,0.1268,0.0894,0.1641,0.0708
CT019201,Zone_07,Zone_09,0.224,0.1256,0.0541,0.0935,0.1017,0.0362,0.0888,0.1085,0.118,0.224,0.0496
CT009837,Zone_01,Zone_04,0.1983,0.0988,0.081,0.1017,0.1983,0.0942,0.1027,0.1238,0.0905,0.0545,0.0545
CT019068,Zone_07,Zone_10,0.1616,0.0799,0.1113,0.0789,0.141,0.0833,0.0743,0.1414,0.0963,0.032,0.1616
CT005008,Zone_07,Zone_03,0.1544,0.1245,0.0949,0.1544,0.1048,0.0597,0.1009,0.1221,0.1133,0.0411,0.0841
CT012860,Zone_07,Zone_07,0.1487,0.1313,0.0977,0.1025,0.1053,0.0887,0.0623,0.1487,0.1163,0.036,0.1113
CT000817,Zone_07,Zone_10,0.1706,0.0752,0.0936,0.1154,0.1106,0.0871,0.1011,0.12,0.0781,0.0483,0.1706
CT008145,Zone_08,Zone_01,0.1762,0.1762,0.0991,0.1126,0.0692,0.0803,0.0983,0.1395,0.068,0.0482,0.1086
CT005066,Zone_07,Zone_01,0.1413,0.1413,0.1074,0.1188,0.1082,0.072,0.1132,0.1041,0.1206,0.0244,0.09
CT011481,Zone_08,Zone_06,0.177,0.07,0.1353,0.0536,0.1113,0.0548,0.177,0.1488,0.1263,0.0166,0.1063
CT017802,Zone_07,Zone_06,0.1618,0.1078,0.122,0.0564,0.0885,0.0954,0.1618,0.1062,0.1322,0.0406,0.0893
CT017649,Zone_08,Zone_10,0.1742,0.1355,0.0645,0.1009,0.1541,0.0528,0.0527,0.118,0.1104,0.0369,0.1742
CT015285,Zone_01,Zone_08,0.1356,0.1193,0.1147,0.1075,0.0865,0.0922,0.0737,0.0968,0.1356,0.0427,0.131
CT015231,Zone_08,Zone_08,0.1468,0.0787,0.099,0.0676,0.1216,0.0982,0.1393,0.1231,0.1468,0.0278,0.0979
CT002758,Zone_08,Zone_07,0.1741,0.1292,0.0853,0.0922,0.0991,0.0789,0.08,0.1741,0.1228,0.0327,0.1057
CT005525,Zone_04,Zone_08,0.149,0.0616,0.1077,0.1046,0.095,0.0897,0.0718,0.1065,0.149,0.0896,0.1245
CT016819,Zone_06,Zone_03,0.143,0.0688,0.1099,0.143,0.0724,0.0763,0.0759,0.1218,0.1334,0.0954,0.1032
CT009946,Zone_02,Zone_08,0.1351,0.1204,0.1166,0.0833,0.0923,0.0802,0.0341,0.1063,0.1351,0.108,0.1236
CT014238,Zone_08,Zone_04,0.129,0.1067,0.1219,0.0737,0.129,0.0544,0.0738,0.1261,0.1276,0.1061,0.0806
CT008593,Zone_07,Zone_10,0.1395,0.0979,0.1197,0.093,0.1274,0.0786,0.0922,0.1144,0.1184,0.0189,0.1395
CT006575,Zone_08,Zone_08,0.1487,0.0778,0.1426,0.1259,0.0918,0.0779,0.1137,0.0932,0.1487,0.0517,0.0767
CT000384,Zone_08,Zone_02,0.1677,0.1275,0.1677,0.0735,0.1455,0.0799,0.0664,0.1164,0.1121,0.061,0.05
CT001066,Zone_10,Zone_04,0.1526,0.1103,0.1076,0.1123,0.1526,0.1171,0.0769,0.1068,0.1107,0.0174,0.0882
CT007051,Zone_10,Zone_07,0.1528,0.0922,0.1098,0.0823,0.0755,0.1058,0.0339,0.1528,0.1323,0.0758,0.1395
CT017241,Zone_04,Zone_08,0.1299,0.0742,0.0928,0.121,0.1129,0.0821,0.0911,0.1277,0.1299,0.0624,0.1058
CT002085,Zone_08,Zone_07,0.1766,0.0777,0.0877,0.1406,0.0794,0.1381,0.0702,0.1766,0.1155,0.0334,0.0808
CT006903,Zone_08,Zone_10,0.1347,0.1342,0.0932,0.1015,0.091,0.1068,0.0457,0.1181,0.1222,0.0527,0.1347
CT014855,Zone_07,Zone_06,0.1648,0.1184,0.122,0.0713,0.0846,0.0982,0.1648,0.105,0.0997,0.0443,0.0916
CT004515,Zone_03,Zone_07,0.1794,0.0899,0.096,0.1005,0.0887,0.1165,0.0703,0.1794,0.1348,0.0634,0.0606
CT006306,Zone_03,Zone_08,0.1435,0.133,0.1091,0.0882,0.1074,0.0824,0.0786,0.133,0.1435,0.0281,0.0965
CT013358,Zone_03,Zone_10,0.1616,0.0794,0.0934,0.0873,0.1139,0.1399,0.0568,0.1144,0.1206,0.0328,0.1616
CT013946,Zone_07,Zone_07,0.161,0.1047,0.0972,0.0931,0.1405,0.1149,0.0549,0.161,0.1127,0.0328,0.0882
CT007536,Zone_10,Zone_08,0.1487,0.1054,0.0731,0.1262,0.123,0.0873,0.0582,0.1245,0.1487,0.0194,0.1341
CT012403,Zone_08,Zone_06,0.1707,0.1015,0.1114,0.0722,0.0943,0.0933,0.1707,0.1186,0.1406,0.0253,0.0722
CT012312,Zone_08,Zone_07,0.1582,0.0868,0.0927,0.0737,0.1204,0.1159,0.0907,0.1582,0.1359,0.0336,0.0921
CT010677,Zone_08,Zone_02,0.1703,0.0828,0.1703,0.1479,0.07,0.0673,0.0826,0.1293,0.1308,0.039,0.0801
CT005758,Zone_08,Zone_03,0.1877,0.0935,0.1272,0.1877,0.1273,0.0663,0.0525,0.1491,0.0992,0.0106,0.0865
CT005509,Zone_07,Zone_09,0.1283,0.0959,0.1052,0.1214,0.119,0.0472,0.0754,0.123,0.1025,0.1283,0.0821
CT004337,Zone_02,Zone_10,0.19,0.1283,0.1057,0.087,0.1041,0.0579,0.0684,0.1199,0.1131,0.0255,0.19
CT015227,Zone_04,Zone_09,0.3333,0.0757,0.0849,0.0796,0.079,0.0506,0.0573,0.0752,0.0789,0.3333,0.0856
CT013272,Zone_08,Zone_08,0.1595,0.0599,0.1246,0.1155,0.0909,0.0599,0.1119,0.1146,0.1595,0.0259,0.1372
CT006556,Zone_05,Zone_08,0.1383,0.1303,0.0662,0.1225,0.1004,0.0953,0.1085,0.0954,0.1383,0.0477,0.0955
CT008256,Zone_01,Zone_06,0.1676,0.0724,0.1635,0.1122,0.0871,0.0895,0.1676,0.0992,0.1094,0.0287,0.0705
CT002732,Zone_04,Zone_03,0.1604,0.0821,0.123,0.1604,0.0862,0.0647,0.131,0.1162,0.1143,0.0459,0.0762
CT019964,Zone_10,Zone_07,0.1227,0.0869,0.0762,0.1154,0.0987,0.1061,0.0803,0.1227,0.1126,0.1167,0.0844
CT011348,Zone_02,Zone_04,0.168,0.0985,0.078,0.1006,0.168,0.0859,0.1064,0.1497,0.0869,0.0426,0.0833
CT007445,Zone_02,Zone_08,0.1682,0.0782,0.0673,0.0839,0.0858,0.0721,0.1173,0.1584,0.1682,0.0606,0.1083
CT017530,Zone_05,Zone_04,0.1806,0.1027,0.0704,0.1196,0.1806,0.1251,0.0377,0.1171,0.1542,0.0324,0.0603
CT007065,Zone_05,Zone_06,0.1303,0.1048,0.0866,0.1246,0.1002,0.0826,0.1303,0.1037,0.1023,0.0743,0.0906
CT004911,Zone_03,Zone_01,0.1351,0.1351,0.134,0.1113,0.1126,0.0725,0.044,0.1266,0.0965,0.0554,0.1118
CT012047,Zone_08,Zone_05,0.1473,0.0999,0.1038,0.1037,0.108,0.1473,0.0679,0.1097,0.1319,0.0177,0.11
CT015087,Zone_03,Zone_04,0.1424,0.0995,0.1079,0.1046,0.1424,0.0608,0.1011,0.1186,0.1122,0.0366,0.1163
CT002253,Zone_05,Zone_10,0.1376,0.1298,0.0933,0.1026,0.111,0.0944,0.0821,0.1199,0.0775,0.0518,0.1376
CT008690,Zone_07,Zone_03,0.1465,0.0519,0.1055,0.1465,0.1158,0.1053,0.1299,0.1098,0.1366,0.0377,0.061
CT001401,Zone_08,Zone_04,0.1492,0.1243,0.0988,0.1048,0.1492,0.0672,0.079,0.1099,0.1189,0.0253,0.1227
CT018264,Zone_08,Zone_08,0.1691,0.1264,0.0874,0.1273,0.1109,0.0439,0.0604,0.14,0.1691,0.0264,0.1082
CT012499,Zone_04,Zone_01,0.1728,0.1728,0.0925,0.1499,0.1124,0.0495,0.0736,0.1356,0.0873,0.0339,0.0924
CT014188,Zone_08,Zone_10,0.1672,0.1095,0.1148,0.0804,0.1039,0.0484,0.0466,0.1669,0.126,0.0363,0.1672
CT001447,Zone_06,Zone_07,0.1445,0.0837,0.0827,0.1248,0.0981,0.0581,0.1157,0.1445,0.1271,0.0311,0.1343
CT005759,Zone_04,Zone_04,0.1373,0.0855,0.102,0.0935,0.1373,0.0579,0.0862,0.1255,0.1034,0.09,0.1186
CT001867,Zone_10,Zone_08,0.1385,0.0779,0.1071,0.101,0.1315,0.0975,0.1075,0.1169,0.1385,0.0537,0.0686
CT009660,Zone_05,Zone_09,0.2154,0.0797,0.0756,0.1152,0.1248,0.0606,0.0546,0.1101,0.1182,0.2154,0.0458
CT019407,Zone_07,Zone_07,0.1275,0.0931,0.1012,0.0739,0.089,0.0712,0.1037,0.1275,0.1074,0.113,0.1201
CT000900,Zone_07,Zone_10,0.1521,0.0929,0.1173,0.14,0.106,0.0577,0.091,0.1057,0.1032,0.0341,0.1521
CT010112,Zone_04,Zone_03,0.1753,0.1048,0.103,0.1753,0.1205,0.0616,0.0671,0.1175,0.1058,0.0624,0.0819
CT000976,Zone_07,Zone_02,0.1414,0.071,0.1414,0.1069,0.121,0.0845,0.1026,0.1174,0.139,0.0363,0.08
CT002203,Zone_06,Zone_03,0.1521,0.0991,0.1037,0.1521,0.1306,0.0434,0.1121,0.1133,0.0975,0.0531,0.0951
CT011247,Zone_04,Zone_08,0.1482,0.1118,0.1242,0.1461,0.1132,0.0718,0.0523,0.1212,0.1482,0.0273,0.084
CT004561,Zone_09,Zone_01,0.1737,0.1737,0.0914,0.0938,0.0933,0.047,0.0854,0.108,0.1412,0.0748,0.0914
CT004110,Zone_07,Zone_04,0.1364,0.0942,0.1236,0.0941,0.1364,0.0797,0.0816,0.1184,0.1335,0.0339,0.1046
CT006240,Zone_08,Zone_03,0.1701,0.0687,0.104,0.1701,0.0979,0.0635,0.1122,0.1064,0.1157,0.0925,0.069
CT011917,Zone_07,Zone_04,0.1598,0.0954,0.0917,0.1273,0.1598,0.0989,0.0639,0.1066,0.0883,0.0301,0.138
CT012620,Zone_10,Zone_02,0.1558,0.1338,0.1558,0.1207,0.1218,0.0571,0.0506,0.1357,0.1062,0.0427,0.0756
CT010265,Zone_04,Zone_01,0.1608,0.1608,0.1127,0.0919,0.0994,0.0764,0.079,0.1346,0.0978,0.0475,0.0999
CT000252,Zone_07,Zone_04,0.1583,0.1103,0.0812,0.13,0.1583,0.0648,0.0653,0.1476,0.113,0.0457,0.0838
CT005214,Zone_06,Zone_07,0.1797,0.0678,0.1057,0.1687,0.0924,0.07,0.0438,0.1797,0.1021,0.0411,0.1287
CT002858,Zone_08,Zone_07,0.1509,0.0904,0.0772,0.1272,0.0914,0.0914,0.1324,0.1509,0.0912,0.0339,0.1141
CT007245,Zone_08,Zone_02,0.1636,0.0876,0.1636,0.0649,0.1413,0.0572,0.0427,0.1384,0.1512,0.1012,0.0519
CT017432,Zone_03,Zone_10,0.154,0.0657,0.076,0.11,0.0904,0.0799,0.0817,0.1255,0.1536,0.0631,0.154
CT019637,Zone_07,Zone_07,0.1563,0.1112,0.129,0.0999,0.092,0.0804,0.0608,0.1563,0.1233,0.0468,0.1002
CT002286,Zone_03,Zone_03,0.1575,0.1441,0.0901,0.1575,0.1095,0.0674,0.0486,0.1485,0.1154,0.0309,0.0879
CT009084,Zone_01,Zone_07,0.2124,0.1078,0.0837,0.0973,0.0954,0.0655,0.0462,0.2124,0.1183,0.0666,0.1068
CT005351,Zone_06,Zone_10,0.1604,0.0985,0.0785,0.097,0.089,0.1143,0.1285,0.1069,0.1027,0.0241,0.1604
CT010137,Zone_08,Zone_08,0.1483,0.0577,0.105,0.1399,0.1441,0.0825,0.0954,0.0986,0.1483,0.036,0.0927
CT005355,Zone_06,Zone_07,0.1485,0.1007,0.0886,0.1091,0.1208,0.0969,0.052,0.1485,0.1094,0.0368,0.1372
CT015330,Zone_04,Zone_07,0.193,0.0783,0.0758,0.1121,0.0996,0.076,0.0756,0.193,0.1475,0.0204,0.1218
CT012079,Zone_03,Zone_08,0.1408,0.0983,0.1204,0.1086,0.1088,0.1006,0.082,0.1174,0.1408,0.0263,0.0969
CT013800,Zone_08,Zone_05,0.1811,0.0759,0.1036,0.1188,0.095,0.1811,0.0763,0.1532,0.1051,0.0279,0.0633
CT005866,Zone_04,Zone_08,0.1536,0.073,0.1219,0.0783,0.1227,0.0764,0.1255,0.1375,0.1536,0.0246,0.0864
CT014015,Zone_07,Zone_08,0.1543,0.1274,0.0748,0.1099,0.1178,0.1136,0.0762,0.1434,0.1543,0.0266,0.0561
CT007002,Zone_06,Zone_10,0.1404,0.0902,0.0698,0.079,0.1203,0.1158,0.1061,0.1318,0.1249,0.0218,0.1404
CT017012,Zone_03,Zone_01,0.164,0.164,0.1125,0.0811,0.1321,0.0367,0.069,0.1347,0.1523,0.0326,0.085
CT011461,Zone_08,Zone_07,0.1405,0.0967,0.103,0.1016,0.0941,0.0698,0.1296,0.1405,0.1025,0.032,0.1302
CT013966,Zone_10,Zone_07,0.1571,0.1275,0.0954,0.1109,0.0923,0.0973,0.0766,0.1571,0.1124,0.019,0.1114
CT010263,Zone_02,Zone_08,0.1815,0.1022,0.1172,0.1304,0.0924,0.0651,0.0619,0.1587,0.1815,0.017,0.0737
CT002931,Zone_07,Zone_08,0.1342,0.1035,0.1212,0.0824,0.0812,0.076,0.1193,0.1134,0.1342,0.0394,0.1295
CT010205,Zone_08,Zone_08,0.1377,0.0558,0.0992,0.1288,0.1226,0.0892,0.0938,0.1339,0.1377,0.0611,0.0777
CT012727,Zone_06,Zone_10,0.1841,0.0754,0.0801,0.1124,0.1608,0.071,0.0512,0.1103,0.1244,0.0301,0.1841
CT003516,Zone_07,Zone_09,0.1276,0.0645,0.087,0.0885,0.1086,0.1138,0.1261,0.0933,0.0985,0.1276,0.0921
CT008486,Zone_07,Zone_02,0.1693,0.0498,0.1693,0.1316,0.1199,0.1096,0.1008,0.1346,0.1043,0.0162,0.0639
CT008082,Zone_08,Zone_03,0.1429,0.0716,0.1078,0.1429,0.118,0.108,0.0841,0.1231,0.1273,0.0195,0.0979
CT006042,Zone_02,Zone_08,0.1452,0.1012,0.1127,0.1268,0.1411,0.0728,0.0653,0.1078,0.1452,0.015,0.1121
CT018468,Zone_03,Zone_02,0.1835,0.0789,0.1835,0.1123,0.1301,0.0855,0.0836,0.119,0.0997,0.051,0.0565
CT016401,Zone_06,Zone_10,0.161,0.0696,0.0715,0.1202,0.1075,0.0917,0.0856,0.1394,0.1237,0.0298,0.161
CT003489,Zone_01,Zone_10,0.1779,0.0777,0.0748,0.1348,0.0878,0.105,0.0728,0.124,0.0905,0.0549,0.1779
CT016396,Zone_04,Zone_06,0.1884,0.0674,0.1281,0.1238,0.1263,0.1051,0.1884,0.1081,0.097,0.0129,0.0428
CT007265,Zone_08,Zone_10,0.1476,0.0768,0.0812,0.0699,0.134,0.1045,0.101,0.127,0.1302,0.0278,0.1476
CT010317,Zone_04,Zone_08,0.1568,0.1138,0.0858,0.1049,0.1238,0.11,0.0593,0.1153,0.1568,0.0395,0.0908
CT010209,Zone_04,Zone_08,0.1592,0.0924,0.0981,0.1431,0.0921,0.0906,0.0711,0.1259,0.1592,0.0373,0.0902
CT001339,Zone_07,Zone_10,0.1686,0.1235,0.0722,0.1087,0.1075,0.1368,0.0748,0.0949,0.0967,0.0165,0.1686
CT000309,Zone_04,Zone_10,0.1792,0.0692,0.1551,0.0886,0.0995,0.0788,0.0455,0.1183,0.129,0.0368,0.1792
CT012760,Zone_08,Zone_08,0.1414,0.1109,0.0763,0.1008,0.1275,0.1159,0.0763,0.1325,0.1414,0.0257,0.0927
CT013436,Zone_08,Zone_07,0.1246,0.109,0.1227,0.1006,0.1123,0.0663,0.0836,0.1246,0.1083,0.083,0.0896
CT000328,Zone_07,Zone_04,0.1418,0.0959,0.1092,0.1061,0.1418,0.0713,0.1058,0.0928,0.1212,0.031,0.1248
CT008186,Zone_06,Zone_08,0.1255,0.0905,0.1009,0.1178,0.1016,0.0692,0.0861,0.1178,0.1255,0.0683,0.1223
CT011835,Zone_04,Zone_10,0.2127,0.1013,0.0984,0.0973,0.0957,0.0521,0.0646,0.1446,0.0967,0.0367,0.2127
CT016186,Zone_03,Zone_06,0.1499,0.0576,0.0983,0.0773,0.147,0.0778,0.1499,0.1257,0.13,0.0367,0.0998
CT005945,Zone_02,Zone_04,0.2244,0.0907,0.1164,0.0663,0.2244,0.057,0.1081,0.0961,0.1538,0.0091,0.0781
CT015121,Zone_04,Zone_07,0.1602,0.0885,0.08,0.1081,0.1095,0.0878,0.0818,0.1602,0.1273,0.0414,0.1154
CT017533,Zone_01,Zone_07,0.1972,0.0965,0.1007,0.1124,0.1033,0.0435,0.0858,0.1972,0.1372,0.0199,0.1035
CT016531,Zone_08,Zone_07,0.1411,0.0968,0.1181,0.0896,0.1259,0.1125,0.0894,0.1411,0.1297,0.0264,0.0705
CT005776,Zone_02,Zone_06,0.1425,0.0673,0.1398,0.1004,0.1118,0.0604,0.1425,0.1065,0.139,0.0166,0.1158
CT009633,Zone_04,Zone_05,0.1701,0.1196,0.0922,0.1074,0.0855,0.1701,0.0997,0.087,0.104,0.0398,0.0949
CT015682,Zone_08,Zone_04,0.1916,0.107,0.0837,0.1334,0.1916,0.0733,0.0974,0.0867,0.0869,0.0069,0.1331
CT007555,Zone_08,Zone_08,0.1446,0.0655,0.1393,0.105,0.1145,0.0765,0.084,0.1197,0.1446,0.0926,0.0583
CT009636,Zone_02,Zone_07,0.1356,0.1156,0.1129,0.1325,0.1068,0.0726,0.0665,0.1356,0.123,0.0373,0.0971
CT001676,Zone_10,Zone_02,0.1744,0.0699,0.1744,0.158,0.1073,0.0738,0.1013,0.1148,0.0964,0.0244,0.0797
CT010219,Zone_02,Zone_08,0.136,0.1308,0.1245,0.1265,0.0806,0.0849,0.0665,0.1319,0.136,0.0302,0.0881
CT008367,Zone_03,Zone_10,0.1372,0.1184,0.1108,0.095,0.1292,0.0726,0.0692,0.1202,0.1337,0.0138,0.1372
CT002862,Zone_07,Zone_07,0.1374,0.0727,0.0813,0.1075,0.1144,0.122,0.1231,0.1374,0.1101,0.0242,0.1073
CT000102,Zone_07,Zone_04,0.1601,0.0702,0.1514,0.1117,0.1601,0.063,0.0187,0.1146,0.1402,0.044,0.126
CT005383,Zone_07,Zone_07,0.1312,0.123,0.126,0.1168,0.097,0.0724,0.0904,0.1312,0.112,0.0204,0.111
CT012289,Zone_10,Zone_05,0.1458,0.1089,0.1094,0.1198,0.1153,0.1458,0.0667,0.111,0.1281,0.025,0.0701
CT007487,Zone_04,Zone_07,0.1377,0.0862,0.0889,0.1346,0.1042,0.0752,0.1272,0.1377,0.1153,0.0197,0.1109
CT014635,Zone_03,Zone_03,0.2206,0.049,0.0487,0.2206,0.1012,0.0681,0.0871,0.1771,0.1293,0.0701,0.0488
CT012661,Zone_10,Zone_04,0.1439,0.0882,0.1081,0.0957,0.1439,0.0921,0.0707,0.1228,0.1309,0.0601,0.0877
CT016463,Zone_03,Zone_06,0.1591,0.0899,0.104,0.1225,0.1123,0.0832,0.1591,0.1026,0.0949,0.0536,0.0779
CT002361,Zone_07,Zone_08,0.1673,0.0706,0.1344,0.1311,0.1343,0.0785,0.0715,0.0762,0.1673,0.0307,0.1055
CT005168,Zone_07,Zone_09,0.2613,0.0626,0.0538,0.0452,0.1089,0.096,0.0701,0.1101,0.1448,0.2613,0.0471
CT008420,Zone_03,Zone_08,0.1905,0.0845,0.0871,0.1605,0.0845,0.0528,0.0687,0.1322,0.1905,0.0722,0.067
CT013432,Zone_08,Zone_07,0.1481,0.1023,0.0775,0.1255,0.1128,0.1091,0.0574,0.1481,0.1435,0.0166,0.107
CT009528,Zone_03,Zone_07,0.1462,0.0981,0.0905,0.0952,0.1078,0.0765,0.1025,0.1462,0.1231,0.0294,0.1307
CT009646,Zone_08,Zone_07,0.1472,0.1075,0.131,0.1267,0.1225,0.0922,0.0587,0.1472,0.1099,0.0344,0.0699
CT007356,Zone_05,Zone_02,0.211,0.0647,0.211,0.116,0.0638,0.0504,0.0678,0.1056,0.0914,0.1158,0.1134
CT007366,Zone_03,Zone_08,0.1466,0.0619,0.1145,0.0907,0.1257,0.0785,0.1004,0.1243,0.1466,0.0505,0.1068
CT006483,Zone_07,Zone_07,0.1412,0.0865,0.1048,0.0764,0.1059,0.1411,0.0725,0.1412,0.135,0.0415,0.0951
CT005963,Zone_08,Zone_05,0.1772,0.0771,0.0682,0.0688,0.1267,0.1772,0.0718,0.1028,0.1213,0.127,0.0592
CT005657,Zone_06,Zone_03,0.1454,0.0614,0.1409,0.1454,0.1158,0.1107,0.0271,0.1236,0.1222,0.0793,0.0737
CT001604,Zone_07,Zone_02,0.1763,0.0935,0.1763,0.0811,0.1218,0.1214,0.0696,0.1246,0.0871,0.0583,0.0665
CT001776,Zone_07,Zone_01,0.1376,0.1376,0.1027,0.0828,0.1302,0.101,0.0593,0.1318,0.102,0.0661,0.0866
CT002184,Zone_03,Zone_07,0.1289,0.1221,0.086,0.1036,0.1147,0.1231,0.1093,0.1289,0.0903,0.0508,0.0711
CT010406,Zone_01,Zone_03,0.1595,0.0866,0.1529,0.1595,0.1009,0.0821,0.0573,0.1292,0.0852,0.0822,0.064
CT004360,Zone_07,Zone_03,0.1507,0.0441,0.0995,0.1507,0.0922,0.0594,0.0937,0.1301,0.1469,0.0728,0.1105
CT019316,Zone_03,Zone_04,0.1419,0.117,0.097,0.1353,0.1419,0.0655,0.0557,0.1358,0.1247,0.0336,0.0935
CT017514,Zone_04,Zone_10,0.142,0.0828,0.0757,0.0856,0.1139,0.1133,0.1024,0.0879,0.139,0.0573,0.142
CT015877,Zone_06,Zone_07,0.1516,0.1042,0.074,0.1124,0.1302,0.1141,0.089,0.1516,0.1072,0.0301,0.0871
CT009447,Zone_07,Zone_06,0.214,0.114,0.0884,0.0988,0.0814,0.0617,0.214,0.0876,0.1548,0.0441,0.0552
CT002853,Zone_07,Zone_08,0.1509,0.0799,0.0957,0.1112,0.0914,0.0758,0.117,0.0961,0.1509,0.0347,0.1473
CT003577,Zone_07,Zone_10,0.1606,0.117,0.0615,0.0975,0.0975,0.0782,0.0952,0.1293,0.1414,0.0216,0.1606
CT007796,Zone_07,Zone_04,0.126,0.1242,0.1018,0.0903,0.126,0.0882,0.1164,0.1184,0.1053,0.0192,0.1102
CT007836,Zone_04,Zone_10,0.2458,0.1062,0.0895,0.0853,0.0954,0.0744,0.1004,0.0921,0.0916,0.0195,0.2458
CT014447,Zone_08,Zone_02,0.1447,0.1139,0.1447,0.1445,0.0973,0.0532,0.1028,0.121,0.0957,0.0297,0.0972
CT000714,Zone_06,Zone_08,0.1896,0.066,0.1229,0.1262,0.1139,0.062,0.0551,0.1643,0.1896,0.0122,0.0877
CT017037,Zone_10,Zone_06,0.1693,0.111,0.0994,0.1043,0.1062,0.0561,0.1693,0.1227,0.0884,0.0354,0.1073
CT013630,Zone_08,Zone_02,0.1589,0.14,0.1589,0.1131,0.1025,0.1207,0.0559,0.1143,0.1092,0.0162,0.0693
CT010660,Zone_08,Zone_07,0.1527,0.1059,0.1179,0.1193,0.0927,0.085,0.0761,0.1527,0.1095,0.0393,0.1017
CT000052,Zone_02,Zone_03,0.1394,0.1259,0.1233,0.1394,0.0883,0.1117,0.0816,0.0842,0.1253,0.043,0.0775
CT019391,Zone_04,Zone_07,0.1454,0.0807,0.0808,0.1401,0.1401,0.065,0.0652,0.1454,0.1271,0.0311,0.1246
CT017627,Zone_08,Zone_06,0.1718,0.0931,0.1012,0.0863,0.1182,0.0748,0.1718,0.0932,0.1161,0.065,0.0803
CT001028,Zone_05,Zone_03,0.1356,0.0731,0.1075,0.1356,0.1344,0.0921,0.0581,0.1131,0.126,0.0251,0.1351
CT010703,Zone_03,Zone_05,0.1346,0.1294,0.1077,0.0671,0.0983,0.1346,0.0909,0.1259,0.1279,0.0365,0.0817
CT003315,Zone_04,Zone_07,0.1737,0.0613,0.0909,0.0798,0.1123,0.0856,0.0502,0.1737,0.1637,0.047,0.1354
CT008272,Zone_03,Zone_10,0.144,0.0887,0.1339,0.0892,0.1377,0.069,0.0639,0.112,0.1059,0.0556,0.144
CT019381,Zone_02,Zone_08,0.1578,0.0756,0.0911,0.0739,0.0935,0.1541,0.082,0.1291,0.1578,0.0712,0.0716
CT006600,Zone_05,Zone_03,0.2207,0.0572,0.1145,0.2207,0.0875,0.056,0.0757,0.0904,0.1556,0.0548,0.0876
CT006128,Zone_02,Zone_09,0.1367,0.0873,0.115,0.065,0.0731,0.1127,0.064,0.1222,0.1311,0.1367,0.0929
CT009926,Zone_10,Zone_02,0.1858,0.086,0.1858,0.1604,0.0995,0.0613,0.0644,0.1377,0.1006,0.0391,0.0654
CT001353,Zone_04,Zone_05,0.1536,0.0972,0.1278,0.0969,0.0924,0.1536,0.0415,0.1355,0.0936,0.0472,0.1144
CT002561,Zone_08,Zone_08,0.1572,0.0676,0.0723,0.1203,0.0933,0.0961,0.1486,0.1233,0.1572,0.0123,0.1089
CT000322,Zone_08,Zone_07,0.1903,0.0804,0.0857,0.1285,0.1259,0.0937,0.0791,0.1903,0.1173,0.0293,0.0696
CT011146,Zone_07,Zone_04,0.1358,0.0888,0.1228,0.1258,0.1358,0.0545,0.09,0.1347,0.113,0.0269,0.1077
CT005484,Zone_05,Zone_10,0.1737,0.0859,0.1063,0.0828,0.1463,0.0703,0.1159,0.0901,0.0975,0.0313,0.1737
CT001103,Zone_07,Zone_07,0.1682,0.0861,0.1047,0.0862,0.1339,0.0464,0.1165,0.1682,0.1042,0.0437,0.1101
CT011025,Zone_04,Zone_07,0.1494,0.0871,0.1077,0.0906,0.1235,0.0808,0.0803,0.1494,0.1357,0.0656,0.0793
CT011359,Zone_01,Zone_08,0.1372,0.0924,0.123,0.0965,0.1113,0.0487,0.1003,0.1372,0.1372,0.0634,0.0901
CT014082,Zone_03,Zone_07,0.1422,0.1095,0.108,0.0884,0.1015,0.122,0.0937,0.1422,0.104,0.0269,0.1038
CT001252,Zone_03,Zone_04,0.1413,0.0822,0.1085,0.1326,0.1413,0.0695,0.1012,0.1044,0.0905,0.0636,0.1063
CT004098,Zone_08,Zone_07,0.1278,0.0854,0.067,0.0891,0.1222,0.0777,0.1259,0.1278,0.1267,0.0682,0.1099
CT010098,Zone_10,Zone_07,0.1615,0.073,0.0757,0.159,0.1137,0.0927,0.1165,0.1615,0.119,0.0093,0.0796
CT007311,Zone_05,Zone_03,0.1749,0.1201,0.0962,0.1749,0.0972,0.073,0.0453,0.1121,0.117,0.0194,0.1449
CT004684,Zone_08,Zone_08,0.1488,0.0942,0.1175,0.122,0.1106,0.0679,0.0978,0.1303,0.1488,0.0195,0.0914
CT013783,Zone_07,Zone_08,0.1673,0.0669,0.1429,0.1395,0.1256,0.0659,0.0606,0.1445,0.1673,0.0313,0.0554
CT015509,Zone_03,Zone_05,0.1502,0.0895,0.1102,0.088,0.1006,0.1502,0.1047,0.1272,0.0914,0.0514,0.0867
CT014916,Zone_01,Zone_08,0.1366,0.1248,0.1209,0.0958,0.099,0.0715,0.0828,0.1354,0.1366,0.0554,0.0778
CT006085,Zone_03,Zone_05,0.152,0.0996,0.0755,0.1041,0.1024,0.152,0.0981,0.1378,0.1087,0.0391,0.0828
CT011541,Zone_07,Zone_05,0.135,0.1206,0.1147,0.0911,0.0846,0.135,0.0636,0.1146,0.1157,0.0289,0.1312
CT014396,Zone_01,Zone_01,0.1829,0.1829,0.0739,0.0865,0.0975,0.1366,0.0607,0.1042,0.167,0.0108,0.0798
CT004921,Zone_05,Zone_03,0.1412,0.076,0.1229,0.1412,0.139,0.0732,0.0622,0.1402,0.1372,0.0426,0.0655
CT012287,Zone_07,Zone_02,0.1851,0.0563,0.1851,0.1233,0.0812,0.0685,0.1105,0.1241,0.1222,0.0123,0.1166
CT012410,Zone_07,Zone_05,0.1481,0.1123,0.0876,0.1386,0.0932,0.1481,0.073,0.1216,0.1217,0.0316,0.0724
CT012359,Zone_06,Zone_06,0.1267,0.0962,0.1186,0.0907,0.1076,0.1076,0.1267,0.1042,0.1235,0.0277,0.0971
CT006848,Zone_08,Zone_10,0.1631,0.0867,0.0774,0.0912,0.1004,0.0594,0.1514,0.1563,0.1049,0.0092,0.1631
CT015402,Zone_05,Zone_08,0.132,0.09,0.093,0.1058,0.1015,0.1028,0.1215,0.1227,0.132,0.0129,0.1178
CT014963,Zone_02,Zone_04,0.125,0.1184,0.0821,0.0878,0.125,0.0653,0.1246,0.1171,0.1112,0.0728,0.0956
CT012127,Zone_04,Zone_03,0.1445,0.0888,0.0804,0.1445,0.098,0.09,0.0912,0.1014,0.1321,0.0481,0.1255
CT006397,Zone_07,Zone_07,0.1393,0.0934,0.0832,0.1223,0.1149,0.075,0.0972,0.1393,0.1365,0.0231,0.115
CT004945,Zone_07,Zone_08,0.1421,0.0841,0.0968,0.1346,0.1227,0.0925,0.0717,0.1343,0.1421,0.026,0.0952
CT019370,Zone_07,Zone_02,0.173,0.0968,0.173,0.1081,0.1032,0.0421,0.0472,0.1466,0.1372,0.0349,0.1109
CT011784,Zone_08,Zone_08,0.1528,0.1012,0.1427,0.1338,0.1232,0.0442,0.0553,0.1367,0.1528,0.0266,0.0836
CT008605,Zone_08,Zone_07,0.1569,0.0679,0.1041,0.1415,0.1047,0.0602,0.0481,0.1569,0.148,0.0564,0.1123
CT015199,Zone_03,Zone_01,0.1513,0.1513,0.0771,0.1307,0.1372,0.1295,0.0557,0.1124,0.1195,0.0103,0.0763
CT019332,Zone_07,Zone_07,0.1382,0.1207,0.1108,0.0886,0.1237,0.0659,0.085,0.1382,0.0903,0.0447,0.1321
CT009119,Zone_08,Zone_10,0.1227,0.0966,0.0868,0.0757,0.1061,0.0989,0.1014,0.1222,0.1075,0.0823,0.1227
CT006581,Zone_07,Zone_02,0.2063,0.0844,0.2063,0.0782,0.1133,0.06,0.0708,0.123,0.1053,0.0672,0.0915
CT005589,Zone_08,Zone_10,0.1821,0.0486,0.0659,0.1232,0.0889,0.1667,0.0612,0.1256,0.0907,0.0471,0.1821
CT006872,Zone_08,Zone_09,0.1572,0.1156,0.0926,0.0916,0.0836,0.0856,0.0458,0.1361,0.1315,0.1572,0.0602
CT008563,Zone_07,Zone_07,0.1794,0.0719,0.0837,0.1396,0.1258,0.0732,0.1135,0.1794,0.1259,0.0408,0.0462
CT011130,Zone_07,Zone_04,0.1438,0.1115,0.0671,0.1129,0.1438,0.1421,0.0946,0.1097,0.1074,0.0184,0.0925
CT003852,Zone_04,Zone_10,0.1611,0.0683,0.0763,0.146,0.0899,0.1066,0.0765,0.1048,0.1484,0.0221,0.1611
CT007623,Zone_03,Zone_05,0.1575,0.1017,0.0937,0.0711,0.1323,0.1575,0.0996,0.0891,0.1497,0.029,0.0763
CT015828,Zone_07,Zone_03,0.1597,0.0552,0.0793,0.1597,0.095,0.0556,0.1048,0.1452,0.1394,0.0327,0.1332
CT016460,Zone_04,Zone_07,0.178,0.074,0.1138,0.1531,0.0786,0.1108,0.0639,0.178,0.1556,0.0071,0.065
CT009274,Zone_07,Zone_07,0.1578,0.091,0.0865,0.079,0.1162,0.0784,0.0783,0.1578,0.0978,0.1018,0.1131
CT008660,Zone_08,Zone_03,0.1714,0.072,0.1368,0.1714,0.1162,0.0363,0.0663,0.1162,0.1344,0.1143,0.0361
CT005494,Zone_04,Zone_10,0.2089,0.0754,0.0665,0.1711,0.1067,0.0435,0.0619,0.1304,0.1221,0.0134,0.2089
CT011753,Zone_08,Zone_10,0.1826,0.0727,0.1212,0.0902,0.1,0.0653,0.1082,0.1024,0.1358,0.0216,0.1826
CT012187,Zone_02,Zone_01,0.1759,0.1759,0.0725,0.106,0.0917,0.0631,0.0579,0.1611,0.1052,0.0121,0.1543
CT014550,Zone_02,Zone_10,0.1525,0.0799,0.0807,0.0907,0.1056,0.0624,0.1524,0.1245,0.1237,0.0277,0.1525
CT018968,Zone_07,Zone_05,0.2597,0.0992,0.0561,0.0371,0.1464,0.2597,0.044,0.1095,0.1533,0.0366,0.058
CT014013,Zone_07,Zone_01,0.1582,0.1582,0.0973,0.1177,0.1186,0.0545,0.1074,0.1074,0.1068,0.0473,0.0848
CT014086,Zone_04,Zone_07,0.1456,0.1038,0.1131,0.1207,0.1012,0.0969,0.0572,0.1456,0.12,0.0311,0.1104
CT018953,Zone_06,Zone_10,0.1512,0.1237,0.102,0.1204,0.1105,0.0732,0.0655,0.1366,0.0927,0.0243,0.1512
CT004587,Zone_07,Zone_08,0.1676,0.1198,0.1039,0.0872,0.1335,0.0754,0.0475,0.1243,0.1676,0.0218,0.119
CT015242,Zone_07,Zone_08,0.1368,0.0701,0.1149,0.1277,0.1041,0.1028,0.0568,0.1311,0.1368,0.0265,0.1293
CT007558,Zone_04,Zone_02,0.1836,0.1671,0.1836,0.0753,0.1074,0.0531,0.0886,0.0779,0.0833,0.089,0.0746
CT018485,Zone_07,Zone_10,0.1391,0.116,0.0897,0.1079,0.1097,0.1001,0.0645,0.1231,0.1196,0.0303,0.1391
CT019026,Zone_07,Zone_07,0.1983,0.0863,0.0642,0.1068,0.0915,0.1088,0.069,0.1983,0.1338,0.0444,0.0969
CT007057,Zone_07,Zone_08,0.1577,0.0982,0.0827,0.1515,0.0931,0.0545,0.0652,0.1243,0.1577,0.0927,0.0802
CT000573,Zone_08,Zone_10,0.1424,0.1127,0.0922,0.0965,0.1159,0.0644,0.0694,0.122,0.1293,0.0552,0.1424
CT004311,Zone_07,Zone_07,0.1788,0.0825,0.089,0.154,0.1177,0.0826,0.0539,0.1788,0.1277,0.0209,0.093
CT010248,Zone_05,Zone_07,0.1365,0.0778,0.1275,0.1099,0.1323,0.1034,0.0759,0.1365,0.1121,0.0288,0.0959
CT008680,Zone_07,Zone_03,0.1456,0.0883,0.0697,0.1456,0.1275,0.1135,0.0578,0.1157,0.1448,0.0207,0.1164
CT014852,Zone_07,Zone_05,0.1805,0.0812,0.1037,0.1234,0.0869,0.1805,0.0811,0.1098,0.123,0.0456,0.065
CT009878,Zone_07,Zone_07,0.2084,0.0967,0.1111,0.1004,0.0937,0.0924,0.068,0.2084,0.0931,0.0139,0.1224
CT017732,Zone_02,Zone_02,0.1758,0.0744,0.1758,0.1413,0.1126,0.0523,0.083,0.1482,0.1194,0.022,0.071
CT012447,Zone_07,Zone_08,0.1464,0.1064,0.0849,0.0853,0.0759,0.1135,0.0779,0.0886,0.1464,0.1233,0.0978
CT018192,Zone_03,Zone_07,0.1505,0.0785,0.0619,0.0939,0.0946,0.0679,0.0971,0.1505,0.136,0.0835,0.1361
CT014768,Zone_08,Zone_03,0.1482,0.1023,0.119,0.1482,0.1262,0.078,0.0762,0.1069,0.1355,0.0479,0.0597
CT018980,Zone_08,Zone_02,0.1853,0.0747,0.1853,0.0721,0.1021,0.0807,0.0814,0.1017,0.1291,0.0515,0.1215
CT017075,Zone_08,Zone_07,0.1286,0.1119,0.1242,0.1177,0.1145,0.0813,0.0559,0.1286,0.1101,0.0624,0.0933
CT010812,Zone_08,Zone_03,0.1632,0.0586,0.0985,0.1632,0.1274,0.1002,0.0635,0.1578,0.1239,0.0369,0.0701
CT013717,Zone_08,Zone_07,0.2141,0.0934,0.0813,0.1068,0.1521,0.0341,0.1049,0.2141,0.1156,0.0408,0.057
CT012100,Zone_08,Zone_04,0.1729,0.0682,0.1056,0.0996,0.1729,0.1047,0.0467,0.1439,0.1279,0.0181,0.1123
CT002967,Zone_04,Zone_06,0.2129,0.0806,0.1394,0.0722,0.0658,0.0654,0.2129,0.1083,0.1001,0.0235,0.1317
CT008202,Zone_10,Zone_07,0.1465,0.1063,0.0939,0.1063,0.1397,0.0974,0.056,0.1465,0.1433,0.0303,0.0803
CT009506,Zone_08,Zone_07,0.1494,0.1032,0.0656,0.1062,0.1277,0.0664,0.0862,0.1494,0.1443,0.05,0.101
CT018480,Zone_03,Zone_07,0.1657,0.0795,0.1299,0.0946,0.1286,0.0594,0.0535,0.1657,0.1304,0.0522,0.1063
CT009950,Zone_07,Zone_03,0.1944,0.0574,0.0903,0.1944,0.0752,0.0705,0.1255,0.1424,0.1131,0.0326,0.0987
CT005137,Zone_02,Zone_10,0.2046,0.054,0.141,0.0578,0.1551,0.0504,0.0344,0.1306,0.1203,0.0518,0.2046
CT002043,Zone_08,Zone_10,0.18,0.1012,0.0906,0.0933,0.0977,0.0697,0.1074,0.1179,0.1006,0.0417,0.18
CT006956,Zone_08,Zone_10,0.1269,0.0961,0.1068,0.1155,0.0999,0.0891,0.1058,0.1167,0.1182,0.0251,0.1269
CT003442,Zone_01,Zone_03,0.2046,0.0839,0.0809,0.2046,0.0941,0.0518,0.1156,0.1143,0.1469,0.0331,0.0746
CT017824,Zone_07,Zone_07,0.1325,0.1005,0.1059,0.1136,0.1189,0.0941,0.088,0.1325,0.1294,0.0253,0.0917
CT013005,Zone_08,Zone_04,0.1892,0.0494,0.0923,0.135,0.1892,0.0352,0.0855,0.0907,0.1557,0.0632,0.1039
CT006435,Zone_07,Zone_07,0.1504,0.0928,0.0845,0.1246,0.1075,0.0905,0.1025,0.1504,0.1144,0.0266,0.1064
CT014886,Zone_07,Zone_02,0.1635,0.107,0.1635,0.1119,0.1117,0.0864,0.0532,0.104,0.1457,0.0324,0.0842
CT015690,Zone_10,Zone_07,0.1922,0.1108,0.0482,0.1117,0.1237,0.0871,0.0541,0.1922,0.1501,0.0224,0.0996
CT019298,Zone_07,Zone_02,0.1934,0.0985,0.1934,0.0826,0.1418,0.0543,0.0852,0.1503,0.074,0.055,0.0649
CT001736,Zone_07,Zone_10,0.1829,0.0758,0.1325,0.1147,0.0824,0.0824,0.069,0.1108,0.1251,0.0245,0.1829
CT015709,Zone_04,Zone_04,0.1524,0.0944,0.0836,0.0912,0.1524,0.0997,0.065,0.1451,0.135,0.0203,0.1131
CT018558,Zone_01,Zone_03,0.1887,0.109,0.0594,0.1887,0.1139,0.0991,0.0617,0.0979,0.1481,0.0412,0.0809
CT012394,Zone_02,Zone_08,0.1374,0.1087,0.0968,0.1335,0.0844,0.0772,0.1211,0.1213,0.1374,0.0439,0.0756
CT014824,Zone_06,Zone_04,0.1626,0.0713,0.0964,0.1184,0.1626,0.0835,0.1356,0.1287,0.1145,0.016,0.073
CT012795,Zone_01,Zone_08,0.1748,0.1248,0.1466,0.0644,0.1324,0.0617,0.0558,0.1112,0.1748,0.0365,0.0918
CT005809,Zone_02,Zone_10,0.2201,0.0469,0.0596,0.081,0.0897,0.0501,0.1058,0.1596,0.1491,0.0381,0.2201
CT019615,Zone_04,Zone_08,0.1704,0.1313,0.1123,0.0721,0.1364,0.0601,0.0752,0.1424,0.1704,0.0116,0.0882
CT014388,Zone_08,Zone_10,0.1461,0.1181,0.0939,0.1182,0.0974,0.0669,0.0721,0.1315,0.1119,0.0438,0.1461
CT016434,Zone_06,Zone_07,0.1586,0.1153,0.1045,0.1034,0.1046,0.0746,0.074,0.1586,0.1405,0.0306,0.0939
CT000327,Zone_07,Zone_02,0.1472,0.0568,0.1472,0.1117,0.0821,0.064,0.0487,0.1239,0.1312,0.1233,0.1111
CT013675,Zone_07,Zone_07,0.1515,0.1205,0.108,0.0726,0.1042,0.0626,0.138,0.1515,0.1192,0.0237,0.0997
CT005286,Zone_03,Zone_03,0.2424,0.0753,0.0953,0.2424,0.1236,0.042,0.0779,0.0913,0.1271,0.0338,0.0913
CT016966,Zone_07,Zone_04,0.1827,0.0789,0.0801,0.1339,0.1827,0.1062,0.061,0.1086,0.1035,0.0356,0.1096
CT008176,Zone_06,Zone_01,0.1573,0.1573,0.1021,0.1074,0.1142,0.0761,0.0725,0.1184,0.1252,0.0358,0.0909
CT008244,Zone_05,Zone_04,0.1488,0.1181,0.07,0.111,0.1488,0.0827,0.0959,0.1169,0.1325,0.0228,0.1013
CT002473,Zone_08,Zone_10,0.1508,0.104,0.0778,0.1102,0.0955,0.1208,0.0763,0.1193,0.1015,0.0439,0.1508
CT001855,Zone_07,Zone_10,0.1384,0.1063,0.0729,0.0761,0.1341,0.1359,0.0732,0.0864,0.1079,0.0689,0.1384
CT005475,Zone_08,Zone_04,0.1386,0.0649,0.1362,0.0915,0.1386,0.0903,0.0735,0.1076,0.1267,0.0883,0.0824
CT015934,Zone_10,Zone_02,0.1551,0.0763,0.1551,0.1037,0.1203,0.0908,0.0614,0.1239,0.1367,0.034,0.0978
CT006628,Zone_08,Zone_08,0.1494,0.0707,0.1061,0.1304,0.1279,0.062,0.1032,0.1265,0.1494,0.0594,0.0645
CT012025,Zone_07,Zone_08,0.1723,0.1157,0.0662,0.0975,0.1082,0.0703,0.0819,0.1513,0.1723,0.0502,0.0864
CT019266,Zone_06,Zone_08,0.171,0.0882,0.1106,0.1125,0.0911,0.0711,0.0523,0.1544,0.171,0.0265,0.1223
CT010615,Zone_07,Zone_04,0.1373,0.113,0.1204,0.1015,0.1373,0.0883,0.085,0.0963,0.1371,0.0743,0.0467
CT009226,Zone_07,Zone_07,0.1646,0.0818,0.0824,0.11,0.1274,0.0762,0.1199,0.1646,0.1352,0.0326,0.0698
CT013100,Zone_05,Zone_08,0.1447,0.1231,0.1178,0.075,0.1182,0.1274,0.0932,0.0956,0.1447,0.0347,0.0702
CT008225,Zone_04,Zone_07,0.1778,0.0543,0.1198,0.0728,0.1689,0.0516,0.0779,0.1778,0.1099,0.0221,0.145
CT016089,Zone_07,Zone_02,0.1733,0.0936,0.1733,0.1333,0.0891,0.0459,0.0776,0.1352,0.0872,0.0203,0.1446
CT019846,Zone_04,Zone_04,0.1291,0.0991,0.1237,0.1046,0.1291,0.1006,0.0855,0.1206,0.1158,0.035,0.086
CT000487,Zone_08,Zone_05,0.1504,0.1021,0.0802,0.109,0.0716,0.1504,0.0891,0.1338,0.1179,0.0173,0.1285
CT015888,Zone_03,Zone_06,0.1923,0.0813,0.0878,0.0732,0.1107,0.0622,0.1923,0.0837,0.1011,0.0642,0.1434
CT012030,Zone_07,Zone_02,0.1475,0.1447,0.1475,0.127,0.1333,0.046,0.0664,0.0972,0.1091,0.0458,0.0831
CT002869,Zone_10,Zone_07,0.1326,0.0887,0.1279,0.0936,0.0926,0.0783,0.0985,0.1326,0.1268,0.0463,0.1147
CT019107,Zone_07,Zone_06,0.1624,0.0568,0.1032,0.14,0.1072,0.072,0.1624,0.1018,0.0829,0.076,0.0977
CT012004,Zone_09,Zone_05,0.1692,0.0727,0.0731,0.1006,0.09,0.1692,0.0896,0.135,0.1024,0.0729,0.0945
CT001056,Zone_08,Zone_07,0.1339,0.1268,0.1207,0.1111,0.1114,0.0725,0.0443,0.1339,0.1001,0.0777,0.1015
CT015614,Zone_02,Zone_08,0.1507,0.1234,0.0804,0.1129,0.1079,0.0912,0.0292,0.1379,0.1507,0.0817,0.0845
CT011505,Zone_07,Zone_08,0.1386,0.09,0.0977,0.0954,0.1244,0.093,0.0649,0.1254,0.1386,0.0792,0.0913
CT019745,Zone_01,Zone_05,0.1776,0.0768,0.0816,0.0961,0.0674,0.1776,0.1051,0.1386,0.146,0.02,0.0907
CT019455,Zone_08,Zone_08,0.1483,0.1012,0.0823,0.0943,0.135,0.0827,0.0972,0.13,0.1483,0.0266,0.1024
CT005040,Zone_07,Zone_06,0.1881,0.0886,0.1284,0.0736,0.15,0.0493,0.1881,0.0893,0.1263,0.0232,0.0833
CT008970,Zone_07,Zone_05,0.1454,0.089,0.089,0.1157,0.1352,0.1454,0.0599,0.1107,0.1143,0.0359,0.1048
CT009631,Zone_07,Zone_04,0.1462,0.1009,0.1155,0.1092,0.1462,0.1083,0.0857,0.1218,0.1036,0.0103,0.0985
CT013859,Zone_07,Zone_05,0.1703,0.1023,0.068,0.0866,0.1049,0.1703,0.0838,0.106,0.1171,0.0546,0.1065
CT010244,Zone_04,Zone_10,0.1801,0.1237,0.0647,0.1164,0.1104,0.0921,0.0536,0.1023,0.1266,0.0301,0.1801
CT002195,Zone_07,Zone_07,0.1621,0.0947,0.0993,0.1006,0.1153,0.0598,0.0895,0.1621,0.1419,0.0555,0.0812
CT014923,Zone_05,Zone_04,0.1463,0.1206,0.1316,0.0771,0.1463,0.0599,0.1335,0.1102,0.1076,0.0449,0.0682
CT013754,Zone_03,Zone_07,0.1451,0.0859,0.0835,0.108,0.1254,0.0873,0.0982,0.1451,0.0888,0.0445,0.1332
CT009731,Zone_04,Zone_08,0.191,0.0778,0.117,0.0923,0.1045,0.061,0.0699,0.133,0.191,0.039,0.1144
CT011796,Zone_08,Zone_07,0.1712,0.1228,0.1133,0.0739,0.1015,0.0997,0.0499,0.1712,0.1086,0.0337,0.1252
CT008277,Zone_08,Zone_05,0.1732,0.0571,0.0827,0.0873,0.138,0.1732,0.132,0.1016,0.1286,0.0226,0.0769
CT011177,Zone_08,Zone_02,0.2424,0.0718,0.2424,0.0584,0.0838,0.0528,0.142,0.12,0.1328,0.0332,0.0628
CT018164,Zone_07,Zone_07,0.1553,0.1219,0.0842,0.0523,0.1021,0.1044,0.066,0.1553,0.1312,0.0537,0.1288
CT015404,Zone_08,Zone_02,0.2018,0.1044,0.2018,0.1632,0.0922,0.064,0.0814,0.1,0.0828,0.055,0.0551
CT011406,Zone_08,Zone_05,0.141,0.0778,0.1098,0.1238,0.12,0.141,0.0481,0.1077,0.1003,0.0782,0.0933
CT005337,Zone_08,Zone_04,0.1477,0.0952,0.0964,0.0989,0.1477,0.0674,0.112,0.117,0.0931,0.1123,0.06
CT013059,Zone_08,Zone_02,0.1463,0.0818,0.1463,0.0814,0.1363,0.068,0.0661,0.1122,0.1249,0.0568,0.1263
CT019856,Zone_01,Zone_05,0.1335,0.1234,0.0814,0.1061,0.085,0.1335,0.0672,0.0885,0.1019,0.1039,0.1091
CT015549,Zone_07,Zone_02,0.1354,0.0526,0.1354,0.1334,0.1107,0.1001,0.0607,0.1224,0.1143,0.0843,0.0862
CT018322,Zone_08,Zone_01,0.1784,0.1784,0.0755,0.0921,0.14,0.0594,0.08,0.1146,0.1423,0.016,0.1018
CT015866,Zone_03,Zone_02,0.1402,0.1158,0.1402,0.0903,0.0929,0.0602,0.1192,0.1137,0.1329,0.0455,0.0893
CT004840,Zone_03,Zone_10,0.1386,0.1211,0.1168,0.1,0.1275,0.0557,0.0627,0.1226,0.122,0.033,0.1386
CT019831,Zone_08,Zone_02,0.144,0.0889,0.144,0.1329,0.1032,0.0992,0.0696,0.1185,0.1208,0.0437,0.0792
CT000584,Zone_05,Zone_01,0.1419,0.1419,0.0871,0.0928,0.1249,0.0745,0.1057,0.1364,0.1157,0.0275,0.0935
CT002715,Zone_07,Zone_07,0.1608,0.0664,0.1379,0.1311,0.1452,0.0282,0.0883,0.1608,0.1225,0.0384,0.0812
CT008232,Zone_01,Zone_02,0.1562,0.0785,0.1562,0.1233,0.0951,0.0693,0.0722,0.139,0.0969,0.0746,0.0947
CT013894,Zone_08,Zone_01,0.1462,0.1462,0.0995,0.0992,0.1083,0.0462,0.0887,0.1291,0.1397,0.0285,0.1145
CT017287,Zone_07,Zone_01,0.1676,0.1676,0.1493,0.092,0.0752,0.0695,0.0876,0.1401,0.1449,0.0162,0.0575
CT014399,Zone_01,Zone_06,0.1756,0.0808,0.083,0.0721,0.1141,0.0911,0.1756,0.1344,0.1262,0.0077,0.115
CT000737,Zone_01,Zone_10,0.14,0.1098,0.0683,0.0936,0.1378,0.0999,0.1163,0.0881,0.1381,0.0081,0.14
CT002456,Zone_07,Zone_07,0.132,0.105,0.0694,0.1259,0.116,0.1094,0.1173,0.132,0.1079,0.0256,0.0915
CT007087,Zone_07,Zone_03,0.1737,0.0793,0.1018,0.1737,0.1251,0.0669,0.091,0.1198,0.1285,0.0204,0.0935
CT018088,Zone_07,Zone_05,0.2362,0.0604,0.0692,0.0873,0.1272,0.2362,0.0687,0.1119,0.0881,0.1013,0.0496
CT018167,Zone_10,Zone_08,0.1253,0.1018,0.0865,0.0877,0.0945,0.1204,0.1222,0.1141,0.1253,0.0429,0.1047
CT000427,Zone_04,Zone_08,0.176,0.1173,0.1146,0.0858,0.1062,0.0552,0.044,0.1376,0.176,0.0583,0.1049
CT008322,Zone_08,Zone_01,0.1229,0.1229,0.1199,0.1044,0.0995,0.1147,0.1051,0.0905,0.1118,0.0214,0.1099
CT010503,Zone_01,Zone_01,0.1662,0.1662,0.1073,0.1189,0.1191,0.0516,0.0462,0.119,0.137,0.0283,0.1062
CT015277,Zone_01,Zone_07,0.1391,0.0799,0.1056,0.076,0.1197,0.0529,0.1344,0.1391,0.1294,0.078,0.085
CT011340,Zone_01,Zone_08,0.1416,0.0795,0.0819,0.1198,0.1033,0.138,0.0644,0.1164,0.1416,0.0448,0.1102
CT018592,Zone_04,Zone_07,0.1678,0.0897,0.0724,0.1034,0.1091,0.1569,0.0424,0.1678,0.1405,0.0169,0.1007
CT012430,Zone_08,Zone_10,0.1556,0.0875,0.0757,0.1136,0.0994,0.0685,0.0973,0.1087,0.1298,0.0639,0.1556
CT006697,Zone_04,Zone_05,0.1899,0.1192,0.0762,0.0959,0.092,0.1899,0.0904,0.0711,0.1506,0.0328,0.0819
CT008012,Zone_08,Zone_07,0.1646,0.1047,0.1012,0.1105,0.0901,0.0851,0.085,0.1646,0.1504,0.0235,0.0851
CT018561,Zone_08,Zone_07,0.1408,0.1182,0.1059,0.1074,0.1294,0.0828,0.0549,0.1408,0.1031,0.0331,0.1245
CT002003,Zone_10,Zone_08,0.1599,0.051,0.1196,0.1119,0.0932,0.0364,0.0952,0.1494,0.1599,0.0915,0.0919
CT017050,Zone_02,Zone_02,0.1543,0.0917,0.1543,0.1228,0.0963,0.0862,0.0914,0.1038,0.1101,0.0186,0.1249
CT004540,Zone_05,Zone_08,0.1804,0.0627,0.124,0.0847,0.1109,0.0926,0.1047,0.1047,0.1804,0.0233,0.112
CT002668,Zone_02,Zone_09,0.1588,0.1378,0.0831,0.1102,0.0623,0.0646,0.038,0.1422,0.1341,0.1588,0.069
CT001412,Zone_10,Zone_06,0.1332,0.0924,0.0904,0.1199,0.1188,0.0531,0.1332,0.115,0.1303,0.0264,0.1205
CT002754,Zone_03,Zone_04,0.1462,0.1058,0.0934,0.1306,0.1462,0.069,0.0842,0.1071,0.1296,0.025,0.1092
CT000839,Zone_08,Zone_04,0.1536,0.0719,0.1182,0.0999,0.1536,0.065,0.0905,0.123,0.1067,0.0363,0.135
CT002311,Zone_09,Zone_07,0.1831,0.1011,0.1003,0.17,0.077,0.0656,0.0428,0.1831,0.1138,0.0693,0.0769
CT007775,Zone_08,Zone_01,0.1858,0.1858,0.0962,0.1021,0.1104,0.0769,0.0694,0.1426,0.1272,0.0123,0.0772
CT017053,Zone_07,Zone_04,0.138,0.1062,0.1072,0.1246,0.138,0.0665,0.0967,0.1266,0.1217,0.0175,0.0949
CT008233,Zone_06,Zone_03,0.1405,0.0958,0.1154,0.1405,0.1397,0.0995,0.048,0.1158,0.1044,0.0662,0.0746
CT011366,Zone_06,Zone_05,0.1638,0.0587,0.1043,0.1054,0.1221,0.1638,0.0973,0.1113,0.1038,0.065,0.0684
CT010243,Zone_04,Zone_07,0.15,0.1022,0.0715,0.0853,0.0999,0.1106,0.1175,0.15,0.1133,0.0258,0.1238
CT017671,Zone_08,Zone_02,0.1631,0.0451,0.1631,0.1254,0.1443,0.0657,0.0539,0.1227,0.1004,0.0789,0.1004
CT003248,Zone_07,Zone_01,0.1348,0.1348,0.1063,0.1278,0.0822,0.0757,0.1238,0.1098,0.1274,0.0347,0.0775
CT007111,Zone_10,Zone_02,0.1742,0.0625,0.1742,0.1185,0.0973,0.0937,0.0975,0.1129,0.1146,0.0444,0.0844
CT016547,Zone_04,Zone_07,0.1434,0.11,0.0755,0.1256,0.1307,0.1073,0.0598,0.1434,0.1008,0.0547,0.0922
CT009284,Zone_01,Zone_04,0.1693,0.081,0.119,0.1207,0.1693,0.0692,0.0839,0.1466,0.133,0.021,0.0564
CT003263,Zone_02,Zone_10,0.1458,0.0925,0.0805,0.1228,0.091,0.0581,0.113,0.1357,0.1353,0.0253,0.1458
CT012936,Zone_04,Zone_03,0.139,0.0758,0.0899,0.139,0.139,0.0467,0.066,0.123,0.1299,0.1039,0.0868
CT004961,Zone_03,Zone_02,0.1436,0.0748,0.1436,0.0948,0.1432,0.1043,0.07,0.1109,0.1272,0.016,0.1151
CT008511,Zone_04,Zone_05,0.1417,0.0973,0.1174,0.1344,0.1256,0.1417,0.0456,0.1327,0.1207,0.0225,0.0621
CT012653,Zone_03,Zone_07,0.1327,0.1075,0.1009,0.1212,0.1099,0.0798,0.0825,0.1327,0.1235,0.0426,0.0994
CT013904,Zone_07,Zone_07,0.1419,0.099,0.0734,0.0881,0.1292,0.1066,0.0604,0.1419,0.1302,0.0512,0.1199
CT004273,Zone_07,Zone_06,0.1272,0.0907,0.0879,0.1006,0.1226,0.0827,0.1272,0.1138,0.1173,0.0467,0.1107
CT008118,Zone_04,Zone_01,0.1743,0.1743,0.0654,0.1029,0.0943,0.1461,0.0486,0.0961,0.1353,0.0774,0.0596
CT008796,Zone_07,Zone_07,0.1779,0.1152,0.0897,0.1662,0.1002,0.069,0.0771,0.1779,0.1043,0.0248,0.0756
CT019703,Zone_08,Zone_04,0.1617,0.0957,0.0884,0.083,0.1617,0.1217,0.1029,0.125,0.1105,0.0241,0.087
CT005835,Zone_07,Zone_02,0.1466,0.0981,0.1466,0.1052,0.0836,0.0961,0.087,0.1079,0.1399,0.0228,0.1129
CT014369,Zone_10,Zone_07,0.1454,0.0897,0.1344,0.0981,0.1188,0.0767,0.1016,0.1454,0.1223,0.0439,0.0692
CT003366,Zone_04,Zone_01,0.1653,0.1653,0.134,0.1464,0.1142,0.0343,0.0438,0.1622,0.0627,0.0515,0.0855
CT010839,Zone_03,Zone_10,0.1622,0.0717,0.1029,0.1426,0.1293,0.0456,0.0659,0.1383,0.095,0.0465,0.1622
CT017418,Zone_07,Zone_04,0.1378,0.1246,0.0898,0.098,0.1378,0.0485,0.1254,0.1335,0.1181,0.0012,0.1231
CT018039,Zone_07,Zone_08,0.1888,0.1044,0.0712,0.122,0.0784,0.0819,0.1259,0.1338,0.1888,0.0146,0.079
CT007267,Zone_04,Zone_05,0.2031,0.0988,0.109,0.0833,0.0762,0.2031,0.0497,0.0797,0.1305,0.0739,0.0958
CT010795,Zone_03,Zone_06,0.1398,0.0976,0.0966,0.094,0.1153,0.1091,0.1398,0.1154,0.1022,0.0449,0.0851
CT002191,Zone_03,Zone_02,0.161,0.0546,0.161,0.0742,0.0935,0.1073,0.0899,0.0957,0.1437,0.0284,0.1516
CT015316,Zone_07,Zone_08,0.1423,0.1119,0.1002,0.1261,0.1045,0.0349,0.059,0.1377,0.1423,0.0525,0.1309
CT004035,Zone_03,Zone_01,0.1576,0.1576,0.1181,0.123,0.1177,0.0606,0.0592,0.1111,0.1143,0.054,0.0845
CT008400,Zone_07,Zone_07,0.1445,0.0813,0.1087,0.1201,0.1261,0.0571,0.0726,0.1445,0.1383,0.0385,0.1129
CT015297,Zone_03,Zone_02,0.17,0.1002,0.17,0.0744,0.1347,0.0654,0.1235,0.0918,0.1152,0.0684,0.0564
CT016871,Zone_10,Zone_08,0.1945,0.0981,0.0716,0.0677,0.0936,0.054,0.1263,0.1443,0.1945,0.0472,0.1027
CT012611,Zone_07,Zone_04,0.1274,0.1167,0.0966,0.1157,0.1274,0.1096,0.0778,0.1226,0.1273,0.0262,0.0801
CT018414,Zone_02,Zone_04,0.232,0.1119,0.078,0.0833,0.232,0.0714,0.0515,0.1213,0.1164,0.0209,0.1133
CT017258,Zone_04,Zone_02,0.1183,0.1071,0.1183,0.1004,0.1003,0.0994,0.065,0.118,0.103,0.0702,0.1182
CT014932,Zone_01,Zone_08,0.1954,0.1373,0.1054,0.1163,0.1238,0.0472,0.0478,0.1407,0.1954,0.0263,0.0597
CT015310,Zone_04,Zone_01,0.1285,0.1285,0.1037,0.1201,0.1114,0.0767,0.0702,0.1023,0.1122,0.0692,0.1057
CT014226,Zone_10,Zone_08,0.1347,0.0973,0.1154,0.1225,0.1034,0.0606,0.092,0.1236,0.1347,0.0583,0.0922
CT010508,Zone_03,Zone_08,0.1364,0.1119,0.116,0.0885,0.1209,0.0946,0.0987,0.1102,0.1364,0.0522,0.0705
CT006627,Zone_08,Zone_04,0.1312,0.0998,0.1275,0.1098,0.1312,0.0507,0.1141,0.1029,0.103,0.0766,0.0845
CT002688,Zone_08,Zone_07,0.148,0.1133,0.0787,0.0837,0.1249,0.0553,0.0991,0.148,0.1369,0.0548,0.1054
CT009669,Zone_06,Zone_08,0.1633,0.0834,0.1388,0.0912,0.101,0.1102,0.0745,0.1075,0.1633,0.0271,0.1031
CT012969,Zone_02,Zone_10,0.1561,0.0682,0.1298,0.079,0.1223,0.0628,0.1187,0.1097,0.1155,0.0379,0.1561
CT018299,Zone_07,Zone_02,0.1358,0.1183,0.1358,0.1043,0.0578,0.0924,0.0836,0.0828,0.1135,0.1297,0.0818
CT011243,Zone_07,Zone_09,0.175,0.1263,0.0579,0.0736,0.0735,0.0886,0.1468,0.077,0.0824,0.175,0.0988
CT009304,Zone_07,Zone_04,0.1403,0.1217,0.0762,0.1075,0.1403,0.0785,0.125,0.1212,0.1209,0.0229,0.0856
CT007916,Zone_10,Zone_08,0.1656,0.1041,0.109,0.1094,0.0696,0.0568,0.1507,0.1046,0.1656,0.0402,0.0899
CT019588,Zone_04,Zone_08,0.1539,0.0517,0.1156,0.0976,0.0912,0.1032,0.1062,0.1238,0.1539,0.0641,0.0926
CT004764,Zone_07,Zone_02,0.1667,0.0779,0.1667,0.1179,0.0875,0.0777,0.0964,0.1307,0.0989,0.0313,0.1149
CT011164,Zone_10,Zone_08,0.1519,0.0876,0.0866,0.1244,0.1279,0.0573,0.1231,0.1203,0.1519,0.0251,0.0958
CT000371,Zone_07,Zone_04,0.1766,0.1315,0.0632,0.0782,0.1766,0.1014,0.074,0.1338,0.124,0.0295,0.0879
CT009564,Zone_07,Zone_04,0.2381,0.0868,0.0775,0.1135,0.2381,0.0809,0.0723,0.1228,0.0808,0.0324,0.0951
CT015301,Zone_03,Zone_02,0.1691,0.065,0.1691,0.0826,0.0947,0.0367,0.1271,0.1091,0.154,0.0392,0.1224
CT003417,Zone_07,Zone_04,0.1335,0.1197,0.1218,0.0658,0.1335,0.0512,0.1264,0.109,0.119,0.0829,0.0706
CT002819,Zone_08,Zone_08,0.1558,0.0777,0.0729,0.0988,0.1008,0.0912,0.1082,0.1371,0.1558,0.0627,0.0948
CT017991,Zone_02,Zone_08,0.1834,0.0838,0.1045,0.1097,0.1166,0.055,0.0411,0.1412,0.1834,0.0663,0.0984
CT018277,Zone_04,Zone_04,0.1841,0.0727,0.0696,0.1097,0.1841,0.0329,0.117,0.1528,0.0949,0.0604,0.1058
CT008207,Zone_05,Zone_02,0.1474,0.1321,0.1474,0.0958,0.1461,0.0702,0.073,0.0989,0.1049,0.0459,0.0856
CT002328,Zone_01,Zone_07,0.178,0.0882,0.0967,0.1033,0.1006,0.0648,0.0875,0.178,0.094,0.0455,0.1413
CT017127,Zone_04,Zone_07,0.135,0.0795,0.1199,0.1229,0.1325,0.0928,0.0633,0.135,0.103,0.0782,0.073
CT005729,Zone_06,Zone_04,0.1817,0.0931,0.0728,0.0785,0.1817,0.078,0.0985,0.0923,0.1071,0.0961,0.102
CT006738,Zone_08,Zone_08,0.1664,0.1012,0.1016,0.1364,0.0768,0.0889,0.0464,0.1163,0.1664,0.1074,0.0586
CT007313,Zone_08,Zone_04,0.1512,0.1323,0.147,0.0661,0.1512,0.0605,0.116,0.1216,0.1036,0.0315,0.0703
CT003514,Zone_10,Zone_06,0.1348,0.0966,0.1034,0.127,0.0979,0.0845,0.1348,0.1244,0.093,0.0197,0.1187
CT003779,Zone_07,Zone_01,0.1505,0.1505,0.1253,0.0876,0.1095,0.0516,0.0764,0.1332,0.1048,0.067,0.0941
CT010705,Zone_01,Zone_03,0.217,0.0475,0.1099,0.217,0.0894,0.0422,0.1306,0.1427,0.1205,0.0227,0.0776
CT016455,Zone_03,Zone_03,0.1418,0.0871,0.1268,0.1418,0.0886,0.1172,0.0692,0.1134,0.1154,0.0408,0.0996
CT012672,Zone_06,Zone_01,0.166,0.166,0.11,0.0944,0.0818,0.0727,0.0897,0.1289,0.0994,0.0612,0.0959
CT000627,Zone_07,Zone_07,0.1896,0.1071,0.0723,0.1029,0.1159,0.1148,0.0731,0.1896,0.0869,0.0114,0.126
CT003870,Zone_08,Zone_02,0.1643,0.0719,0.1643,0.0887,0.1299,0.0569,0.0526,0.1311,0.1611,0.0503,0.0931
CT011939,Zone_04,Zone_03,0.152,0.1045,0.106,0.152,0.1028,0.0783,0.0524,0.13,0.1084,0.0703,0.0953
CT016853,Zone_02,Zone_09,0.1954,0.1282,0.0679,0.0803,0.1573,0.049,0.0364,0.087,0.1272,0.1954,0.0712
CT017578,Zone_02,Zone_08,0.1488,0.0846,0.1215,0.1201,0.145,0.0648,0.0932,0.1097,0.1488,0.0122,0.1001
CT012818,Zone_07,Zone_02,0.1548,0.1081,0.1548,0.0624,0.1067,0.0958,0.0548,0.151,0.0925,0.1263,0.0477
CT012290,Zone_04,Zone_08,0.1589,0.1247,0.0847,0.088,0.1314,0.0694,0.0774,0.1416,0.1589,0.0251,0.0986
CT001289,Zone_08,Zone_01,0.1587,0.1587,0.0665,0.0847,0.1063,0.1123,0.074,0.1293,0.1366,0.0454,0.0862
CT018636,Zone_07,Zone_06,0.1655,0.1087,0.0983,0.0799,0.0908,0.0568,0.1655,0.1374,0.1199,0.0367,0.1061
CT018644,Zone_04,Zone_03,0.1552,0.0647,0.0691,0.1552,0.1203,0.1076,0.0859,0.1111,0.1099,0.0334,0.1428
CT002098,Zone_08,Zone_07,0.1703,0.0929,0.0778,0.1237,0.1271,0.0514,0.0508,0.1703,0.1388,0.0636,0.1036
CT010167,Zone_06,Zone_10,0.1456,0.0889,0.0797,0.1002,0.1433,0.1019,0.0808,0.1303,0.0752,0.054,0.1456
CT015097,Zone_08,Zone_08,0.1654,0.1137,0.0915,0.0789,0.0893,0.0847,0.148,0.118,0.1654,0.0194,0.0911
CT019367,Zone_04,Zone_07,0.155,0.09,0.1224,0.0897,0.11,0.0751,0.0448,0.155,0.098,0.1219,0.0931
CT006704,Zone_03,Zone_08,0.153,0.1221,0.0827,0.1195,0.1091,0.0873,0.1108,0.1068,0.153,0.0499,0.0589
CT018113,Zone_08,Zone_10,0.1751,0.123,0.0823,0.0788,0.1189,0.0723,0.076,0.151,0.0837,0.039,0.1751
CT007587,Zone_03,Zone_08,0.1826,0.0858,0.1218,0.0853,0.0854,0.091,0.1172,0.115,0.1826,0.0346,0.0815
CT015729,Zone_06,Zone_07,0.1783,0.1439,0.0826,0.0933,0.1122,0.0829,0.059,0.1783,0.1094,0.0513,0.0871
CT006123,Zone_08,Zone_06,0.1217,0.1075,0.0573,0.063,0.1083,0.1158,0.1217,0.1017,0.111,0.1089,0.1048
CT008104,Zone_08,Zone_06,0.1414,0.1017,0.101,0.0973,0.0882,0.1315,0.1414,0.0997,0.11,0.0436,0.0855
CT011614,Zone_07,Zone_07,0.1319,0.1174,0.1306,0.1025,0.1259,0.0567,0.0596,0.1319,0.1065,0.0717,0.097
CT012529,Zone_08,Zone_01,0.1435,0.1435,0.0952,0.0988,0.0985,0.0833,0.1107,0.105,0.1124,0.0385,0.1141
CT005793,Zone_03,Zone_01,0.1441,0.1441,0.0824,0.1332,0.1332,0.0591,0.0432,0.1347,0.1416,0.0481,0.0803
CT010160,Zone_07,Zone_07,0.1441,0.0952,0.1198,0.1057,0.1034,0.0795,0.0804,0.1441,0.121,0.0516,0.0994
CT012390,Zone_07,Zone_02,0.1622,0.0631,0.1622,0.1257,0.0805,0.116,0.091,0.1135,0.1203,0.0229,0.1049
CT006317,Zone_08,Zone_08,0.1829,0.0983,0.0697,0.1096,0.1225,0.0768,0.0817,0.1422,0.1829,0.0385,0.0779
CT004354,Zone_02,Zone_09,0.1314,0.0672,0.0999,0.095,0.1209,0.0644,0.1112,0.1084,0.1182,0.1314,0.0836
CT018924,Zone_01,Zone_02,0.1474,0.0873,0.1474,0.0805,0.1183,0.0611,0.1281,0.1303,0.1333,0.0253,0.0884
CT001710,Zone_04,Zone_08,0.1693,0.0737,0.0809,0.1495,0.0656,0.1039,0.0811,0.1008,0.1693,0.0806,0.0948
CT009989,Zone_04,Zone_03,0.1259,0.112,0.0855,0.1259,0.1021,0.1068,0.1117,0.1119,0.1167,0.0217,0.1058
CT012517,Zone_07,Zone_07,0.1481,0.0681,0.0972,0.1194,0.1057,0.0978,0.0668,0.1481,0.1331,0.0201,0.1437
CT013695,Zone_01,Zone_04,0.1306,0.1007,0.1185,0.0917,0.1306,0.0962,0.085,0.1264,0.1154,0.0432,0.0924
CT004105,Zone_06,Zone_08,0.1542,0.0643,0.0779,0.1015,0.0912,0.0645,0.0632,0.1165,0.1542,0.1489,0.1178
CT001482,Zone_02,Zone_09,0.1747,0.0961,0.1049,0.1042,0.0574,0.0478,0.0639,0.1113,0.1668,0.1747,0.0729
CT017599,Zone_03,Zone_06,0.1621,0.1052,0.0598,0.0981,0.1553,0.0575,0.1621,0.113,0.1121,0.0361,0.1007
CT014961,Zone_04,Zone_06,0.1476,0.1161,0.0931,0.1056,0.097,0.1031,0.1476,0.1014,0.1212,0.041,0.0738
CT000886,Zone_05,Zone_02,0.1555,0.0677,0.1555,0.1157,0.1162,0.0624,0.0857,0.1501,0.1045,0.0153,0.1269
CT003517,Zone_07,Zone_07,0.1476,0.126,0.0996,0.122,0.113,0.0983,0.0654,0.1476,0.1011,0.0352,0.0918
CT007880,Zone_10,Zone_07,0.1878,0.0765,0.1716,0.1072,0.1112,0.0546,0.0389,0.1878,0.1179,0.0397,0.0945
CT002883,Zone_07,Zone_07,0.1604,0.1004,0.0709,0.074,0.1592,0.065,0.1055,0.1604,0.1426,0.0345,0.0874
CT013795,Zone_04,Zone_07,0.186,0.1042,0.0787,0.0811,0.096,0.0938,0.1004,0.186,0.1111,0.0149,0.1338
CT005089,Zone_10,Zone_07,0.1503,0.0733,0.0753,0.1031,0.1004,0.0509,0.1239,0.1503,0.1496,0.0744,0.0986
CT015738,Zone_10,Zone_04,0.17,0.1203,0.0981,0.0738,0.17,0.0629,0.0468,0.1149,0.1385,0.0685,0.1062
CT006985,Zone_04,Zone_04,0.1377,0.1234,0.127,0.1078,0.1377,0.0839,0.0588,0.1277,0.1232,0.031,0.0796
CT010528,Zone_08,Zone_08,0.1704,0.0829,0.0695,0.0973,0.1373,0.1035,0.0678,0.1309,0.1704,0.0675,0.0728
CT001193,Zone_07,Zone_10,0.1617,0.0793,0.1016,0.1121,0.1498,0.0698,0.0755,0.118,0.0956,0.0365,0.1617
CT008655,Zone_04,Zone_04,0.1735,0.0991,0.0569,0.0951,0.1735,0.0492,0.0869,0.1277,0.1532,0.0902,0.0684
CT007655,Zone_01,Zone_02,0.1833,0.1083,0.1833,0.0982,0.1094,0.0629,0.0502,0.1437,0.1202,0.0134,0.1104
CT003460,Zone_07,Zone_07,0.1382,0.0769,0.0848,0.1326,0.1066,0.099,0.1061,0.1382,0.1125,0.0632,0.0802
CT012214,Zone_07,Zone_01,0.1651,0.1651,0.129,0.0899,0.0709,0.1175,0.0649,0.1136,0.1049,0.0694,0.0749
CT007427,Zone_09,Zone_08,0.1685,0.1193,0.0977,0.0743,0.1222,0.1243,0.0666,0.1195,0.1685,0.044,0.0636
CT005887,Zone_04,Zone_07,0.1817,0.107,0.0782,0.1002,0.107,0.0665,0.0826,0.1817,0.1238,0.0394,0.1137
CT012514,Zone_08,Zone_07,0.1378,0.079,0.0998,0.101,0.0832,0.077,0.0756,0.1378,0.1285,0.1043,0.1138
CT019565,Zone_03,Zone_02,0.1433,0.0683,0.1433,0.0812,0.0993,0.0979,0.1202,0.1266,0.0876,0.0971,0.0784
CT008165,Zone_05,Zone_01,0.1334,0.1334,0.1001,0.1272,0.1093,0.0828,0.0691,0.1319,0.1133,0.0464,0.0864
CT009647,Zone_08,Zone_07,0.1334,0.1103,0.0949,0.1309,0.0881,0.0707,0.1182,0.1334,0.1214,0.0361,0.096
CT000822,Zone_08,Zone_01,0.1563,0.1563,0.1064,0.0851,0.0978,0.0939,0.1222,0.0964,0.1097,0.0419,0.0902
CT019069,Zone_07,Zone_07,0.1781,0.0697,0.0807,0.1077,0.087,0.0652,0.1133,0.1781,0.1425,0.033,0.1229
CT005639,Zone_02,Zone_01,0.1646,0.1646,0.0903,0.0924,0.085,0.0999,0.1036,0.158,0.127,0.0211,0.0581
CT014822,Zone_08,Zone_01,0.1453,0.1453,0.0811,0.0979,0.1304,0.0875,0.0713,0.1063,0.1207,0.0809,0.0786
CT003142,Zone_01,Zone_08,0.1583,0.1105,0.1378,0.0425,0.0931,0.1297,0.1066,0.088,0.1583,0.0468,0.0866
CT019976,Zone_05,Zone_08,0.1504,0.125,0.0891,0.1154,0.0938,0.0796,0.0718,0.1388,0.1504,0.0533,0.0828
CT019278,Zone_08,Zone_02,0.1385,0.0947,0.1385,0.1078,0.1001,0.0632,0.0723,0.1184,0.13,0.0941,0.081
CT002975,Zone_07,Zone_07,0.1426,0.1073,0.0871,0.1293,0.1414,0.0831,0.0759,0.1426,0.116,0.0268,0.0903
CT018639,Zone_08,Zone_10,0.144,0.1052,0.1098,0.0728,0.0866,0.0799,0.0568,0.1363,0.1115,0.0971,0.144
CT004502,Zone_08,Zone_01,0.1502,0.1502,0.1273,0.1052,0.0839,0.1097,0.0656,0.105,0.1182,0.0176,0.1172
CT006537,Zone_03,Zone_08,0.1397,0.1252,0.091,0.0923,0.1025,0.0849,0.1301,0.1237,0.1397,0.0294,0.0813
CT014690,Zone_07,Zone_03,0.1526,0.1265,0.1406,0.1526,0.118,0.0641,0.039,0.1341,0.0897,0.0583,0.0769
CT012345,Zone_07,Zone_03,0.1704,0.0642,0.0839,0.1704,0.1053,0.0724,0.0677,0.1511,0.1037,0.068,0.1133
CT002046,Zone_02,Zone_07,0.1299,0.1144,0.1248,0.0845,0.0884,0.0864,0.0765,0.1299,0.129,0.081,0.0852
CT011364,Zone_04,Zone_08,0.1734,0.0972,0.074,0.0753,0.1579,0.1097,0.0675,0.1574,0.1734,0.022,0.0657
CT016376,Zone_07,Zone_08,0.1645,0.0932,0.0837,0.1494,0.1334,0.0642,0.0601,0.1537,0.1645,0.0445,0.0532
CT017115,Zone_04,Zone_08,0.1989,0.0847,0.0836,0.0948,0.1001,0.0488,0.0837,0.0927,0.1989,0.1142,0.0984
CT010478,Zone_08,Zone_10,0.1419,0.1043,0.0954,0.1203,0.119,0.0733,0.0966,0.0968,0.1249,0.0274,0.1419
CT003125,Zone_01,Zone_08,0.2042,0.0768,0.096,0.0762,0.152,0.044,0.0901,0.1148,0.2042,0.0267,0.1191
CT010142,Zone_07,Zone_08,0.1602,0.105,0.0736,0.1314,0.0962,0.0915,0.0836,0.1491,0.1602,0.0221,0.0875
CT016566,Zone_08,Zone_05,0.1325,0.0709,0.0842,0.1031,0.118,0.1325,0.0667,0.13,0.131,0.0361,0.1275
CT018608,Zone_08,Zone_07,0.1659,0.1045,0.0788,0.0776,0.0887,0.0687,0.1552,0.1659,0.1439,0.0308,0.086
CT002021,Zone_07,Zone_07,0.1421,0.1057,0.1003,0.0983,0.1317,0.0618,0.1235,0.1421,0.101,0.0653,0.0702
CT006610,Zone_02,Zone_04,0.1357,0.0831,0.0945,0.0649,0.1357,0.0907,0.0659,0.1194,0.1243,0.1267,0.0948
CT016630,Zone_02,Zone_10,0.1341,0.1054,0.0855,0.1086,0.08,0.1321,0.0939,0.1082,0.1174,0.0348,0.1341
CT001696,Zone_08,Zone_01,0.1687,0.1687,0.0738,0.1054,0.1527,0.0917,0.0677,0.1006,0.1027,0.0434,0.0934
CT017528,Zone_07,Zone_07,0.1417,0.0877,0.0867,0.083,0.0866,0.1125,0.0582,0.1417,0.1029,0.1044,0.1364
CT009106,Zone_08,Zone_06,0.1953,0.0876,0.1343,0.0924,0.1119,0.0441,0.1953,0.0876,0.1242,0.0281,0.0945
CT018103,Zone_03,Zone_08,0.1354,0.0732,0.1186,0.1133,0.1142,0.066,0.0744,0.1194,0.1354,0.0546,0.131
CT016471,Zone_05,Zone_04,0.1729,0.157,0.1209,0.0623,0.1729,0.0971,0.0714,0.1195,0.132,0.0127,0.0542
CT014430,Zone_07,Zone_07,0.1505,0.1173,0.1418,0.1114,0.0885,0.1081,0.0496,0.1505,0.1297,0.011,0.0921
CT010898,Zone_07,Zone_04,0.1553,0.1121,0.0826,0.0809,0.1553,0.1142,0.0673,0.0953,0.1245,0.0608,0.1069
CT016542,Zone_08,Zone_04,0.1457,0.06,0.0812,0.1059,0.1457,0.0611,0.1306,0.113,0.1253,0.0778,0.0993
CT014322,Zone_08,Zone_08,0.1573,0.105,0.111,0.1117,0.0738,0.0617,0.1158,0.1253,0.1573,0.0635,0.0749
CT019318,Zone_03,Zone_01,0.1477,0.1477,0.102,0.1385,0.0914,0.1238,0.1091,0.1215,0.0833,0.0125,0.0704
CT003741,Zone_01,Zone_08,0.1795,0.0883,0.1127,0.0981,0.0997,0.0764,0.0694,0.0997,0.1795,0.0516,0.1245
CT012190,Zone_03,Zone_10,0.1543,0.0803,0.0895,0.0875,0.0881,0.1116,0.0844,0.1344,0.1303,0.0396,0.1543
CT004990,Zone_03,Zone_06,0.1363,0.1024,0.1282,0.1212,0.0818,0.0915,0.1363,0.106,0.1191,0.037,0.0765
CT010139,Zone_05,Zone_01,0.1776,0.1776,0.0636,0.1457,0.0912,0.0853,0.0809,0.1082,0.1231,0.0175,0.1068
CT009829,Zone_08,Zone_04,0.1551,0.0705,0.0678,0.0882,0.1551,0.0794,0.1374,0.1475,0.1135,0.0404,0.1001
CT014161,Zone_08,Zone_07,0.1274,0.0942,0.085,0.1072,0.0972,0.1208,0.1087,0.1274,0.1019,0.0341,0.1236
CT006238,Zone_08,Zone_08,0.158,0.0745,0.0896,0.0889,0.1309,0.0562,0.1085,0.1466,0.158,0.0442,0.1026
CT014687,Zone_01,Zone_06,0.1839,0.0891,0.0542,0.1354,0.1022,0.097,0.1839,0.0834,0.143,0.0231,0.0888
CT004295,Zone_07,Zone_08,0.1444,0.0826,0.1,0.1219,0.1434,0.1119,0.0838,0.0856,0.1444,0.03,0.0964
CT010359,Zone_08,Zone_08,0.1395,0.1211,0.0913,0.1065,0.128,0.0736,0.1063,0.1234,0.1395,0.0247,0.0855
CT012143,Zone_07,Zone_07,0.1371,0.0954,0.1139,0.0955,0.1108,0.1233,0.0845,0.1371,0.1091,0.0324,0.098
CT002818,Zone_07,Zone_08,0.1356,0.0995,0.112,0.0975,0.1188,0.0455,0.1156,0.1287,0.1356,0.0564,0.0904
CT002169,Zone_04,Zone_07,0.1672,0.0591,0.1043,0.1034,0.1037,0.0861,0.1312,0.1672,0.1509,0.0112,0.0829
CT011079,Zone_01,Zone_06,0.1444,0.0597,0.0877,0.1092,0.1396,0.1022,0.1444,0.1188,0.1271,0.032,0.0793
CT010915,Zone_10,Zone_10,0.1429,0.1098,0.1109,0.1094,0.1155,0.054,0.0781,0.1261,0.1164,0.0369,0.1429
CT009010,Zone_02,Zone_08,0.1833,0.033,0.0726,0.1088,0.1333,0.1058,0.1085,0.1488,0.1833,0.0162,0.0896
CT019178,Zone_03,Zone_04,0.1473,0.1162,0.0885,0.1161,0.1473,0.078,0.0527,0.1145,0.1217,0.0864,0.0786
CT008347,Zone_08,Zone_07,0.1329,0.1127,0.0858,0.0735,0.0934,0.0967,0.1153,0.1329,0.0927,0.0717,0.1253
CT013132,Zone_07,Zone_08,0.149,0.0801,0.099,0.1078,0.1386,0.0937,0.0569,0.1417,0.149,0.0306,0.1026
CT003956,Zone_07,Zone_04,0.1653,0.098,0.0995,0.1404,0.1653,0.0294,0.0786,0.1419,0.1284,0.0292,0.0892
CT012468,Zone_03,Zone_06,0.1511,0.0684,0.107,0.067,0.1183,0.0632,0.1511,0.1453,0.1163,0.0415,0.1219
CT009678,Zone_08,Zone_08,0.1514,0.078,0.0833,0.1036,0.1198,0.1175,0.0897,0.1143,0.1514,0.0206,0.1218
CT004308,Zone_04,Zone_03,0.1308,0.093,0.1099,0.1308,0.1085,0.1132,0.1214,0.1179,0.1006,0.0236,0.081
CT014919,Zone_07,Zone_03,0.1809,0.1084,0.108,0.1809,0.094,0.0883,0.0435,0.1029,0.1164,0.0439,0.1136
CT002891,Zone_03,Zone_10,0.1817,0.0625,0.0914,0.0692,0.0795,0.1807,0.0435,0.1486,0.1131,0.0297,0.1817
CT004875,Zone_07,Zone_07,0.1871,0.0896,0.0674,0.1006,0.1234,0.0822,0.1007,0.1871,0.122,0.0201,0.1069
CT004176,Zone_07,Zone_04,0.148,0.1386,0.097,0.0921,0.148,0.0831,0.1076,0.1128,0.1117,0.0274,0.0816
CT006787,Zone_08,Zone_07,0.1902,0.0678,0.1039,0.0826,0.0962,0.0616,0.0964,0.1902,0.1398,0.0441,0.1175
CT014596,Zone_08,Zone_08,0.1546,0.1173,0.1257,0.0929,0.102,0.0757,0.0719,0.1251,0.1546,0.0744,0.0604
CT019773,Zone_07,Zone_07,0.1513,0.0799,0.0898,0.1183,0.1143,0.0782,0.106,0.1513,0.1445,0.0363,0.0812
CT003083,Zone_08,Zone_07,0.1735,0.1062,0.0774,0.09,0.1024,0.0972,0.0909,0.1735,0.1025,0.047,0.113
CT013466,Zone_02,Zone_04,0.1552,0.0896,0.1124,0.1122,0.1552,0.0473,0.0849,0.1465,0.1394,0.0328,0.0796
CT008204,Zone_08,Zone_04,0.1419,0.1126,0.1121,0.1391,0.1419,0.056,0.0642,0.1333,0.108,0.0342,0.0985
CT017426,Zone_06,Zone_08,0.1416,0.1358,0.1024,0.1016,0.1046,0.1139,0.1127,0.0884,0.1416,0.0329,0.0661
CT005764,Zone_10,Zone_06,0.2491,0.0683,0.1115,0.0912,0.0863,0.0347,0.2491,0.1319,0.1086,0.0267,0.0917
CT004184,Zone_08,Zone_07,0.1534,0.1102,0.0954,0.1378,0.1094,0.071,0.0797,0.1534,0.1058,0.0434,0.0939
CT016110,Zone_06,Zone_03,0.1313,0.1195,0.0698,0.1313,0.0837,0.1059,0.1236,0.12,0.1107,0.0312,0.1043
CT005712,Zone_07,Zone_08,0.164,0.0831,0.0884,0.1269,0.1024,0.0754,0.0715,0.1036,0.164,0.1188,0.0659
CT003240,Zone_04,Zone_07,0.1793,0.1087,0.099,0.1388,0.0942,0.0797,0.0588,0.1793,0.1366,0.0263,0.0786
CT009098,Zone_05,Zone_07,0.1453,0.0914,0.1182,0.1231,0.0895,0.1183,0.0578,0.1453,0.1102,0.0337,0.1126
CT019193,Zone_08,Zone_08,0.1426,0.0666,0.1307,0.102,0.1131,0.0882,0.081,0.1285,0.1426,0.0394,0.1078
CT006023,Zone_03,Zone_06,0.1256,0.1237,0.1151,0.0843,0.1047,0.0946,0.1256,0.1192,0.1026,0.0386,0.0916
CT011941,Zone_07,Zone_07,0.1432,0.0924,0.1402,0.1055,0.1195,0.0659,0.0913,0.1432,0.0954,0.0393,0.1074
CT011593,Zone_06,Zone_04,0.181,0.0531,0.0833,0.1039,0.181,0.08,0.1045,0.1513,0.1083,0.0292,0.1055
CT001697,Zone_01,Zone_08,0.1258,0.1047,0.1008,0.1026,0.1157,0.0781,0.1229,0.1198,0.1258,0.0266,0.1032
CT013413,Zone_08,Zone_08,0.2072,0.0731,0.0918,0.1197,0.1142,0.0656,0.1047,0.1314,0.2072,0.0038,0.0884
CT016404,Zone_07,Zone_08,0.16,0.1495,0.1128,0.1075,0.1252,0.0695,0.0717,0.0975,0.16,0.0443,0.0617
CT016903,Zone_08,Zone_03,0.159,0.0802,0.075,0.159,0.1055,0.0633,0.0865,0.1461,0.123,0.0478,0.1136
CT005401,Zone_07,Zone_10,0.1456,0.1268,0.0984,0.1186,0.1192,0.0579,0.1024,0.1121,0.0841,0.0348,0.1456
CT012368,Zone_01,Zone_09,0.1737,0.086,0.1247,0.0785,0.0944,0.1033,0.0537,0.0914,0.1229,0.1737,0.0714
CT006162,Zone_07,Zone_07,0.2126,0.0415,0.1084,0.0744,0.1234,0.1023,0.0457,0.2126,0.1354,0.0671,0.0892
CT002773,Zone_07,Zone_08,0.1419,0.1184,0.0899,0.1061,0.1384,0.0643,0.113,0.1322,0.1419,0.0234,0.0723
CT003352,Zone_03,Zone_01,0.1719,0.1719,0.1081,0.0821,0.1074,0.1266,0.0586,0.1064,0.1282,0.0199,0.0908
CT011647,Zone_08,Zone_07,0.1333,0.0887,0.0811,0.0998,0.1213,0.1166,0.0948,0.1333,0.1149,0.0478,0.1016
CT014740,Zone_07,Zone_02,0.1425,0.1268,0.1425,0.1248,0.1012,0.0763,0.0909,0.1129,0.116,0.0346,0.074
CT011561,Zone_07,Zone_10,0.1716,0.0778,0.0961,0.0862,0.1046,0.11,0.091,0.1248,0.1071,0.0309,0.1716
CT019624,Zone_03,Zone_07,0.1276,0.1174,0.0767,0.1143,0.0927,0.0682,0.0864,0.1276,0.1235,0.1192,0.0741
CT009604,Zone_05,Zone_08,0.1721,0.0835,0.0992,0.1053,0.1327,0.0984,0.0705,0.1035,0.1721,0.0433,0.0915
CT004121,Zone_10,Zone_01,0.1846,0.1846,0.0855,0.0912,0.0999,0.1122,0.1004,0.1139,0.1114,0.0271,0.0738
CT002436,Zone_10,Zone_07,0.1291,0.0772,0.1262,0.0865,0.0953,0.0881,0.0875,0.1291,0.1076,0.087,0.1154
CT016317,Zone_08,Zone_10,0.1765,0.0654,0.0853,0.1105,0.1152,0.0616,0.1123,0.1008,0.1173,0.0552,0.1765
CT001303,Zone_07,Zone_07,0.1679,0.1183,0.0931,0.1518,0.1623,0.0475,0.0526,0.1679,0.1313,0.0101,0.0651
CT014955,Zone_07,Zone_10,0.1851,0.1326,0.0736,0.0963,0.0939,0.0561,0.0817,0.1224,0.1195,0.0387,0.1851
CT003109,Zone_01,Zone_01,0.1331,0.1331,0.0912,0.1072,0.1186,0.0871,0.0699,0.1292,0.1097,0.0261,0.1278
CT014514,Zone_07,Zone_02,0.1376,0.1188,0.1376,0.1047,0.1274,0.0607,0.1107,0.1274,0.1215,0.0208,0.0704
CT015660,Zone_07,Zone_07,0.1625,0.0744,0.0823,0.0868,0.1294,0.0672,0.0485,0.1625,0.146,0.1513,0.0516
CT001169,Zone_07,Zone_08,0.177,0.0881,0.1197,0.1218,0.1201,0.0797,0.0613,0.1512,0.177,0.0261,0.055
CT016196,Zone_08,Zone_08,0.1603,0.1367,0.1234,0.0842,0.1045,0.0693,0.0592,0.1244,0.1603,0.0739,0.0641
CT003239,Zone_04,Zone_08,0.1571,0.1345,0.0576,0.0806,0.1538,0.1087,0.044,0.1359,0.1571,0.023,0.1047
CT009944,Zone_07,Zone_10,0.1358,0.1089,0.0815,0.1281,0.1101,0.1255,0.068,0.1134,0.1189,0.0098,0.1358
CT005272,Zone_07,Zone_03,0.1482,0.0674,0.0926,0.1482,0.1176,0.084,0.0995,0.1173,0.1427,0.0269,0.1039
CT008716,Zone_02,Zone_08,0.1799,0.1158,0.1386,0.0814,0.1302,0.0588,0.0488,0.1246,0.1799,0.053,0.0689
CT013102,Zone_03,Zone_03,0.1515,0.0993,0.091,0.1515,0.0974,0.1057,0.1012,0.1305,0.1257,0.0223,0.0754
CT004460,Zone_07,Zone_08,0.1552,0.099,0.0998,0.0516,0.1469,0.0841,0.1353,0.1376,0.1552,0.0329,0.0578
CT001005,Zone_08,Zone_07,0.1427,0.1013,0.0994,0.0723,0.1336,0.1248,0.1056,0.1427,0.1275,0.0096,0.0832
CT008089,Zone_08,Zone_08,0.1772,0.0908,0.1169,0.1018,0.1148,0.0614,0.0764,0.1297,0.1772,0.0446,0.0865
CT019203,Zone_04,Zone_07,0.1846,0.0757,0.1238,0.1842,0.1089,0.0574,0.0889,0.1846,0.098,0.0227,0.0557
CT005305,Zone_02,Zone_07,0.1569,0.081,0.0984,0.095,0.0975,0.1287,0.0508,0.1569,0.1376,0.053,0.1011
CT001744,Zone_10,Zone_03,0.1639,0.0804,0.157,0.1639,0.1233,0.0777,0.0841,0.1012,0.127,0.0234,0.0621
CT009339,Zone_08,Zone_10,0.159,0.0999,0.0987,0.0812,0.1015,0.0822,0.1269,0.1176,0.1093,0.0238,0.159
CT016789,Zone_07,Zone_10,0.1782,0.1067,0.0873,0.0825,0.1302,0.0774,0.0683,0.1337,0.1112,0.0245,0.1782
CT016552,Zone_07,Zone_07,0.1336,0.0859,0.1231,0.1024,0.1086,0.0852,0.1023,0.1336,0.0972,0.055,0.1067
CT007964,Zone_08,Zone_04,0.1387,0.1124,0.1162,0.0973,0.1387,0.0943,0.0544,0.1352,0.1167,0.0404,0.0944
CT001142,Zone_07,Zone_07,0.171,0.108,0.1196,0.102,0.1338,0.0585,0.0583,0.171,0.119,0.0443,0.0856
CT019606,Zone_07,Zone_04,0.1972,0.1445,0.0693,0.0702,0.1972,0.0546,0.0655,0.1773,0.0958,0.0332,0.0924
CT004707,Zone_03,Zone_08,0.141,0.0941,0.1022,0.1056,0.0987,0.0863,0.0566,0.1319,0.141,0.1034,0.0802
CT005179,Zone_07,Zone_01,0.1486,0.1486,0.1084,0.1026,0.0926,0.0692,0.0895,0.1452,0.1114,0.0216,0.1108
CT006858,Zone_04,Zone_06,0.1663,0.0848,0.1065,0.0977,0.1156,0.1064,0.1663,0.0928,0.1088,0.0342,0.0868
CT000205,Zone_02,Zone_08,0.1594,0.1392,0.1253,0.1392,0.1172,0.0434,0.0685,0.1019,0.1594,0.025,0.0809
CT012970,Zone_05,Zone_08,0.139,0.0864,0.1167,0.0944,0.1342,0.0951,0.0716,0.1223,0.139,0.0461,0.0943
CT007943,Zone_08,Zone_07,0.1284,0.084,0.1015,0.1266,0.07,0.1063,0.0492,0.1284,0.0964,0.1178,0.1199
CT003592,Zone_04,Zone_02,0.1551,0.0546,0.1551,0.1451,0.1214,0.0472,0.1217,0.1093,0.1427,0.0223,0.0804
CT002483,Zone_03,Zone_07,0.1824,0.0831,0.1211,0.0848,0.0954,0.088,0.0795,0.1824,0.1392,0.0372,0.0893
CT009311,Zone_01,Zone_04,0.1477,0.0618,0.1102,0.1312,0.1477,0.0748,0.0663,0.141,0.1105,0.0451,0.1114
CT010354,Zone_07,Zone_10,0.153,0.0731,0.1312,0.0968,0.1209,0.0867,0.0957,0.1031,0.0981,0.0415,0.153
CT005979,Zone_03,Zone_08,0.1591,0.0801,0.0851,0.1283,0.1035,0.0485,0.134,0.1127,0.1591,0.0735,0.0753
CT001453,Zone_07,Zone_03,0.1666,0.0862,0.093,0.1666,0.1112,0.0477,0.066,0.1402,0.1518,0.0269,0.1104
CT017140,Zone_01,Zone_04,0.183,0.0627,0.0885,0.1305,0.183,0.0478,0.109,0.1416,0.1064,0.052,0.0784
CT005952,Zone_08,Zone_06,0.1236,0.1142,0.122,0.0883,0.0881,0.0914,0.1236,0.1205,0.1145,0.0362,0.1012
CT008506,Zone_04,Zone_07,0.1295,0.0931,0.0945,0.1295,0.1152,0.0831,0.0884,0.1295,0.1247,0.0273,0.1147
CT011785,Zone_07,Zone_01,0.1745,0.1745,0.0833,0.1016,0.0979,0.0764,0.1453,0.114,0.0921,0.0442,0.0705
CT001918,Zone_08,Zone_06,0.1831,0.1119,0.1056,0.1005,0.0826,0.0692,0.1831,0.126,0.1167,0.0309,0.0734
CT009736,Zone_08,Zone_03,0.1418,0.0887,0.0984,0.1418,0.109,0.0802,0.1247,0.1116,0.1114,0.0125,0.1216
CT004706,Zone_04,Zone_01,0.1511,0.1511,0.0649,0.0908,0.1245,0.0852,0.1032,0.1412,0.1028,0.0531,0.0834
CT005903,Zone_03,Zone_06,0.1949,0.0564,0.0885,0.0968,0.1054,0.1013,0.1949,0.0988,0.1446,0.0348,0.0785
CT002576,Zone_08,Zone_03,0.1693,0.0588,0.1365,0.1693,0.0972,0.0536,0.1217,0.1219,0.1446,0.0275,0.069
CT013165,Zone_04,Zone_02,0.1729,0.1265,0.1729,0.1507,0.1324,0.0429,0.0748,0.1104,0.0819,0.034,0.0735
CT010026,Zone_03,Zone_07,0.1438,0.087,0.0988,0.1283,0.1159,0.0938,0.108,0.1438,0.1289,0.0096,0.0858
CT002036,Zone_07,Zone_02,0.1585,0.112,0.1585,0.0736,0.1045,0.1124,0.0677,0.1341,0.0962,0.0627,0.0782
CT010975,Zone_07,Zone_02,0.1726,0.1024,0.1726,0.1327,0.0725,0.0714,0.0968,0.0973,0.1048,0.0701,0.0793
CT018960,Zone_04,Zone_02,0.1708,0.0714,0.1708,0.11,0.1226,0.0645,0.0732,0.1138,0.1264,0.028,0.1191
CT000500,Zone_07,Zone_01,0.1269,0.1269,0.1093,0.0893,0.1154,0.0966,0.0532,0.1103,0.0978,0.0822,0.119
CT004778,Zone_03,Zone_08,0.168,0.0997,0.1247,0.0933,0.0732,0.0687,0.0917,0.1381,0.168,0.0698,0.0728
CT005045,Zone_04,Zone_06,0.196,0.0437,0.1079,0.0968,0.1451,0.0643,0.196,0.1471,0.0968,0.0299,0.0723
CT008137,Zone_07,Zone_01,0.2152,0.2152,0.0739,0.0769,0.098,0.0663,0.1017,0.1045,0.0962,0.0272,0.1401
CT007134,Zone_08,Zone_07,0.1417,0.0793,0.0673,0.1401,0.1202,0.0848,0.1007,0.1417,0.1038,0.0462,0.1159
CT011170,Zone_07,Zone_02,0.205,0.0661,0.205,0.1521,0.0915,0.0553,0.0726,0.1368,0.1145,0.0033,0.1028
CT000797,Zone_02,Zone_01,0.1354,0.1354,0.1109,0.1078,0.1289,0.0763,0.0603,0.1084,0.1215,0.0587,0.0919
CT009627,Zone_01,Zone_02,0.1942,0.0727,0.1942,0.1758,0.0972,0.0409,0.0695,0.1227,0.1191,0.0214,0.0865
CT006074,Zone_01,Zone_07,0.1398,0.0514,0.1131,0.1336,0.0931,0.0845,0.1141,0.1398,0.119,0.0215,0.1301
CT013382,Zone_08,Zone_10,0.155,0.0658,0.1007,0.0695,0.1128,0.1282,0.0908,0.1084,0.1196,0.0492,0.155
CT003550,Zone_07,Zone_03,0.1393,0.0673,0.0992,0.1393,0.1072,0.0937,0.0878,0.1368,0.1299,0.0545,0.0842
CT007020,Zone_08,Zone_07,0.138,0.0783,0.1092,0.083,0.1177,0.1033,0.0945,0.138,0.1262,0.0809,0.0688
CT011897,Zone_04,Zone_07,0.1691,0.0856,0.1411,0.126,0.1029,0.05,0.1006,0.1691,0.1124,0.0258,0.0864
CT017288,Zone_07,Zone_07,0.1784,0.0658,0.1366,0.0637,0.1066,0.0963,0.0722,0.1784,0.127,0.0881,0.0652
CT007030,Zone_06,Zone_07,0.1548,0.0705,0.124,0.0828,0.1309,0.0569,0.0635,0.1548,0.1269,0.0464,0.1433
CT000342,Zone_10,Zone_08,0.1545,0.0714,0.1006,0.0903,0.126,0.0804,0.0994,0.1227,0.1545,0.0543,0.1003
CT019378,Zone_10,Zone_06,0.1317,0.0903,0.1108,0.1281,0.129,0.0856,0.1317,0.12,0.1075,0.0237,0.0733
CT004858,Zone_07,Zone_07,0.1274,0.0908,0.1141,0.1012,0.0819,0.1221,0.1151,0.1274,0.1188,0.0399,0.0887
CT000135,Zone_08,Zone_10,0.1587,0.0646,0.0901,0.1112,0.0917,0.0603,0.1067,0.1512,0.1252,0.0402,0.1587
CT000204,Zone_03,Zone_07,0.129,0.094,0.1078,0.083,0.121,0.0811,0.1091,0.129,0.1097,0.0801,0.0851
CT012579,Zone_04,Zone_08,0.1836,0.0551,0.1058,0.0949,0.1004,0.128,0.0691,0.1337,0.1836,0.0442,0.0852
CT006862,Zone_06,Zone_01,0.1632,0.1632,0.0588,0.1269,0.0804,0.0696,0.0386,0.1355,0.1336,0.0958,0.0975
CT018247,Zone_08,Zone_07,0.1635,0.0927,0.1043,0.0823,0.1453,0.0546,0.0866,0.1635,0.1012,0.0736,0.0959
CT002023,Zone_02,Zone_02,0.1798,0.0745,0.1798,0.066,0.115,0.0565,0.096,0.1131,0.1114,0.1152,0.0724
CT005972,Zone_02,Zone_02,0.1886,0.0695,0.1886,0.0906,0.1132,0.0683,0.1075,0.1225,0.1485,0.0232,0.068
CT006911,Zone_07,Zone_01,0.1281,0.1281,0.1148,0.1178,0.1158,0.0906,0.0773,0.1052,0.0966,0.0276,0.1263
CT011320,Zone_04,Zone_08,0.1442,0.1016,0.0873,0.1007,0.1025,0.0508,0.0801,0.1349,0.1442,0.0765,0.1215
CT003689,Zone_08,Zone_03,0.2007,0.067,0.1496,0.2007,0.0857,0.0439,0.0654,0.1219,0.1061,0.0192,0.1406
CT019772,Zone_02,Zone_03,0.169,0.0661,0.1029,0.169,0.1107,0.0908,0.0464,0.1256,0.1354,0.0716,0.0816
CT010250,Zone_10,Zone_08,0.1594,0.0596,0.1386,0.0943,0.1267,0.0732,0.0462,0.1257,0.1594,0.0272,0.1493
CT010602,Zone_07,Zone_02,0.1455,0.1202,0.1455,0.0895,0.0985,0.0868,0.0992,0.0802,0.13,0.0517,0.0984
CT003667,Zone_01,Zone_08,0.1613,0.0687,0.1521,0.1392,0.1019,0.0756,0.0655,0.1364,0.1613,0.0238,0.0754
CT018941,Zone_05,Zone_02,0.1405,0.0749,0.1405,0.1135,0.1032,0.0656,0.1151,0.1122,0.1238,0.0442,0.1069
CT016730,Zone_07,Zone_04,0.1656,0.1292,0.1026,0.1072,0.1656,0.0691,0.062,0.1365,0.1408,0.0381,0.049
CT013433,Zone_04,Zone_03,0.1618,0.1086,0.0889,0.1618,0.0998,0.0678,0.071,0.1375,0.1287,0.0505,0.0855
CT011475,Zone_02,Zone_06,0.1625,0.1085,0.0898,0.0789,0.094,0.0756,0.1625,0.1091,0.1465,0.0248,0.1103
CT014092,Zone_07,Zone_04,0.1812,0.0998,0.0791,0.1039,0.1812,0.0749,0.0828,0.1742,0.1048,0.0266,0.0727
CT017296,Zone_10,Zone_04,0.1862,0.0577,0.1079,0.0891,0.1862,0.0531,0.1247,0.115,0.1546,0.0272,0.0845
CT019746,Zone_08,Zone_04,0.1735,0.1112,0.125,0.0909,0.1735,0.0993,0.0685,0.1082,0.0994,0.0602,0.0639
CT019742,Zone_07,Zone_04,0.1471,0.0907,0.0652,0.124,0.1471,0.1263,0.0825,0.1224,0.0945,0.054,0.0932
CT017035,Zone_04,Zone_08,0.1292,0.1099,0.1192,0.1131,0.1116,0.0783,0.0931,0.1102,0.1292,0.052,0.0834
CT017985,Zone_07,Zone_02,0.1371,0.0718,0.1371,0.0807,0.1149,0.0647,0.0985,0.1052,0.1292,0.0648,0.133
CT000902,Zone_04,Zone_07,0.1329,0.0695,0.1304,0.0937,0.0938,0.1,0.1231,0.1329,0.1189,0.08,0.0577
CT015889,Zone_10,Zone_06,0.1747,0.0996,0.1074,0.1037,0.0849,0.062,0.1747,0.1173,0.0898,0.0429,0.1178
CT009121,Zone_08,Zone_04,0.1301,0.1235,0.1041,0.0823,0.1301,0.0692,0.0691,0.1262,0.1153,0.0741,0.1062
CT015019,Zone_02,Zone_01,0.1635,0.1635,0.0805,0.0925,0.1329,0.0517,0.0741,0.1481,0.1082,0.0811,0.0674
CT000959,Zone_08,Zone_07,0.2108,0.1135,0.0768,0.1081,0.1582,0.0543,0.0337,0.2108,0.1348,0.0589,0.0508
CT015715,Zone_07,Zone_08,0.1453,0.054,0.1113,0.0895,0.1376,0.0898,0.0872,0.1383,0.1453,0.0556,0.0915
CT011272,Zone_04,Zone_02,0.1676,0.0995,0.1676,0.1138,0.0685,0.1351,0.0431,0.158,0.0933,0.0035,0.1175
CT003544,Zone_01,Zone_03,0.1717,0.0981,0.1073,0.1717,0.1177,0.0759,0.0797,0.1083,0.1219,0.0501,0.0692
CT005647,Zone_08,Zone_08,0.131,0.0973,0.1212,0.1036,0.0841,0.0632,0.128,0.1279,0.131,0.0225,0.1211
CT002735,Zone_04,Zone_07,0.1573,0.1026,0.0824,0.1002,0.1391,0.0642,0.0613,0.1573,0.137,0.0196,0.1363
CT007999,Zone_04,Zone_07,0.1494,0.079,0.0991,0.1289,0.1411,0.0834,0.0707,0.1494,0.1042,0.042,0.1022
CT016570,Zone_02,Zone_03,0.166,0.108,0.0985,0.166,0.1338,0.1089,0.0595,0.1403,0.1085,0.0155,0.061
CT017223,Zone_04,Zone_10,0.1721,0.0746,0.0998,0.0866,0.0658,0.1504,0.0867,0.1108,0.111,0.0422,0.1721
CT016269,Zone_07,Zone_03,0.1339,0.0976,0.0984,0.1339,0.0909,0.1005,0.1226,0.1128,0.0895,0.0475,0.1064
CT015275,Zone_08,Zone_08,0.1544,0.125,0.0925,0.1137,0.1129,0.0683,0.0558,0.1224,0.1544,0.0601,0.0947
CT009516,Zone_10,Zone_03,0.1377,0.115,0.1221,0.1377,0.0735,0.1148,0.0665,0.1129,0.107,0.0533,0.0971
CT004908,Zone_03,Zone_02,0.2464,0.0462,0.2464,0.0968,0.101,0.0392,0.0798,0.1417,0.088,0.0714,0.0894
CT017372,Zone_08,Zone_08,0.147,0.1113,0.1292,0.1244,0.0992,0.1064,0.0648,0.1356,0.147,0.024,0.0579
CT011372,Zone_08,Zone_06,0.1395,0.0755,0.1379,0.1299,0.0698,0.0624,0.1395,0.139,0.1184,0.0734,0.0542
CT017441,Zone_02,Zone_08,0.1674,0.1446,0.1004,0.0854,0.0997,0.0475,0.0937,0.1146,0.1674,0.0446,0.1023
CT019729,Zone_02,Zone_08,0.1486,0.092,0.093,0.0797,0.1082,0.1198,0.1064,0.1479,0.1486,0.0301,0.0743
CT000450,Zone_08,Zone_08,0.1259,0.1233,0.0774,0.107,0.1072,0.0875,0.1183,0.1177,0.1259,0.0295,0.1064
CT011216,Zone_03,Zone_07,0.1691,0.1154,0.0849,0.1468,0.1086,0.093,0.0865,0.1691,0.096,0.0149,0.0849
CT015149,Zone_04,Zone_03,0.1467,0.1402,0.1369,0.1467,0.1226,0.0456,0.0553,0.1435,0.1166,0.0133,0.0792
CT006728,Zone_04,Zone_05,0.1134,0.1038,0.0925,0.1071,0.0976,0.1134,0.0694,0.1047,0.1132,0.1,0.0983
CT017680,Zone_07,Zone_07,0.1261,0.1044,0.1138,0.0832,0.0952,0.0731,0.123,0.1261,0.1047,0.0778,0.0987
CT013533,Zone_01,Zone_03,0.1321,0.0735,0.1221,0.1321,0.1131,0.1266,0.0657,0.1174,0.1243,0.0164,0.1087
CT012449,Zone_07,Zone_02,0.1757,0.0773,0.1757,0.1442,0.0728,0.0559,0.1146,0.1224,0.1111,0.0571,0.0688
CT018882,Zone_08,Zone_08,0.17,0.0871,0.1472,0.1158,0.0792,0.0786,0.098,0.1034,0.17,0.0197,0.1009
CT019070,Zone_07,Zone_08,0.1916,0.0585,0.1329,0.0784,0.1362,0.0656,0.0707,0.1167,0.1916,0.06,0.0893
CT018079,Zone_01,Zone_08,0.1847,0.0798,0.0919,0.09,0.0856,0.092,0.0928,0.168,0.1847,0.023,0.0923
CT019766,Zone_06,Zone_04,0.1978,0.1211,0.1131,0.0868,0.1978,0.0706,0.0517,0.1423,0.112,0.0255,0.0789
CT008922,Zone_07,Zone_07,0.1522,0.0755,0.1073,0.1013,0.1429,0.0937,0.0894,0.1522,0.1164,0.0162,0.1051
CT007617,Zone_04,Zone_03,0.172,0.0965,0.0714,0.172,0.104,0.0889,0.1091,0.1109,0.1471,0.0195,0.0805
CT006273,Zone_08,Zone_07,0.1518,0.0618,0.068,0.1482,0.1159,0.1043,0.0742,0.1518,0.0979,0.0695,0.1086
CT009985,Zone_07,Zone_06,0.2271,0.0758,0.0661,0.0763,0.0777,0.0694,0.2271,0.1753,0.072,0.018,0.1422
CT006632,Zone_02,Zone_08,0.1564,0.118,0.0991,0.0928,0.1059,0.0836,0.0871,0.1481,0.1564,0.0207,0.0884
CT002168,Zone_08,Zone_08,0.147,0.0857,0.0806,0.0531,0.1151,0.0913,0.1099,0.1459,0.147,0.1006,0.0709
CT008155,Zone_08,Zone_05,0.1579,0.1049,0.0967,0.0935,0.1037,0.1579,0.0431,0.1365,0.0974,0.0307,0.1355
CT015483,Zone_07,Zone_02,0.1804,0.0938,0.1804,0.0989,0.0975,0.0791,0.0417,0.1107,0.1338,0.0455,0.1187
CT000850,Zone_10,Zone_06,0.1598,0.0826,0.0751,0.0855,0.1035,0.0918,0.1598,0.1278,0.1474,0.0429,0.0837
CT000458,Zone_08,Zone_07,0.1394,0.1186,0.0808,0.0843,0.0866,0.0521,0.1254,0.1394,0.1186,0.1154,0.0789
CT007421,Zone_03,Zone_02,0.1415,0.1142,0.1415,0.124,0.0994,0.08,0.0917,0.1257,0.1295,0.0185,0.0755
CT016973,Zone_06,Zone_01,0.1523,0.1523,0.1168,0.1039,0.1152,0.0637,0.0682,0.1196,0.0971,0.0411,0.122
CT012113,Zone_07,Zone_01,0.1427,0.1427,0.1416,0.0948,0.0928,0.0712,0.0939,0.1153,0.1198,0.0308,0.0971
CT011880,Zone_08,Zone_08,0.1394,0.1167,0.0841,0.0888,0.134,0.0813,0.0881,0.1235,0.1394,0.0532,0.0909
CT012505,Zone_07,Zone_06,0.1748,0.0836,0.0878,0.0909,0.0901,0.0783,0.1748,0.1549,0.1481,0.0178,0.0736
CT019292,Zone_07,Zone_09,0.1448,0.0689,0.1011,0.0783,0.074,0.0605,0.1215,0.1012,0.1368,0.1448,0.1129
CT011487,Zone_10,Zone_03,0.2041,0.0621,0.0743,0.2041,0.0696,0.0167,0.1145,0.1309,0.0776,0.0477,0.2026
CT010878,Zone_08,Zone_08,0.1799,0.0845,0.1577,0.0794,0.1502,0.0669,0.0331,0.1575,0.1799,0.023,0.0678
CT005128,Zone_01,Zone_03,0.1827,0.12,0.0849,0.1827,0.1281,0.064,0.0566,0.1004,0.1553,0.0135,0.0946
CT012832,Zone_07,Zone_02,0.1626,0.0687,0.1626,0.1134,0.1221,0.0409,0.0775,0.1564,0.1395,0.0181,0.1008
CT017977,Zone_08,Zone_05,0.1675,0.1274,0.1001,0.0869,0.0799,0.1675,0.0979,0.1037,0.1304,0.0353,0.0709
CT004021,Zone_01,Zone_07,0.162,0.0969,0.0829,0.0974,0.1386,0.0863,0.0743,0.162,0.1009,0.0683,0.0923
CT012065,Zone_04,Zone_08,0.1448,0.1067,0.0901,0.0941,0.1432,0.0915,0.0762,0.117,0.1448,0.0307,0.1057
CT004424,Zone_01,Zone_08,0.1613,0.114,0.0949,0.145,0.0991,0.1116,0.0797,0.105,0.1613,0.0136,0.0757
CT007170,Zone_02,Zone_07,0.1321,0.1058,0.1215,0.1089,0.1093,0.1172,0.0907,0.1321,0.1246,0.019,0.071
CT011526,Zone_07,Zone_01,0.1402,0.1402,0.1215,0.1075,0.0923,0.0946,0.065,0.09,0.0904,0.1157,0.0828
CT015318,Zone_02,Zone_10,0.1639,0.1133,0.0903,0.0988,0.0956,0.064,0.0667,0.1356,0.1318,0.04,0.1639
CT006595,Zone_09,Zone_04,0.1416,0.1148,0.0647,0.1217,0.1416,0.0955,0.0977,0.1032,0.1142,0.037,0.1094
CT003105,Zone_08,Zone_01,0.1751,0.1751,0.069,0.0684,0.1068,0.0601,0.0862,0.1498,0.112,0.1022,0.0705
CT001057,Zone_06,Zone_07,0.1506,0.1041,0.0937,0.0803,0.1051,0.0675,0.0963,0.1506,0.1357,0.1068,0.0599
CT001477,Zone_08,Zone_07,0.157,0.0981,0.0988,0.1152,0.1451,0.0548,0.0984,0.157,0.1116,0.0174,0.1035
CT010379,Zone_07,Zone_07,0.1481,0.0963,0.1085,0.1258,0.0924,0.0675,0.0686,0.1481,0.1163,0.0309,0.1455
CT015969,Zone_02,Zone_01,0.1265,0.1265,0.0865,0.1137,0.0922,0.0995,0.0905,0.1064,0.1035,0.0662,0.115
CT019769,Zone_07,Zone_10,0.1255,0.1152,0.0669,0.1091,0.085,0.0806,0.121,0.1038,0.1108,0.0821,0.1255
CT003337,Zone_07,Zone_03,0.1825,0.0734,0.1384,0.1825,0.1265,0.0224,0.0603,0.1167,0.1242,0.0397,0.1159
CT013294,Zone_01,Zone_02,0.1581,0.095,0.1581,0.0856,0.069,0.1211,0.0879,0.1048,0.1215,0.0689,0.0881
CT000844,Zone_08,Zone_03,0.1275,0.1263,0.1141,0.1275,0.0816,0.0988,0.0876,0.1152,0.1199,0.04,0.0889
CT009092,Zone_07,Zone_07,0.1412,0.0986,0.0937,0.1252,0.1077,0.1035,0.116,0.1412,0.0982,0.0176,0.0982
CT018309,Zone_08,Zone_03,0.1514,0.0733,0.1255,0.1514,0.108,0.0562,0.092,0.1485,0.1274,0.0314,0.0864
CT005936,Zone_07,Zone_08,0.1401,0.0929,0.1039,0.0954,0.121,0.0833,0.0586,0.1181,0.1401,0.0511,0.1356
CT000108,Zone_04,Zone_07,0.1602,0.113,0.0538,0.1219,0.1478,0.0691,0.1096,0.1602,0.1374,0.0228,0.0643
CT011298,Zone_07,Zone_03,0.1718,0.0537,0.1038,0.1718,0.1268,0.0892,0.0617,0.1276,0.1634,0.0106,0.0914
CT000878,Zone_04,Zone_08,0.1566,0.1432,0.0954,0.1098,0.1038,0.0718,0.0513,0.0946,0.1566,0.0847,0.0887
CT015809,Zone_02,Zone_07,0.1388,0.1299,0.0869,0.0869,0.1271,0.0841,0.0847,0.1388,0.1347,0.0253,0.1015
CT000909,Zone_04,Zone_03,0.1936,0.1177,0.0777,0.1936,0.1004,0.0774,0.0677,0.1575,0.1166,0.0073,0.0841
CT013961,Zone_06,Zone_02,0.1464,0.0639,0.1464,0.0894,0.128,0.0873,0.1108,0.1442,0.1172,0.0459,0.0669
CT003670,Zone_08,Zone_04,0.1641,0.0912,0.1288,0.1323,0.1641,0.0644,0.0603,0.1629,0.0904,0.0235,0.0822
CT000413,Zone_03,Zone_07,0.1659,0.0677,0.1373,0.1581,0.1092,0.083,0.0468,0.1659,0.1329,0.0241,0.0751
CT011477,Zone_03,Zone_01,0.1812,0.1812,0.0909,0.1219,0.0824,0.1128,0.0315,0.1482,0.0933,0.023,0.1148
CT006030,Zone_01,Zone_08,0.1652,0.0459,0.0641,0.078,0.1032,0.1303,0.066,0.1594,0.1652,0.081,0.1069
CT016727,Zone_06,Zone_05,0.1529,0.0802,0.1131,0.0711,0.1323,0.1529,0.1185,0.0932,0.1207,0.0313,0.0867
CT009721,Zone_08,Zone_08,0.1549,0.0872,0.0779,0.096,0.1251,0.1031,0.0971,0.1367,0.1549,0.032,0.0898
CT017975,Zone_06,Zone_02,0.1488,0.0941,0.1488,0.1357,0.1055,0.0831,0.0835,0.1255,0.105,0.0469,0.0719
CT001837,Zone_02,Zone_08,0.1687,0.0867,0.0561,0.1584,0.1216,0.0776,0.1078,0.132,0.1687,0.0105,0.0806
CT006709,Zone_07,Zone_07,0.1517,0.1161,0.0822,0.0948,0.1119,0.0738,0.0861,0.1517,0.1174,0.039,0.1271
CT014477,Zone_08,Zone_02,0.1404,0.1168,0.1404,0.0982,0.0984,0.0592,0.0845,0.1158,0.1158,0.0667,0.1042
CT014009,Zone_10,Zone_10,0.1751,0.0921,0.1023,0.0938,0.1197,0.0555,0.0518,0.1403,0.128,0.0415,0.1751
CT006589,Zone_07,Zone_10,0.1488,0.0973,0.1293,0.0735,0.1038,0.0879,0.0907,0.1321,0.122,0.0145,0.1488
CT018973,Zone_03,Zone_07,0.1771,0.138,0.0934,0.1171,0.101,0.0931,0.0471,0.1771,0.1188,0.0203,0.0941
CT014074,Zone_07,Zone_06,0.1303,0.0646,0.1165,0.0978,0.1029,0.1141,0.1303,0.1204,0.117,0.0493,0.0871
CT013415,Zone_04,Zone_08,0.1276,0.1053,0.1086,0.1039,0.125,0.1099,0.0804,0.1118,0.1276,0.0149,0.1125
CT013445,Zone_08,Zone_10,0.1422,0.074,0.0884,0.1053,0.1264,0.0661,0.106,0.132,0.1105,0.0492,0.1422
CT017387,Zone_07,Zone_03,0.1541,0.0797,0.0849,0.1541,0.1009,0.0922,0.0984,0.1238,0.1339,0.019,0.1132
CT003559,Zone_08,Zone_06,0.1519,0.0646,0.1015,0.0921,0.1055,0.0909,0.1519,0.1088,0.1197,0.0365,0.1286
CT000203,Zone_07,Zone_03,0.1577,0.1048,0.0934,0.1577,0.1209,0.0579,0.0537,0.1198,0.1392,0.0519,0.1008
CT019211,Zone_07,Zone_08,0.1565,0.106,0.0786,0.1061,0.155,0.0302,0.1066,0.1513,0.1565,0.0404,0.0692
CT009621,Zone_03,Zone_10,0.1412,0.0728,0.0829,0.0956,0.1338,0.0997,0.0805,0.1204,0.1134,0.0597,0.1412
CT015768,Zone_07,Zone_03,0.1717,0.144,0.1337,0.1717,0.1337,0.0535,0.0391,0.1075,0.1318,0.0309,0.0542
CT014520,Zone_08,Zone_08,0.1419,0.085,0.1226,0.0745,0.1103,0.0775,0.121,0.126,0.1419,0.0464,0.0947
CT003684,Zone_08,Zone_05,0.1542,0.0934,0.1002,0.1336,0.0876,0.1542,0.0862,0.1063,0.1347,0.0324,0.0714
CT016558,Zone_07,Zone_08,0.155,0.0506,0.1259,0.1164,0.1321,0.0654,0.1002,0.1315,0.155,0.0165,0.1064
CT014901,Zone_07,Zone_03,0.1481,0.1104,0.0874,0.1481,0.0726,0.0998,0.1363,0.1005,0.1043,0.0884,0.0521
CT003830,Zone_08,Zone_07,0.1373,0.0904,0.1006,0.1199,0.1242,0.0399,0.0671,0.1373,0.1242,0.0619,0.1344
CT014427,Zone_03,Zone_07,0.1438,0.0855,0.1134,0.1135,0.1103,0.1431,0.1068,0.1438,0.0923,0.0345,0.0568
CT010350,Zone_07,Zone_08,0.1248,0.1024,0.1108,0.1144,0.1125,0.1074,0.1218,0.097,0.1248,0.0313,0.0776
CT018832,Zone_07,Zone_07,0.1691,0.0865,0.1065,0.093,0.1328,0.1008,0.0992,0.1691,0.1294,0.0128,0.0698
CT005223,Zone_03,Zone_04,0.1356,0.1095,0.0621,0.0857,0.1356,0.1203,0.0697,0.1184,0.1197,0.0529,0.1262
CT005942,Zone_08,Zone_07,0.1501,0.1107,0.0932,0.0879,0.126,0.0655,0.0818,0.1501,0.1299,0.0273,0.1278
CT006678,Zone_06,Zone_08,0.1465,0.0741,0.0947,0.1139,0.0982,0.1465,0.0942,0.1223,0.1465,0.0301,0.0796
CT011365,Zone_07,Zone_03,0.1203,0.1083,0.0944,0.1203,0.0938,0.0797,0.1115,0.1158,0.1025,0.0764,0.0973
CT015572,Zone_10,Zone_08,0.1419,0.1032,0.1066,0.0834,0.1048,0.0997,0.0844,0.116,0.1419,0.0781,0.0819
CT008729,Zone_03,Zone_03,0.1549,0.0756,0.0999,0.1549,0.0907,0.1229,0.0829,0.0888,0.152,0.048,0.0843
CT017114,Zone_07,Zone_06,0.1635,0.0911,0.0881,0.1018,0.1083,0.0619,0.1635,0.1376,0.1321,0.0288,0.0868
CT009196,Zone_03,Zone_07,0.1382,0.1011,0.0784,0.1212,0.1184,0.081,0.0864,0.1382,0.1304,0.0452,0.0996
CT019541,Zone_02,Zone_03,0.2566,0.0392,0.0809,0.2566,0.1212,0.0911,0.081,0.1242,0.1016,0.0408,0.0634
CT006376,Zone_01,Zone_05,0.1444,0.0852,0.0958,0.1269,0.0935,0.1444,0.0576,0.1219,0.1229,0.0169,0.135
CT009868,Zone_07,Zone_02,0.156,0.0847,0.156,0.0662,0.1157,0.1339,0.0772,0.1217,0.1089,0.1133,0.0223
CT018176,Zone_02,Zone_04,0.1314,0.1112,0.0881,0.0901,0.1314,0.0965,0.1,0.1151,0.1295,0.0292,0.1089
CT000131,Zone_01,Zone_02,0.1459,0.1018,0.1459,0.0843,0.1172,0.0536,0.1382,0.1375,0.1176,0.0387,0.0653
CT000231,Zone_03,Zone_07,0.1342,0.0671,0.1061,0.0975,0.1187,0.0883,0.0888,0.1342,0.1218,0.0969,0.0805
CT010957,Zone_10,Zone_02,0.1486,0.1412,0.1486,0.0721,0.1059,0.0838,0.0709,0.1282,0.1281,0.0178,0.1033
CT017621,Zone_02,Zone_07,0.1415,0.1093,0.1074,0.0963,0.1076,0.1126,0.0604,0.1415,0.0963,0.0746,0.094
CT019419,Zone_04,Zone_07,0.1435,0.1093,0.1104,0.0864,0.1299,0.0631,0.0719,0.1435,0.1376,0.075,0.0728
CT006272,Zone_01,Zone_07,0.141,0.1187,0.1032,0.1087,0.1121,0.048,0.0812,0.141,0.1301,0.0235,0.1335
CT013032,Zone_04,Zone_07,0.1509,0.1438,0.0835,0.0928,0.124,0.0779,0.11,0.1509,0.0895,0.025,0.1026
CT010314,Zone_09,Zone_06,0.1405,0.135,0.0824,0.0981,0.0925,0.1104,0.1405,0.1054,0.1029,0.0416,0.0912
CT017933,Zone_03,Zone_03,0.1606,0.1092,0.0897,0.1606,0.0863,0.0796,0.0636,0.1002,0.1136,0.0474,0.1498
CT013585,Zone_07,Zone_07,0.1348,0.0781,0.0742,0.1205,0.0942,0.1303,0.0929,0.1348,0.1259,0.0294,0.1198
CT018945,Zone_05,Zone_04,0.1835,0.0741,0.0597,0.1645,0.1835,0.0556,0.1159,0.0975,0.1317,0.0251,0.0922
CT018172,Zone_07,Zone_02,0.1778,0.107,0.1778,0.0824,0.0983,0.1093,0.0592,0.1037,0.1042,0.0658,0.0923
CT000506,Zone_07,Zone_08,0.156,0.0374,0.1062,0.1027,0.1152,0.0781,0.1006,0.14,0.156,0.0676,0.0961
CT015332,Zone_07,Zone_03,0.1785,0.0974,0.082,0.1785,0.106,0.0878,0.0869,0.1313,0.1392,0.0118,0.0793
CT001971,Zone_04,Zone_07,0.1865,0.1377,0.0736,0.0872,0.1093,0.0661,0.0717,0.1865,0.1151,0.0554,0.0973
CT013285,Zone_10,Zone_07,0.1491,0.1114,0.0754,0.086,0.1247,0.0654,0.1474,0.1491,0.1076,0.0597,0.0733
CT019599,Zone_08,Zone_08,0.1342,0.1169,0.1083,0.1017,0.1023,0.0476,0.1269,0.1238,0.1342,0.0406,0.0976
CT001538,Zone_07,Zone_07,0.1424,0.1143,0.1088,0.0898,0.0944,0.1313,0.0816,0.1424,0.1075,0.0532,0.0767
CT009763,Zone_08,Zone_07,0.1493,0.1134,0.1313,0.1231,0.0934,0.0711,0.0574,0.1493,0.1274,0.0213,0.1123
CT017572,Zone_01,Zone_08,0.1252,0.1034,0.1102,0.1058,0.125,0.1192,0.0801,0.1047,0.1252,0.0388,0.0877
CT003353,Zone_02,Zone_10,0.1284,0.0973,0.1216,0.1242,0.1002,0.0897,0.0669,0.1257,0.1025,0.0435,0.1284
CT018723,Zone_07,Zone_07,0.1322,0.0732,0.1175,0.0973,0.0963,0.1116,0.0849,0.1322,0.1224,0.0512,0.1133
CT002032,Zone_07,Zone_08,0.1439,0.0992,0.1165,0.1074,0.1102,0.0716,0.0815,0.1295,0.1439,0.0348,0.1055
CT009510,Zone_02,Zone_06,0.1383,0.0995,0.0974,0.0908,0.0955,0.0717,0.1383,0.1351,0.1285,0.0431,0.1002
CT014308,Zone_10,Zone_05,0.1435,0.1255,0.1111,0.1048,0.0949,0.1435,0.0589,0.1326,0.1166,0.0229,0.0893
CT003586,Zone_07,Zone_07,0.1237,0.1035,0.1103,0.107,0.1105,0.0784,0.1088,0.1237,0.1028,0.0399,0.1151
CT004769,Zone_01,Zone_10,0.1296,0.0992,0.0784,0.1099,0.0949,0.0971,0.1261,0.1143,0.1188,0.0317,0.1296
CT002113,Zone_01,Zone_05,0.1358,0.0553,0.1291,0.0827,0.1311,0.1358,0.0674,0.0985,0.0944,0.1288,0.0769
CT004926,Zone_04,Zone_08,0.1621,0.0757,0.1014,0.1151,0.1392,0.0737,0.0928,0.1178,0.1621,0.0201,0.102
CT014947,Zone_02,Zone_10,0.128,0.1193,0.1017,0.1239,0.1132,0.0719,0.1087,0.0998,0.1164,0.0172,0.128
CT018857,Zone_07,Zone_02,0.1854,0.1032,0.1854,0.1096,0.1043,0.047,0.0778,0.093,0.0979,0.0528,0.129
CT012590,Zone_07,Zone_04,0.1537,0.1218,0.1123,0.1172,0.1537,0.0674,0.0759,0.0971,0.136,0.0396,0.0789
CT018040,Zone_07,Zone_02,0.174,0.1483,0.174,0.1211,0.148,0.0424,0.0603,0.1177,0.097,0.0447,0.0465
CT014349,Zone_10,Zone_09,0.2133,0.0682,0.0816,0.1066,0.11,0.0969,0.0594,0.1103,0.0774,0.2133,0.0764
CT003478,Zone_06,Zone_03,0.1329,0.1173,0.0821,0.1329,0.1108,0.0962,0.0685,0.0927,0.1214,0.0849,0.093
CT001175,Zone_07,Zone_02,0.1632,0.0963,0.1632,0.1242,0.1333,0.0848,0.08,0.1159,0.0934,0.0195,0.0895
CT016173,Zone_08,Zone_07,0.1644,0.1005,0.0933,0.0977,0.1038,0.0693,0.0727,0.1644,0.1154,0.0625,0.1204
CT002894,Zone_07,Zone_07,0.1456,0.0918,0.1055,0.1216,0.1425,0.0634,0.0675,0.1456,0.1207,0.028,0.1133
CT006766,Zone_08,Zone_06,0.1467,0.1365,0.0716,0.1252,0.1065,0.0368,0.1467,0.1251,0.1363,0.0022,0.1131
CT019714,Zone_04,Zone_01,0.1453,0.1453,0.1101,0.0963,0.1039,0.0818,0.0821,0.1365,0.1361,0.0293,0.0786
CT009070,Zone_04,Zone_05,0.1354,0.0822,0.1275,0.1169,0.0956,0.1354,0.078,0.1188,0.1078,0.0177,0.12
CT018415,Zone_02,Zone_09,0.1655,0.0506,0.0784,0.0939,0.1655,0.0457,0.0734,0.1529,0.0974,0.1655,0.0767
CT003124,Zone_08,Zone_07,0.1375,0.1063,0.1152,0.0888,0.1163,0.0837,0.0841,0.1375,0.1206,0.0162,0.1313
CT007754,Zone_07,Zone_02,0.1791,0.0745,0.1791,0.0962,0.1546,0.0608,0.0342,0.1544,0.1156,0.0787,0.0519
CT015637,Zone_08,Zone_05,0.1766,0.0591,0.116,0.0867,0.0889,0.1766,0.0717,0.1019,0.1278,0.0402,0.131
CT019802,Zone_08,Zone_07,0.1211,0.1065,0.0958,0.0995,0.1124,0.1189,0.1012,0.1211,0.1032,0.029,0.1125
CT011523,Zone_07,Zone_07,0.1654,0.0832,0.1298,0.1314,0.1294,0.0615,0.0703,0.1654,0.1471,0.0121,0.0699
CT009105,Zone_07,Zone_04,0.1355,0.111,0.1013,0.1144,0.1355,0.0733,0.0601,0.1267,0.1293,0.029,0.1193
CT009213,Zone_03,Zone_04,0.1484,0.102,0.1437,0.111,0.1484,0.0536,0.0913,0.1232,0.1013,0.0203,0.1051
CT009486,Zone_04,Zone_08,0.1726,0.0817,0.1167,0.0807,0.0993,0.086,0.0681,0.1658,0.1726,0.0326,0.0967
CT011988,Zone_01,Zone_02,0.1383,0.1154,0.1383,0.0868,0.1347,0.0807,0.0794,0.1141,0.1143,0.0406,0.0957
CT012441,Zone_07,Zone_10,0.1424,0.0694,0.1171,0.099,0.1094,0.0464,0.0765,0.1293,0.1303,0.0803,0.1424
CT015020,Zone_04,Zone_02,0.1859,0.0851,0.1859,0.1191,0.1213,0.1016,0.0827,0.1187,0.0977,0.0368,0.0511
CT009969,Zone_01,Zone_08,0.1548,0.1308,0.1105,0.1146,0.082,0.0982,0.0647,0.1497,0.1548,0.029,0.0656
CT014240,Zone_02,Zone_02,0.167,0.1024,0.167,0.102,0.1201,0.099,0.0693,0.1214,0.1068,0.0296,0.0824
CT011158,Zone_07,Zone_02,0.1497,0.0525,0.1497,0.1054,0.1187,0.0459,0.1158,0.1388,0.11,0.0873,0.076
CT012167,Zone_08,Zone_09,0.1419,0.1132,0.0788,0.122,0.0705,0.0465,0.1357,0.1203,0.099,0.1419,0.072
CT000660,Zone_05,Zone_08,0.1686,0.1121,0.0947,0.1114,0.112,0.0682,0.0826,0.1263,0.1686,0.017,0.1072
CT002369,Zone_05,Zone_02,0.1421,0.1043,0.1421,0.1375,0.1318,0.046,0.076,0.1265,0.1189,0.0574,0.0597
CT017086,Zone_05,Zone_07,0.1761,0.1304,0.086,0.113,0.1388,0.0998,0.0414,0.1761,0.1149,0.0434,0.0563
CT001661,Zone_03,Zone_07,0.1549,0.1083,0.0999,0.1041,0.1088,0.109,0.0705,0.1549,0.1196,0.0281,0.0967
CT014557,Zone_02,Zone_04,0.1562,0.1237,0.074,0.0874,0.1562,0.1219,0.0788,0.1178,0.1264,0.0228,0.091
CT008914,Zone_08,Zone_01,0.1371,0.1371,0.1128,0.0856,0.102,0.1137,0.0873,0.1266,0.1365,0.0395,0.0589
CT014438,Zone_08,Zone_07,0.1799,0.0911,0.0911,0.0669,0.1201,0.1288,0.1209,0.1799,0.1088,0.0381,0.0543
CT006585,Zone_08,Zone_05,0.214,0.079,0.0811,0.11,0.0911,0.214,0.0669,0.1104,0.0983,0.0507,0.0984
CT015952,Zone_01,Zone_08,0.1587,0.1095,0.0622,0.0912,0.1343,0.0837,0.0838,0.1029,0.1587,0.0344,0.1393
CT010397,Zone_02,Zone_03,0.1467,0.0877,0.1138,0.1467,0.1353,0.0822,0.0464,0.1058,0.1403,0.0388,0.103
CT009786,Zone_08,Zone_08,0.1388,0.1374,0.1203,0.083,0.0993,0.0991,0.0609,0.1161,0.1388,0.0578,0.0874
CT015355,Zone_03,Zone_07,0.1466,0.0843,0.1372,0.0937,0.1035,0.0872,0.0831,0.1466,0.1404,0.0424,0.0816
CT014779,Zone_06,Zone_05,0.1366,0.0841,0.1128,0.1048,0.1052,0.1366,0.0671,0.1275,0.1024,0.038,0.1215
CT007010,Zone_07,Zone_03,0.1678,0.1096,0.1114,0.1678,0.1263,0.0648,0.0672,0.1164,0.16,0.0107,0.0658
CT000935,Zone_07,Zone_01,0.1822,0.1822,0.1061,0.1213,0.1036,0.051,0.0847,0.1206,0.0984,0.0216,0.1105
CT009315,Zone_01,Zone_02,0.1452,0.0876,0.1452,0.1141,0.1171,0.0486,0.1067,0.1425,0.1041,0.077,0.0569
CT000672,Zone_07,Zone_01,0.153,0.153,0.0778,0.1134,0.1077,0.1045,0.0813,0.104,0.1081,0.0108,0.1394
CT005093,Zone_04,Zone_07,0.1421,0.0587,0.1062,0.0939,0.1038,0.1144,0.1,0.1421,0.1249,0.0436,0.1126
CT005825,Zone_05,Zone_08,0.1673,0.0581,0.0941,0.1191,0.0973,0.0773,0.0978,0.1491,0.1673,0.0327,0.1072
CT016209,Zone_07,Zone_06,0.1481,0.1429,0.0877,0.11,0.0718,0.1088,0.1481,0.1103,0.114,0.0257,0.0807
CT008799,Zone_03,Zone_10,0.1966,0.1199,0.1005,0.052,0.1349,0.1054,0.0741,0.1214,0.0701,0.0252,0.1966
CT014280,Zone_08,Zone_08,0.1882,0.0781,0.0978,0.157,0.12,0.0647,0.069,0.0987,0.1882,0.0473,0.0792
CT011090,Zone_08,Zone_10,0.1498,0.0892,0.0976,0.1007,0.0937,0.0674,0.1189,0.1341,0.1222,0.0264,0.1498
CT009745,Zone_07,Zone_07,0.1381,0.1017,0.0834,0.1005,0.0833,0.0984,0.0912,0.1381,0.094,0.0738,0.1356
CT000880,Zone_07,Zone_04,0.1331,0.1148,0.0959,0.0888,0.1331,0.1037,0.0917,0.0959,0.1282,0.0435,0.1043
CT000492,Zone_07,Zone_07,0.1557,0.1339,0.1475,0.0765,0.1215,0.0768,0.0776,0.1557,0.0911,0.0411,0.0784
CT004232,Zone_02,Zone_01,0.1603,0.1603,0.1073,0.0875,0.1395,0.0517,0.1098,0.1188,0.108,0.0383,0.0788
CT013753,Zone_06,Zone_07,0.1317,0.0873,0.13,0.0856,0.1247,0.0327,0.1312,0.1317,0.1233,0.0916,0.0618
CT002636,Zone_08,Zone_04,0.1528,0.0814,0.0945,0.0959,0.1528,0.0914,0.0489,0.1019,0.1232,0.0638,0.1463
CT000983,Zone_07,Zone_08,0.181,0.0844,0.0711,0.0822,0.088,0.086,0.0922,0.176,0.181,0.0223,0.1168
CT011627,Zone_01,Zone_05,0.147,0.1118,0.1073,0.1275,0.1162,0.147,0.074,0.0988,0.1041,0.0541,0.0592
CT002498,Zone_01,Zone_08,0.1883,0.0711,0.1159,0.0866,0.0877,0.088,0.0723,0.1251,0.1883,0.0159,0.1491
CT003560,Zone_08,Zone_06,0.1554,0.1294,0.0841,0.0902,0.1159,0.0943,0.1554,0.1141,0.1191,0.018,0.0794
CT017795,Zone_08,Zone_07,0.1746,0.1149,0.1282,0.0925,0.0871,0.0978,0.0787,0.1746,0.103,0.038,0.0852
CT006943,Zone_07,Zone_10,0.1456,0.1034,0.077,0.1117,0.0931,0.0973,0.0925,0.1006,0.1078,0.0708,0.1456
CT000679,Zone_03,Zone_08,0.1508,0.1086,0.1446,0.0946,0.0988,0.0668,0.0734,0.1157,0.1508,0.0386,0.1081
CT011767,Zone_07,Zone_03,0.1728,0.1263,0.1046,0.1728,0.0863,0.0655,0.0788,0.1015,0.1214,0.0749,0.068
CT001081,Zone_04,Zone_04,0.1584,0.0597,0.1576,0.0834,0.1584,0.0851,0.1267,0.1385,0.0978,0.0337,0.0592
CT008974,Zone_02,Zone_02,0.1455,0.1003,0.1455,0.0873,0.1146,0.133,0.0864,0.1074,0.0989,0.0431,0.0834
CT004965,Zone_04,Zone_07,0.175,0.0764,0.1162,0.1024,0.1058,0.0726,0.085,0.175,0.1565,0.0143,0.0957
CT002338,Zone_05,Zone_10,0.1318,0.0895,0.085,0.1094,0.1001,0.0913,0.1159,0.1173,0.1223,0.0374,0.1318
CT010175,Zone_01,Zone_03,0.1599,0.137,0.0969,0.1599,0.1127,0.0498,0.0685,0.1478,0.1145,0.0169,0.096
CT003111,Zone_04,Zone_03,0.2021,0.1097,0.073,0.2021,0.1037,0.0546,0.0592,0.0996,0.1557,0.0673,0.075
CT016461,Zone_04,Zone_03,0.1551,0.1361,0.1016,0.1551,0.0913,0.0703,0.0972,0.1279,0.1237,0.0298,0.0669
CT012844,Zone_01,Zone_06,0.1541,0.0996,0.1013,0.1208,0.0878,0.0673,0.1541,0.1176,0.1296,0.0223,0.0996
CT003410,Zone_03,Zone_07,0.1816,0.054,0.1345,0.104,0.0914,0.0561,0.1287,0.1816,0.1199,0.0487,0.0812
CT007834,Zone_07,Zone_08,0.1485,0.1151,0.0888,0.1002,0.099,0.0735,0.1308,0.1338,0.1485,0.024,0.0862
CT014286,Zone_03,Zone_04,0.1823,0.0657,0.0758,0.1456,0.1823,0.1567,0.0842,0.1093,0.0969,0.0185,0.0651
CT019612,Zone_07,Zone_07,0.1305,0.0818,0.113,0.1027,0.1053,0.0909,0.089,0.1305,0.0942,0.0903,0.1024
CT014305,Zone_10,Zone_08,0.1446,0.1127,0.1078,0.1367,0.1183,0.1025,0.0386,0.1117,0.1446,0.0259,0.1012
CT003385,Zone_01,Zone_01,0.1614,0.1614,0.1125,0.088,0.1508,0.0447,0.0411,0.0942,0.0746,0.0946,0.1381
CT019244,Zone_07,Zone_02,0.1306,0.0818,0.1306,0.0973,0.1261,0.0739,0.1113,0.1095,0.1013,0.0665,0.1017
CT016500,Zone_04,Zone_10,0.1373,0.1015,0.1109,0.0885,0.1033,0.1015,0.1061,0.1078,0.1336,0.0095,0.1373
CT005770,Zone_07,Zone_02,0.197,0.0745,0.197,0.0926,0.1284,0.0745,0.1012,0.1232,0.0913,0.015,0.1024
CT006311,Zone_03,Zone_01,0.1316,0.1316,0.0966,0.0918,0.1315,0.0753,0.0943,0.1292,0.1007,0.0511,0.0977
CT006631,Zone_07,Zone_04,0.1574,0.0963,0.0684,0.1005,0.1574,0.1191,0.0983,0.1183,0.0879,0.036,0.1176
CT014224,Zone_10,Zone_08,0.2068,0.0907,0.0864,0.1439,0.1041,0.0297,0.0593,0.1102,0.2068,0.0455,0.1234
CT006479,Zone_04,Zone_04,0.1862,0.0704,0.1045,0.078,0.1862,0.1214,0.0434,0.1027,0.1506,0.0296,0.1132
CT012861,Zone_07,Zone_05,0.1924,0.1385,0.0876,0.1025,0.1023,0.1924,0.0686,0.0884,0.1322,0.0123,0.0752
CT007324,Zone_10,Zone_07,0.1346,0.0857,0.118,0.129,0.1005,0.0571,0.1089,0.1346,0.1276,0.0352,0.1035
CT004164,Zone_05,Zone_08,0.1631,0.1049,0.0676,0.1393,0.0815,0.0975,0.0673,0.1614,0.1631,0.0232,0.0942
CT009526,Zone_07,Zone_02,0.1236,0.1095,0.1236,0.1191,0.1135,0.1157,0.0591,0.1006,0.1226,0.0176,0.1186
CT016947,Zone_06,Zone_10,0.1417,0.084,0.0901,0.0963,0.0981,0.0864,0.1055,0.1298,0.1174,0.0508,0.1417
CT017124,Zone_10,Zone_10,0.1829,0.0827,0.0894,0.0671,0.1128,0.0752,0.1184,0.0931,0.1225,0.0558,0.1829
CT019690,Zone_08,Zone_04,0.1468,0.1026,0.0998,0.1008,0.1468,0.0628,0.0906,0.1342,0.095,0.0864,0.0809
CT014508,Zone_02,Zone_07,0.1732,0.1049,0.1185,0.0871,0.0811,0.085,0.0965,0.1732,0.1333,0.0612,0.0592
CT004472,Zone_04,Zone_07,0.1435,0.1282,0.1009,0.0961,0.0783,0.1058,0.062,0.1435,0.141,0.0296,0.1145
CT014473,Zone_03,Zone_02,0.176,0.0715,0.176,0.1131,0.0967,0.0768,0.061,0.1121,0.1247,0.0683,0.0999
CT003954,Zone_08,Zone_01,0.1352,0.1352,0.0791,0.0829,0.1276,0.1056,0.0926,0.1262,0.1116,0.0252,0.1141
CT003832,Zone_07,Zone_02,0.1806,0.0697,0.1806,0.0924,0.0871,0.0661,0.0867,0.1125,0.1309,0.0806,0.0935
CT019581,Zone_01,Zone_06,0.1351,0.0962,0.1275,0.1138,0.0999,0.0419,0.1351,0.1132,0.1118,0.0484,0.1122
CT000595,Zone_02,Zone_08,0.1393,0.1058,0.119,0.1246,0.1337,0.0569,0.0685,0.1008,0.1393,0.067,0.0843
CT001586,Zone_10,Zone_07,0.1348,0.1265,0.1068,0.0992,0.1161,0.0665,0.0869,0.1348,0.0945,0.0642,0.1046
CT008849,Zone_07,Zone_07,0.18,0.0882,0.0766,0.1262,0.0868,0.0832,0.0979,0.18,0.1123,0.0498,0.0991
CT018566,Zone_07,Zone_07,0.1496,0.1333,0.1357,0.0916,0.1087,0.0641,0.0569,0.1496,0.1118,0.0458,0.1025
CT007235,Zone_08,Zone_05,0.1572,0.0942,0.0979,0.0999,0.142,0.1572,0.0688,0.0982,0.136,0.0109,0.0949
CT002999,Zone_10,Zone_03,0.1989,0.0874,0.1049,0.1989,0.1498,0.075,0.039,0.1018,0.1233,0.036,0.084
CT010792,Zone_07,Zone_05,0.179,0.0902,0.0951,0.0903,0.1132,0.179,0.071,0.1135,0.1256,0.0286,0.0936
CT015872,Zone_10,Zone_08,0.149,0.1061,0.0565,0.1283,0.1012,0.0705,0.0663,0.129,0.149,0.0939,0.0991
CT008488,Zone_02,Zone_07,0.171,0.1043,0.0763,0.0734,0.0888,0.149,0.0258,0.171,0.1065,0.0805,0.1244
CT016060,Zone_08,Zone_04,0.2173,0.0628,0.0926,0.1111,0.2173,0.0616,0.0656,0.1218,0.1255,0.0239,0.1176
CT013929,Zone_07,Zone_07,0.145,0.0979,0.0813,0.1184,0.0909,0.0731,0.0775,0.145,0.137,0.0704,0.1086
CT014966,Zone_08,Zone_04,0.147,0.0811,0.1008,0.1301,0.147,0.074,0.0936,0.135,0.1259,0.0315,0.0811
CT000633,Zone_02,Zone_06,0.1662,0.069,0.0703,0.0788,0.1049,0.1343,0.1662,0.0738,0.0895,0.0569,0.1563
CT019291,Zone_02,Zone_08,0.1513,0.1097,0.0725,0.0925,0.1042,0.1225,0.1129,0.0992,0.1513,0.0155,0.1197
CT015071,Zone_02,Zone_05,0.1543,0.1175,0.0796,0.0909,0.1258,0.1543,0.0778,0.1276,0.114,0.0451,0.0675
CT017340,Zone_03,Zone_01,0.1454,0.1454,0.084,0.1204,0.0957,0.0644,0.0966,0.0987,0.09,0.12,0.0848
CT018421,Zone_06,Zone_08,0.1609,0.1234,0.1067,0.1074,0.1208,0.05,0.0722,0.1247,0.1609,0.0155,0.1184
CT016335,Zone_07,Zone_05,0.1634,0.0636,0.1201,0.1037,0.0846,0.1634,0.0667,0.1425,0.1045,0.0456,0.1053
CT009391,Zone_08,Zone_03,0.1301,0.0977,0.1075,0.1301,0.1206,0.0693,0.1243,0.1264,0.0997,0.0401,0.0843
CT005031,Zone_02,Zone_03,0.2258,0.0553,0.1956,0.2258,0.1032,0.0358,0.0612,0.1056,0.1012,0.0495,0.0668
CT003662,Zone_06,Zone_02,0.1445,0.088,0.1445,0.1186,0.0842,0.0904,0.1361,0.1055,0.1314,0.0198,0.0814
CT000080,Zone_07,Zone_03,0.1266,0.1116,0.0975,0.1266,0.1131,0.0727,0.0817,0.1119,0.0932,0.0943,0.0974
CT005513,Zone_08,Zone_01,0.145,0.145,0.1201,0.0919,0.1304,0.0957,0.0945,0.1035,0.1323,0.0095,0.077
CT003828,Zone_04,Zone_07,0.1871,0.0663,0.0857,0.1544,0.1224,0.043,0.0774,0.1871,0.1524,0.0205,0.0909
CT006081,Zone_01,Zone_07,0.2831,0.061,0.0941,0.076,0.0644,0.011,0.1101,0.2831,0.1627,0.0751,0.0624
CT016370,Zone_04,Zone_07,0.1421,0.0819,0.1295,0.1419,0.0872,0.0905,0.0946,0.1421,0.1177,0.0253,0.0893
CT014113,Zone_08,Zone_01,0.1773,0.1773,0.0741,0.1177,0.1166,0.0793,0.089,0.0861,0.1105,0.0284,0.1207
CT003925,Zone_01,Zone_05,0.1666,0.1035,0.0905,0.1092,0.1136,0.1666,0.1072,0.0887,0.1066,0.0165,0.0975
CT018540,Zone_04,Zone_10,0.1967,0.0875,0.1233,0.0604,0.126,0.066,0.0656,0.1299,0.1369,0.0077,0.1967
CT019500,Zone_07,Zone_07,0.1584,0.0892,0.0999,0.1111,0.108,0.1269,0.0558,0.1584,0.1301,0.023,0.0976
CT002248,Zone_08,Zone_07,0.1843,0.1052,0.1146,0.1048,0.0879,0.1226,0.0697,0.1843,0.1029,0.0279,0.0802
CT006715,Zone_08,Zone_08,0.1584,0.0804,0.1037,0.1132,0.1124,0.086,0.0856,0.1365,0.1584,0.0365,0.0873
CT014175,Zone_01,Zone_07,0.1645,0.0948,0.0907,0.0886,0.1305,0.0692,0.0852,0.1645,0.157,0.0322,0.0873
CT009301,Zone_07,Zone_07,0.1622,0.084,0.1073,0.0728,0.0847,0.0948,0.0965,0.1622,0.1319,0.0253,0.1405
CT008040,Zone_07,Zone_07,0.1814,0.0773,0.0632,0.0818,0.111,0.0502,0.1246,0.1814,0.164,0.0244,0.1221
CT017007,Zone_07,Zone_06,0.2043,0.1191,0.1112,0.0826,0.1055,0.1205,0.2043,0.0924,0.1093,0.0074,0.0479
CT012420,Zone_01,Zone_06,0.1571,0.1037,0.1026,0.0926,0.1206,0.0477,0.1571,0.1152,0.1052,0.0488,0.1066
CT016181,Zone_06,Zone_08,0.1707,0.0964,0.1315,0.0672,0.1059,0.0683,0.1089,0.1073,0.1707,0.0375,0.1063
CT007175,Zone_04,Zone_08,0.135,0.0896,0.1295,0.1113,0.1163,0.1122,0.0948,0.1119,0.135,0.0188,0.0805
CT016737,Zone_08,Zone_08,0.1394,0.1208,0.1341,0.1179,0.092,0.0559,0.0623,0.1106,0.1394,0.0578,0.1091
CT009634,Zone_04,Zone_02,0.1986,0.0815,0.1986,0.113,0.1064,0.0745,0.0418,0.1119,0.1373,0.0046,0.1302
CT014245,Zone_04,Zone_03,0.1865,0.0781,0.0627,0.1865,0.1031,0.0727,0.0728,0.117,0.1253,0.0356,0.1462
CT000710,Zone_08,Zone_02,0.1479,0.0532,0.1479,0.1267,0.1031,0.0856,0.0862,0.1271,0.1028,0.0276,0.1399
CT000870,Zone_01,Zone_02,0.1957,0.0784,0.1957,0.1113,0.0883,0.0765,0.0822,0.1215,0.092,0.0512,0.103
CT006696,Zone_04,Zone_03,0.1313,0.1004,0.084,0.1313,0.1206,0.0582,0.094,0.1253,0.1308,0.0785,0.0769
CT004804,Zone_08,Zone_10,0.1918,0.1101,0.0781,0.0932,0.0988,0.051,0.0944,0.0967,0.0963,0.0895,0.1918
CT006299,Zone_04,Zone_07,0.1412,0.1027,0.1228,0.1145,0.0737,0.0722,0.0648,0.1412,0.1311,0.0616,0.1154
CT015789,Zone_08,Zone_08,0.1663,0.0909,0.0783,0.103,0.0845,0.1311,0.1113,0.1259,0.1663,0.0279,0.0808
CT017294,Zone_01,Zone_05,0.1732,0.0887,0.1024,0.1639,0.0837,0.1732,0.0676,0.1043,0.0946,0.0323,0.0892
CT016179,Zone_04,Zone_01,0.1759,0.1759,0.1029,0.0859,0.1249,0.0532,0.062,0.1289,0.1301,0.0389,0.0974
CT003183,Zone_08,Zone_10,0.1825,0.0726,0.1203,0.1124,0.0987,0.074,0.0853,0.1168,0.082,0.0553,0.1825
CT019007,Zone_06,Zone_03,0.1784,0.1049,0.0824,0.1784,0.0811,0.1299,0.0624,0.1139,0.1251,0.0468,0.0751
CT004560,Zone_07,Zone_02,0.1559,0.0856,0.1559,0.1388,0.1269,0.0748,0.0842,0.1238,0.1018,0.0356,0.0726
CT016920,Zone_03,Zone_07,0.1632,0.0764,0.1059,0.1333,0.1086,0.0789,0.0528,0.1632,0.1468,0.0347,0.0994
CT013311,Zone_07,Zone_07,0.1559,0.064,0.1067,0.1224,0.1183,0.0665,0.0595,0.1559,0.1221,0.0537,0.1311
CT006160,Zone_10,Zone_07,0.1708,0.0568,0.0579,0.0949,0.0893,0.0749,0.0779,0.1708,0.1184,0.1501,0.1092
CT015337,Zone_08,Zone_03,0.145,0.0702,0.1275,0.145,0.1014,0.1085,0.0403,0.1216,0.1094,0.0493,0.1268
CT003326,Zone_07,Zone_01,0.1547,0.1547,0.0871,0.105,0.1057,0.0604,0.0652,0.1509,0.088,0.0523,0.1308
CT006185,Zone_01,Zone_05,0.1622,0.1138,0.0703,0.0885,0.1116,0.1622,0.0743,0.1236,0.115,0.0647,0.0761
CT008840,Zone_08,Zone_06,0.1442,0.0739,0.1134,0.1365,0.0903,0.0629,0.1442,0.1257,0.1297,0.0277,0.0955
CT012215,Zone_08,Zone_04,0.1519,0.0951,0.078,0.098,0.1519,0.0881,0.1113,0.1249,0.1414,0.0084,0.1029
CT018999,Zone_07,Zone_04,0.1265,0.1042,0.1118,0.1058,0.1265,0.0878,0.0889,0.118,0.1139,0.0222,0.1212
CT005260,Zone_01,Zone_07,0.1397,0.1031,0.1205,0.1107,0.1065,0.0728,0.0765,0.1397,0.1223,0.0219,0.126
CT018337,Zone_04,Zone_08,0.152,0.1182,0.0846,0.0848,0.085,0.1206,0.0634,0.1343,0.152,0.0517,0.1054
CT011398,Zone_08,Zone_05,0.1342,0.1219,0.0923,0.0885,0.1,0.1342,0.1248,0.1181,0.1082,0.0245,0.0874
CT013822,Zone_06,Zone_08,0.1552,0.1386,0.095,0.0919,0.1109,0.0635,0.0905,0.1461,0.1552,0.0191,0.0893
CT012567,Zone_08,Zone_03,0.1568,0.1088,0.0695,0.1568,0.1015,0.0976,0.0807,0.1072,0.1397,0.0125,0.1257
CT018106,Zone_07,Zone_07,0.1841,0.0855,0.1121,0.1388,0.1409,0.0457,0.0655,0.1841,0.108,0.0103,0.109
CT011405,Zone_08,Zone_04,0.1359,0.116,0.1049,0.1262,0.1359,0.0685,0.1046,0.1238,0.0936,0.0429,0.0836
CT015663,Zone_06,Zone_07,0.1966,0.0902,0.0963,0.1308,0.1346,0.0556,0.0461,0.1966,0.0963,0.0189,0.1347
CT010998,Zone_07,Zone_06,0.1739,0.0907,0.09,0.1032,0.11,0.0606,0.1739,0.1228,0.1216,0.0236,0.1036
CT010466,Zone_07,Zone_10,0.1697,0.0949,0.1144,0.1144,0.1205,0.0972,0.0794,0.1041,0.0964,0.0088,0.1697
CT013578,Zone_10,Zone_06,0.1694,0.1636,0.0644,0.1182,0.0932,0.0764,0.1694,0.1099,0.0972,0.0362,0.0716
CT006967,Zone_07,Zone_07,0.1533,0.0659,0.0782,0.1367,0.0921,0.1218,0.0964,0.1533,0.1282,0.0346,0.093
CT010607,Zone_05,Zone_01,0.17,0.17,0.1045,0.0881,0.0978,0.0788,0.0755,0.1212,0.0956,0.0399,0.1286
CT019366,Zone_07,Zone_07,0.1661,0.0904,0.0869,0.1459,0.1308,0.0579,0.0793,0.1661,0.1228,0.0162,0.1037
CT007464,Zone_06,Zone_04,0.2679,0.0485,0.0612,0.101,0.2679,0.04,0.097,0.1037,0.1413,0.0222,0.1171
CT006398,Zone_03,Zone_08,0.1466,0.0763,0.1209,0.0851,0.084,0.0895,0.0942,0.1227,0.1466,0.0771,0.1037
CT017277,Zone_10,Zone_03,0.1773,0.0895,0.0944,0.1773,0.097,0.0704,0.071,0.1476,0.1735,0.0266,0.0527
CT018199,Zone_07,Zone_09,0.1473,0.0585,0.1045,0.1004,0.0802,0.0648,0.0923,0.1143,0.138,0.1473,0.0995
CT012748,Zone_04,Zone_02,0.1303,0.1059,0.1303,0.0746,0.1019,0.1116,0.0628,0.127,0.1221,0.0816,0.0823
CT000149,Zone_08,Zone_07,0.184,0.09,0.0806,0.1111,0.1229,0.0614,0.1179,0.184,0.1211,0.0142,0.0967
CT019626,Zone_02,Zone_06,0.1706,0.0549,0.0987,0.107,0.1272,0.0504,0.1706,0.1235,0.1652,0.0163,0.0864
CT008011,Zone_10,Zone_05,0.1543,0.0958,0.1172,0.0728,0.1218,0.1543,0.0685,0.1114,0.1057,0.0507,0.1018
CT015467,Zone_07,Zone_08,0.1702,0.0491,0.0836,0.1141,0.1127,0.0884,0.1226,0.1379,0.1702,0.0491,0.0724
CT011287,Zone_10,Zone_07,0.1654,0.1613,0.1196,0.0956,0.1084,0.0675,0.0707,0.1654,0.115,0.0117,0.085
CT007189,Zone_03,Zone_07,0.1541,0.1446,0.1061,0.0925,0.1297,0.0717,0.0793,0.1541,0.1288,0.0217,0.0715
CT010435,Zone_04,Zone_02,0.1685,0.1141,0.1685,0.0664,0.1169,0.1188,0.0513,0.1234,0.1488,0.0196,0.0722
CT017259,Zone_04,Zone_03,0.1852,0.1194,0.0962,0.1852,0.1001,0.0867,0.0712,0.1111,0.1053,0.0532,0.0716
CT017613,Zone_04,Zone_08,0.1775,0.1144,0.0814,0.1345,0.0851,0.0983,0.0681,0.1471,0.1775,0.0144,0.0792
CT010625,Zone_08,Zone_08,0.1612,0.0709,0.0723,0.1031,0.1015,0.073,0.0984,0.1419,0.1612,0.0777,0.1001
CT008775,Zone_08,Zone_02,0.1347,0.0838,0.1347,0.0875,0.1141,0.0687,0.0929,0.1296,0.1114,0.0966,0.0806
CT001153,Zone_03,Zone_02,0.1428,0.0949,0.1428,0.1008,0.0842,0.1358,0.0792,0.1045,0.1146,0.035,0.1082
CT018217,Zone_08,Zone_02,0.2106,0.0401,0.2106,0.1053,0.1151,0.0719,0.073,0.1522,0.1792,0.0142,0.0384
CT004556,Zone_07,Zone_01,0.1579,0.1579,0.1091,0.091,0.1307,0.0585,0.0918,0.118,0.144,0.0372,0.0617
CT018715,Zone_07,Zone_07,0.2187,0.068,0.1043,0.1016,0.1103,0.0691,0.1506,0.2187,0.0663,0.0536,0.0574
CT017330,Zone_03,Zone_07,0.1515,0.0752,0.1041,0.1297,0.1449,0.0734,0.1046,0.1515,0.1263,0.0165,0.0739
CT002345,Zone_08,Zone_03,0.1921,0.0722,0.0804,0.1921,0.1107,0.0677,0.0782,0.1346,0.1401,0.055,0.0691
CT002196,Zone_08,Zone_01,0.1309,0.1309,0.0766,0.1104,0.1071,0.1028,0.1244,0.1172,0.1027,0.0265,0.1013
CT005233,Zone_08,Zone_02,0.1705,0.0998,0.1705,0.134,0.1482,0.025,0.0376,0.1326,0.1386,0.029,0.0848
CT008826,Zone_07,Zone_03,0.17,0.1149,0.1149,0.17,0.0857,0.0519,0.0945,0.0904,0.1369,0.0612,0.0796
CT018546,Zone_07,Zone_02,0.1603,0.0606,0.1603,0.0924,0.0978,0.0467,0.0847,0.1341,0.1311,0.0753,0.1171
CT008726,Zone_06,Zone_06,0.1398,0.0883,0.1219,0.0888,0.134,0.0637,0.1398,0.1116,0.1219,0.0518,0.0782
CT001878,Zone_04,Zone_07,0.1584,0.1193,0.1167,0.1033,0.1063,0.0893,0.0718,0.1584,0.1004,0.0436,0.091
CT012711,Zone_07,Zone_04,0.1816,0.0942,0.1049,0.1095,0.1816,0.0576,0.0711,0.1329,0.1088,0.0572,0.0822
CT012856,Zone_07,Zone_04,0.1378,0.079,0.1251,0.1257,0.1378,0.0581,0.1245,0.1133,0.1079,0.0388,0.09
CT012822,Zone_04,Zone_08,0.1585,0.0844,0.1012,0.1024,0.1094,0.1268,0.0806,0.1092,0.1585,0.0434,0.0841
CT001755,Zone_04,Zone_06,0.2594,0.0981,0.0575,0.0763,0.0735,0.0758,0.2594,0.1269,0.1085,0.0071,0.117
CT012615,Zone_03,Zone_08,0.1748,0.0868,0.0922,0.1585,0.0996,0.0756,0.0686,0.1164,0.1748,0.0275,0.0999
CT012617,Zone_07,Zone_07,0.1378,0.091,0.1249,0.1179,0.1258,0.0875,0.0663,0.1378,0.1224,0.0432,0.0831
CT007347,Zone_04,Zone_07,0.1455,0.1113,0.0903,0.0702,0.1386,0.0804,0.0689,0.1455,0.129,0.0462,0.1197
CT013599,Zone_04,Zone_07,0.1549,0.1047,0.0812,0.116,0.1547,0.0816,0.0385,0.1549,0.1211,0.0343,0.1129
CT015792,Zone_07,Zone_01,0.1318,0.1318,0.1063,0.1087,0.1097,0.0795,0.0804,0.1101,0.128,0.044,0.1014
CT018839,Zone_02,Zone_10,0.1372,0.0758,0.1069,0.1231,0.1269,0.0812,0.064,0.1266,0.1076,0.0509,0.1372
CT001932,Zone_08,Zone_02,0.1556,0.1038,0.1556,0.1057,0.1298,0.0914,0.1112,0.1018,0.1119,0.023,0.0659
CT001394,Zone_02,Zone_08,0.1464,0.1184,0.05,0.0859,0.104,0.0589,0.1399,0.1411,0.1464,0.0595,0.0956
CT007076,Zone_08,Zone_01,0.1937,0.1937,0.1126,0.0783,0.103,0.0614,0.0831,0.1153,0.1371,0.033,0.0824
CT016131,Zone_02,Zone_07,0.1682,0.0967,0.1137,0.1391,0.094,0.0868,0.0444,0.1682,0.1509,0.028,0.0782
CT017687,Zone_04,Zone_06,0.1586,0.0942,0.0875,0.0743,0.1208,0.0521,0.1586,0.1102,0.1159,0.0349,0.1515
CT005690,Zone_06,Zone_07,0.1539,0.0656,0.1287,0.0722,0.1458,0.0998,0.0929,0.1539,0.0974,0.0863,0.0574
CT014108,Zone_01,Zone_06,0.1629,0.07,0.1029,0.0997,0.0886,0.0659,0.1629,0.1079,0.1329,0.0397,0.1295
CT013335,Zone_08,Zone_04,0.1623,0.081,0.0879,0.0908,0.1623,0.1056,0.06,0.1303,0.1265,0.0279,0.1278
CT016143,Zone_01,Zone_08,0.1684,0.1134,0.1051,0.0792,0.1003,0.0751,0.1381,0.114,0.1684,0.0303,0.076
CT011875,Zone_07,Zone_02,0.1511,0.1069,0.1511,0.1087,0.1311,0.0969,0.0689,0.1012,0.1206,0.0275,0.0874
CT015782,Zone_07,Zone_05,0.197,0.0947,0.1065,0.0812,0.0881,0.197,0.0422,0.1267,0.1321,0.0207,0.1108
CT005171,Zone_08,Zone_07,0.1388,0.1216,0.1005,0.1016,0.0992,0.1184,0.0595,0.1388,0.1261,0.0348,0.0996
CT013015,Zone_04,Zone_08,0.1478,0.1084,0.1134,0.147,0.0786,0.095,0.0876,0.111,0.1478,0.0365,0.0748
CT009135,Zone_02,Zone_04,0.1406,0.1097,0.0745,0.0955,0.1406,0.0592,0.1009,0.1398,0.1276,0.0275,0.1247
CT011714,Zone_04,Zone_08,0.153,0.0848,0.1499,0.0737,0.1058,0.0777,0.1139,0.1443,0.153,0.0208,0.0761
CT019739,Zone_04,Zone_08,0.1694,0.0566,0.0636,0.0998,0.1272,0.124,0.0417,0.1397,0.1694,0.0423,0.1357
CT010826,Zone_08,Zone_01,0.1329,0.1329,0.0831,0.109,0.1296,0.0919,0.0942,0.1038,0.1095,0.0224,0.1236
CT006293,Zone_06,Zone_10,0.1482,0.1228,0.1135,0.0721,0.11,0.1162,0.0461,0.1311,0.1167,0.0232,0.1482
CT017518,Zone_02,Zone_01,0.1387,0.1387,0.1049,0.0831,0.1102,0.0863,0.0832,0.1242,0.1297,0.0386,0.1013
CT009029,Zone_02,Zone_01,0.18,0.18,0.0998,0.0674,0.121,0.1009,0.0691,0.1683,0.0685,0.0414,0.0836
CT007188,Zone_04,Zone_08,0.1572,0.0775,0.0814,0.1116,0.1144,0.0677,0.122,0.1456,0.1572,0.05,0.0728
CT007876,Zone_03,Zone_04,0.1701,0.1215,0.1057,0.0928,0.1701,0.0819,0.1068,0.1374,0.1059,0.0129,0.065
CT004775,Zone_02,Zone_07,0.1464,0.1314,0.0947,0.075,0.1397,0.0812,0.0719,0.1464,0.1352,0.0488,0.0757
CT009804,Zone_07,Zone_02,0.1389,0.0728,0.1389,0.0967,0.114,0.0808,0.0898,0.12,0.1226,0.0529,0.1114
CT018108,Zone_08,Zone_07,0.1437,0.1206,0.109,0.1125,0.0853,0.0542,0.1086,0.1437,0.1414,0.0261,0.0986
CT005918,Zone_07,Zone_04,0.156,0.0706,0.109,0.123,0.156,0.0592,0.1224,0.1414,0.114,0.0068,0.0976
CT001461,Zone_07,Zone_10,0.1492,0.0939,0.1093,0.1181,0.1232,0.1146,0.0726,0.1073,0.0884,0.0234,0.1492
CT018162,Zone_07,Zone_08,0.1737,0.0729,0.1024,0.1103,0.0808,0.0928,0.1152,0.1125,0.1737,0.0334,0.106
CT007729,Zone_08,Zone_07,0.1698,0.1068,0.1173,0.1332,0.0959,0.0781,0.0583,0.1698,0.1576,0.0289,0.0541
CT003401,Zone_02,Zone_10,0.186,0.1067,0.0996,0.0962,0.1325,0.0429,0.0999,0.0907,0.1076,0.0379,0.186
CT002293,Zone_08,Zone_08,0.1639,0.1189,0.0823,0.1223,0.1608,0.0702,0.0902,0.1006,0.1639,0.0359,0.0549
CT017134,Zone_03,Zone_06,0.1476,0.1076,0.0816,0.1165,0.0715,0.0528,0.1476,0.1044,0.1415,0.0342,0.1422
CT015518,Zone_07,Zone_07,0.1813,0.0382,0.1593,0.0975,0.0981,0.0454,0.1006,0.1813,0.1111,0.1073,0.0611
CT007854,Zone_08,Zone_09,0.1239,0.0733,0.1079,0.0882,0.1109,0.095,0.0862,0.1091,0.0941,0.1239,0.1114
CT019179,Zone_07,Zone_04,0.1733,0.1099,0.1196,0.0777,0.1733,0.0732,0.0652,0.1122,0.1476,0.0208,0.1007
CT002430,Zone_07,Zone_09,0.1586,0.0348,0.0765,0.0801,0.0794,0.1225,0.1283,0.1391,0.1262,0.1586,0.0545
CT001082,Zone_06,Zone_08,0.275,0.1306,0.101,0.0485,0.1199,0.0776,0.0614,0.1062,0.275,0.0259,0.0539
CT010815,Zone_03,Zone_06,0.241,0.0836,0.0618,0.0606,0.1248,0.0622,0.241,0.1542,0.0746,0.032,0.1051
CT007868,Zone_01,Zone_07,0.1526,0.0729,0.0818,0.1073,0.1205,0.1335,0.0662,0.1526,0.1277,0.0375,0.1
CT016836,Zone_08,Zone_06,0.2005,0.1526,0.1027,0.1046,0.0997,0.0508,0.2005,0.1124,0.0828,0.0135,0.0802
CT011234,Zone_07,Zone_01,0.1391,0.1391,0.1102,0.0879,0.0907,0.1323,0.0945,0.1013,0.1084,0.0294,0.1062
CT014200,Zone_08,Zone_06,0.1701,0.1059,0.11,0.083,0.099,0.0642,0.1701,0.117,0.1001,0.0281,0.1227
CT016862,Zone_07,Zone_08,0.1455,0.0759,0.1042,0.11,0.1247,0.0773,0.0787,0.1392,0.1455,0.0381,0.1062
CT010787,Zone_08,Zone_08,0.1423,0.1373,0.079,0.1016,0.099,0.1056,0.0864,0.117,0.1423,0.0237,0.1081
CT007485,Zone_04,Zone_08,0.1571,0.1165,0.0874,0.0736,0.1155,0.0623,0.126,0.1551,0.1571,0.014,0.0926
CT018266,Zone_08,Zone_07,0.1507,0.0884,0.0757,0.0763,0.1402,0.0615,0.1052,0.1507,0.1203,0.0752,0.1065
CT004758,Zone_10,Zone_08,0.1701,0.1256,0.0823,0.0841,0.08,0.0618,0.1046,0.1337,0.1701,0.0323,0.1256
CT014475,Zone_08,Zone_08,0.1482,0.1477,0.1327,0.0873,0.0617,0.0983,0.106,0.1082,0.1482,0.0404,0.0694
CT009818,Zone_02,Zone_04,0.1512,0.0482,0.1506,0.0861,0.1512,0.1149,0.0789,0.1447,0.1216,0.0516,0.0523
CT005617,Zone_08,Zone_01,0.1376,0.1376,0.0927,0.109,0.125,0.1119,0.0838,0.1263,0.0995,0.0181,0.0962
CT006622,Zone_04,Zone_07,0.1815,0.0825,0.1132,0.1125,0.1072,0.0405,0.0681,0.1815,0.1434,0.0279,0.1233
CT017041,Zone_08,Zone_07,0.1495,0.0849,0.1232,0.117,0.1376,0.0542,0.0717,0.1495,0.1456,0.0453,0.0711
CT017105,Zone_02,Zone_08,0.1932,0.0825,0.0761,0.0845,0.1492,0.0523,0.0806,0.1558,0.1932,0.0603,0.0655
CT000635,Zone_02,Zone_07,0.1593,0.0735,0.0807,0.1085,0.1174,0.0789,0.126,0.1593,0.116,0.0463,0.0934
CT005251,Zone_08,Zone_02,0.1428,0.1175,0.1428,0.1081,0.1199,0.0936,0.072,0.1326,0.0843,0.0334,0.0957
CT007167,Zone_07,Zone_03,0.1475,0.0709,0.1334,0.1475,0.1122,0.1086,0.0894,0.1042,0.1367,0.0377,0.0594
CT010911,Zone_07,Zone_03,0.1349,0.0623,0.1293,0.1349,0.1037,0.0775,0.0962,0.0975,0.131,0.051,0.1165
CT003549,Zone_03,Zone_04,0.1935,0.0823,0.0704,0.1071,0.1935,0.099,0.0752,0.1298,0.1157,0.0286,0.0985
CT010893,Zone_07,Zone_01,0.1709,0.1709,0.0989,0.0909,0.0993,0.113,0.0926,0.0965,0.1088,0.0316,0.0976
CT007509,Zone_08,Zone_08,0.145,0.0748,0.0874,0.0933,0.1082,0.0966,0.0862,0.1428,0.145,0.0339,0.1319
CT016140,Zone_10,Zone_08,0.1539,0.1183,0.1176,0.085,0.1319,0.0684,0.089,0.1299,0.1539,0.0388,0.0671
CT019596,Zone_07,Zone_10,0.1805,0.0777,0.1212,0.0661,0.1222,0.0685,0.0859,0.1221,0.1106,0.0451,0.1805
CT000648,Zone_07,Zone_08,0.1751,0.0746,0.1071,0.1404,0.1512,0.038,0.0862,0.1145,0.1751,0.0248,0.088
CT002824,Zone_10,Zone_07,0.1769,0.1374,0.0906,0.1035,0.0955,0.0448,0.0993,0.1769,0.1599,0.023,0.0691
CT007843,Zone_02,Zone_05,0.1369,0.0688,0.0978,0.1252,0.096,0.1369,0.0908,0.1306,0.11,0.0553,0.0886
CT006691,Zone_08,Zone_02,0.1454,0.1182,0.1454,0.0957,0.1092,0.1176,0.0697,0.1248,0.1059,0.0223,0.0911
CT004302,Zone_08,Zone_07,0.1238,0.113,0.1114,0.0969,0.1048,0.1025,0.1064,0.1238,0.1128,0.0261,0.1024
CT018783,Zone_01,Zone_03,0.1348,0.0742,0.1308,0.1348,0.1004,0.0905,0.1144,0.1254,0.13,0.0431,0.0564
CT007675,Zone_08,Zone_04,0.2101,0.0732,0.0765,0.0716,0.2101,0.038,0.081,0.1215,0.1019,0.1558,0.0704
CT015878,Zone_09,Zone_04,0.1615,0.1296,0.0807,0.0823,0.1615,0.119,0.0441,0.1279,0.1141,0.035,0.1058
CT013746,Zone_06,Zone_04,0.1852,0.0436,0.0895,0.1345,0.1852,0.0534,0.0878,0.1089,0.1508,0.0157,0.1306
CT002016,Zone_07,Zone_04,0.1395,0.1036,0.0955,0.1385,0.1395,0.0868,0.0891,0.1237,0.1243,0.0095,0.0896
CT010884,Zone_07,Zone_07,0.1515,0.0806,0.0951,0.1251,0.1034,0.0597,0.1051,0.1515,0.117,0.054,0.1085
CT018354,Zone_08,Zone_07,0.1843,0.0893,0.084,0.087,0.1284,0.066,0.046,0.1843,0.1409,0.0276,0.1466
CT000274,Zone_08,Zone_08,0.1353,0.0492,0.1338,0.1246,0.1057,0.124,0.108,0.091,0.1353,0.0325,0.0958
CT000834,Zone_07,Zone_07,0.1836,0.0481,0.1333,0.07,0.1071,0.0728,0.0392,0.1836,0.1182,0.1272,0.1004
CT013441,Zone_07,Zone_08,0.1749,0.1302,0.0781,0.092,0.1016,0.0573,0.119,0.0965,0.1749,0.0306,0.12
CT008528,Zone_08,Zone_07,0.1419,0.0804,0.1376,0.1319,0.1169,0.0692,0.0607,0.1419,0.1414,0.0418,0.078
CT002089,Zone_08,Zone_01,0.1952,0.1952,0.0905,0.1014,0.11,0.0651,0.1001,0.1085,0.0926,0.0373,0.0992
CT017079,Zone_07,Zone_08,0.1572,0.1052,0.086,0.1115,0.0823,0.1177,0.0889,0.1013,0.1572,0.0122,0.1377
CT013141,Zone_08,Zone_08,0.1488,0.13,0.0985,0.1143,0.1168,0.0773,0.0644,0.1085,0.1488,0.0413,0.1002
CT015863,Zone_08,Zone_04,0.1637,0.1035,0.0934,0.1078,0.1637,0.0889,0.0533,0.1404,0.1517,0.0293,0.068
CT017405,Zone_04,Zone_07,0.1641,0.0996,0.0848,0.1321,0.1529,0.0352,0.1439,0.1641,0.1002,0.0073,0.0799
CT000004,Zone_07,Zone_08,0.145,0.0733,0.1053,0.1033,0.1406,0.0464,0.0725,0.1034,0.145,0.0717,0.1385
CT014671,Zone_08,Zone_07,0.1414,0.1051,0.0974,0.1066,0.1096,0.0754,0.0873,0.1414,0.111,0.0419,0.1242
CT018080,Zone_10,Zone_02,0.1575,0.0853,0.1575,0.0939,0.1196,0.0835,0.1023,0.1297,0.1023,0.078,0.0479
CT008997,Zone_07,Zone_04,0.1486,0.1359,0.1078,0.0667,0.1486,0.0926,0.0843,0.1085,0.1015,0.0497,0.1044
CT009484,Zone_07,Zone_04,0.1317,0.0742,0.095,0.1147,0.1317,0.1059,0.1019,0.1249,0.1215,0.0596,0.0704
CT007594,Zone_07,Zone_06,0.163,0.1141,0.0823,0.072,0.1364,0.0985,0.163,0.1118,0.1079,0.0367,0.0773
CT001946,Zone_06,Zone_05,0.1559,0.043,0.1138,0.1254,0.0713,0.1559,0.063,0.1418,0.107,0.0569,0.1218
CT003677,Zone_04,Zone_04,0.1451,0.0579,0.1241,0.1387,0.1451,0.1179,0.0787,0.119,0.1109,0.0174,0.0904
CT013781,Zone_05,Zone_05,0.1423,0.0907,0.1208,0.1352,0.0819,0.1423,0.1142,0.1272,0.106,0.0252,0.0565
CT011573,Zone_04,Zone_03,0.1777,0.0737,0.0995,0.1777,0.0883,0.0727,0.0842,0.1036,0.1316,0.0204,0.1482
CT006946,Zone_07,Zone_04,0.1494,0.1007,0.121,0.0978,0.1494,0.0834,0.0915,0.1463,0.0937,0.015,0.1012
CT016590,Zone_07,Zone_08,0.2166,0.0817,0.1114,0.0782,0.0796,0.0432,0.0556,0.1057,0.2166,0.0515,0.1763
CT000519,Zone_02,Zone_07,0.141,0.1337,0.0823,0.0916,0.125,0.0978,0.0718,0.141,0.085,0.0883,0.0834
CT009197,Zone_07,Zone_02,0.1585,0.0991,0.1585,0.1286,0.1269,0.0509,0.1076,0.1221,0.1209,0.0188,0.0665
CT018275,Zone_04,Zone_07,0.1461,0.1113,0.0831,0.0911,0.1248,0.0685,0.096,0.1461,0.1366,0.041,0.1016
CT003564,Zone_01,Zone_08,0.1829,0.0551,0.111,0.1229,0.1211,0.0609,0.1022,0.1621,0.1829,0.0203,0.0614
CT016333,Zone_10,Zone_10,0.1677,0.0755,0.1024,0.0952,0.1018,0.0816,0.0842,0.11,0.1479,0.0338,0.1677
CT007045,Zone_10,Zone_06,0.1569,0.1169,0.1259,0.0905,0.0808,0.1023,0.1569,0.1126,0.1303,0.0288,0.0551
CT016462,Zone_06,Zone_08,0.1527,0.0847,0.0688,0.0693,0.1185,0.141,0.1201,0.1322,0.1527,0.0158,0.0969
CT000365,Zone_07,Zone_05,0.185,0.0533,0.1041,0.1143,0.087,0.185,0.0621,0.099,0.1303,0.0499,0.1151
CT000499,Zone_05,Zone_04,0.1725,0.0979,0.0689,0.1465,0.1725,0.1056,0.0696,0.1278,0.0898,0.0264,0.0949
CT009009,Zone_07,Zone_07,0.1276,0.1207,0.0964,0.1092,0.1141,0.1068,0.09,0.1276,0.1216,0.0304,0.0833
CT000798,Zone_03,Zone_07,0.1722,0.0922,0.0707,0.0849,0.0989,0.0918,0.0826,0.1722,0.1571,0.0365,0.1131
CT006957,Zone_04,Zone_08,0.1851,0.1241,0.1146,0.0909,0.0875,0.0984,0.0578,0.1195,0.1851,0.0538,0.0683
CT014209,Zone_02,Zone_07,0.1399,0.0638,0.1393,0.1087,0.0992,0.0798,0.0699,0.1399,0.1391,0.0327,0.1276
CT016579,Zone_08,Zone_04,0.1796,0.0953,0.1026,0.1226,0.1796,0.0617,0.0978,0.1023,0.1329,0.033,0.0723
CT018620,Zone_07,Zone_07,0.1471,0.051,0.1331,0.0961,0.1026,0.0846,0.1316,0.1471,0.1045,0.059,0.0903
CT005821,Zone_07,Zone_07,0.1567,0.0603,0.1236,0.1482,0.1154,0.0813,0.05,0.1567,0.1271,0.036,0.1014
CT019570,Zone_07,Zone_04,0.1478,0.1168,0.071,0.0891,0.1478,0.1099,0.1038,0.0957,0.117,0.0325,0.1165
CT011046,Zone_07,Zone_02,0.1705,0.0746,0.1705,0.0789,0.1001,0.0755,0.0844,0.1088,0.1175,0.0346,0.1551
CT003683,Zone_08,Zone_07,0.1499,0.115,0.1081,0.142,0.0932,0.0941,0.1269,0.1499,0.0987,0.0064,0.0658
CT010246,Zone_07,Zone_01,0.1852,0.1852,0.0992,0.1057,0.1196,0.0786,0.0483,0.1601,0.1148,0.021,0.0675
CT002626,Zone_08,Zone_07,0.1238,0.0973,0.123,0.1163,0.1084,0.1127,0.0623,0.1238,0.1147,0.0477,0.0939
CT019623,Zone_07,Zone_07,0.1369,0.0979,0.1336,0.1287,0.1008,0.102,0.0829,0.1369,0.1275,0.0253,0.0645
CT007707,Zone_01,Zone_04,0.128,0.0945,0.092,0.0832,0.128,0.1153,0.1266,0.1091,0.1184,0.0335,0.0995
CT000189,Zone_07,Zone_07,0.1587,0.095,0.1356,0.0981,0.1232,0.0597,0.0674,0.1587,0.1457,0.03,0.0866
CT009907,Zone_07,Zone_10,0.1493,0.087,0.0735,0.0855,0.1284,0.1141,0.0695,0.1306,0.12,0.0422,0.1493
CT018674,Zone_07,Zone_07,0.1337,0.0856,0.1183,0.1172,0.0858,0.0774,0.1077,0.1337,0.1176,0.0471,0.1096
CT006724,Zone_03,Zone_10,0.1496,0.129,0.0983,0.0786,0.0825,0.0619,0.1281,0.1313,0.1118,0.029,0.1496
CT010070,Zone_03,Zone_08,0.1423,0.102,0.1089,0.1162,0.098,0.0961,0.0904,0.1244,0.1423,0.0208,0.1008
CT004690,Zone_08,Zone_02,0.2203,0.0707,0.2203,0.1033,0.1074,0.0508,0.0766,0.1242,0.1232,0.0207,0.1028
CT002272,Zone_07,Zone_01,0.1615,0.1615,0.08,0.0957,0.1006,0.1207,0.0956,0.121,0.1079,0.053,0.0641
CT002305,Zone_08,Zone_03,0.1577,0.0727,0.1264,0.1577,0.0982,0.0888,0.1053,0.1207,0.1185,0.0367,0.0751
CT011995,Zone_03,Zone_07,0.1384,0.1319,0.1115,0.1045,0.1378,0.1069,0.0414,0.1384,0.1281,0.0225,0.0771
CT011390,Zone_04,Zone_03,0.1257,0.1248,0.1112,0.1257,0.0937,0.0841,0.1123,0.0962,0.1082,0.024,0.1199
CT011887,Zone_10,Zone_03,0.165,0.0885,0.1288,0.165,0.086,0.0727,0.0802,0.1174,0.1219,0.0298,0.1096
CT019356,Zone_02,Zone_08,0.211,0.1002,0.1135,0.1083,0.0772,0.0863,0.0819,0.1067,0.211,0.0284,0.0866
CT012603,Zone_06,Zone_07,0.1756,0.1086,0.1126,0.0827,0.1133,0.0576,0.0744,0.1756,0.1299,0.0461,0.0991
CT009591,Zone_08,Zone_08,0.1915,0.0769,0.1188,0.1095,0.0932,0.0667,0.043,0.1236,0.1915,0.0595,0.1172
CT009766,Zone_08,Zone_08,0.2358,0.1651,0.085,0.0822,0.0858,0.0837,0.0845,0.1001,0.2358,0.0158,0.062
CT005435,Zone_08,Zone_07,0.1628,0.0928,0.1404,0.1189,0.0643,0.0672,0.0422,0.1628,0.1605,0.0314,0.1196
CT010919,Zone_07,Zone_08,0.1846,0.0714,0.0945,0.1447,0.143,0.083,0.0495,0.1263,0.1846,0.0308,0.0722
CT004113,Zone_07,Zone_04,0.1425,0.0859,0.0991,0.0965,0.1425,0.0831,0.067,0.0999,0.1181,0.1324,0.0756
CT018095,Zone_08,Zone_02,0.1466,0.0646,0.1466,0.0754,0.1283,0.1124,0.0822,0.1191,0.1296,0.0285,0.1133
CT002637,Zone_08,Zone_02,0.1423,0.1418,0.1423,0.1354,0.0884,0.1028,0.0422,0.1212,0.1097,0.0362,0.0798
CT012005,Zone_01,Zone_08,0.1405,0.1072,0.0772,0.104,0.0748,0.0902,0.1272,0.1359,0.1405,0.0329,0.11
CT019006,Zone_07,Zone_03,0.1507,0.066,0.093,0.1507,0.1381,0.0955,0.1217,0.1229,0.1245,0.0315,0.056
CT006257,Zone_07,Zone_05,0.2194,0.0641,0.1404,0.0527,0.0951,0.2194,0.0616,0.1422,0.0787,0.0358,0.11
CT008235,Zone_06,Zone_07,0.173,0.1365,0.1128,0.072,0.1295,0.067,0.1019,0.173,0.118,0.0352,0.0543
CT000025,Zone_07,Zone_03,0.1596,0.0821,0.0806,0.1596,0.0856,0.0804,0.0826,0.1442,0.084,0.0611,0.14
CT005515,Zone_03,Zone_04,0.2353,0.0975,0.1077,0.1127,0.2353,0.0518,0.0639,0.0948,0.1035,0.0232,0.1096
CT009726,Zone_07,Zone_04,0.1485,0.0871,0.1311,0.1364,0.1485,0.0388,0.0731,0.1176,0.1437,0.0258,0.0978
CT004619,Zone_08,Zone_03,0.1624,0.0825,0.0915,0.1624,0.108,0.0824,0.0672,0.1295,0.1286,0.0349,0.113
CT019146,Zone_07,Zone_07,0.1647,0.0728,0.1428,0.1277,0.1243,0.0869,0.0692,0.1647,0.1156,0.0261,0.0699
CT013218,Zone_08,Zone_08,0.1486,0.0891,0.0757,0.123,0.1185,0.0943,0.0624,0.1195,0.1486,0.0317,0.1374
CT014216,Zone_04,Zone_07,0.1681,0.0836,0.1174,0.1183,0.1607,0.0605,0.0826,0.1681,0.1211,0.0178,0.0699
CT016420,Zone_03,Zone_07,0.2049,0.105,0.0648,0.1115,0.1511,0.0962,0.0388,0.2049,0.0874,0.0432,0.0972
CT011718,Zone_07,Zone_08,0.1464,0.0809,0.0776,0.116,0.143,0.0851,0.073,0.1075,0.1464,0.08,0.0905
CT000591,Zone_06,Zone_07,0.13,0.0871,0.1258,0.1216,0.0949,0.1061,0.0908,0.13,0.1294,0.0283,0.086
CT008071,Zone_08,Zone_04,0.2038,0.072,0.1011,0.1387,0.2038,0.0868,0.0806,0.1505,0.0794,0.0272,0.0598
CT002806,Zone_04,Zone_03,0.1342,0.083,0.1033,0.1342,0.0934,0.0687,0.1143,0.1092,0.1108,0.0769,0.1064
CT000931,Zone_04,Zone_07,0.1619,0.0919,0.1118,0.1178,0.0798,0.0647,0.0688,0.1619,0.128,0.0968,0.0786
CT013397,Zone_03,Zone_05,0.1642,0.0995,0.0594,0.1079,0.1036,0.1642,0.0988,0.106,0.0999,0.0647,0.096
CT005631,Zone_08,Zone_04,0.1401,0.1243,0.109,0.1224,0.1401,0.0886,0.0447,0.1288,0.0905,0.0452,0.1064
CT012910,Zone_02,Zone_03,0.1228,0.0985,0.1048,0.1228,0.121,0.1024,0.0956,0.1042,0.1094,0.0372,0.1041
CT018976,Zone_01,Zone_08,0.1883,0.1083,0.1129,0.0543,0.0718,0.0575,0.085,0.1331,0.1883,0.1316,0.0571
CT004129,Zone_07,Zone_01,0.1469,0.1469,0.0732,0.0987,0.0979,0.1095,0.0898,0.1355,0.1226,0.0372,0.0888
CT005755,Zone_03,Zone_08,0.155,0.0908,0.1529,0.0805,0.1232,0.0902,0.1228,0.0829,0.155,0.0485,0.0533
CT004958,Zone_04,Zone_01,0.1702,0.1702,0.0886,0.1133,0.1358,0.0763,0.0594,0.0957,0.1136,0.0335,0.1136
CT008801,Zone_01,Zone_08,0.1582,0.0663,0.1417,0.1175,0.1039,0.0704,0.0835,0.1229,0.1582,0.0687,0.0669
CT006079,Zone_02,Zone_07,0.1771,0.1272,0.1396,0.0991,0.0892,0.0321,0.0416,0.1771,0.1639,0.0681,0.0621
CT003383,Zone_06,Zone_08,0.1478,0.1112,0.1268,0.0955,0.0985,0.0945,0.0891,0.1276,0.1478,0.0197,0.0894
CT007680,Zone_10,Zone_02,0.16,0.0923,0.16,0.0871,0.11,0.0942,0.0908,0.1265,0.096,0.0361,0.107
CT014583,Zone_08,Zone_08,0.1763,0.1068,0.0778,0.0639,0.1457,0.1165,0.0781,0.1006,0.1763,0.0544,0.0799
CT005670,Zone_07,Zone_04,0.1997,0.1153,0.1534,0.0672,0.1997,0.0374,0.0746,0.092,0.1178,0.0289,0.1137
CT013563,Zone_07,Zone_07,0.156,0.0538,0.0957,0.0728,0.0912,0.1164,0.1286,0.156,0.1123,0.0574,0.1158
CT001019,Zone_02,Zone_05,0.1514,0.1452,0.1065,0.0905,0.1221,0.1514,0.0845,0.0986,0.1142,0.0286,0.0585
CT018403,Zone_03,Zone_02,0.1582,0.103,0.1582,0.07,0.094,0.0872,0.1002,0.0858,0.0993,0.0906,0.1117
CT007661,Zone_08,Zone_01,0.1497,0.1497,0.0742,0.099,0.1077,0.0688,0.0788,0.1227,0.1364,0.056,0.1067
CT008984,Zone_07,Zone_03,0.1218,0.1012,0.103,0.1218,0.1134,0.0963,0.0647,0.1132,0.11,0.0919,0.0845
CT018657,Zone_07,Zone_03,0.1779,0.0904,0.0849,0.1779,0.1603,0.0741,0.0336,0.1293,0.1457,0.0485,0.0553
CT000665,Zone_04,Zone_06,0.192,0.0812,0.0807,0.07,0.087,0.1031,0.192,0.0946,0.1147,0.022,0.1546
CT017846,Zone_05,Zone_04,0.1745,0.1015,0.0984,0.1177,0.1745,0.0768,0.0825,0.1299,0.0876,0.0635,0.0676
CT017237,Zone_07,Zone_04,0.2142,0.0683,0.0868,0.1421,0.2142,0.0532,0.0688,0.1163,0.1133,0.0161,0.121
CT011357,Zone_07,Zone_04,0.15,0.0926,0.0998,0.1099,0.15,0.1403,0.0753,0.1099,0.1049,0.0332,0.084
CT000379,Zone_05,Zone_03,0.1817,0.0602,0.0765,0.1817,0.1241,0.0951,0.0899,0.0981,0.1401,0.0538,0.0805
CT002307,Zone_07,Zone_02,0.1572,0.0563,0.1572,0.1144,0.1121,0.0945,0.1201,0.1563,0.1134,0.0135,0.0622
CT004135,Zone_08,Zone_04,0.1962,0.1046,0.0852,0.0803,0.1962,0.0537,0.0501,0.1217,0.1468,0.0567,0.1048
CT019063,Zone_08,Zone_08,0.1599,0.0825,0.0718,0.1216,0.1463,0.0502,0.0645,0.1587,0.1599,0.0597,0.0849
CT008770,Zone_02,Zone_08,0.1384,0.1069,0.0711,0.0941,0.0969,0.0686,0.1268,0.1372,0.1384,0.0283,0.1316
CT005241,Zone_03,Zone_07,0.158,0.0896,0.1034,0.0993,0.1207,0.1035,0.0989,0.158,0.1192,0.022,0.0853
CT002748,Zone_01,Zone_08,0.1963,0.0622,0.1715,0.1103,0.1261,0.0561,0.0745,0.1166,0.1963,0.0245,0.0617
CT004977,Zone_08,Zone_04,0.1827,0.0933,0.1277,0.0764,0.1827,0.0709,0.0813,0.1021,0.1124,0.0549,0.0984
CT008815,Zone_10,Zone_07,0.147,0.1124,0.0855,0.124,0.0977,0.0632,0.0632,0.147,0.1063,0.0702,0.1305
CT001128,Zone_07,Zone_10,0.1645,0.1266,0.0848,0.0575,0.0929,0.1103,0.1541,0.067,0.1146,0.0277,0.1645
CT009576,Zone_07,Zone_04,0.1482,0.1079,0.0832,0.093,0.1482,0.0722,0.0897,0.1438,0.1103,0.0299,0.1218
CT006437,Zone_07,Zone_10,0.1531,0.0728,0.091,0.1016,0.0948,0.0996,0.0934,0.1158,0.1072,0.0707,0.1531
CT001857,Zone_01,Zone_05,0.177,0.0796,0.0865,0.0987,0.0947,0.177,0.083,0.126,0.1027,0.0187,0.1331
CT007761,Zone_04,Zone_03,0.1373,0.1312,0.1008,0.1373,0.0966,0.11,0.0813,0.0995,0.1023,0.0186,0.1224
CT015381,Zone_04,Zone_07,0.169,0.0979,0.0857,0.0899,0.148,0.0828,0.084,0.169,0.1279,0.0237,0.0911
CT006330,Zone_04,Zone_08,0.1717,0.0932,0.0914,0.1289,0.0881,0.0498,0.0718,0.1258,0.1717,0.0359,0.1434
CT011642,Zone_02,Zone_04,0.143,0.1059,0.1405,0.1183,0.143,0.0406,0.0874,0.12,0.0939,0.036,0.1144
CT012271,Zone_07,Zone_04,0.137,0.0906,0.1205,0.0858,0.137,0.0538,0.1334,0.108,0.1359,0.0493,0.0858
CT009477,Zone_07,Zone_06,0.1749,0.0868,0.1481,0.1244,0.0674,0.0679,0.1749,0.0836,0.0686,0.1108,0.0675
CT000799,Zone_08,Zone_08,0.1305,0.1007,0.1213,0.1253,0.1044,0.0718,0.0633,0.126,0.1305,0.0622,0.0945
CT015249,Zone_08,Zone_03,0.1247,0.0976,0.1053,0.1247,0.1157,0.1105,0.0821,0.102,0.1179,0.0336,0.1104
CT012845,Zone_01,Zone_01,0.1406,0.1406,0.1085,0.0698,0.1091,0.0615,0.1176,0.1366,0.1155,0.0229,0.118
CT015761,Zone_04,Zone_03,0.2267,0.0764,0.0996,0.2267,0.1283,0.0475,0.0988,0.1412,0.0991,0.0069,0.0755
CT006996,Zone_07,Zone_07,0.1312,0.0851,0.1218,0.1014,0.1044,0.0825,0.0839,0.1312,0.1209,0.05,0.1188
CT017459,Zone_07,Zone_02,0.1309,0.0806,0.1309,0.1197,0.1004,0.0769,0.1067,0.1144,0.1188,0.0375,0.1141
CT001393,Zone_03,Zone_07,0.1352,0.1256,0.0873,0.0998,0.1237,0.1059,0.0773,0.1352,0.1064,0.0476,0.0913
CT001828,Zone_08,Zone_02,0.2064,0.0775,0.2064,0.1027,0.0723,0.0401,0.0501,0.1943,0.1204,0.063,0.0731
CT005058,Zone_07,Zone_06,0.1633,0.0962,0.1225,0.0673,0.1024,0.0658,0.1633,0.1304,0.1121,0.0557,0.0841
CT015957,Zone_08,Zone_08,0.1459,0.0993,0.1219,0.1165,0.086,0.1235,0.0809,0.0941,0.1459,0.0364,0.0956
CT009099,Zone_07,Zone_04,0.141,0.094,0.0976,0.104,0.141,0.0746,0.101,0.1223,0.1108,0.0356,0.1191
CT004677,Zone_03,Zone_03,0.1452,0.122,0.0662,0.1452,0.0875,0.089,0.0936,0.1233,0.1173,0.069,0.0868
CT000021,Zone_07,Zone_07,0.1763,0.0464,0.1106,0.0871,0.1355,0.1154,0.0831,0.1763,0.1144,0.0615,0.0696
CT002026,Zone_05,Zone_07,0.1968,0.0492,0.0625,0.1266,0.1814,0.1132,0.0723,0.1968,0.1289,0.0183,0.0507
CT011921,Zone_07,Zone_05,0.1452,0.0722,0.0951,0.0801,0.0942,0.1452,0.1202,0.0988,0.1339,0.0723,0.0881
CT009727,Zone_04,Zone_08,0.1233,0.0952,0.0915,0.1163,0.1108,0.1123,0.1085,0.1166,0.1233,0.0248,0.1007
CT002738,Zone_07,Zone_03,0.1522,0.1277,0.1307,0.1522,0.1284,0.0752,0.0718,0.1042,0.1036,0.0411,0.0651
CT003420,Zone_07,Zone_08,0.1632,0.0805,0.081,0.1171,0.0906,0.0657,0.1567,0.1189,0.1632,0.0336,0.0927
CT011022,Zone_10,Zone_07,0.1602,0.0667,0.1029,0.1276,0.1058,0.0767,0.0554,0.1602,0.1285,0.1132,0.0631
CT014142,Zone_01,Zone_07,0.1379,0.1057,0.1097,0.0877,0.1061,0.0954,0.07,0.1379,0.1043,0.0573,0.126
CT003589,Zone_07,Zone_01,0.154,0.154,0.0712,0.1092,0.1262,0.051,0.1125,0.1367,0.1053,0.0437,0.0902
CT004278,Zone_07,Zone_04,0.1473,0.125,0.0853,0.0715,0.1473,0.0803,0.1045,0.0947,0.1196,0.038,0.1338
CT009746,Zone_07,Zone_04,0.1792,0.1613,0.0966,0.0647,0.1792,0.0561,0.0971,0.1132,0.1437,0.0112,0.0769
CT017231,Zone_01,Zone_05,0.1295,0.0861,0.1187,0.0692,0.1158,0.1295,0.0903,0.122,0.1268,0.0754,0.0662
CT017411,Zone_08,Zone_10,0.1454,0.0549,0.1285,0.1293,0.1046,0.0667,0.1033,0.0868,0.145,0.0355,0.1454
CT011842,Zone_07,Zone_07,0.1606,0.0873,0.0965,0.0768,0.1136,0.0748,0.1153,0.1606,0.1209,0.0406,0.1135
CT019969,Zone_08,Zone_07,0.1586,0.0591,0.0968,0.1058,0.1237,0.1181,0.0795,0.1586,0.1338,0.0335,0.0911
CT009145,Zone_02,Zone_03,0.1503,0.093,0.0776,0.1503,0.1442,0.1166,0.0925,0.0785,0.1157,0.0274,0.1042
CT005106,Zone_08,Zone_08,0.1493,0.1291,0.0973,0.0865,0.1285,0.109,0.0548,0.1152,0.1493,0.017,0.1134
CT019795,Zone_07,Zone_07,0.156,0.1332,0.1095,0.0951,0.1225,0.0666,0.0865,0.156,0.1121,0.037,0.0815
CT004216,Zone_01,Zone_06,0.1736,0.1011,0.0845,0.0864,0.0884,0.0509,0.1736,0.1067,0.1413,0.0616,0.1057
CT017712,Zone_08,Zone_02,0.1445,0.0722,0.1445,0.1086,0.0918,0.0838,0.078,0.1397,0.1419,0.0361,0.1033
CT015870,Zone_06,Zone_08,0.1368,0.1088,0.0721,0.1047,0.1244,0.0609,0.0732,0.1273,0.1368,0.0618,0.1299
CT007470,Zone_08,Zone_08,0.1416,0.0901,0.1297,0.1309,0.0886,0.0531,0.0924,0.1391,0.1416,0.0379,0.0966
CT012989,Zone_08,Zone_02,0.1961,0.0983,0.1961,0.1223,0.0819,0.0894,0.0503,0.0938,0.1304,0.0596,0.0777
CT000228,Zone_08,Zone_03,0.1364,0.1202,0.0726,0.1364,0.1078,0.0827,0.0647,0.1054,0.1164,0.0644,0.1294
CT007027,Zone_08,Zone_08,0.161,0.0767,0.071,0.1219,0.1436,0.091,0.0943,0.1179,0.161,0.0589,0.0639
CT009902,Zone_01,Zone_08,0.2009,0.0594,0.0767,0.1461,0.0957,0.0658,0.118,0.1195,0.2009,0.0211,0.0969
CT004096,Zone_04,Zone_07,0.1486,0.0849,0.0788,0.1003,0.0865,0.0873,0.0967,0.1486,0.148,0.034,0.1349
CT015712,Zone_08,Zone_08,0.155,0.0925,0.1174,0.1234,0.0939,0.0595,0.1506,0.0928,0.155,0.0114,0.1036
CT001364,Zone_02,Zone_08,0.1655,0.0592,0.1178,0.0766,0.0833,0.1174,0.0733,0.1141,0.1655,0.0567,0.1363
CT019900,Zone_04,Zone_01,0.2036,0.2036,0.0726,0.1209,0.0869,0.0597,0.054,0.1463,0.1153,0.0145,0.1262
CT015903,Zone_07,Zone_06,0.1704,0.0985,0.0872,0.1183,0.0648,0.1484,0.1704,0.1172,0.0934,0.0131,0.0886
CT015359,Zone_08,Zone_03,0.132,0.0722,0.1178,0.132,0.0916,0.0726,0.1057,0.1118,0.1172,0.0491,0.13
CT013499,Zone_03,Zone_06,0.2007,0.1189,0.0542,0.0449,0.1042,0.1276,0.2007,0.128,0.152,0.0268,0.0428
CT009730,Zone_10,Zone_04,0.1372,0.1179,0.1106,0.0928,0.1372,0.0895,0.0944,0.1365,0.1015,0.0343,0.0852
CT003894,Zone_08,Zone_02,0.1394,0.0733,0.1394,0.107,0.1263,0.1101,0.1123,0.1209,0.1071,0.0291,0.0745
CT004141,Zone_05,Zone_07,0.1697,0.1294,0.076,0.0678,0.1649,0.0249,0.0917,0.1697,0.1329,0.0273,0.1154
CT002903,Zone_03,Zone_01,0.1514,0.1514,0.1376,0.0906,0.1138,0.0887,0.0562,0.1181,0.1107,0.0467,0.0862
CT017997,Zone_07,Zone_08,0.1541,0.1027,0.0717,0.0855,0.1304,0.0678,0.058,0.1256,0.1541,0.0878,0.1163
CT004277,Zone_08,Zone_08,0.1721,0.1171,0.0863,0.1039,0.0878,0.1028,0.0663,0.1231,0.1721,0.0313,0.1094
CT004384,Zone_08,Zone_08,0.1899,0.1058,0.1024,0.0765,0.1271,0.0736,0.1079,0.1079,0.1899,0.023,0.0859
CT009218,Zone_09,Zone_01,0.1869,0.1869,0.0997,0.0863,0.0943,0.0752,0.1402,0.0908,0.0926,0.0601,0.0739
CT013044,Zone_08,Zone_09,0.1752,0.0721,0.1481,0.1399,0.077,0.0493,0.08,0.1071,0.0994,0.1752,0.0517
CT011960,Zone_01,Zone_07,0.1487,0.0601,0.0801,0.0984,0.1151,0.1158,0.082,0.1487,0.1041,0.0656,0.1301
CT002194,Zone_02,Zone_08,0.1412,0.1138,0.0885,0.0957,0.1052,0.0935,0.1024,0.1247,0.1412,0.041,0.0941
CT009704,Zone_04,Zone_04,0.1515,0.0778,0.0895,0.0855,0.1515,0.1177,0.0719,0.1386,0.109,0.0305,0.1282
CT015082,Zone_07,Zone_01,0.173,0.173,0.1155,0.0707,0.1356,0.0915,0.0671,0.1047,0.1134,0.0466,0.0817
CT008292,Zone_10,Zone_08,0.1611,0.1116,0.1229,0.0768,0.1534,0.057,0.0771,0.1379,0.1611,0.038,0.0643
CT001245,Zone_04,Zone_08,0.1392,0.105,0.0983,0.1129,0.097,0.0617,0.1234,0.11,0.1392,0.0645,0.088
CT013982,Zone_04,Zone_04,0.1449,0.1128,0.1263,0.0901,0.1449,0.0882,0.0971,0.1149,0.1211,0.0436,0.061
CT005004,Zone_03,Zone_08,0.1399,0.0816,0.1312,0.1237,0.0723,0.1129,0.091,0.1235,0.1399,0.0324,0.0915
CT019674,Zone_01,Zone_07,0.1778,0.0831,0.136,0.1087,0.1204,0.0371,0.0821,0.1778,0.1523,0.0156,0.0867
CT019876,Zone_07,Zone_02,0.2255,0.0731,0.2255,0.0552,0.1035,0.0454,0.1004,0.0915,0.1089,0.1539,0.0425
CT010238,Zone_01,Zone_04,0.1818,0.0755,0.0701,0.103,0.1818,0.0718,0.1047,0.1718,0.1295,0.0165,0.0754
CT015704,Zone_07,Zone_03,0.1477,0.0675,0.0812,0.1477,0.115,0.0826,0.1379,0.1199,0.1407,0.0429,0.0646
CT005710,Zone_07,Zone_07,0.1347,0.1084,0.0927,0.105,0.1232,0.0703,0.095,0.1347,0.109,0.0773,0.0844
CT016476,Zone_07,Zone_03,0.1759,0.0588,0.0984,0.1759,0.1279,0.1091,0.0425,0.1236,0.0951,0.1095,0.0593
CT012045,Zone_03,Zone_07,0.1321,0.1234,0.083,0.0988,0.1122,0.1138,0.0613,0.1321,0.1088,0.0694,0.0972
CT012895,Zone_08,Zone_06,0.1763,0.0754,0.0913,0.1265,0.1201,0.0795,0.1763,0.1149,0.1125,0.0124,0.0911
CT002675,Zone_08,Zone_07,0.134,0.0985,0.1057,0.1122,0.0924,0.0769,0.1096,0.134,0.1102,0.0401,0.1203
CT007639,Zone_07,Zone_07,0.1527,0.071,0.0981,0.1194,0.1299,0.0791,0.0724,0.1527,0.1038,0.042,0.1316
CT019239,Zone_08,Zone_01,0.1561,0.1561,0.107,0.1036,0.0964,0.0745,0.1158,0.1074,0.116,0.0516,0.0717
CT006209,Zone_02,Zone_07,0.1409,0.0942,0.1076,0.1061,0.0967,0.0682,0.0838,0.1409,0.1298,0.0415,0.1313
CT000590,Zone_02,Zone_08,0.159,0.0637,0.0964,0.1405,0.1175,0.0409,0.0587,0.1525,0.159,0.0905,0.0803
CT001810,Zone_03,Zone_04,0.1672,0.1653,0.0828,0.0686,0.1672,0.0983,0.0455,0.1365,0.0941,0.0279,0.1138
CT004647,Zone_06,Zone_01,0.1716,0.1716,0.0935,0.0848,0.0931,0.1,0.0849,0.1343,0.1118,0.0278,0.0983
CT012618,Zone_08,Zone_07,0.1319,0.1052,0.0949,0.1006,0.1282,0.0991,0.0711,0.1319,0.1154,0.0254,0.1282
CT018307,Zone_08,Zone_04,0.131,0.0697,0.0877,0.1308,0.131,0.1003,0.08,0.1202,0.1052,0.0623,0.1128
CT002544,Zone_04,Zone_08,0.1592,0.156,0.0953,0.0949,0.1063,0.0559,0.0898,0.1343,0.1592,0.0233,0.0849
CT017760,Zone_02,Zone_04,0.1623,0.0937,0.1121,0.0988,0.1623,0.0878,0.0872,0.1133,0.1233,0.047,0.0745
CT007426,Zone_01,Zone_07,0.1729,0.1036,0.0788,0.0724,0.162,0.0336,0.0549,0.1729,0.127,0.0442,0.1506
CT019264,Zone_04,Zone_02,0.1307,0.0776,0.1307,0.1238,0.1178,0.0733,0.0958,0.1046,0.1234,0.0709,0.0821
CT016988,Zone_08,Zone_04,0.153,0.0593,0.1403,0.0979,0.153,0.0975,0.1218,0.126,0.1086,0.0255,0.0701
CT018076,Zone_07,Zone_08,0.1191,0.1039,0.1174,0.0755,0.0846,0.1135,0.1132,0.1077,0.1191,0.0753,0.0898
CT017096,Zone_07,Zone_06,0.1657,0.1009,0.0847,0.0886,0.1008,0.0939,0.1657,0.1427,0.1048,0.0521,0.0659
CT010558,Zone_02,Zone_03,0.1645,0.0882,0.0958,0.1645,0.1352,0.0439,0.0489,0.1347,0.1473,0.0501,0.0913
CT015796,Zone_08,Zone_07,0.1333,0.1326,0.0917,0.0958,0.124,0.0771,0.0678,0.1333,0.1331,0.0383,0.1063
CT000996,Zone_08,Zone_02,0.1447,0.0939,0.1447,0.0706,0.0977,0.0902,0.1029,0.094,0.1244,0.0926,0.0891
CT011879,Zone_02,Zone_07,0.1682,0.1013,0.109,0.1215,0.1309,0.0692,0.0777,0.1682,0.1272,0.0145,0.0804
CT016183,Zone_08,Zone_10,0.1607,0.0773,0.1084,0.1027,0.0805,0.1192,0.0983,0.1385,0.0905,0.0238,0.1607
CT007023,Zone_04,Zone_05,0.1937,0.0716,0.0764,0.0704,0.0954,0.1937,0.1414,0.1013,0.1167,0.045,0.0882
CT011691,Zone_01,Zone_04,0.1607,0.0864,0.1291,0.0659,0.1607,0.1592,0.0325,0.1527,0.1131,0.0433,0.0572
CT007275,Zone_08,Zone_08,0.1953,0.0597,0.0944,0.0963,0.1131,0.0942,0.0754,0.1468,0.1953,0.0566,0.0682
CT010506,Zone_07,Zone_02,0.1285,0.1019,0.1285,0.1137,0.1123,0.0747,0.0783,0.1209,0.0948,0.0975,0.0774
CT013162,Zone_01,Zone_01,0.2363,0.2363,0.0731,0.0814,0.1126,0.0537,0.0565,0.1231,0.0984,0.086,0.0789
CT000263,Zone_04,Zone_01,0.1522,0.1522,0.0943,0.1356,0.0836,0.0776,0.0536,0.1241,0.1399,0.0505,0.0884
CT013020,Zone_01,Zone_07,0.1647,0.142,0.0724,0.1534,0.1022,0.1472,0.0526,0.1647,0.0866,0.0308,0.0481
CT003622,Zone_04,Zone_05,0.1215,0.0995,0.1205,0.1185,0.0798,0.1215,0.0853,0.1123,0.1144,0.0745,0.0737
CT013210,Zone_06,Zone_04,0.1582,0.0749,0.0954,0.0828,0.1582,0.1164,0.1017,0.1286,0.1132,0.0936,0.0351
CT013667,Zone_08,Zone_06,0.3038,0.0782,0.0972,0.061,0.0742,0.0873,0.3038,0.0996,0.1272,0.0138,0.0577
CT010996,Zone_07,Zone_02,0.1361,0.1079,0.1361,0.1005,0.1021,0.089,0.0902,0.122,0.1048,0.0237,0.1237
CT003545,Zone_04,Zone_08,0.1459,0.1428,0.1021,0.0938,0.1241,0.0531,0.0918,0.1337,0.1459,0.0418,0.0709
CT009035,Zone_08,Zone_08,0.1238,0.0702,0.0991,0.1048,0.1206,0.1066,0.1056,0.1221,0.1238,0.0236,0.1235
CT016735,Zone_05,Zone_01,0.177,0.177,0.0764,0.0775,0.1022,0.0376,0.1133,0.1673,0.1198,0.0285,0.1004
CT011388,Zone_08,Zone_08,0.1598,0.0673,0.1089,0.1099,0.1444,0.0621,0.0883,0.1326,0.1598,0.0275,0.0993
CT003756,Zone_04,Zone_02,0.1749,0.1134,0.1749,0.117,0.0803,0.0528,0.0554,0.1331,0.0804,0.0622,0.1304
CT011814,Zone_09,Zone_07,0.2466,0.0633,0.0793,0.0671,0.1318,0.0893,0.1078,0.2466,0.1202,0.014,0.0806
CT001730,Zone_05,Zone_07,0.1546,0.1367,0.0834,0.1094,0.0998,0.0667,0.0587,0.1546,0.1404,0.018,0.1323
CT008124,Zone_01,Zone_10,0.139,0.1037,0.1146,0.1301,0.1158,0.0654,0.0453,0.1386,0.1214,0.0261,0.139
CT006832,Zone_07,Zone_01,0.1645,0.1645,0.0832,0.0788,0.0988,0.1185,0.0847,0.1126,0.1044,0.0329,0.1217
CT011607,Zone_08,Zone_09,0.2996,0.0893,0.0492,0.0799,0.0816,0.0738,0.0682,0.0814,0.085,0.2996,0.0919
CT011645,Zone_08,Zone_08,0.1541,0.0761,0.1021,0.1141,0.1306,0.0742,0.1018,0.1332,0.1541,0.0114,0.1022
CT003881,Zone_08,Zone_07,0.1761,0.1096,0.0914,0.1211,0.0952,0.1065,0.0764,0.1761,0.1081,0.0202,0.0953
CT004210,Zone_01,Zone_02,0.1477,0.0651,0.1477,0.1073,0.1092,0.0368,0.0797,0.1409,0.1188,0.1009,0.0938
CT001136,Zone_04,Zone_08,0.1469,0.1082,0.101,0.1146,0.0875,0.1054,0.0729,0.1274,0.1469,0.0364,0.0996
CT013221,Zone_07,Zone_08,0.1619,0.0877,0.0985,0.112,0.1435,0.0838,0.0982,0.1201,0.1619,0.0195,0.0747
CT005363,Zone_03,Zone_07,0.1558,0.0658,0.139,0.109,0.0981,0.0918,0.0987,0.1558,0.1513,0.0276,0.063
CT011173,Zone_07,Zone_08,0.1413,0.0899,0.1117,0.0812,0.0898,0.0644,0.0661,0.112,0.1413,0.1071,0.1363
CT011966,Zone_03,Zone_08,0.1589,0.0922,0.0674,0.089,0.1317,0.0899,0.1277,0.1041,0.1589,0.0366,0.1026
CT002786,Zone_08,Zone_10,0.1634,0.0695,0.0641,0.1017,0.0803,0.1156,0.1222,0.0899,0.1119,0.0815,0.1634
CT011519,Zone_04,Zone_01,0.1345,0.1345,0.0992,0.1234,0.123,0.0655,0.0765,0.1252,0.1286,0.0252,0.0989
CT007994,Zone_07,Zone_08,0.1573,0.1107,0.1168,0.1064,0.1311,0.0861,0.0516,0.1368,0.1573,0.0213,0.082
CT009900,Zone_06,Zone_10,0.1541,0.0781,0.0845,0.1467,0.148,0.0389,0.0675,0.1193,0.1469,0.016,0.1541
CT019150,Zone_03,Zone_03,0.1609,0.074,0.0919,0.1609,0.1,0.0785,0.1,0.1438,0.1081,0.0393,0.1034
CT015514,Zone_05,Zone_07,0.1557,0.0784,0.1153,0.1187,0.0992,0.0557,0.0783,0.1557,0.142,0.0381,0.1185
CT012875,Zone_05,Zone_07,0.1864,0.0537,0.135,0.1115,0.1007,0.0821,0.1567,0.1864,0.0929,0.0287,0.0524
CT008867,Zone_03,Zone_07,0.1644,0.08,0.0626,0.1302,0.1175,0.1059,0.056,0.1644,0.1005,0.0307,0.152
CT017840,Zone_08,Zone_03,0.1378,0.1093,0.0677,0.1378,0.1208,0.0584,0.1198,0.1256,0.0973,0.0429,0.1205
CT016251,Zone_01,Zone_08,0.1997,0.1308,0.0906,0.0697,0.0815,0.057,0.081,0.1141,0.1997,0.0328,0.1428
CT007791,Zone_07,Zone_04,0.1518,0.0818,0.1207,0.1242,0.1518,0.0916,0.1241,0.0969,0.0989,0.0417,0.0682
CT016660,Zone_08,Zone_02,0.1802,0.0758,0.1802,0.0861,0.1297,0.1014,0.0742,0.116,0.1065,0.0445,0.0855
CT017698,Zone_07,Zone_03,0.15,0.1118,0.0912,0.15,0.1191,0.0533,0.0651,0.1305,0.0939,0.1135,0.0717
CT015884,Zone_07,Zone_07,0.1515,0.1046,0.0807,0.1126,0.1206,0.1071,0.0774,0.1515,0.1264,0.0514,0.0676
CT013757,Zone_10,Zone_02,0.1573,0.0778,0.1573,0.0955,0.0824,0.1114,0.0533,0.1493,0.1182,0.0374,0.1174
CT008196,Zone_07,Zone_07,0.1623,0.0688,0.1419,0.0775,0.1314,0.1102,0.1259,0.1623,0.0978,0.0196,0.0646
CT006981,Zone_10,Zone_07,0.1527,0.0908,0.0917,0.109,0.1156,0.1186,0.0415,0.1527,0.1249,0.0322,0.1229
CT018845,Zone_04,Zone_07,0.1747,0.1007,0.0984,0.1041,0.146,0.093,0.0388,0.1747,0.1141,0.0375,0.0927
CT015224,Zone_07,Zone_02,0.1491,0.0982,0.1491,0.1054,0.0975,0.1165,0.0829,0.1135,0.1114,0.0419,0.0835
CT013273,Zone_06,Zone_07,0.1537,0.0836,0.1182,0.1499,0.1246,0.0919,0.0783,0.1537,0.0881,0.018,0.0936
CT005156,Zone_02,Zone_08,0.1424,0.0994,0.0866,0.0896,0.1289,0.1062,0.083,0.114,0.1424,0.0569,0.0929
CT001943,Zone_08,Zone_03,0.1838,0.0547,0.0723,0.1838,0.1076,0.1119,0.1013,0.1127,0.1133,0.008,0.1344
CT018071,Zone_08,Zone_05,0.1544,0.0829,0.1172,0.0903,0.0797,0.1544,0.0949,0.1126,0.1455,0.0488,0.0738
CT018571,Zone_07,Zone_07,0.1894,0.0644,0.125,0.0993,0.0711,0.0514,0.0836,0.1894,0.112,0.0532,0.1505
CT013597,Zone_04,Zone_08,0.1565,0.0849,0.0734,0.1081,0.1085,0.0789,0.0897,0.1365,0.1565,0.0368,0.1266
CT007733,Zone_04,Zone_08,0.1523,0.0823,0.1173,0.0758,0.1304,0.0599,0.0717,0.1173,0.1523,0.065,0.1281
CT009178,Zone_08,Zone_08,0.1851,0.1051,0.1085,0.0847,0.1275,0.071,0.0668,0.1267,0.1851,0.0331,0.0915
CT002274,Zone_07,Zone_02,0.1299,0.1235,0.1299,0.0985,0.1078,0.0803,0.1169,0.1252,0.1006,0.0469,0.0705
CT014733,Zone_03,Zone_08,0.1921,0.0999,0.1167,0.0586,0.1519,0.0741,0.0285,0.121,0.1921,0.0361,0.1212
CT003973,Zone_07,Zone_02,0.196,0.0745,0.196,0.1127,0.1115,0.1176,0.0681,0.1027,0.1346,0.0128,0.0695
CT001083,Zone_06,Zone_03,0.1357,0.0655,0.0871,0.1357,0.1173,0.0674,0.0834,0.1258,0.1221,0.0845,0.1112
CT014734,Zone_07,Zone_03,0.1579,0.1264,0.0938,0.1579,0.066,0.0645,0.1098,0.117,0.1486,0.0415,0.0746
CT003209,Zone_03,Zone_07,0.1517,0.0825,0.1381,0.1016,0.1015,0.0881,0.0447,0.1517,0.1039,0.0727,0.1152
CT004237,Zone_05,Zone_05,0.2133,0.0838,0.1199,0.0671,0.1318,0.2133,0.0256,0.1183,0.1019,0.0521,0.0862
CT001649,Zone_06,Zone_10,0.1632,0.0867,0.1063,0.1129,0.105,0.0821,0.0677,0.1339,0.1197,0.0226,0.1632
CT010161,Zone_03,Zone_06,0.1386,0.0912,0.0861,0.089,0.1209,0.0545,0.1386,0.1118,0.095,0.0905,0.1225
CT009733,Zone_09,Zone_04,0.1336,0.104,0.0981,0.121,0.1336,0.1024,0.0644,0.1088,0.1202,0.0303,0.1172
CT012164,Zone_07,Zone_04,0.1687,0.1007,0.0671,0.1548,0.1687,0.0515,0.0477,0.1343,0.1312,0.0598,0.0842
CT007393,Zone_01,Zone_07,0.1577,0.1028,0.1204,0.1008,0.114,0.0838,0.0668,0.1577,0.133,0.0275,0.093
CT018371,Zone_08,Zone_05,0.144,0.1384,0.0811,0.0893,0.078,0.144,0.0665,0.1076,0.1264,0.0527,0.1159
CT010005,Zone_04,Zone_07,0.1483,0.1213,0.0969,0.1265,0.1055,0.0908,0.0623,0.1483,0.1376,0.0086,0.1023
CT004173,Zone_09,Zone_07,0.1491,0.1216,0.0838,0.0952,0.0962,0.0644,0.0901,0.1491,0.1469,0.0236,0.1291
CT014880,Zone_07,Zone_04,0.1661,0.0576,0.1292,0.0695,0.1661,0.0534,0.0936,0.1612,0.1572,0.0067,0.1056
CT001840,Zone_07,Zone_10,0.1456,0.0685,0.1209,0.1086,0.1239,0.0525,0.0767,0.0965,0.1042,0.1026,0.1456
CT000139,Zone_07,Zone_08,0.1807,0.0731,0.1301,0.094,0.0973,0.1057,0.0575,0.143,0.1807,0.0221,0.0966
CT015005,Zone_08,Zone_02,0.1876,0.0428,0.1876,0.1596,0.0889,0.0697,0.1464,0.0933,0.1181,0.0342,0.0594
CT001574,Zone_07,Zone_08,0.1484,0.08,0.0931,0.1259,0.1052,0.0733,0.0708,0.145,0.1484,0.0945,0.0638
CT019652,Zone_04,Zone_03,0.1495,0.093,0.1136,0.1495,0.1168,0.0985,0.0941,0.1194,0.0914,0.0212,0.1025
CT011744,Zone_04,Zone_02,0.1873,0.095,0.1873,0.0869,0.1285,0.0759,0.0542,0.1507,0.106,0.0216,0.0938
CT006461,Zone_01,Zone_03,0.132,0.1218,0.125,0.132,0.1104,0.0714,0.0707,0.1275,0.1293,0.0403,0.0716
CT017640,Zone_07,Zone_08,0.1775,0.0897,0.1296,0.1044,0.1023,0.0579,0.0871,0.1188,0.1775,0.0454,0.0873
CT016267,Zone_08,Zone_07,0.1545,0.0816,0.0966,0.1075,0.0716,0.0767,0.1458,0.1545,0.11,0.0517,0.1039
CT018969,Zone_07,Zone_07,0.1784,0.1534,0.1141,0.0921,0.1124,0.0682,0.0597,0.1784,0.0881,0.0317,0.1019
CT014409,Zone_05,Zone_02,0.1468,0.1223,0.1468,0.0876,0.1419,0.0757,0.0762,0.1181,0.0975,0.0785,0.0554
CT003833,Zone_08,Zone_01,0.1685,0.1685,0.0919,0.0895,0.0833,0.1123,0.0941,0.122,0.1068,0.0343,0.0973
CT006378,Zone_07,Zone_08,0.1408,0.1027,0.1274,0.0822,0.0973,0.071,0.1109,0.1083,0.1408,0.0452,0.1142
CT004543,Zone_10,Zone_06,0.1533,0.1344,0.1236,0.0659,0.0976,0.0736,0.1533,0.1352,0.0738,0.0303,0.1122
CT016147,Zone_03,Zone_02,0.1711,0.0682,0.1711,0.1453,0.1418,0.0694,0.0618,0.0965,0.1161,0.0288,0.101
CT015179,Zone_07,Zone_07,0.1506,0.0935,0.1492,0.0915,0.0958,0.0597,0.1092,0.1506,0.1115,0.0384,0.1008
CT007147,Zone_04,Zone_06,0.2115,0.107,0.0822,0.0969,0.0754,0.0864,0.2115,0.1141,0.0881,0.0365,0.1019
CT002221,Zone_04,Zone_01,0.154,0.154,0.115,0.0883,0.138,0.0912,0.0726,0.1191,0.1318,0.0263,0.0637
CT014888,Zone_06,Zone_10,0.1463,0.1199,0.0914,0.0827,0.0947,0.0808,0.0978,0.1224,0.1214,0.0426,0.1463
CT003569,Zone_07,Zone_08,0.1363,0.1017,0.0721,0.0833,0.1107,0.1317,0.0772,0.1332,0.1363,0.0842,0.0697
CT002461,Zone_07,Zone_06,0.196,0.1042,0.0753,0.1208,0.0717,0.0592,0.196,0.1083,0.1142,0.0246,0.1257
CT008877,Zone_07,Zone_10,0.1566,0.1075,0.076,0.1141,0.084,0.0976,0.0968,0.1128,0.1009,0.0538,0.1566
CT009563,Zone_02,Zone_10,0.1618,0.0613,0.085,0.1148,0.0871,0.1133,0.1604,0.0942,0.1025,0.0197,0.1618
CT015283,Zone_10,Zone_07,0.2238,0.0522,0.0772,0.1186,0.1198,0.0539,0.0657,0.2238,0.1177,0.0334,0.1377
CT003842,Zone_08,Zone_02,0.2127,0.0805,0.2127,0.0745,0.0972,0.1642,0.0684,0.0998,0.1296,0.0198,0.0532
CT000727,Zone_04,Zone_08,0.1564,0.0781,0.1417,0.1244,0.1053,0.0886,0.064,0.1182,0.1564,0.041,0.0823
CT002604,Zone_07,Zone_03,0.145,0.0801,0.1038,0.145,0.0922,0.0841,0.0794,0.1152,0.1226,0.0637,0.1139
CT012085,Zone_07,Zone_10,0.1283,0.1202,0.0675,0.0861,0.0804,0.1029,0.0791,0.1149,0.1161,0.1046,0.1283
CT018349,Zone_03,Zone_04,0.2404,0.0684,0.0319,0.0557,0.2404,0.0686,0.0634,0.1005,0.1468,0.1339,0.0904
CT011529,Zone_07,Zone_07,0.1599,0.0915,0.1007,0.0789,0.1146,0.0497,0.1165,0.1599,0.1417,0.0413,0.1054
CT007127,Zone_04,Zone_07,0.1537,0.1035,0.1059,0.1084,0.1204,0.0566,0.1027,0.1537,0.1458,0.0155,0.0874
CT016243,Zone_07,Zone_08,0.1782,0.0586,0.0994,0.0849,0.0972,0.0792,0.1364,0.1147,0.1782,0.0596,0.0918
CT010361,Zone_06,Zone_07,0.1361,0.1322,0.1021,0.0998,0.1126,0.0609,0.118,0.1361,0.0989,0.0659,0.0734
CT011958,Zone_03,Zone_07,0.1953,0.0854,0.1203,0.1158,0.1804,0.0492,0.0425,0.1953,0.0953,0.0557,0.0602
CT019558,Zone_06,Zone_01,0.1719,0.1719,0.0953,0.0733,0.0987,0.1068,0.0472,0.1709,0.0846,0.0286,0.1228
CT004393,Zone_07,Zone_07,0.1785,0.1134,0.0587,0.1044,0.0965,0.0751,0.0727,0.1785,0.1592,0.0477,0.0938
CT015506,Zone_07,Zone_07,0.1249,0.1062,0.0989,0.1037,0.1101,0.1036,0.0595,0.1249,0.1222,0.0754,0.0955
CT011124,Zone_02,Zone_10,0.1579,0.0954,0.0925,0.068,0.0986,0.1532,0.0724,0.1303,0.1069,0.025,0.1579
CT003679,Zone_04,Zone_05,0.1481,0.106,0.1227,0.0926,0.0987,0.1481,0.1332,0.0945,0.0944,0.0252,0.0845
CT002477,Zone_03,Zone_08,0.1619,0.1247,0.1255,0.0913,0.154,0.0517,0.0754,0.1188,0.1619,0.0252,0.0716
CT006752,Zone_04,Zone_04,0.1292,0.1089,0.1113,0.0905,0.1292,0.0672,0.1095,0.1242,0.1261,0.0337,0.0995
CT009918,Zone_08,Zone_08,0.1636,0.0959,0.099,0.1114,0.0998,0.0528,0.0954,0.1063,0.1636,0.0953,0.0805
CT001547,Zone_04,Zone_07,0.1606,0.1369,0.0886,0.1109,0.0994,0.0631,0.0833,0.1606,0.1263,0.0347,0.0961
CT011861,Zone_10,Zone_01,0.1575,0.1575,0.0997,0.1177,0.0905,0.0605,0.1138,0.1333,0.0977,0.048,0.0813
CT008302,Zone_05,Zone_06,0.1499,0.0927,0.0925,0.1172,0.1068,0.0794,0.1499,0.1244,0.1029,0.0482,0.086
CT016524,Zone_02,Zone_02,0.1606,0.0773,0.1606,0.1042,0.1177,0.0866,0.0664,0.1436,0.135,0.0101,0.0986
CT008004,Zone_02,Zone_01,0.156,0.156,0.1117,0.0778,0.1237,0.0714,0.0564,0.1535,0.0987,0.0388,0.1119
CT011864,Zone_07,Zone_01,0.1393,0.1393,0.0669,0.1065,0.0934,0.092,0.0833,0.1239,0.1116,0.0631,0.12
CT018196,Zone_08,Zone_08,0.1676,0.1433,0.0833,0.0955,0.0922,0.081,0.0976,0.1109,0.1676,0.0271,0.1016
CT019832,Zone_10,Zone_09,0.238,0.1177,0.0609,0.069,0.1331,0.0582,0.0433,0.1071,0.095,0.238,0.0777
CT009074,Zone_08,Zone_05,0.1615,0.1172,0.0762,0.1185,0.0981,0.1615,0.06,0.1372,0.1161,0.034,0.0813
CT016296,Zone_08,Zone_07,0.1348,0.0985,0.122,0.1167,0.1291,0.0753,0.0743,0.1348,0.1108,0.033,0.1056
CT007184,Zone_04,Zone_07,0.1713,0.0998,0.095,0.1179,0.1195,0.0789,0.0681,0.1713,0.1187,0.0305,0.1003
CT010032,Zone_07,Zone_01,0.1685,0.1685,0.1672,0.0655,0.1542,0.0719,0.0463,0.1449,0.0935,0.0479,0.0401
CT006888,Zone_04,Zone_10,0.1579,0.135,0.0893,0.0947,0.1155,0.0325,0.0458,0.1161,0.1116,0.1016,0.1579
CT000456,Zone_01,Zone_04,0.1451,0.1288,0.1306,0.0819,0.1451,0.0905,0.0704,0.1248,0.1142,0.0308,0.0829
CT001458,Zone_08,Zone_01,0.1468,0.1468,0.1166,0.05,0.1191,0.0477,0.1352,0.1041,0.1349,0.076,0.0695
CT018000,Zone_04,Zone_08,0.1593,0.0969,0.1192,0.0976,0.1388,0.0615,0.0713,0.131,0.1593,0.0319,0.0925
CT000368,Zone_08,Zone_07,0.143,0.0423,0.0774,0.1207,0.1426,0.0944,0.1264,0.143,0.1376,0.0478,0.0677
CT007866,Zone_08,Zone_08,0.1445,0.1096,0.1066,0.1162,0.1267,0.0834,0.0914,0.0863,0.1445,0.0133,0.1219
CT015923,Zone_03,Zone_06,0.13,0.0994,0.086,0.1056,0.1126,0.1069,0.13,0.1125,0.1266,0.0604,0.06
CT005981,Zone_07,Zone_06,0.1832,0.0443,0.0835,0.1306,0.1076,0.1143,0.1832,0.1294,0.1237,0.0228,0.0607
CT017944,Zone_01,Zone_01,0.1531,0.1531,0.0872,0.0815,0.1308,0.0718,0.0935,0.1167,0.0969,0.0459,0.1226
CT019232,Zone_07,Zone_02,0.1624,0.0915,0.1624,0.097,0.0947,0.1136,0.0928,0.0907,0.0609,0.1369,0.0594
CT009992,Zone_04,Zone_04,0.2418,0.1045,0.0879,0.0921,0.2418,0.0646,0.0688,0.1079,0.1366,0.0248,0.0711
CT011231,Zone_02,Zone_10,0.1847,0.0744,0.1475,0.1029,0.0886,0.053,0.1121,0.1244,0.086,0.0264,0.1847
CT013481,Zone_04,Zone_10,0.1471,0.1088,0.0954,0.1128,0.1141,0.0658,0.0895,0.1238,0.1248,0.0181,0.1471
CT013605,Zone_01,Zone_03,0.1823,0.0613,0.0737,0.1823,0.0896,0.1192,0.0701,0.1427,0.1526,0.0558,0.0525
CT015653,Zone_07,Zone_07,0.1476,0.1186,0.0905,0.1102,0.1223,0.095,0.0534,0.1476,0.1096,0.0266,0.1264
CT019806,Zone_08,Zone_03,0.1618,0.1385,0.1191,0.1618,0.0983,0.0775,0.0693,0.1274,0.1046,0.0199,0.0836
CT012470,Zone_01,Zone_08,0.1453,0.1002,0.1316,0.0989,0.0876,0.1104,0.0871,0.1425,0.1453,0.0201,0.0764
CT005232,Zone_06,Zone_03,0.1521,0.0998,0.1102,0.1521,0.0951,0.0827,0.0654,0.1303,0.1273,0.0251,0.112
CT013632,Zone_07,Zone_10,0.1503,0.0978,0.0792,0.1053,0.0874,0.0987,0.1012,0.11,0.112,0.0583,0.1503
CT011157,Zone_06,Zone_07,0.1351,0.1064,0.1148,0.0906,0.0979,0.1056,0.0782,0.1351,0.1293,0.0412,0.1009
CT016039,Zone_07,Zone_07,0.149,0.1395,0.1247,0.1015,0.1149,0.0911,0.0574,0.149,0.115,0.0258,0.0811
CT009422,Zone_02,Zone_07,0.1609,0.1346,0.0951,0.0945,0.0769,0.1022,0.066,0.1609,0.1464,0.0213,0.1022
CT006410,Zone_01,Zone_02,0.1589,0.0872,0.1589,0.0913,0.1035,0.0796,0.0766,0.1366,0.1183,0.0683,0.0798
CT005225,Zone_08,Zone_08,0.1388,0.1385,0.0977,0.0968,0.095,0.1112,0.0829,0.1335,0.1388,0.0202,0.0856
CT003025,Zone_04,Zone_10,0.1653,0.0803,0.0973,0.0963,0.1498,0.0715,0.0502,0.1269,0.1054,0.0571,0.1653
CT006836,Zone_03,Zone_08,0.156,0.0722,0.1095,0.1305,0.0867,0.0465,0.0791,0.1345,0.156,0.0358,0.1492
CT017998,Zone_08,Zone_08,0.1553,0.1255,0.0867,0.0987,0.0916,0.0814,0.0729,0.1322,0.1553,0.0402,0.1154
CT018913,Zone_10,Zone_04,0.1417,0.1025,0.1008,0.1007,0.1417,0.0775,0.0676,0.1172,0.1169,0.0486,0.1264
CT011227,Zone_04,Zone_07,0.1451,0.0887,0.1079,0.1119,0.0888,0.1074,0.0735,0.1451,0.1324,0.0518,0.0924
CT003223,Zone_07,Zone_07,0.1661,0.1141,0.107,0.0618,0.104,0.0391,0.1069,0.1661,0.143,0.0289,0.1292
CT019427,Zone_07,Zone_07,0.1669,0.0933,0.148,0.0813,0.1292,0.0459,0.1043,0.1669,0.124,0.0459,0.061
CT014062,Zone_01,Zone_10,0.1539,0.0694,0.0759,0.0898,0.1463,0.0888,0.1226,0.0992,0.0889,0.065,0.1539
CT007569,Zone_06,Zone_01,0.1354,0.1354,0.1215,0.1125,0.1026,0.098,0.0986,0.1096,0.1014,0.0342,0.0863
CT019939,Zone_04,Zone_10,0.1613,0.0995,0.1038,0.1072,0.0886,0.0428,0.1151,0.1054,0.1259,0.0503,0.1613
CT000990,Zone_07,Zone_03,0.1437,0.1357,0.1158,0.1437,0.0831,0.0916,0.0332,0.1394,0.1188,0.0392,0.0995
CT010330,Zone_07,Zone_02,0.1346,0.1055,0.1346,0.105,0.0794,0.0766,0.122,0.103,0.1056,0.0898,0.0784
CT001985,Zone_07,Zone_01,0.1336,0.1336,0.1132,0.1272,0.0868,0.0714,0.1228,0.121,0.1269,0.022,0.0751
CT015218,Zone_07,Zone_04,0.169,0.0727,0.0807,0.1293,0.169,0.0717,0.0689,0.1312,0.1362,0.0156,0.1249
CT002217,Zone_03,Zone_08,0.1485,0.1328,0.087,0.0963,0.132,0.065,0.0556,0.1212,0.1485,0.0468,0.1149
CT017145,Zone_08,Zone_08,0.1515,0.0786,0.0693,0.131,0.1275,0.0511,0.0644,0.1164,0.1515,0.0843,0.126
CT007048,Zone_04,Zone_07,0.1746,0.0619,0.1488,0.1078,0.1615,0.0391,0.0752,0.1746,0.1373,0.0125,0.0813
CT004925,Zone_08,Zone_02,0.2294,0.0792,0.2294,0.1019,0.0989,0.063,0.0815,0.1395,0.0993,0.0294,0.0777
CT006455,Zone_07,Zone_07,0.1371,0.1005,0.101,0.0988,0.1142,0.1041,0.0924,0.1371,0.1126,0.0285,0.1108
CT010468,Zone_01,Zone_07,0.1462,0.0669,0.0993,0.138,0.0968,0.1027,0.1291,0.1462,0.1246,0.0191,0.0775
CT020000,Zone_03,Zone_08,0.1459,0.109,0.1101,0.0999,0.1038,0.0736,0.0911,0.1212,0.1459,0.058,0.0874
CT006523,Zone_02,Zone_04,0.1686,0.0882,0.097,0.1534,0.1686,0.0778,0.069,0.1536,0.0971,0.0338,0.0616
CT013676,Zone_09,Zone_06,0.1365,0.1019,0.1047,0.0812,0.0916,0.0779,0.1365,0.1262,0.1359,0.03,0.1141
CT004482,Zone_07,Zone_03,0.1458,0.0733,0.1111,0.1458,0.1152,0.1075,0.0967,0.1235,0.1401,0.0217,0.0651
CT010455,Zone_05,Zone_05,0.132,0.1012,0.1245,0.1048,0.0931,0.132,0.0847,0.1135,0.1155,0.0251,0.1057
CT000683,Zone_02,Zone_04,0.1677,0.082,0.0946,0.128,0.1677,0.0784,0.1037,0.1238,0.1237,0.0358,0.0624
CT015703,Zone_04,Zone_04,0.1672,0.0967,0.1521,0.0923,0.1672,0.0702,0.1046,0.128,0.0997,0.0195,0.0696
CT008356,Zone_07,Zone_04,0.1584,0.0668,0.1051,0.1096,0.1584,0.0623,0.0957,0.1105,0.1169,0.0371,0.1375
CT010251,Zone_07,Zone_10,0.1623,0.1229,0.0913,0.0818,0.086,0.0963,0.1009,0.1447,0.096,0.0179,0.1623
CT003990,Zone_09,Zone_05,0.2749,0.048,0.059,0.0961,0.1586,0.2749,0.049,0.1052,0.0923,0.0302,0.0868
CT019032,Zone_07,Zone_09,0.1198,0.1064,0.1021,0.0895,0.1031,0.0901,0.0815,0.11,0.094,0.1198,0.1035
CT010318,Zone_07,Zone_03,0.1713,0.0485,0.0857,0.1713,0.0789,0.1003,0.1116,0.155,0.1406,0.0193,0.0888
CT004377,Zone_08,Zone_08,0.1682,0.0877,0.1366,0.1041,0.1235,0.0839,0.0485,0.151,0.1682,0.041,0.0554
CT001187,Zone_05,Zone_08,0.1427,0.114,0.1177,0.1098,0.0866,0.0692,0.1425,0.113,0.1427,0.0222,0.0823
CT004158,Zone_02,Zone_07,0.1252,0.1238,0.1062,0.0879,0.0805,0.1115,0.108,0.1252,0.0951,0.0539,0.1079
CT019436,Zone_07,Zone_07,0.1412,0.1272,0.0684,0.0815,0.1302,0.1175,0.0739,0.1412,0.1104,0.0674,0.0823
CT006701,Zone_04,Zone_05,0.1413,0.0977,0.1129,0.1204,0.0974,0.1413,0.0868,0.1229,0.1253,0.0189,0.0765
CT012513,Zone_04,Zone_05,0.1811,0.0657,0.0997,0.1032,0.1005,0.1811,0.0919,0.0916,0.1232,0.0382,0.1048
CT016260,Zone_07,Zone_05,0.1343,0.089,0.1322,0.0832,0.1027,0.1343,0.0751,0.1297,0.107,0.0247,0.122
CT002968,Zone_04,Zone_08,0.1398,0.1035,0.0926,0.0748,0.1134,0.1026,0.1102,0.1067,0.1398,0.0624,0.094
CT007870,Zone_08,Zone_06,0.1324,0.0691,0.1256,0.1168,0.1063,0.0471,0.1324,0.1234,0.1218,0.0446,0.1128
CT006504,Zone_07,Zone_01,0.1624,0.1624,0.1095,0.1001,0.1123,0.0693,0.1155,0.1053,0.0942,0.0197,0.1116
CT004196,Zone_07,Zone_05,0.1776,0.0921,0.0705,0.1042,0.1222,0.1776,0.1055,0.1086,0.105,0.0364,0.0778
CT009461,Zone_07,Zone_07,0.1482,0.0954,0.1361,0.062,0.108,0.076,0.0672,0.1482,0.0959,0.0797,0.1315
CT002833,Zone_08,Zone_10,0.1463,0.1309,0.1097,0.1057,0.0752,0.0779,0.092,0.1034,0.1344,0.0244,0.1463
CT017160,Zone_08,Zone_07,0.173,0.0854,0.1139,0.1281,0.1134,0.1027,0.062,0.173,0.1186,0.0115,0.0913
CT013150,Zone_04,Zone_10,0.1389,0.1318,0.1359,0.1085,0.1349,0.0635,0.0426,0.1066,0.1186,0.0188,0.1389
CT007875,Zone_07,Zone_08,0.1594,0.0829,0.0768,0.0847,0.121,0.1157,0.1233,0.1139,0.1594,0.0309,0.0914
CT009714,Zone_07,Zone_04,0.1444,0.1043,0.0949,0.108,0.1444,0.1278,0.0692,0.1171,0.0886,0.0286,0.1173
CT004752,Zone_07,Zone_08,0.1444,0.0945,0.089,0.1175,0.0945,0.1125,0.1025,0.1197,0.1444,0.036,0.0894
CT012254,Zone_02,Zone_08,0.1699,0.0916,0.1359,0.0892,0.1237,0.1039,0.0558,0.0964,0.1699,0.0413,0.0925
CT016754,Zone_08,Zone_10,0.1432,0.0784,0.0934,0.0918,0.099,0.1056,0.128,0.1099,0.1179,0.033,0.1432
CT014857,Zone_08,Zone_02,0.1628,0.0976,0.1628,0.1051,0.1538,0.0607,0.0514,0.1411,0.1168,0.0151,0.0956
CT019568,Zone_01,Zone_02,0.2178,0.0581,0.2178,0.0976,0.1059,0.0794,0.0636,0.1302,0.0913,0.0535,0.1026
CT012180,Zone_05,Zone_08,0.1465,0.0756,0.1208,0.0899,0.1359,0.0675,0.0954,0.1048,0.1465,0.0585,0.1051
CT017142,Zone_02,Zone_01,0.1574,0.1574,0.0769,0.1475,0.0884,0.0863,0.057,0.1007,0.1251,0.0437,0.1169
CT006514,Zone_07,Zone_08,0.1649,0.0645,0.0852,0.1146,0.1187,0.0953,0.0994,0.1165,0.1649,0.0833,0.0576
CT009965,Zone_02,Zone_04,0.1536,0.1172,0.1144,0.1156,0.1536,0.0595,0.0647,0.1268,0.1023,0.0242,0.1216
CT006208,Zone_04,Zone_05,0.1584,0.0881,0.1113,0.1195,0.0872,0.1584,0.0744,0.1232,0.1207,0.0329,0.0843
CT008973,Zone_07,Zone_07,0.1589,0.0852,0.1216,0.1517,0.0948,0.07,0.0777,0.1589,0.1389,0.0284,0.0728
CT009225,Zone_02,Zone_04,0.1517,0.1038,0.1028,0.1062,0.1517,0.0812,0.0786,0.1316,0.1258,0.0508,0.0676
CT001559,Zone_08,Zone_10,0.1398,0.1072,0.1246,0.0897,0.1018,0.0822,0.0621,0.1316,0.1291,0.032,0.1398
CT006414,Zone_10,Zone_07,0.1451,0.0822,0.1392,0.1119,0.1251,0.0743,0.1133,0.1451,0.08,0.0469,0.0821
CT004788,Zone_07,Zone_01,0.1948,0.1948,0.0977,0.0802,0.0948,0.0835,0.0871,0.1388,0.0983,0.0496,0.0753
CT018772,Zone_08,Zone_10,0.1494,0.0682,0.1224,0.1084,0.0886,0.1034,0.0877,0.1189,0.1169,0.036,0.1494
CT008651,Zone_04,Zone_04,0.1342,0.0879,0.0837,0.1024,0.1342,0.1028,0.0875,0.1,0.1107,0.1017,0.0891
CT002119,Zone_03,Zone_08,0.1918,0.0732,0.1087,0.1119,0.0836,0.0675,0.0751,0.1382,0.1918,0.0393,0.1106
CT002838,Zone_04,Zone_07,0.1913,0.1281,0.1135,0.1088,0.0861,0.1031,0.0764,0.1913,0.0905,0.0324,0.07
CT001641,Zone_07,Zone_08,0.159,0.0789,0.1168,0.1115,0.0916,0.0774,0.0771,0.1506,0.159,0.0547,0.0825
CT010984,Zone_03,Zone_04,0.1148,0.1063,0.1106,0.1001,0.1148,0.0967,0.108,0.108,0.1147,0.0596,0.0812
CT013553,Zone_02,Zone_03,0.1533,0.0802,0.0871,0.1533,0.1447,0.0999,0.0815,0.0977,0.1352,0.0316,0.0888
CT012629,Zone_04,Zone_08,0.1441,0.0838,0.1374,0.1257,0.1099,0.0636,0.0589,0.1156,0.1441,0.0414,0.1195
CT013513,Zone_07,Zone_06,0.1474,0.0963,0.0685,0.1232,0.1421,0.0517,0.1474,0.1362,0.1138,0.0213,0.0995
CT000402,Zone_06,Zone_04,0.1836,0.0914,0.0796,0.1476,0.1836,0.0774,0.0598,0.1269,0.1237,0.0226,0.0873
CT017399,Zone_07,Zone_07,0.1548,0.0787,0.1093,0.138,0.1064,0.0589,0.0766,0.1548,0.1177,0.0752,0.0844
CT001582,Zone_04,Zone_01,0.1319,0.1319,0.108,0.1173,0.1189,0.0564,0.0489,0.117,0.1212,0.08,0.1003
CT015920,Zone_06,Zone_07,0.1888,0.1135,0.1157,0.0823,0.1411,0.1083,0.0352,0.1888,0.0999,0.0196,0.0957
CT017298,Zone_05,Zone_07,0.1538,0.1061,0.1231,0.075,0.1077,0.1073,0.0929,0.1538,0.1198,0.0369,0.0775
CT006850,Zone_10,Zone_08,0.148,0.0679,0.1347,0.1047,0.1182,0.0451,0.1108,0.1305,0.148,0.0659,0.0741
CT009318,Zone_04,Zone_02,0.1432,0.0744,0.1432,0.0987,0.1166,0.1094,0.0829,0.1111,0.1136,0.0422,0.1078
CT010170,Zone_03,Zone_03,0.1324,0.1048,0.0952,0.1324,0.1099,0.064,0.1285,0.1112,0.1194,0.038,0.0966
CT002110,Zone_03,Zone_08,0.16,0.0848,0.0889,0.0612,0.1008,0.1225,0.0825,0.1107,0.16,0.0751,0.1135
CT017357,Zone_08,Zone_08,0.1587,0.1135,0.083,0.1239,0.0945,0.0874,0.0907,0.1228,0.1587,0.0173,0.1083
CT008989,Zone_02,Zone_03,0.1391,0.0843,0.1359,0.1391,0.0954,0.1042,0.0833,0.132,0.1211,0.0127,0.0917
CT013666,Zone_04,Zone_04,0.176,0.0965,0.0672,0.0948,0.176,0.072,0.1061,0.1166,0.116,0.0132,0.1416
CT004317,Zone_10,Zone_08,0.1626,0.1488,0.1328,0.1476,0.0877,0.0453,0.0379,0.113,0.1626,0.011,0.1133
CT003305,Zone_07,Zone_04,0.1555,0.1357,0.0849,0.0878,0.1555,0.0703,0.0814,0.128,0.1017,0.0888,0.0658
CT005459,Zone_01,Zone_08,0.1895,0.0615,0.0592,0.1193,0.1111,0.086,0.0475,0.1503,0.1895,0.0852,0.0904
CT007699,Zone_03,Zone_08,0.1433,0.1065,0.0852,0.1266,0.0929,0.1065,0.0768,0.1348,0.1433,0.0168,0.1106
CT004664,Zone_03,Zone_02,0.1493,0.0926,0.1493,0.112,0.1057,0.0477,0.1074,0.1117,0.1037,0.0808,0.0893
CT007153,Zone_09,Zone_07,0.1468,0.0671,0.1204,0.0793,0.1344,0.0575,0.1373,0.1468,0.1275,0.0514,0.0784
CT010402,Zone_03,Zone_08,0.1538,0.0846,0.1462,0.0752,0.092,0.0502,0.0836,0.1445,0.1538,0.0889,0.0809
CT019224,Zone_08,Zone_07,0.1331,0.1121,0.0915,0.1193,0.099,0.0913,0.0781,0.1331,0.1238,0.0506,0.1012
CT019138,Zone_07,Zone_02,0.135,0.095,0.135,0.0942,0.1008,0.0778,0.0884,0.1086,0.1206,0.0489,0.1307
CT018651,Zone_08,Zone_08,0.1469,0.091,0.1237,0.0815,0.1186,0.0799,0.0647,0.1215,0.1469,0.0639,0.1082
CT010016,Zone_03,Zone_08,0.1505,0.1016,0.0743,0.115,0.0847,0.1034,0.1387,0.0876,0.1505,0.0213,0.1228
CT012973,Zone_07,Zone_02,0.1233,0.0584,0.1233,0.1101,0.1165,0.1009,0.0707,0.1079,0.1086,0.0985,0.1051
CT018737,Zone_01,Zone_04,0.1304,0.0931,0.1146,0.1094,0.1304,0.0951,0.075,0.1022,0.0987,0.092,0.0895
CT004555,Zone_04,Zone_08,0.1823,0.0859,0.0748,0.1121,0.1413,0.0908,0.1098,0.1143,0.1823,0.0241,0.0646
CT003864,Zone_04,Zone_04,0.1374,0.1005,0.1287,0.1194,0.1374,0.0768,0.0833,0.1189,0.104,0.0112,0.1197
CT006312,Zone_07,Zone_08,0.1395,0.0854,0.108,0.0838,0.1039,0.1185,0.0599,0.1286,0.1395,0.0964,0.0759
CT005194,Zone_07,Zone_07,0.1549,0.0518,0.1045,0.1367,0.0803,0.1082,0.0769,0.1549,0.1097,0.0277,0.1495
CT016171,Zone_07,Zone_07,0.1372,0.0877,0.0921,0.0709,0.1159,0.0965,0.1307,0.1372,0.1314,0.0449,0.0927
CT004862,Zone_07,Zone_02,0.177,0.0881,0.177,0.0742,0.0601,0.0899,0.0951,0.1151,0.1533,0.0345,0.1128
CT004187,Zone_03,Zone_07,0.1535,0.0978,0.1031,0.1061,0.1474,0.0671,0.1019,0.1535,0.1042,0.0289,0.0899
CT015686,Zone_04,Zone_01,0.1461,0.1461,0.093,0.1207,0.1076,0.1198,0.0586,0.1186,0.1122,0.0321,0.0913
CT009539,Zone_07,Zone_02,0.1707,0.0742,0.1707,0.0567,0.1241,0.0639,0.0449,0.1705,0.1266,0.0289,0.1395
CT010516,Zone_01,Zone_04,0.1334,0.0775,0.1175,0.1142,0.1334,0.1094,0.0679,0.1104,0.1099,0.0656,0.0941
CT019446,Zone_07,Zone_08,0.1602,0.1273,0.0798,0.0962,0.0977,0.0975,0.0928,0.1505,0.1602,0.023,0.075
CT012605,Zone_01,Zone_07,0.1687,0.0709,0.102,0.1281,0.1284,0.0555,0.0603,0.1687,0.1659,0.0417,0.0785
CT017579,Zone_08,Zone_07,0.1528,0.0581,0.1189,0.0994,0.1152,0.1106,0.0942,0.1528,0.1282,0.0105,0.1121
CT013342,Zone_03,Zone_08,0.1606,0.1175,0.0787,0.0915,0.0826,0.0893,0.1162,0.1197,0.1606,0.0711,0.0729
CT019056,Zone_07,Zone_04,0.2232,0.0784,0.0627,0.1017,0.2232,0.1379,0.0462,0.1099,0.1312,0.0213,0.0876
CT001944,Zone_01,Zone_08,0.1302,0.1052,0.1302,0.1257,0.1018,0.0795,0.09,0.1268,0.1302,0.0225,0.0881
CT013824,Zone_07,Zone_03,0.1676,0.1009,0.1079,0.1676,0.1091,0.0708,0.0835,0.1071,0.1178,0.0187,0.1166
CT007231,Zone_04,Zone_01,0.135,0.135,0.094,0.0877,0.1192,0.0877,0.1243,0.1044,0.1075,0.0544,0.0857
CT014288,Zone_03,Zone_06,0.1784,0.0645,0.1013,0.0865,0.131,0.0646,0.1784,0.1344,0.1107,0.056,0.0728
CT013004,Zone_08,Zone_08,0.1359,0.0976,0.1236,0.1117,0.0847,0.0948,0.102,0.1278,0.1359,0.0412,0.0807
CT015930,Zone_03,Zone_07,0.1538,0.1074,0.137,0.088,0.1291,0.0556,0.0741,0.1538,0.1239,0.0537,0.0775
CT001895,Zone_04,Zone_01,0.1327,0.1327,0.0943,0.1269,0.0868,0.0605,0.0687,0.1233,0.0989,0.0847,0.1232
CT005329,Zone_08,Zone_04,0.1495,0.1446,0.0943,0.1469,0.1495,0.0791,0.088,0.1336,0.0985,0.0169,0.0485
CT016652,Zone_07,Zone_01,0.1547,0.1547,0.1025,0.1335,0.1048,0.0846,0.074,0.1369,0.1264,0.0168,0.0656
CT008286,Zone_03,Zone_07,0.172,0.0891,0.0639,0.1121,0.1337,0.0748,0.0853,0.172,0.1601,0.0508,0.0583
CT006166,Zone_07,Zone_03,0.1455,0.0694,0.0922,0.1455,0.1094,0.071,0.1398,0.1325,0.1226,0.0339,0.0836
CT013571,Zone_04,Zone_08,0.1454,0.0821,0.1188,0.0921,0.1395,0.0552,0.1101,0.1292,0.1454,0.0464,0.0812
CT007254,Zone_08,Zone_07,0.2105,0.1554,0.0941,0.0995,0.1265,0.0423,0.0358,0.2105,0.1584,0.0202,0.0573
CT000169,Zone_04,Zone_08,0.1688,0.1069,0.0597,0.0961,0.071,0.1381,0.0812,0.0982,0.1688,0.0427,0.1373
CT018899,Zone_10,Zone_07,0.1833,0.09,0.0614,0.0663,0.1467,0.0385,0.0877,0.1833,0.163,0.0346,0.1283
CT014561,Zone_07,Zone_10,0.1803,0.0615,0.0663,0.1602,0.0754,0.108,0.072,0.1309,0.1225,0.0229,0.1803
CT011948,Zone_08,Zone_03,0.1516,0.057,0.0861,0.1516,0.1084,0.1029,0.1099,0.1117,0.1488,0.0412,0.0823
CT016840,Zone_07,Zone_04,0.1586,0.1242,0.1253,0.1115,0.1586,0.0668,0.0696,0.1275,0.095,0.061,0.0603
CT005034,Zone_08,Zone_08,0.1703,0.0486,0.1285,0.153,0.0802,0.1121,0.0879,0.1081,0.1703,0.0747,0.0367
CT007085,Zone_08,Zone_07,0.1812,0.0984,0.1368,0.0967,0.1377,0.0377,0.0476,0.1812,0.1664,0.0312,0.0662
CT008774,Zone_07,Zone_08,0.1679,0.0821,0.0949,0.0577,0.1088,0.1427,0.1252,0.1027,0.1679,0.0263,0.0918
CT004014,Zone_02,Zone_01,0.1923,0.1923,0.0836,0.0759,0.166,0.0331,0.0508,0.1536,0.1337,0.0247,0.0862
CT003695,Zone_08,Zone_04,0.1883,0.0752,0.1184,0.0886,0.1883,0.0876,0.0419,0.0916,0.117,0.0754,0.1161
CT001373,Zone_08,Zone_02,0.2763,0.0731,0.2763,0.081,0.0999,0.0677,0.0771,0.0997,0.1087,0.0407,0.076
CT014739,Zone_04,Zone_05,0.1568,0.1513,0.0653,0.0966,0.125,0.1568,0.0807,0.0969,0.1151,0.0238,0.0886
CT006890,Zone_08,Zone_08,0.1522,0.1009,0.0807,0.1428,0.1051,0.0539,0.0996,0.1115,0.1522,0.019,0.1344
CT001734,Zone_04,Zone_04,0.1867,0.1302,0.0882,0.12,0.1867,0.0419,0.0563,0.1306,0.1073,0.0874,0.0514
CT000523,Zone_03,Zone_08,0.2352,0.0684,0.1117,0.1097,0.1267,0.0792,0.0697,0.1168,0.2352,0.0077,0.0749
CT015202,Zone_05,Zone_04,0.1312,0.0971,0.0993,0.1064,0.1312,0.1287,0.0763,0.1214,0.1298,0.0118,0.0979
CT009236,Zone_04,Zone_02,0.1514,0.0985,0.1514,0.1079,0.1079,0.0675,0.0522,0.1389,0.1126,0.0666,0.0965
CT008065,Zone_10,Zone_07,0.1678,0.1129,0.0863,0.125,0.119,0.0715,0.0554,0.1678,0.0863,0.032,0.1438
CT011259,Zone_08,Zone_03,0.1189,0.1169,0.0793,0.1189,0.1078,0.074,0.1,0.1043,0.1184,0.0907,0.0896
CT007058,Zone_03,Zone_08,0.1642,0.0946,0.1133,0.1106,0.0873,0.0779,0.105,0.1252,0.1642,0.0297,0.0921
CT002319,Zone_08,Zone_04,0.1649,0.1003,0.0967,0.0931,0.1649,0.082,0.0685,0.1053,0.1065,0.0818,0.101
CT015906,Zone_02,Zone_07,0.134,0.0949,0.1204,0.1177,0.0614,0.063,0.0731,0.134,0.1246,0.0894,0.1217
CT005238,Zone_03,Zone_07,0.1485,0.142,0.1109,0.08,0.1273,0.0709,0.0592,0.1485,0.126,0.0208,0.1144
CT003120,Zone_04,Zone_01,0.1602,0.1602,0.0812,0.11,0.0972,0.0621,0.0968,0.1309,0.127,0.0303,0.1042
CT017332,Zone_04,Zone_02,0.1509,0.1074,0.1509,0.123,0.0841,0.0579,0.0999,0.1276,0.1177,0.0489,0.0826
CT008307,Zone_07,Zone_02,0.1948,0.0521,0.1948,0.099,0.1391,0.0705,0.1066,0.1372,0.1131,0.0149,0.0727
CT000176,Zone_02,Zone_05,0.1653,0.0871,0.0823,0.0877,0.0924,0.1653,0.0936,0.1221,0.1489,0.0186,0.102
CT003191,Zone_01,Zone_10,0.1361,0.0651,0.0697,0.0784,0.0974,0.0928,0.0974,0.108,0.1288,0.1263,0.1361
CT002980,Zone_07,Zone_04,0.136,0.1221,0.0729,0.1165,0.136,0.0689,0.0774,0.1331,0.1359,0.0525,0.0845
CT012239,Zone_10,Zone_03,0.1961,0.0886,0.0824,0.1961,0.0667,0.0734,0.1173,0.1038,0.1948,0.0332,0.0437
CT010213,Zone_02,Zone_05,0.1326,0.0811,0.0805,0.115,0.1237,0.1326,0.0901,0.1183,0.1064,0.0477,0.1045
CT016506,Zone_07,Zone_10,0.1736,0.0701,0.0819,0.0766,0.0793,0.0729,0.0819,0.1519,0.1445,0.0674,0.1736
CT005173,Zone_07,Zone_01,0.1264,0.1264,0.1026,0.1022,0.1144,0.0855,0.094,0.1226,0.1232,0.0382,0.0908
CT003960,Zone_05,Zone_02,0.1662,0.0891,0.1662,0.109,0.104,0.0514,0.0667,0.1275,0.0918,0.0609,0.1333
CT013321,Zone_01,Zone_02,0.1529,0.0694,0.1529,0.1023,0.0989,0.0551,0.0922,0.1517,0.1231,0.1195,0.0349
CT015471,Zone_01,Zone_08,0.1744,0.0824,0.0848,0.1065,0.1123,0.0872,0.0797,0.1094,0.1744,0.0817,0.0816
CT012371,Zone_06,Zone_04,0.1657,0.0673,0.1472,0.0972,0.1657,0.1192,0.0914,0.1144,0.1001,0.0303,0.0672
CT002070,Zone_07,Zone_07,0.1409,0.0736,0.1035,0.0899,0.1255,0.0918,0.1359,0.1409,0.1002,0.0433,0.0953
CT011261,Zone_07,Zone_07,0.1719,0.0813,0.1244,0.1284,0.1513,0.0334,0.0599,0.1719,0.1193,0.0403,0.0898
CT002322,Zone_02,Zone_09,0.1813,0.061,0.0724,0.0924,0.0785,0.0684,0.0598,0.1298,0.0983,0.1813,0.158
CT013048,Zone_08,Zone_08,0.1776,0.0846,0.1213,0.0881,0.1454,0.0701,0.0441,0.152,0.1776,0.0434,0.0733
CT016313,Zone_06,Zone_02,0.1678,0.0596,0.1678,0.0819,0.0945,0.0735,0.1388,0.1311,0.114,0.0717,0.0672
CT010421,Zone_01,Zone_03,0.1267,0.0832,0.0834,0.1267,0.1128,0.116,0.1245,0.1133,0.1034,0.0246,0.1122
CT016854,Zone_08,Zone_08,0.1431,0.1001,0.0752,0.0984,0.0926,0.1309,0.089,0.1344,0.1431,0.0496,0.0868
CT012747,Zone_07,Zone_01,0.1526,0.1526,0.1002,0.0779,0.105,0.102,0.0665,0.1487,0.1105,0.0431,0.0935
CT014302,Zone_07,Zone_08,0.174,0.0872,0.1399,0.0981,0.1021,0.05,0.1023,0.1341,0.174,0.0162,0.096
CT004088,Zone_08,Zone_04,0.1709,0.0672,0.1686,0.0944,0.1709,0.0784,0.0814,0.0945,0.0934,0.0286,0.1226
CT004644,Zone_02,Zone_08,0.1445,0.0893,0.1188,0.105,0.0917,0.1194,0.076,0.1141,0.1445,0.0538,0.0873
CT006406,Zone_08,Zone_03,0.1782,0.0739,0.0938,0.1782,0.0916,0.1121,0.0507,0.1159,0.0878,0.0795,0.1164
CT003727,Zone_10,Zone_01,0.1641,0.1641,0.134,0.0887,0.1082,0.0516,0.0706,0.1198,0.1374,0.0599,0.0658
CT007704,Zone_08,Zone_07,0.1354,0.1178,0.0728,0.117,0.1147,0.118,0.0619,0.1354,0.1176,0.0246,0.1203
CT006916,Zone_07,Zone_07,0.172,0.0661,0.106,0.0668,0.0988,0.1415,0.0837,0.172,0.1328,0.0494,0.0828
CT011670,Zone_07,Zone_07,0.205,0.0548,0.0777,0.1518,0.136,0.0744,0.0852,0.205,0.0805,0.0242,0.1106
CT002490,Zone_08,Zone_08,0.1355,0.1084,0.1182,0.0985,0.108,0.0564,0.099,0.1122,0.1355,0.045,0.1188
CT010197,Zone_03,Zone_07,0.1944,0.076,0.0634,0.1192,0.1542,0.0845,0.0821,0.1944,0.1148,0.0145,0.097
CT008100,Zone_10,Zone_01,0.1388,0.1388,0.1237,0.0995,0.1259,0.0788,0.1144,0.1083,0.1006,0.0172,0.0928
CT019757,Zone_03,Zone_10,0.2459,0.0593,0.1635,0.0983,0.0958,0.0406,0.0529,0.111,0.092,0.0407,0.2459
CT011778,Zone_04,Zone_01,0.1465,0.1465,0.0842,0.1201,0.0905,0.0431,0.1283,0.1232,0.1458,0.008,0.1101
CT006101,Zone_07,Zone_07,0.1806,0.1408,0.0728,0.0462,0.0761,0.0529,0.0753,0.1806,0.1615,0.1029,0.0908
CT000474,Zone_03,Zone_07,0.1576,0.0769,0.1139,0.1075,0.1032,0.0823,0.0797,0.1576,0.135,0.0474,0.0964
CT012953,Zone_04,Zone_10,0.131,0.1187,0.1007,0.1082,0.0879,0.1142,0.0687,0.1085,0.1239,0.0383,0.131
CT010257,Zone_07,Zone_06,0.2237,0.1019,0.0948,0.0892,0.081,0.0594,0.2237,0.1176,0.0978,0.0335,0.1012
CT003267,Zone_01,Zone_07,0.1671,0.0933,0.0972,0.1548,0.1008,0.0482,0.0755,0.1671,0.1366,0.0137,0.1128
CT017246,Zone_04,Zone_03,0.1709,0.0645,0.0906,0.1709,0.0951,0.1194,0.0426,0.1664,0.1226,0.026,0.102
CT015739,Zone_03,Zone_04,0.1701,0.1302,0.0814,0.1053,0.1701,0.0637,0.0693,0.1556,0.1139,0.0391,0.0713
CT015213,Zone_08,Zone_03,0.1608,0.0665,0.1014,0.1608,0.1253,0.0857,0.0655,0.1397,0.1136,0.0668,0.0746
CT013225,Zone_08,Zone_08,0.1394,0.091,0.105,0.0925,0.0974,0.1142,0.1256,0.0894,0.1394,0.0374,0.1082
CT006804,Zone_05,Zone_02,0.1541,0.0463,0.1541,0.1102,0.1025,0.1231,0.0669,0.1493,0.0817,0.0336,0.1322
CT007304,Zone_08,Zone_01,0.1686,0.1686,0.0982,0.0583,0.1362,0.0487,0.0662,0.1436,0.1097,0.0457,0.1248
CT009292,Zone_07,Zone_03,0.1452,0.1222,0.0826,0.1452,0.1082,0.0566,0.0562,0.1191,0.1005,0.0906,0.1188
CT011993,Zone_07,Zone_07,0.2224,0.0447,0.1229,0.0786,0.1699,0.0929,0.0673,0.2224,0.1317,0.0242,0.0454
CT012935,Zone_09,Zone_07,0.2018,0.0678,0.1119,0.0666,0.159,0.0731,0.0657,0.2018,0.133,0.0244,0.0966
CT012298,Zone_02,Zone_07,0.1327,0.1277,0.1037,0.0955,0.1115,0.0711,0.0852,0.1327,0.112,0.0553,0.1055
CT015029,Zone_07,Zone_08,0.1486,0.0408,0.108,0.1402,0.1111,0.0757,0.0922,0.1466,0.1486,0.0386,0.0983
CT005982,Zone_07,Zone_08,0.1263,0.0965,0.1147,0.0976,0.0883,0.1254,0.0979,0.0982,0.1263,0.0368,0.1182
CT015209,Zone_04,Zone_04,0.2329,0.0802,0.106,0.1056,0.2329,0.0507,0.1133,0.0853,0.1462,0.0114,0.0684
CT004353,Zone_07,Zone_01,0.1291,0.1291,0.1215,0.109,0.1164,0.0915,0.0699,0.1128,0.1127,0.0271,0.11
CT015896,Zone_07,Zone_06,0.1701,0.0826,0.0912,0.1051,0.1,0.073,0.1701,0.1094,0.1197,0.0234,0.1255
CT004904,Zone_07,Zone_03,0.1592,0.1085,0.1046,0.1592,0.075,0.093,0.0318,0.1212,0.1555,0.0487,0.1023
CT017327,Zone_06,Zone_07,0.1367,0.0772,0.1045,0.1239,0.1105,0.1102,0.1336,0.1367,0.0727,0.0446,0.0861
CT006925,Zone_04,Zone_08,0.1521,0.1044,0.0744,0.1383,0.1014,0.1143,0.056,0.1163,0.1521,0.0319,0.111
CT016949,Zone_01,Zone_01,0.1591,0.1591,0.06,0.0975,0.1252,0.1264,0.0799,0.1315,0.086,0.0413,0.0931
CT013803,Zone_03,Zone_06,0.1438,0.107,0.1292,0.0741,0.105,0.0964,0.1438,0.1241,0.0967,0.0281,0.0956
CT018163,Zone_10,Zone_07,0.1629,0.1015,0.0875,0.0981,0.1102,0.0721,0.1047,0.1629,0.1193,0.0563,0.0874
CT010138,Zone_08,Zone_04,0.1258,0.0967,0.1005,0.106,0.1258,0.0848,0.0919,0.1085,0.0917,0.0698,0.1243
CT002115,Zone_02,Zone_08,0.1812,0.0603,0.0759,0.1382,0.1211,0.0879,0.0738,0.1307,0.1812,0.0169,0.1139
CT011675,Zone_02,Zone_07,0.1978,0.1144,0.1448,0.0966,0.0908,0.0601,0.0695,0.1978,0.1122,0.0367,0.0771
CT012938,Zone_04,Zone_01,0.2104,0.2104,0.1092,0.0917,0.1034,0.0407,0.1038,0.0919,0.1071,0.0333,0.1084
CT006231,Zone_06,Zone_03,0.1521,0.1464,0.0961,0.1521,0.1337,0.0843,0.0571,0.1162,0.1154,0.0164,0.0823
CT013934,Zone_08,Zone_01,0.1365,0.1365,0.1135,0.0833,0.0952,0.0864,0.0752,0.1261,0.1341,0.0615,0.0881
CT019149,Zone_04,Zone_05,0.1442,0.1001,0.0872,0.0858,0.1282,0.1442,0.0442,0.1166,0.1163,0.0669,0.1105
CT007630,Zone_07,Zone_05,0.161,0.054,0.0822,0.1202,0.129,0.161,0.1305,0.1106,0.087,0.0251,0.1004
CT000367,Zone_07,Zone_07,0.1328,0.0698,0.1088,0.1064,0.1134,0.1235,0.0525,0.1328,0.1201,0.0827,0.0899
CT000429,Zone_02,Zone_08,0.1988,0.1795,0.0749,0.0771,0.0717,0.0479,0.0846,0.0861,0.1988,0.0461,0.1332
CT013840,Zone_07,Zone_07,0.1612,0.0732,0.1078,0.1227,0.1038,0.0782,0.0523,0.1612,0.1607,0.0374,0.1027
CT007482,Zone_06,Zone_04,0.1474,0.0469,0.0903,0.1222,0.1474,0.1037,0.0906,0.1316,0.1107,0.0274,0.1292
CT012396,Zone_05,Zone_01,0.1336,0.1336,0.1126,0.0883,0.1024,0.0756,0.0741,0.1217,0.1303,0.0554,0.1058
CT003876,Zone_08,Zone_02,0.1788,0.084,0.1788,0.1084,0.1423,0.0734,0.0909,0.1382,0.0874,0.0444,0.0524
CT004107,Zone_07,Zone_08,0.1655,0.1121,0.0869,0.1193,0.1232,0.0675,0.0859,0.1147,0.1655,0.0597,0.0652
CT004609,Zone_03,Zone_06,0.1244,0.1094,0.118,0.093,0.1085,0.0679,0.1244,0.1034,0.1142,0.0622,0.099
CT019730,Zone_08,Zone_03,0.1946,0.1656,0.0772,0.1946,0.1069,0.0801,0.0894,0.0797,0.106,0.0184,0.0822
CT005384,Zone_01,Zone_08,0.1598,0.1258,0.0806,0.1109,0.1025,0.0747,0.0453,0.155,0.1598,0.0725,0.0731
CT014478,Zone_07,Zone_08,0.1474,0.1168,0.1176,0.1204,0.0952,0.0776,0.0574,0.1112,0.1474,0.0718,0.0846
CT005160,Zone_04,Zone_07,0.144,0.0847,0.0763,0.1251,0.119,0.0919,0.0782,0.144,0.1285,0.0504,0.1018
CT018917,Zone_05,Zone_01,0.1646,0.1646,0.1176,0.0836,0.1025,0.0723,0.061,0.1196,0.1356,0.0371,0.1061
CT013908,Zone_08,Zone_08,0.2005,0.0626,0.076,0.1093,0.0981,0.1272,0.0674,0.0986,0.2005,0.0637,0.0967
CT016425,Zone_07,Zone_10,0.1567,0.0704,0.0862,0.1071,0.1198,0.0983,0.0485,0.1224,0.1513,0.0393,0.1567
CT006573,Zone_08,Zone_08,0.1354,0.0916,0.0914,0.1195,0.0971,0.0685,0.1339,0.1306,0.1354,0.0205,0.1113
CT009051,Zone_03,Zone_04,0.1593,0.1137,0.0925,0.0877,0.1593,0.1161,0.0914,0.106,0.1127,0.0286,0.0919
CT004104,Zone_04,Zone_07,0.1295,0.1255,0.0884,0.111,0.1109,0.0905,0.1087,0.1295,0.1159,0.0377,0.0819
CT004529,Zone_04,Zone_06,0.1418,0.1322,0.0872,0.1238,0.1093,0.076,0.1418,0.1134,0.1082,0.031,0.0771
CT003080,Zone_04,Zone_02,0.1295,0.1023,0.1295,0.1212,0.123,0.0738,0.0979,0.1145,0.1195,0.0194,0.0987
CT011148,Zone_02,Zone_07,0.1791,0.1085,0.0626,0.0973,0.0849,0.1101,0.0588,0.1791,0.1299,0.0765,0.0923
CT009496,Zone_03,Zone_06,0.201,0.0769,0.0525,0.069,0.1153,0.0585,0.201,0.1461,0.1221,0.0849,0.0737
CT018393,Zone_01,Zone_07,0.1347,0.1085,0.1078,0.0965,0.0962,0.0807,0.1322,0.1347,0.1147,0.0282,0.1006
CT007541,Zone_10,Zone_08,0.1252,0.0954,0.0965,0.1065,0.1015,0.1093,0.0661,0.1205,0.1252,0.0576,0.1213
CT003980,Zone_07,Zone_07,0.1703,0.0727,0.1408,0.1146,0.0932,0.0922,0.0678,0.1703,0.0813,0.0847,0.0824
CT016162,Zone_04,Zone_06,0.1579,0.0449,0.1351,0.1413,0.0778,0.0801,0.1579,0.1178,0.1122,0.0387,0.0942
CT005811,Zone_07,Zone_08,0.1529,0.0749,0.1164,0.1043,0.1053,0.065,0.0597,0.138,0.1529,0.0737,0.1099
CT004265,Zone_07,Zone_08,0.1383,0.0789,0.0923,0.1057,0.0896,0.0927,0.0589,0.1166,0.1383,0.1218,0.1052
CT002298,Zone_02,Zone_03,0.1703,0.1121,0.0634,0.1703,0.0759,0.1266,0.0933,0.1033,0.1431,0.0254,0.0866
CT005476,Zone_03,Zone_08,0.1909,0.1708,0.0778,0.1456,0.141,0.0403,0.0496,0.133,0.1909,0.0207,0.0303
CT000892,Zone_10,Zone_06,0.1417,0.0959,0.0741,0.1244,0.1015,0.0748,0.1417,0.1205,0.1141,0.0322,0.1208
CT007667,Zone_07,Zone_03,0.1438,0.1133,0.1123,0.1438,0.105,0.0835,0.0764,0.1121,0.1131,0.0431,0.0974
CT010793,Zone_07,Zone_06,0.1702,0.0833,0.0905,0.1342,0.0841,0.0568,0.1702,0.0962,0.1187,0.0043,0.1617
CT013985,Zone_10,Zone_01,0.1588,0.1588,0.1129,0.0845,0.1311,0.0773,0.0648,0.1412,0.1164,0.0229,0.0902
CT003668,Zone_03,Zone_06,0.2078,0.1067,0.0869,0.071,0.0893,0.1021,0.2078,0.1241,0.1071,0.0446,0.0604
CT004759,Zone_02,Zone_05,0.1286,0.0773,0.1144,0.0686,0.1002,0.1286,0.0821,0.1144,0.1154,0.0971,0.1018
CT002621,Zone_07,Zone_01,0.1633,0.1633,0.1009,0.0634,0.1026,0.0919,0.1378,0.0871,0.1204,0.0495,0.0831
CT014877,Zone_06,Zone_07,0.1989,0.0885,0.1011,0.1143,0.1151,0.0644,0.0559,0.1989,0.1425,0.0536,0.0656
CT008558,Zone_08,Zone_03,0.1308,0.0655,0.1222,0.1308,0.12,0.0808,0.1223,0.1156,0.1134,0.0181,0.1114
CT009183,Zone_08,Zone_06,0.1689,0.1326,0.0769,0.09,0.1161,0.0322,0.1689,0.1528,0.0942,0.078,0.0582
CT008366,Zone_10,Zone_07,0.1681,0.1144,0.0953,0.0961,0.1318,0.0605,0.0573,0.1681,0.1236,0.0541,0.0989
CT005257,Zone_08,Zone_03,0.1498,0.1234,0.0786,0.1498,0.1044,0.0533,0.1148,0.1111,0.1178,0.0534,0.0934
CT019248,Zone_07,Zone_10,0.1355,0.1054,0.0849,0.1166,0.102,0.0844,0.0762,0.1342,0.1281,0.0327,0.1355
CT010510,Zone_07,Zone_10,0.1679,0.0859,0.0754,0.1191,0.1161,0.0939,0.08,0.1257,0.1134,0.0227,0.1679
CT016053,Zone_10,Zone_04,0.1553,0.103,0.1024,0.0926,0.1553,0.0525,0.0595,0.1462,0.1337,0.0484,0.1064
CT001623,Zone_07,Zone_07,0.1677,0.0622,0.1383,0.1205,0.147,0.1486,0.0447,0.1677,0.0936,0.032,0.0454
CT018389,Zone_07,Zone_01,0.1461,0.1461,0.1136,0.0989,0.107,0.1128,0.0634,0.1251,0.1191,0.0191,0.0949
CT008515,Zone_05,Zone_08,0.1549,0.0808,0.1113,0.1347,0.1079,0.1074,0.0507,0.1243,0.1549,0.0453,0.0829
CT009442,Zone_10,Zone_08,0.1696,0.0994,0.0829,0.0732,0.1502,0.1009,0.0681,0.1466,0.1696,0.0097,0.0995
CT017955,Zone_09,Zone_02,0.2507,0.072,0.2507,0.0784,0.1325,0.0661,0.0796,0.1089,0.1181,0.0247,0.0689
CT016258,Zone_03,Zone_07,0.1531,0.1101,0.13,0.1086,0.0875,0.1003,0.0733,0.1531,0.1273,0.0191,0.0906
CT018617,Zone_02,Zone_07,0.1705,0.0559,0.1118,0.1035,0.1074,0.0451,0.0866,0.1705,0.1137,0.0888,0.1167
CT010955,Zone_06,Zone_05,0.1544,0.1037,0.1114,0.1006,0.101,0.1544,0.0731,0.101,0.1253,0.0536,0.0761
CT012905,Zone_03,Zone_03,0.1642,0.0902,0.1183,0.1642,0.0875,0.1273,0.0637,0.1432,0.1059,0.0528,0.0469
CT011705,Zone_03,Zone_07,0.1479,0.1221,0.0836,0.1005,0.0903,0.0777,0.0887,0.1479,0.1244,0.0536,0.1112
CT009210,Zone_07,Zone_07,0.1406,0.1027,0.1283,0.1009,0.1163,0.0894,0.0805,0.1406,0.1005,0.0503,0.0904
CT010744,Zone_07,Zone_10,0.1446,0.09,0.1166,0.1415,0.0686,0.0492,0.0662,0.1267,0.1304,0.0662,0.1446
CT001575,Zone_03,Zone_04,0.1876,0.0717,0.074,0.1063,0.1876,0.0827,0.0602,0.1466,0.1574,0.0312,0.0823
CT009750,Zone_03,Zone_07,0.1426,0.0881,0.1099,0.1166,0.1156,0.0449,0.0901,0.1426,0.136,0.0376,0.1186
CT019603,Zone_09,Zone_08,0.1248,0.1219,0.1043,0.0948,0.1209,0.0624,0.1188,0.1107,0.1248,0.049,0.0924
CT017224,Zone_04,Zone_02,0.1585,0.1471,0.1585,0.0904,0.126,0.0775,0.0828,0.0957,0.1064,0.0451,0.0704
CT003952,Zone_10,Zone_08,0.144,0.1151,0.1089,0.0922,0.1236,0.0943,0.0797,0.106,0.144,0.0328,0.1034
CT002709,Zone_01,Zone_01,0.1491,0.1491,0.1285,0.1284,0.0754,0.0568,0.0694,0.1018,0.0835,0.0767,0.1303
CT017740,Zone_07,Zone_04,0.1584,0.0763,0.0964,0.124,0.1584,0.0849,0.0561,0.1205,0.1492,0.0298,0.1045
CT004834,Zone_07,Zone_08,0.1415,0.0667,0.1256,0.1061,0.1187,0.0968,0.0753,0.1194,0.1415,0.0552,0.0947
CT007659,Zone_03,Zone_07,0.1571,0.1261,0.082,0.1277,0.1184,0.0758,0.1101,0.1571,0.1008,0.03,0.072
CT014138,Zone_10,Zone_02,0.1335,0.1317,0.1335,0.1252,0.0851,0.0665,0.0573,0.1272,0.1108,0.0662,0.0966
CT013936,Zone_08,Zone_04,0.19,0.1046,0.1161,0.0647,0.19,0.051,0.1748,0.0894,0.1143,0.0161,0.0791
CT010186,Zone_03,Zone_08,0.155,0.0832,0.0886,0.1003,0.0844,0.0728,0.1121,0.1422,0.155,0.0571,0.1044
CT001566,Zone_08,Zone_06,0.1585,0.0624,0.0782,0.1069,0.0795,0.0631,0.1585,0.1362,0.1395,0.1031,0.0726
CT006901,Zone_05,Zone_06,0.138,0.0865,0.1053,0.1173,0.1158,0.0647,0.138,0.1355,0.1091,0.038,0.0897
CT009170,Zone_04,Zone_07,0.1835,0.1013,0.0798,0.0732,0.108,0.0566,0.1385,0.1835,0.1355,0.0278,0.0958
CT001644,Zone_01,Zone_06,0.163,0.103,0.0944,0.0876,0.1174,0.1042,0.163,0.0958,0.1135,0.0458,0.0753
CT018640,Zone_09,Zone_10,0.1792,0.1014,0.1321,0.1035,0.0772,0.1092,0.0819,0.0927,0.1062,0.0165,0.1792
CT011698,Zone_07,Zone_05,0.1424,0.1116,0.0599,0.1034,0.1213,0.1424,0.0734,0.1388,0.1217,0.0161,0.1115
CT013858,Zone_04,Zone_06,0.144,0.0919,0.0973,0.1133,0.1164,0.0583,0.144,0.1278,0.1143,0.0213,0.1155
CT008036,Zone_07,Zone_06,0.14,0.0786,0.1162,0.1023,0.1107,0.0711,0.14,0.1131,0.1083,0.0719,0.0877
CT000620,Zone_02,Zone_02,0.1469,0.1383,0.1469,0.1074,0.0849,0.0298,0.0574,0.145,0.1131,0.0548,0.1226
CT005000,Zone_08,Zone_08,0.1691,0.1114,0.1138,0.1285,0.082,0.0473,0.1028,0.1205,0.1691,0.025,0.0997
CT013835,Zone_07,Zone_07,0.1685,0.0685,0.0629,0.1016,0.1186,0.0671,0.0678,0.1685,0.1461,0.0386,0.1602
CT013161,Zone_02,Zone_07,0.1793,0.0666,0.1049,0.1274,0.1263,0.0557,0.0639,0.1793,0.1724,0.0255,0.0781
CT014410,Zone_08,Zone_02,0.1399,0.1114,0.1399,0.0736,0.1006,0.0852,0.0856,0.1278,0.102,0.0822,0.0917
CT004673,Zone_02,Zone_08,0.1784,0.0669,0.1354,0.083,0.0862,0.1308,0.0639,0.1636,0.1784,0.008,0.0837
CT014750,Zone_06,Zone_01,0.1306,0.1306,0.1044,0.0968,0.1101,0.0711,0.0852,0.1303,0.1108,0.0553,0.1055
CT010241,Zone_04,Zone_07,0.1539,0.1034,0.1099,0.0929,0.1183,0.0943,0.0479,0.1539,0.1332,0.0507,0.0955
CT005552,Zone_02,Zone_04,0.1383,0.1362,0.0705,0.1256,0.1383,0.0703,0.0539,0.1165,0.1074,0.0636,0.1177
CT013890,Zone_03,Zone_07,0.1436,0.136,0.0996,0.1097,0.1113,0.0829,0.0799,0.1436,0.129,0.0308,0.0771
CT009851,Zone_04,Zone_03,0.132,0.1179,0.0931,0.132,0.116,0.0896,0.1016,0.1208,0.1102,0.0458,0.0729
CT009117,Zone_03,Zone_08,0.1386,0.1051,0.0947,0.0654,0.1015,0.1008,0.1123,0.0938,0.1386,0.0562,0.1318
CT000914,Zone_10,Zone_04,0.1714,0.0663,0.0894,0.0964,0.1714,0.0455,0.0891,0.1379,0.1477,0.0236,0.133
CT008781,Zone_07,Zone_06,0.1487,0.0859,0.0831,0.0852,0.1226,0.1302,0.1487,0.0883,0.1169,0.0868,0.0522
CT006854,Zone_08,Zone_08,0.1757,0.0732,0.1741,0.0821,0.1393,0.0644,0.055,0.1385,0.1757,0.0569,0.0408
CT004665,Zone_07,Zone_07,0.1549,0.0685,0.0988,0.1307,0.1078,0.0741,0.1332,0.1549,0.1359,0.0434,0.0526
CT018249,Zone_06,Zone_05,0.1338,0.0982,0.1309,0.0541,0.0976,0.1338,0.1209,0.0768,0.097,0.0831,0.1076
CT018001,Zone_03,Zone_09,0.2876,0.0517,0.1053,0.0717,0.0817,0.0364,0.0532,0.1203,0.1169,0.2876,0.0751
CT009980,Zone_03,Zone_09,0.1479,0.1014,0.1038,0.0872,0.0685,0.0971,0.1285,0.0996,0.1026,0.1479,0.0633
CT013741,Zone_07,Zone_04,0.1529,0.1178,0.1097,0.1181,0.1529,0.0769,0.0542,0.1126,0.1107,0.0482,0.0989
CT018776,Zone_08,Zone_04,0.1889,0.1382,0.0998,0.0879,0.1889,0.0582,0.0801,0.1241,0.1051,0.0265,0.0911
CT011895,Zone_02,Zone_04,0.1465,0.065,0.1015,0.1047,0.1465,0.084,0.0728,0.1426,0.1088,0.0718,0.1023
CT005849,Zone_03,Zone_04,0.1845,0.1084,0.1372,0.059,0.1845,0.0986,0.0512,0.1453,0.0958,0.0333,0.0867
CT014991,Zone_06,Zone_10,0.1457,0.0954,0.097,0.1079,0.1161,0.0991,0.0808,0.1167,0.1005,0.0408,0.1457
CT015678,Zone_02,Zone_01,0.1317,0.1317,0.0982,0.092,0.1163,0.0812,0.0852,0.1143,0.1256,0.0263,0.1293
CT006291,Zone_07,Zone_04,0.1624,0.1077,0.0966,0.112,0.1624,0.0661,0.1055,0.1083,0.0971,0.0742,0.0701
CT004338,Zone_02,Zone_06,0.1811,0.0837,0.0896,0.0859,0.0937,0.0977,0.1811,0.0971,0.1277,0.0392,0.1044
CT012599,Zone_08,Zone_01,0.1724,0.1724,0.0806,0.114,0.118,0.0354,0.0882,0.108,0.0961,0.0198,0.1674
CT007341,Zone_07,Zone_05,0.1706,0.0717,0.0727,0.1199,0.1589,0.1706,0.089,0.1034,0.121,0.0272,0.0658
CT009705,Zone_04,Zone_08,0.157,0.0857,0.0723,0.1163,0.1543,0.059,0.1135,0.1045,0.157,0.0255,0.1119
CT003318,Zone_03,Zone_08,0.1475,0.1057,0.0673,0.1257,0.0656,0.0794,0.0547,0.1372,0.1475,0.0848,0.132
CT014931,Zone_04,Zone_08,0.1344,0.1208,0.0958,0.1141,0.0907,0.0974,0.0825,0.1048,0.1344,0.0435,0.116
CT015194,Zone_04,Zone_04,0.1518,0.0944,0.1151,0.0683,0.1518,0.0574,0.0982,0.144,0.1157,0.0416,0.1136
CT011100,Zone_08,Zone_04,0.131,0.0847,0.0695,0.1155,0.131,0.1087,0.0816,0.112,0.1308,0.0543,0.1119
CT007927,Zone_01,Zone_08,0.1986,0.0916,0.1042,0.0967,0.0864,0.1003,0.0781,0.1175,0.1986,0.0321,0.0943
CT012374,Zone_02,Zone_07,0.1562,0.0701,0.1113,0.1531,0.0824,0.0601,0.0968,0.1562,0.0997,0.0214,0.149
CT015055,Zone_07,Zone_07,0.1544,0.0689,0.1119,0.0797,0.0834,0.1037,0.0862,0.1544,0.1461,0.0227,0.1429
CT006319,Zone_08,Zone_07,0.1478,0.0798,0.0722,0.1449,0.1183,0.0993,0.1027,0.1478,0.1253,0.0438,0.066
CT003115,Zone_08,Zone_10,0.1657,0.0689,0.1159,0.0869,0.1189,0.0915,0.0608,0.1049,0.1107,0.0758,0.1657
CT014272,Zone_07,Zone_01,0.1319,0.1319,0.1243,0.0903,0.1116,0.0703,0.081,0.1216,0.0899,0.048,0.1311
CT016088,Zone_02,Zone_01,0.1422,0.1422,0.0978,0.113,0.1041,0.081,0.0864,0.1222,0.1118,0.0587,0.0829
CT008715,Zone_02,Zone_08,0.1965,0.1131,0.072,0.1096,0.0998,0.094,0.0537,0.1225,0.1965,0.0201,0.1188
CT005403,Zone_05,Zone_07,0.1318,0.1303,0.0806,0.0981,0.1293,0.09,0.0684,0.1318,0.1193,0.0554,0.0967
CT001118,Zone_07,Zone_08,0.1696,0.0636,0.1002,0.0919,0.1068,0.1295,0.0593,0.1169,0.1696,0.0239,0.1384
CT014203,Zone_07,Zone_10,0.2322,0.1022,0.0599,0.0988,0.1015,0.1052,0.0504,0.0907,0.1013,0.0578,0.2322
CT013603,Zone_08,Zone_01,0.1739,0.1739,0.0708,0.1096,0.1422,0.0899,0.0681,0.1136,0.1232,0.0575,0.0512
CT017056,Zone_01,Zone_07,0.1566,0.0777,0.11,0.1208,0.1158,0.1079,0.0814,0.1566,0.1107,0.0587,0.0605
CT002208,Zone_08,Zone_10,0.1385,0.1348,0.0668,0.1185,0.1345,0.1005,0.0821,0.0895,0.1183,0.0165,0.1385
CT006221,Zone_08,Zone_07,0.1404,0.0564,0.109,0.1315,0.1286,0.0647,0.1392,0.1404,0.1397,0.0268,0.0636
CT019685,Zone_08,Zone_03,0.1596,0.0688,0.1149,0.1596,0.1316,0.1407,0.0761,0.1,0.1001,0.0249,0.0834
CT003530,Zone_08,Zone_04,0.129,0.1217,0.1015,0.1107,0.129,0.0769,0.0934,0.1227,0.0971,0.0184,0.1286
CT015892,Zone_08,Zone_10,0.2093,0.0802,0.085,0.0726,0.1118,0.0891,0.0676,0.1004,0.1591,0.0249,0.2093
CT009276,Zone_02,Zone_09,0.1392,0.0778,0.0923,0.0909,0.085,0.1234,0.0684,0.1103,0.1288,0.1392,0.0838
CT011499,Zone_07,Zone_10,0.267,0.0605,0.0908,0.1051,0.1036,0.0704,0.0864,0.1216,0.0691,0.0254,0.267
CT005250,Zone_07,Zone_07,0.1558,0.0856,0.1055,0.1462,0.1052,0.0565,0.0754,0.1558,0.1342,0.0364,0.0991
CT000830,Zone_04,Zone_07,0.1577,0.0994,0.104,0.0903,0.1382,0.0762,0.1096,0.1577,0.1132,0.032,0.0794
CT019390,Zone_04,Zone_08,0.1502,0.1287,0.0785,0.1369,0.1034,0.0848,0.0387,0.1175,0.1502,0.0808,0.0805
CT014381,Zone_07,Zone_06,0.1581,0.1503,0.0803,0.1044,0.1193,0.0524,0.1581,0.1201,0.0944,0.0619,0.0587
CT016812,Zone_10,Zone_09,0.1428,0.0971,0.0511,0.0767,0.1154,0.0923,0.0801,0.1191,0.0923,0.1428,0.1331
CT008883,Zone_07,Zone_04,0.1298,0.1125,0.1134,0.1023,0.1298,0.0779,0.094,0.1285,0.1219,0.0296,0.09
CT013493,Zone_07,Zone_08,0.1443,0.1115,0.1027,0.1085,0.1164,0.0573,0.119,0.1062,0.1443,0.0596,0.0746
CT019104,Zone_08,Zone_09,0.2447,0.1119,0.0598,0.0993,0.1137,0.0698,0.0369,0.0959,0.1068,0.2447,0.0613
CT011223,Zone_02,Zone_02,0.1472,0.098,0.1472,0.0929,0.1469,0.107,0.0492,0.1226,0.0928,0.0715,0.0719
CT014474,Zone_02,Zone_07,0.1936,0.07,0.0713,0.1242,0.1799,0.0903,0.068,0.1936,0.0956,0.0156,0.0915
CT015843,Zone_08,Zone_10,0.1392,0.1227,0.1093,0.1266,0.108,0.0813,0.0522,0.1196,0.1123,0.0288,0.1392
CT014644,Zone_07,Zone_08,0.2377,0.1261,0.0533,0.053,0.1419,0.0822,0.074,0.1022,0.2377,0.026,0.1035
CT005539,Zone_05,Zone_07,0.1348,0.1272,0.0708,0.1026,0.1246,0.0523,0.1261,0.1348,0.1112,0.0376,0.1128
CT011815,Zone_08,Zone_04,0.1603,0.1077,0.1594,0.1058,0.1603,0.0789,0.0387,0.1341,0.1157,0.0316,0.0678
CT001953,Zone_07,Zone_08,0.1683,0.073,0.08,0.1554,0.0915,0.121,0.0757,0.1269,0.1683,0.0417,0.0666
CT010789,Zone_02,Zone_02,0.139,0.1013,0.139,0.1136,0.1293,0.1082,0.0341,0.0974,0.1203,0.0621,0.0946
CT012997,Zone_07,Zone_08,0.1417,0.0976,0.0836,0.1197,0.0954,0.1409,0.113,0.0853,0.1417,0.0305,0.0923
CT015999,Zone_07,Zone_10,0.1476,0.1254,0.0768,0.0795,0.1261,0.0992,0.0908,0.0959,0.1242,0.0345,0.1476
CT017662,Zone_01,Zone_07,0.1413,0.0892,0.1391,0.1108,0.0973,0.0504,0.0892,0.1413,0.1018,0.0884,0.0926
CT012662,Zone_04,Zone_07,0.1819,0.0953,0.0927,0.0909,0.1767,0.0441,0.0842,0.1819,0.1341,0.0234,0.0767
CT014464,Zone_04,Zone_05,0.1527,0.1414,0.0708,0.0727,0.0853,0.1527,0.0828,0.1323,0.1119,0.0353,0.1149
CT003915,Zone_05,Zone_01,0.1607,0.1607,0.0825,0.1109,0.105,0.0826,0.0549,0.0923,0.0977,0.0963,0.1172
CT003849,Zone_04,Zone_04,0.1599,0.1134,0.1237,0.1157,0.1599,0.0577,0.0767,0.1307,0.092,0.0259,0.1044
CT009762,Zone_02,Zone_09,0.1798,0.0693,0.1315,0.0747,0.0903,0.0748,0.1199,0.1077,0.0935,0.1798,0.0585
CT015372,Zone_02,Zone_10,0.1528,0.0961,0.0962,0.1278,0.0933,0.072,0.08,0.1274,0.1002,0.0541,0.1528
CT000282,Zone_01,Zone_08,0.1518,0.1175,0.1,0.093,0.1359,0.0889,0.0556,0.1151,0.1518,0.0384,0.1038
CT014007,Zone_07,Zone_07,0.1277,0.0546,0.1021,0.0729,0.1239,0.1016,0.1012,0.1277,0.1141,0.0979,0.104
CT011393,Zone_08,Zone_10,0.1256,0.0861,0.096,0.1047,0.1087,0.1009,0.1076,0.1171,0.1081,0.0453,0.1256
CT017804,Zone_07,Zone_04,0.1595,0.0956,0.1286,0.0781,0.1595,0.1379,0.0731,0.1281,0.0951,0.0434,0.0606
CT016247,Zone_07,Zone_08,0.1495,0.075,0.0912,0.0753,0.0983,0.102,0.1295,0.1057,0.1495,0.068,0.1055
CT011302,Zone_10,Zone_03,0.2121,0.0948,0.1051,0.2121,0.1067,0.0938,0.0698,0.1095,0.0879,0.021,0.0994
CT016546,Zone_08,Zone_04,0.184,0.1429,0.1166,0.0921,0.184,0.1125,0.0201,0.1149,0.1321,0.0237,0.0612
CT007929,Zone_02,Zone_05,0.1756,0.0579,0.0664,0.0928,0.1434,0.1756,0.0682,0.0968,0.117,0.0631,0.1188
CT018385,Zone_08,Zone_10,0.1567,0.0969,0.0767,0.1127,0.115,0.0779,0.1131,0.1229,0.0898,0.0383,0.1567
CT005206,Zone_02,Zone_10,0.1644,0.0959,0.0628,0.0969,0.1448,0.0507,0.0675,0.1534,0.1095,0.0541,0.1644
CT017922,Zone_06,Zone_03,0.1681,0.0852,0.0862,0.1681,0.1287,0.0654,0.074,0.1371,0.1338,0.03,0.0916
CT013621,Zone_07,Zone_08,0.1829,0.0458,0.1152,0.0857,0.1044,0.0507,0.0581,0.1482,0.1829,0.1288,0.0801
CT017269,Zone_07,Zone_06,0.1321,0.0933,0.0966,0.0962,0.1294,0.0847,0.1321,0.1162,0.0994,0.0526,0.0994
CT013140,Zone_07,Zone_02,0.1804,0.1101,0.1804,0.106,0.0857,0.0624,0.1013,0.1133,0.1301,0.0246,0.086
CT012218,Zone_04,Zone_07,0.153,0.0964,0.0901,0.1151,0.1366,0.0464,0.0959,0.153,0.1435,0.0408,0.082
CT000827,Zone_08,Zone_08,0.1685,0.096,0.1465,0.0683,0.1218,0.1052,0.0541,0.1144,0.1685,0.0498,0.0755
CT011791,Zone_07,Zone_08,0.1546,0.1255,0.0955,0.1188,0.1101,0.0898,0.0815,0.1268,0.1546,0.0303,0.0672
CT011106,Zone_01,Zone_08,0.1706,0.0509,0.0805,0.0838,0.1361,0.1501,0.0518,0.1471,0.1706,0.0562,0.073
CT010885,Zone_06,Zone_01,0.1714,0.1714,0.1194,0.0654,0.0819,0.095,0.0666,0.1319,0.0996,0.1239,0.0448
CT013330,Zone_07,Zone_03,0.1559,0.0527,0.0854,0.1559,0.1365,0.1351,0.0598,0.1348,0.1356,0.0333,0.0709
CT004583,Zone_07,Zone_08,0.1518,0.0986,0.1135,0.0918,0.0977,0.0896,0.1507,0.1009,0.1518,0.0341,0.0715
CT014788,Zone_07,Zone_08,0.2325,0.0982,0.1278,0.0838,0.0904,0.0566,0.0742,0.1086,0.2325,0.053,0.0748
CT001300,Zone_05,Zone_07,0.1458,0.123,0.1184,0.1023,0.1209,0.0685,0.056,0.1458,0.1451,0.0263,0.0937
CT011782,Zone_07,Zone_08,0.1633,0.0948,0.1521,0.079,0.0619,0.0998,0.0837,0.1301,0.1633,0.0288,0.1063
CT009150,Zone_03,Zone_07,0.1405,0.1197,0.0857,0.1275,0.0965,0.1057,0.0648,0.1405,0.1289,0.0247,0.1059
CT007601,Zone_09,Zone_07,0.1651,0.0965,0.1642,0.0939,0.0962,0.1151,0.0675,0.1651,0.0914,0.0183,0.0919
CT014107,Zone_07,Zone_08,0.1471,0.0808,0.0771,0.112,0.1243,0.119,0.0715,0.1207,0.1471,0.0335,0.114
CT013183,Zone_03,Zone_07,0.1515,0.1393,0.1021,0.0971,0.1004,0.0741,0.0857,0.1515,0.0932,0.0348,0.1217
CT002945,Zone_04,Zone_08,0.1813,0.1043,0.1336,0.1011,0.1395,0.0478,0.0649,0.1338,0.1813,0.0082,0.0855
CT011594,Zone_08,Zone_02,0.2236,0.0616,0.2236,0.0697,0.1265,0.1122,0.0788,0.0954,0.0869,0.0582,0.0869
CT017406,Zone_07,Zone_02,0.1489,0.0489,0.1489,0.0968,0.1439,0.0546,0.1182,0.134,0.1454,0.0314,0.0779
CT010579,Zone_04,Zone_07,0.1907,0.1089,0.112,0.1231,0.1276,0.0542,0.1126,0.1907,0.0934,0.0161,0.0614
CT013916,Zone_08,Zone_02,0.1829,0.1005,0.1829,0.093,0.1134,0.0596,0.1334,0.0938,0.1372,0.0196,0.0666
CT010180,Zone_08,Zone_05,0.1358,0.0817,0.1119,0.0591,0.0897,0.1358,0.0783,0.1157,0.0976,0.0958,0.1344
CT017695,Zone_08,Zone_08,0.1559,0.0885,0.1063,0.0561,0.0957,0.1441,0.0823,0.1143,0.1559,0.0581,0.0987
CT017177,Zone_07,Zone_02,0.137,0.1243,0.137,0.1129,0.106,0.0711,0.073,0.1001,0.1226,0.0204,0.1326
CT016847,Zone_04,Zone_04,0.1472,0.0719,0.0809,0.0903,0.1472,0.1158,0.0569,0.1298,0.1078,0.106,0.0935
CT013733,Zone_08,Zone_08,0.1344,0.0986,0.0887,0.1149,0.0957,0.0876,0.1036,0.1218,0.1344,0.0364,0.1182
CT018926,Zone_01,Zone_06,0.1577,0.0961,0.0919,0.0988,0.128,0.0808,0.1577,0.1077,0.1577,0.021,0.0603
CT018565,Zone_07,Zone_06,0.1728,0.0952,0.0733,0.1329,0.106,0.0812,0.1728,0.1174,0.103,0.0396,0.0787
CT001890,Zone_08,Zone_07,0.143,0.129,0.0948,0.0964,0.1233,0.057,0.0854,0.143,0.1139,0.0802,0.077
CT004084,Zone_04,Zone_01,0.1601,0.1601,0.1307,0.0915,0.0935,0.082,0.0633,0.084,0.1225,0.0444,0.128
CT004692,Zone_04,Zone_03,0.1402,0.091,0.1152,0.1402,0.1285,0.0729,0.1068,0.1231,0.1254,0.0192,0.0776
CT006765,Zone_04,Zone_02,0.1459,0.0715,0.1459,0.1219,0.1258,0.0795,0.1178,0.0854,0.1316,0.0524,0.0682
CT005661,Zone_08,Zone_04,0.1491,0.1174,0.0851,0.086,0.1491,0.1471,0.1091,0.1318,0.1159,0.0066,0.052
CT013626,Zone_07,Zone_07,0.1276,0.1179,0.1115,0.1157,0.1115,0.0832,0.0994,0.1276,0.1001,0.0255,0.1077
CT000475,Zone_04,Zone_08,0.1489,0.1427,0.0836,0.1461,0.0938,0.0489,0.0645,0.1065,0.1489,0.0808,0.0843
CT007821,Zone_08,Zone_07,0.1262,0.0945,0.1064,0.1024,0.1087,0.0769,0.0905,0.1262,0.1049,0.0888,0.1008
CT011650,Zone_07,Zone_04,0.1647,0.1335,0.1065,0.0996,0.1647,0.0387,0.0952,0.1421,0.1334,0.0073,0.0791
CT007071,Zone_08,Zone_07,0.1586,0.0731,0.115,0.1113,0.0883,0.0825,0.1153,0.1586,0.1043,0.0285,0.1231
CT000127,Zone_04,Zone_07,0.1583,0.0683,0.083,0.1372,0.1315,0.0893,0.0888,0.1583,0.1315,0.0262,0.0859
CT006190,Zone_07,Zone_08,0.1458,0.0674,0.1314,0.1103,0.1005,0.0708,0.0972,0.1374,0.1458,0.0809,0.0583
CT019805,Zone_02,Zone_02,0.1711,0.1353,0.1711,0.0945,0.1228,0.0529,0.0766,0.1117,0.1392,0.0162,0.0798
CT006969,Zone_08,Zone_08,0.1341,0.1259,0.079,0.1078,0.0863,0.1262,0.1078,0.0947,0.1341,0.0473,0.091
CT007502,Zone_07,Zone_08,0.1392,0.1327,0.1094,0.0744,0.0977,0.1191,0.0855,0.0998,0.1392,0.0455,0.0967
CT014095,Zone_02,Zone_07,0.1421,0.0846,0.119,0.1137,0.1215,0.0721,0.0689,0.1421,0.1168,0.0528,0.1086
CT007831,Zone_10,Zone_10,0.1362,0.0658,0.0947,0.1062,0.1086,0.1321,0.0746,0.1322,0.1172,0.0323,0.1362
CT009264,Zone_07,Zone_07,0.1518,0.1135,0.0948,0.0891,0.1273,0.0659,0.0806,0.1518,0.1278,0.0281,0.1211
CT004763,Zone_06,Zone_06,0.1471,0.1328,0.1048,0.1065,0.0873,0.0526,0.1471,0.0928,0.109,0.0304,0.1365
CT018894,Zone_03,Zone_02,0.1253,0.1057,0.1253,0.1219,0.1155,0.0762,0.0797,0.1158,0.1022,0.0819,0.0758
CT007606,Zone_10,Zone_05,0.1297,0.1115,0.0815,0.0983,0.0882,0.1297,0.0921,0.1217,0.0994,0.0912,0.0863
CT001929,Zone_02,Zone_04,0.145,0.1077,0.095,0.1204,0.145,0.0373,0.0692,0.131,0.1389,0.0427,0.1128
CT004052,Zone_07,Zone_08,0.1513,0.099,0.1108,0.0962,0.1046,0.0803,0.0635,0.1429,0.1513,0.0529,0.0984
CT005673,Zone_05,Zone_02,0.1429,0.0898,0.1429,0.0982,0.1199,0.0898,0.1383,0.1075,0.1007,0.0303,0.0826
CT004100,Zone_06,Zone_02,0.1844,0.0668,0.1844,0.0861,0.1269,0.0581,0.0765,0.1248,0.1203,0.0507,0.1053
CT009828,Zone_08,Zone_07,0.1587,0.0901,0.0779,0.121,0.0929,0.1042,0.1135,0.1587,0.0933,0.0264,0.122
CT001093,Zone_04,Zone_07,0.1329,0.1043,0.0766,0.1297,0.1125,0.0852,0.121,0.1329,0.0994,0.0252,0.1132
CT012879,Zone_08,Zone_06,0.2049,0.074,0.1034,0.0967,0.0947,0.0899,0.2049,0.1045,0.1008,0.0324,0.0986
CT007871,Zone_02,Zone_10,0.1661,0.1144,0.0737,0.0977,0.09,0.0856,0.083,0.1532,0.1224,0.0139,0.1661
CT019270,Zone_02,Zone_02,0.1332,0.0623,0.1332,0.1041,0.109,0.0652,0.1183,0.1296,0.1155,0.0543,0.1085
CT017181,Zone_08,Zone_04,0.1701,0.0906,0.1024,0.0835,0.1701,0.0862,0.0664,0.1562,0.1034,0.0791,0.062
CT007825,Zone_10,Zone_08,0.1588,0.1581,0.0845,0.1168,0.0721,0.0586,0.1038,0.132,0.1588,0.031,0.0844
CT007398,Zone_04,Zone_10,0.1451,0.1157,0.0733,0.1075,0.1203,0.0579,0.0877,0.1267,0.1101,0.0557,0.1451
CT009712,Zone_08,Zone_08,0.1698,0.1049,0.0503,0.125,0.1269,0.0491,0.0584,0.1007,0.1698,0.1113,0.1036
CT004523,Zone_07,Zone_04,0.1393,0.0893,0.1123,0.1028,0.1393,0.1077,0.1056,0.1089,0.0884,0.0534,0.0922
CT017063,Zone_07,Zone_04,0.151,0.0717,0.063,0.1095,0.151,0.1024,0.122,0.1449,0.1064,0.0403,0.0888
CT012709,Zone_04,Zone_07,0.1581,0.073,0.1163,0.1284,0.0854,0.0892,0.0763,0.1581,0.0928,0.0379,0.1425
CT019406,Zone_07,Zone_01,0.1463,0.1463,0.1,0.1079,0.111,0.0745,0.1376,0.1099,0.1015,0.045,0.0665
CT010725,Zone_10,Zone_07,0.19,0.1072,0.1145,0.1053,0.1116,0.0799,0.0678,0.19,0.1135,0.0536,0.0566
CT016794,Zone_08,Zone_08,0.2029,0.1027,0.1173,0.057,0.1587,0.0427,0.0906,0.1092,0.2029,0.0221,0.0968
CT015767,Zone_02,Zone_08,0.1495,0.1085,0.1177,0.0837,0.1318,0.0586,0.0927,0.1092,0.1495,0.0282,0.12
CT011562,Zone_07,Zone_02,0.1458,0.0784,0.1458,0.0941,0.0968,0.1027,0.1084,0.1169,0.1354,0.0417,0.0799
CT005392,Zone_05,Zone_07,0.1524,0.0578,0.1202,0.0664,0.1007,0.1252,0.1037,0.1524,0.1378,0.0334,0.1023
CT007647,Zone_02,Zone_08,0.1885,0.0942,0.0724,0.1264,0.1316,0.0417,0.0432,0.1523,0.1885,0.058,0.0918
CT014945,Zone_07,Zone_03,0.1691,0.0726,0.0746,0.1691,0.111,0.0912,0.0834,0.1211,0.0887,0.0584,0.1298
CT006576,Zone_07,Zone_02,0.1405,0.1096,0.1405,0.1081,0.1143,0.0338,0.107,0.1085,0.1108,0.0848,0.0826
CT015207,Zone_08,Zone_07,0.1468,0.1397,0.0916,0.1237,0.1242,0.0743,0.072,0.1468,0.1123,0.0254,0.09
CT010223,Zone_08,Zone_01,0.1616,0.1616,0.1126,0.1125,0.0973,0.0393,0.0459,0.1316,0.1215,0.1015,0.0762
CT013738,Zone_05,Zone_01,0.1784,0.1784,0.0817,0.1352,0.1037,0.096,0.0639,0.1193,0.1218,0.0134,0.0866
CT015380,Zone_07,Zone_10,0.1542,0.0903,0.0707,0.096,0.1119,0.1159,0.0669,0.101,0.1109,0.0822,0.1542
CT019799,Zone_07,Zone_02,0.1516,0.0634,0.1516,0.1085,0.1282,0.0704,0.0767,0.1272,0.116,0.07,0.0878
CT019863,Zone_07,Zone_05,0.1471,0.0719,0.0866,0.1128,0.1012,0.1471,0.0902,0.1219,0.1347,0.0198,0.1138
CT009575,Zone_02,Zone_08,0.1665,0.0606,0.0888,0.0941,0.08,0.0966,0.1472,0.09,0.1665,0.0472,0.129
CT004557,Zone_07,Zone_01,0.1508,0.1508,0.0977,0.0819,0.1422,0.079,0.0998,0.1028,0.1038,0.0829,0.0592
CT014193,Zone_08,Zone_03,0.1465,0.0893,0.0925,0.1465,0.1228,0.0773,0.0588,0.1263,0.1238,0.0324,0.1303
CT014899,Zone_02,Zone_01,0.1452,0.1452,0.0666,0.1303,0.1321,0.0448,0.0783,0.1332,0.1435,0.0271,0.099
CT015788,Zone_04,Zone_07,0.1744,0.1349,0.1306,0.1008,0.0925,0.0807,0.0858,0.1744,0.0964,0.0056,0.0983
CT008060,Zone_07,Zone_06,0.1443,0.1075,0.1261,0.1169,0.0805,0.0535,0.1443,0.0964,0.0959,0.0693,0.1096
CT016153,Zone_05,Zone_08,0.1463,0.1297,0.0533,0.1128,0.1316,0.0908,0.0536,0.1383,0.1463,0.0867,0.0568
CT017364,Zone_03,Zone_06,0.1564,0.0933,0.0778,0.103,0.1223,0.0754,0.1564,0.1135,0.1,0.0307,0.1276
CT008191,Zone_08,Zone_08,0.1449,0.0729,0.1001,0.1233,0.1294,0.0601,0.1123,0.1256,0.1449,0.0324,0.0989
CT003953,Zone_10,Zone_05,0.1278,0.1071,0.1069,0.0862,0.1207,0.1278,0.0536,0.124,0.1241,0.0362,0.1135
CT014511,Zone_10,Zone_03,0.1367,0.1269,0.1052,0.1367,0.0983,0.0653,0.1211,0.1039,0.1233,0.0359,0.0833
CT012476,Zone_07,Zone_07,0.1493,0.0908,0.1487,0.1394,0.0843,0.0623,0.0868,0.1493,0.1121,0.0155,0.1108
CT013289,Zone_08,Zone_05,0.1583,0.0863,0.0893,0.0673,0.0783,0.1583,0.0967,0.1261,0.1507,0.0398,0.1073
CT008490,Zone_07,Zone_03,0.1992,0.0683,0.1009,0.1992,0.1457,0.072,0.0878,0.0932,0.1718,0.014,0.047
CT006762,Zone_07,Zone_07,0.1604,0.1199,0.086,0.1051,0.1219,0.1067,0.0633,0.1604,0.108,0.0275,0.1011
CT016792,Zone_07,Zone_08,0.1385,0.0903,0.0924,0.1013,0.0917,0.1003,0.0787,0.1258,0.1385,0.0576,0.1235
CT015622,Zone_08,Zone_01,0.1924,0.1924,0.1448,0.0837,0.0828,0.0672,0.07,0.1252,0.0933,0.0385,0.1022
CT003614,Zone_06,Zone_08,0.1594,0.0815,0.0752,0.0939,0.0944,0.0496,0.0601,0.1514,0.1594,0.1035,0.1309
CT002910,Zone_07,Zone_07,0.1657,0.1026,0.1165,0.0973,0.1433,0.0709,0.0754,0.1657,0.1141,0.0248,0.0895
CT009608,Zone_08,Zone_01,0.1642,0.1642,0.1553,0.1018,0.0848,0.0557,0.0722,0.1098,0.1032,0.0349,0.1181
CT006538,Zone_08,Zone_01,0.1631,0.1631,0.1059,0.0526,0.0873,0.0598,0.1256,0.1621,0.1375,0.0231,0.083
CT016490,Zone_05,Zone_08,0.167,0.097,0.0736,0.1078,0.0893,0.109,0.0665,0.1317,0.167,0.0292,0.1287
CT000762,Zone_03,Zone_08,0.1573,0.1167,0.0674,0.1053,0.1187,0.0698,0.133,0.1451,0.1573,0.0203,0.0664
CT001583,Zone_08,Zone_10,0.138,0.0816,0.1007,0.0881,0.1348,0.0825,0.0903,0.1266,0.1249,0.0326,0.138
CT005800,Zone_05,Zone_08,0.1473,0.0979,0.078,0.0998,0.1269,0.1159,0.0884,0.0969,0.1473,0.0683,0.0804
CT011000,Zone_06,Zone_08,0.15,0.1099,0.1054,0.1462,0.0658,0.1495,0.0652,0.0933,0.15,0.051,0.0636
CT018448,Zone_02,Zone_07,0.2013,0.074,0.1139,0.0956,0.1054,0.0672,0.0452,0.2013,0.1749,0.0185,0.1041
CT011783,Zone_07,Zone_03,0.1624,0.1058,0.0918,0.1624,0.0874,0.0704,0.0756,0.1221,0.1029,0.0545,0.1273
CT005178,Zone_02,Zone_08,0.1513,0.0738,0.1303,0.111,0.0848,0.0446,0.0844,0.1332,0.1513,0.0373,0.1494
CT004179,Zone_08,Zone_03,0.1943,0.0568,0.1266,0.1943,0.1111,0.0592,0.0746,0.1318,0.1373,0.0354,0.0728
CT009446,Zone_04,Zone_04,0.1361,0.0876,0.1299,0.0938,0.1361,0.1107,0.0534,0.1322,0.1086,0.0131,0.1345
CT012633,Zone_10,Zone_08,0.1465,0.1166,0.0745,0.1326,0.086,0.0817,0.1234,0.1232,0.1465,0.0213,0.0942
CT018063,Zone_07,Zone_02,0.147,0.1236,0.147,0.0975,0.1031,0.1276,0.0632,0.0897,0.1183,0.037,0.0929
CT015574,Zone_07,Zone_01,0.1379,0.1379,0.1297,0.0814,0.1278,0.1063,0.0772,0.0912,0.1219,0.037,0.0897
CT002437,Zone_08,Zone_01,0.1487,0.1487,0.1225,0.0853,0.1311,0.0765,0.0923,0.1024,0.111,0.029,0.1012
CT000744,Zone_02,Zone_07,0.1302,0.0883,0.1258,0.1026,0.118,0.1134,0.0763,0.1302,0.0938,0.0787,0.0731
CT003333,Zone_02,Zone_04,0.1577,0.1071,0.102,0.0914,0.1577,0.0577,0.0694,0.1263,0.1242,0.0183,0.1458
CT014192,Zone_07,Zone_03,0.1805,0.0723,0.0919,0.1805,0.1462,0.0931,0.0719,0.1131,0.1301,0.0327,0.0682
CT019305,Zone_10,Zone_02,0.1951,0.0847,0.1951,0.1299,0.1006,0.0475,0.0761,0.1154,0.1091,0.0573,0.0843
CT016161,Zone_01,Zone_07,0.1483,0.0903,0.1089,0.0975,0.1335,0.0366,0.0714,0.1483,0.1341,0.0361,0.1433
CT000042,Zone_07,Zone_09,0.1752,0.074,0.0728,0.0892,0.1192,0.0516,0.0747,0.1034,0.125,0.1752,0.1149
CT002414,Zone_07,Zone_02,0.1372,0.1361,0.1372,0.1047,0.0972,0.0958,0.0739,0.1251,0.1159,0.0598,0.0544
CT006874,Zone_04,Zone_10,0.1423,0.1166,0.1015,0.1064,0.0997,0.0719,0.0884,0.119,0.1225,0.0318,0.1423
CT018070,Zone_04,Zone_05,0.1995,0.0689,0.0827,0.1077,0.0975,0.1995,0.0578,0.1422,0.1071,0.0338,0.1027
CT016879,Zone_04,Zone_02,0.1528,0.0851,0.1528,0.1117,0.1502,0.0739,0.0764,0.1154,0.0985,0.0445,0.0916
CT013923,Zone_08,Zone_04,0.1522,0.0883,0.0768,0.1307,0.1522,0.1179,0.0593,0.1165,0.0892,0.0513,0.1177
CT013159,Zone_07,Zone_08,0.1406,0.081,0.1242,0.098,0.1164,0.1087,0.0513,0.1152,0.1406,0.0601,0.1045
CT012257,Zone_07,Zone_07,0.177,0.0989,0.0702,0.1745,0.1258,0.0724,0.093,0.177,0.0857,0.0216,0.0809
CT007638,Zone_10,Zone_07,0.1504,0.0973,0.1166,0.0809,0.1124,0.1401,0.083,0.1504,0.1091,0.0297,0.0806
CT006918,Zone_07,Zone_07,0.1799,0.1021,0.1289,0.0804,0.1175,0.0432,0.0542,0.1799,0.1536,0.0244,0.1158
CT019175,Zone_06,Zone_07,0.1806,0.1611,0.0908,0.1618,0.1089,0.0357,0.0721,0.1806,0.1039,0.0144,0.0707
CT014715,Zone_08,Zone_10,0.1594,0.064,0.0648,0.0897,0.0925,0.0603,0.1453,0.148,0.1179,0.0583,0.1594
CT013729,Zone_02,Zone_06,0.1448,0.0765,0.1085,0.1058,0.0948,0.1109,0.1448,0.0866,0.1281,0.0596,0.0845
CT009237,Zone_05,Zone_01,0.1499,0.1499,0.1139,0.0987,0.1067,0.0693,0.1177,0.1287,0.1201,0.0315,0.0636
CT016400,Zone_07,Zone_06,0.1553,0.1256,0.1013,0.069,0.1115,0.1349,0.1553,0.1283,0.0864,0.0138,0.0739
CT006314,Zone_03,Zone_01,0.151,0.151,0.1164,0.0837,0.0988,0.0969,0.0964,0.106,0.1318,0.0473,0.0717
CT007258,Zone_06,Zone_06,0.1599,0.1108,0.0874,0.0933,0.1102,0.0997,0.1599,0.0996,0.1354,0.0156,0.0879
CT003675,Zone_07,Zone_06,0.194,0.0576,0.0946,0.0989,0.0954,0.0695,0.194,0.1321,0.1068,0.02,0.1312
CT005919,Zone_07,Zone_04,0.1458,0.0772,0.1139,0.0954,0.1458,0.1243,0.079,0.1206,0.1043,0.0169,0.1227
CT002659,Zone_03,Zone_01,0.1602,0.1602,0.1101,0.0824,0.1389,0.0933,0.0789,0.1023,0.1145,0.0422,0.0774
CT007939,Zone_01,Zone_03,0.1727,0.0988,0.0974,0.1727,0.1036,0.0722,0.0951,0.1193,0.1242,0.0259,0.0908
CT012516,Zone_07,Zone_04,0.1485,0.0689,0.123,0.0721,0.1485,0.0819,0.0888,0.1315,0.1449,0.0725,0.0677
CT005343,Zone_07,Zone_06,0.1878,0.0845,0.0716,0.1157,0.1076,0.0745,0.1878,0.1426,0.1094,0.0116,0.0946
CT018366,Zone_05,Zone_03,0.1443,0.0846,0.0981,0.1443,0.1072,0.0909,0.083,0.1269,0.1342,0.0355,0.0953
CT008084,Zone_07,Zone_07,0.1435,0.1274,0.086,0.1187,0.0893,0.0668,0.0712,0.1435,0.1206,0.0364,0.1402
CT019048,Zone_04,Zone_01,0.1289,0.1289,0.0815,0.1282,0.1105,0.1072,0.0653,0.1147,0.1215,0.0502,0.092
CT019283,Zone_07,Zone_10,0.1809,0.1054,0.1004,0.1208,0.0812,0.0829,0.0776,0.1156,0.109,0.0261,0.1809
CT013388,Zone_07,Zone_08,0.1462,0.0671,0.1438,0.1064,0.1083,0.0787,0.0459,0.1279,0.1462,0.0475,0.1283
CT004938,Zone_08,Zone_08,0.1454,0.1336,0.1011,0.0673,0.1158,0.134,0.0531,0.1097,0.1454,0.0423,0.0977
CT008444,Zone_08,Zone_08,0.1457,0.0869,0.1079,0.1218,0.0917,0.0818,0.0906,0.1376,0.1457,0.0295,0.1065
CT006994,Zone_07,Zone_04,0.1595,0.0601,0.1199,0.1237,0.1595,0.0974,0.0928,0.1244,0.1261,0.0547,0.0412
CT002236,Zone_07,Zone_07,0.1554,0.085,0.1198,0.077,0.1121,0.053,0.1441,0.1554,0.0932,0.0531,0.1073
CT007750,Zone_07,Zone_02,0.1335,0.1282,0.1335,0.11,0.101,0.1025,0.0952,0.1142,0.1015,0.0351,0.0788
CT018522,Zone_03,Zone_07,0.1408,0.1277,0.1137,0.0839,0.1065,0.0687,0.0579,0.1408,0.125,0.0572,0.1188
CT004350,Zone_07,Zone_03,0.1679,0.1173,0.0885,0.1679,0.1439,0.0712,0.0508,0.1397,0.1071,0.0442,0.0695
CT001378,Zone_07,Zone_08,0.1524,0.1187,0.0742,0.0897,0.1351,0.0835,0.1052,0.1073,0.1524,0.0425,0.0915
CT011743,Zone_09,Zone_08,0.1272,0.1122,0.1142,0.0971,0.1103,0.0767,0.1036,0.1069,0.1272,0.0375,0.1142
CT006024,Zone_07,Zone_03,0.157,0.1096,0.0989,0.157,0.0699,0.0745,0.1325,0.1258,0.1141,0.0458,0.0719
CT009504,Zone_01,Zone_08,0.188,0.0825,0.0967,0.0889,0.0999,0.066,0.1248,0.1097,0.188,0.0428,0.1008
CT016932,Zone_03,Zone_04,0.1456,0.0819,0.102,0.1004,0.1456,0.0489,0.0853,0.1432,0.1303,0.0477,0.1146
CT016644,Zone_08,Zone_07,0.1317,0.0749,0.108,0.1055,0.1154,0.121,0.0637,0.1317,0.1265,0.0496,0.1037
CT018239,Zone_04,Zone_03,0.1373,0.1202,0.1135,0.1373,0.1142,0.1029,0.0556,0.0928,0.1307,0.019,0.1138
CT009632,Zone_10,Zone_06,0.1527,0.1143,0.0807,0.1201,0.1291,0.0598,0.1527,0.1196,0.1028,0.0309,0.0901
CT015315,Zone_08,Zone_07,0.1449,0.0826,0.1034,0.122,0.1087,0.0646,0.1389,0.1449,0.1415,0.011,0.0823
CT000924,Zone_07,Zone_04,0.1716,0.115,0.0781,0.092,0.1716,0.1225,0.0515,0.1237,0.0986,0.0567,0.0903
CT006789,Zone_07,Zone_02,0.1677,0.0716,0.1677,0.131,0.0997,0.0869,0.0857,0.1065,0.117,0.0591,0.0748
CT015104,Zone_02,Zone_06,0.1213,0.0917,0.0992,0.1041,0.0916,0.1142,0.1213,0.1127,0.1103,0.0617,0.0933
CT006733,Zone_07,Zone_06,0.169,0.0776,0.1071,0.1049,0.1256,0.0741,0.169,0.1228,0.0901,0.0175,0.1112
CT002222,Zone_08,Zone_08,0.1581,0.1336,0.1296,0.0949,0.086,0.0673,0.0925,0.1133,0.1581,0.0402,0.0845
CT005702,Zone_03,Zone_06,0.1409,0.0957,0.1343,0.0746,0.0568,0.1099,0.1409,0.116,0.1262,0.0825,0.0631
CT006421,Zone_04,Zone_03,0.1448,0.1289,0.1223,0.1448,0.0868,0.0837,0.0442,0.132,0.1136,0.0584,0.0852
CT018033,Zone_01,Zone_02,0.1714,0.0459,0.1714,0.049,0.1059,0.1676,0.0871,0.1493,0.086,0.0567,0.0811
CT003331,Zone_10,Zone_07,0.1695,0.1139,0.0609,0.0999,0.1197,0.0418,0.0841,0.1695,0.1668,0.0366,0.1069
CT017112,Zone_07,Zone_01,0.1333,0.1333,0.1035,0.1191,0.0971,0.0723,0.0575,0.1262,0.1017,0.0739,0.1155
CT006647,Zone_02,Zone_06,0.1536,0.106,0.0911,0.0903,0.1193,0.0862,0.1536,0.1008,0.1226,0.0597,0.0705
CT011919,Zone_10,Zone_08,0.1527,0.0755,0.0899,0.1364,0.1184,0.0794,0.1123,0.1409,0.1527,0.0162,0.0782
CT011476,Zone_02,Zone_04,0.149,0.112,0.125,0.0856,0.149,0.09,0.0642,0.1103,0.148,0.0436,0.0724
CT000857,Zone_07,Zone_04,0.1704,0.0873,0.0979,0.0923,0.1704,0.0722,0.1198,0.1248,0.1009,0.042,0.0923
CT006914,Zone_07,Zone_06,0.1493,0.0889,0.0979,0.1068,0.1267,0.0812,0.1493,0.1261,0.1055,0.0274,0.0902
CT013714,Zone_05,Zone_06,0.1372,0.0992,0.097,0.0947,0.0871,0.0652,0.1372,0.0873,0.1263,0.0822,0.1237
CT007981,Zone_05,Zone_06,0.149,0.0952,0.0812,0.1144,0.1099,0.0626,0.149,0.1219,0.1214,0.0514,0.0931
CT008757,Zone_04,Zone_07,0.1427,0.0667,0.0914,0.1305,0.1351,0.0406,0.0688,0.1427,0.1062,0.1369,0.0812
CT006516,Zone_08,Zone_10,0.1583,0.0698,0.1318,0.0993,0.1084,0.0526,0.1011,0.1049,0.1273,0.0465,0.1583
CT005398,Zone_04,Zone_07,0.1295,0.1065,0.1062,0.1174,0.1196,0.0667,0.0657,0.1295,0.1253,0.0567,0.1063
CT009007,Zone_03,Zone_07,0.1696,0.0984,0.0835,0.1188,0.1132,0.0458,0.1223,0.1696,0.1069,0.0171,0.1243
CT014049,Zone_08,Zone_02,0.1558,0.0889,0.1558,0.0927,0.1045,0.0718,0.1015,0.1405,0.1513,0.029,0.0641
CT017626,Zone_07,Zone_10,0.1395,0.0403,0.117,0.0997,0.1251,0.06,0.1097,0.1371,0.1188,0.0529,0.1395
CT005389,Zone_08,Zone_08,0.1591,0.0984,0.0916,0.1172,0.1043,0.0962,0.0867,0.1471,0.1591,0.0254,0.074
CT015820,Zone_08,Zone_01,0.1542,0.1542,0.0845,0.131,0.0964,0.0386,0.1165,0.1229,0.1155,0.0247,0.1158
CT006639,Zone_07,Zone_01,0.1447,0.1447,0.0835,0.1056,0.1321,0.1252,0.0517,0.1394,0.1251,0.0276,0.0651
CT008008,Zone_07,Zone_05,0.1402,0.1377,0.1137,0.0915,0.0972,0.1402,0.0569,0.1185,0.1056,0.0534,0.0853
CT001972,Zone_10,Zone_09,0.1397,0.0743,0.0896,0.1092,0.0769,0.0931,0.0533,0.1006,0.1383,0.1397,0.1249
CT006302,Zone_08,Zone_03,0.1528,0.0463,0.1298,0.1528,0.1347,0.0679,0.1117,0.123,0.1131,0.0653,0.0556
CT002780,Zone_03,Zone_02,0.1626,0.0761,0.1626,0.1007,0.09,0.0454,0.1295,0.1177,0.1296,0.0191,0.1292
CT008927,Zone_07,Zone_01,0.1398,0.1398,0.1045,0.128,0.0971,0.131,0.0673,0.1192,0.1262,0.0171,0.0699
CT006475,Zone_03,Zone_10,0.2278,0.0543,0.0691,0.0765,0.1151,0.0692,0.0697,0.1468,0.1157,0.0559,0.2278
CT000729,Zone_08,Zone_07,0.1504,0.0824,0.1328,0.1147,0.1101,0.0783,0.0542,0.1504,0.107,0.066,0.104
CT008438,Zone_07,Zone_07,0.1405,0.0928,0.1347,0.1182,0.1017,0.073,0.0828,0.1405,0.1105,0.0438,0.1019
CT008287,Zone_08,Zone_02,0.1426,0.0905,0.1426,0.085,0.1241,0.0913,0.0881,0.1258,0.1259,0.032,0.0947
CT010727,Zone_07,Zone_01,0.1622,0.1622,0.0723,0.0973,0.0816,0.1378,0.1256,0.1096,0.1279,0.0157,0.0701
CT006408,Zone_01,Zone_05,0.1431,0.0902,0.1091,0.1204,0.0916,0.1431,0.0608,0.1268,0.1361,0.0418,0.0801
CT009320,Zone_03,Zone_04,0.1643,0.1412,0.1131,0.0926,0.1643,0.0841,0.0852,0.0927,0.1189,0.0527,0.0551
CT012624,Zone_08,Zone_08,0.1182,0.0884,0.0734,0.0927,0.1125,0.1154,0.106,0.1135,0.1182,0.0971,0.0827
CT012663,Zone_08,Zone_02,0.1413,0.1086,0.1413,0.0871,0.1149,0.1001,0.0677,0.1035,0.122,0.0291,0.1255
CT016689,Zone_08,Zone_04,0.1418,0.1121,0.0879,0.101,0.1418,0.065,0.123,0.1405,0.1251,0.0137,0.0897
CT011315,Zone_03,Zone_02,0.1663,0.1212,0.1663,0.1073,0.0926,0.075,0.0701,0.1033,0.095,0.0843,0.085
CT008151,Zone_07,Zone_07,0.1402,0.0845,0.1063,0.1265,0.0965,0.0697,0.0975,0.1402,0.1152,0.0266,0.137
CT002926,Zone_07,Zone_04,0.1383,0.0761,0.1188,0.1358,0.1383,0.0412,0.1202,0.1158,0.0658,0.1019,0.0861
CT016374,Zone_08,Zone_03,0.1701,0.1035,0.1352,0.1701,0.1115,0.0889,0.0532,0.1106,0.1351,0.0175,0.0745
CT008112,Zone_04,Zone_01,0.1304,0.1304,0.1086,0.0914,0.121,0.0683,0.074,0.1297,0.1224,0.0558,0.0982
CT000026,Zone_01,Zone_05,0.1786,0.0957,0.0855,0.0977,0.0939,0.1786,0.1224,0.109,0.092,0.0255,0.0999
CT000053,Zone_07,Zone_08,0.1721,0.0779,0.0746,0.0986,0.0721,0.083,0.161,0.1146,0.1721,0.0287,0.1175
CT014833,Zone_07,Zone_07,0.1287,0.0874,0.1284,0.0791,0.1052,0.0475,0.0684,0.1287,0.1273,0.1223,0.1057
CT006088,Zone_04,Zone_05,0.1637,0.0782,0.1206,0.0735,0.1011,0.1637,0.0992,0.1087,0.0887,0.0453,0.1209
CT008986,Zone_07,Zone_08,0.1481,0.1105,0.0704,0.1062,0.0811,0.0911,0.1033,0.1398,0.1481,0.0207,0.1287
CT016306,Zone_07,Zone_04,0.1463,0.1154,0.1019,0.1106,0.1463,0.0866,0.0708,0.1258,0.1059,0.052,0.0846
CT015059,Zone_07,Zone_10,0.1364,0.0804,0.104,0.1273,0.0858,0.1185,0.0735,0.1091,0.1311,0.034,0.1364
CT016648,Zone_04,Zone_06,0.1383,0.1065,0.0963,0.0974,0.1355,0.0904,0.1383,0.1001,0.0956,0.0258,0.1141
CT015021,Zone_07,Zone_08,0.1631,0.1004,0.1286,0.1021,0.0714,0.0602,0.1111,0.1368,0.1631,0.0116,0.1148
CT019994,Zone_01,Zone_08,0.1341,0.1326,0.0902,0.1128,0.0946,0.0698,0.068,0.1302,0.1341,0.0359,0.1318
CT011415,Zone_10,Zone_08,0.1476,0.1052,0.1187,0.1142,0.1144,0.0686,0.0809,0.134,0.1476,0.018,0.0985
CT011709,Zone_08,Zone_08,0.1578,0.0945,0.0821,0.1516,0.1231,0.0703,0.09,0.1158,0.1578,0.0515,0.0635
CT002532,Zone_08,Zone_08,0.162,0.1171,0.1138,0.0849,0.1345,0.0481,0.1214,0.1319,0.162,0.0299,0.0564
CT017856,Zone_04,Zone_02,0.1908,0.0384,0.1908,0.1213,0.1276,0.0476,0.0658,0.1151,0.137,0.111,0.0452
CT009346,Zone_07,Zone_10,0.1504,0.0886,0.0963,0.0934,0.1331,0.0741,0.093,0.0984,0.1426,0.0301,0.1504
CT016733,Zone_08,Zone_02,0.1402,0.1227,0.1402,0.1158,0.1286,0.0552,0.0487,0.1257,0.121,0.0558,0.0864
CT002404,Zone_06,Zone_10,0.1346,0.1061,0.0963,0.1048,0.0953,0.0565,0.1212,0.1236,0.1278,0.0338,0.1346
CT006096,Zone_05,Zone_10,0.1635,0.0774,0.0763,0.0819,0.0789,0.1451,0.1159,0.1224,0.0972,0.0414,0.1635
CT003416,Zone_04,Zone_05,0.1485,0.0998,0.092,0.133,0.1039,0.1485,0.0567,0.1356,0.1317,0.0165,0.0823
CT018825,Zone_01,Zone_07,0.1895,0.1209,0.0881,0.1402,0.0883,0.0674,0.0681,0.1895,0.1183,0.0322,0.087
CT006235,Zone_04,Zone_07,0.1393,0.1384,0.0928,0.1142,0.1098,0.0855,0.0722,0.1393,0.1223,0.0244,0.101
CT019556,Zone_04,Zone_03,0.1478,0.1069,0.0866,0.1478,0.0744,0.1111,0.0859,0.0985,0.1144,0.0402,0.1341
CT009913,Zone_06,Zone_08,0.1645,0.1011,0.0917,0.1311,0.0818,0.0901,0.1004,0.1251,0.1645,0.029,0.0851
CT008750,Zone_07,Zone_01,0.1591,0.1591,0.0755,0.1069,0.1154,0.1006,0.0869,0.1202,0.1037,0.0428,0.0889
CT003159,Zone_06,Zone_07,0.1477,0.1054,0.1244,0.1113,0.1125,0.0732,0.0783,0.1477,0.1365,0.0196,0.0911
CT002921,Zone_09,Zone_07,0.1555,0.114,0.1014,0.0888,0.1006,0.073,0.1002,0.1555,0.148,0.0206,0.098
CT004891,Zone_01,Zone_01,0.1349,0.1349,0.1072,0.1301,0.0885,0.062,0.0861,0.0897,0.1212,0.0561,0.1243
CT015779,Zone_08,Zone_03,0.1675,0.1161,0.1034,0.1675,0.0977,0.0728,0.0842,0.1261,0.128,0.0344,0.0697
CT005868,Zone_08,Zone_06,0.1518,0.1439,0.0796,0.1275,0.0897,0.0742,0.1518,0.0944,0.0846,0.045,0.1092
CT019223,Zone_04,Zone_10,0.1306,0.1024,0.1176,0.1091,0.0805,0.0843,0.1254,0.1113,0.1166,0.0222,0.1306
CT007546,Zone_04,Zone_08,0.1671,0.0884,0.0892,0.116,0.1284,0.0364,0.0918,0.1267,0.1671,0.0881,0.0678
CT001478,Zone_09,Zone_04,0.1265,0.1124,0.1193,0.1171,0.1265,0.0842,0.0683,0.1234,0.1134,0.0693,0.066
CT013369,Zone_08,Zone_04,0.1809,0.0837,0.1142,0.1019,0.1809,0.0674,0.0776,0.1515,0.1361,0.0132,0.0736
CT013956,Zone_08,Zone_08,0.1955,0.1059,0.1163,0.1144,0.1087,0.0542,0.0739,0.1237,0.1955,0.0445,0.063
CT018429,Zone_07,Zone_01,0.187,0.187,0.0944,0.081,0.1594,0.0754,0.0658,0.1003,0.1294,0.035,0.0724
CT005726,Zone_07,Zone_03,0.2285,0.08,0.0687,0.2285,0.1023,0.0351,0.04,0.1254,0.1994,0.0461,0.0745
CT000412,Zone_07,Zone_07,0.1572,0.127,0.0856,0.1025,0.129,0.0615,0.0613,0.1572,0.093,0.0914,0.0915
CT004842,Zone_08,Zone_03,0.1308,0.0784,0.0587,0.1308,0.1284,0.0867,0.1029,0.1236,0.123,0.1013,0.0661
CT008146,Zone_08,Zone_10,0.1692,0.1161,0.1217,0.0804,0.1068,0.101,0.0503,0.0923,0.1192,0.0429,0.1692
CT016703,Zone_03,Zone_01,0.1408,0.1408,0.0919,0.08,0.1299,0.1066,0.0733,0.1319,0.0893,0.0426,0.1136
CT011039,Zone_07,Zone_05,0.1835,0.1077,0.1008,0.0969,0.1155,0.1835,0.0678,0.1171,0.1179,0.035,0.0578
CT009142,Zone_10,Zone_02,0.1986,0.0532,0.1986,0.0936,0.0842,0.1053,0.0686,0.172,0.1345,0.0219,0.0682
CT019258,Zone_07,Zone_08,0.1798,0.131,0.1195,0.1116,0.0876,0.0604,0.0627,0.1038,0.1798,0.0324,0.1111
CT011139,Zone_08,Zone_04,0.164,0.1267,0.0616,0.0838,0.164,0.0798,0.0866,0.1031,0.1098,0.0654,0.1192
CT006488,Zone_08,Zone_06,0.2149,0.0734,0.0836,0.1221,0.0793,0.0614,0.2149,0.1164,0.1162,0.0296,0.1031
CT012107,Zone_08,Zone_10,0.152,0.0644,0.0555,0.1313,0.1254,0.0766,0.1449,0.1176,0.1217,0.0105,0.152
CT016540,Zone_03,Zone_09,0.1644,0.1341,0.0775,0.1034,0.0862,0.0482,0.1025,0.1088,0.0925,0.1644,0.0824
CT018434,Zone_07,Zone_03,0.1597,0.0607,0.1472,0.1597,0.1077,0.0772,0.0825,0.1375,0.0952,0.0253,0.107
CT015143,Zone_02,Zone_02,0.1709,0.0846,0.1709,0.1352,0.1277,0.0569,0.1191,0.1063,0.1142,0.0412,0.044
CT001215,Zone_04,Zone_07,0.1488,0.1047,0.0965,0.1045,0.1449,0.0292,0.0867,0.1488,0.1392,0.0105,0.135
CT007471,Zone_01,Zone_08,0.1516,0.0706,0.0712,0.0795,0.0995,0.0919,0.1084,0.1166,0.1516,0.0938,0.1168
CT012124,Zone_10,Zone_08,0.1659,0.0939,0.0768,0.093,0.1372,0.13,0.0601,0.1422,0.1659,0.0272,0.0735
CT009661,Zone_05,Zone_06,0.1542,0.0817,0.0749,0.1139,0.0895,0.0678,0.1542,0.147,0.1286,0.0061,0.1363
CT014461,Zone_08,Zone_04,0.1404,0.129,0.0995,0.1133,0.1404,0.0717,0.0706,0.1184,0.1279,0.0461,0.0832
CT008692,Zone_04,Zone_03,0.1288,0.097,0.118,0.1288,0.1206,0.0836,0.0712,0.1113,0.1146,0.0336,0.1213
CT003628,Zone_07,Zone_08,0.1432,0.0873,0.098,0.0999,0.1067,0.071,0.1013,0.114,0.1432,0.0894,0.0892
CT019590,Zone_08,Zone_10,0.2096,0.1049,0.0938,0.1444,0.1109,0.0512,0.0542,0.0896,0.1157,0.0258,0.2096
CT012800,Zone_08,Zone_07,0.2128,0.0861,0.0651,0.0585,0.1189,0.081,0.1252,0.2128,0.1687,0.012,0.0717
CT015246,Zone_10,Zone_01,0.1662,0.1662,0.094,0.1064,0.0886,0.1076,0.111,0.1116,0.1099,0.029,0.0757
CT001899,Zone_02,Zone_06,0.1372,0.0924,0.0973,0.0875,0.0989,0.0861,0.1372,0.1317,0.1207,0.0151,0.1331
CT008265,Zone_08,Zone_10,0.1411,0.1007,0.1095,0.0975,0.0902,0.1175,0.061,0.1291,0.0924,0.0609,0.1411
CT016156,Zone_07,Zone_02,0.149,0.1375,0.149,0.1282,0.0981,0.0681,0.0477,0.1282,0.1142,0.0633,0.0656
CT018186,Zone_03,Zone_02,0.1539,0.1056,0.1539,0.1521,0.094,0.0963,0.0971,0.1205,0.11,0.0172,0.0533
CT016202,Zone_07,Zone_10,0.2133,0.0887,0.0708,0.1975,0.0591,0.0345,0.031,0.1963,0.0892,0.0196,0.2133
CT001794,Zone_08,Zone_07,0.1699,0.0662,0.0878,0.1055,0.1355,0.1055,0.1251,0.1699,0.1085,0.0293,0.0667
CT005556,Zone_07,Zone_07,0.1517,0.0939,0.1055,0.1331,0.151,0.0619,0.0568,0.1517,0.1376,0.0212,0.0872
CT019013,Zone_08,Zone_08,0.136,0.0645,0.0696,0.1292,0.1201,0.0963,0.0865,0.1224,0.136,0.1099,0.0656
CT008910,Zone_04,Zone_08,0.1499,0.0859,0.0849,0.1051,0.1051,0.1106,0.0559,0.1061,0.1499,0.0926,0.104
CT018228,Zone_05,Zone_02,0.1693,0.0841,0.1693,0.0978,0.1336,0.0471,0.1216,0.1072,0.1399,0.0116,0.0878
CT014335,Zone_02,Zone_09,0.1436,0.1001,0.0828,0.0868,0.1016,0.0882,0.0726,0.1221,0.1138,0.1436,0.0886
CT006436,Zone_05,Zone_08,0.1465,0.0762,0.095,0.1077,0.1168,0.0882,0.1236,0.1167,0.1465,0.0233,0.106
CT012123,Zone_01,Zone_01,0.2113,0.2113,0.1302,0.0856,0.1073,0.0813,0.0592,0.0948,0.0978,0.0561,0.0764
CT001324,Zone_07,Zone_07,0.1374,0.1195,0.0744,0.1335,0.0851,0.0731,0.0332,0.1374,0.1356,0.1198,0.0884
CT013114,Zone_02,Zone_01,0.1829,0.1829,0.1231,0.077,0.1453,0.0814,0.0357,0.1373,0.1372,0.027,0.0532
CT019463,Zone_08,Zone_04,0.138,0.1321,0.1021,0.0821,0.138,0.0704,0.0919,0.1254,0.0962,0.0611,0.1007
CT009648,Zone_07,Zone_07,0.2017,0.0508,0.0862,0.1281,0.1698,0.0519,0.101,0.2017,0.146,0.0011,0.0636
CT014728,Zone_03,Zone_04,0.1531,0.073,0.0966,0.1212,0.1531,0.1021,0.1448,0.0996,0.098,0.0491,0.0624
CT008742,Zone_08,Zone_06,0.1234,0.1092,0.1129,0.0787,0.1184,0.1092,0.1234,0.0995,0.1025,0.039,0.1072
CT016974,Zone_03,Zone_07,0.1371,0.0846,0.1197,0.095,0.1061,0.0986,0.0811,0.1371,0.1331,0.0397,0.1049
CT005735,Zone_03,Zone_04,0.147,0.0722,0.072,0.1332,0.147,0.1113,0.0838,0.0967,0.1434,0.0361,0.1043
CT009053,Zone_06,Zone_07,0.159,0.0836,0.0664,0.1144,0.1131,0.0813,0.1049,0.159,0.1056,0.0879,0.0838
CT000864,Zone_07,Zone_05,0.1535,0.0996,0.0895,0.0997,0.0928,0.1535,0.0839,0.1192,0.1,0.0331,0.1287
CT000915,Zone_10,Zone_07,0.1526,0.1113,0.1233,0.0863,0.094,0.0653,0.0927,0.1526,0.1223,0.0389,0.1133
CT009593,Zone_06,Zone_08,0.151,0.0761,0.0823,0.0979,0.1162,0.1016,0.1088,0.1471,0.151,0.025,0.094
CT014968,Zone_04,Zone_03,0.155,0.0901,0.116,0.155,0.1039,0.1066,0.0765,0.1223,0.1128,0.0293,0.0875
CT016148,Zone_01,Zone_04,0.1523,0.1004,0.1051,0.0906,0.1523,0.0469,0.0656,0.1243,0.1455,0.0573,0.1119
CT014038,Zone_04,Zone_03,0.1564,0.0834,0.0787,0.1564,0.1163,0.0572,0.1284,0.1441,0.1186,0.0526,0.0644
CT000767,Zone_01,Zone_07,0.214,0.0961,0.1347,0.0963,0.0933,0.0649,0.1044,0.214,0.1106,0.0197,0.066
CT005399,Zone_07,Zone_03,0.1639,0.0987,0.0757,0.1639,0.0863,0.1093,0.0807,0.1495,0.0897,0.0329,0.1134
CT006105,Zone_08,Zone_09,0.1383,0.1111,0.1088,0.0794,0.1129,0.0754,0.0609,0.1177,0.1059,0.1383,0.0896
CT009511,Zone_08,Zone_08,0.1507,0.1129,0.0766,0.126,0.1075,0.0647,0.1226,0.0998,0.1507,0.0322,0.1071
CT017430,Zone_04,Zone_07,0.1572,0.1135,0.0767,0.1037,0.1127,0.0908,0.1237,0.1572,0.1018,0.0403,0.0796
CT000270,Zone_02,Zone_01,0.1381,0.1381,0.1092,0.1029,0.0921,0.1058,0.0988,0.1076,0.1296,0.0311,0.0849
CT004428,Zone_03,Zone_01,0.1907,0.1907,0.1103,0.1005,0.1107,0.0909,0.0424,0.1322,0.0936,0.0653,0.0634
CT005838,Zone_07,Zone_07,0.1471,0.0783,0.1076,0.1,0.123,0.068,0.099,0.1471,0.1207,0.0462,0.1101
CT007947,Zone_10,Zone_08,0.1839,0.0731,0.1297,0.1144,0.1347,0.0546,0.0901,0.0943,0.1839,0.0184,0.1067
CT004885,Zone_07,Zone_01,0.1472,0.1472,0.0942,0.0951,0.1019,0.1124,0.113,0.1265,0.0912,0.0434,0.0752
CT010199,Zone_07,Zone_01,0.1323,0.1323,0.0941,0.0929,0.1161,0.0805,0.0826,0.103,0.1229,0.0857,0.0899
CT008425,Zone_04,Zone_01,0.16,0.16,0.0805,0.155,0.0706,0.0816,0.0656,0.1566,0.1167,0.0495,0.0638
CT015376,Zone_04,Zone_06,0.248,0.0931,0.0631,0.1035,0.1398,0.0308,0.248,0.1539,0.0673,0.0272,0.0732
CT014487,Zone_03,Zone_10,0.1252,0.1118,0.1102,0.1067,0.1185,0.0935,0.0769,0.121,0.0859,0.0504,0.1252
CT001625,Zone_05,Zone_10,0.1714,0.0748,0.0815,0.1244,0.1502,0.0699,0.1034,0.0958,0.0965,0.0323,0.1714
CT005418,Zone_10,Zone_06,0.1663,0.0808,0.1065,0.0693,0.1153,0.0688,0.1663,0.1064,0.1489,0.0319,0.1058
CT012920,Zone_08,Zone_03,0.1702,0.0673,0.1131,0.1702,0.1103,0.0607,0.086,0.1333,0.1323,0.0267,0.1003
CT016519,Zone_08,Zone_04,0.123,0.0832,0.1202,0.0859,0.123,0.0833,0.0751,0.1047,0.1141,0.111,0.0995
CT005074,Zone_07,Zone_07,0.136,0.1104,0.0684,0.1359,0.1164,0.0686,0.0674,0.136,0.1318,0.0465,0.1184
CT001488,Zone_08,Zone_03,0.1603,0.1189,0.1008,0.1603,0.0904,0.1054,0.0813,0.1058,0.0932,0.0325,0.1115
CT009887,Zone_07,Zone_08,0.1802,0.1151,0.087,0.0645,0.0843,0.0637,0.112,0.1314,0.1802,0.0556,0.1061
CT007112,Zone_08,Zone_05,0.2388,0.046,0.0783,0.0737,0.0593,0.2388,0.0738,0.1093,0.1002,0.1516,0.0691
CT019250,Zone_03,Zone_08,0.2224,0.0657,0.0767,0.0963,0.1666,0.0684,0.0512,0.1064,0.2224,0.0428,0.1034
CT018411,Zone_07,Zone_02,0.2002,0.0698,0.2002,0.0605,0.1445,0.1057,0.0991,0.1012,0.1242,0.0119,0.0829
CT012712,Zone_04,Zone_07,0.1511,0.0797,0.1123,0.1,0.1387,0.0727,0.0597,0.1511,0.1341,0.0357,0.1161
CT007237,Zone_05,Zone_08,0.1468,0.1032,0.0824,0.1246,0.1052,0.0693,0.1121,0.1333,0.1468,0.0189,0.1042
CT019744,Zone_01,Zone_07,0.1546,0.0688,0.1024,0.1073,0.1244,0.0591,0.1014,0.1546,0.1086,0.0421,0.1312
CT002481,Zone_07,Zone_04,0.1445,0.1115,0.096,0.0674,0.1445,0.0545,0.1102,0.1247,0.1211,0.0577,0.1125
CT015320,Zone_03,Zone_08,0.1511,0.1387,0.0753,0.103,0.101,0.0787,0.0888,0.1335,0.1511,0.0354,0.0944
CT001753,Zone_07,Zone_07,0.1468,0.1224,0.1007,0.0945,0.107,0.0656,0.1224,0.1468,0.1063,0.0276,0.1066
CT003405,Zone_07,Zone_07,0.1701,0.146,0.1179,0.0718,0.1464,0.058,0.0579,0.1701,0.0973,0.0578,0.0766
CT016144,Zone_09,Zone_07,0.1412,0.0754,0.0565,0.115,0.1372,0.114,0.1202,0.1412,0.1208,0.0612,0.0586
CT017703,Zone_01,Zone_01,0.1544,0.1544,0.1123,0.0859,0.1235,0.1005,0.0666,0.1136,0.148,0.0322,0.0629
CT016764,Zone_02,Zone_03,0.1502,0.0962,0.1014,0.1502,0.1386,0.1015,0.0553,0.0986,0.1229,0.0219,0.1136
CT018801,Zone_01,Zone_08,0.1734,0.0721,0.1129,0.1066,0.165,0.0793,0.0605,0.1055,0.1734,0.011,0.1136
CT012408,Zone_01,Zone_07,0.1518,0.1143,0.1199,0.1338,0.117,0.0691,0.0504,0.1518,0.1011,0.0274,0.1154
CT011920,Zone_08,Zone_03,0.1321,0.1042,0.1238,0.1321,0.122,0.094,0.0567,0.1297,0.1298,0.0287,0.079
CT015654,Zone_04,Zone_07,0.1233,0.123,0.1102,0.1019,0.0987,0.0771,0.0965,0.1233,0.0983,0.0573,0.1137
CT015184,Zone_08,Zone_10,0.2275,0.0538,0.1479,0.0748,0.0747,0.0883,0.0369,0.1235,0.0934,0.0792,0.2275
CT000286,Zone_08,Zone_04,0.1971,0.0798,0.0736,0.0881,0.1971,0.0848,0.0799,0.1097,0.1113,0.0342,0.1414
CT005977,Zone_07,Zone_08,0.16,0.0797,0.1093,0.0889,0.0921,0.0701,0.1437,0.1259,0.16,0.0272,0.103
CT005827,Zone_08,Zone_10,0.1526,0.0946,0.0899,0.0787,0.1327,0.0508,0.0517,0.1214,0.1365,0.0912,0.1526
CT014716,Zone_02,Zone_07,0.1534,0.0769,0.1326,0.0904,0.1212,0.1153,0.026,0.1534,0.1147,0.0301,0.1393
CT007477,Zone_08,Zone_10,0.1233,0.1084,0.106,0.0892,0.1113,0.0879,0.0843,0.1222,0.0986,0.0688,0.1233
CT004281,Zone_02,Zone_07,0.1797,0.0649,0.1325,0.0884,0.1236,0.0615,0.0529,0.1797,0.1248,0.0168,0.1548
CT005094,Zone_05,Zone_01,0.1627,0.1627,0.1061,0.1141,0.0991,0.0748,0.0883,0.1045,0.1084,0.049,0.093
CT008219,Zone_08,Zone_07,0.1737,0.1094,0.0998,0.1123,0.0694,0.056,0.0723,0.1737,0.124,0.0432,0.1398
CT012334,Zone_04,Zone_04,0.1787,0.1218,0.0577,0.1281,0.1787,0.1369,0.0745,0.127,0.0947,0.0128,0.0677
CT004487,Zone_07,Zone_03,0.1845,0.0624,0.0778,0.1845,0.1291,0.0951,0.1204,0.1113,0.0823,0.0457,0.0913
CT014214,Zone_04,Zone_05,0.1306,0.1055,0.0921,0.0991,0.1205,0.1306,0.0904,0.1175,0.1201,0.016,0.1081
CT017040,Zone_07,Zone_05,0.1471,0.0767,0.0908,0.1208,0.1277,0.1471,0.0932,0.1351,0.1024,0.0217,0.0847
CT012094,Zone_05,Zone_03,0.1552,0.0807,0.0851,0.1552,0.1085,0.0774,0.0808,0.128,0.1111,0.0543,0.1189
CT004168,Zone_08,Zone_08,0.1468,0.1441,0.0745,0.0627,0.1084,0.1016,0.0989,0.134,0.1468,0.0199,0.1091
CT003678,Zone_08,Zone_03,0.1286,0.0999,0.1198,0.1286,0.0766,0.0732,0.1231,0.1167,0.1166,0.0637,0.0818
CT013674,Zone_01,Zone_03,0.1299,0.1273,0.0967,0.1299,0.0939,0.0572,0.11,0.1207,0.107,0.0539,0.1034
CT005060,Zone_02,Zone_03,0.1703,0.134,0.0749,0.1703,0.1124,0.0716,0.113,0.0949,0.0992,0.0545,0.0752
CT015062,Zone_10,Zone_03,0.1311,0.1051,0.1021,0.1311,0.1038,0.0777,0.0712,0.1206,0.1163,0.0861,0.086
CT019115,Zone_03,Zone_04,0.1808,0.079,0.0755,0.0952,0.1808,0.0789,0.0995,0.1133,0.1517,0.0136,0.1125
CT010661,Zone_03,Zone_02,0.1477,0.1006,0.1477,0.1438,0.089,0.0788,0.0815,0.1475,0.1126,0.0178,0.0807
CT006532,Zone_09,Zone_07,0.1224,0.0959,0.1121,0.0902,0.1037,0.077,0.1038,0.1224,0.1193,0.0954,0.0803
CT003805,Zone_02,Zone_07,0.1332,0.1332,0.079,0.1174,0.1203,0.1314,0.0531,0.1332,0.0883,0.0399,0.1042
CT001253,Zone_03,Zone_07,0.1616,0.0891,0.0926,0.1533,0.1023,0.0742,0.1012,0.1616,0.1132,0.0185,0.094
CT012689,Zone_03,Zone_08,0.2398,0.0805,0.1035,0.0666,0.164,0.0723,0.1001,0.0793,0.2398,0.0121,0.0818
CT015942,Zone_08,Zone_03,0.1768,0.0962,0.0816,0.1768,0.0792,0.0804,0.0736,0.1253,0.1473,0.0268,0.1128
CT001281,Zone_04,Zone_07,0.1619,0.138,0.0641,0.0713,0.1132,0.142,0.0601,0.1619,0.1171,0.0478,0.0845
CT008417,Zone_10,Zone_08,0.159,0.107,0.0965,0.1172,0.1439,0.0897,0.0497,0.1374,0.159,0.0096,0.0901
CT013747,Zone_07,Zone_07,0.1745,0.0728,0.1584,0.1195,0.1236,0.0805,0.0606,0.1745,0.1028,0.0215,0.0858
CT018068,Zone_07,Zone_03,0.1498,0.1126,0.0684,0.1498,0.0853,0.0722,0.1086,0.1154,0.1324,0.0383,0.1168
CT010391,Zone_08,Zone_01,0.1276,0.1276,0.1226,0.0952,0.1231,0.0734,0.1118,0.0992,0.1079,0.0394,0.0998
CT012438,Zone_02,Zone_07,0.1656,0.0862,0.0847,0.0799,0.1267,0.1231,0.0616,0.1656,0.1319,0.0519,0.0882
CT013359,Zone_08,Zone_04,0.1345,0.1116,0.1227,0.1137,0.1345,0.0664,0.0939,0.128,0.1168,0.0246,0.0877
CT018483,Zone_08,Zone_04,0.1277,0.1163,0.106,0.1166,0.1277,0.1238,0.053,0.1075,0.1021,0.0752,0.0718
CT014411,Zone_04,Zone_04,0.1664,0.0922,0.0866,0.0789,0.1664,0.1078,0.0543,0.1465,0.1323,0.0254,0.1096
CT002355,Zone_08,Zone_05,0.1608,0.0993,0.0877,0.0607,0.1001,0.1608,0.0879,0.1353,0.1279,0.0288,0.1115
CT010014,Zone_03,Zone_01,0.1735,0.1735,0.0471,0.0589,0.0903,0.0817,0.0946,0.1505,0.1237,0.0299,0.1497
CT002620,Zone_06,Zone_06,0.146,0.0868,0.0728,0.1265,0.1045,0.0609,0.146,0.1238,0.1186,0.031,0.129
CT001635,Zone_10,Zone_03,0.1376,0.0803,0.0973,0.1376,0.1041,0.1235,0.0642,0.1208,0.1031,0.0601,0.1089
CT008411,Zone_08,Zone_07,0.1621,0.1437,0.0724,0.1051,0.1011,0.065,0.0907,0.1621,0.0904,0.0299,0.1395
CT007903,Zone_10,Zone_04,0.1641,0.1333,0.1068,0.0966,0.1641,0.0409,0.0815,0.1327,0.1492,0.0251,0.0697
CT008871,Zone_08,Zone_04,0.1516,0.0596,0.1181,0.1278,0.1516,0.1444,0.0705,0.108,0.1189,0.044,0.057
CT007777,Zone_01,Zone_02,0.1463,0.0774,0.1463,0.1101,0.1017,0.1335,0.1225,0.1016,0.1046,0.0158,0.0866
CT003637,Zone_07,Zone_10,0.24,0.0465,0.0839,0.1628,0.0905,0.0583,0.0786,0.1021,0.1322,0.0052,0.24
CT011585,Zone_07,Zone_02,0.1382,0.1001,0.1382,0.0909,0.0961,0.1043,0.1149,0.1247,0.0831,0.0796,0.0681
CT019131,Zone_08,Zone_07,0.139,0.0967,0.1122,0.0742,0.1346,0.1251,0.0534,0.139,0.1126,0.0653,0.087
CT011808,Zone_07,Zone_01,0.1726,0.1726,0.1118,0.1029,0.1096,0.0552,0.0572,0.1363,0.1235,0.0469,0.084
CT002627,Zone_07,Zone_09,0.169,0.0466,0.0665,0.0542,0.0951,0.1366,0.1462,0.1533,0.061,0.169,0.0715
CT004325,Zone_01,Zone_07,0.1229,0.1047,0.1112,0.08,0.0853,0.1152,0.0594,0.1229,0.1202,0.095,0.1061
CT009263,Zone_07,Zone_07,0.1695,0.0965,0.0955,0.1604,0.0915,0.0649,0.0791,0.1695,0.0849,0.0422,0.1156
CT006260,Zone_04,Zone_06,0.1421,0.0645,0.0981,0.1194,0.1102,0.0666,0.1421,0.109,0.1362,0.0902,0.0638
CT011362,Zone_08,Zone_02,0.2085,0.0789,0.2085,0.1138,0.1608,0.0236,0.0446,0.1002,0.1633,0.0177,0.0888
CT001877,Zone_04,Zone_06,0.1304,0.0675,0.113,0.1116,0.1292,0.0909,0.1304,0.1037,0.1241,0.0262,0.1035
CT001589,Zone_04,Zone_07,0.167,0.0973,0.0915,0.1373,0.1176,0.0595,0.062,0.167,0.1102,0.0342,0.1234
CT015834,Zone_07,Zone_02,0.1888,0.0732,0.1888,0.0622,0.1062,0.0963,0.1418,0.1175,0.1043,0.0441,0.0655
CT003940,Zone_03,Zone_09,0.1722,0.0688,0.0999,0.1038,0.0907,0.0647,0.0706,0.1175,0.1717,0.1722,0.04
CT014640,Zone_07,Zone_04,0.1492,0.1108,0.1301,0.0907,0.1492,0.08,0.082,0.0954,0.1455,0.0404,0.0758
CT013353,Zone_08,Zone_02,0.1468,0.1057,0.1468,0.085,0.1136,0.063,0.1454,0.097,0.1308,0.0416,0.0711
CT013007,Zone_08,Zone_10,0.17,0.1206,0.0646,0.1218,0.1255,0.0624,0.0666,0.0918,0.0909,0.0858,0.17
CT003084,Zone_07,Zone_04,0.1683,0.1474,0.0679,0.1181,0.1683,0.0687,0.0604,0.1501,0.1006,0.0267,0.0919
CT004863,Zone_04,Zone_08,0.163,0.0467,0.0709,0.1447,0.1299,0.0797,0.0927,0.1349,0.163,0.0792,0.0583
CT018159,Zone_10,Zone_10,0.1586,0.1157,0.1122,0.0709,0.1468,0.0826,0.086,0.0788,0.1118,0.0366,0.1586
CT008614,Zone_02,Zone_06,0.1524,0.0906,0.0593,0.1266,0.1155,0.0874,0.1524,0.1457,0.0947,0.0271,0.1006
CT016857,Zone_04,Zone_02,0.1447,0.0814,0.1447,0.0829,0.1246,0.1042,0.0802,0.1253,0.1281,0.0206,0.108
CT006663,Zone_03,Zone_02,0.131,0.1038,0.131,0.1062,0.1308,0.0873,0.0807,0.1191,0.0953,0.0498,0.0959
CT018904,Zone_07,Zone_02,0.1727,0.125,0.1727,0.1032,0.1115,0.0856,0.0629,0.1337,0.0936,0.0355,0.0763
CT005081,Zone_01,Zone_07,0.1298,0.125,0.0967,0.1294,0.0907,0.0988,0.1151,0.1298,0.0895,0.0224,0.1025
CT000568,Zone_02,Zone_03,0.1554,0.0999,0.1069,0.1554,0.1217,0.0621,0.1055,0.1173,0.1228,0.0172,0.0913
CT004048,Zone_04,Zone_09,0.1734,0.0964,0.0692,0.1063,0.1391,0.0716,0.0481,0.1329,0.1352,0.1734,0.0277
CT002625,Zone_07,Zone_07,0.1621,0.087,0.0993,0.0931,0.1056,0.0716,0.1563,0.1621,0.101,0.0443,0.08
CT002469,Zone_07,Zone_08,0.1485,0.0728,0.121,0.0973,0.1351,0.0759,0.0624,0.133,0.1485,0.076,0.0779
CT013999,Zone_04,Zone_07,0.2119,0.0746,0.1493,0.0859,0.112,0.0839,0.0666,0.2119,0.0852,0.0323,0.0983
CT005956,Zone_08,Zone_08,0.1572,0.1386,0.0623,0.0924,0.0924,0.0865,0.1185,0.1085,0.1572,0.0371,0.1066
CT012422,Zone_04,Zone_10,0.1402,0.109,0.0867,0.1359,0.1014,0.0716,0.1099,0.1166,0.0894,0.0393,0.1402
CT012042,Zone_07,Zone_04,0.1574,0.0792,0.0812,0.0816,0.1574,0.066,0.079,0.115,0.1447,0.0581,0.1379
CT014930,Zone_08,Zone_08,0.1555,0.1301,0.145,0.1035,0.0953,0.054,0.1259,0.1077,0.1555,0.0174,0.0656
CT009268,Zone_06,Zone_07,0.151,0.0851,0.1285,0.0913,0.1428,0.0742,0.0599,0.151,0.1295,0.0332,0.1045
CT007292,Zone_04,Zone_05,0.1856,0.0796,0.0793,0.1096,0.075,0.1856,0.1177,0.1018,0.1235,0.0205,0.1074
CT008284,Zone_07,Zone_01,0.1574,0.1574,0.073,0.073,0.1023,0.1449,0.065,0.0972,0.1249,0.0991,0.0632
CT017875,Zone_03,Zone_07,0.1625,0.0913,0.0906,0.1053,0.0973,0.0605,0.088,0.1625,0.1564,0.0517,0.0964
CT001238,Zone_08,Zone_08,0.1352,0.0973,0.098,0.1175,0.0969,0.0963,0.0998,0.1227,0.1352,0.0345,0.102
CT003502,Zone_08,Zone_10,0.1435,0.1116,0.1158,0.1047,0.1211,0.1125,0.0466,0.102,0.1207,0.0214,0.1435
CT012069,Zone_03,Zone_07,0.1496,0.1232,0.0634,0.0828,0.084,0.0859,0.1279,0.1496,0.1425,0.0269,0.1138
CT008432,Zone_02,Zone_10,0.1754,0.0951,0.0832,0.1169,0.1274,0.0987,0.0624,0.0946,0.1146,0.0316,0.1754
CT011336,Zone_02,Zone_07,0.1352,0.101,0.0717,0.0963,0.1332,0.0841,0.1239,0.1352,0.1104,0.0252,0.1192
CT009325,Zone_08,Zone_02,0.1387,0.1372,0.1387,0.1165,0.1003,0.0536,0.0922,0.1032,0.1206,0.0225,0.1152
CT000687,Zone_08,Zone_08,0.1448,0.0903,0.0711,0.1313,0.1349,0.1124,0.0751,0.1342,0.1448,0.0361,0.0699
CT009993,Zone_05,Zone_04,0.1427,0.1152,0.1002,0.1184,0.1427,0.0787,0.093,0.1277,0.1147,0.0351,0.0741
CT019589,Zone_04,Zone_02,0.1595,0.0885,0.1595,0.1062,0.1165,0.1165,0.0736,0.1034,0.1089,0.0109,0.116
CT008482,Zone_01,Zone_09,0.1371,0.109,0.0782,0.102,0.0824,0.1263,0.0308,0.117,0.1357,0.1371,0.0817
CT018581,Zone_01,Zone_07,0.1648,0.0811,0.1206,0.1078,0.1363,0.0531,0.0808,0.1648,0.0921,0.0477,0.1158
CT002890,Zone_03,Zone_02,0.208,0.0443,0.208,0.1065,0.1153,0.0544,0.054,0.1626,0.094,0.041,0.1199
CT009572,Zone_08,Zone_02,0.1511,0.0885,0.1511,0.0956,0.0912,0.0885,0.0683,0.149,0.1441,0.0281,0.0957
CT003736,Zone_10,Zone_10,0.1781,0.0475,0.0659,0.0774,0.0985,0.0949,0.1131,0.093,0.1243,0.1073,0.1781
CT001863,Zone_09,Zone_04,0.1557,0.074,0.0809,0.1442,0.1557,0.0854,0.0856,0.1151,0.1204,0.0325,0.106
CT002847,Zone_04,Zone_06,0.1471,0.0761,0.0938,0.0621,0.1209,0.1424,0.1471,0.1053,0.1247,0.0487,0.0789
CT012402,Zone_07,Zone_08,0.2062,0.0953,0.0833,0.0813,0.0916,0.0978,0.095,0.1132,0.2062,0.0515,0.0846
CT005648,Zone_03,Zone_04,0.1297,0.1095,0.1277,0.1202,0.1297,0.1042,0.0636,0.1227,0.1021,0.0333,0.0869
CT000603,Zone_06,Zone_04,0.2067,0.0821,0.0651,0.1074,0.2067,0.0384,0.093,0.1811,0.1266,0.0453,0.0542
CT008604,Zone_10,Zone_04,0.1477,0.0993,0.1122,0.062,0.1477,0.0602,0.1212,0.1136,0.1281,0.0591,0.0966
CT008406,Zone_07,Zone_02,0.1549,0.0976,0.1549,0.0766,0.1029,0.0635,0.0666,0.145,0.1091,0.0586,0.1252
CT006720,Zone_08,Zone_05,0.145,0.0946,0.087,0.1192,0.118,0.145,0.1146,0.0941,0.1163,0.0408,0.0704
CT008120,Zone_08,Zone_07,0.1768,0.1234,0.0737,0.0945,0.1002,0.0735,0.1022,0.1768,0.159,0.0084,0.0884
CT016793,Zone_08,Zone_02,0.1771,0.0992,0.1771,0.0637,0.0731,0.0748,0.0351,0.1269,0.1327,0.159,0.0584
CT010613,Zone_07,Zone_07,0.1764,0.0369,0.107,0.1046,0.0706,0.1103,0.1481,0.1764,0.1291,0.0085,0.1086
CT007995,Zone_02,Zone_07,0.1475,0.0771,0.1114,0.1141,0.0823,0.0475,0.0549,0.1475,0.1451,0.1147,0.1053
CT014790,Zone_07,Zone_07,0.1502,0.111,0.0905,0.1035,0.1267,0.0568,0.0943,0.1502,0.1121,0.0518,0.1031
CT015860,Zone_10,Zone_04,0.2138,0.1113,0.0827,0.0811,0.2138,0.0644,0.039,0.1553,0.1112,0.047,0.0942
CT019578,Zone_08,Zone_04,0.1334,0.1281,0.1004,0.0673,0.1334,0.0753,0.057,0.1216,0.1201,0.0794,0.1174
CT017654,Zone_07,Zone_06,0.1487,0.0937,0.0806,0.1078,0.1399,0.05,0.1487,0.1407,0.1029,0.0797,0.056
CT018078,Zone_08,Zone_07,0.1652,0.068,0.0842,0.1065,0.1318,0.1253,0.0853,0.1652,0.1261,0.0174,0.0903
CT005267,Zone_04,Zone_08,0.171,0.0487,0.0668,0.0835,0.1162,0.1045,0.1571,0.0828,0.171,0.1128,0.0568
CT016748,Zone_10,Zone_01,0.1758,0.1758,0.0971,0.1068,0.114,0.059,0.0565,0.1198,0.0971,0.0207,0.1531
CT004094,Zone_01,Zone_07,0.1713,0.0927,0.1255,0.1202,0.1235,0.0367,0.0538,0.1713,0.1004,0.0637,0.1122
CT016875,Zone_07,Zone_07,0.135,0.0682,0.1179,0.1114,0.0817,0.0446,0.117,0.135,0.1054,0.1277,0.0909
CT011338,Zone_08,Zone_01,0.1481,0.1481,0.1226,0.0832,0.0934,0.0677,0.0789,0.1399,0.1084,0.0622,0.0957
CT004409,Zone_07,Zone_01,0.1246,0.1246,0.1127,0.1095,0.1015,0.0762,0.0839,0.1206,0.0984,0.053,0.1195
CT000334,Zone_07,Zone_06,0.1762,0.093,0.1031,0.1051,0.1034,0.079,0.1762,0.1142,0.091,0.048,0.087
CT014329,Zone_10,Zone_08,0.1578,0.0861,0.0982,0.1212,0.1165,0.0664,0.144,0.0982,0.1578,0.0164,0.0952
CT011548,Zone_04,Zone_05,0.2029,0.0921,0.0832,0.1094,0.1131,0.2029,0.0962,0.0991,0.0981,0.0347,0.0711
CT010348,Zone_08,Zone_02,0.1513,0.1131,0.1513,0.0891,0.1429,0.0882,0.0597,0.129,0.1079,0.0547,0.0641
CT007162,Zone_08,Zone_08,0.1651,0.1157,0.0911,0.0731,0.0792,0.0584,0.0969,0.122,0.1651,0.0845,0.114
CT017986,Zone_04,Zone_08,0.1636,0.1101,0.1118,0.0752,0.0696,0.1458,0.0794,0.1272,0.1636,0.0392,0.0781
CT003259,Zone_07,Zone_07,0.1954,0.096,0.1038,0.0699,0.107,0.0731,0.1065,0.1954,0.1025,0.0256,0.1202
CT012024,Zone_02,Zone_04,0.1542,0.1058,0.1074,0.0847,0.1542,0.0597,0.0821,0.1189,0.1076,0.1046,0.0751
CT004190,Zone_08,Zone_07,0.1252,0.0939,0.1083,0.1225,0.0945,0.1109,0.0972,0.1252,0.123,0.0546,0.0698
CT013212,Zone_04,Zone_02,0.163,0.1298,0.163,0.1093,0.0898,0.0417,0.0705,0.0978,0.101,0.0932,0.1039
CT010084,Zone_10,Zone_06,0.2262,0.0388,0.1103,0.0922,0.1118,0.1064,0.2262,0.0987,0.0918,0.022,0.1019
CT019890,Zone_03,Zone_09,0.1859,0.0914,0.0978,0.0809,0.0979,0.0738,0.0603,0.1038,0.0956,0.1859,0.1126
CT014251,Zone_07,Zone_02,0.1768,0.0706,0.1768,0.0986,0.1022,0.0702,0.0867,0.1172,0.124,0.0644,0.0892
CT011725,Zone_02,Zone_08,0.1877,0.0834,0.1056,0.1009,0.1203,0.0369,0.0676,0.1324,0.1877,0.0686,0.0966
CT013483,Zone_04,Zone_06,0.1644,0.0669,0.0771,0.0505,0.1366,0.1458,0.1644,0.0922,0.1066,0.0981,0.0618
CT017428,Zone_02,Zone_01,0.1554,0.1554,0.0872,0.1275,0.0929,0.1118,0.0942,0.1011,0.1313,0.0126,0.0858
CT001672,Zone_07,Zone_07,0.1486,0.135,0.1131,0.1124,0.1039,0.0638,0.0688,0.1486,0.0811,0.0375,0.1358
CT010298,Zone_08,Zone_07,0.2016,0.1406,0.1268,0.0695,0.0996,0.0517,0.073,0.2016,0.129,0.0258,0.0824
CT017323,Zone_10,Zone_04,0.1219,0.1185,0.1024,0.1087,0.1219,0.1061,0.1019,0.1072,0.0926,0.0339,0.1068
CT006412,Zone_07,Zone_06,0.1597,0.0674,0.1026,0.0689,0.0789,0.1206,0.1597,0.1146,0.1339,0.0148,0.1385
CT009808,Zone_02,Zone_04,0.1512,0.1002,0.0935,0.1085,0.1512,0.069,0.0851,0.1477,0.13,0.028,0.0868
CT006658,Zone_10,Zone_07,0.182,0.087,0.0939,0.1236,0.1798,0.0643,0.0847,0.182,0.0815,0.0605,0.0426
CT004598,Zone_01,Zone_10,0.1289,0.1151,0.1113,0.107,0.0834,0.1003,0.1171,0.0895,0.116,0.0313,0.1289
CT010168,Zone_07,Zone_08,0.1975,0.063,0.1356,0.0724,0.1289,0.068,0.0667,0.1055,0.1975,0.0653,0.0971
CT018473,Zone_07,Zone_07,0.1519,0.0798,0.0861,0.1441,0.1054,0.0701,0.086,0.1519,0.1359,0.013,0.1278
CT009139,Zone_04,Zone_07,0.139,0.1124,0.0818,0.0943,0.1021,0.1344,0.0829,0.139,0.1196,0.0358,0.0975
CT012319,Zone_08,Zone_02,0.1303,0.1088,0.1303,0.0858,0.1118,0.0704,0.0875,0.1091,0.1183,0.0735,0.1044
CT002985,Zone_02,Zone_01,0.1666,0.1666,0.0831,0.0661,0.1067,0.1043,0.1036,0.1013,0.1152,0.0368,0.1163
CT013881,Zone_08,Zone_03,0.1331,0.0988,0.1263,0.1331,0.107,0.06,0.078,0.1288,0.1149,0.0227,0.1305
CT013990,Zone_01,Zone_04,0.157,0.0759,0.1034,0.1341,0.157,0.0815,0.093,0.1407,0.1077,0.0257,0.081
CT006237,Zone_08,Zone_07,0.1257,0.0946,0.1116,0.1048,0.1039,0.0606,0.1169,0.1257,0.1175,0.0673,0.097
CT013521,Zone_07,Zone_08,0.1543,0.1149,0.1066,0.0939,0.1081,0.1133,0.0607,0.1258,0.1543,0.021,0.1015
CT001735,Zone_07,Zone_07,0.1512,0.1048,0.1124,0.0813,0.1175,0.0698,0.0943,0.1512,0.1055,0.0844,0.0787
CT010590,Zone_07,Zone_02,0.1413,0.0904,0.1413,0.1049,0.1048,0.0802,0.1101,0.1089,0.1056,0.0873,0.0665
CT003933,Zone_07,Zone_03,0.1749,0.1069,0.0826,0.1749,0.1031,0.072,0.0442,0.126,0.0871,0.0932,0.1099
CT016653,Zone_07,Zone_07,0.1263,0.0797,0.1004,0.1141,0.1176,0.0574,0.0947,0.1263,0.1202,0.1177,0.072
CT016290,Zone_07,Zone_02,0.1333,0.0932,0.1333,0.0893,0.1278,0.0666,0.0648,0.104,0.1328,0.1101,0.0782
CT019126,Zone_07,Zone_04,0.1355,0.1009,0.0964,0.1099,0.1355,0.0984,0.0473,0.1305,0.1307,0.0458,0.1048
CT006243,Zone_02,Zone_04,0.1784,0.0721,0.0885,0.1149,0.1784,0.0299,0.0618,0.1714,0.0952,0.0446,0.143
CT006276,Zone_08,Zone_04,0.179,0.0872,0.1356,0.1119,0.179,0.0625,0.0662,0.1043,0.1276,0.0399,0.0858
CT013067,Zone_07,Zone_07,0.128,0.1249,0.0979,0.1191,0.1258,0.1074,0.1199,0.128,0.0949,0.0162,0.0659
CT010364,Zone_08,Zone_08,0.2046,0.0643,0.1018,0.0814,0.1047,0.0816,0.1243,0.142,0.2046,0.0141,0.0812
CT002861,Zone_08,Zone_04,0.147,0.1199,0.1122,0.103,0.147,0.0772,0.0943,0.099,0.1416,0.032,0.0739
CT011013,Zone_08,Zone_06,0.1397,0.0659,0.1256,0.0938,0.0966,0.0864,0.1397,0.1117,0.1174,0.0496,0.1134
CT012307,Zone_04,Zone_01,0.1404,0.1404,0.1229,0.1202,0.1143,0.0731,0.0563,0.1179,0.1119,0.0271,0.1159
CT008947,Zone_02,Zone_04,0.129,0.0875,0.0941,0.0958,0.129,0.1029,0.0926,0.117,0.1248,0.0356,0.1208
CT015517,Zone_08,Zone_10,0.1697,0.0923,0.1343,0.0952,0.1092,0.0691,0.0758,0.125,0.0939,0.0354,0.1697
CT004818,Zone_07,Zone_07,0.1438,0.0824,0.1056,0.0859,0.1428,0.0559,0.1355,0.1438,0.0988,0.0391,0.1102
CT009541,Zone_10,Zone_01,0.1805,0.1805,0.064,0.0746,0.1331,0.0584,0.0492,0.1157,0.1153,0.1526,0.0566
CT002882,Zone_03,Zone_07,0.2471,0.0576,0.0967,0.0871,0.1461,0.0433,0.0862,0.2471,0.0896,0.0404,0.106
CT014259,Zone_08,Zone_03,0.1412,0.077,0.106,0.1412,0.1231,0.1288,0.0459,0.1088,0.1319,0.0513,0.086
CT019176,Zone_04,Zone_02,0.1779,0.0377,0.1779,0.0932,0.1177,0.0803,0.0927,0.1173,0.1207,0.0839,0.0786
CT011711,Zone_08,Zone_03,0.1722,0.1142,0.1161,0.1722,0.1058,0.0728,0.0707,0.1214,0.0827,0.0393,0.1049
CT014212,Zone_07,Zone_08,0.1613,0.1179,0.0983,0.0979,0.0938,0.1105,0.0834,0.1132,0.1613,0.0193,0.1044
CT015588,Zone_04,Zone_04,0.1794,0.0743,0.1263,0.0827,0.1794,0.0725,0.0827,0.1159,0.1558,0.0572,0.0533
CT016082,Zone_08,Zone_02,0.1687,0.0873,0.1687,0.1108,0.082,0.0839,0.1037,0.1011,0.1019,0.0707,0.0898
CT016782,Zone_07,Zone_05,0.1456,0.0858,0.093,0.1139,0.0888,0.1456,0.0383,0.134,0.1347,0.047,0.119
CT010115,Zone_02,Zone_10,0.1475,0.1084,0.1026,0.1181,0.0807,0.0444,0.1085,0.127,0.1225,0.0402,0.1475
CT005303,Zone_07,Zone_02,0.2192,0.0967,0.2192,0.1423,0.1243,0.0666,0.0654,0.1154,0.0925,0.0119,0.0656
CT007219,Zone_04,Zone_10,0.1845,0.0759,0.1262,0.15,0.0723,0.0928,0.0679,0.1164,0.0964,0.0176,0.1845
CT002069,Zone_04,Zone_07,0.1363,0.0938,0.1249,0.0815,0.0851,0.0846,0.1134,0.1363,0.0923,0.0535,0.1345
CT006548,Zone_08,Zone_04,0.1426,0.0881,0.1242,0.1167,0.1426,0.064,0.1197,0.1361,0.1041,0.0107,0.0938
CT008348,Zone_03,Zone_08,0.1378,0.1341,0.0945,0.1308,0.107,0.0664,0.0713,0.1362,0.1378,0.0433,0.0787
CT017634,Zone_06,Zone_07,0.1611,0.12,0.0918,0.0928,0.095,0.0534,0.078,0.1611,0.1539,0.0419,0.1121
CT008474,Zone_02,Zone_05,0.1545,0.1473,0.091,0.1168,0.0913,0.1545,0.0738,0.0819,0.1366,0.0154,0.0914
CT011210,Zone_03,Zone_03,0.1383,0.075,0.1247,0.1383,0.1031,0.0634,0.0601,0.1112,0.1151,0.1322,0.0769
CT013970,Zone_07,Zone_10,0.1341,0.112,0.0995,0.0965,0.1108,0.1093,0.0686,0.1301,0.1163,0.0229,0.1341
CT019308,Zone_03,Zone_03,0.1533,0.0934,0.1503,0.1533,0.0811,0.059,0.0648,0.1316,0.0852,0.106,0.0752
CT003495,Zone_03,Zone_07,0.1671,0.1074,0.1261,0.1156,0.1066,0.0579,0.1004,0.1671,0.0954,0.047,0.0767
CT000064,Zone_07,Zone_10,0.1469,0.114,0.1369,0.0591,0.1157,0.1397,0.0499,0.1203,0.0757,0.0419,0.1469
CT006218,Zone_08,Zone_07,0.1859,0.0902,0.1082,0.0526,0.0669,0.1684,0.0551,0.1859,0.103,0.029,0.1408
CT004015,Zone_07,Zone_06,0.1613,0.0568,0.1163,0.1042,0.0976,0.1098,0.1613,0.1051,0.1321,0.0413,0.0755
CT016527,Zone_01,Zone_08,0.201,0.0623,0.0562,0.1865,0.1029,0.0919,0.0658,0.162,0.201,0.0241,0.0473
CT017842,Zone_08,Zone_01,0.1427,0.1427,0.0899,0.0814,0.098,0.07,0.1344,0.128,0.1374,0.0311,0.087
CT011807,Zone_08,Zone_10,0.1302,0.1247,0.1131,0.1009,0.1284,0.0523,0.1175,0.1217,0.1013,0.01,0.1302
CT017379,Zone_08,Zone_07,0.139,0.0834,0.0636,0.1296,0.1129,0.1125,0.0829,0.139,0.1211,0.0684,0.0865
CT007009,Zone_02,Zone_03,0.1215,0.1147,0.0904,0.1215,0.1146,0.1089,0.0866,0.1091,0.1106,0.0398,0.1038
CT014096,Zone_05,Zone_07,0.1525,0.0996,0.0947,0.1298,0.1053,0.0519,0.0857,0.1525,0.0951,0.0699,0.1155
CT011290,Zone_01,Zone_08,0.143,0.0966,0.1058,0.0954,0.1265,0.0555,0.0944,0.1363,0.143,0.0269,0.1197
CT013314,Zone_07,Zone_06,0.1604,0.0562,0.0751,0.1471,0.1038,0.0666,0.1604,0.1531,0.1237,0.051,0.063
CT001991,Zone_03,Zone_04,0.1937,0.073,0.0777,0.0883,0.1937,0.0697,0.0591,0.1617,0.1063,0.085,0.0855
CT004874,Zone_07,Zone_05,0.1662,0.084,0.1056,0.0902,0.0864,0.1662,0.0711,0.1484,0.1066,0.0573,0.0841
CT015461,Zone_08,Zone_02,0.1373,0.1027,0.1373,0.1195,0.1009,0.0818,0.0752,0.1268,0.1006,0.0551,0.1
CT015725,Zone_10,Zone_08,0.1268,0.1187,0.1087,0.081,0.0782,0.1105,0.0646,0.1183,0.1268,0.1076,0.0856
CT000090,Zone_07,Zone_08,0.1504,0.0676,0.1035,0.1285,0.1103,0.1122,0.0654,0.1174,0.1504,0.0443,0.1005
CT010716,Zone_04,Zone_07,0.1687,0.1346,0.1092,0.0942,0.1001,0.0553,0.1057,0.1687,0.115,0.0329,0.0844
CT016894,Zone_01,Zone_05,0.1418,0.1187,0.1093,0.0685,0.094,0.1418,0.057,0.1277,0.13,0.0579,0.0952
CT005889,Zone_07,Zone_07,0.1621,0.1195,0.1092,0.1205,0.1048,0.0423,0.0775,0.1621,0.1383,0.0283,0.0975
CT017869,Zone_08,Zone_10,0.1558,0.111,0.0985,0.0977,0.1002,0.0763,0.0709,0.1037,0.1311,0.0547,0.1558
CT013363,Zone_04,Zone_01,0.145,0.145,0.1172,0.1374,0.1071,0.0816,0.0756,0.101,0.1279,0.0382,0.0689
CT014632,Zone_02,Zone_05,0.1934,0.1157,0.0752,0.121,0.1226,0.1934,0.0522,0.0955,0.1054,0.0369,0.082
CT002899,Zone_08,Zone_07,0.1405,0.0848,0.0832,0.0898,0.0939,0.0941,0.1113,0.1405,0.1392,0.0262,0.137
CT017988,Zone_04,Zone_08,0.1288,0.0531,0.1247,0.1184,0.1077,0.0542,0.1184,0.1102,0.1288,0.0602,0.1243
CT014342,Zone_04,Zone_07,0.1593,0.0988,0.0823,0.1519,0.1421,0.1311,0.0284,0.1593,0.1285,0.0442,0.0334
CT001947,Zone_01,Zone_07,0.1734,0.0892,0.1233,0.1213,0.1084,0.0254,0.1169,0.1734,0.1243,0.0259,0.092
CT011856,Zone_04,Zone_09,0.1571,0.1027,0.0921,0.0974,0.1007,0.0913,0.0728,0.1094,0.0913,0.1571,0.0851
CT009872,Zone_07,Zone_10,0.1587,0.0935,0.0974,0.1318,0.077,0.0396,0.0584,0.1272,0.1338,0.0826,0.1587
CT015536,Zone_03,Zone_01,0.1629,0.1629,0.0952,0.0713,0.1343,0.0817,0.0733,0.1502,0.1404,0.0315,0.0592
CT010969,Zone_08,Zone_03,0.1541,0.0758,0.1103,0.1541,0.0957,0.0695,0.1326,0.1482,0.1096,0.0159,0.0882
CT004093,Zone_07,Zone_04,0.1617,0.0962,0.0458,0.0825,0.1617,0.1364,0.0822,0.1376,0.0857,0.0349,0.137
CT014011,Zone_06,Zone_03,0.1867,0.0899,0.0899,0.1867,0.0966,0.0388,0.0578,0.1409,0.1079,0.1097,0.0819
CT015689,Zone_04,Zone_04,0.1663,0.0977,0.1215,0.091,0.1663,0.0844,0.0958,0.1484,0.076,0.043,0.0758
CT016265,Zone_10,Zone_08,0.1275,0.08,0.0803,0.0965,0.1241,0.1263,0.1142,0.0972,0.1275,0.0475,0.1063
CT013950,Zone_08,Zone_03,0.1225,0.0942,0.0891,0.1225,0.1134,0.0996,0.0995,0.1185,0.1023,0.0615,0.0995
CT006116,Zone_07,Zone_04,0.1547,0.1007,0.0682,0.1535,0.1547,0.074,0.0646,0.1338,0.1382,0.0386,0.0736
CT012962,Zone_08,Zone_04,0.1582,0.0844,0.0953,0.0884,0.1582,0.0832,0.0815,0.136,0.121,0.0309,0.1213
CT011610,Zone_02,Zone_07,0.1538,0.1069,0.0711,0.1044,0.0995,0.078,0.105,0.1538,0.153,0.03,0.0983
CT019323,Zone_07,Zone_07,0.1824,0.1085,0.1191,0.0857,0.1049,0.061,0.0616,0.1824,0.1062,0.0634,0.1073
CT003978,Zone_03,Zone_10,0.1567,0.087,0.0545,0.1101,0.1127,0.0436,0.0834,0.1234,0.1446,0.0839,0.1567
CT019559,Zone_07,Zone_07,0.1702,0.1041,0.0899,0.1185,0.1135,0.0949,0.0797,0.1702,0.1388,0.0264,0.064
CT010737,Zone_05,Zone_02,0.15,0.0865,0.15,0.115,0.129,0.0714,0.0858,0.1346,0.1348,0.0259,0.0671
CT011712,Zone_02,Zone_07,0.1759,0.088,0.1042,0.092,0.1133,0.0536,0.1155,0.1759,0.1296,0.0305,0.0974
CT009915,Zone_04,Zone_04,0.1403,0.0705,0.0894,0.1224,0.1403,0.065,0.0977,0.1264,0.1333,0.0325,0.1224
CT013068,Zone_07,Zone_02,0.1777,0.0766,0.1777,0.0962,0.0941,0.0717,0.1097,0.0905,0.087,0.1188,0.0776
CT019907,Zone_07,Zone_08,0.133,0.0886,0.1018,0.1223,0.1116,0.0854,0.0777,0.132,0.133,0.0288,0.1189
CT019133,Zone_07,Zone_08,0.1428,0.0918,0.1252,0.1067,0.0798,0.0693,0.0781,0.1276,0.1428,0.1024,0.0763
CT010738,Zone_05,Zone_06,0.1498,0.1333,0.1076,0.0957,0.085,0.0592,0.1498,0.1316,0.1132,0.0286,0.0961
CT005095,Zone_09,Zone_08,0.1677,0.1272,0.122,0.0787,0.0905,0.0778,0.1429,0.1066,0.1677,0.0271,0.0595
CT006646,Zone_03,Zone_04,0.1863,0.0809,0.0974,0.0787,0.1863,0.0589,0.113,0.1274,0.1572,0.0225,0.0778
CT011147,Zone_03,Zone_07,0.1595,0.1023,0.1267,0.0834,0.1013,0.0818,0.0487,0.1595,0.1572,0.0515,0.0875
CT012534,Zone_08,Zone_07,0.1662,0.0526,0.0992,0.0987,0.1335,0.0542,0.0679,0.1662,0.1582,0.0412,0.1283
CT006598,Zone_04,Zone_04,0.1481,0.0896,0.0654,0.0796,0.1481,0.0907,0.0917,0.1231,0.1262,0.0439,0.1417
CT009310,Zone_08,Zone_05,0.1836,0.0815,0.0999,0.0615,0.0975,0.1836,0.0819,0.0904,0.1235,0.0869,0.0932
CT009437,Zone_04,Zone_10,0.1447,0.0881,0.111,0.1042,0.1176,0.0704,0.0874,0.1412,0.0935,0.0419,0.1447
CT010226,Zone_08,Zone_10,0.1415,0.0514,0.1119,0.0719,0.1373,0.0935,0.0873,0.1367,0.1381,0.0305,0.1415
CT001570,Zone_08,Zone_07,0.1637,0.0899,0.1213,0.1155,0.1147,0.0603,0.0647,0.1637,0.1152,0.0583,0.0964
CT003766,Zone_07,Zone_07,0.1611,0.0644,0.1373,0.0808,0.1103,0.0779,0.1095,0.1611,0.1411,0.0453,0.0723
CT018944,Zone_07,Zone_01,0.1472,0.1472,0.1045,0.1111,0.1132,0.0581,0.0865,0.145,0.1143,0.0245,0.0956
CT008822,Zone_08,Zone_07,0.1389,0.1198,0.0898,0.1016,0.0889,0.1344,0.0627,0.1389,0.1316,0.0162,0.1162
CT010819,Zone_04,Zone_04,0.1863,0.0793,0.0841,0.1093,0.1863,0.0533,0.0625,0.1271,0.1457,0.0935,0.059
CT000795,Zone_02,Zone_08,0.1475,0.1332,0.0845,0.0909,0.1384,0.0854,0.0509,0.1268,0.1475,0.0628,0.0796
CT016322,Zone_08,Zone_10,0.1489,0.0848,0.08,0.1282,0.0923,0.0742,0.0963,0.1381,0.1193,0.038,0.1489
CT004128,Zone_08,Zone_07,0.1613,0.1389,0.0907,0.122,0.1051,0.0994,0.0874,0.1613,0.0941,0.0265,0.0746
CT013384,Zone_02,Zone_01,0.1615,0.1615,0.1238,0.092,0.1004,0.1291,0.0884,0.0935,0.0936,0.0339,0.0839
CT018447,Zone_08,Zone_08,0.1454,0.0952,0.1056,0.089,0.1026,0.0933,0.0866,0.1355,0.1454,0.0564,0.0904
CT001430,Zone_08,Zone_03,0.189,0.0726,0.0677,0.189,0.0965,0.0808,0.1252,0.0893,0.1284,0.0272,0.1235
CT010609,Zone_10,Zone_02,0.15,0.0859,0.15,0.1175,0.0974,0.0697,0.0569,0.1186,0.122,0.0491,0.1329
CT009341,Zone_02,Zone_10,0.1521,0.1243,0.0772,0.0918,0.1145,0.0638,0.0908,0.1218,0.1294,0.0342,0.1521
CT018952,Zone_05,Zone_01,0.1417,0.1417,0.1202,0.1034,0.1117,0.1024,0.0513,0.1145,0.1159,0.0718,0.0671
CT009312,Zone_07,Zone_08,0.1734,0.0882,0.0729,0.0746,0.1131,0.0572,0.1317,0.082,0.1734,0.0412,0.1658
CT001621,Zone_01,Zone_08,0.144,0.0999,0.0811,0.0997,0.1228,0.0988,0.0526,0.143,0.144,0.0639,0.0943
CT015044,Zone_07,Zone_07,0.172,0.0876,0.1062,0.1581,0.1043,0.0416,0.126,0.172,0.1119,0.0262,0.0662
CT001758,Zone_10,Zone_08,0.1624,0.1201,0.1155,0.0817,0.1058,0.0786,0.0723,0.1539,0.1624,0.0093,0.1005
CT003423,Zone_08,Zone_04,0.1951,0.0597,0.1133,0.085,0.1951,0.0423,0.0887,0.09,0.1648,0.0844,0.0767
CT018346,Zone_04,Zone_07,0.1742,0.0555,0.0844,0.1181,0.0914,0.1206,0.1649,0.1742,0.1006,0.0159,0.0744
CT014099,Zone_06,Zone_05,0.1707,0.1433,0.0824,0.0891,0.1098,0.1707,0.0742,0.0968,0.1193,0.0187,0.0955
CT007014,Zone_08,Zone_04,0.1726,0.0794,0.0842,0.1435,0.1726,0.0609,0.0459,0.0964,0.1123,0.0509,0.1539
CT005623,Zone_08,Zone_07,0.123,0.1053,0.1135,0.1186,0.0926,0.0779,0.0537,0.123,0.1136,0.1102,0.0917
CT010428,Zone_07,Zone_06,0.1839,0.0845,0.1236,0.131,0.1041,0.0654,0.1839,0.1011,0.1099,0.0272,0.0693
CT012686,Zone_08,Zone_03,0.2154,0.0926,0.1064,0.2154,0.1114,0.0496,0.0431,0.1478,0.1067,0.0362,0.0908
CT015527,Zone_08,Zone_02,0.2292,0.0851,0.2292,0.0789,0.153,0.096,0.023,0.1007,0.1153,0.0299,0.0888
CT012808,Zone_06,Zone_07,0.1478,0.0741,0.0961,0.0809,0.1227,0.0731,0.1426,0.1478,0.1106,0.0543,0.0978
CT013627,Zone_08,Zone_04,0.1615,0.1125,0.0753,0.1024,0.1615,0.0576,0.0669,0.133,0.1213,0.0473,0.1222
CT017569,Zone_03,Zone_03,0.1895,0.0994,0.0909,0.1895,0.1233,0.0705,0.0737,0.1258,0.0953,0.0205,0.111
CT014825,Zone_08,Zone_07,0.1637,0.093,0.1568,0.0986,0.1612,0.0571,0.0709,0.1637,0.0889,0.0403,0.0695
CT010594,Zone_08,Zone_07,0.1359,0.1101,0.1151,0.0866,0.115,0.131,0.0613,0.1359,0.1072,0.0239,0.1139
CT019721,Zone_08,Zone_03,0.1799,0.0804,0.07,0.1799,0.0998,0.0928,0.0415,0.0767,0.1165,0.1541,0.0883
CT015392,Zone_04,Zone_08,0.1395,0.1332,0.1175,0.0817,0.0807,0.0932,0.0665,0.1,0.1395,0.0613,0.1264
CT015319,Zone_08,Zone_08,0.1448,0.0928,0.1403,0.0876,0.0991,0.0383,0.0668,0.1233,0.1448,0.0903,0.1167
CT004930,Zone_04,Zone_07,0.1478,0.1117,0.0934,0.0986,0.1145,0.0746,0.1009,0.1478,0.1122,0.0652,0.0811
CT006434,Zone_06,Zone_01,0.186,0.186,0.069,0.0953,0.1389,0.0595,0.0565,0.1433,0.0866,0.064,0.1008
CT016898,Zone_09,Zone_07,0.1956,0.0538,0.1842,0.0948,0.1014,0.0692,0.0666,0.1956,0.1143,0.0401,0.08
CT010083,Zone_03,Zone_03,0.1453,0.074,0.0923,0.1453,0.1135,0.0727,0.0758,0.122,0.1163,0.0976,0.0904
CT003896,Zone_08,Zone_07,0.1549,0.0899,0.1325,0.0855,0.0971,0.0745,0.1213,0.1549,0.1304,0.0353,0.0786
CT000653,Zone_08,Zone_07,0.1498,0.0653,0.0749,0.1223,0.1171,0.0799,0.1345,0.1498,0.1325,0.0214,0.1024
CT014148,Zone_06,Zone_04,0.1689,0.109,0.0853,0.1326,0.1689,0.0738,0.0567,0.1425,0.1392,0.0186,0.0733
CT000362,Zone_03,Zone_04,0.1703,0.1074,0.0929,0.0901,0.1703,0.0722,0.081,0.1434,0.0979,0.0419,0.1028
CT000191,Zone_10,Zone_06,0.1282,0.0862,0.0962,0.1139,0.1272,0.0926,0.1282,0.1241,0.1111,0.0379,0.0827
CT003823,Zone_07,Zone_07,0.1919,0.0866,0.0674,0.0778,0.1239,0.0344,0.1288,0.1919,0.1208,0.0724,0.096
CT004182,Zone_03,Zone_03,0.187,0.0718,0.1112,0.187,0.1027,0.0908,0.0896,0.1193,0.1071,0.0438,0.0768
CT011508,Zone_02,Zone_07,0.1608,0.1092,0.0817,0.0881,0.1604,0.0721,0.0885,0.1608,0.1061,0.0353,0.0978
CT019163,Zone_04,Zone_08,0.1327,0.1105,0.0672,0.1023,0.1228,0.0766,0.124,0.1326,0.1327,0.0362,0.0952
CT003282,Zone_02,Zone_08,0.1398,0.1299,0.0729,0.1054,0.1235,0.08,0.0984,0.1335,0.1398,0.0424,0.0744
CT009122,Zone_10,Zone_07,0.149,0.0909,0.0979,0.0822,0.1373,0.1059,0.0456,0.149,0.1195,0.0238,0.1479
CT004071,Zone_05,Zone_10,0.1378,0.1233,0.0904,0.1154,0.1135,0.0873,0.094,0.0827,0.1364,0.0192,0.1378
CT010374,Zone_04,Zone_03,0.1695,0.0962,0.076,0.1695,0.1063,0.0996,0.0953,0.1323,0.0824,0.0393,0.1031
CT015633,Zone_03,Zone_04,0.1392,0.1378,0.0711,0.1183,0.1392,0.1068,0.0559,0.1149,0.1006,0.0463,0.1092
CT010171,Zone_07,Zone_10,0.1424,0.0831,0.0944,0.0936,0.0863,0.1154,0.1098,0.1218,0.1095,0.0438,0.1424
CT013486,Zone_07,Zone_10,0.1371,0.1319,0.0896,0.096,0.0957,0.0914,0.06,0.1071,0.0994,0.0918,0.1371
CT019924,Zone_08,Zone_08,0.1279,0.089,0.0911,0.1052,0.1158,0.0859,0.1084,0.1178,0.1279,0.0369,0.1219
CT018401,Zone_07,Zone_07,0.1633,0.0681,0.1169,0.1138,0.106,0.0662,0.0704,0.1633,0.119,0.0386,0.1377
CT010338,Zone_06,Zone_08,0.1725,0.1199,0.0873,0.0939,0.1035,0.0595,0.0659,0.1423,0.1725,0.0938,0.0614
CT010145,Zone_07,Zone_03,0.2052,0.0847,0.0983,0.2052,0.1102,0.0855,0.0716,0.1607,0.0762,0.0266,0.0809
CT016887,Zone_07,Zone_03,0.2563,0.0922,0.072,0.2563,0.1044,0.068,0.0434,0.0895,0.0987,0.0434,0.1321
CT007392,Zone_02,Zone_04,0.1321,0.1065,0.0783,0.1281,0.1321,0.1161,0.0918,0.126,0.1007,0.0226,0.0978
CT010780,Zone_08,Zone_10,0.2196,0.0567,0.095,0.1277,0.0828,0.0615,0.151,0.0978,0.087,0.0207,0.2196
CT004097,Zone_07,Zone_04,0.1637,0.0678,0.0907,0.0893,0.1637,0.0665,0.0744,0.1533,0.1346,0.066,0.0936
CT009234,Zone_06,Zone_02,0.1289,0.1053,0.1289,0.1054,0.1187,0.0679,0.1123,0.1209,0.1049,0.0694,0.0662
CT015785,Zone_08,Zone_07,0.1714,0.0922,0.1281,0.0773,0.0981,0.0819,0.1323,0.1714,0.0989,0.0367,0.0833
CT003966,Zone_03,Zone_04,0.1928,0.1245,0.0964,0.0779,0.1928,0.0499,0.044,0.1077,0.1276,0.0726,0.1064
CT010040,Zone_07,Zone_02,0.1604,0.0533,0.1604,0.1032,0.071,0.1004,0.0882,0.142,0.103,0.1247,0.0539
CT014419,Zone_08,Zone_01,0.1349,0.1349,0.1125,0.1063,0.0885,0.066,0.0953,0.1097,0.1275,0.0603,0.0991
CT005080,Zone_07,Zone_07,0.1356,0.0971,0.1134,0.1052,0.0951,0.0852,0.08,0.1356,0.118,0.0488,0.1217
CT009522,Zone_08,Zone_07,0.2079,0.033,0.0932,0.1001,0.117,0.1064,0.1138,0.2079,0.0738,0.0309,0.124
CT012067,Zone_03,Zone_01,0.1354,0.1354,0.0765,0.1186,0.0761,0.0421,0.0347,0.1262,0.1337,0.1338,0.1227
CT015529,Zone_07,Zone_06,0.1916,0.0979,0.072,0.1474,0.0774,0.0588,0.1916,0.1096,0.0927,0.022,0.1307
CT011378,Zone_04,Zone_04,0.1597,0.0691,0.1086,0.1148,0.1597,0.1063,0.1094,0.0873,0.1246,0.0427,0.0775
CT016808,Zone_02,Zone_01,0.127,0.127,0.1109,0.1064,0.0912,0.1115,0.0827,0.0986,0.1003,0.0474,0.124
CT018155,Zone_08,Zone_07,0.1815,0.1591,0.1356,0.1035,0.0767,0.1007,0.0499,0.1815,0.1245,0.0199,0.0486
CT019041,Zone_07,Zone_02,0.1257,0.1175,0.1257,0.0952,0.1164,0.0828,0.113,0.111,0.1238,0.0408,0.0738
CT006179,Zone_05,Zone_03,0.1445,0.1113,0.121,0.1445,0.088,0.0877,0.0919,0.0878,0.1132,0.049,0.1056
CT004385,Zone_07,Zone_10,0.1499,0.0842,0.0947,0.0972,0.1014,0.1069,0.0936,0.1174,0.1353,0.0193,0.1499
CT011134,Zone_10,Zone_08,0.1665,0.1069,0.1058,0.0755,0.0786,0.163,0.0909,0.0994,0.1665,0.0303,0.0832
CT018654,Zone_04,Zone_03,0.1422,0.1241,0.0912,0.1422,0.1093,0.1041,0.0799,0.0973,0.139,0.0168,0.096
CT010405,Zone_01,Zone_05,0.1323,0.0749,0.057,0.1,0.1217,0.1323,0.1133,0.1301,0.1248,0.0328,0.1131
CT006953,Zone_03,Zone_08,0.1924,0.0727,0.0941,0.1195,0.1103,0.0979,0.0812,0.1148,0.1924,0.0373,0.0798
CT013896,Zone_07,Zone_08,0.2067,0.0922,0.142,0.0763,0.1122,0.0847,0.0648,0.1077,0.2067,0.0184,0.095
CT012120,Zone_04,Zone_02,0.1927,0.1177,0.1927,0.0992,0.0903,0.0614,0.0683,0.1406,0.1211,0.0223,0.0863
CT018213,Zone_01,Zone_08,0.1581,0.0971,0.1037,0.0842,0.1135,0.071,0.1126,0.106,0.1581,0.0509,0.1031
CT012369,Zone_08,Zone_08,0.1417,0.0933,0.1138,0.1002,0.1052,0.0758,0.1116,0.0933,0.1417,0.0773,0.0878
CT012986,Zone_07,Zone_06,0.1373,0.0944,0.1018,0.1032,0.1047,0.0611,0.1373,0.136,0.1206,0.0458,0.0951
CT002103,Zone_07,Zone_07,0.1448,0.0645,0.0872,0.0942,0.1232,0.0785,0.1301,0.1448,0.1222,0.0323,0.123
CT014300,Zone_07,Zone_01,0.1378,0.1378,0.1075,0.1336,0.0755,0.1116,0.0677,0.1375,0.106,0.0173,0.1054
CT003500,Zone_07,Zone_03,0.1651,0.0839,0.0692,0.1651,0.155,0.0719,0.0536,0.13,0.1388,0.0171,0.1153
CT011952,Zone_08,Zone_08,0.1611,0.1197,0.0814,0.1148,0.1203,0.0578,0.0719,0.1583,0.1611,0.0218,0.0931
CT005836,Zone_03,Zone_07,0.1698,0.1055,0.1515,0.1336,0.0876,0.0987,0.0291,0.1698,0.1137,0.0404,0.0702
CT014861,Zone_04,Zone_07,0.1524,0.0816,0.1112,0.1392,0.1228,0.0748,0.0864,0.1524,0.0842,0.0371,0.1104
CT004984,Zone_03,Zone_03,0.1508,0.1154,0.0983,0.1508,0.1022,0.0789,0.0889,0.1321,0.1199,0.0198,0.0937
CT008618,Zone_08,Zone_06,0.1622,0.0517,0.0962,0.1158,0.1184,0.1092,0.1622,0.1319,0.1227,0.0294,0.0626
CT000751,Zone_04,Zone_01,0.1397,0.1397,0.124,0.1093,0.1006,0.078,0.0692,0.128,0.1036,0.0519,0.0957
CT018877,Zone_02,Zone_02,0.1904,0.0853,0.1904,0.0723,0.1199,0.0959,0.0646,0.1642,0.1,0.013,0.0945
CT010720,Zone_07,Zone_04,0.1387,0.0962,0.1076,0.1341,0.1387,0.1221,0.0657,0.1059,0.1117,0.039,0.079
CT017128,Zone_07,Zone_08,0.1424,0.0775,0.1304,0.0893,0.1078,0.0867,0.0916,0.1255,0.1424,0.0285,0.1203
CT002099,Zone_03,Zone_02,0.1901,0.0806,0.1901,0.1244,0.0724,0.0476,0.0923,0.0922,0.0683,0.1018,0.1304
CT011570,Zone_07,Zone_06,0.1973,0.0898,0.1077,0.0925,0.0868,0.0528,0.1973,0.1319,0.1184,0.03,0.0927
CT015195,Zone_07,Zone_08,0.1733,0.1163,0.1063,0.0978,0.1343,0.0819,0.066,0.1375,0.1733,0.0091,0.0776
CT015879,Zone_08,Zone_08,0.1672,0.0552,0.0792,0.1571,0.1122,0.1214,0.0732,0.1245,0.1672,0.0603,0.0497
CT005914,Zone_04,Zone_07,0.1396,0.1022,0.1076,0.12,0.1221,0.1024,0.0781,0.1396,0.133,0.0217,0.0733
CT003795,Zone_07,Zone_04,0.2015,0.1361,0.0955,0.0706,0.2015,0.0717,0.0917,0.1602,0.0695,0.0239,0.0793
CT017331,Zone_05,Zone_04,0.14,0.0975,0.1137,0.107,0.14,0.0593,0.0676,0.1317,0.1094,0.0342,0.1397
CT018856,Zone_08,Zone_07,0.1427,0.1098,0.0721,0.1207,0.0976,0.121,0.0572,0.1427,0.1336,0.0421,0.1033
CT018202,Zone_04,Zone_07,0.143,0.1343,0.1132,0.118,0.1066,0.1118,0.0704,0.143,0.1143,0.015,0.0734
CT000174,Zone_10,Zone_07,0.1831,0.0716,0.1216,0.1218,0.1156,0.0908,0.0972,0.1831,0.0968,0.0466,0.0549
CT001803,Zone_03,Zone_08,0.178,0.1218,0.1184,0.0807,0.0701,0.0875,0.1027,0.1145,0.178,0.033,0.0933
CT013328,Zone_04,Zone_07,0.1319,0.0825,0.095,0.0933,0.0932,0.0916,0.0964,0.1319,0.0939,0.1026,0.1197
CT008666,Zone_08,Zone_08,0.1413,0.0845,0.1273,0.1154,0.0948,0.0952,0.0757,0.1269,0.1413,0.0254,0.1135
CT014321,Zone_07,Zone_02,0.1349,0.0972,0.1349,0.0951,0.1247,0.07,0.0746,0.1168,0.1316,0.0215,0.1337
CT003453,Zone_02,Zone_10,0.15,0.1244,0.0742,0.0513,0.1075,0.0823,0.1371,0.1339,0.1056,0.0338,0.15
CT009696,Zone_05,Zone_08,0.1489,0.1026,0.1159,0.0899,0.1068,0.0935,0.0936,0.1093,0.1489,0.0197,0.1198
CT016332,Zone_07,Zone_01,0.1627,0.1627,0.1139,0.1198,0.1036,0.0535,0.0827,0.1208,0.1005,0.0389,0.1036
CT016970,Zone_07,Zone_08,0.1347,0.0533,0.1279,0.131,0.1291,0.1324,0.0755,0.131,0.1347,0.0242,0.0608
CT004309,Zone_10,Zone_08,0.176,0.0716,0.1364,0.1426,0.1197,0.0556,0.0522,0.1222,0.176,0.0669,0.0566
CT003767,Zone_07,Zone_04,0.1274,0.1265,0.0986,0.111,0.1274,0.1104,0.0771,0.1133,0.1256,0.0377,0.0725
CT002639,Zone_07,Zone_02,0.1457,0.1203,0.1457,0.0847,0.1191,0.1011,0.092,0.1289,0.1156,0.029,0.0637
CT006193,Zone_01,Zone_07,0.1405,0.113,0.1129,0.1291,0.1333,0.0594,0.0933,0.1405,0.1305,0.0191,0.069
CT012296,Zone_07,Zone_06,0.1628,0.1072,0.0818,0.0944,0.071,0.0616,0.1628,0.1395,0.1418,0.0432,0.0966
CT007395,Zone_06,Zone_03,0.1533,0.1211,0.1456,0.1533,0.0841,0.0693,0.0836,0.1388,0.1181,0.0336,0.0525
CT010778,Zone_08,Zone_08,0.1628,0.0856,0.1073,0.1089,0.133,0.0972,0.072,0.0747,0.1628,0.0624,0.0959
CT006578,Zone_07,Zone_04,0.1577,0.0625,0.1254,0.1193,0.1577,0.1331,0.0452,0.0642,0.1163,0.1174,0.0591
CT019074,Zone_09,Zone_08,0.1422,0.0898,0.1036,0.1149,0.1399,0.0861,0.0654,0.1391,0.1422,0.0267,0.0923
CT015095,Zone_07,Zone_08,0.1617,0.0625,0.1286,0.1048,0.1295,0.1207,0.0483,0.1056,0.1617,0.0448,0.0935
CT017221,Zone_07,Zone_05,0.1657,0.1243,0.1273,0.1255,0.0726,0.1657,0.0511,0.0904,0.1391,0.0546,0.0493
CT005042,Zone_03,Zone_06,0.1627,0.1311,0.1193,0.095,0.0828,0.0674,0.1627,0.1052,0.1174,0.0257,0.0933
CT009781,Zone_01,Zone_08,0.1756,0.085,0.1299,0.1196,0.0691,0.0668,0.0779,0.1259,0.1756,0.0677,0.0824
CT002504,Zone_07,Zone_02,0.1926,0.1427,0.1926,0.1092,0.0982,0.0681,0.0351,0.1314,0.0972,0.018,0.1074
CT006335,Zone_07,Zone_08,0.1586,0.0598,0.1428,0.1287,0.1396,0.0776,0.0555,0.119,0.1586,0.0371,0.0814
CT016667,Zone_07,Zone_02,0.1706,0.1467,0.1706,0.1,0.1683,0.0589,0.0336,0.1577,0.0788,0.021,0.0643
CT018425,Zone_07,Zone_05,0.1337,0.1178,0.0815,0.119,0.0973,0.1337,0.0731,0.1191,0.1036,0.0647,0.0902
CT005892,Zone_07,Zone_04,0.1624,0.0904,0.1217,0.1359,0.1624,0.0773,0.0757,0.0923,0.1271,0.0215,0.0957
CT015586,Zone_08,Zone_08,0.1522,0.067,0.1045,0.123,0.1426,0.0565,0.0619,0.1431,0.1522,0.0604,0.0887
CT012258,Zone_02,Zone_02,0.1297,0.0591,0.1297,0.0983,0.095,0.082,0.1117,0.1116,0.1004,0.0831,0.1291
CT013842,Zone_07,Zone_03,0.157,0.05,0.0935,0.157,0.1167,0.1061,0.0797,0.1131,0.1192,0.048,0.1167
CT002692,Zone_05,Zone_08,0.1623,0.1024,0.114,0.0919,0.1031,0.0843,0.053,0.1269,0.1623,0.0294,0.1326
CT009460,Zone_10,Zone_03,0.1495,0.1151,0.082,0.1495,0.0981,0.1087,0.0912,0.1188,0.1176,0.0141,0.105
CT000065,Zone_07,Zone_04,0.156,0.1293,0.1091,0.0763,0.156,0.0464,0.1007,0.1296,0.1127,0.0707,0.0694
CT000084,Zone_03,Zone_10,0.1553,0.1157,0.0792,0.0948,0.1122,0.0859,0.0815,0.1392,0.097,0.0391,0.1553
CT015701,Zone_06,Zone_10,0.2142,0.0921,0.0834,0.0829,0.1179,0.0452,0.0889,0.1048,0.1173,0.0533,0.2142
CT015254,Zone_04,Zone_02,0.1542,0.0785,0.1542,0.0718,0.1406,0.1464,0.0484,0.0967,0.1221,0.0724,0.0688
CT017290,Zone_07,Zone_08,0.1644,0.0765,0.0981,0.0974,0.0953,0.1162,0.089,0.134,0.1644,0.0433,0.0858
CT015986,Zone_03,Zone_04,0.133,0.0916,0.1162,0.07,0.133,0.1162,0.087,0.1101,0.1186,0.0855,0.0717
CT015971,Zone_04,Zone_08,0.1557,0.0862,0.129,0.1018,0.1191,0.0896,0.0766,0.0978,0.1557,0.0726,0.0715
CT002144,Zone_07,Zone_02,0.1846,0.1169,0.1846,0.0507,0.1426,0.0885,0.0335,0.132,0.1181,0.0501,0.083
CT011515,Zone_04,Zone_07,0.1662,0.0847,0.0887,0.132,0.1011,0.0665,0.0859,0.1662,0.1305,0.0368,0.1077
CT003208,Zone_02,Zone_01,0.1555,0.1555,0.1262,0.1081,0.0765,0.0993,0.0639,0.1067,0.1424,0.0406,0.0807
CT004411,Zone_05,Zone_04,0.1385,0.1105,0.1236,0.0751,0.1385,0.0909,0.0557,0.1256,0.1028,0.0525,0.1249
CT017584,Zone_04,Zone_02,0.1869,0.1184,0.1869,0.1036,0.1025,0.0501,0.1015,0.1552,0.0879,0.0331,0.0609
CT007858,Zone_04,Zone_01,0.144,0.144,0.0887,0.1313,0.0799,0.0673,0.0691,0.1229,0.1167,0.0813,0.0988
CT018243,Zone_08,Zone_08,0.2362,0.0354,0.0674,0.1133,0.1185,0.0965,0.0603,0.1563,0.2362,0.0097,0.1064
CT000069,Zone_02,Zone_01,0.1573,0.1573,0.1145,0.1304,0.0866,0.0677,0.0664,0.1184,0.1149,0.0384,0.1053
CT017488,Zone_04,Zone_07,0.1839,0.1297,0.1249,0.0812,0.1317,0.0926,0.067,0.1839,0.0986,0.0357,0.0545
CT010642,Zone_07,Zone_03,0.2146,0.1059,0.1471,0.2146,0.1039,0.0676,0.0776,0.1097,0.0751,0.0388,0.0596
CT002476,Zone_02,Zone_08,0.1291,0.1211,0.1256,0.0952,0.111,0.0561,0.1237,0.0952,0.1291,0.0547,0.0882
CT009149,Zone_05,Zone_04,0.1412,0.1144,0.086,0.1024,0.1412,0.1079,0.0852,0.1118,0.1249,0.0423,0.0839
CT017686,Zone_08,Zone_04,0.1618,0.117,0.1095,0.1465,0.1618,0.0897,0.0993,0.1206,0.0864,0.0229,0.0464
CT014973,Zone_08,Zone_04,0.1465,0.0855,0.0819,0.0847,0.1465,0.0697,0.0811,0.1367,0.1379,0.0826,0.0935
CT010933,Zone_07,Zone_07,0.1698,0.0823,0.1259,0.1204,0.0991,0.1058,0.0598,0.1698,0.1068,0.0395,0.0906
CT018777,Zone_03,Zone_01,0.134,0.134,0.0811,0.1201,0.1227,0.134,0.0852,0.1137,0.1015,0.0355,0.0721
CT007095,Zone_08,Zone_03,0.1924,0.0533,0.1342,0.1924,0.1206,0.0348,0.1019,0.1093,0.1459,0.0159,0.0917
CT013522,Zone_07,Zone_08,0.1493,0.1172,0.1093,0.0802,0.0815,0.1063,0.1032,0.0984,0.1493,0.0536,0.101
CT013427,Zone_10,Zone_07,0.1594,0.0807,0.1402,0.1013,0.1023,0.142,0.0276,0.1594,0.1027,0.0956,0.0482
CT015959,Zone_04,Zone_01,0.1554,0.1554,0.143,0.1463,0.0807,0.0672,0.0474,0.102,0.1163,0.0293,0.1124
CT005599,Zone_07,Zone_08,0.1691,0.0894,0.0981,0.1347,0.102,0.0768,0.0895,0.1107,0.1691,0.0338,0.0959
CT002880,Zone_02,Zone_08,0.1579,0.0661,0.0562,0.0962,0.1098,0.078,0.1392,0.1528,0.1579,0.0822,0.0616
CT002520,Zone_01,Zone_08,0.1557,0.0681,0.1209,0.0753,0.1118,0.0647,0.1119,0.092,0.1557,0.0684,0.1312
CT005807,Zone_07,Zone_04,0.1578,0.0493,0.1091,0.1205,0.1578,0.0902,0.0713,0.1127,0.1137,0.0367,0.1387
CT017485,Zone_06,Zone_08,0.1716,0.1219,0.1151,0.0545,0.1522,0.0567,0.0767,0.1402,0.1716,0.0508,0.0603
CT008240,Zone_05,Zone_08,0.1578,0.1075,0.0909,0.1516,0.1039,0.0742,0.0683,0.1233,0.1578,0.0279,0.0945
CT006929,Zone_04,Zone_08,0.1749,0.1122,0.1044,0.0805,0.1018,0.0692,0.0728,0.1399,0.1749,0.0461,0.0984
CT002796,Zone_07,Zone_03,0.2138,0.0739,0.1224,0.2138,0.0934,0.07,0.0459,0.121,0.13,0.0293,0.1003
CT003772,Zone_10,Zone_03,0.1325,0.0917,0.0862,0.1325,0.0845,0.1078,0.1134,0.1265,0.1265,0.022,0.1089
CT003708,Zone_08,Zone_01,0.148,0.148,0.1,0.094,0.1133,0.1181,0.0779,0.1211,0.1035,0.0294,0.0946
CT000116,Zone_07,Zone_05,0.1797,0.0892,0.0939,0.0884,0.1133,0.1797,0.0699,0.1085,0.1278,0.0343,0.0952
CT016609,Zone_02,Zone_07,0.1387,0.1231,0.0942,0.1157,0.1221,0.0546,0.0571,0.1387,0.1056,0.0731,0.1159
CT016481,Zone_07,Zone_03,0.1616,0.0614,0.0903,0.1616,0.1093,0.1033,0.0838,0.1085,0.1326,0.0762,0.0729
CT001780,Zone_08,Zone_07,0.165,0.1051,0.1131,0.0959,0.108,0.0843,0.1102,0.165,0.0995,0.0363,0.0825
CT007346,Zone_07,Zone_02,0.1617,0.084,0.1617,0.1057,0.0639,0.0696,0.0753,0.0953,0.1305,0.153,0.0609
CT002500,Zone_08,Zone_06,0.1333,0.0974,0.1112,0.1194,0.0718,0.053,0.1333,0.1295,0.112,0.1166,0.0559
CT009366,Zone_04,Zone_07,0.2049,0.1775,0.0797,0.0852,0.0928,0.1891,0.0398,0.2049,0.0674,0.0189,0.0446
CT017131,Zone_10,Zone_08,0.1488,0.086,0.1185,0.1457,0.0792,0.0711,0.1054,0.1463,0.1488,0.0276,0.0715
CT017628,Zone_06,Zone_04,0.1698,0.0684,0.1152,0.1559,0.1698,0.0569,0.0526,0.1572,0.1205,0.0424,0.0612
CT018105,Zone_01,Zone_08,0.1679,0.1297,0.1338,0.0565,0.1607,0.0904,0.0355,0.1475,0.1679,0.0329,0.0451
CT003103,Zone_10,Zone_08,0.1602,0.0602,0.1111,0.1531,0.0919,0.0688,0.0766,0.1045,0.1602,0.0748,0.0987
CT003293,Zone_07,Zone_08,0.145,0.1098,0.1199,0.1065,0.1043,0.0471,0.1311,0.1021,0.145,0.0512,0.083
CT012046,Zone_07,Zone_03,0.1291,0.1175,0.097,0.1291,0.0876,0.0698,0.1021,0.1018,0.1265,0.0544,0.1143
CT014162,Zone_08,Zone_01,0.1466,0.1466,0.1324,0.1113,0.1205,0.0384,0.0621,0.134,0.1026,0.1029,0.0492
CT015927,Zone_07,Zone_07,0.1337,0.0773,0.1222,0.1004,0.1049,0.0825,0.1253,0.1337,0.1204,0.0681,0.065
CT012893,Zone_04,Zone_03,0.169,0.0933,0.0998,0.169,0.1271,0.095,0.0648,0.0961,0.0814,0.0279,0.1455
CT011520,Zone_07,Zone_01,0.2117,0.2117,0.0967,0.1245,0.0965,0.0562,0.0624,0.1387,0.1098,0.0304,0.073
CT017752,Zone_04,Zone_08,0.1943,0.0757,0.1306,0.0923,0.1732,0.0537,0.0737,0.1217,0.1943,0.0204,0.0644
CT000775,Zone_02,Zone_08,0.1664,0.0939,0.1086,0.0913,0.1362,0.0703,0.0848,0.1049,0.1664,0.0562,0.0875
CT014906,Zone_08,Zone_04,0.161,0.0743,0.1482,0.1014,0.161,0.0561,0.0825,0.1147,0.1128,0.0471,0.102
CT002820,Zone_06,Zone_07,0.1447,0.102,0.1056,0.1184,0.108,0.0502,0.0799,0.1447,0.1251,0.0606,0.1058
CT002726,Zone_07,Zone_04,0.1351,0.0983,0.0907,0.115,0.1351,0.102,0.109,0.1123,0.1006,0.0452,0.0918
CT008661,Zone_04,Zone_07,0.1619,0.0946,0.0734,0.0761,0.1481,0.1503,0.0713,0.1619,0.1033,0.0351,0.086
CT003178,Zone_05,Zone_07,0.1419,0.1387,0.0944,0.0744,0.132,0.093,0.0827,0.1419,0.0963,0.0614,0.0851
CT004552,Zone_08,Zone_02,0.1478,0.1373,0.1478,0.089,0.0792,0.0929,0.1202,0.115,0.0982,0.034,0.0866
CT014014,Zone_10,Zone_08,0.168,0.123,0.1105,0.0733,0.1155,0.0696,0.0775,0.1057,0.168,0.0506,0.1065
CT014528,Zone_07,Zone_07,0.1412,0.0705,0.0884,0.1296,0.1359,0.1041,0.1122,0.1412,0.1083,0.031,0.0786
CT019865,Zone_07,Zone_08,0.1386,0.0723,0.1285,0.07,0.1151,0.1083,0.0959,0.1374,0.1386,0.0595,0.0744
CT009880,Zone_04,Zone_07,0.1409,0.105,0.0875,0.0962,0.1294,0.0807,0.1163,0.1409,0.1385,0.025,0.0805
CT017678,Zone_08,Zone_01,0.1296,0.1296,0.0925,0.1124,0.0942,0.1068,0.08,0.1216,0.1256,0.0503,0.0868
CT000593,Zone_04,Zone_06,0.1385,0.1133,0.1068,0.1222,0.0761,0.0922,0.1385,0.099,0.1378,0.0246,0.0894
CT006067,Zone_08,Zone_02,0.1581,0.0974,0.1581,0.0739,0.1426,0.1062,0.0721,0.1372,0.0857,0.0336,0.0932
CT013672,Zone_06,Zone_07,0.1398,0.0974,0.1231,0.1395,0.1032,0.063,0.088,0.1398,0.0911,0.0308,0.1239
CT000628,Zone_03,Zone_03,0.1429,0.1008,0.1018,0.1429,0.0845,0.0494,0.1001,0.1173,0.0923,0.0736,0.1372
CT012328,Zone_03,Zone_07,0.1452,0.0935,0.0683,0.1445,0.1303,0.0515,0.1134,0.1452,0.0977,0.0449,0.1108
CT018906,Zone_07,Zone_04,0.1887,0.0893,0.0714,0.1364,0.1887,0.0733,0.0818,0.1356,0.1105,0.019,0.094
CT008368,Zone_07,Zone_07,0.1649,0.0975,0.0803,0.0928,0.1126,0.1003,0.0741,0.1649,0.1017,0.0886,0.0872
CT015312,Zone_07,Zone_01,0.1246,0.1246,0.1117,0.1129,0.123,0.0854,0.0783,0.1017,0.1188,0.0496,0.0942
CT018573,Zone_08,Zone_07,0.1479,0.1136,0.0951,0.0925,0.1022,0.1354,0.0772,0.1479,0.0997,0.0666,0.0699
CT012840,Zone_09,Zone_08,0.1503,0.1154,0.1117,0.132,0.1081,0.0788,0.0695,0.1176,0.1503,0.0182,0.0985
CT011848,Zone_07,Zone_07,0.1681,0.045,0.1572,0.0704,0.1004,0.0669,0.1122,0.1681,0.0584,0.1155,0.106
CT019009,Zone_02,Zone_01,0.1753,0.1753,0.174,0.0787,0.0788,0.056,0.09,0.0836,0.112,0.0569,0.0947
CT006471,Zone_08,Zone_07,0.1872,0.0889,0.0819,0.1047,0.1438,0.0413,0.0672,0.1872,0.163,0.0533,0.0686
CT012538,Zone_07,Zone_04,0.1613,0.0771,0.1474,0.1032,0.1613,0.0427,0.075,0.1215,0.14,0.029,0.1026
CT001095,Zone_07,Zone_10,0.1347,0.0962,0.0844,0.0812,0.1256,0.0862,0.0564,0.1173,0.0955,0.1225,0.1347
CT002974,Zone_10,Zone_07,0.1434,0.0721,0.1377,0.1001,0.0887,0.1143,0.1253,0.1434,0.0873,0.0269,0.1041
CT001590,Zone_03,Zone_10,0.1802,0.0649,0.1111,0.093,0.0958,0.0575,0.1082,0.1054,0.1318,0.052,0.1802
CT017901,Zone_08,Zone_03,0.2111,0.0989,0.1055,0.2111,0.0971,0.0874,0.0578,0.1365,0.1174,0.0351,0.0531
CT015138,Zone_04,Zone_03,0.1626,0.0792,0.0886,0.1626,0.1206,0.1179,0.0594,0.1234,0.1445,0.0294,0.0746
CT001579,Zone_09,Zone_07,0.1226,0.1013,0.0978,0.1145,0.1024,0.1094,0.097,0.1226,0.1129,0.0387,0.1034
CT012299,Zone_01,Zone_07,0.157,0.0807,0.1027,0.1115,0.1342,0.0561,0.0605,0.157,0.1355,0.0546,0.1073
CT018126,Zone_07,Zone_07,0.1603,0.1442,0.0891,0.086,0.1261,0.0832,0.069,0.1603,0.1123,0.026,0.1036
CT004586,Zone_07,Zone_07,0.1789,0.0638,0.0925,0.0908,0.1443,0.057,0.1177,0.1789,0.1395,0.0338,0.0817
CT012399,Zone_03,Zone_07,0.1914,0.1179,0.0697,0.1267,0.1177,0.0658,0.0672,0.1914,0.1198,0.0452,0.0786
CT017733,Zone_07,Zone_02,0.1798,0.0761,0.1798,0.1232,0.0981,0.0505,0.0615,0.097,0.134,0.1065,0.0733
CT003950,Zone_04,Zone_04,0.1472,0.1025,0.0897,0.1026,0.1472,0.0626,0.0956,0.1278,0.107,0.0366,0.1283
CT002028,Zone_05,Zone_04,0.1677,0.0687,0.1351,0.077,0.1677,0.0855,0.0885,0.1177,0.0762,0.0966,0.087
CT008844,Zone_07,Zone_07,0.1643,0.073,0.0729,0.1218,0.1082,0.0719,0.1014,0.1643,0.1316,0.0113,0.1437
CT011440,Zone_07,Zone_04,0.1621,0.1481,0.0788,0.0967,0.1621,0.0576,0.0729,0.1398,0.1141,0.0283,0.1016
CT018586,Zone_04,Zone_03,0.1663,0.0824,0.0785,0.1663,0.0929,0.0843,0.0581,0.1217,0.1649,0.0497,0.1013
CT017908,Zone_07,Zone_03,0.1845,0.0991,0.0789,0.1845,0.0928,0.0532,0.0855,0.1608,0.1204,0.0603,0.0645
CT003604,Zone_01,Zone_03,0.1354,0.12,0.0782,0.1354,0.1019,0.079,0.1055,0.1202,0.1038,0.0262,0.1298
CT003625,Zone_07,Zone_07,0.1447,0.0963,0.1435,0.1167,0.1055,0.1119,0.0529,0.1447,0.0839,0.0347,0.1097
CT010584,Zone_08,Zone_05,0.1561,0.1367,0.0868,0.1117,0.0847,0.1561,0.0816,0.0862,0.1298,0.0132,0.1132
CT006932,Zone_08,Zone_08,0.1457,0.0748,0.1296,0.077,0.1295,0.0848,0.0957,0.137,0.1457,0.068,0.0579
CT013662,Zone_07,Zone_06,0.1477,0.1254,0.0656,0.0836,0.1272,0.0952,0.1477,0.1113,0.1101,0.03,0.1038
CT006098,Zone_07,Zone_02,0.235,0.1278,0.235,0.1267,0.0836,0.0534,0.0746,0.112,0.1071,0.0255,0.0544
CT014681,Zone_07,Zone_10,0.2261,0.0626,0.1293,0.0799,0.1117,0.041,0.0764,0.1057,0.1094,0.0579,0.2261
CT018190,Zone_07,Zone_08,0.1561,0.0938,0.0775,0.1474,0.1437,0.0728,0.0573,0.1525,0.1561,0.0229,0.0761
CT005035,Zone_08,Zone_10,0.1449,0.0885,0.0657,0.1291,0.1015,0.0937,0.1222,0.1172,0.1292,0.008,0.1449
CT019771,Zone_01,Zone_04,0.1597,0.0999,0.1008,0.1055,0.1597,0.1018,0.0618,0.0971,0.1124,0.054,0.107
CT019090,Zone_08,Zone_02,0.1799,0.1108,0.1799,0.0775,0.1312,0.0442,0.0574,0.1485,0.1135,0.0167,0.1204
CT005830,Zone_07,Zone_09,0.201,0.069,0.0779,0.1247,0.0753,0.0523,0.0455,0.1149,0.1264,0.201,0.113
CT011389,Zone_03,Zone_02,0.1405,0.1058,0.1405,0.1035,0.0949,0.043,0.0678,0.14,0.1317,0.0404,0.1324
CT000583,Zone_03,Zone_04,0.1734,0.1032,0.0545,0.1614,0.1734,0.0641,0.0743,0.1046,0.1545,0.0322,0.078
CT007102,Zone_04,Zone_04,0.1389,0.118,0.091,0.0999,0.1389,0.0945,0.0659,0.1017,0.131,0.0453,0.1138
CT000875,Zone_08,Zone_07,0.1566,0.0823,0.1175,0.1117,0.0955,0.0759,0.0602,0.1566,0.1487,0.0488,0.1027
CT017825,Zone_07,Zone_01,0.1589,0.1589,0.099,0.1185,0.0895,0.0761,0.1519,0.088,0.104,0.0509,0.0631
CT011193,Zone_08,Zone_03,0.1699,0.1322,0.0865,0.1699,0.1455,0.0433,0.0463,0.1326,0.1051,0.0526,0.0861
CT010125,Zone_03,Zone_03,0.1804,0.0895,0.0628,0.1804,0.1289,0.1546,0.073,0.1447,0.0984,0.024,0.0437
CT010806,Zone_08,Zone_02,0.1458,0.0987,0.1458,0.1204,0.0961,0.0713,0.1081,0.0919,0.104,0.085,0.0787
CT019297,Zone_04,Zone_08,0.2052,0.0767,0.1217,0.0779,0.137,0.0507,0.0719,0.12,0.2052,0.0186,0.1203
CT016466,Zone_07,Zone_08,0.1587,0.0837,0.0592,0.0928,0.1259,0.0989,0.1229,0.1405,0.1587,0.0186,0.0988
CT019842,Zone_09,Zone_01,0.19,0.19,0.0855,0.0917,0.1057,0.0977,0.0666,0.1385,0.0983,0.0376,0.0884
CT014109,Zone_05,Zone_07,0.1823,0.082,0.1031,0.1787,0.0906,0.0608,0.0809,0.1823,0.148,0.0161,0.0575
CT002064,Zone_03,Zone_08,0.1605,0.1063,0.1072,0.1151,0.1137,0.0798,0.0913,0.0945,0.1605,0.0276,0.1039
CT001577,Zone_07,Zone_08,0.1446,0.0753,0.1317,0.1049,0.1011,0.0693,0.0912,0.1185,0.1446,0.0532,0.1102
CT010247,Zone_02,Zone_06,0.1583,0.0701,0.1293,0.1492,0.0886,0.0715,0.1583,0.1197,0.117,0.0225,0.0738
CT001395,Zone_07,Zone_06,0.1471,0.131,0.0848,0.094,0.1135,0.0984,0.1471,0.1096,0.1113,0.0314,0.0788
CT007481,Zone_07,Zone_05,0.1313,0.0849,0.1076,0.1241,0.1032,0.1313,0.0935,0.1288,0.1114,0.0166,0.0986
CT007513,Zone_02,Zone_02,0.1243,0.0837,0.1243,0.0896,0.1142,0.1233,0.097,0.1221,0.1236,0.0229,0.0993
CT012740,Zone_07,Zone_07,0.1407,0.0798,0.1006,0.1202,0.0973,0.1145,0.1012,0.1407,0.1121,0.0477,0.0859
CT007576,Zone_10,Zone_07,0.1547,0.0777,0.0649,0.1218,0.1145,0.0792,0.097,0.1547,0.1307,0.0328,0.1267
CT013547,Zone_10,Zone_01,0.1449,0.1449,0.1137,0.1047,0.111,0.0554,0.0557,0.1208,0.1165,0.0548,0.1226
CT017510,Zone_03,Zone_03,0.1539,0.0772,0.0923,0.1539,0.1314,0.0875,0.0575,0.1153,0.1353,0.0218,0.1276
CT000396,Zone_08,Zone_08,0.1585,0.0939,0.0847,0.0994,0.103,0.0534,0.0652,0.1325,0.1585,0.103,0.1066
CT016624,Zone_07,Zone_04,0.1447,0.1208,0.0935,0.0982,0.1447,0.0907,0.0934,0.1397,0.128,0.0335,0.0576
CT017554,Zone_08,Zone_04,0.1508,0.0688,0.1056,0.1119,0.1508,0.0478,0.0895,0.1175,0.0869,0.1216,0.0997
CT013442,Zone_03,Zone_08,0.1542,0.0763,0.0979,0.0968,0.1087,0.069,0.1258,0.146,0.1542,0.0334,0.0919
CT017893,Zone_10,Zone_10,0.1357,0.0802,0.1158,0.0991,0.0959,0.0909,0.0667,0.1089,0.1051,0.1018,0.1357
CT017003,Zone_01,Zone_07,0.1627,0.0985,0.1174,0.0953,0.119,0.0698,0.0645,0.1627,0.11,0.0499,0.113
CT007942,Zone_05,Zone_08,0.1391,0.0914,0.0709,0.1104,0.0967,0.0947,0.0983,0.1375,0.1391,0.0642,0.0969
CT000094,Zone_05,Zone_01,0.1549,0.1549,0.1349,0.0977,0.1097,0.0802,0.0812,0.1238,0.1016,0.03,0.086
CT018687,Zone_03,Zone_08,0.1411,0.1113,0.118,0.1267,0.1231,0.0585,0.0856,0.1075,0.1411,0.0257,0.1027
CT009004,Zone_02,Zone_06,0.1393,0.0893,0.0593,0.1229,0.1191,0.0796,0.1393,0.1319,0.1077,0.0331,0.1179
CT015361,Zone_07,Zone_05,0.1413,0.1012,0.0975,0.1115,0.0919,0.1413,0.1297,0.1009,0.1193,0.0169,0.09
CT002367,Zone_04,Zone_02,0.1667,0.0828,0.1667,0.1469,0.1099,0.0442,0.0666,0.1246,0.1009,0.0235,0.1339
CT019100,Zone_04,Zone_07,0.1538,0.1429,0.0937,0.1088,0.1385,0.0421,0.0868,0.1538,0.1164,0.0235,0.0936
CT013555,Zone_06,Zone_01,0.1892,0.1892,0.0657,0.0927,0.1332,0.094,0.0448,0.1273,0.1152,0.0491,0.0888
CT003269,Zone_10,Zone_07,0.1635,0.0851,0.0848,0.103,0.1168,0.0445,0.1092,0.1635,0.1529,0.0529,0.0873
CT010548,Zone_05,Zone_07,0.1322,0.0941,0.1224,0.1067,0.1135,0.0692,0.0803,0.1322,0.1274,0.033,0.1212
CT003165,Zone_08,Zone_01,0.1449,0.1449,0.1156,0.0981,0.1304,0.053,0.0697,0.1218,0.1109,0.0325,0.1231
CT019387,Zone_08,Zone_10,0.1673,0.0824,0.0814,0.1304,0.1458,0.0344,0.0773,0.1553,0.1038,0.022,0.1673
CT010045,Zone_04,Zone_08,0.1769,0.0804,0.0667,0.1038,0.0836,0.1244,0.0689,0.1623,0.1769,0.048,0.085
CT010741,Zone_10,Zone_07,0.1511,0.0891,0.0822,0.1309,0.1492,0.0503,0.1014,0.1511,0.1321,0.0287,0.085
CT013186,Zone_04,Zone_07,0.1268,0.1151,0.1173,0.0976,0.1224,0.124,0.0642,0.1268,0.1092,0.0571,0.0662
CT004217,Zone_08,Zone_04,0.1214,0.0856,0.1188,0.0879,0.1214,0.1037,0.1079,0.092,0.1138,0.0974,0.0715
CT010096,Zone_07,Zone_04,0.1461,0.0818,0.1316,0.1186,0.1461,0.1091,0.1126,0.1027,0.1128,0.0152,0.0695
CT008923,Zone_02,Zone_07,0.1394,0.0809,0.111,0.1098,0.1347,0.0681,0.1288,0.1394,0.1109,0.024,0.0926
CT005858,Zone_07,Zone_08,0.1399,0.0814,0.0807,0.1266,0.1344,0.0672,0.12,0.1053,0.1399,0.0337,0.1108
CT005454,Zone_01,Zone_07,0.1545,0.0784,0.109,0.1418,0.1197,0.0614,0.0807,0.1545,0.125,0.0357,0.0937
CT003412,Zone_03,Zone_04,0.1363,0.0688,0.1198,0.1247,0.1363,0.0747,0.1057,0.134,0.1267,0.0182,0.0911
CT012001,Zone_07,Zone_06,0.1455,0.1138,0.0825,0.0656,0.0861,0.0771,0.1455,0.1373,0.1184,0.0555,0.118
CT008540,Zone_04,Zone_03,0.1439,0.1121,0.0882,0.1439,0.121,0.0849,0.1132,0.1177,0.1184,0.0297,0.071
CT006682,Zone_07,Zone_07,0.1665,0.1186,0.059,0.0861,0.0921,0.1193,0.1061,0.1665,0.1512,0.0154,0.0856
CT001174,Zone_07,Zone_07,0.2253,0.0859,0.0643,0.1622,0.1201,0.0373,0.0693,0.2253,0.1432,0.0494,0.0431
CT003855,Zone_08,Zone_02,0.1906,0.0487,0.1906,0.1509,0.0925,0.0868,0.0851,0.1029,0.1193,0.0513,0.0719
CT015098,Zone_07,Zone_07,0.1573,0.0872,0.0867,0.1126,0.1368,0.085,0.0775,0.1573,0.132,0.0382,0.0868
CT005385,Zone_04,Zone_08,0.1595,0.0799,0.0914,0.0919,0.1205,0.0727,0.1191,0.143,0.1595,0.0163,0.1058
CT000577,Zone_06,Zone_03,0.1469,0.079,0.0992,0.1469,0.1294,0.0822,0.0953,0.1231,0.125,0.0225,0.0973
CT016294,Zone_08,Zone_01,0.1437,0.1437,0.0948,0.1061,0.1101,0.0978,0.0546,0.1181,0.1055,0.061,0.1083
CT001087,Zone_07,Zone_08,0.1537,0.1135,0.0902,0.117,0.0906,0.0628,0.1342,0.0924,0.1537,0.0296,0.1158
CT012219,Zone_10,Zone_04,0.16,0.1198,0.091,0.0911,0.16,0.102,0.0647,0.1246,0.1003,0.0989,0.0475
CT008200,Zone_01,Zone_03,0.1602,0.086,0.0821,0.1602,0.0847,0.0672,0.0848,0.1566,0.1217,0.0395,0.1172
CT002294,Zone_04,Zone_01,0.1365,0.1365,0.1094,0.0913,0.1044,0.1111,0.1097,0.1197,0.086,0.033,0.0989
CT015960,Zone_03,Zone_09,0.1676,0.0674,0.0865,0.0543,0.1487,0.0776,0.1168,0.0718,0.0891,0.1676,0.1203
CT005302,Zone_08,Zone_07,0.1656,0.1178,0.1588,0.0825,0.0708,0.1082,0.0547,0.1656,0.114,0.0441,0.0835
CT001611,Zone_04,Zone_08,0.1372,0.1007,0.0996,0.1166,0.0965,0.0875,0.1311,0.1319,0.1372,0.0166,0.0823
CT019579,Zone_02,Zone_01,0.1514,0.1514,0.0598,0.131,0.0961,0.0655,0.083,0.1254,0.1385,0.0269,0.1225
CT015053,Zone_07,Zone_06,0.1646,0.0966,0.082,0.0909,0.1021,0.1158,0.1646,0.0899,0.107,0.0737,0.0774
CT019384,Zone_07,Zone_01,0.1751,0.1751,0.0963,0.0959,0.1477,0.0666,0.0872,0.1053,0.1213,0.0254,0.0791
CT008977,Zone_02,Zone_08,0.1545,0.1074,0.0944,0.1318,0.0922,0.0484,0.1238,0.0906,0.1545,0.0538,0.103
CT010529,Zone_03,Zone_04,0.2192,0.0611,0.1042,0.1254,0.2192,0.0879,0.0402,0.1054,0.1194,0.0173,0.1199
CT000527,Zone_10,Zone_01,0.1572,0.1572,0.1318,0.085,0.1299,0.0873,0.079,0.1336,0.0923,0.0131,0.0908
CT019465,Zone_03,Zone_10,0.1459,0.0989,0.0989,0.094,0.1079,0.0832,0.1101,0.108,0.1059,0.0472,0.1459
CT009630,Zone_07,Zone_03,0.2117,0.0639,0.0779,0.2117,0.12,0.0613,0.0651,0.1636,0.1132,0.0317,0.0917
CT018067,Zone_01,Zone_07,0.1353,0.076,0.1213,0.1183,0.081,0.1312,0.0939,0.1353,0.1102,0.04,0.0928
CT003991,Zone_10,Zone_10,0.1836,0.1096,0.1176,0.0793,0.0971,0.0807,0.0741,0.1138,0.1237,0.0207,0.1836
CT005255,Zone_07,Zone_08,0.1536,0.1002,0.0726,0.1078,0.0826,0.1035,0.0834,0.1368,0.1536,0.0603,0.0992
CT010851,Zone_08,Zone_07,0.1623,0.0714,0.0877,0.1152,0.1378,0.0691,0.0826,0.1623,0.1364,0.0355,0.1021
CT014247,Zone_08,Zone_04,0.1186,0.0727,0.113,0.1093,0.1186,0.0987,0.0789,0.117,0.1127,0.0627,0.1163
CT010021,Zone_03,Zone_08,0.1721,0.1708,0.0899,0.0762,0.0728,0.0701,0.0637,0.109,0.1721,0.0712,0.1042
CT019480,Zone_08,Zone_04,0.1611,0.112,0.0845,0.161,0.1611,0.0383,0.1135,0.1118,0.1096,0.0354,0.0728
CT017316,Zone_06,Zone_01,0.1398,0.1398,0.0979,0.0948,0.1198,0.13,0.0454,0.1263,0.1181,0.0477,0.0802
CT012112,Zone_08,Zone_07,0.1455,0.0666,0.1082,0.0966,0.1162,0.0668,0.1246,0.1455,0.118,0.0633,0.0941
CT007288,Zone_03,Zone_08,0.1567,0.1187,0.1116,0.101,0.1061,0.0756,0.0936,0.1042,0.1567,0.0333,0.0991
CT006819,Zone_03,Zone_10,0.1601,0.1246,0.08,0.101,0.0996,0.0764,0.0818,0.1251,0.1442,0.0072,0.1601
CT008536,Zone_04,Zone_08,0.1396,0.0901,0.0754,0.0963,0.098,0.1018,0.1042,0.135,0.1396,0.081,0.0785
CT011638,Zone_08,Zone_06,0.1981,0.11,0.074,0.1571,0.1035,0.0517,0.1981,0.1148,0.1232,0.0336,0.0341
CT008320,Zone_08,Zone_07,0.1469,0.0991,0.1248,0.0996,0.0937,0.0915,0.0977,0.1469,0.129,0.0365,0.0812
CT016521,Zone_07,Zone_07,0.1404,0.0988,0.0682,0.1377,0.1215,0.0959,0.1352,0.1404,0.1033,0.0282,0.0707
CT012022,Zone_08,Zone_03,0.1398,0.076,0.1125,0.1398,0.1044,0.0676,0.1246,0.1243,0.1299,0.0392,0.0818
CT011656,Zone_08,Zone_01,0.1839,0.1839,0.1034,0.1237,0.1428,0.1035,0.0716,0.1177,0.0798,0.0168,0.0568
CT005009,Zone_07,Zone_04,0.1716,0.0809,0.1305,0.1382,0.1716,0.0731,0.0872,0.0792,0.1037,0.0264,0.1091
CT005692,Zone_03,Zone_07,0.1602,0.0576,0.0715,0.117,0.1513,0.0877,0.061,0.1602,0.1561,0.0489,0.0887
CT016321,Zone_07,Zone_07,0.133,0.1221,0.1069,0.1213,0.1074,0.0808,0.112,0.133,0.1002,0.0256,0.0908
CT016092,Zone_10,Zone_10,0.1646,0.0855,0.0873,0.0762,0.1228,0.1081,0.1018,0.1119,0.0966,0.0452,0.1646
CT016100,Zone_10,Zone_02,0.1804,0.1423,0.1804,0.0873,0.1,0.0477,0.0586,0.1318,0.135,0.0409,0.076
CT007333,Zone_05,Zone_10,0.146,0.1064,0.0827,0.1239,0.0824,0.0603,0.093,0.1403,0.1111,0.0539,0.146
CT011495,Zone_08,Zone_06,0.1475,0.1005,0.0847,0.0906,0.1109,0.122,0.1475,0.0961,0.1456,0.0401,0.0621
CT017664,Zone_08,Zone_04,0.1666,0.1159,0.1099,0.0921,0.1666,0.0854,0.065,0.1258,0.1455,0.0113,0.0826
CT005067,Zone_08,Zone_02,0.1495,0.0731,0.1495,0.1208,0.1,0.0879,0.0889,0.13,0.1145,0.0388,0.0963
CT010959,Zone_08,Zone_07,0.1726,0.0865,0.1628,0.0994,0.0763,0.0583,0.0836,0.1726,0.0928,0.0494,0.1184
CT016622,Zone_08,Zone_08,0.1395,0.1031,0.0973,0.1049,0.0885,0.1077,0.1069,0.1214,0.1395,0.0266,0.104
CT018365,Zone_03,Zone_07,0.1493,0.1212,0.1086,0.1375,0.1213,0.0645,0.0846,0.1493,0.1164,0.0309,0.0656
CT006798,Zone_01,Zone_02,0.1698,0.1259,0.1698,0.0996,0.1082,0.0633,0.0806,0.122,0.1163,0.0454,0.069
CT017715,Zone_08,Zone_02,0.2261,0.0828,0.2261,0.1117,0.1021,0.0506,0.0693,0.1492,0.11,0.0169,0.0813
CT017870,Zone_07,Zone_08,0.2056,0.0985,0.1029,0.1277,0.0905,0.071,0.0289,0.1212,0.2056,0.0782,0.0755
CT008409,Zone_07,Zone_08,0.1583,0.0731,0.1229,0.1486,0.101,0.0413,0.105,0.1412,0.1583,0.0302,0.0784
CT002645,Zone_04,Zone_01,0.1636,0.1636,0.064,0.1344,0.0889,0.1114,0.0877,0.124,0.1375,0.0083,0.0803
CT004058,Zone_10,Zone_08,0.1901,0.0839,0.0817,0.0981,0.1595,0.0424,0.0451,0.152,0.1901,0.0564,0.0909
CT002287,Zone_07,Zone_07,0.1398,0.1077,0.1321,0.1037,0.139,0.0962,0.0439,0.1398,0.114,0.021,0.1026
CT012259,Zone_04,Zone_07,0.1807,0.0695,0.1476,0.1172,0.1099,0.0598,0.0443,0.1807,0.1083,0.0506,0.1121
CT013041,Zone_10,Zone_07,0.1579,0.0934,0.152,0.1036,0.1154,0.0826,0.0761,0.1579,0.0891,0.0134,0.1165
CT014608,Zone_07,Zone_10,0.1442,0.097,0.1216,0.1235,0.1143,0.0662,0.0661,0.113,0.1114,0.0428,0.1442
CT014294,Zone_06,Zone_07,0.1371,0.1121,0.0708,0.0942,0.1145,0.0914,0.1367,0.1371,0.1094,0.0494,0.0845
CT000124,Zone_08,Zone_04,0.138,0.0723,0.1254,0.0922,0.138,0.0976,0.1139,0.12,0.1154,0.0388,0.0864
CT008561,Zone_04,Zone_07,0.1617,0.1414,0.1377,0.1004,0.0794,0.076,0.0513,0.1617,0.113,0.0812,0.0578
CT002452,Zone_07,Zone_07,0.1275,0.0997,0.098,0.0999,0.1208,0.0784,0.1149,0.1275,0.1192,0.0181,0.1234
CT017129,Zone_05,Zone_07,0.1555,0.0792,0.1165,0.0865,0.0946,0.0803,0.1252,0.1555,0.1417,0.044,0.0766
CT015593,Zone_07,Zone_04,0.1315,0.1094,0.0961,0.1178,0.1315,0.0782,0.1151,0.1198,0.1009,0.0292,0.102
CT011719,Zone_07,Zone_04,0.1729,0.0718,0.0843,0.0969,0.1729,0.1106,0.0814,0.1146,0.1143,0.0239,0.1294
CT003281,Zone_08,Zone_08,0.1513,0.095,0.1226,0.1061,0.14,0.0551,0.0798,0.1095,0.1513,0.0606,0.0799
CT011140,Zone_01,Zone_08,0.1379,0.048,0.1301,0.1203,0.1348,0.055,0.0942,0.1369,0.1379,0.0701,0.0728
CT003108,Zone_07,Zone_07,0.1644,0.1077,0.1407,0.1109,0.1305,0.0428,0.07,0.1644,0.1091,0.0229,0.1011
CT012911,Zone_08,Zone_01,0.1861,0.1861,0.1016,0.1184,0.0999,0.0531,0.0636,0.1215,0.0914,0.0872,0.077
CT013093,Zone_08,Zone_08,0.1382,0.0976,0.102,0.1043,0.1285,0.0649,0.0701,0.109,0.1382,0.113,0.0725
CT004843,Zone_04,Zone_08,0.15,0.0851,0.1481,0.1184,0.1064,0.0836,0.0992,0.1052,0.15,0.0236,0.0803
CT007506,Zone_07,Zone_07,0.1926,0.0723,0.0781,0.1228,0.0929,0.0685,0.0828,0.1926,0.1737,0.0279,0.0884
CT007663,Zone_08,Zone_07,0.1668,0.0899,0.1002,0.1491,0.1243,0.0303,0.1014,0.1668,0.1329,0.0325,0.0727
CT010076,Zone_07,Zone_10,0.1907,0.1255,0.07,0.0912,0.0889,0.1035,0.0393,0.1266,0.1304,0.0339,0.1907
CT002310,Zone_06,Zone_02,0.1575,0.1061,0.1575,0.0853,0.107,0.0468,0.1193,0.1141,0.128,0.052,0.0839
CT000290,Zone_03,Zone_10,0.1505,0.0884,0.1018,0.0807,0.1099,0.0832,0.0592,0.1502,0.1218,0.0542,0.1505
CT017524,Zone_08,Zone_08,0.1566,0.1127,0.0853,0.1301,0.0814,0.0988,0.0463,0.1301,0.1566,0.083,0.0758
CT016594,Zone_01,Zone_01,0.1336,0.1336,0.1194,0.1045,0.1111,0.0699,0.0881,0.1043,0.122,0.0597,0.0873
CT019137,Zone_06,Zone_02,0.2359,0.0478,0.2359,0.1201,0.0917,0.0654,0.0739,0.1191,0.0852,0.0404,0.1205
CT000461,Zone_07,Zone_06,0.2014,0.0934,0.1057,0.0643,0.1314,0.0514,0.2014,0.1367,0.1204,0.0048,0.0905
CT003354,Zone_04,Zone_07,0.203,0.1131,0.0975,0.1348,0.0851,0.0465,0.0479,0.203,0.182,0.033,0.0571
CT006110,Zone_08,Zone_10,0.1505,0.1132,0.0795,0.1027,0.098,0.1438,0.0404,0.1244,0.1192,0.0283,0.1505
CT005801,Zone_08,Zone_03,0.1616,0.0869,0.0919,0.1616,0.1147,0.1104,0.0819,0.1074,0.1378,0.0488,0.0584
CT002468,Zone_08,Zone_02,0.1336,0.0398,0.1336,0.1317,0.1179,0.116,0.1085,0.1127,0.1057,0.0433,0.0909
CT012560,Zone_04,Zone_07,0.1666,0.0648,0.1657,0.1123,0.0829,0.0561,0.0795,0.1666,0.1343,0.0446,0.0931
CT007627,Zone_10,Zone_02,0.1264,0.1182,0.1264,0.0976,0.1066,0.0859,0.0712,0.0909,0.1007,0.124,0.0785
CT007215,Zone_07,Zone_07,0.1676,0.071,0.0962,0.1065,0.1439,0.0885,0.0697,0.1676,0.1341,0.0254,0.0974
CT010934,Zone_07,Zone_07,0.1763,0.1525,0.1061,0.1129,0.1146,0.0706,0.042,0.1763,0.0873,0.0164,0.1212
CT006805,Zone_07,Zone_06,0.1879,0.0952,0.0503,0.091,0.0771,0.0774,0.1879,0.1465,0.1216,0.0204,0.1324
CT002446,Zone_07,Zone_10,0.1673,0.0903,0.0796,0.0682,0.1442,0.0616,0.063,0.1602,0.132,0.0335,0.1673
CT017097,Zone_04,Zone_05,0.1392,0.0844,0.0966,0.1001,0.102,0.1392,0.119,0.1338,0.0939,0.0385,0.0924
CT003284,Zone_03,Zone_08,0.1599,0.0619,0.103,0.1371,0.1551,0.0366,0.0979,0.1265,0.1599,0.0205,0.1016
CT003597,Zone_07,Zone_08,0.1572,0.1212,0.1043,0.0902,0.0841,0.0714,0.0888,0.1362,0.1572,0.0493,0.0972
CT013248,Zone_01,Zone_01,0.1663,0.1663,0.0843,0.0835,0.102,0.0996,0.0448,0.1352,0.1181,0.025,0.1412
CT010422,Zone_01,Zone_03,0.1544,0.1162,0.0958,0.1544,0.1149,0.1383,0.0502,0.139,0.0956,0.0368,0.0587
CT019672,Zone_04,Zone_02,0.1665,0.0726,0.1665,0.0944,0.0739,0.0753,0.0758,0.1368,0.0955,0.1307,0.0784
CT004629,Zone_01,Zone_07,0.1451,0.0754,0.0865,0.1209,0.1159,0.0876,0.0957,0.1451,0.1065,0.0341,0.1323
CT007279,Zone_08,Zone_07,0.1808,0.092,0.0884,0.0573,0.1211,0.1273,0.1078,0.1808,0.1063,0.0378,0.0812
CT001454,Zone_10,Zone_07,0.1483,0.082,0.1021,0.0862,0.1359,0.0904,0.0847,0.1483,0.1314,0.0282,0.1107
CT006403,Zone_02,Zone_02,0.1483,0.0961,0.1483,0.1241,0.1295,0.0669,0.0692,0.1454,0.1038,0.0255,0.0912
CT002875,Zone_03,Zone_04,0.1623,0.0851,0.0861,0.0998,0.1623,0.0758,0.0983,0.1319,0.1188,0.07,0.072
CT008156,Zone_10,Zone_07,0.1384,0.0988,0.0751,0.1115,0.1245,0.0995,0.0628,0.1384,0.1265,0.0407,0.1222
CT013158,Zone_08,Zone_08,0.1562,0.1081,0.1184,0.1124,0.0793,0.0869,0.0691,0.1276,0.1562,0.0463,0.0958
CT017624,Zone_07,Zone_08,0.1266,0.0886,0.0906,0.1097,0.1065,0.1042,0.096,0.1166,0.1266,0.0394,0.1218
CT002624,Zone_10,Zone_10,0.1727,0.156,0.1094,0.1104,0.0783,0.0622,0.0612,0.1073,0.1302,0.0124,0.1727
CT007658,Zone_07,Zone_06,0.1639,0.1261,0.0942,0.1006,0.0908,0.0901,0.1639,0.1536,0.0946,0.0174,0.0686
CT012428,Zone_07,Zone_07,0.1504,0.0427,0.1036,0.0747,0.0776,0.0889,0.1433,0.1504,0.1112,0.1074,0.1002
CT001675,Zone_07,Zone_02,0.1762,0.0875,0.1762,0.0723,0.1497,0.0606,0.0586,0.1699,0.1168,0.0273,0.0812
CT016115,Zone_02,Zone_01,0.154,0.154,0.0846,0.1033,0.1128,0.0792,0.0588,0.1328,0.1416,0.0195,0.1134
CT002901,Zone_05,Zone_03,0.1914,0.0858,0.0562,0.1914,0.0912,0.0655,0.1212,0.1197,0.1299,0.0134,0.1257
CT016228,Zone_06,Zone_08,0.2441,0.1255,0.1398,0.0667,0.1506,0.0223,0.0259,0.1497,0.2441,0.0205,0.0549
CT015753,Zone_08,Zone_10,0.1907,0.0864,0.0812,0.1054,0.0848,0.0306,0.0843,0.1551,0.1028,0.0787,0.1907
CT017066,Zone_04,Zone_10,0.135,0.0774,0.0936,0.0907,0.1172,0.1276,0.0816,0.113,0.0984,0.0653,0.135
CT005413,Zone_04,Zone_10,0.1292,0.0446,0.0823,0.1144,0.117,0.0828,0.1098,0.1188,0.1255,0.0758,0.1292
CT012654,Zone_08,Zone_05,0.1681,0.0564,0.0848,0.0787,0.139,0.1681,0.0653,0.1109,0.1382,0.0419,0.1166
CT019923,Zone_07,Zone_04,0.1561,0.1285,0.0691,0.1016,0.1561,0.127,0.0512,0.1525,0.1102,0.025,0.0788
CT008531,Zone_08,Zone_08,0.1446,0.0638,0.0949,0.0995,0.1067,0.091,0.0704,0.14,0.1446,0.1287,0.0604
CT018627,Zone_08,Zone_07,0.1617,0.0784,0.1208,0.1337,0.1072,0.0751,0.0415,0.1617,0.1268,0.0407,0.1141
CT001137,Zone_08,Zone_01,0.1836,0.1836,0.1045,0.1007,0.1336,0.0796,0.0795,0.1181,0.0995,0.0324,0.0687
CT012360,Zone_09,Zone_04,0.1442,0.1193,0.1165,0.0963,0.1442,0.0792,0.0968,0.1272,0.1154,0.0406,0.0644
CT015895,Zone_07,Zone_07,0.1645,0.1275,0.0806,0.1014,0.0949,0.0883,0.0705,0.1645,0.1084,0.0339,0.1301
CT015385,Zone_03,Zone_08,0.1389,0.0987,0.0857,0.0907,0.1248,0.0839,0.0868,0.1268,0.1389,0.0309,0.1328
CT006825,Zone_07,Zone_04,0.14,0.094,0.0747,0.1022,0.14,0.0642,0.1369,0.1253,0.1168,0.0339,0.1119
CT012834,Zone_03,Zone_08,0.1595,0.0787,0.1081,0.108,0.1047,0.1066,0.0995,0.1085,0.1595,0.023,0.1035
CT005773,Zone_04,Zone_07,0.1381,0.1055,0.1101,0.0778,0.1005,0.0956,0.0998,0.1381,0.1232,0.0554,0.0939
CT011125,Zone_10,Zone_07,0.1434,0.0791,0.0885,0.0993,0.1188,0.0412,0.0899,0.1434,0.13,0.0991,0.1107
CT005455,Zone_10,Zone_05,0.1957,0.1221,0.0744,0.0807,0.0996,0.1957,0.1039,0.0941,0.1109,0.0303,0.0883
CT006422,Zone_07,Zone_07,0.1491,0.1336,0.1359,0.0791,0.1141,0.063,0.0984,0.1491,0.1259,0.0174,0.0834
CT014048,Zone_10,Zone_10,0.1348,0.1267,0.1095,0.1063,0.0839,0.1255,0.0647,0.0972,0.1148,0.0365,0.1348
CT000884,Zone_08,Zone_04,0.1472,0.0733,0.1376,0.1455,0.1472,0.0567,0.0959,0.137,0.1438,0.0132,0.0497
CT014184,Zone_04,Zone_05,0.2236,0.0881,0.0976,0.0969,0.0786,0.2236,0.0621,0.1241,0.0999,0.0206,0.1083
CT002846,Zone_08,Zone_04,0.1635,0.1392,0.1213,0.0901,0.1635,0.0684,0.088,0.0876,0.1022,0.0135,0.1263
CT003891,Zone_03,Zone_07,0.1446,0.1015,0.1024,0.0771,0.1435,0.0726,0.1223,0.1446,0.1221,0.0179,0.096
CT010433,Zone_04,Zone_01,0.1268,0.1268,0.111,0.0905,0.0962,0.0837,0.0916,0.1183,0.1024,0.074,0.1055
CT002415,Zone_08,Zone_06,0.1503,0.0905,0.0708,0.0601,0.1195,0.1221,0.1503,0.1398,0.0932,0.0826,0.071
CT014233,Zone_07,Zone_09,0.1768,0.0881,0.0913,0.0999,0.0795,0.1079,0.0702,0.1247,0.1046,0.1768,0.0571
CT010411,Zone_08,Zone_08,0.1657,0.0844,0.1308,0.1065,0.115,0.0948,0.0606,0.1252,0.1657,0.0058,0.1111
CT003463,Zone_02,Zone_04,0.1568,0.1306,0.0717,0.1038,0.1568,0.0956,0.0382,0.1091,0.0879,0.1166,0.0897
CT007755,Zone_08,Zone_06,0.1512,0.1065,0.1151,0.0741,0.136,0.0619,0.1512,0.1143,0.1329,0.0159,0.0923
CT006216,Zone_03,Zone_10,0.1354,0.1278,0.0777,0.0935,0.0925,0.1102,0.0986,0.1255,0.1244,0.0145,0.1354
CT006046,Zone_05,Zone_06,0.2203,0.0565,0.0857,0.1189,0.1099,0.0774,0.2203,0.1339,0.0859,0.0432,0.0684
CT003022,Zone_07,Zone_07,0.1711,0.1315,0.081,0.1147,0.1157,0.0377,0.1171,0.1711,0.1217,0.0157,0.0938
CT016846,Zone_03,Zone_04,0.1481,0.113,0.0707,0.088,0.1481,0.0936,0.0878,0.1266,0.1263,0.0341,0.1119
CT008105,Zone_08,Zone_04,0.1309,0.1078,0.1019,0.1104,0.1309,0.0769,0.1009,0.1282,0.1134,0.034,0.0954
CT001440,Zone_10,Zone_03,0.1937,0.0749,0.0867,0.1937,0.1261,0.0758,0.0859,0.0811,0.1258,0.0214,0.1287
CT011024,Zone_07,Zone_08,0.1516,0.1368,0.0664,0.1186,0.1374,0.0765,0.0569,0.1304,0.1516,0.0411,0.0844
CT000151,Zone_07,Zone_03,0.1623,0.0746,0.1601,0.1623,0.1033,0.0685,0.0754,0.1231,0.1235,0.0376,0.0716
CT004151,Zone_04,Zone_04,0.1518,0.1119,0.1132,0.1261,0.1518,0.0866,0.0757,0.1163,0.14,0.0222,0.056
CT008589,Zone_08,Zone_10,0.151,0.146,0.0772,0.1193,0.096,0.093,0.0673,0.1248,0.1025,0.023,0.151
CT011404,Zone_01,Zone_04,0.1537,0.0604,0.1344,0.1252,0.1537,0.0653,0.0876,0.1334,0.077,0.0338,0.1293
CT010485,Zone_04,Zone_04,0.1485,0.1059,0.1119,0.0766,0.1485,0.0741,0.1004,0.1372,0.1023,0.0377,0.1054
CT008319,Zone_04,Zone_01,0.1401,0.1401,0.1067,0.1074,0.1225,0.1313,0.0593,0.0968,0.1322,0.0342,0.0694
CT000394,Zone_08,Zone_08,0.1666,0.1402,0.1011,0.1158,0.1321,0.0685,0.0759,0.1081,0.1666,0.0197,0.072
CT016796,Zone_07,Zone_07,0.1464,0.1243,0.097,0.1044,0.1006,0.071,0.1011,0.1464,0.1406,0.0334,0.081
CT003496,Zone_07,Zone_01,0.1206,0.1206,0.0918,0.1154,0.0844,0.1047,0.0973,0.1136,0.1123,0.0793,0.0807
CT008055,Zone_10,Zone_07,0.1322,0.1061,0.0841,0.0868,0.1247,0.0931,0.0941,0.1322,0.1258,0.0788,0.0746
CT004363,Zone_08,Zone_04,0.1405,0.1119,0.0766,0.0794,0.1405,0.0943,0.0804,0.0979,0.0866,0.1345,0.0979
CT019218,Zone_08,Zone_01,0.1753,0.1753,0.0932,0.1341,0.0838,0.0637,0.0582,0.1553,0.1101,0.0299,0.0965
CT009473,Zone_02,Zone_02,0.1561,0.1247,0.1561,0.1045,0.1232,0.1044,0.0572,0.1224,0.1154,0.0212,0.0709
CT004463,Zone_04,Zone_03,0.1559,0.1118,0.1013,0.1559,0.1264,0.104,0.0456,0.1105,0.1062,0.0364,0.1019
CT006603,Zone_04,Zone_08,0.1553,0.0946,0.0921,0.1031,0.1201,0.1081,0.07,0.1039,0.1553,0.031,0.1218
CT016536,Zone_03,Zone_03,0.1405,0.064,0.103,0.1405,0.1162,0.0536,0.0642,0.1009,0.1288,0.0912,0.1376
CT019858,Zone_07,Zone_05,0.1286,0.1007,0.1043,0.1153,0.1083,0.1286,0.0962,0.0894,0.1282,0.0372,0.0918
CT010227,Zone_08,Zone_10,0.1354,0.1028,0.0832,0.0989,0.1216,0.0806,0.0644,0.1339,0.1318,0.0474,0.1354
CT000184,Zone_04,Zone_02,0.1295,0.0735,0.1295,0.1185,0.1256,0.0988,0.1153,0.1128,0.1054,0.0518,0.0688
CT009404,Zone_08,Zone_08,0.1944,0.1162,0.0925,0.1067,0.1218,0.067,0.0806,0.1036,0.1944,0.0454,0.0719
CT019618,Zone_08,Zone_04,0.143,0.0822,0.108,0.1191,0.143,0.061,0.0669,0.1428,0.1064,0.0385,0.1321
CT017174,Zone_04,Zone_04,0.1604,0.0818,0.12,0.0866,0.1604,0.0831,0.0822,0.1143,0.105,0.1119,0.0547
CT016307,Zone_08,Zone_08,0.1862,0.0637,0.0676,0.0925,0.0707,0.0824,0.0802,0.1293,0.1862,0.0419,0.1855
CT014896,Zone_07,Zone_04,0.1855,0.0596,0.0757,0.0961,0.1855,0.0779,0.0382,0.1356,0.1817,0.0342,0.1155
CT011865,Zone_05,Zone_08,0.1502,0.0737,0.1074,0.0822,0.0964,0.1041,0.1271,0.104,0.1502,0.0372,0.1177
CT005090,Zone_04,Zone_02,0.1204,0.0723,0.1204,0.1016,0.1067,0.0947,0.0976,0.1108,0.1138,0.0869,0.0952
CT014250,Zone_08,Zone_10,0.1566,0.0797,0.0688,0.1212,0.1444,0.0765,0.084,0.1181,0.1144,0.0362,0.1566
CT016631,Zone_02,Zone_04,0.1392,0.1145,0.097,0.0982,0.1392,0.105,0.0752,0.1105,0.1014,0.039,0.12
CT004831,Zone_07,Zone_05,0.1482,0.1189,0.0792,0.0763,0.1128,0.1482,0.0782,0.106,0.1276,0.063,0.0899
CT016273,Zone_02,Zone_08,0.1347,0.066,0.1213,0.0573,0.0877,0.1144,0.1171,0.097,0.1347,0.1227,0.0819
CT002422,Zone_01,Zone_04,0.1324,0.1109,0.1285,0.0987,0.1324,0.0732,0.0743,0.1217,0.1143,0.0748,0.0713
CT005041,Zone_04,Zone_05,0.1559,0.1084,0.0658,0.091,0.119,0.1559,0.0645,0.1216,0.1034,0.0792,0.0912
CT002474,Zone_08,Zone_07,0.182,0.0846,0.0892,0.1213,0.1525,0.0598,0.0642,0.182,0.1168,0.0277,0.1019
CT008114,Zone_07,Zone_03,0.1634,0.1348,0.0608,0.1634,0.1452,0.0824,0.0759,0.1413,0.131,0.0104,0.055
CT006432,Zone_08,Zone_05,0.1671,0.0879,0.0644,0.1278,0.109,0.1671,0.1103,0.1345,0.0978,0.0163,0.0849
CT019206,Zone_07,Zone_10,0.1486,0.1388,0.1259,0.0815,0.1262,0.0515,0.0449,0.1149,0.1199,0.0477,0.1486
CT006137,Zone_10,Zone_07,0.1975,0.0561,0.1228,0.0962,0.0831,0.0573,0.0784,0.1975,0.0932,0.0688,0.1467
CT010621,Zone_08,Zone_08,0.152,0.0812,0.0938,0.1055,0.0744,0.0915,0.1505,0.1102,0.152,0.05,0.091
CT006811,Zone_03,Zone_08,0.1678,0.0647,0.0871,0.1024,0.108,0.0966,0.101,0.1395,0.1678,0.0186,0.1143
CT013866,Zone_03,Zone_07,0.1459,0.0864,0.1231,0.1135,0.1042,0.078,0.0885,0.1459,0.1111,0.0428,0.1064
CT015186,Zone_08,Zone_03,0.1622,0.0991,0.0808,0.1622,0.1477,0.0747,0.086,0.1493,0.1023,0.0495,0.0485
CT002133,Zone_09,Zone_01,0.143,0.143,0.0717,0.0787,0.1365,0.0799,0.0596,0.1355,0.1401,0.0238,0.1311
CT016716,Zone_03,Zone_07,0.1574,0.0918,0.057,0.1122,0.1282,0.1263,0.072,0.1574,0.1229,0.0348,0.0972
CT018985,Zone_07,Zone_07,0.1233,0.1048,0.0978,0.0891,0.0947,0.0947,0.1205,0.1233,0.106,0.0727,0.0963
CT006405,Zone_01,Zone_10,0.17,0.116,0.0843,0.1183,0.0958,0.0948,0.0575,0.1169,0.1122,0.0342,0.17
CT002982,Zone_04,Zone_04,0.1603,0.1059,0.1045,0.14,0.1603,0.1028,0.0517,0.1195,0.0993,0.041,0.0751
CT007580,Zone_05,Zone_07,0.1709,0.0823,0.1005,0.1057,0.1103,0.0643,0.0875,0.1709,0.1556,0.0206,0.1023
CT017087,Zone_08,Zone_08,0.1752,0.0629,0.1438,0.0974,0.0923,0.0534,0.0563,0.1683,0.1752,0.0233,0.127
CT002205,Zone_04,Zone_08,0.1853,0.0624,0.0869,0.1821,0.1161,0.0798,0.0711,0.128,0.1853,0.0333,0.055
CT006845,Zone_08,Zone_07,0.1511,0.0959,0.0671,0.1322,0.0729,0.0843,0.1047,0.1511,0.1153,0.0447,0.1317
CT004851,Zone_01,Zone_10,0.1517,0.0861,0.0987,0.1173,0.0944,0.0824,0.0869,0.1197,0.136,0.0268,0.1517
CT019341,Zone_07,Zone_05,0.1431,0.1272,0.1067,0.0903,0.1243,0.1431,0.0619,0.1037,0.0917,0.0513,0.0997
CT014483,Zone_07,Zone_04,0.155,0.1106,0.1388,0.1209,0.155,0.044,0.0409,0.1438,0.1183,0.0213,0.1063
CT006606,Zone_03,Zone_08,0.1583,0.0977,0.1241,0.0995,0.0895,0.104,0.0954,0.1122,0.1583,0.0106,0.1088
CT011155,Zone_01,Zone_02,0.1584,0.1043,0.1584,0.1014,0.0915,0.0982,0.0868,0.108,0.1109,0.0586,0.0819
CT014926,Zone_08,Zone_08,0.1674,0.0878,0.1349,0.0795,0.1146,0.056,0.0909,0.146,0.1674,0.036,0.0869
CT008162,Zone_07,Zone_07,0.1571,0.0901,0.0622,0.0937,0.135,0.1161,0.079,0.1571,0.1393,0.025,0.1026
CT013336,Zone_05,Zone_06,0.1473,0.0976,0.1048,0.1052,0.1044,0.0677,0.1473,0.1018,0.1099,0.0376,0.1236
CT019675,Zone_07,Zone_07,0.139,0.0963,0.1192,0.0951,0.1287,0.113,0.065,0.139,0.1073,0.0233,0.1132
CT016256,Zone_03,Zone_02,0.1975,0.045,0.1975,0.0967,0.118,0.0441,0.0983,0.1247,0.1403,0.0478,0.0877
CT012503,Zone_04,Zone_07,0.145,0.0787,0.139,0.1048,0.1236,0.0695,0.0623,0.145,0.1211,0.0302,0.1259
CT002484,Zone_04,Zone_10,0.1911,0.084,0.1226,0.0957,0.0855,0.0742,0.0986,0.1198,0.0956,0.0328,0.1911
CT010521,Zone_06,Zone_08,0.1656,0.076,0.134,0.101,0.0753,0.1168,0.0602,0.1171,0.1656,0.059,0.0949
CT014501,Zone_03,Zone_04,0.1407,0.1327,0.1081,0.0962,0.1407,0.1173,0.0623,0.1089,0.0991,0.0331,0.1016
CT019282,Zone_08,Zone_06,0.1732,0.0712,0.0866,0.1142,0.1282,0.086,0.1732,0.1403,0.1372,0.0114,0.0517
CT015286,Zone_03,Zone_01,0.1305,0.1305,0.1179,0.1079,0.1165,0.0776,0.0979,0.1016,0.1091,0.0397,0.1013
CT005135,Zone_07,Zone_01,0.1456,0.1456,0.0623,0.0837,0.1168,0.1255,0.0723,0.1004,0.1297,0.0477,0.1161
CT008332,Zone_08,Zone_08,0.1556,0.0887,0.0911,0.0902,0.1284,0.1067,0.1268,0.1269,0.1556,0.0251,0.0605
CT016084,Zone_07,Zone_08,0.1692,0.0931,0.129,0.085,0.1053,0.0946,0.0538,0.1445,0.1692,0.0319,0.0936
CT019945,Zone_02,Zone_06,0.1506,0.0634,0.1017,0.14,0.1276,0.0993,0.1506,0.1044,0.1081,0.0355,0.0694
CT005966,Zone_04,Zone_07,0.1506,0.1219,0.0944,0.1261,0.1028,0.0756,0.1122,0.1506,0.0855,0.0419,0.0889
CT014695,Zone_07,Zone_04,0.1275,0.1255,0.1053,0.1251,0.1275,0.0948,0.0748,0.1189,0.1193,0.0287,0.0801
CT015238,Zone_08,Zone_08,0.14,0.1096,0.108,0.1087,0.1111,0.0881,0.1361,0.0899,0.14,0.0384,0.0701
CT006490,Zone_09,Zone_02,0.1829,0.0936,0.1829,0.0877,0.1243,0.0587,0.0657,0.1439,0.1162,0.033,0.094
CT001094,Zone_04,Zone_04,0.1751,0.0851,0.0963,0.0963,0.1751,0.146,0.097,0.1171,0.0827,0.0213,0.0832
CT017047,Zone_03,Zone_02,0.1771,0.0692,0.1771,0.0931,0.1026,0.0477,0.0846,0.1179,0.1394,0.049,0.1195
CT014949,Zone_07,Zone_03,0.1485,0.064,0.0742,0.1485,0.131,0.0618,0.0924,0.1465,0.1434,0.0092,0.129
CT008300,Zone_04,Zone_04,0.152,0.1006,0.0689,0.1125,0.152,0.0779,0.0771,0.1463,0.1504,0.0383,0.076
CT017848,Zone_02,Zone_07,0.1799,0.1211,0.0761,0.1203,0.1342,0.0729,0.0769,0.1799,0.119,0.0313,0.0684
CT013843,Zone_08,Zone_04,0.1203,0.107,0.1032,0.08,0.1203,0.0751,0.0888,0.12,0.1187,0.1012,0.0857
CT019594,Zone_04,Zone_03,0.1819,0.0813,0.1136,0.1819,0.1074,0.0565,0.0773,0.1359,0.1416,0.0274,0.077
CT004645,Zone_04,Zone_04,0.1321,0.1271,0.0775,0.1158,0.1321,0.0996,0.1072,0.0997,0.1071,0.0491,0.0849
CT004287,Zone_06,Zone_01,0.1722,0.1722,0.109,0.0768,0.1269,0.0488,0.0601,0.1574,0.1323,0.0322,0.0842
CT001216,Zone_07,Zone_04,0.1753,0.0936,0.1138,0.1227,0.1753,0.073,0.0528,0.1176,0.1421,0.0381,0.071
CT000315,Zone_05,Zone_07,0.1401,0.0966,0.1014,0.1092,0.118,0.0665,0.1172,0.1401,0.1125,0.04,0.0985
CT001071,Zone_07,Zone_08,0.1609,0.1057,0.0863,0.0889,0.122,0.109,0.078,0.1108,0.1609,0.0399,0.0985
CT006833,Zone_04,Zone_10,0.1555,0.067,0.0981,0.101,0.1183,0.1208,0.0829,0.1018,0.1205,0.0341,0.1555
CT013242,Zone_04,Zone_06,0.1407,0.0792,0.074,0.0942,0.1162,0.0899,0.1407,0.1379,0.1343,0.0121,0.1213
CT006979,Zone_07,Zone_04,0.1769,0.1469,0.0902,0.0933,0.1769,0.1476,0.0433,0.1202,0.1049,0.0173,0.0594
CT018661,Zone_07,Zone_08,0.2082,0.0927,0.0817,0.1036,0.0862,0.0603,0.1435,0.1188,0.2082,0.0204,0.0846
CT018386,Zone_04,Zone_01,0.1359,0.1359,0.1233,0.1164,0.116,0.0945,0.0757,0.1299,0.1118,0.0269,0.0696
CT002370,Zone_07,Zone_07,0.1658,0.1312,0.1085,0.0791,0.0824,0.0606,0.0767,0.1658,0.1237,0.1012,0.0709
CT002132,Zone_07,Zone_05,0.1732,0.1196,0.085,0.108,0.1045,0.1732,0.0567,0.1067,0.1229,0.0252,0.0981
CT017744,Zone_07,Zone_05,0.2305,0.0582,0.0851,0.0986,0.1109,0.2305,0.0384,0.1436,0.1161,0.0256,0.0929
CT017030,Zone_07,Zone_04,0.1542,0.0598,0.1259,0.1364,0.1542,0.102,0.0962,0.1016,0.0975,0.018,0.1083
CT005641,Zone_05,Zone_03,0.1378,0.1197,0.0832,0.1378,0.1172,0.0776,0.0933,0.1237,0.1194,0.0396,0.0885
CT001310,Zone_10,Zone_01,0.1424,0.1424,0.1083,0.077,0.0979,0.0924,0.0814,0.1413,0.1286,0.0256,0.1052
CT001970,Zone_07,Zone_01,0.2077,0.2077,0.0672,0.0904,0.1362,0.0134,0.0498,0.1123,0.0762,0.1619,0.0849
CT018302,Zone_03,Zone_03,0.1659,0.092,0.0939,0.1659,0.105,0.0831,0.0778,0.1345,0.1231,0.0311,0.0937
CT007017,Zone_05,Zone_08,0.164,0.0929,0.0917,0.1309,0.1185,0.0908,0.0576,0.1277,0.164,0.0276,0.0982
CT009534,Zone_08,Zone_09,0.1687,0.0903,0.0908,0.0804,0.1502,0.0917,0.0667,0.1001,0.0783,0.1687,0.0828
CT007613,Zone_07,Zone_09,0.1377,0.0836,0.0966,0.0969,0.0958,0.0646,0.0824,0.1139,0.1132,0.1377,0.1154
CT007959,Zone_03,Zone_07,0.1431,0.1163,0.1045,0.0788,0.1097,0.0813,0.0841,0.1431,0.1423,0.0439,0.0959
CT011589,Zone_03,Zone_07,0.1299,0.0804,0.0644,0.1154,0.1251,0.0837,0.102,0.1299,0.1162,0.0606,0.1223
CT013010,Zone_05,Zone_07,0.1647,0.1214,0.0765,0.0956,0.1205,0.0807,0.0825,0.1647,0.1251,0.0382,0.0947
CT006768,Zone_08,Zone_03,0.1838,0.1068,0.0813,0.1838,0.1235,0.0673,0.0513,0.1395,0.1045,0.0137,0.1284
CT006323,Zone_07,Zone_07,0.144,0.1158,0.0911,0.1061,0.1105,0.0707,0.086,0.144,0.1364,0.0173,0.122
CT011059,Zone_10,Zone_08,0.1587,0.1216,0.0695,0.0889,0.0762,0.1156,0.076,0.1065,0.1587,0.0402,0.1467
CT015151,Zone_02,Zone_07,0.1744,0.0671,0.1039,0.1483,0.0823,0.0621,0.1101,0.1744,0.1055,0.0479,0.0984
CT006959,Zone_05,Zone_04,0.1296,0.0815,0.0846,0.1017,0.1296,0.1274,0.1295,0.1272,0.1004,0.0311,0.087
CT008847,Zone_07,Zone_07,0.1533,0.1115,0.0995,0.0935,0.0866,0.1211,0.0794,0.1533,0.1017,0.0606,0.0928
CT002933,Zone_08,Zone_03,0.1465,0.0718,0.1193,0.1465,0.121,0.0636,0.0805,0.1287,0.1464,0.0143,0.1079
CT017291,Zone_07,Zone_01,0.1361,0.1361,0.0974,0.1018,0.0889,0.0963,0.0577,0.1144,0.1194,0.0896,0.0984
CT017333,Zone_01,Zone_04,0.2168,0.0799,0.0911,0.1255,0.2168,0.0808,0.0406,0.1924,0.0807,0.0241,0.0682
CT000747,Zone_04,Zone_07,0.1918,0.1191,0.1493,0.1397,0.0995,0.0559,0.0554,0.1918,0.1092,0.0205,0.0595
CT018963,Zone_07,Zone_07,0.1627,0.0737,0.1318,0.0944,0.0883,0.0787,0.0362,0.1627,0.1354,0.12,0.0789
CT003735,Zone_03,Zone_07,0.1678,0.0747,0.0893,0.1113,0.0978,0.1189,0.0659,0.1678,0.1304,0.0276,0.1161
CT010146,Zone_06,Zone_08,0.1498,0.0993,0.0816,0.078,0.1229,0.1077,0.1351,0.1279,0.1498,0.0249,0.0727
CT009830,Zone_07,Zone_03,0.1641,0.0586,0.1093,0.1641,0.1273,0.0766,0.0796,0.0905,0.1116,0.1191,0.0632
CT018668,Zone_07,Zone_03,0.1842,0.088,0.0805,0.1842,0.1025,0.0629,0.1098,0.1198,0.1673,0.0174,0.0676
CT004359,Zone_08,Zone_07,0.1624,0.1049,0.0837,0.0794,0.15,0.0736,0.0697,0.1624,0.1165,0.0228,0.1371
CT014643,Zone_07,Zone_10,0.1568,0.1349,0.1348,0.073,0.0817,0.0693,0.0741,0.1328,0.1246,0.0181,0.1568
CT016761,Zone_06,Zone_07,0.1702,0.0905,0.0666,0.1012,0.087,0.1119,0.0824,0.1702,0.1222,0.0419,0.126
CT002095,Zone_06,Zone_01,0.1626,0.1626,0.0875,0.1017,0.0909,0.0535,0.0899,0.0894,0.1538,0.0944,0.0761
CT003860,Zone_03,Zone_07,0.136,0.098,0.0755,0.1079,0.1135,0.0645,0.0602,0.136,0.1271,0.1006,0.1169
CT008339,Zone_08,Zone_08,0.134,0.0997,0.1064,0.0905,0.0874,0.078,0.1256,0.1211,0.134,0.072,0.0853
CT013261,Zone_05,Zone_06,0.1694,0.0662,0.0665,0.125,0.0849,0.0628,0.1694,0.1364,0.1523,0.0134,0.1231
CT009507,Zone_07,Zone_01,0.1526,0.1526,0.0972,0.1399,0.0744,0.0827,0.0908,0.1246,0.1043,0.0455,0.088
CT003012,Zone_07,Zone_03,0.1711,0.1172,0.0824,0.1711,0.1243,0.041,0.0757,0.1406,0.1431,0.0215,0.083
CT012141,Zone_05,Zone_03,0.145,0.1058,0.1187,0.145,0.1095,0.0632,0.0925,0.1281,0.1165,0.0152,0.1054
CT003130,Zone_10,Zone_01,0.1667,0.1667,0.0831,0.1196,0.1039,0.1014,0.0804,0.1255,0.1124,0.0213,0.0857
CT002174,Zone_03,Zone_02,0.1443,0.1119,0.1443,0.1432,0.083,0.0999,0.0912,0.09,0.1135,0.0233,0.0997
CT002034,Zone_08,Zone_05,0.1611,0.1207,0.0934,0.0806,0.089,0.1611,0.0608,0.1257,0.121,0.0647,0.083
CT017587,Zone_07,Zone_07,0.152,0.1168,0.1016,0.1163,0.1128,0.0678,0.1006,0.152,0.0848,0.0222,0.125
CT004183,Zone_08,Zone_01,0.1526,0.1526,0.1136,0.0706,0.0967,0.0855,0.0812,0.1074,0.0983,0.0523,0.1419
CT015099,Zone_06,Zone_01,0.1576,0.1576,0.0973,0.1187,0.1084,0.0489,0.0964,0.1545,0.0826,0.0572,0.0785
CT016293,Zone_04,Zone_07,0.1371,0.1342,0.112,0.0923,0.094,0.0753,0.0866,0.1371,0.1148,0.0339,0.1199
CT013606,Zone_08,Zone_01,0.142,0.142,0.1108,0.0828,0.1045,0.0628,0.1264,0.1252,0.1185,0.0294,0.0975
CT005730,Zone_04,Zone_07,0.1625,0.0884,0.0996,0.0968,0.1184,0.0704,0.0926,0.1625,0.1545,0.0341,0.0827
CT017148,Zone_05,Zone_03,0.1667,0.1154,0.1049,0.1667,0.086,0.0866,0.1043,0.097,0.1103,0.0267,0.1021
CT002424,Zone_03,Zone_08,0.2072,0.0731,0.0918,0.1197,0.1142,0.0656,0.1047,0.1314,0.2072,0.0038,0.0884
CT016190,Zone_01,Zone_10,0.1532,0.0861,0.1078,0.0985,0.1014,0.1021,0.0676,0.1244,0.1284,0.0306,0.1532
CT005313,Zone_04,Zone_07,0.2092,0.0904,0.1347,0.1056,0.0752,0.0959,0.0638,0.2092,0.1112,0.0273,0.0867
CT013882,Zone_01,Zone_08,0.1722,0.0596,0.1132,0.1105,0.1097,0.0723,0.0859,0.1629,0.1722,0.0518,0.0617
CT010479,Zone_01,Zone_01,0.1593,0.1593,0.1196,0.1357,0.0707,0.0543,0.0508,0.1451,0.1245,0.0305,0.1094
CT011806,Zone_08,Zone_04,0.1554,0.1319,0.0761,0.068,0.1554,0.0864,0.0507,0.1122,0.1186,0.0589,0.1419
CT007945,Zone_07,Zone_08,0.1852,0.069,0.0719,0.1476,0.1692,0.0517,0.0554,0.0861,0.1852,0.063,0.1008
CT009470,Zone_01,Zone_08,0.1417,0.0867,0.1306,0.0714,0.1116,0.0805,0.0882,0.0944,0.1417,0.0648,0.1303
CT004657,Zone_07,Zone_01,0.1831,0.1831,0.1029,0.1184,0.0838,0.0663,0.0847,0.1138,0.1365,0.0396,0.0709
CT017571,Zone_08,Zone_01,0.1661,0.1661,0.0801,0.1206,0.0819,0.0917,0.1231,0.1062,0.0943,0.0359,0.1
CT002395,Zone_07,Zone_08,0.194,0.1183,0.0957,0.086,0.1293,0.0757,0.0924,0.1363,0.194,0.0155,0.0569
CT006184,Zone_07,Zone_10,0.1213,0.0907,0.0849,0.0867,0.1071,0.1107,0.0757,0.0988,0.1098,0.1143,0.1213
CT002260,Zone_08,Zone_10,0.1615,0.0528,0.086,0.1386,0.0958,0.1369,0.0932,0.0858,0.1291,0.0202,0.1615
CT012544,Zone_07,Zone_07,0.1526,0.0795,0.1293,0.0986,0.1506,0.0892,0.0716,0.1526,0.1269,0.0408,0.0609
CT000082,Zone_08,Zone_02,0.1265,0.0974,0.1265,0.11,0.1093,0.0992,0.0911,0.121,0.1002,0.0487,0.0965
CT008599,Zone_08,Zone_03,0.1585,0.1099,0.0872,0.1585,0.1579,0.0594,0.089,0.1292,0.1256,0.031,0.0523
CT005271,Zone_10,Zone_04,0.1565,0.1052,0.1165,0.1083,0.1565,0.0985,0.0796,0.1036,0.1294,0.0436,0.0588
CT011716,Zone_07,Zone_06,0.1781,0.0764,0.1088,0.0991,0.1148,0.0742,0.1781,0.0949,0.1157,0.0675,0.0704
CT014699,Zone_08,Zone_08,0.1494,0.1038,0.0775,0.1393,0.0879,0.0952,0.0846,0.1279,0.1494,0.0435,0.0909
CT015110,Zone_07,Zone_01,0.1448,0.1448,0.1233,0.1087,0.0752,0.0687,0.1033,0.1088,0.1355,0.0305,0.1011
CT018536,Zone_02,Zone_10,0.1628,0.1081,0.0546,0.1102,0.1064,0.0798,0.0995,0.1152,0.1241,0.039,0.1628
CT004364,Zone_10,Zone_07,0.1462,0.0896,0.1174,0.1333,0.1218,0.0602,0.072,0.1462,0.1273,0.0243,0.1078
CT012484,Zone_07,Zone_05,0.1494,0.1041,0.0665,0.0857,0.1255,0.1494,0.0778,0.1183,0.1481,0.0329,0.0918
CT003206,Zone_08,Zone_07,0.2068,0.1086,0.0743,0.1246,0.091,0.083,0.0673,0.2068,0.1187,0.0106,0.1151
CT010724,Zone_03,Zone_04,0.1435,0.1339,0.076,0.1046,0.1435,0.0572,0.0918,0.1385,0.1338,0.0449,0.0756
CT016270,Zone_07,Zone_02,0.1376,0.0837,0.1376,0.1102,0.1306,0.0818,0.0925,0.1326,0.123,0.0336,0.0743
CT009983,Zone_10,Zone_08,0.1774,0.1765,0.1092,0.1077,0.0888,0.0566,0.0745,0.124,0.1774,0.0169,0.0683
CT006545,Zone_04,Zone_02,0.1358,0.0957,0.1358,0.1263,0.1254,0.0726,0.0701,0.1166,0.1232,0.0258,0.1084
CT013058,Zone_07,Zone_03,0.1569,0.0785,0.1113,0.1569,0.1377,0.0684,0.0633,0.1437,0.1248,0.0254,0.09
CT011391,Zone_04,Zone_02,0.1747,0.1312,0.1747,0.0823,0.1388,0.036,0.0432,0.1042,0.0926,0.1021,0.0948
CT016543,Zone_04,Zone_03,0.1563,0.1021,0.0948,0.1563,0.1453,0.0759,0.0751,0.1197,0.1159,0.0192,0.0956
CT014697,Zone_01,Zone_10,0.165,0.0899,0.0776,0.1021,0.1055,0.0563,0.1453,0.1159,0.1383,0.0043,0.165
CT010490,Zone_08,Zone_03,0.1562,0.0843,0.1087,0.1562,0.0946,0.0645,0.0896,0.125,0.1,0.0648,0.1122
CT001830,Zone_08,Zone_03,0.1601,0.0927,0.0938,0.1601,0.1053,0.0979,0.0836,0.1351,0.1224,0.0325,0.0767
CT008718,Zone_02,Zone_04,0.1981,0.1477,0.0804,0.1115,0.1981,0.0678,0.0391,0.0997,0.0918,0.0819,0.082
CT013174,Zone_08,Zone_05,0.144,0.1256,0.0797,0.1088,0.1226,0.144,0.0968,0.1137,0.0921,0.0319,0.0847
CT009505,Zone_07,Zone_08,0.1457,0.0591,0.0949,0.1204,0.0835,0.0532,0.0951,0.1124,0.1457,0.101,0.1346
CT006522,Zone_08,Zone_07,0.157,0.1488,0.0903,0.0982,0.0988,0.0805,0.0744,0.157,0.1473,0.0216,0.0831
CT018660,Zone_08,Zone_04,0.1549,0.0738,0.1032,0.1264,0.1549,0.1293,0.046,0.1311,0.1357,0.0186,0.0811
CT015351,Zone_03,Zone_08,0.1311,0.1102,0.1025,0.1001,0.1176,0.0844,0.0818,0.1141,0.1311,0.0477,0.1105
CT009048,Zone_08,Zone_02,0.1619,0.0627,0.1619,0.0651,0.1176,0.0812,0.1,0.0887,0.1569,0.0504,0.1154
CT012780,Zone_07,Zone_02,0.14,0.0964,0.14,0.0981,0.1185,0.0695,0.0883,0.1247,0.1217,0.0399,0.1027
CT019844,Zone_07,Zone_01,0.1383,0.1383,0.0992,0.0827,0.0965,0.0925,0.0841,0.1381,0.1258,0.0449,0.098
CT012602,Zone_06,Zone_07,0.1472,0.1083,0.1,0.1058,0.0915,0.0735,0.0747,0.1472,0.1136,0.0602,0.1251
CT004285,Zone_06,Zone_10,0.1686,0.0798,0.0775,0.1152,0.0915,0.048,0.1252,0.1661,0.1004,0.0278,0.1686
CT002864,Zone_03,Zone_02,0.1658,0.0929,0.1658,0.0785,0.1005,0.0759,0.0698,0.1618,0.1096,0.0885,0.0568
CT007820,Zone_08,Zone_07,0.1837,0.1489,0.0875,0.0857,0.085,0.0569,0.0695,0.1837,0.1298,0.0398,0.1132
CT015776,Zone_07,Zone_08,0.1359,0.1316,0.1068,0.1093,0.1083,0.0615,0.0751,0.0839,0.1359,0.0655,0.122
CT019874,Zone_04,Zone_04,0.1332,0.1069,0.0676,0.1161,0.1332,0.0959,0.0755,0.1168,0.1248,0.0658,0.0973
CT019503,Zone_07,Zone_02,0.1528,0.1362,0.1528,0.0926,0.092,0.0517,0.1057,0.1346,0.1063,0.0444,0.0836
CT005881,Zone_04,Zone_07,0.1462,0.1219,0.1267,0.113,0.1431,0.0607,0.0639,0.1462,0.1072,0.043,0.0741
CT013188,Zone_03,Zone_02,0.1501,0.0962,0.1501,0.0648,0.1009,0.0542,0.1402,0.15,0.0998,0.0257,0.1181
CT013895,Zone_01,Zone_08,0.1765,0.0379,0.0496,0.0931,0.1683,0.0789,0.1221,0.1646,0.1765,0.0166,0.0924
CT004274,Zone_07,Zone_07,0.1623,0.0719,0.085,0.144,0.1308,0.0722,0.0846,0.1623,0.1205,0.0367,0.0921
CT001154,Zone_03,Zone_07,0.1523,0.1211,0.0729,0.0976,0.1283,0.1184,0.077,0.1523,0.1182,0.0089,0.1054
CT011950,Zone_08,Zone_08,0.1465,0.1025,0.1074,0.0807,0.1027,0.0865,0.1462,0.1204,0.1465,0.0279,0.0794
CT004532,Zone_04,Zone_04,0.131,0.1087,0.0971,0.1024,0.131,0.0718,0.0898,0.1303,0.1079,0.086,0.0749
CT014691,Zone_06,Zone_04,0.1885,0.0853,0.0852,0.0888,0.1885,0.0811,0.1043,0.0847,0.1571,0.0085,0.1165
CT019988,Zone_07,Zone_07,0.1365,0.0885,0.0824,0.1191,0.1235,0.1243,0.0929,0.1365,0.1008,0.0482,0.0837
CT005142,Zone_07,Zone_07,0.1634,0.0492,0.0747,0.1126,0.1113,0.1158,0.0539,0.1634,0.1353,0.0414,0.1426
CT007514,Zone_07,Zone_08,0.1406,0.0656,0.1136,0.0887,0.099,0.0819,0.0885,0.1368,0.1406,0.0794,0.1059
CT015396,Zone_06,Zone_06,0.1353,0.1114,0.0811,0.1031,0.0783,0.0969,0.1353,0.102,0.123,0.0702,0.0988
CT008740,Zone_07,Zone_04,0.1358,0.0798,0.1245,0.1153,0.1358,0.0931,0.0799,0.11,0.1256,0.0366,0.0993
CT016345,Zone_07,Zone_08,0.1608,0.0933,0.1448,0.0698,0.137,0.0763,0.077,0.1354,0.1608,0.019,0.0865
CT001580,Zone_07,Zone_10,0.1398,0.076,0.1319,0.1313,0.0998,0.0598,0.0762,0.1285,0.0867,0.07,0.1398
CT019081,Zone_08,Zone_06,0.1482,0.059,0.1052,0.0889,0.1114,0.0519,0.1482,0.1154,0.1155,0.0612,0.1434
CT002546,Zone_05,Zone_08,0.1962,0.0602,0.1267,0.0873,0.1124,0.0491,0.1339,0.1415,0.1962,0.0066,0.0861
CT001046,Zone_04,Zone_08,0.1465,0.1155,0.0865,0.1112,0.1222,0.0892,0.0559,0.1307,0.1465,0.0432,0.099
CT002075,Zone_05,Zone_04,0.1604,0.0631,0.0678,0.0967,0.1604,0.065,0.0931,0.1555,0.1227,0.0388,0.1369
CT004981,Zone_06,Zone_08,0.1314,0.093,0.1016,0.1191,0.0998,0.057,0.1291,0.1222,0.1314,0.0198,0.1271
CT006402,Zone_01,Zone_07,0.1925,0.056,0.112,0.1458,0.0956,0.061,0.0607,0.1925,0.1043,0.0647,0.1073
CT013406,Zone_08,Zone_08,0.154,0.0982,0.1009,0.0767,0.1321,0.0563,0.1233,0.1438,0.154,0.0205,0.0942
CT003999,Zone_04,Zone_06,0.1465,0.0887,0.0898,0.0986,0.1147,0.1223,0.1465,0.0992,0.1299,0.0233,0.087
CT008178,Zone_07,Zone_08,0.1492,0.0921,0.0975,0.1152,0.1293,0.0502,0.0755,0.1461,0.1492,0.0317,0.1132
CT019174,Zone_04,Zone_08,0.1584,0.0963,0.0731,0.1051,0.1535,0.1237,0.0564,0.1224,0.1584,0.0557,0.0553
CT002825,Zone_10,Zone_07,0.137,0.0941,0.0873,0.1181,0.1085,0.0642,0.1019,0.137,0.1325,0.0466,0.1099
CT013837,Zone_07,Zone_08,0.153,0.0911,0.1417,0.1246,0.1103,0.1097,0.0562,0.1275,0.153,0.0163,0.0698
CT000646,Zone_06,Zone_07,0.1619,0.1399,0.1125,0.1235,0.1089,0.0648,0.095,0.1619,0.08,0.0263,0.087
CT011723,Zone_07,Zone_07,0.1403,0.0803,0.1015,0.0815,0.1157,0.1185,0.1188,0.1403,0.1116,0.0464,0.0854
CT006219,Zone_01,Zone_07,0.1544,0.0952,0.0951,0.0803,0.1221,0.072,0.1303,0.1544,0.1023,0.068,0.0802
CT010605,Zone_08,Zone_05,0.146,0.0943,0.0852,0.0729,0.1026,0.146,0.1183,0.1075,0.1343,0.0492,0.0897
CT012964,Zone_07,Zone_02,0.1299,0.1245,0.1299,0.088,0.0875,0.0978,0.1077,0.1292,0.1172,0.041,0.0771
CT019333,Zone_07,Zone_10,0.1728,0.0465,0.1527,0.0701,0.1348,0.0952,0.0451,0.1214,0.0981,0.0632,0.1728
CT002781,Zone_03,Zone_01,0.1705,0.1705,0.0748,0.1348,0.1084,0.1265,0.0788,0.0862,0.1164,0.0269,0.0768
CT005844,Zone_07,Zone_08,0.1647,0.0924,0.0803,0.0582,0.1343,0.11,0.0728,0.1311,0.1647,0.044,0.1123
CT016272,Zone_09,Zone_01,0.142,0.142,0.1144,0.1106,0.1007,0.0766,0.0921,0.1204,0.1063,0.0148,0.1221
CT019999,Zone_08,Zone_08,0.1772,0.0762,0.129,0.111,0.0934,0.0697,0.0679,0.1347,0.1772,0.04,0.1007
CT010647,Zone_08,Zone_10,0.1445,0.1184,0.0853,0.0679,0.1301,0.0872,0.105,0.1354,0.0855,0.0408,0.1445
CT019947,Zone_07,Zone_04,0.1731,0.0954,0.1173,0.1082,0.1731,0.047,0.087,0.1366,0.1305,0.0155,0.0895
CT005332,Zone_07,Zone_07,0.1369,0.0972,0.0951,0.1141,0.1197,0.087,0.0749,0.1369,0.1317,0.0271,0.1164
CT003346,Zone_08,Zone_07,0.1565,0.0755,0.0655,0.1354,0.0937,0.1379,0.1325,0.1565,0.1051,0.0182,0.0797
CT005609,Zone_08,Zone_03,0.1676,0.0851,0.1101,0.1676,0.0951,0.0741,0.1042,0.1208,0.1155,0.0388,0.0887
CT019514,Zone_07,Zone_01,0.1626,0.1626,0.0983,0.094,0.0811,0.0849,0.0669,0.1271,0.1273,0.0756,0.0821
CT013136,Zone_10,Zone_07,0.2732,0.0699,0.0909,0.0836,0.1087,0.0746,0.0816,0.2732,0.0952,0.0396,0.0827
CT018254,Zone_01,Zone_04,0.1383,0.1031,0.1069,0.1164,0.1383,0.0794,0.106,0.1304,0.0977,0.0458,0.0761
CT004521,Zone_03,Zone_08,0.203,0.0726,0.0817,0.1283,0.1193,0.0514,0.0597,0.1386,0.203,0.034,0.1112
CT006517,Zone_07,Zone_10,0.1494,0.0772,0.1137,0.0996,0.0996,0.0946,0.0676,0.1192,0.1468,0.0322,0.1494
CT014939,Zone_07,Zone_02,0.1592,0.1228,0.1592,0.1064,0.1252,0.0167,0.1097,0.1017,0.1108,0.0257,0.1219
CT007530,Zone_01,Zone_06,0.1517,0.0884,0.0689,0.0832,0.103,0.1112,0.1517,0.1063,0.1156,0.0912,0.0804
CT013699,Zone_04,Zone_10,0.1304,0.1143,0.1273,0.0865,0.0896,0.1076,0.0822,0.1121,0.0947,0.0555,0.1304
CT015302,Zone_01,Zone_10,0.1702,0.0927,0.088,0.084,0.1294,0.1032,0.063,0.1113,0.1281,0.0301,0.1702
CT001845,Zone_03,Zone_07,0.1599,0.0787,0.1572,0.1221,0.1062,0.078,0.0598,0.1599,0.1211,0.0055,0.1116
CT016878,Zone_02,Zone_07,0.185,0.0738,0.1213,0.0872,0.076,0.1053,0.1107,0.185,0.1443,0.0414,0.055
CT014213,Zone_03,Zone_08,0.1781,0.1121,0.0767,0.1443,0.1135,0.0699,0.0662,0.1237,0.1781,0.0246,0.0911
CT004956,Zone_04,Zone_01,0.1358,0.1358,0.0786,0.0838,0.0965,0.0901,0.1046,0.1209,0.1064,0.1124,0.071
CT017983,Zone_06,Zone_08,0.1407,0.1169,0.1162,0.1352,0.1202,0.0465,0.0503,0.1081,0.1407,0.0442,0.1216
CT013838,Zone_05,Zone_09,0.1709,0.0759,0.0953,0.0603,0.086,0.0716,0.1096,0.1001,0.1054,0.1709,0.1249
CT010501,Zone_05,Zone_01,0.2157,0.2157,0.0936,0.1431,0.1043,0.0347,0.0516,0.1537,0.0945,0.0344,0.0745
CT003157,Zone_02,Zone_10,0.1566,0.0564,0.1272,0.1438,0.0946,0.0564,0.1015,0.1376,0.118,0.0079,0.1566
CT014817,Zone_07,Zone_07,0.1312,0.1162,0.0879,0.1134,0.1031,0.0816,0.1095,0.1312,0.1279,0.0301,0.0991
CT019780,Zone_01,Zone_08,0.1372,0.1352,0.0685,0.1097,0.1086,0.0619,0.0966,0.1071,0.1372,0.0813,0.0939
CT002061,Zone_10,Zone_04,0.1815,0.0879,0.1069,0.1278,0.1815,0.0861,0.0474,0.1296,0.1451,0.0277,0.0599
CT013935,Zone_07,Zone_03,0.1453,0.0781,0.0937,0.1453,0.096,0.1265,0.07,0.1395,0.1165,0.0191,0.1153
CT011630,Zone_07,Zone_07,0.1609,0.0801,0.0895,0.1343,0.1188,0.0797,0.0501,0.1609,0.1111,0.0261,0.1493
CT014337,Zone_08,Zone_03,0.1624,0.0912,0.1195,0.1624,0.0852,0.065,0.1162,0.121,0.1092,0.031,0.0994
CT005808,Zone_07,Zone_10,0.1605,0.0588,0.1295,0.1424,0.1152,0.0878,0.0738,0.131,0.0922,0.0089,0.1605
CT008583,Zone_07,Zone_01,0.1384,0.1384,0.0962,0.0974,0.1359,0.0905,0.0777,0.1033,0.1222,0.0533,0.0851
CT001061,Zone_10,Zone_01,0.1694,0.1694,0.0705,0.1017,0.147,0.0826,0.0637,0.1294,0.1031,0.0365,0.0962
CT007004,Zone_07,Zone_08,0.1545,0.1229,0.0705,0.1092,0.1331,0.0637,0.0558,0.1374,0.1545,0.0253,0.1276
CT003264,Zone_08,Zone_05,0.1293,0.1049,0.0966,0.1109,0.1009,0.1293,0.0711,0.1146,0.0911,0.0562,0.1244
CT002234,Zone_10,Zone_03,0.1745,0.0893,0.0799,0.1745,0.1002,0.0996,0.0563,0.1231,0.1599,0.047,0.0702
CT013940,Zone_06,Zone_08,0.1512,0.1081,0.0691,0.1033,0.1313,0.0952,0.0927,0.1456,0.1512,0.0185,0.085
CT001374,Zone_07,Zone_05,0.1505,0.0806,0.0831,0.1097,0.1161,0.1505,0.0994,0.0992,0.1263,0.0142,0.1209
CT016783,Zone_02,Zone_03,0.1301,0.105,0.0768,0.1301,0.105,0.0972,0.1045,0.121,0.111,0.0275,0.1219
CT013327,Zone_06,Zone_02,0.1445,0.1426,0.1445,0.1159,0.0869,0.0504,0.0848,0.1393,0.1257,0.0152,0.0946
CT000454,Zone_01,Zone_08,0.1352,0.1016,0.0787,0.1184,0.1079,0.0776,0.1242,0.1098,0.1352,0.0315,0.1151
CT011967,Zone_08,Zone_04,0.1812,0.1222,0.0736,0.1055,0.1812,0.0477,0.0621,0.1054,0.1512,0.0213,0.1299
CT009771,Zone_05,Zone_08,0.2176,0.0455,0.1385,0.0692,0.109,0.0951,0.0292,0.094,0.2176,0.0611,0.1407
CT006245,Zone_03,Zone_06,0.1489,0.0656,0.0817,0.148,0.0959,0.0776,0.1489,0.1191,0.0921,0.1133,0.0576
CT019358,Zone_02,Zone_07,0.164,0.1102,0.0727,0.1033,0.1092,0.0955,0.0912,0.164,0.135,0.0288,0.09
CT015880,Zone_07,Zone_02,0.1626,0.0734,0.1626,0.0822,0.0938,0.1143,0.1253,0.0999,0.1481,0.0386,0.0617
CT015243,Zone_03,Zone_02,0.1367,0.1319,0.1367,0.0981,0.0944,0.08,0.0745,0.1159,0.1333,0.0365,0.0987
CT015567,Zone_07,Zone_07,0.1472,0.0912,0.1345,0.1097,0.1212,0.0622,0.0633,0.1472,0.1156,0.0733,0.0818
CT010340,Zone_08,Zone_02,0.1437,0.0854,0.1437,0.0936,0.0851,0.0813,0.117,0.1335,0.1327,0.0329,0.0947
CT013245,Zone_04,Zone_07,0.1503,0.0951,0.1141,0.0743,0.1496,0.0957,0.0616,0.1503,0.1065,0.0517,0.1011
CT015354,Zone_07,Zone_07,0.1979,0.1236,0.1194,0.0659,0.0956,0.0495,0.1034,0.1979,0.1254,0.031,0.0881
CT013142,Zone_02,Zone_07,0.2046,0.0776,0.0532,0.0986,0.1626,0.0519,0.0683,0.2046,0.1447,0.0043,0.1343
CT015735,Zone_07,Zone_08,0.1595,0.077,0.1062,0.1422,0.0939,0.0965,0.0464,0.1494,0.1595,0.03,0.0989
CT007361,Zone_08,Zone_03,0.1388,0.0994,0.1081,0.1388,0.0979,0.0949,0.0963,0.0976,0.1364,0.0383,0.0922
CT012161,Zone_02,Zone_07,0.1653,0.0712,0.1194,0.0704,0.1182,0.1189,0.0558,0.1653,0.1151,0.0662,0.0996
CT007762,Zone_10,Zone_07,0.1547,0.1241,0.1396,0.1097,0.0985,0.0658,0.0713,0.1547,0.1042,0.0334,0.0988
CT009990,Zone_04,Zone_07,0.1616,0.1133,0.1054,0.1358,0.0939,0.073,0.0431,0.1616,0.1334,0.0404,0.1
CT013885,Zone_08,Zone_08,0.1454,0.1259,0.0821,0.0922,0.1228,0.0775,0.0743,0.1401,0.1454,0.0324,0.1074
CT001692,Zone_06,Zone_08,0.2051,0.1014,0.0889,0.1078,0.1073,0.0795,0.0398,0.1351,0.2051,0.0444,0.0908
CT015993,Zone_03,Zone_10,0.1375,0.1321,0.1109,0.1257,0.093,0.0886,0.0633,0.1121,0.1156,0.0213,0.1375
CT006582,Zone_07,Zone_08,0.1606,0.0751,0.0829,0.0789,0.1037,0.0937,0.0636,0.1461,0.1606,0.0504,0.1449
CT014420,Zone_01,Zone_01,0.1705,0.1705,0.0919,0.0781,0.1268,0.0951,0.0847,0.103,0.124,0.0459,0.0799
CT007553,Zone_04,Zone_08,0.1646,0.1255,0.0772,0.11,0.0977,0.0732,0.0557,0.1345,0.1646,0.0645,0.0971
CT018781,Zone_08,Zone_07,0.1389,0.0614,0.1245,0.1199,0.1216,0.0809,0.1038,0.1389,0.1175,0.0303,0.1011
CT019256,Zone_02,Zone_07,0.1515,0.0753,0.1196,0.1196,0.1214,0.0876,0.0867,0.1515,0.1438,0.0177,0.0769
CT009256,Zone_01,Zone_01,0.1299,0.1299,0.1249,0.0916,0.0863,0.0955,0.0546,0.1231,0.1122,0.0695,0.1124
CT012687,Zone_07,Zone_07,0.1424,0.0725,0.1062,0.1009,0.1187,0.0535,0.1118,0.1424,0.1384,0.0479,0.1077
CT017407,Zone_04,Zone_08,0.1544,0.1214,0.0912,0.0807,0.1013,0.1311,0.1163,0.0897,0.1544,0.0256,0.0882
CT003347,Zone_07,Zone_08,0.1546,0.0808,0.0939,0.0793,0.1226,0.0809,0.0865,0.1327,0.1546,0.0869,0.0818
CT001746,Zone_07,Zone_04,0.1467,0.1164,0.1001,0.1353,0.1467,0.0472,0.0673,0.1365,0.1288,0.0348,0.087
CT001279,Zone_07,Zone_07,0.1571,0.0899,0.1162,0.126,0.1406,0.0658,0.0693,0.1571,0.1161,0.0271,0.0919
CT011040,Zone_07,Zone_07,0.163,0.0691,0.0845,0.1625,0.1001,0.0856,0.1134,0.163,0.1054,0.0523,0.0641
CT012358,Zone_04,Zone_08,0.1577,0.1005,0.0857,0.1098,0.1531,0.068,0.0951,0.1243,0.1577,0.0248,0.0811
CT018440,Zone_03,Zone_08,0.1715,0.0657,0.0886,0.116,0.1312,0.0732,0.0996,0.1497,0.1715,0.0182,0.0863
CT003092,Zone_06,Zone_05,0.1238,0.1189,0.0805,0.0982,0.1085,0.1238,0.0713,0.1178,0.1224,0.0385,0.12
CT013598,Zone_07,Zone_01,0.1459,0.1459,0.0891,0.0902,0.1062,0.0856,0.0903,0.1172,0.1112,0.0425,0.1218
CT011116,Zone_08,Zone_04,0.1765,0.0679,0.1012,0.1025,0.1765,0.0903,0.0607,0.1492,0.1134,0.0424,0.096
CT013367,Zone_08,Zone_08,0.1375,0.0941,0.0862,0.0846,0.0837,0.0949,0.0793,0.0974,0.1375,0.1342,0.1082
CT005362,Zone_02,Zone_01,0.1589,0.1589,0.0757,0.1122,0.0803,0.0475,0.0662,0.1097,0.1154,0.1439,0.0901
CT007978,Zone_10,Zone_07,0.1712,0.1049,0.0956,0.0996,0.101,0.0574,0.0908,0.1712,0.1514,0.0114,0.1167
CT019219,Zone_10,Zone_08,0.1276,0.1167,0.0911,0.0826,0.116,0.0902,0.1114,0.1023,0.1276,0.0482,0.1139
CT008245,Zone_10,Zone_08,0.1351,0.0861,0.0854,0.085,0.1326,0.1143,0.094,0.1,0.1351,0.0704,0.0973
CT004130,Zone_06,Zone_07,0.1405,0.0877,0.1194,0.1068,0.1113,0.0588,0.0973,0.1405,0.1117,0.0659,0.1007
CT002667,Zone_06,Zone_03,0.2018,0.0577,0.1274,0.2018,0.1207,0.0576,0.0771,0.1261,0.1143,0.0101,0.1072
CT015590,Zone_07,Zone_09,0.1687,0.0948,0.1119,0.0791,0.0831,0.0275,0.0494,0.1605,0.1495,0.1687,0.0754
CT006774,Zone_10,Zone_08,0.1403,0.0812,0.0982,0.1128,0.1243,0.0849,0.1265,0.1117,0.1403,0.0246,0.0954
CT017756,Zone_07,Zone_04,0.1678,0.097,0.1104,0.0894,0.1678,0.096,0.0506,0.1129,0.13,0.0461,0.0997
CT015010,Zone_08,Zone_04,0.1504,0.0614,0.1227,0.1153,0.1504,0.07,0.1038,0.1282,0.1367,0.0256,0.0859
CT011019,Zone_03,Zone_08,0.1515,0.1191,0.1258,0.108,0.0982,0.0815,0.0736,0.1391,0.1515,0.029,0.0742
CT001847,Zone_04,Zone_02,0.1445,0.1251,0.1445,0.0909,0.1252,0.0828,0.0726,0.1198,0.1142,0.0407,0.0841
CT008887,Zone_02,Zone_05,0.1606,0.0754,0.0906,0.0654,0.1244,0.1606,0.0781,0.1028,0.1373,0.0885,0.0769
CT004703,Zone_04,Zone_08,0.1397,0.133,0.1005,0.0999,0.0912,0.1107,0.0894,0.1211,0.1397,0.0239,0.0906
CT013283,Zone_09,Zone_08,0.1493,0.1096,0.0981,0.0898,0.0958,0.0733,0.1053,0.1476,0.1493,0.0552,0.0759
CT000194,Zone_07,Zone_02,0.147,0.1343,0.147,0.0873,0.1111,0.1207,0.0972,0.1019,0.0911,0.0246,0.0848
CT002015,Zone_08,Zone_06,0.1581,0.0645,0.0929,0.0962,0.0818,0.0847,0.1581,0.1134,0.1303,0.0592,0.1189
CT011611,Zone_02,Zone_08,0.1956,0.1147,0.0824,0.103,0.1326,0.1057,0.0471,0.1082,0.1956,0.0342,0.0766
CT011047,Zone_07,Zone_01,0.1459,0.1459,0.0834,0.1078,0.1201,0.0927,0.0506,0.1281,0.1305,0.0848,0.0562
CT016387,Zone_01,Zone_07,0.1509,0.1483,0.0879,0.069,0.138,0.0733,0.1173,0.1509,0.076,0.0508,0.0885
CT002235,Zone_07,Zone_06,0.2084,0.1054,0.0771,0.1224,0.0745,0.0618,0.2084,0.1046,0.1122,0.016,0.1177
CT014149,Zone_08,Zone_08,0.1381,0.1282,0.0734,0.0869,0.1064,0.1324,0.1192,0.0948,0.1381,0.0493,0.0714
CT016098,Zone_03,Zone_08,0.1741,0.1013,0.0767,0.1151,0.1572,0.0481,0.065,0.1258,0.1741,0.0744,0.0622
CT008504,Zone_08,Zone_08,0.1684,0.1027,0.111,0.1038,0.1385,0.0496,0.0949,0.0867,0.1684,0.0197,0.1249
CT010153,Zone_02,Zone_08,0.1684,0.1567,0.0805,0.0848,0.1059,0.0963,0.0812,0.1283,0.1684,0.0325,0.0652
CT006191,Zone_07,Zone_04,0.1484,0.074,0.0442,0.115,0.1484,0.1179,0.0861,0.1474,0.1419,0.0653,0.0598
CT014620,Zone_03,Zone_07,0.1761,0.0888,0.1209,0.07,0.1076,0.0825,0.0652,0.1761,0.1475,0.0469,0.0944
CT000032,Zone_10,Zone_04,0.1397,0.1066,0.1005,0.1118,0.1397,0.1101,0.0866,0.1055,0.1062,0.0347,0.0983
CT016518,Zone_07,Zone_02,0.129,0.1279,0.129,0.102,0.1085,0.0638,0.0996,0.1081,0.1108,0.0463,0.104
CT010483,Zone_07,Zone_06,0.17,0.0947,0.0768,0.1062,0.1218,0.0698,0.17,0.1248,0.1221,0.041,0.0729
CT008502,Zone_07,Zone_06,0.1473,0.1355,0.1129,0.091,0.1257,0.1426,0.1473,0.1176,0.0619,0.0205,0.0451
CT013939,Zone_08,Zone_07,0.1605,0.1065,0.0782,0.0608,0.0966,0.1446,0.1359,0.1605,0.1195,0.0422,0.0553
CT000383,Zone_07,Zone_08,0.1164,0.1154,0.1107,0.1144,0.1138,0.0763,0.0996,0.1031,0.1164,0.0483,0.1021
CT001259,Zone_07,Zone_02,0.1495,0.0583,0.1495,0.1116,0.1104,0.0735,0.1148,0.1205,0.1181,0.0784,0.0649
CT018794,Zone_09,Zone_08,0.1694,0.1052,0.0988,0.0953,0.0834,0.0832,0.133,0.1015,0.1694,0.0892,0.0411
CT018193,Zone_01,Zone_03,0.1794,0.0994,0.1139,0.1794,0.0936,0.0957,0.0614,0.1269,0.1243,0.0266,0.0788
CT012954,Zone_08,Zone_04,0.1289,0.1254,0.0806,0.0955,0.1289,0.0504,0.1275,0.114,0.1082,0.0814,0.088
CT007983,Zone_06,Zone_03,0.1484,0.0773,0.1111,0.1484,0.1476,0.0914,0.0753,0.0898,0.1358,0.0335,0.0897
CT012498,Zone_05,Zone_08,0.1759,0.1175,0.0864,0.0881,0.0938,0.0819,0.097,0.1404,0.1759,0.0357,0.0833
CT007173,Zone_08,Zone_05,0.1472,0.0996,0.1088,0.088,0.1388,0.1472,0.0711,0.1269,0.088,0.0444,0.0872
CT004494,Zone_03,Zone_07,0.1307,0.0864,0.0948,0.083,0.1209,0.1213,0.0914,0.1307,0.1041,0.0956,0.0719
CT014334,Zone_02,Zone_07,0.1921,0.1246,0.0922,0.1394,0.1096,0.0601,0.0167,0.1921,0.099,0.0471,0.1193
CT013583,Zone_07,Zone_04,0.1549,0.1086,0.0781,0.1125,0.1549,0.0565,0.0715,0.1491,0.1351,0.0603,0.0734
CT002789,Zone_10,Zone_10,0.1651,0.0826,0.1435,0.0926,0.103,0.0682,0.0563,0.1475,0.1224,0.0189,0.1651
CT011048,Zone_08,Zone_08,0.1929,0.0791,0.0846,0.1175,0.1041,0.0437,0.0905,0.1475,0.1929,0.0501,0.09
CT019661,Zone_08,Zone_10,0.1561,0.1357,0.0751,0.1164,0.1538,0.0391,0.0773,0.1151,0.0799,0.0515,0.1561
CT001233,Zone_01,Zone_03,0.1613,0.0885,0.0665,0.1613,0.1162,0.0879,0.0881,0.1326,0.1185,0.022,0.1184
CT015933,Zone_02,Zone_08,0.1511,0.128,0.116,0.0912,0.1004,0.0776,0.0955,0.1412,0.1511,0.0202,0.0789
CT000512,Zone_07,Zone_04,0.1828,0.1068,0.0982,0.1014,0.1828,0.096,0.0715,0.1187,0.1095,0.0556,0.0596
CT017314,Zone_06,Zone_08,0.1343,0.0567,0.1089,0.0629,0.124,0.0653,0.1307,0.0972,0.1343,0.0986,0.1215
CT012501,Zone_07,Zone_08,0.1522,0.0661,0.0855,0.1082,0.122,0.0472,0.13,0.1414,0.1522,0.0394,0.1079
CT002870,Zone_02,Zone_09,0.2582,0.0842,0.0528,0.073,0.0675,0.0775,0.0689,0.136,0.0778,0.2582,0.1041
CT015451,Zone_04,Zone_07,0.172,0.082,0.1224,0.1179,0.1284,0.0577,0.0213,0.172,0.1533,0.0923,0.0527
CT005117,Zone_08,Zone_04,0.157,0.0676,0.0742,0.1011,0.157,0.094,0.0638,0.1225,0.1502,0.0835,0.0861
CT002716,Zone_01,Zone_05,0.1424,0.1413,0.1181,0.1066,0.0883,0.1424,0.0552,0.0903,0.0953,0.0733,0.0891
CT010802,Zone_04,Zone_03,0.2185,0.0743,0.1081,0.2185,0.0597,0.1091,0.0699,0.0957,0.1093,0.0264,0.1289
CT002606,Zone_03,Zone_08,0.1846,0.1164,0.0963,0.0897,0.113,0.0953,0.086,0.0832,0.1846,0.0226,0.1129
CT018086,Zone_03,Zone_07,0.1927,0.0851,0.087,0.1061,0.1087,0.0612,0.0754,0.1927,0.1453,0.0115,0.1271
CT009286,Zone_03,Zone_08,0.1651,0.0648,0.0786,0.1432,0.1494,0.0836,0.1066,0.0869,0.1651,0.0239,0.0979
CT018800,Zone_05,Zone_04,0.184,0.0902,0.115,0.0966,0.184,0.1126,0.1034,0.1175,0.0802,0.0255,0.0749
CT000907,Zone_08,Zone_04,0.1566,0.1367,0.109,0.1135,0.1566,0.0634,0.0498,0.0994,0.1166,0.0827,0.0723
CT005264,Zone_07,Zone_02,0.167,0.076,0.167,0.0775,0.0889,0.062,0.0837,0.1214,0.1195,0.0939,0.11
CT011779,Zone_05,Zone_07,0.1819,0.087,0.1052,0.0898,0.1409,0.0651,0.0793,0.1819,0.1113,0.0511,0.0886
CT013191,Zone_04,Zone_05,0.1261,0.086,0.1159,0.0805,0.1142,0.1261,0.0634,0.1014,0.1244,0.0943,0.0938
CT011795,Zone_08,Zone_02,0.2079,0.0854,0.2079,0.0732,0.1476,0.1105,0.034,0.103,0.1165,0.0148,0.1072
CT014951,Zone_07,Zone_04,0.1613,0.0927,0.123,0.0771,0.1613,0.0944,0.0582,0.1391,0.1219,0.0473,0.085
CT005734,Zone_06,Zone_01,0.1662,0.1662,0.1395,0.1224,0.1096,0.0291,0.0871,0.1336,0.1442,0.0365,0.0317
CT005847,Zone_10,Zone_05,0.1492,0.0567,0.1256,0.1065,0.1269,0.1492,0.1398,0.137,0.0834,0.0344,0.0405
CT009695,Zone_07,Zone_04,0.233,0.0647,0.0467,0.0642,0.233,0.1441,0.0809,0.1914,0.092,0.0236,0.0595
CT000423,Zone_02,Zone_07,0.1419,0.104,0.0886,0.0967,0.1163,0.0872,0.0531,0.1419,0.1151,0.0571,0.14
CT009973,Zone_10,Zone_08,0.138,0.0867,0.0915,0.1201,0.1013,0.1378,0.1202,0.1156,0.138,0.0219,0.0668
CT000895,Zone_07,Zone_04,0.2319,0.0743,0.087,0.0684,0.2319,0.0606,0.0782,0.1373,0.107,0.023,0.1324
CT017845,Zone_07,Zone_03,0.148,0.0766,0.0835,0.148,0.1263,0.0802,0.0846,0.14,0.116,0.065,0.0797
CT010593,Zone_08,Zone_07,0.1297,0.1179,0.1105,0.103,0.0848,0.0653,0.1165,0.1297,0.1114,0.0409,0.12
CT007637,Zone_08,Zone_02,0.1868,0.1467,0.1868,0.0915,0.1018,0.075,0.0853,0.1028,0.1428,0.0092,0.0581
CT015618,Zone_01,Zone_02,0.1721,0.047,0.1721,0.0907,0.1112,0.0981,0.1059,0.1391,0.1067,0.0473,0.0818
CT013002,Zone_07,Zone_08,0.1477,0.0869,0.0835,0.111,0.1049,0.0865,0.0821,0.1305,0.1477,0.0766,0.0904
CT005085,Zone_10,Zone_05,0.2046,0.1002,0.0557,0.0675,0.1638,0.2046,0.0702,0.1411,0.0763,0.0468,0.074
CT004429,Zone_04,Zone_08,0.1483,0.1006,0.1216,0.1032,0.1124,0.0766,0.0686,0.1193,0.1483,0.0333,0.1161
CT014897,Zone_02,Zone_07,0.1457,0.1113,0.0904,0.0946,0.0911,0.0956,0.1134,0.1457,0.1054,0.0302,0.1223
CT015369,Zone_04,Zone_08,0.1519,0.1023,0.0985,0.1483,0.0881,0.1043,0.0759,0.1051,0.1519,0.0199,0.1057
CT007909,Zone_07,Zone_08,0.1642,0.1077,0.1445,0.131,0.1178,0.0851,0.0508,0.1195,0.1642,0.0268,0.0527
CT004324,Zone_02,Zone_05,0.1429,0.0706,0.078,0.1314,0.1219,0.1429,0.0915,0.1429,0.1296,0.0243,0.0668
CT010619,Zone_10,Zone_08,0.1545,0.0758,0.123,0.0773,0.1513,0.0529,0.1173,0.154,0.1545,0.034,0.0601
CT001470,Zone_03,Zone_08,0.1464,0.1087,0.0893,0.0957,0.1145,0.1263,0.0666,0.1395,0.1464,0.0366,0.0764
CT010118,Zone_07,Zone_04,0.1663,0.1091,0.1229,0.084,0.1663,0.109,0.0708,0.1003,0.1018,0.0656,0.0703
CT018889,Zone_07,Zone_10,0.1641,0.0815,0.1275,0.0853,0.1062,0.1019,0.0629,0.1002,0.1185,0.0518,0.1641
CT011819,Zone_02,Zone_04,0.1267,0.0821,0.0918,0.106,0.1267,0.1185,0.0716,0.1166,0.1244,0.0588,0.1034
CT015456,Zone_10,Zone_08,0.1432,0.0907,0.0834,0.1002,0.0881,0.1074,0.095,0.1385,0.1432,0.0433,0.1102
CT005530,Zone_07,Zone_03,0.1255,0.1146,0.119,0.1255,0.1227,0.0972,0.0663,0.1174,0.1187,0.0312,0.0874
CT012530,Zone_03,Zone_04,0.1441,0.0776,0.087,0.1224,0.1441,0.0979,0.0961,0.1286,0.1097,0.0359,0.1008
CT018439,Zone_01,Zone_03,0.1457,0.1253,0.1159,0.1457,0.1128,0.1093,0.0621,0.0818,0.1175,0.0285,0.1012
CT018205,Zone_02,Zone_07,0.1524,0.1269,0.0931,0.0911,0.1247,0.1257,0.0523,0.1524,0.1181,0.0221,0.0937
CT013811,Zone_03,Zone_04,0.1948,0.0667,0.0853,0.1131,0.1948,0.0886,0.0865,0.1184,0.1269,0.0482,0.0717
CT015936,Zone_02,Zone_07,0.1462,0.1024,0.0871,0.0913,0.121,0.1121,0.07,0.1462,0.1186,0.0101,0.1413
CT009280,Zone_06,Zone_07,0.1346,0.1229,0.1084,0.0936,0.1209,0.0804,0.0589,0.1346,0.1312,0.0225,0.1266
CT005521,Zone_08,Zone_02,0.1595,0.0669,0.1595,0.1104,0.1178,0.0842,0.0366,0.1275,0.1328,0.0209,0.1433
CT002708,Zone_01,Zone_04,0.1437,0.1077,0.0989,0.1227,0.1437,0.1075,0.06,0.1167,0.105,0.0392,0.0987
CT002961,Zone_07,Zone_08,0.1358,0.0987,0.103,0.1048,0.1356,0.0956,0.0959,0.1298,0.1358,0.0356,0.0652
CT001105,Zone_03,Zone_04,0.2567,0.1009,0.0665,0.0637,0.2567,0.0382,0.0947,0.0922,0.1594,0.0184,0.1092
CT008819,Zone_07,Zone_04,0.1316,0.1308,0.1163,0.1045,0.1316,0.0669,0.1114,0.1072,0.1218,0.0268,0.0828
CT011881,Zone_07,Zone_10,0.1747,0.0865,0.1109,0.0904,0.1262,0.0737,0.1051,0.0915,0.1048,0.0363,0.1747
CT003407,Zone_07,Zone_02,0.1856,0.1131,0.1856,0.0744,0.1585,0.0818,0.0586,0.1072,0.1113,0.0122,0.0973
CT014653,Zone_08,Zone_07,0.1963,0.0748,0.1554,0.0719,0.1126,0.0515,0.0703,0.1963,0.1528,0.0357,0.0787
CT007037,Zone_03,Zone_04,0.1948,0.0884,0.125,0.1067,0.1948,0.1154,0.0393,0.1215,0.1148,0.0457,0.0485
CT002597,Zone_03,Zone_04,0.1595,0.0684,0.1033,0.0896,0.1595,0.0824,0.0811,0.1222,0.1323,0.0357,0.1256
CT017198,Zone_04,Zone_07,0.164,0.0816,0.0925,0.1439,0.1459,0.1011,0.0717,0.164,0.0898,0.0129,0.0966
CT013197,Zone_07,Zone_04,0.1653,0.1395,0.0858,0.1193,0.1653,0.0533,0.0967,0.1271,0.0969,0.0239,0.0923
CT017113,Zone_02,Zone_06,0.1579,0.0591,0.1065,0.0992,0.1364,0.0378,0.1579,0.1579,0.1266,0.0308,0.0877
CT006454,Zone_04,Zone_07,0.1685,0.1029,0.078,0.0912,0.1321,0.0975,0.0683,0.1685,0.1375,0.0264,0.0976
CT011416,Zone_07,Zone_08,0.1718,0.1238,0.0889,0.1249,0.0966,0.0963,0.103,0.1123,0.1718,0.0239,0.0584
CT012162,Zone_08,Zone_01,0.1514,0.1514,0.1193,0.0996,0.127,0.0955,0.0554,0.1013,0.1286,0.0351,0.0868
CT007500,Zone_02,Zone_10,0.1399,0.0791,0.0867,0.0912,0.1227,0.0866,0.0799,0.1252,0.121,0.0677,0.1399
CT003778,Zone_02,Zone_08,0.1496,0.0764,0.1019,0.1099,0.1484,0.0506,0.0897,0.1138,0.1496,0.0484,0.1113
CT009230,Zone_05,Zone_03,0.1507,0.0717,0.116,0.1507,0.1303,0.0924,0.0654,0.1117,0.1409,0.0455,0.0755
CT002791,Zone_07,Zone_01,0.1323,0.1323,0.1194,0.1204,0.1025,0.0607,0.116,0.1092,0.1205,0.0112,0.1078
CT017436,Zone_07,Zone_08,0.1548,0.1204,0.1185,0.1072,0.0829,0.0766,0.1005,0.1157,0.1548,0.0204,0.103
CT017904,Zone_01,Zone_09,0.1568,0.1065,0.1091,0.1079,0.079,0.0944,0.0424,0.1068,0.1194,0.1568,0.0776
CT010949,Zone_08,Zone_07,0.1491,0.0693,0.1429,0.1005,0.1342,0.1132,0.0468,0.1491,0.0975,0.0318,0.1147
CT010544,Zone_07,Zone_06,0.1519,0.1089,0.0822,0.0978,0.0859,0.0781,0.1519,0.1302,0.1278,0.0308,0.1063
CT010939,Zone_05,Zone_08,0.1182,0.1099,0.0977,0.1076,0.1136,0.099,0.0829,0.1165,0.1182,0.0384,0.1163
CT003875,Zone_09,Zone_04,0.1507,0.0973,0.1144,0.0958,0.1507,0.1132,0.0926,0.1046,0.1078,0.0354,0.0882
CT016779,Zone_07,Zone_04,0.1684,0.0602,0.1053,0.1163,0.1684,0.0808,0.1074,0.1126,0.1161,0.0385,0.0945
CT016571,Zone_07,Zone_07,0.1747,0.1034,0.1263,0.1202,0.0914,0.1094,0.052,0.1747,0.0833,0.0574,0.0818
CT011190,Zone_04,Zone_02,0.1622,0.0815,0.1622,0.0797,0.1097,0.0602,0.0702,0.1184,0.1542,0.0181,0.1458
CT016864,Zone_03,Zone_07,0.1597,0.09,0.0825,0.0851,0.1094,0.1051,0.0901,0.1597,0.1352,0.0579,0.0851
CT015672,Zone_02,Zone_01,0.1585,0.1585,0.1305,0.083,0.1049,0.0814,0.0758,0.1273,0.107,0.032,0.0996
CT014618,Zone_08,Zone_07,0.1336,0.131,0.0947,0.0873,0.1168,0.0998,0.0787,0.1336,0.1129,0.0425,0.1026
CT010551,Zone_06,Zone_10,0.1392,0.0813,0.0965,0.1346,0.1137,0.0983,0.0631,0.1179,0.1198,0.0356,0.1392
CT006706,Zone_08,Zone_04,0.1339,0.1023,0.091,0.1083,0.1339,0.1117,0.0945,0.1073,0.1142,0.0209,0.116
CT018788,Zone_02,Zone_01,0.1315,0.1315,0.1017,0.1006,0.1251,0.0969,0.0796,0.1187,0.1118,0.0405,0.0935
CT003040,Zone_08,Zone_03,0.1576,0.0964,0.0923,0.1576,0.0964,0.1469,0.0623,0.1214,0.1336,0.0304,0.0627
CT009689,Zone_03,Zone_01,0.1671,0.1671,0.1043,0.082,0.1011,0.0706,0.112,0.1076,0.1282,0.0487,0.0785
CT019161,Zone_07,Zone_03,0.1671,0.0769,0.1313,0.1671,0.1361,0.0845,0.047,0.1154,0.1593,0.0128,0.0698
CT006973,Zone_04,Zone_07,0.1859,0.1135,0.0818,0.0801,0.115,0.1176,0.0497,0.1859,0.1,0.0714,0.085
CT012087,Zone_07,Zone_04,0.1885,0.1638,0.0944,0.0697,0.1885,0.1154,0.0443,0.1454,0.1043,0.0065,0.0676
CT004257,Zone_02,Zone_07,0.1339,0.1189,0.1224,0.112,0.1334,0.0686,0.0937,0.1339,0.1276,0.0212,0.0682
CT015185,Zone_10,Zone_04,0.15,0.0909,0.0881,0.0935,0.15,0.0912,0.1285,0.1331,0.1198,0.0261,0.0787
CT018669,Zone_07,Zone_01,0.1358,0.1358,0.0917,0.125,0.0929,0.0847,0.1112,0.1106,0.1034,0.0444,0.1003
CT010542,Zone_08,Zone_07,0.133,0.0992,0.1242,0.0834,0.1229,0.0859,0.0927,0.133,0.1122,0.0427,0.104
CT009204,Zone_04,Zone_08,0.1563,0.0721,0.1267,0.1076,0.1012,0.0686,0.1188,0.1403,0.1563,0.0386,0.0697
CT002835,Zone_08,Zone_04,0.1873,0.1132,0.0708,0.0873,0.1873,0.0831,0.0861,0.1391,0.1106,0.0269,0.0956
CT015217,Zone_08,Zone_07,0.1571,0.0859,0.1447,0.0621,0.1128,0.092,0.0786,0.1571,0.1043,0.0326,0.1299
CT012787,Zone_08,Zone_03,0.1535,0.1005,0.0822,0.1535,0.1431,0.0394,0.0855,0.1318,0.1277,0.0247,0.1115
CT003523,Zone_03,Zone_07,0.1868,0.0795,0.1183,0.0914,0.1521,0.0484,0.0682,0.1868,0.1049,0.0343,0.1162
CT013937,Zone_07,Zone_04,0.1401,0.0892,0.1164,0.0932,0.1401,0.1108,0.0776,0.115,0.1221,0.0323,0.1033
CT002830,Zone_08,Zone_08,0.1464,0.1018,0.0649,0.0844,0.0966,0.134,0.0609,0.1436,0.1464,0.093,0.0744
CT011152,Zone_03,Zone_04,0.1686,0.091,0.1233,0.1202,0.1686,0.0901,0.0692,0.0779,0.1327,0.0675,0.0595
CT009923,Zone_08,Zone_08,0.1535,0.0682,0.1058,0.0945,0.1496,0.0913,0.0756,0.1513,0.1535,0.0406,0.0696
CT017358,Zone_07,Zone_08,0.1275,0.1196,0.1049,0.1168,0.1022,0.081,0.1106,0.1107,0.1275,0.0438,0.0829
CT000890,Zone_08,Zone_04,0.1909,0.0651,0.0495,0.1129,0.1909,0.1266,0.0454,0.1146,0.1446,0.0502,0.1001
CT007180,Zone_04,Zone_07,0.1818,0.1359,0.104,0.1487,0.0978,0.0441,0.0787,0.1818,0.101,0.0439,0.0641
CT001904,Zone_03,Zone_03,0.165,0.1091,0.1274,0.165,0.1239,0.0728,0.0489,0.1429,0.1316,0.0245,0.054
CT002714,Zone_03,Zone_07,0.1471,0.0994,0.1107,0.122,0.0818,0.0871,0.1297,0.1471,0.0712,0.0925,0.0585
CT015659,Zone_07,Zone_04,0.1405,0.1311,0.105,0.097,0.1405,0.0735,0.0557,0.131,0.1084,0.0506,0.1073
CT009245,Zone_05,Zone_07,0.172,0.0916,0.1076,0.1369,0.129,0.0823,0.0644,0.172,0.112,0.0424,0.0617
CT016015,Zone_07,Zone_10,0.1438,0.1231,0.0832,0.0949,0.1132,0.0768,0.0631,0.1267,0.1347,0.0405,0.1438
CT002379,Zone_03,Zone_05,0.1464,0.0859,0.1094,0.1015,0.1199,0.1464,0.0742,0.111,0.1203,0.0403,0.0909
CT018387,Zone_10,Zone_08,0.149,0.0455,0.0938,0.1196,0.0993,0.1157,0.0977,0.117,0.149,0.0662,0.0961
CT002482,Zone_04,Zone_04,0.1765,0.0783,0.0987,0.0987,0.1765,0.0745,0.0391,0.1362,0.1073,0.1043,0.0865
CT011149,Zone_03,Zone_04,0.1425,0.1072,0.0956,0.133,0.1425,0.1213,0.0882,0.0803,0.1074,0.0205,0.1041
CT017032,Zone_02,Zone_10,0.155,0.0865,0.0929,0.1519,0.1238,0.0456,0.0618,0.1338,0.0926,0.0561,0.155
CT004276,Zone_02,Zone_08,0.1451,0.0502,0.1165,0.1091,0.1408,0.1021,0.0935,0.1081,0.1451,0.0094,0.1252
CT012378,Zone_07,Zone_01,0.1766,0.1766,0.1198,0.0846,0.1442,0.074,0.0409,0.1448,0.107,0.0133,0.0947
CT014789,Zone_08,Zone_05,0.1365,0.1141,0.0783,0.0936,0.0981,0.1365,0.0879,0.1089,0.1232,0.0981,0.0614
CT017197,Zone_07,Zone_08,0.1602,0.074,0.1005,0.1422,0.101,0.113,0.0635,0.1416,0.1602,0.0272,0.0769
CT000882,Zone_08,Zone_06,0.1398,0.1247,0.0943,0.0972,0.1031,0.0805,0.1398,0.1161,0.1136,0.0272,0.1034
CT018101,Zone_05,Zone_08,0.1529,0.0724,0.1267,0.1107,0.0995,0.08,0.077,0.1455,0.1529,0.0314,0.1039
CT014848,Zone_08,Zone_08,0.1384,0.1373,0.0976,0.1118,0.13,0.0808,0.1154,0.1156,0.1384,0.0052,0.068
CT002860,Zone_08,Zone_10,0.1754,0.0924,0.0943,0.0954,0.1215,0.0867,0.0866,0.1381,0.0906,0.0189,0.1754
CT005873,Zone_03,Zone_08,0.1364,0.0887,0.0741,0.1111,0.1063,0.065,0.1242,0.1296,0.1364,0.0426,0.122
CT012775,Zone_08,Zone_07,0.1887,0.1062,0.0868,0.1026,0.1104,0.0583,0.0729,0.1887,0.1469,0.027,0.1001
CT013998,Zone_08,Zone_03,0.1491,0.1209,0.1261,0.1491,0.1422,0.0627,0.0387,0.134,0.1177,0.0305,0.078
CT011710,Zone_08,Zone_07,0.1325,0.0894,0.0927,0.1037,0.1041,0.0711,0.1229,0.1325,0.1089,0.0444,0.1305
CT012212,Zone_02,Zone_08,0.1649,0.0824,0.0761,0.1356,0.0775,0.0744,0.1234,0.1225,0.1649,0.0595,0.0839
CT015259,Zone_01,Zone_07,0.1494,0.0728,0.0775,0.1018,0.1091,0.1034,0.0656,0.1494,0.1183,0.1106,0.0916
CT006324,Zone_03,Zone_08,0.1569,0.0696,0.087,0.1299,0.1408,0.0447,0.1165,0.1178,0.1569,0.0151,0.1219
CT012344,Zone_07,Zone_07,0.1468,0.1325,0.0611,0.098,0.1169,0.0961,0.0831,0.1468,0.1442,0.0191,0.1021
CT010889,Zone_05,Zone_07,0.1768,0.1196,0.0776,0.1096,0.0984,0.0804,0.0905,0.1768,0.1161,0.041,0.0899
CT017481,Zone_08,Zone_08,0.1447,0.1154,0.1248,0.1072,0.098,0.1164,0.0632,0.1052,0.1447,0.0289,0.0961
CT007824,Zone_04,Zone_08,0.2018,0.0639,0.0924,0.1259,0.0852,0.0285,0.0597,0.137,0.2018,0.096,0.1096
CT013144,Zone_07,Zone_08,0.1274,0.1212,0.0765,0.0896,0.0768,0.087,0.077,0.1108,0.1274,0.1122,0.1217
CT003455,Zone_09,Zone_08,0.1331,0.0782,0.0972,0.1153,0.1012,0.1154,0.059,0.1295,0.1331,0.0825,0.0885
CT010675,Zone_10,Zone_04,0.1397,0.0885,0.0604,0.1116,0.1397,0.068,0.0582,0.1249,0.1276,0.1015,0.1195
CT006195,Zone_02,Zone_02,0.1721,0.0623,0.1721,0.0857,0.0847,0.0728,0.1344,0.112,0.1263,0.0194,0.1301
CT001989,Zone_10,Zone_04,0.1711,0.0695,0.1159,0.1046,0.1711,0.0694,0.1013,0.1453,0.1278,0.0318,0.0633
CT014022,Zone_04,Zone_07,0.1518,0.082,0.1051,0.1384,0.1231,0.0856,0.0557,0.1518,0.1222,0.0283,0.1078
CT000930,Zone_08,Zone_02,0.1722,0.0549,0.1722,0.1076,0.1091,0.044,0.1589,0.1597,0.113,0.0206,0.0602
CT017027,Zone_06,Zone_04,0.1519,0.0705,0.1213,0.0774,0.1519,0.0828,0.0603,0.1499,0.128,0.0492,0.1087
CT007438,Zone_04,Zone_06,0.1596,0.121,0.1402,0.075,0.0861,0.0704,0.1596,0.1019,0.0822,0.0342,0.1293
CT008217,Zone_07,Zone_10,0.1508,0.0763,0.0731,0.1025,0.1189,0.1063,0.0991,0.1261,0.0842,0.0628,0.1508
CT007723,Zone_02,Zone_02,0.1332,0.1111,0.1332,0.1175,0.1172,0.0665,0.0684,0.1276,0.1162,0.0544,0.088
CT005587,Zone_07,Zone_06,0.1344,0.127,0.0937,0.0681,0.11,0.0846,0.1344,0.1152,0.1341,0.0365,0.0963
CT011684,Zone_10,Zone_01,0.2195,0.2195,0.0751,0.1056,0.1186,0.0745,0.0874,0.0933,0.09,0.0573,0.0789
CT002374,Zone_04,Zone_09,0.2028,0.0711,0.0868,0.072,0.077,0.131,0.0873,0.1129,0.0837,0.2028,0.0754
CT010522,Zone_07,Zone_07,0.1507,0.1269,0.0708,0.1076,0.1158,0.0823,0.0517,0.1507,0.1029,0.0765,0.1148
CT010355,Zone_08,Zone_08,0.1656,0.1237,0.0559,0.0802,0.1078,0.0601,0.1103,0.1402,0.1656,0.0586,0.0976
CT000041,Zone_08,Zone_03,0.1459,0.1146,0.1128,0.1459,0.1335,0.0425,0.0878,0.1295,0.1081,0.0211,0.1041
CT009238,Zone_07,Zone_07,0.1272,0.1134,0.0863,0.0991,0.1151,0.084,0.0613,0.1272,0.1073,0.1004,0.1058
CT015081,Zone_05,Zone_05,0.1332,0.1098,0.1311,0.0808,0.1072,0.1332,0.0476,0.1157,0.1199,0.0787,0.0761
CT006607,Zone_07,Zone_04,0.1506,0.0794,0.0852,0.134,0.1506,0.0723,0.0987,0.1256,0.1356,0.0431,0.0755
CT008459,Zone_07,Zone_05,0.1683,0.0719,0.0735,0.1527,0.142,0.1683,0.1205,0.1588,0.0771,0.0141,0.0212
CT009755,Zone_08,Zone_03,0.1556,0.1387,0.0793,0.1556,0.1247,0.0791,0.0885,0.1263,0.1267,0.0106,0.0705
CT000178,Zone_09,Zone_01,0.2435,0.2435,0.0973,0.1665,0.0905,0.0274,0.09,0.109,0.0875,0.0399,0.0484
CT007044,Zone_04,Zone_02,0.1347,0.079,0.1347,0.131,0.0956,0.0811,0.1047,0.1147,0.1255,0.0279,0.1058
CT011262,Zone_07,Zone_07,0.1463,0.1137,0.1259,0.1087,0.1004,0.0923,0.0618,0.1463,0.1255,0.0438,0.0817
CT008358,Zone_03,Zone_07,0.1704,0.1157,0.1075,0.0748,0.1549,0.0607,0.0704,0.1704,0.1138,0.0529,0.079
CT003101,Zone_10,Zone_07,0.1696,0.1055,0.0927,0.1259,0.1093,0.0972,0.0631,0.1696,0.0866,0.0307,0.1194
CT009349,Zone_08,Zone_08,0.1285,0.1227,0.0538,0.0871,0.1015,0.0719,0.1038,0.1227,0.1285,0.0842,0.1237
CT005311,Zone_08,Zone_07,0.1871,0.0751,0.1011,0.0944,0.1192,0.1071,0.0856,0.1871,0.0988,0.0205,0.1112
CT003878,Zone_10,Zone_08,0.1606,0.0901,0.1085,0.078,0.1239,0.0953,0.0682,0.1112,0.1606,0.0412,0.1229
CT007244,Zone_06,Zone_07,0.1554,0.0642,0.1156,0.099,0.0884,0.0928,0.1412,0.1554,0.109,0.0108,0.1237
CT005176,Zone_02,Zone_04,0.164,0.1554,0.0707,0.1009,0.164,0.0827,0.0749,0.1273,0.0913,0.0351,0.0978
CT004381,Zone_07,Zone_08,0.163,0.1146,0.0817,0.0966,0.0941,0.0871,0.0491,0.1202,0.163,0.0394,0.1544
CT005124,Zone_07,Zone_07,0.1467,0.0792,0.1453,0.1136,0.129,0.0468,0.0608,0.1467,0.1281,0.0345,0.1159
CT018221,Zone_08,Zone_03,0.1568,0.0823,0.0988,0.1568,0.0754,0.0514,0.1544,0.1516,0.1267,0.0195,0.0831
CT012946,Zone_08,Zone_04,0.1369,0.133,0.0993,0.0873,0.1369,0.0607,0.0955,0.1118,0.0844,0.0571,0.1338
CT016960,Zone_01,Zone_01,0.1426,0.1426,0.087,0.097,0.1162,0.0799,0.1319,0.122,0.0939,0.0405,0.0889
CT019726,Zone_07,Zone_04,0.1738,0.0733,0.1247,0.0906,0.1738,0.076,0.1217,0.1009,0.1201,0.044,0.0749
CT006830,Zone_07,Zone_07,0.1366,0.0633,0.0916,0.1082,0.1153,0.0914,0.1075,0.1366,0.1361,0.0237,0.1263
CT005721,Zone_07,Zone_04,0.152,0.0822,0.0855,0.1059,0.152,0.0813,0.1282,0.1075,0.1452,0.0416,0.0704
CT006154,Zone_04,Zone_07,0.2023,0.0687,0.0768,0.0804,0.1654,0.1272,0.0566,0.2023,0.1027,0.0524,0.0674
CT016577,Zone_02,Zone_07,0.1703,0.104,0.0958,0.1012,0.1398,0.0581,0.0695,0.1703,0.1562,0.0115,0.0936
CT017948,Zone_07,Zone_10,0.1788,0.089,0.0782,0.1056,0.0939,0.069,0.1202,0.0963,0.1115,0.0575,0.1788
CT014479,Zone_02,Zone_04,0.1456,0.1044,0.1309,0.1406,0.1456,0.0605,0.0773,0.0936,0.1166,0.0202,0.1104
CT018457,Zone_07,Zone_06,0.1475,0.11,0.0848,0.1214,0.0942,0.0542,0.1475,0.1286,0.1249,0.0337,0.1008
CT016194,Zone_07,Zone_07,0.1569,0.0864,0.0791,0.109,0.1328,0.1291,0.0839,0.1569,0.1321,0.0281,0.0625
CT000449,Zone_02,Zone_04,0.1674,0.0923,0.0818,0.083,0.1674,0.0891,0.0937,0.1312,0.1241,0.0301,0.1074
CT014471,Zone_04,Zone_07,0.1494,0.1413,0.0723,0.1235,0.1048,0.0562,0.1002,0.1494,0.1282,0.0386,0.0855
CT013607,Zone_02,Zone_07,0.1302,0.0845,0.119,0.0934,0.0903,0.1032,0.1026,0.1302,0.1132,0.0869,0.0768
CT002325,Zone_04,Zone_10,0.1576,0.1178,0.1074,0.0914,0.0919,0.0869,0.088,0.1068,0.1175,0.0347,0.1576
CT012478,Zone_07,Zone_06,0.1611,0.12,0.0649,0.065,0.1232,0.0987,0.1611,0.1107,0.0967,0.058,0.1017
CT001504,Zone_08,Zone_08,0.1676,0.1115,0.1082,0.1274,0.0958,0.0923,0.0662,0.1114,0.1676,0.036,0.0835
CT005857,Zone_08,Zone_07,0.1494,0.0862,0.0632,0.0987,0.1393,0.0721,0.142,0.1494,0.1319,0.0315,0.0857
CT016111,Zone_07,Zone_02,0.1596,0.0943,0.1596,0.079,0.0965,0.0836,0.0553,0.1309,0.1289,0.077,0.0949
CT016031,Zone_06,Zone_10,0.1705,0.0829,0.1028,0.1128,0.0962,0.0546,0.1221,0.133,0.1006,0.0244,0.1705
CT000905,Zone_10,Zone_04,0.1336,0.0934,0.1331,0.1332,0.1336,0.0717,0.1088,0.1094,0.1084,0.0234,0.0849
CT005943,Zone_03,Zone_10,0.1891,0.0653,0.0901,0.088,0.1251,0.074,0.0713,0.1162,0.1144,0.0664,0.1891
CT012071,Zone_08,Zone_07,0.1844,0.1122,0.1445,0.0715,0.1282,0.0718,0.0456,0.1844,0.1286,0.0501,0.063
CT000323,Zone_04,Zone_04,0.127,0.122,0.0995,0.1178,0.127,0.054,0.0826,0.1148,0.1262,0.0511,0.1049
CT001157,Zone_02,Zone_06,0.1392,0.0437,0.0589,0.1317,0.1211,0.1389,0.1392,0.1139,0.1097,0.0746,0.0683
CT005493,Zone_04,Zone_07,0.1587,0.0618,0.0651,0.1348,0.0973,0.0925,0.0612,0.1587,0.1485,0.1067,0.0734
CT007378,Zone_10,Zone_07,0.1486,0.0855,0.1178,0.0956,0.0989,0.1154,0.0622,0.1486,0.1222,0.0471,0.1068
CT003482,Zone_08,Zone_03,0.1385,0.0881,0.0926,0.1385,0.119,0.1065,0.0455,0.1241,0.1082,0.0727,0.1048
CT019914,Zone_07,Zone_07,0.1462,0.0916,0.0964,0.0927,0.0976,0.0962,0.1198,0.1462,0.1326,0.0271,0.0998
CT003835,Zone_04,Zone_08,0.1657,0.1092,0.1371,0.0908,0.1249,0.0568,0.1054,0.1562,0.1657,0.0114,0.0425
CT002007,Zone_08,Zone_07,0.1447,0.1066,0.1023,0.103,0.1353,0.0889,0.1181,0.1447,0.0957,0.0288,0.0766
CT016549,Zone_01,Zone_10,0.1415,0.0629,0.1333,0.1048,0.1071,0.0849,0.0859,0.1244,0.1257,0.0295,0.1415
CT013072,Zone_03,Zone_07,0.1311,0.1061,0.0723,0.1188,0.1055,0.0753,0.0761,0.1311,0.1288,0.0694,0.1166
CT013545,Zone_03,Zone_01,0.1741,0.1741,0.0721,0.1008,0.1076,0.0746,0.0783,0.1371,0.1142,0.0337,0.1075
CT003928,Zone_07,Zone_08,0.1482,0.0817,0.1054,0.093,0.1358,0.1085,0.048,0.1211,0.1482,0.0561,0.1022
CT008150,Zone_03,Zone_03,0.1597,0.061,0.1078,0.1597,0.1117,0.0456,0.1286,0.1306,0.134,0.0265,0.0944
CT019775,Zone_02,Zone_04,0.1338,0.0776,0.1232,0.0919,0.1338,0.1083,0.0738,0.119,0.1128,0.0434,0.1164
CT000945,Zone_08,Zone_04,0.1702,0.0562,0.1248,0.1123,0.1702,0.1064,0.0876,0.1627,0.0917,0.026,0.062
CT007564,Zone_08,Zone_08,0.1591,0.1029,0.0769,0.1133,0.0963,0.073,0.0778,0.1244,0.1591,0.0453,0.131
CT012491,Zone_02,Zone_02,0.1459,0.1093,0.1459,0.1219,0.1075,0.0875,0.0754,0.1239,0.1042,0.0531,0.0712
CT018986,Zone_08,Zone_02,0.158,0.0823,0.158,0.1367,0.0785,0.0774,0.0547,0.1111,0.1216,0.0694,0.1104
CT017214,Zone_10,Zone_08,0.156,0.0785,0.0859,0.0921,0.0991,0.1008,0.094,0.1358,0.156,0.0486,0.1091
CT007687,Zone_08,Zone_08,0.1314,0.104,0.0841,0.0752,0.1265,0.1047,0.0795,0.0822,0.1314,0.1097,0.1029
CT018863,Zone_06,Zone_09,0.1797,0.1237,0.1234,0.0547,0.1049,0.0539,0.0248,0.1562,0.0857,0.1797,0.0931
CT012421,Zone_04,Zone_02,0.1643,0.1002,0.1643,0.0865,0.1328,0.0921,0.0833,0.0946,0.1108,0.0403,0.0952
CT013254,Zone_04,Zone_09,0.142,0.0991,0.0796,0.1095,0.0903,0.0949,0.0879,0.0968,0.1133,0.142,0.0866
CT005430,Zone_07,Zone_07,0.1483,0.1018,0.0885,0.0802,0.1097,0.1104,0.0658,0.1483,0.1125,0.1059,0.0768
CT008873,Zone_02,Zone_08,0.1646,0.127,0.1133,0.114,0.0918,0.088,0.0854,0.1138,0.1646,0.0309,0.0711
CT002859,Zone_07,Zone_08,0.1488,0.0821,0.1276,0.1148,0.1051,0.0688,0.0987,0.1483,0.1488,0.0267,0.0791
CT015523,Zone_08,Zone_10,0.1163,0.1145,0.1163,0.103,0.1001,0.0833,0.0922,0.1151,0.1109,0.0482,0.1163
CT006790,Zone_07,Zone_02,0.1375,0.0599,0.1375,0.1273,0.0877,0.1193,0.0838,0.1176,0.1029,0.0338,0.1302
CT012756,Zone_07,Zone_10,0.1559,0.0636,0.0794,0.1236,0.1473,0.1079,0.0621,0.112,0.1252,0.0231,0.1559
CT005995,Zone_07,Zone_01,0.167,0.167,0.085,0.1351,0.1269,0.0567,0.0774,0.1478,0.1218,0.0211,0.0611
CT001852,Zone_06,Zone_05,0.1734,0.0512,0.1315,0.1372,0.1268,0.1734,0.0607,0.1409,0.1335,0.0023,0.0425
CT011924,Zone_07,Zone_06,0.1633,0.0832,0.0787,0.107,0.0859,0.1048,0.1633,0.145,0.0971,0.0378,0.0972
CT012657,Zone_01,Zone_07,0.1685,0.112,0.1484,0.0622,0.0694,0.0566,0.1019,0.1685,0.0949,0.0999,0.0861
CT005069,Zone_04,Zone_02,0.1298,0.0352,0.1298,0.1228,0.1258,0.1087,0.1219,0.127,0.0876,0.0599,0.0813
CT011977,Zone_02,Zone_10,0.1418,0.1137,0.0924,0.0941,0.1315,0.0679,0.066,0.1121,0.1359,0.0446,0.1418
CT006246,Zone_03,Zone_08,0.2101,0.0489,0.0834,0.0976,0.101,0.1024,0.0525,0.1602,0.2101,0.0535,0.0904
CT006507,Zone_10,Zone_03,0.1541,0.0883,0.1158,0.1541,0.0979,0.0516,0.0856,0.1433,0.1425,0.0233,0.0976
CT005162,Zone_10,Zone_07,0.1363,0.0606,0.1083,0.1262,0.0941,0.11,0.0983,0.1363,0.1182,0.0802,0.0678
CT014491,Zone_07,Zone_08,0.1476,0.0677,0.0942,0.0992,0.1094,0.089,0.1076,0.1204,0.1476,0.0617,0.1032
CT013325,Zone_08,Zone_08,0.1315,0.123,0.0891,0.1101,0.0868,0.0936,0.0985,0.1246,0.1315,0.0534,0.0895
CT007179,Zone_06,Zone_07,0.1608,0.0902,0.0755,0.0977,0.124,0.0628,0.0549,0.1608,0.1524,0.0517,0.1299
CT011619,Zone_04,Zone_07,0.1583,0.0836,0.0992,0.1171,0.1053,0.1085,0.0608,0.1583,0.112,0.0451,0.1101
CT007146,Zone_08,Zone_07,0.1559,0.1138,0.0968,0.1143,0.108,0.1123,0.0699,0.1559,0.1155,0.038,0.0754
CT011566,Zone_08,Zone_07,0.1277,0.1108,0.0888,0.0768,0.1125,0.1245,0.1171,0.1277,0.1094,0.0937,0.0386
CT007972,Zone_03,Zone_08,0.1867,0.0524,0.1235,0.1104,0.1026,0.0655,0.095,0.1012,0.1867,0.0607,0.1022
CT015265,Zone_01,Zone_07,0.1446,0.0667,0.1296,0.0906,0.1376,0.0718,0.0945,0.1446,0.1266,0.0181,0.1199
CT007331,Zone_01,Zone_03,0.143,0.1376,0.0736,0.143,0.0868,0.099,0.083,0.1157,0.1274,0.0315,0.1025
CT005894,Zone_07,Zone_04,0.1537,0.1056,0.1092,0.1056,0.1537,0.0594,0.1101,0.1117,0.1045,0.0516,0.0886
CT005198,Zone_04,Zone_06,0.1336,0.1245,0.1169,0.0881,0.0853,0.1027,0.1336,0.1201,0.1154,0.0495,0.064
CT017210,Zone_08,Zone_04,0.1641,0.0557,0.0748,0.1251,0.1641,0.0859,0.067,0.146,0.1347,0.0511,0.0956
CT013403,Zone_05,Zone_04,0.152,0.0776,0.1035,0.1475,0.152,0.0618,0.0673,0.1073,0.1133,0.0325,0.1372
CT018621,Zone_01,Zone_06,0.1496,0.1318,0.0686,0.1076,0.0851,0.1039,0.1496,0.1122,0.1277,0.0309,0.0825
CT017965,Zone_08,Zone_03,0.1256,0.1225,0.0798,0.1256,0.114,0.0862,0.1116,0.1053,0.1231,0.0298,0.1022
CT018602,Zone_04,Zone_07,0.1721,0.1079,0.0752,0.0685,0.1323,0.1016,0.0792,0.1721,0.1502,0.0163,0.0966
CT003222,Zone_07,Zone_02,0.1586,0.097,0.1586,0.0965,0.1068,0.117,0.1079,0.1235,0.1155,0.0278,0.0494
CT009428,Zone_08,Zone_03,0.1537,0.0597,0.1095,0.1537,0.1481,0.089,0.049,0.1331,0.1169,0.0593,0.0818
CT014465,Zone_07,Zone_04,0.1608,0.0605,0.0931,0.0854,0.1608,0.0591,0.1448,0.1353,0.1078,0.0543,0.0988
CT007358,Zone_03,Zone_07,0.1471,0.1071,0.0892,0.0943,0.093,0.1104,0.0698,0.1471,0.1392,0.0641,0.0858
CT017757,Zone_05,Zone_08,0.1569,0.0918,0.0637,0.0866,0.0948,0.0667,0.1237,0.1385,0.1569,0.026,0.1514
CT015760,Zone_04,Zone_07,0.1655,0.0462,0.0955,0.1285,0.1308,0.0979,0.1039,0.1655,0.1249,0.0327,0.074
CT014915,Zone_02,Zone_07,0.1568,0.088,0.1146,0.1309,0.1405,0.0644,0.0817,0.1568,0.1419,0.0153,0.0659
CT009571,Zone_03,Zone_08,0.166,0.1129,0.1505,0.0482,0.1061,0.0527,0.1034,0.1482,0.166,0.0131,0.099
CT003249,Zone_07,Zone_08,0.1697,0.0743,0.0862,0.1076,0.0896,0.1193,0.0969,0.1445,0.1697,0.0349,0.0769
CT008509,Zone_10,Zone_03,0.1735,0.1077,0.0683,0.1735,0.1457,0.0727,0.0753,0.1064,0.1502,0.0259,0.0742
CT000005,Zone_03,Zone_02,0.1749,0.1084,0.1749,0.0788,0.0995,0.0743,0.0562,0.1189,0.1314,0.0624,0.0953
CT018746,Zone_06,Zone_05,0.1441,0.1085,0.0573,0.0825,0.1431,0.1441,0.1097,0.111,0.1297,0.0216,0.0926
CT007792,Zone_07,Zone_08,0.1486,0.1216,0.1,0.093,0.135,0.0889,0.0556,0.1129,0.1486,0.0384,0.1059
CT002166,Zone_04,Zone_04,0.1855,0.0816,0.0782,0.1135,0.1855,0.0482,0.0744,0.1193,0.1502,0.0504,0.0987
CT006509,Zone_08,Zone_06,0.1446,0.1253,0.1174,0.0759,0.0839,0.0989,0.1446,0.1057,0.1383,0.0306,0.0794
CT019399,Zone_07,Zone_05,0.1473,0.0992,0.0829,0.0754,0.0984,0.1473,0.1058,0.1274,0.1238,0.0169,0.1232
CT010696,Zone_03,Zone_07,0.1692,0.0695,0.1222,0.0768,0.0942,0.0779,0.1004,0.1692,0.0963,0.0256,0.1679
CT016010,Zone_08,Zone_08,0.2148,0.0664,0.0857,0.1073,0.132,0.0913,0.0661,0.1444,0.2148,0.0208,0.0712
CT015749,Zone_07,Zone_08,0.1483,0.1039,0.1422,0.0827,0.1342,0.0608,0.0824,0.1281,0.1483,0.0251,0.0922
CT002380,Zone_08,Zone_07,0.1308,0.1032,0.1078,0.1138,0.1165,0.0741,0.1157,0.1308,0.091,0.0271,0.1201
CT007380,Zone_04,Zone_08,0.1736,0.0992,0.0933,0.103,0.0978,0.1086,0.0545,0.1219,0.1736,0.0175,0.1305
CT003431,Zone_07,Zone_08,0.1776,0.0584,0.1071,0.1357,0.1336,0.0977,0.0338,0.15,0.1776,0.0406,0.0655
CT010648,Zone_07,Zone_04,0.1579,0.0721,0.1005,0.1335,0.1579,0.0767,0.0712,0.1259,0.1256,0.0159,0.1207
CT009684,Zone_04,Zone_03,0.1939,0.0978,0.1091,0.1939,0.1257,0.0274,0.0756,0.1768,0.0718,0.035,0.0869
CT004369,Zone_03,Zone_08,0.1732,0.0883,0.0926,0.1072,0.1133,0.0759,0.0513,0.159,0.1732,0.0524,0.0868
CT006612,Zone_04,Zone_09,0.1846,0.0546,0.092,0.0929,0.1052,0.0729,0.0827,0.1181,0.1317,0.1846,0.0652
CT019460,Zone_04,Zone_06,0.1551,0.0996,0.0934,0.0852,0.1016,0.0789,0.1551,0.1422,0.1257,0.0371,0.0811
CT011226,Zone_04,Zone_01,0.1452,0.1452,0.096,0.1267,0.084,0.0592,0.1071,0.1166,0.1188,0.0425,0.1039
CT006155,Zone_08,Zone_08,0.1668,0.0936,0.0685,0.0948,0.1179,0.0983,0.0848,0.1203,0.1668,0.0409,0.114
CT004464,Zone_10,Zone_02,0.1393,0.1271,0.1393,0.0869,0.1092,0.062,0.0921,0.1349,0.1206,0.0276,0.1004
CT017139,Zone_08,Zone_08,0.1504,0.0931,0.0975,0.0905,0.0878,0.0551,0.1234,0.1348,0.1504,0.0615,0.106
CT009782,Zone_07,Zone_07,0.1302,0.0906,0.1163,0.1178,0.1074,0.0923,0.1206,0.1302,0.1103,0.029,0.0853
CT008926,Zone_08,Zone_08,0.1684,0.0877,0.1291,0.1015,0.0911,0.1247,0.08,0.1166,0.1684,0.0281,0.0729
CT002224,Zone_01,Zone_03,0.1252,0.1061,0.1101,0.1252,0.0852,0.1054,0.0779,0.1249,0.1219,0.0241,0.1192
CT005660,Zone_07,Zone_01,0.1854,0.1854,0.0947,0.1037,0.1044,0.0615,0.0633,0.1156,0.1203,0.0607,0.0906
CT007429,Zone_08,Zone_06,0.2339,0.0572,0.1192,0.0774,0.1002,0.1194,0.2339,0.0791,0.1116,0.016,0.086
CT012020,Zone_01,Zone_07,0.1772,0.0892,0.0661,0.1046,0.1353,0.0864,0.0979,0.1772,0.1214,0.0293,0.0925
CT007212,Zone_07,Zone_10,0.2083,0.1821,0.0816,0.0677,0.0811,0.0653,0.0941,0.1166,0.0815,0.0217,0.2083
CT012522,Zone_07,Zone_02,0.1771,0.0632,0.1771,0.0822,0.1044,0.0868,0.0933,0.0792,0.0961,0.1365,0.0812
CT012270,Zone_03,Zone_08,0.1698,0.0592,0.1086,0.0816,0.0911,0.112,0.0742,0.1126,0.1698,0.0734,0.1175
CT015148,Zone_10,Zone_08,0.1672,0.056,0.1011,0.1175,0.1139,0.0506,0.1514,0.1342,0.1672,0.0161,0.092
CT018124,Zone_01,Zone_02,0.1594,0.1159,0.1594,0.0772,0.1219,0.0641,0.0917,0.1245,0.1194,0.03,0.0958
CT016747,Zone_03,Zone_08,0.1498,0.1039,0.1096,0.0834,0.086,0.0616,0.0834,0.1162,0.1498,0.1137,0.0924
CT015415,Zone_04,Zone_05,0.1784,0.0847,0.064,0.1187,0.1247,0.1784,0.0631,0.1182,0.1089,0.0761,0.0634
CT003419,Zone_02,Zone_10,0.1264,0.1011,0.0784,0.0986,0.1256,0.1067,0.1058,0.1264,0.0937,0.0371,0.1264
CT009333,Zone_05,Zone_08,0.1625,0.0786,0.1001,0.1202,0.0938,0.0783,0.0914,0.1137,0.1625,0.049,0.1124
CT000903,Zone_02,Zone_01,0.1461,0.1461,0.1073,0.118,0.1199,0.0511,0.054,0.1297,0.1399,0.037,0.0972
CT005022,Zone_07,Zone_02,0.1939,0.0654,0.1939,0.1262,0.0973,0.048,0.1023,0.1218,0.1566,0.0276,0.0609
CT014665,Zone_02,Zone_07,0.1558,0.0999,0.0693,0.1489,0.0974,0.0628,0.0945,0.1558,0.0867,0.0372,0.1474
CT019813,Zone_07,Zone_04,0.1466,0.1028,0.0966,0.0837,0.1466,0.0568,0.1165,0.106,0.1208,0.0767,0.0935
CT018317,Zone_02,Zone_01,0.1926,0.1926,0.1049,0.0892,0.146,0.0466,0.0635,0.0985,0.11,0.0191,0.1298
CT016715,Zone_03,Zone_04,0.1449,0.1196,0.0966,0.0893,0.1449,0.0831,0.063,0.1383,0.0809,0.0453,0.139
CT008803,Zone_03,Zone_05,0.1824,0.1143,0.0715,0.0827,0.1106,0.1824,0.135,0.1,0.1149,0.0218,0.0668
CT000991,Zone_08,Zone_07,0.1396,0.0871,0.0768,0.1127,0.1198,0.1017,0.0993,0.1396,0.0838,0.0789,0.1004
CT001705,Zone_08,Zone_08,0.1325,0.1082,0.0854,0.119,0.1312,0.0465,0.0803,0.1068,0.1325,0.0655,0.1246
CT003079,Zone_08,Zone_08,0.1576,0.0882,0.0791,0.0884,0.0937,0.0584,0.1025,0.1522,0.1576,0.0671,0.1128
CT009811,Zone_04,Zone_10,0.1772,0.1321,0.0677,0.1098,0.0882,0.0984,0.0931,0.0909,0.0921,0.0506,0.1772
CT016070,Zone_02,Zone_08,0.1553,0.096,0.1144,0.1189,0.1112,0.0952,0.0648,0.0877,0.1553,0.0443,0.1122
CT015931,Zone_07,Zone_09,0.2021,0.0469,0.1479,0.0871,0.0804,0.0436,0.079,0.1374,0.0887,0.2021,0.087
CT001996,Zone_07,Zone_05,0.1448,0.1308,0.0714,0.1105,0.1215,0.1448,0.0672,0.1065,0.1338,0.0424,0.0711
CT006252,Zone_01,Zone_03,0.1471,0.0772,0.058,0.1471,0.0967,0.1244,0.0593,0.1205,0.1265,0.0809,0.1092
CT006287,Zone_07,Zone_03,0.1824,0.0903,0.0686,0.1824,0.1258,0.1037,0.0727,0.1239,0.1212,0.0233,0.0881
CT005405,Zone_08,Zone_08,0.1556,0.0963,0.0941,0.1035,0.0667,0.1088,0.1173,0.0959,0.1556,0.0731,0.0887
CT000031,Zone_07,Zone_06,0.1453,0.1205,0.0893,0.113,0.0976,0.0679,0.1453,0.1088,0.1028,0.0849,0.0698
CT009282,Zone_09,Zone_08,0.15,0.1181,0.0778,0.1345,0.1035,0.1259,0.0507,0.1178,0.15,0.026,0.0959
CT001138,Zone_08,Zone_07,0.1524,0.0739,0.0943,0.0874,0.1231,0.1149,0.1108,0.1524,0.1159,0.0674,0.0599
CT015859,Zone_08,Zone_10,0.1587,0.0794,0.1262,0.08,0.1033,0.0951,0.0847,0.1323,0.0953,0.0449,0.1587
CT013776,Zone_05,Zone_10,0.1983,0.0767,0.1135,0.1227,0.1313,0.0572,0.0635,0.1146,0.0999,0.0224,0.1983
CT012900,Zone_04,Zone_05,0.1662,0.0813,0.122,0.0941,0.1138,0.1662,0.0466,0.1565,0.1063,0.0385,0.0747
CT000759,Zone_02,Zone_03,0.1401,0.1013,0.1277,0.1401,0.1014,0.0593,0.0803,0.1385,0.1096,0.0319,0.1099
CT012802,Zone_08,Zone_07,0.1446,0.128,0.0865,0.096,0.1085,0.1184,0.0688,0.1446,0.0987,0.0428,0.1078
CT019379,Zone_07,Zone_06,0.1253,0.1082,0.1186,0.1089,0.1093,0.0619,0.1253,0.1083,0.1178,0.0679,0.0739
CT006143,Zone_03,Zone_04,0.1435,0.1119,0.0867,0.0976,0.1435,0.0742,0.0934,0.125,0.0829,0.0996,0.0851
CT014097,Zone_07,Zone_08,0.1485,0.0756,0.0858,0.1222,0.0933,0.1223,0.1356,0.1163,0.1485,0.0247,0.0758
CT005151,Zone_08,Zone_07,0.1618,0.0832,0.1094,0.0634,0.1392,0.116,0.0678,0.1618,0.1002,0.0353,0.1237
CT013412,Zone_04,Zone_02,0.136,0.1136,0.136,0.0977,0.1046,0.0926,0.0892,0.1126,0.1333,0.0502,0.0701
CT010336,Zone_10,Zone_07,0.1509,0.1106,0.1099,0.075,0.145,0.0758,0.0903,0.1509,0.106,0.0657,0.0709
CT003780,Zone_10,Zone_07,0.1522,0.1309,0.0939,0.0917,0.0881,0.044,0.0898,0.1522,0.12,0.0405,0.1489
CT018908,Zone_01,Zone_04,0.1749,0.0749,0.1089,0.1187,0.1749,0.0839,0.0889,0.1188,0.1285,0.0088,0.0937
CT019784,Zone_04,Zone_07,0.1352,0.0862,0.1004,0.1098,0.1089,0.1195,0.076,0.1352,0.1277,0.0509,0.0854
CT017781,Zone_01,Zone_08,0.1238,0.078,0.109,0.0946,0.1028,0.0576,0.1093,0.1148,0.1238,0.1084,0.1017
CT015502,Zone_10,Zone_04,0.1945,0.1025,0.0861,0.0543,0.1945,0.0509,0.0538,0.1587,0.134,0.0049,0.1603
CT005780,Zone_03,Zone_07,0.1412,0.14,0.0732,0.0901,0.0928,0.0862,0.1168,0.1412,0.1344,0.026,0.0991
CT007980,Zone_08,Zone_04,0.1321,0.0927,0.1076,0.1068,0.1321,0.0961,0.0876,0.1121,0.1214,0.0407,0.1029
CT019464,Zone_02,Zone_08,0.1415,0.0761,0.0737,0.1248,0.1376,0.0813,0.0977,0.1294,0.1415,0.0546,0.0832
CT014924,Zone_04,Zone_04,0.165,0.1133,0.1242,0.148,0.165,0.0548,0.1026,0.1407,0.0683,0.0174,0.0657
CT013356,Zone_07,Zone_07,0.2364,0.0926,0.0661,0.1132,0.122,0.1085,0.0637,0.2364,0.0996,0.0387,0.0591
CT018388,Zone_04,Zone_03,0.1469,0.0818,0.1034,0.1469,0.1111,0.1382,0.0681,0.0992,0.0975,0.0864,0.0675
CT018198,Zone_02,Zone_10,0.1159,0.0778,0.0871,0.1158,0.1115,0.0768,0.1107,0.1076,0.1126,0.0842,0.1159
CT018395,Zone_04,Zone_07,0.1664,0.1048,0.1582,0.0826,0.1085,0.0747,0.0522,0.1664,0.1056,0.0497,0.0972
CT006788,Zone_07,Zone_10,0.1674,0.1057,0.0826,0.0901,0.1343,0.0695,0.0722,0.1108,0.1336,0.0337,0.1674
CT019905,Zone_07,Zone_07,0.1554,0.1217,0.0987,0.1278,0.1184,0.0628,0.0333,0.1554,0.1178,0.0751,0.0889
CT014401,Zone_03,Zone_07,0.1574,0.0817,0.1249,0.0971,0.1195,0.1145,0.0656,0.1574,0.1081,0.0167,0.1144
CT001327,Zone_05,Zone_08,0.1242,0.0938,0.1233,0.1013,0.1003,0.1089,0.0932,0.1197,0.1242,0.0482,0.0872
CT006470,Zone_07,Zone_08,0.185,0.0989,0.0992,0.1159,0.082,0.0728,0.0781,0.1015,0.185,0.0272,0.1393
CT014785,Zone_03,Zone_06,0.1434,0.0877,0.0937,0.0938,0.1187,0.0931,0.1434,0.1257,0.0877,0.0254,0.1309
CT012908,Zone_08,Zone_01,0.1343,0.1343,0.1149,0.0985,0.1034,0.0886,0.0776,0.1297,0.1301,0.0343,0.0885
CT007713,Zone_08,Zone_07,0.1841,0.1006,0.1036,0.1337,0.0721,0.0804,0.1119,0.1841,0.0877,0.0448,0.0812
CT015216,Zone_08,Zone_07,0.1597,0.1078,0.0694,0.1081,0.1164,0.0718,0.106,0.1597,0.1452,0.0538,0.0618
CT009329,Zone_02,Zone_07,0.142,0.0931,0.0951,0.1169,0.115,0.0733,0.0846,0.142,0.1124,0.0503,0.1174
CT007402,Zone_04,Zone_01,0.1532,0.1532,0.0986,0.1074,0.1166,0.0743,0.0663,0.1349,0.1218,0.0269,0.0999
CT008044,Zone_08,Zone_08,0.1484,0.0814,0.1193,0.0812,0.1121,0.0754,0.0783,0.1399,0.1484,0.0318,0.1321
CT004985,Zone_04,Zone_08,0.2002,0.0981,0.0675,0.115,0.1499,0.0348,0.0597,0.15,0.2002,0.0288,0.0961
CT003653,Zone_04,Zone_07,0.157,0.075,0.1228,0.1232,0.1543,0.0726,0.0499,0.157,0.1129,0.0583,0.0739
CT011770,Zone_01,Zone_05,0.1317,0.0877,0.1302,0.1229,0.0901,0.1317,0.0736,0.1274,0.1215,0.0427,0.0722
CT014639,Zone_04,Zone_07,0.1472,0.1079,0.0956,0.113,0.0973,0.0879,0.0976,0.1472,0.0897,0.0512,0.1125
CT017343,Zone_01,Zone_07,0.1639,0.0711,0.132,0.1239,0.137,0.0587,0.1004,0.1639,0.1055,0.0649,0.0426
CT014870,Zone_04,Zone_09,0.1782,0.0918,0.0793,0.0861,0.1194,0.0373,0.0573,0.1183,0.132,0.1782,0.1002
CT004622,Zone_10,Zone_03,0.1859,0.0685,0.1077,0.1859,0.1214,0.0899,0.0754,0.1052,0.0902,0.0478,0.1081
CT012448,Zone_08,Zone_07,0.1834,0.1527,0.0798,0.097,0.0999,0.0398,0.0936,0.1834,0.1483,0.0363,0.0692
CT017939,Zone_05,Zone_03,0.1994,0.1195,0.1461,0.1994,0.0883,0.0441,0.039,0.182,0.0731,0.0271,0.0814
CT005115,Zone_03,Zone_07,0.1338,0.0915,0.1111,0.0877,0.123,0.1001,0.0926,0.1338,0.1037,0.0593,0.0972
CT011065,Zone_01,Zone_05,0.1505,0.1046,0.0616,0.1011,0.0899,0.1505,0.0945,0.1,0.1314,0.0208,0.1454
CT019403,Zone_07,Zone_02,0.1383,0.1319,0.1383,0.1059,0.1115,0.0742,0.1024,0.1176,0.1002,0.0298,0.0882
CT006395,Zone_08,Zone_04,0.1426,0.0974,0.1023,0.0969,0.1426,0.1111,0.0711,0.1074,0.1376,0.0354,0.0981
CT003543,Zone_07,Zone_05,0.1856,0.0732,0.1346,0.1271,0.1189,0.1856,0.0477,0.0909,0.1283,0.0204,0.0733
CT008129,Zone_07,Zone_04,0.1459,0.0581,0.0855,0.1446,0.1459,0.0721,0.0947,0.1247,0.1249,0.0292,0.1204
CT009201,Zone_03,Zone_08,0.1425,0.0767,0.0887,0.1335,0.134,0.101,0.0565,0.1264,0.1425,0.0794,0.0613
CT019476,Zone_07,Zone_10,0.1596,0.1544,0.094,0.1094,0.1034,0.0628,0.0533,0.0946,0.1514,0.017,0.1596
CT007403,Zone_04,Zone_04,0.1546,0.0864,0.0965,0.1129,0.1546,0.0967,0.097,0.1031,0.1543,0.0235,0.0751
CT008439,Zone_10,Zone_04,0.1403,0.0778,0.1172,0.106,0.1403,0.0744,0.0759,0.1096,0.1345,0.0592,0.105
CT014041,Zone_08,Zone_01,0.1971,0.1971,0.1051,0.0746,0.092,0.0424,0.0964,0.1339,0.1016,0.0224,0.1344
CT010184,Zone_02,Zone_02,0.162,0.0907,0.162,0.1439,0.1281,0.0686,0.0533,0.1299,0.1222,0.0251,0.0761
CT015178,Zone_02,Zone_08,0.1775,0.0646,0.0857,0.1424,0.119,0.0667,0.0822,0.0947,0.1775,0.021,0.1461
CT011397,Zone_07,Zone_01,0.1508,0.1508,0.0907,0.1073,0.1078,0.1096,0.0394,0.1017,0.1027,0.0575,0.1326
CT007431,Zone_07,Zone_07,0.178,0.1031,0.1019,0.1206,0.129,0.0737,0.0599,0.178,0.1258,0.0208,0.0872
CT011211,Zone_08,Zone_04,0.1807,0.1102,0.0828,0.1113,0.1807,0.069,0.0924,0.1265,0.129,0.039,0.0591
CT017611,Zone_02,Zone_03,0.1357,0.1123,0.0629,0.1357,0.0779,0.1108,0.1207,0.0981,0.1082,0.0906,0.083
CT001338,Zone_08,Zone_08,0.1639,0.0958,0.1044,0.1144,0.1194,0.0802,0.0971,0.131,0.1639,0.0235,0.0703
CT012342,Zone_10,Zone_07,0.1452,0.1275,0.105,0.1136,0.1113,0.058,0.0871,0.1452,0.132,0.0305,0.0898
CT014820,Zone_04,Zone_04,0.1422,0.1041,0.0942,0.084,0.1422,0.0957,0.0703,0.1096,0.1409,0.0328,0.1264
CT008215,Zone_04,Zone_08,0.1843,0.095,0.1119,0.1266,0.1307,0.0544,0.0758,0.1034,0.1843,0.0258,0.0922
CT007786,Zone_10,Zone_07,0.1519,0.11,0.1354,0.1049,0.1209,0.0522,0.0626,0.1519,0.1099,0.021,0.1311
CT008881,Zone_08,Zone_04,0.1582,0.1005,0.0728,0.1102,0.1582,0.0827,0.0642,0.114,0.1278,0.0459,0.1238
CT005319,Zone_08,Zone_07,0.1301,0.1015,0.0895,0.1162,0.1173,0.1198,0.0946,0.1301,0.107,0.0251,0.0989
CT010195,Zone_02,Zone_10,0.1507,0.0975,0.0866,0.1106,0.1256,0.0628,0.1123,0.1263,0.0989,0.0286,0.1507
CT018923,Zone_06,Zone_02,0.1341,0.0693,0.1341,0.1029,0.0948,0.1258,0.11,0.1261,0.1208,0.0061,0.1102
CT014414,Zone_07,Zone_07,0.1569,0.0984,0.0921,0.1055,0.1129,0.0651,0.0752,0.1569,0.1006,0.0715,0.1218
CT015525,Zone_08,Zone_03,0.1469,0.0806,0.1364,0.1469,0.0867,0.0455,0.1233,0.1114,0.1296,0.0376,0.102
CT007669,Zone_08,Zone_05,0.1554,0.0779,0.0954,0.134,0.1254,0.1554,0.0604,0.1292,0.1197,0.0238,0.0788
CT019288,Zone_08,Zone_04,0.1863,0.0639,0.1759,0.1558,0.1863,0.0532,0.0653,0.0941,0.11,0.0191,0.0765
CT013639,Zone_07,Zone_10,0.1663,0.0941,0.0805,0.0799,0.0809,0.1109,0.0876,0.1298,0.1245,0.0455,0.1663
CT010859,Zone_07,Zone_04,0.1486,0.1116,0.1311,0.1206,0.1486,0.055,0.1013,0.1235,0.1184,0.0239,0.0661
CT017423,Zone_04,Zone_07,0.1295,0.0762,0.1059,0.0923,0.089,0.0576,0.1055,0.1295,0.1179,0.099,0.1272
CT007202,Zone_04,Zone_04,0.1427,0.0723,0.0932,0.1174,0.1427,0.098,0.1325,0.1113,0.1416,0.0225,0.0685
CT010517,Zone_02,Zone_04,0.1727,0.0754,0.0745,0.0811,0.1727,0.0911,0.0975,0.1487,0.1427,0.0509,0.0654
CT010835,Zone_04,Zone_02,0.2291,0.0897,0.2291,0.096,0.0983,0.0566,0.0472,0.1102,0.154,0.0385,0.0803
CT014592,Zone_10,Zone_05,0.1445,0.0958,0.0766,0.1096,0.0931,0.1445,0.0922,0.1201,0.1207,0.0431,0.1043
CT000709,Zone_08,Zone_03,0.1865,0.0879,0.1089,0.1865,0.1316,0.0928,0.0892,0.1022,0.1161,0.0285,0.0563
CT014021,Zone_07,Zone_08,0.1557,0.1288,0.0738,0.1146,0.1508,0.0393,0.0796,0.1335,0.1557,0.019,0.105
CT002030,Zone_08,Zone_04,0.1427,0.1023,0.0877,0.1092,0.1427,0.0583,0.0758,0.1309,0.1385,0.058,0.0967
CT009347,Zone_05,Zone_02,0.1559,0.0437,0.1559,0.0799,0.1548,0.0775,0.1263,0.1157,0.1534,0.036,0.0569
CT007595,Zone_08,Zone_04,0.2045,0.0838,0.0972,0.1088,0.2045,0.0968,0.0642,0.1355,0.1057,0.0376,0.0659
CT018707,Zone_07,Zone_08,0.1684,0.0925,0.1268,0.0612,0.1017,0.0686,0.0595,0.1518,0.1684,0.0326,0.1369
CT014800,Zone_08,Zone_08,0.1585,0.0921,0.0572,0.0946,0.0941,0.0612,0.0869,0.0764,0.1585,0.1276,0.1513
CT002394,Zone_02,Zone_02,0.178,0.0759,0.178,0.0809,0.0799,0.1166,0.0917,0.1604,0.0855,0.0354,0.0958
CT016550,Zone_08,Zone_08,0.1613,0.0969,0.0672,0.1289,0.12,0.0659,0.089,0.155,0.1613,0.0156,0.1004
CT019566,Zone_07,Zone_03,0.1917,0.0843,0.1175,0.1917,0.0938,0.1072,0.0775,0.1205,0.0904,0.0186,0.0984
CT009444,Zone_04,Zone_03,0.1399,0.0857,0.1376,0.1399,0.1279,0.0501,0.0922,0.1104,0.1182,0.0651,0.073
CT011697,Zone_08,Zone_03,0.1712,0.1332,0.1071,0.1712,0.1149,0.0756,0.0472,0.116,0.1263,0.0438,0.0647
CT005582,Zone_05,Zone_08,0.1516,0.0839,0.1305,0.0769,0.1009,0.086,0.071,0.1472,0.1516,0.0543,0.0977
CT015436,Zone_05,Zone_07,0.1445,0.1411,0.1249,0.0956,0.0669,0.0424,0.0705,0.1445,0.1123,0.0632,0.1385
CT017753,Zone_10,Zone_03,0.1786,0.1622,0.1337,0.1786,0.1219,0.0564,0.0527,0.1726,0.0616,0.0038,0.0564
CT016697,Zone_01,Zone_04,0.1952,0.0883,0.0843,0.1196,0.1952,0.0552,0.0717,0.1294,0.1145,0.044,0.0978
CT007268,Zone_08,Zone_06,0.1899,0.1143,0.0951,0.0741,0.1117,0.0653,0.1899,0.0853,0.0968,0.0585,0.109
CT018663,Zone_07,Zone_07,0.2252,0.1132,0.108,0.1129,0.0789,0.0616,0.0876,0.2252,0.123,0.0206,0.069
CT007168,Zone_01,Zone_06,0.1416,0.0562,0.1159,0.1152,0.1278,0.0926,0.1416,0.1161,0.1348,0.0498,0.0502
CT000881,Zone_08,Zone_07,0.165,0.0687,0.1175,0.0872,0.1113,0.0577,0.0695,0.165,0.1461,0.0415,0.1356
CT003613,Zone_08,Zone_04,0.1738,0.146,0.1132,0.0708,0.1738,0.0999,0.085,0.1393,0.0849,0.0219,0.0653
CT010999,Zone_07,Zone_04,0.1236,0.1176,0.1098,0.0878,0.1236,0.089,0.0929,0.1132,0.0858,0.0732,0.1072
CT007409,Zone_07,Zone_07,0.15,0.1047,0.1077,0.14,0.1103,0.0593,0.0717,0.15,0.1067,0.0486,0.1009
CT011922,Zone_07,Zone_09,0.1942,0.1149,0.0476,0.1228,0.1624,0.0641,0.076,0.1082,0.0557,0.1942,0.0542
CT006259,Zone_08,Zone_07,0.127,0.1007,0.0968,0.1182,0.1122,0.1154,0.0765,0.127,0.1039,0.0679,0.0814
CT000644,Zone_04,Zone_08,0.1355,0.0717,0.1134,0.1213,0.1244,0.11,0.0551,0.1289,0.1355,0.0479,0.0919
CT004803,Zone_02,Zone_06,0.179,0.0905,0.1253,0.061,0.093,0.1296,0.179,0.1081,0.0824,0.0176,0.1134
CT016945,Zone_10,Zone_08,0.1309,0.0954,0.1205,0.1198,0.0995,0.0765,0.1053,0.102,0.1309,0.0238,0.1263
CT019530,Zone_08,Zone_01,0.1485,0.1485,0.1163,0.0891,0.0921,0.126,0.0797,0.1217,0.1108,0.0314,0.0843
CT015295,Zone_06,Zone_07,0.1682,0.0901,0.0969,0.1072,0.0987,0.0884,0.1039,0.1682,0.12,0.0242,0.1024
CT014040,Zone_04,Zone_02,0.1341,0.1078,0.1341,0.123,0.0971,0.0933,0.0641,0.1098,0.1154,0.0438,0.1116
CT007714,Zone_04,Zone_08,0.1529,0.0987,0.1109,0.0856,0.1034,0.0883,0.145,0.1167,0.1529,0.0214,0.0772
CT016075,Zone_07,Zone_07,0.1543,0.0634,0.1329,0.0981,0.1307,0.0923,0.0684,0.1543,0.1086,0.0366,0.1145
CT007307,Zone_02,Zone_06,0.151,0.1207,0.0709,0.0981,0.1469,0.0594,0.151,0.1212,0.1324,0.0349,0.0645
CT015205,Zone_01,Zone_07,0.1321,0.1111,0.0995,0.121,0.0942,0.1101,0.0698,0.1321,0.1031,0.0509,0.1082
CT010169,Zone_06,Zone_08,0.1446,0.0871,0.0699,0.1199,0.119,0.0811,0.1288,0.1358,0.1446,0.0169,0.097
CT018937,Zone_03,Zone_10,0.118,0.1151,0.1013,0.0877,0.1105,0.0824,0.1142,0.0995,0.1137,0.0576,0.118
CT000480,Zone_08,Zone_01,0.1579,0.1579,0.0923,0.0742,0.1181,0.1037,0.0801,0.1257,0.1359,0.0268,0.0853
CT002533,Zone_08,Zone_05,0.1844,0.1105,0.1104,0.1246,0.0891,0.1844,0.0565,0.1094,0.097,0.0458,0.0724
CT000753,Zone_04,Zone_08,0.1508,0.0724,0.1186,0.0883,0.0981,0.1235,0.0894,0.1097,0.1508,0.0751,0.0741
CT016711,Zone_03,Zone_08,0.1878,0.1069,0.1225,0.0912,0.0736,0.0512,0.0671,0.1703,0.1878,0.0259,0.1036
CT012337,Zone_03,Zone_01,0.1522,0.1522,0.0999,0.1095,0.0857,0.0586,0.0977,0.1338,0.1215,0.0294,0.1118
CT008306,Zone_03,Zone_01,0.1941,0.1941,0.0616,0.0555,0.1344,0.1096,0.0642,0.1247,0.1202,0.0549,0.0808
CT005387,Zone_03,Zone_08,0.1425,0.1218,0.0584,0.1364,0.1104,0.0623,0.0434,0.1223,0.1425,0.0705,0.1321
CT007328,Zone_08,Zone_04,0.1975,0.0344,0.1039,0.0799,0.1975,0.1364,0.0618,0.1284,0.1242,0.0743,0.0591
CT012255,Zone_02,Zone_06,0.183,0.094,0.1149,0.0863,0.1327,0.0449,0.183,0.1034,0.1106,0.0246,0.1056
CT003132,Zone_06,Zone_07,0.1437,0.1321,0.0938,0.1025,0.1172,0.0906,0.0728,0.1437,0.0921,0.0548,0.1003
CT000947,Zone_08,Zone_08,0.1485,0.0619,0.104,0.0846,0.1078,0.1099,0.1421,0.1096,0.1485,0.0137,0.1179
CT001520,Zone_01,Zone_07,0.1632,0.1364,0.0963,0.079,0.0986,0.0805,0.0804,0.1632,0.1226,0.0484,0.0945
CT015335,Zone_04,Zone_06,0.1486,0.0916,0.0902,0.0879,0.0927,0.0874,0.1486,0.1254,0.1177,0.0641,0.0944
CT005859,Zone_07,Zone_08,0.1822,0.0809,0.1137,0.0872,0.0977,0.1157,0.0989,0.1411,0.1822,0.0282,0.0544
CT012647,Zone_03,Zone_07,0.1561,0.0909,0.0858,0.1276,0.1551,0.063,0.0708,0.1561,0.1139,0.0591,0.0778
CT006993,Zone_06,Zone_01,0.1499,0.1499,0.0649,0.1213,0.1177,0.0739,0.0863,0.1064,0.1445,0.0227,0.1125
CT002331,Zone_08,Zone_07,0.1705,0.0697,0.0943,0.1101,0.1172,0.049,0.0722,0.1705,0.1523,0.0576,0.1071
CT005246,Zone_08,Zone_08,0.1366,0.1121,0.119,0.1016,0.1012,0.0568,0.081,0.1235,0.1366,0.0884,0.0799
CT008312,Zone_04,Zone_08,0.1815,0.0813,0.1058,0.1547,0.1386,0.0672,0.0534,0.111,0.1815,0.0188,0.0878
CT015726,Zone_04,Zone_07,0.1639,0.0994,0.1203,0.1064,0.1242,0.079,0.0568,0.1639,0.1318,0.0266,0.0917
CT004431,Zone_04,Zone_01,0.1319,0.1319,0.0981,0.1102,0.1113,0.0867,0.1122,0.114,0.1236,0.0165,0.0956
CT012876,Zone_05,Zone_02,0.143,0.1051,0.143,0.1027,0.1182,0.0401,0.0875,0.1261,0.1409,0.0186,0.1179
CT011871,Zone_02,Zone_04,0.1695,0.078,0.1135,0.1028,0.1695,0.1263,0.0906,0.1202,0.1257,0.017,0.0562
CT002207,Zone_07,Zone_06,0.174,0.067,0.0994,0.0831,0.0891,0.0389,0.174,0.1437,0.1083,0.0629,0.1337
CT009552,Zone_03,Zone_07,0.1399,0.1011,0.1016,0.1133,0.0943,0.1258,0.0678,0.1399,0.1024,0.0628,0.091
CT001371,Zone_03,Zone_03,0.1559,0.0556,0.1161,0.1559,0.1538,0.0996,0.0536,0.1511,0.1081,0.0368,0.0694
CT005652,Zone_08,Zone_08,0.1762,0.1177,0.1359,0.0803,0.1006,0.0746,0.0575,0.1233,0.1762,0.0572,0.0769
CT011317,Zone_04,Zone_10,0.2301,0.0959,0.0853,0.1493,0.0659,0.0512,0.0918,0.0999,0.1181,0.0124,0.2301
CT006018,Zone_07,Zone_07,0.1556,0.1477,0.0981,0.0542,0.1398,0.1001,0.039,0.1556,0.0947,0.069,0.1018
CT018231,Zone_02,Zone_07,0.1379,0.0837,0.0985,0.1106,0.0732,0.1237,0.1134,0.1379,0.1253,0.0367,0.097
CT013022,Zone_08,Zone_03,0.1456,0.1162,0.1206,0.1456,0.0884,0.0679,0.0601,0.139,0.1168,0.0544,0.0909
CT007135,Zone_04,Zone_05,0.1509,0.093,0.0819,0.1331,0.0994,0.1509,0.0633,0.0986,0.1128,0.0913,0.0758
CT007067,Zone_08,Zone_02,0.1837,0.0906,0.1837,0.1793,0.0941,0.057,0.0491,0.0973,0.1415,0.0371,0.0703
CT005790,Zone_08,Zone_06,0.1947,0.0689,0.0764,0.0867,0.1015,0.0839,0.1947,0.1015,0.1184,0.0324,0.1357
CT013850,Zone_04,Zone_01,0.1629,0.1629,0.0924,0.1125,0.0991,0.1217,0.09,0.1004,0.0878,0.0294,0.1037
CT018493,Zone_02,Zone_07,0.149,0.0807,0.0941,0.1175,0.0841,0.0945,0.047,0.149,0.1394,0.087,0.1067
CT009400,Zone_07,Zone_07,0.169,0.0622,0.0962,0.1689,0.0989,0.0702,0.1186,0.169,0.0942,0.0185,0.1033
CT015890,Zone_03,Zone_10,0.2013,0.0808,0.1318,0.1048,0.0867,0.063,0.0678,0.1064,0.1083,0.0491,0.2013
CT017302,Zone_05,Zone_03,0.1386,0.1365,0.0907,0.1386,0.1051,0.1007,0.0856,0.1255,0.1093,0.022,0.086
CT001344,Zone_07,Zone_06,0.1367,0.0918,0.1006,0.1202,0.134,0.0623,0.1367,0.1228,0.1294,0.0189,0.0832
CT006939,Zone_02,Zone_08,0.177,0.0977,0.1089,0.1156,0.0803,0.0922,0.1088,0.095,0.177,0.0444,0.0801
CT015990,Zone_08,Zone_06,0.1499,0.089,0.1036,0.0868,0.1479,0.0758,0.1499,0.1002,0.1053,0.0494,0.0921
CT018258,Zone_08,Zone_10,0.1641,0.0646,0.1017,0.1181,0.0949,0.0689,0.0755,0.097,0.1415,0.0737,0.1641
CT019804,Zone_08,Zone_06,0.1805,0.0611,0.1123,0.0578,0.1752,0.0653,0.1805,0.1333,0.1146,0.0182,0.0816
CT000387,Zone_07,Zone_07,0.162,0.0834,0.1096,0.1176,0.1102,0.0496,0.094,0.162,0.1238,0.0577,0.0921
CT018693,Zone_08,Zone_04,0.1295,0.0996,0.1225,0.107,0.1295,0.0937,0.0866,0.1149,0.1167,0.0391,0.0904
CT014965,Zone_08,Zone_07,0.1803,0.1101,0.1101,0.075,0.1447,0.0592,0.13,0.1803,0.125,0.0086,0.057
CT010489,Zone_09,Zone_04,0.144,0.0986,0.085,0.1047,0.144,0.0958,0.0669,0.1317,0.1145,0.0165,0.1424
CT017592,Zone_08,Zone_02,0.1347,0.0844,0.1347,0.1089,0.0877,0.088,0.132,0.0823,0.1194,0.0379,0.1248
CT016457,Zone_08,Zone_08,0.1596,0.1166,0.0949,0.115,0.0909,0.053,0.1076,0.1541,0.1596,0.0264,0.0818
CT003468,Zone_04,Zone_08,0.1464,0.1377,0.0968,0.0785,0.0733,0.1031,0.1341,0.1176,0.1464,0.0322,0.0803
CT008416,Zone_07,Zone_07,0.1373,0.1071,0.0923,0.1046,0.101,0.111,0.0693,0.1373,0.1307,0.0628,0.0837
CT013587,Zone_08,Zone_02,0.1317,0.0904,0.1317,0.108,0.1174,0.1207,0.0476,0.1027,0.127,0.0328,0.1218
CT009199,Zone_04,Zone_08,0.1469,0.0825,0.1027,0.1126,0.1356,0.0711,0.1412,0.0913,0.1469,0.0372,0.079
CT017336,Zone_07,Zone_01,0.1636,0.1636,0.0742,0.1085,0.1057,0.0594,0.1168,0.1168,0.1459,0.0374,0.0717
CT018529,Zone_08,Zone_03,0.1531,0.098,0.0774,0.1531,0.1141,0.0732,0.0793,0.1427,0.0906,0.0263,0.1453
CT015770,Zone_07,Zone_06,0.1505,0.067,0.0955,0.0774,0.1276,0.0385,0.1505,0.1385,0.1106,0.0542,0.1403
CT003203,Zone_06,Zone_02,0.1311,0.0794,0.1311,0.1102,0.1022,0.082,0.0961,0.1194,0.1285,0.0678,0.0833
CT011296,Zone_07,Zone_04,0.133,0.0827,0.1179,0.1074,0.133,0.1044,0.0861,0.1116,0.1274,0.0402,0.0893
CT012456,Zone_07,Zone_06,0.1578,0.0963,0.1053,0.0501,0.1172,0.074,0.1578,0.121,0.1568,0.0172,0.1043
CT012888,Zone_04,Zone_07,0.1635,0.0815,0.0672,0.1108,0.1179,0.0764,0.1042,0.1635,0.114,0.0393,0.1252
CT011432,Zone_02,Zone_08,0.2446,0.0579,0.1331,0.0783,0.0998,0.0779,0.0536,0.1337,0.2446,0.058,0.0632
CT014173,Zone_08,Zone_03,0.1518,0.0615,0.1287,0.1518,0.0968,0.1025,0.0809,0.1147,0.1457,0.0492,0.0682
CT003044,Zone_08,Zone_07,0.2656,0.091,0.1133,0.1203,0.1114,0.0472,0.0334,0.2656,0.1087,0.0157,0.0934
CT019352,Zone_02,Zone_07,0.122,0.1125,0.1175,0.1099,0.1142,0.1031,0.1097,0.122,0.1126,0.0288,0.0698
CT003229,Zone_08,Zone_07,0.1477,0.0761,0.1349,0.0964,0.1098,0.0916,0.0887,0.1477,0.1193,0.0577,0.0778
CT012279,Zone_07,Zone_01,0.1747,0.1747,0.0777,0.123,0.0706,0.0862,0.1298,0.1165,0.1311,0.0203,0.0701
CT005706,Zone_08,Zone_02,0.1833,0.1027,0.1833,0.1007,0.0962,0.0454,0.102,0.1312,0.1291,0.0376,0.0718
CT015519,Zone_01,Zone_04,0.1264,0.0803,0.1026,0.1106,0.1264,0.1021,0.0668,0.0986,0.1152,0.0922,0.1051
CT010323,Zone_01,Zone_08,0.1303,0.091,0.1067,0.0939,0.1115,0.1126,0.0936,0.1029,0.1303,0.051,0.1066
CT004655,Zone_08,Zone_06,0.1366,0.0891,0.0993,0.1086,0.0792,0.0823,0.1366,0.1125,0.1188,0.0691,0.1044
CT002179,Zone_04,Zone_07,0.1771,0.1757,0.0715,0.0615,0.1003,0.0898,0.0891,0.1771,0.108,0.021,0.106
CT008050,Zone_08,Zone_02,0.1291,0.117,0.1291,0.0929,0.1238,0.0831,0.0907,0.1129,0.0984,0.0291,0.123
CT013269,Zone_08,Zone_01,0.1437,0.1437,0.1233,0.0819,0.1076,0.0704,0.068,0.13,0.1265,0.0523,0.0961
CT004533,Zone_08,Zone_03,0.1497,0.1081,0.1058,0.1497,0.1425,0.0567,0.082,0.1288,0.1406,0.0149,0.0708
CT008148,Zone_01,Zone_08,0.1887,0.105,0.0786,0.0841,0.1188,0.1378,0.0743,0.0796,0.1887,0.0238,0.1093
CT002676,Zone_07,Zone_08,0.1486,0.1138,0.097,0.1077,0.0897,0.065,0.1092,0.1389,0.1486,0.0216,0.1084
CT016876,Zone_02,Zone_03,0.1537,0.1203,0.1072,0.1537,0.0919,0.0855,0.0988,0.1395,0.0878,0.0187,0.0966
CT005211,Zone_08,Zone_01,0.1919,0.1919,0.0882,0.0709,0.0959,0.1147,0.0589,0.1143,0.1119,0.0579,0.0955
CT013018,Zone_08,Zone_08,0.1478,0.1338,0.0969,0.1054,0.1249,0.0705,0.0652,0.0917,0.1478,0.0722,0.0915
CT006779,Zone_04,Zone_05,0.1383,0.0862,0.1093,0.1117,0.1026,0.1383,0.0717,0.1144,0.119,0.0201,0.1268
CT007996,Zone_04,Zone_07,0.1446,0.051,0.1235,0.1011,0.111,0.0821,0.0767,0.1446,0.1372,0.0843,0.0884
CT008390,Zone_07,Zone_02,0.2342,0.0328,0.2342,0.164,0.1277,0.055,0.0732,0.09,0.0843,0.0485,0.0903
CT019719,Zone_10,Zone_05,0.1821,0.091,0.0789,0.072,0.1042,0.1821,0.0705,0.1212,0.1215,0.0309,0.1276
CT008764,Zone_07,Zone_01,0.1421,0.1421,0.1232,0.0714,0.1025,0.0929,0.0989,0.1184,0.135,0.0337,0.0818
CT011734,Zone_03,Zone_08,0.164,0.1043,0.0903,0.0896,0.1218,0.0787,0.0694,0.1092,0.164,0.0428,0.1299
CT010988,Zone_09,Zone_04,0.147,0.1097,0.1083,0.1069,0.147,0.0662,0.0476,0.1341,0.1386,0.0299,0.1116
CT007674,Zone_08,Zone_02,0.1419,0.0738,0.1419,0.1271,0.1092,0.1174,0.0685,0.1226,0.1378,0.0227,0.079
CT012039,Zone_07,Zone_06,0.1715,0.0852,0.0828,0.0951,0.1105,0.1005,0.1715,0.0994,0.1376,0.022,0.0955
CT007973,Zone_07,Zone_01,0.1609,0.1609,0.0976,0.0936,0.1056,0.0583,0.1109,0.1255,0.124,0.045,0.0786
CT008954,Zone_10,Zone_08,0.1415,0.0979,0.1039,0.116,0.1119,0.0353,0.0878,0.11,0.1415,0.0737,0.122
CT018045,Zone_06,Zone_07,0.1326,0.0956,0.0788,0.1167,0.1235,0.0975,0.0695,0.1326,0.1053,0.105,0.0756
CT008999,Zone_10,Zone_08,0.1421,0.0902,0.1017,0.1214,0.1318,0.0373,0.0756,0.1132,0.1421,0.1085,0.0782
CT007529,Zone_05,Zone_08,0.1438,0.1116,0.0828,0.0652,0.0991,0.0569,0.1107,0.1046,0.1438,0.1344,0.0909
CT006592,Zone_08,Zone_01,0.1457,0.1457,0.0803,0.1405,0.0901,0.0534,0.0695,0.1119,0.0909,0.1394,0.0784
CT001110,Zone_01,Zone_07,0.1407,0.1039,0.0923,0.0854,0.087,0.0828,0.1217,0.1407,0.103,0.0493,0.134
CT002518,Zone_01,Zone_07,0.1322,0.0846,0.12,0.1168,0.1051,0.0783,0.1297,0.1322,0.1254,0.0249,0.0831
CT011030,Zone_10,Zone_03,0.1986,0.0879,0.0988,0.1986,0.0858,0.0505,0.076,0.0958,0.1318,0.022,0.1529
CT016858,Zone_07,Zone_05,0.1409,0.0639,0.0928,0.1146,0.1227,0.1409,0.0649,0.1191,0.1313,0.022,0.1277
CT013464,Zone_04,Zone_07,0.1322,0.1021,0.0792,0.1269,0.1244,0.1317,0.0665,0.1322,0.1163,0.0132,0.1074
CT015463,Zone_07,Zone_07,0.1361,0.1357,0.1005,0.0885,0.1267,0.0829,0.0718,0.1361,0.1148,0.0371,0.1059
CT013854,Zone_05,Zone_07,0.1535,0.1167,0.078,0.0925,0.0812,0.1142,0.0903,0.1535,0.0808,0.0606,0.1322
CT010043,Zone_08,Zone_09,0.2456,0.0559,0.0956,0.0971,0.0992,0.0811,0.0466,0.099,0.0982,0.2456,0.0817
CT018992,Zone_07,Zone_03,0.1621,0.1052,0.0956,0.1621,0.0943,0.1234,0.0956,0.1197,0.1048,0.0116,0.0878
