complaint_id,actual_zone,predicted_zone,prediction_confidence,prob_zone_01,prob_zone_02,prob_zone_03,prob_zone_04,prob_zone_05,prob_zone_06,prob_zone_07,prob_zone_08,prob_zone_09,prob_zone_10
CT012660,Zone_01,Zone_08,0.2527,0.0628,0.0809,0.0917,0.1146,0.0739,0.0366,0.2202,0.2527,0.0058,0.0608
CT009088,Zone_07,Zone_07,0.1891,0.078,0.1069,0.1467,0.1743,0.0412,0.0368,0.1891,0.1435,0.0046,0.0789
CT008281,Zone_08,Zone_08,0.2424,0.055,0.0765,0.0692,0.1654,0.054,0.0407,0.2301,0.2424,0.008,0.0588
CT006500,Zone_07,Zone_07,0.2887,0.0577,0.0745,0.0912,0.1521,0.0358,0.0561,0.2887,0.1843,0.009,0.0505
CT010858,Zone_08,Zone_07,0.3133,0.051,0.0732,0.0506,0.1055,0.0268,0.0297,0.3133,0.3128,0.0042,0.0328
CT000998,Zone_02,Zone_08,0.2294,0.0868,0.1441,0.0719,0.108,0.0274,0.0447,0.2071,0.2294,0.0193,0.0613
CT003768,Zone_04,Zone_07,0.2918,0.067,0.0983,0.0791,0.1619,0.0432,0.0402,0.2918,0.168,0.0094,0.0411
CT016589,Zone_07,Zone_07,0.2642,0.0938,0.0734,0.0773,0.1308,0.0367,0.0362,0.2642,0.2384,0.0086,0.0408
CT001388,Zone_04,Zone_07,0.3074,0.0432,0.0997,0.0591,0.1566,0.0275,0.0405,0.3074,0.1901,0.0178,0.0581
CT001708,Zone_08,Zone_07,0.1961,0.0787,0.1403,0.1457,0.1463,0.0277,0.0398,0.1961,0.1739,0.0097,0.0417
CT008921,Zone_08,Zone_07,0.2957,0.0818,0.074,0.0879,0.12,0.0271,0.0422,0.2957,0.2039,0.0088,0.0584
CT009823,Zone_07,Zone_07,0.2707,0.0679,0.0569,0.0951,0.0999,0.0626,0.0469,0.2707,0.2239,0.0138,0.0625
CT013332,Zone_08,Zone_08,0.2763,0.0624,0.0792,0.0798,0.1376,0.0491,0.0229,0.2276,0.2763,0.0119,0.0531
CT009553,Zone_08,Zone_07,0.2651,0.0812,0.0632,0.0843,0.1592,0.0445,0.0453,0.2651,0.1992,0.0066,0.0515
CT013426,Zone_04,Zone_08,0.182,0.0801,0.1337,0.0618,0.1721,0.0515,0.0841,0.1584,0.182,0.0374,0.039
CT000407,Zone_04,Zone_07,0.2848,0.0777,0.1274,0.0694,0.1563,0.0331,0.0185,0.2848,0.162,0.005,0.0656
CT006247,Zone_10,Zone_07,0.2915,0.0614,0.0715,0.0907,0.1062,0.0758,0.0358,0.2915,0.2071,0.0068,0.0531
CT012062,Zone_07,Zone_08,0.2973,0.0501,0.0833,0.0899,0.114,0.0395,0.0554,0.1959,0.2973,0.0099,0.0647
CT002655,Zone_08,Zone_08,0.271,0.0721,0.0768,0.0608,0.1079,0.054,0.0394,0.2547,0.271,0.0173,0.046
CT002741,Zone_03,Zone_08,0.2803,0.094,0.0771,0.09,0.0972,0.0318,0.0342,0.2065,0.2803,0.0245,0.0644
CT004204,Zone_08,Zone_08,0.3399,0.0478,0.0648,0.0743,0.0981,0.048,0.0406,0.2386,0.3399,0.0117,0.036
CT016166,Zone_02,Zone_07,0.3056,0.06,0.0756,0.0883,0.1181,0.0313,0.0477,0.3056,0.2086,0.0163,0.0486
CT003813,Zone_08,Zone_07,0.2848,0.0699,0.073,0.0816,0.1241,0.0479,0.0424,0.2848,0.2087,0.0086,0.059
CT018692,Zone_04,Zone_07,0.2936,0.0828,0.0776,0.1007,0.0972,0.0294,0.0371,0.2936,0.2278,0.0114,0.0423
CT016709,Zone_07,Zone_07,0.2874,0.0654,0.0847,0.126,0.121,0.0548,0.0512,0.2874,0.1679,0.0037,0.0378
CT007551,Zone_07,Zone_07,0.36,0.0423,0.0679,0.0648,0.111,0.0353,0.0573,0.36,0.1369,0.0074,0.1171
CT005426,Zone_07,Zone_07,0.2485,0.0962,0.0685,0.0742,0.1491,0.0391,0.0461,0.2485,0.2046,0.0096,0.0643
CT009810,Zone_07,Zone_07,0.3459,0.079,0.0532,0.0481,0.2208,0.032,0.0207,0.3459,0.1445,0.0039,0.0519
CT019461,Zone_03,Zone_07,0.2168,0.0571,0.0977,0.1157,0.1267,0.0663,0.0544,0.2168,0.1845,0.0106,0.0702
CT011624,Zone_07,Zone_07,0.2556,0.0681,0.1027,0.1036,0.1526,0.0365,0.0368,0.2556,0.1993,0.0068,0.038
CT004310,Zone_07,Zone_07,0.2822,0.067,0.0925,0.1037,0.1162,0.0227,0.0406,0.2822,0.2131,0.0118,0.0502
CT003278,Zone_07,Zone_07,0.334,0.0582,0.0985,0.0656,0.156,0.0342,0.0349,0.334,0.1656,0.0131,0.0399
CT013963,Zone_07,Zone_07,0.3439,0.0461,0.0832,0.0655,0.1182,0.036,0.0395,0.3439,0.2041,0.0108,0.0528
CT008759,Zone_05,Zone_08,0.2362,0.0472,0.1213,0.1008,0.1081,0.038,0.0362,0.2349,0.2362,0.0181,0.0592
CT001833,Zone_08,Zone_07,0.2893,0.0725,0.0763,0.0725,0.18,0.0332,0.0294,0.2893,0.1636,0.0396,0.0436
CT006393,Zone_04,Zone_07,0.3452,0.0813,0.0678,0.0718,0.1081,0.0437,0.0335,0.3452,0.1795,0.0113,0.0578
CT008639,Zone_07,Zone_07,0.2948,0.0439,0.0889,0.0664,0.1047,0.0278,0.0405,0.2948,0.1875,0.0297,0.1159
CT009450,Zone_04,Zone_07,0.2936,0.0805,0.1178,0.0813,0.1535,0.0392,0.0253,0.2936,0.1463,0.0174,0.045
CT007172,Zone_07,Zone_07,0.2627,0.0646,0.0802,0.0719,0.1387,0.0412,0.0338,0.2627,0.2286,0.0128,0.0655
CT007097,Zone_08,Zone_07,0.2244,0.0909,0.0665,0.0758,0.1487,0.0461,0.0529,0.2244,0.2127,0.0146,0.0675
CT016127,Zone_07,Zone_07,0.251,0.0591,0.0795,0.0941,0.1391,0.0311,0.0493,0.251,0.2144,0.0158,0.0665
CT000783,Zone_08,Zone_07,0.2927,0.0354,0.0879,0.112,0.1511,0.0305,0.0362,0.2927,0.2112,0.0063,0.0366
CT009681,Zone_07,Zone_07,0.2728,0.086,0.0612,0.0786,0.1451,0.0401,0.0345,0.2728,0.1918,0.0113,0.0785
CT004975,Zone_08,Zone_07,0.3785,0.0511,0.0711,0.0416,0.1188,0.0755,0.0243,0.3785,0.1775,0.0144,0.0473
CT013719,Zone_08,Zone_07,0.2455,0.0884,0.0679,0.1126,0.1167,0.0491,0.0572,0.2455,0.197,0.015,0.0506
CT003962,Zone_03,Zone_08,0.2584,0.063,0.0922,0.0878,0.131,0.0206,0.0443,0.2371,0.2584,0.0051,0.0605
CT013819,Zone_04,Zone_07,0.2429,0.0558,0.0624,0.1371,0.1237,0.0301,0.0368,0.2429,0.2289,0.0123,0.07
CT008385,Zone_01,Zone_07,0.3116,0.0674,0.0663,0.0922,0.0948,0.0325,0.051,0.3116,0.2179,0.0145,0.0519
CT009653,Zone_03,Zone_07,0.259,0.0683,0.0679,0.1022,0.1533,0.0199,0.0436,0.259,0.2276,0.0196,0.0387
CT007970,Zone_02,Zone_07,0.2832,0.0848,0.0761,0.08,0.1128,0.0329,0.0397,0.2832,0.2051,0.0213,0.0641
CT010507,Zone_08,Zone_07,0.2722,0.0783,0.1039,0.0587,0.122,0.0308,0.0564,0.2722,0.1667,0.0659,0.0452
CT007600,Zone_07,Zone_08,0.2876,0.0453,0.0577,0.0944,0.1272,0.0455,0.0251,0.2649,0.2876,0.0113,0.041
CT010064,Zone_02,Zone_07,0.2444,0.0537,0.128,0.0591,0.1187,0.0352,0.0878,0.2444,0.2152,0.0061,0.0517
CT019037,Zone_04,Zone_07,0.2522,0.0643,0.071,0.083,0.1741,0.031,0.0467,0.2522,0.1871,0.0086,0.082
CT016233,Zone_01,Zone_07,0.3424,0.0479,0.062,0.124,0.1073,0.0258,0.0349,0.3424,0.1896,0.0215,0.0446
CT016275,Zone_04,Zone_07,0.2267,0.0735,0.0934,0.1031,0.1619,0.0508,0.0402,0.2267,0.1913,0.0204,0.0387
CT000294,Zone_03,Zone_08,0.2691,0.0592,0.0695,0.099,0.1085,0.046,0.0381,0.2443,0.2691,0.0124,0.0539
CT018802,Zone_02,Zone_08,0.2631,0.0752,0.072,0.0915,0.1297,0.0356,0.0579,0.2098,0.2631,0.0145,0.0506
CT013203,Zone_08,Zone_08,0.2636,0.0374,0.1141,0.0665,0.1178,0.0318,0.0369,0.2417,0.2636,0.0111,0.0792
CT001403,Zone_10,Zone_07,0.274,0.087,0.068,0.085,0.1481,0.03,0.0313,0.274,0.2056,0.0093,0.0617
CT008298,Zone_04,Zone_07,0.2709,0.0517,0.1434,0.1057,0.1298,0.0164,0.0254,0.2709,0.2045,0.0045,0.0477
CT004078,Zone_08,Zone_08,0.2914,0.0515,0.0846,0.0715,0.1204,0.0495,0.0431,0.2282,0.2914,0.0079,0.0519
CT009342,Zone_02,Zone_07,0.2626,0.0986,0.0617,0.044,0.1047,0.0418,0.1188,0.2626,0.2267,0.0089,0.0322
CT007860,Zone_07,Zone_07,0.2844,0.0654,0.0695,0.0998,0.1099,0.0529,0.0774,0.2844,0.1778,0.0173,0.0456
CT005027,Zone_08,Zone_07,0.2834,0.0538,0.0627,0.1014,0.1478,0.0213,0.0529,0.2834,0.166,0.0104,0.1003
CT012029,Zone_04,Zone_07,0.2819,0.0509,0.0962,0.0944,0.1387,0.0469,0.0324,0.2819,0.1737,0.0086,0.0763
CT019786,Zone_04,Zone_08,0.2645,0.0647,0.0988,0.0759,0.1301,0.0357,0.0392,0.2334,0.2645,0.0091,0.0487
CT005141,Zone_08,Zone_07,0.3492,0.062,0.0667,0.0929,0.1436,0.0232,0.0344,0.3492,0.1726,0.009,0.0464
CT005841,Zone_05,Zone_08,0.2663,0.0706,0.0754,0.0638,0.1381,0.0688,0.0334,0.2106,0.2663,0.0138,0.0591
CT010730,Zone_06,Zone_07,0.31,0.0663,0.0657,0.0746,0.1331,0.039,0.0506,0.31,0.1987,0.0085,0.0535
CT014988,Zone_04,Zone_07,0.2985,0.0614,0.0744,0.0806,0.1082,0.0501,0.0294,0.2985,0.237,0.0109,0.0497
CT000867,Zone_07,Zone_07,0.2522,0.0653,0.0776,0.1041,0.154,0.0282,0.0529,0.2522,0.2019,0.0055,0.0584
CT011310,Zone_01,Zone_07,0.2056,0.0603,0.1173,0.0852,0.1566,0.0429,0.0678,0.2056,0.2047,0.0094,0.0503
CT017931,Zone_08,Zone_07,0.2495,0.0662,0.0717,0.101,0.1092,0.042,0.0342,0.2495,0.234,0.0426,0.0496
CT004522,Zone_08,Zone_08,0.2315,0.1025,0.0483,0.099,0.1529,0.022,0.0737,0.1706,0.2315,0.0051,0.0943
CT012269,Zone_02,Zone_07,0.2863,0.0636,0.0724,0.0966,0.1387,0.0325,0.0477,0.2863,0.1938,0.0096,0.0586
CT013839,Zone_08,Zone_07,0.272,0.0513,0.0792,0.0893,0.1355,0.039,0.052,0.272,0.2006,0.0117,0.0695
CT016788,Zone_02,Zone_07,0.3057,0.0804,0.0667,0.0933,0.0923,0.0229,0.0356,0.3057,0.2412,0.0115,0.0505
CT000505,Zone_07,Zone_08,0.2665,0.0911,0.0936,0.0721,0.1239,0.0238,0.0488,0.1955,0.2665,0.0126,0.0721
CT013468,Zone_08,Zone_07,0.3033,0.0613,0.031,0.0856,0.1371,0.0196,0.0432,0.3033,0.2724,0.0025,0.0439
CT002172,Zone_04,Zone_07,0.2735,0.0559,0.0619,0.0768,0.14,0.0278,0.0519,0.2735,0.2301,0.008,0.0741
CT016545,Zone_06,Zone_07,0.3307,0.0423,0.0562,0.1309,0.177,0.0158,0.0305,0.3307,0.1563,0.0133,0.0468
CT014283,Zone_07,Zone_07,0.298,0.0546,0.1193,0.0531,0.0959,0.0255,0.0543,0.298,0.2226,0.0098,0.067
CT009416,Zone_07,Zone_08,0.2393,0.0803,0.0836,0.0859,0.1176,0.054,0.0376,0.2384,0.2393,0.009,0.0542
CT004401,Zone_07,Zone_07,0.3042,0.0648,0.0549,0.0831,0.156,0.0247,0.0274,0.3042,0.2164,0.007,0.0614
CT007056,Zone_05,Zone_07,0.263,0.0825,0.1065,0.0887,0.1154,0.0254,0.0394,0.263,0.2214,0.0022,0.0554
CT007504,Zone_08,Zone_07,0.3605,0.0572,0.0765,0.061,0.0964,0.0383,0.0234,0.3605,0.1775,0.0139,0.0952
CT009420,Zone_10,Zone_07,0.224,0.0712,0.0863,0.132,0.1576,0.0418,0.0576,0.224,0.163,0.0327,0.0338
CT013194,Zone_04,Zone_07,0.3461,0.0495,0.0726,0.0878,0.0947,0.04,0.0438,0.3461,0.1847,0.0173,0.0635
CT009664,Zone_07,Zone_07,0.2867,0.0664,0.0958,0.0838,0.1253,0.0415,0.0396,0.2867,0.194,0.0078,0.0591
CT015158,Zone_04,Zone_07,0.3654,0.052,0.0745,0.1093,0.1176,0.0292,0.019,0.3654,0.1558,0.0061,0.0711
CT010407,Zone_07,Zone_07,0.2413,0.0646,0.0767,0.085,0.1279,0.0375,0.0696,0.2413,0.1979,0.024,0.0755
CT003993,Zone_03,Zone_07,0.3415,0.0507,0.0824,0.0793,0.1176,0.0319,0.0389,0.3415,0.199,0.011,0.0478
CT019595,Zone_07,Zone_08,0.2473,0.061,0.0795,0.0864,0.117,0.039,0.0552,0.2159,0.2473,0.0106,0.0881
CT015299,Zone_02,Zone_03,0.2619,0.0514,0.149,0.2619,0.1011,0.0409,0.0254,0.2424,0.0918,0.0032,0.0329
CT010761,Zone_01,Zone_07,0.2312,0.0768,0.0673,0.108,0.1531,0.039,0.04,0.2312,0.2197,0.008,0.0568
CT011987,Zone_03,Zone_07,0.3124,0.0706,0.0802,0.0841,0.1278,0.0412,0.036,0.3124,0.1812,0.0147,0.0516
CT004626,Zone_08,Zone_07,0.2677,0.0509,0.0616,0.0607,0.14,0.0513,0.0595,0.2677,0.2443,0.0199,0.0441
CT010533,Zone_04,Zone_07,0.2982,0.0709,0.0566,0.0773,0.117,0.0304,0.0538,0.2982,0.2115,0.0049,0.0794
CT013079,Zone_08,Zone_07,0.2491,0.064,0.0673,0.1033,0.1252,0.0578,0.0355,0.2491,0.2277,0.0111,0.0589
CT009848,Zone_05,Zone_08,0.2108,0.0407,0.1067,0.1055,0.1139,0.0553,0.0652,0.2074,0.2108,0.0222,0.0724
CT005339,Zone_07,Zone_08,0.2371,0.0406,0.0657,0.1444,0.1241,0.0469,0.0585,0.2202,0.2371,0.0142,0.0484
CT012719,Zone_05,Zone_08,0.3345,0.0818,0.0673,0.0951,0.1223,0.0261,0.0302,0.2015,0.3345,0.0071,0.0342
CT003635,Zone_08,Zone_07,0.2787,0.0533,0.0718,0.0825,0.1466,0.0239,0.0414,0.2787,0.212,0.0144,0.0754
CT009719,Zone_07,Zone_07,0.2638,0.0571,0.0826,0.0786,0.1404,0.0266,0.0334,0.2638,0.2183,0.0129,0.0862
CT014189,Zone_08,Zone_08,0.2641,0.0814,0.0721,0.1059,0.1573,0.0318,0.0244,0.2012,0.2641,0.0187,0.0431
CT010970,Zone_08,Zone_08,0.2732,0.0628,0.0686,0.1034,0.099,0.0332,0.0455,0.2591,0.2732,0.0084,0.0467
CT015323,Zone_04,Zone_07,0.3456,0.0465,0.101,0.0835,0.106,0.0321,0.0327,0.3456,0.2051,0.0117,0.0357
CT005653,Zone_08,Zone_07,0.313,0.0733,0.0549,0.0808,0.1204,0.042,0.0384,0.313,0.2032,0.0059,0.068
CT014443,Zone_03,Zone_07,0.2592,0.0459,0.1491,0.0919,0.0541,0.0277,0.0468,0.2592,0.257,0.0119,0.0563
CT007873,Zone_04,Zone_07,0.336,0.0695,0.0599,0.0875,0.1023,0.0375,0.0399,0.336,0.2045,0.0102,0.0527
CT012751,Zone_06,Zone_07,0.2424,0.0749,0.0585,0.1241,0.146,0.0364,0.053,0.2424,0.1745,0.0132,0.077
CT009081,Zone_08,Zone_07,0.2825,0.071,0.0707,0.0819,0.1159,0.0227,0.0302,0.2825,0.2569,0.0161,0.0522
CT006659,Zone_07,Zone_07,0.2997,0.0466,0.09,0.0664,0.1527,0.0494,0.0256,0.2997,0.2115,0.0145,0.0436
CT008969,Zone_06,Zone_07,0.2736,0.0455,0.0613,0.1021,0.1368,0.0304,0.0661,0.2736,0.2212,0.0209,0.0422
CT004792,Zone_02,Zone_07,0.243,0.0575,0.0849,0.0461,0.1671,0.0335,0.0323,0.243,0.1946,0.0137,0.1274
CT017262,Zone_04,Zone_08,0.2177,0.055,0.0943,0.0867,0.167,0.0281,0.0365,0.2112,0.2177,0.0161,0.0874
CT018069,Zone_06,Zone_08,0.3018,0.0635,0.0774,0.097,0.1114,0.0299,0.0381,0.2177,0.3018,0.0084,0.0549
CT006002,Zone_03,Zone_08,0.2658,0.0548,0.068,0.1124,0.1439,0.0359,0.0493,0.2069,0.2658,0.0121,0.0509
CT009413,Zone_04,Zone_07,0.3505,0.0456,0.0523,0.0638,0.168,0.0357,0.0215,0.3505,0.2097,0.0111,0.0418
CT019996,Zone_07,Zone_07,0.2973,0.0473,0.0551,0.1359,0.1143,0.0313,0.0469,0.2973,0.1741,0.0322,0.0655
CT003298,Zone_08,Zone_07,0.2561,0.0573,0.0953,0.1004,0.1151,0.0323,0.0522,0.2561,0.2155,0.0106,0.0651
CT011839,Zone_07,Zone_07,0.2913,0.0523,0.0608,0.1071,0.137,0.0345,0.0247,0.2913,0.2303,0.0117,0.0504
CT017042,Zone_07,Zone_07,0.2744,0.0615,0.0863,0.0784,0.1369,0.0317,0.0426,0.2744,0.2024,0.008,0.0778
CT005039,Zone_07,Zone_04,0.2189,0.0684,0.074,0.114,0.2189,0.0254,0.0335,0.2021,0.2075,0.0093,0.047
CT003982,Zone_08,Zone_07,0.2688,0.0614,0.079,0.0975,0.0927,0.0367,0.031,0.2688,0.2574,0.0101,0.0654
CT002763,Zone_03,Zone_07,0.3018,0.0427,0.0995,0.124,0.0968,0.0459,0.0401,0.3018,0.1948,0.0184,0.036
CT009618,Zone_02,Zone_08,0.2786,0.0606,0.0565,0.0674,0.1195,0.0621,0.0423,0.2626,0.2786,0.005,0.0454
CT015520,Zone_07,Zone_07,0.2907,0.1028,0.0601,0.1107,0.1106,0.0344,0.0425,0.2907,0.1726,0.0052,0.0704
CT013951,Zone_06,Zone_07,0.2778,0.0607,0.094,0.0841,0.1203,0.0442,0.0417,0.2778,0.2144,0.0134,0.0494
CT007475,Zone_05,Zone_07,0.2771,0.063,0.0692,0.1012,0.1137,0.0258,0.0511,0.2771,0.2156,0.0076,0.0757
CT018372,Zone_01,Zone_07,0.3103,0.0543,0.1075,0.0869,0.1111,0.0275,0.0338,0.3103,0.2171,0.0074,0.0442
CT000295,Zone_07,Zone_07,0.2963,0.0554,0.0999,0.0973,0.1121,0.0494,0.0239,0.2963,0.1912,0.0301,0.0443
CT007314,Zone_07,Zone_07,0.2375,0.0353,0.1722,0.0723,0.1026,0.023,0.0668,0.2375,0.2342,0.009,0.0471
CT018520,Zone_04,Zone_08,0.2574,0.0369,0.1436,0.0823,0.1303,0.0272,0.0344,0.2275,0.2574,0.0051,0.0552
CT011118,Zone_05,Zone_07,0.2579,0.1829,0.0957,0.1065,0.0919,0.0366,0.0592,0.2579,0.1137,0.0024,0.0532
CT009672,Zone_10,Zone_07,0.2407,0.0383,0.1312,0.1255,0.1253,0.0535,0.0419,0.2407,0.1726,0.011,0.0599
CT003262,Zone_08,Zone_07,0.2522,0.0768,0.0497,0.1053,0.1256,0.0551,0.03,0.2522,0.2416,0.0145,0.0494
CT018725,Zone_03,Zone_07,0.2254,0.074,0.0723,0.0851,0.1321,0.0379,0.067,0.2254,0.2119,0.0057,0.0885
CT015620,Zone_04,Zone_08,0.2499,0.0685,0.0775,0.0783,0.1386,0.0292,0.0327,0.2396,0.2499,0.0072,0.0784
CT004334,Zone_08,Zone_07,0.2647,0.057,0.0592,0.0882,0.1551,0.0335,0.0305,0.2647,0.2456,0.0067,0.0595
CT004039,Zone_05,Zone_07,0.3143,0.0715,0.0761,0.0714,0.1109,0.0321,0.0343,0.3143,0.2239,0.0161,0.0493
CT007218,Zone_08,Zone_04,0.2377,0.0691,0.077,0.0621,0.2377,0.0374,0.0457,0.1746,0.2241,0.0174,0.0548
CT006086,Zone_07,Zone_07,0.2854,0.0521,0.0873,0.1176,0.1476,0.0292,0.0373,0.2854,0.165,0.008,0.0705
CT015623,Zone_04,Zone_08,0.2693,0.05,0.0998,0.1641,0.0893,0.0426,0.0245,0.1888,0.2693,0.0137,0.0577
CT016112,Zone_08,Zone_07,0.3911,0.0495,0.1295,0.0854,0.1149,0.0295,0.0222,0.3911,0.1193,0.003,0.0555
CT016926,Zone_09,Zone_07,0.2617,0.0639,0.0783,0.0761,0.1431,0.0354,0.0467,0.2617,0.2244,0.0114,0.0589
CT017819,Zone_08,Zone_07,0.3096,0.0493,0.0582,0.0784,0.128,0.033,0.0317,0.3096,0.2467,0.0109,0.0542
CT008901,Zone_01,Zone_07,0.3155,0.0889,0.0787,0.1149,0.0989,0.0331,0.0322,0.3155,0.1927,0.0041,0.041
CT015595,Zone_07,Zone_07,0.2431,0.0759,0.0902,0.0996,0.1197,0.0225,0.0588,0.2431,0.1853,0.0255,0.0795
CT001962,Zone_08,Zone_07,0.2519,0.0511,0.0636,0.0885,0.1953,0.0331,0.0504,0.2519,0.2072,0.0086,0.0503
CT015427,Zone_07,Zone_07,0.2819,0.0651,0.0756,0.0998,0.1547,0.0239,0.0338,0.2819,0.2098,0.0078,0.0477
CT007344,Zone_02,Zone_07,0.3447,0.0556,0.0833,0.0583,0.1088,0.0311,0.0314,0.3447,0.2211,0.0087,0.057
CT008936,Zone_10,Zone_07,0.2927,0.0924,0.0613,0.0816,0.1096,0.0303,0.0352,0.2927,0.2243,0.0139,0.0587
CT010824,Zone_08,Zone_04,0.2262,0.1372,0.0744,0.1138,0.2262,0.0349,0.0279,0.1625,0.1536,0.0318,0.0377
CT014791,Zone_07,Zone_07,0.2688,0.073,0.0855,0.0837,0.1354,0.0326,0.05,0.2688,0.2058,0.01,0.0552
CT002779,Zone_04,Zone_07,0.2994,0.0713,0.089,0.0904,0.1086,0.0325,0.0446,0.2994,0.2034,0.0094,0.0513
CT002493,Zone_02,Zone_07,0.268,0.085,0.0519,0.0781,0.1243,0.0413,0.0389,0.268,0.2459,0.0185,0.0481
CT019084,Zone_01,Zone_07,0.3006,0.0639,0.0724,0.0768,0.1171,0.0554,0.0603,0.3006,0.1873,0.0084,0.0579
CT003097,Zone_03,Zone_07,0.4073,0.0381,0.0633,0.0967,0.102,0.0271,0.0233,0.4073,0.2012,0.0049,0.036
CT017864,Zone_07,Zone_07,0.3401,0.0603,0.0694,0.0784,0.0943,0.0394,0.0504,0.3401,0.2001,0.0133,0.0543
CT008264,Zone_10,Zone_07,0.3231,0.0898,0.0487,0.0755,0.1332,0.0129,0.0296,0.3231,0.1955,0.0258,0.0659
CT004830,Zone_06,Zone_07,0.3024,0.0862,0.06,0.0898,0.1564,0.0256,0.0259,0.3024,0.1913,0.0043,0.0582
CT002923,Zone_03,Zone_08,0.2764,0.0603,0.0503,0.1236,0.1551,0.0364,0.0362,0.2034,0.2764,0.0054,0.0528
CT001609,Zone_08,Zone_07,0.2793,0.0494,0.093,0.1012,0.1051,0.0488,0.0558,0.2793,0.1972,0.0177,0.0525
CT006749,Zone_08,Zone_07,0.2613,0.0531,0.0914,0.0778,0.1215,0.0258,0.0429,0.2613,0.2421,0.011,0.0731
CT002459,Zone_04,Zone_07,0.2501,0.0562,0.0776,0.1169,0.1308,0.0336,0.0343,0.2501,0.2105,0.022,0.0679
CT014047,Zone_09,Zone_07,0.24,0.0325,0.0806,0.1092,0.1722,0.0477,0.0291,0.24,0.2257,0.0067,0.0562
CT016301,Zone_01,Zone_08,0.245,0.0634,0.0667,0.0724,0.1527,0.0371,0.0403,0.2355,0.245,0.012,0.075
CT012475,Zone_07,Zone_07,0.2915,0.0507,0.0621,0.1052,0.0987,0.0382,0.0373,0.2915,0.2352,0.0138,0.0673
CT004979,Zone_07,Zone_07,0.2411,0.0381,0.063,0.1391,0.1239,0.0288,0.04,0.2411,0.229,0.0056,0.0915
CT013722,Zone_04,Zone_07,0.2272,0.0996,0.0926,0.1999,0.1194,0.0229,0.0187,0.2272,0.1316,0.0205,0.0675
CT000279,Zone_07,Zone_07,0.3276,0.0886,0.0749,0.0656,0.0833,0.0284,0.0286,0.3276,0.2466,0.0061,0.0503
CT010980,Zone_07,Zone_07,0.3107,0.0688,0.0502,0.0678,0.1828,0.0271,0.054,0.3107,0.1719,0.008,0.0586
CT000100,Zone_10,Zone_08,0.2728,0.0764,0.0594,0.1027,0.1433,0.0361,0.0257,0.2146,0.2728,0.0081,0.0608
CT006982,Zone_10,Zone_07,0.2615,0.0552,0.1,0.0824,0.1092,0.0673,0.0421,0.2615,0.2238,0.0093,0.0491
CT006758,Zone_07,Zone_08,0.2345,0.0496,0.0582,0.1341,0.1647,0.0306,0.0701,0.2015,0.2345,0.0064,0.0503
CT018344,Zone_08,Zone_07,0.2979,0.0612,0.0663,0.1292,0.1063,0.0435,0.0364,0.2979,0.1966,0.011,0.0516
CT002312,Zone_02,Zone_07,0.2935,0.0607,0.0559,0.0723,0.1356,0.0274,0.0337,0.2935,0.2464,0.0074,0.0671
CT010930,Zone_04,Zone_08,0.2203,0.0476,0.094,0.0742,0.1702,0.0587,0.0741,0.2133,0.2203,0.0032,0.0444
CT019236,Zone_02,Zone_08,0.2442,0.1035,0.0715,0.0586,0.1343,0.0452,0.0339,0.2332,0.2442,0.008,0.0677
CT017551,Zone_05,Zone_08,0.2845,0.0783,0.1011,0.0894,0.1111,0.0302,0.0371,0.2217,0.2845,0.0047,0.0419
CT018597,Zone_01,Zone_07,0.2904,0.0754,0.0698,0.0984,0.1434,0.0253,0.0351,0.2904,0.2124,0.0093,0.0403
CT001934,Zone_07,Zone_08,0.273,0.0575,0.0822,0.0822,0.1228,0.0386,0.0405,0.2332,0.273,0.0124,0.0576
CT005877,Zone_08,Zone_07,0.314,0.0649,0.075,0.0759,0.1685,0.0263,0.0417,0.314,0.1732,0.0089,0.0515
CT006948,Zone_07,Zone_07,0.2831,0.0514,0.0864,0.0796,0.1144,0.0439,0.0681,0.2831,0.1911,0.0136,0.0683
CT005543,Zone_08,Zone_07,0.2389,0.0581,0.0749,0.0859,0.1704,0.0398,0.0469,0.2389,0.1781,0.0198,0.0871
CT013777,Zone_08,Zone_07,0.2823,0.0409,0.0763,0.1103,0.1273,0.0339,0.0329,0.2823,0.214,0.0069,0.0752
CT001599,Zone_07,Zone_07,0.2704,0.0759,0.0588,0.1002,0.1292,0.0539,0.0252,0.2704,0.224,0.0129,0.0496
CT002165,Zone_07,Zone_07,0.259,0.0694,0.0907,0.1091,0.1238,0.045,0.0354,0.259,0.1876,0.0121,0.0679
CT001591,Zone_01,Zone_07,0.2868,0.0564,0.0748,0.0683,0.1387,0.0259,0.0574,0.2868,0.2334,0.0106,0.0479
CT008548,Zone_07,Zone_07,0.2779,0.0756,0.1106,0.08,0.1235,0.032,0.0201,0.2779,0.2171,0.0142,0.049
CT006551,Zone_07,Zone_07,0.2597,0.0742,0.0772,0.0945,0.1278,0.0288,0.04,0.2597,0.2037,0.0103,0.0838
CT001894,Zone_02,Zone_07,0.293,0.0815,0.0813,0.0801,0.1317,0.0299,0.0377,0.293,0.1957,0.0124,0.0567
CT012329,Zone_01,Zone_07,0.2656,0.0397,0.0532,0.0687,0.2211,0.0328,0.0625,0.2656,0.1988,0.0041,0.0535
CT015795,Zone_05,Zone_07,0.2644,0.0543,0.0619,0.0925,0.1436,0.0316,0.0431,0.2644,0.246,0.0083,0.0543
CT016437,Zone_08,Zone_08,0.3302,0.0651,0.0548,0.0808,0.0818,0.044,0.0732,0.2243,0.3302,0.0054,0.0406
CT008293,Zone_08,Zone_08,0.2465,0.0524,0.0904,0.1344,0.1324,0.0306,0.0268,0.2211,0.2465,0.0135,0.0519
CT005519,Zone_03,Zone_08,0.2504,0.0924,0.0691,0.0809,0.1343,0.0393,0.0374,0.2144,0.2504,0.0119,0.0701
CT018027,Zone_07,Zone_08,0.2788,0.0453,0.079,0.0505,0.1528,0.0481,0.0386,0.2366,0.2788,0.008,0.0624
CT000272,Zone_01,Zone_08,0.3313,0.053,0.0558,0.0707,0.1384,0.0451,0.0385,0.1931,0.3313,0.0035,0.0707
CT007079,Zone_03,Zone_07,0.2458,0.0439,0.0967,0.0892,0.1316,0.0502,0.0492,0.2458,0.2307,0.0142,0.0486
CT008935,Zone_07,Zone_07,0.3159,0.0355,0.0593,0.0649,0.0997,0.0529,0.1175,0.3159,0.1936,0.0113,0.0493
CT008153,Zone_07,Zone_07,0.3218,0.0691,0.064,0.0883,0.0959,0.0362,0.0395,0.3218,0.2291,0.0047,0.0514
CT009995,Zone_04,Zone_07,0.251,0.0634,0.0752,0.0551,0.1624,0.0305,0.053,0.251,0.2121,0.0265,0.0707
CT011653,Zone_07,Zone_07,0.2582,0.0459,0.0778,0.0688,0.1545,0.0421,0.0347,0.2582,0.2518,0.0127,0.0535
CT016837,Zone_07,Zone_07,0.2793,0.0651,0.0803,0.0821,0.1287,0.036,0.0393,0.2793,0.2257,0.0115,0.0521
CT004779,Zone_04,Zone_07,0.3062,0.0791,0.0683,0.0897,0.1225,0.059,0.05,0.3062,0.1585,0.0088,0.058
CT011005,Zone_07,Zone_07,0.2613,0.0426,0.0876,0.0681,0.1462,0.0467,0.0487,0.2613,0.2422,0.0062,0.0506
CT001018,Zone_07,Zone_07,0.3108,0.0485,0.072,0.0907,0.0976,0.0516,0.0488,0.3108,0.2261,0.0073,0.0468
CT011954,Zone_09,Zone_07,0.3697,0.0472,0.0636,0.0552,0.1722,0.0463,0.0242,0.3697,0.0791,0.0052,0.1374
CT000078,Zone_07,Zone_07,0.23,0.0765,0.0565,0.1021,0.1588,0.0447,0.0457,0.23,0.2169,0.0122,0.0567
CT009743,Zone_07,Zone_07,0.2867,0.0506,0.0547,0.0808,0.2061,0.0408,0.0274,0.2867,0.1932,0.0064,0.0533
CT000057,Zone_08,Zone_07,0.317,0.0422,0.0557,0.0898,0.2001,0.05,0.0355,0.317,0.103,0.0186,0.0882
CT012741,Zone_07,Zone_07,0.2902,0.0788,0.0705,0.0926,0.1101,0.0536,0.0295,0.2902,0.2091,0.0174,0.0482
CT000319,Zone_04,Zone_07,0.2696,0.0785,0.0995,0.1041,0.1173,0.0275,0.0284,0.2696,0.2207,0.0093,0.0451
CT008630,Zone_07,Zone_08,0.297,0.0502,0.0751,0.0869,0.1227,0.0458,0.0373,0.2144,0.297,0.0073,0.0633
CT018729,Zone_08,Zone_07,0.2345,0.0501,0.0998,0.0757,0.1004,0.0569,0.0661,0.2345,0.2011,0.0102,0.1052
CT007025,Zone_03,Zone_07,0.2952,0.0371,0.0615,0.1313,0.2076,0.0382,0.0152,0.2952,0.1228,0.004,0.0869
CT008184,Zone_02,Zone_07,0.2907,0.0493,0.0603,0.0678,0.1711,0.0324,0.0331,0.2907,0.2161,0.0082,0.071
CT014282,Zone_01,Zone_07,0.2858,0.0442,0.087,0.0922,0.166,0.0296,0.0256,0.2858,0.1739,0.0502,0.0455
CT018158,Zone_07,Zone_07,0.2736,0.0723,0.0579,0.1031,0.1601,0.0312,0.0568,0.2736,0.1912,0.0131,0.0407
CT014546,Zone_07,Zone_07,0.2427,0.0505,0.0676,0.1137,0.1119,0.0467,0.0481,0.2427,0.2376,0.0258,0.0554
CT012730,Zone_08,Zone_08,0.2408,0.1098,0.0727,0.0816,0.1039,0.0414,0.0323,0.2255,0.2408,0.0169,0.0752
CT010299,Zone_08,Zone_07,0.2723,0.0803,0.0674,0.0807,0.1482,0.0238,0.0365,0.2723,0.2269,0.0157,0.0481
CT005184,Zone_08,Zone_08,0.2404,0.0612,0.0942,0.0774,0.1426,0.0257,0.0516,0.2394,0.2404,0.0048,0.0628
CT004896,Zone_08,Zone_08,0.2934,0.0606,0.0489,0.1169,0.1298,0.0303,0.0309,0.2319,0.2934,0.0061,0.0511
CT004871,Zone_08,Zone_07,0.259,0.0551,0.0696,0.0882,0.1424,0.0425,0.0426,0.259,0.2181,0.011,0.0715
CT014621,Zone_08,Zone_07,0.2448,0.0775,0.0643,0.1201,0.1206,0.0637,0.0314,0.2448,0.2189,0.0095,0.0493
CT010039,Zone_07,Zone_07,0.2514,0.0639,0.0873,0.0669,0.1985,0.0369,0.0219,0.2514,0.2088,0.0176,0.0469
CT019201,Zone_07,Zone_07,0.2992,0.0629,0.0463,0.0789,0.1134,0.0274,0.0469,0.2992,0.2531,0.0266,0.0451
CT009837,Zone_01,Zone_07,0.2799,0.0614,0.0728,0.092,0.1368,0.0437,0.0428,0.2799,0.1946,0.0287,0.0473
CT019068,Zone_07,Zone_07,0.2959,0.0551,0.0856,0.0695,0.1882,0.0311,0.0198,0.2959,0.1812,0.015,0.0587
CT005008,Zone_07,Zone_07,0.2552,0.0841,0.0908,0.1295,0.0998,0.022,0.068,0.2552,0.201,0.0058,0.0436
CT012860,Zone_07,Zone_07,0.3444,0.0465,0.0832,0.088,0.1157,0.0448,0.0404,0.3444,0.1678,0.0091,0.0602
CT000817,Zone_07,Zone_07,0.2384,0.047,0.0525,0.0706,0.1364,0.0148,0.0577,0.2384,0.234,0.0192,0.1292
CT008145,Zone_08,Zone_07,0.284,0.1325,0.0619,0.1048,0.0859,0.0479,0.0377,0.284,0.1474,0.0178,0.0801
CT005066,Zone_07,Zone_08,0.2681,0.0649,0.072,0.1039,0.1129,0.0306,0.0528,0.2296,0.2681,0.0079,0.0574
CT011481,Zone_08,Zone_07,0.2698,0.0451,0.1528,0.0486,0.0899,0.031,0.0583,0.2698,0.2269,0.0148,0.063
CT017802,Zone_07,Zone_08,0.2621,0.0661,0.0893,0.0715,0.1232,0.0555,0.0576,0.2134,0.2621,0.0118,0.0495
CT017649,Zone_08,Zone_07,0.2502,0.0647,0.0669,0.0791,0.1447,0.0397,0.0322,0.2502,0.2436,0.0096,0.0693
CT015285,Zone_01,Zone_07,0.2237,0.0833,0.0959,0.0943,0.1375,0.0435,0.0435,0.2237,0.2111,0.0078,0.0594
CT015231,Zone_08,Zone_08,0.2692,0.0523,0.0839,0.0815,0.1107,0.062,0.0582,0.2181,0.2692,0.0083,0.0558
CT002758,Zone_08,Zone_07,0.361,0.057,0.0704,0.0918,0.0973,0.0343,0.0295,0.361,0.2021,0.0077,0.049
CT005525,Zone_04,Zone_07,0.2543,0.0537,0.0775,0.0916,0.1212,0.0411,0.0381,0.2543,0.2414,0.0149,0.0662
CT016819,Zone_06,Zone_08,0.2421,0.0492,0.097,0.12,0.1075,0.0365,0.0261,0.2307,0.2421,0.0275,0.0635
CT009946,Zone_02,Zone_07,0.2798,0.0618,0.0823,0.0846,0.1099,0.0409,0.0285,0.2798,0.2188,0.023,0.0703
CT014238,Zone_08,Zone_07,0.3146,0.0754,0.0808,0.0691,0.1177,0.0265,0.0331,0.3146,0.2083,0.0239,0.0507
CT008593,Zone_07,Zone_07,0.2703,0.078,0.0989,0.0707,0.1188,0.038,0.0426,0.2703,0.2234,0.0065,0.0528
CT006575,Zone_08,Zone_08,0.275,0.0607,0.0814,0.117,0.114,0.0392,0.0592,0.1971,0.275,0.0071,0.0494
CT000384,Zone_08,Zone_04,0.2273,0.0698,0.1196,0.0587,0.2273,0.0473,0.0201,0.2117,0.1964,0.006,0.0431
CT001066,Zone_10,Zone_08,0.262,0.0598,0.0687,0.1363,0.1043,0.0549,0.0385,0.196,0.262,0.0032,0.0763
CT007051,Zone_10,Zone_07,0.2798,0.0633,0.0792,0.0698,0.1244,0.0489,0.0358,0.2798,0.1893,0.0281,0.0814
CT017241,Zone_04,Zone_07,0.2825,0.0472,0.0724,0.0781,0.1147,0.0423,0.0468,0.2825,0.2296,0.0244,0.0619
CT002085,Zone_08,Zone_07,0.2829,0.0556,0.0734,0.1242,0.0854,0.0365,0.0289,0.2829,0.2541,0.0139,0.0451
CT006903,Zone_08,Zone_07,0.2624,0.058,0.0767,0.081,0.1233,0.0469,0.0307,0.2624,0.2327,0.0134,0.0749
CT014855,Zone_07,Zone_07,0.2805,0.0606,0.0824,0.0803,0.1149,0.0343,0.0814,0.2805,0.1784,0.0193,0.068
CT004515,Zone_03,Zone_07,0.3059,0.0694,0.0817,0.1419,0.112,0.0513,0.0277,0.3059,0.1533,0.018,0.0389
CT006306,Zone_03,Zone_07,0.2962,0.0608,0.0784,0.0757,0.1415,0.0388,0.0389,0.2962,0.2099,0.0085,0.0513
CT013358,Zone_03,Zone_07,0.2633,0.0489,0.0799,0.0702,0.1497,0.0539,0.0373,0.2633,0.1776,0.0092,0.1101
CT013946,Zone_07,Zone_07,0.3709,0.0766,0.0625,0.0798,0.1372,0.0365,0.0233,0.3709,0.1615,0.0078,0.0438
CT007536,Zone_10,Zone_07,0.2516,0.0586,0.0623,0.0879,0.1359,0.0345,0.0435,0.2516,0.2459,0.009,0.0707
CT012403,Zone_08,Zone_08,0.3052,0.0555,0.105,0.0615,0.0865,0.0278,0.0766,0.2328,0.3052,0.0095,0.0396
CT012312,Zone_08,Zone_07,0.2768,0.0514,0.0633,0.0677,0.1537,0.0716,0.0643,0.2768,0.1781,0.0211,0.0522
CT010677,Zone_08,Zone_08,0.2414,0.0584,0.0933,0.1242,0.0875,0.0344,0.0582,0.2359,0.2414,0.0093,0.0573
CT005758,Zone_08,Zone_07,0.2219,0.0606,0.1046,0.1392,0.1959,0.0399,0.044,0.2219,0.1376,0.0045,0.0517
CT005509,Zone_07,Zone_07,0.312,0.0747,0.0763,0.0573,0.1254,0.0384,0.05,0.312,0.1706,0.0383,0.0571
CT004337,Zone_02,Zone_07,0.3049,0.1077,0.0635,0.0797,0.107,0.0201,0.0332,0.3049,0.1818,0.0069,0.0953
CT015227,Zone_04,Zone_07,0.2462,0.0623,0.0901,0.1032,0.1211,0.0303,0.0313,0.2462,0.213,0.04,0.0626
CT013272,Zone_08,Zone_08,0.3107,0.0401,0.0795,0.0552,0.1129,0.0214,0.0447,0.2747,0.3107,0.0042,0.0566
CT006556,Zone_05,Zone_08,0.2842,0.0707,0.0654,0.0965,0.1329,0.02,0.0326,0.2113,0.2842,0.0149,0.0715
CT008256,Zone_01,Zone_07,0.2435,0.0526,0.1065,0.0926,0.1472,0.0586,0.0462,0.2435,0.1853,0.0162,0.0512
CT002732,Zone_04,Zone_07,0.2387,0.063,0.1695,0.1139,0.0735,0.0295,0.0576,0.2387,0.2278,0.0056,0.0208
CT019964,Zone_10,Zone_08,0.2631,0.0523,0.0545,0.0922,0.1013,0.0404,0.0506,0.2449,0.2631,0.0436,0.057
CT011348,Zone_02,Zone_07,0.2745,0.0523,0.0709,0.0834,0.1916,0.0414,0.0603,0.2745,0.144,0.0033,0.0783
CT007445,Zone_02,Zone_08,0.2974,0.0613,0.0738,0.088,0.1077,0.03,0.0341,0.238,0.2974,0.0159,0.0536
CT017530,Zone_05,Zone_07,0.3196,0.058,0.0677,0.0869,0.1501,0.035,0.0272,0.3196,0.2185,0.0136,0.0235
CT007065,Zone_05,Zone_07,0.2566,0.0627,0.0811,0.1206,0.1435,0.0488,0.0612,0.2566,0.1727,0.0124,0.0405
CT004911,Zone_03,Zone_07,0.2505,0.1041,0.0869,0.1064,0.1338,0.046,0.028,0.2505,0.1547,0.0263,0.0634
CT012047,Zone_08,Zone_07,0.2703,0.0542,0.0738,0.0879,0.1192,0.0524,0.0369,0.2703,0.2363,0.0099,0.0592
CT015087,Zone_03,Zone_07,0.3093,0.0699,0.0579,0.0786,0.1619,0.0233,0.072,0.3093,0.1348,0.0054,0.0868
CT002253,Zone_05,Zone_07,0.2647,0.0598,0.0744,0.0892,0.1248,0.0239,0.033,0.2647,0.2231,0.015,0.0922
CT008690,Zone_07,Zone_08,0.2786,0.0459,0.0883,0.1083,0.1331,0.0349,0.0559,0.2009,0.2786,0.0156,0.0385
CT001401,Zone_08,Zone_04,0.2176,0.0658,0.0896,0.0814,0.2176,0.0427,0.0348,0.2066,0.2113,0.0065,0.0438
CT018264,Zone_08,Zone_08,0.2868,0.0565,0.0573,0.0872,0.1358,0.0298,0.0381,0.241,0.2868,0.0132,0.0544
CT012499,Zone_04,Zone_07,0.302,0.1618,0.0889,0.0837,0.0965,0.0232,0.0184,0.302,0.1167,0.0114,0.0973
CT014188,Zone_08,Zone_07,0.2741,0.084,0.0884,0.0898,0.1313,0.0354,0.0317,0.2741,0.178,0.0076,0.0795
CT001447,Zone_06,Zone_07,0.2861,0.0638,0.0774,0.088,0.1334,0.0284,0.0466,0.2861,0.1916,0.0109,0.0738
CT005759,Zone_04,Zone_07,0.2783,0.0501,0.0663,0.0753,0.1463,0.0407,0.0538,0.2783,0.2018,0.0189,0.0685
CT001867,Zone_10,Zone_07,0.3272,0.0546,0.0771,0.0925,0.0979,0.031,0.052,0.3272,0.1874,0.0213,0.059
CT009660,Zone_05,Zone_07,0.2314,0.0539,0.0625,0.1067,0.1759,0.0317,0.0214,0.2314,0.2191,0.0582,0.0393
CT019407,Zone_07,Zone_07,0.2862,0.0582,0.104,0.0791,0.1113,0.0417,0.0405,0.2862,0.2073,0.013,0.0586
CT000900,Zone_07,Zone_08,0.241,0.061,0.0836,0.0663,0.1086,0.0317,0.0431,0.2372,0.241,0.0076,0.1198
CT010112,Zone_04,Zone_07,0.2651,0.0478,0.0898,0.163,0.1605,0.025,0.0464,0.2651,0.1567,0.0077,0.038
CT000976,Zone_07,Zone_07,0.2762,0.0348,0.1,0.114,0.1135,0.0343,0.0539,0.2762,0.1872,0.0097,0.0764
CT002203,Zone_06,Zone_07,0.252,0.0602,0.0862,0.0937,0.1457,0.0304,0.0458,0.252,0.2194,0.0166,0.0499
CT011247,Zone_04,Zone_08,0.2744,0.0553,0.0777,0.0909,0.1288,0.0249,0.0325,0.2577,0.2744,0.0079,0.0499
CT004561,Zone_09,Zone_08,0.3044,0.0925,0.0454,0.0702,0.1275,0.0336,0.032,0.223,0.3044,0.0192,0.0521
CT004110,Zone_07,Zone_07,0.2708,0.0557,0.1002,0.0929,0.1382,0.0348,0.04,0.2708,0.2047,0.0067,0.0562
CT006240,Zone_08,Zone_07,0.2644,0.0451,0.0911,0.1645,0.0913,0.0241,0.0504,0.2644,0.2096,0.0083,0.0512
CT011917,Zone_07,Zone_07,0.2267,0.0653,0.0922,0.1126,0.1743,0.0465,0.0431,0.2267,0.1555,0.0129,0.071
CT012620,Zone_10,Zone_07,0.296,0.0658,0.1086,0.0841,0.1589,0.0352,0.0259,0.296,0.1808,0.0069,0.0378
CT010265,Zone_04,Zone_07,0.304,0.083,0.0681,0.099,0.1213,0.0335,0.0343,0.304,0.175,0.014,0.0678
CT000252,Zone_07,Zone_07,0.2691,0.0683,0.048,0.0978,0.1615,0.0318,0.0402,0.2691,0.2057,0.0074,0.0701
CT005214,Zone_06,Zone_07,0.3462,0.0469,0.0585,0.0966,0.1142,0.054,0.0297,0.3462,0.1858,0.0121,0.056
CT002858,Zone_08,Zone_07,0.2731,0.0605,0.0779,0.1178,0.1318,0.0362,0.0602,0.2731,0.1436,0.0205,0.0786
CT007245,Zone_08,Zone_08,0.277,0.0691,0.0658,0.0825,0.1218,0.0261,0.029,0.266,0.277,0.0125,0.0502
CT017432,Zone_03,Zone_08,0.2685,0.0735,0.0618,0.1028,0.09,0.0288,0.0432,0.2543,0.2685,0.0121,0.065
CT019637,Zone_07,Zone_07,0.3201,0.0531,0.0831,0.0907,0.1088,0.0378,0.0357,0.3201,0.1973,0.0141,0.0594
CT002286,Zone_03,Zone_07,0.3306,0.0747,0.0587,0.1266,0.1097,0.0232,0.0319,0.3306,0.1802,0.0059,0.0585
CT009084,Zone_01,Zone_07,0.4752,0.0648,0.0449,0.0955,0.1182,0.0213,0.015,0.4752,0.1193,0.0105,0.0354
CT005351,Zone_06,Zone_07,0.3146,0.0478,0.0541,0.0662,0.117,0.048,0.0656,0.3146,0.2009,0.0084,0.0773
CT010137,Zone_08,Zone_08,0.2923,0.0346,0.0575,0.1097,0.1111,0.0386,0.0412,0.2529,0.2923,0.0076,0.0544
CT005355,Zone_06,Zone_07,0.2743,0.0691,0.0846,0.0908,0.1169,0.0255,0.0287,0.2743,0.2226,0.0219,0.0656
CT015330,Zone_04,Zone_07,0.2755,0.0541,0.0688,0.0925,0.1057,0.033,0.0625,0.2755,0.2313,0.0063,0.0704
CT012079,Zone_03,Zone_07,0.2828,0.0572,0.0844,0.0781,0.1173,0.0312,0.04,0.2828,0.2444,0.0077,0.0568
CT013800,Zone_08,Zone_07,0.2911,0.0609,0.0707,0.1318,0.1032,0.0378,0.0437,0.2911,0.1895,0.0106,0.0606
CT005866,Zone_04,Zone_07,0.2481,0.0311,0.1246,0.068,0.1352,0.0382,0.0489,0.2481,0.2406,0.0203,0.045
CT014015,Zone_07,Zone_07,0.3349,0.0823,0.0517,0.0882,0.1041,0.0361,0.0356,0.3349,0.2236,0.0053,0.0382
CT007002,Zone_06,Zone_08,0.2476,0.0692,0.0777,0.0777,0.1054,0.0462,0.0627,0.2221,0.2476,0.0066,0.0848
CT017012,Zone_03,Zone_07,0.255,0.0707,0.0857,0.0802,0.1105,0.0345,0.0485,0.255,0.2518,0.0184,0.0448
CT011461,Zone_08,Zone_07,0.2826,0.0674,0.055,0.0736,0.0976,0.027,0.0754,0.2826,0.2421,0.009,0.0704
CT013966,Zone_10,Zone_07,0.4113,0.0776,0.0489,0.0763,0.0756,0.0233,0.0332,0.4113,0.1819,0.0046,0.0673
CT010263,Zone_02,Zone_07,0.2887,0.0582,0.0895,0.0923,0.1053,0.0399,0.0202,0.2887,0.2587,0.0073,0.0399
CT002931,Zone_07,Zone_07,0.2727,0.0591,0.0726,0.081,0.1116,0.0384,0.0583,0.2727,0.2327,0.0151,0.0587
CT010205,Zone_08,Zone_07,0.3316,0.0462,0.0567,0.0994,0.12,0.0299,0.038,0.3316,0.2032,0.0155,0.0595
CT012727,Zone_06,Zone_07,0.2972,0.0537,0.0576,0.0873,0.1469,0.0555,0.0349,0.2972,0.1926,0.0095,0.0647
CT003516,Zone_07,Zone_07,0.2497,0.0569,0.0711,0.0803,0.1408,0.0452,0.0557,0.2497,0.2274,0.0179,0.055
CT008486,Zone_07,Zone_07,0.2718,0.0282,0.1009,0.1222,0.1157,0.0924,0.0403,0.2718,0.1656,0.021,0.042
CT008082,Zone_08,Zone_07,0.2808,0.038,0.0633,0.0995,0.1143,0.0413,0.0458,0.2808,0.2333,0.0121,0.0715
CT006042,Zone_02,Zone_07,0.2441,0.0722,0.0679,0.1,0.1778,0.0274,0.0314,0.2441,0.2031,0.0066,0.0695
CT018468,Zone_03,Zone_07,0.2716,0.0504,0.1218,0.0978,0.1333,0.0431,0.0314,0.2716,0.1893,0.0139,0.0473
CT016401,Zone_06,Zone_07,0.2938,0.0482,0.0755,0.0914,0.111,0.0395,0.0603,0.2938,0.1927,0.0149,0.0728
CT003489,Zone_01,Zone_07,0.2124,0.0756,0.0678,0.0886,0.1344,0.0307,0.0602,0.2124,0.2018,0.027,0.1015
CT016396,Zone_04,Zone_08,0.2087,0.0556,0.1548,0.0682,0.1473,0.0537,0.0947,0.1803,0.2087,0.0067,0.03
CT007265,Zone_08,Zone_07,0.2592,0.0536,0.0911,0.0783,0.1211,0.0282,0.0437,0.2592,0.2139,0.0049,0.1059
CT010317,Zone_04,Zone_08,0.3274,0.0463,0.0629,0.0883,0.1672,0.0389,0.0274,0.1845,0.3274,0.0067,0.0505
CT010209,Zone_04,Zone_07,0.3256,0.0529,0.0581,0.111,0.111,0.0294,0.026,0.3256,0.2354,0.0099,0.0406
CT001339,Zone_07,Zone_07,0.253,0.0825,0.0657,0.1149,0.1229,0.04,0.049,0.253,0.1652,0.0075,0.0993
CT000309,Zone_04,Zone_08,0.2391,0.0272,0.1206,0.0982,0.125,0.0683,0.0283,0.1872,0.2391,0.0076,0.0986
CT012760,Zone_08,Zone_07,0.3332,0.051,0.0573,0.0948,0.1248,0.0506,0.0284,0.3332,0.2173,0.0038,0.0387
CT013436,Zone_08,Zone_07,0.2774,0.0974,0.117,0.1016,0.156,0.0216,0.02,0.2774,0.1406,0.0111,0.0573
CT000328,Zone_07,Zone_08,0.2401,0.0668,0.0572,0.1003,0.158,0.0353,0.0471,0.2368,0.2401,0.0068,0.0516
CT008186,Zone_06,Zone_07,0.3051,0.0547,0.0754,0.092,0.0976,0.0346,0.0345,0.3051,0.225,0.0133,0.0678
CT011835,Zone_04,Zone_07,0.3439,0.0624,0.0674,0.0864,0.1102,0.0283,0.0342,0.3439,0.1808,0.0097,0.0766
CT016186,Zone_03,Zone_07,0.3335,0.0337,0.0579,0.0433,0.1397,0.0393,0.0993,0.3335,0.1924,0.0078,0.0531
CT005945,Zone_02,Zone_08,0.2382,0.0418,0.0768,0.0528,0.22,0.0387,0.0573,0.169,0.2382,0.0036,0.1018
CT015121,Zone_04,Zone_07,0.3077,0.0439,0.0606,0.0809,0.1336,0.029,0.0413,0.3077,0.2137,0.0133,0.0761
CT017533,Zone_01,Zone_07,0.3675,0.0428,0.0719,0.0928,0.1353,0.0286,0.0367,0.3675,0.1639,0.0045,0.0559
CT016531,Zone_08,Zone_07,0.276,0.0654,0.0616,0.0834,0.1467,0.0579,0.0396,0.276,0.2044,0.0048,0.0602
CT005776,Zone_02,Zone_08,0.3193,0.0526,0.0954,0.0595,0.147,0.0257,0.0885,0.1752,0.3193,0.004,0.0328
CT009633,Zone_04,Zone_08,0.2235,0.0635,0.0817,0.1032,0.1275,0.0555,0.0676,0.1987,0.2235,0.0075,0.0715
CT015682,Zone_08,Zone_07,0.2442,0.0405,0.0789,0.0889,0.1973,0.0295,0.0477,0.2442,0.1855,0.0102,0.0773
CT007555,Zone_08,Zone_07,0.2922,0.0339,0.1031,0.1047,0.0939,0.0528,0.0645,0.2922,0.1887,0.021,0.0452
CT009636,Zone_02,Zone_07,0.2807,0.0948,0.0732,0.0961,0.1076,0.0321,0.0364,0.2807,0.2005,0.0082,0.0704
CT001676,Zone_10,Zone_07,0.2305,0.0484,0.166,0.1368,0.1391,0.0305,0.0467,0.2305,0.1263,0.0031,0.0727
CT010219,Zone_02,Zone_07,0.3065,0.0893,0.0738,0.0821,0.1584,0.0365,0.0263,0.3065,0.1778,0.0068,0.0425
CT008367,Zone_03,Zone_08,0.2514,0.0736,0.0705,0.0585,0.1503,0.0448,0.0372,0.2364,0.2514,0.0033,0.0738
CT002862,Zone_07,Zone_07,0.2982,0.0449,0.0563,0.0714,0.1409,0.085,0.0419,0.2982,0.2074,0.0094,0.0447
CT000102,Zone_07,Zone_07,0.2887,0.0292,0.1005,0.0915,0.225,0.0378,0.0046,0.2887,0.142,0.008,0.0726
CT005383,Zone_07,Zone_07,0.2818,0.0797,0.0946,0.0829,0.1198,0.0256,0.0483,0.2818,0.197,0.0074,0.0628
CT012289,Zone_10,Zone_07,0.2613,0.0813,0.0976,0.0812,0.1344,0.0485,0.035,0.2613,0.1966,0.0075,0.0566
CT007487,Zone_04,Zone_07,0.3029,0.0567,0.0524,0.1143,0.1164,0.0264,0.0518,0.3029,0.2174,0.0051,0.0566
CT014635,Zone_03,Zone_07,0.284,0.0359,0.0543,0.1441,0.1188,0.0463,0.0432,0.284,0.2018,0.0113,0.0603
CT012661,Zone_10,Zone_07,0.2458,0.057,0.0731,0.1068,0.1259,0.0542,0.0461,0.2458,0.2227,0.0089,0.0595
CT016463,Zone_03,Zone_07,0.2551,0.0674,0.091,0.086,0.1316,0.037,0.0572,0.2551,0.2147,0.0097,0.0503
CT002361,Zone_07,Zone_08,0.2896,0.0424,0.1218,0.1308,0.1072,0.0444,0.0352,0.1587,0.2896,0.0106,0.0593
CT005168,Zone_07,Zone_07,0.2522,0.0562,0.0629,0.0671,0.117,0.0539,0.0398,0.2522,0.2441,0.0443,0.0625
CT008420,Zone_03,Zone_08,0.2474,0.0666,0.0892,0.1197,0.0977,0.0435,0.0238,0.2465,0.2474,0.016,0.0496
CT013432,Zone_08,Zone_07,0.2623,0.0662,0.0761,0.078,0.1451,0.0362,0.0296,0.2623,0.2474,0.0067,0.0524
CT009528,Zone_03,Zone_07,0.3057,0.0423,0.0455,0.0693,0.1489,0.0375,0.0349,0.3057,0.2145,0.007,0.0943
CT009646,Zone_08,Zone_07,0.3492,0.0736,0.1015,0.072,0.1622,0.0252,0.03,0.3492,0.1419,0.0068,0.0374
CT007356,Zone_05,Zone_07,0.246,0.0451,0.1742,0.0887,0.1036,0.024,0.0349,0.246,0.2011,0.0253,0.0572
CT007366,Zone_03,Zone_08,0.2616,0.0442,0.09,0.0879,0.0993,0.0378,0.0455,0.2461,0.2616,0.0147,0.0728
CT006483,Zone_07,Zone_07,0.2735,0.0611,0.0694,0.0823,0.0921,0.0619,0.0302,0.2735,0.252,0.009,0.0685
CT005963,Zone_08,Zone_07,0.2928,0.0386,0.0847,0.1145,0.1067,0.086,0.0247,0.2928,0.1894,0.0183,0.0443
CT005657,Zone_06,Zone_08,0.2495,0.0561,0.0805,0.1165,0.1143,0.03,0.0321,0.2437,0.2495,0.0237,0.0535
CT001604,Zone_07,Zone_07,0.276,0.0491,0.1297,0.0698,0.1323,0.0385,0.062,0.276,0.1973,0.0097,0.0357
CT001776,Zone_07,Zone_07,0.3238,0.0797,0.0696,0.072,0.1265,0.0359,0.0391,0.3238,0.1775,0.0099,0.0661
CT002184,Zone_03,Zone_07,0.2815,0.0523,0.0766,0.1049,0.1156,0.0414,0.0608,0.2815,0.194,0.0102,0.0626
CT010406,Zone_01,Zone_07,0.2695,0.0698,0.1045,0.1075,0.1111,0.0281,0.0362,0.2695,0.1972,0.0132,0.0629
CT004360,Zone_07,Zone_07,0.2672,0.0517,0.0615,0.0904,0.1167,0.057,0.0341,0.2672,0.2293,0.0172,0.0749
CT019316,Zone_03,Zone_07,0.2458,0.0552,0.099,0.097,0.1535,0.0294,0.0365,0.2458,0.2278,0.0085,0.0472
CT017514,Zone_04,Zone_08,0.2737,0.0452,0.0579,0.0935,0.1324,0.0505,0.0438,0.2316,0.2737,0.0158,0.0557
CT015877,Zone_06,Zone_07,0.2986,0.0835,0.0647,0.0982,0.1224,0.0409,0.0336,0.2986,0.1909,0.0083,0.0589
CT009447,Zone_07,Zone_08,0.2701,0.0656,0.087,0.1068,0.0956,0.0308,0.0671,0.2133,0.2701,0.0105,0.0534
CT002853,Zone_07,Zone_08,0.2665,0.0505,0.0771,0.0893,0.0897,0.0284,0.0677,0.2178,0.2665,0.0144,0.0985
CT003577,Zone_07,Zone_07,0.273,0.0569,0.0557,0.0867,0.1075,0.0346,0.04,0.273,0.2611,0.0112,0.0733
CT007796,Zone_07,Zone_08,0.252,0.096,0.067,0.0866,0.1178,0.0333,0.0668,0.241,0.252,0.0075,0.0319
CT007836,Zone_04,Zone_08,0.2652,0.0548,0.0632,0.082,0.153,0.027,0.0366,0.1889,0.2652,0.0073,0.122
CT014447,Zone_08,Zone_07,0.304,0.1188,0.0751,0.1002,0.1227,0.019,0.0374,0.304,0.1669,0.0126,0.0434
CT000714,Zone_06,Zone_08,0.2799,0.0392,0.0899,0.1235,0.0979,0.0264,0.0424,0.2495,0.2799,0.0039,0.0473
CT017037,Zone_10,Zone_07,0.2945,0.0541,0.0645,0.0909,0.1597,0.0252,0.0898,0.2945,0.1572,0.0166,0.0476
CT013630,Zone_08,Zone_07,0.2793,0.0959,0.0673,0.0735,0.122,0.0333,0.0307,0.2793,0.2435,0.0089,0.0457
CT010660,Zone_08,Zone_07,0.2937,0.0608,0.0761,0.0909,0.1185,0.0345,0.0416,0.2937,0.2215,0.0085,0.054
CT000052,Zone_02,Zone_08,0.293,0.0752,0.0745,0.1223,0.083,0.0329,0.0474,0.2039,0.293,0.0081,0.0596
CT019391,Zone_04,Zone_07,0.2751,0.0558,0.0673,0.1136,0.1344,0.0466,0.0387,0.2751,0.2027,0.0083,0.0575
CT017627,Zone_08,Zone_08,0.2589,0.0732,0.0765,0.0714,0.1081,0.0397,0.0754,0.2198,0.2589,0.0207,0.0562
CT001028,Zone_05,Zone_07,0.2545,0.0572,0.0763,0.1033,0.1587,0.0361,0.0323,0.2545,0.2084,0.0091,0.0641
CT010703,Zone_03,Zone_07,0.2917,0.0788,0.0889,0.0636,0.101,0.0578,0.0483,0.2917,0.205,0.0128,0.0521
CT003315,Zone_04,Zone_07,0.3192,0.0513,0.044,0.0799,0.1087,0.0234,0.0361,0.3192,0.2539,0.0073,0.0762
CT008272,Zone_03,Zone_07,0.2798,0.0775,0.0706,0.0839,0.1451,0.0271,0.0447,0.2798,0.1858,0.0156,0.0699
CT019381,Zone_02,Zone_07,0.2836,0.0736,0.045,0.0902,0.0923,0.0509,0.0339,0.2836,0.2764,0.008,0.0461
CT006600,Zone_05,Zone_07,0.2681,0.0376,0.0888,0.1584,0.096,0.0304,0.0433,0.2681,0.2126,0.0089,0.0558
CT006128,Zone_02,Zone_07,0.2571,0.0748,0.0833,0.0796,0.1022,0.0439,0.0345,0.2571,0.2482,0.0175,0.0589
CT009926,Zone_10,Zone_07,0.2502,0.051,0.1071,0.1181,0.1233,0.0431,0.0321,0.2502,0.2025,0.0134,0.0592
CT001353,Zone_04,Zone_07,0.2589,0.0902,0.0817,0.0818,0.091,0.0704,0.0256,0.2589,0.2364,0.0108,0.0533
CT002561,Zone_08,Zone_08,0.2481,0.0436,0.0922,0.0927,0.1279,0.0422,0.0655,0.2162,0.2481,0.0032,0.0684
CT000322,Zone_08,Zone_07,0.3157,0.0467,0.0452,0.1035,0.1522,0.0235,0.0496,0.3157,0.2084,0.0048,0.0506
CT011146,Zone_07,Zone_07,0.2774,0.042,0.0807,0.1016,0.1384,0.0328,0.0398,0.2774,0.191,0.0133,0.083
CT005484,Zone_05,Zone_07,0.2348,0.0546,0.082,0.0811,0.1468,0.0359,0.0601,0.2348,0.2244,0.0115,0.0688
CT001103,Zone_07,Zone_07,0.2511,0.0554,0.0973,0.0843,0.1415,0.0389,0.0551,0.2511,0.2097,0.0108,0.0559
CT011025,Zone_04,Zone_07,0.2455,0.0808,0.0777,0.0932,0.1334,0.0367,0.0467,0.2455,0.2195,0.0106,0.056
CT011359,Zone_01,Zone_07,0.2866,0.049,0.084,0.0868,0.1472,0.0221,0.0433,0.2866,0.213,0.0127,0.0551
CT014082,Zone_03,Zone_07,0.3113,0.0642,0.0653,0.0871,0.1002,0.0594,0.0433,0.3113,0.1935,0.0065,0.0691
CT001252,Zone_03,Zone_07,0.228,0.0508,0.088,0.1394,0.1255,0.0374,0.0549,0.228,0.2096,0.0145,0.0519
CT004098,Zone_08,Zone_07,0.3072,0.046,0.0664,0.0904,0.1329,0.0364,0.0499,0.3072,0.2097,0.0118,0.0495
CT010098,Zone_10,Zone_07,0.349,0.0456,0.0397,0.1041,0.1186,0.0341,0.0391,0.349,0.2154,0.0073,0.047
CT007311,Zone_05,Zone_08,0.2472,0.0578,0.0851,0.1184,0.1252,0.0287,0.0351,0.2146,0.2472,0.0078,0.0801
CT004684,Zone_08,Zone_07,0.3069,0.0509,0.0747,0.0766,0.1115,0.0276,0.0363,0.3069,0.2606,0.0055,0.0494
CT013783,Zone_07,Zone_07,0.2792,0.047,0.0934,0.1125,0.1121,0.0349,0.0318,0.2792,0.2337,0.0098,0.0457
CT015509,Zone_03,Zone_07,0.2718,0.0673,0.0743,0.0703,0.1135,0.0541,0.0516,0.2718,0.2018,0.0098,0.0854
CT014916,Zone_01,Zone_07,0.3062,0.0793,0.0808,0.0861,0.1053,0.0378,0.0409,0.3062,0.2157,0.0085,0.0394
CT006085,Zone_03,Zone_07,0.3339,0.0496,0.0628,0.0869,0.1398,0.0611,0.0467,0.3339,0.1559,0.0109,0.0525
CT011541,Zone_07,Zone_08,0.2546,0.0654,0.0784,0.0855,0.1009,0.05,0.0441,0.2493,0.2546,0.0081,0.0638
CT014396,Zone_01,Zone_08,0.2668,0.0679,0.0824,0.0935,0.1359,0.0402,0.0389,0.2206,0.2668,0.0084,0.0453
CT004921,Zone_05,Zone_07,0.2668,0.0695,0.0973,0.0934,0.1291,0.0499,0.0513,0.2668,0.1862,0.013,0.0436
CT012287,Zone_07,Zone_07,0.2618,0.0318,0.1776,0.0915,0.0706,0.0163,0.0503,0.2618,0.246,0.0025,0.0516
CT012410,Zone_07,Zone_07,0.2623,0.0707,0.0548,0.1005,0.1048,0.0733,0.0309,0.2623,0.2478,0.0078,0.0472
CT012359,Zone_06,Zone_08,0.2308,0.0609,0.1,0.0774,0.1404,0.0412,0.0507,0.2251,0.2308,0.0144,0.0592
CT006848,Zone_08,Zone_07,0.3548,0.0486,0.0518,0.0678,0.1479,0.0321,0.0899,0.3548,0.1227,0.0026,0.0817
CT015402,Zone_05,Zone_08,0.276,0.0527,0.0638,0.1152,0.1051,0.0529,0.0577,0.224,0.276,0.0092,0.0433
CT014963,Zone_02,Zone_07,0.2976,0.0484,0.062,0.0921,0.1829,0.0426,0.0364,0.2976,0.1597,0.0184,0.0597
CT012127,Zone_04,Zone_08,0.2615,0.0508,0.061,0.1016,0.1168,0.0441,0.0465,0.2467,0.2615,0.0151,0.0556
CT006397,Zone_07,Zone_07,0.3194,0.0526,0.0776,0.0902,0.1076,0.0357,0.0612,0.3194,0.1412,0.0133,0.1012
CT004945,Zone_07,Zone_08,0.2873,0.0456,0.0571,0.1067,0.1155,0.03,0.0292,0.2695,0.2873,0.0128,0.0463
CT019370,Zone_07,Zone_08,0.2782,0.0488,0.127,0.0929,0.0844,0.035,0.0416,0.2112,0.2782,0.0125,0.0684
CT011784,Zone_08,Zone_07,0.3093,0.0489,0.0851,0.0976,0.0878,0.0293,0.0263,0.3093,0.2665,0.0054,0.0438
CT008605,Zone_08,Zone_07,0.2859,0.0521,0.0753,0.1123,0.118,0.0393,0.042,0.2859,0.2119,0.0155,0.0478
CT015199,Zone_03,Zone_07,0.2511,0.0695,0.0606,0.1106,0.1842,0.0432,0.033,0.2511,0.2043,0.0067,0.0368
CT019332,Zone_07,Zone_07,0.3068,0.0572,0.0887,0.0785,0.1448,0.0291,0.0341,0.3068,0.1974,0.009,0.0543
CT009119,Zone_08,Zone_07,0.2594,0.0562,0.0478,0.0766,0.1186,0.0666,0.0431,0.2594,0.1873,0.0187,0.1257
CT006581,Zone_07,Zone_07,0.2883,0.0559,0.1259,0.0871,0.1359,0.0281,0.0235,0.2883,0.2028,0.0057,0.0467
CT005589,Zone_08,Zone_07,0.24,0.0549,0.0679,0.1023,0.1334,0.0742,0.0292,0.24,0.1789,0.0068,0.1123
CT006872,Zone_08,Zone_07,0.2845,0.0657,0.0624,0.0836,0.1325,0.0515,0.0187,0.2845,0.1942,0.0407,0.0661
CT008563,Zone_07,Zone_07,0.3013,0.0442,0.0608,0.1043,0.1471,0.0305,0.031,0.3013,0.209,0.0208,0.0509
CT011130,Zone_07,Zone_07,0.276,0.0687,0.0691,0.1053,0.1403,0.0452,0.047,0.276,0.1805,0.0074,0.0605
CT003852,Zone_04,Zone_07,0.2783,0.0426,0.0669,0.1301,0.0948,0.0314,0.0412,0.2783,0.2352,0.0068,0.0728
CT007623,Zone_03,Zone_08,0.2476,0.0518,0.1096,0.105,0.1439,0.0574,0.0457,0.1726,0.2476,0.0118,0.0546
CT015828,Zone_07,Zone_07,0.3669,0.0314,0.0418,0.1253,0.1206,0.0289,0.046,0.3669,0.1605,0.0033,0.0754
CT016460,Zone_04,Zone_08,0.3028,0.0527,0.0468,0.1377,0.0998,0.0367,0.0378,0.2621,0.3028,0.0049,0.0188
CT009274,Zone_07,Zone_07,0.3896,0.0328,0.0768,0.0705,0.1012,0.0607,0.0348,0.3896,0.1593,0.014,0.0603
CT008660,Zone_08,Zone_07,0.2766,0.0394,0.106,0.0966,0.1172,0.0308,0.0265,0.2766,0.2464,0.0182,0.0422
CT005494,Zone_04,Zone_07,0.2666,0.0463,0.0419,0.1492,0.1014,0.0209,0.0365,0.2666,0.2305,0.0071,0.0996
CT011753,Zone_08,Zone_07,0.2526,0.0601,0.0706,0.0655,0.1294,0.045,0.0541,0.2526,0.2381,0.0106,0.074
CT012187,Zone_02,Zone_07,0.3016,0.0765,0.0973,0.0534,0.1144,0.0677,0.032,0.3016,0.1914,0.0037,0.0621
CT014550,Zone_02,Zone_08,0.2505,0.0621,0.0771,0.0778,0.1305,0.0281,0.0774,0.2023,0.2505,0.009,0.0851
CT018968,Zone_07,Zone_08,0.2856,0.0526,0.0569,0.0508,0.2371,0.069,0.0263,0.1786,0.2856,0.0041,0.0392
CT014013,Zone_07,Zone_07,0.2793,0.077,0.0614,0.0888,0.1379,0.0309,0.0411,0.2793,0.2261,0.0136,0.0439
CT014086,Zone_04,Zone_07,0.3511,0.0612,0.0677,0.0793,0.1148,0.0338,0.0283,0.3511,0.2046,0.0088,0.0503
CT018953,Zone_06,Zone_07,0.345,0.0572,0.0664,0.0923,0.1178,0.0258,0.0335,0.345,0.1786,0.0082,0.0752
CT004587,Zone_07,Zone_07,0.326,0.0495,0.0734,0.0647,0.0979,0.0344,0.0331,0.326,0.2684,0.0054,0.0472
CT015242,Zone_07,Zone_07,0.304,0.0413,0.0741,0.1067,0.1213,0.0426,0.0336,0.304,0.2093,0.0095,0.0576
CT007558,Zone_04,Zone_07,0.2468,0.0811,0.1352,0.0627,0.1268,0.0411,0.0305,0.2468,0.2037,0.0099,0.0621
CT018485,Zone_07,Zone_07,0.2601,0.0791,0.0778,0.0863,0.1592,0.042,0.0387,0.2601,0.1786,0.0055,0.0726
CT019026,Zone_07,Zone_07,0.3402,0.0803,0.0626,0.0954,0.097,0.0358,0.042,0.3402,0.1921,0.0073,0.0471
CT007057,Zone_07,Zone_07,0.2816,0.0714,0.0702,0.1006,0.1105,0.0403,0.0388,0.2816,0.2195,0.015,0.052
CT000573,Zone_08,Zone_07,0.2482,0.0488,0.079,0.0971,0.1233,0.0283,0.0525,0.2482,0.2222,0.0106,0.0901
CT004311,Zone_07,Zone_08,0.2979,0.0251,0.0517,0.0956,0.1626,0.0309,0.0314,0.2583,0.2979,0.0076,0.0389
CT010248,Zone_05,Zone_07,0.2662,0.0602,0.079,0.0666,0.1526,0.0508,0.0324,0.2662,0.2129,0.0142,0.0652
CT008680,Zone_07,Zone_07,0.26,0.0562,0.0561,0.1103,0.1388,0.0707,0.0294,0.26,0.2059,0.0083,0.0643
CT014852,Zone_07,Zone_07,0.2568,0.0591,0.0812,0.1149,0.1297,0.079,0.0359,0.2568,0.1792,0.0157,0.0486
CT009878,Zone_07,Zone_07,0.3331,0.0512,0.095,0.0695,0.1117,0.044,0.0341,0.3331,0.1767,0.002,0.0827
CT017732,Zone_02,Zone_07,0.2493,0.0408,0.1074,0.0966,0.1513,0.0483,0.0383,0.2493,0.2064,0.007,0.0546
CT012447,Zone_07,Zone_08,0.2554,0.0652,0.061,0.1027,0.1119,0.0421,0.0526,0.2281,0.2554,0.0143,0.0667
CT018192,Zone_03,Zone_08,0.2813,0.0652,0.0736,0.0864,0.1064,0.0358,0.0372,0.256,0.2813,0.0112,0.0469
CT014768,Zone_08,Zone_08,0.2462,0.0788,0.0663,0.1027,0.1508,0.0299,0.0421,0.2206,0.2462,0.01,0.0527
CT018980,Zone_08,Zone_07,0.2535,0.042,0.1163,0.0484,0.1469,0.0362,0.0307,0.2535,0.2457,0.0152,0.065
CT017075,Zone_08,Zone_07,0.2631,0.062,0.0918,0.1025,0.1259,0.0431,0.0314,0.2631,0.1979,0.0135,0.0688
CT010812,Zone_08,Zone_07,0.2579,0.0858,0.072,0.1419,0.1238,0.0389,0.0574,0.2579,0.1568,0.0148,0.0507
CT013717,Zone_08,Zone_07,0.3302,0.0567,0.0624,0.0919,0.165,0.0202,0.0401,0.3302,0.1668,0.0206,0.0461
CT012100,Zone_08,Zone_07,0.2702,0.0364,0.0816,0.0823,0.1864,0.0461,0.0233,0.2702,0.2023,0.0099,0.0614
CT002967,Zone_04,Zone_07,0.2818,0.0506,0.112,0.0759,0.0823,0.0383,0.0829,0.2818,0.1828,0.0129,0.0804
CT008202,Zone_10,Zone_07,0.3074,0.0579,0.0648,0.0835,0.1439,0.0348,0.0373,0.3074,0.2185,0.0089,0.0432
CT009506,Zone_08,Zone_07,0.3047,0.0396,0.0438,0.0753,0.1198,0.0423,0.0292,0.3047,0.27,0.0069,0.0683
CT018480,Zone_03,Zone_07,0.3475,0.0419,0.1273,0.0765,0.1081,0.0208,0.0238,0.3475,0.1799,0.0086,0.0656
CT009950,Zone_07,Zone_07,0.2863,0.0553,0.0693,0.1468,0.122,0.031,0.062,0.2863,0.1564,0.0153,0.0555
CT005137,Zone_02,Zone_07,0.2787,0.0405,0.0891,0.0516,0.1948,0.0119,0.0243,0.2787,0.1851,0.012,0.112
CT002043,Zone_08,Zone_07,0.2649,0.0637,0.0825,0.0711,0.1213,0.026,0.0663,0.2649,0.2095,0.0077,0.0871
CT006956,Zone_08,Zone_07,0.2413,0.0536,0.1114,0.0938,0.1111,0.0338,0.0476,0.2413,0.218,0.0076,0.0819
CT003442,Zone_01,Zone_07,0.2915,0.0489,0.0798,0.1015,0.123,0.0345,0.0539,0.2915,0.206,0.0085,0.0523
CT017824,Zone_07,Zone_07,0.33,0.0602,0.0575,0.0717,0.1552,0.0321,0.0334,0.33,0.2097,0.0055,0.0448
CT013005,Zone_08,Zone_07,0.2456,0.0354,0.0697,0.1135,0.1976,0.0266,0.0385,0.2456,0.2044,0.0115,0.0571
CT006435,Zone_07,Zone_07,0.3125,0.067,0.0621,0.0951,0.1089,0.0325,0.047,0.3125,0.1935,0.0059,0.0754
CT014886,Zone_07,Zone_08,0.2884,0.0587,0.0929,0.0759,0.1127,0.0433,0.0339,0.2534,0.2884,0.0062,0.0346
CT015690,Zone_10,Zone_07,0.253,0.0968,0.0538,0.0761,0.185,0.0231,0.0104,0.253,0.2087,0.0035,0.0896
CT019298,Zone_07,Zone_07,0.3721,0.0697,0.1209,0.0776,0.1823,0.0275,0.0213,0.3721,0.1014,0.0023,0.0248
CT001736,Zone_07,Zone_07,0.2337,0.0545,0.1073,0.0931,0.0884,0.0606,0.0409,0.2337,0.2219,0.0057,0.094
CT015709,Zone_04,Zone_07,0.2967,0.0586,0.0756,0.0936,0.145,0.0357,0.0363,0.2967,0.1983,0.0086,0.0515
CT018558,Zone_01,Zone_08,0.2101,0.0799,0.1069,0.1702,0.1167,0.0206,0.0452,0.1911,0.2101,0.0091,0.0503
CT012394,Zone_02,Zone_07,0.2542,0.0528,0.0738,0.1162,0.1155,0.0519,0.0378,0.2542,0.2333,0.0125,0.052
CT014824,Zone_06,Zone_07,0.2362,0.0282,0.0719,0.1239,0.1584,0.0519,0.0743,0.2362,0.16,0.0037,0.0915
CT012795,Zone_01,Zone_07,0.2887,0.0619,0.1199,0.0539,0.1219,0.0327,0.0322,0.2887,0.2412,0.0065,0.0412
CT005809,Zone_02,Zone_07,0.3211,0.045,0.0691,0.0668,0.1097,0.0245,0.0449,0.3211,0.2074,0.0073,0.1043
CT019615,Zone_04,Zone_08,0.2735,0.0512,0.067,0.0689,0.1532,0.0376,0.0246,0.2644,0.2735,0.0049,0.0546
CT014388,Zone_08,Zone_07,0.2727,0.076,0.0734,0.0847,0.1111,0.0341,0.0353,0.2727,0.2259,0.0104,0.0764
CT016434,Zone_06,Zone_07,0.2677,0.0493,0.0867,0.099,0.1157,0.027,0.0332,0.2677,0.2552,0.0073,0.0589
CT000327,Zone_07,Zone_07,0.2641,0.047,0.0869,0.0867,0.0933,0.0329,0.0336,0.2641,0.2497,0.0183,0.0876
CT013675,Zone_07,Zone_07,0.3257,0.0452,0.0856,0.091,0.1173,0.033,0.039,0.3257,0.2075,0.0072,0.0486
CT005286,Zone_03,Zone_08,0.2525,0.0504,0.0717,0.1406,0.1389,0.0207,0.0249,0.2172,0.2525,0.0251,0.0582
CT016966,Zone_07,Zone_07,0.2583,0.0595,0.0484,0.1151,0.2106,0.0547,0.0273,0.2583,0.1584,0.0075,0.0603
CT008176,Zone_06,Zone_07,0.2797,0.1116,0.0852,0.0945,0.1023,0.0304,0.0373,0.2797,0.1952,0.0107,0.053
CT008244,Zone_05,Zone_08,0.2492,0.0911,0.0667,0.1019,0.1511,0.0338,0.0227,0.2145,0.2492,0.0045,0.0645
CT002473,Zone_08,Zone_07,0.2729,0.0604,0.0673,0.072,0.1244,0.0617,0.0407,0.2729,0.2216,0.0051,0.0739
CT001855,Zone_07,Zone_07,0.2373,0.097,0.0633,0.0765,0.1393,0.0437,0.0456,0.2373,0.2201,0.0117,0.0656
CT005475,Zone_08,Zone_07,0.2427,0.0295,0.1183,0.0644,0.2014,0.0249,0.0626,0.2427,0.2104,0.0061,0.0397
CT015934,Zone_10,Zone_08,0.252,0.0511,0.1107,0.1014,0.1092,0.0368,0.0355,0.2365,0.252,0.0069,0.0599
CT006628,Zone_08,Zone_07,0.2371,0.0615,0.0826,0.1197,0.139,0.0388,0.038,0.2371,0.2217,0.0169,0.0447
CT012025,Zone_07,Zone_07,0.3193,0.0731,0.0521,0.079,0.1136,0.0328,0.0458,0.3193,0.2199,0.0132,0.0512
CT019266,Zone_06,Zone_08,0.2841,0.047,0.0793,0.0905,0.1039,0.0256,0.0331,0.2722,0.2841,0.0065,0.0578
CT010615,Zone_07,Zone_08,0.2859,0.0752,0.0776,0.0716,0.1636,0.0388,0.0485,0.1928,0.2859,0.0096,0.0364
CT009226,Zone_07,Zone_07,0.2869,0.078,0.0608,0.0861,0.1497,0.0273,0.0504,0.2869,0.1999,0.0078,0.0531
CT013100,Zone_05,Zone_07,0.2317,0.0773,0.0835,0.1056,0.1166,0.0439,0.0697,0.2317,0.2127,0.0119,0.0471
CT008225,Zone_04,Zone_07,0.3218,0.0458,0.074,0.0756,0.1277,0.0341,0.031,0.3218,0.2096,0.0158,0.0647
CT016089,Zone_07,Zone_07,0.2831,0.0306,0.1902,0.0889,0.1377,0.0296,0.0223,0.2831,0.0975,0.0117,0.1082
CT019846,Zone_04,Zone_07,0.3188,0.059,0.0741,0.078,0.1169,0.0418,0.0392,0.3188,0.2087,0.0098,0.0536
CT000487,Zone_08,Zone_07,0.2372,0.0535,0.0654,0.1185,0.1724,0.0335,0.045,0.2372,0.2126,0.0066,0.0552
CT015888,Zone_03,Zone_07,0.226,0.0476,0.0755,0.0771,0.1315,0.0481,0.0854,0.226,0.2174,0.0196,0.0718
CT012030,Zone_07,Zone_07,0.2419,0.0821,0.0968,0.1003,0.1512,0.0274,0.0339,0.2419,0.2064,0.0073,0.0527
CT002869,Zone_10,Zone_07,0.3095,0.0543,0.094,0.0665,0.1353,0.0399,0.0338,0.3095,0.1991,0.0104,0.0572
CT019107,Zone_07,Zone_07,0.2457,0.0425,0.0734,0.1108,0.1769,0.0244,0.0694,0.2457,0.1747,0.0195,0.0627
CT012004,Zone_09,Zone_07,0.3295,0.0622,0.0583,0.0736,0.101,0.0531,0.0791,0.3295,0.1849,0.019,0.0393
CT001056,Zone_08,Zone_07,0.3254,0.0905,0.0666,0.0832,0.13,0.0339,0.0293,0.3254,0.1675,0.0084,0.0652
CT015614,Zone_02,Zone_07,0.2551,0.1014,0.0853,0.1034,0.1026,0.0354,0.0087,0.2551,0.1888,0.0244,0.0947
CT011505,Zone_07,Zone_07,0.2703,0.0499,0.0739,0.0848,0.1289,0.0367,0.0339,0.2703,0.2433,0.0112,0.0671
CT019745,Zone_01,Zone_07,0.308,0.0474,0.0544,0.0738,0.096,0.0539,0.0485,0.308,0.2529,0.0111,0.054
CT019455,Zone_08,Zone_07,0.2899,0.066,0.0595,0.0931,0.1298,0.0387,0.039,0.2899,0.2193,0.0124,0.0524
CT005040,Zone_07,Zone_08,0.2347,0.0894,0.0822,0.0598,0.1875,0.0249,0.0742,0.1972,0.2347,0.0055,0.0447
CT008970,Zone_07,Zone_07,0.239,0.0714,0.0515,0.1009,0.2008,0.0531,0.0283,0.239,0.1813,0.0084,0.0651
CT009631,Zone_07,Zone_07,0.2265,0.0527,0.0726,0.1093,0.1576,0.0586,0.0412,0.2265,0.2038,0.0117,0.0661
CT013859,Zone_07,Zone_07,0.2799,0.0631,0.0592,0.0801,0.136,0.0579,0.0491,0.2799,0.2097,0.0128,0.0522
CT010244,Zone_04,Zone_07,0.2151,0.0787,0.062,0.1026,0.1773,0.0322,0.0377,0.2151,0.2077,0.0089,0.0778
CT002195,Zone_07,Zone_07,0.3513,0.0928,0.0512,0.0835,0.1179,0.0259,0.043,0.3513,0.1807,0.0118,0.0418
CT014923,Zone_05,Zone_08,0.2377,0.0661,0.083,0.0723,0.1661,0.0345,0.0584,0.2311,0.2377,0.0067,0.044
CT013754,Zone_03,Zone_07,0.3682,0.0545,0.0759,0.0813,0.145,0.0465,0.0241,0.3682,0.1389,0.0089,0.0567
CT009731,Zone_04,Zone_08,0.3337,0.0318,0.054,0.1021,0.0947,0.0269,0.0269,0.2525,0.3337,0.0077,0.0698
CT011796,Zone_08,Zone_07,0.3021,0.0733,0.0755,0.0714,0.1358,0.0519,0.0275,0.3021,0.1759,0.0115,0.075
CT008277,Zone_08,Zone_04,0.2065,0.0429,0.1055,0.0837,0.2065,0.0859,0.0504,0.1662,0.2062,0.0187,0.034
CT011177,Zone_08,Zone_07,0.2597,0.041,0.144,0.0499,0.1054,0.0432,0.0568,0.2597,0.2571,0.0085,0.0343
CT018164,Zone_07,Zone_07,0.2633,0.0777,0.0809,0.0871,0.0983,0.0312,0.0386,0.2633,0.2183,0.008,0.0967
CT015404,Zone_08,Zone_07,0.263,0.0875,0.1533,0.1604,0.0989,0.0277,0.0168,0.263,0.1359,0.0123,0.0442
CT011406,Zone_08,Zone_07,0.257,0.0581,0.0735,0.105,0.1292,0.0521,0.0351,0.257,0.2141,0.0103,0.0656
CT005337,Zone_08,Zone_07,0.2539,0.0747,0.0736,0.0822,0.175,0.0225,0.045,0.2539,0.185,0.0371,0.0511
CT013059,Zone_08,Zone_08,0.241,0.0597,0.1087,0.101,0.1247,0.03,0.039,0.2132,0.241,0.013,0.0699
CT019856,Zone_01,Zone_07,0.2402,0.0741,0.0683,0.0967,0.1265,0.0402,0.0384,0.2402,0.1987,0.0282,0.0888
CT015549,Zone_07,Zone_07,0.2588,0.0513,0.0918,0.1043,0.162,0.036,0.0256,0.2588,0.206,0.0105,0.0537
CT018322,Zone_08,Zone_08,0.2392,0.1154,0.0673,0.1,0.1007,0.0321,0.0502,0.2297,0.2392,0.0059,0.0594
CT015866,Zone_03,Zone_07,0.2729,0.0647,0.0994,0.095,0.1042,0.0307,0.0436,0.2729,0.2132,0.0079,0.0684
CT004840,Zone_03,Zone_07,0.2786,0.0756,0.0822,0.0954,0.1143,0.0261,0.0314,0.2786,0.212,0.0136,0.0708
CT019831,Zone_08,Zone_07,0.2352,0.0554,0.0796,0.1435,0.1015,0.0429,0.0312,0.2352,0.2348,0.0073,0.0686
CT000584,Zone_05,Zone_07,0.2593,0.0669,0.0646,0.1054,0.1261,0.0299,0.0409,0.2593,0.2493,0.0088,0.0489
CT002715,Zone_07,Zone_07,0.2848,0.0537,0.0563,0.0972,0.1652,0.0408,0.0463,0.2848,0.1808,0.0095,0.0655
CT008232,Zone_01,Zone_07,0.2826,0.0677,0.0867,0.1252,0.132,0.0254,0.0277,0.2826,0.19,0.0171,0.0455
CT013894,Zone_08,Zone_07,0.2709,0.1166,0.0713,0.0815,0.1558,0.0264,0.022,0.2709,0.1683,0.0139,0.0731
CT017287,Zone_07,Zone_07,0.3181,0.0685,0.1064,0.1019,0.0768,0.0265,0.0422,0.3181,0.2047,0.0112,0.0438
CT014399,Zone_01,Zone_07,0.233,0.04,0.0925,0.0813,0.1491,0.0538,0.0763,0.233,0.214,0.0044,0.0557
CT000737,Zone_01,Zone_08,0.2714,0.063,0.0672,0.0632,0.1593,0.0441,0.0552,0.1977,0.2714,0.0036,0.0754
CT002456,Zone_07,Zone_07,0.2781,0.0471,0.0576,0.0802,0.1703,0.0246,0.0888,0.2781,0.1933,0.0062,0.0537
CT007087,Zone_07,Zone_07,0.2478,0.0434,0.0575,0.1317,0.1704,0.0245,0.0488,0.2478,0.2075,0.0052,0.0634
CT018088,Zone_07,Zone_07,0.2641,0.0435,0.0548,0.092,0.1631,0.0755,0.0364,0.2641,0.2082,0.0169,0.0454
CT018167,Zone_10,Zone_08,0.2545,0.0588,0.0798,0.1052,0.0955,0.0336,0.0592,0.2376,0.2545,0.0135,0.0624
CT000427,Zone_04,Zone_08,0.3018,0.0601,0.0748,0.0643,0.1156,0.027,0.0195,0.2516,0.3018,0.0132,0.0721
CT008322,Zone_08,Zone_07,0.2798,0.0741,0.0824,0.0899,0.1104,0.0423,0.0343,0.2798,0.2189,0.0084,0.0594
CT010503,Zone_01,Zone_07,0.268,0.0776,0.0822,0.1003,0.1349,0.0224,0.0209,0.268,0.2,0.0052,0.0885
CT015277,Zone_01,Zone_07,0.315,0.0501,0.0596,0.0813,0.1364,0.0512,0.05,0.315,0.1864,0.0154,0.0545
CT011340,Zone_01,Zone_08,0.262,0.0473,0.0858,0.0683,0.1514,0.0455,0.0336,0.238,0.262,0.0089,0.0591
CT018592,Zone_04,Zone_07,0.3139,0.0494,0.0629,0.0809,0.1333,0.0534,0.0434,0.3139,0.2086,0.0058,0.0483
CT012430,Zone_08,Zone_07,0.2437,0.0616,0.0617,0.1136,0.1387,0.0424,0.0465,0.2437,0.2136,0.0087,0.0696
CT006697,Zone_04,Zone_08,0.2559,0.059,0.0633,0.0885,0.1316,0.0626,0.0512,0.2157,0.2559,0.0106,0.0616
CT008012,Zone_08,Zone_07,0.2979,0.0583,0.0753,0.0686,0.102,0.048,0.054,0.2979,0.2346,0.0192,0.0421
CT018561,Zone_08,Zone_07,0.2784,0.0737,0.0758,0.0949,0.1589,0.043,0.0317,0.2784,0.1687,0.0193,0.0556
CT002003,Zone_10,Zone_08,0.3022,0.0359,0.0624,0.1062,0.0724,0.0198,0.0394,0.2974,0.3022,0.0206,0.0438
CT017050,Zone_02,Zone_07,0.2423,0.0564,0.0895,0.1294,0.1014,0.0343,0.0408,0.2423,0.2314,0.0152,0.0592
CT004540,Zone_05,Zone_08,0.2845,0.0448,0.089,0.0625,0.1322,0.0464,0.054,0.2307,0.2845,0.0075,0.0485
CT002668,Zone_02,Zone_07,0.2655,0.0725,0.0542,0.1019,0.1319,0.0518,0.0225,0.2655,0.2236,0.0366,0.0397
CT001412,Zone_10,Zone_07,0.2705,0.0749,0.0731,0.0762,0.1112,0.0309,0.0558,0.2705,0.2303,0.011,0.0661
CT002754,Zone_03,Zone_07,0.2439,0.065,0.0761,0.101,0.1535,0.0435,0.0525,0.2439,0.1982,0.0049,0.0614
CT000839,Zone_08,Zone_07,0.2784,0.0605,0.103,0.0909,0.1681,0.0324,0.0325,0.2784,0.1572,0.0083,0.0686
CT002311,Zone_09,Zone_07,0.3732,0.064,0.0847,0.1029,0.102,0.0271,0.0257,0.3732,0.1448,0.0245,0.051
CT007775,Zone_08,Zone_07,0.312,0.083,0.0874,0.0811,0.1148,0.0257,0.0461,0.312,0.2058,0.0078,0.0364
CT017053,Zone_07,Zone_07,0.2393,0.0516,0.0639,0.0898,0.1747,0.0296,0.0456,0.2393,0.23,0.012,0.0635
CT008233,Zone_06,Zone_07,0.3117,0.0558,0.0706,0.0949,0.1463,0.0367,0.0259,0.3117,0.1919,0.0106,0.0556
CT011366,Zone_06,Zone_07,0.3226,0.0467,0.0728,0.0766,0.141,0.0531,0.0744,0.3226,0.172,0.0063,0.0344
CT010243,Zone_04,Zone_07,0.2953,0.0378,0.0662,0.072,0.097,0.0572,0.0602,0.2953,0.254,0.0056,0.0547
CT017671,Zone_08,Zone_07,0.3433,0.0504,0.0931,0.0981,0.2047,0.0174,0.025,0.3433,0.1286,0.0024,0.037
CT003248,Zone_07,Zone_07,0.3082,0.0723,0.07,0.1059,0.0939,0.0346,0.0454,0.3082,0.213,0.0078,0.049
CT007111,Zone_10,Zone_07,0.2648,0.0425,0.1103,0.0696,0.1211,0.0634,0.0466,0.2648,0.2281,0.0117,0.0419
CT016547,Zone_04,Zone_07,0.2717,0.0754,0.0588,0.0961,0.1398,0.0417,0.0388,0.2717,0.2186,0.0143,0.0448
CT009284,Zone_01,Zone_07,0.2306,0.0743,0.0685,0.1395,0.1547,0.0359,0.0666,0.2306,0.191,0.0034,0.0356
CT003263,Zone_02,Zone_07,0.287,0.054,0.0656,0.1209,0.1005,0.0303,0.043,0.287,0.2173,0.0071,0.0743
CT012936,Zone_04,Zone_07,0.2782,0.0632,0.0805,0.1125,0.168,0.0258,0.0296,0.2782,0.1861,0.0174,0.0386
CT004961,Zone_03,Zone_07,0.2425,0.0434,0.1282,0.0829,0.11,0.0586,0.0528,0.2425,0.2052,0.008,0.0684
CT008511,Zone_04,Zone_07,0.2693,0.0548,0.0561,0.0865,0.2065,0.0472,0.04,0.2693,0.1857,0.0079,0.046
CT012653,Zone_03,Zone_07,0.2789,0.0774,0.0789,0.0986,0.1322,0.0243,0.0549,0.2789,0.2035,0.0083,0.0431
CT013904,Zone_07,Zone_07,0.3224,0.0596,0.0659,0.0737,0.1221,0.0396,0.0314,0.3224,0.2186,0.0071,0.0595
CT004273,Zone_07,Zone_08,0.2381,0.0548,0.0888,0.0879,0.1126,0.0499,0.052,0.2243,0.2381,0.0105,0.0811
CT008118,Zone_04,Zone_08,0.2848,0.108,0.0642,0.0875,0.1061,0.0724,0.0352,0.1831,0.2848,0.0094,0.0493
CT008796,Zone_07,Zone_07,0.3149,0.0587,0.0732,0.1227,0.1193,0.0482,0.0443,0.3149,0.1543,0.0098,0.0547
CT019703,Zone_08,Zone_07,0.2531,0.1115,0.0876,0.0694,0.1398,0.0382,0.0416,0.2531,0.1918,0.0066,0.0605
CT005835,Zone_07,Zone_07,0.2673,0.0576,0.0965,0.0875,0.084,0.0494,0.039,0.2673,0.2361,0.0097,0.0728
CT014369,Zone_10,Zone_08,0.2828,0.0624,0.0559,0.0706,0.1551,0.04,0.0371,0.256,0.2828,0.0047,0.0355
CT003366,Zone_04,Zone_07,0.3753,0.0774,0.0982,0.0933,0.1488,0.0266,0.0223,0.3753,0.1102,0.0144,0.0334
CT010839,Zone_03,Zone_07,0.3258,0.0446,0.0667,0.1584,0.1006,0.0352,0.0262,0.3258,0.1698,0.01,0.0627
CT017418,Zone_07,Zone_07,0.3129,0.1357,0.0461,0.0397,0.11,0.051,0.0524,0.3129,0.2037,0.0056,0.0429
CT018039,Zone_07,Zone_08,0.2977,0.0602,0.0649,0.0666,0.1166,0.036,0.05,0.2509,0.2977,0.0071,0.0501
CT007267,Zone_04,Zone_08,0.2395,0.0584,0.1335,0.0638,0.1315,0.0824,0.0217,0.1992,0.2395,0.0171,0.0529
CT010795,Zone_03,Zone_07,0.3014,0.0542,0.0784,0.0899,0.1341,0.0359,0.0483,0.3014,0.1996,0.0078,0.0503
CT002191,Zone_03,Zone_07,0.2763,0.0344,0.13,0.0705,0.0805,0.0402,0.0436,0.2763,0.2551,0.007,0.0625
CT015316,Zone_07,Zone_08,0.2641,0.057,0.0689,0.0796,0.1203,0.0284,0.0402,0.2551,0.2641,0.0142,0.072
CT004035,Zone_03,Zone_07,0.268,0.1204,0.0902,0.0851,0.1483,0.039,0.0331,0.268,0.1725,0.0078,0.0357
CT008400,Zone_07,Zone_08,0.273,0.05,0.0649,0.0981,0.1311,0.0352,0.0388,0.237,0.273,0.0206,0.0515
CT015297,Zone_03,Zone_08,0.2305,0.0352,0.1208,0.0789,0.1531,0.0396,0.0659,0.2102,0.2305,0.0223,0.0436
CT016871,Zone_10,Zone_08,0.2911,0.0423,0.0504,0.0747,0.0934,0.0264,0.066,0.2901,0.2911,0.0129,0.0527
CT012611,Zone_07,Zone_07,0.2676,0.0579,0.0862,0.0891,0.1224,0.0352,0.0357,0.2676,0.232,0.0075,0.0664
CT018414,Zone_02,Zone_07,0.2456,0.0534,0.0626,0.0772,0.2226,0.0294,0.0238,0.2456,0.2086,0.0032,0.0736
CT017258,Zone_04,Zone_07,0.2829,0.0588,0.0998,0.1034,0.1054,0.0356,0.0388,0.2829,0.1986,0.0127,0.064
CT014932,Zone_01,Zone_07,0.2794,0.0728,0.0748,0.0955,0.1045,0.0256,0.0238,0.2794,0.2696,0.0085,0.0456
CT015310,Zone_04,Zone_08,0.2774,0.0607,0.0583,0.0839,0.147,0.026,0.0254,0.2514,0.2774,0.0099,0.0599
CT014226,Zone_10,Zone_07,0.2585,0.0668,0.0856,0.1104,0.1215,0.0502,0.0335,0.2585,0.2247,0.01,0.0389
CT010508,Zone_03,Zone_07,0.2528,0.0481,0.0879,0.0769,0.1367,0.0489,0.0392,0.2528,0.2424,0.0093,0.0578
CT006627,Zone_08,Zone_08,0.2681,0.0611,0.0878,0.0996,0.1092,0.036,0.0702,0.2081,0.2681,0.0111,0.0487
CT002688,Zone_08,Zone_07,0.3353,0.0513,0.0507,0.0649,0.1075,0.0257,0.0642,0.3353,0.2396,0.0101,0.0508
CT009669,Zone_06,Zone_08,0.2188,0.0515,0.0982,0.094,0.1386,0.0565,0.0499,0.2054,0.2188,0.015,0.072
CT012969,Zone_02,Zone_07,0.2386,0.0509,0.1043,0.0837,0.1351,0.0313,0.0481,0.2386,0.2165,0.0122,0.0793
CT018299,Zone_07,Zone_08,0.241,0.075,0.1022,0.0954,0.0864,0.042,0.0325,0.2345,0.241,0.0293,0.0617
CT011243,Zone_07,Zone_07,0.2317,0.0727,0.0755,0.0826,0.1013,0.0508,0.0619,0.2317,0.2185,0.033,0.0722
CT009304,Zone_07,Zone_07,0.2909,0.0556,0.0892,0.0661,0.1361,0.045,0.0618,0.2909,0.1973,0.0153,0.0428
CT007916,Zone_10,Zone_08,0.2758,0.0776,0.0763,0.0849,0.0962,0.0323,0.0531,0.242,0.2758,0.0131,0.0487
CT019588,Zone_04,Zone_08,0.1984,0.0465,0.1033,0.0981,0.166,0.0163,0.1065,0.1801,0.1984,0.0102,0.0746
CT004764,Zone_07,Zone_07,0.2566,0.0503,0.1665,0.1141,0.1292,0.0301,0.0293,0.2566,0.1725,0.0087,0.0426
CT011164,Zone_10,Zone_07,0.2523,0.0622,0.0826,0.0681,0.1453,0.0278,0.0439,0.2523,0.2452,0.007,0.0656
CT000371,Zone_07,Zone_08,0.2444,0.0741,0.0486,0.1183,0.1507,0.0439,0.0549,0.2145,0.2444,0.007,0.0435
CT009564,Zone_07,Zone_07,0.2608,0.0562,0.0754,0.0852,0.2217,0.0344,0.0384,0.2608,0.1553,0.0129,0.0598
CT015301,Zone_03,Zone_08,0.3241,0.0343,0.1086,0.0675,0.1282,0.0351,0.0462,0.1788,0.3241,0.0098,0.0673
CT003417,Zone_07,Zone_07,0.2607,0.0538,0.1172,0.0927,0.1144,0.0264,0.0432,0.2607,0.2345,0.0164,0.0407
CT002819,Zone_08,Zone_08,0.2553,0.0555,0.0629,0.0767,0.1279,0.0425,0.0807,0.2372,0.2553,0.0128,0.0485
CT017991,Zone_02,Zone_08,0.2557,0.0756,0.056,0.0774,0.1652,0.0316,0.012,0.253,0.2557,0.0218,0.0518
CT018277,Zone_04,Zone_07,0.2684,0.0417,0.096,0.0881,0.2153,0.0186,0.0644,0.2684,0.1348,0.01,0.0627
CT008207,Zone_05,Zone_07,0.2556,0.0782,0.1424,0.0626,0.1224,0.0471,0.0318,0.2556,0.2072,0.009,0.0439
CT002328,Zone_01,Zone_07,0.398,0.0614,0.072,0.1056,0.1019,0.0287,0.0253,0.398,0.1406,0.0071,0.0595
CT017127,Zone_04,Zone_07,0.256,0.0545,0.0835,0.1115,0.1267,0.0493,0.0373,0.256,0.2099,0.0088,0.0626
CT005729,Zone_06,Zone_07,0.2789,0.0589,0.0677,0.0608,0.204,0.0372,0.0328,0.2789,0.1988,0.0193,0.0418
CT006738,Zone_08,Zone_08,0.3125,0.073,0.0817,0.1344,0.0784,0.0302,0.0316,0.1823,0.3125,0.032,0.044
CT007313,Zone_08,Zone_07,0.2293,0.1088,0.0865,0.0573,0.1853,0.0321,0.0487,0.2293,0.1949,0.0176,0.0392
CT003514,Zone_10,Zone_07,0.3109,0.0498,0.0548,0.0946,0.1145,0.0293,0.0745,0.3109,0.1874,0.0069,0.0773
CT003779,Zone_07,Zone_07,0.2716,0.0865,0.0832,0.0798,0.1169,0.0254,0.0309,0.2716,0.2334,0.0102,0.062
CT010705,Zone_01,Zone_07,0.2564,0.0549,0.0718,0.1355,0.101,0.0247,0.0608,0.2564,0.2224,0.0098,0.0629
CT016455,Zone_03,Zone_07,0.2498,0.0621,0.0778,0.13,0.1196,0.0405,0.036,0.2498,0.2159,0.0112,0.0572
CT012672,Zone_06,Zone_07,0.2847,0.1054,0.0758,0.0768,0.0895,0.0422,0.0414,0.2847,0.2238,0.013,0.0475
CT000627,Zone_07,Zone_07,0.37,0.0738,0.0481,0.077,0.1375,0.0617,0.0218,0.37,0.1532,0.0132,0.0437
CT003870,Zone_08,Zone_08,0.2721,0.0469,0.0828,0.1018,0.1431,0.0188,0.0435,0.1961,0.2721,0.0209,0.0741
CT011939,Zone_04,Zone_07,0.31,0.046,0.0749,0.1393,0.1632,0.0349,0.0226,0.31,0.1533,0.0128,0.0431
CT016853,Zone_02,Zone_07,0.2633,0.087,0.0654,0.0659,0.1432,0.0329,0.0421,0.2633,0.2215,0.0336,0.045
CT017578,Zone_02,Zone_08,0.2561,0.0531,0.0557,0.0631,0.188,0.029,0.0592,0.2412,0.2561,0.0025,0.0522
CT012818,Zone_07,Zone_07,0.2785,0.0783,0.0962,0.0888,0.1477,0.0382,0.0388,0.2785,0.1381,0.0374,0.0582
CT012290,Zone_04,Zone_07,0.307,0.0595,0.0476,0.067,0.1061,0.0448,0.0459,0.307,0.2585,0.0071,0.0564
CT001289,Zone_08,Zone_07,0.2935,0.0732,0.0585,0.0707,0.1348,0.0484,0.0338,0.2935,0.2037,0.0195,0.064
CT018636,Zone_07,Zone_07,0.2891,0.0642,0.0724,0.0795,0.1158,0.0398,0.0477,0.2891,0.2175,0.0099,0.0642
CT018644,Zone_04,Zone_07,0.2878,0.057,0.0468,0.1215,0.1106,0.0567,0.048,0.2878,0.1922,0.0144,0.0649
CT002098,Zone_08,Zone_07,0.3067,0.0525,0.053,0.1026,0.1122,0.0237,0.027,0.3067,0.2272,0.0132,0.0817
CT010167,Zone_06,Zone_07,0.3524,0.0775,0.0581,0.0873,0.1838,0.0342,0.0335,0.3524,0.1066,0.0074,0.0592
CT015097,Zone_08,Zone_08,0.2884,0.0724,0.0674,0.0737,0.1152,0.0419,0.0541,0.2255,0.2884,0.0085,0.0529
CT019367,Zone_04,Zone_07,0.3275,0.0625,0.0875,0.0759,0.1227,0.038,0.0341,0.3275,0.1729,0.0145,0.0645
CT006704,Zone_03,Zone_08,0.2588,0.0697,0.0499,0.1078,0.1386,0.0459,0.0435,0.2264,0.2588,0.0067,0.0527
CT018113,Zone_08,Zone_07,0.3356,0.0797,0.0695,0.0792,0.1256,0.0288,0.0327,0.3356,0.162,0.0094,0.0776
CT007587,Zone_03,Zone_08,0.3086,0.0712,0.1179,0.0871,0.0695,0.044,0.0427,0.2063,0.3086,0.0066,0.0461
CT015729,Zone_06,Zone_07,0.3064,0.1029,0.0707,0.0766,0.148,0.0421,0.0344,0.3064,0.1771,0.0106,0.0314
CT006123,Zone_08,Zone_07,0.2922,0.1073,0.0752,0.0635,0.1154,0.0462,0.0529,0.2922,0.1647,0.0073,0.0754
CT008104,Zone_08,Zone_07,0.2987,0.0563,0.0899,0.0828,0.1286,0.0444,0.0422,0.2987,0.2012,0.0088,0.0472
CT011614,Zone_07,Zone_07,0.2951,0.0761,0.0789,0.0925,0.1613,0.0297,0.0301,0.2951,0.1689,0.0141,0.0532
CT012529,Zone_08,Zone_07,0.2714,0.0642,0.0617,0.0899,0.133,0.028,0.0446,0.2714,0.2348,0.0074,0.0651
CT005793,Zone_03,Zone_08,0.2668,0.0761,0.0603,0.1272,0.1301,0.0224,0.0265,0.2417,0.2668,0.0123,0.0366
CT010160,Zone_07,Zone_07,0.2522,0.0567,0.1207,0.0936,0.155,0.0213,0.0436,0.2522,0.1915,0.0146,0.0508
CT012390,Zone_07,Zone_07,0.2808,0.0608,0.1093,0.0786,0.1122,0.0363,0.0386,0.2808,0.2191,0.0076,0.0568
CT006317,Zone_08,Zone_08,0.3541,0.0491,0.0601,0.0669,0.1022,0.0368,0.058,0.2208,0.3541,0.0109,0.041
CT004354,Zone_02,Zone_07,0.2387,0.0654,0.0773,0.0839,0.1439,0.033,0.0637,0.2387,0.2249,0.0205,0.0486
CT018924,Zone_01,Zone_08,0.2461,0.051,0.0918,0.0786,0.1413,0.0356,0.0505,0.2416,0.2461,0.0168,0.0467
CT001710,Zone_04,Zone_08,0.2737,0.0488,0.0644,0.0962,0.1042,0.0368,0.038,0.2598,0.2737,0.0147,0.0633
CT009989,Zone_04,Zone_07,0.2907,0.0538,0.0504,0.1069,0.109,0.0385,0.0397,0.2907,0.2047,0.0076,0.0988
CT012517,Zone_07,Zone_08,0.2958,0.0458,0.0485,0.0893,0.104,0.0293,0.0266,0.2789,0.2958,0.004,0.0778
CT013695,Zone_01,Zone_07,0.2701,0.0612,0.077,0.1078,0.111,0.0366,0.0332,0.2701,0.2379,0.0143,0.051
CT004105,Zone_06,Zone_08,0.2934,0.0477,0.0869,0.0823,0.0813,0.0604,0.0302,0.2177,0.2934,0.0209,0.0792
CT001482,Zone_02,Zone_07,0.2534,0.053,0.0818,0.118,0.0969,0.0424,0.036,0.2534,0.2362,0.0318,0.0504
CT017599,Zone_03,Zone_07,0.2817,0.0585,0.052,0.0771,0.1601,0.0264,0.053,0.2817,0.2118,0.0071,0.0723
CT014961,Zone_04,Zone_08,0.2403,0.0657,0.0736,0.1065,0.1168,0.0469,0.0604,0.2245,0.2403,0.0113,0.0541
CT000886,Zone_05,Zone_07,0.2588,0.0379,0.121,0.0914,0.1142,0.0238,0.0952,0.2588,0.1707,0.0133,0.0738
CT003517,Zone_07,Zone_07,0.368,0.0577,0.0626,0.0837,0.1232,0.0327,0.0257,0.368,0.1912,0.0098,0.0454
CT007880,Zone_10,Zone_07,0.3736,0.0343,0.101,0.0981,0.1162,0.0267,0.0177,0.3736,0.1607,0.0089,0.0629
CT002883,Zone_07,Zone_07,0.2965,0.0606,0.0547,0.0576,0.1469,0.0351,0.0531,0.2965,0.2291,0.0177,0.0486
CT013795,Zone_04,Zone_07,0.4237,0.0563,0.0397,0.0452,0.0902,0.0423,0.0265,0.4237,0.2112,0.0022,0.0625
CT005089,Zone_10,Zone_07,0.2744,0.0448,0.0537,0.0966,0.141,0.0274,0.0405,0.2744,0.2422,0.0128,0.0667
CT015738,Zone_10,Zone_07,0.2495,0.0708,0.0866,0.0629,0.1614,0.0342,0.0332,0.2495,0.2197,0.0111,0.0705
CT006985,Zone_04,Zone_07,0.2845,0.0866,0.0965,0.0774,0.1106,0.0439,0.0229,0.2845,0.2251,0.0078,0.0447
CT010528,Zone_08,Zone_07,0.2763,0.0612,0.0489,0.0945,0.1148,0.0644,0.0465,0.2763,0.2256,0.0144,0.0535
CT001193,Zone_07,Zone_07,0.3022,0.0549,0.077,0.0886,0.13,0.0314,0.0419,0.3022,0.1682,0.0194,0.0863
CT008655,Zone_04,Zone_07,0.3094,0.0514,0.0638,0.0628,0.1572,0.032,0.0271,0.3094,0.2032,0.0298,0.0632
CT007655,Zone_01,Zone_07,0.3445,0.0539,0.1058,0.0603,0.1195,0.0245,0.0312,0.3445,0.1989,0.0046,0.0567
CT003460,Zone_07,Zone_08,0.2706,0.0641,0.1029,0.0816,0.0884,0.0471,0.0741,0.231,0.2706,0.0059,0.0342
CT012214,Zone_07,Zone_07,0.268,0.1257,0.0792,0.0547,0.0985,0.0353,0.0404,0.268,0.23,0.0184,0.0499
CT007427,Zone_09,Zone_08,0.2879,0.0782,0.0752,0.0728,0.1467,0.037,0.0378,0.2075,0.2879,0.0157,0.0413
CT005887,Zone_04,Zone_07,0.3287,0.0777,0.0756,0.0759,0.1257,0.0212,0.0437,0.3287,0.1717,0.0072,0.0726
CT012514,Zone_08,Zone_08,0.2966,0.0595,0.0587,0.0842,0.11,0.0293,0.0346,0.2644,0.2966,0.0181,0.0445
CT019565,Zone_03,Zone_07,0.2487,0.0516,0.1205,0.078,0.1417,0.0408,0.0573,0.2487,0.1886,0.0226,0.0502
CT008165,Zone_05,Zone_07,0.2764,0.0877,0.0736,0.1032,0.1228,0.0422,0.0318,0.2764,0.1932,0.0132,0.056
CT009647,Zone_08,Zone_07,0.2768,0.0597,0.0709,0.0974,0.0983,0.0343,0.0434,0.2768,0.2509,0.0071,0.0611
CT000822,Zone_08,Zone_07,0.2763,0.0721,0.0903,0.0801,0.1101,0.0405,0.0741,0.2763,0.1844,0.0107,0.0613
CT019069,Zone_07,Zone_07,0.4208,0.0684,0.051,0.0459,0.069,0.0252,0.0628,0.4208,0.1814,0.0062,0.0695
CT005639,Zone_02,Zone_07,0.3149,0.0968,0.0677,0.0755,0.1093,0.0241,0.036,0.3149,0.2308,0.0051,0.0399
CT014822,Zone_08,Zone_07,0.2352,0.1076,0.0581,0.0613,0.1619,0.0523,0.0597,0.2352,0.1862,0.0259,0.0519
CT003142,Zone_01,Zone_08,0.278,0.104,0.1088,0.0582,0.0906,0.0349,0.0264,0.2037,0.278,0.0267,0.0686
CT019976,Zone_05,Zone_07,0.3093,0.0705,0.0659,0.1016,0.1025,0.0449,0.0289,0.3093,0.2171,0.0097,0.0497
CT019278,Zone_08,Zone_07,0.3296,0.0549,0.0864,0.0757,0.1095,0.0211,0.0523,0.3296,0.1865,0.0172,0.0668
CT002975,Zone_07,Zone_07,0.2838,0.0575,0.0452,0.0996,0.138,0.0235,0.024,0.2838,0.2642,0.0042,0.06
CT018639,Zone_08,Zone_07,0.3592,0.0754,0.0941,0.0605,0.0967,0.0402,0.0162,0.3592,0.1328,0.0452,0.0798
CT004502,Zone_08,Zone_08,0.237,0.0811,0.0839,0.1307,0.0822,0.0424,0.0411,0.2182,0.237,0.0077,0.0756
CT006537,Zone_03,Zone_08,0.2663,0.0947,0.0425,0.0755,0.1281,0.0211,0.0516,0.2615,0.2663,0.0062,0.0524
CT014690,Zone_07,Zone_07,0.3135,0.0765,0.0753,0.1246,0.1421,0.0352,0.0272,0.3135,0.1444,0.0135,0.0477
CT012345,Zone_07,Zone_07,0.3052,0.0318,0.0461,0.1209,0.1118,0.0273,0.027,0.3052,0.2236,0.0177,0.0885
CT002046,Zone_02,Zone_07,0.2573,0.0711,0.0781,0.0984,0.1272,0.0477,0.0492,0.2573,0.1894,0.0163,0.0654
CT011364,Zone_04,Zone_08,0.277,0.0776,0.0817,0.0716,0.1259,0.0275,0.0403,0.2552,0.277,0.0077,0.0355
CT016376,Zone_07,Zone_07,0.3194,0.0655,0.0506,0.1022,0.161,0.0265,0.0185,0.3194,0.1985,0.0194,0.0385
CT017115,Zone_04,Zone_08,0.3678,0.0554,0.082,0.086,0.104,0.0334,0.0362,0.1581,0.3678,0.0127,0.0644
CT010478,Zone_08,Zone_08,0.2474,0.0526,0.0718,0.1161,0.1226,0.0409,0.0361,0.2387,0.2474,0.0074,0.0664
CT003125,Zone_01,Zone_08,0.378,0.0663,0.0756,0.0476,0.1343,0.0327,0.0235,0.1769,0.378,0.002,0.0631
CT010142,Zone_07,Zone_07,0.31,0.0565,0.0611,0.0751,0.0899,0.0355,0.0403,0.31,0.2841,0.0054,0.042
CT016566,Zone_08,Zone_07,0.3044,0.047,0.0503,0.1014,0.1178,0.0457,0.0343,0.3044,0.2197,0.0094,0.0699
CT018608,Zone_08,Zone_07,0.3293,0.0661,0.0612,0.0752,0.1108,0.0315,0.0403,0.3293,0.2157,0.0107,0.0591
CT002021,Zone_07,Zone_07,0.2945,0.0558,0.0651,0.0917,0.145,0.0315,0.0628,0.2945,0.1917,0.0216,0.0403
CT006610,Zone_02,Zone_08,0.2465,0.0541,0.082,0.063,0.1362,0.0561,0.0373,0.2273,0.2465,0.0303,0.0672
CT016630,Zone_02,Zone_07,0.2685,0.0482,0.0871,0.07,0.1292,0.0531,0.057,0.2685,0.2183,0.0105,0.058
CT001696,Zone_08,Zone_07,0.2183,0.0768,0.0841,0.0945,0.171,0.0555,0.0309,0.2183,0.1913,0.0041,0.0733
CT017528,Zone_07,Zone_07,0.3559,0.0529,0.0606,0.0944,0.0778,0.0452,0.0214,0.3559,0.2169,0.0137,0.0611
CT009106,Zone_08,Zone_08,0.2361,0.0422,0.0838,0.0994,0.1328,0.0508,0.0864,0.214,0.2361,0.0056,0.049
CT018103,Zone_03,Zone_07,0.2814,0.0597,0.08,0.0765,0.157,0.0345,0.0347,0.2814,0.1911,0.0201,0.0649
CT016471,Zone_05,Zone_08,0.223,0.1116,0.0848,0.0628,0.1839,0.044,0.0437,0.2026,0.223,0.0049,0.0387
CT014430,Zone_07,Zone_07,0.3529,0.0777,0.0812,0.0704,0.1093,0.0258,0.0244,0.3529,0.1917,0.0035,0.0632
CT010898,Zone_07,Zone_07,0.2423,0.0547,0.0922,0.0758,0.1334,0.06,0.0338,0.2423,0.22,0.0213,0.0665
CT016542,Zone_08,Zone_08,0.2734,0.0563,0.0685,0.1024,0.1396,0.0322,0.0665,0.1904,0.2734,0.0136,0.057
CT014322,Zone_08,Zone_08,0.3165,0.0516,0.0644,0.0981,0.0861,0.0459,0.0341,0.2251,0.3165,0.0244,0.0537
CT019318,Zone_03,Zone_07,0.2701,0.0758,0.0687,0.114,0.126,0.0455,0.0598,0.2701,0.1861,0.0073,0.0467
CT003741,Zone_01,Zone_07,0.2751,0.0679,0.0632,0.0764,0.1005,0.0335,0.0484,0.2751,0.2665,0.0115,0.0571
CT012190,Zone_03,Zone_07,0.2828,0.0684,0.0689,0.0886,0.1151,0.0486,0.0281,0.2828,0.2123,0.0098,0.0773
CT004990,Zone_03,Zone_08,0.2611,0.069,0.0844,0.0827,0.1259,0.0322,0.0646,0.2124,0.2611,0.0088,0.0589
CT010139,Zone_05,Zone_08,0.264,0.0662,0.0566,0.1063,0.1248,0.0357,0.0432,0.2409,0.264,0.0083,0.0541
CT009829,Zone_08,Zone_07,0.2912,0.0477,0.0382,0.0604,0.171,0.0578,0.1239,0.2912,0.1695,0.0091,0.0314
CT014161,Zone_08,Zone_07,0.2639,0.0725,0.1043,0.0844,0.1129,0.0292,0.0649,0.2639,0.1524,0.0053,0.1102
CT006238,Zone_08,Zone_08,0.2615,0.0629,0.0796,0.0952,0.1333,0.0293,0.0438,0.2216,0.2615,0.0146,0.0581
CT014687,Zone_01,Zone_07,0.2403,0.0593,0.0509,0.1059,0.1174,0.0342,0.078,0.2403,0.237,0.0108,0.066
CT004295,Zone_07,Zone_08,0.3079,0.0591,0.073,0.0711,0.147,0.0547,0.0325,0.1751,0.3079,0.0078,0.0718
CT010359,Zone_08,Zone_07,0.3126,0.0557,0.0664,0.0781,0.1183,0.0316,0.0404,0.3126,0.2391,0.0126,0.0452
CT012143,Zone_07,Zone_07,0.3038,0.0725,0.076,0.091,0.1163,0.0384,0.0338,0.3038,0.1995,0.0089,0.0599
CT002818,Zone_07,Zone_08,0.227,0.0517,0.0759,0.1046,0.1711,0.0294,0.0485,0.2198,0.227,0.0139,0.0581
CT002169,Zone_04,Zone_07,0.3478,0.0559,0.0525,0.1011,0.0958,0.0213,0.0689,0.3478,0.1889,0.0009,0.067
CT011079,Zone_01,Zone_07,0.2249,0.0328,0.0713,0.0908,0.178,0.0448,0.0844,0.2249,0.222,0.0038,0.0472
CT010915,Zone_10,Zone_07,0.2763,0.0648,0.0595,0.0843,0.1112,0.0209,0.043,0.2763,0.2324,0.0125,0.0951
CT009010,Zone_02,Zone_08,0.3726,0.0409,0.0542,0.0742,0.1219,0.0185,0.0415,0.2404,0.3726,0.0019,0.0337
CT019178,Zone_03,Zone_07,0.2753,0.0678,0.0683,0.0858,0.1426,0.0358,0.032,0.2753,0.2272,0.0161,0.0492
CT008347,Zone_08,Zone_07,0.3478,0.0628,0.0677,0.0711,0.1212,0.0291,0.0414,0.3478,0.1845,0.0131,0.0612
CT013132,Zone_07,Zone_07,0.3197,0.0355,0.0773,0.0971,0.1294,0.0366,0.029,0.3197,0.2037,0.0079,0.064
CT003956,Zone_07,Zone_04,0.2367,0.0482,0.0538,0.1247,0.2367,0.0342,0.0345,0.2304,0.1856,0.0047,0.0472
CT012468,Zone_03,Zone_07,0.2924,0.0526,0.0746,0.0758,0.1263,0.0333,0.0554,0.2924,0.2082,0.0123,0.069
CT009678,Zone_08,Zone_07,0.2512,0.0529,0.0741,0.0781,0.1353,0.0465,0.0379,0.2512,0.2379,0.0065,0.0795
CT004308,Zone_04,Zone_07,0.2884,0.0466,0.0828,0.1514,0.1481,0.0478,0.0486,0.2884,0.1445,0.0066,0.0351
CT014919,Zone_07,Zone_08,0.2306,0.0468,0.0709,0.2029,0.0902,0.0239,0.0318,0.2235,0.2306,0.0148,0.0646
CT002891,Zone_03,Zone_07,0.3316,0.0594,0.0802,0.0953,0.0964,0.0474,0.0281,0.3316,0.1585,0.0044,0.0986
CT004875,Zone_07,Zone_07,0.342,0.053,0.0635,0.08,0.1048,0.0319,0.0411,0.342,0.1972,0.0076,0.0788
CT004176,Zone_07,Zone_07,0.246,0.062,0.0916,0.0846,0.1538,0.0374,0.0359,0.246,0.2298,0.0124,0.0465
CT006787,Zone_08,Zone_07,0.3321,0.0601,0.1027,0.0801,0.0722,0.0418,0.0352,0.3321,0.2016,0.0212,0.0529
CT014596,Zone_08,Zone_08,0.3554,0.0539,0.0801,0.0914,0.1244,0.0248,0.0495,0.1843,0.3554,0.0073,0.0288
CT019773,Zone_07,Zone_07,0.3414,0.0471,0.0552,0.1123,0.0899,0.0453,0.0836,0.3414,0.1612,0.0156,0.0485
CT003083,Zone_08,Zone_07,0.3495,0.079,0.0809,0.0674,0.1024,0.0293,0.0384,0.3495,0.1881,0.0106,0.0544
CT013466,Zone_02,Zone_08,0.328,0.0537,0.0685,0.0739,0.137,0.0217,0.0424,0.2333,0.328,0.0038,0.0377
CT008204,Zone_08,Zone_07,0.2694,0.0454,0.0538,0.1544,0.1612,0.0378,0.03,0.2694,0.197,0.008,0.043
CT017426,Zone_06,Zone_08,0.2809,0.0542,0.061,0.1,0.0959,0.0558,0.0645,0.2323,0.2809,0.0078,0.0477
CT005764,Zone_10,Zone_07,0.2941,0.0532,0.1128,0.0906,0.097,0.0313,0.0926,0.2941,0.179,0.0066,0.0428
CT004184,Zone_08,Zone_07,0.4285,0.0681,0.0533,0.102,0.0947,0.0292,0.0233,0.4285,0.1403,0.0133,0.0473
CT016110,Zone_06,Zone_07,0.3453,0.0503,0.0513,0.1169,0.0781,0.044,0.0608,0.3453,0.1687,0.0133,0.0713
CT005712,Zone_07,Zone_08,0.3014,0.0681,0.0754,0.0864,0.119,0.0261,0.0401,0.2194,0.3014,0.0191,0.045
CT003240,Zone_04,Zone_07,0.2928,0.0791,0.0736,0.1157,0.1143,0.0318,0.0342,0.2928,0.197,0.0128,0.0487
CT009098,Zone_05,Zone_07,0.285,0.0648,0.0842,0.098,0.119,0.0427,0.0517,0.285,0.1782,0.0097,0.0667
CT019193,Zone_08,Zone_07,0.2739,0.0351,0.0924,0.0678,0.0995,0.0411,0.0553,0.2739,0.2697,0.0067,0.0585
CT006023,Zone_03,Zone_07,0.276,0.0603,0.0837,0.096,0.1077,0.0445,0.0438,0.276,0.2195,0.0121,0.0565
CT011941,Zone_07,Zone_07,0.3141,0.0612,0.1178,0.0835,0.1253,0.0231,0.0424,0.3141,0.161,0.0088,0.0629
CT011593,Zone_06,Zone_07,0.3383,0.048,0.0693,0.0758,0.1473,0.0334,0.0402,0.3383,0.17,0.0132,0.0645
CT001697,Zone_01,Zone_08,0.2727,0.046,0.079,0.0667,0.138,0.0411,0.0519,0.2428,0.2727,0.0066,0.0553
CT013413,Zone_08,Zone_08,0.2692,0.0516,0.0755,0.098,0.1069,0.0394,0.0532,0.2384,0.2692,0.0078,0.06
CT016404,Zone_07,Zone_08,0.2587,0.0655,0.0826,0.109,0.1166,0.0493,0.0435,0.2143,0.2587,0.0104,0.0502
CT016903,Zone_08,Zone_07,0.2671,0.0526,0.0807,0.1356,0.145,0.0396,0.0608,0.2671,0.1546,0.0067,0.0574
CT005401,Zone_07,Zone_07,0.2999,0.0902,0.083,0.0805,0.1514,0.0312,0.0351,0.2999,0.1515,0.0065,0.0707
CT012368,Zone_01,Zone_07,0.2842,0.0706,0.0907,0.0774,0.1312,0.0408,0.0359,0.2842,0.1961,0.0182,0.055
CT006162,Zone_07,Zone_07,0.2392,0.0382,0.0709,0.1168,0.1472,0.055,0.0255,0.2392,0.219,0.0294,0.0587
CT002773,Zone_07,Zone_07,0.2876,0.0743,0.0596,0.0897,0.1295,0.0407,0.0425,0.2876,0.2224,0.0073,0.0464
CT003352,Zone_03,Zone_07,0.2587,0.101,0.0712,0.0871,0.1322,0.0318,0.0461,0.2587,0.2025,0.0102,0.0592
CT011647,Zone_08,Zone_07,0.2711,0.0496,0.0748,0.1311,0.1014,0.0545,0.0632,0.2711,0.202,0.0091,0.0432
CT014740,Zone_07,Zone_07,0.2532,0.0744,0.1146,0.1142,0.1125,0.0321,0.0326,0.2532,0.2104,0.0064,0.0496
CT011561,Zone_07,Zone_07,0.2815,0.0715,0.0594,0.075,0.1232,0.0503,0.0447,0.2815,0.2265,0.0104,0.0576
CT019624,Zone_03,Zone_08,0.2769,0.0526,0.0695,0.0704,0.1903,0.026,0.0337,0.2208,0.2769,0.0301,0.0297
CT009604,Zone_05,Zone_08,0.2593,0.0576,0.0881,0.1043,0.108,0.0426,0.0458,0.2178,0.2593,0.0081,0.0685
CT004121,Zone_10,Zone_07,0.2974,0.0851,0.0657,0.0732,0.1359,0.032,0.0508,0.2974,0.1834,0.0112,0.0652
CT002436,Zone_10,Zone_07,0.2974,0.0523,0.0737,0.088,0.1271,0.0289,0.0359,0.2974,0.2071,0.0194,0.0703
CT016317,Zone_08,Zone_08,0.2722,0.0443,0.0726,0.0861,0.1325,0.0352,0.0395,0.2005,0.2722,0.0234,0.0936
CT001303,Zone_07,Zone_07,0.2729,0.0856,0.0536,0.1447,0.1686,0.0285,0.0154,0.2729,0.1982,0.0123,0.0201
CT014955,Zone_07,Zone_07,0.274,0.0724,0.0827,0.0914,0.1212,0.0244,0.0385,0.274,0.1937,0.0196,0.0821
CT003109,Zone_01,Zone_07,0.3015,0.0711,0.0762,0.0868,0.1213,0.0374,0.0367,0.3015,0.1974,0.0101,0.0616
CT014514,Zone_07,Zone_07,0.2299,0.0669,0.0776,0.0979,0.182,0.0437,0.0327,0.2299,0.1972,0.0088,0.0633
CT015660,Zone_07,Zone_07,0.295,0.0608,0.0512,0.0973,0.1438,0.0364,0.036,0.295,0.2067,0.018,0.055
CT001169,Zone_07,Zone_07,0.262,0.061,0.0863,0.1083,0.1345,0.0348,0.0534,0.262,0.219,0.005,0.0356
CT016196,Zone_08,Zone_07,0.275,0.088,0.0812,0.0721,0.1316,0.0276,0.0253,0.275,0.2446,0.0149,0.0397
CT003239,Zone_04,Zone_07,0.298,0.1118,0.0386,0.0563,0.1677,0.0323,0.0298,0.298,0.1818,0.0075,0.0761
CT009944,Zone_07,Zone_07,0.2566,0.0708,0.0601,0.0952,0.1263,0.0507,0.0382,0.2566,0.2149,0.0067,0.0806
CT005272,Zone_07,Zone_08,0.212,0.0672,0.0998,0.1012,0.125,0.0356,0.0556,0.2072,0.212,0.0079,0.0885
CT008716,Zone_02,Zone_08,0.2782,0.0666,0.0854,0.0805,0.1421,0.0333,0.026,0.2276,0.2782,0.0165,0.0439
CT013102,Zone_03,Zone_08,0.2472,0.053,0.0762,0.102,0.1245,0.0463,0.0479,0.2254,0.2472,0.0092,0.0684
CT004460,Zone_07,Zone_08,0.2613,0.0899,0.064,0.0421,0.1349,0.0355,0.0651,0.2509,0.2613,0.0063,0.05
CT001005,Zone_08,Zone_07,0.2529,0.0717,0.0776,0.0638,0.1994,0.0366,0.0287,0.2529,0.2034,0.0095,0.0564
CT008089,Zone_08,Zone_07,0.3177,0.0458,0.0667,0.0739,0.1361,0.0238,0.0439,0.3177,0.2585,0.0066,0.027
CT019203,Zone_04,Zone_07,0.305,0.0459,0.0788,0.118,0.117,0.0593,0.0499,0.305,0.168,0.0088,0.0493
CT005305,Zone_02,Zone_07,0.3489,0.0529,0.0629,0.0679,0.1116,0.0436,0.032,0.3489,0.1907,0.0138,0.0757
CT001744,Zone_10,Zone_08,0.2299,0.0423,0.1046,0.1409,0.1175,0.0302,0.0425,0.2247,0.2299,0.0082,0.0593
CT009339,Zone_08,Zone_07,0.275,0.0601,0.0851,0.0819,0.1223,0.0323,0.0358,0.275,0.2287,0.009,0.0698
CT016789,Zone_07,Zone_07,0.301,0.0822,0.0708,0.0934,0.1088,0.0294,0.052,0.301,0.172,0.007,0.0834
CT016552,Zone_07,Zone_07,0.2738,0.0523,0.1129,0.0869,0.1446,0.0264,0.0412,0.2738,0.1925,0.0122,0.0572
CT007964,Zone_08,Zone_07,0.3437,0.0641,0.0746,0.0719,0.1234,0.044,0.0317,0.3437,0.1547,0.014,0.0779
CT001142,Zone_07,Zone_07,0.3189,0.0629,0.0811,0.0815,0.1569,0.0277,0.0446,0.3189,0.1463,0.0075,0.0725
CT019606,Zone_07,Zone_07,0.3852,0.079,0.0372,0.0524,0.1536,0.0173,0.0331,0.3852,0.1696,0.0069,0.0658
CT004707,Zone_03,Zone_08,0.2869,0.1016,0.0886,0.0897,0.064,0.0409,0.0302,0.2118,0.2869,0.0221,0.0642
CT005179,Zone_07,Zone_07,0.2845,0.0708,0.0726,0.0935,0.1294,0.0371,0.038,0.2845,0.2004,0.0074,0.0663
CT006858,Zone_04,Zone_07,0.2858,0.0582,0.0684,0.1088,0.1575,0.0318,0.0699,0.2858,0.1629,0.0118,0.045
CT000205,Zone_02,Zone_08,0.2415,0.0736,0.0951,0.0982,0.1175,0.0218,0.0483,0.2271,0.2415,0.0057,0.0711
CT012970,Zone_05,Zone_07,0.2432,0.0688,0.0768,0.0762,0.1498,0.0344,0.0288,0.2432,0.2346,0.0159,0.0714
CT007943,Zone_08,Zone_07,0.2682,0.0561,0.0956,0.0737,0.1401,0.0523,0.0403,0.2682,0.1735,0.0184,0.0819
CT003592,Zone_04,Zone_08,0.3127,0.029,0.1019,0.0836,0.1447,0.0254,0.0522,0.1858,0.3127,0.0153,0.0495
CT002483,Zone_03,Zone_07,0.2702,0.0692,0.0784,0.07,0.129,0.0388,0.0382,0.2702,0.226,0.0134,0.0668
CT009311,Zone_01,Zone_07,0.2662,0.0505,0.0822,0.1275,0.1294,0.0392,0.0582,0.2662,0.1722,0.0178,0.0567
CT010354,Zone_07,Zone_07,0.2483,0.0692,0.1076,0.0886,0.1611,0.0306,0.0394,0.2483,0.17,0.016,0.0692
CT005979,Zone_03,Zone_07,0.2773,0.0467,0.0604,0.0848,0.1142,0.0202,0.0557,0.2773,0.2751,0.0141,0.0515
CT001453,Zone_07,Zone_07,0.3396,0.0479,0.0786,0.1519,0.0905,0.0212,0.0208,0.3396,0.1938,0.0058,0.0498
CT017140,Zone_01,Zone_07,0.2935,0.0394,0.0689,0.109,0.161,0.0186,0.0421,0.2935,0.1949,0.0177,0.0549
CT005952,Zone_08,Zone_07,0.2832,0.0937,0.1221,0.0814,0.091,0.0401,0.0581,0.2832,0.1473,0.0063,0.077
CT008506,Zone_04,Zone_07,0.273,0.0649,0.0644,0.0965,0.1382,0.0332,0.0418,0.273,0.2111,0.0085,0.0685
CT011785,Zone_07,Zone_07,0.2738,0.1368,0.0561,0.1083,0.1168,0.036,0.0593,0.2738,0.1584,0.0167,0.0378
CT001918,Zone_08,Zone_07,0.2879,0.0654,0.069,0.0917,0.112,0.0375,0.0415,0.2879,0.218,0.0093,0.0677
CT009736,Zone_08,Zone_07,0.3009,0.0577,0.0682,0.1173,0.1317,0.0348,0.0371,0.3009,0.188,0.0057,0.0585
CT004706,Zone_04,Zone_07,0.4172,0.0886,0.0566,0.0495,0.0958,0.046,0.0466,0.4172,0.1338,0.0076,0.0585
CT005903,Zone_03,Zone_08,0.2633,0.0485,0.057,0.0673,0.1231,0.0418,0.097,0.2513,0.2633,0.008,0.0427
CT002576,Zone_08,Zone_08,0.3178,0.0417,0.0878,0.1045,0.1093,0.026,0.0672,0.1941,0.3178,0.005,0.0465
CT013165,Zone_04,Zone_07,0.2663,0.0631,0.1128,0.0902,0.1576,0.0187,0.0441,0.2663,0.1661,0.007,0.074
CT010026,Zone_03,Zone_07,0.3658,0.0482,0.0663,0.0913,0.1068,0.0475,0.0669,0.3658,0.148,0.0047,0.0546
CT002036,Zone_07,Zone_07,0.2393,0.079,0.1448,0.0659,0.1206,0.0527,0.0252,0.2393,0.2139,0.0091,0.0497
CT010975,Zone_07,Zone_07,0.2516,0.0622,0.0987,0.1008,0.1164,0.0362,0.0381,0.2516,0.2369,0.0138,0.0452
CT018960,Zone_04,Zone_07,0.2463,0.0634,0.0775,0.0915,0.1521,0.0439,0.0476,0.2463,0.2081,0.01,0.0597
CT000500,Zone_07,Zone_07,0.2826,0.0788,0.075,0.0794,0.1334,0.0368,0.0483,0.2826,0.1894,0.019,0.0571
CT004778,Zone_03,Zone_08,0.292,0.0837,0.0687,0.0763,0.0662,0.0463,0.0433,0.2692,0.292,0.0109,0.0434
CT005045,Zone_04,Zone_07,0.3013,0.0338,0.0721,0.0937,0.1468,0.0377,0.054,0.3013,0.2047,0.0143,0.0416
CT008137,Zone_07,Zone_07,0.246,0.1397,0.0482,0.0715,0.122,0.0365,0.0482,0.246,0.1959,0.0079,0.084
CT007134,Zone_08,Zone_07,0.2889,0.0634,0.0749,0.0978,0.1515,0.0301,0.0347,0.2889,0.1908,0.0094,0.0586
CT011170,Zone_07,Zone_08,0.2444,0.0399,0.1331,0.1374,0.0796,0.007,0.0536,0.2436,0.2444,0.0085,0.0528
CT000797,Zone_02,Zone_08,0.2332,0.0687,0.1047,0.0902,0.1153,0.031,0.0614,0.231,0.2332,0.0137,0.0508
CT009627,Zone_01,Zone_08,0.2122,0.0431,0.1363,0.1508,0.1074,0.0446,0.0336,0.2054,0.2122,0.0088,0.0579
CT006074,Zone_01,Zone_07,0.2808,0.0638,0.1406,0.1112,0.0627,0.0454,0.0365,0.2808,0.2263,0.0033,0.0294
CT013382,Zone_08,Zone_07,0.228,0.044,0.0813,0.072,0.1327,0.0641,0.0346,0.228,0.2088,0.0101,0.1244
CT003550,Zone_07,Zone_07,0.2889,0.0679,0.0611,0.0911,0.0917,0.0276,0.0391,0.2889,0.2609,0.0092,0.0624
CT007020,Zone_08,Zone_07,0.2555,0.0416,0.0705,0.0854,0.128,0.0443,0.0506,0.2555,0.2515,0.0083,0.0641
CT011897,Zone_04,Zone_07,0.374,0.0545,0.0947,0.0832,0.1046,0.0254,0.0349,0.374,0.1805,0.0086,0.0398
CT017288,Zone_07,Zone_07,0.3126,0.0358,0.0825,0.0734,0.1427,0.0366,0.0577,0.3126,0.201,0.0179,0.0398
CT007030,Zone_06,Zone_07,0.2848,0.0512,0.0801,0.0912,0.1089,0.0298,0.0293,0.2848,0.2534,0.0093,0.0621
CT000342,Zone_10,Zone_07,0.2775,0.0477,0.0955,0.0748,0.1071,0.036,0.06,0.2775,0.1924,0.0163,0.0928
CT019378,Zone_10,Zone_07,0.2924,0.0532,0.0507,0.1674,0.1167,0.0278,0.0422,0.2924,0.1627,0.0085,0.0784
CT004858,Zone_07,Zone_07,0.2954,0.0668,0.0807,0.0907,0.1144,0.0569,0.0349,0.2954,0.2073,0.0106,0.0423
CT000135,Zone_08,Zone_07,0.3068,0.0498,0.0744,0.0511,0.1355,0.0231,0.0235,0.3068,0.2042,0.0175,0.114
CT000204,Zone_03,Zone_07,0.3417,0.0667,0.0614,0.0619,0.1276,0.0532,0.0624,0.3417,0.1483,0.022,0.0547
CT012579,Zone_04,Zone_07,0.279,0.0278,0.1133,0.0678,0.0791,0.0392,0.0345,0.279,0.2657,0.0094,0.0842
CT006862,Zone_06,Zone_08,0.3025,0.1003,0.0644,0.0951,0.0809,0.0458,0.024,0.2262,0.3025,0.0165,0.0442
CT018247,Zone_08,Zone_07,0.365,0.0727,0.0539,0.0566,0.161,0.0243,0.0255,0.365,0.1543,0.0113,0.0755
CT002023,Zone_02,Zone_07,0.2473,0.0522,0.1737,0.038,0.1193,0.0479,0.0641,0.2473,0.209,0.0083,0.0402
CT005972,Zone_02,Zone_07,0.2536,0.0507,0.1055,0.0828,0.1584,0.034,0.044,0.2536,0.224,0.0087,0.0385
CT006911,Zone_07,Zone_07,0.2187,0.0788,0.0821,0.1067,0.1463,0.0447,0.0391,0.2187,0.2185,0.0092,0.0559
CT011320,Zone_04,Zone_08,0.2568,0.0536,0.0827,0.0701,0.1436,0.0237,0.0446,0.2414,0.2568,0.0144,0.0689
CT003689,Zone_08,Zone_07,0.2348,0.0306,0.0985,0.1555,0.0888,0.0377,0.0449,0.2348,0.1908,0.0051,0.1132
CT019772,Zone_02,Zone_08,0.2702,0.0576,0.0599,0.108,0.1334,0.0594,0.0227,0.21,0.2702,0.0065,0.0723
CT010250,Zone_10,Zone_08,0.3118,0.0292,0.1094,0.0623,0.1239,0.0375,0.0254,0.2123,0.3118,0.0041,0.084
CT010602,Zone_07,Zone_08,0.2631,0.0759,0.089,0.1195,0.1279,0.0422,0.0454,0.1596,0.2631,0.0141,0.0632
CT003667,Zone_01,Zone_07,0.2851,0.0529,0.0863,0.0812,0.145,0.0477,0.0402,0.2851,0.1948,0.0076,0.0592
CT018941,Zone_05,Zone_08,0.2911,0.0384,0.12,0.1021,0.1242,0.0213,0.049,0.2092,0.2911,0.0056,0.0392
CT016730,Zone_07,Zone_07,0.2857,0.0588,0.0712,0.0981,0.1025,0.0347,0.0491,0.2857,0.2568,0.0158,0.0274
CT013433,Zone_04,Zone_07,0.2818,0.0745,0.0653,0.0932,0.1053,0.0325,0.0223,0.2818,0.2595,0.0131,0.0525
CT011475,Zone_02,Zone_08,0.2934,0.053,0.0822,0.0757,0.1047,0.0339,0.0534,0.2393,0.2934,0.0089,0.0555
CT014092,Zone_07,Zone_07,0.3717,0.0446,0.0719,0.0818,0.1339,0.0189,0.0566,0.3717,0.1771,0.0051,0.0382
CT017296,Zone_10,Zone_07,0.2916,0.0345,0.0609,0.0615,0.1714,0.0127,0.051,0.2916,0.2628,0.0103,0.0433
CT019746,Zone_08,Zone_07,0.2845,0.0698,0.0852,0.0797,0.1522,0.0383,0.036,0.2845,0.1903,0.0131,0.051
CT019742,Zone_07,Zone_07,0.3431,0.0697,0.0443,0.0793,0.1435,0.0486,0.0275,0.3431,0.1908,0.0131,0.0401
CT017035,Zone_04,Zone_07,0.2455,0.0741,0.095,0.0905,0.1092,0.037,0.0372,0.2455,0.24,0.0121,0.0594
CT017985,Zone_07,Zone_08,0.2565,0.0481,0.1007,0.0821,0.1231,0.0263,0.0506,0.2287,0.2565,0.0114,0.0724
CT000902,Zone_04,Zone_07,0.3427,0.0393,0.0642,0.0702,0.1266,0.0524,0.0531,0.3427,0.1918,0.0173,0.0424
CT015889,Zone_10,Zone_07,0.2953,0.071,0.0943,0.0774,0.1172,0.0295,0.0614,0.2953,0.1735,0.0168,0.0636
CT009121,Zone_08,Zone_07,0.2526,0.0818,0.0687,0.0946,0.144,0.0284,0.0288,0.2526,0.2209,0.0183,0.062
CT015019,Zone_02,Zone_07,0.3046,0.0961,0.0729,0.0652,0.1649,0.0238,0.0287,0.3046,0.1948,0.0094,0.0396
CT000959,Zone_08,Zone_07,0.3659,0.0677,0.0772,0.0813,0.1159,0.0279,0.0137,0.3659,0.2107,0.0138,0.0257
CT015715,Zone_07,Zone_07,0.2972,0.0449,0.076,0.0783,0.1128,0.0407,0.042,0.2972,0.2349,0.0122,0.0611
CT011272,Zone_04,Zone_07,0.3065,0.1113,0.0853,0.0519,0.0694,0.0596,0.0304,0.3065,0.2013,0.0108,0.0735
CT003544,Zone_01,Zone_07,0.2636,0.0526,0.1115,0.1465,0.1143,0.0379,0.0278,0.2636,0.1826,0.0099,0.0533
CT005647,Zone_08,Zone_08,0.2567,0.0754,0.0637,0.0777,0.1307,0.0334,0.051,0.243,0.2567,0.0026,0.0656
CT002735,Zone_04,Zone_07,0.3889,0.0675,0.0413,0.0928,0.1755,0.0123,0.0123,0.3889,0.1565,0.0054,0.0475
CT007999,Zone_04,Zone_07,0.2371,0.0448,0.0949,0.1396,0.128,0.057,0.0486,0.2371,0.1657,0.0095,0.0749
CT016570,Zone_02,Zone_07,0.2385,0.097,0.0866,0.111,0.1523,0.0357,0.04,0.2385,0.1786,0.013,0.0472
CT017223,Zone_04,Zone_07,0.2827,0.0457,0.0986,0.0701,0.1033,0.0564,0.0478,0.2827,0.1603,0.0072,0.1278
CT016269,Zone_07,Zone_07,0.3035,0.0588,0.0699,0.0832,0.1308,0.0494,0.0446,0.3035,0.186,0.0078,0.0659
CT015275,Zone_08,Zone_07,0.2458,0.0772,0.0636,0.1051,0.1133,0.0526,0.0397,0.2458,0.2407,0.0141,0.0479
CT009516,Zone_10,Zone_07,0.3212,0.0605,0.1269,0.0886,0.0805,0.0373,0.0369,0.3212,0.1986,0.0077,0.0419
CT004908,Zone_03,Zone_02,0.2094,0.0628,0.2094,0.0953,0.1216,0.0398,0.0412,0.1942,0.1676,0.0099,0.0581
CT017372,Zone_08,Zone_07,0.3281,0.0688,0.0845,0.063,0.1277,0.0459,0.0262,0.3281,0.187,0.0137,0.0549
CT011372,Zone_08,Zone_07,0.2732,0.0428,0.112,0.0766,0.0943,0.053,0.081,0.2732,0.2025,0.015,0.0496
CT017441,Zone_02,Zone_08,0.2564,0.0847,0.0637,0.0712,0.1397,0.0368,0.043,0.2242,0.2564,0.0116,0.0687
CT019729,Zone_02,Zone_07,0.3653,0.0583,0.0603,0.0431,0.1193,0.0426,0.0395,0.3653,0.2224,0.0093,0.0398
CT000450,Zone_08,Zone_08,0.2295,0.0877,0.0506,0.0831,0.1634,0.0612,0.0491,0.2215,0.2295,0.0108,0.0431
CT011216,Zone_03,Zone_07,0.3341,0.0523,0.0859,0.1061,0.1193,0.0259,0.0328,0.3341,0.1884,0.0098,0.0454
CT015149,Zone_04,Zone_07,0.2477,0.0561,0.0642,0.1082,0.1831,0.0251,0.0393,0.2477,0.2134,0.0073,0.0556
CT006728,Zone_04,Zone_07,0.3186,0.0636,0.064,0.0836,0.106,0.0514,0.0275,0.3186,0.2037,0.0215,0.0601
CT017680,Zone_07,Zone_07,0.2622,0.0692,0.0775,0.0868,0.1284,0.0344,0.0396,0.2622,0.2188,0.0169,0.0663
CT013533,Zone_01,Zone_07,0.2954,0.0449,0.0995,0.0965,0.1223,0.0346,0.0326,0.2954,0.1852,0.0132,0.076
CT012449,Zone_07,Zone_08,0.2705,0.0539,0.1089,0.104,0.0982,0.0223,0.0589,0.2409,0.2705,0.0133,0.0292
CT018882,Zone_08,Zone_08,0.2582,0.0711,0.0975,0.1074,0.106,0.0394,0.0456,0.2225,0.2582,0.0057,0.0466
CT019070,Zone_07,Zone_08,0.2603,0.0437,0.0782,0.0774,0.1364,0.0461,0.0392,0.257,0.2603,0.0116,0.0503
CT018079,Zone_01,Zone_07,0.3344,0.0712,0.0784,0.0748,0.1055,0.0295,0.0487,0.3344,0.1963,0.0032,0.0582
CT019766,Zone_06,Zone_07,0.2811,0.0689,0.0891,0.0874,0.1735,0.0213,0.0141,0.2811,0.1826,0.0221,0.0598
CT008922,Zone_07,Zone_07,0.2669,0.0384,0.089,0.1094,0.1566,0.0399,0.0339,0.2669,0.2058,0.0059,0.0543
CT007617,Zone_04,Zone_08,0.2536,0.061,0.0484,0.1265,0.1189,0.0454,0.054,0.2349,0.2536,0.0073,0.05
CT006273,Zone_08,Zone_07,0.2667,0.0454,0.0645,0.0994,0.1158,0.0562,0.0458,0.2667,0.2159,0.0114,0.0789
CT009985,Zone_07,Zone_07,0.3646,0.0274,0.076,0.0755,0.1079,0.0279,0.0861,0.3646,0.1556,0.0024,0.0767
CT006632,Zone_02,Zone_07,0.2825,0.0729,0.078,0.0865,0.1231,0.0333,0.0342,0.2825,0.2336,0.0092,0.0466
CT002168,Zone_08,Zone_07,0.3039,0.0812,0.0623,0.0649,0.1429,0.0288,0.0425,0.3039,0.2188,0.0086,0.0461
CT008155,Zone_08,Zone_07,0.2988,0.0614,0.0779,0.0837,0.1025,0.0612,0.0334,0.2988,0.227,0.01,0.0441
CT015483,Zone_07,Zone_08,0.2461,0.0965,0.1036,0.0566,0.1186,0.0272,0.0252,0.2311,0.2461,0.0244,0.0706
CT000850,Zone_10,Zone_07,0.3183,0.0615,0.0472,0.0614,0.1156,0.0414,0.0594,0.3183,0.2122,0.0103,0.0727
CT000458,Zone_08,Zone_07,0.2712,0.0641,0.0948,0.0722,0.1238,0.0271,0.0418,0.2712,0.2339,0.022,0.049
CT007421,Zone_03,Zone_07,0.2566,0.0854,0.0943,0.0857,0.1321,0.0319,0.0397,0.2566,0.2186,0.005,0.0507
CT016973,Zone_06,Zone_07,0.3056,0.0919,0.0678,0.0906,0.1334,0.0263,0.0337,0.3056,0.1772,0.014,0.0595
CT012113,Zone_07,Zone_07,0.2554,0.0731,0.0973,0.0873,0.1058,0.0412,0.0401,0.2554,0.2265,0.0082,0.0652
CT011880,Zone_08,Zone_08,0.2535,0.0616,0.0772,0.089,0.1583,0.028,0.0387,0.2257,0.2535,0.0085,0.0595
CT012505,Zone_07,Zone_08,0.2267,0.053,0.1108,0.0596,0.1579,0.0442,0.1073,0.1873,0.2267,0.0068,0.0463
CT019292,Zone_07,Zone_07,0.2609,0.0472,0.0802,0.0817,0.1232,0.0296,0.0661,0.2609,0.2267,0.0214,0.0629
CT011487,Zone_10,Zone_07,0.2616,0.0363,0.0396,0.2463,0.115,0.0128,0.0406,0.2616,0.1322,0.0132,0.1024
CT010878,Zone_08,Zone_07,0.2606,0.0749,0.0779,0.0749,0.1755,0.025,0.0352,0.2606,0.2276,0.0078,0.0405
CT005128,Zone_01,Zone_07,0.2522,0.0893,0.0714,0.1622,0.0939,0.0387,0.0318,0.2522,0.2027,0.0071,0.0507
CT012832,Zone_07,Zone_07,0.2995,0.0331,0.1092,0.08,0.131,0.0228,0.0451,0.2995,0.229,0.0055,0.0449
CT017977,Zone_08,Zone_07,0.2675,0.0751,0.0757,0.0721,0.1219,0.0488,0.0474,0.2675,0.2274,0.0109,0.0533
CT004021,Zone_01,Zone_07,0.364,0.066,0.0605,0.0627,0.1633,0.0281,0.033,0.364,0.1656,0.0058,0.0509
CT012065,Zone_04,Zone_07,0.2593,0.0636,0.0821,0.0717,0.1648,0.0546,0.0265,0.2593,0.2024,0.0078,0.0673
CT004424,Zone_01,Zone_07,0.241,0.074,0.1185,0.129,0.1181,0.043,0.0363,0.241,0.2039,0.003,0.0331
CT007170,Zone_02,Zone_07,0.2607,0.075,0.0693,0.104,0.1,0.0506,0.0439,0.2607,0.2383,0.006,0.0524
CT011526,Zone_07,Zone_07,0.2731,0.0882,0.0885,0.0876,0.1256,0.059,0.0305,0.2731,0.1703,0.0408,0.0365
CT015318,Zone_02,Zone_07,0.333,0.0613,0.0625,0.1001,0.1016,0.0319,0.0356,0.333,0.2126,0.0075,0.054
CT006595,Zone_09,Zone_08,0.3049,0.0592,0.0584,0.0967,0.1005,0.0303,0.0419,0.2289,0.3049,0.0171,0.0622
CT003105,Zone_08,Zone_07,0.3306,0.1125,0.0585,0.0547,0.0958,0.0292,0.0487,0.3306,0.2194,0.0107,0.0399
CT001057,Zone_06,Zone_07,0.3183,0.0911,0.0676,0.059,0.1283,0.038,0.0396,0.3183,0.193,0.0333,0.0318
CT001477,Zone_08,Zone_07,0.3258,0.0593,0.0675,0.0758,0.093,0.0626,0.042,0.3258,0.1905,0.0024,0.0812
CT010379,Zone_07,Zone_07,0.2773,0.061,0.0715,0.1078,0.1011,0.0496,0.0299,0.2773,0.2286,0.0101,0.0634
CT015969,Zone_02,Zone_07,0.3114,0.047,0.0572,0.116,0.1212,0.0445,0.026,0.3114,0.2115,0.0083,0.0568
CT019769,Zone_07,Zone_07,0.2412,0.0775,0.0698,0.0879,0.1128,0.0446,0.0485,0.2412,0.2229,0.0296,0.0651
CT003337,Zone_07,Zone_07,0.2713,0.0551,0.1046,0.1318,0.1213,0.009,0.039,0.2713,0.1675,0.011,0.0894
CT013294,Zone_01,Zone_07,0.2701,0.0607,0.1027,0.0765,0.1104,0.0478,0.0349,0.2701,0.2064,0.0206,0.0698
CT000844,Zone_08,Zone_08,0.2371,0.0821,0.0837,0.1167,0.1072,0.0292,0.0349,0.2328,0.2371,0.0163,0.0601
CT009092,Zone_07,Zone_07,0.3081,0.0563,0.0657,0.0808,0.1184,0.0464,0.0416,0.3081,0.2287,0.0078,0.0461
CT018309,Zone_08,Zone_07,0.254,0.0493,0.0948,0.0922,0.1298,0.0517,0.0442,0.254,0.2221,0.009,0.0528
CT005936,Zone_07,Zone_08,0.2489,0.0701,0.0756,0.0714,0.147,0.0391,0.0333,0.2369,0.2489,0.0134,0.0643
CT000108,Zone_04,Zone_08,0.3035,0.0386,0.0498,0.0899,0.1287,0.0467,0.0431,0.2373,0.3035,0.0043,0.0581
CT011298,Zone_07,Zone_08,0.3046,0.0361,0.0622,0.1107,0.1649,0.0374,0.0278,0.2076,0.3046,0.0031,0.0456
CT000878,Zone_04,Zone_08,0.2959,0.0752,0.0598,0.0674,0.1269,0.034,0.0298,0.2632,0.2959,0.0094,0.0385
CT015809,Zone_02,Zone_07,0.2831,0.0714,0.0463,0.0693,0.1542,0.0226,0.0346,0.2831,0.2551,0.0085,0.0549
CT000909,Zone_04,Zone_07,0.2943,0.0572,0.0685,0.1291,0.1144,0.0444,0.0586,0.2943,0.1838,0.0057,0.0441
CT013961,Zone_06,Zone_07,0.2813,0.0384,0.1416,0.0826,0.1303,0.0413,0.0444,0.2813,0.1763,0.0112,0.0526
CT003670,Zone_08,Zone_07,0.3311,0.0456,0.0642,0.1129,0.1388,0.0667,0.0267,0.3311,0.1668,0.0117,0.0354
CT000413,Zone_03,Zone_07,0.3361,0.0501,0.0838,0.0891,0.1125,0.0232,0.0203,0.3361,0.2344,0.0104,0.0401
CT011477,Zone_03,Zone_07,0.3743,0.1184,0.0582,0.1008,0.09,0.0383,0.0304,0.3743,0.1279,0.0079,0.0538
CT006030,Zone_01,Zone_08,0.2849,0.0576,0.0463,0.0674,0.1144,0.0594,0.0419,0.2656,0.2849,0.0144,0.0481
CT016727,Zone_06,Zone_08,0.2921,0.0728,0.0895,0.0745,0.1193,0.0519,0.044,0.1784,0.2921,0.0088,0.0686
CT009721,Zone_08,Zone_07,0.2899,0.0521,0.0645,0.1113,0.1174,0.0497,0.0302,0.2899,0.2261,0.009,0.0498
CT017975,Zone_06,Zone_07,0.3158,0.0557,0.1081,0.1097,0.0992,0.0327,0.0455,0.3158,0.1713,0.0097,0.0523
CT001837,Zone_02,Zone_08,0.2353,0.0439,0.0661,0.1371,0.1435,0.0373,0.0484,0.2239,0.2353,0.018,0.0465
CT006709,Zone_07,Zone_07,0.3288,0.0716,0.0725,0.0695,0.1271,0.0391,0.0377,0.3288,0.2013,0.0093,0.0431
CT014477,Zone_08,Zone_07,0.2301,0.0883,0.1249,0.0857,0.0912,0.0476,0.0399,0.2301,0.2213,0.012,0.0589
CT014009,Zone_10,Zone_07,0.2767,0.0754,0.0642,0.0911,0.1357,0.0391,0.0305,0.2767,0.2167,0.0088,0.0618
CT006589,Zone_07,Zone_07,0.2216,0.0803,0.1126,0.0641,0.127,0.036,0.0544,0.2216,0.2133,0.0176,0.0729
CT018973,Zone_03,Zone_07,0.3224,0.0618,0.0783,0.0737,0.1279,0.0373,0.0272,0.3224,0.1944,0.0114,0.0656
CT014074,Zone_07,Zone_07,0.2847,0.0474,0.0782,0.0776,0.1163,0.0467,0.0431,0.2847,0.2376,0.0084,0.06
CT013415,Zone_04,Zone_07,0.2582,0.0519,0.081,0.0883,0.1293,0.0512,0.0578,0.2582,0.2054,0.0091,0.0679
CT013445,Zone_08,Zone_07,0.298,0.0423,0.0597,0.0741,0.1652,0.0326,0.039,0.298,0.1931,0.0094,0.0865
CT017387,Zone_07,Zone_07,0.269,0.0451,0.0472,0.152,0.1353,0.0268,0.0472,0.269,0.2022,0.0057,0.0695
CT003559,Zone_08,Zone_08,0.2293,0.0509,0.0699,0.1122,0.1065,0.0464,0.0545,0.2254,0.2293,0.018,0.0868
CT000203,Zone_07,Zone_07,0.2545,0.039,0.0686,0.1382,0.1675,0.0358,0.0259,0.2545,0.1997,0.0147,0.0561
CT019211,Zone_07,Zone_07,0.2591,0.0626,0.0557,0.106,0.16,0.0334,0.0288,0.2591,0.2374,0.0166,0.0404
CT009621,Zone_03,Zone_07,0.2458,0.0738,0.0736,0.0994,0.1458,0.0316,0.0465,0.2458,0.2071,0.013,0.0635
CT015768,Zone_07,Zone_08,0.2578,0.0899,0.0941,0.0927,0.1336,0.0301,0.0305,0.2322,0.2578,0.0065,0.0326
CT014520,Zone_08,Zone_08,0.2536,0.0613,0.0859,0.0765,0.1171,0.041,0.0569,0.2246,0.2536,0.0165,0.0664
CT003684,Zone_08,Zone_07,0.2905,0.0478,0.073,0.1245,0.1319,0.0606,0.0399,0.2905,0.1674,0.015,0.0493
CT016558,Zone_07,Zone_07,0.2937,0.0656,0.1072,0.0775,0.1162,0.0502,0.0272,0.2937,0.1915,0.0071,0.0639
CT014901,Zone_07,Zone_07,0.2342,0.0461,0.0906,0.1509,0.1273,0.0231,0.0494,0.2342,0.2306,0.0084,0.0392
CT003830,Zone_08,Zone_07,0.295,0.0553,0.0812,0.0755,0.1359,0.0307,0.0519,0.295,0.1905,0.0108,0.0732
CT014427,Zone_03,Zone_07,0.2885,0.0474,0.0813,0.0987,0.1288,0.0487,0.0531,0.2885,0.1893,0.0119,0.0525
CT010350,Zone_07,Zone_07,0.2738,0.0537,0.0865,0.1106,0.1171,0.046,0.0497,0.2738,0.2112,0.0113,0.04
CT018832,Zone_07,Zone_07,0.3174,0.0309,0.0839,0.0605,0.1921,0.0475,0.0352,0.3174,0.177,0.0098,0.0457
CT005223,Zone_03,Zone_07,0.2606,0.0727,0.0638,0.0848,0.1499,0.0494,0.0409,0.2606,0.1972,0.02,0.0606
CT005942,Zone_08,Zone_07,0.3014,0.0657,0.059,0.086,0.1136,0.0436,0.0316,0.3014,0.219,0.0124,0.0676
CT006678,Zone_06,Zone_08,0.2544,0.0413,0.0772,0.0921,0.1422,0.0624,0.0591,0.2161,0.2544,0.0055,0.0497
CT011365,Zone_07,Zone_07,0.314,0.0736,0.0647,0.1091,0.091,0.0395,0.0315,0.314,0.2146,0.0175,0.0446
CT015572,Zone_10,Zone_07,0.2687,0.0567,0.0798,0.0874,0.1288,0.0364,0.0461,0.2687,0.2309,0.0065,0.0587
CT008729,Zone_03,Zone_08,0.2746,0.0576,0.0653,0.1238,0.1145,0.0403,0.0464,0.2007,0.2746,0.0089,0.068
CT017114,Zone_07,Zone_07,0.2802,0.0527,0.0727,0.1023,0.1038,0.0348,0.0547,0.2802,0.2291,0.0118,0.0579
CT009196,Zone_03,Zone_07,0.2954,0.0553,0.0497,0.1198,0.1476,0.029,0.0342,0.2954,0.2079,0.0079,0.0532
CT019541,Zone_02,Zone_08,0.2392,0.0278,0.0698,0.2362,0.0979,0.0345,0.0337,0.1922,0.2392,0.0147,0.054
CT006376,Zone_01,Zone_07,0.2451,0.061,0.0764,0.1007,0.1281,0.0379,0.039,0.2451,0.2375,0.0075,0.067
CT009868,Zone_07,Zone_07,0.3077,0.0742,0.1198,0.0605,0.0981,0.0558,0.034,0.3077,0.1856,0.0338,0.0305
CT018176,Zone_02,Zone_07,0.2599,0.0563,0.0694,0.083,0.1563,0.0361,0.041,0.2599,0.2287,0.0119,0.0574
CT000131,Zone_01,Zone_07,0.2974,0.0667,0.1254,0.0597,0.1377,0.0194,0.0541,0.2974,0.1972,0.011,0.0314
CT000231,Zone_03,Zone_07,0.295,0.0547,0.0858,0.0828,0.1252,0.0318,0.0436,0.295,0.16,0.0355,0.0856
CT010957,Zone_10,Zone_07,0.2471,0.067,0.1052,0.0567,0.1819,0.0396,0.0437,0.2471,0.2005,0.0051,0.0532
CT017621,Zone_02,Zone_07,0.2879,0.1053,0.0793,0.0796,0.1537,0.0522,0.0256,0.2879,0.1181,0.0075,0.0909
CT019419,Zone_04,Zone_07,0.2742,0.0791,0.0741,0.0597,0.1164,0.0357,0.0293,0.2742,0.2469,0.0355,0.0491
CT006272,Zone_01,Zone_07,0.2759,0.103,0.0672,0.104,0.1219,0.0139,0.0331,0.2759,0.2208,0.0063,0.054
CT013032,Zone_04,Zone_07,0.2835,0.0716,0.0609,0.0891,0.1423,0.0362,0.0418,0.2835,0.2052,0.0099,0.0594
CT010314,Zone_09,Zone_07,0.2427,0.0862,0.0673,0.0916,0.1002,0.0463,0.0669,0.2427,0.215,0.0177,0.066
CT017933,Zone_03,Zone_07,0.2605,0.0629,0.0691,0.0964,0.1094,0.0322,0.0457,0.2605,0.2323,0.0089,0.0828
CT013585,Zone_07,Zone_07,0.3138,0.0584,0.0631,0.0992,0.1287,0.0439,0.0453,0.3138,0.1915,0.0086,0.0476
CT018945,Zone_05,Zone_07,0.2477,0.0507,0.0559,0.1414,0.1675,0.0284,0.0541,0.2477,0.17,0.0092,0.0751
CT018172,Zone_07,Zone_07,0.2259,0.0728,0.125,0.0864,0.1571,0.0357,0.0394,0.2259,0.1959,0.0111,0.0505
CT000506,Zone_07,Zone_08,0.2587,0.0417,0.0792,0.0966,0.1898,0.0373,0.0358,0.2175,0.2587,0.0049,0.0386
CT015332,Zone_07,Zone_07,0.2648,0.076,0.0579,0.1346,0.1656,0.0382,0.0316,0.2648,0.1926,0.0067,0.032
CT001971,Zone_04,Zone_07,0.3818,0.0813,0.0486,0.0525,0.1084,0.0266,0.0303,0.3818,0.2168,0.0078,0.0459
CT013285,Zone_10,Zone_07,0.3084,0.0475,0.0951,0.0826,0.1093,0.0318,0.0674,0.3084,0.1997,0.0158,0.0423
CT019599,Zone_08,Zone_08,0.255,0.0775,0.0607,0.0865,0.1226,0.0261,0.0503,0.2295,0.255,0.0147,0.077
CT001538,Zone_07,Zone_07,0.2796,0.0528,0.0942,0.0807,0.1299,0.0516,0.0483,0.2796,0.1888,0.0183,0.0558
CT009763,Zone_08,Zone_07,0.2813,0.0596,0.0987,0.092,0.1012,0.0332,0.0336,0.2813,0.2273,0.0076,0.0654
CT017572,Zone_01,Zone_07,0.2875,0.0684,0.0724,0.0947,0.1353,0.0386,0.043,0.2875,0.205,0.0114,0.0436
CT003353,Zone_02,Zone_07,0.2727,0.0629,0.0854,0.0772,0.1153,0.0408,0.0465,0.2727,0.2105,0.0141,0.0746
CT018723,Zone_07,Zone_08,0.2743,0.0452,0.0772,0.0833,0.1179,0.0396,0.043,0.2507,0.2743,0.0113,0.0576
CT002032,Zone_07,Zone_08,0.3052,0.046,0.0699,0.0833,0.106,0.0313,0.0371,0.2536,0.3052,0.0076,0.0599
CT009510,Zone_02,Zone_07,0.333,0.073,0.0757,0.1015,0.0956,0.0329,0.0335,0.333,0.1908,0.0108,0.0532
CT014308,Zone_10,Zone_07,0.2857,0.0628,0.0729,0.0798,0.1274,0.0546,0.0351,0.2857,0.2191,0.0073,0.0553
CT003586,Zone_07,Zone_07,0.244,0.0722,0.0764,0.0852,0.1349,0.0365,0.0367,0.244,0.2294,0.0121,0.0725
CT004769,Zone_01,Zone_07,0.2781,0.0587,0.0749,0.08,0.1052,0.0476,0.0499,0.2781,0.2463,0.007,0.0524
CT002113,Zone_01,Zone_07,0.2786,0.0585,0.0957,0.0835,0.1384,0.0441,0.0495,0.2786,0.1765,0.0123,0.0628
CT004926,Zone_04,Zone_08,0.2779,0.044,0.0805,0.1038,0.1335,0.0373,0.0546,0.2033,0.2779,0.0039,0.0612
CT014947,Zone_02,Zone_08,0.2085,0.0621,0.074,0.128,0.1304,0.0701,0.0512,0.18,0.2085,0.0046,0.0911
CT018857,Zone_07,Zone_08,0.2536,0.05,0.1134,0.1015,0.134,0.0203,0.0353,0.2046,0.2536,0.0099,0.0773
CT012590,Zone_07,Zone_08,0.2353,0.0694,0.0981,0.1117,0.1373,0.0285,0.0337,0.2322,0.2353,0.0069,0.0468
CT018040,Zone_07,Zone_07,0.2717,0.0556,0.1326,0.1019,0.113,0.0361,0.0483,0.2717,0.1967,0.0093,0.0347
CT014349,Zone_10,Zone_07,0.3055,0.0606,0.076,0.0915,0.1289,0.0351,0.0452,0.3055,0.1763,0.0229,0.058
CT003478,Zone_06,Zone_08,0.2668,0.0656,0.0689,0.0915,0.1401,0.0523,0.0295,0.2155,0.2668,0.0249,0.0449
CT001175,Zone_07,Zone_07,0.3078,0.0419,0.1056,0.1058,0.1572,0.0277,0.0464,0.3078,0.1355,0.0067,0.0655
CT016173,Zone_08,Zone_07,0.4214,0.0498,0.0575,0.0607,0.0997,0.0243,0.0397,0.4214,0.1774,0.0107,0.0587
CT002894,Zone_07,Zone_07,0.2795,0.0593,0.0808,0.1227,0.1315,0.0324,0.0253,0.2795,0.1949,0.0174,0.056
CT006766,Zone_08,Zone_08,0.2731,0.0651,0.044,0.0782,0.1515,0.0347,0.0633,0.2256,0.2731,0.0003,0.0643
CT019714,Zone_04,Zone_07,0.225,0.0945,0.1164,0.0884,0.1159,0.0495,0.0339,0.225,0.2211,0.0154,0.0399
CT009070,Zone_04,Zone_07,0.2682,0.0607,0.0883,0.0871,0.1127,0.0475,0.0418,0.2682,0.2117,0.0107,0.0713
CT018415,Zone_02,Zone_07,0.3103,0.0665,0.0671,0.0931,0.1275,0.0401,0.0335,0.3103,0.1991,0.0181,0.0448
CT003124,Zone_08,Zone_07,0.2701,0.0745,0.0844,0.0697,0.119,0.0276,0.0417,0.2701,0.2358,0.0047,0.0725
CT007754,Zone_07,Zone_07,0.2964,0.0602,0.1067,0.1076,0.1689,0.0407,0.0181,0.2964,0.1486,0.0144,0.0382
CT015637,Zone_08,Zone_08,0.266,0.0537,0.0841,0.0797,0.103,0.0633,0.0418,0.2472,0.266,0.0194,0.0417
CT019802,Zone_08,Zone_07,0.2613,0.0626,0.0814,0.0827,0.1337,0.0844,0.043,0.2613,0.1899,0.01,0.0509
CT011523,Zone_07,Zone_07,0.2587,0.0712,0.1028,0.1072,0.099,0.0216,0.0456,0.2587,0.2497,0.0108,0.0333
CT009105,Zone_07,Zone_07,0.2642,0.0583,0.0695,0.0858,0.1352,0.0496,0.0326,0.2642,0.203,0.0106,0.0911
CT009213,Zone_03,Zone_07,0.243,0.0654,0.092,0.0917,0.1474,0.0326,0.0464,0.243,0.2067,0.0118,0.063
CT009486,Zone_04,Zone_07,0.3098,0.0457,0.0801,0.0715,0.0974,0.0404,0.0434,0.3098,0.257,0.01,0.0448
CT011988,Zone_01,Zone_07,0.2308,0.0664,0.0996,0.0883,0.1476,0.0336,0.0502,0.2308,0.2186,0.0131,0.0519
CT012441,Zone_07,Zone_07,0.3356,0.0349,0.1046,0.0655,0.1197,0.0307,0.0463,0.3356,0.1852,0.0167,0.0608
CT015020,Zone_04,Zone_07,0.2601,0.0417,0.1398,0.1062,0.1881,0.0274,0.0355,0.2601,0.1638,0.0129,0.0246
CT009969,Zone_01,Zone_07,0.2869,0.0618,0.0602,0.1066,0.0863,0.0468,0.0198,0.2869,0.2724,0.0101,0.049
CT014240,Zone_02,Zone_07,0.2833,0.0572,0.0909,0.0943,0.1131,0.0413,0.05,0.2833,0.2055,0.0112,0.0532
CT011158,Zone_07,Zone_07,0.331,0.0615,0.1139,0.0744,0.1594,0.0255,0.0358,0.331,0.1404,0.0221,0.0359
CT012167,Zone_08,Zone_07,0.327,0.0601,0.0633,0.1258,0.0937,0.0284,0.0366,0.327,0.1924,0.0218,0.051
CT000660,Zone_05,Zone_07,0.2885,0.0634,0.0713,0.0776,0.1469,0.0352,0.0486,0.2885,0.2074,0.0038,0.0572
CT002369,Zone_05,Zone_07,0.2974,0.0435,0.0867,0.1357,0.0905,0.0261,0.0397,0.2974,0.2265,0.0333,0.0206
CT017086,Zone_05,Zone_07,0.3746,0.0504,0.0952,0.0979,0.1524,0.0531,0.0109,0.3746,0.1286,0.0116,0.0255
CT001661,Zone_03,Zone_07,0.2486,0.0763,0.0647,0.0784,0.1501,0.0592,0.0267,0.2486,0.2329,0.0086,0.0546
CT014557,Zone_02,Zone_07,0.245,0.0596,0.0745,0.0786,0.2226,0.0525,0.0317,0.245,0.1781,0.0083,0.0491
CT008914,Zone_08,Zone_07,0.2453,0.0646,0.0744,0.0872,0.1299,0.0397,0.0417,0.2453,0.2375,0.0258,0.054
CT014438,Zone_08,Zone_07,0.3551,0.0497,0.0625,0.0759,0.128,0.0297,0.041,0.3551,0.1952,0.0155,0.0474
CT006585,Zone_08,Zone_07,0.2619,0.0646,0.0748,0.0921,0.1227,0.0794,0.034,0.2619,0.2009,0.0109,0.0588
CT015952,Zone_01,Zone_08,0.3055,0.0788,0.0472,0.0497,0.1317,0.0447,0.057,0.2128,0.3055,0.0072,0.0653
CT010397,Zone_02,Zone_07,0.2665,0.0504,0.1057,0.1018,0.1528,0.0389,0.0209,0.2665,0.1978,0.0081,0.0571
CT009786,Zone_08,Zone_07,0.2641,0.0806,0.0866,0.0766,0.1206,0.033,0.0346,0.2641,0.2288,0.0165,0.0584
CT015355,Zone_03,Zone_07,0.3488,0.0447,0.1076,0.0626,0.0927,0.0408,0.0434,0.3488,0.1939,0.0143,0.0513
CT014779,Zone_06,Zone_07,0.3023,0.0522,0.0823,0.0789,0.127,0.0448,0.0351,0.3023,0.2055,0.0097,0.0621
CT007010,Zone_07,Zone_08,0.3016,0.0425,0.0706,0.1122,0.1393,0.0187,0.0437,0.2229,0.3016,0.0036,0.0449
CT000935,Zone_07,Zone_07,0.2682,0.0903,0.0951,0.1135,0.1013,0.0276,0.0407,0.2682,0.1867,0.0069,0.0698
CT009315,Zone_01,Zone_07,0.3951,0.0577,0.0463,0.062,0.121,0.054,0.0667,0.3951,0.1493,0.0166,0.0313
CT000672,Zone_07,Zone_08,0.2544,0.072,0.0699,0.0879,0.1198,0.0407,0.0375,0.2536,0.2544,0.0099,0.0543
CT005093,Zone_04,Zone_07,0.2988,0.0491,0.0851,0.0985,0.1052,0.0466,0.0379,0.2988,0.2185,0.0076,0.0527
CT005825,Zone_05,Zone_08,0.264,0.0565,0.1215,0.085,0.0941,0.0328,0.0578,0.2396,0.264,0.0059,0.0428
CT016209,Zone_07,Zone_08,0.2326,0.107,0.0839,0.1161,0.1097,0.0488,0.0614,0.1771,0.2326,0.0109,0.0524
CT008799,Zone_03,Zone_07,0.2362,0.0833,0.0812,0.06,0.1293,0.0657,0.0727,0.2362,0.16,0.0154,0.0961
CT014280,Zone_08,Zone_08,0.3015,0.1174,0.0558,0.0961,0.1179,0.0306,0.0347,0.1943,0.3015,0.0178,0.0339
CT011090,Zone_08,Zone_07,0.2842,0.041,0.0651,0.081,0.1029,0.0356,0.066,0.2842,0.2176,0.0139,0.0927
CT009745,Zone_07,Zone_07,0.333,0.0627,0.0905,0.0708,0.1128,0.0461,0.0363,0.333,0.1767,0.0111,0.0601
CT000880,Zone_07,Zone_08,0.2449,0.0719,0.0859,0.0885,0.1234,0.033,0.0479,0.2326,0.2449,0.0094,0.0625
CT000492,Zone_07,Zone_07,0.3132,0.0877,0.0954,0.1012,0.0976,0.0751,0.0279,0.3132,0.1398,0.0232,0.0389
CT004232,Zone_02,Zone_07,0.2649,0.0736,0.0836,0.0796,0.1537,0.0416,0.0604,0.2649,0.1816,0.0074,0.0535
CT013753,Zone_06,Zone_07,0.3413,0.0551,0.0543,0.0936,0.1289,0.03,0.0669,0.3413,0.1517,0.0277,0.0503
CT002636,Zone_08,Zone_07,0.2279,0.0684,0.0777,0.1057,0.1401,0.0482,0.0358,0.2279,0.223,0.0115,0.0616
CT000983,Zone_07,Zone_08,0.293,0.0655,0.0467,0.0613,0.0925,0.0432,0.0735,0.2663,0.293,0.0053,0.0528
CT011627,Zone_01,Zone_07,0.2359,0.0595,0.0701,0.1298,0.1796,0.0455,0.0504,0.2359,0.1788,0.0077,0.0427
CT002498,Zone_01,Zone_08,0.2981,0.0352,0.1004,0.0594,0.0923,0.0447,0.0302,0.2503,0.2981,0.0052,0.0842
CT003560,Zone_08,Zone_07,0.257,0.0753,0.0688,0.0842,0.1425,0.0325,0.0644,0.257,0.2102,0.0114,0.0538
CT017795,Zone_08,Zone_07,0.2983,0.0767,0.0596,0.1197,0.1201,0.0314,0.0263,0.2983,0.2002,0.0073,0.0604
CT006943,Zone_07,Zone_08,0.2171,0.0458,0.0857,0.1318,0.0971,0.0522,0.0611,0.1509,0.2171,0.0062,0.1522
CT000679,Zone_03,Zone_08,0.2527,0.0605,0.0935,0.1181,0.0941,0.0343,0.0304,0.2276,0.2527,0.0104,0.0785
CT011767,Zone_07,Zone_07,0.2604,0.0853,0.0747,0.1316,0.1161,0.0246,0.03,0.2604,0.2166,0.0174,0.0432
CT001081,Zone_04,Zone_07,0.2698,0.0465,0.0884,0.1359,0.1817,0.032,0.067,0.2698,0.1221,0.0076,0.049
CT008974,Zone_02,Zone_07,0.2479,0.071,0.0926,0.0868,0.1373,0.0395,0.041,0.2479,0.2197,0.0144,0.0497
CT004965,Zone_04,Zone_07,0.3702,0.057,0.0693,0.0567,0.0927,0.0315,0.0383,0.3702,0.2222,0.0071,0.0552
CT002338,Zone_05,Zone_07,0.2824,0.066,0.0559,0.0832,0.118,0.0385,0.0411,0.2824,0.2327,0.0099,0.0722
CT010175,Zone_01,Zone_07,0.3121,0.1153,0.0562,0.0788,0.1619,0.0169,0.0301,0.3121,0.1545,0.0091,0.0651
CT003111,Zone_04,Zone_07,0.2798,0.0627,0.0657,0.146,0.1053,0.0295,0.0284,0.2798,0.214,0.0126,0.0561
CT016461,Zone_04,Zone_07,0.3174,0.065,0.061,0.096,0.1102,0.0293,0.0363,0.3174,0.2369,0.0057,0.0422
CT012844,Zone_01,Zone_08,0.2391,0.053,0.0825,0.1123,0.117,0.0307,0.0615,0.2182,0.2391,0.0077,0.0781
CT003410,Zone_03,Zone_07,0.3184,0.0447,0.1005,0.0894,0.1054,0.0263,0.0711,0.3184,0.2049,0.0074,0.0318
CT007834,Zone_07,Zone_08,0.2707,0.0628,0.0856,0.0653,0.1282,0.0435,0.0616,0.2312,0.2707,0.0055,0.0455
CT014286,Zone_03,Zone_07,0.2725,0.046,0.077,0.1153,0.1914,0.0536,0.03,0.2725,0.1709,0.007,0.0362
CT019612,Zone_07,Zone_07,0.2553,0.0506,0.0648,0.089,0.1493,0.0563,0.045,0.2553,0.1984,0.0295,0.0617
CT014305,Zone_10,Zone_08,0.2265,0.0525,0.097,0.1049,0.1445,0.0474,0.0286,0.2165,0.2265,0.0109,0.071
CT003385,Zone_01,Zone_08,0.2013,0.0853,0.0911,0.0857,0.1699,0.0106,0.0772,0.1795,0.2013,0.0118,0.0876
CT019244,Zone_07,Zone_07,0.2191,0.0648,0.0788,0.0992,0.1453,0.0541,0.0559,0.2191,0.2116,0.0083,0.0629
CT016500,Zone_04,Zone_08,0.284,0.0429,0.0864,0.0698,0.1177,0.0508,0.0643,0.1893,0.284,0.0067,0.0882
CT005770,Zone_07,Zone_07,0.2848,0.0457,0.1232,0.1167,0.1085,0.0342,0.0704,0.2848,0.1554,0.0103,0.0509
CT006311,Zone_03,Zone_07,0.2377,0.0859,0.0687,0.0917,0.1719,0.0296,0.0545,0.2377,0.2009,0.0056,0.0534
CT006631,Zone_07,Zone_07,0.2826,0.078,0.0502,0.092,0.1316,0.0612,0.0441,0.2826,0.1809,0.009,0.0705
CT014224,Zone_10,Zone_08,0.2839,0.061,0.0638,0.0898,0.1304,0.0203,0.0309,0.2317,0.2839,0.0083,0.0801
CT006479,Zone_04,Zone_08,0.3283,0.0514,0.0776,0.0606,0.1883,0.0401,0.0254,0.1662,0.3283,0.0077,0.0543
CT012861,Zone_07,Zone_07,0.2866,0.0523,0.0589,0.1233,0.1104,0.0609,0.0462,0.2866,0.192,0.009,0.0604
CT007324,Zone_10,Zone_07,0.2445,0.0516,0.1097,0.1345,0.1032,0.0298,0.0415,0.2445,0.2107,0.009,0.0655
CT004164,Zone_05,Zone_07,0.2543,0.0462,0.0539,0.1147,0.1056,0.06,0.0378,0.2543,0.2498,0.005,0.0729
CT009526,Zone_07,Zone_07,0.238,0.0727,0.0917,0.1056,0.1193,0.0522,0.0344,0.238,0.2235,0.0058,0.0568
CT016947,Zone_06,Zone_07,0.3154,0.066,0.0668,0.1101,0.1181,0.0349,0.0427,0.3154,0.1708,0.0112,0.064
CT017124,Zone_10,Zone_08,0.2487,0.0534,0.0637,0.0775,0.1078,0.0434,0.0476,0.2368,0.2487,0.0097,0.1114
CT019690,Zone_08,Zone_07,0.2915,0.0597,0.0997,0.0841,0.1603,0.0346,0.0425,0.2915,0.1747,0.0166,0.0362
CT014508,Zone_02,Zone_07,0.2786,0.0672,0.1007,0.0786,0.0918,0.0348,0.0522,0.2786,0.2443,0.009,0.0429
CT004472,Zone_04,Zone_07,0.3068,0.0617,0.0745,0.0925,0.1134,0.0283,0.0363,0.3068,0.237,0.0075,0.042
CT014473,Zone_03,Zone_07,0.3154,0.0498,0.1024,0.0778,0.1015,0.0351,0.0341,0.3154,0.1861,0.0247,0.0731
CT003954,Zone_08,Zone_07,0.2644,0.0762,0.0694,0.1078,0.1304,0.0373,0.0469,0.2644,0.19,0.0084,0.0692
CT003832,Zone_07,Zone_07,0.3106,0.0413,0.1035,0.1,0.0782,0.0239,0.0316,0.3106,0.2383,0.0107,0.0618
CT019581,Zone_01,Zone_07,0.2788,0.0543,0.1015,0.0924,0.1152,0.0302,0.0465,0.2788,0.1955,0.006,0.0796
CT000595,Zone_02,Zone_08,0.2532,0.0654,0.0801,0.0924,0.1741,0.0303,0.0328,0.209,0.2532,0.0106,0.0521
CT001586,Zone_10,Zone_07,0.2581,0.0724,0.0797,0.0899,0.1536,0.0325,0.0463,0.2581,0.1983,0.0191,0.05
CT008849,Zone_07,Zone_07,0.3469,0.0771,0.0493,0.0918,0.095,0.0394,0.0474,0.3469,0.203,0.0093,0.0409
CT018566,Zone_07,Zone_07,0.3045,0.0925,0.0906,0.0761,0.1353,0.0306,0.0598,0.3045,0.1598,0.0122,0.0387
CT007235,Zone_08,Zone_07,0.2481,0.0385,0.068,0.112,0.1393,0.0522,0.046,0.2481,0.2113,0.0127,0.072
CT002999,Zone_10,Zone_07,0.218,0.076,0.1122,0.1105,0.1474,0.0381,0.0215,0.218,0.2125,0.0257,0.0381
CT010792,Zone_07,Zone_07,0.2529,0.0572,0.0516,0.0997,0.1059,0.0767,0.0407,0.2529,0.2462,0.0088,0.0602
CT015872,Zone_10,Zone_08,0.2831,0.0543,0.0496,0.0861,0.1331,0.039,0.0345,0.2207,0.2831,0.029,0.0706
CT008488,Zone_02,Zone_07,0.2834,0.0706,0.0942,0.0927,0.1233,0.0843,0.0143,0.2834,0.1348,0.0074,0.095
CT016060,Zone_08,Zone_07,0.2985,0.0437,0.0665,0.0963,0.1568,0.0378,0.0368,0.2985,0.18,0.0099,0.0737
CT013929,Zone_07,Zone_07,0.2986,0.0627,0.067,0.0997,0.0787,0.0348,0.0462,0.2986,0.2116,0.0099,0.0908
CT014966,Zone_08,Zone_07,0.2627,0.0437,0.0558,0.1062,0.1319,0.0352,0.0295,0.2627,0.2371,0.0071,0.0907
CT000633,Zone_02,Zone_07,0.24,0.0389,0.0689,0.0657,0.1348,0.0582,0.0566,0.24,0.203,0.0173,0.1165
CT019291,Zone_02,Zone_08,0.3474,0.0602,0.0459,0.0672,0.0998,0.0447,0.0578,0.2089,0.3474,0.0046,0.0634
CT015071,Zone_02,Zone_07,0.2647,0.0714,0.0646,0.1066,0.1387,0.0547,0.0398,0.2647,0.1965,0.01,0.0529
CT017340,Zone_03,Zone_07,0.3113,0.073,0.0692,0.0885,0.1177,0.0327,0.0362,0.3113,0.1991,0.0296,0.0427
CT018421,Zone_06,Zone_08,0.2812,0.0525,0.0647,0.1061,0.0996,0.038,0.0408,0.2442,0.2812,0.0102,0.0628
CT016335,Zone_07,Zone_07,0.2803,0.0642,0.0646,0.0987,0.096,0.0569,0.0295,0.2803,0.2106,0.0077,0.0916
CT009391,Zone_08,Zone_07,0.268,0.0505,0.0729,0.1159,0.1528,0.0279,0.0495,0.268,0.1948,0.0138,0.0538
CT005031,Zone_02,Zone_07,0.2198,0.0449,0.1412,0.1528,0.1075,0.0334,0.0322,0.2198,0.2104,0.0091,0.0487
CT003662,Zone_06,Zone_07,0.2581,0.0654,0.0876,0.0849,0.1316,0.0367,0.0659,0.2581,0.2103,0.0105,0.049
CT000080,Zone_07,Zone_07,0.3073,0.0726,0.0981,0.0736,0.0801,0.0397,0.0422,0.3073,0.1598,0.0279,0.0989
CT005513,Zone_08,Zone_07,0.2249,0.1026,0.0798,0.069,0.155,0.0545,0.0492,0.2249,0.2071,0.0042,0.0536
CT003828,Zone_04,Zone_07,0.2532,0.0312,0.0652,0.1342,0.1429,0.0179,0.054,0.2532,0.1875,0.0066,0.1073
CT006081,Zone_01,Zone_07,0.4115,0.0348,0.0542,0.0625,0.0784,0.0188,0.0259,0.4115,0.2372,0.031,0.0457
CT016370,Zone_04,Zone_07,0.2843,0.0531,0.1655,0.0904,0.0942,0.0352,0.0503,0.2843,0.1666,0.0054,0.055
CT014113,Zone_08,Zone_07,0.2483,0.0955,0.1077,0.11,0.091,0.0449,0.047,0.2483,0.1653,0.0052,0.0851
CT003925,Zone_01,Zone_07,0.215,0.066,0.0699,0.0925,0.1498,0.0715,0.0672,0.215,0.2024,0.0086,0.0571
CT018540,Zone_04,Zone_08,0.2539,0.0475,0.0821,0.0722,0.1333,0.0406,0.0298,0.2071,0.2539,0.0045,0.129
CT019500,Zone_07,Zone_07,0.312,0.0644,0.0739,0.0974,0.1115,0.0411,0.0293,0.312,0.206,0.0064,0.058
CT002248,Zone_08,Zone_07,0.3775,0.0497,0.0928,0.0769,0.0989,0.0524,0.0204,0.3775,0.1794,0.0074,0.0446
CT006715,Zone_08,Zone_08,0.3045,0.0598,0.0859,0.0729,0.1067,0.0569,0.0377,0.2128,0.3045,0.0061,0.0567
CT014175,Zone_01,Zone_07,0.3149,0.0614,0.0654,0.0654,0.1098,0.0392,0.0465,0.3149,0.2396,0.011,0.0468
CT009301,Zone_07,Zone_07,0.2896,0.0482,0.0756,0.0918,0.1145,0.0383,0.0419,0.2896,0.2366,0.0086,0.055
CT008040,Zone_07,Zone_08,0.2817,0.0344,0.0675,0.0576,0.1442,0.0446,0.0634,0.2514,0.2817,0.0075,0.0475
CT017007,Zone_07,Zone_07,0.2008,0.0564,0.0621,0.0737,0.1578,0.0778,0.1337,0.2008,0.1983,0.0023,0.0372
CT012420,Zone_01,Zone_07,0.2612,0.0695,0.0705,0.0694,0.1752,0.0257,0.0418,0.2612,0.2027,0.0324,0.0515
CT016181,Zone_06,Zone_08,0.3136,0.0689,0.0884,0.0531,0.1267,0.0401,0.0546,0.1881,0.3136,0.0097,0.0567
CT007175,Zone_04,Zone_07,0.2542,0.0557,0.0793,0.0963,0.134,0.0475,0.0417,0.2542,0.2297,0.0084,0.0532
CT016737,Zone_08,Zone_08,0.2744,0.0869,0.0965,0.1077,0.0945,0.0319,0.0327,0.2141,0.2744,0.012,0.0495
CT009634,Zone_04,Zone_08,0.2324,0.0221,0.1659,0.0805,0.1356,0.0236,0.0347,0.2252,0.2324,0.0024,0.0776
CT014245,Zone_04,Zone_07,0.2809,0.0498,0.0562,0.1477,0.073,0.028,0.0327,0.2809,0.2661,0.007,0.0585
CT000710,Zone_08,Zone_07,0.2716,0.0368,0.1459,0.0825,0.1028,0.0331,0.0463,0.2716,0.2181,0.0071,0.0559
CT000870,Zone_01,Zone_07,0.3364,0.0333,0.1195,0.0883,0.0871,0.0274,0.0382,0.3364,0.1954,0.014,0.0603
CT006696,Zone_04,Zone_08,0.2594,0.0735,0.0895,0.1062,0.13,0.0169,0.0315,0.2152,0.2594,0.03,0.0478
CT004804,Zone_08,Zone_07,0.2851,0.0692,0.0797,0.0876,0.11,0.0382,0.0561,0.2851,0.1386,0.0176,0.1178
CT006299,Zone_04,Zone_07,0.268,0.0752,0.084,0.1037,0.0979,0.0333,0.0349,0.268,0.2311,0.0116,0.0603
CT015789,Zone_08,Zone_08,0.2802,0.0456,0.0505,0.0917,0.1054,0.0696,0.1104,0.2014,0.2802,0.0034,0.0418
CT017294,Zone_01,Zone_07,0.2455,0.0708,0.0941,0.1195,0.092,0.0743,0.0322,0.2455,0.2054,0.0074,0.0587
CT016179,Zone_04,Zone_07,0.2554,0.0846,0.083,0.0891,0.1417,0.0298,0.0353,0.2554,0.2198,0.0074,0.054
CT003183,Zone_08,Zone_07,0.3045,0.039,0.0988,0.0937,0.1242,0.0397,0.049,0.3045,0.1541,0.0099,0.087
CT019007,Zone_06,Zone_07,0.2594,0.0745,0.0828,0.1057,0.0933,0.0478,0.0264,0.2594,0.2417,0.0174,0.051
CT004560,Zone_07,Zone_07,0.2791,0.0406,0.1385,0.0922,0.1516,0.0402,0.0517,0.2791,0.1523,0.0102,0.0437
CT016920,Zone_03,Zone_07,0.2722,0.0468,0.0955,0.0636,0.1383,0.026,0.0362,0.2722,0.2319,0.0272,0.0624
CT013311,Zone_07,Zone_07,0.3425,0.0486,0.0742,0.1154,0.1195,0.0264,0.0198,0.3425,0.1797,0.0092,0.0648
CT006160,Zone_10,Zone_07,0.2986,0.0568,0.0686,0.0782,0.1124,0.0232,0.0323,0.2986,0.2411,0.0285,0.0604
CT015337,Zone_08,Zone_07,0.2428,0.0505,0.1045,0.14,0.1264,0.0773,0.0182,0.2428,0.1799,0.0088,0.0516
CT003326,Zone_07,Zone_07,0.334,0.0835,0.0774,0.0708,0.1047,0.0423,0.0351,0.334,0.1838,0.0111,0.0572
CT006185,Zone_01,Zone_07,0.2734,0.0709,0.0608,0.091,0.1692,0.0593,0.0359,0.2734,0.1707,0.0144,0.0543
CT008840,Zone_08,Zone_08,0.2655,0.0431,0.0763,0.0905,0.1274,0.0373,0.0563,0.2539,0.2655,0.005,0.0446
CT012215,Zone_08,Zone_08,0.256,0.0439,0.0598,0.0783,0.152,0.0329,0.0847,0.2373,0.256,0.0036,0.0515
CT018999,Zone_07,Zone_08,0.2697,0.1075,0.0693,0.0986,0.1138,0.034,0.0486,0.1762,0.2697,0.0086,0.0736
CT005260,Zone_01,Zone_07,0.288,0.0698,0.0869,0.0874,0.1007,0.0323,0.0466,0.288,0.2217,0.0112,0.0555
CT018337,Zone_04,Zone_08,0.2805,0.063,0.0892,0.0607,0.0919,0.0399,0.0321,0.2722,0.2805,0.0086,0.0618
CT011398,Zone_08,Zone_08,0.2364,0.0644,0.065,0.0885,0.1352,0.0546,0.0538,0.2346,0.2364,0.0104,0.0571
CT013822,Zone_06,Zone_07,0.2882,0.0751,0.0494,0.0793,0.1367,0.0274,0.0297,0.2882,0.2502,0.0085,0.0554
CT012567,Zone_08,Zone_07,0.2835,0.0616,0.0696,0.0981,0.114,0.0305,0.0377,0.2835,0.2387,0.0062,0.0602
CT018106,Zone_07,Zone_07,0.3035,0.0827,0.0867,0.1191,0.1517,0.0196,0.0374,0.3035,0.1569,0.0087,0.0337
CT011405,Zone_08,Zone_07,0.2566,0.053,0.0658,0.1193,0.2216,0.0365,0.0329,0.2566,0.1633,0.0148,0.0362
CT015663,Zone_06,Zone_07,0.3491,0.0543,0.0711,0.0975,0.1178,0.0419,0.0236,0.3491,0.1478,0.0094,0.0875
CT010998,Zone_07,Zone_07,0.2649,0.0599,0.0858,0.1134,0.1123,0.0221,0.0381,0.2649,0.2342,0.0122,0.0572
CT010466,Zone_07,Zone_07,0.1948,0.0684,0.094,0.0919,0.1773,0.0411,0.043,0.1948,0.1683,0.0023,0.1189
CT013578,Zone_10,Zone_07,0.2905,0.0598,0.0633,0.0967,0.1326,0.0369,0.0601,0.2905,0.1929,0.0106,0.0567
CT006967,Zone_07,Zone_07,0.3596,0.0462,0.0626,0.1234,0.0763,0.0499,0.0357,0.3596,0.1985,0.008,0.0398
CT010607,Zone_05,Zone_07,0.3238,0.0768,0.0744,0.0797,0.1173,0.0322,0.0327,0.3238,0.1863,0.0161,0.0607
CT019366,Zone_07,Zone_07,0.3369,0.0511,0.0691,0.0779,0.1247,0.0287,0.045,0.3369,0.2089,0.0067,0.051
CT007464,Zone_06,Zone_07,0.2575,0.0312,0.0394,0.0745,0.2166,0.0132,0.0619,0.2575,0.2513,0.0035,0.0509
CT006398,Zone_03,Zone_08,0.2679,0.0465,0.0699,0.0908,0.0995,0.0507,0.056,0.2514,0.2679,0.0187,0.0485
CT017277,Zone_10,Zone_08,0.2733,0.0552,0.0581,0.1469,0.093,0.0268,0.0312,0.2634,0.2733,0.0146,0.0376
CT018199,Zone_07,Zone_07,0.2687,0.0593,0.0684,0.1088,0.0965,0.0328,0.0385,0.2687,0.2536,0.0275,0.0457
CT012748,Zone_04,Zone_07,0.2753,0.0636,0.0755,0.0683,0.1097,0.0408,0.0457,0.2753,0.2422,0.022,0.057
CT000149,Zone_08,Zone_07,0.2728,0.061,0.0691,0.1209,0.108,0.0349,0.0556,0.2728,0.2119,0.013,0.0527
CT019626,Zone_02,Zone_08,0.2533,0.0434,0.0761,0.0991,0.1438,0.0229,0.0878,0.2086,0.2533,0.0021,0.063
CT008011,Zone_10,Zone_07,0.2536,0.0638,0.0834,0.1011,0.1217,0.041,0.0378,0.2536,0.2253,0.0097,0.0626
CT015467,Zone_07,Zone_08,0.3535,0.0434,0.0662,0.0942,0.0964,0.0354,0.0549,0.1883,0.3535,0.0101,0.0576
CT011287,Zone_10,Zone_07,0.3348,0.0981,0.0866,0.0785,0.0952,0.0558,0.0447,0.3348,0.1338,0.0099,0.0626
CT007189,Zone_03,Zone_07,0.2669,0.089,0.0761,0.0737,0.1313,0.0349,0.0482,0.2669,0.2251,0.0057,0.0492
CT010435,Zone_04,Zone_07,0.2355,0.069,0.0959,0.0828,0.1304,0.036,0.0499,0.2355,0.2251,0.0165,0.0589
CT017259,Zone_04,Zone_07,0.2927,0.0532,0.0989,0.1458,0.1031,0.0232,0.0479,0.2927,0.1871,0.0101,0.038
CT017613,Zone_04,Zone_08,0.2511,0.0614,0.071,0.1185,0.1014,0.0559,0.0314,0.2452,0.2511,0.0059,0.0582
CT010625,Zone_08,Zone_08,0.3021,0.0538,0.042,0.0809,0.1032,0.0264,0.0354,0.2834,0.3021,0.0138,0.0589
CT008775,Zone_08,Zone_07,0.332,0.0536,0.077,0.0628,0.1138,0.0345,0.0463,0.332,0.2027,0.0195,0.0577
CT001153,Zone_03,Zone_07,0.2806,0.042,0.1321,0.0844,0.1097,0.0452,0.0412,0.2806,0.1837,0.0076,0.0734
CT018217,Zone_08,Zone_08,0.25,0.0472,0.1864,0.08,0.0884,0.0344,0.0376,0.2336,0.25,0.005,0.0375
CT004556,Zone_07,Zone_08,0.2611,0.079,0.0777,0.066,0.1493,0.0316,0.0408,0.2321,0.2611,0.0188,0.0436
CT018715,Zone_07,Zone_07,0.4737,0.0342,0.0646,0.0563,0.13,0.0412,0.0532,0.4737,0.1246,0.0039,0.0183
CT017330,Zone_03,Zone_07,0.2949,0.0433,0.1018,0.1083,0.1257,0.0393,0.0478,0.2949,0.1789,0.009,0.0511
CT002345,Zone_08,Zone_07,0.2623,0.0593,0.0783,0.1125,0.1109,0.0383,0.0447,0.2623,0.2384,0.0123,0.043
CT002196,Zone_08,Zone_07,0.3209,0.0866,0.0586,0.0928,0.1296,0.0449,0.0467,0.3209,0.1537,0.0061,0.0602
CT005233,Zone_08,Zone_08,0.2407,0.0764,0.1137,0.0813,0.1669,0.0162,0.0237,0.2361,0.2407,0.0022,0.0427
CT008826,Zone_07,Zone_08,0.2428,0.0973,0.0755,0.1357,0.103,0.0333,0.0494,0.2139,0.2428,0.0084,0.0407
CT018546,Zone_07,Zone_07,0.308,0.0411,0.0776,0.111,0.1046,0.0179,0.0458,0.308,0.2186,0.0144,0.0611
CT008726,Zone_06,Zone_07,0.2554,0.0606,0.0849,0.0858,0.1353,0.0353,0.0579,0.2554,0.2265,0.0095,0.0488
CT001878,Zone_04,Zone_07,0.2589,0.0575,0.0757,0.0937,0.1331,0.0361,0.0535,0.2589,0.2231,0.0093,0.0591
CT012711,Zone_07,Zone_07,0.3678,0.071,0.0753,0.0797,0.1315,0.0203,0.0276,0.3678,0.1538,0.0152,0.0577
CT012856,Zone_07,Zone_07,0.2485,0.0637,0.0877,0.1048,0.1583,0.0224,0.0636,0.2485,0.1605,0.0055,0.085
CT012822,Zone_04,Zone_08,0.3018,0.0682,0.0757,0.0937,0.1188,0.0488,0.0353,0.2075,0.3018,0.0118,0.0384
CT001755,Zone_04,Zone_07,0.2872,0.0696,0.0607,0.0615,0.1306,0.0475,0.1358,0.2872,0.1479,0.001,0.058
CT012615,Zone_03,Zone_08,0.2351,0.0523,0.0546,0.1758,0.157,0.0268,0.0418,0.208,0.2351,0.0083,0.0403
CT012617,Zone_07,Zone_07,0.2487,0.0564,0.0591,0.0831,0.16,0.0464,0.037,0.2487,0.2433,0.009,0.057
CT007347,Zone_04,Zone_07,0.3127,0.0562,0.0717,0.0696,0.1262,0.0314,0.0421,0.3127,0.1953,0.0171,0.0777
CT013599,Zone_04,Zone_07,0.2999,0.0661,0.0581,0.0825,0.1409,0.0448,0.0254,0.2999,0.2059,0.0106,0.0657
CT015792,Zone_07,Zone_07,0.2683,0.0703,0.068,0.0927,0.1175,0.0283,0.0393,0.2683,0.2443,0.0148,0.0564
CT018839,Zone_02,Zone_07,0.2839,0.0525,0.0716,0.0898,0.1191,0.0392,0.0382,0.2839,0.2263,0.0183,0.0611
CT001932,Zone_08,Zone_07,0.2305,0.0846,0.0892,0.0989,0.1311,0.035,0.0489,0.2305,0.2087,0.0184,0.0547
CT001394,Zone_02,Zone_07,0.2924,0.0604,0.0555,0.0675,0.1232,0.0375,0.0638,0.2924,0.2259,0.0115,0.0623
CT007076,Zone_08,Zone_07,0.2802,0.1282,0.0855,0.0488,0.1204,0.0346,0.0502,0.2802,0.1725,0.0107,0.0688
CT016131,Zone_02,Zone_07,0.2728,0.0484,0.072,0.1285,0.0949,0.0415,0.0339,0.2728,0.2461,0.0153,0.0466
CT017687,Zone_04,Zone_07,0.2423,0.0497,0.0683,0.0781,0.1261,0.0158,0.0865,0.2423,0.1903,0.0113,0.1315
CT005690,Zone_06,Zone_07,0.333,0.0394,0.0923,0.0556,0.1012,0.0246,0.0672,0.333,0.2399,0.0117,0.0351
CT014108,Zone_01,Zone_08,0.2493,0.055,0.096,0.0822,0.131,0.0323,0.0521,0.2263,0.2493,0.0102,0.0655
CT013335,Zone_08,Zone_07,0.3014,0.048,0.0566,0.0753,0.1315,0.0493,0.0284,0.3014,0.2288,0.0071,0.0736
CT016143,Zone_01,Zone_08,0.3028,0.0638,0.0676,0.0626,0.1215,0.03,0.0618,0.2252,0.3028,0.0117,0.053
CT011875,Zone_07,Zone_07,0.2383,0.0605,0.0948,0.0886,0.122,0.0586,0.0414,0.2383,0.2251,0.0068,0.0638
CT015782,Zone_07,Zone_08,0.2289,0.0692,0.0973,0.0988,0.1647,0.0384,0.025,0.174,0.2289,0.0055,0.0981
CT005171,Zone_08,Zone_07,0.293,0.0732,0.0654,0.0801,0.1129,0.0407,0.0327,0.293,0.2389,0.0119,0.0513
CT013015,Zone_04,Zone_07,0.288,0.0793,0.0848,0.1169,0.0828,0.0547,0.0343,0.288,0.2034,0.0215,0.0344
CT009135,Zone_02,Zone_07,0.2856,0.0606,0.0611,0.0817,0.1366,0.0286,0.0495,0.2856,0.2185,0.0078,0.07
CT011714,Zone_04,Zone_08,0.2889,0.0442,0.0989,0.0532,0.0985,0.034,0.0515,0.2353,0.2889,0.0096,0.0858
CT019739,Zone_04,Zone_08,0.3167,0.0462,0.0565,0.0664,0.1177,0.0281,0.0107,0.233,0.3167,0.0016,0.1232
CT010826,Zone_08,Zone_08,0.2262,0.0717,0.0563,0.086,0.1408,0.0411,0.0349,0.221,0.2262,0.0055,0.1166
CT006293,Zone_06,Zone_07,0.2524,0.0671,0.1056,0.0743,0.1254,0.0445,0.035,0.2524,0.2144,0.0089,0.0724
CT017518,Zone_02,Zone_08,0.2478,0.0624,0.0671,0.0824,0.1514,0.0488,0.0457,0.2374,0.2478,0.0071,0.0498
CT009029,Zone_02,Zone_07,0.3674,0.0885,0.0721,0.0664,0.1058,0.0504,0.0458,0.3674,0.1088,0.0144,0.0804
CT007188,Zone_04,Zone_07,0.266,0.0552,0.0516,0.0811,0.1241,0.0305,0.0698,0.266,0.2555,0.0192,0.047
CT007876,Zone_03,Zone_07,0.3081,0.0581,0.083,0.0764,0.2471,0.0404,0.0569,0.3081,0.0875,0.0048,0.0377
CT004775,Zone_02,Zone_07,0.3316,0.0606,0.0819,0.0634,0.1299,0.0163,0.0457,0.3316,0.2301,0.0128,0.0277
CT009804,Zone_07,Zone_07,0.3119,0.0551,0.0861,0.0875,0.1049,0.0296,0.0478,0.3119,0.2173,0.0076,0.0523
CT018108,Zone_08,Zone_07,0.3352,0.058,0.0726,0.0854,0.1116,0.0258,0.0584,0.3352,0.196,0.0085,0.0484
CT005918,Zone_07,Zone_07,0.2891,0.047,0.0735,0.0835,0.15,0.0451,0.0655,0.2891,0.16,0.008,0.0783
CT001461,Zone_07,Zone_07,0.2311,0.0734,0.0722,0.1195,0.127,0.0613,0.0351,0.2311,0.188,0.0084,0.0839
CT018162,Zone_07,Zone_08,0.316,0.0465,0.0588,0.0782,0.0967,0.0306,0.0518,0.2609,0.316,0.0096,0.0509
CT007729,Zone_08,Zone_07,0.304,0.0591,0.052,0.0911,0.1145,0.0277,0.0374,0.304,0.2645,0.0107,0.039
CT003401,Zone_02,Zone_07,0.2627,0.0598,0.0689,0.1073,0.1352,0.0272,0.0392,0.2627,0.2209,0.0071,0.0717
CT002293,Zone_08,Zone_08,0.2422,0.0949,0.0474,0.1002,0.1732,0.0313,0.0377,0.2143,0.2422,0.005,0.0537
CT017134,Zone_03,Zone_07,0.2496,0.0629,0.0678,0.0888,0.1145,0.0375,0.043,0.2496,0.2411,0.0079,0.0868
CT015518,Zone_07,Zone_07,0.278,0.0328,0.1093,0.0875,0.0876,0.0493,0.0332,0.278,0.243,0.022,0.0572
CT007854,Zone_08,Zone_07,0.2867,0.0563,0.0629,0.0827,0.1441,0.0388,0.046,0.2867,0.2027,0.0172,0.0625
CT019179,Zone_07,Zone_08,0.2457,0.0446,0.0761,0.0619,0.1929,0.0163,0.0416,0.2063,0.2457,0.0055,0.1092
CT002430,Zone_07,Zone_07,0.2992,0.0299,0.0771,0.0799,0.0827,0.0371,0.1203,0.2992,0.2236,0.0224,0.0277
CT001082,Zone_06,Zone_08,0.3633,0.0471,0.0702,0.0809,0.106,0.0393,0.0248,0.2158,0.3633,0.0058,0.0469
CT010815,Zone_03,Zone_07,0.3839,0.0556,0.0326,0.0479,0.1557,0.024,0.0921,0.3839,0.116,0.0122,0.0801
CT007868,Zone_01,Zone_07,0.2928,0.0731,0.0548,0.1356,0.0962,0.0464,0.0364,0.2928,0.1937,0.0121,0.059
CT016836,Zone_08,Zone_07,0.1986,0.0991,0.0746,0.1231,0.1304,0.027,0.1009,0.1986,0.1931,0.009,0.0442
CT011234,Zone_07,Zone_07,0.2863,0.061,0.0787,0.0676,0.1689,0.0469,0.0398,0.2863,0.1646,0.008,0.0782
CT014200,Zone_08,Zone_07,0.3129,0.0652,0.0973,0.0763,0.1061,0.0345,0.0682,0.3129,0.1789,0.0084,0.0524
CT016862,Zone_07,Zone_07,0.2852,0.055,0.0795,0.1,0.1123,0.0295,0.0356,0.2852,0.2279,0.0077,0.0673
CT010787,Zone_08,Zone_07,0.3099,0.0634,0.0618,0.0789,0.111,0.0351,0.0424,0.3099,0.2311,0.007,0.0594
CT007485,Zone_04,Zone_08,0.2804,0.0748,0.0963,0.068,0.1083,0.0173,0.0426,0.2648,0.2804,0.007,0.0404
CT018266,Zone_08,Zone_07,0.3002,0.0478,0.0684,0.0688,0.1578,0.0268,0.0538,0.3002,0.2195,0.0124,0.0447
CT004758,Zone_10,Zone_07,0.3044,0.052,0.0679,0.0704,0.088,0.0349,0.0438,0.3044,0.2676,0.0061,0.0649
CT014475,Zone_08,Zone_07,0.2318,0.0949,0.1195,0.0925,0.0946,0.0556,0.0355,0.2318,0.2115,0.0123,0.0519
CT009818,Zone_02,Zone_07,0.2711,0.0482,0.1261,0.0946,0.1502,0.0381,0.0317,0.2711,0.2012,0.0033,0.0354
CT005617,Zone_08,Zone_07,0.2957,0.0858,0.0686,0.0898,0.1231,0.0313,0.0386,0.2957,0.2196,0.0099,0.0377
CT006622,Zone_04,Zone_07,0.3573,0.0583,0.0752,0.0942,0.1092,0.0149,0.0399,0.3573,0.1929,0.0053,0.0527
CT017041,Zone_08,Zone_07,0.2622,0.0702,0.0765,0.0921,0.1441,0.0407,0.0345,0.2622,0.2129,0.0113,0.0555
CT017105,Zone_02,Zone_08,0.2821,0.0485,0.0597,0.0733,0.1249,0.0369,0.0563,0.2592,0.2821,0.0203,0.0388
CT000635,Zone_02,Zone_07,0.3064,0.0537,0.0738,0.0911,0.1127,0.0414,0.0479,0.3064,0.2079,0.0132,0.0519
CT005251,Zone_08,Zone_07,0.3267,0.0729,0.0988,0.0733,0.1397,0.0315,0.028,0.3267,0.1868,0.0066,0.0358
CT007167,Zone_07,Zone_07,0.2459,0.0374,0.1375,0.0972,0.116,0.0366,0.0362,0.2459,0.2367,0.01,0.0466
CT010911,Zone_07,Zone_07,0.2404,0.0469,0.0963,0.1113,0.1233,0.0303,0.0516,0.2404,0.2288,0.0123,0.0587
CT003549,Zone_03,Zone_08,0.2406,0.0491,0.0585,0.0772,0.1921,0.0497,0.0423,0.2266,0.2406,0.0096,0.0542
CT010893,Zone_07,Zone_08,0.2443,0.111,0.0693,0.0979,0.1201,0.048,0.0349,0.1845,0.2443,0.0064,0.0835
CT007509,Zone_08,Zone_07,0.302,0.0472,0.0598,0.0767,0.131,0.0375,0.0433,0.302,0.2161,0.0146,0.0717
CT016140,Zone_10,Zone_07,0.3075,0.0577,0.076,0.0898,0.1329,0.0352,0.0367,0.3075,0.2007,0.0105,0.053
CT019596,Zone_07,Zone_07,0.2537,0.0602,0.0896,0.09,0.1162,0.0393,0.0507,0.2537,0.204,0.0116,0.0848
CT000648,Zone_07,Zone_07,0.2904,0.0293,0.0601,0.1,0.1448,0.0258,0.0312,0.2904,0.2686,0.0022,0.0476
CT002824,Zone_10,Zone_07,0.2898,0.0778,0.0684,0.0677,0.1207,0.022,0.0429,0.2898,0.2661,0.0062,0.0385
CT007843,Zone_02,Zone_07,0.2778,0.0579,0.0711,0.1031,0.1149,0.0373,0.0445,0.2778,0.2252,0.0102,0.0579
CT006691,Zone_08,Zone_07,0.2435,0.0753,0.0938,0.1195,0.1207,0.0568,0.0355,0.2435,0.2003,0.007,0.0476
CT004302,Zone_08,Zone_07,0.2329,0.0756,0.0832,0.1082,0.1456,0.0358,0.0392,0.2329,0.2068,0.0072,0.0654
CT018783,Zone_01,Zone_07,0.2365,0.0664,0.1366,0.0597,0.0956,0.0477,0.0833,0.2365,0.2285,0.0197,0.0261
CT007675,Zone_08,Zone_07,0.2458,0.0532,0.0562,0.0813,0.1824,0.0245,0.0629,0.2458,0.1962,0.0426,0.0549
CT015878,Zone_09,Zone_07,0.2812,0.079,0.0663,0.0857,0.1764,0.0344,0.0221,0.2812,0.1413,0.0196,0.094
CT013746,Zone_06,Zone_08,0.2549,0.0377,0.0674,0.0741,0.1741,0.0339,0.0527,0.2341,0.2549,0.0094,0.0616
CT002016,Zone_07,Zone_07,0.2516,0.0688,0.0844,0.0839,0.1412,0.034,0.0509,0.2516,0.233,0.0068,0.0452
CT010884,Zone_07,Zone_07,0.2718,0.0451,0.0715,0.1353,0.126,0.0236,0.0338,0.2718,0.2126,0.0045,0.0758
CT018354,Zone_08,Zone_07,0.3472,0.0583,0.0685,0.075,0.1355,0.0466,0.0253,0.3472,0.1506,0.0077,0.0853
CT000274,Zone_08,Zone_08,0.2299,0.0613,0.1617,0.0885,0.1178,0.0416,0.0603,0.1763,0.2299,0.0066,0.056
CT000834,Zone_07,Zone_07,0.4823,0.0466,0.0896,0.0677,0.0818,0.0386,0.0252,0.4823,0.1007,0.021,0.0466
CT013441,Zone_07,Zone_08,0.2736,0.0754,0.0675,0.083,0.098,0.0358,0.0488,0.2378,0.2736,0.0078,0.0723
CT008528,Zone_08,Zone_07,0.258,0.0642,0.1032,0.1323,0.1046,0.0264,0.0441,0.258,0.225,0.0106,0.0315
CT002089,Zone_08,Zone_07,0.275,0.0952,0.0697,0.0824,0.1786,0.036,0.0381,0.275,0.166,0.0123,0.0467
CT017079,Zone_07,Zone_08,0.3242,0.0564,0.0481,0.1063,0.086,0.0283,0.0275,0.2612,0.3242,0.0085,0.0536
CT013141,Zone_08,Zone_08,0.2595,0.0919,0.0654,0.0911,0.118,0.0264,0.0453,0.217,0.2595,0.0096,0.0759
CT015863,Zone_08,Zone_07,0.2597,0.0757,0.091,0.0844,0.1725,0.0277,0.0306,0.2597,0.1974,0.0084,0.0526
CT017405,Zone_04,Zone_07,0.2567,0.0524,0.0299,0.1385,0.2227,0.0334,0.0415,0.2567,0.151,0.0029,0.0709
CT000004,Zone_07,Zone_08,0.2441,0.0785,0.0798,0.0772,0.1376,0.0231,0.0286,0.2229,0.2441,0.0142,0.094
CT014671,Zone_08,Zone_07,0.2842,0.0665,0.0688,0.0809,0.1437,0.0312,0.0604,0.2842,0.1887,0.011,0.0645
CT018080,Zone_10,Zone_07,0.2755,0.0536,0.1234,0.07,0.1475,0.0312,0.0422,0.2755,0.1976,0.0166,0.0425
CT008997,Zone_07,Zone_07,0.2269,0.0959,0.0717,0.0605,0.2036,0.0314,0.0382,0.2269,0.1907,0.0093,0.0719
CT009484,Zone_07,Zone_07,0.2756,0.0449,0.0878,0.0893,0.1338,0.0458,0.05,0.2756,0.2235,0.0141,0.0353
CT007594,Zone_07,Zone_07,0.2458,0.0863,0.0887,0.0667,0.1433,0.0289,0.0692,0.2458,0.21,0.0131,0.0479
CT001946,Zone_06,Zone_07,0.2895,0.04,0.0821,0.1301,0.0954,0.0566,0.0393,0.2895,0.1948,0.0115,0.0606
CT003677,Zone_04,Zone_07,0.2151,0.0383,0.0778,0.116,0.1955,0.0483,0.0325,0.2151,0.2135,0.0036,0.0594
CT013781,Zone_05,Zone_07,0.2669,0.0692,0.0849,0.0856,0.1302,0.0601,0.0521,0.2669,0.1914,0.0088,0.0508
CT011573,Zone_04,Zone_08,0.239,0.0683,0.0614,0.1447,0.1045,0.0353,0.0419,0.2084,0.239,0.0078,0.0888
CT006946,Zone_07,Zone_07,0.2599,0.0908,0.0809,0.1025,0.1559,0.0384,0.0547,0.2599,0.169,0.0092,0.0387
CT016590,Zone_07,Zone_08,0.3227,0.0435,0.0518,0.0714,0.0781,0.0282,0.0334,0.2468,0.3227,0.0088,0.1153
CT000519,Zone_02,Zone_07,0.3941,0.0654,0.0423,0.0363,0.1387,0.0614,0.0242,0.3941,0.1632,0.0186,0.0558
CT009197,Zone_07,Zone_07,0.2185,0.0786,0.0888,0.1135,0.1391,0.0313,0.0657,0.2185,0.2082,0.0076,0.0488
CT018275,Zone_04,Zone_07,0.295,0.0463,0.0607,0.1081,0.143,0.0182,0.0377,0.295,0.2251,0.0071,0.0588
CT003564,Zone_01,Zone_07,0.3418,0.0526,0.0608,0.123,0.1232,0.023,0.0256,0.3418,0.2085,0.0032,0.0383
CT016333,Zone_10,Zone_08,0.2813,0.0595,0.0554,0.0726,0.11,0.0448,0.0323,0.2424,0.2813,0.0132,0.0886
CT007045,Zone_10,Zone_08,0.2281,0.0546,0.1032,0.0674,0.1282,0.0632,0.0792,0.2235,0.2281,0.0036,0.0489
CT016462,Zone_06,Zone_07,0.2392,0.06,0.0574,0.0839,0.1709,0.0345,0.0474,0.2392,0.2242,0.006,0.0766
CT000365,Zone_07,Zone_08,0.2464,0.0477,0.0991,0.0875,0.1117,0.0765,0.0393,0.232,0.2464,0.0176,0.0422
CT000499,Zone_05,Zone_07,0.2367,0.0606,0.0669,0.1099,0.1789,0.0535,0.0469,0.2367,0.1833,0.0131,0.0501
CT009009,Zone_07,Zone_07,0.2811,0.0494,0.0823,0.0767,0.1333,0.0341,0.0394,0.2811,0.25,0.0073,0.0464
CT000798,Zone_03,Zone_07,0.3831,0.0476,0.0659,0.0757,0.1212,0.039,0.0287,0.3831,0.1752,0.0126,0.0509
CT006957,Zone_04,Zone_08,0.3025,0.0658,0.0711,0.0761,0.1247,0.036,0.0482,0.2409,0.3025,0.0062,0.0286
CT014209,Zone_02,Zone_07,0.3073,0.0477,0.0762,0.0946,0.1077,0.0376,0.034,0.3073,0.2069,0.0109,0.077
CT016579,Zone_08,Zone_08,0.2323,0.0709,0.0714,0.099,0.1842,0.0363,0.0468,0.2003,0.2323,0.0145,0.0445
CT018620,Zone_07,Zone_07,0.2818,0.0404,0.0935,0.0842,0.1181,0.0503,0.0611,0.2818,0.2033,0.0103,0.057
CT005821,Zone_07,Zone_07,0.2631,0.0347,0.1111,0.1041,0.123,0.0295,0.0421,0.2631,0.23,0.0052,0.0572
CT019570,Zone_07,Zone_07,0.2444,0.0703,0.0779,0.0913,0.1584,0.0365,0.0399,0.2444,0.2075,0.0093,0.0645
CT011046,Zone_07,Zone_07,0.198,0.0419,0.1675,0.0686,0.1114,0.0643,0.0277,0.198,0.1872,0.0232,0.1102
CT003683,Zone_08,Zone_07,0.3658,0.0722,0.0579,0.0998,0.0688,0.0824,0.0544,0.3658,0.1407,0.0056,0.0524
CT010246,Zone_07,Zone_07,0.3081,0.0775,0.0762,0.0926,0.108,0.0429,0.0338,0.3081,0.1988,0.0068,0.0554
CT002626,Zone_08,Zone_07,0.2586,0.0442,0.0951,0.1072,0.1358,0.0481,0.0318,0.2586,0.2127,0.0084,0.0581
CT019623,Zone_07,Zone_07,0.2732,0.0566,0.0789,0.1261,0.1229,0.042,0.0286,0.2732,0.2264,0.005,0.0403
CT007707,Zone_01,Zone_07,0.2304,0.0357,0.0741,0.0976,0.1711,0.0457,0.064,0.2304,0.2179,0.0077,0.0556
CT000189,Zone_07,Zone_07,0.3114,0.0474,0.113,0.0821,0.1356,0.0199,0.03,0.3114,0.2138,0.0051,0.0417
CT009907,Zone_07,Zone_07,0.3078,0.0721,0.0593,0.0536,0.1373,0.0354,0.0253,0.3078,0.2348,0.0071,0.0673
CT018674,Zone_07,Zone_07,0.3066,0.0495,0.0665,0.0716,0.0976,0.0631,0.0705,0.3066,0.1712,0.0068,0.0967
CT006724,Zone_03,Zone_07,0.246,0.0786,0.1148,0.0688,0.1224,0.0323,0.0815,0.246,0.1966,0.009,0.05
CT010070,Zone_03,Zone_07,0.25,0.0663,0.0856,0.1059,0.116,0.0285,0.0642,0.25,0.2008,0.0126,0.0702
CT004690,Zone_08,Zone_08,0.2655,0.0291,0.1475,0.0947,0.1196,0.0364,0.0362,0.2219,0.2655,0.004,0.0453
CT002272,Zone_07,Zone_07,0.2846,0.0669,0.077,0.0697,0.121,0.0572,0.0498,0.2846,0.2074,0.0169,0.0494
CT002305,Zone_08,Zone_07,0.2679,0.0559,0.0643,0.1302,0.1111,0.0434,0.0468,0.2679,0.2041,0.01,0.0662
CT011995,Zone_03,Zone_07,0.2988,0.0529,0.0614,0.0948,0.1341,0.0352,0.0289,0.2988,0.23,0.0148,0.0491
CT011390,Zone_04,Zone_07,0.2506,0.0754,0.0813,0.0959,0.1118,0.0355,0.0447,0.2506,0.2313,0.0076,0.0661
CT011887,Zone_10,Zone_07,0.2616,0.037,0.1486,0.0879,0.0869,0.0271,0.0411,0.2616,0.2479,0.0087,0.0532
CT019356,Zone_02,Zone_08,0.2543,0.0605,0.0828,0.0785,0.1173,0.0473,0.0461,0.2368,0.2543,0.0111,0.0654
CT012603,Zone_06,Zone_07,0.2767,0.0665,0.0898,0.062,0.1561,0.0246,0.0435,0.2767,0.2266,0.0063,0.048
CT009591,Zone_08,Zone_08,0.2738,0.0413,0.0785,0.121,0.1048,0.0356,0.0368,0.2378,0.2738,0.0156,0.0548
CT009766,Zone_08,Zone_08,0.3064,0.0717,0.0602,0.0782,0.104,0.0368,0.0618,0.2305,0.3064,0.0037,0.0467
CT005435,Zone_08,Zone_08,0.2764,0.0552,0.1187,0.0713,0.0892,0.0243,0.0224,0.267,0.2764,0.009,0.0666
CT010919,Zone_07,Zone_08,0.34,0.0362,0.0606,0.0916,0.1113,0.026,0.035,0.2437,0.34,0.0047,0.0507
CT004113,Zone_07,Zone_07,0.2802,0.0689,0.0672,0.0571,0.169,0.0398,0.0367,0.2802,0.1967,0.0284,0.056
CT018095,Zone_08,Zone_07,0.2557,0.052,0.0876,0.0758,0.1348,0.0437,0.0372,0.2557,0.2295,0.0092,0.0745
CT002637,Zone_08,Zone_07,0.3068,0.1108,0.1111,0.1182,0.108,0.0313,0.023,0.3068,0.1319,0.0085,0.0505
CT012005,Zone_01,Zone_07,0.2707,0.0574,0.0607,0.0784,0.1078,0.0525,0.0335,0.2707,0.2598,0.0074,0.0717
CT019006,Zone_07,Zone_08,0.233,0.0483,0.0655,0.1349,0.1304,0.0435,0.0515,0.2256,0.233,0.0086,0.0588
CT006257,Zone_07,Zone_07,0.2785,0.0363,0.1143,0.0626,0.139,0.0764,0.0384,0.2785,0.1105,0.0183,0.1257
CT008235,Zone_06,Zone_07,0.3487,0.0698,0.078,0.0542,0.1287,0.0367,0.037,0.3487,0.1984,0.0049,0.0435
CT000025,Zone_07,Zone_07,0.2871,0.0402,0.0766,0.1545,0.106,0.0461,0.0506,0.2871,0.1743,0.0068,0.0578
CT005515,Zone_03,Zone_07,0.2383,0.0846,0.0486,0.0825,0.2358,0.0449,0.0354,0.2383,0.1608,0.0064,0.0626
CT009726,Zone_07,Zone_08,0.2658,0.0598,0.1022,0.1161,0.1344,0.0195,0.0494,0.1971,0.2658,0.006,0.0496
CT004619,Zone_08,Zone_07,0.2781,0.0577,0.0656,0.1416,0.1357,0.0507,0.0307,0.2781,0.162,0.0098,0.0681
CT019146,Zone_07,Zone_07,0.2929,0.0555,0.1263,0.1089,0.0992,0.0333,0.0291,0.2929,0.2111,0.0081,0.0356
CT013218,Zone_08,Zone_07,0.2714,0.0559,0.0724,0.1081,0.1096,0.0509,0.0283,0.2714,0.2385,0.0116,0.0534
CT014216,Zone_04,Zone_07,0.2952,0.0682,0.0874,0.0987,0.1269,0.0337,0.0323,0.2952,0.2092,0.0055,0.043
CT016420,Zone_03,Zone_07,0.429,0.057,0.0496,0.0513,0.134,0.0655,0.0221,0.429,0.1317,0.0045,0.0552
CT011718,Zone_07,Zone_07,0.2425,0.059,0.062,0.1066,0.1522,0.0373,0.0473,0.2425,0.2338,0.0113,0.0481
CT000591,Zone_06,Zone_07,0.2758,0.043,0.0648,0.1013,0.1669,0.0385,0.0359,0.2758,0.2131,0.0072,0.0534
CT008071,Zone_08,Zone_07,0.3062,0.0517,0.0744,0.1022,0.2221,0.0379,0.0317,0.3062,0.1069,0.0121,0.0548
CT002806,Zone_04,Zone_07,0.282,0.0509,0.0961,0.0987,0.1018,0.0381,0.0398,0.282,0.2162,0.0189,0.0576
CT000931,Zone_04,Zone_08,0.2558,0.0595,0.0747,0.119,0.1181,0.0306,0.0312,0.2499,0.2558,0.0134,0.0477
CT013397,Zone_03,Zone_07,0.2035,0.0747,0.0506,0.1002,0.114,0.1252,0.0667,0.2035,0.1973,0.0133,0.0545
CT005631,Zone_08,Zone_07,0.2746,0.0987,0.0857,0.1133,0.1833,0.0315,0.0296,0.2746,0.1056,0.0101,0.0676
CT012910,Zone_02,Zone_07,0.254,0.0704,0.0783,0.0663,0.1475,0.0501,0.0372,0.254,0.2388,0.0137,0.0437
CT018976,Zone_01,Zone_08,0.3716,0.0776,0.069,0.0422,0.0883,0.0283,0.0438,0.2184,0.3716,0.0247,0.0359
CT004129,Zone_07,Zone_07,0.3004,0.0773,0.0532,0.0751,0.1303,0.0534,0.0338,0.3004,0.1948,0.0133,0.0684
CT005755,Zone_03,Zone_08,0.268,0.0512,0.0956,0.1023,0.1298,0.0305,0.0599,0.2082,0.268,0.0047,0.0498
CT004958,Zone_04,Zone_08,0.217,0.0877,0.0732,0.102,0.1574,0.0333,0.0354,0.2167,0.217,0.0068,0.0706
CT008801,Zone_01,Zone_07,0.2968,0.0462,0.0948,0.0719,0.1128,0.0186,0.0356,0.2968,0.2575,0.0121,0.0535
CT006079,Zone_02,Zone_07,0.3332,0.0452,0.1103,0.0831,0.0873,0.0236,0.0231,0.3332,0.2283,0.0124,0.0536
CT003383,Zone_06,Zone_07,0.2705,0.0598,0.0934,0.0783,0.1269,0.0308,0.0534,0.2705,0.2317,0.008,0.0473
CT007680,Zone_10,Zone_07,0.3,0.0658,0.1132,0.0878,0.1118,0.0451,0.0387,0.3,0.1686,0.0123,0.0566
CT014583,Zone_08,Zone_08,0.2955,0.0845,0.0592,0.0607,0.1601,0.0516,0.0261,0.2067,0.2955,0.019,0.0367
CT005670,Zone_07,Zone_04,0.2596,0.0508,0.0674,0.0444,0.2596,0.0176,0.0321,0.2006,0.2163,0.0081,0.1031
CT013563,Zone_07,Zone_07,0.2553,0.035,0.0936,0.0934,0.1266,0.0489,0.0742,0.2553,0.1918,0.006,0.0751
CT001019,Zone_02,Zone_07,0.2243,0.0994,0.0884,0.1019,0.1308,0.0691,0.047,0.2243,0.1792,0.0118,0.0482
CT018403,Zone_03,Zone_07,0.2683,0.0643,0.0974,0.0713,0.1309,0.0444,0.0551,0.2683,0.1962,0.0137,0.0583
CT007661,Zone_08,Zone_07,0.2779,0.0865,0.0595,0.0802,0.0993,0.0462,0.0482,0.2779,0.2368,0.0131,0.0523
CT008984,Zone_07,Zone_07,0.2832,0.0673,0.0751,0.0844,0.1174,0.0393,0.0402,0.2832,0.2309,0.0103,0.0519
CT018657,Zone_07,Zone_07,0.2855,0.0323,0.0509,0.1124,0.1739,0.0206,0.0208,0.2855,0.2524,0.0108,0.0405
CT000665,Zone_04,Zone_07,0.251,0.0833,0.0569,0.0752,0.0981,0.0433,0.0879,0.251,0.1713,0.0085,0.1245
CT017846,Zone_05,Zone_07,0.2645,0.0591,0.0691,0.1092,0.1742,0.0336,0.0371,0.2645,0.2029,0.0079,0.0423
CT017237,Zone_07,Zone_04,0.2846,0.0418,0.037,0.1157,0.2846,0.0321,0.0383,0.2484,0.146,0.0063,0.0497
CT011357,Zone_07,Zone_08,0.2442,0.064,0.0667,0.0907,0.1725,0.0371,0.0312,0.212,0.2442,0.0079,0.0736
CT000379,Zone_05,Zone_08,0.2334,0.0615,0.0821,0.1727,0.1051,0.0484,0.047,0.1976,0.2334,0.0079,0.0443
CT002307,Zone_07,Zone_07,0.3256,0.0457,0.097,0.0863,0.1297,0.031,0.0397,0.3256,0.1889,0.0121,0.0441
CT004135,Zone_08,Zone_07,0.2266,0.0817,0.0648,0.0905,0.1995,0.0214,0.0382,0.2266,0.214,0.0085,0.0547
CT019063,Zone_08,Zone_07,0.2746,0.0607,0.0693,0.0796,0.1399,0.0423,0.03,0.2746,0.2336,0.0135,0.0566
CT008770,Zone_02,Zone_07,0.2921,0.0558,0.057,0.0928,0.1091,0.0293,0.0371,0.2921,0.2528,0.007,0.0669
CT005241,Zone_03,Zone_07,0.2777,0.0703,0.0734,0.081,0.1265,0.0462,0.0629,0.2777,0.2082,0.0095,0.0444
CT002748,Zone_01,Zone_08,0.2917,0.0346,0.0673,0.1314,0.1098,0.0278,0.0622,0.2246,0.2917,0.008,0.0428
CT004977,Zone_08,Zone_08,0.2299,0.0517,0.0941,0.0625,0.2189,0.0251,0.0504,0.2005,0.2299,0.0106,0.0563
CT008815,Zone_10,Zone_07,0.2373,0.0618,0.0594,0.1314,0.1176,0.0306,0.0325,0.2373,0.2234,0.0086,0.0975
CT001128,Zone_07,Zone_08,0.2544,0.0728,0.0789,0.0899,0.1412,0.0418,0.0612,0.1716,0.2544,0.0108,0.0773
CT009576,Zone_07,Zone_07,0.2975,0.0871,0.0491,0.0586,0.1944,0.0209,0.0262,0.2975,0.2013,0.0114,0.0534
CT006437,Zone_07,Zone_07,0.2715,0.0565,0.0805,0.0816,0.1255,0.0338,0.0481,0.2715,0.2195,0.0137,0.0694
CT001857,Zone_01,Zone_07,0.286,0.0501,0.0856,0.0698,0.1107,0.1074,0.0279,0.286,0.2062,0.0057,0.0506
CT007761,Zone_04,Zone_07,0.291,0.0745,0.0603,0.1515,0.1079,0.0444,0.0432,0.291,0.1759,0.0073,0.044
CT015381,Zone_04,Zone_07,0.2809,0.0369,0.0578,0.0758,0.1497,0.0429,0.0366,0.2809,0.2311,0.0086,0.0795
CT006330,Zone_04,Zone_08,0.2578,0.0497,0.0777,0.1005,0.1332,0.0224,0.0403,0.2428,0.2578,0.0119,0.0637
CT011642,Zone_02,Zone_07,0.3099,0.0713,0.1004,0.1017,0.17,0.0264,0.0469,0.3099,0.0945,0.004,0.0748
CT012271,Zone_07,Zone_08,0.2375,0.0517,0.0928,0.0845,0.189,0.0238,0.0394,0.2293,0.2375,0.0125,0.0397
CT009477,Zone_07,Zone_07,0.2219,0.0834,0.184,0.1411,0.0995,0.0206,0.0749,0.2219,0.1353,0.0099,0.0292
CT000799,Zone_08,Zone_08,0.2592,0.0863,0.0692,0.1054,0.1015,0.0406,0.0425,0.2182,0.2592,0.0073,0.0699
CT015249,Zone_08,Zone_07,0.2466,0.0599,0.0778,0.09,0.1365,0.0473,0.0372,0.2466,0.2147,0.0119,0.0781
CT012845,Zone_01,Zone_07,0.2977,0.0578,0.0887,0.0836,0.1174,0.0327,0.0367,0.2977,0.2224,0.0076,0.0554
CT015761,Zone_04,Zone_07,0.2407,0.0464,0.0785,0.1641,0.1572,0.0308,0.0539,0.2407,0.1849,0.0022,0.0414
CT006996,Zone_07,Zone_07,0.3555,0.0415,0.0784,0.0625,0.1283,0.044,0.0306,0.3555,0.1935,0.0081,0.0577
CT017459,Zone_07,Zone_07,0.2991,0.068,0.0875,0.0851,0.1196,0.0353,0.0563,0.2991,0.186,0.0099,0.0532
CT001393,Zone_03,Zone_07,0.2882,0.0699,0.0723,0.0901,0.1116,0.0428,0.039,0.2882,0.2098,0.0129,0.0634
CT001828,Zone_08,Zone_07,0.3258,0.0506,0.1522,0.106,0.0687,0.0274,0.0537,0.3258,0.1586,0.0204,0.0365
CT005058,Zone_07,Zone_07,0.2531,0.0599,0.0827,0.0678,0.1154,0.0391,0.0665,0.2531,0.2414,0.0105,0.0638
CT015957,Zone_08,Zone_08,0.2559,0.0836,0.1201,0.0794,0.1076,0.0412,0.0309,0.2249,0.2559,0.0098,0.0467
CT009099,Zone_07,Zone_07,0.2729,0.0497,0.0745,0.0854,0.1541,0.0249,0.0463,0.2729,0.2228,0.0154,0.0539
CT004677,Zone_03,Zone_07,0.2896,0.0719,0.07,0.1134,0.0946,0.0378,0.0771,0.2896,0.1936,0.0073,0.0446
CT000021,Zone_07,Zone_07,0.4091,0.0244,0.1051,0.0534,0.1366,0.0431,0.0484,0.4091,0.1199,0.011,0.049
CT002026,Zone_05,Zone_07,0.2786,0.0567,0.0641,0.0977,0.1422,0.0399,0.0414,0.2786,0.2046,0.0151,0.0597
CT011921,Zone_07,Zone_08,0.3027,0.0525,0.0671,0.0778,0.13,0.0483,0.0495,0.2025,0.3027,0.0253,0.0443
CT009727,Zone_04,Zone_08,0.2348,0.079,0.056,0.0921,0.1376,0.0467,0.0529,0.2205,0.2348,0.0074,0.073
CT002738,Zone_07,Zone_07,0.2637,0.076,0.0864,0.1011,0.1355,0.037,0.0366,0.2637,0.2019,0.0098,0.0521
CT003420,Zone_07,Zone_07,0.3071,0.0555,0.0624,0.086,0.0983,0.0375,0.0508,0.3071,0.2325,0.0091,0.0607
CT011022,Zone_10,Zone_07,0.3899,0.0461,0.0706,0.1205,0.1096,0.0273,0.0291,0.3899,0.1437,0.0251,0.0383
CT014142,Zone_01,Zone_07,0.2892,0.0564,0.0883,0.0789,0.1278,0.0366,0.0414,0.2892,0.1924,0.0083,0.0806
CT003589,Zone_07,Zone_07,0.2953,0.0772,0.0755,0.062,0.1375,0.0217,0.0296,0.2953,0.2159,0.017,0.0683
CT004278,Zone_07,Zone_07,0.2526,0.0424,0.0837,0.0476,0.1248,0.0528,0.046,0.2526,0.2401,0.0207,0.0894
CT009746,Zone_07,Zone_08,0.2423,0.0799,0.0735,0.0864,0.1488,0.034,0.0448,0.2379,0.2423,0.0085,0.0438
CT017231,Zone_01,Zone_07,0.4021,0.0524,0.0673,0.0672,0.0845,0.0525,0.0439,0.4021,0.1744,0.0148,0.0408
CT017411,Zone_08,Zone_08,0.2889,0.0521,0.0976,0.1188,0.1055,0.0275,0.0275,0.1912,0.2889,0.0161,0.0749
CT011842,Zone_07,Zone_07,0.2686,0.0726,0.0768,0.0726,0.14,0.0448,0.0619,0.2686,0.1906,0.0074,0.0647
CT019969,Zone_08,Zone_07,0.3944,0.0376,0.0508,0.0931,0.14,0.0306,0.0234,0.3944,0.1725,0.0103,0.0474
CT009145,Zone_02,Zone_08,0.2693,0.0611,0.0694,0.0948,0.1392,0.0552,0.0771,0.176,0.2693,0.0056,0.0524
CT005106,Zone_08,Zone_08,0.2654,0.0642,0.0646,0.0702,0.1495,0.0348,0.0318,0.2487,0.2654,0.0025,0.0683
CT019795,Zone_07,Zone_07,0.2735,0.086,0.0629,0.0874,0.1646,0.0424,0.0256,0.2735,0.207,0.008,0.0426
CT004216,Zone_01,Zone_08,0.235,0.0663,0.0758,0.0851,0.1099,0.0273,0.1095,0.2152,0.235,0.0163,0.0595
CT017712,Zone_08,Zone_07,0.2678,0.0783,0.1205,0.0723,0.0833,0.0304,0.0361,0.2678,0.2296,0.0159,0.0658
CT015870,Zone_06,Zone_07,0.294,0.0907,0.0619,0.0723,0.1081,0.0287,0.033,0.294,0.2334,0.0087,0.0691
CT007470,Zone_08,Zone_07,0.2895,0.0549,0.0813,0.0963,0.0784,0.0185,0.0352,0.2895,0.2684,0.0129,0.0646
CT012989,Zone_08,Zone_07,0.3062,0.0551,0.1054,0.0834,0.1076,0.0346,0.027,0.3062,0.2012,0.0269,0.0525
CT000228,Zone_08,Zone_08,0.2308,0.0712,0.0624,0.1665,0.1431,0.0497,0.0324,0.2002,0.2308,0.0058,0.038
CT007027,Zone_08,Zone_07,0.2911,0.0477,0.0666,0.0848,0.1363,0.0225,0.0376,0.2911,0.2478,0.0147,0.0508
CT009902,Zone_01,Zone_08,0.2967,0.0378,0.0517,0.0697,0.1114,0.0257,0.0535,0.2735,0.2967,0.016,0.0641
CT004096,Zone_04,Zone_07,0.3321,0.0595,0.0545,0.0865,0.1117,0.0366,0.0427,0.3321,0.2051,0.0091,0.062
CT015712,Zone_08,Zone_08,0.2587,0.1042,0.1084,0.0941,0.1125,0.0212,0.0897,0.1777,0.2587,0.0061,0.0273
CT001364,Zone_02,Zone_08,0.264,0.0566,0.1105,0.0677,0.0919,0.0677,0.0327,0.2057,0.264,0.02,0.0832
CT019900,Zone_04,Zone_07,0.2997,0.1554,0.0563,0.0847,0.0945,0.022,0.0491,0.2997,0.1723,0.0085,0.0575
CT015903,Zone_07,Zone_07,0.2501,0.054,0.0953,0.1088,0.0883,0.0854,0.0815,0.2501,0.1734,0.0042,0.0591
CT015359,Zone_08,Zone_07,0.2397,0.0782,0.0849,0.0795,0.1143,0.0345,0.0528,0.2397,0.231,0.0116,0.0734
CT013499,Zone_03,Zone_08,0.3084,0.0916,0.0518,0.0624,0.1408,0.0223,0.0904,0.1953,0.3084,0.0039,0.033
CT009730,Zone_10,Zone_07,0.2579,0.0706,0.0668,0.0769,0.1433,0.0416,0.0854,0.2579,0.1776,0.0173,0.0626
CT003894,Zone_08,Zone_07,0.2717,0.0674,0.0824,0.0762,0.1391,0.0362,0.0443,0.2717,0.223,0.0147,0.0449
CT004141,Zone_05,Zone_07,0.2305,0.0802,0.0836,0.0911,0.1588,0.0286,0.0238,0.2305,0.2297,0.0111,0.0627
CT002903,Zone_03,Zone_07,0.2694,0.0729,0.0833,0.0882,0.1396,0.0296,0.0356,0.2694,0.2072,0.0147,0.0594
CT017997,Zone_07,Zone_07,0.2439,0.0645,0.0723,0.0791,0.1521,0.0351,0.0337,0.2439,0.219,0.022,0.0784
CT004277,Zone_08,Zone_07,0.2856,0.0541,0.0613,0.1004,0.1065,0.05,0.0238,0.2856,0.2467,0.0088,0.0629
CT004384,Zone_08,Zone_08,0.3022,0.0544,0.0874,0.0635,0.1354,0.0334,0.0463,0.2048,0.3022,0.0076,0.0652
CT009218,Zone_09,Zone_07,0.2191,0.1179,0.0588,0.0739,0.1345,0.0554,0.0822,0.2191,0.1895,0.0174,0.0513
CT013044,Zone_08,Zone_07,0.2131,0.0563,0.172,0.1418,0.0977,0.0217,0.0349,0.2131,0.1998,0.0168,0.046
CT011960,Zone_01,Zone_07,0.2688,0.0452,0.0626,0.0885,0.1594,0.0327,0.0361,0.2688,0.224,0.0112,0.0715
CT002194,Zone_02,Zone_07,0.2561,0.0559,0.0838,0.0806,0.1391,0.0365,0.038,0.2561,0.2433,0.0093,0.0575
CT009704,Zone_04,Zone_07,0.2776,0.0431,0.0416,0.0861,0.1512,0.0675,0.0314,0.2776,0.2535,0.0066,0.0414
CT015082,Zone_07,Zone_07,0.2572,0.0934,0.0836,0.0775,0.1495,0.0401,0.0433,0.2572,0.1903,0.009,0.0561
CT008292,Zone_10,Zone_07,0.2572,0.0804,0.112,0.0647,0.152,0.0365,0.0538,0.2572,0.1998,0.0166,0.027
CT001245,Zone_04,Zone_07,0.262,0.058,0.0766,0.1087,0.1225,0.0341,0.0508,0.262,0.226,0.0057,0.0555
CT013982,Zone_04,Zone_07,0.2395,0.0431,0.0857,0.0863,0.1707,0.0453,0.0415,0.2395,0.238,0.0062,0.0437
CT005004,Zone_03,Zone_07,0.2612,0.0632,0.0749,0.113,0.0972,0.0526,0.0419,0.2612,0.2225,0.0102,0.0633
CT019674,Zone_01,Zone_07,0.3054,0.0568,0.1089,0.077,0.1065,0.0234,0.0559,0.3054,0.2024,0.0045,0.0592
CT019876,Zone_07,Zone_08,0.2122,0.0639,0.192,0.0563,0.1689,0.025,0.0408,0.1798,0.2122,0.0275,0.0335
CT010238,Zone_01,Zone_07,0.2658,0.0802,0.0519,0.0873,0.1807,0.018,0.0359,0.2658,0.2018,0.0005,0.078
CT015704,Zone_07,Zone_08,0.3193,0.0754,0.0492,0.121,0.1002,0.0401,0.0606,0.2038,0.3193,0.0072,0.0232
CT005710,Zone_07,Zone_07,0.2535,0.0697,0.0777,0.1143,0.1409,0.0221,0.0552,0.2535,0.2063,0.0205,0.0398
CT016476,Zone_07,Zone_07,0.3012,0.0479,0.069,0.1288,0.1141,0.0465,0.0286,0.3012,0.1906,0.0185,0.0547
CT012045,Zone_03,Zone_07,0.3204,0.0735,0.0696,0.0846,0.1198,0.0446,0.0299,0.3204,0.1872,0.0133,0.0571
CT012895,Zone_08,Zone_07,0.2673,0.0641,0.0896,0.0927,0.1047,0.0424,0.0669,0.2673,0.2147,0.0096,0.0481
CT002675,Zone_08,Zone_07,0.3524,0.062,0.0627,0.0891,0.106,0.0313,0.037,0.3524,0.199,0.0083,0.0521
CT007639,Zone_07,Zone_07,0.317,0.0509,0.0788,0.0808,0.1495,0.0301,0.0426,0.317,0.1806,0.0121,0.0577
CT019239,Zone_08,Zone_07,0.2517,0.0664,0.0847,0.0976,0.1421,0.0394,0.0463,0.2517,0.2103,0.0085,0.0531
CT006209,Zone_02,Zone_08,0.2618,0.0639,0.0735,0.1024,0.101,0.0258,0.0433,0.2559,0.2618,0.0089,0.0633
CT000590,Zone_02,Zone_07,0.283,0.0459,0.0755,0.0938,0.1154,0.0348,0.0381,0.283,0.2387,0.0185,0.0563
CT001810,Zone_03,Zone_07,0.3224,0.0957,0.08,0.0418,0.1608,0.036,0.033,0.3224,0.143,0.0155,0.0718
CT004647,Zone_06,Zone_07,0.2958,0.0819,0.0722,0.0798,0.1073,0.0478,0.0507,0.2958,0.2024,0.0075,0.0546
CT012618,Zone_08,Zone_07,0.2649,0.0729,0.0719,0.0656,0.125,0.0296,0.0548,0.2649,0.2429,0.0077,0.0649
CT018307,Zone_08,Zone_07,0.2629,0.0509,0.0577,0.1022,0.1716,0.0685,0.0357,0.2629,0.1816,0.011,0.058
CT002544,Zone_04,Zone_07,0.2538,0.0679,0.1064,0.0784,0.1021,0.0384,0.0383,0.2538,0.2512,0.014,0.0493
CT017760,Zone_02,Zone_08,0.2465,0.0774,0.0802,0.0889,0.1774,0.0515,0.038,0.1874,0.2465,0.0152,0.0376
CT007426,Zone_01,Zone_07,0.3475,0.0469,0.0589,0.0755,0.1573,0.0219,0.0211,0.3475,0.2056,0.0087,0.0566
CT019264,Zone_04,Zone_07,0.2099,0.0743,0.098,0.1074,0.1197,0.0345,0.0441,0.2099,0.2035,0.0405,0.068
CT016988,Zone_08,Zone_07,0.2357,0.0308,0.1507,0.0671,0.2202,0.0221,0.0639,0.2357,0.1704,0.0058,0.0332
CT018076,Zone_07,Zone_07,0.2747,0.0498,0.099,0.0813,0.1057,0.0384,0.0484,0.2747,0.2364,0.0125,0.0539
CT017096,Zone_07,Zone_07,0.2657,0.0636,0.0771,0.0811,0.1258,0.0409,0.0607,0.2657,0.2252,0.012,0.0477
CT010558,Zone_02,Zone_08,0.2531,0.0689,0.0703,0.1088,0.1469,0.0343,0.0391,0.2293,0.2531,0.0153,0.034
CT015796,Zone_08,Zone_07,0.261,0.0799,0.0824,0.0736,0.1368,0.0337,0.0319,0.261,0.2254,0.007,0.068
CT000996,Zone_08,Zone_08,0.2549,0.0832,0.0983,0.0849,0.136,0.0278,0.0562,0.2104,0.2549,0.0166,0.0316
CT011879,Zone_02,Zone_07,0.2989,0.0535,0.073,0.1061,0.1016,0.0309,0.0368,0.2989,0.2494,0.0075,0.0423
CT016183,Zone_08,Zone_07,0.3135,0.0507,0.0743,0.103,0.1084,0.0406,0.0453,0.3135,0.1891,0.0104,0.0647
CT007023,Zone_04,Zone_07,0.35,0.0356,0.0755,0.0666,0.1136,0.071,0.0404,0.35,0.1584,0.0197,0.0692
CT011691,Zone_01,Zone_07,0.218,0.0733,0.108,0.0925,0.1892,0.079,0.0306,0.218,0.1564,0.0099,0.0432
CT007275,Zone_08,Zone_08,0.3163,0.0518,0.0627,0.0764,0.1,0.0353,0.0328,0.2741,0.3163,0.0091,0.0416
CT010506,Zone_07,Zone_07,0.2486,0.0645,0.0821,0.1114,0.1144,0.0304,0.0317,0.2486,0.2389,0.0162,0.0617
CT013162,Zone_01,Zone_07,0.3209,0.1091,0.0565,0.0691,0.1457,0.0316,0.0324,0.3209,0.168,0.0122,0.0544
CT000263,Zone_04,Zone_07,0.2853,0.0818,0.0727,0.1033,0.0843,0.03,0.0223,0.2853,0.2479,0.0137,0.0587
CT013020,Zone_01,Zone_07,0.4193,0.0801,0.0501,0.1253,0.0978,0.074,0.0283,0.4193,0.097,0.0013,0.0268
CT003622,Zone_04,Zone_07,0.2349,0.0706,0.0858,0.1339,0.0906,0.0398,0.0311,0.2349,0.2181,0.0081,0.087
CT013210,Zone_06,Zone_07,0.2851,0.0611,0.0777,0.0817,0.1399,0.0359,0.0452,0.2851,0.218,0.0146,0.0409
CT013667,Zone_08,Zone_08,0.257,0.106,0.0574,0.0544,0.0947,0.0347,0.1996,0.1652,0.257,0.0014,0.0296
CT010996,Zone_07,Zone_07,0.2419,0.0493,0.0847,0.1118,0.129,0.0366,0.0452,0.2419,0.2306,0.0067,0.0643
CT003545,Zone_04,Zone_07,0.2806,0.05,0.1098,0.1047,0.1208,0.0266,0.0379,0.2806,0.2053,0.0091,0.0552
CT009035,Zone_08,Zone_07,0.2676,0.0517,0.0794,0.0648,0.1248,0.0515,0.0499,0.2676,0.2444,0.0076,0.0583
CT016735,Zone_05,Zone_07,0.3633,0.127,0.0622,0.0606,0.1077,0.0202,0.0434,0.3633,0.1579,0.0134,0.0442
CT011388,Zone_08,Zone_08,0.297,0.0429,0.0574,0.0879,0.1523,0.0232,0.0305,0.2555,0.297,0.0069,0.0464
CT003756,Zone_04,Zone_07,0.2939,0.0624,0.1177,0.1178,0.1087,0.0458,0.0306,0.2939,0.1429,0.0173,0.0629
CT011814,Zone_09,Zone_07,0.4468,0.0484,0.0498,0.0639,0.134,0.0255,0.044,0.4468,0.1472,0.0064,0.0341
CT001730,Zone_05,Zone_07,0.3312,0.0687,0.0639,0.0761,0.0942,0.0305,0.0287,0.3312,0.2381,0.0089,0.0597
CT008124,Zone_01,Zone_07,0.3445,0.0519,0.0813,0.1063,0.118,0.0238,0.0325,0.3445,0.1677,0.0066,0.0675
CT006832,Zone_07,Zone_07,0.3202,0.0773,0.0577,0.1094,0.1288,0.0185,0.0305,0.3202,0.1804,0.0065,0.0708
CT011607,Zone_08,Zone_07,0.2489,0.0818,0.0726,0.0769,0.101,0.0401,0.0496,0.2489,0.1845,0.0814,0.0633
CT011645,Zone_08,Zone_07,0.2546,0.0585,0.0795,0.1044,0.159,0.0311,0.0454,0.2546,0.1997,0.007,0.0608
CT003881,Zone_08,Zone_07,0.3607,0.0529,0.0655,0.0915,0.1133,0.0377,0.0276,0.3607,0.198,0.0074,0.0453
CT004210,Zone_01,Zone_07,0.3048,0.0508,0.0866,0.0923,0.1275,0.019,0.0381,0.3048,0.2192,0.0156,0.0461
CT001136,Zone_04,Zone_07,0.2544,0.0653,0.0807,0.0939,0.1272,0.0426,0.0372,0.2544,0.2356,0.0093,0.054
CT013221,Zone_07,Zone_08,0.303,0.049,0.0589,0.0609,0.1509,0.0369,0.0396,0.2413,0.303,0.0187,0.0408
CT005363,Zone_03,Zone_07,0.252,0.0545,0.0724,0.093,0.1204,0.0403,0.0465,0.252,0.24,0.0166,0.0643
CT011173,Zone_07,Zone_07,0.2599,0.0662,0.0907,0.0868,0.1051,0.0328,0.0397,0.2599,0.2246,0.0249,0.0694
CT011966,Zone_03,Zone_07,0.2548,0.0623,0.0577,0.0707,0.1322,0.0469,0.0475,0.2548,0.237,0.0052,0.0857
CT002786,Zone_08,Zone_07,0.268,0.0782,0.0653,0.1014,0.1197,0.0351,0.0351,0.268,0.18,0.0251,0.092
CT011519,Zone_04,Zone_07,0.2771,0.0927,0.0831,0.0637,0.1175,0.0347,0.0411,0.2771,0.2385,0.0073,0.0444
CT007994,Zone_07,Zone_07,0.3607,0.0557,0.0829,0.0777,0.1247,0.0257,0.0203,0.3607,0.1889,0.0064,0.0571
CT009900,Zone_06,Zone_08,0.3032,0.0635,0.0458,0.1079,0.1165,0.0337,0.0293,0.232,0.3032,0.0067,0.0613
CT019150,Zone_03,Zone_07,0.3006,0.0515,0.0829,0.1252,0.1107,0.033,0.0402,0.3006,0.1786,0.0087,0.0685
CT015514,Zone_05,Zone_07,0.2837,0.0598,0.0777,0.0637,0.117,0.0198,0.0352,0.2837,0.2618,0.0171,0.0643
CT012875,Zone_05,Zone_07,0.3795,0.0513,0.0956,0.1026,0.075,0.0271,0.0681,0.3795,0.1623,0.0067,0.0318
CT008867,Zone_03,Zone_07,0.3381,0.0538,0.0842,0.0672,0.1241,0.032,0.0279,0.3381,0.1787,0.0091,0.0849
CT017840,Zone_08,Zone_07,0.2554,0.0717,0.0652,0.096,0.1265,0.0336,0.0584,0.2554,0.2066,0.0118,0.0748
CT016251,Zone_01,Zone_07,0.2563,0.0575,0.0717,0.0632,0.1309,0.0217,0.0463,0.2563,0.254,0.008,0.0902
CT007791,Zone_07,Zone_07,0.2496,0.0579,0.1033,0.0774,0.1439,0.0339,0.048,0.2496,0.227,0.0103,0.0489
CT016660,Zone_08,Zone_07,0.2311,0.0322,0.1795,0.0693,0.1428,0.0341,0.0483,0.2311,0.2158,0.0104,0.0367
CT017698,Zone_07,Zone_07,0.3171,0.068,0.0937,0.0875,0.1411,0.0184,0.0339,0.3171,0.158,0.0222,0.0601
CT015884,Zone_07,Zone_07,0.3007,0.0618,0.0718,0.0915,0.1348,0.0314,0.0409,0.3007,0.2068,0.0157,0.0445
CT013757,Zone_10,Zone_07,0.3294,0.0391,0.0887,0.0662,0.1157,0.0346,0.0378,0.3294,0.2091,0.0111,0.0683
CT008196,Zone_07,Zone_07,0.3227,0.0424,0.1157,0.0547,0.1521,0.0307,0.0392,0.3227,0.1689,0.007,0.0666
CT006981,Zone_10,Zone_07,0.3318,0.0648,0.066,0.0737,0.1412,0.0316,0.043,0.3318,0.1701,0.0084,0.0693
CT018845,Zone_04,Zone_07,0.3217,0.0387,0.0525,0.0722,0.1819,0.02,0.0262,0.3217,0.2282,0.0108,0.0478
CT015224,Zone_07,Zone_07,0.277,0.0629,0.0905,0.0993,0.1272,0.0484,0.0481,0.277,0.1793,0.0116,0.0557
CT013273,Zone_06,Zone_07,0.3067,0.0422,0.0743,0.1135,0.1224,0.0428,0.0336,0.3067,0.1956,0.0054,0.0635
CT005156,Zone_02,Zone_08,0.2719,0.0673,0.0825,0.0819,0.1257,0.0409,0.0443,0.2121,0.2719,0.0124,0.061
CT001943,Zone_08,Zone_07,0.2865,0.0488,0.0515,0.1365,0.1159,0.0578,0.0376,0.2865,0.1805,0.0078,0.0771
CT018071,Zone_08,Zone_08,0.2488,0.0494,0.0941,0.0787,0.1045,0.0702,0.0695,0.2199,0.2488,0.0089,0.056
CT018571,Zone_07,Zone_07,0.2894,0.0597,0.0821,0.0841,0.1321,0.026,0.0218,0.2894,0.189,0.0201,0.0957
CT013597,Zone_04,Zone_08,0.3255,0.0458,0.0579,0.0607,0.0928,0.0307,0.0315,0.294,0.3255,0.0073,0.0539
CT007733,Zone_04,Zone_07,0.2719,0.0703,0.087,0.0796,0.103,0.0201,0.034,0.2719,0.2399,0.0134,0.0809
CT009178,Zone_08,Zone_08,0.2576,0.0462,0.0822,0.0687,0.1536,0.0388,0.0432,0.2449,0.2576,0.0147,0.0501
CT002274,Zone_07,Zone_07,0.2854,0.0823,0.0978,0.0832,0.1115,0.0332,0.0475,0.2854,0.1993,0.0117,0.0481
CT014733,Zone_03,Zone_08,0.2411,0.0693,0.1146,0.057,0.1636,0.0362,0.0143,0.19,0.2411,0.0065,0.1076
CT003973,Zone_07,Zone_08,0.2225,0.0869,0.1393,0.0964,0.1072,0.0374,0.0373,0.2124,0.2225,0.005,0.0556
CT001083,Zone_06,Zone_07,0.3067,0.0502,0.0628,0.0965,0.1199,0.0275,0.0353,0.3067,0.2338,0.0108,0.0564
CT014734,Zone_07,Zone_08,0.2672,0.0675,0.0637,0.1137,0.0845,0.0349,0.0476,0.2535,0.2672,0.0089,0.0585
CT003209,Zone_03,Zone_07,0.3062,0.0943,0.1318,0.0645,0.1355,0.0593,0.0223,0.3062,0.135,0.0066,0.0444
CT004237,Zone_05,Zone_07,0.2608,0.0778,0.0983,0.0752,0.0865,0.1377,0.021,0.2608,0.1539,0.0055,0.0833
CT001649,Zone_06,Zone_07,0.2655,0.0498,0.0904,0.0936,0.1111,0.0471,0.0473,0.2655,0.221,0.0074,0.0669
CT010161,Zone_03,Zone_07,0.3009,0.0467,0.0828,0.0765,0.1227,0.0233,0.0769,0.3009,0.1867,0.0074,0.0762
CT009733,Zone_09,Zone_08,0.2175,0.0818,0.0743,0.126,0.1308,0.0683,0.041,0.1945,0.2175,0.0117,0.0541
CT012164,Zone_07,Zone_08,0.3097,0.0587,0.0622,0.1046,0.1244,0.0265,0.0141,0.2491,0.3097,0.0122,0.0383
CT007393,Zone_01,Zone_07,0.304,0.0538,0.0911,0.0775,0.1099,0.0364,0.0346,0.304,0.2341,0.0115,0.0472
CT018371,Zone_08,Zone_07,0.2806,0.0657,0.069,0.0895,0.1199,0.0538,0.039,0.2806,0.2154,0.0094,0.0576
CT010005,Zone_04,Zone_07,0.292,0.067,0.0666,0.0879,0.1209,0.0402,0.0379,0.292,0.229,0.0077,0.0508
CT004173,Zone_09,Zone_07,0.2762,0.0723,0.0807,0.0827,0.121,0.0364,0.0273,0.2762,0.2304,0.0076,0.0653
CT014880,Zone_07,Zone_07,0.2823,0.057,0.0952,0.0515,0.1889,0.0105,0.0428,0.2823,0.2317,0.0023,0.0379
CT001840,Zone_07,Zone_07,0.2588,0.0578,0.0843,0.124,0.1419,0.0275,0.0317,0.2588,0.1939,0.0122,0.0679
CT000139,Zone_07,Zone_08,0.2573,0.0716,0.1023,0.0798,0.0867,0.057,0.0312,0.2239,0.2573,0.0119,0.0783
CT015005,Zone_08,Zone_07,0.258,0.0281,0.1463,0.1396,0.0711,0.0213,0.0654,0.258,0.2175,0.006,0.0468
CT001574,Zone_07,Zone_07,0.3013,0.0578,0.0656,0.0852,0.1225,0.0384,0.034,0.3013,0.2322,0.0133,0.0496
CT019652,Zone_04,Zone_07,0.2629,0.0634,0.0673,0.1119,0.1047,0.0636,0.0464,0.2629,0.1962,0.0132,0.0704
CT011744,Zone_04,Zone_07,0.2727,0.071,0.1197,0.0879,0.1486,0.0334,0.021,0.2727,0.1529,0.0043,0.0885
CT006461,Zone_01,Zone_07,0.2788,0.0588,0.1146,0.0911,0.1199,0.0302,0.0355,0.2788,0.215,0.0092,0.0469
CT017640,Zone_07,Zone_08,0.3468,0.0599,0.0682,0.0659,0.0849,0.0219,0.0292,0.252,0.3468,0.0207,0.0505
CT016267,Zone_08,Zone_07,0.3895,0.0416,0.0706,0.0946,0.0762,0.0427,0.0711,0.3895,0.1507,0.0088,0.0542
CT018969,Zone_07,Zone_07,0.3407,0.0869,0.0706,0.0655,0.1478,0.028,0.0294,0.3407,0.1534,0.0093,0.0684
CT014409,Zone_05,Zone_07,0.2957,0.0853,0.0706,0.1038,0.1182,0.0229,0.054,0.2957,0.1858,0.0211,0.0426
CT003833,Zone_08,Zone_07,0.305,0.0727,0.0792,0.07,0.1093,0.037,0.0391,0.305,0.2217,0.0078,0.0583
CT006378,Zone_07,Zone_08,0.2685,0.0679,0.0882,0.0742,0.1148,0.0337,0.0392,0.2362,0.2685,0.0078,0.0696
CT004543,Zone_10,Zone_07,0.2582,0.096,0.1046,0.0641,0.1091,0.0258,0.079,0.2582,0.1808,0.0031,0.0793
CT016147,Zone_03,Zone_08,0.2412,0.0343,0.1202,0.1007,0.1573,0.0393,0.03,0.2192,0.2412,0.0044,0.0534
CT015179,Zone_07,Zone_07,0.3192,0.0778,0.0943,0.0881,0.1209,0.0269,0.0393,0.3192,0.177,0.0096,0.0467
CT007147,Zone_04,Zone_07,0.2884,0.0676,0.0628,0.0997,0.1079,0.0467,0.0629,0.2884,0.1669,0.0061,0.091
CT002221,Zone_04,Zone_07,0.2439,0.0869,0.095,0.0809,0.1504,0.0408,0.044,0.2439,0.1942,0.0069,0.0568
CT014888,Zone_06,Zone_07,0.3148,0.0778,0.0797,0.0755,0.1157,0.0378,0.0459,0.3148,0.1739,0.0067,0.0722
CT003569,Zone_07,Zone_08,0.2627,0.0791,0.0705,0.0607,0.1297,0.0936,0.0237,0.2386,0.2627,0.0069,0.0346
CT002461,Zone_07,Zone_07,0.2329,0.0648,0.0568,0.115,0.0909,0.038,0.0867,0.2329,0.2088,0.0064,0.0998
CT008877,Zone_07,Zone_07,0.2708,0.0773,0.0634,0.0892,0.1217,0.0362,0.0416,0.2708,0.1855,0.0245,0.0899
CT009563,Zone_02,Zone_07,0.2633,0.0629,0.0606,0.0779,0.1505,0.0476,0.0786,0.2633,0.1605,0.0121,0.0859
CT015283,Zone_10,Zone_07,0.4063,0.0469,0.066,0.1003,0.094,0.028,0.0385,0.4063,0.1154,0.0047,0.1
CT003842,Zone_08,Zone_07,0.2461,0.0606,0.1516,0.0766,0.1157,0.0425,0.0347,0.2461,0.2129,0.021,0.0383
CT000727,Zone_04,Zone_08,0.2549,0.0404,0.1199,0.1007,0.1269,0.0247,0.0404,0.2406,0.2549,0.0078,0.0438
CT002604,Zone_07,Zone_07,0.2515,0.0445,0.0766,0.133,0.0904,0.0338,0.0405,0.2515,0.2498,0.0101,0.0696
CT012085,Zone_07,Zone_07,0.252,0.0667,0.074,0.0928,0.1004,0.0524,0.0449,0.252,0.2064,0.037,0.0734
CT018349,Zone_03,Zone_04,0.2675,0.0464,0.0524,0.0496,0.2675,0.0315,0.0307,0.2137,0.2268,0.0294,0.0522
CT011529,Zone_07,Zone_07,0.3058,0.0607,0.0571,0.0843,0.1184,0.0337,0.0432,0.3058,0.2172,0.012,0.0675
CT007127,Zone_04,Zone_07,0.2894,0.0565,0.0725,0.0955,0.1146,0.0295,0.0401,0.2894,0.234,0.0056,0.0624
CT016243,Zone_07,Zone_08,0.2665,0.0457,0.0686,0.0807,0.1181,0.0418,0.0525,0.2619,0.2665,0.0112,0.0529
CT010361,Zone_06,Zone_07,0.2793,0.0582,0.0816,0.0914,0.1555,0.0339,0.0602,0.2793,0.1789,0.0137,0.0472
CT011958,Zone_03,Zone_07,0.3975,0.0859,0.0817,0.0726,0.1184,0.0156,0.0142,0.3975,0.1698,0.0097,0.0345
CT019558,Zone_06,Zone_07,0.3668,0.0801,0.0587,0.0646,0.1154,0.0481,0.0329,0.3668,0.1585,0.0079,0.067
CT004393,Zone_07,Zone_07,0.3001,0.0625,0.0494,0.0758,0.1299,0.0441,0.0527,0.3001,0.2217,0.0107,0.0529
CT015506,Zone_07,Zone_07,0.2774,0.076,0.0929,0.0983,0.0939,0.0425,0.0302,0.2774,0.2167,0.0174,0.0548
CT011124,Zone_02,Zone_07,0.3075,0.0486,0.0501,0.0452,0.1064,0.0947,0.0403,0.3075,0.2287,0.0117,0.0668
CT003679,Zone_04,Zone_07,0.2683,0.0595,0.0824,0.1035,0.1459,0.0574,0.0532,0.2683,0.1743,0.0086,0.047
CT002477,Zone_03,Zone_08,0.2594,0.0594,0.0825,0.0854,0.1251,0.0286,0.0379,0.2528,0.2594,0.0095,0.0594
CT006752,Zone_04,Zone_07,0.2618,0.0652,0.0902,0.0864,0.1421,0.0251,0.0324,0.2618,0.2278,0.0138,0.0552
CT009918,Zone_08,Zone_08,0.2642,0.0712,0.0753,0.0868,0.1211,0.0319,0.0483,0.2291,0.2642,0.0122,0.0601
CT001547,Zone_04,Zone_07,0.3189,0.0741,0.0621,0.0631,0.1558,0.0168,0.023,0.3189,0.2295,0.0184,0.0383
CT011861,Zone_10,Zone_07,0.2728,0.0849,0.088,0.09,0.1138,0.0419,0.0422,0.2728,0.2053,0.0095,0.0517
CT008302,Zone_05,Zone_07,0.268,0.0556,0.0729,0.0926,0.1145,0.0414,0.0638,0.268,0.2273,0.0096,0.0543
CT016524,Zone_02,Zone_07,0.2535,0.0458,0.0834,0.0765,0.1197,0.0594,0.0406,0.2535,0.2417,0.0081,0.0711
CT008004,Zone_02,Zone_07,0.2735,0.0933,0.0712,0.0904,0.1771,0.0416,0.0385,0.2735,0.1553,0.0169,0.0422
CT011864,Zone_07,Zone_07,0.2972,0.0596,0.07,0.089,0.1399,0.0515,0.0363,0.2972,0.1919,0.0121,0.0524
CT018196,Zone_08,Zone_08,0.2932,0.0749,0.0761,0.0866,0.106,0.0399,0.0415,0.2037,0.2932,0.0087,0.0693
CT019832,Zone_10,Zone_07,0.3108,0.0835,0.0407,0.0576,0.1192,0.0485,0.0484,0.3108,0.1898,0.0402,0.0613
CT009074,Zone_08,Zone_07,0.2866,0.0751,0.0643,0.0901,0.117,0.0513,0.0281,0.2866,0.2325,0.0092,0.0459
CT016296,Zone_08,Zone_07,0.2997,0.0601,0.0949,0.1005,0.1337,0.0274,0.035,0.2997,0.1752,0.0124,0.061
CT007184,Zone_04,Zone_07,0.4334,0.0656,0.0563,0.0595,0.1018,0.0159,0.0168,0.4334,0.1736,0.0049,0.0721
CT010032,Zone_07,Zone_07,0.2633,0.1365,0.0982,0.084,0.1207,0.0237,0.0215,0.2633,0.1898,0.0132,0.0492
CT006888,Zone_04,Zone_07,0.2852,0.0539,0.0632,0.0803,0.1771,0.0293,0.0182,0.2852,0.1963,0.0141,0.0822
CT000456,Zone_01,Zone_07,0.3048,0.0705,0.0863,0.0787,0.1283,0.0325,0.0359,0.3048,0.2116,0.0072,0.0443
CT001458,Zone_08,Zone_08,0.2621,0.0734,0.0795,0.0969,0.1426,0.0205,0.0628,0.2069,0.2621,0.0113,0.0439
CT018000,Zone_04,Zone_08,0.2705,0.0619,0.0825,0.0753,0.1509,0.0252,0.0237,0.2564,0.2705,0.0078,0.0457
CT000368,Zone_08,Zone_07,0.271,0.0491,0.0649,0.0938,0.1358,0.041,0.0443,0.271,0.2306,0.0228,0.0468
CT007866,Zone_08,Zone_08,0.2531,0.0841,0.0731,0.0768,0.158,0.052,0.0429,0.1958,0.2531,0.007,0.0572
CT015923,Zone_03,Zone_07,0.2459,0.0624,0.0816,0.1057,0.131,0.0433,0.0489,0.2459,0.2038,0.0089,0.0685
CT005981,Zone_07,Zone_07,0.2738,0.0277,0.0683,0.1151,0.1212,0.0802,0.0735,0.2738,0.1916,0.0043,0.0444
CT017944,Zone_01,Zone_07,0.3131,0.0602,0.0887,0.0874,0.1279,0.0318,0.0408,0.3131,0.1673,0.0101,0.0729
CT019232,Zone_07,Zone_07,0.2941,0.076,0.1583,0.0977,0.1204,0.0349,0.0352,0.2941,0.1166,0.0368,0.03
CT009992,Zone_04,Zone_04,0.3411,0.0539,0.0469,0.082,0.3411,0.0227,0.031,0.1813,0.2063,0.0059,0.0289
CT011231,Zone_02,Zone_07,0.2472,0.0463,0.0959,0.1105,0.1137,0.0283,0.0569,0.2472,0.2274,0.0073,0.0664
CT013481,Zone_04,Zone_07,0.2876,0.0598,0.0698,0.0975,0.0852,0.022,0.0541,0.2876,0.2073,0.014,0.1027
CT013605,Zone_01,Zone_08,0.2647,0.0436,0.0616,0.1415,0.1012,0.0299,0.0358,0.254,0.2647,0.0176,0.0503
CT015653,Zone_07,Zone_07,0.2513,0.0486,0.0763,0.0923,0.1278,0.0545,0.0288,0.2513,0.227,0.0124,0.081
CT019806,Zone_08,Zone_07,0.2653,0.0638,0.1134,0.1367,0.1156,0.0389,0.0267,0.2653,0.1661,0.0059,0.0677
CT012470,Zone_01,Zone_07,0.2852,0.0524,0.1071,0.0958,0.093,0.0364,0.0367,0.2852,0.2327,0.014,0.0467
CT005232,Zone_06,Zone_07,0.2632,0.0649,0.0789,0.11,0.1234,0.0392,0.0332,0.2632,0.208,0.0058,0.0733
CT013632,Zone_07,Zone_07,0.2907,0.0675,0.0839,0.08,0.0785,0.0313,0.0483,0.2907,0.2176,0.0124,0.0899
CT011157,Zone_06,Zone_07,0.3104,0.0652,0.0652,0.066,0.0999,0.0414,0.0393,0.3104,0.256,0.0111,0.0455
CT016039,Zone_07,Zone_07,0.3261,0.069,0.1081,0.0951,0.1497,0.0331,0.0207,0.3261,0.1255,0.0084,0.0642
CT009422,Zone_02,Zone_07,0.3169,0.0719,0.0624,0.0702,0.0987,0.036,0.0322,0.3169,0.2544,0.0104,0.0468
CT006410,Zone_01,Zone_07,0.2409,0.0623,0.1232,0.0793,0.1364,0.0364,0.0554,0.2409,0.2013,0.0158,0.0491
CT005225,Zone_08,Zone_08,0.2584,0.0931,0.0796,0.1038,0.1061,0.0528,0.0313,0.2173,0.2584,0.0045,0.0533
CT003025,Zone_04,Zone_07,0.2703,0.0599,0.0647,0.1078,0.1373,0.0265,0.0329,0.2703,0.2028,0.0129,0.085
CT006836,Zone_03,Zone_07,0.284,0.0507,0.0691,0.0941,0.1312,0.0254,0.04,0.284,0.2253,0.0096,0.0706
CT017998,Zone_08,Zone_07,0.2982,0.0765,0.064,0.0875,0.1254,0.035,0.0281,0.2982,0.2195,0.0106,0.0551
CT018913,Zone_10,Zone_07,0.2864,0.0483,0.0775,0.0973,0.1488,0.0368,0.0323,0.2864,0.1998,0.0086,0.0642
CT011227,Zone_04,Zone_07,0.3113,0.0677,0.0802,0.0774,0.1188,0.0429,0.0276,0.3113,0.2105,0.0147,0.049
CT003223,Zone_07,Zone_07,0.2952,0.07,0.0831,0.071,0.1194,0.0255,0.0411,0.2952,0.2084,0.0104,0.0758
CT019427,Zone_07,Zone_07,0.3025,0.0535,0.0927,0.0771,0.1396,0.0251,0.0452,0.3025,0.2116,0.0089,0.0438
CT014062,Zone_01,Zone_07,0.2868,0.0542,0.072,0.0988,0.1352,0.0398,0.0416,0.2868,0.1926,0.0113,0.0677
CT007569,Zone_06,Zone_07,0.2472,0.0664,0.0865,0.0945,0.124,0.0589,0.0459,0.2472,0.2158,0.0116,0.0491
CT019939,Zone_04,Zone_08,0.2516,0.0631,0.0753,0.0889,0.1106,0.0335,0.0461,0.2261,0.2516,0.0068,0.0979
CT000990,Zone_07,Zone_07,0.2783,0.0608,0.0858,0.1315,0.1085,0.0399,0.0287,0.2783,0.204,0.0085,0.054
CT010330,Zone_07,Zone_07,0.2355,0.0765,0.1078,0.1183,0.0841,0.0427,0.0595,0.2355,0.2083,0.0235,0.0438
CT001985,Zone_07,Zone_07,0.2781,0.0522,0.0778,0.0775,0.1214,0.0337,0.0472,0.2781,0.243,0.0073,0.0618
CT015218,Zone_07,Zone_08,0.2222,0.0711,0.0648,0.0703,0.1767,0.0248,0.0317,0.2153,0.2222,0.0068,0.1164
CT002217,Zone_03,Zone_07,0.2873,0.0632,0.0812,0.1004,0.1065,0.0245,0.0294,0.2873,0.241,0.0158,0.0507
CT017145,Zone_08,Zone_08,0.2516,0.0646,0.0503,0.0715,0.143,0.0265,0.0264,0.2508,0.2516,0.009,0.1063
CT007048,Zone_04,Zone_07,0.3284,0.0342,0.1048,0.0689,0.1597,0.0204,0.0357,0.3284,0.2002,0.0035,0.0442
CT004925,Zone_08,Zone_07,0.3441,0.0471,0.1198,0.0732,0.0845,0.0513,0.0483,0.3441,0.1898,0.0084,0.0334
CT006455,Zone_07,Zone_07,0.3088,0.0451,0.0739,0.0872,0.13,0.038,0.0329,0.3088,0.2328,0.0056,0.0457
CT010468,Zone_01,Zone_07,0.2926,0.0495,0.0787,0.0869,0.1138,0.0357,0.0565,0.2926,0.2307,0.0116,0.044
CT020000,Zone_03,Zone_07,0.2822,0.0619,0.0799,0.0795,0.133,0.0353,0.0352,0.2822,0.2206,0.0119,0.0605
CT006523,Zone_02,Zone_07,0.2424,0.0631,0.068,0.1294,0.1556,0.0445,0.0446,0.2424,0.1931,0.005,0.0542
CT013676,Zone_09,Zone_07,0.2699,0.0598,0.0919,0.0691,0.1099,0.0326,0.0515,0.2699,0.2489,0.005,0.0615
CT004482,Zone_07,Zone_08,0.2428,0.0505,0.0827,0.1225,0.1295,0.0411,0.0365,0.2353,0.2428,0.0108,0.0482
CT010455,Zone_05,Zone_07,0.2471,0.0538,0.0911,0.093,0.1608,0.0433,0.0284,0.2471,0.2074,0.0105,0.0647
CT000683,Zone_02,Zone_08,0.2353,0.0491,0.0795,0.1069,0.1645,0.0455,0.0549,0.2126,0.2353,0.0083,0.0433
CT015703,Zone_04,Zone_07,0.2811,0.0594,0.0918,0.0733,0.1662,0.027,0.0474,0.2811,0.1852,0.0069,0.0617
CT008356,Zone_07,Zone_07,0.2411,0.0519,0.0786,0.1234,0.1423,0.045,0.0377,0.2411,0.1837,0.007,0.0892
CT010251,Zone_07,Zone_07,0.3061,0.0595,0.0575,0.0838,0.0873,0.0269,0.0827,0.3061,0.2189,0.0092,0.0681
CT003990,Zone_09,Zone_04,0.2042,0.0474,0.0591,0.0887,0.2042,0.077,0.0635,0.1957,0.1929,0.0088,0.0628
CT019032,Zone_07,Zone_07,0.2791,0.0756,0.0766,0.0911,0.1476,0.0389,0.0389,0.2791,0.1772,0.016,0.0591
CT010318,Zone_07,Zone_07,0.2698,0.0454,0.092,0.1169,0.1061,0.0267,0.072,0.2698,0.2104,0.0099,0.0508
CT004377,Zone_08,Zone_07,0.2905,0.0574,0.1182,0.054,0.1522,0.0362,0.0339,0.2905,0.2064,0.019,0.0322
CT001187,Zone_05,Zone_07,0.2339,0.0689,0.1003,0.0912,0.1137,0.0353,0.0826,0.2339,0.2189,0.0062,0.0489
CT004158,Zone_02,Zone_07,0.2413,0.0445,0.0641,0.0773,0.1619,0.0418,0.0787,0.2413,0.192,0.017,0.0815
CT019436,Zone_07,Zone_07,0.2981,0.0731,0.0535,0.0787,0.1464,0.0483,0.0372,0.2981,0.2148,0.0068,0.0431
CT006701,Zone_04,Zone_07,0.2807,0.0586,0.0642,0.0862,0.147,0.0368,0.0428,0.2807,0.2234,0.012,0.0483
CT012513,Zone_04,Zone_07,0.2863,0.0495,0.0998,0.0921,0.1057,0.049,0.0515,0.2863,0.202,0.0096,0.0545
CT016260,Zone_07,Zone_07,0.3121,0.0672,0.1033,0.0782,0.1139,0.0399,0.044,0.3121,0.1723,0.0151,0.0541
CT002968,Zone_04,Zone_08,0.243,0.0743,0.0652,0.079,0.1199,0.0496,0.0721,0.229,0.243,0.0166,0.0514
CT007870,Zone_08,Zone_07,0.2689,0.0602,0.0664,0.1008,0.1251,0.0301,0.0682,0.2689,0.2067,0.0119,0.0618
CT006504,Zone_07,Zone_07,0.2357,0.0739,0.0823,0.0988,0.1554,0.0274,0.0566,0.2357,0.1981,0.0132,0.0586
CT004196,Zone_07,Zone_07,0.2114,0.0483,0.0613,0.1164,0.1765,0.0824,0.0599,0.2114,0.1958,0.0077,0.0404
CT009461,Zone_07,Zone_07,0.3785,0.0467,0.0853,0.0589,0.1349,0.0288,0.0238,0.3785,0.1841,0.0031,0.0558
CT002833,Zone_08,Zone_08,0.2681,0.0809,0.0734,0.0751,0.1481,0.0363,0.057,0.1884,0.2681,0.0152,0.0575
CT017160,Zone_08,Zone_07,0.2742,0.0675,0.0847,0.1072,0.1503,0.0467,0.0431,0.2742,0.1578,0.0033,0.0652
CT013150,Zone_04,Zone_07,0.2578,0.0597,0.1033,0.0735,0.1676,0.0294,0.0126,0.2578,0.2367,0.0056,0.0539
CT007875,Zone_07,Zone_08,0.3145,0.0483,0.072,0.0768,0.1221,0.0407,0.0406,0.2347,0.3145,0.0075,0.0426
CT009714,Zone_07,Zone_07,0.2685,0.0634,0.0584,0.1028,0.125,0.0463,0.0313,0.2685,0.2328,0.0048,0.0665
CT004752,Zone_07,Zone_08,0.2303,0.0742,0.0745,0.0944,0.1218,0.0679,0.0501,0.2252,0.2303,0.0093,0.0522
CT012254,Zone_02,Zone_08,0.2565,0.0563,0.0919,0.0964,0.1254,0.0288,0.0323,0.2432,0.2565,0.0128,0.0565
CT016754,Zone_08,Zone_07,0.2475,0.0426,0.0502,0.0772,0.1172,0.0409,0.0451,0.2475,0.2348,0.0117,0.1328
CT014857,Zone_08,Zone_07,0.2433,0.0632,0.0949,0.102,0.1644,0.0273,0.0316,0.2433,0.1715,0.0048,0.0968
CT019568,Zone_01,Zone_07,0.2485,0.0393,0.185,0.055,0.1662,0.062,0.0585,0.2485,0.1309,0.0127,0.042
CT012180,Zone_05,Zone_08,0.2629,0.0434,0.0656,0.0757,0.1364,0.0331,0.0546,0.2302,0.2629,0.0086,0.0895
CT017142,Zone_02,Zone_08,0.2429,0.0926,0.0666,0.0952,0.1279,0.0286,0.0318,0.2428,0.2429,0.0106,0.061
CT006514,Zone_07,Zone_07,0.2737,0.0416,0.0835,0.0786,0.1308,0.0351,0.046,0.2737,0.2405,0.0346,0.0358
CT009965,Zone_02,Zone_08,0.2838,0.0671,0.0829,0.0761,0.1519,0.0344,0.0273,0.2097,0.2838,0.0064,0.0604
CT006208,Zone_04,Zone_07,0.2397,0.0405,0.0955,0.1428,0.1255,0.0387,0.0371,0.2397,0.2279,0.0067,0.0456
CT008973,Zone_07,Zone_07,0.2815,0.0342,0.0538,0.1425,0.1067,0.0245,0.0249,0.2815,0.2504,0.0092,0.0723
CT009225,Zone_02,Zone_07,0.268,0.07,0.0615,0.0871,0.1471,0.0409,0.031,0.268,0.229,0.0163,0.0491
CT001559,Zone_08,Zone_07,0.3035,0.0537,0.0984,0.0619,0.0948,0.0238,0.0271,0.3035,0.273,0.0049,0.0591
CT006414,Zone_10,Zone_07,0.3176,0.061,0.124,0.0788,0.1458,0.0374,0.0591,0.3176,0.1364,0.0022,0.0377
CT004788,Zone_07,Zone_07,0.2724,0.0808,0.0829,0.0827,0.1194,0.0326,0.0369,0.2724,0.2183,0.0243,0.0496
CT018772,Zone_08,Zone_07,0.2272,0.0781,0.0753,0.1021,0.1081,0.0576,0.044,0.2272,0.2263,0.0141,0.0672
CT008651,Zone_04,Zone_04,0.2223,0.0734,0.1013,0.1068,0.2223,0.0231,0.0438,0.2134,0.1529,0.0132,0.0499
CT002119,Zone_03,Zone_07,0.2727,0.0855,0.0572,0.0943,0.1105,0.0301,0.0281,0.2727,0.258,0.0138,0.0499
CT002838,Zone_04,Zone_07,0.3333,0.0586,0.0827,0.0827,0.0965,0.0518,0.038,0.3333,0.181,0.0187,0.0567
CT001641,Zone_07,Zone_07,0.2671,0.0456,0.107,0.0699,0.1296,0.0354,0.0379,0.2671,0.2301,0.0108,0.0666
CT010984,Zone_03,Zone_07,0.2475,0.0714,0.0998,0.0888,0.1333,0.0355,0.0507,0.2475,0.2045,0.0105,0.0581
CT013553,Zone_02,Zone_08,0.2423,0.0627,0.0608,0.1213,0.1398,0.0478,0.0356,0.2244,0.2423,0.0112,0.0541
CT012629,Zone_04,Zone_08,0.2566,0.0659,0.0974,0.0932,0.1121,0.0274,0.0277,0.2288,0.2566,0.0162,0.0747
CT013513,Zone_07,Zone_07,0.2622,0.0874,0.0744,0.097,0.1237,0.0401,0.0566,0.2622,0.1896,0.0101,0.0588
CT000402,Zone_06,Zone_07,0.2125,0.0602,0.0837,0.1164,0.1763,0.0488,0.0278,0.2125,0.1943,0.0189,0.0611
CT017399,Zone_07,Zone_07,0.2732,0.0536,0.0602,0.1078,0.133,0.0341,0.0417,0.2732,0.2307,0.016,0.0498
CT001582,Zone_04,Zone_08,0.2592,0.092,0.0763,0.0958,0.177,0.0303,0.0238,0.1744,0.2592,0.011,0.0602
CT015920,Zone_06,Zone_07,0.436,0.0606,0.0601,0.0648,0.1327,0.0373,0.0259,0.436,0.1395,0.0048,0.0381
CT017298,Zone_05,Zone_07,0.3096,0.0659,0.0895,0.0812,0.1075,0.0436,0.0429,0.3096,0.1823,0.0121,0.0655
CT006850,Zone_10,Zone_08,0.3128,0.0302,0.1024,0.0551,0.1176,0.0246,0.0486,0.2648,0.3128,0.0096,0.0342
CT009318,Zone_04,Zone_07,0.2534,0.0576,0.0976,0.0871,0.1151,0.0341,0.0491,0.2534,0.2327,0.0101,0.0632
CT010170,Zone_03,Zone_07,0.2678,0.059,0.0769,0.1146,0.1371,0.0304,0.0595,0.2678,0.1885,0.0127,0.0535
CT002110,Zone_03,Zone_08,0.2583,0.0786,0.076,0.0775,0.1194,0.0746,0.0489,0.177,0.2583,0.0339,0.0559
CT017357,Zone_08,Zone_07,0.2594,0.0595,0.0695,0.092,0.139,0.034,0.0412,0.2594,0.2324,0.0061,0.067
CT008989,Zone_02,Zone_07,0.2742,0.0693,0.0919,0.1121,0.0991,0.0398,0.0439,0.2742,0.1982,0.0098,0.0618
CT013666,Zone_04,Zone_08,0.2707,0.077,0.0379,0.0882,0.1549,0.0331,0.0887,0.1638,0.2707,0.0023,0.0834
CT004317,Zone_10,Zone_08,0.3373,0.0643,0.0764,0.1071,0.1012,0.0266,0.0249,0.1816,0.3373,0.0046,0.0761
CT003305,Zone_07,Zone_07,0.2928,0.0664,0.0686,0.0907,0.127,0.0341,0.0479,0.2928,0.2138,0.0161,0.0425
CT005459,Zone_01,Zone_07,0.2772,0.0513,0.0565,0.1275,0.0895,0.0246,0.0391,0.2772,0.2611,0.016,0.057
CT007699,Zone_03,Zone_07,0.2925,0.0446,0.0468,0.0997,0.1083,0.0547,0.0682,0.2925,0.1964,0.0126,0.0763
CT004664,Zone_03,Zone_07,0.2644,0.0635,0.0832,0.0937,0.1272,0.0257,0.0528,0.2644,0.2231,0.009,0.0575
CT007153,Zone_09,Zone_07,0.2655,0.0471,0.0916,0.0802,0.1188,0.0288,0.0554,0.2655,0.249,0.0123,0.0513
CT010402,Zone_03,Zone_07,0.2773,0.0656,0.0941,0.0811,0.0877,0.0297,0.0455,0.2773,0.2515,0.019,0.0484
CT019224,Zone_08,Zone_07,0.3099,0.075,0.0693,0.0913,0.1061,0.0274,0.0279,0.3099,0.2258,0.0122,0.0551
CT019138,Zone_07,Zone_07,0.2587,0.0703,0.1042,0.0776,0.133,0.0314,0.0416,0.2587,0.2003,0.0095,0.0733
CT018651,Zone_08,Zone_07,0.2504,0.0673,0.0811,0.0974,0.1219,0.0301,0.0401,0.2504,0.2503,0.0122,0.0494
CT010016,Zone_03,Zone_08,0.3235,0.0631,0.0456,0.1085,0.0927,0.048,0.0702,0.176,0.3235,0.0117,0.0607
CT012973,Zone_07,Zone_07,0.2466,0.0508,0.103,0.0589,0.1171,0.0575,0.0467,0.2466,0.2011,0.0178,0.1005
CT018737,Zone_01,Zone_07,0.2572,0.0697,0.082,0.0821,0.1674,0.0333,0.0302,0.2572,0.2009,0.0246,0.0527
CT004555,Zone_04,Zone_08,0.2598,0.0348,0.0701,0.0759,0.1454,0.0371,0.0727,0.2474,0.2598,0.0063,0.0504
CT003864,Zone_04,Zone_07,0.2681,0.0331,0.0851,0.1582,0.1318,0.0663,0.0403,0.2681,0.1689,0.0027,0.0456
CT006312,Zone_07,Zone_08,0.2668,0.0531,0.0755,0.0828,0.1229,0.0542,0.0286,0.2411,0.2668,0.018,0.057
CT005194,Zone_07,Zone_07,0.4387,0.0352,0.0708,0.0993,0.0869,0.0421,0.0345,0.4387,0.116,0.0113,0.0652
CT016171,Zone_07,Zone_07,0.2569,0.0675,0.0781,0.0649,0.1137,0.059,0.0696,0.2569,0.2318,0.016,0.0424
CT004862,Zone_07,Zone_07,0.2506,0.0751,0.1313,0.0887,0.0799,0.0546,0.0447,0.2506,0.2197,0.0104,0.0449
CT004187,Zone_03,Zone_07,0.3327,0.0714,0.0625,0.0968,0.1239,0.0293,0.0715,0.3327,0.1529,0.0039,0.055
CT015686,Zone_04,Zone_07,0.2896,0.0765,0.0563,0.1148,0.098,0.0538,0.0361,0.2896,0.2167,0.0077,0.0506
CT009539,Zone_07,Zone_07,0.2996,0.0528,0.1145,0.0816,0.1378,0.0351,0.0332,0.2996,0.1571,0.0074,0.0811
CT010516,Zone_01,Zone_08,0.2308,0.0685,0.0752,0.0729,0.1639,0.0402,0.0402,0.2291,0.2308,0.0194,0.0598
CT019446,Zone_07,Zone_07,0.2646,0.0699,0.0704,0.0836,0.1366,0.0344,0.0397,0.2646,0.2413,0.0075,0.052
CT012605,Zone_01,Zone_07,0.3671,0.0476,0.0694,0.0931,0.1097,0.0202,0.0266,0.3671,0.2239,0.0053,0.0372
CT017579,Zone_08,Zone_07,0.3221,0.0427,0.0811,0.0837,0.0969,0.04,0.0508,0.3221,0.2218,0.005,0.0559
CT013342,Zone_03,Zone_08,0.307,0.0692,0.0718,0.0559,0.0943,0.0401,0.0438,0.2655,0.307,0.0114,0.041
CT019056,Zone_07,Zone_08,0.242,0.0504,0.0485,0.0869,0.2132,0.058,0.0198,0.1948,0.242,0.0064,0.08
CT001944,Zone_01,Zone_07,0.2553,0.0535,0.0965,0.103,0.1159,0.0353,0.0415,0.2553,0.2409,0.007,0.0511
CT013824,Zone_07,Zone_07,0.2483,0.0648,0.092,0.1076,0.1282,0.0334,0.0451,0.2483,0.2119,0.0068,0.0618
CT007231,Zone_04,Zone_07,0.2664,0.0701,0.0733,0.0813,0.1209,0.0404,0.0475,0.2664,0.2229,0.0196,0.0575
CT014288,Zone_03,Zone_07,0.2953,0.0565,0.0594,0.0843,0.1068,0.035,0.0653,0.2953,0.2357,0.019,0.0427
CT013004,Zone_08,Zone_07,0.2485,0.0719,0.0918,0.1175,0.1154,0.0392,0.0378,0.2485,0.2224,0.01,0.0456
CT015930,Zone_03,Zone_08,0.2972,0.0365,0.0496,0.083,0.1367,0.0188,0.0491,0.2777,0.2972,0.0059,0.0455
CT001895,Zone_04,Zone_07,0.282,0.0906,0.0762,0.0844,0.1118,0.0281,0.0381,0.282,0.1899,0.0168,0.0821
CT005329,Zone_08,Zone_07,0.2296,0.0567,0.1054,0.1366,0.2126,0.0212,0.0499,0.2296,0.1525,0.0095,0.0259
CT016652,Zone_07,Zone_07,0.2688,0.1118,0.1116,0.085,0.1268,0.0497,0.032,0.2688,0.1556,0.0064,0.0524
CT008286,Zone_03,Zone_07,0.3426,0.0585,0.0624,0.074,0.1078,0.0428,0.0305,0.3426,0.2399,0.0079,0.0337
CT006166,Zone_07,Zone_07,0.3231,0.0425,0.1035,0.081,0.116,0.0354,0.0453,0.3231,0.2056,0.0099,0.0378
CT013571,Zone_04,Zone_07,0.3226,0.0566,0.0736,0.0985,0.1409,0.0228,0.0391,0.3226,0.1924,0.0128,0.0405
CT007254,Zone_08,Zone_07,0.4025,0.1058,0.067,0.0592,0.1175,0.0122,0.0236,0.4025,0.164,0.0053,0.043
CT000169,Zone_04,Zone_07,0.2859,0.0576,0.0657,0.0748,0.0965,0.0521,0.034,0.2859,0.2561,0.0053,0.072
CT018899,Zone_10,Zone_07,0.3144,0.0433,0.0722,0.0636,0.1632,0.0297,0.0349,0.3144,0.2104,0.0054,0.0629
CT014561,Zone_07,Zone_07,0.2312,0.0718,0.053,0.1217,0.0977,0.071,0.0395,0.2312,0.223,0.0087,0.0825
CT011948,Zone_08,Zone_07,0.2638,0.075,0.0847,0.0987,0.1235,0.0531,0.038,0.2638,0.2003,0.0065,0.0562
CT016840,Zone_07,Zone_07,0.2455,0.0859,0.0974,0.0902,0.1371,0.0326,0.0418,0.2455,0.2064,0.0137,0.0495
CT005034,Zone_08,Zone_07,0.247,0.0454,0.0969,0.1082,0.1052,0.0461,0.0504,0.247,0.2467,0.0143,0.0399
CT007085,Zone_08,Zone_07,0.3211,0.0656,0.0614,0.0453,0.1393,0.0173,0.0222,0.3211,0.2734,0.0012,0.0531
CT008774,Zone_07,Zone_08,0.2809,0.0575,0.0734,0.079,0.1522,0.0443,0.0485,0.2118,0.2809,0.0104,0.042
CT004014,Zone_02,Zone_08,0.2767,0.0919,0.0781,0.0523,0.169,0.0433,0.038,0.2028,0.2767,0.0077,0.0403
CT003695,Zone_08,Zone_04,0.2791,0.0604,0.1324,0.0906,0.2791,0.0449,0.014,0.1608,0.1268,0.0223,0.0688
CT001373,Zone_08,Zone_08,0.2447,0.0675,0.1785,0.0782,0.1204,0.0304,0.0324,0.1872,0.2447,0.0106,0.0499
CT014739,Zone_04,Zone_08,0.2435,0.0774,0.0647,0.0903,0.1269,0.0564,0.0467,0.2244,0.2435,0.0095,0.0603
CT006890,Zone_08,Zone_08,0.2519,0.057,0.0845,0.1126,0.1062,0.0464,0.0526,0.2217,0.2519,0.0097,0.0573
CT001734,Zone_04,Zone_07,0.2821,0.0659,0.0685,0.0947,0.1632,0.0256,0.0349,0.2821,0.213,0.01,0.0421
CT000523,Zone_03,Zone_08,0.3967,0.0525,0.0532,0.1021,0.0936,0.0363,0.0369,0.1869,0.3967,0.0024,0.0395
CT015202,Zone_05,Zone_08,0.2687,0.0534,0.0666,0.095,0.1605,0.0494,0.0581,0.2082,0.2687,0.0051,0.0351
CT009236,Zone_04,Zone_07,0.2843,0.0603,0.0922,0.0781,0.1235,0.0389,0.0354,0.2843,0.2208,0.0102,0.0564
CT008065,Zone_10,Zone_07,0.319,0.1001,0.0638,0.0994,0.1212,0.0411,0.0197,0.319,0.1573,0.0042,0.0743
CT011259,Zone_08,Zone_07,0.2527,0.0864,0.0753,0.1008,0.1245,0.0317,0.0469,0.2527,0.216,0.014,0.0519
CT007058,Zone_03,Zone_07,0.3398,0.0729,0.0723,0.0749,0.1211,0.0548,0.0506,0.3398,0.1551,0.0038,0.0548
CT002319,Zone_08,Zone_07,0.2545,0.0755,0.0721,0.0893,0.1931,0.0303,0.041,0.2545,0.1779,0.0141,0.0523
CT015906,Zone_02,Zone_07,0.2772,0.0611,0.0876,0.1413,0.0755,0.028,0.0383,0.2772,0.1787,0.0216,0.0907
CT005238,Zone_03,Zone_07,0.2668,0.0698,0.0866,0.0816,0.127,0.037,0.0393,0.2668,0.2157,0.0077,0.0685
CT003120,Zone_04,Zone_07,0.2714,0.0867,0.0663,0.0991,0.1046,0.0349,0.0337,0.2714,0.2477,0.0103,0.0453
CT017332,Zone_04,Zone_07,0.301,0.0627,0.0888,0.097,0.1085,0.0306,0.0463,0.301,0.2005,0.0079,0.0565
CT008307,Zone_07,Zone_07,0.2766,0.0475,0.0962,0.0648,0.1383,0.0477,0.0641,0.2766,0.2076,0.0076,0.0497
CT000176,Zone_02,Zone_08,0.2907,0.0663,0.0518,0.0649,0.125,0.059,0.0576,0.2184,0.2907,0.0097,0.0566
CT003191,Zone_01,Zone_07,0.2842,0.0474,0.0563,0.0878,0.1132,0.0322,0.0444,0.2842,0.2422,0.0363,0.0561
CT002980,Zone_07,Zone_07,0.2654,0.0522,0.0692,0.0951,0.1404,0.0398,0.0361,0.2654,0.236,0.0118,0.054
CT012239,Zone_10,Zone_08,0.3457,0.0457,0.0517,0.1505,0.0527,0.0475,0.0535,0.1893,0.3457,0.0244,0.0389
CT010213,Zone_02,Zone_07,0.2696,0.0494,0.0616,0.0988,0.1435,0.0483,0.0459,0.2696,0.2046,0.0105,0.0677
CT016506,Zone_07,Zone_07,0.2715,0.0532,0.0766,0.052,0.1133,0.0516,0.0573,0.2715,0.2232,0.0182,0.0831
CT005173,Zone_07,Zone_07,0.3175,0.0687,0.0657,0.0771,0.1429,0.0293,0.0393,0.3175,0.1909,0.0084,0.0603
CT003960,Zone_05,Zone_07,0.3098,0.0576,0.1075,0.1053,0.1086,0.0256,0.0384,0.3098,0.1828,0.0092,0.0551
CT013321,Zone_01,Zone_07,0.2869,0.0201,0.074,0.2019,0.112,0.0212,0.0468,0.2869,0.1902,0.0281,0.0188
CT015471,Zone_01,Zone_08,0.2925,0.0611,0.0581,0.094,0.128,0.0314,0.0415,0.2332,0.2925,0.014,0.0462
CT012371,Zone_06,Zone_07,0.2431,0.0481,0.1082,0.0696,0.1511,0.0401,0.0595,0.2431,0.226,0.0096,0.0448
CT002070,Zone_07,Zone_07,0.2912,0.0622,0.0576,0.0837,0.129,0.0481,0.0554,0.2912,0.1952,0.0122,0.0655
CT011261,Zone_07,Zone_07,0.3447,0.0416,0.0461,0.0846,0.1641,0.0359,0.0201,0.3447,0.1874,0.009,0.0665
CT002322,Zone_02,Zone_07,0.285,0.0571,0.0662,0.0832,0.1206,0.0442,0.0372,0.285,0.197,0.0266,0.083
CT013048,Zone_08,Zone_07,0.2528,0.0783,0.0903,0.0904,0.1114,0.0427,0.0284,0.2528,0.2396,0.0139,0.0523
CT016313,Zone_06,Zone_07,0.3205,0.0458,0.0825,0.04,0.1018,0.0679,0.0642,0.3205,0.211,0.0063,0.0601
CT010421,Zone_01,Zone_07,0.2657,0.0567,0.0615,0.0954,0.1128,0.0473,0.0786,0.2657,0.2265,0.0075,0.048
CT016854,Zone_08,Zone_07,0.279,0.0515,0.0715,0.0842,0.1419,0.0478,0.0413,0.279,0.2218,0.0114,0.0496
CT012747,Zone_07,Zone_07,0.2792,0.0873,0.0807,0.0505,0.1393,0.0501,0.0458,0.2792,0.2013,0.0146,0.0511
CT014302,Zone_07,Zone_08,0.2636,0.0466,0.0889,0.1076,0.1069,0.0296,0.0428,0.2567,0.2636,0.0063,0.051
CT004088,Zone_08,Zone_08,0.2108,0.0581,0.1161,0.0865,0.1928,0.032,0.0394,0.1581,0.2108,0.0014,0.1048
CT004644,Zone_02,Zone_08,0.2463,0.0617,0.0795,0.0867,0.1567,0.0533,0.0333,0.2122,0.2463,0.0117,0.0584
CT006406,Zone_08,Zone_07,0.2342,0.0511,0.0579,0.1281,0.1324,0.0517,0.0376,0.2342,0.2148,0.0213,0.0708
CT003727,Zone_10,Zone_07,0.2813,0.083,0.0677,0.0942,0.1215,0.0258,0.051,0.2813,0.2278,0.0138,0.0339
CT007704,Zone_08,Zone_07,0.2529,0.0994,0.0623,0.1164,0.1179,0.0319,0.0335,0.2529,0.2204,0.0094,0.0559
CT006916,Zone_07,Zone_07,0.3431,0.0487,0.0745,0.0693,0.0848,0.0597,0.0392,0.3431,0.2105,0.0081,0.0621
CT011670,Zone_07,Zone_07,0.3624,0.0562,0.0515,0.1336,0.1137,0.0251,0.0366,0.3624,0.0864,0.0117,0.1228
CT002490,Zone_08,Zone_08,0.2419,0.0676,0.0762,0.0896,0.114,0.0314,0.0751,0.228,0.2419,0.0153,0.0608
CT010197,Zone_03,Zone_07,0.3013,0.0438,0.0852,0.1011,0.1227,0.0398,0.0366,0.3013,0.1994,0.0097,0.0603
CT008100,Zone_10,Zone_08,0.271,0.0759,0.081,0.08,0.1185,0.0258,0.0626,0.2212,0.271,0.0086,0.0554
CT019757,Zone_03,Zone_07,0.2841,0.0439,0.1013,0.0794,0.1136,0.0307,0.0319,0.2841,0.1742,0.0139,0.1269
CT011778,Zone_04,Zone_07,0.2501,0.0897,0.0742,0.0916,0.0886,0.0262,0.0409,0.2501,0.2313,0.0041,0.1034
CT006101,Zone_07,Zone_07,0.3754,0.0726,0.0683,0.0296,0.0784,0.0289,0.0336,0.3754,0.1909,0.0234,0.0988
CT000474,Zone_03,Zone_07,0.329,0.0403,0.0708,0.0715,0.0936,0.0322,0.0376,0.329,0.2602,0.0206,0.0444
CT012953,Zone_04,Zone_07,0.2356,0.0676,0.0953,0.1056,0.0971,0.0441,0.0374,0.2356,0.213,0.0113,0.093
CT010257,Zone_07,Zone_07,0.276,0.0759,0.0684,0.0684,0.1031,0.0184,0.1269,0.276,0.1803,0.0054,0.0772
CT003267,Zone_01,Zone_07,0.2604,0.0722,0.0708,0.1286,0.1231,0.0324,0.0304,0.2604,0.1981,0.0104,0.0737
CT017246,Zone_04,Zone_07,0.293,0.0636,0.0719,0.1283,0.1046,0.0454,0.0305,0.293,0.2115,0.0045,0.0468
CT015739,Zone_03,Zone_07,0.339,0.0472,0.0716,0.0925,0.1657,0.0312,0.0261,0.339,0.1653,0.0141,0.0472
CT015213,Zone_08,Zone_08,0.2383,0.0419,0.1016,0.1555,0.1097,0.0366,0.0403,0.2267,0.2383,0.0091,0.0403
CT013225,Zone_08,Zone_08,0.2735,0.0414,0.0875,0.077,0.1291,0.0363,0.0427,0.2293,0.2735,0.0094,0.0738
CT006804,Zone_05,Zone_07,0.2898,0.029,0.0952,0.1235,0.0997,0.0571,0.0423,0.2898,0.2023,0.0119,0.0492
CT007304,Zone_08,Zone_07,0.3071,0.0815,0.0791,0.0728,0.1038,0.0433,0.0289,0.3071,0.2292,0.0071,0.0472
CT009292,Zone_07,Zone_07,0.271,0.0724,0.0748,0.1136,0.114,0.0291,0.0385,0.271,0.2023,0.013,0.0713
CT011993,Zone_07,Zone_07,0.2879,0.0324,0.0586,0.0428,0.1643,0.0351,0.0422,0.2879,0.2775,0.0048,0.0544
CT012935,Zone_09,Zone_07,0.3941,0.0529,0.0995,0.0551,0.1572,0.0259,0.0305,0.3941,0.1172,0.0044,0.0633
CT012298,Zone_02,Zone_07,0.3034,0.0615,0.0755,0.091,0.1261,0.0267,0.0441,0.3034,0.1905,0.0108,0.0704
CT015029,Zone_07,Zone_07,0.2569,0.0387,0.0808,0.0993,0.1205,0.0457,0.048,0.2569,0.2404,0.0153,0.0545
CT005982,Zone_07,Zone_08,0.253,0.051,0.082,0.0907,0.1071,0.0509,0.0602,0.237,0.253,0.0057,0.0622
CT015209,Zone_04,Zone_04,0.2713,0.0378,0.1269,0.0543,0.2713,0.0305,0.0598,0.1812,0.1926,0.0052,0.0406
CT004353,Zone_07,Zone_08,0.2717,0.0867,0.0901,0.1068,0.0978,0.0364,0.036,0.184,0.2717,0.0068,0.0838
CT015896,Zone_07,Zone_08,0.2411,0.0752,0.0719,0.1049,0.174,0.0506,0.0513,0.1583,0.2411,0.0075,0.0652
CT004904,Zone_07,Zone_08,0.2606,0.0847,0.0646,0.1261,0.0969,0.0537,0.0336,0.2213,0.2606,0.0137,0.0448
CT017327,Zone_06,Zone_07,0.329,0.0482,0.0537,0.1116,0.1154,0.0483,0.1026,0.329,0.1226,0.0043,0.0644
CT006925,Zone_04,Zone_08,0.3266,0.0494,0.0953,0.1163,0.0892,0.0492,0.0299,0.1937,0.3266,0.0093,0.0409
CT016949,Zone_01,Zone_07,0.2749,0.08,0.0686,0.0956,0.1399,0.0491,0.0446,0.2749,0.1725,0.0147,0.0603
CT013803,Zone_03,Zone_07,0.2795,0.0692,0.0763,0.0904,0.1284,0.0482,0.0498,0.2795,0.196,0.0067,0.0556
CT018163,Zone_10,Zone_07,0.2747,0.0585,0.0709,0.0843,0.1318,0.0416,0.0554,0.2747,0.2037,0.0152,0.0638
CT010138,Zone_08,Zone_07,0.3067,0.0783,0.0697,0.0678,0.1839,0.0224,0.0273,0.3067,0.1504,0.0213,0.0722
CT002115,Zone_02,Zone_07,0.2822,0.0351,0.0728,0.0877,0.1135,0.058,0.031,0.2822,0.2481,0.007,0.0647
CT011675,Zone_02,Zone_07,0.3705,0.0597,0.0744,0.0758,0.1097,0.03,0.0423,0.3705,0.164,0.0077,0.0659
CT012938,Zone_04,Zone_08,0.227,0.0915,0.105,0.078,0.1296,0.0224,0.0365,0.2261,0.227,0.0152,0.0685
CT006231,Zone_06,Zone_07,0.2683,0.0568,0.0762,0.1001,0.1447,0.0323,0.0392,0.2683,0.2181,0.0072,0.0573
CT013934,Zone_08,Zone_07,0.2776,0.0522,0.081,0.0812,0.1166,0.0366,0.0432,0.2776,0.2489,0.0118,0.0511
CT019149,Zone_04,Zone_07,0.2554,0.0606,0.0748,0.0776,0.1375,0.0645,0.036,0.2554,0.2028,0.0122,0.0786
CT007630,Zone_07,Zone_07,0.2561,0.0474,0.0881,0.1002,0.1315,0.063,0.0681,0.2561,0.1807,0.0113,0.0536
CT000367,Zone_07,Zone_07,0.2672,0.0597,0.0766,0.0739,0.1359,0.0441,0.0352,0.2672,0.2264,0.0136,0.0675
CT000429,Zone_02,Zone_08,0.38,0.072,0.0678,0.0573,0.0899,0.0389,0.031,0.1857,0.38,0.0144,0.0633
CT013840,Zone_07,Zone_07,0.3133,0.0438,0.0688,0.0887,0.107,0.028,0.0278,0.3133,0.2467,0.0074,0.0685
CT007482,Zone_06,Zone_07,0.2439,0.0397,0.0642,0.0997,0.1865,0.0346,0.0492,0.2439,0.2065,0.0065,0.0691
CT012396,Zone_05,Zone_07,0.2546,0.0812,0.0754,0.0854,0.1032,0.0485,0.0615,0.2546,0.2114,0.0122,0.0667
CT003876,Zone_08,Zone_07,0.3116,0.0487,0.1386,0.0684,0.1676,0.0211,0.0477,0.3116,0.1468,0.0083,0.0412
CT004107,Zone_07,Zone_08,0.2713,0.0771,0.0958,0.0974,0.1274,0.0306,0.0317,0.208,0.2713,0.0117,0.049
CT004609,Zone_03,Zone_08,0.2597,0.0639,0.0822,0.065,0.1186,0.0347,0.0637,0.2492,0.2597,0.0094,0.0537
CT019730,Zone_08,Zone_08,0.2605,0.075,0.0556,0.1467,0.1158,0.0459,0.0344,0.2,0.2605,0.0066,0.0594
CT005384,Zone_01,Zone_07,0.2713,0.0789,0.068,0.0771,0.0998,0.0369,0.0299,0.2713,0.2706,0.0145,0.0531
CT014478,Zone_07,Zone_07,0.2973,0.0905,0.0848,0.0938,0.0667,0.033,0.0246,0.2973,0.2405,0.013,0.0558
CT005160,Zone_04,Zone_07,0.283,0.06,0.0683,0.1006,0.1014,0.0415,0.0329,0.283,0.2346,0.0304,0.0474
CT018917,Zone_05,Zone_07,0.2836,0.0788,0.0875,0.09,0.1112,0.0379,0.0358,0.2836,0.2055,0.0124,0.0574
CT013908,Zone_08,Zone_08,0.2923,0.0521,0.0472,0.1157,0.1011,0.049,0.0445,0.167,0.2923,0.0246,0.1064
CT016425,Zone_07,Zone_07,0.2563,0.0466,0.0824,0.0788,0.1274,0.0402,0.0352,0.2563,0.2184,0.0111,0.1037
CT006573,Zone_08,Zone_08,0.2771,0.0501,0.0834,0.1185,0.1039,0.0437,0.046,0.2087,0.2771,0.0078,0.0607
CT009051,Zone_03,Zone_07,0.2546,0.0575,0.0687,0.0767,0.1497,0.0584,0.0417,0.2546,0.2305,0.0069,0.0554
CT004104,Zone_04,Zone_07,0.2864,0.0607,0.0712,0.1025,0.1234,0.0364,0.0375,0.2864,0.2175,0.0102,0.0542
CT004529,Zone_04,Zone_07,0.2452,0.0899,0.0613,0.1115,0.1229,0.0372,0.046,0.2452,0.2279,0.0108,0.0473
CT003080,Zone_04,Zone_07,0.2597,0.0643,0.1033,0.0845,0.1286,0.0356,0.0412,0.2597,0.2164,0.0062,0.0602
CT011148,Zone_02,Zone_07,0.3552,0.0477,0.0599,0.083,0.1113,0.0251,0.0514,0.3552,0.198,0.0104,0.0581
CT009496,Zone_03,Zone_07,0.2699,0.0488,0.0724,0.0769,0.162,0.0278,0.0653,0.2699,0.2153,0.0093,0.0523
CT018393,Zone_01,Zone_07,0.3237,0.0585,0.0653,0.0755,0.1096,0.0346,0.048,0.3237,0.2249,0.0103,0.0494
CT007541,Zone_10,Zone_08,0.2663,0.057,0.075,0.0995,0.1114,0.036,0.0288,0.2438,0.2663,0.0153,0.0669
CT003980,Zone_07,Zone_07,0.3832,0.0491,0.0812,0.0757,0.1357,0.0421,0.0283,0.3832,0.1546,0.0156,0.0346
CT016162,Zone_04,Zone_07,0.2892,0.0481,0.0693,0.1274,0.0874,0.0374,0.0535,0.2892,0.231,0.0124,0.0443
CT005811,Zone_07,Zone_07,0.2888,0.0542,0.075,0.1188,0.1168,0.0329,0.0274,0.2888,0.203,0.0192,0.064
CT004265,Zone_07,Zone_07,0.2976,0.0358,0.0749,0.087,0.1065,0.0244,0.0451,0.2976,0.2588,0.0152,0.0547
CT002298,Zone_02,Zone_08,0.2675,0.0463,0.0775,0.1405,0.0944,0.0409,0.0406,0.2301,0.2675,0.004,0.0581
CT005476,Zone_03,Zone_08,0.2299,0.1333,0.0981,0.1288,0.1657,0.0201,0.0169,0.1653,0.2299,0.0071,0.0348
CT000892,Zone_10,Zone_07,0.2816,0.0679,0.0777,0.09,0.1459,0.034,0.0333,0.2816,0.2071,0.0095,0.053
CT007667,Zone_07,Zone_07,0.261,0.0583,0.0719,0.1118,0.1437,0.0369,0.0358,0.261,0.2145,0.0103,0.0557
CT010793,Zone_07,Zone_07,0.1895,0.0829,0.0893,0.176,0.0996,0.0225,0.065,0.1895,0.1692,0.0025,0.1036
CT013985,Zone_10,Zone_07,0.2918,0.0591,0.1162,0.0706,0.1561,0.0524,0.0293,0.2918,0.1724,0.0066,0.0457
CT003668,Zone_03,Zone_07,0.2713,0.0595,0.0563,0.0807,0.1083,0.0416,0.0891,0.2713,0.2311,0.0165,0.0457
CT004759,Zone_02,Zone_07,0.2706,0.0638,0.103,0.081,0.123,0.0531,0.0381,0.2706,0.1844,0.0227,0.0604
CT002621,Zone_07,Zone_08,0.2297,0.1006,0.085,0.0647,0.134,0.0472,0.0629,0.2031,0.2297,0.0116,0.0614
CT014877,Zone_06,Zone_07,0.3563,0.0392,0.0782,0.0884,0.1136,0.0292,0.0265,0.3563,0.1976,0.0083,0.0628
CT008558,Zone_08,Zone_07,0.2557,0.0515,0.1036,0.0798,0.1186,0.0504,0.0634,0.2557,0.1955,0.0077,0.0739
CT009183,Zone_08,Zone_07,0.2753,0.1009,0.0584,0.0666,0.1561,0.0157,0.0991,0.2753,0.1685,0.0193,0.04
CT008366,Zone_10,Zone_07,0.3095,0.1005,0.0737,0.0651,0.1162,0.0295,0.033,0.3095,0.2254,0.0075,0.0396
CT005257,Zone_08,Zone_07,0.2602,0.0753,0.0717,0.1087,0.1167,0.0244,0.051,0.2602,0.2206,0.0103,0.0612
CT019248,Zone_07,Zone_07,0.2834,0.0625,0.0617,0.0889,0.1161,0.0355,0.0413,0.2834,0.2393,0.0089,0.0624
CT010510,Zone_07,Zone_08,0.2145,0.051,0.0563,0.0886,0.209,0.0426,0.0367,0.2007,0.2145,0.0056,0.0951
CT016053,Zone_10,Zone_07,0.2966,0.0647,0.0736,0.0719,0.124,0.0226,0.0329,0.2966,0.223,0.0178,0.0729
CT001623,Zone_07,Zone_07,0.2957,0.0587,0.064,0.1029,0.2102,0.0712,0.0217,0.2957,0.1486,0.0076,0.0193
CT018389,Zone_07,Zone_07,0.2758,0.0646,0.0732,0.092,0.1415,0.0392,0.0377,0.2758,0.1938,0.0077,0.0745
CT008515,Zone_05,Zone_08,0.3234,0.0456,0.0768,0.0981,0.1088,0.038,0.0243,0.2249,0.3234,0.008,0.0519
CT009442,Zone_10,Zone_07,0.3236,0.056,0.0524,0.0734,0.1094,0.0349,0.0361,0.3236,0.2656,0.005,0.0437
CT017955,Zone_09,Zone_08,0.235,0.0551,0.1785,0.0674,0.1579,0.0269,0.03,0.1935,0.235,0.0171,0.0384
CT016258,Zone_03,Zone_07,0.3213,0.0655,0.0805,0.0842,0.1209,0.0479,0.0316,0.3213,0.1944,0.0053,0.0484
CT018617,Zone_02,Zone_07,0.3588,0.0295,0.0764,0.0675,0.1248,0.0227,0.0317,0.3588,0.1689,0.0389,0.0809
CT010955,Zone_06,Zone_07,0.238,0.0622,0.0742,0.1105,0.1451,0.0687,0.0324,0.238,0.1991,0.0129,0.0569
CT012905,Zone_03,Zone_07,0.2905,0.0601,0.0887,0.1058,0.1096,0.0459,0.0341,0.2905,0.2215,0.0091,0.0347
CT011705,Zone_03,Zone_07,0.3283,0.0681,0.0763,0.0902,0.1036,0.0335,0.0421,0.3283,0.19,0.009,0.059
CT009210,Zone_07,Zone_07,0.3055,0.0756,0.0962,0.0712,0.1248,0.044,0.0435,0.3055,0.1726,0.0105,0.0562
CT010744,Zone_07,Zone_07,0.291,0.0475,0.0886,0.0907,0.0772,0.0279,0.0316,0.291,0.2715,0.0173,0.0566
CT001575,Zone_03,Zone_07,0.2531,0.0432,0.0666,0.0861,0.2104,0.0213,0.0382,0.2531,0.2209,0.0059,0.0544
CT009750,Zone_03,Zone_07,0.3079,0.0466,0.0668,0.0855,0.1279,0.0235,0.0422,0.3079,0.2335,0.0152,0.0509
CT019603,Zone_09,Zone_07,0.2708,0.086,0.0827,0.0751,0.122,0.0317,0.0415,0.2708,0.2227,0.0143,0.0532
CT017224,Zone_04,Zone_07,0.2491,0.0878,0.1175,0.1159,0.1283,0.0244,0.0341,0.2491,0.1953,0.0062,0.0414
CT003952,Zone_10,Zone_07,0.2758,0.0638,0.0779,0.0727,0.1217,0.0478,0.0426,0.2758,0.2331,0.0093,0.0553
CT002709,Zone_01,Zone_07,0.2458,0.0688,0.0958,0.123,0.1295,0.0386,0.0394,0.2458,0.1984,0.0144,0.0461
CT017740,Zone_07,Zone_07,0.2197,0.0538,0.0843,0.0779,0.1956,0.0377,0.0313,0.2197,0.2066,0.0098,0.0832
CT004834,Zone_07,Zone_08,0.2654,0.0693,0.0637,0.0754,0.1339,0.0451,0.0394,0.2385,0.2654,0.0156,0.0538
CT007659,Zone_03,Zone_07,0.3535,0.0725,0.0601,0.1137,0.0776,0.0208,0.0479,0.3535,0.1762,0.0288,0.0489
CT014138,Zone_10,Zone_07,0.2407,0.08,0.0847,0.0954,0.1169,0.0247,0.0362,0.2407,0.2196,0.0116,0.0902
CT013936,Zone_08,Zone_08,0.2394,0.0575,0.0999,0.0705,0.2169,0.0423,0.0662,0.157,0.2394,0.0045,0.0459
CT010186,Zone_03,Zone_08,0.2834,0.0779,0.0807,0.0827,0.1041,0.0294,0.0333,0.2346,0.2834,0.0152,0.0588
CT001566,Zone_08,Zone_07,0.2437,0.0392,0.074,0.1182,0.1211,0.0427,0.0455,0.2437,0.2419,0.019,0.0547
CT006901,Zone_05,Zone_07,0.2851,0.0644,0.0736,0.0742,0.1649,0.0299,0.0492,0.2851,0.199,0.0111,0.0485
CT009170,Zone_04,Zone_07,0.3514,0.046,0.0671,0.0893,0.0832,0.0285,0.0362,0.3514,0.2436,0.0072,0.0475
CT001644,Zone_01,Zone_08,0.2745,0.056,0.0667,0.0773,0.1122,0.0606,0.0655,0.2247,0.2745,0.015,0.0474
CT018640,Zone_09,Zone_08,0.2787,0.0789,0.082,0.0695,0.1259,0.035,0.0371,0.1984,0.2787,0.0098,0.0847
CT011698,Zone_07,Zone_07,0.3216,0.0472,0.046,0.087,0.1371,0.0665,0.0465,0.3216,0.2004,0.0051,0.0426
CT013858,Zone_04,Zone_07,0.2373,0.0741,0.0712,0.106,0.1477,0.0355,0.0596,0.2373,0.179,0.013,0.0765
CT008036,Zone_07,Zone_07,0.2493,0.0541,0.077,0.076,0.1407,0.0308,0.0646,0.2493,0.2184,0.0306,0.0583
CT000620,Zone_02,Zone_07,0.2569,0.0569,0.1015,0.0935,0.0973,0.0167,0.0342,0.2569,0.2373,0.0071,0.0987
CT005000,Zone_08,Zone_08,0.2393,0.0942,0.0614,0.0894,0.1209,0.0333,0.048,0.2393,0.2393,0.0108,0.0634
CT013835,Zone_07,Zone_07,0.3303,0.0535,0.0604,0.1115,0.0993,0.031,0.0204,0.3303,0.2274,0.007,0.0592
CT013161,Zone_02,Zone_08,0.253,0.042,0.0756,0.1191,0.135,0.0275,0.0432,0.2398,0.253,0.0131,0.0516
CT014410,Zone_08,Zone_07,0.2398,0.0599,0.1038,0.0781,0.137,0.0568,0.0423,0.2398,0.196,0.023,0.0633
CT004673,Zone_02,Zone_08,0.3446,0.0368,0.0673,0.061,0.1093,0.0471,0.0302,0.2681,0.3446,0.0031,0.0325
CT014750,Zone_06,Zone_07,0.2969,0.0608,0.0802,0.0901,0.1228,0.028,0.0426,0.2969,0.1971,0.0103,0.0713
CT010241,Zone_04,Zone_07,0.3027,0.0647,0.0729,0.0807,0.1388,0.0283,0.0362,0.3027,0.2053,0.0118,0.0586
CT005552,Zone_02,Zone_07,0.2784,0.05,0.0597,0.096,0.1614,0.0261,0.0315,0.2784,0.212,0.0089,0.0761
CT013890,Zone_03,Zone_07,0.2752,0.0631,0.0733,0.087,0.1243,0.0354,0.04,0.2752,0.2434,0.0089,0.0494
CT009851,Zone_04,Zone_07,0.2858,0.0568,0.0732,0.0894,0.137,0.0433,0.0506,0.2858,0.1978,0.014,0.0521
CT009117,Zone_03,Zone_08,0.2377,0.0711,0.0974,0.0767,0.1237,0.0513,0.0393,0.214,0.2377,0.0215,0.0674
CT000914,Zone_10,Zone_08,0.2489,0.0571,0.1137,0.0606,0.1904,0.0154,0.0538,0.2195,0.2489,0.0016,0.0389
CT008781,Zone_07,Zone_08,0.2361,0.067,0.0518,0.0921,0.1328,0.0612,0.09,0.1743,0.2361,0.024,0.0708
CT006854,Zone_08,Zone_07,0.3294,0.032,0.0952,0.08,0.1402,0.029,0.0412,0.3294,0.2103,0.0139,0.0289
CT004665,Zone_07,Zone_07,0.3046,0.0352,0.0692,0.0946,0.1226,0.0386,0.0516,0.3046,0.2395,0.0041,0.0401
CT018249,Zone_06,Zone_08,0.2116,0.0872,0.0935,0.0799,0.1593,0.0552,0.0478,0.1712,0.2116,0.01,0.0842
CT018001,Zone_03,Zone_07,0.3425,0.0343,0.0877,0.0804,0.1229,0.0306,0.0362,0.3425,0.1879,0.0225,0.0551
CT009980,Zone_03,Zone_07,0.2626,0.0767,0.0755,0.0797,0.1208,0.029,0.06,0.2626,0.1982,0.0429,0.0544
CT013741,Zone_07,Zone_08,0.229,0.0819,0.0681,0.0729,0.1887,0.04,0.0302,0.2145,0.229,0.0107,0.064
CT018776,Zone_08,Zone_07,0.2798,0.0769,0.0643,0.072,0.1844,0.0385,0.0497,0.2798,0.1738,0.0062,0.0544
CT011895,Zone_02,Zone_07,0.3182,0.0465,0.0743,0.0799,0.1242,0.0346,0.0426,0.3182,0.2091,0.0172,0.0533
CT005849,Zone_03,Zone_07,0.3609,0.0962,0.0923,0.0373,0.1751,0.0557,0.0179,0.3609,0.1232,0.0028,0.0387
CT014991,Zone_06,Zone_07,0.2449,0.0601,0.0882,0.0932,0.1305,0.059,0.0325,0.2449,0.1868,0.0093,0.0955
CT015678,Zone_02,Zone_07,0.2896,0.0753,0.0622,0.08,0.1145,0.0445,0.0445,0.2896,0.2274,0.0075,0.0547
CT006291,Zone_07,Zone_07,0.2246,0.0819,0.0726,0.0961,0.1583,0.0305,0.0501,0.2246,0.2197,0.0063,0.06
CT004338,Zone_02,Zone_08,0.2339,0.0729,0.0687,0.079,0.1137,0.0403,0.0878,0.2265,0.2339,0.0109,0.0663
CT012599,Zone_08,Zone_07,0.2729,0.1281,0.0538,0.0612,0.1373,0.023,0.056,0.2729,0.1684,0.0064,0.0929
CT007341,Zone_07,Zone_08,0.2468,0.0433,0.1078,0.0852,0.1019,0.0571,0.0574,0.2411,0.2468,0.0047,0.0547
CT009705,Zone_04,Zone_08,0.2759,0.0387,0.0709,0.0859,0.1586,0.0256,0.0504,0.2363,0.2759,0.0046,0.0532
CT003318,Zone_03,Zone_08,0.2979,0.0563,0.0647,0.0859,0.0926,0.0281,0.0432,0.2318,0.2979,0.0182,0.0813
CT014931,Zone_04,Zone_08,0.2604,0.0579,0.0621,0.1139,0.1249,0.042,0.0512,0.2144,0.2604,0.011,0.0622
CT015194,Zone_04,Zone_07,0.3563,0.072,0.0781,0.0401,0.1369,0.0276,0.0294,0.3563,0.1827,0.0055,0.0714
CT011100,Zone_08,Zone_08,0.2397,0.0601,0.081,0.1014,0.1042,0.0491,0.0398,0.238,0.2397,0.0077,0.079
CT007927,Zone_01,Zone_08,0.3128,0.0659,0.0717,0.0744,0.1014,0.0412,0.041,0.2236,0.3128,0.0124,0.0556
CT012374,Zone_02,Zone_07,0.2371,0.0626,0.0911,0.1195,0.095,0.0409,0.0502,0.2371,0.2058,0.0083,0.0895
CT015055,Zone_07,Zone_07,0.292,0.0492,0.0758,0.0732,0.1171,0.0386,0.0441,0.292,0.2361,0.0179,0.0559
CT006319,Zone_08,Zone_07,0.2599,0.0584,0.0639,0.1298,0.0747,0.0471,0.0377,0.2599,0.2438,0.014,0.0707
CT003115,Zone_08,Zone_08,0.2486,0.0503,0.083,0.0837,0.1372,0.0345,0.0375,0.2265,0.2486,0.01,0.0886
CT014272,Zone_07,Zone_07,0.2926,0.1159,0.0923,0.0813,0.1109,0.0429,0.0344,0.2926,0.1556,0.0146,0.0595
CT016088,Zone_02,Zone_07,0.2624,0.076,0.0772,0.1118,0.1542,0.0302,0.0369,0.2624,0.192,0.0126,0.0466
CT008715,Zone_02,Zone_08,0.2843,0.1,0.0536,0.0709,0.1096,0.0429,0.0303,0.232,0.2843,0.0073,0.0691
CT005403,Zone_05,Zone_07,0.255,0.0703,0.066,0.0803,0.1459,0.044,0.0368,0.255,0.2362,0.0099,0.0556
CT001118,Zone_07,Zone_08,0.283,0.0607,0.0647,0.0637,0.1229,0.0578,0.0437,0.2216,0.283,0.0104,0.0715
CT014203,Zone_07,Zone_07,0.2315,0.0466,0.1006,0.0876,0.1042,0.0391,0.0293,0.2315,0.2266,0.007,0.1275
CT013603,Zone_08,Zone_07,0.2655,0.0764,0.0634,0.0763,0.1537,0.0311,0.043,0.2655,0.2345,0.0141,0.0422
CT017056,Zone_01,Zone_07,0.297,0.0404,0.08,0.1158,0.1156,0.0602,0.0478,0.297,0.1718,0.0212,0.0503
CT002208,Zone_08,Zone_07,0.2403,0.0846,0.0718,0.0749,0.1389,0.0679,0.0426,0.2403,0.1818,0.0067,0.0904
CT006221,Zone_08,Zone_08,0.2676,0.038,0.0824,0.0755,0.1271,0.0322,0.0469,0.2524,0.2676,0.0069,0.0709
CT019685,Zone_08,Zone_07,0.2518,0.0544,0.072,0.1423,0.1517,0.0413,0.0271,0.2518,0.1821,0.0074,0.0699
CT003530,Zone_08,Zone_07,0.2844,0.0913,0.0692,0.0817,0.1353,0.0331,0.0452,0.2844,0.1976,0.0058,0.0565
CT015892,Zone_08,Zone_08,0.2722,0.0535,0.0809,0.0724,0.1597,0.031,0.0378,0.1826,0.2722,0.0066,0.1031
CT009276,Zone_02,Zone_07,0.255,0.065,0.0726,0.1011,0.121,0.0514,0.0361,0.255,0.2439,0.0117,0.0422
CT011499,Zone_07,Zone_07,0.3294,0.0636,0.0771,0.0731,0.0894,0.0503,0.0414,0.3294,0.1179,0.0123,0.1456
CT005250,Zone_07,Zone_07,0.3163,0.0537,0.0945,0.1089,0.0934,0.027,0.0358,0.3163,0.2053,0.0106,0.0547
CT000830,Zone_04,Zone_07,0.303,0.0812,0.09,0.0628,0.1637,0.0211,0.0461,0.303,0.196,0.0052,0.0309
CT019390,Zone_04,Zone_07,0.2677,0.0768,0.0885,0.1277,0.1337,0.0263,0.039,0.2677,0.1888,0.0071,0.0442
CT014381,Zone_07,Zone_07,0.2793,0.09,0.062,0.0885,0.135,0.0366,0.0527,0.2793,0.1916,0.0079,0.0564
CT016812,Zone_10,Zone_07,0.2445,0.0889,0.077,0.0837,0.0838,0.0545,0.0477,0.2445,0.2013,0.0434,0.0753
CT008883,Zone_07,Zone_07,0.3008,0.0691,0.0657,0.0945,0.1274,0.0306,0.0344,0.3008,0.2078,0.0066,0.0631
CT013493,Zone_07,Zone_08,0.2606,0.066,0.0782,0.0938,0.1565,0.0242,0.0497,0.2234,0.2606,0.0181,0.0294
CT019104,Zone_08,Zone_07,0.2474,0.0999,0.0504,0.0758,0.1189,0.0435,0.0311,0.2474,0.2382,0.0553,0.0396
CT011223,Zone_02,Zone_07,0.3207,0.0522,0.0887,0.0591,0.1348,0.0606,0.0314,0.3207,0.1944,0.0209,0.0372
CT014474,Zone_02,Zone_07,0.2982,0.0528,0.0583,0.0804,0.2226,0.0412,0.0372,0.2982,0.1542,0.0075,0.0475
CT015843,Zone_08,Zone_07,0.2496,0.1138,0.0584,0.1044,0.12,0.0305,0.0416,0.2496,0.1965,0.0114,0.0739
CT014644,Zone_07,Zone_08,0.4029,0.0732,0.0629,0.0405,0.1334,0.0215,0.0231,0.192,0.4029,0.0089,0.0415
CT005539,Zone_05,Zone_07,0.3638,0.0656,0.0611,0.0818,0.1103,0.0229,0.0384,0.3638,0.1999,0.0057,0.0505
CT011815,Zone_08,Zone_07,0.2357,0.0631,0.0967,0.0959,0.1794,0.0589,0.0254,0.2357,0.1958,0.0091,0.04
CT001953,Zone_07,Zone_08,0.2953,0.0528,0.0578,0.1072,0.1133,0.0348,0.0358,0.2462,0.2953,0.0103,0.0465
CT010789,Zone_02,Zone_07,0.2775,0.0603,0.0677,0.0836,0.1809,0.0451,0.0258,0.2775,0.1745,0.0091,0.0756
CT012997,Zone_07,Zone_08,0.2424,0.0654,0.0579,0.1021,0.1301,0.0508,0.0682,0.2212,0.2424,0.0111,0.0507
CT015999,Zone_07,Zone_07,0.2519,0.0604,0.0691,0.0848,0.1671,0.0342,0.0353,0.2519,0.2047,0.0088,0.0839
CT017662,Zone_01,Zone_07,0.287,0.0475,0.0966,0.0962,0.116,0.0468,0.0456,0.287,0.1975,0.0128,0.0541
CT012662,Zone_04,Zone_07,0.3297,0.0443,0.0605,0.0951,0.1578,0.0241,0.0332,0.3297,0.1941,0.0048,0.0563
CT014464,Zone_04,Zone_07,0.2347,0.0676,0.0471,0.0698,0.0918,0.1136,0.0502,0.2347,0.1838,0.0196,0.1219
CT003915,Zone_05,Zone_07,0.2074,0.0918,0.0992,0.0983,0.1179,0.0565,0.0318,0.2074,0.201,0.0202,0.0758
CT003849,Zone_04,Zone_08,0.2531,0.0676,0.093,0.0642,0.1768,0.0382,0.0244,0.2206,0.2531,0.0063,0.0557
CT009762,Zone_02,Zone_08,0.1969,0.0674,0.1015,0.0899,0.1083,0.0707,0.0415,0.1968,0.1969,0.0565,0.0706
CT015372,Zone_02,Zone_07,0.2486,0.0627,0.1092,0.0999,0.1032,0.0321,0.0383,0.2486,0.1963,0.011,0.0988
CT000282,Zone_01,Zone_07,0.2465,0.0745,0.1126,0.0784,0.1376,0.039,0.0354,0.2465,0.2139,0.0094,0.0527
CT014007,Zone_07,Zone_07,0.2547,0.0455,0.0774,0.0694,0.1424,0.0528,0.0594,0.2547,0.2265,0.0213,0.0507
CT011393,Zone_08,Zone_07,0.3109,0.0591,0.0719,0.0877,0.1109,0.0404,0.0415,0.3109,0.2062,0.0175,0.0541
CT017804,Zone_07,Zone_07,0.2702,0.0936,0.092,0.0878,0.1463,0.0364,0.0447,0.2702,0.1596,0.0072,0.0623
CT016247,Zone_07,Zone_07,0.2899,0.0426,0.0664,0.0646,0.1326,0.0278,0.0439,0.2899,0.2644,0.0077,0.0601
CT011302,Zone_10,Zone_07,0.2195,0.0743,0.0891,0.1388,0.1155,0.0651,0.0451,0.2195,0.1895,0.0104,0.0526
CT016546,Zone_08,Zone_04,0.1892,0.1008,0.0829,0.1382,0.1892,0.0604,0.0221,0.1781,0.1834,0.006,0.0388
CT007929,Zone_02,Zone_07,0.2861,0.0454,0.0569,0.0755,0.1247,0.0602,0.0427,0.2861,0.2478,0.0143,0.0464
CT018385,Zone_08,Zone_07,0.2838,0.0772,0.0598,0.0876,0.1324,0.0423,0.0498,0.2838,0.1613,0.0115,0.0942
CT005206,Zone_02,Zone_07,0.313,0.0817,0.047,0.0665,0.1391,0.0276,0.0352,0.313,0.1865,0.0134,0.0899
CT017922,Zone_06,Zone_07,0.2514,0.062,0.063,0.1193,0.152,0.0384,0.0318,0.2514,0.2264,0.0099,0.0458
CT013621,Zone_07,Zone_07,0.3237,0.0523,0.091,0.0934,0.1289,0.0267,0.0416,0.3237,0.1739,0.0242,0.0444
CT017269,Zone_07,Zone_07,0.3065,0.0719,0.0585,0.0983,0.1099,0.0408,0.0573,0.3065,0.2007,0.0135,0.0427
CT013140,Zone_07,Zone_07,0.2482,0.0495,0.1439,0.095,0.1002,0.0274,0.0564,0.2482,0.2118,0.0061,0.0614
CT012218,Zone_04,Zone_07,0.2937,0.0624,0.0756,0.0945,0.1333,0.0265,0.0434,0.2937,0.2092,0.0067,0.0546
CT000827,Zone_08,Zone_08,0.2792,0.0631,0.0916,0.0644,0.1233,0.0395,0.0265,0.2462,0.2792,0.0099,0.0564
CT011791,Zone_07,Zone_08,0.2853,0.0851,0.068,0.0927,0.117,0.0377,0.0329,0.1934,0.2853,0.0134,0.0745
CT011106,Zone_01,Zone_07,0.3097,0.0386,0.0694,0.0904,0.1232,0.0486,0.0322,0.3097,0.2204,0.0201,0.0474
CT010885,Zone_06,Zone_07,0.2798,0.1127,0.0811,0.0966,0.0751,0.0442,0.0361,0.2798,0.1985,0.0353,0.0406
CT013330,Zone_07,Zone_07,0.3624,0.0437,0.0799,0.0936,0.1211,0.0351,0.0361,0.3624,0.1795,0.013,0.0355
CT004583,Zone_07,Zone_07,0.2487,0.0558,0.0848,0.0748,0.1131,0.0633,0.0543,0.2487,0.2358,0.008,0.0612
CT014788,Zone_07,Zone_08,0.332,0.0457,0.0708,0.088,0.0866,0.0331,0.04,0.2451,0.332,0.0122,0.0466
CT001300,Zone_05,Zone_07,0.2559,0.0786,0.0949,0.0835,0.1473,0.0284,0.0367,0.2559,0.2084,0.0093,0.0571
CT011782,Zone_07,Zone_07,0.2757,0.0651,0.0934,0.0828,0.1082,0.0527,0.0338,0.2757,0.23,0.0101,0.0483
CT009150,Zone_03,Zone_07,0.2797,0.0666,0.0755,0.0989,0.1132,0.0358,0.0343,0.2797,0.2237,0.0079,0.0644
CT007601,Zone_09,Zone_07,0.3005,0.0708,0.1368,0.0653,0.115,0.037,0.0341,0.3005,0.1711,0.0059,0.0635
CT014107,Zone_07,Zone_08,0.2474,0.0578,0.0674,0.0987,0.1324,0.0531,0.055,0.215,0.2474,0.0176,0.0557
CT013183,Zone_03,Zone_07,0.3491,0.0603,0.0626,0.0851,0.1475,0.0878,0.0376,0.3491,0.113,0.007,0.0499
CT002945,Zone_04,Zone_08,0.263,0.0571,0.0582,0.0632,0.1731,0.0311,0.0328,0.2623,0.263,0.0018,0.0574
CT011594,Zone_08,Zone_07,0.2534,0.0416,0.1911,0.0681,0.1342,0.0306,0.0418,0.2534,0.1559,0.0395,0.0438
CT017406,Zone_07,Zone_07,0.2863,0.0543,0.0961,0.0898,0.1063,0.0273,0.0465,0.2863,0.2305,0.0136,0.0493
CT010579,Zone_04,Zone_07,0.296,0.0611,0.0936,0.1115,0.1241,0.0317,0.0351,0.296,0.1883,0.0104,0.0481
CT013916,Zone_08,Zone_08,0.2441,0.0577,0.131,0.0569,0.1569,0.0236,0.0689,0.1774,0.2441,0.0053,0.0784
CT010180,Zone_08,Zone_07,0.2611,0.0601,0.0861,0.0779,0.111,0.0503,0.0517,0.2611,0.2282,0.014,0.0597
CT017695,Zone_08,Zone_07,0.2967,0.0651,0.0932,0.0607,0.0942,0.0382,0.0389,0.2967,0.239,0.0125,0.0615
CT017177,Zone_07,Zone_08,0.2345,0.0723,0.0764,0.1027,0.1213,0.0526,0.0496,0.2285,0.2345,0.0056,0.0564
CT016847,Zone_04,Zone_07,0.2507,0.0476,0.072,0.079,0.2071,0.0358,0.0301,0.2507,0.2012,0.0188,0.0577
CT013733,Zone_08,Zone_07,0.2968,0.0587,0.0785,0.0919,0.1042,0.0374,0.0307,0.2968,0.2124,0.016,0.0734
CT018926,Zone_01,Zone_08,0.2619,0.0761,0.0855,0.0856,0.1404,0.0282,0.0811,0.1925,0.2619,0.0088,0.0398
CT018565,Zone_07,Zone_07,0.2358,0.0632,0.066,0.0947,0.1367,0.0432,0.0861,0.2358,0.1887,0.0279,0.0577
CT001890,Zone_08,Zone_07,0.3147,0.0676,0.0812,0.0704,0.1464,0.0286,0.0312,0.3147,0.1658,0.0077,0.0864
CT004084,Zone_04,Zone_08,0.2598,0.087,0.0686,0.0903,0.1203,0.0359,0.039,0.2311,0.2598,0.0109,0.0571
CT004692,Zone_04,Zone_07,0.2622,0.0556,0.0556,0.0852,0.1465,0.0308,0.0463,0.2622,0.2532,0.0049,0.0595
CT006765,Zone_04,Zone_08,0.2931,0.0366,0.1007,0.0937,0.1379,0.0285,0.0583,0.1911,0.2931,0.0132,0.047
CT005661,Zone_08,Zone_04,0.2646,0.0826,0.0993,0.0501,0.2646,0.0252,0.0342,0.2455,0.1481,0.0032,0.0473
CT013626,Zone_07,Zone_07,0.277,0.0606,0.0815,0.0804,0.1514,0.0296,0.0407,0.277,0.2016,0.0071,0.0703
CT000475,Zone_04,Zone_07,0.2621,0.0982,0.0555,0.1086,0.1041,0.0402,0.0231,0.2621,0.2313,0.0397,0.0373
CT007821,Zone_08,Zone_07,0.2686,0.0599,0.0881,0.0926,0.1207,0.0339,0.0396,0.2686,0.2226,0.0124,0.0615
CT011650,Zone_07,Zone_07,0.3816,0.0857,0.0855,0.0544,0.1649,0.0323,0.0274,0.3816,0.1132,0.0014,0.0538
CT007071,Zone_08,Zone_07,0.2928,0.0719,0.0722,0.0923,0.1212,0.024,0.0549,0.2928,0.1936,0.0043,0.0729
CT000127,Zone_04,Zone_07,0.2929,0.0413,0.0835,0.1044,0.1366,0.0427,0.0381,0.2929,0.2003,0.0083,0.0518
CT006190,Zone_07,Zone_07,0.3328,0.0509,0.0852,0.1163,0.0989,0.0319,0.036,0.3328,0.1852,0.0277,0.0352
CT019805,Zone_02,Zone_07,0.2634,0.0396,0.0971,0.0623,0.1728,0.0392,0.0335,0.2634,0.2406,0.0075,0.0441
CT006969,Zone_08,Zone_08,0.2974,0.0616,0.05,0.0832,0.1188,0.0526,0.0581,0.2162,0.2974,0.0081,0.054
CT007502,Zone_07,Zone_07,0.2516,0.0615,0.088,0.0759,0.1254,0.0494,0.0488,0.2516,0.2103,0.0095,0.0796
CT014095,Zone_02,Zone_07,0.2817,0.0612,0.1105,0.1035,0.1072,0.0223,0.0314,0.2817,0.2281,0.0089,0.0452
CT007831,Zone_10,Zone_07,0.3275,0.0553,0.0527,0.064,0.1153,0.037,0.0571,0.3275,0.2129,0.0077,0.0705
CT009264,Zone_07,Zone_07,0.304,0.0657,0.0598,0.0886,0.1151,0.0436,0.0316,0.304,0.2213,0.0127,0.0576
CT004763,Zone_06,Zone_08,0.2277,0.0735,0.0755,0.1054,0.119,0.043,0.051,0.2173,0.2277,0.0087,0.0788
CT018894,Zone_03,Zone_07,0.2752,0.0698,0.1317,0.0747,0.1639,0.0331,0.054,0.2752,0.1438,0.0127,0.0411
CT007606,Zone_10,Zone_07,0.2816,0.0704,0.0661,0.0813,0.1218,0.051,0.0467,0.2816,0.2043,0.0175,0.0593
CT001929,Zone_02,Zone_07,0.2647,0.094,0.0845,0.1048,0.1351,0.0562,0.0325,0.2647,0.1738,0.0132,0.0412
CT004052,Zone_07,Zone_07,0.312,0.0362,0.0996,0.0796,0.1265,0.035,0.0219,0.312,0.2373,0.0067,0.0452
CT005673,Zone_05,Zone_07,0.2563,0.0671,0.0902,0.0849,0.1265,0.0503,0.0563,0.2563,0.1993,0.011,0.0581
CT004100,Zone_06,Zone_07,0.2504,0.0553,0.1494,0.0823,0.0968,0.0563,0.0489,0.2504,0.2091,0.0035,0.048
CT009828,Zone_08,Zone_07,0.2621,0.0589,0.0773,0.1238,0.1242,0.0395,0.0577,0.2621,0.1388,0.0206,0.0971
CT001093,Zone_04,Zone_07,0.285,0.0703,0.0563,0.1075,0.1032,0.0349,0.0589,0.285,0.2127,0.0082,0.0631
CT012879,Zone_08,Zone_08,0.2415,0.0491,0.0599,0.0848,0.1525,0.0336,0.0906,0.2316,0.2415,0.0144,0.0419
CT007871,Zone_02,Zone_07,0.3277,0.0622,0.0621,0.0761,0.0854,0.0605,0.0611,0.3277,0.1489,0.0076,0.1084
CT019270,Zone_02,Zone_07,0.2645,0.055,0.0836,0.0917,0.1212,0.0307,0.0521,0.2645,0.2354,0.0101,0.0557
CT017181,Zone_08,Zone_07,0.3038,0.0684,0.0671,0.0806,0.1454,0.0399,0.033,0.3038,0.1723,0.0332,0.0564
CT007825,Zone_10,Zone_07,0.2539,0.0737,0.0797,0.0936,0.1096,0.0291,0.0587,0.2539,0.2333,0.006,0.0624
CT007398,Zone_04,Zone_07,0.2709,0.0732,0.0539,0.1108,0.1238,0.0282,0.0425,0.2709,0.2054,0.0129,0.0784
CT009712,Zone_08,Zone_08,0.2676,0.0555,0.0696,0.0862,0.1502,0.0227,0.0407,0.2365,0.2676,0.0187,0.0523
CT004523,Zone_07,Zone_07,0.2373,0.0514,0.0992,0.0936,0.1273,0.0557,0.0524,0.2373,0.1696,0.0315,0.082
CT017063,Zone_07,Zone_07,0.287,0.0383,0.0533,0.095,0.1964,0.0463,0.0642,0.287,0.1527,0.0085,0.0582
CT012709,Zone_04,Zone_07,0.3738,0.0492,0.0906,0.097,0.0892,0.0471,0.0392,0.3738,0.1437,0.0069,0.0632
CT019406,Zone_07,Zone_07,0.2475,0.0904,0.0873,0.0874,0.1304,0.0404,0.0531,0.2475,0.2065,0.0087,0.0481
CT010725,Zone_10,Zone_07,0.3836,0.089,0.0596,0.0706,0.1393,0.0324,0.0306,0.3836,0.1582,0.0082,0.0285
CT016794,Zone_08,Zone_08,0.2983,0.0596,0.1166,0.0416,0.1797,0.0223,0.0541,0.1757,0.2983,0.0044,0.0477
CT015767,Zone_02,Zone_07,0.2899,0.0633,0.0526,0.0651,0.1613,0.0223,0.0287,0.2899,0.226,0.0051,0.0858
CT011562,Zone_07,Zone_08,0.2931,0.0514,0.0735,0.076,0.075,0.0399,0.0427,0.2681,0.2931,0.0062,0.0742
CT005392,Zone_05,Zone_07,0.2638,0.0461,0.0618,0.0791,0.1559,0.0453,0.0627,0.2638,0.2322,0.014,0.039
CT007647,Zone_02,Zone_07,0.2619,0.0695,0.058,0.0972,0.1526,0.0226,0.0314,0.2619,0.213,0.0183,0.0752
CT014945,Zone_07,Zone_07,0.2947,0.0649,0.0487,0.141,0.1285,0.0559,0.0382,0.2947,0.1378,0.0216,0.0687
CT006576,Zone_07,Zone_08,0.2073,0.0874,0.1072,0.1254,0.1324,0.0245,0.0405,0.1973,0.2073,0.0195,0.0586
CT015207,Zone_08,Zone_07,0.2695,0.0636,0.0813,0.1156,0.1084,0.0539,0.0437,0.2695,0.2042,0.0104,0.0495
CT010223,Zone_08,Zone_07,0.279,0.104,0.0635,0.104,0.1105,0.0196,0.02,0.279,0.2121,0.0427,0.0445
CT013738,Zone_05,Zone_07,0.2897,0.0967,0.0589,0.0971,0.1152,0.0358,0.0526,0.2897,0.1954,0.0051,0.0535
CT015380,Zone_07,Zone_08,0.2452,0.0613,0.0614,0.0695,0.1358,0.035,0.0394,0.2427,0.2452,0.019,0.0907
CT019799,Zone_07,Zone_07,0.2975,0.0457,0.0768,0.097,0.1354,0.0245,0.0422,0.2975,0.2192,0.0125,0.0493
CT019863,Zone_07,Zone_07,0.2777,0.0424,0.0823,0.0756,0.1193,0.0597,0.0407,0.2777,0.221,0.0059,0.0753
CT009575,Zone_02,Zone_08,0.2685,0.0634,0.0505,0.089,0.1056,0.081,0.0662,0.1841,0.2685,0.0193,0.0722
CT004557,Zone_07,Zone_07,0.2228,0.1383,0.0655,0.0814,0.103,0.0727,0.076,0.2228,0.1884,0.0084,0.0435
CT014193,Zone_08,Zone_07,0.2785,0.0413,0.0639,0.1196,0.1129,0.0415,0.0259,0.2785,0.2291,0.012,0.0752
CT014899,Zone_02,Zone_07,0.2378,0.073,0.072,0.0998,0.1726,0.0271,0.0274,0.2378,0.1996,0.0135,0.0772
CT015788,Zone_04,Zone_07,0.4187,0.06,0.0781,0.0676,0.0939,0.0344,0.0394,0.4187,0.1136,0.0106,0.0836
CT008060,Zone_07,Zone_07,0.2515,0.0669,0.0857,0.1105,0.0973,0.0403,0.0554,0.2515,0.2017,0.0133,0.0774
CT016153,Zone_05,Zone_08,0.2503,0.0762,0.0629,0.0924,0.1289,0.0481,0.0473,0.2376,0.2503,0.014,0.0425
CT017364,Zone_03,Zone_07,0.3198,0.0562,0.0593,0.0963,0.1414,0.0303,0.0525,0.3198,0.1673,0.0103,0.0667
CT008191,Zone_08,Zone_08,0.2566,0.0539,0.0802,0.0788,0.1614,0.0368,0.0453,0.2075,0.2566,0.0083,0.0713
CT003953,Zone_10,Zone_07,0.2685,0.0672,0.0683,0.0726,0.1503,0.0367,0.0311,0.2685,0.2445,0.0148,0.046
CT014511,Zone_10,Zone_07,0.2367,0.0612,0.0782,0.106,0.1181,0.0423,0.0504,0.2367,0.2354,0.0101,0.0615
CT012476,Zone_07,Zone_07,0.3152,0.0492,0.2052,0.0906,0.0755,0.0232,0.019,0.3152,0.1792,0.0048,0.0381
CT013289,Zone_08,Zone_07,0.2849,0.0505,0.073,0.0745,0.0985,0.0372,0.0347,0.2849,0.2768,0.0105,0.0595
CT008490,Zone_07,Zone_08,0.2575,0.0541,0.0668,0.1264,0.1169,0.0367,0.0436,0.2343,0.2575,0.0085,0.0552
CT006762,Zone_07,Zone_07,0.3732,0.0543,0.0513,0.0663,0.1267,0.0234,0.0229,0.3732,0.2041,0.0127,0.0653
CT016792,Zone_07,Zone_07,0.2833,0.0496,0.0634,0.0804,0.1257,0.0448,0.0367,0.2833,0.2505,0.0117,0.0539
CT015622,Zone_08,Zone_07,0.3053,0.0979,0.0835,0.0876,0.1051,0.0415,0.0314,0.3053,0.1658,0.0075,0.0744
CT003614,Zone_06,Zone_07,0.3747,0.0366,0.0443,0.0727,0.0979,0.0281,0.0272,0.3747,0.2241,0.0119,0.0824
CT002910,Zone_07,Zone_07,0.2918,0.0536,0.0818,0.0931,0.1304,0.0337,0.037,0.2918,0.2107,0.0086,0.0593
CT009608,Zone_08,Zone_07,0.263,0.0737,0.082,0.0986,0.1164,0.0256,0.0364,0.263,0.2209,0.0078,0.0756
CT006538,Zone_08,Zone_07,0.3783,0.0889,0.0453,0.0614,0.0885,0.0241,0.0333,0.3783,0.2168,0.012,0.0513
CT016490,Zone_05,Zone_07,0.3456,0.0418,0.0534,0.0686,0.1,0.0371,0.024,0.3456,0.2692,0.0048,0.0555
CT000762,Zone_03,Zone_07,0.3096,0.0466,0.0456,0.0761,0.1295,0.0314,0.0436,0.3096,0.2628,0.0058,0.049
CT001583,Zone_08,Zone_07,0.2605,0.054,0.0627,0.0911,0.1315,0.0319,0.0569,0.2605,0.2401,0.0079,0.0633
CT005800,Zone_05,Zone_08,0.2756,0.0533,0.0661,0.0742,0.1385,0.0454,0.0289,0.2455,0.2756,0.0115,0.0608
CT011000,Zone_06,Zone_08,0.2362,0.0896,0.0792,0.1067,0.1059,0.0459,0.0458,0.2105,0.2362,0.0195,0.0606
CT018448,Zone_02,Zone_07,0.4222,0.029,0.0695,0.0901,0.1062,0.0292,0.0208,0.4222,0.185,0.0026,0.0453
CT011783,Zone_07,Zone_07,0.2678,0.0856,0.0681,0.0998,0.1035,0.0333,0.0397,0.2678,0.2226,0.0146,0.0651
CT005178,Zone_02,Zone_07,0.3335,0.0412,0.108,0.0771,0.0927,0.0279,0.0281,0.3335,0.23,0.0064,0.0551
CT004179,Zone_08,Zone_07,0.2422,0.031,0.1044,0.1198,0.1135,0.0302,0.047,0.2422,0.2296,0.017,0.0654
CT009446,Zone_04,Zone_08,0.2226,0.0362,0.0514,0.1049,0.1768,0.0539,0.0398,0.2046,0.2226,0.0072,0.1025
CT012633,Zone_10,Zone_07,0.2767,0.0679,0.0613,0.0691,0.1134,0.0421,0.0441,0.2767,0.2598,0.0077,0.0578
CT018063,Zone_07,Zone_08,0.2448,0.0931,0.0756,0.083,0.1438,0.0384,0.0387,0.2154,0.2448,0.0136,0.0535
CT015574,Zone_07,Zone_08,0.2188,0.0889,0.0986,0.0836,0.1496,0.0478,0.0332,0.2099,0.2188,0.007,0.0625
CT002437,Zone_08,Zone_07,0.2588,0.0674,0.0766,0.0942,0.1466,0.0337,0.0523,0.2588,0.2119,0.0073,0.0512
CT000744,Zone_02,Zone_07,0.2614,0.0696,0.0879,0.086,0.1561,0.037,0.0431,0.2614,0.196,0.0132,0.0498
CT003333,Zone_02,Zone_07,0.276,0.0402,0.0821,0.0776,0.1916,0.0356,0.0337,0.276,0.191,0.0072,0.065
CT014192,Zone_07,Zone_07,0.2342,0.0987,0.0562,0.1104,0.1757,0.0433,0.0251,0.2342,0.1742,0.0044,0.0778
CT019305,Zone_10,Zone_07,0.3359,0.0391,0.0837,0.1185,0.156,0.0341,0.0284,0.3359,0.1393,0.0112,0.0539
CT016161,Zone_01,Zone_07,0.2884,0.0387,0.0495,0.0988,0.1208,0.0278,0.0356,0.2884,0.2501,0.013,0.0773
CT000042,Zone_07,Zone_07,0.2629,0.0655,0.0629,0.0813,0.142,0.0333,0.0376,0.2629,0.2081,0.0259,0.0807
CT002414,Zone_07,Zone_07,0.3327,0.0707,0.0926,0.1003,0.0932,0.0501,0.0292,0.3327,0.1858,0.0055,0.0398
CT006874,Zone_04,Zone_08,0.3191,0.0807,0.0951,0.0787,0.0886,0.0356,0.0375,0.1837,0.3191,0.008,0.073
CT018070,Zone_04,Zone_07,0.3233,0.0433,0.0763,0.0851,0.1274,0.0803,0.0295,0.3233,0.1656,0.0067,0.0623
CT016879,Zone_04,Zone_07,0.2683,0.0597,0.1393,0.081,0.1821,0.0239,0.0419,0.2683,0.1406,0.0109,0.0523
CT013923,Zone_08,Zone_07,0.2705,0.0634,0.0637,0.101,0.1611,0.043,0.0211,0.2705,0.1915,0.0083,0.0765
CT013159,Zone_07,Zone_07,0.2784,0.0423,0.0722,0.0593,0.1117,0.0617,0.0357,0.2784,0.2483,0.0258,0.0647
CT012257,Zone_07,Zone_07,0.3209,0.0568,0.063,0.1251,0.131,0.0482,0.0487,0.3209,0.1579,0.0047,0.0438
CT007638,Zone_10,Zone_07,0.3486,0.0558,0.0853,0.0626,0.107,0.0491,0.0305,0.3486,0.2043,0.0073,0.0495
CT006918,Zone_07,Zone_07,0.3635,0.0832,0.0919,0.0467,0.0889,0.0227,0.0223,0.3635,0.2134,0.0081,0.0593
CT019175,Zone_06,Zone_07,0.248,0.0885,0.0634,0.1621,0.1211,0.0139,0.0257,0.248,0.1958,0.0219,0.0596
CT014715,Zone_08,Zone_07,0.2824,0.0483,0.0524,0.0683,0.1149,0.024,0.0734,0.2824,0.2331,0.0105,0.0928
CT013729,Zone_02,Zone_08,0.2364,0.0576,0.1106,0.1029,0.1468,0.0909,0.0432,0.1711,0.2364,0.0102,0.0304
CT009237,Zone_05,Zone_07,0.3004,0.0806,0.086,0.0936,0.1111,0.0265,0.0372,0.3004,0.2162,0.0105,0.0379
CT016400,Zone_07,Zone_07,0.2868,0.1324,0.0865,0.0841,0.1167,0.0432,0.0891,0.2868,0.0967,0.0113,0.0533
CT006314,Zone_03,Zone_08,0.2718,0.0893,0.0944,0.0961,0.0909,0.0345,0.0379,0.2192,0.2718,0.023,0.0429
CT007258,Zone_06,Zone_08,0.237,0.087,0.0614,0.097,0.121,0.0387,0.1035,0.1992,0.237,0.0075,0.0478
CT003675,Zone_07,Zone_07,0.2721,0.0603,0.1022,0.0857,0.0941,0.0372,0.0906,0.2721,0.1854,0.008,0.0646
CT005919,Zone_07,Zone_07,0.2889,0.0479,0.0955,0.1004,0.1505,0.0333,0.0377,0.2889,0.196,0.0088,0.0409
CT002659,Zone_03,Zone_08,0.2438,0.088,0.1078,0.081,0.1181,0.0331,0.0409,0.2313,0.2438,0.0119,0.044
CT007939,Zone_01,Zone_07,0.2356,0.0558,0.0756,0.1206,0.1383,0.0393,0.0533,0.2356,0.2247,0.0088,0.048
CT012516,Zone_07,Zone_07,0.2534,0.0644,0.0901,0.0701,0.1224,0.0517,0.0542,0.2534,0.2239,0.0169,0.0529
CT005343,Zone_07,Zone_07,0.3146,0.0525,0.0625,0.0659,0.1666,0.0281,0.0566,0.3146,0.1693,0.0086,0.0752
CT018366,Zone_05,Zone_08,0.2698,0.0536,0.0672,0.1219,0.113,0.03,0.0401,0.2405,0.2698,0.0126,0.0512
CT008084,Zone_07,Zone_07,0.3384,0.067,0.0719,0.0936,0.1056,0.0236,0.0331,0.3384,0.1825,0.0085,0.0758
CT019048,Zone_04,Zone_07,0.2403,0.0728,0.0969,0.0997,0.126,0.0304,0.0305,0.2403,0.2256,0.0103,0.0675
CT019283,Zone_07,Zone_07,0.2818,0.0814,0.0669,0.1168,0.085,0.0331,0.0368,0.2818,0.1874,0.0091,0.1018
CT013388,Zone_07,Zone_07,0.2926,0.0333,0.1252,0.0817,0.1067,0.0376,0.0207,0.2926,0.2203,0.0102,0.0715
CT004938,Zone_08,Zone_07,0.2592,0.0907,0.0744,0.0774,0.1328,0.0424,0.0325,0.2592,0.2187,0.0161,0.0558
CT008444,Zone_08,Zone_07,0.2935,0.0703,0.0763,0.0778,0.076,0.0314,0.057,0.2935,0.2477,0.0072,0.0628
CT006994,Zone_07,Zone_08,0.2211,0.0371,0.1031,0.1327,0.1067,0.0909,0.0539,0.2017,0.2211,0.0243,0.0286
CT002236,Zone_07,Zone_07,0.3642,0.049,0.0935,0.0537,0.1337,0.0233,0.0565,0.3642,0.1524,0.0212,0.0524
CT007750,Zone_07,Zone_07,0.2744,0.0567,0.1043,0.0913,0.1313,0.037,0.0355,0.2744,0.2075,0.0066,0.0554
CT018522,Zone_03,Zone_07,0.3366,0.0578,0.0843,0.0636,0.1091,0.0368,0.0276,0.3366,0.2166,0.0079,0.0596
CT004350,Zone_07,Zone_07,0.3239,0.0643,0.0588,0.1274,0.1212,0.0255,0.0278,0.3239,0.2029,0.0107,0.0376
CT001378,Zone_07,Zone_07,0.2572,0.0605,0.0669,0.0905,0.1607,0.0278,0.0389,0.2572,0.2278,0.0157,0.054
CT011743,Zone_09,Zone_07,0.2781,0.0638,0.0699,0.064,0.1283,0.0321,0.0393,0.2781,0.252,0.0139,0.0586
CT006024,Zone_07,Zone_07,0.2839,0.0504,0.1046,0.1264,0.0603,0.0307,0.0498,0.2839,0.2551,0.0078,0.0309
CT009504,Zone_01,Zone_08,0.2827,0.0637,0.0739,0.0781,0.1232,0.0278,0.0424,0.2411,0.2827,0.0097,0.0575
CT016932,Zone_03,Zone_07,0.2689,0.0537,0.0927,0.0834,0.1616,0.0298,0.0367,0.2689,0.2276,0.0072,0.0384
CT016644,Zone_08,Zone_07,0.2805,0.062,0.1087,0.1029,0.1037,0.0417,0.0371,0.2805,0.1865,0.0132,0.0638
CT018239,Zone_04,Zone_07,0.2433,0.073,0.0791,0.0947,0.1029,0.0577,0.0319,0.2433,0.2325,0.0086,0.0763
CT009632,Zone_10,Zone_07,0.2843,0.0748,0.0706,0.0927,0.1247,0.0346,0.0651,0.2843,0.1873,0.0097,0.0563
CT015315,Zone_08,Zone_07,0.2633,0.0536,0.0668,0.0938,0.1363,0.0456,0.0607,0.2633,0.1977,0.0052,0.0768
CT000924,Zone_07,Zone_07,0.3196,0.0608,0.0425,0.084,0.1029,0.0499,0.0358,0.3196,0.2336,0.0192,0.0517
CT006789,Zone_07,Zone_07,0.2485,0.0477,0.1003,0.1008,0.1122,0.0433,0.0437,0.2485,0.2359,0.013,0.0547
CT015104,Zone_02,Zone_07,0.2367,0.0575,0.0598,0.0937,0.1286,0.0571,0.0622,0.2367,0.2053,0.0247,0.0744
CT006733,Zone_07,Zone_07,0.2613,0.0541,0.0884,0.1165,0.1406,0.0284,0.0715,0.2613,0.191,0.0055,0.0427
CT002222,Zone_08,Zone_08,0.2975,0.0829,0.0974,0.0775,0.085,0.0325,0.0534,0.2259,0.2975,0.0068,0.0412
CT005702,Zone_03,Zone_07,0.2445,0.0817,0.1153,0.0529,0.0966,0.0652,0.1199,0.2445,0.1502,0.0085,0.0651
CT006421,Zone_04,Zone_07,0.2706,0.0771,0.0771,0.0939,0.1248,0.042,0.0356,0.2706,0.2022,0.0121,0.0644
CT018033,Zone_01,Zone_07,0.2941,0.048,0.1264,0.1108,0.1177,0.0583,0.0306,0.2941,0.1484,0.0143,0.0513
CT003331,Zone_10,Zone_07,0.3119,0.0576,0.0514,0.0659,0.1328,0.0387,0.0381,0.3119,0.2298,0.0131,0.0607
CT017112,Zone_07,Zone_07,0.2847,0.072,0.0924,0.0989,0.1183,0.0349,0.039,0.2847,0.1843,0.0135,0.062
CT006647,Zone_02,Zone_08,0.2661,0.056,0.0595,0.068,0.1341,0.0432,0.0681,0.2404,0.2661,0.0106,0.0541
CT011919,Zone_10,Zone_07,0.2868,0.028,0.0567,0.1262,0.1307,0.032,0.0557,0.2868,0.2303,0.0075,0.0461
CT011476,Zone_02,Zone_08,0.2718,0.071,0.0596,0.0682,0.1322,0.0582,0.0295,0.2444,0.2718,0.0113,0.0538
CT000857,Zone_07,Zone_07,0.2739,0.05,0.0878,0.0774,0.1515,0.0309,0.0461,0.2739,0.2176,0.0124,0.0525
CT006914,Zone_07,Zone_07,0.2909,0.0584,0.0685,0.0907,0.1309,0.041,0.0511,0.2909,0.2117,0.0079,0.0488
CT013714,Zone_05,Zone_08,0.2668,0.0838,0.0681,0.0743,0.1166,0.0386,0.0659,0.2094,0.2668,0.0151,0.0614
CT007981,Zone_05,Zone_07,0.2764,0.0617,0.0566,0.0788,0.1289,0.034,0.051,0.2764,0.2285,0.0077,0.0762
CT008757,Zone_04,Zone_07,0.2875,0.04,0.0513,0.0601,0.1178,0.0234,0.0375,0.2875,0.2555,0.023,0.104
CT006516,Zone_08,Zone_07,0.254,0.0528,0.08,0.0851,0.1291,0.0273,0.0439,0.254,0.2342,0.0117,0.0818
CT005398,Zone_04,Zone_08,0.2738,0.0563,0.0722,0.0877,0.1183,0.0349,0.0296,0.2385,0.2738,0.0148,0.0738
CT009007,Zone_03,Zone_07,0.3121,0.0868,0.0695,0.0944,0.0926,0.0315,0.0534,0.3121,0.2088,0.0093,0.0416
CT014049,Zone_08,Zone_07,0.2661,0.045,0.0775,0.0982,0.1589,0.0302,0.0579,0.2661,0.1889,0.0248,0.0524
CT017626,Zone_07,Zone_07,0.28,0.0373,0.0875,0.0778,0.1242,0.0341,0.0467,0.28,0.224,0.021,0.0673
CT005389,Zone_08,Zone_07,0.2575,0.0716,0.0743,0.0885,0.1002,0.0841,0.0395,0.2575,0.2291,0.0065,0.0488
CT015820,Zone_08,Zone_07,0.2683,0.0773,0.0673,0.1418,0.1006,0.0247,0.0396,0.2683,0.2265,0.0049,0.0489
CT006639,Zone_07,Zone_07,0.2721,0.0979,0.0773,0.0797,0.1182,0.0465,0.0301,0.2721,0.2198,0.0106,0.0477
CT008008,Zone_07,Zone_07,0.3142,0.0782,0.0757,0.0783,0.1479,0.0482,0.0307,0.3142,0.1562,0.0102,0.0604
CT001972,Zone_10,Zone_08,0.2811,0.0556,0.0969,0.0836,0.0964,0.024,0.0463,0.2138,0.2811,0.0196,0.0825
CT006302,Zone_08,Zone_07,0.2998,0.0415,0.092,0.1147,0.1352,0.0244,0.048,0.2998,0.1864,0.0132,0.0449
CT002780,Zone_03,Zone_08,0.2641,0.0469,0.1121,0.0675,0.0979,0.0196,0.0707,0.2577,0.2641,0.005,0.0585
CT008927,Zone_07,Zone_07,0.2496,0.089,0.1027,0.0888,0.1248,0.0518,0.0293,0.2496,0.1936,0.0103,0.0603
CT006475,Zone_03,Zone_07,0.2632,0.0845,0.064,0.0837,0.1022,0.0293,0.0406,0.2632,0.195,0.0174,0.1202
CT000729,Zone_08,Zone_07,0.337,0.0426,0.1036,0.0755,0.1195,0.0326,0.0203,0.337,0.1832,0.0187,0.0669
CT008438,Zone_07,Zone_07,0.2738,0.0505,0.0922,0.0952,0.1058,0.0344,0.039,0.2738,0.2295,0.014,0.0654
CT008287,Zone_08,Zone_07,0.2673,0.0535,0.1144,0.0776,0.1241,0.0276,0.0314,0.2673,0.2298,0.0077,0.0667
CT010727,Zone_07,Zone_07,0.2933,0.0704,0.0764,0.0775,0.1096,0.0483,0.0569,0.2933,0.2017,0.0076,0.0584
CT006408,Zone_01,Zone_07,0.2543,0.0615,0.0846,0.1118,0.1196,0.0443,0.0361,0.2543,0.2405,0.0075,0.04
CT009320,Zone_03,Zone_08,0.2567,0.082,0.0692,0.1145,0.1688,0.0355,0.0234,0.2016,0.2567,0.0077,0.0405
CT012624,Zone_08,Zone_07,0.2704,0.0656,0.0645,0.0873,0.1224,0.0512,0.0528,0.2704,0.2043,0.0162,0.0653
CT012663,Zone_08,Zone_07,0.3252,0.0481,0.0946,0.0744,0.1254,0.0271,0.0397,0.3252,0.1929,0.0109,0.0616
CT016689,Zone_08,Zone_07,0.2603,0.0742,0.0886,0.0513,0.1187,0.0519,0.0325,0.2603,0.2568,0.0023,0.0633
CT011315,Zone_03,Zone_07,0.2711,0.0773,0.1074,0.0817,0.1586,0.0418,0.0217,0.2711,0.1721,0.0116,0.0568
CT008151,Zone_07,Zone_07,0.3038,0.0562,0.0694,0.0935,0.1086,0.038,0.0386,0.3038,0.2258,0.0092,0.057
CT002926,Zone_07,Zone_07,0.3129,0.0606,0.0693,0.097,0.1321,0.0221,0.0632,0.3129,0.1459,0.0367,0.0601
CT016374,Zone_08,Zone_08,0.2483,0.0727,0.1053,0.1186,0.093,0.0335,0.0422,0.2248,0.2483,0.0077,0.054
CT008112,Zone_04,Zone_07,0.287,0.0699,0.0836,0.0741,0.1432,0.0256,0.0328,0.287,0.2271,0.0141,0.0426
CT000026,Zone_01,Zone_07,0.2238,0.0717,0.0723,0.1109,0.1508,0.0874,0.0609,0.2238,0.1506,0.0044,0.0672
CT000053,Zone_07,Zone_08,0.273,0.0405,0.1126,0.0962,0.0955,0.0353,0.0667,0.1823,0.273,0.0126,0.0854
CT014833,Zone_07,Zone_07,0.292,0.0682,0.0736,0.0863,0.1205,0.0274,0.0378,0.292,0.2138,0.0184,0.0621
CT006088,Zone_04,Zone_07,0.2777,0.0606,0.0976,0.0916,0.1277,0.0429,0.0483,0.2777,0.1814,0.011,0.0614
CT008986,Zone_07,Zone_07,0.2645,0.0704,0.0625,0.0851,0.1092,0.038,0.0405,0.2645,0.2596,0.0065,0.0637
CT016306,Zone_07,Zone_07,0.2798,0.0667,0.0669,0.0903,0.1505,0.0338,0.0429,0.2798,0.2,0.0167,0.0525
CT015059,Zone_07,Zone_08,0.2508,0.0508,0.0917,0.1178,0.1136,0.0332,0.0238,0.2406,0.2508,0.0085,0.069
CT016648,Zone_04,Zone_07,0.251,0.0532,0.0853,0.094,0.151,0.0456,0.0542,0.251,0.1899,0.0101,0.0657
CT015021,Zone_07,Zone_08,0.2863,0.0577,0.0887,0.0988,0.0967,0.0326,0.0403,0.2349,0.2863,0.0045,0.0594
CT019994,Zone_01,Zone_07,0.2676,0.0814,0.0661,0.0924,0.1194,0.0285,0.0349,0.2676,0.2135,0.0117,0.0843
CT011415,Zone_10,Zone_07,0.261,0.0789,0.077,0.0894,0.0717,0.0555,0.0408,0.261,0.2572,0.0049,0.0638
CT011709,Zone_08,Zone_07,0.2295,0.0676,0.0689,0.1292,0.1316,0.0364,0.043,0.2295,0.2279,0.0164,0.0497
CT002532,Zone_08,Zone_08,0.2478,0.0623,0.0516,0.0935,0.1715,0.0324,0.0658,0.2313,0.2478,0.0034,0.0405
CT017856,Zone_04,Zone_07,0.2691,0.0236,0.1105,0.1077,0.1386,0.0422,0.0437,0.2691,0.2123,0.0236,0.0288
CT009346,Zone_07,Zone_08,0.2544,0.0351,0.0889,0.0721,0.1372,0.0281,0.0526,0.2102,0.2544,0.0169,0.1045
CT016733,Zone_08,Zone_07,0.2726,0.0686,0.0879,0.106,0.127,0.0321,0.0354,0.2726,0.2066,0.0101,0.0538
CT002404,Zone_06,Zone_07,0.2354,0.0496,0.0805,0.0981,0.0982,0.0215,0.0548,0.2354,0.2345,0.0115,0.116
CT006096,Zone_05,Zone_07,0.2471,0.0632,0.1069,0.0777,0.0967,0.0593,0.0467,0.2471,0.2059,0.0145,0.082
CT003416,Zone_04,Zone_07,0.3,0.0742,0.0803,0.0792,0.1218,0.036,0.0413,0.3,0.2046,0.0101,0.0526
CT018825,Zone_01,Zone_07,0.3275,0.0504,0.0648,0.1082,0.1092,0.0394,0.0362,0.3275,0.2025,0.0112,0.0505
CT006235,Zone_04,Zone_07,0.2665,0.0974,0.0661,0.0943,0.1169,0.0409,0.035,0.2665,0.2101,0.0102,0.0627
CT019556,Zone_04,Zone_08,0.2687,0.0595,0.0775,0.134,0.1051,0.0425,0.0395,0.2033,0.2687,0.0065,0.0634
CT009913,Zone_06,Zone_08,0.2782,0.0913,0.0654,0.0774,0.0864,0.028,0.0545,0.2626,0.2782,0.0102,0.046
CT008750,Zone_07,Zone_07,0.2543,0.0854,0.0528,0.0903,0.1359,0.0446,0.0587,0.2543,0.1928,0.0093,0.0758
CT003159,Zone_06,Zone_07,0.2766,0.0393,0.0932,0.1116,0.1255,0.0269,0.0412,0.2766,0.2261,0.0047,0.0549
CT002921,Zone_09,Zone_07,0.3221,0.0614,0.054,0.0833,0.1079,0.0294,0.0341,0.3221,0.2401,0.0093,0.0585
CT004891,Zone_01,Zone_08,0.2415,0.0807,0.0855,0.0885,0.1241,0.0505,0.0445,0.2206,0.2415,0.0099,0.0542
CT015779,Zone_08,Zone_07,0.281,0.0526,0.0793,0.0981,0.1378,0.0339,0.0366,0.281,0.2264,0.0087,0.0458
CT005868,Zone_08,Zone_07,0.2506,0.0749,0.0748,0.1117,0.1119,0.0407,0.0534,0.2506,0.1699,0.0207,0.0914
CT019223,Zone_04,Zone_07,0.2558,0.0531,0.0762,0.1064,0.1246,0.0358,0.0744,0.2558,0.1916,0.0094,0.0727
CT007546,Zone_04,Zone_07,0.2712,0.0556,0.0817,0.0829,0.1169,0.0266,0.0392,0.2712,0.2515,0.0129,0.0615
CT001478,Zone_09,Zone_07,0.2657,0.0612,0.0898,0.1041,0.1381,0.0289,0.0344,0.2657,0.2132,0.0107,0.0538
CT013369,Zone_08,Zone_07,0.2593,0.0595,0.0777,0.1075,0.1596,0.0261,0.0503,0.2593,0.2154,0.0043,0.0403
CT013956,Zone_08,Zone_07,0.2634,0.0933,0.0791,0.0937,0.1379,0.0265,0.0207,0.2634,0.2185,0.0035,0.0634
CT018429,Zone_07,Zone_08,0.2662,0.0945,0.0601,0.0816,0.1532,0.0376,0.0256,0.2264,0.2662,0.0172,0.0375
CT005726,Zone_07,Zone_08,0.2511,0.0763,0.0584,0.1219,0.1195,0.0233,0.0407,0.2337,0.2511,0.0163,0.0588
CT000412,Zone_07,Zone_07,0.3085,0.0754,0.0706,0.0833,0.1494,0.0312,0.0279,0.3085,0.1926,0.012,0.049
CT004842,Zone_08,Zone_08,0.2764,0.0536,0.0555,0.1016,0.1207,0.0334,0.0367,0.2558,0.2764,0.0147,0.0515
CT008146,Zone_08,Zone_08,0.2591,0.0657,0.0703,0.1007,0.1167,0.04,0.0336,0.2141,0.2591,0.0082,0.0917
CT016703,Zone_03,Zone_07,0.266,0.0589,0.0628,0.0842,0.1875,0.0368,0.0378,0.266,0.1723,0.0294,0.0642
CT011039,Zone_07,Zone_07,0.2189,0.0677,0.0899,0.087,0.1182,0.085,0.0588,0.2189,0.2153,0.013,0.0462
CT009142,Zone_10,Zone_07,0.3463,0.0335,0.1196,0.0592,0.1072,0.0559,0.0416,0.3463,0.1901,0.0025,0.0441
CT019258,Zone_07,Zone_07,0.2678,0.084,0.0701,0.0952,0.1016,0.0286,0.035,0.2678,0.246,0.0134,0.0583
CT011139,Zone_08,Zone_07,0.2632,0.0689,0.0759,0.0831,0.1539,0.0424,0.0448,0.2632,0.1958,0.0143,0.0577
CT006488,Zone_08,Zone_08,0.2503,0.0475,0.0889,0.1083,0.1104,0.0401,0.0587,0.2048,0.2503,0.0098,0.0812
CT012107,Zone_08,Zone_07,0.2716,0.0428,0.0516,0.0912,0.1478,0.027,0.072,0.2716,0.221,0.0055,0.0694
CT016540,Zone_03,Zone_07,0.3127,0.0883,0.071,0.0853,0.11,0.0309,0.0418,0.3127,0.1862,0.0316,0.0422
CT018434,Zone_07,Zone_07,0.3341,0.0814,0.0744,0.1008,0.1234,0.0183,0.0278,0.3341,0.1463,0.0067,0.0868
CT015143,Zone_02,Zone_02,0.1894,0.0628,0.1894,0.0917,0.1296,0.0249,0.0828,0.1812,0.1812,0.0014,0.0551
CT001215,Zone_04,Zone_08,0.2632,0.0734,0.072,0.0805,0.1459,0.0097,0.0321,0.238,0.2632,0.0079,0.0771
CT007471,Zone_01,Zone_08,0.2662,0.0649,0.0453,0.0767,0.1367,0.0402,0.0534,0.2538,0.2662,0.0124,0.0506
CT012124,Zone_10,Zone_08,0.304,0.0497,0.0532,0.0933,0.1238,0.0331,0.0301,0.2539,0.304,0.0066,0.0522
CT009661,Zone_05,Zone_08,0.2645,0.0501,0.0594,0.1333,0.1037,0.0319,0.0449,0.2337,0.2645,0.0094,0.0691
CT014461,Zone_08,Zone_07,0.2748,0.056,0.0873,0.0756,0.1529,0.0319,0.0275,0.2748,0.2504,0.0083,0.0352
CT008692,Zone_04,Zone_07,0.2589,0.0618,0.0733,0.1135,0.1278,0.0331,0.0351,0.2589,0.2297,0.0095,0.0573
CT003628,Zone_07,Zone_07,0.2442,0.1049,0.0545,0.0976,0.1864,0.0369,0.0665,0.2442,0.1373,0.0214,0.0504
CT019590,Zone_08,Zone_08,0.2148,0.0463,0.0551,0.1331,0.1504,0.0321,0.0382,0.2147,0.2148,0.0175,0.098
CT012800,Zone_08,Zone_07,0.3295,0.0603,0.0429,0.0636,0.1079,0.0342,0.0467,0.3295,0.2616,0.0084,0.045
CT015246,Zone_10,Zone_08,0.2397,0.1153,0.0633,0.0968,0.1174,0.0424,0.0354,0.2134,0.2397,0.0087,0.0676
CT001899,Zone_02,Zone_07,0.3004,0.0727,0.0465,0.0672,0.074,0.0271,0.048,0.3004,0.2876,0.0031,0.0733
CT008265,Zone_08,Zone_07,0.2729,0.0713,0.083,0.082,0.1307,0.046,0.0479,0.2729,0.1861,0.0146,0.0655
CT016156,Zone_07,Zone_07,0.2686,0.1139,0.0837,0.0771,0.0911,0.0274,0.023,0.2686,0.2511,0.0228,0.0411
CT018186,Zone_03,Zone_07,0.2617,0.0656,0.0882,0.1363,0.1048,0.0384,0.0613,0.2617,0.1845,0.0069,0.0521
CT016202,Zone_07,Zone_07,0.2697,0.0643,0.0456,0.1644,0.094,0.0171,0.0269,0.2697,0.1529,0.0057,0.1593
CT001794,Zone_08,Zone_07,0.3199,0.0418,0.0503,0.0657,0.1603,0.0293,0.0627,0.3199,0.1961,0.0114,0.0626
CT005556,Zone_07,Zone_07,0.269,0.0712,0.0761,0.093,0.1721,0.0436,0.0318,0.269,0.1791,0.0036,0.0604
CT019013,Zone_08,Zone_07,0.2304,0.0396,0.0628,0.1246,0.1607,0.0365,0.0446,0.2304,0.2138,0.0242,0.0628
CT008910,Zone_04,Zone_08,0.2638,0.0747,0.0799,0.0684,0.129,0.0299,0.0383,0.2461,0.2638,0.0152,0.0547
CT018228,Zone_05,Zone_07,0.261,0.0539,0.1019,0.0966,0.1026,0.0609,0.0605,0.261,0.2028,0.0079,0.0519
CT014335,Zone_02,Zone_07,0.289,0.0632,0.0734,0.09,0.1353,0.0305,0.0386,0.289,0.1859,0.0272,0.0669
CT006436,Zone_05,Zone_07,0.2594,0.0615,0.0724,0.0923,0.1031,0.0463,0.0496,0.2594,0.2579,0.0104,0.047
CT012123,Zone_01,Zone_07,0.2084,0.1505,0.1008,0.0857,0.1205,0.0334,0.0309,0.2084,0.1945,0.0119,0.0634
CT001324,Zone_07,Zone_07,0.3023,0.0982,0.0572,0.0983,0.0876,0.0286,0.0327,0.3023,0.2337,0.0195,0.0418
CT013114,Zone_02,Zone_07,0.2832,0.1045,0.1236,0.0578,0.1512,0.0306,0.0227,0.2832,0.1834,0.0105,0.0325
CT019463,Zone_08,Zone_07,0.2593,0.076,0.071,0.0689,0.1319,0.0407,0.0462,0.2593,0.2316,0.0133,0.0611
CT009648,Zone_07,Zone_07,0.3136,0.0497,0.0815,0.0906,0.1228,0.0348,0.0304,0.3136,0.2206,0.0093,0.0467
CT014728,Zone_03,Zone_08,0.3073,0.0467,0.0619,0.0789,0.1561,0.054,0.0501,0.2037,0.3073,0.009,0.0322
CT008742,Zone_08,Zone_07,0.2411,0.0585,0.0849,0.0847,0.1418,0.0471,0.0494,0.2411,0.2128,0.0133,0.0664
CT016974,Zone_03,Zone_08,0.2858,0.0469,0.0802,0.0849,0.1018,0.044,0.0324,0.263,0.2858,0.0071,0.0539
CT005735,Zone_03,Zone_08,0.2716,0.0644,0.0605,0.0957,0.1457,0.0437,0.0411,0.2072,0.2716,0.016,0.054
CT009053,Zone_06,Zone_07,0.2733,0.0525,0.0553,0.0753,0.1313,0.0301,0.0443,0.2733,0.2607,0.0123,0.0648
CT000864,Zone_07,Zone_07,0.2747,0.0523,0.073,0.0836,0.1074,0.0351,0.0423,0.2747,0.2582,0.0126,0.0609
CT000915,Zone_10,Zone_07,0.3734,0.0551,0.0706,0.0667,0.0966,0.0294,0.0455,0.3734,0.1914,0.0082,0.0631
CT009593,Zone_06,Zone_08,0.2611,0.0435,0.0665,0.0591,0.111,0.0513,0.0616,0.2497,0.2611,0.0179,0.0783
CT014968,Zone_04,Zone_07,0.2671,0.0576,0.0893,0.0929,0.1089,0.035,0.0329,0.2671,0.2614,0.0082,0.0468
CT016148,Zone_01,Zone_07,0.2594,0.0596,0.0995,0.0803,0.1694,0.0259,0.0596,0.2594,0.1639,0.016,0.0663
CT014038,Zone_04,Zone_07,0.2595,0.0605,0.0523,0.1474,0.1279,0.0319,0.05,0.2595,0.2241,0.0122,0.0342
CT000767,Zone_01,Zone_07,0.371,0.0257,0.0899,0.0735,0.0954,0.0332,0.0588,0.371,0.1776,0.0074,0.0676
CT005399,Zone_07,Zone_07,0.3235,0.0535,0.0568,0.1143,0.1121,0.0367,0.0387,0.3235,0.1803,0.0064,0.0777
CT006105,Zone_08,Zone_08,0.2476,0.0898,0.0842,0.0722,0.1448,0.0288,0.027,0.2231,0.2476,0.0215,0.0611
CT009511,Zone_08,Zone_07,0.3474,0.0576,0.0549,0.1137,0.1139,0.0272,0.0323,0.3474,0.1777,0.0108,0.0645
CT017430,Zone_04,Zone_07,0.3156,0.0669,0.076,0.0687,0.1488,0.0504,0.0493,0.3156,0.1565,0.0098,0.058
CT000270,Zone_02,Zone_07,0.2494,0.0581,0.0852,0.1015,0.108,0.0568,0.0481,0.2494,0.2403,0.0068,0.0458
CT004428,Zone_03,Zone_07,0.2951,0.1294,0.0742,0.0619,0.1707,0.0477,0.0243,0.2951,0.1441,0.0127,0.0399
CT005838,Zone_07,Zone_07,0.2659,0.0769,0.0783,0.0789,0.1359,0.0284,0.0408,0.2659,0.2134,0.0099,0.0717
CT007947,Zone_10,Zone_08,0.2486,0.0552,0.0924,0.0919,0.1129,0.0394,0.0456,0.2468,0.2486,0.0054,0.0616
CT004885,Zone_07,Zone_07,0.2589,0.0809,0.0753,0.0627,0.1856,0.0251,0.0635,0.2589,0.1805,0.0148,0.0526
CT010199,Zone_07,Zone_07,0.2313,0.0847,0.0704,0.0974,0.1283,0.0484,0.0501,0.2313,0.2195,0.0122,0.0576
CT008425,Zone_04,Zone_07,0.2946,0.0785,0.0642,0.1049,0.1086,0.0402,0.0325,0.2946,0.2339,0.009,0.0336
CT015376,Zone_04,Zone_07,0.3016,0.0497,0.05,0.0654,0.1772,0.018,0.1103,0.3016,0.1679,0.0034,0.0564
CT014487,Zone_03,Zone_07,0.2993,0.0656,0.0759,0.0843,0.1638,0.0295,0.0316,0.2993,0.1708,0.0245,0.0547
CT001625,Zone_05,Zone_07,0.2574,0.0552,0.0632,0.0967,0.2007,0.0269,0.0304,0.2574,0.1431,0.0055,0.121
CT005418,Zone_10,Zone_07,0.2641,0.0568,0.0828,0.0911,0.1256,0.0341,0.0656,0.2641,0.2074,0.0116,0.0608
CT012920,Zone_08,Zone_07,0.2472,0.0322,0.0898,0.0985,0.1588,0.0253,0.0525,0.2472,0.247,0.0044,0.0441
CT016519,Zone_08,Zone_08,0.2553,0.0542,0.0835,0.0891,0.1215,0.0427,0.0401,0.243,0.2553,0.0103,0.0603
CT005074,Zone_07,Zone_08,0.2507,0.0556,0.0534,0.1179,0.145,0.0374,0.0488,0.2263,0.2507,0.0117,0.0532
CT001488,Zone_08,Zone_07,0.27,0.0615,0.071,0.1203,0.1267,0.0383,0.0372,0.27,0.1934,0.01,0.0717
CT009887,Zone_07,Zone_08,0.316,0.0675,0.0706,0.0516,0.0912,0.0334,0.0484,0.2656,0.316,0.0098,0.0458
CT007112,Zone_08,Zone_08,0.2443,0.0549,0.0668,0.0846,0.0846,0.0992,0.048,0.2321,0.2443,0.0349,0.0507
CT019250,Zone_03,Zone_08,0.3917,0.0561,0.0559,0.0498,0.1568,0.0294,0.0367,0.1819,0.3917,0.008,0.0338
CT018411,Zone_07,Zone_07,0.2431,0.0256,0.1018,0.0585,0.1701,0.0713,0.0482,0.2431,0.2376,0.0025,0.0413
CT012712,Zone_04,Zone_07,0.2632,0.0419,0.0826,0.0751,0.1812,0.0293,0.0328,0.2632,0.2324,0.008,0.0535
CT007237,Zone_05,Zone_07,0.291,0.0723,0.067,0.1047,0.0963,0.0421,0.0532,0.291,0.214,0.0058,0.0536
CT019744,Zone_01,Zone_07,0.3207,0.0698,0.0614,0.0907,0.1142,0.0348,0.0409,0.3207,0.2039,0.0095,0.0542
CT002481,Zone_07,Zone_07,0.3154,0.0579,0.0532,0.0652,0.1794,0.0148,0.051,0.3154,0.1938,0.0109,0.0584
CT015320,Zone_03,Zone_07,0.2773,0.076,0.0543,0.0757,0.1318,0.0381,0.051,0.2773,0.2354,0.008,0.0524
CT001753,Zone_07,Zone_07,0.3084,0.0818,0.0627,0.0714,0.161,0.0181,0.0235,0.3084,0.1948,0.0244,0.0539
CT003405,Zone_07,Zone_07,0.377,0.0586,0.0812,0.0488,0.1503,0.0199,0.0231,0.377,0.1724,0.0083,0.0604
CT016144,Zone_09,Zone_07,0.2517,0.0636,0.0769,0.0881,0.1373,0.0678,0.0523,0.2517,0.2154,0.0115,0.0355
CT017703,Zone_01,Zone_07,0.2543,0.1216,0.0415,0.0847,0.1429,0.0257,0.0402,0.2543,0.2432,0.0055,0.0404
CT016764,Zone_02,Zone_08,0.2351,0.043,0.0623,0.137,0.1699,0.0291,0.0269,0.2094,0.2351,0.011,0.0762
CT018801,Zone_01,Zone_08,0.3041,0.049,0.0677,0.0576,0.1688,0.0247,0.0257,0.2131,0.3041,0.0046,0.0847
CT012408,Zone_01,Zone_07,0.35,0.0533,0.0611,0.1216,0.1459,0.0257,0.041,0.35,0.1579,0.0071,0.0365
CT011920,Zone_08,Zone_07,0.2834,0.0511,0.0799,0.1404,0.1028,0.0444,0.0276,0.2834,0.2236,0.006,0.041
CT015654,Zone_04,Zone_07,0.3495,0.0852,0.0733,0.0936,0.1292,0.0228,0.0414,0.3495,0.1379,0.0153,0.0518
CT015184,Zone_08,Zone_07,0.235,0.0392,0.0809,0.0966,0.1217,0.0406,0.0324,0.235,0.2306,0.0094,0.1136
CT000286,Zone_08,Zone_07,0.2633,0.0684,0.0696,0.0719,0.1987,0.0294,0.0296,0.2633,0.1752,0.0095,0.0843
CT005977,Zone_07,Zone_08,0.3094,0.0464,0.0666,0.0792,0.1189,0.0298,0.0522,0.2458,0.3094,0.0086,0.043
CT005827,Zone_08,Zone_07,0.3045,0.0674,0.0666,0.0715,0.151,0.0206,0.0501,0.3045,0.2015,0.0137,0.0532
CT014716,Zone_02,Zone_07,0.2822,0.0758,0.1582,0.0533,0.1374,0.0731,0.0145,0.2822,0.117,0.0078,0.0806
CT007477,Zone_08,Zone_07,0.3328,0.0604,0.0758,0.0776,0.1251,0.0362,0.0418,0.3328,0.1781,0.0152,0.057
CT004281,Zone_02,Zone_07,0.2922,0.0593,0.114,0.0765,0.1222,0.038,0.0388,0.2922,0.1572,0.013,0.0888
CT005094,Zone_05,Zone_07,0.2459,0.0892,0.0817,0.0838,0.1108,0.0417,0.0511,0.2459,0.1881,0.027,0.0808
CT008219,Zone_08,Zone_07,0.3073,0.0536,0.0772,0.1046,0.1131,0.0265,0.0445,0.3073,0.1955,0.0193,0.0587
CT012334,Zone_04,Zone_07,0.2748,0.0608,0.0591,0.1086,0.1851,0.054,0.0401,0.2748,0.1622,0.0114,0.0439
CT004487,Zone_07,Zone_07,0.265,0.0328,0.0608,0.1225,0.1652,0.0442,0.0701,0.265,0.1564,0.0176,0.0654
CT014214,Zone_04,Zone_08,0.2443,0.0547,0.0718,0.0904,0.1223,0.0602,0.0471,0.2386,0.2443,0.0093,0.0613
CT017040,Zone_07,Zone_07,0.2768,0.0548,0.0735,0.0675,0.1523,0.0694,0.0566,0.2768,0.2041,0.0053,0.0398
CT012094,Zone_05,Zone_07,0.2713,0.056,0.0672,0.1153,0.1138,0.0316,0.0393,0.2713,0.23,0.0103,0.0652
CT004168,Zone_08,Zone_07,0.3139,0.0525,0.0572,0.0511,0.1013,0.0474,0.0451,0.3139,0.264,0.0043,0.0631
CT003678,Zone_08,Zone_07,0.2518,0.0662,0.0805,0.0888,0.1103,0.0321,0.0627,0.2518,0.2505,0.0109,0.0463
CT013674,Zone_01,Zone_07,0.2597,0.1007,0.0569,0.1295,0.1131,0.0184,0.0341,0.2597,0.1893,0.0272,0.071
CT005060,Zone_02,Zone_07,0.2329,0.0789,0.0731,0.117,0.1255,0.0333,0.0531,0.2329,0.2258,0.0138,0.0467
CT015062,Zone_10,Zone_08,0.2626,0.0604,0.0838,0.1278,0.1043,0.047,0.0243,0.2305,0.2626,0.0147,0.0445
CT019115,Zone_03,Zone_08,0.3018,0.0557,0.0684,0.0837,0.1503,0.0423,0.0487,0.1946,0.3018,0.0042,0.0502
CT010661,Zone_03,Zone_07,0.3027,0.0483,0.0923,0.0943,0.1191,0.034,0.0525,0.3027,0.1986,0.005,0.0532
CT006532,Zone_09,Zone_07,0.2797,0.0672,0.0905,0.0935,0.1219,0.0351,0.0429,0.2797,0.2061,0.0118,0.0513
CT003805,Zone_02,Zone_07,0.3086,0.081,0.0587,0.089,0.1544,0.0454,0.0313,0.3086,0.1704,0.0075,0.0539
CT001253,Zone_03,Zone_07,0.3748,0.0436,0.0601,0.1348,0.1033,0.0238,0.0395,0.3748,0.1635,0.0059,0.0506
CT012689,Zone_03,Zone_08,0.3206,0.0769,0.0875,0.0612,0.1673,0.0322,0.0463,0.1627,0.3206,0.0018,0.0434
CT015942,Zone_08,Zone_07,0.2716,0.0675,0.0529,0.1186,0.1042,0.0403,0.0558,0.2716,0.2145,0.0097,0.0647
CT001281,Zone_04,Zone_07,0.258,0.0553,0.0462,0.0787,0.1693,0.0548,0.0435,0.258,0.2422,0.0077,0.0444
CT008417,Zone_10,Zone_08,0.3109,0.0502,0.0719,0.0634,0.1508,0.0312,0.0414,0.2369,0.3109,0.0099,0.0334
CT013747,Zone_07,Zone_07,0.3262,0.0536,0.1088,0.0964,0.1419,0.0485,0.0287,0.3262,0.1399,0.0054,0.0503
CT018068,Zone_07,Zone_08,0.279,0.057,0.0448,0.1391,0.1136,0.0339,0.0546,0.1942,0.279,0.0142,0.0697
CT010391,Zone_08,Zone_07,0.2563,0.0857,0.0727,0.064,0.1275,0.0471,0.0388,0.2563,0.2363,0.0178,0.0538
CT012438,Zone_02,Zone_07,0.3614,0.0541,0.061,0.0699,0.1398,0.0347,0.0238,0.3614,0.1918,0.018,0.0455
CT013359,Zone_08,Zone_07,0.2709,0.0554,0.0849,0.0831,0.1457,0.0303,0.0308,0.2709,0.242,0.0072,0.0498
CT018483,Zone_08,Zone_07,0.2667,0.0483,0.0758,0.0728,0.1338,0.0617,0.035,0.2667,0.2242,0.0181,0.0638
CT014411,Zone_04,Zone_07,0.301,0.0432,0.0698,0.0796,0.1767,0.0372,0.0249,0.301,0.216,0.0087,0.043
CT002355,Zone_08,Zone_07,0.2348,0.0531,0.0845,0.0714,0.1606,0.0492,0.0701,0.2348,0.2223,0.0079,0.0462
CT010014,Zone_03,Zone_07,0.2774,0.0803,0.0505,0.0738,0.1057,0.0642,0.0515,0.2774,0.1596,0.0065,0.1303
CT002620,Zone_06,Zone_07,0.2651,0.0586,0.0671,0.1008,0.1096,0.0276,0.0525,0.2651,0.2467,0.0071,0.0649
CT001635,Zone_10,Zone_07,0.3164,0.0591,0.0766,0.1043,0.1303,0.0364,0.0344,0.3164,0.1733,0.0094,0.0598
CT008411,Zone_08,Zone_07,0.3297,0.0814,0.0635,0.0943,0.1092,0.0308,0.0645,0.3297,0.1591,0.0059,0.0615
CT007903,Zone_10,Zone_07,0.2319,0.0709,0.0837,0.0708,0.1479,0.0446,0.0399,0.2319,0.2194,0.0119,0.079
CT008871,Zone_08,Zone_07,0.2692,0.039,0.0667,0.0845,0.1257,0.0474,0.041,0.2692,0.252,0.0169,0.0574
CT007777,Zone_01,Zone_08,0.2512,0.0636,0.0808,0.1222,0.0998,0.0415,0.0849,0.2026,0.2512,0.0051,0.0483
CT003637,Zone_07,Zone_08,0.3141,0.0238,0.0487,0.1653,0.0726,0.0604,0.0521,0.147,0.3141,0.0034,0.1126
CT011585,Zone_07,Zone_07,0.3307,0.0605,0.0927,0.0709,0.1162,0.0324,0.0595,0.3307,0.1698,0.0203,0.0472
CT019131,Zone_08,Zone_07,0.3167,0.0535,0.0885,0.0702,0.1584,0.0369,0.0297,0.3167,0.1808,0.0097,0.0557
CT011808,Zone_07,Zone_07,0.2606,0.0824,0.0818,0.0843,0.1214,0.0409,0.0268,0.2606,0.2236,0.0119,0.0663
CT002627,Zone_07,Zone_07,0.3132,0.0431,0.0512,0.0729,0.176,0.0752,0.0842,0.3132,0.1336,0.0139,0.0367
CT004325,Zone_01,Zone_07,0.2904,0.0596,0.1013,0.0666,0.1177,0.0378,0.0344,0.2904,0.2161,0.0254,0.0506
CT009263,Zone_07,Zone_07,0.3942,0.0685,0.0717,0.1152,0.0923,0.0252,0.0273,0.3942,0.1432,0.0069,0.0555
CT006260,Zone_04,Zone_07,0.2513,0.0543,0.0796,0.0715,0.1263,0.0376,0.0598,0.2513,0.2454,0.0133,0.061
CT011362,Zone_08,Zone_08,0.236,0.079,0.1679,0.0881,0.1568,0.0298,0.025,0.1829,0.236,0.003,0.0314
CT001877,Zone_04,Zone_08,0.2405,0.0412,0.109,0.0936,0.1342,0.042,0.0524,0.2364,0.2405,0.0093,0.0416
CT001589,Zone_04,Zone_07,0.315,0.035,0.0731,0.1112,0.127,0.0203,0.0396,0.315,0.1959,0.0137,0.0691
CT015834,Zone_07,Zone_07,0.2703,0.0547,0.1184,0.0741,0.1622,0.0387,0.0685,0.2703,0.165,0.0156,0.0323
CT003940,Zone_03,Zone_08,0.3134,0.039,0.0636,0.1235,0.1153,0.0202,0.0216,0.236,0.3134,0.031,0.0362
CT014640,Zone_07,Zone_08,0.2337,0.0759,0.1157,0.0765,0.136,0.0425,0.0467,0.2114,0.2337,0.0182,0.0434
CT013353,Zone_08,Zone_08,0.25,0.0606,0.0725,0.0812,0.1196,0.0349,0.0676,0.2385,0.25,0.0137,0.0613
CT013007,Zone_08,Zone_07,0.2585,0.0758,0.0442,0.0921,0.13,0.03,0.0465,0.2585,0.1959,0.0124,0.1145
CT003084,Zone_07,Zone_07,0.2436,0.0835,0.0642,0.0866,0.1866,0.0553,0.0418,0.2436,0.1674,0.0071,0.0639
CT004863,Zone_04,Zone_07,0.2902,0.042,0.0511,0.0887,0.1387,0.0303,0.0565,0.2902,0.2369,0.0252,0.0405
CT018159,Zone_10,Zone_08,0.2558,0.0582,0.0817,0.0725,0.1491,0.0522,0.0362,0.2138,0.2558,0.0099,0.0706
CT008614,Zone_02,Zone_07,0.2909,0.0564,0.0496,0.0908,0.1348,0.0441,0.0757,0.2909,0.1993,0.0088,0.0496
CT016857,Zone_04,Zone_07,0.2434,0.0556,0.1152,0.0756,0.1453,0.0598,0.0241,0.2434,0.2123,0.0062,0.0625
CT006663,Zone_03,Zone_07,0.2748,0.0635,0.0948,0.0822,0.1414,0.0422,0.0489,0.2748,0.1805,0.0093,0.0623
CT018904,Zone_07,Zone_07,0.2895,0.0553,0.13,0.0867,0.1311,0.0409,0.0394,0.2895,0.173,0.0069,0.0472
CT005081,Zone_01,Zone_07,0.2785,0.0784,0.085,0.0871,0.135,0.0309,0.0383,0.2785,0.185,0.0058,0.0759
CT000568,Zone_02,Zone_07,0.2214,0.05,0.108,0.1206,0.1563,0.0459,0.0392,0.2214,0.2036,0.0044,0.0506
CT004048,Zone_04,Zone_07,0.2589,0.0778,0.0804,0.1064,0.1527,0.0509,0.025,0.2589,0.1866,0.0255,0.0358
CT002625,Zone_07,Zone_07,0.308,0.0708,0.0732,0.1126,0.109,0.0273,0.0562,0.308,0.1863,0.0084,0.0482
CT002469,Zone_07,Zone_07,0.2706,0.0617,0.075,0.0936,0.138,0.034,0.0353,0.2706,0.224,0.0168,0.0511
CT013999,Zone_04,Zone_07,0.2836,0.0669,0.1216,0.0784,0.1354,0.058,0.0444,0.2836,0.16,0.0105,0.0411
CT005956,Zone_08,Zone_08,0.2994,0.0886,0.0517,0.0558,0.1062,0.0345,0.0864,0.2286,0.2994,0.0039,0.045
CT012422,Zone_04,Zone_07,0.263,0.0595,0.061,0.1271,0.1414,0.025,0.0451,0.263,0.1783,0.0093,0.0903
CT012042,Zone_07,Zone_08,0.1945,0.0685,0.1081,0.0803,0.1514,0.0583,0.041,0.1853,0.1945,0.0092,0.1034
CT014930,Zone_08,Zone_07,0.2531,0.0651,0.0862,0.0959,0.1211,0.0291,0.0554,0.2531,0.2504,0.0064,0.0373
CT009268,Zone_06,Zone_07,0.3874,0.0394,0.0863,0.0733,0.1545,0.0325,0.0196,0.3874,0.1533,0.0088,0.0448
CT007292,Zone_04,Zone_07,0.2616,0.0523,0.0512,0.1212,0.1062,0.0556,0.078,0.2616,0.1786,0.0088,0.0867
CT008284,Zone_07,Zone_07,0.2574,0.0883,0.0809,0.0819,0.1287,0.0551,0.0597,0.2574,0.1875,0.0121,0.0484
CT017875,Zone_03,Zone_07,0.3243,0.06,0.0538,0.0959,0.1336,0.0161,0.0352,0.3243,0.2362,0.0069,0.0378
CT001238,Zone_08,Zone_07,0.2604,0.062,0.0735,0.1098,0.1249,0.0453,0.0391,0.2604,0.2308,0.0086,0.0456
CT003502,Zone_08,Zone_07,0.2638,0.0575,0.0756,0.114,0.1277,0.0301,0.0408,0.2638,0.2098,0.0079,0.0729
CT012069,Zone_03,Zone_07,0.2761,0.0692,0.0597,0.0614,0.1094,0.0516,0.0873,0.2761,0.2176,0.015,0.0527
CT008432,Zone_02,Zone_07,0.2338,0.062,0.0813,0.0755,0.1568,0.0411,0.0384,0.2338,0.2173,0.0067,0.0871
CT011336,Zone_02,Zone_07,0.2738,0.0558,0.0652,0.0869,0.1212,0.0415,0.0524,0.2738,0.2289,0.0102,0.0641
CT009325,Zone_08,Zone_08,0.231,0.0628,0.115,0.092,0.1198,0.0278,0.057,0.2236,0.231,0.0198,0.0512
CT000687,Zone_08,Zone_07,0.2751,0.0528,0.0609,0.0872,0.1538,0.0406,0.0298,0.2751,0.2367,0.0129,0.0503
CT009993,Zone_05,Zone_07,0.2823,0.06,0.0913,0.0958,0.1294,0.0263,0.0354,0.2823,0.2372,0.0066,0.0357
CT019589,Zone_04,Zone_08,0.2351,0.0558,0.1279,0.0787,0.1149,0.0447,0.0421,0.228,0.2351,0.006,0.0667
CT008482,Zone_01,Zone_08,0.2699,0.0635,0.0581,0.0869,0.1212,0.0538,0.0259,0.265,0.2699,0.0132,0.0425
CT018581,Zone_01,Zone_07,0.2938,0.0244,0.1285,0.1018,0.1518,0.0308,0.0591,0.2938,0.1394,0.0098,0.0605
CT002890,Zone_03,Zone_07,0.3323,0.037,0.1408,0.074,0.1465,0.0239,0.0328,0.3323,0.1332,0.0045,0.0749
CT009572,Zone_08,Zone_07,0.276,0.0548,0.0989,0.0925,0.0818,0.0308,0.0347,0.276,0.262,0.0086,0.0599
CT003736,Zone_10,Zone_07,0.2454,0.0402,0.0933,0.0654,0.1306,0.0542,0.0657,0.2454,0.2128,0.0176,0.0748
CT001863,Zone_09,Zone_07,0.2749,0.048,0.0721,0.0716,0.1868,0.0295,0.0274,0.2749,0.222,0.0067,0.061
CT002847,Zone_04,Zone_07,0.2355,0.1002,0.1046,0.0485,0.1684,0.0561,0.0267,0.2355,0.2097,0.0097,0.0407
CT012402,Zone_07,Zone_08,0.3254,0.0538,0.0524,0.0651,0.0872,0.0261,0.0322,0.3014,0.3254,0.011,0.0455
CT005648,Zone_03,Zone_07,0.301,0.0575,0.0718,0.0822,0.1423,0.0447,0.0409,0.301,0.2056,0.0086,0.0455
CT000603,Zone_06,Zone_07,0.3089,0.0471,0.0598,0.0734,0.1687,0.0302,0.0423,0.3089,0.2085,0.0159,0.0452
CT008604,Zone_10,Zone_08,0.2631,0.0709,0.0875,0.0709,0.1202,0.025,0.047,0.2342,0.2631,0.0146,0.0666
CT008406,Zone_07,Zone_07,0.295,0.0629,0.1053,0.0799,0.1114,0.0439,0.0294,0.295,0.193,0.0143,0.065
CT006720,Zone_08,Zone_07,0.2423,0.0709,0.0998,0.0827,0.1309,0.0659,0.0582,0.2423,0.1979,0.0114,0.04
CT008120,Zone_08,Zone_07,0.3546,0.0474,0.045,0.0964,0.1187,0.0329,0.0621,0.3546,0.1842,0.0028,0.0559
CT016793,Zone_08,Zone_08,0.2463,0.0565,0.1186,0.08,0.1222,0.0299,0.0344,0.2359,0.2463,0.0233,0.0528
CT010613,Zone_07,Zone_07,0.3372,0.0576,0.0996,0.0789,0.1018,0.0283,0.0664,0.3372,0.1798,0.01,0.0404
CT007995,Zone_02,Zone_07,0.3314,0.0585,0.0569,0.0737,0.0743,0.0213,0.021,0.3314,0.3069,0.0155,0.0405
CT014790,Zone_07,Zone_07,0.2616,0.0961,0.0614,0.0895,0.1506,0.0287,0.0345,0.2616,0.2229,0.0055,0.0493
CT015860,Zone_10,Zone_07,0.2973,0.0526,0.0524,0.0895,0.2492,0.0198,0.0231,0.2973,0.1333,0.0208,0.062
CT019578,Zone_08,Zone_07,0.2487,0.0775,0.0702,0.0858,0.1683,0.0349,0.0269,0.2487,0.2165,0.0158,0.0555
CT017654,Zone_07,Zone_07,0.3232,0.0327,0.0767,0.0485,0.1805,0.0291,0.0809,0.3232,0.1702,0.0116,0.0465
CT018078,Zone_08,Zone_07,0.3177,0.0505,0.0583,0.0701,0.1456,0.0443,0.0385,0.3177,0.2102,0.0081,0.0566
CT005267,Zone_04,Zone_08,0.2962,0.0371,0.0549,0.1034,0.1473,0.044,0.08,0.2025,0.2962,0.0065,0.0282
CT016748,Zone_10,Zone_07,0.281,0.1285,0.0643,0.0996,0.1271,0.0301,0.0403,0.281,0.151,0.0083,0.0698
CT004094,Zone_01,Zone_07,0.2464,0.0542,0.085,0.1061,0.1965,0.0265,0.0376,0.2464,0.162,0.0144,0.0712
CT016875,Zone_07,Zone_07,0.2686,0.0654,0.0603,0.0969,0.1173,0.036,0.0395,0.2686,0.245,0.017,0.054
CT011338,Zone_08,Zone_07,0.3055,0.0722,0.1067,0.0746,0.1099,0.0307,0.0302,0.3055,0.1956,0.0183,0.0562
CT004409,Zone_07,Zone_07,0.2703,0.0526,0.1079,0.0988,0.1183,0.0451,0.0445,0.2703,0.2103,0.0081,0.0442
CT000334,Zone_07,Zone_07,0.2883,0.0698,0.0936,0.1013,0.1052,0.0367,0.0703,0.2883,0.1765,0.0079,0.0506
CT014329,Zone_10,Zone_07,0.2138,0.0581,0.0758,0.1056,0.205,0.0512,0.053,0.2138,0.191,0.0093,0.0371
CT011548,Zone_04,Zone_07,0.2581,0.052,0.0824,0.0904,0.118,0.085,0.0447,0.2581,0.2209,0.006,0.0424
CT010348,Zone_08,Zone_07,0.2677,0.0724,0.0571,0.0723,0.1901,0.0389,0.0233,0.2677,0.2312,0.0159,0.0311
CT007162,Zone_08,Zone_08,0.2473,0.0766,0.0909,0.0692,0.1393,0.035,0.0665,0.216,0.2473,0.0146,0.0444
CT017986,Zone_04,Zone_07,0.2379,0.0805,0.0881,0.0711,0.1011,0.0864,0.0361,0.2379,0.2211,0.0083,0.0695
CT003259,Zone_07,Zone_07,0.4457,0.0424,0.0631,0.0399,0.0969,0.046,0.0588,0.4457,0.1537,0.0027,0.0508
CT012024,Zone_02,Zone_07,0.2756,0.0762,0.0876,0.0764,0.1384,0.0257,0.0351,0.2756,0.2092,0.0167,0.0591
CT004190,Zone_08,Zone_07,0.2597,0.0606,0.0874,0.1009,0.1096,0.0432,0.041,0.2597,0.245,0.0113,0.0412
CT013212,Zone_04,Zone_08,0.1836,0.0809,0.1514,0.1219,0.1544,0.0071,0.0493,0.1804,0.1836,0.0112,0.0598
CT010084,Zone_10,Zone_07,0.2007,0.0268,0.0989,0.0876,0.1616,0.0404,0.1079,0.2007,0.1964,0.0033,0.0765
CT019890,Zone_03,Zone_07,0.3598,0.0554,0.076,0.0813,0.1108,0.0306,0.0328,0.3598,0.1756,0.0262,0.0515
CT014251,Zone_07,Zone_07,0.2945,0.0429,0.1046,0.1004,0.1123,0.0261,0.0409,0.2945,0.2099,0.0146,0.0539
CT011725,Zone_02,Zone_08,0.3447,0.09,0.0783,0.0773,0.1057,0.0125,0.0602,0.1776,0.3447,0.0166,0.0371
CT013483,Zone_04,Zone_07,0.2776,0.0386,0.0786,0.0748,0.1387,0.0608,0.0696,0.2776,0.1975,0.0224,0.0415
CT017428,Zone_02,Zone_08,0.2741,0.0813,0.0913,0.0862,0.0763,0.0473,0.0367,0.2538,0.2741,0.0042,0.0488
CT001672,Zone_07,Zone_07,0.3883,0.0723,0.1054,0.0715,0.0791,0.0254,0.0427,0.3883,0.1611,0.0029,0.0513
CT010298,Zone_08,Zone_07,0.3277,0.0909,0.0772,0.0777,0.1059,0.0292,0.0581,0.3277,0.1703,0.0052,0.0579
CT017323,Zone_10,Zone_07,0.2778,0.0831,0.06,0.1161,0.1384,0.0356,0.0368,0.2778,0.1821,0.0076,0.0626
CT006412,Zone_07,Zone_07,0.25,0.0559,0.0631,0.0791,0.1162,0.0445,0.0564,0.25,0.2381,0.0089,0.0878
CT009808,Zone_02,Zone_07,0.2753,0.0574,0.0706,0.1011,0.1437,0.0546,0.0418,0.2753,0.1795,0.013,0.063
CT006658,Zone_10,Zone_07,0.3756,0.0671,0.049,0.1072,0.2031,0.024,0.0398,0.3756,0.094,0.0185,0.0216
CT004598,Zone_01,Zone_08,0.2445,0.0916,0.0747,0.093,0.1196,0.0458,0.043,0.191,0.2445,0.0051,0.0918
CT010168,Zone_07,Zone_08,0.2929,0.0507,0.0945,0.0804,0.1296,0.0288,0.0308,0.2263,0.2929,0.0181,0.0478
CT018473,Zone_07,Zone_07,0.2889,0.0598,0.073,0.0925,0.1043,0.0493,0.0333,0.2889,0.2272,0.0081,0.0637
CT009139,Zone_04,Zone_07,0.271,0.0701,0.0723,0.0961,0.1229,0.0585,0.0446,0.271,0.1952,0.0101,0.0591
CT012319,Zone_08,Zone_07,0.2626,0.0772,0.0802,0.098,0.1289,0.0273,0.0406,0.2626,0.2103,0.0244,0.0504
CT002985,Zone_02,Zone_07,0.2533,0.0808,0.0597,0.0526,0.1373,0.0468,0.0542,0.2533,0.249,0.0126,0.0537
CT013881,Zone_08,Zone_07,0.3015,0.0514,0.0867,0.096,0.1131,0.0276,0.0437,0.3015,0.2061,0.0086,0.0653
CT013990,Zone_01,Zone_07,0.282,0.0447,0.0674,0.0796,0.1537,0.0513,0.0461,0.282,0.205,0.0054,0.0648
CT006237,Zone_08,Zone_07,0.2926,0.0621,0.0762,0.0919,0.1112,0.0363,0.0535,0.2926,0.2037,0.011,0.0615
CT013521,Zone_07,Zone_08,0.2966,0.0623,0.0712,0.0796,0.1097,0.038,0.0295,0.258,0.2966,0.007,0.0481
CT001735,Zone_07,Zone_07,0.3203,0.0616,0.0706,0.0902,0.1146,0.0278,0.0326,0.3203,0.1883,0.0279,0.0661
CT010590,Zone_07,Zone_07,0.3052,0.0436,0.0755,0.0907,0.1694,0.0266,0.038,0.3052,0.1778,0.0309,0.0422
CT003933,Zone_07,Zone_07,0.3108,0.0702,0.0754,0.0797,0.1298,0.0231,0.02,0.3108,0.2037,0.0151,0.0722
CT016653,Zone_07,Zone_07,0.2675,0.0558,0.0705,0.1058,0.1266,0.0367,0.0397,0.2675,0.2336,0.0078,0.056
CT016290,Zone_07,Zone_08,0.2825,0.051,0.0539,0.0708,0.1316,0.0292,0.0258,0.2552,0.2825,0.0363,0.0636
CT019126,Zone_07,Zone_07,0.2675,0.0565,0.0798,0.1018,0.1296,0.0412,0.0221,0.2675,0.2307,0.0084,0.0624
CT006243,Zone_02,Zone_07,0.2451,0.0438,0.0651,0.1069,0.2266,0.0223,0.0367,0.2451,0.1835,0.011,0.059
CT006276,Zone_08,Zone_07,0.2577,0.0581,0.0772,0.0733,0.1985,0.0237,0.0347,0.2577,0.2106,0.0044,0.0617
CT013067,Zone_07,Zone_07,0.2754,0.0565,0.0695,0.103,0.1384,0.0445,0.0449,0.2754,0.2051,0.0097,0.053
CT010364,Zone_08,Zone_08,0.3734,0.0391,0.0651,0.0664,0.1033,0.0352,0.0479,0.2242,0.3734,0.0046,0.0409
CT002861,Zone_08,Zone_08,0.2805,0.0653,0.0628,0.0949,0.1121,0.0498,0.0317,0.2345,0.2805,0.0031,0.0654
CT011013,Zone_08,Zone_07,0.2536,0.0528,0.1019,0.0786,0.1299,0.0286,0.0661,0.2536,0.2112,0.0094,0.0679
CT012307,Zone_04,Zone_07,0.2979,0.0812,0.0729,0.1118,0.1028,0.0293,0.0266,0.2979,0.1936,0.0083,0.0755
CT008947,Zone_02,Zone_07,0.2582,0.0607,0.0679,0.0772,0.1237,0.0533,0.0362,0.2582,0.2464,0.011,0.0654
CT015517,Zone_08,Zone_07,0.2587,0.063,0.1134,0.0791,0.1347,0.0372,0.038,0.2587,0.1838,0.0086,0.0834
CT004818,Zone_07,Zone_07,0.2438,0.0971,0.0835,0.0981,0.1499,0.0249,0.0473,0.2438,0.184,0.0077,0.0639
CT009541,Zone_10,Zone_07,0.3004,0.0992,0.0574,0.0784,0.1535,0.0368,0.0296,0.3004,0.1805,0.0195,0.0447
CT002882,Zone_03,Zone_07,0.454,0.0456,0.0518,0.0615,0.1478,0.0179,0.0216,0.454,0.124,0.0255,0.0503
CT014259,Zone_08,Zone_07,0.2295,0.0424,0.0678,0.1334,0.1424,0.0521,0.045,0.2295,0.2059,0.0385,0.043
CT019176,Zone_04,Zone_07,0.2343,0.0483,0.1233,0.0514,0.1257,0.0363,0.0654,0.2343,0.2313,0.0371,0.0469
CT011711,Zone_08,Zone_07,0.2867,0.0695,0.1113,0.0974,0.1295,0.0266,0.0812,0.2867,0.1112,0.0056,0.0809
CT014212,Zone_07,Zone_08,0.2628,0.0687,0.0729,0.0799,0.1091,0.0517,0.0392,0.2513,0.2628,0.0088,0.0556
CT015588,Zone_04,Zone_08,0.2584,0.0374,0.0909,0.0672,0.1758,0.0261,0.0649,0.2269,0.2584,0.0081,0.0442
CT016082,Zone_08,Zone_07,0.2661,0.0409,0.1043,0.0953,0.1159,0.0327,0.0473,0.2661,0.2316,0.0137,0.0522
CT016782,Zone_07,Zone_07,0.251,0.0437,0.0478,0.1316,0.1107,0.0629,0.0323,0.251,0.2396,0.0048,0.0757
CT010115,Zone_02,Zone_07,0.2376,0.0587,0.0836,0.1024,0.1263,0.0249,0.0429,0.2376,0.2343,0.0065,0.0828
CT005303,Zone_07,Zone_02,0.2105,0.0718,0.2105,0.1187,0.1244,0.0181,0.0301,0.19,0.1753,0.0054,0.0556
CT007219,Zone_04,Zone_07,0.2175,0.0828,0.0912,0.127,0.1017,0.0463,0.0543,0.2175,0.2051,0.0183,0.0558
CT002069,Zone_04,Zone_07,0.3601,0.0617,0.069,0.0713,0.1305,0.0263,0.039,0.3601,0.167,0.0129,0.0623
CT006548,Zone_08,Zone_07,0.2653,0.0504,0.0821,0.1346,0.1226,0.0249,0.0554,0.2653,0.1889,0.0024,0.0734
CT008348,Zone_03,Zone_07,0.2741,0.0716,0.1009,0.1095,0.1332,0.0417,0.0335,0.2741,0.1812,0.0099,0.0444
CT017634,Zone_06,Zone_07,0.3912,0.0585,0.0699,0.0794,0.1092,0.0234,0.0214,0.3912,0.1616,0.0243,0.0611
CT008474,Zone_02,Zone_07,0.2288,0.0821,0.0704,0.0815,0.1283,0.0693,0.0407,0.2288,0.2141,0.0097,0.0752
CT011210,Zone_03,Zone_07,0.2429,0.1099,0.0896,0.1065,0.0776,0.0441,0.0328,0.2429,0.218,0.0229,0.0556
CT013970,Zone_07,Zone_07,0.2509,0.08,0.066,0.0809,0.1496,0.0481,0.0315,0.2509,0.2125,0.0115,0.069
CT019308,Zone_03,Zone_07,0.3186,0.0299,0.1234,0.1336,0.0982,0.0276,0.0512,0.3186,0.1265,0.0395,0.0513
CT003495,Zone_03,Zone_07,0.3197,0.0638,0.0885,0.067,0.1301,0.0405,0.0563,0.3197,0.1713,0.0175,0.0453
CT000064,Zone_07,Zone_07,0.2899,0.0717,0.0977,0.0737,0.1304,0.0432,0.0385,0.2899,0.161,0.0137,0.0803
CT006218,Zone_08,Zone_07,0.276,0.0469,0.1114,0.0961,0.1092,0.0684,0.0365,0.276,0.1785,0.0151,0.0619
CT004015,Zone_07,Zone_08,0.2384,0.0412,0.09,0.0915,0.123,0.0446,0.0934,0.2148,0.2384,0.0108,0.0523
CT016527,Zone_01,Zone_07,0.2941,0.0526,0.0622,0.1114,0.1464,0.0451,0.0288,0.2941,0.2157,0.0034,0.0404
CT017842,Zone_08,Zone_07,0.2812,0.0727,0.0453,0.0639,0.1092,0.0309,0.0974,0.2812,0.2138,0.0109,0.0748
CT011807,Zone_08,Zone_07,0.2091,0.0761,0.1073,0.0776,0.1775,0.0536,0.0462,0.2091,0.2045,0.0032,0.0448
CT017379,Zone_08,Zone_07,0.2466,0.0769,0.0673,0.154,0.0977,0.0376,0.0538,0.2466,0.1567,0.0089,0.1004
CT007009,Zone_02,Zone_08,0.2462,0.0671,0.0717,0.0957,0.1479,0.0417,0.0371,0.2115,0.2462,0.0136,0.0674
CT014096,Zone_05,Zone_07,0.3314,0.0468,0.0641,0.0989,0.093,0.0262,0.0422,0.3314,0.2176,0.016,0.0637
CT011290,Zone_01,Zone_07,0.2817,0.043,0.0584,0.1139,0.1211,0.0221,0.0304,0.2817,0.2813,0.0033,0.0447
CT013314,Zone_07,Zone_07,0.3098,0.0464,0.0674,0.0968,0.1213,0.0294,0.0637,0.3098,0.2056,0.0162,0.0435
CT001991,Zone_03,Zone_07,0.3692,0.0488,0.0705,0.0842,0.172,0.0495,0.0183,0.3692,0.1215,0.0149,0.0511
CT004874,Zone_07,Zone_07,0.3441,0.04,0.0659,0.0677,0.1051,0.0457,0.0377,0.3441,0.2301,0.0197,0.0439
CT015461,Zone_08,Zone_07,0.3176,0.0671,0.0787,0.1058,0.1183,0.0333,0.0303,0.3176,0.1821,0.0123,0.0545
CT015725,Zone_10,Zone_07,0.3031,0.0583,0.0974,0.0806,0.1138,0.0411,0.0386,0.3031,0.1997,0.0131,0.0544
CT000090,Zone_07,Zone_07,0.2872,0.0513,0.0749,0.0771,0.1225,0.0351,0.04,0.2872,0.2494,0.006,0.0564
CT010716,Zone_04,Zone_07,0.2712,0.0802,0.0763,0.0819,0.1417,0.0392,0.0378,0.2712,0.1997,0.0107,0.0614
CT016894,Zone_01,Zone_07,0.256,0.0866,0.0868,0.0678,0.1198,0.0468,0.0419,0.256,0.2237,0.0169,0.0537
CT005889,Zone_07,Zone_07,0.3078,0.0642,0.0735,0.107,0.1085,0.0321,0.0443,0.3078,0.1996,0.0083,0.0546
CT017869,Zone_08,Zone_07,0.226,0.0587,0.1118,0.074,0.141,0.0352,0.0249,0.226,0.2157,0.0231,0.0896
CT013363,Zone_04,Zone_07,0.2488,0.0751,0.0807,0.0902,0.1286,0.0368,0.0424,0.2488,0.2276,0.0139,0.056
CT014632,Zone_02,Zone_07,0.2664,0.0941,0.0577,0.0845,0.1332,0.072,0.0325,0.2664,0.2007,0.0075,0.0514
CT002899,Zone_08,Zone_07,0.2497,0.0559,0.0808,0.0885,0.1146,0.0499,0.0385,0.2497,0.2396,0.0104,0.072
CT017988,Zone_04,Zone_07,0.2426,0.0646,0.075,0.0905,0.1402,0.0421,0.0453,0.2426,0.2201,0.0121,0.0677
CT014342,Zone_04,Zone_07,0.3481,0.0729,0.0435,0.1342,0.1201,0.0814,0.0386,0.3481,0.1312,0.0136,0.0163
CT001947,Zone_01,Zone_07,0.3459,0.0685,0.081,0.0705,0.0866,0.0158,0.0666,0.3459,0.2272,0.001,0.0371
CT011856,Zone_04,Zone_07,0.3077,0.0693,0.0742,0.0847,0.1191,0.0383,0.0423,0.3077,0.1921,0.0188,0.0535
CT009872,Zone_07,Zone_08,0.264,0.0358,0.0622,0.1165,0.0827,0.0228,0.0381,0.2618,0.264,0.0141,0.102
CT015536,Zone_03,Zone_07,0.2791,0.0688,0.0634,0.0944,0.142,0.0297,0.0331,0.2791,0.2329,0.0076,0.049
CT010969,Zone_08,Zone_07,0.3092,0.0409,0.084,0.1107,0.0775,0.0416,0.0393,0.3092,0.2488,0.0057,0.0422
CT004093,Zone_07,Zone_07,0.2925,0.0616,0.0305,0.062,0.143,0.0622,0.0433,0.2925,0.2257,0.0155,0.0638
CT014011,Zone_06,Zone_07,0.3217,0.0598,0.0729,0.0981,0.1135,0.0228,0.0411,0.3217,0.1867,0.0156,0.0677
CT015689,Zone_04,Zone_07,0.2868,0.0456,0.0894,0.0921,0.1753,0.0573,0.0315,0.2868,0.1374,0.0056,0.0789
CT016265,Zone_10,Zone_08,0.2607,0.0552,0.0587,0.0742,0.1029,0.0403,0.0672,0.2388,0.2607,0.0176,0.0844
CT013950,Zone_08,Zone_07,0.3488,0.052,0.0582,0.0954,0.1091,0.0315,0.0362,0.3488,0.1885,0.0144,0.0658
CT006116,Zone_07,Zone_07,0.2388,0.0663,0.0645,0.1301,0.1323,0.0329,0.0325,0.2388,0.2307,0.0092,0.0628
CT012962,Zone_08,Zone_07,0.2931,0.043,0.0773,0.0914,0.1556,0.0417,0.0531,0.2931,0.1735,0.0185,0.0528
CT011610,Zone_02,Zone_07,0.3283,0.0568,0.0486,0.0675,0.1176,0.0304,0.0388,0.3283,0.2476,0.0103,0.0541
CT019323,Zone_07,Zone_07,0.3279,0.058,0.086,0.0959,0.1047,0.0289,0.0357,0.3279,0.1836,0.0192,0.0602
CT003978,Zone_03,Zone_08,0.2822,0.042,0.0442,0.0878,0.102,0.0235,0.0368,0.2805,0.2822,0.0091,0.0921
CT019559,Zone_07,Zone_07,0.2936,0.0549,0.0868,0.0804,0.1244,0.0323,0.0435,0.2936,0.2228,0.0121,0.0492
CT010737,Zone_05,Zone_07,0.2714,0.0673,0.1003,0.0965,0.118,0.0312,0.0501,0.2714,0.2102,0.0075,0.0474
CT011712,Zone_02,Zone_07,0.2836,0.0517,0.0632,0.0968,0.1401,0.0329,0.0674,0.2836,0.199,0.0069,0.0585
CT009915,Zone_04,Zone_07,0.2357,0.044,0.085,0.0823,0.2173,0.0265,0.0368,0.2357,0.2088,0.0094,0.0541
CT013068,Zone_07,Zone_07,0.2465,0.054,0.1009,0.1069,0.1387,0.0415,0.036,0.2465,0.2146,0.0113,0.0496
CT019907,Zone_07,Zone_07,0.2942,0.0479,0.0693,0.0862,0.1303,0.0391,0.0459,0.2942,0.2019,0.0073,0.078
CT019133,Zone_07,Zone_07,0.2402,0.049,0.0897,0.1533,0.1027,0.0249,0.0569,0.2402,0.2327,0.0109,0.0396
CT010738,Zone_05,Zone_07,0.2876,0.0922,0.0637,0.0666,0.1087,0.0279,0.0529,0.2876,0.214,0.0074,0.0788
CT005095,Zone_09,Zone_08,0.3058,0.078,0.0587,0.0567,0.1381,0.0238,0.0848,0.1963,0.3058,0.0117,0.046
CT006646,Zone_03,Zone_07,0.2512,0.0455,0.0651,0.0524,0.2431,0.0197,0.0664,0.2512,0.219,0.0059,0.0317
CT011147,Zone_03,Zone_07,0.3181,0.0561,0.0657,0.0691,0.0982,0.0353,0.0263,0.3181,0.2753,0.0089,0.0471
CT012534,Zone_08,Zone_07,0.3397,0.0281,0.1239,0.0872,0.1487,0.0146,0.0173,0.3397,0.1543,0.0285,0.0576
CT006598,Zone_04,Zone_07,0.2897,0.0432,0.0595,0.0642,0.1194,0.0259,0.0323,0.2897,0.2879,0.0101,0.0678
CT009310,Zone_08,Zone_08,0.2766,0.0652,0.0756,0.0613,0.1083,0.0585,0.0488,0.2366,0.2766,0.0132,0.0559
CT009437,Zone_04,Zone_07,0.2988,0.066,0.0926,0.0976,0.1299,0.0241,0.0437,0.2988,0.1734,0.0186,0.0553
CT010226,Zone_08,Zone_07,0.2529,0.0562,0.09,0.0751,0.1533,0.0394,0.0305,0.2529,0.2241,0.0083,0.0701
CT001570,Zone_08,Zone_07,0.2979,0.0446,0.0778,0.0952,0.1667,0.0285,0.0352,0.2979,0.1548,0.0091,0.0901
CT003766,Zone_07,Zone_07,0.3009,0.0316,0.0977,0.0882,0.1356,0.0417,0.0485,0.3009,0.2089,0.0115,0.0356
CT018944,Zone_07,Zone_07,0.3383,0.0864,0.0646,0.09,0.1234,0.0214,0.044,0.3383,0.1626,0.0071,0.0622
CT008822,Zone_08,Zone_07,0.3356,0.0499,0.0952,0.0719,0.1041,0.0574,0.0325,0.3356,0.1936,0.0096,0.0501
CT010819,Zone_04,Zone_07,0.2826,0.0588,0.0713,0.0875,0.1456,0.0278,0.0357,0.2826,0.2393,0.0091,0.0423
CT000795,Zone_02,Zone_07,0.2612,0.0722,0.0569,0.0694,0.1624,0.0259,0.0268,0.2612,0.2474,0.0158,0.0619
CT016322,Zone_08,Zone_07,0.3225,0.0564,0.0611,0.1218,0.0747,0.0378,0.0462,0.3225,0.177,0.0231,0.0794
CT004128,Zone_08,Zone_07,0.3191,0.0614,0.0892,0.0903,0.1296,0.0491,0.0391,0.3191,0.1503,0.0103,0.0615
CT013384,Zone_02,Zone_08,0.2125,0.0825,0.0665,0.1084,0.118,0.1018,0.0349,0.2043,0.2125,0.0109,0.0601
CT018447,Zone_08,Zone_07,0.3047,0.0569,0.0805,0.0821,0.1193,0.0426,0.0388,0.3047,0.2025,0.0116,0.061
CT001430,Zone_08,Zone_07,0.2334,0.0527,0.0603,0.1514,0.1238,0.0273,0.0491,0.2334,0.2244,0.0098,0.0678
CT010609,Zone_10,Zone_07,0.2619,0.0688,0.0953,0.0889,0.1224,0.0258,0.0372,0.2619,0.2309,0.0118,0.0569
CT009341,Zone_02,Zone_07,0.2577,0.0764,0.0475,0.0972,0.1301,0.0334,0.0386,0.2577,0.236,0.0043,0.0787
CT018952,Zone_05,Zone_07,0.2682,0.0816,0.0847,0.0876,0.1431,0.0445,0.0304,0.2682,0.2013,0.0179,0.0408
CT009312,Zone_07,Zone_08,0.2703,0.0446,0.0662,0.1053,0.136,0.0245,0.0479,0.2012,0.2703,0.0106,0.0934
CT001621,Zone_01,Zone_07,0.2756,0.0928,0.0623,0.0693,0.1296,0.0315,0.0313,0.2756,0.2459,0.017,0.0447
CT015044,Zone_07,Zone_07,0.3187,0.0793,0.0503,0.0771,0.1277,0.0314,0.0413,0.3187,0.215,0.0097,0.0494
CT001758,Zone_10,Zone_07,0.2929,0.0801,0.1096,0.0676,0.1006,0.0215,0.0314,0.2929,0.2482,0.0055,0.0425
CT003423,Zone_08,Zone_08,0.3051,0.0394,0.0976,0.0598,0.2052,0.0155,0.0414,0.1851,0.3051,0.01,0.0408
CT018346,Zone_04,Zone_07,0.2948,0.0346,0.0679,0.0972,0.1017,0.0545,0.0589,0.2948,0.1997,0.0085,0.0822
CT014099,Zone_06,Zone_08,0.2917,0.08,0.0576,0.0859,0.1435,0.0611,0.0443,0.1813,0.2917,0.009,0.0456
CT007014,Zone_08,Zone_07,0.2401,0.0608,0.072,0.1142,0.179,0.0382,0.0267,0.2401,0.1682,0.0223,0.0785
CT005623,Zone_08,Zone_07,0.2556,0.0665,0.0626,0.1163,0.1027,0.0441,0.038,0.2556,0.2162,0.0347,0.0634
CT010428,Zone_07,Zone_07,0.2875,0.0525,0.0733,0.0733,0.1239,0.0482,0.0902,0.2875,0.2005,0.0066,0.0439
CT012686,Zone_08,Zone_07,0.3085,0.054,0.071,0.1275,0.1104,0.0363,0.027,0.3085,0.2012,0.0101,0.054
CT015527,Zone_08,Zone_08,0.239,0.066,0.173,0.0582,0.1816,0.073,0.0172,0.145,0.239,0.0064,0.0405
CT012808,Zone_06,Zone_07,0.3123,0.0594,0.0788,0.0735,0.131,0.038,0.0872,0.3123,0.1674,0.0071,0.0453
CT013627,Zone_08,Zone_08,0.2466,0.0616,0.0626,0.0807,0.1465,0.047,0.0283,0.2461,0.2466,0.01,0.0706
CT017569,Zone_03,Zone_07,0.2621,0.0571,0.0672,0.1448,0.1488,0.034,0.0482,0.2621,0.1877,0.0071,0.043
CT014825,Zone_08,Zone_07,0.3139,0.0604,0.115,0.0859,0.1785,0.0297,0.0367,0.3139,0.1121,0.0068,0.061
CT010594,Zone_08,Zone_07,0.2782,0.0651,0.0744,0.0904,0.1193,0.0429,0.038,0.2782,0.2168,0.0085,0.0664
CT019721,Zone_08,Zone_08,0.2376,0.0456,0.0961,0.1274,0.0996,0.0363,0.0259,0.2149,0.2376,0.0481,0.0684
CT015392,Zone_04,Zone_07,0.2829,0.0661,0.0636,0.065,0.1147,0.0409,0.0377,0.2829,0.2595,0.0164,0.0532
CT015319,Zone_08,Zone_07,0.3444,0.0489,0.0978,0.0605,0.1033,0.0186,0.0378,0.3444,0.2184,0.0063,0.0641
CT004930,Zone_04,Zone_07,0.3102,0.0559,0.0684,0.1112,0.0904,0.031,0.0452,0.3102,0.224,0.0137,0.05
CT006434,Zone_06,Zone_07,0.2852,0.1141,0.1157,0.0837,0.1115,0.043,0.0424,0.2852,0.1403,0.0137,0.0503
CT016898,Zone_09,Zone_07,0.4211,0.0487,0.1367,0.0559,0.1336,0.0198,0.0297,0.4211,0.1138,0.009,0.0316
CT010083,Zone_03,Zone_07,0.3544,0.0317,0.0832,0.0842,0.1159,0.0265,0.0291,0.3544,0.2044,0.0282,0.0424
CT003896,Zone_08,Zone_07,0.3022,0.0525,0.0998,0.084,0.1141,0.0336,0.0363,0.3022,0.2168,0.008,0.0526
CT000653,Zone_08,Zone_07,0.2891,0.0535,0.0958,0.087,0.1313,0.0303,0.0612,0.2891,0.1921,0.0102,0.0496
CT014148,Zone_06,Zone_07,0.3194,0.0411,0.0444,0.0953,0.1222,0.0332,0.0348,0.3194,0.2623,0.0101,0.0373
CT000362,Zone_03,Zone_07,0.2652,0.0812,0.0747,0.0928,0.1573,0.027,0.0466,0.2652,0.1977,0.0103,0.0472
CT000191,Zone_10,Zone_07,0.2648,0.0571,0.0606,0.1067,0.1425,0.0409,0.0422,0.2648,0.2314,0.0072,0.0466
CT003823,Zone_07,Zone_07,0.3867,0.033,0.0417,0.0902,0.1304,0.0081,0.033,0.3867,0.1866,0.0261,0.064
CT004182,Zone_03,Zone_07,0.2496,0.0606,0.0992,0.1436,0.1265,0.0357,0.0332,0.2496,0.1922,0.0072,0.0521
CT011508,Zone_02,Zone_07,0.3605,0.0723,0.0666,0.0843,0.1646,0.0324,0.0329,0.3605,0.1365,0.0101,0.0399
CT019163,Zone_04,Zone_07,0.3225,0.05,0.0567,0.0813,0.1316,0.032,0.0412,0.3225,0.2139,0.0104,0.0604
CT003282,Zone_02,Zone_07,0.2488,0.0775,0.0647,0.0979,0.1264,0.0322,0.0409,0.2488,0.2447,0.0057,0.0611
CT009122,Zone_10,Zone_07,0.3446,0.0597,0.0712,0.0664,0.1829,0.0302,0.0258,0.3446,0.1542,0.0047,0.0603
CT004071,Zone_05,Zone_08,0.2348,0.0613,0.0968,0.0778,0.1441,0.0682,0.0337,0.1995,0.2348,0.0057,0.078
CT010374,Zone_04,Zone_07,0.2308,0.0526,0.061,0.1338,0.1338,0.0438,0.0537,0.2308,0.2284,0.0208,0.0412
CT015633,Zone_03,Zone_07,0.2232,0.0821,0.0642,0.0999,0.1753,0.0422,0.0348,0.2232,0.2025,0.0084,0.0673
CT010171,Zone_07,Zone_07,0.2587,0.056,0.0592,0.082,0.1454,0.0581,0.061,0.2587,0.1892,0.007,0.0834
CT013486,Zone_07,Zone_07,0.2551,0.0826,0.0805,0.09,0.1342,0.027,0.03,0.2551,0.2158,0.0276,0.0572
CT019924,Zone_08,Zone_07,0.2736,0.0715,0.0813,0.0744,0.1049,0.0441,0.0481,0.2736,0.2282,0.0081,0.0657
CT018401,Zone_07,Zone_07,0.3303,0.0497,0.0671,0.0811,0.1407,0.0289,0.0432,0.3303,0.1924,0.0072,0.0594
CT010338,Zone_06,Zone_08,0.3626,0.0564,0.1166,0.0872,0.1011,0.0229,0.0147,0.2064,0.3626,0.0074,0.0247
CT010145,Zone_07,Zone_07,0.3693,0.0368,0.0457,0.1919,0.1094,0.0526,0.0301,0.3693,0.1138,0.01,0.0404
CT016887,Zone_07,Zone_03,0.2088,0.0549,0.0534,0.2088,0.097,0.0389,0.0814,0.1903,0.1261,0.0163,0.1328
CT007392,Zone_02,Zone_07,0.262,0.078,0.0608,0.0932,0.1175,0.0464,0.04,0.262,0.2225,0.0062,0.0732
CT010780,Zone_08,Zone_07,0.2275,0.0458,0.0865,0.1032,0.1282,0.0472,0.0811,0.2275,0.1759,0.0076,0.0969
CT004097,Zone_07,Zone_07,0.3015,0.0561,0.0686,0.1472,0.1152,0.0389,0.0209,0.3015,0.1528,0.0339,0.0649
CT009234,Zone_06,Zone_07,0.2833,0.0633,0.0858,0.0868,0.1209,0.0347,0.0481,0.2833,0.2078,0.0116,0.0577
CT015785,Zone_08,Zone_07,0.3319,0.0642,0.1344,0.0566,0.1291,0.047,0.0541,0.3319,0.1262,0.0021,0.0544
CT003966,Zone_03,Zone_07,0.2629,0.0702,0.0807,0.0753,0.1782,0.0228,0.02,0.2629,0.2154,0.0194,0.0552
CT010040,Zone_07,Zone_07,0.3595,0.0417,0.1189,0.0916,0.0935,0.0349,0.0292,0.3595,0.1678,0.0254,0.0374
CT014419,Zone_08,Zone_07,0.2495,0.0877,0.0868,0.1134,0.0964,0.0437,0.0414,0.2495,0.2039,0.021,0.0561
CT005080,Zone_07,Zone_07,0.2696,0.0705,0.0819,0.1037,0.1002,0.0257,0.0459,0.2696,0.2299,0.0087,0.0639
CT009522,Zone_08,Zone_07,0.3575,0.0394,0.0641,0.0968,0.1114,0.0333,0.05,0.3575,0.1325,0.0045,0.1104
CT012067,Zone_03,Zone_07,0.2963,0.0645,0.0774,0.1245,0.0951,0.0288,0.0252,0.2963,0.1964,0.0285,0.0634
CT015529,Zone_07,Zone_07,0.287,0.0649,0.0621,0.1106,0.1025,0.0253,0.1063,0.287,0.1765,0.005,0.0599
CT011378,Zone_04,Zone_08,0.3071,0.0522,0.0804,0.1037,0.1374,0.042,0.0463,0.1795,0.3071,0.0106,0.0407
CT016808,Zone_02,Zone_08,0.2482,0.0731,0.0674,0.0737,0.1359,0.0291,0.0427,0.2461,0.2482,0.0135,0.07
CT018155,Zone_08,Zone_07,0.2886,0.1365,0.1322,0.0663,0.0654,0.0644,0.0266,0.2886,0.2031,0.0038,0.0129
CT019041,Zone_07,Zone_07,0.2361,0.0678,0.0863,0.0859,0.1374,0.0591,0.0467,0.2361,0.2299,0.0115,0.0394
CT006179,Zone_05,Zone_08,0.2381,0.0376,0.0647,0.0965,0.1064,0.0487,0.0433,0.2373,0.2381,0.0167,0.1107
CT004385,Zone_07,Zone_07,0.2659,0.0641,0.0865,0.0625,0.1147,0.05,0.0384,0.2659,0.2203,0.0139,0.0838
CT011134,Zone_10,Zone_08,0.2495,0.0567,0.0918,0.0669,0.1101,0.062,0.0475,0.2445,0.2495,0.009,0.062
CT018654,Zone_04,Zone_07,0.2591,0.0802,0.0705,0.1161,0.106,0.0469,0.0273,0.2591,0.2209,0.0111,0.0618
CT010405,Zone_01,Zone_07,0.2431,0.0293,0.0614,0.0643,0.161,0.112,0.0515,0.2431,0.2277,0.0067,0.0429
CT006953,Zone_03,Zone_08,0.2998,0.0577,0.071,0.1085,0.1044,0.0407,0.0346,0.2281,0.2998,0.01,0.045
CT013896,Zone_07,Zone_08,0.3406,0.0354,0.0756,0.0799,0.1182,0.0243,0.0493,0.2261,0.3406,0.0059,0.0447
CT012120,Zone_04,Zone_07,0.2891,0.0681,0.1208,0.0933,0.1221,0.0396,0.0369,0.2891,0.1722,0.0095,0.0484
CT018213,Zone_01,Zone_08,0.2588,0.0618,0.0787,0.0936,0.1108,0.0342,0.0459,0.2462,0.2588,0.0106,0.0595
CT012369,Zone_08,Zone_07,0.2419,0.0949,0.1151,0.0879,0.0969,0.0409,0.0447,0.2419,0.2011,0.0183,0.0585
CT012986,Zone_07,Zone_07,0.262,0.0688,0.0701,0.0782,0.1145,0.0277,0.0569,0.262,0.2433,0.0121,0.0665
CT002103,Zone_07,Zone_07,0.2931,0.0561,0.0669,0.0625,0.1442,0.0398,0.0339,0.2931,0.2193,0.0106,0.0736
CT014300,Zone_07,Zone_07,0.2791,0.0759,0.0714,0.0978,0.1174,0.0337,0.0352,0.2791,0.2206,0.0091,0.0599
CT003500,Zone_07,Zone_07,0.3011,0.0327,0.048,0.0849,0.135,0.0465,0.0268,0.3011,0.2356,0.0045,0.085
CT011952,Zone_08,Zone_07,0.3141,0.0519,0.0537,0.092,0.1242,0.0377,0.0456,0.3141,0.2259,0.0129,0.0419
CT005836,Zone_03,Zone_07,0.2606,0.0866,0.0883,0.0871,0.1264,0.042,0.0362,0.2606,0.2217,0.0046,0.0464
CT014861,Zone_04,Zone_07,0.3352,0.0327,0.1007,0.1152,0.1534,0.0256,0.0327,0.3352,0.1474,0.0113,0.0459
CT004984,Zone_03,Zone_07,0.2442,0.0738,0.0765,0.1222,0.1279,0.0415,0.0259,0.2442,0.1954,0.0071,0.0854
CT008618,Zone_08,Zone_07,0.2495,0.058,0.0584,0.0901,0.1356,0.0619,0.0467,0.2495,0.2228,0.0139,0.0631
CT000751,Zone_04,Zone_07,0.3047,0.074,0.0774,0.0962,0.1272,0.0329,0.0415,0.3047,0.1825,0.0101,0.0537
CT018877,Zone_02,Zone_07,0.324,0.065,0.112,0.0653,0.1225,0.0345,0.0329,0.324,0.196,0.0055,0.0424
CT010720,Zone_07,Zone_07,0.2297,0.0446,0.0916,0.1654,0.186,0.035,0.0388,0.2297,0.1667,0.0095,0.0327
CT017128,Zone_07,Zone_07,0.2857,0.0504,0.0814,0.0826,0.0994,0.0285,0.0452,0.2857,0.2644,0.0118,0.0507
CT002099,Zone_03,Zone_08,0.1803,0.0758,0.1088,0.1556,0.113,0.0253,0.045,0.1551,0.1803,0.0188,0.1222
CT011570,Zone_07,Zone_07,0.2548,0.0633,0.0743,0.0872,0.1007,0.0387,0.0957,0.2548,0.2061,0.0135,0.0657
CT015195,Zone_07,Zone_07,0.2853,0.0845,0.0616,0.0762,0.1122,0.0247,0.0486,0.2853,0.2586,0.0092,0.0393
CT015879,Zone_08,Zone_07,0.2956,0.045,0.0704,0.1385,0.0797,0.0378,0.0435,0.2956,0.2561,0.0152,0.0182
CT005914,Zone_04,Zone_07,0.2526,0.0639,0.0657,0.0885,0.1598,0.0518,0.0473,0.2526,0.2226,0.0091,0.0386
CT003795,Zone_07,Zone_07,0.289,0.0738,0.0677,0.0911,0.1679,0.0329,0.0572,0.289,0.1365,0.0165,0.0675
CT017331,Zone_05,Zone_07,0.334,0.0564,0.092,0.089,0.1615,0.024,0.0216,0.334,0.143,0.0135,0.065
CT018856,Zone_08,Zone_07,0.2994,0.0695,0.0668,0.0991,0.113,0.0379,0.0259,0.2994,0.2232,0.0116,0.0537
CT018202,Zone_04,Zone_07,0.2678,0.0622,0.0999,0.1284,0.0854,0.0371,0.0446,0.2678,0.1863,0.0123,0.076
CT000174,Zone_10,Zone_07,0.3635,0.045,0.0797,0.0916,0.121,0.0338,0.0371,0.3635,0.1765,0.007,0.0447
CT001803,Zone_03,Zone_08,0.255,0.084,0.0725,0.0738,0.1128,0.0327,0.0495,0.2364,0.255,0.0139,0.0693
CT013328,Zone_04,Zone_07,0.3022,0.0557,0.0759,0.08,0.1238,0.0388,0.0436,0.3022,0.1915,0.0277,0.0607
CT008666,Zone_08,Zone_07,0.2622,0.0509,0.0905,0.0847,0.1015,0.0405,0.0424,0.2622,0.2512,0.0073,0.0688
CT014321,Zone_07,Zone_07,0.2383,0.0614,0.1144,0.0746,0.1216,0.0444,0.0415,0.2383,0.2329,0.0086,0.0623
CT003453,Zone_02,Zone_07,0.3149,0.0922,0.0637,0.0479,0.1311,0.0432,0.043,0.3149,0.1541,0.0045,0.1054
CT009696,Zone_05,Zone_08,0.2554,0.0919,0.1089,0.1112,0.1002,0.0502,0.0445,0.1937,0.2554,0.0053,0.0387
CT016332,Zone_07,Zone_07,0.3253,0.0693,0.0785,0.1182,0.0997,0.0287,0.0394,0.3253,0.1723,0.0088,0.0598
CT016970,Zone_07,Zone_07,0.2598,0.0475,0.0906,0.0776,0.1608,0.038,0.0385,0.2598,0.225,0.0072,0.0548
CT004309,Zone_10,Zone_07,0.2463,0.045,0.139,0.1144,0.1196,0.037,0.0408,0.2463,0.2241,0.0096,0.0242
CT003767,Zone_07,Zone_07,0.2297,0.0857,0.0593,0.0789,0.192,0.041,0.0399,0.2297,0.2245,0.0077,0.0412
CT002639,Zone_07,Zone_07,0.2541,0.0657,0.0563,0.1234,0.1458,0.0513,0.0662,0.2541,0.1845,0.0104,0.0423
CT006193,Zone_01,Zone_08,0.2814,0.0537,0.0464,0.0858,0.1333,0.0173,0.0495,0.2774,0.2814,0.0124,0.0429
CT012296,Zone_07,Zone_07,0.2791,0.0629,0.0501,0.0619,0.0956,0.0281,0.0777,0.2791,0.2657,0.0095,0.0694
CT007395,Zone_06,Zone_07,0.3314,0.1045,0.0789,0.1034,0.1083,0.0138,0.0271,0.3314,0.1935,0.0051,0.034
CT010778,Zone_08,Zone_08,0.2464,0.0553,0.0775,0.0825,0.1593,0.0797,0.0312,0.189,0.2464,0.0221,0.0571
CT006578,Zone_07,Zone_04,0.2371,0.0523,0.1058,0.0759,0.2371,0.0305,0.0255,0.1534,0.2341,0.0401,0.0452
CT019074,Zone_09,Zone_07,0.2867,0.0531,0.0773,0.0888,0.1776,0.0229,0.0346,0.2867,0.1988,0.0097,0.0506
CT015095,Zone_07,Zone_08,0.2811,0.0398,0.0996,0.0819,0.1572,0.0324,0.0341,0.2134,0.2811,0.0124,0.048
CT017221,Zone_07,Zone_07,0.2536,0.0696,0.0793,0.1213,0.1173,0.0727,0.0263,0.2536,0.1983,0.0129,0.0488
CT005042,Zone_03,Zone_07,0.2468,0.0693,0.0923,0.0884,0.1216,0.0396,0.0505,0.2468,0.2232,0.0105,0.0577
CT009781,Zone_01,Zone_07,0.3145,0.0452,0.0807,0.1035,0.0892,0.035,0.0403,0.3145,0.2282,0.0174,0.0461
CT002504,Zone_07,Zone_07,0.3158,0.0887,0.1686,0.0589,0.1009,0.0199,0.0201,0.3158,0.1378,0.0045,0.0847
CT006335,Zone_07,Zone_08,0.305,0.0406,0.0861,0.1049,0.1125,0.0266,0.0302,0.2354,0.305,0.0103,0.0484
CT016667,Zone_07,Zone_07,0.3383,0.1083,0.0761,0.0767,0.212,0.0393,0.0072,0.3383,0.1033,0.0113,0.0277
CT018425,Zone_07,Zone_07,0.2671,0.0706,0.0631,0.0955,0.1061,0.0722,0.0454,0.2671,0.2103,0.0135,0.0562
CT005892,Zone_07,Zone_04,0.2281,0.0616,0.0612,0.1201,0.2281,0.0316,0.053,0.1703,0.2184,0.003,0.0527
CT015586,Zone_08,Zone_08,0.2603,0.0431,0.1169,0.1179,0.1259,0.0191,0.0241,0.2424,0.2603,0.0051,0.0451
CT012258,Zone_02,Zone_08,0.2792,0.0547,0.0819,0.1232,0.1217,0.0464,0.029,0.2108,0.2792,0.0119,0.0412
CT013842,Zone_07,Zone_07,0.2147,0.0541,0.0721,0.1259,0.1422,0.0735,0.0413,0.2147,0.2103,0.0077,0.0583
CT002692,Zone_05,Zone_08,0.3036,0.0507,0.0766,0.0828,0.124,0.0313,0.0429,0.2203,0.3036,0.0048,0.0631
CT009460,Zone_10,Zone_07,0.2774,0.0717,0.0795,0.0904,0.1327,0.0379,0.0355,0.2774,0.2184,0.0073,0.0493
CT000065,Zone_07,Zone_07,0.2854,0.0673,0.0936,0.0777,0.1615,0.0317,0.0548,0.2854,0.1732,0.0111,0.0437
CT000084,Zone_03,Zone_07,0.2855,0.0623,0.0758,0.0807,0.1362,0.0362,0.0384,0.2855,0.1774,0.0128,0.0946
CT015701,Zone_06,Zone_08,0.2652,0.0528,0.0714,0.0768,0.1179,0.0259,0.0411,0.2516,0.2652,0.0081,0.0892
CT015254,Zone_04,Zone_08,0.2374,0.0596,0.1388,0.0587,0.1346,0.0577,0.0381,0.2217,0.2374,0.01,0.0434
CT017290,Zone_07,Zone_07,0.2685,0.07,0.0618,0.0959,0.1174,0.0386,0.0484,0.2685,0.2401,0.0115,0.0478
CT015986,Zone_03,Zone_08,0.2446,0.0467,0.06,0.0793,0.1492,0.0543,0.0451,0.2438,0.2446,0.0167,0.0602
CT015971,Zone_04,Zone_08,0.2705,0.0393,0.1072,0.0695,0.1424,0.0433,0.0282,0.2224,0.2705,0.0179,0.0592
CT002144,Zone_07,Zone_07,0.2505,0.1014,0.0933,0.0804,0.1648,0.0316,0.0289,0.2505,0.1993,0.0111,0.0386
CT011515,Zone_04,Zone_07,0.3048,0.0895,0.0678,0.0685,0.1046,0.0297,0.0363,0.3048,0.2281,0.0062,0.0644
CT003208,Zone_02,Zone_08,0.3119,0.1017,0.0956,0.0868,0.0663,0.0297,0.0251,0.2295,0.3119,0.0053,0.0481
CT004411,Zone_05,Zone_07,0.2503,0.069,0.0771,0.1142,0.1558,0.0384,0.0308,0.2503,0.2002,0.0055,0.0585
CT017584,Zone_04,Zone_07,0.2904,0.0526,0.1268,0.0695,0.1201,0.0232,0.0402,0.2904,0.2084,0.0063,0.0625
CT007858,Zone_04,Zone_08,0.2203,0.1346,0.1066,0.1244,0.114,0.0366,0.0391,0.1185,0.2203,0.0087,0.097
CT018243,Zone_08,Zone_08,0.3679,0.0275,0.0508,0.0595,0.0898,0.0472,0.0347,0.2396,0.3679,0.0071,0.076
CT000069,Zone_02,Zone_07,0.2583,0.0955,0.0864,0.0989,0.0965,0.031,0.0326,0.2583,0.2179,0.0093,0.0735
CT017488,Zone_04,Zone_07,0.3443,0.0474,0.0922,0.0855,0.1215,0.0465,0.0349,0.3443,0.1695,0.0145,0.0438
CT010642,Zone_07,Zone_03,0.2642,0.0463,0.0864,0.2642,0.1797,0.0537,0.0199,0.2424,0.0731,0.0062,0.0283
CT002476,Zone_02,Zone_08,0.2901,0.0624,0.0693,0.0741,0.1292,0.0356,0.0666,0.2059,0.2901,0.0113,0.0555
CT009149,Zone_05,Zone_07,0.2679,0.0712,0.0666,0.0843,0.1635,0.0345,0.048,0.2679,0.1874,0.0182,0.0585
CT017686,Zone_08,Zone_07,0.2801,0.0592,0.0878,0.1272,0.1793,0.033,0.0293,0.2801,0.1266,0.0078,0.0697
CT014973,Zone_08,Zone_07,0.2746,0.0508,0.0671,0.0977,0.115,0.0271,0.0428,0.2746,0.2502,0.011,0.0637
CT010933,Zone_07,Zone_07,0.3185,0.0676,0.0786,0.0917,0.0848,0.0397,0.0359,0.3185,0.2218,0.0133,0.0481
CT018777,Zone_03,Zone_07,0.2591,0.0925,0.065,0.0986,0.1589,0.06,0.0401,0.2591,0.1645,0.0086,0.0524
CT007095,Zone_08,Zone_07,0.2689,0.046,0.0936,0.1407,0.0894,0.0254,0.0605,0.2689,0.2121,0.0053,0.0579
CT013522,Zone_07,Zone_08,0.2512,0.0683,0.0829,0.0706,0.1177,0.0542,0.046,0.2437,0.2512,0.0126,0.0528
CT013427,Zone_10,Zone_07,0.3128,0.0544,0.0985,0.1333,0.1433,0.0522,0.022,0.3128,0.1156,0.0094,0.0585
CT015959,Zone_04,Zone_08,0.2369,0.1026,0.106,0.1343,0.0923,0.0271,0.0235,0.2143,0.2369,0.008,0.0551
CT005599,Zone_07,Zone_08,0.2826,0.0776,0.0599,0.091,0.0891,0.047,0.0297,0.2605,0.2826,0.0131,0.0495
CT002880,Zone_02,Zone_07,0.3118,0.0671,0.0522,0.0825,0.1175,0.0277,0.0505,0.3118,0.2238,0.0338,0.0331
CT002520,Zone_01,Zone_07,0.2685,0.0479,0.0703,0.0921,0.1125,0.0345,0.0377,0.2685,0.2449,0.0162,0.0755
CT005807,Zone_07,Zone_07,0.2611,0.0558,0.1035,0.1193,0.116,0.062,0.0407,0.2611,0.1821,0.0073,0.0522
CT017485,Zone_06,Zone_08,0.3352,0.0496,0.0999,0.0336,0.1908,0.0341,0.0271,0.1919,0.3352,0.0132,0.0245
CT008240,Zone_05,Zone_08,0.2646,0.0963,0.0726,0.1075,0.0993,0.0285,0.0249,0.2343,0.2646,0.006,0.066
CT006929,Zone_04,Zone_07,0.3347,0.0788,0.0884,0.0613,0.1138,0.031,0.0242,0.3347,0.2,0.0126,0.0553
CT002796,Zone_07,Zone_07,0.2691,0.0553,0.0772,0.1527,0.1182,0.0282,0.0303,0.2691,0.1913,0.0097,0.068
CT003772,Zone_10,Zone_07,0.2298,0.0723,0.0765,0.1095,0.1119,0.0444,0.07,0.2298,0.1896,0.0061,0.0898
CT003708,Zone_08,Zone_07,0.2703,0.0795,0.0708,0.0875,0.1239,0.055,0.0362,0.2703,0.2101,0.0123,0.0545
CT000116,Zone_07,Zone_08,0.2498,0.058,0.0745,0.0797,0.1293,0.0477,0.0526,0.2443,0.2498,0.007,0.057
CT016609,Zone_02,Zone_07,0.333,0.0528,0.0605,0.1095,0.1186,0.0254,0.0341,0.333,0.1917,0.0161,0.0583
CT016481,Zone_07,Zone_07,0.2073,0.0463,0.1003,0.1513,0.1458,0.066,0.0354,0.2073,0.1977,0.0156,0.0343
CT001780,Zone_08,Zone_07,0.3285,0.0617,0.0811,0.0858,0.1257,0.0316,0.0529,0.3285,0.1735,0.0134,0.0458
CT007346,Zone_07,Zone_08,0.3183,0.0387,0.09,0.0896,0.0956,0.0521,0.0341,0.2046,0.3183,0.028,0.0491
CT002500,Zone_08,Zone_07,0.2589,0.0584,0.0697,0.0902,0.1134,0.023,0.0532,0.2589,0.255,0.0223,0.0558
CT009366,Zone_04,Zone_07,0.3915,0.0849,0.0625,0.0717,0.1427,0.068,0.0142,0.3915,0.132,0.0069,0.0256
CT017131,Zone_10,Zone_07,0.277,0.0325,0.0708,0.139,0.1021,0.0429,0.0305,0.277,0.2477,0.0036,0.0539
CT017628,Zone_06,Zone_07,0.3063,0.0448,0.0644,0.1361,0.174,0.0196,0.0232,0.3063,0.1886,0.0089,0.0342
CT018105,Zone_01,Zone_08,0.2993,0.1044,0.0485,0.0507,0.1195,0.0358,0.0222,0.2757,0.2993,0.0119,0.032
CT003103,Zone_10,Zone_08,0.284,0.0422,0.0828,0.1225,0.0947,0.0323,0.0384,0.2274,0.284,0.0145,0.0612
CT003293,Zone_07,Zone_07,0.2436,0.0803,0.0955,0.0935,0.1219,0.0332,0.062,0.2436,0.21,0.0122,0.0477
CT012046,Zone_07,Zone_07,0.2595,0.0571,0.0796,0.1038,0.0964,0.0333,0.0392,0.2595,0.2515,0.0089,0.0706
CT014162,Zone_08,Zone_07,0.2973,0.0944,0.0814,0.111,0.1144,0.022,0.043,0.2973,0.1746,0.0183,0.0436
CT015927,Zone_07,Zone_07,0.2799,0.0515,0.1004,0.0967,0.1213,0.034,0.0574,0.2799,0.18,0.0212,0.0575
CT012893,Zone_04,Zone_07,0.1966,0.0644,0.0745,0.1711,0.1459,0.0536,0.0304,0.1966,0.1388,0.0074,0.1173
CT011520,Zone_07,Zone_07,0.2957,0.1099,0.0712,0.0963,0.131,0.0321,0.0356,0.2957,0.172,0.0096,0.0466
CT017752,Zone_04,Zone_08,0.2978,0.0574,0.0954,0.0413,0.1726,0.0282,0.0421,0.2249,0.2978,0.0027,0.0376
CT000775,Zone_02,Zone_08,0.2866,0.059,0.0622,0.0973,0.1247,0.0467,0.0528,0.2111,0.2866,0.0145,0.0449
CT014906,Zone_08,Zone_08,0.2873,0.062,0.1169,0.0749,0.177,0.0195,0.059,0.1668,0.2873,0.0085,0.0279
CT002820,Zone_06,Zone_07,0.3144,0.0694,0.0573,0.0642,0.131,0.0245,0.0471,0.3144,0.2262,0.0153,0.0507
CT002726,Zone_07,Zone_07,0.2845,0.0649,0.0838,0.1024,0.1217,0.0427,0.0506,0.2845,0.185,0.0131,0.0514
CT008661,Zone_04,Zone_07,0.3587,0.0447,0.0567,0.0562,0.1916,0.0588,0.0272,0.3587,0.1363,0.0076,0.0623
CT003178,Zone_05,Zone_07,0.266,0.0908,0.0772,0.0718,0.1719,0.0369,0.0328,0.266,0.1941,0.0126,0.0458
CT004552,Zone_08,Zone_07,0.2723,0.0773,0.0948,0.0916,0.1126,0.037,0.0469,0.2723,0.2105,0.0129,0.0442
CT014014,Zone_10,Zone_08,0.2687,0.0739,0.0729,0.0684,0.215,0.0387,0.0326,0.1776,0.2687,0.0081,0.0443
CT014528,Zone_07,Zone_07,0.3208,0.0301,0.08,0.0724,0.1823,0.0336,0.054,0.3208,0.1672,0.0071,0.0524
CT019865,Zone_07,Zone_08,0.2826,0.0503,0.073,0.0835,0.1548,0.0389,0.0429,0.2284,0.2826,0.0106,0.0349
CT009880,Zone_04,Zone_07,0.2501,0.0648,0.0672,0.085,0.1331,0.0438,0.0495,0.2501,0.241,0.0111,0.0545
CT017678,Zone_08,Zone_07,0.2457,0.0909,0.0795,0.0785,0.1232,0.0467,0.0366,0.2457,0.2342,0.0127,0.052
CT000593,Zone_04,Zone_07,0.2565,0.0608,0.075,0.1039,0.1188,0.0505,0.0313,0.2565,0.2461,0.0073,0.0497
CT006067,Zone_08,Zone_07,0.265,0.07,0.1622,0.1001,0.1113,0.0285,0.0399,0.265,0.1503,0.012,0.0607
CT013672,Zone_06,Zone_07,0.287,0.0781,0.1115,0.1422,0.0985,0.0193,0.0271,0.287,0.1671,0.0068,0.0624
CT000628,Zone_03,Zone_07,0.3258,0.0628,0.0709,0.111,0.1024,0.0276,0.0352,0.3258,0.1738,0.0077,0.0828
CT012328,Zone_03,Zone_07,0.2681,0.0889,0.0511,0.1601,0.1351,0.0252,0.0448,0.2681,0.147,0.0126,0.0668
CT018906,Zone_07,Zone_04,0.2373,0.0587,0.0444,0.1225,0.2373,0.0325,0.0484,0.2139,0.1772,0.0055,0.0597
CT008368,Zone_07,Zone_07,0.3325,0.0531,0.05,0.0978,0.1366,0.0347,0.0417,0.3325,0.1908,0.0095,0.0531
CT015312,Zone_07,Zone_07,0.2571,0.0723,0.0691,0.0907,0.1536,0.0397,0.0372,0.2571,0.2139,0.0082,0.0583
CT018573,Zone_08,Zone_07,0.3125,0.0462,0.1059,0.0864,0.1157,0.047,0.0328,0.3125,0.1986,0.0092,0.0457
CT012840,Zone_09,Zone_07,0.2391,0.0427,0.0816,0.0956,0.1398,0.0466,0.0529,0.2391,0.2363,0.0056,0.0598
CT011848,Zone_07,Zone_07,0.3246,0.0377,0.108,0.0736,0.1143,0.0365,0.0676,0.3246,0.1333,0.0411,0.0632
CT019009,Zone_02,Zone_08,0.2481,0.092,0.1102,0.0681,0.1157,0.0368,0.0465,0.1823,0.2481,0.0144,0.0861
CT006471,Zone_08,Zone_07,0.3091,0.0598,0.0491,0.0923,0.1567,0.0226,0.0289,0.3091,0.2427,0.007,0.032
CT012538,Zone_07,Zone_08,0.2619,0.052,0.1074,0.0532,0.1392,0.0235,0.0387,0.2325,0.2619,0.0061,0.0856
CT001095,Zone_07,Zone_07,0.2229,0.0625,0.0582,0.1108,0.1236,0.0599,0.0424,0.2229,0.2093,0.0497,0.0606
CT002974,Zone_10,Zone_07,0.2897,0.0477,0.096,0.0897,0.1152,0.0435,0.0495,0.2897,0.1989,0.0083,0.0614
CT001590,Zone_03,Zone_07,0.275,0.0445,0.0808,0.0813,0.1147,0.0223,0.0333,0.275,0.2239,0.0094,0.1147
CT017901,Zone_08,Zone_07,0.2837,0.0574,0.0733,0.1835,0.1109,0.0343,0.0282,0.2837,0.1817,0.0065,0.0405
CT015138,Zone_04,Zone_07,0.235,0.0786,0.0807,0.0899,0.1179,0.0676,0.0401,0.235,0.2202,0.0116,0.0586
CT001579,Zone_09,Zone_08,0.2569,0.0682,0.0761,0.0876,0.1176,0.0348,0.0525,0.2399,0.2569,0.0088,0.0575
CT012299,Zone_01,Zone_07,0.2618,0.0617,0.0719,0.0778,0.1588,0.0343,0.0457,0.2618,0.2225,0.0134,0.0521
CT018126,Zone_07,Zone_07,0.3042,0.108,0.0698,0.0708,0.1338,0.0418,0.0308,0.3042,0.1563,0.0061,0.0784
CT004586,Zone_07,Zone_07,0.3848,0.0274,0.0781,0.0832,0.1019,0.0225,0.0307,0.3848,0.2164,0.0069,0.048
CT012399,Zone_03,Zone_07,0.3566,0.053,0.055,0.0744,0.1118,0.0261,0.0536,0.3566,0.2095,0.0055,0.0545
CT017733,Zone_07,Zone_07,0.2663,0.0383,0.1289,0.1425,0.0977,0.0421,0.0412,0.2663,0.1986,0.021,0.0234
CT003950,Zone_04,Zone_07,0.3272,0.0693,0.0661,0.0721,0.1516,0.0237,0.0558,0.3272,0.1484,0.0094,0.0764
CT002028,Zone_05,Zone_07,0.3162,0.0508,0.1073,0.0837,0.1662,0.0508,0.032,0.3162,0.1284,0.0245,0.0402
CT008844,Zone_07,Zone_07,0.342,0.0466,0.0508,0.0734,0.1609,0.0476,0.0486,0.342,0.1668,0.006,0.0574
CT011440,Zone_07,Zone_07,0.3157,0.0637,0.0427,0.0805,0.1441,0.0292,0.0337,0.3157,0.2434,0.0064,0.0405
CT018586,Zone_04,Zone_08,0.308,0.0737,0.067,0.1127,0.1083,0.0282,0.0285,0.1999,0.308,0.0139,0.0598
CT017908,Zone_07,Zone_07,0.3552,0.0552,0.0349,0.1252,0.1427,0.0186,0.0447,0.3552,0.177,0.0134,0.0332
CT003604,Zone_01,Zone_07,0.2642,0.0754,0.0734,0.0864,0.1243,0.0335,0.0417,0.2642,0.2066,0.0085,0.086
CT003625,Zone_07,Zone_07,0.2696,0.0771,0.1117,0.1312,0.1359,0.0465,0.0187,0.2696,0.1316,0.0077,0.07
CT010584,Zone_08,Zone_08,0.2555,0.0617,0.094,0.0987,0.1034,0.0771,0.0377,0.2014,0.2555,0.0052,0.0654
CT006932,Zone_08,Zone_07,0.2478,0.0436,0.0803,0.0867,0.158,0.047,0.0431,0.2478,0.232,0.0086,0.0528
CT013662,Zone_07,Zone_07,0.257,0.0877,0.0553,0.0742,0.1231,0.0399,0.061,0.257,0.2229,0.0139,0.065
CT006098,Zone_07,Zone_07,0.253,0.0844,0.1137,0.1079,0.0963,0.0339,0.0273,0.253,0.2368,0.0117,0.035
CT014681,Zone_07,Zone_08,0.2707,0.0588,0.0696,0.0984,0.1,0.0385,0.0354,0.221,0.2707,0.009,0.0985
CT018190,Zone_07,Zone_07,0.3093,0.0637,0.039,0.0982,0.143,0.025,0.0221,0.3093,0.2521,0.0049,0.0425
CT005035,Zone_08,Zone_07,0.2769,0.0531,0.0613,0.0836,0.0924,0.0381,0.06,0.2769,0.2398,0.017,0.0778
CT019771,Zone_01,Zone_08,0.205,0.0979,0.0759,0.1273,0.1927,0.0353,0.0297,0.1784,0.205,0.0122,0.0456
CT019090,Zone_08,Zone_07,0.3047,0.0705,0.1405,0.0646,0.1452,0.0267,0.0301,0.3047,0.1642,0.0045,0.0491
CT005830,Zone_07,Zone_08,0.2628,0.0642,0.0748,0.0736,0.1296,0.0348,0.026,0.2479,0.2628,0.0272,0.0592
CT011389,Zone_03,Zone_07,0.3064,0.0772,0.1062,0.0868,0.1175,0.0122,0.0389,0.3064,0.1827,0.0127,0.0593
CT000583,Zone_03,Zone_08,0.2594,0.0395,0.062,0.1479,0.1418,0.0311,0.0411,0.2122,0.2594,0.0083,0.0567
CT007102,Zone_04,Zone_08,0.2644,0.0584,0.0688,0.0922,0.1434,0.041,0.0388,0.2121,0.2644,0.0104,0.0706
CT000875,Zone_08,Zone_07,0.297,0.0486,0.0685,0.1593,0.0884,0.027,0.034,0.297,0.227,0.0088,0.0414
CT017825,Zone_07,Zone_08,0.2088,0.1233,0.0787,0.0716,0.1427,0.035,0.0852,0.2019,0.2088,0.0103,0.0425
CT011193,Zone_08,Zone_07,0.2435,0.0737,0.0735,0.1638,0.1552,0.0251,0.0154,0.2435,0.1766,0.0123,0.0609
CT010125,Zone_03,Zone_07,0.2472,0.056,0.0954,0.1052,0.1527,0.0781,0.0275,0.2472,0.1935,0.0047,0.0397
CT010806,Zone_08,Zone_07,0.2385,0.0719,0.0972,0.1107,0.1077,0.0347,0.066,0.2385,0.2135,0.0107,0.0491
CT019297,Zone_04,Zone_08,0.401,0.0522,0.1017,0.0473,0.1323,0.0248,0.0268,0.1525,0.401,0.0026,0.0588
CT016466,Zone_07,Zone_07,0.2945,0.0623,0.0603,0.0779,0.1307,0.0356,0.059,0.2945,0.2077,0.007,0.065
CT019842,Zone_09,Zone_07,0.3362,0.0879,0.0846,0.0812,0.1278,0.0285,0.0405,0.3362,0.1581,0.0081,0.047
CT014109,Zone_05,Zone_07,0.2645,0.0584,0.0869,0.1644,0.1125,0.0138,0.0581,0.2645,0.205,0.0023,0.0342
CT002064,Zone_03,Zone_07,0.2499,0.0751,0.0779,0.0884,0.1174,0.0395,0.0363,0.2499,0.2435,0.008,0.064
CT001577,Zone_07,Zone_07,0.2408,0.0498,0.0932,0.0809,0.1479,0.0424,0.0438,0.2408,0.2158,0.0181,0.0673
CT010247,Zone_02,Zone_07,0.2572,0.0343,0.0661,0.1402,0.11,0.0618,0.0805,0.2572,0.1864,0.0081,0.0552
CT001395,Zone_07,Zone_08,0.2595,0.0675,0.0557,0.1015,0.1246,0.037,0.0547,0.229,0.2595,0.0067,0.0638
CT007481,Zone_07,Zone_07,0.3148,0.0469,0.0924,0.0995,0.1335,0.0449,0.0345,0.3148,0.1725,0.0059,0.0552
CT007513,Zone_02,Zone_07,0.2628,0.0597,0.0829,0.0742,0.1448,0.0439,0.0483,0.2628,0.2266,0.0075,0.0492
CT012740,Zone_07,Zone_07,0.2941,0.0445,0.0624,0.1145,0.1178,0.0386,0.0574,0.2941,0.2101,0.0156,0.045
CT007576,Zone_10,Zone_07,0.2792,0.0666,0.0724,0.1091,0.1057,0.0357,0.0401,0.2792,0.2288,0.0074,0.0551
CT013547,Zone_10,Zone_07,0.2486,0.0857,0.0685,0.0949,0.109,0.0446,0.0491,0.2486,0.2121,0.0102,0.0774
CT017510,Zone_03,Zone_08,0.2699,0.0416,0.0755,0.1159,0.1129,0.0388,0.0434,0.2251,0.2699,0.0115,0.0655
CT000396,Zone_08,Zone_07,0.2956,0.0444,0.0632,0.1064,0.1117,0.0269,0.0236,0.2956,0.2312,0.0249,0.0722
CT016624,Zone_07,Zone_07,0.3017,0.0584,0.0897,0.0798,0.1311,0.038,0.0444,0.3017,0.2021,0.014,0.0409
CT017554,Zone_08,Zone_07,0.3155,0.0501,0.0894,0.1039,0.1547,0.0295,0.0516,0.3155,0.1381,0.0164,0.0508
CT013442,Zone_03,Zone_08,0.2249,0.0653,0.0986,0.1168,0.154,0.0484,0.044,0.2025,0.2249,0.006,0.0396
CT017893,Zone_10,Zone_07,0.2998,0.0598,0.0686,0.0963,0.1161,0.0421,0.0422,0.2998,0.2008,0.0146,0.0597
CT017003,Zone_01,Zone_07,0.3939,0.0606,0.0724,0.0603,0.1186,0.0291,0.0283,0.3939,0.1724,0.0171,0.0474
CT007942,Zone_05,Zone_07,0.2975,0.0552,0.0515,0.0799,0.122,0.0282,0.0376,0.2975,0.2265,0.0149,0.0867
CT000094,Zone_05,Zone_07,0.3067,0.0601,0.0709,0.0858,0.1115,0.0275,0.0399,0.3067,0.2328,0.0109,0.0539
CT018687,Zone_03,Zone_07,0.304,0.0574,0.0709,0.0892,0.1255,0.0454,0.0379,0.304,0.1993,0.0089,0.0616
CT009004,Zone_02,Zone_07,0.2845,0.0522,0.0517,0.0911,0.113,0.0243,0.0707,0.2845,0.224,0.0107,0.0778
CT015361,Zone_07,Zone_08,0.246,0.0579,0.1054,0.0916,0.1174,0.0464,0.0394,0.2458,0.246,0.0062,0.044
CT002367,Zone_04,Zone_07,0.271,0.0496,0.1272,0.0951,0.1411,0.0287,0.0281,0.271,0.1968,0.006,0.0566
CT019100,Zone_04,Zone_07,0.2912,0.086,0.0627,0.1019,0.1145,0.0178,0.0359,0.2912,0.2225,0.0115,0.0559
CT013555,Zone_06,Zone_07,0.2597,0.095,0.0518,0.0957,0.1305,0.0671,0.0281,0.2597,0.2203,0.0184,0.0334
CT003269,Zone_10,Zone_07,0.3285,0.0473,0.06,0.0827,0.1461,0.0229,0.0474,0.3285,0.2034,0.0057,0.0561
CT010548,Zone_05,Zone_08,0.2701,0.0431,0.0825,0.0973,0.1,0.0334,0.0348,0.2658,0.2701,0.0153,0.0576
CT003165,Zone_08,Zone_07,0.3026,0.0746,0.0794,0.0873,0.1267,0.0278,0.0371,0.3026,0.1962,0.0109,0.0575
CT019387,Zone_08,Zone_07,0.2956,0.0545,0.0661,0.0738,0.1961,0.0242,0.0534,0.2956,0.1672,0.0032,0.0658
CT010045,Zone_04,Zone_07,0.2576,0.0654,0.0712,0.0838,0.1164,0.0506,0.0407,0.2576,0.2546,0.0111,0.0486
CT010741,Zone_10,Zone_07,0.2768,0.0597,0.0678,0.0888,0.1207,0.0361,0.0419,0.2768,0.245,0.0081,0.0552
CT013186,Zone_04,Zone_08,0.2325,0.0855,0.0959,0.0835,0.146,0.0398,0.0337,0.2272,0.2325,0.0131,0.0427
CT004217,Zone_08,Zone_08,0.2456,0.0613,0.0796,0.0692,0.1502,0.0378,0.056,0.2266,0.2456,0.0261,0.0475
CT010096,Zone_07,Zone_07,0.2599,0.0489,0.0738,0.1464,0.1291,0.0403,0.0807,0.2599,0.1783,0.0029,0.0397
CT008923,Zone_02,Zone_07,0.2674,0.0578,0.071,0.0967,0.1364,0.0311,0.0443,0.2674,0.2307,0.0111,0.0535
CT005858,Zone_07,Zone_08,0.2713,0.0776,0.082,0.0764,0.1341,0.0498,0.0393,0.1948,0.2713,0.0114,0.0632
CT005454,Zone_01,Zone_07,0.3503,0.0322,0.1159,0.0752,0.1187,0.0231,0.0476,0.3503,0.1853,0.0073,0.0445
CT003412,Zone_03,Zone_07,0.2868,0.0501,0.0828,0.0921,0.1165,0.0292,0.0371,0.2868,0.2577,0.0082,0.0396
CT012001,Zone_07,Zone_07,0.2579,0.0441,0.077,0.0731,0.1244,0.0331,0.0727,0.2579,0.2383,0.0173,0.062
CT008540,Zone_04,Zone_07,0.2599,0.0676,0.056,0.118,0.1599,0.0353,0.0442,0.2599,0.1968,0.0174,0.0449
CT006682,Zone_07,Zone_08,0.2993,0.0814,0.0642,0.0626,0.0793,0.0401,0.0504,0.2816,0.2993,0.0053,0.0359
CT001174,Zone_07,Zone_07,0.3959,0.0889,0.0593,0.0771,0.1267,0.0232,0.0264,0.3959,0.1672,0.0121,0.0231
CT003855,Zone_08,Zone_07,0.24,0.0531,0.0881,0.1232,0.1023,0.0506,0.0588,0.24,0.2023,0.0151,0.0664
CT015098,Zone_07,Zone_07,0.2475,0.0741,0.0483,0.0795,0.1786,0.0422,0.0538,0.2475,0.2176,0.0048,0.0535
CT005385,Zone_04,Zone_07,0.285,0.0643,0.0811,0.064,0.0987,0.0256,0.0505,0.285,0.2757,0.0046,0.0506
CT000577,Zone_06,Zone_07,0.2838,0.0569,0.0702,0.1195,0.1408,0.0399,0.0321,0.2838,0.1989,0.006,0.0519
CT016294,Zone_08,Zone_07,0.3127,0.0618,0.0703,0.0857,0.1197,0.0507,0.0343,0.3127,0.2044,0.0112,0.0493
CT001087,Zone_07,Zone_08,0.2891,0.0647,0.0796,0.1033,0.1084,0.0327,0.0368,0.2227,0.2891,0.0081,0.0545
CT012219,Zone_10,Zone_07,0.2237,0.0606,0.0738,0.0899,0.1976,0.0738,0.0342,0.2237,0.1744,0.0424,0.0298
CT008200,Zone_01,Zone_07,0.3013,0.0577,0.0799,0.1044,0.105,0.0334,0.0397,0.3013,0.1985,0.0072,0.0728
CT002294,Zone_04,Zone_07,0.3265,0.0823,0.0918,0.0758,0.1096,0.0497,0.0454,0.3265,0.1471,0.0061,0.0657
CT015960,Zone_03,Zone_04,0.2126,0.0776,0.0724,0.0461,0.2126,0.046,0.0653,0.1825,0.1881,0.0235,0.086
CT005302,Zone_08,Zone_07,0.2969,0.0797,0.1054,0.0855,0.0916,0.0428,0.0309,0.2969,0.2076,0.0099,0.0498
CT001611,Zone_04,Zone_07,0.2579,0.0603,0.0704,0.0919,0.1194,0.0344,0.0524,0.2579,0.2465,0.0094,0.0573
CT019579,Zone_02,Zone_07,0.2731,0.0692,0.0608,0.1115,0.1066,0.0301,0.039,0.2731,0.2423,0.0131,0.0543
CT015053,Zone_07,Zone_08,0.2511,0.0752,0.0615,0.0892,0.1248,0.0434,0.0723,0.2196,0.2511,0.0156,0.0473
CT019384,Zone_07,Zone_07,0.2455,0.0897,0.0871,0.0915,0.1475,0.0272,0.0549,0.2455,0.1927,0.011,0.0529
CT008977,Zone_02,Zone_07,0.271,0.0732,0.0486,0.1433,0.0837,0.0263,0.0538,0.271,0.2188,0.0223,0.059
CT010529,Zone_03,Zone_08,0.2484,0.0589,0.0546,0.1103,0.1723,0.0574,0.0335,0.1874,0.2484,0.0102,0.067
CT000527,Zone_10,Zone_07,0.2796,0.0746,0.063,0.0953,0.1843,0.0339,0.0344,0.2796,0.1725,0.0043,0.0581
CT019465,Zone_03,Zone_07,0.2364,0.0866,0.0634,0.1073,0.112,0.0516,0.0608,0.2364,0.1714,0.017,0.0934
CT009630,Zone_07,Zone_07,0.3362,0.0541,0.0567,0.1569,0.1019,0.0586,0.0308,0.3362,0.1447,0.0053,0.0549
CT018067,Zone_01,Zone_07,0.2555,0.0521,0.0886,0.1267,0.0974,0.0664,0.0668,0.2555,0.1975,0.0055,0.0434
CT003991,Zone_10,Zone_07,0.2336,0.0792,0.0838,0.063,0.1021,0.0322,0.0602,0.2336,0.2282,0.0078,0.1099
CT005255,Zone_07,Zone_08,0.2757,0.072,0.0593,0.1052,0.0925,0.0347,0.0385,0.2588,0.2757,0.0087,0.0546
CT010851,Zone_08,Zone_07,0.3095,0.0603,0.075,0.1103,0.12,0.0445,0.0447,0.3095,0.1862,0.0073,0.0422
CT014247,Zone_08,Zone_07,0.2542,0.0598,0.0931,0.0791,0.1315,0.0349,0.053,0.2542,0.208,0.0171,0.0693
CT010021,Zone_03,Zone_08,0.2969,0.0559,0.0842,0.0854,0.0915,0.0332,0.0317,0.2283,0.2969,0.0157,0.0771
CT019480,Zone_08,Zone_07,0.241,0.0527,0.0693,0.0914,0.1591,0.0355,0.0426,0.241,0.2395,0.0103,0.0586
CT017316,Zone_06,Zone_08,0.2579,0.1006,0.0798,0.082,0.1297,0.0412,0.025,0.2215,0.2579,0.0102,0.0519
CT012112,Zone_08,Zone_07,0.3202,0.0366,0.0773,0.0676,0.1312,0.0234,0.0633,0.3202,0.2058,0.0322,0.0424
CT007288,Zone_03,Zone_08,0.2609,0.0992,0.085,0.0895,0.1221,0.038,0.0384,0.1977,0.2609,0.0071,0.0621
CT006819,Zone_03,Zone_07,0.3179,0.0596,0.0542,0.085,0.123,0.0321,0.0465,0.3179,0.2185,0.0066,0.0567
CT008536,Zone_04,Zone_07,0.3135,0.0525,0.0506,0.0839,0.1358,0.0356,0.0329,0.3135,0.223,0.021,0.0515
CT011638,Zone_08,Zone_07,0.3175,0.0619,0.0537,0.1,0.131,0.0387,0.0698,0.3175,0.1815,0.0071,0.0388
CT008320,Zone_08,Zone_07,0.3125,0.0528,0.0836,0.0803,0.1241,0.0352,0.0407,0.3125,0.2028,0.0128,0.0551
CT016521,Zone_07,Zone_07,0.2536,0.0577,0.0705,0.1223,0.1775,0.0397,0.068,0.2536,0.1675,0.0085,0.0347
CT012022,Zone_08,Zone_07,0.2636,0.0565,0.0856,0.1111,0.1051,0.0255,0.0623,0.2636,0.2289,0.0111,0.0502
CT011656,Zone_08,Zone_07,0.2251,0.1017,0.1105,0.1074,0.1148,0.0568,0.0409,0.2251,0.1849,0.0048,0.053
CT005009,Zone_07,Zone_07,0.2013,0.0529,0.1136,0.1125,0.1951,0.0323,0.0543,0.2013,0.1901,0.0063,0.0416
CT005692,Zone_03,Zone_07,0.3178,0.0402,0.0669,0.0867,0.1185,0.0472,0.0412,0.3178,0.2017,0.0095,0.0702
CT016321,Zone_07,Zone_07,0.3055,0.0628,0.0874,0.1084,0.1341,0.0374,0.0315,0.3055,0.1711,0.0068,0.0551
CT016092,Zone_10,Zone_07,0.2394,0.0544,0.07,0.0951,0.1293,0.0451,0.0466,0.2394,0.2163,0.0097,0.0941
CT016100,Zone_10,Zone_07,0.3123,0.0861,0.1227,0.0773,0.1146,0.0369,0.0182,0.3123,0.1996,0.0065,0.0259
CT007333,Zone_05,Zone_07,0.2504,0.0792,0.0697,0.0965,0.0992,0.0472,0.0587,0.2504,0.1969,0.0158,0.0863
CT011495,Zone_08,Zone_07,0.2489,0.063,0.0661,0.0909,0.1068,0.0524,0.0703,0.2489,0.2473,0.013,0.0414
CT017664,Zone_08,Zone_08,0.2835,0.0496,0.0611,0.0817,0.1636,0.0536,0.0449,0.2183,0.2835,0.0041,0.0396
CT005067,Zone_08,Zone_07,0.2913,0.0587,0.1084,0.1005,0.1095,0.0388,0.0245,0.2913,0.1714,0.0237,0.0731
CT010959,Zone_08,Zone_07,0.3316,0.0546,0.1003,0.0846,0.0785,0.0253,0.0556,0.3316,0.203,0.014,0.0526
CT016622,Zone_08,Zone_08,0.2843,0.0583,0.0752,0.0897,0.1228,0.0407,0.0434,0.2214,0.2843,0.0058,0.0584
CT018365,Zone_03,Zone_07,0.23,0.0479,0.1235,0.185,0.1701,0.021,0.0291,0.23,0.1315,0.0034,0.0584
CT006798,Zone_01,Zone_07,0.2724,0.0763,0.0982,0.0852,0.1302,0.0272,0.0375,0.2724,0.2232,0.0093,0.0405
CT017715,Zone_08,Zone_07,0.2665,0.0619,0.1876,0.0761,0.191,0.0262,0.033,0.2665,0.1097,0.007,0.0411
CT017870,Zone_07,Zone_07,0.3227,0.0519,0.0548,0.0893,0.1116,0.0297,0.0333,0.3227,0.2332,0.0267,0.0466
CT008409,Zone_07,Zone_08,0.2694,0.041,0.1017,0.1337,0.1052,0.0145,0.0594,0.2139,0.2694,0.005,0.0563
CT002645,Zone_04,Zone_07,0.2699,0.0715,0.0538,0.141,0.1255,0.0519,0.0196,0.2699,0.2101,0.002,0.0548
CT004058,Zone_10,Zone_07,0.2811,0.0476,0.0738,0.0799,0.1406,0.0235,0.036,0.2811,0.2541,0.0098,0.0535
CT002287,Zone_07,Zone_07,0.2777,0.0644,0.0958,0.0797,0.1655,0.044,0.0264,0.2777,0.1923,0.0052,0.049
CT012259,Zone_04,Zone_07,0.3138,0.0378,0.0918,0.0566,0.118,0.0406,0.0188,0.3138,0.231,0.009,0.0826
CT013041,Zone_10,Zone_07,0.395,0.0551,0.082,0.0666,0.1467,0.0436,0.0324,0.395,0.1078,0.0042,0.0666
CT014608,Zone_07,Zone_07,0.2284,0.0525,0.1279,0.0932,0.1692,0.024,0.023,0.2284,0.2005,0.005,0.0762
CT014294,Zone_06,Zone_07,0.316,0.0751,0.0656,0.0662,0.1228,0.0448,0.0621,0.316,0.193,0.0085,0.0458
CT000124,Zone_08,Zone_07,0.2809,0.0581,0.0852,0.0935,0.1194,0.0315,0.0566,0.2809,0.203,0.0084,0.0634
CT008561,Zone_04,Zone_07,0.2803,0.0768,0.0849,0.0966,0.117,0.0358,0.0373,0.2803,0.2059,0.013,0.0525
CT002452,Zone_07,Zone_07,0.2727,0.0695,0.0673,0.1001,0.1343,0.0297,0.056,0.2727,0.1987,0.0093,0.0623
CT017129,Zone_05,Zone_07,0.283,0.0625,0.105,0.0829,0.1216,0.0297,0.0485,0.283,0.2185,0.0172,0.0311
CT015593,Zone_07,Zone_07,0.2758,0.083,0.075,0.1081,0.1312,0.0333,0.0478,0.2758,0.1948,0.0065,0.0445
CT011719,Zone_07,Zone_07,0.235,0.0456,0.0583,0.0675,0.2262,0.0429,0.0281,0.235,0.2136,0.0099,0.0729
CT003281,Zone_08,Zone_07,0.2822,0.0771,0.0832,0.0759,0.1079,0.0267,0.0323,0.2822,0.2172,0.0128,0.0847
CT011140,Zone_01,Zone_07,0.2552,0.0371,0.1298,0.0914,0.1367,0.0487,0.041,0.2552,0.2063,0.0057,0.0481
CT003108,Zone_07,Zone_07,0.3011,0.0506,0.0838,0.0857,0.1701,0.0285,0.0303,0.3011,0.176,0.0052,0.0687
CT012911,Zone_08,Zone_07,0.295,0.1102,0.0699,0.0939,0.1008,0.0297,0.0395,0.295,0.1998,0.0111,0.05
CT013093,Zone_08,Zone_07,0.2745,0.049,0.0707,0.0852,0.1356,0.0365,0.0492,0.2745,0.2434,0.0127,0.0433
CT004843,Zone_04,Zone_07,0.2448,0.0648,0.1194,0.1114,0.1156,0.0284,0.0356,0.2448,0.2359,0.0083,0.0358
CT007506,Zone_07,Zone_07,0.3253,0.0605,0.0574,0.098,0.115,0.0246,0.0303,0.3253,0.2194,0.0055,0.0639
CT007663,Zone_08,Zone_07,0.3394,0.042,0.0556,0.1053,0.1493,0.0279,0.0429,0.3394,0.1793,0.0104,0.0478
CT010076,Zone_07,Zone_07,0.2664,0.0622,0.0473,0.0713,0.0705,0.1133,0.0464,0.2664,0.2333,0.0069,0.0824
CT002310,Zone_06,Zone_08,0.3188,0.059,0.1209,0.0466,0.1173,0.0217,0.0328,0.233,0.3188,0.0113,0.0386
CT000290,Zone_03,Zone_07,0.3322,0.0519,0.0798,0.0883,0.113,0.025,0.03,0.3322,0.202,0.0099,0.0678
CT017524,Zone_08,Zone_08,0.3248,0.0498,0.0396,0.0868,0.0922,0.0363,0.0248,0.283,0.3248,0.0232,0.0396
CT016594,Zone_01,Zone_08,0.2396,0.0936,0.0829,0.0968,0.1237,0.0272,0.0415,0.2168,0.2396,0.0073,0.0704
CT019137,Zone_06,Zone_07,0.292,0.0401,0.1541,0.0786,0.1,0.0329,0.055,0.292,0.1607,0.0094,0.0772
CT000461,Zone_07,Zone_07,0.2568,0.0311,0.1075,0.0601,0.1272,0.0205,0.0928,0.2568,0.2361,0.0042,0.0637
CT003354,Zone_04,Zone_07,0.2743,0.0616,0.0744,0.105,0.1149,0.0258,0.0396,0.2743,0.2502,0.0098,0.0444
CT006110,Zone_08,Zone_07,0.2476,0.0939,0.0648,0.1062,0.1241,0.0419,0.0311,0.2476,0.2142,0.0086,0.0674
CT005801,Zone_08,Zone_07,0.2818,0.0511,0.075,0.1371,0.1378,0.0366,0.0308,0.2818,0.2091,0.0128,0.028
CT002468,Zone_08,Zone_07,0.2566,0.0379,0.1094,0.0972,0.1329,0.0524,0.07,0.2566,0.1684,0.0071,0.0681
CT012560,Zone_04,Zone_07,0.2741,0.0632,0.1058,0.0855,0.1079,0.0134,0.0336,0.2741,0.2304,0.0111,0.075
CT007627,Zone_10,Zone_07,0.2646,0.0669,0.0879,0.0861,0.1347,0.0394,0.0431,0.2646,0.2017,0.0186,0.0569
CT007215,Zone_07,Zone_07,0.3419,0.039,0.0742,0.0787,0.1046,0.0284,0.0243,0.3419,0.2206,0.0086,0.0799
CT010934,Zone_07,Zone_07,0.4081,0.07,0.0814,0.082,0.1246,0.0236,0.017,0.4081,0.1182,0.007,0.068
CT006805,Zone_07,Zone_07,0.338,0.0554,0.0488,0.0648,0.1266,0.0401,0.0765,0.338,0.1694,0.0062,0.0743
CT002446,Zone_07,Zone_08,0.2666,0.0526,0.0872,0.0368,0.1949,0.0189,0.0225,0.2557,0.2666,0.0066,0.0582
CT017097,Zone_04,Zone_07,0.2266,0.0611,0.0738,0.0921,0.15,0.0579,0.0801,0.2266,0.1911,0.011,0.0564
CT003284,Zone_03,Zone_08,0.3366,0.0494,0.0973,0.1038,0.1258,0.0236,0.04,0.1461,0.3366,0.0041,0.0733
CT003597,Zone_07,Zone_07,0.2597,0.0645,0.0706,0.0816,0.1233,0.0411,0.0338,0.2597,0.2556,0.0159,0.0538
CT013248,Zone_01,Zone_07,0.2859,0.1425,0.0609,0.0913,0.0984,0.0295,0.0257,0.2859,0.1644,0.0064,0.0951
CT010422,Zone_01,Zone_07,0.3055,0.0511,0.065,0.1598,0.1499,0.0755,0.0319,0.3055,0.1066,0.0058,0.0489
CT019672,Zone_04,Zone_07,0.3287,0.0621,0.0808,0.107,0.0691,0.0275,0.0519,0.3287,0.1667,0.0332,0.0729
CT004629,Zone_01,Zone_07,0.3083,0.0537,0.0812,0.0789,0.0924,0.0234,0.033,0.3083,0.2415,0.0093,0.0783
CT007279,Zone_08,Zone_07,0.3037,0.0565,0.0683,0.0719,0.1285,0.0686,0.0478,0.3037,0.1924,0.0097,0.0526
CT001454,Zone_10,Zone_07,0.3097,0.0552,0.0627,0.0866,0.1362,0.0259,0.0311,0.3097,0.2314,0.0047,0.0565
CT006403,Zone_02,Zone_07,0.3853,0.0453,0.0852,0.0923,0.1445,0.0224,0.0351,0.3853,0.1508,0.0075,0.0317
CT002875,Zone_03,Zone_08,0.2795,0.0453,0.0775,0.1041,0.2198,0.0289,0.0147,0.1996,0.2795,0.0102,0.0205
CT008156,Zone_10,Zone_07,0.3622,0.0444,0.0507,0.0815,0.1142,0.0235,0.0314,0.3622,0.2005,0.0078,0.0837
CT013158,Zone_08,Zone_07,0.2521,0.0631,0.0714,0.1057,0.1238,0.0497,0.0436,0.2521,0.225,0.0115,0.0541
CT017624,Zone_07,Zone_07,0.2872,0.0611,0.0551,0.0908,0.1256,0.0329,0.035,0.2872,0.2445,0.0085,0.0593
CT002624,Zone_10,Zone_07,0.3397,0.0647,0.0664,0.0931,0.1278,0.0295,0.0262,0.3397,0.1805,0.0083,0.0639
CT007658,Zone_07,Zone_07,0.3295,0.0576,0.0638,0.1061,0.1335,0.0406,0.0598,0.3295,0.1544,0.0079,0.0468
CT012428,Zone_07,Zone_07,0.2859,0.0388,0.1139,0.0771,0.1157,0.0425,0.0632,0.2859,0.1947,0.0171,0.0513
CT001675,Zone_07,Zone_07,0.3099,0.0511,0.1408,0.1041,0.1236,0.025,0.0388,0.3099,0.1534,0.0109,0.0424
CT016115,Zone_02,Zone_07,0.2444,0.1014,0.0631,0.0907,0.1216,0.0342,0.0392,0.2444,0.2407,0.0107,0.054
CT002901,Zone_05,Zone_07,0.2689,0.0419,0.0608,0.1255,0.118,0.0245,0.0394,0.2689,0.2559,0.0064,0.0588
CT016228,Zone_06,Zone_08,0.4012,0.0572,0.0885,0.0593,0.1185,0.0181,0.0142,0.2097,0.4012,0.0055,0.0277
CT015753,Zone_08,Zone_07,0.3263,0.0577,0.0468,0.1012,0.1186,0.0271,0.0481,0.3263,0.1595,0.0198,0.0948
CT017066,Zone_04,Zone_07,0.2279,0.0627,0.0741,0.0943,0.1568,0.034,0.0573,0.2279,0.2054,0.0099,0.0775
CT005413,Zone_04,Zone_07,0.279,0.045,0.0671,0.0821,0.1193,0.0305,0.0583,0.279,0.2329,0.0125,0.0734
CT012654,Zone_08,Zone_08,0.2315,0.0729,0.0829,0.0663,0.1208,0.0673,0.0362,0.2284,0.2315,0.0111,0.0824
CT019923,Zone_07,Zone_07,0.3472,0.0401,0.0501,0.1198,0.1008,0.0809,0.0232,0.3472,0.1666,0.0018,0.0695
CT008531,Zone_08,Zone_07,0.2614,0.0748,0.0878,0.0803,0.1123,0.0458,0.0277,0.2614,0.2518,0.0305,0.0274
CT018627,Zone_08,Zone_07,0.3485,0.077,0.0961,0.0783,0.0919,0.0363,0.0199,0.3485,0.1874,0.0045,0.0602
CT001137,Zone_08,Zone_07,0.2586,0.077,0.068,0.1148,0.1328,0.0314,0.0341,0.2586,0.2326,0.0064,0.0442
CT012360,Zone_09,Zone_07,0.2381,0.0543,0.0886,0.1012,0.1389,0.0418,0.0516,0.2381,0.2253,0.0158,0.0444
CT015895,Zone_07,Zone_07,0.3673,0.0779,0.0816,0.0975,0.0952,0.0301,0.0471,0.3673,0.1333,0.0088,0.0611
CT015385,Zone_03,Zone_07,0.2776,0.0431,0.0608,0.0749,0.1688,0.0345,0.055,0.2776,0.2293,0.0118,0.0441
CT006825,Zone_07,Zone_07,0.3172,0.0556,0.0673,0.066,0.1696,0.0306,0.0666,0.3172,0.1423,0.0074,0.0774
CT012834,Zone_03,Zone_07,0.25,0.062,0.1076,0.0845,0.0977,0.0539,0.0359,0.25,0.2386,0.0172,0.0526
CT005773,Zone_04,Zone_07,0.3515,0.0527,0.0891,0.0651,0.1044,0.0367,0.0408,0.3515,0.1927,0.0157,0.0512
CT011125,Zone_10,Zone_08,0.2212,0.059,0.0782,0.1234,0.1285,0.034,0.0539,0.2117,0.2212,0.0196,0.0705
CT005455,Zone_10,Zone_07,0.2545,0.0778,0.0739,0.0829,0.1505,0.0498,0.0427,0.2545,0.1926,0.0131,0.0623
CT006422,Zone_07,Zone_07,0.3854,0.0557,0.0555,0.0486,0.1264,0.0272,0.0366,0.3854,0.1937,0.0059,0.0651
CT014048,Zone_10,Zone_08,0.2559,0.0666,0.0884,0.0938,0.0998,0.0423,0.035,0.2366,0.2559,0.0078,0.0737
CT000884,Zone_08,Zone_07,0.2774,0.0375,0.1126,0.0923,0.151,0.0418,0.0525,0.2774,0.1919,0.0068,0.0362
CT014184,Zone_04,Zone_07,0.2426,0.0542,0.0992,0.0793,0.0961,0.1232,0.0331,0.2426,0.2142,0.0044,0.0538
CT002846,Zone_08,Zone_08,0.1802,0.0853,0.1053,0.0826,0.1759,0.0315,0.0625,0.1605,0.1802,0.0028,0.1134
CT003891,Zone_03,Zone_07,0.3054,0.0427,0.0537,0.0824,0.1226,0.0625,0.0318,0.3054,0.2272,0.0073,0.0643
CT010433,Zone_04,Zone_07,0.2711,0.075,0.079,0.087,0.1185,0.0298,0.0412,0.2711,0.2115,0.0219,0.065
CT002415,Zone_08,Zone_07,0.339,0.05,0.0526,0.086,0.1331,0.0431,0.0772,0.339,0.1509,0.0145,0.0537
CT014233,Zone_07,Zone_08,0.2524,0.0543,0.0751,0.0866,0.1003,0.0612,0.0373,0.2404,0.2524,0.0304,0.062
CT010411,Zone_08,Zone_08,0.2671,0.0421,0.0715,0.0832,0.1293,0.0478,0.0344,0.258,0.2671,0.0051,0.0616
CT003463,Zone_02,Zone_07,0.2572,0.079,0.0843,0.0804,0.1413,0.0469,0.0301,0.2572,0.1787,0.0432,0.0591
CT007755,Zone_08,Zone_07,0.2439,0.0826,0.0946,0.0652,0.1535,0.0222,0.0504,0.2439,0.2389,0.0045,0.0441
CT006216,Zone_03,Zone_07,0.3241,0.0619,0.0559,0.0863,0.1205,0.0383,0.0481,0.3241,0.1943,0.0077,0.063
CT006046,Zone_05,Zone_07,0.2337,0.037,0.0577,0.0531,0.1775,0.0188,0.092,0.2337,0.2305,0.0206,0.079
CT003022,Zone_07,Zone_07,0.3626,0.0622,0.0645,0.0704,0.1165,0.0215,0.0521,0.3626,0.1961,0.0081,0.046
CT016846,Zone_03,Zone_07,0.279,0.0744,0.064,0.0814,0.1184,0.0505,0.0617,0.279,0.2057,0.0106,0.0543
CT008105,Zone_08,Zone_07,0.3148,0.0505,0.0685,0.1103,0.1338,0.0363,0.0354,0.3148,0.1947,0.0077,0.0481
CT001440,Zone_10,Zone_08,0.2477,0.0599,0.0749,0.1382,0.0976,0.0302,0.0377,0.2308,0.2477,0.0064,0.0767
CT011024,Zone_07,Zone_07,0.277,0.0727,0.0638,0.0876,0.1628,0.0353,0.029,0.277,0.2008,0.0155,0.0555
CT000151,Zone_07,Zone_08,0.2578,0.0329,0.1147,0.1078,0.1319,0.0286,0.0355,0.2326,0.2578,0.0083,0.0499
CT004151,Zone_04,Zone_07,0.3234,0.0518,0.0758,0.0681,0.1404,0.0404,0.0616,0.3234,0.1904,0.0054,0.0427
CT008589,Zone_08,Zone_07,0.2818,0.0783,0.0659,0.0973,0.1503,0.0493,0.0335,0.2818,0.1643,0.014,0.0652
CT011404,Zone_01,Zone_07,0.3034,0.0399,0.1116,0.1054,0.1375,0.0299,0.0375,0.3034,0.1635,0.0128,0.0582
CT010485,Zone_04,Zone_07,0.3463,0.0556,0.0644,0.0429,0.1682,0.0276,0.0507,0.3463,0.1669,0.0167,0.0607
CT008319,Zone_04,Zone_08,0.2169,0.0967,0.0784,0.0879,0.1295,0.0589,0.0392,0.2161,0.2169,0.0097,0.0668
CT000394,Zone_08,Zone_08,0.2338,0.0699,0.0933,0.1033,0.1729,0.0262,0.0272,0.2045,0.2338,0.0072,0.0616
CT016796,Zone_07,Zone_07,0.2573,0.0815,0.0534,0.0903,0.1707,0.0283,0.0452,0.2573,0.2183,0.0058,0.0491
CT003496,Zone_07,Zone_07,0.3023,0.0698,0.0761,0.06,0.1108,0.0474,0.0384,0.3023,0.2372,0.0198,0.0383
CT008055,Zone_10,Zone_07,0.2808,0.0519,0.0557,0.087,0.141,0.0516,0.0466,0.2808,0.2207,0.009,0.0557
CT004363,Zone_08,Zone_07,0.2724,0.0755,0.0642,0.0836,0.1441,0.0514,0.0302,0.2724,0.1737,0.032,0.0728
CT019218,Zone_08,Zone_07,0.32,0.0927,0.0794,0.0929,0.091,0.0309,0.0276,0.32,0.2175,0.0054,0.0426
CT009473,Zone_02,Zone_07,0.2765,0.0702,0.0851,0.0811,0.129,0.0364,0.039,0.2765,0.2209,0.0081,0.0537
CT004463,Zone_04,Zone_07,0.2393,0.0718,0.0719,0.1364,0.1308,0.0397,0.0402,0.2393,0.1896,0.0096,0.0707
CT006603,Zone_04,Zone_08,0.2686,0.0501,0.0727,0.1075,0.1652,0.0389,0.0339,0.2119,0.2686,0.0067,0.0446
CT016536,Zone_03,Zone_07,0.2475,0.0499,0.079,0.1128,0.1208,0.0268,0.036,0.2475,0.2398,0.0132,0.0742
CT019858,Zone_07,Zone_08,0.2331,0.0654,0.062,0.1223,0.1401,0.0619,0.0483,0.2048,0.2331,0.0119,0.0504
CT010227,Zone_08,Zone_07,0.3387,0.0417,0.0587,0.0721,0.1106,0.0295,0.0287,0.3387,0.2382,0.017,0.0649
CT000184,Zone_04,Zone_07,0.3429,0.0466,0.0905,0.1264,0.1166,0.0234,0.0417,0.3429,0.1669,0.0091,0.0359
CT009404,Zone_08,Zone_08,0.3249,0.0803,0.0646,0.0576,0.141,0.0349,0.0265,0.2282,0.3249,0.0019,0.0401
CT019618,Zone_08,Zone_07,0.3493,0.0573,0.0834,0.0988,0.1358,0.0264,0.0306,0.3493,0.1535,0.0062,0.0589
CT017174,Zone_04,Zone_07,0.2666,0.0755,0.0533,0.0884,0.1448,0.0444,0.0449,0.2666,0.2031,0.0336,0.0454
CT016307,Zone_08,Zone_08,0.2788,0.0637,0.084,0.069,0.069,0.042,0.0505,0.2756,0.2788,0.0051,0.0624
CT014896,Zone_07,Zone_07,0.2648,0.0646,0.0725,0.0564,0.1704,0.0355,0.0279,0.2648,0.2536,0.0115,0.0428
CT011865,Zone_05,Zone_07,0.2592,0.057,0.0741,0.0872,0.1163,0.0362,0.0544,0.2592,0.2454,0.0131,0.057
CT005090,Zone_04,Zone_07,0.2717,0.0517,0.0782,0.0779,0.1296,0.0431,0.0437,0.2717,0.2205,0.0191,0.0645
CT014250,Zone_08,Zone_07,0.2701,0.0582,0.082,0.0882,0.1537,0.0386,0.0419,0.2701,0.1935,0.0089,0.0648
CT016631,Zone_02,Zone_07,0.2672,0.0456,0.0853,0.0927,0.1184,0.0998,0.0336,0.2672,0.1611,0.0059,0.0903
CT004831,Zone_07,Zone_07,0.2646,0.0763,0.0868,0.0815,0.1355,0.0452,0.0391,0.2646,0.195,0.0126,0.0634
CT016273,Zone_02,Zone_08,0.2818,0.0372,0.0791,0.0531,0.1102,0.0525,0.0445,0.2719,0.2818,0.0156,0.0541
CT002422,Zone_01,Zone_07,0.2051,0.0716,0.0828,0.074,0.2001,0.0359,0.0462,0.2051,0.2004,0.0267,0.0572
CT005041,Zone_04,Zone_08,0.2623,0.0683,0.0712,0.0779,0.1259,0.0436,0.0315,0.2537,0.2623,0.0118,0.0539
CT002474,Zone_08,Zone_07,0.3692,0.0622,0.0576,0.0893,0.1148,0.0268,0.0334,0.3692,0.1966,0.0066,0.0436
CT008114,Zone_07,Zone_08,0.2375,0.0921,0.0449,0.1329,0.1378,0.028,0.0258,0.2198,0.2375,0.0131,0.0682
CT006432,Zone_08,Zone_07,0.3151,0.0601,0.0935,0.0726,0.1189,0.0537,0.0599,0.3151,0.1505,0.0051,0.0705
CT019206,Zone_07,Zone_07,0.2577,0.079,0.0814,0.0789,0.1388,0.0254,0.0279,0.2577,0.2232,0.0121,0.0756
CT006137,Zone_10,Zone_07,0.3102,0.0443,0.0791,0.0874,0.1443,0.0319,0.0299,0.3102,0.153,0.0204,0.0994
CT010621,Zone_08,Zone_07,0.2608,0.064,0.0714,0.1122,0.1127,0.05,0.0465,0.2608,0.2276,0.0111,0.0438
CT006811,Zone_03,Zone_08,0.2838,0.035,0.0963,0.0855,0.1319,0.0313,0.0483,0.2286,0.2838,0.0058,0.0536
CT013866,Zone_03,Zone_07,0.2952,0.0758,0.0783,0.0867,0.137,0.0301,0.0416,0.2952,0.1872,0.0084,0.0597
CT015186,Zone_08,Zone_08,0.2594,0.0488,0.0658,0.1004,0.1564,0.0369,0.0264,0.251,0.2594,0.012,0.0429
CT002133,Zone_09,Zone_07,0.2734,0.0757,0.0563,0.0661,0.1988,0.0312,0.0403,0.2734,0.1732,0.0064,0.0787
CT016716,Zone_03,Zone_07,0.3086,0.0648,0.0579,0.1312,0.1095,0.0322,0.0355,0.3086,0.2138,0.008,0.0384
CT018985,Zone_07,Zone_07,0.285,0.0713,0.0725,0.0805,0.1277,0.0426,0.0464,0.285,0.2006,0.0137,0.0597
CT006405,Zone_01,Zone_07,0.2623,0.0577,0.0684,0.1219,0.1153,0.0297,0.0407,0.2623,0.227,0.0052,0.0718
CT002982,Zone_04,Zone_07,0.2317,0.0379,0.0713,0.1126,0.1933,0.0289,0.0415,0.2317,0.219,0.0078,0.0558
CT007580,Zone_05,Zone_07,0.3264,0.0474,0.0763,0.0577,0.1243,0.0171,0.0619,0.3264,0.2268,0.0059,0.0562
CT017087,Zone_08,Zone_07,0.2785,0.0378,0.1194,0.0596,0.125,0.0231,0.0363,0.2785,0.2353,0.0087,0.0764
CT002205,Zone_04,Zone_08,0.2903,0.0545,0.0661,0.1285,0.0793,0.0292,0.0318,0.2634,0.2903,0.0091,0.0478
CT006845,Zone_08,Zone_07,0.316,0.061,0.0621,0.1107,0.1076,0.0335,0.0406,0.316,0.1911,0.011,0.0662
CT004851,Zone_01,Zone_07,0.2505,0.065,0.08,0.1081,0.1169,0.0264,0.0357,0.2505,0.2292,0.0058,0.0824
CT019341,Zone_07,Zone_07,0.2674,0.0685,0.0817,0.0886,0.1422,0.0417,0.038,0.2674,0.2022,0.0132,0.0565
CT014483,Zone_07,Zone_08,0.2192,0.0633,0.0963,0.0954,0.1814,0.0356,0.0219,0.2114,0.2192,0.0105,0.0651
CT006606,Zone_03,Zone_08,0.2861,0.0884,0.1052,0.0855,0.0924,0.0503,0.0407,0.2024,0.2861,0.0077,0.0412
CT011155,Zone_01,Zone_07,0.2646,0.0537,0.1454,0.0773,0.1233,0.0357,0.0439,0.2646,0.2029,0.0124,0.0406
CT014926,Zone_08,Zone_07,0.254,0.058,0.0944,0.0806,0.1229,0.0353,0.0352,0.254,0.248,0.0111,0.0607
CT008162,Zone_07,Zone_07,0.2593,0.0702,0.0669,0.0744,0.1444,0.0397,0.04,0.2593,0.2335,0.0079,0.0636
CT013336,Zone_05,Zone_08,0.2465,0.0554,0.0762,0.0985,0.1254,0.037,0.0504,0.2424,0.2465,0.013,0.0553
CT019675,Zone_07,Zone_07,0.306,0.0592,0.0627,0.1018,0.1545,0.0319,0.0264,0.306,0.1886,0.0065,0.0624
CT016256,Zone_03,Zone_07,0.2806,0.035,0.1138,0.0894,0.1365,0.0273,0.0483,0.2806,0.1974,0.015,0.0567
CT012503,Zone_04,Zone_07,0.2814,0.0461,0.0962,0.1095,0.1609,0.0378,0.0212,0.2814,0.1521,0.0107,0.0841
CT002484,Zone_04,Zone_07,0.2761,0.0514,0.1226,0.113,0.0928,0.0275,0.0412,0.2761,0.1885,0.0079,0.0792
CT010521,Zone_06,Zone_08,0.3692,0.0551,0.0697,0.09,0.0773,0.0262,0.0366,0.218,0.3692,0.0106,0.0472
CT014501,Zone_03,Zone_07,0.2212,0.0927,0.0769,0.0965,0.1609,0.0469,0.0608,0.2212,0.1937,0.0081,0.0423
CT019282,Zone_08,Zone_08,0.2559,0.0513,0.0677,0.1056,0.1048,0.0396,0.0587,0.2556,0.2559,0.0076,0.0532
CT015286,Zone_03,Zone_07,0.2594,0.0696,0.0766,0.0816,0.1366,0.0373,0.0501,0.2594,0.223,0.0097,0.0563
CT005135,Zone_07,Zone_07,0.2986,0.0694,0.056,0.0884,0.1128,0.0969,0.0523,0.2986,0.1766,0.0095,0.0395
CT008332,Zone_08,Zone_07,0.2706,0.0456,0.0526,0.1107,0.1157,0.0578,0.068,0.2706,0.2233,0.0139,0.0416
CT016084,Zone_07,Zone_08,0.2995,0.0689,0.1072,0.0679,0.0838,0.0407,0.0172,0.2526,0.2995,0.0108,0.0513
CT019945,Zone_02,Zone_07,0.2626,0.041,0.0806,0.085,0.1475,0.0356,0.043,0.2626,0.2391,0.0102,0.0553
CT005966,Zone_04,Zone_07,0.3466,0.0704,0.0585,0.1319,0.1025,0.0358,0.0436,0.3466,0.1586,0.0059,0.0464
CT014695,Zone_07,Zone_07,0.2704,0.0771,0.0685,0.1075,0.1495,0.0258,0.0474,0.2704,0.1946,0.0067,0.0526
CT015238,Zone_08,Zone_08,0.2405,0.0614,0.1135,0.1227,0.115,0.0379,0.0428,0.2031,0.2405,0.0226,0.0406
CT006490,Zone_09,Zone_07,0.3024,0.0561,0.0868,0.0877,0.137,0.0321,0.0443,0.3024,0.1901,0.0169,0.0466
CT001094,Zone_04,Zone_07,0.2452,0.0718,0.0913,0.1003,0.1736,0.0608,0.0422,0.2452,0.161,0.0104,0.0433
CT017047,Zone_03,Zone_07,0.2699,0.0386,0.1114,0.0842,0.1401,0.0293,0.0367,0.2699,0.2252,0.0088,0.056
CT014949,Zone_07,Zone_07,0.2888,0.046,0.0612,0.1169,0.1114,0.0321,0.0387,0.2888,0.2332,0.0081,0.0635
CT008300,Zone_04,Zone_07,0.2602,0.0732,0.0534,0.0825,0.174,0.0335,0.0323,0.2602,0.248,0.0063,0.0367
CT017848,Zone_02,Zone_07,0.412,0.0604,0.069,0.0669,0.1026,0.0643,0.0252,0.412,0.1384,0.002,0.059
CT013843,Zone_08,Zone_07,0.3,0.0692,0.0911,0.0778,0.124,0.0374,0.0373,0.3,0.2,0.0133,0.0497
CT019594,Zone_04,Zone_07,0.2843,0.0473,0.0705,0.0972,0.1153,0.0233,0.0547,0.2843,0.2193,0.0111,0.0769
CT004645,Zone_04,Zone_07,0.2195,0.1062,0.0757,0.1058,0.1328,0.0285,0.0413,0.2195,0.2185,0.0133,0.0583
CT004287,Zone_06,Zone_07,0.3122,0.1034,0.0487,0.0724,0.1412,0.0337,0.023,0.3122,0.206,0.0076,0.0518
CT001216,Zone_07,Zone_08,0.2622,0.057,0.0843,0.0835,0.161,0.0201,0.04,0.2046,0.2622,0.0093,0.078
CT000315,Zone_05,Zone_07,0.3547,0.0675,0.0678,0.0934,0.1179,0.0245,0.0379,0.3547,0.1488,0.0062,0.0813
CT001071,Zone_07,Zone_07,0.2678,0.0604,0.0642,0.0621,0.123,0.0304,0.0454,0.2678,0.2628,0.0108,0.0731
CT006833,Zone_04,Zone_08,0.229,0.0353,0.105,0.0789,0.1316,0.0759,0.0381,0.2088,0.229,0.0097,0.0878
CT013242,Zone_04,Zone_08,0.2603,0.0508,0.0664,0.0761,0.1117,0.0363,0.0755,0.2315,0.2603,0.015,0.0764
CT006979,Zone_07,Zone_07,0.2854,0.0796,0.0699,0.071,0.1711,0.0668,0.0185,0.2854,0.1896,0.0113,0.0367
CT018661,Zone_07,Zone_08,0.2987,0.0844,0.0895,0.0815,0.1008,0.0134,0.0542,0.1993,0.2987,0.0178,0.0605
CT018386,Zone_04,Zone_07,0.2721,0.0732,0.0773,0.0963,0.1291,0.0427,0.0433,0.2721,0.2096,0.0082,0.0483
CT002370,Zone_07,Zone_07,0.3241,0.075,0.0832,0.0539,0.1025,0.0338,0.0331,0.3241,0.2119,0.0315,0.051
CT002132,Zone_07,Zone_07,0.2644,0.0501,0.0636,0.0979,0.1278,0.0652,0.0543,0.2644,0.2275,0.0056,0.0437
CT017744,Zone_07,Zone_07,0.247,0.0633,0.0606,0.1147,0.1765,0.0616,0.0316,0.247,0.163,0.0165,0.0653
CT017030,Zone_07,Zone_07,0.2175,0.036,0.1305,0.1313,0.1235,0.0481,0.0514,0.2175,0.2083,0.0092,0.0442
CT005641,Zone_05,Zone_07,0.27,0.0896,0.0548,0.0833,0.1192,0.0473,0.0281,0.27,0.2355,0.0126,0.0598
CT001310,Zone_10,Zone_08,0.261,0.0807,0.067,0.0444,0.1032,0.0615,0.0479,0.2557,0.261,0.0075,0.0712
CT001970,Zone_07,Zone_07,0.2481,0.1627,0.0623,0.1071,0.168,0.0147,0.0253,0.2481,0.1196,0.051,0.0413
CT018302,Zone_03,Zone_07,0.2346,0.071,0.0838,0.1238,0.1284,0.04,0.0344,0.2346,0.2298,0.0069,0.0474
CT007017,Zone_05,Zone_07,0.2417,0.0455,0.0885,0.0924,0.1433,0.0453,0.0312,0.2417,0.2317,0.0105,0.0698
CT009534,Zone_08,Zone_07,0.3129,0.0744,0.0808,0.0824,0.1324,0.0348,0.0365,0.3129,0.1811,0.0166,0.0482
CT007613,Zone_07,Zone_07,0.2497,0.0652,0.086,0.0845,0.1236,0.039,0.0398,0.2497,0.2365,0.0175,0.0583
CT007959,Zone_03,Zone_07,0.2671,0.0801,0.0755,0.0799,0.1197,0.0368,0.0576,0.2671,0.206,0.0106,0.0667
CT011589,Zone_03,Zone_07,0.2738,0.0693,0.0643,0.0801,0.1266,0.0368,0.0588,0.2738,0.2049,0.0115,0.074
CT013010,Zone_05,Zone_07,0.338,0.0595,0.0573,0.0783,0.1175,0.0413,0.0382,0.338,0.1819,0.0057,0.0823
CT006768,Zone_08,Zone_07,0.3034,0.0631,0.0563,0.1203,0.1328,0.0473,0.0305,0.3034,0.1778,0.0104,0.0581
CT006323,Zone_07,Zone_07,0.3336,0.0595,0.0659,0.0825,0.1203,0.03,0.0471,0.3336,0.1854,0.0081,0.0676
CT011059,Zone_10,Zone_08,0.2995,0.0611,0.0703,0.0769,0.0705,0.0307,0.0569,0.218,0.2995,0.0028,0.1132
CT015151,Zone_02,Zone_07,0.3219,0.0453,0.0816,0.1019,0.0999,0.0229,0.056,0.3219,0.2014,0.0105,0.0587
CT006959,Zone_05,Zone_07,0.3637,0.0448,0.0627,0.085,0.1237,0.0509,0.0552,0.3637,0.1653,0.0146,0.0341
CT008847,Zone_07,Zone_07,0.3516,0.0618,0.0681,0.0802,0.0997,0.0637,0.028,0.3516,0.1782,0.0191,0.0496
CT002933,Zone_08,Zone_08,0.3071,0.0456,0.0889,0.0875,0.112,0.0277,0.0276,0.2581,0.3071,0.0031,0.0423
CT017291,Zone_07,Zone_07,0.2256,0.1111,0.0568,0.1175,0.1007,0.0729,0.0295,0.2256,0.2235,0.0062,0.0563
CT017333,Zone_01,Zone_07,0.3624,0.03,0.0661,0.153,0.1894,0.0535,0.0216,0.3624,0.086,0.0097,0.0283
CT000747,Zone_04,Zone_07,0.3289,0.0677,0.0631,0.1002,0.124,0.0309,0.0453,0.3289,0.1929,0.0094,0.0375
CT018963,Zone_07,Zone_07,0.2755,0.0535,0.0802,0.1025,0.132,0.0344,0.0256,0.2755,0.233,0.0175,0.0458
CT003735,Zone_03,Zone_07,0.3512,0.0472,0.0713,0.0723,0.1175,0.0672,0.0322,0.3512,0.183,0.0084,0.0497
CT010146,Zone_06,Zone_07,0.3023,0.0592,0.0491,0.0599,0.0778,0.0287,0.0798,0.3023,0.2909,0.0054,0.0469
CT009830,Zone_07,Zone_08,0.2069,0.0549,0.1282,0.1247,0.151,0.0416,0.0397,0.1642,0.2069,0.0338,0.055
CT018668,Zone_07,Zone_07,0.3186,0.0722,0.0542,0.1026,0.101,0.0262,0.0639,0.3186,0.1914,0.0063,0.0637
CT004359,Zone_08,Zone_07,0.3167,0.0562,0.0574,0.0629,0.1972,0.0357,0.0273,0.3167,0.1716,0.0072,0.0677
CT014643,Zone_07,Zone_07,0.3166,0.088,0.119,0.0464,0.0973,0.0299,0.0307,0.3166,0.1973,0.0091,0.0657
CT016761,Zone_06,Zone_07,0.3157,0.0455,0.0584,0.0854,0.093,0.0569,0.0377,0.3157,0.2311,0.0101,0.0663
CT002095,Zone_06,Zone_08,0.2188,0.1063,0.0737,0.1218,0.0938,0.0321,0.0496,0.1995,0.2188,0.0444,0.06
CT003860,Zone_03,Zone_07,0.2267,0.0707,0.0569,0.1213,0.1484,0.0325,0.0287,0.2267,0.216,0.0239,0.0748
CT008339,Zone_08,Zone_07,0.2677,0.0612,0.081,0.091,0.0946,0.0267,0.049,0.2677,0.2671,0.0101,0.0517
CT013261,Zone_05,Zone_07,0.2606,0.0543,0.0543,0.1051,0.119,0.0257,0.0617,0.2606,0.2324,0.0058,0.0812
CT009507,Zone_07,Zone_07,0.2612,0.0947,0.0749,0.0902,0.1157,0.0453,0.037,0.2612,0.2284,0.0111,0.0416
CT003012,Zone_07,Zone_07,0.2539,0.0931,0.0663,0.098,0.0975,0.0183,0.0689,0.2539,0.2286,0.0073,0.0681
CT012141,Zone_05,Zone_07,0.2558,0.0585,0.1091,0.0876,0.1144,0.0424,0.0472,0.2558,0.2202,0.0112,0.0536
CT003130,Zone_10,Zone_07,0.2763,0.1013,0.0547,0.1018,0.0931,0.0354,0.05,0.2763,0.2271,0.0098,0.0507
CT002174,Zone_03,Zone_07,0.2327,0.0683,0.108,0.1255,0.1206,0.035,0.0368,0.2327,0.2115,0.0106,0.051
CT002034,Zone_08,Zone_07,0.2613,0.082,0.0589,0.0903,0.0778,0.0992,0.0436,0.2613,0.2425,0.0122,0.0322
CT017587,Zone_07,Zone_07,0.3262,0.0523,0.0755,0.0812,0.1145,0.0318,0.0387,0.3262,0.2055,0.0062,0.0679
CT004183,Zone_08,Zone_07,0.3045,0.0751,0.0901,0.075,0.109,0.0402,0.0421,0.3045,0.1879,0.0087,0.0673
CT015099,Zone_06,Zone_07,0.3782,0.0568,0.078,0.0894,0.1117,0.0322,0.0579,0.3782,0.1318,0.0101,0.054
CT016293,Zone_04,Zone_07,0.2926,0.1054,0.0539,0.0488,0.1048,0.0379,0.0465,0.2926,0.232,0.0094,0.0686
CT013606,Zone_08,Zone_07,0.2603,0.0739,0.0723,0.0795,0.1225,0.0316,0.0447,0.2603,0.2556,0.009,0.0507
CT005730,Zone_04,Zone_07,0.3674,0.0352,0.0817,0.0708,0.1351,0.027,0.0437,0.3674,0.1794,0.0183,0.0414
CT017148,Zone_05,Zone_07,0.2333,0.0747,0.0759,0.1502,0.1089,0.0281,0.0366,0.2333,0.2021,0.0157,0.0745
CT002424,Zone_03,Zone_08,0.2647,0.0514,0.0739,0.0978,0.114,0.0394,0.0532,0.238,0.2647,0.0078,0.06
CT016190,Zone_01,Zone_07,0.2439,0.0485,0.0855,0.1124,0.1408,0.028,0.0391,0.2439,0.2148,0.0113,0.0757
CT005313,Zone_04,Zone_07,0.413,0.0457,0.1117,0.1079,0.0912,0.045,0.0265,0.413,0.1125,0.0051,0.0414
CT013882,Zone_01,Zone_07,0.2828,0.0566,0.0956,0.0709,0.1085,0.0175,0.0474,0.2828,0.278,0.0038,0.0389
CT010479,Zone_01,Zone_08,0.2658,0.0874,0.0835,0.0921,0.0851,0.0311,0.0279,0.2417,0.2658,0.0095,0.0759
CT011806,Zone_08,Zone_07,0.2852,0.0896,0.0719,0.0751,0.1531,0.0303,0.0312,0.2852,0.1918,0.0117,0.0601
CT007945,Zone_07,Zone_08,0.2719,0.0361,0.0775,0.0982,0.1427,0.0312,0.0303,0.2128,0.2719,0.0132,0.0861
CT009470,Zone_01,Zone_08,0.2465,0.0577,0.1089,0.0644,0.1343,0.0443,0.0415,0.2204,0.2465,0.0123,0.0698
CT004657,Zone_07,Zone_07,0.2215,0.1378,0.1054,0.0833,0.1593,0.0229,0.0448,0.2215,0.1856,0.01,0.0295
CT017571,Zone_08,Zone_07,0.2719,0.0648,0.086,0.0966,0.1096,0.0383,0.0603,0.2719,0.2067,0.013,0.0528
CT002395,Zone_07,Zone_08,0.2756,0.0475,0.074,0.0771,0.1266,0.0327,0.0699,0.2454,0.2756,0.0074,0.0437
CT006184,Zone_07,Zone_07,0.23,0.0926,0.0663,0.0913,0.1298,0.0398,0.0371,0.23,0.2147,0.031,0.0673
CT002260,Zone_08,Zone_08,0.2372,0.0619,0.0752,0.1187,0.1315,0.0333,0.0448,0.1896,0.2372,0.0051,0.1027
CT012544,Zone_07,Zone_07,0.2559,0.0687,0.0702,0.095,0.1664,0.0295,0.034,0.2559,0.1932,0.0245,0.0626
CT000082,Zone_08,Zone_07,0.2722,0.0526,0.1035,0.1058,0.123,0.0613,0.0286,0.2722,0.1815,0.0162,0.0554
CT008599,Zone_08,Zone_07,0.2333,0.097,0.0563,0.095,0.183,0.0395,0.0283,0.2333,0.2178,0.0117,0.0382
CT005271,Zone_10,Zone_08,0.2387,0.0873,0.0777,0.0827,0.1709,0.0364,0.0291,0.2226,0.2387,0.0115,0.0431
CT011716,Zone_07,Zone_08,0.2365,0.0454,0.0953,0.0972,0.1227,0.0272,0.0771,0.2299,0.2365,0.0141,0.0547
CT014699,Zone_08,Zone_07,0.3528,0.0561,0.0671,0.1057,0.0979,0.0223,0.0294,0.3528,0.2114,0.0119,0.0455
CT015110,Zone_07,Zone_07,0.2695,0.0579,0.0909,0.0848,0.0884,0.0305,0.0367,0.2695,0.2661,0.0087,0.0665
CT018536,Zone_02,Zone_08,0.2402,0.0565,0.056,0.1174,0.1156,0.0373,0.0784,0.2052,0.2402,0.0094,0.084
CT004364,Zone_10,Zone_07,0.2613,0.0563,0.0871,0.1026,0.1162,0.0293,0.037,0.2613,0.2269,0.016,0.0673
CT012484,Zone_07,Zone_08,0.2657,0.0513,0.0835,0.1055,0.0892,0.0512,0.0434,0.2259,0.2657,0.005,0.0792
CT003206,Zone_08,Zone_07,0.3506,0.0457,0.0462,0.1187,0.1104,0.032,0.0351,0.3506,0.1893,0.0131,0.059
CT010724,Zone_03,Zone_07,0.2603,0.109,0.0719,0.0668,0.1254,0.0304,0.0764,0.2603,0.1927,0.0141,0.0531
CT016270,Zone_07,Zone_07,0.3094,0.0719,0.1103,0.0897,0.104,0.0332,0.0272,0.3094,0.1903,0.0115,0.0524
CT009983,Zone_10,Zone_07,0.2211,0.1623,0.0733,0.0855,0.1295,0.0177,0.0317,0.2211,0.2152,0.0111,0.0526
CT006545,Zone_04,Zone_07,0.2479,0.0733,0.0949,0.1086,0.1152,0.0278,0.0406,0.2479,0.2266,0.0099,0.0552
CT013058,Zone_07,Zone_07,0.3184,0.0485,0.0823,0.1235,0.1252,0.0266,0.029,0.3184,0.1863,0.0073,0.0529
CT011391,Zone_04,Zone_07,0.214,0.0897,0.1149,0.0994,0.1363,0.0365,0.027,0.214,0.1697,0.0129,0.0997
CT016543,Zone_04,Zone_07,0.2715,0.0875,0.0599,0.1233,0.1379,0.0253,0.0247,0.2715,0.2087,0.0118,0.0494
CT014697,Zone_01,Zone_07,0.2628,0.0462,0.0801,0.089,0.113,0.0332,0.0668,0.2628,0.2273,0.005,0.0767
CT010490,Zone_08,Zone_07,0.296,0.0445,0.0721,0.1086,0.0935,0.0427,0.0686,0.296,0.2038,0.0124,0.0578
CT001830,Zone_08,Zone_07,0.2728,0.0501,0.0582,0.1823,0.1132,0.0396,0.0503,0.2728,0.1786,0.005,0.0499
CT008718,Zone_02,Zone_07,0.2725,0.0742,0.0559,0.0956,0.1536,0.0348,0.0283,0.2725,0.2044,0.0335,0.0473
CT013174,Zone_08,Zone_07,0.2878,0.0629,0.0627,0.0986,0.1317,0.0513,0.0813,0.2878,0.1785,0.0069,0.0383
CT009505,Zone_07,Zone_08,0.2729,0.0574,0.059,0.0892,0.1102,0.0263,0.0387,0.2616,0.2729,0.0119,0.0729
CT006522,Zone_08,Zone_07,0.2714,0.0542,0.0669,0.0728,0.1232,0.0317,0.046,0.2714,0.2565,0.019,0.0584
CT018660,Zone_08,Zone_07,0.2358,0.0657,0.076,0.1273,0.1734,0.0674,0.0212,0.2358,0.2065,0.0048,0.022
CT015351,Zone_03,Zone_07,0.2579,0.0667,0.079,0.0844,0.1414,0.0352,0.0428,0.2579,0.2231,0.0105,0.059
CT009048,Zone_08,Zone_08,0.2885,0.0472,0.0874,0.0594,0.1411,0.0325,0.0532,0.2281,0.2885,0.0098,0.0527
CT012780,Zone_07,Zone_07,0.2356,0.038,0.0911,0.0817,0.151,0.0343,0.0559,0.2356,0.2257,0.012,0.0746
CT019844,Zone_07,Zone_07,0.3357,0.0609,0.0492,0.0774,0.1329,0.0441,0.0429,0.3357,0.1883,0.0055,0.0631
CT012602,Zone_06,Zone_07,0.3028,0.0534,0.0785,0.0867,0.1219,0.0396,0.0313,0.3028,0.2158,0.0105,0.0595
CT004285,Zone_06,Zone_07,0.3329,0.0422,0.0564,0.1154,0.1406,0.0165,0.0791,0.3329,0.1319,0.0079,0.0771
CT002864,Zone_03,Zone_07,0.3266,0.0527,0.1009,0.0919,0.1092,0.0411,0.0308,0.3266,0.1966,0.0124,0.0378
CT007820,Zone_08,Zone_07,0.3812,0.0681,0.0491,0.0674,0.0685,0.0265,0.0263,0.3812,0.2432,0.0071,0.0626
CT015776,Zone_07,Zone_08,0.3261,0.0573,0.0572,0.1116,0.0908,0.0415,0.0553,0.1762,0.3261,0.0106,0.0735
CT019874,Zone_04,Zone_07,0.2838,0.0459,0.067,0.1074,0.136,0.0649,0.0278,0.2838,0.1878,0.0135,0.0658
CT019503,Zone_07,Zone_07,0.3018,0.0478,0.0961,0.0654,0.0869,0.033,0.0471,0.3018,0.239,0.0088,0.0741
CT005881,Zone_04,Zone_07,0.2412,0.0606,0.1255,0.0965,0.1862,0.0287,0.0396,0.2412,0.1816,0.0064,0.0338
CT013188,Zone_03,Zone_07,0.3205,0.0606,0.1007,0.0679,0.127,0.0469,0.0575,0.3205,0.1382,0.0064,0.0744
CT013895,Zone_01,Zone_07,0.2892,0.0182,0.0965,0.0748,0.1769,0.0332,0.0319,0.2892,0.2216,0.0104,0.0473
CT004274,Zone_07,Zone_07,0.3166,0.05,0.0727,0.1001,0.1344,0.0213,0.0267,0.3166,0.2267,0.011,0.0403
CT001154,Zone_03,Zone_07,0.2475,0.089,0.0512,0.0837,0.1364,0.0694,0.0462,0.2475,0.1995,0.0053,0.0719
CT011950,Zone_08,Zone_08,0.3032,0.0644,0.0752,0.0797,0.1128,0.027,0.0591,0.2239,0.3032,0.0085,0.0462
CT004532,Zone_04,Zone_07,0.2718,0.079,0.0565,0.1129,0.141,0.0431,0.0454,0.2718,0.1765,0.0146,0.0593
CT014691,Zone_06,Zone_08,0.2526,0.0544,0.0558,0.0645,0.1991,0.0352,0.0479,0.2009,0.2526,0.0034,0.0864
CT019988,Zone_07,Zone_07,0.3169,0.0562,0.0757,0.0902,0.145,0.0546,0.0497,0.3169,0.1488,0.0109,0.052
CT005142,Zone_07,Zone_07,0.2991,0.0563,0.0637,0.0917,0.1266,0.0547,0.0312,0.2991,0.1946,0.0118,0.0702
CT007514,Zone_07,Zone_07,0.3047,0.0438,0.103,0.0801,0.1223,0.0213,0.0379,0.3047,0.2095,0.0231,0.0543
CT015396,Zone_06,Zone_08,0.2511,0.0924,0.0676,0.0925,0.0996,0.0567,0.0308,0.24,0.2511,0.0096,0.0597
CT008740,Zone_07,Zone_07,0.299,0.057,0.1098,0.08,0.1419,0.0527,0.0328,0.299,0.1716,0.0064,0.0488
CT016345,Zone_07,Zone_08,0.3112,0.0558,0.0568,0.0645,0.1315,0.0373,0.0348,0.2461,0.3112,0.0133,0.0485
CT001580,Zone_07,Zone_07,0.2658,0.0526,0.0924,0.1082,0.1431,0.0285,0.0359,0.2658,0.1961,0.0137,0.0638
CT019081,Zone_08,Zone_08,0.2607,0.056,0.0698,0.0804,0.1447,0.0422,0.0725,0.1953,0.2607,0.0112,0.0672
CT002546,Zone_05,Zone_08,0.3215,0.0286,0.1173,0.074,0.1183,0.0357,0.0311,0.2309,0.3215,0.0035,0.0391
CT001046,Zone_04,Zone_07,0.2868,0.0676,0.0734,0.0822,0.1489,0.0478,0.0314,0.2868,0.199,0.0096,0.0532
CT002075,Zone_05,Zone_07,0.2954,0.0337,0.0587,0.1154,0.1505,0.0321,0.0291,0.2954,0.2238,0.0095,0.0518
CT004981,Zone_06,Zone_07,0.2565,0.0606,0.063,0.1093,0.1197,0.0398,0.0584,0.2565,0.2082,0.0128,0.0716
CT006402,Zone_01,Zone_07,0.3211,0.0541,0.1219,0.1363,0.0962,0.0303,0.0274,0.3211,0.1462,0.006,0.0605
CT013406,Zone_08,Zone_07,0.3293,0.051,0.0873,0.0695,0.0908,0.0232,0.0572,0.3293,0.2187,0.003,0.07
CT003999,Zone_04,Zone_08,0.2527,0.0569,0.07,0.0804,0.1277,0.0564,0.0464,0.234,0.2527,0.0103,0.0652
CT008178,Zone_07,Zone_08,0.3327,0.0594,0.0751,0.097,0.1026,0.0292,0.046,0.2041,0.3327,0.0088,0.0451
CT019174,Zone_04,Zone_08,0.2998,0.0659,0.0712,0.0827,0.1298,0.0505,0.0309,0.2125,0.2998,0.0189,0.0377
CT002825,Zone_10,Zone_07,0.2442,0.0577,0.0743,0.1003,0.128,0.0306,0.0659,0.2442,0.2302,0.0092,0.0596
CT013837,Zone_07,Zone_07,0.2759,0.0508,0.0876,0.087,0.1282,0.0449,0.0428,0.2759,0.2107,0.0099,0.0623
CT000646,Zone_06,Zone_07,0.3095,0.078,0.0968,0.0906,0.1136,0.0268,0.0602,0.3095,0.1478,0.0183,0.0583
CT011723,Zone_07,Zone_07,0.4227,0.0854,0.0573,0.0413,0.0896,0.0495,0.0281,0.4227,0.1619,0.0124,0.0519
CT006219,Zone_01,Zone_07,0.3264,0.0704,0.0551,0.0518,0.1387,0.0254,0.0343,0.3264,0.2149,0.0066,0.0763
CT010605,Zone_08,Zone_07,0.2937,0.0599,0.0705,0.0491,0.0988,0.0406,0.0534,0.2937,0.2761,0.0141,0.0437
CT012964,Zone_07,Zone_07,0.3218,0.0856,0.1055,0.0723,0.1054,0.0483,0.0309,0.3218,0.1679,0.006,0.0562
CT019333,Zone_07,Zone_07,0.2792,0.028,0.1161,0.0952,0.1103,0.0344,0.0498,0.2792,0.1598,0.0181,0.1093
CT002781,Zone_03,Zone_08,0.1981,0.1061,0.0669,0.1212,0.1546,0.0725,0.0344,0.1972,0.1981,0.0154,0.0335
CT005844,Zone_07,Zone_08,0.2784,0.0615,0.0653,0.0772,0.1498,0.0592,0.0498,0.1692,0.2784,0.0041,0.0856
CT016272,Zone_09,Zone_07,0.249,0.1138,0.0888,0.1125,0.1004,0.0368,0.0287,0.249,0.2069,0.0104,0.0526
CT019999,Zone_08,Zone_08,0.3062,0.0559,0.1015,0.0791,0.1161,0.0256,0.0355,0.211,0.3062,0.0086,0.0604
CT010647,Zone_08,Zone_08,0.2378,0.0613,0.076,0.0837,0.1614,0.0354,0.0206,0.1786,0.2378,0.01,0.1352
CT019947,Zone_07,Zone_07,0.2534,0.0638,0.0676,0.0583,0.171,0.0317,0.0501,0.2534,0.2434,0.0062,0.0546
CT005332,Zone_07,Zone_07,0.2797,0.0643,0.074,0.0791,0.1135,0.0512,0.029,0.2797,0.2456,0.0084,0.0551
CT003346,Zone_08,Zone_07,0.2751,0.0558,0.0687,0.1341,0.1004,0.0764,0.0615,0.2751,0.188,0.0059,0.0342
CT005609,Zone_08,Zone_07,0.3597,0.0589,0.0803,0.0757,0.1023,0.03,0.0385,0.3597,0.1984,0.0113,0.0449
CT019514,Zone_07,Zone_07,0.2836,0.084,0.0638,0.0924,0.1005,0.051,0.0282,0.2836,0.2294,0.0144,0.0527
CT013136,Zone_10,Zone_07,0.4377,0.0596,0.0574,0.0564,0.1076,0.0658,0.0238,0.4377,0.1277,0.0145,0.0494
CT018254,Zone_01,Zone_07,0.2573,0.0778,0.0881,0.0844,0.1781,0.0316,0.0393,0.2573,0.176,0.0238,0.0437
CT004521,Zone_03,Zone_07,0.2932,0.0582,0.0634,0.0866,0.1275,0.0194,0.0303,0.2932,0.2565,0.0071,0.0576
CT006517,Zone_07,Zone_07,0.281,0.0729,0.0783,0.0892,0.1296,0.0223,0.0381,0.281,0.2032,0.0056,0.0796
CT014939,Zone_07,Zone_07,0.2497,0.0645,0.1479,0.1069,0.1258,0.0145,0.0358,0.2497,0.1284,0.0112,0.1154
CT007530,Zone_01,Zone_07,0.3216,0.0444,0.0527,0.0755,0.1369,0.0304,0.0355,0.3216,0.2073,0.0359,0.0599
CT013699,Zone_04,Zone_07,0.2898,0.0757,0.08,0.0903,0.1294,0.0337,0.0374,0.2898,0.1834,0.0172,0.0631
CT015302,Zone_01,Zone_08,0.2473,0.0556,0.0677,0.1041,0.1132,0.0442,0.0354,0.2162,0.2473,0.0081,0.1081
CT001845,Zone_03,Zone_07,0.3055,0.0646,0.0885,0.0904,0.0938,0.0496,0.0304,0.3055,0.1946,0.0022,0.0804
CT016878,Zone_02,Zone_07,0.3432,0.0493,0.0773,0.0511,0.085,0.0341,0.02,0.3432,0.2829,0.0132,0.044
CT014213,Zone_03,Zone_08,0.2952,0.0685,0.068,0.138,0.1202,0.0324,0.0274,0.2055,0.2952,0.0021,0.0427
CT004956,Zone_04,Zone_07,0.2609,0.0766,0.0765,0.1009,0.1076,0.047,0.0354,0.2609,0.2172,0.0259,0.0521
CT017983,Zone_06,Zone_08,0.3038,0.0578,0.0803,0.1189,0.1267,0.0312,0.0239,0.1899,0.3038,0.0079,0.0595
CT013838,Zone_05,Zone_07,0.3114,0.0572,0.0894,0.0655,0.0981,0.028,0.0519,0.3114,0.1968,0.0341,0.0677
CT010501,Zone_05,Zone_07,0.2981,0.1169,0.0887,0.1211,0.1093,0.0155,0.0274,0.2981,0.156,0.0138,0.053
CT003157,Zone_02,Zone_07,0.2492,0.0593,0.0888,0.1407,0.1032,0.0374,0.0472,0.2492,0.2103,0.0087,0.0552
CT014817,Zone_07,Zone_07,0.2541,0.0597,0.0796,0.1064,0.1049,0.0451,0.0464,0.2541,0.2372,0.0101,0.0565
CT019780,Zone_01,Zone_08,0.2456,0.076,0.0599,0.1194,0.1146,0.041,0.046,0.2342,0.2456,0.0102,0.0531
CT002061,Zone_10,Zone_07,0.255,0.0633,0.0724,0.1103,0.1229,0.0521,0.0237,0.255,0.2409,0.0072,0.0522
CT013935,Zone_07,Zone_07,0.2402,0.0465,0.0918,0.0948,0.1528,0.0517,0.037,0.2402,0.2047,0.0077,0.0727
CT011630,Zone_07,Zone_07,0.3347,0.0484,0.0684,0.0961,0.1167,0.0207,0.0231,0.3347,0.2112,0.0097,0.0709
CT014337,Zone_08,Zone_07,0.2465,0.0516,0.0741,0.1481,0.0878,0.0244,0.0615,0.2465,0.2318,0.004,0.0702
CT005808,Zone_07,Zone_07,0.2919,0.0562,0.1085,0.1308,0.1331,0.0444,0.0248,0.2919,0.1096,0.0033,0.0975
CT008583,Zone_07,Zone_07,0.2264,0.0964,0.0657,0.0905,0.1538,0.0586,0.0414,0.2264,0.2071,0.0123,0.0479
CT001061,Zone_10,Zone_07,0.3095,0.1111,0.0474,0.0615,0.1459,0.0383,0.0391,0.3095,0.1687,0.0079,0.0707
CT007004,Zone_07,Zone_07,0.2682,0.0812,0.056,0.1022,0.1083,0.0219,0.0317,0.2682,0.2625,0.0158,0.0523
CT003264,Zone_08,Zone_07,0.3221,0.0592,0.0801,0.0885,0.1216,0.0446,0.0367,0.3221,0.176,0.0065,0.0646
CT002234,Zone_10,Zone_07,0.2528,0.077,0.0578,0.1112,0.1491,0.0655,0.0326,0.2528,0.1962,0.011,0.0468
CT013940,Zone_06,Zone_08,0.2594,0.0539,0.0672,0.0831,0.1254,0.0433,0.0378,0.2592,0.2594,0.0089,0.0617
CT001374,Zone_07,Zone_07,0.2357,0.0484,0.0651,0.0858,0.1668,0.0449,0.0455,0.2357,0.1986,0.0037,0.1055
CT016783,Zone_02,Zone_07,0.262,0.0584,0.0917,0.0927,0.1282,0.0301,0.0388,0.262,0.2067,0.0073,0.084
CT013327,Zone_06,Zone_07,0.3,0.0719,0.0758,0.1209,0.0928,0.0349,0.0325,0.3,0.209,0.0057,0.0564
CT000454,Zone_01,Zone_07,0.2927,0.0686,0.0646,0.0987,0.1054,0.0365,0.0397,0.2927,0.2214,0.0096,0.0627
CT011967,Zone_08,Zone_08,0.2216,0.0848,0.0466,0.0908,0.2015,0.0301,0.0209,0.2161,0.2216,0.0064,0.0811
CT009771,Zone_05,Zone_08,0.3273,0.0626,0.0838,0.0944,0.1369,0.0324,0.0243,0.1778,0.3273,0.0146,0.0459
CT006245,Zone_03,Zone_07,0.2569,0.0604,0.0597,0.0889,0.1306,0.0565,0.0645,0.2569,0.22,0.0223,0.0403
CT019358,Zone_02,Zone_07,0.3347,0.071,0.0536,0.0714,0.1172,0.0246,0.04,0.3347,0.2301,0.004,0.0533
CT015880,Zone_07,Zone_07,0.2655,0.0391,0.1091,0.0839,0.098,0.0515,0.0705,0.2655,0.2413,0.0074,0.0337
CT015243,Zone_03,Zone_07,0.2799,0.0773,0.0866,0.0819,0.1097,0.0355,0.0349,0.2799,0.2177,0.0092,0.0672
CT015567,Zone_07,Zone_07,0.2962,0.0779,0.0595,0.0891,0.1328,0.0284,0.0496,0.2962,0.2065,0.0137,0.0463
CT010340,Zone_08,Zone_07,0.2539,0.0789,0.0961,0.0802,0.1004,0.0453,0.0402,0.2539,0.2191,0.0192,0.0668
CT013245,Zone_04,Zone_07,0.3081,0.0547,0.0706,0.0667,0.1276,0.0286,0.0353,0.3081,0.2497,0.0132,0.0454
CT015354,Zone_07,Zone_07,0.3868,0.0663,0.1328,0.0324,0.0721,0.0186,0.0405,0.3868,0.1816,0.0124,0.0564
CT013142,Zone_02,Zone_07,0.3243,0.0534,0.069,0.1112,0.1702,0.0234,0.0194,0.3243,0.1714,0.007,0.0507
CT015735,Zone_07,Zone_07,0.2822,0.0447,0.0678,0.1088,0.1019,0.0332,0.0284,0.2822,0.281,0.0091,0.043
CT007361,Zone_08,Zone_07,0.2493,0.0514,0.0694,0.1321,0.0972,0.0287,0.0655,0.2493,0.2443,0.0052,0.0569
CT012161,Zone_02,Zone_07,0.2925,0.0542,0.0852,0.0709,0.121,0.0581,0.0641,0.2925,0.1884,0.0296,0.036
CT007762,Zone_10,Zone_07,0.3131,0.0623,0.0751,0.0907,0.1331,0.0321,0.0416,0.3131,0.1781,0.0072,0.0667
CT009990,Zone_04,Zone_07,0.2955,0.0561,0.0723,0.1149,0.1106,0.031,0.0256,0.2955,0.218,0.014,0.0621
CT013885,Zone_08,Zone_07,0.3243,0.0865,0.0495,0.0772,0.1325,0.0302,0.0315,0.3243,0.2013,0.0064,0.0606
CT001692,Zone_06,Zone_08,0.285,0.034,0.0676,0.0674,0.1608,0.0365,0.0318,0.247,0.285,0.0196,0.0502
CT015993,Zone_03,Zone_07,0.2465,0.0759,0.0937,0.0849,0.132,0.0446,0.0306,0.2465,0.2155,0.0098,0.0665
CT006582,Zone_07,Zone_07,0.2735,0.066,0.054,0.0849,0.1282,0.0439,0.0362,0.2735,0.2371,0.0102,0.0661
CT014420,Zone_01,Zone_07,0.2706,0.0896,0.0669,0.0808,0.1342,0.045,0.0415,0.2706,0.2031,0.0136,0.0548
CT007553,Zone_04,Zone_08,0.2828,0.0632,0.0586,0.0965,0.1004,0.028,0.0264,0.2645,0.2828,0.0087,0.0709
CT018781,Zone_08,Zone_07,0.2969,0.0245,0.1026,0.082,0.1076,0.0383,0.0367,0.2969,0.263,0.0019,0.0465
CT019256,Zone_02,Zone_07,0.2506,0.0468,0.0944,0.0949,0.1417,0.0195,0.0762,0.2506,0.2286,0.0137,0.0337
CT009256,Zone_01,Zone_07,0.3651,0.0586,0.0836,0.0798,0.0996,0.0262,0.0289,0.3651,0.1902,0.0138,0.0541
CT012687,Zone_07,Zone_07,0.313,0.0512,0.0678,0.0765,0.1204,0.0273,0.0446,0.313,0.2263,0.0141,0.0588
CT017407,Zone_04,Zone_07,0.2429,0.0668,0.0776,0.0758,0.1421,0.0651,0.0576,0.2429,0.1923,0.009,0.0708
CT003347,Zone_07,Zone_07,0.2875,0.0476,0.0664,0.0894,0.1484,0.0397,0.0349,0.2875,0.2233,0.0124,0.0505
CT001746,Zone_07,Zone_07,0.3545,0.0731,0.0543,0.0998,0.1309,0.0176,0.0272,0.3545,0.192,0.0105,0.0401
CT001279,Zone_07,Zone_07,0.2452,0.0541,0.0982,0.1208,0.1813,0.0282,0.0379,0.2452,0.1543,0.0154,0.0648
CT011040,Zone_07,Zone_07,0.2969,0.0538,0.0868,0.0857,0.1152,0.0373,0.0476,0.2969,0.2132,0.0143,0.0493
CT012358,Zone_04,Zone_07,0.2886,0.0571,0.0709,0.0808,0.1272,0.0369,0.042,0.2886,0.2389,0.0082,0.0493
CT018440,Zone_03,Zone_07,0.309,0.0391,0.0573,0.0637,0.1707,0.0438,0.0267,0.309,0.2005,0.0034,0.0859
CT003092,Zone_06,Zone_07,0.23,0.0992,0.0687,0.0855,0.129,0.0416,0.0549,0.23,0.2203,0.0142,0.0566
CT013598,Zone_07,Zone_07,0.3119,0.0937,0.0664,0.0891,0.1088,0.0254,0.0471,0.3119,0.1855,0.0093,0.0628
CT011116,Zone_08,Zone_07,0.2937,0.0455,0.0657,0.0937,0.1384,0.037,0.0361,0.2937,0.2273,0.0091,0.0536
CT013367,Zone_08,Zone_08,0.2487,0.0739,0.0746,0.0804,0.1016,0.0426,0.0366,0.2421,0.2487,0.0192,0.0803
CT005362,Zone_02,Zone_07,0.3778,0.0614,0.0777,0.0874,0.1171,0.0255,0.0269,0.3778,0.1592,0.0177,0.0492
CT007978,Zone_10,Zone_08,0.3003,0.0501,0.0729,0.0765,0.1164,0.0219,0.0351,0.2788,0.3003,0.0031,0.0449
CT019219,Zone_10,Zone_08,0.2413,0.0714,0.0777,0.078,0.141,0.0466,0.0425,0.2355,0.2413,0.0148,0.0512
CT008245,Zone_10,Zone_08,0.2807,0.0667,0.0679,0.0765,0.1194,0.0447,0.0548,0.2121,0.2807,0.0138,0.0633
CT004130,Zone_06,Zone_07,0.2934,0.051,0.0854,0.0881,0.1251,0.04,0.0376,0.2934,0.2107,0.011,0.0577
CT002667,Zone_06,Zone_03,0.2626,0.0349,0.091,0.2626,0.1127,0.0433,0.0187,0.2183,0.1464,0.0083,0.0637
CT015590,Zone_07,Zone_07,0.2963,0.0539,0.1047,0.0712,0.0948,0.0307,0.0309,0.2963,0.2387,0.0224,0.0563
CT006774,Zone_10,Zone_07,0.2708,0.0473,0.0607,0.0984,0.1497,0.0415,0.0482,0.2708,0.2276,0.0094,0.0464
CT017756,Zone_07,Zone_07,0.2623,0.0591,0.0751,0.0965,0.1601,0.0459,0.0303,0.2623,0.1907,0.0213,0.0586
CT015010,Zone_08,Zone_07,0.2953,0.0385,0.0995,0.0979,0.1088,0.0353,0.0338,0.2953,0.2237,0.0088,0.0583
CT011019,Zone_03,Zone_08,0.2505,0.0589,0.0885,0.116,0.1306,0.0305,0.0402,0.2165,0.2505,0.0065,0.0618
CT001847,Zone_04,Zone_07,0.273,0.0684,0.0942,0.0879,0.1452,0.0428,0.0373,0.273,0.1817,0.0091,0.0605
CT008887,Zone_02,Zone_07,0.2522,0.0582,0.0658,0.0775,0.1332,0.0524,0.046,0.2522,0.2377,0.0237,0.0534
CT004703,Zone_04,Zone_07,0.2922,0.066,0.0671,0.0882,0.1107,0.0461,0.0394,0.2922,0.2303,0.0071,0.0529
CT013283,Zone_09,Zone_07,0.2832,0.0674,0.0673,0.0725,0.1403,0.0316,0.0401,0.2832,0.2393,0.0128,0.0454
CT000194,Zone_07,Zone_07,0.2613,0.0841,0.0863,0.0877,0.1288,0.0396,0.0431,0.2613,0.2004,0.0084,0.0604
CT002015,Zone_08,Zone_08,0.2292,0.0681,0.0784,0.0929,0.1216,0.0459,0.0784,0.2025,0.2292,0.0135,0.0695
CT011611,Zone_02,Zone_08,0.2628,0.0765,0.0807,0.0869,0.1218,0.0473,0.027,0.2361,0.2628,0.0094,0.0514
CT011047,Zone_07,Zone_07,0.2645,0.08,0.0699,0.083,0.1408,0.037,0.0337,0.2645,0.2196,0.0172,0.0543
CT016387,Zone_01,Zone_07,0.3522,0.0555,0.0747,0.091,0.1592,0.0128,0.0423,0.3522,0.1676,0.0036,0.0409
CT002235,Zone_07,Zone_07,0.224,0.0601,0.0699,0.1196,0.0885,0.0322,0.0798,0.224,0.2145,0.0065,0.105
CT014149,Zone_08,Zone_07,0.256,0.0667,0.0667,0.0886,0.1322,0.0312,0.0531,0.256,0.2484,0.0106,0.0465
CT016098,Zone_03,Zone_08,0.2954,0.0504,0.0584,0.0839,0.1454,0.0263,0.0433,0.223,0.2954,0.0215,0.0523
CT008504,Zone_08,Zone_08,0.2712,0.033,0.077,0.0708,0.1889,0.0436,0.0278,0.1923,0.2712,0.0073,0.088
CT010153,Zone_02,Zone_08,0.2579,0.1009,0.0702,0.0907,0.1302,0.033,0.0415,0.2048,0.2579,0.0144,0.0564
CT006191,Zone_07,Zone_07,0.3024,0.0548,0.0519,0.1191,0.122,0.044,0.0451,0.3024,0.2092,0.0117,0.0397
CT014620,Zone_03,Zone_07,0.3413,0.0481,0.0906,0.0776,0.1163,0.0276,0.0399,0.3413,0.2017,0.0125,0.0446
CT000032,Zone_10,Zone_07,0.2748,0.065,0.0589,0.1135,0.1454,0.0414,0.0435,0.2748,0.2015,0.0093,0.0467
CT016518,Zone_07,Zone_07,0.2603,0.0657,0.0806,0.0755,0.1126,0.0286,0.0531,0.2603,0.2542,0.0097,0.0597
CT010483,Zone_07,Zone_07,0.2732,0.0582,0.0696,0.0815,0.1383,0.0385,0.0621,0.2732,0.2104,0.0128,0.0553
CT008502,Zone_07,Zone_07,0.2237,0.0767,0.0579,0.0712,0.1968,0.0506,0.0795,0.2237,0.2005,0.0043,0.039
CT013939,Zone_08,Zone_07,0.2796,0.0552,0.0577,0.0795,0.1403,0.0819,0.0484,0.2796,0.1969,0.0168,0.0437
CT000383,Zone_07,Zone_07,0.2556,0.0673,0.0882,0.1036,0.125,0.0324,0.0569,0.2556,0.2116,0.0083,0.0511
CT001259,Zone_07,Zone_07,0.2794,0.0379,0.0785,0.0867,0.1148,0.03,0.0569,0.2794,0.2589,0.0155,0.0413
CT018794,Zone_09,Zone_08,0.3266,0.0489,0.0628,0.0595,0.0694,0.0588,0.0644,0.2305,0.3266,0.0448,0.0342
CT018193,Zone_01,Zone_07,0.2555,0.0654,0.0663,0.1222,0.1138,0.0387,0.0382,0.2555,0.2373,0.007,0.0556
CT012954,Zone_08,Zone_07,0.2383,0.085,0.0674,0.0849,0.1243,0.0259,0.0726,0.2383,0.2213,0.0231,0.0573
CT007983,Zone_06,Zone_08,0.2795,0.0777,0.0921,0.092,0.1092,0.046,0.0342,0.187,0.2795,0.0058,0.0765
CT012498,Zone_05,Zone_07,0.249,0.058,0.066,0.0946,0.1403,0.0336,0.0499,0.249,0.2473,0.0075,0.0538
CT007173,Zone_08,Zone_07,0.3062,0.0571,0.0507,0.091,0.1351,0.0664,0.0467,0.3062,0.1898,0.0091,0.0478
CT004494,Zone_03,Zone_07,0.3406,0.0509,0.0761,0.0712,0.1148,0.0304,0.0442,0.3406,0.1971,0.015,0.0598
CT014334,Zone_02,Zone_07,0.3038,0.0961,0.0832,0.1109,0.1019,0.0148,0.0069,0.3038,0.2018,0.0104,0.0703
CT013583,Zone_07,Zone_07,0.281,0.0709,0.0576,0.0891,0.1379,0.0299,0.0388,0.281,0.2385,0.0102,0.0462
CT002789,Zone_10,Zone_07,0.3488,0.0524,0.0911,0.0582,0.1042,0.0223,0.0286,0.3488,0.2213,0.0059,0.0672
CT011048,Zone_08,Zone_08,0.2941,0.0631,0.0864,0.1015,0.1283,0.0188,0.0499,0.1941,0.2941,0.0137,0.0503
CT019661,Zone_08,Zone_07,0.205,0.1039,0.0602,0.0933,0.1951,0.0199,0.0279,0.205,0.1955,0.0255,0.0737
CT001233,Zone_01,Zone_07,0.2767,0.064,0.0379,0.0959,0.1382,0.0522,0.0278,0.2767,0.2255,0.0069,0.075
CT015933,Zone_02,Zone_07,0.2957,0.0552,0.0893,0.0693,0.154,0.0322,0.027,0.2957,0.2306,0.0059,0.0407
CT000512,Zone_07,Zone_07,0.2489,0.0574,0.0859,0.0818,0.1571,0.0378,0.0432,0.2489,0.2257,0.0107,0.0516
CT017314,Zone_06,Zone_07,0.2725,0.0323,0.0939,0.0607,0.1135,0.0349,0.0685,0.2725,0.2285,0.0233,0.072
CT012501,Zone_07,Zone_07,0.2984,0.0579,0.0765,0.083,0.1343,0.0244,0.05,0.2984,0.2029,0.0112,0.0615
CT002870,Zone_02,Zone_07,0.2669,0.0678,0.0683,0.0721,0.1053,0.0398,0.0375,0.2669,0.2343,0.0561,0.0518
CT015451,Zone_04,Zone_07,0.26,0.0629,0.0777,0.1107,0.1322,0.0569,0.0318,0.26,0.1644,0.0276,0.0757
CT005117,Zone_08,Zone_08,0.2795,0.0673,0.0578,0.1157,0.1219,0.0274,0.0448,0.2277,0.2795,0.0166,0.0412
CT002716,Zone_01,Zone_07,0.2439,0.081,0.0853,0.1059,0.1158,0.0497,0.0355,0.2439,0.1827,0.0258,0.0744
CT010802,Zone_04,Zone_07,0.2001,0.0673,0.0959,0.2,0.0748,0.0441,0.0412,0.2001,0.1869,0.0053,0.0844
CT002606,Zone_03,Zone_08,0.373,0.0565,0.0669,0.0607,0.202,0.0184,0.0456,0.1108,0.373,0.0124,0.0538
CT018086,Zone_03,Zone_07,0.3417,0.0414,0.0712,0.0594,0.0807,0.0447,0.0378,0.3417,0.2181,0.0024,0.1026
CT009286,Zone_03,Zone_08,0.2276,0.0446,0.0383,0.1165,0.1919,0.0328,0.0385,0.2016,0.2276,0.0073,0.1009
CT018800,Zone_05,Zone_07,0.2602,0.0315,0.0653,0.1281,0.2358,0.0266,0.0538,0.2602,0.1128,0.0055,0.0801
CT000907,Zone_08,Zone_08,0.2855,0.072,0.083,0.0981,0.1304,0.0277,0.0362,0.2102,0.2855,0.0141,0.0427
CT005264,Zone_07,Zone_07,0.3105,0.0421,0.0923,0.0599,0.1287,0.0402,0.0285,0.3105,0.1712,0.0326,0.0939
CT011779,Zone_05,Zone_07,0.2983,0.0799,0.0655,0.0672,0.1423,0.0463,0.0387,0.2983,0.1934,0.0108,0.0575
CT013191,Zone_04,Zone_07,0.2419,0.0833,0.0765,0.0883,0.1281,0.0455,0.0405,0.2419,0.2275,0.0161,0.0522
CT011795,Zone_08,Zone_08,0.2271,0.0633,0.1783,0.0473,0.1904,0.0861,0.0171,0.1466,0.2271,0.0042,0.0395
CT014951,Zone_07,Zone_07,0.2903,0.0312,0.0692,0.0631,0.1472,0.048,0.0376,0.2903,0.2359,0.0082,0.0694
CT005734,Zone_06,Zone_08,0.2226,0.116,0.0966,0.1428,0.1014,0.0238,0.0742,0.1687,0.2226,0.0021,0.0517
CT005847,Zone_10,Zone_07,0.2656,0.0382,0.0643,0.139,0.1339,0.0476,0.0541,0.2656,0.1831,0.0101,0.0639
CT009695,Zone_07,Zone_04,0.2938,0.0509,0.0674,0.0691,0.2938,0.0561,0.0378,0.2562,0.1315,0.006,0.0311
CT000423,Zone_02,Zone_07,0.3063,0.0481,0.0941,0.096,0.1153,0.0299,0.0285,0.3063,0.2175,0.014,0.0503
CT009973,Zone_10,Zone_07,0.2561,0.0585,0.068,0.1335,0.1054,0.0643,0.0532,0.2561,0.2119,0.0069,0.0422
CT000895,Zone_07,Zone_07,0.3061,0.045,0.0518,0.0675,0.1918,0.0493,0.0347,0.3061,0.1915,0.0075,0.0549
CT017845,Zone_07,Zone_07,0.285,0.0674,0.0834,0.1019,0.1221,0.0399,0.0478,0.285,0.1872,0.0126,0.0527
CT010593,Zone_08,Zone_07,0.3226,0.062,0.0869,0.0795,0.1008,0.0342,0.0545,0.3226,0.1882,0.0088,0.0625
CT007637,Zone_08,Zone_08,0.2965,0.0976,0.1359,0.0743,0.0839,0.0433,0.0314,0.1897,0.2965,0.0045,0.0428
CT015618,Zone_01,Zone_07,0.2988,0.0427,0.1017,0.0856,0.1093,0.0402,0.0494,0.2988,0.2044,0.0121,0.0558
CT013002,Zone_07,Zone_07,0.2859,0.0608,0.0766,0.0748,0.1204,0.04,0.0405,0.2859,0.2175,0.0251,0.0584
CT005085,Zone_10,Zone_07,0.2482,0.0756,0.0536,0.0959,0.1508,0.0486,0.0215,0.2482,0.1992,0.0442,0.0624
CT004429,Zone_04,Zone_07,0.2762,0.0896,0.0569,0.095,0.1358,0.0226,0.0341,0.2762,0.1968,0.0168,0.0762
CT014897,Zone_02,Zone_07,0.2651,0.0764,0.0797,0.0885,0.1158,0.0349,0.0422,0.2651,0.1975,0.0094,0.0905
CT015369,Zone_04,Zone_08,0.3629,0.0717,0.0952,0.0883,0.0799,0.0398,0.0499,0.1418,0.3629,0.0079,0.0627
CT007909,Zone_07,Zone_07,0.2431,0.0624,0.11,0.119,0.1238,0.0295,0.0285,0.2431,0.2294,0.0068,0.0474
CT004324,Zone_02,Zone_07,0.2919,0.0481,0.067,0.0925,0.0889,0.0693,0.0379,0.2919,0.248,0.0151,0.0414
CT010619,Zone_10,Zone_08,0.2819,0.0362,0.0862,0.0612,0.1493,0.0143,0.0493,0.2784,0.2819,0.0138,0.0295
CT001470,Zone_03,Zone_07,0.3122,0.0951,0.0603,0.0792,0.1568,0.0364,0.0307,0.3122,0.1726,0.0093,0.0475
CT010118,Zone_07,Zone_07,0.2649,0.0716,0.0924,0.0777,0.1477,0.0478,0.0346,0.2649,0.1993,0.0107,0.0533
CT018889,Zone_07,Zone_08,0.2517,0.0497,0.0712,0.1033,0.1207,0.0368,0.0367,0.2429,0.2517,0.0138,0.0732
CT011819,Zone_02,Zone_07,0.2598,0.0461,0.12,0.1081,0.1211,0.0418,0.0347,0.2598,0.2217,0.0068,0.0398
CT015456,Zone_10,Zone_07,0.3568,0.0647,0.0489,0.0766,0.0756,0.043,0.0503,0.3568,0.2169,0.0043,0.0629
CT005530,Zone_07,Zone_08,0.2389,0.0672,0.0912,0.1198,0.1311,0.057,0.0285,0.2185,0.2389,0.0076,0.0402
CT012530,Zone_03,Zone_07,0.2583,0.0581,0.0631,0.0875,0.1424,0.0431,0.0473,0.2583,0.226,0.0124,0.0618
CT018439,Zone_01,Zone_08,0.2309,0.0673,0.1066,0.1023,0.1584,0.0371,0.0288,0.1849,0.2309,0.0069,0.0768
CT018205,Zone_02,Zone_07,0.3099,0.0615,0.0849,0.0806,0.1279,0.0561,0.0245,0.3099,0.1851,0.0085,0.061
CT013811,Zone_03,Zone_07,0.2612,0.0507,0.0694,0.0856,0.2364,0.0293,0.0286,0.2612,0.1603,0.0173,0.0614
CT015936,Zone_02,Zone_08,0.2751,0.0377,0.0556,0.0664,0.2089,0.0245,0.0312,0.2184,0.2751,0.0025,0.0796
CT009280,Zone_06,Zone_07,0.2823,0.074,0.068,0.0848,0.1335,0.0305,0.0297,0.2823,0.2243,0.0075,0.0655
CT005521,Zone_08,Zone_07,0.2955,0.0508,0.0825,0.0836,0.1177,0.0313,0.0421,0.2955,0.211,0.0074,0.0779
CT002708,Zone_01,Zone_07,0.2569,0.0662,0.0662,0.1096,0.1609,0.0511,0.0298,0.2569,0.1953,0.0076,0.0564
CT002961,Zone_07,Zone_08,0.2843,0.0533,0.0649,0.0866,0.142,0.0356,0.0396,0.2299,0.2843,0.0151,0.0487
CT001105,Zone_03,Zone_08,0.2432,0.0466,0.0456,0.0465,0.2297,0.0328,0.0347,0.2215,0.2432,0.0037,0.0957
CT008819,Zone_07,Zone_07,0.2311,0.0826,0.0633,0.0927,0.1523,0.0366,0.0493,0.2311,0.2164,0.0081,0.0676
CT011881,Zone_07,Zone_08,0.2211,0.0574,0.1192,0.0855,0.1444,0.0227,0.0589,0.1839,0.2211,0.0057,0.1012
CT003407,Zone_07,Zone_07,0.1946,0.0934,0.1891,0.081,0.1138,0.0528,0.0147,0.1946,0.1884,0.0022,0.0701
CT014653,Zone_08,Zone_07,0.3107,0.0483,0.0901,0.0889,0.1054,0.0384,0.0376,0.3107,0.213,0.0124,0.0552
CT007037,Zone_03,Zone_07,0.2103,0.0459,0.1055,0.1,0.208,0.039,0.0201,0.2103,0.1986,0.0067,0.0658
CT002597,Zone_03,Zone_08,0.256,0.0546,0.0844,0.0793,0.1432,0.0373,0.0316,0.2354,0.256,0.0084,0.0697
CT017198,Zone_04,Zone_07,0.3355,0.0429,0.0771,0.0994,0.1707,0.0313,0.0283,0.3355,0.1477,0.0122,0.055
CT013197,Zone_07,Zone_07,0.2628,0.0725,0.0796,0.0913,0.1584,0.0305,0.0495,0.2628,0.194,0.0103,0.0511
CT017113,Zone_02,Zone_07,0.295,0.0682,0.0639,0.1048,0.1298,0.0216,0.0737,0.295,0.1988,0.0057,0.0385
CT006454,Zone_04,Zone_07,0.3039,0.0617,0.0706,0.0926,0.1307,0.0295,0.0327,0.3039,0.1966,0.0108,0.0709
CT011416,Zone_07,Zone_07,0.2864,0.0503,0.0799,0.0901,0.1152,0.0278,0.0334,0.2864,0.2543,0.01,0.0526
CT012162,Zone_08,Zone_08,0.2298,0.0591,0.1091,0.1167,0.1571,0.0346,0.0375,0.2044,0.2298,0.008,0.0436
CT007500,Zone_02,Zone_07,0.258,0.0512,0.0871,0.0932,0.1193,0.051,0.0386,0.258,0.2142,0.015,0.0724
CT003778,Zone_02,Zone_07,0.2227,0.0643,0.0866,0.0876,0.1663,0.0226,0.0325,0.2227,0.2206,0.0095,0.0872
CT009230,Zone_05,Zone_07,0.2533,0.0303,0.0853,0.1183,0.1177,0.0482,0.0331,0.2533,0.2436,0.0209,0.0493
CT002791,Zone_07,Zone_07,0.2354,0.0563,0.1153,0.0938,0.1378,0.0563,0.0373,0.2354,0.2174,0.0052,0.0452
CT017436,Zone_07,Zone_08,0.2936,0.0746,0.0738,0.0961,0.0812,0.0271,0.0421,0.2549,0.2936,0.0045,0.0521
CT017904,Zone_01,Zone_07,0.2445,0.0831,0.095,0.0962,0.1199,0.0458,0.0241,0.2445,0.2125,0.025,0.0538
CT010949,Zone_08,Zone_07,0.3699,0.0444,0.0947,0.0826,0.1276,0.0278,0.0226,0.3699,0.1688,0.0058,0.0559
CT010544,Zone_07,Zone_07,0.2906,0.07,0.0753,0.0779,0.1163,0.0327,0.0443,0.2906,0.2272,0.0081,0.0576
CT010939,Zone_05,Zone_07,0.2921,0.0641,0.0868,0.0936,0.1087,0.0329,0.0424,0.2921,0.2135,0.0105,0.0552
CT003875,Zone_09,Zone_07,0.257,0.0738,0.089,0.0894,0.148,0.0431,0.0359,0.257,0.1925,0.01,0.0613
CT016779,Zone_07,Zone_07,0.2336,0.0715,0.0846,0.0822,0.1688,0.0325,0.0353,0.2336,0.2187,0.0074,0.0653
CT016571,Zone_07,Zone_07,0.4184,0.0567,0.0668,0.0884,0.101,0.038,0.0203,0.4184,0.1693,0.0071,0.0342
CT011190,Zone_04,Zone_07,0.2715,0.0434,0.1121,0.0708,0.1202,0.024,0.0325,0.2715,0.2652,0.0049,0.0554
CT016864,Zone_03,Zone_07,0.3038,0.0606,0.0613,0.0762,0.1259,0.0351,0.0523,0.3038,0.2177,0.0128,0.0544
CT015672,Zone_02,Zone_07,0.3203,0.0713,0.0862,0.0865,0.117,0.0312,0.0365,0.3203,0.1943,0.006,0.0507
CT014618,Zone_08,Zone_07,0.2621,0.0602,0.0672,0.0917,0.1472,0.0304,0.0381,0.2621,0.2459,0.0096,0.0476
CT010551,Zone_06,Zone_07,0.2794,0.0561,0.0811,0.0959,0.1194,0.0391,0.0416,0.2794,0.2378,0.0101,0.0396
CT006706,Zone_08,Zone_08,0.2278,0.0533,0.0631,0.0771,0.2034,0.0517,0.0344,0.2155,0.2278,0.0135,0.0604
CT018788,Zone_02,Zone_07,0.2613,0.0502,0.0803,0.1089,0.14,0.0297,0.037,0.2613,0.2,0.0107,0.0819
CT003040,Zone_08,Zone_08,0.2516,0.0499,0.0722,0.1461,0.1005,0.0682,0.0246,0.2475,0.2516,0.005,0.0344
CT009689,Zone_03,Zone_07,0.2346,0.1396,0.0954,0.0902,0.1227,0.0341,0.028,0.2346,0.1896,0.0106,0.0553
CT019161,Zone_07,Zone_07,0.2416,0.0549,0.0857,0.1151,0.1408,0.0467,0.0284,0.2416,0.2364,0.0112,0.0394
CT006973,Zone_04,Zone_07,0.4307,0.0573,0.0372,0.0496,0.1234,0.0661,0.0178,0.4307,0.1455,0.0118,0.0606
CT012087,Zone_07,Zone_08,0.2547,0.0862,0.0671,0.0368,0.245,0.0238,0.0161,0.225,0.2547,0.0058,0.0395
CT004257,Zone_02,Zone_07,0.2509,0.0622,0.0934,0.0832,0.15,0.0424,0.0549,0.2509,0.2179,0.0102,0.035
CT015185,Zone_10,Zone_07,0.2822,0.0495,0.0535,0.0834,0.1508,0.0264,0.0479,0.2822,0.2272,0.005,0.074
CT018669,Zone_07,Zone_07,0.2469,0.087,0.0742,0.0947,0.1085,0.0316,0.0501,0.2469,0.2401,0.0077,0.0592
CT010542,Zone_08,Zone_08,0.2687,0.0597,0.0932,0.0802,0.1266,0.03,0.0401,0.2438,0.2687,0.0096,0.0481
CT009204,Zone_04,Zone_07,0.282,0.0453,0.0863,0.0969,0.1159,0.0483,0.0475,0.282,0.2072,0.0109,0.0596
CT002835,Zone_08,Zone_07,0.3086,0.0515,0.0749,0.0749,0.1588,0.0283,0.0499,0.3086,0.2041,0.0076,0.0414
CT015217,Zone_08,Zone_07,0.3318,0.0519,0.0971,0.0491,0.1407,0.0398,0.0358,0.3318,0.1607,0.0034,0.0898
CT012787,Zone_08,Zone_07,0.2606,0.0875,0.08,0.1217,0.1163,0.0167,0.0658,0.2606,0.2077,0.0039,0.0398
CT003523,Zone_03,Zone_07,0.4389,0.0365,0.0693,0.0737,0.154,0.029,0.0192,0.4389,0.1126,0.0046,0.0623
CT013937,Zone_07,Zone_08,0.2139,0.0677,0.1016,0.0789,0.1508,0.0591,0.0543,0.2135,0.2139,0.0065,0.0538
CT002830,Zone_08,Zone_07,0.247,0.0706,0.0855,0.0906,0.1102,0.0507,0.0431,0.247,0.2409,0.0131,0.0482
CT011152,Zone_03,Zone_08,0.2099,0.0627,0.1067,0.1077,0.1508,0.0463,0.0487,0.191,0.2099,0.0269,0.0493
CT009923,Zone_08,Zone_08,0.2985,0.0727,0.0443,0.0805,0.1396,0.0243,0.0308,0.2644,0.2985,0.0058,0.0391
CT017358,Zone_07,Zone_07,0.2619,0.0651,0.0721,0.0953,0.1244,0.0369,0.0464,0.2619,0.2302,0.0148,0.0528
CT000890,Zone_08,Zone_07,0.2499,0.0442,0.0486,0.0995,0.2125,0.0557,0.0351,0.2499,0.177,0.0055,0.072
CT007180,Zone_04,Zone_07,0.3539,0.0994,0.0545,0.1191,0.0994,0.0323,0.0292,0.3539,0.1632,0.006,0.0429
CT001904,Zone_03,Zone_07,0.263,0.0457,0.1188,0.1481,0.1157,0.0382,0.0369,0.263,0.196,0.0037,0.0338
CT002714,Zone_03,Zone_07,0.3579,0.0606,0.0889,0.0803,0.1206,0.0464,0.0605,0.3579,0.1305,0.0165,0.038
CT015659,Zone_07,Zone_07,0.2483,0.0677,0.0827,0.0732,0.1571,0.0412,0.026,0.2483,0.2237,0.0088,0.0714
CT009245,Zone_05,Zone_07,0.2874,0.0483,0.0764,0.1312,0.1586,0.052,0.0406,0.2874,0.1579,0.0097,0.0379
CT016015,Zone_07,Zone_08,0.2375,0.074,0.074,0.0766,0.1516,0.0271,0.0434,0.2197,0.2375,0.0133,0.0827
CT002379,Zone_03,Zone_07,0.2595,0.0599,0.1148,0.0994,0.1267,0.0475,0.0472,0.2595,0.1458,0.0178,0.0814
CT018387,Zone_10,Zone_07,0.2328,0.0535,0.0548,0.1129,0.1147,0.0346,0.0755,0.2328,0.2317,0.0301,0.0595
CT002482,Zone_04,Zone_07,0.2756,0.0549,0.0713,0.0994,0.1523,0.0549,0.0218,0.2756,0.2279,0.0077,0.0342
CT011149,Zone_03,Zone_08,0.2571,0.0671,0.0611,0.1277,0.1639,0.0586,0.0519,0.1701,0.2571,0.0056,0.037
CT017032,Zone_02,Zone_07,0.3117,0.0576,0.0898,0.1351,0.1022,0.0181,0.0237,0.3117,0.1781,0.0076,0.0761
CT004276,Zone_02,Zone_08,0.3172,0.0313,0.0778,0.099,0.1107,0.0481,0.0446,0.181,0.3172,0.0043,0.0861
CT012378,Zone_07,Zone_07,0.3058,0.1131,0.0522,0.0598,0.1592,0.0222,0.0174,0.3058,0.2105,0.0055,0.0544
CT014789,Zone_08,Zone_08,0.235,0.0626,0.0639,0.0821,0.1391,0.0615,0.0418,0.2207,0.235,0.0424,0.0509
CT017197,Zone_07,Zone_08,0.2726,0.0745,0.0642,0.1118,0.1254,0.0298,0.0347,0.2322,0.2726,0.0118,0.0429
CT000882,Zone_08,Zone_07,0.3149,0.0795,0.0533,0.0841,0.1027,0.0378,0.048,0.3149,0.1985,0.0081,0.0731
CT018101,Zone_05,Zone_07,0.2941,0.049,0.0993,0.074,0.1013,0.0287,0.0226,0.2941,0.2795,0.0042,0.0472
CT014848,Zone_08,Zone_08,0.2404,0.0762,0.0677,0.08,0.1395,0.0424,0.0618,0.239,0.2404,0.0142,0.0388
CT002860,Zone_08,Zone_07,0.2676,0.0665,0.0533,0.1078,0.1558,0.0352,0.0542,0.2676,0.1546,0.0056,0.0994
CT005873,Zone_03,Zone_07,0.3181,0.0506,0.0583,0.0856,0.1119,0.0382,0.0414,0.3181,0.2049,0.0126,0.0784
CT012775,Zone_08,Zone_07,0.3466,0.0657,0.0639,0.0871,0.1049,0.0278,0.0215,0.3466,0.2134,0.0067,0.0623
CT013998,Zone_08,Zone_07,0.2461,0.0541,0.0756,0.1359,0.1861,0.0297,0.0266,0.2461,0.1997,0.0067,0.0396
CT011710,Zone_08,Zone_07,0.3003,0.0583,0.0805,0.0792,0.1064,0.0388,0.0573,0.3003,0.203,0.0115,0.0649
CT012212,Zone_02,Zone_07,0.3023,0.048,0.033,0.1142,0.1366,0.0293,0.0469,0.3023,0.2191,0.0064,0.0641
CT015259,Zone_01,Zone_07,0.305,0.05,0.0539,0.0785,0.1191,0.053,0.0372,0.305,0.2216,0.0257,0.0558
CT006324,Zone_03,Zone_08,0.2534,0.0586,0.0419,0.1132,0.1346,0.0273,0.0494,0.2507,0.2534,0.0112,0.0598
CT012344,Zone_07,Zone_07,0.3408,0.0867,0.0463,0.111,0.0949,0.0475,0.0295,0.3408,0.1763,0.0031,0.0639
CT010889,Zone_05,Zone_07,0.3414,0.0723,0.0645,0.1004,0.0686,0.0599,0.035,0.3414,0.2187,0.0032,0.036
CT017481,Zone_08,Zone_07,0.2258,0.0768,0.0862,0.093,0.1143,0.0554,0.0601,0.2258,0.2248,0.0071,0.0567
CT007824,Zone_04,Zone_07,0.2679,0.0437,0.0969,0.1316,0.0942,0.0298,0.0351,0.2679,0.2208,0.0128,0.0671
CT013144,Zone_07,Zone_07,0.2572,0.0831,0.0663,0.0791,0.0928,0.0505,0.0349,0.2572,0.249,0.023,0.0641
CT003455,Zone_09,Zone_07,0.2614,0.0581,0.0616,0.099,0.1525,0.0445,0.0372,0.2614,0.2165,0.0117,0.0574
CT010675,Zone_10,Zone_07,0.2945,0.081,0.0514,0.1207,0.1259,0.0254,0.0269,0.2945,0.2051,0.0212,0.0479
CT006195,Zone_02,Zone_07,0.2621,0.049,0.1153,0.0826,0.0946,0.0435,0.0592,0.2621,0.2156,0.0066,0.0713
CT001989,Zone_10,Zone_07,0.2972,0.0458,0.0855,0.0722,0.1375,0.0294,0.0422,0.2972,0.2334,0.0127,0.0441
CT014022,Zone_04,Zone_07,0.3435,0.0497,0.0743,0.1059,0.1148,0.0281,0.0297,0.3435,0.193,0.0063,0.0547
CT000930,Zone_08,Zone_07,0.2929,0.0507,0.1073,0.1065,0.116,0.0233,0.0591,0.2929,0.1984,0.0079,0.038
CT017027,Zone_06,Zone_07,0.2717,0.0582,0.0873,0.0863,0.172,0.0461,0.022,0.2717,0.2032,0.0063,0.0468
CT007438,Zone_04,Zone_07,0.2625,0.0744,0.1475,0.0648,0.1218,0.0291,0.0858,0.2625,0.1102,0.0124,0.0914
CT008217,Zone_07,Zone_07,0.2742,0.0474,0.0653,0.0672,0.1659,0.0589,0.0682,0.2742,0.1405,0.0061,0.1063
CT007723,Zone_02,Zone_07,0.2746,0.0741,0.0741,0.1003,0.1346,0.0295,0.0409,0.2746,0.2138,0.019,0.039
CT005587,Zone_07,Zone_07,0.2925,0.0622,0.071,0.0751,0.1223,0.0346,0.051,0.2925,0.216,0.0118,0.0636
CT011684,Zone_10,Zone_07,0.2573,0.1196,0.0579,0.0761,0.1666,0.0364,0.0414,0.2573,0.1823,0.0112,0.0513
CT002374,Zone_04,Zone_07,0.2589,0.0517,0.0838,0.0683,0.1149,0.0744,0.0358,0.2589,0.2198,0.0356,0.0568
CT010522,Zone_07,Zone_07,0.3032,0.0769,0.0669,0.0967,0.1579,0.0254,0.0181,0.3032,0.1764,0.0121,0.0663
CT010355,Zone_08,Zone_07,0.2947,0.0753,0.0489,0.0936,0.126,0.0251,0.0503,0.2947,0.2185,0.0068,0.0608
CT000041,Zone_08,Zone_07,0.2823,0.0713,0.0686,0.1182,0.1626,0.0203,0.0336,0.2823,0.1762,0.0112,0.0557
CT009238,Zone_07,Zone_07,0.2676,0.0573,0.06,0.1273,0.1405,0.0316,0.0547,0.2676,0.1735,0.0216,0.066
CT015081,Zone_05,Zone_07,0.265,0.0883,0.0932,0.0655,0.1168,0.0427,0.0316,0.265,0.2343,0.0175,0.0451
CT006607,Zone_07,Zone_08,0.261,0.0449,0.072,0.1125,0.1449,0.0331,0.0486,0.2216,0.261,0.0141,0.0472
CT008459,Zone_07,Zone_07,0.2378,0.0329,0.0959,0.1408,0.122,0.0839,0.102,0.2378,0.1564,0.0061,0.0222
CT009755,Zone_08,Zone_07,0.2427,0.086,0.0657,0.112,0.1476,0.0306,0.05,0.2427,0.2198,0.0057,0.04
CT000178,Zone_09,Zone_07,0.258,0.0912,0.0925,0.1523,0.122,0.0339,0.045,0.258,0.1683,0.0088,0.028
CT007044,Zone_04,Zone_07,0.2459,0.0717,0.0933,0.1003,0.1194,0.0348,0.0402,0.2459,0.2261,0.008,0.0603
CT011262,Zone_07,Zone_07,0.3536,0.0597,0.084,0.0722,0.1009,0.0312,0.0379,0.3536,0.1971,0.0099,0.0536
CT008358,Zone_03,Zone_07,0.3211,0.0834,0.0624,0.0666,0.1429,0.0293,0.0285,0.3211,0.2073,0.0101,0.0485
CT003101,Zone_10,Zone_07,0.2753,0.0615,0.0639,0.0904,0.123,0.0459,0.0273,0.2753,0.2284,0.0127,0.0718
CT009349,Zone_08,Zone_07,0.2688,0.0645,0.0581,0.0918,0.1293,0.048,0.0443,0.2688,0.2142,0.0161,0.0648
CT005311,Zone_08,Zone_07,0.3306,0.0467,0.0708,0.0724,0.1475,0.0481,0.024,0.3306,0.1862,0.0126,0.061
CT003878,Zone_10,Zone_08,0.2648,0.0679,0.1007,0.0735,0.1185,0.0339,0.0387,0.2453,0.2648,0.0102,0.0466
CT007244,Zone_06,Zone_07,0.2661,0.0453,0.0828,0.0777,0.1184,0.0437,0.0781,0.2661,0.2068,0.0168,0.0642
CT005176,Zone_02,Zone_07,0.2464,0.0957,0.0779,0.0929,0.1431,0.0502,0.0387,0.2464,0.1896,0.0114,0.0543
CT004381,Zone_07,Zone_07,0.268,0.0883,0.0626,0.0773,0.1084,0.0252,0.0317,0.268,0.2381,0.0143,0.086
CT005124,Zone_07,Zone_07,0.288,0.0538,0.1091,0.0951,0.1166,0.0165,0.0419,0.288,0.2219,0.003,0.0541
CT018221,Zone_08,Zone_07,0.2841,0.0412,0.0634,0.1537,0.1098,0.0178,0.0489,0.2841,0.2454,0.0136,0.0221
CT012946,Zone_08,Zone_07,0.2606,0.064,0.0679,0.0907,0.1523,0.034,0.0751,0.2606,0.1785,0.0255,0.0514
CT016960,Zone_01,Zone_07,0.294,0.0981,0.0673,0.0946,0.1243,0.0278,0.0481,0.294,0.1791,0.0078,0.0588
CT019726,Zone_07,Zone_08,0.2545,0.0457,0.0781,0.0832,0.1466,0.0384,0.0476,0.2475,0.2545,0.0153,0.0431
CT006830,Zone_07,Zone_08,0.2758,0.0461,0.0804,0.0748,0.1295,0.0441,0.038,0.2468,0.2758,0.0069,0.0575
CT005721,Zone_07,Zone_07,0.2443,0.0531,0.0812,0.0708,0.1566,0.0351,0.0557,0.2443,0.2365,0.0147,0.0521
CT006154,Zone_04,Zone_07,0.3289,0.0487,0.0904,0.0633,0.1565,0.0516,0.0299,0.3289,0.1648,0.0144,0.0516
CT016577,Zone_02,Zone_07,0.3077,0.063,0.0793,0.0718,0.1637,0.0619,0.0376,0.3077,0.1576,0.0038,0.0536
CT017948,Zone_07,Zone_07,0.2526,0.0693,0.0609,0.0804,0.1139,0.0434,0.0461,0.2526,0.2103,0.0119,0.1112
CT014479,Zone_02,Zone_07,0.3056,0.072,0.1146,0.0971,0.1155,0.0344,0.0331,0.3056,0.1809,0.0093,0.0375
CT018457,Zone_07,Zone_07,0.3045,0.0688,0.0732,0.0753,0.1065,0.0298,0.0676,0.3045,0.2052,0.0125,0.0566
CT016194,Zone_07,Zone_07,0.2886,0.0525,0.067,0.0771,0.1342,0.0461,0.0537,0.2886,0.223,0.0067,0.0512
CT000449,Zone_02,Zone_07,0.2609,0.0612,0.0556,0.0826,0.1744,0.0143,0.0434,0.2609,0.2404,0.0086,0.0585
CT014471,Zone_04,Zone_07,0.2495,0.0923,0.0618,0.0964,0.1336,0.0481,0.049,0.2495,0.2186,0.0077,0.0431
CT013607,Zone_02,Zone_07,0.2945,0.0514,0.0804,0.0836,0.0951,0.0606,0.0603,0.2945,0.2135,0.0128,0.0476
CT002325,Zone_04,Zone_07,0.2339,0.082,0.0922,0.0876,0.1119,0.0295,0.0395,0.2339,0.2246,0.0038,0.095
CT012478,Zone_07,Zone_07,0.2541,0.0737,0.0474,0.1151,0.1455,0.0424,0.0517,0.2541,0.1813,0.0073,0.0814
CT001504,Zone_08,Zone_07,0.2329,0.0941,0.072,0.1272,0.1088,0.0583,0.0328,0.2329,0.2136,0.0093,0.0509
CT005857,Zone_08,Zone_07,0.2868,0.0679,0.0621,0.0727,0.1191,0.0337,0.0494,0.2868,0.249,0.0105,0.0488
CT016111,Zone_07,Zone_07,0.2855,0.075,0.1072,0.0882,0.1083,0.0404,0.028,0.2855,0.2089,0.0132,0.0453
CT016031,Zone_06,Zone_07,0.2983,0.0454,0.0914,0.069,0.1208,0.0286,0.06,0.2983,0.1785,0.0092,0.0987
CT000905,Zone_10,Zone_07,0.2491,0.0458,0.1299,0.0966,0.1665,0.0395,0.0502,0.2491,0.1691,0.0087,0.0444
CT005943,Zone_03,Zone_07,0.2268,0.0638,0.0805,0.068,0.1643,0.023,0.0652,0.2268,0.2215,0.0107,0.0761
CT012071,Zone_08,Zone_07,0.3524,0.0559,0.1362,0.0668,0.13,0.0462,0.0212,0.3524,0.1474,0.0109,0.0332
CT000323,Zone_04,Zone_08,0.2672,0.0765,0.1025,0.0943,0.1163,0.0322,0.028,0.2339,0.2672,0.0105,0.0385
CT001157,Zone_02,Zone_07,0.2906,0.0317,0.056,0.0934,0.1478,0.0781,0.0581,0.2906,0.196,0.0132,0.0349
CT005493,Zone_04,Zone_07,0.3467,0.0415,0.0511,0.0902,0.0661,0.032,0.0267,0.3467,0.2962,0.0098,0.0398
CT007378,Zone_10,Zone_07,0.2964,0.0525,0.0853,0.0751,0.1478,0.0341,0.0276,0.2964,0.2186,0.0075,0.0552
CT003482,Zone_08,Zone_07,0.3139,0.0639,0.0492,0.1052,0.1153,0.0295,0.0326,0.3139,0.2025,0.0145,0.0735
CT019914,Zone_07,Zone_07,0.3683,0.0457,0.071,0.0648,0.0975,0.0438,0.0359,0.3683,0.2148,0.0053,0.0529
CT003835,Zone_04,Zone_07,0.3293,0.0656,0.0813,0.0632,0.1293,0.0257,0.0613,0.3293,0.2174,0.0032,0.0237
CT002007,Zone_08,Zone_07,0.2539,0.0519,0.0852,0.098,0.1312,0.0321,0.0598,0.2539,0.2257,0.0078,0.0546
CT016549,Zone_01,Zone_07,0.267,0.0377,0.0922,0.1009,0.1214,0.026,0.04,0.267,0.2454,0.0079,0.0614
CT013072,Zone_03,Zone_07,0.2524,0.1044,0.0616,0.0867,0.1544,0.0294,0.0449,0.2524,0.1789,0.0114,0.0759
CT013545,Zone_03,Zone_07,0.2971,0.087,0.0615,0.0878,0.1093,0.0342,0.042,0.2971,0.2253,0.0083,0.0475
CT003928,Zone_07,Zone_08,0.2651,0.0537,0.0774,0.0759,0.133,0.0275,0.0326,0.2578,0.2651,0.0204,0.0568
CT008150,Zone_03,Zone_07,0.2577,0.0534,0.0768,0.12,0.1233,0.0214,0.0483,0.2577,0.2402,0.0156,0.0433
CT019775,Zone_02,Zone_07,0.235,0.0527,0.0808,0.0953,0.1434,0.0481,0.0436,0.235,0.2137,0.0149,0.0726
CT000945,Zone_08,Zone_07,0.3584,0.0363,0.0963,0.0967,0.1204,0.0584,0.033,0.3584,0.135,0.0133,0.0522
CT007564,Zone_08,Zone_08,0.3072,0.0663,0.0604,0.1085,0.0868,0.0256,0.0559,0.2356,0.3072,0.0073,0.0464
CT012491,Zone_02,Zone_07,0.2489,0.0979,0.1082,0.1173,0.129,0.0271,0.0311,0.2489,0.1829,0.0089,0.0487
CT018986,Zone_08,Zone_07,0.298,0.042,0.115,0.1142,0.0875,0.0325,0.0411,0.298,0.2116,0.0055,0.0526
CT017214,Zone_10,Zone_08,0.3157,0.0545,0.0661,0.0786,0.0819,0.0545,0.0601,0.2092,0.3157,0.0066,0.0727
CT007687,Zone_08,Zone_08,0.2514,0.0647,0.0711,0.0828,0.1646,0.0558,0.0247,0.2052,0.2514,0.0147,0.0648
CT018863,Zone_06,Zone_07,0.2697,0.0804,0.088,0.0848,0.0907,0.0066,0.0237,0.2697,0.2079,0.0615,0.0867
CT012421,Zone_04,Zone_07,0.2413,0.0632,0.1085,0.0983,0.1366,0.0489,0.0527,0.2413,0.1818,0.0111,0.0575
CT013254,Zone_04,Zone_08,0.2462,0.0691,0.0635,0.0915,0.1254,0.0455,0.0506,0.2312,0.2462,0.0192,0.0577
CT005430,Zone_07,Zone_07,0.2932,0.078,0.0716,0.0738,0.1424,0.0483,0.0348,0.2932,0.1906,0.0154,0.0519
CT008873,Zone_02,Zone_07,0.2658,0.0732,0.0695,0.1134,0.0907,0.0428,0.0484,0.2658,0.238,0.0222,0.0361
CT002859,Zone_07,Zone_07,0.2757,0.0568,0.0758,0.1007,0.1022,0.0339,0.0366,0.2757,0.2607,0.0092,0.0483
CT015523,Zone_08,Zone_07,0.2779,0.0855,0.0918,0.1003,0.1212,0.0277,0.0408,0.2779,0.1791,0.01,0.0656
CT006790,Zone_07,Zone_07,0.3406,0.0346,0.096,0.1009,0.0747,0.0447,0.069,0.3406,0.1884,0.007,0.0441
CT012756,Zone_07,Zone_08,0.2332,0.0518,0.0749,0.1235,0.1034,0.0301,0.0416,0.2171,0.2332,0.0057,0.1188
CT005995,Zone_07,Zone_07,0.2952,0.0558,0.0744,0.1028,0.1279,0.0269,0.0304,0.2952,0.2279,0.0065,0.0522
CT001852,Zone_06,Zone_07,0.2251,0.0567,0.1644,0.1252,0.12,0.0534,0.0373,0.2251,0.1833,0.0042,0.0303
CT011924,Zone_07,Zone_07,0.2855,0.0444,0.0632,0.1292,0.0999,0.0457,0.0598,0.2855,0.2018,0.009,0.0616
CT012657,Zone_01,Zone_07,0.3283,0.0805,0.0761,0.0879,0.0972,0.0215,0.035,0.3283,0.1995,0.0254,0.0487
CT005069,Zone_04,Zone_07,0.3327,0.0246,0.0984,0.1271,0.1573,0.0261,0.0432,0.3327,0.1296,0.0211,0.0398
CT011977,Zone_02,Zone_07,0.243,0.0634,0.0837,0.0913,0.1395,0.0288,0.0464,0.243,0.2196,0.0117,0.0725
CT006246,Zone_03,Zone_08,0.3187,0.0337,0.0508,0.0673,0.1302,0.0508,0.022,0.2515,0.3187,0.0105,0.0644
CT006507,Zone_10,Zone_07,0.2807,0.0853,0.0748,0.0644,0.1242,0.0252,0.0488,0.2807,0.2348,0.0047,0.0574
CT005162,Zone_10,Zone_07,0.3524,0.042,0.0823,0.0814,0.1066,0.0458,0.0366,0.3524,0.1876,0.0175,0.0478
CT014491,Zone_07,Zone_07,0.2577,0.0839,0.0562,0.1029,0.1077,0.0497,0.0386,0.2577,0.2437,0.0065,0.0532
CT013325,Zone_08,Zone_07,0.2842,0.0665,0.0724,0.0926,0.1149,0.0334,0.0554,0.2842,0.2084,0.0133,0.059
CT007179,Zone_06,Zone_07,0.3121,0.0389,0.0668,0.063,0.1553,0.027,0.0291,0.3121,0.2241,0.0096,0.074
CT011619,Zone_04,Zone_07,0.3406,0.056,0.0781,0.1016,0.0989,0.0354,0.0244,0.3406,0.1992,0.0088,0.057
CT007146,Zone_08,Zone_07,0.2999,0.0615,0.0505,0.0969,0.1267,0.0472,0.0465,0.2999,0.218,0.0083,0.0444
CT011566,Zone_08,Zone_07,0.3364,0.0466,0.0499,0.0865,0.1577,0.0366,0.0376,0.3364,0.1965,0.006,0.0462
CT007972,Zone_03,Zone_08,0.2687,0.065,0.074,0.0848,0.1366,0.0289,0.0322,0.2314,0.2687,0.0239,0.0546
CT015265,Zone_01,Zone_07,0.2785,0.0387,0.0849,0.0649,0.1334,0.0302,0.0424,0.2785,0.2512,0.0071,0.0687
CT007331,Zone_01,Zone_08,0.2633,0.0817,0.0807,0.0647,0.1046,0.0435,0.0387,0.259,0.2633,0.0093,0.0545
CT005894,Zone_07,Zone_07,0.263,0.0774,0.1354,0.0877,0.1276,0.0265,0.0693,0.263,0.1594,0.0137,0.0399
CT005198,Zone_04,Zone_07,0.325,0.0763,0.0983,0.0733,0.0954,0.0275,0.0434,0.325,0.2047,0.0113,0.0448
CT017210,Zone_08,Zone_07,0.2493,0.0391,0.0557,0.096,0.1599,0.0323,0.0495,0.2493,0.2472,0.0146,0.0563
CT013403,Zone_05,Zone_07,0.2651,0.0497,0.0886,0.125,0.1311,0.0345,0.0444,0.2651,0.2014,0.0083,0.052
CT018621,Zone_01,Zone_08,0.2643,0.0836,0.0704,0.1183,0.099,0.0529,0.0685,0.1996,0.2643,0.009,0.0344
CT017965,Zone_08,Zone_07,0.2534,0.0752,0.0701,0.0873,0.128,0.0425,0.0395,0.2534,0.2227,0.0136,0.0679
CT018602,Zone_04,Zone_07,0.2347,0.0603,0.082,0.049,0.2306,0.0258,0.0365,0.2347,0.2332,0.003,0.0448
CT003222,Zone_07,Zone_07,0.2217,0.0867,0.1275,0.099,0.1789,0.0553,0.0279,0.2217,0.175,0.0024,0.0256
CT009428,Zone_08,Zone_07,0.2396,0.0688,0.0632,0.1203,0.1809,0.0419,0.0362,0.2396,0.1743,0.014,0.0609
CT014465,Zone_07,Zone_07,0.3063,0.0283,0.0686,0.1065,0.1431,0.0255,0.0394,0.3063,0.1873,0.0106,0.0844
CT007358,Zone_03,Zone_07,0.2968,0.0767,0.0662,0.0681,0.1172,0.0326,0.0299,0.2968,0.2422,0.0206,0.0496
CT017757,Zone_05,Zone_07,0.3035,0.0608,0.0478,0.0614,0.0794,0.0349,0.0684,0.3035,0.2553,0.016,0.0725
CT015760,Zone_04,Zone_07,0.2836,0.0346,0.0796,0.0566,0.164,0.0188,0.0414,0.2836,0.2735,0.014,0.0339
CT014915,Zone_02,Zone_07,0.283,0.0462,0.0687,0.1012,0.1316,0.0343,0.0463,0.283,0.2247,0.0078,0.0563
CT009571,Zone_03,Zone_07,0.2698,0.0609,0.114,0.0587,0.1496,0.0356,0.0352,0.2698,0.2092,0.0052,0.0619
CT003249,Zone_07,Zone_07,0.299,0.0577,0.0627,0.0915,0.1186,0.0434,0.0645,0.299,0.1961,0.018,0.0484
CT008509,Zone_10,Zone_08,0.2781,0.0546,0.0472,0.1358,0.1525,0.0195,0.02,0.2521,0.2781,0.0093,0.0309
CT000005,Zone_03,Zone_07,0.2321,0.0739,0.1237,0.0865,0.1367,0.0397,0.0291,0.2321,0.1991,0.0102,0.069
CT018746,Zone_06,Zone_07,0.2696,0.0806,0.0443,0.0714,0.1642,0.0443,0.0481,0.2696,0.1965,0.0065,0.0747
CT007792,Zone_07,Zone_07,0.2595,0.0751,0.1113,0.0764,0.1299,0.0394,0.0393,0.2595,0.2068,0.0094,0.0528
CT002166,Zone_04,Zone_08,0.2573,0.0567,0.0557,0.0821,0.1655,0.0287,0.0395,0.2445,0.2573,0.0193,0.0508
CT006509,Zone_08,Zone_07,0.2706,0.0937,0.0638,0.0864,0.142,0.0534,0.0284,0.2706,0.1838,0.0093,0.0684
CT019399,Zone_07,Zone_07,0.2989,0.0541,0.0411,0.0779,0.0977,0.0662,0.0589,0.2989,0.2421,0.0048,0.0584
CT010696,Zone_03,Zone_07,0.3604,0.0504,0.088,0.0512,0.1174,0.0462,0.0473,0.3604,0.147,0.0137,0.0783
CT016010,Zone_08,Zone_08,0.3538,0.0402,0.0661,0.0792,0.113,0.0597,0.027,0.2224,0.3538,0.0083,0.0305
CT015749,Zone_07,Zone_08,0.2759,0.0512,0.1156,0.0765,0.1612,0.0265,0.0361,0.2058,0.2759,0.0036,0.0476
CT002380,Zone_08,Zone_07,0.3006,0.072,0.0778,0.0864,0.1213,0.03,0.0382,0.3006,0.2036,0.0047,0.0654
CT007380,Zone_04,Zone_08,0.35,0.0414,0.0554,0.0579,0.0877,0.0375,0.0427,0.2521,0.35,0.0091,0.0662
CT003431,Zone_07,Zone_07,0.2988,0.0441,0.0733,0.0824,0.1117,0.0302,0.0368,0.2988,0.2536,0.0235,0.0455
CT010648,Zone_07,Zone_07,0.241,0.0444,0.1068,0.0915,0.1777,0.0304,0.0311,0.241,0.2269,0.0071,0.0431
CT009684,Zone_04,Zone_07,0.2312,0.073,0.0981,0.1513,0.1546,0.0214,0.0602,0.2312,0.1567,0.0075,0.046
CT004369,Zone_03,Zone_07,0.3372,0.0534,0.0697,0.0883,0.1075,0.0228,0.0234,0.3372,0.2462,0.0107,0.0409
CT006612,Zone_04,Zone_07,0.2398,0.0518,0.1098,0.0771,0.1312,0.0422,0.0564,0.2398,0.2101,0.0238,0.0578
CT019460,Zone_04,Zone_07,0.2918,0.0636,0.0603,0.0803,0.1538,0.0361,0.0498,0.2918,0.199,0.0086,0.0565
CT011226,Zone_04,Zone_07,0.2818,0.0688,0.0692,0.0836,0.1003,0.03,0.0611,0.2818,0.2263,0.0131,0.0658
CT006155,Zone_08,Zone_07,0.2747,0.0507,0.0611,0.0828,0.1252,0.0267,0.0486,0.2747,0.2342,0.0071,0.0889
CT004464,Zone_10,Zone_07,0.2961,0.0707,0.0896,0.0837,0.1295,0.0308,0.0344,0.2961,0.2054,0.0092,0.0505
CT017139,Zone_08,Zone_07,0.2537,0.054,0.0676,0.1219,0.0845,0.0262,0.0446,0.2537,0.2386,0.0117,0.0972
CT009782,Zone_07,Zone_07,0.2739,0.0573,0.0993,0.0903,0.1251,0.038,0.0497,0.2739,0.2129,0.0091,0.0444
CT008926,Zone_08,Zone_08,0.2963,0.0487,0.1316,0.0835,0.0872,0.0549,0.0434,0.2059,0.2963,0.0067,0.0418
CT002224,Zone_01,Zone_08,0.2785,0.0622,0.0658,0.1216,0.0783,0.0435,0.0255,0.2679,0.2785,0.0037,0.0531
CT005660,Zone_07,Zone_08,0.2678,0.0999,0.0836,0.0725,0.1174,0.0243,0.0392,0.231,0.2678,0.0176,0.0468
CT007429,Zone_08,Zone_07,0.2802,0.0381,0.0892,0.0482,0.1009,0.06,0.0786,0.2802,0.2201,0.0111,0.0737
CT012020,Zone_01,Zone_07,0.3432,0.0508,0.0553,0.0781,0.1427,0.0418,0.0447,0.3432,0.1761,0.0076,0.0597
CT007212,Zone_07,Zone_07,0.2695,0.0952,0.0708,0.0791,0.0956,0.0367,0.0749,0.2695,0.1574,0.0037,0.1172
CT012522,Zone_07,Zone_08,0.2051,0.0555,0.1641,0.0751,0.1399,0.0674,0.0421,0.1879,0.2051,0.0303,0.0325
CT012270,Zone_03,Zone_08,0.2434,0.0545,0.0811,0.1102,0.1308,0.0318,0.0355,0.227,0.2434,0.0106,0.075
CT015148,Zone_10,Zone_08,0.3641,0.0338,0.0627,0.0562,0.1063,0.0199,0.0684,0.2209,0.3641,0.0128,0.0549
CT018124,Zone_01,Zone_07,0.2946,0.0509,0.1151,0.0583,0.1421,0.0363,0.041,0.2946,0.1999,0.006,0.0557
CT016747,Zone_03,Zone_07,0.2671,0.055,0.0702,0.1022,0.1163,0.0465,0.0305,0.2671,0.227,0.0342,0.051
CT015415,Zone_04,Zone_07,0.2926,0.0524,0.0596,0.0832,0.1362,0.0436,0.0337,0.2926,0.2167,0.0209,0.0611
CT003419,Zone_02,Zone_07,0.2222,0.0545,0.0685,0.088,0.1503,0.0565,0.0402,0.2222,0.2173,0.0116,0.0907
CT009333,Zone_05,Zone_08,0.2785,0.067,0.0642,0.1016,0.1007,0.034,0.0479,0.233,0.2785,0.0211,0.0521
CT000903,Zone_02,Zone_07,0.3876,0.0608,0.0878,0.0657,0.1362,0.035,0.0218,0.3876,0.1531,0.0137,0.0384
CT005022,Zone_07,Zone_07,0.2397,0.0498,0.1591,0.0796,0.1131,0.0371,0.0531,0.2397,0.2192,0.0059,0.0433
CT014665,Zone_02,Zone_07,0.2715,0.0874,0.0712,0.1713,0.1116,0.0303,0.0322,0.2715,0.1473,0.0113,0.066
CT019813,Zone_07,Zone_07,0.2589,0.0692,0.0766,0.0922,0.1188,0.0302,0.062,0.2589,0.2173,0.0297,0.0451
CT018317,Zone_02,Zone_07,0.2343,0.1058,0.0661,0.0896,0.1437,0.0308,0.0277,0.2343,0.2141,0.0057,0.0821
CT016715,Zone_03,Zone_07,0.3012,0.0628,0.0687,0.1193,0.1755,0.0296,0.034,0.3012,0.1303,0.0062,0.0724
CT008803,Zone_03,Zone_07,0.2543,0.0737,0.0671,0.0798,0.1172,0.0618,0.0528,0.2543,0.2336,0.0146,0.0452
CT000991,Zone_08,Zone_07,0.2678,0.0576,0.0638,0.0957,0.1541,0.0543,0.0421,0.2678,0.1684,0.0181,0.0781
CT001705,Zone_08,Zone_08,0.2522,0.0764,0.0598,0.0838,0.1259,0.0317,0.045,0.2368,0.2522,0.0132,0.075
CT003079,Zone_08,Zone_07,0.3378,0.0742,0.0552,0.089,0.0781,0.0397,0.0351,0.3378,0.2344,0.0085,0.048
CT009811,Zone_04,Zone_07,0.2581,0.076,0.0469,0.0987,0.1171,0.0479,0.046,0.2581,0.1775,0.0159,0.1159
CT016070,Zone_02,Zone_07,0.2467,0.0514,0.0903,0.1002,0.1465,0.0265,0.0295,0.2467,0.2344,0.0121,0.0624
CT015931,Zone_07,Zone_07,0.3674,0.0502,0.0931,0.0696,0.1042,0.0327,0.0345,0.3674,0.1353,0.0526,0.0604
CT001996,Zone_07,Zone_07,0.2399,0.064,0.0561,0.0924,0.1672,0.0693,0.0312,0.2399,0.224,0.008,0.0477
CT006252,Zone_01,Zone_07,0.2703,0.0381,0.052,0.1371,0.0876,0.0714,0.0243,0.2703,0.209,0.0224,0.0878
CT006287,Zone_07,Zone_07,0.2487,0.0577,0.1041,0.112,0.1559,0.0318,0.0231,0.2487,0.1994,0.0125,0.0548
CT005405,Zone_08,Zone_08,0.2518,0.0546,0.0704,0.1121,0.0931,0.0617,0.0364,0.2328,0.2518,0.0127,0.0744
CT000031,Zone_07,Zone_07,0.2982,0.0844,0.0667,0.0861,0.1112,0.0352,0.0619,0.2982,0.1763,0.022,0.0579
CT009282,Zone_09,Zone_08,0.2802,0.0795,0.0438,0.0938,0.1339,0.0476,0.0249,0.2399,0.2802,0.0051,0.0512
CT001138,Zone_08,Zone_07,0.3394,0.0685,0.0565,0.0549,0.1312,0.0308,0.0682,0.3394,0.1927,0.0136,0.0442
CT015859,Zone_08,Zone_07,0.2829,0.0564,0.0895,0.0776,0.1162,0.0369,0.045,0.2829,0.2087,0.0106,0.0764
CT013776,Zone_05,Zone_07,0.2044,0.0723,0.0957,0.1289,0.1563,0.0322,0.0453,0.2044,0.1442,0.0078,0.1129
CT012900,Zone_04,Zone_07,0.295,0.0602,0.0724,0.0823,0.1385,0.0515,0.0355,0.295,0.1946,0.0119,0.058
CT000759,Zone_02,Zone_07,0.2857,0.0704,0.094,0.1014,0.1175,0.0265,0.0406,0.2857,0.1943,0.0082,0.0615
CT012802,Zone_08,Zone_07,0.3228,0.0795,0.0651,0.0863,0.1354,0.0386,0.0355,0.3228,0.167,0.0106,0.059
CT019379,Zone_07,Zone_07,0.2851,0.0597,0.0966,0.0911,0.1172,0.0274,0.0381,0.2851,0.2243,0.0108,0.0496
CT006143,Zone_03,Zone_07,0.3066,0.0742,0.0802,0.0901,0.1223,0.0338,0.0326,0.3066,0.1954,0.0139,0.0507
CT014097,Zone_07,Zone_07,0.2317,0.0549,0.074,0.15,0.1237,0.0374,0.0561,0.2317,0.2144,0.0068,0.0511
CT005151,Zone_08,Zone_07,0.307,0.0522,0.0905,0.0813,0.1624,0.0503,0.0354,0.307,0.1478,0.0069,0.0663
CT013412,Zone_04,Zone_07,0.2695,0.0545,0.0943,0.083,0.1293,0.0566,0.0425,0.2695,0.2089,0.0098,0.0517
CT010336,Zone_10,Zone_07,0.2849,0.0588,0.0718,0.0912,0.1727,0.031,0.0212,0.2849,0.2098,0.0101,0.0485
CT003780,Zone_10,Zone_07,0.314,0.0643,0.0726,0.0601,0.1322,0.0259,0.0403,0.314,0.1904,0.0066,0.0937
CT018908,Zone_01,Zone_07,0.2352,0.0514,0.0852,0.0812,0.1965,0.0295,0.0363,0.2352,0.23,0.0046,0.0501
CT019784,Zone_04,Zone_07,0.2621,0.0553,0.0701,0.0941,0.132,0.0557,0.0402,0.2621,0.2273,0.0087,0.0544
CT017781,Zone_01,Zone_07,0.2331,0.0526,0.0931,0.0895,0.1359,0.0262,0.0656,0.2331,0.2136,0.0297,0.0607
CT015502,Zone_10,Zone_07,0.3549,0.065,0.0499,0.0717,0.1857,0.0144,0.0191,0.3549,0.1596,0.0048,0.075
CT005780,Zone_03,Zone_07,0.297,0.0735,0.0653,0.0711,0.1402,0.0278,0.0321,0.297,0.2307,0.0084,0.0538
CT007980,Zone_08,Zone_07,0.2856,0.0635,0.0755,0.068,0.1763,0.0335,0.0314,0.2856,0.2019,0.0063,0.058
CT019464,Zone_02,Zone_08,0.2699,0.0496,0.0611,0.094,0.1391,0.0473,0.038,0.2552,0.2699,0.0068,0.039
CT014924,Zone_04,Zone_07,0.3,0.0834,0.1049,0.1036,0.1657,0.0167,0.0405,0.3,0.1335,0.0091,0.0427
CT013356,Zone_07,Zone_07,0.4628,0.0307,0.0703,0.066,0.1379,0.0631,0.018,0.4628,0.1233,0.0026,0.0254
CT018388,Zone_04,Zone_07,0.2727,0.0635,0.099,0.0928,0.1245,0.0443,0.0327,0.2727,0.2101,0.0135,0.0468
CT018198,Zone_02,Zone_07,0.2767,0.0564,0.0627,0.0911,0.1272,0.0363,0.0421,0.2767,0.228,0.0147,0.0649
CT018395,Zone_04,Zone_07,0.3093,0.0601,0.1029,0.0807,0.1194,0.0274,0.0302,0.3093,0.1803,0.0117,0.078
CT006788,Zone_07,Zone_07,0.254,0.0616,0.0652,0.0771,0.1559,0.0278,0.0386,0.254,0.2231,0.0084,0.0883
CT019905,Zone_07,Zone_07,0.3133,0.0618,0.1161,0.0988,0.0934,0.0295,0.0385,0.3133,0.1816,0.0121,0.0547
CT014401,Zone_03,Zone_07,0.2805,0.0549,0.0845,0.0925,0.1266,0.0521,0.0352,0.2805,0.2011,0.0082,0.0643
CT001327,Zone_05,Zone_07,0.2649,0.0624,0.0916,0.0787,0.1251,0.0428,0.0443,0.2649,0.2217,0.0091,0.0593
CT006470,Zone_07,Zone_08,0.2734,0.0613,0.0788,0.0943,0.1138,0.0305,0.0275,0.223,0.2734,0.0062,0.0911
CT014785,Zone_03,Zone_07,0.28,0.0747,0.0597,0.1017,0.1213,0.0355,0.0503,0.28,0.191,0.0062,0.0797
CT012908,Zone_08,Zone_08,0.2462,0.0841,0.0634,0.0664,0.155,0.033,0.0425,0.2415,0.2462,0.0123,0.0556
CT007713,Zone_08,Zone_07,0.3933,0.036,0.1052,0.1086,0.0921,0.0291,0.0421,0.3933,0.1429,0.0096,0.0412
CT015216,Zone_08,Zone_07,0.2747,0.068,0.0677,0.0865,0.1279,0.0328,0.0539,0.2747,0.223,0.0118,0.0537
CT009329,Zone_02,Zone_07,0.3043,0.0615,0.0776,0.0905,0.1299,0.0314,0.0504,0.3043,0.1919,0.0149,0.0476
CT007402,Zone_04,Zone_07,0.2676,0.0581,0.0845,0.0852,0.1631,0.0405,0.0376,0.2676,0.2082,0.008,0.0471
CT008044,Zone_08,Zone_08,0.2526,0.0558,0.0539,0.0806,0.1222,0.0293,0.0685,0.2252,0.2526,0.0083,0.1036
CT004985,Zone_04,Zone_07,0.3224,0.0406,0.0731,0.08,0.1037,0.021,0.0303,0.3224,0.2634,0.0062,0.0594
CT003653,Zone_04,Zone_07,0.2594,0.0546,0.0605,0.1409,0.177,0.0463,0.0283,0.2594,0.15,0.0194,0.0635
CT011770,Zone_01,Zone_07,0.3004,0.0565,0.1002,0.0883,0.1111,0.0385,0.0418,0.3004,0.2037,0.0148,0.0448
CT014639,Zone_04,Zone_07,0.3706,0.0437,0.0661,0.1064,0.1184,0.0291,0.0381,0.3706,0.168,0.0052,0.0544
CT017343,Zone_01,Zone_07,0.2865,0.0504,0.1291,0.0953,0.1306,0.0341,0.0578,0.2865,0.1807,0.0145,0.0211
CT014870,Zone_04,Zone_08,0.258,0.0579,0.0633,0.0902,0.1276,0.0231,0.0283,0.2499,0.258,0.0223,0.0794
CT004622,Zone_10,Zone_07,0.2339,0.0463,0.0748,0.1608,0.1214,0.0488,0.044,0.2339,0.1938,0.0109,0.0651
CT012448,Zone_08,Zone_07,0.3103,0.0907,0.0641,0.091,0.0956,0.0302,0.0552,0.3103,0.2193,0.0116,0.032
CT017939,Zone_05,Zone_07,0.3294,0.0619,0.0819,0.1665,0.1265,0.0133,0.0304,0.3294,0.105,0.0196,0.0654
CT005115,Zone_03,Zone_07,0.3216,0.0566,0.0695,0.0721,0.1224,0.0369,0.0488,0.3216,0.2001,0.0133,0.0586
CT011065,Zone_01,Zone_08,0.3524,0.056,0.0547,0.0542,0.0808,0.0727,0.0295,0.1813,0.3524,0.0051,0.1132
CT019403,Zone_07,Zone_07,0.2611,0.0685,0.1064,0.1032,0.1311,0.0285,0.0476,0.2611,0.1967,0.0076,0.0493
CT006395,Zone_08,Zone_08,0.3068,0.0402,0.0763,0.098,0.1509,0.0486,0.061,0.1523,0.3068,0.0087,0.0573
CT003543,Zone_07,Zone_08,0.2021,0.0625,0.1617,0.1202,0.1162,0.0713,0.0321,0.1785,0.2021,0.0079,0.0476
CT008129,Zone_07,Zone_07,0.2772,0.048,0.054,0.086,0.1535,0.0405,0.0349,0.2772,0.2286,0.0075,0.0698
CT009201,Zone_03,Zone_07,0.2774,0.0472,0.0699,0.0837,0.1122,0.0429,0.0329,0.2774,0.263,0.0246,0.0463
CT019476,Zone_07,Zone_08,0.3119,0.0749,0.0525,0.09,0.1186,0.0204,0.0324,0.2212,0.3119,0.0026,0.0754
CT007403,Zone_04,Zone_08,0.2587,0.0482,0.0844,0.083,0.1513,0.0516,0.0624,0.2204,0.2587,0.0031,0.0369
CT008439,Zone_10,Zone_07,0.26,0.0481,0.0797,0.0778,0.1786,0.0355,0.0351,0.26,0.2165,0.0073,0.0615
CT014041,Zone_08,Zone_07,0.292,0.0946,0.0666,0.0892,0.117,0.0349,0.0444,0.292,0.1824,0.004,0.0748
CT010184,Zone_02,Zone_07,0.2743,0.0545,0.1434,0.0829,0.1342,0.0329,0.0256,0.2743,0.2024,0.0107,0.0392
CT015178,Zone_02,Zone_08,0.302,0.0302,0.0753,0.1319,0.1303,0.0315,0.036,0.1685,0.302,0.0077,0.0865
CT011397,Zone_07,Zone_07,0.2736,0.0673,0.061,0.0921,0.157,0.0349,0.0223,0.2736,0.169,0.0219,0.1009
CT007431,Zone_07,Zone_07,0.384,0.0655,0.0658,0.0928,0.1145,0.0318,0.0269,0.384,0.1739,0.005,0.0398
CT011211,Zone_08,Zone_08,0.2689,0.0574,0.0617,0.0804,0.2046,0.0281,0.0256,0.2209,0.2689,0.0098,0.0427
CT017611,Zone_02,Zone_08,0.2251,0.0866,0.0465,0.1529,0.1434,0.0406,0.0391,0.189,0.2251,0.0342,0.0426
CT001338,Zone_08,Zone_07,0.2664,0.0499,0.1236,0.0886,0.1284,0.0332,0.0436,0.2664,0.207,0.0085,0.0507
CT012342,Zone_10,Zone_07,0.2778,0.075,0.0763,0.0952,0.1141,0.0281,0.0413,0.2778,0.2314,0.0086,0.0522
CT014820,Zone_04,Zone_08,0.2548,0.0839,0.0538,0.0871,0.1702,0.0235,0.0324,0.2093,0.2548,0.0043,0.0808
CT008215,Zone_04,Zone_08,0.2904,0.0435,0.0756,0.1346,0.0997,0.0236,0.05,0.2112,0.2904,0.007,0.0644
CT007786,Zone_10,Zone_07,0.3369,0.062,0.0983,0.0578,0.0999,0.0223,0.0354,0.3369,0.2086,0.0047,0.074
CT008881,Zone_08,Zone_07,0.3472,0.0629,0.0516,0.081,0.1555,0.029,0.0269,0.3472,0.1548,0.0156,0.0754
CT005319,Zone_08,Zone_07,0.2772,0.0683,0.0602,0.0916,0.1216,0.0316,0.0552,0.2772,0.2336,0.009,0.0517
CT010195,Zone_02,Zone_07,0.2783,0.0576,0.0644,0.1061,0.1287,0.0301,0.0446,0.2783,0.1832,0.0092,0.0977
CT018923,Zone_06,Zone_07,0.3267,0.0279,0.1196,0.0858,0.0844,0.0462,0.0551,0.3267,0.1882,0.0026,0.0635
CT014414,Zone_07,Zone_07,0.3937,0.0416,0.0862,0.0692,0.1093,0.0217,0.0563,0.3937,0.1037,0.0249,0.0935
CT015525,Zone_08,Zone_08,0.2589,0.0581,0.0921,0.1108,0.0933,0.0233,0.0501,0.2384,0.2589,0.0143,0.0607
CT007669,Zone_08,Zone_07,0.246,0.058,0.0869,0.0988,0.1391,0.0561,0.0391,0.246,0.2132,0.0134,0.0494
CT019288,Zone_08,Zone_04,0.2237,0.0323,0.133,0.121,0.2237,0.0423,0.0257,0.1915,0.1777,0.0058,0.0471
CT013639,Zone_07,Zone_07,0.3272,0.0651,0.0578,0.0883,0.1185,0.0385,0.042,0.3272,0.1825,0.007,0.0732
CT010859,Zone_07,Zone_07,0.2799,0.0784,0.0926,0.113,0.1454,0.021,0.0305,0.2799,0.1849,0.008,0.0463
CT017423,Zone_04,Zone_07,0.2945,0.0485,0.0747,0.0897,0.1221,0.0262,0.0365,0.2945,0.2076,0.014,0.0862
CT007202,Zone_04,Zone_07,0.206,0.0426,0.0914,0.092,0.1833,0.0629,0.0667,0.206,0.1995,0.0047,0.0509
CT010517,Zone_02,Zone_07,0.3308,0.038,0.0549,0.0706,0.1877,0.0474,0.0421,0.3308,0.1918,0.0065,0.0304
CT010835,Zone_04,Zone_08,0.2708,0.0693,0.1628,0.0797,0.108,0.0276,0.0282,0.1958,0.2708,0.0102,0.0477
CT014592,Zone_10,Zone_07,0.2931,0.0666,0.0587,0.1078,0.1,0.0709,0.0477,0.2931,0.1923,0.0041,0.0587
CT000709,Zone_08,Zone_07,0.3074,0.0631,0.0671,0.1089,0.1593,0.0504,0.0331,0.3074,0.1833,0.0024,0.025
CT014021,Zone_07,Zone_07,0.2875,0.094,0.0521,0.0928,0.1481,0.0268,0.0324,0.2875,0.2024,0.007,0.057
CT002030,Zone_08,Zone_08,0.2347,0.0611,0.0727,0.1188,0.147,0.0281,0.0354,0.233,0.2347,0.0131,0.0561
CT009347,Zone_05,Zone_08,0.2805,0.045,0.1006,0.0994,0.1339,0.0404,0.0659,0.189,0.2805,0.0162,0.0291
CT007595,Zone_08,Zone_07,0.2895,0.0586,0.0544,0.09,0.1997,0.0282,0.0363,0.2895,0.1813,0.0054,0.0567
CT018707,Zone_07,Zone_07,0.296,0.0501,0.0737,0.067,0.1225,0.0341,0.0298,0.296,0.2314,0.0126,0.0827
CT014800,Zone_08,Zone_08,0.2286,0.0683,0.0736,0.099,0.1178,0.0467,0.0603,0.196,0.2286,0.0304,0.0793
CT002394,Zone_02,Zone_07,0.3325,0.0514,0.1103,0.0863,0.1069,0.0974,0.0282,0.3325,0.1452,0.0044,0.0375
CT016550,Zone_08,Zone_08,0.2636,0.0497,0.0697,0.1155,0.1344,0.0438,0.0283,0.2195,0.2636,0.0095,0.066
CT019566,Zone_07,Zone_07,0.2454,0.0682,0.086,0.1069,0.1163,0.0724,0.034,0.2454,0.2019,0.0061,0.0628
CT009444,Zone_04,Zone_07,0.2943,0.0511,0.1109,0.0996,0.1298,0.029,0.0479,0.2943,0.1808,0.0145,0.0419
CT011697,Zone_08,Zone_08,0.294,0.0752,0.0717,0.1062,0.1032,0.033,0.038,0.23,0.294,0.0069,0.0419
CT005582,Zone_05,Zone_07,0.3052,0.0538,0.0833,0.0828,0.1086,0.0346,0.0289,0.3052,0.2375,0.0133,0.052
CT015436,Zone_05,Zone_07,0.3002,0.0801,0.0885,0.0741,0.1202,0.0253,0.026,0.3002,0.2083,0.0296,0.0477
CT017753,Zone_10,Zone_07,0.3035,0.1576,0.1013,0.1066,0.0945,0.0332,0.0267,0.3035,0.0809,0.0099,0.0858
CT016697,Zone_01,Zone_07,0.2706,0.0538,0.0546,0.0783,0.2228,0.0311,0.0293,0.2706,0.1929,0.0162,0.0504
CT007268,Zone_08,Zone_08,0.2132,0.0713,0.0938,0.0778,0.1532,0.0447,0.0712,0.1895,0.2132,0.0145,0.0709
CT018663,Zone_07,Zone_07,0.3178,0.0566,0.0812,0.0991,0.0996,0.029,0.0458,0.3178,0.2025,0.0081,0.0604
CT007168,Zone_01,Zone_08,0.2276,0.0297,0.0711,0.116,0.1494,0.0697,0.0613,0.2191,0.2276,0.0113,0.0447
CT000881,Zone_08,Zone_07,0.3035,0.0606,0.0708,0.0807,0.1148,0.0288,0.0377,0.3035,0.2259,0.0174,0.0599
CT003613,Zone_08,Zone_07,0.3151,0.1288,0.0688,0.0568,0.1913,0.0322,0.0435,0.3151,0.1169,0.0024,0.0443
CT010999,Zone_07,Zone_07,0.2728,0.0759,0.073,0.0866,0.1382,0.0304,0.0344,0.2728,0.192,0.036,0.0606
CT007409,Zone_07,Zone_07,0.3036,0.0609,0.084,0.0923,0.1159,0.0292,0.0379,0.3036,0.2008,0.0098,0.0656
CT011922,Zone_07,Zone_07,0.246,0.0722,0.0644,0.092,0.2128,0.0339,0.0307,0.246,0.1759,0.032,0.0401
CT006259,Zone_08,Zone_07,0.2665,0.0668,0.0903,0.0865,0.1522,0.0361,0.0456,0.2665,0.2029,0.0118,0.0413
CT000644,Zone_04,Zone_08,0.2541,0.0735,0.0801,0.0813,0.1383,0.0386,0.0306,0.2478,0.2541,0.0079,0.0476
CT004803,Zone_02,Zone_07,0.2528,0.0484,0.1017,0.0723,0.1281,0.0364,0.0718,0.2528,0.2126,0.0053,0.0705
CT016945,Zone_10,Zone_08,0.267,0.0591,0.0853,0.0988,0.1033,0.0361,0.0411,0.2376,0.267,0.0084,0.0632
CT019530,Zone_08,Zone_07,0.2579,0.0707,0.0895,0.0622,0.1271,0.0511,0.0367,0.2579,0.2329,0.0175,0.0545
CT015295,Zone_06,Zone_07,0.3688,0.0664,0.0528,0.1084,0.0995,0.0203,0.0531,0.3688,0.1866,0.007,0.0371
CT014040,Zone_04,Zone_08,0.247,0.0764,0.0851,0.1427,0.1083,0.0352,0.0389,0.1864,0.247,0.0094,0.0707
CT007714,Zone_04,Zone_07,0.2767,0.0425,0.0875,0.0853,0.0987,0.0337,0.0666,0.2767,0.26,0.0085,0.0405
CT016075,Zone_07,Zone_07,0.2737,0.0564,0.1333,0.0737,0.1564,0.0294,0.045,0.2737,0.1767,0.0057,0.0497
CT007307,Zone_02,Zone_07,0.267,0.0615,0.0858,0.0815,0.1239,0.0323,0.041,0.267,0.2504,0.0087,0.0479
CT015205,Zone_01,Zone_07,0.3123,0.0806,0.0636,0.089,0.1167,0.0432,0.0341,0.3123,0.1886,0.0109,0.061
CT010169,Zone_06,Zone_07,0.2585,0.0424,0.0588,0.0782,0.1976,0.0275,0.04,0.2585,0.2328,0.0059,0.0584
CT018937,Zone_03,Zone_07,0.2589,0.0806,0.0598,0.0754,0.1264,0.0373,0.0571,0.2589,0.2201,0.0115,0.073
CT000480,Zone_08,Zone_07,0.3067,0.059,0.0591,0.0655,0.1106,0.0503,0.0522,0.3067,0.2339,0.0079,0.0547
CT002533,Zone_08,Zone_08,0.2361,0.0657,0.0826,0.0896,0.1211,0.1044,0.0336,0.2026,0.2361,0.0107,0.0537
CT000753,Zone_04,Zone_08,0.258,0.0575,0.0757,0.0778,0.1113,0.0593,0.0474,0.2363,0.258,0.0136,0.0631
CT016711,Zone_03,Zone_07,0.28,0.0567,0.0831,0.102,0.0821,0.0195,0.0668,0.28,0.2295,0.0084,0.0721
CT012337,Zone_03,Zone_07,0.2241,0.0615,0.0879,0.1094,0.1019,0.0265,0.0539,0.2241,0.217,0.0118,0.106
CT008306,Zone_03,Zone_04,0.1987,0.1203,0.0798,0.049,0.1987,0.0387,0.0429,0.1577,0.1898,0.013,0.11
CT005387,Zone_03,Zone_07,0.2313,0.1082,0.0495,0.1107,0.1178,0.0341,0.0212,0.2313,0.2274,0.0291,0.0708
CT007328,Zone_08,Zone_08,0.2589,0.0289,0.077,0.0667,0.179,0.0604,0.0314,0.2344,0.2589,0.0145,0.0487
CT012255,Zone_02,Zone_07,0.2464,0.053,0.1158,0.0861,0.1349,0.0239,0.0752,0.2464,0.1719,0.0087,0.0841
CT003132,Zone_06,Zone_07,0.2938,0.0674,0.0732,0.0879,0.1383,0.0556,0.0358,0.2938,0.1855,0.0132,0.0493
CT000947,Zone_08,Zone_08,0.2817,0.0567,0.0789,0.073,0.1062,0.0565,0.0587,0.2118,0.2817,0.0078,0.0686
CT001520,Zone_01,Zone_07,0.3206,0.0615,0.0731,0.079,0.1087,0.0434,0.0323,0.3206,0.2205,0.016,0.0449
CT015335,Zone_04,Zone_07,0.3097,0.0499,0.0616,0.0836,0.101,0.0378,0.0586,0.3097,0.2304,0.0106,0.0568
CT005859,Zone_07,Zone_08,0.2948,0.0322,0.0706,0.0872,0.103,0.0481,0.0594,0.2586,0.2948,0.0099,0.0362
CT012647,Zone_03,Zone_07,0.2619,0.0675,0.0669,0.1265,0.1401,0.0267,0.0408,0.2619,0.2067,0.0146,0.0481
CT006993,Zone_06,Zone_07,0.2683,0.0808,0.0417,0.0742,0.135,0.0322,0.0448,0.2683,0.2416,0.0068,0.0746
CT002331,Zone_08,Zone_07,0.3722,0.0334,0.0805,0.0626,0.1142,0.0207,0.0471,0.3722,0.1938,0.0179,0.0576
CT005246,Zone_08,Zone_07,0.2897,0.078,0.0814,0.0639,0.1386,0.0221,0.0246,0.2897,0.2294,0.0306,0.0418
CT008312,Zone_04,Zone_08,0.3324,0.0575,0.0736,0.0839,0.1604,0.0226,0.0286,0.1916,0.3324,0.0035,0.0459
CT015726,Zone_04,Zone_07,0.3351,0.059,0.0711,0.0894,0.0938,0.0269,0.0219,0.3351,0.2442,0.009,0.0494
CT004431,Zone_04,Zone_07,0.246,0.1084,0.0945,0.0816,0.0952,0.0303,0.0657,0.246,0.2349,0.0053,0.0382
CT012876,Zone_05,Zone_07,0.2491,0.067,0.088,0.0939,0.1368,0.0284,0.0425,0.2491,0.2308,0.0089,0.0545
CT011871,Zone_02,Zone_07,0.2597,0.0599,0.0924,0.087,0.1631,0.0598,0.0398,0.2597,0.1855,0.0063,0.0465
CT002207,Zone_07,Zone_07,0.3391,0.0509,0.0782,0.0642,0.1188,0.0197,0.0673,0.3391,0.1639,0.0111,0.0869
CT009552,Zone_03,Zone_07,0.341,0.0597,0.0666,0.0793,0.1163,0.0373,0.0294,0.341,0.2069,0.0117,0.052
CT001371,Zone_03,Zone_07,0.253,0.0559,0.1105,0.1309,0.1607,0.0506,0.021,0.253,0.1789,0.0018,0.0366
CT005652,Zone_08,Zone_07,0.2632,0.0639,0.0967,0.0641,0.1351,0.0286,0.0291,0.2632,0.2586,0.0124,0.0483
CT011317,Zone_04,Zone_08,0.2651,0.0561,0.0659,0.1213,0.0824,0.0463,0.0388,0.223,0.2651,0.0046,0.0965
CT006018,Zone_07,Zone_07,0.3205,0.0896,0.0887,0.0429,0.1603,0.0369,0.0266,0.3205,0.1352,0.0196,0.0797
CT018231,Zone_02,Zone_07,0.2877,0.0651,0.0785,0.0781,0.0963,0.0515,0.0529,0.2877,0.2255,0.0117,0.0528
CT013022,Zone_08,Zone_07,0.3139,0.0762,0.1081,0.1058,0.1222,0.0502,0.0307,0.3139,0.1403,0.0078,0.0449
CT007135,Zone_04,Zone_08,0.2277,0.0787,0.0749,0.0981,0.1166,0.0756,0.0379,0.219,0.2277,0.0105,0.0611
CT007067,Zone_08,Zone_08,0.2367,0.0514,0.1277,0.134,0.1134,0.047,0.0293,0.2027,0.2367,0.0101,0.0478
CT005790,Zone_08,Zone_07,0.2181,0.0746,0.0709,0.0894,0.1364,0.0394,0.0633,0.2181,0.2134,0.0083,0.0863
CT013850,Zone_04,Zone_07,0.2404,0.1176,0.0637,0.0926,0.1179,0.0589,0.0347,0.2404,0.1989,0.0101,0.0652
CT018493,Zone_02,Zone_07,0.2816,0.0673,0.077,0.0694,0.0933,0.0572,0.0242,0.2816,0.2644,0.011,0.0546
CT009400,Zone_07,Zone_07,0.3617,0.0517,0.0778,0.1149,0.1222,0.0288,0.0394,0.3617,0.1116,0.0076,0.0844
CT015890,Zone_03,Zone_07,0.2848,0.0572,0.1067,0.0977,0.1172,0.0268,0.036,0.2848,0.1902,0.0125,0.071
CT017302,Zone_05,Zone_07,0.267,0.0703,0.0653,0.1108,0.1301,0.0494,0.0444,0.267,0.1933,0.0084,0.0611
CT001344,Zone_07,Zone_07,0.2774,0.0894,0.0594,0.1011,0.1158,0.0356,0.0506,0.2774,0.2169,0.008,0.0459
CT006939,Zone_02,Zone_08,0.2584,0.056,0.0807,0.0854,0.1209,0.0369,0.057,0.2316,0.2584,0.0091,0.0639
CT015990,Zone_08,Zone_07,0.2904,0.0628,0.08,0.0756,0.1354,0.0438,0.0427,0.2904,0.2032,0.0121,0.0541
CT018258,Zone_08,Zone_07,0.2536,0.0466,0.0682,0.1204,0.1084,0.0281,0.0339,0.2536,0.2261,0.0203,0.0942
CT019804,Zone_08,Zone_07,0.2984,0.0528,0.086,0.0585,0.1435,0.0439,0.0601,0.2984,0.1921,0.0062,0.0586
CT000387,Zone_07,Zone_07,0.2701,0.0626,0.0733,0.0987,0.1576,0.0252,0.0196,0.2701,0.2279,0.0117,0.0533
CT018693,Zone_08,Zone_07,0.2543,0.0562,0.0845,0.0953,0.1552,0.0441,0.0346,0.2543,0.2083,0.0121,0.0553
CT014965,Zone_08,Zone_07,0.3695,0.0688,0.0725,0.0883,0.1302,0.0172,0.0367,0.3695,0.1471,0.0075,0.0622
CT010489,Zone_09,Zone_07,0.2366,0.0534,0.0766,0.1048,0.1484,0.0325,0.0268,0.2366,0.2153,0.0064,0.0992
CT017592,Zone_08,Zone_08,0.2194,0.0614,0.0972,0.1111,0.125,0.0467,0.0601,0.2067,0.2194,0.0133,0.059
CT016457,Zone_08,Zone_08,0.2589,0.0692,0.0811,0.0901,0.1223,0.0341,0.0572,0.2327,0.2589,0.0077,0.0468
CT003468,Zone_04,Zone_07,0.3224,0.058,0.0514,0.0767,0.06,0.0454,0.0561,0.3224,0.2818,0.0044,0.0436
CT008416,Zone_07,Zone_07,0.2791,0.0626,0.07,0.0867,0.1173,0.0332,0.034,0.2791,0.2516,0.0099,0.0556
CT013587,Zone_08,Zone_07,0.2421,0.0569,0.1478,0.0594,0.1143,0.0618,0.0113,0.2421,0.2382,0.0038,0.0642
CT009199,Zone_04,Zone_08,0.2453,0.0742,0.0958,0.1097,0.1539,0.0386,0.05,0.1689,0.2453,0.0149,0.0487
CT017336,Zone_07,Zone_07,0.3076,0.1005,0.0677,0.0664,0.094,0.0274,0.0715,0.3076,0.1795,0.009,0.0762
CT018529,Zone_08,Zone_07,0.2753,0.0827,0.0607,0.1901,0.1117,0.0286,0.0345,0.2753,0.1454,0.0099,0.0609
CT015770,Zone_07,Zone_07,0.2796,0.0444,0.0675,0.0888,0.1525,0.0213,0.0583,0.2796,0.1841,0.0097,0.0939
CT003203,Zone_06,Zone_07,0.3231,0.0527,0.0866,0.0849,0.101,0.0293,0.0369,0.3231,0.2177,0.0137,0.054
CT011296,Zone_07,Zone_07,0.2677,0.0555,0.0695,0.1008,0.1494,0.0334,0.034,0.2677,0.2224,0.0151,0.0523
CT012456,Zone_07,Zone_07,0.2622,0.068,0.1059,0.084,0.1237,0.0226,0.0405,0.2622,0.2345,0.0096,0.049
CT012888,Zone_04,Zone_07,0.3039,0.0513,0.0625,0.0973,0.1232,0.0249,0.0376,0.3039,0.2195,0.0182,0.0616
CT011432,Zone_02,Zone_08,0.3108,0.0359,0.0728,0.0757,0.1348,0.0379,0.0339,0.2594,0.3108,0.0076,0.0313
CT014173,Zone_08,Zone_08,0.2228,0.0491,0.0931,0.1239,0.1336,0.0505,0.0425,0.2145,0.2228,0.0141,0.0559
CT003044,Zone_08,Zone_07,0.4355,0.0402,0.089,0.1277,0.1271,0.0511,0.0101,0.4355,0.0788,0.0046,0.0359
CT019352,Zone_02,Zone_07,0.2948,0.0533,0.0712,0.0851,0.1197,0.036,0.0441,0.2948,0.2309,0.01,0.055
CT003229,Zone_08,Zone_07,0.3641,0.0591,0.0822,0.061,0.1269,0.0294,0.0344,0.3641,0.1746,0.0153,0.053
CT012279,Zone_07,Zone_07,0.2523,0.0923,0.1021,0.0746,0.0876,0.0288,0.0519,0.2523,0.2509,0.0044,0.0551
CT005706,Zone_08,Zone_07,0.2261,0.0663,0.1561,0.0834,0.112,0.0191,0.0806,0.2261,0.2185,0.0066,0.0313
CT015519,Zone_01,Zone_07,0.2311,0.0441,0.0798,0.1022,0.1407,0.0523,0.031,0.2311,0.2275,0.0195,0.0716
CT010323,Zone_01,Zone_08,0.269,0.0681,0.068,0.0808,0.1164,0.0452,0.042,0.2326,0.269,0.0097,0.0682
CT004655,Zone_08,Zone_07,0.2458,0.0498,0.0807,0.0879,0.1123,0.0584,0.0964,0.2458,0.1624,0.013,0.0933
CT002179,Zone_04,Zone_07,0.3145,0.0899,0.0695,0.0628,0.1162,0.0376,0.048,0.3145,0.1915,0.0055,0.0644
CT008050,Zone_08,Zone_07,0.2785,0.0746,0.0959,0.0959,0.1494,0.0548,0.0319,0.2785,0.1478,0.0079,0.0632
CT013269,Zone_08,Zone_07,0.2877,0.0953,0.1038,0.0771,0.1196,0.0337,0.0365,0.2877,0.1835,0.0184,0.0445
CT004533,Zone_08,Zone_08,0.2567,0.053,0.0924,0.0985,0.1542,0.0327,0.0443,0.2036,0.2567,0.0072,0.0574
CT008148,Zone_01,Zone_08,0.3059,0.0774,0.0769,0.086,0.1212,0.0578,0.0363,0.1757,0.3059,0.0059,0.057
CT002676,Zone_07,Zone_07,0.2924,0.0659,0.0751,0.0743,0.109,0.04,0.0358,0.2924,0.2438,0.0076,0.0563
CT016876,Zone_02,Zone_07,0.3282,0.053,0.0859,0.1326,0.0986,0.0271,0.0428,0.3282,0.1613,0.0097,0.0608
CT005211,Zone_08,Zone_07,0.3067,0.0938,0.0697,0.1008,0.1299,0.0271,0.0296,0.3067,0.1708,0.012,0.0595
CT013018,Zone_08,Zone_08,0.2452,0.0826,0.0676,0.1211,0.172,0.0274,0.0241,0.1974,0.2452,0.0185,0.0441
CT006779,Zone_04,Zone_08,0.2436,0.0331,0.096,0.092,0.1319,0.0337,0.0533,0.2408,0.2436,0.0189,0.0566
CT007996,Zone_04,Zone_08,0.2604,0.0591,0.109,0.0693,0.1068,0.0394,0.0354,0.2574,0.2604,0.0184,0.045
CT008390,Zone_07,Zone_07,0.2802,0.0368,0.0973,0.1173,0.149,0.0464,0.0404,0.2802,0.1479,0.0196,0.0651
CT019719,Zone_10,Zone_07,0.2817,0.0543,0.0666,0.0995,0.099,0.0621,0.0451,0.2817,0.2235,0.0101,0.0581
CT008764,Zone_07,Zone_07,0.2697,0.0976,0.0688,0.0721,0.1108,0.0373,0.0411,0.2697,0.2497,0.0081,0.0447
CT011734,Zone_03,Zone_08,0.2615,0.0665,0.0575,0.0688,0.1257,0.0293,0.0469,0.2485,0.2615,0.029,0.0664
CT010988,Zone_09,Zone_07,0.2494,0.0587,0.058,0.0774,0.183,0.0214,0.0287,0.2494,0.2482,0.0099,0.0654
CT007674,Zone_08,Zone_08,0.2508,0.0464,0.0959,0.1147,0.1202,0.0562,0.0329,0.2213,0.2508,0.0105,0.0511
CT012039,Zone_07,Zone_07,0.2661,0.04,0.0824,0.1054,0.1175,0.0325,0.0717,0.2661,0.2391,0.0117,0.0336
CT007973,Zone_07,Zone_07,0.2424,0.0861,0.0819,0.0754,0.1787,0.0437,0.044,0.2424,0.1943,0.0087,0.0449
CT008954,Zone_10,Zone_07,0.2401,0.0586,0.0739,0.1214,0.1395,0.0258,0.0297,0.2401,0.2338,0.0154,0.0617
CT018045,Zone_06,Zone_07,0.2589,0.0575,0.081,0.1128,0.1126,0.0388,0.0489,0.2589,0.2165,0.0197,0.0531
CT008999,Zone_10,Zone_08,0.2517,0.0583,0.0762,0.108,0.1184,0.0291,0.0559,0.224,0.2517,0.0219,0.0564
CT007529,Zone_05,Zone_08,0.2541,0.071,0.0552,0.0764,0.1106,0.0497,0.0613,0.24,0.2541,0.0288,0.0529
CT006592,Zone_08,Zone_07,0.2639,0.083,0.0869,0.1124,0.1148,0.0308,0.0341,0.2639,0.1984,0.0181,0.0575
CT001110,Zone_01,Zone_07,0.3044,0.0554,0.067,0.0617,0.1024,0.0425,0.0525,0.3044,0.2417,0.0141,0.0583
CT002518,Zone_01,Zone_07,0.2583,0.0586,0.0881,0.0896,0.1209,0.0381,0.0474,0.2583,0.2333,0.0075,0.0582
CT011030,Zone_10,Zone_08,0.2311,0.0481,0.0865,0.1495,0.0936,0.0255,0.0528,0.2177,0.2311,0.0072,0.0882
CT016858,Zone_07,Zone_07,0.2508,0.0346,0.082,0.1104,0.1744,0.0561,0.0268,0.2508,0.1864,0.0081,0.0704
CT013464,Zone_04,Zone_07,0.3095,0.0621,0.0557,0.1075,0.1379,0.0446,0.028,0.3095,0.1908,0.0054,0.0586
CT015463,Zone_07,Zone_07,0.3176,0.0547,0.0638,0.0877,0.1098,0.0334,0.0437,0.3176,0.203,0.0136,0.0726
CT013854,Zone_05,Zone_07,0.3446,0.0655,0.0855,0.0968,0.0921,0.0334,0.0522,0.3446,0.1491,0.0202,0.0607
CT010043,Zone_08,Zone_07,0.2781,0.0634,0.0648,0.0801,0.1281,0.0342,0.0334,0.2781,0.2154,0.0325,0.0698
CT018992,Zone_07,Zone_07,0.3065,0.0603,0.0834,0.1319,0.1156,0.041,0.0348,0.3065,0.1674,0.0051,0.0541
